350
5 21 7 6 3455
23 31 5 12 1622
24 25 27 14 565
39 18 36 31 1336
36 18 21 39 1082
28 35 18 30 2771
19 34 34 19 2629
22 8 20 6 1034
13 40 14 35 1469
33 9 33 33 328
8 22 35 39 2952
33 36 11 10 1348
12 30 19 22 3150
10 32 25 23 2233
35 25 24 19 2257
29 22 35 34 2996
32 27 29 13 548
26 16 21 7 2252
14 21 34 33 2867
10 34 33 6 1913
26 33 16 25 1533
24 23 25 39 263
30 7 22 14 2299
19 22 29 10 2093
31 25 25 32 2450
10 21 5 22 1970
24 20 21 33 2000
27 36 12 21 413
30 35 5 15 3019
19 8 11 5 2504
25 31 28 23 578
5 28 33 19 1718
8 30 37 11 3191
21 25 14 16 2986
15 27 17 12 1371
25 26 5 35 2919
31 11 40 9 561
22 5 35 12 1100
37 8 37 15 1553
5 19 18 14 312
13 8 29 27 807
27 10 6 36 1580
33 22 11 27 3458
12 5 21 40 113
7 38 13 18 3431
37 37 20 8 1955
27 34 27 24 373
31 26 12 13 656
27 21 26 13 3158
20 25 14 8 456
8 20 15 10 1192
20 37 5 25 1417
16 7 18 14 2619
13 37 20 22 246
16 26 39 30 2653
40 12 38 36 3036
8 8 28 13 2090
34 36 28 27 2457
11 10 23 29 2411
15 11 30 14 2789
20 6 16 30 1680
27 27 29 26 521
7 18 23 38 2484
14 34 26 13 230
10 8 28 5 458
19 37 7 18 2357
26 20 19 19 845
14 20 40 14 559
37 27 23 34 1863
28 28 19 7 395
29 14 27 32 3219
27 33 35 6 1834
14 40 15 26 936
31 24 40 20 1762
23 27 30 8 1050
36 35 23 11 1712
39 7 8 8 496
30 13 31 12 2431
7 14 32 18 3487
36 17 30 29 884
26 12 40 35 2633
22 38 23 21 2208
18 22 9 40 98
34 29 27 30 1881
35 26 18 14 296
33 23 21 32 2064
40 29 20 29 940
38 25 5 8 1481
9 24 37 7 2255
11 21 20 16 561
24 38 9 17 1897
26 12 34 8 1580
35 28 36 11 1855
36 9 9 40 2721
13 10 37 5 1308
37 10 8 21 2151
28 27 35 6 2050
5 6 11 34 2249
36 17 25 25 1252
7 18 14 34 686
37 33 23 40 1685
19 35 26 18 2150
7 21 6 13 637
22 30 32 7 178
35 17 31 33 763
9 39 34 25 565
29 23 38 35 2473
15 8 19 8 1303
28 12 30 39 534
11 9 16 9 3336
18 7 35 14 855
37 17 36 14 1280
6 15 5 36 768
34 11 18 28 4
38 18 36 15 306
7 35 29 10 1473
29 20 23 7 1709
17 15 7 40 2437
38 22 24 37 2967
11 21 10 27 2027
20 33 37 10 771
13 12 16 24 3137
29 6 9 25 2724
17 22 39 30 1260
15 20 10 5 1231
7 36 19 33 2156
6 26 5 7 2070
7 7 30 40 401
19 35 28 32 94
29 15 26 24 787
5 33 37 16 3431
12 9 20 5 2783
37 5 23 7 1981
40 22 23 14 3200
22 21 33 15 497
7 28 31 30 1401
31 12 24 40 2183
30 13 33 21 3166
35 34 31 27 131
9 40 16 24 1003
31 16 15 14 3387
40 8 40 11 2213
35 36 8 11 427
14 25 29 21 3121
24 39 16 20 358
11 30 11 21 582
36 22 39 14 2185
17 18 13 24 782
15 32 22 27 2745
8 33 16 21 1428
6 26 32 28 3453
35 16 18 18 670
35 10 40 5 991
13 14 25 31 985
18 31 30 40 1593
19 16 32 19 919
36 38 27 34 2052
17 39 29 5 224
20 17 38 28 3499
7 11 34 31 3087
13 37 8 18 898
11 29 36 16 164
34 20 6 25 2452
33 16 13 40 1024
15 32 34 25 1860
31 17 22 33 2300
5 17 32 14 1366
40 34 31 22 2295
31 7 23 21 2867
7 15 11 21 1054
35 26 27 24 1804
6 33 17 14 922
27 39 25 10 2168
6 12 11 18 3466
31 39 13 39 2872
9 5 28 24 786
13 5 19 26 1455
35 19 32 36 3268
9 11 18 35 1285
11 6 7 18 861
27 35 36 13 2889
38 34 31 34 110
34 34 36 12 2496
27 21 7 27 1844
38 28 25 24 3386
25 33 38 15 3179
9 28 39 28 2033
32 26 15 15 1082
13 39 32 30 2096
14 5 28 22 3424
19 35 9 39 3457
5 26 8 23 759
28 14 29 20 2726
24 11 17 26 3480
20 12 30 28 2162
23 39 17 37 2636
39 8 11 29 905
8 18 9 25 3415
21 31 21 34 1032
40 34 7 19 1198
35 10 39 36 1230
9 14 24 36 1854
25 39 33 27 3236
10 26 34 7 2334
13 7 13 24 440
9 19 21 5 1058
33 31 18 8 1880
12 12 8 19 904
26 32 18 32 1864
37 6 6 22 1193
8 14 22 37 2956
30 36 29 37 2927
39 15 31 10 3131
28 23 9 6 3304
29 24 37 37 3478
26 19 36 10 1397
9 37 17 18 657
11 17 38 28 2405
17 10 35 15 3119
22 13 18 17 3500
9 35 39 39 1549
8 17 25 11 114
12 37 33 23 2234
30 34 33 23 498
13 17 17 19 1618
12 9 30 35 2662
40 36 11 34 485
38 28 15 9 293
29 17 26 13 467
23 11 5 16 2564
17 33 12 5 8
15 29 33 9 2462
26 5 7 10 2734
31 26 35 22 106
40 32 5 8 1173
17 30 37 35 2222
21 40 38 13 1436
9 40 34 36 67
23 10 10 21 3343
12 24 35 24 1079
21 26 39 14 3395
11 9 11 33 3492
20 19 37 37 445
12 13 38 39 1181
9 30 23 24 3232
5 27 37 21 1245
33 35 34 32 2977
25 17 14 15 2295
22 9 26 8 1682
20 29 23 11 154
11 37 30 36 2256
32 5 7 24 1954
14 22 21 15 1007
36 8 8 38 2340
27 22 8 38 2467
31 34 22 22 1851
21 15 5 36 2712
30 31 40 20 1655
26 19 14 16 2556
8 20 35 20 1980
19 30 20 39 1619
24 11 40 17 272
40 21 17 5 673
39 18 25 8 399
34 25 11 8 1946
11 33 37 40 870
14 31 36 25 1799
27 6 16 36 253
24 34 11 40 2000
8 24 25 20 2324
32 16 22 10 421
5 40 39 33 1587
38 24 5 10 723
30 20 17 39 54
12 29 6 16 2858
8 14 21 27 1562
32 27 26 20 3122
28 11 7 7 159
8 22 38 33 1410
11 17 23 24 3288
10 39 14 18 1168
5 35 7 13 1187
12 37 32 31 3249
20 26 9 8 2611
29 38 20 35 3248
39 13 40 12 916
31 30 18 40 971
16 36 34 7 2954
37 14 7 9 2475
19 19 16 11 3390
27 28 15 12 439
8 12 19 8 683
12 7 10 20 935
13 36 10 29 3281
30 15 12 40 252
31 20 10 10 1804
26 18 28 14 1521
12 29 33 12 424
8 24 10 19 1064
21 21 18 22 1840
26 17 24 27 3443
11 9 18 6 1572
17 31 7 12 1415
38 21 29 5 291
12 22 31 5 1048
34 22 26 35 101
10 8 8 17 601
19 26 23 26 1240
24 5 8 5 1913
10 15 10 31 3140
25 12 32 25 2116
29 21 40 26 2691
38 29 39 19 1861
16 16 10 17 1867
34 21 33 16 1061
20 38 33 24 1061
34 37 40 15 687
16 32 37 35 1162
39 34 23 7 2549
24 6 26 5 1749
34 35 40 28 993
35 20 31 7 2158
34 23 32 29 3360
39 37 27 11 1009
34 9 26 10 1324
19 39 31 32 3066
28 9 14 24 1084
34 19 29 14 1430
7 9 9 20 1364
25 31 16 25 2943
36 12 19 8 2544
24 14 8 31 140
27 17 14 22 168
34 34 15 19 1540
25 36 36 7 1179
13 5 40 22 3071
6 30 29 30 1622
30 36 37 17 503
19 40 6 18 1810
22 29 5 22 2010
29 30 19 23 2265
25 19 21 36 1565
6 7 30 23 1160
32 24 32 7 943
11 5 35 9 3319
13 14 20 40 2476
11 29 8 28 955
21 8 26 30 91
40 18 23 20 587
28 40 21 34 171
0 8 35 48 55 35 74 50 47 10 66 61 51 63 3 35 47 79 59 64 61 31 30 68 30 5 31 40 10 7 73 45 67 68 48 61 36 60 2 41 3 75 48 30 31 61 45 71 2 74 57 69 34 77 64 6 30 70 79 2 41 45 56 69 8 7 50 56 44 70 76 56 37 68 8 54 10 66 56 61 69 49 45 58 6 34 57 63 6 39 36 58 2 57 71 59 3 41 58 51 74 31 39 58 37 77 55 48 38 60 41 79 2 51 69 3 62 69 2 66 68 61 62 9 52 3 77 59 67 45 7 47 34 46 57 7 44 51 5 2 63 7 30 66 2 50 4 4 6 65 41 53 59 8 4 36 50 49 39 3 6 62 57 54 68 47 48 6 53 53 51 63 40 31 55 71 46 55 71 9 37 67 34 75 36 58 2 9 5 45 35 46 47 46 35 10 48 46 30 10 10 45 4 33 33 8 65 4 4 33 72 38 59 41 34 72 47 75 73 43 59 48 45 56 44 38 4 33 2 5 69 2 69 78 75 53 68 73 8 58 58 45 60 32 10 38 53 5 35 69 44 68 45 60 37 10 76 69 5 65 41 38 10 63 49 49 57 62 54 50 7 4 67 7 35 80 41 78 34 7 58 75 30 2 74 73 65 8 40 59 8 65 42 77 77 80 43 44 48 8 49 73 33 66 55 8 78 66 2 80 43 45 2 32 4 5 45 36 71 70 58 40 79 46 5 44 75 39 6 48 47 31 4 56 46 58 74 34 2 5 74 30 76 79 46 3 63 5 61 9
3 0 77 49 30 39 55 57 80 4 80 78 51 73 7 46 33 36 36 64 40 41 43 61 44 9 40 60 7 6 49 45 43 34 72 76 78 79 6 78 3 69 80 40 30 77 35 65 6 55 65 65 52 72 51 4 42 61 51 4 49 80 75 31 3 8 62 69 71 41 54 59 44 44 9 73 6 40 32 72 45 31 42 73 4 31 36 71 3 52 67 54 5 70 38 62 6 32 55 77 43 80 70 66 70 47 77 68 76 77 71 59 3 54 69 2 71 50 7 41 68 62 47 6 58 3 43 68 50 34 2 70 69 71 37 7 73 73 2 7 71 6 65 55 8 34 8 3 7 60 33 69 39 10 8 48 67 58 63 6 6 51 67 51 65 69 37 10 57 32 43 39 46 55 68 33 54 30 69 4 80 38 75 37 56 59 9 6 2 57 40 51 66 51 51 3 64 65 54 10 10 30 5 32 76 8 45 2 6 43 68 80 65 74 35 36 68 45 64 35 47 52 38 63 78 62 6 56 3 10 32 7 41 65 37 70 45 70 6 49 47 70 47 77 8 78 64 8 51 67 61 78 68 73 69 8 79 48 7 36 44 52 10 58 54 71 44 65 53 73 4 8 56 4 80 46 46 38 38 7 67 60 76 6 67 35 72 6 42 46 8 45 73 64 74 62 58 66 37 2 32 78 69 53 30 4 60 80 4 48 61 54 10 49 7 5 74 50 50 32 49 59 78 67 7 32 74 80 10 69 67 55 6 43 74 74 39 60 10 7 61 48 67 32 34 9 67 5 52 9
62 47 0 10 39 2 2 66 72 78 7 53 5 7 76 35 7 44 5 32 38 32 38 6 48 30 10 2 30 72 50 77 10 66 9 45 35 31 63 39 37 67 46 74 66 76 70 65 49 31 80 45 5 68 35 51 9 57 45 44 47 65 7 10 75 74 5 2 49 73 33 60 53 55 47 70 52 2 37 72 70 4 8 63 36 51 37 41 48 53 35 77 53 4 45 57 42 5 41 6 76 33 59 8 56 9 74 37 40 36 70 45 74 8 10 40 77 53 36 77 38 8 10 44 59 69 44 72 38 58 40 30 39 45 72 71 73 46 53 68 38 72 76 63 64 36 58 46 76 37 44 77 56 54 54 6 70 57 48 41 44 71 62 56 9 50 60 68 45 33 73 64 78 50 40 57 71 53 9 52 36 62 75 43 35 43 69 47 56 73 54 49 77 45 3 42 73 68 70 53 41 46 75 38 53 80 65 78 44 41 2 42 60 7 52 40 74 69 38 47 74 33 8 61 67 2 39 37 75 77 72 76 59 4 68 37 66 34 30 34 8 60 43 40 80 50 9 80 4 3 4 4 50 48 71 64 9 55 31 66 53 60 49 67 60 62 74 67 78 76 51 58 48 45 30 3 71 64 54 67 40 6 59 80 62 72 71 36 73 65 33 74 73 76 36 48 42 31 35 47 70 9 4 35 9 47 50 59 60 6 33 69 60 65 53 45 53 43 4 9 71 5 64 76 65 60 3 43 69 69 4 77 48 49 40 54 6 9 49 31 48 78 55 68 63 31 74 57 44 68
64 53 3 0 37 5 2 59 79 32 5 31 4 9 70 33 9 34 2 53 45 37 50 9 64 48 9 5 52 42 56 54 6 59 5 47 41 30 66 54 49 50 70 41 39 50 46 74 59 57 75 59 9 55 32 51 3 39 42 66 62 49 6 5 65 72 2 10 64 32 59 69 59 33 45 75 70 9 73 48 43 4 6 50 65 73 56 58 42 45 52 76 39 6 65 52 52 3 72 7 79 72 48 9 42 3 50 46 56 57 69 59 68 5 4 79 58 46 63 45 37 8 4 75 52 78 49 39 33 70 38 44 57 41 57 65 69 43 33 39 54 59 75 64 71 80 78 72 46 31 65 30 52 50 31 10 76 56 57 47 47 67 33 43 5 55 52 36 77 45 65 73 33 80 70 76 72 33 5 61 52 37 36 56 66 37 68 57 46 65 57 42 49 38 10 51 76 59 33 75 37 32 62 58 78 66 75 47 65 52 3 62 32 5 63 37 53 48 63 60 31 51 8 64 64 4 77 72 77 54 33 48 65 4 34 49 58 63 35 62 8 77 56 41 56 73 3 63 7 7 3 10 76 51 57 79 6 36 77 35 71 73 76 68 59 65 30 75 41 79 62 71 36 49 79 8 42 58 55 47 63 3 34 52 79 63 54 49 72 32 65 64 43 72 62 74 57 63 40 43 62 10 9 37 7 41 45 36 36 4 36 41 67 80 73 75 69 51 5 5 73 6 45 42 33 42 6 41 35 41 7 60 38 56 73 48 4 7 53 78 80 65 40 66 62 73 42 59 62 58
78 65 70 59 0 38 38 48 30 50 61 5 66 74 78 48 32 2 59 75 46 52 32 35 40 53 67 42 39 65 10 2 56 78 65 33 57 47 73 6 70 4 41 76 9 68 67 9 69 6 8 34 61 67 68 59 65 5 6 45 33 7 47 66 39 68 80 62 46 62 5 66 70 38 49 10 67 43 4 8 5 53 73 60 33 75 7 7 70 70 5 40 63 36 68 35 43 34 41 61 79 65 42 36 66 56 69 40 36 79 3 58 59 36 77 39 33 53 62 48 41 65 43 61 49 56 80 79 80 7 33 37 6 5 5 41 48 2 75 46 10 53 63 5 42 36 31 48 36 9 7 6 66 77 37 49 39 47 61 47 57 67 55 71 38 62 74 60 75 10 67 33 72 8 59 10 33 46 71 48 62 3 45 42 53 70 56 54 62 31 3 53 7 9 67 36 53 7 60 44 50 61 38 34 5 71 70 33 79 49 73 54 61 69 5 5 49 7 48 40 78 36 30 36 5 63 69 36 42 40 32 36 59 32 4 73 38 62 78 2 34 2 74 68 76 3 35 50 75 33 60 71 3 2 8 31 50 79 37 7 37 34 50 30 8 9 60 37 10 5 77 41 76 34 3 32 6 56 44 60 51 70 3 64 50 73 2 80 7 64 31 55 56 32 6 37 2 6 80 33 9 47 37 79 42 76 73 7 32 63 8 36 65 66 45 47 69 6 80 36 37 59 33 76 75 33 43 32 52 75 80 33 39 3 76 4 51 79 41 73 40 75 49 31 70 56 6 46 2 35
39 48 7 8 73 0 3 44 37 61 9 40 3 3 54 75 2 63 10 48 39 56 66 4 61 40 3 2 60 33 66 58 9 73 4 45 73 47 67 34 66 79 70 78 74 34 47 37 32 45 71 51 7 41 65 59 10 80 80 54 49 56 5 3 59 64 9 2 69 65 80 61 53 64 71 52 62 3 39 37 78 3 10 42 53 35 55 30 49 56 55 46 61 2 66 45 33 8 60 8 78 68 42 3 49 8 69 42 71 46 56 41 33 6 5 40 36 30 58 36 45 7 3 62 43 59 30 63 66 65 79 78 56 59 41 47 76 39 62 80 40 46 55 32 41 73 79 48 38 34 54 41 66 32 33 9 61 51 66 57 75 63 67 35 9 52 51 58 62 70 42 65 50 57 74 73 36 65 5 46 49 52 80 77 34 54 33 78 60 48 39 75 39 42 4 72 44 68 46 33 40 47 73 75 36 48 71 59 71 54 2 37 33 2 78 59 76 39 77 72 61 51 6 50 69 2 41 49 45 60 32 59 66 8 42 70 62 62 32 51 9 30 33 64 53 35 2 70 5 6 7 4 79 53 53 61 10 59 58 62 51 41 52 59 67 58 33 32 43 62 65 37 80 56 74 6 48 68 31 63 40 9 33 47 52 51 42 67 59 38 45 61 76 30 53 39 63 31 30 49 34 5 9 57 10 71 50 38 79 6 79 53 43 59 33 78 61 79 7 5 46 7 62 52 74 31 5 57 72 44 7 31 47 59 46 71 2 4 37 71 75 34 64 80 66 75 49 48 32 48
45 73 7 8 79 5 0 63 63 45 6 46 9 2 69 64 10 31 6 69 34 46 47 8 73 44 8 6 65 48 79 33 9 66 2 36 53 70 61 76 37 41 49 61 30 69 76 52 63 34 68 79 3 37 78 39 2 76 70 65 72 67 8 3 74 50 7 4 65 38 56 43 60 47 58 68 31 8 32 63 41 7 8 58 74 31 74 54 48 64 37 74 50 3 30 63 77 7 72 8 44 51 67 3 62 7 76 51 69 47 73 64 38 2 4 64 71 62 33 43 57 4 6 73 74 76 41 32 58 51 31 53 57 30 34 52 40 35 59 61 71 65 31 44 53 39 71 47 70 71 36 55 60 52 66 6 74 74 49 68 67 80 76 61 5 67 30 74 33 68 50 35 32 30 43 64 72 39 8 58 61 38 31 59 77 63 61 57 36 44 45 80 73 45 7 52 67 59 52 58 42 56 49 35 40 59 55 72 66 45 6 41 67 9 80 76 42 57 58 39 33 58 8 36 31 4 43 78 68 37 56 76 59 7 68 39 40 32 56 41 5 40 43 77 36 76 9 45 8 2 4 7 56 40 43 68 4 37 61 36 60 33 40 47 76 47 39 67 39 43 39 65 42 62 71 9 66 65 35 47 65 2 37 75 69 35 59 67 71 38 73 50 47 76 44 75 60 65 79 53 50 2 4 60 10 69 60 43 67 6 68 65 72 63 65 55 78 50 9 9 37 4 73 78 48 38 3 59 63 75 2 41 60 58 32 75 3 7 59 41 68 77 61 36 76 69 76 38 71 35
62 77 41 72 72 44 52 0 9 47 48 39 40 72 80 6 70 71 75 39 10 39 6 56 7 38 72 44 63 51 76 35 51 5 66 6 62 5 79 55 37 62 7 7 62 46 8 42 73 45 55 10 40 4 4 33 77 38 52 52 10 61 42 60 47 77 40 47 7 55 51 79 73 80 60 78 44 66 66 75 76 71 54 2 36 37 36 75 64 3 71 2 40 59 8 62 61 72 4 55 64 8 73 48 51 39 4 8 7 34 45 4 34 57 32 47 7 6 76 42 10 50 68 37 4 64 7 7 4 77 40 3 59 42 45 73 34 43 38 75 78 62 2 56 45 10 55 39 73 38 37 40 57 39 31 71 57 4 66 49 36 10 7 6 69 51 36 73 69 68 42 47 59 78 2 78 35 64 71 50 59 48 5 3 71 8 78 69 32 10 77 77 54 59 39 67 46 47 5 72 65 9 69 9 57 36 33 71 57 10 62 4 3 67 75 31 6 64 5 68 9 70 69 4 60 48 43 78 64 76 7 72 4 67 44 49 9 59 61 66 57 30 56 44 44 73 53 74 65 44 61 70 70 50 53 67 45 2 72 54 70 3 54 69 53 76 47 8 50 73 59 44 7 79 55 78 40 43 5 53 4 33 33 31 55 7 71 79 77 8 80 7 47 8 65 10 58 71 6 35 62 33 63 51 48 66 32 78 30 36 50 54 69 9 35 34 49 64 79 54 51 38 6 2 72 8 45 58 77 56 50 5 56 52 5 31 78 73 30 64 80 10 5 70 7 79 43 74 30 78
38 68 38 60 64 46 34 2 0 48 32 43 52 37 56 8 62 44 64 60 4 37 2 78 8 61 77 38 42 50 38 71 44 3 64 10 44 10 68 62 49 49 6 10 41 41 7 41 30 55 72 7 47 5 7 66 42 76 71 67 2 48 30 67 70 45 50 48 3 39 75 68 56 47 51 54 59 39 50 35 68 38 43 3 71 42 50 57 34 6 48 7 75 62 2 63 53 57 5 62 45 10 42 64 65 51 9 5 10 78 64 4 73 72 60 80 6 4 74 76 9 32 70 65 5 41 9 9 8 35 54 4 42 77 69 70 53 70 55 59 80 42 6 70 33 10 54 55 67 72 56 60 64 42 38 79 80 7 51 36 76 2 2 9 36 55 58 65 72 79 75 63 52 80 7 68 55 43 44 70 74 53 6 9 78 4 73 54 54 10 35 67 47 55 63 31 39 48 5 79 73 2 66 2 44 30 44 48 77 5 73 9 7 73 57 50 5 59 3 68 10 35 50 9 73 32 48 65 77 46 6 60 10 31 49 48 8 73 47 47 80 39 66 41 52 45 56 52 66 55 80 34 43 62 40 37 58 3 39 75 70 2 48 30 49 36 76 7 43 50 74 54 10 61 74 69 66 40 8 61 7 76 76 67 41 5 49 56 58 5 43 6 65 10 65 10 33 38 3 49 77 69 44 69 73 35 43 50 51 38 61 55 34 5 32 64 45 36 53 52 65 61 4 2 42 10 62 58 43 51 32 3 71 57 9 44 78 71 61 48 59 8 6 62 10 59 34 33 71 77
8 5 57 33 51 69 32 43 66 0 37 64 41 49 4 35 80 35 63 37 47 44 72 54 80 4 51 40 8 3 43 37 50 38 66 34 74 70 3 39 3 66 42 65 69 58 39 80 6 37 78 54 57 40 42 9 54 61 59 9 69 69 70 44 7 7 42 61 56 78 59 67 59 33 9 60 8 75 40 55 52 54 49 30 2 65 76 33 3 37 60 43 5 49 77 57 5 39 69 79 37 34 77 31 66 50 61 59 58 65 54 51 5 78 59 9 55 49 4 41 44 31 58 10 69 6 77 72 46 49 5 80 35 36 37 10 45 48 4 9 65 7 39 53 10 48 6 9 9 39 54 79 72 10 4 61 36 53 59 7 10 47 34 43 59 63 45 7 62 41 55 80 43 38 57 45 38 60 50 6 54 37 57 71 44 52 9 2 7 53 66 61 64 35 54 3 32 70 59 2 9 54 3 52 52 6 67 10 10 57 39 48 35 63 64 32 73 72 76 52 47 58 34 53 67 60 9 73 7 2 67 3 44 34 76 47 34 65 9 79 80 37 44 46 2 74 42 7 76 32 78 56 57 55 38 10 33 55 4 51 63 70 3 64 73 39 45 42 33 66 3 4 67 9 35 79 31 73 32 5 72 52 34 5 53 31 50 5 49 31 10 72 39 64 54 63 61 60 54 7 80 56 47 52 37 4 49 48 7 34 40 48 2 31 2 4 37 41 67 34 41 47 76 64 3 46 58 52 8 59 32 30 5 76 48 60 56 49 10 5 50 63 67 34 34 2 67 10 47 4
66 39 2 7 65 7 4 36 50 77 0 50 10 8 54 35 9 60 9 54 74 35 69 7 40 68 9 9 73 58 77 67 8 43 2 32 65 65 71 77 32 79 77 49 55 74 59 71 48 57 52 77 5 77 39 68 7 31 52 77 48 71 6 10 40 46 7 3 76 79 57 59 48 39 34 46 77 2 63 50 75 6 2 41 76 36 59 74 73 69 41 38 59 2 63 30 37 3 74 5 34 35 30 6 48 3 58 54 50 35 39 80 69 7 6 44 56 63 76 40 41 8 3 55 66 69 64 76 69 59 53 79 67 33 61 70 63 51 55 38 43 79 74 41 80 40 55 38 44 39 74 54 43 30 33 4 53 44 67 56 43 55 53 69 7 44 53 71 60 46 56 48 69 72 59 56 44 62 6 67 47 64 46 66 49 68 37 42 42 38 42 46 67 36 10 69 62 79 54 79 59 54 35 61 72 44 39 30 79 67 6 71 40 9 54 48 79 43 55 75 52 48 6 69 64 7 58 78 77 40 70 46 50 10 62 35 60 61 77 36 7 51 42 68 35 47 10 73 2 3 4 8 76 60 51 33 6 55 41 79 30 52 46 71 54 46 57 31 35 46 78 58 51 51 67 4 45 52 66 53 36 4 57 52 62 39 60 31 31 50 65 80 41 43 72 79 62 69 68 41 80 3 9 64 10 45 43 72 76 2 47 45 66 58 69 59 49 74 9 7 35 7 34 64 34 44 6 40 79 80 5 68 73 78 58 42 6 2 59 62 34 70 76 64 60 47 33 69 65 30
50 50 64 73 9 47 72 39 59 36 31 0 47 67 61 32 77 5 58 78 37 39 37 78 68 60 73 54 78 73 3 2 57 78 68 41 36 40 37 4 31 7 63 47 2 66 75 10 70 6 10 41 61 70 44 51 56 5 10 38 65 7 47 49 79 31 75 34 60 71 8 57 72 33 30 2 74 70 7 2 8 58 66 66 50 71 5 4 35 51 10 36 68 62 61 52 55 38 48 40 56 73 59 63 51 57 36 67 45 50 7 53 66 73 56 42 52 56 79 46 67 80 55 30 39 79 44 79 56 5 71 54 9 4 8 60 31 9 47 56 4 51 79 8 76 75 42 54 73 3 7 7 43 50 38 72 38 80 58 55 61 50 69 37 46 63 77 34 36 5 47 41 32 5 45 2 55 39 34 63 71 4 73 75 30 34 66 58 57 65 4 71 9 5 31 57 75 4 56 75 80 71 79 76 8 74 66 37 76 58 33 71 65 53 10 2 78 9 76 33 33 57 47 34 7 58 38 42 66 65 50 30 50 66 4 30 46 70 68 3 47 5 53 39 78 5 75 52 53 76 51 75 3 4 8 72 64 42 46 6 59 63 63 36 6 6 38 75 6 10 66 76 35 80 9 69 4 43 37 34 31 35 6 51 61 77 10 46 6 53 45 46 70 31 9 32 2 4 54 47 8 59 79 54 72 57 61 6 70 43 3 74 50 32 41 59 70 6 69 76 43 44 69 57 41 38 58 70 51 39 56 41 75 9 62 10 46 80 47 42 64 56 51 48 72 59 4 34 9 49
52 52 2 2 64 7 4 38 47 53 4 55 0 3 80 52 3 71 9 42 48 30 48 9 44 67 6 7 78 60 73 36 7 59 3 64 74 73 31 56 76 77 70 60 70 78 39 67 51 58 48 32 5 63 79 79 6 38 57 32 71 53 2 8 56 43 5 3 69 50 45 37 62 41 74 56 32 3 50 33 51 5 5 69 41 68 55 53 48 34 77 37 63 3 30 52 34 2 39 3 50 41 60 3 47 4 39 71 45 61 49 48 80 7 2 39 34 50 60 59 40 2 4 35 37 63 35 50 54 65 71 31 68 30 57 75 30 36 41 40 56 38 36 45 57 35 31 67 52 34 56 36 63 48 39 2 79 75 71 54 44 55 78 33 6 33 75 30 44 30 48 72 63 38 54 48 31 68 7 39 45 79 76 37 57 41 47 69 46 33 59 54 41 67 10 40 38 59 72 72 35 38 35 61 40 38 75 42 51 65 9 62 75 6 36 69 75 53 46 63 34 37 3 67 48 8 46 34 72 61 72 31 68 9 78 52 51 60 42 73 6 80 55 67 68 33 2 35 3 8 2 6 72 62 66 41 10 32 42 63 75 74 50 54 43 74 59 59 47 45 67 76 36 73 30 8 44 73 45 34 62 4 71 38 68 47 70 46 37 76 32 32 46 63 73 56 59 63 47 52 43 5 9 31 3 37 68 35 46 10 52 58 43 61 33 80 62 70 10 7 42 6 42 80 39 32 4 48 32 65 10 56 36 53 80 50 5 9 69 65 76 66 70 58 37 45 75 32 48 60
36 31 5 2 76 9 5 47 59 56 4 54 8 0 32 39 8 49 7 80 72 37 56 7 62 33 6 10 31 39 31 76 7 43 7 34 80 45 41 79 49 55 63 80 70 64 57 65 50 68 55 64 4 36 61 59 5 71 43 32 44 44 8 10 54 46 9 5 40 60 58 67 44 42 56 72 49 7 55 61 43 5 9 45 40 56 65 73 51 69 58 67 72 4 71 78 42 3 78 10 71 63 67 8 34 6 69 35 40 33 80 39 62 4 8 39 51 57 33 74 37 9 3 41 76 69 58 69 47 80 68 35 32 67 57 66 50 80 48 73 43 44 32 65 77 65 59 49 73 56 33 49 78 33 43 4 49 70 57 33 80 39 45 37 2 58 69 73 58 54 67 33 79 48 70 53 62 50 9 38 77 40 35 54 40 68 38 32 30 62 52 53 34 74 10 45 39 52 38 40 45 31 32 70 66 35 53 67 69 35 4 33 37 2 51 74 72 32 48 58 66 34 3 58 42 6 56 58 37 33 80 67 31 4 36 43 32 70 63 69 6 38 60 54 31 65 3 50 2 5 3 6 60 41 50 36 4 45 34 36 55 44 37 47 76 44 78 37 49 70 74 41 33 49 58 8 41 65 42 76 39 9 71 53 40 48 43 75 72 30 37 41 56 42 53 31 42 55 67 38 40 3 3 57 10 42 42 36 30 8 56 68 60 54 41 48 77 75 8 7 51 6 72 66 47 35 6 71 65 51 10 46 35 75 65 78 6 7 71 77 55 42 77 73 44 65 77 41 54 63
3 2 31 41 43 52 55 78 73 6 68 35 79 59 0 62 33 51 40 63 49 79 35 64 73 7 71 30 3 9 31 74 42 69 80 68 67 52 9 62 10 49 41 45 72 51 73 36 9 30 34 66 47 57 43 5 66 48 35 6 40 57 40 70 8 10 71 69 34 51 55 54 47 68 6 79 8 60 67 62 56 32 52 56 4 56 79 49 4 76 65 76 4 71 79 36 3 78 53 43 70 44 56 31 74 47 75 66 61 62 67 49 10 39 34 9 69 45 5 72 79 75 39 3 33 10 48 68 42 31 6 65 53 54 76 7 67 69 5 6 33 9 68 61 7 76 8 6 4 33 41 75 47 7 9 74 68 34 58 2 10 76 68 56 74 64 36 9 33 76 30 55 32 71 63 66 58 54 79 3 62 44 64 43 41 80 4 10 4 51 77 72 69 39 74 5 46 31 59 4 4 60 7 31 76 7 68 4 8 55 73 66 65 46 41 43 62 33 36 52 39 73 56 78 58 70 2 56 10 10 61 4 40 54 33 78 64 75 3 79 47 43 77 78 8 60 53 5 33 30 41 63 66 67 54 7 49 56 10 80 40 61 10 52 39 42 67 34 36 45 10 3 45 9 51 35 30 65 45 4 74 64 70 4 48 71 32 8 39 61 2 71 65 60 65 65 56 67 55 3 50 39 36 53 57 5 65 64 3 80 51 42 10 67 4 5 55 67 35 62 31 64 77 40 7 34 57 47 5 54 75 48 6 42 71 35 48 40 3 7 50 63 63 49 41 2 69 10 32 6
50 75 57 77 30 80 53 7 7 67 34 64 75 38 34 0 45 40 36 61 10 33 9 80 7 60 42 65 52 66 32 70 43 3 61 6 60 3 77 34 63 58 10 9 75 54 5 70 44 79 63 4 40 7 5 52 33 70 34 37 7 51 30 67 35 59 48 46 8 52 30 53 73 72 45 42 80 80 48 61 40 31 38 4 42 66 78 66 68 4 57 10 77 78 8 46 43 31 9 30 76 9 36 80 38 53 3 4 2 56 41 8 76 48 44 37 5 5 58 57 8 53 38 48 10 62 6 7 9 41 58 5 33 49 32 66 61 42 68 37 62 35 9 75 56 5 55 34 65 39 69 31 57 76 55 38 75 10 66 42 67 7 3 4 39 70 42 70 78 65 70 69 37 54 6 31 78 44 57 37 63 60 3 4 43 3 79 34 42 8 33 76 69 53 36 46 49 64 9 71 57 2 71 2 40 69 65 58 66 5 56 3 9 79 46 54 6 57 7 58 10 69 60 6 65 69 43 31 79 31 2 62 7 50 48 71 4 59 34 35 79 63 56 66 54 64 73 47 72 58 57 37 67 39 64 31 39 6 64 76 61 10 57 42 52 42 73 2 62 40 51 66 4 62 53 45 70 44 6 66 3 58 80 67 57 9 70 39 78 8 71 4 44 7 49 4 67 45 2 72 56 76 65 69 76 53 36 76 53 42 38 45 45 7 58 39 58 65 36 60 72 48 5 8 63 2 76 60 66 61 41 7 43 36 6 50 59 31 56 57 78 9 10 50 6 37 34 46 56 56
60 62 5 8 41 7 3 38 39 55 8 65 8 8 50 35 0 48 5 34 79 80 66 6 35 54 7 6 31 33 34 69 7 63 3 77 50 48 62 78 31 32 63 44 45 48 64 49 51 59 62 52 5 74 41 52 9 55 52 45 50 30 4 6 32 30 6 10 38 37 70 80 53 31 64 79 77 10 47 36 76 4 6 49 49 37 65 77 53 37 37 65 44 8 54 79 53 5 49 3 37 61 41 9 68 2 66 56 71 74 44 70 75 7 6 44 43 34 44 41 60 5 9 37 53 75 31 63 64 39 53 67 38 73 62 54 31 36 79 33 77 49 63 54 33 33 73 46 62 30 55 56 36 58 42 3 56 31 46 40 59 33 58 38 7 38 68 41 75 43 56 32 48 66 46 70 71 33 9 44 58 62 69 34 56 30 32 78 51 68 66 67 53 75 8 30 46 78 31 37 76 56 31 66 43 67 32 35 65 41 2 48 75 2 71 79 69 62 43 66 52 43 6 54 57 6 67 62 43 74 77 40 61 3 66 49 36 65 73 70 8 62 43 70 53 72 9 54 7 4 4 2 35 32 76 35 6 60 35 75 50 56 37 30 67 80 47 80 64 79 43 45 73 79 60 5 38 39 50 38 71 8 57 75 58 72 71 72 46 35 38 35 35 48 62 60 68 40 53 80 77 10 8 49 6 55 79 46 67 8 52 62 56 54 74 73 70 35 3 7 33 9 75 78 55 80 8 60 37 72 6 66 34 79 36 57 3 4 70 77 50 43 66 72 78 69 71 48 65 77
65 38 45 44 4 53 52 57 31 58 57 7 43 70 59 57 44 0 80 72 38 43 66 52 51 62 58 42 53 73 9 6 43 59 64 77 65 49 33 8 61 5 44 60 7 53 59 4 68 4 6 43 45 39 51 56 59 8 9 69 67 5 40 61 78 69 64 77 67 62 9 33 37 53 63 4 77 69 7 10 8 60 44 64 45 47 9 10 71 71 6 30 75 51 55 44 68 36 35 61 45 46 34 71 79 79 40 79 79 80 9 53 39 45 47 38 51 48 35 54 76 45 78 69 52 56 71 76 50 10 65 71 5 9 2 47 33 6 73 43 3 79 58 10 36 70 47 41 68 4 9 2 64 39 80 32 46 56 31 45 75 33 33 78 55 43 78 52 49 3 47 47 32 5 78 9 71 75 70 47 42 9 47 70 76 61 50 48 69 51 8 78 10 3 31 40 34 10 73 57 45 31 49 78 8 79 48 74 45 50 74 51 50 67 9 4 71 4 36 79 50 33 50 48 10 69 62 65 40 31 59 33 46 33 7 62 65 31 57 10 47 3 78 56 67 9 76 43 56 79 40 45 8 5 10 35 72 33 49 5 50 75 49 68 7 5 70 72 3 7 75 62 48 53 8 31 9 67 55 58 47 66 8 38 45 70 3 54 9 58 53 66 52 35 6 65 2 3 77 31 4 39 57 41 69 78 64 9 52 40 5 33 52 30 73 56 37 8 50 36 33 36 66 73 77 56 57 37 50 46 50 47 39 4 67 5 59 80 68 58 35 36 43 33 68 69 8 80 5 38
75 51 5 2 67 9 7 49 31 52 2 34 9 7 57 54 10 61 0 71 63 36 32 10 50 48 2 8 80 47 55 59 10 44 4 60 52 42 32 47 34 44 43 45 46 62 77 59 55 38 59 35 7 73 59 38 3 62 63 39 80 43 8 8 45 72 3 9 59 31 79 73 67 66 60 71 76 5 49 39 65 9 6 36 38 52 35 79 52 52 77 61 79 10 49 70 52 9 76 4 37 77 58 7 58 10 42 70 44 44 46 47 56 5 9 47 79 59 30 74 50 7 6 69 65 44 54 44 55 33 73 33 64 60 64 42 62 58 53 40 62 69 46 42 48 62 77 63 58 71 61 49 45 70 39 8 53 73 63 41 68 34 52 36 7 41 44 54 72 50 61 72 42 45 59 63 58 78 6 60 38 53 53 61 34 63 70 57 75 73 37 34 45 61 7 47 78 48 38 68 49 71 30 64 51 45 80 74 40 62 2 42 78 2 57 42 43 35 60 38 72 51 2 62 37 4 74 63 48 44 65 61 37 6 64 74 67 73 34 70 8 63 80 60 69 42 9 49 6 4 4 9 37 66 64 80 9 80 43 79 69 56 41 42 79 69 51 72 49 72 43 68 63 46 47 3 65 57 65 78 33 9 50 59 58 60 43 48 34 78 50 56 69 43 44 45 30 80 66 79 30 8 3 63 8 74 59 78 78 8 63 64 65 48 68 39 31 78 2 4 59 6 52 66 53 35 5 57 42 60 8 68 56 62 62 57 4 9 62 66 60 40 67 34 42 60 73 78 73 72
80 39 63 44 77 47 57 62 60 68 79 51 44 78 34 51 37 67 31 0 67 9 68 59 40 33 75 77 57 59 50 68 57 32 71 38 8 53 58 77 67 48 59 37 41 9 77 65 36 50 43 63 45 43 35 48 42 32 51 72 39 54 67 74 64 33 41 74 30 5 46 2 8 3 71 63 42 75 59 51 74 66 64 59 48 2 55 40 61 75 40 50 76 75 43 3 33 60 48 59 2 64 9 44 8 56 47 34 58 3 78 54 76 55 45 73 34 45 39 4 79 70 52 46 53 78 47 49 66 46 62 41 57 35 35 74 2 34 80 77 52 53 45 62 52 60 43 80 61 59 44 53 2 51 72 58 9 44 5 53 51 75 46 51 57 2 7 64 10 65 6 8 7 45 32 33 10 4 56 64 9 48 66 48 8 61 49 59 56 67 50 8 59 33 65 53 3 55 53 40 42 50 67 47 61 68 9 62 40 33 61 54 58 79 52 69 43 62 74 10 69 2 32 70 61 75 55 2 49 78 45 67 38 78 55 3 62 8 71 60 34 35 7 3 75 46 38 41 42 74 57 34 51 68 76 31 77 65 79 68 4 68 34 10 38 71 8 43 61 58 44 48 75 36 73 65 77 9 80 52 57 77 50 65 7 73 64 35 32 33 42 62 6 33 67 31 54 33 49 32 51 63 52 10 50 50 5 33 51 73 44 4 31 58 72 59 4 50 39 78 7 62 50 65 38 48 33 5 38 8 78 39 79 38 69 47 59 69 47 46 2 50 44 5 62 30 33 52 70 44
65 34 34 76 73 45 69 9 5 80 40 63 77 71 55 6 32 56 49 54 0 45 7 66 4 41 70 33 67 41 48 43 69 5 30 10 74 10 44 56 52 47 2 9 77 58 9 78 79 73 32 7 63 4 3 32 69 67 64 47 2 34 75 46 30 54 33 39 4 45 59 48 59 52 69 77 42 80 58 57 74 30 37 9 60 62 48 33 66 9 67 4 62 49 5 69 31 69 5 75 74 8 54 45 68 72 8 4 8 32 60 7 68 64 42 36 4 4 78 67 8 55 48 66 6 68 2 4 3 39 48 3 31 50 56 66 31 65 37 61 66 32 8 48 56 4 59 59 62 31 77 54 49 48 60 31 37 10 45 54 69 6 5 3 40 50 62 35 78 37 49 43 58 70 7 61 62 47 30 65 74 46 6 8 48 9 39 48 46 9 39 38 41 41 79 35 44 64 10 79 39 5 44 7 70 59 73 58 53 6 62 3 6 35 67 32 6 45 9 67 4 74 47 2 58 74 58 64 66 36 9 35 3 71 57 35 9 71 80 73 78 54 67 44 70 76 72 70 41 52 67 56 63 42 43 78 74 7 58 74 60 3 39 41 43 51 47 7 35 78 30 67 2 56 34 41 74 60 4 50 3 60 76 54 53 7 73 80 39 2 48 6 39 5 35 3 35 36 5 59 42 62 33 50 61 62 53 42 38 46 53 30 78 2 30 79 59 53 36 34 65 67 7 8 52 6 50 42 78 43 41 5 76 59 7 40 53 73 79 51 58 4 3 32 10 38 36 44 66 66
71 59 71 71 53 75 54 68 70 33 72 35 50 60 80 76 32 41 50 8 66 0 35 51 60 55 31 30 61 41 64 49 64 32 39 71 9 35 52 45 76 71 66 34 74 7 49 56 51 32 44 32 68 72 41 79 52 31 72 67 37 36 65 40 51 61 64 55 47 5 31 5 5 2 77 32 38 61 66 35 59 77 48 75 40 2 34 69 52 38 52 58 59 63 31 4 31 70 79 78 8 33 6 30 9 65 31 55 33 6 55 63 57 33 72 78 46 41 51 3 45 63 72 75 79 50 59 62 59 49 67 76 65 48 31 63 10 32 73 80 34 47 47 44 73 68 52 37 38 41 77 70 4 59 66 78 4 34 6 67 53 73 69 61 36 5 6 77 7 48 7 9 5 78 65 68 9 2 37 64 2 53 46 57 10 68 57 63 46 56 61 4 67 60 52 33 8 31 39 79 55 70 43 69 31 43 8 50 44 32 37 57 30 63 57 74 38 35 66 3 34 2 39 66 78 54 51 4 40 72 52 39 48 75 43 10 46 10 74 69 32 77 10 10 33 76 35 50 59 75 40 38 71 31 50 74 54 78 41 40 6 74 59 3 46 66 7 39 78 34 68 44 61 73 72 53 51 10 61 35 33 37 75 53 3 34 69 38 30 75 65 42 6 78 71 44 65 72 58 52 35 34 45 2 66 75 7 79 52 30 40 2 65 30 52 74 8 54 64 54 7 51 61 56 67 79 71 9 53 7 38 47 63 54 53 55 68 54 41 57 5 57 47 7 30 57 33 48 68 64
49 47 80 39 48 74 73 8 7 46 76 77 33 70 42 3 35 76 48 79 7 68 0 53 9 41 51 63 31 30 43 58 67 4 41 10 47 2 65 36 44 63 6 9 39 50 8 64 59 32 37 3 41 2 10 64 35 44 69 67 2 30 57 79 44 52 44 57 9 46 30 37 48 49 77 62 69 41 65 50 67 31 43 5 62 70 49 62 58 4 44 7 53 78 9 44 68 56 7 32 52 3 59 78 58 45 8 2 7 32 60 3 51 65 33 75 10 9 61 77 9 70 62 54 7 80 4 8 7 57 73 7 40 46 36 41 75 31 44 57 71 78 9 65 54 6 67 76 64 32 32 44 47 32 57 50 61 5 47 56 77 4 4 4 79 32 78 44 53 31 32 41 63 52 6 57 46 43 51 42 74 61 9 7 45 4 51 52 57 9 64 57 36 38 72 74 79 73 7 37 79 9 47 3 34 75 80 30 53 5 69 5 10 50 53 64 10 76 4 40 10 64 75 7 45 76 61 61 77 80 5 43 6 74 53 64 7 63 52 56 63 65 31 79 54 78 38 72 53 57 64 76 67 64 46 80 44 3 42 80 73 10 31 73 75 72 76 7 51 48 40 45 10 57 54 74 39 66 2 37 8 53 75 65 48 7 52 66 61 6 52 7 48 8 56 6 44 30 7 53 67 60 59 35 31 41 71 32 33 30 51 43 71 9 76 75 60 38 68 47 54 74 7 4 49 9 63 59 68 76 75 6 45 73 6 38 33 52 43 56 41 7 3 73 10 39 70 68 40 54
33 30 6 7 66 6 3 79 35 45 5 38 6 7 45 37 9 41 6 56 31 41 44 0 44 54 7 5 31 35 42 56 10 41 8 52 53 51 34 40 62 72 63 44 46 79 62 67 68 67 43 61 7 71 68 77 8 54 58 31 53 48 3 3 45 70 2 5 34 72 80 70 30 50 39 35 68 8 52 45 68 8 7 44 34 37 37 46 41 70 62 39 43 10 64 71 50 10 80 9 59 39 69 10 31 5 32 59 74 50 35 32 53 10 5 39 49 48 48 66 73 5 4 38 46 31 64 35 65 47 43 35 38 67 55 69 58 74 76 79 59 75 77 45 34 77 59 57 54 46 79 30 57 36 48 3 72 75 72 35 73 78 77 48 5 32 64 53 39 59 45 49 69 54 39 68 50 40 10 61 60 49 64 78 33 54 69 42 31 52 47 48 58 73 6 58 30 79 32 37 42 71 64 32 32 39 40 48 35 39 10 41 56 6 56 42 37 38 40 49 34 45 2 75 63 6 53 61 37 66 76 78 76 8 62 72 69 62 47 31 6 46 42 61 67 75 5 42 8 6 3 5 43 40 63 39 6 71 61 36 35 56 70 79 33 63 69 33 46 62 36 45 80 49 43 9 57 51 43 48 66 3 75 62 71 78 62 78 61 71 45 60 33 63 77 63 36 49 37 53 80 10 4 51 6 40 52 37 31 9 49 38 74 33 66 50 79 80 9 3 67 3 51 40 37 66 4 56 37 39 7 62 53 46 47 47 5 5 46 47 45 41 72 32 73 36 52 66 67 48
67 80 48 42 66 64 51 8 3 76 36 75 41 30 68 4 67 67 41 72 6 76 8 53 0 35 78 75 34 59 42 62 31 10 68 5 61 6 36 79 34 36 9 3 72 51 10 70 41 53 53 7 67 7 8 52 37 31 76 80 5 77 69 60 46 73 79 32 6 80 47 53 66 67 43 58 38 67 31 40 34 56 43 10 58 30 54 55 35 4 60 7 61 49 2 42 30 72 4 34 64 6 36 46 60 42 3 8 7 59 30 10 41 69 45 45 9 4 68 62 7 77 46 52 7 71 3 2 7 49 62 3 39 76 34 58 40 34 39 56 59 55 10 65 80 8 47 66 78 64 48 80 58 67 32 77 75 3 52 53 62 3 2 5 67 65 59 71 73 71 73 64 43 61 5 51 54 78 73 41 69 42 9 8 52 2 60 55 60 10 35 40 46 41 57 47 73 66 8 72 67 4 77 5 44 79 61 68 75 2 33 7 4 47 36 58 3 47 6 46 5 46 73 9 66 55 79 59 31 68 2 48 3 35 37 62 7 62 37 57 79 42 35 31 32 37 57 80 38 44 69 66 60 72 30 37 72 10 67 43 80 5 56 80 31 62 40 5 57 72 47 56 5 65 31 45 47 75 7 59 3 32 57 72 37 6 30 38 49 3 64 4 69 5 52 3 61 35 2 69 67 30 79 61 38 48 72 51 35 48 52 80 48 4 35 80 48 56 38 38 65 75 5 9 70 5 80 49 55 56 49 4 64 64 5 76 76 73 78 61 68 4 4 56 3 59 48 60 36 68
6 4 62 36 51 40 70 39 41 8 41 77 42 38 7 72 58 68 45 36 50 69 38 57 69 0 71 40 2 4 51 59 44 41 45 38 41 60 10 32 3 45 35 69 80 71 67 69 9 36 37 38 41 54 68 4 76 73 61 10 59 47 30 32 10 9 60 68 63 75 30 48 46 68 8 44 8 33 34 69 77 32 75 77 8 43 80 31 6 30 51 39 3 35 44 39 9 33 72 74 50 62 32 77 64 69 76 36 34 54 43 40 8 57 44 7 30 70 5 51 43 64 50 8 55 5 32 77 64 59 8 60 48 73 80 5 40 61 8 8 59 6 36 35 2 40 10 10 10 63 77 72 34 8 4 40 79 30 69 10 5 57 34 48 39 52 59 2 61 63 80 30 48 72 59 61 75 77 38 9 71 68 49 64 72 53 6 2 6 78 62 67 76 71 59 9 70 40 37 10 2 32 4 46 44 9 35 4 5 78 52 38 42 51 36 41 66 60 34 31 52 68 76 61 55 76 10 35 9 7 65 7 48 51 58 48 30 80 9 73 58 55 36 55 8 33 46 4 39 52 71 70 50 36 51 5 65 38 9 35 64 47 10 47 77 59 39 41 74 62 6 6 66 6 65 75 64 30 39 5 34 73 34 5 72 46 63 10 75 49 7 66 60 67 49 80 47 30 36 2 46 69 60 39 41 3 46 35 10 56 55 48 2 64 10 6 60 56 69 70 63 30 34 47 5 44 70 60 10 71 68 50 6 57 65 65 66 62 10 5 72 72 44 57 41 9 65 3 33 8
69 59 4 2 41 9 4 46 36 34 6 34 7 3 74 54 7 35 5 61 76 35 40 2 41 45 0 9 64 57 49 70 4 54 3 66 64 40 40 49 42 75 68 77 76 56 65 31 59 61 44 45 3 57 77 60 9 38 72 61 30 71 3 8 54 80 5 9 65 79 70 74 53 76 64 63 30 10 54 74 64 3 4 49 54 44 40 63 32 45 34 71 49 8 55 62 71 8 63 4 63 80 30 6 60 7 50 69 57 44 60 42 58 4 5 64 34 55 79 64 33 9 8 56 32 36 41 61 62 33 74 75 77 80 51 42 75 42 48 45 55 59 50 58 80 63 32 69 48 55 67 43 65 36 40 4 80 31 40 79 45 39 77 80 8 80 30 58 54 68 47 50 75 68 69 35 42 76 2 59 64 38 58 65 46 71 68 32 56 75 71 66 57 63 3 58 38 68 78 42 74 73 35 48 70 78 60 75 35 52 9 72 73 10 56 52 62 36 38 47 75 69 6 46 61 10 40 46 47 52 51 66 60 4 43 40 34 35 60 60 9 53 77 79 63 55 3 67 8 8 3 10 46 78 58 53 6 53 31 52 52 47 38 75 79 44 60 62 58 34 55 43 67 35 57 9 44 46 45 72 44 4 39 67 47 71 69 62 74 43 71 36 58 78 46 72 76 46 45 67 68 5 4 44 5 51 56 43 31 3 64 79 54 47 79 79 69 42 7 2 70 10 50 77 58 80 4 64 36 46 7 78 79 36 69 70 8 10 64 58 56 77 40 71 58 60 65 73 61 70
39 77 5 9 60 6 2 41 45 78 8 38 9 9 68 67 4 65 7 64 48 74 30 9 54 72 3 0 61 61 44 57 3 59 9 77 57 73 45 34 48 72 67 65 66 75 58 57 39 30 35 58 7 79 78 37 10 80 60 66 77 66 4 6 69 66 4 9 79 33 72 40 31 62 73 38 53 4 39 75 45 9 8 78 52 41 59 40 68 59 39 53 56 4 79 63 54 10 47 5 70 37 78 7 79 5 48 58 63 49 44 67 64 3 8 66 51 35 31 54 39 3 6 63 47 58 37 53 52 71 44 72 35 30 70 46 46 54 44 50 38 53 40 31 44 46 41 69 30 74 69 35 56 39 44 10 39 60 46 66 54 42 53 38 6 52 80 36 63 69 41 75 75 57 44 63 76 42 10 73 70 51 40 61 32 62 38 31 44 67 31 51 61 72 9 43 37 74 61 45 38 43 39 46 75 32 67 55 75 46 9 50 44 2 55 53 53 69 62 71 47 55 8 51 52 9 75 67 49 77 47 53 49 5 76 33 79 70 72 45 3 57 64 58 47 35 9 72 9 5 6 5 72 40 56 55 4 75 67 65 48 33 30 38 79 39 51 58 69 69 46 43 80 74 46 7 53 80 67 57 47 4 70 59 63 38 45 52 73 71 54 49 41 32 70 48 38 42 56 33 74 7 3 79 6 57 37 42 80 7 59 52 64 45 70 79 65 45 3 3 30 3 34 32 73 74 5 51 55 64 4 80 68 69 40 67 8 6 57 44 73 59 76 57 39 80 37 33 60 40
2 8 49 34 53 30 54 79 66 9 51 73 51 75 4 58 36 63 40 55 38 44 76 32 59 3 38 30 0 3 34 73 71 32 75 36 54 69 6 37 8 51 65 43 35 76 50 73 10 44 49 34 50 45 66 9 57 47 63 9 38 45 70 59 9 5 67 58 42 43 75 68 43 34 6 52 9 68 78 50 40 79 52 64 4 78 64 60 5 46 39 61 9 52 53 75 6 46 65 30 66 54 40 61 65 72 51 53 68 69 50 30 5 45 34 7 80 53 2 63 45 69 67 3 73 7 36 39 67 65 7 52 58 62 71 2 68 76 6 6 73 10 33 61 8 63 10 6 2 56 31 36 57 9 3 54 79 53 80 5 3 48 41 66 38 66 56 8 44 79 74 47 62 46 30 30 31 43 73 10 33 75 42 38 72 42 8 8 7 67 57 54 52 67 69 5 39 53 49 5 8 71 9 54 57 10 71 6 4 63 49 80 77 61 79 33 30 40 55 45 55 34 68 45 32 31 4 79 2 8 74 8 63 78 44 46 66 38 5 41 61 75 32 49 10 37 79 2 62 49 53 64 42 52 60 8 36 48 10 63 66 65 4 37 78 48 76 37 40 41 8 10 60 5 53 65 75 50 56 5 79 68 51 8 32 43 54 7 75 61 8 80 62 51 78 49 37 69 63 7 65 62 36 57 80 9 61 50 10 48 80 51 4 52 8 8 47 46 30 79 51 51 56 43 7 47 33 37 7 48 76 79 7 31 47 42 34 56 4 10 42 37 41 35 56 7 58 9 57 10
8 4 58 65 33 74 41 40 76 2 52 71 39 64 10 66 45 33 51 51 36 30 42 57 37 2 35 56 3 0 56 65 54 30 53 67 78 34 3 75 3 34 62 64 43 51 30 72 10 46 39 35 69 79 65 10 51 69 65 2 46 72 50 35 3 10 78 49 70 49 51 64 61 62 10 33 6 57 72 63 45 73 52 63 10 76 35 63 7 36 68 46 7 54 80 45 5 69 49 79 33 71 34 34 71 72 46 36 62 78 48 68 5 31 63 8 47 38 9 64 43 46 36 9 36 8 80 43 73 68 6 42 33 78 53 5 40 57 2 7 31 8 71 36 9 52 10 5 2 42 40 53 67 8 6 41 44 46 45 5 2 53 62 44 78 69 79 8 50 76 69 36 79 68 70 73 54 33 49 7 70 75 30 59 47 57 2 2 4 52 38 40 45 56 52 8 49 53 38 2 10 74 9 49 50 3 45 5 2 39 76 52 71 38 56 71 71 36 30 36 32 43 36 37 43 77 10 54 6 6 79 10 47 53 55 72 54 77 3 40 60 32 49 35 10 39 59 2 79 56 48 75 34 49 50 9 70 78 3 50 31 80 2 75 76 63 56 68 64 63 7 10 68 9 35 58 79 64 52 4 45 30 76 6 36 34 60 7 57 45 2 74 35 57 64 57 43 50 78 4 37 64 70 47 64 9 49 45 10 80 56 58 10 72 10 5 60 55 74 71 51 47 30 64 2 33 77 62 10 45 40 30 4 73 46 41 74 38 4 5 72 38 64 57 58 10 60 10 38 4
69 57 41 70 7 61 66 72 77 46 71 7 64 51 35 57 77 5 43 64 42 38 80 79 40 51 36 75 79 42 0 10 35 56 61 32 38 78 67 10 37 4 69 56 6 64 70 6 42 9 4 63 37 71 73 63 46 9 7 42 59 9 59 58 36 55 71 50 51 79 6 72 42 41 45 7 80 66 7 6 4 57 61 73 34 51 9 3 55 44 4 54 74 62 69 67 48 69 57 43 75 32 79 61 51 67 48 79 49 77 8 79 66 57 37 38 37 67 74 54 71 49 79 42 43 49 39 62 44 8 73 79 4 5 9 78 35 5 60 34 7 56 77 5 69 47 35 64 63 10 4 9 56 50 46 56 53 78 80 33 58 65 41 33 50 41 65 77 46 7 39 50 44 9 34 4 72 48 70 51 70 4 53 72 71 47 54 33 76 43 4 48 6 8 40 37 73 2 58 47 73 51 68 32 2 49 60 45 35 77 78 40 51 70 10 8 48 3 59 43 79 74 63 50 4 69 43 35 32 34 69 75 59 67 8 80 47 59 62 8 70 5 45 32 71 8 67 76 73 64 36 38 5 4 7 35 39 55 71 6 74 62 35 51 8 8 57 61 3 9 73 49 34 80 8 75 8 57 64 66 60 73 7 54 66 78 5 59 3 36 40 75 65 32 9 47 5 8 79 36 9 71 47 77 78 59 76 9 61 61 6 36 74 77 58 35 48 8 61 38 69 65 37 64 53 60 63 42 75 48 62 78 55 3 47 8 57 31 53 34 40 35 66 44 34 54 10 78 4 70
49 53 39 61 3 70 32 57 75 40 65 10 51 45 46 40 72 3 55 77 50 33 73 42 55 51 58 30 66 61 7 0 49 33 52 66 69 40 53 2 69 8 38 77 9 43 68 7 36 4 4 54 58 37 34 56 43 8 3 79 45 10 70 69 72 38 72 43 51 46 10 78 45 78 54 3 76 55 9 5 8 77 46 46 69 35 3 10 69 59 3 61 73 74 43 76 49 48 53 42 34 40 34 54 67 43 68 70 31 44 3 41 57 32 37 72 60 47 35 48 39 66 68 32 80 50 75 37 73 8 60 68 4 6 8 62 78 3 31 69 2 52 77 7 37 49 35 47 40 9 8 3 77 68 51 32 43 76 31 71 47 63 60 32 70 55 36 62 57 2 70 50 34 2 35 6 59 43 56 60 55 9 47 32 62 30 80 79 40 41 5 73 10 5 39 63 58 5 59 32 73 59 38 80 10 57 69 68 34 73 50 47 38 34 3 4 54 8 36 78 59 43 33 38 3 53 59 50 46 72 56 74 47 34 10 44 39 75 80 2 80 10 33 55 75 3 55 33 60 55 40 65 2 9 3 30 80 74 44 8 41 64 43 32 5 8 76 58 8 9 75 35 54 71 2 43 10 79 57 44 36 73 3 73 36 79 9 61 2 38 50 67 58 46 5 39 5 9 38 66 4 48 64 51 65 33 77 7 58 33 2 47 39 30 65 54 53 6 40 59 40 43 49 46 37 49 60 30 53 48 75 63 74 8 54 10 38 39 74 63 75 77 55 52 49 48 4 76 9 40
61 68 4 2 36 9 2 40 65 34 7 36 3 2 37 79 5 42 10 58 76 45 40 8 39 55 6 8 34 41 45 31 0 40 4 30 72 55 77 46 45 57 67 63 70 40 41 46 30 49 77 56 9 79 60 58 8 77 37 72 51 77 4 5 67 75 7 6 51 54 33 62 58 41 53 47 73 6 40 73 55 4 6 70 68 66 75 32 62 41 67 79 68 9 37 65 58 6 55 10 67 68 53 2 42 5 66 79 39 77 60 58 59 7 3 41 62 73 48 31 37 6 7 52 53 53 39 74 70 75 31 49 39 77 47 56 72 68 78 36 79 39 34 70 79 67 53 48 49 74 48 34 76 76 76 5 47 41 36 36 59 54 36 63 10 56 67 79 45 74 78 36 60 32 50 40 42 75 6 45 61 73 71 36 66 31 64 33 33 67 77 35 79 58 3 30 74 40 72 35 39 56 58 70 32 76 38 47 57 61 2 71 48 10 37 45 73 36 40 41 59 48 4 48 71 3 32 61 48 55 30 62 59 6 59 52 40 33 63 39 3 39 64 57 58 64 8 72 5 4 9 2 50 35 62 47 10 68 76 31 39 48 62 39 52 64 67 69 44 61 37 40 55 61 51 9 49 37 59 44 41 4 48 60 52 38 73 78 52 80 41 43 66 71 65 32 73 61 58 59 54 3 4 43 2 60 39 66 51 2 61 54 51 58 44 57 44 42 7 8 50 4 53 63 33 76 8 53 39 78 3 32 40 75 31 36 5 7 48 30 71 40 78 77 42 31 44 44 66 57
38 33 35 53 73 44 32 9 8 75 32 79 47 56 80 2 46 71 43 66 3 55 6 42 2 54 57 75 43 62 48 65 36 0 59 2 67 9 68 53 35 31 9 8 47 32 6 41 58 51 30 2 64 5 6 69 41 61 42 43 7 58 42 60 60 44 42 53 2 39 63 57 64 57 44 51 78 41 51 52 32 51 36 10 74 63 68 43 78 7 33 8 50 41 5 62 53 54 5 36 61 4 64 49 73 72 5 5 5 37 80 10 78 73 53 73 4 3 47 41 5 39 52 74 5 56 4 5 10 33 70 2 52 77 35 70 56 70 52 41 52 40 7 56 54 4 43 58 55 61 62 59 71 61 67 66 66 6 30 31 44 2 10 10 60 56 35 33 72 50 64 38 65 35 4 64 42 63 79 59 53 39 4 6 75 7 64 51 49 8 69 79 44 56 45 43 31 46 4 49 67 10 70 10 77 63 56 35 48 6 61 3 3 60 63 56 4 71 9 80 8 34 70 8 42 65 36 80 44 54 2 52 4 38 41 77 2 71 75 79 36 49 68 32 75 75 72 40 39 37 72 60 42 54 65 33 72 5 48 37 31 9 62 63 52 80 40 10 76 76 57 68 7 39 71 51 39 71 9 77 9 59 53 57 66 5 34 32 69 9 40 8 71 3 72 4 55 44 6 51 39 78 36 79 58 37 73 30 34 69 69 31 72 10 75 62 74 34 66 31 75 74 6 3 60 9 52 50 73 61 57 10 34 80 4 57 80 69 77 39 79 10 8 53 9 35 42 54 45 35
67 73 8 6 33 4 7 69 61 58 7 66 10 4 50 31 8 54 3 32 67 57 57 2 78 65 4 8 67 45 38 41 7 61 0 30 34 61 75 37 64 38 70 33 60 45 32 66 61 31 56 60 4 69 75 75 8 44 59 54 65 68 9 7 66 72 7 6 39 30 71 51 51 64 45 49 37 7 50 39 68 4 9 32 50 34 36 58 72 76 36 50 50 3 66 43 55 4 62 8 31 34 65 4 50 10 77 39 37 60 30 55 73 2 3 78 63 61 56 45 34 8 3 37 79 79 38 49 42 34 59 51 42 76 43 64 64 41 66 35 39 69 59 75 45 65 79 37 70 60 30 68 66 32 35 6 61 68 51 42 38 70 76 73 5 63 51 77 39 52 77 70 78 56 60 32 33 60 7 33 35 67 32 53 74 34 46 69 58 40 70 52 32 78 6 34 42 51 54 56 42 74 76 52 35 36 48 75 73 47 7 51 30 5 46 79 80 38 72 38 52 30 6 43 49 4 32 40 43 76 50 33 70 5 38 56 32 74 42 69 3 51 70 71 74 75 4 77 10 3 5 10 45 74 78 72 3 52 35 69 58 66 54 66 60 36 33 46 37 34 68 63 49 32 51 2 49 57 68 70 36 10 63 57 59 73 37 76 77 63 80 57 35 56 76 70 61 35 55 49 78 6 6 47 9 55 69 52 68 7 40 48 46 72 38 35 56 65 5 6 64 5 36 71 39 75 5 79 63 41 9 43 51 36 74 68 8 5 74 51 35 60 46 65 39 63 32 31 40 43
64 34 68 36 75 52 30 9 9 34 65 46 40 76 52 7 44 37 50 56 10 40 4 62 5 62 70 52 44 78 34 79 61 8 45 0 30 8 58 61 50 56 2 10 50 72 4 44 37 68 35 5 40 6 6 74 74 41 37 33 2 64 32 71 54 46 67 61 7 34 53 48 30 34 67 31 42 66 54 45 63 44 35 7 45 43 50 69 75 3 75 5 60 77 9 72 54 52 4 43 80 7 49 70 59 31 10 9 10 59 59 6 36 33 50 68 8 8 66 44 7 43 42 35 7 42 9 8 5 60 34 5 49 45 36 41 46 75 64 41 79 63 2 33 75 3 39 64 48 62 59 73 42 49 65 71 71 4 66 36 52 5 6 3 47 59 60 49 42 47 76 62 78 70 6 78 53 30 46 71 31 59 5 10 32 7 45 79 40 8 55 68 40 70 37 68 63 63 6 61 45 8 80 7 80 79 33 33 75 7 62 5 10 76 71 61 6 46 5 69 6 67 36 4 75 46 63 79 78 74 8 49 2 39 52 39 5 63 30 78 46 32 48 59 75 77 60 50 49 46 66 67 76 71 55 56 41 7 78 71 79 5 46 40 71 51 59 8 38 55 46 60 2 51 53 35 59 63 6 34 8 79 52 54 33 4 72 50 59 4 48 6 69 8 42 3 37 74 6 54 58 30 62 55 57 50 59 34 49 46 78 32 80 10 71 32 74 30 30 48 62 64 9 10 51 4 48 71 45 41 60 4 71 62 3 79 67 50 36 35 66 10 4 30 9 55 51 44 34 80
73 70 32 67 80 30 54 61 66 32 59 66 58 44 68 65 52 40 36 8 38 7 70 63 36 47 65 67 40 65 36 59 76 69 72 72 0 71 66 56 77 35 68 71 50 4 67 53 71 71 54 55 71 48 63 79 44 52 73 40 78 59 72 35 68 36 48 30 61 2 61 9 5 5 74 74 66 50 40 55 77 67 73 59 54 7 51 38 74 52 39 48 77 54 67 4 38 49 44 72 9 78 7 76 10 51 54 42 62 3 66 42 66 37 73 40 76 46 44 7 36 59 42 55 36 53 68 74 69 61 38 41 53 51 71 45 9 76 60 61 78 70 72 63 38 34 62 49 42 66 33 40 6 35 57 36 3 43 2 39 78 53 59 69 64 7 4 53 4 78 9 7 5 59 59 58 2 4 65 39 10 33 67 51 7 46 65 50 78 65 55 5 46 46 78 55 9 64 71 59 52 78 32 67 52 46 2 46 41 61 67 61 73 34 80 63 42 58 69 2 46 5 57 42 66 37 47 7 60 73 38 39 63 48 54 9 55 10 73 44 49 46 10 4 48 53 50 70 32 33 52 37 62 36 30 73 32 40 32 68 7 39 41 10 60 44 4 67 34 76 55 70 43 55 33 51 67 10 68 49 58 74 36 41 7 52 70 35 67 76 59 74 5 75 47 60 50 59 43 77 54 45 50 9 43 62 2 77 65 58 65 5 40 34 58 42 3 34 66 56 8 78 68 70 34 60 36 4 41 3 31 76 50 49 66 76 80 63 60 59 9 46 74 7 63 69 44 77 63 73
37 70 34 40 78 38 78 5 9 63 77 34 58 80 48 4 30 52 42 69 10 60 4 32 6 73 65 35 75 73 37 38 50 8 45 9 55 0 47 61 70 57 9 8 43 47 8 55 80 72 53 7 73 10 10 32 64 72 54 63 2 69 46 48 34 78 34 71 7 43 56 52 44 33 33 67 31 33 61 35 58 69 49 3 64 75 66 62 77 3 72 10 32 70 7 53 50 38 9 61 52 8 47 70 36 80 5 5 7 30 69 3 43 74 79 44 10 6 68 40 2 66 39 52 10 67 5 4 6 56 47 6 34 75 37 65 44 65 40 75 80 76 3 75 57 3 61 38 41 32 69 32 42 66 61 63 63 4 35 47 55 7 3 5 30 51 42 64 55 35 67 68 40 63 9 80 76 47 57 76 73 73 4 9 40 4 37 71 64 2 62 55 61 66 47 36 37 54 6 77 65 6 74 10 34 31 65 76 51 2 43 4 6 53 45 48 7 80 10 56 5 32 68 10 33 62 35 56 65 54 4 72 4 62 52 73 10 39 58 55 67 66 77 40 54 46 42 53 61 41 44 76 71 51 42 30 30 8 68 56 43 4 67 48 55 68 77 9 80 72 39 36 10 32 50 72 77 68 4 75 7 64 40 64 78 9 30 48 52 8 61 10 30 4 39 6 74 71 9 40 80 76 53 73 45 67 40 60 66 79 78 48 68 7 33 74 38 42 52 63 37 53 8 4 80 7 52 50 63 69 39 10 30 69 8 48 40 42 56 61 55 3 2 55 6 68 57 53 55 30
6 10 40 37 58 43 74 51 77 9 45 60 56 68 4 41 56 40 53 70 69 45 47 67 51 7 34 71 9 8 34 71 79 56 42 46 62 78 0 68 3 74 36 54 44 76 62 61 5 79 78 63 35 57 59 3 30 68 64 9 50 35 42 64 3 8 74 60 65 37 64 32 66 60 2 53 8 31 73 73 52 33 61 77 9 62 48 31 7 78 65 49 5 41 37 77 2 79 37 77 34 46 35 77 69 37 78 66 63 32 45 39 7 70 49 4 74 50 8 39 39 31 67 3 43 8 31 40 63 33 9 54 46 66 53 8 54 69 7 6 72 4 44 75 7 33 3 10 3 78 40 39 56 2 8 45 62 77 59 6 10 31 44 52 48 78 58 10 30 56 54 71 67 70 60 35 32 55 38 8 62 48 33 61 50 71 4 7 10 47 69 59 69 55 45 10 62 63 59 4 10 50 3 42 76 4 58 2 3 47 72 79 48 41 61 35 34 33 41 31 66 61 74 69 55 77 2 37 8 7 80 5 41 53 68 79 75 67 4 47 58 71 64 46 4 79 74 4 53 60 63 41 33 35 38 5 71 59 4 39 52 40 4 56 79 37 45 37 51 31 10 10 34 8 56 41 51 66 50 9 30 73 59 5 35 67 71 10 77 55 7 70 64 41 75 64 38 43 62 4 61 59 71 72 80 8 70 47 7 75 38 35 3 57 4 3 80 59 40 45 73 79 44 33 6 31 57 61 3 31 62 77 3 63 34 35 58 68 4 2 76 41 35 35 74 7 67 7 68 7
38 43 54 52 5 64 33 34 41 46 73 7 54 67 67 54 63 9 30 58 41 52 32 73 80 69 75 36 67 69 9 4 47 67 50 47 30 54 72 0 66 3 52 47 5 76 69 10 31 2 5 36 37 61 38 37 35 6 7 51 64 9 36 67 39 55 62 68 78 78 4 55 40 75 61 5 54 51 3 10 4 79 50 71 62 49 3 4 65 31 7 30 42 56 37 44 63 59 73 32 61 75 58 56 47 80 58 33 37 37 10 41 31 77 65 47 47 53 59 76 32 52 36 76 33 62 50 37 58 9 70 47 2 6 7 39 70 5 70 46 9 63 66 6 76 49 49 34 59 8 8 3 56 80 77 42 79 57 74 61 36 57 40 72 46 48 73 51 43 4 66 54 31 7 78 8 46 76 35 48 36 6 76 41 50 73 34 48 33 30 5 52 10 3 79 53 48 6 49 35 51 80 39 70 10 38 78 35 46 36 80 50 58 40 7 3 69 10 35 62 71 36 49 56 3 59 72 67 34 78 32 55 74 54 3 55 37 41 62 8 67 5 66 62 71 2 67 71 39 57 45 55 8 2 8 58 50 48 70 10 54 67 70 31 7 8 79 65 8 7 48 34 72 56 9 55 5 66 40 58 44 41 5 52 66 60 2 74 2 44 60 76 66 36 5 66 2 5 52 30 5 35 38 79 35 74 43 7 68 55 2 41 50 57 45 33 47 6 64 61 70 65 57 30 39 49 64 30 54 52 38 37 72 3 60 6 70 46 40 57 34 53 71 70 52 45 8 48 5 32
2 9 78 80 34 31 42 64 45 7 62 34 70 34 7 78 72 58 66 60 47 51 71 47 76 7 44 30 5 6 42 50 43 63 74 64 49 43 4 55 0 36 53 57 61 72 52 53 5 76 50 51 50 78 50 4 73 36 63 6 72 67 49 58 10 4 67 57 48 43 78 74 38 47 7 64 5 70 42 55 70 66 44 54 10 59 73 64 3 49 43 39 9 47 61 40 4 65 77 64 65 32 38 42 52 38 42 41 35 34 80 77 2 75 68 6 73 52 4 70 56 62 73 7 35 4 78 77 79 69 6 45 35 55 80 5 80 46 3 10 41 3 57 67 8 36 10 3 6 73 38 73 68 4 6 53 45 67 39 6 9 64 60 78 67 43 33 4 41 69 76 38 49 51 76 61 54 47 69 3 80 68 39 37 37 38 2 2 5 64 47 45 75 33 64 10 56 78 69 4 3 34 4 32 64 3 67 9 2 72 60 30 73 34 50 65 46 68 69 57 51 55 63 74 37 35 5 52 2 6 39 2 73 33 64 72 38 51 3 49 44 76 54 59 4 38 61 7 63 53 70 52 63 31 40 6 63 74 2 58 66 70 9 57 40 48 68 61 35 40 8 2 54 8 41 54 72 48 67 2 59 33 44 2 59 60 40 6 39 34 5 31 45 50 78 45 74 73 50 2 73 36 50 67 51 6 63 74 3 53 36 42 3 41 6 7 73 76 44 41 73 49 38 74 4 32 62 66 6 35 49 56 8 42 34 54 31 47 4 3 44 69 76 42 58 2 76 5 74 10
31 44 72 34 8 76 40 30 44 55 36 3 73 74 74 71 53 6 58 63 47 31 58 53 39 67 48 32 45 38 2 2 58 62 78 46 41 30 71 5 75 0 68 78 3 40 73 5 34 6 8 74 37 60 76 80 49 10 10 43 72 9 39 79 49 77 57 39 79 32 3 77 37 53 52 8 59 75 7 9 3 73 64 76 34 65 6 9 39 49 6 33 30 75 49 77 67 67 31 50 76 31 41 37 33 52 70 54 68 56 7 65 80 51 34 50 78 67 49 54 54 71 47 43 77 44 38 73 68 10 75 79 3 8 6 70 42 6 53 43 4 67 55 7 76 44 55 50 39 9 6 7 77 38 31 39 74 50 75 49 35 56 40 44 38 51 34 59 69 9 39 51 36 7 76 8 78 68 48 54 39 10 36 58 50 66 34 52 58 56 6 59 4 4 41 59 53 9 61 63 43 61 35 39 5 39 45 54 36 38 73 53 37 31 3 5 68 10 61 40 50 31 65 80 7 54 49 54 62 36 66 70 52 52 7 30 35 67 33 6 39 7 44 64 72 4 55 39 39 53 47 43 7 3 5 77 34 76 64 7 46 65 31 36 2 3 36 46 8 10 62 49 53 68 3 52 6 43 56 66 42 66 9 72 36 73 6 36 3 53 56 64 74 38 3 72 4 3 60 40 6 79 70 80 43 76 43 9 51 52 2 49 80 43 66 31 61 6 56 41 67 72 35 30 59 52 41 60 77 75 31 68 64 2 62 5 31 41 51 57 49 49 80 46 71 72 8 76 5 54
72 78 59 38 44 72 41 6 10 71 60 75 73 63 56 4 47 59 66 47 9 77 8 38 3 63 47 52 68 50 72 48 74 7 80 3 76 6 78 45 64 49 0 5 60 65 2 69 61 71 79 6 79 9 4 36 59 58 70 53 5 45 78 41 60 55 49 36 5 56 78 38 50 57 34 36 39 39 65 44 57 73 33 7 61 30 51 61 65 7 59 4 42 56 5 74 70 64 8 62 49 7 37 45 53 57 9 5 9 36 30 2 57 59 63 64 2 6 38 66 7 41 48 72 2 71 7 8 4 47 61 7 80 49 52 46 70 61 57 74 43 74 9 65 36 5 51 55 32 50 48 71 80 49 58 42 73 2 33 67 79 9 4 3 55 52 64 71 42 45 63 61 59 63 3 74 32 80 50 61 64 59 9 10 54 2 44 71 39 9 42 76 33 58 37 41 74 65 7 38 72 4 75 8 74 34 68 76 35 10 69 7 5 56 79 31 9 39 4 50 10 79 56 4 53 77 56 71 75 56 4 56 4 62 39 32 9 34 80 45 51 55 45 50 42 63 56 36 47 71 43 33 65 33 63 80 39 6 42 41 41 10 32 45 78 30 80 9 72 31 74 47 7 72 51 33 46 73 3 33 8 48 35 62 38 10 68 60 45 2 53 6 45 9 50 8 32 41 9 30 58 69 76 73 36 71 79 46 62 78 72 31 60 9 59 68 59 77 72 32 35 52 5 7 70 10 47 60 57 77 39 8 79 38 8 51 77 69 34 64 34 5 6 71 5 55 45 41 62 40
76 63 72 60 30 80 33 8 10 41 47 42 59 66 63 10 47 48 76 38 6 42 9 62 5 45 46 53 43 62 63 74 65 9 47 8 39 9 55 38 58 77 8 0 75 70 6 64 76 52 42 2 37 2 9 65 77 53 45 47 2 36 35 48 34 50 74 79 5 30 78 68 71 37 39 39 80 75 38 56 59 44 48 3 59 33 77 60 69 5 35 4 70 35 3 40 41 53 8 56 56 2 45 57 37 50 5 3 4 34 36 6 54 32 75 53 10 9 41 46 7 70 62 35 3 50 3 7 4 56 45 2 51 45 77 49 44 33 67 52 51 68 7 41 38 8 57 77 78 33 66 36 45 44 65 67 49 4 51 69 55 8 5 9 38 75 39 66 73 65 64 78 61 73 4 69 80 53 40 40 63 73 2 2 38 2 59 66 36 10 44 50 61 53 51 36 54 53 4 75 37 3 44 10 55 71 59 56 66 6 54 4 6 35 38 32 2 71 7 75 5 52 46 10 53 39 62 41 61 53 2 54 2 68 75 66 9 32 77 33 57 46 46 53 63 66 67 34 74 50 71 80 32 39 68 64 33 8 37 75 56 4 62 58 54 58 32 10 55 62 54 74 7 30 73 51 59 43 9 79 10 61 50 70 80 9 62 44 38 8 47 8 64 4 35 10 58 59 7 76 78 41 31 52 32 57 64 78 59 73 40 53 30 7 32 38 50 59 51 53 35 70 9 9 72 7 30 79 35 53 59 8 65 53 6 64 49 67 39 63 68 5 3 34 2 70 72 79 41 43
33 67 44 78 10 56 56 66 37 44 70 2 41 38 49 46 42 6 66 66 47 45 79 78 42 52 78 49 64 30 4 2 39 74 42 49 75 48 34 7 42 8 42 42 0 50 74 9 67 5 5 69 43 36 31 63 63 2 2 33 60 10 65 40 53 53 54 47 42 75 5 39 39 35 80 10 65 36 2 4 3 69 31 60 58 59 3 10 58 80 9 79 49 65 57 64 52 66 66 42 56 51 56 37 79 71 51 48 57 38 4 54 79 39 71 43 42 53 73 73 45 39 54 54 55 78 34 50 34 5 61 45 10 8 9 58 58 5 55 48 4 41 65 8 33 77 57 61 42 4 4 2 60 51 51 66 30 74 71 67 40 65 70 46 69 68 30 57 77 9 70 46 74 3 61 3 44 56 76 57 43 7 54 70 51 52 74 52 66 52 5 80 3 7 32 31 52 6 47 46 31 63 67 40 9 33 33 41 43 54 69 38 61 30 3 10 69 3 44 34 50 49 36 33 7 79 77 43 56 58 63 53 63 77 5 58 33 57 76 2 52 3 77 35 36 7 71 78 30 39 57 58 9 3 8 68 32 57 46 2 76 65 72 56 6 4 57 80 6 3 51 57 42 34 7 80 4 42 39 74 69 49 9 72 60 37 2 75 8 46 61 51 64 54 3 42 9 2 65 45 9 37 57 53 66 79 74 3 37 32 8 74 79 40 46 31 73 9 41 63 31 59 30 80 61 61 72 70 44 71 42 67 58 7 71 7 40 41 68 37 76 65 56 30 77 35 4 34 2 78
64 63 33 49 78 34 78 31 30 42 58 71 41 70 50 74 80 49 61 3 73 5 69 53 53 58 76 64 67 60 48 66 80 57 69 58 4 39 75 51 67 54 50 52 45 0 71 76 79 51 30 35 68 60 60 76 63 68 39 45 76 71 60 33 33 65 48 54 33 8 68 7 10 7 42 52 67 52 76 75 63 60 63 63 30 10 64 60 51 80 30 30 46 52 31 8 70 65 55 33 7 44 4 64 9 72 43 31 77 10 50 54 57 59 57 45 55 68 41 8 77 33 54 37 31 55 50 62 78 79 40 77 72 64 34 67 8 41 58 34 74 39 39 60 31 50 62 49 78 31 67 79 3 79 74 73 7 43 8 36 34 51 59 57 57 10 9 42 2 34 10 8 4 54 68 32 4 3 34 35 2 60 37 49 2 43 33 50 38 65 52 6 69 79 60 68 7 65 76 80 34 34 56 64 42 70 3 34 76 64 45 49 37 76 71 60 79 48 74 5 35 9 57 62 36 42 58 9 55 53 54 35 80 64 38 4 78 9 73 37 68 30 8 7 71 35 41 68 41 64 76 31 73 80 49 39 73 50 34 80 9 53 40 7 52 32 6 31 75 42 65 58 64 44 54 31 58 4 65 65 70 70 57 51 9 66 71 59 74 32 39 48 8 48 73 62 37 42 60 54 51 42 79 5 44 46 9 35 42 34 67 10 63 53 55 30 6 47 45 62 10 42 62 69 78 34 66 9 75 9 55 63 69 54 37 57 43 56 76 63 9 33 48 3 44 58 76 47 70 63
36 30 53 65 58 36 30 9 2 79 60 75 39 53 32 10 51 71 36 43 4 70 4 57 10 37 39 30 30 52 79 38 41 4 49 4 33 3 30 57 41 57 2 7 80 62 0 53 45 71 55 8 80 8 8 68 56 68 51 54 4 48 69 71 55 75 71 47 10 74 66 74 55 53 55 70 62 70 70 51 50 37 42 8 74 70 64 56 54 8 75 10 69 53 2 58 38 42 3 38 33 4 49 63 63 66 10 4 2 67 31 7 37 35 43 48 5 6 31 41 9 75 54 60 2 79 2 6 5 53 67 10 78 70 52 32 63 79 44 80 45 76 9 32 49 3 54 62 56 35 72 67 75 75 45 30 52 2 59 30 39 8 2 3 41 74 71 67 58 47 75 44 63 34 2 61 80 73 38 64 58 54 5 5 50 5 79 79 60 8 69 79 71 40 35 59 31 43 3 31 40 4 45 6 74 44 45 40 80 10 73 7 8 61 34 42 2 72 2 67 6 62 69 3 33 36 30 59 44 48 10 30 8 75 75 60 9 38 59 43 44 79 76 52 50 30 49 53 73 70 45 46 42 55 69 43 56 8 78 40 74 2 32 74 42 69 58 7 72 54 63 56 7 46 59 79 54 46 2 43 10 34 65 30 39 6 74 34 34 9 79 5 50 10 53 3 33 54 4 77 70 57 67 38 56 34 71 78 59 57 47 76 80 9 72 70 52 41 78 36 76 63 4 10 54 8 61 38 44 41 78 7 61 69 8 43 44 32 31 47 71 10 8 39 7 57 35 58 79 48
80 31 38 71 6 45 48 46 74 61 31 9 70 75 44 78 57 3 46 70 44 58 48 66 54 63 45 74 35 56 7 3 30 50 49 72 53 54 60 10 33 6 73 69 2 51 56 0 68 8 9 62 41 66 57 59 38 9 2 52 61 10 57 30 49 35 70 64 67 60 10 68 62 67 68 2 39 35 8 9 2 54 59 39 36 38 6 2 35 61 6 74 47 75 59 73 65 58 69 68 79 57 42 70 71 80 80 68 64 39 2 46 53 52 30 35 61 72 77 51 59 36 32 74 41 68 72 77 54 5 75 78 8 5 10 46 31 9 49 79 8 38 42 8 57 32 65 74 63 7 8 10 41 66 59 64 49 39 45 52 72 43 34 67 59 66 76 54 53 2 56 77 55 3 66 9 31 57 44 33 56 10 58 48 74 38 77 51 67 55 9 59 9 2 32 43 62 2 51 30 63 33 52 39 4 63 39 79 70 50 38 68 80 46 8 3 74 10 62 40 33 70 62 41 6 36 46 66 40 59 56 68 62 57 9 73 66 56 66 4 51 10 51 68 51 8 36 69 40 40 36 40 2 8 9 31 79 45 33 5 48 35 74 54 9 2 80 48 5 10 76 55 30 59 8 45 4 74 65 62 46 47 7 76 47 75 3 70 6 73 32 41 73 69 8 69 7 10 49 51 3 51 38 36 66 36 65 6 76 37 3 30 34 36 36 52 55 3 72 39 34 50 51 65 58 75 43 58 53 72 36 36 72 4 62 5 55 74 80 41 43 63 31 46 73 66 6 34 8 69
8 9 38 68 66 61 48 36 74 6 70 49 60 66 9 43 71 49 67 57 80 43 59 64 60 7 77 51 7 2 31 41 76 63 41 51 52 42 9 58 2 32 75 45 63 74 39 72 0 55 52 30 35 75 78 5 58 79 57 3 44 71 45 70 10 9 75 37 58 33 58 48 52 65 7 76 2 68 31 63 62 61 69 33 2 76 72 61 10 33 70 55 9 70 61 69 3 51 59 67 61 46 38 64 30 59 58 63 76 61 30 39 5 64 32 7 47 50 7 30 62 34 78 4 38 9 76 79 65 79 10 44 68 62 54 10 78 48 8 4 56 10 42 49 4 33 5 8 6 60 69 78 69 5 7 78 37 63 72 8 4 78 35 69 78 68 44 7 33 61 57 50 71 67 32 59 62 74 75 9 66 42 50 49 77 57 5 8 4 75 77 56 64 58 65 10 33 53 73 4 5 31 3 63 53 7 52 8 2 47 30 51 47 32 63 30 36 32 77 46 45 42 47 33 32 56 10 34 9 9 43 7 45 68 74 62 72 80 8 67 75 71 66 80 7 70 32 4 59 72 47 33 79 66 59 10 76 80 8 46 52 70 2 71 43 49 60 73 80 66 6 2 66 3 43 32 35 53 58 8 75 73 72 5 35 34 50 3 38 66 6 77 64 34 51 39 71 62 78 7 65 71 48 55 53 7 70 50 6 39 35 41 9 32 5 10 44 60 71 52 59 64 46 37 5 42 46 40 2 71 36 31 5 58 30 72 75 79 10 2 58 50 54 54 49 5 77 2 38 9
31 45 70 67 5 33 50 68 46 53 69 9 63 49 30 50 62 5 73 47 52 46 45 60 71 67 37 66 52 33 6 6 51 62 53 38 53 73 35 7 35 6 74 57 9 49 77 4 71 0 7 42 36 60 33 58 56 6 5 76 37 9 52 35 70 30 80 57 55 65 6 33 67 71 46 3 61 49 7 8 2 47 62 58 57 52 8 3 72 69 2 64 33 39 33 47 39 76 80 55 67 72 63 31 47 46 46 77 44 78 6 44 70 44 31 66 54 55 32 65 32 47 33 50 41 59 80 59 45 2 49 54 8 2 7 33 34 5 56 41 4 63 76 5 63 76 73 70 74 7 2 6 79 66 47 58 57 44 56 71 34 49 40 46 53 54 75 38 45 8 55 50 79 7 37 6 46 33 38 73 73 3 60 41 36 53 55 64 78 78 2 51 7 3 37 49 62 2 46 41 46 75 42 48 7 67 31 78 38 75 79 79 33 42 3 3 36 5 56 35 31 69 70 33 7 58 31 35 79 53 70 71 61 73 10 58 33 30 56 6 41 7 79 39 59 2 77 32 42 63 39 36 10 4 10 69 50 66 48 3 66 75 47 64 4 3 44 77 4 4 78 55 75 41 8 45 5 51 80 76 35 59 6 43 64 42 4 41 4 78 44 41 80 61 6 71 7 8 65 41 2 58 35 42 41 61 64 9 48 75 6 44 66 48 75 57 34 3 76 67 32 50 73 31 30 65 38 49 50 32 48 39 57 8 76 9 79 69 43 79 42 76 67 68 57 57 5 43 2 40
65 55 50 30 10 31 49 34 61 79 51 9 37 75 33 31 42 5 30 70 34 32 58 77 57 71 38 42 63 76 2 8 56 73 43 67 30 68 75 5 53 7 68 76 9 39 46 4 78 2 0 32 31 35 72 69 46 10 10 44 42 8 61 62 36 60 30 31 61 69 7 59 80 78 33 6 79 36 7 8 2 56 78 62 50 31 6 6 69 76 2 38 50 78 34 50 50 72 55 56 67 56 56 60 74 38 31 31 54 49 10 77 42 73 31 76 57 72 47 39 71 76 67 37 60 56 65 40 54 10 39 40 3 4 4 57 61 8 35 70 10 79 42 5 41 79 73 80 58 2 6 4 31 80 37 39 56 46 47 66 64 66 60 31 59 53 34 45 53 6 32 47 48 10 70 7 32 69 78 59 50 7 33 48 66 33 71 42 80 64 2 48 10 6 35 58 35 4 34 45 62 46 73 53 3 63 59 54 37 32 41 55 63 33 6 10 79 7 45 43 55 54 79 34 10 60 73 34 56 36 52 78 68 48 2 38 43 39 53 2 49 6 49 42 49 5 41 42 61 74 53 49 2 9 8 68 38 59 43 6 45 50 48 36 2 3 44 79 4 7 71 65 30 36 5 58 5 38 69 52 44 32 7 36 35 34 6 44 2 69 61 78 47 41 2 35 6 5 45 54 6 78 58 63 47 33 42 7 36 31 8 43 74 32 42 71 77 7 31 47 73 34 64 56 56 71 65 56 78 48 40 35 51 4 43 10 44 60 32 73 75 77 30 34 53 34 5 41 4 54
45 71 43 55 41 45 75 9 7 46 64 37 50 72 30 9 39 42 49 80 9 57 3 65 3 35 59 36 73 67 51 68 73 9 71 8 67 3 32 32 46 75 10 6 75 70 4 34 42 51 58 0 56 10 4 77 69 74 63 33 3 75 63 40 77 38 72 52 9 53 58 64 73 75 60 69 57 35 39 77 35 34 37 9 66 80 34 39 49 8 61 2 41 33 7 43 50 49 7 66 51 2 38 49 30 42 2 9 8 69 51 6 50 37 50 70 6 4 64 48 3 78 47 49 6 38 7 7 2 55 71 7 40 30 30 65 45 73 71 78 57 46 5 35 70 6 48 72 79 69 57 55 42 62 40 53 56 2 72 30 46 2 2 6 49 43 32 33 78 43 36 56 74 51 4 74 49 80 43 70 43 38 2 6 70 6 73 58 54 10 64 51 60 64 33 80 66 79 10 67 70 7 40 6 67 55 37 66 50 7 42 9 10 79 65 67 5 42 4 77 5 64 50 8 63 40 40 56 40 65 3 69 8 76 41 47 7 68 74 33 61 67 46 53 42 61 78 47 78 50 67 53 77 36 50 35 61 4 75 53 48 6 50 78 67 67 62 8 76 69 32 66 5 56 35 32 62 52 2 44 5 68 59 50 36 7 80 49 73 8 62 6 73 2 62 7 67 31 3 35 43 42 51 34 69 45 64 49 59 30 61 58 57 9 47 75 69 74 79 37 66 76 2 7 39 10 50 36 56 45 74 3 73 50 5 79 70 52 54 39 33 10 10 52 3 70 78 61 71 72
32 44 3 10 31 3 2 57 31 80 8 57 4 5 57 44 9 45 9 66 80 68 55 5 72 42 4 3 71 49 51 33 6 74 10 30 45 43 72 79 36 55 66 36 36 54 56 38 30 50 37 80 0 61 50 48 10 38 63 35 69 58 9 2 51 51 8 9 51 74 79 66 58 61 32 51 30 7 53 55 57 6 9 61 59 38 80 68 68 51 66 33 56 2 41 43 80 6 35 9 75 75 73 3 71 4 76 37 70 53 57 65 48 2 4 30 40 55 33 62 44 10 4 48 38 32 47 80 75 72 34 52 67 36 56 55 79 73 46 39 60 70 37 36 69 49 62 30 70 65 63 46 66 30 34 4 56 76 45 31 53 55 52 60 6 71 75 57 74 74 35 39 48 33 41 77 72 70 2 40 32 39 58 35 59 33 34 69 47 52 54 56 38 44 7 35 76 64 44 53 35 79 70 48 77 59 39 74 30 65 4 72 52 4 49 70 46 66 69 49 44 34 4 41 48 10 70 34 76 31 48 64 70 5 71 36 80 68 55 38 8 51 34 69 73 69 6 46 9 7 4 8 69 48 75 34 10 58 49 68 45 52 74 43 71 67 64 47 32 60 39 80 60 69 41 6 36 55 50 63 76 9 68 64 56 44 34 78 66 79 43 31 66 44 33 37 50 74 59 31 80 3 7 33 8 70 74 49 50 9 73 60 35 76 61 39 50 68 3 4 79 6 36 39 58 43 3 77 57 43 3 45 40 45 45 31 6 9 56 31 62 69 74 40 73 77 45 38 72 46
73 75 48 35 43 52 60 6 5 51 53 62 70 37 68 7 69 36 57 69 5 35 5 64 6 62 33 49 31 53 59 36 61 6 70 4 43 10 73 39 42 33 7 9 78 50 3 35 46 75 42 6 78 0 9 72 80 60 30 58 9 74 40 78 36 45 38 55 4 67 62 47 67 48 55 37 55 59 62 71 54 45 49 9 48 35 50 42 62 10 67 6 75 76 7 42 69 52 5 61 36 10 49 39 71 70 2 5 6 48 54 4 44 36 43 47 4 10 71 64 6 66 48 46 8 63 8 8 7 58 64 4 44 35 75 78 63 45 33 77 32 49 4 51 43 3 71 66 70 54 43 41 31 60 54 33 77 7 48 69 57 9 9 10 56 74 58 74 76 80 42 32 74 61 5 49 64 45 66 35 56 33 6 8 72 4 63 40 39 3 52 77 35 47 61 43 35 46 9 48 44 4 53 9 73 59 53 33 53 3 56 6 4 31 56 57 2 69 3 48 4 77 68 7 30 68 55 76 61 40 5 74 10 39 49 32 4 54 80 46 49 47 71 38 58 45 80 72 60 76 58 69 78 65 54 31 38 3 57 38 76 7 53 38 59 60 51 5 50 69 55 79 5 44 63 58 75 44 6 45 3 75 69 66 30 4 32 72 47 5 45 7 69 2 48 6 42 64 10 48 47 77 44 36 56 48 49 43 65 54 66 40 76 3 32 80 64 61 49 61 35 55 7 9 46 6 57 50 65 39 57 4 61 66 6 68 46 51 54 49 75 9 2 56 3 47 75 79 30 71
69 35 70 42 69 40 65 10 3 35 77 78 68 42 45 8 48 75 77 79 5 69 10 70 7 53 51 39 76 66 35 63 63 2 32 8 54 5 68 48 47 70 7 2 74 74 10 52 60 44 62 5 58 3 0 70 46 73 44 56 9 41 68 59 71 49 44 54 10 72 65 32 76 67 38 79 65 51 72 52 65 57 37 6 66 40 49 74 55 3 35 6 30 43 8 44 67 75 8 32 37 6 36 32 59 32 7 7 3 60 79 3 57 67 38 67 3 9 55 76 7 52 65 61 5 46 7 10 5 72 79 5 69 78 42 65 49 54 60 51 76 41 9 64 44 4 63 64 41 39 70 43 40 50 80 49 49 4 58 40 52 6 4 8 61 61 65 43 64 39 74 36 67 66 8 72 36 50 49 78 57 64 2 2 33 6 54 43 70 7 62 47 80 65 33 46 52 62 4 64 33 2 78 3 66 76 50 76 72 8 31 5 3 37 69 62 5 36 4 45 5 53 72 7 45 34 58 64 69 40 5 54 4 62 70 72 8 45 36 45 73 74 66 41 41 40 63 41 47 46 30 34 70 34 51 39 48 4 32 51 44 3 79 38 30 72 45 7 32 61 76 62 8 78 64 44 80 43 4 32 4 58 59 65 44 2 38 75 32 4 30 2 54 9 50 10 72 78 2 75 36 80 61 61 33 31 40 53 68 61 56 33 71 9 42 31 75 52 73 55 41 32 10 6 73 2 35 55 67 31 42 6 52 77 9 35 49 68 34 52 64 4 8 34 6 61 35 38 32 39
9 8 62 60 42 74 62 33 66 10 79 65 55 65 5 44 68 74 42 60 50 41 80 42 40 9 41 77 8 5 74 68 32 31 79 49 36 68 2 40 2 56 38 51 32 39 39 66 9 68 50 52 65 38 71 0 48 57 78 7 64 33 77 46 9 8 43 65 44 52 65 69 36 80 5 75 2 51 61 66 41 61 48 45 3 56 60 67 3 79 80 40 4 52 45 49 6 66 56 67 75 59 38 71 80 80 75 46 30 75 65 50 6 80 39 4 59 67 10 31 45 76 40 5 51 4 55 65 50 62 8 72 68 37 49 3 45 69 2 2 45 5 38 36 9 75 4 6 2 68 38 80 77 7 6 70 64 73 39 10 7 64 74 36 63 40 56 5 73 46 78 48 80 60 67 39 76 33 67 5 32 61 65 50 67 62 9 7 10 64 57 57 77 74 72 6 50 76 77 9 7 54 9 42 58 9 76 7 10 75 62 57 41 74 48 40 31 51 30 63 74 43 59 39 38 33 6 67 2 2 49 5 61 61 79 37 52 53 5 67 80 80 33 46 2 78 66 2 45 72 74 65 50 65 63 3 46 40 10 57 80 41 2 36 38 44 77 61 34 45 2 9 32 10 50 31 55 67 62 6 63 64 45 7 63 72 46 7 44 74 2 34 56 55 39 73 80 53 72 9 39 50 61 42 75 5 43 35 8 57 75 47 10 32 3 8 75 32 51 44 53 73 36 31 8 31 73 34 9 44 78 76 2 71 45 40 48 38 10 6 78 31 50 73 64 3 72 4 46 7
61 41 9 10 62 3 3 48 72 53 9 74 9 2 61 44 7 38 2 69 63 40 45 9 45 45 2 10 64 55 71 69 6 33 5 33 72 67 43 75 47 31 51 48 73 75 71 59 36 56 42 61 6 50 53 46 0 69 54 55 38 73 4 2 60 32 10 5 31 59 68 45 56 53 34 34 48 9 74 59 78 10 4 65 76 58 66 67 32 47 77 79 63 5 58 56 52 4 57 4 43 42 57 6 76 7 36 72 47 36 67 65 41 9 3 73 33 63 70 58 62 10 2 76 53 30 47 57 55 51 41 36 76 43 57 60 32 54 58 65 32 44 32 75 58 76 59 51 73 50 80 57 60 34 73 8 78 40 44 47 43 41 34 35 8 80 69 34 48 71 36 79 80 48 47 55 51 30 5 71 59 78 33 41 62 43 57 34 42 32 46 31 34 43 2 39 73 31 54 74 39 70 46 69 66 63 75 53 42 42 2 72 51 10 46 73 72 71 66 64 53 47 7 31 54 9 52 67 41 41 51 34 34 6 35 45 41 36 49 48 4 42 45 49 53 79 3 36 4 7 5 3 34 74 50 65 5 50 31 44 78 64 57 50 39 31 40 79 74 40 34 44 72 42 61 5 31 76 55 75 57 9 64 79 59 46 53 48 39 77 60 49 56 41 51 41 47 70 44 46 39 7 9 36 5 49 70 67 65 3 51 77 46 34 80 50 49 34 5 4 79 4 34 68 40 53 8 73 51 32 3 43 37 73 80 69 7 5 58 45 62 77 61 39 61 72 80 66 78 79
47 66 32 55 3 58 58 48 43 66 69 7 44 42 56 72 33 5 35 42 31 56 32 38 44 37 51 70 80 45 3 10 78 73 72 65 38 73 67 8 38 9 61 42 7 70 32 2 68 7 6 48 43 69 31 75 36 0 3 79 63 2 66 49 63 68 69 44 68 58 4 43 56 59 74 8 40 39 3 8 9 54 58 57 58 67 5 6 73 77 3 60 56 32 62 50 60 30 39 80 68 65 60 41 65 62 74 65 63 70 4 60 62 46 75 63 30 77 44 49 55 61 40 52 80 30 78 60 51 10 41 30 4 7 3 77 41 4 58 51 5 72 30 4 52 49 61 68 31 3 9 10 60 47 78 45 50 65 52 35 65 75 31 43 68 34 68 72 64 10 32 39 64 6 49 4 31 51 57 36 76 4 43 61 47 73 74 47 40 78 2 42 8 4 40 34 52 10 30 72 80 65 44 33 4 59 47 78 42 33 62 58 50 51 9 4 69 2 30 59 55 38 64 79 10 62 67 46 53 32 54 47 34 65 10 54 74 31 58 2 65 5 52 44 64 3 58 42 74 66 43 48 9 9 7 60 58 73 37 10 58 75 74 60 2 4 79 48 5 6 37 80 78 37 10 70 4 74 71 79 69 54 2 70 65 74 4 51 6 41 37 80 69 36 7 60 3 3 38 73 9 40 73 52 69 55 67 9 51 40 3 68 80 31 30 68 34 10 32 34 79 53 64 72 49 79 69 61 79 38 42 39 51 9 60 9 47 51 31 39 53 47 30 41 76 46 5 73 3 64
35 64 42 79 6 30 78 47 44 59 65 3 34 41 78 32 71 8 77 49 68 44 77 64 74 50 72 75 62 75 8 3 33 60 30 43 55 58 53 6 37 6 47 34 10 45 53 5 56 3 4 69 36 54 34 48 56 6 0 66 30 10 67 59 75 69 37 46 31 71 5 31 41 39 33 2 39 75 9 5 2 60 40 46 74 35 10 7 79 79 8 73 79 57 35 72 60 47 51 50 77 58 39 74 49 62 37 66 46 48 4 78 77 70 55 66 71 45 38 70 79 48 50 57 79 59 47 43 47 4 35 45 3 8 9 63 75 4 79 47 8 57 70 2 48 40 74 56 78 2 2 10 37 33 33 79 74 72 39 40 76 31 34 58 67 80 66 59 72 5 48 66 59 10 55 6 40 45 64 37 72 5 74 37 54 53 39 32 79 33 4 33 7 2 39 41 75 8 60 52 56 30 80 79 4 74 56 68 59 66 73 31 56 61 10 10 76 7 34 62 48 67 77 66 2 75 41 53 72 79 39 53 39 73 4 50 70 50 45 6 76 4 39 69 56 9 49 48 38 51 69 52 3 4 6 40 59 54 32 5 80 72 63 34 9 10 36 71 10 3 76 32 55 31 4 30 6 50 52 34 51 47 3 32 41 71 4 62 8 71 37 36 63 67 2 45 9 8 80 61 4 31 70 46 38 66 47 7 31 33 9 34 53 46 36 42 36 6 33 69 30 80 80 45 71 34 67 68 75 46 65 51 40 2 69 9 50 56 38 61 72 40 57 33 70 40 10 64 5 64
5 8 51 50 68 50 51 53 79 3 33 49 61 53 6 37 50 35 51 58 61 54 50 33 41 4 68 41 3 3 77 68 72 74 41 74 80 48 6 42 6 48 38 33 52 42 42 67 7 41 79 67 54 38 70 7 56 43 60 0 52 39 56 33 2 10 57 79 39 43 72 39 38 52 8 74 6 51 73 71 74 71 32 60 7 51 67 63 6 36 54 71 8 52 33 57 3 43 60 37 51 48 58 56 47 79 65 43 57 59 79 30 2 53 75 7 42 49 2 60 41 78 31 3 76 3 30 55 41 52 5 50 36 52 57 8 63 50 9 9 31 6 54 71 5 39 2 8 7 43 50 58 63 6 3 61 30 53 79 9 7 53 48 30 49 49 53 3 62 80 72 47 38 35 68 71 41 52 71 2 33 31 54 79 34 41 9 7 5 79 50 34 63 46 62 4 43 55 69 3 3 45 7 64 50 2 30 5 9 42 38 79 44 67 41 59 76 80 34 47 42 49 39 65 64 59 7 66 7 8 38 3 33 58 36 35 33 52 5 50 39 56 62 70 10 50 70 8 74 43 31 40 30 53 54 8 58 67 6 64 39 35 2 35 50 57 73 40 77 41 6 2 65 6 54 31 50 40 67 10 45 61 77 2 80 66 50 3 74 60 6 38 53 75 44 77 73 46 80 9 49 53 76 58 48 5 51 37 5 33 53 64 2 32 4 4 67 39 62 67 34 77 46 36 5 47 80 57 8 61 58 57 6 65 74 39 68 34 2 7 76 47 54 49 49 8 40 2 30 5
75 30 62 71 66 33 57 3 7 77 46 30 59 52 32 5 39 73 69 35 7 53 7 56 5 45 52 60 58 80 42 54 52 6 46 9 47 6 57 37 73 43 8 7 57 31 4 53 63 43 79 6 59 6 10 44 78 67 54 49 0 70 62 63 56 71 33 77 3 63 34 54 55 50 56 57 54 60 44 38 31 46 76 8 45 30 63 75 80 5 61 10 42 57 10 36 35 66 2 60 30 10 73 37 61 78 9 10 9 49 72 10 80 52 31 80 10 8 70 62 4 79 58 48 7 51 8 4 4 59 55 5 35 52 40 59 33 53 33 72 60 52 9 54 61 2 46 54 40 38 80 42 34 66 71 61 30 3 43 78 58 9 5 8 49 55 33 54 65 76 64 51 51 34 2 70 49 68 40 52 75 60 4 7 72 7 48 75 52 4 60 76 57 33 73 37 36 36 2 58 44 7 39 5 51 51 40 31 72 4 45 7 8 34 74 47 2 39 5 33 6 64 38 2 66 31 47 39 69 55 5 78 8 47 36 35 2 59 60 63 75 48 79 61 36 44 77 79 35 65 68 58 30 36 71 54 78 4 43 55 63 9 32 66 30 58 61 8 63 69 40 46 7 42 35 62 65 30 9 53 9 61 74 59 51 9 38 34 31 9 74 9 47 7 35 4 77 69 8 41 35 41 48 41 54 30 44 78 74 58 73 80 51 5 70 75 59 69 38 30 80 63 10 9 80 2 42 69 58 50 60 2 47 77 10 34 60 33 46 51 50 8 7 73 4 40 34 75 45 44
77 44 37 62 2 68 55 43 45 40 43 8 61 51 44 40 38 6 50 66 65 66 61 77 52 32 30 47 73 45 8 10 30 56 34 42 50 35 53 3 35 7 45 46 4 39 36 8 71 6 10 66 56 32 53 53 52 5 5 73 69 0 53 57 70 79 57 58 64 46 8 51 57 51 73 7 33 80 2 8 7 45 35 49 67 34 10 7 46 46 10 44 46 50 34 55 50 33 77 52 51 35 78 67 30 75 41 35 62 48 4 48 46 77 31 37 55 64 55 70 73 32 49 78 48 61 72 68 55 3 70 51 5 3 8 51 79 4 77 71 8 58 50 7 60 45 42 57 31 8 8 4 53 77 66 50 45 79 41 45 30 37 60 50 79 41 49 74 47 9 43 32 54 9 58 6 49 64 35 73 56 10 30 48 32 57 77 55 55 56 7 42 9 7 48 62 50 9 77 39 60 57 36 30 7 77 43 76 75 71 58 78 44 67 6 4 65 4 33 65 67 72 69 72 5 67 52 78 63 30 36 78 64 37 5 45 73 69 76 3 34 5 30 50 58 4 61 53 66 72 41 53 7 3 6 58 57 66 40 7 46 32 33 52 5 7 70 74 4 3 80 32 74 30 7 58 6 76 78 48 78 75 5 62 48 69 10 79 7 67 50 37 39 46 5 31 7 8 45 45 10 52 61 35 57 54 53 10 50 69 6 66 54 39 42 32 60 8 57 64 33 30 46 31 75 35 49 54 78 38 55 50 39 6 43 3 62 63 58 72 54 75 54 76 36 71 6 62 8 32
43 68 7 5 63 4 9 55 30 38 5 71 10 8 52 48 10 34 3 65 43 40 37 8 66 51 8 8 66 67 44 73 7 46 9 38 70 80 42 78 76 41 30 49 35 64 43 35 38 56 71 30 7 49 50 39 5 73 66 64 70 44 0 2 33 76 10 5 44 57 56 54 52 64 74 75 45 6 36 32 55 9 5 59 61 74 49 72 80 67 38 44 35 8 36 39 71 7 55 10 33 59 39 7 74 10 41 36 32 78 45 56 68 4 10 38 76 65 57 48 55 8 9 48 64 40 68 37 71 48 41 80 50 55 40 68 76 42 44 46 56 66 74 39 56 71 51 71 49 32 30 67 34 64 52 9 35 46 57 44 64 31 53 36 5 55 39 47 32 38 40 69 65 59 36 79 78 38 5 58 62 49 75 64 47 72 58 70 60 41 35 46 46 49 10 42 50 39 42 66 32 53 45 62 68 47 78 65 35 52 2 71 33 10 61 63 39 36 68 30 69 59 7 53 63 4 62 67 56 79 42 46 36 8 54 42 73 37 76 42 3 61 51 33 45 30 10 74 9 9 6 5 42 48 68 72 7 30 60 34 65 49 51 46 73 31 66 71 36 55 57 62 49 79 72 2 30 69 38 44 76 3 55 77 45 33 45 43 75 59 57 61 42 36 38 40 55 58 34 68 39 10 6 36 7 77 37 41 60 4 44 79 49 30 41 36 48 70 7 10 59 8 47 64 64 78 2 42 60 71 4 80 54 44 47 45 9 10 65 33 40 74 43 42 57 48 80 58 54 41
31 38 5 2 34 8 3 77 61 76 10 48 8 2 34 67 6 52 3 77 53 31 37 7 33 75 2 8 68 39 60 36 5 40 4 57 50 55 45 75 39 39 77 49 44 71 39 46 66 33 43 44 6 55 46 46 6 71 61 36 45 52 3 0 71 62 8 5 74 49 55 62 65 39 45 62 34 2 66 66 44 5 3 75 35 79 32 47 34 69 66 36 80 4 40 66 31 7 58 9 40 31 78 8 64 6 56 42 65 44 36 73 34 9 9 59 76 56 36 65 45 3 3 31 39 76 80 67 60 34 47 54 69 37 74 68 64 53 37 35 56 49 34 74 48 30 48 42 68 40 62 79 42 31 63 9 47 60 73 39 54 58 67 80 5 66 63 49 31 45 77 55 77 42 62 64 61 57 3 80 59 60 53 49 79 74 76 73 64 56 69 45 46 69 9 55 32 50 48 62 55 73 70 39 80 70 48 37 58 59 8 31 35 7 53 30 75 62 67 35 58 77 10 42 34 8 30 78 41 73 32 37 78 10 32 67 40 73 41 51 2 55 71 44 40 32 10 54 5 2 6 4 53 55 74 46 9 37 72 75 57 68 32 78 41 77 78 30 70 39 61 69 66 42 68 10 39 45 34 75 32 6 56 76 66 35 34 40 53 57 47 66 60 80 71 49 30 67 32 80 61 3 5 34 4 37 42 56 32 5 47 43 34 31 50 63 75 66 3 7 49 8 80 70 79 65 10 31 44 74 5 55 33 36 60 51 5 2 69 60 52 65 42 57 67 79 78 76 60 71
8 7 58 75 49 67 76 35 49 5 53 57 49 56 3 71 79 74 38 67 32 52 58 47 62 9 46 51 6 5 54 31 41 64 56 44 31 79 3 30 2 44 43 80 45 49 71 77 6 60 46 51 40 34 52 6 80 76 78 7 34 68 65 55 0 5 61 49 52 75 44 68 38 76 4 30 9 59 68 45 34 45 65 72 7 54 66 73 10 42 80 68 4 34 57 72 6 67 56 44 37 78 74 80 41 79 74 45 73 56 63 57 4 62 55 2 77 62 8 45 75 60 62 2 30 6 42 41 37 36 9 33 63 64 77 6 38 35 6 6 45 4 50 46 10 36 10 8 5 36 79 48 54 6 2 44 55 79 78 9 5 78 77 72 66 42 52 4 75 53 30 35 54 44 40 51 50 34 47 6 32 30 60 62 41 34 6 7 2 64 42 31 63 45 46 8 51 36 43 5 6 35 3 36 74 10 49 5 10 50 60 57 46 56 49 41 43 40 46 49 59 47 41 41 65 37 3 79 6 7 75 10 47 70 63 42 62 74 4 44 51 60 41 52 5 39 80 9 32 34 33 30 60 35 64 5 80 40 2 31 65 64 3 40 73 75 52 77 73 53 2 3 77 10 30 50 46 38 75 6 30 44 71 7 49 72 48 4 32 52 10 31 32 33 45 50 74 58 59 6 60 49 66 53 64 6 49 58 7 32 70 76 7 49 7 4 70 77 65 59 36 74 53 65 8 78 53 51 10 63 41 45 4 67 61 58 73 55 3 5 43 74 78 65 37 10 66 8 63 8
3 4 61 45 67 72 56 46 36 3 30 57 42 58 2 60 64 60 50 44 67 52 52 48 76 10 59 46 3 10 65 38 54 42 78 45 43 38 5 34 2 58 57 67 79 38 70 63 3 34 52 43 42 60 37 9 70 37 30 3 56 31 53 76 9 0 41 35 34 66 33 39 71 59 2 78 10 75 79 60 71 66 61 70 4 34 76 52 3 56 74 62 4 30 64 45 3 65 52 71 33 72 48 46 76 70 52 38 64 61 77 80 4 36 65 5 49 80 4 65 40 43 47 3 53 10 32 75 60 47 5 41 46 57 68 10 75 74 7 7 80 9 64 57 5 60 2 7 8 64 60 32 32 5 10 58 67 38 52 9 8 30 35 67 68 79 37 6 78 44 68 54 48 51 39 68 44 39 35 2 35 33 31 50 78 34 9 3 10 77 54 42 37 31 43 10 63 78 80 4 3 75 6 67 60 7 59 2 5 61 46 54 80 63 36 56 44 76 61 43 79 49 52 65 72 56 3 72 2 2 72 8 54 45 34 36 62 76 9 64 38 57 62 30 6 59 44 3 30 37 63 35 40 66 76 6 73 58 8 40 47 33 2 35 78 44 31 68 67 76 7 6 68 6 30 64 78 74 50 4 65 72 65 4 51 31 41 8 43 58 5 75 75 44 33 50 53 47 48 8 74 40 49 60 56 2 70 30 9 59 63 56 2 61 7 10 41 44 48 32 79 57 63 68 3 36 33 65 3 32 55 45 2 50 65 45 58 76 7 6 54 48 75 67 51 5 68 10 78 3
45 71 8 2 69 5 8 68 56 52 6 74 10 2 78 47 2 52 7 56 60 36 39 8 59 49 7 8 62 70 55 48 10 70 7 60 80 65 40 30 53 48 43 67 72 52 79 71 40 59 34 76 7 77 54 66 3 57 43 47 67 37 7 8 43 40 0 9 33 39 32 33 62 59 52 63 35 5 47 33 57 6 6 63 45 71 63 66 62 54 65 46 58 4 71 64 56 7 65 3 40 53 67 6 44 3 60 40 51 52 42 36 58 4 2 35 60 73 51 74 36 7 2 73 59 39 80 34 50 50 52 64 70 41 34 70 58 52 39 55 33 66 61 74 31 46 66 80 80 47 40 75 36 50 58 9 45 61 36 43 41 37 42 43 4 33 34 38 53 74 73 40 70 69 35 41 52 64 9 70 61 62 30 61 40 80 52 72 48 79 45 63 30 57 5 56 68 74 56 68 47 59 43 40 62 30 68 55 48 49 7 60 30 6 42 78 39 50 51 33 78 42 9 59 59 8 75 30 76 74 31 34 32 7 79 71 40 60 64 37 9 32 80 65 68 52 9 46 8 2 8 2 66 57 73 45 7 34 54 59 71 45 51 58 31 62 66 60 75 62 76 63 34 79 76 10 31 53 66 80 51 5 45 61 65 41 68 44 77 56 79 55 35 35 76 33 48 49 33 60 43 9 4 39 4 43 70 79 63 3 71 54 72 68 52 41 70 69 7 2 69 6 62 32 32 30 7 55 37 69 2 49 56 64 63 61 5 3 63 76 72 36 50 66 44 47 61 69 45 39
31 80 4 2 56 4 5 76 35 63 10 52 9 3 44 78 7 31 7 64 79 78 69 6 67 57 10 9 37 43 32 37 10 68 9 64 38 63 55 47 67 74 34 80 45 36 72 66 79 67 46 48 4 47 50 54 6 35 42 42 53 63 10 3 68 71 5 0 55 57 80 59 40 58 67 57 66 3 34 45 42 4 3 53 46 59 63 36 51 64 35 56 55 5 35 44 60 7 51 4 35 54 53 3 61 7 80 45 79 57 55 34 71 3 9 52 38 69 39 72 75 2 8 77 39 54 77 65 48 58 44 73 33 66 64 71 43 34 63 45 76 47 36 51 37 64 31 55 47 52 54 78 74 47 72 2 49 53 36 73 79 73 72 58 4 39 70 67 73 34 59 68 58 69 74 70 36 49 2 64 37 44 45 78 73 54 31 46 52 42 72 68 40 45 8 71 36 74 42 64 35 30 70 75 42 30 44 48 79 33 6 66 34 9 39 69 65 57 57 69 44 44 4 65 80 7 42 78 51 55 36 33 30 8 52 50 60 45 53 45 4 60 32 75 78 37 10 63 4 6 2 9 55 36 51 54 5 79 65 42 52 54 66 60 35 72 77 57 61 38 44 47 66 36 69 2 59 42 53 45 41 6 57 61 58 70 54 77 44 34 41 63 71 67 33 51 33 65 59 53 32 6 5 64 10 77 61 58 79 10 61 49 51 51 70 31 57 74 3 2 51 4 39 60 30 55 5 46 52 58 8 56 39 31 53 71 7 4 37 46 44 59 47 78 76 69 37 77 42 40
53 36 41 40 66 43 66 8 10 68 67 64 46 52 62 6 48 79 72 60 6 43 5 80 9 33 55 42 61 34 45 52 41 8 35 3 31 10 48 51 43 53 4 8 54 64 5 73 60 43 35 6 58 10 5 31 51 53 44 79 10 31 36 38 73 62 30 55 0 43 66 79 59 72 56 47 68 65 71 32 42 79 65 8 30 75 31 38 54 7 75 8 51 67 5 70 74 63 5 51 49 7 61 31 58 38 10 8 9 67 65 7 71 32 42 43 4 3 51 37 4 56 48 60 2 61 8 8 4 68 53 3 79 41 44 56 36 49 51 62 80 58 7 73 66 8 66 59 31 30 41 54 53 37 63 68 43 8 31 64 60 10 5 8 79 30 70 57 79 33 58 40 50 80 5 38 49 64 80 70 54 74 4 6 32 7 54 74 63 10 66 58 50 47 39 60 37 69 8 53 78 5 46 10 47 32 43 37 80 5 50 9 9 56 75 57 2 41 10 46 3 69 56 10 78 60 39 38 32 63 3 31 10 45 31 47 8 67 35 80 66 30 71 55 77 31 48 49 78 49 42 76 33 75 76 52 72 10 78 73 62 5 68 68 55 33 62 3 39 33 45 45 6 37 40 44 71 52 5 41 6 30 58 38 35 10 72 55 47 3 41 5 43 10 30 10 32 51 7 58 57 70 43 55 43 62 45 77 67 52 33 39 45 2 76 73 35 54 40 50 58 68 4 4 56 6 66 79 54 34 55 8 31 35 7 53 41 37 42 55 76 3 2 62 8 49 60 34 59 53
34 79 55 36 40 63 80 42 80 49 78 39 54 54 63 75 76 55 39 2 70 2 77 54 60 62 63 41 74 42 65 53 49 79 78 34 8 67 33 68 68 67 60 78 39 7 40 57 48 34 42 70 65 79 37 74 74 56 76 45 67 36 36 64 73 69 69 55 75 0 58 9 5 7 42 67 57 73 39 71 50 44 35 45 71 7 33 39 41 72 33 32 54 40 58 2 79 79 42 35 3 78 6 30 2 65 33 54 33 9 34 67 31 32 48 32 59 55 77 5 75 31 46 77 32 44 63 67 51 41 61 74 64 51 36 33 6 66 68 63 39 57 50 36 32 40 61 31 63 39 76 76 7 68 41 44 6 61 2 74 74 74 61 37 61 4 4 33 8 76 3 9 9 63 72 52 4 8 39 51 5 50 56 48 10 46 47 44 41 52 72 8 43 51 48 55 5 44 32 43 71 35 79 35 53 61 7 62 79 62 52 51 77 35 32 79 60 61 59 4 46 10 71 33 80 53 75 3 49 42 48 67 51 62 62 4 55 5 53 57 59 33 10 3 33 51 61 39 31 34 71 50 50 39 76 49 42 31 53 41 10 74 34 2 68 57 6 79 52 79 43 60 64 67 72 37 78 10 35 79 39 53 56 43 4 44 50 33 43 74 69 41 4 60 67 77 49 45 50 53 78 62 42 4 62 65 2 42 35 80 55 8 53 35 36 52 6 35 31 43 9 47 58 79 73 45 77 8 66 6 71 50 41 68 71 76 65 49 70 72 3 45 40 3 77 72 65 49 60 70
64 68 31 40 3 80 42 59 46 37 40 3 49 76 42 71 35 9 39 47 62 67 38 33 60 68 60 44 65 60 4 3 64 74 62 57 59 56 68 5 68 5 33 51 4 39 62 2 79 5 4 52 55 41 35 67 54 3 2 45 56 4 69 33 56 58 40 70 78 37 0 44 44 36 59 6 70 67 3 10 6 51 60 42 32 52 2 7 65 47 7 60 80 64 38 75 35 79 70 67 41 52 47 42 56 58 71 66 68 54 7 41 64 35 44 68 72 46 63 47 58 76 44 34 47 58 35 50 79 2 42 61 10 6 8 77 66 5 80 66 8 52 45 7 45 79 48 53 76 7 9 5 57 78 71 70 30 45 55 77 68 74 34 72 58 30 70 69 71 6 80 74 51 7 53 2 42 68 56 72 64 4 39 56 56 63 42 45 40 63 5 80 7 10 44 56 41 10 66 42 80 38 66 45 3 53 80 51 32 43 74 71 53 58 9 7 43 7 79 32 49 53 57 38 9 56 47 48 47 51 38 52 30 80 2 73 62 54 33 10 35 6 44 38 47 5 70 79 71 71 58 38 7 10 4 32 70 68 51 10 61 43 75 52 10 3 73 51 9 8 53 43 32 35 2 45 3 67 80 35 45 37 3 56 73 36 6 37 6 74 53 55 57 52 4 64 4 9 35 55 9 56 42 60 80 45 41 2 38 33 6 53 80 56 48 75 55 7 57 52 54 44 66 54 45 35 41 36 63 58 55 36 62 10 54 3 49 77 56 41 32 70 42 54 65 53 8 54 6 68
43 42 30 60 34 63 39 60 58 61 56 50 73 74 36 44 80 53 59 4 38 5 31 30 39 38 75 53 70 32 76 68 77 58 35 65 6 69 55 65 35 30 39 57 57 4 79 43 67 44 49 62 46 68 56 54 36 58 40 47 45 58 79 53 44 34 62 42 63 3 70 0 5 3 52 62 60 43 37 61 40 58 59 70 32 5 32 50 79 75 32 74 43 38 78 6 61 35 55 77 4 45 8 41 7 42 43 54 57 3 72 65 37 53 73 74 79 35 66 4 60 71 62 33 58 44 55 32 57 33 55 67 74 48 73 74 4 32 47 48 39 45 57 51 62 63 32 62 37 32 79 80 3 35 66 46 7 58 2 46 51 43 47 75 38 7 8 67 5 47 4 3 8 80 60 53 6 5 46 80 2 63 52 67 2 68 40 47 37 61 44 7 61 51 73 68 8 50 31 65 71 71 32 51 56 61 9 80 40 59 77 80 48 55 36 61 80 33 36 5 40 6 79 68 44 72 76 4 80 32 72 42 68 47 68 7 59 8 61 61 55 69 3 2 47 32 71 74 65 54 44 77 79 72 80 68 38 78 64 79 9 55 50 5 35 80 7 32 62 37 71 36 38 53 39 80 54 4 53 66 48 48 55 30 4 53 58 61 60 31 63 72 9 54 35 35 57 52 32 77 70 44 33 5 41 70 9 59 69 78 45 7 78 80 59 75 5 45 77 44 3 78 58 68 56 52 59 7 42 5 79 51 55 80 45 30 58 51 38 68 7 52 38 2 63 32 79 76 58 32
39 77 49 57 79 32 49 63 36 37 50 63 80 70 50 47 35 53 66 10 39 6 66 60 68 60 66 59 47 72 54 56 76 78 51 79 10 80 56 30 57 55 65 58 30 3 42 52 31 54 63 34 80 42 66 79 57 66 59 40 72 56 44 70 36 75 38 66 70 4 70 3 0 6 49 55 75 40 55 46 35 47 30 71 53 4 72 33 31 70 43 32 64 42 34 4 55 75 41 58 9 69 6 58 4 46 38 70 57 8 33 51 56 71 39 51 61 54 72 3 69 37 51 73 64 63 37 55 57 46 54 37 64 60 54 46 2 61 63 43 74 56 77 37 77 80 55 38 78 51 64 46 9 35 57 69 4 74 2 38 57 76 38 52 46 2 8 39 9 67 3 4 4 78 80 65 7 9 54 50 4 37 36 60 3 38 74 33 63 39 70 3 33 65 51 50 9 59 42 53 36 46 36 40 70 62 10 67 39 80 61 48 51 66 74 67 53 63 52 5 36 6 43 71 73 58 42 9 50 48 42 60 54 43 52 7 68 9 46 72 47 59 9 5 48 78 69 68 40 75 76 72 38 72 74 47 79 47 80 57 3 30 41 5 74 80 5 69 32 73 30 38 65 60 53 49 79 5 68 46 49 67 79 78 10 66 76 44 76 72 34 72 6 45 34 52 47 45 60 66 43 66 67 5 80 57 6 32 65 61 47 9 53 79 60 33 10 41 65 36 2 79 52 47 52 63 41 9 59 6 71 70 80 52 34 65 38 80 72 62 7 48 53 3 75 47 55 78 59 79
80 80 78 40 33 45 46 49 30 74 68 49 47 39 37 52 67 72 48 10 70 2 60 50 32 66 76 61 79 59 80 31 41 62 65 75 2 67 36 45 46 52 64 37 68 3 72 65 39 41 51 72 57 69 68 44 37 57 46 62 40 34 71 70 59 80 39 76 37 8 33 7 9 0 46 30 73 46 41 31 43 42 66 41 37 8 52 48 46 34 52 37 80 35 56 8 48 46 53 39 3 46 6 72 2 33 44 61 43 2 43 75 59 66 46 52 78 70 37 4 42 32 73 47 47 80 31 54 34 77 49 67 37 43 55 63 7 72 75 50 61 42 74 61 60 60 58 62 80 63 53 65 8 33 79 48 2 65 7 71 75 70 60 39 76 10 7 40 9 78 6 8 10 32 63 71 6 5 41 30 2 40 45 42 4 33 45 32 45 56 53 2 60 37 73 56 2 56 69 44 78 76 80 68 62 33 6 79 53 52 54 56 37 50 69 77 35 65 54 10 78 5 69 52 74 61 59 2 70 80 66 43 71 39 33 9 55 10 43 55 76 62 2 9 33 68 78 72 76 64 46 31 36 36 71 53 45 58 66 32 3 44 80 2 64 40 8 53 74 70 60 59 37 45 49 76 58 6 68 31 65 38 41 41 5 64 53 66 64 61 45 44 3 79 63 67 77 43 50 32 76 70 50 4 64 31 7 65 73 80 45 4 47 49 44 76 2 56 35 56 9 46 64 77 40 76 39 6 35 10 61 53 53 78 72 38 69 39 58 37 9 56 55 10 58 48 59 54 31 70
5 5 44 41 76 71 42 38 37 6 64 43 64 71 10 31 49 53 38 68 79 78 44 34 73 9 32 32 5 10 80 41 39 45 30 74 44 70 10 62 3 58 49 33 49 35 60 77 6 80 51 46 75 32 71 8 61 43 43 8 40 78 58 48 5 6 75 46 77 67 80 67 77 59 0 50 6 62 69 42 50 33 47 44 4 76 67 61 9 77 34 70 10 52 70 76 10 31 80 53 72 37 78 62 60 31 30 50 76 78 59 76 2 30 58 5 48 31 4 61 68 47 42 7 69 3 48 40 60 49 6 70 74 31 80 3 58 76 5 7 68 3 42 32 5 64 6 8 8 80 47 80 60 2 4 34 70 58 62 6 6 79 41 56 49 44 63 2 43 33 34 33 62 58 78 30 77 35 74 5 71 30 36 36 43 38 10 7 5 62 52 80 30 35 62 4 53 76 49 2 7 70 10 77 69 4 60 10 10 52 49 42 74 54 45 65 74 72 55 52 60 31 69 31 44 52 2 61 7 5 64 8 76 65 77 54 68 80 7 62 30 77 78 53 3 57 74 5 35 65 45 50 63 70 75 8 45 42 4 33 51 53 6 66 36 75 69 46 57 68 6 4 74 9 45 54 64 33 66 5 45 78 39 9 63 73 34 3 78 58 4 43 80 30 58 64 72 31 66 2 48 70 70 42 61 2 59 70 9 66 48 75 4 39 5 7 55 77 31 43 35 80 61 49 6 36 78 30 5 78 56 50 4 57 57 61 36 36 10 3 49 45 48 57 61 4 46 10 73 6
49 77 33 44 6 56 61 63 58 80 49 10 53 48 40 30 64 6 36 55 43 44 69 69 32 58 52 78 69 33 10 4 33 59 46 80 39 54 45 7 34 9 60 36 3 78 51 2 42 5 2 57 44 78 45 31 62 4 5 72 49 2 72 78 42 38 56 80 66 70 9 63 63 67 42 0 68 67 6 9 3 43 61 72 34 38 2 3 42 68 2 40 70 60 36 77 31 33 72 68 46 75 50 47 60 51 78 76 49 73 8 78 37 71 42 73 30 74 68 42 70 72 34 49 36 32 32 41 67 7 39 39 9 9 8 62 66 8 71 57 7 57 33 3 65 37 40 52 79 7 7 5 76 80 42 46 67 65 65 75 56 69 43 75 67 32 62 42 44 7 74 37 43 2 66 10 33 33 54 70 31 10 49 54 74 37 68 34 31 68 4 53 6 10 57 49 61 2 46 56 46 73 79 67 6 41 48 73 67 54 65 70 39 62 2 6 40 6 38 34 66 45 45 66 9 31 68 66 59 74 52 59 77 36 8 65 59 79 38 8 50 10 31 60 40 2 47 60 36 33 36 46 4 8 3 76 73 70 73 4 77 62 49 55 10 10 68 52 6 3 34 46 38 46 2 65 4 41 69 69 39 47 8 33 66 50 3 70 7 51 69 75 34 70 3 38 4 8 41 47 3 30 78 39 34 40 44 5 62 31 9 70 77 58 39 65 41 8 41 51 73 68 37 36 75 73 32 34 69 46 36 38 66 7 31 3 58 66 76 57 60 38 55 32 51 63 2 69 5 74
7 5 78 32 47 63 57 48 70 10 64 37 80 68 4 50 35 68 61 72 66 32 62 60 79 8 72 51 8 7 51 78 47 64 61 50 39 33 3 55 10 71 78 46 38 43 39 66 2 37 45 42 66 73 42 10 78 75 30 4 62 56 71 63 7 8 45 58 73 53 73 74 46 59 9 76 0 72 71 32 48 69 73 47 8 56 66 43 10 45 67 38 3 35 55 73 3 75 63 79 80 71 38 78 35 36 71 77 57 73 45 74 8 61 70 9 36 60 3 47 74 65 58 8 49 10 51 54 71 49 3 75 32 40 31 8 79 34 6 8 72 4 67 67 2 51 10 2 7 63 36 76 51 8 2 52 77 38 52 4 2 43 57 58 78 45 55 3 37 74 31 45 36 79 80 61 53 44 77 4 46 74 32 37 71 46 7 8 3 46 61 58 68 33 79 3 54 73 64 10 9 79 7 37 55 8 52 2 8 64 30 71 56 59 52 43 70 46 51 36 48 66 52 35 61 76 3 38 7 10 31 6 77 54 48 66 51 32 10 39 50 45 35 51 6 56 71 3 40 79 73 64 46 61 78 7 58 63 7 35 63 43 7 31 73 73 60 37 77 35 5 10 39 7 53 54 71 77 36 3 63 55 79 6 73 41 32 10 71 44 9 46 60 35 52 50 47 31 52 10 52 48 66 39 44 2 78 80 9 36 44 55 5 64 7 8 30 68 51 32 37 63 67 38 5 47 40 69 3 77 30 33 6 65 64 77 39 73 6 4 40 50 30 71 36 8 70 5 58 9
34 30 5 6 63 8 7 75 78 30 3 69 2 6 78 62 3 66 6 39 41 71 39 6 63 43 2 4 78 56 61 65 10 34 6 80 76 51 52 74 48 78 47 51 74 79 66 53 57 33 73 49 9 74 33 53 5 44 64 38 49 41 4 9 40 37 8 5 79 43 39 67 61 53 55 44 45 0 66 52 68 3 7 43 71 71 54 30 33 41 35 70 55 8 42 38 53 6 67 5 52 79 32 8 78 10 74 30 38 69 48 43 55 7 9 60 44 69 58 53 65 2 4 62 78 76 50 39 63 51 65 62 41 79 72 73 63 68 42 48 66 31 33 60 48 76 80 40 69 80 78 57 46 34 36 6 30 52 50 60 30 56 41 67 5 55 71 77 49 37 73 41 35 79 43 65 80 55 3 35 39 63 79 54 57 51 67 30 46 43 30 67 70 49 2 43 51 80 52 80 56 79 63 39 61 45 72 57 31 54 10 62 76 9 57 45 66 76 39 36 75 31 4 59 57 10 40 68 49 31 59 38 65 3 65 34 58 67 79 79 2 72 54 74 60 37 5 76 10 2 10 9 44 35 42 40 7 50 77 40 53 80 64 59 65 34 64 72 44 76 50 76 69 30 57 9 60 45 55 51 55 6 58 67 47 67 30 54 61 44 52 70 46 41 38 48 38 55 55 69 42 6 4 44 8 40 74 56 45 5 74 67 36 37 73 54 75 38 10 9 73 2 53 60 78 56 3 55 40 38 9 35 64 51 75 50 9 9 78 70 73 41 70 72 38 80 55 49 72 33
57 38 73 45 9 50 74 48 32 32 47 10 65 54 78 77 77 7 61 71 80 66 69 76 33 63 32 55 38 77 9 2 79 60 56 44 66 75 64 8 69 4 70 40 2 41 30 5 53 3 10 45 56 66 67 72 36 5 7 80 41 7 79 66 31 36 77 38 54 58 4 42 33 66 72 8 48 59 0 6 2 47 79 33 55 73 5 3 40 76 2 46 60 49 71 58 60 44 41 74 59 58 52 67 56 32 35 67 38 76 9 60 70 59 56 35 64 70 36 41 30 72 34 65 61 51 49 61 68 4 76 75 7 9 9 42 58 2 59 56 8 66 39 7 58 44 39 47 56 7 3 3 35 74 53 66 50 38 56 42 55 48 71 58 38 43 66 53 75 3 46 68 72 4 51 8 50 78 70 43 57 7 37 73 37 50 70 36 71 79 4 52 2 3 46 62 61 8 37 30 47 71 59 69 8 53 74 31 52 56 49 39 51 32 6 9 58 7 62 40 57 52 32 79 10 30 43 53 48 63 48 33 60 31 2 63 59 70 75 5 47 8 80 62 70 6 69 46 60 79 31 73 3 5 8 78 40 37 67 8 32 49 60 34 10 6 72 37 6 7 70 76 75 50 7 37 7 44 53 53 38 71 5 42 38 67 5 54 7 37 71 32 80 67 8 45 9 9 43 44 6 59 41 46 56 79 32 7 50 68 2 64 37 53 64 56 43 2 40 36 44 39 68 43 72 49 58 68 40 36 39 41 33 7 64 8 34 71 79 70 35 46 30 79 36 66 9 41 2 39
33 64 30 78 8 34 71 51 64 41 40 4 66 43 67 58 49 10 77 73 48 48 72 62 64 64 42 51 79 45 4 9 47 34 67 53 61 56 46 8 80 7 75 54 8 67 76 5 59 7 8 32 31 73 57 60 37 7 4 44 50 9 79 33 37 43 30 41 74 76 8 78 47 79 63 2 64 79 10 0 4 36 55 33 58 56 3 6 33 33 2 48 51 78 51 39 75 63 67 59 35 63 46 51 30 60 68 64 74 76 10 67 57 48 42 74 59 38 37 73 44 79 48 54 41 32 34 41 39 2 50 54 3 8 10 62 78 9 59 36 3 60 36 9 70 56 31 60 37 2 6 5 73 76 31 53 45 53 30 62 76 67 72 48 30 55 62 72 55 10 65 66 61 7 33 10 78 37 61 78 36 8 73 45 67 80 54 43 31 33 3 75 9 2 49 43 30 3 66 80 75 70 73 35 4 78 30 35 77 59 59 36 52 69 9 9 34 3 46 40 35 60 67 31 3 34 37 60 35 77 55 52 49 72 4 30 32 50 59 9 40 7 56 42 42 9 47 79 75 31 36 73 4 2 10 70 68 49 42 8 52 51 67 52 5 4 76 66 3 10 48 30 43 32 5 68 2 50 76 63 32 38 10 46 46 64 5 49 3 68 55 63 60 55 10 61 8 2 54 74 7 63 33 69 78 78 79 8 37 52 4 46 30 48 38 38 32 3 78 34 44 42 52 40 68 30 73 54 57 54 34 53 35 6 46 3 45 30 57 60 34 73 37 47 31 51 4 41 7 57
56 68 51 59 9 39 40 49 63 72 68 5 75 52 44 57 36 5 49 73 35 70 52 72 55 70 37 38 70 31 4 4 45 31 69 44 62 41 58 7 69 9 77 52 6 50 74 8 72 8 8 60 55 56 46 67 58 6 9 35 32 8 70 63 49 38 59 41 55 67 10 59 64 53 32 10 55 67 7 6 0 39 70 68 32 51 6 7 35 37 8 60 30 75 35 75 77 42 46 76 51 52 76 44 73 52 64 44 41 52 3 80 65 80 43 62 73 39 56 43 72 43 44 49 76 40 57 63 78 8 42 75 3 8 2 39 78 9 76 52 3 30 53 4 36 51 62 61 68 6 2 6 61 51 55 40 72 48 56 56 68 47 79 35 79 58 55 57 53 6 59 77 41 5 65 7 66 75 76 54 76 2 78 30 59 76 60 77 73 62 6 79 7 2 60 34 46 6 33 66 52 69 77 62 9 73 40 41 33 54 41 47 59 34 3 4 55 9 62 39 50 41 61 60 6 34 45 53 79 73 54 75 31 67 6 78 52 69 31 6 68 8 68 71 57 5 73 65 54 53 55 50 9 10 2 71 62 80 66 2 55 43 70 66 5 7 64 39 7 4 53 61 50 35 6 42 8 58 35 60 57 69 2 44 67 74 2 55 2 77 33 55 71 79 9 37 4 6 48 67 6 77 60 76 33 41 70 10 34 57 6 51 76 55 36 72 68 3 64 45 67 36 65 47 43 46 54 33 32 48 70 66 48 3 48 3 32 39 75 33 58 36 41 50 32 33 3 64 3 33
73 48 6 2 32 5 10 65 38 52 3 60 4 8 45 35 3 69 5 43 36 45 62 7 40 79 8 9 74 40 73 48 2 52 4 47 55 56 74 43 39 38 62 33 53 68 71 71 72 34 38 57 4 35 52 78 5 50 50 66 76 68 8 9 61 37 8 7 60 52 74 36 59 51 79 78 71 6 76 65 49 0 6 40 74 75 69 47 37 78 51 50 74 3 72 37 43 6 54 3 73 70 34 10 54 9 74 43 55 35 49 78 58 4 2 40 78 30 71 59 75 7 5 65 61 35 62 38 68 71 58 77 53 43 75 48 78 79 65 76 48 73 74 53 43 66 32 33 55 54 73 38 53 67 61 9 46 77 51 36 44 69 56 58 8 45 79 33 79 45 61 77 59 70 53 75 56 37 7 40 37 68 57 31 53 57 74 79 63 60 60 65 39 44 4 49 47 44 44 48 44 80 56 32 75 36 66 78 60 57 8 80 38 3 52 30 75 75 71 54 64 75 7 60 79 9 44 51 52 44 43 30 56 10 68 74 32 68 46 78 10 42 32 67 58 66 2 56 6 8 2 6 46 31 74 32 8 61 76 79 75 32 58 54 40 73 74 62 66 47 69 40 45 57 58 10 36 38 41 65 56 6 66 46 37 72 45 39 58 44 39 63 59 74 62 35 74 51 45 50 75 10 6 64 5 50 60 37 79 8 70 39 54 47 45 65 41 54 9 3 34 9 77 43 65 35 5 40 50 63 6 40 60 77 52 73 6 5 57 76 35 35 39 43 60 62 69 77 54 61
46 80 8 2 77 2 2 39 51 32 3 57 7 10 80 59 6 54 9 40 59 78 80 5 58 46 6 6 79 36 78 42 8 55 2 49 40 67 76 46 41 80 37 69 75 78 52 61 51 41 72 60 2 75 57 79 5 33 52 80 46 34 3 9 64 68 7 7 45 79 39 39 78 58 45 35 76 5 47 45 47 2 0 39 77 69 37 60 61 44 35 31 79 7 64 72 30 4 40 4 53 61 37 2 35 8 33 51 74 49 31 73 35 8 10 40 59 44 65 57 43 8 2 79 44 80 78 36 56 71 46 48 59 32 36 48 63 65 57 61 40 79 44 54 47 69 72 78 74 35 54 61 69 45 52 7 59 50 37 67 30 34 45 69 4 54 50 40 57 53 38 32 80 34 57 45 60 63 7 53 61 71 38 55 31 65 53 40 67 53 58 40 72 33 10 76 60 39 59 36 78 58 66 39 71 74 34 56 45 63 9 61 36 5 44 65 61 34 67 43 62 49 6 45 56 2 75 32 63 49 61 41 47 3 41 80 34 30 72 52 5 37 32 68 76 61 10 34 10 5 9 8 40 58 79 41 3 74 30 53 33 56 36 46 33 46 74 53 64 63 38 56 68 48 44 10 55 69 77 33 54 7 60 63 53 50 66 32 63 67 32 41 69 64 78 65 55 73 34 67 64 3 6 48 8 65 76 77 40 6 59 72 69 45 75 66 49 57 10 7 62 10 38 35 33 59 10 70 36 63 2 69 45 32 78 78 5 3 63 39 61 79 51 78 31 80 50 65 60 63
41 69 58 47 79 70 47 8 10 63 73 76 30 49 40 6 36 47 41 52 2 59 7 60 3 50 69 70 36 39 65 33 66 8 41 4 52 2 57 32 59 49 3 8 58 41 9 37 30 45 46 2 59 3 2 43 36 78 49 78 9 65 62 75 64 42 54 51 6 46 74 78 64 54 77 44 63 43 36 53 70 34 31 0 32 41 38 61 35 10 36 2 51 62 3 47 41 49 9 41 59 10 31 66 63 71 3 3 3 56 43 3 36 47 41 52 2 8 31 32 7 59 37 32 7 54 4 3 8 43 70 9 72 65 68 69 77 32 67 37 40 52 6 43 46 5 37 76 71 64 40 72 58 54 56 41 67 8 37 62 39 4 2 7 43 66 53 51 78 72 77 33 74 69 9 74 41 71 70 47 46 72 8 6 72 8 61 64 56 3 71 49 49 52 74 65 30 66 5 77 66 7 36 10 50 66 44 78 45 7 62 5 10 64 55 62 2 35 3 76 7 35 45 2 43 77 43 36 36 55 8 73 7 67 48 53 10 67 63 49 66 43 40 47 49 57 54 79 37 70 61 34 77 54 50 30 78 4 74 46 32 8 75 57 52 50 75 4 80 31 67 43 7 51 42 37 32 33 6 65 8 51 38 36 62 5 74 61 80 8 49 10 77 8 80 2 34 41 6 62 31 46 39 41 57 36 41 66 41 80 53 63 33 10 56 47 34 37 41 33 65 52 10 7 36 7 40 49 32 78 39 9 77 54 10 40 65 36 48 41 67 8 4 55 5 68 31 60 33 53
7 8 52 38 71 33 54 32 31 7 52 69 74 45 2 72 38 72 31 56 48 80 35 64 79 6 47 69 3 5 60 47 41 54 53 36 33 49 9 50 2 33 30 72 42 65 55 35 9 63 47 80 42 64 67 10 62 68 41 4 59 65 69 80 4 7 35 30 56 40 76 52 64 76 4 62 6 63 45 67 52 56 57 52 0 42 47 51 9 75 31 47 8 47 56 30 7 79 67 47 32 61 38 68 34 37 50 33 37 30 68 41 10 56 45 10 79 78 6 40 46 73 50 5 58 2 46 64 48 75 5 41 31 35 39 10 66 35 10 3 47 7 32 39 3 68 2 2 10 75 54 76 48 8 2 44 64 55 69 8 3 52 44 65 53 54 46 4 69 32 36 36 32 48 80 64 46 39 70 8 43 51 80 59 57 49 6 3 6 32 45 39 38 50 77 4 62 35 55 4 9 60 10 78 71 8 61 10 8 63 70 71 77 40 35 35 32 35 58 46 66 56 57 49 59 32 5 60 6 10 69 10 52 79 56 36 66 71 3 77 80 54 47 40 6 57 77 8 80 80 67 32 76 64 30 8 64 44 5 79 54 66 3 36 37 32 59 39 42 62 4 10 34 8 55 52 39 58 72 5 74 64 51 7 76 64 64 9 67 47 9 60 66 66 72 44 44 34 63 4 37 65 30 63 34 10 63 76 7 41 53 55 5 62 10 8 33 52 34 63 49 35 54 39 5 57 67 76 7 50 72 50 2 78 54 45 56 60 6 7 50 61 63 43 52 6 46 8 77 4
66 56 41 60 36 60 48 49 79 52 78 44 44 60 48 46 70 77 35 9 70 7 70 73 61 32 52 36 32 64 46 64 77 41 65 56 2 62 78 42 67 40 60 61 60 4 32 70 77 32 73 68 55 68 30 61 34 70 62 32 76 80 30 31 57 78 49 40 73 5 48 4 7 5 30 36 51 52 54 42 56 46 59 66 65 0 34 51 30 32 38 56 44 41 47 9 47 72 55 76 6 57 10 44 8 52 33 59 77 6 76 54 32 31 46 30 31 58 71 9 78 79 65 58 44 34 71 75 39 76 64 52 67 35 68 59 7 43 76 33 80 40 56 76 71 66 74 50 76 46 38 51 8 32 74 68 6 39 10 56 66 36 31 66 36 7 9 78 4 50 10 7 4 45 37 78 10 8 69 68 9 50 39 66 8 37 50 78 79 79 46 10 73 54 44 39 4 44 59 49 68 44 70 48 59 64 8 44 79 78 62 48 54 38 64 51 80 55 72 8 50 10 65 75 76 74 44 10 76 32 48 39 79 32 56 5 30 9 59 36 67 49 3 6 31 72 52 35 43 67 62 33 44 63 33 67 61 62 52 60 6 34 60 3 66 58 9 36 80 58 57 79 69 59 39 74 79 9 73 45 64 50 67 31 10 49 50 31 64 73 53 31 10 54 59 34 57 72 63 30 75 72 55 4 48 42 9 58 58 43 58 9 71 61 76 33 4 32 37 54 6 49 58 58 42 76 59 5 63 3 62 55 32 53 65 79 54 46 43 30 8 38 64 9 61 50 62 45 50 65
49 50 78 55 3 37 59 30 78 41 63 5 34 60 49 68 41 3 35 70 76 38 30 36 53 69 78 64 67 61 8 4 61 44 76 30 64 36 41 10 51 9 52 48 9 61 59 8 48 10 7 61 62 31 38 40 73 8 4 49 41 10 37 33 53 64 55 60 47 72 9 78 34 44 67 3 38 70 9 7 9 70 36 57 59 58 0 3 41 75 10 36 62 42 61 60 74 58 62 68 66 79 78 41 44 35 61 65 77 78 2 80 34 80 45 35 66 47 36 38 65 51 37 54 51 73 70 39 48 9 66 66 9 4 2 51 45 3 75 74 9 33 51 10 33 56 32 47 37 4 4 8 33 49 66 78 58 71 30 54 73 57 77 77 43 65 74 76 42 7 66 77 48 2 36 6 79 72 39 37 45 2 58 61 34 62 41 54 31 68 2 37 2 4 46 42 40 2 59 65 49 43 40 48 7 74 58 76 30 79 35 36 65 62 7 10 68 8 45 68 38 50 55 67 3 65 47 50 45 36 49 43 45 30 10 70 45 74 74 9 49 7 36 43 64 6 40 41 74 70 72 51 5 6 2 44 31 42 40 4 67 56 76 64 6 5 71 42 4 10 79 49 66 75 7 61 7 49 57 53 78 52 4 36 79 62 8 78 8 55 39 79 60 66 10 64 3 8 47 68 4 78 45 51 53 67 80 10 55 77 7 41 66 47 66 38 53 10 62 69 33 49 45 67 45 43 76 73 79 31 46 61 55 2 31 10 61 58 64 64 70 67 51 69 32 37 5 72 5 61
75 43 54 79 3 36 69 62 60 54 39 4 72 79 52 36 54 8 75 66 60 41 30 52 49 35 65 77 53 71 10 5 38 53 57 69 60 74 80 10 79 7 78 34 6 69 38 5 66 2 4 37 30 66 61 30 70 3 7 59 73 5 42 31 58 80 59 40 55 35 10 62 47 75 76 3 76 74 8 8 4 31 52 55 78 32 10 0 46 80 9 68 53 68 51 54 69 72 60 53 79 64 74 54 33 31 57 48 50 62 5 46 39 80 51 77 42 41 48 74 48 34 58 76 75 72 66 72 65 9 31 59 6 3 4 69 44 4 69 64 6 78 48 4 42 49 48 69 76 10 5 2 59 52 75 34 65 76 66 60 57 36 80 44 61 58 43 38 73 8 49 41 31 8 30 3 33 60 43 33 44 5 58 54 61 45 40 46 74 33 9 59 8 8 49 80 39 5 58 52 74 66 73 72 6 58 37 39 53 45 48 78 30 56 9 5 63 2 40 40 31 73 77 51 10 73 39 37 51 57 37 38 48 65 6 43 37 37 40 2 71 3 64 59 74 9 55 76 56 73 41 55 10 5 2 44 51 80 50 3 40 50 56 38 6 7 47 73 9 4 59 58 67 45 10 49 9 62 61 66 33 32 3 52 79 66 4 74 3 33 66 38 54 35 10 68 4 2 73 50 7 44 55 73 35 39 79 9 79 32 7 67 51 49 53 40 64 6 80 53 39 39 78 30 33 76 46 65 38 54 41 43 80 8 39 6 31 58 40 32 53 36 41 55 31 46 4 64 6 55
2 6 80 37 61 42 62 71 67 2 56 66 62 66 5 68 41 52 39 46 80 66 60 53 33 7 40 76 6 9 71 65 71 60 65 39 32 57 9 37 7 34 33 52 61 71 65 72 6 70 49 32 30 52 38 4 57 57 39 5 39 59 73 65 7 9 51 60 76 59 51 54 72 43 4 50 9 78 55 45 37 32 32 54 4 40 79 48 0 51 41 73 5 58 58 64 7 73 61 38 77 64 65 35 63 78 55 67 65 77 54 71 5 45 30 6 51 67 9 74 44 75 31 9 40 8 67 65 67 41 7 78 75 60 38 10 36 58 7 8 64 2 53 75 4 34 5 9 7 75 40 60 54 2 4 52 74 78 52 3 4 70 49 36 65 66 47 10 61 37 76 34 49 38 61 60 41 62 33 4 70 40 64 47 38 47 2 7 2 71 37 38 71 70 75 10 67 34 65 8 4 40 6 40 48 4 62 5 8 72 63 63 45 54 49 68 31 36 32 32 41 66 38 56 66 59 7 41 3 5 42 8 65 33 48 64 33 40 7 44 59 36 80 66 7 45 42 5 40 75 30 54 52 54 42 7 70 59 8 57 47 32 6 74 70 72 75 67 41 74 5 6 72 3 41 30 71 54 62 8 49 77 46 8 54 62 41 4 60 77 5 45 72 53 64 52 68 72 66 6 54 60 46 42 39 6 78 48 5 39 40 65 7 40 10 9 38 41 68 79 75 58 41 69 2 67 45 43 2 57 58 65 2 67 43 61 76 54 6 4 77 66 37 58 36 2 54 3 46 10
48 34 77 58 39 32 35 4 8 50 61 36 54 70 30 4 67 45 70 51 5 50 6 72 5 70 31 44 68 38 74 54 57 7 60 5 38 2 59 62 62 42 9 5 64 40 2 40 77 58 62 9 78 4 4 73 39 60 45 69 8 79 38 77 56 55 70 60 8 61 39 77 46 67 37 62 74 31 79 75 74 47 43 6 60 67 58 44 34 0 48 9 35 78 9 32 58 48 5 63 44 9 77 30 63 74 7 4 3 55 77 9 60 57 78 61 2 7 42 33 10 62 56 62 5 75 5 2 6 77 44 8 36 57 73 36 41 40 57 72 54 66 2 34 62 8 56 70 49 51 67 60 44 62 55 40 31 10 71 76 51 8 4 2 72 69 31 49 40 56 40 74 61 67 4 55 37 35 65 55 56 47 10 8 77 9 46 64 42 2 52 54 77 68 41 40 72 43 2 56 45 4 60 3 52 80 79 52 51 8 71 10 8 60 60 71 10 38 6 51 9 74 58 3 75 30 64 38 63 69 7 49 5 66 58 77 8 56 48 64 31 47 70 40 63 52 70 53 70 79 30 44 49 47 75 46 50 7 65 78 67 6 55 58 77 73 59 6 31 71 56 70 9 44 60 54 77 52 7 46 4 59 76 51 47 6 36 75 30 4 69 4 54 7 72 5 65 53 4 77 60 37 50 57 52 63 74 40 37 69 42 73 59 8 41 65 34 46 63 41 67 42 5 2 43 3 75 55 74 80 72 9 41 36 6 34 58 75 40 42 40 7 2 55 3 79 53 41 50 78
79 52 78 48 7 36 41 69 46 79 61 6 71 67 33 30 41 2 31 60 77 55 51 43 54 65 59 30 38 72 2 5 32 55 33 72 32 54 55 9 64 4 72 76 5 37 43 3 36 4 3 44 56 47 52 35 72 3 10 46 52 3 51 39 30 32 49 65 79 35 5 55 48 75 31 10 43 80 2 4 7 55 56 73 45 33 4 2 33 67 0 72 63 64 47 60 77 30 50 48 78 47 66 70 43 80 52 64 42 60 7 59 42 74 47 40 70 44 70 56 78 75 41 38 41 67 64 46 46 10 78 71 5 5 9 44 58 3 63 52 5 31 62 2 77 47 71 61 67 8 3 7 46 51 56 42 77 80 68 77 53 49 34 47 79 37 57 44 44 9 78 56 70 9 60 9 45 62 61 36 43 9 71 61 50 68 32 44 60 52 8 65 10 4 30 77 70 6 34 32 57 39 80 52 6 33 40 49 50 63 35 31 61 72 6 2 58 4 52 62 57 44 46 47 9 31 51 78 52 61 35 69 69 56 10 62 31 64 57 3 30 7 32 63 38 10 31 79 36 46 42 32 10 10 7 42 41 61 67 5 59 64 55 77 5 8 75 59 3 3 50 67 76 78 7 52 5 57 68 75 59 65 3 53 71 71 10 30 9 67 53 63 46 64 3 40 9 9 57 58 4 59 44 72 41 53 46 10 67 55 10 59 55 47 57 38 41 8 42 61 39 44 36 62 59 46 43 31 54 37 75 51 31 4 57 6 64 36 70 77 34 35 44 36 39 49 9 33 8 49
62 46 77 34 40 39 43 10 9 75 65 76 78 68 45 2 32 59 39 66 6 46 7 42 5 54 48 31 48 57 34 59 64 5 79 6 38 4 72 51 43 67 3 9 52 42 3 40 64 37 36 10 66 3 5 39 61 77 54 36 10 73 49 49 57 78 51 68 9 55 56 59 65 41 52 32 36 31 39 56 54 79 61 3 55 31 52 54 43 8 44 0 50 51 4 57 30 33 7 35 60 5 67 32 30 70 7 3 6 74 60 4 39 47 60 53 7 3 48 70 6 73 40 42 2 66 7 5 2 36 79 9 72 65 77 49 40 76 58 79 77 42 6 55 62 10 67 38 44 65 33 35 39 54 68 79 42 8 38 33 68 4 9 9 64 52 78 46 76 79 37 65 69 45 5 62 78 42 32 56 75 80 4 2 49 8 33 45 49 10 68 80 34 78 69 32 52 43 6 77 31 3 38 8 65 42 35 43 70 5 80 2 7 64 31 80 5 62 5 44 6 54 62 2 46 61 74 52 35 76 5 54 10 66 31 44 4 70 74 57 62 79 44 43 31 78 74 44 36 74 51 65 48 70 40 69 55 4 73 59 56 9 65 51 64 60 49 2 67 72 80 68 2 40 70 52 60 67 7 68 2 76 49 47 46 6 52 32 55 3 79 7 78 9 66 4 67 38 5 60 34 64 50 52 50 30 38 57 42 59 75 73 44 5 56 80 51 62 71 80 38 51 2 7 47 10 33 48 37 56 43 9 38 37 4 77 33 47 66 57 35 9 2 79 8 33 48 65 30 58
10 5 65 63 80 52 31 59 74 5 63 67 72 34 10 78 58 39 48 70 51 67 55 74 58 6 64 48 6 2 67 34 80 63 72 67 50 55 3 55 8 72 62 66 73 76 66 33 8 37 31 68 49 40 39 3 74 52 36 7 40 37 33 77 2 5 41 68 77 75 46 37 35 50 3 71 9 38 32 54 56 79 31 62 10 78 65 37 9 77 69 76 0 34 77 63 10 41 67 70 55 35 76 35 56 57 75 53 53 41 64 60 10 45 72 6 73 65 4 47 43 62 67 9 43 6 51 72 42 60 5 67 37 45 36 9 38 75 2 2 54 8 48 67 6 51 8 10 2 65 39 63 32 6 6 31 35 62 54 3 7 42 67 59 52 34 72 4 77 54 54 69 64 43 72 36 59 60 51 2 75 46 63 59 45 62 10 3 7 77 48 77 33 58 66 6 33 56 45 10 2 57 4 80 41 2 80 6 3 53 51 42 46 44 62 56 39 72 40 40 35 46 60 45 60 70 10 57 6 10 66 6 78 53 44 40 57 66 9 62 30 49 65 59 4 76 47 9 66 45 41 30 37 74 38 2 75 67 6 32 43 69 4 33 38 75 32 34 58 36 2 6 75 2 39 53 51 59 67 4 68 48 66 8 72 49 39 4 35 33 7 80 79 76 46 68 80 30 62 9 80 67 35 79 57 8 78 65 7 64 54 73 5 30 3 2 75 47 40 39 70 31 74 37 10 55 70 80 3 79 69 72 8 56 59 75 79 30 3 8 65 73 71 52 47 7 73 6 43 7
65 61 8 9 34 2 8 41 79 34 3 79 4 8 57 47 9 79 7 51 76 41 78 6 75 45 8 7 48 39 43 74 2 67 5 77 65 47 46 42 35 41 80 56 80 47 52 56 30 48 47 44 3 66 44 35 5 63 35 32 73 68 10 10 75 54 8 8 63 77 80 30 39 55 56 76 77 3 79 44 63 7 9 76 45 66 59 76 47 40 37 64 31 0 39 43 59 2 41 3 62 64 39 5 39 3 59 66 46 78 68 57 58 2 9 30 31 50 58 49 62 3 4 78 74 42 66 33 46 57 55 49 73 49 32 42 32 63 51 53 71 68 60 46 62 43 49 38 42 38 49 46 42 63 66 10 35 76 67 33 61 70 42 77 3 30 62 79 73 43 52 75 79 70 78 54 40 57 7 47 42 41 58 49 69 52 65 38 41 78 64 53 74 63 10 79 62 71 36 66 56 38 57 79 67 47 60 73 69 64 3 39 57 9 72 68 70 74 57 38 59 34 3 33 79 4 55 64 78 36 63 46 64 5 35 44 57 43 56 52 4 47 60 65 68 75 2 57 7 5 5 3 47 33 61 71 2 58 67 68 35 71 59 43 32 53 34 75 35 60 77 60 67 64 65 2 44 73 45 30 39 8 80 68 75 58 64 61 66 79 66 55 80 50 42 37 58 40 41 64 46 4 9 51 10 44 71 33 78 4 58 37 38 35 55 47 72 77 2 9 62 6 62 49 72 77 3 43 75 59 2 47 30 35 76 35 7 3 30 68 78 71 31 60 37 49 34 66 30 47
78 44 62 51 51 73 70 7 7 48 52 78 63 45 43 3 66 72 56 62 9 39 7 67 2 73 71 50 32 52 72 53 57 10 71 2 54 7 35 30 57 79 6 5 42 75 4 40 36 39 78 6 74 6 7 52 74 80 31 44 3 30 63 47 74 50 70 52 8 80 64 30 59 60 72 49 72 45 59 55 32 34 60 7 49 60 36 69 68 7 54 3 42 42 0 57 65 45 3 65 45 6 49 68 41 44 10 2 10 67 67 7 67 32 67 45 9 8 75 46 4 39 69 53 5 39 4 4 6 33 78 4 42 34 63 32 45 40 60 43 47 72 9 63 70 6 80 60 31 33 37 74 63 49 30 71 70 7 58 71 38 6 7 2 55 79 66 49 41 33 63 63 70 54 2 35 67 74 70 63 42 66 10 10 35 5 64 63 76 10 36 63 68 72 53 51 45 31 7 49 45 10 35 4 30 75 56 53 72 2 53 4 5 30 68 43 7 43 6 58 9 56 61 10 74 52 72 55 43 39 8 70 2 54 47 37 5 80 63 53 58 40 47 66 36 63 48 52 34 58 73 44 55 46 72 43 63 9 35 72 57 9 62 66 57 39 79 4 56 77 62 72 5 60 59 55 39 73 3 47 9 56 43 45 63 9 58 75 54 2 41 8 64 2 70 2 36 69 10 56 36 43 30 71 51 78 55 34 59 75 39 32 73 7 52 67 59 62 79 76 71 35 5 5 75 2 49 42 38 47 31 5 49 55 8 58 68 39 52 52 51 10 9 55 9 39 61 70 44 55
35 66 56 74 45 75 67 56 77 79 69 62 33 31 49 46 40 76 49 6 52 9 50 50 67 54 73 36 67 54 56 55 56 78 49 53 9 38 77 79 45 33 80 41 49 8 43 53 61 57 35 79 64 37 72 36 56 69 62 48 42 60 45 49 50 51 36 76 54 9 63 7 5 8 55 74 44 43 37 68 52 61 34 67 48 10 48 74 56 77 55 41 48 37 65 0 80 61 33 76 6 59 7 31 7 44 56 36 31 4 75 35 32 72 72 50 50 73 67 5 32 61 45 60 73 51 43 47 36 54 40 52 76 53 47 34 10 46 67 78 43 69 52 54 46 45 44 44 38 56 33 41 2 80 49 65 7 41 4 30 61 68 76 43 42 3 2 54 6 54 6 4 10 56 70 59 3 2 79 76 8 47 51 73 3 76 66 60 37 73 52 7 38 38 38 44 5 79 64 61 70 68 56 72 53 63 2 78 69 39 72 43 69 41 67 78 56 51 71 8 73 10 66 42 75 33 69 8 52 69 40 43 78 42 56 10 75 4 36 37 47 72 8 7 55 59 75 58 79 39 59 55 31 54 54 42 42 62 42 49 10 34 58 3 60 76 10 55 56 59 79 56 70 49 79 42 60 2 43 66 34 63 64 50 7 30 77 51 63 78 61 31 6 71 48 40 54 77 62 41 68 63 57 2 73 62 3 50 68 71 51 2 39 39 48 62 9 61 31 67 8 43 79 34 70 70 42 9 42 10 65 66 35 64 76 64 58 66 31 67 10 62 78 3 44 43 38 65 72 31
10 7 49 38 71 41 33 58 33 8 66 47 32 67 4 59 60 64 52 64 41 43 76 35 31 8 79 63 6 8 38 32 47 67 52 67 70 57 6 39 7 75 32 74 71 37 67 45 7 46 79 40 67 69 78 3 42 77 62 5 52 40 65 79 7 8 45 64 48 69 54 46 43 33 7 42 7 44 61 62 37 80 37 37 4 41 46 62 9 73 55 66 9 37 52 79 0 47 39 46 77 57 51 76 61 34 43 62 66 31 69 77 2 55 79 6 62 37 2 47 63 58 49 4 48 5 79 33 62 44 2 76 31 56 56 7 55 50 6 6 76 5 57 35 10 54 9 4 5 33 46 58 45 8 4 49 77 55 75 8 5 40 58 32 38 58 65 6 79 61 65 36 55 41 66 51 61 65 44 5 57 72 45 68 80 39 7 2 2 66 62 64 57 70 43 2 66 71 56 10 3 73 2 60 56 9 52 2 10 74 57 71 47 68 52 76 43 45 31 43 63 55 46 32 67 53 9 32 8 5 51 10 72 30 57 50 34 51 10 72 80 78 36 33 5 53 39 2 54 41 64 33 61 66 66 5 40 60 5 47 33 80 4 53 55 50 45 66 53 49 6 2 46 4 64 58 48 57 59 2 80 31 61 6 78 55 46 4 67 71 3 33 67 76 74 54 41 58 56 4 75 62 43 50 58 10 50 77 2 76 77 69 8 55 6 10 76 77 63 62 30 76 36 54 2 41 45 43 7 36 70 74 5 55 51 51 72 74 7 8 31 35 57 48 70 7 60 4 60 10
57 62 7 2 34 4 4 32 80 45 10 65 6 8 58 54 3 46 9 70 79 66 79 10 32 62 4 10 42 69 46 51 9 42 6 72 76 57 44 49 30 68 62 54 73 60 75 57 42 78 57 78 5 36 80 76 5 48 45 76 31 51 5 8 40 78 2 7 34 67 54 71 49 48 43 68 67 6 60 55 54 8 3 61 54 77 65 42 63 79 73 71 64 5 70 36 78 0 49 4 79 77 58 7 62 2 60 52 34 30 42 40 41 4 2 44 68 64 38 49 59 5 6 76 54 56 45 55 76 47 80 72 76 58 70 35 67 33 55 36 57 53 45 46 75 65 77 68 55 67 66 49 56 34 78 2 54 48 34 36 54 48 68 36 9 40 68 58 54 39 40 40 70 63 52 34 51 54 4 34 56 60 55 50 67 65 30 61 39 70 68 57 78 76 7 55 67 45 43 64 46 31 34 44 70 43 76 54 75 36 2 68 31 2 34 39 58 58 45 36 78 39 7 46 50 7 68 53 31 51 57 39 32 7 37 77 75 67 66 60 4 79 38 73 79 61 9 33 2 8 7 3 59 44 62 56 3 53 35 79 54 41 54 40 54 47 40 77 60 44 69 55 56 49 34 3 56 38 50 33 45 8 36 61 45 61 69 80 34 40 60 36 70 33 40 42 65 68 48 65 35 10 6 51 3 41 43 74 80 5 56 65 37 60 68 64 68 78 5 5 41 2 53 67 59 57 2 30 39 61 8 40 68 77 72 72 6 10 47 51 71 68 51 53 55 51 56 62 65 53
80 33 50 36 68 56 33 6 10 75 35 73 66 39 58 7 43 32 62 32 3 56 9 67 3 63 67 64 58 31 51 52 58 2 77 8 46 6 78 64 69 80 7 6 33 36 10 35 40 42 71 3 76 5 5 51 46 36 62 61 2 39 76 62 52 80 54 54 6 63 59 63 68 38 44 66 67 40 65 76 79 57 67 7 62 32 72 37 66 4 66 5 80 71 9 39 74 54 0 76 71 3 37 32 73 66 9 6 2 75 62 8 65 78 55 38 10 8 80 55 2 39 73 45 3 39 2 10 9 56 67 4 57 57 37 59 67 41 34 34 32 76 4 60 75 6 55 72 58 74 57 43 53 47 49 68 79 4 49 65 77 8 10 7 32 80 69 64 76 80 65 78 60 72 8 52 46 69 40 36 76 79 6 2 80 6 48 42 47 6 32 69 72 34 48 61 41 75 4 65 50 8 55 4 38 74 44 70 60 6 79 9 3 52 60 47 6 61 3 70 4 31 75 10 54 80 68 77 52 33 7 45 8 70 79 64 8 48 41 32 79 45 62 75 64 39 77 56 64 36 66 78 71 60 73 32 67 2 63 58 36 8 65 78 69 50 41 8 67 61 45 64 3 57 47 33 54 71 4 63 4 36 64 63 51 6 57 43 70 4 33 10 69 4 52 8 43 76 8 75 58 79 43 32 52 38 55 50 74 41 70 47 42 3 35 52 71 44 49 53 61 35 8 8 32 10 41 80 36 34 55 9 58 79 3 46 38 50 74 74 38 7 2 54 8 35 36 64 42 77
40 57 9 4 34 10 10 45 75 37 5 42 2 8 74 34 4 48 2 32 73 45 37 7 45 40 8 3 44 30 76 77 8 30 9 48 41 40 47 39 33 75 33 77 34 52 48 77 45 60 31 72 7 54 73 74 7 37 59 44 54 30 10 6 42 55 10 6 47 77 49 76 73 69 41 51 36 8 55 79 50 7 9 65 48 52 39 42 36 36 60 62 78 2 72 70 38 5 52 0 67 45 30 3 44 2 59 67 71 32 45 79 48 4 5 54 33 72 54 47 58 9 9 58 70 59 75 35 64 37 33 43 80 69 32 56 59 38 59 75 37 41 60 61 56 40 52 49 30 61 79 66 37 51 65 6 38 43 47 39 59 80 66 46 2 57 36 73 80 38 48 74 57 79 38 34 40 48 5 50 49 59 65 73 42 74 37 77 66 70 66 72 54 75 6 36 58 72 54 32 30 42 79 68 46 32 70 51 72 37 8 53 33 7 77 60 40 44 49 31 75 44 8 36 44 3 70 37 39 68 79 57 40 2 65 39 50 47 64 55 2 56 68 55 64 31 5 33 7 4 10 6 38 54 59 80 3 51 40 41 78 73 77 64 76 56 70 34 31 54 42 64 35 69 75 2 80 67 52 74 79 10 63 62 51 55 73 78 50 78 64 45 40 36 37 53 35 61 35 63 39 8 8 38 10 67 49 55 30 10 41 45 50 80 75 35 78 79 10 4 62 3 61 62 37 76 3 69 53 55 10 73 58 77 41 73 4 5 48 47 41 45 59 68 39 71 57 42 69 61
76 78 39 45 47 47 63 39 35 70 50 77 48 56 37 80 54 59 75 6 33 9 70 50 37 68 71 33 75 60 30 49 73 31 38 43 10 77 34 30 72 76 80 72 39 9 75 30 54 80 47 78 66 48 42 76 68 38 66 38 73 56 54 61 61 65 67 70 66 4 41 3 3 3 55 68 73 38 70 44 60 31 40 39 32 2 35 40 40 75 39 60 58 61 71 10 80 42 45 49 0 58 3 63 5 62 59 64 53 10 31 59 39 78 43 38 67 33 59 6 57 34 36 32 41 54 76 71 77 57 65 54 70 60 67 78 9 68 41 44 34 74 43 42 70 52 79 64 71 30 75 74 5 40 67 60 9 37 4 50 37 65 62 34 61 3 8 44 6 47 5 10 7 79 50 72 4 5 75 73 9 48 67 40 7 32 62 53 75 67 49 9 80 76 43 56 10 53 72 74 32 65 79 58 34 38 2 46 74 47 76 74 41 70 34 56 57 43 43 3 67 3 51 30 66 47 50 8 66 37 66 47 50 58 45 4 63 6 77 30 51 35 3 10 50 59 50 31 39 40 64 31 60 78 69 77 60 31 68 72 6 60 45 10 51 41 7 51 69 54 65 30 46 35 40 33 67 10 80 57 44 64 46 33 3 62 68 41 56 37 36 53 7 61 41 43 35 37 72 78 55 45 71 8 61 78 7 31 41 78 49 4 55 30 70 63 3 41 40 59 10 55 39 67 80 55 49 10 70 5 41 52 41 72 55 36 39 37 70 55 8 80 64 5 34 65 56 63 60 70
59 32 63 50 58 34 79 4 7 54 39 39 48 61 49 7 74 78 32 57 10 73 3 47 8 73 73 38 49 78 60 66 32 7 55 6 62 9 45 57 42 40 3 4 49 73 8 36 80 55 61 3 63 6 6 31 45 36 42 34 5 70 73 39 59 65 48 78 3 76 80 79 34 33 78 64 56 74 35 79 50 63 61 5 67 55 61 53 36 3 59 4 30 42 5 59 61 79 6 66 46 0 49 71 31 58 4 5 5 35 77 10 46 38 31 45 4 2 38 36 9 67 80 44 4 49 8 8 7 71 67 5 74 67 32 78 73 48 71 48 52 69 2 36 74 8 39 61 61 65 41 35 50 48 37 73 40 10 47 33 49 6 7 6 73 69 78 61 41 48 56 58 48 37 6 57 48 56 73 78 32 42 10 10 58 9 69 44 38 6 75 38 55 30 54 75 33 58 3 75 52 7 54 2 30 31 70 76 51 3 77 4 9 80 63 67 6 30 8 79 7 71 39 2 61 55 69 42 56 44 8 44 5 67 67 40 8 62 78 71 47 80 62 77 55 43 62 39 67 38 80 37 60 46 79 30 48 5 75 58 48 3 50 34 62 63 80 8 54 70 46 60 8 32 68 45 52 76 5 80 5 77 47 73 54 5 60 80 43 9 39 4 72 5 52 6 58 30 7 53 72 55 45 64 46 33 65 73 32 38 35 65 68 10 68 70 58 52 72 41 37 44 3 4 67 9 45 38 80 56 73 5 71 34 5 61 55 65 60 65 31 5 6 69 2 77 62 67 60 70
61 76 48 76 32 62 63 34 73 39 37 72 62 36 35 52 64 72 49 7 48 2 67 65 38 55 33 33 64 52 32 45 39 78 40 51 8 64 33 58 45 37 72 40 43 4 45 32 50 50 65 31 51 54 48 71 60 61 38 74 40 68 54 79 70 74 48 38 62 8 50 8 8 2 58 31 36 72 71 70 37 77 36 66 30 3 39 68 38 31 70 52 66 77 32 8 72 63 65 64 9 41 0 34 5 37 32 77 72 2 53 43 37 61 41 42 39 64 52 7 30 30 54 52 68 45 52 73 34 33 76 72 59 40 55 43 7 39 68 46 32 38 32 66 55 34 48 79 51 45 71 62 6 60 44 43 5 59 4 65 53 47 62 55 54 10 3 58 2 79 9 7 5 67 51 72 8 5 60 53 9 54 39 73 5 44 69 75 44 51 55 10 72 68 70 73 10 63 71 54 37 68 34 54 71 33 8 44 40 69 36 65 30 79 30 77 34 42 59 9 70 8 43 30 80 62 72 3 41 47 49 79 45 36 73 7 54 9 42 36 59 59 5 7 52 78 35 41 66 44 48 75 51 69 63 48 75 46 43 75 4 47 33 4 49 69 7 35 35 80 62 48 53 40 74 60 57 7 34 36 35 54 66 60 3 53 65 48 48 64 76 49 5 66 63 76 35 51 62 38 61 70 60 10 33 57 4 76 60 45 61 8 32 43 71 71 6 66 70 77 6 78 47 34 51 78 50 10 46 10 72 54 33 63 61 70 45 77 58 66 8 75 69 5 75 35 65 38 42 80
60 47 6 8 70 7 9 41 44 78 4 32 3 7 43 63 3 74 5 75 48 76 67 2 78 31 6 10 34 46 57 67 8 45 2 71 47 56 57 67 31 55 31 42 75 46 68 48 52 67 35 60 7 79 60 52 5 59 36 30 51 48 5 3 30 39 5 10 34 35 73 75 69 55 52 52 75 3 58 32 68 2 5 67 79 65 67 41 80 79 71 70 45 2 59 46 64 8 35 10 51 58 30 0 59 5 34 74 57 68 38 60 39 10 4 50 44 33 77 64 59 5 4 30 68 61 72 47 57 35 73 59 51 74 52 64 55 40 71 50 54 34 50 59 55 73 60 71 32 43 48 31 55 40 30 10 45 40 33 48 60 52 79 33 10 46 65 44 59 78 37 66 45 30 56 45 37 51 5 48 44 49 51 50 52 44 51 65 32 47 47 55 53 73 7 60 35 34 46 57 70 46 51 50 72 37 78 55 60 37 3 45 61 9 31 53 32 71 62 64 67 53 8 74 39 6 33 52 51 37 76 70 60 8 78 56 54 30 46 38 9 40 73 76 69 38 8 58 2 4 3 9 32 34 60 63 6 71 32 80 58 75 36 72 64 42 71 74 66 38 57 76 45 54 69 2 71 60 58 65 65 7 38 73 48 80 80 60 40 61 39 77 36 31 59 55 46 63 65 68 79 4 3 34 6 33 46 73 76 4 73 42 61 68 63 48 48 72 4 6 77 5 70 53 74 64 2 50 58 56 9 39 31 57 30 65 4 6 58 73 44 71 43 80 60 48 74 56 80 58
59 65 45 52 30 56 66 32 56 70 44 70 67 47 50 78 54 78 33 5 79 5 31 56 61 30 32 42 46 80 35 65 72 54 40 31 10 34 60 80 78 33 35 79 58 7 36 32 69 66 69 62 49 54 37 47 42 58 66 64 40 80 30 45 62 39 44 37 69 3 74 10 9 3 56 74 52 38 58 76 63 41 71 61 31 9 80 34 46 47 40 37 62 50 61 3 51 39 69 43 7 52 8 78 0 42 33 54 62 10 76 76 35 51 35 40 33 68 57 6 53 55 58 53 72 54 41 40 54 37 80 59 73 74 63 60 4 53 37 74 80 46 68 39 61 72 60 49 49 47 64 47 3 56 79 49 2 47 10 79 57 80 80 64 59 3 5 36 2 79 9 6 6 80 55 77 3 3 57 69 10 43 31 49 7 80 78 50 63 30 37 9 33 72 71 30 2 52 65 73 55 69 79 45 44 39 8 48 46 67 41 59 40 78 37 51 77 64 37 3 49 10 54 35 73 58 50 3 30 42 71 40 70 43 51 10 80 8 32 52 33 43 7 4 37 44 75 50 44 74 50 55 37 53 78 72 49 78 37 30 7 80 40 6 41 69 2 47 51 56 71 40 64 74 36 37 47 10 59 51 54 74 56 30 9 72 44 66 36 54 66 75 5 60 40 30 58 70 48 69 46 37 32 3 76 67 10 45 61 35 61 7 35 45 32 64 7 41 42 35 6 47 77 74 62 39 49 10 40 3 56 56 79 66 65 55 77 65 30 58 4 40 78 9 62 75 36 67 51 35
80 54 5 3 79 7 10 44 48 67 8 75 4 3 58 42 7 46 6 69 38 55 51 10 31 31 9 10 49 41 68 75 8 39 8 34 53 63 36 51 45 46 74 53 65 54 45 54 53 46 40 73 10 43 42 59 9 70 54 46 47 53 10 3 37 60 10 2 50 61 76 31 51 60 65 48 32 4 68 62 49 10 6 65 30 42 41 69 34 44 67 55 50 3 67 40 64 9 70 4 56 60 55 7 76 0 60 50 55 36 75 49 49 8 4 73 58 60 52 32 49 5 5 36 57 57 79 68 36 30 57 34 64 51 68 71 66 43 45 53 51 44 49 58 61 37 40 36 55 68 73 72 46 55 69 2 68 64 65 62 47 65 39 52 8 39 39 50 69 43 78 60 77 37 78 42 72 41 6 50 61 45 76 42 49 67 38 32 61 36 33 37 42 33 7 71 62 67 36 63 51 39 51 49 60 63 39 36 73 34 4 34 77 3 68 39 45 34 54 65 44 66 10 66 68 5 35 36 36 70 32 58 77 6 56 61 79 35 56 78 9 73 73 53 67 64 9 58 5 5 7 4 59 51 67 40 9 45 58 62 79 43 66 30 80 44 56 44 47 72 56 61 80 46 80 9 64 65 77 34 38 10 79 47 40 41 47 73 52 69 30 78 76 40 71 55 39 52 39 80 57 5 2 61 7 73 52 73 62 7 69 46 43 75 37 53 30 38 2 9 70 9 69 44 57 63 10 69 44 34 5 41 39 62 53 53 4 8 47 55 55 33 72 43 68 45 53 80 58 39
61 41 58 77 43 32 33 4 7 35 54 75 33 73 72 5 38 44 48 43 8 69 6 69 2 44 62 67 32 54 67 54 74 3 73 3 65 4 33 55 55 68 2 9 34 51 9 68 68 34 56 3 72 9 9 44 35 73 30 61 4 57 72 65 33 31 40 31 4 71 69 43 78 31 57 40 78 55 41 64 58 64 35 4 45 45 41 71 35 9 39 9 65 42 5 75 64 51 9 33 55 7 51 76 76 46 0 4 2 30 72 8 65 59 70 59 5 6 68 32 2 39 73 66 5 73 4 3 6 77 35 10 63 71 40 37 69 67 47 54 45 44 9 79 63 10 43 34 61 47 31 65 46 62 73 33 73 4 44 56 74 6 8 2 38 80 66 69 50 30 48 72 58 72 2 31 72 72 44 80 56 79 4 3 67 4 44 49 44 9 76 30 47 61 75 78 35 55 4 35 35 4 69 4 48 61 41 68 40 2 45 7 6 77 61 40 5 74 3 63 3 36 67 3 48 46 32 74 64 69 4 48 5 36 64 71 2 54 75 41 70 39 71 65 31 66 76 38 32 77 33 59 39 65 30 61 44 10 49 32 73 8 41 45 64 48 47 6 74 72 33 59 10 35 37 52 34 32 4 64 10 39 56 61 44 8 69 55 62 8 43 7 68 2 71 3 63 36 3 77 54 41 49 32 36 30 76 43 73 38 30 71 37 8 37 71 76 58 77 30 45 62 10 6 32 10 46 42 34 45 72 2 79 75 9 63 40 78 47 67 33 8 8 32 4 55 37 53 72 73
78 48 30 69 33 51 78 5 6 55 60 58 73 76 59 9 32 48 51 73 5 55 6 54 4 47 66 77 38 57 76 39 76 10 40 8 37 5 57 56 74 79 9 2 53 50 4 66 67 68 32 8 57 4 8 37 54 44 47 55 3 73 56 59 79 74 56 72 6 66 54 55 35 62 63 52 38 33 63 52 59 68 65 8 51 61 76 50 47 2 57 3 40 44 5 69 39 53 6 43 43 4 55 62 49 34 10 0 10 68 37 2 52 41 58 41 7 5 68 70 6 55 36 49 6 62 2 7 7 76 71 7 58 56 60 46 65 59 41 30 70 44 4 80 79 2 39 55 49 76 45 77 55 47 74 37 45 7 76 53 36 8 2 3 60 39 56 67 55 66 79 47 52 46 9 44 78 37 79 59 30 46 4 3 77 5 39 63 57 10 36 62 48 77 42 61 71 39 4 54 38 6 46 9 55 75 74 61 78 6 64 9 7 75 58 31 4 79 4 45 9 59 72 10 48 78 59 63 39 67 3 77 2 43 39 74 4 64 30 62 55 65 58 30 71 79 78 32 38 65 54 54 78 49 35 51 45 5 80 60 60 8 78 55 43 74 43 7 32 36 34 56 9 33 75 66 33 66 9 52 3 43 36 76 46 9 36 65 36 4 46 9 80 2 47 8 75 77 9 76 39 80 44 30 80 71 71 61 33 67 40 78 71 3 32 36 59 61 42 39 32 53 9 3 60 3 34 40 76 30 75 8 69 43 5 58 75 31 60 40 44 7 10 66 7 36 36 38 40 70
64 73 64 33 32 68 51 7 2 33 67 58 68 58 63 10 42 31 63 53 4 38 9 38 8 42 64 77 65 80 46 52 77 10 57 4 36 4 41 38 77 46 3 10 36 56 2 72 74 61 51 3 37 5 9 64 49 34 36 50 9 36 34 46 78 64 35 30 5 56 42 76 76 63 32 80 44 69 58 40 72 30 56 4 51 52 48 32 34 10 32 7 30 50 4 59 37 49 10 72 49 6 36 75 59 35 2 2 0 47 75 3 77 60 44 57 5 6 42 77 5 47 78 69 2 61 2 3 7 43 39 2 55 46 33 66 72 64 50 74 48 39 4 53 53 5 78 79 52 59 75 34 70 52 36 73 73 4 37 44 71 8 5 10 64 73 48 57 72 69 42 34 58 75 9 63 71 49 67 35 62 47 2 8 49 5 53 45 75 9 60 42 71 58 63 66 58 78 6 43 41 7 58 7 72 77 43 44 69 7 33 7 2 60 48 46 5 52 9 48 9 57 68 2 45 70 41 40 64 61 6 67 7 52 33 65 4 32 46 67 66 79 56 36 55 79 32 34 38 65 48 64 63 74 42 52 57 8 63 31 44 3 69 55 77 36 30 6 56 47 42 73 4 35 67 40 30 62 9 39 8 69 44 52 36 3 42 62 75 6 47 6 30 4 66 4 36 63 5 60 34 71 78 50 80 50 59 31 72 76 59 74 70 9 53 72 55 70 57 33 70 76 8 3 80 4 51 64 58 36 66 5 43 35 9 34 36 44 73 76 55 6 3 71 2 55 62 43 41 65
55 67 80 47 61 36 49 75 55 56 74 54 68 65 30 80 42 39 71 10 78 8 60 78 70 33 42 49 79 58 55 41 63 50 66 49 10 46 35 63 33 39 41 41 55 3 54 62 32 36 47 66 41 38 48 48 51 54 54 45 32 73 34 33 79 45 73 45 63 7 66 5 8 3 80 76 58 36 75 31 34 62 58 34 61 3 39 74 63 75 30 40 67 76 40 8 78 55 59 35 2 52 2 71 3 47 65 74 52 0 66 32 47 54 31 40 69 33 32 8 79 61 73 57 35 53 43 77 30 50 78 62 46 58 35 32 8 71 71 34 59 47 40 42 65 33 76 48 69 78 61 59 5 46 45 79 3 41 10 47 78 37 41 79 62 6 10 63 6 43 5 2 7 38 34 48 6 9 66 66 5 62 54 44 4 33 43 34 31 36 72 10 48 52 38 39 4 55 33 79 69 74 60 58 62 30 2 73 43 55 53 57 57 52 36 77 36 59 49 10 32 10 61 64 38 64 64 4 73 40 55 61 62 73 54 10 68 10 33 58 54 41 2 8 34 67 73 61 48 68 63 78 70 63 47 62 41 70 47 32 2 64 57 9 45 76 4 53 56 32 73 69 41 51 52 41 78 10 39 40 45 61 72 76 4 39 62 66 43 40 69 39 4 74 54 32 33 37 78 73 71 68 65 10 65 62 8 36 57 42 66 2 58 34 54 77 3 55 47 51 5 61 65 67 59 33 67 8 48 7 31 58 37 68 75 62 80 75 74 66 7 44 32 2 32 74 50 50 51 35
75 45 69 54 6 62 40 73 45 71 49 5 42 61 36 43 50 4 52 70 51 54 45 38 57 80 55 72 50 52 9 5 37 70 33 38 57 45 74 2 33 3 77 31 8 31 71 8 30 10 2 62 44 34 64 44 70 9 8 63 35 3 37 63 44 44 68 45 43 54 6 39 53 75 45 10 61 51 5 7 8 51 70 77 45 46 7 8 58 42 6 72 37 44 59 64 62 69 64 44 72 46 60 33 61 80 48 58 53 39 0 64 72 75 60 78 30 30 53 51 54 36 53 37 53 77 66 53 75 7 37 52 7 6 2 44 53 8 75 37 2 43 34 6 62 68 68 33 50 8 6 2 66 37 78 30 79 35 41 32 55 80 53 69 40 70 74 60 37 10 66 65 46 6 74 10 55 60 72 49 46 8 45 54 66 39 75 48 41 47 8 48 8 7 57 71 59 3 51 68 62 50 64 55 5 66 77 35 62 50 52 44 53 40 6 5 64 3 71 66 40 30 48 37 7 61 71 64 51 65 77 55 46 37 8 59 63 32 57 8 67 9 53 51 45 5 66 64 74 50 44 67 4 6 8 78 35 64 54 3 59 57 75 72 10 10 56 30 10 2 57 39 57 64 5 64 3 54 55 39 49 60 2 69 74 30 4 57 6 36 69 44 44 66 6 61 5 5 78 36 6 37 49 64 32 57 33 7 52 51 7 51 63 51 72 72 52 2 50 44 78 69 79 68 66 67 66 62 72 52 44 57 36 3 35 6 64 33 71 47 30 65 61 48 34 59 8 56 6 58
44 59 53 30 76 61 59 5 6 50 41 36 33 60 33 7 55 75 60 68 7 62 3 30 8 79 73 61 67 41 76 32 47 10 73 5 75 10 67 32 36 55 10 5 74 38 2 31 46 61 36 8 44 5 4 38 68 31 57 38 3 66 42 40 72 66 65 53 5 57 47 47 52 34 62 67 48 60 80 70 73 45 69 4 30 51 66 62 68 2 31 6 61 58 3 43 50 31 6 47 74 5 41 70 56 50 6 6 8 79 41 0 37 50 54 52 2 6 42 66 9 37 53 42 7 52 9 10 4 62 45 8 56 66 75 45 41 44 68 31 44 48 5 39 32 2 69 71 74 60 62 60 50 31 38 31 55 10 74 37 41 3 6 5 39 59 54 50 77 30 38 50 65 62 7 64 49 45 53 74 76 62 4 7 74 3 63 80 72 3 60 70 49 69 80 32 60 34 4 59 57 2 67 2 45 66 41 72 67 4 50 4 3 67 64 61 5 46 5 79 7 47 69 9 80 53 30 36 37 37 8 59 9 37 51 46 7 38 65 57 42 34 49 31 50 77 61 43 58 49 64 64 41 56 49 63 62 5 66 33 59 2 63 65 75 55 48 5 46 65 73 52 5 71 53 60 78 46 9 65 3 34 75 65 44 6 68 52 33 7 65 6 54 4 40 9 53 30 3 46 78 70 56 58 71 54 80 50 55 52 55 36 48 7 38 54 38 75 40 80 50 33 9 7 38 2 45 63 80 66 57 8 69 38 10 73 69 61 41 50 48 2 10 50 6 65 41 40 71 41
9 4 57 39 62 74 41 46 78 3 78 76 61 41 7 60 56 53 64 67 40 51 36 72 37 7 61 51 2 2 39 50 79 36 54 60 50 42 5 39 2 40 43 68 33 30 65 37 8 77 37 54 64 53 76 9 73 63 61 4 58 66 78 52 6 2 63 31 32 30 42 70 73 30 2 67 3 38 61 32 37 52 44 64 9 33 42 79 4 31 50 66 3 34 36 31 10 79 45 72 37 76 48 59 73 79 71 56 42 65 30 39 0 31 60 7 73 78 8 60 47 75 80 8 32 5 58 48 53 36 4 75 32 77 57 9 53 61 7 4 40 9 61 50 9 31 3 6 9 76 52 45 75 10 2 50 33 69 43 9 4 31 77 36 38 46 46 6 74 54 76 59 58 75 65 45 43 70 80 6 61 75 40 53 34 42 2 9 7 78 40 50 43 67 52 9 64 71 51 8 6 58 4 37 52 2 54 9 2 70 80 56 46 45 51 53 42 64 53 80 68 68 72 35 56 54 9 78 8 2 47 9 45 32 77 48 65 34 9 54 80 58 50 57 8 31 62 10 34 31 44 48 43 46 32 3 50 78 8 47 36 68 8 66 37 39 32 70 42 64 6 8 32 4 52 41 72 62 34 6 40 64 55 6 35 49 67 3 41 70 6 80 54 70 74 72 76 63 53 3 44 59 35 59 45 8 50 79 2 30 73 54 2 55 7 4 42 33 30 41 54 79 78 71 3 68 70 67 7 76 79 30 4 32 71 35 31 80 3 2 51 50 78 50 59 3 45 7 47 5
79 45 2 8 40 4 10 53 74 63 7 48 3 7 39 59 9 77 7 34 41 59 73 4 67 76 10 7 37 64 38 72 7 78 2 31 42 69 72 69 55 67 51 65 71 41 59 53 60 57 66 76 10 64 50 43 10 50 66 31 46 53 7 3 30 60 10 8 39 78 48 49 70 79 49 41 57 2 80 53 42 2 4 52 46 55 31 34 72 64 78 43 78 8 77 52 43 7 46 7 57 46 45 7 71 5 33 50 38 42 42 31 51 0 7 76 35 38 49 30 43 7 8 57 40 62 33 32 32 40 36 41 52 62 39 60 44 75 43 40 70 46 69 32 71 55 49 63 32 74 55 69 39 65 46 10 70 48 34 66 35 73 30 33 6 43 57 55 67 63 68 58 44 45 38 68 70 59 9 44 57 76 78 69 73 57 77 65 49 79 52 75 54 39 9 32 66 41 33 68 65 50 50 46 53 32 67 69 43 38 10 53 75 2 34 64 58 52 34 36 42 72 10 43 45 2 80 30 69 64 37 71 56 10 62 54 33 35 67 71 3 50 71 64 50 48 9 79 3 6 3 2 58 48 49 58 10 50 73 49 76 62 36 72 51 42 76 71 53 77 46 60 63 46 65 7 75 59 73 73 55 4 61 45 48 63 32 60 46 65 79 34 44 77 39 40 30 80 74 31 57 10 10 46 6 35 60 72 68 5 44 58 76 52 45 65 43 56 7 3 67 5 63 33 31 59 5 38 47 76 10 37 30 68 33 73 4 6 58 67 51 51 52 56 39 62 44 79 30 48
62 41 4 6 56 7 9 76 65 69 9 67 3 9 47 78 10 55 5 53 32 49 30 8 72 72 5 5 37 73 68 63 10 44 9 62 32 75 68 63 32 49 34 59 73 65 34 34 48 51 56 77 9 47 42 35 3 62 43 52 79 50 4 3 41 75 8 4 57 64 34 57 61 76 65 72 70 6 54 30 31 4 3 78 33 56 57 33 38 59 61 57 42 2 65 31 41 10 63 7 35 60 65 3 72 8 78 42 30 71 41 36 57 6 0 69 78 68 30 36 59 6 2 56 51 65 73 41 42 57 34 61 30 47 76 37 59 69 69 37 73 63 53 47 61 55 52 34 57 38 76 75 39 51 78 6 44 80 62 77 41 57 70 80 9 78 41 58 64 79 61 38 34 46 73 52 42 79 10 46 71 46 67 54 59 33 30 47 64 63 42 80 65 31 3 66 75 49 56 69 79 36 35 57 45 49 49 62 73 68 6 36 44 7 59 46 39 42 41 80 38 34 5 44 80 7 72 66 71 64 35 79 39 4 75 73 47 62 32 80 8 71 78 58 32 79 5 37 5 10 5 8 67 62 53 76 8 69 52 68 48 72 79 42 39 42 72 74 51 44 49 53 34 75 66 8 40 39 56 78 40 3 42 58 33 37 78 68 66 79 66 48 34 80 57 50 54 63 53 34 62 7 5 62 3 41 55 31 80 8 72 30 33 49 42 35 59 77 4 3 73 9 33 49 57 36 2 58 52 37 5 42 53 70 64 53 6 7 76 54 50 43 51 62 63 67 44 67 54 57
2 2 45 42 55 37 66 44 36 7 47 80 34 74 9 75 41 70 56 72 31 52 36 33 43 5 75 67 7 5 35 78 48 49 63 46 53 63 5 36 3 60 62 44 43 74 32 73 5 34 36 55 65 54 41 5 56 64 67 9 49 54 62 32 8 2 68 80 37 75 52 60 38 68 6 36 7 75 44 53 36 30 56 78 10 36 50 43 6 46 70 40 2 42 65 62 5 52 65 53 35 76 51 62 38 68 75 51 35 30 68 35 2 32 36 0 46 72 8 31 77 54 31 2 70 5 57 67 60 39 5 49 51 59 57 8 66 44 5 7 40 10 46 53 10 55 10 4 4 59 44 34 58 4 4 64 70 46 70 8 5 76 54 75 53 62 48 7 48 34 71 35 31 59 47 48 77 62 41 9 74 71 49 48 54 40 10 5 8 33 47 72 40 33 56 9 67 47 52 3 9 51 10 72 63 7 31 4 5 75 77 47 37 42 72 56 32 77 60 36 80 59 34 43 55 47 10 72 4 8 39 10 60 67 80 65 65 54 6 54 42 39 36 41 7 32 37 10 66 72 32 48 78 66 32 5 38 70 8 36 57 56 7 41 41 51 62 36 57 38 5 2 46 4 44 52 65 51 51 4 51 30 33 2 44 38 36 7 55 36 2 42 57 40 62 58 54 35 67 5 61 56 70 75 47 8 30 61 10 54 67 45 5 71 9 10 43 50 57 45 55 38 71 53 7 77 57 45 7 59 42 41 5 49 43 66 68 64 5 3 30 63 54 44 68 6 39 3 53 5
30 36 64 76 70 58 79 9 4 71 63 51 50 30 40 5 64 79 62 52 10 42 3 35 9 70 48 49 60 79 80 31 38 3 52 4 37 10 66 79 58 48 3 5 61 41 7 58 39 48 58 10 80 8 6 36 80 56 73 65 7 65 69 56 60 58 76 67 9 43 66 66 77 49 31 71 50 59 62 60 77 39 51 6 76 73 76 50 66 8 55 2 48 40 9 58 76 70 6 75 37 8 48 31 58 66 4 10 4 34 33 7 58 66 43 37 0 4 37 37 10 50 30 32 3 68 7 3 5 30 77 10 42 61 55 64 73 50 33 33 46 80 2 33 48 6 33 74 34 60 78 60 64 80 51 40 50 3 64 74 74 7 5 3 58 80 74 74 69 77 33 31 78 67 3 67 30 59 62 52 48 44 3 2 42 9 41 64 32 8 77 30 43 37 74 56 36 45 6 47 63 10 55 4 77 43 39 77 49 7 61 5 7 35 36 76 4 49 6 59 10 79 32 8 30 44 80 48 73 66 10 65 6 64 66 62 2 66 53 50 41 43 33 71 58 72 50 48 32 66 77 42 80 67 37 64 44 3 47 71 42 9 72 43 53 64 41 2 36 32 48 38 9 80 39 73 54 67 6 57 3 74 68 70 56 3 44 65 77 7 45 5 66 9 70 7 62 61 10 71 42 48 36 42 66 31 64 40 75 46 79 37 34 7 30 58 77 63 68 73 53 43 4 6 54 9 65 60 41 42 78 4 31 72 2 31 61 59 62 77 78 7 4 78 4 48 79 69 55 55
42 47 42 31 57 74 37 2 5 53 34 65 69 36 50 7 62 73 40 33 3 47 4 49 3 66 47 39 50 77 38 71 48 3 71 3 79 6 57 61 72 54 6 7 40 33 3 45 52 31 49 6 31 8 8 44 78 58 66 42 9 49 46 51 70 32 36 34 9 73 52 72 35 68 55 78 42 46 61 76 75 49 45 5 40 77 69 52 66 8 55 9 56 56 9 56 45 37 2 42 37 5 69 64 44 46 9 6 2 67 59 4 65 31 63 57 6 0 64 64 9 80 50 63 7 64 6 7 4 31 36 10 49 79 44 69 44 35 61 57 35 70 3 76 73 5 30 69 49 30 34 42 48 60 34 44 63 7 41 58 62 5 2 7 59 41 61 45 61 53 70 69 59 50 2 61 76 42 69 54 58 59 9 7 31 10 57 68 44 8 68 63 66 71 49 76 71 64 5 43 48 4 58 9 30 35 39 74 46 9 64 7 3 39 48 68 3 42 10 40 9 59 78 7 69 35 76 73 70 52 2 71 2 44 38 80 5 73 80 49 31 59 64 39 41 32 57 59 57 61 41 63 57 74 39 40 57 2 80 39 50 10 76 68 30 75 68 6 55 80 41 58 10 36 74 44 54 67 3 42 9 42 80 60 76 3 35 68 73 6 72 4 56 8 44 7 30 78 10 40 35 58 79 42 30 60 59 42 68 74 30 42 52 8 75 70 64 46 68 69 60 53 9 2 71 7 51 40 78 55 74 8 50 49 10 46 31 49 76 72 47 5 10 56 6 38 39 33 52 45
6 9 73 66 60 41 62 76 68 5 53 63 37 58 4 55 75 65 53 59 78 72 80 32 52 4 58 51 4 5 79 53 55 47 65 62 80 70 10 40 3 32 48 31 37 42 73 72 7 47 41 41 65 65 65 4 46 76 42 3 64 73 72 74 2 6 72 46 75 67 71 61 69 65 3 38 3 65 57 44 34 57 40 65 3 60 53 49 2 42 46 61 7 71 76 47 7 73 72 32 55 78 37 77 45 62 72 54 72 60 65 58 9 30 35 9 70 55 0 65 36 47 68 3 30 4 63 64 80 76 2 76 50 36 61 6 58 35 8 3 73 9 78 50 4 37 2 2 3 65 59 77 51 9 6 71 47 32 32 4 8 74 74 78 33 36 34 7 44 65 43 30 54 34 66 58 79 32 38 5 59 39 70 52 72 41 10 3 3 37 38 60 72 55 66 5 73 68 72 10 8 39 7 60 59 7 53 6 2 32 45 67 51 57 51 61 60 49 61 51 30 59 57 67 50 39 9 38 6 9 71 7 66 74 57 43 62 68 5 59 52 78 48 57 4 74 77 7 63 31 79 59 68 66 54 8 37 34 4 63 41 73 4 64 55 56 45 75 34 59 9 5 59 2 59 37 43 69 49 10 48 71 32 8 69 53 59 5 44 44 9 57 69 62 49 75 67 30 61 10 60 39 72 47 80 9 59 33 4 41 32 51 10 40 8 8 68 32 49 72 51 55 33 45 6 80 70 49 3 68 57 79 7 39 73 62 51 41 2 6 33 72 62 40 39 10 67 7 61 4
49 76 50 64 69 54 74 62 78 56 70 38 51 64 55 64 42 47 57 7 64 9 69 49 68 43 53 55 78 49 46 51 43 40 30 71 10 43 65 47 46 47 66 56 55 8 57 79 33 31 53 52 31 49 73 43 72 34 71 78 56 54 71 32 31 37 47 54 74 8 35 9 9 2 40 60 67 63 38 67 33 64 31 37 61 9 35 32 71 30 79 78 37 68 32 2 51 66 47 63 7 48 5 36 5 71 53 63 35 4 71 65 43 58 80 35 34 47 59 0 53 78 73 68 47 71 60 30 48 39 48 75 51 33 38 54 7 33 40 75 51 66 58 35 80 34 69 41 71 61 65 79 6 65 68 73 7 51 2 52 64 44 75 57 60 7 7 31 10 59 10 3 10 41 59 54 2 5 68 63 10 72 71 41 3 40 30 60 69 31 34 6 73 71 55 52 9 65 31 31 43 37 53 68 78 50 4 77 67 74 74 42 47 41 41 66 49 59 45 5 36 3 42 39 56 62 32 4 36 54 43 60 54 60 75 9 70 10 66 71 56 35 6 3 68 73 34 77 36 35 80 75 50 49 44 47 78 69 32 72 6 37 63 4 75 46 10 51 36 52 39 50 36 63 40 48 58 2 78 41 42 34 64 69 2 52 66 63 30 74 53 60 7 43 64 66 52 37 46 34 58 50 61 5 54 46 2 76 48 66 67 10 76 39 62 55 9 49 76 53 2 35 52 68 54 33 49 9 71 7 60 56 76 71 80 55 57 55 54 74 8 55 61 7 43 37 39 39 47 79
40 31 53 41 67 42 76 4 5 80 64 75 40 80 41 3 65 68 47 39 7 79 6 62 2 32 75 72 53 36 45 66 51 10 66 4 69 5 42 34 31 80 6 2 68 69 6 53 67 54 42 4 44 10 7 50 59 76 47 42 2 70 33 37 30 52 41 65 8 54 35 39 80 73 70 52 64 34 33 53 54 50 79 4 55 46 31 73 58 5 36 5 74 35 6 53 39 63 10 75 77 4 56 76 49 50 6 7 9 62 62 2 33 79 76 40 5 3 41 52 0 36 35 30 7 73 9 10 10 71 77 5 60 50 59 53 71 65 55 57 58 66 2 30 63 7 69 42 36 47 79 39 66 79 30 77 55 10 57 61 54 9 5 5 36 37 30 77 73 36 45 72 66 45 7 56 75 38 76 62 53 69 4 4 75 9 51 73 66 2 72 55 50 60 43 30 43 78 8 32 59 3 59 8 74 75 57 43 71 3 35 4 7 60 59 73 5 36 3 47 2 62 63 3 64 37 71 55 49 45 3 32 4 66 36 30 9 71 64 47 55 52 71 37 48 53 53 62 63 32 58 42 66 30 38 49 75 10 70 54 35 2 76 71 37 51 34 8 62 33 80 35 6 76 41 55 69 60 8 57 8 64 74 35 35 10 48 38 39 5 62 9 41 9 53 5 66 78 5 72 58 62 65 44 46 68 74 74 38 41 49 35 61 8 58 40 36 58 73 61 51 51 6 9 34 7 51 43 76 63 77 10 79 77 5 44 57 54 47 45 65 10 3 63 4 34 52 49 70 72
77 60 8 6 38 3 7 68 57 54 9 72 5 7 68 54 2 40 2 36 73 46 43 2 41 70 7 3 74 42 80 75 3 78 6 76 78 57 49 76 39 68 80 77 74 73 43 59 50 33 80 40 6 73 31 70 4 66 69 65 46 47 5 6 40 73 2 3 63 33 55 51 77 65 40 80 35 2 37 44 78 9 5 37 33 75 73 35 60 40 76 31 76 8 68 34 41 3 67 9 30 59 69 5 32 10 43 31 59 43 31 47 73 8 9 71 44 45 65 30 59 0 10 53 66 62 35 80 61 51 32 43 40 70 65 46 46 70 54 48 36 54 36 31 49 73 65 64 57 37 34 77 66 79 46 2 66 63 70 64 73 32 77 51 6 79 43 60 78 78 72 63 51 42 40 66 31 43 5 76 32 37 61 62 49 46 72 79 52 42 49 66 79 30 2 80 42 64 67 48 42 38 62 37 69 30 42 64 38 36 7 31 72 10 53 67 50 33 33 61 47 59 9 77 69 2 69 50 48 61 63 59 51 7 78 59 36 57 37 53 10 77 30 66 38 75 9 62 2 7 8 6 63 77 68 55 5 70 74 34 32 67 30 44 30 53 51 42 40 30 43 70 57 72 52 7 60 56 58 54 74 6 66 79 57 40 58 36 39 65 72 56 73 59 56 57 38 35 33 58 59 10 3 52 2 59 75 38 49 3 66 39 45 65 38 36 71 65 9 3 42 2 46 59 64 44 7 40 61 51 4 46 49 62 78 53 8 10 58 34 47 34 72 73 65 37 53 38 39 74
68 62 3 6 39 2 10 37 44 77 10 30 7 10 68 58 5 36 6 80 59 40 64 10 65 51 7 3 80 55 79 63 10 35 6 51 33 80 32 38 32 58 36 30 80 79 73 36 60 79 54 39 2 74 63 35 10 65 80 72 72 72 6 10 77 68 4 6 80 71 78 47 38 32 43 43 56 10 75 71 43 7 7 54 47 38 57 36 78 66 34 54 58 10 47 38 32 10 40 5 76 64 72 4 31 10 31 62 49 47 47 75 70 10 4 63 45 43 63 54 78 4 0 45 72 35 39 35 71 66 34 77 57 38 68 37 32 57 35 47 62 32 66 46 72 41 78 36 49 57 49 37 67 53 64 8 49 34 36 42 30 54 69 79 4 63 46 78 48 73 59 72 59 41 75 39 41 74 10 54 40 73 75 37 36 71 60 73 75 69 71 64 54 50 10 40 77 52 39 41 32 49 58 40 77 74 78 77 37 43 6 59 63 9 76 37 34 46 77 79 75 30 4 68 35 6 44 79 62 71 64 37 34 8 53 77 36 62 64 67 8 52 38 80 64 41 2 57 9 2 8 8 36 49 34 65 6 72 33 73 52 57 59 30 49 58 37 67 77 52 75 49 63 43 77 5 65 66 39 73 67 2 46 77 44 65 36 59 31 35 75 72 38 39 49 63 52 38 38 67 53 4 9 65 8 78 32 78 35 3 34 32 45 46 32 77 49 52 9 6 63 9 57 40 63 42 9 75 56 56 9 67 43 54 74 40 2 9 72 61 41 65 61 74 33 64 44 57 70 39
2 5 54 63 76 73 53 63 67 2 47 65 70 34 4 47 31 38 50 57 57 72 55 67 45 8 75 57 6 5 30 58 47 32 33 30 50 58 5 77 5 71 52 57 63 63 69 57 5 71 80 49 66 46 33 4 30 67 73 6 42 57 34 58 3 6 72 62 61 70 57 31 41 54 10 46 9 36 35 39 64 73 55 74 8 58 50 67 10 37 43 35 7 74 77 55 5 70 35 59 50 46 44 37 31 72 78 30 48 37 30 48 8 54 47 9 36 59 8 30 78 71 36 0 56 9 32 43 60 66 9 35 33 56 56 6 36 54 6 6 58 2 68 31 10 49 3 8 8 30 30 50 71 9 4 54 76 37 37 8 10 51 76 54 58 56 57 9 45 57 53 49 44 80 46 47 70 59 54 8 35 32 73 52 47 52 6 6 2 72 31 67 36 67 45 7 58 45 44 3 4 47 3 36 38 10 68 6 7 75 39 80 31 70 72 73 52 33 34 62 54 55 67 43 43 32 2 63 5 10 75 4 52 60 72 46 65 54 3 55 73 80 75 34 10 75 37 4 53 65 46 42 35 35 53 7 64 52 8 37 75 45 3 43 41 78 53 44 80 79 3 9 72 9 43 50 55 45 74 9 34 41 66 3 30 66 44 6 69 34 4 74 69 67 31 78 78 77 58 9 43 49 59 60 50 8 63 43 6 43 44 75 3 78 8 6 35 68 77 44 62 72 36 42 6 51 31 74 3 79 65 52 5 39 80 36 69 41 6 8 59 41 74 67 73 5 39 9 62 2
59 39 36 67 57 49 36 4 10 43 71 73 46 66 53 7 54 31 72 64 4 65 7 73 10 66 76 34 47 77 44 53 31 6 30 8 52 2 32 62 42 73 7 10 37 40 5 43 79 76 75 2 42 7 6 37 77 51 62 32 2 47 59 45 30 74 77 78 2 80 74 58 79 54 52 47 47 69 33 56 71 76 47 8 73 69 55 35 66 3 63 10 50 70 9 30 70 46 2 32 80 8 41 32 75 41 6 8 10 65 45 9 58 65 41 37 4 10 34 44 2 51 61 37 0 36 7 2 5 71 51 3 58 34 79 69 46 38 52 54 54 60 8 32 46 8 77 71 69 59 54 76 57 62 62 71 33 8 70 78 58 8 6 8 72 71 67 51 43 36 34 46 72 42 6 80 44 64 49 66 36 65 9 9 54 7 54 57 56 10 55 54 46 51 70 42 33 42 4 62 34 6 71 7 58 56 74 38 79 5 54 7 10 40 73 39 7 42 3 59 4 65 74 5 73 79 65 37 46 39 6 69 9 77 68 47 2 79 35 57 76 48 58 68 67 31 45 48 64 50 45 69 61 32 61 34 40 7 48 63 63 6 77 34 47 44 64 10 36 45 46 76 3 44 59 44 39 59 2 34 6 78 60 58 74 9 42 31 68 2 75 5 35 9 64 8 41 36 2 78 32 56 59 67 80 30 67 45 77 33 53 60 59 8 36 39 40 49 51 46 35 47 8 2 31 3 36 46 40 64 35 7 68 36 9 59 47 45 43 71 69 2 9 53 6 60 64 38 43 51
7 6 76 69 59 44 35 36 54 2 58 41 60 51 2 70 58 59 70 65 34 54 48 33 74 2 37 38 5 9 76 51 34 33 59 45 59 54 8 62 3 79 43 45 46 47 67 30 5 46 34 78 78 50 63 4 72 53 72 10 65 40 49 33 4 9 50 50 58 78 70 55 71 34 10 37 5 31 36 32 55 72 73 54 9 34 40 35 8 52 49 63 6 38 40 80 4 72 62 59 36 52 44 58 38 57 42 51 60 65 73 39 9 40 49 4 51 31 4 39 67 54 77 10 31 0 55 69 56 70 3 69 31 53 46 6 80 67 8 10 56 4 80 78 3 62 3 7 9 80 65 67 55 4 6 47 46 79 65 8 8 35 72 42 38 51 49 10 35 30 34 33 61 38 78 39 68 31 38 3 64 77 42 59 41 80 6 9 6 67 63 58 67 38 45 9 38 80 74 6 5 56 8 77 80 2 69 5 9 36 51 43 58 40 74 80 45 51 70 75 78 70 76 72 51 74 8 46 8 6 71 5 43 60 67 34 32 68 2 66 72 52 76 52 7 53 51 8 75 60 45 77 43 50 69 6 59 44 8 33 32 47 8 76 38 42 57 75 71 69 2 9 66 6 40 57 55 62 57 5 30 69 59 10 73 54 70 10 56 63 3 34 38 77 65 53 71 51 52 4 70 45 75 37 59 2 71 65 5 65 62 76 3 49 9 10 31 51 47 69 46 32 32 64 5 75 42 54 9 41 65 56 7 53 65 53 39 55 4 9 68 36 77 43 52 10 59 5 43 5
46 61 75 48 36 74 60 6 5 78 34 73 61 41 66 8 35 68 30 31 2 78 6 73 6 53 41 78 47 56 78 39 72 7 49 5 67 7 64 38 66 67 6 7 80 40 7 55 57 32 75 9 68 6 9 76 74 52 69 52 5 43 30 41 53 75 68 44 6 72 54 50 67 34 30 48 52 38 71 72 45 78 76 9 32 71 60 67 48 10 46 2 55 51 9 75 35 57 5 54 49 6 66 54 33 66 5 9 4 68 56 9 53 43 34 64 2 6 68 53 4 38 43 36 4 63 0 2 2 39 56 9 65 36 72 65 39 74 70 42 66 79 6 54 36 10 37 68 68 66 37 34 52 55 47 61 31 4 79 42 34 4 9 6 77 77 62 31 70 39 59 67 68 46 7 39 55 73 31 45 44 48 3 5 61 9 71 49 66 10 41 80 59 49 48 47 51 75 8 38 50 5 60 4 69 30 59 43 67 7 59 3 8 40 38 76 5 50 10 75 10 42 36 8 42 59 74 37 55 55 6 52 3 78 41 51 10 35 41 51 51 70 79 37 30 31 61 48 45 58 68 58 77 30 47 46 68 7 66 53 50 6 35 79 44 58 37 2 63 47 60 48 8 39 74 71 78 73 4 38 2 72 44 67 32 2 56 55 35 8 38 9 71 9 67 4 69 37 5 35 70 69 57 78 46 60 65 63 76 47 61 46 57 3 76 37 76 55 72 42 78 55 6 3 60 10 65 69 73 34 70 5 44 72 5 35 69 32 42 77 61 9 8 62 10 34 42 54 60 66
70 41 31 60 49 51 41 5 2 78 48 55 66 45 74 10 54 46 73 58 8 53 3 76 3 54 57 31 40 41 41 71 71 9 44 2 37 4 53 31 50 67 8 3 49 68 5 71 78 73 43 5 40 4 4 37 80 57 64 54 5 71 77 75 38 30 73 36 9 57 60 39 32 40 50 31 67 41 56 72 67 39 56 3 79 46 45 78 36 7 68 2 34 58 4 71 53 73 6 51 59 3 58 65 38 35 5 2 3 71 31 3 43 80 40 49 5 4 56 31 2 65 73 34 9 73 6 0 4 66 46 3 37 75 47 80 38 42 52 49 65 37 5 75 68 8 31 74 38 45 55 61 33 47 61 63 80 8 59 80 36 4 9 6 43 68 41 58 44 53 76 34 39 35 3 59 69 72 35 53 53 53 8 10 50 9 80 70 72 10 74 53 39 47 38 73 44 69 4 47 76 4 51 3 61 64 42 67 63 4 35 6 9 44 68 38 10 32 2 51 10 72 47 3 33 40 48 56 46 65 3 70 10 36 57 69 6 57 74 44 35 69 78 49 59 57 30 60 52 73 41 38 48 46 70 78 59 7 73 79 60 7 61 74 54 32 30 2 43 37 64 35 9 38 36 40 42 54 2 49 8 77 34 44 48 10 42 54 62 6 44 8 46 6 66 6 73 36 3 53 51 60 47 33 47 49 42 43 67 72 72 57 40 8 58 62 42 36 36 35 58 75 6 8 49 2 76 30 42 51 34 9 52 32 6 64 45 78 65 53 61 10 5 66 4 57 76 62 68 60
51 56 80 55 69 68 38 6 7 78 44 75 36 58 78 10 36 60 48 64 6 41 3 30 5 32 30 70 70 52 51 61 56 7 64 4 63 2 70 52 69 73 5 7 77 73 3 68 79 45 34 2 58 10 4 33 68 72 49 70 10 58 34 68 32 48 52 43 6 37 46 42 63 32 58 53 38 64 79 40 47 62 30 4 50 33 66 32 73 8 45 6 35 52 10 76 39 46 8 61 35 7 70 68 72 70 8 4 5 74 75 2 62 58 67 71 9 2 79 54 6 45 68 53 8 70 10 4 0 57 80 8 51 51 44 55 66 58 57 47 62 76 10 64 32 2 63 30 71 58 37 49 30 79 36 65 80 6 56 70 39 3 3 4 40 70 35 50 49 75 71 62 38 78 2 36 80 35 36 76 79 30 7 2 53 9 48 74 40 6 49 53 69 50 66 41 48 70 8 59 69 10 75 9 56 38 45 79 76 10 30 10 8 39 36 70 2 62 10 73 7 31 49 6 61 75 76 73 66 77 4 44 6 67 40 37 6 30 52 57 56 39 40 75 33 67 55 76 43 61 75 80 78 33 78 73 60 9 47 50 58 5 52 38 37 60 61 4 61 59 64 80 2 68 66 68 49 57 7 67 10 34 73 37 49 4 49 77 74 3 73 5 51 9 52 5 63 45 6 48 60 68 63 54 30 61 36 65 61 45 46 53 73 3 68 66 31 42 59 80 65 35 5 5 70 6 49 76 72 33 70 5 62 77 9 58 30 39 48 66 64 5 5 49 8 72 63 57 36 54
51 55 48 57 9 54 65 44 51 30 67 7 72 32 40 55 32 3 56 76 61 45 44 34 47 37 48 40 40 71 2 4 66 47 50 43 41 33 72 10 52 4 64 79 3 51 80 7 64 4 2 64 67 58 72 32 42 8 2 70 62 3 44 71 47 37 67 61 76 35 9 57 38 53 66 5 71 79 8 5 2 73 32 42 65 71 3 2 66 52 5 37 32 60 30 54 36 55 60 42 75 42 69 65 76 70 63 54 46 46 7 78 33 69 37 69 53 69 53 72 75 64 32 36 59 44 72 32 75 0 38 64 2 3 3 43 41 10 78 58 4 47 68 9 49 53 48 78 79 5 9 3 49 38 45 75 57 34 59 64 74 30 72 31 50 65 76 67 42 3 46 45 50 6 33 2 74 65 57 75 60 8 67 51 79 31 79 33 57 78 3 65 8 7 61 67 39 4 69 43 50 46 60 60 8 30 72 70 32 78 72 49 80 76 10 10 74 5 40 69 53 30 72 31 10 73 59 40 42 30 77 59 40 30 9 38 70 48 42 9 72 4 32 71 69 6 32 37 78 32 30 38 2 4 5 60 41 51 48 4 49 71 65 79 3 10 38 33 6 7 33 63 40 50 3 67 8 57 47 59 79 61 3 75 52 56 3 31 2 57 77 45 39 75 5 45 5 9 63 53 3 50 74 40 52 47 50 9 71 52 5 66 79 32 50 39 35 9 41 42 64 48 48 65 67 42 57 53 47 36 40 72 63 9 58 6 78 72 64 80 52 46 56 68 61 47 9 74 10 61
2 6 31 57 38 56 51 80 77 7 53 73 74 47 3 51 32 78 52 48 40 77 35 58 56 6 62 73 9 5 52 50 59 62 74 76 50 75 8 79 5 32 48 39 66 41 36 42 2 56 35 39 78 53 38 3 62 30 72 6 57 73 36 30 7 4 42 46 49 77 45 58 53 49 4 41 6 52 35 51 36 74 45 34 8 39 68 68 8 71 32 42 2 39 62 56 10 76 47 50 33 52 74 45 33 78 78 49 45 80 78 32 8 77 55 9 54 53 2 34 73 44 68 10 36 5 30 43 43 35 0 37 54 51 31 3 71 45 7 8 52 6 61 53 2 46 5 5 3 35 58 34 39 10 2 40 37 50 79 8 4 59 73 49 39 70 55 3 65 77 43 58 43 77 53 41 38 78 47 4 54 77 55 49 80 62 10 2 2 59 52 45 75 73 44 3 62 59 80 5 3 62 10 61 43 8 57 10 5 56 59 52 80 72 42 36 58 73 54 74 68 49 38 64 77 50 9 57 6 5 50 3 59 48 30 64 45 38 10 33 30 44 76 36 4 72 76 9 67 34 37 30 53 34 59 5 51 42 4 53 53 30 6 32 62 61 35 58 39 79 7 5 45 10 46 57 54 46 49 7 43 54 41 2 34 77 50 10 78 74 2 35 39 79 62 78 51 57 68 7 35 63 43 47 34 8 36 43 9 76 47 79 7 38 3 5 60 68 46 61 47 44 67 32 10 59 71 50 5 42 61 38 9 58 51 72 61 39 9 8 49 54 44 66 56 9 40 7 62 6
76 74 33 48 52 62 68 10 4 32 45 57 52 64 62 7 31 37 55 39 5 44 6 31 10 65 46 72 35 37 59 41 79 4 43 6 31 10 37 79 73 46 3 7 78 53 10 74 39 71 80 9 62 2 10 37 38 63 61 71 10 57 66 70 41 50 41 36 5 45 57 42 80 47 76 70 80 30 70 60 53 59 57 5 41 33 69 64 34 4 39 6 33 54 2 38 63 34 8 33 57 2 36 40 78 42 4 9 3 45 31 6 33 53 49 37 2 3 46 31 9 68 46 73 10 58 7 5 5 33 71 0 57 48 35 38 79 78 49 79 58 80 10 74 80 2 73 58 50 40 70 70 79 53 52 53 64 10 71 56 51 8 6 3 41 66 71 51 55 71 30 37 38 44 10 63 50 31 66 46 58 76 5 9 73 9 71 41 52 5 61 31 80 36 77 46 42 50 3 61 74 5 49 3 67 31 70 47 64 5 72 4 7 66 50 51 7 58 2 39 2 35 55 10 78 46 36 70 54 49 7 76 6 52 36 33 4 56 71 67 73 47 30 46 49 54 75 67 65 70 51 62 50 61 52 58 58 6 46 36 72 6 41 35 43 76 50 6 47 32 43 62 3 42 30 51 78 34 4 68 7 75 36 47 74 7 76 46 79 7 61 8 48 8 45 5 78 80 7 48 46 66 45 68 57 50 33 51 33 75 34 69 74 6 76 67 71 37 76 46 45 33 5 5 36 9 56 75 35 60 78 10 77 79 2 33 44 42 70 35 44 4 9 56 3 56 54 66 41 45
70 68 66 44 7 31 60 80 55 32 59 7 40 48 49 36 56 5 74 58 30 74 46 31 41 49 74 72 61 37 9 10 34 60 62 80 54 40 67 4 69 3 37 43 4 79 71 7 44 2 3 42 64 74 50 41 60 6 4 48 63 7 30 35 30 69 66 44 67 69 9 31 60 35 64 7 45 58 8 2 5 56 74 69 57 34 10 9 67 63 4 48 57 40 34 57 80 36 43 38 78 51 57 44 62 30 58 56 49 37 10 72 62 35 40 59 57 80 36 47 41 72 73 40 37 56 69 32 60 7 43 34 0 5 10 76 75 6 67 57 2 55 46 9 50 56 67 58 67 4 9 7 56 30 64 37 49 64 32 35 71 76 38 44 63 59 47 70 42 4 44 48 45 9 59 2 65 66 59 48 47 8 49 47 30 61 49 65 41 30 2 46 9 8 71 62 58 6 72 43 62 50 46 54 5 76 41 75 68 50 33 30 35 65 5 6 42 4 73 56 73 40 65 59 8 73 74 37 47 54 61 37 65 52 9 67 39 32 74 5 33 7 49 33 55 7 62 76 36 78 52 61 3 4 5 30 43 36 66 5 64 70 78 51 9 8 78 42 8 6 38 50 64 79 9 55 9 79 38 69 33 75 2 62 77 37 7 52 2 64 40 80 37 74 5 69 3 3 52 40 8 32 46 49 35 48 63 8 80 76 4 63 44 44 72 49 73 6 61 76 40 41 51 76 67 49 79 39 37 40 63 62 51 8 62 6 37 33 66 46 31 32 59 79 47 37 3 80 10 61
33 69 51 55 10 39 36 31 37 78 76 4 75 67 59 77 71 7 62 62 53 53 62 61 78 65 80 64 30 42 5 3 68 37 49 32 40 38 32 7 52 9 64 65 9 44 80 2 78 2 6 76 43 59 42 41 53 4 9 64 61 8 48 51 69 35 77 51 32 80 8 59 38 45 65 8 64 30 5 2 9 45 40 38 44 42 3 9 39 69 6 72 41 71 34 65 35 60 50 80 38 73 60 53 77 69 71 75 51 75 4 75 66 73 70 65 54 65 50 80 76 78 69 37 35 58 75 54 47 10 38 43 5 0 6 47 49 2 40 69 9 77 43 10 79 59 60 52 57 5 10 6 76 32 43 46 66 79 35 59 78 75 55 65 58 41 72 61 60 5 63 68 53 9 45 10 43 48 59 70 48 3 36 54 50 30 37 73 31 54 9 70 9 9 32 35 31 2 70 51 71 58 31 58 10 69 70 30 33 58 68 65 76 59 2 5 69 3 55 65 47 69 78 35 6 63 45 78 72 66 77 73 73 41 7 62 71 78 45 8 38 6 74 46 46 3 73 45 55 69 54 75 9 5 5 58 30 72 63 8 53 66 63 41 7 10 59 61 9 7 69 64 79 40 9 48 6 31 40 52 66 76 3 57 30 75 3 78 2 45 57 65 73 58 10 49 4 2 75 36 5 46 58 76 71 76 64 6 59 76 4 67 46 68 46 31 60 5 56 48 42 51 79 78 44 37 62 56 34 36 54 60 30 5 36 9 61 76 67 62 65 43 57 43 36 68 6 57 7 70
68 60 43 65 9 74 37 32 33 33 67 2 79 49 64 57 56 5 36 39 69 66 61 75 36 37 64 30 51 67 10 6 40 67 77 46 59 45 58 6 72 9 73 80 2 44 66 9 46 3 5 77 34 43 69 45 43 7 5 42 37 10 31 44 51 77 33 77 67 32 5 41 53 78 71 7 75 40 6 10 7 79 42 45 46 66 8 7 53 67 5 74 60 71 48 51 43 59 36 40 64 34 72 77 37 45 38 36 44 45 5 31 40 38 59 73 45 31 51 34 40 44 50 68 45 80 58 35 57 2 72 48 7 6 0 31 49 4 42 52 10 79 77 5 74 47 75 37 78 10 8 5 58 65 42 60 58 52 58 36 75 73 44 41 38 75 41 61 65 7 74 43 55 6 51 4 36 51 47 62 38 10 53 54 38 38 71 55 74 35 4 34 6 5 47 64 68 8 34 42 73 46 34 74 4 73 62 59 80 43 53 59 53 36 3 2 60 10 62 56 57 61 35 75 8 55 73 61 74 80 64 65 48 55 7 58 69 61 56 3 42 9 31 42 46 7 73 57 46 43 80 34 4 8 10 62 74 76 61 9 45 50 32 59 3 10 55 32 10 3 43 38 55 73 2 76 8 64 70 40 72 34 4 53 58 60 10 75 10 71 32 76 51 75 2 58 7 10 37 57 3 69 72 44 73 70 80 4 36 37 10 36 78 58 66 43 35 8 71 56 77 69 80 75 76 77 65 32 66 57 68 61 48 8 34 3 49 71 30 66 64 38 80 56 60 35 4 72 8 66
8 8 34 31 75 78 79 37 52 4 54 33 50 41 9 38 42 39 79 66 62 47 43 47 33 9 69 75 4 2 64 70 31 42 67 57 78 34 7 67 2 77 73 63 39 44 69 33 4 43 50 80 60 77 78 2 57 79 34 7 78 44 77 61 3 10 65 77 65 67 41 77 68 78 8 56 6 40 60 74 38 38 49 72 2 80 55 41 8 41 48 36 9 39 70 75 7 49 74 74 80 50 67 61 62 42 53 34 75 63 75 69 4 44 79 7 49 38 4 36 37 79 37 10 70 4 51 36 59 73 7 49 41 62 73 0 77 43 3 9 43 4 72 51 5 74 3 6 8 38 72 70 70 5 6 53 72 46 62 2 10 50 73 49 37 31 58 7 80 41 49 32 53 49 59 30 59 31 70 4 63 62 73 50 71 69 6 9 2 80 69 78 57 61 45 9 44 54 58 9 7 40 7 63 41 7 70 7 6 45 65 37 30 75 63 35 60 63 70 44 80 66 62 44 55 71 2 52 4 6 69 9 51 49 66 58 47 66 3 55 60 36 70 55 7 57 73 8 44 62 75 46 30 78 78 5 70 34 2 75 51 69 5 57 52 79 51 43 56 67 2 9 61 3 47 33 73 53 30 8 79 34 43 3 74 49 56 5 64 67 7 56 53 76 41 32 49 75 42 4 72 52 56 59 30 6 71 54 7 42 37 33 10 74 6 7 30 39 46 66 76 73 42 73 3 50 80 45 7 48 34 59 10 61 31 37 34 42 2 10 64 59 59 53 63 2 48 2 55 7
76 50 75 61 41 34 31 36 68 78 69 36 50 69 45 68 37 60 57 9 75 6 58 47 61 70 41 66 48 70 46 41 47 75 38 80 5 36 33 79 50 51 73 67 70 8 30 61 53 78 63 56 70 32 31 65 54 53 62 71 45 64 72 78 31 64 72 33 38 7 42 9 9 10 41 35 47 72 42 53 74 55 50 46 30 5 41 66 44 38 46 34 55 36 73 3 68 69 34 80 3 67 8 55 10 35 68 43 75 7 59 31 54 37 69 62 61 76 35 8 47 60 61 43 79 67 59 54 50 58 34 69 75 70 70 71 0 74 33 48 76 48 34 65 66 71 35 65 69 77 75 38 7 30 36 54 3 60 10 41 59 73 75 52 79 10 5 70 4 47 5 8 3 56 39 35 5 6 30 76 7 40 31 58 7 50 35 47 50 65 65 8 70 70 76 64 3 70 60 33 40 39 58 66 77 77 9 54 31 52 73 50 54 44 32 52 79 48 62 2 79 5 78 45 78 47 79 2 39 66 51 32 80 78 79 5 61 2 58 37 34 69 2 8 76 50 75 39 40 30 54 72 69 50 66 77 61 69 77 38 2 35 51 3 45 50 2 76 34 46 46 52 42 58 53 31 58 10 57 65 65 50 58 68 6 75 49 56 33 77 56 41 7 68 76 30 51 62 73 34 46 48 79 3 74 36 8 73 38 73 68 3 69 55 78 44 5 38 32 47 3 58 47 40 39 77 54 9 77 9 39 72 64 30 47 78 36 59 75 71 4 54 30 9 35 37 38 80 40 58
77 72 41 66 3 48 38 38 47 54 35 4 68 54 57 67 78 9 39 40 60 36 77 46 78 59 30 67 73 70 4 4 77 44 60 51 43 61 66 8 35 2 61 33 10 64 47 7 65 10 4 34 68 46 78 48 43 4 9 52 54 9 62 74 80 79 61 67 71 43 4 62 73 32 39 5 62 42 8 10 7 77 80 42 63 60 2 6 61 39 3 52 72 55 69 60 70 59 38 68 38 67 73 34 35 55 61 80 47 49 4 72 70 53 78 35 52 42 46 51 51 63 52 71 39 49 66 67 79 8 66 65 5 6 10 48 46 0 63 42 9 72 69 6 63 54 53 55 50 4 4 5 34 70 74 48 45 79 80 67 73 30 74 68 49 30 41 57 47 9 78 65 65 5 73 3 61 38 47 46 42 7 72 37 64 60 51 34 42 75 4 51 4 3 73 41 50 5 53 68 59 73 54 32 10 73 51 60 62 50 43 37 65 75 10 4 60 7 39 54 59 76 43 33 7 64 47 46 71 78 61 61 53 46 10 74 41 35 39 8 39 5 52 63 31 4 38 38 36 70 71 72 3 7 10 38 31 37 37 7 45 32 32 79 10 9 42 32 3 4 33 60 30 67 7 44 6 36 44 53 69 74 5 31 44 72 8 62 10 37 39 67 45 60 4 59 3 6 38 53 9 46 67 57 37 35 63 9 62 53 6 74 35 41 60 69 37 7 35 58 78 44 61 38 42 72 69 44 79 63 36 68 58 3 56 10 73 46 34 72 46 38 69 74 33 46 10 46 7 56
8 2 76 40 31 64 74 52 34 3 37 58 67 69 7 78 36 44 62 47 66 62 30 72 43 8 42 63 3 2 30 47 67 54 67 63 76 46 9 59 6 35 78 48 32 60 73 72 9 78 67 40 58 40 34 8 41 32 33 2 61 59 30 66 10 7 58 69 50 57 67 37 61 78 9 53 3 66 42 70 79 30 47 41 6 70 57 50 8 57 32 48 9 73 53 36 2 46 59 80 64 50 39 34 44 64 38 40 49 65 45 39 9 64 44 10 30 77 7 64 51 37 47 2 78 10 46 55 63 31 5 80 45 54 67 4 42 75 0 2 62 5 64 63 7 35 5 4 3 51 33 32 36 2 4 48 42 77 78 6 2 55 38 46 44 44 52 6 50 65 52 63 50 67 46 45 39 75 46 4 32 80 52 56 32 62 2 9 4 35 71 37 76 57 41 5 62 80 58 5 7 32 7 57 73 8 45 6 5 56 70 50 33 33 48 52 78 59 72 70 71 72 50 61 32 58 8 36 10 6 51 4 65 30 50 40 41 74 8 51 39 80 78 47 2 57 74 8 32 67 41 48 70 51 61 3 40 32 6 67 54 63 7 71 76 32 56 44 57 42 8 2 53 10 45 78 38 38 47 10 59 48 78 10 37 80 65 6 35 64 2 56 74 71 42 57 32 71 64 9 42 56 65 69 74 4 32 67 4 79 42 46 4 59 6 8 34 42 43 51 43 66 45 51 2 72 67 37 4 65 54 68 7 49 31 72 71 33 3 7 48 42 45 77 51 9 70 10 59 2
7 2 51 60 47 37 65 37 57 2 38 79 65 79 10 35 33 75 49 76 80 64 35 75 79 10 75 35 8 4 79 54 51 70 77 35 50 63 10 73 5 78 31 60 72 36 38 51 7 77 60 30 57 34 38 8 32 31 35 2 69 34 54 77 2 7 35 71 36 72 30 47 78 59 4 69 9 39 30 52 34 59 46 63 10 80 64 43 10 35 61 34 5 56 65 46 4 77 71 34 42 36 57 66 71 63 61 38 62 36 69 50 9 61 38 6 70 46 3 73 49 69 64 6 32 5 44 68 66 63 4 30 30 47 44 10 35 53 5 0 42 7 55 53 10 75 7 3 6 41 55 49 44 9 10 64 59 69 68 3 3 57 66 34 76 68 46 8 58 44 38 77 63 49 65 46 40 33 48 10 46 51 63 31 35 73 7 9 6 73 46 43 60 50 38 8 74 67 67 8 5 62 4 50 59 7 38 10 8 45 50 70 61 34 38 71 59 50 70 31 57 39 37 30 60 72 3 76 7 10 30 7 42 35 71 31 50 45 7 30 58 49 41 54 2 47 31 5 51 54 42 34 40 52 52 6 33 36 8 75 39 75 6 62 68 49 41 31 32 80 5 7 55 8 52 61 35 66 39 9 74 44 73 7 67 56 30 4 33 57 7 40 47 52 79 68 48 49 53 6 79 65 78 58 45 6 64 42 4 64 75 43 10 54 6 8 66 53 66 73 65 36 47 74 8 59 40 43 9 50 65 63 10 54 56 60 30 67 6 9 38 53 56 75 44 7 49 3 37 7
75 67 49 38 9 50 72 67 59 54 34 9 70 66 40 71 80 4 40 57 45 64 31 76 40 58 63 44 74 68 6 9 51 43 70 66 44 65 34 6 67 5 34 72 2 42 78 4 31 10 9 76 46 74 47 69 64 10 2 30 75 8 30 37 75 61 49 42 45 53 6 43 30 66 34 2 73 31 2 2 10 69 41 66 80 43 6 7 34 41 5 38 36 54 32 56 38 38 76 43 48 68 61 68 70 68 36 32 62 40 5 72 45 48 64 40 48 43 33 61 61 35 50 55 53 74 77 62 76 3 65 65 4 5 8 49 68 9 32 49 0 72 30 3 78 38 59 44 77 5 9 4 61 67 54 66 66 62 38 36 66 65 78 48 69 48 38 78 32 10 72 48 34 4 39 5 59 57 48 32 34 10 68 78 59 36 75 58 33 80 3 63 9 2 37 38 34 6 44 32 60 41 80 65 2 67 63 33 65 61 59 56 73 67 2 7 61 7 61 76 75 33 48 32 6 56 56 49 71 73 74 78 54 47 8 57 63 42 76 6 58 7 51 46 38 7 52 64 45 65 55 68 5 5 10 48 79 59 66 3 70 47 45 34 2 6 66 62 10 9 80 40 77 56 6 47 9 49 36 60 50 56 3 34 49 45 4 42 10 76 73 36 55 36 6 42 4 9 47 31 2 75 39 71 38 61 63 7 32 33 10 32 60 47 63 68 73 2 42 70 60 67 34 37 50 58 43 58 70 78 42 80 61 10 61 7 48 48 31 71 40 68 63 60 44 44 7 35 5 36
3 6 48 46 54 57 33 70 74 5 57 36 51 51 7 55 79 78 68 42 45 36 58 45 46 10 75 55 7 9 48 45 57 62 53 39 53 45 3 42 7 59 68 56 42 30 53 78 7 39 42 39 51 43 43 8 32 63 69 10 56 78 69 65 6 6 57 32 62 33 30 34 76 75 8 66 7 56 35 67 31 38 35 66 9 30 71 70 10 46 41 72 7 30 57 79 9 69 73 46 34 33 31 73 54 50 79 48 74 42 72 47 4 74 74 10 53 78 3 78 69 39 43 7 57 9 69 69 80 31 7 74 30 42 48 3 56 72 9 3 33 0 48 46 5 51 6 9 10 44 56 80 67 9 2 79 64 49 76 9 9 62 74 38 72 80 46 9 47 64 70 51 38 32 80 43 55 40 72 3 51 61 36 32 37 70 7 9 8 37 56 65 49 44 57 3 79 49 66 10 4 70 7 39 72 5 64 4 5 76 62 40 37 43 30 80 31 51 58 34 51 62 33 80 39 71 5 52 8 2 63 2 59 40 79 52 76 48 3 78 43 57 66 43 7 42 66 7 67 53 74 56 55 64 58 3 73 80 3 75 61 57 7 55 60 45 76 33 69 75 7 8 45 7 40 43 53 45 73 6 49 47 47 2 61 60 76 4 66 41 10 68 39 67 39 47 63 55 64 8 80 65 34 37 78 8 77 30 10 47 35 79 5 69 6 2 47 75 70 75 56 64 34 49 2 45 41 45 2 53 46 49 8 52 42 42 74 67 6 5 44 59 42 39 52 2 36 8 55 2
35 50 48 78 64 38 32 10 8 68 42 61 30 69 30 8 61 40 33 58 7 56 5 69 9 54 46 58 34 58 35 78 38 9 60 4 36 10 60 69 72 64 5 5 50 55 9 32 46 78 71 9 40 7 8 37 75 32 76 48 10 40 78 34 73 76 73 67 8 57 46 63 37 63 61 51 64 33 48 70 68 36 54 3 68 68 47 76 42 9 38 8 33 52 6 36 54 37 9 63 55 9 50 55 31 57 7 7 9 53 56 9 30 69 67 32 9 6 71 65 3 61 40 40 10 41 10 10 4 79 46 5 47 60 65 40 58 57 47 62 78 78 0 46 55 3 42 68 56 47 71 44 44 58 42 71 60 6 51 36 51 6 10 10 48 49 35 72 55 60 51 79 31 56 2 66 55 79 55 51 54 43 7 10 33 8 43 49 46 3 47 34 57 58 40 30 41 79 4 61 79 3 33 7 40 46 62 72 71 5 69 9 9 58 41 35 6 36 5 50 4 76 48 9 78 44 34 68 80 44 8 59 5 74 76 65 5 80 66 39 80 74 54 66 67 61 45 68 59 56 51 40 42 58 59 31 55 10 69 37 69 8 37 47 74 38 74 3 38 50 49 50 7 46 68 51 69 41 5 38 4 71 58 30 58 5 80 33 47 3 30 4 43 3 40 5 38 40 5 43 68 70 34 40 69 38 33 58 48 31 68 70 60 6 55 72 40 43 30 58 73 80 7 9 48 6 35 56 55 62 39 3 31 36 9 63 69 39 35 67 70 5 9 39 4 40 39 60 76 56
77 52 52 58 8 37 77 57 75 39 74 8 42 34 80 77 72 7 59 32 64 49 66 78 53 74 63 72 77 53 4 3 46 54 68 35 79 52 55 8 39 10 36 64 9 50 41 5 30 5 3 48 51 70 31 31 47 5 9 62 58 9 65 72 35 50 50 48 52 40 7 57 33 56 77 6 70 74 2 6 2 78 58 44 66 74 5 2 37 36 2 72 72 74 33 73 67 62 65 55 72 33 73 52 52 75 77 58 70 30 7 50 40 77 35 48 34 32 31 61 63 78 39 39 78 75 41 44 50 5 35 33 7 5 5 53 65 4 62 67 7 48 33 0 77 30 70 30 46 7 9 5 77 76 33 73 61 47 59 41 72 80 56 40 61 65 53 45 79 10 77 33 70 3 47 6 76 30 63 54 68 4 57 56 68 49 74 64 41 67 8 37 8 10 72 78 40 3 48 69 62 50 45 79 7 40 70 38 79 58 43 66 48 35 2 6 41 4 67 40 48 64 69 50 6 63 33 47 33 64 31 39 41 50 4 77 38 59 64 10 64 9 30 63 80 5 31 34 58 37 61 80 6 8 7 63 43 54 31 4 53 30 65 44 8 2 48 41 7 4 50 78 77 52 7 59 3 35 62 73 54 51 9 30 32 46 3 37 7 33 54 46 62 79 6 53 6 7 64 67 5 78 62 51 72 54 78 3 79 54 7 43 49 73 72 39 46 10 73 72 37 37 32 40 38 59 53 30 67 69 63 74 50 4 58 7 32 41 38 77 31 75 60 33 70 47 4 55 3 36
7 3 74 44 71 62 61 44 36 8 67 32 60 37 6 49 36 51 37 35 46 55 58 60 73 3 39 60 6 5 62 66 43 67 51 32 69 50 3 53 9 50 72 73 61 71 33 32 10 64 57 35 77 53 51 10 48 74 76 10 41 53 71 52 2 6 70 76 76 80 78 58 47 34 2 49 8 39 56 69 79 46 37 55 10 41 75 73 3 55 68 42 10 79 62 62 4 49 41 44 55 31 54 50 79 74 44 70 60 45 71 46 10 58 35 7 58 80 8 73 70 33 73 3 63 4 36 67 60 57 5 37 60 51 64 6 54 52 3 3 73 5 79 59 0 41 9 3 7 56 77 47 65 8 7 47 75 36 61 5 5 51 65 60 50 50 36 2 73 41 64 69 32 57 42 66 63 47 55 2 80 59 79 58 52 46 3 7 5 37 71 68 56 53 70 5 64 45 32 3 6 61 6 33 59 10 78 6 6 66 62 61 48 54 42 79 68 46 54 33 33 77 58 34 70 57 3 37 4 5 61 10 64 72 33 74 73 75 6 48 57 38 39 62 10 34 68 5 62 59 64 76 66 64 55 6 47 54 9 67 69 43 9 67 68 49 43 50 62 30 5 4 51 3 45 64 65 76 71 6 42 50 35 5 55 68 57 5 64 64 8 71 46 69 56 32 32 60 51 4 51 57 60 52 44 5 45 46 8 51 78 77 4 39 9 5 39 76 69 60 49 52 79 64 9 76 53 75 8 71 76 77 6 37 53 80 45 73 4 2 79 57 43 73 34 10 57 4 55 8
64 71 69 53 35 67 74 4 7 51 78 54 39 76 46 3 61 38 35 33 9 70 3 71 9 37 40 58 57 31 72 70 33 8 42 2 49 4 39 70 67 47 2 6 52 60 7 48 77 55 60 6 40 7 5 45 64 50 36 56 6 61 34 49 79 37 77 76 4 30 37 64 69 74 58 61 41 34 75 61 48 68 42 5 50 65 37 40 32 9 59 4 75 40 2 46 38 78 2 57 80 2 75 67 79 75 7 10 8 39 65 7 64 31 66 33 5 8 33 57 5 33 32 42 2 58 10 6 5 69 75 6 75 42 51 63 64 59 43 78 34 42 6 67 38 0 47 79 69 65 44 75 80 51 33 34 56 10 31 58 35 10 4 2 45 55 73 39 69 72 43 39 71 56 2 51 38 68 47 78 46 68 4 5 77 9 67 72 53 3 39 76 78 39 63 51 40 49 9 67 41 2 48 8 44 73 52 71 39 9 51 6 8 31 72 32 7 80 10 39 8 31 63 4 32 38 73 51 80 46 8 38 6 50 47 70 6 51 36 43 68 56 71 42 64 77 31 71 42 52 57 80 45 38 38 56 78 5 67 74 54 8 61 40 79 64 48 6 64 45 43 71 4 54 54 54 48 36 8 71 10 77 56 74 47 5 41 61 69 7 56 6 43 4 53 10 51 71 8 49 46 48 47 30 70 49 72 46 79 40 50 74 70 9 78 42 68 40 58 67 72 61 5 7 47 8 54 66 71 74 45 6 36 67 7 57 33 72 72 64 48 9 10 40 8 36 69 50 61 46
4 3 39 58 31 38 33 68 50 8 76 34 75 65 8 64 70 57 60 52 69 77 71 59 66 4 70 77 5 4 52 36 58 30 42 34 47 63 5 33 10 68 56 43 60 46 53 40 10 59 77 58 32 45 47 5 58 73 40 2 43 35 41 66 3 2 34 34 51 63 45 47 51 56 10 74 8 58 69 62 40 75 67 61 2 43 35 67 5 58 43 49 2 51 41 57 4 70 44 58 32 39 58 68 73 55 41 44 78 47 59 73 5 65 41 6 35 54 2 78 64 66 70 3 36 8 46 44 75 46 2 60 65 33 40 4 43 74 4 3 51 6 62 65 10 47 0 9 7 37 60 44 73 6 8 73 78 49 77 10 2 60 63 31 55 31 48 10 72 69 52 62 61 32 74 52 53 54 32 10 61 54 51 58 47 65 7 8 9 48 44 44 30 30 68 4 59 42 38 7 6 70 7 72 38 9 62 8 7 68 77 71 40 52 79 62 52 43 68 54 41 56 38 59 37 45 3 37 9 5 34 9 60 49 57 45 66 61 4 54 55 35 68 49 4 73 58 5 33 37 37 66 62 47 77 10 68 77 7 32 67 56 8 50 38 74 70 67 79 39 7 10 73 9 75 65 33 30 72 5 37 76 73 2 52 30 80 6 56 64 3 61 62 61 77 31 67 31 58 3 38 78 57 69 80 3 51 49 6 63 33 43 5 48 10 6 30 47 47 44 57 61 33 76 3 43 65 60 10 33 50 52 8 77 41 37 79 55 4 6 52 47 40 55 49 3 33 3 72 9
7 5 65 66 79 35 44 54 54 2 70 35 74 33 10 53 38 76 41 67 48 33 52 62 72 3 60 62 9 3 62 46 76 30 51 54 66 68 9 75 2 79 61 31 33 60 70 36 2 48 37 55 30 35 79 9 35 48 72 10 45 56 45 34 2 3 37 61 62 61 47 31 80 68 4 41 5 41 75 52 49 54 31 36 9 74 47 58 9 79 65 47 10 60 54 37 8 40 56 78 65 36 33 50 68 44 67 58 44 52 76 75 5 56 50 10 70 61 5 30 55 59 43 4 46 9 45 62 33 57 5 56 33 74 57 4 36 50 8 5 46 3 35 49 2 72 3 0 4 51 44 37 75 5 10 35 41 46 30 4 3 44 58 62 39 66 33 8 48 43 41 46 62 70 42 33 67 71 37 2 64 67 65 60 35 34 7 7 2 72 32 76 55 47 31 5 37 41 46 4 4 50 9 61 70 3 46 9 8 32 51 42 54 65 37 31 47 41 80 40 67 62 64 42 78 37 8 69 8 5 75 7 64 39 50 35 75 38 3 49 49 59 42 46 6 67 63 6 30 36 35 57 60 78 78 9 72 67 4 30 80 54 8 45 61 74 51 34 77 49 8 7 53 2 65 59 39 34 43 4 63 67 48 8 46 75 38 10 60 46 8 49 56 74 52 58 35 42 31 6 74 66 51 70 48 4 63 51 8 76 58 36 10 63 4 8 45 70 37 35 57 66 79 74 8 43 55 50 7 38 43 40 8 79 66 41 68 30 4 4 79 77 59 52 49 10 56 2 50 3
4 7 54 77 37 53 48 63 30 8 65 44 46 31 6 79 73 58 76 41 30 47 39 61 47 2 57 44 4 9 36 68 52 75 65 55 46 31 4 34 7 42 51 55 52 79 55 32 6 48 76 60 59 41 34 8 49 43 39 9 51 36 33 73 7 7 65 64 76 46 74 53 74 62 8 69 7 49 73 37 46 48 41 76 3 56 50 63 3 72 52 68 7 74 75 74 7 54 72 65 80 56 51 45 67 67 75 42 53 35 51 52 2 62 42 3 31 66 8 39 57 64 76 8 80 3 73 45 38 30 7 71 43 61 63 10 63 78 6 5 66 9 58 65 10 69 2 8 0 62 32 31 66 6 5 35 69 63 43 5 9 61 38 45 66 57 49 4 33 76 32 38 43 59 36 30 38 80 50 5 53 38 47 80 46 74 9 2 7 39 62 61 44 46 48 3 46 79 36 10 2 37 2 73 76 3 75 6 10 40 61 74 44 76 42 63 65 35 33 44 73 52 69 66 61 77 8 49 4 7 52 5 38 67 48 47 75 50 7 64 31 75 80 37 7 74 77 5 72 60 63 70 46 32 44 5 54 78 9 62 43 32 7 33 79 56 46 39 51 75 3 7 42 10 76 73 51 43 72 4 33 45 65 8 39 58 63 4 72 77 8 78 31 48 35 70 50 43 33 10 76 64 70 79 55 5 30 46 2 79 30 44 9 47 9 2 38 30 50 69 47 34 65 38 3 62 78 51 4 56 78 62 4 73 41 49 56 60 7 8 53 77 73 77 39 3 53 5 68 2
55 38 35 76 10 35 43 37 76 63 70 7 63 57 79 31 57 8 58 67 50 47 42 56 64 64 57 70 47 75 3 4 69 31 47 76 48 48 59 5 33 8 72 58 3 53 57 7 46 9 5 57 45 35 79 42 49 4 5 66 55 9 38 65 35 68 49 63 63 35 9 54 64 76 44 6 80 65 7 2 9 72 48 46 43 77 10 9 62 71 9 67 69 55 80 53 79 72 62 60 36 75 78 34 72 38 34 76 64 41 2 74 31 54 65 68 33 77 43 46 41 43 74 59 44 31 51 47 43 8 67 59 10 6 5 49 79 9 48 34 6 59 61 10 69 32 36 63 34 0 2 4 49 40 80 75 64 66 68 35 44 54 33 49 34 58 68 35 40 8 55 64 66 9 62 4 59 76 53 45 36 5 50 56 73 32 67 75 75 49 2 52 8 4 57 35 44 8 59 35 33 36 54 70 3 48 42 71 39 40 31 75 39 46 9 10 35 6 62 77 74 46 66 51 3 45 36 50 62 47 65 58 73 45 10 36 41 66 43 9 66 6 49 65 78 4 53 50 53 72 52 50 3 6 10 60 65 71 51 9 57 48 36 61 6 5 70 67 2 3 74 58 74 57 7 66 5 42 54 33 47 56 5 77 65 65 6 32 8 34 44 44 51 43 10 56 2 8 60 76 8 33 35 53 75 64 42 3 46 76 5 58 45 38 39 41 59 4 31 41 59 30 34 57 40 67 75 32 44 33 42 51 43 6 58 4 66 78 40 69 53 62 48 48 71 59 7 59 10 63
78 47 61 71 3 62 34 30 33 45 77 3 52 65 62 68 31 4 33 44 64 75 41 80 46 33 41 34 59 36 10 3 38 50 42 72 42 76 33 10 79 3 53 32 3 39 59 10 57 8 10 67 67 63 32 59 38 2 9 39 57 5 75 36 60 49 62 48 45 40 9 69 62 57 48 3 59 46 3 10 2 55 59 33 64 79 5 6 65 74 8 53 38 73 59 34 39 76 39 52 51 58 55 48 57 80 64 37 59 63 9 74 63 43 71 34 61 44 47 47 41 42 51 70 34 36 70 48 36 10 35 53 3 10 8 56 70 10 36 36 5 72 74 3 47 42 67 54 75 5 0 3 54 61 71 79 45 58 70 38 77 70 56 36 78 55 66 80 80 6 51 69 77 7 72 6 43 51 62 49 33 4 67 30 36 74 37 45 61 40 3 37 6 9 63 34 76 9 40 43 65 34 36 80 6 59 33 38 69 30 50 34 62 41 2 9 58 8 53 34 70 75 60 35 2 64 76 76 33 68 55 47 37 56 3 60 79 75 53 2 38 9 72 30 74 8 78 54 48 53 72 38 5 5 8 30 67 41 59 7 31 33 34 43 6 7 78 40 5 7 67 74 47 50 10 57 9 65 58 57 39 65 7 55 78 71 2 67 8 40 74 54 77 78 2 48 5 5 60 30 9 71 62 72 70 71 55 3 76 56 3 75 42 46 50 53 54 3 77 67 53 39 52 75 58 74 35 68 47 47 67 51 52 8 31 2 75 71 46 59 43 74 43 43 33 73 3 53 5 75
52 31 39 30 8 73 56 46 55 72 54 7 48 51 54 60 48 8 64 50 46 36 36 37 67 80 61 66 79 38 4 4 77 49 30 36 74 62 38 6 45 3 74 60 3 65 69 4 62 3 8 76 62 37 46 60 55 10 6 34 60 10 78 49 76 53 35 56 42 62 2 80 55 47 67 7 36 31 7 9 8 48 58 60 43 61 10 7 59 41 8 64 31 67 53 71 53 37 79 74 40 61 30 79 43 79 65 49 63 63 7 62 67 52 47 34 56 40 62 34 47 69 47 37 61 39 57 66 42 6 33 30 6 3 8 37 35 8 70 34 8 52 36 10 46 65 63 75 42 6 3 0 60 72 49 55 71 64 37 44 41 59 32 79 54 65 49 37 55 7 74 47 38 5 51 8 79 57 77 36 34 9 37 49 44 80 72 50 72 49 2 63 7 7 47 31 62 8 30 58 46 75 54 69 3 36 61 53 67 34 36 30 70 80 9 7 33 10 51 79 63 37 48 32 8 64 58 38 30 46 42 47 72 49 5 54 32 38 52 3 75 3 57 64 36 4 46 48 55 60 60 80 2 2 7 57 72 74 55 2 77 41 30 53 10 2 47 53 5 4 64 59 78 60 9 78 3 54 72 68 64 60 2 75 44 56 6 63 4 53 59 45 78 66 2 46 7 2 53 50 4 77 41 56 40 31 45 7 60 32 6 60 62 49 71 56 66 2 36 54 47 44 37 72 45 48 43 36 52 79 42 77 48 2 73 3 51 56 47 72 77 53 40 51 38 44 9 36 3 69
50 57 64 60 61 48 38 78 50 76 63 39 78 53 44 47 36 57 32 8 68 8 38 33 61 49 75 40 39 37 57 53 47 42 51 32 9 39 69 72 52 60 55 63 60 2 64 79 80 54 51 74 57 51 59 70 74 75 63 37 72 73 54 80 77 31 37 74 70 5 41 6 7 6 41 76 46 78 54 49 56 61 40 54 68 9 67 56 37 78 37 41 61 66 69 8 57 78 80 56 3 73 7 46 9 31 38 58 54 3 57 51 69 76 57 35 58 80 31 9 77 79 79 53 41 37 76 48 60 43 57 80 67 56 45 62 5 73 74 58 71 53 62 71 76 63 42 47 70 51 63 32 0 43 56 47 7 76 3 53 58 35 31 60 52 4 4 76 7 61 2 3 8 34 71 51 5 4 43 50 3 32 80 78 7 39 78 69 62 46 51 5 33 75 41 72 6 60 43 76 37 77 39 60 57 49 3 64 58 52 32 31 61 38 80 36 72 37 34 2 52 6 59 31 30 49 69 9 36 45 77 50 37 42 76 6 35 3 39 55 76 80 2 4 74 73 54 37 30 63 49 73 57 31 48 38 53 50 33 47 3 46 48 8 75 74 7 78 33 46 68 32 33 75 51 54 51 7 58 61 49 51 60 68 9 35 57 34 74 36 41 47 2 74 71 80 37 35 60 55 51 76 53 5 36 68 6 31 55 68 72 2 50 51 77 67 2 68 61 76 2 73 64 71 75 39 54 6 61 5 56 79 72 33 35 50 31 40 53 58 10 58 75 7 68 69 35 58 51 42
9 4 58 39 52 77 66 54 76 5 49 53 45 73 2 40 42 33 69 40 60 31 77 33 57 3 38 69 3 7 40 35 71 44 70 72 36 54 6 31 10 68 58 69 43 80 76 53 10 58 74 75 33 62 55 2 72 49 80 10 39 60 63 63 9 3 52 51 41 43 61 32 34 68 4 62 9 78 59 54 59 63 53 40 9 60 72 50 9 65 46 55 2 72 74 79 9 42 71 53 63 65 77 57 80 32 61 66 36 41 51 46 10 40 61 9 37 64 3 33 56 61 62 5 61 2 43 80 54 47 8 61 51 32 41 6 51 78 7 10 30 6 38 74 6 50 8 5 3 31 64 58 78 0 3 64 71 42 40 6 6 74 61 42 77 62 57 10 38 49 38 35 62 52 37 61 73 41 33 6 39 31 79 74 30 36 6 5 7 71 55 54 49 45 45 10 60 80 61 7 3 68 4 79 76 5 78 10 7 73 62 51 68 68 59 80 60 49 62 47 57 69 34 75 34 80 5 61 9 8 34 2 63 60 80 54 54 62 2 43 70 62 66 62 9 77 37 8 80 44 46 79 61 80 41 6 51 72 2 56 79 65 3 58 66 49 80 53 75 50 7 3 69 3 42 55 36 36 62 3 46 76 80 4 72 52 78 5 75 30 3 73 36 36 70 33 60 69 59 8 61 72 37 58 58 4 48 69 6 65 37 47 9 43 9 10 39 55 71 68 55 45 34 79 8 51 37 64 9 35 33 33 6 63 76 54 60 52 5 6 46 78 59 46 62 2 77 2 45 10
2 3 43 74 34 67 44 40 46 4 43 52 44 54 10 71 34 49 63 68 80 70 34 45 75 2 58 66 4 6 51 33 54 42 35 61 64 59 7 58 10 42 63 43 79 56 78 80 7 80 43 72 71 54 30 8 57 41 58 4 33 80 67 30 6 2 68 68 68 32 80 73 61 68 7 80 6 67 64 54 64 46 60 72 6 77 43 45 5 35 73 37 6 65 75 61 6 30 64 74 34 78 63 35 49 31 71 71 56 55 61 38 6 54 77 9 58 35 6 41 61 62 78 10 32 4 39 72 59 41 9 34 69 66 34 10 59 45 7 10 63 10 68 52 5 63 3 6 4 37 77 61 80 6 0 74 79 56 32 10 7 69 32 57 42 37 59 4 40 59 60 54 44 41 62 34 61 31 40 6 78 67 70 31 77 75 3 8 5 52 56 49 43 41 33 4 53 50 66 2 4 45 10 53 52 8 73 8 10 41 39 68 42 58 45 47 46 44 63 43 63 46 58 59 42 36 6 30 7 3 45 8 44 44 72 58 54 40 7 30 49 61 41 54 3 51 80 9 35 80 31 55 33 45 64 8 31 70 4 65 39 79 6 59 74 51 35 76 54 64 8 8 43 10 61 48 44 46 61 5 72 36 65 5 71 47 37 4 72 42 9 56 35 56 58 71 80 64 57 2 55 40 30 51 76 7 46 54 7 54 30 63 3 65 8 3 55 57 57 55 32 63 65 55 3 45 47 52 4 69 64 44 6 74 52 64 61 48 2 5 30 49 77 69 49 2 32 3 76 8
44 54 3 9 49 6 10 51 73 38 7 42 5 6 48 36 2 42 8 45 58 37 41 9 34 44 6 9 31 35 57 67 6 75 4 51 49 69 43 50 35 69 49 73 72 49 54 46 66 71 57 31 6 61 57 55 6 39 44 56 64 66 6 2 63 46 9 9 48 50 66 71 62 45 77 43 67 5 76 77 56 9 9 43 71 41 38 66 75 60 50 50 38 8 62 51 78 10 41 3 44 79 68 6 35 6 51 38 76 68 48 79 80 2 10 68 52 74 49 53 53 2 6 68 41 36 39 51 75 79 34 72 59 54 36 33 75 40 61 55 33 36 46 76 60 51 76 45 35 47 43 48 64 41 45 0 39 79 46 35 74 65 63 45 7 40 55 76 47 73 70 74 61 39 36 52 51 64 4 69 42 75 37 51 49 74 79 51 68 79 68 75 37 66 4 31 59 53 75 74 42 45 75 75 48 62 57 63 44 80 10 65 36 10 59 62 37 42 59 80 70 42 3 68 69 9 38 30 66 34 43 79 69 10 52 49 34 71 41 58 2 68 58 55 33 72 7 52 4 7 3 8 52 72 63 43 7 46 55 65 79 32 73 48 48 42 60 33 73 55 49 60 38 72 56 10 41 61 41 52 53 3 67 45 46 70 76 57 30 30 36 42 41 37 63 73 79 65 45 44 52 10 3 78 9 66 73 80 78 8 77 58 38 78 79 69 55 75 10 9 33 4 50 51 62 54 7 71 66 76 3 49 57 35 77 64 8 6 57 72 40 42 59 58 46 64 78 71 34 71
37 73 44 50 31 36 33 62 60 51 39 40 32 53 54 76 49 77 73 9 54 6 40 63 54 67 38 68 71 56 52 32 32 76 69 39 10 77 69 80 71 74 57 30 41 9 48 48 78 38 41 59 35 55 33 58 36 45 46 41 79 43 71 43 49 68 36 58 59 8 65 3 10 9 66 58 37 43 37 51 39 61 70 75 60 10 58 58 67 68 61 52 57 43 73 2 44 60 40 33 10 43 8 45 7 76 73 50 64 3 76 70 54 41 50 73 34 59 57 8 67 73 55 65 39 75 72 46 61 59 80 59 33 69 72 51 9 34 37 58 53 39 80 76 54 73 78 41 65 36 42 52 10 32 80 38 0 75 2 79 44 64 66 48 78 6 7 75 2 80 7 4 10 53 35 67 3 6 51 77 9 73 72 59 4 50 80 46 80 71 43 5 79 40 32 68 7 75 46 39 74 42 69 57 58 39 8 77 45 32 44 40 52 38 56 48 71 37 73 8 42 8 70 32 38 78 64 2 77 50 49 30 64 72 65 9 36 6 46 45 47 76 9 8 30 68 77 61 56 51 32 63 64 76 74 49 79 78 73 74 2 49 52 4 63 72 5 62 70 47 65 51 80 55 52 45 68 7 46 38 70 60 53 60 6 57 47 71 44 50 58 32 9 71 58 36 61 67 74 73 75 80 61 5 47 51 3 45 62 47 42 4 63 51 69 76 5 30 33 57 6 53 57 47 67 73 60 6 57 10 79 47 70 36 51 55 59 50 68 64 2 30 59 6 61 64 50 48 37 80
74 48 30 72 61 36 53 9 5 51 72 67 36 51 76 8 67 79 59 53 2 57 3 65 5 30 35 44 36 72 45 49 76 8 54 4 32 10 38 42 46 60 6 7 51 46 8 49 38 56 72 9 74 6 7 38 74 48 54 74 8 41 36 47 79 36 57 67 4 59 65 62 77 71 78 80 49 76 56 45 57 70 46 4 50 39 55 63 40 8 44 3 59 45 8 72 61 73 6 35 54 8 41 77 35 40 7 9 5 59 70 6 69 65 59 63 6 7 36 64 4 47 37 54 3 70 10 9 4 50 31 10 62 40 42 61 32 64 50 35 52 65 7 57 36 7 45 73 69 64 44 61 72 56 30 59 54 0 80 46 69 7 8 2 33 30 76 53 53 75 56 45 57 54 2 35 31 57 77 42 65 72 8 8 45 6 56 72 30 4 47 38 73 59 40 52 77 75 3 79 46 9 30 3 30 59 40 52 80 6 71 5 8 65 33 37 2 35 4 32 5 42 33 7 47 37 33 39 68 41 8 71 6 61 73 37 7 76 37 73 36 67 51 75 30 47 56 70 58 68 71 42 62 53 33 65 34 10 30 77 64 2 76 61 76 45 30 6 36 76 61 35 2 60 50 80 39 77 9 80 3 57 74 39 71 3 77 61 39 6 58 9 78 3 43 4 80 39 6 53 73 35 35 59 61 78 77 31 35 32 57 73 44 9 63 34 35 56 58 59 47 54 7 7 32 8 62 64 49 36 52 3 41 63 7 57 41 46 56 30 43 9 7 31 10 32 45 33 66 51
37 63 40 31 65 53 42 64 50 51 68 68 78 77 40 70 69 76 42 4 68 5 44 68 76 39 57 65 38 74 33 57 54 75 34 68 8 33 44 77 75 75 70 50 77 8 53 65 37 37 69 55 68 69 67 51 33 58 70 41 40 64 58 66 76 55 38 30 47 5 45 6 2 6 69 78 54 37 41 80 66 45 76 60 36 2 65 72 53 37 75 74 50 59 45 4 46 62 40 37 6 48 3 40 9 45 38 57 58 7 73 45 62 69 52 72 68 61 37 6 68 57 77 40 63 39 60 41 48 59 51 61 43 38 40 52 4 42 67 44 43 66 31 33 36 35 44 79 38 47 76 64 3 69 47 38 8 42 0 58 32 46 64 70 30 7 3 71 7 30 2 7 10 31 36 48 3 8 74 79 5 31 62 62 10 72 57 52 40 35 32 6 33 42 67 41 10 53 75 43 63 65 32 40 74 77 2 56 75 55 68 58 79 55 38 67 47 38 54 8 41 3 40 37 31 58 42 9 70 70 58 34 42 60 66 8 57 3 52 38 66 47 9 10 42 67 52 73 43 69 78 41 48 54 77 35 51 36 62 36 9 52 38 7 68 66 7 34 59 45 79 40 41 65 44 60 67 3 39 40 68 77 49 34 7 41 49 56 37 50 69 57 3 49 35 65 49 62 55 79 59 36 74 8 49 80 7 42 66 58 64 9 66 41 69 46 7 31 75 73 8 55 55 67 49 31 59 2 48 8 72 68 49 53 80 40 80 64 68 49 7 49 50 7 52 48 57 76 78 79
9 5 31 79 33 60 68 72 68 2 40 40 69 46 4 34 47 31 69 44 42 68 46 57 51 4 37 55 4 10 65 63 65 64 40 65 59 30 10 32 9 79 44 65 33 46 31 38 10 80 42 77 64 37 42 10 73 48 51 10 80 50 40 56 10 9 40 43 79 35 36 66 58 65 4 46 9 50 37 45 43 65 48 68 10 57 30 61 2 45 55 39 3 41 64 64 7 57 41 43 57 45 78 75 31 39 67 76 76 49 61 39 7 70 40 8 79 62 2 59 56 45 64 3 43 9 44 78 67 71 2 48 46 64 47 9 72 36 5 8 62 3 47 38 3 65 9 10 3 39 56 35 72 5 5 47 70 39 63 0 10 30 61 44 66 72 61 6 69 31 66 43 55 49 51 77 61 30 35 7 54 55 44 30 32 43 4 2 6 58 76 48 58 68 66 3 73 54 55 3 2 52 2 38 42 7 46 6 5 38 71 72 59 76 33 48 68 54 59 69 37 69 31 64 30 80 4 32 9 10 48 4 36 68 56 46 44 43 8 48 38 61 36 43 3 44 65 9 53 33 35 44 69 30 57 7 64 63 7 63 58 30 5 46 31 45 39 43 69 30 6 4 48 2 64 73 68 78 59 7 49 46 54 9 80 73 56 10 59 57 9 48 32 36 52 51 66 65 75 10 79 61 66 39 53 10 61 58 2 35 48 57 7 73 8 5 75 63 37 42 63 31 35 44 10 43 35 59 10 57 55 50 9 73 77 34 49 39 8 4 61 43 54 72 69 4 69 10 61 7
8 8 44 56 36 54 69 36 77 5 73 64 63 49 3 80 79 36 55 80 61 72 42 37 73 6 46 49 2 8 70 54 46 47 65 66 58 53 9 59 9 64 58 31 47 79 54 47 10 53 64 37 33 36 38 4 63 53 31 7 53 57 50 42 3 5 53 41 68 70 76 42 77 37 10 41 5 78 34 57 55 47 69 36 7 61 59 41 6 72 58 75 5 60 46 37 6 37 55 75 63 50 56 32 50 58 45 33 70 72 49 43 5 47 41 10 48 42 5 61 78 79 56 4 52 3 66 46 42 58 3 39 38 79 80 6 73 30 10 9 31 8 60 61 2 71 5 10 4 33 38 74 77 7 10 60 64 79 66 3 0 71 61 57 59 79 66 10 52 32 56 39 62 60 34 43 39 58 78 4 50 70 33 64 70 57 2 8 3 44 39 76 73 60 56 2 40 63 56 10 5 70 9 43 63 10 68 8 8 38 63 80 70 30 62 71 49 51 73 70 70 57 43 46 32 53 10 38 4 6 55 8 47 69 34 45 54 56 9 51 69 62 39 45 6 41 72 6 69 54 62 65 80 70 66 9 40 47 9 49 54 45 5 37 61 70 48 69 44 43 5 3 45 4 45 41 67 52 66 9 56 38 72 10 62 35 41 8 49 59 3 61 58 64 57 76 43 43 55 4 62 38 49 78 53 3 77 33 6 31 50 50 7 77 2 3 70 79 59 67 41 46 44 69 8 31 69 38 7 67 31 47 3 65 48 47 38 57 10 2 52 32 36 32 45 4 37 2 63 9
30 79 79 44 39 61 59 9 5 67 32 70 64 67 66 10 78 62 61 49 10 54 8 35 4 54 39 35 52 79 31 60 66 10 60 8 80 8 78 56 72 51 3 7 71 43 3 66 30 31 48 2 58 9 3 34 41 43 47 42 2 52 77 58 43 53 55 79 7 66 40 79 68 55 41 80 68 41 50 56 61 60 39 2 77 40 61 61 68 8 67 4 57 32 2 52 32 34 8 33 31 8 50 79 80 48 4 2 6 80 54 3 41 54 53 49 5 7 72 68 7 43 48 41 2 49 7 4 5 37 72 3 65 43 34 45 45 78 66 77 31 55 5 58 49 2 37 75 51 67 56 57 46 35 63 55 77 7 49 43 64 0 4 10 67 35 45 73 65 74 30 73 55 76 7 57 53 70 41 68 74 43 7 4 61 6 80 41 34 7 62 31 68 55 38 39 74 36 9 62 51 10 78 9 52 48 77 33 58 8 56 10 6 31 38 52 5 80 5 61 7 77 50 9 36 42 59 47 33 80 5 76 9 50 65 33 6 54 62 47 60 76 39 37 49 71 76 47 59 51 38 60 68 48 34 35 57 9 64 37 78 2 40 57 58 34 80 7 48 66 70 45 7 34 72 38 47 32 3 37 3 40 76 45 56 5 66 68 67 7 74 8 42 5 79 4 55 54 7 40 79 49 37 44 67 37 63 35 50 38 77 50 53 5 49 70 68 68 46 43 45 60 3 2 48 7 43 31 33 42 30 5 73 50 5 55 72 39 52 63 42 2 5 59 8 50 56 43 69 38
60 80 76 78 76 64 79 4 5 55 41 50 52 43 68 6 33 33 61 31 5 51 9 49 2 56 44 73 52 59 47 38 33 5 78 5 72 6 44 74 74 75 10 6 65 34 5 33 78 44 64 3 54 10 8 70 69 74 65 53 9 75 55 70 68 42 57 30 8 31 61 48 61 43 51 33 60 60 31 68 41 79 73 7 31 64 73 54 43 3 74 6 43 56 9 63 55 57 8 45 35 9 68 37 31 38 10 5 4 58 35 8 36 61 53 64 5 10 67 69 5 38 35 54 8 55 7 3 7 37 78 4 76 80 67 36 46 41 55 70 80 61 2 32 32 9 55 54 40 52 63 76 36 58 79 37 70 3 74 42 79 2 0 5 73 48 39 79 46 61 39 41 41 48 7 73 46 69 70 46 62 58 9 5 31 8 46 39 80 10 55 64 62 39 67 32 47 35 6 34 54 9 49 5 38 35 80 58 59 8 78 8 9 30 30 74 10 40 6 30 7 68 41 7 37 40 58 57 59 71 10 31 5 66 43 40 5 39 76 77 74 59 52 34 43 67 69 61 31 49 49 58 34 76 36 72 53 4 40 49 39 10 78 31 55 71 35 3 60 43 42 70 8 68 73 68 55 52 4 32 9 60 31 36 39 6 41 69 30 9 49 2 73 3 78 6 68 59 10 51 61 48 59 56 54 37 34 40 39 53 73 63 37 7 69 39 41 71 44 58 57 75 8 2 59 10 71 63 47 70 40 10 73 48 8 74 41 59 30 67 52 2 10 73 4 66 58 45 75 47
41 34 76 65 57 63 61 9 10 72 59 65 76 34 59 5 67 54 57 62 6 66 8 48 4 62 80 31 51 71 75 34 77 6 45 8 71 4 45 65 43 30 7 4 64 38 5 32 61 76 63 2 54 7 2 39 30 53 69 78 10 47 72 39 30 36 74 39 3 44 54 62 72 55 42 50 39 42 68 49 32 56 61 4 38 50 68 62 60 7 77 7 47 32 8 48 70 53 8 66 38 2 47 44 35 34 5 2 3 45 38 9 38 55 53 63 3 9 58 49 5 58 32 78 6 71 5 6 6 30 39 2 60 64 79 63 42 54 30 53 80 74 9 57 70 2 79 44 55 71 36 55 30 30 76 78 63 3 36 32 37 6 3 0 79 62 66 67 36 74 72 44 41 49 4 69 73 33 65 34 74 64 2 6 80 9 47 32 72 7 37 59 63 69 75 64 35 57 2 30 36 7 35 5 33 51 55 78 47 2 79 6 3 78 46 65 2 55 8 35 9 69 30 9 48 56 40 30 69 64 2 76 5 67 59 45 3 66 61 42 60 69 50 48 43 49 68 64 70 47 62 79 41 75 78 67 44 9 64 31 32 7 67 47 65 75 77 8 52 45 44 70 6 80 31 52 64 70 5 68 2 73 43 44 31 10 65 61 69 3 71 7 46 5 75 3 39 65 6 73 78 61 43 53 79 39 80 74 39 64 32 45 31 5 51 44 59 78 38 79 63 43 9 10 33 9 40 45 59 30 76 9 38 69 5 58 67 31 54 39 30 6 2 59 6 74 69 65 43 35
44 34 5 2 70 9 4 77 66 59 8 58 7 3 40 80 3 77 5 49 66 68 77 3 80 57 2 5 64 51 48 72 4 69 7 70 49 67 41 74 34 40 73 70 76 59 73 32 66 49 59 64 7 50 58 79 3 64 38 38 68 57 7 6 67 46 7 8 75 69 55 37 78 74 46 78 45 8 39 32 70 4 2 64 31 55 62 48 68 80 74 41 77 7 43 62 76 8 47 4 51 51 41 4 35 2 70 60 70 56 32 76 41 5 6 73 38 40 61 76 44 6 7 47 75 43 79 68 54 50 52 55 75 39 47 69 78 79 42 70 40 76 65 50 57 75 44 66 49 58 79 69 70 57 38 8 47 69 51 40 39 52 43 40 0 35 56 72 39 73 42 44 49 70 56 68 47 80 5 37 54 60 76 35 57 32 55 79 80 35 63 45 76 61 8 68 54 76 61 48 65 70 32 49 64 73 37 49 77 67 3 55 32 6 38 56 65 48 57 77 69 35 8 36 57 3 71 56 63 40 63 35 74 7 58 72 42 68 71 35 9 77 52 44 55 38 8 78 8 5 9 3 73 63 51 44 2 59 69 43 72 75 72 77 63 80 65 51 32 48 46 77 62 37 63 7 55 77 34 60 31 4 73 70 79 66 47 63 38 44 79 52 69 53 33 60 55 67 53 57 60 9 9 79 10 49 61 68 46 4 36 65 40 38 39 78 62 79 7 7 37 6 60 73 53 52 7 32 59 48 2 35 59 54 68 64 8 3 70 56 67 43 30 54 39 73 70 56 79 44
62 49 68 74 67 79 59 48 49 36 79 51 37 68 35 33 47 44 36 7 51 10 47 38 49 40 69 77 80 38 30 37 44 77 45 30 2 53 76 55 76 61 43 65 68 7 38 79 79 67 49 36 50 71 36 38 47 51 38 50 48 47 54 47 45 58 39 80 37 5 41 10 5 3 32 61 33 58 78 67 32 64 68 68 47 10 66 36 78 50 67 61 76 33 53 5 72 72 59 59 9 47 5 56 2 60 50 54 54 7 63 78 50 39 52 53 78 57 37 2 74 70 36 75 80 57 80 39 79 32 74 39 59 58 40 45 2 49 62 55 71 37 40 48 56 79 38 52 54 70 60 67 8 67 80 50 9 48 7 76 69 57 38 64 66 0 8 52 3 66 4 4 7 52 62 56 5 2 59 80 10 34 44 76 2 39 64 67 38 38 57 6 52 76 34 77 4 72 76 36 47 37 53 31 52 76 7 64 55 43 39 46 58 59 54 61 53 31 80 5 42 10 56 78 65 53 77 5 55 49 33 47 31 79 68 9 37 8 33 52 38 43 5 3 58 39 35 80 40 69 59 74 35 48 41 50 31 68 37 38 7 65 58 8 69 59 6 80 50 73 70 62 72 42 80 54 72 10 51 73 41 51 70 48 10 77 78 67 41 43 58 63 7 74 54 45 56 47 35 30 66 30 34 4 74 68 6 52 68 33 33 3 35 42 69 30 6 35 39 34 2 55 63 77 53 52 34 6 63 7 66 55 50 47 32 77 60 47 52 65 10 58 63 10 35 40 75 56 67 66
71 67 75 53 63 74 53 39 35 60 41 33 62 39 34 51 65 49 48 6 38 5 71 59 33 58 52 38 61 50 33 46 60 80 35 79 10 68 66 40 57 50 80 56 30 3 76 60 59 68 62 55 80 77 57 58 32 80 48 40 55 57 66 65 41 40 38 34 50 2 40 6 6 6 74 39 64 30 76 64 58 78 46 35 56 3 77 63 65 31 73 67 61 75 38 8 67 77 70 31 4 58 10 69 5 67 60 35 50 7 58 73 64 30 72 35 49 57 70 6 40 62 70 35 74 68 31 42 64 49 50 64 46 52 45 33 5 37 32 74 41 51 65 41 80 64 55 32 78 79 34 42 2 79 69 58 9 45 2 76 36 56 35 45 65 9 0 80 2 77 3 6 10 70 55 38 6 9 49 78 5 69 64 76 7 45 57 31 58 31 38 2 80 57 73 36 7 36 53 62 80 64 77 74 42 30 3 69 53 53 66 67 47 33 68 51 67 73 79 2 59 5 50 47 43 75 42 3 41 46 38 70 78 77 68 10 50 5 64 68 60 35 5 4 51 62 35 62 60 41 62 80 44 73 66 75 56 63 69 70 5 40 66 9 42 72 9 42 59 56 40 31 55 34 48 47 74 9 76 31 54 74 77 62 8 46 78 52 44 36 67 52 5 60 61 35 32 55 58 42 38 78 40 10 54 62 9 64 75 51 77 10 57 52 33 61 6 77 67 33 10 68 60 48 55 63 62 4 56 7 71 77 32 80 36 33 60 37 61 42 4 47 49 8 44 34 59 75 55 78
6 6 80 43 80 69 36 80 77 8 43 38 67 38 5 71 49 34 38 77 43 32 70 47 67 3 43 56 9 3 53 36 46 68 61 77 50 40 2 76 10 44 39 48 41 57 69 78 7 32 32 44 54 44 37 9 66 40 75 10 38 69 46 60 5 3 55 54 47 60 50 56 39 60 6 71 2 60 38 47 40 39 52 30 2 36 39 62 3 47 71 72 4 63 49 74 4 32 67 33 56 44 48 35 38 32 31 58 39 77 42 55 9 30 55 4 34 49 10 33 30 66 41 2 60 10 74 38 58 31 9 78 52 34 78 8 40 47 9 6 51 6 77 32 2 50 9 6 10 67 36 65 63 9 7 43 71 33 32 9 3 52 61 69 35 58 60 0 78 40 46 66 35 47 80 60 73 39 75 9 73 74 72 41 78 67 6 2 9 65 53 34 59 65 42 8 56 31 53 5 3 54 6 79 67 9 57 5 4 36 60 62 32 77 47 40 34 71 39 53 57 54 47 76 38 75 3 39 8 10 77 10 50 43 62 41 34 73 10 42 38 67 52 72 5 48 71 10 72 47 37 45 39 63 75 9 63 54 3 77 77 65 9 35 67 78 52 43 52 78 5 7 74 10 39 68 59 65 77 10 75 32 59 6 75 74 78 6 60 39 8 49 56 55 31 78 53 70 70 7 73 67 41 54 43 10 50 80 10 46 58 53 3 68 4 4 64 41 46 80 69 35 76 79 9 43 69 64 2 58 78 55 10 80 37 75 78 49 10 10 80 37 74 78 60 9 77 8 46 4
52 52 45 33 62 32 63 30 32 37 60 76 48 45 68 79 77 55 43 9 51 4 38 48 59 31 32 63 75 32 48 52 52 43 33 30 4 58 74 74 58 56 30 44 47 10 48 74 75 33 38 77 59 72 30 47 32 58 71 66 36 44 40 35 53 41 67 48 70 2 67 3 8 2 55 35 70 74 65 33 71 74 77 58 32 3 68 47 34 74 75 79 57 80 31 10 73 79 77 35 4 50 10 53 8 63 57 56 40 9 68 76 57 49 73 64 58 36 41 6 30 61 42 34 69 78 49 39 34 79 32 70 34 55 39 50 3 77 51 65 58 73 44 52 78 57 67 72 50 80 40 76 5 70 80 65 6 45 9 48 43 76 59 39 72 10 9 44 0 59 7 5 3 77 76 66 10 6 47 73 6 46 53 38 7 31 78 37 54 63 50 4 43 69 36 43 3 67 41 60 45 53 36 44 47 78 7 53 42 54 58 74 58 67 54 36 44 79 69 7 67 5 47 77 35 38 63 7 67 70 70 33 35 53 48 2 49 6 54 63 54 34 2 3 42 46 80 54 47 80 80 79 66 60 43 70 34 30 42 57 8 45 49 7 78 58 2 43 62 75 41 54 56 49 39 45 77 9 34 71 80 32 76 54 8 78 64 68 45 59 52 73 5 57 67 54 58 31 46 66 74 49 76 3 43 65 3 32 63 54 75 2 66 42 43 51 9 42 66 74 7 75 48 35 63 31 45 7 48 6 36 61 47 31 67 58 33 39 61 51 4 66 58 10 64 69 34 42 79 43
32 42 76 41 4 55 63 42 52 78 71 6 77 57 48 80 62 3 35 65 43 55 50 79 63 77 31 41 74 56 9 7 33 42 79 34 63 43 65 4 39 4 72 51 10 62 44 3 54 3 2 46 36 53 48 80 78 3 4 52 33 10 71 39 66 37 76 53 79 70 10 32 56 79 34 5 51 50 8 5 10 30 41 60 37 34 9 9 30 51 6 54 71 58 53 78 38 57 39 37 65 53 32 73 50 30 56 71 58 37 8 36 42 46 66 80 76 79 68 50 46 44 45 43 33 40 44 49 41 7 79 50 2 6 10 77 69 9 68 33 9 51 42 3 50 42 39 56 68 2 3 7 42 79 58 68 52 71 37 79 59 65 31 57 60 71 34 67 35 0 42 45 50 10 71 10 59 77 44 47 36 7 74 30 70 32 69 49 37 78 6 44 5 3 41 37 39 8 36 41 48 47 47 46 2 63 77 79 66 67 78 50 30 32 6 5 76 2 68 63 58 36 54 37 7 54 63 71 47 62 49 80 43 57 3 39 55 63 69 8 31 6 35 32 67 2 61 36 79 80 80 48 2 9 8 48 71 59 71 9 44 38 44 56 4 5 66 35 5 10 36 35 33 79 8 42 10 56 30 42 37 76 3 66 73 62 3 41 7 35 44 75 39 50 9 46 6 2 42 68 7 67 55 57 56 55 77 3 62 41 5 73 38 50 33 65 61 3 47 39 42 35 60 43 43 52 80 65 57 46 65 77 51 5 67 2 54 73 74 32 62 48 31 56 53 60 6 37 6 53
62 49 56 80 59 52 39 61 76 36 66 41 66 79 65 40 50 71 61 3 52 8 43 30 37 35 64 39 58 74 61 64 47 58 75 61 2 52 57 43 44 55 43 47 57 9 51 45 32 68 47 61 44 58 42 41 71 40 64 63 65 41 56 76 39 34 72 57 33 8 41 4 6 10 75 39 80 47 55 54 36 61 43 51 40 5 62 56 61 36 73 63 77 35 74 9 54 30 39 59 6 50 4 66 9 77 74 43 69 4 49 79 57 65 74 55 54 33 37 4 38 30 66 48 52 77 44 66 63 73 54 57 69 65 58 80 8 37 71 78 69 66 73 36 75 47 55 69 39 41 60 55 7 53 69 58 4 66 9 74 50 36 62 43 38 4 3 77 8 60 0 5 8 40 75 38 5 9 68 31 5 76 59 53 2 53 75 64 66 63 50 7 46 49 62 45 7 56 36 70 58 60 36 39 73 43 5 36 64 47 65 76 63 71 46 38 65 60 69 8 39 10 78 44 65 44 69 4 50 52 52 37 65 33 43 10 76 9 63 38 64 35 4 8 42 51 60 37 48 45 77 43 38 35 37 39 57 67 74 51 6 64 32 3 70 48 8 53 32 48 59 35 73 60 50 78 77 9 39 79 33 40 49 48 7 59 52 76 61 47 78 76 9 79 40 63 43 66 67 78 65 33 50 3 76 63 7 71 74 74 74 7 41 59 47 31 9 44 73 33 6 80 59 67 46 42 32 10 72 5 37 76 42 34 45 39 49 44 67 49 3 38 60 2 72 55 31 63 62 80
40 37 49 67 42 33 40 56 64 31 38 64 30 33 35 41 32 46 32 10 43 7 58 61 54 59 61 36 44 48 70 33 61 31 79 30 8 66 76 31 40 45 34 53 52 3 35 75 35 39 63 60 59 39 68 51 66 38 40 34 35 42 78 38 76 70 44 65 49 6 50 10 2 2 31 75 50 66 56 53 46 59 80 71 53 3 75 74 31 57 42 46 35 67 50 3 54 35 50 58 4 66 4 39 2 48 69 53 49 7 62 80 72 49 60 56 66 42 79 6 43 47 45 43 69 39 61 63 49 51 51 42 34 38 52 65 9 34 38 61 30 54 70 77 41 50 43 66 71 41 63 31 9 66 39 51 5 47 4 43 77 69 48 32 43 8 8 59 3 64 2 0 10 54 60 69 6 2 57 30 9 37 71 70 4 51 55 49 56 77 50 10 44 47 63 49 2 32 57 54 65 60 37 75 56 61 5 41 66 64 73 79 78 47 50 60 31 50 61 3 36 10 63 51 47 69 41 7 53 39 66 43 53 68 74 4 45 2 60 61 40 69 9 5 63 72 37 57 47 61 60 32 80 79 43 54 64 72 50 66 7 78 53 2 51 68 4 33 49 56 67 69 55 73 33 45 52 8 40 45 47 77 45 55 6 52 63 53 35 52 67 56 9 50 35 42 49 63 36 76 68 78 49 6 49 67 6 67 59 80 57 7 51 59 49 54 7 72 64 56 9 70 58 56 52 72 52 8 35 7 46 43 71 51 39 32 40 56 65 65 5 56 36 9 66 40 56 66 57 60
78 41 64 45 55 60 61 53 35 66 31 72 67 79 44 52 51 60 74 10 57 6 68 34 75 71 77 65 48 61 65 79 53 65 31 36 8 60 80 76 59 65 60 43 49 4 41 30 41 53 75 52 33 70 51 48 73 61 75 40 32 53 33 79 39 41 61 42 64 7 35 6 8 6 47 52 68 36 79 59 65 35 49 68 50 5 61 47 35 54 38 31 80 58 50 7 58 62 62 50 4 59 4 61 3 74 46 75 68 2 38 51 78 60 51 75 31 44 68 8 60 78 45 79 60 69 60 30 73 64 43 57 60 49 63 61 7 49 73 39 61 57 75 51 33 33 59 63 74 60 40 36 8 63 63 30 7 70 2 71 52 44 33 55 39 6 10 40 8 77 6 3 0 63 41 42 5 4 31 79 3 80 52 38 3 77 80 79 37 30 36 7 49 32 67 31 6 66 63 70 52 77 79 48 58 41 5 69 51 51 47 31 56 52 58 63 75 51 71 9 77 4 70 65 70 36 42 3 60 39 62 64 65 40 61 5 65 10 62 34 79 33 5 2 69 46 53 56 43 37 54 78 32 45 33 66 60 42 43 40 9 33 73 9 64 79 8 55 41 61 49 70 30 70 63 46 35 6 46 75 39 53 38 53 3 31 59 35 51 67 49 49 6 43 60 31 66 42 36 36 41 71 65 9 61 43 7 80 63 34 58 3 66 40 50 41 8 66 34 75 8 69 41 63 38 62 42 9 31 2 40 66 32 79 63 32 43 76 55 75 6 33 31 7 79 58 56 54 31 49
59 80 80 36 9 66 56 39 58 52 36 5 57 72 36 30 35 7 51 51 35 69 49 40 78 36 75 39 50 48 6 2 55 48 76 69 75 63 46 6 59 4 42 79 8 47 61 2 37 7 8 46 77 31 53 34 67 10 3 67 68 9 73 48 34 58 73 48 75 63 4 59 48 72 79 10 32 79 8 6 4 52 78 45 43 39 4 9 76 70 2 72 41 49 62 61 56 38 30 47 50 50 67 76 38 38 68 75 78 65 6 66 32 32 47 56 42 62 61 33 54 51 31 48 67 58 75 45 59 8 35 53 6 3 6 45 42 8 80 51 5 69 69 8 31 68 47 40 79 3 7 9 64 66 63 35 69 40 30 62 31 37 66 42 55 79 72 69 64 9 75 78 34 0 60 5 74 30 55 79 70 6 39 54 48 56 73 34 47 58 8 58 6 7 80 55 57 5 76 73 48 48 55 40 5 70 53 40 79 76 52 64 60 33 5 7 73 6 34 56 78 63 68 73 4 38 78 49 76 32 52 66 50 68 8 64 75 77 57 3 30 6 33 70 80 9 65 51 30 68 62 40 5 7 7 73 37 62 66 3 73 42 60 70 9 7 37 31 5 2 50 74 65 53 7 39 6 31 54 78 72 79 8 51 59 60 5 35 3 44 47 78 32 75 5 59 9 10 70 41 9 62 60 74 68 67 43 8 65 76 8 61 78 34 53 80 76 3 46 47 39 37 73 50 49 53 69 47 47 64 40 72 52 9 37 6 35 44 77 33 53 46 34 39 58 50 6 70 7 33
37 67 68 72 49 35 43 3 7 43 37 36 58 39 71 8 74 48 55 34 4 55 2 42 8 38 39 40 63 61 48 50 41 9 38 9 69 7 76 41 47 66 7 3 37 77 3 68 38 36 61 4 50 10 7 72 78 62 54 32 5 74 54 36 52 30 75 48 2 78 39 61 44 76 50 45 38 64 49 63 37 55 33 2 77 69 69 74 77 5 55 5 66 79 8 48 69 63 7 53 55 9 68 62 49 65 3 4 7 39 54 2 72 73 54 36 8 9 35 79 6 57 58 59 4 73 2 8 3 32 63 7 55 55 76 34 34 46 54 60 62 65 4 80 64 6 66 52 69 53 33 38 80 76 63 68 46 5 31 55 73 4 6 6 49 43 38 40 76 77 34 63 51 77 0 60 41 45 43 59 63 63 5 4 80 5 63 43 43 2 39 54 44 47 60 31 69 45 3 59 30 8 47 6 73 43 38 76 54 6 47 4 6 32 70 56 5 59 9 62 7 42 63 4 39 40 54 70 59 37 8 78 6 50 59 77 9 36 33 68 72 56 70 66 62 33 51 43 67 61 53 77 69 64 52 57 30 10 65 60 43 4 31 57 54 79 34 5 48 70 74 68 5 63 52 61 58 61 2 40 10 49 50 45 64 5 75 51 34 3 58 4 32 3 45 8 71 41 6 38 38 47 36 61 60 57 70 66 41 38 70 31 43 5 37 73 74 38 35 49 48 33 6 4 55 5 79 34 40 49 53 5 33 38 2 80 59 52 66 46 39 8 6 53 7 71 36 59 67 63
67 45 76 32 2 45 76 36 40 41 52 10 59 52 37 45 64 10 59 47 72 72 59 76 67 62 36 32 45 64 5 2 76 41 64 35 57 69 48 6 50 8 40 38 6 75 49 10 30 3 10 79 45 67 66 53 63 6 2 43 37 5 58 47 53 47 77 68 58 45 9 53 71 70 64 5 68 48 2 8 2 74 33 79 42 41 8 7 35 79 8 68 71 30 55 78 35 32 63 52 79 63 52 65 76 35 77 71 51 36 4 76 62 80 51 58 37 58 62 59 62 65 79 73 70 66 68 45 40 7 70 43 8 5 3 34 80 3 43 37 5 56 49 3 79 42 56 54 75 5 5 5 35 53 43 61 74 57 31 77 59 50 59 34 37 58 41 30 38 5 74 54 57 10 59 0 52 47 80 46 62 10 64 65 52 32 72 32 67 76 5 35 2 10 59 62 44 10 77 42 71 62 33 54 6 33 33 64 69 44 39 63 41 41 10 6 67 9 38 73 41 77 61 43 9 57 74 41 57 42 72 37 47 45 6 40 76 42 70 8 78 8 61 43 37 2 68 36 56 41 62 68 6 2 3 59 72 51 66 5 30 42 37 62 10 10 32 40 6 9 70 61 37 53 4 79 7 73 64 30 50 43 8 35 79 57 9 55 10 32 78 80 68 48 9 35 10 4 38 32 10 56 30 55 52 65 61 9 34 57 3 38 44 54 31 66 61 4 53 37 42 55 59 53 80 59 71 48 49 37 68 40 80 2 30 3 35 73 75 56 42 79 55 35 32 56 9 65 5 66
31 60 38 68 31 31 72 61 31 32 71 70 67 34 42 49 52 45 79 5 62 9 52 64 62 69 43 59 47 37 48 38 44 53 68 54 9 67 44 53 52 64 73 80 37 5 70 53 47 74 73 68 42 59 56 41 64 59 43 79 49 47 67 39 54 70 31 39 41 7 47 9 6 7 64 52 77 30 78 67 50 66 38 56 56 10 57 50 54 78 53 62 56 49 48 8 69 48 62 46 10 30 2 60 6 31 62 35 49 10 39 61 58 49 50 78 34 37 63 5 56 41 41 46 33 55 53 51 31 70 59 58 56 74 74 35 7 76 72 76 75 40 54 80 69 55 76 51 77 34 49 50 2 42 48 72 9 33 8 56 52 68 72 74 58 3 10 32 7 74 8 2 4 41 65 39 0 6 69 73 6 62 47 77 8 37 44 60 38 40 67 2 45 42 48 65 8 46 78 46 69 75 72 48 36 79 8 71 74 46 45 40 80 50 79 37 69 55 39 7 68 3 68 74 80 65 79 10 61 55 64 71 32 69 31 6 48 3 41 43 70 38 7 3 44 30 46 56 58 67 47 79 78 65 44 80 77 31 50 48 2 43 60 2 77 35 7 52 47 61 66 60 47 61 78 67 70 9 43 42 63 47 78 77 7 63 80 72 47 71 66 69 8 59 71 39 34 55 64 30 76 35 48 4 78 37 3 39 41 74 57 8 51 38 49 42 3 78 40 65 3 58 57 52 70 73 39 2 58 2 51 66 68 61 76 48 30 37 70 70 3 62 38 6 38 31 38 74 55 34
47 47 33 52 45 59 42 57 64 44 32 39 44 79 41 36 45 71 33 2 32 2 32 48 54 57 36 73 76 69 70 69 49 53 48 42 3 65 59 78 55 78 46 66 78 4 34 35 62 55 78 45 46 80 54 65 65 78 37 58 68 59 56 51 60 36 55 45 45 3 71 8 3 4 75 71 56 77 54 76 67 60 49 61 79 5 58 53 40 77 63 52 61 41 68 7 56 71 65 64 4 35 4 31 10 51 65 43 80 7 44 37 33 74 70 42 61 45 40 2 52 38 58 59 79 66 76 47 61 50 46 78 33 78 78 66 7 72 54 50 44 44 41 44 45 65 32 40 52 49 47 35 3 35 36 70 5 59 10 37 76 60 46 45 30 3 8 76 9 69 9 9 6 45 39 36 3 0 57 63 4 77 47 63 6 36 64 36 42 49 70 5 78 49 67 46 2 30 77 47 50 52 77 44 61 35 2 46 67 74 52 58 73 58 30 79 33 43 37 5 58 2 34 53 52 46 58 7 62 66 33 64 62 73 46 2 70 4 54 39 63 59 4 3 67 73 35 42 45 80 72 80 76 54 47 75 30 72 40 55 5 59 53 5 43 79 10 51 54 31 47 36 68 70 39 80 47 6 57 78 72 66 51 52 2 44 59 63 35 51 36 79 4 73 33 59 37 68 32 62 62 71 75 8 65 80 10 73 62 36 52 9 77 31 41 55 8 70 70 55 10 59 48 75 33 61 45 3 80 9 43 57 60 63 79 49 59 48 76 49 10 30 66 7 53 34 55 33 32 32
38 77 5 10 52 10 6 49 69 52 10 72 2 4 56 67 6 60 3 65 75 54 64 10 31 53 3 3 47 40 65 49 9 66 9 39 30 67 43 37 78 43 44 42 34 30 62 54 34 76 72 58 4 33 42 69 4 48 34 62 80 67 7 4 64 78 9 6 34 35 41 75 66 46 69 62 32 2 60 60 43 10 10 73 38 65 53 73 31 54 49 57 54 10 37 55 74 2 78 7 73 68 49 7 69 2 80 65 57 79 49 47 47 8 3 43 60 66 53 56 79 6 2 47 78 50 69 39 34 69 70 60 55 52 79 66 73 51 54 63 78 75 44 64 57 73 32 60 58 65 66 67 56 47 35 7 77 52 61 46 39 65 50 73 2 49 40 80 57 36 46 55 36 57 52 38 45 34 0 52 71 77 60 53 65 59 38 34 51 37 72 59 56 43 3 54 52 53 70 78 38 78 43 43 67 76 73 48 66 31 4 44 31 2 55 47 52 76 73 78 74 67 7 34 54 2 58 67 66 63 77 57 66 8 72 57 42 78 36 45 5 52 69 73 78 52 4 69 3 5 2 9 65 71 42 70 7 59 36 76 30 30 55 60 36 66 61 44 78 77 63 36 79 45 58 2 57 68 78 43 64 5 78 67 67 78 77 67 43 69 56 80 79 80 58 53 37 62 79 50 56 7 5 31 2 38 35 56 35 7 63 67 40 73 79 75 37 80 8 8 63 8 30 72 48 56 3 47 32 69 8 76 65 59 76 50 6 5 30 78 48 67 75 68 35 31 53 73 35 54
7 5 68 35 60 43 40 42 51 7 73 63 58 65 4 59 51 53 75 57 32 50 63 68 51 7 55 61 3 7 51 70 43 52 66 63 69 38 9 51 3 66 61 35 69 30 51 69 8 34 63 44 39 76 34 5 36 73 59 10 52 77 31 60 10 6 36 67 38 44 43 74 37 45 4 63 6 55 78 63 59 64 76 61 3 48 30 39 4 51 41 46 5 56 64 48 9 55 49 77 57 42 62 59 55 43 55 59 37 75 62 49 6 69 40 5 57 60 6 41 46 45 54 9 79 3 46 52 61 78 6 64 37 56 80 4 44 57 9 2 43 9 65 38 7 48 5 5 4 38 44 43 44 6 2 45 31 78 67 7 7 36 37 31 71 79 70 3 56 38 53 65 47 38 70 31 58 58 58 0 46 31 31 71 47 45 9 10 3 46 44 43 49 51 58 4 76 31 57 8 2 65 5 57 80 8 60 2 10 79 36 56 63 50 49 69 66 47 39 46 77 80 69 74 56 63 7 48 9 2 40 7 63 43 34 55 74 62 7 49 46 61 68 41 7 49 54 3 70 34 51 31 39 33 58 10 68 35 8 36 34 42 9 57 49 39 57 59 69 53 5 8 44 8 54 66 77 47 55 3 42 77 74 9 47 69 32 2 60 60 2 72 31 49 63 78 54 32 40 10 43 70 52 33 46 8 44 66 10 64 34 64 5 37 9 4 59 67 65 59 54 45 46 73 6 58 76 73 9 48 55 36 2 41 52 56 31 34 2 6 49 51 37 45 49 6 68 10 51 2
74 43 52 67 57 63 69 47 69 65 59 62 42 77 46 60 33 31 54 5 65 4 64 64 45 75 78 51 67 59 38 31 46 54 75 45 9 49 40 40 64 77 72 74 77 10 49 47 42 39 69 57 80 49 56 53 38 69 80 69 74 34 55 60 40 58 73 31 59 9 46 3 2 7 43 42 63 69 50 37 79 30 55 63 61 2 44 42 64 43 53 32 72 39 39 7 56 77 57 64 8 30 9 54 2 42 66 67 55 3 41 74 41 53 52 50 63 55 30 8 69 53 72 33 61 79 54 79 55 68 70 80 74 68 49 62 9 32 47 32 45 37 48 42 39 60 68 60 67 48 49 51 10 65 79 62 8 48 5 47 66 40 31 43 74 3 7 45 7 42 6 10 5 34 48 42 9 4 55 49 0 55 60 42 8 35 51 30 38 38 52 5 39 44 55 31 4 45 34 78 55 68 73 50 30 73 8 60 46 42 48 37 57 62 42 33 70 36 37 3 47 3 52 31 74 67 76 6 55 60 47 72 42 59 45 7 65 3 33 54 59 62 10 3 33 80 58 70 71 43 72 32 59 45 56 58 60 36 35 47 2 61 46 6 75 52 6 52 74 34 61 49 70 42 32 76 58 7 73 77 40 67 52 32 4 39 66 69 30 43 31 75 7 60 67 53 69 67 51 64 33 79 71 8 43 41 5 77 74 37 32 6 74 62 52 43 4 36 35 54 2 41 31 54 49 78 69 8 51 4 38 34 43 63 70 77 68 78 57 75 8 33 34 10 55 31 47 57 72 38
38 78 71 60 8 48 48 36 31 51 77 7 69 58 63 75 42 7 52 55 44 75 35 57 33 37 56 77 42 41 6 3 65 56 65 32 66 60 75 8 73 2 66 70 7 30 41 10 67 10 2 72 60 34 38 42 62 3 5 39 56 8 67 66 38 63 44 52 51 72 10 30 72 62 77 2 56 71 10 4 7 47 53 39 34 35 4 4 73 36 10 66 30 53 75 70 74 35 66 79 38 64 38 54 69 39 76 43 51 57 7 71 50 74 30 55 68 56 56 50 61 56 79 40 65 34 36 55 77 4 46 51 6 9 8 57 45 3 42 30 10 44 73 8 51 40 53 62 72 7 3 5 33 38 49 54 40 72 70 56 62 34 73 70 61 68 44 44 59 9 37 68 32 2 64 3 61 34 64 48 36 0 68 45 76 46 71 54 56 52 8 67 7 10 33 39 57 8 52 53 67 46 51 43 2 52 74 45 68 30 71 60 46 33 6 3 48 8 30 66 72 56 79 36 3 64 48 38 73 50 61 45 52 52 5 62 73 77 65 3 55 10 57 52 75 8 53 53 55 60 75 61 2 5 9 34 59 50 49 5 69 34 64 46 7 9 79 41 9 4 50 31 33 36 10 67 9 30 44 69 51 37 7 61 41 74 3 61 6 45 45 49 61 61 9 71 10 7 70 35 5 48 36 49 34 33 74 6 67 69 3 53 59 64 73 65 42 4 53 73 55 39 42 60 70 77 71 39 54 46 63 61 50 4 58 7 57 76 31 69 38 61 62 62 47 54 8 41 4 43
71 51 34 51 68 61 38 6 3 59 50 63 33 47 39 5 39 35 75 34 4 34 5 31 7 43 35 70 51 76 44 58 68 6 77 10 32 3 68 71 36 79 10 9 58 49 4 75 77 47 55 2 65 5 5 31 46 36 31 36 6 65 71 30 52 38 42 38 2 72 58 43 62 74 42 75 66 51 41 63 45 77 59 2 38 58 76 55 66 7 62 7 61 32 6 80 30 67 3 78 34 3 35 79 42 53 3 4 5 47 50 5 72 34 54 36 2 8 72 46 2 80 49 74 2 46 3 4 3 39 67 7 69 69 72 54 30 31 78 69 57 32 5 60 39 5 42 55 48 55 56 64 80 66 64 36 59 6 56 42 67 5 8 10 64 52 47 49 30 48 66 60 32 72 7 54 47 41 39 31 30 34 0 3 36 7 52 49 38 3 37 38 37 57 60 46 61 32 9 42 67 4 30 3 46 43 53 53 32 8 71 2 3 57 37 72 4 34 9 45 3 31 62 9 69 65 65 42 38 61 2 45 5 31 69 61 7 54 31 56 80 57 42 72 55 42 71 54 46 76 31 58 75 59 49 38 33 5 38 50 45 10 68 33 35 38 71 8 38 71 79 54 5 37 55 46 72 75 2 62 9 46 72 57 49 3 30 52 47 5 70 8 34 7 51 7 64 51 10 76 48 72 49 33 77 78 43 51 36 56 65 59 75 7 59 48 76 61 64 78 66 34 8 2 67 8 44 45 72 52 41 7 61 72 7 64 56 71 48 32 75 5 6 80 9 39 31 33 43 60
76 62 72 45 58 46 38 2 5 33 80 58 68 38 45 7 64 69 31 51 10 48 9 38 7 51 71 72 40 73 49 30 35 8 48 4 50 8 40 80 63 56 10 8 69 51 4 30 56 44 61 7 50 8 4 57 42 34 80 77 10 55 44 65 45 44 35 77 3 71 50 68 80 72 76 47 79 52 79 46 70 51 56 7 75 40 71 61 35 6 42 2 57 34 8 61 76 40 8 61 71 5 33 35 45 72 3 3 7 76 58 9 31 65 43 30 9 6 54 66 10 47 62 68 4 75 2 10 10 80 53 6 41 37 49 55 47 74 33 70 76 69 2 56 66 4 68 47 55 48 55 53 63 60 38 40 40 8 35 32 39 9 6 7 74 58 40 78 61 39 62 77 32 33 7 30 60 48 59 54 79 33 7 0 70 6 74 62 32 5 51 79 51 46 42 47 40 43 5 71 73 10 76 6 75 50 69 38 37 4 64 8 5 79 35 39 2 37 6 69 4 61 40 10 72 77 50 42 55 38 6 61 2 73 66 58 4 31 69 75 64 69 54 38 74 30 67 37 61 72 52 48 74 58 43 64 65 2 78 31 56 7 46 35 60 47 33 6 59 63 46 63 9 70 51 69 40 63 6 77 9 66 34 58 40 4 42 58 46 6 73 6 61 3 38 4 73 42 8 54 69 46 71 71 54 39 59 49 41 43 79 53 40 9 79 49 54 34 30 66 76 53 3 5 62 10 64 77 57 60 37 5 77 47 3 63 61 71 49 51 54 5 10 73 4 38 31 46 45 74
69 36 57 62 33 57 62 66 54 59 79 49 35 61 35 63 31 76 50 5 67 4 70 49 35 75 34 59 30 77 42 32 77 68 32 59 7 48 78 70 51 67 39 66 53 10 66 67 64 54 71 53 76 30 39 78 47 77 61 31 48 49 57 73 80 78 50 55 39 2 46 3 3 10 61 53 56 59 70 75 80 80 67 60 78 7 59 52 42 33 51 46 32 51 78 8 76 69 72 47 5 80 7 58 9 39 68 31 45 7 36 37 31 37 52 79 71 66 43 8 50 80 34 69 69 50 42 52 67 43 30 68 65 62 74 59 2 58 41 72 50 40 58 48 62 57 70 52 52 79 73 68 7 33 66 58 4 53 3 58 75 69 63 79 78 10 5 56 6 45 5 4 2 46 52 77 7 2 60 45 10 48 53 40 0 58 71 76 41 58 71 7 32 60 54 51 5 31 49 63 65 32 45 76 38 72 6 54 39 56 42 76 56 36 38 53 61 50 42 7 73 6 66 34 74 71 75 8 65 61 52 58 67 72 62 10 74 2 50 57 64 38 4 9 31 38 76 45 75 48 37 48 51 59 80 32 61 64 77 71 8 55 74 6 72 65 4 72 43 55 75 77 75 44 47 46 40 7 48 39 54 72 31 51 7 59 65 31 72 67 67 38 9 50 38 40 38 78 41 35 38 77 57 2 59 79 4 34 69 44 49 5 62 71 39 43 8 73 57 37 9 57 49 30 35 58 69 3 32 2 35 38 44 32 71 43 80 75 39 34 8 46 35 4 70 54 47 30 46 49
35 67 46 30 47 61 57 5 5 35 44 54 78 42 34 6 33 69 41 38 2 30 5 75 9 44 67 39 73 61 62 65 46 8 56 10 69 3 33 53 43 54 6 9 41 69 9 67 48 48 51 5 51 8 10 53 34 67 36 39 4 44 48 80 47 74 78 32 8 80 56 79 73 47 31 41 72 76 71 48 69 79 32 5 32 77 53 75 37 4 70 5 54 34 10 44 36 79 2 32 37 10 37 71 79 41 6 5 3 67 32 8 52 74 37 55 8 4 39 49 4 59 50 67 9 79 7 4 7 77 49 3 66 61 60 71 44 54 64 37 78 60 3 55 34 2 32 54 57 77 47 77 46 54 37 46 69 10 58 75 73 3 10 9 39 62 34 50 61 41 73 44 59 30 3 36 66 77 71 42 62 68 10 2 80 0 44 79 67 3 34 77 56 50 30 80 36 64 10 41 31 10 75 2 62 56 74 35 53 2 68 4 8 67 62 61 3 31 6 42 6 48 67 10 72 48 80 60 73 47 3 43 5 67 34 38 4 57 45 44 39 75 38 67 70 64 65 63 52 53 43 65 41 60 76 67 43 9 54 51 79 6 66 41 78 48 54 8 61 54 70 76 8 69 77 51 52 34 10 78 9 76 59 48 58 10 45 48 75 5 77 3 50 3 64 2 61 44 5 72 77 42 46 44 48 42 46 60 68 54 41 59 65 8 65 41 56 40 45 77 59 66 3 10 64 7 34 76 33 66 78 4 43 72 7 53 57 65 57 53 40 9 10 43 8 54 34 32 36 33
5 6 47 42 59 39 65 76 66 7 64 39 42 66 3 42 30 63 58 79 76 80 71 36 49 2 71 65 3 2 58 44 80 39 78 49 75 34 10 75 8 43 79 53 55 52 57 56 10 43 62 42 37 57 71 5 69 56 51 9 30 61 59 77 4 6 62 66 59 53 66 37 31 42 10 77 3 53 41 67 51 47 63 79 3 48 32 36 8 49 30 60 4 51 80 32 6 34 76 31 49 33 41 73 51 74 53 57 47 59 79 63 9 56 61 3 33 72 5 74 46 53 60 6 55 7 73 49 56 61 10 58 61 39 61 2 55 48 5 8 37 5 38 70 4 58 6 7 8 41 58 33 46 2 4 69 77 68 32 8 5 36 43 31 46 66 61 9 53 33 63 57 75 40 38 46 50 54 36 3 64 61 41 40 64 79 0 5 8 76 66 75 31 45 72 2 62 40 46 6 10 33 4 56 39 4 49 6 10 56 76 65 58 56 52 34 30 36 50 56 30 50 60 67 68 57 6 67 5 3 41 8 53 74 60 64 78 41 5 43 77 61 30 64 7 40 74 8 73 38 55 66 69 47 38 7 57 66 7 32 80 30 3 73 62 46 65 60 73 32 10 3 32 6 51 63 72 51 40 4 71 46 43 9 47 56 34 8 43 72 4 30 41 59 39 32 35 72 40 7 58 74 46 73 53 8 57 56 7 51 49 71 2 77 10 8 48 50 31 37 70 56 55 45 10 55 38 75 5 49 55 69 8 36 70 66 66 45 8 9 43 55 60 75 54 9 56 5 31 7
9 9 76 30 35 42 41 71 30 4 46 63 38 69 5 71 54 35 38 79 40 72 66 52 46 10 66 72 5 3 58 67 74 72 75 36 30 38 2 36 5 73 56 34 35 63 35 62 9 57 39 73 80 49 48 5 50 63 66 4 59 59 31 54 3 4 59 74 53 79 79 58 66 68 5 66 6 34 37 54 32 76 31 77 2 65 47 66 5 70 49 44 7 58 77 37 9 53 47 38 73 36 42 55 59 31 78 45 73 64 47 75 9 49 75 4 37 51 3 79 60 34 31 6 65 7 72 51 54 30 6 63 47 36 68 5 80 34 4 10 67 5 61 73 3 55 8 2 3 74 72 64 30 3 6 32 78 65 48 9 6 66 64 35 65 62 47 6 52 41 69 65 70 33 39 35 39 65 57 9 57 59 79 38 56 39 9 0 9 45 48 58 70 42 35 2 51 69 70 3 5 52 8 34 44 2 56 5 8 34 49 56 35 49 50 72 60 71 54 32 50 31 70 42 34 77 7 40 3 4 34 6 44 50 37 80 68 34 5 66 68 35 30 63 2 45 61 2 74 55 41 54 30 34 39 5 35 44 3 49 49 76 10 73 71 33 56 58 55 56 4 5 65 4 39 77 78 54 42 5 73 53 80 2 57 45 57 7 70 58 7 43 46 36 55 34 39 61 52 4 63 42 67 30 43 2 30 50 8 57 58 43 2 42 9 7 43 55 48 43 77 32 41 68 3 41 30 32 7 62 34 43 10 56 56 77 33 80 2 5 74 74 63 73 66 2 44 8 33 2
2 4 50 49 33 44 35 71 40 10 30 67 35 50 9 72 72 31 35 31 61 76 57 36 46 9 45 33 7 8 39 68 47 49 71 61 42 38 7 67 2 74 41 79 39 53 79 58 8 73 66 34 31 56 65 7 60 43 31 4 65 60 74 51 6 6 54 51 43 58 75 68 50 65 7 64 7 38 37 54 48 73 41 72 6 45 47 39 4 38 78 69 8 37 65 51 9 61 33 43 35 51 77 51 33 32 78 47 30 53 45 55 9 61 54 3 70 30 4 49 60 42 72 3 77 4 46 39 49 47 5 48 34 66 50 6 61 67 6 7 57 2 72 46 7 31 3 9 10 32 59 56 61 9 4 32 42 68 52 6 8 65 66 50 35 62 58 7 77 60 74 53 58 77 37 77 74 55 31 2 50 80 43 55 49 53 2 6 0 49 66 32 52 42 41 9 67 69 55 3 3 62 9 36 68 2 55 6 10 79 68 56 77 51 44 32 72 80 43 57 50 73 56 63 44 34 8 54 4 2 76 8 39 39 64 34 72 42 3 60 45 52 77 42 2 31 47 8 45 80 48 47 65 66 43 8 73 71 2 36 63 56 3 68 62 44 42 53 73 38 5 7 64 6 79 35 35 30 35 3 68 32 75 6 34 68 76 7 55 42 7 59 46 39 67 61 59 58 31 2 48 79 37 60 60 3 62 34 8 59 36 55 3 54 10 9 59 36 77 67 40 38 71 68 6 59 39 58 2 43 42 44 7 70 63 49 35 46 9 9 74 45 72 30 41 10 68 2 41 9
54 68 35 63 76 39 71 8 9 77 77 60 79 33 39 8 73 74 42 40 6 54 7 62 9 62 44 63 58 45 30 61 75 6 30 2 74 9 33 36 52 42 3 5 73 34 3 71 69 32 52 5 50 3 3 43 60 49 56 62 10 68 71 31 52 33 45 74 8 64 39 41 37 79 67 51 76 72 44 62 57 56 31 6 79 56 71 73 31 3 46 7 64 39 9 48 71 56 10 31 48 3 65 33 72 41 9 6 9 41 48 6 53 70 80 62 8 3 37 31 8 60 58 79 6 44 2 7 2 44 34 5 67 54 37 31 79 38 67 54 71 30 8 62 73 10 73 57 42 74 50 78 70 64 66 50 61 3 31 73 73 4 2 5 77 45 68 59 53 79 51 43 45 41 8 30 42 61 67 38 70 38 6 5 66 3 67 32 40 0 38 75 32 45 52 65 33 80 7 80 70 8 48 8 70 38 41 49 52 10 64 7 6 57 73 30 2 54 2 30 3 59 48 4 53 80 30 64 76 66 2 56 2 49 59 45 2 71 80 47 55 33 61 47 69 64 66 41 79 67 38 44 52 58 66 39 69 8 47 50 72 10 35 72 62 78 39 2 69 49 55 55 7 41 38 66 62 69 2 40 8 75 43 44 65 10 77 36 77 6 46 5 45 3 79 7 46 32 8 36 76 69 30 41 36 57 38 36 80 44 75 74 76 8 35 59 33 34 52 32 43 46 9 6 56 8 56 57 69 76 75 10 32 75 9 66 68 31 56 72 52 3 8 49 5 57 67 72 40 57
63 68 50 60 9 58 43 52 45 38 38 5 79 79 52 79 69 9 75 54 35 62 53 53 48 72 58 63 66 68 8 10 64 66 51 32 35 79 46 8 36 6 40 70 6 64 36 5 46 9 6 67 67 67 56 54 65 3 8 76 30 4 32 59 60 75 51 48 36 46 5 70 54 33 61 5 60 58 4 4 5 75 61 50 41 75 9 9 32 50 9 78 49 60 60 61 65 73 68 62 44 36 38 74 55 70 62 38 61 43 6 68 63 38 74 36 71 47 56 55 58 31 37 79 41 51 31 63 34 6 54 60 3 9 10 39 80 6 64 56 7 38 38 4 43 65 67 71 55 3 7 3 79 54 31 76 76 66 51 76 34 46 46 44 40 50 36 78 55 9 42 65 63 7 60 5 33 40 58 69 78 9 50 71 34 66 63 42 52 50 0 46 2 10 31 41 54 6 54 66 46 31 34 58 10 62 40 73 34 47 31 73 66 47 8 6 64 5 66 74 67 56 78 36 3 55 44 72 74 63 57 72 49 35 10 33 65 34 33 4 63 5 56 36 64 4 76 80 43 33 76 51 9 9 6 77 53 40 64 10 75 76 35 39 2 5 42 75 6 3 69 31 33 73 8 38 2 78 72 71 69 34 8 33 79 71 10 67 6 44 76 69 45 51 3 62 6 3 72 53 8 69 38 73 74 71 45 6 62 35 6 53 74 73 45 78 59 9 56 49 32 76 70 44 49 54 59 49 77 40 68 42 64 7 61 4 45 69 66 33 72 67 41 69 38 52 10 60 3 51
62 59 61 44 56 32 65 74 75 61 42 58 31 72 55 64 33 31 59 2 31 6 46 42 48 57 32 60 52 54 78 51 61 58 31 37 6 69 56 64 70 33 45 72 74 4 53 71 40 79 35 56 75 78 59 78 65 55 33 77 73 43 66 35 41 53 71 64 69 5 80 5 6 2 71 77 69 35 42 44 34 54 55 60 48 9 40 70 55 40 34 35 68 56 79 8 54 80 51 50 6 61 6 66 9 63 34 61 35 9 54 37 51 67 41 46 79 35 46 8 35 36 63 62 31 54 54 33 39 74 68 55 44 63 63 71 3 56 30 32 58 75 65 78 78 73 50 57 65 56 75 59 2 67 61 36 10 32 2 41 44 74 30 59 33 7 10 56 3 70 3 10 6 46 79 42 5 5 49 65 3 52 72 68 10 78 64 78 39 35 66 0 50 72 60 60 2 62 75 49 73 44 51 68 35 32 8 78 39 52 40 71 46 38 30 35 36 68 36 4 40 10 74 75 68 48 72 7 79 33 73 44 50 49 45 9 58 6 55 68 72 55 5 3 73 76 35 36 44 71 45 38 31 73 70 31 79 31 57 44 8 78 78 9 63 35 3 61 57 46 47 64 65 64 30 78 40 6 37 41 59 42 62 42 2 58 49 36 59 78 55 47 2 59 68 72 49 63 77 79 39 68 57 10 62 52 2 52 31 75 62 8 54 61 42 51 3 52 61 48 2 79 55 72 73 51 31 2 47 10 70 55 67 41 48 72 54 70 70 59 4 73 65 6 41 63 36 74 68 71
73 69 56 71 8 80 39 69 32 52 68 5 63 60 55 70 51 2 80 65 80 35 70 46 75 76 47 49 46 66 3 4 37 73 50 80 47 59 31 3 41 9 71 44 4 38 62 7 43 6 4 47 63 49 39 58 46 6 6 62 39 5 65 47 51 30 30 59 74 52 8 61 56 32 78 2 72 73 9 5 5 72 31 42 55 80 3 6 40 42 8 41 56 65 69 63 75 69 62 75 31 66 73 32 39 45 53 74 48 35 7 48 39 58 72 64 55 65 33 30 75 65 75 34 37 40 50 36 32 3 69 40 6 7 9 43 52 5 79 36 7 70 55 9 34 72 47 39 59 7 9 5 72 80 52 59 45 75 50 78 64 38 67 51 53 56 59 47 76 7 41 66 56 6 41 4 63 74 71 43 46 4 60 63 38 43 37 63 65 33 9 41 0 8 63 62 41 8 70 65 44 49 54 74 2 39 75 31 57 50 64 51 67 71 9 3 80 10 73 48 68 63 55 40 2 35 73 70 39 78 52 63 56 46 3 35 47 51 46 9 53 3 60 75 78 6 35 46 63 50 56 65 3 6 6 42 53 42 37 6 45 33 35 54 3 9 50 69 4 10 51 43 49 59 6 70 5 32 70 73 74 80 8 57 69 58 3 33 7 35 62 73 39 54 4 49 9 8 32 48 7 55 54 60 30 47 34 6 53 60 2 71 46 43 66 30 76 5 73 42 54 34 33 32 34 45 36 43 32 71 43 61 77 6 74 2 53 39 41 74 73 72 75 59 43 74 3 55 10 35
50 64 37 61 2 43 39 77 33 67 49 6 48 80 53 38 65 9 70 72 80 41 59 79 55 48 35 48 61 32 2 7 48 46 61 80 43 62 32 7 51 4 59 80 9 58 68 10 71 6 9 59 49 56 58 78 51 9 6 57 70 6 37 34 70 49 63 35 43 75 6 76 68 75 30 2 32 47 5 9 4 57 50 69 79 43 10 5 75 44 5 77 75 46 46 49 75 50 75 34 61 39 39 72 69 43 79 65 53 66 10 66 52 54 73 45 59 54 47 51 74 67 55 47 62 68 44 41 54 3 38 75 9 10 4 53 56 3 66 35 9 56 59 6 75 53 71 68 55 9 5 9 80 69 65 80 52 54 78 31 55 71 38 48 47 32 76 60 31 2 77 53 42 8 47 10 62 37 62 63 74 4 68 52 48 67 68 62 66 35 5 52 6 0 44 68 74 5 68 57 43 80 48 38 9 79 48 80 35 41 44 64 55 37 3 8 80 9 45 54 78 67 63 53 2 50 64 44 73 80 41 67 46 73 8 74 67 64 35 7 60 8 54 50 71 5 60 77 74 71 77 60 10 9 4 38 37 36 52 7 51 76 31 37 2 2 77 40 4 5 79 54 63 45 4 30 6 45 48 33 35 78 10 56 69 34 6 75 10 78 55 54 79 61 2 80 2 10 50 69 3 58 67 64 75 72 51 6 52 71 8 78 49 77 73 59 30 2 36 43 78 30 73 43 55 54 55 78 40 69 31 66 59 8 70 3 75 48 68 76 72 59 52 47 69 64 5 39 7 33
31 34 2 2 67 10 10 71 30 37 5 67 10 8 33 46 6 39 10 76 57 41 44 9 30 45 9 5 39 60 48 42 7 60 5 31 44 73 61 72 79 41 64 53 61 31 32 40 71 30 38 67 6 41 72 32 3 40 46 37 71 47 3 6 45 66 8 3 39 32 39 47 70 77 77 68 64 3 77 77 45 3 4 71 79 74 33 62 38 80 39 43 37 2 66 42 47 9 33 4 68 73 34 6 52 3 70 39 60 71 74 44 75 6 10 56 32 35 62 64 41 10 7 80 43 45 45 35 73 45 66 52 51 44 58 31 65 78 60 72 51 36 73 48 54 75 78 77 58 68 63 59 72 71 79 10 62 64 56 76 64 58 37 70 6 70 47 60 65 59 78 56 34 36 45 72 49 46 10 76 37 53 43 43 53 46 44 64 67 71 65 77 76 59 0 60 37 36 61 42 48 52 44 66 56 63 52 38 33 54 4 37 59 10 69 64 73 77 47 62 55 43 10 56 47 3 55 77 70 41 70 61 41 9 75 62 33 33 62 35 3 61 56 78 72 63 10 69 4 9 3 6 65 70 32 53 5 55 66 60 63 70 41 67 72 66 41 79 78 59 66 35 70 78 31 6 78 58 46 50 71 8 44 72 56 36 41 65 36 39 68 41 50 45 51 65 71 45 80 64 46 8 9 31 8 60 43 44 47 9 46 75 39 64 46 30 32 43 10 4 31 3 45 47 78 54 5 71 64 44 6 79 74 53 39 60 6 6 73 63 53 31 64 78 44 51 33 55 41 66
8 9 32 46 55 66 65 52 46 2 34 44 57 63 9 68 59 37 47 56 60 31 52 43 48 8 44 57 7 7 41 46 38 43 69 60 39 71 3 74 4 48 77 67 59 49 63 49 2 78 44 63 37 44 73 2 65 80 76 3 78 55 54 35 2 8 34 64 76 73 64 41 58 37 7 61 4 62 58 61 79 68 80 75 9 62 49 80 10 56 79 67 6 47 41 55 9 60 60 41 50 71 60 37 78 67 48 38 61 62 37 42 8 37 80 7 61 59 4 79 77 75 37 6 60 3 62 73 58 78 8 50 76 51 70 10 47 65 10 4 78 7 50 64 5 64 10 2 9 48 33 47 76 7 3 46 75 66 66 6 5 56 78 70 35 75 58 8 53 43 66 78 70 43 41 39 52 48 77 9 58 76 62 69 33 80 8 9 9 33 54 35 67 78 70 0 70 49 49 4 7 42 8 77 77 9 48 2 9 41 74 63 38 64 78 74 77 48 67 65 68 74 34 40 55 40 6 44 8 5 66 5 79 40 47 59 53 76 9 73 68 45 49 35 6 44 79 4 53 54 66 49 61 34 37 8 60 77 8 63 41 46 2 42 76 30 58 62 39 30 6 4 56 2 46 61 41 42 31 7 54 50 51 7 76 75 56 4 43 34 4 76 38 39 41 70 39 54 32 3 67 54 56 66 80 3 57 49 2 36 54 50 8 48 8 9 39 69 77 36 67 43 50 55 10 44 53 57 10 73 78 67 4 43 35 42 54 33 3 9 60 73 52 53 44 2 68 9 72 7
58 43 39 74 42 57 77 74 66 62 65 47 40 49 78 62 70 61 46 3 41 10 44 53 53 60 72 78 70 40 34 39 45 50 74 53 2 44 66 80 41 76 71 36 38 9 57 48 39 30 31 38 57 45 53 36 37 47 63 57 46 68 48 55 43 74 67 60 74 5 46 7 2 6 80 33 42 72 46 50 72 40 66 71 41 8 70 58 33 71 76 68 45 76 37 6 61 55 56 76 8 47 5 74 4 66 78 38 50 7 37 66 40 49 77 72 74 73 67 2 53 70 73 44 36 40 78 45 72 80 64 76 60 59 57 68 8 46 34 63 60 61 42 43 45 34 52 52 33 32 35 37 2 70 74 35 5 51 10 38 54 45 41 69 35 10 7 60 6 34 3 4 4 35 40 68 3 2 50 37 9 41 30 72 5 54 64 72 64 61 69 8 55 61 57 79 0 72 56 77 78 42 75 76 47 67 9 37 57 31 79 78 53 68 74 68 36 48 75 10 49 7 42 71 59 59 56 8 67 65 43 68 38 64 42 8 61 2 36 54 61 57 7 6 66 78 75 70 58 40 35 62 64 40 42 56 70 40 79 61 2 51 54 5 30 37 6 52 71 78 80 77 38 65 79 30 54 3 48 33 40 77 47 77 10 46 48 56 57 65 63 42 6 50 41 32 68 43 61 75 58 38 63 4 36 73 10 72 31 47 47 5 31 76 70 49 6 38 38 72 4 54 74 62 73 71 78 6 43 2 46 56 66 69 53 45 34 39 78 66 8 49 61 10 67 56 39 56 33 33
52 69 62 72 9 59 63 32 60 66 71 6 78 50 43 64 71 5 76 60 33 37 54 78 58 47 38 63 33 40 5 5 30 57 55 54 35 43 68 10 58 6 62 75 3 70 51 9 67 6 8 67 76 45 51 65 46 9 9 39 50 10 74 68 33 73 74 63 34 37 10 64 68 68 41 5 43 57 4 8 3 30 50 32 72 37 2 9 56 41 6 58 59 30 42 54 57 76 63 77 47 62 41 50 50 33 67 31 62 80 3 30 39 33 52 44 58 79 67 31 61 55 30 63 49 80 52 71 33 7 48 57 6 10 3 33 32 2 51 65 4 75 52 10 65 77 65 51 64 3 5 6 67 61 33 40 58 72 49 47 48 56 49 70 73 64 79 70 58 5 55 70 80 10 49 3 32 31 43 44 47 4 58 71 47 53 60 41 41 52 9 50 4 10 60 66 66 0 48 36 30 36 40 70 4 58 55 57 80 31 32 73 43 32 10 4 58 2 67 54 60 58 57 64 9 50 78 59 40 57 66 61 34 71 8 63 46 56 31 3 40 2 53 38 52 2 34 57 31 34 43 62 8 5 6 46 56 31 79 7 53 75 66 45 7 6 73 44 2 5 64 49 76 48 4 46 5 79 43 77 35 39 9 80 49 34 5 30 6 31 36 32 30 40 6 30 8 2 30 32 8 31 79 79 59 57 45 3 71 39 3 37 77 66 60 37 72 10 69 50 51 72 75 42 46 71 80 66 72 47 30 30 40 7 46 7 44 46 71 51 70 38 73 63 53 33 2 73 4 37
49 66 36 35 42 57 65 2 5 36 64 32 70 76 53 2 56 62 62 53 9 64 7 47 5 45 48 73 73 80 53 80 54 10 66 3 61 6 70 36 38 30 7 9 59 53 2 32 56 73 33 4 77 9 8 49 79 43 45 30 4 31 72 59 36 38 72 49 3 55 76 37 40 38 61 70 45 64 72 66 67 57 48 3 37 79 32 76 55 4 75 3 48 38 6 78 46 48 3 57 77 10 77 77 47 37 2 2 3 58 40 2 56 51 61 54 10 9 63 56 5 58 49 55 6 71 8 4 8 77 79 8 80 47 33 53 50 34 75 70 66 35 8 63 65 8 43 78 37 35 80 77 74 68 72 77 62 2 65 68 32 2 3 7 61 57 59 51 51 43 34 39 75 74 4 48 55 60 70 45 72 67 10 6 44 10 34 80 33 6 61 54 75 65 50 62 64 66 0 70 68 7 77 2 64 36 79 75 56 5 74 6 9 42 40 40 8 60 6 49 8 68 31 7 70 38 57 75 60 60 7 71 9 57 32 74 9 66 45 57 41 48 79 56 80 66 48 79 40 47 64 40 60 50 70 59 64 3 43 33 46 4 61 63 45 78 53 4 75 73 75 36 4 51 55 64 52 31 3 69 3 79 40 75 35 2 38 51 52 7 67 8 35 3 78 4 55 36 7 64 44 74 78 38 44 71 63 55 55 67 50 31 64 2 56 52 38 63 46 54 59 40 4 4 62 4 40 41 31 74 42 10 77 73 7 78 39 56 80 78 47 8 7 54 8 35 35 70 44 50
2 4 45 50 61 60 38 79 57 2 34 56 43 71 6 56 40 40 38 71 39 64 71 30 74 8 40 79 2 5 60 74 50 73 72 63 72 61 9 40 8 31 73 30 47 38 80 35 7 50 42 71 39 65 75 3 77 68 40 4 38 56 78 40 4 10 36 57 60 35 40 76 62 62 9 49 5 71 50 73 74 47 31 55 6 80 43 31 2 30 33 40 7 77 70 53 6 69 64 72 53 52 73 56 62 36 38 63 67 33 69 40 2 56 58 8 78 63 6 52 50 78 52 8 49 4 62 47 72 64 6 51 45 31 53 2 37 48 6 8 56 3 52 77 9 41 2 6 5 39 72 71 46 2 4 35 64 72 64 6 4 77 30 43 74 36 75 3 77 38 64 73 37 52 69 71 50 53 64 8 40 58 48 33 51 67 8 6 2 65 36 63 60 33 51 7 45 76 56 0 7 75 3 35 55 10 46 10 10 55 78 57 66 73 64 76 41 69 66 38 56 62 61 67 69 76 4 30 7 10 40 2 78 63 36 79 49 44 7 30 37 56 75 46 2 44 53 7 44 31 42 48 45 53 58 8 50 54 7 71 38 67 5 43 41 47 71 75 34 44 3 2 41 8 57 48 41 69 54 7 65 41 73 9 66 36 61 9 44 62 7 62 71 32 76 45 53 37 30 5 44 41 49 64 56 4 39 66 9 61 33 58 5 37 7 10 36 70 74 51 62 59 45 45 2 73 42 64 4 63 63 49 10 63 63 50 52 35 5 2 77 76 69 74 42 9 33 7 51 8
4 7 55 50 35 53 58 59 40 4 65 32 50 72 7 80 60 60 62 44 51 50 66 61 37 2 71 55 9 2 56 61 67 31 80 30 34 75 8 57 6 50 63 59 59 31 46 34 6 71 61 80 35 38 73 7 74 31 33 3 53 40 51 72 5 3 78 67 64 47 71 52 76 47 3 53 7 40 53 52 51 42 58 46 4 63 60 65 10 72 50 60 8 69 33 65 9 41 76 30 50 67 32 46 78 43 71 37 46 38 68 32 2 52 68 7 65 77 6 53 39 68 69 10 70 10 37 43 33 72 8 46 70 39 48 5 47 72 2 8 41 2 77 55 8 64 6 3 9 36 54 47 37 3 2 76 75 57 59 2 10 47 78 66 38 80 54 10 72 64 69 64 73 50 32 50 44 57 66 5 38 70 43 66 33 45 9 6 4 59 60 72 57 50 59 9 50 47 57 6 0 79 5 59 78 10 46 3 2 59 42 54 43 69 63 39 62 54 64 50 52 78 58 59 59 49 9 80 2 3 66 6 36 63 55 68 76 33 8 62 46 55 59 43 2 40 67 7 60 74 35 51 48 37 53 8 31 55 5 32 40 30 8 30 76 70 42 56 32 79 9 4 34 10 54 58 47 66 56 2 36 64 49 10 79 61 38 6 44 72 5 32 46 59 37 79 44 79 60 6 37 75 63 63 38 10 55 66 4 42 55 79 4 63 4 7 40 74 41 52 69 59 50 55 10 70 31 49 7 38 40 69 10 57 35 30 50 78 5 10 38 63 47 52 57 7 73 10 78 9
61 33 68 71 76 80 35 10 4 77 67 35 59 62 57 4 75 54 32 61 5 64 4 68 5 30 43 52 40 76 31 34 62 8 77 8 54 8 80 66 35 65 3 4 58 42 5 39 67 52 75 7 42 9 4 69 46 65 60 61 10 69 52 61 76 34 76 79 8 45 68 54 58 74 67 69 31 41 53 59 75 57 72 3 43 33 34 71 68 6 41 6 70 54 10 32 60 76 9 72 43 9 75 38 70 35 3 9 5 51 66 4 62 70 46 51 10 7 73 54 2 48 80 77 9 50 3 4 7 79 40 6 76 42 47 74 79 72 56 68 63 36 9 76 78 2 49 50 41 34 77 68 76 75 71 51 58 8 67 58 33 8 2 3 41 45 69 60 75 37 32 72 76 68 5 40 73 56 58 38 61 73 5 3 46 3 69 45 34 5 72 76 38 55 73 64 47 40 10 69 68 0 49 4 47 49 46 75 73 4 65 3 3 56 34 62 2 55 9 38 5 63 49 2 65 59 62 53 66 37 10 30 4 62 43 47 8 76 80 38 73 49 32 74 32 33 33 34 43 33 30 66 76 32 60 37 41 8 40 74 61 2 42 76 51 80 31 4 33 37 50 60 3 74 68 48 69 62 6 64 5 37 80 80 74 3 74 36 46 7 41 5 34 5 66 10 48 49 8 73 46 44 41 55 57 34 55 66 77 76 72 69 31 10 40 77 77 36 44 32 64 55 5 3 70 9 66 77 37 79 48 2 71 65 3 50 43 55 69 36 37 2 2 38 8 61 80 64 48 48
5 6 79 72 65 37 38 60 73 8 35 58 56 69 8 61 33 69 34 77 49 35 62 30 34 2 52 49 4 8 40 40 39 36 51 49 56 66 4 44 2 52 78 44 69 57 52 48 6 63 61 78 55 49 59 8 71 35 66 9 51 48 73 58 10 5 79 45 52 48 42 78 51 56 10 67 10 66 62 79 37 55 43 31 8 56 78 65 3 35 79 59 10 69 63 59 5 74 78 77 54 38 73 58 42 58 63 63 48 77 45 66 10 40 47 5 63 59 7 47 52 42 49 3 54 6 73 45 40 73 4 53 63 38 33 9 75 72 3 2 77 5 55 50 2 36 8 6 4 44 53 35 32 5 9 68 30 40 62 4 6 49 53 36 51 31 59 9 31 60 48 51 50 54 47 69 53 74 56 7 43 30 79 62 79 60 4 7 4 50 45 47 80 41 53 9 39 76 63 8 2 74 0 52 34 5 47 7 2 37 32 51 30 54 38 52 35 40 64 47 68 52 35 50 69 38 8 45 9 2 61 5 78 73 30 62 65 67 2 63 36 36 55 74 4 50 70 8 55 72 63 62 57 33 68 8 53 69 6 46 44 49 5 41 41 46 74 69 78 57 5 7 32 6 40 34 43 72 35 6 64 53 75 7 79 31 49 5 77 42 6 39 33 56 55 67 40 63 50 5 43 62 80 37 54 8 70 37 5 38 45 51 2 46 4 7 40 58 80 65 42 67 54 44 3 51 60 77 3 67 41 51 7 73 60 43 49 43 9 6 52 38 46 31 44 9 73 8 71 8
62 30 34 35 46 48 47 5 3 59 66 31 50 80 66 8 52 50 32 66 2 77 10 31 8 80 57 36 36 69 65 71 75 7 60 3 44 5 50 79 62 63 4 7 76 76 4 32 73 62 67 10 64 2 4 55 50 70 50 53 2 69 55 71 30 58 67 35 5 39 50 59 72 78 38 75 36 51 73 65 38 36 71 8 72 46 34 76 74 5 50 9 65 65 6 69 65 62 4 35 64 2 69 40 55 52 2 5 3 53 80 9 58 65 34 78 8 4 35 47 10 73 75 41 7 58 5 5 7 76 69 6 40 67 67 73 50 37 42 54 45 49 9 68 63 7 55 49 38 36 48 67 50 69 39 78 67 4 49 76 69 9 6 5 56 30 67 69 56 53 56 69 65 80 3 74 65 32 53 54 61 40 2 5 54 2 45 31 70 5 66 69 70 49 37 56 54 48 8 75 36 9 31 0 51 62 72 34 40 10 34 3 7 46 57 70 7 61 5 57 5 57 70 7 42 36 30 47 77 63 4 37 9 64 45 79 7 79 74 59 34 48 56 78 79 61 79 77 57 39 78 60 64 75 33 57 73 9 45 47 31 7 39 31 70 65 62 3 33 53 40 45 4 41 39 58 30 62 6 36 6 62 75 45 51 9 37 66 78 2 39 10 73 4 46 2 58 32 7 54 43 31 76 71 55 43 42 48 76 46 71 54 46 6 64 54 64 67 69 30 79 57 10 10 76 2 49 78 36 47 46 6 62 38 4 79 30 58 66 46 33 9 2 62 7 53 50 63 76 33
30 51 42 45 3 33 52 52 75 60 68 9 34 37 39 61 54 5 76 39 45 30 70 41 45 60 32 73 69 78 6 8 72 45 35 46 65 41 57 2 49 6 36 70 3 71 66 8 32 9 8 59 60 68 77 50 54 5 9 38 46 4 60 44 60 37 31 47 71 38 3 43 41 33 60 5 76 53 4 9 2 72 41 68 66 53 9 3 74 63 8 31 56 37 38 51 40 41 56 73 30 78 42 62 77 49 52 69 33 44 4 38 55 71 75 60 51 46 39 70 68 64 39 74 73 63 73 37 56 5 68 63 3 10 4 59 32 8 54 50 2 41 42 4 58 42 30 74 67 3 8 3 70 69 46 77 49 36 30 76 79 79 71 69 80 31 41 68 47 10 41 75 53 8 70 9 65 42 57 51 74 8 54 52 49 47 49 45 35 38 9 57 3 3 44 55 60 9 56 47 39 34 56 75 0 60 68 66 47 30 75 40 43 77 2 7 64 4 67 51 30 75 71 38 7 52 35 44 37 51 40 73 71 63 8 48 76 37 57 8 74 4 72 31 30 9 38 79 63 54 40 43 6 7 6 51 46 48 52 8 61 40 56 50 10 3 36 44 9 6 38 47 61 69 9 55 8 47 63 48 46 75 8 47 35 53 8 35 5 36 54 68 57 76 2 69 6 5 65 79 9 69 77 45 63 35 52 5 80 38 6 70 31 74 45 77 79 4 63 74 49 64 34 80 39 44 75 58 38 33 35 73 34 10 47 8 55 69 61 43 61 44 53 62 57 80 4 57 10 36
9 2 68 51 30 67 52 32 40 3 52 71 37 39 6 48 55 69 76 30 68 63 57 59 57 3 50 37 6 5 60 79 32 58 52 51 45 39 10 65 6 31 62 74 37 77 67 48 7 42 71 78 39 49 79 3 68 60 73 2 61 56 41 62 10 4 60 57 70 62 40 66 56 50 7 46 6 46 69 69 65 35 56 71 5 61 49 64 2 48 37 48 10 31 38 48 5 79 47 43 73 77 44 62 79 45 63 59 47 71 38 80 10 80 40 2 63 66 6 32 38 77 67 8 52 5 36 72 31 36 6 44 67 31 39 9 41 66 5 2 74 9 33 33 10 58 9 10 2 75 53 49 33 10 2 66 71 57 51 3 8 34 61 56 31 64 45 6 65 57 36 49 34 79 34 56 41 50 62 6 30 79 80 74 68 75 10 6 4 56 38 61 73 30 79 4 61 80 47 2 8 71 6 46 58 0 79 5 8 58 54 66 75 41 31 32 75 66 65 64 65 51 63 40 31 30 4 63 9 5 66 4 48 68 62 69 42 70 6 32 64 51 52 76 4 54 56 5 51 79 33 70 48 53 58 4 53 60 4 42 42 56 3 54 60 63 66 36 63 31 4 2 35 9 62 59 71 36 49 2 31 31 37 3 73 57 58 6 70 43 9 41 46 60 74 42 38 32 41 7 38 51 36 63 38 3 77 64 6 49 32 77 9 67 4 2 44 35 50 60 37 68 80 52 9 54 73 39 10 46 31 69 10 52 70 41 78 44 7 4 31 73 76 40 74 6 52 10 69 4
59 70 37 54 65 35 57 67 47 63 67 73 60 79 68 70 78 72 77 9 60 6 44 45 41 57 37 43 54 76 49 69 50 54 38 33 3 76 79 68 65 60 59 52 30 8 30 50 44 42 68 60 63 79 42 73 53 62 52 61 43 41 45 73 32 34 64 44 74 3 31 5 2 6 43 45 55 36 77 38 47 76 47 74 35 7 37 30 30 61 46 51 34 80 54 4 69 49 38 45 6 54 9 31 8 77 45 55 48 4 37 52 62 77 75 49 65 71 56 8 50 58 48 53 66 73 44 53 56 36 74 36 36 42 77 49 8 77 33 43 30 53 71 49 40 55 69 77 37 33 74 49 6 59 45 58 8 32 5 79 44 66 55 47 31 7 10 65 6 76 9 5 7 67 46 46 5 8 35 72 2 62 54 55 8 80 53 71 32 55 52 2 36 67 77 55 9 69 42 33 75 71 37 75 34 75 0 77 64 75 70 43 45 35 32 56 70 71 72 5 75 2 48 66 38 77 64 6 33 60 63 37 37 36 52 2 61 2 71 61 78 78 7 2 66 43 54 32 32 46 63 57 65 53 77 46 48 40 44 75 2 78 44 4 56 48 3 45 42 51 32 62 38 77 51 33 43 6 71 73 53 70 61 71 5 40 57 62 79 46 40 51 3 79 46 40 47 48 65 68 59 77 45 10 38 51 10 37 40 49 71 8 42 59 42 71 4 63 38 73 5 67 44 46 47 50 68 10 30 2 67 53 35 33 39 73 46 33 40 38 3 76 62 2 56 34 75 48 78 80
8 7 48 41 44 42 63 71 79 4 54 71 52 41 8 58 68 35 54 63 80 59 79 46 61 8 43 35 7 3 70 57 56 47 35 34 64 73 4 52 3 61 39 30 39 50 48 72 5 78 31 65 39 66 38 4 71 79 43 10 74 36 37 48 6 9 51 40 38 55 38 35 75 68 8 64 8 43 68 32 58 80 68 47 10 61 77 57 6 35 69 58 3 69 35 45 4 44 40 42 78 31 62 69 39 34 71 57 55 38 73 57 9 49 53 3 39 40 9 62 51 35 39 2 63 7 50 46 42 33 9 45 73 33 53 6 56 44 4 3 37 4 40 47 8 54 8 2 3 65 60 64 34 10 7 77 42 66 50 8 4 35 34 37 58 55 80 9 70 39 70 30 74 58 52 68 57 65 59 10 80 56 64 77 70 40 5 6 5 79 58 53 77 55 51 8 76 62 72 3 4 31 4 45 79 10 57 0 10 66 31 76 35 65 69 70 59 80 50 60 78 53 71 48 75 46 2 67 9 10 68 10 72 71 55 70 36 79 8 70 79 66 34 36 9 79 32 6 38 52 48 45 60 31 34 10 32 71 3 33 47 51 10 38 73 70 38 79 48 80 8 10 31 4 77 48 57 30 54 10 70 78 69 7 39 53 73 2 80 36 2 79 31 50 74 36 66 79 52 9 35 33 47 45 30 8 61 32 2 49 71 80 8 57 3 9 43 56 65 40 61 76 61 69 10 70 35 32 6 47 74 76 6 55 43 69 38 39 2 6 51 52 48 50 39 8 32 4 53 5
9 8 49 59 67 47 68 57 68 9 47 69 35 78 3 43 35 50 35 55 57 38 77 77 36 7 41 45 5 10 80 67 57 49 39 67 39 73 7 47 4 36 42 32 54 61 55 48 8 37 67 59 56 52 70 10 40 36 48 7 35 42 36 36 8 8 42 69 38 69 37 39 80 41 7 36 4 60 31 79 58 41 46 36 7 53 46 74 8 72 53 36 3 42 39 45 9 68 42 61 63 63 69 74 51 66 52 59 74 46 34 65 9 65 74 7 65 42 10 58 76 31 59 4 63 7 34 70 70 69 7 77 80 51 58 7 69 68 6 10 30 7 32 49 3 56 2 7 7 36 35 39 65 2 3 57 56 59 52 2 5 75 44 71 38 79 35 2 48 31 71 68 52 57 55 66 35 57 41 4 77 44 49 76 30 51 8 9 5 78 49 74 44 37 33 4 57 34 79 2 6 63 7 65 74 10 79 8 0 47 52 53 72 72 42 40 41 76 35 43 51 52 71 33 56 64 9 55 3 4 47 8 76 42 78 73 46 77 6 71 64 61 56 51 3 63 58 6 60 58 79 72 69 61 34 10 76 73 2 61 39 33 2 72 52 74 51 51 80 31 10 8 75 10 68 69 55 67 47 4 31 36 45 3 31 39 79 3 65 41 5 58 34 58 51 39 60 30 40 5 73 36 65 47 46 8 35 58 5 46 48 79 4 40 5 6 49 41 41 40 34 78 55 41 4 40 74 74 5 30 74 71 8 35 35 57 67 73 6 7 73 70 36 47 33 8 65 6 63 8
73 46 48 31 61 66 54 5 3 48 80 32 43 48 33 10 36 47 35 38 5 37 2 32 4 37 49 53 80 78 36 67 56 4 32 2 69 7 44 64 67 72 5 6 39 70 3 80 52 80 46 5 58 6 6 31 61 56 34 53 5 60 56 42 43 30 71 46 6 57 57 38 50 73 64 49 37 53 52 44 78 54 36 5 63 71 34 74 59 5 73 7 55 45 5 42 72 33 9 76 43 10 58 78 72 77 5 8 5 70 68 7 80 55 66 66 5 8 40 68 5 36 47 53 9 38 3 10 6 40 52 6 69 42 56 61 55 43 57 36 73 44 4 45 79 9 71 61 61 40 40 40 63 77 36 39 60 4 50 73 79 2 3 4 43 44 32 57 79 36 68 79 67 76 7 69 77 65 71 75 75 38 3 9 60 7 60 43 74 6 67 32 46 33 46 63 38 32 2 66 35 10 80 6 64 66 54 40 41 0 45 8 4 68 55 56 8 74 10 60 3 37 30 6 50 80 44 36 72 57 2 69 7 45 70 61 5 31 77 35 54 35 38 44 78 62 65 45 39 41 76 62 77 48 76 65 35 2 37 43 52 3 68 68 61 30 32 10 62 80 47 31 7 32 57 34 32 79 6 44 6 36 72 76 44 9 68 73 42 8 73 10 30 9 64 4 55 39 9 43 65 74 43 47 38 36 36 32 73 50 45 60 41 6 30 46 79 58 66 55 67 76 3 5 50 6 48 70 49 77 80 6 39 59 8 60 74 43 56 67 63 10 7 33 8 41 53 44 48 77
30 53 10 2 45 10 7 52 40 42 2 76 5 6 64 80 10 47 4 38 55 68 37 7 74 66 4 6 33 54 46 51 7 41 4 40 46 63 58 40 54 63 59 78 35 63 63 39 76 32 57 60 6 69 40 32 2 80 45 54 30 46 6 2 34 39 2 7 39 79 38 34 38 61 74 39 67 7 74 57 63 7 9 47 30 70 58 63 32 69 33 80 42 9 60 37 34 9 32 7 32 68 41 9 37 5 74 41 39 54 79 59 31 7 4 66 65 44 48 37 46 6 5 38 65 52 64 58 63 77 46 56 64 36 33 33 73 39 62 41 65 46 68 52 58 38 34 52 67 57 30 69 32 59 79 3 37 77 38 59 73 33 65 65 3 65 44 51 60 64 44 73 53 58 40 46 71 62 5 79 45 74 56 69 74 60 57 75 72 59 43 65 60 70 2 53 73 73 48 55 54 56 74 57 69 67 36 53 34 54 0 43 57 6 72 49 30 53 77 43 33 80 8 62 77 5 53 56 49 78 53 53 56 3 76 71 52 37 32 39 5 45 56 74 64 45 8 54 10 2 9 6 71 72 61 67 6 62 79 61 47 54 50 62 31 55 48 47 72 40 31 50 53 42 37 5 67 70 69 43 37 5 35 72 59 38 54 78 37 47 65 31 31 61 80 55 32 75 37 68 78 7 10 55 3 33 31 63 75 4 52 59 73 58 58 39 67 61 7 3 78 9 52 57 33 50 10 45 58 31 6 66 40 80 37 49 2 4 62 68 63 45 64 49 42 71 78 72 39 70
45 47 76 78 70 30 34 4 5 73 41 69 36 80 59 2 58 67 41 52 3 37 4 34 2 43 67 60 31 32 77 72 68 7 32 6 59 4 76 30 45 39 5 7 63 68 7 66 41 47 51 7 79 7 9 46 43 34 72 37 5 39 55 79 58 60 63 68 5 49 64 75 31 57 37 74 59 75 32 51 71 68 45 4 54 78 33 72 65 4 34 6 48 32 8 80 38 30 6 67 43 4 31 62 78 77 4 9 6 51 76 6 72 70 39 76 9 7 42 71 9 34 62 67 10 60 9 9 9 63 49 3 74 33 52 78 44 64 52 59 50 67 7 66 79 8 70 51 32 66 47 35 35 45 77 68 62 6 68 42 43 6 5 7 48 48 38 49 39 80 45 72 37 59 10 71 78 43 56 43 49 59 2 10 46 9 76 75 58 9 61 74 66 50 78 42 54 50 10 63 75 3 38 9 80 47 46 70 35 5 43 0 8 33 48 78 2 75 4 69 10 36 55 8 68 71 45 55 42 60 7 48 4 40 37 35 5 32 39 68 37 34 33 43 74 80 60 51 34 73 38 52 66 46 50 74 38 8 56 67 64 10 37 54 48 58 63 3 68 45 32 45 7 32 34 59 30 53 5 47 5 41 41 59 55 7 38 75 61 5 60 9 41 10 58 10 62 34 4 58 63 65 30 68 37 69 43 57 66 55 46 53 58 9 64 48 77 60 61 61 40 51 5 8 32 4 79 51 44 31 77 10 68 39 4 35 56 66 55 74 31 8 8 66 3 70 58 59 80 57
70 38 74 47 43 37 58 10 6 60 59 51 42 55 62 3 77 31 60 70 3 78 4 51 4 53 44 62 41 52 53 69 40 10 32 2 69 7 47 55 73 54 6 6 78 41 10 53 32 42 79 3 32 8 9 70 49 32 38 68 5 57 72 80 51 72 31 44 9 53 46 66 72 40 70 35 44 42 47 34 30 78 72 8 59 33 49 48 42 9 59 3 63 70 5 39 52 46 4 69 50 4 75 30 34 51 4 2 4 43 56 4 44 55 35 72 6 7 58 42 9 53 72 66 8 42 3 5 2 36 44 6 47 67 52 44 65 38 33 60 72 31 8 71 70 2 71 64 64 78 38 41 47 65 41 35 67 3 55 77 78 4 4 3 47 33 37 52 33 48 30 44 59 78 3 43 42 60 69 76 70 76 7 5 43 5 31 55 56 2 51 60 48 41 57 56 45 50 8 49 30 9 37 8 36 56 64 70 57 4 62 8 0 53 43 46 2 68 9 48 3 62 45 2 51 42 54 74 35 45 10 39 9 49 73 37 8 31 52 80 76 32 60 54 42 64 75 77 42 50 49 52 60 43 80 61 30 5 43 57 79 10 64 46 76 56 65 6 75 52 63 68 6 76 53 66 57 59 4 67 8 66 46 47 78 5 35 50 62 10 70 3 61 5 75 2 67 48 9 67 66 71 48 70 34 67 52 63 72 71 80 56 74 5 65 34 48 44 47 67 55 54 6 3 41 7 33 48 55 56 50 8 44 58 5 79 43 33 69 40 73 2 2 39 2 80 40 73 40 46
69 41 9 10 33 2 10 70 72 44 6 58 7 5 48 71 3 79 9 77 64 38 73 9 78 46 3 10 37 33 69 52 7 44 3 50 47 52 80 76 54 52 74 32 66 62 34 63 45 65 71 70 7 31 66 51 6 56 56 64 48 79 7 9 48 74 3 7 41 79 43 59 52 44 33 56 42 2 48 44 78 3 6 47 34 75 69 54 33 40 78 68 39 10 72 33 57 7 63 3 66 64 69 3 34 6 37 34 59 35 44 74 30 5 3 51 50 47 70 71 50 4 8 57 48 41 41 43 58 36 62 40 64 49 49 34 47 50 77 63 75 33 77 47 33 55 51 60 49 38 67 50 45 39 39 5 30 38 73 53 32 51 55 44 10 80 35 53 71 66 51 59 48 76 46 49 69 70 2 47 40 71 51 72 57 54 32 76 67 52 71 30 32 69 4 63 64 69 32 65 59 42 70 46 42 66 44 71 31 72 7 64 41 0 39 41 34 76 30 54 46 51 3 44 44 10 51 71 30 77 72 47 45 3 69 41 43 50 31 78 10 62 72 40 53 32 8 76 4 2 4 6 35 78 36 49 7 43 67 55 52 48 66 55 43 49 64 36 32 48 67 37 41 69 66 6 59 72 55 43 37 2 61 75 36 59 67 36 43 39 56 74 43 66 80 35 43 52 45 67 32 3 2 61 5 69 58 68 63 8 65 72 68 67 58 63 59 75 7 4 57 3 63 30 68 46 4 73 67 66 8 42 40 35 40 62 10 8 35 61 73 77 52 51 65 50 49 65 53 56
66 57 67 54 10 43 59 68 74 64 43 3 39 30 58 41 53 5 46 51 47 63 47 40 35 34 34 64 78 50 5 10 52 49 67 57 40 71 30 10 52 5 32 37 10 32 66 3 43 2 10 44 78 79 76 50 47 10 8 53 77 2 71 53 63 58 80 69 46 36 4 77 40 71 55 4 72 71 3 3 7 50 80 60 37 51 7 6 34 41 10 63 67 51 73 34 70 47 63 43 35 40 57 37 72 76 69 33 46 50 5 42 40 71 71 36 33 53 76 72 38 48 40 33 38 50 51 49 40 10 59 51 10 5 4 47 45 5 39 51 4 38 31 6 69 76 32 63 65 10 4 7 48 75 77 67 51 43 58 54 76 64 53 55 43 62 61 58 79 4 63 62 32 8 54 7 67 35 64 57 71 5 41 48 60 72 30 52 31 72 4 67 6 7 65 33 39 7 56 38 66 55 43 34 6 56 61 33 77 46 64 34 67 48 0 5 60 10 33 65 30 36 41 58 4 35 36 55 68 66 57 51 49 74 2 47 33 36 54 3 30 8 56 35 50 10 35 58 54 36 70 30 6 8 2 68 75 63 71 3 31 50 56 79 3 9 55 71 9 6 49 32 72 37 2 74 7 65 46 50 42 34 10 58 42 72 2 32 9 47 44 80 63 35 2 70 2 8 75 61 5 66 76 56 67 32 37 8 70 35 3 62 50 59 57 51 33 8 57 30 78 47 52 56 63 45 45 65 59 38 50 53 47 2 41 8 70 43 68 56 32 36 40 75 42 62 4 67 10 66
73 57 80 36 4 32 67 37 30 71 58 3 36 38 41 47 65 8 30 70 47 56 37 53 59 76 35 68 50 52 2 8 35 64 38 45 32 44 42 3 74 2 61 37 6 57 54 6 62 7 4 51 75 36 77 65 54 10 10 43 80 5 75 34 79 62 68 68 50 78 4 71 32 47 51 10 57 41 10 6 3 76 63 63 61 31 2 8 48 57 7 78 55 41 76 69 48 56 31 31 59 72 65 44 39 31 43 37 69 69 2 58 31 72 41 41 54 37 70 53 78 68 34 60 54 58 79 54 77 4 66 37 4 3 6 36 40 9 58 54 9 67 47 4 48 57 78 59 38 3 10 10 65 73 69 71 49 78 65 80 61 30 61 49 31 79 59 73 32 7 36 30 71 6 46 3 53 79 75 39 67 8 65 40 76 42 44 76 65 44 2 72 9 8 42 42 39 7 34 69 74 46 65 60 4 78 55 66 61 46 63 77 76 38 5 0 41 7 71 63 47 34 35 59 9 77 75 73 78 46 47 46 43 75 10 55 77 51 40 7 43 5 74 51 73 8 38 80 33 35 33 77 7 10 6 73 34 46 58 3 67 50 31 65 2 5 58 48 6 7 39 40 47 35 4 47 10 78 74 42 30 54 9 74 47 74 4 51 6 60 68 64 63 61 7 38 5 3 53 46 7 62 61 53 44 56 32 4 56 55 10 40 36 36 32 39 80 6 42 40 80 69 33 67 37 74 68 34 53 31 53 37 44 10 43 7 45 75 74 66 57 78 74 43 56 44 10 75 9 79
69 42 31 66 44 49 48 10 5 78 31 76 55 54 61 2 80 65 45 45 8 75 4 49 3 72 55 37 71 33 50 69 80 2 49 10 63 4 37 64 55 41 7 9 62 34 7 51 43 52 53 7 38 5 2 58 75 66 40 32 2 73 54 41 32 59 56 67 7 32 49 57 52 80 69 41 49 54 54 37 47 69 79 8 75 70 53 78 41 10 63 9 49 39 10 34 65 70 6 33 63 6 33 75 73 43 4 2 6 30 62 7 32 62 30 55 10 10 44 58 5 46 66 67 3 54 5 3 9 33 37 7 37 63 57 30 48 48 72 42 45 76 6 54 74 5 38 44 51 78 42 76 55 31 79 45 73 6 66 66 54 2 6 7 42 80 67 40 61 77 53 35 41 76 7 43 54 61 78 67 63 49 5 4 52 9 55 80 61 4 58 65 43 46 74 42 54 45 2 61 77 7 61 10 66 66 76 62 30 5 31 9 7 73 41 36 0 57 9 60 8 34 33 4 42 52 62 40 62 48 6 34 4 36 30 58 5 50 70 34 71 30 77 55 80 60 80 30 71 31 48 78 68 68 42 62 47 3 49 74 32 7 45 72 59 66 31 4 80 42 66 60 3 59 48 75 36 67 7 79 6 32 60 63 60 8 72 45 68 10 67 5 33 5 33 6 64 67 4 39 49 58 75 44 32 74 59 61 31 77 61 57 71 5 39 34 41 37 73 31 37 68 4 5 41 2 58 49 48 41 41 10 60 37 7 58 51 54 34 44 65 2 7 37 8 59 69 74 73 63
73 52 33 76 2 35 60 36 63 54 73 5 50 53 31 75 37 10 44 66 48 75 50 39 76 63 32 59 60 60 6 6 47 64 79 63 49 41 63 4 76 8 79 44 2 49 50 9 79 10 10 37 57 77 47 50 59 5 6 37 42 10 79 64 41 79 61 77 60 48 3 64 34 62 45 8 78 30 3 8 2 76 38 45 57 33 3 6 45 57 4 61 31 54 51 32 40 73 45 62 71 47 37 80 47 43 67 41 72 48 5 35 58 52 40 60 78 47 78 57 64 37 75 68 30 31 55 68 56 10 46 31 2 9 9 66 70 7 30 51 10 38 45 9 33 50 61 45 80 9 10 8 30 47 47 75 72 32 30 33 66 40 44 48 70 30 68 32 32 10 73 61 45 9 77 8 71 80 53 61 33 9 69 72 57 65 37 52 64 57 3 31 6 8 59 31 38 3 69 71 76 38 40 33 2 69 64 69 70 38 78 55 60 65 8 9 36 0 56 73 67 51 67 31 8 74 35 32 63 62 68 68 30 30 3 62 75 69 79 7 40 7 64 42 39 2 40 75 79 38 31 59 10 8 3 74 79 34 75 10 37 67 76 50 2 7 41 80 8 4 37 57 32 31 8 73 8 33 44 64 44 69 3 49 47 48 2 64 10 69 79 70 72 48 3 38 4 3 56 57 4 73 47 39 48 55 59 6 78 36 4 34 30 48 73 30 55 10 48 58 49 75 38 67 74 78 69 47 39 61 60 75 60 7 52 4 48 56 43 31 60 65 45 59 35 33 3 57 10 75
70 37 40 45 48 41 36 5 9 48 34 35 59 38 71 9 59 51 46 71 9 59 8 50 9 46 40 34 52 75 63 41 79 9 59 8 64 6 68 76 44 39 4 6 63 80 3 62 57 80 75 10 34 6 6 60 45 69 49 64 9 53 54 79 39 42 62 46 3 33 68 62 59 57 76 43 72 38 48 42 64 44 79 5 34 75 79 80 31 4 78 3 33 65 2 68 63 34 8 47 52 7 66 37 58 59 4 10 2 68 69 7 73 79 43 45 4 5 78 64 5 39 38 43 2 32 10 6 2 57 65 5 44 64 72 30 39 49 77 33 55 31 9 80 46 3 53 55 38 57 67 46 58 56 53 75 77 2 80 57 47 7 3 7 39 72 44 53 69 37 63 75 30 74 10 34 73 68 48 60 58 73 7 7 75 3 32 31 42 6 70 78 75 44 41 63 35 68 10 48 59 4 51 7 61 77 56 75 54 9 49 7 5 79 69 44 8 40 0 76 2 48 51 2 58 51 80 75 38 41 8 31 8 62 49 68 5 50 34 73 78 39 41 63 37 64 64 80 44 52 31 55 50 68 71 69 45 10 75 45 59 6 50 42 50 63 79 9 61 78 76 67 2 36 56 61 77 56 9 59 7 43 55 75 67 9 54 64 80 4 32 7 78 2 33 3 65 49 7 33 79 38 46 56 71 56 67 69 30 48 56 59 80 3 75 66 80 53 57 46 37 70 10 3 45 7 33 77 52 32 44 3 52 35 7 54 40 58 35 61 40 3 7 78 5 35 67 35 40 46
54 60 62 30 57 57 44 79 63 43 71 53 38 36 48 35 79 76 37 8 65 10 54 66 76 35 54 66 47 62 75 41 50 54 60 42 6 34 56 65 47 76 78 31 68 5 55 53 72 36 80 77 57 72 30 63 54 62 46 39 46 50 45 73 44 64 71 41 64 5 80 2 4 2 66 50 44 75 38 60 37 37 60 52 79 6 40 63 63 51 70 41 59 70 37 8 50 66 48 42 9 36 9 61 7 32 50 49 65 2 42 30 43 45 75 50 44 57 33 3 54 49 72 39 70 75 80 54 68 63 75 45 41 80 30 45 7 67 44 46 55 32 53 48 34 52 45 53 49 59 52 48 6 80 64 74 10 72 9 51 49 72 45 74 33 6 5 52 4 65 8 6 10 56 76 56 8 2 56 62 3 31 37 30 8 67 51 44 41 39 42 3 43 59 61 42 10 37 73 34 68 78 47 39 80 50 2 48 45 73 74 35 50 77 40 48 30 64 53 0 37 8 76 44 54 78 42 4 47 57 71 67 72 40 67 10 79 10 67 61 46 50 10 4 78 30 43 38 43 64 73 68 41 51 56 30 44 70 42 79 4 68 45 7 40 48 4 48 76 70 58 57 55 79 48 61 50 5 61 44 80 51 65 30 10 34 61 68 45 68 46 33 8 75 32 53 76 69 34 61 36 45 67 7 68 72 9 67 58 69 65 10 52 63 39 36 5 46 50 51 8 79 37 64 39 49 71 4 75 6 39 44 70 64 69 63 57 52 61 65 6 51 78 5 36 35 76 57 32 48
54 45 66 31 61 46 58 7 5 34 42 75 75 34 70 5 60 68 68 80 5 49 10 40 2 35 66 51 32 45 70 68 79 4 69 3 50 4 80 77 67 33 5 7 80 72 8 55 61 71 33 5 59 6 4 52 43 38 53 46 4 69 63 59 50 53 47 56 5 60 64 46 32 63 59 75 55 52 39 32 43 41 64 3 41 31 65 39 60 7 41 10 58 73 2 79 53 72 5 71 58 10 42 34 78 55 5 7 6 41 34 9 38 32 61 70 2 8 33 58 9 72 67 71 2 63 9 4 7 67 74 7 47 34 44 48 43 32 48 35 39 59 5 59 65 4 79 36 63 67 57 78 49 44 30 44 48 7 52 44 70 8 9 7 60 35 65 54 77 42 62 53 74 56 9 59 70 63 70 66 32 59 10 7 75 2 79 69 30 4 52 33 69 46 40 40 78 45 7 72 36 6 80 2 74 55 36 47 64 9 35 4 4 42 55 72 5 34 7 63 0 42 59 8 40 40 37 58 48 49 9 50 10 72 44 31 7 30 65 68 36 45 48 75 69 57 74 31 54 46 46 45 55 49 37 73 64 4 38 51 39 7 38 58 32 44 68 4 36 41 58 62 10 52 53 49 30 54 7 52 4 65 49 47 78 7 72 39 43 7 46 3 57 3 70 5 71 48 5 38 75 42 67 69 69 51 49 39 65 76 42 77 54 2 67 72 53 57 50 64 45 55 10 5 38 8 57 54 62 74 72 2 44 40 2 45 45 57 39 40 50 9 6 80 8 68 38 62 47 60
30 31 34 48 52 35 46 69 54 75 65 47 45 46 60 38 42 80 30 4 58 7 67 50 70 69 71 38 44 34 33 57 42 38 78 75 2 68 55 60 36 48 52 77 44 5 51 44 49 70 67 32 78 66 49 47 31 63 78 75 34 64 73 71 42 80 46 69 66 6 69 4 5 4 73 62 54 67 68 79 49 47 41 51 44 7 63 65 67 79 40 78 69 77 74 10 35 50 37 43 5 51 6 67 4 35 59 74 77 6 39 34 76 56 48 32 30 39 35 10 59 35 65 80 30 68 58 40 48 49 53 56 57 58 57 70 9 60 77 66 30 57 54 75 77 45 78 43 53 71 60 40 10 38 52 46 4 35 9 50 42 65 61 77 57 3 3 31 3 35 9 10 4 41 50 61 4 10 66 80 2 75 67 58 3 64 34 70 36 57 65 10 50 77 68 54 8 78 75 48 62 76 71 67 31 79 10 80 34 38 58 78 76 37 39 66 76 55 31 5 65 0 33 65 40 42 57 3 61 58 66 43 59 65 54 3 76 9 58 71 40 55 6 3 65 77 48 42 35 45 36 69 76 33 52 65 51 45 45 49 2 69 73 2 56 73 5 58 38 79 33 46 31 44 57 38 65 10 35 47 53 34 58 48 2 48 73 62 67 73 46 80 9 39 57 68 71 66 54 70 76 49 49 3 68 48 9 64 38 30 30 10 44 65 73 45 10 79 73 39 5 48 35 32 55 57 33 2 42 7 62 54 31 56 70 52 76 31 39 44 9 50 79 5 76 36 36 55 53 72
50 43 6 4 77 3 2 41 70 34 4 36 4 7 60 47 6 33 3 43 39 76 59 9 32 57 7 6 62 61 56 44 7 80 4 51 33 67 38 32 41 46 38 53 54 80 58 77 60 53 60 41 3 61 61 30 6 61 53 66 40 34 5 3 77 62 5 6 70 47 42 41 55 41 44 63 67 3 62 47 41 3 6 51 72 68 72 35 48 69 50 79 75 4 36 31 72 5 73 9 47 67 59 9 40 5 79 59 38 45 73 65 66 7 3 48 36 67 73 72 71 9 7 43 51 68 74 53 53 31 63 45 69 71 40 50 64 58 59 40 40 63 45 38 45 55 70 51 75 77 69 39 50 36 78 7 43 59 68 67 71 63 49 44 5 54 65 65 78 45 73 77 33 55 75 58 69 42 6 54 39 46 62 33 51 42 53 74 52 36 41 60 58 51 5 75 52 56 31 72 78 44 31 52 80 64 31 55 73 58 10 43 60 8 76 32 32 36 50 54 47 30 0 68 72 7 59 63 32 62 59 42 60 5 45 35 33 42 49 58 8 48 64 56 61 72 3 51 8 5 7 8 63 33 76 38 5 70 63 53 50 31 71 64 52 60 50 40 67 62 32 80 35 60 75 8 80 33 42 37 79 7 53 54 76 78 34 34 51 60 72 36 70 75 36 44 52 78 47 40 64 5 6 63 2 34 65 41 42 10 60 80 38 64 73 32 79 49 5 9 47 9 51 43 69 35 4 76 46 34 7 72 80 75 31 70 3 7 63 65 42 47 60 46 72 47 35 33 79 45
59 65 53 49 33 76 41 5 8 80 68 46 30 52 51 2 62 35 46 43 5 46 4 75 8 53 43 69 76 35 77 37 68 5 32 6 68 7 47 31 40 39 5 10 51 59 9 51 69 52 53 9 45 6 10 57 50 34 80 39 9 43 75 69 45 36 78 48 7 68 53 56 76 78 30 51 61 33 57 64 44 62 55 5 44 58 67 60 65 5 33 3 80 36 3 56 54 30 4 37 36 5 46 53 64 34 9 3 10 51 52 10 68 77 34 62 9 10 65 48 7 50 64 72 6 44 7 7 3 70 57 10 71 74 33 57 33 53 72 39 76 73 9 51 64 10 72 34 64 78 66 61 70 34 37 52 70 9 78 54 37 7 9 4 46 45 78 75 62 48 77 60 75 31 5 39 40 55 42 72 63 78 5 9 50 2 79 74 63 10 80 30 73 35 45 78 39 79 2 76 46 10 57 4 70 53 47 45 51 4 72 4 6 44 59 71 3 52 10 56 5 62 41 0 35 77 45 30 39 33 5 35 10 61 35 68 8 40 39 58 67 78 34 48 80 39 54 39 75 79 53 70 62 67 38 68 41 3 70 36 52 8 41 42 56 68 59 5 33 38 53 56 5 56 59 55 52 41 8 56 2 64 31 38 40 7 63 34 58 8 80 4 32 7 39 9 46 75 5 61 35 70 52 76 42 60 75 78 48 66 67 59 35 5 77 71 52 64 40 73 51 58 3 7 72 3 38 44 65 54 43 8 63 70 8 60 43 36 59 34 73 7 7 33 3 72 79 33 70 61
68 46 67 65 8 61 78 68 51 60 56 10 49 73 51 76 80 3 42 67 44 75 76 63 31 41 64 71 67 49 2 10 34 55 53 62 32 79 30 6 73 3 41 74 4 34 45 5 73 5 10 57 73 49 43 53 55 3 8 37 54 8 63 32 72 36 45 66 75 47 7 49 78 38 33 9 66 43 8 3 5 70 55 78 48 45 5 2 38 49 8 69 46 59 52 69 78 47 62 77 67 48 56 41 53 63 64 31 73 31 3 77 43 54 44 38 52 66 45 60 33 57 56 63 33 62 31 75 33 5 48 73 4 6 7 42 39 5 37 35 4 76 56 4 43 39 60 70 31 6 8 9 37 77 46 48 50 45 52 30 80 73 56 36 76 67 52 55 33 4 59 45 36 8 42 4 40 46 71 78 30 3 31 62 73 52 71 68 42 71 3 34 2 9 53 58 47 6 78 65 38 56 35 46 8 31 41 46 73 59 41 75 75 80 2 10 65 2 31 69 33 34 37 36 0 69 46 32 71 64 53 31 68 79 4 74 54 56 79 5 69 3 80 56 45 9 68 64 36 76 51 75 3 8 8 64 77 64 41 3 59 44 34 40 7 6 69 37 10 10 75 63 56 63 3 53 10 57 34 33 77 41 10 38 61 53 5 76 5 54 58 52 74 71 7 77 2 4 61 36 2 59 56 38 64 72 59 5 79 49 5 71 64 63 77 77 50 8 48 74 75 62 56 75 32 44 37 59 53 50 78 47 34 5 54 8 57 50 36 70 74 67 53 66 49 36 10 48 10 73
59 39 3 5 64 6 3 70 33 41 9 54 7 6 64 50 7 79 4 68 33 37 54 8 68 79 4 3 72 48 77 60 4 44 8 46 79 74 52 77 59 76 77 68 59 75 64 44 74 77 39 53 2 68 32 56 2 39 80 49 40 66 5 5 60 74 10 10 40 76 67 33 80 37 57 60 59 10 55 40 32 10 3 64 80 45 58 80 48 36 64 59 55 7 70 75 74 7 42 3 33 78 65 5 48 7 67 52 55 64 51 33 49 5 6 70 47 62 71 59 80 5 7 65 43 37 72 74 57 38 79 62 33 71 41 72 40 34 72 42 58 76 61 38 76 71 52 38 55 54 53 59 53 32 44 4 51 79 50 72 36 37 41 31 10 42 66 61 39 69 80 71 76 36 58 76 59 43 4 60 65 79 72 30 53 32 66 48 57 80 35 75 52 67 6 74 58 44 44 65 62 47 54 31 75 51 75 69 38 73 9 38 50 5 78 33 79 74 78 33 46 79 5 62 67 0 50 71 37 76 72 51 80 7 43 37 30 57 61 63 2 32 55 37 54 45 6 66 7 6 6 5 56 30 57 78 7 39 52 67 52 70 64 44 47 57 51 48 57 34 34 30 75 66 72 10 40 65 58 37 52 2 74 41 39 61 36 78 60 49 69 55 48 59 37 38 65 42 37 42 43 7 5 32 10 48 55 54 69 7 68 68 57 77 75 35 67 63 10 3 49 8 78 76 48 60 8 36 42 44 3 48 31 59 42 57 5 8 40 47 78 49 69 61 38 65 72 72 53 36
10 4 32 54 41 50 53 47 51 2 44 38 75 57 3 50 40 78 58 69 66 70 36 60 53 4 77 73 5 9 74 35 58 41 80 32 75 74 5 51 2 57 59 34 31 70 44 43 8 73 32 67 49 57 33 5 70 38 51 3 36 40 73 40 5 5 52 70 50 47 76 72 43 37 10 53 10 63 77 74 30 66 65 70 5 44 53 59 5 49 31 44 5 44 36 53 2 59 53 38 57 44 62 78 69 48 63 62 35 56 67 47 5 57 76 5 52 32 2 40 30 66 34 6 32 3 44 53 58 72 8 67 37 66 61 3 64 41 8 3 40 6 60 37 7 74 8 4 9 47 55 70 66 3 3 46 68 45 76 6 10 53 33 60 34 38 60 8 50 52 79 41 43 35 66 57 31 59 64 7 63 39 32 63 63 53 5 2 9 65 65 65 76 71 34 4 39 75 71 2 5 47 2 63 67 10 75 3 6 80 79 69 42 38 60 56 40 39 77 39 39 60 66 31 52 67 0 70 7 6 40 2 70 54 44 37 69 60 8 31 57 44 78 69 8 66 64 4 45 45 79 46 56 46 35 9 62 53 3 78 50 61 8 45 79 59 55 70 58 61 9 5 73 2 31 37 63 58 77 7 46 78 38 4 30 47 78 9 33 63 4 34 51 80 42 56 67 58 49 9 77 70 32 59 47 10 69 66 7 31 70 38 3 48 2 2 76 65 41 60 55 43 53 47 5 71 65 59 9 66 74 76 7 53 37 79 77 48 10 3 46 56 73 63 47 2 78 2 58 7
67 68 78 67 78 30 41 59 48 39 62 65 49 36 74 49 79 59 78 3 80 6 49 79 42 43 47 39 30 70 51 48 77 70 44 32 8 74 63 43 78 48 69 53 65 3 31 58 31 70 35 42 70 32 45 40 53 55 68 71 31 79 60 79 54 54 70 64 44 8 59 7 6 8 67 31 35 67 59 48 43 61 61 66 78 8 78 44 51 38 48 45 58 53 59 3 40 70 53 71 5 47 2 63 7 40 80 53 41 4 67 40 49 45 46 76 74 67 75 4 44 80 66 58 59 44 67 77 63 56 31 50 31 42 80 67 5 54 45 78 40 75 80 32 71 79 61 51 74 65 32 42 9 71 44 42 2 33 10 61 76 61 65 65 77 10 5 40 9 80 8 4 6 70 55 80 8 7 62 42 5 76 77 47 2 39 60 31 60 45 36 7 69 58 68 47 5 80 80 51 75 59 74 66 58 71 3 60 31 39 51 38 56 60 30 38 73 43 63 7 41 8 46 47 37 41 53 0 53 42 55 70 48 34 37 10 45 5 76 76 43 58 10 7 49 71 74 57 78 46 77 49 60 43 45 39 46 77 57 68 9 48 52 5 71 59 2 66 36 69 43 78 64 57 31 53 54 2 48 71 51 41 42 64 5 74 41 64 71 45 67 74 5 59 49 42 46 35 36 72 55 59 68 7 58 80 2 40 76 46 49 7 78 30 76 38 7 33 31 31 10 33 78 38 44 79 78 9 68 10 67 69 32 50 66 44 52 37 76 65 5 33 47 9 72 42 71 40 39 53
4 7 58 79 80 72 44 68 43 7 33 56 49 74 7 76 37 61 40 56 56 78 47 55 61 5 35 43 9 5 42 56 62 67 57 68 62 52 8 38 8 75 65 38 54 64 72 69 5 63 41 70 44 34 53 3 72 72 66 5 65 72 32 45 7 7 52 73 70 37 69 76 48 62 6 43 9 30 80 41 41 68 38 30 9 42 37 37 3 48 61 36 9 50 40 75 10 57 38 57 66 40 38 38 51 42 53 45 47 50 78 51 8 32 72 4 79 55 6 61 59 66 68 6 66 8 41 62 68 34 8 70 48 44 49 5 49 74 10 8 41 7 58 44 6 50 6 9 8 77 65 62 73 9 2 60 31 56 65 4 3 64 45 37 33 80 55 5 61 34 44 47 31 66 52 63 49 60 66 4 34 51 54 36 55 59 6 6 3 76 80 79 75 47 74 8 79 61 75 2 6 37 4 51 46 5 62 4 6 54 61 54 46 62 30 77 69 39 41 68 64 57 58 62 42 74 5 33 0 4 38 4 56 32 48 63 32 37 10 34 64 58 46 31 10 75 61 6 40 74 33 52 48 80 65 3 40 66 2 70 60 44 9 43 70 32 36 72 52 35 5 9 78 5 67 67 57 41 52 3 43 31 52 4 54 44 78 10 76 68 5 75 38 49 77 66 62 60 64 9 62 34 44 60 58 6 39 63 8 78 32 40 6 74 8 7 38 71 42 38 75 61 47 41 4 38 51 35 4 56 34 78 8 42 43 40 54 61 10 2 56 45 50 38 57 7 40 5 31 2
3 4 59 51 54 75 67 52 80 6 75 67 30 63 2 36 78 60 42 39 61 45 76 32 65 4 75 30 7 2 31 47 74 67 68 59 31 58 5 57 6 52 52 30 46 73 65 68 4 39 62 66 64 36 48 7 78 51 63 10 57 58 74 61 7 8 41 60 73 40 65 51 74 47 3 71 8 68 61 72 61 38 30 53 7 45 74 78 3 50 76 50 2 53 79 71 9 38 70 61 43 43 48 67 43 61 69 34 62 79 62 73 9 74 38 6 58 74 7 66 50 76 31 6 69 10 79 49 39 34 9 75 73 75 30 5 67 34 7 4 40 5 75 37 3 45 8 4 3 75 43 46 60 10 8 80 57 48 32 9 2 65 52 70 42 68 52 2 35 51 48 44 59 33 56 42 53 78 66 5 68 80 39 35 68 35 5 2 2 79 32 43 36 64 70 7 60 73 76 3 7 32 8 64 37 4 62 8 3 43 78 76 68 56 35 57 56 62 54 73 75 53 43 78 74 49 9 55 6 0 57 8 43 42 48 46 65 56 3 55 51 67 73 41 7 35 68 6 33 56 55 41 67 44 44 6 41 30 4 43 63 32 8 72 74 39 52 74 53 43 6 7 73 4 35 51 30 37 69 6 55 77 50 6 70 37 61 9 52 53 8 53 48 40 30 66 67 80 45 4 36 32 54 30 58 2 69 40 10 61 45 44 10 69 3 9 38 62 60 59 71 43 77 45 8 62 74 70 7 70 57 56 9 63 40 48 71 78 3 2 45 73 53 54 45 6 66 2 35 10
71 56 58 39 69 80 75 8 3 51 61 33 71 72 48 7 77 56 67 39 8 64 8 55 6 73 30 50 52 41 34 61 46 9 73 4 72 4 50 31 73 77 8 10 55 50 5 70 32 69 39 4 53 9 8 51 51 39 31 46 4 43 54 59 63 51 46 48 6 62 48 30 71 63 37 30 51 63 33 35 79 35 70 8 46 55 32 78 71 10 75 10 37 77 9 54 56 62 10 53 50 9 61 45 79 44 9 8 3 38 35 8 33 78 50 62 10 4 58 31 2 50 33 60 6 45 10 10 5 76 56 5 79 45 54 67 58 49 60 75 31 32 7 68 63 5 72 61 75 63 56 39 58 70 69 30 59 5 56 71 67 8 7 7 33 46 57 58 46 79 63 54 37 62 6 79 46 37 54 67 79 45 10 5 37 7 37 74 63 5 66 73 49 72 38 59 78 44 8 42 55 9 48 8 60 80 56 53 75 3 62 10 6 61 39 74 8 34 8 49 9 56 33 4 32 46 63 50 74 80 0 76 4 56 62 32 3 66 52 62 44 50 78 58 79 80 76 54 39 34 59 36 77 36 54 79 40 9 57 79 31 9 65 73 69 37 38 2 61 49 47 38 3 80 79 80 66 34 2 41 8 52 41 71 80 5 43 37 51 7 79 7 47 10 54 7 67 44 7 60 65 73 60 54 68 73 43 55 74 44 40 30 60 4 40 32 62 80 48 64 80 67 7 2 33 3 58 68 46 30 39 8 75 68 9 57 80 70 67 59 35 5 4 61 3 79 63 49 34 45
2 6 30 71 41 33 45 58 46 3 41 67 73 42 5 64 37 70 79 36 42 31 33 53 30 5 30 65 7 9 75 41 69 48 57 36 70 76 10 41 7 50 60 50 44 65 68 69 2 52 66 40 64 76 40 4 59 31 39 9 65 47 45 35 2 3 78 34 78 34 78 52 32 67 7 68 5 69 74 71 77 75 57 80 10 39 47 39 9 70 43 44 9 75 77 62 10 49 69 43 72 63 68 78 72 60 70 48 53 35 54 42 5 57 74 2 72 47 5 49 35 35 53 3 79 9 45 55 46 47 2 70 77 51 51 5 42 46 8 2 46 9 33 34 5 80 5 4 8 33 80 61 53 8 7 47 58 53 65 9 2 37 54 68 54 80 37 6 34 60 46 74 43 35 36 55 37 57 51 3 53 46 59 48 65 70 7 7 7 36 74 46 76 35 67 10 51 72 31 10 3 47 6 60 79 2 45 4 7 72 39 34 42 55 54 33 34 49 38 58 43 72 65 65 35 33 8 31 5 8 75 0 60 31 69 58 56 66 6 45 55 71 35 52 6 66 71 7 63 47 58 33 32 53 44 9 38 32 5 62 78 40 2 64 71 63 80 45 72 52 10 3 50 8 79 75 37 57 65 8 71 56 45 3 68 52 73 10 69 49 10 49 78 52 52 60 57 45 63 8 39 53 47 58 53 3 71 78 8 54 50 64 8 79 7 5 64 32 48 79 62 74 53 50 6 56 32 65 9 41 40 43 7 65 42 30 34 53 8 5 64 73 80 79 77 7 35 10 67 3
67 45 69 33 79 58 72 5 8 38 43 72 33 65 32 7 76 43 33 64 3 48 2 57 4 71 55 63 68 33 55 77 69 8 34 9 39 8 52 69 36 73 9 4 79 50 2 52 52 39 67 2 66 6 5 51 35 71 50 54 6 32 33 43 41 41 71 64 7 71 63 42 37 53 72 49 80 50 66 46 57 46 55 6 47 50 34 66 65 3 32 4 42 42 10 40 44 42 4 78 44 5 77 35 54 68 8 7 10 74 71 5 66 71 66 61 9 10 66 65 8 64 60 36 10 62 3 3 6 44 71 10 35 34 58 37 50 53 32 41 32 74 8 32 67 2 31 76 40 57 58 77 31 52 58 39 32 6 36 53 55 5 2 10 73 50 45 46 45 42 48 56 32 71 5 61 79 49 62 52 45 62 2 6 58 5 70 60 71 4 59 35 37 77 80 47 47 73 3 79 72 9 37 8 68 77 67 35 54 9 75 4 8 72 57 68 6 35 3 52 5 36 49 7 41 46 68 46 68 74 3 49 0 73 58 77 8 49 31 53 54 78 73 33 58 80 54 60 67 57 80 52 52 64 60 34 46 7 38 31 72 2 66 36 68 65 60 5 79 35 78 69 9 61 72 54 70 71 6 69 6 41 59 72 65 3 41 45 50 9 53 2 79 6 52 5 52 73 7 65 41 49 46 45 42 44 48 58 61 71 72 79 42 5 35 49 75 57 46 59 71 42 7 4 59 5 34 69 53 39 32 4 41 45 5 76 79 78 75 62 33 7 9 57 10 61 53 40 32 71
30 31 3 10 45 7 3 33 58 72 7 58 7 10 63 67 2 63 4 57 68 58 75 5 79 59 2 9 40 52 53 47 3 47 5 64 55 32 58 45 39 76 59 59 73 79 61 76 56 77 72 62 8 38 41 42 10 38 78 62 44 77 9 5 75 32 5 7 40 47 47 75 63 51 36 65 44 6 79 54 49 4 9 59 49 66 80 68 52 46 70 53 41 8 38 46 65 7 45 7 58 63 63 3 42 8 78 71 79 48 39 44 31 7 4 69 79 59 47 36 51 3 2 54 63 67 44 48 71 63 59 60 71 40 54 71 42 50 74 71 59 31 58 43 59 60 76 50 71 69 71 57 42 59 78 10 67 66 32 34 56 41 67 36 4 30 37 80 52 46 58 73 66 79 77 39 40 48 9 76 72 64 38 68 72 79 60 46 35 54 54 73 56 63 4 68 52 47 58 63 33 30 42 63 72 55 61 34 41 54 4 34 38 6 73 60 44 50 79 39 80 53 4 64 59 5 32 76 78 36 57 37 61 0 75 70 39 38 72 35 7 33 61 63 49 52 4 38 3 10 9 8 67 32 39 54 2 40 62 69 43 61 47 40 64 36 31 52 44 34 79 31 47 64 50 6 66 41 40 30 75 5 46 30 55 80 66 48 80 74 49 72 80 43 52 40 80 41 43 69 49 5 5 69 9 78 30 80 53 4 68 48 71 41 47 50 46 75 4 8 61 3 53 53 38 45 9 71 38 31 6 59 33 58 72 74 8 10 78 34 63 77 80 77 46 31 53 64 64 76
77 36 44 73 2 34 79 37 33 44 50 3 80 57 70 65 35 8 70 56 31 65 49 49 60 35 54 67 62 62 3 2 36 56 49 74 30 79 34 2 61 4 60 71 9 35 69 3 66 2 2 48 40 37 72 50 36 8 8 51 52 10 51 62 75 51 51 61 30 60 10 54 78 63 58 6 80 74 4 5 7 39 32 37 43 66 3 3 77 56 10 77 78 71 73 63 65 37 59 78 74 80 38 42 33 44 60 33 64 32 8 46 69 50 73 50 63 76 47 57 37 70 49 65 39 46 41 30 75 10 74 42 9 3 6 35 66 6 39 40 10 77 38 3 77 68 79 67 70 9 7 5 79 30 45 55 50 69 58 59 65 37 50 66 64 49 45 42 57 6 36 78 54 6 73 8 75 62 65 58 30 10 33 60 73 61 63 62 31 35 7 49 7 5 37 62 43 6 70 32 46 52 51 63 5 51 63 72 31 62 61 80 76 42 10 7 56 2 71 40 47 63 69 80 3 50 54 31 46 72 33 52 55 37 0 77 43 55 50 6 34 4 61 33 30 8 33 45 58 37 41 80 5 9 7 67 62 41 69 5 62 79 69 34 9 4 66 62 4 2 53 33 64 30 8 77 10 46 54 64 74 76 2 44 57 36 7 50 6 54 41 42 51 57 6 48 2 7 38 64 2 41 49 34 36 61 60 6 65 64 2 51 63 67 75 41 31 7 54 55 50 61 37 44 41 60 80 50 33 46 70 71 61 8 51 7 41 42 58 45 44 68 31 71 64 65 9 51 3 47
30 74 65 54 69 51 56 54 76 80 35 58 48 49 79 33 50 33 47 9 44 7 32 47 55 62 74 39 55 74 36 80 61 64 31 68 6 69 43 69 60 76 35 36 64 8 33 79 61 74 73 37 68 39 63 78 70 34 36 38 47 42 55 66 34 62 76 55 44 3 55 9 6 3 57 50 32 73 61 58 38 50 71 36 44 6 75 74 32 63 34 80 52 53 54 5 68 47 50 43 8 50 7 72 9 60 62 50 57 2 79 76 76 37 69 65 69 78 46 6 41 53 30 56 78 38 34 35 57 57 66 37 72 35 46 40 10 64 76 63 50 68 67 55 58 37 75 55 48 71 66 42 8 49 44 41 10 55 9 68 67 77 72 40 75 5 2 62 7 67 3 5 9 41 36 43 5 3 32 67 7 47 44 76 5 73 54 64 36 71 30 6 78 45 71 44 5 46 31 61 65 76 80 34 54 31 2 40 71 44 80 69 50 67 35 55 30 58 79 4 60 4 49 80 65 42 55 10 55 42 68 33 39 80 30 0 75 2 37 34 45 55 10 5 64 37 54 52 56 58 51 45 78 30 51 38 75 57 60 58 9 47 46 10 38 79 9 44 48 50 49 40 80 38 53 55 63 5 59 37 30 35 37 36 9 65 61 76 77 72 62 61 2 52 66 50 70 67 45 80 79 77 76 5 30 72 10 44 72 30 80 8 56 72 33 49 9 47 46 45 5 41 53 47 36 43 78 7 44 6 64 38 63 35 62 31 32 34 41 31 6 39 64 9 75 78 48 59 47 49
62 69 52 39 74 36 41 9 10 63 44 45 62 47 35 10 65 49 34 30 10 34 2 52 6 70 44 33 31 31 45 48 52 10 54 3 50 2 74 76 54 42 4 3 33 63 7 52 46 40 68 9 42 5 2 31 39 41 38 35 3 48 73 31 60 65 36 43 6 37 32 31 49 73 61 80 47 36 67 64 65 40 51 10 33 45 52 42 76 7 45 7 47 65 4 42 76 79 10 46 63 2 43 63 73 51 4 10 8 70 45 10 65 60 50 59 7 5 62 43 10 68 69 71 10 80 4 3 9 74 57 2 73 33 38 49 66 40 73 38 30 75 10 38 51 3 52 32 30 59 78 77 38 34 60 60 63 6 70 53 58 3 6 9 54 56 42 62 74 40 46 52 68 79 10 70 72 58 40 39 44 37 10 7 47 6 47 38 63 7 59 64 54 64 67 35 38 43 10 67 72 6 31 3 52 62 71 37 36 8 68 7 8 38 45 52 3 75 8 33 10 31 64 7 52 76 32 49 57 78 8 60 8 53 65 75 0 40 52 66 79 37 79 39 61 67 35 43 69 76 57 36 57 32 43 43 63 9 55 46 73 4 73 32 53 63 35 4 51 51 44 36 8 36 72 67 62 49 10 71 2 54 62 55 63 4 51 75 46 4 76 8 56 10 38 3 73 65 9 48 68 80 72 37 78 69 34 67 47 53 32 45 64 9 69 32 45 36 77 50 47 62 10 3 49 5 65 33 43 77 73 7 50 57 3 40 44 75 70 67 48 8 7 31 5 60 59 70 61 73
53 44 48 43 46 64 57 47 61 33 55 69 47 61 58 39 30 54 55 3 47 6 51 45 61 70 65 79 43 38 72 52 70 53 51 66 2 41 30 73 44 73 51 45 39 5 60 60 63 45 79 75 37 76 49 30 69 76 46 53 30 35 36 30 67 79 48 30 38 2 59 10 2 9 47 65 35 78 49 43 38 61 37 57 77 10 58 36 55 31 44 74 71 50 46 4 61 68 62 74 8 52 9 37 3 49 66 76 30 5 46 60 62 78 62 48 42 43 58 8 54 52 31 65 67 73 77 57 67 31 63 38 66 49 46 67 3 78 66 75 54 66 80 34 53 60 52 56 63 75 64 77 5 59 80 68 8 79 4 53 47 48 38 44 33 6 10 78 8 48 10 2 7 40 47 54 2 7 64 67 7 42 44 37 3 46 42 42 69 69 65 10 41 49 42 66 8 71 77 74 60 65 54 40 40 31 10 35 47 74 67 54 43 69 41 77 69 71 38 3 80 8 48 68 34 72 65 3 57 55 41 44 30 47 36 3 48 0 35 79 71 67 7 3 34 33 65 53 52 47 35 66 58 75 32 68 50 68 43 39 3 56 65 3 51 79 4 47 58 34 38 31 43 57 73 35 44 4 40 60 65 66 50 38 10 37 53 78 38 60 47 40 6 65 64 34 79 60 78 44 70 43 35 6 31 48 7 43 70 58 45 4 72 74 57 66 2 30 64 76 6 80 73 42 41 67 60 5 33 4 67 45 57 31 33 43 61 62 39 70 5 54 57 10 79 57 69 55 66 43
2 10 79 59 48 46 34 35 67 4 65 74 54 39 6 42 64 72 60 59 33 46 56 46 45 2 73 42 9 6 49 49 61 35 32 60 38 49 10 61 10 57 71 32 59 76 58 45 6 72 48 44 37 36 66 4 42 45 68 7 37 79 63 32 2 9 71 67 32 31 72 70 75 50 6 70 8 31 72 77 49 53 43 37 7 50 55 41 3 41 50 76 7 63 76 37 7 60 66 30 51 35 41 35 57 32 40 54 78 77 80 80 2 63 32 4 49 36 10 50 40 44 62 5 56 8 59 37 62 78 5 57 62 37 71 4 47 40 4 9 40 5 56 37 4 36 5 9 5 67 78 51 63 10 5 80 53 35 33 4 2 46 39 46 42 67 58 8 43 44 69 60 71 69 57 33 79 40 37 10 71 54 69 71 47 73 9 7 5 54 36 67 58 55 72 8 53 57 36 7 3 80 9 40 44 8 32 9 10 38 51 38 33 56 43 58 49 44 34 62 58 65 39 58 57 35 5 57 2 4 62 7 35 39 53 64 78 64 0 31 75 74 56 69 2 31 46 10 38 73 75 80 69 53 70 9 72 31 2 77 63 33 10 79 39 34 37 53 51 51 4 4 34 6 60 46 70 79 77 7 60 53 80 6 65 48 37 5 64 43 9 79 69 65 75 42 44 46 52 5 54 64 48 47 68 3 63 61 5 50 41 51 2 60 6 10 32 60 73 41 73 42 69 63 6 36 46 48 2 46 75 71 5 54 31 33 66 58 10 9 67 66 71 32 52 8 35 4 30 10
58 43 51 45 3 67 45 74 47 60 66 9 41 57 71 67 56 3 79 34 32 48 78 41 53 45 60 54 43 71 2 3 76 35 61 30 54 47 56 7 74 6 68 46 5 31 39 7 31 5 10 41 44 45 64 50 71 3 2 35 56 7 34 55 62 57 56 62 49 55 2 49 59 39 72 2 74 35 9 6 2 80 79 34 67 62 7 7 75 77 10 79 31 49 63 60 64 80 78 35 36 54 43 64 62 40 34 72 76 41 8 70 34 58 39 72 32 77 63 80 70 50 53 77 53 65 61 57 45 5 49 69 5 5 6 47 50 4 34 34 5 56 77 5 68 40 47 42 74 8 5 9 34 45 64 44 59 80 74 52 68 77 45 61 78 45 73 80 36 9 46 75 40 2 53 3 36 75 40 74 32 2 34 75 46 56 73 59 72 56 5 33 6 8 58 64 48 2 71 30 55 68 46 40 5 40 75 36 33 77 52 77 60 48 6 10 67 7 69 45 46 45 49 47 5 40 51 79 68 72 53 71 80 56 8 41 79 77 66 0 48 5 33 53 51 7 70 54 64 76 72 34 9 7 8 38 37 77 70 6 78 73 35 46 8 5 61 51 9 3 42 46 62 67 8 66 10 44 38 48 39 46 5 61 72 80 2 30 5 59 76 32 61 33 10 55 4 10 53 63 9 77 64 30 60 42 76 9 43 64 7 36 69 38 59 59 59 4 62 36 56 32 45 64 69 54 57 80 37 33 48 39 43 6 53 3 40 65 77 59 57 79 64 70 31 69 7 69 2 42
52 36 9 3 69 10 5 62 63 43 3 60 5 9 54 41 3 32 9 80 80 58 78 6 43 67 6 4 61 50 44 54 9 76 3 80 73 72 64 58 51 80 72 65 57 63 33 49 77 43 69 39 4 39 30 54 9 40 65 40 73 35 5 9 45 75 8 4 80 70 79 51 31 59 74 68 53 8 72 51 44 6 7 44 32 37 79 78 38 49 55 75 71 2 51 43 33 9 66 10 75 44 62 8 30 6 34 76 63 79 40 67 33 2 4 40 46 57 62 74 56 10 5 31 79 53 40 73 40 46 67 52 52 32 36 65 71 58 33 67 56 74 57 79 59 42 76 45 31 41 40 47 73 80 36 4 37 64 40 40 65 62 68 78 9 73 49 53 70 64 66 66 73 45 74 65 65 47 10 75 80 46 58 80 37 77 42 36 55 52 49 72 70 59 9 35 44 76 58 38 68 47 30 67 78 57 42 70 68 63 3 62 55 7 40 76 51 78 63 78 46 42 3 56 72 6 31 64 31 76 52 33 56 5 35 53 59 33 59 73 0 62 80 64 68 49 10 76 7 7 10 6 73 61 39 64 2 59 32 69 46 38 76 70 61 38 43 58 62 66 55 76 31 54 54 7 79 40 41 74 62 5 70 42 70 50 41 43 34 30 32 48 49 66 78 58 74 79 59 78 46 10 10 34 8 54 45 42 49 3 38 54 74 73 75 40 73 52 9 6 52 8 65 57 74 35 10 68 36 49 7 32 76 50 72 79 5 4 80 51 68 66 34 71 62 61 40 70 67 41
51 43 67 35 9 79 42 36 75 59 33 10 36 79 45 55 30 10 72 36 68 62 44 58 55 36 58 75 71 42 10 7 76 42 44 52 69 39 35 6 38 9 72 57 7 68 32 10 56 2 6 44 67 63 61 73 53 3 7 62 69 7 36 38 77 60 56 48 43 32 8 75 64 48 44 9 79 70 9 9 10 47 57 79 68 77 7 4 43 72 9 36 72 41 79 46 67 60 77 37 40 41 63 44 41 77 71 69 40 39 7 51 75 54 38 52 57 73 48 41 79 47 49 65 49 30 32 61 31 10 78 79 6 2 5 31 46 4 52 54 10 74 38 10 73 43 51 52 30 10 10 4 57 57 55 58 72 57 44 48 37 51 30 40 69 73 53 74 56 5 76 39 45 7 70 6 42 53 32 49 59 10 45 35 34 77 60 76 60 52 7 77 8 6 66 63 63 10 75 60 78 33 72 69 10 80 79 54 45 55 56 60 71 74 3 8 71 7 30 46 78 50 48 43 6 48 69 38 45 65 68 63 44 63 8 35 69 41 70 4 70 0 61 58 67 10 67 34 41 47 50 78 10 6 4 35 35 70 40 2 49 75 46 62 3 4 65 73 5 7 51 50 71 66 7 64 8 75 67 50 67 74 6 52 59 42 2 51 9 43 80 69 74 78 7 49 9 7 63 77 10 62 62 65 61 60 34 3 75 44 3 53 74 66 62 40 80 2 78 55 43 62 66 38 39 73 76 71 42 39 51 51 70 4 33 9 36 42 44 66 42 54 52 38 37 60 7 65 7 36
58 65 51 67 30 56 79 42 39 45 35 44 73 33 30 68 77 75 56 6 58 3 49 78 58 49 59 67 79 49 49 50 34 78 56 80 6 72 58 50 76 74 34 61 56 8 32 77 51 48 61 73 73 49 53 48 64 46 38 56 71 60 77 53 33 56 30 30 67 6 37 10 9 5 71 54 37 68 40 48 42 30 78 42 53 10 65 69 43 70 38 73 56 43 48 9 49 54 32 80 6 64 3 75 9 69 65 49 75 8 50 80 56 48 42 68 39 47 76 4 54 62 62 45 46 65 32 59 33 47 61 31 62 59 69 59 8 44 30 58 42 33 36 69 36 48 70 53 40 79 45 67 9 77 50 48 6 40 9 54 53 55 35 30 75 9 6 71 7 76 7 2 4 38 51 37 3 3 34 79 6 67 31 76 6 62 80 72 62 64 68 4 77 43 36 60 4 38 65 73 68 74 78 53 38 78 2 64 61 50 34 52 79 65 70 53 42 56 52 2 46 5 34 71 47 64 51 6 49 51 32 75 51 74 62 3 54 7 31 55 70 76 0 4 73 66 30 71 75 64 46 37 53 45 49 46 44 40 50 42 10 72 43 4 52 56 10 57 40 51 42 68 65 70 80 55 75 3 77 45 41 73 59 72 6 80 61 52 70 59 68 55 10 62 38 53 53 79 37 65 32 62 48 6 73 60 5 77 48 33 63 9 39 71 74 56 5 32 34 31 5 63 61 62 59 65 43 9 30 3 34 70 53 66 62 48 58 65 32 71 9 69 61 7 57 71 44 53 32 45
45 56 76 58 58 34 79 78 54 73 55 64 34 74 79 49 42 69 59 7 51 7 50 46 40 74 67 44 49 60 72 53 77 56 48 47 2 61 35 33 78 66 71 32 63 10 30 51 55 38 64 49 76 59 37 39 34 76 34 34 70 75 50 37 47 74 43 34 58 7 37 6 4 2 71 65 43 72 74 34 33 37 69 69 40 6 62 70 49 46 47 74 67 37 66 5 70 52 36 61 10 35 9 79 10 74 64 65 53 3 42 69 39 36 60 79 73 54 33 10 36 41 31 78 53 45 56 78 64 47 33 54 76 63 77 55 10 30 61 61 34 69 49 58 41 41 71 70 77 55 76 79 7 53 78 46 10 31 5 40 72 67 39 72 52 9 6 72 8 42 9 2 8 32 44 64 8 5 76 72 4 34 36 35 4 75 38 69 71 79 44 10 46 31 31 40 2 52 37 33 72 73 62 40 78 34 3 79 61 61 53 70 40 65 77 51 73 42 37 8 64 10 37 79 70 52 76 10 71 39 50 36 36 65 68 5 30 8 78 44 66 49 4 0 58 65 45 53 56 65 69 50 42 59 75 32 72 64 54 49 7 61 67 7 56 37 10 35 77 77 47 37 51 44 67 30 47 7 48 59 66 39 72 54 10 67 74 51 47 73 80 53 5 46 36 62 44 71 35 61 33 77 66 8 73 41 7 53 60 63 71 7 50 75 40 53 9 33 33 34 2 56 75 52 61 59 46 8 60 6 63 69 37 33 76 71 45 59 31 41 2 49 77 10 37 39 34 75 35 46
3 8 67 53 50 60 45 68 57 7 52 66 75 69 3 80 39 60 48 39 75 77 50 69 46 5 36 58 6 8 37 51 44 54 43 34 58 31 10 52 8 50 49 56 66 42 68 46 10 35 57 39 39 61 80 8 61 32 61 5 44 74 60 66 7 6 73 56 43 54 73 49 55 56 6 40 6 64 38 47 32 65 59 44 2 41 65 73 4 68 50 79 6 71 77 66 4 58 71 76 48 56 80 36 60 76 60 63 43 66 37 56 4 37 60 10 36 49 4 52 55 74 35 10 60 2 75 76 38 44 4 69 79 41 38 8 54 56 6 8 66 4 69 73 7 43 8 5 10 43 32 50 80 4 9 66 65 33 39 10 4 58 76 41 59 57 55 8 61 41 35 30 35 65 62 43 78 71 41 5 59 69 76 47 48 34 5 5 7 65 62 34 77 36 44 10 66 52 77 5 10 31 3 53 47 5 41 2 8 57 61 32 62 77 73 57 50 32 63 34 57 74 41 41 42 51 7 62 3 4 54 8 68 38 43 44 51 69 8 46 78 48 57 68 0 34 50 2 50 46 36 34 38 56 36 4 66 49 3 75 63 33 4 37 68 50 51 52 63 43 2 5 76 5 30 34 30 80 73 6 32 45 60 10 77 35 48 2 50 33 5 79 55 41 66 39 75 56 49 7 36 62 40 48 63 7 78 49 4 30 45 62 6 78 3 3 74 59 54 45 35 69 44 79 9 73 40 78 10 63 31 42 4 54 45 75 47 55 2 8 40 80 43 68 71 5 37 3 66 10
54 70 62 62 9 75 69 77 40 54 59 9 52 51 65 56 73 6 53 38 48 40 59 33 77 30 54 35 31 73 2 7 30 30 78 49 73 36 33 9 70 4 40 71 8 47 45 5 68 7 3 34 31 31 40 51 32 5 8 69 40 3 36 43 30 33 35 37 44 54 3 36 36 79 65 3 74 61 2 4 4 77 57 36 38 42 8 5 63 59 5 43 63 68 51 36 39 60 70 44 63 64 35 74 40 39 38 34 39 33 3 80 76 61 55 37 37 45 51 64 54 46 60 79 61 71 57 53 70 9 79 73 2 10 8 76 61 9 69 63 5 78 49 5 32 66 61 66 55 8 4 10 68 71 55 74 77 57 34 41 47 67 71 49 32 38 65 37 53 8 56 51 36 10 65 3 65 41 71 66 36 8 30 54 46 53 64 72 75 59 4 67 3 10 51 70 62 9 31 48 32 40 79 72 4 57 40 57 71 76 79 35 70 71 5 7 36 2 52 41 53 40 54 42 6 66 66 34 61 56 67 45 34 74 9 70 57 33 58 7 76 4 77 60 65 0 61 78 67 78 54 64 10 4 6 38 36 52 78 3 50 54 71 62 10 7 75 57 4 2 67 54 77 42 10 65 6 77 49 64 79 53 9 54 63 61 8 50 7 73 46 65 70 56 7 43 5 7 31 77 3 55 57 67 36 63 41 3 80 40 7 40 37 61 66 45 70 4 34 70 48 32 66 35 39 46 31 67 44 51 34 72 40 9 57 2 46 30 36 53 39 80 61 62 33 40 8 41 8 79
31 44 9 9 35 2 2 38 30 69 3 39 5 3 49 39 8 33 8 67 55 72 49 8 51 63 4 8 42 66 33 44 5 33 4 48 61 79 60 78 72 79 65 77 51 79 48 46 70 61 64 38 4 54 65 60 8 74 50 74 44 31 3 8 41 57 6 8 79 67 61 44 65 58 75 43 59 8 64 31 58 7 5 68 60 77 35 70 79 33 69 77 53 2 58 73 49 8 51 2 75 33 61 5 79 4 56 77 50 46 56 65 65 3 8 74 41 74 56 72 79 3 9 39 63 38 34 76 49 58 62 75 64 63 57 65 40 65 34 44 77 40 56 45 34 73 38 51 71 75 78 39 76 64 79 10 75 51 33 64 74 74 73 55 2 40 72 69 65 56 63 44 71 73 55 74 41 53 9 32 49 78 58 61 73 43 43 77 61 72 53 59 77 48 10 64 44 49 65 72 54 40 60 50 78 57 38 31 36 55 4 61 36 6 60 33 44 46 54 74 43 47 6 66 67 7 65 53 73 43 60 34 54 2 69 65 53 58 68 64 2 72 38 59 65 64 0 67 5 7 8 10 51 50 37 30 7 67 59 67 61 48 68 39 59 51 75 67 67 74 57 31 45 43 48 9 74 62 77 47 68 2 52 39 35 55 48 46 79 70 47 49 80 32 72 38 72 70 72 42 70 9 6 57 5 61 43 31 80 5 34 42 44 37 49 60 56 55 3 3 62 8 46 35 43 68 7 72 74 55 4 69 68 46 37 49 2 5 39 67 67 42 62 76 68 79 57 72 43 69
7 3 73 45 75 46 69 66 67 8 73 72 48 38 10 33 60 69 60 56 72 64 34 35 48 9 78 75 8 3 73 43 38 79 74 50 65 49 4 35 10 64 66 39 77 39 51 73 6 77 60 59 50 71 45 5 80 61 67 5 79 63 59 53 6 7 34 46 33 52 36 52 75 57 8 49 3 74 30 53 79 37 63 37 6 53 68 61 3 33 50 61 7 56 45 76 4 38 53 68 40 65 44 53 41 49 43 53 73 70 71 40 5 40 78 6 38 33 6 68 39 74 80 9 35 8 51 54 47 45 9 66 47 72 50 5 51 74 10 10 55 6 79 44 2 49 8 8 10 64 33 51 42 6 2 75 75 34 41 9 10 51 34 39 66 51 54 9 31 71 36 51 41 47 48 31 62 64 33 8 77 37 62 55 46 71 3 6 4 64 72 31 79 40 66 6 53 70 62 10 3 77 6 32 76 7 47 3 7 39 54 60 57 66 70 34 72 75 67 80 49 64 31 35 57 76 9 77 3 6 31 7 52 79 77 31 63 51 6 31 51 64 39 39 3 63 47 0 72 65 39 59 34 44 31 7 59 31 6 39 55 66 9 32 60 39 71 41 60 46 9 9 48 7 44 45 39 76 42 5 61 34 56 6 31 31 38 7 40 52 10 39 60 80 30 78 58 40 48 9 42 77 74 69 58 2 73 73 4 41 49 78 9 57 7 3 54 39 50 48 56 50 32 71 4 42 61 48 8 70 51 74 6 60 71 32 68 66 8 9 40 61 72 65 52 10 79 7 66 4
32 71 10 8 73 7 6 72 30 53 6 74 3 6 62 76 8 39 2 70 49 36 56 5 33 43 6 7 43 44 60 30 9 50 8 43 53 47 66 41 52 78 53 76 69 65 78 63 59 44 35 43 7 73 74 75 2 31 71 60 35 38 3 5 74 60 4 7 62 59 61 41 44 34 53 55 70 8 57 57 44 7 5 37 56 33 65 51 40 46 39 66 71 6 65 43 33 7 69 6 45 36 78 3 34 8 71 37 48 69 48 65 78 5 8 59 80 68 39 56 60 9 9 76 68 75 69 45 48 56 46 55 74 45 47 58 33 65 37 74 53 43 53 53 38 67 38 52 50 47 44 45 64 79 46 10 36 59 70 42 72 76 65 35 8 48 35 80 59 80 72 71 78 35 35 30 69 54 7 41 68 57 62 58 75 30 60 80 66 33 52 49 36 44 4 43 47 30 37 53 52 64 60 52 69 54 78 42 56 57 4 35 69 9 36 67 71 44 48 62 60 33 5 59 69 5 67 70 30 70 78 37 31 10 52 69 32 49 55 74 7 34 58 48 54 73 6 64 0 4 10 8 78 76 79 48 10 35 34 52 54 62 69 47 38 76 69 66 59 40 38 80 41 35 46 9 36 35 80 80 39 8 56 52 40 66 59 64 53 54 43 68 55 79 45 52 70 61 76 35 31 9 7 49 7 42 33 76 40 9 74 38 53 39 43 31 37 75 8 10 73 6 61 35 48 70 7 63 37 48 4 72 68 67 54 53 10 8 72 58 65 65 57 59 80 34 52 69 48 63
43 70 6 7 33 10 5 80 80 30 2 44 6 4 51 65 8 77 9 35 54 58 78 10 78 57 6 5 49 78 46 77 2 40 6 61 40 70 37 76 74 33 58 62 80 38 71 50 64 35 57 34 10 53 68 43 3 35 60 35 72 79 5 4 45 47 8 2 72 72 33 33 67 79 65 80 50 10 57 59 47 2 5 31 65 78 60 70 53 64 61 36 68 6 76 41 59 4 68 9 45 79 52 5 30 6 42 47 74 71 32 46 50 8 6 64 34 67 71 31 66 6 8 37 62 40 65 60 78 77 75 45 74 41 80 61 52 79 34 40 51 51 72 76 44 54 41 52 31 30 52 60 44 61 40 2 36 41 73 71 68 50 72 55 10 73 55 55 74 71 49 36 55 73 68 73 71 41 8 48 30 47 44 76 58 76 65 70 47 60 73 67 78 39 4 80 59 67 59 75 61 71 46 35 33 37 49 35 57 37 10 79 60 4 50 37 56 42 61 43 48 33 2 42 74 6 78 65 64 70 77 77 59 8 80 31 40 51 35 31 2 44 55 55 39 61 9 63 10 0 10 4 79 49 76 53 3 70 63 63 52 70 35 57 41 70 31 57 45 74 78 32 31 42 71 4 69 34 34 41 34 5 73 78 30 67 74 69 40 31 57 37 67 46 30 54 71 36 78 63 32 10 9 41 4 54 53 30 52 9 49 35 52 54 59 31 32 76 3 2 47 4 75 79 79 46 6 37 50 39 3 30 39 59 36 66 6 9 42 71 36 31 79 72 54 59 77 76 30 39
51 71 2 6 48 4 10 43 52 37 9 52 2 10 71 80 9 57 5 69 48 50 38 4 49 76 9 8 34 59 37 35 9 73 2 56 37 44 45 71 47 50 47 46 43 62 66 44 47 80 37 57 6 42 31 47 8 41 32 45 63 67 3 3 46 66 8 7 69 50 54 61 40 60 62 56 69 9 53 63 79 3 6 59 38 34 75 66 41 52 52 63 33 3 76 72 45 2 65 9 40 38 70 2 62 4 37 68 42 40 62 36 62 2 7 52 80 51 57 43 43 2 8 64 76 75 40 52 52 61 68 71 69 45 41 66 62 67 68 68 35 74 64 36 36 35 36 61 36 71 76 47 59 31 62 4 41 78 43 43 77 62 57 71 8 38 67 44 30 76 42 40 35 71 65 50 54 50 8 47 77 45 35 42 53 51 73 47 58 55 58 68 67 70 9 51 39 78 44 77 69 70 40 49 38 58 60 32 67 71 2 43 39 9 47 33 66 41 56 57 79 62 3 64 73 2 62 70 43 75 74 61 71 3 50 69 70 50 57 40 4 40 72 76 67 55 10 73 3 5 0 8 47 33 68 66 7 55 72 64 52 37 74 57 57 38 51 39 39 50 46 77 33 75 47 6 39 60 61 65 76 10 47 39 30 65 72 65 34 53 47 32 43 80 66 56 47 68 69 73 40 8 6 36 4 67 62 59 49 9 51 80 33 66 64 77 73 71 7 6 45 7 66 69 67 74 8 39 53 41 5 30 77 38 37 31 7 10 30 64 74 50 33 36 61 59 53 78 55 62
31 43 8 4 56 10 4 55 79 54 7 52 4 5 77 58 2 79 2 80 50 34 80 3 49 58 7 6 41 60 34 45 5 66 9 52 45 41 47 71 75 41 79 79 37 54 62 57 54 61 38 41 9 71 61 30 9 41 60 64 52 33 4 4 67 34 5 2 55 51 57 36 79 49 35 66 31 2 78 35 56 10 7 78 71 66 34 67 41 39 63 42 34 5 44 74 38 7 74 5 73 31 62 3 47 2 67 52 39 66 46 41 31 7 5 37 67 36 41 41 57 7 7 79 45 60 63 71 38 60 73 40 48 79 75 45 44 75 59 31 46 72 50 77 33 60 64 52 58 45 76 59 44 71 50 6 49 34 46 59 67 70 80 76 6 71 50 64 55 57 66 45 36 31 73 54 33 71 8 67 53 30 38 31 70 35 37 49 49 62 64 34 47 73 3 73 58 38 47 52 47 40 67 60 58 46 55 37 37 59 5 50 79 5 62 59 49 55 58 30 78 37 3 61 42 4 44 69 33 42 68 74 59 7 31 49 44 31 41 72 2 44 73 35 57 34 7 40 4 8 9 0 77 55 40 54 8 57 31 42 65 76 63 71 79 57 69 43 67 42 50 47 70 58 55 10 76 50 44 71 55 10 40 34 79 38 79 54 68 80 41 55 49 55 66 74 54 70 58 69 75 6 10 75 4 53 53 68 79 2 70 49 31 46 31 69 53 61 8 9 50 5 32 40 48 38 5 64 63 62 9 41 79 62 52 79 8 8 33 45 66 43 41 62 71 75 75 54 32 36
73 69 67 76 4 72 75 73 34 59 68 9 63 37 43 51 73 4 64 52 70 55 45 67 65 39 60 47 80 61 5 2 42 65 34 34 70 34 47 3 63 9 60 57 6 69 65 9 51 9 10 58 59 65 37 64 51 7 7 80 43 7 74 33 40 40 77 39 44 64 3 56 52 79 56 7 56 44 9 9 5 70 55 35 77 34 10 9 59 33 9 75 32 53 77 80 38 37 57 53 68 71 61 32 52 68 43 61 42 34 5 68 52 30 30 39 34 59 38 41 38 58 64 48 62 31 66 56 36 6 72 61 8 4 5 40 67 3 44 68 2 50 51 6 78 54 53 78 47 2 2 10 62 35 78 79 76 79 41 51 51 69 58 41 56 56 61 66 45 8 34 61 71 10 38 6 58 42 70 38 43 3 53 37 43 56 32 59 46 66 6 52 6 5 71 50 48 9 75 59 69 68 39 39 10 73 78 80 77 78 77 72 47 75 10 6 55 6 37 41 35 35 44 38 7 38 75 50 31 59 74 67 72 77 5 62 55 55 61 6 38 5 38 72 80 4 66 50 58 75 42 78 0 6 5 39 52 59 75 2 75 67 66 46 3 8 31 80 9 3 46 34 69 37 3 47 4 31 52 58 70 34 7 73 45 48 3 37 10 49 38 69 44 40 3 65 9 9 41 76 8 59 66 31 70 39 77 3 54 54 5 33 77 80 32 58 72 4 63 70 39 31 36 72 77 68 35 35 39 69 59 80 77 10 49 7 60 70 42 67 57 45 57 31 77 62 5 48 5 37
43 70 46 51 2 78 49 37 58 78 48 4 64 49 70 42 49 4 73 37 67 59 78 49 38 31 34 69 34 49 10 3 68 63 61 67 71 33 80 2 71 3 62 56 6 47 69 4 58 4 3 60 48 76 46 69 66 7 4 37 53 4 37 50 55 65 46 65 35 79 8 48 49 37 38 2 64 33 8 2 10 45 73 65 30 58 10 9 68 54 7 72 65 36 59 31 44 68 47 44 63 78 60 58 66 66 80 30 58 38 8 62 42 76 53 49 32 78 53 61 42 51 32 39 77 56 59 51 79 4 60 59 2 5 4 36 47 5 48 54 9 72 80 8 60 50 52 69 30 4 6 8 66 30 57 62 66 78 42 36 41 33 62 74 53 63 74 73 57 7 75 32 76 7 38 8 35 56 71 35 48 6 61 46 45 70 41 46 77 73 10 47 10 3 55 80 59 8 56 46 31 70 43 59 10 74 41 38 59 35 63 38 61 35 6 8 57 6 32 59 58 71 59 63 2 55 33 56 68 60 75 52 34 56 6 59 43 69 63 9 61 9 73 39 69 4 70 33 52 72 42 48 4 0 9 71 78 69 32 3 35 76 73 42 3 4 32 39 4 9 62 67 77 71 5 63 3 30 52 40 30 44 6 78 34 63 2 77 6 73 64 30 52 34 8 61 4 7 75 65 4 55 75 47 43 43 58 2 40 76 4 75 30 70 58 68 71 8 45 37 31 76 68 49 66 57 36 40 78 57 63 78 45 7 63 3 54 52 67 78 42 51 59 31 63 72 2 76 10 47
63 47 44 33 5 66 71 63 70 76 60 6 76 39 65 34 68 7 72 34 80 56 61 56 69 50 78 73 48 73 5 8 76 37 41 63 58 76 32 10 75 10 69 69 10 46 42 3 71 4 6 58 71 44 43 35 79 3 2 75 68 9 58 37 57 71 37 77 70 65 6 75 58 72 69 5 64 62 9 2 7 51 74 75 57 80 7 3 34 78 2 79 67 74 47 61 61 55 36 43 43 61 66 76 80 39 72 33 32 41 8 73 43 37 66 65 36 59 79 71 74 77 76 49 57 70 48 49 59 9 41 80 3 4 5 78 63 3 42 70 2 65 74 6 41 38 53 40 38 6 2 3 64 72 48 37 47 58 58 52 52 39 71 53 62 80 64 71 40 2 67 68 75 8 45 8 63 62 32 44 37 10 47 51 60 72 37 42 58 55 2 40 9 2 54 57 64 6 75 40 66 54 34 35 3 42 73 72 63 70 38 34 48 71 2 5 50 2 59 36 33 49 49 50 2 47 63 71 41 38 67 54 30 34 4 34 79 64 80 9 50 4 72 38 69 5 70 57 63 66 39 76 9 7 0 33 72 39 72 8 64 52 60 30 2 5 63 37 2 9 35 41 52 58 5 74 8 30 60 67 49 68 2 67 54 57 9 78 3 70 59 56 58 48 5 37 4 7 68 51 3 43 73 50 49 75 72 5 59 51 9 63 70 60 52 78 75 4 39 45 45 57 80 77 76 59 69 34 69 38 74 43 68 8 74 4 77 61 48 72 60 47 69 51 57 37 7 65 2 73
6 2 55 34 64 79 43 70 47 7 67 67 54 51 5 52 44 45 75 36 57 42 60 52 60 5 61 66 2 3 39 33 43 46 32 47 38 41 9 80 3 74 63 78 33 35 52 48 7 80 57 39 60 58 30 7 75 40 46 10 35 52 38 71 3 2 49 42 40 44 79 55 62 46 9 57 3 37 31 61 77 36 59 76 8 56 76 69 8 35 53 50 10 65 55 76 4 49 68 67 64 78 62 71 67 67 44 77 62 44 46 52 8 45 47 5 46 45 10 41 71 67 72 3 43 5 46 37 54 34 6 68 75 64 43 10 65 71 2 8 49 8 62 55 3 36 10 5 7 44 30 77 64 6 4 55 65 42 45 6 7 31 73 34 53 35 76 8 69 43 45 65 55 57 60 56 34 77 80 8 30 31 50 48 75 36 7 4 9 46 69 32 63 44 55 7 55 34 68 7 2 69 5 38 45 5 69 9 8 41 53 36 42 38 43 52 39 68 80 34 72 65 45 45 47 45 6 79 4 8 72 9 39 66 37 37 42 34 4 44 74 30 79 55 3 52 46 5 69 42 40 72 73 43 61 0 67 68 7 55 61 72 3 53 63 79 49 76 78 40 7 2 76 5 78 43 34 79 53 9 66 67 60 8 40 77 79 3 30 79 3 78 41 45 40 41 30 68 77 5 37 63 63 60 66 9 70 75 9 73 41 70 6 74 3 10 40 74 56 46 42 76 55 78 2 38 76 37 8 36 80 46 7 72 30 47 61 63 2 9 47 41 58 30 64 9 61 2 67 2
36 42 9 4 42 5 7 60 72 57 5 72 8 6 36 43 6 51 8 49 57 47 44 9 55 56 10 2 46 39 41 61 6 45 3 45 73 56 49 65 61 50 75 31 66 60 74 59 49 80 35 39 3 49 53 71 5 31 37 56 70 52 2 8 34 70 2 5 36 73 47 75 67 68 73 70 64 9 56 34 47 3 4 73 78 53 43 41 40 56 71 40 59 2 76 31 65 7 36 5 68 66 80 5 33 7 76 71 44 68 39 80 65 7 6 66 30 78 78 42 71 4 2 50 55 68 31 76 76 32 38 68 76 61 42 58 78 54 52 80 71 33 52 61 33 33 53 54 65 41 34 50 74 30 67 2 73 43 80 49 54 70 76 51 8 72 66 80 38 64 69 61 63 50 76 43 38 55 2 76 38 57 79 64 48 45 65 64 63 49 31 53 47 70 3 77 52 76 44 38 51 66 62 76 52 63 47 47 36 51 8 35 78 6 51 36 75 73 41 69 54 38 6 33 54 10 55 77 33 76 45 47 79 6 71 75 51 50 70 48 9 59 79 59 61 45 8 47 2 4 7 5 41 55 34 51 0 53 33 69 59 76 35 43 68 30 73 61 62 31 67 74 56 53 56 5 58 32 44 59 41 9 74 76 57 51 65 55 31 59 55 75 43 69 67 74 52 33 47 52 68 9 7 48 7 30 69 33 46 2 36 39 46 52 50 75 69 69 10 7 62 7 44 37 53 48 4 32 58 64 6 72 57 79 74 37 9 4 59 47 73 47 37 62 55 37 63 47 48 48
37 46 56 33 52 58 64 10 10 38 76 68 49 49 70 5 73 60 45 64 4 40 7 42 2 35 37 68 66 30 36 75 66 3 60 10 52 6 70 75 31 67 4 2 55 58 2 38 76 49 58 10 78 7 7 73 50 35 74 49 7 59 68 50 72 45 36 38 9 67 77 68 68 64 63 58 32 58 65 76 68 45 80 10 55 76 48 44 70 4 45 6 64 77 6 37 53 36 3 59 72 4 50 42 49 50 10 3 7 35 38 3 57 62 38 43 9 10 47 44 6 76 76 44 6 68 9 5 9 54 52 3 59 59 34 38 57 77 64 56 36 31 7 76 71 5 49 65 46 46 36 47 42 52 71 59 33 7 72 57 71 3 8 8 39 69 63 32 73 30 38 60 30 78 3 32 55 69 61 77 52 57 4 4 35 9 47 32 55 6 75 34 51 72 35 69 75 70 3 68 40 9 65 2 49 76 35 61 58 7 42 10 8 75 58 52 5 49 8 65 8 60 55 4 66 52 48 33 49 66 8 69 3 62 32 43 4 54 32 31 62 75 78 38 75 76 75 46 65 79 79 57 75 40 38 36 75 0 79 53 31 5 76 77 73 67 45 7 36 77 76 61 9 48 32 46 60 65 7 39 8 61 30 52 55 4 77 38 47 9 50 2 77 5 35 4 34 55 8 52 65 56 46 79 46 46 69 68 59 80 31 36 32 6 31 67 59 49 63 59 63 38 9 2 30 8 55 45 40 80 76 7 68 31 6 67 30 79 53 55 35 9 3 35 4 33 49 57 53 67
7 5 42 49 78 58 79 56 56 6 71 72 80 47 4 39 36 58 38 64 80 34 39 66 76 4 72 31 5 8 67 43 69 39 30 69 69 48 10 30 7 79 30 79 53 51 50 45 10 62 78 44 72 68 61 10 80 49 79 2 69 40 44 37 7 7 43 44 39 41 59 47 76 57 9 62 3 51 66 74 48 80 47 45 10 54 50 43 3 51 59 75 3 40 66 80 10 52 76 43 31 35 36 54 46 34 48 53 57 44 66 60 9 63 36 2 66 30 5 37 50 71 38 4 39 10 52 32 74 75 2 70 37 43 35 10 30 50 5 8 47 4 58 40 2 51 10 5 3 50 58 42 63 2 4 72 70 71 68 4 6 45 51 42 42 35 33 2 51 61 61 75 77 80 56 41 74 47 69 4 51 48 71 55 36 39 3 2 6 61 68 68 77 35 74 5 70 33 53 8 9 44 8 78 76 2 72 3 9 55 32 66 43 60 55 52 62 49 79 78 45 63 58 78 38 62 9 37 10 8 71 3 38 51 75 44 54 47 6 48 38 65 62 71 3 33 59 6 40 54 43 62 41 62 39 8 45 45 0 43 31 48 6 75 47 73 56 39 32 77 4 10 41 10 56 66 72 59 77 3 61 75 46 4 33 67 68 5 75 49 3 61 35 52 39 62 49 65 65 9 66 65 72 56 38 5 38 61 6 69 75 66 9 31 3 9 56 67 39 60 35 79 38 46 6 35 71 32 2 46 33 33 2 39 72 50 39 76 3 9 52 67 33 76 41 8 30 10 32 3
30 80 72 73 4 60 33 65 47 69 54 7 60 58 41 32 48 10 65 50 44 74 52 43 44 52 44 63 64 37 3 9 67 58 34 53 79 30 72 9 74 4 48 52 9 54 62 7 54 4 2 60 43 35 31 36 42 4 3 66 50 3 69 54 78 59 42 74 55 34 10 52 79 52 73 3 34 50 8 3 6 62 40 57 42 62 10 9 68 61 8 58 58 55 46 48 35 47 54 30 59 40 75 56 42 37 75 34 34 67 6 70 57 79 76 58 65 74 64 79 66 62 67 66 72 51 53 42 45 3 55 53 8 6 9 42 58 9 64 55 8 35 78 7 74 43 55 39 73 5 8 5 61 71 50 80 53 67 60 64 32 66 33 59 54 77 66 62 64 5 61 77 46 9 63 4 34 50 37 60 40 4 43 34 37 79 56 59 56 38 6 75 10 4 60 74 58 9 63 45 35 32 62 48 3 79 37 79 48 72 30 59 52 55 6 4 78 9 42 60 42 79 60 74 7 73 69 63 52 79 73 37 35 30 9 46 43 59 80 7 54 8 49 52 62 6 43 43 67 64 46 72 9 7 10 80 52 45 65 0 78 50 42 75 3 2 52 50 10 7 36 42 37 77 9 30 5 48 72 59 58 60 2 34 47 51 2 62 6 77 53 72 73 51 2 70 8 5 32 45 4 59 63 80 80 56 31 3 30 47 8 32 52 68 44 35 61 7 42 40 72 53 45 58 58 54 56 31 73 64 78 39 79 5 78 5 73 56 80 72 62 52 74 34 56 61 5 49 7 56
30 48 49 44 50 80 47 52 58 53 51 30 34 58 68 79 36 34 54 7 37 6 45 64 52 57 59 56 75 34 71 74 49 62 48 42 7 53 50 78 71 68 38 65 68 5 30 56 51 74 51 80 48 63 69 71 76 51 49 38 51 61 33 65 50 57 57 54 75 6 32 4 6 9 64 40 76 71 59 67 49 79 74 58 72 4 39 60 31 59 53 45 47 80 61 5 78 71 63 65 7 63 9 48 10 56 67 39 48 10 78 62 77 48 78 47 53 39 47 9 49 66 34 61 68 61 63 40 65 58 33 60 79 74 79 56 2 31 72 32 53 63 45 78 79 40 43 52 30 53 65 43 2 48 71 54 9 68 3 48 30 63 31 44 54 9 9 32 5 48 10 6 6 49 30 38 3 2 48 40 10 37 56 57 2 46 45 45 74 50 40 5 71 67 69 31 9 37 44 50 71 44 43 40 36 42 4 71 61 54 53 58 49 38 77 49 68 73 33 8 37 2 68 38 57 58 33 3 40 50 57 37 72 68 30 9 35 4 62 39 55 46 5 9 38 52 36 77 61 80 78 62 76 61 60 36 68 43 62 51 0 76 38 5 34 40 4 70 67 30 76 32 47 72 45 52 45 8 45 41 46 72 37 54 6 49 36 67 38 50 34 47 5 77 40 50 67 33 77 46 47 55 80 4 65 41 5 37 38 51 56 4 47 60 54 37 10 46 49 67 7 43 56 80 67 59 47 5 46 5 48 44 35 71 49 62 57 42 54 67 8 58 34 8 55 68 76 53 69 80
71 73 63 76 38 32 66 9 3 45 51 42 51 58 48 8 75 39 79 38 7 71 4 49 6 32 48 32 74 54 74 49 40 10 43 9 62 3 67 63 79 39 5 6 43 45 10 44 57 69 58 7 40 8 2 72 50 69 34 49 5 34 36 36 58 43 62 30 8 75 79 71 75 75 71 80 74 47 30 37 59 51 32 7 40 31 50 52 57 10 57 4 36 48 9 71 69 40 8 63 42 8 42 75 72 79 6 10 9 61 77 9 64 72 43 51 2 7 36 53 7 60 69 79 3 47 10 9 5 47 74 6 80 36 49 30 57 52 79 70 39 75 5 40 52 7 58 31 37 63 38 35 75 61 73 36 41 5 53 56 61 3 10 9 31 52 48 76 67 41 68 36 76 38 6 66 61 78 39 77 65 34 2 7 68 5 56 58 48 2 54 34 52 45 61 42 37 51 3 76 72 10 57 8 58 48 33 56 43 5 64 8 3 74 34 77 8 56 7 79 3 74 78 2 41 69 56 61 50 67 7 59 6 53 42 78 9 40 38 48 76 59 56 31 48 74 66 79 35 53 50 76 76 59 46 79 69 6 73 39 61 0 46 33 61 75 77 5 66 57 78 34 3 34 37 45 54 56 3 59 5 74 53 74 36 2 79 45 76 4 78 3 60 2 60 6 61 40 9 36 79 63 66 53 56 77 56 52 38 58 38 77 78 2 68 49 75 77 67 61 46 75 4 4 68 9 66 72 46 79 79 3 35 57 2 32 36 30 72 72 43 7 5 65 3 53 68 40 77 47
6 10 41 55 74 77 55 53 43 3 66 39 59 36 10 54 43 49 80 45 70 40 50 54 72 2 43 31 3 2 34 42 72 47 41 44 63 80 2 36 8 72 73 52 73 42 33 34 4 73 63 32 30 30 60 8 52 43 64 5 60 79 72 36 5 9 76 78 33 64 38 41 38 41 7 34 8 59 63 57 77 45 65 37 8 68 79 51 7 50 42 49 5 43 69 34 4 50 76 64 74 43 64 42 40 47 71 31 58 58 32 43 3 43 31 2 44 78 3 50 33 50 56 9 70 2 61 56 62 41 7 57 49 66 31 5 38 50 10 2 59 3 44 70 10 37 5 2 7 55 45 35 48 7 8 49 36 62 52 10 7 41 50 34 66 67 68 4 44 73 79 31 49 31 70 40 79 31 71 8 39 37 47 58 56 49 9 8 8 75 40 64 56 60 30 5 66 69 38 4 7 76 7 54 54 6 57 7 10 49 66 71 63 66 38 43 61 66 42 74 39 70 64 49 66 35 7 61 6 6 62 3 71 62 46 65 79 56 3 73 50 65 32 72 4 48 30 4 62 45 78 51 62 65 61 10 61 55 6 36 58 36 0 38 79 76 58 57 59 64 5 9 40 10 51 71 70 35 33 9 65 78 75 9 76 45 68 3 49 60 5 42 54 36 38 45 43 79 50 10 65 44 66 55 33 4 50 37 2 61 72 54 7 48 10 2 58 64 74 41 66 78 33 80 9 38 73 34 5 72 39 55 10 39 44 52 77 38 3 4 56 47 64 48 56 4 34 5 33 4
59 68 50 37 43 72 47 34 48 52 78 76 60 64 53 73 51 48 78 7 53 7 49 53 68 59 75 49 66 72 72 45 62 76 76 70 8 78 47 36 60 31 69 54 61 3 76 38 63 59 65 55 49 43 59 61 30 42 45 75 74 39 40 66 52 53 66 71 77 10 68 3 2 9 33 78 39 74 69 41 80 42 77 37 39 6 38 50 40 69 57 72 62 39 51 2 38 47 77 70 3 80 10 66 6 76 43 32 57 7 57 42 78 69 78 37 64 42 35 3 50 65 37 40 47 72 74 73 36 43 66 52 42 53 44 39 5 71 41 74 63 46 78 50 68 75 37 60 77 77 75 51 2 37 33 38 5 30 5 73 57 60 78 49 47 9 6 47 2 49 3 8 10 47 32 56 10 9 34 64 3 32 80 52 4 44 74 50 47 56 64 7 38 72 35 35 9 66 59 43 54 62 36 65 44 39 6 48 49 65 67 77 53 62 68 45 40 39 45 8 45 6 52 44 71 76 65 3 49 34 49 52 55 38 45 9 74 8 61 32 35 48 3 3 56 67 72 61 68 52 47 48 75 45 58 36 49 41 37 67 5 64 35 0 34 31 9 73 46 76 77 47 79 45 42 68 46 5 49 57 52 61 79 55 5 55 31 31 40 44 79 69 10 50 30 43 33 55 64 39 80 46 42 5 60 47 10 77 37 41 44 9 59 35 78 37 10 46 51 42 10 42 38 50 39 35 48 2 37 10 62 49 65 70 57 37 42 49 61 56 2 76 51 4 79 67 72 69 68 39
53 41 56 76 9 53 51 42 64 79 69 6 47 35 74 54 67 6 47 53 80 36 53 44 34 66 45 33 40 38 9 4 46 71 45 33 30 73 72 7 47 7 78 34 2 34 58 8 50 8 7 45 48 62 67 77 56 4 5 48 48 2 66 76 54 68 74 57 65 55 9 56 55 36 79 9 37 65 10 5 6 47 59 70 68 45 2 10 53 59 3 71 71 39 51 76 49 62 66 78 79 39 52 76 60 73 31 30 40 54 3 72 63 56 37 75 49 40 44 37 55 67 43 56 32 68 65 34 41 9 41 34 3 7 4 36 35 8 72 34 7 70 61 7 54 56 74 70 75 7 2 5 71 33 47 70 59 56 62 66 75 45 65 72 62 47 47 43 47 4 76 35 68 7 39 5 56 70 69 58 54 2 52 45 44 52 32 65 59 65 8 36 10 8 40 60 68 8 80 73 39 34 47 63 6 78 72 72 59 34 75 55 78 73 9 9 65 2 39 47 45 30 60 59 2 61 44 61 36 49 45 70 62 31 7 59 58 59 52 8 45 4 73 43 74 3 78 53 47 61 64 74 6 10 4 67 45 31 75 2 79 76 79 30 0 7 38 57 7 2 58 70 69 69 9 71 6 75 51 44 71 79 4 34 74 33 7 46 4 70 40 48 35 35 10 50 9 5 76 75 2 53 48 65 43 76 59 5 52 47 10 36 32 43 80 65 37 5 71 51 52 67 30 55 31 47 46 44 51 75 49 61 66 6 30 8 38 40 30 34 73 65 72 65 40 70 8 36 10 38
64 54 38 71 3 72 43 70 68 51 32 9 58 48 78 59 75 3 69 55 37 68 75 58 52 36 48 51 64 78 2 7 42 57 33 69 44 62 60 5 39 4 40 54 6 45 40 7 37 8 5 35 49 78 30 76 73 6 9 73 66 4 80 39 54 31 49 59 54 48 3 70 53 50 43 9 77 65 3 3 2 35 48 55 35 58 6 4 80 67 9 36 80 42 66 73 78 55 44 76 43 38 53 61 43 45 40 37 64 58 4 37 46 63 32 80 61 30 71 50 73 49 74 50 78 42 54 54 42 7 30 46 2 4 7 66 66 2 76 77 8 30 56 3 41 72 33 78 58 2 7 8 64 65 57 35 42 35 36 74 30 49 40 34 52 56 61 44 49 5 70 41 71 7 70 4 53 46 33 55 68 2 48 33 79 60 64 64 50 75 2 55 8 5 47 79 56 3 69 42 63 62 32 56 9 65 72 33 53 76 73 79 36 63 3 6 75 2 72 61 43 36 56 51 2 31 76 31 76 73 57 30 75 63 6 63 54 52 50 8 50 2 37 64 30 10 34 65 54 72 31 48 6 8 5 80 57 30 30 5 42 39 74 37 8 0 65 49 4 8 54 68 78 37 2 63 3 48 77 37 65 36 8 42 45 30 5 45 6 46 56 59 39 30 3 49 8 8 51 53 3 73 56 52 30 30 35 3 46 74 10 42 67 47 79 50 30 9 34 59 75 58 50 69 30 30 80 65 66 58 39 38 64 10 60 10 35 65 37 63 59 49 80 58 38 44 4 79 4 51
48 56 63 77 59 30 36 50 59 43 65 47 35 70 54 40 43 41 40 7 41 6 71 61 51 72 80 72 76 38 62 58 79 76 80 78 8 39 72 64 36 68 44 79 35 3 55 64 48 69 61 62 38 68 70 58 38 75 75 30 65 55 44 75 51 37 52 74 76 4 57 6 7 5 63 71 34 38 34 75 44 33 63 77 48 6 44 31 54 38 40 36 37 33 57 5 32 46 80 39 7 39 8 40 8 61 63 65 42 2 33 58 56 49 38 47 49 46 75 6 66 58 69 56 57 33 55 60 50 65 75 40 45 72 61 67 5 43 63 30 65 38 35 53 62 68 69 64 64 48 58 75 7 46 60 66 10 44 8 54 61 68 31 70 42 5 7 61 4 41 7 10 6 33 59 33 6 5 41 45 3 45 48 54 9 46 52 77 35 66 80 5 71 78 79 51 10 76 51 54 36 33 54 34 65 57 8 80 72 77 60 32 54 62 53 58 62 60 80 8 55 10 43 50 61 71 53 3 62 76 45 34 73 78 65 4 49 7 36 67 59 59 4 3 65 45 71 63 52 75 58 54 71 60 71 67 65 32 45 51 2 70 53 7 66 68 0 48 41 56 47 47 55 46 43 67 30 3 42 48 58 69 74 67 7 31 46 68 69 75 60 56 8 70 50 37 64 55 60 49 34 60 40 2 58 46 3 40 73 49 62 8 64 69 77 65 10 38 69 48 7 49 51 34 65 51 76 7 33 4 58 73 50 39 58 34 51 78 35 67 4 65 58 7 51 34 65 78 59 73
70 37 45 63 53 76 50 3 9 70 72 38 41 37 79 8 62 73 47 50 3 79 4 63 8 61 59 75 73 48 61 46 76 5 43 3 74 9 37 57 71 40 5 10 54 38 7 37 50 32 65 4 52 9 9 59 75 79 80 35 6 64 73 51 75 67 44 35 8 79 69 70 80 64 31 45 56 53 43 66 30 33 67 6 32 43 42 76 70 8 30 3 67 38 4 36 60 39 7 64 77 2 37 48 71 77 9 4 3 44 43 5 68 59 66 45 3 4 71 63 7 36 37 74 7 37 5 5 10 66 53 10 67 65 63 55 38 57 46 79 55 39 3 74 67 3 53 76 70 67 71 68 58 32 52 52 72 5 30 50 66 8 7 8 58 45 52 36 34 73 76 66 35 58 6 41 53 63 64 57 59 77 9 3 65 10 79 51 37 10 57 35 33 41 56 48 47 68 7 57 50 3 54 6 33 52 75 30 38 5 75 9 7 30 48 50 2 31 3 65 10 69 78 9 74 65 54 34 74 39 6 39 10 71 76 72 5 71 38 73 47 58 35 45 35 40 33 39 76 80 50 32 69 34 41 69 74 3 56 52 77 4 54 79 65 45 37 0 73 53 47 69 2 42 34 66 73 36 6 45 7 44 30 80 30 2 52 76 75 3 62 2 42 4 55 9 63 38 8 34 71 63 68 39 63 51 67 71 69 32 38 40 51 4 40 67 55 52 55 32 67 70 7 7 41 10 55 44 80 48 76 8 45 50 6 34 38 35 72 31 60 8 7 33 10 79 74 36 39 51
54 58 49 39 10 74 78 32 59 68 70 2 42 64 76 73 54 7 69 75 56 56 79 30 80 42 76 38 75 31 8 7 49 32 79 75 57 60 52 8 69 10 54 48 9 33 54 7 52 2 4 61 59 42 69 66 57 6 4 42 53 9 75 80 57 31 50 57 58 39 3 69 45 41 32 7 44 75 2 4 8 54 46 75 63 38 10 5 63 53 10 62 33 42 35 60 52 52 43 66 30 75 46 68 38 51 47 46 78 80 9 44 58 50 48 60 65 54 42 43 60 62 64 53 46 78 43 42 37 2 70 63 7 5 6 79 57 7 73 47 6 48 66 2 40 45 44 37 52 8 8 9 58 80 51 79 43 58 64 36 32 35 52 70 41 56 58 41 33 4 38 35 59 2 51 4 35 71 52 78 61 4 73 61 43 57 42 74 58 72 6 67 6 8 35 40 72 8 45 36 69 79 40 51 3 47 60 63 75 78 55 55 49 38 4 3 39 3 30 57 69 33 40 34 7 61 79 54 75 55 78 51 38 42 5 50 35 38 60 4 56 10 73 46 49 9 47 75 54 60 60 62 5 9 6 48 52 32 30 3 43 42 31 62 5 9 38 50 0 2 66 49 38 53 8 50 8 59 62 69 65 73 6 73 66 63 8 43 5 55 36 78 52 77 3 51 4 5 38 41 6 52 61 38 49 34 36 3 31 51 9 30 30 63 38 64 62 10 46 55 54 63 66 68 76 47 49 53 58 74 69 77 37 5 73 10 57 70 46 38 44 37 34 57 41 64 3 40 10 60
47 58 79 73 2 34 46 36 77 54 76 7 57 78 74 39 33 3 30 71 37 35 60 51 37 56 77 41 52 78 9 4 75 35 63 41 73 54 38 8 64 10 74 39 4 79 61 8 50 7 3 48 36 50 61 62 50 5 7 55 39 8 48 69 56 75 48 34 69 55 4 80 69 41 30 3 32 63 7 2 5 65 50 43 32 62 10 9 34 52 6 63 38 61 50 46 70 54 58 37 70 55 34 68 62 63 30 77 54 64 5 63 46 33 58 54 35 76 58 70 69 50 37 39 30 49 78 30 59 4 32 69 5 9 8 31 69 9 52 35 5 72 31 10 36 53 75 35 70 3 5 5 66 75 39 73 45 39 42 49 72 37 51 64 46 68 43 52 50 2 39 40 74 9 44 6 59 54 57 71 52 5 40 42 54 71 67 46 41 39 3 71 5 7 37 53 69 5 41 39 33 30 50 46 4 39 70 68 30 51 80 68 56 71 4 3 41 5 54 44 72 43 73 79 3 32 69 40 42 36 49 63 78 49 4 73 48 74 44 2 80 2 54 70 47 8 63 55 42 76 54 44 10 7 9 38 72 51 66 4 30 37 78 64 6 10 61 39 2 0 44 39 33 67 10 74 4 31 73 64 69 66 6 61 49 60 3 58 10 69 47 33 72 67 5 79 3 9 57 65 2 72 52 60 49 49 49 5 49 54 10 58 73 46 71 51 51 6 52 65 48 42 47 79 56 50 32 67 80 79 62 65 72 5 60 6 53 55 31 47 33 41 80 45 46 36 10 32 7 58
9 9 52 55 65 32 47 34 79 8 70 59 43 74 5 37 78 37 49 32 30 69 63 59 52 5 79 41 7 10 40 79 50 42 42 72 69 70 9 43 6 46 60 67 77 55 63 31 2 52 49 47 63 51 48 4 69 78 78 9 73 56 69 43 9 3 57 54 67 39 46 51 52 44 2 32 9 42 34 60 56 32 56 47 9 45 35 47 8 58 62 34 5 49 44 38 2 41 60 72 59 60 75 32 37 44 79 47 33 62 34 79 7 43 76 5 57 30 4 69 66 57 55 6 33 7 75 39 61 47 5 56 39 72 58 4 61 66 2 3 64 10 53 68 5 39 8 10 7 73 72 71 45 8 2 34 78 53 65 3 3 41 79 40 66 41 73 7 56 46 76 48 67 34 61 65 51 54 32 10 60 73 71 54 63 70 10 5 6 59 65 43 75 74 69 8 60 62 48 10 4 71 6 64 49 2 43 5 8 56 45 75 34 55 31 51 54 65 72 78 73 75 73 80 77 60 10 58 2 2 34 2 48 37 68 58 74 45 9 34 65 48 57 79 9 71 47 5 67 71 63 34 69 45 74 4 45 78 5 75 64 77 6 59 58 38 78 50 50 42 0 6 62 9 60 74 59 33 60 4 38 77 46 5 77 57 38 3 79 40 8 60 43 64 70 34 69 47 74 10 58 43 33 45 66 2 45 33 4 55 78 62 6 55 9 2 62 50 69 71 45 79 51 75 3 71 39 70 9 73 69 33 8 32 48 75 60 80 4 7 43 35 30 71 80 7 45 6 61 7
3 10 79 43 75 34 46 40 58 6 75 48 41 67 5 45 52 34 77 34 69 61 57 59 47 10 33 51 3 10 40 70 40 57 37 37 55 38 10 62 2 59 65 77 71 59 49 32 5 38 63 60 52 53 67 8 78 61 58 9 54 75 65 33 9 7 67 59 77 42 65 78 76 35 8 30 10 73 69 30 58 42 47 59 3 35 67 38 10 80 34 67 9 76 44 79 10 68 34 62 76 44 73 52 40 61 60 50 39 74 43 70 4 52 46 4 33 74 5 51 77 59 56 5 76 8 77 79 69 32 10 54 70 74 52 4 43 55 2 9 32 8 36 35 10 69 6 4 9 59 69 30 36 9 10 53 52 57 33 10 10 66 40 52 47 72 31 10 67 60 60 69 76 74 55 44 38 41 66 7 69 49 59 79 49 80 9 6 8 44 58 55 80 32 56 10 53 79 75 2 3 39 6 50 49 9 35 4 8 60 35 43 72 53 79 42 76 73 70 51 73 46 69 33 42 76 9 71 4 6 78 2 60 54 61 33 31 72 3 63 76 51 46 41 8 62 60 9 48 74 47 36 32 64 30 9 78 56 6 37 48 66 10 62 60 45 49 68 41 32 10 0 68 3 75 42 40 37 48 3 34 77 71 10 56 67 60 10 80 78 9 78 65 58 50 72 37 37 64 7 54 78 70 37 48 5 52 63 4 64 40 68 7 71 5 9 37 47 56 39 36 68 61 51 3 41 53 78 8 67 42 74 9 77 74 56 69 65 8 6 49 38 56 74 79 4 64 3 46 9
68 64 40 55 61 33 62 10 9 38 47 70 30 68 58 9 75 61 54 65 5 66 6 78 4 46 48 30 69 67 68 46 71 10 46 2 38 10 30 45 74 32 9 6 68 47 4 46 36 59 76 8 74 2 10 59 76 70 31 66 9 30 34 31 54 51 41 51 9 40 33 51 40 80 60 38 54 72 68 58 66 56 47 10 41 57 47 34 42 2 39 7 52 52 5 71 70 63 6 70 50 7 37 35 48 58 8 6 10 54 42 8 68 63 80 68 8 8 48 49 5 52 47 77 9 69 2 7 2 63 68 10 52 80 75 61 56 43 38 38 47 80 7 67 62 7 36 36 73 77 37 36 80 50 68 75 56 2 77 36 44 9 4 10 64 47 31 76 57 44 38 30 53 49 10 37 46 65 30 37 55 72 5 7 77 3 66 36 53 7 36 59 79 58 53 34 43 47 3 50 57 9 75 7 64 70 52 71 64 9 49 4 5 43 60 55 3 66 5 35 2 36 69 9 69 73 40 39 48 53 8 57 3 41 34 36 2 57 64 57 79 69 44 52 53 76 74 35 35 80 76 38 43 70 53 69 57 7 74 61 35 4 30 44 32 34 48 3 51 37 54 38 0 33 44 41 71 64 5 50 9 70 41 34 32 5 66 72 37 3 61 7 73 9 49 3 55 66 8 80 34 32 49 74 72 51 71 73 40 71 69 67 36 2 46 63 59 30 70 80 53 73 2 6 76 4 60 68 76 38 39 2 51 51 9 33 44 45 72 40 34 8 10 64 10 59 55 67 62 61
4 3 70 80 66 50 51 57 37 3 72 45 63 69 9 35 58 37 67 78 67 68 32 36 57 8 48 34 5 7 80 33 52 64 73 68 55 31 7 30 7 63 47 60 56 65 41 35 7 31 50 65 36 52 70 3 66 39 64 8 69 40 57 60 9 4 39 78 49 33 55 44 64 41 7 64 10 32 63 48 76 58 48 42 6 47 49 68 5 68 46 69 7 75 49 38 9 48 80 72 52 56 43 70 74 43 43 80 58 77 51 74 10 45 80 8 74 41 10 68 30 32 56 5 62 4 39 47 50 65 9 65 56 61 37 9 44 54 8 4 70 9 75 32 8 33 6 4 7 66 35 33 70 10 3 79 49 41 65 5 10 65 76 47 62 65 50 5 34 75 49 32 61 75 47 47 36 78 30 10 71 49 80 30 37 34 2 7 7 31 38 60 49 61 35 9 60 33 49 9 9 64 5 61 31 7 49 6 8 58 78 37 78 41 71 38 31 40 50 73 37 67 79 30 66 70 7 49 9 7 59 7 49 70 79 48 34 74 6 48 73 64 46 57 3 78 44 10 70 47 43 54 80 41 57 2 54 44 7 59 65 43 10 43 75 76 57 63 42 66 7 6 40 0 72 70 32 46 41 3 60 60 77 2 45 64 67 10 56 62 3 32 48 59 47 38 52 31 31 2 74 65 66 48 34 2 54 60 3 68 79 72 10 80 7 3 45 34 57 37 34 47 54 79 3 68 62 36 10 30 75 52 2 30 79 43 76 37 4 9 39 72 60 67 78 9 45 9 75 5
42 78 31 52 8 65 78 72 45 31 74 4 43 53 35 33 63 4 46 62 66 78 54 75 50 30 31 65 73 50 10 7 70 73 55 80 44 75 69 6 39 8 58 45 10 31 71 4 34 10 7 68 74 41 37 65 38 2 8 52 75 5 65 41 72 40 50 49 39 56 9 32 61 65 51 6 62 53 10 2 3 61 74 71 68 31 5 10 38 39 10 45 61 60 59 73 78 70 60 50 50 34 31 45 40 80 50 37 65 52 5 74 77 39 36 72 34 46 33 49 61 53 72 73 58 76 69 45 35 9 35 31 5 10 9 51 69 2 32 65 3 42 37 6 69 30 56 68 66 5 4 3 65 68 59 66 46 61 69 59 67 30 57 72 60 59 57 69 39 6 37 67 55 5 44 6 45 66 55 42 41 3 67 68 31 37 66 62 67 45 3 62 4 2 48 44 51 9 42 71 48 30 58 52 2 68 30 46 77 60 57 68 55 41 3 3 67 7 53 53 75 72 76 59 10 36 72 34 71 68 35 68 61 49 3 46 52 72 37 8 48 3 46 38 60 10 69 69 68 49 76 75 10 9 6 58 79 75 55 10 75 61 75 77 2 9 42 63 8 5 78 30 58 59 0 47 7 35 60 73 35 55 5 39 33 57 3 43 3 47 40 55 72 56 2 39 10 8 61 41 7 44 33 52 49 69 56 2 68 30 9 64 46 72 31 65 77 10 31 78 80 74 59 52 51 48 35 52 52 74 72 30 58 2 62 2 80 30 75 47 72 75 75 33 66 75 7 77 3 56
79 52 2 3 40 7 4 43 77 52 3 51 9 7 63 48 4 60 6 76 40 35 42 8 74 62 5 2 72 53 67 73 10 66 5 74 47 80 65 38 34 31 80 53 33 37 42 31 80 38 63 30 9 73 54 78 6 51 42 78 67 40 10 4 70 43 6 4 67 78 78 79 66 51 42 80 80 10 42 35 71 10 7 62 79 57 55 52 57 50 39 31 56 2 48 58 76 6 72 7 76 59 46 9 60 10 41 67 68 33 69 63 65 3 4 37 43 72 75 80 67 10 10 69 69 62 42 54 30 58 35 61 66 66 39 37 57 53 46 78 59 34 32 59 36 32 36 43 42 52 75 66 68 60 51 2 72 64 69 55 68 36 33 55 2 31 46 33 52 66 41 32 34 32 53 77 52 77 10 32 75 59 56 78 39 80 38 75 44 63 80 51 57 63 2 59 49 36 68 77 64 49 60 79 75 48 45 47 73 56 9 30 77 5 55 32 73 41 30 34 55 34 9 44 54 3 71 62 36 50 51 31 36 7 31 48 66 48 42 71 3 48 41 50 45 44 10 58 8 7 7 3 71 62 31 41 2 45 32 45 57 51 75 46 78 59 53 64 40 67 75 36 35 49 70 0 69 51 63 63 63 7 36 42 79 75 30 74 62 33 49 47 56 30 33 76 54 49 48 72 52 2 8 48 4 56 43 60 32 7 79 50 80 64 40 49 57 56 2 9 72 8 51 63 30 77 6 46 57 34 5 32 59 63 55 41 9 5 54 57 74 50 75 66 69 32 58 67 31 45
59 69 31 62 7 70 56 75 64 39 64 8 47 47 74 34 73 6 63 45 78 55 70 35 75 80 76 41 34 53 7 10 38 62 50 52 62 42 52 6 51 3 43 49 4 58 63 3 35 10 3 35 61 41 53 52 56 10 2 50 46 10 62 60 48 41 59 53 65 74 7 73 79 39 55 5 54 54 6 5 10 53 37 37 47 68 8 10 36 57 10 36 47 49 42 31 66 72 78 44 41 76 42 64 67 36 32 73 32 36 6 36 63 78 67 38 56 73 30 66 66 48 69 52 76 74 36 37 61 7 58 67 10 3 4 52 32 9 33 56 8 71 65 3 51 53 63 54 46 9 8 8 43 30 66 54 49 46 79 49 50 50 58 79 45 30 59 65 33 10 77 60 38 8 68 2 40 58 34 37 46 9 45 45 55 75 32 63 47 31 9 57 2 2 52 66 76 8 52 75 72 54 61 30 8 61 54 67 62 48 51 56 77 59 6 5 53 4 30 62 30 67 33 36 3 38 78 74 36 69 65 38 63 34 5 72 78 56 74 7 36 4 69 48 43 2 50 46 35 62 57 77 10 3 4 39 32 36 68 4 30 31 47 60 7 2 52 48 4 9 37 76 80 80 6 74 0 58 35 70 79 72 10 80 51 75 2 38 9 45 34 31 45 72 4 59 3 8 34 70 9 69 49 54 62 48 37 4 58 30 6 53 46 77 33 30 33 4 30 58 41 65 47 57 58 62 75 30 49 76 74 51 32 7 63 4 66 48 78 48 46 45 45 72 68 45 8 80 3 41
65 45 49 64 78 38 34 72 32 51 44 37 41 35 67 50 62 59 73 6 50 4 50 32 75 53 40 46 54 79 67 69 59 70 69 56 2 42 36 78 30 62 61 73 47 5 64 76 79 57 31 32 68 60 47 77 32 37 45 60 79 71 63 52 77 64 56 64 45 4 75 5 7 3 36 61 35 50 80 71 60 34 78 30 79 5 48 45 48 63 77 66 74 51 49 4 59 56 51 43 7 64 8 68 2 34 68 47 34 10 64 53 32 72 35 49 45 32 69 5 73 54 73 47 46 51 42 57 55 80 33 71 65 47 65 47 2 63 61 72 62 80 38 69 35 36 39 33 60 79 48 73 7 77 47 69 3 61 5 46 41 48 76 76 66 5 8 33 4 33 10 8 5 50 70 43 6 9 52 72 2 68 56 75 8 59 63 49 43 58 71 8 39 30 61 40 10 59 40 70 33 37 64 80 50 30 5 31 35 76 41 60 51 46 52 69 40 65 33 6 54 4 63 63 67 78 75 4 38 56 45 68 61 61 56 2 46 5 63 79 35 68 10 7 52 62 53 68 59 41 55 65 57 59 54 30 45 45 37 73 4 41 53 9 54 40 8 47 66 69 47 75 31 45 30 67 56 0 36 36 48 56 45 45 2 68 73 71 71 39 70 57 9 68 41 57 48 41 71 72 51 75 32 7 30 69 8 73 36 71 48 10 48 41 55 49 10 80 57 50 7 71 72 46 35 39 56 6 36 10 44 71 41 64 42 60 44 52 47 71 10 61 42 3 59 71 40 47 76 53
61 38 77 30 50 49 38 4 8 69 42 51 32 59 36 6 32 80 79 72 3 65 3 35 6 76 31 56 50 59 78 78 69 8 71 6 61 8 65 76 62 42 3 10 69 30 9 78 76 37 79 3 69 3 6 63 40 32 78 50 4 74 37 53 43 33 62 61 2 72 66 32 75 58 52 57 39 76 54 53 50 69 54 7 57 68 40 49 75 6 76 8 53 31 7 37 78 42 3 58 37 7 36 42 70 79 6 3 2 38 72 2 77 52 67 63 4 9 30 68 10 61 72 37 7 37 4 4 8 58 46 2 65 33 70 57 30 69 68 79 33 70 5 65 48 3 48 32 68 44 62 49 76 30 45 79 45 10 44 72 67 3 5 7 41 44 59 68 57 68 69 64 57 40 3 66 68 36 64 43 80 40 2 3 36 3 39 48 30 2 45 43 76 43 77 35 75 51 7 61 55 6 51 7 47 59 74 60 73 4 41 2 7 35 80 30 10 65 5 51 3 34 62 6 58 65 68 52 57 39 4 46 3 52 38 66 2 32 45 64 64 40 49 37 67 41 42 42 78 41 42 60 61 78 41 57 62 4 32 38 55 10 71 36 45 65 52 10 69 37 43 45 6 62 49 43 46 33 0 79 8 60 55 38 67 8 33 56 32 8 30 9 79 9 72 10 78 44 9 32 38 59 30 49 56 73 70 60 41 58 58 58 31 9 76 74 33 31 63 63 66 45 7 8 74 7 46 57 56 62 63 4 36 66 3 31 39 58 48 73 53 5 10 64 10 31 62 31 56 46
6 2 33 78 31 78 31 52 72 6 64 36 56 39 5 33 55 36 47 45 55 35 45 76 67 4 79 63 9 10 69 62 51 66 42 52 45 75 10 47 4 37 44 33 53 55 71 73 5 47 72 79 41 74 75 9 53 49 42 5 45 54 52 65 10 8 52 43 40 49 47 71 59 66 8 65 5 33 35 51 69 34 30 77 9 66 47 72 5 75 45 63 10 61 49 64 9 42 38 44 71 62 70 44 54 39 35 38 44 46 78 59 2 55 67 10 44 43 3 52 55 70 70 3 45 6 48 55 39 30 3 75 67 47 40 10 35 79 9 9 74 3 48 57 6 53 2 6 4 37 62 59 53 2 6 64 42 30 44 8 10 39 61 73 66 42 73 4 61 62 65 66 66 42 73 44 70 52 37 7 77 31 34 47 49 71 8 7 5 68 52 60 55 64 54 2 78 39 35 2 3 75 7 70 32 5 49 2 6 34 72 32 68 50 30 63 77 46 72 72 43 69 75 63 42 57 4 43 10 2 42 7 49 59 53 76 48 64 2 35 78 66 42 49 4 61 75 4 58 55 56 76 68 76 79 8 78 47 7 69 67 69 8 75 75 60 44 31 65 78 3 8 73 7 72 76 57 37 34 0 79 67 61 2 73 30 33 4 53 70 7 76 78 39 56 57 71 56 77 2 59 56 68 46 53 5 69 30 10 44 72 55 7 55 2 10 66 48 57 41 54 39 50 42 4 75 78 62 3 54 62 66 8 78 78 48 46 47 10 3 72 51 71 36 36 8 36 8 48 3
78 31 63 40 69 36 58 2 10 55 46 67 55 47 55 3 58 76 55 42 7 68 3 38 10 61 38 74 66 50 46 62 62 3 32 2 54 4 73 64 72 33 6 4 64 33 7 36 32 48 64 4 48 8 8 32 60 48 74 45 10 69 80 69 64 35 57 40 6 59 62 69 55 34 50 36 39 73 47 50 76 68 37 9 46 37 69 33 57 9 45 2 60 57 6 50 67 40 7 31 49 6 40 43 74 58 5 8 4 74 72 10 54 57 80 79 8 6 64 51 9 39 51 70 10 65 7 4 4 33 36 8 46 66 64 49 47 64 33 33 49 75 9 34 53 8 40 70 72 67 33 44 53 37 61 40 80 9 48 77 31 3 3 2 62 41 58 61 44 75 53 74 71 80 2 31 71 70 31 47 36 36 4 6 73 3 47 74 43 5 30 43 54 50 77 70 78 46 3 72 55 2 43 5 55 38 53 45 61 4 72 10 3 61 47 75 3 74 4 36 4 73 55 4 42 32 73 52 33 57 9 56 7 55 71 80 10 54 74 42 44 69 46 59 44 62 59 30 59 62 34 44 53 58 45 66 55 5 32 68 75 4 52 72 74 38 61 3 50 44 41 77 5 57 79 61 31 74 6 49 0 68 35 41 72 4 45 30 43 6 78 4 36 8 77 4 55 65 7 75 75 80 34 80 73 35 46 45 43 44 38 76 33 4 46 48 61 70 43 77 75 41 8 6 36 4 61 80 63 50 40 6 45 30 8 59 30 54 69 54 40 3 3 50 9 52 75 36 49 47
58 48 5 7 53 6 6 61 70 57 4 57 5 6 59 68 7 39 6 43 67 49 75 5 61 62 5 7 49 41 35 53 2 41 5 44 58 55 30 66 41 78 74 59 38 52 51 45 52 61 46 42 9 58 30 40 6 74 45 71 72 77 6 4 71 56 5 5 71 38 43 61 66 35 38 40 33 9 73 45 73 10 8 31 57 43 31 30 32 73 60 40 62 6 33 68 72 9 67 10 54 45 59 6 41 4 80 56 31 80 61 53 36 8 3 39 60 67 67 66 30 9 2 67 47 60 49 65 76 47 50 59 59 42 36 59 48 59 66 62 60 57 39 69 57 60 39 41 65 43 51 64 41 38 53 10 65 58 80 80 34 49 56 49 5 46 38 30 62 48 65 57 31 62 30 68 65 31 7 73 39 38 44 54 48 40 63 40 64 38 51 73 67 30 9 73 57 49 79 67 35 80 37 38 75 55 59 54 72 66 6 67 67 8 54 48 80 75 74 74 37 67 9 39 77 2 73 50 57 40 67 70 74 8 41 54 54 35 34 80 8 42 56 30 49 35 10 59 10 2 2 7 61 57 63 80 5 52 53 44 58 59 68 58 53 79 46 49 49 64 60 39 57 71 51 3 75 66 53 70 57 0 31 61 36 56 72 54 65 59 79 44 55 52 50 49 70 70 44 72 37 7 7 38 4 42 68 50 40 7 75 59 55 44 67 61 33 36 4 4 61 5 60 69 59 79 2 55 44 50 6 56 31 80 59 60 7 2 53 74 32 43 41 80 48 62 78 60 39 55
48 46 71 31 8 70 41 53 71 42 69 3 57 57 70 40 79 6 68 80 77 50 71 47 57 74 80 39 73 78 8 4 69 66 39 60 47 64 43 5 47 5 37 73 4 52 41 2 76 2 10 31 54 67 38 77 77 10 3 48 57 8 75 52 52 71 61 51 57 32 6 59 62 77 58 7 69 58 8 6 3 71 56 37 43 36 8 8 58 48 7 42 44 62 61 47 47 33 70 74 46 61 42 72 63 48 77 44 69 57 7 37 30 37 33 32 55 41 65 52 33 53 30 66 34 74 80 33 79 6 42 61 7 9 3 37 61 9 48 61 5 40 78 5 41 76 75 61 77 2 3 9 80 65 52 52 80 51 68 60 52 79 80 59 79 39 51 47 42 7 58 45 53 9 79 3 37 33 31 49 45 2 49 30 64 50 64 40 71 77 2 31 5 10 42 68 65 3 37 46 62 47 54 50 7 49 75 60 48 43 47 62 73 80 5 7 60 3 36 69 32 47 53 71 9 74 71 80 61 70 74 62 48 52 4 43 46 37 53 2 30 9 75 57 76 8 54 58 71 38 44 32 3 4 7 46 62 35 49 3 70 48 68 78 2 8 40 62 9 10 63 80 71 55 5 51 4 74 46 58 49 51 0 56 75 57 2 31 2 30 49 37 54 64 3 79 2 3 78 37 8 76 33 53 78 56 52 4 46 43 9 33 72 70 61 54 63 3 41 74 65 71 31 76 75 46 72 78 47 36 50 38 74 2 34 3 39 55 45 43 34 42 71 37 64 38 2 67 10 77
3 2 65 71 69 76 58 69 57 2 51 79 66 55 10 69 62 40 60 62 58 51 34 73 42 6 32 71 2 4 68 44 35 72 34 44 76 44 7 37 9 68 44 49 66 71 79 73 7 64 36 47 33 48 58 3 51 55 64 2 54 57 33 41 4 3 37 61 51 73 34 72 31 35 2 50 4 67 33 71 70 45 34 30 7 67 50 57 6 45 46 64 4 62 36 49 5 77 54 69 53 62 73 38 62 49 54 76 75 42 50 73 10 38 33 9 30 46 4 30 67 65 35 7 36 5 65 43 71 60 4 65 33 31 54 8 71 40 3 2 47 7 50 74 7 34 7 5 10 52 31 80 32 4 10 43 36 74 54 6 4 69 48 59 53 38 62 4 50 30 31 47 34 79 41 32 54 42 63 8 72 77 38 41 34 43 10 10 7 61 60 80 64 47 30 2 71 72 69 8 4 76 4 41 38 9 80 5 4 65 45 68 57 47 76 60 78 30 72 56 71 45 63 79 56 68 6 38 8 9 52 9 42 39 38 60 48 63 6 57 30 62 71 56 9 80 53 10 33 33 64 78 51 42 45 4 40 56 10 48 42 36 2 34 43 63 75 58 35 70 7 6 56 6 68 75 65 42 57 8 64 35 31 0 65 75 78 5 45 39 6 56 37 79 72 62 39 75 38 2 64 48 30 55 37 5 43 37 10 33 63 73 6 78 10 2 76 63 53 38 57 39 54 44 8 59 63 42 8 62 74 76 5 78 60 72 37 42 6 5 52 30 38 72 31 3 69 7 32 10
69 38 67 53 49 56 31 54 55 79 62 67 31 53 53 35 46 51 40 5 30 9 42 72 64 30 64 68 46 65 43 73 51 58 35 70 6 63 55 38 60 60 70 61 74 3 75 63 47 53 44 42 51 57 66 73 65 62 50 55 60 66 51 80 41 79 37 63 76 2 78 4 9 9 67 56 80 54 74 79 38 57 74 47 32 7 39 54 70 67 78 39 62 34 32 5 54 63 55 31 3 54 7 37 8 36 62 51 54 6 69 32 38 80 34 60 45 75 79 2 80 49 61 62 66 36 55 78 39 42 75 57 56 61 64 53 7 62 32 61 61 44 78 39 65 69 53 74 39 53 61 58 7 40 71 40 3 63 8 76 79 45 61 51 73 8 8 61 7 33 5 3 10 36 34 39 7 2 75 71 6 77 70 66 3 30 65 38 49 57 41 4 31 41 61 46 3 53 61 57 48 37 43 30 33 67 6 57 79 50 57 61 54 65 50 45 31 65 64 9 30 5 59 62 72 76 68 3 30 41 40 48 80 52 34 6 69 2 47 69 79 41 8 7 45 32 67 70 67 46 62 48 63 59 40 50 63 31 44 53 10 32 72 10 42 46 6 64 67 65 79 33 78 59 41 80 34 7 58 53 70 73 37 68 0 42 76 31 48 71 59 68 8 67 37 65 30 68 36 31 60 55 39 8 72 80 8 69 69 72 47 10 56 66 56 61 3 65 66 33 2 35 66 60 62 53 75 3 37 4 58 58 72 40 66 47 35 40 52 62 7 79 75 10 69 55 37 34 79 61
55 80 64 33 55 54 80 10 2 56 61 72 62 67 32 3 44 78 30 36 9 55 8 50 5 77 58 73 52 38 46 75 72 6 30 8 70 2 75 64 46 57 2 2 76 52 2 66 50 55 35 10 41 4 2 44 78 65 62 76 2 70 49 71 63 69 41 51 10 79 33 56 78 32 41 55 75 78 45 69 65 41 61 2 47 70 75 61 45 3 35 6 41 74 10 47 46 35 9 75 73 6 61 55 41 39 9 8 5 78 52 4 48 61 62 61 2 7 66 47 10 68 60 43 7 63 5 6 10 75 52 6 75 69 53 46 72 71 80 36 78 40 4 65 64 10 46 58 34 44 64 39 37 32 47 58 61 7 67 33 54 5 4 3 63 66 73 52 63 37 70 33 57 53 4 51 64 45 56 38 76 36 2 2 60 3 78 41 32 8 64 36 62 48 79 44 64 79 3 42 38 7 75 4 63 31 44 54 57 9 44 7 8 71 62 67 4 67 4 35 3 67 54 3 52 75 45 69 42 34 3 52 2 64 31 65 8 45 40 66 30 59 53 32 36 47 50 64 42 50 52 73 57 53 78 71 62 9 48 68 62 3 58 59 51 40 55 3 59 45 76 53 7 50 42 78 43 59 7 39 4 74 64 34 51 0 65 34 77 5 39 7 39 3 43 5 75 64 5 33 50 57 43 33 61 40 69 41 38 54 34 38 47 6 65 31 31 41 48 66 31 51 9 8 68 6 30 41 53 41 76 9 51 54 3 34 70 57 40 59 44 2 5 57 3 67 42 65 53 49
43 68 53 49 9 51 46 55 80 65 47 7 73 35 74 44 67 10 41 59 54 37 30 48 51 30 53 59 72 31 10 5 53 39 43 36 58 62 80 4 57 2 55 34 8 38 31 5 68 5 5 65 56 73 37 70 59 10 6 33 65 10 58 66 76 44 39 33 38 36 7 53 65 64 80 4 36 33 7 4 7 77 76 64 35 69 9 7 42 45 2 70 32 41 55 69 47 72 50 42 75 36 39 51 43 44 46 61 31 78 10 65 77 76 72 57 40 39 79 36 53 70 71 42 55 33 71 31 55 10 74 37 4 4 9 76 37 8 50 40 3 58 60 9 51 59 57 52 40 4 7 10 32 35 45 46 52 47 63 80 35 39 66 64 32 61 35 59 52 3 77 55 49 8 56 8 63 68 56 74 35 6 78 55 78 30 73 75 40 47 10 65 10 7 70 45 43 2 32 41 40 77 50 39 10 32 30 74 49 55 57 39 49 75 8 3 79 4 72 32 40 38 35 41 7 33 44 54 36 45 59 38 30 50 8 38 45 59 64 10 44 8 60 56 33 10 80 50 65 33 77 33 5 3 2 79 58 38 65 8 36 53 44 54 8 2 55 59 4 6 48 44 46 68 8 39 7 33 44 31 31 61 6 59 66 59 0 68 4 60 49 74 51 49 10 70 9 4 54 41 3 75 34 70 31 31 70 8 37 60 6 62 37 48 58 40 73 8 64 45 44 42 45 33 75 39 52 40 57 69 32 72 65 3 68 8 71 45 33 48 32 54 52 48 61 52 2 49 8 35
6 6 43 54 45 30 62 70 30 9 49 66 56 68 9 53 60 64 50 64 75 42 56 61 43 10 75 49 4 3 46 50 41 65 34 46 54 50 7 38 10 31 55 62 55 47 54 74 5 69 52 78 32 65 36 5 31 59 67 2 38 70 46 61 8 3 40 40 53 60 61 68 75 36 6 55 9 35 50 30 46 61 40 70 9 66 50 57 10 50 45 32 3 42 74 69 5 34 55 67 30 33 56 43 43 66 46 65 74 34 52 63 10 45 55 7 76 54 6 73 56 37 45 10 63 8 69 62 35 54 4 33 61 39 77 5 47 68 4 4 37 5 74 34 8 57 2 6 6 44 35 44 74 2 8 66 54 35 57 8 5 34 58 35 43 57 68 4 62 62 68 77 66 47 56 57 47 67 34 4 76 50 75 48 41 45 2 6 4 64 69 61 50 55 76 10 36 49 73 2 8 64 5 60 77 5 46 5 10 31 61 77 65 38 75 49 68 32 69 44 52 73 33 32 75 46 8 72 7 8 47 5 47 40 67 62 48 61 9 42 70 31 80 34 5 54 32 5 32 38 73 63 70 38 65 8 77 69 8 66 35 42 6 50 52 59 35 68 35 57 8 2 43 9 38 80 46 32 80 3 59 65 40 7 46 80 68 0 41 37 6 41 41 44 56 50 45 76 65 8 39 58 42 31 57 2 56 62 8 70 80 42 9 55 4 5 55 46 64 45 80 50 34 52 8 69 70 55 8 60 56 70 4 44 57 48 45 41 2 7 77 78 79 72 62 3 74 10 51 5
47 34 72 34 4 47 48 78 35 51 52 4 56 54 48 75 44 7 40 34 42 78 42 59 35 77 45 66 74 53 7 10 57 72 70 66 40 58 73 8 41 6 31 42 4 60 52 10 30 4 4 65 40 33 71 80 73 10 10 79 61 7 47 46 61 50 73 39 62 68 3 39 70 69 34 5 75 51 9 2 10 56 62 57 32 60 6 10 44 67 6 70 75 76 64 31 52 75 58 31 49 47 73 32 69 35 77 45 38 52 10 78 54 72 72 64 73 49 55 57 39 57 44 54 63 75 74 34 43 2 74 73 7 4 5 62 32 9 70 69 7 53 31 5 70 64 70 69 75 6 2 9 60 53 33 73 70 73 60 79 65 44 63 36 79 52 53 53 52 2 57 75 68 10 48 5 65 59 69 36 40 8 33 80 68 40 71 30 63 32 8 52 8 6 38 56 79 5 42 46 42 43 61 55 2 72 32 73 40 49 55 45 43 76 8 8 64 3 31 56 74 34 65 35 5 67 34 79 53 68 49 31 34 70 8 75 60 56 60 7 45 3 78 77 70 7 55 56 74 61 51 72 8 3 7 57 80 71 70 8 35 48 72 43 5 3 69 32 8 2 52 71 51 46 9 65 3 55 73 72 63 32 10 67 46 68 6 62 0 40 52 80 43 74 5 52 3 5 77 69 8 64 61 45 51 74 72 2 80 80 7 45 58 36 40 33 45 2 69 58 57 72 75 42 34 60 69 32 38 47 61 57 79 7 42 9 63 35 52 54 69 79 65 53 62 61 7 77 5 80
65 69 79 42 41 74 44 2 6 50 71 70 43 73 36 4 31 76 49 67 5 58 5 57 3 59 67 62 33 76 61 53 66 5 74 4 63 3 62 73 77 60 9 5 33 74 10 58 78 70 45 9 35 3 9 78 52 32 62 41 2 37 55 37 64 79 43 57 9 36 55 74 40 39 56 61 44 66 53 42 42 39 32 9 65 70 45 37 44 9 77 3 56 64 2 75 57 66 10 39 50 6 46 64 35 75 4 9 10 33 72 8 41 45 68 67 10 2 61 49 7 54 56 61 4 45 4 10 3 56 55 4 67 67 39 79 30 34 39 54 48 39 3 47 47 5 63 53 36 48 32 52 70 65 65 45 60 2 35 38 40 3 5 5 56 59 31 38 33 51 80 39 69 71 9 46 72 57 79 62 80 31 5 2 73 7 78 30 77 5 31 68 41 74 45 43 41 42 3 32 76 7 69 8 67 73 53 61 42 9 70 6 3 48 39 66 2 61 10 49 9 41 51 9 60 44 47 69 65 38 7 69 5 38 53 49 6 31 54 52 36 79 64 73 55 35 58 52 36 64 55 52 39 38 30 63 66 5 39 36 53 7 40 80 76 38 80 5 73 39 61 33 10 41 34 71 63 32 4 70 7 51 52 42 77 4 77 57 54 0 49 2 44 2 39 10 65 74 10 72 54 80 38 48 57 35 80 64 44 38 67 44 66 9 31 30 56 74 52 32 32 70 3 9 76 9 49 65 70 32 66 8 43 80 7 56 34 68 61 37 60 8 10 67 7 60 62 31 49 69
6 7 33 46 39 35 49 78 74 6 57 33 73 80 5 54 54 37 38 58 38 70 66 59 38 7 54 77 5 7 37 60 70 71 33 80 43 34 4 30 7 45 31 47 56 41 65 40 3 41 44 58 50 41 80 3 39 48 65 10 30 66 61 37 6 7 45 56 78 69 34 47 32 47 2 42 4 36 65 38 71 68 33 70 9 41 79 76 7 55 40 67 9 77 75 65 7 74 62 49 63 55 77 36 44 31 53 35 65 75 75 73 3 47 30 7 53 33 7 80 49 64 36 8 49 7 38 59 52 37 2 51 37 74 58 9 55 51 4 2 72 7 37 37 8 50 6 8 8 66 49 72 56 7 9 59 48 47 61 4 7 59 50 62 77 56 32 9 46 37 47 62 70 77 38 50 73 76 63 5 43 68 44 52 67 44 2 2 9 73 63 44 35 54 41 5 65 56 60 6 10 47 10 50 75 10 34 10 7 72 52 61 60 44 72 55 70 33 59 37 69 54 80 58 61 72 8 70 7 7 38 4 32 72 47 31 44 75 3 63 46 35 62 65 9 49 46 3 32 52 74 49 59 51 72 4 48 74 6 74 56 33 9 79 31 46 65 64 76 70 7 2 48 5 60 40 73 33 52 8 63 75 36 9 61 48 53 9 57 75 0 35 42 75 36 79 62 79 59 9 67 72 43 37 63 8 79 64 9 30 72 50 10 73 7 4 40 64 54 38 69 75 67 69 7 75 35 63 3 50 36 35 10 68 79 42 68 33 9 10 45 34 43 35 78 9 65 2 63 5
69 61 30 69 51 62 59 8 8 63 77 54 68 31 44 8 31 61 80 63 8 52 5 67 4 74 78 36 43 41 42 73 76 7 61 9 63 9 56 43 72 59 8 4 80 41 10 47 73 46 54 2 56 7 8 39 55 55 35 68 3 78 45 31 69 41 46 68 5 39 41 50 39 64 71 74 63 33 58 45 65 38 71 10 47 69 53 69 30 4 63 5 35 54 10 57 66 35 8 36 34 8 66 68 36 64 6 10 9 32 69 6 54 67 41 75 4 9 56 33 10 36 48 41 10 58 5 10 9 50 55 4 42 78 43 50 66 59 51 54 58 40 8 73 46 4 34 59 33 65 67 35 40 65 33 56 37 6 67 61 69 4 4 3 46 67 34 72 54 65 70 51 36 68 2 74 72 54 61 65 61 64 2 4 42 6 58 49 66 6 38 78 34 71 43 43 58 53 2 31 74 6 53 4 31 67 38 40 32 8 30 6 2 47 38 69 9 69 7 67 4 52 43 9 74 36 35 30 39 51 4 52 10 46 51 53 9 77 64 30 46 56 32 52 41 49 74 63 45 69 30 30 69 75 50 50 53 6 49 53 37 8 38 31 49 69 67 9 36 61 78 57 6 38 80 49 34 35 9 59 4 40 72 71 61 8 60 78 31 7 65 0 36 9 46 3 71 46 8 41 48 55 51 43 59 48 72 37 63 52 44 45 73 6 75 35 46 50 67 46 60 68 8 5 44 8 60 50 80 70 45 6 54 33 10 35 73 59 70 56 65 2 3 42 7 61 62 71 79 38
60 42 78 38 75 54 57 63 59 71 63 36 47 72 34 45 60 59 43 3 44 7 38 56 37 51 57 59 45 66 66 80 35 39 52 32 10 72 48 75 66 65 75 41 44 2 30 31 76 70 46 76 47 48 62 66 37 42 54 48 68 67 80 34 35 72 32 68 66 10 40 2 7 7 58 49 50 63 51 34 66 40 76 57 76 8 43 71 58 69 58 70 63 35 65 5 79 46 46 38 8 60 4 41 2 75 49 43 59 3 59 47 55 58 41 57 51 36 57 7 72 80 55 47 72 49 50 54 48 72 36 35 55 37 72 58 7 77 79 61 80 78 39 34 38 74 36 55 54 59 59 64 5 73 47 52 8 34 9 39 61 51 52 66 32 7 9 34 7 49 4 4 6 36 63 51 2 9 46 75 9 57 62 32 8 46 71 52 77 55 42 8 73 69 72 55 2 36 55 47 48 70 68 59 68 58 10 78 72 30 69 68 49 52 44 34 74 55 73 10 59 10 42 35 61 40 50 3 52 47 62 54 36 44 55 6 33 6 30 78 35 62 7 6 73 36 59 40 39 34 51 57 32 72 68 54 67 50 58 54 2 41 71 5 63 54 8 67 55 54 59 43 76 61 51 69 53 7 71 37 52 30 62 52 2 65 39 78 31 39 69 31 0 69 55 63 40 72 50 48 64 71 34 6 60 32 2 61 73 65 62 3 52 33 71 60 5 41 37 34 9 43 42 34 43 51 73 3 44 10 71 77 41 64 33 58 35 43 47 49 6 70 63 4 44 45 76 42 65 68
47 76 53 44 66 36 56 9 6 61 75 40 71 61 35 3 34 78 43 44 2 37 9 69 9 48 62 49 72 46 78 31 66 3 68 4 78 7 32 77 52 44 3 2 34 51 10 46 40 36 47 10 77 10 4 48 76 80 58 50 6 32 45 59 52 68 50 73 7 70 38 64 44 60 64 72 70 54 58 49 42 64 77 3 68 69 77 37 44 2 35 8 77 42 10 58 54 49 7 54 80 3 74 51 48 57 9 2 4 30 42 4 76 55 56 56 5 6 75 72 4 73 64 72 4 57 2 9 7 72 42 5 46 66 66 72 76 60 68 46 36 42 3 48 39 2 37 51 59 62 56 63 60 38 64 79 66 4 59 66 59 3 8 3 61 52 75 76 79 33 42 36 60 41 9 58 67 31 31 40 39 33 8 6 52 2 46 35 35 10 78 58 37 36 62 51 53 39 3 40 59 3 41 10 38 32 54 70 44 9 43 10 8 60 37 56 2 54 6 79 4 76 56 2 51 31 40 43 37 62 4 53 8 56 80 76 8 58 66 38 71 64 77 67 68 73 51 32 50 79 32 40 42 79 68 78 42 3 60 70 52 7 73 73 50 76 33 2 62 38 38 49 8 68 80 36 65 34 9 77 2 47 42 39 41 3 60 33 53 3 80 5 50 0 75 6 62 64 4 34 33 57 58 60 74 37 72 42 51 43 73 30 42 5 79 56 79 66 32 71 58 77 5 10 64 2 32 72 46 65 68 2 46 76 2 54 41 42 73 40 79 7 6 35 7 75 50 65 41 46
60 54 57 47 2 73 49 32 51 61 41 7 64 59 75 32 62 8 45 77 31 37 54 71 73 47 78 66 33 46 7 5 55 66 78 37 66 46 72 2 44 9 48 54 5 65 66 6 41 2 3 42 66 53 40 36 31 3 6 71 52 6 59 51 50 42 39 73 50 44 5 63 49 64 31 6 57 75 2 6 2 62 78 51 69 48 9 10 35 51 6 73 48 77 41 34 30 38 54 77 67 40 40 56 47 32 62 55 33 64 10 50 52 38 74 44 59 71 51 56 43 35 58 59 39 55 77 30 43 9 63 36 5 7 4 71 66 2 33 42 6 35 55 4 47 33 65 44 37 4 7 4 53 44 66 59 80 68 32 57 40 52 32 47 31 66 73 43 78 6 32 60 52 8 68 6 72 33 37 39 67 8 75 45 69 46 71 35 31 34 9 42 4 7 43 62 46 3 71 57 31 80 31 30 5 57 67 30 44 38 59 57 53 46 2 7 70 7 73 74 59 66 38 61 5 64 76 77 55 70 41 39 56 41 4 51 72 78 53 8 32 4 34 70 61 6 52 66 73 63 77 46 4 4 10 73 78 31 74 2 61 30 37 71 6 9 67 53 6 9 64 34 76 76 8 74 2 71 80 58 65 54 7 42 60 64 8 67 6 47 54 65 58 75 0 53 5 3 46 39 9 64 40 45 35 70 39 6 80 35 10 45 77 37 60 75 48 2 74 38 80 35 47 65 53 74 72 66 45 77 44 50 63 4 37 4 79 31 76 47 48 31 65 52 73 34 8 73 5 79
65 61 66 54 37 51 33 2 7 76 42 45 62 38 55 2 69 32 61 34 10 61 3 34 3 55 44 31 65 53 76 70 31 10 45 5 65 5 52 31 42 50 2 4 57 72 10 37 35 38 57 2 38 5 6 37 43 55 60 69 5 77 61 30 53 34 64 41 8 31 45 79 57 53 66 67 75 80 65 53 71 52 71 2 80 80 78 69 56 9 49 2 79 36 4 63 48 61 9 69 36 8 76 67 52 40 2 5 3 80 41 5 59 57 65 31 4 8 70 78 9 70 69 64 10 67 7 9 9 76 65 10 41 76 65 39 63 54 49 44 40 50 6 78 45 3 74 44 62 48 32 62 60 60 30 66 44 6 75 70 57 6 4 6 70 67 32 67 71 40 43 44 30 55 9 80 36 60 54 63 76 74 6 5 45 8 42 76 72 2 35 63 46 36 74 32 55 77 6 60 41 9 64 6 65 53 75 51 40 6 39 2 9 73 47 48 5 34 6 35 7 73 40 9 44 35 40 69 69 47 4 41 9 43 31 79 8 53 37 77 30 32 79 67 59 78 41 79 47 31 39 62 32 47 77 65 55 9 45 79 61 3 68 80 36 45 77 7 50 59 69 60 2 44 52 47 53 76 9 32 8 31 49 36 39 10 51 36 54 4 48 9 52 2 36 0 36 43 7 68 54 47 66 80 40 67 65 65 51 45 76 45 34 10 79 63 71 48 59 79 32 60 2 2 78 4 55 65 35 74 39 6 67 53 10 34 34 50 48 71 47 8 7 60 10 36 77 69 50 55
41 65 47 63 8 62 43 53 50 37 75 10 50 74 51 36 39 5 68 60 77 68 37 63 34 44 79 60 57 36 2 3 54 35 57 75 38 43 60 8 43 6 42 55 2 61 64 2 57 10 9 36 76 66 53 66 69 9 2 59 78 2 72 49 72 57 42 47 51 74 8 60 47 70 79 5 52 41 8 9 9 34 37 41 69 47 5 2 40 47 2 33 70 52 66 42 53 75 43 62 52 63 74 44 55 58 52 64 79 42 10 65 64 52 33 60 59 52 60 76 59 37 48 62 46 71 41 39 55 10 47 55 6 9 7 74 35 8 34 39 2 47 52 7 49 37 65 61 41 7 3 3 70 52 40 77 43 34 44 74 30 38 47 60 68 68 66 71 66 10 38 50 50 10 69 10 72 70 64 40 41 5 64 56 79 30 68 38 77 66 3 61 7 8 42 51 79 6 46 49 37 53 37 30 6 60 56 58 70 63 78 35 37 76 3 9 53 2 66 40 53 50 31 75 6 78 43 39 38 66 72 37 45 61 6 52 62 53 77 10 69 7 78 55 56 9 37 34 33 40 47 39 10 4 5 47 47 70 46 3 37 49 32 31 4 9 60 34 10 9 57 74 66 79 8 39 5 53 62 57 66 50 10 47 69 80 5 35 3 58 44 41 46 62 2 80 0 2 35 68 10 64 60 32 37 76 53 10 79 41 6 68 65 64 32 76 63 2 47 69 47 62 38 37 56 53 39 68 78 79 67 53 80 7 65 10 60 51 70 46 67 42 60 46 61 34 9 34 7 68
50 56 30 46 9 50 46 34 33 50 66 10 46 43 38 44 38 5 51 75 44 80 60 48 64 32 39 51 77 67 6 10 66 70 63 63 50 70 66 7 37 9 36 68 3 52 44 7 50 2 3 73 57 57 35 40 64 8 6 35 48 7 71 64 52 63 35 40 55 37 2 59 56 72 39 10 61 50 2 5 2 34 68 43 65 45 10 5 40 43 5 73 35 48 32 59 67 70 34 68 78 50 36 47 52 48 42 58 33 74 10 42 73 38 32 34 56 44 30 32 35 42 45 76 38 68 73 69 66 9 31 44 8 5 4 52 74 10 68 51 7 78 59 3 53 61 32 35 67 4 7 2 65 32 41 53 54 66 43 33 67 62 54 68 32 41 38 77 68 4 74 62 73 2 40 9 56 72 53 77 57 4 47 36 79 50 77 44 35 64 2 58 7 7 64 42 69 8 61 77 67 73 68 64 6 78 35 78 54 60 48 42 38 42 4 7 41 8 80 59 80 49 72 77 3 62 62 77 72 76 37 73 66 52 8 31 66 54 58 7 58 3 34 44 40 2 58 33 79 59 50 75 10 4 10 34 74 73 79 9 68 56 68 67 7 5 50 74 10 6 38 76 80 68 7 72 2 73 34 55 59 52 2 54 37 52 5 54 9 57 65 58 56 77 4 40 4 0 43 53 6 68 30 76 80 35 48 2 33 76 6 60 48 46 62 76 60 3 70 33 68 74 31 35 43 65 45 66 46 33 32 70 42 4 48 4 77 36 65 78 63 64 70 65 76 75 9 79 6 62
51 77 42 39 60 31 36 10 2 40 62 43 33 71 47 2 77 37 39 38 7 55 5 61 5 74 74 65 77 30 75 64 78 7 58 6 76 6 40 80 37 33 7 6 44 53 3 44 41 31 55 8 33 2 3 47 43 41 43 38 9 58 38 37 37 74 79 57 4 74 40 54 53 51 64 30 73 48 44 48 38 39 39 7 74 77 52 77 75 6 36 9 46 45 9 69 43 56 4 35 47 5 58 50 54 49 8 3 6 66 70 5 70 45 53 66 5 8 38 44 8 62 70 80 9 67 8 10 3 50 60 9 74 34 76 43 80 69 40 45 65 80 10 65 33 7 68 74 56 56 70 33 71 68 73 71 70 4 55 75 35 9 10 5 75 48 45 63 52 38 79 72 36 31 10 70 30 58 30 52 49 74 3 2 76 9 55 31 46 3 78 35 40 55 70 43 64 71 4 32 35 6 34 9 66 52 49 66 31 2 61 2 2 79 35 41 4 43 8 33 4 42 46 3 43 67 47 44 35 43 8 61 4 53 71 60 2 65 74 46 75 36 37 43 65 59 63 45 44 80 69 48 78 52 53 55 65 10 65 73 63 9 72 42 39 36 63 8 48 70 37 45 8 34 53 53 33 38 6 60 6 54 37 57 39 3 66 77 73 6 35 6 44 2 73 9 34 42 0 45 51 57 79 79 72 78 75 79 66 32 41 34 72 2 72 71 57 53 52 32 46 72 5 4 72 4 64 33 38 59 55 4 61 59 3 37 69 80 72 76 51 7 3 32 2 32 59 55 30 32
9 2 38 78 44 78 53 59 80 5 74 66 58 75 5 72 58 79 43 49 41 34 66 60 61 2 73 35 6 7 52 44 37 49 58 42 75 32 6 71 4 48 58 41 80 77 74 69 4 42 53 39 54 36 55 5 78 70 74 9 60 36 35 48 8 5 63 45 80 75 46 66 33 70 2 80 4 34 74 48 77 53 71 41 9 68 33 72 2 79 51 72 3 71 31 79 2 67 77 72 41 68 44 53 31 61 52 60 45 52 80 69 5 39 51 8 76 55 7 57 78 38 64 4 32 4 77 33 62 65 6 63 39 49 75 4 46 64 7 3 51 7 54 74 10 63 8 6 6 34 60 72 74 10 5 68 59 75 66 7 8 65 72 34 34 72 43 10 77 69 56 48 31 72 49 40 47 35 63 2 78 72 50 58 30 30 3 6 2 65 63 61 72 72 49 2 65 43 72 7 6 30 8 47 45 8 63 3 3 51 48 45 51 34 59 67 59 39 64 31 77 63 39 50 57 36 9 60 2 6 79 3 33 30 54 35 73 77 4 68 60 75 49 74 2 56 33 5 78 52 53 36 34 54 57 7 35 62 2 37 52 50 7 72 51 43 78 42 69 43 5 7 42 6 68 53 30 79 31 9 37 78 73 7 51 35 45 8 58 68 3 62 73 34 52 60 55 79 67 0 55 60 69 70 33 6 51 38 3 42 78 39 8 74 9 8 56 52 70 64 32 36 67 50 9 61 36 36 7 34 75 33 5 75 57 43 74 50 6 10 54 34 49 76 76 5 76 10 53 7
78 31 32 79 7 63 79 65 52 40 79 6 80 57 72 38 63 10 49 77 33 44 53 66 31 76 47 39 65 42 5 9 43 51 46 42 31 42 51 3 32 7 34 43 6 75 70 3 49 3 4 44 66 73 33 30 49 10 5 37 78 6 72 36 37 66 78 53 52 64 3 37 51 30 75 9 41 42 9 4 2 67 33 40 40 40 8 4 58 79 6 75 64 41 35 38 62 55 46 42 67 75 79 41 61 79 40 53 40 43 3 66 30 68 72 65 72 43 33 40 38 33 47 30 46 57 33 55 68 9 47 56 5 10 10 59 79 5 30 44 7 60 41 9 33 63 46 37 48 2 3 3 36 59 70 41 33 66 55 70 66 52 71 54 80 58 46 53 59 5 30 33 79 9 54 3 48 38 45 79 62 3 77 46 68 68 63 74 63 62 7 44 3 3 80 40 44 3 67 65 76 71 38 66 8 75 58 76 78 77 76 36 77 43 6 10 44 8 65 80 44 65 30 61 9 50 68 50 68 73 51 72 55 78 3 35 37 74 48 4 30 4 36 48 54 3 76 51 44 49 39 38 2 4 5 34 39 38 75 6 69 79 49 33 4 5 67 76 10 4 75 48 53 76 3 44 3 73 56 68 32 58 6 39 47 76 8 30 3 43 78 56 51 69 4 33 7 4 49 45 0 73 47 46 57 65 41 2 64 57 9 44 76 38 60 30 42 7 74 68 58 53 68 69 35 35 34 62 41 58 72 49 38 3 34 4 38 65 44 71 74 59 36 73 38 76 5 58 8 36
76 76 5 7 38 4 3 43 32 32 10 32 7 10 42 36 4 73 4 51 53 42 66 2 30 39 10 10 78 71 51 43 2 57 7 63 68 45 54 60 71 57 57 34 55 32 32 63 39 45 70 32 3 32 44 45 9 75 33 72 52 58 9 7 38 38 4 4 72 70 40 59 33 47 64 44 76 2 47 33 49 9 7 48 43 59 56 79 44 71 53 75 44 4 46 72 67 4 55 8 75 50 61 4 38 8 70 76 40 79 78 56 47 7 3 69 48 78 70 70 76 4 5 65 71 70 60 76 34 56 31 36 52 31 69 60 57 47 30 54 45 62 39 58 31 41 31 44 60 55 37 68 51 60 50 10 70 80 54 44 65 73 68 63 2 65 79 49 76 30 38 65 44 38 37 43 80 37 8 39 44 32 69 38 34 68 66 59 45 39 37 54 38 32 7 33 57 71 52 51 63 71 58 32 71 35 40 73 65 64 5 38 66 6 73 45 53 63 72 34 63 33 9 38 62 5 47 47 80 72 45 57 68 4 61 73 62 35 61 36 7 49 38 35 30 64 4 68 3 2 9 9 56 58 77 46 6 59 79 62 59 45 47 48 77 54 65 39 74 79 51 79 36 31 47 6 63 65 64 38 68 10 61 32 70 48 72 69 34 45 31 36 73 34 48 42 80 41 39 50 44 0 6 75 8 31 31 79 62 10 75 78 44 60 42 64 78 67 8 8 47 10 52 38 45 67 2 47 56 66 4 76 53 80 36 75 10 10 49 40 66 68 45 49 72 60 34 43 72 40
31 69 10 10 72 5 3 47 39 78 2 59 2 5 48 53 10 33 2 54 46 63 65 9 70 76 3 7 57 38 67 53 10 66 6 30 50 33 50 77 34 70 69 64 60 38 59 71 41 58 39 77 10 55 40 54 8 79 70 67 63 58 9 10 79 60 2 4 42 49 76 70 54 76 38 35 77 4 32 52 70 9 5 77 56 39 76 80 52 45 79 76 62 2 55 69 80 10 69 5 41 79 40 8 43 2 57 36 70 46 51 65 51 6 2 35 66 33 55 74 31 4 7 53 76 62 58 46 43 61 45 77 61 37 78 32 66 33 75 62 48 44 40 77 30 46 59 39 80 80 44 80 55 55 51 3 62 36 43 33 48 30 50 38 4 31 30 63 49 30 74 74 38 72 56 32 77 61 2 66 77 71 40 36 47 74 80 46 54 78 45 43 43 30 4 49 46 48 62 56 60 42 31 36 30 51 64 75 30 63 6 35 31 3 57 57 61 74 77 79 41 35 10 43 80 4 58 64 49 32 40 80 61 4 51 74 67 80 64 72 10 46 61 42 62 79 3 52 2 3 7 6 76 56 35 37 4 31 62 35 61 72 31 56 51 31 63 55 30 73 56 79 49 63 69 7 44 54 39 69 67 8 55 44 32 40 75 61 47 56 73 47 66 51 72 34 55 73 57 75 60 4 0 38 2 55 32 77 30 2 59 39 44 65 57 43 70 68 8 2 52 6 75 53 31 37 4 76 41 62 5 43 30 52 68 57 2 6 69 52 70 33 76 43 76 67 61 35 71 56
54 72 70 70 70 77 32 61 78 49 31 35 72 77 76 51 75 76 62 3 32 5 68 30 60 47 51 38 38 64 32 63 49 66 55 37 7 49 60 35 75 34 50 34 56 9 34 55 64 45 78 69 44 66 62 57 50 39 30 73 61 61 76 71 32 60 70 80 69 4 40 4 10 5 61 39 73 36 45 30 57 45 75 70 39 10 59 57 51 63 32 74 36 72 77 8 35 45 66 61 7 64 4 62 8 52 31 75 60 10 73 55 55 31 78 41 71 63 56 3 52 37 67 43 54 65 64 69 32 42 65 51 55 80 55 76 5 59 59 76 40 52 54 43 35 34 57 49 40 58 61 51 9 65 39 65 8 36 7 54 74 45 68 75 49 2 9 44 6 70 9 6 5 66 47 60 10 3 40 48 9 62 75 42 8 77 65 65 62 69 37 9 60 61 62 42 2 77 62 34 59 38 46 53 74 42 5 78 52 71 30 33 55 41 58 38 35 76 56 8 44 8 77 46 30 65 71 10 53 42 61 30 74 49 74 5 30 3 66 39 57 50 9 7 52 71 36 66 56 51 45 46 77 48 37 43 54 35 74 62 8 50 76 9 74 46 6 80 38 30 40 40 31 65 65 62 74 10 65 44 80 76 37 74 10 55 45 32 45 32 59 47 7 72 68 74 67 69 63 50 66 66 66 0 54 59 5 48 60 61 76 2 66 77 71 54 9 44 78 37 10 79 72 61 55 51 53 5 34 10 32 46 36 61 80 49 60 51 40 66 2 53 58 8 39 54 47 71 36 76
68 68 4 6 56 2 9 42 30 80 8 65 6 8 38 55 2 43 4 34 53 57 75 2 60 70 8 6 66 45 70 37 6 66 10 35 69 53 33 79 71 34 71 79 32 72 39 42 44 54 41 32 7 64 46 68 10 51 31 60 67 77 6 10 75 33 3 8 40 67 68 63 74 37 73 42 77 6 53 67 57 5 6 44 36 71 57 64 47 47 66 73 31 7 74 45 59 7 47 2 69 80 42 10 68 2 59 54 36 53 37 76 54 7 7 49 54 45 67 32 67 10 7 48 40 68 34 70 70 44 68 43 39 41 33 40 52 69 73 43 50 50 75 52 49 71 30 51 47 33 72 77 45 67 70 10 39 80 67 75 46 66 37 33 2 33 56 69 44 35 51 42 74 43 46 36 72 51 7 62 55 63 39 36 71 70 47 46 80 68 59 67 76 62 7 37 72 36 52 31 44 75 40 52 37 55 74 57 73 39 7 79 51 6 48 63 50 51 53 57 32 32 5 65 80 4 69 74 63 48 61 78 65 8 69 76 32 79 33 76 2 54 74 48 75 49 4 76 2 2 6 6 60 52 37 47 8 50 34 59 39 33 59 40 33 73 80 58 35 59 78 31 61 68 56 3 43 37 53 36 46 9 30 33 36 55 61 65 35 42 73 73 71 41 70 62 45 51 45 63 56 4 9 46 0 53 45 55 78 9 62 36 31 68 48 34 68 63 7 3 44 8 41 39 57 68 9 59 65 73 5 38 57 36 41 54 2 9 41 48 32 76 32 46 32 32 78 73 36 49
5 10 55 64 60 56 65 36 55 8 64 30 58 64 10 75 75 56 72 76 65 55 72 39 45 2 52 74 6 7 79 54 74 75 41 35 51 39 6 76 9 56 32 39 80 43 71 70 3 77 80 52 38 76 77 8 68 30 55 9 75 80 47 68 3 8 33 33 49 67 56 61 73 57 7 58 7 67 36 58 69 56 31 57 4 58 35 32 2 33 51 59 9 55 55 72 7 45 59 66 41 72 42 68 55 62 48 53 68 35 80 49 7 42 64 6 51 49 5 51 41 75 77 3 63 5 74 52 52 77 5 35 45 49 52 5 80 48 9 5 57 5 70 74 6 63 5 7 8 79 75 47 48 10 3 44 32 47 30 2 3 67 41 78 67 72 75 2 75 44 59 64 59 80 48 70 48 33 47 3 54 70 47 58 36 61 10 9 4 41 52 40 69 59 67 5 53 31 31 2 8 44 5 45 49 9 55 7 2 55 70 73 48 57 64 52 76 43 45 58 44 69 57 65 79 59 10 67 4 10 45 3 50 38 60 37 38 57 8 33 46 79 35 35 6 34 80 10 78 49 36 66 59 64 80 8 43 69 8 60 33 46 4 59 57 55 68 48 31 34 4 7 44 6 36 79 62 53 41 6 35 61 74 3 31 75 66 3 45 31 8 55 32 35 68 40 78 59 75 2 68 32 77 79 56 0 38 34 10 51 33 68 10 74 5 6 46 68 46 51 44 55 31 67 4 55 71 55 4 40 62 41 8 65 57 38 73 55 6 2 60 80 74 40 70 4 64 8 72 6
65 52 78 32 44 43 50 38 49 44 52 30 33 45 69 42 59 46 61 9 34 4 50 47 77 58 43 46 69 71 67 38 40 76 37 67 3 36 36 58 59 66 33 71 56 3 59 65 40 36 33 57 37 78 56 49 66 63 37 34 56 80 45 73 62 75 70 30 50 7 32 8 9 5 33 32 36 60 37 80 72 70 80 56 47 3 66 78 31 62 35 41 58 47 78 5 44 65 77 30 9 65 9 55 8 72 48 40 72 3 46 30 73 69 65 50 55 74 42 10 45 77 46 40 80 58 51 52 48 46 53 37 78 53 49 80 6 69 59 65 48 77 49 40 38 62 55 32 34 45 43 80 6 60 48 50 5 69 6 54 65 39 56 38 36 5 8 76 4 72 5 4 10 51 31 75 6 4 76 61 2 60 62 40 2 41 73 66 48 50 50 9 44 35 38 69 7 66 59 52 55 61 30 56 65 67 7 65 59 38 55 80 71 36 50 68 70 41 31 8 34 2 60 75 41 79 75 9 58 30 39 68 60 66 59 2 68 8 72 70 48 54 2 6 37 43 54 31 60 72 47 67 68 55 38 47 37 79 74 77 6 68 41 2 37 57 8 76 55 71 51 31 43 62 37 38 33 9 30 78 35 45 30 31 2 60 52 45 71 67 68 68 4 79 39 58 73 31 51 59 35 62 63 2 49 53 0 64 75 73 63 8 52 64 73 67 3 57 41 58 3 64 68 42 48 49 63 3 61 5 51 36 73 47 72 47 77 63 47 50 10 55 57 6 40 52 30 72 39 30
80 69 75 42 7 79 53 80 41 50 58 10 75 77 47 67 42 4 31 38 77 77 34 37 41 63 64 44 33 51 3 6 53 37 54 78 67 51 76 6 42 9 60 57 10 64 78 7 59 8 8 67 78 52 68 32 41 6 6 58 50 5 35 38 47 67 45 78 53 77 3 60 79 43 65 10 44 67 8 5 2 78 61 52 59 51 6 8 36 71 10 72 72 56 48 57 60 39 75 62 75 79 67 49 42 56 36 32 68 48 7 74 69 74 72 51 44 47 42 63 65 44 57 47 78 51 36 65 43 7 69 75 8 2 2 54 41 6 45 49 3 53 42 4 61 32 71 56 80 3 2 6 37 35 46 30 78 55 60 67 68 70 32 78 71 54 51 79 56 2 79 56 79 2 48 4 55 78 38 30 61 6 36 35 67 42 61 50 51 58 4 68 3 7 45 45 65 2 43 78 75 78 40 32 4 39 43 42 43 33 59 66 48 77 2 3 60 9 48 46 52 78 59 67 2 49 46 39 67 65 63 44 71 72 5 62 54 46 75 8 41 4 45 67 62 5 34 55 49 58 53 78 4 2 6 69 65 72 67 7 75 64 42 52 5 2 35 67 3 10 33 55 77 39 5 56 6 43 69 30 64 67 10 43 69 69 7 51 4 76 47 66 30 76 7 48 2 7 67 57 10 47 60 78 45 53 70 0 70 58 3 38 38 54 63 50 78 10 73 73 52 70 44 35 76 62 60 65 42 70 47 51 51 3 76 4 38 61 58 71 55 70 69 55 78 74 9 31 9 51
7 8 75 60 38 47 75 59 70 7 66 74 53 69 2 41 64 69 69 35 72 35 56 56 52 5 45 41 7 8 70 69 32 65 41 52 67 31 3 75 7 77 51 42 59 38 71 35 4 54 63 58 70 74 71 7 68 64 64 8 54 51 47 33 8 9 38 52 80 50 32 73 45 77 5 40 2 37 80 57 71 77 56 70 2 53 64 53 4 33 47 34 7 45 57 79 7 49 62 74 42 45 52 72 41 45 78 66 52 77 36 33 2 49 80 9 51 64 10 42 78 34 79 4 42 6 40 30 56 65 2 51 32 53 57 2 47 34 10 5 52 9 59 70 3 40 10 10 2 39 37 59 34 3 10 78 75 32 50 10 8 64 68 74 49 48 46 8 33 52 54 50 55 50 43 51 59 40 80 9 77 50 41 46 68 38 6 2 10 80 69 31 55 43 54 2 37 75 39 5 6 39 2 63 33 4 48 4 10 80 44 69 80 62 62 69 60 34 42 46 32 30 77 30 55 40 5 39 8 2 68 9 41 32 58 42 31 33 9 50 44 32 77 46 2 55 79 2 44 44 62 66 33 71 32 6 45 34 7 69 73 80 3 43 56 60 50 79 35 56 4 3 72 5 36 51 57 33 49 7 80 43 48 2 78 70 80 3 30 69 10 41 38 38 31 43 63 31 58 4 76 39 62 50 71 10 52 72 0 65 58 47 7 65 9 8 32 59 63 59 30 77 39 80 6 44 52 35 6 59 72 34 2 46 48 31 72 72 8 4 58 70 44 75 75 8 74 7 67 10
37 31 10 5 52 7 4 70 62 79 7 51 7 10 74 73 10 72 5 72 46 68 41 5 55 69 9 6 45 57 46 67 2 72 5 31 30 80 57 56 76 43 49 78 77 52 63 50 47 32 70 68 4 72 36 66 5 35 76 54 65 60 4 4 39 45 4 4 77 32 69 47 59 68 61 72 50 6 77 47 65 9 6 69 41 79 50 50 46 60 80 39 57 5 57 76 72 2 34 4 53 50 79 3 68 4 40 68 79 49 69 46 69 3 10 55 65 43 53 52 45 4 3 67 41 65 39 64 39 66 46 42 42 58 37 30 59 77 50 56 71 45 55 53 41 36 35 52 46 41 45 32 74 43 72 8 34 78 52 39 40 46 49 59 2 70 62 79 56 45 57 52 58 40 46 62 57 63 4 72 63 33 44 35 49 63 58 45 58 38 36 51 67 55 6 68 46 72 78 59 78 30 51 80 49 34 37 33 77 64 9 35 74 6 31 58 76 62 53 72 51 51 2 37 43 3 48 48 36 44 62 41 74 3 38 43 50 79 47 57 2 67 64 59 57 52 9 56 5 5 3 9 38 59 31 56 3 32 54 63 57 40 71 67 50 37 79 39 62 53 44 51 66 34 67 3 43 45 32 61 69 4 50 54 37 32 66 48 38 51 58 30 74 42 80 55 41 45 67 69 79 8 4 68 7 47 58 36 50 0 41 63 39 77 57 43 58 47 2 8 77 6 47 48 73 41 4 49 74 65 9 58 74 77 78 78 2 6 67 55 35 57 64 42 39 64 61 68 44 68
54 77 51 62 2 69 75 51 75 59 49 10 54 39 57 78 66 9 58 60 60 58 42 72 37 46 66 52 73 39 5 2 57 41 31 35 63 63 79 10 62 8 55 70 10 32 35 5 49 5 7 35 31 35 36 33 63 6 7 74 80 9 43 43 32 47 34 38 42 38 6 51 30 60 53 5 32 61 4 10 6 69 51 46 77 39 6 7 73 52 2 76 69 66 48 76 71 34 61 63 42 74 33 59 32 65 76 45 50 57 10 47 39 34 54 72 30 78 36 62 40 66 45 79 71 33 59 59 34 5 33 49 2 2 8 54 66 4 79 32 3 65 59 3 34 33 56 51 52 9 9 6 53 48 74 34 40 73 80 76 49 76 68 53 50 34 54 45 46 10 55 70 76 9 62 9 64 36 59 42 41 8 30 68 53 52 77 66 53 65 4 56 9 10 38 54 76 8 37 76 47 79 66 30 3 39 30 64 74 69 35 31 67 60 10 2 72 3 64 78 69 44 34 33 2 62 59 69 54 69 77 49 75 75 8 76 30 49 50 2 46 7 73 52 52 3 30 64 57 50 69 76 10 2 10 79 67 48 62 9 69 80 71 60 8 4 68 31 2 7 64 42 62 32 3 78 4 59 37 76 59 39 10 58 31 65 8 74 7 32 34 47 62 30 8 37 8 5 53 42 2 31 56 38 72 73 69 4 72 51 0 67 44 64 45 55 76 2 58 71 61 62 64 77 77 35 37 71 32 42 55 43 48 8 65 2 59 63 33 39 75 38 31 57 75 59 7 58 10 65
76 64 42 30 63 40 61 30 69 42 32 64 71 56 49 53 30 44 61 2 80 5 63 32 43 56 35 68 56 74 45 41 75 59 31 80 9 30 76 49 78 80 67 57 44 9 64 80 75 74 55 34 54 39 30 69 77 59 45 37 75 59 49 45 66 46 78 41 72 2 35 3 8 2 51 65 33 78 44 37 46 46 62 64 65 2 40 66 69 46 31 51 74 66 34 8 68 61 44 43 7 61 5 79 4 75 46 50 79 8 50 75 78 64 60 38 71 56 41 8 37 35 74 80 49 71 76 61 72 66 37 55 75 55 45 34 5 58 61 79 30 79 63 37 55 48 41 63 67 33 78 42 9 47 38 59 10 49 7 69 56 66 71 68 75 5 2 34 8 47 8 8 4 57 55 70 3 9 67 48 6 55 30 63 6 71 72 51 45 34 45 3 37 74 65 64 3 43 41 78 43 41 32 35 58 40 9 69 74 32 53 63 50 59 70 60 66 52 65 5 47 3 79 39 34 54 34 2 77 64 61 36 54 66 78 4 69 9 57 44 55 47 9 3 41 57 69 67 68 76 40 77 36 80 74 51 61 35 57 39 6 37 60 3 74 43 4 32 44 51 51 74 53 67 46 43 62 8 48 67 50 53 57 45 5 65 78 53 64 52 55 51 2 57 50 75 69 77 62 30 78 68 62 9 78 75 7 71 80 44 71 0 79 33 43 62 6 57 59 62 3 33 63 68 52 67 75 4 79 8 32 42 79 58 56 52 72 58 65 48 2 30 68 5 58 37 61 62 61 55
3 6 64 76 71 47 58 77 63 7 67 60 52 54 10 35 35 51 67 69 59 61 67 52 54 9 32 56 3 6 76 57 31 37 45 32 51 44 2 50 4 77 57 45 32 70 64 52 6 65 76 49 32 37 42 4 46 79 45 7 79 55 51 77 8 9 41 38 62 75 69 30 36 73 10 70 4 50 49 41 57 53 68 47 4 46 66 56 5 66 59 47 10 65 56 59 7 39 80 52 34 60 75 78 80 75 31 64 55 50 43 64 3 48 57 7 52 64 5 76 77 66 72 7 42 7 42 58 51 76 6 38 79 49 69 7 71 40 9 5 80 9 58 60 2 30 8 6 2 37 65 38 53 2 10 80 55 59 62 7 6 31 41 41 78 44 33 5 49 46 34 71 44 75 46 60 78 76 64 5 33 80 73 39 35 76 4 6 6 68 39 58 47 68 80 9 46 45 40 3 10 74 8 58 62 3 80 10 8 70 70 66 79 80 60 71 46 39 36 35 70 43 56 69 35 67 8 63 7 10 30 4 60 43 30 37 74 74 6 35 35 51 36 80 7 52 55 3 31 80 31 75 54 57 68 9 74 72 3 38 34 70 7 60 32 48 70 73 40 75 3 2 32 4 80 76 73 39 55 8 79 64 57 4 60 59 69 9 65 34 2 42 40 35 57 38 69 56 76 4 52 73 55 33 62 4 44 48 9 65 42 67 0 57 10 2 80 30 42 45 72 61 41 42 10 65 74 37 5 65 55 30 4 36 70 62 74 68 5 3 43 78 70 75 45 10 42 7 55 8
36 47 47 49 52 51 39 8 3 37 55 38 67 70 50 8 70 49 69 72 5 56 10 53 6 50 37 47 74 31 73 39 64 6 33 2 58 6 75 61 44 53 4 6 69 50 9 41 50 45 41 6 68 9 4 60 46 44 55 72 8 36 46 71 61 76 73 60 3 36 65 73 63 37 66 72 31 56 49 40 32 66 60 9 61 41 61 68 31 2 77 10 48 75 8 61 51 61 10 55 51 3 73 46 64 60 8 5 3 51 44 3 66 36 35 67 3 7 51 62 2 72 31 58 9 38 3 3 6 46 58 7 79 63 71 72 36 67 34 72 38 65 2 47 77 3 53 45 45 34 68 68 35 48 74 43 39 10 69 32 33 4 8 4 39 47 46 75 80 77 80 78 36 59 8 48 70 60 70 58 30 53 5 4 66 2 80 63 66 3 70 31 47 55 60 70 36 61 3 45 47 7 67 10 57 55 33 60 79 6 31 8 5 80 51 76 9 68 6 32 8 75 45 10 38 64 71 50 75 76 5 39 6 36 40 49 4 42 74 38 49 56 60 52 38 51 54 35 61 54 31 35 44 58 78 68 50 7 33 49 79 7 42 65 55 34 32 3 80 69 55 58 5 39 68 45 56 58 9 65 9 65 71 72 46 3 51 58 79 5 62 7 44 2 43 6 31 79 10 72 41 30 79 40 61 52 52 61 62 69 42 79 79 0 72 67 36 44 67 54 53 58 8 9 67 6 44 49 64 66 58 6 30 65 6 42 48 80 41 66 36 9 7 44 8 53 64 46 65 32
6 2 58 61 57 54 31 34 39 6 52 75 65 78 6 65 66 30 46 71 67 32 75 33 37 5 76 79 9 2 39 60 68 57 76 66 66 48 5 59 6 49 45 48 46 68 51 53 4 49 79 37 80 30 62 3 69 31 49 10 46 31 36 56 6 8 30 60 61 40 44 67 60 66 3 68 2 78 75 47 47 79 33 44 10 67 79 61 10 34 46 79 6 48 52 78 3 67 43 52 33 60 60 56 32 70 69 62 43 57 39 32 2 76 30 9 31 41 3 74 76 70 77 9 64 10 36 61 30 41 8 42 58 36 78 2 56 31 5 5 33 3 46 77 7 74 8 9 4 56 42 72 33 6 6 30 44 46 79 5 6 54 69 45 72 48 31 3 69 76 54 69 37 70 79 49 66 34 72 9 52 41 34 35 30 78 5 3 3 39 77 58 69 44 39 3 54 44 64 9 8 69 10 63 54 7 33 2 8 39 67 52 74 66 72 46 64 31 54 48 32 78 74 37 64 77 4 57 3 6 38 3 75 43 58 52 49 65 2 43 55 45 57 33 6 79 43 5 50 76 78 61 30 75 40 2 76 40 9 76 37 64 2 52 53 33 51 48 48 64 3 7 48 7 68 46 55 32 49 4 72 79 66 10 73 55 34 6 71 52 5 37 69 62 70 47 58 42 79 6 41 54 62 57 62 8 79 61 6 47 80 69 3 80 0 2 78 63 31 52 30 33 40 35 5 66 64 52 2 76 63 34 7 34 35 78 74 43 10 9 51 50 33 31 32 6 60 8 55 7
9 5 75 60 55 46 40 62 67 9 65 40 73 56 7 49 47 37 57 42 75 38 31 79 64 9 73 41 3 9 78 30 58 32 62 73 36 71 7 55 4 63 32 47 79 74 56 76 2 37 34 63 73 36 66 2 58 72 46 8 38 66 51 38 8 5 56 38 55 60 48 51 50 61 9 73 4 41 60 80 57 33 61 69 8 73 64 79 7 62 54 80 6 50 76 54 3 56 67 63 58 43 35 42 70 49 35 62 65 55 70 57 4 62 41 5 79 39 10 40 69 56 61 2 63 6 72 60 50 73 5 61 41 40 59 2 54 75 5 5 45 3 73 73 4 64 2 7 4 44 34 63 74 10 3 30 63 70 35 8 3 62 77 36 78 35 61 4 44 73 47 59 38 46 77 39 61 77 54 8 33 57 68 32 75 63 3 3 10 32 55 54 37 52 32 9 51 40 36 3 3 35 8 76 56 4 69 9 7 80 38 72 52 78 80 64 63 73 32 30 58 49 37 69 61 79 3 79 4 5 62 8 71 64 72 61 44 63 2 32 54 74 59 57 2 54 32 7 62 35 74 49 70 48 37 6 47 62 4 42 68 33 10 48 53 31 76 72 40 74 9 2 41 8 78 64 69 52 80 10 76 62 39 8 75 50 38 10 79 75 6 59 38 72 71 64 67 78 80 6 72 47 68 43 71 9 55 36 10 78 50 34 5 45 7 0 55 78 79 50 40 74 41 54 7 70 43 68 3 56 72 80 5 39 66 37 55 33 8 10 44 75 62 51 31 3 53 10 59 10
70 48 71 37 30 76 46 65 78 74 45 68 72 65 77 73 37 54 44 10 44 8 74 37 76 56 78 73 66 63 59 74 78 33 54 63 3 52 44 71 63 46 68 71 77 7 61 47 39 64 35 73 74 65 31 34 36 55 63 74 66 30 43 43 45 37 67 49 76 8 61 10 4 3 44 76 56 71 60 50 62 67 54 30 34 7 48 75 78 52 80 68 53 45 46 2 68 37 34 73 8 40 10 32 9 49 55 71 40 10 30 54 79 67 67 55 51 80 32 9 62 60 76 34 42 69 54 51 80 38 36 59 72 80 41 52 8 37 46 48 46 70 58 63 37 38 39 58 34 37 74 68 3 75 31 34 6 41 7 65 37 47 44 46 44 3 7 50 2 59 10 2 4 41 67 67 5 4 31 80 8 53 36 80 7 61 73 46 66 63 35 2 68 46 37 44 6 45 39 57 30 79 76 45 78 68 8 56 73 57 49 70 37 62 69 68 80 70 35 6 59 3 51 57 71 47 58 7 63 66 56 40 59 58 53 3 32 9 76 66 53 79 4 3 49 79 67 35 46 48 60 79 69 72 48 43 70 77 49 67 7 68 74 4 45 43 4 51 80 32 50 46 71 51 36 30 37 9 58 36 62 51 55 75 8 68 63 58 58 71 40 59 2 55 58 67 34 38 32 77 60 45 32 4 31 66 6 75 37 78 75 7 44 65 62 34 0 71 72 79 5 53 31 67 48 78 72 4 68 7 66 74 63 40 43 34 31 65 37 46 5 40 75 3 78 73 44 54 65 59
34 79 68 74 3 37 50 45 53 56 56 3 78 34 68 32 71 2 33 70 59 73 31 47 32 37 80 63 77 56 7 3 30 47 71 45 68 53 54 6 45 9 66 60 4 44 40 7 30 2 9 70 66 41 41 37 72 10 6 48 44 3 60 57 52 45 48 71 75 68 2 40 68 33 79 3 73 70 6 5 9 41 32 38 36 68 2 6 71 72 9 75 62 38 37 43 48 66 32 59 57 39 70 67 55 78 65 46 45 47 6 42 57 42 44 30 51 60 59 73 59 35 42 54 59 60 50 55 48 5 55 42 5 3 4 38 36 10 56 34 6 71 35 4 68 40 36 34 80 4 3 8 74 59 36 72 38 74 55 80 59 64 43 45 71 37 54 35 79 3 42 36 61 9 31 7 78 63 57 58 48 3 59 61 32 79 37 69 66 69 2 78 5 9 55 56 33 5 38 43 53 32 51 42 10 73 39 51 62 68 71 37 39 33 6 7 53 2 79 66 64 70 45 53 8 36 55 47 67 75 37 41 72 49 2 66 64 60 60 3 75 3 74 50 36 10 38 44 59 34 66 39 8 7 8 36 77 64 38 5 58 54 77 50 4 5 49 56 4 3 66 67 46 67 3 50 3 70 48 58 66 55 4 78 44 48 3 68 2 38 79 79 39 60 7 31 8 3 62 35 3 74 47 49 30 66 39 8 54 39 2 75 51 78 76 42 35 0 67 72 50 31 54 70 30 80 62 50 67 50 31 80 47 4 76 10 67 63 66 39 80 73 40 42 79 59 3 36 6 30
39 50 9 7 60 9 9 41 56 42 5 42 3 3 36 39 2 61 8 34 32 36 41 6 42 44 2 6 36 65 80 56 6 48 8 69 36 37 64 68 38 80 60 70 42 35 39 71 80 69 78 57 7 76 69 38 10 34 47 65 51 52 4 6 57 52 6 3 38 77 56 77 69 68 47 45 62 9 47 36 30 9 5 44 76 39 35 73 41 71 78 42 75 8 78 46 51 10 44 6 31 43 38 6 69 7 75 65 52 35 71 61 53 3 6 61 76 49 53 51 52 10 4 37 79 49 30 74 60 65 39 79 37 74 62 74 37 30 49 59 66 38 45 67 73 35 48 44 48 57 58 43 40 32 53 9 56 53 58 77 54 80 61 34 10 72 44 36 41 31 32 45 79 36 46 56 73 50 10 77 51 60 46 45 71 55 51 40 66 53 60 71 58 60 3 30 51 66 35 75 55 58 61 43 77 36 32 70 73 31 9 30 30 8 32 77 77 39 69 61 54 44 4 34 30 5 35 61 60 44 30 48 56 6 62 65 37 68 77 69 3 67 57 72 35 63 2 53 10 3 2 2 60 52 69 41 4 57 69 55 77 40 68 41 64 44 78 66 44 63 72 37 43 54 62 4 73 53 66 72 35 3 37 54 74 44 39 44 63 49 41 74 62 47 39 51 50 51 42 75 78 5 8 43 5 52 58 79 69 6 79 73 46 50 48 37 53 71 0 10 39 2 51 66 48 69 10 52 59 30 10 37 59 57 40 50 8 4 76 32 80 34 33 80 41 64 74 42 49 43
41 64 2 5 33 3 4 35 36 53 4 51 8 6 33 58 4 51 7 79 31 47 42 9 49 53 5 10 57 33 51 63 3 67 2 60 73 66 34 50 38 47 67 68 54 37 57 68 49 56 30 34 8 66 65 76 8 64 57 65 53 67 5 10 74 67 9 2 30 69 69 34 30 39 35 40 36 10 54 42 36 2 9 31 49 36 57 49 77 76 33 80 76 2 79 51 75 3 42 3 43 51 40 10 63 7 33 64 68 72 30 35 57 7 9 62 66 80 48 68 48 3 10 74 48 61 33 67 46 55 79 41 67 65 77 73 65 71 58 39 33 33 37 48 35 72 46 49 77 56 43 71 52 58 41 7 37 58 78 62 41 40 54 50 9 39 66 63 61 75 31 70 40 50 52 36 58 57 4 71 45 38 74 68 69 31 56 52 65 60 57 56 77 68 4 71 64 79 76 56 79 49 65 42 30 45 43 53 48 40 3 76 57 3 31 50 38 54 75 64 46 53 2 49 74 4 30 59 69 75 70 80 41 5 76 72 49 45 73 78 10 30 51 53 65 71 5 37 7 2 6 9 43 38 31 74 5 61 37 40 72 47 65 43 36 71 73 64 71 68 50 73 31 30 35 5 74 80 31 72 40 4 62 56 63 46 76 33 57 31 66 66 78 78 79 70 71 73 34 61 61 3 8 77 8 80 70 75 43 7 49 53 80 48 70 59 76 30 4 0 61 3 32 38 70 54 8 53 65 70 4 42 53 67 64 43 4 9 37 44 53 78 38 71 46 38 53 77 66 54
42 78 41 49 74 45 66 34 60 45 47 63 56 74 52 61 47 64 47 9 78 6 49 57 73 36 59 79 70 70 68 44 67 78 65 32 5 49 45 35 59 52 42 61 34 3 50 75 50 67 43 59 38 50 67 66 65 68 46 32 69 38 49 62 48 53 79 63 64 9 76 8 3 7 77 67 79 31 57 48 59 68 40 40 79 5 63 31 80 46 42 52 60 67 54 6 46 54 60 53 3 45 2 75 6 67 54 34 48 8 68 51 76 49 52 75 62 34 77 7 30 39 73 46 69 63 76 39 45 66 74 52 78 79 45 35 3 65 58 66 70 32 78 50 48 51 67 71 51 64 41 74 4 68 66 35 7 69 6 73 57 49 60 41 33 8 4 80 5 61 3 5 6 51 65 60 4 7 35 49 6 41 59 49 9 40 33 41 59 50 67 7 51 61 47 77 2 73 66 64 55 41 68 30 66 77 8 40 49 37 31 76 61 39 36 39 77 79 76 10 78 10 59 35 44 68 71 7 66 61 53 45 57 75 36 7 51 2 67 64 51 78 10 9 52 38 73 33 56 43 41 74 69 68 39 50 31 60 49 50 8 79 63 6 63 52 10 34 70 66 76 42 76 78 45 31 35 4 74 50 51 67 67 59 3 33 78 56 62 75 67 68 6 79 63 44 36 57 64 65 61 68 69 10 63 37 9 80 37 77 72 7 74 38 70 64 9 62 80 48 0 64 63 42 45 68 75 10 39 9 50 41 78 33 51 74 63 38 54 74 5 73 54 10 68 75 66 64 52 60
65 66 5 3 69 7 5 53 53 56 9 78 9 8 58 66 6 32 4 30 80 68 65 6 64 44 9 9 74 66 71 48 2 54 9 53 57 51 74 41 72 70 38 58 57 63 69 41 51 75 60 32 3 48 42 62 6 72 52 42 70 43 6 6 66 50 6 4 39 50 66 37 33 69 64 49 32 2 53 53 75 2 10 47 61 51 66 75 32 42 61 59 58 4 73 47 78 4 50 5 76 43 35 6 77 6 37 76 64 36 78 34 69 3 3 37 36 76 34 35 79 8 9 68 58 36 54 71 58 37 41 64 45 35 47 65 51 50 66 33 65 32 31 55 36 32 50 49 40 65 70 78 43 52 42 3 68 57 65 33 61 49 62 61 2 64 56 71 80 39 50 46 32 70 38 53 48 30 3 79 71 68 44 56 36 51 37 30 43 76 37 37 36 63 2 71 62 30 39 43 46 38 62 61 47 80 66 76 39 67 6 45 79 9 79 33 68 74 37 68 38 35 3 72 50 10 65 75 59 68 74 31 54 8 69 42 66 78 75 35 2 69 45 63 72 68 3 71 7 7 3 5 69 68 47 35 3 74 33 40 37 74 75 48 31 74 37 79 44 37 34 56 80 46 67 7 63 60 75 45 54 6 55 56 41 59 79 67 42 56 71 38 59 31 56 61 66 37 64 54 71 6 2 73 4 53 45 36 65 2 66 78 80 53 77 49 73 68 3 10 60 0 75 50 61 65 2 65 60 61 6 35 30 67 45 47 9 8 36 61 34 59 61 67 41 48 44 47 30 37
67 45 38 53 68 31 42 4 2 69 61 78 60 70 79 9 36 44 42 60 10 79 7 37 5 56 49 45 77 80 54 64 37 2 62 5 39 5 60 69 48 68 9 6 63 41 5 69 67 70 56 7 54 6 3 38 76 39 78 60 9 74 61 52 35 38 47 60 5 45 54 72 75 59 67 57 67 31 79 67 47 33 68 5 78 69 62 78 77 5 45 10 77 63 5 44 71 44 3 44 54 7 55 68 79 42 2 3 9 64 38 3 32 45 38 61 7 5 78 31 7 56 65 30 3 43 3 3 4 35 30 9 61 57 56 56 56 61 62 39 48 61 2 79 42 5 54 69 36 65 40 79 49 37 67 33 43 5 32 46 46 7 8 2 70 73 56 63 34 38 57 69 78 68 9 62 42 76 31 71 78 57 8 2 62 7 53 37 63 10 31 61 37 57 62 73 38 36 6 33 41 6 46 3 80 70 49 34 33 8 73 10 3 71 33 47 8 58 4 36 7 45 73 8 45 49 80 65 60 62 4 60 5 54 36 61 10 43 50 47 55 71 77 31 54 52 43 74 60 57 67 70 32 50 43 44 62 2 69 75 64 5 41 80 45 33 63 4 76 50 64 51 7 49 55 80 74 52 7 64 6 52 63 32 75 6 65 68 64 5 30 10 69 5 33 4 55 80 6 48 48 31 34 43 55 46 69 44 35 45 43 54 53 6 32 42 32 74 71 63 66 45 0 2 52 9 47 36 43 45 39 6 75 32 4 43 69 80 80 41 40 2 3 70 3 78 36 35 49 73
39 75 69 80 56 49 56 7 9 32 77 36 66 50 47 7 64 31 59 72 2 72 3 52 8 42 50 35 52 39 57 47 41 8 80 10 32 6 44 55 77 66 7 9 39 49 9 67 57 41 41 4 46 4 4 35 67 68 58 50 5 54 56 30 35 79 77 79 8 45 31 61 76 37 31 77 72 73 54 48 36 35 70 6 60 74 34 44 72 5 59 3 76 47 6 80 48 33 3 73 71 3 57 31 55 71 7 5 4 52 75 10 59 45 61 34 7 3 42 64 8 74 68 39 6 52 2 3 7 32 64 7 44 59 66 39 62 48 63 65 47 30 2 53 42 2 63 65 49 55 68 55 37 48 77 57 51 10 64 42 80 2 9 3 48 57 42 48 40 80 62 31 50 61 2 48 42 63 65 30 59 32 9 8 69 3 78 73 52 10 51 54 39 56 56 62 65 69 2 52 50 4 79 4 67 30 75 32 67 2 76 8 6 59 46 75 7 48 9 68 3 54 80 7 57 45 55 68 73 67 5 61 8 76 69 75 8 55 59 65 58 40 52 69 71 80 57 60 61 49 32 78 36 44 33 42 40 8 67 62 77 10 55 79 66 49 66 8 66 74 74 37 2 45 48 73 78 45 10 69 9 64 46 52 50 4 78 63 70 9 33 5 38 2 39 4 42 60 10 32 44 43 79 70 33 75 71 34 55 62 71 76 70 9 61 50 64 76 45 58 33 46 3 0 63 10 49 78 37 64 66 5 67 39 7 73 52 46 41 52 71 4 2 33 6 68 36 49 57 68
10 2 45 49 70 48 69 55 36 3 48 42 51 40 8 34 75 61 48 43 33 33 68 46 62 10 46 47 6 7 77 68 41 40 34 57 65 50 3 73 10 79 39 55 51 41 33 56 5 61 47 63 42 45 38 5 67 63 47 4 48 31 53 58 4 9 68 46 78 80 44 33 78 31 6 51 5 43 80 48 79 68 39 38 8 73 34 53 5 56 51 57 10 63 51 73 3 53 49 54 54 49 51 63 46 57 69 78 68 53 55 44 3 34 73 3 67 33 10 40 62 61 34 3 39 4 57 59 57 60 3 36 63 80 48 5 61 57 7 2 59 10 67 53 5 64 8 2 10 73 36 30 64 8 6 59 45 71 32 4 2 34 77 78 65 76 48 2 64 39 63 30 38 62 73 70 33 46 53 10 59 61 76 41 78 76 9 4 7 63 33 35 62 35 77 10 39 68 74 9 8 46 10 71 39 7 32 3 10 31 58 72 67 30 50 39 72 66 48 70 67 63 45 67 58 41 3 74 5 5 69 7 58 41 71 49 35 77 2 70 45 39 33 63 8 49 70 6 74 39 69 43 46 74 38 9 41 43 4 60 38 69 9 76 75 46 73 46 66 50 2 2 35 4 46 53 40 72 63 8 73 62 49 4 39 56 57 6 61 41 7 70 56 48 78 34 48 34 54 7 72 36 43 34 57 9 40 51 7 59 39 44 10 77 3 2 40 65 72 66 72 74 32 69 0 42 36 35 7 41 75 35 10 76 71 72 31 60 9 9 43 77 47 40 78 2 64 10 46 6
49 78 34 54 72 79 45 9 7 70 44 79 44 44 75 6 35 63 77 56 10 47 6 58 5 71 59 41 58 64 74 63 31 10 75 7 50 8 37 65 47 75 2 9 65 31 5 34 47 30 70 10 38 8 3 57 67 72 71 44 6 42 72 66 65 58 47 46 9 78 45 62 64 52 41 76 44 52 30 55 41 54 65 5 52 43 66 60 47 3 75 8 40 49 4 67 51 36 4 31 33 5 72 68 49 77 9 2 6 65 35 6 31 46 78 42 9 10 61 68 7 47 45 33 5 48 10 4 6 57 63 7 75 69 72 58 39 41 64 43 55 59 5 46 41 9 66 40 30 52 74 48 49 63 73 77 69 8 57 31 50 4 5 10 69 77 44 57 39 47 68 76 71 30 8 78 39 62 56 44 54 47 3 3 73 3 71 36 62 6 55 78 33 40 38 35 32 71 10 57 37 2 53 4 43 64 45 58 31 4 41 4 6 63 54 48 8 80 6 42 2 66 41 4 76 34 33 53 43 38 4 56 2 48 78 34 4 34 59 57 47 68 68 55 52 46 30 31 54 76 79 34 57 76 63 72 69 9 43 35 68 4 44 64 58 80 33 6 51 59 37 35 8 40 75 79 37 47 6 74 7 64 74 77 44 6 42 50 62 3 70 7 71 4 59 2 54 62 6 70 80 30 32 31 54 55 53 52 76 48 33 60 30 9 44 41 45 45 39 68 52 43 5 8 48 0 58 32 74 74 39 10 53 75 7 80 42 76 36 65 58 8 6 30 2 50 44 60 80 67
73 38 6 8 33 7 5 32 65 47 2 41 3 3 44 73 8 58 7 33 45 73 41 2 42 37 8 7 36 30 55 45 4 76 4 55 55 52 38 38 73 49 65 69 57 38 78 53 54 56 59 31 10 60 69 53 10 55 68 65 67 74 3 9 51 77 5 7 37 52 30 40 59 61 80 35 54 9 72 65 66 2 10 36 45 56 33 79 74 46 39 38 77 6 56 65 48 10 79 2 33 57 55 10 62 8 74 62 41 64 64 52 44 5 6 60 44 73 56 54 78 4 3 71 72 51 71 75 49 55 46 72 61 55 51 49 57 49 48 53 72 52 31 47 79 64 72 56 55 75 41 39 68 69 60 9 53 40 66 79 45 53 56 56 4 56 63 71 74 46 35 43 54 71 43 64 43 79 7 55 68 74 77 61 75 66 74 70 33 67 31 75 48 40 6 49 57 55 74 75 79 74 34 54 65 62 65 61 76 57 3 30 54 4 68 66 75 32 75 46 39 37 9 40 49 3 53 66 74 38 59 51 36 4 35 62 44 46 55 75 10 78 47 56 47 69 6 67 4 6 9 4 67 79 41 57 2 78 31 70 52 48 54 61 41 80 36 60 65 38 54 39 32 59 55 2 40 46 38 30 41 2 76 44 72 57 58 46 57 61 56 38 56 66 40 66 50 62 76 66 38 5 5 70 7 67 55 41 56 4 35 80 43 59 73 40 53 37 2 9 34 7 71 44 31 55 0 33 77 67 9 35 40 67 35 55 10 10 73 55 66 72 38 52 58 67 34 43 36 60
31 77 71 45 61 53 46 61 68 59 40 54 48 38 68 51 78 45 33 7 46 10 78 64 55 78 52 52 45 65 39 41 48 47 31 62 9 31 48 56 63 76 46 52 69 7 66 40 50 36 50 40 32 79 35 35 41 62 44 79 70 35 30 61 73 56 35 46 61 7 44 5 4 4 43 56 69 64 34 78 64 45 65 68 79 10 71 76 55 65 42 80 37 72 73 7 80 79 74 71 2 40 8 78 8 36 38 38 62 8 33 63 58 67 42 65 67 62 53 10 63 50 34 54 38 73 47 54 46 69 68 79 38 52 46 79 10 34 51 31 76 75 62 59 80 66 61 76 46 72 37 66 6 66 58 30 4 59 8 74 38 38 77 38 72 10 4 63 9 58 4 3 10 64 45 51 6 5 52 57 7 78 60 36 3 52 35 68 40 43 49 8 47 49 75 57 4 70 57 69 73 50 47 32 79 73 9 37 56 43 34 39 36 52 58 45 33 38 52 6 74 4 77 66 64 31 47 4 76 63 41 65 68 54 32 4 74 6 34 47 79 50 3 8 70 78 45 55 76 79 70 38 43 47 69 31 32 50 39 62 8 33 33 8 80 42 7 43 33 48 61 80 56 39 47 41 61 8 72 42 41 68 46 79 9 70 50 59 37 68 64 62 10 30 71 30 51 75 37 79 72 70 40 9 30 69 2 30 54 37 35 8 31 58 49 77 10 59 53 40 10 78 49 39 59 61 50 0 76 10 55 79 58 58 71 61 64 78 46 53 10 65 53 6 62 48 62 53 46 60
6 6 79 57 69 60 61 40 46 6 33 72 78 52 7 54 52 61 50 79 51 63 52 50 37 9 68 76 2 7 75 78 36 76 74 78 72 60 6 57 4 39 52 44 38 36 42 61 2 70 55 72 65 71 44 5 52 42 50 8 34 79 61 70 3 3 61 59 51 40 39 78 51 67 7 76 2 48 33 68 45 48 53 44 2 63 59 41 7 38 48 70 10 54 30 49 6 70 71 71 73 73 63 70 66 79 56 70 56 47 66 78 10 40 62 9 57 30 7 39 34 61 37 9 80 7 59 65 65 59 6 77 71 36 54 8 74 46 2 3 71 9 52 35 3 43 9 6 3 65 44 72 51 9 10 39 66 38 79 9 8 74 63 72 30 60 66 10 76 35 77 62 44 58 72 58 73 78 60 4 40 49 51 49 74 78 8 5 10 67 35 57 50 67 46 3 31 45 72 2 3 51 3 70 37 8 80 8 3 69 36 66 74 66 38 70 61 37 33 49 64 47 61 32 61 74 9 50 9 4 45 5 78 57 79 65 65 79 5 40 64 52 66 39 6 72 71 2 43 47 55 40 46 68 37 7 61 76 10 30 33 34 4 70 43 30 66 45 40 54 9 4 76 4 33 59 75 70 51 6 72 34 69 6 62 55 35 3 43 60 8 70 76 70 70 46 60 68 40 6 60 72 79 64 55 10 78 50 10 72 61 71 10 74 2 8 77 65 79 72 64 54 75 61 5 78 65 59 0 34 50 53 2 80 78 62 34 72 4 5 54 61 78 38 61 4 75 6 74 5
46 35 70 56 61 59 70 78 31 45 62 51 30 61 38 73 74 36 30 6 34 2 68 47 44 41 67 57 50 80 79 54 77 76 47 41 6 31 48 45 45 74 71 59 78 2 56 47 53 76 53 60 52 47 78 42 41 49 69 52 60 47 74 58 30 49 35 62 38 8 37 2 2 7 49 60 63 60 58 30 73 41 57 69 79 10 30 58 42 67 32 61 35 35 35 4 61 45 41 45 7 30 4 33 6 72 35 42 59 8 68 40 68 62 75 35 64 37 72 3 34 44 76 57 70 75 38 50 70 74 32 80 53 75 65 76 2 48 33 60 54 49 73 51 43 59 43 34 43 63 75 46 9 47 39 60 10 74 9 46 62 49 53 78 69 4 6 49 5 70 4 8 5 30 49 64 7 10 40 43 4 34 69 65 10 49 41 44 55 73 52 7 74 60 56 73 7 42 54 77 49 63 61 43 41 48 10 65 41 41 69 76 36 72 44 64 32 73 74 4 49 6 37 37 53 44 61 9 53 80 60 78 58 38 33 5 59 9 69 58 47 73 6 3 31 61 78 45 59 68 64 40 41 62 74 68 49 32 47 76 7 57 53 3 50 44 2 72 47 30 68 34 72 61 39 70 79 8 56 32 75 61 77 71 6 80 47 79 41 67 79 43 6 78 70 59 58 63 76 36 73 43 77 8 59 43 8 65 72 47 53 4 72 42 54 36 4 75 54 41 7 39 59 64 63 80 63 4 45 0 62 60 36 50 59 67 56 68 32 39 9 46 51 6 38 56 38 57 30 30
33 54 9 9 53 7 5 74 69 66 8 43 4 2 60 70 6 30 9 53 55 74 64 10 32 40 5 6 56 48 34 31 2 71 9 37 55 60 38 37 68 48 57 61 59 35 78 45 50 31 80 51 7 56 72 63 8 41 56 48 46 53 3 9 60 37 4 5 39 37 30 48 69 80 61 33 36 10 61 49 57 8 6 51 44 52 52 74 61 68 57 63 34 7 41 32 69 10 39 3 44 31 71 6 42 5 72 65 75 76 36 67 66 8 9 70 78 75 54 34 36 9 3 31 40 37 71 55 41 47 52 31 53 37 80 63 51 70 47 52 59 34 39 78 71 60 73 47 37 49 61 66 33 37 57 2 43 37 74 75 43 31 41 64 4 51 51 78 32 69 60 77 43 46 72 69 66 64 10 38 52 50 57 62 31 58 64 63 37 62 66 45 58 52 4 53 58 48 33 58 35 73 75 76 62 62 56 68 52 42 9 34 31 2 39 79 68 62 71 51 35 56 3 34 57 9 56 71 63 75 33 63 77 8 71 49 80 57 80 40 6 72 50 55 53 52 8 38 9 3 9 4 73 72 62 42 6 69 57 75 62 55 76 51 74 56 31 31 50 39 36 63 71 60 39 7 80 55 47 44 67 3 51 40 46 40 62 44 58 79 58 34 75 47 71 40 70 55 39 61 45 4 2 70 4 48 40 31 71 6 31 45 45 35 49 30 73 62 9 10 53 3 52 47 53 63 2 73 64 70 0 43 32 30 71 78 8 10 31 74 39 53 77 73 57 33 55 47 64 35
72 73 38 49 36 50 72 2 8 71 61 59 65 41 80 10 71 72 38 36 5 43 7 69 10 77 74 62 70 78 67 79 37 6 50 4 74 4 34 67 32 53 4 6 48 61 10 33 50 58 60 10 79 7 7 72 67 53 50 80 2 77 48 71 59 44 75 57 3 32 74 41 73 77 37 63 75 63 66 35 65 60 50 3 52 55 63 44 48 9 56 10 58 51 2 31 74 55 3 68 55 10 52 41 64 74 9 5 8 75 55 2 39 45 58 63 8 6 56 38 4 75 54 33 6 47 8 4 8 69 71 5 30 52 45 68 69 75 61 68 32 48 3 60 30 3 37 43 37 41 50 73 43 57 59 44 77 4 51 50 34 5 3 7 63 48 48 65 52 40 59 64 63 60 9 74 36 60 74 52 79 67 10 2 39 3 42 61 31 2 44 52 40 56 65 68 68 50 9 42 55 8 42 4 70 65 61 53 34 6 46 3 3 70 41 43 7 59 3 72 8 80 39 2 72 34 59 37 60 38 3 59 8 62 40 67 8 57 32 39 46 49 73 79 33 58 42 39 46 56 74 50 51 39 41 55 76 5 41 58 38 4 34 74 57 66 41 8 71 80 62 41 2 57 53 35 47 36 8 63 5 53 72 51 37 8 30 48 79 8 35 9 63 5 46 6 55 56 6 80 48 57 53 33 45 47 44 80 54 73 36 66 69 9 42 39 34 49 57 41 44 59 10 2 34 5 78 44 68 75 30 0 49 76 9 48 40 74 73 62 59 4 3 77 6 68 58 46 62 77
4 2 73 41 33 72 36 64 54 9 67 67 58 47 4 53 60 52 80 43 80 56 73 47 44 4 76 37 3 7 50 76 48 62 53 50 40 65 2 36 9 58 70 70 75 34 77 45 6 68 32 61 65 31 79 3 69 53 64 4 57 60 54 71 8 6 50 46 76 63 59 68 68 79 3 43 10 56 77 41 47 78 32 74 5 63 48 55 2 38 33 46 5 48 69 61 9 37 35 71 66 46 61 52 56 63 52 49 41 44 41 71 9 59 34 6 45 42 4 80 41 41 30 2 34 4 67 32 79 57 9 36 61 70 77 6 40 76 5 5 80 7 51 41 6 40 6 10 7 65 61 43 35 10 2 53 76 42 76 5 10 51 74 79 54 47 53 7 74 45 51 71 44 40 73 44 49 60 72 3 76 48 78 62 49 31 3 7 8 66 70 51 50 45 31 5 46 65 59 6 9 31 4 76 67 5 80 2 2 49 79 39 38 75 56 79 80 46 68 48 56 58 50 63 59 34 7 30 10 2 72 7 70 50 43 45 30 47 2 43 73 72 31 35 5 43 76 6 46 51 57 49 75 42 51 7 56 46 10 63 33 60 5 34 35 45 40 45 58 73 2 8 72 6 30 46 51 64 60 8 41 64 41 10 53 46 76 7 37 50 5 55 68 71 79 49 79 60 30 7 48 47 67 51 64 6 66 58 10 74 73 69 7 49 9 8 79 57 33 36 67 50 80 38 9 32 71 64 9 53 35 62 0 44 73 49 47 44 9 5 37 49 58 67 72 7 59 6 75 7
33 58 78 40 6 35 38 53 31 77 53 6 58 76 39 50 52 7 37 46 73 61 59 59 80 67 45 40 69 72 9 4 42 43 42 35 34 77 69 2 53 3 62 65 2 43 60 5 61 8 6 33 38 43 40 56 37 4 6 43 65 2 55 46 46 79 60 68 70 41 8 44 70 40 72 10 57 36 10 3 2 77 66 39 33 60 4 9 31 59 7 78 30 54 42 42 51 71 47 54 57 50 34 31 32 76 77 47 47 43 5 50 35 35 50 77 36 43 38 72 59 60 64 65 65 65 60 80 73 7 39 54 9 3 8 51 49 8 61 77 3 76 31 2 31 51 55 56 68 4 6 3 56 31 76 70 76 30 44 68 59 32 45 76 66 43 40 39 67 4 60 65 31 6 54 8 39 36 59 33 71 8 52 60 73 80 30 50 38 53 9 71 2 6 49 33 47 5 74 69 38 78 54 73 2 46 45 60 58 61 50 56 44 43 10 9 40 6 76 36 35 36 70 47 3 75 36 60 79 43 35 60 65 45 6 39 61 75 76 4 55 8 34 35 80 5 70 64 50 48 69 76 10 7 3 77 65 67 30 7 44 62 58 48 6 7 38 31 4 4 39 31 53 51 4 75 7 38 75 80 76 68 9 49 64 31 4 35 4 64 68 66 35 80 2 52 5 8 57 31 10 51 65 77 40 58 67 3 36 61 3 77 79 35 56 45 75 9 51 54 36 34 57 55 62 45 44 66 61 52 47 38 42 0 71 10 33 56 33 46 64 61 62 59 76 36 8 69 3 41
68 80 34 31 68 50 39 4 2 35 50 80 63 64 36 4 56 64 57 36 10 66 5 43 3 51 30 52 77 41 64 78 33 3 59 6 66 4 79 71 40 52 2 4 65 30 7 70 38 30 48 4 74 8 5 58 46 73 55 68 3 32 44 34 58 49 69 51 4 62 78 54 74 53 31 74 49 50 34 30 67 42 32 10 48 39 63 60 79 7 80 3 58 33 7 80 58 30 9 62 41 2 77 39 47 33 9 9 2 54 34 2 77 73 60 54 4 9 53 51 8 75 41 72 2 49 6 2 7 43 64 10 46 51 64 74 73 36 44 31 56 61 3 39 64 5 70 60 41 48 53 78 74 76 33 52 71 7 77 36 36 10 2 7 64 44 70 54 34 72 53 41 75 56 2 32 76 66 73 80 39 77 9 5 48 3 52 55 42 3 79 37 59 47 38 31 69 65 10 69 33 2 67 5 78 57 60 65 62 9 43 4 3 48 31 45 3 33 5 42 9 36 59 2 60 44 72 45 80 36 10 53 6 42 49 39 9 42 78 36 50 59 57 43 65 43 65 80 39 36 31 67 39 56 31 76 79 6 52 32 66 7 78 30 80 77 32 6 45 52 61 46 10 77 69 57 32 35 7 40 7 43 45 76 56 5 69 71 56 2 60 4 65 9 51 5 54 44 5 48 70 48 65 64 38 35 37 57 70 68 35 80 63 10 42 73 51 39 73 79 30 61 6 8 60 4 79 32 35 71 64 5 51 48 0 60 52 38 62 59 54 8 10 58 4 36 47 65 69 71
78 50 74 73 4 77 48 34 71 62 60 3 37 36 45 61 30 5 42 50 51 41 35 48 33 53 74 55 65 78 10 5 33 56 75 54 31 74 39 4 72 10 52 31 4 62 37 9 64 10 8 59 50 37 44 76 66 6 2 68 61 10 39 48 65 49 59 55 57 76 9 71 54 48 65 6 77 79 10 5 10 77 44 56 77 35 6 9 59 59 6 51 56 80 63 36 40 36 63 39 36 35 76 78 38 52 48 42 65 63 9 78 70 43 32 46 60 43 60 55 39 60 46 50 33 36 56 63 59 9 65 34 9 10 9 43 32 7 40 62 7 33 56 10 58 73 71 52 30 8 10 8 40 71 56 68 65 56 68 44 78 76 38 78 40 54 79 64 56 7 43 71 65 8 78 3 76 38 38 72 30 10 79 36 48 32 40 54 64 35 8 76 10 10 34 34 56 9 34 68 32 34 53 72 5 76 38 52 37 53 31 33 31 79 10 9 62 9 33 67 68 42 30 70 2 38 40 45 53 49 57 66 36 72 3 60 73 64 47 2 46 3 57 59 48 8 36 67 75 30 46 61 5 10 7 79 79 36 49 5 73 61 42 39 5 4 76 68 9 3 44 42 41 40 8 78 10 80 68 52 42 53 10 35 33 55 10 51 2 41 74 50 77 45 6 40 3 5 38 71 9 32 65 40 30 43 39 5 40 59 8 75 53 59 69 59 37 3 56 64 66 69 44 52 65 58 30 66 41 50 43 53 49 9 56 0 44 39 40 48 62 41 74 33 45 65 3 78 10 40
59 36 7 2 60 4 4 65 56 75 7 66 10 4 61 37 9 57 6 75 37 34 48 9 75 70 2 8 70 66 36 76 5 41 9 56 68 39 45 41 58 75 71 38 33 80 47 69 53 33 45 59 7 34 80 70 9 60 36 45 76 36 5 7 80 36 4 7 50 39 34 73 49 37 76 65 69 8 72 59 58 6 2 36 73 33 56 52 80 35 44 55 65 5 44 72 68 8 32 9 40 74 57 2 33 2 39 66 60 36 35 77 73 6 7 54 38 68 55 31 40 5 7 79 45 55 31 31 45 52 76 54 53 44 68 57 71 58 46 63 36 54 57 78 49 38 55 35 63 40 65 43 30 65 73 9 65 51 62 77 54 74 41 38 9 56 44 45 63 38 49 41 43 46 59 68 59 53 2 41 35 69 31 69 68 50 41 53 69 31 71 74 32 31 10 42 40 66 38 52 73 54 35 68 67 63 46 59 79 63 2 51 75 8 40 54 50 61 38 59 41 36 9 35 68 7 46 60 57 36 80 73 40 8 44 34 40 42 70 38 4 55 46 30 56 40 2 42 4 3 6 10 65 76 32 67 2 42 50 49 80 47 44 75 38 76 54 71 67 40 44 31 63 64 63 6 68 45 37 64 65 8 64 61 37 69 56 72 65 69 38 37 50 65 34 70 68 52 47 45 38 2 8 66 7 61 73 64 65 6 34 54 64 65 52 80 52 31 9 7 32 10 79 48 30 78 8 30 43 33 8 33 33 64 48 75 0 10 61 69 79 47 63 32 79 42 76 49 75 75
55 62 7 7 56 5 6 61 73 66 6 45 7 5 56 34 4 78 6 48 63 51 66 6 61 31 9 4 33 34 71 70 2 55 9 74 64 54 38 77 72 37 44 70 45 72 39 64 58 39 69 69 2 57 66 67 9 58 68 38 57 43 6 2 54 41 7 7 72 79 50 37 46 64 80 76 34 2 78 73 39 10 6 73 63 40 35 58 59 39 59 71 73 7 80 48 32 10 66 5 75 53 59 2 41 5 55 48 34 72 79 61 34 3 6 46 63 72 64 55 42 6 2 48 52 67 75 49 70 67 62 30 34 43 31 70 41 60 45 62 75 47 36 76 52 54 64 39 80 58 44 41 46 35 57 8 53 60 54 59 79 70 40 64 10 30 63 51 51 66 58 65 34 41 49 46 34 65 7 64 31 46 42 74 38 79 60 68 57 30 41 64 51 61 9 40 59 44 35 58 38 39 53 52 30 72 77 77 54 75 3 69 71 5 50 80 80 62 56 57 41 58 10 40 73 9 37 32 73 77 72 77 33 5 53 36 72 38 41 57 7 35 72 44 69 68 3 39 3 2 2 2 69 50 78 48 2 43 63 62 40 33 51 58 52 78 30 53 67 34 47 46 68 60 62 3 60 79 39 34 61 8 44 31 48 31 45 76 30 56 79 38 48 62 74 64 76 79 56 50 62 8 7 59 3 73 62 69 57 9 67 55 32 39 57 51 74 62 7 7 65 6 51 44 64 66 7 43 45 46 10 71 76 73 41 74 5 0 44 41 39 78 53 30 41 53 40 77 33 38
10 8 80 78 58 44 34 62 71 5 46 33 51 34 8 71 40 47 64 73 51 63 69 32 50 8 67 47 4 3 75 73 65 60 75 75 48 39 7 79 9 76 71 58 62 35 32 41 7 30 32 80 73 43 42 8 31 33 72 10 79 59 66 43 3 3 57 36 42 50 42 71 64 62 3 79 10 46 62 56 39 42 56 60 4 55 48 47 10 44 74 73 5 50 68 51 5 72 76 30 64 50 48 35 42 39 63 59 69 53 36 65 8 54 32 5 30 36 5 71 67 44 40 9 47 7 51 54 56 56 9 70 39 39 45 4 56 67 6 10 79 3 63 60 4 74 5 5 8 53 69 51 47 8 2 37 55 49 50 5 2 61 47 47 34 60 78 4 37 68 79 54 58 45 59 61 74 77 61 4 44 37 71 36 45 74 10 7 10 65 60 54 44 73 50 6 42 75 55 10 3 61 8 48 49 3 61 5 9 53 32 40 67 60 56 73 62 56 57 37 79 67 72 68 73 74 3 42 8 2 49 3 58 39 44 36 64 49 10 71 74 63 33 77 10 70 54 6 55 73 80 79 78 76 74 5 69 73 5 46 34 61 6 56 66 40 70 53 32 58 6 10 75 10 42 61 61 52 35 9 34 59 65 7 48 48 33 10 53 31 10 56 59 54 35 59 49 60 34 7 68 44 66 77 41 6 34 79 6 31 69 72 10 69 6 2 69 53 74 78 40 40 37 55 7 79 72 49 5 54 72 55 2 64 40 78 59 69 0 4 63 74 55 57 47 4 34 6 67 3
7 8 66 42 78 62 46 30 79 3 44 79 49 52 10 35 41 57 70 63 72 45 60 60 75 7 67 75 7 2 41 38 47 35 32 54 57 32 10 30 6 75 43 51 38 44 41 66 10 53 31 48 36 51 45 10 40 43 50 6 78 35 60 39 10 5 77 79 64 77 49 73 79 66 4 49 3 61 80 32 52 64 77 51 8 43 68 42 4 38 77 43 2 73 41 65 4 75 36 55 30 33 43 61 46 55 72 50 75 65 34 68 6 61 49 4 38 55 6 68 62 37 64 2 38 5 44 43 57 43 5 42 62 31 58 6 62 36 7 5 71 2 73 49 9 57 9 6 3 51 54 39 34 9 6 55 57 49 57 7 4 49 58 64 53 37 78 4 58 64 61 68 56 75 34 73 33 62 53 10 32 75 47 49 56 65 3 6 10 68 39 42 33 76 49 6 52 40 73 4 4 60 8 35 38 4 61 8 7 72 51 43 66 70 76 53 63 61 37 36 75 55 64 58 66 69 4 31 7 9 42 9 80 62 46 33 54 58 5 41 49 79 52 32 9 36 48 8 80 35 63 34 65 65 38 4 52 76 6 78 31 76 4 46 30 31 40 66 51 77 6 9 54 8 66 46 49 49 54 5 38 41 74 10 43 77 56 5 69 58 4 57 72 75 67 30 70 38 55 4 75 44 31 70 48 8 50 52 6 75 47 63 8 73 5 9 50 46 32 52 74 79 51 42 6 50 58 47 2 63 53 34 10 37 70 49 73 52 10 0 78 50 43 42 32 9 48 3 74 10
59 48 79 46 59 62 45 59 49 65 57 31 33 57 80 38 70 78 51 7 32 5 32 33 52 67 58 30 73 52 43 30 63 73 58 38 6 38 75 51 48 71 41 43 75 10 75 56 38 46 32 71 71 63 75 59 67 35 58 59 60 51 76 71 76 55 33 75 74 9 50 2 8 6 33 60 80 70 48 76 77 80 79 73 80 6 60 58 42 57 54 41 30 53 46 3 71 33 58 59 8 52 7 69 3 67 30 45 34 7 52 31 65 38 48 72 42 72 71 7 55 41 36 79 79 73 72 72 48 52 59 32 69 48 45 72 9 68 68 43 38 51 32 67 61 55 39 50 56 47 73 70 4 34 55 32 5 57 4 65 51 56 72 72 72 2 8 79 3 39 4 8 7 69 51 38 10 4 80 71 3 30 38 33 6 63 49 72 40 40 48 9 31 62 36 76 10 31 36 41 36 57 64 31 39 50 9 70 76 58 36 32 75 51 63 76 59 43 80 6 42 10 55 65 37 63 33 10 54 59 48 49 78 51 64 5 47 4 55 43 69 40 9 5 47 62 73 78 71 75 49 32 54 67 41 53 61 44 69 77 3 62 48 5 54 42 8 42 54 39 35 54 46 65 31 67 68 3 51 51 47 51 36 63 5 66 43 44 33 48 64 32 10 62 41 69 45 39 67 66 76 36 46 6 35 73 8 44 39 54 70 5 68 37 47 39 3 58 67 48 5 79 69 38 33 68 74 10 72 6 43 38 71 59 56 75 78 77 56 49 0 50 39 10 70 78 46 48 41 70
66 67 68 78 47 76 41 4 9 78 65 79 44 40 61 10 66 50 57 68 9 57 4 77 5 60 80 30 52 39 75 60 78 8 72 9 36 7 72 62 71 70 7 10 76 72 7 36 79 32 62 2 64 3 5 48 49 41 33 64 7 50 54 42 59 77 75 69 8 47 71 54 43 78 54 62 34 56 62 58 66 46 61 5 30 70 73 52 38 7 32 4 34 80 2 40 40 67 3 66 57 3 38 52 64 38 3 8 10 32 44 6 32 34 67 66 6 9 75 34 10 46 77 58 3 36 4 3 10 76 34 9 46 48 54 58 48 67 51 55 38 70 3 58 57 10 33 67 77 74 67 35 42 33 66 46 59 8 77 58 55 5 2 7 48 35 48 79 41 79 73 77 70 73 9 77 59 45 59 39 31 51 2 10 58 6 45 63 76 6 51 62 67 65 70 32 46 64 3 40 76 10 40 3 59 38 48 63 75 10 59 6 5 63 51 61 8 30 6 60 4 69 47 2 51 62 58 42 61 38 9 50 4 54 53 45 3 55 69 30 43 59 38 34 46 56 59 56 65 66 55 63 77 61 58 63 74 3 67 80 35 8 58 62 57 58 66 9 56 70 78 79 3 52 58 54 63 64 6 78 9 51 71 40 38 7 74 58 69 4 73 8 35 8 78 2 60 60 9 48 35 74 36 32 42 68 31 35 71 58 62 33 61 8 42 59 65 72 37 35 47 38 5 9 60 9 65 79 46 52 69 5 75 34 10 65 58 62 47 30 63 0 3 30 3 49 37 63 59 58
32 33 48 80 57 39 59 9 5 78 65 65 73 54 78 8 40 70 78 58 3 69 2 33 7 31 33 38 49 40 70 40 70 8 71 6 45 4 62 74 80 65 3 4 36 75 8 65 53 69 44 3 67 3 8 54 37 80 80 34 9 43 43 73 53 46 42 46 6 57 46 32 37 64 71 45 80 31 56 80 70 34 78 6 62 46 47 68 34 9 30 5 80 75 5 65 58 66 10 74 57 2 72 67 58 51 8 5 7 31 42 7 56 53 74 71 2 2 55 48 5 57 72 37 6 47 6 4 8 59 47 2 62 61 43 51 37 32 76 53 65 64 6 46 75 8 41 44 73 64 41 40 37 63 73 65 50 9 56 77 73 10 7 9 66 39 80 62 45 47 77 44 42 67 5 66 44 42 44 48 80 55 2 9 62 10 65 32 51 9 37 62 68 36 46 35 75 63 5 41 59 7 80 3 53 36 50 66 43 6 59 3 4 33 53 61 3 75 7 36 9 77 37 8 45 78 31 41 77 66 2 54 10 32 32 52 2 54 75 80 79 45 51 61 51 52 78 47 67 72 49 66 43 32 57 42 44 3 61 57 50 7 78 71 74 31 41 4 68 75 40 61 10 49 39 35 52 41 5 40 3 67 63 47 67 7 34 38 60 7 54 7 78 10 67 2 68 52 10 40 64 53 66 73 69 71 53 64 71 61 40 64 66 9 74 63 34 42 42 35 39 80 2 7 73 3 35 45 68 64 55 2 79 70 5 71 78 52 72 47 56 5 0 40 3 57 41 48 79 58
37 31 60 69 63 55 57 36 62 72 49 40 79 42 33 63 40 70 54 4 32 8 48 80 78 71 74 79 37 70 56 33 44 74 35 59 7 35 50 79 49 72 79 42 39 2 54 73 43 65 56 59 44 52 71 66 58 44 35 61 40 31 69 54 31 52 62 77 33 7 38 8 7 7 71 34 56 41 73 40 79 66 30 31 59 5 38 53 79 49 66 55 38 38 56 3 55 62 44 38 7 79 10 44 7 56 56 51 43 4 61 80 46 55 53 75 34 45 72 7 69 38 52 66 39 69 48 71 50 52 61 45 48 31 49 33 2 32 75 74 45 54 47 42 72 67 47 59 32 35 70 48 6 55 50 39 9 49 2 41 41 53 75 52 59 7 10 78 9 60 7 2 10 42 74 49 10 8 72 61 7 40 44 79 10 79 73 36 35 44 39 9 71 48 49 73 8 38 51 50 60 76 79 73 38 75 5 78 58 61 74 79 72 46 67 75 45 37 48 9 46 8 73 50 44 69 41 8 34 34 64 57 54 78 70 10 30 10 44 68 52 52 7 6 75 60 55 44 68 73 49 77 37 39 78 34 59 54 57 77 9 64 48 2 45 60 7 38 37 64 32 68 78 37 53 67 72 6 66 77 44 68 53 58 10 60 59 78 67 47 66 80 9 54 39 33 42 31 43 62 56 30 43 4 77 56 4 45 35 64 36 4 79 39 71 67 4 34 46 77 9 76 43 74 74 78 64 6 75 10 42 35 76 31 43 49 45 74 77 61 4 34 76 0 80 37 47 57 63 70
70 48 68 43 80 51 64 10 5 78 51 38 72 30 31 2 70 31 71 62 6 40 7 69 6 35 40 45 58 63 47 70 69 2 49 4 71 6 58 73 62 52 10 3 35 62 5 63 66 55 55 9 63 7 6 54 34 62 60 63 9 53 57 59 73 68 50 77 6 31 49 55 56 39 71 59 60 43 60 59 56 60 63 5 77 51 67 45 76 6 42 9 53 61 4 57 76 52 4 73 49 3 53 33 56 77 4 7 7 36 36 4 34 41 62 35 6 8 55 54 3 43 73 52 5 49 8 6 8 33 49 10 78 76 67 63 59 48 72 62 37 64 3 53 58 8 80 79 53 61 43 34 46 70 69 36 30 6 64 35 66 8 5 10 58 67 41 79 35 62 40 41 39 71 2 47 64 65 42 54 59 51 10 4 34 4 48 68 54 6 66 37 53 44 33 52 45 36 5 61 64 2 77 9 67 73 38 67 46 6 46 8 6 40 50 63 9 38 10 74 3 41 54 9 71 54 67 56 76 39 2 39 2 72 79 48 10 43 33 73 69 76 43 73 43 74 73 44 72 52 37 72 43 63 67 77 49 2 75 39 41 7 44 31 61 53 38 10 68 39 42 35 8 53 49 31 78 68 4 33 4 46 35 66 54 10 58 62 34 7 69 4 60 8 76 5 78 40 8 78 52 44 45 34 41 44 52 42 44 72 38 61 79 3 32 79 73 54 39 39 48 78 2 8 77 2 68 33 79 48 62 2 76 57 9 46 55 67 59 66 79 3 2 61 0 57 38 36 48 50
2 7 46 57 33 32 35 31 50 7 46 75 57 49 9 65 47 47 76 79 54 78 60 77 34 7 52 72 9 2 36 67 39 30 59 32 56 59 6 33 10 74 73 44 68 45 62 76 6 72 46 58 58 44 67 9 40 69 49 9 73 55 46 38 4 7 50 49 34 36 31 51 31 33 8 49 5 41 57 52 68 73 34 62 4 52 66 45 9 30 43 61 10 72 30 62 8 55 75 74 36 74 72 43 34 70 65 78 43 45 75 37 6 63 36 10 53 51 6 62 45 69 55 8 80 3 58 54 51 65 3 41 56 32 35 3 69 78 8 8 43 5 62 59 2 52 4 3 8 44 59 40 30 8 10 49 30 49 31 4 3 34 65 47 79 70 45 7 72 62 49 69 68 43 56 36 44 79 48 4 41 78 50 32 33 64 10 3 8 34 44 76 65 40 69 6 46 49 47 7 10 44 4 48 54 10 36 3 5 54 69 37 36 40 63 72 64 44 62 72 67 53 32 66 41 78 5 57 4 10 71 4 41 69 74 47 56 54 6 54 47 51 69 61 4 68 45 10 77 40 34 76 32 50 31 10 44 56 3 74 68 31 6 70 60 75 53 67 71 78 5 4 40 6 74 41 71 65 64 9 53 62 58 8 39 57 57 10 34 53 2 51 41 77 64 71 36 72 51 9 30 55 42 66 65 5 51 67 10 79 68 68 10 40 3 10 50 55 39 48 48 77 37 73 2 77 78 64 6 40 42 61 2 45 48 71 39 80 8 7 39 67 61 32 57 0 67 2 39 10
75 52 56 61 6 65 76 73 38 71 72 6 51 62 72 70 62 3 61 48 59 45 66 34 56 37 70 34 75 51 3 5 53 76 57 52 53 66 68 10 73 2 50 46 3 31 35 6 78 8 3 32 31 70 80 52 79 8 3 73 31 6 32 50 54 52 78 62 71 44 6 45 46 44 54 5 51 40 2 5 7 51 53 78 68 78 5 5 63 58 8 64 74 77 31 79 40 33 41 37 36 32 80 69 30 68 32 69 69 59 3 60 56 37 73 63 33 70 36 43 35 60 71 30 79 45 68 51 52 4 40 66 8 6 7 38 56 7 59 36 8 70 56 5 48 37 43 65 50 5 8 5 43 37 34 55 57 75 67 46 73 47 47 30 30 55 43 62 54 9 38 59 56 9 70 3 30 71 34 40 39 10 40 51 30 59 75 38 43 72 4 71 2 4 78 51 47 6 63 57 33 66 58 68 9 66 47 80 62 80 53 46 51 56 5 6 46 5 74 45 35 66 62 37 7 61 53 58 52 71 54 44 55 46 3 30 77 45 49 8 45 8 47 58 55 7 47 48 38 60 71 46 5 4 9 60 57 63 63 4 65 33 34 43 6 7 79 30 8 7 54 60 33 73 7 53 5 49 59 32 42 58 2 79 41 78 3 59 7 63 70 61 80 32 6 56 6 8 49 50 10 43 35 73 53 70 30 6 68 59 3 75 45 57 32 34 70 2 70 40 52 66 74 74 47 48 63 51 45 42 62 45 51 10 68 10 58 31 72 57 64 59 43 63 68 80 0 36 7 71
8 3 75 54 58 69 44 53 65 10 75 66 71 55 7 34 52 49 33 46 66 70 51 75 42 10 63 78 5 8 49 51 75 38 37 57 32 54 6 35 3 30 54 80 33 73 42 46 9 65 54 40 40 32 34 9 32 62 78 7 33 56 65 60 5 6 34 48 79 73 52 45 76 55 10 68 10 56 61 40 40 38 59 50 10 41 75 42 5 62 65 49 10 38 73 55 2 57 34 37 62 54 55 61 67 31 35 73 74 45 68 61 3 66 33 5 65 35 9 60 41 49 34 2 57 2 59 59 79 48 2 50 40 38 69 9 50 56 5 8 44 7 66 38 2 66 3 5 7 31 61 71 30 8 3 72 48 30 63 10 3 63 77 56 37 75 78 8 63 67 62 65 77 45 37 49 68 68 68 2 51 30 30 48 36 73 3 7 4 76 47 70 62 71 77 7 60 49 79 6 9 47 7 69 55 5 63 7 4 57 33 62 60 69 67 62 49 56 78 51 46 77 39 46 65 56 3 44 4 4 73 2 32 75 53 40 62 35 9 37 55 66 60 54 3 39 55 5 59 44 40 43 80 68 45 6 79 31 5 54 34 37 2 43 67 33 43 38 54 52 10 5 74 10 52 48 56 45 68 5 50 67 71 4 50 52 75 9 37 40 2 78 47 34 34 35 31 47 37 3 55 39 42 72 35 6 42 51 10 54 50 51 4 41 4 8 41 34 63 48 30 36 36 53 10 80 33 63 10 43 57 39 7 65 73 40 49 62 3 9 44 65 49 48 69 4 68 0 53 10
54 63 53 31 8 47 41 74 56 57 43 10 59 46 77 41 48 8 78 49 46 50 41 48 50 64 31 64 75 37 5 9 80 79 56 74 34 32 45 7 60 4 63 68 8 51 45 3 37 6 7 37 53 63 71 66 31 8 6 47 48 5 77 42 78 35 55 72 70 48 2 77 31 72 53 7 60 55 5 9 9 35 31 53 72 56 8 4 44 46 5 68 46 72 66 79 43 53 51 46 42 34 43 56 77 68 51 38 42 49 2 69 70 66 58 55 31 45 53 46 67 41 35 30 78 57 46 63 65 10 40 79 9 8 9 41 47 4 72 49 3 54 59 8 65 61 48 38 45 6 4 6 40 74 41 76 31 73 47 69 74 58 31 49 55 62 78 45 77 5 53 62 58 7 41 3 44 31 52 64 58 8 72 40 31 44 37 65 71 72 3 79 2 9 37 65 49 2 79 50 40 51 70 77 6 32 55 51 64 62 80 32 53 36 9 2 43 3 75 39 43 54 45 71 9 31 62 36 49 71 63 35 37 76 5 59 66 76 32 5 43 4 47 39 36 4 45 73 69 32 68 69 6 2 3 38 41 36 65 9 46 42 65 80 9 6 74 60 3 8 49 66 73 70 10 39 10 74 70 32 74 58 10 37 75 53 7 31 6 47 47 51 34 51 9 62 10 10 70 58 3 45 32 58 45 48 61 3 39 56 9 79 67 42 40 76 36 7 39 46 72 39 78 46 39 66 63 54 57 68 32 34 33 2 63 5 51 60 69 55 39 61 79 57 64 65 7 74 0 55
5 5 73 50 46 54 53 78 38 2 72 57 30 56 5 61 78 37 61 49 68 74 79 32 68 4 45 45 8 8 60 77 79 59 43 51 46 43 9 71 8 48 42 68 75 70 66 52 7 47 68 32 36 80 59 2 56 53 77 8 44 75 38 33 3 7 80 37 39 62 50 71 73 40 2 32 6 37 33 42 63 48 61 63 9 35 32 79 3 36 62 42 7 32 80 74 6 58 60 70 33 70 72 50 49 68 53 80 41 62 39 32 8 47 31 4 39 30 4 54 77 75 54 2 40 2 73 52 35 51 10 59 46 72 73 3 75 53 2 10 62 2 32 48 3 74 7 5 6 51 48 59 35 5 3 32 69 50 33 10 4 42 52 77 76 35 43 10 33 37 49 67 31 30 52 38 72 74 45 7 45 37 30 43 64 37 7 4 9 54 59 75 72 40 39 7 52 77 78 3 9 35 7 78 51 5 74 2 10 68 71 80 68 33 34 42 35 31 51 80 61 68 64 46 38 73 8 70 7 2 67 8 38 45 56 69 69 40 4 70 58 53 69 48 7 57 43 7 59 78 68 71 42 46 78 3 72 46 6 72 41 53 2 30 71 55 63 64 55 52 8 8 55 3 41 48 74 45 66 6 70 33 36 9 38 67 53 5 61 80 4 61 69 37 36 45 48 75 75 7 50 69 57 76 59 10 50 80 4 36 71 66 9 44 2 6 32 40 78 71 40 63 31 46 10 36 52 69 4 59 37 37 9 37 80 46 50 40 3 3 60 61 63 34 59 2 57 2 43 0
