400
17 77 27 9 3164
11 40 19 12 13291
26 56 27 5 7522
25 88 27 20 9390
16 81 17 20 3836
10 64 31 18 7771
22 44 36 13 1591
12 79 34 17 1765
11 73 22 7 8152
30 96 21 9 9940
12 99 16 20 11498
16 48 33 19 11942
28 86 24 16 14008
23 47 20 8 8713
20 75 35 20 8251
29 55 24 9 5828
26 66 31 7 13240
26 99 22 16 3995
10 67 25 12 4371
11 84 23 17 4888
23 52 36 17 1904
15 33 21 10 4915
13 31 40 17 5600
15 85 22 9 6719
28 87 28 18 1313
28 38 24 8 557
12 43 39 16 2517
26 92 37 9 9903
12 54 15 9 5583
22 45 38 14 5758
20 76 15 20 3441
11 34 39 10 2913
20 85 29 8 1365
16 58 30 20 12946
14 78 18 8 9514
24 46 38 19 8429
12 90 33 17 13376
21 88 22 6 3235
11 87 18 8 3460
10 32 35 16 13586
23 97 17 11 8217
17 71 31 17 12188
26 55 15 14 10046
19 40 38 15 14860
22 58 35 14 1304
27 83 38 16 13218
20 96 24 16 12833
19 43 21 20 6061
22 69 21 14 6504
29 79 36 16 13449
29 76 36 18 3209
25 97 31 7 4404
15 38 30 13 6876
13 65 24 13 13176
26 64 23 18 4006
21 61 22 19 4094
17 97 21 16 8137
13 44 27 7 10726
15 84 16 9 361
29 54 36 13 1426
13 89 29 14 9275
12 46 34 16 14172
30 38 25 6 13690
12 47 35 16 13573
12 59 38 6 9826
20 58 24 16 5354
12 96 18 16 7119
15 50 23 17 2437
23 38 18 12 1345
19 52 25 11 1786
11 37 32 10 13518
15 71 24 12 12061
26 91 18 7 2252
14 58 25 11 6681
15 51 19 19 996
24 66 28 18 9475
21 92 26 10 5059
18 90 19 13 8191
30 94 32 14 13220
16 97 27 9 13514
25 90 18 14 6456
11 34 26 14 5685
22 33 34 9 13603
10 40 20 19 9501
14 84 33 8 6106
26 35 34 16 5867
13 70 35 8 7809
15 60 30 16 9443
21 77 39 18 6142
30 34 38 9 11631
30 70 16 6 3811
26 76 30 16 7798
27 52 24 9 10601
18 32 40 19 12147
19 63 29 14 4744
22 93 29 7 8179
30 86 25 9 9476
13 76 37 19 5926
25 79 21 10 12812
14 94 16 7 8981
19 57 19 17 4152
16 44 15 6 7259
16 70 25 5 89
10 46 33 14 10495
19 31 16 11 5391
20 41 28 12 14930
10 42 31 11 7889
23 44 28 9 1221
14 74 34 18 10761
11 62 28 11 454
19 38 39 20 5162
15 58 16 17 13556
19 63 24 13 9877
10 81 40 11 11522
16 54 18 20 2554
20 60 35 7 7125
21 94 32 20 14893
24 76 34 9 10105
15 90 18 12 8499
20 50 32 12 3618
23 55 25 9 9229
18 39 29 15 9361
14 60 38 17 13761
10 70 27 16 12597
19 45 18 17 11107
24 82 34 5 7986
20 100 37 11 267
10 94 25 16 11555
25 43 34 10 1867
11 86 23 7 8970
10 55 22 7 980
20 74 27 15 7982
29 50 30 13 10300
11 91 29 12 14414
27 37 31 17 7352
26 90 40 10 1927
28 95 40 10 5400
19 99 27 8 7317
27 53 24 10 12261
21 75 31 6 11116
22 65 17 12 9042
25 86 24 11 7814
27 38 35 7 10311
19 38 20 17 1659
27 45 20 10 11770
25 71 33 12 11567
16 86 22 17 485
26 74 24 8 8635
26 92 33 6 9555
13 86 38 16 4172
20 43 18 11 14287
25 84 33 19 1646
14 33 26 9 6385
24 72 36 18 9743
13 78 30 18 13648
14 39 38 10 3858
24 55 23 9 3471
26 30 25 16 1416
15 94 25 18 11867
19 47 22 17 211
28 43 19 12 1059
15 48 30 14 14326
27 79 17 19 11646
19 39 27 19 8140
23 72 30 12 5075
11 43 15 16 10650
23 31 38 13 11507
21 35 35 10 10210
12 99 30 6 8251
10 36 38 8 5225
14 61 26 16 13121
26 98 26 7 3952
30 54 31 12 4601
13 83 15 11 376
13 82 25 9 8193
18 58 16 15 14509
21 95 27 10 14068
29 71 40 14 2617
10 64 38 5 8648
11 67 32 9 4929
27 56 15 9 11414
11 96 39 9 5787
18 86 38 13 5674
19 47 26 19 7287
29 59 39 15 13515
12 98 23 5 14229
19 73 31 8 4479
10 30 33 19 11366
22 97 21 5 11339
10 46 40 6 14533
20 72 32 12 12674
22 56 30 19 12371
19 81 38 18 8045
13 79 31 15 6967
25 99 27 6 8714
16 59 32 10 6365
23 70 22 13 9008
20 94 15 14 3871
23 80 32 13 13842
25 72 16 20 10205
17 52 26 10 14269
15 59 21 6 10976
30 78 33 12 9250
13 46 36 13 4819
11 49 37 20 1295
21 42 34 13 12716
30 44 38 9 10775
11 44 26 14 5752
18 47 40 6 14367
30 50 39 17 144
10 86 29 16 6618
17 37 26 19 5488
19 100 28 9 4409
23 38 17 12 5402
16 97 27 6 7321
19 60 24 15 14493
18 82 16 5 138
23 34 35 11 3737
27 43 40 7 7790
29 47 20 19 8089
12 33 32 13 4706
11 100 26 7 4436
21 94 24 19 8786
17 60 16 7 3713
24 69 16 8 7106
27 63 28 8 2259
20 83 36 16 13025
25 78 30 20 8380
12 80 25 17 5334
23 69 24 20 7349
10 61 17 13 1232
30 98 33 6 13092
14 34 15 8 9954
16 97 30 19 4817
16 41 24 15 4977
25 49 34 19 5754
18 67 20 17 12789
19 33 38 8 290
17 82 32 11 9385
14 47 34 8 2890
18 88 29 10 9567
17 78 24 18 10051
23 33 20 5 12796
24 43 19 16 12276
24 45 28 13 1546
11 39 24 10 12663
23 71 16 18 5490
11 94 15 9 14489
25 46 38 19 2128
18 90 31 17 4410
20 70 33 14 5628
10 57 38 10 6418
19 53 17 14 4884
11 51 30 13 9558
14 86 28 9 10351
16 82 25 14 683
18 95 21 18 8387
15 89 17 11 12508
12 31 18 9 4382
27 56 36 6 6869
14 93 36 16 9314
19 82 21 5 6532
23 83 31 14 331
23 59 26 19 4298
12 86 18 6 10167
24 97 20 15 3581
20 46 19 16 4157
15 40 15 15 12830
24 39 31 6 5740
11 49 30 10 10295
14 78 35 10 13273
27 75 40 9 5719
21 35 32 15 1114
16 91 30 15 8501
15 48 33 17 8113
17 81 15 15 14829
21 49 18 8 12160
30 84 37 8 3513
11 53 19 17 2847
19 45 33 15 99
27 35 40 20 14898
14 66 33 5 10892
13 88 34 10 6793
19 64 30 18 13548
29 70 26 7 13458
27 90 19 16 14647
22 82 32 9 974
12 86 27 12 6550
26 71 31 10 12026
11 47 19 8 4741
11 77 17 10 8828
24 55 26 6 10444
27 61 22 12 9974
30 95 24 16 4085
15 78 17 16 2869
26 74 18 17 3560
11 82 17 12 13156
18 47 26 10 6175
23 40 18 13 14556
27 80 30 12 2480
27 77 20 5 14740
19 64 15 20 7820
22 44 37 13 11643
24 48 31 10 9354
22 31 23 9 3743
14 69 17 7 9172
10 93 24 20 8356
22 50 29 15 3496
26 85 30 16 11040
25 30 40 9 4238
19 67 31 9 11502
29 67 40 14 12133
27 42 22 11 3038
19 82 40 13 11665
13 40 36 10 10028
25 81 16 10 6424
13 60 17 12 8667
23 50 19 19 12446
16 65 15 15 4599
11 72 38 20 4587
27 64 26 10 760
10 68 21 14 3785
20 39 37 11 9356
19 49 36 5 8213
28 38 37 17 2675
16 60 19 16 13987
24 73 38 7 12261
10 89 34 7 10003
22 35 24 8 14144
23 33 34 19 9123
21 69 29 12 11264
18 43 18 12 5028
28 53 39 7 4198
16 94 36 18 12624
23 84 19 8 1496
17 48 38 9 3763
10 99 30 13 14559
11 68 32 12 6614
26 77 25 18 6173
20 64 39 8 1057
11 57 36 7 2678
15 33 31 5 11361
30 46 22 11 2474
22 80 17 16 8845
11 69 32 7 13405
27 85 18 14 4577
23 47 31 16 5079
24 37 33 14 12035
17 100 27 7 7842
13 61 30 7 294
22 88 17 5 14058
16 94 34 6 12668
17 41 25 12 5887
17 56 24 9 5470
18 86 17 16 1223
18 82 20 13 2318
22 57 20 9 12310
10 42 33 10 5360
10 72 34 5 1742
24 62 38 10 13460
28 48 15 12 4298
20 74 28 14 14764
23 94 38 13 1384
12 77 21 12 12062
23 35 26 12 6210
10 38 16 17 11966
23 57 39 9 10426
12 93 39 15 2885
16 33 15 19 13110
20 55 24 7 2369
27 42 31 18 2732
10 80 32 15 4103
19 50 25 12 12783
13 72 17 19 9422
25 89 36 16 1312
13 77 37 15 5337
19 72 37 7 11627
30 82 24 20 3724
19 92 22 9 8997
17 43 26 13 6560
16 83 38 12 3428
11 92 37 16 3242
17 95 31 11 4045
17 64 27 19 11390
17 50 17 20 9466
26 42 18 12 1086
30 68 26 12 541
20 56 23 20 11883
19 39 24 11 1050
12 56 30 17 11202
27 67 40 18 1283
28 98 33 5 2725
30 96 33 8 3896
23 98 23 14 8283
13 45 36 16 7692
15 32 27 10 2429
28 39 16 6 847
20 91 23 6 3957
13 88 18 14 9239
20 92 38 20 927
0 9 10 19 7 11 9 18 14 7 9 14 9 12 17 13 9 5 15 18 6 19 6 16 13 13 13 19 20 18 5 5 10 14 5 17 5 20 7 17 17 8 16 7 14 8 5 15 9 19 7 18 12 19 11 14 18 18 5 6 8 19 10 15 13 12 8 14 14 9 13 13 13 15 20 5 5 9 9 13 5 9 5 13 19 5 16 10 20 17 8 6 7 8 13 17 8 19 13 18 13 20 11 5 8 17 10 17 14 13 5 14 15 11 19 20 5 9 16 7 20 13 15 19 7 15 9 11 6 18 5 7 8 19 13 20 20 11 14 14 14 20 17 14 9 13 13 13 17 5 7 9 13 6 14 8 14 8 17 14 12 18 19 8 10 18 13 20 13 13 8 13 14 16 20 20 10 6 17 12 16 16 7 10 12 7 13 10 6 15 19 7 16 13 14 11 17 6 9 13 5 9 9 19 19 6 19 19 7 20 6 18 20 19 18 10 12 6 16 7 5 16 9 18 14 7 18 18 18 16 20 15 7 7 18 12 14 18 7 10 18 11 15 12 6 15 16 12 16 10 9 16 12 19 6 6 20 19 16 20 20 18 13 17 9 5 11 7 20 8 9 12 5 16 17 12 16 14 7 8 7 16 10 17 9 15 5 19 10 10 18 12 15 14 20 12 15 11 9 16 12 15 14 5 17 7 16 17 20 7 9 20 20 10 9 13 5 6 5 13 13 11 12 15 7 20 19 13 13 18 16 19 12 19 17 15 20 8 11 13 8 9 5 9 10 15 14 6 9 18 11 14 18 8 10 12 20 10 12 15 16 10 16 8 12 16 5 20 7 10 18 5 10 19 13 12 14 20 10 14 6 9 12 7 7 16 18 10 14 14 6 16 19 12 8 17 19 5 20 8
19 0 11 17 12 10 14 9 7 15 18 7 18 13 8 12 8 19 10 14 5 19 7 14 13 9 17 20 20 16 16 6 18 9 15 16 9 14 18 7 18 14 16 6 12 10 20 17 16 10 16 9 15 5 18 14 10 18 20 12 9 5 17 18 11 15 20 8 10 7 6 14 16 6 9 11 18 11 12 15 18 18 11 17 15 10 9 13 17 17 17 8 16 10 10 6 14 15 14 11 17 6 12 16 9 15 7 18 14 12 14 5 8 18 7 12 20 11 12 13 19 8 17 13 13 16 7 11 18 13 12 9 16 9 7 6 8 14 9 6 13 15 16 8 9 17 17 10 16 10 17 11 9 11 14 7 17 12 10 11 19 5 12 10 17 5 5 17 12 12 9 12 9 20 18 13 7 14 9 8 11 7 12 7 9 16 14 19 18 10 16 7 11 11 9 12 13 17 5 15 10 7 9 12 6 16 19 16 19 13 17 9 18 5 7 20 11 15 13 16 11 13 14 10 14 11 10 15 20 16 14 6 19 16 20 6 10 16 7 7 15 10 20 7 11 5 5 17 11 11 16 9 19 9 9 12 13 17 10 12 18 18 10 14 5 9 19 10 17 12 11 10 19 10 14 14 17 20 14 7 5 13 6 11 10 12 12 10 15 19 11 15 13 12 15 15 11 14 14 16 5 16 7 5 11 17 10 17 20 13 12 7 11 9 17 20 15 17 11 10 5 5 8 19 16 9 17 14 15 20 12 6 5 18 20 17 20 19 13 16 19 11 5 10 17 18 15 20 9 7 18 8 20 10 8 17 5 16 13 5 12 19 13 9 14 19 16 8 13 8 11 13 17 19 10 14 10 20 17 19 7 5 6 18 18 17 17 7 15 10 5 12 17 12 16 19 8 14 6 19
10 16 0 15 12 5 10 13 10 5 17 12 8 5 11 19 19 14 14 11 5 10 15 5 20 6 17 13 13 6 7 17 15 17 13 6 14 18 10 8 10 12 14 13 17 14 7 12 10 16 16 10 10 14 8 14 11 11 8 19 5 7 19 11 9 13 15 19 14 15 19 14 14 9 6 19 10 13 19 7 17 10 9 6 5 13 6 8 12 12 16 12 17 8 20 6 11 17 11 18 16 7 13 20 17 6 14 12 16 12 12 5 18 9 20 15 9 8 19 16 10 5 16 11 20 8 10 14 6 20 10 17 18 9 5 14 12 16 19 8 14 11 17 9 5 17 18 6 12 19 17 5 10 10 10 13 6 6 20 18 15 17 5 18 16 5 19 20 13 9 17 11 12 20 14 17 17 7 16 19 7 6 8 13 7 9 20 11 11 20 6 6 6 5 16 11 18 11 12 8 13 12 11 10 9 11 17 9 5 17 10 5 14 12 5 8 9 5 16 8 12 14 20 5 7 15 14 16 19 17 19 8 12 12 7 18 10 19 7 16 10 18 12 16 7 9 7 11 16 7 19 7 7 11 11 15 14 20 9 7 16 13 13 12 20 15 10 14 13 16 15 11 9 7 16 5 6 15 18 9 17 6 17 5 6 19 12 14 12 20 9 5 13 20 10 8 19 5 10 17 7 10 8 5 10 5 15 9 19 19 15 9 18 10 5 12 16 17 6 10 8 9 19 12 5 18 11 9 11 14 18 8 19 8 9 19 11 11 15 10 5 7 6 11 10 11 15 13 18 20 18 5 20 6 18 8 11 16 13 7 11 17 13 6 19 11 10 13 15 7 20 8 13 10 5 13 13 10 14 11 15 6 13 7 8 19 7 6 5 10 16 11 10 18 6 10 12 14 17 15
9 19 14 0 9 15 9 6 8 6 11 13 19 9 14 10 20 18 10 12 18 18 14 5 19 18 11 7 17 15 11 15 14 6 5 9 18 17 10 11 17 15 5 18 16 16 19 13 20 19 19 13 5 6 12 12 10 10 8 15 13 17 17 20 20 19 9 6 6 9 9 10 5 12 11 14 14 18 8 7 6 17 17 16 9 15 9 12 16 12 7 7 19 8 5 10 15 7 16 18 6 12 13 18 15 14 10 5 17 12 9 13 8 8 7 10 18 8 6 17 19 8 11 19 20 20 10 5 11 20 6 10 11 19 10 18 6 14 7 19 5 16 19 5 18 11 14 13 5 5 14 10 5 9 12 8 20 14 13 12 15 7 9 7 20 9 11 20 6 6 20 14 16 12 9 9 9 7 11 19 20 10 11 20 6 16 5 20 13 16 19 10 19 8 17 19 5 8 14 18 15 19 18 20 17 5 8 14 9 13 16 16 12 11 11 16 9 6 10 7 14 16 10 6 20 11 14 11 7 20 5 9 17 9 12 8 14 5 7 12 8 14 14 7 8 17 5 12 20 16 16 19 20 8 9 7 19 17 6 20 13 17 8 6 12 7 20 5 8 18 8 19 5 17 15 11 18 11 20 19 9 17 7 10 16 6 11 19 17 20 15 16 11 11 7 20 5 14 5 5 19 19 16 18 7 11 12 7 15 19 17 20 13 8 8 7 10 19 9 8 15 10 12 6 10 12 6 18 16 9 13 11 6 16 9 15 20 19 15 17 17 9 15 14 8 16 8 20 14 12 6 17 15 19 13 6 9 15 17 5 20 16 6 7 17 10 17 15 10 8 12 12 5 17 11 14 18 6 11 16 6 6 11 9 14 8 20 5 9 12 6 5 10 15 5 15 16 15 12 16
19 9 10 13 0 18 12 11 11 9 20 17 18 8 11 5 10 13 13 5 8 9 20 17 7 16 20 5 14 14 8 10 7 20 18 14 10 18 7 15 6 5 11 20 17 12 9 5 9 6 5 18 9 19 11 20 17 20 6 13 17 14 18 16 19 10 7 14 11 13 19 20 12 18 5 20 18 15 20 14 6 18 16 8 18 10 18 5 15 13 19 6 10 15 5 11 16 15 16 7 15 18 5 5 11 17 14 6 8 17 10 10 13 10 14 15 6 17 6 19 8 19 11 12 15 12 18 17 13 8 8 5 12 7 9 14 13 6 19 19 5 20 20 5 9 20 11 15 6 7 12 11 8 18 17 7 9 18 11 5 20 17 14 16 16 9 8 17 14 8 15 15 8 7 6 7 19 17 6 19 18 19 13 8 14 18 9 15 17 15 16 13 14 6 12 5 7 7 16 17 15 20 6 11 10 18 7 9 8 7 17 14 19 18 5 8 8 12 14 7 9 9 5 19 20 11 12 6 12 17 9 18 5 17 13 16 14 7 8 15 9 16 15 12 14 19 7 18 6 19 12 9 11 8 8 9 11 20 15 20 7 7 13 7 6 7 16 16 20 18 20 15 18 11 9 10 15 20 17 10 8 15 12 8 5 8 18 8 17 5 15 16 8 9 12 14 9 10 16 5 5 9 13 7 17 7 10 17 13 17 18 11 9 18 8 19 8 8 19 13 19 19 10 18 9 20 5 7 14 17 5 7 17 17 9 7 12 10 10 16 17 16 10 15 20 14 9 15 7 17 16 12 17 14 15 9 14 7 19 5 11 9 13 19 10 15 12 14 17 7 8 12 7 12 13 7 11 5 11 15 13 15 13 12 14 7 14 11 15 9 6 20 13 6 10 10 16 10 8 6
9 10 19 20 15 0 7 13 8 9 12 7 10 17 9 12 6 6 13 6 10 16 16 18 6 10 11 18 5 15 15 20 9 13 7 7 19 17 13 19 17 16 5 9 11 18 9 11 9 10 9 11 8 5 18 15 8 16 7 14 17 13 14 9 14 6 6 19 9 15 15 15 11 20 15 8 13 9 15 16 9 6 15 10 18 9 16 8 20 16 11 10 19 7 5 7 15 16 19 17 20 10 19 10 8 14 9 11 18 14 18 11 18 17 7 6 16 19 5 12 7 15 18 10 5 14 20 7 15 15 19 15 8 10 12 16 16 17 5 11 19 5 8 15 5 14 14 12 17 7 5 6 18 17 5 11 12 12 7 7 16 6 20 18 7 9 10 18 8 9 19 16 16 13 8 8 20 16 10 5 16 19 16 8 8 15 5 15 11 12 19 15 11 9 19 15 7 12 9 18 17 6 17 20 19 6 20 5 17 19 7 8 8 14 6 15 17 9 6 16 17 11 9 13 18 5 16 20 14 13 17 20 20 7 10 12 15 16 18 12 13 12 16 7 19 9 16 13 15 14 11 10 9 10 5 17 15 17 19 11 7 14 14 7 16 9 19 7 18 8 6 15 19 11 13 17 11 18 5 5 5 9 13 12 11 18 5 18 7 10 11 13 10 9 18 16 8 19 18 12 19 19 17 6 16 17 14 13 16 19 8 20 8 16 15 16 20 9 10 5 17 6 19 19 8 16 12 14 15 9 20 6 15 12 10 14 7 20 16 20 16 16 16 6 14 15 12 14 12 20 20 10 12 9 20 11 18 15 12 9 14 14 13 12 14 10 14 5 9 19 5 13 17 9 13 18 12 8 16 15 11 9 18 8 11 20 8 10 12 9 17 14 6 15 6 20 12 15 14 13
12 17 16 14 8 17 0 15 6 11 19 10 20 10 12 10 20 10 20 13 17 8 6 10 7 5 12 20 19 15 19 13 16 12 6 18 12 10 8 10 16 5 16 5 17 5 9 14 20 6 9 14 5 11 8 6 7 5 19 9 8 7 13 18 19 11 19 14 7 5 6 8 14 5 12 7 15 8 16 14 16 6 10 13 16 16 8 5 17 13 9 7 12 6 12 5 7 9 20 14 8 6 18 5 14 11 17 14 14 11 5 9 20 8 9 20 13 10 8 9 17 11 17 6 6 15 15 8 20 16 12 9 17 10 10 18 5 13 10 16 11 9 9 20 7 14 17 20 14 11 20 5 15 15 12 7 11 9 17 7 9 11 8 13 14 10 19 11 6 6 16 14 11 19 5 15 18 13 18 16 5 19 6 14 5 17 6 5 17 8 19 5 10 17 16 18 7 11 9 17 20 9 6 7 18 20 19 16 8 15 10 14 19 14 17 20 6 16 19 11 11 14 13 18 14 13 19 16 20 19 13 7 9 7 17 9 9 7 10 10 8 11 13 15 20 8 19 18 7 17 8 10 11 10 9 11 18 11 18 12 20 17 6 9 11 16 19 16 6 13 19 16 15 10 8 7 9 17 14 11 14 19 9 19 17 20 20 14 8 19 18 17 17 5 17 12 19 8 18 10 9 15 18 5 20 18 7 15 20 6 18 14 12 11 10 6 17 20 12 19 7 10 19 20 8 7 8 16 5 6 16 7 19 8 11 7 7 10 8 6 7 14 16 20 14 11 15 16 8 6 10 16 10 6 15 8 18 12 10 17 6 9 16 8 8 9 9 14 8 5 20 9 15 15 14 6 12 9 19 10 19 15 7 9 10 14 6 10 16 6 11 6 13 20 17 19 19 13 10 18
20 14 5 8 13 16 13 0 17 10 10 14 5 13 7 20 18 17 7 13 6 7 9 20 19 10 18 18 5 10 7 6 14 5 20 10 11 5 7 8 10 19 12 6 5 6 13 15 11 14 10 10 8 14 13 10 14 13 15 10 11 15 18 15 8 5 17 10 19 20 20 11 8 14 7 16 16 18 5 17 13 5 15 6 8 14 5 17 13 13 8 7 19 16 5 9 20 17 6 17 6 11 17 5 10 5 10 18 5 16 15 18 16 13 8 10 15 13 17 6 17 6 18 17 13 12 17 11 15 20 11 13 5 6 19 20 17 16 16 18 18 11 14 16 16 11 8 20 7 16 9 20 15 8 20 13 19 13 11 12 12 20 8 12 8 13 7 15 13 14 15 10 12 16 19 7 5 12 18 18 16 14 17 13 12 19 19 14 7 12 18 18 17 14 10 13 13 13 7 5 16 18 13 19 8 17 10 5 9 15 9 6 15 17 19 15 11 8 13 17 17 7 8 16 6 11 7 14 19 12 20 11 20 5 12 15 15 12 15 6 7 8 15 19 20 9 6 18 18 6 7 19 7 9 11 17 9 5 6 20 5 19 20 5 10 10 15 15 10 16 14 20 9 6 18 7 8 8 7 14 5 13 10 15 8 15 11 16 12 9 15 10 16 5 12 10 10 8 13 17 5 20 18 20 12 11 6 11 17 8 13 20 8 16 14 7 16 10 12 10 13 8 6 10 19 19 13 20 13 9 19 20 18 11 12 15 19 5 6 8 16 18 7 13 12 7 15 16 11 15 20 19 6 11 18 19 16 7 14 19 16 16 7 18 18 8 15 17 19 9 7 12 6 14 17 10 16 18 10 16 5 16 6 10 9 5 8 13 8 8 6 18 7 8 10 19 13 17 7 15
11 15 14 11 20 6 14 19 0 8 20 14 17 15 7 9 9 13 7 6 5 10 6 8 11 12 18 15 8 17 13 15 20 10 16 11 16 13 17 18 7 10 15 15 9 6 9 15 10 19 10 20 17 16 9 20 8 7 5 12 5 6 12 19 6 20 5 19 8 5 12 8 17 17 7 14 12 5 17 6 8 12 5 20 11 15 15 16 17 11 13 7 9 8 7 6 12 6 17 19 18 18 12 17 12 18 13 5 18 13 6 5 5 6 15 15 8 9 11 17 11 5 16 17 11 17 6 15 11 14 17 11 12 17 7 17 5 15 17 10 8 6 11 10 14 8 16 7 6 8 11 15 10 5 6 19 8 20 19 5 19 18 9 6 19 13 9 11 18 19 12 5 20 11 11 13 11 13 16 14 7 5 19 9 10 7 12 20 13 18 18 5 6 10 16 20 6 19 10 15 19 20 14 12 5 17 8 16 15 15 10 14 6 10 14 8 13 12 18 13 8 16 17 15 10 12 15 11 8 18 13 12 9 12 13 8 8 9 5 13 16 17 18 16 15 17 9 15 18 7 19 8 5 16 12 17 14 11 9 12 18 13 6 14 20 15 19 11 8 13 20 9 5 8 8 20 14 5 20 8 12 14 15 10 14 9 5 8 17 8 8 11 8 10 17 10 5 17 17 16 13 9 6 16 16 14 10 5 11 14 12 10 12 12 13 12 7 9 16 15 18 12 5 11 18 13 20 17 11 15 6 19 7 6 17 7 7 11 17 19 7 7 9 15 20 16 8 6 17 19 6 8 5 16 5 13 13 12 11 15 11 9 20 18 12 19 17 14 19 10 15 20 16 18 6 6 5 20 18 10 16 13 7 16 17 20 11 7 11 11 19 9 6 14 14 13 9 10 8 9
8 8 8 15 18 7 18 9 10 0 18 9 12 9 5 12 20 20 9 6 6 6 12 20 9 15 6 15 18 19 7 20 8 15 20 17 11 13 18 5 13 14 16 17 6 10 9 8 10 6 15 12 9 6 15 5 19 14 14 9 8 20 13 16 6 9 11 13 15 11 16 17 9 5 14 13 13 18 9 18 10 11 17 14 5 6 20 18 15 16 10 17 16 18 5 13 6 11 6 8 10 16 20 17 7 5 13 12 12 16 18 11 5 10 17 8 16 5 10 17 5 8 19 11 20 7 19 8 11 9 15 20 13 11 10 11 15 8 13 11 7 14 14 19 14 10 17 8 16 17 10 7 5 6 10 16 14 17 20 12 16 14 9 17 10 7 5 13 16 17 8 5 8 9 20 9 18 14 16 11 6 10 16 7 18 9 8 19 7 11 6 16 8 8 15 18 8 7 16 7 14 14 13 9 15 13 11 8 15 8 5 20 15 17 19 20 20 8 5 8 14 12 8 17 15 9 18 18 14 6 20 16 15 18 18 17 15 9 13 10 18 11 5 5 9 15 6 9 20 17 10 6 20 7 7 18 10 19 11 12 6 8 20 10 6 16 10 13 6 6 7 19 14 15 16 18 15 20 9 5 18 9 5 18 15 17 17 19 17 8 16 15 8 15 5 13 7 9 20 6 18 5 14 20 19 12 5 12 10 9 15 14 14 14 11 9 16 19 12 8 19 16 8 12 5 18 10 11 6 19 16 13 12 13 16 8 19 19 7 18 19 13 12 9 8 9 6 11 8 10 20 15 12 12 12 8 17 11 12 20 5 20 10 8 10 8 12 6 20 11 15 16 17 12 12 15 9 12 6 7 9 11 12 7 20 14 17 6 13 15 14 14 9 13 16 15 18 9 8 10
13 5 17 10 16 18 12 15 11 10 0 5 7 16 13 15 15 12 17 17 10 12 15 5 19 14 15 5 9 9 6 6 17 7 18 20 14 12 20 7 19 10 16 7 18 15 5 8 19 19 9 11 20 20 5 5 10 9 10 13 10 5 15 14 7 13 18 11 12 8 14 18 16 12 6 10 15 5 8 19 8 8 14 20 17 20 14 8 8 13 20 8 20 13 5 13 10 7 6 19 9 10 13 9 18 6 15 20 6 12 8 9 14 6 17 8 5 5 20 16 20 15 13 5 16 8 16 9 14 16 10 8 16 6 19 9 15 12 13 7 18 9 14 19 9 6 18 11 10 11 8 10 20 11 6 6 18 18 5 17 19 14 8 12 8 17 6 12 20 5 11 14 18 11 11 15 12 10 19 18 17 19 17 13 11 19 6 7 20 15 14 7 17 6 19 20 16 13 11 13 6 11 8 14 18 17 19 6 7 7 20 17 13 20 13 12 11 9 17 6 12 13 12 14 16 17 8 15 20 9 13 10 15 6 13 5 17 13 14 5 8 18 13 16 5 10 12 18 14 5 20 8 10 16 17 10 15 19 5 14 18 12 15 19 16 13 11 8 19 16 7 6 9 7 13 11 16 8 19 20 9 18 8 10 9 14 5 8 14 14 7 18 8 17 7 12 10 11 19 6 7 14 6 9 15 13 14 18 17 16 14 12 10 11 10 7 13 5 11 20 16 12 10 17 14 13 15 7 15 15 5 5 6 11 9 13 13 10 5 19 6 17 8 6 8 12 7 10 19 8 6 20 12 13 9 13 10 8 5 7 16 9 18 13 10 19 15 13 18 8 14 9 5 8 6 13 18 5 18 7 12 18 7 19 17 9 16 13 12 20 18 15 11 14 11 5 15 6 20 11
16 13 18 11 15 10 13 6 15 19 8 0 12 9 18 18 12 20 16 9 13 9 9 15 7 5 20 9 9 11 18 9 13 17 20 17 11 13 10 6 14 5 8 7 9 17 14 16 19 5 12 8 13 17 19 5 15 7 9 18 17 12 19 8 9 11 8 18 14 6 10 19 11 19 15 13 9 14 12 8 15 20 17 18 12 7 18 8 12 6 19 16 15 10 18 13 9 11 17 16 5 15 17 13 6 15 18 11 14 6 15 12 16 14 6 14 12 8 7 7 11 13 14 6 17 16 7 13 20 10 14 5 19 12 14 10 14 13 9 17 9 5 15 14 13 17 10 20 14 18 17 20 17 19 7 14 14 17 17 7 12 5 11 7 13 5 16 18 18 17 17 9 16 10 16 8 7 6 5 14 20 14 5 8 6 12 11 10 5 15 16 6 12 12 5 19 18 6 5 10 13 12 15 16 5 16 10 6 15 20 6 20 12 18 5 18 20 20 12 11 19 20 17 6 11 8 20 7 17 19 15 11 16 7 9 5 16 11 14 5 15 20 10 11 9 8 12 11 11 18 12 6 13 13 19 20 7 13 5 17 15 9 9 15 10 6 19 11 13 9 15 5 7 8 9 6 5 15 15 12 20 14 6 7 16 12 10 9 17 9 17 16 11 10 11 20 20 19 13 20 14 15 9 13 20 10 20 17 20 8 10 5 11 7 19 14 19 11 14 9 17 20 19 13 20 9 7 13 9 8 14 15 16 10 14 14 7 8 16 9 5 16 18 19 18 10 10 12 20 12 11 6 17 15 14 14 15 17 14 11 9 19 12 17 17 20 10 12 15 8 15 13 18 17 16 10 10 12 12 20 17 7 12 7 13 10 9 19 5 8 15 19 16 19 5 5 5 18 6 18
7 13 15 17 10 10 7 16 17 17 9 19 0 8 14 7 6 13 6 9 7 15 14 15 5 8 20 6 7 10 13 18 10 11 9 15 6 7 7 19 17 14 20 5 17 16 16 8 19 10 16 13 8 20 16 12 5 18 13 5 10 9 19 14 15 5 19 7 12 8 20 7 16 20 7 9 13 8 7 10 19 16 17 20 11 12 8 11 17 16 5 13 11 8 6 5 11 13 7 18 5 10 6 18 5 9 17 18 12 5 20 9 18 17 17 13 12 11 9 20 16 13 17 18 18 5 6 10 11 9 10 16 13 17 14 19 12 10 20 14 6 20 11 19 11 18 10 5 10 17 16 6 14 15 8 11 19 6 10 19 8 14 10 15 12 15 13 9 13 16 12 10 5 6 7 20 7 13 19 16 11 18 10 9 12 8 5 13 19 12 12 7 12 11 7 8 14 16 18 7 12 6 17 16 15 5 9 12 12 14 17 5 12 12 16 10 18 9 14 15 20 15 13 11 18 16 18 15 13 20 15 6 18 18 15 8 7 6 19 8 7 5 10 6 9 17 17 10 19 16 19 20 12 20 19 16 5 16 11 7 8 13 9 14 6 13 7 8 8 6 10 16 14 18 5 9 19 14 9 11 6 18 9 5 17 13 17 16 5 13 5 19 15 13 6 17 20 20 12 12 8 13 11 20 12 16 7 5 11 8 17 19 16 15 8 12 20 6 9 17 16 9 16 19 9 10 5 20 15 7 5 9 8 11 7 11 5 16 11 20 17 5 8 10 20 18 20 7 9 6 10 10 17 16 6 18 15 5 8 15 20 19 7 20 18 19 14 8 13 19 11 16 14 19 19 13 8 13 18 14 7 16 12 9 15 16 17 9 7 14 18 14 13 18 15 9 18 12 11 16
18 9 8 14 11 5 14 12 6 8 13 14 17 0 5 6 16 11 15 14 9 15 11 19 5 17 15 20 20 15 6 17 18 9 7 10 10 9 19 20 11 8 11 19 12 20 13 12 12 15 11 15 20 13 16 7 13 6 7 20 5 10 16 10 19 18 14 8 18 14 19 20 6 20 17 17 6 19 5 6 20 5 19 7 15 7 13 9 17 19 19 13 7 9 13 7 12 13 15 15 18 20 20 20 5 17 13 12 17 5 11 19 7 14 19 7 18 5 12 8 13 18 9 16 18 14 5 15 9 19 15 17 13 19 11 8 20 19 16 7 15 12 12 13 17 7 13 11 6 10 16 15 10 19 5 15 15 8 15 15 17 15 19 12 8 15 19 13 17 20 20 7 11 11 12 15 16 8 12 15 18 11 9 5 19 15 19 5 17 7 7 19 5 20 14 11 12 14 16 18 17 10 13 13 17 19 18 12 7 18 6 9 19 15 7 19 19 14 13 10 11 13 18 15 19 18 20 7 10 13 15 15 19 13 12 15 15 15 11 11 11 16 7 19 9 16 10 16 20 9 6 8 6 14 8 6 5 20 16 10 16 16 18 15 14 20 16 5 20 7 18 7 8 18 8 11 10 19 19 16 12 8 15 5 5 20 17 9 13 5 13 20 19 14 7 9 19 7 14 12 9 12 10 8 6 13 17 13 11 19 5 6 19 17 19 15 17 16 15 9 8 6 7 20 16 12 16 7 8 18 20 10 10 10 15 16 12 13 18 17 13 20 12 18 6 18 19 18 5 7 13 11 13 16 17 19 10 15 17 19 8 6 11 7 7 12 20 9 18 20 19 16 6 6 20 19 17 18 10 20 5 15 20 12 7 6 18 9 16 19 14 20 7 15 20 6 17 20 16 11
9 12 13 6 7 19 11 12 8 20 20 9 7 13 0 18 7 15 17 5 11 18 17 20 18 7 18 5 11 15 10 13 8 14 11 14 10 11 18 10 11 15 18 6 16 5 5 14 7 18 7 15 8 17 18 14 6 5 12 14 16 19 12 8 10 8 6 5 18 10 10 6 18 8 6 5 16 5 19 14 5 18 12 6 12 20 16 17 14 11 17 12 9 20 20 8 12 16 20 15 18 18 5 9 5 19 9 10 10 6 9 14 19 19 8 8 16 19 6 10 5 13 11 7 9 13 9 18 7 13 6 19 5 16 10 19 13 12 15 16 20 12 18 14 11 8 6 9 9 20 7 11 10 11 14 13 17 16 13 8 10 7 7 9 16 5 8 15 15 10 6 20 18 10 9 11 8 9 14 20 16 19 7 9 15 16 14 7 9 11 9 5 10 12 19 19 17 17 17 14 14 19 6 8 16 7 8 13 17 20 20 17 6 10 14 17 15 17 17 5 8 5 20 7 9 16 6 12 9 14 10 17 6 16 18 8 10 19 8 18 11 7 13 11 19 8 16 6 13 11 14 19 6 15 18 8 16 14 6 17 9 16 6 12 17 15 16 13 9 11 10 12 20 12 10 9 20 18 16 5 10 12 6 8 19 19 15 20 6 16 8 18 11 16 11 5 17 9 15 9 12 15 17 12 12 12 11 10 20 17 20 13 14 7 20 14 6 18 15 6 20 6 8 9 18 16 10 17 18 7 7 10 16 15 15 18 5 15 14 13 20 7 19 14 11 9 20 15 18 10 11 18 9 13 5 12 12 7 8 9 5 5 19 8 12 9 10 11 5 19 8 6 5 6 19 13 18 19 6 18 17 14 17 5 17 16 6 10 13 7 15 5 18 14 11 19 15 19 14 5
12 14 13 5 20 5 8 10 19 5 6 5 12 11 14 0 19 11 9 19 17 14 13 11 17 11 19 5 13 19 11 9 19 10 9 18 18 6 10 12 9 15 13 13 14 5 12 15 11 9 11 17 9 12 18 6 7 20 9 9 11 11 5 13 18 18 5 17 6 14 16 18 19 10 9 8 15 11 10 10 20 14 15 10 9 20 12 14 13 14 9 17 9 8 10 8 12 12 7 12 12 14 16 13 13 16 11 6 12 14 13 6 7 16 7 12 19 7 13 19 13 12 7 20 9 5 9 9 16 8 15 10 11 20 19 6 6 15 19 19 19 17 14 17 9 19 17 19 16 18 11 6 13 6 17 5 6 7 19 20 15 11 5 15 10 7 6 8 9 11 12 8 10 17 5 10 8 8 8 12 5 12 8 13 10 10 18 6 20 18 18 15 5 8 20 5 15 13 18 17 19 16 18 10 19 19 10 15 17 15 16 15 6 6 16 10 19 15 8 20 13 5 19 10 14 13 5 5 6 9 19 10 9 20 16 14 14 9 7 12 17 8 9 16 16 20 13 17 14 10 11 15 9 5 20 15 8 13 12 10 11 16 6 10 20 9 11 16 11 7 19 8 10 15 10 8 9 7 11 9 16 7 6 12 5 11 20 19 15 20 18 19 8 7 17 11 5 14 9 14 17 9 14 10 11 14 11 7 11 7 13 6 16 20 18 12 17 9 18 19 14 11 6 7 8 20 10 18 12 16 13 5 6 11 13 14 6 16 17 12 13 7 11 12 14 7 9 15 15 9 8 10 9 18 19 9 17 13 15 16 5 9 8 13 12 7 8 19 8 5 15 19 8 16 20 14 11 5 20 5 7 7 5 8 8 13 16 6 14 6 9 14 15 12 9 11 19 5 5 6
16 16 8 7 11 13 11 9 9 13 16 7 19 10 20 20 0 9 16 14 8 9 11 17 20 13 15 7 15 10 10 16 8 9 13 17 5 18 11 14 19 16 20 10 20 10 13 20 18 7 20 16 8 11 8 10 17 17 6 15 10 18 8 16 10 13 10 20 16 17 14 15 9 19 15 18 6 9 5 16 12 19 14 13 9 8 8 8 10 6 17 5 18 8 12 13 11 19 13 12 17 15 8 17 18 7 16 17 20 8 6 20 20 16 13 18 11 6 8 19 19 13 9 9 11 19 5 9 19 11 10 8 17 8 12 18 10 15 20 10 5 10 12 17 13 9 5 19 7 5 5 15 5 17 7 14 7 20 16 12 8 10 5 9 6 6 12 17 9 14 10 10 16 17 11 13 17 11 20 9 8 15 9 11 5 12 11 11 6 13 17 20 17 7 10 18 5 11 10 7 10 16 5 9 17 6 18 5 5 5 11 20 19 17 18 11 13 13 10 13 6 15 20 20 19 6 9 16 10 14 16 5 18 6 16 11 11 17 7 15 10 20 19 16 7 17 18 19 10 17 14 11 13 6 18 19 9 18 8 20 16 17 20 7 19 12 7 6 16 11 8 14 5 5 14 9 5 11 13 13 12 11 8 12 10 11 13 14 13 14 12 19 19 12 12 19 10 5 16 14 8 20 5 5 7 11 10 13 15 8 7 14 16 16 5 12 14 12 15 13 9 16 10 7 10 18 19 11 6 12 20 8 9 15 8 19 20 16 13 9 15 17 7 6 20 17 11 6 20 5 10 17 20 11 5 14 12 8 10 12 17 19 17 15 7 5 18 19 20 7 15 20 19 15 12 6 11 11 14 15 16 5 9 12 14 14 18 10 14 6 19 20 16 17 20 7 20 20 15 19
14 6 7 17 5 5 9 20 12 11 14 9 8 10 7 7 5 0 17 15 10 6 17 6 7 13 10 10 10 15 19 17 14 12 18 7 11 15 18 14 6 8 14 15 10 16 15 5 19 19 19 12 19 8 11 20 5 20 16 18 13 9 12 17 17 17 12 6 17 14 16 13 8 6 13 18 8 19 8 6 8 13 19 8 14 20 15 18 15 9 5 11 11 15 15 17 19 14 20 14 14 13 13 11 10 20 9 14 5 19 17 19 11 17 18 7 14 12 18 7 20 14 13 15 7 5 20 11 7 15 19 10 8 12 16 17 7 19 19 14 13 19 15 13 13 17 14 20 9 10 5 12 7 5 10 11 5 12 13 10 12 14 6 18 11 19 12 17 16 13 9 18 18 14 17 13 8 17 5 6 20 9 7 13 16 15 19 10 12 14 8 15 12 16 16 10 9 5 20 18 18 15 7 13 5 7 10 9 7 20 15 13 6 10 12 17 8 16 9 14 12 9 20 5 16 17 20 19 5 6 13 14 14 7 20 20 17 20 19 16 12 9 6 13 19 20 6 5 17 17 13 15 8 10 20 12 8 6 12 18 19 10 19 15 14 8 14 5 10 10 20 10 7 7 10 16 9 17 20 20 12 19 11 8 20 19 12 14 5 14 10 15 13 9 14 14 20 11 19 18 18 18 6 9 16 10 8 10 15 19 18 10 5 6 12 7 7 16 12 19 6 5 7 8 11 18 8 9 14 8 14 20 16 9 15 8 15 7 9 10 8 16 16 12 18 13 11 19 9 10 16 6 18 19 10 8 5 5 14 12 18 17 14 11 11 9 9 17 18 19 14 11 20 10 6 17 20 17 12 18 20 13 14 7 19 12 19 15 15 19 15 10 6 7 15 8 18 9 6 11
6 10 8 7 7 20 14 11 8 17 12 17 19 6 17 8 7 10 0 9 14 13 18 14 17 15 16 14 18 19 14 6 8 17 8 17 7 15 18 12 10 18 16 6 13 6 16 18 12 6 20 9 16 10 18 10 20 6 15 13 7 15 6 20 13 7 7 8 16 18 14 6 15 12 7 19 15 11 11 16 20 11 6 6 6 12 12 6 16 11 12 12 7 15 17 12 9 14 13 15 12 20 19 12 19 17 5 6 19 14 7 9 5 10 9 20 18 19 15 20 17 15 6 18 13 5 19 13 8 7 16 7 15 19 12 7 7 10 20 18 20 16 13 11 18 5 7 10 12 17 14 10 10 9 6 17 9 18 11 8 11 7 17 14 20 12 7 10 20 7 18 12 17 8 15 14 10 11 17 6 16 18 6 10 10 12 14 8 20 10 18 20 16 9 18 17 7 7 8 13 9 13 15 15 9 7 20 18 5 5 12 17 15 5 20 16 8 19 17 11 8 12 7 8 19 20 18 6 6 20 14 11 10 7 9 16 19 6 18 18 11 6 8 16 10 19 19 16 19 8 9 5 13 15 19 13 14 13 17 10 6 20 10 9 19 20 18 17 6 20 16 7 8 12 16 15 17 17 10 15 9 10 11 11 18 16 17 11 8 16 11 7 17 15 16 8 20 10 8 7 20 17 6 20 10 14 17 15 6 13 8 6 20 14 6 8 13 7 8 15 11 9 6 12 17 19 9 6 10 7 5 11 9 9 14 17 16 13 5 9 19 12 20 9 5 13 14 19 12 6 6 14 14 12 20 20 17 20 6 9 17 8 16 20 6 18 14 5 20 13 14 13 8 13 18 10 5 11 9 19 8 20 15 19 6 8 10 9 6 7 8 10 9 14 18 14 6 15 11 8
7 19 15 16 20 20 14 11 16 17 6 12 18 6 10 11 8 7 10 0 10 19 7 11 5 17 15 10 14 9 16 7 20 20 16 11 9 16 9 5 13 9 7 14 19 17 16 16 12 15 20 20 9 14 7 17 13 5 17 10 15 11 10 17 15 20 12 15 8 7 5 7 19 15 10 10 16 20 8 8 20 13 7 5 16 11 19 14 10 10 11 18 14 7 7 6 14 16 17 5 18 12 15 19 12 16 7 12 11 9 10 9 12 7 5 10 8 13 12 9 12 9 19 9 5 20 20 17 11 16 10 8 20 19 6 20 11 8 6 14 7 17 15 18 7 20 20 11 13 7 11 14 13 17 14 10 7 20 7 15 7 19 11 19 20 14 19 17 9 17 19 18 7 18 9 12 8 19 16 19 19 17 7 18 14 5 19 13 6 13 19 19 16 14 15 8 14 5 8 7 9 7 6 11 10 11 19 5 16 16 9 20 17 20 13 5 17 17 13 16 10 11 6 14 11 8 17 9 20 7 7 5 20 7 12 15 19 12 15 13 8 8 8 20 18 17 20 7 18 20 9 8 13 11 7 5 11 7 19 10 11 18 13 8 18 7 9 17 15 8 19 8 18 16 6 8 15 9 15 15 10 6 10 11 15 9 18 13 11 9 6 5 7 8 16 5 15 15 12 20 7 6 6 8 8 17 17 16 9 17 18 13 7 11 11 6 5 15 8 15 20 18 15 6 10 10 16 16 15 5 15 17 17 16 8 16 13 7 13 13 7 17 17 16 14 13 18 6 11 16 13 11 12 11 16 18 18 10 18 19 9 8 15 5 14 12 5 15 14 18 6 15 20 7 14 12 6 6 20 20 16 19 6 20 13 16 16 6 10 13 12 7 19 15 13 6 9 14 17 16
11 19 12 11 15 6 17 9 13 12 13 18 18 18 5 18 13 7 5 15 0 10 16 12 16 10 18 18 13 7 8 6 5 5 16 14 17 18 7 12 5 10 13 8 8 14 7 10 8 8 9 13 17 15 10 15 9 9 6 14 19 17 19 5 19 19 16 19 13 11 7 13 11 20 13 12 18 19 11 17 18 5 11 12 5 6 20 15 7 6 18 19 5 8 17 13 6 18 10 19 7 13 17 10 11 14 7 16 8 9 10 20 6 10 7 17 12 14 16 11 11 6 14 7 15 13 14 8 7 19 6 9 17 10 20 10 19 5 9 20 11 8 10 20 9 15 6 15 16 13 8 13 15 5 8 11 15 11 18 12 16 5 13 18 6 9 15 9 17 16 12 11 18 5 19 11 6 11 6 20 14 6 13 13 15 11 20 17 17 18 20 20 15 20 5 15 5 19 9 15 19 15 18 6 5 14 15 20 18 5 8 16 19 10 16 9 10 19 11 8 18 15 14 13 17 12 16 11 20 9 19 7 12 9 13 8 9 17 11 12 17 17 5 12 5 18 11 8 8 12 10 19 11 20 7 10 19 14 16 15 20 7 20 8 16 14 19 15 20 19 6 13 11 19 12 9 5 14 7 6 11 15 18 11 7 19 20 11 5 14 19 10 15 13 12 19 20 12 12 12 13 8 15 19 15 8 13 7 11 10 20 11 13 17 7 19 7 6 7 5 14 19 6 7 11 16 10 16 16 14 6 11 20 9 18 13 9 11 18 17 17 8 13 7 9 8 5 13 18 6 11 18 14 10 16 12 7 6 12 5 7 19 19 20 8 13 5 15 15 15 14 8 15 12 19 20 5 19 17 5 13 9 7 16 11 19 10 10 15 7 14 10 19 15 14 10 16 5 14 20
14 8 17 18 14 10 16 6 11 16 13 9 13 17 7 13 17 18 13 10 16 0 13 5 13 6 12 18 12 13 11 12 18 15 10 15 5 15 10 6 8 13 9 11 16 9 11 9 6 10 5 16 11 15 7 13 14 11 13 9 6 7 5 11 7 12 5 18 20 9 17 12 17 19 11 20 15 7 20 8 17 15 12 16 15 9 10 9 5 10 5 14 9 14 14 12 8 12 17 16 6 13 16 18 13 14 13 6 13 19 5 17 15 6 13 7 12 14 6 16 14 16 10 9 7 6 18 6 19 15 19 13 7 9 12 7 16 10 11 20 19 9 17 9 10 5 18 9 6 18 18 7 9 7 5 12 14 9 10 14 7 5 16 16 13 11 19 6 12 19 20 20 16 9 13 13 18 18 6 20 5 20 5 14 16 10 12 10 8 7 11 16 15 9 18 8 18 18 8 14 11 10 15 12 18 5 13 15 14 16 20 8 5 16 6 10 10 9 5 14 8 8 16 11 15 12 6 6 13 6 7 18 10 7 9 19 15 10 8 14 8 11 8 17 7 7 13 15 12 18 20 6 11 12 15 12 14 19 15 19 12 18 19 15 5 15 8 12 20 6 16 6 5 18 18 12 19 18 9 15 11 15 15 8 11 7 17 14 8 12 8 17 7 6 16 18 10 6 6 20 14 5 7 17 20 20 9 14 16 11 7 7 18 8 18 20 16 20 19 18 15 7 10 12 5 12 12 5 5 11 20 7 19 6 20 17 7 10 18 5 9 9 18 13 17 16 15 12 18 7 7 9 6 10 12 14 5 10 19 10 14 12 19 15 6 7 7 11 10 20 13 17 11 20 7 8 20 10 12 6 19 5 8 19 8 19 15 18 7 20 16 15 16 8 5 19 18 7 9 12
20 8 12 5 16 7 10 11 6 8 17 20 7 19 19 12 8 5 13 18 20 12 0 9 12 10 20 18 16 14 6 6 14 12 18 13 18 16 12 7 14 11 15 14 6 5 6 17 18 7 12 19 20 5 11 7 8 19 16 6 20 12 15 19 18 14 5 5 18 15 8 6 14 7 13 5 5 14 9 17 10 20 10 8 10 7 9 12 8 15 15 13 7 16 6 14 11 14 17 15 20 16 6 13 17 8 7 11 7 17 8 11 16 15 9 7 16 13 15 12 5 19 11 20 7 15 13 11 18 6 8 7 17 14 20 10 11 18 20 11 20 20 9 11 10 10 15 9 5 10 19 9 8 14 18 13 13 17 7 9 10 12 5 20 5 12 17 13 7 19 6 20 14 18 7 5 5 19 5 12 9 14 10 7 5 16 11 12 16 6 11 13 13 14 6 10 9 17 15 20 8 20 20 16 9 17 15 15 19 6 15 6 11 18 6 5 19 19 16 13 19 14 6 20 9 10 7 15 13 8 15 5 15 8 13 19 6 7 8 6 20 14 20 12 13 6 16 17 17 9 10 10 10 9 13 16 10 8 7 16 13 16 12 12 13 9 20 10 5 12 12 14 13 15 5 8 11 16 18 18 19 9 17 12 9 13 7 19 5 11 8 12 18 14 15 17 14 8 14 11 17 13 15 6 16 6 8 12 18 8 18 6 17 5 10 9 10 15 8 15 16 7 17 17 11 11 18 12 15 7 9 9 17 15 10 15 5 12 11 7 17 20 15 14 17 9 16 17 14 6 9 12 5 17 5 16 5 12 15 17 8 10 13 5 10 7 11 5 15 13 11 15 19 8 14 12 18 7 7 11 16 19 18 19 11 12 15 17 15 12 6 6 16 20 16 15 16 19 15 17
9 20 15 16 17 10 18 20 20 19 7 8 15 16 19 9 6 17 16 8 12 16 5 0 11 17 5 5 7 11 12 17 9 11 5 17 7 18 11 7 12 6 18 17 20 20 12 5 19 12 14 17 5 8 8 9 9 10 18 6 11 7 15 6 13 12 12 6 8 7 18 13 9 11 6 17 19 10 12 13 20 10 12 16 5 9 11 5 7 6 12 14 18 15 15 18 9 17 16 6 10 20 8 10 5 11 11 9 6 7 16 11 10 16 13 11 18 12 17 11 15 20 18 8 11 6 15 10 17 9 18 17 18 20 9 9 10 9 16 19 13 8 17 13 11 14 18 9 10 6 9 17 15 15 19 10 5 9 19 18 20 19 6 10 16 11 9 11 18 10 12 9 14 19 8 17 14 11 10 13 10 17 10 17 17 17 16 15 5 17 12 10 8 12 16 20 13 5 13 9 8 11 11 14 14 7 15 16 15 15 20 9 11 20 6 5 6 10 20 15 13 19 19 8 5 8 12 15 8 5 14 10 12 17 10 17 6 16 11 13 17 16 15 20 8 20 14 5 5 10 12 7 12 16 16 19 11 5 8 14 10 12 20 13 9 20 9 5 9 12 16 17 14 18 16 14 18 20 15 20 14 12 5 10 14 12 5 16 11 14 5 6 5 16 11 5 15 7 13 14 15 14 18 12 12 18 19 7 17 8 10 7 10 6 13 16 9 6 14 7 12 13 6 9 10 14 16 7 19 14 20 5 5 20 8 8 11 14 5 17 18 19 6 20 6 12 20 11 14 14 13 19 9 14 6 9 8 5 14 13 13 12 9 12 15 10 19 14 20 10 16 20 14 15 9 19 15 8 16 15 8 11 12 5 19 8 18 17 13 7 5 11 14 16 17 12 9 13 10 17
15 19 12 13 18 17 14 18 10 7 9 6 5 5 17 17 16 12 14 6 19 11 9 5 0 6 10 20 14 16 19 18 16 5 11 18 6 5 8 8 10 16 12 19 14 16 12 17 8 16 5 7 6 15 12 9 6 17 18 17 12 17 10 5 17 19 13 9 14 16 17 12 9 16 8 13 17 7 8 10 16 6 19 15 15 11 19 15 8 17 10 7 19 19 15 10 20 15 16 9 13 8 13 10 8 15 15 14 19 9 5 10 15 8 15 19 9 16 18 9 18 13 12 20 11 9 16 5 6 11 9 15 8 20 15 7 16 11 18 14 5 8 20 20 13 20 19 7 14 9 11 11 17 11 17 9 5 13 5 7 15 20 20 5 15 16 13 11 7 5 16 6 9 12 8 11 8 9 8 14 20 6 19 11 18 16 11 8 14 10 14 8 12 9 10 14 6 9 11 19 13 8 19 19 10 15 20 15 13 17 10 6 14 12 19 19 11 5 8 10 6 10 9 18 15 7 5 19 6 18 15 17 16 12 20 15 8 6 10 13 16 15 17 10 15 15 14 7 18 10 11 19 7 8 18 5 17 7 11 7 5 13 9 17 18 19 14 9 20 6 14 9 15 8 7 7 12 17 13 12 9 10 14 13 16 13 9 18 12 14 15 17 11 17 12 15 12 16 6 16 20 19 20 13 10 12 7 15 10 9 13 14 7 16 5 9 13 11 20 6 9 8 5 5 5 5 17 15 16 6 7 12 14 18 7 19 7 5 5 14 13 16 14 12 20 5 20 7 16 7 14 8 12 15 7 16 19 14 18 17 16 6 6 18 13 8 6 14 20 20 15 12 19 19 9 15 10 15 13 14 20 11 9 8 18 7 8 11 13 13 12 14 18 13 20 5 5 20 6 12
11 5 17 7 12 12 12 9 9 10 8 17 7 10 17 6 10 10 14 20 7 17 13 17 9 0 19 12 16 13 16 5 5 17 18 18 17 8 16 17 20 17 8 20 11 12 12 5 13 9 6 8 15 20 11 11 8 11 17 15 12 15 18 17 20 17 5 5 7 16 5 17 12 9 13 15 19 12 20 16 5 9 20 5 5 11 10 7 11 7 12 5 19 6 12 7 16 18 6 12 8 9 15 9 20 13 14 7 10 5 8 9 10 17 13 7 14 14 20 19 18 5 20 14 20 18 16 10 20 8 8 18 18 6 6 9 10 15 11 13 6 17 12 6 6 13 12 17 15 10 12 14 19 9 6 10 12 7 17 13 13 15 19 13 5 10 18 7 10 10 18 13 9 8 16 10 7 10 19 16 19 13 5 14 9 6 6 13 14 17 7 7 15 19 19 7 20 12 15 12 14 18 6 17 9 17 20 16 6 19 10 8 10 8 16 12 5 5 7 17 18 5 16 14 10 5 19 16 18 20 11 11 17 20 11 12 13 16 9 17 12 14 5 9 9 9 11 12 17 10 7 9 17 12 17 15 5 12 13 20 9 7 20 16 19 13 18 8 17 18 19 20 16 19 11 20 18 6 13 9 14 11 10 14 7 16 10 13 9 16 14 19 7 20 7 7 13 11 16 16 18 15 16 19 18 14 19 8 8 10 7 15 7 14 10 5 14 12 18 16 8 13 6 7 5 10 11 10 15 9 14 5 10 18 15 10 10 8 11 14 20 8 12 15 13 13 18 12 7 9 15 5 18 16 17 5 15 13 14 20 10 13 20 16 10 11 7 8 17 12 11 13 9 14 12 14 13 6 7 13 10 6 18 12 12 12 8 6 18 10 7 17 14 6 8 20 18 11 16 10
5 13 10 19 17 9 15 10 12 5 6 20 11 13 15 10 18 7 12 13 9 18 5 10 7 17 0 19 9 20 12 16 11 10 12 9 11 18 17 19 13 5 12 15 5 17 7 9 9 7 18 20 8 11 17 13 12 19 17 11 19 18 19 20 15 15 14 5 13 16 15 5 8 18 14 17 17 13 11 13 6 18 5 9 6 7 8 15 20 18 12 12 15 14 9 18 7 20 10 16 6 13 17 19 14 8 18 5 19 9 12 10 5 15 14 17 11 10 8 18 18 12 7 11 12 8 5 12 12 5 11 11 6 6 18 9 5 10 7 7 7 19 19 15 8 11 10 7 11 18 7 14 8 16 16 9 16 11 17 7 5 20 11 10 7 16 6 14 16 18 13 7 7 16 14 15 19 11 12 12 8 11 9 9 7 6 19 7 11 10 7 20 15 15 10 9 15 10 9 9 8 17 11 20 15 10 6 16 14 11 13 7 17 7 6 17 15 20 12 14 11 5 17 10 19 8 20 6 10 13 15 8 16 10 19 6 14 5 12 7 18 7 8 20 20 10 9 6 12 9 11 18 19 8 20 16 19 10 5 10 15 15 12 20 12 15 7 9 13 8 6 5 20 7 5 7 11 14 12 20 15 5 13 18 17 7 8 12 8 9 16 19 7 7 20 9 20 11 8 20 14 7 18 17 15 20 17 15 5 5 8 11 12 5 13 6 16 8 13 6 18 18 5 9 15 15 13 17 7 14 12 8 17 20 11 14 8 18 15 20 17 12 14 8 13 20 10 9 20 12 14 17 11 19 13 10 17 16 20 16 7 18 9 20 20 20 20 14 6 8 13 19 12 16 19 13 20 13 9 13 15 19 16 20 19 19 16 12 13 9 13 8 9 5 15 7 11 14 11 12
6 10 7 13 17 11 17 17 14 13 16 9 14 20 14 14 20 17 19 20 14 11 14 13 20 6 11 0 18 13 8 10 11 13 8 7 14 8 5 14 8 12 11 12 20 19 7 13 13 12 10 18 15 14 13 17 13 10 9 11 14 12 14 16 5 18 17 5 8 10 12 13 8 10 10 12 16 11 18 19 19 15 18 11 9 18 17 17 16 18 7 18 14 5 14 6 20 12 14 20 19 16 18 8 12 11 18 10 19 16 14 11 9 5 20 20 7 9 7 10 16 5 9 6 8 17 15 7 16 16 9 14 8 18 18 6 14 12 15 9 14 7 6 13 16 16 5 16 11 9 18 10 9 19 5 16 8 12 11 14 13 16 12 20 7 20 11 13 7 8 17 6 16 10 18 7 13 10 16 8 10 7 9 10 19 5 17 6 15 11 13 18 17 12 18 11 20 7 20 12 14 11 14 14 10 18 12 8 12 19 17 12 13 5 5 17 5 9 16 16 9 15 8 6 10 14 8 14 5 9 15 14 12 19 7 14 11 19 17 16 13 14 11 16 17 11 15 5 17 10 12 13 11 18 17 9 9 10 12 13 19 11 9 10 12 12 10 8 20 7 20 14 19 12 19 7 5 15 17 15 9 6 8 10 6 15 8 8 10 6 9 16 18 9 8 15 9 5 17 11 10 6 15 8 6 12 8 8 6 15 16 10 5 15 16 16 14 20 19 15 8 13 11 16 13 12 12 20 5 15 11 19 20 6 20 16 10 7 16 9 10 17 18 11 10 11 20 18 15 16 5 19 18 18 9 17 8 17 13 16 13 8 5 18 16 6 17 5 17 7 18 9 9 13 18 13 5 10 14 12 17 19 17 5 15 17 16 7 8 10 10 18 10 8 6 17 17 16 20 15
17 7 17 20 20 5 10 9 11 13 6 6 5 7 7 14 19 8 19 6 14 11 20 20 5 16 17 7 0 11 19 6 14 10 10 11 14 6 10 18 7 12 15 16 15 10 13 18 15 19 19 9 18 20 7 19 12 9 18 8 15 15 18 11 12 16 10 7 6 8 16 5 20 15 14 11 17 17 15 5 5 13 13 15 5 16 7 8 17 19 15 20 15 7 6 14 10 9 10 18 8 7 8 20 6 8 20 20 14 5 14 16 5 13 14 18 15 11 5 5 10 18 15 15 5 8 5 12 5 13 7 14 16 8 16 16 6 15 20 8 7 13 12 15 13 17 20 14 9 8 15 14 14 10 10 18 7 7 6 10 19 14 19 11 16 7 15 19 20 16 14 10 15 20 15 9 16 20 20 11 20 20 12 10 16 8 7 17 10 12 7 18 9 15 8 7 11 18 6 14 20 6 13 12 9 17 7 9 10 5 12 5 7 10 16 12 9 9 10 15 14 13 19 16 20 9 12 7 15 5 8 5 9 6 16 11 11 9 17 11 18 7 18 17 16 18 13 18 19 5 17 20 7 8 18 19 20 6 17 5 12 17 14 7 9 11 11 18 16 10 17 20 12 12 6 8 17 19 5 16 12 16 11 16 18 10 8 17 9 9 17 10 16 7 14 13 11 14 6 8 8 14 11 18 17 10 18 13 20 16 15 20 13 12 17 12 14 19 19 15 19 6 18 10 18 19 15 19 10 11 7 8 13 5 8 6 8 16 7 19 15 18 14 5 7 11 20 19 7 8 19 5 9 19 12 6 9 15 16 20 17 10 16 8 11 8 16 5 16 11 5 16 16 11 18 5 7 6 5 7 13 8 11 16 18 14 19 20 6 14 14 18 16 16 5 12 6 16 15 15
18 18 7 7 12 6 11 5 14 9 11 17 20 15 16 6 5 18 15 16 19 19 12 15 9 6 19 5 17 0 17 19 19 15 9 14 9 12 8 17 14 16 16 19 7 5 10 9 5 6 11 11 15 19 13 7 20 12 18 18 18 9 13 6 13 15 20 7 15 8 18 8 12 16 14 14 5 5 14 20 8 11 18 15 13 14 14 5 14 13 5 16 15 10 16 19 16 11 10 12 6 14 8 18 16 12 17 20 6 5 18 9 14 19 18 7 8 11 6 7 19 15 19 19 17 7 7 7 8 16 20 6 11 13 14 17 14 7 11 20 16 14 18 19 7 10 5 11 12 12 8 17 17 20 17 18 19 15 5 10 15 18 5 7 6 16 7 13 6 7 7 6 11 8 7 11 17 16 12 6 14 7 9 14 6 16 14 5 16 14 18 9 9 10 6 11 10 13 7 19 13 20 14 14 11 8 8 13 10 19 19 7 11 11 17 6 16 14 13 7 16 7 11 6 14 20 18 13 10 9 15 8 15 19 20 8 6 6 13 19 5 20 11 7 18 11 16 15 5 7 9 9 15 19 10 15 17 9 13 5 16 6 9 14 9 20 15 11 15 20 15 7 14 7 16 19 16 5 10 18 19 5 7 10 8 20 7 18 15 5 5 13 13 10 6 19 13 13 18 14 11 19 7 10 14 18 11 13 9 17 20 13 7 13 11 14 19 13 14 7 13 14 7 9 18 8 10 20 17 17 7 15 15 12 15 6 12 15 18 16 12 7 9 11 12 12 10 6 7 11 9 5 18 18 8 17 7 18 16 10 17 7 7 11 18 10 8 16 14 8 10 19 8 18 12 5 18 17 12 18 20 11 8 15 19 5 16 12 16 18 10 9 16 7 7 16 13 11 17 16
5 13 16 5 18 19 6 5 5 14 15 16 20 15 9 19 5 17 19 14 7 18 17 9 20 15 19 12 12 16 0 14 15 20 8 5 13 6 20 15 5 19 14 17 9 8 7 19 16 12 14 7 14 8 15 6 11 7 13 5 20 12 13 5 16 19 12 13 10 11 6 20 15 13 11 19 11 10 13 10 15 19 12 14 16 12 10 9 16 7 6 11 15 6 8 18 17 17 13 7 9 9 14 20 11 10 10 11 19 7 16 18 11 10 17 11 8 9 17 14 8 16 11 10 20 18 10 7 13 14 13 9 13 11 13 15 8 16 7 6 7 10 12 7 9 14 14 16 11 20 18 17 16 17 11 11 20 11 11 16 19 16 14 8 7 15 19 19 17 16 7 10 6 9 5 5 14 5 8 13 5 15 15 17 8 5 14 14 15 16 7 20 20 8 14 20 6 20 11 11 17 11 16 7 17 6 10 19 8 13 12 14 5 14 18 10 13 10 11 8 9 5 9 15 15 7 14 9 12 17 10 20 19 9 19 13 13 11 6 6 20 15 15 5 15 13 13 7 9 11 11 6 10 20 9 11 14 18 10 20 16 11 5 9 20 10 20 12 17 6 17 15 12 6 14 17 17 5 17 13 7 17 12 17 19 7 18 6 12 11 13 16 6 6 19 19 18 9 6 5 18 17 5 13 14 14 18 12 8 15 9 20 13 15 17 17 15 17 17 14 15 19 8 19 11 14 12 14 10 10 13 15 10 13 12 7 10 6 7 9 17 20 19 17 7 6 10 19 6 7 9 12 15 18 7 12 17 18 5 7 6 18 14 19 8 13 20 18 14 7 7 18 9 10 11 15 18 7 18 20 15 19 12 14 15 15 16 12 5 14 16 14 8 20 7 11 15 5 15 17
5 18 14 8 16 20 13 14 8 20 13 10 5 5 8 17 7 18 13 19 14 6 5 11 5 7 6 19 19 14 12 0 5 14 15 8 14 5 20 16 19 6 12 5 18 17 19 17 15 14 6 15 9 8 12 13 8 16 15 9 7 6 8 8 8 18 10 17 6 15 7 19 20 15 16 11 13 14 14 6 8 12 18 5 14 9 7 6 12 20 5 6 16 14 9 20 7 8 12 7 11 15 12 15 11 11 7 17 11 18 15 12 7 18 6 8 15 8 18 17 14 8 7 13 13 16 10 5 20 20 7 19 18 10 17 5 18 10 16 10 7 7 12 9 9 8 7 12 15 5 17 12 18 15 20 18 10 9 8 20 9 12 19 12 5 18 10 20 15 13 15 10 7 16 11 19 7 15 18 8 20 8 11 19 14 15 11 20 20 16 9 17 15 9 16 20 9 10 8 13 15 20 19 5 14 16 5 17 19 16 6 20 5 18 18 17 10 13 19 12 12 14 7 18 19 16 12 15 9 10 7 10 16 17 17 18 12 18 17 20 15 7 6 16 16 17 8 11 16 6 8 7 6 6 18 8 13 13 12 14 12 17 12 19 12 8 18 16 13 15 5 8 13 7 13 15 18 11 20 6 20 7 11 10 18 14 13 16 15 17 7 19 8 14 13 13 8 19 18 11 14 11 9 5 20 18 18 17 13 16 11 6 12 13 7 17 17 8 16 15 8 13 9 18 12 14 20 5 20 14 18 10 15 11 6 8 14 17 6 15 18 20 11 6 13 9 13 20 11 9 17 15 19 12 19 12 17 12 10 10 16 18 7 20 15 10 9 9 18 19 17 19 16 19 16 15 16 19 14 13 10 18 10 8 5 18 10 11 17 14 7 6 15 7 13 8 20 20 6 16
15 8 10 16 11 14 17 12 18 16 10 6 5 10 6 19 11 18 18 8 7 15 10 5 7 15 6 19 15 9 15 9 0 20 6 14 11 8 14 7 8 5 9 20 14 5 6 10 18 15 15 8 12 6 13 18 12 12 20 18 15 14 7 8 20 19 18 17 18 7 16 5 16 7 16 5 14 7 18 7 17 10 8 13 16 6 19 12 9 8 14 13 13 19 20 12 17 9 19 10 19 9 17 16 10 9 7 9 5 20 17 10 17 15 12 9 9 15 8 17 9 6 17 9 19 6 14 7 20 14 11 20 7 18 5 13 11 18 7 15 14 5 19 7 8 8 10 19 16 9 6 20 20 14 14 6 15 11 14 9 18 18 10 18 20 10 14 11 10 17 18 11 20 12 7 11 5 18 19 19 12 17 20 10 7 9 7 9 13 13 19 17 5 13 20 9 11 9 7 20 5 19 5 15 7 19 9 17 16 20 15 17 7 6 10 16 8 13 11 12 5 16 7 11 5 19 11 20 11 8 7 20 10 14 5 11 11 6 9 6 15 10 7 6 19 16 8 16 11 19 8 14 9 11 15 5 9 11 18 15 13 14 12 19 15 7 5 15 8 5 7 11 18 18 15 5 13 11 12 14 9 15 17 15 17 20 19 13 12 12 6 10 13 19 13 14 14 10 17 12 9 20 12 14 6 18 14 5 19 16 6 6 8 20 9 14 12 6 19 20 16 5 7 11 9 15 9 11 10 12 13 15 9 15 6 7 12 5 12 14 12 14 13 5 12 7 5 18 13 13 9 11 16 16 9 14 6 11 11 6 12 18 14 16 5 10 5 9 20 7 20 5 15 17 11 10 11 18 16 18 20 8 8 6 15 14 16 17 7 17 18 16 14 10 19 8 14 8 12 20
5 19 11 19 13 17 14 5 16 19 13 7 17 10 10 19 17 13 9 20 8 15 12 6 10 9 14 16 14 8 16 7 13 0 20 14 15 14 5 7 14 9 20 10 18 5 18 17 19 16 16 13 5 5 19 6 19 20 15 17 17 20 15 17 8 14 10 11 17 15 9 20 13 5 16 14 13 17 12 12 19 6 6 20 19 6 6 13 6 11 5 20 5 16 18 12 12 20 20 12 20 13 10 20 14 18 8 9 17 12 14 12 11 18 6 15 19 7 15 15 20 6 6 5 17 15 13 6 15 14 12 6 10 19 8 18 6 9 9 7 9 7 11 6 15 5 7 7 14 15 10 11 10 11 13 9 11 9 9 11 9 8 14 13 6 15 10 6 12 8 6 15 15 20 12 16 10 16 20 11 6 7 20 13 9 7 7 7 20 8 7 5 17 18 12 6 18 7 20 17 6 8 19 9 20 8 16 13 14 14 14 14 15 10 20 19 14 10 5 19 9 11 11 18 15 12 11 8 18 10 7 9 12 11 9 14 19 5 18 15 20 6 20 7 11 17 12 17 16 19 19 5 8 19 10 5 9 8 9 18 14 5 11 18 14 15 19 8 19 10 17 12 18 5 14 7 5 7 5 17 11 19 12 11 16 10 20 15 19 11 5 8 8 8 6 16 9 5 9 20 10 5 17 13 11 12 10 5 8 12 6 19 11 14 16 10 15 18 10 9 9 19 10 19 10 8 11 10 12 15 19 17 16 9 10 10 17 9 10 14 19 17 16 17 9 8 15 5 10 16 8 10 16 14 8 7 9 14 18 11 17 6 6 7 9 15 5 19 19 16 17 14 9 8 5 18 7 8 6 9 6 16 19 5 12 18 12 13 17 10 11 12 7 15 19 15 19 5 17 6
12 12 14 8 5 16 16 12 13 13 12 9 10 6 11 5 20 5 12 7 19 16 7 20 10 12 16 15 15 13 7 6 15 5 0 20 12 20 15 5 5 6 12 6 13 8 15 9 14 18 9 20 15 12 5 16 18 8 11 15 8 6 9 6 5 13 8 10 18 16 5 8 20 18 18 7 8 13 5 12 16 7 5 9 8 5 17 13 15 19 7 12 14 6 15 16 6 13 6 13 18 6 5 10 18 14 8 13 7 7 5 12 18 19 14 20 20 10 14 18 18 13 15 9 14 16 8 17 20 14 5 6 6 20 13 11 14 12 18 15 7 8 15 18 12 13 10 12 20 14 5 16 7 11 7 18 11 5 19 13 12 14 17 20 18 13 14 9 12 13 5 6 6 9 5 11 8 12 9 6 15 20 19 18 16 14 11 18 15 20 9 8 10 12 17 19 20 7 9 10 17 5 7 15 13 15 13 18 15 11 7 12 18 12 13 9 5 5 13 17 8 9 8 6 19 17 17 11 16 14 15 20 10 11 17 11 15 9 7 13 14 16 7 13 6 6 8 13 10 6 17 12 5 14 6 11 10 17 11 20 10 10 14 13 18 5 8 14 20 16 12 20 8 15 11 9 15 20 17 11 10 9 13 16 11 19 8 5 10 5 7 8 18 5 11 14 9 19 6 12 9 12 20 13 9 5 14 15 12 18 12 10 16 7 14 8 18 18 18 8 7 12 5 19 6 11 16 7 16 13 6 14 7 14 18 14 20 16 12 16 20 13 15 14 19 14 10 19 7 18 19 17 17 14 19 9 20 15 18 6 17 17 9 6 13 10 5 6 16 5 11 6 5 7 19 17 15 11 6 18 18 16 20 15 17 7 7 16 13 18 9 9 15 15 5 5 5 10 13 15
6 5 20 6 8 11 10 17 6 11 18 13 14 13 9 17 6 11 11 12 7 5 20 11 10 8 12 14 8 11 8 11 18 7 6 0 12 5 16 7 9 6 11 11 14 9 11 8 16 8 14 7 17 9 16 5 6 8 16 18 13 9 20 16 8 19 15 17 11 16 6 19 14 9 8 8 8 19 19 18 10 8 11 8 8 12 8 17 18 9 8 9 8 5 20 5 20 19 19 8 19 11 11 8 17 20 19 17 18 20 8 16 9 6 19 14 19 11 7 6 19 12 11 6 12 18 14 9 9 14 10 18 19 14 18 7 6 15 14 17 13 15 9 18 19 11 8 14 15 20 12 8 13 6 5 17 20 9 10 11 7 15 9 9 10 17 10 6 6 11 6 19 6 6 20 8 5 8 8 13 8 13 17 10 9 18 20 16 17 18 9 17 11 18 5 9 13 9 18 9 8 18 17 18 12 7 17 18 13 10 10 5 17 13 8 9 6 13 8 10 16 17 13 9 15 18 19 12 8 14 7 18 16 6 8 19 5 9 14 9 18 9 8 6 7 6 16 15 11 15 5 6 9 14 5 20 19 10 19 16 13 10 12 17 6 13 17 12 5 18 12 10 17 9 20 14 10 13 9 19 13 20 18 19 11 13 12 8 15 14 11 15 7 16 10 11 5 17 6 19 19 16 15 16 7 10 14 13 18 15 14 14 10 13 14 14 11 15 18 18 11 19 19 19 10 15 13 15 5 17 6 15 19 11 12 18 10 6 15 13 12 12 7 17 17 15 16 16 16 17 10 15 6 5 19 9 19 8 15 11 13 14 14 17 8 11 18 11 13 18 17 6 6 14 6 16 16 12 10 15 18 15 12 6 16 11 5 13 5 6 16 7 16 17 19 20 19 18 17 6
10 19 6 5 6 14 13 16 19 8 8 19 19 7 7 19 12 12 6 12 11 20 15 17 10 12 18 19 9 20 11 7 18 7 13 15 0 6 6 10 11 7 18 16 17 13 15 17 15 14 8 5 17 16 7 15 17 15 10 7 18 8 17 15 17 5 12 20 18 8 10 15 8 7 19 6 10 17 16 6 15 19 9 18 16 8 5 10 9 11 15 10 9 18 10 12 11 15 8 5 14 8 16 18 16 8 20 13 19 17 13 5 12 14 8 6 12 20 15 17 7 14 5 18 5 8 9 8 10 6 8 16 6 17 8 5 9 17 11 5 14 15 13 9 6 13 16 15 9 16 17 11 5 18 9 14 16 10 7 5 16 16 18 20 6 13 16 10 6 8 19 19 14 12 9 7 5 12 11 10 20 15 17 16 14 17 14 19 12 5 16 12 12 19 7 14 11 15 18 9 11 20 11 19 14 6 5 11 5 12 15 18 6 9 17 14 13 13 5 19 14 17 13 10 8 19 5 16 10 13 16 15 16 6 6 10 13 5 8 17 9 6 6 18 19 19 19 7 10 18 12 19 7 15 11 6 11 5 19 14 20 13 15 9 11 6 17 9 5 12 17 15 6 9 19 9 10 7 5 13 18 5 13 16 17 19 12 13 6 11 18 20 18 11 20 13 10 17 16 16 10 17 12 7 10 18 10 17 11 16 14 5 14 8 15 13 18 13 9 13 12 13 15 13 8 16 20 12 10 13 20 10 20 11 9 12 8 9 18 6 6 10 6 12 17 6 12 5 13 10 5 10 20 5 9 18 11 16 15 6 9 16 19 8 13 14 18 19 16 8 6 5 20 8 18 6 17 18 11 18 9 12 17 19 7 18 8 17 12 19 5 15 19 5 18 16 8 19 14 15
19 16 17 10 19 8 19 13 14 13 14 15 15 16 16 17 11 17 9 17 20 8 6 16 13 8 9 7 10 10 18 16 10 19 18 17 15 0 6 14 11 11 10 10 15 14 18 10 14 6 15 17 13 5 12 11 19 9 12 10 13 17 8 20 12 17 19 14 15 5 19 14 6 12 17 20 11 5 20 12 19 19 6 14 18 10 17 17 17 19 6 15 15 11 11 20 17 10 9 13 11 5 12 13 5 7 6 6 6 20 5 10 11 5 18 20 6 17 7 9 20 12 10 14 5 11 19 18 7 20 15 17 12 16 9 11 8 19 7 7 11 10 12 16 7 17 18 6 13 11 12 15 5 16 15 16 16 10 15 19 19 6 12 14 13 17 12 19 7 17 18 11 11 18 7 5 20 12 7 13 15 14 15 6 16 14 15 16 18 5 14 8 10 19 18 10 20 14 16 17 13 6 18 17 19 18 12 17 6 9 8 13 20 11 8 8 14 7 14 20 8 14 18 13 15 20 19 14 13 20 12 6 8 17 16 19 19 9 19 19 18 12 20 16 7 5 20 10 11 12 19 20 20 8 6 5 19 11 17 6 19 5 15 6 17 13 9 16 13 8 15 18 9 20 18 14 17 15 19 13 15 6 18 12 20 12 16 11 14 11 5 20 14 10 12 11 8 5 5 19 15 14 9 15 18 16 9 7 6 9 17 20 19 7 16 8 16 7 13 14 17 19 15 20 17 15 10 5 9 10 5 11 6 16 15 16 14 19 13 13 16 6 14 7 14 12 7 5 12 14 18 13 5 16 15 8 8 10 6 7 17 11 15 14 13 18 7 17 14 15 14 14 18 11 18 9 12 5 18 14 8 20 10 16 14 8 18 8 19 12 18 20 11 15 12 9 11 13 18 6
20 11 16 13 20 11 9 5 10 9 16 17 9 8 20 16 7 13 14 13 15 20 20 20 17 18 7 7 13 15 9 17 12 6 9 20 15 18 0 11 12 18 7 20 6 9 15 6 14 18 19 14 20 5 5 10 16 9 11 18 20 7 12 5 7 19 9 5 13 12 16 5 14 14 8 7 6 12 16 8 17 5 14 17 17 8 15 14 17 19 16 20 8 19 6 9 8 6 12 16 17 10 11 11 5 5 14 14 7 17 7 8 20 16 19 9 18 20 10 19 14 5 5 6 20 15 19 19 13 13 16 8 20 15 17 11 7 17 14 6 10 5 11 5 14 19 9 5 16 6 10 14 20 8 20 5 17 20 19 11 9 20 17 12 12 10 6 14 18 9 8 14 15 19 14 10 18 9 20 9 16 13 16 13 12 18 18 8 18 17 9 17 13 12 7 9 7 11 18 6 12 20 17 5 14 10 9 9 13 7 14 14 16 5 14 6 7 11 17 19 10 8 20 15 12 8 19 5 6 18 20 17 13 5 20 12 17 6 14 11 14 7 16 5 10 12 16 6 8 19 7 19 10 6 20 13 10 20 6 19 19 14 16 19 18 9 8 5 6 8 6 13 14 19 7 9 5 18 17 11 9 5 9 6 5 19 8 9 14 10 19 16 20 20 16 15 18 12 8 9 9 16 5 16 15 19 12 18 11 13 11 6 9 10 16 9 15 19 5 5 12 17 20 13 11 13 18 6 9 18 18 12 13 19 14 12 12 6 13 17 12 16 5 9 20 20 16 10 9 14 6 8 19 8 19 7 19 17 20 16 18 12 14 8 16 18 5 9 16 5 13 6 20 20 20 16 14 13 17 5 13 12 8 7 9 11 7 19 18 17 15 8 6 15 8 5 8 11 15 7
8 11 9 10 15 6 14 8 14 12 12 8 15 19 7 12 17 19 15 12 14 18 9 20 15 13 12 5 14 11 5 14 18 9 7 19 9 19 18 0 16 7 11 9 5 6 20 6 15 9 12 19 8 8 7 16 13 12 15 17 9 11 5 6 5 13 10 19 13 19 11 6 10 9 9 17 5 14 17 9 12 7 7 18 5 7 13 8 18 12 9 8 18 5 5 9 12 18 16 15 5 19 16 6 9 8 13 8 7 15 13 20 13 15 19 8 17 13 7 5 15 15 9 5 8 9 16 11 6 15 11 19 15 19 7 5 13 6 14 10 6 12 19 13 16 19 20 12 6 13 9 9 6 8 8 12 13 19 9 5 15 18 16 14 19 15 17 18 19 5 17 8 9 11 20 15 5 7 15 6 5 5 13 19 11 16 17 9 8 5 15 20 12 16 7 9 17 7 8 11 12 14 10 8 11 18 19 14 15 8 15 6 10 13 10 7 10 16 12 11 15 12 18 7 9 6 16 12 13 6 20 18 14 16 8 17 16 12 13 15 16 10 6 5 6 14 7 12 10 9 7 5 15 12 12 10 14 5 10 16 7 20 11 18 8 11 6 19 14 8 8 10 10 15 11 17 8 5 14 11 9 7 5 6 6 6 16 5 14 8 12 8 18 12 12 19 9 11 20 12 13 19 17 8 6 18 19 11 9 13 19 7 13 9 7 12 19 20 12 16 19 15 5 18 11 11 17 5 6 18 16 15 19 20 19 6 6 6 17 16 19 16 15 11 15 15 19 12 15 8 9 19 15 5 5 17 10 18 8 15 6 15 16 9 15 10 13 16 16 7 5 7 14 20 13 10 16 16 8 19 13 20 20 19 11 13 5 16 15 11 20 20 18 10 5 17 11 20 5 8
6 10 12 13 8 20 9 6 10 19 18 7 6 13 9 16 7 10 18 15 20 14 15 5 15 14 5 12 11 6 18 9 14 14 19 19 12 20 17 14 0 10 9 10 14 19 13 10 10 7 17 7 19 9 13 10 5 17 17 7 6 5 8 13 20 18 5 19 13 7 20 12 5 19 13 16 9 20 6 14 15 18 16 8 10 7 9 12 15 14 8 19 10 19 19 16 9 7 13 15 5 6 7 17 16 13 16 15 17 12 16 11 6 14 6 6 17 13 18 10 20 20 15 18 5 13 9 7 7 15 15 5 13 10 7 13 6 19 16 13 6 18 7 19 17 6 16 20 11 13 19 19 13 17 19 13 8 12 11 14 18 9 9 18 10 17 9 15 9 13 8 11 20 19 6 9 10 10 15 15 12 17 5 10 12 15 7 12 17 12 17 19 7 14 5 15 19 11 15 6 5 16 13 14 9 17 15 10 9 13 18 6 12 10 20 20 17 8 16 14 13 8 18 6 18 15 12 14 7 9 8 9 16 10 8 18 11 11 17 5 18 18 17 10 17 19 8 10 7 11 5 12 5 11 16 8 13 15 20 17 18 20 9 8 15 15 7 10 15 14 12 18 14 20 12 8 9 18 17 8 19 10 6 5 19 14 7 13 16 7 16 20 19 18 9 19 16 12 14 9 13 10 13 19 20 10 13 17 7 5 12 13 20 10 10 16 6 9 11 13 9 12 18 17 13 7 16 16 12 19 6 16 5 16 16 5 7 11 17 12 19 18 11 9 18 8 20 8 8 20 18 12 13 14 10 20 6 17 9 13 6 6 5 13 15 5 9 14 19 13 14 8 16 14 18 17 17 15 18 7 6 15 7 7 12 10 14 11 17 5 7 11 10 6 19 15 9 16 9 13
17 9 8 18 5 9 13 9 20 15 5 6 7 6 6 11 14 11 19 15 9 11 13 8 8 19 19 17 15 18 15 18 16 18 8 6 10 17 11 8 7 0 14 17 13 8 12 12 16 14 19 17 7 6 19 18 15 16 12 5 7 9 14 19 9 10 12 11 19 15 5 20 6 6 18 6 8 14 13 14 11 15 9 17 6 10 18 20 19 17 15 18 15 15 15 19 5 14 9 17 10 8 15 18 20 16 8 13 9 17 10 9 12 11 11 8 19 19 19 9 11 9 14 5 6 14 9 16 14 10 7 9 7 9 19 12 11 5 7 7 12 18 19 11 18 16 7 17 15 16 13 14 14 5 5 10 15 17 16 15 10 12 18 12 10 7 5 11 8 18 7 12 17 16 5 15 19 16 6 13 20 18 8 20 10 17 15 15 9 19 20 13 8 9 6 13 5 16 19 7 17 19 18 14 18 14 8 15 14 8 7 14 11 19 13 7 7 14 12 10 15 19 8 12 17 11 5 12 9 18 12 13 12 14 18 14 17 20 17 11 19 12 7 12 15 10 7 20 13 20 7 20 16 6 18 8 19 7 5 8 10 18 11 9 10 10 5 5 6 10 19 15 6 14 5 17 14 10 17 16 6 12 17 12 17 14 17 9 17 8 6 11 6 7 12 11 5 13 16 6 20 19 16 13 12 18 20 5 16 15 8 20 6 14 11 5 15 7 9 14 6 6 5 9 16 5 10 7 5 9 12 15 16 12 17 14 6 18 14 10 19 14 11 10 17 18 14 11 12 8 13 11 12 14 20 12 19 6 5 19 8 6 13 19 20 19 9 7 17 15 13 9 14 14 20 11 11 16 7 7 14 13 8 8 14 10 14 9 11 17 15 17 17 13 17 15 13 18 11 12
10 10 17 9 6 10 11 9 9 17 19 10 20 6 14 6 8 7 18 10 15 11 5 5 15 14 19 19 11 8 8 20 9 11 13 6 18 10 11 7 9 12 0 7 18 18 5 12 12 19 13 7 9 16 17 6 6 15 6 16 11 13 7 5 9 14 20 8 10 5 15 7 7 8 5 14 18 12 15 19 7 14 5 19 18 12 12 8 20 16 13 18 17 5 6 19 7 7 18 6 12 20 10 8 10 6 7 5 6 6 15 11 5 12 6 5 15 14 12 13 5 6 8 6 16 10 16 14 13 13 7 10 7 20 9 7 6 18 9 7 20 19 13 18 8 6 6 12 6 16 9 5 9 13 19 9 11 10 13 5 14 8 18 12 15 12 6 5 11 19 10 20 20 13 15 8 19 13 15 6 12 5 5 6 5 19 9 8 15 8 19 7 15 5 7 18 6 16 14 10 8 16 18 10 16 9 11 18 6 16 13 19 8 18 12 14 16 6 12 14 16 11 18 7 18 20 18 14 16 11 15 15 15 12 9 9 12 17 11 20 19 7 6 7 5 10 12 8 13 7 19 11 10 12 17 5 10 9 20 10 13 13 5 16 11 19 11 5 6 6 18 6 20 14 6 6 8 19 5 16 6 10 20 16 8 7 17 11 17 11 15 6 11 10 14 19 5 8 9 15 16 16 18 10 16 11 20 11 11 15 7 9 20 18 15 12 14 11 14 20 18 13 17 17 13 18 5 19 5 20 9 19 10 9 7 10 9 20 17 6 17 15 16 17 8 12 7 17 5 10 17 16 19 13 11 19 7 12 12 14 13 12 13 17 10 13 10 15 17 6 5 20 13 16 20 17 7 13 8 14 8 7 16 12 6 11 17 18 15 14 18 15 12 19 6 18 19 11 18 11
15 18 20 17 9 18 14 19 7 12 17 15 17 13 17 14 13 6 20 7 11 11 19 8 15 7 13 6 9 5 15 7 12 10 20 18 17 10 5 11 8 17 12 0 14 5 16 12 9 20 14 14 12 16 20 5 8 14 14 7 6 8 11 15 17 10 16 14 13 7 11 9 20 18 14 6 5 10 13 9 15 18 19 18 19 12 17 14 19 12 13 16 10 8 9 20 17 12 20 8 5 11 19 12 7 18 19 6 17 18 16 13 11 13 19 5 13 11 12 14 19 9 13 20 10 14 6 10 15 6 15 9 15 14 17 6 16 16 8 5 9 14 17 16 16 15 11 17 11 16 16 9 9 12 9 11 16 11 20 12 12 9 20 19 14 17 10 5 12 8 15 18 19 5 7 12 12 9 19 7 5 5 18 10 14 9 20 16 14 8 6 14 16 14 19 5 9 14 9 7 6 18 16 5 17 11 7 13 18 5 12 18 11 12 7 7 7 6 10 9 19 8 19 10 9 14 12 16 6 6 12 20 8 13 12 5 13 9 16 7 12 13 8 14 17 8 5 18 18 13 12 16 14 6 13 7 10 9 6 15 8 8 17 11 9 16 20 16 20 17 11 10 16 12 7 7 14 20 14 16 7 7 19 13 14 5 15 16 12 7 10 17 10 17 19 17 12 9 13 11 7 13 15 18 15 11 5 7 9 15 18 17 10 8 14 20 13 16 11 17 5 8 8 9 18 17 5 14 10 5 12 6 14 14 10 17 9 7 12 7 17 14 8 16 13 8 11 20 15 8 20 13 17 11 14 19 6 15 20 15 19 14 6 13 18 17 8 12 9 10 10 8 10 15 12 17 7 8 14 14 19 19 11 16 16 17 19 14 17 16 11 10 12 5 19 17 6 12 15 8
7 12 7 12 13 10 14 8 14 20 19 19 10 18 15 9 17 11 13 17 16 14 12 12 5 5 15 13 16 17 11 9 16 16 17 9 7 8 18 15 8 7 13 16 0 10 11 7 17 7 18 10 14 9 8 20 5 13 17 13 10 16 18 12 19 7 13 18 9 9 15 15 11 7 15 8 11 10 18 10 8 7 9 13 15 12 18 7 14 20 19 19 7 16 15 10 9 17 5 9 12 12 12 5 12 20 18 13 12 10 19 8 12 6 18 12 13 11 9 10 19 17 17 12 6 6 6 5 19 12 8 17 11 19 8 17 5 19 15 19 9 20 7 14 7 18 18 19 11 19 13 8 14 15 10 20 19 15 5 7 17 20 20 14 15 10 5 8 7 5 13 8 14 20 16 20 19 8 16 9 14 12 10 16 6 16 8 17 19 5 8 9 18 11 16 13 19 14 12 12 6 17 11 8 13 13 20 15 7 9 7 13 20 16 19 18 19 14 6 12 17 8 19 17 6 13 11 13 14 12 9 16 19 20 12 20 18 5 6 20 17 5 18 5 16 8 6 14 13 6 18 13 11 15 7 7 20 10 20 18 20 11 17 11 15 19 18 14 17 11 17 9 18 16 7 7 17 5 11 7 5 11 20 20 8 10 15 6 10 7 6 16 15 13 10 13 10 5 12 15 5 18 11 19 10 12 19 14 20 20 5 8 12 8 15 14 17 13 17 19 8 11 16 18 9 11 7 16 19 6 9 18 19 16 11 7 13 11 10 9 17 15 14 16 18 13 5 20 10 11 9 19 8 15 18 16 9 9 9 6 18 20 19 20 19 13 8 6 14 14 7 12 11 16 10 12 7 20 14 5 19 9 19 17 5 15 19 6 6 15 11 6 16 9 6 8 16 5 16 11
14 18 8 11 12 18 5 20 17 9 10 18 13 7 17 8 14 8 12 8 8 7 12 11 11 18 13 16 10 11 17 15 18 19 15 8 17 10 10 12 17 17 15 6 16 0 16 13 20 20 11 12 13 12 9 14 13 18 13 13 17 10 19 11 9 15 18 9 9 17 8 15 6 18 14 15 18 6 7 8 12 8 14 11 13 17 10 9 5 11 9 14 20 16 8 5 7 14 15 14 13 12 8 6 7 17 10 18 5 17 11 18 5 14 7 10 9 8 14 15 6 8 17 18 20 10 11 5 19 13 10 19 9 10 11 9 7 16 8 5 19 14 15 7 5 5 19 6 19 11 5 6 9 16 6 6 14 8 19 15 16 6 14 15 5 7 10 10 7 17 17 12 8 13 20 11 19 8 9 5 11 6 12 20 10 6 7 5 10 7 14 7 19 14 14 13 7 8 7 17 12 5 13 6 14 6 16 14 18 15 16 18 17 7 15 15 8 18 16 8 7 7 9 6 20 9 9 9 11 20 17 14 20 6 16 14 9 8 17 19 8 13 17 16 13 17 17 5 8 5 20 18 5 8 20 20 13 9 16 6 16 13 7 7 13 17 7 20 14 9 20 11 5 15 9 11 11 9 19 18 8 11 13 6 14 19 7 17 10 15 11 7 16 16 14 18 12 18 8 5 8 18 7 18 18 13 13 18 20 14 7 17 16 19 19 9 5 15 8 18 15 5 19 19 15 18 8 14 17 9 20 20 7 15 14 12 15 20 9 20 11 11 16 20 12 15 7 7 9 5 16 15 20 10 9 10 18 16 12 19 15 11 14 15 14 16 7 12 17 20 20 9 20 6 10 14 19 13 7 9 18 5 14 17 19 7 8 9 14 5 17 18 10 9 8 17 19 18 8 6
8 13 16 17 6 12 7 10 12 20 8 6 19 6 18 7 9 7 17 7 14 13 17 13 8 10 18 7 14 18 15 13 12 5 18 20 15 7 12 15 13 17 19 18 16 19 0 9 6 10 15 13 6 6 5 18 18 7 18 5 10 17 6 13 8 9 16 11 17 9 15 8 19 7 14 20 16 6 20 20 15 15 7 18 6 20 11 6 16 18 14 12 14 5 18 15 13 20 15 6 13 17 11 11 17 12 6 5 14 17 18 16 16 20 9 18 11 15 19 9 19 10 17 19 14 13 16 5 17 7 16 19 7 17 16 12 14 15 17 7 12 13 11 14 11 13 7 15 12 6 16 8 6 6 6 18 7 14 20 6 18 11 14 17 20 20 10 12 5 12 18 18 14 11 6 14 16 20 15 12 20 6 11 13 8 13 8 12 13 6 15 8 15 14 15 9 20 15 12 11 14 15 6 14 5 9 10 19 17 5 6 18 16 17 9 8 20 15 7 13 16 8 18 9 10 10 14 11 10 16 11 10 13 8 7 12 7 15 11 13 9 8 7 5 16 18 15 6 7 9 18 5 12 18 18 13 8 12 15 12 6 19 13 16 6 10 18 15 13 11 20 20 18 17 13 17 6 5 9 10 11 19 11 17 7 17 12 9 20 7 8 5 8 14 11 12 7 20 14 13 5 19 16 5 16 20 11 18 5 19 19 10 16 9 18 12 6 9 9 12 14 15 18 15 6 19 17 13 7 20 5 19 20 20 18 6 13 11 20 15 13 12 13 9 12 19 7 11 7 19 18 12 15 11 18 17 5 15 17 10 6 19 16 5 19 15 6 14 20 16 12 5 7 9 6 18 18 14 12 5 17 18 16 10 10 12 20 18 13 16 7 14 15 7 12 16 15 13 11 16
19 13 7 15 16 14 7 13 13 14 19 6 19 16 18 19 6 13 9 17 20 6 5 15 13 19 5 17 14 19 10 12 8 8 13 7 8 15 11 15 8 20 20 7 8 11 20 0 18 5 7 13 7 11 14 20 20 12 10 20 14 13 16 19 15 19 9 15 19 19 11 8 15 11 18 12 8 20 9 11 14 19 9 9 13 6 10 11 7 15 11 13 8 20 17 9 8 13 14 15 8 7 7 20 5 18 5 5 16 8 19 13 8 10 6 7 15 17 15 5 19 18 18 20 5 11 20 19 6 15 8 5 8 10 5 8 13 13 18 19 14 18 8 11 8 8 11 10 15 9 15 17 15 19 15 8 7 5 12 13 9 13 9 15 9 7 17 15 9 16 5 18 8 15 9 7 13 8 6 17 9 8 14 13 12 6 8 8 7 14 7 17 19 6 20 5 9 8 10 11 7 10 13 16 14 10 17 5 5 20 5 11 15 11 18 18 12 17 7 16 6 10 14 18 12 14 16 15 20 8 19 7 6 6 12 14 9 16 17 15 16 11 19 6 16 7 16 8 14 9 13 18 20 20 9 5 14 14 17 9 13 8 15 7 7 6 6 5 9 6 18 9 19 18 6 5 20 18 12 16 14 20 20 10 11 13 17 10 19 20 18 7 15 13 18 18 12 20 7 9 6 7 13 8 5 14 19 11 15 15 5 8 15 18 15 10 14 12 9 14 20 6 6 15 13 11 8 8 12 10 15 5 19 15 5 10 6 9 17 17 7 13 17 18 5 9 20 11 9 9 11 7 14 19 17 20 20 10 16 11 18 11 9 8 17 10 14 17 17 14 19 14 11 14 13 14 20 11 18 12 16 8 18 12 20 19 9 13 9 8 18 7 7 16 8 20 20 11 8 18
11 8 15 11 17 12 19 8 11 12 12 9 9 6 13 5 14 20 10 19 5 14 16 17 5 15 7 15 13 6 18 15 10 19 8 5 19 17 19 6 16 6 9 7 19 14 13 6 0 11 15 8 12 14 5 10 11 16 13 10 15 17 14 16 20 14 6 18 5 13 7 7 11 12 19 14 20 15 12 16 5 14 5 12 6 15 11 17 15 7 7 19 17 8 5 11 12 20 15 14 9 7 15 11 5 8 15 5 6 13 19 10 18 15 10 20 14 18 16 8 8 6 18 5 14 7 13 8 10 18 14 11 15 16 10 14 18 8 8 15 11 10 12 10 5 9 17 8 8 14 17 9 20 10 20 18 15 19 20 6 10 8 14 14 17 7 13 16 17 16 15 6 19 20 14 9 15 7 9 19 15 13 7 20 11 8 6 17 13 15 5 5 5 16 9 5 14 16 8 6 10 14 19 18 11 15 20 17 20 7 18 16 13 8 7 19 11 12 16 17 7 9 17 10 7 12 15 18 16 17 6 15 7 15 9 5 16 18 7 11 17 10 12 17 17 12 18 6 14 6 16 17 6 15 15 13 15 10 18 15 12 9 14 13 17 8 18 20 20 14 20 17 11 11 5 6 12 6 7 6 13 19 17 9 11 5 12 6 14 19 18 17 9 7 5 5 11 5 16 20 7 7 16 14 13 18 20 9 13 5 11 15 9 10 17 17 8 15 9 10 14 17 18 13 17 14 14 14 16 11 5 14 19 18 15 12 6 17 13 20 14 11 14 20 15 15 9 10 13 13 8 19 12 16 17 16 10 11 8 20 19 8 11 11 6 11 13 13 20 6 13 6 20 9 12 15 9 10 17 14 6 6 19 11 12 7 11 13 17 13 13 11 9 17 8 8 5 5 7 14
8 15 15 16 18 8 6 19 18 7 11 7 16 20 20 13 15 20 17 10 13 8 14 14 16 11 18 8 5 10 11 20 6 10 9 13 7 19 11 15 15 6 7 12 12 17 13 8 15 0 19 17 10 8 20 10 10 18 20 19 12 10 10 11 9 14 17 16 12 10 17 20 8 13 19 13 19 10 5 16 17 16 5 10 11 20 11 9 11 13 12 12 20 14 18 20 7 17 14 15 6 20 12 17 13 5 11 7 14 20 5 11 19 20 19 15 14 8 12 19 11 6 15 11 8 11 18 18 16 9 8 5 10 7 14 7 9 5 8 17 20 20 15 20 17 6 17 12 7 20 20 15 5 17 12 6 20 14 6 8 9 11 15 14 6 9 19 16 16 7 11 9 6 9 8 13 14 9 6 17 16 13 19 8 17 14 9 19 7 19 11 8 11 15 13 7 17 15 10 18 14 10 7 20 18 9 9 18 14 18 13 17 5 12 7 8 18 18 10 19 16 17 8 6 16 6 6 6 12 7 19 10 8 17 9 8 14 7 5 14 7 20 15 9 16 17 10 7 14 18 16 8 15 8 19 6 19 15 12 9 20 10 18 13 18 5 16 7 9 10 10 14 17 10 10 16 20 9 11 9 12 5 15 14 7 14 12 9 11 13 16 10 10 5 7 14 17 10 14 10 16 7 11 9 17 16 9 8 17 16 7 18 6 17 19 5 17 13 15 14 9 7 11 20 8 8 14 8 15 16 6 11 6 10 8 9 9 6 16 11 19 20 10 16 10 13 5 12 15 19 9 12 8 17 15 13 14 11 11 20 12 11 8 15 10 13 10 5 5 16 20 13 10 19 13 7 7 9 6 20 19 19 15 6 12 8 9 13 20 17 6 16 17 9 7 18 8 7 20 10
18 14 8 18 18 20 10 17 20 11 19 19 12 13 11 18 14 6 9 5 13 12 12 6 14 17 7 8 10 10 7 17 10 14 17 13 10 18 10 8 20 9 18 5 9 12 15 7 10 7 0 12 10 9 12 8 20 16 16 7 17 16 7 9 19 11 8 9 13 7 9 6 9 18 16 19 17 13 5 16 14 15 13 19 15 5 10 17 20 13 7 6 18 18 15 17 20 6 6 15 13 20 14 10 15 19 6 20 12 17 19 14 16 10 17 16 6 20 17 6 12 17 14 19 14 10 5 12 18 15 20 5 11 11 12 17 17 11 11 18 14 11 12 5 19 11 14 5 11 16 18 14 20 14 14 15 6 6 5 9 16 14 13 8 16 16 10 8 11 19 15 20 20 15 15 5 19 15 12 19 16 12 11 15 13 18 20 12 9 7 14 10 17 15 11 8 8 11 12 18 12 16 11 14 10 9 7 12 7 8 16 13 16 5 6 7 13 16 17 17 18 19 18 16 15 20 5 13 17 12 11 11 11 16 8 8 20 6 10 6 5 12 5 8 14 5 18 20 20 13 6 5 20 13 11 8 5 11 12 7 17 15 7 8 6 20 7 8 16 18 12 18 17 7 5 5 17 19 14 8 14 17 16 14 15 6 17 11 6 8 15 18 18 8 19 15 5 13 11 6 12 11 5 17 12 8 15 13 14 6 8 15 6 6 18 11 10 15 10 10 5 13 9 7 7 19 8 15 8 18 12 9 5 5 19 19 16 12 7 7 12 20 19 12 5 10 12 10 8 17 12 20 14 10 6 11 7 12 8 8 19 16 15 9 12 12 7 17 13 18 11 19 8 13 6 8 8 11 20 14 13 9 20 12 20 13 14 5 18 12 8 18 15 6 17 18 5 19 11 18
10 15 8 15 6 20 17 6 18 14 9 12 7 5 7 5 7 12 20 10 20 11 5 19 5 15 6 17 7 6 8 19 11 7 8 12 12 17 18 18 10 19 6 10 20 9 12 9 9 11 15 0 20 8 9 10 18 8 15 20 8 11 12 9 5 10 18 18 13 7 16 16 6 11 11 5 13 13 18 8 19 19 18 17 19 16 16 15 10 13 14 5 16 5 5 9 7 6 13 16 8 16 8 5 19 12 11 18 12 8 10 6 14 17 16 9 11 6 5 9 18 5 11 15 17 14 18 17 15 14 14 20 14 12 20 14 19 15 11 6 8 16 6 9 16 18 10 18 5 19 9 8 5 6 18 6 11 17 16 15 18 12 17 5 12 15 8 14 9 14 6 17 14 19 8 10 10 16 8 8 19 5 14 16 12 15 14 16 13 7 5 20 5 11 9 13 16 9 7 19 15 13 10 10 20 5 18 14 13 19 12 20 10 18 7 16 17 5 19 20 20 15 11 16 11 14 15 19 6 11 13 6 20 13 20 6 8 7 12 19 7 9 12 5 8 9 12 18 12 6 5 17 11 15 10 18 11 15 14 8 9 6 12 16 13 19 6 15 13 11 8 18 19 16 11 11 7 16 14 16 17 7 18 13 20 11 11 7 20 19 13 20 11 11 13 10 8 18 18 5 7 18 11 16 15 13 8 5 15 9 17 5 18 5 9 18 18 14 5 6 6 16 5 12 9 9 20 9 11 14 15 13 15 5 10 8 6 15 14 13 5 6 7 8 7 16 17 11 6 17 14 15 20 20 8 5 7 18 8 20 12 16 19 9 12 16 15 17 8 19 8 12 18 5 17 10 6 5 10 11 11 12 6 9 9 14 20 15 16 7 10 14 15 20 20 10 8 12 19 5
13 8 11 8 8 17 14 20 20 6 10 6 11 13 16 11 17 5 6 6 18 19 18 15 6 6 14 11 10 15 6 8 10 13 19 14 14 5 6 10 6 15 6 6 7 5 17 14 18 15 16 15 0 16 7 15 14 18 12 5 14 19 10 11 19 19 14 17 16 18 7 5 14 11 14 15 7 11 7 14 18 12 7 13 13 19 9 5 6 12 15 5 16 10 8 7 8 18 10 17 14 17 16 18 13 7 8 19 10 16 12 15 16 11 16 20 10 7 15 5 7 15 19 8 14 8 11 7 10 9 13 5 10 20 15 18 11 14 12 10 10 5 17 19 9 7 16 14 19 20 18 16 13 17 7 17 7 13 7 13 10 20 17 15 15 10 12 20 8 17 10 17 16 14 10 16 18 16 20 18 11 6 5 5 16 5 11 7 20 14 14 17 9 19 11 10 18 17 12 20 7 20 9 20 14 11 17 9 17 18 5 12 9 18 9 17 16 16 16 13 20 8 10 11 10 9 18 6 20 15 16 11 17 6 18 18 16 19 6 5 5 18 5 18 12 10 14 12 9 15 11 7 9 6 20 8 20 19 20 6 18 8 20 5 20 10 13 20 11 7 7 11 17 20 14 13 17 16 18 6 7 15 9 12 16 9 20 19 9 6 10 15 8 8 15 13 16 11 5 5 16 16 18 5 15 7 8 5 7 15 19 20 12 8 12 8 13 15 5 19 15 16 16 13 18 16 20 10 7 9 14 18 10 7 7 11 17 11 9 17 20 15 11 9 19 15 6 5 12 10 12 19 16 19 11 19 18 8 18 13 9 17 12 15 10 15 12 18 6 15 8 17 17 11 11 16 13 10 5 8 6 17 14 15 12 19 9 20 16 17 14 20 13 16 6 9 5 11 8 13
9 13 20 11 18 10 5 6 18 19 5 12 8 5 13 16 6 5 8 16 15 17 9 19 11 13 12 20 7 9 8 13 18 20 5 15 7 18 18 11 11 13 8 13 16 18 6 13 12 12 10 11 16 0 12 14 17 7 18 16 15 19 10 9 5 5 13 14 13 10 16 13 18 8 15 13 9 16 18 20 18 8 9 5 12 14 15 5 8 17 14 13 5 14 15 13 7 10 12 17 12 14 17 7 11 15 11 8 8 13 20 9 17 6 20 20 16 18 15 5 10 5 15 17 12 5 12 18 6 7 11 5 12 8 15 5 12 18 6 9 10 7 12 12 12 17 15 18 13 19 11 10 17 14 8 19 16 18 14 15 9 13 20 10 13 9 20 8 11 9 8 5 9 7 12 20 9 13 9 17 10 7 12 14 20 13 6 7 8 11 18 8 6 19 12 17 20 17 18 16 6 19 15 6 17 5 13 11 7 20 17 5 11 10 11 11 18 5 9 7 10 10 20 8 6 11 19 11 7 16 15 11 5 15 17 7 8 15 8 8 7 10 13 9 13 20 10 10 15 11 19 11 9 9 13 18 8 14 16 6 8 10 9 15 17 12 9 13 9 12 10 7 15 5 11 6 6 15 12 17 14 6 5 15 18 13 5 7 10 7 15 18 6 8 20 10 6 14 8 5 13 14 7 18 11 5 16 11 6 9 14 19 10 16 17 8 20 5 5 18 8 7 14 17 16 15 11 12 11 9 14 6 13 5 16 13 15 19 7 8 5 7 13 5 14 7 9 19 16 13 19 16 17 9 9 18 17 13 16 15 10 5 6 16 17 8 19 17 17 5 10 12 11 13 6 16 13 7 9 20 20 7 9 15 18 20 10 13 5 19 5 10 10 8 10 7 15 18 14 13
13 15 10 14 9 16 20 13 13 15 11 10 8 12 12 14 9 5 18 10 20 6 20 11 7 20 15 17 14 10 5 5 20 15 10 6 16 13 12 18 18 18 9 18 20 17 6 14 10 7 8 17 5 7 0 8 16 11 13 18 13 8 12 19 7 11 9 6 12 6 16 14 15 6 10 17 20 8 20 16 17 15 18 17 10 12 14 7 19 20 15 18 12 8 16 19 9 6 10 18 16 11 16 11 16 20 15 20 11 9 15 5 20 17 14 17 6 16 14 16 5 13 8 6 19 8 11 7 5 6 10 8 17 16 5 16 11 11 14 12 11 20 16 17 6 13 5 20 10 16 15 14 6 17 19 9 15 18 16 16 20 18 7 12 14 6 17 7 10 20 11 19 20 19 12 20 7 8 8 15 12 6 15 9 9 7 9 12 16 16 17 11 13 15 9 9 9 20 15 13 17 10 12 15 12 7 6 5 14 7 20 6 17 13 20 11 10 15 6 13 7 20 5 19 17 10 11 6 19 5 14 5 8 10 10 10 13 11 9 7 8 13 6 9 6 8 5 7 19 12 15 19 13 16 9 7 17 16 11 7 14 6 17 7 17 20 7 9 10 13 19 18 17 11 8 16 10 14 5 11 11 10 10 18 20 17 14 6 7 5 6 20 20 5 11 6 7 11 16 9 7 5 6 16 13 20 8 12 11 20 9 8 9 14 15 15 20 5 18 20 5 7 6 10 20 8 12 9 17 19 7 13 9 19 19 13 10 6 15 6 10 5 10 18 13 15 10 17 11 13 10 7 12 15 9 11 10 18 20 12 18 6 20 16 11 12 19 15 8 17 13 18 18 7 6 17 20 19 10 20 6 20 13 14 17 14 18 9 13 6 12 11 10 12 15 11 15 6 16 16
17 15 20 8 10 9 16 16 13 19 16 9 17 8 20 10 14 10 13 13 20 14 18 17 7 20 14 8 10 9 9 10 8 9 8 12 6 10 12 17 17 20 8 5 6 7 15 20 17 9 7 19 8 17 9 0 19 5 20 16 11 7 15 9 16 19 17 8 11 15 9 6 18 14 13 11 10 11 7 7 20 14 19 10 15 14 12 14 18 12 14 18 10 9 11 15 16 13 8 7 8 9 15 5 5 10 13 19 12 11 14 15 7 5 7 10 18 8 8 13 5 9 9 15 15 7 18 19 19 9 17 6 7 12 17 12 10 9 10 13 15 6 19 20 15 5 20 11 9 20 12 18 7 6 6 16 13 15 7 13 12 7 6 7 20 12 17 20 5 19 18 10 14 13 17 16 14 8 15 20 19 17 9 9 10 18 6 8 20 12 19 15 19 12 5 18 16 5 12 6 10 20 14 6 20 15 5 7 7 18 6 10 8 9 16 8 17 12 10 5 18 12 10 16 6 8 11 15 9 19 19 14 12 15 8 19 11 15 18 19 12 12 20 17 15 20 16 16 10 15 15 12 18 7 7 7 15 9 7 15 19 15 19 9 18 15 9 11 16 10 9 6 12 9 13 7 8 20 12 6 10 17 7 19 13 10 15 10 16 8 19 14 11 11 18 16 14 20 20 12 20 8 12 12 17 19 14 16 17 9 18 20 13 13 19 5 15 14 17 17 16 12 17 6 12 8 19 11 8 7 5 10 7 17 7 11 5 17 18 9 9 11 12 5 6 6 9 16 7 18 14 8 7 11 19 16 9 19 20 19 5 15 8 5 12 19 10 8 15 13 18 9 15 13 12 16 17 10 15 18 17 12 12 6 19 18 18 12 14 14 10 13 11 15 12 13 5 14 12 5
15 12 17 7 14 13 16 17 16 18 6 15 18 7 14 18 16 12 10 5 14 8 8 20 17 5 14 18 7 15 20 19 5 15 7 6 14 5 17 10 20 9 16 11 5 12 16 20 14 12 16 6 20 19 16 14 0 18 9 7 11 18 17 13 17 15 8 6 10 20 6 15 20 7 18 14 10 9 6 17 15 12 16 5 14 15 18 13 16 15 5 12 8 19 11 18 14 13 12 8 10 5 17 14 12 7 18 10 11 9 8 8 20 10 10 20 9 17 9 19 20 6 12 16 17 15 13 7 16 15 20 14 8 19 18 11 17 9 5 8 17 9 9 6 7 12 17 17 12 15 20 17 10 16 16 20 17 19 8 13 6 14 16 10 8 20 20 15 19 10 13 8 13 11 16 17 14 18 7 11 6 15 7 17 20 6 8 15 19 18 14 10 5 11 10 10 18 10 7 13 15 11 13 19 11 16 9 7 6 6 7 15 15 17 13 20 17 9 7 20 8 8 18 17 9 5 10 10 16 5 5 11 11 9 7 6 20 20 18 12 15 10 9 5 10 20 18 17 8 11 12 17 19 8 12 9 6 14 18 9 19 19 9 14 5 18 19 12 12 18 7 5 18 16 19 10 7 15 19 13 6 9 9 14 16 20 19 15 9 17 20 8 9 6 18 16 12 16 15 19 11 6 20 8 8 5 6 15 17 10 15 11 12 5 8 19 19 14 8 6 9 9 9 5 10 11 20 17 14 8 6 15 13 19 5 17 20 16 14 7 19 15 13 20 10 6 17 6 16 16 17 19 14 17 12 15 9 7 10 18 15 17 8 15 19 17 6 7 10 13 5 12 5 6 17 8 7 20 20 20 6 7 20 6 14 15 16 11 15 12 9 14 20 12 8 19 6 11 6 16
16 6 13 20 11 15 14 14 11 11 10 18 15 14 8 17 19 18 9 9 14 17 18 20 20 14 5 14 18 5 18 19 15 17 17 18 12 6 14 14 13 9 8 17 12 6 9 18 5 6 13 5 14 17 12 17 12 0 14 12 17 20 5 8 19 11 19 14 15 12 10 15 5 9 8 14 19 13 16 7 5 11 10 7 13 12 13 15 20 19 8 6 11 7 14 10 8 13 17 13 11 12 13 19 8 20 5 9 10 6 9 8 14 8 19 14 17 19 10 13 7 10 17 18 19 11 15 15 8 8 5 14 11 6 19 18 13 18 20 11 12 10 8 8 14 12 6 8 18 12 13 19 5 18 16 10 9 6 9 13 20 8 18 18 17 11 9 14 6 15 15 10 20 5 20 5 18 11 17 11 17 12 8 12 15 17 20 20 10 15 6 6 6 7 10 8 20 7 14 8 18 7 6 12 8 18 13 6 19 10 9 15 17 13 5 8 8 6 16 14 6 10 16 9 8 10 16 5 20 9 16 15 14 18 15 6 7 13 17 5 16 9 17 20 15 15 8 10 17 14 6 6 6 18 19 15 7 20 15 18 20 7 13 15 9 11 5 12 15 15 9 8 9 13 13 10 15 12 6 20 15 5 10 12 5 5 18 6 20 6 20 16 8 11 6 7 12 18 5 14 9 20 17 14 7 8 7 9 14 16 7 19 6 10 11 19 17 20 12 6 17 7 7 11 15 10 18 9 18 10 15 6 5 5 20 15 18 10 18 18 7 10 17 12 15 11 17 12 20 20 18 16 11 16 6 9 17 14 7 7 18 14 10 15 17 17 19 13 8 10 11 11 8 8 12 5 8 6 14 5 10 19 12 16 8 7 20 18 14 11 12 20 6 16 17 11 15 9 10 17
19 16 14 14 20 15 8 18 6 12 9 8 13 16 5 14 9 19 13 9 19 15 6 16 15 6 17 16 12 15 8 6 7 18 5 11 15 19 20 19 15 14 11 13 15 19 12 7 14 16 15 7 8 10 11 16 16 18 0 10 16 13 12 15 10 11 5 19 16 10 10 20 17 20 8 10 11 9 5 11 18 7 17 11 12 16 14 12 18 15 15 18 11 12 9 8 6 7 17 13 8 11 6 10 11 9 7 7 10 14 9 7 8 5 20 20 20 13 7 20 8 18 12 14 14 13 20 6 10 15 6 9 11 12 20 11 6 9 19 16 20 16 13 20 17 8 14 17 6 11 16 17 10 18 15 9 16 9 19 11 17 16 19 6 15 12 20 13 13 12 19 18 9 10 13 17 7 5 15 12 9 14 16 6 6 15 11 9 17 14 12 13 13 16 13 14 9 5 8 5 9 14 9 15 16 11 15 5 16 17 10 11 19 18 9 5 11 19 11 13 14 7 17 12 15 7 12 11 18 9 10 5 5 19 17 8 18 11 18 15 10 15 15 16 17 13 5 7 13 11 17 11 17 20 18 9 7 11 5 19 19 8 6 18 6 19 19 5 11 15 20 5 6 17 20 8 17 5 19 12 17 12 7 5 8 5 12 18 14 13 6 13 11 19 18 8 14 7 6 19 14 16 20 6 11 12 15 11 20 7 10 12 6 16 18 10 18 17 13 7 8 5 16 19 5 14 12 17 13 20 5 13 14 18 7 12 17 17 6 9 14 8 15 15 19 15 9 15 10 6 15 11 5 16 6 7 16 6 12 11 7 19 6 5 11 10 20 9 7 20 16 5 17 6 18 11 10 18 12 13 12 17 12 18 11 11 17 19 9 10 8 17 17 16 9 8 9 13 12 15
8 8 9 8 7 6 8 16 16 20 6 12 20 17 14 17 19 7 20 15 7 17 7 15 9 9 18 18 15 14 9 18 10 16 10 6 5 16 8 10 10 5 14 18 8 16 7 6 15 20 6 6 7 16 11 16 10 18 20 0 6 10 19 15 18 13 7 16 18 6 19 12 20 7 15 11 20 20 18 13 11 19 20 19 10 12 19 13 8 7 20 15 19 11 14 19 18 6 7 10 5 15 15 9 7 14 13 14 8 19 12 7 7 7 14 18 12 14 13 14 14 16 18 12 14 10 16 9 20 10 14 18 20 8 19 15 7 6 9 12 9 5 14 11 8 18 20 16 18 20 13 5 10 9 19 9 16 19 11 14 16 10 18 5 12 14 5 15 14 17 5 13 19 6 18 15 8 5 13 11 10 14 13 14 20 7 20 16 11 6 9 12 14 10 6 9 5 7 6 16 20 6 9 6 17 14 10 6 14 20 7 13 5 17 9 5 13 7 15 14 15 5 14 13 17 8 10 8 14 7 11 7 20 7 5 5 10 10 20 7 12 17 10 13 8 14 19 7 18 7 13 11 14 9 10 8 14 20 12 15 19 18 19 7 13 14 12 9 8 14 5 15 16 14 18 9 12 6 14 20 16 8 15 16 14 20 11 16 14 14 15 5 5 16 20 20 14 15 20 12 11 11 5 7 14 14 11 7 15 17 14 17 7 14 6 5 11 13 18 9 20 8 17 16 16 16 15 12 18 8 9 10 14 14 17 6 11 11 16 7 15 13 10 13 15 7 8 17 7 19 15 15 10 18 15 13 8 16 20 5 8 20 14 17 20 17 10 7 17 5 12 5 8 9 16 12 11 16 8 7 9 12 10 15 14 12 5 6 13 14 7 12 20 13 10 13 12 12 12 15
15 7 19 13 9 7 5 5 12 9 18 9 6 20 11 18 6 15 9 8 7 5 8 7 20 8 13 17 15 6 13 6 18 17 12 12 14 5 7 8 11 10 9 20 10 19 9 13 9 13 17 7 20 13 5 16 17 8 12 10 0 17 14 15 15 19 10 19 14 20 5 20 5 19 20 16 16 8 15 13 5 6 18 17 15 12 5 16 10 20 7 15 12 13 11 17 14 13 10 17 15 6 13 6 9 19 17 16 14 16 10 20 15 14 10 8 16 19 9 8 14 9 7 14 9 8 18 7 6 8 14 20 13 12 8 14 10 6 14 13 7 14 18 13 10 10 8 14 20 18 5 7 20 12 12 15 19 7 12 12 8 16 10 15 9 19 17 11 11 13 5 8 5 12 12 17 6 9 19 13 10 11 16 12 9 10 7 5 7 18 15 9 6 7 6 11 18 19 15 8 13 6 5 19 8 11 18 8 8 10 9 16 9 7 14 20 20 8 16 11 8 15 10 7 5 6 18 18 18 7 10 9 10 15 5 6 12 12 20 13 8 12 18 20 11 11 7 17 17 14 11 9 18 20 11 14 17 11 11 5 10 16 16 15 18 14 14 13 20 20 11 16 8 19 12 7 20 8 13 19 19 9 8 7 8 10 5 14 7 16 6 19 16 13 17 6 10 19 14 7 5 14 17 12 20 16 17 8 5 11 15 20 10 9 6 20 7 9 8 18 14 18 8 20 13 9 16 5 15 11 17 10 15 8 6 16 18 20 6 11 6 18 20 8 20 20 15 17 16 13 9 6 11 15 11 20 9 16 7 17 7 18 5 8 17 12 9 18 17 14 5 14 9 8 5 18 5 20 20 16 13 13 18 7 14 20 11 13 17 5 7 18 16 13 19 15 6 7 9 14
11 19 7 18 19 12 8 14 20 9 14 6 9 11 14 18 20 14 10 6 11 9 16 18 16 14 5 13 12 18 7 18 12 9 20 10 13 7 10 6 12 5 9 11 20 11 18 17 16 11 12 6 17 20 16 5 6 20 12 18 15 0 5 19 16 16 5 12 5 6 11 17 6 15 10 8 20 6 12 13 13 12 6 6 7 16 12 10 9 19 8 16 9 20 11 7 6 8 8 13 7 20 14 7 18 5 5 10 19 15 6 6 12 17 6 12 14 6 12 11 19 15 12 18 20 16 10 9 9 6 14 20 15 7 10 12 6 20 8 13 11 16 16 20 15 16 10 14 13 8 20 8 14 10 5 10 16 20 15 17 5 20 6 10 20 13 18 11 12 15 13 19 11 15 12 9 12 19 20 20 16 12 7 15 8 14 20 5 13 12 16 6 6 5 9 9 15 11 13 7 9 5 6 13 19 13 5 8 9 9 17 14 18 15 9 16 6 14 12 12 8 7 11 6 10 8 7 16 9 6 16 15 8 17 19 9 20 19 7 5 5 7 11 11 5 14 10 18 13 6 17 13 15 19 18 17 19 5 15 6 18 17 15 12 7 15 10 12 14 20 9 18 5 11 13 9 12 5 20 20 13 6 12 9 18 12 19 11 8 20 17 19 13 9 13 7 17 19 9 14 11 19 5 7 16 14 11 7 11 19 9 17 8 5 9 7 18 17 19 5 10 14 11 8 19 18 11 20 7 18 12 19 15 8 9 16 7 5 20 16 6 11 14 15 13 12 7 17 20 19 11 19 15 6 9 19 20 10 18 10 10 18 20 13 18 11 14 5 20 10 6 9 17 9 13 14 20 8 6 17 16 10 12 7 19 16 14 7 16 5 5 15 17 10 16 9 10 20 18 13
9 10 17 13 9 18 10 7 14 15 20 19 8 18 16 9 10 17 20 7 13 19 10 20 12 20 7 12 17 5 7 8 9 12 20 14 18 18 19 9 14 13 11 5 9 20 19 15 12 19 18 17 20 16 8 17 14 20 8 8 14 13 0 8 5 14 7 8 18 14 18 14 9 16 17 14 10 13 15 14 19 12 8 12 18 17 19 8 6 20 20 17 10 18 20 15 18 7 6 17 18 17 15 18 14 19 16 20 14 16 5 11 6 13 18 19 8 20 19 16 12 9 11 10 16 15 15 10 20 16 9 13 20 5 15 19 11 14 14 7 10 19 14 6 18 19 14 7 5 8 7 19 9 17 9 11 6 8 19 18 14 19 12 16 12 10 13 5 19 11 9 16 15 13 10 11 19 19 12 15 17 20 6 6 9 18 9 11 13 18 9 19 15 16 7 6 5 12 12 7 14 19 17 17 20 5 9 7 8 7 12 10 14 12 12 14 7 11 7 7 19 19 19 6 10 5 6 15 12 11 16 19 13 9 7 14 6 20 8 18 8 18 14 12 20 6 19 20 18 5 15 19 6 19 13 19 16 11 12 15 20 19 20 12 19 18 7 7 17 10 15 14 9 6 18 10 9 12 18 5 20 18 17 20 19 12 9 12 13 7 19 17 15 13 6 8 16 9 12 11 16 11 14 6 18 10 6 8 7 5 6 16 6 15 8 17 19 16 10 15 8 5 9 16 9 10 12 10 9 14 5 10 18 18 11 16 19 11 6 20 16 14 5 20 19 18 12 8 10 13 15 14 12 18 16 16 8 7 9 5 11 16 17 19 12 11 18 12 7 18 13 5 5 18 5 9 15 7 16 20 15 15 16 13 8 11 8 11 19 18 20 9 5 9 7 11 9 12 9 9
20 14 10 19 5 19 9 11 6 11 9 10 17 6 16 12 10 12 19 20 17 11 15 13 8 15 19 17 8 12 15 5 5 13 7 5 17 13 15 8 11 18 8 8 18 12 5 9 9 8 13 19 11 7 14 13 17 14 18 8 17 7 5 0 7 11 10 18 20 14 11 15 14 20 8 9 16 12 17 6 6 6 7 16 17 12 6 15 18 20 18 5 20 19 10 20 10 8 12 5 15 17 15 10 12 19 17 19 11 20 16 7 12 10 10 9 16 19 10 12 20 20 7 19 5 20 19 11 7 13 20 9 20 10 7 18 6 9 7 6 14 16 13 19 8 8 15 7 12 20 8 17 7 17 8 9 14 8 17 20 5 19 11 10 10 19 15 5 6 17 9 13 17 7 16 16 7 7 15 13 20 18 6 19 6 10 7 12 10 14 13 15 9 7 6 17 19 13 10 9 17 11 5 14 11 11 13 19 15 8 7 18 8 8 8 6 8 11 11 5 11 19 14 7 15 10 11 5 19 9 9 13 13 12 14 15 14 14 14 12 6 8 15 15 7 17 5 20 20 8 17 17 5 5 10 13 5 9 14 15 9 14 14 7 6 7 6 8 11 5 13 16 16 13 10 19 19 14 13 5 6 8 12 11 11 19 5 6 20 20 8 18 7 5 17 20 14 18 13 19 9 7 16 14 13 8 8 16 9 6 14 19 5 9 15 19 9 12 8 14 9 11 10 20 6 20 15 18 6 16 17 11 14 18 7 17 6 6 12 9 9 5 8 11 7 6 5 18 20 8 12 15 10 14 18 6 15 20 6 18 16 8 12 5 8 12 10 17 9 17 12 9 20 15 7 20 20 9 6 10 15 14 11 10 19 8 7 7 9 14 9 7 8 8 16 11 13 12 16 14
14 20 7 5 10 11 18 15 6 6 14 20 17 17 16 6 16 9 5 9 19 16 10 10 19 6 18 7 17 18 5 15 17 10 20 14 8 12 14 9 6 9 8 8 8 19 13 6 6 16 8 20 10 17 6 5 12 8 8 19 17 17 12 20 0 14 11 17 16 9 17 5 13 19 10 19 12 7 10 6 18 12 13 9 14 20 12 16 20 6 10 8 12 15 7 7 16 10 15 20 6 17 12 10 20 12 7 17 18 13 13 17 13 12 16 19 9 6 5 6 9 10 18 20 15 8 18 13 15 5 18 5 20 7 20 6 15 7 11 18 12 18 17 11 19 10 20 16 18 16 15 9 11 11 19 10 14 20 8 6 15 10 17 19 13 20 9 5 8 15 14 14 18 7 8 6 5 12 16 17 6 16 13 8 8 6 11 18 9 11 18 19 9 15 18 14 10 11 19 20 20 11 13 18 6 15 9 8 11 12 17 11 16 8 6 17 5 7 8 12 16 6 14 12 9 9 6 10 6 17 18 7 8 14 5 5 15 10 9 8 7 14 11 6 17 6 20 10 9 10 17 14 6 7 10 16 7 7 8 20 7 19 8 9 11 19 7 5 12 15 7 6 16 16 16 18 9 13 19 7 20 15 16 15 11 8 9 10 10 18 19 11 12 14 12 18 16 18 10 20 6 11 20 18 14 13 8 20 15 17 11 20 9 20 11 10 16 19 7 16 15 17 12 16 9 17 20 14 19 11 15 8 12 9 17 8 6 7 5 15 11 17 6 14 10 17 11 18 9 17 12 8 18 17 6 7 17 7 12 9 14 9 13 7 5 9 10 5 15 18 15 13 8 9 18 19 12 7 12 18 17 8 11 5 17 14 19 15 6 7 10 9 6 13 13 16 18 8 14 6
15 8 19 8 12 11 11 15 15 15 10 16 7 20 16 13 11 15 7 10 15 20 10 12 8 11 16 18 9 20 11 6 19 15 16 20 10 7 9 6 19 7 10 18 18 10 7 18 5 16 12 8 10 20 13 8 10 5 7 13 9 10 20 6 7 0 6 10 16 19 5 8 12 9 19 15 11 7 7 9 14 15 12 20 14 11 10 10 10 18 10 16 18 9 18 5 15 15 9 13 17 11 15 11 20 18 19 14 20 17 20 17 7 17 5 8 16 16 20 11 18 13 20 10 9 8 8 20 17 13 17 12 7 20 15 14 10 16 19 10 8 20 5 9 6 20 11 12 6 16 9 7 10 16 10 15 14 19 5 18 13 16 17 20 13 7 5 18 15 5 7 10 20 11 17 8 10 16 7 10 11 10 10 6 12 17 16 15 19 10 5 17 17 14 8 14 14 19 12 19 5 11 5 14 9 17 7 9 12 12 19 20 14 17 9 19 7 20 12 6 10 13 9 18 11 17 8 8 18 13 17 10 11 17 5 8 9 6 8 7 17 9 19 9 17 11 16 5 15 8 18 18 12 16 15 17 7 9 10 6 9 19 14 12 9 7 16 18 7 18 19 7 16 20 12 14 5 14 20 7 13 14 9 11 11 11 10 11 19 13 18 7 6 7 10 20 15 16 14 11 14 12 9 19 10 13 9 8 9 17 19 15 14 18 19 7 11 20 15 16 13 12 9 14 20 10 15 7 16 20 16 8 7 13 14 17 14 14 16 16 14 18 11 9 7 11 17 6 13 17 12 19 5 18 14 8 6 11 17 17 12 7 16 9 8 6 14 8 16 7 13 14 6 11 18 11 6 14 5 17 14 8 14 5 9 13 18 11 8 9 19 16 7 11 12 14 16 16 10 9
10 16 9 13 8 11 8 11 13 12 12 11 20 12 17 9 14 18 7 18 18 8 20 9 14 7 14 16 12 19 14 19 5 15 10 18 18 15 11 14 9 18 16 14 20 11 8 16 15 15 12 18 12 14 15 10 19 20 9 10 5 14 9 13 19 5 0 18 18 20 16 17 17 12 9 11 15 11 14 10 8 8 5 5 10 16 16 15 14 12 16 11 19 13 20 12 14 9 16 11 16 10 11 17 9 17 10 18 13 11 15 10 8 15 17 11 7 14 6 20 15 10 17 17 6 5 9 14 8 9 16 13 19 8 5 9 12 15 12 12 7 18 15 15 6 14 19 9 13 9 18 8 15 7 13 17 11 6 8 19 17 11 13 7 6 10 5 5 7 16 12 9 15 15 10 14 13 7 13 9 6 19 17 14 14 7 11 15 16 15 10 20 8 6 20 9 5 10 17 12 5 12 13 19 5 19 15 17 9 11 16 9 7 15 16 18 16 9 5 11 17 11 5 11 20 14 12 5 16 17 15 5 12 19 6 12 15 5 19 15 16 5 7 18 17 7 15 6 12 19 14 17 16 18 10 10 19 14 10 9 17 18 12 6 15 18 16 7 19 18 16 15 20 19 16 13 11 15 17 14 12 9 15 19 6 10 14 17 16 16 15 14 20 16 19 16 9 14 5 7 19 20 11 15 20 17 13 19 19 18 12 11 20 10 5 10 6 16 11 17 12 11 18 13 17 8 5 15 19 19 5 9 14 19 9 9 11 7 5 19 12 5 7 8 7 17 15 7 18 8 7 7 7 8 20 11 15 19 6 5 7 10 8 20 8 12 8 16 18 18 20 10 11 19 14 5 18 15 17 10 16 8 10 14 18 7 8 15 6 13 5 7 7 5 18 10 15 10 9 19
19 5 18 10 15 16 15 5 17 14 16 12 19 5 11 17 15 18 5 9 11 5 15 16 9 9 12 9 9 7 19 9 14 10 9 16 17 11 8 7 9 13 17 18 20 5 18 13 19 16 13 12 9 18 15 8 15 10 9 13 9 19 18 5 16 9 20 0 16 17 8 10 10 13 10 18 19 15 5 7 14 18 6 13 5 7 9 20 13 11 18 13 13 9 16 10 8 13 13 16 5 17 10 20 8 10 14 8 10 16 16 7 13 11 13 20 6 17 15 8 14 20 14 7 15 19 18 9 8 16 7 11 13 5 17 8 20 20 18 19 6 19 20 14 7 9 20 6 12 11 19 14 7 20 7 8 12 5 19 10 7 18 9 17 20 11 18 6 5 12 6 20 11 6 12 10 8 17 13 7 19 18 20 11 14 14 12 18 14 5 20 16 16 8 8 14 15 13 11 9 13 10 6 8 17 12 16 7 20 9 14 20 10 18 13 20 14 8 14 14 17 11 19 17 10 10 16 9 14 13 9 19 6 9 9 14 7 10 9 8 13 8 7 11 18 18 7 7 18 5 6 8 7 16 13 11 13 17 5 10 16 16 10 5 5 8 10 6 13 17 6 20 5 12 10 18 10 10 13 5 14 12 15 18 17 11 15 8 18 12 5 18 19 9 7 11 7 14 12 20 17 5 20 16 15 7 10 17 9 14 18 8 12 7 10 15 14 17 20 5 6 14 11 12 12 6 19 13 14 14 9 8 14 16 17 9 6 12 19 15 6 12 10 17 7 17 20 8 8 16 5 6 7 15 12 6 10 11 20 14 10 19 19 6 18 8 15 16 5 13 6 16 13 9 14 20 6 17 17 7 17 15 14 11 8 13 11 9 17 20 18 17 19 5 15 9 9 17 19 8
15 10 13 16 9 8 7 17 9 9 9 13 15 19 10 19 11 20 9 10 19 5 6 9 9 16 17 14 7 16 15 13 13 9 20 17 7 8 19 5 19 18 19 18 14 5 15 9 7 12 16 15 20 11 5 10 6 10 13 14 20 5 6 17 17 17 18 14 0 9 9 11 8 19 20 20 9 7 14 11 19 15 5 17 12 9 16 6 6 16 6 17 15 15 18 15 15 15 11 6 16 14 7 8 16 5 17 20 19 16 20 14 12 20 11 19 20 11 19 8 8 10 7 8 6 10 10 19 16 7 17 12 9 20 20 18 15 11 9 19 11 18 13 14 10 12 14 14 11 16 13 9 10 13 5 9 11 12 18 8 7 20 18 5 9 15 7 7 10 8 13 20 14 13 5 5 20 16 8 12 10 7 14 13 8 18 20 17 12 8 8 11 12 19 10 9 16 15 18 11 11 16 9 14 12 19 10 18 10 11 14 15 17 12 18 14 9 20 8 9 5 9 18 10 15 6 7 13 7 13 7 20 12 11 12 5 15 20 10 5 13 5 6 5 13 9 5 18 7 13 6 9 7 7 20 20 13 6 20 16 9 20 7 19 9 7 9 14 14 18 20 10 16 17 18 11 19 16 8 8 6 8 13 7 7 7 13 9 11 14 8 6 6 7 14 15 20 14 14 11 10 20 16 5 17 12 14 10 5 10 10 19 5 13 8 9 17 6 15 19 12 10 20 8 18 10 6 19 16 19 10 12 18 12 17 9 5 8 8 5 18 10 15 17 16 20 20 16 6 19 11 13 13 12 16 18 17 12 16 7 5 9 12 7 14 19 20 14 6 11 19 17 17 13 16 12 5 14 9 19 7 16 8 18 6 20 11 14 7 17 6 11 11 19 13 17 11 9 19 5
8 7 18 12 18 20 16 12 15 12 20 7 13 13 14 12 19 20 8 10 20 20 11 13 12 13 15 7 14 5 18 13 17 17 14 17 12 15 11 13 16 12 11 15 12 6 10 6 15 6 5 17 6 11 9 17 9 12 15 16 14 8 10 12 12 6 5 15 10 0 9 6 13 7 7 7 6 11 19 13 18 6 18 6 12 13 15 9 9 18 6 8 5 16 6 19 16 7 10 18 10 9 8 19 16 7 7 7 19 7 13 17 20 6 15 6 10 18 5 8 5 15 6 7 18 17 14 7 12 19 16 7 15 17 10 19 11 13 11 16 5 12 10 12 13 14 11 5 19 10 8 13 5 14 6 10 10 16 14 5 15 16 18 17 20 13 5 5 16 11 14 18 6 19 11 10 13 5 13 10 9 20 14 16 11 15 14 16 9 9 20 9 5 15 18 20 10 14 5 15 20 12 18 15 7 8 8 6 5 6 5 19 16 7 5 16 19 19 5 6 9 12 10 7 15 20 5 8 5 10 5 16 13 14 9 13 10 9 12 15 10 8 6 14 12 20 13 15 7 11 8 12 12 19 9 18 8 20 19 8 12 8 6 11 12 5 10 8 9 16 20 5 6 15 11 10 13 14 20 20 19 10 13 11 6 10 14 5 9 6 10 19 10 13 20 13 12 11 7 19 18 20 6 11 6 17 18 11 12 18 20 9 12 7 14 18 9 18 6 15 20 19 7 9 6 20 7 15 20 8 14 11 19 12 14 10 15 14 12 13 9 9 7 18 13 6 8 20 17 11 7 7 11 20 6 9 19 5 16 19 6 18 14 15 15 16 12 6 17 8 7 8 16 12 11 10 11 13 20 11 12 12 19 17 16 18 8 5 12 17 11 17 12 8 5 19 7 9 11 14
20 18 7 17 7 12 17 12 18 10 12 14 13 15 13 16 20 9 8 16 13 19 20 6 12 15 17 12 14 5 16 8 10 10 20 7 5 19 11 8 6 8 17 7 17 14 9 9 14 14 17 11 16 14 10 11 19 15 12 17 11 15 18 18 16 11 6 9 19 12 0 16 6 16 14 18 7 9 18 13 18 19 9 6 9 5 12 18 19 17 9 6 5 7 18 16 8 14 13 7 12 9 20 15 19 18 15 8 7 10 11 13 8 13 14 5 13 12 10 13 20 15 9 17 10 9 11 5 9 17 11 5 6 14 20 5 14 9 12 19 5 12 18 14 20 17 15 6 7 18 9 11 7 15 9 9 6 7 5 9 13 13 17 18 9 19 18 17 11 20 12 6 11 15 6 15 13 10 8 13 18 7 20 14 16 8 7 11 9 17 16 18 9 15 20 13 20 7 10 10 19 17 14 7 7 11 18 8 18 17 10 6 6 8 12 15 13 16 10 12 15 7 20 17 9 19 13 16 9 14 11 5 10 7 12 6 16 8 13 9 10 14 7 18 17 5 13 8 5 14 12 12 20 15 15 7 18 15 5 6 9 18 11 20 12 15 20 8 17 6 12 9 18 8 16 17 15 5 18 13 10 18 10 5 7 16 14 12 12 16 5 15 14 16 16 8 16 8 7 16 7 10 9 18 13 9 14 9 17 20 18 6 13 19 12 17 13 18 16 9 8 11 10 12 20 19 7 13 19 18 9 8 13 8 17 10 7 17 7 5 20 12 11 12 14 9 6 15 16 6 16 9 17 20 10 8 14 14 13 11 6 16 17 14 18 20 19 18 7 18 19 18 7 13 17 9 9 8 10 16 12 19 17 15 19 16 9 5 18 20 20 14 5 5 9 17 17 17 14 9
12 8 6 9 5 11 19 13 13 17 12 13 16 13 6 17 11 14 10 16 15 6 15 6 5 16 8 11 15 8 14 18 7 6 6 10 11 13 19 19 20 9 11 5 7 10 13 9 11 17 5 12 10 17 14 10 7 13 20 13 19 6 15 12 14 8 5 16 17 5 14 0 13 20 14 9 11 5 9 20 9 20 7 8 12 15 16 5 16 9 12 8 10 7 9 10 18 19 14 10 18 7 15 11 13 9 13 5 17 18 14 12 8 20 6 10 8 7 20 19 9 15 20 7 8 7 7 7 11 15 7 6 14 14 17 19 11 10 16 20 8 16 13 7 6 13 20 13 10 19 7 7 15 20 7 20 9 18 19 6 17 11 9 8 9 9 11 19 19 5 8 15 16 12 9 11 13 9 18 10 10 6 5 13 17 11 12 19 19 19 12 8 18 13 7 9 20 7 6 6 12 11 15 13 13 15 10 20 16 10 9 17 19 8 13 14 9 14 5 9 16 12 15 18 10 18 19 17 5 16 7 10 9 17 19 5 13 20 13 7 19 18 17 14 7 17 17 7 14 11 16 12 7 13 18 17 7 17 17 19 18 6 17 6 9 18 11 17 7 20 17 14 9 18 20 7 7 13 13 5 6 6 20 9 13 14 9 13 10 9 18 17 18 6 11 10 16 16 13 19 15 8 11 20 6 5 5 13 15 10 15 10 13 18 20 14 8 16 10 19 20 19 16 5 20 18 18 9 7 20 5 6 11 18 5 16 6 20 9 17 18 11 7 18 17 9 12 7 18 16 18 11 18 11 12 16 7 6 8 18 17 6 6 20 13 16 15 10 20 9 14 17 20 20 14 15 5 9 20 10 14 12 17 8 6 17 10 12 10 16 17 19 18 5 12 12 8 10 16 20
17 18 6 12 13 17 8 15 5 20 13 9 5 7 9 13 20 5 6 18 6 5 12 14 5 7 8 6 14 10 16 20 9 18 18 10 14 9 9 13 10 7 11 19 19 15 9 5 12 20 7 8 11 16 9 7 8 13 8 6 10 16 18 14 13 9 15 19 19 9 14 8 0 10 5 13 19 18 14 20 8 17 6 15 18 19 15 7 19 19 11 12 13 20 18 10 14 15 13 14 5 7 17 19 14 13 5 7 8 11 19 20 5 13 16 19 6 17 14 15 6 19 20 20 16 9 9 9 9 14 8 19 11 8 12 15 10 17 17 16 10 12 14 6 7 15 19 18 16 9 20 8 19 12 13 7 5 15 20 16 9 10 7 15 12 18 13 11 16 18 17 20 14 8 14 7 20 8 16 19 19 7 7 17 12 10 13 9 15 12 15 7 19 16 9 5 20 7 17 13 18 8 15 5 9 5 8 17 10 6 19 7 12 5 14 6 14 16 8 7 12 19 13 15 8 19 16 14 14 19 20 9 14 10 6 5 15 16 20 7 9 5 5 8 12 16 6 17 14 19 7 13 18 7 6 11 15 12 13 11 16 13 16 19 5 14 12 19 8 18 13 13 11 14 5 15 16 7 12 7 16 14 12 20 8 18 7 8 5 16 18 6 17 5 15 16 8 18 16 18 13 5 17 17 17 10 6 16 13 14 14 8 13 18 6 13 19 5 9 14 13 10 12 18 18 11 10 5 8 18 7 19 11 18 18 20 16 17 18 8 11 11 20 6 17 10 17 20 13 8 16 18 17 17 10 16 10 9 11 5 17 9 16 9 10 17 14 18 13 20 20 15 18 16 5 18 15 10 19 9 5 7 15 16 6 15 11 5 13 14 15 14 11 14 15 14 14 19 16 14
20 12 14 18 16 10 9 8 17 9 14 8 12 12 9 12 20 19 15 9 14 15 16 10 18 5 9 10 12 15 8 17 19 14 8 8 18 20 8 16 12 17 11 10 7 15 12 13 6 17 15 15 16 12 10 12 16 20 9 6 15 12 9 14 17 14 11 19 20 18 10 15 18 0 6 13 5 17 9 16 16 11 16 13 18 8 16 18 11 19 10 9 16 6 6 11 5 9 11 6 13 7 9 16 7 14 6 8 10 20 20 13 5 15 9 10 17 14 17 16 5 15 6 12 14 5 10 14 10 13 14 16 7 19 6 10 6 20 17 11 16 20 12 18 13 11 7 10 15 16 17 16 16 15 11 18 16 8 6 17 5 20 14 11 17 6 14 5 16 11 16 16 7 19 9 19 7 19 13 7 6 8 12 7 15 8 15 16 11 5 13 10 15 15 7 8 6 10 6 14 15 9 5 8 10 6 9 16 18 15 11 20 18 8 10 10 8 12 16 16 20 11 13 7 5 5 7 10 8 15 17 10 9 6 12 5 16 8 20 5 9 6 14 13 6 11 15 5 12 18 18 17 8 12 16 19 15 16 11 15 14 10 6 8 18 14 14 14 5 20 16 12 11 16 6 8 17 6 19 12 12 16 13 20 7 8 16 13 11 14 20 12 5 19 7 8 10 18 8 9 14 11 19 18 17 6 7 8 18 7 12 12 16 15 15 6 12 11 17 13 12 12 6 20 10 9 10 8 20 11 18 12 15 5 15 8 14 9 17 8 11 5 19 17 9 11 17 13 12 11 20 6 20 6 7 9 7 12 15 13 7 18 10 12 14 18 13 12 5 20 18 7 18 14 19 9 20 5 16 19 11 16 10 20 12 6 9 16 19 18 20 18 11 13 14 11 15 13 19 16
19 6 16 8 13 5 9 6 5 7 6 11 9 7 17 7 13 14 6 12 15 14 7 17 7 9 9 19 20 14 11 11 15 9 14 14 7 11 14 19 13 9 11 17 11 5 16 17 19 8 14 8 11 18 6 13 7 16 8 17 5 6 8 8 10 17 11 15 18 13 7 8 17 18 0 16 17 5 10 15 12 5 18 11 17 5 11 18 18 6 20 12 7 18 20 13 13 17 6 15 11 7 10 18 20 9 6 10 9 13 10 5 19 10 19 11 15 13 14 11 9 18 12 18 11 15 16 7 13 17 20 6 7 19 9 18 5 16 11 9 11 15 7 18 12 7 20 7 14 12 18 17 12 7 5 18 18 7 10 8 7 6 13 14 11 8 6 9 8 14 16 6 9 20 18 15 12 9 8 20 17 11 18 11 18 9 6 20 17 6 11 19 16 14 12 7 14 19 14 18 13 10 12 7 6 5 18 5 12 11 10 18 10 5 14 5 18 10 14 17 20 16 10 20 16 9 20 12 18 15 10 13 13 11 17 15 18 15 6 14 18 20 6 8 6 6 11 6 6 13 16 13 19 17 10 6 13 14 14 16 11 11 8 11 10 13 13 8 13 14 13 10 14 9 15 7 17 16 11 19 5 5 12 20 19 9 6 8 9 13 17 20 8 14 19 17 10 17 8 19 15 16 15 7 5 13 19 11 5 5 6 6 10 17 20 14 7 14 16 13 17 18 19 8 11 15 7 11 12 9 19 19 6 13 7 7 17 19 5 14 11 6 6 16 9 16 7 11 8 19 7 5 17 17 20 8 18 10 8 11 12 20 18 5 6 10 10 14 9 9 19 12 14 17 7 18 8 13 18 20 20 18 11 20 11 20 20 15 14 14 20 12 17 9 16 19 14 14 16 14
15 8 9 17 6 13 10 10 17 11 13 8 14 11 16 20 19 16 8 5 5 7 5 9 19 15 13 11 12 6 9 15 13 15 9 9 15 11 7 18 14 18 12 17 14 14 12 20 8 9 15 5 17 18 6 13 15 20 16 14 12 10 7 5 8 16 14 6 10 9 7 9 17 19 18 0 11 8 8 5 13 10 15 12 14 9 5 20 9 14 16 12 19 17 11 16 19 14 18 19 6 8 19 19 13 10 18 11 12 14 20 9 16 14 13 8 17 20 8 9 5 5 10 19 12 15 17 16 8 18 6 10 19 10 7 20 13 8 20 20 20 10 6 10 6 13 19 20 16 14 10 16 13 6 13 13 9 9 7 7 20 17 9 19 5 18 8 15 6 20 19 7 14 13 15 8 10 11 10 11 12 15 7 13 16 18 19 12 16 7 11 17 20 10 11 6 10 8 5 13 9 19 16 18 19 7 11 12 8 9 8 6 20 16 10 6 9 7 18 15 16 6 12 20 11 15 20 10 7 19 10 16 15 14 10 12 7 6 6 9 7 17 13 12 19 16 14 20 6 19 18 17 7 8 13 7 19 7 9 13 12 6 13 7 17 11 11 11 5 14 11 17 14 16 19 20 10 14 10 9 15 12 7 20 13 13 8 10 19 19 15 18 10 17 6 14 11 17 12 17 18 19 6 18 7 9 11 9 7 5 12 15 18 8 7 16 15 8 12 13 10 12 5 5 10 14 8 6 7 8 13 18 19 15 15 15 20 20 11 8 16 12 18 5 9 7 16 17 19 10 16 10 16 10 20 17 9 13 8 7 5 19 12 16 15 20 14 7 6 10 20 8 12 5 13 15 14 8 17 18 20 9 14 18 5 13 5 13 12 9 7 11 8 9 13 13 19 11 15 11
17 20 7 15 13 14 19 16 15 19 9 18 12 20 15 8 10 11 16 9 12 19 18 19 7 11 14 7 17 10 18 15 16 8 13 12 14 9 19 11 18 20 8 8 14 14 9 15 15 17 5 20 14 5 16 15 20 19 15 8 8 12 18 6 10 13 15 7 15 16 17 19 9 18 15 13 0 9 7 20 12 12 5 11 15 10 8 14 9 8 20 17 10 5 14 19 20 17 7 14 7 17 6 19 7 15 7 15 12 19 8 18 20 6 19 18 10 5 15 16 9 13 5 7 7 8 18 17 13 5 14 13 15 6 7 5 20 8 19 20 7 6 10 17 5 8 14 19 14 20 18 10 10 19 20 6 13 16 14 8 13 10 16 13 18 13 9 5 15 11 11 16 8 20 17 8 14 19 15 10 10 9 15 18 6 14 10 17 18 14 17 12 8 18 13 5 8 17 13 5 15 18 13 17 18 16 9 7 19 13 7 15 16 9 7 18 6 17 17 20 12 9 9 13 20 20 17 6 8 6 18 8 14 15 7 15 15 11 16 5 18 20 8 11 17 9 15 10 17 15 7 8 14 12 12 18 6 14 13 8 14 14 10 13 13 16 18 16 18 14 17 16 7 19 12 10 13 15 12 11 13 16 8 8 10 6 8 19 13 16 6 18 5 13 19 11 20 17 7 16 14 5 12 13 20 7 13 5 11 12 9 16 20 18 11 7 15 6 17 6 11 7 17 17 17 13 18 8 11 6 16 12 6 20 20 18 19 11 13 18 8 19 14 17 17 20 11 9 15 11 18 12 16 5 6 11 14 17 13 5 6 17 9 19 11 11 9 20 10 13 15 14 9 18 9 10 6 18 9 6 10 5 13 15 5 10 16 11 18 12 16 6 15 14 20 10 11 20 13 9
7 13 6 18 19 8 14 11 7 19 19 17 12 11 6 14 10 16 6 18 18 18 8 9 13 16 12 15 11 10 20 17 19 8 12 15 15 14 9 20 9 18 17 19 5 5 10 9 8 11 11 10 5 17 11 15 10 12 14 12 5 13 9 9 10 10 14 9 11 7 18 14 8 13 13 10 18 0 7 20 7 11 8 9 5 15 14 12 10 19 15 5 6 16 17 19 12 5 10 19 5 18 6 10 16 5 15 19 20 6 5 16 7 20 15 12 10 18 5 6 8 20 6 11 6 15 11 19 14 10 10 18 12 10 17 9 13 7 14 20 14 14 13 15 7 19 7 18 18 8 5 11 8 16 10 7 18 10 11 6 7 14 20 20 10 11 19 5 10 15 18 6 14 14 13 13 8 20 17 17 18 16 16 11 20 14 14 12 15 14 14 11 19 5 16 10 10 16 13 17 15 7 6 18 17 10 9 18 15 9 6 7 17 13 9 5 9 10 5 14 8 12 11 19 14 18 9 16 8 17 18 11 9 5 19 11 19 8 17 13 10 11 12 18 16 12 14 15 12 17 8 8 12 15 6 10 6 7 16 16 9 19 15 15 6 20 7 13 7 17 5 8 14 14 19 11 19 6 7 8 10 13 11 15 11 17 16 16 9 18 8 17 20 5 20 13 13 11 8 19 15 6 13 13 12 5 10 12 20 19 13 13 8 20 8 10 15 14 10 12 5 14 15 11 20 6 16 9 16 16 15 8 7 8 16 5 8 8 15 6 20 7 11 14 9 11 7 20 5 10 20 16 13 12 20 6 6 10 15 16 9 12 13 6 10 16 8 12 15 13 10 19 14 17 6 20 6 17 8 12 7 17 7 11 13 11 6 10 11 19 11 12 5 10 14 6 13 12 16 5
9 12 16 11 9 17 14 9 19 20 19 10 16 13 7 9 20 11 19 12 8 14 11 8 11 19 14 12 13 13 12 11 12 17 18 16 5 11 6 19 16 8 11 5 7 6 5 11 19 9 17 6 7 9 18 19 13 17 16 9 11 11 10 7 14 15 8 18 11 5 19 9 17 5 6 6 8 11 0 12 18 11 14 18 16 19 6 7 11 18 20 15 19 12 8 13 8 7 16 9 10 9 10 17 6 14 16 20 5 5 20 12 15 12 16 8 7 13 16 19 5 20 16 14 16 18 15 20 10 11 16 11 15 11 12 10 15 18 11 20 9 8 15 20 9 19 15 5 18 7 16 19 7 8 10 11 6 16 16 18 10 11 8 14 15 8 15 20 10 8 18 16 6 15 20 11 6 20 17 5 11 6 12 17 17 5 6 13 19 20 14 8 14 12 15 6 8 8 9 9 6 5 16 9 11 20 5 17 19 17 6 13 9 5 10 11 13 15 9 7 15 17 17 7 16 11 8 20 6 15 10 15 11 7 17 19 5 9 13 11 8 18 20 17 15 8 16 15 15 18 6 6 6 14 15 13 8 13 9 13 10 5 11 18 5 19 19 14 13 11 5 15 8 7 5 10 5 5 19 15 11 13 12 5 11 19 12 6 9 15 5 20 12 6 8 15 7 8 17 13 19 5 9 6 15 19 19 5 17 6 8 15 14 18 11 8 11 12 19 19 19 13 16 7 9 19 5 7 19 6 13 18 13 14 7 7 15 19 16 20 19 17 8 18 19 6 11 5 20 20 9 10 14 13 18 7 14 19 9 9 17 19 12 17 5 14 10 18 7 17 20 15 14 10 19 12 18 18 9 12 10 20 12 20 6 16 8 8 19 8 11 8 14 12 10 12 18 7 19 15
14 11 13 16 19 15 8 7 13 13 19 15 9 15 18 19 5 18 20 11 20 7 12 7 20 6 10 5 8 16 17 8 14 20 20 5 9 7 10 17 15 19 18 7 15 12 18 15 9 13 14 5 20 6 10 11 10 14 12 10 13 17 11 20 15 11 7 7 14 6 13 20 13 9 8 15 6 12 5 0 17 19 12 10 15 7 14 10 13 13 14 12 7 15 8 19 20 7 10 16 8 7 19 17 17 7 11 15 11 14 12 10 9 20 11 5 20 6 6 6 9 6 10 20 6 8 6 16 9 14 17 11 11 12 12 5 20 20 19 13 9 20 20 13 16 8 7 11 13 12 7 7 14 7 17 16 9 17 6 18 7 9 13 16 15 15 19 17 12 14 12 5 9 18 13 6 6 15 12 7 7 7 14 11 19 15 13 10 17 9 14 8 13 18 16 7 9 20 11 9 8 20 6 16 15 19 15 17 17 19 16 9 9 11 17 8 8 13 6 17 11 14 16 13 20 15 12 20 19 17 15 14 14 18 13 15 13 15 6 7 9 7 5 8 5 10 13 13 6 20 17 13 15 18 19 10 13 11 14 20 9 18 17 16 19 7 13 6 14 8 17 17 13 19 5 19 19 14 10 20 12 11 18 6 10 14 9 20 12 20 16 8 18 14 19 19 11 20 11 11 16 20 14 10 20 17 14 17 13 16 16 6 8 8 15 9 5 19 8 10 16 17 18 14 18 14 11 16 17 14 20 20 13 6 6 15 20 18 6 20 11 12 18 17 8 7 15 20 7 20 10 16 8 12 5 5 7 9 18 19 5 8 14 7 14 9 6 13 18 17 7 9 20 15 19 8 8 9 5 16 16 12 7 17 9 11 10 15 16 19 18 20 5 6 10 19 18 13 10 17
9 14 10 5 18 17 9 5 6 6 5 8 18 16 9 16 11 6 15 5 8 10 13 9 20 8 18 9 12 7 15 15 18 9 13 14 7 13 6 9 14 10 20 16 18 11 7 14 20 7 13 14 18 19 14 20 15 20 14 8 8 20 20 20 10 6 8 19 20 7 9 8 10 14 20 14 6 18 7 13 0 9 15 15 19 18 12 11 12 8 20 15 6 14 15 11 17 12 11 14 17 18 11 11 9 14 10 8 13 18 18 11 14 13 14 10 6 11 11 10 19 9 10 14 13 9 10 20 16 18 13 9 13 9 14 18 7 8 10 20 11 8 14 14 20 7 6 6 15 15 5 16 20 17 15 10 14 6 16 13 18 20 19 9 18 15 13 13 8 12 6 12 18 15 13 5 16 17 12 19 14 15 11 8 5 14 12 15 20 19 10 10 14 10 18 17 15 18 13 19 20 13 11 10 11 14 11 13 6 15 5 18 16 18 6 10 18 12 19 12 15 13 5 20 17 5 17 16 5 15 12 8 8 12 19 17 9 10 18 6 16 7 11 11 16 9 19 18 5 16 8 11 5 10 14 8 16 20 20 7 20 8 11 15 8 5 6 11 5 13 5 14 16 17 12 12 13 7 13 20 15 14 10 13 10 16 8 14 13 13 5 20 13 12 5 6 20 15 7 20 13 17 9 10 17 17 11 10 7 8 19 7 19 15 12 10 11 6 7 14 10 8 17 18 16 5 14 13 7 15 5 7 8 15 15 9 18 17 16 18 6 10 8 11 5 8 20 19 12 15 8 7 9 7 7 20 18 6 9 10 14 5 9 11 14 11 12 20 10 8 14 16 13 13 19 6 7 12 11 15 15 20 15 20 5 5 14 15 5 14 9 16 11 20 10 18 17 20 11 15
17 16 16 12 5 15 7 16 10 8 8 14 20 7 6 5 9 17 13 9 20 7 10 13 11 7 6 15 6 20 18 10 18 5 20 15 7 10 13 16 15 7 15 17 19 15 5 20 15 11 18 9 6 8 7 20 20 19 15 11 5 6 13 20 6 5 5 20 6 11 9 14 13 14 10 8 10 11 12 15 10 0 14 12 14 10 6 9 18 8 19 18 11 17 10 13 10 8 10 15 15 19 8 18 11 11 17 14 7 18 18 16 14 11 11 18 17 10 12 18 20 6 17 11 14 12 7 5 14 15 10 13 9 15 18 5 17 8 13 19 11 14 7 7 5 9 10 12 5 20 15 10 8 7 14 16 17 15 7 20 11 18 7 12 7 17 17 13 17 19 17 8 17 14 9 14 15 10 16 7 16 9 15 12 12 11 9 10 11 13 7 18 18 8 7 16 6 10 5 5 19 12 20 6 20 18 15 12 14 10 16 8 11 5 19 14 7 8 8 15 16 19 9 11 11 12 19 17 12 17 12 7 16 16 6 12 16 8 13 19 6 18 11 13 20 10 11 7 12 7 10 14 14 8 10 7 20 15 20 19 10 18 20 19 18 7 6 7 8 12 12 19 20 17 7 13 18 14 10 16 7 13 8 14 16 11 10 10 9 7 20 12 15 18 6 5 12 10 7 9 11 19 10 12 10 18 17 12 16 9 19 17 14 13 7 14 10 5 12 6 7 15 19 16 15 14 10 14 12 7 20 5 10 16 12 7 15 16 5 11 14 12 6 16 16 13 17 6 16 12 19 20 6 16 12 16 10 11 14 11 17 9 8 13 15 15 15 19 11 13 17 5 10 16 8 17 17 13 14 9 17 15 8 5 8 9 6 14 18 10 12 13 15 14 13 14 5 12 15 6
12 10 9 18 9 11 14 16 15 13 7 18 10 7 14 7 17 10 17 7 11 14 16 15 12 15 5 20 11 10 5 20 19 13 7 12 15 16 18 16 12 20 8 8 16 7 17 18 12 14 6 16 6 14 13 10 14 15 12 20 19 12 16 11 18 8 19 13 11 9 12 16 9 17 14 8 9 12 9 16 20 7 0 11 14 15 9 15 8 9 9 9 18 5 6 5 5 5 19 17 8 18 6 20 6 11 12 11 11 20 8 13 9 16 16 6 14 8 13 7 16 15 9 11 20 12 11 9 9 18 7 15 9 16 16 8 11 18 6 7 10 5 13 16 9 7 15 20 8 10 16 10 14 15 19 9 8 19 20 5 8 16 7 17 19 19 18 8 18 6 20 13 12 10 9 17 12 11 17 12 11 14 19 16 20 8 7 15 15 11 15 5 10 7 5 19 17 6 13 20 15 16 8 12 12 18 7 20 19 20 8 12 6 13 12 7 18 16 16 13 9 9 5 20 16 20 8 6 17 17 17 15 8 11 12 8 14 13 6 9 14 8 16 6 7 6 6 10 16 11 15 9 19 18 7 12 15 7 18 18 14 19 13 14 19 9 7 12 10 15 14 7 16 19 7 11 12 7 14 17 16 9 20 10 17 19 15 12 16 20 5 20 13 13 9 15 19 16 6 15 10 16 10 18 7 12 6 10 16 18 16 9 13 10 12 10 20 6 19 11 6 7 18 20 9 15 20 17 19 12 14 9 15 11 10 10 19 15 11 5 5 19 10 18 15 14 6 6 9 19 8 13 15 14 7 8 17 14 13 7 7 14 20 7 18 12 7 17 17 9 9 10 5 18 6 13 16 19 10 18 8 7 13 14 20 15 12 8 10 18 10 8 15 5 10 20 6 12 19 18
5 6 17 13 15 8 12 11 12 9 18 8 17 15 12 10 6 14 16 15 9 17 12 11 16 20 18 11 13 5 16 8 12 14 17 15 18 19 13 20 18 14 9 10 12 11 5 10 19 16 20 8 13 15 11 14 7 16 13 16 16 15 13 16 8 9 9 15 18 5 18 16 14 20 15 19 14 14 12 10 14 20 12 0 5 13 20 16 16 18 16 17 5 15 18 8 9 20 14 13 11 7 11 16 16 6 18 18 12 8 19 20 15 7 20 15 12 15 13 12 5 20 10 11 12 8 14 5 18 5 19 15 11 19 16 8 13 5 16 8 17 9 5 9 19 15 6 19 15 15 11 15 19 12 17 10 5 11 13 5 8 19 6 10 15 15 17 17 14 16 9 11 18 16 14 8 6 13 16 7 10 20 6 10 20 20 12 9 8 14 16 7 11 15 19 18 19 5 13 9 20 8 16 5 19 12 8 11 7 5 16 14 13 18 8 17 13 10 15 18 12 10 5 20 11 18 9 13 11 14 16 10 12 14 7 10 20 5 12 20 6 12 19 14 5 11 8 12 5 14 15 11 11 17 12 11 10 5 18 18 13 19 7 11 15 15 6 11 17 16 9 16 14 10 6 8 18 12 17 7 15 12 9 13 15 20 8 7 20 11 20 13 16 16 7 9 17 9 8 13 7 18 10 7 17 19 6 17 11 13 6 16 18 6 7 14 19 12 8 18 15 6 16 16 10 9 9 18 5 12 5 9 16 19 7 16 19 5 16 10 12 10 20 11 5 12 12 6 5 18 10 18 16 5 6 8 17 10 18 9 9 9 12 18 19 20 17 5 20 8 19 20 9 17 19 7 10 13 9 19 19 12 12 6 15 6 5 5 5 10 13 18 10 15 20 7 14 19 10 15
11 13 10 10 8 8 11 15 10 10 18 14 14 10 11 8 12 19 7 8 15 15 13 15 9 5 13 17 11 11 8 11 19 7 6 5 13 5 5 7 14 12 20 12 14 10 18 9 6 11 18 16 17 17 11 12 16 6 9 15 15 18 11 11 15 7 6 11 19 18 14 8 17 12 19 11 20 19 18 7 8 15 20 12 0 8 5 8 12 13 12 8 17 14 9 19 8 12 16 15 17 12 16 5 9 5 19 9 10 15 5 19 10 20 5 8 19 10 5 6 11 5 7 11 16 7 6 12 7 18 8 13 7 18 11 13 6 16 15 18 9 14 8 5 20 5 9 10 16 9 15 7 11 19 8 16 13 18 15 19 16 19 15 19 19 10 19 17 15 15 20 12 6 8 12 17 11 16 18 5 9 9 20 10 5 14 9 20 19 8 10 18 10 5 6 14 14 15 15 15 20 6 8 11 20 15 18 19 15 20 15 13 10 15 10 20 10 12 20 11 7 9 13 7 17 8 12 12 9 19 9 19 19 13 15 14 8 9 17 20 8 12 6 19 18 13 9 13 18 5 12 12 14 11 18 7 20 12 20 19 8 19 11 15 13 14 19 8 9 7 8 15 6 9 9 6 10 7 20 6 15 7 7 10 17 16 12 17 11 7 16 12 13 11 8 9 5 10 10 13 15 12 19 16 10 14 16 18 12 18 18 14 19 14 14 16 20 12 7 14 6 15 10 18 11 12 11 6 15 15 13 6 7 9 13 20 17 19 19 8 5 11 7 7 19 15 9 8 8 5 17 18 9 7 6 5 9 5 8 14 20 9 10 7 15 13 5 20 6 18 7 15 19 19 8 17 15 6 10 6 15 13 13 20 6 15 10 11 20 15 14 12 13 11 13 19 20 6 9 12
8 13 9 19 11 15 8 19 13 17 8 8 17 11 9 5 6 16 12 19 9 13 7 18 16 15 16 15 5 14 14 18 16 10 6 19 9 20 11 15 17 18 14 11 17 7 16 8 6 13 16 9 8 14 16 6 18 8 6 8 12 5 17 7 14 7 20 9 20 9 18 18 11 6 16 12 19 15 10 7 9 19 17 17 19 0 11 13 8 12 6 7 8 5 10 9 12 16 18 13 19 8 19 14 20 20 18 8 11 17 6 11 6 5 8 18 13 16 13 6 15 11 7 20 9 19 18 18 10 5 13 18 9 11 12 13 14 9 10 18 6 12 15 11 6 17 19 9 6 10 20 6 12 7 19 15 9 18 12 10 14 11 17 8 6 5 12 8 6 7 20 8 11 20 9 9 20 8 7 11 11 5 19 12 15 20 9 20 20 8 17 8 10 19 18 11 17 12 9 6 15 8 5 9 17 18 8 10 15 7 15 14 6 5 7 20 17 12 8 5 15 14 19 17 17 19 13 8 5 5 8 10 9 12 11 7 7 16 14 13 10 18 7 6 18 6 6 11 19 6 16 8 15 9 7 13 12 10 12 10 10 9 7 12 20 5 15 12 5 17 5 15 14 16 13 11 6 12 12 6 11 9 16 5 18 11 17 10 12 9 13 12 8 6 13 8 8 6 5 15 16 7 13 7 15 15 13 7 7 6 19 13 15 13 9 13 10 10 10 16 12 11 9 5 9 17 16 15 13 9 11 17 14 13 11 19 12 15 20 5 14 20 16 9 17 14 14 19 15 20 8 11 10 9 8 11 8 8 9 11 11 17 7 16 19 8 11 6 14 19 12 18 20 16 15 16 17 12 10 7 7 17 12 17 17 19 19 12 14 16 20 13 18 17 5 6 18 19 10 9
9 16 15 17 15 8 12 17 9 14 8 8 7 14 16 18 15 11 8 20 14 13 13 11 16 11 7 19 15 11 19 9 13 14 17 7 5 5 17 13 12 11 8 18 14 15 17 13 5 7 8 10 18 13 15 12 10 14 7 13 17 5 8 5 17 17 14 15 19 17 12 15 10 16 10 19 7 20 17 17 7 16 17 12 11 19 0 8 6 15 8 14 5 8 12 20 19 10 11 9 7 8 12 12 11 8 16 18 15 7 7 9 19 6 6 12 17 15 20 20 14 17 18 16 14 15 5 7 10 6 11 19 19 16 13 8 20 20 18 8 8 12 19 8 7 13 18 11 18 17 8 6 16 8 11 20 12 14 13 11 10 12 20 19 18 6 20 7 17 10 9 7 7 16 20 15 5 13 8 14 19 6 13 10 15 17 8 9 18 13 17 11 15 16 8 14 14 19 12 12 9 17 10 5 16 19 16 9 8 12 9 8 17 11 15 14 17 10 14 20 20 9 10 19 15 12 19 16 20 20 20 11 7 19 14 11 11 10 15 13 16 5 17 19 17 10 5 15 10 8 14 20 16 17 10 17 19 15 8 11 19 16 9 14 17 13 18 11 13 13 16 16 15 15 20 12 12 16 17 6 13 5 20 15 5 15 11 11 13 9 20 11 13 15 19 20 9 20 17 20 19 8 6 10 16 7 14 9 18 6 14 9 12 17 5 18 13 19 19 6 13 12 18 11 5 20 17 20 10 8 11 7 11 13 14 9 10 19 11 16 13 18 8 20 14 11 5 14 7 10 17 16 18 14 19 13 20 5 12 6 19 13 6 11 6 16 19 13 10 18 9 11 20 18 9 20 12 5 15 9 8 7 15 14 20 16 7 12 9 17 5 8 18 11 20 5 19 17 16 5
11 19 17 10 7 12 17 8 15 8 20 14 17 18 12 8 5 14 12 15 11 16 20 13 5 18 9 12 18 20 6 10 12 9 7 6 9 19 6 12 12 13 6 7 8 18 16 20 11 17 8 15 7 8 19 7 6 11 5 15 12 16 17 14 19 16 11 8 20 10 20 14 7 9 6 15 9 13 9 9 5 12 10 12 7 10 18 0 8 13 14 9 11 15 7 19 15 11 7 16 17 14 14 6 20 11 14 13 18 19 18 5 12 10 8 6 5 7 14 7 19 5 16 17 11 17 13 5 13 15 5 6 8 9 16 12 18 12 11 13 7 11 15 5 10 11 16 14 7 10 13 13 14 16 16 16 15 13 13 14 6 6 15 5 7 13 19 12 18 10 10 7 17 8 20 16 17 17 16 20 14 10 9 6 18 9 17 9 13 6 12 14 6 10 12 11 14 17 7 20 19 10 14 20 7 16 17 9 19 11 9 7 9 18 10 13 15 14 11 15 20 15 13 14 15 8 18 11 6 18 16 17 18 8 11 13 8 10 15 15 16 19 7 12 7 8 14 16 5 19 11 14 6 6 12 6 10 19 15 9 10 15 8 9 18 13 20 20 12 19 18 5 12 12 8 19 17 7 17 5 14 19 5 20 10 12 12 6 15 12 7 15 12 5 20 17 11 5 15 15 13 11 8 18 16 14 5 9 17 14 15 17 8 10 7 18 15 17 15 11 10 14 5 7 9 20 6 7 10 17 7 8 6 8 8 12 8 13 5 19 9 16 20 5 18 7 16 12 6 9 20 9 12 19 7 11 19 5 14 7 15 7 9 6 8 18 15 18 5 19 16 10 20 16 7 20 19 19 10 17 6 7 5 19 5 7 13 8 7 6 9 13 19 20 5 12 20 19 14 10
18 8 14 9 14 12 11 9 14 13 12 7 5 10 6 10 17 13 7 5 9 18 14 18 17 14 6 11 6 6 11 16 15 13 10 8 10 19 15 17 16 15 19 13 12 11 5 10 13 18 10 18 18 9 5 11 20 17 16 15 18 10 13 20 10 16 18 19 5 17 11 19 8 7 17 8 17 12 19 15 8 13 18 12 16 13 12 5 0 15 10 11 12 7 19 7 6 19 16 10 6 9 19 8 18 9 7 19 7 17 16 5 14 6 11 18 16 10 12 10 10 18 16 16 15 10 13 19 7 7 20 18 14 10 14 18 12 6 12 15 13 10 10 10 20 6 16 18 6 9 13 10 12 19 14 13 5 11 9 11 16 5 15 7 6 17 7 17 19 19 17 9 9 8 17 12 19 13 7 11 5 10 17 13 7 15 16 6 10 6 15 16 19 14 6 20 18 5 13 15 19 14 5 7 20 12 12 18 18 20 18 10 11 9 15 15 5 18 12 19 15 6 6 6 17 18 12 14 16 14 5 16 9 11 18 14 5 12 5 14 10 19 17 6 10 11 18 11 8 20 19 12 9 20 8 7 5 17 13 10 19 20 5 9 19 19 20 5 8 6 12 15 18 19 14 16 10 5 11 6 12 7 15 9 18 12 13 13 9 20 15 5 19 15 6 14 15 15 12 16 20 5 11 9 13 16 7 13 18 9 20 8 19 13 12 10 16 9 13 13 16 17 20 15 20 14 11 10 8 7 9 12 16 18 17 7 10 7 13 15 14 6 9 14 10 12 8 15 13 8 11 19 14 19 7 19 15 15 14 7 11 12 17 18 6 14 8 7 9 18 10 17 14 8 9 20 11 12 19 6 12 19 7 19 5 11 17 9 15 6 14 16 18 13 12 12 6 6 14 12
17 13 13 6 11 6 18 17 9 12 6 14 19 11 5 15 14 17 6 10 12 8 14 13 9 17 17 5 11 6 20 14 6 6 6 19 17 19 14 9 5 12 19 12 12 13 8 18 10 10 11 19 9 16 14 8 9 10 5 13 14 20 6 17 9 18 8 20 12 8 20 13 15 18 20 17 9 16 13 20 18 14 11 11 13 17 5 7 12 0 9 11 8 18 20 17 8 10 14 9 8 7 15 10 10 15 12 20 13 14 6 9 11 6 7 10 14 18 11 12 5 18 12 15 14 5 9 19 8 13 8 9 8 6 8 10 9 13 18 17 11 13 17 7 17 19 16 20 18 12 8 20 13 18 5 10 13 15 6 18 7 10 11 14 11 8 12 14 19 17 15 5 19 12 19 18 18 14 14 16 12 6 14 10 12 17 6 16 16 17 5 17 10 15 20 14 6 11 15 19 6 13 9 12 6 7 10 7 14 16 18 15 8 7 13 17 16 14 6 18 6 8 9 7 15 12 19 10 6 18 6 5 15 7 7 20 5 10 13 7 14 5 13 10 5 13 16 15 11 12 8 5 9 18 11 9 10 17 9 16 6 17 5 14 7 19 5 12 10 11 13 5 6 7 17 18 5 16 18 11 17 14 8 14 20 17 10 9 8 11 19 15 9 17 5 6 7 5 20 19 13 8 19 17 13 11 11 6 12 19 15 12 9 6 11 20 14 20 19 14 19 16 16 10 5 8 8 14 11 11 13 13 10 19 20 10 18 16 9 19 10 8 20 5 14 18 19 6 17 9 19 8 20 10 11 11 15 16 7 14 5 13 10 20 5 19 18 10 14 14 14 15 15 19 18 7 16 17 15 20 14 11 9 8 14 17 11 15 5 17 5 13 5 8 19 6 16 5 12 10
15 14 20 9 15 16 6 7 13 8 5 16 12 15 19 10 6 9 5 12 16 14 16 16 20 17 15 14 10 20 7 7 18 19 16 9 16 9 5 6 15 7 15 9 13 14 11 10 9 6 5 9 18 8 13 14 18 15 7 15 7 19 18 19 20 16 5 9 16 19 16 13 18 7 13 15 20 9 5 14 9 6 13 20 13 14 11 17 15 11 0 6 19 8 17 18 11 12 7 8 18 7 7 7 17 16 16 9 19 6 6 15 7 7 15 7 8 20 12 7 16 7 8 15 16 20 12 11 19 17 15 5 8 17 10 19 16 5 13 7 11 14 7 16 10 13 10 12 15 10 15 17 15 9 10 16 14 17 9 15 7 12 20 14 15 19 9 16 9 19 15 6 16 16 5 18 8 8 8 5 20 11 19 20 14 8 17 16 13 11 14 17 7 14 14 15 13 14 6 5 11 9 19 16 19 5 18 13 7 13 16 6 16 19 6 10 12 10 7 19 19 14 20 11 5 12 9 20 15 20 13 14 12 5 18 19 8 10 6 13 8 9 7 7 6 6 5 5 10 7 10 10 9 7 8 20 19 15 16 11 15 8 15 10 16 11 11 20 19 17 11 9 5 11 15 14 6 18 11 13 8 7 17 16 16 6 16 20 9 15 16 17 17 14 15 20 6 7 12 14 6 18 6 16 9 8 19 20 17 13 10 11 8 6 16 12 6 9 18 12 11 6 11 20 18 17 18 17 12 14 13 5 13 5 9 20 6 11 10 7 10 20 5 8 19 6 20 17 6 14 17 6 16 16 5 6 12 6 18 14 9 5 6 18 14 17 17 9 7 17 20 17 16 8 6 10 14 11 10 19 15 10 18 12 18 8 14 17 16 16 7 20 18 15 5 6 12 10 5 5
19 15 5 13 18 13 10 18 6 12 6 20 14 5 18 17 20 7 5 12 19 20 14 18 10 17 18 11 20 5 8 5 20 19 8 5 9 13 5 13 12 15 8 5 19 16 11 13 16 18 10 13 11 10 14 8 8 8 20 12 6 12 8 8 20 13 19 10 10 19 13 12 19 8 18 20 15 18 18 16 15 17 12 19 10 18 14 6 19 8 8 0 12 10 5 20 14 17 17 18 20 18 10 12 7 7 13 5 12 11 10 10 5 14 19 5 19 17 10 8 19 8 9 9 11 12 13 12 15 11 17 5 15 10 20 5 17 15 19 12 6 16 18 14 5 19 13 19 16 17 13 17 9 16 7 10 19 13 8 14 15 7 11 14 17 6 8 12 20 16 11 9 13 17 19 7 5 19 19 11 8 18 10 9 19 8 7 5 5 20 19 11 10 7 8 16 18 19 12 10 6 19 10 11 20 12 5 16 6 7 10 15 14 8 20 14 14 15 13 18 18 8 14 9 9 8 16 7 18 20 20 14 7 5 20 11 10 6 6 13 17 10 20 18 14 18 11 20 20 7 15 14 7 7 9 12 15 14 19 17 20 8 10 14 8 19 14 20 9 19 8 19 19 8 18 9 16 8 20 8 5 18 14 6 9 11 5 14 17 8 9 18 9 9 7 14 18 5 17 18 11 17 10 18 16 13 19 8 8 14 12 11 7 11 14 18 12 5 10 19 11 13 13 12 19 12 11 10 6 6 7 13 10 6 20 11 17 20 17 7 6 9 17 8 18 16 5 19 14 5 7 12 15 14 17 10 8 17 16 17 11 14 8 15 20 12 20 16 16 16 19 17 12 16 15 7 7 11 14 9 10 14 18 16 19 14 15 17 8 9 9 18 19 14 20 19 11 20 20 14
5 17 10 5 7 8 6 19 9 16 11 6 12 9 14 9 11 12 16 17 6 14 13 17 12 16 12 20 11 5 11 7 6 17 14 20 6 18 17 20 11 19 12 7 20 15 19 18 16 6 5 9 12 10 17 9 11 9 6 14 17 12 8 6 16 16 14 13 20 13 13 19 9 9 13 15 20 8 20 6 6 8 11 7 14 15 9 12 7 20 5 12 0 13 15 6 6 10 7 15 18 18 5 6 6 12 9 16 5 9 17 18 8 10 16 7 16 16 20 16 7 17 12 12 15 7 20 14 17 17 13 7 17 14 11 18 16 5 18 7 12 8 17 19 8 20 16 9 10 13 17 20 19 5 5 7 12 17 16 7 13 12 13 14 15 19 15 18 19 18 17 10 8 12 20 12 20 20 18 14 13 6 8 12 14 13 18 15 18 16 20 12 17 14 14 6 10 17 15 7 18 17 17 19 14 9 6 14 5 20 12 5 5 9 9 8 9 14 17 11 11 14 14 6 13 13 15 15 20 9 9 14 10 13 17 14 15 15 9 15 7 6 12 12 5 5 15 11 8 9 6 7 14 12 19 13 10 15 14 19 13 18 8 8 19 17 9 16 14 12 14 12 14 19 8 12 17 14 20 9 20 19 9 18 7 14 6 7 9 11 18 8 15 16 12 14 16 20 7 14 19 18 12 6 18 18 18 16 16 8 7 15 13 13 5 17 19 8 6 9 16 19 12 6 10 6 7 9 20 8 12 16 10 16 6 16 10 18 8 17 13 16 7 15 10 19 6 7 5 14 7 5 13 16 18 5 20 10 6 7 17 12 16 20 10 20 15 19 9 13 9 19 20 13 19 5 8 8 18 14 12 18 12 19 17 16 12 17 9 17 15 10 14 8 9 11 16 15 18 6
14 7 5 11 8 8 12 6 11 19 6 13 18 13 11 17 11 12 13 7 14 6 20 17 7 13 7 16 12 13 11 19 14 10 10 12 16 10 20 10 9 16 5 6 14 10 19 11 6 17 17 16 17 9 17 17 12 11 16 18 19 18 14 11 9 14 17 5 5 12 7 17 19 5 13 11 11 12 13 13 6 12 13 9 9 14 5 8 16 6 8 17 6 0 17 12 13 7 7 13 19 9 15 7 9 19 10 13 12 6 10 7 19 15 10 18 5 8 19 14 8 9 8 11 12 14 14 14 17 9 11 8 17 9 14 14 19 7 17 5 10 11 11 19 17 7 12 20 8 17 16 14 17 17 6 12 20 20 18 7 18 5 12 15 18 15 12 11 17 6 14 12 10 12 10 16 5 5 19 13 15 14 5 16 10 20 13 10 20 19 7 17 14 8 5 16 20 5 11 6 9 11 7 9 20 5 10 5 9 9 6 16 14 9 8 19 7 12 7 18 10 16 6 5 11 20 5 8 19 15 5 9 10 14 20 11 19 10 6 7 15 14 19 11 15 17 7 11 11 7 10 16 19 17 11 19 18 7 18 6 17 16 11 15 5 16 14 11 8 6 10 7 16 10 7 5 13 16 6 13 7 9 14 20 6 17 7 20 8 7 8 7 12 19 6 17 15 11 6 5 7 11 10 7 10 16 18 5 16 20 9 10 12 9 19 11 9 14 11 13 14 12 9 6 20 17 19 12 15 6 15 19 10 7 16 9 9 15 11 15 20 5 7 12 9 6 9 16 14 16 11 14 12 5 16 11 12 7 12 18 19 7 12 14 19 11 10 12 8 17 20 19 7 13 15 11 6 6 10 12 17 14 11 20 20 18 18 5 14 9 20 10 14 13 12 15 15 7 18 6
19 13 16 16 5 5 16 6 16 6 11 19 14 18 15 6 19 5 12 10 6 14 16 15 18 8 20 11 9 19 14 13 16 6 13 6 9 9 15 19 19 12 12 13 18 12 5 19 10 6 18 11 14 12 5 10 19 16 19 19 16 20 6 5 8 19 20 15 9 17 7 8 14 17 17 6 14 20 19 9 15 9 16 19 6 20 6 8 11 13 9 18 20 20 0 8 19 13 6 20 19 14 13 8 6 18 19 13 15 17 12 13 13 17 19 11 13 15 8 14 17 12 6 15 12 8 9 10 11 13 9 7 13 6 18 5 20 16 13 13 11 18 14 7 8 8 18 20 7 13 15 12 6 10 12 7 5 8 8 15 8 14 12 10 7 8 8 19 12 5 9 20 13 17 18 19 17 19 11 8 5 7 8 19 6 12 11 16 14 15 17 8 11 9 15 15 15 9 12 8 8 11 11 15 10 10 20 8 14 19 16 5 13 12 5 18 15 20 10 12 20 15 11 18 19 8 12 15 15 15 13 16 18 13 16 16 7 13 6 16 11 10 20 14 19 11 15 19 19 9 17 10 7 9 5 14 10 6 6 14 6 9 19 9 15 14 9 7 7 13 19 10 8 10 10 19 16 11 6 5 11 15 16 18 12 11 8 13 10 18 9 8 7 14 8 14 6 14 11 19 9 9 18 20 7 19 11 8 6 17 8 17 19 11 7 14 20 20 9 5 5 7 7 9 10 12 9 19 8 20 19 7 9 6 10 17 8 10 16 20 9 12 12 16 10 8 17 20 5 5 15 18 17 7 9 14 11 5 19 11 17 7 15 19 20 13 6 19 12 11 8 12 16 12 15 11 16 16 12 20 8 15 8 16 18 9 9 17 18 16 18 16 6 16 17 17 19 5 13 16
8 16 12 9 13 17 16 6 18 9 12 8 14 14 19 17 5 12 6 7 10 20 20 18 9 20 5 9 11 13 16 12 6 15 6 17 15 6 13 16 14 17 6 17 5 18 11 16 14 20 14 5 15 15 5 5 11 20 12 20 11 11 5 11 7 5 20 19 20 16 5 6 15 13 8 17 11 19 18 17 16 17 11 17 12 20 15 9 5 5 5 18 20 10 17 0 5 9 16 7 19 9 7 8 20 16 15 20 12 16 16 5 18 11 14 13 12 14 17 6 14 10 7 5 14 7 8 15 15 5 9 13 10 20 15 11 20 6 14 19 12 12 13 5 8 5 15 15 14 11 12 13 6 8 12 10 7 8 17 10 14 13 17 9 20 20 8 11 10 10 17 18 13 12 13 16 12 14 14 17 14 15 20 12 5 18 8 20 12 9 20 15 20 13 11 14 6 15 17 17 8 13 9 6 14 10 20 17 12 12 18 9 14 14 10 18 5 12 11 19 9 5 11 16 16 20 19 16 10 10 18 8 10 6 5 11 11 8 15 16 13 16 16 18 7 7 13 18 20 12 14 8 16 8 8 11 13 9 10 17 7 8 18 11 7 18 6 19 11 6 8 16 20 9 20 6 5 14 8 15 20 6 6 10 16 6 16 10 6 5 19 18 15 11 16 8 18 17 9 8 7 10 14 10 8 12 15 9 11 16 12 19 8 17 5 20 8 6 20 10 6 9 19 8 19 20 19 12 7 10 13 8 11 9 16 20 9 7 17 8 9 15 7 18 14 18 14 9 5 5 15 19 20 14 11 7 11 14 20 11 5 20 5 17 20 6 13 6 18 10 13 15 16 7 11 14 14 6 19 8 13 9 14 20 17 10 5 5 12 13 14 8 5 5 17 6 11 5 17 18
18 17 11 12 5 9 12 20 18 12 18 6 14 8 9 15 13 16 20 13 20 13 13 15 9 11 12 12 11 16 7 19 9 11 12 17 16 17 14 15 8 13 7 15 5 11 5 9 6 5 18 16 9 18 18 14 17 13 5 18 10 19 17 11 18 8 13 9 14 18 5 10 12 18 8 17 8 10 20 17 20 12 14 9 15 5 19 14 13 19 6 19 6 5 20 20 0 12 17 8 10 13 10 9 5 15 10 14 13 20 8 5 20 14 14 16 9 15 19 10 10 18 17 7 12 12 5 15 17 5 14 18 20 17 12 18 14 9 17 11 5 7 16 5 16 10 14 18 6 15 16 7 18 14 17 10 13 16 5 7 19 11 5 12 13 7 10 16 18 8 14 20 19 10 14 17 9 14 19 18 6 20 15 8 10 19 9 15 16 11 18 14 20 14 11 15 17 8 11 17 7 20 13 7 11 7 7 9 14 7 19 16 8 12 17 14 12 13 19 20 19 20 13 15 6 16 15 17 10 14 10 17 16 20 18 10 18 20 16 6 19 11 7 11 16 7 20 12 11 10 16 18 19 15 6 19 10 12 19 10 9 17 13 12 7 13 8 6 12 17 13 11 17 7 15 7 20 12 12 10 17 7 20 19 5 20 8 11 17 14 14 14 15 6 18 7 20 13 14 18 17 19 12 9 5 7 8 6 14 17 7 8 13 5 20 16 9 16 9 19 6 17 8 16 14 18 17 13 15 20 9 18 20 14 20 5 19 17 12 8 15 9 17 12 8 19 20 8 17 7 12 11 17 13 20 7 17 18 13 14 13 9 11 5 12 12 15 8 17 18 17 12 6 9 16 11 17 11 17 16 15 11 15 9 9 11 10 18 20 9 7 16 11 16 12 7 17 16 6 5
7 12 17 16 20 17 19 12 17 16 20 17 15 19 20 6 15 13 17 9 8 19 6 16 16 6 17 16 11 6 16 9 6 14 13 5 7 17 11 10 11 6 8 9 12 7 13 6 19 12 18 10 13 11 17 13 17 5 14 16 11 20 18 19 13 11 20 11 6 16 17 11 10 17 16 6 6 11 7 11 16 6 11 5 15 6 19 6 16 11 10 6 19 18 14 17 19 0 6 17 5 10 19 10 20 5 11 18 7 19 12 11 8 11 7 12 17 14 8 6 5 18 19 5 13 6 11 15 20 8 16 20 19 11 10 8 10 7 20 16 18 11 14 16 20 15 8 10 9 12 8 12 20 13 5 5 19 10 16 13 17 20 10 10 11 14 15 8 17 19 6 15 19 9 7 18 11 14 5 7 19 14 5 7 6 7 5 5 15 15 15 14 11 8 17 12 12 11 8 18 11 15 12 9 8 15 14 9 18 5 8 14 9 20 10 7 10 17 7 5 16 5 6 9 6 5 6 20 12 8 13 20 16 12 17 10 13 20 8 10 12 15 13 8 15 12 15 19 13 19 6 20 13 17 15 8 6 8 12 9 9 6 14 17 8 8 6 11 20 16 5 13 14 20 12 10 13 10 18 5 14 14 18 14 6 16 14 7 11 14 9 14 15 18 7 5 17 11 17 11 13 9 10 15 12 11 7 11 12 13 18 19 19 11 7 20 18 13 19 20 20 18 9 11 10 16 11 20 15 11 18 12 16 11 18 18 16 9 13 6 11 11 8 7 10 7 20 9 14 14 18 16 11 18 19 17 16 19 20 13 14 15 11 15 11 15 9 12 20 18 18 16 14 12 14 20 17 8 7 5 5 18 9 10 10 18 15 17 8 18 19 10 9 14 16 5 11 17 10 6
9 8 17 20 19 11 15 17 6 14 7 15 7 10 8 20 11 11 10 10 10 13 11 6 5 7 7 6 15 7 10 11 15 5 19 15 7 6 17 16 8 14 17 14 13 20 16 7 8 16 14 12 14 9 16 13 11 16 13 16 5 11 13 8 17 15 12 20 16 17 15 18 7 18 8 9 13 10 6 10 19 18 6 13 16 19 14 13 7 14 15 12 9 19 14 9 7 10 0 10 5 9 16 9 10 11 7 17 18 8 14 11 5 14 11 9 7 15 18 13 12 6 14 18 7 16 6 5 8 17 13 18 12 14 6 16 5 8 20 5 14 7 13 7 14 7 18 10 13 19 14 6 20 12 9 11 5 12 11 6 19 8 19 13 12 10 5 13 17 17 13 10 8 7 18 15 14 9 5 7 20 5 8 18 19 6 19 16 14 16 7 6 8 8 5 20 8 19 19 5 11 6 6 15 7 15 15 17 7 12 20 15 11 14 8 17 18 19 6 5 8 7 10 20 5 6 17 14 18 17 9 9 6 18 7 8 5 9 20 10 18 14 16 5 12 16 8 14 20 16 7 10 14 20 11 15 8 19 19 13 5 15 6 5 15 11 13 6 13 8 17 7 5 9 7 10 10 20 10 19 6 17 6 9 20 19 9 13 17 19 16 15 7 6 14 10 18 7 14 15 15 10 10 19 17 12 8 20 14 15 9 6 15 13 17 19 18 6 14 20 13 18 18 10 18 11 15 9 8 15 15 9 19 5 20 17 20 11 11 18 18 11 16 17 15 19 19 20 7 19 10 18 11 16 11 15 13 15 16 7 7 20 17 20 5 20 14 16 16 17 13 18 15 16 7 15 13 20 8 13 9 14 20 9 20 10 10 11 20 19 15 12 12 6 13 9 20 19 8 12
10 9 18 18 6 13 6 11 14 5 6 14 7 6 14 10 19 7 18 6 8 5 20 19 13 17 10 14 20 13 9 5 7 5 5 18 13 8 13 6 6 10 15 20 19 5 5 10 10 14 20 11 17 18 16 8 20 12 9 12 5 9 16 5 19 9 19 18 11 8 14 11 7 9 9 10 14 5 13 10 12 19 5 11 17 10 7 7 11 8 20 16 11 5 5 5 18 11 17 0 14 13 9 10 19 15 15 20 5 15 13 19 5 12 5 8 15 11 7 20 17 14 9 19 17 9 8 16 19 9 12 20 14 14 6 18 10 16 7 6 20 12 16 5 5 9 16 17 10 15 6 13 19 7 14 19 13 6 17 15 11 10 13 20 6 20 10 20 15 19 20 19 10 9 8 20 14 6 6 17 13 13 18 14 12 10 10 6 16 5 19 5 12 6 20 11 12 12 9 14 18 17 7 13 16 14 6 7 9 20 6 19 18 11 13 5 6 10 13 6 15 18 9 18 15 5 12 7 10 6 5 19 20 13 8 10 14 15 5 11 15 20 18 12 12 5 17 20 6 11 9 20 13 9 10 9 7 5 8 19 19 10 5 18 6 15 13 18 8 20 14 10 20 16 19 12 9 10 11 11 10 8 19 18 18 10 9 8 6 13 17 13 11 20 11 13 18 6 9 20 17 5 20 12 9 13 17 7 10 9 9 14 6 12 20 14 8 5 17 20 19 7 10 9 20 5 10 20 16 14 19 8 8 16 17 7 5 15 16 8 19 7 17 14 20 19 7 14 16 7 18 11 18 7 13 6 6 20 5 15 17 11 12 12 12 11 16 15 6 15 19 17 18 12 6 14 10 19 18 17 16 11 5 7 8 13 6 12 11 10 17 20 14 12 16 8 15 20 13 7
17 19 11 16 20 10 12 5 18 9 5 19 8 8 9 16 12 14 19 19 16 13 18 11 18 8 16 6 19 20 8 20 5 5 17 5 10 10 8 18 5 14 12 18 19 18 15 13 13 11 10 16 17 20 9 11 13 20 16 16 6 13 19 16 7 9 17 9 8 15 9 19 5 8 8 8 20 19 15 7 7 8 7 10 14 8 18 19 18 8 13 7 5 15 20 9 17 9 12 15 0 15 10 10 9 19 12 7 16 5 13 20 14 11 12 20 12 19 20 9 18 16 18 5 6 8 15 16 9 13 13 14 19 17 9 13 17 17 20 15 6 6 13 13 11 6 16 15 8 6 17 12 20 20 10 15 8 10 10 16 17 17 17 16 5 5 10 17 9 11 18 14 12 15 10 9 13 6 6 7 8 5 9 9 14 11 14 19 17 14 14 20 11 19 5 7 10 10 10 14 16 20 11 9 15 7 5 11 15 15 19 8 16 16 14 13 10 11 15 17 18 15 12 13 8 19 6 10 11 15 8 12 5 16 19 7 11 14 17 8 7 5 7 19 7 13 10 7 6 14 19 8 6 9 11 5 10 15 9 10 10 20 18 20 20 7 18 14 9 18 7 13 10 5 20 15 7 11 5 17 20 16 10 17 12 9 20 7 13 19 20 18 6 9 9 10 13 12 18 15 6 14 5 12 10 11 20 15 18 13 15 17 10 7 9 16 15 16 9 8 11 19 11 10 11 12 18 18 15 8 15 15 18 14 12 11 20 11 8 11 15 9 20 8 7 7 13 8 5 14 10 6 16 11 5 6 18 8 6 20 10 8 6 13 14 5 19 19 6 15 15 8 6 9 13 12 10 15 18 7 14 6 10 14 17 16 13 14 10 5 20 8 5 7 15 12 11 12 20 13
14 15 7 19 12 11 15 12 12 10 11 20 5 14 14 8 6 17 16 15 8 10 16 20 14 6 11 14 19 20 12 9 10 20 10 18 11 10 11 6 13 17 16 12 11 14 16 20 9 5 9 17 11 20 5 11 13 6 15 16 15 20 16 7 13 16 18 6 10 20 18 13 8 5 7 6 18 10 10 18 15 16 17 13 12 19 7 5 6 5 11 16 19 20 13 7 12 14 17 5 11 0 16 15 20 11 8 8 8 15 5 11 14 15 6 14 6 20 18 19 11 8 13 14 13 17 14 17 14 13 20 6 19 19 19 14 7 12 20 19 16 5 16 10 6 12 10 8 10 15 10 9 9 19 18 5 20 5 9 7 6 14 16 9 14 20 20 9 12 19 17 17 19 5 14 18 18 5 11 7 16 14 9 11 8 7 16 11 13 5 18 8 11 19 11 10 9 12 19 13 12 15 9 8 18 7 14 7 6 13 10 14 11 20 19 5 10 11 7 7 5 20 9 12 8 10 14 15 5 11 12 14 9 13 12 5 5 16 11 11 16 10 9 19 7 7 18 18 7 10 8 14 12 18 10 17 5 9 8 20 7 12 8 17 13 11 17 9 8 16 20 19 7 11 14 18 20 13 11 15 6 19 7 12 7 17 19 9 6 9 15 19 12 8 7 20 17 9 8 17 7 12 20 5 16 11 16 7 8 5 18 17 12 13 8 19 8 11 17 16 10 11 18 6 6 15 9 10 13 6 20 8 15 10 19 6 9 8 12 19 8 14 14 15 12 17 16 14 15 16 15 8 15 10 19 12 16 19 5 10 13 18 10 17 13 8 14 9 17 19 16 15 14 19 14 16 8 14 9 9 12 6 20 12 16 9 11 6 17 18 13 14 13 7 20 7 19 11 7 16
9 19 7 17 13 14 13 8 16 18 12 10 11 9 13 11 12 17 8 7 5 12 13 9 16 12 19 14 12 8 16 9 10 17 6 14 8 13 5 11 8 5 9 16 12 5 8 20 17 17 11 17 7 6 13 9 15 11 11 11 15 13 19 13 7 13 16 17 17 5 13 18 5 18 18 13 19 11 16 7 7 10 16 19 20 10 15 9 14 13 15 5 11 17 12 17 16 10 14 12 9 17 0 19 6 6 7 11 10 7 19 15 6 8 12 10 10 5 19 17 18 15 20 13 15 12 11 14 13 14 9 7 10 19 20 14 6 11 19 19 5 15 9 14 9 7 12 18 5 9 8 10 19 12 17 6 12 7 11 8 15 13 15 17 13 7 5 18 17 5 20 8 20 7 6 5 8 18 13 7 19 15 19 15 18 11 11 14 9 5 5 6 14 5 5 13 11 6 10 8 9 8 11 10 8 10 16 19 16 14 10 9 17 10 17 5 19 5 13 16 9 12 14 18 13 14 8 6 20 14 13 9 10 15 16 11 13 15 11 8 18 9 17 18 15 9 5 11 14 12 12 6 8 14 19 18 20 18 14 6 17 16 11 14 14 10 15 16 12 16 19 11 13 9 11 7 6 10 14 11 16 10 18 20 16 17 10 6 5 18 19 20 12 10 14 18 8 13 17 9 14 18 11 6 12 15 8 18 7 17 16 17 15 7 11 9 12 7 15 6 10 12 13 7 18 12 15 20 11 8 5 9 18 13 6 13 16 19 13 14 10 14 19 9 16 12 17 20 9 5 19 7 7 5 12 7 18 20 5 16 14 15 10 15 16 7 18 15 17 5 6 12 8 11 5 12 19 13 11 11 19 6 12 18 16 7 12 15 20 18 6 7 15 16 12 5 15 12 5 11
17 19 15 16 9 6 19 18 18 17 17 8 16 14 6 7 18 11 16 10 13 6 6 17 18 20 5 9 11 18 11 20 12 14 8 6 6 19 9 13 16 12 12 17 20 13 15 15 11 16 17 6 14 6 12 11 13 20 11 10 19 14 9 10 12 5 11 13 7 13 5 20 8 7 7 17 16 8 13 17 6 7 6 10 20 10 20 19 18 12 14 14 7 9 9 18 17 15 19 14 14 13 10 0 13 18 15 7 17 20 19 8 14 10 7 17 10 15 5 15 17 14 12 6 11 16 16 20 16 10 17 12 5 11 16 16 13 14 16 7 11 5 19 9 19 17 10 9 7 15 8 16 10 9 6 6 16 19 14 14 13 15 11 18 9 11 11 13 10 19 18 19 17 18 18 9 5 11 20 13 19 13 11 10 16 16 10 6 20 8 18 18 5 9 5 18 17 19 8 13 12 6 13 19 12 14 9 8 11 14 5 11 13 11 9 11 11 5 17 11 18 19 9 16 12 19 15 12 10 19 13 20 16 19 9 11 10 11 6 15 6 19 5 10 5 15 8 16 17 5 8 11 16 12 12 14 9 9 16 14 19 13 7 20 9 16 11 6 12 10 7 14 7 16 7 11 7 15 5 10 12 18 6 5 6 15 5 10 9 7 13 14 10 18 9 5 8 10 17 9 16 5 20 5 18 7 9 7 16 5 12 9 20 19 17 14 17 11 10 11 17 12 15 18 9 19 5 20 8 5 17 19 19 7 6 20 8 5 14 15 20 18 8 8 15 13 6 19 19 17 16 14 9 12 5 9 9 18 13 15 13 15 14 11 10 9 7 11 19 9 10 12 10 20 14 14 10 12 12 5 20 18 7 16 16 19 18 17 6 17 18 15 16 14 8 16 14 7 11 6
11 12 10 14 14 6 10 15 20 17 12 7 16 6 11 10 18 17 7 6 15 10 19 12 10 15 17 20 11 19 18 12 7 16 12 8 9 11 20 11 5 12 6 20 18 8 6 18 10 11 9 5 10 10 5 17 8 19 19 14 13 8 15 5 20 8 18 18 15 6 20 18 8 9 18 20 20 11 14 9 14 5 13 20 16 10 11 13 17 8 15 12 12 18 18 5 12 11 7 11 17 15 18 7 0 14 7 5 14 7 15 5 17 11 8 13 18 5 16 20 11 20 6 9 18 13 20 17 12 11 17 19 15 7 6 7 13 15 16 6 15 6 8 15 19 7 7 5 11 11 7 13 6 19 6 20 11 12 7 11 20 13 16 11 11 13 8 12 5 10 14 9 7 18 16 17 19 19 11 7 13 8 7 12 20 5 14 16 20 18 14 17 17 13 15 7 19 18 11 8 16 14 15 16 13 12 16 19 7 17 10 9 17 11 19 15 14 13 9 9 13 11 7 9 18 20 7 13 5 10 17 10 15 9 16 6 11 19 17 11 6 16 14 8 6 16 18 6 20 9 12 6 19 16 15 18 15 13 14 14 20 18 5 10 5 17 9 9 18 8 17 17 10 17 8 9 20 19 20 6 19 15 7 20 8 11 13 19 15 11 17 7 17 20 6 13 14 16 8 11 7 10 16 15 9 18 8 11 16 7 5 8 15 17 7 15 12 20 7 16 15 16 13 8 14 10 13 8 6 10 12 7 15 6 7 17 20 11 10 8 12 11 5 17 8 5 13 10 10 13 8 15 14 7 17 12 16 17 8 11 17 12 10 7 11 19 6 16 8 5 8 18 17 12 8 12 11 7 13 16 9 20 18 16 10 19 5 20 20 12 13 13 18 17 16 15 8 13 8 20
13 15 13 13 6 9 20 11 13 11 14 18 19 5 18 8 19 16 15 20 8 16 14 17 10 16 17 14 15 17 18 7 6 5 5 18 9 17 10 5 16 10 15 6 16 17 6 15 15 9 10 6 20 16 19 13 10 6 9 18 8 9 18 20 14 13 19 10 13 7 18 6 16 14 8 11 16 7 18 13 8 13 18 20 7 8 11 5 8 20 17 11 5 7 17 7 8 17 12 15 15 5 11 20 11 0 11 20 9 18 15 9 12 18 20 15 11 5 15 11 13 10 17 8 5 7 8 15 8 10 10 16 16 15 13 13 15 13 6 9 17 15 8 15 7 16 18 6 15 14 5 17 12 18 15 9 20 17 9 19 5 6 14 9 9 6 9 9 9 14 11 10 11 5 8 17 5 14 15 9 9 20 9 5 5 15 6 7 12 13 12 11 15 12 14 20 19 19 18 10 9 18 20 13 9 20 5 10 6 10 14 20 8 8 5 20 15 16 11 9 20 7 12 20 8 9 6 11 9 8 19 12 10 15 18 9 16 20 12 14 11 10 10 17 9 11 8 20 19 18 9 9 15 12 13 7 6 6 6 13 8 11 12 16 7 12 11 16 8 15 14 6 19 13 20 9 17 6 11 8 9 5 14 15 8 6 16 14 14 8 17 6 11 8 17 20 6 12 6 20 9 19 11 12 15 11 11 18 20 11 10 17 6 11 17 18 14 5 13 20 5 6 5 18 5 12 17 10 16 19 15 19 9 20 15 12 8 5 5 8 14 9 19 10 6 15 12 8 12 17 17 8 20 17 19 7 7 6 11 7 14 5 5 18 5 7 7 6 5 14 17 18 10 5 18 16 20 9 17 5 14 6 5 15 7 5 18 15 20 17 12 16 19 9 14 20 15 6 6 18
16 5 18 9 6 6 12 19 16 9 11 15 11 20 16 13 20 17 10 17 15 18 14 8 12 12 6 20 14 6 13 16 8 15 19 18 12 13 10 20 5 14 7 16 13 15 15 12 13 10 6 16 10 8 14 10 13 12 15 16 15 7 8 10 15 14 20 6 9 14 20 19 12 17 7 14 20 19 14 11 11 16 20 15 7 11 14 19 14 7 9 8 14 16 17 16 13 17 16 10 11 16 14 20 20 16 0 16 8 13 17 19 19 5 12 6 9 10 6 7 12 14 6 8 13 13 13 14 12 18 15 7 6 7 12 12 20 14 19 10 20 18 7 15 19 7 18 13 18 10 19 15 19 13 7 17 13 11 14 8 15 17 11 11 18 11 16 12 11 20 6 18 17 17 13 16 14 18 13 8 15 13 16 12 15 15 14 14 17 11 8 12 16 5 12 9 19 7 13 12 16 14 13 14 20 14 9 18 14 20 16 15 12 9 9 17 19 18 9 7 9 16 20 16 16 13 6 9 10 14 16 6 11 11 5 8 12 15 5 8 11 14 6 15 14 19 15 5 14 14 15 7 8 16 12 10 18 16 19 11 6 6 16 16 5 17 12 10 14 8 20 17 11 11 20 15 12 7 12 20 6 18 10 10 6 10 9 17 17 17 14 10 17 12 8 11 15 6 13 17 20 16 19 9 16 15 7 6 8 11 7 11 8 19 19 9 17 8 9 12 11 20 7 15 13 16 19 9 13 7 19 11 20 13 12 7 17 9 8 10 9 13 9 7 19 17 16 14 9 19 9 14 9 11 11 19 6 5 13 9 16 14 15 11 10 7 9 11 13 17 20 13 12 12 11 5 20 17 19 5 14 14 12 15 17 7 20 6 20 10 13 14 5 19 12 9 14 20 15 12
16 19 6 13 14 19 5 8 20 16 11 19 15 10 19 15 8 8 14 20 9 16 17 16 12 14 9 19 18 14 18 13 9 18 17 12 20 5 18 18 12 18 6 9 20 18 19 7 12 6 19 20 10 16 19 13 14 19 20 7 17 16 11 8 17 12 5 7 10 11 20 7 7 15 6 19 11 8 16 10 19 8 5 5 18 18 15 16 6 18 18 7 20 17 15 7 8 18 10 18 16 12 8 15 9 11 6 0 6 12 16 16 13 16 10 9 11 17 15 15 14 5 17 7 7 7 6 8 17 20 15 20 15 11 8 19 17 7 7 15 11 17 6 12 16 11 20 12 11 9 16 7 18 8 10 19 9 6 6 7 15 12 6 19 6 13 6 12 16 11 13 17 15 18 12 15 7 13 15 19 13 5 17 7 17 9 11 18 10 7 8 17 20 12 14 13 16 19 15 6 6 17 16 14 13 5 16 14 19 12 15 8 11 9 20 12 15 16 18 15 8 5 18 9 15 20 20 10 15 16 16 8 16 13 5 14 5 14 17 17 19 6 12 18 9 13 16 11 19 20 16 19 9 15 12 6 17 18 9 18 10 17 11 13 20 9 9 7 7 14 10 9 6 8 9 7 7 18 14 8 6 9 16 10 8 7 19 8 15 12 11 20 19 17 17 15 6 12 13 15 12 8 11 18 20 8 12 15 5 17 9 17 16 5 20 9 12 12 19 8 12 18 6 5 9 11 16 14 16 9 10 19 12 8 10 8 18 9 6 9 12 7 9 12 12 7 8 12 8 17 9 15 18 11 17 17 17 16 15 12 20 11 10 16 15 20 10 11 12 11 13 12 16 7 8 10 20 6 6 11 7 16 15 20 10 19 13 9 9 5 14 18 15 7 10 20 7 12 8 19
5 14 16 8 15 6 10 8 7 12 8 20 13 19 6 14 19 17 10 5 12 5 20 12 15 8 16 10 8 15 15 13 8 14 19 12 17 7 16 15 17 13 9 12 11 17 7 5 6 9 7 12 7 19 18 8 15 10 10 10 5 12 12 8 13 18 11 18 13 18 6 5 8 9 7 15 16 11 5 18 7 14 10 9 18 8 14 5 11 12 6 18 18 7 19 17 17 20 19 18 18 18 18 18 6 8 12 17 0 7 17 7 12 5 14 17 18 7 10 6 8 7 10 16 17 7 18 14 9 16 11 12 10 8 12 5 12 9 19 13 19 18 17 20 17 18 9 19 6 7 17 7 6 8 6 7 12 10 17 16 14 6 8 14 20 20 15 19 7 17 5 18 20 8 13 16 8 13 18 10 10 17 13 13 18 7 6 14 6 14 16 18 19 6 5 18 15 18 7 16 13 18 13 17 16 17 5 12 5 7 13 8 9 13 13 8 13 8 12 20 6 9 8 9 9 7 13 14 18 15 8 20 7 8 19 14 10 15 9 20 17 17 15 5 10 5 6 8 19 17 20 14 8 17 9 16 18 12 15 8 13 7 17 17 7 5 8 12 14 8 17 11 19 11 8 5 5 17 8 13 18 16 18 7 12 5 5 8 9 16 14 20 14 17 8 13 18 6 11 8 19 14 16 19 7 12 16 16 6 18 12 8 20 5 9 10 12 11 7 5 15 14 6 12 6 16 13 5 18 13 8 11 15 15 17 13 13 10 7 8 18 6 11 19 18 10 12 12 7 10 15 9 20 8 6 11 17 19 11 20 6 11 15 13 12 17 6 15 11 18 15 17 16 20 20 12 16 16 18 16 15 15 15 14 17 12 10 8 14 11 16 8 11 14 10 5 8 9 17 8
11 19 20 9 19 8 19 20 13 10 15 15 20 12 10 8 17 11 17 10 6 18 20 14 19 14 10 14 16 16 17 20 12 13 5 20 9 7 17 13 5 8 8 19 12 7 19 13 9 6 6 6 16 16 11 10 10 5 10 7 10 9 7 16 18 19 9 10 8 18 12 15 17 19 9 14 12 10 13 9 11 13 11 5 18 17 15 8 12 12 7 14 18 12 12 11 20 6 9 11 8 6 8 13 14 11 5 6 6 0 6 16 11 11 11 6 13 8 19 11 14 9 16 6 19 16 6 5 15 10 8 10 13 12 18 6 8 12 8 7 11 8 15 18 17 17 13 5 16 20 10 11 18 7 7 7 13 14 17 7 9 7 12 7 7 9 6 16 8 20 8 6 18 18 18 14 13 9 7 18 7 7 6 9 7 14 11 15 7 17 11 15 14 5 6 7 5 19 5 6 8 18 9 16 18 10 10 17 14 17 11 15 5 10 6 20 9 7 20 6 6 7 5 17 17 12 14 6 12 16 8 11 15 10 16 17 9 19 6 16 10 14 9 16 18 20 10 11 10 12 10 9 9 17 14 11 20 6 19 7 19 19 9 15 10 8 13 20 12 19 13 6 17 12 8 12 5 12 13 18 18 19 6 7 20 8 20 6 20 19 19 13 19 16 6 9 6 13 17 8 15 14 7 8 16 15 14 7 11 17 9 13 14 14 10 10 5 18 7 18 6 7 9 13 8 18 14 12 8 12 8 18 15 13 14 17 19 8 10 8 14 9 20 17 20 14 7 16 16 14 14 17 7 16 6 17 9 16 13 7 8 12 7 18 15 19 5 19 12 9 8 18 9 8 13 19 15 12 16 12 15 8 18 15 14 11 14 12 18 18 5 14 19 20 20 9 18 11 18 17
12 18 6 17 10 8 18 16 5 17 13 18 17 16 8 12 9 13 16 12 16 20 18 16 12 7 5 16 14 6 7 13 7 18 5 10 12 19 6 11 5 6 11 7 7 19 10 15 13 16 20 13 9 5 16 20 9 9 5 9 7 9 18 18 20 7 19 10 16 13 16 8 9 11 17 7 11 6 11 19 11 18 5 10 8 12 9 17 20 15 20 9 15 13 18 17 15 13 18 13 20 12 8 15 10 14 19 20 12 16 0 10 16 10 19 17 7 9 8 19 13 11 9 9 6 18 8 18 13 14 19 16 8 8 14 12 6 10 14 16 6 17 5 5 18 19 8 5 12 20 18 20 13 12 12 12 14 6 7 10 11 17 13 13 15 9 7 6 13 14 5 12 6 10 9 6 19 18 20 14 9 20 8 16 9 10 20 17 7 12 13 14 15 7 6 17 9 19 19 16 6 20 9 16 16 8 8 15 9 5 16 20 13 14 19 11 6 16 7 17 17 16 20 17 12 5 13 7 15 10 18 15 14 15 11 8 12 5 14 6 19 18 18 5 18 17 13 18 16 18 14 20 10 16 9 6 18 7 5 9 17 18 5 12 13 8 5 10 10 17 8 9 17 20 9 9 6 14 11 6 20 17 6 5 19 11 5 15 5 9 6 8 17 15 12 9 6 15 7 11 15 19 5 14 6 20 7 9 15 12 6 18 11 20 5 19 12 18 7 16 7 14 20 16 10 16 8 13 16 7 9 8 6 15 18 5 14 7 18 18 18 7 9 8 8 5 11 15 9 20 17 10 18 11 9 20 17 9 13 13 20 16 19 17 10 5 13 17 18 5 11 20 10 10 9 20 20 10 10 20 16 8 16 20 19 16 10 8 6 11 14 9 17 9 14 7 5 16 13 16
9 7 8 11 11 11 10 12 19 19 10 9 11 9 7 14 6 14 8 9 16 19 18 14 12 5 5 8 13 11 19 5 20 12 16 20 12 10 11 10 8 6 12 15 15 17 11 11 20 8 12 13 16 5 13 11 20 7 18 8 18 8 5 20 19 13 13 15 15 17 11 8 8 11 5 17 8 9 19 6 13 9 8 12 14 19 9 7 16 20 15 19 14 12 18 16 20 18 14 12 7 17 12 7 6 19 14 12 18 18 14 0 14 11 7 9 9 8 15 18 8 17 10 14 9 12 12 16 13 11 8 6 10 9 12 18 17 19 11 16 16 20 17 13 5 15 17 17 9 19 9 20 9 13 17 7 12 5 12 19 15 14 12 19 10 7 12 16 12 6 15 8 9 9 19 8 8 13 8 12 10 7 12 17 10 7 14 16 5 10 12 14 15 8 5 10 20 17 16 6 13 7 10 16 20 8 15 15 12 18 18 11 16 15 10 8 10 7 18 15 5 16 14 13 17 11 16 13 12 16 16 15 6 19 18 16 7 6 5 12 6 6 20 20 5 10 17 13 11 8 7 13 20 9 5 14 20 13 7 20 12 18 19 7 16 17 13 11 16 19 17 14 9 5 7 16 20 8 7 7 14 20 12 20 19 7 10 6 12 10 18 13 8 9 8 6 6 13 10 7 12 12 10 8 7 9 8 10 12 6 15 14 13 12 13 14 13 13 13 15 19 8 13 15 6 19 6 5 6 5 6 13 14 6 13 16 6 20 6 14 15 12 6 14 16 10 15 7 16 13 14 8 13 12 5 19 14 13 7 17 16 6 5 10 6 9 7 12 14 17 17 13 16 13 20 8 20 5 19 8 11 20 19 17 10 19 8 14 18 20 15 7 10 13 14 15 17 13 19 13
10 13 13 16 17 18 9 14 13 10 6 14 11 19 19 10 10 6 15 13 17 6 14 6 11 9 15 6 12 15 8 16 9 12 12 8 7 13 5 17 16 7 8 11 12 20 15 19 7 18 8 17 9 5 16 19 5 12 13 5 17 19 20 6 8 11 7 20 18 13 19 19 12 6 13 15 12 12 9 11 16 9 9 16 12 15 16 17 8 17 11 16 5 6 5 10 20 15 14 17 9 10 18 18 8 16 16 18 13 10 8 5 0 13 11 8 9 9 17 12 5 6 10 14 5 10 6 8 7 18 13 7 13 18 12 6 7 16 8 8 15 16 13 16 18 11 12 7 10 13 15 9 16 6 8 17 14 12 5 14 5 20 7 19 10 8 19 20 9 15 5 5 20 17 15 8 9 12 18 12 6 13 5 9 19 20 15 12 7 20 20 16 17 14 13 14 6 5 12 16 14 11 15 6 7 19 13 9 16 11 6 17 10 17 7 14 14 18 19 5 15 16 9 5 18 6 11 15 5 17 12 9 10 8 13 7 18 7 20 15 19 20 15 8 10 20 17 14 10 16 11 17 18 6 8 12 6 20 18 20 18 8 18 20 12 9 19 13 13 6 10 20 18 12 18 19 18 11 15 5 10 6 16 15 19 19 14 10 10 13 8 10 16 18 19 14 19 10 16 10 17 19 9 10 11 7 17 17 17 17 14 5 16 20 12 14 9 11 7 5 12 16 6 14 8 7 10 20 11 19 15 12 17 16 16 12 17 17 12 12 18 10 8 15 15 9 20 13 14 7 19 5 19 18 17 20 15 17 18 15 13 14 20 9 11 19 5 6 5 7 8 14 6 9 16 20 19 9 11 10 15 8 12 18 18 12 6 15 13 14 18 20 10 7 5 16 9 18 10 8
13 15 6 20 20 8 12 7 11 18 17 12 6 15 18 14 10 9 11 20 13 20 10 12 15 18 18 11 17 5 17 20 6 19 8 6 14 11 19 17 11 15 12 11 11 11 9 20 14 11 19 14 11 8 17 5 7 16 11 14 20 7 10 14 17 20 15 15 8 7 12 11 5 7 20 17 12 19 14 19 6 8 16 9 13 16 13 17 11 18 18 12 13 20 11 19 12 20 11 5 15 9 10 20 9 11 20 19 19 18 17 13 5 0 12 17 8 18 5 12 5 5 19 11 5 19 10 11 7 6 12 16 14 7 14 17 17 14 10 15 7 12 7 7 6 18 7 6 18 12 19 6 17 12 15 20 16 10 14 5 12 11 16 18 13 11 12 7 13 9 14 13 11 16 9 13 12 7 12 6 13 16 19 12 12 12 10 6 15 8 12 15 8 17 7 8 11 5 20 17 12 10 13 13 16 7 7 13 17 17 10 11 9 16 8 7 17 5 9 19 6 19 14 17 5 8 7 13 5 7 14 6 5 6 14 10 11 12 5 5 18 16 11 13 18 14 14 8 14 6 7 18 8 17 19 15 6 16 12 7 13 7 19 14 10 20 9 9 10 6 19 11 14 15 17 14 8 10 14 12 7 9 11 17 17 16 13 17 15 5 13 18 14 18 6 15 15 18 15 15 8 13 11 17 18 8 16 9 17 14 7 18 19 10 18 9 20 12 12 14 7 8 16 5 13 7 12 18 14 13 9 15 11 6 18 7 6 19 10 15 7 11 16 8 10 11 13 6 20 11 10 16 7 15 12 16 13 9 16 18 5 15 8 13 18 16 8 15 7 8 12 5 17 17 8 10 18 10 16 17 5 8 17 6 20 6 13 19 5 9 11 10 16 15 19 19 16 7 14 18
15 14 17 9 12 10 16 7 16 20 18 7 9 14 11 16 18 20 17 16 5 8 18 18 11 14 11 10 6 9 12 11 5 11 14 18 20 14 18 5 10 17 18 8 13 12 7 14 14 20 5 10 14 13 10 15 16 13 12 14 12 17 5 13 12 16 14 10 5 15 17 5 17 12 14 11 18 17 11 16 8 20 11 9 14 6 7 19 8 9 9 6 16 19 18 20 15 13 15 12 10 10 10 18 15 16 9 9 14 17 7 5 11 10 0 11 20 18 9 8 13 15 17 7 12 10 14 13 7 6 19 18 13 18 9 15 15 12 13 13 7 10 11 9 8 14 12 10 7 20 18 9 5 12 13 15 8 12 9 14 19 11 10 7 7 9 11 12 16 11 6 7 14 10 12 7 8 20 20 11 11 13 10 10 5 17 5 10 20 13 17 14 9 5 20 19 20 19 9 10 15 9 9 8 11 7 17 20 15 18 11 11 5 6 6 8 18 17 5 17 5 14 18 6 15 13 19 7 20 5 6 6 18 5 11 18 18 5 11 5 12 15 20 7 9 11 11 17 10 13 11 12 15 13 12 9 12 19 16 10 6 10 5 5 12 6 17 11 17 16 6 8 5 11 11 16 9 10 20 19 20 12 14 17 17 7 20 17 11 7 7 12 9 8 19 11 19 7 11 6 14 18 8 6 13 6 16 10 5 20 19 10 11 17 14 18 19 12 5 17 11 10 16 17 11 18 14 6 15 11 11 5 6 5 8 11 19 19 9 14 10 18 9 8 19 16 5 15 15 17 8 18 13 8 9 16 11 8 9 8 20 9 12 6 13 12 11 13 5 5 17 19 18 17 7 8 13 18 5 16 19 13 11 12 9 8 12 6 13 10 18 12 18 7 10 14 12 16 18 6
20 10 11 16 14 16 17 13 10 17 6 17 7 8 18 13 20 8 17 18 8 6 11 12 12 7 20 6 13 19 20 14 5 6 19 17 6 12 17 13 5 10 6 12 9 15 12 19 10 7 7 19 6 20 19 12 8 18 13 5 11 7 12 19 6 13 15 19 8 10 16 14 16 10 15 15 10 18 19 12 19 17 18 12 12 13 9 16 6 18 12 12 16 14 5 18 16 9 7 6 16 11 10 5 16 16 9 13 11 18 17 6 13 6 15 0 15 15 7 14 5 20 6 8 16 16 17 18 17 14 6 5 20 19 12 18 20 11 20 16 9 5 7 5 16 6 18 18 11 17 19 9 14 10 5 9 8 6 9 18 11 11 6 20 14 18 16 8 19 10 11 16 7 11 19 8 20 11 16 8 10 6 18 19 11 15 7 10 18 10 12 10 19 5 13 11 19 16 20 14 18 10 9 8 6 9 14 8 8 14 11 18 17 20 8 8 12 15 18 15 19 6 9 17 6 11 6 16 13 7 16 15 17 7 11 11 8 5 14 12 19 20 10 12 14 19 10 17 14 15 13 17 13 11 14 20 15 7 7 13 5 12 10 11 13 15 13 9 17 15 17 14 16 18 15 18 17 9 6 8 13 18 11 12 18 17 16 11 20 17 9 8 5 10 18 18 7 9 10 19 10 20 17 14 12 15 12 13 14 19 14 12 16 5 13 15 7 17 17 13 8 7 16 9 16 11 17 20 11 8 9 6 6 7 7 19 10 19 19 12 15 19 14 15 19 5 15 18 19 12 8 13 14 14 9 20 19 19 5 20 14 10 7 15 16 17 10 17 11 12 9 16 11 18 11 20 15 5 16 17 16 17 20 20 8 13 17 20 11 10 15 9 18 13 7 13 16 16 16 13
11 11 18 18 13 16 13 7 20 10 15 13 19 9 15 12 15 7 12 5 10 7 15 16 13 10 15 20 17 20 9 20 14 20 12 13 7 12 8 19 14 7 8 9 11 6 5 15 11 11 20 11 13 7 9 10 15 19 10 16 12 10 10 14 12 8 8 6 13 8 10 15 7 20 16 17 18 8 16 17 7 15 5 5 13 10 6 13 15 19 10 11 5 8 11 9 14 12 15 13 6 5 11 15 20 20 8 11 11 12 15 12 6 10 8 15 0 7 16 17 13 19 13 14 6 8 12 9 13 10 19 12 16 5 15 14 16 14 17 19 12 14 8 9 13 14 11 5 11 5 6 13 8 12 18 7 19 17 14 13 5 8 5 17 6 14 18 13 18 15 5 18 5 18 18 9 16 6 14 7 20 15 17 11 7 11 12 18 5 11 8 5 14 6 13 20 18 12 6 5 13 11 15 16 12 7 14 5 19 8 19 18 6 17 5 7 7 16 17 15 6 6 5 20 14 20 9 14 10 13 17 18 6 10 12 12 6 16 16 18 16 17 6 17 6 6 20 14 11 11 6 11 11 14 7 10 10 16 20 13 14 17 15 10 6 8 19 19 13 5 16 20 20 20 18 10 12 12 16 19 12 17 20 10 16 14 14 20 7 8 8 7 18 6 12 7 11 18 19 20 10 12 6 15 17 10 10 7 17 17 8 11 14 13 9 9 9 19 8 5 16 8 19 9 13 5 7 17 12 20 16 19 16 8 20 15 8 18 19 17 6 6 16 13 18 15 12 16 12 17 5 7 16 7 16 9 16 13 13 9 13 17 12 15 14 13 6 16 17 5 5 8 6 6 5 6 18 20 19 15 9 14 7 11 14 16 6 8 17 20 13 14 20 11 13 5 15 5 16 6
10 16 10 17 12 12 12 12 15 18 18 9 11 11 18 20 7 5 17 15 19 20 9 19 19 6 15 7 10 16 10 13 15 16 12 17 11 13 12 9 19 12 16 16 10 13 12 19 5 13 6 9 13 18 11 15 19 20 13 5 20 14 5 6 5 17 6 9 7 12 5 17 20 18 12 18 12 19 13 15 16 9 6 17 8 16 17 15 5 13 15 16 5 14 6 8 12 18 17 13 15 11 5 15 10 10 5 7 19 14 7 11 11 20 19 19 20 0 9 12 14 12 10 14 10 14 20 16 14 5 13 17 7 18 16 17 15 7 6 6 18 10 7 6 17 12 11 12 8 19 20 19 15 17 16 8 13 7 14 12 9 16 10 9 11 18 19 11 9 15 5 11 17 14 20 13 12 7 12 12 11 20 18 12 12 11 6 7 10 14 13 20 5 18 20 19 15 14 18 11 11 20 19 17 18 12 11 9 18 6 9 7 9 7 14 12 19 8 9 16 7 7 10 6 6 16 10 5 14 12 9 20 18 15 10 18 10 15 17 16 18 18 14 9 14 17 5 5 15 12 8 19 6 9 5 6 7 17 20 8 16 9 15 18 14 7 7 5 17 6 9 10 14 8 7 17 8 8 11 16 18 6 20 19 6 17 16 15 15 9 7 6 17 14 7 18 11 12 13 17 11 19 15 10 18 7 11 13 15 19 19 13 13 10 8 8 20 5 15 18 9 13 9 6 19 6 17 11 5 19 17 13 6 7 15 12 9 10 16 10 5 5 14 17 13 11 11 13 19 9 5 5 9 19 6 15 10 5 12 7 19 16 9 18 13 15 20 9 10 16 17 15 5 9 16 6 18 16 12 14 7 10 9 5 14 20 7 8 16 11 17 19 15 18 13 6 15 18 19 6
11 17 5 15 9 17 8 15 13 6 9 5 9 11 20 6 9 10 7 12 9 16 11 13 9 20 10 5 13 11 7 6 15 14 5 18 10 7 12 12 9 10 8 20 14 6 5 5 8 13 19 5 5 13 18 5 15 19 9 20 14 20 6 14 5 11 14 9 13 8 13 14 13 7 7 19 14 6 10 20 6 15 10 16 15 19 20 12 19 5 14 12 18 6 16 14 11 18 15 6 20 14 20 10 11 17 16 12 6 15 19 20 14 19 15 19 5 20 0 11 15 17 11 11 13 20 16 10 11 12 10 6 16 12 13 6 9 17 11 10 18 7 11 8 14 13 19 7 11 15 15 8 16 11 15 10 13 14 16 17 13 16 8 20 5 19 17 9 15 18 17 20 8 10 16 19 11 9 6 18 11 15 16 16 10 14 8 10 17 11 20 13 18 10 16 5 12 13 20 19 7 10 19 16 8 16 15 15 9 12 15 16 18 5 7 19 20 14 8 16 18 15 10 12 13 16 14 9 16 10 7 7 19 6 13 20 6 9 17 8 17 15 12 13 8 6 11 7 15 5 8 16 15 20 5 5 18 20 17 6 12 17 14 19 15 13 7 17 17 5 5 18 17 13 5 6 8 7 17 5 16 10 7 6 14 14 13 8 15 12 18 15 14 17 14 17 12 6 15 10 11 9 13 16 14 9 5 16 16 10 13 12 16 13 5 15 18 6 10 18 12 6 17 9 8 8 16 7 5 7 8 13 5 18 12 17 7 12 19 5 5 11 5 11 10 20 10 5 5 16 15 19 9 13 16 17 14 20 11 6 20 7 13 11 11 13 6 13 15 11 11 16 5 8 17 11 15 20 17 7 8 20 17 5 7 7 10 5 8 11 20 15 6 10 5 8 19 12 9 10
11 20 8 6 19 15 16 8 8 9 20 10 15 12 18 12 5 11 17 15 9 12 10 16 13 15 10 8 8 8 9 16 17 14 11 15 9 16 6 10 9 12 5 8 7 8 14 19 14 8 17 17 16 13 11 14 15 16 17 15 19 5 13 16 14 15 19 20 20 9 14 12 8 18 20 14 5 7 6 17 10 6 5 8 5 17 9 10 11 16 14 5 8 10 5 11 18 16 8 17 17 11 13 9 9 6 19 13 10 17 8 5 13 19 5 19 5 8 16 0 20 6 11 20 10 15 15 9 19 11 9 17 5 19 9 18 18 12 6 18 10 10 10 16 19 10 6 12 19 15 11 7 7 10 7 9 16 15 11 6 6 13 10 15 8 18 12 10 5 16 7 12 18 15 15 5 15 20 8 19 5 11 8 12 18 12 5 16 19 8 7 11 11 6 8 17 20 16 10 12 13 16 16 15 15 10 19 12 17 17 12 11 17 14 6 14 14 19 12 17 18 6 12 12 10 10 20 13 15 5 20 7 13 15 18 12 10 5 6 8 9 17 20 19 11 19 6 20 17 8 10 7 18 14 9 11 17 6 12 12 18 14 15 6 15 9 9 19 19 16 14 5 12 12 7 17 18 17 14 5 11 8 6 12 16 6 10 10 14 18 7 6 18 16 19 5 9 18 5 13 17 5 10 13 8 20 5 12 16 12 13 20 6 20 5 14 11 11 11 19 18 8 7 14 8 7 14 13 16 18 20 20 9 16 13 16 14 15 18 13 15 8 15 9 15 18 15 20 5 9 8 20 17 9 13 11 15 19 7 11 11 14 16 18 18 17 9 11 12 7 8 17 11 11 14 7 15 8 8 14 8 11 20 16 6 20 7 5 7 17 19 10 18 5 17 7 14 7 12 9
16 9 15 17 17 16 18 17 8 19 7 11 5 15 9 7 20 19 18 6 9 13 10 20 15 18 9 18 11 20 11 9 15 16 16 18 11 16 15 20 18 18 15 20 6 13 5 18 9 10 19 14 15 16 7 19 8 17 10 17 10 17 15 19 19 19 8 20 12 20 15 14 11 7 18 6 9 5 19 10 6 7 15 18 12 12 10 9 5 5 14 8 17 14 16 18 11 9 15 7 9 15 5 8 13 5 17 20 12 9 10 17 8 8 15 12 11 7 9 15 0 10 11 10 5 11 10 8 15 9 7 13 12 8 18 6 16 7 12 14 8 15 8 16 17 9 6 12 9 5 14 14 9 14 10 7 6 12 7 13 17 18 16 7 20 13 8 17 9 10 15 18 12 8 19 10 13 5 8 9 15 16 6 8 10 15 17 14 12 7 5 16 13 11 6 6 9 15 5 20 12 14 5 7 10 11 8 13 6 12 11 18 13 13 16 18 6 19 12 15 12 9 11 8 14 7 13 17 19 10 10 14 10 5 14 12 12 8 16 8 9 11 15 10 14 11 14 8 8 6 14 14 12 8 15 13 9 20 11 11 7 11 18 10 16 5 6 15 12 8 15 12 15 15 10 14 9 20 19 11 12 19 11 15 14 5 12 14 10 20 14 5 18 18 17 7 15 18 9 16 13 14 9 15 16 19 6 6 7 6 5 6 15 11 20 7 17 19 12 11 19 11 7 15 10 18 16 10 9 13 5 6 14 16 20 20 6 11 8 6 14 18 20 17 16 5 8 20 10 19 12 18 15 18 14 8 5 8 13 17 10 5 12 12 16 19 10 16 11 16 5 17 13 6 11 19 13 15 13 5 13 5 19 7 13 20 7 10 11 17 6 13 6 19 15 20 5 8 10 20
18 16 13 19 13 9 11 20 7 7 20 17 15 11 11 11 12 15 15 6 17 13 7 17 5 12 9 8 13 14 20 13 19 15 12 14 6 18 10 18 20 14 11 8 5 18 14 11 19 14 6 12 8 14 17 9 12 11 15 12 7 11 18 6 17 18 7 9 15 19 11 17 20 15 7 9 5 14 15 19 5 10 18 7 15 19 18 11 16 15 8 12 8 14 7 16 17 10 6 6 19 15 16 18 15 14 6 14 5 13 6 16 13 14 16 16 8 12 12 19 8 0 15 16 10 6 8 13 5 12 6 14 17 16 12 20 13 16 18 8 20 17 12 6 19 14 15 7 10 6 10 19 17 8 7 17 6 20 15 8 12 13 11 12 17 19 11 18 11 20 6 13 16 7 14 14 20 5 13 18 12 14 11 5 11 15 13 14 6 18 15 17 12 14 20 11 17 7 17 20 20 14 12 7 10 18 7 7 15 17 5 8 15 13 6 5 18 8 17 7 13 8 12 17 13 14 13 16 14 15 16 7 19 17 10 16 11 10 18 19 13 14 5 5 13 15 11 14 20 13 9 6 13 20 10 12 15 11 19 16 8 11 13 6 19 5 15 6 9 20 8 17 9 17 12 8 13 12 9 13 17 18 16 11 14 9 14 19 16 7 9 20 5 18 9 15 7 9 5 6 9 10 6 20 13 18 10 12 5 14 12 18 18 15 18 7 12 14 12 12 14 19 14 10 10 16 16 12 10 19 17 11 17 13 20 8 16 17 10 12 13 12 16 14 10 7 18 14 6 16 9 13 17 19 16 19 19 9 14 15 9 16 19 7 12 19 18 16 7 7 7 18 16 6 20 18 12 5 12 9 15 10 15 13 14 15 9 9 10 10 17 13 19 12 12 10 17 9 5 12
11 8 20 10 14 15 15 11 6 20 10 10 10 13 8 9 19 9 19 6 11 20 11 9 8 16 12 7 14 15 8 15 11 18 12 10 12 19 15 16 6 19 16 6 15 10 12 10 6 15 12 9 12 11 12 5 7 14 16 11 6 16 14 18 15 19 7 16 7 8 19 11 15 12 8 17 10 18 12 5 14 7 20 7 9 14 6 12 12 13 10 15 15 7 6 17 10 8 18 16 20 11 9 11 13 10 16 12 11 14 5 20 12 18 15 19 12 6 9 11 20 20 0 5 10 8 18 18 5 20 5 11 5 16 13 6 11 10 14 10 9 6 12 14 17 5 12 8 13 8 15 13 10 19 8 16 14 19 14 13 15 16 12 20 20 13 12 10 12 8 7 7 16 20 13 5 8 18 14 20 20 11 14 5 17 6 9 13 17 15 8 7 17 12 16 7 19 5 12 10 19 9 14 14 13 10 5 19 16 12 13 16 7 10 20 15 14 8 19 11 6 12 12 14 9 9 12 10 12 14 19 11 10 20 8 5 11 6 17 7 7 6 20 14 16 20 9 18 10 7 5 9 9 15 20 6 12 6 7 12 20 8 12 14 12 14 17 20 8 20 19 18 16 16 7 10 12 12 6 13 15 17 11 15 12 13 6 17 18 7 9 7 12 12 15 20 19 5 17 10 15 19 11 16 17 13 18 7 14 8 16 20 16 18 17 19 17 16 14 17 20 6 7 7 15 16 17 15 15 9 9 15 11 19 8 18 10 20 18 16 20 15 17 15 7 10 11 9 8 17 11 9 11 13 14 19 8 7 5 10 20 6 12 11 15 15 15 6 9 18 20 13 9 6 15 14 15 15 6 16 14 13 16 16 10 12 17 19 16 18 15 9 11 14 18 14 6 13 11 14
12 13 12 20 6 17 14 5 12 5 12 8 15 12 20 8 17 16 19 11 14 11 12 11 7 15 13 19 9 17 7 20 7 13 8 18 14 9 8 12 12 5 12 6 6 12 17 16 6 7 6 11 12 18 16 15 14 5 9 8 7 20 9 19 17 6 9 19 7 11 18 11 5 8 9 5 12 18 13 14 14 10 5 10 16 7 14 8 20 15 17 10 8 8 5 14 5 19 9 13 9 9 12 14 18 5 13 14 11 14 19 15 11 16 6 6 7 12 17 19 5 10 7 0 6 19 14 19 7 13 16 14 10 7 16 10 10 19 12 16 10 18 6 9 17 9 16 11 17 9 6 5 6 20 5 10 6 19 12 13 5 7 17 9 12 8 5 12 11 7 15 9 20 11 14 7 5 14 12 6 20 5 16 12 12 14 13 8 14 7 9 12 10 5 15 14 6 5 11 11 5 12 13 12 16 19 17 10 17 11 13 14 5 17 9 10 5 12 13 11 14 8 9 16 19 19 6 13 15 9 14 10 11 8 15 12 5 17 5 12 18 19 11 15 5 8 6 11 16 9 5 8 9 14 13 8 7 13 18 8 20 10 13 16 6 5 7 5 13 13 17 5 16 13 7 5 9 12 14 14 15 15 19 13 15 5 18 6 16 18 17 18 6 7 15 13 5 10 14 12 9 8 9 9 20 14 14 13 9 13 16 7 13 12 8 14 17 19 7 20 12 20 9 19 8 10 20 16 18 7 7 12 10 18 8 9 16 18 12 9 16 15 17 14 14 5 13 15 8 5 10 17 11 17 7 20 17 9 12 14 18 7 20 15 6 12 17 14 7 11 8 15 6 11 19 8 6 18 19 5 11 18 10 7 9 7 16 18 7 8 16 17 11 14 18 13 14 6 19 9
8 20 9 18 9 17 17 6 17 8 14 13 14 14 15 16 16 14 20 12 10 17 9 8 5 6 11 16 9 15 9 12 15 14 5 17 5 7 10 20 5 17 17 18 18 13 5 15 20 10 9 6 15 8 15 12 15 18 16 13 7 18 13 10 5 14 10 13 10 10 5 6 9 8 10 17 16 17 12 5 7 5 19 8 9 13 15 5 12 19 11 10 20 20 6 7 19 10 19 5 20 10 10 13 19 20 12 9 7 9 10 18 11 12 17 16 18 12 14 20 5 16 19 5 0 10 11 19 13 17 17 8 11 7 20 14 9 17 7 16 15 20 9 5 9 6 16 20 20 20 20 14 11 19 17 15 10 7 15 7 20 19 15 5 16 17 8 11 11 9 14 13 11 19 5 17 12 17 9 6 14 10 11 18 11 16 13 20 9 6 16 5 17 8 10 15 8 7 17 15 7 19 9 6 17 11 20 7 14 19 17 14 5 18 16 9 8 7 18 18 18 8 6 7 12 12 13 18 15 19 10 15 14 12 13 11 9 8 18 16 12 17 10 20 15 7 15 6 20 16 9 17 14 10 7 6 18 7 16 19 12 8 9 18 11 17 12 18 20 20 15 16 12 11 19 14 18 11 19 15 16 14 5 13 14 14 9 16 11 11 14 17 19 20 17 12 16 17 14 14 6 7 16 15 11 13 12 17 19 9 20 20 5 20 16 12 11 16 18 19 5 17 15 9 15 18 8 14 10 5 6 10 14 18 10 15 19 7 6 18 5 10 17 7 9 11 7 16 16 6 6 16 9 14 6 12 7 19 8 13 11 14 7 6 14 11 9 6 6 9 12 6 7 20 7 11 8 7 20 18 15 5 7 15 6 7 20 14 20 18 12 6 8 8 12 15 8 8 16 18
9 20 6 9 9 12 16 14 11 18 12 9 14 11 7 11 20 19 13 19 18 10 11 19 18 13 8 19 14 10 18 17 13 18 9 15 12 6 7 19 9 18 14 17 19 8 14 19 6 18 16 9 20 20 15 13 19 17 20 5 9 11 13 20 11 18 5 16 18 14 7 17 19 16 18 18 19 13 6 9 9 5 12 14 19 8 15 11 12 14 20 8 8 17 9 15 5 18 15 10 12 18 8 7 5 14 9 9 9 10 12 13 10 6 19 19 18 5 18 20 10 9 7 20 11 0 10 5 14 17 16 10 8 15 6 5 6 17 13 7 13 9 9 6 13 5 11 8 5 19 8 18 9 11 6 9 11 13 19 12 9 9 5 19 13 17 16 10 11 18 12 16 10 7 6 6 13 11 5 20 13 17 11 8 5 18 12 7 14 18 13 20 11 15 7 6 14 12 8 10 10 8 10 8 12 19 9 17 15 7 7 18 13 11 5 9 6 15 14 8 7 13 11 5 11 5 13 16 13 8 15 15 19 12 11 16 16 15 5 8 12 14 14 6 16 11 12 7 9 19 8 19 8 10 15 11 20 19 20 15 5 11 15 8 13 8 5 15 6 11 18 5 15 16 17 18 5 13 7 17 10 13 15 5 13 18 6 20 5 20 14 11 18 18 20 18 10 14 10 12 17 11 9 7 18 8 20 7 6 9 7 19 7 7 16 8 20 6 8 7 19 6 14 6 10 19 11 17 13 20 7 12 17 20 10 8 10 11 16 7 17 7 20 19 19 5 18 13 15 15 16 15 10 18 6 8 11 6 13 18 20 12 15 7 11 17 20 20 14 17 8 5 19 10 13 17 7 16 12 5 18 17 16 9 6 15 7 6 5 7 12 12 12 16 17 11 11 13 11 14
5 7 18 13 20 19 19 19 8 7 11 8 8 9 13 7 11 19 15 14 13 11 16 14 10 18 16 10 8 13 19 6 20 18 7 17 5 13 17 11 15 15 10 10 20 19 10 16 19 13 12 19 17 5 5 19 12 5 6 10 20 13 11 11 17 6 7 8 10 9 20 6 17 7 18 14 10 17 7 10 14 18 6 19 11 19 7 7 7 9 17 9 15 18 9 6 20 15 6 19 11 5 18 20 15 5 12 7 9 13 6 13 18 11 11 6 7 7 20 14 8 20 8 16 14 9 0 11 13 13 5 18 20 6 17 5 5 16 12 5 8 9 19 6 10 14 16 20 19 10 17 5 15 5 6 19 14 17 6 8 11 20 13 16 6 18 17 9 10 8 14 14 7 8 12 18 10 20 8 11 6 11 9 19 9 17 10 11 6 6 10 15 18 20 12 10 6 11 18 14 12 13 12 5 10 8 11 17 18 19 6 17 12 17 9 8 19 17 19 13 10 8 12 7 13 19 8 12 5 19 7 14 17 14 9 9 10 6 20 17 15 6 9 12 5 8 7 11 11 16 20 14 9 6 9 10 14 7 8 18 17 17 19 9 11 11 9 14 17 16 6 19 8 9 10 5 5 11 11 13 18 8 20 16 17 15 8 9 6 8 19 7 12 7 19 16 8 6 12 18 13 12 7 8 10 9 13 11 6 10 5 13 6 9 8 14 10 9 8 13 5 9 15 15 20 8 9 19 11 18 7 16 12 15 8 14 10 20 10 10 9 12 18 5 7 13 11 6 6 11 19 7 10 11 10 9 5 13 7 15 13 5 12 5 14 8 16 19 14 16 18 19 15 15 11 19 13 17 7 16 17 7 13 19 17 10 15 15 20 14 7 10 5 11 18 12 5 11 17 18
14 18 19 9 18 8 17 19 7 8 9 7 6 16 18 7 10 19 17 10 19 12 12 10 9 5 15 18 11 15 7 16 18 13 7 8 9 20 17 17 14 18 17 5 6 14 17 11 17 13 18 17 12 18 17 5 9 17 12 11 13 11 8 13 16 14 5 20 20 17 17 17 11 9 19 8 19 10 11 11 10 12 17 10 6 20 17 8 12 16 5 6 18 12 16 7 14 8 15 7 12 13 16 7 17 16 18 20 9 13 19 16 18 20 11 20 19 19 16 12 6 11 5 20 8 15 17 0 14 8 12 7 18 12 19 10 13 10 20 19 11 10 18 6 7 16 19 17 11 6 6 14 13 11 10 14 16 7 12 20 20 14 8 10 6 11 9 19 10 7 9 5 15 15 5 12 17 17 10 8 16 13 11 10 7 10 17 18 18 16 6 8 13 13 15 20 20 18 17 7 20 18 17 14 10 15 9 14 5 9 5 16 13 9 15 7 8 7 5 9 13 7 6 16 18 18 11 12 18 8 7 19 13 5 15 8 20 7 13 18 11 7 18 11 9 12 15 17 6 13 14 20 13 8 6 18 6 16 7 20 11 15 10 15 19 11 12 7 9 19 10 17 5 19 17 14 12 8 15 7 18 6 13 11 11 8 14 5 19 12 9 18 18 13 16 16 9 10 8 8 9 20 20 12 12 5 18 18 17 15 9 18 11 16 12 10 8 11 6 19 14 12 8 14 12 12 14 5 12 17 20 10 13 19 14 6 5 13 20 6 11 18 5 10 17 6 10 8 19 20 11 5 13 17 13 7 13 18 6 10 15 6 9 7 10 5 18 16 19 12 8 19 17 6 15 19 13 13 10 6 7 13 13 6 12 7 19 6 5 17 7 12 11 14 14 14 6 14 9 11
10 9 11 18 14 16 12 17 15 13 7 18 19 13 19 14 8 14 5 10 12 15 13 10 12 18 16 12 8 18 8 16 7 9 10 18 9 6 18 6 12 10 17 20 14 9 20 6 6 17 19 8 17 20 16 14 12 5 19 9 9 20 5 6 13 7 16 15 16 20 14 16 12 9 16 7 18 8 15 7 15 13 13 13 17 14 11 6 16 18 11 10 7 9 20 8 10 5 9 6 18 7 18 19 6 15 12 9 6 14 15 12 17 20 11 15 12 5 19 6 16 5 9 7 13 14 16 6 0 14 14 12 10 12 7 16 14 5 9 19 19 11 9 13 17 17 17 7 20 13 15 13 10 16 18 17 8 13 5 18 15 17 11 17 7 16 6 6 12 19 10 18 9 18 12 15 5 19 12 17 8 8 8 12 18 7 11 15 12 8 15 16 11 14 14 20 13 5 10 19 20 9 12 10 9 16 17 13 10 10 17 5 13 6 17 13 17 15 12 15 14 5 8 19 13 10 7 18 12 16 10 20 7 20 7 11 13 12 15 15 6 15 17 19 11 10 19 14 14 16 13 19 20 16 5 17 5 14 17 12 9 14 6 6 16 20 12 16 5 13 13 16 18 9 14 20 14 10 14 13 13 5 20 6 9 11 19 16 7 13 16 8 13 7 10 6 15 13 11 19 9 7 17 18 19 12 19 8 15 9 5 14 20 9 20 10 5 16 13 6 5 14 15 14 12 16 19 9 15 15 13 16 8 14 18 9 12 15 13 14 15 15 7 20 7 17 7 6 11 14 8 7 7 8 9 20 8 12 6 6 8 19 6 20 15 16 7 16 19 6 19 17 9 16 8 15 18 19 10 18 11 6 17 7 11 12 14 7 12 5 9 18 9 16 15 11 6 14 5 17
8 5 19 9 13 6 8 14 20 6 16 7 9 8 9 9 15 7 16 5 18 8 5 19 12 20 11 19 8 12 11 5 15 15 17 14 5 9 5 18 5 10 16 13 8 16 18 19 11 6 19 13 15 8 16 10 5 6 9 14 6 20 14 14 9 10 15 7 8 15 15 19 18 10 9 12 10 5 19 15 18 14 14 11 16 20 9 17 7 16 18 14 10 19 7 14 14 19 15 8 8 7 10 10 6 10 10 13 5 8 16 17 17 8 14 10 5 14 8 14 8 20 20 16 10 20 16 10 15 0 6 7 9 8 17 6 13 10 7 7 5 12 6 7 12 8 14 13 6 5 7 13 20 12 6 5 17 16 14 8 9 6 10 19 14 10 14 16 10 14 12 19 17 11 5 15 10 7 8 8 19 12 16 20 5 6 13 10 14 8 17 11 20 19 13 19 5 5 12 18 17 20 9 12 11 14 8 20 8 7 6 11 5 8 8 8 16 11 5 15 15 13 9 12 11 19 7 16 9 20 17 9 17 20 8 6 17 16 7 18 8 8 19 8 10 14 14 8 20 15 18 6 13 6 17 15 13 7 6 7 7 8 15 18 9 9 7 6 6 17 18 5 18 16 20 13 7 7 12 9 11 16 6 9 10 18 9 16 17 13 7 9 15 17 17 17 10 19 18 19 19 7 14 8 5 9 20 12 20 12 20 20 8 11 13 19 7 6 14 20 6 17 9 11 16 10 16 6 9 17 13 17 12 9 18 14 19 5 9 18 11 15 6 17 7 19 20 8 9 9 8 12 10 14 11 6 15 7 5 5 6 13 6 6 19 6 18 10 10 8 19 13 15 7 19 18 15 14 19 15 15 12 8 13 9 20 7 18 5 13 8 19 10 15 18 8 17 14 10 16
5 8 19 7 8 7 20 9 17 15 13 13 13 12 18 10 7 5 6 19 13 6 18 9 5 9 17 5 14 11 19 17 17 13 17 13 11 5 11 6 7 17 16 10 18 13 13 20 16 11 18 7 6 10 20 13 12 9 7 6 10 14 17 5 19 20 8 18 17 20 15 18 10 15 8 13 6 12 10 5 18 11 20 8 5 19 5 8 20 6 6 13 9 11 8 8 7 15 13 9 6 16 6 15 5 14 15 13 10 13 17 7 19 19 11 9 7 12 15 5 18 13 15 13 11 8 15 8 18 5 0 13 19 6 18 14 15 13 6 19 20 17 8 19 13 11 16 5 7 11 14 8 15 20 18 20 15 12 18 10 7 18 9 16 16 15 19 8 8 11 20 11 7 20 13 16 5 18 6 18 19 16 7 19 9 17 9 9 6 10 19 6 9 6 9 5 18 16 5 17 5 9 6 8 13 17 15 15 8 17 19 16 20 17 9 10 20 5 16 12 13 11 6 15 10 16 5 9 17 18 17 15 12 7 13 10 14 12 8 17 7 14 16 14 6 8 11 11 18 16 8 9 19 5 6 9 13 9 15 6 10 19 5 12 5 7 5 10 12 10 5 12 10 18 13 11 14 17 10 16 10 15 8 20 14 13 14 19 10 13 11 20 14 14 19 11 8 17 17 19 17 15 7 11 9 14 19 8 5 18 16 6 18 11 13 11 7 13 18 17 11 6 11 17 20 16 18 19 16 12 11 14 10 8 5 9 5 9 14 7 6 5 5 8 17 7 18 6 13 12 6 19 16 19 15 16 10 5 6 7 19 6 20 6 11 15 10 5 10 17 12 19 15 5 7 10 14 15 14 16 11 15 8 10 10 19 20 9 19 16 10 19 12 10 16 13 7 8 13 15
9 6 11 8 16 19 10 18 6 19 5 15 5 8 12 10 20 8 5 11 15 20 16 16 11 10 5 16 20 20 16 9 15 5 14 12 6 14 19 6 15 12 9 6 12 17 14 10 17 11 11 6 8 13 19 8 5 7 6 14 7 6 17 18 20 15 12 6 14 16 15 6 18 14 17 5 6 16 17 15 13 6 16 17 7 6 16 19 12 14 18 7 11 11 12 6 15 10 13 15 10 8 8 8 19 20 20 17 16 11 5 9 12 17 10 13 15 15 19 17 6 7 11 5 9 5 15 19 9 14 10 0 20 19 9 6 18 13 17 15 17 8 7 15 20 6 18 20 11 17 17 14 12 16 6 16 16 9 11 20 20 15 19 9 12 19 17 7 12 12 6 19 18 10 10 17 15 6 14 16 11 17 19 17 17 19 14 11 12 15 14 10 11 7 14 10 20 19 15 11 14 7 20 16 9 17 8 5 9 17 19 19 14 19 6 17 16 10 19 7 14 6 17 9 13 6 10 10 18 13 12 5 18 20 14 19 20 6 8 15 15 19 16 17 5 20 12 15 13 14 16 8 20 6 13 11 14 10 19 19 8 9 14 14 7 16 13 19 13 19 10 20 13 6 13 19 12 5 19 15 18 10 7 17 18 11 7 13 20 11 5 10 10 15 17 11 18 6 11 8 5 9 19 10 12 6 5 5 16 10 13 16 12 5 6 8 13 11 20 5 11 6 12 12 20 12 16 6 17 8 14 11 16 9 15 18 19 14 18 15 12 5 7 11 17 8 15 17 9 11 16 10 8 13 9 9 18 16 5 8 5 7 7 8 17 9 8 16 18 10 20 16 9 11 9 14 9 14 19 10 18 11 11 16 11 20 7 17 11 15 6 14 8 6 16 10 13 5 10 9
5 14 5 13 19 12 15 5 13 14 14 9 12 5 19 11 9 15 9 18 5 8 19 14 17 16 5 10 8 18 11 11 8 16 7 16 20 10 8 16 5 18 5 5 5 15 16 12 16 20 14 19 8 6 13 10 8 8 10 10 11 18 13 8 5 20 19 7 12 20 11 11 18 5 5 20 19 11 13 7 8 5 20 12 19 20 9 12 20 6 20 13 20 20 15 19 17 17 18 15 20 8 7 16 8 16 12 15 6 8 13 13 7 8 14 13 18 14 6 14 13 12 9 17 12 16 9 20 10 20 11 10 0 8 11 12 18 6 7 15 9 15 11 8 10 20 13 9 9 10 11 20 8 12 11 9 18 20 20 13 17 5 8 15 7 12 6 9 10 17 5 7 6 18 10 16 14 6 18 12 18 6 19 15 14 10 9 20 14 10 17 9 20 13 15 16 12 14 10 11 12 17 8 8 10 8 5 17 9 19 15 12 18 5 20 14 17 18 6 8 11 7 15 14 11 15 10 13 7 8 19 5 15 11 13 6 12 16 16 9 16 18 9 8 6 13 15 11 14 6 18 11 10 8 9 20 20 19 8 9 5 11 19 14 18 8 17 12 13 10 10 14 12 11 18 11 18 17 20 6 6 14 20 10 6 17 6 8 18 13 20 13 5 15 13 10 10 13 7 11 18 6 18 15 9 20 16 9 6 12 6 6 20 14 15 20 9 18 13 11 10 13 5 9 6 12 8 15 8 16 14 8 16 8 19 9 5 10 17 19 8 7 7 19 5 5 9 7 20 13 20 17 10 13 17 16 16 7 12 19 11 16 15 12 7 11 14 14 6 8 7 8 8 14 5 12 12 18 8 7 13 15 7 9 17 12 11 9 10 6 9 14 5 14 5 18 17 17 17 10
17 19 18 15 19 11 14 19 12 17 5 10 20 20 14 14 17 19 19 18 17 14 11 6 18 13 16 17 14 20 9 10 5 12 13 8 8 14 13 17 5 17 11 19 17 7 6 13 12 7 9 9 19 11 7 12 11 5 20 15 5 14 5 16 13 19 6 18 6 18 16 17 8 14 8 19 11 14 20 6 19 14 13 7 6 7 13 5 6 6 10 18 16 9 18 12 19 19 12 10 5 5 20 15 16 17 10 13 15 14 5 9 7 9 19 11 7 12 11 20 11 19 9 11 15 5 20 8 9 5 6 16 5 0 10 16 10 16 7 13 18 5 9 7 6 8 10 7 10 7 9 11 18 14 11 15 17 8 15 14 15 13 16 16 15 6 19 17 15 15 9 20 20 6 20 12 9 14 9 7 8 17 15 17 9 16 7 15 10 8 8 8 7 11 5 5 10 9 17 10 19 19 17 16 19 16 19 10 13 17 10 19 15 5 15 9 17 12 20 16 14 13 10 7 13 18 7 20 6 16 7 15 19 16 6 20 15 10 19 9 10 17 13 6 6 12 17 20 15 17 10 5 14 10 13 18 19 5 8 8 14 6 5 8 20 7 20 9 19 14 7 15 7 8 13 18 5 11 7 14 6 12 16 9 20 6 13 8 10 12 16 8 5 13 20 12 6 5 8 20 17 13 10 17 18 17 10 18 7 17 12 9 20 6 15 15 15 15 19 7 16 14 18 9 16 8 20 9 14 6 18 6 15 14 11 7 6 19 14 9 11 6 18 7 5 17 13 10 5 14 15 15 11 14 17 9 15 12 12 12 12 18 10 16 18 18 13 5 6 7 7 19 19 13 17 8 20 12 7 14 12 13 6 17 13 13 16 7 10 11 16 8 13 11 10 18 14 16 10 16
9 12 7 18 20 11 14 18 5 10 6 12 11 16 10 7 8 15 7 13 6 15 16 6 6 18 13 11 7 13 15 14 6 13 17 20 16 11 14 15 20 20 8 18 11 5 5 10 18 14 15 7 5 16 9 20 20 17 10 20 16 16 8 16 18 9 10 8 10 10 11 9 20 14 9 6 14 16 13 10 13 7 15 7 12 9 14 20 20 13 18 10 19 6 8 10 20 17 7 15 9 9 12 10 17 18 19 20 10 5 19 14 13 6 10 11 10 14 8 20 15 5 14 14 5 16 8 9 14 5 20 17 9 11 0 5 8 17 15 19 9 20 7 19 20 14 8 18 5 11 12 20 6 17 8 5 17 12 6 9 18 11 16 17 15 18 7 11 13 7 13 19 15 6 19 9 12 12 13 5 7 15 10 19 9 8 5 15 10 20 20 8 8 5 10 9 19 12 11 9 8 20 14 8 19 20 5 18 7 16 11 13 20 5 5 19 15 5 9 15 6 12 9 14 11 14 7 5 18 18 15 20 19 20 6 16 17 10 5 9 18 9 12 18 15 14 8 18 8 18 6 8 18 20 8 12 15 18 10 17 17 6 17 7 14 19 14 19 7 5 9 20 15 15 9 9 8 6 12 12 14 18 11 9 6 12 7 13 6 17 6 7 11 19 5 7 16 17 8 15 6 13 12 12 17 16 10 5 19 11 19 7 16 7 10 7 9 14 18 10 10 15 10 11 14 20 18 5 14 18 17 6 16 17 11 6 7 7 16 19 9 6 19 5 17 17 10 19 7 19 14 16 18 14 16 11 6 15 11 8 15 12 17 20 17 19 7 8 18 15 16 14 16 7 10 9 11 9 17 11 5 18 11 15 6 16 11 17 20 15 15 5 18 12 5 12 17 17 12 14
9 20 15 5 9 5 20 20 17 11 12 16 5 14 18 15 13 9 16 19 20 18 19 5 5 5 10 16 5 8 19 10 9 5 11 5 7 16 10 9 15 14 20 17 19 14 5 8 16 5 10 10 20 9 11 13 16 11 11 8 20 13 16 9 16 19 9 11 6 19 14 13 8 10 15 19 6 7 11 14 7 14 15 20 15 16 13 10 6 13 5 17 5 6 20 20 6 5 6 10 20 16 5 5 11 6 6 7 8 18 13 9 7 15 10 19 12 6 12 12 9 20 12 9 5 10 10 17 14 9 17 8 20 19 5 0 9 5 20 19 12 20 19 7 16 13 8 20 14 17 6 12 18 13 10 19 16 13 8 16 6 9 6 20 19 12 18 6 10 9 13 9 18 11 17 15 13 13 16 8 11 14 20 12 5 16 18 11 20 10 16 5 8 17 8 11 11 6 14 9 5 10 18 11 5 18 6 15 7 12 17 10 5 9 19 17 6 6 6 12 8 6 13 14 12 9 15 8 5 10 11 10 10 10 16 5 5 5 12 8 9 8 7 20 7 19 11 20 5 6 10 15 6 18 13 9 17 9 14 19 14 15 5 14 19 15 7 17 15 15 20 15 5 5 7 8 16 7 13 7 11 18 20 11 14 19 5 13 11 20 19 19 14 12 7 7 6 12 13 12 8 20 5 11 15 20 16 8 5 10 16 19 7 11 9 14 13 18 13 12 20 9 10 10 10 7 8 10 16 19 10 8 6 6 15 6 7 10 16 9 12 17 13 13 6 19 18 10 9 20 7 10 17 17 18 6 14 20 16 10 18 9 7 13 17 12 7 15 16 20 7 19 11 16 12 13 14 8 12 14 11 6 18 17 11 13 5 11 12 19 5 18 10 20 17 13 5 5 19 10
13 6 13 18 5 13 9 7 20 18 18 5 7 6 8 5 17 15 9 19 10 8 19 6 20 16 19 10 6 16 13 15 15 11 17 18 9 14 20 6 5 15 16 20 18 8 15 5 6 17 17 20 19 7 6 5 13 19 8 14 9 5 11 13 17 10 10 17 18 20 13 14 9 6 16 6 8 11 20 17 15 8 9 14 9 16 6 6 19 11 12 14 14 15 9 7 16 7 17 12 13 7 18 11 15 8 7 8 17 12 15 13 18 16 5 20 8 9 12 16 20 13 17 6 13 18 7 9 15 10 19 9 10 11 13 9 0 19 18 16 17 16 6 10 6 18 13 20 13 19 7 15 8 12 20 8 6 8 9 19 12 13 7 5 11 7 7 5 19 19 14 7 15 12 12 8 18 12 12 7 11 7 16 20 17 15 10 13 11 17 16 10 5 16 13 19 8 12 13 18 10 20 17 16 11 12 19 6 7 20 7 20 16 11 8 13 7 16 5 9 7 20 18 12 9 13 7 9 8 13 5 8 15 16 16 10 5 15 12 15 12 16 11 5 14 19 20 12 20 11 18 19 20 20 18 5 17 15 9 7 12 20 7 14 15 12 11 17 19 6 14 15 6 10 12 20 16 13 7 15 15 18 18 10 20 18 7 19 17 15 11 10 8 14 15 20 14 8 10 14 15 10 8 15 7 11 18 7 16 10 20 18 17 18 8 7 5 11 14 5 11 19 14 8 20 15 9 6 12 16 18 10 7 16 6 9 15 15 6 11 20 20 15 18 10 6 17 13 14 12 15 14 9 9 18 17 19 13 20 14 5 14 18 11 20 6 15 11 17 18 9 10 13 9 18 12 12 8 8 5 18 10 6 7 17 19 20 8 13 16 20 6 19 18 16 8 5 20 20 16
9 18 8 11 16 12 17 11 11 20 15 12 13 12 6 7 20 11 17 18 19 13 13 9 9 15 14 17 10 5 10 14 13 20 20 10 10 7 19 12 6 14 11 14 18 16 13 8 13 6 18 14 6 12 14 14 18 11 7 14 12 10 19 17 11 13 7 7 17 10 19 18 12 11 10 14 16 5 8 12 19 16 10 5 7 19 8 13 5 17 15 15 14 13 18 6 7 17 8 6 19 14 5 17 17 20 5 6 5 14 6 9 16 13 19 11 20 11 13 7 8 9 17 6 7 15 5 14 9 9 15 14 10 17 10 11 15 0 10 5 8 16 6 11 8 14 19 14 11 16 7 8 12 18 17 20 15 15 14 14 6 6 18 9 10 17 7 19 9 15 19 15 14 10 13 11 20 18 8 19 9 15 20 15 14 5 13 7 18 14 14 12 18 7 8 15 9 13 13 11 14 14 10 7 12 11 16 5 20 19 20 8 20 5 15 16 18 7 12 14 20 18 8 12 14 13 11 12 5 6 18 20 17 20 15 17 18 11 10 17 19 7 9 6 14 10 6 7 12 5 17 16 5 16 17 11 11 17 10 7 11 13 19 15 16 18 16 14 19 19 15 19 9 9 10 16 7 6 16 5 7 11 6 10 15 16 5 12 17 13 13 11 15 8 7 9 5 7 9 16 20 19 6 9 12 15 17 20 6 20 7 20 11 7 14 6 11 10 11 18 8 19 14 11 11 11 18 6 14 11 11 16 10 10 19 13 11 10 18 17 13 16 17 5 9 14 20 7 18 13 17 19 18 13 11 7 19 13 15 12 15 20 12 13 13 19 18 18 19 14 11 17 10 7 18 8 13 7 11 20 14 5 10 9 12 12 14 18 14 17 7 6 6 6 14 10 12 12 6 8
12 18 16 9 11 16 10 16 8 17 12 19 8 5 11 10 6 16 9 6 9 5 7 14 11 11 9 20 5 18 13 13 8 15 9 8 13 7 16 12 5 5 17 20 20 17 14 12 15 14 15 5 17 10 12 15 8 5 15 17 19 5 12 13 15 8 6 18 14 9 17 11 15 9 13 11 19 10 16 15 7 10 9 7 17 12 5 7 20 17 5 12 10 13 17 7 17 6 19 17 6 17 5 8 18 11 18 12 7 12 15 19 19 18 9 8 7 6 6 16 19 15 7 5 5 12 19 5 9 14 12 9 20 6 16 10 13 7 0 7 11 12 14 16 17 12 19 20 17 18 6 11 13 12 17 18 7 20 10 14 18 11 20 5 13 6 18 5 15 7 17 19 10 11 18 7 11 14 15 18 8 15 11 13 8 9 20 5 5 17 12 17 7 18 7 19 19 7 5 8 19 13 9 6 16 20 14 11 10 20 10 14 13 18 18 15 10 6 15 20 7 17 12 5 8 10 20 17 7 17 17 9 9 11 6 11 16 8 9 9 14 5 20 16 12 16 6 8 19 15 14 6 6 15 10 9 19 15 16 8 20 18 19 8 17 14 11 19 8 5 11 10 17 15 12 19 17 13 7 19 11 20 20 16 13 12 19 9 17 5 20 5 20 19 10 17 10 19 15 20 15 12 8 9 7 7 9 12 17 14 15 11 17 11 11 15 20 16 14 17 15 5 7 9 16 7 6 8 17 13 10 5 20 18 8 18 6 17 19 16 7 14 6 10 14 6 13 15 11 17 5 19 20 20 7 8 19 7 10 7 5 18 18 15 13 14 7 12 12 9 10 6 9 5 10 13 20 7 9 10 13 15 10 6 5 15 12 18 17 16 12 18 16 17 18 5 6 19 19 19
19 20 9 19 8 5 16 16 7 8 18 12 12 13 19 14 8 5 19 14 5 13 17 12 16 19 5 15 14 11 11 8 6 20 18 15 14 5 13 10 5 14 6 10 10 17 16 18 18 16 6 5 7 14 14 15 12 10 7 17 5 10 18 18 12 5 14 12 5 6 19 13 8 20 6 12 5 20 15 12 18 12 7 6 19 14 18 12 17 5 16 15 20 14 7 18 9 9 13 6 8 5 14 20 8 12 7 6 11 17 11 9 18 17 10 8 18 7 12 6 17 17 12 16 12 15 18 11 11 10 17 8 20 16 18 8 9 16 7 0 10 13 20 18 9 10 10 18 19 15 15 20 17 9 8 17 17 8 6 5 6 6 13 14 16 13 16 12 11 7 17 8 12 9 7 8 12 19 13 20 16 17 14 9 17 5 17 11 8 7 5 5 13 16 9 8 8 20 14 14 20 6 15 8 16 20 7 14 7 7 15 7 5 10 17 8 13 17 14 15 7 10 11 10 15 14 11 14 6 20 19 11 18 16 16 5 12 20 14 17 19 5 20 5 5 19 11 15 5 9 17 8 14 17 5 12 9 5 15 17 10 18 14 9 16 15 20 19 14 20 11 13 19 14 17 16 20 5 8 5 10 19 11 11 14 14 15 16 19 15 8 10 20 17 5 17 6 18 19 7 10 19 15 9 10 10 5 12 6 11 17 13 11 6 7 13 6 17 8 7 14 7 14 16 7 14 20 14 6 14 17 16 10 15 8 10 12 20 14 10 6 6 12 8 5 6 15 16 9 18 12 9 16 19 18 13 13 10 11 13 7 17 7 16 20 5 17 12 15 13 12 9 13 7 19 11 13 8 5 13 14 14 18 7 18 20 8 8 14 9 20 11 11 12 7 15 18 12 18 10
17 16 11 10 9 6 5 6 7 13 7 10 9 12 16 13 5 6 20 20 18 13 6 8 12 14 5 14 11 14 9 12 16 13 19 16 16 7 18 9 11 8 10 6 15 8 11 18 14 18 19 14 19 10 17 19 10 19 8 9 16 7 18 6 18 17 15 16 6 13 16 16 15 5 18 16 11 8 16 12 16 10 11 20 9 16 11 20 5 9 9 6 8 13 19 7 6 16 15 16 17 11 20 16 8 17 19 7 10 14 15 14 14 9 13 13 8 9 17 17 20 6 15 5 7 9 17 9 20 15 5 19 11 9 7 8 5 8 5 15 0 12 11 16 18 18 18 16 8 20 9 13 17 18 13 15 7 19 20 8 11 6 12 15 16 5 6 18 7 17 20 16 16 13 15 19 13 16 16 9 10 6 14 9 16 11 17 14 10 12 20 9 13 13 12 20 16 7 16 11 11 13 14 8 17 11 6 13 19 19 19 14 20 9 7 11 19 11 5 20 11 15 5 10 5 7 13 13 11 14 16 10 9 10 5 9 16 9 15 9 7 6 9 15 5 17 6 12 16 10 7 11 10 16 5 8 13 15 8 7 14 16 10 16 19 13 5 10 7 5 19 14 19 9 9 7 17 13 9 9 17 6 9 8 14 6 13 7 10 8 11 18 16 11 17 14 14 20 16 9 15 8 6 15 14 13 10 18 6 15 7 20 18 14 11 15 5 11 15 17 5 8 19 8 13 12 15 7 6 16 6 7 12 5 6 12 9 6 15 11 9 18 15 14 17 18 18 7 16 6 6 13 15 16 10 14 18 5 13 18 10 7 17 20 19 8 18 18 18 8 14 12 14 10 9 19 5 8 18 20 16 12 5 12 20 8 19 5 11 12 9 12 5 11 12 15 20 19 8 13
17 18 11 17 18 17 19 7 10 17 17 11 18 8 20 19 11 12 13 20 11 5 8 13 18 14 16 5 10 20 14 6 18 15 7 17 15 14 7 13 14 17 18 10 13 8 7 17 14 17 5 9 13 10 15 9 6 13 5 6 15 20 9 11 12 9 9 8 5 6 14 12 20 12 8 17 10 10 18 11 9 20 17 14 8 8 15 14 14 17 5 12 15 13 5 15 19 11 20 15 15 7 17 17 8 10 20 19 19 11 12 15 20 10 7 7 17 5 6 9 17 11 10 18 16 8 12 20 16 11 8 8 6 7 8 9 9 17 6 20 12 0 12 19 18 11 11 14 18 15 10 12 10 14 14 10 7 9 14 12 17 9 8 6 12 18 5 12 9 17 11 16 18 9 12 7 17 5 14 10 14 16 9 19 16 9 5 18 7 14 17 19 15 11 17 17 7 9 20 16 6 11 11 10 12 11 20 13 7 11 20 14 17 20 7 16 12 13 10 9 18 10 16 16 7 16 6 12 8 19 18 20 6 12 11 12 5 13 10 19 15 11 13 15 16 11 15 5 16 11 8 8 15 15 10 18 15 20 7 7 10 19 15 8 12 8 14 17 8 5 13 15 20 14 20 14 12 17 8 11 18 10 16 9 20 13 11 18 14 15 12 15 16 12 17 20 7 15 14 7 9 5 10 17 9 6 6 19 12 9 13 10 6 10 17 15 7 20 20 8 5 15 17 18 6 13 15 7 10 19 9 15 18 9 18 17 19 16 8 7 10 10 18 14 14 11 13 20 10 14 18 14 6 5 18 11 7 14 5 5 14 8 14 8 14 12 13 8 14 8 18 8 14 14 11 12 8 11 19 15 20 20 15 9 6 9 6 16 10 12 6 19 7 14 11 19 14 9 20 9
7 12 11 12 19 16 20 15 13 8 18 17 8 19 20 9 11 20 19 14 17 5 5 12 7 13 13 19 16 6 16 19 9 9 19 18 7 6 17 19 8 12 11 20 7 7 19 16 16 6 15 14 8 7 6 5 11 6 10 15 5 7 13 7 5 9 16 19 19 7 14 10 19 10 13 5 17 12 12 10 17 8 5 18 15 5 20 8 15 12 10 10 20 17 5 6 14 9 5 13 7 18 7 10 11 18 13 11 15 14 13 15 18 9 6 16 20 17 16 8 8 20 9 8 6 18 19 19 10 5 18 12 9 9 16 8 11 11 7 20 13 19 0 6 8 15 18 8 11 18 9 12 19 7 18 13 11 19 9 18 18 20 11 12 19 15 7 14 13 5 5 14 8 8 5 18 18 13 14 9 9 13 10 14 12 19 18 19 11 10 10 14 13 16 8 18 18 16 19 20 7 10 19 17 10 12 8 7 13 7 12 15 13 18 17 13 19 10 14 8 7 9 17 5 5 6 14 18 18 11 13 9 12 8 5 17 20 18 8 14 18 18 6 8 15 16 12 19 12 6 7 8 6 19 19 14 14 7 6 19 20 18 20 19 17 10 9 19 8 10 10 9 7 9 19 18 8 14 5 13 8 9 7 10 10 19 8 17 15 17 5 8 5 12 9 6 12 16 14 9 16 11 17 14 20 11 10 15 9 16 17 7 15 19 6 6 15 10 8 18 6 18 5 10 19 7 17 6 7 20 19 5 20 8 10 14 8 8 9 5 17 7 5 19 19 7 16 13 10 5 12 9 12 13 10 8 12 17 11 13 12 16 14 9 9 12 17 14 16 17 8 16 12 6 16 11 5 16 16 12 14 5 18 10 12 8 6 13 5 20 16 13 9 7 13 16 8 20 12 16
10 17 18 17 15 15 16 18 18 10 5 19 7 13 13 17 14 19 19 5 13 8 13 9 10 19 9 20 15 12 12 9 5 16 7 7 20 14 13 10 13 18 14 18 17 11 19 18 15 10 5 8 15 6 6 8 7 19 8 13 12 18 9 5 20 9 18 20 14 14 11 6 12 19 12 15 10 6 18 12 6 5 5 8 19 12 11 17 7 10 16 14 12 10 14 14 9 18 16 6 20 14 20 11 15 9 10 12 5 16 10 18 17 5 17 13 6 8 15 12 17 16 18 7 5 14 18 15 10 14 15 16 20 7 20 17 17 8 9 18 11 14 7 0 10 9 16 13 8 7 6 8 8 16 19 14 9 17 16 6 9 13 18 11 18 16 19 10 19 8 14 5 8 9 6 9 5 13 7 20 19 13 15 11 6 7 16 8 6 9 16 17 14 8 12 11 19 9 9 20 17 8 10 10 5 9 8 12 14 6 13 7 8 7 12 11 9 15 15 6 9 15 18 20 18 14 19 8 8 19 13 7 9 16 8 7 12 18 12 14 5 19 17 6 19 20 8 16 16 6 6 11 11 16 17 12 15 8 6 15 16 10 6 20 17 19 10 14 12 16 17 17 15 20 8 5 17 7 20 15 12 16 20 5 18 9 6 18 11 10 5 11 19 9 11 17 19 9 20 7 16 6 6 9 7 14 17 7 6 6 11 12 6 7 18 8 17 17 20 13 12 5 6 20 9 7 15 5 20 11 6 16 12 14 10 8 9 15 14 6 18 6 20 8 8 15 15 8 13 12 13 16 14 19 18 10 18 16 18 9 9 5 7 17 20 16 20 14 13 14 20 8 17 20 5 11 16 18 5 5 8 18 10 15 12 20 10 15 6 17 5 13 5 13 15 5 18 8 5 10
17 13 5 9 6 7 13 12 13 18 20 5 19 15 18 5 14 5 5 14 17 15 11 18 20 19 12 9 20 7 15 16 20 9 20 6 17 12 13 16 20 12 9 11 15 7 7 11 17 12 14 15 14 9 13 9 15 15 14 6 14 9 6 16 10 18 19 9 6 5 7 19 7 12 15 18 10 20 8 8 9 17 7 11 7 12 20 14 8 19 12 6 7 13 9 10 14 20 9 19 10 9 14 16 7 10 6 7 7 15 5 8 13 5 9 11 20 13 19 14 12 14 12 16 7 9 15 14 9 6 5 5 20 15 5 20 6 6 15 16 13 17 5 7 0 13 7 7 15 12 14 17 9 18 13 11 17 8 18 18 16 9 20 18 12 5 9 6 19 19 7 13 16 13 10 9 18 12 17 12 10 10 9 7 9 15 8 15 16 10 5 12 15 20 6 17 16 17 16 12 6 8 17 18 9 18 6 11 18 13 5 7 17 7 12 20 9 13 19 15 16 18 9 18 7 9 16 17 15 17 15 18 9 6 18 5 9 6 19 8 10 10 16 12 16 14 14 7 16 11 5 7 14 16 10 7 20 5 17 16 16 14 11 10 15 17 9 11 7 20 13 20 13 18 9 18 20 5 20 19 13 9 16 7 6 14 15 7 5 5 15 12 11 16 19 10 13 17 8 17 19 13 19 13 10 17 8 17 9 16 7 8 12 14 7 16 10 6 10 16 8 15 8 15 11 12 19 9 8 7 9 20 7 13 15 18 13 20 14 11 14 13 9 5 10 9 9 10 19 7 14 13 20 20 20 13 7 8 14 12 18 19 20 9 18 19 20 9 18 8 8 17 10 17 6 11 18 5 20 8 18 8 11 17 17 7 14 15 5 19 5 17 14 6 5 16 10 20 13 17
17 10 13 16 15 6 20 6 20 13 10 14 17 16 11 15 20 7 16 12 6 10 15 17 7 8 18 6 5 13 7 13 12 17 13 15 5 18 14 15 16 14 18 5 8 11 19 19 12 16 5 11 5 20 14 12 6 20 16 10 15 20 10 12 10 10 7 18 14 6 16 5 17 7 11 7 6 18 20 7 14 7 6 18 11 6 11 14 7 14 10 8 12 8 12 11 7 6 10 15 16 14 12 5 10 11 7 18 12 18 9 14 8 11 6 8 16 5 16 18 15 8 16 13 6 16 12 10 14 5 11 20 10 11 7 14 14 8 5 15 11 17 14 20 15 0 6 19 14 12 20 14 9 6 8 15 15 17 14 9 11 11 16 18 5 19 12 19 9 12 11 14 7 10 13 10 6 13 16 7 13 8 11 16 19 14 9 7 13 17 15 13 18 9 13 17 18 6 7 15 14 15 8 11 7 18 11 11 8 7 15 5 13 20 5 13 5 13 7 18 17 20 16 20 13 10 17 12 13 8 13 15 17 13 17 12 10 19 15 7 20 13 14 13 18 5 12 16 14 18 5 20 9 18 17 19 7 9 9 7 20 16 13 9 12 11 17 9 5 15 10 19 15 5 17 17 10 12 10 6 14 13 8 9 7 11 9 14 7 6 16 19 11 20 6 14 20 17 8 14 13 16 5 16 7 17 5 19 14 6 8 5 10 8 12 15 13 20 6 6 12 7 10 6 5 19 14 16 14 18 11 18 14 12 6 9 11 16 13 7 14 20 19 19 16 6 16 10 15 6 11 20 5 20 8 19 10 5 14 16 14 11 13 5 19 12 14 20 9 18 15 5 13 12 6 19 14 17 9 11 9 9 7 20 11 8 5 10 11 20 17 18 13 12 12 11 19 16 5 17
6 20 19 12 15 20 18 13 9 17 10 20 13 10 15 12 20 12 8 13 10 6 9 9 16 8 14 10 8 14 18 5 6 13 13 10 16 6 20 6 13 9 16 14 12 6 19 11 14 13 13 12 20 11 17 12 8 13 19 9 15 13 19 10 10 9 14 12 15 9 12 19 15 9 15 9 14 16 15 15 20 16 8 17 5 15 18 17 9 7 7 17 15 16 15 18 7 13 17 8 13 5 9 17 15 6 8 18 6 5 9 10 8 20 16 5 8 9 6 15 10 10 16 13 13 6 17 7 19 10 17 9 5 12 11 17 9 14 7 6 6 15 13 10 9 6 0 10 7 18 19 15 11 13 5 7 19 10 8 6 18 13 13 16 15 15 11 9 20 13 11 20 16 15 14 11 11 16 9 9 9 8 12 14 6 7 14 13 9 11 10 11 5 11 10 20 16 16 9 18 5 6 19 5 7 20 15 18 13 10 8 10 14 9 17 12 14 11 14 7 5 10 15 7 19 17 6 12 16 16 15 10 9 5 18 15 19 17 5 11 16 9 20 14 10 20 10 14 10 6 11 6 19 9 6 9 7 9 6 15 16 17 20 9 12 18 15 20 18 6 9 13 12 9 18 15 20 8 13 12 14 11 18 8 13 20 13 5 9 8 15 13 16 17 6 18 7 18 5 17 19 20 10 20 13 5 13 9 6 9 7 9 8 17 10 9 5 9 6 18 9 10 7 18 14 13 14 12 14 20 5 13 8 16 13 10 17 16 6 13 20 5 18 14 17 6 13 15 6 19 7 12 18 18 17 7 12 18 5 10 10 11 6 17 20 18 10 15 11 10 18 14 14 9 14 7 13 20 15 12 19 10 12 14 5 19 17 11 7 5 9 16 7 20 13 19 6 19 19 6
15 6 12 18 11 6 13 11 16 11 11 9 20 11 10 6 7 6 6 9 5 16 17 19 13 5 19 18 9 18 6 13 7 13 17 11 17 6 11 16 8 20 20 13 10 18 6 10 5 13 8 16 15 5 13 6 5 6 9 16 13 19 20 13 18 8 12 15 14 19 11 14 20 11 7 18 9 10 8 7 16 18 5 20 17 7 16 10 20 11 12 19 9 20 20 16 11 13 8 16 15 8 8 11 18 5 10 15 14 18 14 19 12 5 19 5 12 11 6 19 10 11 20 16 19 13 10 14 20 12 16 9 13 11 18 5 20 7 10 18 8 11 9 15 20 19 13 0 18 9 13 10 19 10 11 19 8 18 17 13 7 13 6 18 6 16 9 9 11 17 17 18 5 16 14 9 17 7 6 14 16 10 8 14 15 19 7 12 20 9 17 12 17 6 8 19 10 20 17 13 6 9 14 14 16 17 7 11 14 8 6 13 15 12 13 13 13 20 5 16 8 15 12 12 7 6 16 12 16 18 10 6 9 16 10 15 14 19 11 13 9 15 9 15 20 18 11 5 9 6 6 7 9 14 17 10 20 8 10 12 18 16 10 5 5 19 11 14 15 17 6 13 15 6 14 11 19 7 14 17 5 14 9 16 17 6 18 14 12 20 9 16 7 17 18 9 9 8 9 6 9 18 19 14 9 19 7 14 11 8 5 20 20 7 12 15 9 19 11 19 20 10 18 7 8 8 10 6 14 13 19 18 19 20 5 20 9 6 19 8 15 8 11 13 18 8 15 10 18 19 9 9 14 16 16 6 14 8 13 14 5 19 14 6 7 20 20 7 17 9 7 20 13 12 19 14 17 20 13 19 17 20 8 11 19 13 6 14 17 12 6 18 7 8 16 9 5 14 7 19
17 7 19 8 15 12 9 19 14 20 11 8 12 8 17 17 6 7 11 19 12 17 12 6 11 16 11 13 10 14 17 18 19 9 11 18 9 7 15 17 10 14 5 19 10 18 14 5 17 8 17 8 16 20 16 9 19 15 15 15 20 9 13 18 19 16 6 17 15 20 17 5 16 20 11 18 17 15 6 18 7 9 15 16 10 17 10 9 12 5 5 17 6 16 18 18 11 20 14 20 10 10 7 10 10 9 19 12 6 20 14 6 18 14 14 7 19 9 19 7 18 10 9 5 5 18 12 11 7 12 15 17 6 8 9 7 5 5 5 10 15 11 12 8 16 14 8 5 0 8 13 12 20 10 15 7 20 6 16 7 10 19 13 11 20 16 14 16 5 14 11 8 6 7 15 16 7 7 13 6 19 10 18 5 19 12 15 15 11 6 15 9 5 14 17 6 8 17 15 17 7 13 8 16 9 16 19 13 17 18 7 9 19 5 20 14 10 18 14 8 11 10 15 10 8 19 7 17 12 14 16 5 13 19 9 20 5 15 17 11 12 18 13 16 6 7 11 17 11 5 20 8 13 6 9 12 10 9 13 18 7 18 16 12 11 11 11 20 20 6 7 18 18 16 16 16 10 6 14 18 11 18 15 19 16 7 6 17 7 8 11 19 19 14 16 17 15 9 8 15 15 16 20 11 10 8 14 10 16 18 10 19 18 18 16 15 14 8 20 16 5 16 18 12 11 17 13 18 15 10 17 11 7 15 10 8 11 10 10 17 15 20 16 5 5 14 8 19 16 18 13 15 13 9 6 10 10 11 19 6 19 12 16 5 5 20 9 16 10 20 14 7 5 12 13 16 18 7 9 8 17 15 13 20 12 10 20 14 10 12 13 7 17 6 14 16 17 18 19 12
11 19 15 5 17 6 7 10 15 8 18 12 5 5 14 11 12 10 17 16 13 16 15 18 16 9 10 6 20 19 8 6 8 19 20 13 11 20 11 13 12 6 6 10 20 18 18 5 9 11 7 13 12 16 19 8 5 16 14 8 6 8 18 12 11 12 8 8 10 16 8 17 13 8 9 15 16 20 7 10 12 19 12 10 17 5 18 7 8 8 16 6 15 18 12 20 15 16 12 18 16 12 8 20 17 12 7 17 19 7 19 13 13 14 11 10 13 5 6 11 20 6 13 17 17 20 16 18 18 18 11 13 8 17 15 17 19 6 19 5 6 17 20 5 14 8 9 6 10 0 12 20 16 7 6 8 9 16 8 14 17 10 15 15 14 6 9 7 10 5 14 10 12 10 12 16 5 9 17 13 11 11 19 9 14 17 13 14 19 9 6 19 11 18 19 15 12 9 14 10 10 13 12 18 19 8 11 5 10 15 8 15 10 14 8 14 15 10 13 17 10 8 13 9 9 13 15 5 11 6 5 8 14 6 12 10 10 19 15 12 20 11 16 14 6 18 8 13 14 18 14 15 6 9 6 12 14 20 12 11 20 13 16 15 17 18 14 20 11 16 18 18 14 8 17 19 10 14 18 18 18 15 19 15 15 11 19 6 11 14 13 13 14 10 14 9 9 10 20 5 7 12 19 19 5 8 18 17 12 19 6 15 9 12 9 16 12 8 6 10 8 5 17 8 5 14 6 7 13 9 16 10 18 16 15 7 11 18 17 18 9 8 7 7 15 8 18 14 14 6 19 6 12 15 5 11 11 9 15 9 16 5 11 16 20 20 8 7 17 9 17 11 20 11 16 17 19 10 18 12 12 10 18 16 5 12 5 19 18 20 11 8 15 9 16 11 5 5 8 18
8 20 14 13 8 19 17 7 5 7 10 9 12 18 9 20 6 13 15 19 14 5 15 14 14 8 9 10 13 10 10 6 6 20 14 9 5 6 19 9 9 19 5 11 14 6 6 9 5 8 16 13 11 8 9 19 14 11 13 5 10 11 10 17 15 14 7 7 10 16 17 11 13 15 5 6 5 7 13 13 15 9 17 15 6 5 16 17 16 8 20 17 20 5 13 16 8 10 5 5 11 9 10 20 12 7 14 6 5 12 20 13 6 5 11 19 13 5 14 5 6 8 6 10 6 17 18 12 15 12 12 15 6 14 6 20 10 11 17 11 20 6 12 9 14 16 19 17 18 16 0 5 7 17 12 19 7 16 19 6 11 16 16 14 15 18 6 20 17 7 12 14 13 7 6 20 6 16 10 13 10 13 15 11 11 19 12 15 20 17 11 19 17 12 17 5 11 12 20 15 8 16 11 12 7 9 7 11 12 16 9 18 18 8 12 7 17 10 13 20 15 16 13 9 20 10 19 12 5 15 5 15 6 10 7 11 8 14 12 14 12 13 7 8 13 16 12 12 16 11 11 20 12 18 15 8 18 15 5 9 15 7 8 12 15 5 9 16 16 9 10 12 10 10 20 10 5 18 5 14 16 9 20 12 11 20 8 19 13 7 6 12 5 16 5 6 20 7 17 7 18 13 12 9 11 15 15 13 14 6 9 11 19 20 16 5 13 16 7 17 20 18 5 5 20 9 17 5 19 9 17 11 9 10 10 11 20 7 15 20 19 11 15 20 7 9 18 11 16 19 9 6 13 8 7 5 8 10 11 6 15 20 15 6 8 16 15 12 11 12 11 13 8 6 15 11 14 6 18 10 11 16 16 11 12 15 5 11 16 12 11 20 12 16 9 9 12 18 7 5
9 12 9 8 18 8 15 19 8 17 17 12 11 14 15 9 17 12 14 11 19 14 16 10 8 5 6 20 12 18 6 20 17 14 7 7 15 6 11 16 9 14 15 11 6 14 19 11 16 18 15 18 19 20 10 10 18 6 11 6 12 10 19 10 7 9 9 9 10 15 13 15 15 10 13 9 14 7 15 11 11 11 17 13 12 20 7 10 18 12 12 19 19 17 11 5 8 16 14 17 5 12 16 10 9 15 15 9 18 10 12 14 9 6 6 12 6 8 6 18 19 10 20 14 8 7 18 10 14 5 19 8 14 16 13 10 16 17 18 20 18 11 15 7 20 20 15 6 16 11 7 0 9 8 13 8 9 9 12 6 6 12 16 11 16 12 8 13 19 13 11 7 17 14 20 20 18 20 6 16 14 17 18 6 5 8 6 5 5 6 11 5 10 6 5 19 9 12 7 20 18 7 18 11 19 11 14 17 8 12 10 17 16 15 14 18 14 17 16 10 7 18 9 9 5 10 6 12 18 15 14 14 7 18 18 11 12 5 9 11 20 11 16 5 8 13 5 19 12 7 11 15 12 14 17 17 20 16 11 18 14 18 18 8 13 13 17 10 7 15 6 13 13 10 16 19 11 8 19 9 11 18 19 7 11 6 11 19 17 17 12 8 18 5 16 5 10 18 10 18 10 16 16 8 9 20 8 20 13 10 10 7 19 18 15 18 10 20 13 9 12 12 11 16 20 20 18 19 14 18 11 6 9 20 18 18 12 6 20 7 19 6 11 17 5 16 6 18 8 13 14 18 14 5 16 7 12 18 9 19 10 18 20 10 20 8 13 6 5 12 11 18 6 11 19 6 16 8 6 17 18 6 10 20 17 7 6 15 9 19 7 13 19 8 18 11 18 9 15 9
14 17 10 18 8 18 15 10 16 14 9 6 10 6 16 9 15 16 18 15 20 10 11 8 20 5 20 10 10 20 10 14 17 5 20 18 20 12 8 17 11 20 20 20 17 5 12 20 17 19 13 13 5 16 6 20 8 17 20 7 15 6 10 17 5 15 12 13 11 13 7 8 17 15 18 8 10 20 12 19 17 5 16 7 7 13 14 20 20 14 17 20 12 18 18 14 6 18 7 13 9 16 6 17 13 19 14 17 17 12 20 6 19 7 16 20 9 10 11 14 5 10 16 11 6 12 13 8 11 16 10 13 13 11 9 15 12 17 9 14 14 17 18 15 14 14 10 18 10 6 15 13 0 20 13 20 19 15 10 12 11 10 10 6 11 7 12 7 16 20 8 13 9 8 18 5 16 12 12 12 7 11 10 15 10 7 7 18 18 17 17 19 5 9 18 6 18 19 9 19 6 17 7 10 9 20 18 20 15 9 16 11 18 12 18 8 11 19 8 8 14 17 6 17 20 11 15 15 8 12 10 13 8 9 6 12 8 18 15 16 17 9 9 7 10 20 14 12 12 5 19 13 10 20 14 12 7 13 8 10 5 20 18 15 19 19 10 20 18 19 11 18 14 15 6 12 17 15 18 14 12 8 17 9 5 15 5 10 10 16 6 9 10 15 17 6 9 18 14 12 10 11 11 7 18 18 15 5 10 19 15 18 7 17 8 17 18 15 5 9 17 5 6 15 6 13 14 19 15 20 5 7 16 7 10 12 9 12 20 14 8 6 8 8 12 5 9 7 16 7 18 13 6 14 5 20 9 20 6 16 9 18 6 6 19 17 13 12 20 17 6 7 18 14 17 5 16 17 9 14 16 11 13 6 16 10 13 17 11 17 20 7 14 8 7 17 19 18 14 9
13 11 15 11 5 14 15 5 18 7 7 10 17 5 15 13 9 20 18 19 5 13 7 15 19 11 10 19 14 11 9 17 8 19 7 7 9 14 19 15 11 12 19 12 14 11 13 9 15 6 12 18 14 7 19 20 19 6 10 11 13 13 6 8 5 11 17 19 9 15 18 18 6 6 6 7 12 8 10 5 7 8 17 5 6 12 18 14 20 20 13 15 11 19 19 12 9 14 15 9 16 20 11 11 11 7 16 18 14 18 10 17 8 14 12 12 18 17 7 17 14 11 17 18 13 11 11 8 19 15 9 18 17 16 19 19 20 8 15 15 19 9 15 6 14 10 14 11 5 15 6 19 10 0 13 11 15 15 14 13 13 15 16 8 7 19 20 7 15 20 11 15 13 20 16 13 11 15 17 18 12 19 7 19 10 18 14 14 20 14 8 17 10 17 8 9 9 12 8 11 6 20 13 6 9 15 19 19 11 7 6 7 6 9 11 14 9 16 7 14 15 7 12 11 20 16 16 7 8 7 19 11 9 13 20 12 18 18 13 14 16 6 15 8 6 20 11 7 12 16 6 11 12 13 16 18 10 6 11 17 8 13 19 18 8 18 5 17 8 16 8 16 12 14 14 12 14 6 10 6 9 16 5 5 9 16 18 13 9 12 12 5 20 8 20 15 17 17 8 10 17 18 14 12 20 15 18 7 9 18 11 18 6 15 20 8 7 13 10 12 18 20 17 7 18 6 13 10 6 14 12 12 7 17 19 13 15 10 17 9 13 7 7 8 5 12 9 7 15 9 10 7 5 20 13 10 19 18 19 6 9 10 5 15 13 11 13 17 19 5 9 12 11 19 7 11 8 12 19 12 15 18 16 18 16 19 8 17 9 8 7 20 12 11 14 6 18 12 15 12
13 9 19 11 9 8 14 15 7 11 16 8 11 10 12 16 19 19 16 8 19 18 9 14 9 14 17 20 9 8 11 12 11 7 5 5 6 20 5 13 13 10 15 18 6 17 12 19 7 16 11 11 13 16 18 10 16 12 14 18 7 13 20 17 5 5 6 13 20 11 6 7 9 19 15 17 14 7 12 5 5 10 14 17 18 9 19 17 20 13 19 16 16 13 11 18 7 13 17 13 18 19 9 5 14 12 8 19 5 11 14 8 15 10 8 19 16 19 11 16 6 18 10 10 7 10 19 14 12 9 8 8 9 11 16 19 18 18 13 18 9 10 16 17 15 9 7 9 7 12 11 8 9 6 0 16 6 6 5 8 14 6 9 14 19 12 16 18 14 11 13 5 19 14 14 16 5 17 17 17 18 6 5 6 15 17 6 12 10 13 6 15 17 17 11 16 6 17 18 16 5 20 5 14 7 10 15 7 7 10 20 9 12 13 11 14 12 7 14 15 8 18 10 17 13 19 12 16 20 8 5 15 16 8 17 13 19 14 16 7 15 8 11 14 14 16 15 20 20 6 15 13 9 5 7 12 18 6 11 18 14 17 12 19 10 16 18 17 10 13 5 15 18 11 16 16 6 16 12 10 11 16 17 11 14 10 13 10 17 6 18 9 19 19 9 9 13 18 17 18 15 13 14 15 8 16 19 10 20 14 16 14 19 20 5 8 16 17 11 14 5 15 14 8 11 6 14 18 19 6 13 14 20 18 7 8 12 13 15 17 14 16 19 5 8 5 19 17 12 6 9 10 15 17 20 11 9 15 15 11 14 12 12 7 9 7 12 20 8 15 11 15 9 12 7 10 20 19 7 12 14 17 18 19 8 16 16 10 8 8 9 11 17 5 18 17 9 5 20 16
13 20 18 10 17 17 6 20 15 11 7 5 14 18 12 17 17 17 12 16 18 11 7 14 10 13 14 20 6 5 17 13 10 16 12 18 15 17 9 10 7 11 8 7 17 15 20 13 5 17 10 13 16 9 5 9 20 15 12 18 15 13 5 7 20 9 15 17 18 15 7 11 7 7 5 16 20 20 11 13 17 19 20 10 14 12 19 17 14 20 20 8 12 5 18 6 12 15 18 5 10 8 6 7 16 18 7 5 8 14 6 6 14 8 6 15 9 16 5 7 15 15 7 12 9 9 19 7 17 9 18 11 11 13 6 7 7 14 5 11 15 8 16 17 14 7 17 8 6 7 16 20 14 11 5 0 9 11 12 9 13 12 8 17 20 7 17 17 19 16 19 20 5 5 20 10 10 19 5 17 8 18 11 5 7 10 6 13 13 13 19 10 6 13 17 11 16 13 5 6 5 5 10 12 7 10 7 19 7 10 9 12 14 15 18 13 6 9 9 5 5 20 9 15 9 11 13 13 8 16 19 16 15 5 17 12 17 15 18 19 11 9 14 5 5 18 20 18 15 8 11 17 19 5 14 11 14 19 20 18 14 5 11 6 10 17 15 9 8 13 14 10 6 16 9 15 7 19 12 11 5 19 5 20 5 20 8 6 6 7 7 9 7 5 7 11 5 12 12 6 5 7 6 13 18 7 17 17 19 18 11 18 5 20 18 19 13 20 9 16 18 10 11 6 6 15 14 5 13 17 11 7 6 14 19 17 13 17 8 6 8 19 7 15 7 8 15 20 11 16 7 20 19 17 17 14 18 19 14 14 13 20 15 16 5 9 14 5 20 13 6 14 13 8 9 19 14 11 6 19 12 11 19 5 20 7 10 18 16 13 5 6 8 10 7 6 6 16 20 9
10 13 10 15 7 17 10 9 7 8 14 16 18 18 19 18 6 7 10 14 18 15 13 13 15 14 10 14 5 8 18 19 9 14 8 5 13 10 17 20 15 19 7 13 18 6 5 8 16 19 14 8 16 14 5 5 12 19 6 15 8 7 17 15 16 11 9 17 11 20 11 13 8 6 14 10 15 19 19 15 10 16 12 19 8 6 5 6 12 9 17 7 11 9 10 13 7 7 12 10 7 14 16 19 17 15 12 17 7 12 16 18 14 6 18 7 11 7 13 11 6 16 14 12 13 8 19 8 10 12 18 13 15 7 10 18 6 11 18 20 7 13 11 16 20 16 5 5 8 13 6 19 20 12 7 15 0 6 16 16 13 9 13 14 13 9 5 15 6 13 16 11 11 8 17 8 18 14 18 5 17 16 19 8 13 9 14 8 10 7 19 6 11 9 19 19 17 15 20 8 18 10 6 11 6 11 17 11 8 16 9 6 16 16 8 11 8 12 9 19 9 6 17 11 17 20 18 19 8 10 10 18 17 14 11 9 13 18 6 9 5 14 9 7 11 12 20 7 12 8 5 17 8 12 11 5 13 20 5 6 19 16 16 6 14 13 10 6 13 17 6 5 6 18 16 12 20 19 16 19 17 11 11 9 18 9 12 10 8 8 6 17 10 7 19 17 11 8 11 17 20 18 15 19 14 13 15 18 6 7 18 11 20 6 20 5 8 8 12 7 17 6 5 5 12 14 12 6 20 19 18 16 16 17 17 15 19 10 9 16 14 17 6 11 13 16 11 8 6 11 20 20 10 9 6 5 10 8 16 17 17 15 13 5 14 15 13 7 20 18 10 5 6 7 6 10 16 16 20 7 6 14 16 6 9 19 12 19 20 9 11 7 20 12 12 6 14 19 13 11
17 14 10 16 18 18 14 13 8 6 10 7 5 12 14 9 12 9 10 14 10 14 11 8 17 16 11 18 18 8 7 19 5 17 15 12 12 7 18 6 18 8 13 11 7 15 12 16 17 6 11 9 8 16 14 5 14 15 16 20 17 10 15 6 5 16 16 16 6 15 14 13 18 13 13 9 8 14 15 12 14 10 16 5 16 9 11 14 20 15 6 10 18 6 13 13 6 20 19 15 6 20 7 12 12 17 7 7 6 12 7 16 15 6 12 8 13 10 13 6 10 9 12 5 8 5 14 9 8 15 8 8 9 9 19 17 16 16 17 5 6 9 10 14 20 15 13 11 9 16 19 13 6 19 13 18 5 0 7 17 17 19 16 5 15 14 14 11 14 17 6 6 20 11 16 9 14 15 7 11 19 16 20 11 13 13 18 11 9 16 13 5 15 20 14 11 17 16 8 16 20 12 5 9 6 12 8 17 7 18 10 5 5 12 20 14 9 18 9 5 10 19 14 11 12 17 8 17 12 15 13 9 19 13 17 15 12 9 18 5 14 9 5 6 8 7 7 8 18 17 11 7 16 8 8 20 9 13 6 13 11 8 19 8 12 6 13 17 17 19 17 18 19 8 12 14 5 12 7 14 16 13 16 14 8 11 17 7 18 5 18 14 17 6 14 15 12 17 6 14 13 14 16 9 15 8 12 9 7 9 19 9 17 10 15 10 17 12 15 14 7 9 16 19 17 19 19 16 13 19 5 15 14 17 9 14 6 16 12 18 14 8 10 11 10 16 7 17 8 8 8 17 9 17 18 14 19 5 14 9 6 11 6 7 19 9 5 19 20 11 14 7 9 8 6 9 13 8 14 17 13 14 15 15 8 11 6 13 7 18 13 14 11 18 9 5 18 14 8 10
20 5 13 12 6 20 8 19 18 12 11 13 13 5 6 13 17 19 11 8 19 14 5 14 9 13 13 20 5 6 11 17 12 9 5 9 9 13 17 7 6 5 14 10 9 18 17 12 11 13 9 13 9 9 11 10 14 17 17 8 7 8 19 10 18 13 14 16 14 15 13 11 15 14 11 7 7 10 17 9 20 20 5 19 20 17 11 9 5 13 7 14 6 6 6 12 10 10 14 9 8 11 14 14 13 18 12 16 16 13 20 17 10 18 17 8 7 18 7 14 17 20 11 19 20 9 6 10 9 19 6 14 11 19 17 16 15 7 13 17 9 14 10 7 14 10 19 5 19 18 19 17 5 12 13 7 14 5 0 7 16 5 6 5 5 15 13 6 15 13 6 10 6 18 20 20 17 9 8 6 19 18 17 11 9 14 19 11 7 5 12 13 10 10 19 16 10 10 10 14 15 9 12 6 14 5 13 7 14 5 8 11 9 12 16 5 13 10 6 6 8 20 20 13 6 8 12 10 14 16 7 12 19 19 13 20 10 16 5 6 15 13 12 5 19 14 6 17 9 13 11 8 9 8 19 9 9 15 17 8 9 9 14 6 9 5 6 14 12 5 17 8 7 9 9 11 5 12 13 10 13 10 9 6 15 5 13 19 16 16 8 17 10 11 5 5 12 17 12 6 20 12 7 15 14 8 12 5 18 14 17 15 9 12 18 20 20 12 8 5 6 19 17 11 9 11 14 15 14 18 9 7 14 13 8 18 11 18 18 20 13 7 5 16 8 18 12 5 9 15 14 19 17 20 12 20 9 20 11 10 6 7 6 10 19 20 16 6 15 19 10 10 12 15 6 8 10 14 11 11 18 18 20 7 20 7 5 8 10 10 19 19 12 13 18 5 9 5 10 7
9 20 5 7 5 15 17 12 11 19 11 8 9 9 15 14 15 12 5 13 6 16 20 16 18 10 20 14 17 13 7 8 15 14 18 18 10 15 20 19 19 9 18 16 6 18 8 7 9 17 10 6 20 10 11 19 8 18 12 17 11 8 16 15 12 6 9 12 10 11 9 19 10 7 16 10 20 13 8 18 11 9 11 8 15 13 8 11 17 8 7 6 5 12 5 9 7 19 7 8 5 5 11 6 17 18 11 15 7 15 20 11 5 13 17 11 15 20 5 8 9 18 20 18 9 17 15 6 8 6 8 20 6 5 14 10 19 20 18 13 14 10 14 20 20 8 18 11 12 18 16 9 20 7 15 17 16 6 11 0 5 16 11 8 6 15 7 11 19 20 17 6 18 7 5 7 5 9 9 11 15 19 20 20 15 14 5 8 8 11 10 10 18 12 7 10 19 7 6 14 13 6 19 14 20 6 11 10 11 12 8 7 15 9 15 5 8 6 8 13 11 9 9 11 9 17 17 20 17 19 13 9 14 9 7 11 18 14 17 13 5 7 5 16 8 13 13 13 17 9 16 13 19 10 18 9 10 15 10 11 15 19 9 14 14 15 5 14 17 7 8 12 12 13 11 8 5 14 8 20 15 9 14 20 19 12 10 17 5 10 18 5 14 9 14 8 11 12 9 8 15 20 8 5 10 10 18 6 17 18 5 7 7 8 7 14 19 14 8 14 16 15 9 11 17 6 15 5 10 8 6 11 11 17 11 8 9 17 14 20 10 12 16 17 17 18 13 12 16 10 7 9 9 16 19 7 13 13 14 12 11 9 7 16 12 20 16 16 8 8 10 14 12 20 6 17 15 11 11 11 17 18 13 15 18 13 18 5 10 16 12 12 19 14 15 5 5 13 13 9
10 18 19 8 8 13 7 5 12 15 10 15 16 18 12 19 15 12 7 6 20 6 11 14 6 8 15 19 10 13 13 14 19 18 5 9 10 9 9 15 10 19 18 7 9 10 15 7 14 14 15 8 10 5 11 6 11 18 12 14 14 7 10 11 15 9 15 8 5 18 15 16 8 17 20 11 11 9 11 5 14 19 19 7 5 16 6 19 20 9 15 10 8 13 10 8 19 7 18 6 6 9 9 8 13 18 19 5 9 17 15 12 14 11 8 14 11 11 10 18 19 5 8 7 12 5 12 19 14 16 12 17 11 12 20 6 6 17 7 11 6 18 13 20 12 10 17 19 9 13 14 12 11 11 16 12 11 6 19 5 0 17 20 14 7 14 11 7 6 16 14 20 9 13 20 12 13 20 17 10 15 10 19 15 6 18 11 19 13 7 10 18 19 18 8 11 10 17 17 7 18 19 17 11 8 18 19 7 13 9 20 10 17 7 17 15 16 16 13 17 6 5 16 11 20 14 12 20 6 19 9 16 10 12 7 5 18 18 20 19 6 13 13 13 9 20 20 7 7 14 9 16 20 15 20 5 12 12 5 5 13 15 19 11 5 19 6 17 5 16 19 16 10 20 11 14 11 15 7 15 20 6 8 6 14 18 9 17 5 15 13 19 5 19 6 14 7 14 6 14 15 10 16 11 6 10 9 11 13 18 14 19 10 8 13 5 15 15 8 5 17 15 16 8 8 8 15 9 5 5 14 12 11 7 10 20 14 12 12 20 12 7 17 6 20 7 6 17 16 14 7 8 12 5 7 18 8 8 19 16 12 7 9 7 20 11 9 13 15 16 6 15 17 9 15 13 9 8 13 6 17 8 16 20 13 14 15 20 17 16 6 10 18 16 12 9 13 14 13 15
19 19 19 19 15 9 9 20 17 17 12 5 7 19 11 19 16 5 8 6 15 17 7 6 15 15 9 10 9 18 15 11 6 13 19 18 6 7 19 12 10 9 11 15 9 20 20 18 19 11 14 15 9 8 10 18 6 11 6 10 20 10 9 5 8 14 14 7 14 9 12 5 17 8 10 13 11 14 5 16 14 15 14 5 17 8 7 18 20 13 17 15 6 8 7 10 9 11 9 12 15 19 9 19 20 14 20 12 6 19 13 6 14 12 8 12 9 11 9 16 10 8 16 7 14 19 13 13 7 11 15 17 17 11 19 18 11 11 20 5 14 16 17 14 13 13 5 20 15 10 16 7 19 10 20 15 9 18 18 16 19 0 6 5 17 8 14 11 12 19 6 14 7 5 9 12 11 13 6 12 14 15 9 8 18 7 15 14 9 17 6 18 11 13 12 9 14 9 12 12 7 17 9 20 18 9 18 12 20 12 12 17 12 13 19 9 8 14 19 8 20 8 6 8 18 10 7 8 6 6 9 13 7 8 7 17 9 12 11 5 17 14 19 10 8 13 6 13 17 19 11 6 9 18 20 16 19 8 7 14 15 16 13 17 17 10 18 19 11 15 14 6 14 10 12 14 8 11 15 17 17 12 19 16 16 16 7 15 8 8 20 11 17 18 11 18 9 7 14 5 19 8 16 6 8 12 14 19 6 18 8 15 20 8 6 19 11 5 19 8 7 19 16 14 5 20 10 14 11 14 9 5 12 9 18 18 20 16 16 9 17 9 5 7 20 16 19 16 12 20 15 15 17 19 17 18 14 9 10 7 17 11 13 5 17 7 8 16 12 15 5 11 19 12 15 5 8 6 6 14 5 15 15 18 11 12 9 19 18 9 5 7 6 16 5 7 18 15 9 6
16 10 17 7 18 20 17 11 10 17 11 15 17 18 19 20 8 11 7 8 11 9 12 17 16 15 13 12 9 18 13 15 6 19 16 5 11 19 19 5 16 12 7 13 20 20 9 11 5 5 15 11 15 9 11 17 11 7 20 18 12 15 6 17 18 20 9 12 14 12 5 5 19 19 8 8 6 12 15 13 15 16 14 7 18 15 13 13 11 19 15 13 10 6 10 18 5 10 14 10 5 14 7 11 20 11 20 13 14 15 16 8 16 10 15 15 20 8 15 17 17 13 6 9 19 9 20 15 19 15 11 7 19 15 12 10 15 16 11 7 13 18 10 8 11 8 6 17 19 19 20 7 19 15 14 20 9 7 14 12 5 11 0 7 7 18 6 15 12 8 20 5 7 9 12 10 8 20 20 17 12 19 15 9 7 17 8 10 16 5 10 14 12 7 10 17 15 5 20 6 17 12 19 14 6 9 12 10 11 10 12 20 7 18 20 7 5 10 20 9 17 9 8 9 16 11 9 8 15 15 11 8 17 17 5 19 17 10 11 20 5 5 20 18 10 11 9 17 20 6 6 14 17 19 10 15 11 17 9 10 5 8 18 15 20 7 6 15 20 9 16 10 14 12 18 18 14 14 14 20 19 12 12 5 8 5 11 11 20 10 20 7 8 19 11 14 7 10 10 6 5 5 16 13 11 14 18 15 6 16 6 8 14 8 8 15 16 17 11 13 12 14 17 7 16 11 7 8 9 9 14 20 9 10 13 5 10 17 17 7 10 9 20 20 10 11 5 5 19 20 6 15 15 7 17 10 12 16 10 17 20 17 7 20 15 11 18 14 18 16 7 7 5 11 10 19 13 14 15 8 8 15 17 12 18 18 15 7 8 16 14 9 12 16 11 8 10 7 19 10
13 17 6 17 15 8 6 17 14 5 19 17 6 12 5 5 10 9 6 17 13 18 12 12 13 7 19 13 18 6 16 13 18 16 8 19 13 7 19 15 6 6 12 13 13 9 17 5 10 20 10 6 17 18 10 8 10 8 6 17 17 15 20 16 8 15 5 13 5 13 11 10 7 8 8 5 16 14 19 18 18 14 5 12 19 17 13 15 17 6 10 8 17 15 18 20 10 12 17 15 7 6 19 17 15 11 20 15 5 20 18 17 9 5 16 7 18 15 6 18 7 18 14 6 6 15 8 13 10 14 9 7 20 8 10 14 11 20 16 15 20 15 15 10 13 14 12 8 13 7 10 12 15 8 12 11 10 15 12 5 19 14 10 0 16 13 17 14 17 13 10 11 13 6 9 17 9 5 17 8 19 8 18 8 20 9 18 9 7 7 15 18 13 16 12 7 12 18 14 5 10 19 18 7 16 16 10 8 20 16 11 14 5 9 12 13 12 15 10 7 13 8 18 14 5 8 7 8 13 13 6 6 15 18 20 12 15 17 15 6 7 20 8 7 14 15 11 10 19 11 10 12 7 10 17 8 6 6 16 7 5 14 10 11 13 18 18 11 8 10 8 12 6 7 5 17 12 20 18 12 9 14 5 17 8 11 11 14 16 16 15 7 17 17 9 10 14 14 16 19 7 20 16 9 19 10 14 14 15 10 17 5 11 6 20 20 8 12 20 9 17 19 16 5 16 14 11 17 15 20 13 12 8 19 13 6 5 7 19 16 17 6 17 13 17 12 15 9 19 12 16 15 19 5 15 8 19 8 12 19 19 12 6 19 8 5 8 11 12 15 18 17 18 17 10 11 9 14 16 15 5 6 17 18 14 18 12 12 11 9 7 12 7 11 13 9 18 12 18 10
17 11 11 18 15 19 19 8 18 12 7 20 17 18 16 16 13 10 19 9 16 5 11 7 6 13 16 6 6 11 17 8 17 13 18 9 16 8 20 5 10 14 19 20 8 6 8 5 13 16 12 13 18 7 7 17 11 10 8 9 13 19 5 12 6 9 12 10 7 20 15 19 13 20 20 9 11 20 18 5 17 19 18 16 19 17 13 18 9 11 17 17 7 17 7 16 14 8 14 11 5 11 15 14 10 16 19 8 9 15 14 18 7 14 18 18 10 9 11 20 8 13 17 7 7 10 15 20 20 6 19 16 19 10 6 19 12 17 11 5 9 16 9 14 16 6 13 20 8 17 12 6 10 10 19 17 8 7 17 9 13 9 5 18 0 11 19 20 15 10 14 10 13 14 5 9 20 20 12 7 11 17 10 9 17 20 14 17 16 13 15 12 5 9 17 5 9 16 16 20 10 14 17 14 17 6 12 14 19 8 15 11 19 19 6 15 10 9 20 10 9 10 15 13 7 13 5 18 6 12 7 5 7 13 6 14 10 11 19 5 15 13 19 18 13 6 5 13 20 12 13 7 14 17 6 12 9 8 18 13 11 10 12 18 20 13 5 12 5 16 8 6 14 18 15 16 17 5 6 15 14 19 7 11 14 6 14 11 7 8 7 19 11 10 11 12 20 7 9 17 9 8 16 5 7 15 14 17 11 14 7 10 18 15 15 15 10 16 7 7 6 17 10 10 17 15 13 14 9 5 14 6 5 12 13 16 7 5 14 9 11 19 8 5 20 19 16 14 7 19 6 5 8 10 9 5 5 15 16 6 15 14 12 16 6 10 13 9 6 10 13 9 20 12 20 11 20 19 13 20 14 12 11 19 15 14 10 8 8 18 20 17 15 8 14 16 20 12 11 11
8 17 8 9 7 12 19 15 18 12 18 18 20 5 14 20 7 6 19 16 7 12 18 16 13 15 5 9 11 7 7 6 19 5 6 20 14 5 7 8 12 15 10 8 15 5 9 19 14 19 10 8 8 17 6 8 19 5 20 11 5 13 18 16 12 20 8 14 8 17 20 16 20 20 5 15 10 10 18 16 13 6 12 13 10 19 9 16 17 17 16 19 12 7 12 13 20 9 10 11 8 5 16 20 20 18 10 13 18 12 9 7 8 14 6 8 10 9 18 6 7 16 14 7 19 17 14 10 12 17 16 13 10 13 18 6 9 8 5 6 14 14 12 14 12 10 5 6 14 11 8 16 13 5 20 7 19 15 17 8 9 14 17 9 5 0 14 20 15 13 15 5 14 14 19 7 11 15 9 14 11 13 19 6 7 11 19 19 10 7 10 18 13 15 7 7 19 12 6 17 9 5 8 18 5 18 13 19 8 14 10 12 11 15 9 5 11 16 15 20 8 19 7 6 10 10 6 19 12 5 19 15 12 6 17 13 13 11 20 17 11 17 15 20 5 20 13 16 9 6 13 15 6 17 16 14 11 18 8 18 8 5 10 12 6 13 14 9 11 19 10 9 15 12 10 19 9 6 18 19 15 9 17 13 15 7 17 20 18 13 8 18 18 20 8 15 13 16 8 9 17 15 14 10 13 13 12 17 15 13 6 12 17 13 13 20 6 7 13 13 12 6 17 5 8 8 10 15 5 17 17 9 9 10 11 5 7 18 16 19 17 5 12 9 17 13 5 8 16 5 16 11 12 16 18 12 16 9 6 6 19 16 11 18 6 19 7 20 9 19 11 10 8 16 16 10 20 17 16 20 14 12 20 5 5 8 19 8 5 19 6 9 10 6 8 19 11 12 11 17
12 15 8 5 14 8 16 11 5 8 12 7 12 9 12 17 18 14 10 17 17 12 12 7 6 5 6 17 15 10 20 8 10 9 20 12 8 14 7 10 15 11 19 12 7 9 13 8 12 7 8 6 12 11 6 5 5 19 17 7 8 12 20 17 20 16 20 11 14 7 13 16 6 19 10 8 20 12 15 9 18 10 20 17 9 14 17 5 12 13 15 15 9 5 8 18 17 13 7 7 13 13 8 8 13 20 7 13 6 5 19 12 12 18 15 19 15 12 8 17 17 9 17 15 13 12 15 5 9 13 17 15 13 18 17 13 5 17 19 19 10 14 18 7 9 18 10 5 8 14 20 5 10 8 15 7 6 13 20 8 14 14 6 16 6 8 0 17 20 6 20 9 13 6 10 19 9 19 7 11 7 17 13 8 17 19 18 10 5 7 11 8 8 6 16 10 6 6 11 14 7 17 17 15 17 20 6 13 6 8 8 14 19 10 12 12 18 10 16 6 18 12 11 15 19 5 9 16 8 18 12 9 6 15 6 15 7 13 13 18 5 8 12 6 14 14 10 15 6 6 19 12 9 6 11 16 14 12 7 17 13 20 13 20 13 9 5 5 17 13 9 8 5 14 6 9 11 17 12 17 7 5 5 9 16 13 7 5 5 9 17 12 5 7 10 6 7 12 11 18 16 19 9 11 12 9 5 8 10 13 5 19 13 9 13 6 9 12 8 15 10 14 13 13 9 16 10 7 19 16 8 15 12 6 7 8 10 15 12 5 13 9 18 16 16 10 18 12 5 15 7 10 7 6 11 19 8 11 19 10 7 14 15 17 9 17 14 11 19 17 16 16 11 15 9 7 15 20 17 17 11 5 7 14 10 17 5 16 7 13 16 8 6 16 11 7 16 8 19 7
7 5 16 10 11 10 14 19 16 10 5 11 19 12 18 14 16 8 18 13 13 5 14 20 6 14 18 5 14 6 19 6 10 15 14 6 5 11 10 5 5 16 15 18 14 9 8 12 15 19 20 8 11 19 15 19 8 10 9 10 20 11 11 11 9 5 8 14 20 9 9 18 7 15 11 6 8 16 14 14 7 18 14 17 6 17 11 15 12 20 17 7 16 12 18 13 11 14 8 17 7 19 10 14 9 12 18 12 5 12 6 18 15 16 5 18 19 14 6 13 6 6 18 17 5 5 13 7 18 14 13 13 10 10 10 12 18 17 9 6 7 10 18 13 5 6 9 12 8 19 5 6 8 8 18 11 19 11 6 8 9 19 18 19 11 10 10 0 6 11 13 14 5 17 16 18 14 19 5 16 12 7 18 17 16 10 9 14 9 6 9 11 11 14 11 12 9 5 11 19 12 18 18 15 6 18 12 19 9 20 8 20 13 19 11 8 13 6 9 7 17 11 10 13 19 9 16 8 13 16 6 17 13 6 8 8 17 15 5 15 11 5 14 6 17 16 19 8 5 6 17 6 19 10 8 10 17 18 11 9 18 14 5 9 15 10 11 7 12 11 19 11 14 10 5 7 19 11 17 7 9 6 11 6 17 14 12 7 9 5 13 5 14 16 17 17 13 11 13 15 15 18 10 18 14 18 15 6 5 20 5 12 16 19 17 9 11 8 7 9 5 5 16 15 13 9 11 5 11 12 12 5 6 15 14 15 18 14 10 18 17 9 8 10 15 15 15 8 15 19 11 9 13 11 10 5 14 18 15 11 19 9 8 16 7 12 14 13 19 20 6 11 13 17 8 6 10 9 13 13 12 9 20 10 6 15 16 18 17 14 9 20 5 18 14 19 9 20 7 19
17 8 10 5 11 12 17 16 11 18 11 18 16 20 14 5 5 12 8 17 15 7 11 8 13 17 9 5 9 18 7 6 7 16 18 15 6 12 11 15 10 15 5 10 7 14 20 11 14 6 13 14 6 17 15 12 5 20 15 19 9 18 16 18 10 11 5 9 5 11 16 18 12 12 6 12 18 16 18 16 16 15 11 9 9 11 12 8 6 14 19 5 17 13 11 8 17 12 9 19 20 19 12 13 15 15 6 7 6 6 13 13 14 19 12 19 6 6 19 10 12 5 7 19 17 17 14 13 10 10 19 9 12 10 8 8 19 9 8 13 16 14 12 10 10 19 12 10 7 9 18 11 20 6 13 12 18 16 16 19 20 20 19 18 17 19 6 17 0 6 16 11 16 5 18 16 6 7 7 8 18 16 13 10 14 20 15 15 16 7 14 19 12 15 14 5 18 11 5 18 11 15 6 6 17 18 6 6 12 17 14 9 19 18 9 7 20 20 20 8 10 5 15 15 11 17 18 13 6 9 7 9 9 6 10 15 12 18 11 18 8 19 20 13 14 19 13 20 20 16 16 5 6 12 5 18 13 11 7 9 8 14 12 15 19 5 17 19 16 8 15 19 8 10 15 9 14 8 6 18 8 18 13 13 9 13 19 7 6 9 7 10 9 7 16 14 9 12 16 6 19 7 15 10 12 18 15 13 19 18 19 20 11 17 12 7 7 20 10 10 11 10 8 10 18 13 11 20 9 13 16 18 18 15 12 5 13 18 10 12 20 18 9 5 17 13 8 16 17 19 18 5 17 18 7 8 15 18 16 17 20 6 20 15 17 19 16 13 6 10 16 7 13 6 11 15 7 20 14 14 17 14 12 7 12 18 14 14 19 17 20 14 8 15 11 9 15 15 12 16
9 12 15 20 18 7 18 17 15 13 5 13 14 10 18 19 15 12 19 14 17 17 12 12 6 20 19 10 19 19 12 14 16 20 7 7 11 9 11 19 12 15 10 7 6 15 15 6 9 5 17 11 15 14 15 8 20 20 14 12 6 17 18 5 14 8 17 17 19 19 15 19 18 6 18 13 10 15 6 17 16 11 18 8 17 19 19 7 17 9 15 16 13 11 20 5 15 17 16 18 17 18 9 12 7 16 20 18 12 10 18 14 20 16 8 17 9 8 5 15 19 18 17 5 19 7 20 16 8 7 16 18 9 9 9 20 9 9 8 19 16 7 18 13 5 13 19 5 11 8 6 9 19 12 14 14 9 20 13 9 18 7 11 14 19 9 18 10 5 0 19 5 7 6 11 16 8 16 7 8 8 19 14 9 11 7 18 13 10 10 20 15 13 12 13 13 16 13 20 16 6 11 10 14 14 18 17 16 6 11 15 6 8 12 6 7 12 10 9 14 5 18 7 18 17 18 14 6 14 5 13 8 10 15 15 15 20 7 19 8 15 15 8 15 15 20 9 5 13 11 20 13 13 10 15 20 20 9 12 20 6 14 8 6 20 10 10 20 19 18 9 20 15 14 8 13 11 13 17 20 11 14 5 19 18 15 20 17 12 8 20 11 11 12 20 12 17 10 9 6 14 6 5 10 14 12 11 12 14 6 10 20 17 6 9 9 17 11 18 19 13 18 16 6 17 5 14 14 14 16 20 11 19 11 11 12 6 17 19 20 9 9 15 16 17 6 15 8 10 9 18 20 12 20 12 5 7 18 11 16 17 20 14 11 12 16 7 16 16 20 13 15 10 6 11 11 18 19 17 20 16 13 8 13 6 16 17 11 20 10 17 17 19 20 17 15 9 19 15 20
5 19 5 18 5 6 11 14 5 16 15 11 10 16 8 8 15 20 11 9 13 8 19 19 14 16 11 15 19 11 9 14 17 19 18 16 9 17 10 5 15 5 15 19 20 6 15 14 20 17 6 7 11 6 5 6 16 7 9 6 13 10 17 5 6 19 16 5 20 14 13 19 10 13 8 17 13 12 11 5 5 13 10 14 16 11 9 12 6 7 15 11 14 19 6 14 10 7 6 20 12 13 7 17 15 18 6 13 20 14 19 11 14 11 10 18 15 6 18 11 11 17 18 10 17 7 19 11 16 19 14 13 12 7 13 17 17 15 7 13 7 9 17 15 16 17 18 15 7 8 11 18 12 14 18 12 11 9 17 7 20 6 15 8 11 7 5 18 20 8 0 15 10 9 15 11 17 15 9 19 16 11 7 10 20 9 8 5 13 7 14 6 9 20 8 15 13 12 5 20 17 12 7 5 12 17 9 11 18 11 10 17 5 9 9 15 6 8 12 17 7 7 8 12 8 11 9 12 10 18 16 18 12 13 10 9 19 16 14 7 11 14 8 5 12 17 9 14 16 5 18 20 8 12 5 10 10 11 12 6 10 5 7 16 18 19 11 5 17 5 12 15 7 16 13 15 7 19 12 14 11 14 11 8 5 17 14 11 17 16 16 13 9 10 9 18 8 12 8 16 5 14 15 10 9 15 16 11 10 19 18 13 5 17 15 18 5 18 9 20 17 7 15 7 16 8 5 14 5 8 6 5 5 9 16 9 5 20 5 14 5 11 18 11 13 13 11 5 5 9 12 13 19 16 17 10 5 12 9 10 7 12 13 20 11 15 20 10 9 13 15 5 13 6 11 6 19 10 19 8 13 14 14 12 5 10 8 16 11 16 6 9 7 5 13 9 14 10 18 13
18 6 9 10 15 12 5 17 13 5 10 11 17 20 12 13 8 7 10 17 8 17 20 13 10 12 15 17 15 20 9 14 6 20 18 15 6 10 20 11 15 9 20 8 5 10 16 15 10 12 11 17 8 18 14 6 20 11 15 19 14 10 9 13 8 6 11 20 16 18 10 5 14 9 13 18 20 11 6 10 5 9 6 8 6 13 10 7 8 9 7 16 17 8 13 20 12 8 7 9 17 19 15 15 18 5 11 10 9 10 14 7 19 9 10 15 7 20 7 10 12 10 12 12 19 15 6 17 11 6 15 20 9 5 19 12 9 9 17 6 17 7 8 16 13 6 15 18 6 6 6 8 20 7 10 9 17 11 11 8 17 18 10 5 20 18 7 12 5 17 7 0 17 10 11 7 17 16 12 7 16 16 5 16 15 13 10 11 13 6 6 7 8 15 13 12 20 11 14 17 9 11 13 13 20 9 9 11 9 11 11 16 19 10 13 10 20 11 17 6 12 17 8 5 16 18 19 6 11 17 8 16 14 7 7 6 14 20 5 12 9 14 17 11 10 19 14 8 9 19 13 19 8 9 13 7 13 6 17 13 7 18 8 12 9 9 6 15 8 11 14 14 6 19 20 10 19 8 11 20 17 14 17 9 7 6 11 13 14 6 19 12 12 11 18 19 10 20 5 20 11 10 20 12 18 18 20 13 17 12 19 13 15 15 17 14 18 14 20 16 15 9 19 6 15 8 19 7 8 15 7 13 18 16 8 7 19 17 19 5 20 18 15 8 17 15 12 17 16 19 13 8 17 19 5 20 12 7 15 6 11 15 17 14 12 9 5 6 7 16 18 8 15 9 11 19 16 16 9 14 17 18 15 14 17 9 6 6 14 8 11 12 17 17 20 19 8 7 5 19
13 15 18 14 14 13 7 9 19 14 9 13 6 12 5 16 20 12 11 7 8 19 16 20 20 7 9 20 9 13 12 18 17 14 9 19 9 20 13 11 7 14 14 14 18 5 8 19 19 9 11 5 17 19 16 18 18 9 12 9 12 7 18 17 13 16 8 16 14 11 6 13 10 10 11 5 14 6 8 6 18 6 19 19 14 19 7 17 11 15 9 16 16 8 7 13 5 20 11 19 13 6 11 20 10 8 9 7 12 18 11 6 16 12 20 20 8 19 7 16 18 9 18 12 19 6 7 9 20 7 20 15 11 9 9 9 6 6 15 6 10 18 11 7 13 11 10 7 12 16 5 16 17 11 16 15 20 8 11 18 14 11 17 16 14 5 11 20 15 19 11 15 0 9 13 9 19 16 9 7 5 5 7 15 6 8 12 5 10 20 15 7 15 19 9 6 12 16 9 16 13 5 10 17 17 10 18 9 15 9 14 18 5 11 7 19 9 5 7 11 16 10 18 17 17 19 16 17 14 12 20 10 13 5 17 16 5 10 20 20 16 9 13 12 18 10 13 11 6 5 14 15 12 10 14 8 15 6 6 15 11 20 11 13 19 19 7 8 20 7 9 16 9 7 16 5 20 9 6 9 9 17 19 11 9 14 5 8 12 5 8 14 6 12 5 17 17 17 17 6 12 19 17 19 15 7 15 16 15 14 6 14 13 11 18 9 12 7 10 12 11 19 18 8 7 20 8 18 15 14 12 20 18 11 14 17 19 7 16 10 18 20 16 19 18 6 15 6 9 19 12 9 13 12 5 20 19 12 13 7 17 9 5 18 13 14 16 12 5 15 6 20 19 5 20 8 15 11 6 9 12 7 13 15 5 17 19 10 15 17 16 15 13 12 20 5 6 8 8 9
18 18 8 7 17 17 10 15 13 9 8 15 18 9 6 13 9 17 15 11 6 18 16 12 5 5 8 20 8 16 6 17 16 14 13 18 7 5 7 12 10 9 11 12 7 5 13 10 8 6 11 5 8 17 5 19 17 18 20 10 12 15 20 6 18 15 5 6 13 12 8 10 6 7 19 12 16 20 18 9 13 10 14 5 11 9 6 6 11 16 10 10 19 8 6 12 19 8 6 10 19 17 6 13 13 8 12 6 7 14 8 7 14 17 7 16 9 5 13 14 8 6 14 7 20 13 9 14 10 11 11 7 13 11 14 17 8 11 5 7 15 8 11 19 19 18 8 20 5 13 14 17 17 12 17 20 15 17 18 12 7 19 16 9 14 5 11 8 11 8 10 15 16 0 14 13 14 11 18 17 15 17 18 14 6 12 20 6 17 16 18 18 9 20 10 7 7 18 13 16 11 20 10 8 19 5 17 5 16 20 11 18 15 16 9 13 8 10 18 16 19 12 10 13 12 18 20 5 5 18 14 20 15 9 11 19 12 16 11 12 7 6 12 11 14 18 8 14 12 15 10 16 10 6 18 12 11 11 7 11 17 14 12 20 7 15 17 6 18 18 8 9 11 11 18 7 14 19 13 18 16 5 8 20 12 16 16 10 10 12 7 16 16 14 8 9 16 16 16 12 14 5 20 20 13 13 15 18 16 5 13 8 10 6 14 19 17 14 19 20 19 16 18 13 17 18 20 19 10 12 8 8 11 19 10 13 13 13 8 20 7 8 19 19 5 9 13 17 15 15 18 14 7 8 16 8 15 10 5 7 16 18 6 9 18 11 8 12 6 13 16 17 6 19 17 15 6 14 11 14 6 8 15 9 6 6 7 15 18 18 18 20 12 14 10 16 18 8 8 19
19 19 16 8 15 19 7 18 9 6 13 8 12 12 20 19 8 20 11 20 9 15 8 11 16 6 16 12 19 7 19 14 15 17 10 17 18 10 19 8 11 11 13 18 6 17 14 12 5 15 20 5 12 9 12 5 13 16 7 9 8 8 14 10 18 6 20 5 19 16 19 11 6 9 15 6 6 18 13 7 7 18 8 19 20 13 14 11 20 9 17 17 14 17 7 8 19 8 10 14 7 10 16 16 12 9 13 16 14 16 11 18 20 16 6 19 17 15 19 8 9 15 12 8 19 6 12 18 6 16 19 9 10 10 19 15 14 13 17 5 6 19 10 12 19 18 6 13 5 18 8 5 5 5 12 13 6 15 12 19 9 12 9 12 6 6 20 11 7 16 8 10 7 12 0 5 8 16 8 7 10 17 17 7 16 16 6 9 20 7 5 16 15 15 8 20 8 11 18 15 20 20 16 8 12 20 7 19 15 6 6 6 17 13 12 6 8 17 20 9 16 15 6 11 12 18 13 18 15 12 19 15 15 16 11 20 13 17 15 9 16 19 20 10 9 20 6 9 16 9 8 6 7 8 19 15 8 5 9 15 16 7 7 9 10 10 6 5 8 15 6 6 17 14 15 15 7 7 16 13 15 18 13 13 10 15 13 12 18 15 15 8 19 17 18 9 15 19 9 19 14 8 9 6 9 7 8 6 14 18 15 20 10 7 10 18 10 10 5 8 19 6 20 12 15 15 7 14 17 18 8 6 6 12 18 11 9 13 14 6 20 9 19 19 19 16 11 19 14 5 18 8 11 20 11 18 18 19 10 15 15 11 20 20 12 16 18 11 16 10 20 10 13 20 11 15 7 7 7 7 16 5 11 9 7 13 14 5 5 10 11 11 8 17 12 15 17 9 18 20
8 9 6 10 6 5 10 17 18 18 7 9 10 14 19 9 20 9 17 10 16 9 19 19 19 19 15 15 8 11 10 7 15 13 12 10 20 9 16 13 8 14 15 17 16 11 19 6 9 13 13 14 15 11 9 9 20 20 11 17 8 11 11 12 13 5 15 19 13 18 15 6 9 18 19 7 14 9 18 9 19 16 19 10 11 16 9 13 13 18 18 18 9 20 18 7 14 5 15 19 19 14 10 16 15 16 7 6 19 18 10 8 12 8 7 16 14 6 11 13 7 8 15 13 9 13 11 6 18 7 18 15 18 5 11 10 19 13 6 12 6 11 18 16 19 18 15 14 5 9 8 19 5 5 14 20 20 15 14 19 19 15 17 20 15 19 15 14 19 9 6 16 5 10 9 0 12 16 14 8 17 6 20 18 19 7 17 7 5 7 19 7 12 15 19 5 7 15 20 15 20 14 18 13 14 9 7 10 17 18 11 18 18 9 14 20 20 15 6 15 6 18 8 5 10 5 15 15 9 6 16 18 20 7 5 16 6 10 14 14 17 18 14 11 18 12 13 19 16 14 11 17 10 11 19 5 20 19 13 5 17 8 6 17 11 10 13 8 14 13 9 19 12 9 19 11 10 19 18 16 8 19 7 17 9 7 18 19 17 17 8 13 8 19 12 10 17 7 13 11 9 14 16 10 8 10 11 7 12 12 6 6 11 5 13 19 20 19 18 6 20 11 11 5 10 11 18 16 5 9 10 16 15 20 11 12 8 18 7 14 20 13 11 8 14 15 10 13 6 15 5 16 20 11 13 18 13 6 10 20 7 12 12 16 17 6 20 7 18 11 20 7 20 9 11 14 16 20 6 16 14 5 16 7 18 13 15 12 14 6 5 14 16 6 20 10 16 7 13 17
6 19 15 17 14 11 9 16 15 17 18 14 15 19 13 14 12 11 8 17 7 15 17 7 12 15 17 15 15 12 16 13 14 19 18 7 17 7 12 6 9 13 13 12 18 5 17 14 20 10 7 12 11 11 9 15 8 8 18 6 19 12 15 20 13 15 7 15 14 18 18 19 14 13 5 13 20 12 14 11 5 6 11 18 9 17 5 10 5 5 12 19 12 9 8 13 11 11 5 5 5 14 19 20 20 18 9 19 16 9 18 12 8 15 14 12 15 15 17 10 8 14 18 11 15 13 16 13 11 12 14 13 19 19 14 20 10 5 15 19 7 15 11 8 12 19 20 5 9 9 12 8 13 19 15 19 9 16 16 5 16 5 5 8 10 9 17 7 7 6 8 11 10 17 11 13 0 6 10 20 9 19 13 10 5 8 20 7 12 5 17 9 14 11 6 20 15 17 18 19 11 19 11 5 18 11 13 7 15 15 9 6 17 8 13 9 8 8 12 7 16 10 20 11 17 5 20 13 6 15 15 12 13 14 19 18 20 9 17 18 5 13 14 15 13 9 16 5 17 5 18 17 8 18 6 14 16 17 9 16 20 17 20 16 5 19 9 5 11 17 9 7 8 19 9 5 10 9 9 6 16 14 13 10 19 10 5 19 5 5 7 18 16 20 20 8 7 16 17 8 13 16 19 14 19 11 20 14 18 9 7 18 14 12 15 12 9 18 20 16 18 17 19 14 11 5 8 16 19 14 13 7 18 5 17 6 10 20 13 20 14 12 20 11 14 12 18 17 12 13 19 14 15 18 12 9 10 14 15 17 10 13 10 14 12 9 13 16 14 6 17 13 13 12 9 8 9 17 5 17 7 8 7 19 11 16 9 15 15 15 20 20 9 16 12 19 8 11 18 7
17 9 12 10 19 12 19 15 20 12 16 6 18 14 6 16 12 12 17 5 19 9 12 15 12 9 20 12 9 12 6 11 12 10 13 17 15 12 8 8 20 13 15 7 8 17 14 12 15 8 8 7 10 5 15 7 20 13 8 9 19 8 15 5 13 20 12 14 14 9 19 7 20 17 8 20 6 14 13 13 8 12 14 9 5 13 20 17 14 12 8 20 14 6 11 12 15 20 15 14 6 6 7 9 20 9 16 14 5 6 10 7 13 19 14 16 6 12 12 17 20 7 7 8 6 17 8 16 20 16 13 6 9 20 13 20 5 6 5 14 14 15 14 18 13 18 14 9 5 7 17 11 19 18 7 8 11 19 5 11 19 13 15 6 11 6 14 7 14 12 5 14 7 11 10 11 13 0 19 11 11 20 11 15 7 17 10 13 15 17 9 10 6 11 7 18 19 11 15 18 6 12 11 13 18 20 13 15 7 8 17 8 18 19 19 13 18 13 14 16 13 7 17 8 19 17 16 17 6 20 5 6 17 13 9 15 18 16 19 6 20 17 15 9 15 10 11 16 15 16 13 16 20 12 9 5 10 16 18 8 11 11 10 12 14 8 17 16 19 8 17 10 5 9 8 7 7 16 20 14 13 8 10 12 7 20 13 15 12 19 8 18 17 10 18 17 11 19 12 19 16 7 19 7 19 8 20 17 14 5 16 14 20 19 16 11 18 5 12 19 9 5 15 5 10 19 13 10 12 18 5 12 7 11 12 7 17 5 6 9 8 11 13 12 5 15 9 14 12 14 10 13 6 12 11 11 13 14 7 8 15 5 6 8 11 6 17 6 16 8 14 13 9 7 12 20 7 14 11 19 8 16 10 12 6 19 16 10 12 15 13 17 18 12 18 17 10 8 5 12
18 17 18 18 14 15 19 17 16 17 8 20 6 5 5 9 6 5 10 15 19 19 16 16 18 5 7 19 16 8 6 15 9 17 5 17 20 7 18 13 18 20 8 15 5 11 9 8 10 13 18 7 14 13 9 19 11 8 15 6 9 5 16 18 17 18 18 16 18 19 16 9 12 9 15 12 20 8 16 6 13 20 17 9 14 7 9 20 18 11 13 9 20 5 12 13 18 16 12 12 5 11 10 17 9 14 17 14 9 8 13 18 9 12 18 15 9 17 11 19 20 15 6 7 8 5 16 7 17 5 5 14 6 8 6 10 10 18 10 20 16 18 16 20 12 9 19 16 18 7 20 10 20 14 6 17 6 15 17 15 17 10 20 16 10 16 6 20 16 14 7 12 17 8 12 11 16 15 0 13 9 7 12 5 8 8 19 8 8 7 12 7 19 8 6 18 10 12 5 5 11 17 6 17 18 14 15 16 14 18 10 9 15 8 18 10 13 11 7 16 11 14 6 20 17 11 18 12 14 16 7 18 10 6 10 18 8 15 16 18 14 16 6 18 17 7 7 17 8 7 18 7 8 9 14 10 20 5 7 9 18 18 19 16 18 5 14 19 9 13 18 11 6 19 19 16 14 17 17 8 19 16 14 16 6 16 7 9 19 12 8 20 17 9 5 8 12 20 15 18 20 17 15 20 14 14 12 5 17 5 15 9 9 8 6 20 16 16 20 14 13 19 10 8 15 13 20 11 20 16 17 11 9 7 8 7 13 15 16 9 11 14 14 15 20 10 6 14 10 7 12 9 18 14 13 16 19 6 6 9 13 20 9 19 11 14 14 20 7 20 15 16 19 10 11 8 11 7 20 12 11 14 8 10 13 16 19 6 11 10 7 7 8 7 11 20 7 5 16 10
7 13 6 11 13 14 5 17 14 15 16 5 18 18 19 16 20 18 18 8 11 12 13 6 12 17 19 14 14 17 7 20 13 15 7 7 11 17 19 8 17 13 10 18 10 5 13 16 11 13 9 10 9 18 7 10 10 11 7 19 13 18 7 19 7 7 18 19 9 5 20 10 9 11 17 17 17 12 10 10 19 8 19 5 17 5 18 18 5 7 13 7 17 10 9 14 7 19 12 6 17 14 12 17 20 18 7 11 18 10 17 9 14 17 17 5 15 7 12 16 13 12 15 17 10 6 10 20 8 10 12 14 12 13 11 13 10 13 8 17 10 11 10 17 18 12 16 20 8 6 19 13 9 17 18 14 10 13 12 16 5 16 9 15 14 12 18 13 20 19 6 14 18 12 7 18 9 18 18 0 10 13 16 14 20 16 17 6 6 17 6 11 5 5 6 9 20 17 14 10 20 16 8 10 18 20 7 6 10 6 7 5 8 17 20 19 11 16 10 15 16 9 8 15 5 19 8 5 13 14 20 13 17 18 14 18 13 13 12 20 19 5 18 5 19 19 20 17 9 13 17 8 16 12 10 13 16 8 20 18 19 18 17 5 17 19 15 5 15 15 15 15 11 13 7 5 7 8 16 9 9 15 5 20 10 17 8 10 9 16 8 11 17 15 18 14 10 15 5 10 20 9 11 10 7 10 15 9 7 9 12 15 16 11 17 14 17 8 11 14 10 16 5 12 10 15 13 15 10 15 18 9 19 6 14 7 5 19 8 13 19 8 20 11 14 12 7 9 10 9 16 16 7 7 13 5 7 12 15 9 7 6 13 14 8 13 6 9 16 20 10 18 16 9 13 5 6 10 17 19 13 11 13 7 17 6 20 19 20 19 18 16 8 10 7 7 11 16 18 7
16 15 20 18 7 5 6 19 5 16 10 17 10 17 7 18 9 16 19 20 15 15 8 11 19 11 19 13 16 11 11 20 7 8 6 8 8 18 13 16 12 19 9 6 13 15 9 18 7 18 11 19 8 19 11 15 18 5 12 7 11 7 8 17 20 18 15 18 8 20 8 13 11 17 11 11 14 12 18 16 8 15 17 9 14 19 11 18 15 11 6 15 5 5 19 18 15 9 10 5 10 15 6 8 15 10 17 8 10 20 5 13 15 18 14 20 7 14 8 18 20 12 18 12 5 12 6 20 10 17 15 6 20 17 9 13 9 16 13 9 7 20 14 19 12 16 18 20 14 6 17 15 18 5 8 12 18 10 15 5 10 15 15 13 20 8 10 14 11 7 19 19 8 9 18 10 6 5 11 5 0 13 13 8 18 11 17 13 5 5 6 17 8 13 6 5 16 20 10 12 7 20 6 7 11 15 15 11 18 11 7 12 5 14 8 17 7 12 9 17 6 14 6 20 17 12 10 11 19 6 7 7 20 14 16 20 15 10 7 11 5 19 11 9 9 12 15 9 20 19 17 14 14 5 13 6 13 5 20 12 17 8 15 12 18 11 6 8 5 15 8 19 15 17 20 7 18 12 12 11 13 13 16 5 14 10 6 18 5 17 18 9 6 9 11 5 14 17 12 20 14 5 17 7 12 8 19 12 10 16 6 12 5 14 17 20 19 7 17 17 5 14 9 17 16 16 10 10 12 12 10 5 17 5 10 14 14 13 16 7 14 10 18 7 10 10 10 18 18 6 8 20 16 13 12 16 18 20 11 18 18 7 18 18 13 15 20 10 17 12 13 18 19 18 12 17 6 15 9 6 17 14 12 8 8 11 12 16 8 18 5 6 13 11 20 8 11 5 18 7
19 10 14 15 10 6 20 7 19 6 16 7 11 7 5 11 10 15 18 10 10 16 10 20 6 19 12 12 17 16 14 15 16 15 18 14 9 17 15 10 13 16 18 7 15 19 7 7 16 8 11 14 9 20 18 6 6 15 11 14 18 10 14 15 6 20 17 6 18 12 16 19 19 19 13 9 5 6 12 11 19 13 5 5 7 18 17 16 17 20 8 15 8 14 12 8 11 20 13 12 7 13 14 6 8 13 9 11 10 7 14 8 8 14 10 11 6 5 10 16 13 20 8 10 9 18 9 19 7 16 20 19 14 7 20 9 6 9 14 20 18 8 8 16 7 19 11 11 8 12 10 5 17 9 12 19 15 5 19 6 14 12 12 18 12 20 18 20 9 18 5 14 10 17 20 13 5 8 15 20 12 0 17 20 9 16 8 10 13 8 11 10 19 15 7 11 17 5 6 20 17 14 15 5 16 15 9 6 10 5 7 13 19 18 13 8 5 11 19 16 6 7 16 17 8 7 13 12 12 9 9 7 11 5 7 8 8 19 11 11 17 15 9 6 12 7 8 10 13 14 20 15 14 6 12 8 11 19 14 8 7 20 18 11 18 5 5 8 7 17 11 19 5 14 10 12 11 9 9 18 18 14 9 14 13 19 7 8 14 6 17 20 20 14 8 13 20 11 16 9 20 17 14 20 6 11 15 9 16 6 19 12 13 13 19 6 13 7 5 17 16 17 6 6 16 13 19 9 16 12 13 18 12 6 15 19 16 11 16 16 6 17 13 12 7 13 10 14 12 8 6 7 17 13 6 5 11 12 8 6 15 17 11 19 19 15 10 5 15 8 16 8 7 19 11 11 7 16 17 15 14 13 19 18 12 10 9 18 10 5 12 17 11 16 19 6 7 14 7 12
19 6 15 17 20 6 18 7 11 11 6 6 6 18 8 13 7 10 15 20 9 14 9 18 13 14 19 12 11 9 16 9 10 12 11 15 8 11 17 11 11 5 19 13 13 9 18 10 15 15 7 5 18 13 13 17 7 12 12 14 20 12 11 11 7 8 10 18 5 13 8 12 10 14 9 13 20 10 16 15 11 6 13 12 19 10 18 19 7 14 15 8 6 14 11 9 20 10 9 18 10 18 6 17 9 14 15 13 8 18 16 10 6 14 12 14 15 6 13 20 10 8 7 8 16 20 10 10 14 8 16 17 8 20 18 11 16 18 17 13 20 16 8 10 11 16 5 17 14 11 13 13 18 11 16 16 15 11 20 14 17 19 20 16 18 19 12 7 18 15 13 11 12 15 8 6 19 17 12 14 9 8 0 7 15 11 14 13 19 5 15 18 10 15 8 18 11 20 17 9 12 13 5 12 8 20 5 13 14 13 12 17 15 14 19 10 5 20 10 15 20 6 8 7 20 14 19 10 10 15 13 19 15 13 20 10 10 14 8 15 7 13 16 12 7 6 7 16 18 20 18 18 12 20 12 16 17 19 19 12 14 11 16 15 10 6 10 9 8 18 19 9 13 19 18 8 18 5 14 11 19 10 9 16 5 6 13 14 7 13 13 14 14 9 19 15 16 17 20 15 11 15 12 12 16 11 9 6 20 14 8 19 16 11 15 13 8 7 18 18 15 20 19 5 17 11 18 11 5 19 16 14 11 19 18 20 16 18 19 14 9 13 17 10 5 8 6 14 15 7 11 11 15 9 14 5 20 15 5 13 12 7 6 13 10 13 15 5 18 15 11 5 17 13 5 15 5 19 10 6 9 18 18 19 12 11 9 6 19 16 14 7 10 7 8 6 8 10 19 11
15 20 18 8 14 15 16 16 16 16 20 5 11 13 15 14 5 20 6 11 8 13 18 19 6 13 20 9 18 11 9 9 13 6 5 19 20 16 5 16 11 17 10 10 10 15 5 10 11 17 16 20 6 13 8 14 9 15 10 18 7 12 12 18 15 12 5 6 17 13 12 9 19 6 14 15 20 19 6 7 20 8 9 9 19 10 18 19 8 6 8 11 8 6 5 10 5 15 18 8 20 9 6 20 5 19 16 7 17 9 14 5 6 15 10 19 17 14 13 17 17 17 17 16 8 5 14 20 11 20 13 11 12 19 10 9 18 6 13 12 17 9 8 16 8 6 10 10 13 6 7 7 18 12 6 17 11 16 10 9 5 16 17 6 7 7 13 9 17 6 12 16 13 16 14 14 10 14 20 14 16 5 13 0 19 20 11 7 20 13 9 18 9 9 13 12 14 13 13 7 10 7 7 9 6 8 18 17 13 14 16 20 6 13 17 19 12 6 13 6 18 6 16 7 15 20 15 20 12 14 6 5 9 13 10 9 17 15 10 17 17 17 18 7 17 15 5 5 15 5 17 10 6 5 19 20 11 7 11 5 11 7 11 18 14 17 20 16 15 8 6 7 14 11 14 15 12 15 8 5 11 9 18 17 17 5 16 18 5 10 17 19 13 10 20 18 14 8 14 15 11 19 12 5 7 18 6 16 20 8 19 8 19 9 17 16 10 11 5 7 10 20 18 5 9 18 15 9 6 18 9 17 20 16 18 19 14 19 18 19 14 5 6 7 19 5 14 13 17 17 18 7 9 20 7 15 18 9 17 10 17 7 13 5 16 18 5 20 8 13 9 17 12 6 18 8 5 10 14 10 11 9 7 12 12 11 18 12 6 11 19 10 14 17 12 6 7 5 9 11
19 9 15 19 9 8 5 9 16 5 20 13 14 13 16 17 15 19 7 18 7 9 7 8 8 13 10 20 9 12 8 9 19 6 7 16 19 19 5 6 5 9 20 5 6 12 18 8 9 10 8 7 7 15 15 9 7 7 5 6 13 8 11 9 13 8 6 20 10 7 7 19 6 8 19 10 13 7 15 17 14 5 16 13 11 17 8 9 14 18 19 17 16 15 19 8 10 17 6 14 9 7 11 12 18 5 17 10 7 19 18 14 5 20 19 8 16 15 17 6 16 13 7 18 20 19 15 6 14 20 12 20 19 10 13 11 8 7 5 20 7 8 15 12 17 18 7 15 12 12 9 5 7 13 18 12 6 19 15 16 10 7 5 8 15 9 6 17 14 14 18 12 8 10 14 5 11 17 13 11 7 14 18 6 0 20 6 6 11 19 9 7 5 8 19 6 12 12 18 12 11 9 18 19 6 12 16 20 12 10 11 16 20 9 14 8 13 18 5 10 17 20 14 13 13 15 15 9 12 12 15 14 7 16 5 14 17 7 9 10 19 17 6 19 15 16 6 19 6 20 10 20 9 17 9 5 17 5 13 20 6 20 10 20 13 17 7 9 8 15 6 20 10 16 18 7 16 18 7 17 11 11 5 10 18 8 7 11 14 14 19 12 12 6 9 18 20 20 19 14 14 8 16 5 11 13 10 19 20 7 15 11 19 17 5 15 12 10 16 18 14 6 14 16 13 13 6 5 19 7 12 14 7 14 7 6 12 16 18 9 6 8 7 14 14 12 20 10 18 18 7 16 11 12 11 7 17 12 9 6 8 19 12 13 6 5 13 7 19 20 10 19 17 14 13 18 16 8 15 15 20 8 6 11 19 19 11 12 13 5 17 11 14 6 11 7 12 13 12 10
12 18 5 5 5 7 5 18 17 19 20 18 17 10 9 16 11 16 19 14 13 9 9 5 6 16 14 14 16 15 5 15 18 13 9 5 5 20 15 18 11 14 6 7 20 17 20 12 6 13 9 5 6 17 5 20 10 10 16 13 18 9 5 7 12 7 14 16 5 20 6 5 16 16 10 11 6 11 9 20 20 19 15 18 9 15 15 10 17 17 15 11 6 15 9 18 8 19 10 16 14 6 16 16 18 8 12 16 9 13 11 16 20 9 6 11 16 10 7 15 6 10 9 16 10 13 18 16 12 13 6 10 19 8 10 18 13 15 6 9 17 7 11 7 9 18 7 20 10 7 12 7 7 15 16 5 16 6 9 14 10 15 14 13 16 6 18 17 13 16 9 18 11 5 13 12 11 14 16 14 20 15 10 10 16 0 18 7 11 7 11 18 8 8 17 13 13 8 12 16 19 19 13 7 13 16 19 15 11 11 19 13 15 8 8 5 11 17 13 6 5 8 18 5 10 5 17 7 10 9 8 17 13 11 13 15 15 13 16 12 18 13 10 7 14 12 5 7 18 10 16 12 6 10 9 20 12 7 13 19 13 17 11 17 12 16 11 17 11 5 15 13 12 7 18 5 19 15 16 9 5 9 13 8 8 10 19 17 17 6 14 16 15 7 13 6 6 10 15 9 10 12 12 17 8 19 17 11 10 5 19 19 12 5 14 20 7 6 16 6 7 7 13 5 11 19 11 9 16 11 11 12 8 6 18 12 14 14 11 5 9 19 14 17 13 6 18 16 13 14 17 13 8 10 20 15 10 8 19 9 13 5 11 18 8 7 18 10 14 7 12 5 12 12 9 7 20 15 5 15 17 16 12 6 15 5 5 19 13 20 11 20 6 5 13 12 10 10 8 12
7 15 18 11 7 9 12 5 7 15 14 20 20 12 11 8 16 13 9 18 6 14 20 8 18 5 5 15 19 7 17 5 18 8 9 17 6 8 7 13 6 18 15 10 18 14 5 13 16 14 5 14 7 15 7 17 7 17 11 15 15 11 15 9 15 9 6 10 14 9 13 9 8 18 18 12 5 9 14 9 18 7 11 15 15 13 9 18 13 18 17 8 11 6 8 5 13 16 19 16 14 10 14 9 20 20 13 15 20 17 14 10 15 13 7 16 19 17 11 5 19 18 7 15 18 18 14 7 16 5 5 16 6 13 13 7 15 12 13 19 8 13 16 5 19 11 15 9 14 13 10 10 19 11 11 20 14 13 6 11 20 8 7 15 16 9 20 8 20 15 9 7 6 8 18 11 8 16 5 17 15 19 14 11 7 6 0 7 15 16 16 18 9 8 8 19 20 5 10 14 9 19 9 7 6 13 11 10 13 13 16 7 6 12 6 16 17 5 17 11 7 18 17 12 15 12 7 9 13 13 7 11 15 9 11 15 10 13 11 20 12 9 15 18 5 10 10 15 11 17 20 6 10 14 20 9 15 18 12 10 10 18 15 13 5 6 7 13 19 7 18 9 11 6 6 5 7 14 16 17 19 12 17 7 10 13 10 20 12 8 18 6 20 8 18 13 20 5 15 17 5 9 18 11 5 11 6 17 15 11 19 9 10 15 17 5 7 19 19 14 6 12 9 11 6 7 7 7 18 5 19 9 14 5 17 8 10 16 11 5 6 6 14 18 7 12 20 11 19 5 16 7 12 9 11 5 10 11 12 7 5 15 11 15 12 17 10 14 17 14 14 19 5 5 19 6 14 20 8 5 11 11 12 15 18 14 15 13 6 18 9 15 9 11 17 9 18 13 5 7
19 7 10 19 10 12 7 12 11 5 11 19 19 7 8 9 8 9 10 10 14 14 20 13 18 16 15 19 11 15 13 14 20 12 20 20 6 11 15 9 10 20 13 8 18 13 13 9 17 19 13 12 16 13 8 10 15 5 9 13 15 14 19 11 16 13 19 15 19 10 9 13 8 9 7 5 17 20 6 9 7 18 17 10 19 9 17 18 16 17 10 19 12 8 15 8 9 18 15 8 15 18 10 10 19 12 19 16 16 12 20 10 15 10 20 5 10 7 20 20 15 8 19 8 5 19 16 10 7 9 20 8 20 9 17 18 12 17 20 14 16 17 9 11 12 19 17 13 17 9 16 14 9 19 12 11 13 14 9 18 7 5 10 18 12 17 13 15 13 8 11 19 16 5 20 14 20 14 12 10 8 13 16 8 7 8 6 0 18 7 13 18 9 5 12 20 14 5 7 12 10 9 11 14 12 17 19 14 10 8 8 10 18 6 15 7 16 11 6 5 14 6 6 10 16 7 18 17 13 14 15 17 14 7 5 16 18 8 12 11 13 8 17 10 17 10 9 13 17 10 19 12 18 17 6 13 7 20 11 13 11 13 18 17 7 20 11 5 9 15 10 20 16 8 18 20 8 9 18 20 15 15 5 11 11 9 8 8 10 5 8 20 15 18 11 15 14 5 15 5 20 10 11 17 10 16 12 20 8 16 16 12 14 5 10 14 20 9 9 18 16 19 5 17 8 16 10 15 18 5 8 7 18 6 6 14 16 11 9 6 15 14 14 6 8 16 6 14 17 17 17 8 18 12 15 10 14 16 11 7 13 19 13 6 19 11 14 5 16 11 8 6 18 11 8 19 15 12 8 13 14 18 19 14 9 10 10 14 14 9 6 17 9 19 20 14 11 8 17 15
8 6 14 9 15 10 7 9 13 5 14 7 6 20 17 15 18 14 12 14 15 20 13 16 18 6 8 16 12 6 9 7 7 13 13 16 8 20 8 18 5 17 13 11 18 9 12 8 14 11 17 14 10 8 16 16 10 6 10 11 8 5 8 18 10 19 11 19 9 18 6 10 10 7 12 12 11 11 20 8 17 8 15 13 11 5 20 5 5 17 13 19 5 13 15 14 17 20 15 14 20 6 14 6 18 5 11 17 9 16 6 10 20 9 15 18 13 6 16 17 9 7 16 12 11 12 20 6 12 10 6 17 20 16 19 8 8 13 10 15 10 17 14 11 13 5 20 9 14 11 15 18 17 7 14 19 17 5 7 14 9 16 20 17 8 13 5 14 8 12 5 14 10 5 9 13 10 6 6 9 10 13 20 9 8 11 14 9 0 7 12 13 9 20 5 8 15 9 20 12 6 6 20 12 18 9 20 20 10 15 16 19 10 11 7 18 8 20 20 10 20 8 12 15 8 13 9 15 6 10 9 15 20 16 5 14 17 12 11 19 10 8 8 19 10 6 10 5 17 20 13 7 8 10 9 14 6 7 15 19 20 20 10 16 17 17 5 17 16 20 11 17 19 7 6 10 20 6 19 5 17 11 13 7 5 17 13 16 8 20 7 20 17 13 13 8 16 19 6 6 7 19 19 15 13 13 12 15 10 16 19 18 9 5 18 9 12 6 7 8 13 16 11 16 11 5 20 12 11 15 5 7 7 18 14 18 7 17 12 19 19 19 15 19 16 11 18 12 15 9 11 9 8 12 19 10 12 15 10 9 11 20 6 15 10 13 5 12 5 17 18 12 15 20 17 17 12 18 20 13 20 15 9 12 11 12 12 19 5 18 13 9 18 19 9 12 19 11 13 17
17 10 12 18 14 10 16 13 16 13 12 13 20 18 17 18 5 12 16 11 14 18 12 12 6 8 12 11 12 19 15 19 19 13 20 9 9 7 7 16 19 17 11 6 11 11 13 18 19 17 19 17 6 17 18 16 15 15 18 12 16 6 8 10 7 20 16 8 12 11 16 5 14 15 9 9 10 16 15 11 6 13 6 5 17 8 10 9 11 12 7 20 18 13 12 7 11 16 11 7 8 11 13 10 7 20 8 18 17 17 18 14 8 15 12 16 5 19 10 10 14 19 14 10 14 13 20 10 7 6 8 20 15 10 8 16 15 16 19 18 18 18 10 19 9 17 5 5 6 5 18 8 19 13 8 6 20 16 16 7 10 15 6 7 6 11 9 6 18 10 14 19 19 5 8 11 15 6 16 19 20 15 8 20 13 11 15 15 15 0 15 7 10 13 13 11 11 7 8 6 8 8 7 8 20 16 17 5 9 12 7 11 8 15 18 15 6 10 13 11 9 17 16 20 11 8 8 17 9 9 11 15 8 6 13 19 18 18 7 13 12 13 20 15 15 10 9 5 18 16 6 16 14 5 19 11 8 11 16 7 14 9 17 12 5 17 13 16 13 19 12 10 14 6 7 20 9 12 16 15 8 13 19 12 13 18 7 7 9 18 15 12 20 20 13 11 18 11 10 9 18 9 16 10 11 18 8 14 14 10 12 13 8 10 16 12 7 15 18 18 14 14 8 19 19 7 10 17 7 14 11 5 15 14 16 15 19 7 11 7 13 5 14 14 15 12 19 5 5 14 11 11 16 6 15 10 10 15 18 5 12 7 5 14 20 7 14 11 12 17 19 9 15 16 5 5 20 9 13 17 15 15 5 17 8 20 10 18 10 17 20 13 14 14 8 13 20 5 6 11
19 15 8 17 19 6 19 10 14 9 16 17 7 14 8 6 5 16 14 6 10 9 15 8 6 18 13 5 20 7 10 14 17 14 5 14 17 7 14 12 19 12 14 9 8 9 15 18 8 9 15 5 11 9 14 17 14 6 14 17 18 18 7 17 7 17 5 20 14 15 6 10 7 8 5 12 9 14 16 12 19 13 6 7 11 17 9 7 18 20 5 18 5 16 14 17 13 9 20 13 12 17 17 5 8 17 10 7 11 15 16 19 20 19 19 12 6 12 8 8 20 11 5 18 5 17 11 10 11 20 9 8 10 18 9 8 8 14 6 18 9 17 5 12 7 8 16 20 10 20 9 14 6 18 10 14 5 8 13 12 17 14 8 19 14 8 7 7 14 9 11 5 7 17 19 17 15 9 10 14 20 9 11 11 10 11 18 8 8 12 0 5 20 12 18 11 5 17 11 20 7 15 9 6 5 18 8 8 20 5 15 6 17 12 17 15 12 18 17 6 14 14 9 6 12 14 11 19 12 20 11 17 11 15 19 15 17 8 6 5 14 7 11 9 19 11 19 16 10 17 9 7 5 20 19 12 13 17 18 10 18 12 12 9 11 17 11 10 5 18 11 16 17 20 9 5 15 18 13 20 13 16 19 15 6 10 5 6 7 18 11 6 8 7 9 19 12 7 19 13 6 6 17 18 7 11 16 19 9 17 12 14 11 20 10 19 15 6 11 12 9 8 18 16 17 9 5 20 17 19 17 15 16 9 16 6 14 14 11 5 12 19 11 7 15 20 11 11 8 17 18 16 10 16 19 6 9 6 6 11 18 13 12 5 19 11 9 18 19 18 15 6 19 17 7 7 15 10 6 12 12 14 11 16 10 12 20 18 7 12 7 8 9 10 11 12 6 11 15 16
8 15 5 13 12 16 9 8 7 9 11 14 12 18 16 8 12 5 14 13 16 16 6 9 10 8 12 19 18 7 16 9 6 15 13 7 10 18 5 16 6 7 9 20 6 18 11 14 17 6 13 17 5 7 19 12 16 7 12 20 15 12 11 8 17 18 9 12 17 6 16 16 9 13 16 13 9 11 7 18 12 6 18 18 14 16 11 15 7 6 10 16 9 17 17 17 17 14 18 16 12 7 16 15 15 20 17 12 16 15 13 16 9 5 17 5 18 12 7 15 18 17 20 8 14 14 5 19 5 14 15 15 11 17 20 16 12 9 5 13 18 13 7 20 20 6 10 8 18 5 14 9 7 10 18 17 6 12 8 12 10 8 5 9 5 18 19 19 20 18 6 9 13 14 12 12 18 5 20 13 20 10 5 13 17 10 12 20 10 16 20 0 7 18 10 7 9 15 10 12 19 9 12 5 18 10 15 19 13 20 9 11 7 12 18 15 18 17 9 20 20 17 17 5 8 14 10 19 7 9 19 10 12 11 5 8 7 9 18 6 16 20 5 14 19 12 9 8 19 19 5 17 17 7 11 11 19 8 8 9 10 14 9 12 8 15 16 13 7 20 16 11 20 18 17 9 6 9 16 18 11 9 7 12 8 12 17 11 18 15 5 8 17 16 20 13 8 13 19 20 8 8 5 14 13 19 14 9 10 13 6 18 20 20 20 16 19 17 15 6 11 5 19 16 10 15 7 11 16 11 15 7 5 15 19 19 5 16 7 14 15 6 18 13 5 9 19 15 12 20 11 11 12 12 11 13 12 10 13 13 7 17 13 16 15 12 7 14 15 9 17 18 6 13 12 11 9 19 19 9 13 6 5 17 13 19 5 12 9 14 8 8 16 5 20 17 11 19 14 12
15 16 15 9 17 18 13 11 12 16 10 9 5 8 9 17 9 11 7 8 6 20 8 19 11 19 15 12 5 11 9 17 15 14 15 16 13 9 13 14 7 5 12 18 14 16 15 15 7 18 16 7 17 9 6 19 11 12 12 6 7 19 16 19 9 7 6 19 7 10 5 5 12 13 6 15 12 5 7 8 11 6 5 20 17 8 5 13 20 15 9 7 10 8 13 17 16 16 8 15 8 13 19 7 9 10 13 20 17 10 19 12 5 17 14 20 20 20 15 14 9 8 13 18 13 19 16 12 13 8 19 11 8 7 15 11 9 9 7 18 9 6 5 8 10 8 15 6 12 15 14 20 7 19 12 15 20 16 18 7 15 15 15 7 13 16 14 10 12 16 19 10 9 15 18 11 9 15 11 18 8 11 5 18 6 8 15 16 18 20 15 9 0 19 9 6 18 6 8 17 13 11 7 20 9 10 8 5 16 5 14 15 17 13 18 15 7 7 17 15 7 10 6 5 10 14 14 7 7 11 6 8 19 5 7 5 18 17 8 8 11 5 9 8 17 11 19 20 17 14 16 15 9 15 18 16 13 17 15 15 20 11 12 11 10 10 11 14 7 20 14 17 11 5 14 7 14 7 6 13 9 9 13 18 7 13 8 13 17 19 17 15 12 13 12 14 10 13 12 17 12 15 8 17 19 8 9 16 17 12 7 16 8 8 7 13 11 18 8 17 6 19 17 16 7 17 15 18 17 6 20 6 10 17 5 12 19 8 12 10 5 5 15 10 19 5 18 15 5 14 16 10 19 7 16 19 17 5 12 9 9 12 19 14 9 11 11 7 15 6 19 8 10 14 19 6 13 17 11 13 20 13 6 20 11 13 14 18 10 10 15 6 10 11 11 7 5 17 12 11
14 20 9 10 5 8 13 8 13 10 14 13 11 9 14 7 16 14 20 7 5 8 8 8 13 18 9 8 8 6 7 12 7 14 14 17 6 6 6 10 20 11 5 7 12 12 14 7 5 18 10 20 17 11 10 5 15 14 9 10 18 10 12 10 10 12 16 5 5 10 20 20 11 18 15 10 8 8 9 15 9 15 8 14 5 20 9 10 5 5 10 17 8 9 10 15 16 6 8 19 10 12 12 18 8 14 11 13 7 7 14 17 12 20 10 20 6 13 17 6 11 6 18 15 13 13 14 14 17 13 10 6 5 13 17 16 17 15 9 10 6 18 20 12 9 18 17 11 18 18 14 12 12 5 8 15 20 18 14 15 13 12 20 18 16 7 20 8 6 6 20 9 6 10 9 20 8 7 15 16 18 11 13 15 6 11 12 8 11 9 16 20 10 0 18 19 19 20 18 18 7 16 15 8 11 19 9 5 7 9 7 10 12 14 7 16 15 6 13 16 16 11 7 13 18 13 11 9 8 19 9 17 5 11 18 12 16 17 9 18 9 9 7 8 8 13 5 11 6 11 5 6 15 17 19 11 12 18 19 16 15 13 19 11 8 9 7 16 17 8 19 16 17 11 14 8 15 6 16 19 10 5 18 6 16 10 17 19 7 5 10 18 15 13 19 5 12 12 12 18 16 15 20 12 17 5 19 6 12 16 5 16 19 5 14 9 7 5 11 14 7 18 17 14 5 15 6 20 7 8 17 11 18 15 20 7 11 6 8 9 11 13 20 14 13 13 10 12 12 5 13 18 13 15 7 12 18 9 16 15 17 9 16 5 8 8 7 12 14 6 11 6 6 19 17 16 19 9 17 15 5 7 17 15 12 20 9 6 11 10 8 13 15 7 6 13 5 10 18 8
8 13 17 19 16 9 16 18 14 17 6 9 18 19 20 16 11 20 11 18 9 18 13 17 13 14 12 5 7 10 13 10 19 8 5 9 14 13 10 6 9 14 14 13 18 12 12 13 9 17 17 14 11 14 5 8 15 9 9 5 17 13 8 13 8 20 5 12 13 14 5 9 17 9 8 13 11 12 11 5 15 7 12 17 12 6 7 9 17 19 5 17 8 9 5 17 16 20 15 17 6 13 15 14 8 17 19 10 17 17 18 11 15 18 19 18 14 11 11 11 13 14 17 12 8 7 15 8 13 8 9 5 14 14 18 14 7 6 18 15 20 7 14 17 7 13 16 15 5 5 16 14 18 12 14 12 14 14 7 20 9 13 14 9 15 12 8 13 11 13 9 20 20 16 19 16 17 6 13 9 15 19 12 10 11 12 5 20 16 20 10 6 5 12 0 17 12 13 14 12 18 18 14 5 20 13 11 17 20 5 5 20 11 17 14 16 12 19 9 6 7 9 16 10 19 13 16 15 17 17 13 13 14 20 18 11 10 6 18 10 18 5 8 11 20 13 11 12 5 18 13 10 12 19 20 8 14 11 8 8 16 20 17 19 10 17 9 18 6 7 12 13 10 20 19 13 13 16 8 12 19 15 15 10 14 7 16 6 6 8 14 13 19 12 11 20 16 7 11 11 8 12 17 11 8 9 13 5 6 9 7 11 12 7 12 12 19 10 5 8 5 17 15 10 16 16 12 14 20 7 7 15 7 5 15 17 14 9 9 14 20 15 20 6 18 6 17 5 20 15 7 19 6 7 14 19 6 6 18 17 13 9 7 5 18 6 14 7 10 9 17 20 13 8 10 5 8 14 20 7 20 12 8 17 20 8 15 12 14 19 10 9 10 18 11 9 8 18 17 18
16 12 5 11 14 11 11 12 20 10 15 17 8 5 15 20 6 9 15 18 6 5 16 18 10 19 11 16 6 9 8 6 17 16 7 7 14 18 9 15 12 15 8 14 13 14 12 12 8 6 7 6 11 15 9 11 16 6 12 8 9 8 19 7 16 5 10 5 17 20 17 8 15 13 16 19 13 20 7 6 9 17 16 14 20 15 15 12 5 11 20 19 12 9 6 9 20 14 9 18 18 5 15 14 8 13 6 10 11 15 8 17 19 9 20 10 16 13 9 12 7 7 6 18 5 13 10 19 17 19 18 15 6 14 8 5 12 16 11 9 18 20 5 5 16 5 5 20 7 18 7 9 19 17 20 19 20 12 9 18 19 19 19 13 11 20 7 10 12 13 11 14 20 9 18 13 16 14 20 20 13 8 6 12 19 8 10 17 9 16 11 12 17 11 13 0 12 10 12 19 16 10 14 14 14 14 13 5 20 18 13 16 9 20 17 9 11 13 13 13 15 20 14 11 16 7 14 13 12 18 7 6 15 9 19 7 15 17 18 5 6 11 6 12 15 17 11 20 20 13 9 18 9 13 19 9 8 19 15 12 17 9 7 20 19 14 11 18 19 6 13 14 5 17 20 18 8 6 5 9 13 11 5 12 18 11 20 15 9 20 15 5 12 20 17 14 7 16 19 7 13 20 7 13 19 20 6 18 15 16 5 15 10 19 18 7 11 5 8 8 10 16 19 15 11 15 8 20 14 18 6 9 12 16 15 17 16 17 8 14 18 12 19 6 11 20 12 7 8 14 6 16 10 8 8 17 14 16 18 17 16 20 8 16 14 7 5 15 9 13 10 5 12 16 7 13 13 12 6 9 5 5 8 15 15 12 14 7 15 14 14 17 20 16 15 13 18 8 17 15
20 8 19 19 19 8 8 20 9 12 8 8 6 7 11 9 5 19 9 20 10 14 6 17 5 10 6 5 20 19 11 18 6 12 18 20 7 16 11 19 12 14 7 15 5 5 5 18 16 17 10 19 5 8 9 10 18 15 16 9 17 10 19 7 11 19 15 10 17 20 15 18 19 15 10 6 9 19 13 10 8 6 20 10 16 16 6 18 16 19 17 9 11 16 8 17 12 19 17 20 6 13 20 16 11 17 5 11 10 20 17 10 14 7 9 7 15 15 7 8 11 7 17 15 5 12 14 7 13 16 18 15 9 11 15 13 5 11 16 10 10 13 6 16 8 14 10 17 17 8 8 6 19 8 7 17 5 8 8 18 14 15 17 16 8 13 18 12 10 8 18 18 14 11 18 16 9 17 11 9 9 20 16 7 11 8 16 18 14 12 9 18 12 13 6 18 0 17 10 18 13 14 8 12 13 10 18 8 19 19 8 11 8 6 13 14 16 12 15 14 10 6 10 10 18 17 20 12 13 20 13 15 15 15 19 16 20 7 14 6 7 17 8 12 13 13 8 15 6 17 6 14 13 8 20 20 8 5 5 18 11 15 18 17 20 5 9 17 16 7 9 6 13 16 15 14 20 16 10 12 15 11 5 16 5 16 11 9 9 20 9 15 16 19 13 11 10 6 19 11 7 11 8 9 11 13 10 18 10 20 18 14 12 18 20 12 18 19 11 20 7 19 18 8 20 8 12 13 10 6 11 10 10 5 15 5 6 19 6 13 8 8 18 11 16 14 8 18 15 18 15 19 17 7 6 17 10 12 16 17 11 17 8 19 7 7 18 12 19 18 16 17 14 16 9 9 18 10 13 5 11 9 6 17 13 8 19 5 19 19 12 16 9 19 15 8 7 12 13 10
16 15 5 11 7 16 16 7 16 12 19 5 14 6 9 9 6 10 7 9 8 18 7 14 9 9 20 10 17 15 20 20 15 10 13 7 13 14 7 20 17 7 15 7 7 7 11 9 20 13 15 11 11 15 12 11 12 17 11 5 5 6 19 18 16 12 12 13 14 20 11 18 10 18 8 13 16 15 15 17 7 16 15 9 5 16 18 18 6 12 13 10 8 12 15 18 17 18 18 8 17 16 9 20 18 12 12 9 6 5 5 15 6 10 11 15 17 10 20 16 7 8 18 8 9 13 7 17 13 12 18 17 6 8 20 18 12 19 19 16 9 16 6 5 10 5 6 9 16 17 12 8 17 10 10 18 18 20 19 20 7 14 20 7 19 9 18 13 10 13 12 8 16 6 13 16 17 6 13 14 12 13 17 12 7 11 9 10 11 11 10 6 11 10 5 13 8 0 8 20 18 5 5 7 17 7 11 11 6 12 16 6 12 17 19 14 12 5 16 5 19 17 9 9 17 12 14 9 17 5 15 20 11 20 12 11 17 11 16 15 12 19 6 10 11 7 17 8 19 7 6 7 9 5 5 13 15 18 13 10 13 15 16 20 9 13 9 18 11 8 10 14 15 17 10 16 12 20 8 14 17 16 14 8 10 7 15 7 14 6 16 18 6 7 12 11 14 9 13 11 19 9 15 11 13 13 10 20 12 9 5 9 12 7 6 16 17 19 8 20 19 9 7 12 11 8 6 13 15 12 19 20 14 20 11 16 20 17 19 11 5 10 15 6 14 10 5 9 11 16 18 5 10 10 11 11 15 15 15 12 20 15 6 15 9 15 6 10 19 11 19 13 9 8 6 14 18 18 5 11 19 10 5 9 9 6 16 16 11 12 19 8 17 18 16 14 5 11 19 6
19 13 5 6 19 7 7 17 17 7 11 13 8 17 6 11 5 20 5 9 14 19 19 8 10 9 7 14 9 12 9 5 18 14 17 16 5 10 20 15 15 8 15 20 18 9 11 15 19 20 15 10 11 15 13 18 16 16 19 7 8 12 14 17 5 10 7 8 19 7 7 19 5 5 18 11 9 14 12 19 20 8 12 7 18 12 19 14 9 9 16 19 18 19 5 10 18 12 19 13 20 5 13 20 11 7 14 8 6 19 16 20 17 19 11 14 15 14 9 20 13 10 17 6 12 19 16 16 5 9 17 5 10 9 14 14 17 8 18 20 15 13 20 16 11 7 19 17 11 10 18 17 5 13 6 5 19 18 20 17 7 5 6 11 9 10 10 10 9 13 11 17 19 10 10 12 17 5 16 17 16 18 19 15 17 16 17 17 17 8 17 15 10 14 12 10 5 16 0 12 18 6 17 5 19 12 17 9 18 17 17 12 20 12 16 15 19 7 13 16 14 16 20 13 7 7 5 11 18 11 15 18 15 7 7 5 19 17 6 20 9 10 20 10 20 6 10 14 8 5 8 13 6 13 12 7 13 8 5 9 19 13 15 14 17 17 11 20 16 19 6 5 7 19 9 9 15 12 13 19 15 18 11 7 14 11 19 5 17 18 19 5 11 5 14 7 11 9 5 7 5 18 10 6 18 16 10 7 7 17 11 9 16 12 17 20 8 8 16 8 14 9 12 20 16 12 16 11 20 7 14 10 18 9 19 11 9 10 7 15 13 7 8 9 12 15 17 20 16 5 14 15 13 10 12 9 6 10 10 20 11 7 16 11 12 18 11 8 18 8 11 9 15 7 12 10 8 19 18 15 18 7 13 14 18 8 20 11 20 20 18 10 8 11 14 13 17 16 12 10
8 13 15 15 12 12 13 7 18 5 11 11 8 20 6 8 13 9 18 12 17 15 20 20 17 18 19 20 5 19 9 7 18 17 11 15 19 5 10 17 6 14 13 12 5 10 17 15 6 15 12 16 10 10 20 19 20 19 16 14 14 15 10 7 15 7 18 19 13 9 10 20 18 13 8 15 11 7 17 14 7 20 11 20 10 19 5 16 6 6 20 5 16 13 13 5 14 10 18 13 13 5 14 10 10 19 6 8 13 15 6 19 11 11 6 9 12 14 6 12 20 18 5 14 7 15 19 10 5 17 10 19 9 8 16 18 8 7 14 15 18 9 7 20 8 14 10 12 19 5 13 19 5 16 10 7 10 14 19 5 11 14 17 5 11 19 20 13 15 11 11 6 13 8 13 15 11 14 16 11 19 11 19 8 8 15 16 13 10 9 16 8 13 7 9 15 17 7 15 0 12 8 6 19 16 8 8 11 8 13 8 9 16 15 12 20 8 9 16 20 17 10 9 6 11 10 5 16 18 14 13 11 6 9 18 13 6 13 7 19 20 13 6 19 7 14 20 10 19 5 16 19 11 5 5 6 5 15 15 10 10 11 14 16 19 16 9 9 6 8 19 14 5 6 6 18 8 15 9 20 5 19 13 16 14 9 14 13 14 17 6 7 6 7 11 19 11 6 7 13 6 18 16 16 13 13 5 17 15 13 9 12 9 19 18 6 6 6 6 13 6 18 17 5 13 8 19 20 17 12 13 14 19 19 19 14 9 8 11 17 9 10 14 12 11 5 11 9 14 8 5 9 17 13 17 10 16 5 20 11 15 11 19 16 9 13 12 11 5 18 17 6 18 7 7 7 13 10 8 9 13 17 6 18 8 8 13 12 13 5 9 18 20 12 15 19 10 14 18 12
16 5 17 10 16 11 13 15 15 11 13 19 17 11 8 8 13 5 14 8 16 15 7 18 18 20 13 20 6 14 16 16 13 8 15 11 18 13 12 11 15 17 13 18 12 11 13 20 18 20 8 15 5 11 14 13 19 11 19 12 12 20 19 11 11 7 18 16 16 10 10 19 7 16 5 16 10 11 5 8 12 13 14 12 5 12 13 10 10 20 11 16 15 19 20 11 13 9 7 11 10 17 7 11 11 11 14 7 11 17 6 20 8 13 8 6 17 13 17 8 16 17 18 20 6 6 15 19 16 16 11 5 7 17 16 17 14 6 9 20 17 16 7 14 20 8 20 9 17 5 11 13 11 9 7 16 14 11 5 8 6 5 18 13 8 6 12 14 10 7 18 11 14 9 8 19 17 5 9 18 6 14 8 13 12 15 16 19 20 6 8 12 20 18 14 11 16 10 8 12 0 11 13 5 6 7 13 7 5 12 17 20 6 7 10 5 11 20 7 13 9 13 11 8 7 16 13 17 12 5 11 11 11 13 20 5 15 5 5 12 15 12 6 14 12 11 15 7 8 18 18 14 18 10 20 6 19 13 17 17 16 17 16 16 12 6 14 17 18 8 20 12 17 5 13 20 5 18 6 9 15 12 20 12 10 15 13 13 20 13 17 17 10 12 16 17 12 8 6 17 18 9 6 17 18 11 14 15 5 19 17 11 16 18 19 8 15 16 13 6 11 18 19 12 19 7 9 16 14 19 18 11 18 19 5 14 15 11 20 14 6 19 19 6 12 6 7 18 8 13 10 15 6 14 8 9 18 10 13 11 8 9 6 20 20 14 10 17 9 5 13 15 5 17 14 18 8 12 10 16 17 12 8 9 12 10 6 14 12 17 14 18 14 7 18 8 19 18 5 10
6 15 15 19 16 13 11 8 16 16 17 13 19 9 16 9 17 9 6 13 6 16 18 18 20 12 10 18 16 13 15 10 8 12 19 7 6 18 9 10 9 20 19 6 5 11 13 19 14 17 15 16 20 8 11 19 7 19 17 16 17 10 20 18 6 12 20 19 5 7 16 14 14 20 9 20 11 16 13 9 16 5 20 18 16 8 14 5 10 20 20 10 9 5 6 11 12 6 16 18 8 14 8 9 19 20 17 8 18 14 7 7 8 12 10 20 18 14 12 14 13 17 20 14 18 8 18 12 11 18 8 7 11 20 20 12 11 19 19 6 5 9 13 16 12 8 8 7 15 7 19 7 7 11 6 14 11 14 6 9 15 19 6 6 12 11 16 18 9 15 8 17 8 8 10 16 6 8 5 13 9 8 19 13 6 7 13 7 13 16 17 20 16 17 20 19 19 9 18 5 13 0 16 8 11 15 9 9 12 6 6 7 18 20 8 10 7 18 6 20 17 16 10 16 10 10 14 15 9 9 9 20 7 6 12 13 8 20 5 6 7 7 20 12 19 13 6 11 19 9 16 5 9 5 5 19 13 20 19 20 12 12 10 10 6 15 16 12 8 16 8 13 19 16 13 11 8 7 12 19 16 16 8 6 8 12 16 8 18 17 7 11 6 7 6 16 15 13 13 13 9 18 11 20 16 6 20 9 18 14 16 14 12 19 20 6 19 12 14 6 12 6 17 19 19 20 6 15 14 12 6 13 16 14 19 5 14 10 20 6 9 19 5 14 9 7 10 19 12 5 11 18 6 13 11 7 5 12 5 10 7 6 18 10 20 16 16 8 6 7 15 19 20 19 8 10 6 11 5 19 20 18 6 13 16 12 13 8 8 17 18 20 8 8 11 20 11 6 16 5
7 7 16 6 18 5 11 13 8 11 10 17 9 13 12 15 5 17 12 15 9 5 16 5 10 7 17 19 17 6 6 9 17 5 6 6 10 8 7 5 16 13 11 18 5 7 17 19 13 13 18 8 12 5 20 7 18 9 8 5 13 7 6 15 6 15 10 17 6 20 6 15 16 19 13 11 20 12 17 16 11 14 18 14 11 18 17 16 5 10 14 9 10 5 12 15 8 20 19 12 17 18 17 15 14 15 12 12 12 18 8 13 9 11 7 6 9 7 9 17 9 14 14 14 20 14 12 6 15 15 14 15 5 9 12 20 17 15 12 11 17 15 20 12 5 11 10 20 5 18 20 20 17 15 13 14 6 13 12 13 8 19 14 14 20 5 17 19 7 13 19 12 9 18 14 16 14 17 7 15 8 20 13 9 15 8 5 9 12 15 7 7 8 18 19 5 15 12 17 5 11 18 0 10 9 12 16 17 19 18 17 18 5 13 6 6 18 11 7 17 7 18 20 19 7 5 20 16 8 5 17 5 18 8 16 8 9 9 20 19 16 19 11 7 7 19 8 14 16 8 18 6 11 14 16 14 17 18 14 12 12 8 16 12 14 16 17 5 18 17 5 8 16 17 8 17 5 18 15 19 7 18 18 6 8 5 17 13 5 11 10 9 16 6 11 6 17 16 12 17 10 14 9 13 16 20 10 11 17 13 19 13 14 17 6 5 12 18 5 13 20 20 17 14 18 20 11 10 19 15 7 13 8 8 19 18 17 9 8 7 8 6 20 8 6 7 13 6 10 12 9 9 14 7 18 10 13 9 11 7 15 6 14 7 14 6 10 10 8 9 8 8 20 11 19 14 19 18 8 5 7 14 5 9 17 18 6 17 5 8 18 10 8 13 15 12 18 16 19 19
14 9 7 9 10 12 12 15 14 8 6 10 12 6 15 17 6 12 14 16 12 13 12 16 11 9 9 12 8 5 7 15 19 13 19 10 8 14 10 18 5 7 12 7 17 10 20 6 11 5 20 17 17 11 11 15 20 7 11 14 8 18 19 20 19 8 17 9 6 13 17 10 12 17 16 6 8 19 15 10 19 7 6 7 20 5 11 18 13 11 13 5 15 15 6 17 13 12 16 15 8 15 5 6 15 14 16 20 13 10 20 17 16 18 14 6 14 19 12 19 18 7 17 19 15 6 7 6 19 6 20 19 17 14 13 10 18 19 7 16 20 6 18 9 7 19 7 5 9 9 19 15 11 8 16 10 6 11 5 5 18 12 6 8 18 16 19 6 17 14 14 18 16 12 16 6 20 11 17 18 14 15 11 16 17 6 13 15 9 6 6 20 10 9 11 17 5 5 16 10 16 12 12 0 8 5 14 18 11 5 5 16 6 6 9 18 9 5 6 17 10 16 20 14 15 14 12 5 19 19 15 15 10 16 10 12 7 19 13 18 6 18 13 14 8 8 14 14 17 7 15 17 8 10 20 10 10 11 18 15 5 20 19 17 18 11 11 15 16 17 17 17 12 17 20 11 20 6 18 9 16 11 17 16 10 15 14 18 19 19 16 19 9 10 9 16 18 8 17 10 14 17 10 6 12 9 15 7 15 9 14 11 17 14 9 12 18 16 10 5 6 17 20 7 18 14 20 6 19 18 15 12 20 18 20 15 20 20 20 15 12 6 13 10 19 5 6 5 10 6 8 9 13 9 6 12 10 17 9 5 18 11 8 11 10 16 19 11 15 11 20 17 19 18 18 16 13 5 11 7 16 6 16 7 20 14 12 12 20 14 19 14 13 15 7 8 10 12 20 10
15 8 19 16 6 20 16 8 9 15 15 16 18 10 17 13 17 20 16 9 6 9 17 10 19 12 7 20 11 13 15 6 11 7 14 19 20 20 14 5 12 8 12 5 18 14 15 20 19 13 16 5 9 16 13 17 17 9 11 12 10 19 7 9 12 17 5 12 11 7 14 18 12 8 8 17 13 14 15 14 17 13 6 7 9 19 19 7 12 9 20 5 6 16 16 8 17 17 19 18 10 20 18 10 8 15 8 16 6 15 7 18 10 15 15 15 14 10 7 15 15 13 17 12 7 5 16 15 19 10 10 12 17 10 5 15 16 9 7 7 7 7 7 12 14 12 8 14 6 13 14 16 20 9 17 6 6 10 13 6 7 8 5 6 20 10 13 15 18 5 19 8 9 19 9 12 11 5 15 20 17 11 17 19 11 12 12 20 11 5 13 17 8 18 20 16 18 14 12 14 12 9 8 19 0 7 17 5 8 10 12 17 10 11 17 14 7 18 17 20 11 20 16 20 19 5 10 16 13 5 6 18 6 5 14 8 19 11 11 18 15 19 8 7 6 7 11 13 11 12 17 5 7 10 17 5 11 18 16 11 7 15 7 12 6 5 10 13 20 12 12 5 6 14 8 20 18 18 10 20 6 18 13 15 16 18 9 14 7 6 12 15 14 11 10 12 17 8 19 14 18 16 18 13 13 9 10 11 7 20 18 19 13 10 13 5 15 19 11 18 7 10 16 13 9 17 11 18 16 18 8 8 18 19 10 9 8 11 17 12 5 10 7 9 20 12 11 20 19 19 19 8 14 9 18 6 19 20 9 13 20 18 17 19 7 8 12 18 13 15 18 16 9 16 15 11 17 18 8 13 17 6 8 16 5 14 17 5 17 10 5 9 13 14 7 20 9 7 6 19
13 5 11 9 10 13 6 18 20 6 19 20 16 14 14 6 19 7 19 9 16 15 9 6 12 12 10 14 13 17 19 6 14 14 20 10 11 8 20 14 5 6 13 8 10 18 15 13 6 19 14 8 14 20 6 9 6 8 17 10 16 7 17 6 14 20 6 18 15 13 20 20 15 15 9 15 13 12 17 8 10 8 11 8 8 8 5 5 11 9 20 9 19 17 6 6 11 20 17 9 16 19 8 16 17 9 6 7 20 13 19 15 13 7 6 6 11 8 9 9 20 17 11 14 6 5 5 16 14 18 12 12 16 11 15 14 11 6 8 13 16 20 7 8 9 9 19 9 10 17 6 13 14 11 12 13 12 10 20 20 8 6 11 8 6 17 8 9 16 5 19 19 20 11 11 15 13 17 9 15 5 5 11 5 13 9 18 13 10 5 8 13 8 6 7 5 15 10 19 6 13 16 6 5 11 0 9 20 15 17 12 17 14 6 18 13 16 6 8 7 10 12 16 7 6 14 6 10 5 15 16 7 6 11 16 20 10 5 6 7 16 13 8 18 14 15 12 14 11 7 5 12 10 9 11 10 6 16 7 20 8 5 8 11 14 14 5 15 8 8 19 14 16 16 20 17 17 13 9 11 16 19 6 10 11 7 6 16 13 14 8 12 14 10 5 5 6 19 8 12 11 17 11 12 8 13 10 20 5 5 13 11 16 17 13 11 16 19 11 19 14 19 5 9 15 8 11 6 9 14 19 9 16 6 15 20 8 17 20 19 11 9 18 16 17 13 17 16 8 7 7 14 12 16 10 13 15 11 9 12 9 7 11 7 14 15 7 11 6 15 10 6 18 18 10 12 9 7 18 5 6 19 13 11 12 8 5 14 15 13 11 9 10 17 9 14 8 17 19 7
10 18 6 19 5 13 12 11 19 12 10 6 6 16 6 10 10 16 6 11 15 8 20 20 17 9 13 19 20 14 13 12 12 7 10 16 8 7 14 5 18 20 19 12 15 5 7 7 9 20 18 6 12 10 5 8 18 7 15 6 10 11 11 20 20 17 15 19 11 10 18 17 19 11 17 7 6 5 9 13 12 18 7 20 7 10 12 7 12 9 18 16 18 11 11 7 16 12 14 8 12 16 6 13 8 13 16 14 11 20 8 18 11 6 16 5 14 6 7 20 8 9 13 7 11 13 11 10 15 6 9 6 20 5 12 16 8 15 9 15 8 16 5 17 13 8 15 15 9 12 8 7 12 15 12 8 9 7 18 13 5 16 17 7 16 18 16 12 14 11 18 14 16 5 19 16 13 13 5 12 15 12 14 8 7 20 11 7 17 5 5 16 18 14 7 8 18 10 11 14 7 13 10 14 11 8 0 17 13 18 10 5 20 9 17 14 18 5 18 13 6 10 19 12 9 6 12 19 18 12 10 17 15 20 14 12 18 16 15 5 16 19 12 12 6 15 14 10 5 5 11 11 18 6 18 13 18 15 7 20 9 12 20 12 18 17 10 20 17 19 10 12 13 7 20 10 16 14 5 8 10 9 11 13 5 8 8 13 9 18 10 5 8 12 10 10 10 13 9 9 20 6 6 10 10 13 10 20 10 15 6 11 9 19 16 8 15 12 16 8 5 12 18 9 9 20 13 10 7 19 9 7 16 8 8 10 8 10 6 8 19 9 6 17 5 5 20 6 5 15 18 9 16 12 20 18 8 9 9 7 7 18 11 16 16 12 12 19 19 14 11 20 15 8 12 12 17 5 7 14 12 10 10 18 5 10 18 19 5 19 11 13 12 11 19 12 16 12 7 7
17 7 10 14 9 9 12 20 10 19 14 14 5 6 10 5 14 12 18 10 13 17 20 11 15 16 20 8 5 18 17 20 14 9 14 16 8 5 16 13 14 9 17 16 10 9 7 18 14 13 20 11 11 14 12 9 11 10 12 20 15 16 12 15 17 16 12 7 20 10 9 14 20 13 8 9 7 17 12 10 16 7 11 12 8 18 9 12 5 9 10 19 11 7 12 8 14 9 17 12 14 11 18 5 11 15 13 18 11 10 13 18 13 14 14 11 14 20 14 10 14 10 11 11 16 17 12 17 12 18 18 13 5 10 5 16 16 18 13 6 7 19 20 6 18 10 7 10 5 16 6 5 18 10 13 12 16 6 11 18 8 9 10 5 18 16 7 9 12 17 12 8 15 5 16 11 7 6 14 20 19 9 18 11 17 14 20 15 14 6 8 13 10 5 14 15 15 13 15 9 6 20 18 20 7 14 17 0 17 8 9 16 15 15 11 10 5 5 8 7 15 16 6 10 11 7 11 18 12 18 10 9 11 9 9 5 14 15 9 6 11 15 19 5 16 8 6 13 8 14 7 18 9 5 19 20 13 17 5 9 17 19 20 15 5 16 11 14 18 16 7 17 20 13 18 17 10 8 17 7 5 11 16 10 7 16 10 5 12 12 6 14 7 7 5 6 12 17 9 8 14 11 5 12 8 5 10 15 16 8 11 11 13 11 5 7 5 15 14 7 6 9 10 20 19 20 16 17 16 19 11 9 16 10 5 15 9 15 9 15 7 16 18 10 13 13 17 8 14 10 11 7 20 11 19 8 9 16 6 6 14 9 18 10 5 12 6 8 17 16 12 6 20 10 18 19 14 13 11 16 15 5 17 13 20 8 20 20 7 9 20 9 19 15 13 10 15 7 6 16
11 20 10 14 18 11 6 12 5 11 17 5 19 20 15 15 8 5 12 17 16 13 8 5 15 20 18 15 18 19 20 14 14 11 11 20 12 9 18 18 8 17 20 11 20 11 9 8 15 17 13 18 17 19 14 9 8 6 19 11 15 19 10 5 18 19 8 6 5 15 10 6 16 9 15 20 5 15 8 18 14 18 14 13 17 17 19 12 13 11 10 13 15 12 18 19 6 8 14 16 6 6 18 17 13 7 9 5 8 6 11 8 9 12 17 9 7 12 13 17 17 11 7 12 8 9 10 14 12 12 10 17 14 13 7 14 14 17 5 18 11 9 5 15 17 15 8 15 19 5 9 5 12 7 6 14 17 13 12 14 7 17 5 8 10 10 18 9 11 13 8 18 20 19 18 12 8 12 7 20 9 14 13 7 16 16 17 12 7 6 15 5 16 16 7 11 7 14 9 7 19 7 6 15 8 18 11 11 0 20 13 8 20 7 15 18 15 6 5 18 8 5 16 11 5 8 7 12 13 7 9 13 17 14 14 10 9 18 13 7 6 6 14 17 11 7 13 20 8 10 15 13 14 16 14 10 9 7 9 16 15 15 11 12 6 18 18 5 17 7 8 19 5 12 6 6 19 18 17 7 18 14 8 12 5 9 20 9 13 20 18 13 10 10 18 14 20 15 13 8 9 9 11 7 5 7 14 13 19 16 8 9 17 11 10 7 18 10 16 17 13 19 10 19 12 18 8 5 19 9 8 13 11 13 19 19 6 9 5 8 5 12 6 17 15 15 10 12 8 14 11 20 5 12 5 7 14 18 6 19 14 16 18 17 19 7 8 15 20 17 15 15 13 15 14 16 13 16 15 11 20 7 14 13 10 16 8 12 18 8 20 6 5 6 16 19 18 15 7 7
12 18 17 14 18 12 8 15 12 19 18 9 11 13 11 10 6 16 13 8 17 14 17 10 19 16 7 9 19 9 19 6 12 9 14 20 7 5 6 20 8 6 18 5 12 19 11 11 5 15 9 14 14 15 8 13 19 13 8 16 17 20 9 13 9 9 17 19 15 6 13 18 16 8 14 19 14 19 13 14 17 11 13 18 11 11 13 7 16 14 10 12 8 15 13 17 9 8 17 18 9 9 6 10 16 15 9 14 8 5 14 12 5 11 19 11 12 16 5 12 7 13 17 12 14 13 6 8 16 10 18 5 10 18 10 12 8 14 16 6 17 9 17 18 8 20 14 18 6 19 17 5 18 20 8 14 9 20 10 17 5 17 10 13 7 6 16 15 5 18 5 17 13 7 5 6 10 9 12 8 11 7 9 8 17 11 19 20 6 13 7 14 19 19 10 18 17 12 7 9 14 19 14 15 13 16 7 6 8 0 5 11 12 13 9 6 6 10 8 20 19 20 20 15 18 13 19 15 18 8 9 15 5 17 8 16 19 9 6 18 20 5 12 19 12 9 19 6 20 8 13 6 17 7 18 7 12 6 17 15 9 13 12 15 8 18 10 9 19 17 14 12 10 16 10 12 13 15 9 16 17 20 15 5 16 14 7 8 13 8 10 15 7 10 16 17 11 11 11 14 16 17 8 20 9 17 10 11 9 14 17 16 12 10 19 13 10 20 14 14 11 11 15 7 11 17 9 11 11 9 12 17 18 16 12 19 19 8 5 7 20 5 16 11 17 9 19 17 16 15 18 20 10 18 5 11 7 6 8 15 12 9 17 20 15 18 5 16 5 18 13 9 16 7 11 18 5 8 14 14 8 8 8 18 8 8 5 14 12 15 8 11 13 17 14 7 18 7 20 10
15 7 8 9 9 15 12 15 10 19 16 11 15 20 6 19 19 20 19 18 15 7 20 5 14 13 15 13 12 20 18 11 12 10 19 7 15 14 8 15 6 15 13 11 18 9 11 12 18 12 9 14 11 8 18 7 20 9 17 7 8 5 10 12 14 7 17 20 19 14 9 10 16 11 11 18 8 10 18 10 14 8 12 8 6 18 12 11 8 9 18 17 10 8 16 11 10 16 20 13 20 18 15 14 12 5 8 9 19 12 17 19 5 15 10 16 18 20 15 5 12 19 8 14 7 10 18 6 6 19 11 18 5 7 15 9 18 20 7 9 11 17 7 7 13 17 7 12 13 18 15 20 14 9 16 6 9 5 13 20 11 18 10 13 13 7 18 8 13 17 20 15 7 7 10 18 14 13 17 13 16 5 20 20 20 16 12 16 17 9 19 11 10 16 11 7 15 5 9 6 8 8 7 14 7 5 9 17 20 13 0 15 9 12 12 15 10 6 10 15 7 8 18 20 9 13 14 20 17 9 11 8 18 15 11 6 14 17 12 6 15 14 18 18 11 20 15 7 17 16 17 6 19 14 11 12 5 5 18 9 10 11 5 16 9 10 9 6 6 7 8 7 8 12 6 16 18 6 9 14 15 18 6 6 7 14 8 15 12 16 14 6 19 17 18 19 13 13 15 11 10 6 17 16 5 18 9 7 6 6 13 15 10 9 10 15 19 17 17 17 11 9 8 12 19 8 8 12 19 13 12 7 14 17 8 20 6 17 9 14 5 6 12 8 17 15 20 6 5 17 6 12 19 10 20 5 20 20 14 9 14 5 15 18 16 9 20 10 19 12 13 9 9 12 16 13 7 17 7 6 5 7 16 16 20 19 19 10 10 18 12 16 8 12 8 9 19 8 7 8
8 15 15 8 16 5 15 14 6 5 12 15 9 6 12 13 12 18 6 10 10 8 7 7 10 10 11 8 16 6 12 14 6 17 5 11 12 11 16 6 12 19 15 5 18 14 16 9 8 19 9 6 6 7 10 20 18 19 8 18 6 5 13 13 18 15 9 15 8 13 17 18 20 5 14 6 7 12 14 5 10 15 15 6 8 8 6 18 12 8 7 20 13 8 7 20 12 11 18 19 18 20 8 19 14 8 15 17 8 14 16 9 13 10 6 17 9 10 16 15 19 11 17 12 8 17 20 5 12 10 17 8 13 5 5 8 12 5 5 18 13 20 9 10 12 6 19 5 15 19 9 8 6 5 20 8 15 14 15 9 11 16 20 17 13 5 15 7 5 14 5 16 18 12 11 16 11 19 6 5 16 14 9 17 10 12 12 17 18 13 16 7 12 18 6 9 20 7 19 6 6 20 20 15 5 16 9 11 20 16 12 0 16 7 20 11 7 19 17 5 17 12 7 12 19 10 7 20 9 9 11 16 14 14 17 18 14 5 9 17 20 7 13 19 17 16 5 9 7 14 18 17 6 14 15 6 12 8 16 5 14 18 18 7 19 11 8 20 14 7 20 17 19 14 15 8 9 14 6 6 8 5 7 12 5 7 9 11 5 19 15 12 7 14 15 13 17 10 12 17 12 11 10 10 11 9 11 5 17 5 13 17 16 9 20 12 16 5 14 5 13 6 17 9 14 5 9 7 18 7 11 16 11 13 5 11 12 19 6 20 9 7 18 6 20 8 5 19 10 18 13 8 10 13 8 15 17 7 7 13 11 7 16 15 16 8 6 11 16 19 16 9 14 12 18 20 10 19 16 8 15 17 15 8 15 7 11 13 12 18 8 18 14 9 11 5 18 9 11 13
9 8 15 16 8 6 8 6 14 13 6 18 15 14 7 12 9 11 19 5 18 16 15 12 7 15 17 17 17 13 15 9 8 16 9 6 16 19 7 9 18 16 19 8 6 8 16 13 12 18 7 10 18 6 13 5 19 11 13 11 6 10 14 18 17 13 6 5 18 7 15 12 12 16 19 17 16 11 12 11 7 16 8 19 9 10 9 12 12 17 11 5 6 14 7 9 14 16 13 14 16 13 11 6 14 20 20 10 6 13 10 19 7 17 16 7 19 15 6 11 13 20 9 13 8 17 7 17 13 14 6 20 10 15 16 20 14 13 6 5 9 17 18 10 15 6 15 7 11 9 14 16 12 7 11 15 17 18 20 10 15 15 14 7 13 6 5 12 19 17 13 16 16 14 19 16 18 13 11 8 6 20 18 13 7 16 20 18 13 8 16 15 19 10 15 13 6 15 13 15 5 14 9 19 13 9 17 7 9 14 7 20 0 6 11 5 6 15 9 12 10 8 7 16 5 20 9 16 12 9 7 20 17 19 14 16 14 8 12 5 9 5 5 17 5 16 13 11 8 6 20 20 10 20 18 12 7 8 20 14 16 7 9 19 6 15 12 12 8 13 9 8 13 17 20 15 5 15 18 8 16 18 17 9 13 7 8 7 13 6 17 10 17 7 16 18 6 11 10 17 20 19 13 10 14 9 10 16 9 20 10 8 9 6 14 20 12 13 17 12 7 17 6 20 15 11 17 17 9 15 13 11 12 12 11 6 11 11 13 14 12 17 15 15 18 5 18 13 17 17 14 12 19 16 5 10 20 14 13 20 10 9 14 8 17 12 7 7 15 7 20 10 10 9 8 15 13 7 6 19 10 8 6 11 16 6 6 15 5 18 11 17 15 8 16 12 13 13 7 11
6 13 11 10 10 12 16 16 18 17 20 11 20 15 20 12 18 7 7 9 13 9 20 5 14 11 10 15 9 18 6 11 20 15 20 7 18 13 5 7 14 17 6 18 12 16 14 14 16 17 10 8 7 15 15 17 13 19 12 12 14 10 8 6 15 7 20 14 12 15 16 10 17 18 9 16 11 19 5 10 6 6 14 12 16 18 11 20 11 7 17 7 16 17 19 14 8 14 14 18 10 18 5 13 9 16 6 12 18 8 5 9 12 5 5 6 13 12 7 19 9 6 11 8 10 8 20 12 15 16 10 9 16 5 18 10 11 13 16 12 12 12 15 16 12 19 10 10 17 18 12 6 5 15 20 11 18 13 8 11 15 6 12 10 7 13 6 20 7 16 11 20 5 13 10 14 18 20 11 12 6 20 12 11 20 8 7 20 6 18 12 5 20 6 19 19 9 7 16 13 5 19 6 16 14 9 16 17 16 20 11 13 5 0 14 13 12 11 15 9 12 13 18 12 8 12 10 6 20 18 11 5 17 15 18 8 15 14 12 19 12 20 11 16 13 15 13 11 17 15 17 12 18 14 13 10 8 16 10 11 15 10 7 17 19 18 20 14 16 11 11 13 8 13 5 9 13 18 16 15 5 13 20 11 18 16 9 14 10 6 19 16 14 9 10 5 9 9 8 7 12 15 13 6 16 6 11 13 6 18 15 9 13 15 12 15 5 19 16 10 10 12 12 13 6 9 11 6 17 6 10 8 14 5 12 19 8 14 8 15 15 16 13 12 8 10 17 5 11 12 13 20 16 8 6 15 12 18 8 13 16 15 10 7 16 16 15 12 17 14 10 7 7 12 5 10 9 7 17 15 9 10 6 11 16 5 14 13 12 9 13 9 10 5 12 18 12 14 13 10
10 5 8 6 10 7 17 14 15 15 14 18 14 16 11 20 16 16 17 20 13 8 7 20 6 6 12 17 7 20 15 5 7 5 19 12 7 13 11 9 12 7 14 9 15 6 9 19 6 18 11 17 18 20 20 14 14 12 16 14 17 15 12 10 9 13 11 7 15 10 16 18 20 19 5 20 11 18 13 13 8 12 8 13 11 8 8 8 14 5 7 6 19 10 8 18 18 11 16 5 18 8 18 10 8 20 13 9 7 16 20 10 11 14 17 12 10 20 19 17 7 18 15 16 17 16 5 15 9 11 5 10 6 18 8 7 8 10 10 11 9 13 15 11 17 9 5 18 12 9 19 20 15 8 15 5 17 17 18 17 14 19 20 16 11 12 10 14 12 15 19 5 9 19 16 9 19 18 18 11 6 14 12 12 10 7 16 16 5 11 15 15 7 19 11 9 5 19 6 18 16 14 8 13 20 6 15 18 15 15 20 11 12 14 0 9 9 18 7 10 16 8 13 13 19 17 7 8 19 7 16 11 9 17 12 17 9 16 16 11 19 7 13 11 15 10 16 8 20 17 6 13 16 11 13 10 7 13 14 16 7 9 7 5 6 6 9 11 6 6 11 13 8 7 7 13 19 7 12 11 6 11 7 5 8 5 15 5 17 12 7 18 13 17 5 18 15 9 15 20 19 11 18 12 11 12 10 8 17 10 11 11 13 5 20 17 17 16 7 13 20 10 15 20 13 12 6 5 20 13 17 6 19 5 8 19 10 15 18 11 5 7 6 13 5 5 5 19 7 19 13 7 6 11 18 9 19 15 7 6 18 9 6 11 7 5 15 20 7 8 18 11 9 10 7 7 8 18 14 9 16 13 10 9 18 11 15 8 9 5 18 10 16 14 13 7 10 9 19 9
9 6 5 12 17 17 12 12 20 7 19 9 14 6 14 6 9 10 13 8 18 9 19 8 13 15 14 7 12 19 13 10 13 9 11 12 5 6 13 6 7 7 10 9 15 9 17 6 16 5 18 18 16 6 17 6 20 15 8 14 11 5 9 20 20 17 6 8 8 16 20 11 7 7 13 17 6 14 9 5 12 15 20 7 15 17 14 19 11 6 12 7 20 16 14 8 13 19 18 8 20 5 9 8 8 13 19 20 15 8 7 8 12 17 19 20 5 16 13 17 14 18 6 14 6 10 13 16 20 7 18 17 12 14 19 8 7 11 12 14 19 18 5 5 14 14 15 15 5 14 15 18 10 10 11 12 19 10 20 20 17 12 20 12 15 8 8 9 20 18 16 5 19 6 5 18 20 7 10 10 8 18 8 19 5 15 12 13 11 17 12 8 10 15 19 9 19 20 17 12 16 9 14 10 17 13 16 16 20 8 14 14 6 16 10 0 7 20 17 19 19 20 8 9 18 9 15 10 12 5 8 15 18 5 9 12 5 15 16 10 9 18 13 14 11 15 12 13 11 13 13 8 20 7 6 14 8 16 14 12 19 12 5 6 7 9 20 10 5 14 8 13 11 15 15 20 7 20 12 18 13 16 5 10 16 12 19 7 15 5 16 5 13 11 9 12 15 19 14 14 10 6 13 19 16 5 12 13 19 14 15 10 6 16 14 6 12 17 14 11 16 8 9 16 7 18 14 20 12 9 8 11 12 7 16 7 7 19 14 18 10 8 13 15 5 12 15 7 7 13 11 20 5 10 10 9 5 7 5 6 11 20 12 20 11 13 5 6 9 17 13 20 8 16 7 10 19 8 17 7 19 8 15 13 13 9 6 17 5 17 13 15 16 19 5 13 13 18 13 5
13 16 8 9 7 8 16 10 6 15 10 16 10 7 19 14 18 8 14 14 10 7 18 9 14 10 12 8 19 20 12 20 10 20 15 17 6 6 19 15 16 16 20 12 5 17 19 17 19 15 18 10 7 8 19 12 11 6 10 5 16 17 7 17 6 17 18 12 17 13 14 17 16 14 6 20 15 19 13 16 17 16 20 12 11 14 18 8 5 11 6 18 13 6 7 10 8 19 15 20 12 7 19 17 20 11 20 13 20 16 10 16 7 16 14 11 6 12 6 20 20 5 18 6 20 19 9 18 20 19 14 12 11 13 12 17 6 10 12 11 14 12 5 20 7 11 20 5 9 8 9 12 7 12 14 13 13 7 16 5 10 7 20 20 13 10 5 13 8 16 12 15 12 20 15 5 9 17 5 19 17 11 7 7 5 12 15 20 13 6 7 16 19 20 11 8 12 16 13 19 10 6 8 17 10 7 18 6 7 9 5 10 20 7 17 14 0 18 11 6 19 5 6 8 5 10 15 19 20 12 19 8 11 16 12 19 13 10 13 5 16 7 11 15 16 12 10 14 9 10 14 14 18 10 17 7 15 16 15 14 18 17 6 18 11 12 12 7 16 13 8 9 11 12 14 5 13 19 11 14 16 10 8 11 9 5 18 9 18 18 13 5 20 19 18 5 6 11 15 8 10 6 18 7 13 5 15 16 18 14 8 13 6 8 17 17 19 5 11 5 16 16 18 17 13 6 5 10 5 6 10 7 16 19 8 14 9 15 8 14 14 18 6 10 10 13 14 15 19 10 18 20 11 10 17 10 9 19 8 8 20 12 12 7 15 13 17 20 16 13 18 18 20 13 18 9 13 11 18 9 9 19 8 7 12 19 13 17 10 7 10 10 14 9 16 5 14 12 10 9
6 9 8 16 14 12 7 5 13 18 7 14 20 20 11 13 6 8 6 17 12 18 15 20 8 16 10 8 5 20 9 15 19 16 6 9 17 16 10 5 11 5 5 17 18 9 19 13 13 17 11 9 19 18 18 14 7 11 13 7 17 17 5 12 13 18 12 5 9 9 9 17 16 8 10 7 10 20 11 13 16 11 7 16 9 6 19 7 15 17 16 17 10 14 6 17 7 18 18 9 9 5 10 13 16 19 8 5 5 16 14 18 8 16 7 14 13 10 13 16 10 11 14 5 20 15 19 20 17 18 14 7 8 17 12 6 16 5 16 18 14 5 11 14 20 15 9 8 7 20 6 16 19 11 17 8 18 18 13 7 13 13 13 6 14 7 13 12 16 13 14 16 9 7 12 18 14 11 20 9 10 12 19 19 16 7 6 5 5 9 9 5 12 11 20 5 10 16 6 11 17 17 6 5 11 14 16 7 11 11 19 10 13 16 15 11 9 0 7 13 10 17 6 18 13 14 9 15 9 8 8 13 9 17 9 5 20 10 5 5 18 8 20 5 17 6 9 5 19 19 14 14 9 10 14 8 18 10 14 17 6 17 16 10 15 6 5 7 16 7 17 14 15 9 12 17 20 9 8 9 14 17 12 11 13 11 9 7 9 14 8 14 19 16 18 8 6 13 11 19 13 7 14 5 11 8 5 13 16 10 8 8 20 13 6 19 18 19 8 13 11 17 18 7 10 9 18 11 17 12 10 10 13 10 12 11 11 8 13 16 20 11 19 19 17 5 19 17 5 19 11 6 19 12 16 6 8 6 12 15 14 14 13 10 12 5 16 16 14 6 17 13 15 13 18 14 7 15 17 8 13 14 17 18 13 6 5 7 20 7 16 8 8 7 19 14 5 12 6 10
7 14 16 5 11 13 14 20 11 9 5 16 6 10 7 10 10 12 10 20 17 20 13 20 18 7 9 8 13 8 13 6 6 10 6 14 14 16 14 13 6 20 19 20 11 16 19 18 5 15 13 8 6 12 12 18 11 15 11 13 8 6 11 8 17 5 16 15 5 17 19 11 7 20 8 12 11 8 20 19 19 13 14 13 10 14 19 8 14 8 10 18 6 5 8 15 6 9 10 19 9 17 5 16 13 5 15 14 19 12 20 11 8 6 7 15 19 19 5 20 13 17 11 8 5 7 19 10 6 11 7 15 8 14 12 11 6 18 18 13 20 9 9 14 7 12 16 6 20 16 12 12 14 16 6 10 20 13 10 8 5 14 13 10 10 20 8 13 18 6 16 13 18 5 17 13 19 13 11 7 16 13 19 14 12 11 13 18 9 18 9 12 8 7 6 20 13 14 19 17 16 19 20 12 7 5 10 13 18 18 14 17 18 19 10 19 10 17 0 20 14 15 14 10 18 10 20 18 5 14 6 17 19 16 15 13 19 19 11 5 15 16 9 12 10 14 5 9 8 10 11 15 19 7 14 15 15 10 16 11 20 5 7 14 20 15 16 11 11 11 15 18 11 20 5 19 16 20 12 9 14 16 11 19 19 17 7 9 6 20 14 17 14 19 14 17 17 20 16 6 15 11 17 5 9 7 11 9 15 15 12 9 12 7 19 9 13 15 15 9 5 17 15 10 5 18 12 8 15 9 10 10 10 17 10 13 14 16 18 13 8 8 15 6 5 20 16 7 16 8 15 10 18 19 5 8 10 19 9 18 19 12 13 7 15 10 8 20 19 11 13 14 14 9 6 17 12 17 13 14 10 5 7 17 6 19 15 16 11 16 9 7 5 12 16 5 9 10 16 19
10 6 13 12 18 6 15 9 10 15 10 14 17 18 17 18 16 9 20 9 11 13 8 18 7 20 13 14 5 12 13 7 9 8 15 7 13 17 10 14 18 11 9 15 14 15 15 20 19 11 13 9 20 18 20 14 5 18 7 8 19 14 5 11 17 17 13 11 7 19 19 6 7 17 11 18 13 9 18 8 16 10 18 9 5 5 8 18 10 5 14 14 17 19 8 16 12 15 9 13 19 19 10 9 18 7 10 18 9 11 15 15 10 17 9 19 5 20 9 18 15 7 14 11 9 18 20 19 11 13 14 9 13 9 17 16 6 17 20 20 18 12 11 6 19 9 10 9 13 7 20 9 16 11 11 16 9 13 5 15 13 17 10 11 19 10 10 19 19 14 5 8 20 6 20 20 16 18 10 14 18 19 6 20 14 13 14 12 9 20 10 6 5 7 20 20 6 6 18 18 14 6 15 8 20 13 19 12 7 13 17 14 10 11 13 15 20 9 11 0 8 20 17 12 18 6 16 14 16 15 15 9 16 12 5 13 11 14 14 6 7 12 17 5 7 19 19 17 11 6 6 16 17 9 17 9 7 14 13 20 17 6 10 6 17 8 7 16 18 11 20 6 9 13 5 17 14 8 11 7 6 12 10 17 18 12 11 8 18 6 5 20 10 8 8 11 18 10 14 19 17 7 12 12 15 17 6 16 14 5 6 16 6 16 19 11 10 10 8 8 13 8 12 5 13 11 15 11 12 10 13 19 14 20 12 17 18 13 20 11 20 6 17 9 17 9 7 8 17 7 16 14 9 14 12 11 14 16 10 20 18 17 10 12 6 7 6 16 11 19 9 7 11 11 12 11 18 10 16 6 20 16 20 7 5 9 8 7 10 20 20 6 16 5 16 19 19 15 13 11
5 5 11 18 18 16 19 13 17 9 5 10 8 14 7 13 11 12 6 7 10 15 13 8 9 7 20 8 6 9 7 7 11 9 9 12 14 11 10 16 9 15 9 19 9 12 16 9 15 20 13 9 6 20 8 9 11 16 9 7 11 18 10 9 8 17 8 9 19 20 9 8 14 10 9 9 18 8 6 10 9 8 5 16 20 6 14 6 8 9 13 18 10 17 15 15 18 7 14 15 18 5 12 10 13 8 11 10 10 5 16 20 14 9 9 18 8 19 11 9 17 20 19 18 5 13 19 16 10 7 8 7 16 14 20 5 7 10 13 13 11 12 12 16 17 5 10 14 9 10 9 20 13 8 7 12 18 6 8 7 9 8 8 18 5 13 17 14 13 14 15 11 13 6 6 10 14 9 13 10 15 8 13 6 20 8 13 5 18 6 7 16 19 7 19 9 14 19 12 9 15 10 16 19 5 9 19 20 14 16 11 5 14 5 12 17 12 17 16 19 0 12 14 7 18 16 13 10 14 20 12 18 19 10 19 11 19 14 10 18 18 7 6 17 14 17 20 8 18 7 8 16 14 20 11 11 20 8 8 15 16 17 5 12 19 8 18 8 16 14 17 14 9 13 17 20 6 17 14 13 15 18 14 8 6 15 17 10 5 8 6 6 11 14 19 16 17 6 19 8 11 17 10 6 5 6 12 9 10 8 19 15 18 19 7 5 7 13 5 12 20 18 16 20 7 7 9 17 16 13 12 14 11 20 6 16 14 12 8 15 20 11 11 5 16 11 13 7 17 9 5 11 6 9 11 12 14 13 20 14 20 7 11 13 7 16 19 14 9 7 6 5 6 19 20 20 9 9 19 6 12 14 10 7 18 18 11 8 12 18 8 13 18 15 11 15 12 13 18 13
6 17 11 15 14 12 7 6 8 13 18 14 9 8 14 5 13 9 13 10 18 8 8 19 15 18 15 5 14 18 12 13 18 7 15 5 20 19 6 8 20 11 6 17 19 9 12 13 12 11 7 5 9 17 15 10 13 5 6 16 5 20 10 8 13 17 7 17 19 18 11 13 12 6 5 16 16 20 9 19 13 19 13 6 7 19 6 7 10 17 19 13 19 7 6 12 16 18 5 13 19 17 14 15 11 5 6 6 17 14 19 12 17 6 16 19 11 7 13 10 20 19 8 8 13 13 20 14 9 8 5 14 18 18 16 16 14 16 18 6 5 20 7 11 15 20 18 13 13 19 8 5 5 10 14 12 20 16 16 9 20 5 16 16 18 19 15 6 9 15 11 20 8 15 16 13 15 6 9 11 11 16 5 7 18 10 17 20 13 12 7 13 8 16 11 15 19 6 9 11 9 13 9 12 19 16 20 5 8 6 5 12 20 9 7 20 13 13 10 12 18 0 11 8 17 15 10 18 18 7 11 14 10 15 18 9 19 8 11 17 18 11 13 6 15 14 12 8 18 9 14 7 10 6 19 10 6 11 14 9 10 11 14 10 16 11 18 19 11 7 7 6 14 13 12 20 5 12 9 16 19 17 12 20 9 15 10 19 9 10 5 13 5 19 17 17 12 16 17 14 20 16 5 19 6 7 18 5 18 14 14 20 14 7 16 9 12 9 11 15 8 10 16 18 6 11 17 15 19 5 13 10 14 10 19 12 17 11 8 17 5 5 10 18 9 11 17 16 11 6 6 19 20 9 7 8 5 12 19 15 8 11 15 10 9 7 7 5 12 14 8 15 9 16 8 16 12 9 19 19 10 18 14 9 18 11 19 19 14 7 14 17 10 16 10 6 16 19 6 10
15 6 18 16 18 6 18 9 10 13 20 8 9 15 19 10 6 17 10 20 10 19 14 15 13 18 14 6 19 11 14 9 15 6 10 10 7 9 6 11 19 10 8 6 19 10 8 18 14 20 20 9 15 5 14 7 17 6 13 16 6 18 20 8 9 9 18 14 15 9 18 13 6 9 18 9 11 14 16 13 19 12 12 16 5 15 20 5 10 9 12 15 12 15 19 20 9 20 7 11 12 9 13 13 6 7 11 10 7 8 15 10 14 17 8 9 6 9 16 13 11 6 11 12 6 10 7 10 13 16 8 14 7 11 10 17 7 17 20 19 17 20 14 14 5 6 9 12 14 16 9 13 5 19 15 13 20 17 15 11 12 19 7 16 14 18 11 12 9 8 11 7 16 7 8 17 5 6 17 14 9 20 10 16 7 14 17 14 11 17 6 20 8 6 14 15 14 19 15 5 12 12 18 15 6 11 19 16 17 15 5 9 15 19 5 17 20 10 14 11 18 6 0 19 14 7 13 10 13 19 5 8 18 10 13 12 11 15 19 18 16 6 18 17 19 20 7 18 16 11 12 9 8 14 9 7 16 18 13 5 7 17 5 16 5 11 8 10 15 17 9 9 9 12 5 9 18 20 15 5 12 12 20 9 17 10 12 15 11 6 9 15 12 15 8 5 20 7 13 7 10 9 8 8 13 15 16 5 16 13 14 18 5 12 11 12 16 18 12 7 19 12 9 20 15 14 20 20 18 17 8 18 9 13 17 17 17 19 7 20 10 19 16 7 19 5 5 17 8 16 17 7 19 12 11 14 8 8 8 14 18 7 15 6 14 19 8 9 16 8 16 5 17 5 11 16 16 18 9 19 16 17 10 6 16 19 9 6 20 13 8 15 8 8 7 7 13 17 6 8
10 12 11 18 13 14 12 14 7 11 16 11 19 16 12 19 6 12 18 15 6 7 17 13 15 9 20 8 10 19 14 12 20 9 5 17 20 16 15 19 13 15 14 14 5 18 16 11 16 5 20 5 6 14 5 12 16 5 15 7 6 17 20 7 6 20 13 20 17 8 14 15 15 10 19 17 5 12 10 15 15 16 12 8 10 10 12 11 18 19 15 15 20 19 15 14 15 10 12 15 16 12 5 20 13 6 15 17 17 8 12 11 18 9 19 16 18 13 5 8 5 5 12 15 7 7 17 7 20 13 16 11 12 13 16 10 7 15 19 9 20 7 5 11 10 6 6 20 20 6 7 8 12 10 11 18 13 11 15 15 13 6 12 5 5 10 14 7 11 14 19 9 15 16 19 11 13 16 11 19 13 18 19 16 19 10 9 8 12 17 12 20 6 8 16 7 11 5 9 14 20 15 13 20 5 18 20 12 19 14 13 17 18 6 16 13 12 16 7 10 11 20 19 0 14 5 19 18 11 18 9 13 17 6 15 14 14 8 18 19 11 14 11 9 12 14 12 12 12 19 11 9 14 17 13 16 5 13 9 18 17 11 15 6 18 15 12 19 12 10 8 12 10 16 7 5 20 14 7 10 5 12 6 12 5 19 17 12 11 6 6 20 15 8 7 14 8 6 9 19 20 12 14 6 18 7 7 11 11 10 11 14 20 10 20 16 9 8 17 17 13 15 14 11 9 14 16 5 10 14 7 7 6 6 20 20 7 12 10 10 9 8 19 20 8 15 9 16 19 9 12 13 6 16 5 10 12 19 16 18 15 8 19 10 20 7 20 14 17 8 7 10 16 7 18 20 17 14 16 9 6 7 17 15 15 6 10 20 15 8 13 18 13 6 12 9 11 10 16 6
12 5 14 19 18 9 13 15 13 5 8 8 12 16 14 8 17 16 7 18 9 17 9 6 7 15 6 8 18 10 14 11 14 14 19 14 12 16 13 20 9 14 8 18 10 17 15 15 11 14 5 18 18 20 17 5 12 7 11 14 11 9 12 6 8 15 7 5 8 9 8 17 14 18 18 8 6 11 20 13 12 15 10 8 10 10 14 10 17 14 11 18 16 8 7 15 16 7 7 10 8 19 16 6 14 14 5 7 5 7 17 7 8 10 11 18 9 8 11 5 17 12 5 10 10 16 10 8 10 10 12 8 12 5 18 18 14 15 14 15 8 20 19 5 10 18 12 12 13 9 17 13 19 18 5 11 13 15 8 13 14 9 17 13 6 7 5 14 18 11 9 10 6 8 16 14 9 12 6 6 10 7 7 19 18 15 10 8 12 5 14 5 16 7 14 19 9 13 9 15 11 19 6 7 19 19 9 7 10 11 15 19 10 20 9 20 6 13 20 5 20 11 5 12 0 12 11 12 6 8 11 10 20 11 19 5 9 9 6 6 6 13 5 18 9 6 5 17 5 5 10 8 11 14 16 7 6 6 11 18 13 20 15 13 8 13 5 17 10 14 17 6 18 20 10 16 10 16 20 16 8 7 8 7 7 12 15 14 15 13 5 17 6 12 5 12 13 15 7 14 17 12 8 16 7 18 10 8 19 15 13 15 9 12 16 18 5 16 16 14 6 9 7 8 10 11 11 13 9 10 9 19 14 5 18 15 16 13 18 9 15 9 10 11 5 9 5 5 13 18 16 19 5 20 5 15 15 5 11 5 8 11 5 10 18 8 19 13 5 13 12 6 19 9 13 17 18 11 19 17 6 15 9 5 13 9 5 5 10 11 19 7 7 15 6 19 17 11 19 20
10 17 13 14 20 9 14 11 10 18 17 9 12 13 13 8 17 18 10 15 12 18 14 6 13 7 6 9 14 12 8 16 9 14 12 7 8 6 7 8 10 11 18 15 16 8 18 12 11 12 14 10 17 13 18 10 5 18 5 6 14 12 20 7 15 6 11 13 8 16 10 16 16 9 13 5 19 12 11 15 10 8 7 19 19 13 6 6 18 7 9 13 15 16 11 14 7 18 19 7 9 8 10 9 16 19 7 19 8 16 20 13 11 6 10 13 9 16 12 16 16 18 12 13 8 9 11 11 16 12 16 14 9 14 5 7 19 5 12 16 6 18 14 9 13 9 6 15 18 11 8 11 18 9 5 5 7 20 12 14 18 10 10 5 18 17 9 8 11 9 11 5 17 7 18 14 18 12 10 15 18 8 18 12 16 20 18 19 7 6 15 7 16 20 9 13 13 11 11 9 13 10 19 10 6 16 5 11 11 7 9 18 8 14 5 19 8 12 5 12 12 6 18 14 13 0 12 18 17 19 20 16 17 5 16 12 17 15 20 7 17 17 5 12 15 15 5 7 19 17 15 6 16 11 19 13 9 8 11 7 18 16 20 14 16 17 11 10 6 10 5 17 13 8 18 19 5 10 15 12 7 10 20 15 15 8 14 12 14 16 15 19 11 7 13 12 8 14 5 12 7 9 9 8 13 12 7 9 17 10 17 20 17 11 14 14 15 12 11 13 12 11 15 14 19 14 14 9 9 18 9 8 13 20 6 18 11 14 18 9 20 8 14 9 18 10 12 20 20 12 11 13 12 16 12 20 11 17 19 16 7 15 9 17 8 11 19 13 7 11 16 9 19 17 16 7 9 12 20 12 6 15 6 6 5 8 19 5 11 12 12 8 12 16 19 13 19 9 13 19
5 7 17 11 18 6 10 6 18 9 16 18 17 18 13 13 6 12 13 16 11 11 16 20 11 15 6 11 12 11 7 7 13 19 9 7 9 12 18 20 14 14 18 16 19 11 17 18 12 16 11 15 14 17 8 13 18 20 15 19 17 8 8 15 18 6 15 13 6 5 12 9 7 5 9 8 9 15 14 10 16 13 19 12 12 14 10 12 18 6 10 7 10 20 17 9 15 17 15 15 18 20 10 12 18 17 11 18 11 7 15 12 14 19 13 5 13 5 11 15 13 9 16 9 6 20 18 6 9 7 18 5 5 19 7 8 10 10 12 14 6 18 6 9 16 8 9 8 13 9 13 20 12 6 11 14 16 8 10 6 14 14 11 10 19 16 8 12 12 18 6 16 7 9 16 11 6 9 14 12 20 13 14 19 15 9 20 10 6 11 15 13 15 13 9 7 20 8 14 14 17 15 14 7 5 18 14 15 18 20 13 19 11 12 14 7 20 20 11 17 8 9 14 13 16 9 0 8 11 7 11 9 17 16 17 10 18 18 12 16 5 7 15 18 13 12 17 9 12 12 16 8 15 6 18 6 8 6 14 10 18 20 11 6 19 9 9 6 12 6 15 8 12 11 17 19 17 14 14 9 19 15 7 10 11 6 5 9 9 16 5 19 13 11 14 8 14 19 12 11 5 18 13 15 19 10 6 19 16 20 10 8 16 8 16 8 15 15 6 14 12 13 18 13 18 17 9 10 8 12 7 12 15 8 14 18 15 5 11 7 17 20 15 12 15 16 14 20 13 15 15 17 10 11 19 11 8 7 7 17 11 12 15 11 17 12 9 9 10 11 18 11 12 12 15 9 8 14 9 8 14 12 10 5 12 10 16 15 19 5 13 9 6 12 20 16 12 12 18 6
7 16 8 5 7 19 8 5 7 11 11 15 12 6 14 16 9 10 11 16 18 9 14 8 15 20 11 14 9 14 19 11 20 14 15 13 20 15 7 5 16 6 7 16 6 17 7 6 18 6 20 7 7 13 15 5 9 10 17 8 15 13 18 9 5 19 20 9 8 7 14 15 17 18 11 9 5 15 11 18 18 8 16 5 6 16 13 13 19 11 15 8 15 20 15 18 15 8 8 7 9 18 5 9 15 15 13 18 12 6 20 18 19 8 7 7 19 19 17 7 8 9 19 10 6 18 7 7 11 10 20 18 8 14 11 13 16 5 5 17 7 19 15 9 6 16 20 17 19 15 12 13 17 20 6 9 16 7 15 11 7 9 10 19 8 15 5 6 16 10 20 10 10 8 17 20 11 18 8 15 20 12 19 5 6 9 17 13 18 11 14 6 11 17 19 11 20 6 20 10 17 19 16 12 7 14 8 8 9 13 10 9 5 6 8 8 7 7 8 18 20 18 12 12 14 10 17 0 9 17 15 12 13 6 15 17 12 8 13 10 14 14 19 12 11 12 7 12 6 17 14 17 17 13 12 14 9 10 17 14 5 5 20 20 19 15 13 7 7 18 17 11 18 14 17 11 6 9 8 20 15 10 12 16 5 13 7 6 17 7 7 5 20 8 17 12 8 9 16 6 5 16 7 8 8 11 16 14 13 9 15 14 17 17 8 16 12 10 14 10 13 20 16 12 16 15 10 9 16 14 17 17 6 10 5 13 10 9 5 20 16 11 20 17 15 18 6 9 17 11 6 18 12 8 10 15 9 9 20 18 6 19 5 15 10 12 7 13 16 6 8 13 7 16 20 9 7 14 9 9 13 9 6 7 19 15 12 17 11 19 20 15 14 7 12 18 11 9 15 15
6 11 17 14 12 13 13 20 14 11 7 19 6 14 6 16 6 18 13 14 9 13 16 18 11 5 9 7 12 9 6 20 5 16 10 11 5 12 6 19 12 8 13 20 16 6 11 14 7 8 14 18 6 12 19 9 14 15 10 20 16 8 11 14 16 16 20 9 7 19 20 16 17 16 7 9 15 12 20 5 13 13 14 15 5 19 18 11 7 8 18 17 13 16 15 9 9 18 6 10 14 10 11 10 6 10 15 13 8 8 10 17 13 17 10 13 19 18 11 20 7 7 16 14 12 5 15 17 18 8 11 10 19 14 15 8 14 16 5 9 8 6 11 17 20 9 14 16 9 17 7 10 11 20 14 6 13 20 19 7 16 12 16 7 10 20 20 8 13 5 12 8 18 16 6 16 16 5 17 6 11 17 12 5 7 18 16 19 15 15 8 7 12 14 9 12 6 6 20 5 8 17 11 13 12 7 8 17 19 14 17 15 13 18 11 8 13 11 8 10 8 10 16 8 9 6 15 17 0 13 14 10 17 13 10 13 18 6 11 16 12 19 8 10 7 9 9 20 11 14 20 7 18 19 8 9 16 7 5 7 9 15 6 19 14 6 7 13 18 8 5 19 19 7 16 11 10 11 16 9 11 12 13 9 11 5 16 16 15 17 15 17 20 9 20 18 20 20 13 15 7 15 14 20 12 15 17 20 9 18 12 12 7 14 14 9 8 18 18 19 10 11 20 18 11 5 5 6 14 9 18 11 13 9 16 11 12 16 20 20 16 20 11 13 9 8 16 13 5 17 20 9 9 19 12 13 17 19 19 12 10 6 9 7 15 13 11 12 10 5 9 5 15 12 15 10 6 20 9 17 10 12 6 8 14 14 6 18 18 7 17 20 16 16 7 19 20 18 6 8
13 8 7 8 10 17 7 10 13 15 18 20 11 6 9 13 6 6 8 14 11 20 11 17 7 9 8 6 13 9 8 11 16 7 10 10 9 7 6 5 11 6 15 19 12 6 9 14 13 8 16 7 10 7 12 18 20 12 12 18 6 5 15 6 8 20 18 10 16 15 8 18 17 13 17 14 14 9 20 15 6 17 8 11 12 7 16 17 19 17 10 6 19 13 17 10 12 7 6 17 16 12 5 14 16 16 14 19 14 14 5 9 20 8 6 20 13 19 9 14 13 6 17 20 8 20 18 18 19 19 5 11 16 16 9 7 9 8 16 11 14 16 17 16 15 17 14 15 14 18 19 10 6 17 19 20 19 9 8 17 18 18 20 12 15 14 20 9 5 12 13 19 14 9 15 18 5 17 14 7 5 8 9 9 12 15 20 16 7 17 10 5 7 14 20 17 11 5 9 6 5 13 16 12 17 19 20 20 9 10 6 16 18 18 7 18 16 7 19 7 18 18 16 14 10 9 17 6 8 0 15 17 15 14 16 11 18 12 5 14 15 12 14 8 5 13 12 14 7 6 13 6 20 16 12 9 13 16 5 20 11 8 13 15 19 20 17 6 10 8 16 13 16 9 15 16 14 19 6 10 10 7 6 16 5 16 20 15 12 8 16 12 17 13 7 14 8 19 13 18 8 12 15 11 10 12 11 17 20 15 12 12 6 14 18 6 9 5 20 14 7 16 9 9 16 19 15 15 6 11 15 7 5 5 16 12 15 5 6 10 20 18 6 10 19 11 15 6 17 9 16 17 12 9 16 16 9 17 5 17 5 11 9 18 11 11 10 5 20 15 6 16 18 17 16 10 10 20 6 13 8 17 9 9 6 7 9 11 9 5 10 7 14 8 9 7 16 9 10 5
20 8 18 8 5 6 20 5 16 12 19 17 10 18 11 8 17 7 8 18 6 6 12 5 8 11 11 18 6 16 14 8 11 18 20 13 12 19 16 17 19 5 7 15 17 13 16 5 19 8 19 9 17 18 6 5 18 11 9 5 20 7 20 14 7 12 17 17 16 19 14 19 16 5 16 6 9 7 7 8 6 8 10 15 6 20 8 19 19 6 10 9 8 14 7 19 8 10 19 5 20 9 6 5 17 20 6 7 12 12 11 9 10 10 6 9 19 5 15 20 6 10 15 19 17 7 13 13 19 19 13 17 11 14 18 13 13 13 16 7 9 14 16 11 14 13 11 6 17 9 20 8 14 9 9 14 17 9 10 16 5 16 12 10 9 20 19 14 13 20 12 13 18 13 6 17 16 15 6 12 6 17 20 12 5 14 19 15 11 6 20 9 10 13 8 18 12 13 20 17 14 11 6 20 10 10 8 12 5 14 11 8 11 5 14 13 14 6 14 16 6 14 18 5 15 9 14 14 5 15 0 6 14 16 20 17 18 5 8 19 12 20 9 18 19 10 16 20 18 6 9 7 11 17 5 8 18 10 13 19 12 14 7 6 8 16 5 7 18 9 13 13 16 10 18 15 10 16 19 11 7 12 5 9 5 6 17 17 12 8 10 6 15 8 5 13 15 13 16 8 10 6 5 12 14 9 5 11 12 14 16 7 19 12 9 17 8 19 14 11 10 19 17 6 12 11 13 19 17 18 6 18 13 17 8 10 16 20 10 16 5 6 16 20 13 14 6 12 6 10 14 12 18 9 7 19 13 5 19 16 20 18 8 8 14 18 10 11 20 6 20 7 7 14 18 5 12 18 9 12 12 11 6 16 20 17 11 8 7 18 18 15 13 12 6 18 10 14 13 9
17 9 16 14 20 9 18 16 5 9 11 9 11 11 10 10 13 15 10 18 13 6 6 7 17 16 11 9 12 10 9 20 19 18 19 15 5 12 14 7 7 11 16 18 14 13 14 13 8 18 20 19 18 18 17 6 5 11 8 17 20 17 8 9 8 11 9 13 7 18 19 12 17 17 18 6 5 14 13 20 13 6 6 8 10 9 12 16 14 17 8 18 19 11 17 17 20 5 11 16 10 11 6 9 14 20 8 19 15 12 18 8 5 10 15 16 19 12 10 6 8 15 19 20 6 7 9 8 14 8 6 15 16 15 7 13 6 8 18 7 9 5 10 11 15 18 16 9 15 11 17 6 12 6 15 5 14 6 5 10 14 10 18 19 16 19 12 20 17 13 10 7 6 10 5 7 5 19 20 6 5 19 13 20 9 17 12 17 10 6 7 6 11 15 11 14 19 11 14 13 7 15 13 8 6 8 9 18 18 6 11 8 8 9 10 15 6 15 13 8 9 12 13 14 12 19 16 5 18 10 17 0 6 18 16 19 17 9 12 12 13 10 14 14 11 11 9 6 19 16 10 19 11 15 8 7 19 15 6 6 8 20 12 17 11 14 7 14 18 7 6 19 14 14 12 8 5 19 10 8 17 8 18 12 9 8 5 16 16 9 14 12 18 19 19 13 18 16 8 8 12 14 15 20 19 10 10 19 8 20 6 19 19 5 6 12 8 10 8 17 14 14 18 5 10 10 15 15 18 7 7 14 15 17 9 13 13 16 8 19 13 11 12 5 10 12 18 5 11 20 9 5 17 18 10 11 8 8 10 16 6 10 11 12 7 5 6 11 11 17 5 17 9 10 13 8 15 15 5 14 17 15 9 12 15 16 12 7 20 9 9 9 5 17 12 7 18 19 6 5
14 14 8 7 7 13 8 5 5 14 6 20 20 6 9 19 7 12 10 10 20 16 9 11 9 17 14 8 6 19 8 16 20 7 7 8 6 9 18 19 14 12 18 14 15 17 15 9 5 16 18 14 13 18 14 6 18 18 13 10 6 5 13 13 5 8 19 19 15 18 13 13 7 6 6 5 10 13 18 19 18 5 13 10 8 5 11 18 7 19 5 12 7 11 14 19 12 6 12 14 20 7 11 10 12 9 17 11 16 9 6 15 7 13 12 16 19 5 12 7 20 13 11 11 9 9 18 9 19 11 14 13 7 8 16 9 13 6 6 20 16 7 20 15 9 7 18 8 10 5 20 13 14 10 12 8 17 5 16 18 20 13 14 13 20 13 14 6 18 10 17 20 12 8 11 19 7 11 13 9 12 19 8 8 6 13 11 6 10 5 18 9 6 8 17 15 6 13 12 19 8 8 11 11 12 10 16 13 20 9 10 20 20 19 20 11 20 9 20 10 12 20 6 15 12 14 14 9 19 15 12 19 0 17 15 18 13 17 12 7 12 11 6 11 12 15 14 15 7 16 16 19 13 5 17 16 8 6 17 13 11 18 13 5 17 18 20 13 8 9 17 15 17 6 16 16 6 6 18 7 6 8 9 14 18 8 9 15 8 9 20 17 9 14 17 8 10 18 6 9 20 9 7 7 9 8 14 10 13 16 15 19 18 12 18 12 18 6 9 16 8 10 18 16 9 5 8 10 11 9 12 7 7 8 12 16 16 9 5 9 19 10 16 13 20 8 10 20 8 15 10 20 15 12 18 19 12 8 5 17 10 12 17 17 8 10 18 15 20 14 20 6 20 17 16 15 15 5 15 16 20 13 15 11 14 11 9 15 18 15 12 17 18 9 5 17 18 14 15 20
10 7 10 10 15 7 13 13 12 8 5 17 14 16 19 8 6 11 15 9 19 12 20 7 9 20 13 15 19 17 6 14 12 10 5 5 9 6 16 10 11 12 6 18 17 18 15 10 5 20 12 9 12 5 11 12 19 19 16 7 8 12 16 20 12 5 18 18 8 16 12 19 5 17 15 18 20 19 8 18 16 18 14 16 12 11 18 17 6 17 7 18 11 10 13 17 11 11 10 10 7 12 11 15 7 14 18 8 16 7 20 9 7 12 5 16 13 13 13 14 17 12 16 14 12 7 9 17 5 9 13 9 5 20 8 5 14 8 19 9 14 17 18 19 10 11 8 8 9 17 15 6 11 16 15 15 18 10 9 6 20 16 16 5 7 12 7 5 13 9 13 6 15 15 12 8 5 20 18 20 5 15 9 16 12 13 7 14 6 20 11 7 10 8 9 14 20 15 12 10 16 20 15 5 6 7 5 18 9 8 15 15 5 15 10 16 17 19 6 14 16 7 5 11 20 10 18 5 13 9 16 9 11 0 17 7 9 19 18 7 18 19 9 14 7 7 6 17 19 10 6 12 7 8 9 12 9 5 5 16 11 20 20 7 11 8 15 16 13 8 14 13 8 13 18 7 19 13 12 16 5 10 10 19 14 15 17 5 5 13 9 12 9 6 8 18 11 15 7 13 8 11 14 17 18 11 18 20 17 16 13 20 16 16 7 14 7 16 19 5 7 7 14 18 9 14 9 8 19 10 7 9 11 18 7 13 20 9 18 12 13 20 11 14 17 7 12 6 10 11 16 13 15 9 14 19 12 12 20 19 19 12 11 19 10 6 16 12 13 17 7 12 13 14 15 17 18 9 15 10 17 15 12 5 9 6 9 18 9 8 15 19 16 5 16 13 13 7 15 15
10 9 16 16 14 15 18 13 12 17 10 12 7 6 13 14 14 6 16 15 19 8 20 16 16 15 12 8 15 16 18 6 12 7 8 13 18 13 18 16 15 12 12 10 12 10 5 18 17 8 12 14 19 13 12 18 13 17 10 6 5 17 19 16 12 10 6 18 9 9 8 12 16 6 20 10 11 8 11 8 5 17 11 14 7 5 10 5 11 20 11 5 9 20 16 16 13 10 6 15 16 20 12 12 18 20 10 10 6 5 5 16 8 14 18 15 20 18 11 6 7 5 14 10 14 7 20 15 17 19 5 19 11 10 17 12 10 16 8 9 14 11 8 18 13 19 12 17 11 6 18 8 15 12 19 16 5 18 17 11 11 10 11 11 17 18 8 7 5 12 6 13 7 9 12 11 16 10 5 5 9 20 8 11 13 5 16 20 7 19 10 16 18 10 7 8 19 15 6 13 18 7 6 13 12 15 5 9 8 19 20 7 15 10 15 16 20 12 9 17 10 9 13 18 5 18 9 8 11 14 20 17 13 16 0 20 19 8 6 8 18 10 8 13 10 20 9 14 7 17 15 13 20 19 20 13 6 6 19 11 18 15 17 17 20 16 11 9 9 13 10 20 7 20 16 7 18 7 13 20 7 6 13 11 6 16 11 11 13 15 16 19 14 5 6 20 12 16 13 7 7 18 15 13 14 19 16 12 9 7 12 19 8 10 11 11 14 15 8 9 12 19 5 16 6 12 15 19 11 11 10 7 19 10 16 5 6 9 14 11 17 13 6 7 16 7 5 7 13 14 9 17 17 9 19 11 13 13 10 12 19 19 10 8 5 16 14 18 7 17 17 14 19 12 12 17 9 20 5 5 20 17 14 6 13 9 14 8 8 13 11 9 6 5 15 8 10 11 13 11
19 10 5 20 7 11 16 19 16 10 16 16 5 13 10 8 12 20 13 14 11 15 5 10 5 6 6 20 6 10 16 18 15 20 20 6 20 8 14 8 6 14 9 8 12 5 12 18 12 8 9 13 6 11 16 16 8 18 20 19 12 19 19 20 5 18 16 19 20 16 9 15 8 14 11 12 12 20 18 9 8 8 5 19 11 13 9 14 11 9 11 6 13 19 15 15 19 12 13 19 12 7 8 20 9 17 9 8 17 8 12 5 14 13 6 20 14 19 15 17 9 10 5 20 5 12 19 12 6 8 7 12 6 19 10 6 5 20 16 6 11 13 6 6 6 17 15 12 10 9 15 20 15 7 16 13 20 7 10 5 17 15 9 16 7 10 9 20 8 15 11 19 12 6 8 14 6 16 15 19 17 18 14 6 7 13 12 14 14 15 10 6 7 5 12 8 20 6 10 14 11 12 15 15 14 15 19 12 11 12 10 19 13 7 16 20 20 17 6 20 19 7 14 14 20 20 9 14 18 18 11 11 5 16 15 0 10 15 20 8 6 15 10 8 16 8 17 11 8 8 15 16 20 5 18 19 9 13 20 7 16 10 18 12 5 10 18 6 13 11 7 8 19 12 17 7 5 11 13 14 18 17 12 14 10 16 15 14 13 15 18 10 18 7 20 9 19 8 5 8 11 16 10 6 18 15 5 16 16 6 14 7 13 12 11 12 12 20 11 20 6 15 15 6 5 6 13 10 15 7 14 6 11 10 14 8 11 9 9 12 10 14 11 15 10 11 9 9 18 12 7 10 10 8 9 19 8 15 11 8 10 12 19 6 20 12 16 10 10 12 13 5 20 18 13 18 9 7 9 7 11 8 15 6 5 10 8 10 18 18 19 14 6 18 6 9 12 6 17 9
9 11 11 17 12 13 9 19 9 15 9 5 16 5 20 7 6 11 18 16 18 8 7 7 15 12 15 13 20 15 19 7 17 19 18 14 20 18 20 6 18 9 20 18 13 11 19 15 6 20 15 11 10 20 7 17 16 17 18 14 8 5 16 19 7 10 19 5 15 5 9 11 12 12 5 8 19 7 5 18 8 8 15 6 10 12 11 10 7 8 10 20 13 20 8 5 16 16 5 8 18 19 19 5 13 6 6 18 16 8 17 5 13 18 14 9 14 8 19 8 20 20 19 11 20 5 18 19 19 16 19 5 11 18 9 19 14 5 10 12 11 5 9 6 12 15 17 18 16 5 20 17 10 19 13 10 10 5 18 10 14 18 15 19 10 14 13 7 11 16 8 10 17 17 18 14 17 19 12 11 16 9 16 13 5 9 14 11 9 11 16 9 14 7 12 18 17 15 20 16 20 6 9 11 18 12 14 17 5 11 9 15 10 9 14 9 6 7 12 7 15 8 6 10 6 12 15 16 15 12 5 18 13 11 20 9 0 17 10 6 10 16 7 12 18 20 5 6 5 7 12 19 17 20 19 11 8 11 5 14 6 18 5 18 20 11 15 10 20 20 12 16 11 20 18 15 11 10 6 16 18 16 17 10 14 10 10 19 7 16 6 12 19 8 20 8 11 11 10 7 13 11 18 7 10 10 11 16 6 17 14 11 19 20 9 9 12 19 5 6 17 20 5 20 16 15 9 7 8 20 9 5 18 8 18 17 11 9 10 20 7 6 8 6 5 10 11 7 13 11 5 11 15 16 6 13 13 8 14 5 10 11 5 7 13 18 8 9 7 12 19 12 6 16 13 6 13 16 11 7 20 5 11 6 11 12 12 8 17 11 15 13 12 8 14 16 18 8 9 8
19 6 10 7 12 5 11 11 20 13 7 8 11 9 9 19 12 9 9 18 20 17 16 8 9 18 11 19 19 6 9 14 20 15 10 15 9 10 18 19 17 16 16 11 8 8 9 15 17 15 19 7 9 18 8 6 8 14 15 12 17 6 12 8 11 6 6 19 7 17 15 10 15 13 11 9 10 15 17 19 19 9 11 9 7 6 15 14 19 10 20 8 10 19 5 9 13 16 7 15 16 9 8 18 15 20 12 10 12 19 12 10 8 10 11 11 11 12 10 11 13 10 5 5 15 18 5 12 11 16 7 9 20 12 7 11 20 15 13 15 15 13 16 13 10 11 14 11 7 18 19 9 5 12 6 8 7 6 10 17 19 10 19 15 16 11 8 11 7 20 11 15 5 17 11 20 11 14 16 10 14 13 15 17 6 18 8 14 13 6 12 16 8 6 19 10 11 6 11 14 16 11 16 6 19 16 19 7 18 17 18 18 8 7 11 8 7 17 5 14 13 6 20 7 14 6 19 19 6 20 14 9 16 9 13 14 10 0 15 16 5 17 10 15 19 19 10 9 9 18 19 6 14 10 5 9 8 18 19 5 17 20 17 9 12 6 13 6 12 6 13 9 20 14 8 15 5 11 9 5 15 17 6 7 15 8 6 13 7 14 11 6 9 14 15 10 5 10 20 10 7 18 7 14 11 10 7 14 17 5 9 14 11 8 13 11 12 8 13 12 19 12 13 12 15 7 18 18 12 17 19 16 15 14 9 5 11 18 20 14 15 11 19 15 7 5 17 20 18 13 6 8 5 19 8 7 20 12 9 5 10 6 5 8 9 8 15 5 12 19 8 11 12 7 10 11 16 14 20 8 12 6 18 15 20 16 19 5 11 13 11 12 7 9 15 7 7 9 9 11
5 15 5 18 17 17 19 6 18 6 17 7 17 8 10 5 14 7 5 16 17 7 10 6 11 19 11 18 14 17 10 6 7 16 9 6 12 19 7 9 18 8 17 9 8 10 18 13 13 20 13 17 8 12 18 11 6 12 6 16 7 10 15 11 11 11 12 15 13 10 6 7 11 8 17 12 15 11 15 18 5 15 17 7 16 14 12 13 10 9 5 5 10 19 13 9 10 9 11 7 18 10 13 14 9 8 11 6 11 7 6 8 15 5 20 10 17 9 12 17 10 15 14 15 16 17 8 13 20 9 5 11 5 16 14 14 18 5 12 6 15 19 8 6 8 20 7 12 7 9 12 10 9 7 19 10 13 7 12 20 19 5 9 9 11 16 12 9 16 15 13 11 9 5 14 20 13 16 18 8 12 5 13 19 14 16 12 11 9 10 6 12 20 7 5 11 10 16 15 11 13 13 17 11 7 19 16 8 12 11 11 13 19 18 17 17 10 16 7 13 9 12 13 13 8 8 12 20 19 9 11 20 14 13 18 13 7 20 0 7 18 19 6 8 16 7 11 10 11 5 12 20 17 5 17 17 9 20 17 14 6 9 14 16 13 8 5 10 18 17 16 20 5 16 8 14 8 13 18 6 9 10 14 8 10 5 16 7 10 10 19 13 12 13 6 10 11 20 8 7 10 18 5 6 11 5 18 17 11 8 9 7 14 9 20 13 13 7 6 6 17 20 7 16 18 9 19 17 10 9 9 9 5 11 17 17 11 8 5 14 15 10 7 10 20 9 14 7 17 17 20 8 6 14 15 12 16 16 13 10 20 10 13 16 14 5 8 16 7 7 17 10 15 8 13 13 13 12 16 16 8 17 15 17 15 16 6 12 17 7 9 17 12 5 18 19 18 17 9 11
12 17 5 19 17 7 19 13 14 19 8 20 20 18 18 11 9 7 19 15 12 5 6 20 8 18 7 9 12 20 16 7 18 5 6 20 17 18 15 13 19 20 15 14 19 15 6 12 16 17 12 7 20 7 18 11 18 17 14 11 8 16 14 7 5 16 14 5 5 9 7 16 9 11 7 13 18 14 12 19 6 7 14 12 19 14 14 5 11 6 19 14 12 15 8 5 17 16 10 15 12 8 10 15 19 12 14 20 6 6 20 7 10 14 19 5 19 12 10 12 13 9 17 20 18 5 17 17 18 7 17 6 12 11 6 16 7 15 14 15 6 12 5 11 20 9 19 11 18 19 16 13 11 17 20 16 6 9 15 20 8 16 11 13 20 5 5 11 20 19 12 10 14 18 5 8 6 16 15 13 11 11 13 16 9 14 13 7 11 9 14 10 20 12 20 13 17 13 5 11 16 8 12 8 6 20 12 5 11 9 14 14 18 10 17 12 16 16 7 20 15 8 11 5 7 12 15 14 5 18 19 14 5 19 9 18 8 17 18 0 15 17 10 6 14 20 9 18 6 6 12 9 15 14 6 17 5 16 7 17 11 7 5 5 19 10 12 7 16 9 5 12 19 12 19 11 16 7 16 18 18 15 14 10 7 11 16 18 11 18 12 18 19 14 20 13 12 7 16 9 18 10 16 5 20 7 7 12 19 17 7 8 14 10 9 18 17 10 11 19 20 13 10 20 16 14 11 18 15 13 12 13 15 14 8 7 5 12 8 19 11 16 5 18 5 19 5 11 10 12 15 12 15 5 14 14 16 11 10 5 11 6 13 15 18 14 20 13 19 12 5 5 7 6 11 6 14 17 19 10 7 12 17 13 16 17 6 15 6 15 13 20 15 14 9 7 19 17 16 18
6 17 9 15 14 14 9 6 20 18 6 20 20 9 18 19 14 5 16 10 17 19 8 18 17 9 6 11 8 18 15 6 13 7 17 19 19 19 5 8 9 20 12 9 10 9 5 16 20 14 16 20 20 15 20 20 11 5 10 18 16 10 14 5 15 6 9 6 14 19 7 20 19 8 7 6 19 17 7 6 10 10 17 16 20 16 8 14 20 17 16 12 17 17 6 5 6 7 5 13 20 12 18 6 12 7 10 17 15 14 6 15 10 9 9 10 11 6 6 8 9 5 14 10 14 8 11 5 20 15 18 8 14 11 17 10 5 19 10 7 5 8 13 17 12 9 15 17 8 5 8 17 17 10 10 8 13 16 14 11 5 17 15 7 10 18 16 11 9 15 5 9 12 16 5 14 5 8 8 14 9 14 11 12 20 11 12 5 18 9 7 13 19 5 18 9 15 19 9 18 12 9 13 11 5 18 18 10 7 7 14 5 19 12 13 19 16 5 9 6 9 10 20 13 11 19 18 6 5 14 8 7 12 8 12 5 20 19 10 17 0 19 6 8 10 6 20 14 19 13 12 9 15 15 8 7 14 7 20 13 13 19 20 17 7 8 19 16 11 20 19 10 5 10 12 18 7 8 13 6 20 16 19 16 12 19 14 16 15 8 20 12 12 12 14 9 16 10 8 15 13 20 18 5 9 10 5 18 8 13 9 8 5 10 15 6 10 18 8 11 19 18 17 8 9 8 5 20 13 9 8 12 12 13 5 10 6 5 18 17 19 5 5 7 10 13 19 15 8 15 12 14 20 15 12 8 17 8 5 19 14 7 17 18 10 6 6 6 9 17 10 8 7 8 10 16 18 5 9 18 8 17 9 9 10 14 5 14 17 7 16 7 10 8 15 10 13 16 16 15
14 16 16 15 19 16 12 10 19 6 8 20 15 15 14 7 16 5 10 8 5 18 13 14 8 15 20 8 9 18 16 5 7 16 8 18 5 20 15 20 13 18 17 10 16 11 9 18 7 8 9 8 13 19 5 18 7 11 17 13 7 19 11 7 20 6 10 7 7 17 13 20 17 18 7 10 9 17 19 13 18 15 16 14 6 6 13 8 19 17 15 5 17 18 5 10 12 13 11 10 18 5 8 8 9 10 9 11 20 9 20 17 8 17 12 6 11 20 7 20 17 15 7 10 19 5 16 5 6 15 8 13 17 9 11 20 7 10 12 9 14 9 12 13 13 6 11 19 10 18 7 10 6 20 8 16 10 14 19 13 12 15 7 13 6 14 19 15 5 9 14 17 16 10 10 6 5 11 16 12 20 5 19 20 16 11 10 18 10 19 8 6 12 17 15 13 20 13 10 11 17 15 20 18 6 18 12 6 17 17 7 13 12 11 15 10 6 14 9 6 8 12 17 11 11 18 18 8 12 16 6 18 16 5 15 17 19 17 10 17 10 0 11 18 20 16 12 5 9 17 9 16 6 10 5 19 8 11 11 12 15 12 17 12 14 8 14 10 20 9 14 6 8 7 5 12 12 18 7 11 18 18 17 16 17 12 16 14 15 20 7 12 10 6 14 19 20 19 12 10 9 18 12 19 9 19 15 13 20 9 12 5 20 18 19 17 9 8 14 20 5 14 11 17 7 13 7 9 19 13 14 16 16 11 8 20 9 12 8 7 15 8 20 19 11 19 8 13 15 13 20 15 10 18 11 19 16 14 19 5 20 8 20 10 5 20 6 18 9 16 13 10 19 15 14 5 12 14 17 20 20 14 16 14 10 11 8 18 20 6 16 11 18 6 16 16 8 13 6 18
16 13 8 16 5 13 17 12 18 20 7 14 17 19 16 5 20 5 14 15 12 16 20 8 17 6 16 14 10 18 18 6 6 17 5 19 15 9 13 13 20 17 15 11 18 12 6 14 15 8 17 16 12 17 14 9 18 12 15 9 20 9 20 7 14 10 19 9 11 11 18 14 5 20 13 9 11 8 17 6 12 16 13 6 18 17 20 12 8 16 16 12 11 7 11 10 8 10 8 11 11 20 9 6 20 14 18 13 13 6 18 19 18 14 6 14 18 10 18 14 8 7 14 6 18 17 11 9 19 12 20 18 12 10 20 20 14 6 18 8 18 7 13 12 18 8 15 15 14 5 10 8 16 7 13 9 13 5 20 11 13 14 15 19 16 9 12 15 12 8 12 19 14 17 6 14 16 11 15 8 8 12 8 15 18 8 12 15 9 20 10 15 10 20 10 15 18 14 7 15 12 6 12 9 9 14 13 16 8 17 7 11 9 11 8 5 20 15 8 9 12 13 20 14 10 11 9 17 18 10 7 8 12 13 11 9 9 11 16 15 9 10 0 10 6 5 13 11 8 7 19 13 19 15 13 9 11 19 13 16 10 9 7 16 19 16 17 17 9 19 18 19 15 14 6 20 5 6 7 5 17 5 12 20 12 16 5 5 9 7 7 12 7 16 13 18 15 17 17 20 15 14 10 9 18 14 18 18 18 14 7 18 7 6 14 18 15 19 8 14 6 11 5 7 5 8 13 13 15 18 15 19 16 19 18 17 7 20 16 8 20 17 9 11 16 8 8 15 13 12 12 14 15 11 15 18 16 11 5 20 7 16 10 19 16 19 5 15 20 20 17 20 20 14 6 17 17 12 7 7 16 10 7 9 20 10 5 13 10 20 18 14 15 14 8 20 13 17 8 6
6 6 20 20 8 16 6 10 20 10 17 10 11 5 8 19 9 16 13 13 20 13 16 7 14 17 13 19 10 16 12 14 11 7 17 5 8 5 9 14 17 11 9 12 5 11 5 10 8 6 8 7 15 13 7 7 20 9 10 6 15 10 10 17 7 13 11 16 10 15 8 12 16 6 20 17 8 10 14 5 16 13 18 14 15 20 16 10 5 19 12 5 15 7 12 9 9 5 18 11 6 19 19 19 9 15 16 20 12 12 8 10 10 20 18 16 17 5 7 7 10 11 18 7 20 6 20 8 14 10 8 14 16 13 13 11 8 13 14 13 7 6 8 13 16 18 8 18 12 10 17 18 16 20 6 19 12 14 7 11 12 15 8 11 14 6 8 13 18 10 10 11 19 20 9 17 13 6 5 5 9 16 15 15 5 14 9 10 12 12 10 12 7 15 12 5 5 17 15 12 12 16 5 8 9 8 7 19 6 14 16 10 16 8 18 5 15 7 12 7 11 8 11 18 6 9 13 11 13 12 13 19 13 6 10 6 17 11 14 13 11 20 16 0 15 10 10 16 15 10 9 19 14 8 11 13 11 14 12 17 8 6 13 8 18 7 14 15 11 8 14 7 13 12 10 7 18 7 14 15 7 8 13 5 20 17 10 12 7 18 8 14 10 16 7 15 19 16 9 12 16 15 5 18 16 19 8 5 13 6 15 9 18 12 10 10 17 10 14 14 10 6 11 18 5 6 18 7 20 9 19 17 18 16 17 19 15 20 5 14 11 16 12 19 15 19 13 14 14 16 7 13 10 9 14 17 9 9 16 17 7 10 9 13 13 18 6 14 20 19 16 14 12 6 11 16 5 8 14 19 14 9 12 6 9 16 8 10 19 13 10 10 20 7 19 19 8 18 18 8
18 8 19 12 12 9 10 13 19 20 11 15 15 16 14 11 17 5 20 12 16 16 15 20 12 12 15 13 16 15 6 15 10 11 18 14 9 19 14 11 5 12 5 11 9 16 19 15 16 12 9 8 12 17 10 6 7 9 20 11 7 20 20 5 17 15 19 16 17 16 10 16 17 7 15 19 7 12 13 17 10 10 8 7 9 20 9 12 5 16 12 7 18 5 10 16 20 11 11 7 12 18 15 11 11 18 6 6 13 5 12 16 12 10 13 9 15 11 13 5 11 16 13 16 17 9 16 19 17 14 18 10 17 7 13 16 11 12 20 8 10 7 17 20 7 20 7 14 6 11 10 7 19 6 15 13 19 19 9 16 5 5 5 9 5 18 11 12 8 9 10 5 15 7 15 18 12 18 10 10 16 9 10 17 20 20 8 19 17 10 5 9 9 16 11 20 8 15 10 7 17 13 20 5 19 14 14 6 5 12 20 12 15 18 6 11 14 5 7 10 17 18 20 19 11 15 20 11 19 16 13 15 8 20 17 18 13 13 19 14 19 12 16 7 0 12 5 12 6 13 10 9 17 13 14 10 16 7 7 16 13 12 16 17 7 19 10 11 15 20 15 8 15 17 9 7 18 7 6 15 6 18 14 5 20 11 17 16 8 18 18 16 20 5 15 10 13 5 16 6 14 17 5 13 8 14 20 12 10 5 16 7 11 10 14 7 10 20 7 13 12 8 10 11 14 12 20 8 17 20 18 18 20 11 15 20 17 6 14 17 16 17 8 16 11 14 9 7 9 18 19 14 12 5 19 8 7 6 17 15 16 5 10 13 14 20 6 7 16 6 19 10 18 20 6 15 18 8 7 10 6 19 13 7 7 19 11 17 5 5 11 7 9 17 6 14 8 20 14 8
11 9 9 15 12 9 16 18 8 8 17 9 15 13 17 9 16 17 13 19 14 8 6 14 11 13 13 20 8 9 19 10 13 12 10 10 9 20 13 15 18 20 18 19 14 18 5 13 12 15 9 5 18 7 19 6 14 14 15 10 10 14 16 9 9 5 14 8 9 18 17 16 19 15 13 12 6 14 12 19 10 19 16 6 14 5 9 14 5 10 8 20 15 17 14 7 18 11 19 5 16 12 7 7 16 7 9 17 15 15 13 16 9 6 18 20 20 8 14 19 7 5 12 12 20 10 19 8 7 15 8 10 10 14 10 18 9 11 12 17 15 15 17 11 14 8 11 18 7 20 16 18 5 10 14 6 14 16 16 20 5 13 8 6 6 18 18 12 13 20 14 10 10 19 9 11 12 10 14 11 16 15 9 10 18 12 13 14 15 20 15 14 11 11 8 6 5 9 7 19 15 17 13 20 13 6 14 12 6 15 6 9 9 9 12 9 18 20 20 18 10 13 5 13 17 12 20 18 20 8 6 8 16 8 15 18 17 18 7 8 15 15 16 8 17 0 19 11 13 6 14 17 14 8 8 9 6 18 7 13 14 16 18 13 20 18 10 15 9 10 8 20 9 10 17 11 8 17 15 6 7 13 5 17 8 11 6 7 14 12 14 5 17 12 11 12 20 9 13 7 12 7 8 8 17 6 12 10 19 8 7 10 17 20 19 13 10 14 13 18 13 14 9 10 6 16 5 10 10 18 12 14 18 8 16 19 20 12 15 18 20 6 15 11 17 5 18 7 13 10 5 6 17 15 19 6 16 13 8 10 18 13 6 16 11 16 11 5 14 20 16 14 18 14 15 8 12 9 17 9 7 11 18 9 10 11 20 20 16 18 16 20 9 13 13 5 14 9 10 19
15 17 10 19 16 10 8 9 10 18 20 17 16 12 20 19 19 18 9 9 11 20 9 13 6 18 19 6 7 11 8 8 7 6 18 18 10 15 17 18 16 19 9 12 8 15 16 13 19 20 10 5 7 12 11 14 7 17 5 11 12 13 13 8 16 10 19 13 9 5 15 19 9 20 11 19 18 6 15 16 7 19 6 9 5 10 8 17 19 17 5 6 5 6 14 9 19 15 11 8 9 9 16 19 20 20 18 5 18 19 13 11 15 15 8 11 17 13 17 19 15 17 10 10 19 12 15 8 16 9 12 12 20 9 6 15 16 16 17 17 7 10 19 20 12 7 13 11 17 12 8 9 9 13 9 14 16 16 13 9 13 18 10 6 6 13 5 6 16 15 15 20 19 6 18 7 12 9 15 12 11 6 6 8 8 9 5 13 12 12 19 20 14 12 18 15 19 9 18 17 7 12 8 16 11 5 13 5 13 13 12 7 9 9 20 12 20 19 13 5 13 17 20 19 19 19 10 11 11 14 13 6 12 12 20 9 12 7 16 18 15 19 11 8 13 12 0 20 5 9 10 5 12 14 10 5 17 17 10 10 16 12 15 11 10 20 16 7 14 16 5 16 6 11 10 15 18 19 6 16 9 13 9 18 15 18 8 12 20 13 9 6 15 16 10 11 11 8 7 8 5 7 11 10 19 7 7 8 11 10 9 6 5 14 15 6 13 16 12 14 6 14 20 18 18 11 15 15 20 12 5 13 7 15 6 15 13 14 11 7 9 7 11 5 6 18 12 16 7 17 17 15 6 11 6 14 7 19 10 20 8 10 10 11 15 11 10 11 10 18 12 9 15 18 11 10 20 13 19 8 17 5 5 10 12 12 18 20 16 15 8 17 12 13 16 12 16 6 16 12
11 12 17 10 20 15 14 6 20 10 8 6 19 18 18 14 16 7 7 7 17 7 7 6 6 6 7 6 7 14 8 13 17 19 10 12 12 7 14 13 17 17 17 12 11 12 14 19 9 12 9 8 5 9 9 15 19 5 19 11 5 12 14 11 17 20 15 18 12 19 14 15 8 20 17 9 17 11 13 12 6 13 5 17 18 20 14 6 15 16 13 15 20 16 10 14 14 7 19 13 7 12 18 14 7 19 11 17 17 19 11 6 11 17 14 5 18 10 8 19 15 5 18 20 19 5 16 14 6 18 18 7 6 16 6 9 18 5 6 7 20 13 8 14 15 19 14 6 5 14 14 14 10 20 5 10 6 6 9 13 10 7 5 5 10 11 17 6 16 5 11 9 12 8 9 12 6 7 12 17 15 19 13 15 13 17 14 6 13 5 16 13 19 6 19 19 14 10 18 6 13 7 8 7 19 14 6 10 16 6 18 18 15 13 7 12 9 20 17 13 18 19 5 14 12 11 19 15 6 6 8 9 12 7 15 7 5 9 11 5 5 15 18 17 20 9 11 0 19 14 9 11 19 15 8 5 10 7 17 19 8 18 18 17 7 9 8 10 15 12 16 10 16 11 14 19 12 11 7 5 20 15 8 5 16 14 5 16 11 8 10 12 10 18 14 11 8 14 13 9 13 10 12 9 18 11 10 18 12 11 9 16 5 18 17 6 8 20 12 6 17 15 6 14 6 11 15 12 12 13 16 14 5 6 17 19 20 19 11 11 15 15 13 18 10 5 15 17 15 20 5 12 8 5 6 6 15 5 16 11 6 20 12 7 10 19 6 18 10 16 17 10 6 12 5 19 14 20 19 16 18 16 8 20 20 14 18 16 9 18 13 5 9 10 11 8 20 14 7 13
19 8 7 20 10 6 5 12 5 6 13 9 15 9 16 13 19 11 18 19 10 9 18 16 16 13 16 16 18 14 8 20 17 11 15 19 11 15 12 6 16 8 15 19 19 11 18 18 5 9 18 19 7 16 14 11 9 7 17 11 15 9 6 13 5 20 15 11 9 18 5 9 14 16 7 17 19 19 14 5 10 12 8 15 14 14 19 7 5 14 12 20 14 13 17 18 10 8 5 16 14 20 15 10 5 10 12 6 11 12 13 7 9 7 7 13 6 7 9 20 15 18 12 7 13 9 8 16 9 14 11 13 6 7 10 5 6 11 9 14 9 7 10 10 12 11 9 17 12 5 13 16 10 6 8 16 5 10 5 8 20 8 9 11 7 14 10 8 19 7 20 10 12 15 12 20 12 18 12 15 12 10 12 15 20 8 13 6 18 19 20 7 6 9 18 20 8 16 5 19 17 11 6 20 9 9 5 20 16 19 19 15 19 7 9 20 11 16 7 12 19 17 12 8 7 16 7 8 9 6 19 20 11 14 8 19 12 14 13 15 16 15 13 9 19 6 16 18 0 6 9 20 20 20 20 16 8 5 8 5 17 19 17 19 13 6 13 17 9 20 7 6 7 10 14 19 8 7 10 11 16 15 19 9 10 18 9 6 8 20 15 7 5 8 13 15 19 8 14 14 7 14 20 20 12 11 9 6 8 13 14 5 13 19 17 7 17 20 8 19 11 6 13 10 17 8 7 16 8 10 19 19 17 20 20 18 8 12 8 7 12 12 6 15 12 8 7 8 9 19 17 18 12 8 19 15 18 19 5 16 15 15 9 11 17 20 19 6 14 17 20 5 11 15 14 13 13 10 12 11 13 11 19 17 20 20 15 12 7 18 8 16 6 11 16 8 16 14 16 20
8 16 5 15 13 11 5 6 12 9 17 15 7 17 15 13 18 16 18 14 20 18 8 7 9 14 7 13 19 17 17 15 10 15 7 18 16 6 14 18 7 19 9 6 11 9 20 9 6 14 5 19 12 5 19 5 8 18 12 11 10 5 8 13 5 7 14 6 19 11 16 9 18 5 11 5 12 16 13 5 14 7 6 9 11 6 15 16 11 17 20 17 6 18 5 17 18 20 9 14 10 6 16 12 13 6 10 18 18 17 8 12 16 6 10 5 11 11 17 9 6 16 14 11 19 5 9 13 5 17 19 9 6 14 20 11 14 13 18 8 18 16 8 15 18 13 5 15 18 6 5 8 16 9 10 14 18 5 8 20 11 10 20 7 17 17 13 11 9 10 5 14 9 17 13 9 7 11 13 18 8 11 16 13 5 20 13 5 16 8 8 8 6 5 14 14 15 7 6 10 12 8 17 7 10 19 10 8 12 7 17 13 11 10 8 16 16 20 14 5 8 9 13 13 5 6 13 8 16 18 9 10 8 17 20 14 20 16 5 7 15 5 5 16 18 20 11 17 13 0 13 11 18 9 11 12 9 9 12 16 12 18 12 13 20 16 10 17 11 10 8 5 16 19 14 19 16 7 8 17 8 5 5 13 20 10 6 5 8 16 19 7 16 13 18 19 14 19 10 11 12 8 15 7 14 12 19 11 13 6 7 8 17 7 20 6 6 14 10 18 20 15 19 9 13 5 11 13 9 7 8 7 14 15 8 19 19 20 19 20 13 9 6 20 15 14 11 5 9 20 18 5 15 15 19 6 6 20 18 7 9 8 5 20 16 15 20 19 9 5 17 6 8 8 8 10 12 20 11 8 20 5 7 8 18 6 13 7 20 15 12 20 10 16 12 14 7 8 19 13
11 9 16 14 14 11 5 10 6 17 13 6 8 20 11 12 13 8 18 14 17 9 16 6 9 12 6 11 16 6 5 18 17 14 14 12 18 20 10 17 15 8 7 7 10 7 9 18 7 8 14 20 8 20 7 14 10 17 12 9 15 16 14 6 20 11 6 11 13 9 11 15 10 18 18 20 6 20 18 15 14 13 13 7 17 5 13 12 15 11 8 6 17 16 8 8 16 10 12 6 7 14 8 7 14 6 15 17 15 17 7 20 11 18 6 19 18 19 7 12 11 9 18 19 5 12 10 13 20 8 6 8 10 5 15 14 8 5 18 9 20 18 8 19 8 19 16 14 15 14 5 13 20 6 11 11 17 19 16 18 11 16 5 14 9 10 20 5 7 15 11 6 13 10 15 15 7 9 20 20 19 12 20 13 13 16 11 12 6 19 12 16 6 14 13 11 13 17 20 8 20 19 16 9 11 11 16 20 8 17 10 12 17 10 10 18 16 15 6 9 13 16 6 8 12 7 13 13 5 14 7 15 10 10 13 9 5 6 19 16 12 20 7 13 19 19 5 7 8 6 0 13 19 10 7 11 17 8 8 10 7 5 19 6 6 20 15 11 14 8 20 11 19 18 13 9 12 9 15 12 6 18 20 8 17 7 15 6 5 15 17 20 5 19 7 17 7 14 13 6 17 8 19 7 17 9 17 9 5 10 13 20 17 12 15 12 13 20 14 8 13 15 20 16 6 7 16 19 5 12 14 14 18 17 13 10 14 6 8 12 13 11 15 19 7 6 11 12 17 20 9 11 20 18 16 8 14 19 17 19 6 19 8 11 8 9 14 7 20 18 17 17 11 7 15 11 14 18 20 18 10 18 12 14 19 8 17 18 7 17 6 13 8 13 9 9 17 18 14 5
16 17 8 11 15 14 13 5 17 6 16 15 13 13 9 8 13 19 18 7 9 7 20 18 16 11 17 15 18 17 6 17 20 14 16 17 11 19 11 17 20 19 9 14 12 6 12 6 7 11 7 16 18 6 18 18 19 8 16 15 7 13 15 6 14 6 20 19 19 6 15 11 12 20 20 18 12 12 11 19 11 6 13 7 10 14 9 16 13 6 6 14 11 12 15 8 18 14 20 20 7 8 20 7 6 9 12 6 6 5 11 18 16 17 17 13 15 19 8 8 16 15 18 6 18 15 10 8 16 6 12 8 19 20 17 20 5 15 20 19 6 5 11 14 12 16 16 13 11 15 13 7 12 7 11 9 6 12 13 17 14 8 14 11 11 19 10 11 12 10 16 14 20 16 7 15 6 20 14 6 12 8 14 16 14 10 6 20 15 18 15 13 9 9 17 14 11 9 6 17 13 14 8 5 5 16 20 10 10 6 8 15 10 20 11 9 6 10 11 13 17 14 6 18 11 17 20 10 19 15 11 8 12 20 10 8 16 9 17 14 6 8 17 19 16 10 7 8 15 19 17 0 13 14 11 7 11 15 7 5 5 13 14 19 8 19 15 19 14 12 9 15 17 11 15 16 9 6 13 10 13 17 17 7 9 15 19 19 18 16 18 6 7 20 6 18 13 5 7 20 20 19 17 11 11 17 10 11 11 18 10 18 8 13 13 13 9 10 18 20 12 8 8 10 15 9 9 7 6 7 18 13 13 18 8 10 19 10 9 8 18 9 18 7 13 20 15 7 14 7 13 10 19 11 5 10 15 20 16 7 14 16 8 10 16 15 10 15 17 11 11 12 14 12 15 6 10 10 11 15 11 15 7 5 8 8 9 7 5 6 13 8 14 6 11 10 8 19 14 6
17 18 15 8 18 16 15 7 6 17 14 12 16 20 20 19 10 6 5 8 18 13 18 9 6 14 17 10 16 15 8 6 16 5 10 17 12 12 20 19 18 18 9 13 16 9 10 19 6 12 14 12 16 19 12 7 6 11 5 8 12 17 19 13 13 14 14 9 12 7 11 19 8 18 20 20 18 11 8 7 18 6 20 14 16 11 18 5 19 5 7 15 11 20 13 10 17 14 7 10 15 11 20 15 16 5 13 11 15 11 13 13 8 6 14 19 10 18 17 11 20 20 18 18 20 12 14 14 15 16 12 9 9 10 13 9 13 9 11 11 13 15 10 13 17 7 17 18 13 17 11 13 12 10 14 12 19 17 20 13 20 12 9 5 10 5 18 9 12 7 17 12 18 11 15 19 13 11 19 16 8 11 13 13 16 6 20 14 9 11 9 17 10 9 17 16 17 10 20 5 6 8 6 20 14 14 5 14 12 8 13 19 14 7 7 20 14 16 14 14 12 18 13 18 15 5 5 6 7 5 20 6 15 20 18 9 19 11 12 13 15 19 9 8 16 5 6 9 5 18 16 9 0 6 20 15 15 6 18 16 14 16 9 16 15 13 8 5 19 18 6 17 14 20 6 8 11 11 5 9 8 6 6 19 18 10 10 11 9 9 8 17 7 15 13 8 20 6 11 10 11 6 17 16 12 6 16 11 15 10 20 13 10 16 16 13 16 9 5 16 7 18 10 12 16 9 19 18 14 14 19 13 6 9 5 20 18 16 17 20 20 10 14 17 20 10 15 18 17 20 14 14 18 18 9 10 6 15 9 7 12 10 18 16 8 13 19 6 8 14 5 6 13 14 8 9 5 15 14 13 6 18 5 15 8 11 16 12 6 19 5 12 14 18 8 6 20 20 17 9
15 8 20 20 20 11 6 9 5 19 17 17 19 15 10 14 20 6 14 19 9 7 11 6 19 9 8 20 10 5 17 11 20 14 12 15 7 10 14 19 15 20 16 12 6 8 16 8 5 19 9 6 10 12 17 9 11 12 19 8 19 19 17 17 11 9 13 11 8 20 14 18 11 5 8 8 6 20 10 18 5 16 13 10 18 17 17 11 9 11 9 5 13 16 15 17 16 9 16 10 12 11 14 14 8 9 10 20 10 19 18 20 17 10 17 12 14 14 19 8 9 17 16 14 15 6 8 16 15 12 9 17 16 12 9 9 5 13 19 17 14 7 15 5 17 6 8 6 12 11 9 15 5 18 18 7 6 14 15 5 11 15 11 19 17 18 13 14 5 9 11 17 6 6 19 9 12 13 18 5 6 10 17 6 10 7 9 7 6 20 9 5 11 9 16 17 16 14 11 15 16 6 11 10 9 15 9 20 14 9 18 8 6 17 14 15 6 7 19 6 13 17 11 16 20 11 6 18 10 6 20 19 20 20 11 14 7 5 12 20 14 11 9 20 18 20 10 14 6 8 7 14 5 0 5 8 6 14 8 18 17 12 18 6 17 7 14 5 17 9 19 11 16 6 6 5 13 14 17 13 12 16 12 8 13 19 11 7 19 18 11 12 7 18 14 9 11 16 9 13 10 7 12 5 16 15 8 11 18 10 20 19 10 7 15 10 18 18 10 18 12 8 14 18 7 14 16 9 14 13 7 8 10 11 14 17 12 10 10 6 16 15 20 10 7 20 17 15 13 16 13 20 13 13 8 14 19 9 17 7 11 19 13 5 10 11 7 6 19 16 19 20 5 15 11 16 19 20 16 5 14 19 8 13 5 13 16 5 17 8 19 17 6 8 6 20 17 15 7 19
12 13 14 18 8 10 13 6 9 10 8 16 10 5 6 12 19 12 15 15 17 14 10 8 18 18 18 20 10 13 5 10 11 8 7 14 6 8 14 10 5 11 20 17 7 13 9 13 14 15 13 15 19 13 19 18 12 6 10 9 17 5 6 14 13 12 19 8 16 17 19 10 11 11 8 10 9 17 6 20 16 16 13 12 14 8 16 16 14 13 6 20 14 16 18 6 19 8 18 20 7 18 15 12 13 6 9 5 16 5 7 8 18 5 14 11 20 7 14 18 19 20 13 17 10 5 19 19 9 20 11 17 18 14 7 17 15 16 5 6 19 8 9 14 10 6 7 6 17 19 12 8 14 13 9 16 15 11 13 6 6 17 9 14 20 7 11 16 18 15 14 8 20 10 12 13 18 17 16 16 18 20 8 7 17 19 14 19 20 15 5 12 12 7 9 7 6 9 16 15 19 9 12 13 16 17 20 15 20 6 5 15 7 5 12 18 13 7 6 19 14 8 17 13 9 18 15 7 5 11 9 8 20 11 10 10 15 10 13 15 14 17 11 12 14 5 14 9 17 13 12 11 11 7 0 5 20 6 6 19 18 11 6 17 20 14 15 15 10 19 19 18 11 8 20 12 15 6 20 11 14 5 18 9 5 18 12 12 18 10 18 9 18 18 8 5 14 13 20 19 14 15 10 9 10 15 17 20 10 11 13 14 18 11 8 15 19 7 20 16 8 16 16 19 18 19 5 17 11 8 7 18 11 17 8 15 8 6 10 16 19 6 12 13 8 15 19 9 19 11 10 11 16 8 20 7 7 19 8 17 20 20 11 20 12 20 14 15 8 13 17 19 6 10 16 17 15 5 20 11 14 8 14 14 7 20 18 9 14 15 15 12 15 9 9 13 14 11 6 17
13 12 6 8 17 20 19 18 10 18 20 19 10 19 10 16 6 6 19 12 6 11 7 8 14 10 18 5 6 11 7 13 9 8 10 11 9 5 9 11 9 18 7 6 15 5 7 9 5 6 10 14 9 10 8 8 12 13 13 15 20 16 15 16 16 19 9 13 12 14 14 17 17 10 15 14 12 18 20 5 14 12 17 17 5 8 11 14 6 6 18 11 10 10 19 16 9 12 6 15 12 6 12 9 13 20 19 20 9 17 9 19 11 15 20 10 8 15 5 9 19 14 16 15 9 8 10 10 14 12 19 18 10 12 10 5 6 13 15 7 12 15 18 5 16 13 7 11 18 8 16 5 5 18 14 11 9 17 16 18 19 20 12 6 8 14 13 9 11 10 13 18 8 17 11 13 16 7 7 19 14 5 10 9 14 17 16 13 11 6 9 18 15 6 10 9 19 8 10 14 9 8 13 5 6 13 18 18 11 18 12 9 12 20 14 10 9 6 20 10 19 5 6 12 5 20 17 5 5 12 14 19 13 5 19 10 18 9 17 17 17 9 14 16 19 19 18 10 19 7 6 10 15 19 10 0 20 5 10 18 18 11 12 5 8 10 7 8 16 5 16 9 7 19 19 10 12 17 20 14 13 15 17 13 6 7 8 11 19 9 5 16 9 19 18 12 17 16 10 14 16 12 10 14 10 10 20 9 19 16 16 10 11 17 13 18 5 6 20 14 9 9 13 11 15 16 16 16 6 13 10 16 13 5 10 6 15 11 18 10 17 5 11 19 6 19 11 8 8 8 7 11 12 13 6 19 19 10 14 19 17 12 6 18 16 20 15 12 18 14 20 7 19 16 17 8 14 15 8 20 18 11 9 7 14 5 11 13 11 6 18 19 11 19 18 15 8 20 6 17
18 5 5 17 15 15 14 16 5 20 7 19 7 20 20 7 19 16 12 10 11 10 5 5 6 18 20 19 20 18 14 18 9 20 12 17 6 9 18 8 15 17 10 15 5 8 10 15 18 9 14 17 9 6 6 12 7 20 9 18 5 15 19 6 14 20 6 16 20 12 18 5 7 17 13 10 19 10 9 20 10 15 16 13 13 7 19 7 12 19 12 6 15 18 18 20 20 14 17 6 7 17 11 5 19 12 18 9 17 18 18 6 13 9 10 7 16 9 10 5 13 15 15 20 6 6 19 16 7 12 14 14 20 17 20 13 5 18 13 19 10 19 13 12 13 14 14 8 6 14 9 9 19 19 9 5 16 5 8 20 20 14 6 5 8 11 7 16 5 11 13 6 17 9 15 20 10 16 5 20 8 14 17 18 12 7 6 9 8 12 19 8 6 9 11 11 6 17 13 11 14 7 17 20 5 15 20 14 9 5 19 9 8 20 12 8 12 13 13 6 5 19 9 10 17 7 8 10 7 12 9 13 5 6 7 9 20 11 5 20 16 14 13 10 9 15 16 9 16 14 5 5 18 5 12 16 0 8 9 18 5 5 10 6 7 5 13 20 5 17 17 18 19 7 9 16 5 12 14 8 17 14 8 20 17 20 10 17 16 13 6 9 7 11 18 15 15 19 8 8 16 15 10 12 20 18 10 12 20 5 17 7 18 15 18 18 20 19 11 5 15 12 18 18 19 13 8 15 6 20 10 8 13 6 10 11 15 12 20 7 11 5 14 14 19 9 16 20 7 8 6 16 9 5 17 12 17 17 9 12 13 14 12 13 20 17 20 11 20 7 11 14 9 18 12 7 9 18 13 19 10 6 18 10 14 5 12 8 15 14 15 19 14 19 15 12 5 7 9 8
18 11 16 12 9 8 18 11 9 14 19 8 17 11 11 19 18 17 5 5 20 20 15 14 18 5 8 11 13 13 20 18 14 16 17 6 10 18 9 6 5 5 15 12 9 12 10 9 16 9 10 7 10 13 8 12 6 7 9 5 16 17 17 7 6 8 14 15 9 15 5 20 8 17 18 7 18 10 18 12 8 14 5 16 19 20 9 7 6 18 5 18 13 14 18 20 19 12 18 8 8 20 19 20 10 19 6 18 20 19 15 18 20 8 13 6 17 13 20 10 16 11 12 7 19 12 18 14 5 14 8 8 15 10 9 9 18 11 18 6 8 11 13 13 10 11 13 9 5 8 15 17 14 9 18 10 14 16 11 9 16 20 14 14 11 19 20 12 15 11 13 12 17 9 10 16 12 8 8 7 16 18 17 9 6 16 6 19 9 18 8 11 16 19 8 7 6 9 7 6 9 9 20 15 18 7 18 10 6 17 18 18 10 13 5 20 7 11 20 7 11 13 16 7 8 13 7 18 7 18 14 10 8 8 5 7 20 17 7 18 8 12 13 9 17 6 20 9 8 7 16 5 6 18 7 12 14 0 15 17 9 16 14 16 15 12 19 11 14 11 8 19 15 12 12 19 12 15 18 15 19 5 20 12 14 9 12 16 5 17 9 15 5 11 11 14 6 5 17 6 16 12 14 18 17 7 7 10 11 13 20 9 14 17 14 5 18 18 17 5 11 14 8 19 15 20 11 17 7 14 11 19 11 20 16 13 13 12 8 12 12 18 7 20 20 10 11 14 18 20 16 12 10 13 14 19 8 9 9 5 11 11 19 18 12 18 20 19 12 12 6 7 20 5 7 17 14 8 13 20 18 11 17 7 14 14 10 12 19 7 15 7 5 17 18 19 11 8 16 18
17 8 7 11 11 7 17 5 7 8 8 7 19 12 8 9 12 19 19 11 16 15 20 10 5 18 5 17 9 14 15 18 10 9 10 11 6 15 12 10 14 20 10 11 15 14 12 5 18 6 6 10 13 19 10 18 13 9 17 20 15 18 13 7 5 18 17 10 7 18 13 5 16 14 13 11 5 15 11 7 14 15 15 19 7 10 9 6 18 12 18 9 6 11 18 8 17 18 15 10 8 17 7 16 9 12 16 19 19 8 8 10 17 18 9 6 14 17 5 15 12 6 15 13 13 13 14 15 11 6 13 12 12 19 13 17 6 19 8 16 5 13 19 20 17 18 19 13 20 19 6 5 12 16 15 17 14 12 20 8 17 11 10 5 16 17 8 6 18 11 15 9 7 14 10 5 16 17 15 11 9 11 12 16 14 14 16 8 8 19 14 8 8 17 13 16 7 19 12 12 5 7 9 12 11 6 17 18 13 14 8 19 7 11 7 8 8 6 19 8 19 19 18 5 15 10 15 12 20 18 15 18 7 13 15 7 6 16 15 19 13 19 5 12 18 17 5 16 10 12 16 12 18 19 8 17 17 16 0 5 13 15 8 19 11 12 7 6 17 5 11 17 6 5 19 8 6 9 5 15 6 6 20 7 14 18 9 13 8 12 7 15 17 12 5 8 13 12 15 7 5 17 20 12 19 16 12 14 6 9 15 8 18 6 20 6 8 15 14 6 6 8 11 7 15 17 5 19 5 14 7 19 5 13 5 8 20 16 5 7 6 13 19 16 14 18 5 7 8 10 18 10 9 15 6 17 19 16 12 17 20 6 17 17 10 16 18 16 7 18 17 13 12 8 18 5 5 16 13 20 16 8 6 17 6 20 7 5 16 8 6 14 13 8 18 18 15 15 18 10
13 6 5 14 5 9 18 5 17 9 13 13 15 9 7 14 16 16 20 17 17 10 14 12 12 9 20 12 15 17 9 6 16 19 20 10 11 5 17 20 17 19 14 14 8 10 5 9 18 5 8 20 13 18 5 8 8 20 16 5 17 19 5 6 18 8 12 19 14 5 20 14 9 10 10 13 14 9 12 12 16 11 6 8 9 19 9 14 10 17 15 14 7 14 14 6 16 18 10 13 10 20 19 15 15 7 14 11 7 16 14 12 8 6 19 9 16 18 14 5 20 5 15 9 12 15 15 15 19 19 16 18 11 14 17 12 13 8 13 13 12 9 15 16 5 19 11 5 6 6 9 13 6 10 6 15 7 9 15 15 13 13 12 19 19 16 5 11 20 9 11 11 10 7 10 9 17 13 14 18 14 6 14 13 14 20 15 14 13 17 16 17 13 12 10 8 16 18 10 7 13 10 8 6 7 19 20 13 9 16 16 13 19 11 20 9 15 6 6 12 10 18 5 14 12 20 6 7 10 5 5 11 8 8 7 16 5 10 16 16 17 6 6 19 6 11 11 13 18 17 5 8 20 9 7 18 9 10 15 0 20 9 13 18 18 20 8 17 5 6 9 17 6 19 13 15 18 9 13 18 11 15 15 11 7 20 17 7 12 9 7 10 6 19 13 6 17 15 12 19 12 16 9 9 12 20 12 19 9 6 19 9 19 12 20 18 17 11 5 20 13 12 11 18 9 9 14 6 20 6 11 9 18 19 10 11 19 12 19 19 20 15 6 16 19 17 19 11 10 11 6 11 14 17 18 11 5 9 12 16 5 8 9 11 18 20 14 10 12 20 9 13 9 11 18 6 11 20 9 18 8 12 19 15 11 10 5 18 15 10 19 18 12 6 14 20 20 15 14 17
7 14 17 5 11 12 15 11 14 20 10 12 9 10 6 5 6 7 14 11 16 11 16 18 11 6 13 7 11 12 18 20 17 15 14 7 15 11 17 19 11 12 11 9 5 13 6 20 10 6 9 18 8 15 19 19 7 14 18 16 18 18 15 6 14 6 5 5 5 12 17 15 8 17 8 17 11 14 14 15 8 20 12 11 13 19 15 10 17 10 10 11 8 14 7 19 14 9 13 10 12 9 16 9 7 8 14 17 5 12 12 12 13 12 9 14 18 17 17 17 14 8 6 20 20 19 8 15 13 9 11 8 12 20 18 19 17 16 9 5 13 16 11 12 17 20 17 6 20 9 17 14 19 14 16 5 7 19 6 17 10 18 6 10 18 11 15 13 17 9 13 12 19 12 12 17 16 5 8 13 6 7 5 7 15 10 9 12 10 11 13 9 11 6 8 5 8 19 17 5 14 18 20 5 20 7 8 19 15 11 19 15 8 7 6 19 7 20 7 18 7 13 11 11 14 7 18 9 8 15 16 13 5 18 10 17 8 16 10 9 13 7 8 17 17 6 12 9 9 17 19 17 14 8 6 20 18 5 11 8 0 18 10 5 5 18 13 13 10 17 5 12 16 9 10 17 10 6 17 13 9 16 12 6 17 15 17 7 7 20 13 13 7 20 9 6 19 14 19 11 13 15 15 17 17 10 12 11 5 9 9 7 6 9 19 15 7 20 17 15 17 18 9 7 8 18 17 20 15 7 15 17 12 17 12 14 16 7 7 13 12 16 20 8 15 5 12 14 10 19 19 11 19 15 9 17 18 8 19 18 5 8 13 7 18 7 6 11 19 19 12 17 15 15 10 9 16 11 6 18 5 5 19 20 18 9 13 12 6 6 11 17 10 12 15 5 5 10 17 15
14 17 12 16 13 7 8 6 19 17 17 12 10 11 17 15 6 6 15 19 8 6 12 17 6 13 5 10 13 18 17 20 9 13 6 11 6 6 10 10 13 6 6 12 6 13 14 15 7 9 19 7 11 18 20 11 8 17 10 10 15 16 20 7 11 14 6 6 7 7 11 19 14 15 9 17 13 20 13 7 8 14 16 18 17 17 7 11 10 5 14 17 16 16 19 6 7 9 17 6 13 11 8 17 20 7 19 12 12 8 7 7 12 9 14 15 12 11 19 9 11 14 14 16 6 10 10 10 5 15 12 16 15 17 11 14 14 14 5 12 5 7 10 6 19 10 15 6 8 17 7 14 15 7 9 5 11 17 6 8 13 12 13 7 11 18 11 12 17 6 19 10 20 10 15 19 7 5 9 8 19 5 18 14 12 8 19 18 13 9 19 14 10 17 10 7 18 9 9 9 18 15 18 10 17 11 9 8 16 13 6 13 12 9 8 8 7 18 8 8 18 9 12 9 12 5 19 15 20 16 12 13 18 5 15 11 8 6 12 18 18 9 7 9 13 6 7 17 9 15 11 17 13 19 7 17 7 17 5 18 12 0 7 12 13 11 9 18 10 8 13 10 14 17 14 20 11 9 15 11 11 7 16 15 19 17 11 14 5 6 7 17 13 6 20 12 9 14 5 20 19 5 18 20 17 13 17 15 17 14 17 10 16 13 14 17 9 13 8 16 9 5 14 19 12 6 12 18 13 10 20 8 16 11 5 13 20 7 19 17 17 19 11 8 17 17 8 18 15 15 13 18 9 13 19 13 20 18 5 9 18 16 19 13 15 19 7 15 12 20 15 5 16 14 16 11 19 13 16 5 15 16 9 7 9 20 15 16 15 10 9 9 14 7 10 11 16 11 6 14
12 7 15 11 20 14 15 5 10 5 11 15 18 15 12 17 16 12 19 18 18 16 5 14 15 11 9 16 6 8 6 5 19 16 16 16 9 18 17 15 12 12 15 16 15 17 14 18 11 20 11 18 14 15 13 12 13 15 15 17 13 15 16 8 17 5 14 10 11 15 12 20 19 15 6 20 13 6 6 17 14 9 12 12 10 5 19 13 16 8 10 6 11 10 18 16 13 11 19 18 18 18 12 17 19 15 18 13 16 14 11 9 14 17 12 15 8 20 15 7 15 11 13 14 8 6 7 7 5 8 16 9 18 16 13 20 14 18 16 12 6 16 19 6 17 19 9 7 14 15 5 19 6 16 10 8 9 18 16 10 16 15 20 12 5 16 9 14 12 5 7 14 11 19 10 13 6 11 10 17 8 14 13 6 7 13 14 12 8 18 9 19 15 15 12 16 9 12 19 15 12 18 19 15 6 13 11 9 10 5 15 15 13 11 10 8 17 11 11 20 20 17 9 5 6 8 8 16 16 10 10 9 12 13 18 11 17 12 20 12 19 10 12 17 6 18 14 13 7 8 13 20 9 14 16 14 19 7 11 19 10 5 0 17 5 7 15 8 11 20 12 13 10 5 7 12 17 9 6 5 17 17 10 13 15 19 20 17 19 8 19 16 15 8 10 8 17 5 19 9 5 18 6 11 16 8 11 9 9 8 15 7 9 14 12 19 9 20 6 6 6 19 19 18 6 13 17 11 20 12 10 5 9 6 7 19 13 12 5 16 14 20 16 9 20 20 12 17 14 7 19 20 18 19 11 17 10 15 8 13 8 10 10 11 16 20 19 16 17 15 13 10 10 13 14 16 11 11 12 18 12 8 17 7 18 16 11 7 17 6 7 9 10 20 6 5 14 15 14 17
17 17 17 15 20 19 8 13 11 19 13 20 13 9 18 19 18 11 12 19 16 18 19 17 9 17 17 14 5 12 19 17 10 8 8 14 9 13 13 14 6 11 14 19 7 14 16 16 5 20 20 19 12 17 18 9 9 12 13 17 10 12 18 8 8 6 18 19 8 6 6 11 18 14 18 7 8 10 9 14 13 14 11 7 14 15 14 11 19 19 19 5 11 17 10 20 7 16 11 8 8 13 17 17 12 16 11 19 6 13 20 12 20 19 11 18 16 5 16 19 16 15 16 17 9 6 7 16 15 13 11 5 16 9 12 8 13 17 19 7 18 17 6 7 17 17 18 19 5 7 6 16 10 20 12 11 20 5 16 20 15 6 11 5 10 17 14 9 6 11 12 8 7 5 13 14 20 11 11 16 8 6 18 18 7 18 9 10 14 6 10 17 18 19 6 15 11 17 5 13 7 6 20 9 19 20 10 13 14 15 10 9 6 5 20 12 12 15 16 12 16 9 12 18 11 10 7 20 20 16 9 7 10 7 5 20 11 7 10 16 20 14 10 20 20 13 7 18 9 15 11 17 13 6 8 5 18 14 19 7 11 20 8 0 10 8 7 9 14 18 18 5 14 10 16 5 19 18 16 15 12 13 8 16 14 16 10 6 6 18 10 20 15 7 9 20 20 19 13 12 16 5 8 15 14 15 9 20 18 10 18 5 6 16 7 7 10 15 13 6 9 10 7 20 16 15 14 7 7 14 10 10 12 8 8 20 5 8 15 14 8 11 18 6 19 12 17 14 8 20 20 9 7 16 10 7 11 6 16 17 17 18 18 13 5 18 6 8 13 19 18 15 7 15 6 13 12 19 19 10 15 12 7 18 5 8 13 17 10 10 7 6 10 6 12 18 6 6 13 11
6 18 15 6 14 15 11 15 6 20 10 12 6 12 14 18 7 19 14 20 17 10 13 17 8 16 15 18 13 19 11 7 14 17 6 8 17 20 6 7 14 6 7 12 20 7 12 10 20 12 12 16 6 13 11 15 8 17 13 20 19 17 10 18 14 9 11 15 5 17 7 6 11 11 10 7 18 18 18 13 18 18 6 17 8 14 15 16 14 5 10 19 5 18 8 10 12 5 17 18 6 12 18 14 9 11 20 15 14 13 16 8 19 7 19 13 6 14 10 15 18 11 19 19 13 6 17 8 5 13 16 19 12 5 9 6 19 12 12 20 9 19 7 16 9 14 10 17 17 8 13 8 9 9 18 17 8 7 12 17 8 17 13 12 18 11 14 12 18 15 12 14 12 15 16 5 6 19 6 17 19 8 13 18 14 15 20 13 7 13 12 17 15 17 5 16 16 8 5 8 12 18 7 8 17 19 15 13 13 13 11 14 9 6 7 7 18 11 12 12 16 15 8 5 7 19 18 17 8 13 11 15 5 13 7 12 12 10 12 12 11 5 11 16 6 12 12 9 7 6 18 7 18 12 6 9 7 10 17 12 10 9 6 16 0 9 8 14 15 16 19 17 6 9 7 20 19 17 13 17 10 18 10 8 14 13 14 15 20 17 8 14 19 10 6 17 7 17 19 17 13 9 16 9 20 15 19 12 17 15 19 8 19 17 5 18 19 5 5 7 20 5 11 9 7 16 7 10 19 8 5 7 11 8 5 19 13 11 9 18 19 15 14 6 6 12 6 13 11 16 7 15 14 15 11 10 15 15 8 7 15 10 9 19 10 11 17 14 7 17 19 14 6 5 10 14 14 8 17 20 17 9 16 18 8 10 19 8 14 19 6 15 16 5 8 11 17 5 5 6
18 10 10 19 15 19 17 13 16 5 7 9 14 9 8 18 11 11 8 5 12 15 7 9 6 6 14 7 13 14 16 7 8 13 6 17 7 6 13 13 19 19 16 6 11 19 8 6 10 18 7 16 19 7 18 10 18 5 6 20 20 16 20 16 11 20 20 14 13 17 15 18 18 12 14 14 7 8 5 15 11 17 16 17 8 14 9 9 18 8 17 18 10 12 16 8 17 18 6 7 18 10 14 9 9 18 10 19 13 17 15 10 11 15 20 16 8 19 6 16 6 19 8 15 17 15 17 19 20 18 19 5 16 13 14 17 9 14 8 6 14 17 15 8 19 8 13 9 18 17 7 14 14 20 18 5 16 17 12 12 12 20 13 13 15 17 6 20 16 20 16 5 17 14 12 9 11 18 5 8 11 10 10 14 14 19 15 17 15 9 17 10 8 18 10 18 15 10 10 8 16 8 14 12 15 12 10 12 15 8 9 18 18 13 19 6 16 5 14 8 17 7 15 19 10 8 15 6 9 7 8 10 18 16 20 9 19 11 10 15 7 18 5 6 17 16 20 7 12 5 10 15 6 15 8 8 20 13 18 8 6 14 11 9 5 0 10 20 18 20 17 11 5 7 5 19 5 9 14 11 9 17 6 11 9 5 14 8 20 13 20 12 5 9 10 19 18 11 19 10 8 18 10 5 6 9 8 20 17 9 16 11 5 11 12 20 14 9 6 15 16 12 12 15 20 16 18 8 19 13 18 20 10 15 12 9 14 5 7 6 12 12 20 10 9 12 6 19 7 5 16 16 16 12 10 8 17 5 12 6 20 8 16 8 13 20 20 10 9 8 14 5 12 12 19 13 17 9 16 12 11 6 9 9 17 19 11 13 9 14 13 5 16 18 18 17 6 7 11 16
9 19 6 19 10 15 17 17 16 13 6 12 13 19 15 20 17 10 17 19 5 12 15 5 20 18 7 8 9 12 16 16 15 7 17 5 13 18 16 13 11 14 18 18 6 9 8 17 19 12 19 18 17 15 16 13 15 11 15 17 12 13 18 5 12 6 20 7 18 14 16 13 10 9 6 6 15 14 7 19 14 5 5 11 11 6 16 10 16 6 13 20 13 9 6 18 10 18 11 7 15 15 19 16 8 19 9 14 11 18 8 5 18 10 20 7 16 8 11 16 12 15 12 10 5 6 9 18 15 13 8 12 5 6 6 9 11 15 15 20 18 20 6 14 15 18 15 7 11 8 13 10 5 18 6 5 11 18 8 18 19 20 19 7 12 18 17 19 15 19 20 12 20 10 8 19 8 13 18 9 17 7 5 11 13 8 20 19 8 16 12 19 20 9 8 17 8 12 8 18 18 20 9 5 14 20 17 16 18 16 18 12 16 15 7 18 9 11 14 20 6 13 6 11 8 7 19 20 14 5 12 14 7 20 13 20 20 11 10 5 17 8 19 11 10 11 7 18 18 9 15 17 15 5 9 18 17 20 7 13 16 19 5 19 6 14 0 8 6 20 9 20 7 18 6 13 8 12 11 9 9 15 18 16 12 11 10 8 10 19 7 16 11 8 19 18 10 13 13 14 15 7 15 5 12 5 18 5 16 11 7 15 16 6 20 5 5 11 11 12 9 19 12 6 14 5 17 20 15 18 16 20 10 9 7 13 12 6 19 15 18 14 16 12 17 18 7 20 6 6 20 6 16 10 9 10 14 11 6 11 6 11 13 20 13 6 8 10 7 20 9 19 19 12 6 17 15 18 10 15 13 16 6 11 12 18 9 19 19 17 7 10 11 10 5 17 15 6 7 19
18 18 18 19 13 10 13 16 20 9 10 12 14 15 19 15 6 6 5 13 16 15 5 10 16 5 7 16 13 14 6 18 11 8 9 15 12 19 15 5 14 20 11 20 7 13 18 9 8 19 15 16 6 17 15 11 5 15 14 19 8 13 6 13 14 6 14 14 6 17 11 18 16 13 17 13 9 11 18 11 18 16 19 5 9 5 19 19 5 12 6 13 18 5 16 10 13 8 6 9 7 18 11 17 12 17 6 12 8 10 7 18 8 14 9 12 18 6 17 18 16 13 10 5 5 6 17 17 9 13 20 5 13 17 6 5 17 15 18 15 7 16 6 18 13 5 17 14 17 13 14 19 11 5 20 6 19 8 17 11 20 19 11 9 16 15 18 13 10 6 9 11 11 10 5 15 18 19 7 11 5 12 11 7 16 5 16 5 10 7 5 9 8 16 20 11 7 10 19 14 11 14 18 20 10 8 14 16 14 7 8 5 11 9 16 11 6 5 11 19 6 11 20 16 10 18 8 13 9 17 11 11 14 7 7 9 5 18 13 17 14 12 7 11 5 7 15 16 17 6 7 18 9 19 13 8 8 8 14 19 5 16 10 9 7 7 9 0 12 5 13 20 11 20 18 13 15 14 7 10 18 5 11 5 10 13 6 18 5 10 19 14 20 11 20 9 15 15 17 11 8 18 10 17 5 8 20 12 7 11 18 17 15 14 20 15 17 20 19 9 17 19 20 20 7 14 8 6 6 9 8 15 9 19 19 20 15 12 15 7 19 10 14 17 14 19 15 14 17 16 11 13 13 6 12 17 10 8 16 14 11 13 16 17 8 8 7 11 13 9 20 12 5 8 12 13 5 17 20 17 17 18 15 13 10 9 5 20 7 11 11 9 5 14 18 16 14 16 9 8
11 8 11 19 6 10 12 16 10 13 5 19 16 17 17 9 5 17 14 16 11 16 9 6 18 18 11 14 9 15 6 6 12 19 17 6 6 20 9 5 8 13 6 10 20 20 20 6 18 17 10 13 19 8 9 20 16 10 11 10 7 8 19 9 11 16 18 20 8 12 20 19 20 19 13 9 8 5 9 7 13 17 20 17 14 8 13 14 14 20 11 20 6 14 16 8 16 9 8 18 15 13 7 12 13 6 16 7 8 8 14 6 9 7 15 17 8 7 6 18 16 8 20 7 20 18 12 8 7 10 7 8 15 12 13 13 13 18 16 19 6 18 6 16 12 19 8 12 15 18 12 9 10 20 13 7 5 8 12 9 19 13 7 12 8 16 14 10 12 11 6 5 20 5 20 11 15 18 17 18 18 11 9 12 10 11 20 6 10 13 5 13 20 9 16 19 12 12 12 19 8 7 6 15 13 6 8 8 16 8 13 13 20 6 10 8 12 6 20 17 11 18 9 5 11 18 5 11 10 11 16 8 15 11 10 11 8 11 16 17 11 12 5 6 16 14 5 19 8 11 7 6 13 8 18 8 7 7 15 7 20 9 10 12 15 14 9 17 0 11 7 14 13 20 13 18 7 14 17 12 5 10 12 13 17 7 20 8 7 19 16 10 11 18 19 18 7 15 13 8 5 16 12 16 12 10 15 17 11 17 8 16 17 7 19 18 5 7 5 11 5 5 18 16 11 19 9 11 5 19 14 5 14 16 5 14 20 12 14 9 17 18 6 13 8 10 10 8 16 11 15 17 7 13 15 6 16 13 8 10 13 6 7 18 14 8 13 6 17 13 20 8 9 20 10 16 16 6 11 15 20 9 9 17 5 6 15 18 14 14 19 13 11 9 6 12 5 10 19 15
19 15 12 20 11 15 5 5 6 20 18 10 6 11 18 10 20 19 8 8 7 8 11 5 17 12 19 12 8 14 5 5 7 20 13 8 18 7 5 6 5 8 19 20 18 9 8 17 5 19 11 12 10 19 5 10 15 14 12 7 18 16 17 10 14 8 7 17 12 7 8 20 17 20 11 6 14 19 10 10 19 7 14 16 13 13 18 13 8 20 20 11 20 14 19 20 8 10 14 15 7 11 16 6 15 6 16 14 16 10 17 11 10 8 11 11 15 14 5 6 8 7 6 17 10 15 17 20 14 20 16 14 19 15 6 7 14 12 17 12 20 5 7 15 5 15 17 5 12 14 6 20 6 10 10 19 14 15 18 14 7 5 18 14 14 18 10 20 10 19 20 7 13 8 11 14 10 19 11 8 15 13 10 10 9 20 12 14 10 18 19 6 12 11 12 12 10 7 17 16 6 9 17 16 13 7 18 6 9 13 16 18 17 16 7 19 13 13 11 6 14 16 10 14 13 8 9 8 19 18 11 11 17 8 11 19 11 13 8 7 12 7 20 6 5 14 10 5 5 5 20 19 10 15 9 17 19 9 13 18 6 10 13 13 10 15 14 18 5 0 13 12 13 20 16 18 9 8 14 15 10 12 19 6 19 15 11 5 15 14 10 14 18 17 20 9 19 10 19 19 10 9 9 9 16 18 18 13 10 19 7 5 13 12 12 9 16 14 18 17 10 17 17 6 13 20 8 19 17 18 9 18 14 20 12 13 17 7 19 13 17 20 20 7 17 13 14 5 11 12 12 19 12 20 12 13 13 16 17 15 10 9 13 10 8 19 11 6 13 15 16 6 9 8 12 17 6 6 8 17 20 18 16 6 9 5 12 6 8 19 16 20 16 12 6 10 10 16 12 5
14 7 20 20 6 14 8 18 19 17 15 12 15 11 12 14 6 9 9 19 14 6 17 7 15 16 8 10 5 13 17 6 20 16 18 19 9 19 11 13 14 7 13 20 10 12 9 12 20 20 5 7 15 13 14 18 10 5 6 9 5 19 12 13 7 10 17 11 12 14 5 16 16 6 15 19 11 12 7 11 17 8 5 16 17 19 9 11 7 20 16 8 15 14 14 14 11 16 11 19 13 5 19 5 19 11 6 15 6 19 7 11 12 20 12 6 17 10 17 19 19 9 12 19 20 9 20 5 8 18 17 18 20 6 19 8 11 13 14 9 11 9 16 11 11 16 15 6 5 5 10 13 16 17 19 16 14 20 5 20 9 10 19 15 15 6 17 14 9 13 18 8 19 7 8 14 6 14 14 13 13 14 17 13 13 7 7 18 9 9 8 15 10 15 15 12 8 16 18 17 16 11 20 17 14 6 7 10 18 8 17 18 11 13 6 14 16 7 14 10 14 9 12 5 19 10 10 7 16 15 7 12 13 11 13 15 7 13 11 10 6 19 5 8 19 17 20 8 16 19 15 6 7 5 19 17 19 18 9 9 20 20 11 6 8 19 9 17 17 17 0 8 13 6 13 6 20 12 11 18 18 9 12 5 9 14 5 17 20 10 13 18 14 13 19 5 20 16 12 16 6 8 6 13 5 17 7 10 20 13 16 11 6 15 8 6 6 16 7 9 10 9 7 16 7 6 12 5 20 7 11 20 10 6 14 6 16 9 12 5 8 16 16 8 14 6 20 16 13 20 7 16 5 5 18 6 13 14 19 12 9 17 7 9 20 12 12 19 17 13 14 18 13 16 15 13 15 18 6 12 9 19 15 11 13 8 14 18 8 9 7 17 13 20 20 10 15 6 13 19
5 19 12 10 10 14 5 16 6 14 19 19 18 14 11 12 5 18 11 13 8 15 20 17 15 5 6 18 10 8 7 5 6 18 6 6 20 5 13 14 19 20 13 6 12 20 14 8 11 9 16 20 18 19 8 15 10 9 16 9 14 19 5 7 6 20 8 18 9 19 9 13 19 11 9 10 16 13 18 19 18 16 11 8 19 10 19 19 6 5 14 12 19 18 12 17 12 16 15 19 12 12 14 12 10 13 17 18 6 17 13 9 9 17 10 11 10 12 10 15 13 8 8 18 6 20 14 10 10 12 14 17 13 10 8 12 17 19 6 6 16 20 14 6 6 13 19 11 6 18 14 9 11 18 14 7 10 9 14 19 11 16 20 17 13 18 17 8 11 14 20 7 6 12 8 19 18 15 13 13 11 10 18 20 8 8 6 5 13 17 14 20 7 5 16 11 17 8 12 20 11 7 20 7 18 19 15 5 5 8 19 7 8 18 5 10 16 19 20 8 5 11 15 19 8 9 11 6 9 19 16 11 7 8 5 9 10 16 17 13 19 7 11 8 9 13 14 19 13 16 18 12 20 20 19 13 11 11 10 19 11 6 18 8 8 13 8 17 6 6 18 0 19 11 16 18 20 14 17 19 6 17 18 18 14 14 19 20 15 16 9 8 5 10 9 15 7 14 19 5 7 14 5 11 5 11 19 6 13 11 11 8 13 11 18 11 12 6 18 12 5 10 9 13 17 15 12 12 14 12 10 12 19 10 11 14 20 7 15 14 8 13 15 15 19 16 5 12 9 15 12 18 14 20 20 8 13 5 15 12 18 10 6 13 18 12 9 9 14 18 17 18 15 15 10 19 15 7 8 9 8 10 13 14 15 13 12 9 16 19 10 11 9 12 17 19 14 10 12 17
6 18 12 17 17 9 15 14 17 20 9 6 12 15 9 8 17 10 10 8 13 13 12 12 18 6 7 20 6 14 19 17 13 10 15 17 7 13 13 10 10 6 15 20 9 15 8 20 19 8 20 7 10 12 13 7 12 18 18 11 13 8 9 20 11 13 9 8 10 16 5 18 10 19 5 7 15 7 18 9 10 6 14 16 19 17 15 14 11 19 14 5 9 8 15 8 17 16 15 6 9 16 13 9 6 6 8 18 9 6 7 18 8 17 5 5 20 15 14 5 17 14 13 17 9 16 17 8 17 14 12 16 7 18 16 20 10 19 14 19 17 9 9 12 16 5 20 13 19 11 7 14 18 15 12 16 11 14 5 16 10 7 12 11 12 17 15 18 15 14 6 13 11 8 13 9 19 15 15 16 8 13 16 10 20 9 5 19 17 13 15 7 18 15 15 6 16 20 19 11 12 11 6 18 19 8 7 20 14 20 20 18 19 13 19 16 5 19 18 7 7 18 12 5 20 12 5 19 18 15 16 5 13 12 13 8 10 7 7 13 18 17 14 10 13 18 8 19 20 6 14 5 18 8 6 15 16 6 8 18 16 19 10 19 11 20 8 10 6 16 5 16 0 11 10 11 6 15 5 5 15 18 17 16 15 11 12 9 20 15 7 10 15 12 17 7 20 19 6 5 10 19 12 13 8 14 11 17 19 16 18 19 6 14 19 13 10 8 7 15 16 13 19 13 13 17 17 13 12 19 14 11 16 6 12 7 5 9 7 5 20 7 18 16 12 15 16 13 9 9 12 18 15 16 18 10 14 11 5 17 13 7 5 14 16 5 8 18 6 20 7 11 10 15 14 14 17 10 8 15 9 9 16 18 17 17 14 6 8 9 19 5 18 14 12 20 6 18 6 11
19 18 18 7 14 16 8 17 15 8 10 5 7 18 9 17 5 20 9 11 12 12 18 14 5 10 6 6 7 7 16 6 13 17 14 10 5 20 17 18 5 15 6 19 5 8 19 16 11 15 10 5 5 19 18 8 11 15 6 8 13 6 18 6 14 19 15 16 19 7 12 6 8 20 12 19 5 14 20 14 7 8 18 15 9 6 8 10 17 15 5 10 17 7 14 5 17 14 6 17 18 13 10 10 11 19 12 7 7 8 18 8 11 11 20 7 19 5 13 17 18 16 13 6 8 9 20 7 5 17 11 17 13 12 8 17 9 11 15 7 12 10 14 9 5 20 10 12 6 6 13 14 7 8 15 8 18 13 9 12 8 17 5 11 10 15 7 16 10 8 18 7 8 6 14 12 9 16 17 17 6 20 8 13 11 6 15 8 12 19 17 6 7 5 16 19 11 13 7 14 9 13 16 17 12 5 17 15 8 10 16 13 19 5 14 7 20 16 17 11 10 10 16 16 15 10 17 18 6 15 18 10 18 7 10 7 17 15 20 12 16 15 20 9 8 15 13 14 13 13 14 10 11 19 17 15 10 19 10 12 14 16 14 19 10 20 18 7 16 11 11 13 6 0 12 11 16 11 11 20 5 8 7 9 10 17 8 15 17 20 19 14 10 10 12 10 20 5 15 7 18 18 14 5 18 16 20 19 13 14 11 5 20 16 12 13 12 20 20 20 6 7 10 10 18 15 18 12 7 11 5 8 11 6 18 10 9 8 11 7 16 5 7 5 10 20 12 13 15 17 14 19 14 20 15 5 14 11 15 7 10 5 15 12 8 15 10 16 11 8 9 13 6 20 10 8 17 8 9 18 8 17 19 13 6 20 9 8 11 17 11 13 16 14 10 16 19 14 16 16
13 15 8 19 17 17 15 5 13 14 17 20 19 15 11 19 7 5 15 15 18 11 10 9 6 6 8 14 19 18 8 19 7 17 7 14 8 7 13 8 11 7 15 20 12 20 20 12 14 20 16 10 17 13 13 11 12 17 6 7 6 13 9 14 12 19 5 6 7 8 16 14 17 16 6 13 12 7 13 16 17 6 7 18 18 10 8 5 17 19 7 11 8 18 14 13 15 8 19 5 6 6 11 13 16 8 14 8 15 20 10 6 5 6 20 5 12 15 10 20 18 6 17 15 8 6 14 12 20 14 13 12 11 8 15 9 19 12 7 15 12 5 19 19 20 15 9 5 20 15 5 20 20 9 17 19 15 14 18 20 11 18 9 15 18 18 7 9 10 6 17 20 13 6 5 13 17 12 5 12 6 8 8 8 20 9 10 17 11 11 16 10 8 7 10 7 12 12 14 9 19 11 19 7 6 5 19 13 9 19 17 16 12 10 14 5 12 20 17 5 20 6 15 20 6 17 8 9 14 13 14 6 18 14 9 15 9 11 16 13 14 7 16 19 12 7 16 19 14 5 17 16 9 14 17 10 15 19 19 20 15 14 9 9 19 18 9 15 5 19 20 19 16 19 0 7 19 18 7 5 15 8 20 10 20 18 6 14 16 13 17 12 12 13 15 19 15 11 9 19 20 7 11 17 14 12 20 12 5 15 15 20 10 6 14 19 18 7 13 17 18 8 5 16 7 20 10 5 12 6 14 5 6 8 15 10 19 13 15 20 8 11 9 9 8 17 8 19 19 19 12 16 16 7 9 16 13 17 12 18 12 7 14 18 9 16 15 14 9 13 11 17 16 12 18 16 8 12 8 8 11 16 17 18 9 17 20 16 13 9 17 17 12 11 6 20 15 6 8 20
7 10 15 10 18 16 7 9 5 14 5 18 19 6 5 18 18 14 14 12 20 9 10 12 9 11 12 10 16 12 11 15 8 14 13 14 8 11 9 10 10 16 9 17 17 19 10 11 16 8 10 9 17 9 7 5 14 6 17 12 7 17 15 15 7 13 18 15 7 16 14 15 13 16 12 5 11 7 5 10 15 7 20 7 18 14 5 16 11 6 12 17 16 20 15 11 18 7 11 13 18 13 15 11 11 10 12 8 17 7 18 16 19 12 18 10 6 10 9 7 7 12 6 14 9 11 10 13 19 16 10 20 6 13 7 18 5 16 12 13 18 16 5 5 13 7 9 7 14 20 8 16 8 13 19 17 9 13 13 19 8 13 8 14 17 11 7 19 11 19 18 15 15 11 9 18 12 17 18 17 9 14 13 15 12 13 14 13 16 13 10 10 12 8 6 18 6 8 11 16 10 17 11 6 7 10 13 7 5 12 15 8 19 11 9 11 19 5 5 18 17 17 10 7 16 16 8 11 18 10 5 16 16 6 16 17 16 17 10 15 13 10 5 11 17 11 13 19 12 6 5 14 8 14 6 11 15 5 20 18 9 19 16 7 18 15 11 17 13 13 9 14 16 10 19 0 17 6 10 10 18 12 17 11 10 15 8 14 16 17 9 10 14 13 6 9 13 13 18 17 14 7 10 7 20 12 14 14 7 19 12 19 12 9 10 8 14 5 7 9 10 14 11 9 7 12 20 10 14 15 8 10 16 10 16 13 13 5 7 10 19 8 9 11 15 13 8 17 13 19 15 15 11 11 17 15 7 7 10 19 20 12 16 12 12 6 20 9 16 7 19 13 5 6 7 17 15 14 10 8 18 10 5 17 5 6 7 13 12 16 10 6 7 17 5 16 12 14 12 17
14 11 17 11 19 8 8 8 16 10 8 11 17 16 10 20 18 11 12 10 18 13 16 19 17 12 14 12 20 10 16 17 11 18 16 12 11 17 12 20 12 8 20 17 16 11 11 13 10 20 5 19 14 15 17 11 7 13 12 6 9 6 12 16 19 13 17 6 7 9 9 17 12 16 19 13 19 8 19 17 12 11 13 18 14 19 12 12 18 6 13 13 10 15 9 8 12 5 12 13 11 10 18 16 16 9 19 9 6 8 13 5 18 19 8 16 7 11 20 9 6 10 14 16 11 10 13 6 17 8 16 10 16 13 18 11 9 16 13 6 6 13 18 19 18 5 6 9 13 20 8 13 11 20 8 16 15 18 8 5 17 20 17 6 20 12 14 17 10 18 10 7 10 8 11 8 13 19 19 8 19 19 14 5 13 7 11 9 8 17 16 18 7 7 9 11 9 9 17 10 13 9 19 7 7 20 11 15 13 10 18 18 10 18 17 18 12 14 15 18 16 9 11 6 9 13 16 20 17 11 19 6 5 15 14 5 12 20 8 16 8 19 15 6 10 7 9 18 7 12 13 15 10 15 19 7 7 13 15 18 13 6 5 11 15 15 9 11 10 12 9 18 14 9 8 6 0 19 5 12 15 17 11 17 10 15 15 17 11 17 6 19 6 12 15 15 15 19 19 10 18 12 19 13 16 18 13 16 5 9 17 9 18 13 13 8 9 12 10 11 13 17 13 18 12 16 12 5 12 19 6 11 9 9 14 18 19 9 13 18 11 13 15 15 8 11 8 8 12 11 19 10 16 13 18 13 20 15 16 10 19 18 20 18 11 19 6 11 5 20 10 5 11 11 20 7 15 5 13 7 14 15 12 19 20 17 9 19 17 18 13 18 13 7 8 13 11 8 8 10
19 15 20 5 12 11 12 5 16 10 11 14 10 7 5 9 12 18 10 7 8 5 15 9 18 19 17 8 15 9 5 11 16 8 14 11 10 7 5 19 17 19 13 9 17 9 14 6 9 20 13 13 19 20 10 10 15 6 17 14 16 5 17 19 16 17 17 5 17 12 11 19 19 8 8 17 15 11 15 6 19 13 18 8 12 10 17 7 13 6 10 7 16 5 12 18 7 19 18 17 7 20 6 18 20 7 8 14 20 13 12 20 8 12 13 14 6 17 17 6 17 13 6 9 16 20 20 8 17 15 16 18 18 12 17 16 15 15 6 14 6 18 12 18 10 5 9 10 5 15 9 8 11 17 7 6 17 16 18 12 15 8 10 11 13 8 19 7 18 18 12 10 12 11 7 8 13 8 13 7 8 9 16 12 12 7 15 17 14 5 20 6 20 12 19 14 7 10 11 19 14 16 14 14 20 19 17 5 18 9 7 5 16 16 13 18 12 11 8 11 8 14 8 20 15 17 14 6 20 8 16 13 12 17 17 11 20 20 7 6 17 7 20 10 16 15 5 15 7 5 5 6 16 14 18 5 19 17 5 14 7 11 18 19 12 10 13 16 14 9 11 17 14 20 10 9 19 0 15 18 15 12 19 19 7 18 18 5 6 16 17 11 13 5 19 20 10 14 6 9 17 10 8 17 9 18 13 15 19 16 15 10 5 10 20 11 7 14 15 9 6 6 8 5 8 5 14 19 7 20 12 16 7 7 9 11 16 19 20 20 15 14 11 8 13 14 11 15 11 17 5 5 11 10 13 16 16 13 20 8 8 6 7 5 11 18 8 17 10 19 16 9 6 7 9 15 6 12 11 12 10 20 11 11 18 13 10 18 8 9 15 18 13 9 12 9 13 20 5 15
16 15 9 8 13 12 12 14 15 16 17 15 14 8 9 8 15 12 11 16 11 13 18 8 7 16 16 18 17 19 15 8 18 15 20 15 12 6 20 15 16 9 7 6 19 6 18 7 15 8 15 7 13 19 7 15 16 16 7 5 8 18 19 12 16 18 18 16 13 11 15 7 12 14 15 18 14 13 13 7 20 12 17 14 5 13 19 9 12 11 19 15 5 11 9 19 19 11 5 8 11 10 11 8 16 11 10 7 9 15 12 16 20 13 18 12 14 19 19 6 18 19 12 8 19 12 15 17 10 16 13 16 13 10 8 15 8 13 7 20 11 10 20 9 15 6 17 7 7 15 19 16 11 7 5 15 20 13 15 13 13 20 10 15 15 7 15 10 12 17 9 11 9 12 16 16 14 13 10 19 11 16 18 17 19 15 12 20 9 12 13 20 8 16 20 20 6 16 20 9 16 10 16 20 10 12 19 10 11 16 19 13 8 20 16 5 20 12 6 18 5 8 10 7 20 17 11 9 9 10 9 17 5 10 20 17 16 15 18 9 6 12 20 18 8 10 13 11 10 7 14 6 19 10 5 20 11 10 19 17 13 12 8 19 8 12 11 19 14 15 10 13 17 17 12 17 13 19 0 14 10 14 16 9 10 15 7 16 13 9 10 12 13 5 15 14 13 9 20 12 18 17 10 16 7 6 11 19 14 19 10 8 12 5 15 18 15 6 9 8 7 20 11 12 6 19 9 17 11 11 17 5 12 20 5 20 18 5 6 20 17 12 7 6 13 12 10 7 15 12 13 16 12 15 13 10 11 17 20 16 14 9 5 16 15 9 9 15 16 10 19 20 16 9 18 20 11 5 13 12 19 10 7 6 17 17 17 7 13 16 12 19 9 16 5 19 9 8 11 16
20 12 7 17 12 6 20 9 14 13 12 11 12 17 11 8 10 17 10 11 10 13 14 19 8 11 13 6 13 17 18 11 20 20 14 7 12 10 18 9 6 9 5 13 19 19 13 6 8 18 8 11 20 17 11 18 20 7 19 7 8 13 20 9 20 9 8 19 9 5 9 10 7 13 14 17 18 15 12 11 14 10 17 12 11 10 16 20 13 8 19 14 17 6 14 14 9 6 13 9 17 5 5 8 13 10 19 10 9 17 13 10 15 6 7 17 5 7 12 19 9 5 8 5 12 19 10 5 6 19 15 17 5 5 17 18 5 19 5 5 14 14 5 8 12 15 16 9 5 5 11 17 6 20 14 18 11 7 6 20 16 9 19 6 6 5 17 18 17 17 12 16 19 8 17 13 12 8 16 9 11 18 15 13 7 17 8 11 6 11 12 13 10 7 6 20 20 16 7 5 10 18 17 13 5 13 10 5 9 8 20 8 9 12 7 19 7 15 15 18 5 13 19 18 10 16 6 10 11 17 15 10 11 9 15 14 19 8 10 20 13 10 7 20 5 10 6 5 7 6 5 9 8 12 8 7 13 14 13 6 17 10 15 10 10 16 17 13 6 9 5 6 12 14 19 11 12 10 7 0 8 16 5 19 6 18 5 5 7 13 11 16 11 11 19 10 16 10 10 7 17 13 8 8 6 6 10 15 19 16 13 9 5 8 16 7 20 17 11 20 6 10 8 6 13 7 9 16 19 13 19 8 14 17 10 7 17 14 12 12 14 18 15 11 7 9 20 10 12 14 19 12 20 8 15 20 18 20 11 20 5 8 20 19 11 7 16 13 14 7 5 17 14 18 6 9 8 16 11 10 20 19 9 19 5 19 19 11 17 6 5 12 11 15 13 6 9 9 8 10
9 6 8 12 15 20 18 9 6 9 6 18 5 20 12 19 8 9 11 8 20 15 20 10 16 18 20 9 5 11 8 15 11 10 13 13 18 19 6 13 13 19 20 6 6 10 6 14 16 10 19 16 18 11 7 17 6 19 19 16 15 9 7 15 5 7 20 5 8 6 13 19 11 15 20 6 7 19 9 5 5 10 8 20 19 20 14 12 14 13 16 15 17 12 19 7 19 5 20 6 9 16 7 11 17 9 20 9 10 6 20 13 9 12 20 7 18 5 17 15 13 5 11 7 8 16 8 15 13 5 5 20 17 19 15 20 9 12 7 11 8 20 14 7 9 9 6 15 15 13 7 15 18 6 20 8 6 12 12 14 8 6 15 17 12 18 6 13 15 14 16 9 10 14 17 15 14 10 16 11 13 17 7 6 15 10 5 17 18 9 16 9 5 11 9 7 17 18 7 5 7 9 16 17 9 16 20 6 19 7 13 20 18 13 12 7 18 20 20 14 17 8 15 9 8 8 19 17 14 5 7 10 17 6 17 20 20 14 15 13 9 6 19 12 16 13 6 14 6 18 12 10 10 13 17 8 5 5 17 18 7 19 9 19 7 17 17 20 7 16 12 19 6 19 9 11 16 12 11 15 0 7 5 19 11 18 12 14 19 12 19 6 11 8 12 18 18 12 12 10 6 19 15 16 20 5 9 20 20 16 16 15 14 14 10 16 15 14 9 7 12 17 7 19 5 10 6 12 15 8 16 6 17 19 19 11 14 5 19 17 7 16 7 14 17 13 18 7 13 20 14 10 18 7 18 17 6 5 13 15 20 12 10 19 19 9 9 16 17 10 17 11 8 12 5 19 12 15 12 20 6 6 17 6 19 5 14 8 19 13 8 17 14 9 5 7 12 6 14 9
8 11 7 15 15 14 6 14 12 6 13 7 7 7 10 10 15 17 18 7 18 6 13 13 6 18 13 19 18 12 19 13 7 9 18 10 6 15 9 5 15 12 15 14 11 15 16 17 9 13 7 6 9 16 5 19 14 7 15 10 8 14 19 11 18 18 10 15 7 20 17 10 13 10 20 13 18 13 12 6 11 18 15 6 19 12 17 7 8 11 6 18 17 9 6 10 7 10 11 12 11 5 13 16 9 7 19 18 15 11 12 6 8 7 20 15 6 14 8 7 9 11 19 8 5 14 19 13 18 20 8 16 12 5 5 17 11 12 13 7 15 16 20 16 8 20 12 5 6 9 17 10 8 6 5 13 11 11 20 16 11 18 7 18 19 8 9 17 9 8 7 8 13 13 8 11 15 15 7 19 6 9 9 10 12 14 18 8 6 15 17 8 6 12 6 6 8 14 11 8 5 5 16 20 19 6 8 15 20 6 16 12 18 7 11 16 18 12 5 5 16 13 17 15 7 14 18 9 7 17 11 18 15 6 18 14 6 8 9 6 8 7 15 19 10 12 7 7 19 13 7 6 15 12 15 19 18 12 15 16 19 20 15 19 17 18 14 15 5 12 18 8 17 13 16 19 15 9 7 16 10 0 18 5 5 8 10 17 13 19 9 9 15 5 17 17 14 7 7 10 19 14 5 17 13 11 14 14 11 15 6 13 5 11 18 11 19 7 17 7 16 12 14 14 6 15 14 13 18 18 19 17 15 10 11 6 14 9 19 17 6 6 18 6 11 8 20 8 6 5 9 16 13 19 7 13 19 12 20 9 17 19 17 18 6 12 14 17 18 16 17 6 8 15 11 8 11 12 18 11 6 9 8 15 15 5 12 19 16 13 15 9 20 11 8 10 9 13 11 11
17 11 16 15 10 14 9 7 5 12 8 20 14 11 10 17 19 5 16 13 12 11 9 15 6 16 19 10 16 20 14 12 5 6 5 19 18 11 16 9 9 10 5 12 9 18 10 12 6 16 15 15 18 6 14 14 15 17 13 16 18 12 8 20 15 7 15 11 14 13 15 13 7 19 7 16 9 19 14 11 12 20 11 5 15 15 19 8 15 10 6 16 19 10 7 15 20 6 7 19 6 17 16 10 14 16 5 5 8 13 13 6 14 11 18 17 13 7 16 12 19 12 10 6 17 17 15 6 5 9 7 18 9 15 9 13 13 5 18 16 10 9 16 8 18 14 19 9 11 15 10 20 15 8 14 11 7 10 10 6 5 20 9 19 11 8 12 8 20 20 13 7 6 6 8 7 8 11 19 18 12 20 10 15 12 10 13 6 20 17 9 9 19 12 5 10 7 18 18 16 8 14 10 7 10 9 18 5 17 13 11 11 15 7 9 15 9 11 8 8 9 13 12 10 7 19 20 6 6 20 8 11 8 8 14 20 7 18 17 17 16 15 12 10 6 14 5 16 12 14 15 20 5 8 18 14 7 11 20 19 16 15 5 7 15 16 16 6 6 16 11 18 19 20 17 11 15 6 19 20 13 10 0 16 15 13 7 20 5 19 13 19 15 15 13 7 5 12 7 5 19 8 16 20 6 6 9 12 14 15 17 17 9 19 20 17 18 5 16 17 5 12 12 8 18 6 17 12 16 17 14 13 11 15 12 20 7 15 18 10 12 16 19 20 15 16 6 11 18 8 10 20 16 8 5 16 10 19 9 14 12 8 13 9 11 13 9 6 8 8 6 5 5 15 18 7 14 9 5 17 6 17 11 18 18 9 17 12 5 8 5 19 12 20 5 13 15 17 14 10
5 14 6 5 10 9 14 9 8 19 7 17 7 8 17 19 18 17 12 9 18 5 13 11 9 19 17 7 8 16 20 15 18 15 11 17 17 12 9 12 13 16 11 9 11 14 11 5 7 13 20 18 12 15 17 15 12 8 6 6 16 8 13 10 17 12 15 9 7 11 17 13 5 8 8 14 15 7 11 8 18 12 8 18 12 11 15 7 17 15 6 5 18 18 14 9 16 11 16 7 15 15 11 9 17 5 20 17 8 10 16 18 13 10 6 6 10 10 7 6 9 9 5 15 18 9 8 18 8 15 11 17 6 15 5 5 20 8 13 5 19 8 14 16 16 8 5 15 9 8 12 9 8 20 18 15 17 20 18 9 19 19 14 15 6 8 12 17 8 5 7 14 11 13 18 5 9 16 20 8 11 7 7 18 20 20 12 5 7 8 19 10 16 20 5 7 14 13 16 5 19 6 15 8 15 10 18 12 7 20 7 16 18 11 17 17 13 18 19 15 11 5 9 16 14 15 14 7 17 18 5 5 16 7 17 16 13 10 7 16 14 14 11 13 17 8 17 19 19 18 18 20 7 6 13 5 5 14 7 8 17 6 5 15 19 18 13 16 12 8 12 8 14 16 12 5 13 10 7 11 9 18 7 0 14 17 8 18 14 8 7 14 18 15 14 19 18 18 10 5 17 5 14 20 15 20 20 11 15 5 5 8 17 9 17 20 6 17 6 16 15 20 6 10 10 10 12 12 8 14 12 8 13 11 13 20 10 8 13 15 14 18 11 20 14 11 20 6 8 20 14 8 17 19 7 7 12 16 8 8 16 11 12 9 18 6 19 15 16 9 15 7 9 8 20 7 12 20 19 6 8 15 20 11 18 16 11 8 20 19 9 10 9 17 9 20 5 5 13 14
7 16 13 15 18 17 9 6 7 8 7 17 16 20 17 12 11 17 17 6 20 7 8 18 8 14 14 18 19 6 17 16 12 12 19 6 8 7 12 19 18 11 8 10 8 8 19 9 18 17 18 10 7 17 10 9 12 17 6 16 20 6 5 7 10 14 19 7 15 12 14 16 7 17 19 7 12 11 7 14 18 18 20 16 8 20 12 18 18 13 7 19 11 11 20 10 19 19 19 12 16 6 18 20 15 20 17 13 11 5 7 10 17 20 7 17 13 19 17 8 10 6 16 5 14 20 19 20 9 8 20 7 20 14 5 19 20 6 17 9 14 18 14 16 5 9 7 18 15 14 7 14 16 17 16 9 10 18 12 9 5 7 7 19 15 5 6 10 6 12 13 13 17 8 16 15 6 17 17 7 16 7 20 18 20 13 8 20 17 19 7 11 10 19 14 7 13 20 19 17 18 15 8 12 8 16 15 8 19 20 13 12 19 8 11 17 14 17 13 8 8 8 11 10 6 8 7 8 8 17 19 10 17 20 10 12 20 6 16 11 17 18 12 8 6 14 11 18 7 8 20 6 19 17 15 9 15 13 12 18 17 5 10 12 11 15 15 13 5 7 14 17 11 18 8 20 9 17 14 12 13 15 14 13 0 7 15 5 20 14 16 20 13 18 11 14 18 18 18 17 16 17 8 19 12 20 12 17 16 6 13 5 17 16 10 20 16 18 14 6 5 13 12 10 12 14 20 5 6 9 8 12 5 9 5 18 16 17 17 15 14 8 18 16 5 7 10 9 19 5 16 16 5 19 15 9 10 9 11 7 20 5 6 18 5 15 14 18 18 17 15 14 13 7 18 7 7 17 16 11 18 5 7 15 20 5 9 9 10 9 19 5 16 11 9 8 15 11 9 14
5 13 16 6 16 13 12 11 18 12 10 14 13 16 14 11 19 14 11 10 7 18 13 8 20 9 17 8 8 20 7 17 15 6 15 9 13 16 12 6 6 6 11 11 19 19 11 5 11 16 12 9 18 7 19 7 20 6 15 6 16 15 5 9 5 9 19 13 15 19 14 18 16 8 8 11 20 12 17 19 9 12 14 8 7 7 19 12 19 6 12 18 15 14 12 7 6 13 8 12 20 8 6 11 15 12 20 19 7 15 8 16 9 15 12 17 14 15 11 20 9 11 9 15 16 8 18 16 5 10 8 12 8 5 20 9 6 9 20 14 6 16 20 15 18 17 6 14 11 5 9 16 13 6 12 8 15 16 9 7 18 11 11 6 20 15 8 7 10 8 8 13 10 6 15 20 8 14 20 6 13 11 20 8 14 9 8 20 9 9 14 15 17 16 15 19 11 16 10 9 9 16 7 11 19 9 20 12 16 9 16 8 16 13 13 15 6 18 18 9 10 14 10 10 14 9 8 15 20 9 17 20 11 19 17 18 9 5 9 9 11 16 13 16 17 20 7 5 13 6 8 11 6 19 14 15 15 16 20 16 19 16 6 6 12 9 10 20 17 7 16 6 10 11 18 7 9 10 11 7 5 7 11 18 9 0 12 20 17 15 20 8 8 20 8 9 18 11 13 6 13 7 13 9 17 14 17 19 15 19 13 11 18 13 19 17 6 20 15 6 13 15 17 19 15 13 9 14 19 15 5 15 6 10 8 15 6 13 18 20 17 10 12 13 16 8 12 12 6 17 6 8 11 18 11 19 20 20 8 9 20 17 13 6 16 10 10 5 15 17 5 14 11 9 8 7 11 6 17 6 20 18 7 16 19 7 19 15 10 11 14 6 5 20 20 17 6 19 11 9
12 14 19 8 19 9 17 14 15 16 19 13 10 7 19 17 20 9 19 10 6 6 15 5 17 19 16 14 10 6 8 19 10 11 18 6 19 9 7 15 16 13 7 6 17 10 11 9 11 13 10 16 16 19 12 13 16 17 5 11 9 5 9 19 13 16 20 5 17 10 18 13 17 17 18 6 20 9 5 7 19 15 15 9 20 6 12 14 7 5 15 12 19 19 10 14 9 10 14 13 5 11 18 12 18 11 16 12 16 5 20 10 7 6 12 12 10 6 13 6 14 5 12 18 5 16 12 20 7 18 6 17 16 19 11 9 15 17 13 11 14 13 11 9 15 14 13 17 12 18 9 16 13 12 6 13 11 5 6 20 14 11 6 16 9 15 20 11 8 14 13 7 17 15 7 19 15 5 9 18 12 12 20 13 16 13 10 8 17 6 10 19 10 18 10 12 17 14 17 15 9 17 5 13 9 7 7 19 12 18 14 6 16 17 9 17 17 8 11 14 7 18 16 8 12 17 14 20 19 5 13 5 14 14 10 5 7 11 16 14 6 6 5 16 13 8 5 8 8 17 14 7 6 9 9 19 14 7 10 12 8 6 10 5 12 11 13 9 12 15 17 8 19 17 19 7 15 18 8 8 9 17 17 13 20 5 0 9 5 16 12 13 8 7 14 20 17 15 5 10 11 12 20 17 8 17 12 6 20 5 5 20 18 11 19 10 13 7 7 17 7 17 12 18 5 8 19 18 13 13 15 17 7 14 13 11 11 11 19 14 19 20 11 5 17 11 20 13 9 5 13 18 13 20 7 5 20 17 5 15 10 18 15 20 9 14 10 14 19 6 8 12 7 17 11 7 10 14 20 6 8 6 8 14 5 14 13 9 18 18 9 10 7 15 17 17 8 17 11 8
20 12 8 7 13 17 16 8 6 19 14 20 18 6 20 15 10 9 8 15 12 6 17 17 5 12 17 9 19 8 10 8 9 15 8 19 13 19 7 8 10 12 16 17 15 13 16 14 8 19 13 13 7 7 11 7 18 5 16 5 13 9 17 11 11 13 5 20 7 9 20 7 20 13 9 7 15 18 11 5 8 12 9 15 7 18 14 12 13 13 7 9 11 13 11 10 5 16 8 19 18 6 20 6 15 10 19 7 16 10 7 20 10 8 20 17 9 7 12 17 6 8 20 20 13 9 18 7 12 7 18 12 7 5 19 11 8 19 17 9 15 10 20 16 16 19 6 9 14 16 5 17 6 5 18 17 20 8 19 5 17 18 8 5 14 18 5 5 10 7 20 15 8 6 20 17 12 17 11 6 5 7 9 12 14 18 15 9 8 18 20 8 13 15 17 8 15 10 6 14 17 8 16 18 10 11 7 13 7 14 14 11 6 11 20 17 13 11 19 11 19 20 11 15 18 11 14 18 9 18 18 17 10 19 15 13 13 13 6 17 12 7 11 15 19 17 9 14 10 10 17 10 12 5 17 12 11 6 5 13 9 17 10 15 15 9 17 13 7 6 14 16 18 15 12 20 12 19 8 14 7 6 13 6 19 6 9 0 8 13 12 12 13 6 17 16 16 5 18 15 11 14 16 10 7 5 19 7 7 13 14 7 8 6 18 6 11 5 17 11 14 20 19 9 18 20 20 16 7 17 15 16 7 15 9 15 11 11 18 13 19 7 11 16 14 15 17 18 14 5 11 13 14 16 8 13 15 20 15 20 12 15 12 5 14 5 6 6 17 10 7 7 14 20 12 11 13 6 15 16 20 20 8 12 16 8 8 8 5 19 18 16 5 10 10 13 14 9 9 18
5 8 7 11 16 10 20 19 10 17 8 5 17 19 6 7 13 6 10 11 18 13 15 19 9 13 6 8 11 6 20 19 17 16 13 17 11 7 7 20 12 12 16 7 15 14 20 11 13 9 18 15 9 18 15 15 7 9 16 5 11 8 13 18 9 20 11 8 14 16 18 7 5 18 6 20 20 15 6 12 14 10 19 20 5 20 6 18 5 18 12 10 13 11 5 18 15 15 5 13 18 5 13 5 17 5 18 13 10 9 19 6 13 8 6 16 5 18 6 20 10 18 5 19 19 6 13 10 18 9 11 13 8 7 11 11 9 10 13 19 10 7 20 14 15 11 14 13 15 16 7 12 20 10 18 6 9 11 18 7 5 19 13 17 6 7 20 9 6 16 19 7 6 5 7 18 18 11 8 19 13 18 12 19 14 9 7 13 12 14 11 8 6 12 15 17 13 18 8 20 12 5 14 10 20 5 15 10 20 6 14 20 6 6 9 20 10 16 14 20 8 20 15 19 15 19 9 10 16 15 17 19 5 19 8 12 11 14 17 5 8 12 5 18 7 20 16 9 20 16 19 8 11 5 11 20 8 14 20 11 15 9 5 18 8 20 5 10 15 17 10 14 8 13 18 6 12 8 16 14 13 12 10 7 17 5 17 6 0 17 6 17 6 18 8 10 13 11 6 17 8 11 6 20 10 13 12 9 5 16 11 15 6 9 7 15 15 8 11 14 11 13 5 13 19 12 12 19 10 5 6 20 16 12 14 12 11 14 14 12 9 9 20 20 5 8 18 5 14 8 7 9 8 15 20 14 5 14 16 12 19 15 15 7 13 19 19 13 16 19 5 11 14 7 12 18 13 16 5 11 11 11 5 14 6 15 6 14 13 8 17 15 8 10 11 7 9 20 8 8
5 9 7 8 5 12 20 11 8 5 15 10 20 8 16 15 14 15 8 18 17 20 5 9 11 16 17 18 15 17 16 12 8 7 17 10 7 19 8 10 11 8 7 8 9 10 11 17 9 5 14 15 17 9 8 18 16 20 14 14 13 5 11 13 8 12 16 6 16 14 7 6 18 18 5 5 5 9 6 19 18 19 17 9 6 16 10 5 6 7 18 11 17 18 20 20 16 17 6 11 6 7 14 12 8 10 13 18 12 19 13 14 12 6 15 13 15 20 8 9 17 16 10 6 19 12 15 18 11 9 17 10 15 19 14 8 7 11 14 14 6 19 13 17 19 19 9 10 17 6 13 13 10 19 19 20 15 18 9 11 7 10 11 8 6 6 17 9 7 20 8 18 9 6 12 7 15 9 18 5 12 13 19 6 17 11 16 6 13 15 14 7 15 14 16 18 12 9 7 14 17 18 20 10 15 5 8 19 11 6 17 16 20 14 15 15 11 7 15 14 18 16 9 7 20 6 11 15 5 20 12 8 6 6 10 11 7 14 17 17 12 10 10 11 14 16 7 19 16 7 16 16 14 9 9 18 19 13 11 14 5 9 12 16 20 7 9 17 17 8 11 17 15 18 14 14 10 6 15 20 19 16 10 15 19 20 11 10 17 0 15 9 5 12 13 11 16 13 19 12 13 7 16 15 5 7 8 11 17 12 15 5 12 16 20 14 10 19 20 7 9 20 13 13 8 7 11 5 11 14 15 20 15 17 12 9 8 10 16 5 19 7 19 18 5 11 19 9 12 12 8 11 17 10 10 11 13 14 18 16 8 16 14 10 20 14 15 9 15 11 8 19 18 17 8 5 18 14 16 19 9 12 20 18 20 8 19 17 13 9 14 19 12 12 7 11 13 7 11 20
12 13 6 11 8 13 11 6 14 5 11 15 9 19 7 8 12 15 20 6 16 18 10 10 10 17 11 13 20 13 20 11 15 13 6 13 13 19 11 11 15 17 19 19 7 10 13 19 13 5 17 12 6 9 17 19 15 18 11 15 7 13 6 16 8 13 12 7 13 20 10 11 17 13 6 14 9 12 19 18 8 12 11 8 12 7 16 10 17 7 18 7 11 16 14 6 20 6 8 11 14 20 7 7 8 11 13 20 20 12 14 7 10 12 16 18 19 10 17 16 14 6 11 16 15 11 9 5 7 18 9 12 8 7 17 20 8 10 9 8 16 9 13 18 15 17 5 8 17 18 9 9 16 9 18 15 7 10 5 18 7 5 20 16 5 5 6 20 6 5 14 11 7 14 17 17 11 15 16 16 20 17 8 11 20 14 14 18 13 16 9 10 5 11 8 5 8 12 10 15 6 5 14 14 8 8 20 12 14 13 20 9 8 16 18 20 13 15 10 20 16 9 15 16 13 17 6 16 6 17 16 8 20 12 19 13 5 8 9 6 13 7 20 15 19 12 20 10 12 20 9 15 18 10 15 10 10 12 18 6 16 13 18 15 13 9 17 16 20 12 14 5 14 11 6 13 13 10 18 10 14 8 18 20 18 15 16 12 16 7 0 12 20 12 15 19 6 7 19 19 9 14 11 5 18 17 10 18 10 8 16 20 6 15 14 20 13 10 16 5 6 20 19 6 17 20 16 13 15 19 13 14 14 18 8 10 5 7 14 13 16 12 15 7 7 17 14 20 8 16 15 17 6 13 7 18 17 11 9 14 7 5 8 5 12 9 19 15 6 11 19 6 9 16 18 19 15 5 6 8 12 19 13 6 13 14 9 10 11 16 7 8 5 14 9 20 6 7 15 17
6 5 16 14 11 12 15 14 8 9 18 20 14 11 15 6 14 16 8 20 9 17 19 11 12 17 5 15 11 14 9 12 13 8 17 17 14 16 11 8 17 13 16 14 6 11 11 10 15 6 5 12 9 20 5 6 7 6 8 6 6 6 11 17 9 8 19 8 9 9 5 19 12 19 11 14 18 16 12 12 18 15 6 7 5 18 20 16 15 10 13 8 17 13 6 17 18 13 6 18 8 17 10 20 6 13 5 11 12 17 7 17 15 17 15 13 13 18 13 13 6 9 16 20 17 20 19 9 11 20 5 18 14 17 18 11 19 5 8 13 19 5 17 10 19 10 13 7 5 15 5 14 17 20 12 11 17 9 11 16 19 10 7 14 17 20 9 7 13 14 6 20 10 7 6 8 19 18 10 6 8 20 8 13 17 9 11 9 20 11 9 6 12 12 8 5 12 10 14 18 11 13 15 13 20 20 7 11 12 17 13 13 6 19 15 12 17 17 20 11 12 17 5 6 11 16 12 9 7 6 15 17 7 19 13 10 20 19 11 17 8 13 20 18 16 5 13 14 7 16 14 11 16 5 8 15 17 11 11 17 8 5 10 7 14 5 11 15 15 8 17 13 11 12 19 19 11 8 17 12 19 19 20 20 6 6 18 6 14 13 13 0 15 12 19 19 15 5 15 15 18 8 11 8 15 18 14 13 10 12 15 17 11 19 13 11 20 5 8 17 7 18 14 18 16 6 6 11 20 5 5 20 12 12 15 11 19 11 10 6 9 10 10 7 9 6 18 11 11 9 5 10 11 17 12 17 11 9 9 18 16 5 17 9 17 16 14 14 15 19 18 16 16 7 20 16 6 17 17 7 19 9 10 13 16 14 12 5 13 19 10 16 20 18 16 18 12 17 7 14
13 19 19 13 11 18 14 8 13 15 19 15 10 10 10 9 14 18 6 5 18 16 10 14 12 5 9 15 14 7 19 6 8 6 8 8 14 10 16 6 10 17 19 5 20 11 14 5 20 5 18 19 9 6 14 6 15 18 14 13 13 15 16 8 17 9 8 16 13 14 10 5 6 16 13 17 9 8 8 10 17 15 14 10 6 7 14 20 8 17 15 16 12 19 18 12 12 14 15 12 18 7 14 5 17 20 18 16 19 9 12 20 5 18 11 6 16 20 15 6 17 7 17 12 11 5 7 17 10 12 9 12 9 5 19 6 5 6 12 17 11 9 16 12 18 16 8 15 14 19 12 18 6 18 15 7 12 7 14 15 20 7 6 9 16 13 19 20 10 8 5 19 7 7 12 5 16 14 9 14 10 19 16 17 9 17 5 12 18 12 11 18 13 11 19 12 6 15 13 11 15 19 5 18 10 9 20 11 8 8 11 16 17 9 20 13 20 10 17 12 13 7 15 13 12 17 10 6 6 18 16 8 19 18 18 20 15 10 14 16 9 8 11 7 20 9 14 10 20 8 18 8 17 18 8 19 14 9 11 9 8 8 15 5 18 20 19 13 8 14 9 19 16 20 16 15 11 11 17 10 8 6 13 15 5 14 7 10 9 15 14 13 0 12 8 7 14 8 19 6 14 17 12 8 19 12 6 8 12 20 20 17 8 14 11 19 19 13 15 16 18 20 8 12 18 10 6 8 8 5 5 17 15 7 14 11 16 11 14 15 9 17 11 7 8 11 6 5 12 7 5 14 16 12 20 16 19 7 5 5 15 8 9 16 10 11 18 20 5 11 11 18 13 16 12 19 15 12 13 19 11 10 11 8 8 10 6 9 12 12 9 13 8 7 18 10 18 12 19 11
8 11 16 19 8 18 7 20 11 17 13 15 11 6 16 11 10 5 7 5 16 9 17 18 15 18 20 10 19 17 12 12 15 11 7 14 14 9 12 5 5 17 10 8 5 5 16 19 10 5 8 18 19 14 20 15 5 19 19 6 13 5 19 16 16 7 14 12 16 15 5 7 11 8 11 11 9 5 17 10 16 8 6 13 12 9 20 7 9 9 18 13 7 16 7 19 19 12 13 16 8 19 8 12 9 14 7 16 6 14 11 13 17 20 5 11 19 15 13 20 14 10 7 13 19 5 5 9 12 9 5 8 9 9 13 9 7 10 19 5 17 6 7 8 20 9 5 13 12 7 12 18 8 5 8 9 6 6 19 17 6 8 14 5 19 5 5 19 15 18 11 8 10 20 9 14 9 15 7 6 14 7 11 16 7 18 15 8 17 12 11 8 5 11 18 16 9 5 20 14 10 9 13 7 14 18 17 6 10 6 5 5 8 8 9 10 12 12 12 16 17 15 10 14 8 19 12 18 11 10 8 12 7 10 14 6 10 20 15 11 19 13 8 14 11 17 20 12 9 8 11 13 8 16 12 7 18 16 17 16 11 15 13 17 11 19 8 16 8 14 14 13 17 17 16 15 5 8 13 6 11 7 15 6 7 18 15 7 12 10 9 17 13 0 18 5 13 6 19 9 12 13 10 16 7 14 8 7 8 8 5 19 14 18 14 18 20 11 19 7 20 7 13 18 10 9 13 17 12 19 18 6 13 10 5 16 13 20 11 12 11 10 16 6 12 6 10 20 19 7 7 8 16 14 14 13 9 18 11 20 12 5 10 15 20 7 11 13 12 5 14 7 18 8 10 8 19 6 16 12 15 8 6 11 14 11 18 14 6 5 20 16 14 9 7 6 5 9 12 13
16 13 9 13 8 6 17 14 10 20 12 17 9 11 17 20 19 17 11 17 19 13 19 13 20 14 19 10 8 11 17 19 20 8 14 19 19 19 7 15 11 8 20 16 6 17 11 17 15 17 8 15 12 12 20 16 12 6 7 9 13 11 19 10 18 13 18 6 8 14 18 16 14 5 17 10 6 8 18 9 7 17 14 18 18 5 9 5 15 17 20 15 17 11 17 20 14 15 14 17 13 18 6 9 20 17 18 14 20 10 15 13 9 15 15 9 15 5 13 16 12 15 11 11 16 18 16 11 20 14 5 15 10 17 6 20 16 20 6 6 12 16 7 20 19 9 17 6 15 9 12 6 10 12 9 12 19 15 10 7 13 13 9 11 16 5 17 8 19 19 11 15 19 14 16 7 13 6 8 10 12 17 14 15 12 7 5 13 7 17 13 17 9 10 10 7 13 6 18 10 17 14 8 17 15 13 17 17 15 12 12 19 14 5 17 19 10 19 16 20 14 12 7 12 17 16 15 17 13 9 13 14 12 5 13 20 19 5 16 15 6 19 7 6 17 5 5 7 15 13 10 10 6 9 9 15 15 15 19 16 20 13 17 12 6 7 15 13 15 15 14 17 8 6 15 10 6 13 13 20 5 18 16 14 16 12 8 15 14 13 19 12 7 15 0 5 6 11 20 12 13 7 10 18 19 17 12 5 10 13 16 14 15 16 6 20 11 8 10 9 12 14 13 14 8 8 12 6 11 18 15 13 16 18 8 9 14 5 18 15 18 7 18 10 9 14 6 13 14 16 9 16 15 11 19 8 18 20 19 18 19 15 5 17 5 14 14 10 10 8 13 13 19 13 20 6 10 9 11 8 13 6 17 7 5 18 12 14 10 13 14 16 11 12 20 18 13 8 10 10
19 15 11 13 12 10 19 8 6 5 8 14 11 11 17 8 8 14 5 13 7 16 14 13 16 9 14 19 17 10 11 14 10 8 18 7 15 9 6 9 15 11 13 11 12 6 14 19 9 6 13 8 5 18 8 19 11 12 15 6 10 14 7 16 11 16 5 20 7 7 17 15 11 13 14 12 12 15 13 5 7 8 10 15 14 14 8 17 17 5 8 17 9 15 7 5 8 12 8 18 11 15 11 10 7 14 9 7 14 14 7 10 14 11 16 12 10 10 15 6 19 17 13 8 15 18 14 12 9 17 18 12 9 18 9 18 20 5 5 6 10 7 20 8 20 10 12 16 12 9 17 5 7 7 16 18 10 7 15 18 15 14 12 13 15 12 14 9 20 14 12 15 7 8 19 20 19 7 5 15 20 6 6 8 11 15 7 16 6 16 5 20 10 10 13 12 18 9 12 19 18 6 10 20 17 14 6 14 11 10 17 10 12 6 12 5 14 15 18 10 8 14 19 12 19 15 16 18 11 13 10 6 14 14 6 9 17 7 13 19 7 9 15 20 10 19 6 16 9 12 15 14 16 11 9 12 15 10 9 6 12 11 15 20 5 12 12 6 15 10 5 9 6 5 7 12 9 7 10 15 10 14 5 7 12 16 14 10 17 15 12 18 15 19 19 0 6 10 7 10 19 10 6 17 9 8 5 8 6 15 5 6 8 14 14 18 15 19 9 11 19 10 8 16 17 19 17 12 20 13 5 7 11 7 11 9 13 7 16 10 8 11 17 16 18 14 20 7 7 15 17 18 9 5 20 13 18 15 17 7 8 11 6 11 16 10 20 6 7 10 18 7 17 9 8 15 14 15 13 9 17 19 12 17 9 5 16 15 17 16 18 8 20 12 13 12 5 5 19 16
16 7 17 15 6 16 16 8 19 11 15 17 14 7 9 6 9 11 7 8 17 9 9 13 19 18 15 17 15 20 12 7 16 17 8 6 12 12 8 10 11 19 7 9 13 13 11 20 10 5 12 12 5 6 8 18 15 16 15 18 5 16 12 5 12 20 13 17 18 13 10 7 10 7 14 6 6 17 20 5 6 13 13 6 7 12 9 17 13 10 14 16 12 11 19 14 15 20 15 20 15 11 14 11 12 12 7 8 19 10 9 13 6 19 17 10 20 19 13 5 8 20 12 19 5 15 17 19 17 7 6 19 16 8 20 6 6 17 13 6 10 13 7 17 8 15 7 13 12 16 7 20 13 7 14 16 7 19 17 10 20 16 5 13 8 12 13 19 10 16 11 16 6 16 5 8 14 9 8 20 7 6 5 13 16 15 18 13 12 16 6 9 5 19 10 18 13 8 19 17 17 17 18 20 9 17 12 9 16 20 10 5 6 13 10 19 17 18 18 16 6 5 19 15 16 5 14 12 18 12 10 20 11 6 8 18 19 15 12 7 8 19 17 20 19 14 20 15 10 12 12 5 8 15 5 12 19 10 8 17 15 12 5 16 13 20 12 14 15 5 12 20 11 9 5 20 11 6 19 8 7 7 9 10 16 12 18 14 6 16 11 10 14 16 18 16 0 8 5 5 20 12 11 13 8 5 14 18 14 12 7 8 12 20 7 8 20 18 10 14 11 12 13 9 17 14 14 18 12 5 15 7 8 6 15 8 6 10 19 11 18 15 20 7 17 14 10 6 14 20 7 19 10 8 6 10 12 5 19 11 7 5 6 13 12 16 7 18 19 10 6 8 20 17 11 15 19 10 9 12 7 7 7 19 5 15 17 15 16 9 5 12 14 15 10 5 17 15 13 11
13 9 11 10 17 15 12 8 17 9 20 6 17 10 7 5 14 10 11 7 13 13 7 18 5 10 20 14 10 10 18 9 9 16 6 13 7 15 5 11 17 6 10 13 10 11 10 11 10 11 14 13 18 7 16 19 18 14 10 5 19 18 14 7 15 14 15 13 17 10 9 10 15 20 14 14 9 9 20 10 12 5 8 12 8 13 16 9 13 10 16 9 14 17 16 10 14 5 11 9 8 9 10 18 6 16 8 17 10 18 18 11 20 15 13 12 19 7 16 18 16 5 8 10 18 14 8 16 8 13 8 13 20 5 13 10 15 10 8 6 10 17 16 11 12 17 7 19 5 20 19 19 7 10 7 7 13 12 15 14 16 19 12 5 17 17 10 11 15 8 8 5 13 16 10 16 14 16 20 17 14 8 8 11 12 17 12 10 19 19 16 11 13 13 10 13 11 9 7 9 9 13 11 12 18 19 18 8 9 14 8 8 6 10 19 6 5 19 15 12 12 15 12 10 7 19 12 8 19 11 9 16 17 13 6 9 12 12 16 13 5 9 14 18 12 7 13 13 6 13 11 7 20 5 12 11 7 20 19 15 13 10 6 6 17 16 13 8 17 5 11 15 8 20 12 17 18 8 11 15 6 15 18 12 12 12 8 12 9 7 8 16 15 12 9 12 14 0 14 14 10 12 18 14 12 16 20 20 11 8 11 8 12 6 9 12 8 16 12 8 7 6 12 7 18 16 13 13 8 19 20 11 19 20 20 14 10 19 13 12 10 9 18 20 10 9 13 16 12 20 6 19 9 20 16 19 16 18 11 10 13 16 14 9 8 14 7 5 5 20 17 5 11 6 13 7 15 14 6 17 5 20 9 9 16 12 15 19 7 15 7 6 8 12 14 10 6 17 19 8
10 7 13 6 20 16 20 20 19 14 7 11 18 20 13 6 11 20 15 7 7 6 18 20 17 20 5 6 18 8 17 19 19 9 7 20 18 6 13 10 5 5 15 5 6 7 6 15 11 5 9 10 7 7 20 5 11 8 12 20 6 20 12 7 12 13 17 16 7 8 16 10 13 9 12 6 14 7 8 19 10 5 10 5 5 12 5 5 13 8 14 18 20 15 8 14 13 16 13 18 6 7 19 5 20 13 9 18 17 10 10 16 15 20 12 17 9 13 19 15 5 15 6 17 11 10 9 8 8 19 19 20 7 20 16 15 10 5 13 5 10 13 13 5 14 7 19 17 7 12 8 7 17 15 14 18 8 16 20 16 17 13 8 14 14 10 12 16 17 14 6 15 15 14 9 13 12 5 16 18 14 14 16 14 18 10 13 17 10 12 18 19 11 14 14 16 8 5 6 7 13 11 17 13 5 5 8 12 19 14 6 7 9 7 16 18 12 13 14 12 19 8 13 16 10 13 16 14 7 16 14 6 19 14 9 8 17 12 19 10 19 9 11 6 6 5 16 8 15 14 15 11 19 11 11 6 16 20 20 6 16 16 9 20 14 14 13 19 11 13 19 11 5 15 11 19 19 5 16 8 18 9 12 8 19 14 10 13 16 11 18 6 11 10 20 18 6 12 0 7 14 12 5 6 17 13 7 14 9 5 19 12 12 10 15 10 19 16 8 19 18 19 16 9 7 19 18 7 7 20 5 16 7 15 8 19 17 15 15 16 12 6 6 17 19 10 11 18 12 16 18 19 10 10 16 17 14 13 13 20 5 10 8 14 17 17 8 10 6 12 9 20 15 15 5 7 9 10 17 8 9 5 12 12 11 18 13 12 11 12 19 16 11 6 15 14 10 11 9 10
7 5 5 7 10 18 20 7 14 8 11 18 17 13 13 7 13 13 19 10 16 16 7 12 18 18 9 11 14 15 18 8 19 9 18 14 11 13 6 6 14 11 6 15 11 13 20 11 19 5 13 15 5 16 12 20 7 15 7 20 19 6 8 18 5 19 17 5 15 19 9 5 20 16 20 8 19 19 14 14 10 5 7 17 11 15 16 12 19 13 8 13 15 5 18 18 18 15 8 13 17 7 19 10 16 10 9 6 19 7 12 12 20 11 9 11 6 18 18 15 20 16 14 19 11 20 8 10 6 16 15 5 8 13 10 13 8 5 5 7 6 14 6 19 19 5 12 11 14 10 18 15 17 10 5 19 16 13 14 6 13 11 12 9 11 6 15 17 12 12 6 15 9 18 9 19 19 6 14 20 16 20 8 12 5 17 20 11 10 9 9 6 18 14 16 6 18 18 9 13 20 6 12 5 10 19 5 6 15 7 10 15 14 20 20 18 7 10 12 15 6 12 5 16 19 14 17 18 18 13 6 6 16 20 11 16 11 11 12 11 19 11 5 5 10 6 18 15 7 7 5 17 11 20 19 5 10 5 10 9 20 11 17 13 13 18 20 5 6 19 18 11 15 11 17 9 12 20 17 7 11 16 9 9 13 9 8 5 17 16 5 15 16 5 6 10 19 20 15 0 12 16 5 16 8 13 18 7 16 15 20 20 17 11 16 8 20 15 15 8 11 8 17 15 10 16 14 9 19 20 13 10 14 14 14 10 7 10 19 12 19 18 6 16 13 12 14 7 19 16 18 12 18 16 5 9 9 11 13 20 18 19 14 17 7 19 11 20 18 8 6 17 8 13 8 17 17 9 9 8 10 20 14 16 6 11 17 20 13 13 14 18 17 11 14 13 14 10 18 20
17 9 13 17 11 16 19 16 8 16 15 19 17 13 17 17 11 20 16 7 18 7 14 14 13 8 20 13 13 10 18 5 12 19 6 19 9 6 11 7 20 9 10 6 14 14 14 15 12 7 14 6 9 20 9 10 6 5 19 19 9 8 16 11 12 11 11 5 9 13 16 20 15 20 17 10 5 19 13 6 17 6 6 11 5 18 14 16 9 12 16 16 9 19 7 10 19 10 17 16 9 7 18 19 9 16 18 13 16 10 11 11 18 9 5 6 11 8 20 11 10 18 20 20 16 17 9 7 10 6 10 17 8 11 18 18 14 9 8 12 14 6 6 20 18 16 16 13 10 15 12 7 19 10 18 9 16 17 12 6 7 13 10 20 12 13 11 11 7 19 8 13 15 20 10 19 16 7 5 12 13 17 7 15 14 15 16 10 8 9 6 8 6 6 17 5 15 20 6 8 9 5 9 10 7 12 8 17 10 10 6 11 11 17 20 18 9 11 19 11 6 10 8 8 20 17 9 16 6 12 5 5 18 19 16 18 13 16 16 17 7 9 5 17 13 13 19 10 19 7 12 17 13 10 17 16 14 19 19 6 16 13 18 9 14 16 12 5 15 9 6 10 17 7 13 12 8 10 6 6 16 19 16 5 15 13 14 16 16 19 16 19 15 20 16 13 19 13 13 14 0 10 7 5 16 5 12 15 5 13 11 5 20 8 17 17 10 17 7 8 8 11 14 12 8 8 12 15 13 16 5 20 12 7 15 14 5 13 20 6 19 20 8 11 16 19 12 18 7 14 13 6 15 15 5 10 7 11 6 17 12 14 6 7 11 8 13 16 17 11 11 15 7 9 11 16 8 10 20 13 17 18 19 12 17 17 14 6 14 18 5 9 15 16 19 7 20 10 16 7
20 13 7 18 19 20 20 8 16 8 11 5 11 7 5 5 11 18 11 5 18 15 11 17 18 19 20 15 12 15 5 10 6 9 11 9 8 18 10 5 10 9 16 12 20 5 17 5 18 16 9 13 8 13 16 10 6 16 16 6 18 19 15 15 13 17 11 19 17 7 5 8 13 18 18 13 16 19 12 5 13 15 11 7 17 5 7 9 20 6 8 10 19 14 14 15 13 7 6 8 16 10 13 13 11 16 8 16 6 12 8 13 19 8 13 15 7 13 14 14 16 14 9 9 18 6 11 6 18 9 13 9 11 13 12 12 9 17 13 11 12 10 14 14 20 17 10 19 6 8 16 6 7 10 16 20 11 6 18 11 14 18 7 9 7 8 10 20 10 6 6 8 12 8 15 14 11 19 20 5 16 13 17 10 8 10 15 7 8 12 20 16 7 8 18 7 15 12 7 12 14 15 6 11 8 17 16 11 19 15 10 9 19 19 11 10 14 16 15 8 19 13 5 10 14 13 8 6 7 14 6 10 18 12 6 20 10 20 11 11 10 12 20 17 18 7 19 13 6 8 18 13 13 14 12 8 5 14 18 14 12 7 16 20 10 11 18 16 9 16 8 13 10 9 6 11 7 11 19 14 5 5 10 19 15 15 16 13 19 7 15 18 8 16 19 15 6 7 5 17 14 0 12 16 8 17 9 18 10 11 8 7 19 16 7 12 16 10 19 7 20 14 13 5 17 6 6 13 7 6 8 20 6 7 18 7 15 17 5 13 17 6 18 6 11 12 17 17 12 20 10 12 15 16 18 8 18 6 15 15 14 12 19 19 16 11 11 15 11 9 18 11 16 10 15 9 18 12 12 19 11 11 6 6 8 11 17 6 20 5 15 17 14 14 12 17 6 5 11 13
13 17 17 5 9 10 8 6 14 10 16 6 9 9 15 17 7 17 9 20 15 17 13 20 12 8 7 20 8 8 18 8 9 10 19 14 10 13 13 17 7 15 6 7 17 18 7 10 7 16 15 5 12 12 9 7 9 16 20 13 15 14 19 9 18 10 20 19 9 19 13 16 6 5 17 19 6 11 15 20 5 10 5 6 13 16 18 16 16 20 20 19 16 5 14 20 12 7 16 17 5 16 16 9 13 15 12 13 15 15 7 11 18 13 10 11 12 19 14 5 12 20 11 19 17 19 13 8 13 5 6 16 18 10 8 10 13 10 16 19 7 17 13 18 14 17 9 17 9 19 5 5 11 7 7 9 12 13 14 10 10 20 7 17 14 5 7 14 15 9 18 16 5 15 12 13 8 20 19 16 5 6 6 13 17 14 8 13 10 14 11 20 9 14 17 19 15 10 18 20 7 7 17 12 18 15 20 10 7 9 12 19 20 6 11 7 17 5 20 18 15 19 6 12 5 11 16 6 20 5 11 17 17 5 19 10 10 18 8 12 17 16 6 7 6 15 16 19 12 12 5 15 18 17 12 16 8 11 17 19 15 18 10 14 9 16 12 5 13 6 20 11 16 15 7 19 10 12 16 20 7 9 11 17 15 5 9 5 17 15 14 12 14 5 7 13 18 10 18 13 19 19 0 19 10 18 5 10 14 14 20 8 18 14 20 19 13 6 18 20 17 17 13 13 18 12 19 9 12 7 7 8 18 19 20 15 5 10 5 18 8 16 10 11 5 10 14 12 20 15 19 17 6 19 18 12 19 13 7 19 11 20 19 10 7 8 17 14 10 14 8 20 14 14 14 5 20 12 20 6 9 9 11 16 8 19 8 18 6 6 15 14 10 10 18 11 12 7 15 5
8 14 7 20 13 18 7 20 7 13 16 12 12 5 10 18 17 8 10 20 18 12 16 17 16 17 7 13 7 18 6 19 14 8 15 20 8 9 18 11 19 16 7 17 9 5 16 10 8 7 20 15 7 5 9 19 13 7 15 19 7 10 11 14 11 20 20 18 5 7 12 20 14 8 19 18 11 7 15 19 10 9 14 20 17 17 18 8 11 8 20 9 9 8 18 8 11 20 12 12 8 18 5 17 8 16 10 19 5 6 9 7 13 6 14 15 20 7 15 12 18 5 9 9 5 6 12 9 12 15 12 20 15 10 12 16 20 9 5 19 10 17 5 13 16 17 13 13 15 18 6 13 18 10 9 19 13 19 7 5 13 16 19 14 14 7 9 9 16 7 20 6 15 11 11 18 9 16 6 9 13 14 7 16 6 11 7 11 7 9 10 18 15 7 5 20 17 14 20 9 20 16 16 18 7 13 7 18 9 14 10 15 15 6 11 9 11 16 12 18 8 13 17 16 11 14 20 15 7 5 11 20 5 12 13 12 12 14 15 16 16 9 9 5 7 8 7 18 9 16 14 14 6 14 15 17 7 8 18 6 9 10 19 15 9 10 9 15 6 12 9 5 11 11 8 17 8 7 11 14 20 14 8 14 20 19 5 7 15 5 13 8 14 13 10 7 14 19 9 10 5 10 5 0 5 13 8 13 13 7 18 18 12 14 19 13 18 20 12 17 16 8 11 9 15 11 5 12 11 7 14 19 12 10 14 13 19 14 19 12 18 15 16 13 10 19 15 14 9 16 6 15 12 17 8 6 5 15 10 7 19 16 8 17 17 17 10 19 20 20 18 11 16 16 5 7 17 17 9 10 16 12 10 20 20 20 13 5 15 10 5 12 12 6 18 20 16 11 17 14
8 16 12 10 6 8 10 20 18 6 16 17 19 16 11 20 11 7 16 19 18 8 12 11 5 12 7 10 16 18 5 6 7 19 19 12 6 12 18 20 16 11 11 6 19 9 13 5 12 7 8 8 14 7 13 8 10 7 10 12 7 12 14 6 18 5 11 10 6 12 9 14 7 19 8 20 16 5 8 15 8 11 15 14 11 7 10 15 11 8 8 16 16 5 16 20 11 6 12 8 6 18 11 9 10 20 15 17 13 19 7 17 10 5 5 5 20 14 13 6 17 12 9 11 6 14 12 9 15 17 6 19 20 14 7 16 12 19 16 13 17 17 5 17 11 14 6 10 11 5 10 17 10 8 16 20 20 12 5 9 5 15 6 13 18 9 17 12 12 6 17 12 9 10 15 6 17 8 17 14 14 13 9 18 16 10 15 7 13 7 5 16 5 13 11 20 8 20 13 7 11 14 5 18 15 7 6 12 10 7 11 13 20 8 6 12 8 19 6 7 7 8 7 11 13 19 14 5 6 13 19 14 11 15 17 12 7 18 9 13 19 11 7 14 12 5 5 12 19 18 14 7 15 15 10 13 15 15 12 8 5 15 11 8 10 17 19 16 7 19 12 14 12 20 7 5 11 18 10 12 17 16 10 14 18 16 10 20 17 13 10 6 20 15 16 11 11 12 14 13 10 8 17 15 0 14 20 12 8 6 17 18 16 11 19 11 8 17 16 16 17 11 9 9 16 11 10 15 12 6 8 19 5 13 17 5 8 14 19 18 19 17 18 8 13 11 18 16 20 20 11 8 14 20 11 8 6 12 8 5 10 13 9 16 18 6 12 8 7 19 14 9 12 20 19 12 9 8 5 18 16 15 5 5 17 17 5 11 9 7 14 13 19 10 17 7 17 17 11 18
16 14 10 7 18 13 5 11 9 11 12 6 17 20 7 10 14 7 6 10 11 9 16 12 14 13 13 16 16 5 13 5 9 19 20 12 9 15 12 20 8 8 16 7 15 12 17 10 7 16 5 14 5 8 18 18 6 18 17 19 16 18 7 20 10 5 17 11 10 13 7 10 8 9 19 11 19 16 10 12 17 20 14 11 5 10 12 13 14 18 13 14 9 19 6 11 15 5 11 11 7 16 20 17 5 9 14 10 18 5 9 19 14 9 7 5 8 9 13 15 19 10 20 18 15 11 17 8 9 12 12 7 20 16 19 13 11 14 14 6 5 16 15 5 6 12 11 11 10 18 10 16 17 15 13 12 11 19 5 7 15 15 14 18 10 10 18 10 11 12 18 16 9 15 5 17 19 17 19 16 5 7 7 16 5 5 6 18 13 20 12 13 5 11 8 20 15 12 14 19 19 17 10 14 14 5 8 12 18 15 10 5 8 8 12 15 12 12 20 7 18 13 16 17 13 11 9 5 15 14 5 7 20 11 16 9 5 6 13 7 19 14 11 18 16 5 5 6 13 9 20 13 6 18 15 7 5 9 8 18 9 19 19 8 8 6 20 11 14 15 16 5 6 14 6 20 14 9 6 8 20 8 13 5 15 9 13 13 18 13 11 13 10 13 11 12 18 14 10 14 17 17 11 18 6 0 17 8 20 9 14 8 5 13 20 12 9 20 17 12 20 19 6 11 8 17 18 12 16 13 14 6 5 19 20 17 12 12 20 19 9 19 11 8 15 10 12 17 9 5 16 10 7 15 10 18 20 19 12 13 19 17 17 8 7 10 6 6 13 8 13 6 19 19 12 10 8 13 9 13 18 10 10 7 19 12 17 14 9 20 8 6 9 11 7 18 12 8 6 5
19 15 17 16 16 13 12 9 16 16 9 5 9 14 18 13 18 20 14 9 6 17 16 15 20 8 19 18 9 6 19 17 8 13 11 5 6 8 7 14 9 14 18 8 9 6 13 6 12 12 16 15 11 18 14 5 20 19 15 8 10 19 12 12 14 13 20 18 19 10 11 14 19 6 19 10 14 17 20 20 20 9 10 12 9 14 5 20 13 15 6 8 11 16 9 19 14 7 13 10 16 8 19 13 16 17 15 13 16 19 17 19 12 17 17 5 13 18 9 14 17 11 20 10 16 19 8 11 13 13 10 15 11 18 11 8 20 13 5 11 9 11 16 19 6 10 6 6 9 17 6 7 15 12 7 9 8 15 17 17 16 5 17 17 8 10 6 15 9 18 20 18 6 11 10 5 13 16 20 17 20 18 11 10 7 13 5 9 7 5 18 8 10 14 6 18 13 8 18 12 12 10 8 7 8 5 14 9 14 5 20 16 5 6 11 5 19 12 17 5 5 20 20 20 12 17 12 16 15 9 11 18 10 11 18 7 16 16 18 14 9 19 12 10 18 13 11 17 7 11 5 17 18 6 7 16 17 10 7 7 11 16 5 11 6 14 17 20 14 11 11 17 17 15 17 8 8 18 11 12 14 15 18 5 8 5 19 5 20 11 7 17 11 11 6 16 11 12 15 14 18 10 19 15 15 18 0 12 12 8 15 14 15 7 19 15 18 19 16 11 6 11 19 11 14 16 17 17 13 20 13 10 20 19 8 9 6 5 17 18 9 7 7 17 17 20 20 10 8 17 17 9 15 6 8 14 20 19 12 5 13 13 16 14 10 11 17 8 10 15 18 7 5 15 17 12 18 17 17 6 10 6 11 6 17 12 14 19 20 9 12 10 15 9 11 10 8 11 11 17
8 16 12 12 20 15 5 19 15 17 8 6 10 12 19 15 20 15 14 19 7 18 16 7 19 14 5 12 20 14 12 17 13 5 17 18 10 8 6 16 7 17 6 9 16 7 13 5 9 18 11 6 18 8 15 18 14 6 16 5 17 12 18 17 14 11 8 6 13 10 10 6 5 13 12 15 16 16 5 5 20 16 12 5 16 20 11 18 19 17 7 8 8 11 16 9 20 6 18 19 15 17 15 10 12 7 17 6 18 15 16 12 10 6 11 11 5 11 9 18 9 15 14 7 20 15 18 7 18 18 5 9 7 14 10 10 12 11 14 20 7 19 14 14 6 11 15 19 12 20 15 7 6 15 17 13 11 17 9 10 13 16 5 9 18 12 12 14 11 18 6 16 12 5 11 9 14 15 17 14 20 15 18 11 6 6 6 5 11 10 19 20 7 14 14 20 6 9 5 15 10 6 16 11 17 18 10 17 5 7 11 17 13 6 15 19 20 19 17 19 9 14 18 15 9 14 14 17 17 15 19 20 13 10 6 13 11 12 8 9 13 20 11 10 6 5 14 17 15 14 7 19 12 8 15 18 16 14 6 12 14 16 17 20 6 16 9 14 7 12 15 6 16 12 14 15 15 7 12 12 12 16 16 17 15 19 8 8 17 6 13 10 8 13 17 10 8 20 19 15 6 17 12 14 20 7 10 0 10 19 20 20 19 8 12 13 17 15 19 5 16 15 5 19 7 6 14 19 9 5 12 18 13 5 12 20 18 7 20 6 14 15 13 12 11 20 8 7 7 13 17 15 11 14 17 12 17 10 11 14 8 16 8 11 9 13 11 16 18 20 17 9 15 19 18 19 18 5 12 10 6 10 7 16 9 14 7 5 16 14 14 8 6 12 20 19 7 16 5 13
15 18 20 15 12 10 17 8 7 13 13 14 20 9 17 19 8 16 8 8 17 6 18 7 20 16 19 20 6 19 17 13 7 14 20 15 8 17 20 18 14 6 5 20 15 6 8 8 17 5 13 6 5 14 6 12 15 20 12 17 10 6 17 17 7 8 17 16 12 15 11 14 17 11 18 5 20 6 6 6 11 5 7 7 15 9 15 10 15 18 7 15 17 20 8 10 17 10 11 19 10 16 9 19 9 16 10 11 5 15 9 6 9 7 11 12 9 13 19 16 15 10 6 5 18 20 18 8 20 12 11 5 16 13 15 8 10 16 11 18 11 7 6 9 11 15 12 9 8 12 14 20 5 7 20 5 5 14 13 16 20 6 18 17 15 8 20 17 15 15 14 6 12 5 13 19 13 20 8 15 11 5 15 10 5 12 9 17 6 15 9 12 9 5 13 10 8 14 10 19 10 17 10 18 9 6 15 17 6 11 18 19 6 11 9 17 19 6 10 5 5 8 9 20 7 15 15 15 8 10 5 14 15 13 19 17 7 7 14 7 16 15 13 5 6 8 12 17 19 10 6 16 20 8 19 5 11 14 5 16 6 18 16 11 10 13 15 13 16 13 17 11 12 20 20 15 18 8 12 13 13 12 9 12 17 15 6 16 15 6 6 17 17 10 20 9 13 14 20 17 5 10 20 13 6 18 19 6 0 8 8 11 10 11 17 15 8 6 8 18 6 9 20 13 13 11 12 8 18 7 15 12 11 6 9 15 13 11 14 5 11 6 15 20 11 14 18 16 19 17 18 7 17 19 20 9 7 16 17 10 8 12 19 15 6 5 19 6 20 17 20 6 5 20 8 9 10 17 18 12 17 5 7 8 15 8 8 8 18 11 20 5 5 9 17 6 16 6 6 19
13 19 12 14 20 5 5 17 13 18 12 18 14 17 19 10 17 8 5 8 13 10 9 11 10 7 11 6 13 16 9 19 17 16 6 5 10 10 9 9 15 12 5 7 11 10 16 18 9 8 15 11 19 17 10 19 18 11 5 14 16 16 19 18 9 17 20 14 11 13 16 9 19 20 17 14 5 13 13 5 11 16 19 6 13 10 12 20 9 5 16 17 14 12 8 12 20 8 13 9 16 13 5 14 13 16 17 19 16 5 12 13 17 6 13 6 12 8 9 11 6 16 14 6 10 12 8 16 19 5 17 13 17 11 18 12 20 19 20 17 13 18 9 18 11 9 18 18 10 12 14 20 7 17 14 20 16 7 8 6 10 5 14 7 16 10 14 6 11 10 5 6 5 7 5 10 18 11 14 18 18 18 20 17 17 19 18 17 15 16 12 12 9 12 20 13 17 18 6 17 6 12 11 13 6 9 12 16 11 15 10 10 12 6 19 5 9 19 17 17 18 6 16 16 7 14 17 13 16 13 12 12 19 17 11 7 13 16 9 11 9 19 20 11 17 9 12 11 15 9 10 5 6 19 14 7 14 20 8 10 13 13 7 8 11 17 11 10 16 11 9 11 10 10 15 18 8 14 11 14 13 15 20 19 16 6 14 19 18 20 7 10 17 5 9 14 14 18 13 14 8 16 11 6 5 17 14 15 6 0 8 8 16 19 17 11 15 16 19 8 8 17 19 8 19 18 14 20 16 16 14 18 6 18 11 7 14 15 18 5 9 10 11 14 12 18 8 7 15 19 12 15 12 19 20 5 17 20 7 12 18 19 10 19 6 17 14 7 17 6 9 16 11 13 17 19 17 18 20 13 7 13 7 12 12 5 17 6 11 8 17 10 14 18 11 15 20 17 13 19
15 8 8 17 17 13 16 19 18 9 16 5 13 14 13 18 17 6 17 5 6 13 10 19 16 19 6 15 11 17 5 8 8 12 11 12 16 16 13 12 19 15 13 15 13 17 9 5 20 11 9 17 6 7 12 11 5 14 13 13 12 16 6 11 6 15 13 14 11 8 17 12 18 14 10 11 11 16 8 6 6 12 8 18 16 14 8 10 10 10 19 7 12 14 11 20 18 16 9 15 20 11 16 10 20 11 17 5 18 11 18 8 5 20 7 13 13 12 17 12 19 20 11 8 14 14 8 13 11 5 9 7 11 8 5 10 15 8 11 17 16 12 13 14 17 7 6 17 7 12 12 7 20 11 8 20 19 19 7 17 18 16 11 14 13 12 6 20 10 7 13 18 8 12 14 19 12 15 10 7 19 10 6 7 18 20 20 6 20 15 10 5 18 19 19 13 18 8 8 6 8 7 13 7 18 19 18 8 20 10 11 6 19 15 17 9 9 11 11 20 16 17 19 15 10 20 18 6 12 5 14 10 16 9 19 18 19 8 15 20 20 5 15 8 19 10 7 11 14 5 10 8 17 20 20 20 12 13 16 11 11 6 12 12 16 13 13 15 16 9 16 12 14 10 8 15 6 12 19 18 13 20 18 6 12 18 19 17 14 10 9 6 11 13 6 20 19 11 11 13 13 5 11 5 8 15 7 17 15 9 0 5 6 17 7 13 16 8 17 10 19 9 5 16 18 19 5 5 16 11 7 14 9 8 5 11 14 5 8 6 16 13 11 8 5 8 16 18 16 19 19 17 8 11 16 7 13 20 20 20 8 9 19 12 14 11 8 17 15 11 13 20 16 15 16 8 16 13 9 7 8 17 12 18 12 8 10 18 16 5 11 13 6 20 13 6 15 18 14 7
17 20 6 8 12 13 13 10 11 6 19 5 12 10 15 9 12 10 15 5 16 6 19 20 14 10 5 6 11 14 9 16 15 10 7 19 19 20 11 16 11 13 10 10 17 13 6 15 20 6 10 14 6 11 6 13 13 6 18 20 7 11 10 7 7 20 17 20 5 15 15 6 17 12 7 18 16 20 18 9 7 17 11 11 11 19 5 16 9 7 9 16 13 16 12 7 10 19 7 10 11 19 5 19 5 16 5 9 11 14 11 17 7 12 13 15 17 14 6 12 13 16 18 5 11 6 6 13 13 18 16 19 9 5 13 13 6 20 15 17 10 7 17 16 7 18 19 10 18 9 18 6 19 8 15 5 6 20 20 5 19 12 12 11 10 14 16 8 5 7 10 15 13 7 7 10 20 18 5 19 7 13 11 7 16 8 6 7 18 14 13 19 8 9 14 15 9 12 19 14 16 19 11 10 12 10 16 17 14 5 19 8 10 10 16 13 13 20 15 10 11 7 6 17 14 13 11 11 5 7 16 15 16 18 15 7 13 5 12 6 14 12 9 15 19 19 7 10 16 6 16 14 17 17 15 11 18 14 19 18 20 5 5 16 7 13 12 12 12 13 7 15 16 13 19 14 19 17 14 6 19 18 6 20 5 9 18 11 10 11 14 9 6 11 15 16 10 17 14 10 9 14 19 9 15 5 15 19 19 8 6 0 19 9 7 10 6 18 12 16 8 11 11 12 11 19 16 10 18 14 13 20 11 10 5 18 9 16 6 15 8 15 19 10 10 12 11 9 13 12 11 8 6 19 5 11 6 18 5 20 11 10 13 8 6 19 5 20 20 12 8 16 11 6 10 19 15 18 10 10 5 12 13 8 15 16 13 18 13 17 19 10 7 11 15 9 14 20 8 18
17 18 13 19 11 18 12 16 20 7 12 12 20 10 14 8 13 7 11 10 17 16 7 15 20 5 11 11 16 5 5 5 9 8 11 8 6 10 11 13 18 10 14 8 7 12 15 18 9 9 10 17 12 14 9 10 11 19 17 14 13 10 15 13 7 15 16 15 14 16 6 19 17 12 5 6 8 13 9 12 20 15 15 7 11 20 11 11 12 12 15 14 17 7 7 12 18 19 9 18 5 14 10 9 16 17 10 9 14 14 20 13 20 9 20 8 5 17 18 15 11 6 16 11 8 19 10 5 7 5 18 6 6 10 17 16 10 20 19 10 20 10 13 8 16 10 17 7 7 9 18 19 15 17 6 11 20 8 12 5 11 13 19 20 15 6 6 6 15 7 17 16 5 7 16 12 9 9 8 9 13 14 13 11 15 6 16 19 9 10 19 11 13 8 16 15 8 5 20 16 10 19 10 5 6 13 9 19 9 17 13 19 11 9 20 19 19 8 18 17 20 20 7 5 7 16 8 6 8 6 17 15 20 9 9 5 16 16 16 14 6 9 12 16 13 17 11 10 7 5 13 5 6 5 20 8 10 15 18 7 16 16 11 17 9 15 6 14 7 15 7 17 17 10 5 13 11 13 20 10 9 13 13 16 6 13 5 7 13 15 6 5 5 18 15 11 19 10 16 18 9 20 10 11 13 16 16 12 16 14 9 8 0 13 16 16 10 5 7 19 10 19 16 13 8 18 13 5 7 12 13 7 8 5 15 6 12 16 15 20 11 9 5 8 15 9 7 8 16 5 19 6 6 7 15 18 20 16 15 11 10 17 17 20 12 20 15 9 8 16 8 10 6 16 7 14 16 7 16 10 14 14 5 11 10 7 11 12 17 6 19 17 16 15 17 8 18 16 15 6
15 17 17 18 19 7 6 18 18 11 16 6 16 14 18 15 12 5 7 11 7 6 7 14 19 19 18 17 6 13 20 19 14 5 13 10 11 20 6 5 17 16 18 8 8 7 17 6 13 17 19 20 14 7 18 8 17 15 20 17 20 6 20 7 14 11 18 6 6 6 11 18 9 19 6 13 9 16 15 12 18 16 12 12 6 15 15 10 14 17 20 15 11 16 12 19 8 5 15 7 12 8 14 9 13 18 20 17 14 11 7 15 20 15 13 9 17 14 16 9 6 14 14 20 9 6 16 17 11 17 11 7 7 12 20 6 8 5 18 20 8 6 19 13 15 20 16 7 16 7 19 6 5 8 19 14 14 20 18 10 17 14 6 12 13 19 20 8 12 15 14 8 11 13 7 20 18 11 19 20 18 6 15 18 14 11 18 11 9 19 13 19 16 11 17 6 9 18 12 5 18 10 7 6 17 7 20 10 6 11 15 10 5 12 6 13 6 8 11 14 16 16 6 9 12 19 15 7 12 6 20 7 7 13 19 11 12 15 17 5 8 8 12 15 6 8 10 8 13 18 14 18 18 13 8 16 8 14 9 19 14 18 17 6 20 12 13 8 6 18 18 20 8 7 17 20 6 11 15 9 8 7 8 5 10 14 11 7 14 7 11 14 9 10 5 10 12 7 12 12 6 12 18 8 9 10 6 7 18 19 18 6 13 0 20 18 15 11 16 13 18 12 13 5 19 19 6 8 6 15 17 13 11 13 8 14 20 17 6 8 7 6 7 20 16 18 9 19 19 20 5 17 20 20 20 8 15 5 8 20 18 10 18 14 20 8 11 8 14 16 10 6 8 6 15 14 5 16 20 14 16 9 19 17 5 8 12 20 11 5 9 15 16 12 14 7 20 7 7 12
15 13 6 6 14 8 16 14 15 6 18 19 5 11 19 9 9 8 18 10 9 12 11 7 20 12 14 17 7 7 20 19 6 7 7 19 20 5 14 16 8 16 11 10 20 9 6 10 15 6 7 11 7 12 12 12 7 17 6 13 14 20 17 5 9 14 19 20 8 12 16 12 8 11 5 15 11 14 20 8 5 6 20 15 13 13 6 16 13 19 16 11 10 14 15 16 10 5 18 15 17 20 18 12 10 14 17 18 7 7 19 20 16 10 15 18 5 19 16 20 8 7 16 6 15 7 5 19 14 7 17 16 14 19 8 11 10 11 5 19 6 6 12 17 19 16 10 20 9 7 20 15 6 7 19 20 13 17 15 11 13 18 19 6 11 14 10 17 12 13 5 12 7 20 5 5 11 12 10 14 5 14 18 6 16 19 15 7 8 13 15 15 20 7 10 12 17 7 8 14 9 8 12 10 6 11 15 9 19 16 9 9 15 13 7 12 9 10 12 18 18 16 12 9 7 7 19 20 17 7 15 5 9 6 5 5 13 14 15 13 11 7 16 10 9 12 9 13 5 5 19 13 10 19 8 20 5 15 9 9 20 8 5 15 17 5 11 15 12 10 10 20 19 9 12 20 18 5 20 10 12 8 9 10 20 16 10 20 11 19 18 16 9 13 6 17 17 6 16 12 15 10 17 15 9 7 14 11 7 7 16 13 14 17 0 19 6 11 11 15 5 10 15 10 18 12 11 19 10 8 6 18 14 16 15 11 8 9 16 15 11 11 5 10 11 10 5 12 10 10 11 7 13 16 16 11 16 16 15 5 10 16 11 11 9 12 10 18 19 7 13 8 7 17 5 15 12 14 7 14 6 17 8 15 14 16 9 20 14 8 15 13 17 8 19 16 10 13 6 19
11 10 14 15 19 7 12 12 20 10 5 15 7 14 9 15 15 19 8 13 15 20 12 19 20 16 5 16 6 11 20 12 9 16 9 6 14 14 13 8 7 20 6 7 16 9 16 7 7 18 12 5 19 16 12 15 15 5 16 9 9 8 6 9 18 14 9 17 14 5 7 10 5 13 20 10 14 7 8 15 7 13 9 20 8 5 12 6 10 14 5 13 15 12 13 7 5 13 15 11 10 15 20 16 12 8 20 12 9 6 19 7 5 17 8 15 19 5 6 19 8 7 7 19 20 5 7 9 12 6 14 14 17 20 5 9 17 12 15 12 11 19 13 15 6 12 5 8 8 19 6 18 15 14 18 8 20 6 9 19 12 12 13 5 16 5 13 13 5 18 9 7 12 20 15 11 9 16 16 9 18 17 14 13 15 9 20 20 12 14 9 17 10 14 6 12 15 10 7 15 20 18 8 14 15 18 13 6 7 19 15 15 13 19 12 20 18 20 10 13 14 19 19 12 8 11 16 10 14 16 9 11 13 5 12 10 14 19 6 18 19 7 19 17 12 7 16 12 14 9 13 20 18 7 11 13 5 17 11 6 10 6 10 5 14 14 13 9 18 10 6 17 19 6 11 18 14 10 5 10 18 15 20 19 8 5 13 17 11 18 8 18 10 16 6 18 14 15 15 17 8 14 12 15 9 12 18 14 7 17 8 10 9 13 12 0 14 17 18 15 18 18 15 17 6 9 9 18 18 20 20 6 8 12 20 6 7 12 11 18 7 9 8 12 6 17 9 15 6 11 17 20 10 18 18 12 16 20 7 18 15 9 5 11 17 9 17 20 12 17 12 12 17 8 20 15 18 5 15 8 5 12 20 7 14 18 20 13 20 11 19 13 14 17 18 16 5 18 15 12
7 5 8 7 9 14 20 6 11 18 9 8 8 9 13 20 9 19 15 14 10 18 19 11 6 17 14 9 14 13 9 17 15 19 20 5 11 20 8 18 5 13 13 18 8 19 12 8 16 5 5 7 13 15 19 15 13 6 6 7 9 8 13 14 18 10 9 12 17 16 12 20 18 5 5 17 7 14 16 15 7 20 7 19 5 10 16 18 11 5 19 10 14 11 13 12 15 14 9 19 15 8 17 7 16 8 19 12 19 14 14 15 8 17 18 6 17 5 19 20 18 10 12 19 12 8 15 12 5 14 11 12 7 12 7 11 13 19 20 18 14 19 19 9 9 9 14 15 18 9 12 14 11 20 20 8 9 20 5 13 18 15 15 12 10 16 8 10 6 19 6 12 8 6 13 12 16 19 12 8 11 15 11 15 10 8 16 7 18 20 6 17 15 17 14 13 8 10 6 16 6 11 16 15 9 9 16 8 5 16 8 13 17 18 10 7 6 15 11 6 14 15 10 8 13 19 17 13 10 10 12 16 17 19 9 20 16 14 7 10 17 9 19 8 17 5 5 10 11 14 13 8 7 15 8 9 11 8 10 13 6 14 17 17 12 17 7 14 12 11 6 11 10 17 12 8 19 9 9 13 15 13 16 15 16 11 15 8 11 12 16 9 20 19 12 6 14 5 8 5 19 9 7 16 11 12 15 16 18 14 20 20 16 6 12 13 0 9 9 11 5 6 11 18 8 10 12 6 11 13 19 8 20 10 6 16 8 20 8 5 9 20 11 18 16 11 20 6 13 10 20 17 17 10 13 13 16 16 13 10 9 14 18 10 20 11 8 20 17 20 5 6 17 8 18 11 15 7 18 9 12 7 17 11 7 10 17 16 14 9 20 5 8 12 9 19 16 12 20 7
15 16 15 20 13 10 15 12 11 6 9 13 20 19 9 10 19 19 15 9 17 9 6 15 6 5 5 9 13 14 6 20 18 7 17 7 11 19 12 10 20 7 7 7 13 12 11 9 6 10 13 8 10 13 5 8 20 15 8 13 11 19 10 15 14 20 15 18 16 12 15 16 8 14 13 7 15 11 18 10 8 18 11 6 17 8 9 19 6 17 6 18 16 8 20 5 14 15 6 14 11 15 15 18 12 16 5 20 11 18 8 5 19 11 8 18 7 16 19 13 8 20 13 8 15 12 15 6 19 19 15 12 9 7 17 12 7 17 13 19 7 17 10 6 9 11 10 12 19 11 18 12 8 7 6 15 10 11 5 10 11 9 17 12 13 20 20 17 18 11 15 19 18 10 16 19 13 13 7 19 7 12 9 16 20 16 9 19 14 15 15 8 7 14 13 12 10 16 8 5 16 10 19 7 5 20 19 12 9 6 15 8 8 6 13 7 19 17 5 10 17 8 20 8 18 8 20 19 17 7 12 10 10 9 7 15 14 20 12 14 19 7 18 15 8 7 7 6 8 16 12 13 9 11 19 6 14 20 20 14 8 14 8 10 14 5 14 18 5 8 13 10 10 18 18 10 15 10 13 11 12 18 10 10 7 20 15 14 17 19 19 14 15 17 19 7 11 6 14 6 11 11 17 8 5 20 11 19 18 15 14 16 12 8 16 19 12 0 16 20 7 6 8 11 20 9 15 5 13 8 13 13 17 15 8 20 6 10 12 18 20 13 7 14 18 12 11 12 11 14 14 5 13 14 6 15 5 14 13 5 14 5 20 14 7 9 13 9 12 16 13 15 11 13 20 18 14 10 18 5 11 13 18 16 19 6 20 10 7 10 15 18 14 17 10 10 18 6 7 9
13 19 7 9 10 8 12 16 5 18 14 15 14 20 13 19 5 10 18 12 13 13 7 6 18 12 20 16 10 8 6 15 12 11 12 14 20 15 9 7 8 14 19 8 13 6 20 14 11 14 13 5 19 18 17 5 9 9 18 8 8 13 19 15 8 16 20 6 15 11 11 11 7 17 9 8 9 18 18 10 15 17 7 10 14 14 7 17 9 12 15 7 14 12 20 5 18 20 20 18 10 6 8 9 18 18 16 7 13 18 11 13 5 20 20 12 12 15 20 20 17 14 6 17 6 8 14 11 13 5 10 18 18 8 16 15 8 18 17 13 12 14 11 7 6 16 6 19 19 13 9 20 7 16 20 13 8 16 14 14 13 20 19 13 14 13 7 8 13 9 19 11 8 13 14 8 16 10 14 13 13 13 15 17 7 13 5 17 16 14 9 18 5 19 8 20 17 16 14 17 11 9 7 13 18 11 6 17 18 8 14 14 19 14 5 5 13 10 6 13 14 6 5 7 7 13 6 14 16 19 6 9 17 11 11 15 11 5 8 16 18 10 18 14 6 13 20 12 14 19 14 13 12 12 10 20 17 15 16 6 16 15 5 16 5 10 15 15 14 15 9 12 6 16 16 12 11 15 8 16 7 7 14 12 16 15 6 19 19 10 13 12 18 6 19 7 14 18 7 8 18 16 18 19 12 16 8 11 6 8 16 12 18 17 11 20 15 12 0 13 5 20 11 16 15 15 6 11 12 10 14 20 13 11 6 16 11 20 20 16 18 14 5 15 6 19 15 10 13 15 15 5 16 15 13 11 10 8 19 13 6 10 16 7 7 10 13 5 13 10 8 5 15 13 18 5 19 17 5 8 15 16 7 18 11 13 16 6 19 6 10 10 14 15 16 14 10 13 8 17
11 14 14 18 15 15 6 16 5 19 17 10 17 9 8 15 19 6 6 20 12 7 6 11 14 19 5 7 6 8 19 10 8 7 9 12 14 10 11 9 18 20 19 12 20 20 14 14 7 6 20 5 18 19 16 15 12 12 5 17 13 20 18 16 19 12 15 18 5 8 19 13 15 11 6 14 13 5 6 14 9 16 12 17 18 13 5 14 5 12 8 19 9 12 17 19 9 7 17 20 10 15 15 11 7 16 15 12 14 16 5 16 19 20 8 9 14 6 12 7 17 8 16 13 10 14 19 12 9 20 10 11 14 19 5 5 14 9 13 20 19 19 19 9 6 19 15 11 19 5 15 20 14 6 15 7 16 12 17 12 15 12 12 19 14 7 6 9 16 13 19 17 14 19 17 10 8 14 18 15 10 16 17 13 14 8 16 19 13 20 15 15 19 13 6 17 16 19 6 10 14 20 12 20 11 11 10 5 17 12 16 19 7 15 8 5 6 19 6 7 10 17 8 10 7 17 17 20 18 20 12 19 16 18 14 15 6 8 17 20 20 18 14 16 5 16 11 6 7 16 17 18 9 12 13 9 19 12 9 20 18 9 10 12 16 10 19 5 10 15 11 19 18 16 8 10 6 19 12 19 16 17 15 10 11 10 15 8 14 12 5 10 12 5 16 6 13 8 8 20 15 12 14 16 14 13 6 16 6 7 12 11 19 16 18 13 10 7 20 0 17 17 19 15 8 10 17 14 8 14 11 6 7 17 6 16 10 16 14 7 7 10 13 6 19 12 6 17 14 9 18 19 9 12 12 13 8 11 6 10 19 12 12 12 7 15 19 20 5 10 20 16 9 8 11 13 10 18 6 9 16 20 7 19 13 10 18 19 10 15 9 5 5 16 14 10 13 8 18 13
5 9 18 9 16 8 19 9 14 6 8 12 15 11 7 9 19 17 17 12 9 18 16 10 10 12 6 13 7 20 16 10 18 5 14 7 11 20 15 15 13 12 20 11 15 15 5 19 13 9 14 6 8 20 15 8 16 10 11 15 17 19 13 20 15 19 6 11 11 14 18 16 13 5 5 20 17 10 17 8 18 10 16 11 11 15 8 9 18 18 14 16 9 5 15 12 9 16 10 19 12 19 20 17 6 12 15 20 15 16 18 17 14 5 19 9 5 15 7 17 11 18 14 7 13 15 7 15 10 8 10 5 19 11 7 8 13 17 8 11 6 16 19 14 10 14 20 10 16 12 14 17 8 6 14 18 9 20 14 16 13 6 17 8 20 8 12 20 11 5 7 8 17 18 14 6 12 18 15 7 14 11 7 13 19 5 6 7 17 5 7 8 7 19 5 17 18 12 8 6 19 19 13 14 8 6 8 12 5 20 18 9 12 16 7 20 9 15 19 17 19 9 20 11 16 11 6 17 18 10 8 7 9 17 18 11 12 18 13 15 8 20 8 5 18 20 17 8 14 11 6 11 9 8 7 12 13 12 8 12 6 11 13 15 19 13 18 6 19 6 7 14 19 12 16 10 18 13 16 13 15 10 15 20 12 8 6 6 14 15 15 5 19 11 13 11 20 17 7 6 8 19 12 5 12 18 5 5 18 17 8 7 19 8 11 11 16 19 6 20 0 18 16 14 12 5 9 20 9 10 20 7 17 16 15 5 19 19 12 14 7 13 8 7 12 7 18 19 11 8 14 5 11 17 9 15 9 20 16 16 9 5 6 6 15 15 8 16 10 12 10 13 13 8 6 18 20 12 13 13 14 5 16 7 7 20 8 5 7 7 16 10 7 20 14 9 15 9 6 12
19 14 20 11 8 13 20 9 6 20 13 18 14 20 14 10 19 13 8 14 13 14 9 18 6 5 9 11 5 5 15 13 9 17 15 17 8 16 7 17 14 17 20 7 12 13 17 9 12 5 15 10 20 9 13 5 10 6 18 18 5 15 19 19 9 7 17 20 7 18 17 15 13 6 7 13 12 7 19 16 13 9 10 6 13 18 12 20 5 10 15 12 5 8 9 17 13 11 5 11 13 11 15 5 16 18 15 6 17 16 6 12 8 18 18 13 5 11 7 12 5 7 10 11 10 5 19 8 18 11 11 7 15 8 7 12 15 15 16 8 11 19 9 19 14 17 10 20 17 18 12 19 14 14 12 5 18 5 10 9 16 7 17 10 12 16 15 11 11 19 14 20 8 14 9 18 11 16 20 20 13 7 6 20 11 10 9 14 6 8 8 14 16 8 20 14 18 19 13 12 14 15 11 15 20 13 13 16 16 19 15 15 10 18 7 20 5 9 11 9 13 6 10 6 20 15 15 10 18 20 19 10 15 6 10 17 17 16 12 12 8 11 17 5 17 19 7 15 6 11 17 8 7 7 17 18 12 7 10 16 11 12 5 14 12 5 15 10 16 8 11 6 7 10 15 18 16 8 11 10 5 18 20 19 20 14 13 10 12 10 12 6 13 13 5 12 7 19 9 18 12 6 7 10 14 17 5 10 20 5 11 8 20 11 13 14 11 12 20 14 9 0 5 12 8 13 12 17 7 6 9 15 8 13 5 20 6 8 10 8 17 13 11 15 14 15 20 15 17 17 11 7 14 18 11 19 5 19 16 10 19 18 8 14 6 14 11 18 18 12 13 11 9 5 11 20 9 10 17 10 20 13 13 9 14 19 12 20 12 14 16 19 20 7 12 18 11 5 12 16
17 16 16 11 19 5 9 12 15 5 9 20 16 12 15 16 18 17 5 5 18 18 19 7 19 19 11 10 16 13 17 17 11 10 13 9 10 12 14 9 12 16 17 17 10 7 20 11 12 14 20 12 14 8 19 17 13 6 14 17 15 20 20 11 11 7 7 19 14 10 17 10 14 16 19 17 8 18 7 7 19 20 5 16 19 10 18 17 16 17 14 10 8 14 6 17 10 5 14 6 20 16 20 16 8 14 13 18 7 18 17 16 19 19 13 18 12 16 18 5 8 15 20 9 8 12 10 14 6 13 13 14 14 5 12 13 6 8 5 20 19 13 10 18 17 19 10 18 6 14 9 18 8 12 19 14 5 16 18 15 18 7 9 6 8 9 14 8 10 11 12 10 18 18 18 9 9 12 15 6 11 18 7 18 7 8 20 20 6 11 8 7 9 14 19 13 18 15 14 5 15 12 6 6 20 17 7 12 11 12 9 9 10 12 8 10 17 11 14 14 10 5 9 15 16 16 17 5 18 12 20 13 17 17 17 13 17 8 5 18 19 18 12 6 7 13 9 18 11 10 16 19 15 8 17 6 5 17 10 12 19 20 18 18 17 5 9 20 12 9 6 19 11 18 17 19 19 20 16 10 19 9 11 20 12 19 9 19 12 6 15 16 13 17 6 19 16 6 16 14 20 20 13 17 9 15 10 8 14 19 6 5 8 17 12 14 14 9 19 17 16 13 0 13 15 6 5 6 13 5 8 17 19 17 16 11 20 9 11 5 11 6 6 18 13 17 16 20 9 8 11 18 6 18 16 18 14 10 5 18 12 17 19 14 7 6 13 5 19 15 13 12 19 16 7 19 10 14 12 11 8 19 13 19 8 14 17 11 6 15 19 5 5 10 13 19 14 18 9 17
16 18 18 14 19 7 6 13 9 20 10 7 18 5 7 14 12 19 15 13 5 10 20 19 16 13 19 9 11 15 15 6 12 15 11 10 17 5 14 10 8 14 18 12 9 14 17 5 7 9 5 13 5 13 12 16 16 13 18 11 11 6 11 12 12 7 14 17 7 13 11 9 13 9 12 9 13 18 19 17 5 15 11 13 9 10 14 13 20 14 15 8 14 7 20 6 12 11 6 15 5 12 20 10 8 7 20 8 11 15 6 11 17 17 12 14 19 5 7 7 9 18 13 20 20 16 7 12 6 16 7 13 15 18 8 16 7 16 20 11 17 6 14 13 6 11 17 17 18 7 15 12 6 13 20 5 9 8 15 20 18 7 18 10 10 8 6 6 19 5 5 19 11 8 19 19 13 11 9 12 20 18 9 15 5 15 15 12 18 16 13 6 15 9 7 14 20 13 12 10 16 13 19 11 13 16 7 8 16 15 8 6 17 16 8 16 6 17 5 5 14 11 20 17 13 17 9 20 7 18 13 15 13 8 19 12 16 14 11 14 12 13 12 14 11 6 20 7 16 7 11 20 16 10 11 10 17 7 10 12 17 14 14 8 20 15 20 20 13 7 11 5 18 12 8 19 14 15 13 11 10 20 15 13 7 20 12 9 10 7 8 9 15 8 19 13 8 9 11 15 17 12 13 9 13 6 17 10 6 16 9 15 10 17 15 12 9 15 16 10 18 6 9 0 12 14 14 5 8 9 7 10 20 6 19 17 17 7 11 11 11 14 6 5 8 5 14 11 19 15 8 18 13 11 5 16 5 17 6 18 6 8 18 12 17 5 6 11 20 7 13 15 7 16 14 9 11 11 11 20 15 10 9 18 6 6 12 17 7 7 13 19 16 7 16 14 19 13 6 11
5 17 19 16 17 19 11 15 10 7 12 8 7 13 10 11 5 8 6 11 8 20 5 7 19 18 8 20 9 16 14 19 19 5 13 19 16 18 10 12 13 20 12 9 11 10 5 15 6 9 9 10 6 16 14 5 10 16 18 15 19 5 13 8 6 13 14 11 19 8 11 16 5 18 5 8 8 14 11 10 7 18 17 7 11 8 20 6 15 20 20 11 17 6 7 20 12 7 18 20 5 14 18 20 13 18 16 20 14 19 6 14 17 6 11 10 17 13 14 10 19 9 8 13 18 7 8 9 10 15 14 20 14 9 20 16 18 9 15 13 12 5 10 14 15 14 10 15 10 15 16 6 15 16 11 11 13 6 19 12 9 5 20 13 19 18 8 15 5 7 15 18 18 10 14 15 9 15 7 15 15 15 12 12 12 15 19 17 18 19 16 17 13 12 12 8 19 8 9 18 13 20 7 18 10 5 17 10 19 12 10 5 20 10 14 19 15 15 5 13 15 19 19 14 15 8 11 8 8 11 16 17 6 11 11 17 6 17 11 11 10 7 15 14 13 6 9 11 16 11 8 8 15 12 9 10 7 14 14 10 14 15 14 11 9 11 12 13 11 10 20 19 11 16 17 7 9 18 9 6 11 15 7 12 14 6 9 6 5 8 10 15 13 8 7 18 7 12 12 20 12 17 8 12 15 11 9 14 5 14 15 12 15 14 17 15 9 7 8 7 10 6 7 10 0 11 18 11 17 6 9 7 15 8 13 12 9 12 14 15 20 14 7 8 6 8 18 7 19 15 18 12 19 12 7 10 10 17 17 16 13 9 15 12 8 20 6 12 12 18 13 15 6 7 9 10 19 6 9 17 12 19 6 10 7 20 19 13 7 18 5 8 11 15 18 19 5 10 10 20
13 7 7 8 14 9 12 10 19 11 16 15 19 18 17 13 14 9 10 13 12 20 16 16 15 20 9 8 13 19 8 5 15 14 13 20 11 13 11 15 15 13 9 18 14 20 16 15 20 14 16 20 10 10 20 10 13 20 12 11 10 7 19 19 19 10 6 11 15 5 8 6 16 19 17 19 16 10 8 15 8 15 15 18 6 9 12 16 20 8 9 14 18 13 6 20 12 9 20 16 9 15 11 13 12 17 20 5 11 5 9 7 20 8 7 16 18 15 10 10 8 20 10 15 10 13 10 8 17 14 14 15 11 18 11 15 10 11 15 7 7 14 19 17 14 7 20 18 14 13 17 11 6 11 11 14 12 20 18 8 15 16 6 11 6 13 16 12 20 17 12 19 14 19 20 16 15 20 9 5 17 15 9 9 18 14 10 5 7 19 12 16 18 14 20 7 7 8 8 8 13 13 19 9 12 20 13 10 19 16 12 5 20 11 11 9 7 8 8 12 17 10 12 13 10 18 12 18 18 18 8 9 7 13 18 11 17 20 13 7 7 8 15 12 12 14 10 15 19 18 16 9 13 5 6 14 5 12 16 6 15 20 14 12 12 8 16 11 12 13 19 16 11 9 15 10 9 14 6 12 9 17 16 19 15 6 18 15 18 17 18 15 20 8 17 10 7 13 18 5 5 6 8 7 17 20 20 16 8 13 10 5 19 6 17 12 20 18 19 8 7 20 17 18 9 0 10 20 12 7 13 20 8 8 5 15 13 7 9 17 19 5 18 12 14 10 17 14 5 8 12 16 12 13 16 16 19 14 17 18 6 18 9 20 15 9 13 20 9 17 14 15 16 14 13 8 17 7 16 19 5 14 9 12 16 6 15 10 18 5 5 11 12 19 20 11 20 5 17 10
16 11 19 5 20 11 14 10 12 8 10 14 19 11 10 15 18 11 10 9 14 9 7 12 7 18 13 9 7 10 16 10 12 10 10 11 18 19 19 19 13 9 19 19 6 12 10 6 5 20 18 14 12 10 12 19 9 6 8 12 7 16 9 11 14 15 5 14 17 14 9 9 15 12 6 18 6 11 20 14 17 10 15 8 6 15 8 18 13 9 10 19 20 15 12 14 19 8 18 20 13 17 9 8 7 8 9 19 5 5 17 19 8 19 8 14 9 6 16 5 7 10 19 11 10 17 13 8 11 19 8 19 18 14 12 13 10 10 7 10 14 20 19 17 14 9 20 11 9 10 16 6 7 16 19 18 8 10 11 16 13 8 14 15 6 9 9 16 7 10 12 19 9 5 14 14 18 19 18 20 14 10 6 7 9 11 11 19 13 7 14 10 6 6 13 20 16 19 14 14 20 9 14 15 14 11 6 6 17 7 5 8 14 16 16 11 6 12 8 14 13 8 6 8 9 8 17 14 17 8 6 7 20 13 11 11 16 5 9 17 17 15 11 17 5 16 17 17 14 15 8 9 10 7 17 11 5 14 10 13 16 16 20 18 14 16 7 20 6 18 17 14 12 11 19 19 10 13 20 14 6 19 9 18 18 17 8 8 14 8 15 5 17 9 8 9 15 19 8 18 13 15 16 12 15 6 20 9 6 16 7 9 8 19 19 14 8 8 19 6 15 7 8 13 13 8 0 9 10 15 11 8 17 17 18 11 8 12 6 14 9 17 16 18 6 6 10 11 10 5 6 16 18 10 17 11 11 9 13 6 11 9 19 9 15 14 16 15 13 12 7 12 9 11 13 17 16 15 12 9 8 12 16 5 12 9 11 14 15 19 8 18 19 8 6 11 10 19 17 17
14 18 16 14 12 20 18 18 9 19 18 15 20 12 5 7 9 11 6 17 11 6 8 8 8 16 15 15 9 18 7 17 9 8 19 17 12 14 5 15 19 9 15 7 9 20 12 7 11 15 10 11 20 15 7 17 13 9 5 18 9 15 10 18 11 17 20 8 7 14 12 6 10 15 6 18 15 14 20 20 18 7 12 19 8 15 7 11 11 20 5 16 13 14 12 14 9 12 17 20 9 16 20 10 8 17 20 20 18 12 20 11 14 7 14 6 15 6 14 5 11 7 7 18 13 7 7 15 14 10 6 5 6 7 13 11 19 16 5 19 14 11 8 7 5 14 5 9 12 18 17 19 12 14 16 14 9 18 8 16 18 12 18 10 14 20 6 12 6 12 11 8 11 11 5 5 6 13 16 16 17 14 5 20 20 5 5 17 13 18 18 12 8 18 10 10 12 20 9 12 19 20 5 19 12 16 9 12 6 11 17 13 16 8 18 16 20 7 10 5 14 18 9 11 9 6 14 12 18 11 20 8 19 5 6 12 9 6 14 7 8 13 14 17 6 7 13 5 9 9 7 15 20 15 13 13 6 20 7 11 9 16 15 9 10 13 13 14 10 20 9 17 10 13 6 16 17 8 9 17 11 9 16 5 8 19 12 14 11 13 11 19 18 9 8 12 7 8 6 15 16 14 8 13 8 19 13 9 5 8 5 7 16 16 19 6 20 14 16 9 6 13 7 7 6 19 9 0 9 6 19 15 8 18 14 20 13 14 19 11 17 18 9 12 13 7 5 14 14 11 16 19 18 20 6 20 19 12 17 6 5 7 10 19 19 10 14 14 16 19 15 18 6 8 10 17 7 16 7 11 18 18 13 7 11 14 9 9 18 8 8 16 16 16 5 6 7 20 17 5
20 19 19 15 17 14 16 20 6 20 16 7 17 7 13 5 20 10 20 9 19 7 13 13 18 13 10 10 17 10 8 18 5 11 11 13 8 16 8 17 11 8 14 7 7 19 12 15 19 14 20 8 10 12 8 11 20 15 16 17 6 17 20 17 10 13 7 10 19 6 6 5 11 15 12 8 13 17 19 15 9 17 13 17 19 8 8 5 6 19 19 9 11 5 7 14 19 7 14 11 10 7 11 15 5 11 13 20 19 19 20 18 7 9 8 17 11 13 10 20 17 5 8 14 11 7 12 19 13 10 9 16 9 9 16 14 14 15 10 14 13 18 13 6 19 15 11 17 14 12 7 9 16 17 10 15 13 15 8 10 15 9 9 9 8 15 9 12 13 11 14 12 14 11 11 6 12 13 11 6 18 9 6 7 12 14 9 10 11 16 12 19 6 20 20 18 15 10 11 5 12 10 5 19 19 10 5 18 16 17 19 8 20 12 15 20 13 10 13 8 14 17 12 20 15 9 11 10 6 10 19 10 20 12 10 5 15 12 19 5 9 19 16 7 16 6 7 9 5 17 5 7 17 6 16 16 17 5 13 10 8 11 14 9 18 12 9 14 20 5 5 5 8 7 18 5 5 20 6 11 5 8 6 7 20 12 8 17 17 13 6 11 9 14 17 15 17 14 8 7 19 13 20 17 13 11 18 15 9 15 15 19 20 17 20 5 6 16 7 20 6 7 6 17 7 6 14 16 0 20 16 19 9 9 8 18 10 17 19 13 10 5 8 14 20 12 5 18 18 13 19 18 18 19 20 17 20 17 5 9 10 18 7 20 11 10 10 20 18 16 13 6 16 12 14 8 11 13 19 16 5 12 17 9 10 18 19 10 7 16 7 19 8 6 13 16 7 18 20 9
11 7 5 10 12 19 6 18 6 18 7 14 18 10 9 9 19 16 6 9 11 7 5 14 18 8 10 8 13 14 7 16 12 6 15 7 13 10 13 20 9 7 19 6 9 20 5 19 8 16 8 6 13 16 19 18 17 17 18 15 20 14 8 18 12 11 14 20 7 11 5 17 6 10 11 6 14 5 18 11 11 11 17 5 11 15 17 16 7 9 6 5 11 14 6 16 20 18 11 13 5 8 5 14 9 5 19 10 15 18 8 15 16 19 19 13 13 19 19 9 13 19 6 12 20 18 19 17 13 19 15 6 20 13 16 14 15 6 17 20 20 8 8 9 15 5 14 18 17 14 8 8 18 18 8 9 5 6 6 13 14 19 10 13 19 11 14 11 18 14 15 13 6 8 20 20 20 10 13 19 20 10 18 14 18 14 20 17 20 12 15 9 6 20 10 19 10 19 8 13 6 17 17 7 12 16 19 17 6 8 7 20 17 19 20 19 20 16 15 8 12 15 18 11 13 13 7 11 14 7 17 14 11 10 12 17 11 8 10 12 20 18 17 17 6 20 7 8 14 7 8 6 9 8 16 8 13 7 11 20 8 8 18 7 12 12 13 11 17 12 17 15 7 19 20 20 8 19 8 10 12 19 18 9 18 19 6 17 16 12 12 16 9 17 19 13 13 12 17 18 7 9 12 8 10 10 13 7 20 6 18 16 7 17 8 8 14 5 20 17 15 13 17 5 20 12 11 13 10 0 7 8 7 5 18 10 10 14 9 17 7 13 15 9 17 11 9 5 11 9 14 10 7 10 15 11 20 9 7 9 8 10 11 7 9 19 6 5 19 5 7 5 10 17 8 13 9 20 20 14 17 19 9 17 10 15 15 13 10 19 6 16 11 18 5 15 8 11 8 5
14 18 12 8 19 20 9 14 6 7 11 15 11 5 12 8 20 20 20 14 14 8 9 7 7 11 13 14 15 5 9 16 12 5 6 10 13 15 10 11 10 19 18 5 19 15 15 6 20 10 7 11 19 18 10 17 8 14 6 13 8 12 14 14 20 10 5 6 7 7 13 20 15 7 16 7 6 13 11 5 18 12 7 17 5 17 20 12 14 14 13 15 20 15 18 11 6 14 19 20 12 11 7 17 14 20 19 13 11 15 9 7 8 17 15 19 13 13 16 17 8 7 5 10 17 10 5 20 18 13 6 12 10 19 18 7 16 17 5 7 16 8 16 12 19 11 6 7 13 20 8 13 13 20 7 12 6 8 12 8 7 14 7 11 19 10 19 8 10 16 9 9 19 9 20 19 7 5 20 15 13 10 17 10 9 16 19 11 13 6 18 17 19 7 19 20 10 12 8 7 12 16 14 14 15 10 9 18 5 17 17 12 20 7 20 20 10 16 10 15 12 7 11 7 16 17 13 10 19 16 11 13 12 18 18 12 5 9 13 20 10 11 14 13 18 10 10 14 12 8 17 5 17 10 13 11 20 9 13 18 6 11 8 19 17 17 10 6 11 18 5 7 17 14 12 11 13 18 8 11 13 18 6 20 20 12 19 17 9 12 17 5 18 19 10 18 12 16 20 15 17 13 18 14 13 17 13 14 5 13 13 5 20 6 8 8 9 15 19 14 18 10 12 17 9 20 17 13 8 9 0 17 16 13 5 7 17 12 16 13 18 16 19 6 20 17 11 14 18 9 18 14 15 6 13 7 11 11 10 11 9 11 14 9 8 19 15 12 14 15 5 7 14 20 18 14 11 7 16 17 13 5 19 7 17 16 7 20 6 16 19 13 11 6 18 7 8 14 12 13
7 17 17 12 14 8 12 15 11 11 20 8 6 8 11 8 6 16 15 16 16 16 19 6 15 12 9 16 20 16 20 11 15 13 19 12 20 18 18 10 6 19 13 18 12 13 15 18 10 5 19 10 10 16 8 14 7 12 12 14 12 13 18 15 20 11 20 13 18 16 11 12 9 12 8 6 19 10 15 7 17 14 20 11 10 5 5 20 14 11 12 11 15 10 20 20 20 20 9 6 6 20 12 18 10 11 14 15 7 9 10 7 19 12 20 18 14 9 17 16 5 10 6 14 11 16 11 12 16 6 16 16 7 6 17 7 6 11 18 6 15 12 9 9 18 20 15 11 13 6 20 6 5 9 19 5 7 18 20 15 15 10 20 18 8 15 15 5 6 12 20 18 17 5 6 10 5 17 19 16 10 7 10 7 7 18 5 10 8 20 9 5 8 16 20 7 6 7 7 8 16 19 8 8 15 6 5 20 18 10 19 14 13 14 20 6 11 17 12 11 9 7 11 20 15 10 20 5 16 5 10 11 6 10 11 8 10 7 13 11 16 9 5 8 8 14 5 14 14 5 7 13 6 5 5 8 12 6 6 15 17 7 15 8 17 12 16 8 14 19 20 12 11 17 11 15 13 10 20 16 11 7 13 7 7 6 18 9 17 8 19 14 8 14 15 16 14 9 15 5 19 16 9 8 6 17 18 15 6 5 13 7 6 13 17 19 16 17 17 20 12 19 12 15 8 11 5 20 6 20 14 0 19 12 19 18 20 9 15 9 10 17 10 9 8 20 11 17 12 6 8 13 19 17 8 12 7 20 5 15 6 19 19 9 14 15 12 5 18 5 12 11 17 14 5 8 10 18 10 15 17 17 9 19 11 20 17 17 15 14 5 14 5 13 14 15 12 15 16 17
18 11 11 7 7 15 18 5 6 8 19 15 10 9 16 16 10 14 10 17 20 17 18 10 14 16 8 10 20 13 15 5 17 6 19 13 11 13 6 19 11 5 11 16 7 15 11 15 16 16 5 12 9 12 17 9 7 9 17 5 20 6 7 16 17 11 18 18 10 13 18 12 7 7 6 15 19 17 15 19 17 12 16 12 17 12 5 13 13 5 11 7 6 17 19 10 16 20 13 9 6 5 19 17 8 9 15 6 6 12 14 18 8 14 14 11 10 5 7 5 10 17 11 11 20 13 20 18 7 10 20 5 14 11 6 10 14 19 19 8 10 5 12 8 20 13 18 8 13 10 9 16 15 5 10 10 7 15 14 10 11 19 12 10 8 12 8 20 12 6 7 14 6 18 12 9 5 7 18 12 11 16 20 20 17 10 13 15 19 11 11 20 20 6 10 20 15 13 7 7 11 15 7 8 11 8 17 11 18 9 5 7 20 12 18 16 20 14 19 10 5 10 8 11 8 5 20 14 6 16 19 18 9 16 19 12 8 19 11 17 6 18 18 5 11 14 9 20 20 13 10 13 13 5 5 16 6 9 7 12 18 5 11 15 11 10 12 5 8 8 6 17 7 6 12 12 9 15 14 5 13 9 13 14 20 15 10 8 8 10 14 18 6 18 14 19 9 8 19 15 17 8 9 8 10 8 12 17 14 13 15 11 19 19 17 18 7 16 6 8 14 19 8 12 13 8 9 8 5 7 12 20 0 18 9 18 8 19 16 9 8 17 13 11 9 15 7 20 17 13 11 16 17 13 6 11 20 17 20 11 6 19 17 13 18 9 10 18 15 20 8 10 8 7 9 20 14 13 16 10 16 6 7 12 19 10 20 17 12 18 16 5 20 10 18 10 7 19 10 10
14 20 18 16 17 17 19 6 8 19 17 20 10 15 16 12 16 12 7 9 11 12 9 17 8 9 9 15 14 8 5 5 19 12 11 18 15 9 16 5 19 12 11 12 20 9 20 9 7 14 13 20 18 7 6 17 20 12 14 10 12 14 12 12 20 16 20 13 7 19 9 7 8 18 13 10 17 19 10 14 16 13 7 14 17 9 12 14 15 14 12 9 10 18 16 16 5 6 20 12 10 17 13 6 6 20 5 16 17 9 10 7 6 8 6 7 17 11 16 8 11 13 20 6 12 20 13 14 9 15 20 7 10 13 20 9 12 13 16 8 18 8 15 13 14 15 19 6 18 19 6 7 11 15 20 6 6 18 19 15 15 6 9 11 17 19 20 6 6 8 14 7 17 12 7 13 6 10 8 16 8 10 18 14 17 18 15 15 18 16 7 20 20 17 12 15 11 11 14 12 7 13 19 15 16 7 16 5 6 13 8 20 14 13 13 19 16 9 14 10 9 5 6 16 12 20 6 16 17 15 20 5 10 17 17 19 5 8 7 14 10 5 18 7 19 5 14 18 10 19 13 9 16 20 13 15 17 6 12 7 16 7 12 7 17 9 13 18 10 12 10 18 8 15 12 7 6 14 13 17 9 18 18 13 13 9 13 20 9 9 19 8 16 8 14 10 16 16 20 13 16 18 8 12 17 6 20 19 10 15 5 10 12 17 20 15 9 13 14 12 12 10 11 14 6 6 11 7 16 14 9 13 10 0 16 11 8 10 14 10 18 12 12 6 16 17 10 8 8 12 18 5 12 16 20 7 19 9 10 7 10 16 12 16 5 17 7 14 14 15 16 12 18 19 11 20 12 15 16 16 20 20 17 18 15 9 16 14 17 18 17 18 15 19 11 12 15 15 19 16
13 13 14 12 6 20 9 9 18 19 11 18 6 17 17 19 8 17 14 15 19 18 16 5 11 11 5 9 19 8 14 17 18 14 10 20 7 13 20 19 16 18 18 12 9 9 8 9 11 8 6 6 14 15 13 17 19 9 19 14 11 16 6 12 17 8 12 8 8 10 7 18 10 6 20 16 16 16 8 12 14 12 10 13 8 17 5 10 5 20 13 11 12 12 7 12 14 10 10 10 14 17 12 19 15 20 15 12 15 17 18 11 15 19 14 17 8 9 8 9 12 8 14 15 5 5 19 12 14 11 10 7 6 9 13 20 9 18 5 14 20 13 11 5 6 14 11 5 7 7 10 13 9 6 13 16 9 11 19 17 11 12 13 5 7 14 20 6 20 20 12 9 7 17 12 8 6 8 11 14 12 8 12 13 8 5 19 12 15 14 15 17 11 6 12 17 7 8 18 8 11 8 13 18 9 10 19 20 6 7 20 8 20 14 15 19 10 5 15 13 10 10 17 18 18 18 17 7 15 6 6 7 10 13 20 12 7 5 10 12 11 20 11 20 15 6 15 12 11 14 20 15 10 7 7 5 16 7 19 16 18 13 8 5 18 10 11 9 17 17 11 5 20 19 15 12 16 14 5 10 19 18 17 20 13 14 14 20 8 6 13 6 10 12 7 16 10 14 19 17 16 10 20 15 14 6 12 8 8 15 6 12 10 9 9 16 9 15 18 18 16 19 16 17 20 16 8 8 11 20 19 14 14 19 0 7 8 18 12 14 7 12 5 15 15 9 6 5 11 12 9 15 12 11 10 13 9 18 15 17 5 11 12 8 15 5 6 15 19 20 6 10 11 17 5 16 9 12 10 11 14 13 9 10 14 15 11 18 7 7 6 16 9 14 18 16 20 10 15 7
10 14 19 8 19 20 10 6 9 13 5 14 7 11 10 12 8 14 17 14 10 5 11 12 15 15 20 20 16 15 19 19 19 13 11 20 5 7 18 7 6 18 11 13 19 10 10 20 13 11 7 17 19 11 15 14 5 16 8 15 5 7 9 13 8 6 18 17 6 11 17 13 17 14 14 6 18 13 7 18 20 10 9 5 11 20 17 18 7 19 12 14 6 5 17 5 8 7 20 10 10 19 15 16 14 6 11 6 18 18 10 12 20 11 5 18 12 10 5 12 5 18 15 14 17 9 17 9 9 5 7 19 8 13 9 14 8 20 14 10 7 18 12 13 5 20 8 5 15 6 13 15 19 15 16 5 17 16 12 13 13 14 13 5 18 12 9 16 5 20 5 16 5 16 12 18 12 20 5 8 17 15 5 5 16 12 6 8 7 16 10 17 20 11 10 16 18 15 17 17 8 8 15 6 16 6 6 16 16 6 6 13 7 11 15 9 15 13 14 12 5 14 10 12 18 10 8 11 10 7 5 15 8 12 12 9 5 16 6 8 6 17 10 14 13 10 6 12 20 17 15 8 6 15 20 15 17 9 6 18 6 6 16 7 12 7 12 14 16 13 6 15 15 19 17 18 16 6 20 13 12 19 17 13 13 15 14 6 7 18 5 15 7 6 20 20 15 6 20 6 11 9 11 12 10 20 19 9 13 20 15 9 17 16 13 16 6 7 13 20 5 18 8 19 20 17 11 18 17 12 13 20 10 5 11 0 16 15 16 11 8 11 14 15 7 10 7 17 13 14 19 12 5 5 18 18 16 15 7 19 7 7 7 11 17 10 18 12 12 7 6 9 11 19 8 14 13 15 20 16 6 8 16 14 20 13 9 11 11 19 6 11 19 13 15 16 6 18 20 10
20 15 7 14 6 19 8 11 10 13 5 19 9 19 6 17 19 20 12 10 12 5 14 7 8 15 11 13 19 18 9 11 5 6 20 19 12 19 6 19 14 11 12 7 20 10 8 8 19 10 20 7 7 5 11 17 20 17 10 19 12 16 15 13 10 14 8 7 7 19 19 10 20 6 11 16 9 7 10 15 17 5 13 17 9 19 11 14 15 18 14 9 5 14 17 13 11 9 16 13 20 10 13 20 12 10 14 12 6 18 8 17 8 14 10 9 6 18 14 5 17 14 8 18 14 12 19 14 5 20 12 14 12 18 10 11 6 6 18 15 14 16 15 17 9 5 14 17 14 13 7 19 14 5 10 15 20 7 5 15 8 5 11 20 9 5 10 6 17 12 10 12 10 17 14 14 10 14 13 15 7 5 6 14 13 20 9 7 5 13 7 15 6 10 8 10 12 17 13 14 15 14 10 11 11 10 12 11 10 18 10 20 8 18 7 16 9 11 8 18 9 10 9 5 11 13 10 11 5 15 7 8 19 5 12 12 18 15 15 14 6 11 9 7 16 15 20 6 8 18 13 9 20 13 5 18 18 15 5 10 10 15 17 18 19 8 9 10 14 6 11 6 6 15 16 20 19 7 15 15 9 12 6 20 15 19 13 7 7 12 14 5 20 5 15 9 8 12 13 10 10 9 8 12 13 17 17 17 19 5 5 16 12 11 19 13 12 16 14 19 20 15 5 7 10 9 6 6 16 19 19 18 9 19 6 15 0 16 19 10 19 16 10 12 19 8 6 15 14 11 19 8 12 18 14 8 16 18 9 16 14 15 12 12 14 14 15 9 8 18 7 7 17 6 5 19 6 11 5 9 15 14 13 20 14 18 20 20 13 11 10 7 6 7 7 10 11 19 8 11
9 11 5 20 18 17 14 19 11 12 10 15 6 14 15 15 11 7 14 11 7 9 16 15 20 20 7 16 12 18 17 11 17 8 8 10 5 7 12 14 12 16 10 6 14 20 16 7 19 18 16 14 7 20 7 19 10 19 16 6 12 18 17 6 11 15 15 10 19 20 10 9 15 11 10 9 20 18 20 5 8 15 9 9 17 17 15 5 10 11 7 20 19 16 5 11 18 8 15 19 5 11 9 16 20 17 19 14 13 8 8 15 5 20 5 12 19 11 7 8 8 12 19 14 19 18 6 5 18 20 5 9 15 9 16 16 17 20 14 6 13 5 16 12 7 16 7 19 5 10 12 16 14 16 10 14 18 18 6 15 5 13 11 5 10 19 12 19 16 15 9 11 11 8 9 9 10 19 11 13 6 14 18 17 10 16 13 15 6 17 8 19 6 19 11 5 6 16 6 7 12 10 8 15 13 16 12 19 20 14 7 17 9 17 18 16 19 8 11 13 14 6 14 5 12 13 8 16 5 19 17 17 15 17 12 12 11 12 15 7 20 16 7 5 13 17 10 19 11 18 18 15 13 10 18 13 5 10 13 6 6 11 19 10 14 16 17 17 17 11 19 9 19 11 18 14 6 10 11 6 13 15 8 19 7 13 8 10 17 16 20 18 5 20 14 5 6 7 20 14 6 16 5 5 16 6 18 19 16 13 16 9 20 12 20 5 6 10 20 16 19 7 14 17 16 17 20 7 14 5 17 18 14 5 19 15 6 0 14 18 11 10 7 9 12 14 19 16 6 12 16 18 20 16 10 16 13 20 20 13 15 16 18 19 5 15 5 17 11 5 12 18 6 5 8 17 7 11 6 10 13 15 6 20 10 18 15 14 9 8 10 7 9 15 9 8 8 14 19 8
6 11 5 9 17 17 20 19 7 8 9 14 15 9 9 14 17 5 8 11 20 12 16 9 20 7 13 20 5 18 6 6 18 17 19 17 20 8 13 16 15 14 11 17 20 17 15 15 20 14 14 18 6 11 5 12 6 5 5 16 15 7 14 8 16 13 19 10 12 12 6 10 9 6 18 8 7 20 14 20 11 5 5 15 20 5 5 5 8 14 5 8 11 17 15 17 9 19 11 15 13 18 18 5 20 8 19 19 20 9 6 12 15 7 15 7 14 10 16 14 16 14 13 14 15 7 20 13 8 6 20 20 16 17 6 15 7 17 8 10 20 14 12 13 17 18 11 17 15 17 5 16 11 9 16 14 10 10 15 15 12 18 13 17 12 17 16 11 5 15 19 10 14 12 18 17 19 14 15 5 13 12 17 19 9 12 20 11 13 11 9 13 17 13 15 10 10 5 19 19 19 5 6 19 15 17 18 15 20 7 8 12 6 12 16 17 13 10 7 7 19 16 5 9 14 19 7 5 7 16 17 11 5 16 8 20 15 19 16 13 9 6 6 5 19 12 6 19 18 20 5 9 10 12 7 8 17 12 18 18 16 20 16 7 6 13 18 12 13 12 20 16 19 11 14 7 16 5 7 11 20 11 16 17 9 8 11 7 9 14 16 8 13 13 11 18 17 13 15 11 13 5 18 11 18 12 19 16 17 20 17 5 17 7 20 11 7 16 15 8 18 10 7 9 8 11 20 12 6 13 19 7 5 8 7 5 18 17 0 6 17 6 11 5 12 5 8 12 13 18 15 15 6 11 12 15 10 7 7 6 12 16 20 20 18 11 9 12 17 18 18 15 16 16 19 9 8 17 17 12 6 17 12 18 17 11 6 6 19 12 18 13 10 8 7 20 18 13 7 8
12 5 18 8 11 12 19 11 12 19 8 8 16 6 12 12 13 20 8 13 20 18 8 14 16 14 19 5 6 13 18 7 7 7 14 11 18 13 17 12 18 12 8 18 16 12 10 16 16 13 5 15 5 19 18 15 14 15 19 17 17 11 17 8 18 14 19 10 9 16 11 12 14 5 16 8 16 8 8 14 11 19 16 18 13 17 13 14 17 16 11 15 16 15 9 13 18 20 11 14 10 6 6 12 8 6 8 7 9 11 18 15 15 16 15 20 17 8 11 16 7 19 10 17 5 17 7 8 14 19 17 17 5 16 8 20 15 10 15 16 9 14 6 5 10 8 20 19 12 16 6 16 15 15 16 19 19 5 17 20 6 17 9 13 15 13 17 7 6 17 11 5 8 18 17 18 20 18 16 10 11 13 20 14 15 6 16 7 13 10 16 5 10 5 9 9 17 15 10 12 11 17 15 9 18 16 20 12 17 12 5 12 11 11 7 8 8 8 9 12 20 16 6 14 16 5 20 20 12 14 20 19 19 16 10 14 17 14 15 14 11 16 17 17 9 18 8 6 11 20 12 18 20 8 15 15 20 10 11 19 17 5 14 13 20 19 12 20 6 7 18 12 15 16 8 6 14 13 15 19 16 6 9 12 18 12 15 10 10 6 19 19 13 9 9 6 18 11 11 18 18 12 19 8 5 17 17 8 20 6 16 19 5 10 13 13 7 15 5 20 16 15 10 17 13 18 17 17 9 8 5 7 9 7 10 9 20 15 7 0 14 13 19 9 18 9 14 16 17 17 9 5 12 6 9 17 7 6 17 11 5 16 13 16 11 9 19 8 6 15 5 10 7 17 12 11 9 5 19 9 12 9 10 20 12 16 9 17 20 17 11 13 12 10 16 18 18 9 8 16
9 15 11 14 6 9 9 9 14 20 19 8 16 6 11 18 13 15 11 8 19 16 14 8 7 14 15 16 5 6 13 20 10 20 8 16 6 18 8 17 7 16 11 16 15 13 13 11 20 5 16 6 10 15 9 20 9 8 8 16 12 18 8 5 11 6 5 13 17 19 17 9 6 6 16 9 10 9 19 7 9 18 18 13 17 7 13 14 17 11 18 8 19 15 12 15 11 11 5 17 20 19 12 13 15 7 13 14 11 9 11 18 7 19 8 10 18 10 19 6 6 8 5 8 9 6 16 9 9 20 17 7 7 13 12 8 14 5 20 20 8 14 13 8 20 16 5 17 12 9 5 15 20 13 7 10 11 15 9 17 17 15 13 12 14 9 8 20 5 6 16 12 7 11 6 5 7 14 8 5 17 20 18 16 11 5 15 12 14 8 16 19 9 10 18 14 18 19 5 7 6 20 5 19 7 5 7 11 16 7 19 14 10 14 13 7 7 15 13 17 7 12 13 17 6 12 14 6 16 12 8 9 7 19 8 19 8 11 7 7 14 11 7 16 15 18 19 20 11 8 10 17 16 9 5 19 14 11 11 20 19 15 12 10 16 16 13 20 16 9 14 7 16 11 11 20 19 16 7 20 8 7 5 14 19 8 11 5 8 17 14 5 14 16 16 18 17 17 17 13 8 14 19 9 5 9 10 18 16 8 7 7 15 11 15 15 20 17 14 20 5 5 19 15 18 15 11 19 16 10 5 11 8 16 14 7 10 18 18 18 0 15 14 11 19 13 16 20 17 10 17 8 9 5 20 9 8 12 11 17 7 13 17 17 9 16 12 12 9 15 11 15 7 10 5 18 12 5 14 17 14 15 19 11 8 10 14 7 7 6 10 6 5 12 8 16 16 6 20 13
7 12 17 19 7 16 8 9 7 14 13 15 10 18 18 6 14 13 11 5 19 5 8 16 16 20 16 7 6 7 10 16 16 20 9 13 17 9 19 5 14 12 5 17 9 8 18 11 6 5 8 9 19 20 14 13 5 20 9 5 19 15 9 10 15 17 16 15 16 16 11 18 20 9 19 13 8 18 19 15 9 16 19 6 5 16 5 15 9 7 20 18 16 12 14 11 19 17 6 8 10 16 10 9 19 7 16 19 9 10 16 16 11 14 11 8 5 13 12 15 15 14 11 18 9 16 5 8 6 15 14 14 15 9 17 12 9 15 15 20 20 18 10 7 11 7 13 20 9 18 12 6 17 5 17 7 14 14 11 13 14 11 9 6 17 16 13 7 8 10 15 12 10 10 17 14 11 13 10 13 14 12 18 6 18 20 17 15 6 16 19 17 6 6 5 5 11 7 5 13 6 10 8 13 12 16 14 9 20 18 14 9 19 7 9 15 15 11 14 7 6 12 16 11 16 11 7 17 15 8 17 6 8 19 16 17 14 5 5 11 19 8 5 10 12 16 13 6 16 7 13 9 11 6 10 20 9 8 8 8 13 17 7 17 14 14 6 7 11 12 17 17 5 6 12 19 7 18 9 17 18 16 11 15 11 11 10 5 8 19 18 5 9 13 10 14 13 5 19 17 6 13 16 14 15 12 14 9 10 8 13 5 20 14 11 11 8 17 9 15 14 15 10 12 14 20 16 6 6 7 10 15 15 13 15 8 19 16 6 11 12 0 7 10 5 10 17 5 20 9 10 7 8 16 16 15 6 7 5 19 7 11 17 19 19 12 6 15 12 17 20 14 17 5 7 17 15 17 13 12 9 18 17 15 8 5 17 13 20 17 12 18 19 9 11 19 16 19 12 20
18 16 19 5 8 15 19 9 7 16 12 9 18 19 13 8 10 20 9 17 11 6 5 10 15 12 18 7 16 14 13 17 9 7 13 12 11 19 20 17 10 5 13 17 9 6 18 14 5 9 11 19 13 20 18 6 6 15 12 20 8 9 12 7 5 17 20 15 7 6 6 6 19 18 7 20 18 6 14 11 17 5 20 16 13 16 6 18 7 16 9 9 15 9 10 14 20 12 18 11 14 7 12 5 19 6 13 6 15 17 20 9 7 9 6 15 9 20 9 16 16 7 9 20 14 17 14 15 19 11 17 10 15 5 20 13 7 8 7 13 20 12 7 5 15 18 15 7 10 10 14 11 11 20 16 6 13 5 15 20 13 9 5 6 20 11 9 11 16 8 14 6 9 6 13 5 12 6 15 18 11 5 10 20 5 10 8 8 15 9 8 12 16 11 18 13 9 10 9 13 8 18 19 19 19 14 19 14 12 13 16 16 14 10 17 19 7 16 5 11 13 5 11 13 13 18 14 10 10 7 10 20 11 8 20 10 12 19 15 19 9 6 19 5 8 16 14 15 14 12 13 19 8 12 10 14 19 14 19 20 17 13 14 7 18 20 15 9 17 12 9 6 6 11 14 17 8 12 8 11 17 19 15 9 13 13 11 10 7 7 8 6 12 8 11 19 16 5 9 20 8 17 11 7 20 11 6 13 17 8 13 8 10 17 9 6 13 20 15 15 6 11 11 8 12 10 6 19 17 6 9 7 18 14 13 20 14 7 14 10 5 10 0 9 10 14 20 19 9 5 12 6 19 9 15 18 10 12 11 13 14 18 6 16 5 12 20 13 9 18 8 14 5 11 11 14 13 8 6 17 19 7 9 8 17 15 20 18 5 20 11 11 17 15 8 8 18 7 13 8
19 20 19 13 13 12 5 8 13 7 14 18 15 11 17 10 13 15 14 10 7 20 16 12 20 17 20 11 8 20 17 10 14 15 7 8 5 16 10 6 16 6 17 13 17 6 18 13 5 12 5 7 17 5 12 13 7 20 8 18 7 13 5 9 15 14 13 11 5 13 13 14 9 19 7 19 15 9 11 9 6 9 7 7 5 14 16 20 18 16 20 20 6 14 14 18 17 15 5 9 15 15 5 8 8 6 9 10 12 16 13 15 14 10 13 18 7 10 13 16 17 5 12 13 7 18 10 5 11 7 12 7 19 20 16 15 8 19 14 14 8 10 15 7 9 10 20 14 16 16 20 7 9 19 11 6 18 10 6 16 5 6 14 9 20 20 11 20 16 8 12 19 15 13 11 6 19 12 16 9 7 17 7 8 19 18 14 15 20 6 6 14 14 7 6 18 19 8 11 11 14 8 13 16 15 17 15 5 15 19 10 13 10 9 10 12 16 8 10 6 9 12 12 5 11 17 16 12 19 5 19 5 11 8 13 18 7 18 6 7 17 18 7 12 14 9 20 15 13 6 8 5 13 5 19 10 5 14 12 15 11 12 5 8 10 18 8 16 15 7 9 14 15 9 14 20 12 17 9 11 7 5 17 14 19 11 7 14 14 17 12 14 16 16 13 12 13 5 14 12 8 18 8 10 15 15 18 8 16 17 5 9 17 10 16 6 14 5 10 12 5 7 14 12 12 16 14 9 9 9 16 11 15 17 8 6 7 19 7 15 18 7 10 0 6 16 18 17 11 7 20 8 8 17 12 8 20 13 6 14 12 5 13 15 10 5 14 15 9 7 19 9 14 19 17 13 6 9 15 11 19 6 10 14 5 7 5 17 17 14 6 5 12 11 11 10 19 17 7 5
12 15 16 9 13 15 8 12 13 10 9 18 9 10 16 20 8 8 15 14 14 16 19 9 15 5 14 15 5 7 6 14 12 16 6 10 5 10 17 15 18 10 6 6 13 8 18 17 18 12 8 7 20 14 18 18 14 13 8 11 17 19 18 12 10 10 13 9 18 12 17 7 9 15 17 19 10 8 12 20 7 16 18 5 12 7 12 8 19 10 18 13 8 5 10 17 16 17 16 13 14 18 8 9 16 6 13 16 19 6 14 15 12 16 12 13 15 15 12 20 19 19 12 9 14 18 19 20 8 11 6 6 16 20 19 5 20 5 6 13 8 15 19 7 15 20 5 19 19 8 20 6 12 16 16 5 18 5 8 13 20 12 6 12 17 5 9 8 15 5 13 8 5 12 7 8 19 12 13 19 8 5 15 16 19 10 10 16 7 17 6 13 18 11 10 17 12 18 17 12 14 18 6 12 13 16 12 20 8 11 11 13 10 17 5 16 20 10 10 7 19 16 6 10 16 8 6 5 18 8 5 15 11 5 8 7 7 9 19 18 9 17 9 11 7 19 13 14 5 8 8 9 11 18 19 13 10 11 8 10 16 20 20 15 17 8 11 20 6 16 9 18 18 13 9 7 14 20 7 20 7 15 15 16 15 8 6 6 5 6 12 7 6 7 20 19 8 12 5 13 10 18 13 12 16 17 19 18 11 18 17 20 9 8 13 16 17 18 18 5 5 20 6 16 17 11 11 12 13 7 14 16 14 19 20 8 11 13 9 17 11 5 20 13 0 13 16 7 17 17 18 18 10 13 13 20 13 8 20 14 11 14 18 15 6 9 16 6 5 11 17 12 15 5 8 5 7 12 19 15 15 19 16 18 15 15 19 13 9 6 7 13 5 16 19 9 14 12 14 8
11 8 15 11 15 7 14 7 17 12 7 18 20 18 18 17 15 16 17 13 20 9 14 8 5 9 10 14 18 9 13 9 11 16 13 18 19 20 9 13 14 5 18 19 7 10 11 18 20 16 17 15 6 9 8 19 13 13 5 19 10 18 16 7 16 11 15 8 16 8 13 17 18 15 18 18 16 13 10 14 19 14 18 8 20 19 19 20 17 13 15 11 20 12 12 15 17 6 15 7 18 18 12 8 14 19 5 7 6 11 19 11 14 9 9 11 7 7 17 16 18 5 18 14 13 5 7 10 20 10 20 16 19 9 13 20 13 11 16 17 13 8 8 10 11 8 20 7 5 11 17 12 7 8 5 7 5 10 10 6 20 14 5 10 11 15 14 15 5 10 11 19 13 12 19 20 19 7 13 10 7 20 18 20 7 13 16 20 15 10 14 10 9 15 12 14 16 9 8 17 16 20 14 18 6 15 20 7 10 11 9 5 18 20 17 18 9 12 9 10 5 6 10 10 10 18 9 14 8 17 10 17 17 10 15 16 8 19 20 14 14 6 12 10 11 8 7 19 13 17 19 19 12 18 5 8 14 15 10 10 6 5 13 19 18 7 14 9 14 17 10 11 18 7 9 20 10 6 13 16 5 15 13 10 5 16 17 12 19 16 19 19 9 7 12 18 7 5 16 18 16 13 17 16 17 19 17 9 12 11 6 17 10 6 12 5 6 14 18 17 18 11 15 16 5 19 17 16 8 19 7 19 18 7 9 19 10 10 17 16 17 5 9 14 13 0 5 6 9 12 12 11 5 7 16 15 16 20 7 17 15 11 7 12 16 10 8 7 12 8 20 13 8 9 15 16 18 5 15 12 9 10 10 14 11 12 9 6 14 9 16 13 7 13 16 6 15 13 19 9
6 18 6 20 12 17 6 14 20 6 6 20 6 17 6 17 15 18 16 11 11 19 15 13 19 17 14 15 14 17 6 17 7 18 5 15 20 13 7 6 19 9 6 8 9 16 12 17 11 15 10 11 7 9 20 10 19 6 13 13 7 16 10 7 12 5 11 12 5 20 14 6 14 12 13 7 19 10 16 8 18 19 16 8 15 16 8 7 10 7 8 5 18 9 11 10 19 12 5 8 8 19 20 16 12 14 7 8 17 20 12 9 18 9 7 9 5 19 8 13 12 13 11 9 9 12 7 5 11 19 8 17 16 9 13 18 7 10 20 14 20 11 16 10 18 6 11 20 15 9 7 17 11 18 16 20 17 19 10 9 14 16 17 8 15 14 5 13 8 16 5 10 17 11 14 18 18 14 20 20 20 13 14 11 10 19 14 15 19 6 15 15 18 12 20 12 19 20 11 9 9 14 10 6 20 7 11 11 20 13 11 8 5 8 14 20 17 20 5 10 16 18 7 15 17 19 20 14 5 18 11 14 19 17 5 11 15 13 15 9 13 7 8 13 11 17 6 15 17 18 6 14 7 15 15 13 12 18 7 10 19 9 6 19 6 6 16 17 18 10 20 20 20 6 19 12 8 7 11 12 19 5 7 18 11 18 8 15 9 20 5 5 9 17 5 17 19 16 7 16 16 19 14 7 17 16 13 10 13 13 14 20 7 19 11 7 12 7 6 16 8 17 14 12 11 12 17 13 5 13 8 10 10 11 9 8 7 15 5 14 9 17 5 20 6 5 0 12 9 8 16 19 19 12 9 12 6 10 19 16 20 8 13 18 16 6 9 9 10 20 7 5 7 6 15 19 10 10 17 5 8 20 7 12 10 16 7 5 17 18 15 9 10 15 10 12 17 9 11 9
6 10 14 5 19 10 15 5 11 14 19 9 18 8 18 19 20 9 15 11 14 17 14 17 15 17 15 19 11 19 16 17 5 7 8 17 10 9 16 19 7 20 13 19 10 15 11 10 19 17 13 16 15 7 14 5 19 14 16 6 5 5 6 10 6 19 10 17 8 14 20 15 6 18 13 20 10 19 15 20 13 16 11 8 10 15 5 12 16 10 7 7 5 16 15 9 11 9 20 19 13 9 12 15 8 8 20 17 17 5 10 9 20 11 12 10 13 9 13 11 7 15 19 16 6 6 8 15 12 13 18 6 18 10 12 11 12 16 7 14 5 5 16 15 10 18 17 15 8 20 13 20 18 5 15 18 12 17 15 15 7 17 19 17 10 14 8 6 11 18 8 9 15 13 8 12 12 6 12 12 5 5 10 17 16 16 12 18 13 13 9 9 18 8 17 10 9 7 5 15 16 18 7 19 8 15 10 13 17 9 16 6 14 10 15 10 17 15 17 17 11 13 12 9 8 5 11 7 12 13 16 5 6 17 6 7 18 12 9 14 19 12 5 15 5 20 5 11 20 18 12 15 18 19 7 15 8 17 14 5 13 5 14 11 6 15 5 20 6 11 6 14 19 8 11 19 14 15 14 10 17 9 14 12 16 14 14 19 11 12 12 17 13 5 17 9 14 9 14 18 17 19 17 11 13 15 16 6 18 11 11 9 18 16 16 8 8 13 10 8 15 16 8 6 20 10 12 8 11 5 5 18 17 7 5 8 6 13 20 8 14 15 12 9 20 14 11 0 20 8 10 8 5 7 5 6 19 6 7 7 14 16 13 17 13 20 5 7 12 15 11 12 10 12 10 19 15 20 9 8 11 19 20 16 5 9 11 17 7 12 10 6 12 19 14 7 10 7 15 18
8 15 8 9 10 6 9 20 5 9 11 15 8 6 14 10 7 19 8 13 6 7 9 11 20 14 17 11 19 7 20 16 14 17 20 19 8 14 6 11 11 10 17 8 20 14 10 9 10 14 17 20 7 11 7 12 20 13 16 17 6 15 15 9 11 8 15 16 7 8 5 18 11 11 10 19 11 11 14 8 13 6 7 18 6 6 12 13 12 13 10 10 13 19 12 14 11 7 14 6 14 5 9 13 10 16 15 14 11 9 10 14 17 7 17 19 7 20 17 14 9 19 13 5 19 10 16 20 7 15 17 5 6 5 16 10 15 9 18 12 5 18 19 8 12 13 8 10 6 5 16 11 16 10 16 14 20 17 6 5 14 17 18 8 18 20 18 8 17 8 16 9 5 16 7 15 12 12 5 15 7 14 10 13 8 14 15 17 7 9 8 9 12 20 12 9 6 14 10 5 5 15 15 13 12 15 13 16 14 7 16 16 10 6 20 20 13 20 16 12 18 19 14 17 16 15 8 14 15 20 18 13 8 11 16 19 8 11 11 8 14 17 9 15 12 19 11 13 7 6 15 7 10 15 13 17 9 12 17 18 8 17 16 15 13 5 5 14 14 10 15 14 8 7 11 6 5 15 5 19 19 12 19 11 7 17 12 20 6 19 18 11 15 6 10 12 7 8 8 16 12 6 16 6 19 9 17 13 15 11 5 20 5 16 18 5 6 5 8 12 9 5 5 14 12 7 13 16 6 19 18 20 17 18 14 6 10 8 10 8 15 15 10 18 12 6 7 8 0 20 5 7 20 15 8 6 7 6 18 10 7 7 13 12 5 9 14 15 20 8 12 18 10 12 10 5 14 15 5 13 15 10 8 14 11 13 17 18 18 5 18 13 5 13 6 14 5 6 6 7
17 6 7 13 9 20 7 19 11 16 5 17 12 19 19 18 7 7 16 7 7 18 12 8 9 15 12 18 17 6 8 5 7 5 13 16 14 20 13 16 9 20 19 6 20 7 10 5 7 15 19 20 8 12 13 5 10 7 11 16 11 14 5 16 5 19 17 6 19 7 18 18 5 14 11 19 17 12 15 8 12 7 5 6 20 20 14 18 11 6 8 15 9 16 5 20 7 7 10 13 19 15 6 16 15 7 11 8 11 15 20 17 14 20 18 13 15 20 10 5 16 14 15 14 6 8 11 15 8 10 10 19 12 19 14 11 17 16 20 14 16 16 17 13 9 11 20 8 5 14 8 13 9 7 18 20 9 8 9 19 6 11 6 10 12 18 9 9 11 14 15 18 14 8 10 11 12 16 13 19 8 14 18 17 9 5 19 15 6 7 9 5 15 16 10 9 13 18 14 20 11 11 14 11 14 19 12 16 8 9 5 20 5 18 19 13 6 8 12 17 20 10 15 9 14 16 16 9 5 10 20 7 18 18 11 8 7 16 16 8 9 7 17 16 17 20 16 15 15 12 10 12 6 16 7 20 16 5 11 16 17 5 15 6 16 18 15 6 17 5 11 7 16 16 11 8 19 16 20 7 19 5 12 6 5 13 13 18 6 6 11 18 6 15 13 14 12 7 19 15 16 7 11 16 16 19 18 7 11 18 9 9 9 10 7 19 6 7 18 12 14 16 18 7 17 20 20 9 17 10 18 5 13 20 18 5 15 8 11 7 12 16 9 16 9 13 13 11 18 0 9 6 13 14 7 18 19 15 16 14 19 19 15 14 8 8 17 19 10 9 11 6 10 20 14 11 8 19 13 13 8 18 20 8 15 13 13 16 8 14 12 19 18 6 20 13 6 19 15 5
13 9 20 13 16 17 20 5 19 14 18 14 15 19 15 11 19 8 14 17 18 6 6 8 20 15 8 20 17 7 11 16 19 10 17 14 19 13 6 17 19 7 20 10 17 19 19 8 5 9 17 7 6 11 13 9 19 5 12 13 19 15 12 18 15 7 9 9 10 10 7 20 8 19 19 8 18 8 10 13 18 20 9 15 12 16 16 13 5 7 11 10 11 7 5 20 8 8 15 12 9 20 13 10 7 13 7 19 9 6 7 17 6 11 5 11 15 6 5 18 9 17 11 9 12 5 9 12 5 15 9 20 12 15 5 14 13 13 7 8 5 13 19 7 14 12 5 11 11 16 5 16 12 8 11 15 20 7 19 6 9 10 7 9 7 8 10 16 16 5 9 17 9 19 14 19 14 16 11 12 19 12 14 16 6 17 8 16 10 10 17 15 12 15 6 18 13 11 7 5 16 20 13 17 6 12 5 10 8 5 5 14 7 12 16 17 10 8 9 11 5 12 20 13 6 17 8 18 11 10 8 12 17 13 18 11 12 10 19 12 7 18 6 9 7 13 5 12 11 9 19 16 16 19 7 16 9 6 7 18 18 19 11 7 14 6 7 16 6 12 13 7 20 15 10 16 8 6 18 7 12 8 10 9 18 11 14 14 15 8 11 12 10 12 12 13 14 16 17 12 7 5 10 13 5 8 7 10 18 14 6 19 11 16 8 16 13 5 13 9 18 16 11 16 11 16 5 19 6 6 15 20 19 10 12 12 15 10 6 14 12 15 14 17 18 6 9 17 11 8 0 16 18 13 6 7 16 5 14 16 11 5 11 15 8 13 14 15 6 11 15 9 13 9 7 16 13 15 14 8 7 7 19 6 10 10 6 15 15 15 17 11 5 16 18 11 11 15 12 12
11 5 19 7 18 7 9 18 14 15 11 15 5 19 7 15 6 6 12 15 9 15 16 12 14 16 16 12 5 18 14 18 12 20 14 12 14 16 7 12 11 18 5 16 16 5 11 14 13 18 6 16 19 11 19 11 14 18 17 15 19 12 15 11 5 8 7 5 13 17 5 14 7 12 7 15 14 20 14 11 12 20 6 6 19 15 10 20 17 9 18 14 17 6 8 9 7 6 13 19 10 11 6 12 19 8 8 13 11 12 10 19 13 13 13 18 11 14 11 11 6 8 17 8 5 13 7 13 13 17 9 19 8 15 10 8 8 13 11 13 9 6 10 20 8 16 11 17 16 20 12 16 12 17 9 8 12 11 14 9 12 16 15 7 20 10 17 16 13 10 6 18 17 8 14 11 10 12 15 10 11 9 13 10 19 19 14 13 8 7 7 17 8 17 10 9 12 11 13 17 19 11 7 6 18 12 6 6 6 11 17 12 13 12 18 8 15 18 13 13 14 9 6 5 15 11 14 12 18 7 6 18 20 17 12 15 16 7 10 19 12 10 16 20 7 19 20 12 17 9 6 7 5 7 16 11 16 16 7 11 11 12 11 18 19 5 17 11 12 7 7 18 16 6 9 7 11 8 7 19 11 6 8 10 6 10 16 6 19 18 11 15 13 12 6 14 5 18 17 19 11 14 20 15 13 12 19 7 15 8 20 17 18 10 16 14 17 7 5 6 18 20 14 16 9 11 16 18 8 8 16 17 12 5 14 17 12 8 19 9 13 10 13 13 6 5 7 9 11 20 8 0 7 10 17 13 19 16 14 11 13 19 20 17 13 10 18 11 20 11 8 12 5 9 14 8 7 9 18 7 11 10 14 9 10 11 6 20 9 10 10 18 11 19 5 20 18 20 6 10
7 18 15 7 15 5 6 9 11 6 6 8 6 5 5 6 9 9 15 18 7 13 13 16 18 15 9 18 20 13 8 10 17 10 16 17 15 12 19 17 8 11 16 16 9 10 13 9 17 7 19 14 15 10 14 19 20 20 19 13 20 17 17 19 13 15 14 9 20 14 16 16 10 10 19 19 15 5 10 7 5 12 8 11 16 7 14 5 5 18 9 5 18 12 20 10 20 6 5 6 17 15 17 15 18 14 17 11 18 8 15 6 12 15 17 13 6 8 6 17 6 14 13 12 15 9 15 8 5 13 17 13 8 14 8 16 18 6 9 13 9 7 18 20 20 10 14 18 17 16 15 15 19 9 10 18 9 13 17 13 19 10 19 12 6 19 8 17 16 9 12 8 7 12 15 6 20 9 16 8 13 8 17 19 17 10 15 14 5 9 12 6 16 19 10 16 16 7 15 7 5 7 10 20 5 6 14 19 14 17 9 16 11 18 17 9 14 11 17 16 8 8 5 6 8 10 11 8 6 15 7 11 7 11 10 7 20 20 9 6 11 20 19 17 14 19 10 5 19 7 7 7 6 7 18 12 17 15 12 16 15 13 19 5 6 5 5 7 13 5 5 14 12 20 16 5 13 17 13 18 18 20 9 13 8 19 19 13 10 5 15 8 12 10 16 12 14 18 17 12 15 7 14 18 11 19 7 12 18 5 6 10 15 17 7 6 17 7 5 20 7 20 8 11 13 7 13 18 11 8 17 18 18 20 12 14 9 9 17 11 12 20 14 17 19 19 14 12 20 11 13 13 0 9 11 9 12 17 18 13 13 9 12 6 5 17 6 7 12 6 18 17 20 7 12 11 18 7 8 17 15 12 7 8 7 13 16 7 15 14 6 6 9 9 19 9 6 19 12 14
18 6 7 12 13 12 13 11 12 6 18 6 18 19 6 12 20 20 10 11 7 7 10 18 6 17 16 19 19 9 17 20 10 15 5 15 16 11 5 13 18 17 8 8 11 11 7 20 16 18 14 9 20 15 5 8 16 5 5 8 14 15 9 15 20 15 8 7 16 7 7 17 14 13 19 6 8 12 12 17 14 13 15 18 5 7 9 13 6 17 20 7 15 19 9 14 20 7 9 8 11 8 15 8 18 14 12 15 7 7 8 17 17 8 9 19 17 13 17 11 7 12 5 16 5 9 10 8 12 12 18 17 19 7 16 6 7 17 7 8 8 8 9 14 15 12 7 7 8 18 11 11 15 18 9 19 7 12 14 11 9 8 12 20 6 20 15 13 9 18 5 12 7 11 20 8 15 10 5 13 15 5 19 8 20 6 13 11 10 16 10 18 5 10 9 11 16 18 18 9 10 18 17 14 11 11 17 5 18 5 7 9 9 19 16 7 6 17 18 17 14 11 10 11 8 10 8 12 9 5 10 6 16 7 16 5 18 19 20 20 12 8 10 9 16 6 5 18 14 16 13 13 19 13 18 19 13 14 14 14 18 8 18 6 11 9 5 17 9 13 18 7 11 7 9 19 19 19 6 9 9 8 10 18 10 10 14 18 5 11 10 12 12 19 18 17 14 7 11 14 11 17 8 6 14 18 15 11 11 20 7 12 17 7 15 5 18 14 10 6 11 6 9 16 15 9 16 6 10 15 12 18 9 17 12 15 20 19 16 8 19 17 7 9 9 18 11 18 12 11 16 8 20 0 7 6 5 18 20 16 17 15 9 15 17 13 10 17 12 13 17 19 11 6 18 10 19 7 9 16 17 8 14 17 8 13 18 18 9 5 19 13 11 12 14 5 12 13 7 5
10 7 20 13 12 5 8 16 13 19 6 9 5 16 16 10 12 18 6 15 19 16 10 6 10 19 7 7 8 7 8 17 12 7 6 19 12 10 17 19 14 7 19 7 11 6 13 10 12 14 11 12 7 15 20 20 19 8 7 10 16 10 8 8 9 15 15 6 14 12 14 16 16 18 13 7 16 9 14 6 16 16 20 13 12 14 10 7 5 13 17 16 9 17 13 10 16 18 14 16 5 15 15 13 13 15 8 10 20 20 19 19 6 6 9 16 8 8 17 13 14 8 11 19 7 18 13 5 17 6 14 20 7 9 10 9 17 8 16 6 7 16 7 8 8 8 18 13 18 8 8 7 9 7 13 18 19 10 10 12 15 9 17 16 7 9 11 17 9 12 20 8 15 7 16 20 16 14 12 11 18 19 12 20 15 14 16 11 15 9 9 12 19 12 20 7 20 9 19 18 14 17 10 16 12 13 13 7 16 9 18 15 8 15 14 5 11 12 20 6 6 15 15 6 8 20 13 18 16 14 8 15 9 5 18 7 20 12 8 8 20 17 20 13 18 15 17 18 17 5 13 11 15 7 18 20 13 8 9 13 16 7 11 9 16 18 8 14 16 9 17 15 15 19 12 6 11 11 7 20 17 6 20 6 10 14 19 12 13 18 19 5 7 15 19 11 10 15 11 20 20 19 12 19 14 18 6 16 10 17 17 12 6 15 9 15 5 9 9 8 15 18 6 9 8 16 15 10 7 8 15 10 16 16 19 15 8 10 14 8 10 14 12 17 16 17 8 17 5 5 12 5 16 14 0 15 10 17 20 11 19 7 5 14 13 12 12 17 10 10 11 6 9 15 20 17 17 10 14 14 13 16 9 13 17 10 5 8 18 14 10 19 17 15 13 11 16 12 14 15
5 17 7 6 11 19 11 18 20 11 5 10 11 16 13 18 10 8 5 17 20 8 10 8 16 12 9 9 11 12 16 12 10 20 8 18 5 16 20 16 17 14 15 13 16 13 16 19 10 11 18 16 10 13 19 5 19 19 13 10 9 13 5 10 9 18 16 15 16 8 19 6 13 15 7 18 7 11 12 18 12 9 10 6 13 7 18 15 11 18 20 15 6 20 19 6 5 8 10 14 8 19 8 13 15 13 8 16 16 13 12 5 13 19 6 5 15 11 17 18 16 18 8 8 7 6 8 17 12 17 14 18 8 10 13 7 19 7 16 5 15 10 13 5 19 10 8 8 15 18 18 5 18 14 11 16 15 13 20 7 6 11 6 10 17 12 5 9 18 16 9 20 12 6 8 20 12 7 18 17 7 11 19 10 15 6 5 5 17 11 7 7 20 15 14 15 13 13 15 16 13 10 9 19 16 13 16 18 8 5 18 12 5 9 9 13 6 10 17 19 14 15 13 19 5 14 11 20 5 8 15 16 18 11 20 15 11 12 19 15 7 8 14 12 18 11 14 13 20 18 18 9 11 16 7 19 16 8 17 17 14 15 20 7 5 11 13 6 18 16 10 20 5 19 8 12 11 10 20 6 20 5 18 9 18 18 19 5 20 10 9 12 11 15 8 20 13 11 16 6 19 16 15 7 18 9 5 9 18 10 18 14 16 17 13 15 5 8 16 9 11 7 14 12 13 12 16 7 11 5 7 19 15 9 8 6 15 5 19 17 16 7 19 8 14 12 12 16 13 5 10 8 20 13 17 0 8 7 10 10 13 10 15 11 15 13 7 13 8 15 19 10 18 17 7 14 12 10 12 15 8 6 9 11 12 7 19 14 9 14 10 13 19 8 15 11 13 11 12 13
8 5 17 13 15 18 20 15 7 17 15 17 5 14 18 5 15 5 18 18 11 5 11 20 5 14 19 7 8 8 16 8 13 19 18 12 6 12 9 9 15 20 14 20 7 14 11 13 19 7 11 15 18 18 10 16 5 18 6 7 8 8 14 15 8 6 7 13 8 8 15 6 8 9 12 13 7 13 13 15 9 12 6 5 12 17 15 18 11 12 7 19 17 13 7 19 9 6 19 15 5 9 19 16 5 19 16 15 8 17 12 12 9 9 5 12 14 8 12 17 15 8 9 5 7 6 17 20 9 6 12 5 16 17 16 15 10 17 15 12 10 10 17 11 11 8 12 19 18 6 6 8 15 13 7 11 5 8 6 11 18 13 5 18 19 16 19 10 10 11 9 12 12 6 14 19 13 5 18 12 19 7 8 20 20 17 16 20 14 10 18 7 7 17 5 14 11 6 8 8 13 19 16 9 14 13 19 17 6 14 13 14 8 20 16 9 18 17 19 20 13 8 16 16 6 7 12 5 6 10 9 7 19 7 10 8 9 8 6 12 18 6 6 12 15 14 11 6 13 6 20 19 13 18 11 15 16 8 15 9 13 17 19 17 11 9 11 7 18 19 19 7 8 19 13 6 5 9 9 15 16 12 15 5 10 15 14 17 11 10 18 7 8 8 10 11 7 19 5 13 11 18 16 12 12 8 5 9 11 9 14 16 6 8 18 7 9 9 11 5 20 16 13 11 7 15 16 13 6 14 18 17 7 9 6 17 16 14 20 7 19 10 18 10 9 18 9 15 8 18 16 13 18 8 13 11 0 15 9 6 6 18 9 5 16 15 7 9 14 15 16 13 10 5 7 19 5 13 14 18 18 6 5 14 17 9 18 5 6 11 8 16 12 11 5 15 11 5 5 14
19 14 10 5 16 18 12 8 14 7 5 17 11 6 5 7 5 11 13 20 19 13 14 11 16 17 13 17 8 16 14 20 14 13 14 13 9 19 12 17 6 16 18 15 16 5 16 11 12 8 20 19 19 7 20 6 9 17 6 15 14 18 10 7 19 20 9 8 13 14 15 5 17 20 13 17 18 12 10 17 5 18 15 12 13 7 9 5 6 5 14 5 17 10 15 14 7 9 8 12 20 19 14 12 6 17 9 14 6 11 13 10 15 15 9 18 16 6 19 6 11 15 7 9 18 12 17 18 10 19 17 9 20 14 13 19 18 8 19 9 14 12 6 10 15 16 20 6 5 13 7 17 7 9 14 9 5 12 18 20 10 18 12 10 9 6 6 17 15 9 15 17 20 17 18 5 8 17 7 19 12 15 12 9 12 11 9 12 15 7 11 18 11 10 17 18 7 11 18 6 14 8 12 6 19 14 10 19 14 19 18 20 10 14 18 20 9 18 19 8 18 11 12 10 11 18 20 8 9 11 8 20 7 20 18 5 18 18 16 11 9 9 6 8 8 12 7 12 12 10 11 15 15 8 17 10 16 5 6 17 10 8 17 7 9 13 7 6 16 16 15 6 12 5 16 7 9 13 20 6 20 12 18 19 9 6 15 15 18 5 8 8 5 8 20 20 14 17 16 6 12 10 9 15 7 10 19 14 14 11 20 12 11 20 15 17 16 14 15 10 17 12 16 14 18 12 10 13 15 14 11 11 14 20 5 6 15 15 18 18 7 13 5 17 15 11 14 9 17 12 7 13 17 20 6 15 19 0 11 14 10 6 7 6 13 12 17 9 11 18 8 7 11 5 8 7 7 12 12 8 14 9 11 19 8 7 5 18 9 19 13 20 10 11 6 12 5 20 14 10
13 12 18 11 14 16 14 9 16 14 13 15 14 19 17 17 19 12 7 7 18 5 19 14 7 10 6 17 20 7 17 19 7 11 10 15 19 16 17 14 15 15 16 13 19 6 18 5 18 19 8 18 16 20 18 20 6 20 5 15 18 16 6 18 18 5 10 17 5 16 13 7 12 10 9 11 13 14 16 13 20 15 19 7 13 20 10 17 10 14 9 9 17 19 19 12 12 8 6 20 16 8 8 7 11 17 11 15 5 16 12 9 15 13 16 19 15 7 16 10 7 20 7 9 19 15 12 19 12 5 13 10 20 10 19 14 19 17 11 10 17 10 6 12 11 8 7 16 19 6 13 5 11 8 12 13 19 20 15 17 17 10 9 15 18 16 13 20 13 16 8 7 20 16 18 9 16 19 5 17 17 19 11 16 19 9 11 5 14 16 11 9 18 6 18 15 20 10 9 6 17 10 5 16 16 20 18 19 18 5 14 20 18 11 11 18 14 20 19 16 9 17 14 13 10 5 8 6 14 20 18 17 7 15 19 10 6 14 17 20 15 5 18 5 10 9 18 16 9 17 16 11 20 19 11 9 17 6 17 18 8 18 20 11 5 16 13 6 18 19 5 15 6 10 18 10 6 20 16 18 5 14 5 8 14 11 13 5 14 17 5 17 14 12 11 16 9 12 15 19 10 8 10 12 9 13 6 9 9 7 18 10 12 18 16 16 6 18 12 18 8 6 13 7 15 15 6 16 20 9 13 6 12 9 18 8 11 15 7 12 12 5 11 20 15 8 11 15 20 17 13 11 18 8 8 8 6 13 0 10 11 10 15 15 16 16 13 20 8 6 5 16 10 10 16 6 6 12 5 12 15 13 13 18 19 11 14 14 16 5 15 19 13 12 16 18 8 5 13 14
8 12 17 14 19 7 6 17 11 13 15 8 11 6 9 7 20 7 10 19 12 7 5 12 7 5 7 8 9 17 15 6 18 9 14 15 7 7 14 9 16 16 7 5 17 14 14 13 17 17 10 15 5 12 13 6 5 11 6 7 19 15 13 16 13 16 10 12 19 14 17 8 14 16 6 16 7 8 16 13 9 9 14 10 13 5 9 10 13 19 8 7 20 12 16 11 14 8 18 15 7 8 9 12 6 6 14 19 18 15 6 16 9 14 19 8 18 16 6 5 10 16 14 17 10 12 9 7 16 15 20 7 7 20 7 12 8 13 9 19 10 8 18 20 19 19 6 13 11 15 5 5 11 8 13 15 8 7 20 17 8 6 11 20 10 12 6 14 8 8 5 14 9 17 10 9 18 12 18 13 20 15 14 9 16 16 17 15 12 18 20 20 8 10 7 9 14 15 6 13 20 20 18 6 15 5 19 8 19 19 11 15 13 7 14 15 9 8 15 9 5 19 7 20 8 17 12 15 16 18 18 7 6 5 5 19 13 15 17 13 11 17 20 9 5 6 7 5 9 15 11 9 13 13 17 20 19 7 18 19 10 17 17 13 9 10 9 13 15 9 14 17 11 14 17 5 16 8 20 11 17 19 5 13 12 12 10 19 14 7 15 14 7 13 18 16 6 10 8 6 13 14 7 16 14 20 17 8 10 10 6 11 6 19 5 14 12 19 12 8 19 16 16 9 11 7 10 11 13 18 18 10 17 19 7 9 15 19 11 14 13 11 13 19 5 8 15 11 8 6 17 14 11 17 12 11 6 12 11 0 9 10 5 9 16 5 7 18 7 19 11 12 5 14 18 16 14 7 15 6 20 17 9 8 8 16 16 10 17 8 18 7 20 7 6 7 18 5 13 15
10 17 20 14 5 18 10 13 5 15 20 10 18 10 13 14 19 17 12 16 6 15 10 7 5 7 9 18 9 16 17 17 17 10 14 7 8 5 14 16 20 15 16 18 5 16 5 5 5 9 14 13 12 17 14 20 20 20 18 8 19 18 18 15 18 18 16 13 9 14 16 11 10 8 12 12 14 15 18 15 8 8 20 13 9 12 17 18 13 9 11 5 13 8 18 8 10 10 14 12 20 6 16 11 14 13 6 15 17 7 11 11 20 18 13 11 11 8 16 20 8 19 9 7 16 16 20 14 6 5 6 19 9 19 5 7 9 13 19 16 20 16 13 17 9 20 11 8 6 19 10 13 13 10 18 16 7 18 17 10 16 5 7 11 5 18 13 16 9 12 5 10 13 20 7 17 13 20 13 14 6 9 7 20 7 6 15 5 6 17 11 12 6 19 19 8 10 17 20 11 13 10 19 13 16 16 11 5 20 9 12 5 13 12 8 18 15 16 17 7 7 6 11 6 18 15 8 13 17 16 19 9 17 5 9 11 9 16 14 7 10 17 17 6 5 18 11 10 20 16 18 10 7 8 14 13 9 15 18 12 18 19 9 15 18 6 10 13 18 15 20 10 20 5 15 11 9 10 16 13 6 18 14 15 15 20 20 20 17 14 20 9 8 7 14 7 11 13 14 5 19 14 5 16 14 20 19 18 8 9 20 8 15 8 16 18 8 16 20 12 17 20 7 12 5 9 20 19 13 9 8 20 19 15 18 8 14 7 12 14 15 6 19 6 7 11 10 15 17 11 10 8 17 11 19 17 18 14 18 6 0 10 10 11 14 17 14 10 5 16 18 16 11 6 7 20 19 16 19 9 16 11 6 5 16 13 12 13 18 19 20 19 19 7 13 17 7 18 8 11
8 8 18 12 18 6 16 19 10 7 18 8 18 5 13 16 10 18 7 11 7 5 9 13 15 16 6 10 15 7 13 12 10 9 15 12 8 10 15 16 10 13 8 16 5 10 20 6 13 7 20 7 8 18 18 16 15 16 7 12 10 12 11 14 5 20 17 18 15 6 14 17 19 5 10 18 16 16 8 12 20 14 13 15 12 5 18 15 16 9 9 13 20 15 12 8 17 17 20 9 15 16 9 18 18 6 6 8 19 16 11 11 18 9 12 11 7 5 6 17 19 7 13 18 12 19 12 8 17 9 11 8 12 10 9 19 5 19 14 13 20 13 6 11 5 12 12 15 9 19 11 8 5 11 11 16 5 15 15 9 18 10 5 10 18 6 8 14 17 8 15 15 14 9 6 15 7 20 7 14 17 12 9 6 5 8 9 20 5 5 8 11 10 8 17 9 8 15 8 19 17 14 14 16 16 9 11 8 11 10 5 10 12 20 8 15 20 12 10 9 16 13 5 9 12 14 20 14 15 11 5 13 17 13 9 11 7 16 18 9 11 17 12 10 9 5 15 17 15 17 5 16 6 17 5 15 13 5 8 13 7 6 14 19 19 11 16 5 13 8 18 11 19 11 19 6 14 7 9 10 8 14 15 7 17 7 9 18 15 18 15 18 9 5 11 12 16 19 12 20 12 14 12 12 18 8 19 14 15 13 13 5 10 19 10 10 16 6 8 11 7 19 17 13 17 19 15 11 15 17 10 7 20 14 7 11 17 18 6 11 16 7 14 14 12 17 19 20 16 8 5 13 5 5 7 10 17 16 9 8 20 0 17 18 17 17 17 13 11 11 20 20 7 9 7 11 10 9 12 9 14 8 16 15 20 6 18 18 6 5 7 15 6 8 12 5 20 16 14 19
16 14 15 8 11 20 10 17 7 20 7 19 17 11 13 7 20 10 15 9 5 14 17 13 8 13 18 12 19 9 18 18 5 15 11 13 5 5 7 17 6 5 10 12 19 7 9 18 13 16 6 10 14 18 18 10 7 10 11 16 19 14 15 15 6 20 18 12 20 5 17 5 12 19 15 12 17 7 16 8 16 7 9 16 9 6 17 11 13 15 7 11 20 16 14 6 10 15 15 9 7 11 6 15 7 7 17 7 9 13 11 19 6 7 16 18 13 20 11 9 18 17 19 12 11 8 10 9 5 5 19 19 10 9 16 20 17 13 16 14 15 12 19 11 7 8 11 19 18 11 17 13 14 5 19 8 6 19 11 16 6 6 15 9 10 6 15 12 19 20 5 8 18 20 16 14 20 5 10 20 11 19 15 19 18 20 10 15 6 10 20 9 10 16 6 8 8 17 11 10 14 7 5 14 10 17 5 9 18 13 9 19 20 6 18 9 20 20 9 19 18 18 8 9 6 15 20 10 5 11 17 17 6 8 12 12 13 9 7 12 14 19 11 16 9 7 20 16 16 9 6 7 9 15 5 8 10 10 16 18 6 15 12 7 12 18 5 20 8 7 11 8 9 12 19 7 16 13 9 7 5 12 17 13 20 9 14 16 14 17 16 18 11 8 19 13 11 8 5 15 16 5 12 17 19 14 8 7 13 10 10 9 13 18 5 11 11 11 14 14 20 9 19 18 16 13 19 15 13 19 15 17 9 19 20 6 8 6 9 5 10 18 6 13 17 5 19 16 9 19 12 17 18 5 16 19 19 12 11 8 14 12 0 6 15 6 20 11 9 11 13 9 17 14 5 8 17 9 16 18 20 11 9 15 12 9 20 19 15 10 7 20 7 8 10 8 10 14 18 8
16 7 6 19 5 17 11 8 13 16 8 9 8 10 7 6 11 9 6 16 7 7 17 17 16 5 10 14 19 17 17 9 13 6 8 16 8 6 20 9 13 5 5 12 13 16 15 15 12 8 5 8 12 12 8 7 6 9 19 5 12 12 8 7 10 14 13 19 18 15 14 18 16 12 15 12 20 17 12 9 19 16 16 19 9 9 15 14 7 7 19 19 16 16 12 6 18 20 16 5 7 8 16 15 10 12 16 7 20 14 17 17 15 18 15 6 13 6 14 16 11 13 13 14 9 6 13 7 16 11 6 15 8 18 17 17 14 14 5 17 11 6 13 16 5 18 15 17 6 16 5 15 13 5 10 9 15 9 10 6 14 15 6 20 8 13 10 11 9 20 18 8 14 20 11 15 8 10 16 20 17 8 11 5 8 9 19 10 11 10 6 11 8 15 6 10 20 6 14 8 7 18 6 15 17 13 14 14 18 14 7 15 10 20 19 20 7 15 15 10 8 12 17 12 9 15 14 15 13 18 11 17 12 12 18 19 5 14 20 14 19 18 9 5 18 12 18 8 15 6 11 19 6 8 8 18 6 16 20 13 17 7 17 9 7 12 6 14 16 7 12 10 14 11 12 10 12 20 14 12 20 7 5 10 9 20 7 8 10 5 19 20 12 17 9 19 5 18 16 5 9 5 10 20 20 15 19 5 18 11 19 17 8 9 5 6 16 19 19 5 10 6 20 8 18 19 8 8 11 18 12 16 16 5 10 15 14 8 9 10 16 15 7 13 10 10 10 19 20 18 19 18 9 6 7 16 11 6 17 8 18 16 16 0 16 11 13 20 16 17 18 20 13 10 20 16 12 12 9 18 9 7 18 15 17 11 18 7 14 5 20 15 14 14 5 14 15 11 14 6
9 10 15 6 6 13 17 11 16 11 20 19 20 10 7 5 15 10 8 5 13 11 10 7 6 13 13 5 7 12 13 9 19 14 13 19 10 12 12 12 14 18 7 17 17 8 18 7 9 8 6 16 18 18 9 8 9 18 9 11 11 12 14 15 18 17 8 9 11 17 10 17 9 10 12 12 20 19 10 15 17 12 5 17 18 18 11 16 14 20 19 7 16 5 12 13 14 10 9 13 19 12 18 14 12 16 6 20 19 20 14 14 20 19 11 15 20 20 11 14 9 10 9 18 20 8 16 8 11 16 20 14 6 13 20 5 14 9 8 18 6 13 11 17 8 19 7 20 11 14 5 15 20 6 15 6 5 15 20 8 13 6 20 12 20 19 9 19 17 11 10 12 13 18 9 5 12 7 15 16 16 6 10 17 10 17 18 19 9 19 12 19 19 5 17 5 20 14 8 18 14 18 7 14 20 17 7 17 16 5 5 17 7 19 17 10 9 5 11 19 16 7 10 7 13 5 13 14 5 16 19 13 12 10 18 20 20 17 13 5 17 15 20 5 15 9 17 13 12 13 9 19 10 16 10 10 14 17 20 11 13 13 17 17 8 13 15 13 6 20 16 9 6 9 6 12 13 12 7 15 8 19 8 18 17 16 7 17 7 15 13 20 6 10 16 17 16 8 19 14 19 16 16 5 10 16 19 5 12 10 10 16 19 13 13 6 13 19 20 18 5 5 20 17 7 15 20 19 11 13 5 6 17 12 7 17 18 15 18 7 19 13 15 19 19 12 10 14 12 6 7 8 10 14 5 16 6 16 10 20 8 10 18 6 0 10 10 13 7 15 5 18 16 7 17 16 7 11 9 15 5 19 7 14 12 19 9 15 19 12 10 13 9 12 19 8 14 19 13 15
19 13 12 15 19 17 6 20 6 9 10 7 19 5 19 16 19 13 18 19 7 10 20 14 18 13 16 15 11 8 5 18 8 8 20 9 12 18 9 14 17 20 5 15 19 9 13 13 19 19 19 7 16 20 5 6 14 6 20 14 20 17 15 20 17 15 11 6 6 18 17 8 11 17 12 19 15 9 9 7 7 12 20 13 9 19 13 13 13 15 13 5 16 5 8 8 7 19 18 14 10 10 6 11 7 7 13 18 6 7 11 10 12 11 18 10 17 13 15 6 10 18 5 8 19 12 13 12 16 15 12 11 7 6 15 14 9 19 11 20 10 9 15 18 19 20 20 18 8 19 18 8 5 8 16 18 10 18 19 12 9 6 17 12 12 14 11 20 13 16 8 9 19 10 20 8 12 13 10 9 19 16 6 16 6 12 19 18 5 8 13 18 18 12 17 14 14 17 8 6 20 11 11 12 7 15 19 9 13 18 13 10 12 18 16 8 12 7 8 7 16 6 17 15 9 19 19 12 15 6 14 13 13 5 5 8 20 6 20 15 19 5 17 14 9 6 7 9 6 8 19 6 11 7 20 16 11 19 20 6 13 10 19 13 16 20 14 12 7 5 15 11 19 15 14 9 17 15 14 15 7 9 12 5 15 11 17 16 5 20 9 15 14 12 9 11 17 8 7 7 12 13 9 6 12 7 20 5 5 16 17 6 15 18 16 7 15 18 17 10 15 9 13 9 15 20 7 20 5 10 5 20 6 15 5 6 17 15 11 20 17 18 10 19 9 18 11 12 18 9 14 10 14 19 19 14 14 10 19 17 16 15 14 6 12 0 6 17 14 5 17 8 13 7 18 11 17 17 10 14 8 11 20 14 17 20 17 6 19 18 10 13 11 11 7 13 14 19 20 20
19 12 8 12 16 19 16 16 9 19 20 11 9 10 7 6 9 8 5 7 12 11 18 11 5 16 11 10 10 10 10 19 11 8 12 6 12 11 15 16 16 17 16 13 9 18 8 18 16 14 12 19 14 14 14 8 14 5 12 15 8 9 9 16 9 11 9 14 12 12 15 8 8 7 12 13 19 15 7 6 19 6 16 10 13 6 13 20 18 6 15 19 11 16 9 15 13 6 15 20 16 5 17 19 18 9 11 6 14 19 6 15 6 19 13 5 6 5 8 17 7 12 16 14 11 20 10 19 12 5 15 11 8 15 6 9 14 18 19 15 8 9 19 6 13 7 18 14 20 16 8 7 16 13 17 5 20 9 20 7 17 7 6 18 11 11 20 8 14 14 17 8 5 6 14 12 7 10 6 6 5 8 20 6 16 9 16 10 8 11 7 6 19 5 16 11 18 20 16 7 6 17 6 14 13 11 12 16 11 17 20 13 18 18 8 10 6 7 13 19 18 8 20 10 7 15 19 17 14 7 18 19 7 17 7 19 7 10 5 9 10 8 20 12 19 6 14 9 6 9 11 14 10 12 18 8 19 19 12 17 13 17 12 11 6 11 13 11 5 18 20 20 7 8 13 9 16 19 17 19 11 14 20 8 7 20 19 8 13 20 19 18 10 8 15 11 17 6 13 18 8 9 12 12 7 17 19 18 19 19 6 15 17 12 14 6 10 9 19 12 8 18 18 11 5 18 12 9 8 17 8 6 13 15 11 7 14 11 13 11 6 9 9 11 6 16 15 19 6 17 14 6 5 16 5 13 20 10 10 10 12 20 16 12 12 10 0 9 18 7 10 19 16 14 15 16 17 14 9 5 15 14 13 20 16 20 10 15 8 12 6 20 12 18 14 11 9 6 19 20
7 19 14 16 18 11 20 16 18 11 8 11 11 6 10 20 19 17 8 10 16 20 18 7 13 8 11 13 15 15 8 20 12 6 6 19 8 20 17 11 9 5 10 14 11 6 16 13 9 14 17 14 13 9 17 20 11 12 16 16 11 9 7 14 5 20 20 8 8 18 19 15 5 7 12 18 18 19 16 19 16 10 11 11 19 18 16 13 12 13 17 14 6 13 8 12 6 12 20 15 15 18 10 20 7 5 12 7 9 5 13 18 6 20 18 8 18 12 11 11 16 16 19 9 6 8 9 15 17 12 17 12 5 15 9 16 10 12 19 11 12 20 6 16 6 18 6 13 17 20 9 17 16 10 7 5 17 7 15 11 12 11 14 13 13 13 19 14 7 10 15 9 19 18 7 16 20 18 12 18 9 13 8 9 8 18 10 20 18 11 15 5 16 8 17 20 16 8 13 7 10 11 5 6 16 5 20 5 8 6 7 9 5 7 14 14 12 17 10 17 8 8 8 12 11 16 10 7 13 7 6 10 17 8 9 12 6 19 18 10 16 6 19 8 18 20 12 5 6 5 19 11 11 16 19 17 7 18 19 18 13 12 20 18 12 8 10 9 9 10 5 11 13 10 20 8 15 12 18 11 10 19 11 8 20 7 17 9 19 16 11 17 10 10 9 10 10 5 20 17 15 15 14 20 15 13 19 9 16 11 11 17 17 8 12 14 10 12 11 10 10 6 16 14 8 13 7 19 18 11 15 9 5 17 12 19 15 19 17 10 12 16 10 14 9 8 19 19 13 15 10 7 20 13 12 12 10 6 15 14 12 16 14 11 20 15 9 0 14 19 14 6 5 15 20 12 16 9 12 12 12 19 17 19 19 9 12 17 17 6 5 16 5 8 7 16 5 19 9 5
5 13 6 17 8 14 10 18 10 17 13 13 17 19 14 7 18 10 7 6 17 8 20 6 10 15 13 5 14 20 19 13 10 11 10 15 15 7 16 12 19 18 10 13 15 12 7 12 8 10 8 13 10 10 19 7 12 19 14 20 9 20 9 10 18 17 18 20 14 9 10 12 10 10 12 18 16 15 13 6 6 7 12 13 18 9 6 14 6 19 9 5 8 18 8 9 19 6 16 20 15 16 9 20 19 12 5 7 16 17 19 10 12 12 8 6 18 19 14 7 8 13 20 17 15 7 9 13 16 11 5 19 12 13 17 20 6 7 10 6 8 7 13 11 20 18 6 10 7 14 16 11 12 19 19 12 6 13 14 18 13 17 15 20 16 16 8 6 9 13 9 9 8 14 7 5 5 12 19 10 20 18 20 19 13 10 18 9 9 16 12 11 11 7 11 9 17 10 13 6 12 16 10 7 18 9 7 18 15 7 11 17 10 18 10 6 7 13 9 10 17 11 18 20 19 9 12 7 6 6 15 5 8 16 19 18 15 20 7 16 20 12 11 14 8 9 20 5 18 20 15 13 11 20 10 10 19 18 15 18 13 12 15 13 7 15 15 10 18 20 6 11 12 13 18 16 5 19 13 15 13 18 10 7 17 14 8 13 14 18 17 5 13 11 15 10 6 17 13 20 11 16 10 12 18 8 6 9 7 11 6 10 18 5 11 17 20 13 13 8 10 13 20 7 10 10 17 6 8 14 8 20 9 19 11 10 17 8 10 5 13 18 5 20 11 11 17 6 19 17 16 20 7 9 5 16 10 9 20 11 6 13 20 19 19 17 20 7 0 17 13 13 7 9 19 14 16 9 9 8 19 17 5 13 14 5 7 8 8 16 5 18 5 14 6 18 18 7 10 10
8 19 19 7 16 17 11 14 8 7 20 19 18 12 16 6 12 20 12 13 20 10 10 5 15 10 8 9 13 10 8 8 12 15 16 12 17 13 9 8 18 17 12 17 18 12 14 7 6 13 20 18 5 10 16 5 7 15 8 16 13 13 20 19 8 18 9 11 11 6 19 8 20 6 5 20 8 16 13 12 18 14 16 14 11 14 10 15 12 17 10 9 6 6 10 16 5 13 13 8 14 20 11 20 14 5 10 9 15 13 13 6 7 13 14 14 17 13 20 6 16 8 5 18 5 5 7 11 8 11 6 5 10 20 13 7 12 6 13 19 13 9 6 12 10 15 7 11 12 9 9 5 18 9 13 14 6 12 19 6 18 6 13 15 16 18 7 11 13 20 6 13 8 17 11 15 16 10 15 19 15 19 11 15 17 20 15 10 8 8 10 13 9 18 9 9 7 15 7 20 8 14 9 18 19 9 5 17 14 20 10 19 20 6 17 12 16 13 12 17 12 8 6 9 14 18 8 11 20 10 19 6 16 9 6 15 6 15 8 19 12 10 5 16 14 6 18 7 19 15 9 18 11 19 6 17 11 8 10 9 8 8 12 18 19 5 14 14 19 6 15 16 17 17 5 8 5 19 13 17 9 18 17 15 7 7 18 9 17 11 19 19 5 8 16 16 19 5 15 12 19 12 8 5 20 12 12 18 12 19 11 17 19 17 9 19 17 17 5 14 11 18 20 16 16 6 18 12 8 14 20 10 19 6 13 19 14 16 19 6 6 5 6 20 9 5 18 16 16 9 6 5 19 6 19 11 17 13 6 13 16 15 10 7 9 16 17 9 20 0 16 16 20 17 18 17 10 6 10 11 13 18 9 8 12 7 10 8 19 9 20 11 17 17 10 18 8 19 18 7
10 18 6 12 19 14 17 18 20 16 7 20 14 20 7 5 5 17 20 14 20 18 18 13 13 19 12 5 11 13 18 6 11 12 14 11 12 12 20 10 9 15 16 15 14 11 18 18 5 12 14 18 16 10 19 20 5 5 12 12 10 16 12 5 5 8 7 5 12 13 19 14 12 17 11 9 18 18 19 17 17 10 8 15 12 19 11 14 12 14 12 20 15 11 20 19 19 17 15 5 17 11 5 20 14 14 12 10 12 20 6 17 6 15 13 5 17 12 10 19 7 9 5 9 5 12 7 11 16 8 13 11 6 20 8 5 10 7 17 19 12 18 12 7 9 15 13 6 15 12 11 19 10 15 19 18 6 5 12 15 19 20 8 11 12 14 20 12 19 20 8 18 13 9 10 8 16 5 13 8 12 18 16 12 6 7 15 20 13 17 12 20 6 17 11 15 14 10 20 8 9 9 11 6 11 20 7 20 15 12 19 18 18 10 7 20 18 20 13 16 14 15 10 12 20 20 20 20 14 14 18 10 10 7 6 20 17 8 13 13 5 5 5 6 11 5 16 14 10 7 12 9 10 10 7 6 11 11 13 14 18 6 8 10 17 15 9 13 5 19 17 16 16 20 19 17 10 16 11 17 14 15 12 8 18 9 13 5 7 13 9 9 15 8 16 11 13 11 11 16 17 16 5 8 11 7 6 15 10 17 18 12 14 8 18 9 7 8 20 13 7 13 7 11 13 13 19 5 9 16 16 19 11 19 19 16 7 15 20 19 6 9 5 16 13 10 17 11 10 10 12 5 13 7 14 11 15 14 14 9 11 10 12 18 15 11 7 15 7 17 0 11 7 9 12 18 7 8 10 5 17 9 18 9 12 10 10 6 6 5 19 8 13 17 6 8 15 16 6 10
12 7 5 7 9 20 10 19 19 15 16 7 5 10 5 17 10 5 17 9 9 15 10 12 9 18 7 19 18 16 12 17 18 13 7 7 7 13 7 17 15 12 7 12 11 14 15 10 10 8 17 7 15 8 14 13 20 10 18 13 7 10 8 17 18 6 6 13 13 8 19 8 9 5 17 11 18 11 14 15 18 16 19 14 6 15 13 12 10 19 16 16 6 19 6 20 6 19 11 10 19 20 9 18 7 15 13 8 5 7 7 13 13 7 11 9 11 8 19 11 8 16 12 14 12 17 13 6 17 14 18 8 7 20 17 14 20 16 17 14 6 20 11 16 8 9 16 9 5 18 6 6 9 13 19 5 19 14 9 8 5 16 7 5 18 20 16 12 18 16 15 14 17 17 14 14 13 5 7 11 7 18 13 19 18 5 20 15 6 17 15 15 15 10 5 6 11 8 5 16 9 20 19 12 6 20 7 20 7 5 5 10 20 9 11 17 10 12 8 9 19 16 18 14 6 17 6 19 17 8 13 19 18 13 19 6 18 13 11 10 20 20 19 19 5 7 12 19 8 13 5 5 12 13 10 19 9 18 20 14 13 13 7 11 19 8 6 6 7 13 17 7 12 12 5 11 12 11 19 11 13 7 6 19 16 9 20 9 20 9 16 19 8 9 12 7 20 17 16 10 20 11 17 10 9 8 15 9 14 20 16 9 19 9 5 14 6 19 18 14 17 15 14 14 9 13 10 6 13 16 20 15 17 17 9 15 18 14 10 12 18 17 12 20 12 9 11 7 13 7 11 5 10 6 6 19 15 7 15 16 19 16 9 5 15 8 7 16 11 12 8 0 11 14 11 12 15 19 7 17 7 5 14 10 9 9 14 15 9 18 18 18 19 19 9 16 5 6 15 15
14 8 10 8 11 20 5 6 16 17 16 9 14 14 9 17 13 11 16 8 12 6 15 5 5 6 19 13 14 12 5 10 14 14 5 11 17 17 20 7 16 19 18 9 19 8 13 13 15 8 7 11 6 10 5 7 13 6 14 13 12 10 17 14 14 14 8 18 13 17 14 6 7 18 19 6 11 16 16 14 18 9 20 19 8 8 9 15 18 19 15 17 6 17 7 16 13 10 5 13 8 6 20 17 8 11 12 15 18 12 16 18 15 6 15 5 15 6 14 19 6 14 7 11 12 12 5 18 20 11 16 15 8 14 17 9 20 13 14 12 14 14 7 19 12 7 10 6 7 13 8 17 20 16 15 14 6 11 14 18 5 12 17 5 5 15 17 10 20 7 5 16 8 13 7 12 20 8 11 11 10 10 10 16 15 19 16 9 18 17 11 11 14 13 19 9 16 12 16 9 18 8 7 13 12 11 17 10 13 19 10 20 11 14 14 18 12 13 7 6 10 15 19 12 13 6 18 6 7 13 8 7 16 16 14 5 6 17 20 13 7 17 9 7 20 6 19 6 14 18 20 14 10 20 13 15 5 15 15 5 20 20 18 17 18 6 7 5 15 7 9 20 7 10 10 11 20 6 10 8 16 19 8 17 20 6 15 5 14 8 8 12 19 15 14 9 10 11 12 6 15 17 16 5 19 20 9 9 20 7 12 9 10 13 17 20 13 8 13 13 16 13 6 13 11 7 12 18 12 11 15 16 9 11 10 9 11 11 13 9 20 9 12 15 14 12 11 20 5 10 14 7 19 18 20 14 18 20 12 20 6 13 12 14 9 18 17 5 12 19 11 19 0 19 8 13 20 13 18 11 17 10 11 6 11 9 14 10 17 15 10 10 7 15 7 11 16 11 15 15
18 6 11 19 12 10 12 15 17 10 7 16 7 12 19 17 14 5 13 15 20 11 11 12 19 12 8 5 6 11 16 14 12 17 8 6 14 14 6 11 20 14 19 19 6 13 5 6 19 18 16 13 20 9 12 17 9 7 16 8 18 10 8 11 17 10 20 6 10 17 13 16 17 8 7 10 13 13 9 14 6 16 18 5 14 10 6 18 13 19 15 7 7 13 14 10 13 12 14 5 20 20 20 14 8 13 11 20 9 5 14 19 20 15 15 9 14 15 6 11 10 19 14 16 15 7 19 17 14 13 17 14 16 9 7 17 18 12 6 20 5 10 13 16 18 16 9 14 10 8 6 7 20 20 14 5 18 5 8 18 13 16 16 9 15 13 9 8 6 11 20 20 19 14 11 17 11 18 14 6 10 13 19 11 7 20 11 18 16 8 18 20 11 6 16 19 17 7 9 8 15 5 12 15 7 12 11 17 16 16 15 19 18 9 5 14 16 13 20 19 9 8 6 18 13 11 20 16 11 12 11 7 9 8 6 17 11 20 19 10 8 5 20 14 11 13 6 10 14 9 11 11 16 19 12 12 9 17 16 15 18 11 10 14 19 9 6 11 9 16 9 17 15 19 8 8 16 13 7 12 20 12 10 12 9 7 15 5 10 7 13 16 9 10 12 19 12 14 18 5 13 10 14 17 14 18 12 20 5 7 14 17 13 17 20 6 9 6 16 18 7 10 7 20 9 19 10 20 9 9 8 15 20 7 7 20 12 19 14 19 20 11 6 14 19 5 9 9 10 19 6 16 11 19 15 8 13 19 17 13 11 10 6 6 18 11 17 11 11 20 18 20 13 0 9 8 10 7 15 8 9 18 9 7 17 9 19 9 10 15 8 9 10 11 5 7 9 8 12 17
17 18 15 6 8 11 6 6 17 10 6 5 10 14 8 13 11 12 12 16 11 15 17 18 18 15 18 6 17 20 6 13 16 5 5 15 18 11 10 14 5 17 14 18 10 16 17 14 9 10 19 18 9 16 9 10 5 18 9 18 7 14 12 14 8 9 11 20 7 6 5 9 16 17 19 8 10 13 12 5 19 19 13 13 15 19 19 9 6 15 18 6 10 20 14 6 7 18 10 14 13 12 17 12 13 13 7 5 19 12 13 11 12 12 18 16 10 11 7 7 10 5 16 7 11 8 6 5 20 16 5 14 6 20 15 14 19 8 14 13 19 17 20 8 6 13 17 6 6 20 10 8 15 11 8 10 20 19 17 19 14 12 17 19 6 6 20 16 7 12 15 9 9 10 12 5 19 14 6 10 5 13 16 14 11 13 20 9 14 11 20 17 17 13 14 12 16 17 17 18 9 18 10 12 10 5 19 5 9 16 19 6 16 20 15 7 7 17 19 11 9 12 5 15 13 10 13 9 14 20 12 18 8 5 20 15 16 14 15 9 11 18 16 8 5 8 15 6 10 12 7 17 14 14 5 9 14 10 20 8 9 8 13 19 8 5 5 9 5 7 9 5 12 16 14 12 18 13 5 8 19 6 16 12 6 6 20 10 8 8 9 6 16 5 17 11 13 11 20 17 15 6 15 6 11 9 12 17 11 9 16 5 14 18 7 20 6 17 20 5 20 15 12 15 11 17 13 18 15 7 15 5 14 14 8 14 12 11 13 12 11 17 13 10 20 12 7 11 15 10 13 18 10 14 13 11 19 16 10 10 14 14 7 9 6 5 7 12 8 13 17 6 12 20 0 12 5 12 17 17 10 6 5 17 6 20 8 15 10 19 18 12 8 15 20 8 19 7 7 15
5 20 13 8 14 17 18 9 19 15 20 9 19 14 14 19 18 20 20 8 20 9 7 17 15 6 6 10 5 14 6 8 7 8 11 15 6 12 18 9 10 8 12 5 8 16 9 18 19 11 9 5 14 7 18 12 9 9 18 6 10 8 14 5 14 18 15 8 8 8 5 19 9 9 5 16 18 8 15 10 18 6 18 14 17 17 7 10 11 9 5 7 15 13 17 16 7 8 6 12 18 15 14 10 12 16 14 10 12 12 10 18 13 8 6 15 12 18 5 8 5 16 19 8 5 14 10 15 5 8 9 19 6 5 14 9 13 16 6 10 7 12 19 11 13 18 15 15 7 9 16 10 5 5 9 16 18 14 15 5 6 16 5 17 14 13 16 19 16 16 15 17 16 6 19 13 17 11 11 18 16 17 8 18 7 18 8 9 9 18 12 8 8 15 5 7 20 20 19 10 14 20 12 11 9 12 12 12 11 17 5 19 5 18 17 10 17 15 11 15 7 11 7 15 11 11 12 14 16 17 7 20 12 18 17 17 17 13 13 12 6 17 5 12 13 5 11 13 17 10 7 15 8 17 10 10 19 13 5 14 19 18 17 5 10 13 15 13 6 11 17 17 6 17 17 5 14 7 15 5 9 18 17 10 9 9 10 10 14 11 13 20 13 15 14 10 8 17 11 12 13 19 5 15 14 14 10 12 17 20 19 15 8 16 18 20 9 9 20 9 15 18 9 20 12 17 19 8 14 9 19 18 18 8 16 19 19 15 16 10 6 9 19 14 12 15 15 9 11 18 14 12 8 20 20 8 19 15 19 7 17 15 14 14 10 20 10 17 20 11 6 11 11 10 20 0 8 8 14 20 16 18 13 17 5 8 5 10 13 5 19 7 18 5 5 7 10 14 11 5
9 15 14 20 8 11 10 11 20 8 16 9 5 19 12 15 5 12 15 10 20 19 6 14 14 5 14 16 20 12 6 16 5 13 19 10 14 12 12 9 10 5 19 13 19 20 10 12 19 12 5 13 15 15 15 13 16 20 10 12 15 8 7 14 17 16 7 9 12 11 15 15 14 11 9 17 17 11 20 7 10 16 12 14 9 17 9 5 9 14 18 5 9 11 20 9 20 18 19 10 20 12 12 6 8 15 20 14 15 14 7 7 7 11 20 17 11 15 8 10 5 6 18 19 19 19 9 12 9 12 6 5 9 15 5 13 17 9 8 15 19 20 10 7 7 15 14 6 16 18 13 8 15 8 16 6 17 12 8 15 18 10 20 7 19 16 12 19 19 8 15 6 12 17 18 16 17 10 10 7 12 14 8 17 11 8 12 10 17 5 17 8 19 6 18 20 12 7 13 17 12 15 15 19 19 7 9 5 15 8 10 16 12 19 19 7 20 15 20 5 12 5 10 5 6 11 8 19 16 13 12 20 7 11 10 10 6 5 15 14 6 12 14 15 12 14 12 5 15 18 16 12 17 13 14 10 17 10 10 19 5 6 15 8 14 15 5 9 12 20 15 6 12 6 19 8 18 14 11 15 5 11 19 12 18 14 19 13 13 20 7 12 20 18 16 7 9 7 13 5 16 7 15 12 5 17 13 16 12 8 9 6 20 6 9 7 15 20 9 7 16 12 11 19 19 20 18 18 5 13 19 17 12 13 12 10 18 13 11 13 17 9 20 5 16 17 12 16 7 5 12 18 6 19 5 7 6 15 14 16 5 10 5 17 11 8 5 19 11 12 14 14 13 7 14 12 0 12 20 8 7 12 18 13 16 14 12 5 5 15 12 18 16 10 5 6 19 14 14 13
12 20 10 20 16 9 11 10 7 11 20 20 12 9 17 14 19 17 9 7 16 5 18 12 7 14 17 7 12 9 12 8 10 10 10 11 17 7 9 8 13 15 20 6 17 12 12 9 6 20 11 10 6 11 13 20 19 17 6 11 13 7 9 13 7 5 17 10 19 10 15 11 16 6 9 20 19 10 5 12 8 13 19 16 19 5 16 12 9 17 17 20 5 11 6 19 5 12 10 15 12 6 11 8 6 18 8 7 11 5 15 14 13 14 20 17 15 13 14 20 6 5 5 11 6 13 8 16 16 19 6 10 8 20 10 9 18 5 14 15 6 15 16 15 7 16 19 11 12 18 13 6 18 19 12 12 14 10 5 8 6 6 11 17 9 7 9 13 13 5 10 10 20 20 19 7 13 5 8 11 18 20 18 16 13 5 10 11 15 7 20 8 5 19 14 5 6 13 17 18 7 10 10 9 12 9 6 12 5 6 10 10 20 5 12 15 19 6 11 5 16 9 11 7 8 15 13 16 11 11 19 8 16 12 15 16 16 5 18 15 17 9 13 13 16 16 18 10 11 10 11 9 19 14 9 7 8 12 13 10 20 8 18 14 15 19 6 20 14 16 13 18 9 6 5 20 19 13 19 19 7 8 6 13 11 7 15 11 5 16 16 10 10 5 14 17 13 15 7 6 6 9 16 9 17 13 19 5 9 13 6 8 14 17 10 7 14 5 7 20 5 11 16 17 7 14 10 15 11 5 12 8 20 7 15 16 19 15 14 5 6 9 19 6 17 8 9 14 6 6 17 7 11 19 6 12 11 16 11 15 18 8 5 17 10 13 18 9 6 13 5 13 8 8 6 10 18 0 6 20 8 8 15 18 16 12 12 11 14 19 10 12 14 14 11 11 18 16 20 11
9 14 18 20 6 20 6 19 20 10 19 13 12 15 9 13 17 9 19 14 18 11 19 7 20 16 17 6 13 9 19 20 19 6 14 6 13 17 10 11 8 20 14 5 13 6 12 6 12 7 6 19 12 10 17 15 15 14 12 5 11 20 19 6 18 8 15 18 12 9 14 16 13 18 11 12 5 14 12 13 11 7 19 17 5 15 13 10 17 12 7 7 14 16 9 18 12 10 7 13 9 14 17 12 19 19 18 10 7 18 9 7 12 16 8 10 6 10 5 20 11 19 12 7 7 19 15 13 18 6 18 16 5 8 7 15 10 14 20 5 17 7 6 9 18 8 5 18 19 15 15 17 17 9 18 12 14 7 11 13 17 10 19 14 7 14 12 20 20 10 5 12 13 13 14 9 20 11 8 12 7 16 18 17 8 10 10 18 6 14 11 11 7 15 8 18 19 9 7 7 20 13 18 7 7 13 14 7 13 8 17 17 9 7 9 20 7 9 11 20 8 8 6 6 18 12 6 12 20 13 9 12 18 8 5 20 8 11 19 17 13 13 8 11 20 17 6 6 5 15 13 12 11 7 17 5 9 8 6 15 14 18 17 15 14 10 7 18 18 10 10 7 11 16 13 15 20 15 7 13 19 17 15 9 14 19 19 20 11 12 13 18 15 7 10 17 14 7 15 7 12 20 5 17 17 11 8 7 12 8 17 9 10 14 10 10 8 12 5 11 12 16 5 7 7 5 13 14 6 11 7 20 16 19 11 7 15 16 17 7 17 6 9 8 20 17 18 8 12 10 13 16 19 9 10 15 18 20 15 17 15 7 11 7 19 6 20 18 17 5 20 11 16 14 12 12 6 6 0 15 13 20 8 5 19 8 19 17 6 9 19 18 9 10 6 14 15 9 16 8
10 17 18 16 15 15 17 15 18 16 15 9 13 8 20 7 10 9 9 19 20 18 12 20 12 8 19 9 9 7 16 8 18 5 17 15 15 19 13 6 14 16 13 9 5 16 8 16 14 17 12 19 17 6 15 6 7 13 19 10 20 15 12 11 14 20 10 9 20 14 7 18 13 18 14 10 14 18 8 5 14 14 8 9 7 17 16 9 12 11 13 20 13 6 20 15 18 12 11 7 18 20 18 9 5 8 10 15 5 15 15 8 14 6 20 19 10 20 12 10 10 17 15 15 15 19 20 19 12 5 20 20 5 13 12 19 17 20 17 5 10 20 18 20 5 7 9 16 10 10 20 11 9 11 18 12 16 15 19 6 10 14 14 17 9 5 20 11 9 20 12 8 14 17 18 14 14 11 16 20 5 19 13 13 16 18 15 11 15 20 9 15 7 5 14 7 19 7 11 16 12 8 20 15 6 20 15 15 17 5 19 15 18 8 19 13 18 11 15 11 17 18 20 19 15 16 10 10 18 5 16 10 7 5 20 6 11 8 9 20 20 6 10 7 12 13 12 7 13 20 10 13 9 9 9 10 14 9 7 15 9 8 12 12 19 18 9 13 11 18 8 11 7 9 18 20 19 14 12 20 12 13 13 15 7 13 20 15 7 9 17 5 13 18 20 16 7 12 15 10 11 11 14 20 12 14 17 11 10 20 15 11 19 7 9 20 9 6 11 17 10 13 9 8 11 18 7 20 13 8 20 14 6 6 5 12 12 15 10 7 16 12 7 7 12 15 6 11 20 13 9 18 15 20 7 19 15 19 16 10 5 9 14 5 20 11 15 10 15 6 20 11 5 11 5 20 6 16 16 0 5 6 10 14 20 10 12 15 8 8 18 9 8 13 5 5 14 15 8 20
8 16 20 12 17 13 6 20 8 6 11 14 6 7 8 8 20 8 10 6 13 5 14 11 18 15 15 19 6 14 12 18 6 20 16 6 16 6 9 10 9 19 17 19 19 17 8 13 11 9 9 16 6 9 19 15 18 8 5 20 11 20 12 17 18 13 6 16 8 19 9 8 13 8 16 20 18 15 9 7 17 14 15 7 9 10 15 19 12 19 11 10 8 12 10 15 12 5 8 9 10 9 16 14 14 17 9 8 14 17 19 6 9 9 8 7 19 10 6 18 16 12 15 17 18 7 17 13 8 15 6 8 6 12 10 18 12 9 20 5 13 7 9 12 11 12 13 13 7 10 14 14 12 18 17 15 7 9 7 17 9 16 12 11 8 12 16 17 6 17 13 15 6 12 10 10 9 18 19 18 14 20 18 17 14 7 15 6 8 9 7 20 14 11 9 11 16 12 10 15 10 11 17 19 17 5 16 8 20 10 17 19 14 20 18 19 15 19 11 12 17 10 7 11 17 20 13 8 9 14 7 19 16 5 5 5 12 15 11 9 9 14 6 14 15 13 9 19 19 8 15 17 14 5 17 14 20 15 10 18 18 6 7 16 15 12 20 11 19 6 16 9 10 12 7 20 14 11 12 12 13 19 17 13 13 14 6 15 13 15 15 9 15 16 14 10 19 18 15 13 7 20 12 19 13 12 6 16 18 13 13 11 14 13 9 10 14 19 11 18 9 7 15 17 10 19 11 7 12 11 14 16 19 17 9 18 18 11 13 8 6 13 16 6 5 12 8 13 13 16 7 19 13 5 11 17 11 11 10 13 12 5 6 15 10 20 19 12 19 19 5 8 16 10 6 6 5 7 8 7 0 7 6 13 8 14 10 17 14 10 9 18 14 12 5 7 6 9 16 6
5 5 18 18 7 15 5 8 8 17 13 17 14 13 13 13 16 8 5 18 5 17 11 20 15 5 13 20 16 19 17 7 15 17 5 5 16 17 8 18 11 12 12 7 19 8 5 6 9 9 12 8 16 18 14 5 16 5 12 12 9 17 6 6 15 7 14 16 17 13 13 5 11 16 8 14 16 10 17 13 15 9 5 13 8 17 5 10 14 17 13 11 15 19 12 20 8 13 20 6 11 10 15 11 14 7 20 19 18 7 19 20 16 9 15 18 11 17 10 9 19 12 6 10 7 6 10 7 17 6 10 20 19 10 11 19 5 16 6 8 9 20 14 14 7 18 8 15 19 20 17 5 10 14 16 9 6 5 10 15 16 17 12 11 5 20 12 13 14 9 18 5 19 18 15 5 11 19 6 20 8 15 5 14 11 12 6 13 8 19 16 5 14 5 12 11 18 15 12 6 9 16 7 6 17 5 5 15 11 12 10 9 13 13 19 19 9 19 13 14 12 10 8 12 20 18 6 18 11 10 10 5 8 19 5 11 15 14 15 6 18 19 10 6 5 19 9 14 17 5 13 7 17 18 8 7 14 19 19 6 12 13 16 10 18 19 11 5 9 10 5 9 19 19 11 15 11 14 5 10 17 17 13 16 16 9 9 19 12 12 19 15 12 13 15 5 20 15 7 15 17 20 16 8 6 7 20 6 5 16 17 14 5 7 10 18 13 15 19 12 10 16 8 13 18 10 11 8 6 13 14 6 12 5 13 13 14 14 8 11 19 11 18 10 11 16 9 5 19 6 16 18 10 5 14 11 6 5 18 20 6 18 15 5 18 12 17 8 14 10 20 15 20 20 18 15 9 20 15 14 11 0 20 12 18 11 12 13 15 6 16 8 20 13 11 6 8 20 15 11
18 15 17 7 5 10 17 12 8 18 18 7 9 20 18 16 19 5 20 5 20 8 13 18 8 13 17 5 15 11 20 18 17 11 7 5 11 12 18 15 7 14 7 16 14 5 11 13 5 16 13 12 20 8 6 6 19 19 13 12 8 8 5 15 7 5 14 12 5 15 20 15 9 13 19 10 11 7 6 16 7 5 15 9 14 18 10 5 8 9 12 6 13 15 10 9 9 6 18 5 8 16 9 8 14 11 6 13 10 19 16 7 10 10 5 20 8 20 15 5 14 5 15 13 10 11 17 11 15 9 17 18 10 10 12 20 19 15 11 17 17 19 19 15 7 8 19 5 19 15 18 14 6 6 5 20 14 5 18 6 20 19 10 20 8 5 20 5 13 11 16 18 9 20 16 8 5 11 15 7 6 7 10 8 5 15 18 12 8 8 10 13 19 9 11 15 8 11 5 13 17 13 17 5 7 5 12 20 13 15 15 18 16 16 7 20 19 6 9 18 15 16 11 18 20 17 8 14 13 9 9 10 6 12 16 10 18 14 8 11 15 11 9 14 13 12 13 13 16 11 16 7 5 11 12 18 7 9 17 7 9 12 8 18 12 14 11 14 20 5 16 8 20 7 18 9 15 19 7 18 19 13 13 13 7 8 5 12 6 20 8 15 11 11 20 13 20 11 9 20 12 5 20 12 14 15 16 6 6 8 7 15 18 9 14 16 19 18 11 17 10 19 8 14 18 7 13 13 9 13 10 11 11 19 6 12 13 9 14 11 10 19 7 14 11 12 6 8 8 19 6 10 12 5 13 16 16 6 7 14 9 10 19 7 14 14 19 10 12 5 14 16 18 13 19 7 13 5 10 20 11 14 0 8 9 20 10 12 18 15 11 20 11 15 15 6 11 5 17 20
19 9 7 5 14 11 18 13 12 14 10 13 17 9 20 19 9 6 12 15 8 9 13 14 19 9 14 7 15 5 15 20 10 19 20 5 10 14 18 11 12 17 18 14 6 20 10 12 17 14 13 7 9 15 17 9 6 10 17 17 17 12 15 10 19 18 12 17 7 14 19 18 19 6 20 15 7 6 13 6 6 9 7 10 9 18 8 6 6 12 15 19 14 5 19 7 14 14 11 9 10 19 16 7 14 20 9 7 15 8 11 11 18 11 9 17 16 5 15 11 5 12 7 11 19 10 20 13 19 10 20 10 5 13 6 14 10 15 8 18 10 6 6 8 17 13 16 17 18 6 11 11 14 14 11 9 9 16 18 18 14 17 10 19 14 13 18 16 12 14 17 6 5 13 11 5 17 10 11 15 6 11 20 18 17 5 5 15 14 15 16 5 13 9 7 14 14 10 18 11 10 20 11 16 6 6 13 10 17 12 18 17 17 10 16 12 15 9 12 7 20 15 17 16 9 16 14 16 19 20 20 19 10 18 8 15 9 16 9 14 16 16 13 5 20 13 13 19 17 16 11 20 9 9 16 17 6 15 10 12 10 13 9 9 10 6 17 16 18 8 20 10 13 12 11 14 14 16 6 14 16 11 19 7 20 20 20 20 9 7 15 20 17 18 13 7 10 11 9 8 16 9 8 8 6 8 14 17 18 8 12 7 17 16 13 17 10 16 13 6 16 15 8 9 20 19 17 14 15 9 11 16 16 14 20 9 5 13 14 7 18 18 16 20 10 6 10 19 8 13 6 19 14 6 5 14 17 20 14 11 13 12 14 5 11 9 7 7 13 12 10 13 17 14 11 15 14 20 5 7 12 8 18 0 16 19 12 18 8 12 14 8 13 17 16 16 17 16 7 6
11 10 6 12 14 17 6 15 10 10 18 5 16 11 14 19 5 9 12 14 17 18 6 11 5 8 7 19 7 13 9 15 8 16 16 16 17 15 5 9 7 18 10 5 15 12 7 5 17 17 10 15 7 9 16 14 16 9 13 13 10 18 5 18 20 13 19 9 17 17 18 15 10 8 19 19 6 19 7 10 19 15 12 19 16 9 19 10 12 11 13 17 17 16 14 20 11 13 16 14 10 10 9 13 10 10 7 17 9 7 18 8 15 6 19 13 20 19 12 8 5 17 6 6 5 16 14 14 20 8 11 8 13 12 18 10 20 8 19 8 10 20 12 7 17 15 16 7 16 5 11 9 8 17 10 8 10 5 9 11 15 14 6 16 11 6 13 8 9 18 9 16 13 20 6 19 6 12 7 14 14 18 5 6 19 7 10 5 16 16 13 12 10 12 20 13 15 7 6 7 17 11 13 7 18 20 13 13 12 10 17 8 16 10 8 6 11 9 13 5 8 15 10 15 17 16 15 8 18 14 19 12 5 15 9 16 7 14 8 10 19 9 10 12 20 6 16 9 20 19 16 16 13 18 6 12 8 7 8 5 9 15 19 12 18 8 8 12 15 19 19 17 19 15 19 10 14 18 16 10 16 16 13 6 10 6 7 11 18 11 10 7 8 6 18 17 8 7 18 12 5 19 16 11 17 8 5 10 17 19 11 13 17 6 6 6 17 17 10 12 7 17 9 18 11 8 8 5 9 9 6 10 6 5 13 9 13 12 7 17 6 9 9 8 12 14 13 18 9 10 6 15 15 12 6 20 12 9 15 19 12 9 19 12 6 18 9 7 19 11 14 17 19 5 7 14 16 19 18 19 17 6 20 15 0 13 8 14 19 18 6 8 15 19 11 11 9 20 19 19
18 20 16 5 19 16 18 8 10 13 15 6 20 17 17 13 13 17 17 5 11 6 7 17 16 12 15 16 10 13 19 15 7 16 19 6 7 6 10 8 15 10 8 9 12 17 7 7 5 13 12 17 7 9 14 9 13 16 10 6 13 20 15 7 11 8 12 19 12 20 13 17 9 16 6 13 8 17 13 14 11 17 5 9 8 5 17 13 20 9 5 19 11 11 7 10 15 19 9 17 5 5 17 11 20 12 15 6 6 17 9 15 6 10 18 15 19 5 8 14 19 15 8 20 18 6 19 10 5 14 16 9 7 7 5 19 5 6 11 18 16 5 20 8 12 11 5 12 5 13 6 14 11 20 6 7 20 5 13 17 12 20 17 19 16 5 18 12 19 15 15 14 9 14 20 6 17 10 18 11 18 18 19 12 18 11 19 17 16 20 10 20 12 20 10 14 16 14 13 14 9 17 19 5 20 17 5 19 5 19 18 6 6 13 9 7 8 18 7 12 10 18 16 9 19 17 16 13 20 8 9 10 16 8 12 9 19 17 19 6 8 5 8 12 20 15 15 5 20 8 8 7 20 13 13 16 15 9 10 20 16 20 10 20 9 10 7 14 15 8 10 16 7 18 19 17 13 9 6 17 15 14 14 12 7 14 18 7 9 12 5 10 10 12 19 12 19 17 9 17 11 16 18 18 7 15 15 20 17 12 13 11 14 5 10 17 12 8 11 12 6 14 18 19 7 7 7 8 14 14 14 5 9 13 11 18 7 8 12 12 15 14 14 9 5 20 16 11 18 18 9 17 8 19 13 5 11 9 10 8 11 14 16 10 13 16 13 7 10 17 11 11 6 14 11 19 20 14 12 16 12 12 18 8 15 0 9 6 9 13 19 20 11 20 17 5 10 14 9 20
7 17 20 18 9 17 11 16 9 8 11 7 15 18 10 8 10 17 8 13 16 17 19 13 10 16 7 7 17 13 11 5 11 12 7 16 9 20 15 17 20 13 13 10 9 5 8 12 16 9 13 17 7 11 7 15 16 13 7 13 7 5 11 17 18 5 14 20 7 16 16 14 19 11 19 11 17 18 15 6 11 18 7 10 18 7 10 13 15 9 20 5 15 17 18 6 14 7 10 12 10 13 7 9 19 11 6 5 8 8 19 12 19 8 7 19 13 16 8 7 18 6 17 6 11 13 14 13 20 20 17 15 10 7 8 6 13 14 6 9 13 6 15 6 5 11 18 19 6 16 5 10 12 9 8 18 9 20 7 9 14 12 9 7 10 7 11 15 20 16 19 5 13 5 17 17 17 6 8 9 5 20 16 6 8 11 15 9 14 6 6 8 17 11 5 18 6 19 13 18 18 20 12 20 11 14 12 5 11 18 12 20 14 13 9 15 18 13 5 17 14 10 10 10 10 20 8 16 6 19 11 19 11 18 9 19 9 18 14 15 15 15 17 12 7 9 19 8 11 9 5 10 6 8 8 11 18 11 11 11 17 10 13 12 11 9 5 13 6 17 20 8 19 17 7 18 16 16 10 8 6 17 17 15 19 11 17 10 8 19 18 7 16 17 18 5 11 8 19 13 5 15 16 12 15 14 8 5 7 13 20 19 8 16 17 18 19 18 15 5 19 7 9 10 15 20 20 18 19 9 11 6 6 20 5 18 17 16 14 7 17 10 10 18 11 12 13 14 17 17 16 14 10 16 14 15 19 13 16 11 9 9 19 16 17 18 15 9 18 11 10 9 8 17 11 9 6 13 12 6 9 7 7 16 8 10 0 15 6 13 19 14 20 15 18 6 13 8 18 11
9 18 17 19 13 10 19 16 13 17 15 18 8 10 10 16 17 17 15 11 8 8 18 9 11 13 20 6 13 12 10 14 9 15 20 5 13 17 8 14 15 8 15 12 8 19 14 7 10 11 11 16 6 11 11 14 17 13 17 20 16 18 9 8 16 18 7 13 20 10 18 17 6 5 13 20 12 5 5 12 7 10 7 5 9 19 15 20 20 13 5 8 10 8 16 6 17 17 13 8 9 16 7 5 13 16 6 18 10 20 14 6 10 9 5 7 14 19 10 19 5 9 20 12 7 8 10 18 9 12 14 8 14 9 14 15 8 14 19 19 12 17 14 19 12 8 19 18 6 12 20 18 15 6 12 16 13 16 12 17 12 6 6 10 8 6 13 20 18 14 10 20 12 14 11 19 19 12 10 6 19 11 13 20 15 7 15 18 16 17 8 8 18 9 5 9 16 20 16 6 8 19 11 7 12 11 14 6 10 9 15 8 8 9 5 14 14 16 8 17 18 19 9 17 10 15 19 12 5 6 12 14 8 6 15 17 5 15 17 9 5 16 13 17 15 15 8 14 19 18 13 17 12 6 15 9 10 16 7 14 18 17 15 10 15 5 19 15 7 17 13 13 11 9 10 19 17 18 9 7 10 13 17 19 18 6 16 7 12 10 8 8 7 13 7 11 20 17 11 14 12 6 10 12 14 9 12 13 15 12 9 20 11 9 18 6 20 19 10 17 7 7 12 8 16 17 12 6 8 8 9 19 20 12 20 5 20 10 11 16 11 19 5 17 19 15 20 19 6 20 13 20 5 17 13 16 12 20 6 6 10 14 8 16 13 7 18 18 10 6 18 6 7 13 13 20 17 12 7 6 19 10 6 18 20 6 9 0 12 8 9 20 8 15 7 7 5 9 16 10
9 5 18 14 14 11 10 19 16 18 10 9 12 11 8 9 5 7 6 8 6 5 8 15 16 13 20 19 19 14 14 14 17 14 15 19 7 19 15 15 16 5 15 16 18 8 9 6 16 8 5 12 9 15 15 18 18 6 10 5 6 17 20 12 18 17 15 7 11 7 8 10 11 17 14 18 14 17 7 13 5 9 15 11 9 7 15 11 6 9 20 11 20 6 16 19 12 8 8 14 8 11 6 20 7 10 14 13 18 14 10 6 10 9 13 15 8 16 20 11 19 16 15 15 10 13 15 12 13 14 9 9 13 16 14 16 19 10 13 5 6 6 16 13 6 7 13 5 13 15 14 17 14 9 11 15 12 17 11 9 13 10 11 16 16 18 12 11 12 5 11 5 12 9 13 9 12 9 15 18 10 18 17 5 16 6 6 9 20 20 14 6 5 9 18 5 10 7 9 12 6 15 20 16 10 20 19 20 6 17 12 8 9 9 18 16 7 14 10 14 9 14 17 15 5 6 18 8 6 20 15 13 6 12 13 9 8 16 8 15 8 5 16 12 17 6 17 18 14 5 17 11 15 9 11 7 15 18 7 7 19 17 17 14 5 5 17 19 15 13 15 18 10 7 18 15 7 11 9 16 14 16 6 14 6 11 11 20 12 17 13 6 19 6 20 14 15 15 8 6 8 12 19 12 16 18 17 7 10 19 14 13 20 19 7 11 8 18 15 8 18 6 14 12 10 13 20 9 17 18 9 11 14 10 17 15 12 11 12 6 11 19 10 7 12 9 8 19 5 19 19 7 15 10 12 16 18 18 5 20 17 18 17 5 11 18 15 15 16 16 16 16 15 20 11 15 17 9 11 17 20 18 12 17 6 11 9 15 0 12 5 9 7 8 5 18 20 19 17 10
7 16 15 16 9 16 20 18 17 11 11 5 5 10 11 8 14 15 8 7 12 17 15 8 8 15 5 19 11 11 20 14 9 18 10 18 11 16 19 18 12 17 11 17 6 7 12 11 12 15 13 14 17 15 8 7 17 13 7 13 8 9 15 15 13 11 20 14 11 11 20 20 12 14 8 10 18 20 13 13 10 11 6 19 19 5 20 12 13 11 6 7 15 17 5 8 13 18 19 8 14 18 16 14 18 12 9 5 11 9 10 10 9 17 8 10 17 13 7 8 14 17 8 19 15 18 5 5 8 15 6 12 9 13 13 19 11 8 15 11 5 5 9 9 11 6 20 11 15 17 5 12 8 16 5 15 6 20 11 16 12 11 6 5 16 11 15 12 10 9 12 11 8 17 10 9 7 20 19 6 20 6 14 10 12 10 8 11 17 14 8 20 14 5 9 16 13 9 11 13 13 5 19 11 18 16 15 8 12 10 12 8 6 16 16 15 9 18 12 10 10 10 9 8 20 16 6 17 20 17 9 9 10 15 6 13 6 17 12 10 10 8 18 9 12 17 12 6 14 20 10 18 12 14 11 8 18 13 17 10 13 14 13 5 6 19 11 11 11 10 14 8 9 20 10 11 8 13 18 6 13 8 10 14 7 13 5 5 5 20 7 20 11 14 6 9 10 12 6 12 5 13 16 5 16 8 11 17 10 19 17 7 9 8 7 18 19 13 11 8 15 15 14 19 15 6 11 8 7 14 16 7 9 17 6 19 12 13 14 16 10 17 12 17 20 15 18 15 18 15 17 11 7 18 17 10 14 18 7 19 9 5 8 7 13 7 10 14 14 12 12 6 16 8 20 17 6 12 19 18 19 9 10 9 12 18 13 12 16 0 5 5 14 13 17 18 9 10 19 14
20 6 12 11 15 5 11 11 9 5 8 16 7 11 8 5 11 20 11 7 6 7 19 7 7 5 20 15 14 11 15 13 6 20 15 19 11 11 16 20 14 20 6 18 19 19 11 16 11 11 6 17 17 12 13 9 6 13 15 17 5 13 17 19 7 15 11 12 19 5 7 18 5 14 14 11 15 15 5 8 9 7 19 18 9 7 7 5 14 17 6 12 5 7 5 9 9 8 6 5 11 5 19 12 8 6 16 9 6 5 15 14 7 6 14 19 5 19 14 5 8 20 10 13 15 19 8 9 10 15 6 20 10 20 8 8 10 19 12 7 15 16 10 13 12 8 14 17 9 7 15 16 10 15 13 18 15 18 11 6 10 11 17 7 16 20 12 16 7 18 7 11 20 13 13 6 14 13 12 9 18 10 15 19 14 20 15 14 11 19 9 8 13 15 12 14 19 11 14 16 11 17 20 9 11 17 8 19 11 14 17 17 5 15 15 15 11 11 20 19 19 13 6 7 20 9 5 19 18 15 11 14 11 16 18 19 14 10 6 5 15 19 20 9 13 20 9 20 11 11 12 9 20 14 18 10 17 9 11 8 17 19 5 8 11 7 5 15 20 8 12 12 12 17 20 18 19 15 16 8 13 15 11 6 20 6 8 20 19 18 20 19 16 20 8 12 16 8 14 6 8 7 20 12 11 19 14 7 9 18 11 12 5 6 12 19 17 18 10 8 16 16 16 6 15 15 6 16 16 13 14 11 10 16 7 8 14 8 7 11 7 15 11 13 18 13 6 8 15 19 7 13 14 16 10 16 13 20 14 18 20 11 16 15 14 8 18 6 10 10 15 6 6 14 8 13 15 8 14 20 20 10 6 5 6 20 18 20 12 15 0 12 8 16 10 7 6 7 7 17
19 20 7 8 14 11 14 9 9 12 9 13 9 20 13 9 20 10 13 5 10 16 15 7 8 13 10 12 17 16 13 13 5 15 15 7 12 7 18 9 14 8 14 6 9 14 13 20 7 16 12 18 19 13 15 17 14 15 7 20 13 12 13 19 15 12 6 7 12 7 16 20 16 5 9 14 7 10 5 16 18 17 15 5 10 18 14 16 5 15 15 10 8 17 16 18 14 16 13 6 20 5 18 20 17 19 12 5 5 13 7 18 12 8 11 19 13 18 13 8 6 20 17 12 5 20 18 10 15 7 10 20 10 10 7 14 17 20 11 9 16 14 6 20 7 13 16 16 16 17 18 9 10 20 14 8 14 19 8 13 12 20 19 11 12 10 9 20 13 13 13 6 14 13 10 8 8 12 9 16 9 10 12 14 8 13 5 14 6 13 15 13 17 6 20 5 10 5 6 5 13 9 5 12 10 12 6 12 8 9 11 17 19 17 20 8 15 14 13 10 7 6 10 11 15 7 7 11 16 13 19 20 13 8 16 18 17 15 16 14 17 12 16 8 16 17 10 6 5 6 20 8 17 7 16 14 18 7 10 6 5 20 15 14 7 19 12 8 17 10 8 16 7 16 14 17 6 8 8 20 6 7 15 20 7 5 5 10 17 13 19 8 6 9 8 9 5 13 9 16 7 12 9 7 18 7 17 6 12 11 12 7 19 5 7 12 13 20 11 18 10 14 19 16 17 9 10 20 19 9 13 18 13 7 6 18 14 9 10 18 17 14 17 7 14 10 8 17 11 5 14 18 19 5 9 5 10 7 10 10 18 14 13 10 17 18 15 19 10 11 17 15 8 13 15 6 8 8 16 8 17 11 8 15 16 16 7 8 14 13 7 0 14 13 11 15 7 9 12 16
9 19 9 12 19 18 9 15 16 5 10 8 15 20 6 18 16 10 15 17 18 14 13 11 5 19 6 14 17 10 20 13 10 6 13 19 8 15 6 20 18 10 20 18 14 12 12 14 19 9 5 14 20 12 7 18 20 7 8 10 11 16 17 20 5 19 15 6 20 7 10 5 8 13 6 14 6 18 19 18 19 11 18 13 20 14 14 5 12 12 18 18 15 11 19 14 13 11 17 17 17 7 8 6 19 10 10 13 15 14 16 11 9 20 15 17 13 9 18 19 6 14 20 15 7 17 5 6 19 8 6 11 14 7 13 14 15 14 11 20 5 10 20 18 18 17 10 11 16 12 5 20 12 20 15 10 14 8 16 14 19 19 10 19 15 11 10 15 16 20 18 11 19 18 20 18 8 7 6 7 18 9 15 12 8 11 14 10 8 11 7 15 11 11 7 15 16 5 16 20 14 9 18 18 19 7 8 7 5 7 17 20 14 15 5 19 17 14 14 7 20 12 14 16 11 8 19 14 8 20 15 19 15 6 13 8 11 14 13 13 14 7 6 15 18 13 19 18 19 18 16 16 17 15 9 18 9 20 5 15 15 18 5 15 14 8 13 16 14 19 16 13 19 20 10 9 16 19 16 20 12 12 11 8 13 11 16 15 7 19 14 6 14 7 14 18 8 17 12 14 14 19 19 18 10 11 20 11 7 12 11 12 18 11 18 17 15 14 8 17 9 8 5 11 10 10 15 5 16 13 19 11 8 15 15 14 13 10 19 5 9 17 8 20 17 11 16 16 9 18 19 7 9 6 12 6 5 10 14 17 11 12 19 15 11 18 8 16 6 11 7 8 19 9 18 15 19 5 10 11 7 14 13 17 5 8 9 18 18 6 18 6 0 20 10 19 20 16 14 9
6 7 16 12 13 16 6 5 10 20 17 5 12 8 17 20 7 9 10 9 10 20 19 15 15 15 20 6 8 10 11 11 13 11 16 13 18 19 14 11 7 8 18 11 14 5 18 17 13 9 7 6 11 8 13 5 14 6 5 6 5 5 16 14 5 12 10 15 6 7 11 8 16 11 10 19 11 13 13 9 13 9 12 16 13 11 7 13 8 13 20 13 11 10 16 14 7 12 11 11 15 7 19 8 20 9 6 9 6 20 11 15 7 7 15 9 20 5 11 6 12 16 15 9 14 11 15 16 10 15 7 19 19 12 13 9 11 7 11 20 7 12 11 16 15 7 12 20 16 8 13 13 17 14 11 15 10 20 17 6 8 18 17 19 18 16 5 8 16 11 13 10 10 9 7 15 18 15 8 6 20 12 13 5 14 20 16 11 5 11 14 7 5 15 8 9 5 11 13 16 20 8 20 7 16 16 15 8 10 9 16 13 9 8 17 11 11 19 12 15 20 8 7 5 18 11 13 14 19 16 15 5 16 15 18 18 20 19 17 18 19 5 10 17 9 17 9 10 8 10 16 12 14 7 13 8 11 14 10 15 16 5 5 17 17 7 20 10 14 15 6 11 6 13 15 7 7 7 14 20 19 18 8 17 8 17 13 18 8 9 11 16 14 6 8 13 11 5 10 11 10 16 14 18 13 14 15 5 5 11 6 13 12 8 18 18 14 11 16 14 6 9 9 10 12 14 10 12 15 6 18 11 15 10 17 16 11 10 16 11 12 16 9 14 14 14 14 20 5 5 20 11 10 5 6 15 12 11 6 10 7 17 18 5 14 15 6 6 13 8 8 17 9 15 5 20 14 15 10 14 15 16 8 11 14 10 16 10 10 6 14 12 7 0 17 17 8 17 15 14
16 16 14 11 20 9 9 11 14 20 19 11 5 19 5 14 13 8 17 16 17 16 14 19 12 6 9 13 10 16 9 18 5 17 6 13 5 11 5 12 8 19 6 6 10 6 9 16 14 5 20 18 8 13 10 10 16 8 18 17 9 11 13 20 17 13 18 5 16 9 9 19 8 5 7 19 20 18 19 7 5 11 16 14 14 19 17 13 11 12 20 15 6 17 17 5 14 17 5 8 15 8 19 9 12 14 19 17 15 14 6 5 15 12 18 11 16 11 5 18 6 10 10 20 12 15 8 19 12 14 20 12 5 9 10 9 6 6 16 17 5 15 15 17 8 17 18 11 11 7 11 10 6 10 12 20 19 19 12 17 19 5 7 5 20 10 10 8 18 11 18 20 19 14 6 18 14 17 16 5 17 13 14 18 9 5 11 17 12 15 17 17 19 9 18 10 18 14 13 8 6 17 16 5 13 18 14 11 17 7 10 9 15 20 7 17 19 9 16 8 8 16 16 6 13 5 6 15 12 7 15 10 7 18 19 11 14 11 18 18 18 12 13 12 10 8 19 9 19 13 15 11 20 7 18 16 6 16 18 8 10 5 6 8 20 5 18 10 11 14 18 16 20 11 20 6 6 16 18 15 5 5 6 7 5 6 8 15 5 17 5 5 17 13 8 18 10 19 13 17 15 7 20 5 15 16 17 6 19 20 5 12 8 19 7 6 9 12 11 19 6 8 15 13 16 16 5 11 13 11 7 14 10 15 13 19 17 17 10 9 7 7 14 16 12 13 17 16 19 13 17 11 18 13 19 10 6 6 13 8 10 19 11 15 20 17 11 20 15 18 8 14 17 16 11 12 20 6 17 13 8 11 16 16 18 10 14 5 16 20 11 19 14 16 0 11 12 8 11 16
5 12 10 8 11 16 16 7 5 6 20 16 18 7 18 19 5 13 5 11 17 20 13 8 19 11 6 8 5 10 10 7 19 10 15 7 20 10 8 9 20 10 17 12 5 15 10 13 17 12 5 14 6 18 7 15 14 9 11 12 5 14 10 15 19 20 14 19 17 18 17 9 13 8 10 14 13 16 17 10 7 9 16 8 18 12 16 13 13 10 5 10 8 15 12 17 19 16 6 5 8 7 5 17 10 7 9 5 12 19 20 18 9 7 10 20 16 8 5 5 7 16 6 5 20 11 11 17 11 15 15 10 18 20 9 16 9 20 19 13 17 9 12 10 9 15 5 15 18 17 9 9 17 11 15 17 16 5 18 6 19 6 15 7 15 18 8 6 12 20 12 8 17 20 9 7 7 7 5 12 6 8 20 18 20 9 6 18 19 11 12 19 19 12 12 9 18 9 18 18 19 17 7 14 5 8 16 19 5 11 8 20 7 16 15 16 16 16 5 13 7 9 18 7 10 19 11 11 20 14 18 12 19 20 5 16 17 13 10 11 20 7 16 17 17 19 20 13 8 18 20 13 6 14 19 5 17 18 13 18 5 11 12 20 19 9 12 17 15 6 20 18 13 7 14 7 17 15 11 10 11 20 8 14 7 15 8 12 14 9 17 20 18 16 14 10 7 20 18 19 10 6 13 12 7 6 12 16 6 17 9 12 8 5 11 10 19 20 20 5 6 19 19 10 13 16 15 8 20 16 9 16 14 10 16 8 18 10 9 8 16 20 5 12 20 19 14 19 9 19 16 8 20 11 8 19 9 20 10 10 8 18 20 9 18 17 13 8 19 14 17 20 17 20 13 15 11 12 20 12 6 13 15 12 16 12 16 13 5 9 19 15 12 8 10 0 9 15 18 12
16 16 9 18 11 5 7 20 16 8 15 20 10 10 17 16 7 18 10 17 18 5 7 8 6 7 19 6 16 5 5 9 7 7 7 6 16 13 7 20 10 5 10 15 18 17 17 8 20 11 8 10 18 6 17 18 13 16 14 5 8 20 15 17 17 17 11 16 12 8 18 18 19 16 19 6 20 15 14 9 17 8 19 13 9 16 5 5 14 17 10 11 6 8 12 6 7 16 17 8 9 14 20 15 19 10 19 10 16 16 5 16 9 10 20 19 11 11 8 5 16 11 10 6 15 8 14 16 13 19 20 7 13 14 19 18 7 20 12 17 18 6 11 14 16 13 5 10 12 14 18 19 10 20 8 17 17 10 12 17 19 9 6 14 19 7 19 16 17 18 19 20 10 20 5 12 13 12 9 19 6 19 17 15 10 19 9 20 19 17 17 10 8 7 17 11 16 19 13 11 7 7 10 13 15 6 6 19 10 14 19 6 10 17 6 15 17 11 15 10 14 17 20 12 8 8 10 16 18 16 8 12 7 10 13 20 14 12 11 14 19 10 14 5 15 19 17 5 9 6 18 20 13 14 18 14 5 7 7 9 9 14 14 13 18 10 13 18 18 11 17 20 20 7 6 15 19 19 7 11 7 7 15 16 6 9 16 12 10 6 19 16 20 8 8 7 13 20 9 5 7 7 6 7 14 9 14 9 15 19 12 11 11 13 8 13 10 6 10 6 17 13 20 8 15 17 15 7 19 5 18 17 10 11 9 9 17 15 18 10 13 11 19 8 12 10 6 5 6 8 10 14 10 17 12 16 5 8 6 8 5 5 13 5 11 17 6 11 7 5 6 6 11 12 17 5 14 9 9 20 16 16 11 13 6 13 8 16 6 5 8 18 14 18 12 12 0 10 10 19
13 13 16 10 6 19 16 13 19 10 7 20 6 6 6 10 11 17 15 6 6 16 8 6 15 7 11 17 17 18 20 6 5 12 9 14 7 9 19 18 16 18 17 12 9 13 7 11 10 16 10 20 6 10 8 14 19 18 8 18 11 11 7 10 20 14 13 17 18 17 14 20 8 15 13 5 14 9 13 18 8 16 10 18 18 12 19 13 16 9 5 20 8 7 16 16 13 5 10 16 20 13 18 6 17 15 5 8 5 19 14 10 12 6 16 9 17 10 19 10 15 11 12 12 13 8 10 9 12 6 8 13 6 15 8 6 10 5 11 15 6 12 19 12 12 13 12 13 17 19 13 18 16 9 5 9 15 20 19 13 8 11 5 16 14 6 8 10 17 17 19 5 19 5 18 5 19 6 9 20 7 15 9 9 8 12 14 19 16 15 10 12 8 6 7 18 5 14 16 14 18 10 10 11 13 18 11 15 9 20 19 13 20 13 9 5 20 15 7 12 7 17 20 18 7 8 15 6 20 9 17 8 5 10 20 11 17 10 12 15 14 8 9 18 14 9 19 9 17 15 14 14 20 16 13 16 17 8 9 6 10 5 13 9 19 5 20 6 8 14 9 9 9 16 16 9 5 11 13 19 15 14 6 16 7 19 20 7 18 18 5 19 19 16 19 18 15 6 8 16 11 9 11 17 15 5 17 20 9 11 12 9 16 15 9 10 15 16 11 5 8 16 10 14 9 17 6 17 15 16 10 13 9 10 16 8 15 19 6 20 15 20 18 9 19 20 12 13 5 11 15 9 17 6 5 20 8 8 19 13 20 6 13 19 7 13 5 16 18 8 5 18 15 16 9 19 18 6 9 15 13 17 14 13 19 13 10 11 18 18 5 5 14 20 17 17 14 0 7 10
16 7 18 7 5 20 19 13 17 17 19 14 17 8 13 17 5 7 19 11 18 14 18 14 15 6 9 19 9 11 19 9 13 12 5 12 18 15 10 6 12 18 15 18 20 10 8 15 10 17 12 8 19 5 17 20 20 19 8 20 16 17 18 17 13 14 5 12 12 16 7 6 14 16 8 12 15 8 9 5 12 7 14 12 20 14 20 10 10 16 20 17 7 11 6 10 12 17 15 19 16 18 8 9 11 6 12 8 17 17 8 6 20 18 6 17 18 9 12 18 6 15 19 7 16 13 8 18 5 6 12 19 7 6 9 18 17 7 18 16 19 8 18 12 19 5 18 15 13 19 19 15 10 15 19 15 12 15 18 16 20 18 12 7 16 5 17 8 11 5 12 18 8 20 8 11 6 10 6 5 10 12 11 10 14 20 5 5 18 20 14 12 6 8 9 8 11 19 15 14 7 6 11 6 11 16 5 16 9 14 20 8 5 20 20 12 19 8 16 14 10 5 11 8 20 14 20 5 16 12 11 13 6 8 12 18 10 19 9 16 7 19 12 12 20 10 19 20 19 14 9 6 10 8 9 14 9 13 8 20 17 5 6 19 5 15 19 17 17 9 16 10 17 17 16 6 10 6 14 18 10 12 12 7 6 18 14 20 9 8 9 15 5 9 7 15 16 17 16 6 17 9 9 16 16 20 5 16 17 16 6 12 8 9 15 17 6 15 10 16 16 13 8 13 12 18 10 7 11 13 15 18 15 16 12 6 17 10 13 19 5 13 12 5 18 20 5 18 12 7 15 20 20 7 7 6 10 14 13 20 6 19 17 12 17 13 11 15 20 18 20 16 18 13 15 16 20 7 15 9 19 5 8 20 5 5 14 19 8 10 14 11 13 20 17 5 11 11 0 20
14 7 9 12 9 5 13 14 9 11 11 15 15 12 13 16 12 15 11 7 12 15 13 12 18 7 6 13 20 5 14 19 9 11 16 8 19 15 7 13 14 17 16 5 11 13 11 9 8 13 16 20 19 20 5 11 8 10 5 14 12 8 18 7 7 5 12 16 14 18 17 9 15 8 10 5 19 14 10 12 8 5 5 16 7 5 13 14 20 19 8 13 9 6 10 13 11 13 11 19 7 6 9 8 10 12 7 15 17 20 8 20 5 5 16 15 5 19 5 12 13 15 12 12 13 16 14 16 6 14 17 15 12 7 10 5 6 16 20 13 16 8 13 12 20 15 10 15 5 10 20 12 15 13 8 13 6 7 13 13 9 15 7 10 11 19 7 6 17 6 16 12 18 6 11 19 13 14 17 6 19 19 13 17 9 7 14 11 6 10 9 20 19 16 7 15 8 6 16 19 6 17 7 17 8 9 16 15 12 17 15 18 14 18 17 12 19 20 6 5 20 15 15 7 7 9 15 7 5 20 8 17 16 11 9 15 10 20 14 17 14 8 8 13 14 17 18 18 20 14 8 11 13 12 14 7 7 14 15 13 7 15 14 17 8 15 11 14 8 11 7 15 7 5 19 11 12 10 20 16 13 19 16 13 13 14 13 11 5 12 5 13 16 17 8 20 5 13 6 14 17 5 14 6 14 5 13 8 18 20 18 12 6 9 14 5 15 15 11 12 8 20 17 6 12 17 20 19 11 5 11 14 8 14 6 14 16 12 14 12 19 9 8 7 8 17 18 13 11 5 14 14 5 8 5 17 12 13 7 16 20 14 17 9 18 15 11 13 10 11 9 12 17 7 9 9 9 6 20 13 10 15 8 10 15 8 13 10 13 18 15 15 19 16 7 5 14 9 5 0
