500
75 39 37 87 10230
15 38 47 17 7090
46 29 94 31 1886
62 72 12 25 13241
74 92 61 65 6966
93 67 21 98 2001
97 29 40 23 10315
50 49 56 43 16272
87 66 33 42 17444
84 94 57 40 2581
68 29 84 51 15081
39 36 23 78 14208
12 98 81 99 16067
75 48 31 45 830
19 51 94 39 4658
97 41 91 45 1774
23 81 94 38 12415
27 13 80 82 14256
68 69 91 80 18222
37 84 96 35 1445
62 98 43 56 18358
33 34 15 58 16006
66 36 74 44 13830
22 52 96 41 19049
10 61 38 48 17063
93 85 67 53 12135
13 71 23 18 10657
68 32 63 70 54
39 16 28 31 17399
79 17 22 36 2889
80 49 86 44 17170
94 54 11 96 17361
95 57 78 14 4647
81 49 22 22 12787
88 24 23 59 5817
72 61 23 22 1527
61 62 24 43 3755
85 100 32 32 12807
85 76 50 62 13622
15 73 28 26 3255
42 28 46 29 8126
56 59 59 63 19140
80 47 97 44 9823
29 70 77 26 5635
75 24 18 94 16242
94 100 39 100 9365
74 73 90 66 588
55 71 15 85 19469
14 91 100 84 12497
67 29 99 24 12274
89 84 11 53 5999
34 93 92 30 11267
81 87 32 27 5667
27 97 13 78 19633
12 23 66 49 14415
100 99 51 18 15714
51 91 76 69 12328
58 100 79 23 2454
34 85 58 45 8210
93 40 77 63 17778
28 31 27 55 10250
98 19 76 37 13381
63 16 93 54 722
49 61 96 29 5694
83 23 28 65 12799
92 21 15 57 5300
53 54 45 41 10980
71 69 20 92 4556
28 55 30 17 4313
69 58 64 33 1847
64 36 36 42 9085
47 31 80 99 18044
46 41 69 38 14160
74 64 77 38 16384
91 73 35 87 448
52 90 79 60 5789
11 62 51 49 613
66 93 97 31 34
80 70 98 13 9369
68 91 53 53 6565
89 78 82 70 11656
11 55 74 33 5400
35 87 19 67 4254
64 99 66 100 9126
85 11 72 76 10328
17 52 37 92 6958
28 40 88 66 16334
16 71 59 89 3419
78 30 58 99 4155
28 88 77 23 11255
30 75 81 23 4570
18 82 66 43 5209
79 72 100 91 6772
39 70 12 50 18527
81 75 38 23 8133
42 26 98 14 4010
16 51 85 90 3809
68 29 52 43 11152
66 66 73 37 15897
25 64 81 15 5980
13 43 93 52 7236
71 29 76 72 15005
18 61 12 92 9561
77 16 99 89 817
45 28 11 23 8492
99 99 97 86 98
61 29 78 77 4505
21 22 36 44 8046
66 58 35 86 13994
52 60 53 52 2324
50 47 98 47 15575
69 66 41 28 13179
40 26 77 60 3907
30 13 59 99 15944
66 81 94 40 17286
65 20 73 77 1454
26 74 25 62 2742
23 21 75 42 15481
94 28 98 14 11908
10 49 31 14 10165
28 68 43 69 14753
43 77 93 55 4395
88 90 53 95 5197
60 92 71 85 18513
29 45 73 64 5778
32 14 26 28 13566
98 83 94 24 18736
13 59 30 91 7630
34 80 23 89 1776
45 36 92 65 11287
76 58 78 78 15398
40 84 78 53 14430
23 18 82 65 5314
40 94 49 53 5723
79 24 31 22 19685
20 78 85 46 8362
96 94 40 62 6069
55 79 60 92 8852
55 30 68 47 13113
68 93 52 36 4047
14 80 55 12 10621
98 84 42 78 2788
53 26 77 51 10937
68 35 81 86 12454
99 57 55 85 3432
63 35 76 23 15511
99 19 83 94 5968
49 21 13 62 17741
71 60 72 60 8411
51 65 70 40 18957
80 10 100 13 14197
91 64 91 12 13178
58 93 55 65 13476
48 39 87 84 8477
67 59 42 71 15051
64 23 64 68 1736
21 57 31 47 7108
81 58 70 87 1866
20 27 66 96 8587
94 99 23 23 7782
86 98 18 30 3518
20 17 36 18 6997
71 69 83 43 2680
14 14 10 52 11333
58 10 77 67 1502
36 83 25 45 19212
25 59 34 100 5107
82 78 44 56 11311
49 16 26 14 5802
96 95 88 17 17939
11 17 63 52 14901
49 55 39 52 3017
56 29 99 12 5549
74 69 17 22 6797
27 56 74 89 12459
98 99 55 83 18040
87 30 51 74 18001
45 32 78 64 2511
75 72 63 100 7300
80 71 17 86 6647
72 57 50 45 12024
51 23 15 90 13279
76 67 71 32 1169
70 89 61 27 7731
76 98 40 11 19361
67 56 100 69 2902
92 46 83 84 2272
69 15 10 89 7722
16 87 35 38 9256
97 74 76 90 7500
92 70 66 97 8221
10 68 12 84 11088
11 28 40 12 15675
51 43 30 54 997
43 64 96 21 18204
88 31 80 19 8462
20 41 93 16 10974
51 34 80 77 8293
58 12 56 26 3011
94 99 91 55 13053
13 63 77 63 18087
84 81 52 51 14799
68 17 19 25 5443
63 10 99 65 9536
80 40 55 100 18293
71 70 33 14 2330
50 61 41 12 1665
68 16 50 91 3893
69 91 67 75 15920
22 71 93 33 4848
79 20 21 87 17072
75 26 43 22 13399
81 99 22 41 2791
66 99 98 88 10402
28 31 66 96 3338
85 73 63 12 128
100 73 43 23 17764
96 20 93 36 9591
51 22 77 17 19868
87 60 88 98 8201
21 81 19 54 18005
22 28 79 17 2844
11 74 75 66 15700
63 43 67 17 8361
13 75 59 82 16810
62 10 77 83 10225
31 20 52 21 2898
87 59 39 26 3987
11 29 16 17 905
75 42 79 54 13102
79 100 32 85 1805
15 91 59 81 15469
28 66 90 11 11274
18 84 50 80 16376
34 99 69 84 19163
54 22 81 10 11529
99 86 49 45 4434
34 95 42 46 2686
25 49 13 97 18347
63 28 54 28 18
40 25 40 12 639
74 11 14 98 18422
32 93 43 90 8854
66 100 24 41 10968
62 44 22 71 7902
34 66 27 25 18966
10 42 26 90 18572
60 58 97 19 5732
13 11 18 78 1332
37 61 59 58 2481
26 59 81 37 17235
39 84 64 60 16707
66 51 46 11 12034
18 27 93 39 18585
22 89 69 100 10081
10 45 51 17 10031
93 25 100 69 19092
13 17 14 30 16469
90 69 56 40 8269
81 41 12 89 14100
95 89 14 93 883
70 30 57 28 2881
94 10 73 28 2365
73 88 58 50 4833
62 24 32 85 15412
92 61 16 80 15951
88 74 13 58 19543
100 70 47 95 18805
75 50 64 60 3210
72 11 72 98 10408
55 30 72 86 743
49 13 67 88 10570
78 99 90 39 8642
66 44 40 14 11237
74 58 28 73 15416
46 85 58 19 16708
92 68 86 75 15761
79 97 27 82 5753
15 89 45 47 6355
26 81 35 59 16160
99 23 70 61 13298
82 100 27 94 6824
69 100 30 73 15051
10 93 48 35 8626
100 90 69 76 10229
87 50 26 75 19189
96 94 85 87 3314
35 32 55 30 11210
78 42 73 80 9848
57 88 88 58 14033
42 12 11 37 17087
10 75 34 88 1001
61 42 69 29 6525
82 94 37 84 1164
40 61 10 36 15830
93 48 97 92 11008
10 47 99 55 13584
16 51 51 49 1353
13 91 80 26 4919
61 66 33 13 19953
10 100 79 17 6396
32 94 66 96 6880
24 39 98 82 2429
89 51 83 63 11847
89 29 90 53 8004
99 32 71 27 7469
54 87 16 21 128
26 71 61 52 11583
81 72 40 98 12413
69 86 18 58 3047
75 96 90 78 6163
21 77 41 66 9840
20 90 35 89 2983
47 48 61 77 2319
79 11 91 75 3047
57 11 16 38 14697
99 80 67 58 2304
60 27 70 13 7798
19 54 95 93 1005
61 64 69 87 11154
55 31 71 84 12383
35 68 38 69 16643
66 56 48 62 8051
85 100 86 63 7624
56 34 50 13 2985
92 94 86 54 18521
53 79 85 63 17522
88 33 45 13 15251
30 39 46 35 14182
49 81 24 69 19507
18 20 66 83 9001
77 68 16 76 4142
13 62 51 51 14554
20 70 97 12 4349
14 14 91 75 10842
26 66 84 71 8568
16 22 67 73 11448
18 68 69 54 3059
36 78 95 90 7555
73 21 25 78 11081
21 15 15 24 1603
48 34 30 47 9472
88 63 64 100 12485
92 92 38 45 2638
68 54 74 65 10097
88 99 45 21 17506
59 32 30 13 5543
46 61 52 20 6140
47 100 68 46 2122
18 29 78 92 9111
17 87 54 16 9181
82 64 70 93 15154
54 35 74 36 3409
79 76 76 81 17297
12 18 22 88 11118
19 92 13 98 18041
40 10 75 80 5420
46 84 59 17 7608
74 72 30 13 11966
41 76 76 95 18178
12 82 82 59 4265
71 12 99 61 19221
69 51 95 30 6388
82 98 12 25 16464
50 59 88 31 5490
89 35 25 35 741
50 46 81 32 11054
40 26 100 50 9657
10 87 90 65 19969
89 19 44 75 5267
96 78 69 72 16132
24 76 83 73 10226
53 53 99 82 9496
67 37 13 13 3660
50 76 21 99 12190
73 40 68 97 2786
64 56 62 60 2560
20 33 76 12 9878
26 61 19 31 17098
69 100 96 49 1531
11 72 26 11 12461
95 93 68 98 15693
91 81 35 21 8047
91 19 41 47 2316
58 34 22 70 2847
79 87 66 73 15803
73 11 83 74 6310
92 16 66 12 572
45 98 70 61 12169
13 49 46 49 12232
42 54 28 59 5243
73 14 80 83 3165
28 85 91 45 762
91 67 62 19 15844
42 80 57 72 1758
59 81 22 100 16864
62 64 97 42 13747
32 80 69 38 19500
34 12 60 21 7361
45 95 48 98 16242
33 99 71 78 3871
64 34 30 45 16991
59 22 27 99 13822
19 35 36 84 17442
65 65 23 30 6021
24 22 18 44 18579
42 12 36 83 1243
94 91 23 48 15601
32 86 90 86 13103
22 41 68 36 19406
80 54 10 25 6237
50 89 36 26 1052
55 66 69 69 7312
28 61 83 28 15985
17 96 98 94 10696
92 77 72 77 14641
92 41 52 88 8344
97 47 72 93 17908
66 49 62 44 3626
39 47 71 23 2372
50 56 57 60 7366
72 63 60 70 17765
59 55 98 68 11058
63 87 94 27 13051
93 80 80 52 15969
12 45 60 69 18433
27 17 58 94 17162
96 43 44 34 15092
56 86 28 36 9070
82 89 57 91 18703
46 49 75 64 12286
46 47 91 64 12725
48 56 98 35 8243
74 52 13 47 764
38 84 58 41 11210
49 51 88 41 4320
92 89 25 39 16021
64 76 85 45 12869
42 10 94 95 4148
67 32 23 91 14958
82 83 48 96 19104
27 17 42 27 6506
18 23 27 25 4534
78 29 87 45 14826
21 55 64 82 6531
17 89 62 92 6221
81 81 63 67 16512
46 65 76 10 1439
73 45 11 35 698
90 64 30 69 11642
32 62 80 78 12012
83 41 80 99 19884
41 82 74 83 18682
71 82 41 82 7466
42 100 65 85 2117
91 24 30 40 339
83 81 92 20 12701
16 40 13 34 5768
22 80 60 67 5220
21 52 22 37 18760
94 62 95 55 18511
19 92 54 45 2424
11 19 72 81 1190
48 100 97 37 14599
36 18 58 58 10435
100 25 67 92 9651
27 29 48 78 13917
83 22 36 74 5601
18 14 88 24 11787
55 27 74 79 7041
33 96 58 22 6836
78 91 52 78 3250
60 81 88 68 6675
48 79 55 39 16082
32 89 10 92 6729
10 28 15 30 5403
65 78 79 88 3870
53 27 86 40 18720
30 14 64 16 13689
95 36 62 20 18685
92 91 36 54 1987
65 99 16 34 19318
24 61 78 43 8016
58 56 44 40 13286
56 69 40 19 5120
18 45 56 32 1822
95 66 68 25 12736
89 15 50 11 11574
88 22 96 84 639
10 12 86 14 8082
61 80 48 64 3571
94 81 26 11 2057
61 42 53 11 3691
34 65 21 58 18838
15 77 40 33 11147
89 58 58 11 12599
43 52 11 82 12344
84 11 81 99 15374
43 67 82 49 12208
11 54 79 44 20000
0 14 9 7 2 20 9 14 1 9 8 17 7 8 9 12 20 13 17 15 11 3 14 17 13 15 3 4 3 6 4 16 16 6 6 7 4 11 12 8 19 6 19 1 19 1 18 2 2 18 6 6 2 14 11 12 4 1 11 11 20 10 16 18 1 17 16 18 17 4 9 11 20 20 14 4 16 12 3 14 16 7 8 4 12 20 7 10 1 17 1 9 4 3 6 11 20 20 13 1 20 14 18 1 9 5 1 3 18 12 14 14 18 15 16 2 5 19 13 9 1 7 4 4 7 16 17 2 14 16 5 11 5 14 18 5 17 13 5 2 17 6 11 2 13 17 13 15 10 5 17 13 7 13 5 15 11 4 15 18 1 11 19 9 5 15 1 9 11 19 16 18 5 19 2 20 4 10 5 6 12 6 8 20 8 7 6 10 2 7 7 5 9 14 20 12 13 1 10 12 7 19 10 8 9 3 5 7 11 9 4 7 5 20 10 11 12 6 4 9 18 15 18 13 7 14 20 1 14 1 2 17 9 15 20 19 16 9 15 11 5 4 1 4 13 6 1 2 16 11 2 18 4 8 17 13 1 10 17 5 10 16 2 15 17 20 2 15 3 8 6 7 1 7 14 1 12 6 20 17 19 17 14 15 3 18 16 18 2 15 2 11 2 4 15 2 14 9 16 15 17 9 18 14 18 6 9 15 3 14 10 8 11 3 13 9 2 2 16 12 11 19 16 12 17 9 8 13 10 2 4 17 14 1 15 6 9 15 5 14 8 8 6 13 11 20 11 14 20 18 6 9 13 1 9 4 8 20 17 14 6 18 8 8 13 6 10 1 9 15 13 16 17 4 7 8 14 13 18 6 13 6 3 15 7 11 5 19 19 2 16 1 4 15 15 1 14 20 15 1 9 18 1 19 14 16 8 8 8 10 10 5 5 13 18 2 4 11 15 10 11 15 9 17 19 4 12 14 6 9 18 4 18 15 2 18 11 9 16 5 3 5 14 19 10 2 8 13 11 16 13 9 6 3 6 17 3 10 13 3 20 3 20 19 16 6 11 3 20 14 14 19 13 7 9 11 4 11 19 2 19 15 6 3 12 6 16 15 10 8 8 15 8 15 11 1 18 2 16 4
9 0 8 9 1 8 4 7 2 14 10 9 19 3 2 8 8 2 16 18 2 19 14 7 10 4 6 20 14 3 7 14 2 1 11 12 15 3 18 15 12 11 19 5 1 9 4 18 20 10 14 4 6 15 13 12 5 7 12 9 13 20 4 19 6 16 7 18 18 5 7 6 13 13 11 1 4 4 6 10 7 20 2 12 11 7 14 15 5 5 20 18 7 8 13 2 1 6 3 10 2 17 17 15 5 17 16 14 19 16 17 11 9 5 6 12 5 2 20 5 18 10 20 13 2 7 5 7 18 1 14 18 4 10 2 2 2 4 14 2 6 3 20 10 20 16 20 7 5 14 2 16 16 19 6 17 3 1 2 19 6 2 14 1 10 1 13 20 11 2 3 20 8 10 14 6 7 13 3 13 7 19 10 13 11 18 10 12 13 18 2 5 11 3 12 19 3 13 12 6 15 18 14 6 17 10 9 1 10 20 2 8 4 5 15 15 1 15 5 7 13 2 7 2 20 15 10 6 12 6 17 2 16 5 13 11 10 13 9 8 5 15 10 19 18 5 12 3 11 10 7 1 4 13 6 13 11 8 20 2 1 11 7 19 6 7 1 13 8 6 12 15 10 11 18 17 20 9 7 16 4 15 6 15 5 19 10 19 4 13 8 9 14 1 14 1 11 5 3 10 14 12 9 14 3 4 4 4 5 10 2 3 2 8 7 12 4 11 5 7 1 9 9 10 2 13 8 9 8 1 1 11 9 19 9 12 19 12 11 13 17 5 12 14 8 7 10 11 6 1 19 14 13 20 10 16 14 9 15 11 6 11 4 17 17 16 15 8 6 2 18 14 12 1 2 19 7 13 5 1 3 2 15 9 5 2 9 16 12 2 16 13 15 18 12 1 11 11 9 1 3 17 15 20 2 7 11 6 19 5 4 19 7 19 7 10 6 5 18 7 14 9 5 7 8 11 12 13 9 19 19 9 12 7 7 1 4 9 16 18 12 14 14 10 16 14 19 17 8 10 7 3 3 14 11 10 11 16 11 1 9 6 10 2 9 18 6 10 20 16 10 13 10 12 19 16 4 9 19 1 10 20 5 4 9 9 3 5 15 10 7 3 12 4 10 1 9 4 1 15
9 13 0 7 12 6 8 19 4 18 4 9 7 6 5 6 11 1 8 5 18 15 18 14 4 6 9 11 16 10 9 13 16 12 2 13 15 14 8 7 17 5 2 7 16 6 8 6 15 16 10 5 16 4 9 10 5 14 11 4 18 8 19 9 5 13 11 20 12 19 4 9 15 6 7 1 11 16 9 15 9 1 7 19 10 9 12 1 9 15 7 1 8 12 3 17 16 20 15 11 7 8 12 15 5 5 17 4 8 14 8 16 20 14 11 13 14 16 13 16 8 14 13 5 2 11 11 17 8 6 17 3 19 10 18 16 5 6 11 17 3 8 7 7 2 17 16 7 13 11 5 13 10 15 4 12 14 17 3 13 11 17 20 7 20 13 18 13 7 15 6 20 8 14 16 10 9 13 15 1 8 18 9 4 13 14 2 16 15 13 1 3 18 1 10 12 20 9 4 19 19 5 10 6 10 14 5 3 14 13 3 3 4 10 14 10 10 17 8 12 14 18 13 9 19 20 17 7 16 6 12 2 3 17 7 13 17 15 19 4 13 1 14 15 4 11 11 12 11 17 13 19 11 19 19 12 1 6 5 18 6 4 10 11 1 7 12 10 16 2 1 4 7 13 18 19 5 1 13 15 16 16 8 13 7 10 18 19 2 8 3 16 7 6 1 20 7 11 9 11 15 14 19 9 1 18 3 6 13 6 1 6 9 20 20 4 11 3 6 16 11 2 19 15 15 13 8 18 14 13 11 20 5 16 14 5 3 8 1 13 2 4 2 1 12 10 15 5 11 2 14 20 8 15 5 8 9 13 18 3 14 17 15 1 9 4 13 9 20 14 7 10 7 10 7 10 4 18 15 20 4 13 8 10 1 12 7 7 6 5 6 17 1 6 19 11 17 7 6 2 16 7 7 2 19 18 8 8 12 15 7 5 12 19 12 17 2 20 12 19 17 14 3 4 3 18 16 10 18 20 1 14 20 17 9 13 11 3 15 12 18 14 1 18 4 15 14 17 19 7 18 16 13 12 15 10 4 20 13 1 4 15 7 7 6 3 11 16 2 20 18 4 6 20 2 4 12 14 13 20 19 9 12 14 20 3 1 14 20 19 19 15 9 18 8 1 17 8 10 4
13 16 9 0 4 19 18 6 8 19 19 11 3 12 14 13 15 5 6 16 2 9 10 3 10 19 16 16 4 17 5 8 10 5 19 16 20 12 14 9 16 2 6 1 9 15 4 8 7 1 14 1 6 8 10 17 20 18 10 7 17 11 19 6 11 2 12 6 15 3 1 3 13 20 12 7 18 10 3 12 12 5 18 13 3 13 13 2 17 15 2 7 8 8 7 4 2 12 14 13 6 15 13 13 4 9 4 10 11 8 7 11 17 18 4 9 6 12 4 5 7 8 16 3 1 6 12 17 19 14 20 20 9 18 15 12 12 11 13 10 6 6 17 4 9 8 6 15 13 7 12 13 1 11 13 8 3 4 6 17 2 11 11 17 8 5 12 1 3 12 17 4 3 10 3 9 8 18 6 3 8 19 8 7 19 5 2 20 6 16 14 14 4 7 18 17 1 12 15 13 12 19 19 8 2 18 9 14 5 2 18 16 18 14 12 18 11 6 3 7 11 12 18 1 18 4 17 7 18 4 10 13 10 14 17 6 18 12 11 5 19 3 9 15 14 1 3 16 20 9 16 3 15 15 3 7 5 5 1 6 19 15 4 15 1 3 11 14 14 19 3 20 6 7 5 18 13 11 4 14 2 8 8 20 12 3 12 12 9 14 15 1 16 6 10 19 17 10 3 12 5 3 14 4 15 18 15 3 16 15 18 8 4 16 4 4 13 15 13 12 7 16 2 20 9 19 5 18 18 7 5 2 10 1 8 10 15 17 4 16 11 17 6 4 18 16 19 10 5 4 14 18 17 19 20 17 14 9 3 3 12 8 18 4 11 13 17 5 7 17 7 15 3 8 5 7 9 11 11 14 18 12 7 11 15 12 9 6 15 18 7 1 8 3 6 19 15 8 13 7 11 18 14 4 3 9 3 4 7 12 8 20 7 12 15 4 8 12 10 18 7 3 8 4 8 3 9 7 18 7 8 10 12 4 9 19 19 7 11 8 10 3 16 14 19 14 12 16 7 7 12 13 11 8 1 17 10 9 7 8 12 2 17 10 11 12 11 18 20 18 4 8 7 5 14 18 6 11 19 6 1 14 19 15 11 5 17 9 15 14 13 14 9 13 7 6 4 9 19 14
4 2 1 1 0 6 11 6 10 8 17 16 8 5 17 11 10 16 12 3 14 1 2 7 16 10 14 15 9 9 20 17 1 17 4 6 3 2 4 13 12 4 11 5 8 3 3 4 2 1 8 11 8 1 20 11 20 15 19 4 3 2 11 3 10 16 12 9 14 8 16 1 15 9 11 12 6 4 2 16 16 9 17 15 20 17 6 7 19 4 2 2 20 17 18 15 9 1 1 2 17 18 5 3 18 20 13 17 16 6 17 13 9 14 18 11 7 16 3 20 8 3 10 5 20 19 12 17 9 9 3 15 8 1 4 14 17 19 5 13 16 9 16 16 2 13 10 2 4 3 6 4 11 3 1 2 1 3 3 3 12 13 10 9 16 13 5 13 14 14 4 11 3 10 19 5 15 3 19 12 19 17 18 9 10 4 20 2 9 11 17 14 13 19 3 8 5 12 16 7 17 6 8 7 13 5 7 9 1 20 12 8 4 11 3 13 12 17 13 13 17 11 1 2 15 17 13 14 12 15 2 18 10 7 14 5 12 15 5 10 16 5 13 1 16 11 3 1 4 14 16 1 4 5 12 7 5 16 20 12 20 18 15 6 8 4 10 13 5 14 14 12 6 8 8 4 20 14 4 19 16 3 20 8 13 1 3 16 11 17 18 7 14 14 3 10 7 8 19 12 1 12 17 15 7 1 9 14 4 12 8 2 12 3 5 16 9 14 1 13 20 3 14 17 8 6 4 1 20 5 2 9 20 17 20 9 20 16 6 3 14 7 12 18 10 3 6 5 1 13 2 20 4 4 19 3 11 1 17 4 1 19 3 7 8 14 14 7 1 19 20 4 20 16 5 11 8 20 14 7 13 2 9 10 11 14 1 9 1 4 18 2 18 18 11 2 8 4 17 18 18 13 1 5 9 13 16 11 8 10 5 10 6 19 2 7 10 5 11 19 20 16 18 9 2 16 7 14 8 15 19 2 11 13 9 18 3 19 19 2 14 15 3 15 13 18 1 12 13 20 15 13 13 3 20 3 16 12 2 20 3 12 16 16 7 9 17 15 10 12 2 4 18 18 10 8 9 9 12 11 16 4 6 12 8 5 10 12 16 8 20 20 15 3 20 17 13 1 19 19
15 10 7 5 15 0 15 20 10 18 7 16 9 20 14 17 6 8 8 13 12 14 15 5 8 12 19 9 3 16 5 7 3 7 14 1 12 12 11 14 3 16 18 19 3 4 16 19 18 17 10 15 10 13 4 1 14 20 9 8 9 8 7 3 11 18 8 5 16 20 5 17 6 11 7 4 13 5 13 6 4 17 6 10 20 20 13 20 14 5 16 12 6 15 9 13 7 5 20 9 13 2 5 4 19 17 9 19 6 5 5 8 1 4 3 16 9 8 1 2 1 19 19 2 18 5 2 7 5 11 5 18 12 17 10 8 6 17 10 14 6 11 17 4 2 4 2 4 7 2 9 20 6 2 7 11 13 10 16 11 4 11 6 17 1 15 7 19 2 15 15 5 18 10 10 8 11 18 8 6 19 2 10 7 18 11 1 16 9 15 10 2 1 16 7 4 5 13 9 6 15 14 14 9 5 14 3 11 20 19 13 10 12 20 6 15 17 5 13 2 15 20 12 16 9 11 7 20 9 8 7 12 13 19 7 15 9 2 17 3 8 8 9 6 4 18 10 6 5 7 2 6 14 12 3 5 11 9 1 14 7 13 8 14 9 16 15 13 7 14 19 10 7 2 8 11 13 12 2 1 5 3 9 12 14 17 7 5 9 3 6 1 10 6 14 1 5 10 8 4 13 11 9 19 12 19 13 8 7 2 11 2 18 9 18 9 8 6 4 20 9 8 9 4 19 14 15 12 2 8 14 16 3 5 17 16 12 19 7 13 5 12 6 6 2 18 9 3 10 17 8 3 16 3 1 17 7 8 17 14 13 7 20 18 14 7 5 5 10 10 16 19 18 16 9 8 15 14 4 13 16 1 15 14 17 10 5 2 9 8 1 14 20 8 13 3 17 4 1 1 8 8 3 18 17 8 17 6 8 14 12 7 14 7 1 19 7 17 3 7 17 18 1 10 7 17 13 14 12 2 7 4 1 12 4 11 8 17 20 17 1 2 16 8 11 9 7 16 12 16 1 16 3 11 9 15 7 2 16 13 13 7 8 16 3 2 8 5 6 16 17 19 16 18 3 7 18 13 20 16 5 18 17 20 3 18 15 1 7 1 10 13 13 5 3 4 19 11 6 12
1 14 10 2 18 11 0 15 13 8 14 2 5 10 16 17 10 16 8 20 19 15 9 13 7 10 13 13 20 8 19 13 1 8 17 19 10 20 15 1 16 5 6 14 9 16 8 1 15 10 4 15 9 14 3 19 7 15 7 5 4 3 18 17 4 20 14 13 1 14 11 17 15 19 2 2 20 2 13 9 5 1 8 19 5 20 20 12 5 15 3 10 6 11 7 18 12 14 6 4 18 1 18 11 6 10 19 16 20 2 8 16 20 12 3 5 7 15 4 3 19 14 7 6 15 5 5 11 5 16 12 17 4 3 1 16 17 18 1 6 20 17 20 1 9 20 6 9 18 12 19 19 16 16 5 19 11 4 3 14 4 4 10 3 8 6 16 4 6 10 7 15 16 17 1 2 1 5 14 18 11 20 8 2 7 2 12 17 10 13 13 6 13 4 1 3 16 10 6 4 7 19 16 4 14 9 19 19 4 13 10 11 9 3 7 1 3 8 5 6 17 8 8 1 5 10 1 19 4 16 7 12 11 18 6 11 11 13 9 12 3 16 9 2 19 8 10 12 14 10 12 13 19 3 16 17 13 20 3 11 10 17 3 5 13 12 15 14 11 5 5 13 14 20 12 11 5 14 19 14 13 1 5 15 6 7 2 20 8 19 1 17 7 11 13 15 7 14 11 14 5 4 18 9 17 14 2 8 10 4 12 2 18 3 11 19 3 18 4 5 10 6 16 10 15 12 9 6 20 12 1 20 4 17 12 13 18 11 19 8 12 6 10 1 7 8 2 14 5 15 15 8 2 14 14 20 5 10 12 3 20 1 18 4 17 20 9 11 17 14 7 1 9 19 8 19 11 15 18 2 16 9 3 17 5 17 4 10 3 3 3 3 14 14 20 14 5 18 9 20 14 16 18 20 13 18 8 1 11 8 9 15 18 6 1 2 17 6 20 9 19 18 9 13 15 12 17 20 11 19 20 15 15 19 2 15 1 14 16 8 4 17 12 12 3 13 18 13 16 17 20 19 11 17 2 14 15 3 1 10 4 5 11 2 11 2 4 5 7 7 10 10 4 19 8 3 14 19 11 2 11 18 8 11 19 14 8 11 3 19 3 6 19 17 5 4 16 8 17 1
3 12 7 17 10 9 1 0 2 11 10 9 2 12 13 6 10 13 6 6 2 7 13 3 4 18 6 11 18 18 16 20 9 18 2 9 14 9 1 8 11 7 6 16 10 11 2 18 4 14 19 15 18 5 20 10 9 16 16 8 14 12 2 11 6 16 9 1 20 1 11 12 17 12 2 6 4 7 2 12 4 5 4 14 3 19 8 13 11 14 12 12 2 7 18 9 18 15 12 1 12 19 11 11 17 13 18 14 19 14 9 8 4 2 9 19 17 13 18 3 5 4 16 14 10 11 19 11 12 20 8 1 13 15 17 11 2 16 2 12 7 2 18 14 10 7 5 14 4 5 19 7 2 3 17 9 5 20 11 6 11 5 2 19 18 13 19 9 14 6 3 13 1 5 6 7 15 5 3 20 14 20 5 19 7 9 3 12 3 5 1 13 13 13 12 3 19 7 16 10 4 17 1 11 14 20 19 15 14 6 18 17 17 7 6 4 4 18 13 6 8 9 5 4 2 18 15 13 8 14 15 18 4 12 19 14 2 9 14 8 16 18 11 8 10 17 14 11 5 8 19 1 13 18 6 14 6 13 10 4 14 11 9 20 15 18 19 5 18 6 2 10 19 17 19 17 19 10 17 19 8 12 15 5 3 11 5 13 11 13 15 13 11 4 17 8 2 12 9 4 2 8 9 20 12 3 9 5 18 20 13 1 10 15 9 10 15 13 3 13 14 2 2 7 20 9 5 13 8 16 18 16 12 16 16 17 1 4 8 1 19 9 6 3 10 18 19 20 9 9 7 17 12 11 8 11 13 4 20 8 5 15 3 6 18 13 11 2 18 15 12 2 6 5 8 7 12 12 16 4 6 20 17 6 15 11 16 16 6 4 14 13 10 2 20 15 18 15 12 12 19 1 3 15 9 14 3 13 6 1 2 1 8 12 9 12 12 17 1 6 1 3 16 8 5 15 9 18 4 10 17 8 3 13 9 14 7 12 10 10 8 13 1 18 10 4 9 1 3 5 6 18 7 17 2 20 2 4 6 4 7 9 1 19 10 12 14 7 4 3 11 5 18 5 6 4 10 17 12 15 6 7 8 1 18 4 16 11 5 15 16 18 20 7 5 13 14 15 2 1
3 18 4 18 13 14 11 16 0 9 11 20 13 6 16 4 19 18 9 2 18 1 10 1 12 15 15 1 10 15 12 4 19 19 14 7 16 18 16 15 4 9 4 7 12 11 4 8 2 12 18 10 15 6 4 1 19 20 20 10 14 18 14 2 10 11 3 11 15 1 8 1 13 7 16 7 18 18 14 7 5 8 18 3 4 5 2 11 11 2 8 12 17 17 15 3 3 13 15 5 10 2 10 16 9 16 11 12 13 12 6 5 6 5 9 11 10 7 7 13 13 16 18 12 18 4 7 17 10 10 10 6 4 5 4 12 2 16 15 18 4 6 17 15 4 16 8 2 16 6 8 7 5 4 7 16 13 7 5 17 1 9 15 10 16 19 5 8 19 7 8 9 15 3 1 11 6 19 20 8 5 17 17 10 6 3 11 11 17 2 3 16 14 2 19 2 9 6 6 16 1 20 15 16 19 16 14 20 5 17 1 11 17 8 15 11 14 18 16 19 1 19 6 5 18 16 2 6 18 17 5 3 4 18 1 8 6 18 2 2 1 16 2 4 17 7 13 13 16 20 11 16 11 16 6 12 13 11 11 19 15 20 3 9 10 6 13 16 3 19 19 1 6 18 3 15 19 5 16 13 1 9 18 19 16 19 16 13 7 10 13 19 20 11 2 17 4 17 1 8 16 13 11 15 16 16 14 5 7 3 11 10 6 13 6 7 3 4 20 1 5 5 7 10 2 19 14 10 12 13 19 11 8 2 18 10 18 9 12 17 12 9 18 20 1 14 13 5 19 5 15 15 18 20 11 11 9 10 4 15 15 16 12 10 13 16 9 18 6 17 9 12 5 1 14 8 6 1 15 8 15 20 16 11 17 4 12 18 20 20 20 9 1 19 7 7 4 15 18 11 20 10 15 13 4 3 20 12 20 1 9 11 12 2 19 16 18 4 3 20 17 4 6 8 9 4 14 11 10 8 12 5 1 9 16 7 10 4 7 18 5 9 17 5 8 3 10 14 14 5 12 4 8 5 17 3 15 17 5 5 13 10 8 14 13 9 15 20 7 4 16 5 14 15 7 7 11 12 18 12 16 7 20 17 10 20 7 8 8 11 15 4 4 9 6 13 9 2 11 10
6 4 7 20 5 4 17 18 18 0 2 3 14 3 12 3 9 19 12 1 16 18 4 6 14 8 5 15 19 4 12 12 15 5 18 13 8 12 1 8 6 2 5 7 10 20 12 13 8 19 5 10 11 2 7 18 2 20 3 13 16 1 10 14 7 10 16 12 11 17 6 17 7 3 7 10 14 16 9 6 13 7 7 6 1 9 2 19 11 6 17 16 13 5 11 19 1 8 11 6 18 18 10 3 1 19 12 4 4 14 19 12 15 14 7 17 11 16 19 2 12 13 7 8 9 18 3 7 6 15 20 10 8 4 19 11 12 1 11 5 20 2 14 18 13 5 14 7 18 18 15 1 20 20 12 16 13 4 15 14 13 11 2 16 9 2 18 17 16 8 11 18 13 11 15 4 14 6 10 16 12 2 8 4 10 12 13 3 10 13 8 19 1 11 5 11 20 11 3 11 10 7 18 6 15 3 8 11 18 14 19 20 5 14 18 14 8 20 5 9 17 7 16 1 17 2 8 17 20 19 15 12 13 3 14 18 18 18 12 8 10 20 18 7 14 6 3 2 12 2 13 12 12 8 16 19 12 11 14 13 15 5 2 9 3 15 15 14 11 11 10 10 17 7 5 12 13 13 6 10 11 18 8 7 5 10 8 13 4 9 3 15 3 16 1 20 7 7 9 14 13 4 3 1 15 3 11 5 16 10 19 17 18 10 15 5 13 12 17 8 17 20 6 19 20 7 1 8 14 11 15 9 14 11 18 14 15 17 9 16 20 9 3 13 3 17 9 12 11 11 9 14 14 8 15 13 6 8 2 20 9 3 16 20 20 19 18 3 3 14 9 17 14 12 17 16 13 14 12 8 16 7 14 5 8 5 5 14 4 3 18 18 4 10 15 20 18 17 6 17 2 12 5 16 19 8 15 18 9 20 18 2 17 19 4 17 20 10 17 14 6 8 13 16 1 19 20 9 1 19 9 3 14 10 10 12 16 1 3 6 16 19 4 17 2 17 18 1 9 9 15 10 6 5 20 15 14 18 10 12 8 19 11 15 3 15 17 5 20 16 2 5 7 12 1 20 13 7 13 17 3 16 3 7 20 10 6 18 9 8 14 2 19 20 19 14 10 10 10 8
8 4 11 10 1 17 19 9 20 8 0 8 18 2 6 20 1 7 6 13 13 17 14 6 8 10 2 15 18 13 5 4 4 8 1 8 5 14 18 7 3 2 16 19 19 7 13 15 19 19 3 6 11 3 7 1 5 18 15 19 9 13 2 12 20 9 9 1 17 10 18 16 18 15 18 9 6 4 4 4 13 7 4 14 18 15 10 14 1 11 9 20 1 17 19 2 18 8 14 1 18 15 1 14 10 12 7 16 16 11 7 14 5 20 13 3 6 10 18 6 14 17 19 5 14 1 2 20 4 4 12 4 17 7 13 5 2 5 1 18 2 6 6 10 17 14 10 8 6 2 17 9 6 7 5 19 6 9 17 16 17 5 4 18 17 11 6 11 17 12 19 9 1 15 20 6 8 16 14 10 1 2 15 12 8 1 20 9 9 7 12 3 14 20 11 10 10 16 10 17 11 15 20 12 14 20 14 14 15 15 20 3 1 14 7 1 7 2 19 13 19 16 16 1 14 17 11 18 6 18 13 7 10 1 8 1 8 3 7 7 16 10 8 9 15 6 4 1 9 8 9 15 11 13 17 16 7 1 9 10 7 11 5 13 14 8 2 18 13 4 16 10 16 3 18 10 5 17 18 2 8 10 4 12 10 13 11 5 3 12 6 2 5 4 13 2 13 4 7 18 3 13 12 19 9 8 9 4 19 14 10 9 20 14 16 8 1 9 11 6 13 4 8 20 1 1 4 2 13 7 9 9 10 6 6 11 5 15 5 1 2 10 19 1 14 20 1 18 20 16 8 17 10 13 15 19 17 13 5 8 20 2 7 11 10 19 7 3 7 5 4 6 2 14 19 11 5 16 20 1 10 4 19 17 9 18 12 4 9 3 20 6 13 20 7 10 13 6 16 2 20 14 8 3 12 20 18 13 10 1 9 9 1 19 4 19 14 9 14 8 3 17 11 6 6 9 16 19 11 14 9 19 8 14 6 15 5 18 8 12 12 9 6 11 16 16 8 2 19 8 1 4 9 17 11 17 12 2 4 5 4 15 9 20 18 14 8 9 16 5 20 15 18 6 16 1 1 1 2 5 20 9 11 8 10 13 6 1 7 7 15 12 10 1 16 10 7 14 2 6
15 10 7 10 2 16 1 8 13 13 9 0 2 11 13 19 13 2 10 2 15 18 12 9 8 13 14 3 12 19 4 9 10 10 7 1 12 10 7 2 2 15 11 18 7 10 13 16 5 5 4 2 20 12 16 9 17 5 7 10 4 19 13 11 14 5 6 17 8 1 5 12 15 3 2 2 9 12 3 1 20 3 16 20 11 3 10 6 12 6 16 7 20 19 6 20 8 13 10 15 9 6 1 5 14 1 6 10 8 6 19 13 7 18 12 20 15 7 9 6 10 4 16 19 3 14 6 4 6 5 12 1 5 2 3 16 5 15 9 5 3 16 8 14 9 19 13 3 1 5 16 11 5 10 13 16 13 4 8 20 2 1 20 8 14 10 6 2 4 5 15 17 6 2 4 9 9 16 16 9 5 6 16 7 11 3 2 6 12 19 12 20 9 16 20 8 10 14 2 9 11 6 19 9 20 2 11 9 15 18 20 1 8 1 4 15 12 18 1 8 16 6 11 17 3 9 14 4 11 3 12 18 9 14 9 10 12 10 11 1 17 14 4 1 2 13 14 9 10 17 1 9 20 6 11 16 2 14 15 3 10 12 7 17 8 17 12 20 17 16 6 3 6 8 19 4 7 8 7 2 2 13 6 6 6 6 1 14 7 4 20 10 3 4 9 17 4 2 15 11 12 10 2 11 13 7 10 17 6 20 6 3 10 9 4 16 19 17 2 2 7 6 12 15 13 10 5 13 1 16 3 4 18 6 13 6 4 8 16 18 2 2 19 20 4 8 3 16 15 15 17 5 16 3 8 15 9 2 20 3 8 10 20 20 12 18 8 17 3 11 13 6 12 19 1 5 16 1 9 2 16 17 19 18 6 3 8 1 15 18 18 3 11 6 3 6 19 20 18 13 9 4 18 6 16 9 18 13 10 17 15 8 5 19 10 14 20 6 14 6 14 3 5 10 18 14 12 5 1 4 14 20 1 5 3 15 17 19 3 18 10 13 10 7 11 20 16 13 2 16 13 4 4 20 2 8 16 7 5 3 8 12 10 3 20 4 5 4 18 19 3 14 5 13 11 2 3 7 18 17 19 2 18 9 10 7 17 19 8 2 1 13 13 5 14 17 8 17 11 8
4 4 3 9 2 14 7 3 2 14 6 10 0 6 11 7 13 20 18 6 14 13 7 7 15 16 8 1 13 7 5 13 16 1 18 4 16 6 18 8 8 1 16 4 19 18 2 19 10 1 16 3 8 15 11 9 11 18 11 12 5 17 10 12 18 18 15 6 1 20 14 9 11 18 9 10 15 10 1 11 8 17 14 14 8 2 9 13 16 10 16 18 8 20 7 12 6 4 6 6 3 9 11 5 5 20 11 14 2 16 6 15 2 19 13 19 4 16 16 17 4 18 12 19 2 18 4 2 3 13 18 8 5 10 10 15 19 4 13 11 3 20 13 17 13 15 9 5 4 11 14 2 7 3 16 18 12 3 15 1 6 6 16 1 14 16 17 14 19 14 20 2 2 20 7 14 11 7 18 6 2 19 4 4 7 8 9 16 3 17 2 2 8 14 16 20 17 16 13 11 3 17 1 17 16 13 5 7 20 16 15 13 6 12 7 19 14 15 18 9 9 17 7 5 4 12 1 16 1 19 4 18 15 15 3 11 10 9 19 19 5 15 5 3 16 12 17 16 5 14 17 9 13 9 4 14 17 2 3 10 7 1 17 1 13 14 13 3 13 20 17 11 11 7 7 14 14 5 10 6 4 19 2 7 15 4 15 5 6 3 13 7 20 14 11 13 5 4 13 16 9 3 8 12 14 5 16 9 11 3 1 1 20 6 3 4 5 20 11 8 4 18 6 17 9 20 2 13 1 6 5 20 19 5 8 8 3 3 19 1 3 1 15 9 14 8 15 17 4 12 6 14 7 15 8 3 20 12 13 10 7 17 14 7 15 9 4 19 14 9 2 10 18 18 12 3 11 4 10 10 2 5 18 15 9 19 14 17 5 20 14 9 15 13 11 20 12 14 1 17 7 16 2 11 17 1 13 3 11 16 20 2 11 12 1 11 9 7 16 7 4 18 11 6 17 3 12 14 17 13 3 5 11 9 12 5 20 3 5 1 10 5 15 18 20 9 12 5 15 8 4 2 1 13 18 16 16 20 5 13 8 1 7 12 16 19 3 5 20 12 15 14 17 5 20 10 10 7 13 15 7 7 14 18 5 6 5 6 2 15 16 8 20 6 3 7 17 6 6 6
20 2 16 19 14 1 5 2 5 6 13 20 11 0 11 2 13 9 4 18 20 17 18 19 8 4 19 16 1 20 18 2 18 7 6 1 16 19 13 6 19 10 4 11 15 16 9 7 1 1 20 2 13 19 4 4 10 13 16 15 3 12 12 18 12 18 5 20 13 8 1 1 13 20 15 16 14 3 4 7 18 4 20 17 1 13 9 5 13 1 1 6 7 19 11 3 5 13 5 20 8 9 14 6 18 8 17 20 18 14 10 8 11 7 5 17 18 18 3 10 6 8 14 8 1 5 17 19 13 15 1 5 2 5 7 19 11 3 13 6 15 10 17 20 9 16 7 17 18 16 18 17 1 9 9 18 17 15 1 19 11 20 15 7 1 18 12 16 10 5 2 3 4 16 1 3 2 6 3 3 8 19 2 17 9 13 11 12 11 6 15 1 19 6 19 19 1 17 4 13 7 7 15 16 5 14 3 16 17 11 9 15 3 4 12 17 5 17 1 10 18 3 3 4 2 9 19 3 5 7 17 6 19 7 18 7 8 19 16 3 2 2 2 5 6 15 14 3 14 5 16 7 14 1 1 9 11 7 15 12 9 15 12 13 6 20 15 2 12 11 14 8 2 12 18 17 4 1 2 1 14 3 12 7 6 18 2 13 4 18 10 3 10 1 10 10 11 8 7 13 10 5 6 13 1 19 18 5 7 7 18 7 11 15 12 18 6 13 2 19 20 18 8 16 16 8 15 11 4 12 5 2 10 5 16 6 12 6 7 7 19 15 4 8 15 5 18 10 14 15 19 17 17 8 10 7 17 11 2 8 1 5 18 13 20 3 3 15 9 9 12 4 13 10 3 8 1 1 2 11 8 5 19 16 13 5 11 20 2 20 6 13 19 4 6 9 8 4 13 4 2 5 13 17 1 7 12 9 18 13 11 13 1 18 10 16 19 13 5 19 18 10 7 14 14 11 3 13 7 11 5 2 12 5 17 3 16 18 18 18 1 9 11 4 15 12 19 12 5 15 16 17 6 4 18 20 3 19 12 12 4 13 18 8 10 18 20 18 20 20 11 17 10 6 19 11 17 9 19 9 2 10 13 18 2 3 10 15 4 11 8 15 7 14 1 8 5 4 11 18
16 6 13 20 15 2 20 17 16 20 12 5 17 15 0 9 13 17 2 6 7 9 15 4 19 12 18 11 18 7 7 6 2 7 19 19 16 12 6 14 11 11 1 12 13 12 18 19 20 13 20 9 19 10 5 8 15 17 16 3 13 18 13 12 14 15 19 15 13 3 20 14 19 1 5 4 12 5 1 14 20 17 2 9 14 15 5 2 17 16 1 9 14 4 14 1 17 17 6 2 9 11 19 17 16 2 8 9 13 1 8 13 8 18 13 20 4 18 16 9 3 4 5 11 18 9 17 4 13 15 10 3 14 2 6 8 17 3 13 3 5 19 16 11 3 10 14 8 6 18 1 3 6 18 6 3 18 11 4 12 3 6 14 14 7 18 3 4 11 14 7 6 12 10 12 16 15 5 13 4 2 3 11 8 8 16 14 2 17 8 16 9 3 12 1 13 2 20 1 2 9 15 17 2 15 17 5 18 3 4 13 20 2 19 6 8 4 5 13 20 4 17 12 12 6 13 10 20 6 3 6 12 6 5 8 5 10 14 16 10 16 11 10 13 17 15 12 1 16 6 14 4 5 13 11 2 5 1 9 13 1 8 19 10 18 9 3 5 1 15 2 5 11 1 8 3 15 8 12 14 14 17 2 14 2 5 18 16 18 7 14 6 20 10 3 12 19 18 4 6 10 12 7 9 19 9 13 8 8 9 8 18 16 3 6 7 15 20 12 20 14 11 3 11 17 1 5 15 12 4 13 8 11 10 8 10 5 8 17 14 12 18 15 10 2 13 9 14 5 4 20 13 3 10 16 14 1 12 12 6 10 2 2 18 20 10 17 11 5 9 7 16 17 6 17 20 16 12 8 7 6 1 4 3 9 10 3 5 14 18 7 1 13 10 8 14 11 4 18 2 8 12 4 10 15 17 14 18 12 8 11 15 1 9 20 9 6 11 9 12 20 17 6 12 10 12 19 13 8 6 20 9 4 13 17 2 4 12 17 17 9 19 17 1 14 17 1 8 4 18 8 16 17 18 2 7 7 3 6 18 18 14 6 15 5 3 13 11 13 3 14 15 20 18 18 8 15 17 20 12 20 5 14 3 12 12 10 10 2 11 3 11 16 19 9 1 9 8 11 12
11 13 16 11 1 11 5 3 5 6 5 11 5 2 18 0 6 15 17 14 6 4 8 9 5 11 20 13 15 1 3 19 17 13 12 11 1 16 15 12 15 7 10 15 12 17 12 20 7 16 12 16 8 5 5 13 1 16 9 18 14 8 10 4 15 10 19 3 13 6 10 13 14 15 10 13 14 20 17 18 5 15 1 4 1 13 16 2 3 7 14 3 14 11 6 11 1 2 8 2 2 2 15 18 15 5 7 7 17 1 12 7 13 14 7 10 12 18 10 13 9 10 1 6 16 7 3 4 5 7 7 7 11 9 5 4 4 16 9 15 4 10 19 12 20 3 20 5 10 5 11 13 8 1 15 12 5 10 7 5 15 10 19 3 17 11 8 13 12 7 5 8 5 8 12 20 9 20 1 1 20 13 20 19 7 9 20 4 11 4 9 12 14 18 8 17 8 5 16 5 4 18 2 7 18 13 12 12 18 9 18 7 19 11 5 5 1 14 1 14 12 6 4 18 2 11 14 16 8 16 6 18 17 13 1 6 20 3 2 15 8 13 3 17 2 3 8 14 13 15 10 13 11 12 2 19 7 12 18 14 11 8 12 19 16 1 14 11 16 5 13 5 18 1 12 15 11 5 9 18 19 20 13 20 1 15 17 17 17 14 18 18 8 15 16 16 3 7 19 13 20 20 17 18 7 9 16 8 9 17 19 16 13 18 18 18 1 19 19 7 7 13 8 11 19 10 6 8 13 4 2 14 8 9 8 2 7 2 5 12 4 3 8 10 9 11 11 2 2 10 13 12 14 11 15 10 8 12 5 4 5 10 1 3 8 7 9 19 10 17 14 19 16 4 13 7 18 17 16 14 1 3 8 20 4 1 7 20 14 15 5 12 4 1 3 1 11 2 16 6 12 9 14 7 4 7 20 19 19 11 20 14 18 3 4 7 12 19 13 12 7 17 9 8 11 5 6 14 2 12 14 13 14 10 14 11 4 12 3 14 20 6 2 13 8 17 2 8 17 17 2 7 10 6 6 15 3 3 20 18 3 17 11 6 2 5 20 12 2 4 13 19 19 11 11 3 10 16 15 20 11 3 7 16 2 20 9 20 20 9 7 3 7 8 7 17 8 10 13 1
1 16 15 9 8 12 3 7 12 4 16 11 1 17 9 15 0 18 12 20 20 11 15 4 15 6 1 20 8 7 8 20 20 12 14 10 12 5 20 6 13 11 20 15 6 18 20 8 14 1 16 1 20 13 16 4 20 2 2 11 19 19 19 19 11 1 4 8 1 18 10 3 5 5 9 2 20 18 12 10 14 1 2 16 5 3 16 13 4 8 11 12 12 20 6 13 3 11 18 8 17 2 6 20 16 12 6 6 18 12 16 13 11 3 2 3 1 17 10 8 2 16 8 4 9 16 13 9 4 20 6 4 10 15 9 20 15 17 19 5 13 11 6 12 14 10 14 1 2 9 4 11 14 4 4 6 8 2 12 17 12 4 11 11 2 13 3 16 6 6 12 2 4 5 11 20 2 10 10 20 17 9 7 14 18 10 18 12 14 2 1 14 6 15 16 20 8 3 10 13 14 16 13 12 12 3 8 2 19 7 10 18 20 1 15 2 7 16 5 7 9 18 11 15 14 8 14 1 14 16 11 20 19 7 7 10 14 19 4 9 2 2 3 5 12 6 4 14 11 12 13 11 6 15 16 19 14 7 13 9 13 4 6 1 15 11 17 6 13 16 20 11 19 18 14 17 17 20 1 12 6 4 5 17 5 11 2 17 6 6 7 12 20 7 19 5 17 12 8 19 10 12 9 19 20 2 4 4 10 8 2 14 13 19 2 6 17 4 19 4 2 6 4 12 11 19 13 2 4 14 12 3 2 4 3 2 16 9 7 12 20 4 4 20 15 5 20 13 12 14 13 2 3 15 20 10 12 3 7 10 13 11 6 18 15 14 1 9 1 14 3 17 14 7 5 20 10 7 17 7 15 5 17 6 13 11 14 4 13 10 4 18 17 15 15 14 1 7 9 10 10 3 19 9 7 10 11 8 12 9 14 15 1 10 13 10 15 14 2 18 20 3 12 3 9 9 16 16 12 7 13 8 6 17 2 19 16 8 18 17 20 4 5 1 10 8 12 15 18 12 18 15 20 13 5 11 11 18 1 19 12 1 3 10 14 1 2 16 4 7 12 7 8 2 4 10 12 6 2 5 17 8 3 13 4 15 3 3 15 20 5 20 8 2 11 3 15 10 1 2
7 1 3 18 8 11 4 17 20 17 8 16 17 11 8 13 17 0 17 16 14 12 19 1 6 17 10 14 10 1 2 8 9 19 17 4 8 2 13 5 3 3 5 9 16 9 8 14 18 4 4 17 18 12 4 5 17 13 10 16 15 9 9 11 16 7 6 14 17 11 2 5 1 3 9 9 15 2 3 2 3 19 3 2 2 16 15 1 19 15 9 7 3 1 7 14 1 1 14 19 17 18 6 8 19 12 17 16 7 18 5 15 16 10 8 15 20 15 12 15 5 5 8 1 2 17 8 9 10 10 15 5 9 14 15 1 14 19 5 14 20 17 18 5 11 7 7 14 18 3 12 14 6 6 12 17 11 18 10 20 7 10 2 4 2 2 1 5 13 14 5 10 15 4 1 18 1 11 9 12 11 4 19 19 3 11 1 8 6 19 19 12 14 4 19 8 17 6 9 18 11 9 19 5 19 1 13 17 5 11 11 1 20 20 2 5 15 12 15 11 10 12 20 15 3 12 3 6 9 10 6 9 13 14 1 18 4 7 17 3 4 18 2 14 18 18 4 6 20 13 2 18 7 8 14 8 9 7 6 2 8 20 3 7 15 18 7 6 11 3 14 20 20 1 11 20 16 5 14 13 9 4 3 15 6 20 16 17 19 20 19 17 3 3 20 20 7 8 16 11 17 12 7 20 6 8 14 18 4 19 10 7 16 7 9 8 10 16 20 12 15 3 1 6 11 11 9 19 9 3 3 4 18 9 1 19 20 8 13 1 17 15 19 8 11 14 6 7 1 20 11 6 16 19 5 2 17 18 1 5 4 20 10 16 19 4 10 2 15 19 17 4 7 12 19 8 3 15 19 1 3 16 5 11 14 11 12 2 16 17 6 7 6 16 12 13 2 10 2 17 10 1 16 3 20 9 14 16 20 7 20 5 19 5 16 7 10 1 14 19 15 12 3 7 6 6 5 10 1 20 17 11 8 8 5 15 8 19 14 11 19 4 10 12 13 14 9 4 8 2 14 18 5 19 9 13 1 12 13 16 15 10 5 1 2 16 2 3 6 5 12 17 5 6 16 17 15 16 13 18 7 11 3 12 12 7 3 9 17 7 4 9 5 13 1 10 12 7 9 2
13 2 20 4 1 14 5 13 10 10 19 14 18 2 4 4 6 11 0 17 10 15 20 9 5 15 11 3 16 19 12 19 14 5 14 4 5 3 1 13 3 1 16 11 4 18 19 1 18 6 14 3 19 9 3 2 3 4 17 12 7 18 3 16 1 17 17 18 13 8 18 16 14 2 19 2 17 7 17 12 10 7 19 10 9 5 12 10 14 15 10 15 16 6 10 16 17 14 9 5 9 15 16 18 15 1 12 12 6 4 10 6 10 12 20 1 5 19 7 7 7 7 2 11 17 11 8 8 7 16 1 9 18 10 14 10 13 7 5 4 10 6 12 4 19 13 20 6 5 3 13 12 17 20 13 2 17 15 7 2 17 1 11 20 14 12 14 3 1 15 3 15 20 9 8 11 20 9 17 20 18 6 12 3 4 3 9 7 11 14 20 20 6 13 9 17 7 6 2 19 2 10 13 6 12 12 9 10 17 10 3 2 17 2 14 19 10 15 14 18 14 12 18 6 1 2 4 5 15 1 7 12 17 3 18 17 2 18 6 20 10 7 16 14 2 1 3 11 6 16 3 9 14 11 3 8 15 11 12 12 19 2 10 18 6 17 11 2 8 7 3 6 17 17 10 2 17 5 13 2 2 16 20 15 20 16 4 8 14 10 20 5 17 14 19 11 9 4 19 16 9 2 12 3 7 2 17 11 5 12 13 19 11 10 9 9 19 15 9 17 4 5 9 9 16 9 6 6 7 11 17 7 4 17 20 6 6 20 10 3 20 1 7 2 16 11 12 1 11 12 1 12 8 1 5 1 1 6 17 20 2 2 3 1 18 4 16 2 3 8 17 20 9 13 14 18 6 14 10 6 14 16 13 5 10 9 2 6 14 16 11 18 1 7 10 20 13 14 19 16 2 17 7 5 15 10 16 18 16 4 12 2 9 2 12 15 17 19 14 13 10 1 18 8 20 6 3 18 17 4 9 14 1 16 6 13 18 7 3 3 18 13 18 13 17 2 3 19 18 19 15 2 5 19 17 8 20 2 10 12 4 6 13 2 15 8 10 6 4 15 18 13 20 17 1 5 19 15 15 17 20 7 4 19 2 8 5 20 13 1 6 20 2 14 14 18 17 16 10 2
6 5 15 8 2 2 8 20 12 11 1 8 4 16 8 18 10 14 19 0 14 4 17 9 14 11 17 16 1 7 10 3 3 4 9 1 12 7 12 13 1 4 18 15 6 1 15 7 4 4 12 8 9 8 19 4 19 6 4 13 5 6 8 4 9 4 17 5 20 13 10 17 11 8 9 4 8 10 2 1 11 14 11 3 5 13 12 14 12 10 15 8 19 11 16 8 8 3 14 13 4 13 15 1 14 11 20 11 13 1 15 13 4 8 11 13 14 12 5 14 12 2 20 10 18 6 12 9 1 14 1 15 11 17 10 20 19 19 7 2 1 12 11 7 17 20 1 16 1 19 13 12 1 16 10 11 17 13 18 17 11 18 3 11 7 4 14 5 17 11 9 13 19 1 11 3 13 6 17 12 4 16 12 19 13 5 6 12 18 5 4 15 9 1 19 20 17 2 19 20 8 17 8 19 18 20 16 4 3 2 4 11 4 8 11 12 6 13 14 13 18 19 17 5 14 10 18 6 13 15 7 16 6 7 10 4 15 1 13 2 18 9 15 13 1 2 20 20 10 20 4 15 15 2 2 20 12 9 16 16 17 14 9 2 16 12 15 4 4 15 17 1 18 4 2 4 15 8 17 6 16 10 10 12 7 18 14 14 3 15 7 15 17 19 20 18 18 11 19 5 8 13 2 20 19 17 17 6 9 18 4 5 17 7 10 4 4 15 2 4 20 14 11 14 13 12 3 15 16 9 19 13 19 9 12 6 18 16 4 14 10 5 12 14 8 5 2 16 18 7 18 4 14 17 15 4 11 15 9 17 20 16 18 16 2 10 15 4 3 15 3 2 2 3 7 17 19 4 6 16 7 13 3 8 1 4 17 14 7 12 3 4 3 19 1 12 4 2 20 3 15 5 14 3 19 19 14 11 6 5 13 5 20 18 8 1 6 9 3 7 18 19 12 11 20 7 5 20 3 12 17 2 10 9 10 17 4 15 11 12 9 18 18 2 2 11 6 18 12 9 1 13 16 12 20 13 14 8 2 2 12 11 11 18 14 16 16 2 15 3 13 9 17 12 12 6 9 5 11 1 3 11 14 17 12 15 7 16 18 4 5 19 4 9 7 2 18 3 18 5
18 6 5 16 11 14 15 9 6 4 1 9 5 14 19 8 2 2 3 13 0 12 9 19 7 20 5 7 19 9 12 1 8 11 18 14 17 5 4 5 16 4 5 2 12 9 15 10 6 15 8 15 17 14 20 13 15 10 17 3 5 2 13 5 7 3 1 16 4 9 9 1 18 2 1 14 1 1 6 20 2 10 6 15 5 14 11 10 2 19 14 6 7 8 2 20 5 14 19 12 4 15 13 1 11 16 15 12 11 11 16 9 7 4 12 20 17 6 15 10 15 20 8 15 20 1 17 18 7 19 1 1 20 20 2 15 18 18 1 17 12 6 3 5 6 10 2 16 18 9 20 9 13 20 16 16 20 7 18 4 19 10 6 8 13 1 6 1 11 9 8 19 15 11 1 3 10 16 12 10 2 17 14 15 17 11 3 3 19 3 14 2 8 12 4 4 13 8 5 4 2 2 14 16 19 18 12 4 19 13 7 6 10 20 15 9 8 8 7 4 9 6 16 15 12 17 12 13 12 15 19 7 7 19 7 18 16 8 15 20 16 14 20 16 19 10 18 1 14 18 8 6 7 18 13 14 9 13 14 4 1 1 2 15 4 16 11 19 9 9 18 13 4 15 7 5 15 11 20 7 20 1 9 8 1 11 15 13 12 6 16 7 4 7 19 8 1 17 3 18 1 9 14 11 2 14 12 18 20 15 1 1 2 5 13 20 6 8 15 3 13 12 4 12 13 16 8 14 9 17 1 19 18 8 13 4 10 17 3 9 18 17 8 2 11 1 20 14 11 5 4 1 8 7 10 10 10 16 9 14 19 18 9 19 1 16 5 7 19 4 15 13 4 6 1 11 16 3 17 17 17 17 12 18 18 13 9 12 12 4 8 2 3 12 20 3 4 8 12 8 7 1 1 3 11 13 13 19 11 12 16 3 9 2 20 6 10 9 12 14 8 14 12 14 17 1 17 2 13 4 10 4 7 6 13 7 19 10 14 1 13 13 18 3 14 6 20 16 16 16 8 5 18 4 6 9 5 18 9 8 20 13 5 11 8 9 8 7 10 14 8 20 14 20 12 7 12 14 17 18 19 6 13 9 9 20 16 1 13 19 17 16 2 2 4 9 16 12 16 8
11 13 12 17 6 11 20 11 7 19 13 2 12 13 7 4 19 14 15 11 8 0 20 19 15 5 2 7 6 7 7 15 12 12 16 18 13 13 5 9 12 10 20 1 9 1 3 19 14 15 9 16 12 18 1 1 16 2 3 8 15 4 2 15 10 4 2 14 2 11 18 4 1 9 15 1 5 13 2 18 17 19 1 6 12 5 9 20 8 17 6 11 18 18 5 1 7 9 17 14 4 7 16 8 2 2 9 2 11 3 20 19 19 4 4 14 18 10 19 16 17 10 14 15 20 4 1 16 6 14 19 7 19 2 18 19 17 18 2 19 11 5 11 15 2 3 10 3 2 4 5 20 14 19 19 19 14 18 15 9 10 17 1 11 19 6 2 1 4 13 12 8 8 3 1 5 19 8 11 12 8 12 16 15 9 19 8 14 20 20 2 16 19 10 10 13 16 20 14 10 13 2 4 16 6 1 12 5 12 19 2 6 13 20 20 6 6 2 2 20 20 4 16 8 16 12 11 17 15 3 3 6 19 11 2 10 14 13 4 13 11 7 1 5 11 2 2 11 19 17 5 13 1 11 5 16 9 13 11 16 20 1 11 4 13 8 12 7 10 9 19 17 12 10 4 3 18 9 12 6 20 16 19 3 2 3 20 5 15 19 13 1 11 11 8 7 7 6 12 7 11 3 9 12 4 10 9 8 5 8 19 3 4 7 8 7 19 17 7 2 6 17 4 18 20 13 9 8 6 19 10 14 3 2 2 2 9 8 3 8 15 16 14 9 14 12 2 8 17 3 10 14 12 13 17 4 12 18 6 19 20 2 9 7 2 2 4 3 7 8 20 6 2 12 6 18 16 7 8 3 9 5 11 15 1 10 14 16 15 18 3 12 10 9 9 8 19 8 14 11 20 1 9 16 9 19 14 9 7 8 12 8 9 17 19 8 3 2 1 1 15 4 3 19 4 14 12 11 9 8 10 4 14 1 18 7 16 7 18 18 6 1 15 13 5 14 13 20 3 9 18 17 20 3 17 11 4 7 14 11 16 12 17 7 16 1 3 9 6 10 8 20 8 19 14 6 8 15 9 20 12 17 6 1 5 5 8 18 20 7 6 8 14 11 7 13 17 7 2 5
19 13 20 13 7 8 18 10 7 3 17 4 9 5 6 14 14 9 18 18 1 14 0 15 4 6 5 7 20 19 2 8 12 20 20 18 4 15 14 5 9 16 7 4 16 7 15 3 3 6 5 3 6 5 19 2 16 14 9 2 8 19 4 5 1 9 10 9 15 7 5 14 12 18 4 9 18 3 19 15 19 11 4 7 15 19 17 19 20 13 9 6 4 4 10 1 3 5 15 11 8 10 10 17 20 6 11 19 15 9 7 4 15 12 6 2 19 7 18 15 15 20 8 5 4 11 11 4 18 12 5 4 3 7 18 14 8 19 2 18 11 8 12 13 5 16 10 4 18 6 4 2 14 5 8 15 8 12 7 1 10 18 3 8 5 9 2 19 7 6 9 12 13 20 20 2 9 9 4 6 8 16 3 19 19 13 5 17 5 7 20 6 4 7 13 10 13 15 18 4 5 20 7 9 10 4 5 17 20 11 10 20 1 10 20 19 19 13 6 19 13 17 13 9 13 1 20 15 5 20 18 5 10 17 2 8 12 17 8 20 18 4 8 12 12 13 3 12 3 3 17 6 9 14 4 13 13 11 20 18 1 10 13 2 6 10 11 6 16 11 16 7 7 11 17 19 16 8 5 17 8 18 19 17 18 12 14 1 16 10 14 7 13 18 9 19 7 8 12 10 17 13 9 2 5 18 3 18 10 13 4 18 17 4 17 13 10 1 5 5 2 11 16 8 6 11 6 5 19 12 20 15 11 4 1 12 3 7 19 10 6 4 12 6 2 13 8 15 11 19 12 13 3 3 9 15 16 11 1 5 1 19 13 11 18 6 13 7 18 15 4 4 14 17 8 17 1 6 3 20 4 15 14 2 6 17 1 4 12 2 7 4 1 3 6 10 1 17 5 8 6 4 20 7 5 5 16 6 11 4 13 11 3 4 12 18 2 19 12 9 1 18 8 19 11 2 7 5 9 1 17 10 5 7 13 2 17 7 12 1 3 19 18 2 6 17 12 6 16 3 7 10 5 5 17 15 11 17 7 18 6 10 19 12 15 3 4 14 13 3 3 5 6 5 18 12 14 2 4 1 10 17 18 12 20 11 10 4 4 14 2 8 6 9 20 14 15 12 6 3
3 17 15 8 1 1 16 16 2 17 18 6 19 8 12 4 3 20 15 12 9 12 9 0 11 16 9 10 5 15 7 11 5 6 11 15 6 20 17 3 15 7 17 17 6 4 7 15 20 16 7 20 15 2 1 20 19 8 2 1 5 4 11 6 11 17 5 12 3 9 13 6 7 17 1 9 10 11 9 10 8 12 14 20 11 20 1 6 8 3 9 6 13 20 4 12 17 17 11 8 11 19 11 9 3 3 20 11 6 2 6 15 18 5 10 1 11 16 2 3 12 11 2 9 20 6 17 5 16 18 19 15 8 10 18 10 13 20 13 2 12 7 16 11 16 9 6 8 16 9 4 15 13 16 19 9 6 10 6 18 18 2 4 18 11 7 7 18 9 7 20 5 18 13 20 10 6 12 11 12 5 17 9 19 13 16 19 3 10 2 1 12 7 15 12 18 1 5 18 17 13 8 5 3 10 18 9 9 7 2 4 19 5 19 6 9 18 10 15 20 19 20 5 12 7 8 6 6 12 2 5 18 7 4 7 9 15 17 10 15 16 11 20 9 13 11 15 14 5 16 17 8 11 8 17 2 16 20 13 15 5 20 3 14 4 4 2 13 9 3 11 4 8 19 9 20 5 14 1 4 15 4 17 2 9 19 11 7 8 20 15 5 13 1 11 3 5 16 6 17 6 20 17 3 14 19 6 17 20 14 4 2 6 19 18 10 19 18 1 15 4 3 2 17 8 20 17 15 4 7 19 16 5 12 13 3 6 15 4 13 11 13 9 19 7 18 19 11 7 9 20 15 20 1 2 6 8 1 15 12 2 20 15 20 11 10 19 8 13 6 10 20 3 12 6 13 6 19 4 20 9 6 3 14 8 20 12 6 16 10 15 14 10 14 7 10 1 13 10 12 8 6 6 4 12 7 12 2 10 17 4 8 4 1 10 5 17 6 7 4 20 12 17 18 13 9 13 4 8 12 8 9 4 18 10 20 5 11 4 19 1 13 5 20 7 4 5 11 4 15 11 11 16 17 15 1 1 8 19 19 18 10 20 4 5 4 11 6 10 1 19 10 6 20 8 6 19 14 10 7 4 10 5 4 3 3 3 18 7 17 19 19 16 5 6 17 6 14 11 5
13 11 17 13 6 6 16 11 9 18 17 14 17 18 1 16 10 1 3 9 18 1 20 12 0 10 2 20 1 14 14 2 1 18 5 17 9 13 16 19 20 9 2 19 4 16 9 20 8 11 13 12 6 8 6 6 11 18 1 16 3 14 14 20 12 15 5 9 15 13 7 6 12 18 11 14 18 14 18 15 2 9 11 8 18 20 12 17 12 9 14 15 16 18 3 12 14 11 1 15 16 13 3 1 20 19 4 3 18 15 12 3 20 2 20 15 11 19 10 14 14 6 11 6 17 16 19 3 20 12 16 16 2 12 3 16 11 4 19 16 10 20 13 13 16 20 3 16 13 10 17 1 17 5 6 12 8 1 14 15 10 8 1 5 2 11 9 3 16 14 15 7 12 10 13 17 4 17 9 19 14 2 5 7 12 17 14 15 10 4 12 12 2 17 14 6 11 1 8 10 16 6 19 15 1 6 3 7 15 14 20 16 14 10 5 3 5 1 20 19 10 3 13 3 16 3 2 11 5 14 10 18 13 19 2 11 9 4 9 20 11 1 8 5 18 16 19 10 7 20 14 17 3 20 6 8 20 7 6 9 6 15 20 16 16 4 14 11 1 1 14 13 18 15 5 7 18 13 12 18 20 1 1 10 5 9 20 20 19 8 7 9 4 7 18 13 6 5 16 16 4 3 2 4 5 20 14 10 9 19 19 6 1 7 16 9 11 9 4 8 17 5 7 10 1 3 17 4 8 12 5 6 6 16 1 15 8 9 7 9 9 17 2 13 1 12 7 14 17 6 13 5 12 7 10 1 4 12 6 19 8 13 2 10 14 16 20 18 20 3 2 18 6 18 7 12 15 8 19 4 9 6 6 12 1 11 14 6 7 11 13 7 18 5 8 2 11 17 10 8 2 15 1 19 1 1 14 9 15 10 6 14 10 17 18 20 11 5 17 18 16 16 5 10 17 12 5 17 18 6 1 4 6 11 9 20 17 5 4 1 20 18 5 12 10 4 2 3 15 17 1 19 11 9 8 18 7 14 12 15 16 1 18 8 17 2 19 18 1 4 17 15 20 18 11 10 13 13 17 19 20 20 1 14 20 19 19 11 16 9 6 12 11 18 5 17 10 20 17 8
12 9 2 5 9 6 17 13 14 5 7 8 16 14 1 12 6 15 11 12 7 13 17 7 16 0 2 11 6 8 4 12 7 1 16 1 6 19 18 8 4 7 7 7 19 17 11 13 15 1 15 3 1 19 13 3 13 4 8 7 5 2 20 9 7 13 19 5 14 1 12 7 16 16 9 2 1 7 10 5 8 11 7 13 10 13 11 9 17 15 18 2 17 3 19 14 7 15 19 9 9 8 5 17 4 3 13 10 19 11 4 20 9 9 17 9 13 7 6 1 13 19 13 2 13 4 7 11 6 3 2 1 14 6 15 7 2 13 20 7 8 20 6 20 2 15 9 14 3 14 3 5 9 5 3 11 11 6 16 3 1 10 20 6 1 16 14 1 20 17 10 10 20 5 2 17 19 13 6 8 12 14 11 18 1 12 9 3 5 1 9 7 14 1 20 14 18 15 18 6 16 11 7 1 11 6 10 3 15 8 17 20 12 15 12 16 9 7 20 16 8 19 19 8 8 1 8 15 18 5 4 11 13 4 15 9 20 17 12 18 3 9 4 18 17 14 14 2 6 19 14 19 20 5 12 7 2 18 13 20 9 13 9 2 10 13 13 5 12 17 17 5 4 4 18 11 4 1 13 7 11 12 11 7 18 15 17 10 10 16 8 7 3 15 20 18 16 7 14 4 15 20 1 20 2 10 15 1 20 6 6 10 13 5 17 15 11 20 9 16 12 9 15 19 4 20 13 13 1 16 3 4 15 13 15 17 1 5 10 20 5 9 17 15 6 20 2 5 3 3 14 18 19 8 12 19 1 14 2 19 5 16 3 2 13 13 14 7 4 9 13 17 15 20 9 3 8 6 15 14 13 18 2 11 5 18 3 15 14 8 17 1 9 8 3 16 5 11 9 1 4 4 9 3 4 19 16 11 19 9 12 15 20 10 1 19 1 4 13 4 4 7 19 3 1 11 15 9 18 20 5 20 6 16 12 20 13 10 3 7 18 7 5 6 18 18 4 11 8 12 12 13 14 16 15 12 14 14 1 4 11 17 7 13 7 14 17 6 16 20 7 15 16 19 20 4 17 2 16 13 7 11 17 10 18 20 16 9 5 13 16 5 8 19 1 16 18 20 13 14
9 15 10 7 17 20 17 5 20 13 20 10 8 17 19 18 1 3 5 13 12 15 17 10 17 19 0 9 11 4 6 14 3 7 9 18 4 19 13 12 5 12 10 10 4 13 13 2 5 13 12 5 19 18 14 3 18 14 14 9 8 11 4 16 9 6 3 8 2 12 12 3 6 15 5 16 9 8 1 7 19 19 10 18 12 16 5 6 19 2 5 14 11 13 9 11 10 10 9 5 10 2 6 20 7 11 13 14 11 5 16 9 17 17 13 5 7 2 5 6 6 20 20 2 20 16 1 5 20 2 16 6 9 5 20 20 14 16 4 16 3 2 9 14 11 12 17 6 6 16 14 7 6 14 13 10 7 10 13 8 4 13 14 8 17 17 20 18 1 2 4 15 7 14 14 11 18 6 8 12 10 18 4 6 10 12 14 6 20 20 4 6 13 5 14 19 11 17 14 16 20 9 3 4 19 5 2 8 4 14 4 7 7 3 14 11 11 12 20 14 18 6 15 3 13 20 11 4 4 14 15 8 1 12 15 3 9 1 10 8 3 5 7 2 14 8 1 20 20 2 4 19 3 3 18 17 2 11 13 12 18 15 11 9 15 1 11 20 18 16 16 13 13 20 13 18 18 20 19 6 20 7 3 5 6 3 4 15 18 11 4 20 17 6 5 19 10 5 8 8 15 1 2 12 10 10 19 3 18 17 9 13 13 11 15 19 20 13 9 16 7 6 19 2 11 8 18 4 14 7 2 1 5 7 1 3 9 3 1 5 2 15 13 9 15 15 20 19 16 1 11 1 17 6 5 12 19 14 9 9 17 19 2 17 15 6 9 7 18 10 16 14 20 20 7 17 20 6 9 7 4 20 1 10 4 7 12 7 13 18 5 6 8 16 8 18 14 18 9 4 17 20 13 7 1 14 20 5 14 11 3 9 17 2 19 5 1 3 2 8 9 10 8 11 20 1 19 16 3 20 10 17 18 8 1 13 17 7 3 4 3 8 5 10 16 6 5 17 20 14 8 2 12 12 6 9 8 19 16 6 19 10 12 2 7 10 14 14 6 4 10 2 20 6 8 4 1 4 8 6 5 19 18 9 17 20 14 20 10 18 7 5 19 10 6 7 11 17 4 7
6 13 20 2 17 9 20 9 14 20 9 11 6 19 11 10 9 5 10 14 3 11 18 4 11 9 9 0 2 14 13 12 12 12 7 11 12 17 15 11 14 8 9 20 19 17 17 5 7 13 10 11 17 1 2 19 6 4 15 18 7 20 6 4 3 12 2 6 2 6 6 10 19 12 3 18 20 4 17 20 2 6 20 9 16 19 15 2 3 9 16 5 1 1 12 8 16 20 13 4 8 13 3 2 11 11 19 14 9 19 1 7 15 3 12 1 3 4 12 11 10 4 7 9 9 3 12 17 12 13 9 12 15 6 1 20 6 8 10 13 7 16 18 2 3 1 10 2 4 9 4 11 19 3 13 5 15 15 18 2 10 5 14 8 6 2 6 8 20 17 3 19 9 5 9 5 10 15 13 6 15 7 5 17 4 7 15 3 18 17 11 15 16 17 10 3 17 3 13 11 7 10 9 19 1 20 11 19 20 11 17 11 17 11 13 15 8 18 16 4 8 8 3 1 10 20 3 18 3 13 3 5 4 11 10 11 19 12 13 7 9 13 15 3 20 6 7 8 18 18 13 18 5 14 13 4 4 3 4 9 19 10 6 1 11 4 5 19 18 18 1 9 13 2 9 8 7 16 3 16 4 7 10 18 20 3 13 6 17 1 20 1 17 14 1 16 15 16 15 9 8 6 13 18 15 9 2 5 20 6 1 7 17 17 13 4 15 18 5 6 15 4 3 7 9 15 9 4 18 9 12 4 11 14 19 4 16 6 17 19 6 4 18 11 11 6 13 20 16 20 6 5 4 17 7 9 12 19 18 4 4 13 12 6 13 15 18 17 14 18 8 13 11 20 14 10 16 16 9 10 2 19 14 4 15 18 2 1 16 8 15 10 18 19 2 8 15 8 10 12 6 7 7 3 12 11 19 10 14 4 11 9 16 5 20 5 8 16 17 16 9 18 19 19 14 11 11 8 20 11 20 18 11 1 11 3 11 5 19 11 10 9 9 2 20 19 12 6 13 8 6 10 20 1 13 6 7 3 7 9 18 17 3 18 11 17 7 13 7 20 7 10 9 4 2 5 7 4 13 18 14 18 15 16 8 10 20 14 5 17 5 1 12 6 8 4 8 12 15 16
2 12 14 20 16 17 2 7 16 18 16 15 17 18 5 1 5 15 14 9 7 11 2 20 15 9 6 20 0 2 17 15 14 17 11 7 6 19 2 14 3 12 15 15 2 3 14 6 14 2 11 14 15 10 15 9 19 2 8 17 18 7 1 10 4 4 6 5 1 19 15 3 5 10 12 18 3 6 10 6 14 7 6 16 15 7 19 2 8 11 2 5 10 12 16 2 10 2 6 11 5 16 1 3 5 19 20 7 10 9 13 9 9 13 12 18 12 13 19 3 6 13 10 7 6 19 8 10 11 5 3 20 10 6 4 11 11 18 18 16 20 16 10 2 19 3 7 3 14 6 15 1 18 17 3 17 15 13 14 2 12 8 2 8 2 18 20 17 15 7 13 18 7 19 9 12 6 18 3 2 3 9 1 15 12 11 19 10 18 13 12 12 4 20 3 7 2 3 20 1 13 19 2 9 4 8 6 8 8 18 15 3 5 1 17 12 12 6 15 2 20 8 16 1 8 13 14 7 3 3 9 7 3 17 2 6 10 6 1 16 16 16 19 3 13 20 12 15 6 3 7 18 6 18 9 5 7 11 6 4 3 7 14 14 17 11 1 13 6 6 8 20 17 18 16 18 18 5 15 14 16 7 7 18 5 18 9 2 10 6 11 6 11 7 15 3 3 2 18 8 2 1 8 2 10 9 9 3 9 18 5 20 7 15 2 2 12 20 2 18 7 3 11 14 15 17 3 16 6 19 19 19 18 18 13 7 14 5 6 16 15 8 19 14 9 13 2 12 15 15 6 16 13 15 19 19 20 19 3 20 16 18 1 12 8 6 13 10 18 16 14 18 9 3 7 4 18 9 15 10 13 20 13 19 15 18 19 8 16 12 15 8 12 2 3 19 6 11 20 14 13 1 13 19 5 8 13 20 18 9 7 5 2 20 6 17 20 16 20 7 3 20 11 1 16 9 6 17 4 20 20 13 6 18 17 20 20 7 4 4 20 7 15 14 3 9 4 3 1 7 3 6 17 20 16 12 9 4 16 4 14 2 13 1 16 17 17 5 9 15 11 20 10 4 2 7 6 13 18 13 16 18 11 12 6 12 16 10 20 16 10 6 15 17 5 2 12 13 15 17
3 14 18 4 17 15 12 15 19 6 2 19 11 6 1 19 18 8 3 10 8 16 4 14 14 16 9 7 1 0 15 16 8 11 9 8 6 13 11 16 18 16 3 5 19 15 8 12 5 2 10 4 8 14 13 16 19 1 15 4 3 14 18 10 4 13 10 7 12 1 8 4 13 13 11 15 4 15 2 8 19 4 4 15 4 3 16 20 11 17 20 7 4 3 2 11 10 1 16 18 12 11 16 6 12 9 7 9 1 19 10 5 14 6 14 20 17 16 1 12 5 7 1 11 14 5 11 2 18 2 17 19 10 15 16 3 4 17 18 15 20 8 19 6 16 4 7 13 18 1 15 1 9 10 15 11 6 8 17 11 12 5 2 13 18 8 13 16 19 16 18 15 20 5 6 16 19 15 12 12 19 17 1 3 6 2 17 18 8 12 9 17 17 20 7 1 19 19 13 14 2 13 11 19 8 8 2 18 7 2 13 5 5 2 18 20 3 20 1 5 2 1 16 14 15 13 5 9 15 14 13 10 5 16 10 14 19 2 7 11 2 15 11 3 9 15 20 1 6 4 11 4 10 11 15 5 7 14 14 2 12 2 7 8 14 19 2 15 11 6 11 2 12 8 18 13 18 3 20 8 16 13 14 11 4 5 9 2 13 19 3 8 8 2 4 8 10 16 1 7 7 5 2 16 14 3 18 4 14 8 14 8 2 10 10 4 20 18 18 10 12 13 6 15 1 5 1 20 8 6 14 7 5 2 18 19 15 9 11 6 17 19 2 9 13 4 12 4 9 3 10 16 15 5 15 14 1 18 20 6 16 6 17 3 10 5 12 8 5 13 20 3 4 7 3 17 18 5 3 16 17 11 16 11 1 6 15 19 7 2 13 16 18 7 7 18 16 18 15 3 6 20 18 12 16 14 20 16 19 20 3 11 6 7 19 2 7 19 17 12 12 8 8 13 15 4 16 15 5 17 10 5 7 12 15 18 15 5 14 1 7 10 8 18 18 11 1 20 19 12 9 12 2 8 13 14 8 17 16 16 3 10 3 19 20 11 5 19 2 19 10 8 14 6 17 13 8 15 13 7 17 12 11 11 6 20 15 13 19 4 16 13 7 19 10 6 12 8 14 5
18 13 13 10 14 1 19 17 8 16 15 5 8 2 6 6 13 11 18 18 10 5 6 10 4 7 6 8 12 2 0 6 1 7 20 10 12 17 10 17 8 1 9 17 10 4 19 17 20 15 15 13 11 6 1 13 16 17 13 6 2 18 16 3 6 20 14 7 13 17 17 8 7 18 12 16 13 11 9 3 19 1 18 13 13 18 1 5 13 6 6 5 20 16 2 13 7 17 3 20 2 4 14 4 4 12 20 1 12 5 13 12 7 7 17 2 20 4 8 6 19 1 2 18 17 13 15 8 14 14 10 4 3 16 4 6 19 1 8 18 15 8 16 10 5 1 15 12 11 11 15 16 3 15 3 8 7 17 20 7 10 8 2 16 11 4 4 12 7 1 12 9 2 19 9 18 14 3 9 5 14 1 16 9 3 11 12 3 12 6 16 19 3 19 20 4 13 18 9 1 9 4 2 6 7 12 11 6 13 5 18 3 9 17 4 9 12 9 12 16 6 3 15 12 1 6 19 16 3 11 6 5 9 14 10 14 8 14 19 3 20 9 20 1 1 9 13 17 13 1 15 15 6 3 2 14 12 18 18 11 5 12 11 1 3 5 2 11 9 8 20 19 16 15 13 7 8 1 19 18 3 17 18 16 5 12 20 6 13 1 19 8 13 7 17 15 15 16 13 4 2 3 20 14 10 8 7 1 2 17 11 17 6 5 20 4 10 13 11 4 18 20 17 10 18 8 1 9 7 9 16 8 9 9 2 12 8 13 14 19 20 13 18 9 7 5 4 3 20 8 19 1 2 20 12 10 13 4 6 3 6 5 12 16 17 8 16 3 12 18 9 8 18 3 17 7 10 16 9 4 20 15 15 11 19 18 14 6 19 19 15 18 16 13 15 1 17 20 17 4 18 5 11 10 13 8 17 5 7 6 19 3 4 15 1 18 5 7 15 5 14 15 10 17 12 8 6 7 14 10 5 11 16 7 7 4 5 4 10 12 10 13 11 19 19 2 1 4 1 16 4 17 16 19 16 15 12 10 8 17 7 19 18 13 11 16 4 14 13 4 11 19 2 17 1 10 15 6 1 11 4 17 7 20 1 10 16 13 11 17 20 9 14 19 15 1 20 7 16 15
6 3 10 4 7 17 15 2 18 10 17 16 9 20 12 5 12 7 12 8 8 7 11 20 7 10 18 17 17 15 17 0 4 5 10 12 9 11 4 2 14 7 10 11 16 6 20 2 14 19 20 3 2 8 3 6 17 17 20 17 3 18 14 20 1 9 3 4 7 2 1 19 7 2 14 2 13 9 3 7 13 4 18 1 19 4 4 9 5 19 16 18 3 15 4 2 16 10 12 20 1 12 10 6 8 7 9 19 2 10 5 8 9 9 19 7 13 6 12 15 2 14 3 17 9 19 11 3 18 5 20 7 19 5 12 6 3 17 12 3 16 2 9 16 12 1 13 9 2 10 8 19 17 1 8 6 2 3 3 14 5 11 5 7 9 13 13 14 10 4 14 10 19 11 12 14 12 8 3 3 13 7 9 17 16 19 16 15 6 19 1 10 20 7 9 3 10 17 15 18 3 14 12 2 8 5 10 12 13 19 5 19 13 14 7 20 15 4 12 15 20 7 16 2 5 14 16 15 3 15 12 5 3 7 12 11 5 4 8 5 7 5 4 3 12 20 1 1 11 2 11 1 6 19 16 17 16 16 16 5 17 16 14 19 15 4 9 3 1 4 4 4 12 20 13 3 4 19 16 19 11 4 11 2 19 15 9 15 16 12 8 12 14 14 10 19 11 17 8 19 2 4 12 19 9 6 3 8 13 13 3 19 7 3 14 8 4 16 16 12 1 10 14 9 10 13 8 11 1 18 19 15 19 1 5 8 19 8 17 14 6 18 16 7 10 16 13 12 2 20 5 13 15 6 8 17 11 5 2 17 12 1 20 2 11 19 9 19 10 1 19 12 10 13 3 9 3 17 4 18 7 16 5 18 1 14 5 7 5 19 12 5 1 8 6 18 10 14 15 10 8 7 14 5 17 9 12 6 6 2 17 7 14 9 2 3 16 1 10 9 15 2 6 17 8 20 4 3 8 14 3 3 8 20 9 9 14 16 3 6 7 7 15 6 20 15 1 13 1 19 19 2 10 10 7 7 15 9 3 20 14 15 17 12 7 6 16 20 17 4 19 4 14 16 6 3 17 20 20 14 16 20 3 5 17 19 5 14 16 7 1 8 20 12 5 15 18 8 20 1
11 8 7 18 1 6 14 17 3 20 18 16 3 12 10 10 3 16 3 2 8 13 6 18 12 11 18 12 2 19 5 5 0 9 8 1 3 8 9 13 13 12 17 1 11 3 11 5 20 8 14 5 7 14 11 19 2 1 12 7 5 19 2 8 4 11 18 18 20 12 18 10 18 7 16 2 4 19 2 17 7 5 15 5 1 12 12 18 13 16 16 17 15 12 17 7 4 9 2 18 20 16 6 14 18 18 17 3 1 11 1 8 20 13 5 19 12 14 14 18 8 10 18 16 2 7 20 2 13 19 17 16 12 14 18 9 11 6 19 3 3 3 3 15 20 18 9 20 3 20 15 5 17 9 5 9 10 13 12 8 7 9 2 15 2 19 10 4 9 12 11 20 18 4 9 8 14 20 6 17 8 10 19 14 12 6 13 7 10 18 4 5 16 20 6 17 20 14 9 17 19 14 6 4 1 16 17 8 2 10 8 13 5 12 10 6 5 3 2 16 11 13 14 9 11 17 11 9 5 8 14 10 3 6 9 6 4 11 12 13 7 5 4 11 9 17 12 17 9 20 18 11 7 14 8 12 18 5 3 8 8 12 17 3 4 12 9 17 4 18 13 20 7 6 8 18 9 15 1 17 19 11 5 9 14 8 16 19 8 12 12 6 7 15 15 6 4 2 9 13 8 13 17 11 14 4 18 14 19 2 14 6 12 4 3 16 19 7 4 20 20 8 6 7 7 19 2 16 15 7 15 2 6 6 9 18 11 15 19 2 18 2 14 2 17 18 10 11 8 15 14 16 16 5 20 16 19 19 12 13 20 7 1 4 5 15 2 3 3 13 8 6 8 11 4 14 18 9 13 8 9 12 20 18 14 19 16 3 15 5 4 4 17 8 1 10 2 11 2 16 12 12 9 12 17 11 6 15 4 14 14 8 11 10 18 8 14 5 5 14 19 13 7 7 6 3 2 10 17 1 5 2 7 5 5 6 16 15 15 8 15 15 20 6 1 7 18 4 4 1 19 12 18 16 11 14 5 19 3 13 17 7 15 7 12 17 13 16 7 1 9 1 13 7 1 6 16 12 7 15 2 14 13 2 11 10 1 19 19 14 2 3 18 19 15 13 7 13 2 4
20 12 3 20 15 12 19 16 10 13 20 14 13 4 13 3 2 16 1 9 4 16 1 19 9 10 1 7 1 15 8 11 19 0 1 19 2 6 3 5 1 9 3 15 20 11 19 9 11 13 16 8 1 7 2 10 15 9 8 3 13 5 11 14 5 20 4 11 9 13 13 8 2 14 6 18 6 17 11 19 11 7 1 2 10 13 5 15 5 7 20 20 12 17 6 5 15 19 9 5 19 4 1 2 7 10 3 13 14 5 18 13 17 1 3 1 15 17 3 19 20 9 10 8 8 14 12 12 12 20 11 20 2 3 12 1 9 8 19 10 13 5 14 18 19 17 14 7 8 11 19 1 18 7 17 17 18 19 4 19 5 3 2 17 18 13 9 19 12 19 9 2 14 20 20 4 1 11 6 3 4 19 9 14 15 19 14 18 4 3 20 5 7 20 18 16 1 5 13 11 15 9 16 7 14 2 12 3 6 17 5 8 3 15 14 10 14 7 3 4 5 4 12 12 15 10 12 9 20 16 9 2 5 5 6 16 16 7 11 10 7 7 3 17 13 20 6 17 9 16 7 6 14 6 19 19 14 3 13 14 7 1 13 16 16 6 18 4 11 3 10 2 12 4 3 3 2 7 15 19 2 13 2 15 15 20 1 18 5 20 3 5 5 13 5 13 2 18 8 13 14 16 13 11 3 5 18 9 10 15 14 16 10 2 17 19 16 19 2 17 16 12 8 12 20 9 11 17 14 1 18 6 7 12 13 8 19 3 12 17 3 3 20 12 9 14 16 15 8 12 4 18 10 2 2 18 4 1 18 20 1 18 13 20 5 17 16 7 6 17 20 9 15 6 16 12 2 14 2 20 16 11 6 3 3 18 17 5 17 2 8 13 19 1 7 18 12 19 9 13 2 10 12 8 3 9 6 1 4 15 3 15 4 16 7 2 9 15 15 14 1 5 9 6 4 14 7 10 1 18 1 12 18 13 12 4 2 16 16 9 12 8 7 4 17 1 1 15 19 19 14 10 10 6 14 17 4 18 6 14 7 7 11 10 3 10 8 7 18 1 11 7 12 5 9 8 11 2 14 6 8 4 17 9 10 6 10 12 11 1 6 1 6 1 16 6 6 14 9 13
3 2 11 20 6 17 20 6 9 6 4 15 1 15 12 7 11 13 18 15 17 2 5 5 12 16 3 1 8 6 1 7 3 19 0 8 18 11 8 16 11 14 14 10 7 6 18 6 1 7 9 18 12 13 11 14 16 5 11 2 7 5 1 15 10 15 18 9 18 15 8 19 13 12 3 13 15 9 15 17 5 16 13 12 14 14 15 19 14 1 6 20 6 6 6 7 4 2 9 4 14 6 17 18 15 15 10 15 18 9 7 16 9 18 2 20 5 13 2 16 20 4 5 19 17 4 15 15 11 6 20 2 15 18 16 2 16 4 13 3 6 19 5 2 11 2 15 6 20 4 1 13 12 5 19 3 2 19 9 6 6 16 1 14 2 1 14 7 2 1 16 19 11 2 19 12 1 9 12 11 14 13 12 12 4 10 11 1 19 9 4 13 2 5 19 6 13 15 19 4 17 13 3 1 16 15 4 20 10 8 15 12 15 16 11 6 15 5 17 20 2 1 3 5 11 16 14 15 18 10 11 7 15 8 6 9 5 4 12 14 1 3 11 18 4 1 13 12 17 1 2 1 9 11 20 4 14 3 19 17 11 10 12 1 7 14 18 16 4 14 19 12 16 2 5 19 10 10 7 14 14 8 3 14 9 15 20 10 13 1 19 10 10 13 3 1 16 5 14 20 16 12 13 15 9 5 15 20 18 20 13 9 5 20 11 12 17 12 18 20 2 19 8 18 8 9 1 9 19 11 12 12 6 1 1 3 17 20 17 17 3 9 17 12 1 1 19 13 14 11 16 14 13 3 16 15 5 17 9 9 14 5 20 11 12 20 18 13 8 4 19 19 10 12 16 3 18 7 9 4 7 17 1 7 8 7 16 19 19 15 8 15 16 11 11 15 20 4 3 18 7 19 13 16 3 18 18 18 14 5 3 9 10 2 16 3 14 3 3 11 5 14 8 16 9 13 2 4 3 1 14 19 14 5 8 7 8 9 15 8 5 2 10 5 8 6 20 5 19 20 11 7 13 14 17 13 19 20 2 17 15 19 3 9 1 17 20 18 13 16 2 14 8 10 16 5 19 1 9 16 5 3 8 11 1 2 11 20 2 8 2 11 9 1 17 16 10 15 12 9
1 9 20 17 15 8 6 3 8 1 1 18 6 13 13 9 6 15 16 20 4 20 17 19 14 12 17 11 18 9 20 8 5 1 7 0 15 15 6 17 16 12 8 12 17 20 11 13 15 7 6 20 13 11 4 15 1 17 19 10 14 3 19 19 15 13 14 11 10 9 19 19 7 2 15 18 4 11 18 9 1 12 5 18 17 17 14 4 10 1 7 3 17 13 2 13 12 16 14 5 17 7 10 15 15 16 2 19 2 15 11 14 12 5 19 2 10 8 3 10 3 15 20 5 15 13 2 9 11 19 18 9 9 12 18 12 15 19 9 1 12 17 16 7 15 17 18 2 17 10 4 7 11 16 14 3 13 16 7 10 1 1 11 15 10 12 4 17 17 15 11 12 10 12 11 5 16 18 19 1 3 20 20 7 9 14 8 18 15 1 4 16 14 9 17 18 6 17 9 7 7 14 9 20 19 10 10 11 12 20 5 7 1 2 10 7 6 18 2 3 3 20 17 15 5 4 16 11 13 19 5 7 7 12 19 18 19 12 15 13 19 17 2 10 9 2 5 13 16 7 14 1 3 12 12 18 19 15 3 6 6 14 14 2 14 11 8 16 1 3 5 1 4 4 11 15 15 14 19 17 12 15 8 20 20 9 9 9 8 18 7 10 8 15 14 6 9 19 20 3 17 6 9 2 2 8 10 17 3 7 4 17 3 4 5 16 11 6 4 16 16 9 4 3 18 8 10 8 1 14 13 16 8 13 4 5 4 1 16 9 20 8 17 2 17 19 4 19 12 8 19 6 3 2 2 16 1 12 7 2 5 17 2 12 6 18 18 17 12 14 4 11 2 6 8 17 7 4 2 20 2 9 16 19 3 9 7 20 16 1 14 5 4 7 4 1 13 13 11 9 19 19 12 17 12 12 18 3 10 5 9 8 17 1 7 5 16 19 18 1 8 18 11 2 9 15 10 15 9 6 10 19 4 1 14 15 7 8 20 12 20 10 6 10 6 17 7 12 7 20 19 10 13 11 1 8 4 19 15 15 5 13 7 10 1 13 19 10 7 19 1 1 2 10 15 18 5 15 12 18 12 14 8 3 12 16 7 14 1 5 12 13 4 19 11 1 14 5 8 1
1 4 18 12 18 7 16 14 12 4 15 4 4 1 2 5 1 2 3 6 17 13 15 8 16 12 16 13 4 9 12 8 3 12 6 14 0 11 15 1 12 14 3 10 1 17 1 13 1 17 17 7 5 20 18 3 2 19 20 11 17 20 18 17 8 11 2 11 20 6 5 8 11 11 18 13 10 5 17 19 19 16 14 3 18 19 18 14 17 18 12 19 10 15 7 16 12 5 4 8 14 13 16 18 17 12 3 5 1 19 18 11 1 19 12 20 8 8 17 16 20 5 4 4 8 9 17 19 4 1 9 10 14 19 18 9 8 15 5 14 12 18 9 2 13 4 8 15 10 8 19 16 11 8 19 20 19 16 19 19 7 14 17 7 18 5 12 18 9 16 12 13 15 1 1 10 3 12 16 3 7 3 14 17 20 12 6 11 10 13 11 17 11 3 10 14 3 10 8 16 1 15 3 18 7 14 15 11 6 3 19 7 5 2 8 18 5 12 16 15 5 17 3 12 13 12 1 11 18 19 14 8 19 16 20 19 6 11 15 18 17 6 17 14 18 11 15 15 12 13 16 11 11 2 19 3 2 6 11 19 5 5 11 13 8 3 12 7 20 16 18 12 16 2 18 13 16 20 3 11 6 6 17 17 1 1 19 9 15 16 8 1 11 3 8 8 15 10 16 8 3 2 12 14 1 7 1 17 1 14 7 11 20 16 8 11 13 5 3 1 14 19 19 20 7 13 19 8 17 17 9 5 17 19 8 12 20 19 16 7 19 11 2 19 17 19 4 7 10 17 18 15 16 8 17 1 1 12 18 3 10 2 2 19 12 1 13 19 20 20 8 18 20 3 13 19 11 6 10 6 6 13 4 19 20 9 13 8 5 1 13 19 16 11 7 7 8 16 10 10 17 8 5 15 10 20 9 11 2 13 17 17 3 7 6 15 13 6 3 4 7 13 13 11 19 18 6 4 15 20 7 7 19 4 5 9 13 17 2 12 20 11 3 14 10 6 17 19 2 2 15 7 6 5 20 19 4 12 20 13 20 5 19 16 5 15 6 12 8 7 10 6 7 14 17 5 7 19 17 12 15 14 7 5 6 2 20 4 18 4 9 18 1 10 17 20 2 12 6 15
17 12 14 8 19 9 6 6 15 7 10 13 8 5 18 6 9 4 5 14 9 11 15 7 17 1 20 18 10 18 14 2 13 19 19 5 20 0 12 9 10 1 12 16 3 11 16 8 8 15 17 2 20 5 17 15 7 9 15 1 9 9 18 7 16 15 18 13 6 19 13 7 8 12 7 3 8 19 17 17 14 5 10 10 2 12 18 13 17 4 3 19 12 3 4 11 13 11 15 12 16 17 8 2 8 13 1 16 9 4 12 15 18 11 1 6 15 5 14 7 2 12 7 11 3 1 5 1 14 15 5 13 6 11 19 11 6 6 2 1 13 3 13 5 20 13 7 15 8 10 14 18 16 6 16 6 12 10 18 10 4 13 11 20 1 15 11 16 5 5 16 7 19 20 3 4 8 1 19 16 5 14 4 8 3 9 17 5 11 5 5 15 15 4 12 14 8 12 16 14 10 8 5 2 19 7 16 1 12 14 9 18 12 7 4 13 9 12 15 3 13 16 18 1 13 4 13 7 6 3 15 9 7 3 11 10 4 18 9 12 7 17 6 18 19 4 17 9 14 1 14 3 16 20 18 4 7 2 16 12 4 11 2 16 12 10 9 13 8 20 17 1 1 18 5 18 4 8 14 2 7 18 13 10 4 16 4 14 5 17 17 3 15 2 19 17 17 13 1 12 18 11 4 11 13 13 4 7 17 1 14 12 4 15 6 16 1 17 13 14 20 3 20 19 7 13 1 8 7 6 9 14 19 16 17 13 14 15 18 2 2 1 20 4 15 4 2 10 19 10 10 1 5 7 11 11 1 3 11 9 13 18 14 15 18 17 19 6 2 20 20 8 17 20 12 8 12 3 16 9 10 5 12 20 8 12 14 17 12 4 17 8 3 15 20 20 13 13 15 3 13 20 12 18 13 3 13 7 3 13 3 9 4 13 19 4 14 19 5 4 2 7 15 3 16 2 1 11 8 3 4 2 10 12 10 1 20 18 4 15 16 7 9 12 16 3 6 16 3 19 20 5 16 5 7 7 7 5 14 5 9 16 11 18 12 12 17 3 19 2 2 6 5 14 18 20 17 3 17 20 4 20 14 8 8 2 18 5 19 6 7 6 10 6 11 13 14 16 1 12
3 20 12 19 6 16 5 19 10 7 2 20 7 20 7 6 9 10 14 18 5 19 15 14 17 19 9 3 13 7 11 18 5 18 19 10 18 14 0 8 2 15 10 14 7 2 16 3 14 5 3 10 6 5 18 1 17 20 8 2 17 1 17 10 6 19 4 13 5 5 11 1 2 13 2 2 8 19 14 5 17 19 8 6 6 6 10 20 13 3 2 13 8 13 9 1 10 17 20 4 4 16 16 13 5 6 17 15 8 19 16 8 10 17 9 7 9 17 4 20 15 10 11 19 1 14 19 7 10 7 15 18 17 18 1 15 17 12 20 8 10 12 2 15 8 17 2 1 5 6 6 14 2 5 4 3 16 19 13 2 14 5 8 14 18 12 6 5 15 4 18 3 11 1 20 19 13 15 19 5 20 9 11 2 15 14 15 11 16 8 7 3 11 3 11 3 18 15 20 5 8 19 18 4 20 10 9 18 12 1 8 1 8 10 7 5 19 2 13 16 17 7 19 7 2 16 9 15 16 19 12 17 3 3 8 4 19 9 2 10 14 2 5 6 9 9 20 6 9 6 10 13 11 5 3 13 17 4 20 13 5 18 14 18 19 7 17 4 15 5 6 8 7 3 15 5 7 8 14 1 1 2 4 10 20 8 11 3 1 6 14 12 19 2 8 18 8 5 16 7 4 17 14 20 20 7 20 6 4 2 13 2 13 18 10 20 11 12 6 3 3 10 20 11 4 11 5 17 9 8 17 3 4 11 2 17 4 10 6 1 2 15 14 5 10 11 13 11 16 12 14 6 1 13 19 10 14 7 9 18 13 3 16 12 18 11 12 4 14 9 4 14 10 9 4 1 18 3 6 3 6 19 3 12 8 12 17 12 11 19 11 15 11 20 2 6 19 11 11 20 10 10 18 18 16 6 3 7 8 15 7 19 9 11 12 16 1 5 5 18 17 13 12 10 20 17 18 6 10 20 9 6 2 11 9 18 8 9 1 1 12 15 4 16 13 14 5 1 11 1 6 12 17 15 11 17 6 9 4 5 11 19 8 13 12 14 9 9 12 8 19 16 3 6 9 6 20 6 18 18 18 10 2 3 3 2 12 8 3 12 17 4 20 10 6 11 20 18 10 6
7 5 7 15 19 18 18 14 12 5 12 20 15 9 16 17 13 9 5 6 17 6 1 20 3 9 2 5 16 8 19 17 19 1 4 5 2 3 10 0 12 14 11 4 10 3 19 12 5 2 1 11 4 18 11 11 2 12 12 2 8 13 7 1 18 8 14 8 3 6 6 7 18 3 1 18 16 2 12 15 3 20 5 4 14 11 3 18 14 3 6 13 10 16 4 10 3 8 8 20 15 4 4 4 14 5 6 17 20 19 10 10 15 20 11 17 14 12 7 6 6 9 16 20 9 14 2 9 17 7 18 4 10 15 4 18 14 8 12 15 7 16 13 7 5 14 19 15 5 1 1 3 14 2 19 13 20 9 2 11 12 13 6 12 8 8 5 20 7 6 3 2 8 14 11 13 7 1 5 11 18 14 5 4 20 19 1 18 3 15 4 4 15 2 4 10 13 14 2 13 16 7 3 13 12 17 5 14 9 4 3 5 16 5 11 13 3 7 14 13 17 17 4 13 14 1 17 17 8 9 10 12 17 20 10 5 7 17 13 7 15 17 16 2 10 5 2 6 20 5 18 5 2 3 14 20 7 19 15 2 5 7 16 8 18 12 6 14 6 7 11 18 9 16 4 17 6 18 12 18 7 5 2 14 4 19 6 18 14 1 2 4 7 15 8 3 16 6 2 13 12 3 7 4 15 6 4 13 12 16 10 13 20 3 10 13 16 13 5 6 3 6 14 1 18 11 5 13 18 19 4 2 18 13 11 9 2 10 3 14 1 2 11 2 11 6 6 15 17 4 9 9 19 13 17 7 4 11 13 3 17 13 20 18 16 6 18 5 9 1 19 16 19 16 11 13 15 11 4 2 5 2 20 15 18 1 3 4 13 6 10 18 19 13 1 11 5 4 11 11 11 2 12 18 19 14 6 13 5 9 10 19 2 15 11 8 2 4 2 5 16 18 8 2 4 17 15 4 15 1 11 4 16 9 13 20 5 3 12 10 13 1 12 13 20 18 4 20 20 10 20 12 19 19 16 5 13 3 15 14 19 7 8 5 16 11 11 16 18 2 7 15 19 10 1 13 20 11 20 16 14 13 13 7 3 20 4 5 15 11 15 9 20 2 17 4 18 5 13 8
12 10 13 5 1 4 17 11 20 3 16 4 7 5 7 18 16 10 11 8 18 1 5 16 13 9 6 19 19 10 8 5 10 18 12 11 12 17 2 18 0 3 4 3 8 4 8 13 18 9 17 2 9 10 3 14 19 6 6 18 5 6 8 20 6 12 19 14 4 18 16 9 6 20 1 3 20 11 7 17 14 18 1 7 9 8 13 12 1 10 15 15 13 4 12 10 17 2 19 6 7 4 9 9 3 11 12 7 10 6 9 1 17 12 2 2 19 12 18 20 5 8 9 6 16 16 1 3 7 15 9 4 2 16 3 2 14 14 8 1 16 6 3 8 14 1 2 17 2 3 14 8 16 18 17 3 6 15 1 16 6 5 16 9 20 9 3 8 15 15 10 19 7 1 4 7 10 6 13 14 16 6 14 17 14 18 13 10 16 3 18 10 13 11 18 19 13 20 17 17 14 14 6 9 5 10 4 11 5 5 2 5 15 5 6 2 7 20 4 4 16 17 13 17 5 1 16 12 19 14 12 11 7 5 14 7 15 14 8 20 11 17 1 12 16 20 13 9 15 15 1 7 8 4 2 8 1 5 7 9 9 5 20 11 14 6 2 7 16 16 12 6 10 10 18 12 13 7 8 14 20 4 20 8 5 11 10 12 18 12 10 18 5 7 19 16 3 1 20 7 7 3 10 20 4 2 9 19 18 4 4 14 14 7 1 16 5 19 7 10 14 12 11 13 20 4 5 6 5 20 11 12 13 3 12 4 2 8 14 6 8 13 5 19 4 19 19 18 1 14 8 13 1 5 11 17 20 5 1 4 16 19 8 10 5 19 17 12 5 12 3 4 12 13 4 8 15 12 5 8 16 15 6 9 3 17 2 16 8 2 16 10 7 9 8 19 20 19 20 8 16 5 17 18 8 6 16 7 11 7 12 14 16 19 4 11 4 3 2 13 4 10 13 12 18 17 15 1 12 14 11 17 7 18 18 18 2 2 14 17 13 20 19 11 8 13 12 1 20 19 3 7 19 13 1 19 15 19 20 14 13 3 17 1 7 15 3 16 12 5 2 17 9 20 20 17 7 8 13 15 10 16 11 6 10 10 16 15 2 12 18 16 16 11 12 14 14 9 13 10
14 8 11 11 1 3 10 6 13 5 6 5 16 17 20 13 2 2 13 12 4 8 4 10 5 10 13 15 7 20 17 7 1 20 10 8 5 2 9 4 7 0 14 2 8 8 10 6 18 9 19 5 6 20 15 3 13 10 11 1 8 2 4 17 6 5 18 19 9 16 17 4 16 10 4 6 14 8 15 18 12 9 8 10 6 4 19 14 15 5 9 9 13 10 13 20 17 6 11 10 12 18 2 11 4 12 17 7 20 13 4 12 10 12 15 11 18 15 6 19 4 6 15 17 5 10 10 6 16 12 11 6 13 2 16 12 10 9 18 6 6 20 2 7 1 16 12 12 15 18 20 17 2 17 1 5 2 20 4 15 17 13 16 11 5 14 9 18 5 13 20 9 11 6 8 16 2 18 14 16 9 19 5 6 8 16 6 15 10 12 20 13 2 11 2 12 15 14 13 17 19 8 20 9 9 3 12 4 14 14 13 9 10 1 17 11 16 10 9 2 4 13 20 7 3 4 12 15 10 13 7 14 20 15 17 1 15 5 17 9 6 7 11 3 8 8 5 8 20 17 17 5 4 15 20 13 5 19 13 4 11 4 17 14 8 15 20 16 10 1 13 13 6 11 9 18 12 20 3 20 14 9 9 7 5 1 2 5 14 3 1 19 16 7 9 10 17 4 18 13 17 9 1 18 18 14 14 20 14 13 5 17 12 18 13 7 15 9 3 20 13 16 17 6 9 15 20 18 17 6 4 3 7 6 1 10 16 10 9 10 16 19 15 19 18 18 20 20 13 13 13 20 2 1 8 17 7 19 5 15 16 9 14 16 14 17 18 12 9 7 18 1 20 16 13 12 19 6 12 20 12 18 1 8 18 12 7 13 18 18 16 10 8 13 12 10 3 11 3 20 1 17 11 20 9 12 6 3 5 10 18 5 3 13 17 16 3 13 1 2 20 2 13 7 13 15 18 4 9 13 9 3 10 8 13 19 3 5 13 2 9 3 1 4 7 11 4 5 2 11 13 5 6 3 2 14 6 11 6 12 8 7 12 13 5 13 20 9 3 19 19 11 20 12 12 13 2 12 11 1 1 1 1 14 19 8 9 13 19 15 17 6 5 18 17 14 17 14 13 11
17 15 7 14 4 1 14 16 8 6 16 7 8 9 15 18 19 16 11 16 11 11 1 7 1 5 2 5 20 3 10 9 10 5 4 18 3 12 8 1 4 13 0 20 20 7 16 3 11 19 20 7 19 6 14 14 11 13 3 2 20 7 20 17 13 12 7 15 11 3 8 15 19 20 14 19 20 4 17 13 19 19 13 10 14 4 11 14 12 10 1 2 2 17 7 13 13 10 12 13 14 18 9 16 10 16 7 16 6 18 10 19 10 5 18 16 8 20 18 8 17 14 5 8 11 15 11 3 15 5 8 11 10 9 4 2 4 4 14 18 2 9 6 18 19 12 1 16 6 2 16 14 2 13 8 10 20 5 11 13 14 13 13 11 14 8 13 19 20 6 9 3 9 7 4 18 3 4 17 11 17 11 13 2 13 14 7 6 16 12 9 2 18 1 8 15 14 9 2 20 4 7 3 6 15 9 8 14 10 19 7 6 20 11 15 14 20 17 12 16 10 13 11 18 18 5 13 2 8 19 3 5 3 2 8 1 2 12 10 3 19 13 14 12 8 4 2 4 19 3 17 2 17 15 20 1 6 8 13 11 11 11 7 9 9 15 2 13 17 4 9 5 5 12 1 15 17 1 5 13 10 12 13 13 16 10 4 8 8 1 18 9 11 5 16 13 12 9 10 9 18 20 6 16 8 19 11 13 9 18 12 19 3 3 2 17 20 1 16 11 18 8 16 16 19 14 3 4 10 17 17 10 15 19 16 11 15 19 1 19 2 16 10 3 20 12 10 5 2 3 11 12 15 1 12 13 1 19 17 12 6 18 18 11 18 20 5 10 8 10 4 16 11 13 16 16 4 6 20 20 19 9 19 13 14 1 12 8 7 16 14 1 19 20 6 14 10 10 10 17 12 11 7 5 1 14 17 19 18 2 10 10 17 9 14 10 13 1 7 3 8 3 4 9 17 11 12 18 16 17 2 16 16 2 2 5 8 7 20 14 13 8 17 8 3 12 5 18 6 17 8 13 15 6 1 18 13 10 17 15 15 11 10 7 10 4 3 5 19 20 14 16 10 7 18 11 18 6 17 10 6 2 7 13 9 20 15 1 6 12 20 7 6 3 9 1 17 4 13 8
16 15 6 16 1 13 7 8 19 16 13 7 9 13 12 4 19 3 15 2 13 7 15 19 13 10 17 4 19 15 17 1 16 20 17 18 19 14 17 7 5 2 5 0 5 18 16 12 2 5 18 19 15 15 14 7 17 13 14 20 5 6 8 20 1 14 11 15 7 15 20 13 3 1 8 6 15 18 6 1 4 11 2 15 13 1 9 6 13 3 1 3 1 7 13 11 12 16 13 18 7 3 10 20 11 11 2 1 1 10 5 5 10 2 16 3 19 11 17 8 15 20 3 4 3 10 7 18 19 4 10 15 17 4 17 6 9 9 7 17 7 9 17 2 10 3 6 12 1 7 17 1 19 8 8 1 5 1 4 16 13 15 3 6 5 15 12 13 16 19 1 15 11 11 13 10 18 5 14 4 16 20 3 19 1 1 3 16 15 4 17 9 2 7 11 2 3 2 19 8 14 7 15 17 19 3 12 13 4 12 3 1 16 13 16 9 20 16 8 19 17 15 2 4 20 16 3 18 11 10 19 11 19 14 19 16 5 1 4 18 19 10 16 5 5 5 2 18 16 10 7 20 11 10 8 14 14 20 4 19 13 20 5 12 15 17 13 18 12 20 6 17 20 5 4 4 17 3 1 3 1 18 2 1 12 4 18 11 17 3 5 11 8 20 6 11 8 4 2 12 12 16 4 9 16 9 17 20 20 9 5 12 11 6 9 9 6 17 11 1 18 4 12 7 11 11 16 3 20 7 6 5 7 18 1 16 17 3 12 2 15 4 10 2 17 19 8 6 13 15 8 11 10 17 15 4 8 10 11 3 1 3 12 16 14 15 20 8 18 15 2 10 8 6 11 6 20 14 7 19 11 4 4 17 12 12 13 5 15 6 5 13 14 9 8 18 6 12 19 2 7 5 17 17 11 1 3 14 11 13 7 14 16 5 4 7 1 4 13 4 11 7 8 19 8 19 18 17 8 10 14 3 4 11 2 9 5 8 20 13 6 7 18 6 10 18 13 19 10 12 10 5 19 7 19 6 16 18 6 14 16 1 11 14 15 17 10 6 11 1 1 2 4 7 19 3 3 16 2 6 4 7 12 11 2 3 18 4 19 7 15 7 3 18 8 8 14 7 5 6
5 19 9 10 18 10 19 13 13 3 18 10 8 20 14 10 9 12 13 2 9 20 4 12 3 11 5 5 13 17 10 7 7 15 3 16 16 9 5 7 3 18 11 19 0 20 3 9 16 10 19 15 8 17 7 9 12 2 2 8 1 4 2 12 3 19 10 18 15 8 5 4 9 15 1 2 20 15 8 16 17 8 8 14 17 3 14 15 13 17 5 6 12 10 4 5 5 15 16 7 9 12 16 15 20 7 8 11 1 7 14 13 4 10 17 7 3 20 14 10 13 12 1 16 10 1 6 12 11 14 3 4 5 19 17 2 10 11 16 18 5 8 10 14 19 15 10 14 12 7 14 18 10 11 20 10 3 3 14 16 3 10 4 4 11 5 15 11 15 4 12 15 7 18 12 18 3 11 1 18 18 13 13 14 14 3 4 19 5 9 12 20 9 4 13 11 18 19 1 14 3 14 6 9 7 8 20 12 8 15 10 7 10 19 3 1 13 13 4 1 6 20 4 14 6 12 1 10 6 12 11 19 10 3 1 9 2 19 13 10 5 13 1 10 14 8 20 9 7 12 2 7 1 12 5 9 15 16 3 11 7 4 12 18 9 9 4 15 9 17 2 11 12 3 2 14 16 19 12 16 15 12 11 16 15 20 4 9 4 3 18 20 19 17 5 16 8 5 2 16 8 1 18 5 16 6 8 14 4 11 9 9 3 10 6 7 16 9 9 3 16 17 16 3 12 8 2 20 15 13 5 12 11 5 15 13 8 15 4 5 16 11 2 15 10 13 17 4 7 16 8 17 15 1 1 13 1 9 20 1 19 16 15 2 20 6 1 7 14 8 2 14 15 3 9 8 9 18 18 4 15 16 20 15 11 17 7 2 20 16 15 8 12 7 12 10 17 13 5 12 6 4 10 9 7 3 15 4 7 15 19 2 19 19 17 8 13 9 12 15 13 7 12 10 11 19 15 9 9 16 18 1 2 12 16 16 14 3 15 18 9 2 18 14 17 1 16 12 14 10 1 1 1 8 10 15 1 14 16 4 1 3 6 10 10 6 7 9 13 15 2 17 15 11 4 10 19 7 15 12 14 13 18 1 16 6 16 14 5 8 8 1 18 5 3 12 8 2 13 4
4 7 8 20 12 18 15 9 4 2 3 15 9 6 12 19 14 12 10 8 16 18 11 7 8 4 6 5 7 11 4 9 4 13 10 9 3 19 19 9 16 14 3 20 1 0 11 4 20 3 14 19 18 11 20 4 19 3 8 9 9 8 1 11 2 2 12 15 15 2 5 20 4 9 19 4 6 3 6 12 7 7 14 19 13 14 12 18 20 3 19 11 13 4 2 19 13 8 17 8 14 15 1 7 18 20 20 12 13 13 15 7 17 15 1 10 10 18 18 20 1 9 1 5 17 11 15 10 19 2 12 20 8 19 18 3 2 5 17 1 15 14 11 2 18 13 15 8 15 6 11 6 4 9 9 3 18 6 3 7 17 19 18 18 14 11 2 4 7 14 13 5 3 13 3 4 17 7 18 5 18 16 20 5 10 11 9 4 19 20 11 4 10 6 9 17 11 9 15 6 14 3 6 18 4 8 11 3 4 13 12 4 8 17 7 12 11 12 16 1 19 15 17 1 11 17 9 20 5 12 2 9 1 6 3 18 16 17 11 11 20 16 9 19 15 11 19 6 10 19 10 6 2 7 10 15 2 10 17 14 17 13 19 1 3 1 19 20 6 3 2 13 13 10 15 3 7 5 20 8 19 17 14 5 1 19 3 16 6 12 8 20 3 12 6 9 11 2 5 10 12 13 16 18 7 2 14 9 1 20 18 13 15 13 17 18 8 20 8 20 3 9 16 8 5 11 7 20 16 4 1 17 18 18 19 9 7 6 3 8 15 14 8 4 9 18 1 13 1 6 1 7 13 8 18 5 10 17 5 18 13 20 8 11 19 13 12 6 9 7 5 5 17 6 9 14 6 4 7 19 16 18 10 18 17 13 13 3 5 2 5 4 4 16 18 11 3 9 20 4 7 3 9 12 19 2 13 12 3 14 7 6 9 6 13 9 19 1 12 20 5 6 11 11 13 18 8 1 17 1 2 8 11 15 7 14 20 5 7 4 5 7 6 16 16 12 6 13 11 16 4 15 7 7 5 18 8 6 12 3 1 2 1 2 19 12 6 4 10 18 9 6 7 9 20 17 11 7 9 11 3 9 5 17 7 5 4 18 12 7 4 19 5 9 11 11 2 7 1 3
7 9 7 9 3 2 4 19 7 8 5 16 16 13 17 3 16 9 14 3 11 18 7 12 18 10 12 16 12 10 3 10 12 5 12 10 12 13 3 6 6 15 15 10 2 1 0 5 9 4 14 12 3 17 18 17 1 20 12 1 13 6 4 15 13 13 6 4 12 18 8 6 11 12 19 20 9 10 1 4 8 15 5 6 7 5 13 11 3 11 18 7 2 20 9 15 1 12 2 16 15 6 9 13 8 14 4 7 5 12 9 5 3 6 11 4 19 15 15 15 17 17 4 18 20 2 11 6 13 19 13 19 6 16 9 5 11 2 6 12 14 1 11 8 13 10 18 14 14 2 8 20 10 14 17 4 3 17 3 2 10 2 8 8 1 10 4 4 19 8 12 19 12 12 18 20 9 11 16 14 19 15 3 19 13 18 1 8 16 16 10 8 12 9 4 10 15 16 14 7 7 6 13 20 3 12 7 15 6 7 9 12 20 20 5 13 20 8 3 2 13 5 5 1 6 5 15 12 16 3 5 12 4 7 18 9 9 1 18 8 14 2 9 6 1 5 8 8 18 8 12 6 18 17 4 20 6 13 13 11 3 13 11 5 9 3 2 2 6 12 18 1 1 10 14 4 6 3 6 11 18 15 13 9 3 18 9 2 11 15 6 13 10 3 6 12 10 6 20 3 16 6 19 2 14 3 19 14 16 1 9 9 14 13 10 14 11 14 18 13 15 3 16 5 7 17 2 16 4 8 17 18 20 5 7 16 5 2 2 16 2 4 20 6 19 3 12 16 1 19 3 12 18 11 12 19 3 14 9 6 3 18 18 14 14 12 10 4 10 16 7 20 14 7 13 19 17 10 7 1 9 13 15 19 3 2 16 5 14 2 8 2 17 13 19 17 5 18 9 18 8 17 17 13 14 11 19 2 11 13 4 17 18 14 20 16 11 16 12 9 15 8 2 4 3 1 4 16 12 14 7 15 9 6 1 1 10 11 9 8 14 2 4 5 18 5 7 1 11 3 11 16 3 9 16 17 13 8 10 6 16 19 18 2 18 10 7 5 4 14 16 17 1 19 15 11 11 8 7 19 13 17 4 2 14 15 12 14 18 10 15 3 12 3 5 2 14 15 2 5
15 1 12 1 2 8 15 8 7 6 15 1 9 17 7 13 18 11 9 14 14 14 17 8 10 4 18 17 15 19 15 1 17 15 4 4 20 7 1 5 18 10 2 9 20 15 4 0 16 5 14 8 19 10 11 15 20 13 2 3 9 17 3 20 3 3 6 7 3 20 4 16 6 6 4 10 16 17 8 11 4 14 16 9 1 14 5 5 17 9 17 8 19 10 19 4 7 4 19 6 20 15 11 20 11 11 4 16 16 4 13 11 15 1 17 4 18 16 11 19 10 8 18 7 12 3 19 2 3 13 20 15 5 8 11 11 17 3 12 9 1 8 3 10 14 17 8 9 13 7 15 5 11 5 10 8 12 12 18 16 13 13 11 14 5 10 12 6 3 18 1 11 11 6 7 1 1 8 13 15 5 12 5 15 4 10 13 14 1 4 1 8 14 4 10 13 3 9 5 19 5 13 20 3 18 7 1 7 18 20 7 5 7 13 5 5 8 11 4 13 9 7 16 20 13 4 1 18 3 5 3 18 16 3 18 12 15 14 10 20 13 19 5 15 1 14 1 5 14 12 20 4 11 9 18 18 8 15 12 3 6 12 2 13 13 13 3 1 9 14 20 19 15 6 18 14 1 10 18 10 19 9 16 5 6 13 9 3 12 20 10 17 15 5 2 4 5 6 11 17 8 20 19 2 8 16 16 17 5 3 9 18 9 5 10 9 16 4 12 14 17 4 8 12 18 13 20 10 2 4 1 18 7 14 9 15 5 1 6 13 15 7 11 20 13 20 9 14 6 3 17 10 18 14 5 19 14 10 9 18 18 1 16 15 16 10 16 6 2 19 12 5 14 11 2 1 5 20 9 6 13 18 19 17 16 7 3 17 7 4 12 18 15 14 7 2 1 15 15 1 18 15 17 10 16 10 10 14 10 7 9 11 18 1 3 7 13 2 10 16 17 18 5 19 2 14 4 20 19 19 6 17 6 6 9 5 8 4 10 18 6 19 10 3 19 20 4 8 11 9 18 7 14 15 11 13 13 18 9 20 17 3 10 1 19 16 15 2 3 20 3 17 11 19 3 11 18 17 3 1 13 3 4 18 1 18 16 8 17 14 15 2 15 1 8 9 3 9 8 12
18 11 1 10 9 3 17 19 19 11 7 12 10 13 7 4 15 7 1 5 7 12 13 16 18 19 3 8 1 6 4 1 1 10 12 1 15 20 10 17 12 11 4 13 6 17 5 19 0 10 3 14 3 18 15 6 4 1 18 1 12 6 18 10 16 10 3 1 20 16 4 19 11 6 9 3 13 1 13 2 14 2 13 2 14 20 2 18 1 13 4 15 13 9 7 16 3 15 8 9 15 10 8 8 20 13 15 2 11 16 20 14 8 1 3 5 1 19 9 14 3 10 5 6 8 10 2 9 19 18 12 19 13 6 11 19 15 14 7 18 1 6 18 14 5 17 7 9 20 10 12 10 8 19 11 17 16 12 4 7 16 14 17 15 3 8 6 17 7 19 17 7 13 3 13 19 1 1 17 10 9 19 16 19 3 2 11 7 9 17 8 10 9 14 13 10 11 2 1 17 15 15 14 13 8 17 16 14 14 5 14 5 17 5 7 4 4 9 9 9 1 4 20 6 3 20 15 13 11 1 13 9 3 6 16 12 17 2 20 7 2 13 11 10 3 16 6 6 2 9 6 16 7 9 11 18 2 17 1 7 5 18 8 2 19 7 9 12 4 8 3 5 5 18 17 16 13 10 13 4 17 14 12 1 11 10 14 9 6 11 18 19 3 13 13 8 17 16 19 14 6 3 14 6 4 20 3 8 4 7 5 7 4 8 6 8 10 18 5 10 12 3 3 12 3 16 17 18 10 11 3 5 13 10 20 3 3 20 7 18 2 3 4 9 6 9 10 20 14 19 14 11 9 13 1 19 8 8 8 7 10 8 16 3 15 12 2 10 2 13 11 13 13 6 3 1 2 14 12 8 7 9 9 18 15 11 17 20 1 10 9 8 19 5 19 9 9 19 5 16 20 18 6 14 3 14 18 6 14 13 1 2 18 4 7 19 14 17 17 16 7 10 7 1 7 3 17 3 12 11 16 14 8 16 14 4 7 12 3 11 4 16 1 1 16 8 8 16 5 18 4 6 8 4 4 6 4 3 9 16 17 7 14 15 12 15 15 2 19 14 2 15 12 6 18 17 1 20 1 3 11 19 6 11 17 18 7 13 13 6 15 20 4 20 15 10 18 13 4 2
18 4 3 12 15 20 14 20 10 3 12 18 12 18 3 4 16 8 7 19 16 12 4 17 17 12 8 11 1 18 11 20 4 20 3 5 16 11 7 14 2 15 16 14 1 17 12 2 13 0 8 4 1 9 15 17 8 6 6 9 20 9 18 11 10 10 11 1 12 9 9 3 1 9 11 14 13 20 5 7 14 11 1 17 9 4 18 16 10 7 6 10 14 18 10 19 1 11 6 6 12 19 12 20 19 10 15 20 14 10 5 2 9 8 16 16 8 11 18 16 6 15 5 10 20 1 1 7 11 6 17 10 19 12 3 17 12 2 10 5 5 3 20 8 19 2 10 3 14 4 20 14 5 6 3 3 5 4 19 11 13 9 1 8 20 14 4 11 16 18 16 20 17 12 20 12 9 19 6 12 12 10 8 6 12 1 18 2 10 4 9 18 10 6 16 13 2 7 16 9 2 13 8 16 5 14 12 9 16 11 12 9 5 18 20 6 15 3 4 5 14 5 15 5 13 6 6 1 16 3 19 5 5 9 7 3 5 6 9 1 18 18 20 14 15 8 17 3 11 14 9 17 6 2 8 4 18 17 16 8 7 16 14 8 13 16 15 12 17 5 10 4 16 7 17 7 11 16 17 19 18 19 4 3 1 1 9 10 18 7 15 3 16 10 16 13 13 14 2 5 7 18 16 9 13 18 4 11 16 18 12 6 7 13 9 16 3 7 6 1 13 15 15 14 11 6 3 7 7 14 20 4 6 1 4 6 4 14 7 12 3 11 7 11 20 4 14 8 3 20 4 5 11 3 6 9 15 14 9 1 6 15 18 13 16 20 14 20 3 20 15 4 13 2 3 13 3 13 13 7 16 10 4 17 15 8 19 5 17 5 17 4 3 17 20 16 11 19 1 12 20 13 9 14 2 2 15 16 3 18 19 12 19 3 8 5 8 20 11 15 20 11 4 18 7 1 1 8 6 12 12 17 20 17 9 20 10 20 7 7 8 1 10 12 17 9 5 7 8 13 16 16 13 5 19 9 7 1 15 16 6 10 7 18 8 16 4 16 5 15 14 5 1 2 19 16 6 4 14 10 19 15 5 17 5 9 7 12 1 10 20 8 9 2 7 20 3 14 1 1
8 7 14 9 3 5 15 4 2 14 10 11 20 19 13 12 11 14 20 12 16 14 17 20 2 3 1 13 3 9 16 15 1 17 9 9 4 7 4 8 9 6 6 8 8 5 20 3 5 18 0 20 17 14 2 9 18 2 12 5 10 20 8 15 15 2 9 2 5 18 13 7 20 12 18 13 8 12 4 16 7 14 19 3 7 12 9 4 12 3 20 7 7 9 9 3 5 20 11 18 20 16 13 10 1 20 17 11 18 9 14 10 7 2 6 8 13 9 15 11 19 3 10 3 4 18 11 8 18 8 2 19 18 3 8 16 6 6 15 15 7 3 6 3 17 19 18 14 5 17 19 4 13 5 18 14 7 18 14 17 1 4 20 14 9 2 5 6 15 8 2 14 7 9 6 8 16 18 5 20 10 3 5 16 3 19 18 7 14 1 11 6 16 4 20 1 1 4 11 17 17 7 17 2 17 1 10 6 12 14 17 15 5 18 7 6 10 17 8 2 8 10 12 10 14 8 3 3 9 13 1 18 1 3 15 11 8 7 5 5 11 6 20 1 1 7 11 18 20 11 3 17 10 12 7 1 4 13 17 6 9 14 6 10 1 19 7 16 16 2 18 5 3 15 18 14 15 3 10 3 3 1 8 19 2 1 12 10 4 11 6 6 7 6 6 13 13 14 2 5 5 19 9 3 16 13 1 13 3 17 1 10 11 13 17 7 17 9 6 4 4 8 4 8 9 12 15 15 5 19 13 10 1 6 11 3 14 2 5 14 18 14 7 5 2 1 14 4 14 20 9 12 11 10 9 13 12 11 18 7 14 11 15 19 9 9 7 3 4 18 4 14 1 15 20 6 2 12 12 9 13 12 7 19 3 9 16 14 3 11 2 19 4 12 15 13 6 10 3 13 18 16 15 18 18 17 7 4 14 18 1 9 18 18 14 20 4 20 6 20 17 18 6 13 4 16 14 1 5 19 6 11 14 1 7 10 15 15 15 1 3 3 13 16 2 15 12 16 5 19 12 20 12 15 4 20 18 1 7 17 16 19 2 18 6 18 12 6 14 5 15 5 7 19 2 19 3 17 12 14 9 17 17 10 19 16 14 15 8 12 19 5 10 9 18 5 10 13 1 7
1 8 14 9 2 9 10 11 19 3 13 16 11 19 1 19 10 6 5 1 12 15 18 3 6 15 6 6 11 13 8 16 11 16 19 8 3 17 18 10 19 11 4 11 11 2 20 1 15 5 8 0 19 18 11 6 19 14 7 11 7 20 18 10 16 15 5 19 4 5 17 2 11 5 18 15 19 15 14 14 19 15 6 14 20 4 16 20 13 9 3 17 18 1 11 17 5 13 14 14 4 2 13 5 9 2 3 19 6 3 8 17 8 9 18 11 17 19 8 17 12 3 19 2 3 4 14 19 5 10 15 3 16 6 15 13 14 16 16 3 18 19 14 16 13 18 19 13 17 3 17 4 15 15 1 5 2 14 15 11 11 9 10 1 17 9 5 1 11 7 19 8 11 13 15 7 1 17 17 11 14 3 12 2 1 10 15 4 18 17 8 14 2 17 9 2 17 14 3 20 4 3 20 11 19 4 17 17 17 10 19 7 7 16 10 4 4 18 8 1 17 6 1 9 15 18 3 9 12 1 16 14 20 20 11 16 9 4 8 8 16 1 8 14 1 18 10 17 19 6 5 10 4 18 7 3 20 17 20 16 11 12 11 5 15 13 11 4 6 11 15 16 14 18 10 12 18 14 12 19 17 2 14 16 18 8 9 8 2 11 19 1 12 7 19 14 8 1 2 3 13 14 1 12 1 18 3 8 5 1 3 12 20 6 1 11 6 3 18 9 17 7 15 17 10 18 17 2 5 12 17 10 20 14 7 2 16 9 18 1 15 6 1 9 5 10 6 16 19 16 4 18 4 18 14 6 6 20 4 7 12 8 11 20 16 2 19 2 16 8 1 17 8 19 3 1 5 9 18 5 14 10 9 9 12 18 11 15 3 2 17 1 4 5 11 19 14 1 7 1 1 6 14 19 18 12 12 3 9 1 15 13 3 6 4 13 1 10 5 18 19 4 7 1 8 2 10 10 2 13 12 18 13 4 12 19 15 9 20 15 16 1 6 6 3 13 19 19 6 19 11 5 14 9 19 3 8 19 11 9 4 2 14 15 5 18 17 20 10 20 16 14 7 14 2 9 11 6 14 15 8 8 10 16 19 2 14 16 18 6 14 8 3 5 8 18 12 10 2 14
8 4 12 1 20 7 7 15 18 3 12 2 2 8 11 20 10 11 7 2 3 15 5 2 6 6 11 18 5 20 15 16 14 10 14 10 3 17 18 10 5 16 1 14 12 13 13 19 17 19 4 13 0 8 8 6 13 18 6 2 18 1 5 8 13 19 11 18 10 3 1 13 14 6 18 5 1 2 19 1 1 5 13 15 16 14 12 4 3 10 5 15 20 5 18 16 10 9 10 5 20 16 17 11 13 6 18 4 1 5 1 15 11 13 20 15 2 20 2 15 15 13 12 16 10 5 2 9 15 16 16 10 13 1 12 18 16 2 8 6 2 15 20 17 9 14 16 5 18 7 19 17 6 10 18 16 11 9 10 4 17 10 3 7 15 8 5 14 16 8 2 11 15 14 5 2 8 16 14 10 15 13 14 12 10 19 15 15 8 13 18 15 5 15 7 7 3 5 20 1 12 15 1 13 7 4 17 3 17 15 4 17 6 1 15 5 17 4 1 3 14 3 18 9 7 6 19 18 19 3 15 15 12 9 6 9 11 17 5 17 9 19 13 7 6 20 4 19 17 2 14 2 11 1 4 5 17 2 12 9 14 11 6 15 20 4 19 2 13 7 10 16 19 6 15 3 11 19 5 9 1 2 7 3 18 19 3 1 3 16 2 11 13 4 5 2 3 14 18 20 5 9 16 10 6 19 5 18 18 3 2 8 3 4 8 9 8 14 19 12 10 20 16 17 8 18 17 20 9 4 8 1 11 9 12 4 9 7 1 13 10 12 14 3 2 13 10 10 12 2 19 18 3 4 1 16 11 2 15 14 4 4 10 9 13 15 1 15 9 12 3 14 4 8 11 19 6 20 12 10 8 15 11 18 10 20 20 8 3 1 10 9 18 19 15 3 17 18 2 15 13 12 8 11 6 20 9 12 2 3 10 7 2 3 18 10 14 12 7 7 11 10 20 16 20 16 19 18 14 8 9 9 11 11 2 10 10 8 8 15 1 7 12 20 20 14 17 8 12 14 4 14 6 2 13 3 20 9 5 1 5 5 16 15 4 19 18 6 1 3 20 3 13 12 10 9 20 5 4 20 17 19 3 13 1 8 15 6 1 9 9 4 20 7 8 19 6 10 8 16
19 13 7 6 20 12 3 8 13 16 5 7 4 11 5 5 9 19 17 1 5 3 1 10 5 16 7 8 9 12 15 15 17 10 9 18 8 11 15 14 7 12 5 13 15 6 7 11 15 9 20 17 20 0 15 4 15 10 6 14 4 17 18 4 8 6 14 3 16 19 8 13 4 18 14 10 12 4 5 16 8 9 17 5 7 1 15 14 19 19 20 14 4 3 4 4 12 2 17 1 18 4 9 12 11 15 11 5 5 16 13 2 17 2 12 7 15 13 14 10 12 19 8 4 12 7 7 14 3 6 16 10 1 3 12 8 4 17 6 10 1 2 8 7 3 12 19 16 18 6 10 16 20 15 4 18 2 3 3 17 8 2 11 14 15 4 20 9 13 10 9 17 18 3 5 10 16 12 2 4 11 14 18 13 9 18 8 12 19 15 8 14 16 14 4 7 14 5 14 20 4 4 8 6 6 1 3 16 14 8 20 19 5 11 12 10 16 14 9 6 14 8 20 2 14 3 1 16 4 12 5 20 3 11 14 18 18 1 19 1 12 2 9 15 1 13 19 19 5 10 13 7 11 9 14 10 11 12 1 13 1 5 9 1 16 19 16 3 1 14 7 6 3 9 17 3 17 10 7 6 14 16 16 10 3 12 11 2 9 18 3 6 4 20 14 16 16 3 1 19 12 4 18 6 9 8 2 2 13 17 10 5 4 5 12 2 11 18 6 11 4 13 20 15 12 8 4 9 17 14 5 18 2 19 19 14 7 16 3 1 7 6 18 14 3 19 17 18 3 17 19 9 15 18 17 12 10 6 20 1 18 11 4 15 16 10 4 5 20 9 16 15 10 1 19 3 5 1 17 17 7 19 2 5 10 7 2 13 15 2 14 10 17 7 19 18 20 6 18 5 7 3 7 8 13 8 10 7 1 11 17 5 11 13 14 8 7 5 14 12 17 13 7 7 6 7 14 15 6 14 17 6 3 16 17 12 7 8 17 5 14 1 7 14 1 12 9 11 9 2 17 19 19 5 2 6 12 17 7 4 7 5 17 3 4 15 20 8 18 16 10 12 16 4 3 10 6 17 15 7 12 7 9 12 20 13 6 20 14 9 16 19 1 5 19 16 11 1 7 16
4 13 19 20 10 1 13 1 17 12 20 6 19 9 1 12 1 8 13 7 1 18 17 15 15 17 11 17 18 2 5 6 16 12 15 6 8 13 19 12 7 6 9 14 20 3 13 4 2 7 8 4 16 17 0 11 9 9 1 3 6 17 20 16 14 19 2 20 12 5 5 19 12 11 3 12 20 12 18 6 11 5 17 17 3 12 18 14 18 7 15 13 4 1 19 12 7 5 13 16 10 9 7 16 16 4 1 19 8 9 16 5 13 11 5 12 14 8 14 2 12 13 3 19 2 20 18 7 19 12 15 13 5 19 3 14 7 12 13 19 18 15 12 10 7 4 12 18 13 17 17 19 9 20 4 8 9 2 18 6 20 14 3 2 8 6 9 18 9 20 13 5 14 8 10 6 11 12 8 8 19 20 15 4 2 1 16 2 13 8 3 15 19 12 9 15 3 6 16 19 14 12 20 4 5 16 7 8 5 1 7 18 20 14 8 7 14 6 15 16 11 18 13 8 8 15 1 4 14 1 6 4 10 9 19 7 5 12 3 7 6 10 16 12 13 4 3 18 11 20 13 8 8 7 14 11 6 15 4 1 16 14 18 12 20 1 16 16 18 8 10 19 19 13 17 11 20 6 14 13 10 7 8 1 16 12 18 13 13 17 18 8 10 3 8 2 14 4 2 6 5 2 10 1 15 20 15 4 20 8 12 5 6 10 10 20 9 15 16 20 5 3 19 20 18 9 6 8 1 15 4 8 10 17 4 8 14 17 14 1 16 14 3 11 17 19 20 16 2 13 1 17 12 13 6 11 5 16 2 14 18 3 3 6 9 9 14 14 5 1 11 9 13 20 4 14 6 15 11 6 9 16 5 14 9 20 3 15 10 7 5 10 7 6 11 14 12 4 12 5 1 19 18 1 7 6 17 13 7 4 20 15 10 18 19 2 13 1 14 10 5 16 2 9 7 9 13 14 13 16 10 2 8 11 3 7 5 14 6 14 9 8 11 16 17 10 11 13 1 8 11 20 15 6 17 20 5 7 5 4 6 7 14 2 6 8 14 15 6 17 20 16 10 10 12 3 17 1 4 8 11 7 8 6 14 11 6 6 12 16 1 9 15 8 17 7 4 6 12 15
10 8 11 11 3 5 17 7 20 8 10 12 20 18 8 17 20 11 19 7 15 12 13 20 16 15 17 20 17 13 19 5 9 20 12 8 13 2 20 14 19 5 8 3 4 11 11 14 6 1 18 14 7 15 7 0 10 4 4 20 4 18 8 16 14 15 3 9 15 19 2 4 7 16 20 17 20 17 14 3 13 16 5 4 15 3 19 8 18 3 18 5 20 16 4 2 13 9 1 7 10 9 12 9 14 12 6 20 19 17 1 16 11 4 3 9 1 5 15 13 4 3 19 1 17 3 5 15 1 7 12 4 1 13 18 5 20 3 14 18 1 20 11 13 17 6 20 13 7 9 15 4 1 17 13 15 7 11 8 7 4 7 17 1 11 17 2 15 15 11 9 12 12 18 4 19 14 9 11 8 4 11 16 19 12 6 6 11 5 12 8 7 15 5 13 15 15 5 9 7 5 6 5 9 20 10 12 7 8 3 4 6 7 8 3 10 3 19 3 19 20 14 2 1 17 19 17 3 9 2 1 5 18 1 19 13 16 20 20 16 20 2 3 10 9 18 10 16 2 10 20 9 5 15 2 10 13 14 15 8 11 17 1 12 5 4 20 20 3 16 9 15 12 15 5 2 3 10 7 2 7 3 14 14 19 11 10 4 7 9 13 4 2 15 15 17 13 8 8 17 2 11 17 19 20 8 7 17 9 12 20 6 12 3 5 4 20 11 17 3 3 16 16 2 9 5 18 11 19 16 14 15 18 5 20 3 16 19 20 7 15 8 18 20 4 9 8 19 6 8 9 6 1 4 10 6 2 8 10 16 4 20 6 6 17 8 15 4 8 14 11 3 9 14 11 2 1 12 15 20 4 4 9 14 17 9 16 8 20 3 1 4 7 3 1 18 19 17 15 2 5 5 5 8 7 5 8 7 8 5 2 7 10 2 1 16 7 2 11 3 13 7 20 11 15 19 9 18 9 14 19 17 12 8 5 12 11 14 11 13 3 13 19 16 7 20 11 14 9 15 1 17 3 13 17 18 7 14 2 7 11 4 9 11 9 18 11 16 6 18 12 6 19 2 3 3 20 13 11 14 6 20 5 18 2 9 6 3 15 5 14 7 10 2 14 6 3 8 16 2
7 9 5 10 8 1 4 8 11 3 11 15 8 9 19 16 9 16 17 11 20 8 13 14 12 9 15 3 11 14 3 17 6 3 3 14 17 3 8 5 16 12 17 2 14 7 14 18 12 5 20 4 10 13 20 12 0 17 16 20 3 8 8 1 13 6 1 17 16 6 5 18 18 13 1 12 4 3 16 19 15 3 3 8 7 16 17 17 13 19 9 14 12 1 20 5 18 8 17 6 11 14 15 17 16 5 14 5 1 5 5 20 11 3 5 9 18 18 19 2 8 6 15 20 12 17 10 7 3 5 14 20 11 11 18 11 10 12 4 20 12 4 7 13 8 4 8 7 15 4 12 2 9 2 1 5 19 2 11 15 11 8 16 6 20 7 20 3 19 2 20 7 15 15 13 12 12 1 12 3 14 15 15 11 5 11 5 2 5 8 6 3 6 8 5 14 9 18 12 9 7 6 5 2 19 2 4 11 4 4 8 6 11 8 15 18 18 9 8 7 15 8 1 7 2 20 3 15 14 7 8 1 20 20 7 14 2 16 16 2 4 20 13 6 12 8 1 7 3 10 14 16 12 11 1 1 6 10 19 8 12 17 11 4 3 13 6 5 16 4 13 11 18 12 8 3 19 12 19 16 2 11 7 12 2 6 7 16 13 3 16 10 12 20 20 1 10 4 20 5 6 14 13 16 9 11 18 4 1 6 9 2 10 4 17 9 12 3 7 7 5 2 5 7 19 17 14 20 1 16 8 15 2 8 10 3 7 13 14 10 17 3 6 20 8 14 16 9 18 4 10 10 13 2 7 3 12 8 5 8 17 20 14 14 17 19 14 5 19 3 5 18 19 2 14 18 2 12 18 3 9 15 13 12 7 11 19 19 13 7 18 7 13 9 11 15 6 18 15 7 11 15 19 5 17 3 17 2 15 10 11 6 2 10 4 17 17 20 14 4 11 5 15 7 6 18 18 17 4 1 18 18 15 10 9 12 4 4 1 13 8 8 3 4 10 9 19 5 20 9 20 17 12 17 20 18 8 10 17 12 5 6 8 17 13 2 12 7 15 14 3 15 13 15 20 12 20 8 2 6 16 6 4 19 11 11 16 5 10 10 10 17 13 9 6 3 13 6 2 5
5 4 16 19 5 19 11 3 3 19 12 10 7 2 1 13 5 16 10 17 9 15 15 2 7 7 8 9 4 7 16 16 20 8 20 18 4 10 17 5 15 4 1 20 6 13 6 7 8 16 10 15 10 9 9 17 7 0 14 4 13 12 9 12 20 5 16 4 3 3 20 15 19 2 20 2 3 7 8 16 10 20 1 2 8 9 8 15 6 4 16 3 11 14 16 13 5 19 11 16 6 20 11 15 12 19 5 12 2 7 17 4 18 1 10 5 9 12 4 14 20 12 19 16 16 2 10 15 18 10 18 3 6 1 20 13 17 12 13 1 5 11 6 3 16 2 12 6 8 1 10 1 14 19 3 16 8 14 10 20 5 4 11 13 7 13 9 5 4 9 1 19 2 3 5 16 2 14 5 20 3 1 4 20 17 17 18 2 8 4 16 2 9 20 5 9 14 17 12 14 13 20 19 6 6 19 7 18 3 9 20 10 5 4 11 18 14 5 3 12 1 4 4 9 11 15 10 17 11 3 1 17 9 17 13 8 18 13 4 9 13 6 19 3 20 2 1 3 4 20 14 8 13 16 15 5 20 13 11 8 20 7 10 8 9 7 8 7 7 17 6 12 15 4 7 8 9 16 8 10 7 3 13 8 14 20 14 5 20 6 4 10 20 6 7 20 11 8 12 4 4 5 7 6 5 16 15 14 9 20 13 1 6 20 5 15 16 18 19 19 2 14 12 3 11 12 19 20 5 16 9 16 4 9 17 5 15 19 19 3 19 3 1 4 16 6 5 19 8 10 14 18 8 1 16 5 20 6 10 17 14 2 1 17 18 3 7 2 8 15 4 14 4 12 6 16 16 14 20 3 8 14 12 9 8 9 19 5 10 5 2 2 11 11 8 11 13 7 12 15 14 8 15 16 5 7 12 11 20 1 10 19 3 19 11 3 10 15 18 13 15 17 15 1 3 20 3 17 1 3 17 3 9 18 17 12 12 8 5 7 14 3 7 15 5 19 14 2 16 13 2 18 19 8 9 16 12 18 10 19 18 12 15 17 15 8 9 7 3 2 11 5 3 17 11 19 10 11 6 5 4 1 4 7 8 17 15 3 6 2 6 12 19 9 15 16 20 8 20 6
16 17 18 7 8 2 19 7 17 6 5 19 12 4 6 15 19 18 19 16 17 2 6 18 13 6 11 16 17 14 18 6 12 2 1 14 2 3 6 8 7 7 1 16 2 17 20 17 10 12 18 16 6 8 14 10 16 17 0 14 4 18 10 13 18 12 14 16 4 2 18 11 5 12 7 8 5 12 11 13 11 8 5 8 12 5 18 4 11 16 16 19 15 14 3 11 10 17 18 11 7 15 17 3 15 16 11 5 18 9 15 1 18 6 3 11 10 15 17 15 6 11 5 16 10 4 20 1 6 1 4 3 2 10 14 3 17 20 2 1 15 19 16 1 10 7 7 19 18 12 20 16 20 9 19 10 4 2 16 18 20 16 15 8 19 17 7 19 8 11 8 3 19 5 5 16 10 18 5 12 4 11 16 9 5 15 16 19 6 4 7 16 14 12 19 18 18 2 4 6 19 10 20 14 6 19 18 15 1 1 10 14 1 10 18 16 6 18 18 11 12 3 5 12 9 18 16 19 13 1 5 7 6 3 6 9 6 2 18 17 18 9 16 8 5 4 14 3 1 9 2 8 8 19 14 13 18 5 2 3 19 10 15 10 17 13 12 4 19 19 12 3 19 8 4 1 7 18 20 16 12 14 15 15 13 6 8 11 15 4 16 6 5 19 5 19 20 16 11 20 9 13 4 9 16 12 16 6 8 6 1 17 3 9 2 19 18 3 19 10 11 10 7 7 8 2 9 10 5 16 20 17 8 18 12 20 18 6 20 3 19 17 4 13 15 16 8 20 14 4 18 10 13 16 20 20 7 7 16 17 17 15 11 6 6 11 1 13 13 12 7 2 13 14 6 7 8 15 19 15 18 2 13 7 17 9 12 2 4 10 20 13 4 18 17 13 6 16 6 8 12 7 14 1 6 18 1 10 16 15 10 20 16 7 10 13 4 18 10 1 7 20 11 11 5 12 8 11 11 17 6 6 7 10 15 5 19 14 5 5 20 8 2 3 9 11 10 7 3 1 1 19 16 15 10 14 7 5 17 15 12 2 17 16 12 3 15 15 12 20 3 16 4 19 19 11 14 11 4 2 15 13 12 11 19 3 19 20 4 16 17 2 16 12 18 13 9 12 4 9
17 2 17 15 1 7 17 5 14 8 11 4 8 3 1 6 3 8 6 4 3 11 19 10 1 4 5 9 1 10 9 10 17 10 13 7 7 6 2 20 6 14 2 11 10 4 9 11 6 6 11 6 11 9 20 8 14 10 14 0 3 10 2 15 6 2 1 11 3 3 10 20 20 1 6 8 14 16 1 10 11 15 4 4 16 6 17 8 2 9 15 18 7 10 9 2 8 8 19 17 8 9 20 5 5 16 4 6 1 10 4 14 12 6 13 16 16 12 8 7 3 14 13 2 15 2 15 17 4 19 14 5 5 4 13 16 6 15 19 5 3 2 13 2 2 1 13 16 7 3 9 3 18 1 10 16 11 8 16 10 5 17 1 17 14 19 8 3 10 4 12 15 4 3 13 13 1 5 14 5 4 1 5 10 5 6 5 9 4 12 5 5 15 4 20 8 15 20 9 9 13 7 15 19 3 15 7 10 1 4 6 9 12 6 18 19 3 18 18 13 8 13 19 10 4 17 13 3 19 9 5 10 14 19 18 20 11 13 9 5 20 10 6 1 3 8 6 12 9 4 14 12 16 4 5 3 18 19 9 4 1 15 8 17 20 20 9 8 1 3 14 14 17 4 1 2 6 3 12 12 8 2 9 5 11 16 16 1 9 19 16 11 15 2 12 1 18 18 12 4 8 10 7 9 10 18 3 13 16 17 8 14 20 2 20 15 7 17 11 18 11 15 16 6 17 20 19 17 5 19 19 12 7 15 10 8 19 6 12 14 7 15 12 15 5 3 10 12 9 9 15 16 17 7 14 6 19 14 2 16 16 4 20 3 18 13 16 14 16 14 2 9 1 6 17 17 15 7 17 3 13 10 13 13 15 8 2 19 16 19 17 19 10 16 13 12 1 7 9 16 15 14 8 15 2 4 5 7 13 6 8 16 9 8 19 10 8 7 19 7 12 19 12 7 9 5 8 2 15 15 17 14 20 19 2 13 11 6 1 9 6 10 6 7 8 1 5 5 14 4 15 3 16 5 4 8 6 12 1 17 10 16 11 17 8 16 5 5 19 8 3 4 11 2 9 14 2 16 19 17 17 14 20 14 14 1 16 18 1 12 13 17 19 9 17 9 11 2 12 15
6 14 6 19 11 13 13 15 8 10 4 12 17 13 11 16 19 14 12 1 12 4 1 2 3 6 3 19 10 4 17 20 8 14 15 8 1 16 8 17 20 1 19 19 20 9 20 7 13 2 15 2 12 17 19 20 12 12 15 8 0 3 8 18 5 8 20 6 5 3 19 3 2 7 18 1 12 13 7 18 20 10 2 14 17 19 9 19 15 4 1 6 16 14 9 10 4 17 11 2 13 9 3 12 8 16 15 19 17 12 14 17 17 11 19 8 5 19 3 13 11 4 19 19 16 10 12 14 3 14 18 10 1 10 4 4 4 3 18 7 8 3 3 5 10 10 15 4 5 8 20 9 5 19 7 17 10 9 20 7 18 20 6 5 11 12 2 8 10 19 13 2 12 17 12 1 1 3 2 7 14 14 5 6 3 4 2 20 13 2 18 9 12 20 18 17 16 18 19 3 14 12 11 9 13 12 4 19 19 2 16 15 20 11 4 3 20 19 20 11 12 5 20 18 10 17 18 16 17 7 14 2 8 12 2 3 11 1 3 18 15 20 18 11 3 11 10 18 10 14 19 2 14 12 4 20 6 10 17 14 16 8 10 9 3 12 12 14 7 12 3 3 10 15 18 3 2 11 4 20 11 7 7 1 19 10 4 8 5 4 10 6 2 18 9 17 7 14 20 9 14 8 18 17 5 6 15 17 20 13 6 17 4 20 3 14 13 9 16 8 2 8 12 20 20 16 20 1 12 7 20 14 17 7 2 7 14 6 9 14 16 16 19 6 10 2 18 9 8 6 3 1 17 17 14 4 3 11 9 5 2 6 6 14 5 10 7 18 20 1 2 5 15 13 10 14 17 5 8 20 20 15 20 18 4 2 9 16 15 4 17 20 20 14 2 19 1 11 4 5 3 10 7 1 1 19 17 19 2 4 15 4 1 1 6 13 20 19 4 1 2 1 15 14 3 16 11 2 3 17 17 18 12 20 3 16 8 11 3 19 10 7 20 4 5 13 20 19 10 17 9 14 19 9 1 7 9 20 1 20 7 13 5 17 2 16 12 10 11 5 13 18 17 1 6 15 7 16 8 16 11 5 11 2 8 5 3 6 7 1 5 14 2 7 12 12 20 1 20 1
16 19 2 5 1 7 9 18 17 6 4 11 1 2 14 10 8 1 4 5 20 16 12 6 9 16 5 20 4 7 13 4 18 6 17 15 4 9 17 5 13 3 8 3 5 11 1 5 1 10 1 5 3 4 3 14 6 1 3 10 6 0 14 6 13 7 4 1 6 18 8 5 11 16 2 18 7 7 3 3 20 15 17 2 19 2 5 11 13 13 5 16 10 5 20 17 12 4 9 12 6 2 1 1 10 2 15 11 15 6 15 8 3 11 8 16 11 1 11 18 7 16 11 16 4 4 15 13 1 14 12 17 13 15 15 6 7 12 3 7 3 2 13 5 16 8 7 8 9 1 19 19 19 9 12 13 15 3 2 5 14 2 9 5 8 19 16 1 4 14 4 13 9 18 14 5 20 8 10 9 13 10 9 11 20 8 8 19 18 4 2 9 16 15 19 9 10 9 15 9 6 13 14 12 16 2 3 14 3 7 4 14 20 12 8 11 1 10 12 7 7 19 8 15 5 6 2 18 17 12 14 6 14 1 3 19 12 16 20 18 17 15 7 14 18 8 12 20 2 2 14 20 15 4 5 10 13 12 6 1 7 8 12 15 9 13 7 8 13 2 13 19 20 16 18 13 17 19 10 10 4 4 13 8 7 2 17 7 6 15 2 6 7 2 3 4 4 1 20 11 13 17 15 16 7 6 19 13 20 15 14 13 3 5 1 2 1 10 2 20 9 12 10 12 5 11 16 18 13 19 2 4 19 8 3 5 7 20 3 2 5 3 14 6 11 5 17 10 5 9 2 4 1 4 7 17 20 17 12 14 12 17 11 17 4 7 9 12 11 5 20 7 9 5 13 1 16 17 10 4 6 5 8 6 20 17 1 15 4 14 4 1 18 10 17 19 17 10 3 2 19 7 10 7 9 18 11 17 6 7 8 13 18 18 16 7 19 11 10 2 13 11 1 12 7 16 9 7 11 15 13 8 20 10 14 11 8 12 18 6 13 4 11 4 8 15 13 19 10 18 20 19 2 14 1 18 14 14 9 2 7 8 4 2 13 12 10 10 6 17 3 6 13 1 14 2 13 5 15 1 1 6 16 10 8 16 20 13 6 9 3 8 20 3 16 2 15 16 8 7
4 6 5 12 15 9 3 16 5 11 6 19 16 19 3 4 7 15 14 20 9 3 17 19 5 4 18 16 9 3 4 11 11 4 8 12 17 4 16 3 14 16 12 15 10 11 8 4 17 16 19 20 8 6 5 11 5 14 1 12 11 6 0 13 2 5 18 15 4 20 3 11 11 17 18 6 4 5 5 13 2 15 5 5 16 6 6 6 19 19 17 16 19 5 19 2 11 14 9 4 18 19 4 18 8 5 4 17 8 8 14 17 6 7 11 15 3 7 14 19 6 16 16 16 1 8 1 4 11 1 18 4 3 1 14 5 13 16 14 4 11 6 16 10 20 7 14 16 11 18 2 19 15 14 5 15 17 12 3 1 13 8 10 14 8 8 11 18 5 16 17 14 16 8 12 16 1 18 14 6 11 1 10 18 2 11 20 16 13 1 20 7 7 1 18 15 16 5 7 13 5 18 15 7 17 7 1 13 2 7 6 4 8 16 10 20 2 3 4 17 1 5 9 7 10 15 12 2 17 11 17 12 1 18 18 15 5 6 10 2 17 13 4 20 1 1 1 4 2 1 11 9 11 5 14 2 14 2 13 13 3 9 18 6 7 19 8 10 14 5 2 11 5 16 10 14 19 11 18 13 15 19 19 9 15 5 20 1 2 12 2 6 13 20 5 10 17 15 6 14 13 9 9 17 6 6 12 10 7 10 10 17 4 13 11 1 14 14 2 10 17 15 1 14 3 4 2 3 8 3 11 11 1 10 19 8 1 1 17 18 19 14 15 19 15 13 4 9 11 3 18 14 15 3 4 3 16 13 18 7 16 17 11 18 4 4 15 8 13 14 11 10 1 13 7 19 16 11 5 17 19 11 4 1 9 18 12 8 2 16 8 16 2 1 19 4 12 20 10 1 18 19 2 3 2 2 8 3 9 5 7 4 6 19 3 13 12 1 1 3 18 18 11 15 13 19 5 14 6 6 19 14 5 6 14 13 6 19 2 8 1 16 4 7 10 2 14 10 8 19 12 13 5 11 14 3 3 1 11 15 10 16 7 5 14 14 15 2 14 13 5 9 4 8 10 4 15 13 20 1 5 8 19 18 14 15 10 10 16 17 1 15 20 19 12 5 15 9 4 7
4 6 15 10 7 4 18 4 5 8 2 14 3 6 17 9 18 8 2 20 5 8 14 1 20 12 1 10 13 12 8 10 16 15 14 19 6 20 20 10 9 4 16 3 6 13 6 15 5 17 17 7 10 6 4 1 12 15 15 1 20 11 5 0 13 3 13 2 7 2 14 6 3 8 5 9 9 16 10 1 13 9 8 1 4 12 11 19 19 13 11 13 15 5 20 9 12 4 1 20 12 13 10 13 4 18 17 18 1 1 6 14 19 3 9 11 16 13 2 11 11 5 11 2 10 7 10 17 9 11 16 10 17 16 11 4 16 2 18 9 11 14 18 2 13 5 3 19 20 5 8 19 9 3 15 18 1 11 12 17 20 7 10 2 1 9 1 2 17 14 14 7 6 6 5 17 12 5 16 7 5 11 10 5 5 3 6 9 17 7 5 7 16 18 8 19 12 10 19 17 2 2 19 13 18 3 15 8 16 2 1 18 10 12 1 5 6 20 11 15 5 11 6 15 18 5 11 17 20 11 20 19 18 12 1 14 6 6 4 1 7 5 6 4 19 5 15 4 17 9 2 9 3 14 4 10 1 5 8 18 13 14 1 5 7 20 11 7 13 9 7 16 3 3 8 18 4 10 5 12 5 6 12 16 13 8 9 17 11 1 7 10 16 12 14 7 6 16 19 15 16 12 4 16 3 13 18 2 15 5 9 12 18 18 12 7 1 9 18 8 7 5 18 19 13 4 9 13 14 8 18 16 18 20 19 16 12 4 13 18 19 5 17 15 6 10 6 11 4 13 15 8 9 13 19 17 20 17 6 7 18 16 3 3 19 5 6 14 11 12 4 7 14 13 16 2 10 3 3 19 14 14 6 14 4 18 18 3 7 2 12 1 10 5 11 6 13 1 16 5 20 7 10 7 12 17 7 6 1 5 14 12 19 3 4 14 13 17 17 15 12 10 8 2 10 10 6 20 20 14 5 8 8 6 17 11 6 2 7 3 20 12 17 8 10 11 18 18 17 12 9 15 18 3 14 3 2 16 8 7 3 16 14 12 18 12 5 15 7 13 5 17 20 16 8 17 7 18 3 15 19 10 18 15 2 9 6 8 16 16 19 13 10 8 13 3 16 1 7 10
2 13 13 4 17 1 8 14 10 12 3 2 10 11 13 9 10 6 15 12 5 2 2 2 20 13 11 19 17 17 3 14 14 20 4 3 11 16 17 13 12 2 17 20 10 16 2 9 8 10 17 16 9 19 12 4 1 11 13 4 3 15 12 10 0 7 3 11 6 8 9 20 18 3 20 16 3 10 16 1 7 12 13 6 3 16 17 13 20 11 10 19 12 11 12 11 20 10 4 1 7 1 8 11 2 19 19 10 9 11 18 9 9 13 17 20 15 17 16 8 20 8 9 4 7 13 17 20 19 17 20 4 3 5 8 17 15 9 7 19 15 20 2 17 11 10 6 15 15 7 13 15 9 2 8 11 8 5 7 3 5 7 1 15 17 17 1 11 11 9 16 13 1 11 13 7 2 8 6 19 18 11 8 11 9 7 16 9 4 6 13 12 8 12 12 10 10 19 5 16 12 12 1 10 7 16 8 5 17 1 2 7 7 15 8 19 17 18 16 3 19 8 19 17 20 17 10 16 1 5 5 5 12 11 2 6 1 13 6 4 7 14 17 10 20 16 3 18 1 19 19 10 10 12 7 18 7 3 10 16 8 15 20 16 7 9 13 18 10 2 15 14 1 9 19 11 7 11 18 8 19 10 17 11 10 17 7 9 1 14 13 15 13 10 10 20 7 20 7 16 19 13 2 3 1 14 10 6 3 12 13 2 20 3 10 6 11 15 1 6 12 17 19 2 4 17 20 11 12 20 12 8 16 3 16 17 5 1 7 14 16 6 19 6 20 4 18 18 14 10 17 9 3 13 5 13 17 9 9 7 19 11 5 13 3 6 15 20 14 18 1 19 9 3 1 17 9 10 17 4 2 14 7 19 1 3 15 14 20 15 19 20 4 18 7 9 14 16 11 12 20 19 1 8 3 17 15 9 5 12 19 8 4 20 8 14 18 8 1 17 14 12 20 2 18 1 10 17 14 10 2 3 10 3 13 5 20 13 14 20 7 9 10 10 13 7 2 16 6 5 16 17 9 3 19 7 5 1 7 15 7 4 2 5 18 17 10 5 17 5 20 14 12 18 12 15 9 4 19 15 11 2 17 7 19 2 6 4 10 12 5 16 7 6 9 11 1 1 8 2
2 15 18 5 15 9 16 6 20 17 6 11 14 12 12 3 15 5 18 17 5 19 3 19 13 11 19 17 4 8 19 8 4 6 14 14 13 11 3 5 4 6 1 13 7 4 13 14 4 17 19 14 3 14 1 4 16 2 2 6 6 17 13 12 6 0 15 10 17 14 3 11 19 6 17 3 15 3 15 2 2 1 6 17 20 5 18 16 1 7 3 16 8 10 19 18 19 19 6 18 1 1 16 10 8 8 19 15 13 13 4 18 19 2 13 2 3 16 17 17 10 17 17 14 10 6 2 11 5 14 20 11 3 19 7 13 16 6 2 6 15 19 10 19 10 5 4 9 16 15 10 2 15 2 5 20 5 19 5 15 14 14 1 11 16 18 17 15 3 11 19 16 15 3 4 2 6 6 20 9 17 19 6 8 17 20 9 4 9 19 6 19 16 17 16 3 2 2 16 7 17 8 18 5 8 8 20 13 16 14 1 11 9 11 17 6 4 12 15 13 8 20 11 18 15 15 13 2 16 14 18 5 8 14 7 9 10 12 2 18 20 11 3 6 13 11 17 6 4 18 5 13 17 19 9 18 12 8 9 12 7 7 2 20 14 5 14 20 12 11 12 2 20 16 20 2 7 19 1 4 6 11 13 6 10 4 14 1 10 11 2 2 7 12 16 14 12 20 5 20 12 6 13 12 20 10 11 1 16 20 13 11 4 15 15 13 6 5 19 16 3 4 9 16 14 6 19 8 3 14 1 12 20 11 12 8 4 4 9 10 12 14 12 6 3 19 9 9 5 20 3 7 16 13 7 15 12 16 12 16 9 8 19 20 19 14 19 12 17 19 12 6 5 17 8 9 15 4 9 2 5 10 18 11 7 5 7 3 12 9 8 14 13 10 6 1 6 10 14 16 20 10 4 9 6 14 2 8 10 4 11 3 5 4 8 10 7 7 17 5 7 16 6 17 8 11 7 13 5 15 6 11 7 4 2 5 2 18 15 13 19 15 19 12 16 15 15 14 16 19 6 14 5 19 7 17 19 17 15 7 19 16 14 18 2 14 14 14 7 20 7 3 8 1 11 19 20 1 19 19 7 2 9 20 14 9 15 5 17 2 7 4 15 15 6 17 14 2 6 3
5 7 1 3 10 5 20 17 17 17 20 9 10 5 17 9 7 18 16 18 10 16 20 16 2 5 7 13 20 19 11 19 20 18 7 17 11 2 6 17 12 18 16 20 14 13 19 1 15 14 13 4 9 15 6 15 1 15 17 11 19 10 4 2 13 14 0 16 11 18 20 6 6 4 7 16 14 18 18 13 18 13 12 3 12 1 1 2 12 8 14 7 18 1 8 8 15 4 17 9 18 4 7 15 3 14 12 3 9 15 11 13 11 8 18 13 8 7 7 16 9 16 7 2 18 10 3 2 15 9 2 2 8 11 10 17 12 14 16 7 17 8 11 3 7 8 15 20 16 19 6 19 20 20 17 16 5 5 11 17 7 14 14 18 14 13 2 7 9 5 15 10 7 5 11 11 18 20 19 2 19 9 3 3 2 1 8 15 16 20 19 4 16 3 19 16 18 6 16 14 13 11 2 15 18 9 20 16 1 8 12 20 18 7 14 18 5 5 14 2 11 3 6 6 4 3 14 11 16 18 18 17 18 17 15 4 5 13 5 11 4 20 15 19 3 20 10 5 6 19 14 16 9 5 4 17 5 16 5 13 9 19 16 11 18 19 19 7 15 14 14 19 11 15 12 6 13 16 5 5 4 2 17 10 17 20 17 15 13 8 1 18 16 19 8 11 4 8 9 8 14 11 18 4 7 4 8 1 5 20 20 8 9 20 12 19 16 7 2 12 19 4 17 5 18 8 1 9 18 4 18 4 20 15 17 18 9 9 10 12 15 5 9 4 8 8 11 14 11 7 16 3 14 10 12 14 12 9 9 3 1 17 1 6 20 9 15 16 6 1 17 19 1 19 15 14 14 8 5 13 12 6 12 20 19 4 19 2 13 5 14 7 20 5 14 18 19 1 12 19 17 3 14 15 18 3 6 9 19 14 6 12 2 19 5 11 2 16 13 12 8 6 7 18 14 9 3 6 9 5 9 4 20 17 10 4 15 13 4 16 20 18 3 9 15 1 1 15 16 3 7 12 2 18 13 17 20 16 8 14 9 5 11 16 15 11 15 14 13 10 18 13 8 8 12 15 8 12 10 17 6 7 11 19 2 18 6 18 7 10 1 11 15 11 19 10 12 15 14 13
13 10 8 6 12 20 11 10 6 5 3 4 9 18 10 9 13 16 17 17 4 13 14 18 7 13 2 9 12 17 3 4 20 12 13 12 6 17 13 18 8 20 8 20 19 10 16 17 19 15 4 9 16 10 20 8 9 2 11 17 6 10 18 7 14 8 14 0 19 9 7 9 5 20 16 7 8 5 3 9 11 14 7 14 12 10 15 8 18 3 14 16 6 16 16 2 20 6 14 14 6 14 3 16 10 19 8 11 7 7 17 11 5 13 20 20 10 7 3 9 10 8 18 5 12 6 8 3 7 14 16 9 1 19 15 16 13 19 1 11 10 13 8 1 18 12 1 9 2 20 18 20 4 7 4 8 9 20 20 12 19 8 13 17 9 6 5 8 14 9 8 12 2 5 7 15 10 10 19 9 14 4 8 12 11 7 4 17 20 20 19 11 12 13 16 16 5 15 15 13 5 9 17 17 14 18 19 18 15 5 3 11 4 3 16 20 7 8 19 5 2 18 6 4 3 13 16 20 13 20 19 20 5 19 15 9 14 2 19 18 12 12 15 5 18 9 17 5 11 4 4 14 15 18 19 17 2 6 2 15 13 8 14 15 4 11 5 5 20 15 4 14 15 6 12 11 1 13 8 17 3 14 3 13 6 5 12 9 20 20 18 10 19 13 18 1 3 14 4 17 18 6 13 2 3 17 11 10 3 15 4 15 3 12 14 20 15 8 15 6 1 17 6 6 12 12 15 14 20 11 18 7 10 7 9 10 13 8 19 18 3 5 1 12 6 9 15 18 12 18 15 15 20 4 20 11 1 13 2 12 18 13 5 7 10 7 17 8 13 6 9 4 9 5 18 9 19 9 7 7 5 5 8 10 17 4 13 6 5 1 8 14 1 7 12 15 18 6 11 10 9 1 5 4 9 4 3 9 9 7 10 7 12 20 17 2 11 13 1 17 20 11 12 14 5 14 20 13 15 9 6 19 7 15 16 7 4 7 13 6 4 7 19 1 1 14 4 6 15 1 1 13 9 7 3 8 7 11 7 9 4 13 6 11 19 12 15 11 9 10 12 6 15 17 11 7 17 15 15 6 19 11 11 20 11 13 4 15 6 8 8 17 8 3 14 20 19 9 14 9
17 20 11 3 4 3 20 5 7 6 12 13 4 3 3 1 14 6 4 17 3 14 13 20 18 18 18 12 3 19 12 14 9 2 18 20 19 1 19 20 13 3 3 14 14 3 7 18 14 7 19 4 19 16 12 17 1 16 9 10 20 3 16 2 4 1 9 2 0 15 10 18 18 5 9 2 6 10 10 12 6 17 1 16 14 13 11 17 12 20 13 18 18 16 14 1 16 19 15 17 9 19 5 7 2 4 9 1 15 12 19 3 16 5 2 4 13 14 20 17 19 7 4 10 19 7 16 1 5 5 18 9 15 12 1 1 14 5 5 14 15 4 7 14 15 1 8 19 1 1 12 4 16 1 14 5 2 1 7 12 9 5 9 16 11 14 10 5 12 14 17 7 2 15 19 12 16 19 10 15 8 14 11 14 5 2 6 8 6 11 20 3 9 11 3 6 7 11 5 12 17 10 7 11 2 10 4 12 18 7 10 10 19 17 13 2 15 16 20 15 6 14 7 19 13 5 13 6 8 20 10 7 3 9 18 7 16 15 7 9 8 4 6 18 6 15 16 13 11 15 6 12 20 3 18 5 16 16 19 18 11 14 19 10 3 19 15 14 9 16 15 15 5 12 18 3 20 16 6 18 17 1 4 13 14 5 18 8 5 19 18 1 8 14 13 1 14 18 17 20 18 20 7 18 17 20 1 4 13 16 1 18 12 19 13 13 20 8 13 3 7 9 3 18 3 1 10 12 18 10 15 4 7 14 8 5 2 15 10 16 2 16 14 3 11 3 7 4 6 9 14 14 7 10 3 19 2 6 18 4 6 3 17 18 10 14 20 18 5 12 14 10 9 18 1 16 19 5 3 11 3 16 19 13 3 20 14 2 6 15 4 10 7 13 10 10 14 3 7 8 9 20 13 1 11 16 10 16 2 13 17 6 10 6 2 12 2 10 11 6 10 16 15 11 5 2 20 1 6 7 10 2 16 12 14 1 5 12 17 16 16 8 15 15 19 20 13 6 12 10 18 15 14 17 18 16 15 18 17 12 4 11 6 15 5 19 18 10 13 10 9 18 19 19 14 16 4 10 2 1 3 10 16 9 3 7 11 17 11 15 12 1 1 1 6 4 19 17 12 9
6 3 20 19 12 1 1 19 1 20 20 12 9 12 17 17 19 2 8 16 17 3 8 4 7 9 1 16 4 17 13 10 3 12 10 10 11 16 4 1 19 20 11 16 10 9 18 20 5 8 19 9 6 20 6 2 14 2 17 17 9 3 17 20 15 20 6 13 16 0 19 14 4 4 19 5 8 5 4 5 2 3 10 13 7 16 6 10 16 16 14 11 4 14 13 19 1 5 2 14 4 7 14 11 3 13 2 16 11 19 3 4 20 6 20 10 1 8 14 17 13 5 2 16 17 18 4 15 4 9 12 18 11 8 20 15 7 4 3 17 10 20 18 10 11 19 20 10 14 20 13 7 7 15 14 8 6 8 20 7 15 20 16 10 11 14 3 16 2 11 11 20 5 8 9 15 16 4 12 19 9 18 19 13 16 1 20 5 18 16 14 20 9 17 4 14 4 12 14 6 17 19 13 5 11 7 19 4 19 19 15 7 9 18 3 1 4 8 11 18 18 1 14 14 18 2 10 12 17 20 6 4 5 6 2 4 10 9 13 19 10 9 4 8 17 4 11 8 5 17 15 14 4 8 17 11 20 13 12 14 9 18 11 5 9 18 13 19 1 19 12 12 19 2 10 9 12 13 20 16 10 12 7 2 6 1 10 6 7 5 4 4 19 12 4 19 8 3 17 13 9 16 19 14 16 13 10 19 9 9 4 1 8 1 17 11 3 3 11 8 14 16 7 19 11 5 3 2 7 1 7 9 6 13 6 11 6 10 16 14 8 10 6 16 14 18 3 19 19 16 4 6 10 12 5 13 5 15 15 10 9 4 6 3 15 15 19 7 19 4 13 12 12 5 5 10 16 16 14 2 15 6 5 1 7 17 2 19 12 5 9 19 19 14 20 3 6 11 15 17 16 3 18 6 14 2 12 9 17 13 13 14 8 9 10 14 20 10 18 20 19 9 9 8 4 16 2 17 17 7 16 10 6 18 20 18 11 16 15 18 10 12 14 11 5 11 19 11 8 3 12 7 5 20 17 17 3 13 10 19 12 14 13 17 4 14 17 3 20 19 10 6 13 2 10 11 18 12 7 3 5 10 8 17 18 2 15 5 14 20 2 10 17 12 12 10 16 20 20 19
19 3 6 20 15 12 17 13 7 17 19 14 12 10 17 12 3 4 14 11 3 14 6 12 11 12 4 16 4 9 5 5 19 15 16 14 5 11 5 6 16 2 14 13 5 1 14 6 6 1 1 18 12 9 1 3 13 20 19 10 7 6 10 17 18 11 11 8 13 8 0 5 20 15 8 20 5 12 13 2 5 18 16 2 18 14 4 14 18 10 20 1 10 9 18 18 4 14 6 18 13 12 16 2 5 6 1 11 8 18 9 12 16 20 20 13 6 9 1 18 11 5 11 18 19 7 4 13 3 15 2 6 4 11 3 19 18 12 20 20 6 2 16 18 9 7 11 6 1 20 13 5 11 5 18 8 13 4 9 10 17 6 11 5 1 1 11 4 16 11 20 12 7 11 17 13 17 3 16 20 9 5 13 7 18 12 11 11 18 10 6 15 18 10 19 4 11 7 19 10 4 15 17 15 14 20 6 18 3 12 6 1 14 19 7 11 9 2 9 12 6 15 19 3 16 13 17 9 4 18 13 4 18 4 2 19 10 8 4 1 19 12 11 18 13 8 17 1 14 8 1 4 4 14 12 12 20 10 6 16 3 2 8 9 8 3 10 5 7 5 15 3 19 8 7 17 8 9 11 8 4 17 17 20 7 20 12 11 10 9 6 2 13 8 3 9 16 9 3 18 12 13 13 15 14 3 18 19 19 17 19 16 7 10 15 19 9 7 16 19 2 13 17 13 10 5 17 9 4 14 16 6 2 19 2 19 20 14 2 19 12 19 16 5 5 12 19 9 16 10 2 8 16 3 8 17 9 7 18 16 20 6 16 17 19 14 19 8 19 13 17 19 18 18 18 1 9 16 13 8 13 7 19 6 3 13 8 11 13 16 13 15 3 18 1 2 5 6 3 9 1 14 13 20 16 7 14 14 20 14 8 5 2 13 2 9 16 18 8 9 6 12 4 19 16 1 9 18 7 20 17 14 3 1 8 1 5 8 2 10 10 15 11 12 11 4 9 15 18 20 15 10 16 9 5 1 5 12 13 1 17 15 12 9 18 6 15 19 17 4 6 9 12 10 7 16 8 8 8 18 7 19 9 5 18 8 13 16 2 14 5 19 5 18 20 13 10 12 16 9
19 3 11 14 17 9 12 19 10 7 11 4 15 2 9 17 4 9 10 7 17 15 13 12 16 10 18 16 5 9 15 4 19 1 9 18 7 13 5 18 18 13 7 7 9 19 20 12 12 7 13 17 7 1 6 20 4 13 2 12 9 15 4 3 5 7 14 3 10 6 11 0 13 3 6 2 13 1 8 10 14 3 10 12 19 18 9 3 4 11 3 1 9 12 13 7 13 15 12 13 8 2 12 4 17 3 10 14 14 11 3 9 8 17 3 13 10 14 3 12 2 7 1 2 13 2 16 2 17 13 11 14 19 14 4 2 2 13 1 18 17 6 4 2 6 14 7 1 6 7 19 9 8 10 16 15 3 14 12 18 1 12 18 8 16 14 11 4 13 1 15 3 20 14 18 4 16 16 7 19 4 15 2 14 3 10 5 13 11 20 16 8 6 20 15 20 6 17 14 6 10 2 5 5 10 16 10 17 5 20 7 15 8 9 8 11 11 20 8 5 4 19 4 1 15 13 17 1 7 5 19 8 5 8 7 2 14 11 14 2 13 18 3 5 6 3 4 4 15 4 15 5 19 18 2 18 7 6 14 13 6 4 13 16 2 11 19 10 6 6 15 16 20 13 1 20 17 2 11 8 1 16 9 16 5 18 11 10 4 10 15 6 19 16 17 6 20 5 15 19 7 7 19 18 12 14 9 12 11 17 5 11 18 9 9 14 15 9 12 11 2 13 14 14 13 5 20 19 6 14 5 3 12 9 8 1 11 4 11 11 12 8 15 7 5 14 5 4 20 8 13 7 8 13 15 9 15 3 10 19 5 6 3 1 19 2 5 5 9 5 3 18 7 11 2 10 6 8 19 18 20 6 6 1 12 8 3 2 5 5 12 6 1 9 3 6 3 2 20 8 4 16 19 1 1 2 16 9 11 2 15 2 20 4 4 20 16 7 7 14 13 19 1 8 11 14 14 11 5 15 9 1 9 11 7 4 8 4 7 15 14 13 12 17 1 17 12 1 14 2 10 2 15 6 18 1 17 20 10 10 1 13 19 11 8 12 11 4 16 1 4 12 5 4 8 6 19 11 17 6 7 2 4 15 20 19 13 4 20 13 10 2 5 11 16 19 5 6 17 7
10 1 13 15 17 9 13 15 17 19 3 9 18 16 20 9 16 10 6 1 20 18 5 16 13 5 10 6 19 16 16 7 17 3 5 7 20 15 9 5 3 6 13 12 7 19 13 5 9 17 5 14 8 17 13 18 6 6 1 7 13 8 7 6 8 1 2 2 9 12 2 9 0 1 4 17 1 11 11 3 6 2 4 20 17 4 6 14 13 5 5 6 17 5 7 10 14 6 5 20 17 9 11 18 13 16 7 7 8 4 8 8 8 18 13 13 16 5 4 8 17 3 20 9 19 14 13 18 16 6 1 15 10 17 20 19 18 8 19 8 10 19 7 10 15 10 5 14 18 6 19 6 3 9 12 15 10 16 11 11 17 3 17 16 5 7 3 2 12 6 20 14 14 17 7 11 8 9 7 13 1 3 11 4 19 16 7 3 19 5 19 9 15 17 7 14 19 11 16 8 13 17 5 10 7 18 11 11 17 1 19 4 5 1 19 11 15 11 8 12 1 8 13 20 11 16 14 10 18 8 17 19 5 7 18 17 16 8 1 6 12 12 13 20 7 14 15 1 10 1 12 9 20 9 7 1 4 15 3 16 7 19 14 10 11 19 15 16 9 18 19 16 1 8 2 10 10 12 20 9 1 1 13 10 9 19 12 5 4 14 5 9 19 20 14 11 17 8 8 15 3 20 6 12 12 16 9 14 12 9 5 9 10 1 2 5 5 14 18 18 5 15 12 20 3 9 17 8 19 14 20 14 18 19 20 12 11 19 8 12 10 2 20 17 7 10 10 5 2 5 19 16 2 4 5 12 3 7 13 5 20 20 2 8 4 3 4 10 9 6 18 3 2 18 18 11 7 18 10 14 3 1 14 4 2 2 6 11 3 12 5 5 10 20 16 4 8 11 13 19 8 14 14 19 7 3 2 14 17 12 14 3 13 14 9 20 5 19 6 5 12 4 8 19 19 4 4 4 1 3 18 19 20 3 2 12 15 3 13 3 12 8 9 14 16 12 16 15 8 19 15 8 12 3 20 8 5 7 4 17 16 14 15 20 15 15 4 1 6 19 1 11 1 5 18 13 7 14 2 11 19 1 17 10 18 20 7 12 17 6 9 7 20 10 19 2 7 7 15 8
4 4 12 19 11 11 2 3 8 5 19 7 4 8 19 14 1 17 4 9 8 19 19 15 1 13 11 1 18 9 9 17 8 14 20 7 3 15 20 12 10 20 16 1 13 17 16 6 7 20 19 3 18 12 18 14 16 16 9 15 16 16 13 6 1 17 16 16 11 5 10 18 9 0 16 6 12 14 11 9 7 4 1 17 3 6 15 2 18 14 20 10 10 17 13 10 5 15 10 2 2 10 6 14 8 17 10 2 12 16 2 6 16 11 7 8 1 7 4 10 1 13 2 17 3 2 19 2 11 5 4 7 18 9 2 16 3 17 5 5 20 11 17 4 8 4 12 5 20 19 9 10 4 9 4 7 6 20 4 7 8 12 19 10 15 5 15 2 11 15 9 13 8 12 15 18 2 9 12 12 9 9 7 15 15 3 2 20 11 20 12 13 4 16 5 13 7 19 7 18 12 18 3 6 11 2 9 15 16 9 17 19 10 11 12 2 7 13 4 20 6 7 18 4 3 15 9 8 2 5 2 7 18 8 6 12 11 2 12 20 15 14 10 4 13 12 4 10 4 3 13 6 10 2 3 8 6 10 12 13 19 5 18 8 7 4 12 14 3 4 10 5 13 12 19 5 16 5 14 12 2 4 15 20 5 16 8 13 4 20 16 5 8 8 17 10 12 7 10 5 20 6 16 13 18 14 8 20 3 1 16 14 11 5 6 18 14 18 1 8 2 4 16 18 20 13 7 18 11 8 3 5 11 9 2 3 2 12 19 9 7 16 20 8 3 5 6 8 1 9 19 2 3 17 17 20 15 4 8 16 15 14 20 13 19 12 12 13 10 7 16 19 14 7 4 20 13 5 17 1 13 1 6 19 2 17 10 10 5 15 14 14 4 9 12 2 20 3 11 19 19 14 14 17 6 18 15 10 19 12 3 13 5 6 13 5 7 6 2 10 13 1 7 6 13 13 14 4 6 4 10 11 8 13 5 14 7 1 4 4 20 15 3 12 6 8 12 7 9 5 15 17 2 7 3 1 17 16 6 10 6 3 12 1 17 6 18 10 18 2 20 5 15 19 11 8 20 13 18 13 10 6 20 15 1 4 3 18 17 3 13 3 13 6 2 1 11 14 9 14
16 2 3 10 18 4 9 7 5 9 14 13 8 6 14 11 8 4 11 16 17 16 13 1 19 9 12 19 19 11 16 6 13 13 6 5 20 18 11 11 3 8 12 15 9 10 16 12 18 10 2 12 5 18 12 10 7 11 2 3 6 13 14 16 2 17 16 10 2 1 13 14 7 11 0 15 17 2 13 2 20 3 5 14 1 3 5 2 19 1 18 12 20 10 4 12 5 6 16 15 13 8 17 4 13 2 4 18 10 8 1 16 4 17 7 12 1 16 16 14 1 6 14 10 9 18 9 1 5 1 17 12 16 8 3 12 3 6 9 8 8 2 5 3 10 20 5 9 4 12 10 4 1 20 6 13 3 16 17 12 19 3 18 15 3 17 8 12 2 3 16 4 2 17 5 10 20 10 7 14 9 17 17 6 13 15 10 7 12 16 1 12 11 6 2 15 2 16 8 14 9 1 8 13 8 19 3 2 14 15 18 18 4 12 20 10 16 12 4 1 20 14 4 3 17 19 19 1 2 4 18 1 11 9 3 16 3 6 15 7 17 1 7 7 9 10 15 3 13 18 10 11 20 18 3 13 8 5 5 20 15 18 15 7 1 10 13 1 15 2 10 9 17 19 4 15 14 7 1 5 8 7 12 7 19 14 8 15 17 12 6 20 18 16 15 18 14 8 9 20 3 3 9 19 6 4 17 3 16 20 13 7 18 19 1 9 16 19 15 17 13 13 13 14 18 2 14 1 7 6 11 11 16 15 9 17 17 1 3 1 6 9 17 17 18 20 16 8 15 20 19 12 10 10 14 4 10 10 10 13 20 5 8 3 14 20 3 18 9 5 16 4 4 1 12 2 1 14 8 1 9 20 20 4 12 12 3 20 12 14 11 5 1 12 12 5 18 9 16 16 3 4 16 13 17 14 18 16 9 8 5 2 5 5 13 12 7 2 10 14 8 19 1 1 17 10 9 4 18 20 17 4 16 19 1 7 8 6 6 19 12 9 1 11 16 10 16 4 17 19 18 19 4 1 17 11 3 13 16 2 13 14 17 2 7 14 19 15 8 1 15 14 18 20 14 13 18 4 3 5 1 10 5 10 17 3 17 1 18 18 9 14 15 19 5 10 13 2 7 7
10 12 17 17 20 14 11 11 16 11 20 19 8 4 18 8 17 5 20 10 9 14 18 14 11 6 6 14 11 12 1 2 11 3 2 17 12 4 7 15 12 1 4 18 1 7 10 11 14 6 4 13 20 11 2 11 12 10 7 16 17 10 4 11 5 12 18 18 2 19 14 13 10 18 17 0 15 6 13 19 13 2 3 2 14 6 10 13 4 7 8 14 5 6 8 1 11 7 8 17 12 8 7 15 5 6 10 19 1 1 1 19 13 6 16 8 14 6 3 4 19 20 11 4 20 10 20 4 3 20 17 11 9 14 15 13 10 2 19 14 16 5 15 10 4 7 6 6 12 2 20 12 1 13 17 13 3 10 8 18 6 19 16 11 16 9 13 19 15 2 2 4 19 5 15 1 9 13 3 16 12 16 10 3 13 4 9 16 18 9 15 17 10 6 8 1 14 16 16 12 2 14 18 11 10 17 9 14 12 17 5 14 8 17 15 12 11 15 3 19 8 5 18 20 13 20 13 19 17 10 10 5 12 9 2 14 3 20 13 12 9 4 1 14 8 9 7 16 8 17 1 4 20 11 18 9 16 2 8 5 2 8 5 8 15 14 12 3 18 14 4 1 12 15 9 16 18 4 5 6 4 7 18 12 15 14 9 4 13 17 8 8 8 5 8 3 3 7 9 3 13 18 7 9 7 3 16 8 7 7 5 7 19 20 18 8 2 4 20 2 10 20 13 12 18 7 14 20 9 7 19 5 4 1 9 20 6 7 10 10 11 12 15 7 20 6 5 15 4 11 10 13 3 5 17 13 11 6 15 9 1 15 4 4 16 15 6 3 6 17 9 4 12 19 16 7 10 5 10 11 19 8 12 16 4 17 4 3 13 9 14 12 13 13 10 19 8 2 8 20 3 18 7 18 9 20 3 15 18 3 16 19 5 11 17 11 19 19 12 18 19 19 18 16 3 13 18 19 14 18 18 15 5 18 7 17 11 6 7 18 14 1 12 3 16 7 20 2 5 13 7 11 12 3 10 9 13 18 12 5 11 18 9 20 11 20 5 6 6 16 8 13 9 8 13 3 14 5 3 18 3 7 15 19 11 2 10 19 15 19 11 8 11 2 3 2 18 7 8 13
6 17 10 13 3 5 10 4 3 5 16 12 20 19 12 2 10 20 7 2 13 15 9 14 10 10 9 6 16 20 4 15 12 10 10 16 19 12 17 19 6 19 8 5 1 9 19 12 10 5 18 4 18 13 10 2 1 15 12 3 2 5 16 14 20 18 10 3 18 1 19 10 5 18 10 4 0 20 4 11 18 9 4 2 9 11 19 2 20 6 16 6 10 1 2 17 16 2 16 5 7 3 4 11 9 10 17 1 6 19 5 17 14 14 3 7 2 15 5 9 3 8 2 20 17 8 3 6 11 4 12 7 18 1 10 1 14 12 1 1 1 12 20 13 3 12 10 15 4 20 9 7 17 17 12 14 5 2 3 5 12 16 7 9 4 1 11 9 7 1 7 17 18 9 10 9 15 6 5 20 2 5 17 1 7 15 11 3 5 16 14 12 3 2 16 10 10 3 13 17 9 20 13 3 13 4 4 8 5 20 13 4 13 15 15 3 14 8 20 4 10 6 8 18 2 16 2 6 9 6 7 13 9 16 10 2 9 7 12 18 8 18 13 8 14 3 14 13 4 11 5 4 20 14 6 11 2 16 18 10 5 15 17 8 8 5 16 13 6 2 2 3 16 14 13 10 20 6 9 6 12 2 16 4 7 19 16 15 13 8 20 1 10 14 10 5 12 13 15 8 14 1 16 9 16 20 11 13 19 17 4 14 12 8 1 15 9 2 14 9 1 6 7 10 13 19 18 19 5 13 6 15 14 10 12 12 16 9 2 17 16 19 6 10 14 20 14 10 17 9 19 2 4 3 8 16 11 1 7 16 4 4 4 2 8 6 19 16 10 1 20 19 6 19 4 1 8 16 5 17 15 9 17 5 16 6 3 13 19 7 6 11 19 9 5 13 4 5 8 12 10 11 12 5 13 13 14 12 17 6 15 1 15 8 16 18 12 5 16 19 8 15 1 5 9 4 1 15 8 20 13 3 20 3 1 14 15 16 19 19 2 11 13 10 17 3 17 15 5 6 4 5 17 5 13 11 13 7 7 1 5 19 12 4 7 1 18 3 6 9 12 17 8 11 7 3 1 11 18 6 14 13 1 7 10 8 7 2 20 2 3 17 7 13 4 13 12 20 16 11
20 2 10 11 19 3 18 20 4 16 13 7 6 8 5 16 3 9 9 15 19 20 7 15 18 3 10 12 11 8 20 12 3 5 6 12 4 5 10 7 8 16 7 4 11 20 11 18 10 15 5 11 20 20 4 16 16 16 19 19 8 5 2 12 4 3 14 7 8 11 12 3 15 20 12 5 20 0 12 12 13 19 19 9 2 17 7 10 17 10 16 17 2 5 8 5 17 19 2 10 7 17 20 2 7 16 13 7 9 3 2 9 7 1 18 15 8 12 10 7 18 1 12 20 3 3 1 20 7 9 18 9 1 12 11 6 15 19 10 12 1 16 20 15 2 11 2 4 11 12 14 5 2 4 8 1 17 8 20 15 8 5 3 3 20 9 1 5 13 14 20 2 6 7 15 11 2 17 16 16 7 18 18 18 12 16 11 9 12 1 4 7 2 16 10 15 13 5 1 5 2 10 18 5 5 11 1 12 18 3 2 4 6 5 10 17 19 12 15 10 4 14 10 17 12 20 17 2 12 20 6 1 18 12 4 8 2 16 14 2 15 7 15 15 4 15 4 13 12 15 10 4 15 11 4 17 11 9 2 18 11 7 8 7 2 4 1 20 20 13 16 2 7 5 13 17 10 17 7 14 6 18 15 19 17 18 19 7 9 15 9 9 2 1 13 10 16 8 9 11 9 1 11 8 20 4 16 16 6 6 18 3 10 13 18 16 20 17 11 12 18 1 1 16 5 16 14 15 12 6 6 14 7 1 11 4 6 17 4 10 17 16 6 9 2 7 14 15 3 1 8 17 11 14 3 2 8 16 3 14 10 8 16 16 12 3 5 1 10 11 5 4 11 1 18 16 16 7 4 11 10 19 6 16 7 13 11 8 12 3 18 8 16 1 16 6 8 10 9 2 12 2 3 1 6 10 14 11 4 18 13 11 8 7 8 9 20 9 3 5 18 14 13 17 6 9 20 4 10 5 18 5 6 4 19 15 4 6 14 4 14 5 8 13 6 12 3 10 2 17 11 8 3 14 18 2 5 7 17 8 6 12 12 6 3 9 4 4 10 11 4 7 7 5 4 17 17 7 20 10 4 6 16 19 16 2 7 1 6 11 9 12 7 1 3 3 20 2 19 10
18 14 7 7 12 19 7 8 6 20 4 13 4 11 5 16 4 6 20 10 13 6 4 14 17 8 15 5 4 10 10 19 15 10 17 8 2 11 19 20 10 2 13 3 9 18 3 5 15 15 11 12 8 16 8 15 4 10 2 8 14 4 1 17 12 9 5 5 9 16 18 6 14 19 2 12 20 18 0 12 8 18 1 17 5 16 2 20 3 8 19 2 1 10 16 8 20 3 3 10 10 16 12 13 2 3 11 16 18 4 8 3 2 3 3 12 14 1 10 1 10 12 19 6 20 17 16 13 1 13 4 18 15 4 6 9 5 4 12 8 20 4 18 12 5 9 9 13 10 11 11 8 11 8 10 4 19 14 13 5 6 12 19 13 1 18 6 20 15 19 3 2 16 12 19 18 6 5 11 7 12 10 10 3 18 9 11 9 13 20 15 11 20 15 18 5 15 20 14 16 2 6 17 16 11 2 14 20 7 1 15 4 19 20 18 20 16 17 11 5 2 19 19 14 3 20 7 20 19 12 11 3 19 8 12 6 13 16 20 14 6 6 16 2 11 14 5 11 19 18 8 15 3 18 14 16 20 15 4 16 12 16 14 17 2 15 16 12 13 4 3 14 11 12 16 4 4 9 5 11 4 10 15 5 11 9 7 12 15 9 18 13 18 3 14 5 12 2 10 18 14 6 1 9 12 12 2 2 7 3 2 4 6 11 10 17 17 4 1 10 20 12 5 6 8 12 11 3 18 13 12 18 15 7 14 3 13 16 5 6 10 18 13 7 18 16 2 9 12 13 3 7 11 16 13 14 12 14 20 19 17 6 1 10 8 2 17 20 16 14 4 19 10 7 3 18 3 12 5 12 1 5 9 13 9 20 19 17 13 5 3 8 18 10 16 8 17 17 15 12 5 6 16 1 4 5 5 9 4 19 12 7 5 18 4 19 10 7 3 3 11 12 7 9 18 2 1 11 8 17 3 11 2 6 4 19 2 17 3 16 16 15 3 17 20 6 6 18 19 20 12 2 19 10 1 2 9 3 18 2 9 6 2 13 17 3 5 16 5 13 7 13 7 11 20 8 14 5 17 18 7 3 4 12 15 12 2 13 13 2 1 1 10 6 14 2 14 6 4 19
3 2 6 14 15 18 14 6 11 7 19 3 15 9 15 15 18 10 14 9 19 7 10 4 11 4 18 8 12 20 5 13 2 5 12 3 9 13 16 10 19 13 4 11 9 2 14 5 6 6 19 5 6 4 11 17 1 12 17 8 20 3 15 19 8 20 12 2 11 13 9 7 4 10 19 18 15 3 6 0 14 16 12 2 7 18 11 19 2 14 16 7 19 10 3 9 8 13 5 3 20 15 12 20 14 5 14 7 9 20 20 20 17 15 20 14 2 16 19 18 6 15 16 19 1 9 7 6 13 7 3 17 3 2 9 18 13 12 1 3 11 7 11 10 18 10 8 9 13 5 12 8 18 17 1 19 2 15 12 10 15 14 6 10 9 15 2 14 15 18 19 17 5 2 8 3 1 2 19 12 20 5 18 10 18 11 5 15 3 18 14 5 5 11 11 17 6 19 15 9 16 10 2 11 6 3 20 7 18 7 11 20 3 2 12 9 2 12 19 16 14 16 8 15 1 12 19 9 7 8 3 4 4 8 11 17 13 1 5 8 11 1 1 8 8 17 18 9 16 1 17 11 7 20 15 11 19 6 10 3 15 6 10 16 6 2 17 12 15 20 3 2 6 16 4 18 2 8 6 4 1 2 2 16 7 9 5 13 13 9 8 12 5 5 15 6 13 7 14 7 19 16 20 18 8 4 14 15 3 5 16 2 15 6 11 2 19 1 8 15 15 16 16 7 18 20 9 18 13 18 4 20 13 8 5 11 7 13 17 8 19 13 18 4 5 1 10 19 9 13 16 4 5 12 12 19 15 18 7 2 11 10 5 7 18 15 12 2 14 20 14 7 5 19 10 9 16 20 5 16 12 4 20 18 13 19 3 18 8 10 3 6 7 8 20 9 12 6 18 12 9 15 4 9 16 20 14 14 1 2 2 5 6 13 11 18 11 18 3 20 20 4 15 20 12 19 3 5 7 18 17 9 14 14 13 9 4 19 6 4 16 6 17 3 17 20 16 5 6 10 17 18 16 11 7 3 6 10 15 1 14 12 14 11 17 20 17 4 1 2 9 12 12 5 2 16 11 17 4 3 13 1 5 19 19 2 13 12 12 16 3 19 2 2 16 9 14 12 15 15
6 6 4 14 17 2 15 7 3 9 2 16 6 4 3 16 12 11 8 13 7 2 10 5 18 13 9 13 1 20 2 19 4 3 14 9 6 7 10 11 3 17 12 3 4 7 15 20 6 8 17 9 1 3 11 8 2 8 16 17 18 12 12 12 18 6 2 9 7 9 16 2 3 20 4 9 9 17 6 3 0 4 11 5 6 10 9 17 16 5 19 19 12 19 5 15 16 18 12 18 16 2 19 18 12 16 17 17 13 14 10 5 5 4 16 7 5 20 10 18 18 8 18 12 9 14 2 5 16 20 1 18 3 5 2 16 12 2 4 6 10 12 3 6 11 13 13 12 7 15 16 4 8 13 1 5 15 3 11 4 20 15 7 18 16 11 15 17 10 18 15 18 12 11 9 5 2 5 5 12 20 13 9 15 11 15 4 8 11 10 11 16 12 20 6 15 7 20 20 14 1 5 18 16 12 8 6 3 18 16 16 1 12 17 3 11 11 17 9 4 16 10 10 2 1 9 16 9 12 8 14 10 3 20 20 14 15 9 6 1 5 8 15 11 13 4 5 2 4 19 5 14 16 9 6 19 13 17 2 19 14 13 5 2 5 14 8 5 9 2 14 7 3 8 9 17 18 1 16 16 11 14 6 7 17 20 13 5 11 9 16 6 12 18 20 11 6 3 20 1 16 17 15 11 9 10 14 3 6 16 9 18 5 9 1 4 8 17 12 4 18 18 20 2 1 5 2 16 12 18 1 3 8 7 10 5 1 15 8 17 11 4 18 9 18 5 18 20 19 20 17 5 17 14 11 2 5 2 8 16 20 20 2 8 16 15 14 20 3 13 7 8 10 16 12 4 12 3 3 9 15 18 11 6 4 16 4 6 14 3 19 20 18 5 2 13 8 1 3 5 4 10 10 5 9 13 9 8 18 10 13 5 9 15 7 3 3 13 1 2 20 1 20 7 8 16 14 10 1 14 18 2 10 17 11 5 18 18 18 3 14 20 15 11 14 18 17 1 3 11 8 2 19 13 1 2 1 11 16 19 18 4 19 17 15 17 8 15 12 20 18 8 13 16 10 12 18 5 16 4 20 11 2 19 1 5 2 19 2 13 9 7 11 14 5 12 3 6 6 16
3 17 2 10 3 13 14 13 17 1 12 10 15 8 18 14 19 3 4 9 6 17 1 9 16 7 15 14 3 18 15 7 7 14 14 17 12 6 3 10 12 3 14 17 1 3 17 7 8 2 19 14 11 5 5 7 20 20 10 7 10 13 9 19 8 11 6 8 6 4 7 3 9 16 3 8 15 15 13 20 4 0 9 9 5 19 11 5 4 12 4 11 14 5 6 9 6 13 17 18 18 15 10 7 6 7 5 10 19 3 9 8 17 20 13 17 14 5 5 14 18 1 6 14 6 8 15 2 8 15 13 8 10 10 3 17 1 1 10 5 4 7 12 17 12 4 1 16 6 1 20 20 9 7 7 8 17 12 6 18 1 2 5 16 4 19 6 14 4 20 8 20 14 16 17 14 8 1 4 20 14 20 19 2 18 14 19 6 19 13 7 6 11 3 5 20 14 7 15 18 20 4 14 18 19 9 19 14 19 15 5 15 13 5 15 3 10 7 9 10 4 16 19 20 4 10 6 2 8 14 12 7 14 8 1 8 2 3 18 6 9 4 9 1 2 19 17 3 15 14 4 8 9 6 2 14 1 13 13 7 12 12 4 19 20 15 10 16 7 18 6 2 6 13 7 17 20 15 1 6 4 8 7 3 7 2 19 14 5 9 3 8 15 2 1 5 18 9 1 10 16 1 7 11 18 17 9 14 2 4 3 6 4 9 8 20 15 20 16 20 8 10 17 7 2 18 6 5 9 3 5 2 9 12 4 13 9 9 20 4 14 18 4 10 8 9 12 17 7 20 2 9 15 11 18 19 3 11 11 2 4 19 12 11 4 13 1 16 3 2 6 5 6 1 20 12 6 14 6 9 9 1 7 4 20 14 4 16 11 20 6 9 15 7 9 10 13 2 16 11 6 19 11 15 13 10 12 10 10 5 6 15 19 3 3 6 20 5 5 12 4 8 2 7 17 12 9 7 3 19 4 16 5 19 5 2 15 13 13 14 8 10 15 20 12 4 3 8 5 2 16 12 14 18 8 14 3 4 17 20 13 7 9 19 12 3 5 16 2 17 8 19 16 12 15 10 19 8 1 15 13 7 18 6 3 9 3 18 3 5 15 8 7 14 15 19 16 13 18 2
18 4 18 3 6 16 9 13 1 3 17 17 1 17 17 12 6 9 14 14 18 15 3 6 13 5 10 1 7 10 4 7 18 19 8 13 14 11 18 20 9 5 7 12 7 15 18 4 19 16 11 4 5 8 3 2 14 9 1 12 4 16 14 12 2 18 11 20 11 16 10 8 13 16 18 17 17 17 16 14 15 9 0 19 10 11 13 13 12 9 5 11 14 16 10 5 7 1 8 11 19 8 19 2 10 6 12 9 16 17 19 5 13 10 15 4 3 12 18 6 4 20 13 19 11 20 8 15 10 6 8 5 3 3 1 8 7 18 9 15 11 15 11 10 9 13 17 19 20 13 7 2 18 11 3 19 8 16 15 5 3 10 12 11 2 4 10 15 2 8 19 9 3 2 15 1 3 20 2 6 13 6 8 19 9 8 16 5 17 4 4 2 15 6 19 10 17 8 12 5 13 7 19 2 5 18 17 7 4 17 15 2 4 17 3 6 13 14 2 18 9 6 9 1 18 12 9 16 11 19 14 16 9 16 20 20 1 16 12 2 1 13 3 18 7 2 20 6 2 5 3 8 12 15 18 3 2 9 4 6 15 5 16 2 12 2 12 9 7 9 8 18 12 5 12 3 20 14 14 3 3 16 13 11 20 18 17 5 12 10 5 1 7 1 10 10 11 19 20 7 6 2 1 8 4 9 2 2 17 11 16 18 9 2 7 8 11 8 18 4 12 19 19 18 20 15 20 15 6 13 16 19 8 8 20 6 13 13 8 1 16 15 17 16 17 5 7 3 20 12 19 8 17 4 8 17 19 2 1 19 12 1 5 17 20 2 5 2 20 2 7 19 10 13 7 19 2 9 10 11 3 13 9 15 12 19 10 1 15 14 6 15 19 17 16 2 15 14 12 6 20 8 18 7 12 5 16 2 15 11 14 7 1 15 16 1 18 16 19 18 14 2 5 14 14 20 1 12 10 11 18 12 2 10 6 6 1 9 14 20 19 19 2 9 3 5 5 20 3 3 3 3 8 5 16 14 1 8 14 4 11 13 7 10 2 16 8 9 20 3 5 9 4 3 19 15 5 7 9 13 16 5 20 13 9 15 5 17 9 12 20 4 9 14 20 4 13 10 8 19
2 14 7 11 2 18 8 8 10 1 4 16 3 12 5 2 14 4 15 19 20 9 15 12 17 2 6 20 3 6 6 16 12 18 13 20 11 11 20 13 11 2 14 8 3 4 2 8 1 10 7 6 12 7 12 8 10 12 11 15 4 5 9 18 19 16 16 9 9 19 5 14 14 19 15 1 14 10 4 20 4 16 9 0 20 11 10 9 15 12 20 15 15 3 2 9 10 6 4 16 10 7 7 20 4 9 3 11 1 16 11 1 17 10 13 15 18 19 14 12 18 20 1 20 15 5 3 17 15 9 18 7 5 4 15 8 11 3 10 14 1 16 5 3 20 15 6 3 2 16 20 7 8 9 9 2 14 11 14 20 5 6 17 19 2 9 8 8 7 5 11 12 13 20 19 20 14 4 2 15 16 20 10 12 14 8 3 16 16 8 6 16 8 8 16 18 20 2 6 10 16 7 19 10 13 2 11 5 7 20 6 2 18 4 2 14 13 6 10 4 8 12 6 9 12 13 11 7 4 15 12 18 12 20 7 7 1 3 11 1 9 7 19 1 4 5 20 18 4 1 9 6 14 7 15 19 20 5 15 3 13 1 20 4 7 6 17 3 8 16 3 13 16 10 19 15 12 7 3 1 8 5 13 6 16 16 3 7 20 12 11 11 3 15 9 14 10 15 16 1 7 13 19 16 6 11 14 12 18 7 12 17 19 16 11 4 15 13 18 8 1 13 17 10 6 7 13 19 10 7 11 18 3 5 2 9 9 5 13 1 8 18 18 19 9 9 13 4 12 11 10 10 11 17 7 6 2 19 8 18 20 10 9 8 3 20 13 12 6 20 20 18 16 9 13 1 18 6 17 11 10 4 9 19 5 20 17 18 3 3 14 1 5 14 12 8 16 9 8 19 9 10 19 15 5 16 19 8 12 20 7 17 12 5 19 2 1 19 6 19 14 16 5 6 17 11 14 1 12 13 7 8 18 18 17 2 7 17 17 14 7 16 13 6 1 4 13 12 11 12 1 15 7 7 9 4 11 17 6 13 12 11 7 16 14 3 19 6 14 17 1 9 10 14 6 12 20 20 7 20 1 14 19 3 4 1 3 8 6 19 20 9 18 15 4 16 17 20 18 7
8 20 20 18 12 8 9 8 10 14 10 2 1 13 6 18 1 5 10 11 5 19 16 8 2 14 13 4 16 2 19 11 2 18 19 2 3 7 20 5 4 8 9 1 11 12 15 13 11 8 7 18 6 10 8 14 20 20 18 2 12 15 7 13 2 12 13 9 10 20 20 8 10 1 20 7 11 19 6 11 17 5 6 15 0 9 17 18 17 3 1 8 16 16 17 8 8 19 6 14 17 14 4 10 7 18 17 11 5 19 12 13 8 3 5 1 14 15 6 7 17 18 14 11 10 12 4 20 9 20 20 18 16 7 8 11 2 2 8 9 1 2 4 9 10 7 5 9 16 3 6 1 6 20 7 3 20 18 16 16 17 5 20 18 1 6 20 12 10 3 7 2 15 8 16 15 6 11 9 13 16 1 16 11 5 7 11 12 8 1 19 5 7 16 10 3 17 8 12 10 15 11 6 4 20 3 4 16 2 14 6 11 10 8 4 10 17 16 4 13 16 16 17 3 4 1 18 16 16 2 8 5 14 2 10 17 15 11 3 10 7 16 16 19 16 8 1 17 14 11 3 8 2 18 9 3 13 15 10 2 20 3 13 20 12 6 18 5 20 8 4 20 16 4 10 18 18 2 1 18 16 6 11 11 18 13 3 2 6 4 17 3 16 15 20 19 16 19 12 8 13 8 7 9 18 9 5 16 15 8 8 15 8 10 19 19 8 2 3 1 5 5 10 19 11 8 3 7 15 5 6 6 14 2 9 3 14 8 7 5 6 11 18 17 3 13 1 15 15 17 13 3 17 10 16 18 10 6 4 1 16 6 1 4 5 3 16 14 20 5 8 11 7 9 3 11 14 3 13 9 9 6 2 15 17 3 6 12 2 6 2 10 8 20 14 2 5 18 18 12 18 17 16 3 17 9 5 12 14 18 11 1 5 16 6 5 17 8 16 1 5 8 17 2 13 12 4 13 17 9 14 19 4 18 3 7 17 15 4 14 8 20 18 3 13 9 12 10 3 5 14 3 10 19 6 7 9 13 20 9 1 11 10 13 7 16 1 11 17 20 7 8 3 15 20 14 2 10 20 20 5 19 10 3 9 9 14 7 13 12 17 13 18 2 5 10 18 1 2 2
19 8 9 14 15 11 12 18 16 2 12 14 6 19 9 10 7 1 3 3 4 4 19 13 12 11 16 9 11 17 20 11 10 16 13 10 9 3 5 18 4 3 18 8 4 4 5 15 6 13 10 19 7 19 15 15 4 13 6 2 7 8 12 4 10 9 4 5 11 11 9 11 9 12 1 9 9 4 3 4 6 9 15 7 1 0 3 10 5 2 4 5 17 12 8 11 15 1 2 16 10 19 1 16 6 11 1 11 14 8 12 12 14 2 2 6 5 2 7 20 5 14 7 7 15 8 16 7 10 11 1 15 11 10 8 5 9 16 8 15 7 20 6 7 5 20 11 3 19 19 18 18 17 20 20 1 8 13 17 10 9 14 7 14 12 3 20 8 12 6 16 20 12 16 9 18 7 7 17 16 8 2 6 3 14 8 2 13 2 7 9 16 20 17 13 5 3 8 5 19 1 8 1 8 13 18 4 17 18 2 9 17 5 13 5 12 9 2 3 12 8 6 12 5 18 9 14 8 7 13 5 19 1 8 19 11 18 1 12 1 5 1 20 4 10 8 5 15 20 3 20 6 14 15 13 2 11 16 3 14 20 7 20 6 8 2 16 5 19 5 20 20 20 14 1 7 19 11 19 3 2 19 10 13 18 4 3 14 7 12 6 2 6 13 3 19 1 15 9 17 4 15 13 1 8 10 10 12 20 6 6 10 15 12 10 2 16 5 12 2 13 10 13 12 16 15 11 6 13 9 18 15 13 4 2 12 1 8 19 4 18 15 8 15 2 16 7 3 10 7 19 5 10 9 16 20 15 18 13 12 15 5 17 8 3 16 20 11 6 2 5 11 3 6 4 20 4 9 18 10 12 11 19 13 4 4 14 11 11 14 2 15 20 11 7 19 19 1 10 20 17 5 19 16 10 5 3 17 19 18 13 16 5 20 17 16 14 17 2 11 1 7 13 12 7 19 17 14 5 4 15 10 12 4 1 2 1 3 19 20 3 17 3 1 12 14 3 15 17 7 5 17 9 19 18 20 11 19 20 10 3 19 5 2 5 9 20 20 16 7 4 4 1 11 14 15 10 12 9 8 14 7 9 15 6 6 15 16 6 7 7 11 2 10 6 11 8 15 13 5
6 11 11 20 19 10 19 20 11 18 13 18 16 20 1 10 11 9 11 2 20 14 12 3 2 6 4 12 15 1 1 14 12 7 19 15 9 2 17 4 10 13 11 15 11 6 19 9 8 15 19 19 18 5 17 15 19 9 16 12 17 18 16 20 8 5 5 1 9 3 3 7 7 20 17 19 14 1 8 4 19 2 9 4 4 19 0 4 2 10 8 19 17 14 6 10 8 4 15 15 20 7 14 3 5 10 10 4 14 10 18 7 11 11 12 2 10 13 15 3 16 3 13 4 2 7 2 4 12 3 15 1 1 10 4 17 13 11 14 1 20 17 14 3 11 16 8 12 19 1 18 5 8 8 9 15 19 2 17 16 2 14 10 4 9 11 19 6 1 16 15 20 5 19 7 17 6 12 16 11 9 20 20 6 2 11 9 18 14 12 7 7 9 11 5 2 4 6 18 9 20 12 19 20 11 19 16 9 15 17 12 7 2 17 16 1 14 15 5 13 5 9 19 7 19 11 9 18 12 10 16 8 11 6 4 17 9 11 11 4 16 11 7 2 4 17 8 19 8 1 18 14 10 14 12 2 20 8 19 10 2 3 7 8 15 4 5 2 1 12 6 2 15 6 20 10 19 11 2 12 10 15 10 20 18 11 19 10 16 4 8 16 6 4 5 3 10 15 17 17 10 2 17 11 14 13 13 8 3 17 2 3 8 18 15 4 18 14 2 16 5 18 8 20 17 18 16 16 18 7 3 8 8 13 10 6 16 8 12 11 16 2 14 6 7 11 16 12 2 3 9 18 6 8 20 20 11 14 14 4 19 13 3 11 16 11 1 13 7 13 9 6 10 19 5 7 14 6 6 1 6 3 4 19 8 4 2 11 15 5 1 16 7 11 14 7 1 17 2 18 5 6 4 6 17 7 16 3 14 17 17 12 13 7 2 4 1 10 7 7 20 9 5 17 6 14 4 7 10 19 1 5 5 11 6 19 7 11 10 17 18 20 11 1 6 9 3 15 2 12 13 11 13 19 1 13 12 12 13 14 6 14 5 1 12 18 6 4 1 10 10 15 5 3 5 6 18 5 12 16 4 19 14 7 8 14 13 9 10 17 18 20 10 5 9 5 4 2 1 18
10 10 19 8 13 10 17 4 12 17 1 8 14 14 18 11 6 20 9 10 3 15 11 16 14 16 3 12 18 9 4 2 17 19 9 11 8 4 14 8 4 5 11 9 1 1 5 13 11 17 1 20 1 4 9 4 19 13 7 20 2 1 11 17 18 18 6 17 18 14 7 9 13 2 17 13 4 16 19 13 12 9 19 2 20 4 8 0 7 9 8 19 13 16 7 1 4 12 5 11 18 20 11 6 1 9 11 2 7 11 20 9 3 14 1 10 20 8 18 15 9 11 1 1 11 9 7 14 11 9 9 11 16 20 14 4 3 16 2 5 13 1 14 15 10 16 9 17 16 18 12 17 8 8 18 18 17 10 13 8 8 4 2 6 17 5 10 17 16 17 11 6 4 17 7 8 3 9 13 3 15 13 13 6 20 12 5 18 19 12 6 6 16 15 8 18 9 5 16 5 8 13 1 9 5 8 5 13 20 13 9 20 19 12 6 7 3 19 7 10 10 9 1 4 5 17 13 7 3 7 16 7 8 14 6 7 6 7 7 9 16 9 16 14 13 11 13 13 5 8 18 14 12 7 14 17 13 5 10 19 4 3 6 16 11 14 14 18 12 11 4 1 6 18 8 1 18 3 7 13 20 8 15 9 3 11 11 17 3 19 16 18 5 3 7 18 1 20 1 12 3 6 1 6 2 3 19 10 5 8 11 4 7 10 10 4 14 17 3 12 7 3 3 10 9 19 13 8 1 12 18 19 19 8 10 7 11 12 13 18 5 6 13 1 16 16 8 3 16 10 15 12 5 18 15 15 1 17 8 5 14 6 1 6 7 4 8 15 8 4 15 20 12 1 10 8 10 1 12 8 16 6 2 5 8 11 1 12 10 3 17 10 8 5 7 2 6 6 7 3 8 3 17 3 17 17 6 20 14 6 17 1 20 9 12 11 11 19 11 1 19 6 3 9 1 14 11 20 18 3 12 18 13 3 20 12 11 18 18 8 10 13 18 13 2 7 10 6 20 5 6 16 3 16 16 3 10 2 15 8 13 11 11 9 5 8 11 10 4 14 20 10 7 15 4 6 18 19 1 17 16 3 4 16 13 15 6 10 5 6 16 18 11 9 2 6 19 1 9 15
18 1 19 9 17 5 7 2 15 1 19 8 16 3 9 14 18 18 15 7 11 8 19 5 11 7 13 18 19 2 13 7 16 13 2 4 20 14 6 9 2 6 16 17 14 4 8 5 1 6 16 2 4 17 18 16 10 20 2 6 15 1 13 6 19 6 11 17 6 4 16 8 1 15 9 5 11 11 17 14 1 1 3 4 7 2 10 16 0 10 5 3 9 13 14 7 16 13 12 9 20 18 20 10 7 11 8 13 5 2 13 15 5 2 13 13 16 17 2 13 18 18 4 16 14 17 11 12 3 3 10 14 3 12 8 2 1 15 3 13 16 6 8 9 10 19 20 15 12 7 8 17 15 14 14 9 1 5 17 16 10 16 7 20 15 17 12 18 16 9 19 14 1 16 6 19 10 10 4 1 17 15 1 8 18 20 19 15 14 9 9 3 11 18 20 19 7 8 7 12 16 7 15 14 18 18 10 14 10 16 3 14 19 18 10 12 16 2 1 11 16 1 4 1 11 3 18 13 7 8 4 4 9 5 8 1 14 5 1 7 8 8 17 13 20 12 9 19 9 4 11 20 7 8 19 3 5 13 10 11 7 10 14 17 13 19 2 1 14 16 18 12 12 16 19 9 12 15 19 7 17 5 15 4 19 11 2 4 5 18 18 16 18 14 13 3 4 16 12 8 11 1 20 10 7 8 16 2 12 2 6 11 17 12 14 1 10 6 19 15 20 14 4 3 4 18 5 13 10 7 7 1 13 5 12 17 14 11 16 10 18 9 12 1 6 4 13 11 2 6 9 6 5 2 2 18 20 8 19 8 19 12 20 18 9 7 10 12 4 12 19 15 1 6 10 14 15 20 1 15 12 17 6 1 10 2 20 10 8 19 20 10 4 12 19 14 9 12 6 5 14 2 9 7 12 15 3 11 17 3 4 14 3 5 5 9 3 14 20 15 1 4 3 4 8 16 1 19 18 14 13 13 20 2 11 9 5 17 17 15 1 19 14 12 15 19 10 19 4 16 17 13 9 1 8 6 5 8 6 16 5 17 15 20 19 18 13 8 3 3 11 12 17 14 13 4 5 14 5 15 1 6 9 14 10 12 11 11 7 12 4 16 4 2 16 15 1 19 19 4
4 4 11 2 16 17 6 11 19 11 8 14 12 14 13 18 5 10 18 3 1 15 13 20 2 7 5 10 5 3 17 9 14 11 5 20 16 6 17 14 18 7 3 2 14 5 20 15 14 17 3 16 6 16 6 12 5 13 4 11 1 20 10 15 8 14 4 4 14 14 10 6 1 8 14 7 6 1 20 13 7 14 11 1 3 3 4 11 19 0 1 1 6 16 13 15 14 8 5 7 2 11 19 18 1 18 15 7 20 5 19 4 10 3 17 3 3 16 19 10 17 15 16 19 18 9 15 9 16 7 10 10 12 20 8 18 7 15 14 13 17 7 8 4 6 19 15 1 5 16 13 3 2 19 17 9 19 6 8 5 15 11 12 9 18 17 17 8 11 13 8 14 17 6 17 15 2 8 13 18 11 16 1 1 3 14 2 7 3 2 6 6 7 13 17 16 6 19 16 11 7 11 5 13 6 6 17 3 14 20 12 12 13 13 11 16 15 19 16 15 15 12 4 10 19 13 13 7 18 17 10 10 2 10 14 5 10 10 20 16 10 3 16 20 20 13 3 17 7 4 12 3 12 16 6 6 19 15 8 7 15 20 19 20 18 2 5 4 12 10 20 13 20 7 19 10 10 12 5 7 20 12 6 8 8 1 10 20 8 14 9 11 11 7 2 6 9 4 14 20 13 6 3 12 8 14 18 11 16 8 19 9 12 19 11 18 10 5 3 15 12 4 15 15 10 16 19 11 18 9 12 15 17 15 5 8 5 11 11 3 13 1 2 8 5 9 8 9 18 18 18 9 6 3 5 20 7 2 16 15 7 9 15 20 6 6 9 18 3 20 20 14 20 5 9 16 1 5 10 1 8 19 8 3 13 15 9 10 6 15 2 15 1 20 8 4 1 6 10 8 3 7 2 11 10 18 11 19 10 1 20 20 15 11 20 11 15 10 9 17 16 2 8 5 13 5 11 17 17 15 15 14 20 16 9 19 18 9 5 6 5 20 7 14 10 1 7 6 1 14 11 4 19 20 3 10 2 5 3 6 8 9 12 2 11 11 10 11 3 6 12 15 19 11 10 15 9 3 17 16 5 9 6 7 10 3 14 15 15 9 9 9 4 7 7 10 10 2 3 6
17 8 2 5 3 19 8 6 4 8 18 11 13 7 8 10 15 1 7 8 9 17 9 15 1 3 18 16 10 9 19 3 19 7 9 13 3 17 2 8 13 5 17 7 11 13 20 3 2 16 15 14 10 17 9 11 14 14 20 6 11 10 11 19 1 16 20 15 5 18 14 9 15 16 6 6 1 8 18 5 2 8 6 5 13 6 9 14 12 17 0 14 6 5 18 11 15 6 18 13 17 5 7 15 4 10 17 4 5 15 11 7 8 4 16 5 18 16 17 8 2 11 7 19 7 5 8 2 17 4 15 1 10 7 17 6 14 5 6 20 13 11 20 18 11 14 1 10 16 16 19 14 14 5 13 9 7 10 12 9 20 5 4 20 8 8 11 10 13 20 18 20 16 2 17 6 8 11 11 18 2 8 12 10 13 1 12 18 17 7 20 11 14 2 8 18 17 3 17 7 3 4 4 4 9 6 19 2 18 20 2 2 5 5 3 16 13 5 11 8 13 19 8 17 20 20 12 9 2 17 10 5 4 13 19 14 9 17 15 1 19 20 14 17 7 15 19 9 11 12 12 11 17 10 3 10 3 17 3 8 7 14 5 17 14 6 14 7 4 6 14 13 2 1 6 1 20 1 2 17 3 20 2 7 18 12 5 16 14 4 7 2 8 12 11 4 17 1 10 8 3 3 2 9 11 11 16 5 5 11 6 8 9 19 8 1 12 12 18 5 4 20 2 7 12 19 20 11 18 10 4 4 13 5 16 5 4 17 2 4 4 16 1 15 2 3 7 10 16 9 19 20 1 11 5 16 16 1 17 2 2 16 2 12 11 3 20 13 19 17 13 14 20 1 13 18 6 3 1 7 11 20 12 6 7 16 7 11 18 1 16 9 5 11 8 11 2 16 19 15 11 17 19 11 14 6 16 9 3 14 15 1 5 11 3 5 13 20 13 9 10 11 9 14 17 10 14 10 19 2 9 5 18 6 12 18 12 2 8 11 20 1 10 6 7 1 3 5 20 9 19 12 15 17 8 12 2 1 5 5 19 20 10 1 6 13 11 7 7 10 4 14 10 14 2 9 17 20 11 14 6 10 14 17 15 8 14 19 15 4 1 18 9 19 5 3 9 20 20 16
13 1 9 9 17 10 12 9 12 3 18 7 17 13 3 3 17 20 20 6 19 10 19 7 9 5 3 9 3 18 1 4 15 18 6 3 17 15 20 7 20 14 5 5 9 10 5 19 5 14 3 14 11 1 7 14 13 18 12 18 4 18 10 19 9 13 19 16 9 17 17 14 2 4 10 4 10 12 1 2 6 16 6 14 10 16 8 17 1 16 6 0 5 13 12 6 6 13 5 18 16 11 7 12 20 13 9 2 20 19 3 6 15 12 7 15 10 19 1 5 19 6 17 13 1 4 5 10 9 11 2 6 17 6 15 20 4 6 4 16 18 17 1 2 8 7 10 4 18 6 8 14 20 10 6 16 20 5 3 12 20 14 16 15 14 10 12 1 16 5 5 10 12 12 4 17 15 4 5 20 6 20 8 2 10 16 9 13 20 9 3 14 14 7 19 17 4 20 12 13 20 10 16 5 14 15 7 1 14 13 20 3 13 18 13 18 11 11 2 16 3 9 12 2 3 12 12 18 19 5 1 8 19 8 7 1 20 16 11 17 15 4 18 18 11 6 20 5 7 6 11 8 15 2 6 1 14 6 18 15 5 5 9 19 17 18 15 6 1 7 10 13 13 20 16 18 15 3 2 8 18 11 5 10 20 14 19 7 18 3 8 2 7 13 10 19 16 12 7 4 4 14 17 1 14 12 19 11 11 10 16 10 20 15 12 15 4 5 12 13 18 15 16 8 11 2 4 20 2 12 7 9 18 18 3 11 5 15 2 9 13 14 1 4 17 11 7 17 19 3 1 12 1 11 5 2 19 8 8 15 8 17 9 16 16 15 8 9 5 4 8 5 9 17 16 9 12 1 19 19 13 6 18 1 6 14 2 6 19 12 17 1 1 3 5 5 5 15 19 20 5 16 19 12 10 4 1 19 3 14 3 11 5 17 10 20 7 4 4 14 20 2 9 1 15 14 17 4 19 4 5 18 4 9 16 11 3 6 11 2 13 8 15 19 4 12 11 12 5 14 16 18 17 16 4 17 12 18 2 5 9 6 7 9 11 17 4 6 8 18 2 8 17 4 2 4 6 16 4 20 7 12 10 9 19 2 18 15 10 10 13 8 10 11 4 5 16 20 3 5
11 10 4 14 1 6 11 1 3 20 1 2 9 4 19 7 3 16 13 19 20 7 20 20 7 6 10 6 5 1 11 20 4 14 4 11 8 16 5 14 7 6 13 5 20 4 1 14 6 7 1 17 5 15 19 11 19 7 4 19 4 8 9 18 7 13 1 3 14 17 5 20 1 19 4 17 1 8 15 1 15 17 14 3 11 5 9 18 16 5 18 13 0 8 6 11 10 7 11 2 20 1 14 15 15 14 20 1 13 5 7 2 16 5 11 7 1 8 3 12 20 5 2 14 14 20 14 8 4 13 9 10 12 4 7 6 3 18 19 1 19 15 17 11 19 17 3 12 4 6 8 4 10 4 11 16 8 15 4 18 8 17 14 14 20 6 19 7 16 11 13 15 20 4 1 14 4 18 15 14 6 2 20 1 17 9 7 15 3 12 18 14 20 20 18 4 11 14 3 5 16 11 1 1 10 10 3 16 5 19 15 12 9 16 15 18 2 11 1 4 20 1 3 19 13 1 1 13 18 10 4 8 4 16 10 1 16 19 9 5 9 1 5 19 4 10 16 2 9 4 1 15 11 18 18 11 1 3 4 8 13 15 11 10 3 17 1 17 7 6 14 2 13 2 12 15 15 14 20 19 14 19 17 3 17 2 20 16 14 18 5 6 6 20 2 7 20 6 11 4 4 20 1 5 16 12 16 5 20 19 16 11 16 20 9 1 8 7 16 16 9 19 1 15 11 2 3 17 3 14 5 3 14 6 12 11 12 11 15 10 14 7 17 12 17 17 8 19 15 13 7 15 11 2 19 4 11 8 3 12 6 8 15 11 18 2 2 9 8 10 19 5 13 7 13 10 14 17 4 14 18 17 2 5 12 16 13 20 2 7 5 1 8 5 1 4 12 5 11 7 4 18 4 12 4 12 10 10 11 6 12 14 4 2 20 5 2 9 4 11 5 15 17 12 1 1 10 7 11 3 4 14 9 4 17 17 3 10 15 15 5 6 17 18 10 7 13 4 5 14 14 1 20 9 20 17 1 16 18 6 7 19 4 4 5 14 17 5 11 5 6 17 15 12 13 2 17 9 9 5 6 2 10 2 2 15 13 13 8 5 14 20 19 14 1 18 4 2 7 2
19 1 14 5 3 5 2 11 13 3 8 18 7 12 4 2 1 3 13 12 18 16 18 13 5 12 3 4 14 19 5 16 17 20 2 1 6 5 2 20 19 15 4 5 2 11 9 19 6 17 6 15 2 16 19 19 9 11 8 19 7 4 19 8 9 17 6 20 9 11 18 19 12 20 16 20 13 17 20 9 3 6 13 5 12 13 14 9 15 5 10 6 20 0 9 8 6 9 4 14 1 14 7 1 12 2 3 14 10 5 6 8 7 16 1 4 15 11 6 18 20 8 20 2 3 10 7 15 8 17 12 6 12 8 13 14 19 6 4 8 16 13 19 15 8 11 6 4 20 9 3 18 5 14 18 5 18 9 17 19 17 7 13 20 13 5 5 12 10 8 3 12 17 6 12 19 14 5 17 18 1 2 11 11 16 6 16 7 10 10 19 1 10 4 17 16 7 13 12 4 12 19 20 11 6 9 18 4 13 11 3 17 3 1 15 17 20 3 5 19 5 3 17 3 6 17 7 15 20 3 20 15 1 3 17 10 17 4 20 19 10 5 6 1 11 20 11 6 17 13 19 18 8 5 12 17 14 16 5 16 13 1 11 16 16 18 19 8 7 5 13 10 11 13 3 3 15 9 8 7 2 18 14 20 20 19 4 13 2 15 14 15 6 4 3 20 4 6 7 9 5 16 2 16 9 12 11 7 3 20 17 15 7 12 6 16 14 12 12 17 3 20 15 15 2 20 5 6 18 13 9 10 17 20 11 1 20 16 12 19 16 17 7 6 6 17 7 3 7 9 15 11 4 11 15 2 16 14 1 19 15 20 17 11 5 6 10 17 20 20 16 16 17 5 3 1 16 7 8 2 3 1 6 13 10 8 17 16 18 7 13 17 5 2 1 11 3 16 1 8 19 17 7 20 4 5 5 18 17 2 4 9 7 8 18 6 10 16 14 7 18 20 6 10 12 2 7 7 12 12 5 4 8 8 3 16 2 11 14 9 15 7 17 19 1 16 16 15 13 18 5 17 9 8 1 16 2 12 4 19 7 17 19 8 7 20 5 3 7 1 16 20 17 10 18 20 14 10 2 8 7 1 16 11 11 18 18 7 7 4 10 6 9 16 20 8 14 18 5 16
8 20 13 19 13 2 14 19 13 20 7 12 4 8 16 16 5 4 10 11 1 18 16 17 19 7 13 16 10 5 19 9 19 10 9 2 9 19 16 8 19 9 20 2 16 13 20 2 4 10 17 11 8 15 12 11 4 15 11 2 2 20 20 17 2 9 13 20 10 6 1 1 3 16 10 5 10 9 2 6 8 10 12 7 20 8 14 6 13 12 5 6 16 4 0 14 18 7 17 16 8 9 8 2 16 20 2 17 14 20 4 12 3 11 11 17 9 3 1 10 14 18 19 15 15 19 8 20 13 3 7 17 11 7 16 5 15 16 14 14 19 16 2 8 9 10 1 7 7 18 19 5 6 6 13 5 1 5 11 10 19 9 8 2 4 1 12 3 5 17 14 1 4 16 10 5 20 14 11 11 9 1 11 6 19 17 8 9 12 16 12 4 7 13 15 15 8 8 19 9 13 16 8 4 4 14 11 12 10 13 18 10 12 12 17 7 4 8 10 2 19 2 10 19 15 11 14 8 1 14 20 10 9 4 9 16 7 16 11 14 20 18 12 12 10 9 20 20 2 9 11 15 18 12 1 18 3 12 10 1 5 10 10 12 13 7 17 6 20 12 3 8 12 5 16 5 1 18 5 2 14 11 2 6 19 1 19 1 15 5 15 1 6 9 18 7 3 18 20 4 4 4 6 8 6 3 6 8 7 9 18 9 17 19 4 10 6 16 12 9 5 12 11 1 17 18 2 10 15 6 5 19 6 14 2 8 10 12 1 3 8 15 5 9 5 1 9 17 4 17 12 14 17 13 8 4 11 11 8 19 6 15 3 3 18 8 13 7 16 16 5 15 2 10 20 7 8 12 3 20 16 2 5 10 15 20 5 4 18 17 16 3 15 16 12 9 18 8 20 13 6 5 8 12 1 2 17 13 16 3 4 11 7 19 7 7 18 19 4 14 11 20 6 10 9 19 7 9 11 13 4 17 13 4 15 19 9 5 12 7 15 14 19 17 11 12 14 18 20 6 4 5 12 16 16 1 8 11 4 12 7 8 4 3 4 20 20 11 18 16 9 14 10 2 10 8 7 6 9 5 11 3 16 13 3 7 8 8 5 19 19 8 10 10 11 18 9 5 6 20
2 9 3 16 15 5 3 19 12 4 16 1 19 2 19 20 17 19 11 18 7 5 4 6 18 3 10 14 15 7 11 3 11 4 6 11 1 14 10 18 18 14 9 11 9 10 4 19 8 6 5 16 10 5 12 1 12 13 20 16 1 1 17 12 1 19 4 18 5 3 17 15 16 1 7 2 17 4 15 7 2 3 8 1 10 20 16 17 5 18 4 16 5 8 13 0 11 10 17 17 1 14 4 20 2 3 11 16 2 20 5 18 7 2 17 15 13 6 4 16 10 9 4 20 10 16 3 14 14 11 18 11 4 8 12 12 20 6 7 5 20 17 9 15 7 16 17 5 19 5 9 1 8 15 8 16 16 6 8 11 8 7 5 11 5 19 7 16 2 14 11 18 8 20 12 5 16 16 3 14 20 2 11 16 18 20 10 2 16 13 14 18 18 15 8 20 20 8 7 1 20 3 10 20 10 18 4 15 6 1 7 17 3 9 15 4 19 15 9 10 12 5 7 16 7 3 8 13 9 17 13 17 8 8 19 8 3 17 2 12 10 16 18 18 13 3 4 8 18 19 6 19 9 19 18 13 12 13 16 10 9 15 19 13 13 17 19 15 6 13 19 7 12 6 13 12 6 15 1 20 3 10 16 6 9 14 13 2 20 10 13 15 16 19 17 3 15 14 8 3 14 9 9 7 3 3 18 10 2 19 16 13 2 14 4 5 18 20 16 20 3 18 18 7 2 11 11 6 2 12 8 3 4 9 12 7 19 12 6 6 13 8 20 6 9 15 18 3 9 3 14 13 20 14 16 1 3 12 4 13 3 8 15 19 9 19 8 5 2 5 7 12 14 14 2 8 20 5 5 12 19 10 7 4 9 9 3 15 10 11 17 7 17 15 17 4 14 10 16 16 17 17 5 10 18 20 13 15 6 19 7 12 1 8 1 11 11 5 6 12 15 20 11 11 10 12 17 6 17 8 8 7 7 10 20 11 7 3 6 11 6 17 12 4 16 17 13 13 13 3 18 11 17 18 17 1 9 14 1 9 3 13 1 10 16 12 13 20 20 13 16 5 20 8 11 8 2 5 11 10 6 13 6 9 3 9 5 7 18 4 3 13 19 7 13 10 1 12 2 14
1 19 2 8 1 17 8 12 12 15 11 5 4 16 19 3 8 12 16 16 14 7 9 14 9 11 5 19 3 11 2 19 10 14 4 13 14 18 16 17 8 20 12 2 4 9 13 7 3 7 20 3 19 17 17 18 10 2 2 17 11 15 1 9 12 12 3 6 4 20 10 11 17 20 1 5 9 3 14 11 2 17 1 9 2 13 9 12 1 12 4 9 16 9 13 8 0 18 11 5 20 6 10 20 15 17 18 2 3 11 9 20 9 7 9 2 20 1 19 4 19 15 20 14 11 12 16 6 20 12 10 17 7 5 10 13 1 17 8 10 4 16 3 3 7 20 8 5 16 3 6 7 8 17 20 20 2 10 11 11 5 7 10 11 2 15 13 17 8 14 17 6 8 12 6 20 5 13 14 13 8 16 16 5 12 9 4 18 4 12 19 12 13 4 3 2 13 11 7 20 4 5 6 4 18 8 12 10 1 16 12 8 17 8 13 13 19 12 11 7 1 4 4 5 10 14 15 7 11 7 6 1 12 9 17 14 2 3 8 3 18 10 9 2 1 15 6 18 17 7 19 11 6 8 9 5 10 5 13 18 7 17 19 15 11 2 19 13 15 15 7 8 6 9 20 7 6 11 9 2 1 10 9 12 17 5 5 6 12 2 14 1 2 3 6 3 11 6 20 15 17 12 18 10 12 14 7 5 19 19 1 16 2 9 3 6 20 17 1 13 2 11 13 7 20 15 8 8 17 8 12 2 3 15 16 16 19 18 7 18 17 20 20 2 20 9 2 2 2 14 5 5 16 4 2 10 2 4 14 10 20 4 1 2 11 2 8 20 18 12 7 17 20 9 18 13 2 13 3 11 15 10 2 9 5 1 11 2 10 7 2 2 5 11 4 6 7 9 2 4 14 16 20 12 9 20 1 1 15 4 17 6 3 2 8 19 8 13 8 18 12 6 20 1 4 5 13 4 17 2 14 14 18 16 16 19 3 4 7 17 20 9 10 19 2 2 14 19 1 12 9 5 2 16 8 3 14 10 14 2 2 5 6 15 18 11 3 17 12 17 15 12 12 12 19 2 14 6 11 20 13 15 9 19 19 9 14 6 12 12 14 11 4 14 3 17 19 20 11 10
12 15 6 13 18 19 1 14 15 15 8 6 19 9 2 3 11 13 14 8 16 8 20 18 11 8 8 20 20 9 1 12 6 3 17 18 7 4 3 2 5 12 15 12 2 9 15 4 2 16 11 17 2 16 3 12 10 10 14 13 20 20 16 18 16 9 2 4 20 7 18 10 20 17 1 12 5 6 4 5 11 19 11 14 18 2 9 2 6 1 2 15 7 10 7 9 3 0 5 10 18 2 9 10 6 18 17 5 13 2 3 17 12 11 7 10 8 4 1 2 3 4 5 12 5 20 8 1 17 11 6 11 16 16 2 3 8 5 12 15 18 14 9 20 13 17 5 14 13 20 10 14 13 5 2 19 20 8 16 1 3 3 7 1 2 18 8 15 9 9 2 13 17 15 2 11 19 18 10 14 11 6 7 20 15 15 20 12 20 5 18 9 11 2 20 9 3 17 16 12 7 5 11 16 7 16 16 10 7 19 14 1 15 15 16 5 9 4 8 13 20 5 3 14 5 20 20 4 1 10 8 6 20 13 16 9 13 5 2 10 6 17 8 7 20 12 7 1 8 20 17 20 4 16 20 6 4 20 5 13 17 10 16 16 11 14 3 16 16 17 1 7 13 20 17 10 1 11 16 8 14 18 19 13 20 6 12 4 18 6 14 5 4 12 20 3 18 20 16 20 15 1 14 16 9 13 20 1 16 11 7 3 15 8 18 19 12 17 12 13 9 16 7 1 2 9 2 4 18 1 10 1 18 15 10 18 11 3 9 8 17 1 7 8 4 13 17 9 8 15 11 5 16 18 5 5 14 5 7 16 8 9 6 5 6 12 15 13 1 16 18 20 18 1 4 19 11 19 19 12 14 3 17 1 8 2 2 9 14 10 10 12 17 15 7 7 12 6 5 19 16 16 20 10 14 2 18 10 2 12 17 2 15 14 3 18 13 9 16 15 7 4 6 15 2 11 8 6 2 12 17 13 15 11 4 20 7 10 7 19 9 17 3 5 8 12 12 17 13 13 18 13 16 17 11 18 4 2 2 19 8 16 19 2 16 10 1 13 6 2 18 3 11 9 10 9 2 1 16 7 11 20 9 9 1 17 13 2 15 15 5 1 17 6 12 2 7 8 7 15
1 17 17 2 8 6 7 1 9 20 19 17 6 12 6 18 19 6 4 11 1 4 10 4 18 11 15 7 10 9 4 15 2 3 4 12 18 12 9 13 3 15 2 17 19 10 20 3 4 10 16 11 11 7 15 11 3 6 3 8 3 17 4 10 19 2 13 9 17 1 19 9 18 5 7 11 4 15 3 2 7 1 15 14 3 13 6 11 1 2 6 2 7 20 16 11 4 12 0 14 4 11 15 10 12 9 15 16 14 9 12 9 15 9 4 17 17 4 7 8 9 1 6 9 18 4 11 18 2 12 16 10 10 11 15 2 19 11 13 20 18 1 16 3 17 19 9 13 10 14 7 5 20 11 15 8 9 12 13 20 5 13 1 9 4 2 6 12 17 1 9 15 18 15 20 9 15 17 8 1 6 3 11 18 5 16 2 17 17 13 18 18 5 9 16 3 2 11 9 5 13 13 4 17 5 2 10 2 3 20 9 5 2 17 14 6 15 9 8 5 4 12 15 9 14 19 11 3 8 11 14 1 10 3 9 17 3 10 4 5 1 7 7 19 19 7 17 6 3 12 3 10 7 6 9 2 9 4 11 10 8 8 9 18 10 2 2 9 13 16 19 3 17 14 7 10 7 18 2 19 14 16 11 4 13 16 14 12 14 6 14 7 5 7 7 1 6 14 12 6 16 15 20 6 7 17 15 2 6 16 5 16 7 16 10 17 18 10 17 8 18 20 19 14 12 5 16 12 13 11 2 6 6 16 7 1 2 20 7 10 2 18 14 20 19 3 13 9 3 11 16 9 1 11 11 12 17 5 16 15 14 17 1 19 4 3 9 20 18 11 4 14 15 5 4 3 10 18 16 14 19 3 3 1 19 16 20 20 9 16 9 9 20 11 18 15 16 15 13 7 16 10 16 1 1 1 7 17 8 6 1 17 11 17 13 10 8 9 9 15 13 6 10 10 5 13 19 18 4 8 20 11 15 7 20 18 9 12 16 1 20 9 9 4 17 7 1 6 5 7 4 7 11 10 1 8 9 18 8 10 13 7 19 6 14 16 19 4 19 8 20 6 4 3 14 5 18 2 12 20 7 8 13 10 19 17 17 6 5 2 6 6 9 6 16 11 16 1 1 9
13 14 14 1 10 5 6 3 13 12 20 4 9 18 14 1 5 16 2 1 16 11 15 19 13 6 4 2 18 4 14 11 2 9 5 10 15 20 1 13 13 6 16 18 3 3 19 3 2 8 2 10 9 5 15 8 1 13 7 2 18 17 8 7 4 11 17 7 16 17 3 2 3 2 15 14 15 10 14 16 8 17 17 10 9 6 19 7 2 6 10 4 11 9 2 17 19 12 7 0 19 8 11 10 7 2 12 17 9 17 9 3 11 1 1 8 19 18 15 9 13 4 15 17 1 2 12 1 19 3 18 4 20 8 3 13 1 2 18 3 5 10 16 14 18 12 2 11 2 16 1 7 17 6 14 15 6 5 6 12 3 2 8 13 20 19 9 15 9 3 2 16 11 5 11 15 15 10 12 18 13 8 3 6 6 16 13 9 14 14 9 16 15 14 18 19 5 18 12 5 19 5 14 6 5 18 3 10 10 12 10 14 13 1 4 17 7 5 13 7 4 14 8 10 10 11 20 19 14 7 7 13 8 2 1 10 10 13 7 2 12 9 11 1 8 3 13 17 5 16 6 11 2 10 11 6 8 15 14 18 3 8 6 1 7 3 2 5 2 13 8 8 4 1 7 9 9 4 1 4 11 15 11 3 11 7 10 15 6 16 14 5 9 5 15 13 20 5 15 4 3 1 4 6 10 7 6 8 1 7 13 18 10 11 14 20 13 18 14 19 1 2 2 19 11 16 5 6 19 14 4 7 17 16 4 20 17 20 9 11 16 19 17 20 3 9 18 19 12 18 18 9 17 20 2 1 11 4 17 8 16 12 7 7 14 18 13 13 8 16 11 14 1 17 9 14 2 18 5 13 8 13 7 6 6 11 1 13 12 5 9 6 2 16 17 12 12 2 20 20 13 15 12 16 16 6 17 2 4 3 19 8 20 13 12 13 12 20 5 9 9 17 16 5 19 17 9 13 18 6 6 12 10 11 8 6 18 5 7 8 7 7 13 12 11 4 19 9 15 8 6 2 1 20 3 16 3 7 3 20 3 13 16 10 11 13 12 16 4 1 13 20 5 3 13 18 14 10 2 2 2 16 3 13 12 6 13 15 11 15 13 8 20 11 2 17 11 15 1 17
7 4 12 13 15 3 19 6 5 3 8 5 19 18 3 1 4 14 14 17 14 7 14 17 10 12 12 13 17 11 7 4 17 18 20 6 5 4 3 1 14 11 12 4 15 13 9 3 3 5 6 4 9 13 12 5 18 13 3 10 9 4 1 15 1 15 3 3 10 16 10 15 12 15 19 13 8 9 11 3 18 16 6 6 1 18 14 9 20 17 6 6 5 11 6 20 18 7 13 15 0 10 7 19 10 14 20 16 16 8 13 10 4 10 10 19 3 8 15 16 1 14 3 3 9 17 16 3 17 7 16 4 2 12 16 7 17 12 5 9 9 2 13 9 19 8 11 17 11 1 4 17 5 7 19 5 19 16 20 9 11 1 11 7 17 9 18 12 7 9 8 16 10 11 9 20 11 14 15 6 1 3 20 4 16 20 17 8 20 1 10 11 4 4 19 7 15 19 4 4 16 6 2 11 2 16 19 16 19 11 12 11 9 14 18 9 11 9 5 1 12 8 13 15 12 13 18 16 9 12 9 14 18 19 12 4 16 6 20 13 14 8 13 7 18 6 17 9 13 3 5 11 15 12 14 3 16 16 13 12 4 20 16 9 12 2 16 10 18 17 20 9 10 6 14 2 11 16 1 7 8 13 2 17 4 6 17 15 11 9 17 17 15 5 11 14 9 10 19 20 17 3 19 7 6 7 20 14 18 5 17 18 7 2 10 10 5 1 16 15 7 13 17 6 9 13 7 1 17 8 14 3 16 19 1 4 13 12 16 16 12 18 8 14 14 4 1 3 1 20 5 3 3 1 1 12 13 8 6 20 13 16 13 11 18 2 2 20 12 5 15 5 5 17 5 1 5 20 10 4 3 13 20 1 18 5 10 8 11 17 6 6 5 12 20 2 13 5 6 19 19 8 19 3 19 6 15 7 3 4 19 19 9 13 19 10 13 4 1 12 14 19 9 20 8 7 5 15 11 12 1 5 13 15 13 1 6 20 4 6 14 8 9 7 3 5 4 2 15 12 1 17 19 6 15 8 12 7 15 15 19 16 6 13 20 1 3 4 5 19 2 18 3 3 8 12 5 14 20 5 16 8 13 14 6 19 1 5 12 5 3 19 8 13 15 15 10 20 6 6
10 4 5 10 8 9 17 18 14 12 17 5 7 4 4 2 15 1 16 8 14 6 12 3 17 13 2 13 17 1 10 6 20 7 1 3 20 20 4 9 13 12 11 15 1 10 12 5 1 17 15 8 9 16 4 19 3 18 19 20 13 16 18 18 8 17 13 15 16 5 1 1 9 7 17 13 18 6 20 5 9 5 2 20 10 5 14 19 14 7 2 7 20 9 20 14 14 4 20 13 15 0 9 3 17 7 13 19 9 5 12 19 20 20 17 20 6 19 20 18 11 7 20 9 16 20 13 9 4 17 18 13 4 3 14 4 16 17 11 18 15 10 16 3 1 4 12 12 12 9 7 14 7 8 16 18 7 5 18 6 2 2 20 10 1 5 4 7 13 15 17 15 8 18 18 11 9 20 7 10 4 8 4 11 13 9 17 11 13 20 6 17 5 4 9 12 4 17 4 12 18 5 10 7 19 3 9 12 19 2 14 7 5 11 11 7 8 6 11 13 16 18 10 7 5 13 5 14 15 2 17 1 13 12 15 2 18 9 17 4 13 6 2 12 4 16 9 19 3 9 13 14 13 2 10 16 6 4 9 4 9 4 15 8 5 11 10 3 11 15 1 3 5 12 5 11 7 8 14 3 3 13 12 3 9 4 1 6 14 10 10 4 10 3 2 14 3 4 13 19 18 12 10 14 14 4 11 6 2 9 8 6 10 12 16 6 3 2 7 14 19 2 9 1 1 20 4 8 12 19 8 14 11 13 11 6 11 12 17 17 10 15 13 15 13 7 20 12 15 2 11 9 4 8 9 3 19 8 12 3 6 11 18 15 15 10 5 17 19 18 19 11 17 12 13 1 10 13 19 2 2 17 20 4 10 17 7 19 17 4 17 1 17 8 1 5 14 17 12 8 19 13 8 12 2 10 18 11 15 17 12 15 6 7 13 20 16 6 7 4 15 3 12 7 15 19 2 2 14 7 5 12 10 10 15 17 11 11 20 6 3 2 9 18 13 4 14 8 11 16 3 5 7 8 6 4 6 6 20 9 9 15 8 14 17 13 13 4 12 16 8 18 11 13 2 4 1 7 2 19 15 14 2 12 11 16 19 4 16 9 16 16 1 4 8 20 6 15 10 15
9 18 3 7 7 9 5 13 18 17 19 3 3 6 9 14 16 3 14 5 17 18 15 2 20 13 14 7 10 4 4 8 2 16 16 2 14 3 2 10 4 13 17 17 5 1 3 17 14 14 9 20 19 14 14 8 18 2 14 17 1 10 17 14 8 12 14 18 17 2 3 18 10 14 18 1 7 15 14 6 9 6 7 14 13 16 9 10 4 2 15 19 3 19 13 1 5 2 4 19 9 12 0 3 6 3 18 13 4 13 2 17 17 1 2 17 8 4 8 12 11 18 14 19 7 3 16 19 13 18 20 18 8 16 18 18 8 8 15 14 17 19 15 18 16 3 4 17 8 4 8 3 14 6 5 9 12 7 19 17 4 13 6 6 11 18 14 20 1 12 13 9 13 19 3 20 14 2 8 16 12 9 3 11 16 8 20 15 12 3 17 11 14 15 18 9 13 1 13 20 7 7 8 2 11 6 12 16 19 9 9 7 5 16 16 7 16 16 19 12 12 18 11 7 9 16 9 16 13 9 10 3 9 4 13 9 16 5 11 14 8 2 9 2 16 12 9 18 3 18 11 10 11 6 9 3 13 16 9 19 9 1 19 12 8 16 15 20 10 17 6 4 15 9 18 11 8 10 6 8 5 5 20 2 10 10 11 7 20 12 16 19 6 2 3 13 11 5 19 11 13 6 19 11 12 8 17 19 20 2 5 16 4 11 8 13 16 14 18 7 19 20 16 19 14 16 9 2 16 8 20 6 5 13 10 8 7 12 19 18 5 3 5 14 13 3 3 1 18 8 10 4 17 1 10 18 4 13 15 17 8 19 13 14 8 15 6 6 19 7 4 11 6 13 4 14 1 19 3 13 5 11 10 17 14 6 7 2 20 2 13 7 20 16 5 7 12 10 7 13 8 14 11 5 6 1 19 16 5 15 5 16 18 9 10 12 13 13 20 10 16 17 20 2 5 17 3 5 9 1 13 18 1 12 13 2 9 8 2 16 14 12 1 5 9 1 1 17 14 13 13 4 4 20 1 12 20 18 8 16 13 9 7 18 4 19 20 11 6 6 7 12 2 2 6 16 17 8 6 20 4 5 7 18 1 3 10 14 9 14 19 7 2 14 12 19 13 2 6 7
2 20 19 19 20 8 3 11 7 20 5 7 10 2 7 18 17 5 7 9 14 4 17 6 8 12 1 10 10 13 14 14 2 1 4 7 6 7 12 12 9 1 4 11 9 15 2 9 3 2 11 16 12 18 16 19 2 8 1 16 14 7 12 18 12 1 15 14 9 9 2 15 1 14 11 12 17 19 8 5 17 20 13 12 10 3 16 13 9 5 8 19 15 6 7 2 10 11 5 5 4 19 15 0 9 17 14 8 5 10 2 8 6 5 20 17 6 15 4 5 6 1 10 2 19 5 1 9 16 17 11 5 7 4 12 1 14 7 4 12 3 12 4 18 13 7 20 4 2 13 11 10 15 15 18 10 18 9 4 7 12 15 13 7 9 7 1 16 1 3 17 10 17 4 12 4 17 2 14 10 20 20 19 6 8 18 10 16 9 11 15 13 7 20 9 6 3 14 4 15 6 12 7 7 5 17 19 11 17 15 11 19 4 18 2 19 11 16 5 8 4 9 10 9 7 2 17 17 3 1 17 15 6 1 19 6 9 15 7 5 16 1 13 5 19 2 10 4 7 13 18 17 11 13 17 7 11 9 6 4 1 3 8 20 12 4 14 11 15 4 13 20 14 18 16 1 3 3 3 13 10 15 1 18 7 8 11 14 16 10 19 20 5 3 8 3 4 1 3 10 9 5 14 20 8 14 2 13 15 11 2 7 8 18 7 20 10 13 19 3 18 17 11 8 10 12 10 9 5 13 20 12 17 20 17 13 7 18 19 4 2 7 17 20 14 11 18 13 13 2 2 18 15 13 3 11 1 18 3 16 5 6 16 20 2 3 1 4 7 7 15 7 14 9 9 14 19 20 4 5 7 9 13 5 16 6 8 20 13 7 15 4 17 17 8 4 18 3 1 8 18 20 2 6 6 10 7 7 8 16 9 18 19 18 16 5 10 7 15 9 2 7 16 2 10 19 16 9 15 10 10 8 15 20 11 9 6 15 19 3 1 15 11 2 19 13 15 13 1 8 3 12 8 20 14 8 9 8 6 15 2 7 9 2 12 14 10 18 13 18 1 20 10 17 14 13 11 19 4 17 14 19 2 4 11 16 11 5 8 2 4 15 13 15 18 10 20 2 20 14
12 11 17 15 20 19 13 18 15 5 9 8 8 5 9 3 16 9 13 6 18 8 1 1 4 16 16 9 13 7 2 8 13 2 11 4 20 6 2 19 7 15 6 6 14 11 9 3 7 15 4 10 16 13 7 7 11 19 4 12 9 18 2 18 8 15 5 15 18 12 18 2 4 7 4 14 4 13 11 5 9 15 5 10 13 5 9 10 19 6 3 18 15 5 9 14 20 5 16 3 14 16 14 9 0 8 19 9 12 13 19 14 1 19 2 18 3 15 13 12 6 4 14 17 13 12 14 15 12 3 3 1 3 6 2 3 13 18 16 2 3 20 8 12 5 8 7 8 17 1 7 13 9 5 4 4 8 7 20 11 6 1 14 14 12 10 15 18 13 15 2 5 4 9 13 2 9 13 17 15 20 13 15 10 5 13 12 2 14 7 3 18 8 18 19 6 12 19 15 1 2 15 8 2 3 17 5 7 6 14 5 2 20 2 8 19 14 17 15 13 4 14 13 3 2 2 14 16 5 16 16 5 18 1 4 5 14 2 7 12 13 2 13 18 15 9 14 11 4 6 5 19 1 10 12 18 4 17 3 7 4 9 16 19 4 4 5 18 16 10 12 12 16 8 15 2 16 13 14 13 7 20 16 10 12 12 16 4 3 8 18 10 5 7 9 12 16 11 8 10 20 13 18 1 16 5 15 17 12 15 2 9 20 20 12 19 11 6 8 2 10 4 12 20 16 1 1 19 14 1 18 19 1 3 20 19 6 15 14 17 19 14 15 7 18 9 10 8 13 15 2 11 1 10 8 2 3 17 1 18 7 6 1 11 3 16 5 9 8 3 18 8 20 14 10 3 11 10 5 6 4 17 3 11 20 16 9 7 6 13 13 4 1 16 1 11 17 13 11 9 14 13 10 10 6 13 6 5 17 12 20 6 7 7 12 11 13 1 1 6 3 12 4 6 8 7 5 9 20 15 16 5 8 20 15 4 1 3 12 1 12 12 19 5 3 3 3 19 5 7 7 16 6 10 5 11 6 1 7 8 20 14 4 19 11 5 19 4 2 16 3 20 13 3 9 5 17 8 20 20 14 5 15 17 2 9 18 5 14 3 7 14 11 2 14 5 18 5 16 3
10 8 7 16 16 12 3 20 11 19 1 10 7 20 10 8 11 11 4 19 2 18 3 1 15 6 6 12 18 20 13 9 6 11 1 10 5 10 20 1 6 8 2 18 12 10 5 4 11 9 6 14 20 9 10 20 11 20 3 10 19 15 11 20 5 12 2 6 10 14 2 20 18 17 15 12 1 8 17 10 8 5 13 12 8 15 13 19 11 5 3 5 14 2 14 2 2 2 7 12 14 4 20 4 5 0 11 1 19 14 1 19 19 16 14 13 10 4 2 19 19 4 17 1 3 3 14 16 14 1 15 14 14 1 2 14 8 6 5 17 5 2 19 8 3 2 12 18 20 16 14 12 8 3 2 5 5 9 17 17 17 18 4 4 7 9 20 11 18 19 12 7 6 15 8 14 11 5 5 11 1 14 15 16 7 8 13 12 16 6 7 8 13 17 19 15 12 13 4 19 4 7 18 17 9 20 16 19 18 17 13 16 11 15 8 5 10 18 8 4 18 1 13 11 14 13 11 17 18 11 10 10 2 5 14 7 13 19 15 9 6 14 1 8 11 20 15 7 17 5 19 4 7 18 1 19 13 5 11 6 15 12 16 2 14 10 14 17 14 18 6 14 19 13 8 20 17 8 10 19 7 1 19 9 5 6 14 11 3 6 2 15 15 2 3 5 13 19 14 8 11 14 12 19 11 5 2 6 17 12 14 5 1 7 17 16 18 1 10 1 6 10 20 15 4 14 7 17 2 4 17 18 17 10 13 15 19 19 18 6 5 4 8 14 3 3 16 19 17 10 13 15 14 14 16 17 14 9 14 4 7 4 15 8 14 13 4 20 10 2 11 2 9 8 16 15 4 19 19 2 11 20 4 15 17 14 16 7 16 6 16 20 18 3 19 15 7 16 12 13 4 5 2 15 20 18 9 13 7 6 18 12 12 5 14 12 2 3 13 9 20 17 16 5 17 16 7 16 11 5 20 7 20 2 18 16 1 1 1 15 9 1 15 17 4 6 9 15 1 13 14 5 9 7 17 10 17 3 1 3 6 5 9 8 12 2 9 13 11 4 9 16 17 4 17 18 17 19 19 7 1 19 11 12 11 19 8 1 14 6 15 5 15 16 20 8 19 9 15 3
3 4 4 15 1 18 20 10 9 18 4 1 14 13 9 18 5 17 16 16 4 18 17 2 17 1 3 16 9 10 12 19 15 13 16 4 18 17 7 8 14 19 10 20 16 17 6 11 20 4 20 9 11 7 4 12 13 16 6 9 3 19 16 20 5 8 18 20 11 9 4 9 3 20 17 5 11 19 10 2 14 8 12 8 2 14 8 2 19 8 13 6 13 4 3 4 14 4 11 18 12 3 2 12 7 20 0 2 1 10 8 8 20 14 6 16 19 15 8 16 5 11 13 6 16 3 20 10 8 20 16 11 7 9 11 13 14 20 3 17 1 4 19 9 10 9 16 7 5 14 1 7 17 20 2 3 12 16 9 2 7 2 20 18 1 12 11 14 6 13 1 20 20 3 11 7 7 11 9 17 9 10 3 4 3 15 18 9 2 16 11 7 17 20 10 11 15 19 6 10 12 19 13 14 14 15 7 16 19 9 4 9 20 8 9 14 8 10 6 4 1 11 2 1 20 17 2 9 15 2 6 12 4 1 7 12 19 14 5 20 11 11 7 14 17 2 15 11 17 9 18 6 3 4 7 11 12 9 1 16 18 13 20 20 8 11 9 13 20 5 18 2 18 17 9 12 7 18 1 10 7 3 5 3 6 18 19 16 18 3 19 13 10 10 11 8 20 3 16 6 8 16 6 14 18 5 14 17 12 7 11 9 11 4 8 10 9 5 9 20 10 10 6 18 16 3 11 6 4 1 1 10 17 19 4 15 12 16 8 15 6 13 9 14 11 19 20 14 10 14 6 9 20 18 2 5 5 14 20 6 14 13 9 14 14 7 2 1 10 16 11 15 9 2 10 14 19 4 8 11 15 12 14 12 20 14 1 7 16 16 7 18 15 10 20 2 6 18 7 2 15 9 13 6 20 2 7 16 13 19 5 13 11 7 3 3 9 5 2 8 2 2 16 9 1 1 16 15 14 15 18 11 6 19 12 14 3 7 2 16 16 14 12 13 1 4 11 3 12 1 15 6 18 14 19 20 8 18 11 20 14 19 13 2 17 6 5 18 12 3 1 16 1 3 13 12 3 6 6 4 11 7 1 6 13 13 6 8 9 10 5 18 4 1 10 10 18 17 14 7
2 7 20 5 10 7 13 12 9 11 11 8 19 17 5 11 14 15 14 11 15 7 11 2 15 2 18 3 2 15 2 5 16 7 14 2 15 2 1 3 19 19 4 1 3 2 5 3 7 6 7 6 7 2 3 3 14 14 12 2 3 10 18 9 11 4 6 15 15 19 15 1 17 15 8 14 9 12 18 5 9 20 20 20 2 4 18 14 12 15 8 15 20 15 18 7 2 4 6 9 3 14 8 8 8 6 4 0 14 19 9 5 7 13 10 13 1 15 12 16 15 6 5 15 14 16 20 10 18 2 15 20 16 10 12 16 18 7 13 10 2 19 14 11 10 15 7 20 4 8 17 19 12 9 11 4 7 18 8 17 8 13 20 16 18 16 4 14 6 20 10 9 2 17 2 12 19 9 2 7 14 10 10 15 5 20 4 14 8 3 17 8 17 13 16 19 19 20 16 4 3 7 4 13 9 18 9 19 13 12 8 10 3 12 8 19 18 1 14 6 13 11 14 15 12 18 15 17 7 12 14 10 10 10 7 14 16 18 11 7 10 15 5 17 12 18 13 11 7 6 10 19 6 16 16 14 4 6 6 15 14 14 19 13 15 18 12 3 16 18 8 14 20 14 8 20 15 16 18 15 3 4 5 6 17 1 11 5 12 20 1 10 3 3 2 8 5 3 16 16 4 2 19 10 19 15 19 9 19 20 11 18 3 14 1 9 5 9 9 15 14 12 20 11 10 2 9 13 20 15 7 15 17 10 19 15 6 9 19 20 3 18 1 19 16 8 19 14 19 3 17 3 2 4 2 2 20 1 13 7 7 11 12 4 7 18 14 11 9 3 12 14 17 3 16 10 15 12 16 9 11 2 19 20 10 15 11 5 11 6 20 17 11 19 3 16 11 13 15 6 6 10 17 12 12 5 15 19 9 19 18 5 20 8 7 11 19 11 13 1 2 14 15 12 14 9 5 2 20 8 13 15 6 3 2 10 20 11 10 7 17 17 14 9 15 1 11 2 4 9 15 3 4 20 7 10 13 15 8 1 10 6 4 1 9 15 2 12 12 18 3 10 11 3 4 12 4 13 8 7 14 15 3 1 14 7 12 2 6 14 4 6 1 13 11 12 12 5 6 16
12 20 10 1 1 3 14 9 9 19 15 2 11 15 20 8 18 2 4 12 10 18 7 16 1 8 11 1 3 7 2 17 4 20 5 18 12 3 6 1 18 2 16 14 4 12 3 9 1 14 5 18 1 17 2 6 8 12 5 8 10 18 6 5 12 6 8 4 20 2 15 6 11 9 20 3 4 18 2 1 14 5 10 20 5 6 6 2 14 12 20 12 12 15 3 4 13 8 19 19 10 6 1 10 7 19 20 10 0 16 9 17 19 9 9 15 1 18 20 10 12 4 8 15 20 10 13 9 8 13 4 5 6 7 10 5 19 10 10 14 8 10 18 18 18 12 14 3 20 8 7 8 5 1 6 19 16 10 16 15 20 4 16 18 7 1 19 1 5 11 11 17 14 17 4 14 7 8 6 14 12 5 12 20 14 8 8 19 19 13 1 19 18 8 6 16 15 13 2 17 19 11 11 16 17 18 1 15 20 2 13 16 6 11 19 13 17 3 20 11 2 12 10 19 12 4 12 10 20 14 19 2 11 14 18 13 14 6 11 20 1 10 7 15 13 5 12 3 19 8 11 6 10 3 2 16 5 8 7 20 14 9 4 4 1 5 10 18 3 8 20 10 13 9 4 13 7 12 18 2 15 12 10 15 2 2 5 17 4 6 11 9 17 18 15 5 4 3 16 11 19 5 17 18 7 2 11 16 9 8 18 5 2 14 9 8 16 10 2 10 9 17 15 3 14 20 14 14 9 8 18 7 12 17 14 2 19 4 9 7 8 14 10 1 2 1 12 8 13 8 2 13 19 12 13 9 14 7 17 14 20 16 17 5 4 7 14 13 8 17 10 8 17 1 11 4 15 17 18 14 6 6 17 17 4 11 19 5 1 1 17 5 13 10 10 12 15 15 18 5 10 16 6 14 2 7 14 7 5 6 3 17 7 18 13 6 19 9 4 2 4 10 9 14 19 6 20 13 19 12 18 9 1 14 16 10 20 15 16 10 15 6 12 3 19 8 20 11 5 15 2 2 9 15 18 7 9 5 15 1 19 15 1 15 17 15 4 2 19 11 7 20 9 9 10 6 2 3 12 15 10 18 12 8 12 6 20 16 3 2 6 7 6 12 7 20 13 7 3 18
15 10 1 17 2 18 5 10 10 8 15 3 6 7 5 2 16 8 14 11 15 3 17 14 4 9 20 5 14 5 6 9 16 2 9 4 12 20 5 16 15 9 15 9 4 9 11 17 8 3 4 14 19 2 1 9 3 5 13 9 8 20 17 9 2 16 15 17 4 12 3 14 15 2 12 16 7 7 2 20 4 17 6 20 14 9 14 2 13 8 1 9 2 17 14 13 20 7 2 8 1 3 2 6 3 18 8 2 14 0 17 16 3 18 15 6 7 18 16 9 13 3 20 17 18 16 2 7 5 19 4 19 17 15 17 10 6 18 12 20 18 10 17 4 16 20 11 16 18 15 14 13 20 19 5 11 8 7 2 4 20 18 13 11 9 16 18 9 7 1 4 1 20 12 14 12 4 5 12 14 17 16 9 3 16 14 16 11 10 15 20 18 10 20 15 15 10 8 4 17 15 2 20 16 2 7 12 7 7 6 4 16 1 20 11 13 6 5 16 14 3 1 4 14 12 11 1 5 19 17 4 6 19 7 7 2 18 6 4 13 15 14 11 3 18 18 15 20 16 10 11 6 20 5 1 20 9 12 9 12 6 19 20 3 9 12 6 13 1 15 4 10 8 5 18 5 5 2 10 7 9 11 18 4 10 16 9 10 2 5 8 19 13 9 7 18 4 9 10 14 15 19 7 20 1 4 19 14 15 16 10 4 17 18 7 14 16 1 19 6 9 12 2 9 13 5 13 3 20 1 17 10 7 8 19 9 10 8 6 7 10 9 13 2 10 18 15 20 7 2 9 18 7 18 9 14 19 10 5 15 7 4 6 3 6 4 4 19 13 14 3 5 10 9 17 19 5 10 13 4 6 10 1 20 18 7 15 12 4 7 19 5 16 10 20 16 17 11 2 8 13 18 9 6 8 16 2 14 19 6 3 3 5 6 12 12 12 13 13 8 1 15 3 4 14 17 10 4 18 4 2 16 18 15 18 17 4 16 15 15 10 3 9 5 3 3 19 1 18 8 1 14 20 17 10 11 6 11 14 10 8 17 4 2 18 8 12 8 4 9 13 12 2 12 18 14 11 1 3 14 8 11 4 15 16 7 10 19 14 14 19 5 17 14 5 17 8 5 16 19
12 19 14 4 5 12 1 16 14 10 17 4 3 2 15 19 13 19 11 2 16 20 6 1 14 19 11 19 5 1 10 6 16 7 18 4 7 13 15 20 3 6 9 8 17 12 16 14 6 12 13 13 20 12 13 9 1 18 10 14 13 6 1 6 10 15 17 19 15 2 18 16 14 2 4 3 6 6 6 1 18 4 14 20 14 17 10 17 1 8 13 12 12 10 13 10 11 5 17 18 17 10 14 13 9 19 7 7 10 10 0 18 5 9 20 3 9 18 15 18 3 7 9 9 9 16 10 5 3 13 4 5 20 12 2 20 17 12 3 10 16 8 10 7 11 18 9 19 11 19 1 7 1 3 18 9 19 19 9 3 17 19 9 14 19 2 10 12 2 12 16 13 5 20 5 17 19 5 16 13 15 1 14 16 1 10 19 16 18 10 17 14 3 17 13 19 12 13 8 10 10 1 1 19 12 16 14 19 6 17 16 10 10 15 2 11 5 7 18 16 3 18 17 9 5 1 15 13 10 15 6 8 17 20 19 1 3 12 14 19 2 2 18 5 7 15 4 4 14 18 2 20 14 1 18 16 5 15 19 19 17 12 17 9 14 7 3 13 20 11 17 2 10 15 2 6 19 18 20 19 18 3 13 5 3 18 11 14 19 19 2 3 16 13 8 5 6 15 16 10 12 5 15 18 2 1 10 15 8 17 5 5 12 20 17 11 7 17 5 7 13 13 13 15 20 9 2 6 14 16 5 5 18 11 6 17 13 1 6 1 20 16 6 2 13 1 6 13 14 11 20 15 7 17 3 14 13 13 9 2 14 5 10 18 20 18 13 4 16 19 9 8 8 16 12 6 8 11 13 20 10 6 3 6 6 8 19 4 7 6 10 6 11 10 11 2 6 11 18 1 8 1 10 1 11 19 15 9 1 10 4 4 16 3 16 4 18 5 3 17 15 10 20 9 15 14 4 15 15 9 20 4 13 3 12 15 4 16 20 2 6 2 11 4 5 3 16 14 4 10 5 16 19 4 2 19 4 10 2 16 14 12 18 12 2 11 11 11 20 6 5 17 3 8 9 9 5 3 4 17 11 13 18 20 4 13 9 8 10 11 15 16 6 15 16 3 2 17 2 9
10 4 9 13 13 12 9 17 10 1 6 16 7 16 16 4 11 6 9 16 9 8 18 7 10 19 11 9 19 7 12 9 12 13 4 14 9 10 17 16 18 2 11 18 1 9 16 6 8 10 1 13 3 14 4 8 7 3 13 4 4 4 8 20 20 16 7 9 20 9 4 8 12 20 16 4 18 13 15 11 18 15 15 17 17 4 15 18 15 16 7 20 14 20 12 12 11 20 19 18 7 14 5 1 14 12 20 16 8 13 3 0 13 12 16 8 5 6 12 18 8 7 3 9 11 2 6 10 9 3 9 3 11 11 11 5 12 9 7 3 9 5 7 4 11 4 10 11 8 5 17 11 6 13 13 1 8 18 2 14 19 9 1 18 1 4 19 17 19 13 13 15 7 15 5 3 12 19 1 19 15 8 13 1 7 8 9 1 2 8 3 19 4 18 11 13 6 1 15 6 4 4 6 15 14 11 20 16 13 4 9 15 2 7 9 1 8 19 12 5 13 3 7 15 20 4 13 11 20 18 13 3 12 17 2 9 13 14 19 9 4 1 16 18 15 8 1 11 1 10 10 8 7 6 5 17 11 16 2 9 7 3 20 14 15 15 16 6 2 6 11 8 12 16 8 17 19 3 18 15 8 3 6 4 5 2 18 16 17 6 17 7 10 4 16 5 10 6 16 10 5 7 18 14 15 15 3 4 15 17 15 11 15 17 8 20 10 20 18 20 4 9 2 8 11 14 17 2 13 3 9 17 2 7 15 3 10 4 12 17 10 9 13 9 8 19 5 16 6 4 11 9 5 1 4 9 18 13 4 3 11 20 20 16 4 18 2 3 2 6 1 9 17 2 15 14 17 16 7 1 16 6 7 4 10 2 12 9 3 13 10 8 6 19 15 17 20 18 13 3 9 10 3 5 5 20 17 16 4 7 13 11 3 11 2 10 14 5 11 14 17 15 2 18 2 6 1 14 10 19 1 13 3 10 10 8 10 19 19 2 14 6 10 1 7 8 9 1 8 14 12 3 11 1 6 19 10 8 1 6 9 13 19 15 13 8 15 19 4 19 4 4 12 12 5 11 9 7 17 5 14 14 1 19 6 6 11 15 10 5 1 17 5 3 13 7 19 6 6 12
20 15 8 13 7 17 18 12 10 6 1 13 7 8 6 20 12 7 6 3 12 17 1 3 17 17 4 6 20 14 15 2 9 12 12 4 2 15 9 11 14 3 5 6 10 12 20 17 16 6 4 18 14 15 14 18 16 16 5 13 10 19 16 12 13 15 11 17 18 14 2 17 1 17 8 9 12 5 12 11 18 15 15 7 5 16 12 5 7 12 8 15 1 4 20 7 20 20 5 15 6 17 5 13 5 13 12 13 8 19 1 10 0 2 6 6 20 1 20 9 7 18 10 14 9 20 18 12 13 14 12 12 16 16 1 12 7 19 10 19 2 15 3 7 17 16 16 14 1 4 4 15 18 18 18 2 6 9 4 11 19 11 2 3 4 16 12 8 9 6 2 17 15 19 14 1 16 11 11 1 19 8 8 17 2 16 10 4 20 16 20 3 1 3 11 20 7 8 9 16 10 2 5 13 11 17 9 8 12 6 4 12 14 16 1 11 6 17 12 12 20 4 9 16 4 14 2 15 9 3 7 17 5 18 11 20 18 12 4 6 14 17 6 18 19 6 5 19 5 17 9 8 2 1 1 20 16 1 10 16 6 15 7 4 4 4 16 9 12 12 17 14 12 9 17 13 1 20 6 16 13 8 7 16 5 17 14 12 3 17 10 7 18 6 20 12 4 2 14 1 12 6 9 16 14 6 1 19 2 8 17 13 14 7 14 7 17 2 15 16 15 20 16 11 13 1 15 14 13 3 18 8 5 9 6 1 9 4 17 4 3 10 8 15 20 13 5 4 17 19 16 10 19 5 17 4 17 18 3 6 12 6 15 18 5 13 19 8 1 7 20 5 15 5 9 6 6 6 4 2 11 13 3 19 16 6 1 13 11 4 5 14 10 7 19 15 4 10 2 6 2 15 18 1 7 2 15 19 13 1 14 16 8 3 5 7 6 1 16 2 11 18 17 3 11 8 14 17 10 13 10 16 6 20 8 15 5 9 20 17 5 1 8 19 17 19 7 1 12 15 20 17 12 9 10 15 17 4 15 2 1 19 11 15 5 14 10 5 17 8 9 11 2 1 20 20 16 2 4 1 9 16 9 5 9 19 14 1 13 3 16 9 10 11 8 18 18 16 16 3
4 15 18 15 14 16 15 20 7 13 20 7 13 3 7 9 6 13 9 10 20 9 18 16 1 3 14 4 20 14 18 19 7 14 18 7 13 9 12 3 11 9 18 4 20 6 6 13 9 5 3 3 7 20 6 18 14 9 19 20 14 13 11 7 10 13 15 15 14 11 10 19 17 18 20 4 18 20 8 5 2 13 17 4 12 2 4 2 11 14 8 15 14 2 2 13 3 5 3 11 19 5 9 15 2 19 8 14 11 7 14 13 3 0 8 10 3 3 16 9 15 8 19 14 5 19 2 12 13 20 17 8 19 7 12 4 8 5 6 20 7 8 6 16 8 20 13 1 5 12 19 5 8 1 18 8 8 19 15 20 16 17 16 11 4 2 14 4 14 7 18 2 9 7 6 12 4 14 16 9 1 9 2 5 14 12 2 15 11 14 1 17 4 16 18 4 10 12 14 1 1 17 3 20 9 20 6 13 1 18 15 12 17 3 19 14 9 6 12 18 10 17 9 4 5 11 18 2 6 11 5 4 2 3 2 19 11 15 9 2 17 14 8 15 4 16 9 8 11 1 20 8 3 9 19 1 5 6 5 3 11 12 16 13 8 7 6 19 2 17 15 8 8 19 13 1 5 12 3 6 1 9 6 10 13 18 9 17 4 8 6 18 2 14 16 15 18 13 2 10 6 6 16 1 8 11 13 17 2 2 3 3 7 4 6 2 5 10 6 9 12 1 1 5 2 9 4 7 14 5 5 8 15 2 12 16 12 17 14 15 4 2 17 8 15 13 20 5 16 4 19 10 18 12 16 18 6 11 19 20 6 9 19 2 18 10 20 12 7 1 20 6 10 6 16 2 18 12 11 13 5 17 4 6 4 5 3 2 3 4 3 19 4 11 4 8 18 18 18 4 10 6 4 5 14 17 9 1 15 17 6 4 19 11 2 13 15 19 11 3 16 10 14 7 5 2 3 3 13 16 4 2 7 10 17 17 15 18 7 11 13 1 5 9 3 20 5 18 13 15 1 3 20 14 14 16 1 13 19 17 12 7 16 19 12 19 3 9 9 12 6 20 9 3 8 8 9 2 17 14 2 9 12 4 3 19 2 6 8 14 20 11 13 17 8 16 8 8 11 1
7 13 16 3 7 10 8 11 12 16 1 18 14 10 19 18 10 12 9 1 16 19 10 7 12 14 6 18 8 16 14 11 16 17 14 13 18 12 18 14 5 2 6 10 13 13 20 15 20 10 15 6 20 10 1 13 5 5 14 13 12 15 19 19 18 15 2 5 3 2 2 1 2 15 17 15 17 18 20 8 11 6 7 16 9 9 3 7 16 7 12 9 20 8 3 7 13 1 3 7 15 16 3 2 4 15 4 2 17 16 8 4 7 7 0 20 19 15 13 17 18 7 16 1 14 18 8 7 13 5 9 10 20 8 9 11 16 13 16 19 5 8 4 10 15 11 2 3 7 2 10 5 14 17 14 14 17 8 1 20 15 5 8 9 20 9 10 10 3 6 11 3 19 3 3 18 19 6 16 2 13 10 12 20 20 6 7 10 10 10 11 5 20 16 16 2 11 15 14 14 14 13 9 11 2 20 17 1 2 6 20 20 3 1 20 9 13 12 15 14 4 20 1 11 1 19 6 17 19 15 19 13 2 4 5 3 4 11 16 19 1 16 9 7 18 2 15 10 4 17 5 3 17 6 4 8 2 4 19 10 10 14 12 19 17 4 13 18 16 4 11 5 16 16 6 12 10 15 11 7 7 1 16 7 20 9 12 8 11 6 17 13 18 13 4 3 7 8 3 10 6 8 16 2 9 17 11 8 9 11 16 2 10 3 16 4 18 19 2 20 17 19 15 6 17 6 7 12 16 9 4 2 11 18 17 16 13 4 7 10 16 16 8 18 18 7 11 9 20 14 20 7 2 6 5 11 2 14 18 17 18 1 17 6 16 8 4 3 14 14 14 1 5 6 19 14 6 13 6 19 10 14 9 9 17 19 9 1 15 1 4 5 17 14 7 10 19 4 19 1 13 16 11 7 2 3 19 8 18 1 4 17 7 16 14 14 19 16 16 9 7 3 2 11 16 7 18 7 19 14 19 12 16 17 16 3 8 17 5 10 4 8 19 18 5 6 18 14 13 19 15 7 17 6 3 12 7 9 8 1 15 7 19 18 4 18 2 14 20 7 7 20 15 17 15 10 11 8 18 8 5 12 1 10 2 20 13 12 9 1 13 9 13 10 9 14 1 5 8 9
2 7 5 2 14 7 17 17 15 9 20 20 19 14 19 5 20 7 2 11 9 13 15 18 16 4 20 2 15 4 2 13 1 11 3 9 6 2 13 11 13 6 6 17 18 9 8 14 8 11 12 17 20 7 1 19 6 14 9 12 13 17 15 11 11 13 10 17 15 16 3 12 6 15 19 18 5 6 14 9 14 2 13 2 10 18 4 7 7 12 7 4 16 2 18 10 12 9 6 17 17 6 7 17 13 7 18 5 6 7 10 16 16 19 19 0 3 14 4 20 16 15 11 2 12 16 8 14 11 18 8 5 20 18 15 19 13 4 10 17 8 7 11 14 18 9 3 7 14 4 8 13 7 9 15 13 3 2 17 20 9 9 11 10 1 13 14 19 5 14 14 6 19 20 13 13 8 15 1 2 5 5 16 1 9 11 13 6 8 15 6 5 19 3 3 1 4 3 10 5 7 16 7 2 1 3 4 16 16 16 5 1 17 7 6 12 2 3 3 17 13 4 15 14 3 20 14 5 10 8 2 16 15 18 7 6 15 3 5 1 2 3 16 20 16 20 1 5 1 15 9 4 18 11 1 1 18 1 4 12 19 5 5 20 4 19 19 11 11 6 10 19 5 4 4 3 4 8 13 3 5 17 18 4 18 1 11 19 7 16 8 11 8 8 7 5 1 9 4 9 13 19 14 11 20 3 9 3 9 8 7 1 16 18 7 6 7 9 6 13 19 19 18 13 19 17 7 2 15 5 9 3 13 14 14 11 4 17 17 9 5 16 16 11 1 18 7 14 16 5 14 2 18 6 2 17 13 14 12 4 19 17 3 4 8 2 20 6 12 12 18 9 3 14 4 2 17 14 11 3 18 8 6 1 3 17 8 9 16 18 13 12 16 19 4 5 20 20 9 18 8 3 10 3 7 10 17 17 5 13 17 11 17 4 15 10 9 11 14 17 5 14 19 2 6 11 7 3 11 6 12 4 11 17 17 9 18 12 12 20 14 17 12 9 15 10 5 3 11 9 7 12 13 12 15 9 19 13 8 5 17 3 9 5 5 9 5 8 4 14 20 13 13 10 11 18 6 14 6 18 1 18 18 20 13 18 20 18 15 17 15 3 5 8 8 8 19 17 16 16
6 19 4 12 17 8 13 4 12 11 18 3 16 5 2 19 10 15 16 19 14 14 13 14 20 5 3 9 20 8 6 12 2 8 17 3 8 15 1 11 17 8 1 18 2 9 20 14 16 1 19 13 14 2 7 15 5 8 13 3 9 2 17 3 19 20 4 20 14 1 15 18 15 13 14 7 18 10 17 18 3 9 9 19 11 19 19 6 18 5 4 19 17 20 19 10 10 4 13 5 10 18 15 5 1 1 4 2 9 16 15 6 16 16 5 15 0 6 6 12 20 3 5 7 10 12 1 12 1 10 16 10 17 9 3 18 19 10 18 11 15 12 1 18 19 4 19 16 3 15 15 19 5 4 18 12 15 16 19 14 5 12 6 5 16 14 15 13 20 8 17 15 3 16 15 4 3 10 8 16 16 17 6 1 10 10 15 17 10 9 11 9 15 10 4 1 11 15 16 5 7 8 3 9 18 15 20 18 9 9 2 5 17 19 11 10 19 8 18 7 2 5 9 10 4 10 20 5 19 3 18 20 20 17 9 10 6 17 5 2 5 18 8 11 1 15 9 19 15 3 6 7 15 20 19 6 14 1 7 5 2 16 12 6 11 9 2 20 3 16 9 5 3 13 17 12 9 18 16 11 3 18 2 17 13 6 16 9 14 16 10 11 12 20 10 13 7 2 14 10 16 17 5 10 12 17 5 2 16 6 9 17 14 9 5 4 17 6 6 1 12 8 11 1 14 11 11 16 16 2 3 18 4 14 3 18 12 5 20 1 4 10 1 1 20 14 8 3 5 11 15 1 5 3 13 20 3 20 7 4 3 5 5 19 4 15 6 10 20 6 16 3 20 4 6 20 13 15 6 2 18 3 16 4 19 2 2 11 16 8 14 18 11 1 2 13 7 8 2 17 12 17 2 13 20 17 7 12 1 15 7 16 18 15 3 6 9 3 12 11 12 15 9 11 15 14 20 17 7 10 6 13 8 4 1 20 2 20 10 15 14 7 7 9 4 5 14 11 14 16 6 15 3 7 4 20 13 5 1 16 3 3 19 20 6 10 1 12 3 18 6 11 12 1 20 3 8 9 10 13 14 9 16 9 1 8 20 3 2 11 15 9 11 18 18 18 10 10 18 14
4 5 13 1 19 13 11 5 8 11 2 16 3 9 20 17 6 2 14 5 18 11 11 13 5 9 14 6 19 20 17 14 11 6 2 1 15 9 1 20 7 8 7 10 13 4 16 3 15 14 15 2 3 18 10 8 13 14 14 18 2 7 15 19 19 14 4 18 15 5 1 18 17 6 3 14 9 17 11 11 3 11 16 16 15 18 11 20 13 15 1 14 13 16 17 14 13 12 14 15 16 9 16 6 11 6 18 20 7 6 11 14 18 17 2 18 12 0 2 20 7 15 12 10 3 16 8 12 11 9 11 12 6 10 4 8 1 19 6 1 6 2 7 2 11 11 11 11 20 14 11 6 14 15 8 4 6 3 11 18 3 17 16 13 8 12 10 12 18 7 19 5 5 9 7 8 12 5 2 18 19 14 15 20 4 2 12 11 14 3 16 3 19 1 10 16 3 1 17 12 19 20 4 7 4 3 19 5 9 16 6 4 9 18 13 16 19 8 20 7 16 15 17 11 7 12 2 6 16 18 2 9 4 13 3 3 3 17 11 11 16 4 7 2 4 13 17 2 18 8 4 9 7 17 4 18 14 6 6 16 16 3 16 9 3 20 7 5 2 3 14 12 14 6 2 2 1 2 20 17 20 5 13 18 4 12 4 5 13 5 6 11 17 3 1 1 9 9 13 9 5 12 7 8 8 9 18 8 8 2 6 7 1 20 10 16 8 10 10 13 19 11 3 9 16 13 8 14 9 2 12 3 8 13 17 16 11 14 15 19 18 2 18 9 13 7 6 19 5 14 14 3 7 10 19 15 9 17 10 16 14 2 13 18 4 9 8 18 5 3 13 11 9 4 18 20 12 6 13 15 6 20 17 5 3 20 14 8 12 9 13 18 2 2 19 4 18 15 14 11 8 19 10 11 12 1 14 10 19 5 12 16 7 15 3 3 4 10 12 3 16 2 19 15 15 20 11 11 15 9 9 14 11 16 3 18 4 15 20 9 17 4 13 3 16 7 8 8 7 17 3 15 12 7 1 20 20 19 11 11 20 1 14 1 7 17 4 16 4 4 20 10 13 3 13 6 7 9 1 15 14 16 2 20 1 19 1 15 1 5 18 3 8 8 4 5 9 16 13 14
17 3 2 13 20 7 19 3 3 3 2 1 12 16 4 16 18 3 1 18 8 7 2 18 17 20 8 7 7 7 9 5 3 17 3 10 15 19 2 19 6 6 18 5 4 14 13 12 9 6 12 10 3 19 12 14 9 11 13 6 15 10 19 5 12 20 20 14 19 3 9 14 14 15 13 8 20 3 1 13 18 10 18 13 16 6 13 3 7 12 4 3 2 15 19 19 11 6 8 12 8 16 20 16 5 5 16 6 20 4 9 15 1 2 10 4 20 6 0 18 12 6 20 20 1 6 8 10 1 2 10 11 11 9 4 13 9 11 4 14 6 20 4 7 14 15 16 17 3 17 11 8 19 5 1 10 9 8 5 16 2 15 14 16 17 16 9 17 17 1 16 8 20 2 16 10 2 12 17 17 20 1 19 7 19 1 6 3 20 5 16 2 13 13 13 14 19 4 8 3 4 14 15 11 6 18 10 7 1 4 17 15 12 17 9 13 11 7 20 8 4 8 5 14 2 20 8 16 19 20 10 19 8 5 20 13 17 18 8 3 20 16 15 12 18 7 11 6 16 16 3 20 3 7 20 17 6 1 3 13 9 8 20 17 4 19 8 19 15 14 17 10 2 11 10 8 19 5 17 2 15 13 19 11 15 12 1 13 11 14 2 2 2 1 14 6 18 14 15 17 10 5 10 10 13 13 1 20 19 7 9 4 14 5 16 18 13 9 6 11 16 4 4 16 10 6 8 16 10 12 4 19 12 16 14 9 17 5 8 19 2 8 4 4 13 6 17 12 15 6 19 8 10 19 11 9 3 6 10 12 4 2 8 7 4 17 12 4 3 14 4 17 1 13 14 11 9 10 16 13 16 5 10 1 9 18 9 17 9 20 6 12 15 5 12 12 12 10 8 10 11 18 8 10 5 3 6 12 16 15 17 4 9 8 15 4 12 10 5 18 12 17 16 3 8 12 10 20 18 19 17 8 17 2 16 19 13 10 17 15 17 18 10 5 4 17 1 15 18 9 11 10 11 19 15 7 4 7 11 15 19 18 7 17 6 10 2 1 2 20 13 16 18 8 2 12 6 16 18 15 9 7 4 4 4 11 18 18 4 5 17 17 11 18 17 1 7 14 8 17
2 11 19 9 2 6 14 15 13 8 11 15 12 3 10 7 1 10 7 2 13 4 14 6 12 7 7 4 16 7 6 8 4 17 6 9 17 2 14 11 4 14 2 7 12 11 3 20 2 20 13 12 12 7 4 10 3 6 7 3 1 15 14 7 8 8 15 17 11 4 10 15 20 17 7 9 8 17 20 8 14 12 10 15 7 19 18 9 20 17 15 15 15 1 6 10 8 16 14 2 18 15 8 5 12 18 1 6 17 17 2 12 16 7 8 3 19 5 16 0 14 15 20 19 19 5 11 18 4 4 13 2 13 8 7 7 15 18 14 2 4 7 15 13 9 13 15 13 11 20 20 7 11 8 6 9 2 20 8 1 6 18 1 17 11 16 14 1 1 16 10 9 15 3 16 16 8 17 13 6 14 18 14 16 12 20 9 17 3 14 8 5 1 6 14 4 11 10 9 9 10 9 4 4 19 10 14 19 9 16 3 14 18 20 11 13 5 12 20 16 17 8 10 10 17 3 4 16 4 5 1 5 16 4 16 1 16 2 16 17 19 9 12 20 16 7 15 5 9 9 7 13 16 5 10 20 11 9 18 8 10 13 1 4 16 7 8 19 8 13 4 7 17 12 2 17 2 11 11 2 2 20 9 4 8 15 14 5 2 1 8 13 20 12 6 12 15 4 13 11 16 7 2 18 9 16 7 5 17 5 7 9 17 3 11 8 15 6 13 17 10 7 7 20 5 8 2 2 4 4 10 9 19 10 3 8 11 19 1 18 15 5 18 20 10 11 16 11 18 9 12 8 16 16 2 16 19 1 20 12 1 12 4 13 12 6 2 4 12 4 14 15 5 5 14 4 12 12 8 18 6 1 4 8 1 18 3 14 18 5 13 9 13 12 8 9 3 9 19 14 16 20 4 5 14 2 19 14 14 17 15 19 18 20 3 4 17 2 10 8 2 11 6 19 10 9 1 18 9 5 14 17 13 12 11 3 13 13 7 16 14 5 12 11 13 15 2 1 4 18 4 11 18 4 20 2 11 4 12 20 19 6 12 13 12 3 5 7 9 14 3 9 3 15 3 10 14 18 5 1 20 4 12 10 15 2 16 16 7 3 16 5 10 11 7 10 6 16 2 19
14 9 12 17 12 8 16 4 16 1 8 3 3 15 5 9 16 8 4 7 15 2 14 3 19 5 11 20 1 4 9 19 15 10 16 8 5 1 11 3 5 5 20 8 14 6 6 3 4 16 17 14 4 13 14 3 20 5 4 12 19 3 6 19 12 11 6 19 1 10 6 3 2 20 4 4 5 13 15 2 7 19 13 19 7 5 19 17 18 11 7 7 10 2 4 16 6 20 13 20 6 11 10 4 16 12 19 18 7 9 16 4 5 20 11 4 11 3 16 3 0 5 12 16 12 2 15 20 1 5 8 2 12 20 18 20 7 18 14 8 4 9 15 3 1 15 5 20 18 5 6 1 17 1 8 9 18 1 19 14 14 4 5 2 12 19 9 3 19 20 4 10 9 11 6 1 8 8 5 16 16 16 14 4 10 2 9 4 13 15 19 14 8 4 4 17 9 19 15 20 3 11 8 13 4 6 10 7 6 15 11 20 4 14 15 19 5 20 18 11 3 15 20 19 3 17 2 6 2 16 6 18 8 16 12 11 11 19 14 1 13 4 9 1 14 13 8 3 2 20 18 1 3 13 6 11 3 12 7 14 8 9 19 16 17 13 16 19 18 8 6 9 9 10 15 19 15 14 9 19 5 1 15 17 14 15 20 19 12 15 9 14 20 5 19 14 2 9 2 19 6 3 20 18 16 14 20 13 15 4 10 2 13 16 9 6 4 6 4 4 5 19 4 14 11 19 13 14 14 10 16 13 14 18 8 2 10 18 19 15 16 9 16 20 6 16 6 7 8 12 12 14 14 20 4 13 2 12 7 18 3 2 2 15 19 7 10 9 13 18 17 7 17 4 12 14 8 10 9 10 17 11 18 14 16 6 11 19 19 3 6 19 4 10 9 3 16 8 18 9 10 3 1 15 14 20 3 12 14 14 3 11 10 10 5 17 10 8 11 17 9 8 20 3 15 4 11 1 7 9 14 17 9 20 17 10 3 11 7 18 17 3 10 9 9 15 3 11 7 18 14 8 14 17 5 9 10 17 6 9 19 18 3 8 14 16 2 13 5 19 11 12 3 15 4 6 6 16 6 6 7 10 7 17 8 6 3 11 6 18 16 16 18 5 8 8 19 15 19 1
5 8 7 7 13 6 19 7 15 20 9 13 13 8 17 17 6 7 7 17 19 6 7 16 3 7 18 15 11 2 18 15 8 17 20 3 7 2 15 2 6 7 18 8 19 19 13 11 9 8 2 6 9 9 6 13 6 18 9 9 16 12 14 13 14 12 7 4 4 15 18 1 14 1 3 19 11 11 7 4 16 13 7 1 5 5 11 11 16 5 1 7 1 17 3 11 10 2 4 6 12 6 13 6 17 19 20 5 4 18 15 15 17 4 20 4 5 15 4 10 19 0 17 5 8 18 16 5 17 7 16 4 16 9 12 3 11 20 8 14 8 9 11 16 13 19 6 9 10 6 12 8 15 5 11 2 15 17 13 8 15 2 6 15 13 14 17 12 8 12 16 17 10 1 8 3 19 17 15 5 10 9 18 9 6 2 15 4 19 20 4 2 10 10 10 11 4 6 11 7 11 13 19 9 12 20 13 7 7 6 5 19 18 2 10 1 18 8 13 10 8 12 13 8 15 6 12 18 15 15 19 6 2 14 15 5 15 2 20 2 3 17 20 10 17 18 2 17 11 11 3 6 7 1 8 17 19 7 9 3 1 17 8 8 8 7 12 7 1 17 14 20 1 12 15 1 15 4 9 3 8 9 18 10 13 7 14 13 6 10 6 4 9 16 11 18 3 19 12 15 16 18 1 5 11 10 14 20 17 13 15 20 11 14 9 17 17 7 11 19 19 7 7 1 5 6 9 10 11 19 12 3 4 20 2 7 7 17 2 9 9 5 13 9 12 17 16 13 20 8 15 8 13 12 12 6 1 16 4 19 11 1 5 1 6 11 17 5 15 8 1 3 20 18 12 9 20 9 8 7 11 6 4 5 6 13 7 11 12 17 17 8 8 8 9 14 6 4 12 6 5 17 16 7 9 14 12 15 11 1 4 3 4 1 13 16 20 10 13 5 4 15 18 2 13 18 9 12 1 17 9 1 14 2 3 6 20 14 5 3 17 10 17 17 9 19 9 17 19 5 14 20 7 7 9 1 12 3 5 9 12 2 6 19 6 9 6 9 1 16 4 3 19 6 1 18 1 7 19 16 15 14 1 11 19 14 20 5 11 9 7 6 4 6 20 2 14 4 4 20
17 13 7 1 20 20 11 20 8 12 3 16 19 9 6 5 5 9 5 11 5 17 2 1 15 16 3 3 1 5 8 6 15 15 11 4 16 18 18 3 16 9 18 1 13 15 3 15 10 12 16 2 1 2 2 20 2 10 11 18 20 10 2 19 2 13 4 16 12 8 4 5 20 16 20 1 16 7 19 12 20 7 18 19 13 15 8 13 1 7 10 16 16 7 5 3 16 2 15 5 6 9 18 3 19 9 6 16 4 12 14 13 15 15 6 19 6 11 10 20 7 19 0 4 2 18 19 14 18 9 12 19 20 16 7 19 16 15 18 7 17 13 15 5 4 6 4 16 14 3 11 17 13 20 6 7 19 15 6 1 14 3 11 14 10 8 6 1 18 7 3 18 16 15 10 6 7 6 10 18 15 10 1 3 19 8 16 8 11 10 2 20 4 10 2 18 6 10 5 7 1 6 8 5 6 17 7 4 18 9 2 4 17 17 1 2 3 5 5 19 9 14 15 3 14 13 15 8 8 11 19 16 15 4 5 11 12 19 15 6 7 8 20 16 11 1 15 11 14 18 20 6 20 2 20 5 7 12 9 5 14 1 4 14 13 6 1 14 19 9 1 5 1 3 4 13 6 9 14 17 12 3 19 15 19 13 13 6 15 14 8 17 2 1 2 16 1 20 20 7 4 10 10 2 15 1 6 6 2 18 12 12 1 20 20 1 16 10 18 7 14 18 3 15 16 2 18 8 13 20 6 13 2 4 10 3 2 8 16 8 1 15 19 18 3 4 1 12 4 4 9 2 19 12 19 15 15 7 11 9 9 2 19 15 13 13 2 10 9 7 17 12 12 9 20 4 9 13 4 18 1 5 7 7 18 12 12 16 13 5 7 18 16 14 1 6 5 4 13 17 12 14 13 11 18 12 16 11 16 5 5 20 9 12 4 17 12 3 17 14 20 19 2 10 8 12 1 16 6 3 6 16 10 20 16 16 18 1 8 9 8 11 19 18 10 20 14 1 4 2 15 2 6 20 6 7 16 14 3 15 16 10 19 10 11 14 5 13 20 16 10 4 7 11 20 6 19 13 15 8 17 4 4 9 4 18 6 9 18 15 16 4 13 14 5 20 14 19 7 15
2 10 11 18 6 7 13 2 15 17 5 4 17 4 8 11 6 8 4 7 7 10 18 16 10 6 2 17 9 1 6 18 14 12 5 12 15 12 14 8 19 1 10 1 8 3 9 14 4 15 17 5 16 1 13 4 1 1 12 7 8 3 17 1 14 7 13 6 5 11 9 16 16 5 15 7 4 19 4 20 18 13 4 12 18 12 6 2 1 1 14 12 8 12 11 3 16 9 9 6 8 9 1 9 10 20 18 11 4 15 7 6 19 8 3 11 4 2 13 3 16 6 4 0 18 17 2 20 3 10 19 10 20 13 20 3 7 5 14 20 20 19 13 15 2 18 5 13 8 11 15 15 2 8 13 1 15 14 2 14 13 14 9 8 7 4 13 1 15 7 3 1 11 9 5 19 18 5 5 4 6 14 3 4 14 6 15 16 12 4 15 8 4 11 5 9 11 17 3 9 2 2 3 1 11 19 14 7 8 20 7 11 13 11 9 12 14 17 7 19 3 17 13 12 17 16 10 4 16 16 8 12 12 1 12 16 17 2 9 2 8 3 3 6 17 10 2 7 20 11 12 11 10 20 11 3 6 19 2 20 9 6 3 4 7 15 19 18 12 3 16 14 9 18 3 2 4 4 15 6 18 5 1 9 3 16 12 4 18 2 18 3 12 11 16 19 16 9 17 3 11 4 18 3 11 20 6 12 14 18 16 7 11 19 10 20 14 14 17 8 15 9 17 19 15 4 12 15 19 7 4 5 19 11 1 15 5 2 14 10 5 7 8 11 12 1 17 11 19 9 13 7 17 4 5 15 15 15 4 5 3 14 20 20 6 2 11 10 1 6 17 16 8 3 18 16 18 1 6 3 3 20 16 7 19 6 6 9 11 2 18 13 8 19 10 6 16 3 6 7 7 18 18 9 11 13 8 19 3 1 11 8 5 7 12 1 18 15 1 17 8 12 1 1 13 2 10 5 18 16 14 7 10 15 6 16 6 2 20 15 3 19 20 16 1 10 9 4 5 18 13 2 1 13 10 9 18 2 4 15 17 10 14 15 10 12 10 13 13 2 4 20 6 5 3 19 10 13 15 19 11 14 18 12 18 3 8 12 19 11 16 8 13 7 10 15 12 4 13 11
18 19 12 17 6 15 17 9 10 2 9 1 19 7 4 4 4 4 11 3 3 4 14 11 16 14 17 15 6 5 10 9 10 5 10 12 8 12 18 14 18 11 1 14 19 9 17 1 15 9 7 3 14 7 15 20 5 19 20 13 8 4 18 7 19 3 14 14 13 15 13 18 4 6 13 12 5 13 16 13 4 7 12 7 8 7 2 4 16 8 4 5 6 8 16 3 15 3 7 4 3 15 15 14 5 13 2 12 11 5 13 18 11 14 9 20 14 14 14 11 14 7 2 10 0 5 18 16 2 10 20 6 20 19 12 4 6 10 13 20 5 11 13 19 9 3 7 15 11 3 14 18 12 16 8 5 2 3 4 5 19 16 1 2 1 12 10 19 16 15 12 2 20 2 12 17 14 14 8 11 12 2 1 2 11 4 15 17 17 13 3 1 4 8 1 13 8 4 4 4 13 17 15 10 10 14 17 12 7 1 1 5 6 11 13 16 15 16 15 9 11 4 2 20 19 3 19 15 7 2 9 12 5 14 8 18 15 2 12 18 13 15 1 10 14 11 2 9 8 3 10 4 13 5 8 1 20 16 16 5 14 20 3 1 19 14 8 10 18 8 18 7 4 19 20 3 16 7 18 16 6 7 20 1 10 18 3 12 11 20 9 7 8 8 17 8 11 6 10 20 19 10 14 6 5 11 20 15 1 10 12 3 7 6 9 6 8 4 8 10 5 10 14 5 4 2 1 6 5 5 4 11 10 12 8 14 13 2 3 2 18 16 8 1 20 4 10 15 4 1 9 19 10 8 13 5 8 4 8 20 3 15 10 17 13 14 14 19 12 13 3 15 2 15 19 4 9 1 5 7 3 18 1 6 15 8 9 16 11 10 10 16 15 3 19 3 19 10 4 7 19 1 3 9 2 7 19 19 2 15 6 8 14 7 17 4 2 2 8 16 19 3 9 6 7 2 18 18 14 9 17 20 2 4 11 2 1 20 13 5 12 17 5 11 12 3 12 7 12 5 5 16 13 17 10 2 13 18 4 19 5 16 11 16 16 4 15 4 10 13 18 8 10 10 7 12 14 4 2 20 6 9 8 15 7 1 13 11 11 18 6 9 1 7 3 8 10 5 9 12
11 12 7 12 9 15 8 16 7 9 13 19 1 2 16 17 6 16 19 18 15 16 10 2 4 3 20 4 11 8 18 2 6 15 3 6 15 6 17 13 4 6 19 2 13 9 9 13 3 4 7 1 17 14 8 12 1 1 1 19 20 2 17 16 1 7 15 7 4 18 8 1 14 12 5 2 5 14 13 18 16 15 13 4 9 14 10 9 10 4 2 20 20 13 13 19 14 20 11 15 5 18 1 9 8 15 14 5 4 7 14 17 3 19 7 14 4 1 14 2 15 6 7 11 4 0 19 4 2 13 19 13 3 15 10 9 17 9 16 13 1 16 20 10 20 2 20 17 14 20 1 16 10 18 12 3 2 1 3 19 17 3 4 19 14 1 6 15 10 6 7 7 2 19 19 16 18 14 5 1 9 15 4 11 10 8 3 9 8 5 16 19 8 12 4 20 1 15 10 19 1 20 16 4 14 4 3 1 13 2 19 12 5 11 2 9 8 19 13 9 2 1 13 20 20 4 14 8 19 4 19 10 20 16 1 1 11 1 19 8 1 1 1 1 11 6 19 2 11 1 14 20 11 7 3 7 9 20 12 12 13 7 17 19 3 2 18 16 8 16 6 4 13 18 15 3 2 6 19 2 7 6 7 10 12 8 8 4 5 1 8 5 11 5 13 11 18 6 7 20 6 12 8 6 13 1 19 5 3 5 9 20 3 5 20 19 10 1 19 5 13 8 17 13 4 7 19 18 6 6 16 6 12 5 5 6 9 13 5 19 17 14 18 18 11 3 9 16 8 14 14 4 4 6 19 10 19 9 16 11 18 13 11 4 13 4 9 3 2 14 15 11 3 11 12 3 17 13 1 3 4 14 7 14 18 3 18 18 14 2 12 9 19 3 2 19 7 7 6 14 4 15 18 10 8 19 19 3 11 17 11 18 2 6 7 15 9 13 2 13 13 19 15 1 8 14 20 14 7 14 4 17 3 1 16 14 18 16 17 17 13 7 14 14 14 15 16 2 3 13 12 11 9 13 20 9 17 7 17 2 9 14 16 4 2 8 7 12 11 6 12 14 19 19 12 13 11 17 12 8 20 17 3 18 10 10 1 6 6 13 20 3 5 8 7 11 10 20 2 19
5 5 8 15 4 16 11 6 6 5 10 19 6 2 2 10 16 6 6 15 17 4 1 17 11 2 14 18 4 4 19 10 13 7 8 4 14 16 7 17 14 20 16 16 13 10 18 5 18 6 9 13 10 7 5 3 9 5 8 10 20 5 9 10 16 14 18 20 5 19 6 1 4 11 11 11 19 4 8 5 4 8 12 20 15 10 15 9 18 14 2 15 17 12 17 13 9 20 17 9 12 20 15 6 15 7 3 16 14 10 12 2 13 13 12 4 4 12 6 12 12 5 12 11 20 1 0 18 18 4 4 15 8 14 10 8 8 1 17 8 11 4 11 16 7 18 19 8 16 7 17 1 20 14 4 14 6 10 15 5 5 1 18 7 12 6 18 18 1 6 15 6 6 7 17 12 8 6 19 18 13 11 6 16 7 14 11 6 3 6 15 19 7 10 6 17 9 12 4 5 12 5 11 14 14 16 20 3 20 14 3 9 10 9 15 3 12 10 6 1 6 4 19 7 17 3 5 12 6 4 15 17 9 17 15 15 1 7 2 20 9 20 9 8 16 3 15 9 5 5 15 1 19 3 1 2 6 9 17 5 8 11 3 12 10 6 12 17 18 1 14 13 8 3 19 11 11 15 1 1 11 12 10 18 14 7 9 18 1 5 11 11 4 7 5 13 2 12 20 3 16 8 9 12 18 5 1 8 12 2 10 17 12 11 13 9 11 1 4 1 20 11 1 3 17 19 6 3 17 17 1 11 8 6 16 20 16 17 8 13 6 15 16 20 8 14 4 16 11 9 8 14 17 7 6 16 18 6 3 20 13 2 11 11 18 15 19 7 15 6 1 5 11 6 5 11 13 2 7 12 15 10 6 8 10 4 9 15 3 17 11 1 3 10 11 5 19 1 5 7 10 1 16 16 4 4 12 11 2 7 17 4 18 5 1 7 13 8 20 4 17 16 12 8 4 16 17 10 4 18 13 20 10 3 5 1 14 13 13 19 20 1 3 8 14 20 7 13 17 18 4 3 2 19 8 11 14 14 2 4 19 8 17 2 13 8 15 15 16 14 5 18 19 9 17 13 16 12 11 10 19 18 8 5 2 15 20 6 2 1 8 3 15 18 4 16 18 12 2 6
11 12 1 1 14 7 5 3 5 14 15 1 17 11 2 15 1 3 10 10 7 15 15 13 18 16 19 14 7 11 2 18 17 5 11 14 5 12 7 15 18 1 18 13 6 17 9 12 7 3 18 4 1 20 4 11 3 2 15 20 4 18 16 1 13 9 10 5 5 19 15 6 19 3 13 6 4 20 6 3 7 12 16 18 19 13 7 20 8 19 19 12 11 8 17 5 13 20 17 17 5 15 8 2 1 15 2 17 11 5 12 13 5 19 17 19 13 1 13 2 14 7 14 10 18 4 2 0 5 15 17 8 16 6 13 17 14 4 2 17 15 10 17 13 2 18 18 3 1 4 14 16 20 1 4 6 9 10 18 9 20 14 2 3 17 3 20 16 15 13 16 3 10 14 16 6 14 15 8 9 7 12 2 2 8 1 11 1 18 12 3 4 5 9 15 11 9 19 5 5 13 15 11 4 13 3 19 1 20 14 6 17 5 13 15 3 20 17 12 8 12 2 13 10 14 10 17 5 2 6 11 17 15 16 12 19 10 10 15 17 16 6 2 18 17 19 3 18 10 16 3 14 15 5 8 6 4 20 4 3 7 8 6 12 7 6 4 6 9 17 7 15 14 7 9 3 2 12 16 11 1 19 11 17 8 7 17 12 1 4 14 2 16 6 3 1 19 7 20 6 11 12 17 20 15 20 5 5 14 6 17 13 16 17 19 3 10 11 19 17 16 4 17 1 20 18 9 7 4 7 3 2 11 8 17 15 14 3 2 12 3 3 14 15 2 8 2 6 9 1 14 14 7 13 19 1 1 2 7 10 12 20 4 9 9 11 18 9 4 20 1 7 9 12 12 18 13 13 1 16 1 5 7 6 4 10 1 20 1 4 7 13 2 5 8 13 16 12 18 8 19 19 19 9 8 8 13 6 11 20 19 17 12 5 2 5 12 3 16 19 15 11 10 6 3 19 9 20 10 17 9 10 16 17 16 10 12 13 17 11 14 16 10 18 7 12 19 6 10 14 19 10 19 11 7 11 6 20 6 10 10 18 2 20 17 17 13 14 9 14 9 10 19 9 1 8 16 15 1 9 17 18 4 20 3 10 17 6 18 7 8 2 3 14 4 15 9 18 13 20
15 10 2 1 9 4 10 3 14 17 12 18 3 16 16 7 2 11 9 20 4 20 7 14 7 19 3 2 7 20 7 17 10 19 7 3 3 5 4 18 3 8 19 10 16 4 8 9 12 14 5 12 8 17 11 3 2 13 11 20 7 7 9 17 2 1 19 10 20 19 20 5 12 19 17 9 5 3 15 3 19 13 6 14 6 19 9 14 7 3 3 19 20 2 15 19 7 17 13 14 17 4 18 16 8 20 12 12 3 1 11 2 3 3 1 18 14 8 1 17 19 2 4 9 12 3 15 12 0 5 8 15 14 13 12 5 18 15 3 13 9 6 3 13 12 1 15 19 1 16 8 14 6 19 20 7 19 12 9 12 18 9 19 2 12 14 2 14 20 20 19 18 13 13 13 4 8 18 2 6 3 18 7 1 1 13 7 11 20 15 7 6 11 9 9 10 2 17 6 17 6 15 12 12 16 10 17 8 2 8 17 16 11 13 18 2 15 6 13 15 17 10 8 11 8 5 14 18 16 14 5 3 1 18 12 17 9 13 4 1 7 6 10 2 1 20 12 11 20 15 5 12 6 19 12 11 11 13 11 18 10 11 20 2 19 16 16 13 8 7 5 3 1 5 4 14 8 19 4 10 10 15 6 20 9 5 12 7 20 20 3 19 10 13 18 5 2 2 19 13 3 20 4 4 4 20 18 11 1 19 1 5 10 8 19 19 12 11 12 15 17 6 14 4 5 17 2 20 16 4 17 9 11 13 16 13 11 19 20 6 11 1 11 10 15 14 9 2 2 18 17 2 4 14 14 15 11 1 11 15 13 18 2 8 8 8 12 12 1 3 1 14 3 7 17 12 19 10 1 11 20 4 7 6 17 17 16 12 16 10 5 8 11 1 15 8 3 14 13 3 9 16 2 1 10 7 4 10 1 15 16 10 18 16 8 10 7 12 19 2 2 14 17 7 10 7 2 13 9 4 12 7 18 11 20 20 20 5 11 10 15 6 7 4 13 1 18 13 18 9 14 13 16 16 6 6 11 9 16 14 8 4 11 18 15 6 15 4 18 2 10 9 8 12 6 8 18 17 10 1 20 19 6 9 1 8 2 10 9 5 11 11 14 16 10 12 6 9 4 8
7 14 14 3 14 1 15 16 16 3 14 16 14 18 7 15 4 3 20 20 18 5 2 20 12 16 3 12 8 15 17 10 11 14 14 13 16 19 2 8 15 12 6 18 20 16 13 9 10 9 17 8 20 1 2 14 12 10 11 13 15 17 15 3 19 12 9 8 18 5 4 6 10 4 18 8 9 15 10 11 4 8 4 16 13 4 9 17 16 19 3 2 14 5 8 2 16 13 1 7 2 5 7 19 3 11 11 5 10 12 1 1 9 1 3 17 1 9 16 2 10 19 20 20 6 4 1 1 10 0 6 9 2 3 4 20 18 9 20 11 3 8 16 11 2 3 17 13 1 20 2 9 14 17 11 2 17 1 1 3 20 4 18 3 2 6 3 6 6 13 15 5 17 13 5 10 11 12 12 13 18 4 7 12 18 13 10 13 17 20 12 4 9 1 2 2 15 1 12 16 16 3 9 9 13 7 18 4 6 8 15 13 12 7 11 14 6 3 14 12 20 17 12 19 16 1 15 9 3 7 1 4 3 2 4 8 13 9 6 18 18 2 13 14 13 7 12 17 5 11 20 8 12 7 10 7 17 14 7 11 4 9 20 5 4 2 8 2 13 7 3 12 10 15 18 13 7 16 3 11 9 2 8 13 12 2 3 13 13 19 20 19 20 15 20 11 14 8 20 17 12 7 5 11 20 11 9 12 4 15 4 18 16 6 16 8 4 11 14 5 1 8 6 10 14 12 14 2 18 20 17 10 12 12 17 14 12 10 16 14 4 8 8 2 14 14 3 6 12 7 4 18 9 15 16 15 6 6 4 19 17 18 10 19 4 12 6 7 5 14 6 16 4 14 1 17 13 1 17 4 3 12 17 17 19 7 9 19 18 16 14 18 20 14 3 20 3 12 3 19 8 20 4 4 18 2 15 11 18 11 17 13 6 6 1 4 20 9 6 17 3 13 7 13 6 14 5 18 16 17 14 20 6 6 5 8 17 5 3 4 15 10 16 4 4 2 2 18 13 15 7 16 12 19 12 10 12 4 3 16 10 20 10 14 14 2 6 20 5 15 7 13 14 2 6 3 9 5 17 13 20 17 13 18 10 19 9 11 13 12 11 18 15 4 12 16 2 19 18 8
8 17 2 2 11 8 4 4 6 11 7 16 14 14 10 10 12 19 5 5 11 12 19 15 9 7 15 16 5 5 10 15 15 11 20 9 10 10 14 8 4 11 8 17 1 7 20 12 11 19 8 20 15 19 3 5 7 10 15 15 13 4 4 19 15 20 2 2 20 10 20 11 12 8 4 20 4 12 12 8 7 3 13 10 10 10 13 19 15 3 13 16 14 14 10 15 3 20 19 15 17 10 14 13 9 16 17 15 14 10 15 12 5 11 5 2 8 19 12 15 8 8 1 5 18 6 20 20 20 19 0 16 19 3 2 20 11 19 14 3 20 1 15 10 15 2 3 6 8 13 11 10 2 7 5 1 20 18 16 1 6 17 11 15 16 7 13 11 18 4 13 5 20 18 10 18 1 8 8 6 7 3 16 5 10 19 3 15 6 20 19 19 16 4 6 16 12 17 10 13 10 18 10 4 18 12 17 13 9 4 20 14 15 4 10 6 15 2 17 9 2 10 5 3 12 11 1 19 10 4 4 13 19 2 1 9 3 10 17 19 4 20 7 9 19 6 4 20 19 13 14 1 6 7 2 16 13 6 15 12 4 6 16 1 20 15 15 11 6 20 10 14 9 17 20 17 18 9 4 17 12 11 10 16 9 11 17 9 10 10 18 12 19 12 3 7 3 4 19 18 10 5 12 5 19 17 12 16 12 1 5 5 2 11 17 3 7 3 7 9 12 15 19 7 7 2 3 11 10 9 1 7 11 1 1 16 17 13 20 4 17 12 2 17 8 11 10 19 15 5 12 14 17 18 5 7 2 3 18 16 20 14 7 17 10 5 10 16 4 18 4 20 15 10 7 10 4 8 18 10 6 15 1 16 11 12 13 19 1 13 18 15 7 5 4 8 17 8 15 20 16 2 5 20 12 20 19 9 17 12 17 12 1 11 8 9 5 19 13 3 8 12 19 15 12 3 13 12 14 11 2 12 20 18 6 17 17 3 14 7 5 8 2 2 8 19 8 3 7 16 1 3 6 8 3 12 19 5 4 3 15 10 5 12 11 20 1 1 20 10 1 18 4 16 3 17 11 17 8 6 4 13 13 10 12 2 17 10 12 2 20 17 17 2 9 7 12 8 11 19
3 6 1 9 16 3 11 5 2 8 10 1 16 15 5 6 19 20 4 12 20 1 2 2 9 7 11 19 6 13 11 5 5 15 13 11 7 13 14 10 5 8 14 14 11 3 18 17 3 5 4 1 5 1 7 19 5 6 20 4 17 11 15 1 18 1 7 5 12 8 1 11 5 15 9 20 12 8 4 19 12 6 4 17 17 10 15 6 4 9 4 10 8 18 19 8 2 18 8 7 4 12 14 3 1 7 14 6 11 3 2 12 9 3 13 4 18 15 2 8 4 10 12 11 15 2 9 6 14 10 16 0 17 17 5 14 16 16 11 14 5 20 9 16 4 8 3 12 10 3 2 8 16 13 6 20 6 18 16 5 3 16 2 8 10 3 6 19 10 4 20 15 17 2 4 13 5 3 5 3 14 17 17 6 3 2 17 16 2 17 6 5 16 16 4 2 2 14 14 17 6 10 12 15 8 3 15 12 13 3 6 7 16 6 1 13 4 20 2 4 6 12 13 17 3 9 19 15 20 6 5 15 16 10 4 9 11 4 1 14 1 10 3 19 20 1 16 3 9 7 4 18 15 20 16 3 20 15 8 17 20 17 19 8 8 12 9 4 11 15 12 14 20 9 5 15 13 17 10 2 11 7 5 19 1 1 14 6 19 11 8 19 2 15 15 11 4 15 13 14 1 16 7 11 16 14 3 11 17 14 2 20 20 17 4 12 2 17 18 11 7 3 12 20 19 19 10 4 18 19 14 18 20 18 2 9 12 7 11 1 13 8 17 5 15 14 17 4 2 12 5 8 20 4 7 9 13 2 15 15 16 15 13 6 18 3 16 14 4 8 13 6 13 13 3 16 6 8 18 6 9 9 5 4 16 9 2 19 20 11 7 12 7 20 13 19 11 12 16 18 9 10 4 17 6 8 10 8 1 9 18 7 18 11 4 16 20 20 9 3 17 16 15 15 19 16 10 8 4 3 19 1 1 20 3 15 4 18 19 15 16 9 17 18 17 18 10 17 16 5 18 14 10 13 7 18 12 7 6 15 13 16 13 13 10 10 6 15 13 9 18 19 13 3 4 16 2 16 18 5 12 8 2 12 14 18 8 10 13 18 19 11 17 8 5 17 5 9 19 20
8 16 15 7 12 15 10 7 12 10 10 2 2 20 2 6 13 4 20 1 9 1 7 9 10 11 16 5 13 13 17 9 5 8 3 2 16 13 19 1 3 13 4 4 8 11 15 13 2 20 17 10 16 6 19 17 15 8 12 13 12 10 9 1 4 14 6 1 12 14 11 18 15 5 15 7 13 1 11 9 14 5 7 20 12 17 5 19 20 9 2 5 18 2 12 15 13 18 4 7 7 5 16 16 12 1 4 13 10 11 8 7 1 9 4 9 1 11 12 18 10 13 2 20 1 9 11 8 9 6 11 20 0 17 20 6 8 6 13 3 14 19 1 6 17 19 19 2 15 15 15 4 8 8 4 14 1 1 16 9 12 10 7 6 20 5 8 6 1 16 2 10 18 20 9 4 3 17 18 1 9 6 17 13 8 10 11 18 5 3 14 17 1 19 2 6 15 17 6 5 9 7 9 12 9 20 4 1 6 2 6 1 16 2 17 15 5 13 13 2 19 14 11 1 6 12 13 14 17 1 13 10 6 11 9 20 19 19 8 1 18 11 8 1 14 16 6 20 14 13 6 13 8 18 14 3 11 5 13 17 15 1 17 18 20 10 13 9 12 19 8 19 15 2 7 5 14 2 16 3 12 4 14 7 14 11 7 20 18 15 9 7 12 13 16 13 6 1 19 14 6 13 4 10 18 12 7 5 16 7 10 14 10 9 18 19 16 2 16 15 16 15 2 13 4 13 20 1 15 5 14 17 16 1 9 13 17 9 8 9 9 19 12 10 20 3 10 15 5 4 1 5 10 5 19 20 13 1 5 2 17 14 10 20 18 6 9 5 15 7 8 19 9 16 9 14 15 16 3 20 1 12 8 12 5 9 6 3 12 6 19 11 20 14 20 16 12 11 8 2 11 13 8 17 18 15 6 6 5 4 3 14 1 14 1 2 10 1 1 6 5 6 17 1 20 3 11 14 11 15 3 18 19 7 11 14 9 4 13 9 19 11 12 6 10 10 19 13 17 19 2 15 5 4 5 3 2 19 4 16 14 4 1 12 10 9 10 18 17 19 15 1 6 13 19 10 15 14 7 12 17 20 5 5 18 16 8 4 8 16 15 6 10 18 8 20 19 20 4 3
8 13 15 3 12 2 9 18 3 10 18 20 7 8 9 12 2 12 9 19 12 10 2 8 5 11 20 6 1 3 14 7 18 14 19 12 11 15 1 17 15 6 1 12 12 5 15 4 1 11 20 12 6 10 13 2 7 8 2 20 18 15 7 7 7 6 20 2 19 7 18 16 17 10 9 19 18 14 18 9 20 6 18 6 16 7 2 19 12 17 6 19 18 13 18 1 6 11 3 1 11 1 8 10 15 11 9 10 1 13 9 16 7 11 20 1 8 4 2 17 20 12 4 6 10 4 7 1 10 14 16 15 12 0 15 19 3 4 9 7 8 7 12 14 11 14 15 15 1 18 13 17 3 4 12 12 15 12 13 5 14 7 13 14 18 2 9 7 5 1 15 19 9 19 9 15 18 20 17 16 7 14 7 7 9 16 10 1 2 3 9 12 5 16 13 11 11 3 20 2 3 14 13 5 14 12 10 8 15 9 5 3 18 4 8 3 1 17 17 17 7 19 16 19 5 11 3 8 6 4 11 10 15 2 8 14 3 15 16 16 7 14 17 1 3 4 1 14 1 11 17 20 5 14 11 7 4 5 2 1 6 20 5 13 11 9 9 3 11 3 12 19 12 13 12 11 2 12 2 3 5 6 5 3 13 12 3 19 9 17 1 6 11 3 3 10 12 7 13 2 13 7 10 17 20 10 8 14 11 1 15 6 9 17 12 5 10 16 18 8 16 5 7 3 14 19 3 7 1 5 2 6 19 17 15 3 4 14 19 11 17 7 13 13 7 8 9 6 12 15 11 4 6 20 19 17 19 8 12 2 13 17 20 16 8 10 4 7 20 7 3 6 15 14 6 8 17 1 13 1 4 8 3 2 15 10 13 20 14 20 19 6 2 8 11 14 12 3 11 14 6 16 8 1 19 20 3 13 13 16 8 6 8 12 4 6 8 16 2 13 8 8 2 4 17 11 11 6 18 18 16 14 5 4 2 20 10 17 19 16 12 13 5 13 8 17 11 8 18 7 17 6 2 14 19 20 12 9 6 12 14 5 2 7 20 10 17 17 13 12 3 9 15 4 2 16 9 19 17 1 16 5 6 6 6 17 8 2 1 16 5 19 5 9 13 20 13 12 17 19
14 4 4 5 16 1 7 3 15 3 12 16 17 8 14 6 13 20 13 18 14 1 14 2 13 15 17 5 1 1 14 6 10 7 3 10 12 6 11 10 10 1 3 14 5 15 7 16 15 5 15 6 9 1 18 9 2 9 20 11 4 15 12 14 3 6 18 16 2 17 10 5 16 16 13 15 11 9 20 2 16 5 17 10 17 6 12 8 13 8 4 1 9 1 16 10 9 20 12 7 10 11 19 2 13 5 11 3 19 19 18 13 16 16 18 11 6 19 5 17 10 6 19 15 5 1 4 13 10 16 11 10 3 3 0 7 11 3 20 11 19 9 19 1 16 6 9 10 15 15 16 17 7 6 4 12 15 8 12 7 3 5 5 8 2 19 15 8 11 11 12 14 3 20 16 9 16 19 10 11 16 19 15 10 17 13 16 4 6 20 7 17 20 12 19 7 1 10 12 18 17 10 9 17 10 1 10 18 16 9 3 11 5 5 18 7 5 4 11 5 6 13 13 6 2 11 1 6 20 19 9 3 7 7 3 6 8 2 8 5 20 6 8 7 15 11 14 2 5 11 14 5 4 9 4 16 7 15 2 7 18 17 5 17 20 15 12 6 1 8 20 6 1 9 1 11 13 13 1 13 18 9 6 12 17 3 3 16 18 5 8 10 13 2 6 3 11 1 18 7 11 12 8 8 1 11 19 17 6 11 20 16 13 3 3 1 18 19 5 9 7 20 6 7 1 13 10 8 6 5 19 12 7 18 13 17 7 14 1 16 17 11 14 16 12 20 17 19 2 16 12 20 13 15 15 10 13 18 19 10 1 13 5 12 7 3 5 9 12 12 2 3 11 3 11 4 7 13 18 8 20 5 17 9 3 18 13 17 5 6 20 14 20 6 15 17 4 8 18 4 3 15 1 7 1 8 13 20 8 16 2 8 7 14 15 11 2 18 19 13 5 18 2 2 10 11 13 1 8 5 6 7 15 17 12 11 18 3 18 16 17 2 19 4 12 20 20 13 3 17 20 12 1 9 5 14 5 4 10 2 13 8 6 15 1 8 16 19 1 19 10 7 15 5 10 3 13 20 10 20 3 18 11 18 20 13 11 12 8 17 19 15 15 19 12 19 4 9 14 5
18 18 4 17 19 13 15 7 18 17 2 13 2 18 20 9 16 16 6 11 8 6 8 12 3 1 7 2 20 15 13 16 2 14 8 15 14 6 17 18 2 14 18 6 18 3 13 12 3 7 2 1 9 18 10 20 16 18 16 16 15 5 5 14 12 7 11 13 18 18 16 17 11 13 16 14 12 19 5 19 5 4 14 6 17 4 12 16 2 12 6 2 17 13 3 19 7 13 9 15 18 4 15 11 14 16 2 11 16 2 12 1 14 18 17 1 2 6 9 8 3 2 11 10 4 2 16 20 14 20 1 3 10 12 6 0 6 6 10 1 9 8 6 15 1 9 12 18 11 10 10 2 11 17 1 2 1 17 12 11 6 8 4 8 2 18 1 11 15 11 13 8 4 16 10 16 9 1 6 4 17 2 10 6 18 3 11 6 1 10 4 12 19 14 18 11 20 18 19 14 11 5 13 16 12 3 16 14 19 19 13 8 7 10 13 1 9 8 9 19 12 17 2 13 5 15 6 11 18 6 6 8 4 5 4 7 5 6 12 11 13 17 19 6 10 3 9 8 12 5 12 8 18 9 9 19 20 3 2 18 6 11 9 18 19 6 16 16 17 13 1 16 15 14 10 9 7 6 20 5 7 16 3 6 6 3 11 1 18 14 13 20 8 3 6 10 4 8 14 3 14 10 16 15 10 11 11 3 10 19 8 12 1 18 11 1 9 14 18 9 13 2 13 20 17 18 8 6 8 15 6 1 19 5 4 3 10 16 18 8 9 16 9 8 12 2 15 3 15 19 9 3 19 5 1 13 13 17 16 8 17 20 6 17 16 5 13 20 7 17 3 12 5 14 6 13 14 1 17 11 10 16 3 1 2 18 2 20 7 3 20 16 20 16 6 13 9 7 15 20 19 5 4 17 17 10 6 15 7 1 4 18 6 2 3 15 5 3 9 3 14 14 15 7 13 1 2 4 20 15 14 14 1 6 19 5 6 16 4 20 10 3 9 15 14 11 5 4 15 12 18 9 5 9 7 20 20 3 4 10 8 1 19 6 10 4 20 13 6 3 9 20 14 2 2 12 6 16 6 10 9 15 7 9 5 12 2 14 4 19 7 9 17 14 4 9 11 6 10 3
2 15 7 9 5 17 17 20 5 8 10 20 16 14 20 12 15 9 2 13 13 19 7 3 18 5 1 18 13 6 7 10 19 15 20 11 10 17 6 2 20 9 5 6 14 19 13 11 16 8 8 6 8 12 9 4 8 3 15 15 4 9 14 2 10 4 7 16 1 14 1 7 16 1 17 20 16 17 8 9 20 12 7 17 1 1 18 18 1 14 8 3 4 12 12 5 3 11 2 3 6 5 2 7 14 13 3 5 3 14 18 9 1 7 7 15 5 12 12 7 14 8 5 15 9 8 1 10 7 13 6 15 20 3 6 6 0 16 8 8 6 5 5 9 5 14 17 17 8 12 8 4 14 14 9 9 2 20 20 6 18 8 6 1 19 13 9 7 14 2 15 7 3 8 19 19 9 2 1 18 3 9 2 8 17 1 3 6 9 13 5 19 10 7 20 3 13 8 7 8 1 18 16 1 8 17 10 20 8 1 6 12 1 13 13 13 8 4 4 2 15 9 5 2 19 17 3 4 16 1 18 13 18 12 4 7 2 20 20 11 4 3 7 18 11 3 7 18 13 20 19 15 1 19 17 9 16 13 14 1 16 5 8 13 15 17 11 13 6 4 11 16 15 14 3 11 10 14 5 8 16 13 11 2 3 20 14 3 17 3 9 1 8 20 4 20 12 7 3 1 13 10 17 17 6 14 18 9 15 20 13 4 10 10 19 10 14 15 13 2 19 4 20 2 13 9 16 10 18 11 2 5 11 11 13 7 18 12 17 19 2 2 16 7 10 18 18 8 1 13 4 2 17 10 2 13 14 5 4 2 9 5 7 6 14 13 5 15 11 3 18 13 13 2 14 18 19 4 3 8 1 19 11 9 9 14 20 9 10 3 17 4 10 13 16 4 1 4 18 4 3 15 4 11 4 6 16 5 2 6 7 4 15 20 5 2 14 5 15 3 7 16 17 17 2 20 5 17 14 11 18 15 18 2 3 12 13 12 13 17 5 1 18 17 16 9 5 6 5 5 17 19 8 18 15 18 13 8 5 7 10 6 6 19 8 10 13 9 4 14 4 12 12 2 11 3 11 13 17 14 19 4 18 13 3 1 3 15 19 20 18 2 2 9 12 1 12 13 8 18
17 4 20 1 13 18 14 10 9 18 6 3 3 17 7 9 5 8 2 2 13 2 4 18 16 14 15 13 11 17 17 20 1 10 14 20 17 3 9 19 17 7 14 15 1 16 11 2 5 2 1 3 10 11 8 11 12 14 9 8 3 4 16 4 8 16 6 15 3 9 11 12 9 4 13 15 17 13 14 6 15 12 13 3 1 1 8 12 12 5 2 9 5 10 10 13 6 7 15 1 8 19 18 3 18 3 16 5 6 1 3 17 20 12 20 15 11 14 3 13 9 10 6 13 17 11 19 17 14 3 14 14 6 15 5 19 14 0 17 2 14 13 13 15 12 19 15 3 6 3 2 10 19 10 8 19 14 11 7 12 3 12 15 12 4 4 2 5 8 18 20 13 8 11 11 16 20 5 17 18 17 14 14 20 8 10 5 20 3 7 14 19 10 15 3 9 9 3 15 19 6 12 7 4 18 19 15 7 4 19 9 15 17 9 20 2 9 12 8 6 11 2 16 6 5 17 10 12 5 8 7 2 4 5 6 18 16 6 8 1 7 4 11 18 14 20 19 2 8 4 9 7 13 18 3 17 12 10 7 19 3 2 13 4 18 16 16 2 13 20 9 18 6 19 9 16 8 8 4 15 10 9 3 10 10 3 19 2 7 7 5 1 2 14 13 20 2 19 5 8 17 9 14 15 8 13 18 4 5 13 19 19 8 20 17 4 5 3 10 16 1 10 9 6 10 2 2 7 12 7 8 16 16 14 17 11 14 11 9 3 15 5 15 11 6 15 14 9 10 3 5 4 8 10 3 17 10 11 11 17 12 5 2 19 2 17 10 8 20 20 2 12 14 15 2 15 16 9 6 18 18 7 17 17 3 13 9 20 2 14 11 20 14 16 9 20 1 1 13 15 7 11 3 3 10 3 9 15 15 6 14 8 1 4 5 12 9 15 9 3 15 9 14 17 7 7 17 5 4 19 4 14 8 19 20 11 12 16 7 8 13 15 7 13 15 20 10 17 3 3 16 5 15 4 10 5 7 5 18 14 14 6 17 20 9 6 2 5 12 16 2 6 5 11 20 16 4 18 11 5 19 2 3 7 9 15 4 16 8 12 10 18 19 2 15 16 20 14 17 19
10 6 15 19 18 7 19 10 7 8 3 17 6 12 11 7 20 11 12 13 5 20 5 16 16 7 5 17 5 3 7 17 5 18 8 11 19 6 18 19 4 18 18 14 14 4 18 1 2 6 11 1 9 1 4 15 18 18 10 19 12 20 6 13 12 13 11 15 19 3 11 17 10 4 7 16 2 3 5 10 11 6 14 7 13 18 2 8 13 13 9 14 15 12 11 6 5 6 7 3 18 19 14 16 14 5 17 17 10 8 12 3 19 18 10 14 2 17 13 17 2 4 15 19 4 5 11 14 17 5 19 9 20 13 8 13 2 11 0 18 19 2 7 18 19 19 17 5 10 14 11 4 15 20 15 16 19 4 10 5 7 4 8 4 18 14 11 4 1 10 1 18 1 19 5 1 2 2 2 3 1 6 7 8 5 1 13 18 10 11 17 11 6 14 3 6 6 17 16 5 11 10 18 20 1 5 17 14 2 17 9 14 7 19 1 18 19 15 4 5 11 10 8 13 15 5 20 14 2 12 20 10 5 17 18 3 14 19 14 14 16 14 16 15 11 8 2 5 13 15 1 4 20 18 17 16 6 6 13 8 10 3 13 18 10 6 16 6 19 3 12 7 8 11 8 18 12 15 16 16 19 9 2 17 19 18 15 19 17 16 13 11 11 19 2 14 13 3 5 6 9 7 17 3 18 2 4 10 9 11 7 16 4 3 12 10 19 8 13 16 1 8 2 1 14 15 5 3 4 5 9 20 14 18 3 20 9 18 12 7 1 15 3 20 4 1 7 15 12 6 7 8 13 17 19 6 13 11 16 5 11 13 14 1 16 15 19 11 3 2 15 4 4 1 18 7 12 8 16 10 9 2 9 14 18 4 11 12 20 20 19 1 15 9 1 8 19 1 18 20 1 9 11 9 1 6 8 15 4 19 7 3 15 1 11 9 11 18 15 20 9 2 7 19 18 10 5 6 17 4 9 8 9 8 10 20 15 13 6 9 10 17 10 12 2 20 3 14 2 3 8 2 2 14 6 6 6 1 11 7 11 9 6 16 17 4 7 20 15 4 4 7 8 16 9 8 16 2 16 15 12 15 5 4 2 2 13 12 8 12 19 7 3 14 19 15 10 10 20 12
19 10 9 13 15 15 12 6 7 3 17 11 13 19 10 12 8 11 11 10 11 11 12 5 3 6 16 7 12 16 7 2 9 12 20 17 15 8 14 13 7 4 18 4 3 4 10 13 7 12 2 18 4 4 3 6 3 15 4 8 12 15 15 3 4 6 12 19 4 1 1 12 7 15 11 20 10 15 3 19 10 1 16 5 8 15 17 17 10 17 12 19 20 20 14 17 10 10 13 20 11 14 5 16 10 3 11 4 8 12 15 2 9 2 14 10 6 7 10 13 5 12 8 10 3 17 19 14 17 7 9 4 12 8 11 6 14 10 16 0 19 6 20 9 3 8 8 5 7 7 14 8 18 5 7 17 11 8 20 18 7 10 20 9 13 17 7 7 17 18 14 12 9 5 15 6 10 18 19 9 3 10 9 9 9 9 12 10 4 4 1 3 12 6 2 9 4 15 17 15 3 10 20 5 19 18 12 3 9 9 13 13 14 18 15 1 12 10 20 4 3 18 11 14 1 19 17 12 19 10 13 9 3 7 15 13 17 3 7 18 15 9 15 12 10 2 20 12 12 8 19 1 8 3 15 19 8 18 4 2 17 14 6 8 16 6 1 17 9 19 18 13 9 6 8 17 1 2 7 19 12 8 7 13 14 6 10 13 19 11 8 5 14 2 8 15 2 9 9 17 16 18 11 13 1 9 19 4 18 4 16 3 7 1 8 6 17 1 5 14 8 9 5 15 20 7 8 3 5 3 12 9 2 7 20 18 6 15 10 18 12 3 20 14 14 10 13 10 12 10 17 10 16 4 8 7 11 6 13 5 1 6 8 17 20 14 3 19 5 10 8 14 3 5 9 17 11 5 15 9 18 2 9 20 15 9 9 6 20 20 17 6 15 16 13 4 15 7 15 6 4 8 10 12 17 20 6 9 19 11 12 15 14 9 15 2 8 4 4 15 4 17 10 18 15 14 8 9 9 16 19 13 13 7 6 12 16 2 17 11 15 13 11 6 15 13 1 11 15 18 4 14 14 13 17 17 17 20 8 20 16 6 16 13 8 12 7 16 6 6 9 12 11 8 3 10 14 2 7 10 17 1 18 2 6 12 10 2 13 12 2 3 19 8 7 19 11 12 18 6
1 5 3 15 15 16 3 5 19 6 13 20 11 12 18 16 15 20 3 4 6 10 18 13 6 7 6 13 15 13 7 1 5 16 5 8 7 17 17 18 10 12 8 4 2 7 9 10 11 14 16 16 16 20 5 9 10 18 1 7 16 4 10 20 9 18 20 17 1 6 11 13 18 12 15 16 11 11 19 7 9 13 12 14 3 10 14 8 20 1 7 4 5 12 17 11 14 16 3 6 1 18 1 4 16 12 8 7 1 4 8 12 9 17 16 1 9 4 1 14 15 2 6 1 1 5 18 19 20 13 4 19 20 8 6 3 2 18 19 4 0 17 5 6 14 4 20 1 6 19 5 2 6 5 12 18 19 9 3 3 4 10 10 10 20 12 13 7 15 20 11 13 2 12 19 14 8 5 13 12 13 10 7 19 17 7 17 14 4 5 11 10 4 16 6 19 15 1 6 12 11 7 3 12 10 7 8 18 7 15 13 6 20 1 2 9 6 5 5 20 1 17 18 20 20 12 20 4 17 19 19 15 11 9 5 18 4 5 8 1 20 6 11 20 5 12 19 12 17 3 1 19 6 14 4 14 7 2 14 6 1 3 14 1 17 14 1 14 9 1 16 12 10 18 15 18 10 5 18 13 11 13 6 20 4 1 20 9 13 3 16 20 18 19 20 9 17 9 19 8 11 2 7 15 20 18 2 5 18 19 16 4 19 9 1 1 20 12 10 8 4 15 15 8 8 1 7 15 12 12 11 18 14 16 9 6 13 1 5 16 4 6 7 7 6 13 13 9 1 19 17 3 4 9 17 7 19 18 12 6 8 7 11 20 18 6 9 9 19 17 20 2 13 4 2 13 18 4 18 10 20 15 18 2 6 7 16 4 10 18 17 16 2 12 6 1 4 19 9 3 13 15 9 5 10 6 16 7 12 5 18 6 10 17 4 8 3 12 15 15 12 13 5 6 5 17 19 4 5 20 2 13 2 11 13 3 15 17 20 9 13 10 17 19 3 18 13 8 7 19 15 11 3 3 4 11 11 11 16 5 5 11 4 18 12 5 13 11 10 5 12 16 2 9 4 19 1 13 11 9 3 17 8 3 11 12 12 5 8 2 12 12 11 5 14 18 3 13 1 16
1 9 11 7 11 1 4 11 20 8 3 17 2 12 20 8 18 11 14 14 14 16 8 7 14 10 4 12 14 9 14 11 6 2 6 9 5 16 16 6 8 19 1 11 11 13 1 18 18 3 18 2 18 20 12 6 19 5 3 19 3 11 2 16 12 11 10 19 20 5 2 9 16 5 8 8 10 10 7 20 18 7 19 4 16 14 5 12 17 13 7 7 14 12 12 14 11 12 14 2 11 17 3 9 5 2 18 11 6 4 14 18 10 17 19 17 5 20 17 10 11 14 13 19 5 5 10 16 19 17 6 9 5 7 4 15 2 6 15 6 6 0 10 5 7 4 11 17 1 19 6 12 15 10 9 13 5 1 14 12 3 18 2 8 14 20 20 4 5 5 15 3 1 13 3 8 5 13 7 12 7 12 15 1 12 16 11 15 7 19 16 17 13 17 15 5 13 20 18 18 9 5 12 1 11 16 2 4 16 10 12 6 9 8 8 11 16 15 17 11 15 6 4 19 9 8 1 9 9 6 3 4 4 4 14 13 1 13 20 11 13 1 16 15 2 16 5 10 16 16 7 19 5 10 16 11 12 20 11 13 16 12 7 7 3 17 9 1 7 10 8 15 20 16 5 3 15 6 1 12 17 8 9 6 2 19 13 15 19 8 19 11 2 17 2 5 11 11 14 4 1 2 18 13 13 15 11 16 11 16 8 1 13 4 9 6 10 12 10 11 19 20 17 16 19 2 12 18 11 3 12 6 20 18 14 3 5 12 2 15 4 19 19 12 1 9 10 7 1 15 20 13 7 14 20 20 4 7 17 3 18 1 6 9 3 2 14 17 6 4 12 6 11 4 1 1 12 1 18 5 6 12 19 17 15 16 11 16 18 7 8 7 1 16 12 11 15 8 1 18 13 11 18 20 12 19 20 17 17 9 17 20 18 2 9 3 14 15 10 13 8 9 6 19 16 3 19 18 9 4 6 10 11 16 1 15 11 11 18 10 16 14 9 20 2 15 2 20 16 4 2 14 14 8 13 7 18 8 14 15 16 14 13 3 17 13 10 7 8 18 2 11 13 20 5 12 4 10 3 10 20 8 6 16 12 9 8 3 8 20 18 8 7 3 18 11 6 4 3 18
2 2 8 8 17 17 11 13 2 8 13 7 16 20 13 14 8 3 15 11 8 20 20 12 13 15 8 7 9 10 6 17 4 14 9 13 4 20 5 1 15 8 1 2 10 16 4 15 11 4 3 10 14 18 12 15 17 13 12 6 14 19 17 11 10 19 20 3 7 4 4 9 8 17 9 15 13 5 18 15 18 9 17 8 14 8 3 16 5 19 14 18 12 11 8 9 11 20 10 13 7 12 19 16 7 19 4 3 9 17 18 5 2 10 3 8 11 17 18 13 8 5 7 18 13 18 9 9 16 19 17 7 1 7 9 16 5 13 15 14 17 5 0 17 10 13 17 12 5 5 2 3 13 17 3 14 2 19 11 2 18 12 15 5 11 20 2 13 17 20 3 5 3 17 16 6 8 14 13 2 8 7 5 7 10 12 13 1 8 13 20 10 18 3 18 19 5 2 18 14 1 12 15 10 11 19 4 15 18 7 10 18 13 10 9 5 16 16 1 13 6 7 9 3 19 15 6 10 11 13 15 5 16 10 10 10 11 15 19 9 2 18 12 3 9 6 15 5 7 14 1 1 16 13 5 7 14 6 9 17 11 15 19 15 18 14 5 19 16 6 12 7 3 6 11 5 15 4 16 18 12 7 2 19 5 1 8 16 20 8 6 8 10 9 13 11 11 11 2 15 1 7 18 20 1 19 14 17 3 6 3 11 17 18 12 19 19 1 5 9 18 3 15 12 14 14 14 19 19 1 11 15 20 2 17 13 8 13 7 8 4 5 18 19 8 19 3 1 20 9 17 11 18 13 14 18 17 8 16 16 14 5 19 16 13 6 17 20 16 3 9 18 20 17 1 13 17 17 4 17 18 12 20 6 6 16 13 14 6 6 6 12 8 11 6 15 14 6 12 13 16 3 20 13 1 17 5 20 9 10 18 9 4 10 20 12 2 8 10 18 16 14 13 12 6 17 19 1 16 17 17 4 9 6 6 12 13 2 19 1 8 2 17 7 17 9 2 15 12 12 12 15 14 1 7 6 2 10 18 20 15 20 15 1 6 2 5 12 13 8 8 6 13 1 14 10 15 8 12 10 18 5 7 19 10 18 3 17 10 19 4 8 3 20 14 14 5 7 5 20
10 6 5 7 9 6 7 15 3 11 17 1 14 17 17 18 1 2 10 7 16 16 16 7 9 10 3 6 2 11 6 7 12 3 7 14 3 18 4 1 7 1 6 3 2 2 2 1 8 17 13 13 19 7 19 19 16 18 16 9 12 4 3 14 15 12 10 9 15 16 4 2 7 11 3 15 17 12 3 4 6 8 14 18 14 5 12 7 3 8 18 17 10 7 16 20 6 8 15 4 17 1 8 3 4 12 11 16 5 11 3 4 20 9 10 12 5 2 20 13 16 14 6 3 6 12 13 17 9 10 15 7 16 8 2 18 17 16 5 7 2 10 4 0 4 4 2 16 19 4 2 15 5 1 15 1 10 2 11 16 9 16 5 17 18 10 5 7 9 5 2 2 2 11 9 5 2 3 1 10 20 19 1 6 20 6 9 3 5 7 15 12 12 3 15 9 2 20 12 3 12 3 20 12 15 9 17 2 9 3 11 3 16 6 14 16 20 18 13 14 19 20 6 4 20 16 11 7 17 10 13 5 7 4 5 7 9 4 4 1 18 4 13 17 7 17 10 10 18 17 12 12 14 12 1 6 10 2 15 20 11 1 10 1 17 4 16 14 12 16 19 3 20 3 10 17 18 7 12 6 19 14 6 3 7 16 8 16 9 6 14 12 9 18 11 7 6 13 17 18 20 20 2 4 10 11 9 15 7 8 4 11 11 7 10 11 10 4 19 11 19 19 4 3 14 19 4 6 13 16 2 18 3 5 5 6 13 14 4 13 16 13 11 10 6 8 15 1 5 12 6 7 6 6 9 7 20 4 7 13 8 2 20 18 1 3 12 12 6 10 9 1 18 10 2 16 15 4 14 15 15 15 19 15 1 11 19 14 14 11 7 5 7 4 3 16 3 9 12 1 20 16 18 6 10 5 11 2 15 20 15 14 15 5 19 20 3 6 8 10 18 20 14 18 16 18 6 3 5 5 15 5 18 15 13 11 1 11 7 18 1 13 5 7 2 15 20 19 12 14 5 2 6 7 3 7 20 10 11 13 18 14 7 11 12 3 19 3 12 11 17 17 7 13 6 13 2 11 18 10 19 11 2 6 6 12 19 15 4 1 6 11 15 15 19 19 19 3 15 15
10 18 9 8 10 11 11 5 16 7 13 6 13 15 11 5 7 20 10 4 5 14 15 10 11 17 17 18 12 8 14 1 16 19 7 2 17 9 2 2 20 19 1 5 5 13 4 4 8 9 7 8 20 19 8 4 4 2 2 7 3 3 8 4 3 19 7 15 15 7 5 20 20 17 1 14 13 11 18 15 18 13 5 14 5 2 12 13 1 18 7 8 2 3 14 13 6 18 15 17 15 9 18 7 8 15 13 2 5 14 11 20 15 20 10 20 20 20 17 14 3 5 17 4 4 2 8 12 19 15 10 10 9 8 11 15 1 9 2 18 16 9 16 18 0 4 10 9 4 2 11 19 8 1 3 15 2 12 16 8 3 11 6 19 14 4 7 15 4 11 4 7 15 1 4 13 13 1 17 5 2 10 6 3 3 12 17 3 12 16 17 4 7 5 9 15 14 1 6 11 3 12 18 6 10 15 13 3 9 12 10 11 9 4 12 9 5 4 19 18 2 3 8 15 10 5 19 8 20 7 15 20 9 9 12 13 20 12 12 2 19 14 11 10 19 13 11 4 1 16 7 17 2 7 11 16 16 9 5 12 11 16 8 12 2 2 9 1 10 19 16 1 13 15 19 7 13 12 12 12 14 18 16 11 11 1 7 17 8 8 9 10 19 20 2 5 4 9 1 6 18 10 10 10 7 18 8 6 2 2 4 15 10 4 17 1 2 2 9 10 7 11 3 9 10 16 13 15 9 18 19 3 18 8 17 12 13 20 7 6 11 2 18 12 1 8 2 6 1 5 3 1 8 11 2 14 20 2 10 14 9 10 20 5 15 15 15 17 15 16 1 17 17 15 5 14 20 14 10 5 19 8 7 4 18 16 1 18 16 3 13 9 4 17 3 15 9 17 2 8 11 6 13 13 10 17 15 1 7 2 20 3 19 9 20 4 17 9 15 19 9 9 1 20 5 11 7 13 8 1 13 8 10 16 4 20 5 19 5 16 19 3 10 18 1 6 18 5 2 5 7 1 17 16 9 10 11 18 5 12 11 20 7 11 3 17 11 8 1 4 19 9 5 12 12 2 17 11 12 6 3 19 11 16 10 7 7 13 18 16 3 13 14 14 17 20 18 8 4 8
15 8 9 2 14 15 3 16 3 10 17 3 9 20 4 16 14 5 18 15 11 2 15 3 3 17 17 2 15 9 14 6 17 5 11 20 12 1 15 11 18 2 15 9 4 19 6 9 5 5 14 9 6 3 6 2 19 8 8 20 17 18 18 10 12 12 16 6 4 15 1 11 2 12 9 10 10 8 18 13 8 7 2 1 11 14 19 18 18 15 1 2 2 5 5 9 15 11 16 7 14 8 15 13 12 11 9 16 2 3 16 1 16 3 3 12 6 2 5 3 2 1 3 3 1 5 18 7 7 15 13 8 7 15 2 11 8 3 9 10 6 9 16 8 1 0 6 18 15 4 4 13 19 3 2 3 12 2 10 11 19 20 5 6 4 19 4 11 2 6 9 16 20 15 15 5 14 7 17 13 9 16 5 11 6 8 16 19 4 6 6 14 10 8 11 6 6 7 14 14 9 10 18 4 13 7 8 7 9 15 20 11 5 10 20 7 3 7 1 18 8 3 14 15 13 10 19 12 9 10 16 1 6 3 10 1 12 10 20 14 20 4 18 13 10 8 3 1 15 2 9 18 11 5 2 2 1 12 15 3 5 20 13 1 6 15 4 17 1 16 13 13 17 17 2 14 11 1 14 14 19 5 7 3 18 12 12 6 7 11 13 7 3 14 2 4 13 13 18 20 13 9 14 18 6 3 16 6 4 16 2 14 15 9 3 7 8 16 6 17 4 12 19 7 8 4 3 1 9 9 6 6 16 11 4 1 16 18 14 9 7 19 18 11 10 2 5 18 8 7 13 15 12 5 11 15 14 1 9 8 6 15 20 12 20 4 15 19 4 4 19 6 11 12 5 6 2 9 12 18 5 17 19 7 9 20 2 17 18 8 15 12 7 16 9 19 10 19 20 1 3 16 11 19 12 13 20 9 5 20 19 6 8 9 13 7 18 18 18 14 19 4 20 14 8 11 2 16 5 10 18 19 14 18 6 5 12 18 9 9 9 7 2 12 14 1 1 12 15 19 1 5 12 20 13 9 3 11 17 4 6 7 15 14 5 4 12 9 11 17 13 9 20 16 3 18 13 12 10 8 1 2 14 12 5 3 20 13 18 19 20 14 9 9 5 6 6 10 6 10
10 12 1 9 15 11 18 7 12 6 14 6 1 13 18 16 18 12 11 9 14 4 11 1 17 14 13 6 8 13 13 1 9 15 20 7 17 9 3 17 15 10 7 6 13 14 18 11 8 5 9 4 6 13 8 19 20 16 6 10 7 7 13 15 15 5 5 4 8 14 13 3 18 9 1 6 5 8 11 17 15 2 4 15 20 14 10 16 14 2 10 3 11 17 12 5 15 14 16 16 19 1 2 15 16 4 10 12 8 5 14 19 6 5 18 9 11 2 13 17 15 19 1 12 4 16 5 2 5 13 14 10 5 5 16 3 3 19 15 3 7 8 2 12 2 10 0 6 19 1 4 18 12 8 20 3 1 20 10 7 4 20 8 13 9 15 13 15 7 20 11 19 14 10 8 1 15 2 12 14 5 12 2 19 12 12 4 16 19 20 11 12 11 16 8 17 7 11 3 9 4 6 18 15 10 8 1 4 11 20 15 16 11 4 17 17 11 13 14 13 11 15 11 13 18 15 6 3 15 3 2 10 16 19 16 15 19 2 14 10 9 17 2 11 5 8 6 5 3 6 9 9 1 9 10 9 11 16 20 6 17 12 11 5 9 12 15 12 4 20 12 16 17 12 6 13 2 4 12 10 12 9 9 18 8 13 14 3 11 14 4 17 5 17 3 1 13 15 10 10 6 14 2 9 17 17 15 13 1 12 11 14 16 4 7 6 3 14 19 5 11 15 2 13 7 5 13 19 3 1 20 6 7 17 19 6 17 14 6 7 2 9 7 13 5 20 1 18 14 15 12 2 18 10 17 7 9 11 13 3 6 12 19 15 16 10 17 5 19 10 18 20 4 15 3 18 18 12 13 16 7 11 1 3 4 5 14 14 4 7 5 5 13 8 3 15 6 6 9 11 9 15 7 20 4 13 4 1 3 18 8 7 2 18 15 1 3 18 8 19 7 14 15 18 9 18 1 11 18 5 8 16 1 4 19 16 4 13 20 17 14 1 6 14 17 2 16 9 19 15 17 12 14 11 19 14 13 12 3 1 15 2 5 13 4 18 3 16 14 5 20 6 15 11 2 8 8 3 15 15 20 2 14 3 9 7 8 8 14 17 9 13 15 5 7 17 9 7 14 7
10 14 13 10 9 16 6 9 15 18 10 6 11 17 6 5 11 12 19 15 12 2 4 18 6 5 9 19 9 16 16 17 13 20 19 4 3 13 1 12 2 18 14 1 3 15 20 12 19 12 1 3 9 2 16 15 6 17 7 17 1 11 18 10 10 9 11 3 16 17 13 11 8 13 3 9 8 12 4 4 20 12 4 14 9 18 15 9 19 8 16 4 10 1 17 11 2 4 15 9 7 14 11 20 6 16 15 1 5 2 7 16 4 2 7 2 13 2 8 16 15 18 2 15 8 6 1 14 4 9 15 20 11 2 6 15 12 19 15 6 13 12 20 5 4 16 10 0 13 2 5 1 4 6 18 1 1 4 13 11 10 3 14 17 2 19 8 7 8 7 15 20 8 2 9 14 5 12 12 10 2 6 6 10 8 14 4 8 10 7 15 13 6 5 17 11 19 1 14 16 20 19 7 17 3 4 13 14 6 11 10 11 14 14 9 2 15 6 10 8 14 14 13 4 18 10 20 10 4 2 2 12 17 20 12 5 3 4 1 15 11 14 5 12 12 18 1 5 20 4 13 8 4 4 11 20 8 13 11 9 3 9 10 7 16 19 2 20 19 20 11 5 7 4 10 18 13 17 4 16 7 3 3 19 8 12 15 5 4 2 1 17 1 8 17 8 1 6 13 2 20 1 12 3 16 16 4 20 1 9 7 7 7 16 5 8 11 12 2 16 18 16 9 15 7 5 4 10 3 4 9 16 14 7 1 15 18 7 15 16 15 9 6 5 17 11 7 8 17 3 9 1 16 2 13 10 2 4 15 8 3 18 1 9 18 3 1 10 20 6 11 5 13 12 16 8 1 10 14 2 10 18 13 20 6 3 19 2 17 1 14 9 11 8 5 10 3 16 11 12 3 19 11 3 20 5 5 19 2 9 15 16 15 6 8 13 5 17 13 1 7 13 3 16 5 11 16 13 7 10 7 1 8 17 1 12 4 15 6 12 1 6 19 16 7 13 19 20 19 18 3 4 10 1 3 12 11 13 17 6 7 15 20 6 16 13 18 10 9 6 3 16 17 5 5 3 8 1 11 19 5 10 14 13 6 3 3 4 6 19 17 9 6 1 13 15 3 9 17 15
15 9 17 16 6 2 18 16 20 4 10 2 10 14 9 13 20 18 3 20 10 18 2 9 7 9 6 15 7 16 12 7 6 4 19 17 17 2 2 5 20 9 8 1 13 3 5 11 20 5 15 8 20 15 12 5 6 8 3 12 5 4 3 18 17 12 10 12 2 17 12 6 4 13 19 15 6 19 13 9 8 20 20 1 18 14 15 13 4 12 18 10 7 10 2 19 12 2 19 14 18 13 20 13 17 11 18 13 19 16 16 9 12 7 9 16 13 10 18 13 17 18 18 2 7 15 14 4 2 14 2 19 8 12 1 2 14 15 12 1 14 6 13 7 4 19 17 20 0 15 15 1 19 1 6 3 10 5 3 14 4 7 13 20 9 8 11 20 3 16 18 8 2 7 1 12 20 4 4 6 10 13 1 10 13 17 14 13 8 15 17 20 12 2 10 3 19 9 12 6 14 4 11 7 2 10 3 13 14 4 13 11 3 7 20 13 2 4 4 6 6 17 16 4 8 18 9 17 17 10 8 5 20 9 7 10 3 5 14 14 12 10 9 19 8 1 5 13 16 15 7 1 14 12 15 2 11 18 13 9 20 17 18 9 9 13 4 7 11 14 4 11 6 20 1 18 1 4 9 16 2 7 7 6 9 6 4 17 12 15 5 7 8 12 8 2 14 19 16 11 7 2 1 19 1 7 12 20 16 2 2 4 13 17 12 17 19 19 18 20 13 7 15 19 9 4 13 12 19 9 14 10 1 9 11 5 2 18 15 6 2 5 15 10 20 8 20 19 14 3 8 9 11 10 6 9 14 17 7 5 2 7 7 12 13 6 7 8 9 17 18 14 2 5 20 20 10 4 6 20 14 11 6 6 6 1 2 20 20 7 20 5 15 1 13 11 11 5 8 7 1 9 7 7 10 11 3 20 12 18 10 10 7 10 17 5 13 4 7 3 9 10 2 8 9 18 17 4 7 16 10 5 18 10 7 13 15 17 8 12 2 14 3 9 15 3 12 7 11 8 3 14 14 3 14 19 11 1 4 7 12 15 20 11 8 8 14 12 2 13 10 16 6 6 16 17 9 2 1 5 16 10 7 2 14 8 11 5 4 14 7 12 6 3 7 10 14 19 5 5
18 5 11 9 15 20 2 2 1 15 6 20 3 15 5 18 12 11 14 3 8 8 11 14 18 12 3 9 9 10 8 19 12 19 19 12 19 14 7 7 1 10 14 6 19 5 17 19 10 16 15 18 13 9 16 10 13 5 6 20 8 1 7 8 18 16 10 8 4 6 15 13 2 16 16 13 13 19 18 8 7 13 14 14 15 6 10 14 1 14 16 18 16 9 14 1 12 18 2 7 15 20 5 5 14 7 15 1 1 8 2 16 10 10 2 8 7 15 7 6 15 6 7 18 1 4 7 10 15 3 15 14 13 19 16 11 14 3 10 11 13 1 9 2 1 16 1 17 16 0 1 7 2 8 20 3 3 12 12 5 2 4 2 17 6 7 15 5 18 19 20 14 14 13 16 7 3 3 1 2 3 16 3 13 12 1 12 3 3 14 13 17 12 20 7 5 2 12 18 18 9 16 17 1 16 8 20 13 3 17 14 4 7 6 6 8 2 18 6 7 14 19 8 13 10 4 19 14 13 5 10 19 10 9 16 1 17 15 13 9 12 4 19 6 4 7 12 18 17 10 9 10 3 15 3 20 3 20 9 6 5 12 2 10 11 4 19 7 10 7 20 6 2 9 6 6 18 3 12 16 20 11 2 8 11 15 2 5 7 18 14 10 9 1 20 13 9 1 7 12 9 18 17 3 14 8 12 1 7 14 9 5 11 1 4 19 15 7 14 16 17 9 8 11 18 15 11 13 16 10 20 2 16 17 1 13 12 4 15 10 7 16 5 20 15 6 5 5 19 10 16 9 1 5 15 15 1 3 1 11 14 5 5 12 14 1 18 10 9 13 6 1 10 2 3 18 14 3 18 9 9 3 13 16 7 8 5 14 12 4 12 18 2 2 8 18 13 15 9 2 16 8 1 10 17 2 7 19 8 1 15 15 18 1 17 10 15 16 4 19 14 15 10 6 11 12 15 12 2 8 17 12 5 14 20 12 13 15 13 12 13 5 9 4 18 8 4 5 15 16 13 13 1 15 9 9 10 5 19 20 2 11 9 7 3 15 14 14 19 7 1 20 8 14 15 4 16 1 11 2 14 12 3 11 2 3 10 18 6 8 17 9 12 5 1 17 1 18 5 17
13 20 14 15 12 10 3 9 15 18 16 12 8 2 8 2 20 2 15 5 7 16 18 16 9 3 3 17 5 12 18 11 19 13 15 11 6 13 17 17 9 13 10 9 8 5 7 18 1 3 6 7 4 18 9 6 9 7 9 13 14 12 20 7 20 16 3 14 12 18 17 3 5 8 13 10 2 9 17 12 10 8 11 19 19 9 8 9 15 19 1 16 4 7 17 1 15 14 17 6 17 15 17 6 17 17 2 10 7 15 11 15 1 17 18 17 17 4 19 5 1 11 11 14 14 14 10 20 7 11 7 5 20 17 4 3 2 16 2 16 10 17 12 5 9 15 4 12 15 17 0 9 6 16 14 4 4 18 12 1 12 12 16 15 10 2 8 3 4 17 6 16 11 14 11 17 7 20 10 8 4 1 2 19 12 13 2 18 9 11 11 9 17 8 20 7 7 18 12 19 6 4 9 16 9 19 10 6 18 19 6 6 3 9 9 4 3 5 8 1 19 7 14 6 17 5 1 4 6 8 17 16 7 8 8 13 2 7 13 10 15 15 4 6 2 13 10 3 6 10 14 20 9 20 7 5 4 2 15 14 12 12 17 10 8 17 17 2 15 4 11 14 17 17 19 15 3 6 7 10 19 14 14 5 2 7 14 2 3 11 19 14 3 7 18 7 15 18 11 18 10 13 18 18 10 2 9 16 3 4 13 12 19 10 10 2 1 4 14 20 10 1 3 3 16 7 4 7 2 6 19 5 2 10 7 19 6 19 14 14 19 5 2 11 10 10 18 4 15 9 11 17 5 2 20 8 3 10 4 14 6 4 14 16 2 10 16 5 13 4 19 20 5 15 1 12 8 16 12 7 19 9 13 19 4 19 15 5 15 6 19 1 16 7 9 19 13 12 16 10 10 9 3 14 15 16 13 5 9 10 2 10 9 10 8 6 19 10 6 16 5 15 15 8 3 16 18 3 13 17 18 9 18 1 13 2 6 11 16 3 1 14 18 1 18 17 10 9 17 11 15 9 11 8 1 13 16 14 2 3 17 18 15 2 14 20 5 15 12 18 4 3 2 18 1 10 14 20 16 4 10 7 7 8 13 15 18 5 14 15 2 3 4 11 1 8 5 20 19 5
14 13 16 18 15 10 15 1 18 19 18 5 8 12 15 18 14 10 7 8 2 16 14 17 18 7 11 4 12 3 14 11 17 1 12 19 9 7 12 15 18 13 5 19 7 14 12 3 19 20 2 10 3 1 9 14 19 19 1 15 18 4 3 3 9 14 19 12 15 18 3 6 20 6 4 11 13 7 4 11 17 1 8 20 8 10 8 7 20 18 8 8 20 18 7 13 9 10 6 19 1 3 3 10 15 4 19 2 10 7 15 13 19 20 14 2 3 1 11 15 4 6 2 11 13 11 8 13 3 12 4 19 4 12 10 18 16 7 15 11 7 13 3 6 4 10 16 15 1 11 2 0 14 9 18 4 14 5 10 10 17 1 11 7 2 18 1 3 2 11 3 12 6 8 20 10 17 15 19 9 5 3 7 13 15 17 11 1 19 2 15 20 8 1 13 17 19 7 19 16 20 5 3 7 4 11 17 4 16 2 12 15 18 13 6 15 14 13 2 14 1 18 2 10 3 14 13 9 5 15 7 10 7 14 12 12 20 14 4 17 6 2 12 2 9 16 7 10 3 14 15 5 5 11 3 15 11 2 8 5 17 10 5 9 6 4 10 14 18 5 8 4 1 8 9 14 8 2 17 5 15 2 1 12 5 7 19 18 6 20 4 6 3 18 14 14 10 6 3 9 2 16 10 19 11 6 12 3 19 3 12 1 16 11 6 12 12 17 8 8 8 10 9 10 4 19 4 4 15 1 18 10 3 4 20 1 15 6 2 8 10 18 3 12 2 18 19 12 3 5 8 13 15 6 7 8 18 3 3 20 10 8 9 8 19 8 10 3 19 12 10 16 1 6 11 15 10 18 13 13 7 4 16 19 11 18 2 16 18 5 17 15 12 12 12 6 14 14 11 18 17 10 2 15 15 13 7 4 12 9 9 6 1 15 12 7 9 2 1 1 9 3 8 15 6 19 6 4 7 16 2 4 6 20 12 6 19 2 16 8 8 18 8 3 6 2 14 9 3 16 12 3 4 1 19 14 7 10 7 17 10 19 10 7 8 18 3 15 15 18 5 10 16 11 8 14 6 18 16 11 16 16 14 4 3 13 12 9 19 2 19 12 13 11 1 18 18 17 8 3
12 5 7 18 13 12 4 12 20 1 14 6 2 13 7 20 18 15 18 5 13 3 6 3 11 18 17 6 11 15 4 14 19 1 15 18 16 7 16 7 16 10 19 20 7 12 10 6 1 16 14 8 9 13 2 13 11 1 4 15 8 18 17 11 16 7 11 17 9 1 12 10 20 20 6 2 12 16 7 3 9 1 12 14 16 5 6 17 15 5 5 8 8 8 16 1 8 10 8 19 5 8 13 19 4 18 5 18 19 19 11 3 5 1 6 20 15 12 19 20 13 2 12 16 18 11 6 3 8 2 4 13 6 12 9 12 11 12 19 19 10 2 12 19 13 15 3 19 15 11 10 17 0 16 15 16 18 16 3 9 7 14 19 1 9 19 12 4 14 20 20 8 2 10 12 17 7 9 5 3 7 7 12 2 9 10 8 3 10 15 11 2 7 5 3 3 6 10 6 8 2 7 4 19 4 1 3 4 8 2 14 8 20 14 18 8 13 5 11 5 19 14 7 20 8 5 15 18 5 18 10 10 14 7 20 11 2 6 5 18 13 19 4 13 2 6 5 4 7 7 15 13 12 12 4 11 20 6 3 7 5 7 19 15 7 6 7 2 10 5 1 10 14 11 19 16 15 18 12 12 4 19 16 18 12 3 18 14 15 9 19 9 9 19 12 16 15 6 14 11 5 5 20 4 8 17 15 12 12 7 18 3 12 16 8 15 14 20 3 4 10 16 1 17 18 3 1 6 20 17 20 2 19 5 20 16 1 6 3 9 5 2 1 8 14 2 10 15 18 10 16 17 1 10 7 7 9 17 11 20 5 16 17 13 17 12 19 16 8 6 20 18 9 11 2 14 1 15 7 14 14 6 13 13 7 2 16 9 6 8 18 5 19 9 15 8 7 8 15 3 17 18 20 20 7 6 13 13 17 1 4 2 19 4 1 3 18 4 20 11 2 6 14 16 7 9 16 18 7 12 16 8 16 14 3 6 13 19 9 7 20 12 9 7 17 2 12 8 17 13 16 8 17 2 19 6 5 11 12 1 17 4 8 16 10 9 11 20 17 12 9 11 2 7 6 6 20 5 7 5 16 2 15 19 6 1 6 13 1 16 1 6 20 3 4 17 6 16 11 3
5 20 3 15 10 8 16 18 17 6 13 12 7 19 11 18 10 6 8 10 17 19 3 12 9 8 16 3 7 19 5 13 8 17 13 10 12 2 16 15 15 6 7 8 13 7 5 6 8 1 15 1 17 13 6 9 15 4 8 5 13 1 7 12 8 5 15 15 5 13 7 18 20 12 7 4 6 2 14 12 15 15 4 2 19 15 13 15 20 18 11 14 1 14 19 16 16 1 13 16 14 1 1 5 12 5 9 1 15 14 7 6 20 17 12 6 20 18 3 17 10 7 17 12 17 3 3 1 7 14 20 6 16 9 9 14 13 6 16 11 1 3 19 6 7 12 9 15 6 7 10 16 5 0 12 17 16 5 14 20 18 18 2 18 16 14 15 9 13 6 17 14 12 9 12 1 5 14 19 1 18 1 8 9 4 16 9 3 1 2 14 9 19 14 12 9 11 9 16 20 8 13 11 11 10 13 1 14 15 4 17 5 1 20 18 9 6 5 9 20 4 17 8 17 5 6 17 13 8 15 18 13 2 13 5 9 13 1 7 17 10 20 19 13 8 18 9 3 18 7 14 9 6 20 18 4 17 8 13 16 15 10 1 14 13 15 1 8 19 17 1 12 14 16 6 18 3 17 18 14 6 4 1 7 16 8 4 13 13 15 3 2 18 5 8 17 16 7 15 19 4 1 19 17 8 14 5 20 5 8 13 12 18 17 7 7 19 4 10 11 8 8 6 4 4 14 4 11 5 14 19 18 19 20 13 13 12 7 14 20 16 10 10 4 3 7 7 9 3 18 7 16 17 15 4 20 11 9 11 14 14 3 15 9 18 14 13 20 4 17 3 11 5 15 6 15 13 17 16 4 9 2 13 15 7 11 3 6 1 8 6 16 6 5 4 7 8 16 4 15 4 1 11 20 20 14 2 1 9 19 11 9 5 15 3 17 19 20 17 2 20 11 2 1 18 2 7 11 13 19 16 3 10 16 6 20 6 10 3 4 10 15 17 3 12 15 8 16 3 20 8 8 8 2 19 15 8 7 20 5 1 5 20 3 16 4 7 1 13 12 8 4 9 3 8 2 14 10 14 20 8 9 18 7 7 11 19 12 7 2 13 9 9 14 9 16 15 17 8 7
4 11 17 16 6 1 4 2 10 5 15 14 15 4 3 11 5 15 19 9 5 5 6 5 2 3 3 13 13 6 12 6 7 20 2 16 8 10 14 4 6 15 5 9 9 9 16 17 3 8 4 11 13 8 8 17 9 7 12 10 19 9 2 3 8 1 15 15 5 6 2 1 10 20 7 12 2 15 13 6 13 5 7 18 19 10 8 3 11 4 15 14 4 17 19 7 5 18 14 15 3 12 17 16 5 6 15 11 1 10 7 6 9 9 15 5 2 9 17 15 8 2 6 13 14 17 10 1 16 12 17 14 19 9 12 6 18 20 17 19 7 19 16 6 16 5 6 12 3 18 7 5 10 10 0 4 10 20 17 7 18 16 1 18 4 6 6 18 20 14 7 16 2 2 17 19 19 16 2 13 5 13 11 16 13 17 19 5 10 15 4 15 16 14 9 15 11 15 14 8 12 20 5 7 1 14 11 6 15 7 4 7 5 15 6 1 4 7 11 15 14 1 15 14 14 20 16 10 20 7 13 17 6 18 5 5 4 2 7 9 16 6 17 8 2 17 10 11 3 14 12 20 7 11 1 5 2 2 20 9 12 12 20 12 7 12 3 16 15 12 19 14 7 17 3 6 19 12 16 3 13 9 13 20 11 7 14 11 18 17 17 19 13 14 6 6 18 18 5 4 19 1 14 14 14 2 15 17 7 3 15 9 13 4 20 14 10 15 7 9 19 15 17 8 11 9 20 9 19 1 6 7 9 13 15 18 12 7 4 4 6 3 6 6 8 1 4 12 3 3 15 11 1 10 11 13 7 16 20 12 3 17 5 14 5 15 3 1 13 14 16 19 1 13 19 16 20 4 19 3 8 9 19 9 16 11 11 12 7 14 5 14 17 9 10 3 5 12 13 20 19 3 8 6 13 6 7 19 3 11 16 1 1 20 18 12 2 8 5 10 4 11 1 15 17 10 13 8 17 5 13 18 14 3 17 6 16 11 15 5 13 1 13 9 4 10 6 14 15 14 13 11 11 5 14 14 17 13 15 17 19 4 8 7 3 20 14 8 16 12 11 13 1 8 2 16 9 1 11 7 17 5 1 15 9 10 17 9 17 3 14 4 9 3 17 3 3 14 20 19
13 20 8 8 16 4 17 17 9 18 17 20 12 9 3 3 20 13 9 19 18 9 2 5 20 5 16 10 6 3 11 9 3 2 4 6 2 20 13 11 3 1 7 18 5 7 17 20 14 17 11 15 16 7 9 19 5 3 5 14 10 19 6 12 14 11 20 18 1 11 3 14 12 6 15 17 3 4 16 11 4 15 4 11 18 9 6 2 10 1 8 4 15 6 8 4 15 10 7 4 5 16 15 10 14 2 3 4 2 20 7 12 16 11 8 5 2 1 9 18 16 16 8 16 10 5 12 4 19 16 18 17 9 3 9 3 11 12 5 2 12 16 19 15 8 2 15 16 2 2 19 7 4 2 13 0 8 2 20 18 5 6 10 2 11 13 19 20 7 14 2 8 9 9 3 19 7 13 5 20 20 14 17 19 9 4 8 19 3 6 5 13 5 18 16 8 16 6 5 10 6 3 11 17 8 20 7 11 3 16 8 19 3 8 2 11 2 15 3 20 9 20 3 8 14 9 12 17 13 10 9 18 15 13 5 14 18 9 6 19 5 16 20 18 4 10 5 20 7 3 5 8 6 4 3 2 13 2 2 1 7 7 13 18 1 4 9 5 9 11 17 20 17 20 20 15 7 16 17 5 2 6 4 10 20 14 8 11 10 16 15 4 9 6 12 13 13 18 2 20 7 10 15 19 14 2 5 1 2 19 8 14 16 17 8 6 12 1 1 14 19 15 9 16 20 7 1 15 17 4 9 19 3 10 8 20 9 10 8 2 10 16 9 18 6 6 13 3 16 5 7 15 15 12 16 1 7 3 14 4 8 19 6 3 8 19 7 6 12 10 20 12 5 10 18 4 2 2 6 4 1 7 6 1 17 10 9 2 10 14 2 13 18 16 4 20 5 12 10 19 20 16 3 14 2 12 15 7 14 1 13 8 7 12 12 17 19 6 19 9 6 20 1 13 19 20 10 8 1 20 9 12 4 10 4 16 13 13 12 16 16 6 1 20 4 16 9 12 8 7 14 7 5 14 4 6 19 1 1 9 19 8 19 8 6 20 4 9 12 4 14 8 16 16 6 18 15 11 11 20 8 1 8 18 4 8 9 1 19 18 8 7 13 9 3 15 1 6 9 1
10 16 8 1 10 17 12 15 11 6 4 20 7 8 17 14 7 6 14 14 3 8 11 8 17 14 9 16 20 1 13 11 5 4 6 17 19 5 20 3 15 19 11 9 18 1 3 20 10 19 8 19 4 11 9 14 1 14 4 6 10 6 3 6 14 2 15 18 6 2 4 9 17 10 3 6 18 6 16 5 18 2 13 17 20 1 15 16 16 2 11 7 20 15 20 14 4 1 16 20 14 9 19 2 3 2 2 1 4 19 19 4 2 14 3 7 16 10 15 9 12 11 20 3 20 20 15 1 2 4 16 17 7 14 4 2 7 8 3 18 4 9 1 11 8 13 16 1 8 7 11 7 15 5 11 3 0 2 15 2 15 8 9 5 17 19 3 6 4 5 7 1 5 5 4 13 2 9 3 20 1 4 12 17 6 11 13 10 1 9 7 18 6 16 5 2 6 17 2 12 8 17 6 2 19 9 18 15 11 14 7 13 17 12 14 16 6 9 8 12 4 6 13 2 1 18 15 8 1 8 16 6 1 14 2 12 13 11 11 3 6 1 20 7 17 6 13 12 2 3 12 12 16 2 20 14 12 13 13 5 19 17 14 12 17 11 19 11 7 10 19 18 3 11 10 5 4 1 7 3 4 5 16 6 2 12 11 18 4 15 3 14 17 9 2 11 20 13 12 11 1 12 16 3 19 5 14 10 17 1 1 11 9 10 9 20 5 19 1 5 1 19 4 5 3 20 11 1 2 10 5 3 16 12 3 20 14 4 11 8 10 6 1 11 1 9 14 3 3 13 19 14 14 15 4 8 9 19 8 10 12 4 18 16 15 13 20 8 5 11 11 16 19 17 19 6 13 19 10 11 10 12 9 9 7 1 7 13 14 2 14 7 16 6 8 18 5 15 14 11 17 10 12 3 5 10 2 6 10 8 14 16 7 16 14 20 17 10 14 11 3 4 5 7 10 17 3 15 15 4 18 12 2 15 13 4 1 3 20 18 20 7 7 15 17 7 2 10 7 12 14 18 1 9 15 19 14 18 8 5 20 15 14 12 5 17 14 3 2 13 6 19 19 2 2 4 20 13 3 5 3 8 9 7 16 5 9 10 3 5 6 2 20 9 12 15 6 11 11 19
8 8 7 1 14 9 11 8 18 6 4 14 14 2 7 16 8 14 20 4 11 17 20 13 14 18 10 18 20 7 11 4 13 20 15 16 1 3 20 20 13 9 19 2 20 20 12 2 19 13 20 15 6 8 2 15 20 9 8 2 3 18 6 3 1 2 3 15 20 19 17 2 8 5 7 15 16 2 12 11 9 10 13 19 6 16 11 8 1 16 10 2 6 5 20 13 1 12 5 5 5 19 9 12 14 12 6 4 3 13 2 17 4 17 5 20 14 19 7 18 7 20 14 6 7 13 19 16 20 1 13 8 13 15 10 7 14 18 8 1 15 14 11 13 9 9 8 11 11 8 19 11 6 1 19 1 20 0 14 12 10 5 10 15 9 16 7 14 3 3 18 16 17 6 4 16 10 18 16 14 11 11 3 14 19 11 9 15 11 20 3 3 1 3 8 17 4 11 3 19 1 7 15 10 11 19 19 5 7 20 15 18 2 14 11 15 8 2 2 14 6 11 18 20 8 6 3 3 5 2 1 2 18 3 9 20 9 17 4 13 14 20 11 19 10 19 12 19 3 12 8 11 8 13 5 11 9 20 19 3 3 18 13 7 12 9 7 20 4 11 19 20 4 1 11 10 18 20 17 14 5 1 16 1 4 14 8 16 4 5 10 9 20 12 14 13 11 12 9 19 20 17 8 6 5 6 19 18 10 18 8 5 5 12 2 13 16 9 5 15 9 11 3 5 19 20 5 20 4 11 4 3 10 13 1 1 5 2 12 19 7 3 9 8 2 20 20 4 14 3 6 14 9 11 4 16 9 16 13 19 3 17 5 5 11 15 16 1 7 4 2 10 19 10 3 9 6 2 19 20 15 1 12 6 6 8 16 15 1 18 18 15 11 11 16 20 2 7 6 5 1 2 4 5 7 19 15 5 15 1 19 12 4 10 2 13 9 7 15 13 13 18 20 14 1 7 9 5 14 8 7 9 10 8 5 20 11 10 10 18 17 13 12 16 14 2 3 12 9 18 13 9 2 7 14 17 18 20 9 19 4 7 4 3 15 14 5 7 12 11 16 18 15 1 8 5 3 5 12 6 13 20 2 2 12 18 16 8 16 2 7 6 18 16 13 3 6 11 10 10
9 8 7 13 14 16 6 1 5 11 4 2 8 7 18 9 19 15 14 15 10 16 9 12 10 2 4 11 9 20 11 5 4 11 16 13 17 15 13 9 13 19 11 7 7 17 11 8 8 1 11 17 10 16 20 14 4 3 18 10 14 4 6 1 8 5 1 10 19 7 14 9 7 12 5 1 13 1 12 14 17 16 19 20 6 6 3 2 4 14 13 4 17 16 20 16 13 7 11 4 13 11 12 9 9 12 18 8 10 4 17 5 15 19 15 17 18 19 13 11 17 12 1 6 13 1 6 19 3 20 13 5 16 8 7 16 16 15 10 10 6 3 10 11 18 13 6 17 5 2 4 18 10 9 18 3 18 10 0 10 8 1 15 2 7 3 2 19 15 20 19 14 2 19 6 14 9 1 10 5 16 15 19 12 19 17 1 15 9 9 6 8 6 19 20 3 3 16 13 19 18 9 8 3 6 13 8 10 14 11 6 2 18 4 20 17 8 20 1 19 13 8 1 8 7 13 13 7 16 14 19 18 10 6 18 1 3 2 16 3 1 5 7 18 9 12 3 4 17 5 8 14 14 16 5 18 11 17 18 19 10 1 9 17 6 8 20 20 14 18 9 9 14 2 9 8 14 10 19 11 13 10 10 14 10 17 12 8 9 20 13 15 9 13 3 15 17 7 10 20 19 19 14 19 9 1 10 19 15 7 7 14 17 11 17 13 16 17 20 12 1 7 1 14 17 4 8 4 16 18 14 6 5 13 3 6 20 7 10 1 14 16 3 12 2 17 7 14 10 3 18 7 15 16 13 4 9 11 14 8 10 3 2 18 9 11 4 12 2 9 8 4 20 9 3 4 12 18 7 19 19 10 4 4 3 12 1 11 14 19 20 17 19 19 6 10 14 5 14 8 6 5 20 20 10 18 1 9 2 6 16 8 4 15 11 11 4 18 8 12 6 12 12 15 4 15 3 4 2 9 18 3 2 9 7 4 15 11 9 18 8 6 10 11 17 18 12 17 5 5 13 11 16 4 5 5 17 10 14 9 7 4 20 2 9 1 4 9 16 12 12 5 10 20 15 4 1 20 14 11 11 14 13 20 17 18 14 9 17 6 15 4 8 14 16 4 8 11 4 3
20 8 16 11 4 16 8 11 4 8 2 20 6 3 4 15 13 11 13 17 2 9 6 18 6 6 19 14 2 6 2 7 4 14 5 15 16 1 2 9 13 13 5 19 11 6 5 4 11 8 11 11 12 2 20 16 19 6 2 14 13 16 20 9 4 7 8 15 8 13 5 13 7 14 8 8 4 17 16 20 9 5 3 20 14 7 7 19 4 14 17 4 1 6 14 9 14 1 1 20 19 19 1 15 6 4 5 2 7 18 20 15 10 15 19 17 19 16 1 7 12 7 16 5 12 7 14 10 7 17 1 3 14 11 11 3 13 3 16 13 14 20 17 8 19 6 20 13 10 19 10 13 15 13 20 8 8 16 14 0 6 6 5 4 19 14 7 5 10 8 16 11 7 9 15 5 5 5 11 19 5 3 20 1 4 17 8 18 6 12 9 11 10 2 7 20 5 4 20 14 4 9 20 6 16 12 2 13 15 11 18 10 17 2 16 12 6 7 16 13 19 10 5 10 1 1 6 4 4 2 19 1 8 13 18 5 12 14 16 5 19 1 17 9 5 14 4 11 7 6 4 20 6 12 5 7 15 11 2 7 13 7 4 11 16 7 14 10 2 19 7 11 5 11 9 17 1 8 14 3 6 5 3 8 9 11 20 16 10 12 1 5 6 8 14 5 18 2 5 11 13 1 9 5 17 12 16 13 12 19 14 16 13 3 17 12 11 20 6 12 18 3 5 5 15 9 4 13 8 14 1 14 7 7 6 6 12 4 10 14 17 9 20 17 17 1 3 19 18 10 16 11 3 12 17 5 14 5 15 10 3 7 14 12 3 9 18 14 2 9 2 1 5 4 12 7 7 14 15 6 1 16 4 12 11 15 14 16 14 14 15 15 7 8 12 3 11 7 10 13 15 13 13 16 14 10 14 9 10 20 3 16 10 1 4 7 14 17 14 10 20 16 3 17 15 3 4 6 4 2 2 9 5 1 4 8 11 16 19 4 8 1 15 16 4 10 15 16 18 1 14 15 12 10 4 8 7 6 5 11 4 17 4 15 8 10 4 6 10 1 20 5 11 19 1 10 15 14 19 13 6 9 9 16 9 18 6 2 6 7 16 17 1 5 1 9 16 20 7 2
18 14 6 11 12 1 14 8 16 10 12 6 10 15 5 19 12 15 19 11 4 12 15 8 16 7 2 6 3 16 1 1 19 12 1 16 16 13 2 10 2 19 2 20 4 4 8 19 14 12 19 9 20 18 13 15 20 10 15 6 19 20 14 5 10 4 15 8 15 2 4 12 18 11 2 3 18 1 6 19 19 13 1 6 10 9 2 8 17 6 7 9 15 13 5 16 1 19 5 15 16 10 2 2 7 7 20 15 2 8 19 7 19 18 12 2 15 11 1 7 1 14 5 10 12 1 9 19 2 13 19 5 13 20 2 8 15 13 8 8 12 2 18 12 6 16 13 11 16 7 11 1 6 1 17 20 10 9 5 17 0 12 16 1 11 20 18 12 4 12 18 18 10 10 5 1 11 4 8 10 13 19 19 18 9 8 9 7 19 7 1 3 8 3 10 17 4 1 18 4 17 1 13 12 1 7 5 10 19 12 17 5 17 14 20 8 17 16 9 4 7 13 12 17 1 15 8 18 11 1 9 16 20 16 11 13 15 4 16 13 7 18 19 1 17 10 18 19 16 18 9 14 8 20 6 5 4 18 18 17 20 10 15 17 20 16 17 19 2 12 8 10 4 5 20 7 2 8 10 5 20 17 1 3 14 4 8 6 20 19 9 11 10 11 2 2 5 9 13 2 7 18 10 16 4 19 2 6 8 3 18 6 6 17 16 19 10 15 16 6 3 9 19 20 15 20 12 4 16 14 16 13 4 12 12 14 6 3 2 11 11 20 12 11 16 14 7 6 13 16 7 13 13 6 8 12 9 10 17 15 2 12 17 6 20 2 9 2 17 19 8 9 16 1 1 3 12 3 17 1 19 8 13 6 8 14 19 17 12 2 18 16 12 13 13 4 11 7 9 16 10 18 14 16 10 2 5 16 5 19 18 5 10 8 16 13 4 17 3 17 5 3 5 8 5 15 19 16 18 7 8 5 6 10 6 9 10 9 7 5 3 2 3 18 19 2 6 4 1 4 8 13 8 8 4 17 15 11 8 9 18 16 20 1 11 20 4 17 20 15 12 13 12 5 6 10 12 6 7 8 1 19 5 13 2 15 1 18 19 11 16 20 6 8 3 9 11 10 1 11
8 11 15 9 9 19 2 4 12 20 17 7 18 17 9 7 9 1 6 10 7 16 1 14 13 20 17 19 14 14 2 14 9 16 13 9 19 12 14 12 9 10 4 6 2 6 6 13 10 2 20 12 15 10 16 8 19 8 11 3 4 18 17 14 13 13 8 9 11 13 17 20 12 9 17 5 5 11 13 16 19 5 15 4 13 3 18 6 15 19 16 14 3 20 1 9 11 13 17 3 13 13 6 1 3 10 14 7 18 17 19 11 6 10 16 8 12 17 7 4 5 19 11 6 2 5 7 17 8 19 17 2 7 11 3 8 5 5 8 14 9 7 1 16 2 11 5 9 8 18 16 12 10 13 5 13 10 5 2 6 7 0 9 16 10 16 5 7 16 15 13 9 11 18 14 18 5 12 6 6 18 17 6 5 11 18 5 1 14 19 17 12 10 5 17 5 10 5 1 8 18 2 10 8 5 17 5 1 9 7 12 2 18 10 19 13 17 4 5 18 9 18 3 11 1 15 15 12 8 15 1 18 16 8 5 3 7 11 13 6 19 6 19 2 14 19 3 3 16 7 10 20 15 5 14 3 17 8 11 12 18 10 16 10 10 12 9 3 18 20 10 4 3 2 6 8 2 14 4 14 10 3 6 15 15 17 13 12 18 13 16 19 3 10 5 18 1 14 1 9 14 11 1 18 15 11 1 10 5 5 15 13 4 14 12 10 14 18 18 9 2 18 12 5 5 17 5 15 11 7 14 13 1 14 3 5 11 12 14 12 6 11 19 4 8 7 8 13 13 7 3 18 2 17 5 13 3 6 6 10 3 9 19 8 7 4 17 1 5 7 13 19 10 20 9 10 20 8 17 13 18 7 4 16 9 15 17 19 8 5 8 4 9 15 14 20 9 3 13 15 13 4 14 10 7 8 6 2 2 10 6 15 10 6 19 13 7 19 3 14 2 12 7 4 11 4 12 5 6 15 20 1 19 3 7 14 19 6 17 6 6 4 15 13 13 16 4 14 1 19 17 18 11 18 2 8 7 20 6 5 17 5 9 8 12 14 17 3 10 1 19 14 17 10 3 11 2 10 12 3 18 18 7 15 10 17 17 18 10 17 12 18 20 13 9 17 12 14 6 18
6 18 4 11 12 12 11 1 6 7 3 15 4 15 19 3 6 13 18 19 6 12 5 1 16 1 15 2 2 1 2 1 7 16 18 3 1 5 9 13 16 2 2 8 15 6 9 9 14 16 13 7 10 12 6 17 11 20 11 12 9 17 9 16 10 18 6 15 17 1 13 9 6 5 20 18 7 19 6 16 20 19 2 4 16 3 20 7 1 11 16 4 1 11 13 7 20 6 12 11 16 8 19 14 8 13 4 14 3 5 1 3 2 8 1 2 8 9 17 20 9 15 4 7 16 1 1 10 15 17 7 3 18 6 13 18 18 9 15 12 9 1 15 12 7 8 7 12 18 4 18 3 5 5 2 11 11 8 12 20 13 1 0 7 14 5 9 7 14 1 3 20 18 5 5 8 8 7 2 1 19 11 6 8 7 14 19 7 4 2 2 18 16 7 5 5 15 18 10 16 5 3 19 18 13 6 6 14 7 10 19 9 19 9 6 7 17 17 19 16 8 9 17 15 19 15 4 18 20 12 4 4 2 16 14 11 2 12 1 17 6 16 15 18 15 10 14 7 12 1 12 3 1 11 15 18 11 15 14 3 18 10 10 13 11 18 13 16 17 20 4 20 20 5 14 8 16 3 10 18 15 1 7 1 7 6 15 18 6 10 3 17 16 6 2 11 10 20 1 9 20 9 7 2 7 19 5 16 12 14 6 10 13 20 10 7 2 4 10 10 15 11 2 8 6 1 18 20 12 13 13 5 7 6 8 17 16 18 11 13 9 14 6 19 20 1 2 1 7 9 12 20 11 8 6 16 6 19 13 18 4 9 13 14 10 14 3 19 3 8 11 11 7 19 14 8 10 14 15 14 12 3 15 5 10 9 7 20 16 20 4 20 12 13 10 20 8 17 7 12 11 3 12 1 11 13 10 3 8 10 4 6 13 9 13 4 16 2 9 12 19 12 8 3 8 15 3 8 14 17 10 2 20 5 18 10 20 12 2 7 14 5 15 1 1 16 13 11 5 2 10 8 2 17 11 1 12 14 5 6 16 12 9 18 13 13 4 1 19 3 4 1 15 15 7 4 1 3 19 9 16 9 7 7 5 18 2 6 14 18 1 14 14 3 17 18 3 1 20 14
3 1 10 20 4 6 14 15 12 15 12 18 7 18 16 1 20 2 18 14 11 11 9 11 16 17 1 3 17 17 17 3 12 4 9 9 17 20 4 5 10 8 3 11 6 6 15 17 12 2 4 13 13 19 19 18 8 5 16 2 2 6 14 20 18 17 12 8 19 17 17 16 5 17 9 11 17 10 8 5 17 8 14 7 19 19 14 9 8 5 17 20 3 19 4 14 3 18 17 15 9 20 11 1 14 19 8 11 10 4 10 5 11 16 6 12 9 12 2 15 5 17 5 9 18 14 6 14 3 12 5 6 7 8 11 5 10 5 13 20 13 18 2 16 1 3 7 7 8 3 3 2 12 20 10 13 19 17 7 13 13 5 7 0 10 16 6 1 20 16 12 10 2 11 2 18 7 7 6 6 11 14 16 7 5 1 2 7 6 15 9 18 7 20 1 10 20 11 4 11 5 4 19 17 14 2 10 16 5 19 2 11 5 17 9 20 19 12 9 1 6 20 18 11 4 12 12 18 16 15 11 2 13 14 6 19 20 10 2 20 3 9 6 12 17 1 5 3 14 10 11 1 12 4 12 2 9 16 6 5 18 17 19 20 7 1 7 15 6 19 5 10 4 9 19 11 19 1 9 2 6 6 13 6 12 11 2 15 5 15 4 6 11 7 1 20 11 16 12 7 19 12 13 11 1 2 4 6 3 3 6 19 14 12 1 9 3 19 2 8 5 2 15 18 18 1 18 17 3 16 8 9 16 18 16 16 2 16 5 19 14 8 6 18 19 7 18 18 12 17 9 14 13 4 8 18 3 11 17 13 11 13 20 6 4 11 3 3 12 7 16 20 19 6 7 14 12 19 7 17 5 10 2 14 5 2 1 11 16 15 1 17 13 4 7 13 20 9 13 20 13 14 17 19 20 13 1 2 2 17 15 19 8 20 5 19 5 11 4 18 2 15 15 14 13 18 16 6 5 5 12 19 8 18 8 17 17 2 9 6 14 6 11 3 10 8 9 18 4 17 1 16 13 20 14 7 3 2 1 19 16 15 12 20 2 13 8 3 14 12 19 9 6 15 16 11 1 5 14 2 6 14 5 18 18 16 2 4 7 19 6 5 3 6 2 9 11 12 2 20
1 9 1 4 15 9 10 15 6 1 12 18 12 10 4 15 11 9 14 8 9 17 12 20 13 6 18 6 12 16 4 9 16 3 16 16 10 14 14 10 19 18 4 6 15 18 3 7 12 19 20 5 7 18 1 15 17 19 20 14 6 5 19 8 18 20 20 10 14 18 6 18 1 1 9 13 12 4 5 17 13 11 1 18 14 3 8 10 7 13 13 17 3 13 12 3 17 18 1 19 9 14 18 18 14 6 19 13 7 20 18 8 5 4 2 10 13 17 5 8 11 14 3 19 7 7 5 6 1 3 18 1 2 9 10 11 8 8 11 12 19 3 5 4 4 1 5 12 14 8 18 10 19 15 5 12 6 16 20 14 1 2 16 2 0 15 4 17 17 5 10 10 1 10 2 14 18 12 10 7 3 10 8 15 11 11 14 2 10 12 4 4 8 19 16 4 20 4 10 8 9 3 11 12 16 14 6 6 12 5 8 16 5 19 3 14 5 11 18 15 5 10 15 7 12 8 8 16 8 11 1 18 13 7 19 1 13 4 17 20 12 6 6 16 4 6 19 12 19 4 2 13 2 14 8 9 15 7 8 8 6 3 1 3 5 3 20 15 6 19 19 5 16 14 20 16 19 17 18 7 2 20 6 14 14 15 16 15 18 11 5 7 1 4 13 13 3 4 16 6 7 16 8 11 3 17 5 3 18 1 4 13 19 8 19 14 14 2 6 14 3 12 1 15 16 1 20 10 19 19 10 8 15 10 12 3 8 4 12 6 9 16 6 7 3 12 16 2 9 3 16 6 11 1 16 9 8 10 15 19 1 8 2 17 5 18 19 17 11 5 20 1 15 12 6 20 16 6 2 16 13 10 8 16 8 8 12 3 12 6 1 15 11 7 13 19 5 20 6 15 7 8 1 2 19 2 18 17 15 4 7 12 9 2 20 20 7 15 8 19 15 1 18 14 9 1 17 14 19 12 20 18 17 3 10 9 19 2 2 20 16 9 9 5 14 15 9 11 16 8 14 20 17 17 1 10 5 14 6 11 5 11 14 3 6 7 12 6 5 20 5 15 11 18 2 3 10 8 1 7 14 19 20 7 14 8 7 5 18 18 13 5 5 12 5 12 12 16 3 20
3 20 9 19 9 14 16 17 18 3 12 12 11 11 19 14 4 6 15 10 14 4 6 4 7 15 1 19 16 19 2 17 5 5 5 6 18 11 18 6 5 10 7 1 4 10 15 16 20 16 13 5 6 19 6 11 17 13 17 14 10 7 10 1 4 10 4 13 2 7 1 10 20 11 7 6 9 10 17 14 2 10 16 8 8 9 13 5 16 9 14 19 20 13 13 12 19 5 16 19 7 8 16 16 14 16 10 10 13 12 3 11 20 7 5 8 1 13 6 3 4 11 2 17 1 3 11 8 4 8 5 6 18 11 19 4 6 18 1 18 18 4 12 16 12 20 13 11 3 2 8 18 4 2 1 6 19 2 13 5 10 10 6 15 15 0 3 9 8 20 9 9 9 20 11 8 16 20 17 7 3 7 1 10 20 8 12 7 15 6 7 20 5 16 17 6 19 14 9 17 13 4 9 7 18 10 1 19 6 5 11 9 12 5 20 18 4 5 1 2 8 17 18 2 19 8 15 3 10 20 4 6 15 19 10 1 11 16 5 2 19 15 15 4 6 4 13 1 9 6 18 10 13 15 8 6 16 9 18 5 19 19 13 13 12 11 3 2 2 16 3 18 17 19 8 20 6 3 11 5 17 6 4 19 14 13 11 19 3 19 20 11 10 3 19 1 18 8 2 18 1 14 1 10 19 3 2 1 16 1 15 18 16 17 4 19 15 16 2 2 18 3 15 3 1 8 5 17 9 8 6 5 8 3 3 17 9 19 15 19 15 16 6 15 7 12 7 20 16 10 14 3 12 4 1 8 18 4 5 11 3 13 20 3 10 19 9 2 11 15 18 6 7 1 13 15 6 15 6 10 6 10 11 3 11 18 9 15 3 5 16 10 9 5 10 10 10 17 4 7 13 20 20 7 7 14 16 5 10 15 3 11 6 2 12 10 13 8 2 11 1 7 20 6 1 17 17 19 15 13 13 9 16 12 19 1 7 5 18 16 6 19 19 9 19 10 3 16 2 4 6 20 16 9 20 2 11 15 15 14 20 19 14 18 5 13 12 19 10 14 15 4 18 16 13 18 15 18 9 13 18 6 3 9 16 4 1 16 15 18 10 15 3 2 6 12 12 15 16 18
4 9 7 14 19 9 17 5 13 16 20 17 15 18 20 15 8 9 12 10 10 20 10 1 15 17 11 17 18 14 14 2 20 15 3 2 12 9 14 1 7 4 13 6 3 7 5 11 19 19 1 3 11 18 3 11 7 16 8 3 14 19 17 14 8 14 4 18 5 20 1 5 18 17 3 20 8 6 3 6 4 12 3 19 6 15 6 15 1 9 16 2 10 20 15 6 17 16 19 14 11 9 17 3 9 10 17 20 14 16 6 19 16 7 2 17 6 14 4 8 20 15 7 5 2 3 16 4 18 20 3 20 19 15 20 4 18 10 10 10 18 14 15 12 4 20 20 14 7 15 9 17 9 7 16 4 6 11 19 17 15 11 11 17 1 9 0 13 6 17 9 1 12 10 5 19 1 11 7 13 1 3 6 2 14 18 17 11 17 18 16 2 17 6 3 19 16 1 20 14 9 11 6 2 4 12 7 20 3 4 13 10 14 9 13 14 1 1 13 20 10 4 3 3 11 6 2 16 17 19 10 15 4 13 5 3 10 13 6 20 7 13 8 10 3 17 14 15 17 2 19 17 13 4 9 16 2 1 18 4 12 12 15 7 2 13 14 4 6 8 16 16 15 20 15 6 8 10 11 7 3 17 15 17 3 16 2 2 17 7 9 8 3 12 2 9 2 7 19 8 6 5 2 10 5 10 17 2 3 20 9 3 1 16 9 3 12 3 20 13 19 1 14 8 16 18 8 6 11 14 14 6 10 1 2 11 19 4 12 10 15 8 13 9 14 5 11 20 15 16 10 5 3 5 11 1 5 8 19 8 15 10 11 1 20 12 11 20 6 16 7 2 1 12 17 14 7 9 14 1 6 3 6 13 3 10 7 20 15 2 8 8 12 1 15 20 14 6 15 4 19 17 3 4 8 15 4 6 15 1 5 6 4 16 7 1 17 17 10 19 3 8 2 15 9 3 11 12 14 16 6 7 20 9 11 13 15 14 2 13 9 15 14 20 14 19 7 4 1 12 11 1 15 9 4 6 2 7 7 4 11 7 7 6 12 2 11 2 12 11 18 2 16 16 8 3 7 13 18 2 9 3 19 14 7 16 11 19 17 18 4 9 9 20 7 17 14 5 4 4
9 9 17 1 1 7 14 12 20 8 5 20 15 1 3 17 12 15 12 5 18 9 13 18 12 7 5 14 17 14 14 3 17 16 3 6 13 2 15 2 9 1 13 9 16 3 9 7 5 8 1 2 13 16 15 5 11 6 5 5 2 6 5 3 4 16 4 7 5 4 8 3 18 16 6 6 5 20 18 10 6 12 8 2 17 2 18 15 8 6 18 11 3 15 17 15 14 4 18 5 15 14 16 11 9 19 8 13 5 8 11 9 10 14 11 10 1 16 2 14 8 11 1 13 3 7 9 9 1 11 13 13 14 4 15 15 3 6 2 20 4 8 17 9 20 17 7 16 9 14 19 10 10 17 9 18 10 14 16 15 18 10 16 9 6 15 4 0 3 2 11 10 20 19 1 14 2 11 16 19 1 10 14 8 15 6 20 13 6 19 5 10 10 3 7 11 4 18 20 9 15 8 14 16 10 13 18 10 4 10 5 12 13 1 17 6 19 10 10 18 12 6 11 10 6 5 16 8 16 12 5 2 6 14 17 14 5 11 11 13 18 2 15 1 10 17 14 18 19 10 2 17 8 10 2 12 16 13 2 6 2 15 16 14 1 13 12 9 5 2 16 4 12 8 17 9 11 8 16 3 6 5 9 7 16 9 9 9 6 7 2 6 1 10 18 20 6 11 8 12 14 10 18 17 11 7 18 11 9 15 20 8 4 20 18 10 6 12 15 11 14 15 5 2 14 2 1 7 5 6 16 4 17 2 2 12 8 10 2 2 18 12 10 12 5 16 11 15 15 18 12 19 18 5 13 6 8 9 7 16 9 10 2 15 19 4 6 15 4 7 13 10 20 17 16 11 19 15 6 20 15 12 20 4 12 17 19 17 3 3 6 12 15 17 9 10 1 6 19 20 14 6 4 17 9 3 15 19 1 5 19 14 4 1 8 14 16 19 11 4 19 16 7 20 9 9 8 20 9 10 17 5 5 5 7 11 17 17 5 16 12 7 2 12 1 5 4 14 18 17 3 8 13 10 15 15 5 4 4 14 20 9 9 15 17 14 19 6 18 4 1 15 2 13 14 9 12 17 9 12 13 13 10 5 15 17 3 2 10 13 2 1 20 20 16 14 11 4 20 20
13 16 17 15 18 3 19 16 9 6 3 4 16 1 7 2 14 10 7 18 1 13 13 8 5 1 13 2 17 11 2 4 10 2 18 13 6 13 14 15 11 1 17 7 13 10 17 9 15 20 7 10 15 18 7 11 18 16 14 7 13 6 18 9 20 6 9 15 20 1 18 13 16 12 18 18 19 15 17 4 1 1 20 7 7 8 16 18 9 2 10 6 16 3 10 4 11 9 4 8 14 6 18 6 12 3 1 8 6 7 12 10 20 11 8 10 6 10 14 1 9 10 1 12 14 11 4 4 9 3 18 16 18 4 6 3 11 1 15 20 6 1 7 5 1 17 16 6 14 8 7 7 7 1 20 12 10 14 6 7 11 7 19 7 12 4 15 18 0 20 19 14 15 2 20 5 7 11 20 6 16 9 18 2 20 16 18 2 10 20 13 18 10 8 1 14 7 4 6 12 7 10 19 8 19 19 9 5 3 6 14 19 6 8 16 18 8 15 11 4 2 8 16 14 5 12 11 13 16 11 5 15 4 15 13 11 2 9 2 14 3 18 9 4 6 3 12 5 19 15 20 8 9 12 1 4 11 4 1 9 2 3 15 11 15 14 15 14 9 3 11 19 2 11 3 8 6 9 4 13 6 12 5 17 4 17 8 9 19 20 15 13 2 1 7 19 7 6 7 16 15 12 13 18 5 1 1 17 16 12 3 7 19 9 16 18 5 3 2 5 8 8 3 20 4 11 17 10 5 2 18 2 8 19 18 11 17 3 13 15 10 6 19 15 10 19 15 18 2 1 7 18 15 8 4 7 5 14 12 8 8 18 5 7 15 17 10 13 6 10 5 19 9 17 1 6 5 11 5 19 9 17 5 7 14 18 16 10 5 13 15 14 10 20 15 8 10 5 18 4 2 3 7 15 4 13 16 4 4 1 16 10 19 4 19 4 11 17 6 15 19 16 19 16 20 11 5 20 4 17 1 1 12 8 18 16 6 20 16 16 5 1 20 7 12 6 3 2 12 11 17 11 19 16 20 4 10 9 14 17 4 4 14 13 10 5 3 13 18 2 2 3 18 10 8 8 16 10 12 6 15 11 6 13 11 5 8 4 5 10 8 14 20 3 18 1 8 9 17 14
12 10 1 3 8 9 5 20 15 15 17 9 12 8 1 11 14 17 17 4 8 13 9 18 3 9 18 13 8 16 18 17 19 15 17 9 15 15 11 11 7 5 17 8 10 14 18 11 17 18 8 16 11 6 3 14 13 10 17 15 18 12 17 4 17 13 16 15 3 18 3 10 11 2 4 1 18 6 12 18 3 18 5 18 8 6 5 7 7 15 15 19 10 12 2 18 15 15 16 2 17 11 19 1 6 15 6 9 17 13 2 19 10 20 14 2 10 12 8 5 11 3 19 12 15 3 10 14 18 1 20 19 18 18 10 18 2 6 1 11 5 15 2 16 1 2 20 9 11 5 7 16 10 4 15 10 9 12 18 19 13 17 13 15 11 15 6 15 7 0 8 9 6 7 10 4 7 20 10 5 18 18 6 8 19 19 19 1 20 10 5 6 16 19 9 16 1 18 19 7 16 12 18 17 15 2 15 15 10 2 4 1 2 17 3 1 16 1 18 17 19 8 15 2 6 13 17 6 1 5 20 5 14 1 2 6 12 11 18 4 11 13 20 20 15 12 6 10 12 2 1 19 6 10 18 2 19 11 3 4 12 10 8 7 20 12 18 14 14 12 8 1 18 7 2 5 17 4 20 6 20 13 14 8 6 9 3 16 17 13 13 20 2 7 4 19 9 16 20 18 19 9 4 13 2 12 8 11 18 15 16 5 8 19 1 14 10 7 9 19 8 11 2 4 18 2 19 1 2 1 5 17 8 9 11 15 16 13 15 1 8 6 9 1 16 16 16 10 9 7 19 8 16 13 4 13 19 16 10 17 15 20 9 7 7 1 20 17 14 19 1 11 12 5 18 13 16 3 8 9 7 18 12 6 17 14 18 2 9 11 6 18 6 6 14 11 14 6 9 3 13 8 16 2 13 11 12 13 19 18 4 13 15 16 4 20 19 4 20 8 19 8 8 11 2 19 12 16 17 3 1 18 4 11 17 10 11 18 4 3 11 5 11 15 2 7 19 7 4 18 11 10 2 16 6 3 6 9 5 19 5 19 12 6 10 9 1 8 20 5 16 17 3 15 13 2 9 19 1 18 20 8 12 4 4 4 15 20 19 14 8 7 1 14 8 3 20 6 7 5
4 5 8 2 19 16 17 11 17 16 4 11 17 15 8 19 18 8 9 15 14 7 14 11 3 12 10 6 2 6 17 2 9 4 11 5 7 13 18 8 19 8 4 7 6 6 13 10 8 8 10 20 20 1 13 14 16 5 7 5 9 15 4 2 20 4 3 11 18 12 15 15 14 5 11 1 17 1 5 12 14 3 10 15 8 10 13 9 2 13 16 18 11 8 4 12 1 14 12 10 2 16 13 17 15 3 3 19 6 8 2 2 18 4 6 2 15 2 7 18 4 12 2 6 12 2 15 15 6 5 3 14 3 1 8 8 4 4 12 14 1 11 15 4 10 14 6 7 3 7 2 12 20 11 14 4 12 11 3 12 11 13 6 5 16 12 17 18 14 6 0 9 18 17 20 8 13 2 1 3 13 5 3 18 12 9 9 20 8 13 14 6 14 12 17 14 4 6 4 17 16 16 6 9 2 15 12 2 5 11 9 9 15 5 14 4 8 7 14 3 1 12 18 6 1 16 9 10 8 16 4 6 16 20 14 15 8 13 9 1 12 19 17 6 3 18 19 5 18 2 10 17 6 2 17 16 2 6 11 1 5 3 15 9 15 15 3 3 20 16 8 12 11 19 8 10 19 20 8 20 14 13 19 17 7 10 1 14 8 16 8 1 2 10 5 20 13 5 3 12 17 8 10 18 8 15 11 10 6 14 7 17 5 19 12 20 11 1 20 7 10 17 2 1 10 2 7 11 19 17 5 9 19 9 19 16 16 4 19 4 15 15 17 9 18 17 8 12 13 19 16 19 13 5 16 1 13 12 4 7 12 18 18 3 19 10 15 19 12 12 10 5 11 18 16 19 9 20 10 8 13 13 11 4 10 4 6 11 12 2 11 20 20 2 20 14 7 3 19 5 3 19 4 16 6 11 9 9 14 9 8 3 2 6 15 15 12 6 20 18 15 20 19 12 2 13 13 8 10 19 20 11 8 18 8 4 17 5 9 1 8 1 19 8 19 5 6 7 19 1 6 9 14 10 10 11 17 6 5 2 2 5 16 11 8 11 15 11 12 7 1 7 12 17 19 17 15 12 12 6 2 5 8 7 3 17 3 14 15 11 20 3 10 15 9 14 16 15 3 20
4 4 16 3 4 3 3 14 19 20 18 5 13 13 10 2 16 17 13 15 7 15 9 14 12 1 3 1 12 6 11 10 8 8 13 15 6 8 15 18 18 11 18 19 17 18 15 2 12 11 18 12 18 17 3 1 6 15 12 10 7 19 18 20 2 15 4 10 4 13 8 15 14 13 15 16 19 13 8 11 14 15 2 10 4 18 15 2 1 1 12 11 10 5 6 7 14 8 20 6 4 13 4 5 12 14 8 15 17 12 18 11 18 12 6 16 4 6 20 1 13 10 5 5 13 13 7 15 20 14 5 7 5 10 8 20 2 3 17 2 6 10 7 9 18 11 13 12 6 9 17 4 11 13 10 6 8 12 4 15 13 15 3 17 1 7 8 10 2 12 17 0 8 16 15 17 10 15 6 3 3 4 2 5 18 3 19 6 19 20 20 19 13 9 16 14 5 11 19 7 14 19 1 18 20 19 9 19 5 1 12 1 2 7 3 18 5 4 8 10 10 6 19 7 16 10 19 17 7 18 7 10 16 13 19 3 19 13 9 12 4 5 1 18 12 18 13 1 1 10 19 14 1 14 8 12 12 11 2 10 14 9 10 7 17 13 10 1 6 19 5 13 7 10 10 7 9 8 6 18 3 5 9 8 9 7 5 13 17 1 10 12 4 5 6 8 2 7 12 5 9 11 1 10 2 11 14 20 19 18 5 14 1 18 17 9 15 17 17 13 1 19 17 3 19 2 10 9 7 1 12 10 7 3 3 16 7 11 7 19 8 7 8 16 10 12 15 20 18 9 8 8 18 9 3 16 5 10 1 8 1 5 11 15 10 17 19 5 6 20 2 2 16 15 6 15 2 1 5 1 20 11 14 15 10 2 3 12 11 16 16 20 4 15 9 19 15 6 17 2 16 3 13 19 16 1 5 15 17 14 7 16 12 12 2 11 1 19 2 6 11 2 2 8 14 12 6 3 7 1 8 8 18 8 7 16 3 4 3 16 5 11 15 15 1 19 3 20 8 3 19 3 18 20 9 7 16 11 10 5 11 4 5 11 7 14 3 10 18 5 3 4 13 8 6 9 8 6 1 3 2 16 8 6 19 3 20 2 17 1 7 1 18 1 8 18 11 12 2 19
2 19 5 10 16 8 17 18 10 15 15 5 17 11 16 16 2 6 2 12 10 5 5 7 13 7 7 9 13 4 4 8 7 7 1 15 14 4 3 10 12 14 18 20 3 14 15 10 11 5 10 2 17 9 13 7 9 7 18 14 15 11 5 9 5 15 12 5 10 20 1 15 9 8 8 10 1 18 14 17 6 11 14 8 18 11 6 7 13 20 12 3 5 8 15 16 14 9 8 11 19 8 2 11 8 14 3 4 8 20 7 17 17 11 7 6 9 6 18 16 1 20 6 11 1 8 3 20 17 11 18 12 18 20 7 12 7 13 9 4 16 17 8 8 12 4 6 16 1 14 12 9 11 11 2 19 11 5 16 11 13 15 15 14 9 4 10 4 19 2 15 12 0 17 3 8 12 6 17 4 7 2 10 13 7 8 7 19 5 4 7 4 10 17 7 9 8 9 2 1 7 12 19 20 8 8 3 8 14 16 15 18 13 10 14 12 1 1 10 18 16 14 7 18 11 18 1 12 20 1 19 2 11 9 20 7 3 8 14 6 11 10 10 19 3 20 15 14 4 18 18 7 17 17 15 14 2 9 9 2 20 13 5 13 12 16 4 11 19 5 11 5 11 12 16 11 1 7 12 5 19 18 12 7 13 13 1 2 6 19 11 9 19 18 3 17 9 8 9 10 20 18 2 18 14 8 4 4 11 15 16 14 15 17 16 15 11 3 3 16 17 8 20 17 1 15 1 17 13 4 9 11 16 13 3 17 2 2 19 16 3 17 1 16 18 15 9 12 15 12 2 14 5 11 10 3 4 19 17 5 2 16 6 18 15 20 15 13 6 4 15 3 10 1 19 2 3 20 15 11 4 4 13 17 15 14 6 7 11 16 16 17 9 3 10 6 4 6 2 15 20 16 5 5 20 5 11 13 8 20 17 6 8 17 5 15 17 4 2 8 19 10 12 20 9 5 17 4 9 8 4 18 1 16 1 15 14 11 16 10 6 15 5 12 9 12 7 1 1 20 14 18 12 15 11 6 3 6 10 9 20 4 17 11 6 9 11 3 1 19 2 14 14 20 15 16 15 5 4 10 13 15 9 4 14 17 11 11 11 9 7 20 11 14 7 13 18 18 4 3
11 7 19 3 12 11 16 5 9 2 12 20 17 1 18 6 15 19 14 15 4 16 13 3 12 10 14 11 5 9 10 12 10 17 16 13 13 10 1 6 15 18 9 5 17 16 9 15 15 9 16 7 9 9 17 7 5 17 14 19 6 5 12 17 20 20 19 9 13 19 8 14 2 10 4 20 11 20 2 2 2 15 15 2 3 5 4 6 7 19 20 13 6 2 13 4 11 13 16 14 4 18 19 15 6 7 5 16 5 14 5 7 3 16 3 14 5 10 10 2 13 16 11 6 5 8 18 11 20 8 2 2 18 9 17 16 11 5 19 16 15 5 11 14 7 6 9 6 2 1 15 20 9 8 8 12 17 2 11 11 14 12 15 8 16 7 1 2 10 8 7 8 1 0 5 10 7 6 16 8 19 18 5 14 6 9 18 13 6 1 2 20 11 14 10 1 1 6 17 4 1 20 3 1 14 17 4 11 12 16 6 10 11 3 6 8 14 14 19 6 9 17 16 15 17 15 6 4 11 4 3 16 20 13 7 16 1 8 16 9 7 9 13 17 19 20 10 1 11 3 14 5 3 3 3 7 9 16 15 7 2 12 16 17 17 20 1 7 3 19 18 11 3 15 17 5 12 6 14 20 4 18 2 14 6 2 9 13 15 13 1 14 11 8 6 18 12 10 2 4 17 1 13 11 6 14 3 14 3 18 20 14 2 15 6 15 19 8 5 4 13 15 4 17 5 7 7 6 7 5 4 4 20 16 15 8 4 9 8 8 8 9 7 20 5 15 15 15 12 11 12 17 16 16 11 6 3 8 8 5 11 20 18 15 7 19 1 11 7 5 17 18 12 3 5 8 5 1 6 15 19 19 4 13 6 11 13 4 14 19 11 17 17 17 12 6 14 12 4 19 13 6 8 19 18 2 20 20 2 10 17 13 20 15 9 8 7 17 17 18 15 16 8 13 5 12 9 4 11 19 17 1 15 10 13 19 17 3 8 19 7 6 14 12 3 4 1 4 7 17 7 9 1 5 5 15 13 5 5 3 2 11 10 9 12 20 9 12 3 1 4 7 8 14 14 6 18 10 17 12 8 13 1 5 15 2 19 1 18 18 5 10 5 16 18 4 4 13 3 5
16 15 2 9 5 17 15 4 13 12 5 14 18 11 3 20 5 19 10 4 20 10 7 13 17 8 15 19 19 20 2 8 2 20 16 1 18 15 7 4 17 1 14 13 12 12 4 18 20 8 4 3 2 17 3 19 19 9 2 15 19 18 4 4 3 12 7 1 16 16 12 12 6 20 17 19 15 1 6 11 20 15 19 5 9 16 5 16 1 16 9 10 17 2 15 20 8 9 4 7 4 7 1 4 1 6 14 8 1 10 18 13 7 19 3 11 12 20 17 7 3 13 3 1 7 10 17 16 4 18 6 6 17 1 14 10 5 8 18 17 1 18 15 19 16 10 2 13 16 8 15 6 9 5 1 18 16 14 6 16 2 7 8 8 12 12 19 17 14 10 18 4 12 18 0 12 4 14 1 18 14 3 18 18 9 6 4 19 13 12 14 17 9 4 9 4 13 16 15 12 1 4 8 15 1 10 5 3 3 19 3 6 12 3 15 20 6 12 4 18 12 15 13 1 9 17 3 3 6 20 18 7 13 18 18 6 3 13 2 20 9 8 9 5 20 8 2 11 10 2 18 16 13 16 16 16 16 8 12 18 2 1 6 4 18 5 14 8 14 8 17 12 20 6 15 10 15 19 20 18 4 17 20 19 9 2 5 8 18 11 9 16 11 17 14 18 12 6 15 2 7 19 4 15 20 10 6 11 16 20 5 7 16 5 17 6 7 19 18 19 11 3 15 14 8 10 6 18 17 17 15 15 8 11 8 13 12 9 2 8 9 16 1 3 6 11 10 11 17 4 5 6 4 5 4 14 17 1 10 18 8 6 14 6 3 5 12 7 10 15 17 18 2 8 4 2 2 16 2 19 12 5 16 1 17 11 7 4 2 7 1 8 20 20 7 11 15 8 4 17 5 14 18 13 20 20 14 13 20 7 16 12 20 11 6 20 11 7 3 5 9 15 6 19 5 14 9 9 18 1 19 13 2 14 20 3 11 4 16 20 11 15 4 18 6 5 16 19 15 5 14 3 7 20 12 15 5 14 1 11 2 19 15 1 6 12 10 9 16 16 19 10 9 9 2 11 9 3 5 1 12 11 18 18 18 15 11 15 12 11 19 1 17 16 20 16 4 15 14 20
16 12 9 12 8 10 17 13 10 3 20 1 18 14 20 11 1 7 17 17 7 2 3 17 17 18 12 2 17 16 13 6 15 16 6 8 9 19 15 2 7 8 1 16 1 18 4 6 18 18 14 15 11 19 14 19 18 17 14 12 14 3 8 11 14 4 10 12 17 10 5 20 10 9 12 8 20 18 7 3 14 8 3 16 4 4 10 13 15 5 17 17 5 10 19 17 16 13 19 6 3 1 9 4 13 19 1 14 19 13 7 16 20 11 7 3 20 13 15 3 20 2 13 6 20 6 16 20 15 1 3 14 20 19 3 6 6 15 16 11 18 7 16 14 7 19 4 20 7 17 6 3 15 7 10 14 19 10 9 20 4 10 3 1 5 1 20 16 14 13 8 2 15 11 15 0 7 2 6 7 10 19 17 18 16 3 18 9 17 1 7 4 5 1 9 20 2 5 3 7 18 7 11 6 16 18 7 7 4 10 19 9 17 2 3 8 9 1 4 14 8 2 16 18 13 19 14 12 2 5 17 13 16 20 12 9 10 13 5 12 12 8 12 6 7 3 8 9 4 13 20 3 6 1 3 6 1 13 19 19 2 13 17 3 16 18 3 4 13 16 3 4 6 17 20 19 8 4 10 5 11 15 10 5 18 3 8 1 14 7 6 3 10 11 10 14 19 7 12 7 9 13 16 4 16 5 7 2 1 19 1 11 5 13 6 5 2 13 17 6 19 12 3 8 4 14 20 8 1 15 19 9 8 5 2 7 7 17 14 1 2 3 4 17 4 10 15 4 7 4 12 7 7 7 8 12 2 9 14 12 18 12 8 19 10 17 4 3 20 2 11 18 9 7 10 1 1 16 1 2 15 14 9 9 16 20 19 12 3 11 2 14 11 19 7 3 15 12 9 5 7 1 19 10 13 12 7 20 1 20 3 11 14 15 12 19 7 6 5 9 20 4 10 20 17 1 16 20 8 1 19 11 13 9 10 20 11 16 5 1 14 11 6 8 20 18 16 15 20 18 2 12 5 12 16 13 13 5 18 19 19 2 16 3 20 20 18 11 1 11 5 6 20 12 8 19 19 7 18 9 17 16 19 10 2 1 6 5 3 6 11 20 20 7 3 10 3 17 4 1
8 5 11 15 20 2 17 1 6 16 16 3 7 9 5 18 14 12 13 7 2 15 3 17 16 1 9 7 12 14 6 6 7 19 14 11 15 2 14 19 12 20 13 3 9 1 4 5 4 4 1 2 18 5 8 9 2 7 11 14 12 2 7 17 6 13 2 5 16 20 18 8 11 5 10 10 20 8 13 10 7 6 7 4 12 14 11 10 13 17 9 3 10 16 1 6 14 1 9 3 3 18 11 19 3 1 9 20 12 12 2 12 1 4 13 9 12 17 8 17 6 13 14 3 10 10 4 15 16 10 7 1 3 1 5 1 12 19 9 6 10 5 11 12 6 18 7 13 19 4 11 14 3 15 5 20 19 6 3 13 18 19 7 12 7 2 5 19 19 14 7 16 3 20 7 5 0 14 14 4 17 5 17 12 10 16 2 8 5 11 15 9 17 10 20 13 13 8 1 12 17 20 12 2 20 1 20 15 10 13 18 20 9 2 11 5 7 18 7 2 6 7 3 1 6 13 3 6 19 15 12 11 20 14 4 15 9 5 2 19 6 14 18 19 2 8 10 2 10 12 18 18 1 6 7 5 19 1 20 8 10 10 3 12 14 20 20 11 8 8 14 12 17 9 17 18 3 9 12 5 1 15 14 11 6 3 18 11 13 13 15 11 3 12 19 18 2 6 4 7 19 10 15 2 15 14 20 8 20 7 18 18 11 20 10 16 7 10 18 9 11 15 20 14 1 2 2 18 6 1 2 4 20 3 16 12 2 19 8 11 15 18 11 19 19 1 5 14 3 20 20 20 9 8 11 10 6 16 1 8 17 8 20 3 19 5 6 2 1 12 8 1 3 16 19 17 9 7 17 16 14 7 15 11 13 14 10 19 13 9 1 16 4 14 2 4 5 12 18 16 9 9 5 5 4 9 18 6 19 15 17 10 5 17 6 15 13 3 14 10 1 7 7 14 18 7 12 8 16 17 9 18 8 10 12 18 19 11 11 18 2 13 10 14 15 14 1 15 8 1 6 19 16 15 15 18 1 15 20 2 11 20 7 17 13 5 18 9 2 20 3 6 15 1 9 13 11 17 16 1 19 5 14 11 16 8 15 1 7 4 11 20 2 8 17 7 7 1 20 9
2 2 10 15 10 2 12 6 4 10 4 4 11 12 13 7 6 19 19 16 8 4 2 19 7 4 5 4 17 3 12 17 15 12 5 14 7 20 2 20 15 4 4 20 12 3 12 12 12 6 20 16 9 3 1 15 10 4 20 13 12 9 12 14 4 8 8 9 11 3 16 19 13 12 16 18 10 7 19 19 1 18 11 1 13 7 3 13 3 19 10 1 11 15 19 4 3 1 5 9 10 4 12 18 19 4 6 20 7 7 8 14 9 7 14 13 18 1 14 17 3 17 8 9 14 1 5 17 15 9 8 3 9 19 20 11 17 6 1 6 12 20 14 5 1 1 10 7 1 13 19 10 11 8 1 7 10 8 6 17 16 5 18 5 9 3 10 19 9 20 13 3 20 18 17 18 20 0 17 3 5 20 16 10 8 5 4 19 19 1 9 4 19 15 8 8 6 7 15 10 20 7 9 10 17 18 4 3 11 15 19 6 9 13 6 20 9 5 3 16 2 5 17 13 16 3 11 16 13 5 9 3 12 10 7 7 18 7 20 17 1 8 20 1 1 3 13 10 5 3 6 4 11 15 1 5 20 2 8 12 10 5 8 8 16 20 5 7 14 17 5 1 18 1 6 11 2 11 15 9 5 15 12 14 5 4 1 18 16 6 3 14 10 9 4 18 4 2 4 5 14 15 13 19 20 6 7 4 11 2 14 8 15 14 17 2 8 14 8 2 1 14 13 2 9 18 12 8 8 20 7 5 20 13 2 16 14 14 5 10 17 18 20 16 9 11 20 6 10 7 10 18 19 2 2 20 6 7 7 12 14 15 13 9 9 11 17 1 11 17 11 16 16 2 10 3 6 1 11 20 16 2 8 19 15 5 18 1 6 7 3 14 5 18 2 15 18 9 5 4 14 17 18 6 7 19 10 6 17 4 5 12 17 12 10 10 8 2 8 1 5 4 16 8 2 16 11 14 11 15 7 15 18 15 18 9 6 5 7 2 3 14 8 6 20 16 11 5 6 11 2 6 19 7 8 18 12 14 20 19 10 9 7 16 1 14 10 18 8 16 1 7 15 18 10 16 10 3 4 3 19 10 18 5 2 1 10 6 1 2 2 8 8 15 6 9 11 20 13 11
19 2 17 5 8 16 9 5 17 8 7 16 13 14 19 13 10 13 13 7 11 14 6 8 16 14 3 11 10 2 11 8 18 6 17 5 4 18 9 12 13 19 7 16 16 13 3 12 18 19 3 12 3 1 12 5 7 15 2 10 9 4 4 10 17 3 10 19 19 6 14 8 4 8 12 18 3 20 3 12 5 16 18 13 4 5 9 15 17 12 10 17 8 14 1 5 17 7 2 14 2 6 13 13 7 17 1 4 7 18 20 3 2 18 9 13 11 16 4 11 9 13 8 6 14 15 8 8 4 17 16 10 13 18 12 14 15 1 11 10 5 18 19 8 18 16 9 3 10 17 18 16 19 16 4 19 18 2 7 4 13 15 15 10 13 13 10 6 7 6 15 12 10 1 18 14 3 8 0 14 1 17 15 7 11 20 3 13 11 7 10 5 14 20 3 15 12 13 12 2 15 19 10 19 13 17 12 15 1 19 9 15 16 2 9 6 14 5 20 14 4 13 8 12 14 17 19 16 18 19 20 1 19 2 15 5 16 4 15 1 5 1 9 10 2 15 10 8 3 5 13 6 13 8 1 8 20 12 8 12 17 19 12 5 13 9 4 20 3 8 7 12 19 1 12 1 1 3 17 14 13 4 13 18 12 14 12 4 16 2 10 6 10 4 2 4 4 6 3 11 1 18 17 6 8 15 3 11 19 14 6 5 12 16 1 11 14 13 20 15 15 12 13 15 18 5 5 10 13 6 4 18 5 14 16 10 18 17 5 12 7 6 13 19 1 2 2 11 11 7 3 12 13 2 13 2 16 15 10 3 4 20 20 7 11 3 18 11 5 3 2 20 14 13 18 6 13 20 4 5 16 14 5 6 5 15 20 10 19 11 6 3 10 15 2 11 15 10 17 15 19 10 15 4 8 2 15 11 11 4 4 15 6 5 5 16 10 6 8 4 15 17 17 15 7 15 17 5 3 14 17 16 13 4 20 6 20 2 13 17 7 3 12 15 4 1 19 3 6 17 15 8 14 3 18 13 12 18 20 6 3 15 11 10 18 11 13 3 12 11 3 10 10 1 19 16 9 1 14 13 1 2 10 7 10 17 18 17 16 17 9 1 16 12 10 20 17 7 5 11
5 10 4 6 3 7 11 4 19 2 16 15 12 7 6 9 9 4 11 17 13 19 9 9 10 17 19 14 17 10 17 6 6 9 15 15 5 11 15 19 11 3 3 15 10 2 7 9 1 12 3 19 20 18 3 15 1 1 17 5 7 16 18 1 8 4 12 16 11 2 10 11 3 8 2 7 10 16 11 14 2 8 13 20 2 1 15 7 8 10 14 10 5 16 12 8 12 2 20 4 4 18 9 15 9 8 18 11 8 6 11 20 18 2 13 17 18 7 19 10 3 10 14 14 17 10 15 8 15 12 17 10 4 10 20 2 8 17 20 17 9 10 20 13 16 7 8 20 4 15 5 3 5 18 15 8 7 7 8 5 14 4 2 7 1 11 12 2 17 8 1 17 20 8 8 3 13 13 14 0 15 6 9 3 17 9 4 10 15 18 20 6 11 3 17 1 11 7 6 2 18 13 5 8 20 9 18 19 8 8 8 5 6 7 6 20 14 9 20 13 20 18 3 17 3 2 12 2 5 6 1 20 19 12 19 6 16 12 6 14 7 17 8 7 12 18 3 2 10 1 7 8 3 13 6 18 10 10 12 13 17 7 15 7 11 20 20 20 3 20 11 2 10 16 4 11 6 17 4 16 2 19 15 20 8 12 1 18 9 12 2 7 12 9 4 9 12 3 19 1 2 3 13 13 8 18 20 17 13 3 18 20 7 17 14 1 17 15 1 17 19 19 17 9 13 5 17 14 15 9 19 12 9 19 9 5 19 18 3 10 14 15 13 4 2 10 5 11 3 10 14 15 9 3 6 13 3 19 17 16 18 16 12 2 3 20 3 14 8 16 19 4 9 16 5 15 9 7 17 19 11 3 13 4 4 1 2 4 20 5 1 2 20 19 2 9 17 16 3 15 18 7 15 20 12 12 20 8 10 3 9 20 19 3 20 4 19 13 13 4 3 14 13 5 14 2 15 7 8 2 5 16 4 15 13 12 7 4 19 20 4 7 9 14 7 16 3 14 14 13 20 15 10 11 17 10 17 8 18 6 20 7 18 10 20 15 5 4 3 15 15 11 9 7 11 15 9 18 6 3 2 5 20 2 16 5 5 15 5 3 14 17 6 3 10 16 16 13 12 2
17 17 4 9 2 17 11 8 3 8 2 20 2 1 8 5 16 6 1 19 4 15 10 2 1 13 1 6 7 20 13 1 4 9 18 20 1 13 17 11 4 16 13 17 11 9 14 7 12 1 15 13 10 14 8 10 3 19 17 5 3 3 5 1 1 14 18 7 13 13 15 6 18 11 7 2 9 8 16 7 9 7 3 20 20 11 4 5 20 4 1 14 7 2 4 8 16 12 3 1 2 8 4 10 3 13 6 9 12 16 13 5 3 16 19 10 4 6 5 9 13 11 14 7 2 20 3 14 8 5 7 8 19 7 10 12 2 2 4 7 3 8 13 7 8 9 4 19 16 2 10 10 15 1 17 4 19 20 10 14 9 2 15 14 2 8 20 2 6 7 5 3 4 18 5 10 4 5 4 16 0 14 13 3 15 17 5 2 11 10 10 15 14 4 15 19 1 11 7 20 17 13 6 4 10 6 16 1 9 14 11 9 4 4 19 13 17 11 3 5 4 11 14 15 9 19 11 20 14 6 20 19 10 7 17 6 9 5 13 8 2 4 15 15 3 17 6 15 7 17 8 13 18 6 1 5 14 14 19 2 11 18 10 9 7 11 8 16 9 6 7 8 11 14 5 16 19 12 4 14 14 1 19 20 10 17 7 18 11 2 12 10 14 3 5 17 19 3 18 13 19 9 5 12 12 19 15 16 9 4 16 5 16 12 1 7 5 2 11 6 5 4 1 6 15 14 9 4 9 10 15 15 13 3 10 2 13 20 19 13 8 17 13 1 7 16 14 12 7 10 7 14 2 17 12 7 8 15 19 1 13 19 15 7 9 9 12 7 8 14 2 8 4 4 13 19 13 13 6 15 19 2 8 4 16 13 3 3 7 18 15 17 5 6 10 1 15 2 9 20 17 20 9 5 5 6 13 19 11 5 12 1 15 4 1 20 15 20 3 17 1 18 11 19 18 6 18 16 1 10 15 14 6 11 2 2 12 14 16 20 15 15 14 9 10 15 5 3 18 3 1 4 19 12 12 8 9 1 1 15 14 15 20 6 6 15 2 15 17 12 12 9 3 20 7 20 6 2 10 4 18 13 8 20 11 6 11 3 9 12 19 9 2 19 2 19 5 9 7 9
6 14 14 18 9 6 10 11 15 20 6 19 20 18 2 12 15 19 16 6 2 15 17 2 1 11 17 18 17 8 9 4 20 9 3 16 1 5 20 15 1 3 20 1 6 16 19 4 8 20 5 12 6 18 1 11 12 18 1 7 20 6 11 17 11 9 9 14 20 19 8 9 13 2 12 18 10 10 11 15 8 15 1 19 1 3 18 5 6 1 15 20 2 8 1 3 11 5 3 13 3 15 16 7 20 11 18 11 9 15 1 10 19 18 17 4 3 16 1 4 5 16 17 5 5 15 6 6 4 18 15 7 1 19 17 2 12 2 16 16 18 10 11 11 14 8 16 14 1 19 10 19 20 1 12 8 16 15 6 15 19 3 16 2 12 2 5 5 7 2 17 18 2 4 5 13 19 13 2 18 5 0 18 5 16 9 5 3 11 9 17 10 15 18 14 5 3 2 8 11 4 10 7 8 14 7 2 16 14 6 9 13 10 2 13 4 18 11 16 6 8 9 2 9 17 4 19 6 3 2 19 9 7 11 12 16 19 19 16 11 17 7 1 2 10 17 11 13 7 3 19 8 10 13 13 1 10 13 17 2 3 13 16 20 11 19 1 2 10 13 19 10 17 11 12 6 4 3 8 17 10 11 4 18 19 17 6 3 14 10 15 15 6 20 2 17 13 15 6 19 1 1 6 18 11 8 18 8 6 8 5 19 17 6 15 5 8 13 11 15 7 3 12 16 1 14 17 9 16 3 6 3 20 19 11 4 4 4 2 10 5 19 9 16 15 13 12 11 2 19 10 9 17 18 13 17 6 4 12 2 16 4 14 3 3 17 9 9 1 7 19 5 17 2 5 11 6 11 1 18 19 5 20 13 18 13 5 2 15 10 19 4 6 3 1 11 8 4 20 3 11 4 10 18 6 10 12 8 4 11 11 18 6 3 17 4 4 2 11 9 15 6 14 17 10 10 17 18 19 19 10 18 16 18 12 4 1 11 16 4 16 8 9 16 19 16 1 12 2 2 9 6 14 1 13 3 15 16 3 5 4 8 10 16 9 2 12 5 3 18 11 5 17 1 18 15 19 16 3 16 1 1 11 6 8 13 2 17 18 7 10 19 14 8 18 12 8 1 16 13
17 6 15 6 7 9 8 15 19 2 20 4 8 17 15 6 19 9 3 16 7 9 2 15 15 9 5 4 12 14 2 10 13 19 7 6 11 14 14 1 9 16 15 1 8 6 14 17 7 3 15 18 3 17 5 13 8 13 11 18 9 5 18 13 18 12 1 17 9 6 6 5 15 1 19 11 1 1 14 10 2 19 2 12 1 3 13 18 2 2 8 3 18 17 19 16 9 13 7 8 5 14 5 5 20 5 16 16 6 11 7 4 12 18 4 6 7 19 12 19 7 17 17 10 8 18 8 19 8 8 9 5 7 5 11 6 3 14 15 5 20 16 4 6 16 20 2 15 18 11 5 15 15 6 16 18 20 14 20 15 11 5 1 3 3 2 8 8 12 2 16 12 17 7 17 16 17 5 2 19 15 9 0 14 19 8 19 10 2 16 15 4 9 7 9 19 5 4 13 2 15 15 17 13 5 5 1 3 4 10 4 4 1 14 17 10 5 4 9 5 15 5 20 5 12 1 16 8 7 2 20 11 5 2 9 11 19 17 13 11 9 13 10 7 17 16 10 14 16 8 5 6 2 15 10 5 19 20 14 12 13 3 5 16 15 15 11 15 1 19 9 16 13 12 1 14 15 10 8 16 12 8 3 19 11 18 16 1 10 6 6 12 6 5 16 3 3 18 14 2 10 12 18 17 8 4 10 4 18 13 10 9 1 4 17 6 11 10 19 7 18 6 11 3 8 17 14 1 17 13 10 7 10 14 13 20 1 6 3 6 11 3 10 17 17 11 9 5 5 4 15 4 10 7 7 5 6 10 20 1 17 13 10 9 9 8 11 2 19 18 17 10 15 20 4 2 18 7 17 19 4 7 12 14 13 12 5 9 13 9 11 9 3 16 9 1 19 9 3 15 14 10 13 1 15 8 10 12 13 2 7 17 12 4 16 7 1 18 9 13 19 7 16 13 6 6 10 18 16 13 11 3 4 7 3 14 7 18 5 9 3 6 14 1 19 19 3 13 8 19 1 8 12 3 6 20 9 1 18 6 20 19 13 2 20 15 15 2 11 19 6 9 13 20 9 5 16 5 13 4 6 13 18 18 10 7 19 4 9 15 8 11 5 19 12 6 7 9 19 14
17 12 11 13 5 7 9 18 4 7 12 2 4 6 4 20 13 5 1 15 8 19 4 13 8 19 7 14 7 6 8 15 7 8 16 7 16 14 8 4 15 8 15 8 20 4 17 12 14 3 18 10 3 16 6 16 1 16 19 11 18 3 7 4 16 20 13 5 19 19 19 5 4 19 18 3 16 16 13 5 6 8 20 8 8 11 19 19 3 7 1 9 14 20 11 1 20 13 20 20 3 3 17 15 2 3 7 19 10 9 17 20 4 18 16 6 4 20 6 1 18 11 15 6 11 10 5 15 19 7 17 14 7 18 6 15 7 6 20 19 16 20 18 8 13 20 3 4 12 20 2 12 16 17 8 2 8 17 19 19 8 8 1 7 19 16 10 4 13 5 9 19 8 8 17 14 1 9 8 12 20 19 19 0 19 10 19 18 15 15 12 2 14 20 3 7 15 13 14 6 5 17 5 20 1 16 10 3 10 8 18 1 16 11 16 3 15 15 7 5 3 9 5 2 17 12 16 3 7 1 12 8 11 4 19 4 1 12 19 9 18 10 15 13 7 17 17 14 19 3 1 8 12 5 9 1 9 4 12 9 5 20 19 15 17 6 7 12 1 18 4 11 18 13 15 19 13 12 8 1 13 20 15 4 19 12 9 19 12 13 2 15 8 8 7 8 11 15 10 9 19 8 9 14 11 14 5 17 14 14 5 20 13 16 6 13 19 6 13 19 18 18 9 16 20 18 5 10 6 19 18 6 7 11 8 3 12 2 17 20 15 13 3 4 2 5 20 14 1 1 7 4 8 1 7 4 6 14 15 1 16 8 19 8 13 15 18 3 15 8 7 7 6 6 10 4 6 17 9 12 18 2 6 9 16 13 3 6 13 13 2 1 19 10 4 20 15 16 1 17 5 5 9 10 8 4 7 19 15 14 12 14 12 13 6 19 9 20 6 9 7 11 11 2 13 13 10 19 14 11 9 8 16 19 20 10 5 4 10 14 9 5 1 15 5 8 19 4 17 16 4 10 6 12 15 19 1 17 10 6 12 8 4 4 10 12 13 2 9 9 17 8 17 8 6 9 16 5 15 17 3 14 9 13 18 15 5 2 2 18 17 3 17 1 12 19 19 9 15 13
5 20 11 15 8 17 11 17 15 19 2 9 14 11 20 3 15 9 16 4 16 12 1 17 7 11 10 15 18 12 17 6 19 13 20 10 4 20 13 8 3 2 1 9 3 17 8 3 4 13 3 3 18 8 8 11 18 17 11 19 12 19 14 4 20 20 14 18 9 12 12 11 8 1 18 12 3 8 5 2 7 19 10 12 1 16 3 5 4 11 11 11 14 2 14 10 3 2 19 18 16 4 19 20 6 1 4 13 6 19 10 8 13 12 15 15 11 5 9 18 12 4 3 20 3 20 6 14 19 5 6 6 13 16 9 8 17 18 4 12 20 8 10 16 15 18 5 17 15 16 5 14 15 20 1 14 2 7 4 4 6 19 1 6 10 4 10 11 15 10 13 9 14 5 8 13 17 2 12 16 20 4 6 18 0 5 15 11 14 5 15 11 20 17 1 16 14 17 7 17 15 18 1 7 18 12 18 12 9 2 3 14 16 5 20 16 16 13 17 18 11 15 17 5 19 8 12 3 9 12 17 8 19 10 19 1 16 1 17 16 14 2 9 8 5 11 3 8 4 17 9 15 15 20 14 14 10 11 11 15 16 9 8 4 17 2 1 6 18 18 18 8 11 2 3 14 4 14 10 17 20 16 14 19 13 14 16 5 18 15 8 1 5 13 18 9 14 11 10 17 9 5 14 11 10 8 15 9 1 7 10 6 3 1 12 20 16 12 7 15 3 16 2 1 12 10 6 4 17 4 15 2 8 19 9 8 19 15 16 17 1 14 8 16 10 16 2 8 19 16 12 14 19 18 7 18 16 15 9 3 14 15 12 7 18 19 16 10 9 16 2 3 12 18 14 15 14 8 16 9 12 20 16 16 17 9 16 12 16 15 13 9 15 3 13 7 2 11 10 4 14 1 1 4 7 16 14 9 6 6 8 4 15 3 17 19 12 13 11 11 10 17 8 1 20 7 11 8 18 15 20 17 6 8 5 15 13 5 7 3 6 6 15 19 20 12 1 13 15 18 17 10 5 1 1 6 3 17 3 8 7 2 19 4 16 1 18 4 13 17 2 17 7 16 3 9 18 14 14 13 13 15 4 7 13 15 5 6 19 19 16 17 6 12 4 18 6 11 20 12
18 18 17 10 10 20 8 17 18 11 13 4 4 6 1 19 10 16 11 1 11 12 10 20 3 17 16 7 14 10 11 15 20 20 15 8 19 6 19 3 1 20 5 1 20 18 17 14 3 20 2 19 10 5 2 5 18 6 10 1 8 7 13 15 7 15 16 14 6 19 6 15 10 6 4 14 10 12 6 2 17 13 9 14 5 19 1 19 5 14 20 3 3 17 3 19 15 5 13 20 10 17 14 15 19 3 2 15 9 18 20 7 2 20 19 7 6 12 9 15 3 14 18 10 3 11 17 16 17 3 6 20 3 17 19 11 3 13 7 6 15 14 8 11 20 3 7 10 9 1 3 3 7 8 4 13 19 20 4 4 1 6 12 17 5 12 1 3 6 5 14 11 3 5 10 13 17 1 3 17 17 3 7 14 17 0 20 7 17 4 14 19 2 5 9 19 11 8 12 7 18 18 19 8 8 11 4 11 17 4 2 7 15 8 4 12 16 1 20 7 16 15 6 10 4 5 7 10 10 1 4 12 4 13 20 8 18 14 7 4 13 19 17 8 19 18 4 19 13 13 18 7 17 19 3 17 6 6 2 1 2 10 11 1 18 11 7 13 2 7 12 5 17 10 10 10 18 2 2 8 2 3 7 15 5 4 14 11 17 19 3 7 6 9 16 17 4 16 18 9 10 5 2 1 18 19 4 8 9 3 15 6 5 16 19 2 9 14 4 13 17 2 1 18 18 7 17 4 19 13 13 4 4 1 14 15 2 5 7 18 17 1 7 12 13 5 13 8 4 5 4 7 1 7 8 16 16 4 12 2 14 1 19 2 6 18 7 12 16 6 14 6 4 15 1 5 17 15 14 14 13 16 12 20 8 9 1 19 18 16 13 7 10 16 5 13 19 12 2 14 14 20 7 17 10 4 13 14 6 13 2 5 1 14 16 6 8 19 20 19 17 3 12 18 9 18 8 10 18 10 17 3 9 1 8 9 7 15 20 20 7 5 13 3 15 13 11 8 20 17 6 10 20 12 8 8 7 8 11 5 8 10 17 8 6 8 10 15 19 12 14 9 10 16 10 8 4 19 3 8 14 10 14 1 6 17 11 7 7 5 7 6 4 13 20 20 6 3 14 9
16 15 4 1 5 5 11 19 13 14 17 13 13 20 15 3 20 18 13 1 9 12 19 10 8 15 15 12 8 1 5 20 10 7 7 13 3 11 9 7 12 15 17 11 11 6 5 18 8 5 14 9 13 4 2 12 1 5 20 1 18 20 5 12 5 4 7 15 4 1 10 3 19 1 2 6 16 13 6 19 9 18 13 2 14 19 1 9 3 6 5 2 11 18 5 2 16 12 7 13 16 8 11 11 7 14 4 3 9 18 11 17 13 8 10 20 2 6 15 14 4 17 7 20 4 20 4 20 19 14 16 8 6 5 10 14 2 12 5 19 16 11 6 4 2 14 18 19 20 2 6 20 16 1 1 8 20 7 4 17 4 15 11 6 10 9 7 6 5 19 17 19 4 18 3 1 18 7 17 15 7 17 1 9 10 10 0 17 2 2 5 1 19 18 15 13 5 17 6 5 11 10 10 10 19 13 15 1 8 15 15 2 13 15 3 16 19 18 6 2 13 8 4 14 18 14 1 11 14 7 12 20 14 12 9 13 20 9 6 17 4 10 13 13 10 19 17 18 9 1 20 2 14 16 18 12 15 16 16 6 20 16 3 5 3 12 3 6 18 4 18 13 6 8 12 16 4 18 20 18 14 18 4 20 17 18 5 13 2 6 10 13 19 11 6 3 11 9 17 2 20 3 10 13 19 20 16 15 8 9 14 12 3 1 1 8 19 18 9 8 18 2 3 1 1 18 4 3 4 5 13 15 12 8 13 4 18 10 2 10 10 2 16 17 1 14 8 2 1 1 16 3 12 14 12 5 5 17 2 4 18 14 3 16 3 1 3 20 18 7 7 1 3 10 11 7 5 12 10 12 11 10 17 20 9 9 6 8 18 18 10 13 2 15 1 1 9 5 14 8 9 2 16 6 18 2 3 9 11 2 6 10 2 9 6 5 3 2 13 18 13 12 7 8 10 15 3 2 14 8 15 11 16 2 8 3 15 9 17 16 18 11 4 5 5 18 2 8 10 15 10 2 4 8 10 3 8 15 15 17 4 12 15 3 10 12 5 1 17 6 12 7 19 2 20 3 13 11 7 17 1 16 15 12 13 11 11 12 12 16 7 6 9 15 8 6 2 5 15 11
9 1 7 12 19 6 1 1 17 2 20 13 14 13 14 3 16 20 18 4 5 20 12 19 3 10 17 7 18 4 8 11 11 14 6 4 10 11 8 1 12 5 7 20 8 2 11 15 2 19 20 13 15 17 3 20 2 17 5 2 1 19 20 1 20 20 1 2 5 3 8 12 12 11 2 7 15 4 10 19 18 10 13 6 5 3 14 20 13 8 2 5 3 10 7 1 4 19 8 12 1 7 15 8 11 2 12 12 7 20 11 8 3 16 7 1 18 18 20 10 6 11 18 17 9 10 1 9 9 2 13 15 6 12 4 18 5 16 19 10 5 18 10 12 4 1 8 14 8 19 4 9 4 3 9 15 7 13 16 20 12 5 2 1 15 4 17 6 10 5 7 6 17 20 16 2 8 20 4 10 14 16 13 11 10 11 8 0 1 13 14 16 6 9 10 18 5 15 17 13 15 7 18 5 6 7 11 3 16 7 7 16 4 20 15 19 19 7 4 17 11 13 18 6 17 7 2 13 12 16 12 17 9 14 15 13 9 14 17 7 20 7 17 11 2 17 8 3 14 5 9 10 14 11 5 18 15 4 13 20 13 7 17 13 5 13 14 12 1 6 10 18 14 15 11 12 14 8 10 11 14 9 19 4 6 6 19 19 4 15 16 12 13 7 10 8 2 16 11 14 8 1 7 14 14 18 7 15 8 13 8 15 20 7 7 19 4 17 17 18 6 13 11 15 6 20 6 3 5 18 3 13 19 4 14 8 19 20 13 10 14 12 16 4 2 10 12 20 5 10 8 18 16 12 12 12 12 8 9 13 3 2 19 15 4 13 10 11 14 17 6 2 2 2 2 6 16 19 7 5 11 13 4 18 5 8 10 20 2 6 2 4 9 11 12 13 14 14 3 5 3 7 4 20 17 14 17 19 14 20 8 8 13 14 11 15 19 8 3 14 19 2 18 7 14 11 15 9 14 12 8 19 13 6 15 7 20 11 10 8 13 18 16 20 13 8 6 4 9 13 16 18 4 12 19 3 10 11 9 15 17 4 11 20 12 7 5 1 3 12 15 2 12 15 7 19 17 2 10 14 5 7 20 18 8 15 2 15 11 20 18 12 2 2 6 12 1 4 2 4
11 8 9 19 12 17 8 19 20 15 15 10 5 16 15 16 2 4 8 16 3 7 2 11 13 15 4 15 13 15 11 6 17 18 20 11 16 12 3 13 16 9 1 20 14 7 4 8 13 8 11 12 5 8 6 19 16 20 13 12 3 13 11 15 14 4 14 7 1 10 12 8 14 15 8 6 10 8 13 4 9 7 4 12 16 7 11 20 6 3 7 8 11 13 18 4 15 4 6 4 18 9 9 5 6 12 17 1 19 20 15 13 4 11 12 17 18 10 16 7 5 17 2 20 11 13 5 6 6 13 16 1 18 13 16 14 9 5 7 13 16 20 20 8 3 4 12 10 12 17 2 4 12 17 16 19 3 2 15 20 16 17 15 4 6 6 14 1 13 16 7 13 2 12 14 5 6 9 18 3 14 17 1 10 1 8 2 5 0 15 5 13 10 5 17 6 17 10 2 7 4 11 8 10 20 15 5 18 19 14 14 4 3 5 1 3 11 16 20 4 11 20 1 19 10 11 4 13 10 6 10 14 2 2 6 16 6 15 19 7 13 17 14 12 16 6 4 16 18 15 1 12 4 13 14 3 19 13 11 16 4 20 10 11 6 14 6 16 1 8 20 13 14 6 20 2 3 9 8 18 20 15 6 14 17 12 9 14 18 18 4 14 5 3 9 5 14 14 7 19 5 19 11 20 5 7 14 1 19 17 8 14 14 3 8 20 7 14 20 12 2 5 11 6 1 20 2 18 3 17 3 10 1 2 14 4 20 14 7 11 2 1 13 18 6 8 14 17 3 19 20 10 20 5 13 5 1 5 11 12 14 8 15 17 16 20 12 20 15 8 7 19 9 8 9 19 13 19 20 10 8 4 10 6 20 6 20 18 8 7 9 6 18 10 11 3 6 18 12 16 5 9 1 16 15 6 6 1 18 5 13 13 2 5 4 4 11 17 18 3 10 12 12 11 18 15 4 14 15 9 11 8 3 5 14 19 8 17 20 18 18 15 16 19 18 14 10 2 1 13 9 18 10 9 7 10 3 19 19 10 13 16 9 20 1 20 11 3 11 17 18 4 5 5 15 13 2 16 16 16 5 2 13 5 12 13 9 14 5 20 5 11 2 15 15 1 13 9 3 10
13 1 19 5 9 4 18 6 8 2 14 7 8 4 2 11 7 17 17 19 2 5 15 11 14 11 4 13 12 11 12 3 15 9 12 2 20 15 6 18 19 8 13 13 18 14 10 20 1 5 7 5 17 8 12 16 19 13 15 12 4 15 4 14 5 9 5 8 4 11 16 1 8 8 6 2 11 7 13 16 19 7 15 16 7 11 11 13 20 6 14 20 2 3 11 20 14 1 13 6 13 14 18 2 10 15 7 1 18 9 19 9 15 1 17 7 3 8 12 11 13 13 8 9 6 2 16 5 14 15 3 11 7 19 9 7 17 20 14 6 4 9 18 6 3 6 19 10 5 17 12 11 1 14 10 18 18 2 10 9 14 17 15 20 1 17 8 15 14 11 5 17 12 7 7 5 4 1 20 12 6 12 14 12 15 17 11 12 15 0 19 10 6 19 8 18 19 14 6 2 19 13 16 14 1 6 18 17 14 1 14 12 16 2 20 2 15 12 20 2 10 7 8 5 20 13 8 10 14 1 5 4 16 20 19 9 6 10 4 20 18 17 11 8 11 19 4 2 4 2 16 9 16 9 9 4 14 9 15 3 9 11 16 7 1 8 16 11 9 5 13 8 15 7 15 1 9 10 12 15 1 20 16 12 9 14 2 16 19 10 5 16 19 15 11 15 7 12 19 11 4 19 18 13 17 15 7 5 6 3 4 7 12 19 1 8 15 1 1 7 2 15 10 12 6 8 6 18 9 12 11 5 17 5 14 10 12 12 16 14 14 12 17 8 17 16 19 18 5 9 16 3 20 20 12 20 16 3 18 20 12 17 18 13 13 14 2 15 14 1 9 20 20 13 11 20 4 18 3 14 17 5 12 16 13 6 19 12 19 15 19 20 11 17 1 14 19 5 9 9 7 18 11 7 5 1 16 14 5 5 11 17 12 12 13 2 16 2 13 3 16 8 6 11 18 5 7 19 11 16 9 15 10 20 19 19 1 15 20 1 12 6 18 15 18 19 1 2 18 9 5 10 3 14 17 13 19 12 1 5 18 4 19 20 8 3 6 18 7 5 14 10 6 17 19 7 18 5 6 17 11 4 20 13 3 10 14 10 5 7 13 12 20 12 14 13 18 11 9 16
18 13 7 6 10 2 19 1 9 7 11 6 4 13 18 9 12 13 4 12 6 15 15 10 5 8 1 2 18 17 19 8 5 12 10 1 13 2 14 19 15 4 17 9 10 3 2 18 20 11 8 20 20 11 1 13 3 3 9 1 12 12 20 19 4 10 17 8 5 19 10 2 2 16 19 17 16 2 4 17 16 10 6 12 5 2 9 11 1 12 8 5 12 15 15 2 13 7 15 14 7 7 19 20 1 8 13 14 15 8 11 20 17 11 14 7 8 12 11 14 18 18 17 10 20 8 8 12 5 8 17 12 5 2 20 8 14 6 12 11 2 13 20 11 16 12 11 9 16 11 19 16 19 14 18 8 6 6 5 8 9 3 9 4 14 5 6 5 3 7 15 16 19 17 6 8 17 13 7 17 14 2 20 6 3 3 5 2 14 16 0 7 10 19 9 14 20 4 10 3 11 1 15 13 12 2 10 7 17 11 5 18 5 1 8 16 5 17 4 12 18 8 18 2 8 4 10 11 18 11 12 15 17 20 15 7 17 5 17 17 6 18 13 9 15 5 10 15 10 16 7 17 3 11 14 8 16 17 19 2 5 7 12 2 12 10 17 13 5 4 8 14 11 4 3 12 15 8 5 7 17 10 5 11 9 17 15 14 12 9 14 1 2 12 18 18 15 4 12 16 12 17 9 8 12 16 19 12 10 9 14 5 2 7 14 2 17 9 9 11 16 11 3 7 14 5 9 17 2 8 7 16 16 11 20 12 15 6 1 3 2 19 7 13 3 14 2 19 17 2 4 15 20 9 15 2 14 11 9 14 20 10 20 7 15 13 8 13 5 4 15 1 3 7 19 12 2 6 15 13 17 7 20 1 10 15 13 18 13 12 9 8 7 3 12 15 12 2 17 15 9 9 12 18 3 11 1 12 6 19 12 16 3 17 18 10 19 8 10 20 6 12 11 1 9 2 16 15 16 20 7 15 15 9 14 12 2 5 1 19 3 15 10 16 2 8 12 20 3 20 20 18 14 13 18 17 5 19 4 13 13 13 7 11 14 11 3 14 20 10 19 12 6 1 6 5 6 1 11 16 20 18 8 15 18 6 6 10 16 2 13 19 15 1 9 14 20 17 5 16
4 5 4 20 11 5 19 3 1 18 4 5 19 10 19 2 3 8 17 3 17 13 3 17 16 3 11 2 13 1 13 14 8 20 12 6 2 8 18 2 15 1 18 11 19 4 5 13 15 2 1 3 9 10 10 7 13 14 12 14 10 13 18 2 18 7 4 16 18 12 19 10 4 13 2 18 18 9 5 2 19 12 6 9 11 17 8 9 5 12 1 20 11 7 8 11 11 5 8 20 15 3 5 5 3 6 13 5 5 2 19 20 7 13 17 6 3 3 1 20 13 10 4 8 17 17 10 3 20 20 1 10 3 17 1 9 16 19 4 9 3 20 2 12 3 3 17 9 7 2 15 14 9 6 8 13 12 4 1 10 1 4 3 11 3 6 18 1 16 3 3 11 6 4 2 6 5 8 7 4 17 19 1 16 17 12 20 19 4 8 11 0 7 2 11 5 10 15 14 2 2 16 20 12 4 12 15 17 10 15 4 3 18 19 20 9 3 12 10 16 5 11 13 8 8 20 15 11 17 3 8 14 4 2 1 9 1 11 2 11 4 6 14 14 9 13 19 2 17 9 13 16 9 16 1 13 9 14 9 10 7 12 12 2 14 8 8 9 2 12 15 7 1 9 3 17 4 7 1 12 12 14 16 11 16 11 5 9 11 5 4 4 5 14 7 6 16 3 1 4 2 15 12 6 17 8 12 19 20 8 18 7 14 10 8 6 11 14 18 6 14 9 9 15 16 16 2 20 12 10 7 15 9 4 19 17 5 19 11 8 18 13 12 20 9 14 13 13 10 20 14 1 19 18 4 12 6 10 20 4 14 14 12 6 1 20 13 3 8 17 2 3 12 14 14 7 10 4 10 6 8 7 19 19 12 8 9 9 11 3 18 1 3 6 9 6 19 5 9 19 15 9 20 9 7 17 7 14 14 13 8 19 16 18 20 19 20 1 17 6 20 19 9 5 14 12 20 12 19 18 4 15 16 8 9 16 14 1 19 5 18 3 14 5 9 3 6 12 9 1 20 2 13 5 4 17 12 12 7 19 1 19 4 8 13 16 11 11 1 14 2 18 20 8 14 10 19 19 3 12 17 7 20 14 15 16 15 13 15 10 1 10 12 19 4 9 3 19 9 17
15 18 4 1 12 20 1 6 19 9 5 7 17 7 9 5 3 17 20 13 20 1 16 8 20 20 9 9 13 15 16 18 20 7 6 17 12 2 13 2 5 5 9 4 19 6 9 16 18 13 6 1 8 16 4 6 9 12 12 7 3 13 13 17 1 6 19 19 20 5 11 5 17 16 11 19 10 11 9 19 4 4 17 8 9 15 18 4 5 12 12 19 14 5 15 12 13 14 3 12 12 12 4 8 16 20 12 3 7 9 20 19 2 6 8 16 6 4 17 14 18 5 2 3 8 2 18 15 7 12 15 15 1 1 16 1 6 15 3 5 7 13 20 16 5 11 14 10 6 10 17 20 14 7 12 13 3 3 1 5 7 17 16 6 6 2 5 15 9 9 14 18 7 7 17 4 1 14 19 15 20 4 18 12 19 16 10 1 5 3 2 10 0 1 9 15 1 15 18 3 20 10 13 15 8 8 15 3 9 7 10 6 12 11 15 20 11 5 12 19 5 4 13 2 1 10 4 13 12 13 7 17 7 1 5 8 20 10 6 20 13 5 9 12 18 6 18 17 10 8 20 14 15 5 4 6 3 5 12 16 17 11 15 11 13 19 8 17 10 12 19 6 15 13 19 4 8 11 6 14 4 3 9 5 12 18 18 6 20 12 10 14 15 16 6 10 9 14 20 8 19 1 18 20 12 7 8 14 13 2 14 19 13 9 4 14 20 15 3 17 9 6 16 2 10 19 9 15 1 17 15 3 15 17 9 18 1 5 2 8 6 8 20 1 18 6 7 3 11 3 14 8 4 8 13 6 13 18 1 19 14 20 3 9 18 8 2 18 20 13 1 18 14 8 14 11 14 5 6 14 6 6 8 18 1 8 1 18 14 11 19 1 12 16 2 13 2 9 18 12 12 17 10 10 3 6 1 8 3 14 2 10 6 3 2 8 6 17 14 4 2 8 5 4 4 8 16 3 18 2 17 16 13 2 7 16 3 19 18 17 5 17 18 4 7 7 9 12 8 15 14 13 15 12 7 17 5 2 13 18 17 14 17 14 6 15 7 14 13 14 12 19 3 3 8 2 3 19 6 7 9 14 9 10 7 6 13 15 8 14 10 14 11 1 4 14 4 8 4 6
7 1 17 18 9 9 10 4 18 18 18 6 10 5 18 12 19 18 20 7 15 18 7 14 10 13 17 2 17 17 8 7 16 16 7 6 2 7 7 17 4 2 17 13 13 19 14 4 16 20 3 18 10 20 1 11 20 20 2 19 19 10 10 7 7 17 2 17 17 4 13 6 3 9 13 5 3 14 15 15 1 13 11 4 19 2 13 3 7 18 12 9 7 15 8 19 3 19 13 9 8 10 10 14 6 2 20 12 3 9 20 10 14 18 3 20 11 8 11 8 17 7 14 8 17 11 7 4 3 1 9 1 15 6 11 6 10 10 13 5 14 14 3 13 17 5 6 13 5 11 14 11 12 16 15 2 3 9 2 7 2 2 18 19 7 9 12 2 2 18 20 19 16 20 2 20 1 1 11 10 16 8 6 15 12 20 15 4 18 18 14 13 17 0 9 18 13 4 7 19 16 14 17 16 18 3 7 9 3 11 15 7 1 20 4 12 3 9 20 11 16 2 2 4 20 16 9 15 16 8 6 19 20 6 1 15 16 18 7 5 4 3 13 9 1 12 10 6 4 16 6 8 10 11 10 6 16 6 15 19 7 11 12 2 5 15 6 1 17 3 7 4 7 10 6 7 17 19 19 3 3 8 3 11 12 3 14 3 20 14 19 20 6 15 15 1 19 2 7 17 7 2 5 8 20 19 13 20 9 4 18 6 12 3 20 12 13 13 13 20 3 13 10 7 20 9 2 17 14 14 16 7 6 6 14 10 9 4 17 2 18 15 11 6 13 10 15 20 17 15 4 17 5 5 16 5 1 17 7 12 4 6 9 17 14 7 16 4 13 15 12 8 16 13 11 3 16 16 13 12 10 16 13 7 10 5 5 1 17 4 9 18 2 18 2 16 14 16 15 12 20 9 20 7 5 5 12 15 16 3 16 14 7 14 15 16 1 18 13 7 9 14 1 6 12 9 17 7 10 1 20 14 9 12 16 17 19 17 1 9 10 3 19 15 1 20 12 1 10 20 18 9 12 17 18 5 19 16 15 15 13 7 16 5 19 5 17 18 4 12 2 1 5 15 16 11 11 6 10 4 18 16 5 17 4 4 16 14 9 11 15 6 15 8 9 3 11 2 8 3
7 5 9 9 11 14 15 4 14 10 10 17 2 8 3 9 5 4 19 1 9 4 10 1 6 12 15 7 16 3 5 13 4 10 4 15 1 13 11 5 8 9 17 20 7 10 9 8 20 6 20 17 15 8 8 13 20 10 4 8 6 13 15 2 19 13 6 6 8 11 17 14 3 4 4 12 15 5 1 4 8 9 11 10 11 1 9 8 4 9 11 14 1 10 13 7 11 11 11 20 10 19 8 6 18 12 20 8 1 18 10 2 11 14 2 14 14 3 3 15 5 17 10 15 1 13 6 7 1 3 20 10 10 14 12 13 4 2 11 18 2 2 13 2 10 14 9 13 16 20 5 14 11 8 1 5 6 2 10 14 13 1 2 14 18 11 2 17 20 20 19 15 14 20 13 7 1 13 1 13 15 6 7 18 2 19 8 7 9 9 11 7 12 13 0 4 16 13 5 7 3 7 11 9 9 9 6 12 6 14 17 8 15 1 1 20 3 2 12 20 2 8 16 7 6 18 19 8 12 4 7 11 12 9 16 3 14 11 5 8 12 15 14 5 18 15 20 20 12 12 13 2 15 9 3 16 15 5 11 3 20 6 18 6 3 15 6 14 18 20 14 10 15 3 17 16 20 9 2 16 15 11 18 5 9 20 4 10 6 17 14 19 9 1 10 15 17 18 1 16 7 11 7 15 1 13 14 17 1 7 4 10 4 5 17 1 18 9 17 7 10 9 14 17 15 16 5 2 15 14 6 11 11 20 11 7 20 8 1 4 5 14 6 18 11 16 9 8 11 6 20 17 1 14 16 11 4 11 3 1 2 11 13 12 12 11 1 20 7 15 10 9 11 10 18 15 6 9 16 19 12 5 15 20 12 13 6 14 1 8 1 17 20 7 9 13 18 3 1 14 8 9 8 3 20 8 5 12 20 12 2 1 3 5 4 4 4 4 2 20 10 6 7 4 13 17 12 10 14 4 7 16 4 18 9 13 14 18 11 5 5 11 9 19 19 18 19 7 10 15 3 20 20 18 3 7 17 5 10 1 15 14 18 9 5 10 10 19 9 12 6 20 5 16 3 6 3 7 19 9 3 8 13 4 20 9 2 3 4 8 20 9 2 1 10 16 1 15 15 17
9 3 12 7 4 3 3 19 8 20 11 6 10 4 14 2 2 11 3 1 11 16 13 1 14 2 6 2 10 5 20 15 18 20 5 18 4 5 16 6 5 15 12 2 8 1 8 6 2 15 9 18 14 13 20 17 12 12 20 3 6 12 17 15 3 17 13 3 8 13 1 3 14 11 2 19 4 5 16 6 3 19 8 1 12 5 4 4 10 2 2 3 10 10 15 13 5 19 5 14 4 17 14 4 7 7 9 12 3 8 2 6 5 19 16 3 4 15 12 5 15 6 11 3 18 19 9 4 12 9 1 11 17 16 10 6 7 14 13 19 13 14 20 13 15 8 18 10 14 12 17 4 18 12 2 1 20 1 2 17 18 11 16 15 1 20 9 17 2 20 19 15 9 11 3 4 20 3 14 4 6 17 5 13 19 17 6 2 11 16 4 17 19 13 4 0 14 8 14 17 1 20 7 12 2 10 6 6 4 19 8 10 7 15 14 14 7 19 10 7 9 2 8 10 14 7 4 3 8 16 14 9 13 20 6 5 19 17 12 14 6 3 11 15 14 4 11 5 19 4 8 12 2 13 16 13 12 16 1 9 18 1 4 8 17 4 12 8 7 7 13 13 3 13 18 5 5 4 19 5 4 20 17 4 15 13 15 8 17 17 11 4 12 2 3 18 16 14 10 9 6 5 2 8 16 8 8 1 14 12 17 11 9 11 19 8 18 13 18 10 18 14 2 4 5 10 13 12 5 14 9 11 4 14 9 7 13 6 10 17 13 10 4 4 3 1 4 3 13 2 6 4 15 1 11 12 12 2 7 14 5 14 3 12 16 14 6 6 14 2 12 11 8 16 20 15 16 18 14 3 10 20 5 3 10 13 9 8 3 11 3 17 7 16 1 8 15 5 19 8 13 9 20 13 20 14 10 12 14 18 2 1 6 1 10 13 19 18 1 11 4 4 6 3 14 8 8 6 9 20 11 1 6 15 15 19 9 18 18 4 7 8 10 8 3 14 15 14 5 3 11 7 15 20 1 1 11 14 8 15 20 15 9 11 1 13 4 3 13 15 12 8 16 7 4 13 20 17 8 3 4 8 14 18 11 9 16 17 16 18 19 6 9 20 4 7 10 14 4 5
18 14 9 5 11 19 2 16 13 11 5 13 19 16 10 4 8 9 19 2 9 1 13 16 20 2 14 9 14 6 9 18 18 20 1 3 8 15 12 8 14 11 13 9 13 20 8 3 20 7 15 2 15 6 7 5 19 18 20 16 11 4 5 12 15 7 8 15 4 1 9 13 3 3 5 7 8 17 9 12 7 1 16 3 10 16 9 2 3 9 19 8 11 13 15 17 11 13 15 14 13 20 9 12 5 2 2 18 3 20 17 8 12 14 20 5 12 14 7 19 13 1 13 2 3 17 17 19 8 4 1 5 17 5 15 14 3 2 9 12 8 13 4 7 9 14 9 1 8 13 9 8 6 10 3 8 5 3 18 13 7 4 3 6 18 6 9 6 15 14 20 10 5 4 6 11 8 12 14 5 9 12 1 5 7 3 11 8 20 8 8 9 5 19 3 4 0 6 17 17 4 19 20 7 14 17 13 10 6 16 11 5 2 18 13 4 17 2 12 16 9 11 7 10 18 7 13 19 19 18 3 7 11 13 19 18 4 19 9 9 20 18 12 14 7 17 7 8 15 13 8 1 6 1 10 14 3 6 2 15 6 10 19 8 12 9 8 18 3 15 20 4 5 15 4 13 16 11 5 5 10 1 11 3 8 12 5 20 18 11 19 11 9 14 9 19 20 18 19 20 18 5 6 4 12 17 12 1 13 11 14 20 1 1 1 12 6 3 10 3 12 3 7 15 18 10 14 14 17 18 9 1 1 9 12 8 13 15 17 9 6 4 15 10 2 17 8 9 10 20 3 4 8 5 8 10 10 4 9 11 17 11 8 17 16 19 20 10 19 19 11 19 15 17 7 10 1 20 4 5 4 13 9 17 4 4 6 1 6 20 8 11 1 13 7 6 1 13 14 18 9 11 1 8 4 11 17 1 18 5 11 13 18 8 15 9 5 15 19 8 15 10 11 5 20 3 17 2 19 5 13 8 2 6 20 5 16 19 17 11 2 6 6 4 15 15 12 6 4 6 7 10 2 7 13 9 17 5 20 5 19 17 7 4 11 4 6 4 8 19 18 6 20 18 4 7 14 16 6 6 8 15 6 20 14 4 7 4 14 11 3 4 4 9 1 2 15 5 13 16
16 9 11 3 18 5 1 6 7 7 13 1 16 9 13 13 5 8 18 5 20 9 4 11 3 16 13 2 11 9 16 19 17 2 19 12 16 15 7 9 7 17 18 9 1 20 9 3 15 13 19 15 1 7 9 12 20 3 11 16 20 16 4 18 3 3 14 18 18 8 20 20 6 18 7 17 20 11 6 12 16 17 6 20 19 10 15 3 6 4 16 18 13 5 1 19 19 10 18 13 12 9 13 13 3 7 4 4 16 15 15 15 18 20 9 12 12 16 16 2 6 14 2 5 13 9 14 7 5 12 14 8 5 4 12 12 2 7 19 15 14 5 12 4 15 1 4 2 15 18 19 8 20 19 16 13 11 8 3 4 16 9 3 12 6 3 16 16 12 8 9 17 7 19 9 19 20 18 3 2 14 6 7 12 7 14 9 19 8 5 6 6 16 19 14 2 13 0 20 4 4 14 19 2 15 10 15 6 12 16 6 5 3 10 12 10 17 16 19 11 8 16 12 15 12 14 18 12 19 12 10 2 7 7 17 3 18 10 4 17 17 1 6 8 2 11 15 4 7 17 20 1 15 8 13 7 5 2 11 18 4 16 10 18 4 7 2 13 6 16 10 5 16 5 6 20 18 11 13 18 19 2 10 10 20 18 1 7 8 9 10 8 5 16 14 9 7 18 14 4 17 9 18 6 12 11 20 14 3 1 12 4 9 19 2 10 2 20 1 9 2 4 13 9 10 12 18 10 18 7 7 15 7 4 5 19 4 3 11 5 13 15 7 3 12 1 1 20 5 20 19 10 13 17 3 8 5 8 7 19 18 20 8 2 19 10 10 12 12 10 13 17 17 7 12 17 2 11 14 13 9 8 5 1 20 10 4 5 4 18 11 8 1 5 19 19 3 18 16 20 5 20 3 15 13 9 13 2 4 17 18 17 9 17 9 12 8 10 5 13 4 3 6 18 14 7 10 1 8 15 4 8 1 19 16 9 18 16 14 19 11 9 11 8 1 9 18 7 15 17 20 16 10 11 9 18 20 20 1 20 9 4 7 20 12 16 11 12 20 6 15 5 12 3 12 16 3 19 13 13 8 5 2 9 8 6 1 2 2 5 3 13 12 3 18 3 11 1 17 9
10 1 4 10 4 9 8 3 5 18 8 7 6 13 1 6 14 20 3 8 18 8 10 20 11 3 19 1 9 8 20 11 15 7 16 17 2 14 3 4 9 12 1 7 5 3 9 4 8 2 19 6 1 8 16 1 2 20 3 20 7 17 13 13 11 18 2 2 13 18 11 16 17 4 13 3 19 16 5 10 4 13 16 4 19 7 12 19 20 9 2 3 13 18 1 12 9 6 4 14 4 15 19 2 11 5 7 20 7 1 1 11 1 8 10 12 13 7 11 1 13 10 2 6 1 7 18 15 18 7 4 11 3 15 11 19 4 6 14 18 16 17 14 15 11 15 7 6 13 18 12 11 11 7 15 13 8 1 14 7 12 6 9 7 15 5 2 15 9 5 3 3 17 19 6 14 13 5 15 3 2 14 3 20 16 10 14 13 4 5 10 20 15 13 7 12 20 5 0 7 18 14 7 14 1 13 9 3 15 12 18 2 17 18 8 15 3 14 19 11 7 9 9 7 16 5 2 14 12 11 14 9 7 15 20 7 9 2 4 10 1 11 5 3 11 2 5 19 2 8 17 11 9 4 10 6 8 19 14 9 3 15 5 11 19 19 9 8 19 20 18 8 4 12 3 14 14 10 10 3 12 8 8 11 9 10 10 19 17 14 8 17 7 5 10 1 9 5 10 10 1 14 5 10 13 17 7 14 17 18 19 17 8 16 6 4 7 9 13 12 18 18 19 2 12 14 11 15 2 1 16 12 16 10 12 8 4 8 17 10 7 6 1 5 12 20 8 5 8 4 16 8 10 10 18 13 15 3 11 12 3 12 13 12 19 20 9 5 15 8 10 12 4 13 6 2 2 20 14 20 5 5 19 15 19 2 5 2 8 8 12 12 4 20 6 17 13 3 18 20 7 4 9 10 16 15 12 4 3 4 19 8 10 16 15 17 17 13 15 19 8 5 13 5 4 11 10 9 8 18 3 8 12 17 12 10 19 16 16 18 12 13 8 10 17 7 2 13 20 9 15 13 6 17 12 6 20 10 6 14 13 12 14 8 14 12 3 14 13 9 5 4 1 17 8 20 14 10 13 17 7 3 8 8 18 2 5 14 8 10 19 13 6 9 16 17 14 19 7 12
15 6 13 8 4 13 3 3 9 1 18 12 19 2 1 11 19 3 13 11 7 20 1 4 5 17 17 15 20 8 16 4 15 16 11 14 1 10 8 17 1 20 19 14 20 9 5 18 11 10 11 19 11 9 4 11 17 8 3 10 6 2 20 1 11 2 8 19 11 16 6 12 4 8 5 10 18 8 6 13 17 6 7 12 3 19 6 3 14 8 15 2 18 5 13 7 10 8 10 4 13 10 9 20 7 11 15 7 19 12 7 16 12 14 18 12 9 2 12 2 1 17 12 19 3 1 20 6 16 18 12 13 13 5 10 7 17 11 9 3 12 13 6 16 5 19 11 3 14 14 16 18 20 9 15 20 16 2 16 5 7 14 2 1 10 7 8 12 12 20 9 1 16 10 17 16 2 6 19 12 9 15 14 14 15 4 2 15 19 12 6 20 17 1 4 3 18 3 8 0 2 3 3 4 18 20 13 1 6 18 9 14 13 9 7 5 6 9 7 13 3 10 19 20 18 1 14 15 5 16 18 15 18 8 7 11 3 8 1 9 10 16 11 14 12 8 18 4 14 16 10 14 20 9 20 11 14 15 5 7 16 15 19 7 20 15 1 4 13 13 10 6 16 1 5 10 10 9 1 14 18 14 12 16 5 7 8 12 15 4 9 3 13 10 18 7 5 14 1 3 4 17 3 11 9 6 5 17 7 15 7 14 7 3 16 3 14 13 15 14 1 7 4 9 20 5 6 11 13 3 13 5 7 6 10 1 1 7 12 12 4 18 15 19 14 4 20 9 9 6 7 1 14 13 18 16 12 5 5 18 15 4 11 4 20 2 4 1 13 18 6 20 8 7 3 19 7 5 7 15 10 14 7 8 5 11 12 13 18 5 12 17 20 17 14 12 2 7 17 3 12 1 13 18 19 5 13 15 16 20 8 9 7 3 9 11 12 20 5 12 13 14 3 9 19 9 19 9 12 18 19 9 9 18 20 17 7 3 18 2 14 7 15 16 13 10 17 9 18 5 4 9 12 14 16 11 1 4 5 20 8 4 12 14 14 10 2 10 11 1 12 15 19 12 18 2 4 12 4 2 17 20 7 11 8 5 16 3 19 18 14 17 16 3 9 18 18 9 14 16
10 9 2 2 3 4 8 14 19 9 10 16 10 8 16 17 4 1 18 9 4 1 6 12 19 16 17 20 19 2 17 16 3 16 4 10 14 15 13 9 2 1 10 19 15 6 10 18 15 8 7 20 14 2 17 6 1 6 11 7 16 5 17 13 12 14 11 9 17 17 2 7 16 20 20 7 3 2 3 8 11 6 12 19 9 7 17 9 16 17 14 20 2 18 10 9 13 20 3 7 4 5 15 5 20 13 1 12 10 18 18 1 1 19 1 15 12 8 10 14 20 12 5 6 5 17 9 13 9 2 6 17 18 2 5 6 5 7 13 5 5 11 3 8 20 7 11 4 4 11 7 20 7 6 14 10 8 16 11 6 3 9 7 11 12 8 18 5 19 12 14 17 5 17 14 6 5 13 11 8 19 18 13 19 11 13 9 20 2 15 5 17 6 13 11 13 7 3 18 4 0 12 11 16 3 14 5 2 18 16 11 7 12 1 19 16 13 8 9 6 16 9 11 9 7 1 16 4 9 13 8 18 13 12 7 15 12 8 20 20 2 12 15 13 14 19 12 12 15 7 6 11 14 6 4 17 11 18 12 17 19 3 4 3 8 12 10 6 10 15 1 8 15 5 19 13 18 7 18 7 11 15 19 10 16 9 8 2 5 17 15 19 17 6 15 19 20 11 2 20 19 6 5 3 14 18 10 11 19 11 11 3 1 3 8 3 13 14 12 15 20 18 2 13 14 15 15 12 6 7 11 13 9 11 18 10 14 10 9 14 12 15 18 14 7 20 8 4 8 6 16 8 15 14 11 6 10 8 9 18 2 18 18 8 7 10 9 15 7 2 13 14 15 1 17 17 15 1 4 13 8 1 15 15 14 12 4 7 10 10 19 11 7 13 18 20 14 20 14 1 3 9 7 1 7 12 6 10 6 6 2 14 14 14 12 7 15 17 19 7 16 5 7 18 10 20 4 5 17 8 20 12 3 5 3 15 20 4 8 14 13 6 3 17 12 3 3 1 18 12 20 19 11 9 11 14 11 13 18 19 5 1 17 19 7 10 13 2 19 15 18 12 5 8 14 4 15 2 11 9 18 19 17 11 9 15 4 20 14 12 18 15 16 3 4 4 6 8 7 11
14 5 1 10 5 7 16 20 7 5 19 17 10 17 7 10 14 18 18 3 14 1 11 10 13 11 15 5 15 7 20 20 20 11 20 12 4 14 19 6 16 9 6 10 7 14 11 10 8 8 9 19 19 20 4 17 18 20 20 6 20 10 11 15 6 6 1 5 5 16 14 18 14 13 6 19 14 11 10 3 20 10 1 17 3 1 6 11 11 19 3 20 3 10 4 18 4 19 3 3 20 11 7 17 4 16 17 2 19 4 9 5 7 5 16 10 16 3 19 14 6 9 8 19 20 7 4 18 14 19 12 18 6 9 5 2 11 12 6 4 11 8 16 7 19 3 8 12 2 7 8 2 5 9 2 6 4 10 10 15 1 2 8 5 9 15 17 19 5 3 4 15 11 13 16 9 20 20 4 1 13 20 10 11 16 10 16 18 1 12 4 17 7 3 6 9 12 14 15 8 13 0 13 13 16 16 1 4 4 2 8 18 12 16 19 9 15 5 17 13 11 14 10 10 6 2 6 20 15 12 3 15 3 16 13 19 13 9 7 20 11 18 10 2 20 2 11 2 4 20 11 14 16 6 2 18 1 7 19 12 11 10 11 4 6 9 4 2 3 20 3 11 8 11 19 17 12 18 15 17 2 18 16 8 4 16 10 11 10 18 9 8 14 16 20 20 18 19 7 14 10 13 6 17 8 13 2 13 6 4 10 5 12 5 6 9 5 12 3 11 20 16 3 18 19 17 2 11 5 12 9 11 18 19 9 7 17 4 14 9 7 14 19 15 3 9 17 12 10 8 4 10 11 20 12 8 20 6 6 19 5 19 20 15 9 18 3 2 6 13 8 18 7 1 6 4 18 19 11 14 3 8 12 13 9 16 19 19 17 17 11 2 16 13 12 10 16 8 2 7 1 8 16 7 10 2 6 8 1 14 3 20 6 18 1 16 14 3 18 15 1 18 3 20 9 19 12 10 4 3 5 16 10 2 6 1 16 6 12 10 2 6 20 7 14 16 7 2 9 6 17 3 18 3 9 15 9 16 20 14 4 8 3 14 14 5 9 16 5 13 8 13 7 12 9 8 14 7 7 19 7 17 9 16 10 14 13 12 19 15 7 1 13 9 4 3 20 2 7 10
16 13 18 9 14 15 9 2 6 12 13 10 19 19 8 10 12 2 17 13 12 1 13 20 14 16 19 10 16 10 8 14 7 4 14 20 9 2 18 3 18 8 20 1 5 13 5 7 14 12 14 7 18 10 1 3 6 4 20 8 18 12 5 20 13 5 9 7 5 20 9 13 7 2 18 10 2 1 5 13 19 10 6 2 14 14 12 17 15 9 5 5 5 4 10 17 4 14 7 1 6 15 9 11 19 11 6 1 12 7 20 17 19 1 8 16 2 6 4 7 12 17 14 20 11 12 12 14 1 9 3 7 2 18 3 11 12 2 20 10 3 19 11 17 15 7 16 15 16 4 14 19 20 14 13 10 5 9 15 11 2 14 7 11 1 9 7 9 20 12 17 3 3 13 1 4 13 8 11 3 19 10 19 16 17 14 6 4 16 17 12 20 18 4 4 15 15 17 5 19 14 2 0 19 2 2 4 14 2 12 18 20 15 2 12 5 16 9 7 17 19 1 18 14 5 6 9 14 18 12 18 6 12 9 14 6 16 4 7 5 7 9 4 17 12 4 14 4 9 16 12 4 10 19 5 13 6 19 2 8 2 11 11 19 6 8 3 6 9 5 10 3 5 14 8 11 5 6 7 3 10 18 17 1 20 19 11 18 13 17 15 9 16 5 17 9 14 19 14 17 12 2 6 1 8 16 16 10 5 5 15 15 13 5 2 13 15 19 2 17 7 15 18 18 3 3 1 11 20 2 9 20 11 8 13 8 2 10 13 20 2 2 8 5 6 12 4 10 20 2 11 17 8 4 6 9 17 19 4 15 7 6 15 14 18 9 8 13 8 18 7 12 2 5 4 18 17 4 3 7 16 15 5 7 1 9 13 8 11 17 15 4 17 2 16 10 2 8 8 17 18 14 19 8 7 16 2 2 4 8 2 8 1 16 9 5 4 9 13 14 6 5 12 5 3 19 19 8 1 8 9 5 7 9 7 16 17 2 20 17 5 8 6 9 13 18 10 17 4 8 1 11 3 4 14 13 16 8 3 10 12 15 3 5 20 14 9 8 17 10 2 17 12 6 4 11 10 4 19 12 6 18 10 2 14 9 17 1 7 18 15 11 2 13 8 9 10 5 9 12
14 15 9 3 17 3 6 2 18 3 19 3 4 5 2 5 19 1 11 9 5 14 5 17 2 9 6 15 13 9 5 13 15 6 3 1 1 12 7 1 5 13 16 20 1 7 13 9 15 7 12 14 13 14 19 19 14 3 5 8 19 8 8 12 11 18 1 19 13 9 9 7 5 15 7 5 10 6 13 6 16 15 16 2 5 20 6 15 8 10 13 16 16 15 1 4 13 1 2 4 10 20 19 1 13 14 10 16 1 12 7 9 15 20 11 6 7 7 12 15 14 7 3 2 17 16 19 13 7 12 11 14 16 14 14 16 7 4 20 6 13 10 11 16 4 17 6 5 11 20 9 15 16 4 16 4 8 4 2 1 14 17 1 8 6 8 4 1 12 13 20 19 3 13 18 3 19 16 9 12 19 17 14 4 1 11 6 20 18 7 1 18 19 11 1 3 15 18 2 11 15 4 13 0 16 16 10 15 12 2 3 6 8 1 19 1 7 13 17 2 12 15 6 9 4 6 13 14 19 14 3 2 5 14 14 5 12 6 1 3 3 6 2 1 20 1 12 2 1 11 14 18 4 4 11 18 11 17 7 5 7 8 7 14 18 13 12 17 7 3 18 10 19 3 15 11 4 17 14 15 1 17 17 2 14 15 20 20 2 12 13 13 18 11 8 3 8 11 12 14 15 10 11 8 3 1 4 17 9 6 7 6 16 2 14 4 20 11 20 15 16 19 17 19 20 19 6 3 13 2 4 4 3 13 1 20 2 1 20 11 19 14 7 10 8 15 6 12 14 6 10 15 5 17 9 18 12 4 16 17 4 3 18 1 1 8 2 3 11 7 12 14 13 15 19 18 6 2 17 6 10 11 3 1 9 12 17 12 18 9 12 20 9 10 16 1 1 13 5 1 5 15 8 2 9 15 12 3 16 2 17 7 19 12 7 19 17 10 10 15 12 9 18 18 1 18 1 5 9 3 19 5 16 16 14 1 15 15 2 4 3 17 18 4 19 3 17 12 12 18 2 2 8 12 7 4 10 9 18 3 3 11 15 18 14 1 2 10 12 13 14 2 20 2 15 19 12 15 19 4 18 13 16 16 9 17 3 10 20 9 13 4 3 14 5 8 13 18 10 7
9 3 4 9 13 16 8 17 16 4 18 2 8 14 16 9 1 10 12 3 14 7 13 10 5 2 20 7 6 19 6 12 12 20 9 5 6 20 12 20 10 6 19 6 8 15 4 19 7 7 7 3 13 8 3 14 15 16 10 13 3 16 13 16 15 4 2 18 18 4 15 19 19 18 13 3 14 20 19 19 15 12 11 6 5 3 16 12 17 19 16 14 2 14 4 17 9 16 14 13 14 5 19 6 11 20 16 15 15 15 9 7 8 13 13 2 2 14 18 19 9 2 1 14 4 9 4 3 9 6 12 19 19 7 10 8 14 20 1 5 10 1 20 1 2 2 20 7 8 16 20 10 11 16 10 11 18 4 2 19 16 14 6 14 20 5 3 11 17 18 18 11 6 19 10 16 20 7 8 18 2 4 5 13 7 10 15 12 3 11 16 4 2 1 12 11 13 9 1 11 5 14 12 16 0 6 19 17 5 2 10 5 1 18 16 17 14 10 5 14 10 13 2 13 9 10 8 4 20 7 1 17 18 20 6 18 3 8 9 2 5 5 20 14 16 3 18 4 10 6 11 1 12 6 7 4 14 10 3 4 4 12 18 17 20 10 9 12 17 12 16 2 18 3 19 13 8 8 4 6 14 19 19 13 8 20 7 19 13 5 10 18 8 15 8 6 5 1 13 4 19 16 1 20 15 8 19 20 15 18 6 4 20 17 13 19 6 16 15 2 11 8 17 10 8 7 13 17 4 3 6 3 18 9 16 4 16 20 13 4 9 1 2 13 10 11 8 9 14 2 2 13 15 2 14 10 2 6 1 15 17 19 19 13 2 20 7 18 11 1 9 7 13 13 15 17 7 18 1 19 16 4 3 5 17 3 18 10 7 8 17 17 1 19 14 13 2 17 16 5 17 1 14 7 20 5 3 11 19 20 10 2 12 15 18 15 1 11 12 3 17 9 8 1 11 1 6 11 11 19 12 15 4 10 1 1 2 18 11 1 7 6 16 2 3 10 16 2 11 8 1 19 9 1 18 14 11 4 2 6 15 3 16 18 19 18 5 10 4 14 18 7 9 18 3 8 17 8 20 15 4 10 12 10 12 18 14 10 4 18 12 4 7 11 2 15 15 11 8 6
8 7 9 16 4 5 16 12 1 1 14 20 11 7 10 14 14 15 8 5 14 7 18 1 12 15 4 8 13 2 2 10 5 14 2 11 12 5 6 12 19 5 2 1 4 17 8 20 1 20 7 6 18 16 11 17 19 4 14 4 19 20 17 2 4 16 12 12 12 2 3 2 8 20 15 16 15 11 7 11 3 17 2 3 18 6 13 15 11 3 13 8 20 19 10 15 12 1 12 7 6 14 9 10 4 20 11 4 18 4 11 10 17 15 12 4 16 12 16 19 17 4 1 11 20 18 9 14 11 5 17 13 6 11 14 14 8 1 18 8 15 4 5 1 15 12 10 2 12 5 18 20 10 1 4 18 20 15 13 10 8 10 13 10 14 13 19 2 7 10 7 17 7 20 9 3 10 19 13 13 4 1 10 4 10 17 17 18 19 8 16 12 8 6 9 9 7 6 1 16 3 19 7 17 11 0 4 3 12 1 6 20 12 7 7 8 8 3 15 10 17 17 16 17 15 17 10 11 11 9 7 16 8 10 17 11 12 7 8 12 3 10 13 10 7 6 8 3 13 2 5 18 2 15 5 4 17 19 6 17 14 17 14 2 11 8 5 13 3 14 2 13 1 13 8 8 3 18 19 18 6 15 19 12 9 3 6 14 19 2 11 10 9 14 14 11 12 6 1 2 16 14 1 9 15 17 8 19 7 15 1 15 5 2 8 1 11 8 11 10 9 2 4 13 13 4 15 11 10 7 19 6 12 2 11 18 19 20 15 17 2 8 19 2 14 8 17 16 20 3 10 16 2 8 20 20 19 19 1 11 11 15 4 1 13 2 19 15 1 13 7 15 14 11 8 9 18 17 18 7 19 5 3 6 12 3 3 3 14 6 17 7 19 20 10 19 9 1 19 16 19 19 10 18 2 16 5 10 18 20 4 1 19 14 2 8 2 4 13 4 20 3 2 16 6 19 10 2 10 4 17 19 13 9 15 8 10 18 7 10 14 15 14 7 4 18 3 1 19 10 4 6 16 8 7 18 6 3 16 10 17 9 18 10 7 14 12 20 5 4 14 10 17 7 4 4 3 8 6 4 8 10 6 7 9 16 14 14 19 18 15 4 12 1 14 7 11 1 3 9
4 19 8 9 12 4 20 8 2 1 19 1 10 11 19 9 10 14 2 12 17 10 12 3 17 17 20 16 6 11 12 6 9 15 10 13 3 2 4 12 18 9 19 10 3 3 15 16 17 7 10 11 14 7 14 9 7 1 20 17 11 17 14 6 2 10 17 7 5 15 10 11 8 2 11 17 18 14 6 20 11 20 9 3 3 17 7 6 11 4 3 8 17 19 18 5 11 8 14 17 9 10 18 15 17 17 11 20 2 4 20 19 18 19 18 13 19 18 10 12 3 17 5 4 19 17 4 10 7 11 6 14 8 2 6 20 8 12 1 17 8 8 19 2 10 4 19 14 9 15 14 4 7 12 19 4 1 9 1 16 3 18 14 18 20 5 14 3 10 15 13 15 18 8 15 20 19 12 11 16 13 7 16 19 14 12 1 4 5 20 13 4 1 18 17 11 16 16 6 16 20 14 4 9 14 14 0 15 14 1 8 4 7 2 2 7 15 7 14 14 12 12 10 6 12 7 13 7 13 15 16 5 20 5 6 20 3 15 18 12 10 16 1 3 13 3 7 9 13 5 18 9 7 15 11 6 9 6 1 2 3 20 2 14 8 5 6 5 5 5 11 14 12 3 7 18 7 18 11 7 5 12 17 6 8 7 13 11 19 11 7 19 18 2 15 3 20 5 18 18 1 2 13 1 18 20 20 10 15 10 12 16 3 18 2 15 20 9 16 13 18 18 2 4 5 1 5 20 12 6 16 13 6 15 12 9 19 3 12 4 20 4 17 1 2 12 19 12 7 18 10 4 3 18 18 2 3 14 6 18 18 10 12 1 20 7 18 12 13 1 19 11 8 19 9 6 20 16 16 15 16 7 20 12 7 14 12 3 4 3 14 14 19 6 15 2 11 17 19 8 9 2 5 2 17 17 20 14 14 19 6 5 13 16 19 15 1 13 8 14 12 11 6 20 16 11 1 13 2 20 7 9 9 5 3 11 18 15 12 6 3 1 8 5 1 18 7 5 11 9 13 2 17 9 20 10 19 6 7 11 13 12 12 5 2 11 6 12 19 1 1 20 8 5 15 13 2 11 10 1 9 15 6 17 13 1 14 10 6 4 19 12 9 3 9 11 4 12 17 10
17 12 1 7 2 14 3 4 17 14 10 20 6 16 1 3 1 15 2 1 10 12 8 5 6 3 6 8 8 5 18 2 17 11 19 20 6 9 18 10 13 7 6 10 18 1 7 17 10 2 12 10 8 8 2 1 20 7 10 17 9 3 2 1 5 17 2 18 5 12 20 18 8 1 10 1 4 8 16 19 16 16 3 14 8 4 6 4 13 11 8 4 19 4 12 2 10 17 16 19 3 7 1 4 17 5 2 18 8 11 11 13 18 13 6 17 4 17 2 16 13 18 15 15 14 20 11 18 6 12 10 1 4 3 15 17 6 18 13 5 9 10 14 4 16 1 12 15 7 7 8 18 17 7 18 19 16 3 7 18 11 8 14 16 6 7 5 16 16 7 17 9 15 15 4 6 8 19 5 5 3 15 13 19 12 20 14 10 6 5 9 18 20 16 20 12 3 15 12 12 14 5 20 1 5 6 14 0 5 10 12 11 15 3 20 5 8 13 4 1 19 12 18 20 2 9 16 3 8 4 15 20 3 14 6 19 14 13 14 6 7 10 1 2 1 11 7 13 11 18 5 18 20 4 2 12 12 9 17 1 12 17 5 5 5 7 8 10 19 13 13 7 19 2 1 12 18 6 7 18 8 10 12 10 7 1 9 19 12 15 9 2 18 13 17 14 15 10 11 15 18 13 18 19 14 10 17 14 10 7 11 4 17 10 12 20 17 7 14 6 2 18 8 12 13 6 16 14 11 8 17 8 16 2 16 7 7 20 12 10 5 18 14 7 13 15 2 12 2 13 12 15 12 16 19 2 7 17 9 7 12 18 10 12 15 4 18 14 11 19 20 15 2 17 6 10 19 11 10 19 11 7 13 16 1 11 16 12 6 5 6 2 4 15 11 9 12 10 15 4 15 19 7 12 2 4 11 12 10 18 17 7 15 18 13 1 10 7 8 7 16 1 8 16 5 15 5 19 18 9 8 9 14 3 6 8 2 13 3 3 2 9 2 10 8 4 20 20 9 18 14 6 6 8 11 6 8 6 7 2 8 4 20 5 8 10 5 4 19 3 4 13 6 2 19 12 8 8 3 8 20 5 19 12 18 19 18 5 16 13 8 15 5 10 20 2 3 4 7 5
14 16 1 6 6 7 8 5 1 15 6 16 3 19 8 20 13 2 16 10 4 1 1 11 18 2 5 13 3 18 7 6 12 3 1 6 9 4 11 5 19 12 13 5 5 8 15 6 8 16 4 17 18 2 2 8 16 13 3 11 18 18 6 5 13 7 12 10 10 20 7 2 17 16 15 16 10 3 4 15 13 18 13 1 1 12 16 17 15 19 11 14 15 10 1 20 6 11 2 7 19 17 20 2 15 19 13 14 15 9 8 8 1 3 15 9 6 13 3 7 17 15 18 9 6 8 5 9 14 10 17 10 2 15 8 15 7 9 18 6 12 13 18 15 5 6 19 19 16 1 6 3 9 7 20 3 18 12 14 15 20 4 19 10 12 16 4 3 1 13 17 11 20 9 20 6 9 14 14 6 9 16 7 7 14 8 4 17 14 12 7 19 10 9 20 7 11 3 16 2 19 13 19 9 17 15 16 20 0 8 18 8 17 19 1 8 6 15 16 9 11 3 14 11 14 17 2 13 1 18 7 9 1 19 2 13 2 6 16 6 18 17 1 14 20 5 16 11 19 11 15 2 14 6 8 3 16 20 14 9 1 5 18 14 1 9 7 4 18 9 7 4 2 3 4 13 9 11 5 9 12 10 7 2 16 5 8 9 19 5 5 15 20 19 20 3 19 9 3 5 16 12 17 18 6 2 12 20 12 1 19 11 3 1 9 1 9 10 8 17 14 10 5 20 12 17 20 4 14 4 6 14 7 19 6 7 1 19 8 15 9 9 14 14 7 13 7 5 9 11 20 6 18 1 10 14 7 12 8 14 10 17 18 8 15 3 3 20 12 11 16 16 4 8 11 11 17 8 19 18 6 10 17 19 9 6 11 18 10 18 14 3 5 1 19 15 16 8 19 12 16 9 17 15 3 20 20 19 5 13 16 3 9 14 12 4 3 17 1 14 3 1 9 4 7 20 11 18 1 6 1 4 17 20 11 4 12 10 18 18 9 20 19 15 18 15 9 4 8 8 11 16 8 7 8 11 11 14 18 8 7 13 3 14 13 13 5 18 13 15 4 17 18 13 9 16 17 5 9 14 16 1 7 12 9 9 19 12 3 15 16 17 8 15 12 9 4 3 19 19
11 10 8 9 16 2 7 14 18 2 11 15 9 17 1 3 19 15 19 6 19 11 18 16 3 9 5 18 3 5 12 20 2 3 6 6 5 12 18 3 19 19 10 3 1 12 9 11 2 4 18 11 9 12 4 8 17 18 6 7 19 1 20 19 18 8 3 18 17 14 1 13 1 13 20 9 6 17 1 14 8 10 2 18 11 17 19 7 10 8 8 10 18 8 7 16 11 3 9 14 16 20 6 3 20 8 3 4 4 9 3 5 14 1 12 8 13 19 1 18 7 9 9 17 17 3 16 4 16 15 7 9 19 2 1 9 6 18 8 14 9 3 4 14 1 15 13 17 7 7 1 11 16 7 7 14 1 20 14 14 3 19 8 3 9 9 10 17 14 13 14 12 17 18 18 1 3 15 10 11 7 13 12 20 5 16 15 17 9 10 17 1 6 9 20 10 6 20 3 1 12 17 11 18 18 13 2 20 15 0 3 8 5 3 15 8 3 7 14 18 18 6 16 9 20 7 19 9 13 7 16 18 2 6 6 11 11 15 20 1 17 2 8 18 1 12 8 6 16 3 11 11 1 11 18 12 2 4 20 20 11 20 7 4 16 14 16 19 5 13 8 3 3 17 15 15 19 15 12 18 5 19 13 12 2 10 10 15 8 7 10 3 5 10 19 8 2 10 16 13 9 3 14 6 10 2 17 9 2 14 7 6 7 14 9 3 1 1 7 10 13 18 20 3 20 16 5 14 9 3 13 4 2 6 1 2 4 14 2 19 9 11 5 6 14 14 19 6 4 5 2 3 11 5 9 5 16 20 1 1 16 20 19 20 2 5 10 6 6 14 8 18 7 8 11 17 16 20 8 9 13 3 5 18 10 16 17 10 15 6 19 1 1 13 9 14 7 9 7 19 1 3 1 13 7 19 14 3 1 16 5 18 14 1 9 1 14 14 17 5 6 18 1 2 1 5 1 17 15 11 18 1 2 9 17 16 13 8 17 6 4 19 8 7 19 4 10 5 1 16 20 5 6 5 11 10 3 14 4 4 2 14 14 7 15 4 14 14 15 3 19 1 2 9 5 13 3 9 5 13 14 15 2 15 11 9 2 1 4 7 9 1 12 19 11 11 5 8 13 12
3 11 6 20 20 8 19 11 19 4 12 4 6 18 7 16 20 12 20 19 13 6 16 2 6 15 16 14 13 1 16 15 9 2 19 8 5 18 9 12 4 17 13 16 13 11 6 19 12 11 1 2 13 11 10 3 10 2 16 12 11 20 12 4 10 1 9 15 16 14 17 12 5 20 6 3 3 3 17 20 13 16 11 17 13 13 8 8 14 9 10 16 18 11 12 10 14 5 17 13 11 16 5 10 19 12 10 1 6 6 9 9 6 15 1 11 14 15 17 1 2 12 3 15 11 18 3 4 5 4 16 7 1 20 7 6 18 2 13 8 2 4 19 1 4 4 20 4 14 14 19 3 13 2 2 16 1 20 8 20 4 15 2 2 16 12 12 19 12 6 19 8 14 6 19 11 4 1 2 7 3 5 6 2 6 17 18 8 17 16 6 7 5 10 20 3 16 18 7 3 1 15 14 1 8 15 7 6 4 12 0 13 11 19 10 17 1 19 8 9 2 5 15 15 3 6 14 11 16 20 19 16 5 14 7 17 6 12 6 17 5 17 15 17 4 15 14 12 8 19 2 14 3 15 6 14 3 7 1 3 6 8 13 4 15 6 11 1 19 5 10 2 8 8 2 17 18 11 10 20 4 8 19 10 16 20 12 14 17 6 16 6 12 8 2 8 6 12 12 9 1 6 8 17 11 11 10 16 15 17 15 16 13 1 4 11 13 6 19 10 9 6 18 2 1 4 6 20 7 5 4 16 3 20 16 13 8 9 6 7 4 3 4 1 4 12 17 6 5 12 12 12 1 19 4 13 17 19 19 8 13 3 7 2 18 3 16 13 16 15 14 18 12 8 14 6 9 7 10 4 2 17 3 9 4 17 5 5 8 14 17 14 7 3 6 16 5 10 4 12 14 11 8 15 20 9 19 19 2 10 14 6 8 2 20 15 6 14 5 8 4 6 9 3 13 13 18 15 7 18 9 9 14 7 18 18 14 1 17 15 16 4 5 5 8 14 15 8 5 13 4 11 3 10 14 15 12 16 19 11 16 8 18 18 8 9 17 2 12 11 5 14 16 11 13 19 17 4 11 12 12 2 17 13 11 10 9 14 9 5 10 2 5 3 1 15 7 20 2 17
4 6 4 6 18 19 15 19 3 15 10 13 3 6 8 13 8 18 15 1 17 4 19 8 1 17 8 10 6 17 9 14 3 18 3 10 7 9 3 14 17 8 10 5 1 2 1 19 19 17 10 11 10 4 6 9 14 15 12 20 10 1 5 1 13 6 5 15 2 13 14 2 18 3 7 1 12 1 3 2 5 8 10 13 15 15 7 18 15 15 5 18 17 18 7 1 1 14 13 12 15 4 12 10 16 15 13 13 18 10 12 17 15 16 9 1 6 2 1 5 9 17 17 4 13 12 16 1 9 7 14 7 12 10 3 10 4 12 3 13 10 11 20 19 17 10 3 7 19 16 1 11 2 3 10 20 6 8 16 10 3 12 6 8 6 3 18 15 4 6 13 9 9 5 12 5 10 7 7 12 12 11 4 3 20 10 19 7 11 3 20 17 9 10 14 5 9 17 13 13 5 7 18 11 4 16 20 20 5 14 4 0 11 7 18 11 1 18 14 5 20 7 8 15 7 13 18 19 1 17 5 19 15 9 14 19 15 6 14 8 18 13 16 4 13 10 5 10 18 19 3 4 7 10 7 10 6 6 6 7 5 8 20 6 15 18 7 8 9 1 7 6 13 2 9 5 4 2 13 8 8 3 2 20 19 18 2 13 12 19 20 20 9 7 4 1 16 15 15 1 13 15 11 7 13 12 14 16 18 10 9 5 16 7 1 1 14 6 6 2 8 11 10 16 14 5 7 17 6 20 17 7 13 5 1 10 6 10 1 5 12 17 5 14 20 10 9 5 5 14 5 10 6 4 19 6 19 9 11 17 8 4 15 8 18 1 13 19 9 15 7 9 4 2 20 15 2 17 11 1 2 11 6 15 16 12 2 18 6 20 1 19 2 15 15 16 2 8 13 3 14 1 20 11 15 13 10 7 4 14 15 8 8 13 2 4 16 19 6 11 7 4 17 20 15 1 19 18 18 17 2 4 20 19 10 9 18 6 9 12 18 14 12 1 18 16 15 20 11 11 9 10 18 11 5 4 17 3 9 11 2 19 12 17 11 14 8 2 7 10 13 1 17 14 6 4 16 4 12 17 15 11 19 18 14 18 18 15 2 3 19 9 19 19 14 20 10 3 17 19
10 1 13 11 4 14 1 5 4 2 17 10 11 5 19 13 20 14 1 15 14 6 17 5 4 15 19 4 7 4 10 13 7 19 19 7 19 20 2 19 5 15 17 11 1 14 2 10 20 1 19 18 7 17 9 9 10 17 4 2 5 5 10 4 19 17 20 9 1 12 15 2 12 18 11 17 11 2 10 10 10 12 10 16 20 17 18 4 3 11 1 16 19 11 18 16 14 6 14 3 15 6 11 11 15 19 7 15 13 12 12 19 7 11 17 13 13 11 5 15 14 6 4 1 3 14 15 12 14 7 19 14 9 13 6 17 7 16 14 9 5 16 13 4 10 17 6 6 1 11 14 11 7 11 5 14 8 12 7 2 2 20 7 5 6 18 12 3 10 9 4 12 7 5 10 17 15 5 8 11 17 11 10 10 10 4 11 2 13 10 8 6 17 11 12 11 10 6 14 11 2 20 1 18 16 6 8 1 1 11 1 8 0 9 8 11 10 9 20 4 20 11 2 14 10 9 10 10 8 17 9 14 1 7 17 19 13 14 13 19 14 9 8 7 10 7 17 16 19 8 14 14 1 9 1 16 18 5 6 19 2 20 14 8 4 13 15 11 14 14 6 15 9 19 6 14 13 13 19 1 18 8 6 19 11 20 10 16 9 1 9 16 13 17 14 1 17 8 19 7 19 5 7 11 1 7 14 2 12 1 15 3 7 2 8 14 15 1 15 19 14 7 1 16 9 16 6 1 6 20 11 16 4 7 5 6 9 7 15 8 7 18 14 3 14 6 2 12 10 18 12 11 4 17 18 8 7 19 1 16 4 14 18 15 2 16 17 3 7 5 17 2 10 19 9 14 2 16 6 13 13 20 18 11 6 11 18 5 20 12 2 10 14 7 10 3 5 18 8 13 5 5 14 20 11 17 12 12 9 13 13 8 16 10 18 14 7 16 18 11 8 4 11 12 6 4 19 9 8 18 5 14 13 4 1 1 15 9 11 20 16 5 17 16 2 14 1 18 16 5 15 13 4 7 15 4 7 13 7 11 4 13 2 18 17 18 6 13 10 10 6 8 20 4 9 20 7 6 10 13 12 15 20 19 9 18 9 14 8 14 7 20 20 3 14 8 15 4 19 7
2 16 1 16 3 4 1 17 6 17 9 18 6 20 19 1 20 4 8 5 16 13 19 19 8 7 12 3 13 20 2 5 3 16 18 13 16 16 1 8 11 16 3 6 8 19 11 20 5 14 3 5 12 16 6 16 11 12 9 19 12 3 19 7 16 16 1 5 16 5 8 9 4 2 10 3 6 16 1 20 4 19 17 19 19 14 5 8 10 6 14 10 7 20 13 9 4 17 19 18 6 14 4 1 2 12 16 16 8 14 8 16 9 2 13 16 10 11 5 11 11 3 20 3 1 15 9 12 14 2 17 6 16 19 2 10 6 10 17 4 6 17 13 5 19 19 12 18 1 14 18 5 13 2 12 4 18 11 18 2 7 19 6 12 5 18 6 17 14 19 2 15 20 11 11 20 16 17 11 20 8 15 10 1 10 7 8 5 8 2 10 19 15 10 12 10 7 16 6 2 5 1 3 9 7 9 18 17 8 3 8 6 20 0 17 19 6 4 14 1 7 1 16 8 19 15 6 8 14 9 5 11 6 1 10 16 5 3 3 6 15 10 6 17 19 4 16 4 13 3 15 5 12 16 19 15 16 8 8 20 5 6 14 16 6 13 11 11 12 19 12 7 12 12 4 2 19 17 17 19 1 8 7 9 20 20 17 17 9 11 8 7 19 8 16 1 1 8 13 12 14 15 4 12 3 7 15 8 2 5 8 13 3 7 3 19 17 14 6 19 16 7 11 11 7 6 3 11 5 13 16 20 9 4 2 6 18 20 8 12 14 17 6 16 13 6 2 8 17 11 4 6 11 3 19 19 1 15 4 11 4 5 13 18 6 11 20 7 18 11 4 2 9 15 20 3 3 15 1 11 17 14 14 7 8 12 6 18 2 3 20 7 9 3 9 20 16 18 20 18 7 11 8 20 14 17 14 19 16 1 20 9 13 10 17 13 13 13 17 4 14 2 6 6 9 2 10 18 2 5 18 9 12 3 19 5 1 18 7 8 3 7 19 6 20 16 15 13 2 11 4 17 16 6 18 7 5 13 2 14 19 19 8 5 13 5 20 8 20 2 5 13 20 13 19 6 1 12 1 19 11 10 5 8 7 14 7 8 10 17 11 6 2 5 3 14 20 13 6 16
17 13 1 13 8 12 19 16 15 4 6 14 18 8 15 18 20 18 16 15 10 12 3 20 5 2 5 9 2 6 5 16 10 18 11 9 18 18 20 19 4 4 17 15 11 20 9 10 18 20 9 2 7 18 6 17 11 11 11 14 19 4 6 3 1 3 10 16 19 8 17 2 1 8 17 3 12 16 8 13 4 11 18 2 10 12 5 18 16 20 7 4 4 20 11 18 2 1 1 11 19 9 16 6 10 11 2 6 4 13 2 5 7 4 1 13 5 5 12 8 15 7 14 20 6 19 4 9 7 20 7 16 4 4 5 19 11 12 10 9 13 2 19 7 10 10 11 6 16 11 10 16 18 11 4 10 18 6 7 17 1 3 3 4 4 13 17 18 16 20 11 20 8 15 18 12 12 11 5 2 13 9 16 13 16 13 9 1 13 2 15 4 18 8 15 16 16 4 8 5 10 18 10 6 14 11 6 20 7 17 7 4 8 3 0 18 2 11 1 15 20 7 5 20 9 12 2 8 8 13 7 15 7 17 11 6 10 19 3 2 9 7 2 19 13 2 3 7 20 4 12 18 1 19 18 2 9 16 6 11 15 10 11 6 2 19 10 11 15 15 13 15 8 7 6 20 19 1 15 19 11 18 15 12 18 12 11 18 18 9 1 8 2 16 5 14 5 5 20 3 2 7 1 17 17 18 17 12 19 1 4 5 20 14 7 10 3 5 16 9 20 17 2 15 3 14 10 4 5 9 15 8 18 9 9 4 5 6 13 1 2 2 6 10 6 12 12 6 14 8 6 16 14 16 17 6 13 7 20 5 4 5 11 11 2 13 9 8 17 13 5 19 8 4 2 6 7 1 3 8 15 1 15 13 5 8 19 9 10 20 9 10 15 4 3 6 1 14 15 9 13 18 7 17 18 14 6 12 5 5 8 14 19 4 10 9 6 8 18 15 9 9 17 6 4 11 19 17 3 18 5 6 3 12 4 5 16 6 20 14 16 5 5 3 16 14 15 7 12 19 6 15 3 4 5 15 20 18 13 9 6 20 10 18 2 12 9 12 14 17 20 7 13 12 17 6 19 5 7 9 14 15 2 9 19 6 2 9 5 4 11 12 12 7 8 14 10 7 6 16
12 11 5 16 1 7 10 9 14 14 1 17 1 18 8 5 8 8 15 9 3 2 9 4 1 2 11 5 1 8 7 6 19 16 4 17 4 19 10 17 7 20 11 4 9 3 8 6 10 6 20 17 9 1 5 11 14 4 19 18 11 12 2 12 6 9 11 10 3 6 4 9 8 1 13 14 3 4 11 20 9 17 6 9 14 2 6 3 17 11 2 2 3 19 20 6 6 16 18 13 18 2 8 18 9 6 4 20 15 13 3 12 18 19 2 14 4 13 14 6 19 5 10 6 9 8 13 4 7 4 9 8 17 15 12 10 9 7 17 4 14 4 4 7 11 20 13 10 14 6 20 6 3 16 11 3 7 11 17 13 11 6 1 1 12 4 17 12 12 20 20 3 19 16 19 1 7 18 4 19 15 17 1 5 6 7 8 2 19 1 9 18 11 2 7 13 10 18 5 19 1 7 4 12 2 19 18 8 13 10 9 18 20 18 19 0 18 6 18 18 13 11 4 18 14 11 16 8 3 4 10 3 7 17 1 4 16 3 7 11 20 13 15 2 16 10 1 5 6 19 11 16 14 12 11 2 18 4 9 10 9 8 9 17 18 4 8 13 17 5 12 17 20 4 9 15 8 13 16 2 10 11 12 11 2 9 11 8 5 17 2 19 18 7 17 8 19 1 14 17 5 5 8 8 19 8 14 20 3 1 18 6 17 2 19 12 15 6 15 5 14 14 17 12 8 8 13 9 4 16 16 2 3 15 8 6 16 2 15 15 4 15 7 4 10 20 6 5 17 12 20 3 19 16 8 5 18 1 2 20 5 15 7 19 5 2 20 13 17 14 18 9 11 6 15 6 4 2 1 14 13 18 8 9 10 9 12 2 2 13 1 15 10 2 15 18 5 9 5 10 5 5 19 18 2 18 11 2 15 18 14 15 10 18 11 16 17 16 3 19 15 15 8 10 10 7 17 6 11 14 10 4 18 16 1 15 9 12 7 17 17 13 11 6 18 1 6 8 15 12 5 19 13 15 17 14 11 9 2 17 9 18 7 16 5 18 18 4 19 10 8 19 12 17 11 16 7 12 8 16 7 19 14 9 4 19 20 13 2 1 6 1 13 15 7 16 12 10 7 6
11 2 18 1 7 19 1 1 7 15 3 18 8 10 2 2 17 9 18 12 19 5 6 1 12 13 8 4 11 4 18 9 3 3 14 17 16 15 20 19 15 8 1 14 4 17 13 15 17 13 1 6 3 1 19 18 15 6 2 3 12 5 7 12 3 7 16 12 7 2 1 18 8 12 17 11 12 19 1 8 4 9 5 9 11 2 14 17 17 13 6 16 10 10 19 16 17 2 14 14 19 2 10 4 9 4 4 20 13 5 11 19 15 14 19 9 14 4 4 5 20 15 14 2 12 8 10 6 10 1 13 3 20 2 1 4 12 18 4 18 17 10 11 3 6 17 12 12 5 15 3 10 1 4 15 6 18 2 9 8 5 18 14 17 2 19 6 5 8 20 6 12 1 3 1 14 3 2 13 18 2 17 1 10 4 12 13 1 19 17 2 11 13 16 18 14 18 1 20 19 12 15 16 2 12 6 20 15 16 13 11 11 7 7 10 14 0 5 8 11 11 3 4 13 15 16 3 4 18 8 13 6 8 4 14 6 10 7 3 14 12 10 8 12 19 12 1 18 11 5 3 17 19 2 6 20 18 11 7 7 4 15 10 10 2 19 11 19 20 9 8 17 1 16 15 11 9 19 12 13 17 15 10 13 2 14 1 2 15 6 12 20 12 1 14 5 6 20 2 4 19 10 9 11 14 17 8 18 6 12 6 11 19 5 8 5 15 19 15 14 12 17 9 13 12 3 14 19 6 3 16 15 9 12 19 19 15 15 17 13 12 9 13 14 14 12 13 1 13 6 17 17 6 20 14 20 4 2 10 18 3 15 7 6 12 11 1 8 4 14 2 15 20 14 13 2 19 7 6 8 14 17 13 8 19 8 18 12 3 1 14 7 9 11 16 14 16 15 9 1 7 16 9 12 10 10 20 8 17 15 11 5 15 4 5 20 18 9 5 10 20 15 14 14 15 9 8 15 2 17 20 16 15 2 7 17 20 14 17 7 8 3 9 17 8 19 17 9 3 18 1 19 7 12 13 13 16 19 19 8 3 15 16 4 17 5 19 13 15 15 11 5 17 16 9 8 4 16 15 3 13 17 20 13 10 11 13 19 8 5 14 4 17 7 3 12 9 4 2 1
20 2 10 5 2 5 10 11 5 5 15 7 17 10 5 11 14 7 20 20 5 19 16 7 6 13 1 19 4 14 7 20 18 10 13 20 14 1 19 16 2 10 2 10 13 3 17 2 14 4 5 9 4 7 15 12 14 8 8 6 18 9 13 10 17 15 15 13 12 18 6 11 6 9 10 9 19 2 13 7 4 9 12 15 3 18 9 6 5 14 7 19 10 20 11 6 14 1 11 14 15 10 15 11 2 7 9 4 7 10 1 17 6 11 14 4 6 17 6 14 10 18 16 2 1 14 15 13 1 3 14 1 8 14 3 7 1 14 17 8 17 15 9 8 13 6 11 19 1 6 3 3 12 1 14 14 8 8 9 9 19 6 3 6 4 2 13 8 17 11 11 3 3 19 12 8 17 20 5 14 5 5 4 12 5 5 14 17 17 6 3 1 6 10 4 2 5 1 3 6 19 3 2 12 20 14 6 4 19 4 4 11 10 18 2 20 4 0 5 10 12 19 9 2 5 11 9 13 18 8 7 14 6 10 12 9 4 4 17 17 7 2 11 17 11 8 5 6 9 6 16 3 20 4 4 2 17 5 16 17 6 13 13 6 9 20 9 10 5 3 8 20 16 3 5 4 8 5 9 16 10 11 18 6 2 15 8 2 14 6 3 4 6 20 8 19 6 14 2 17 13 12 14 15 14 17 1 14 2 19 10 20 2 10 6 16 15 4 3 16 8 19 18 8 18 6 15 12 13 6 11 14 16 1 7 2 1 3 14 20 10 18 9 5 17 10 18 2 10 9 2 12 7 7 3 15 7 20 15 16 9 18 11 14 4 18 10 15 20 16 2 18 17 17 1 17 4 2 6 19 18 12 20 10 15 8 9 2 11 12 16 20 10 9 3 19 9 19 20 11 11 10 1 2 11 6 15 18 12 18 13 18 14 2 13 15 3 5 8 15 8 2 9 8 3 5 4 17 16 17 11 8 4 18 15 12 14 10 11 16 13 2 3 3 16 3 8 18 15 3 6 13 18 8 8 10 4 19 19 8 18 10 13 12 16 13 2 1 5 15 13 15 3 11 6 1 8 20 14 14 11 1 6 18 9 18 19 18 18 13 10 19 2 1 15 15 4 3 9 11
12 10 19 2 16 12 15 12 10 1 16 8 17 7 12 8 6 7 9 2 4 14 13 4 12 15 9 14 19 20 17 17 20 18 10 2 19 14 20 9 6 5 15 17 8 11 12 8 5 12 20 13 8 18 10 1 18 9 8 14 11 17 18 18 2 9 4 6 15 1 18 18 19 16 20 15 3 15 18 12 9 10 20 19 17 3 6 2 7 17 1 2 18 1 18 20 18 16 1 11 15 20 13 20 12 8 18 10 3 1 9 2 7 20 3 2 13 2 5 18 14 14 14 13 18 16 9 4 14 18 3 5 10 9 3 5 10 20 19 9 8 1 1 18 14 1 13 12 10 4 7 15 2 15 5 10 8 5 12 17 17 17 19 15 8 14 18 18 16 15 19 5 15 16 9 17 20 4 5 14 17 18 10 12 2 17 20 3 20 11 20 19 12 10 4 4 6 10 4 18 4 1 14 16 4 12 12 10 20 1 12 4 3 5 9 3 9 2 0 3 10 16 16 5 17 9 9 20 4 11 3 18 12 20 17 14 20 20 17 15 3 1 9 10 1 12 9 17 4 16 14 13 6 4 1 8 1 17 6 17 13 17 18 19 19 11 16 10 3 6 15 12 15 6 5 6 7 4 6 10 14 7 2 8 11 1 8 2 13 19 18 17 13 13 18 16 10 10 14 17 8 6 8 12 13 11 17 18 3 13 15 1 20 18 17 14 18 15 16 17 12 14 12 11 2 4 4 1 5 5 2 20 4 3 16 5 17 16 17 4 14 10 2 19 14 8 4 15 1 19 16 7 4 5 12 14 19 9 5 20 14 13 6 11 4 11 9 13 3 8 1 13 20 15 19 16 13 2 13 12 9 20 2 19 12 20 9 16 20 8 6 7 9 11 19 2 11 20 13 4 18 3 15 19 4 13 6 10 1 1 9 14 17 7 5 2 6 15 2 12 1 11 16 15 3 17 9 2 5 4 12 6 15 2 12 1 20 2 1 13 4 14 2 12 4 16 11 6 10 12 18 20 13 12 1 19 10 10 15 14 19 14 17 4 2 1 7 14 11 5 2 8 7 3 18 3 12 9 15 7 7 20 20 6 7 15 4 11 2 11 9 17 8 5 10 1 16 17 5 10
20 5 12 10 2 4 3 3 15 2 13 17 3 6 18 6 16 17 7 19 5 6 9 10 6 2 17 11 7 16 2 11 18 16 20 8 1 2 15 2 12 4 11 9 15 6 9 14 15 15 3 18 20 15 18 17 8 6 20 8 1 14 6 15 20 11 12 15 3 2 4 4 12 5 18 5 17 20 17 10 1 17 4 17 20 11 12 1 6 3 17 14 19 18 9 5 4 14 9 14 20 3 14 14 2 19 8 15 6 4 16 7 12 11 6 13 14 18 14 14 16 16 9 1 3 17 13 13 5 1 9 9 10 8 15 10 8 19 7 5 19 10 3 11 11 4 3 20 9 15 8 18 19 20 20 2 1 20 2 1 12 17 4 11 3 7 14 14 6 15 16 19 2 13 15 13 10 20 7 11 3 10 17 13 11 7 19 6 2 2 3 17 1 14 11 4 5 8 2 14 1 20 20 18 20 19 7 4 9 12 11 4 6 10 11 12 5 20 19 0 19 8 6 1 10 16 10 6 18 18 15 14 8 14 17 4 13 20 20 6 12 5 15 17 20 10 3 6 8 1 20 4 3 6 18 17 8 4 14 16 13 15 10 6 8 14 1 12 7 14 7 20 16 15 13 1 10 14 8 12 11 4 9 8 20 6 10 20 3 10 9 7 3 16 19 2 13 4 8 16 7 14 15 4 13 6 9 1 17 8 6 11 3 17 1 19 6 18 12 3 12 3 11 16 12 19 8 7 11 20 3 17 13 15 9 9 1 10 15 20 13 15 1 20 9 19 17 3 12 3 15 10 15 5 1 15 3 11 19 16 12 1 3 11 16 13 12 18 9 9 1 4 12 5 7 7 9 11 6 14 10 4 14 4 18 18 19 16 5 2 19 13 17 16 15 11 20 14 16 18 3 2 5 1 3 3 15 8 19 10 12 1 2 4 10 6 11 3 20 15 10 3 9 11 4 1 13 11 16 13 9 17 9 14 15 4 1 14 3 15 14 11 4 3 10 11 20 4 2 20 7 6 1 19 12 10 15 19 9 7 13 10 18 4 19 15 1 3 16 7 15 2 14 5 8 20 8 13 17 17 3 11 3 18 5 8 20 9 16 8 7 17 2 6 5 4 2 16 20 12
12 19 10 13 1 18 2 18 14 11 11 8 10 12 1 20 16 12 19 9 14 20 1 6 13 8 2 3 8 19 2 1 7 17 8 2 6 14 7 20 16 5 8 1 12 4 10 15 19 20 2 18 7 4 1 20 14 9 18 10 18 10 18 20 18 7 8 12 8 4 19 16 16 18 7 6 15 11 1 1 15 11 2 6 5 5 3 4 2 9 15 15 8 20 7 5 8 1 18 19 11 15 15 12 6 13 6 11 19 20 8 10 20 12 9 16 2 11 19 14 7 15 20 7 8 3 13 17 20 11 14 17 16 13 13 1 11 16 4 17 11 19 5 16 4 7 5 7 12 1 20 3 9 10 17 13 12 9 17 20 12 4 7 2 10 8 12 3 2 1 20 11 1 7 19 13 7 13 4 16 5 16 18 2 8 1 1 18 9 11 15 7 19 10 9 8 5 14 12 2 7 6 17 20 10 15 20 18 20 20 9 8 18 13 12 17 15 17 12 15 0 17 7 2 15 15 8 5 14 8 18 5 16 4 12 1 17 1 5 14 1 10 9 12 12 16 12 11 3 18 11 11 6 1 16 15 15 7 18 12 9 18 6 13 3 1 12 18 10 19 12 6 3 14 4 10 17 20 14 6 18 9 16 16 16 4 7 20 15 9 1 7 9 8 14 20 18 20 16 13 9 2 19 3 14 10 10 5 8 9 18 7 11 18 9 12 10 8 20 6 19 2 7 15 18 9 17 6 2 1 11 3 8 11 4 17 4 6 14 1 16 8 2 13 16 12 1 8 17 19 13 1 15 12 10 14 13 9 8 2 13 1 15 5 11 17 14 9 19 14 6 17 20 18 9 11 10 2 19 8 6 9 14 19 18 10 10 8 1 19 16 13 13 12 10 5 18 4 11 19 17 9 15 8 14 1 1 20 4 15 16 12 18 10 17 8 8 15 19 8 16 5 18 8 15 3 18 20 9 8 18 13 6 8 16 9 20 4 7 5 17 2 11 7 3 9 18 3 14 20 7 1 17 7 14 15 6 1 15 6 7 9 11 7 11 6 14 18 5 18 14 15 16 7 6 15 6 7 9 15 12 11 10 8 18 7 8 20 7 5 2 19 5 14 5 10 14 12 11 16
5 2 7 3 8 1 3 18 4 6 15 6 11 4 11 13 2 7 5 13 14 9 10 5 2 13 13 4 15 5 1 11 8 8 17 13 18 14 5 6 1 11 10 14 3 14 1 13 1 4 4 10 20 16 5 16 9 3 10 1 2 4 20 16 9 11 7 19 3 19 4 7 19 13 11 2 4 4 14 10 14 7 15 19 16 19 14 15 11 6 16 1 10 17 6 11 17 11 8 1 1 19 13 7 4 4 16 12 13 17 20 8 6 1 15 13 17 18 1 4 5 13 3 14 13 2 10 4 6 14 18 6 18 19 11 2 6 6 12 19 3 3 5 4 10 18 2 18 17 12 17 17 1 3 7 10 4 12 14 7 16 6 9 4 2 7 19 9 14 4 5 16 16 12 18 14 7 9 18 15 3 13 15 19 19 5 3 15 6 18 1 19 9 7 18 16 14 17 18 18 14 15 20 1 19 15 1 12 9 17 16 19 7 10 8 12 15 19 18 2 17 0 18 13 15 10 8 13 16 18 16 8 16 9 1 4 17 20 14 4 16 11 15 2 15 4 3 1 1 7 8 11 3 2 8 16 5 11 16 12 2 11 4 6 18 20 3 19 15 15 13 12 3 15 13 9 11 2 13 15 16 11 8 18 11 3 18 2 6 7 20 3 10 11 17 10 13 14 17 17 19 15 9 11 10 18 11 5 13 3 15 15 16 8 11 8 2 11 2 2 17 2 9 11 5 10 13 18 17 12 14 10 8 12 4 11 8 14 2 1 9 15 6 4 5 8 4 16 10 5 15 8 19 11 2 1 18 10 8 15 6 13 11 19 8 7 1 17 3 20 3 7 14 8 12 2 15 8 14 1 7 13 7 18 13 10 4 9 4 7 2 4 9 16 4 1 10 16 10 18 3 3 6 15 15 7 13 15 20 4 2 19 16 13 18 5 10 10 17 10 19 6 1 8 7 11 4 14 17 15 1 15 14 3 11 5 14 15 15 19 16 9 17 17 3 3 7 15 1 18 9 3 4 16 11 8 6 1 10 11 10 20 3 3 16 11 16 14 4 4 10 14 15 15 9 17 1 7 17 9 7 17 16 14 13 19 2 7 3 20 16 18 7 19 8 19 17 8 8 4
16 3 1 19 2 5 10 16 3 16 12 19 11 2 6 12 15 9 16 12 18 2 17 9 10 15 5 1 17 15 15 4 4 14 6 6 16 15 11 4 11 12 17 10 2 3 3 1 5 5 13 12 9 2 4 19 1 7 12 11 13 3 3 7 15 13 2 13 20 14 20 8 7 9 15 16 1 6 3 19 3 19 7 11 3 15 2 16 20 4 15 8 3 6 4 2 5 17 18 1 3 3 9 6 17 2 12 10 14 11 20 2 11 2 5 11 9 1 19 8 7 9 11 2 15 12 10 20 15 4 2 2 18 16 14 8 15 18 12 11 11 19 9 12 7 4 10 14 4 17 18 15 16 4 9 15 3 4 8 3 14 17 8 8 4 6 5 15 20 14 6 8 15 19 14 9 20 12 19 20 19 3 4 12 10 10 6 9 20 12 4 4 18 6 8 13 10 16 13 7 8 10 6 15 20 20 2 4 11 15 12 18 16 8 2 10 10 7 9 15 15 18 0 18 8 4 16 18 2 1 1 1 15 15 14 15 17 11 15 5 14 6 20 4 2 9 13 20 14 3 5 11 7 5 12 3 18 6 12 11 3 3 16 17 14 14 4 4 14 20 12 17 20 20 9 11 14 7 6 9 5 12 1 4 14 18 1 15 6 14 18 13 4 10 1 16 10 1 12 20 18 17 9 16 17 13 3 13 18 1 17 7 20 5 18 1 6 17 16 20 2 19 5 5 12 16 11 19 17 12 14 20 12 3 6 6 1 17 7 5 13 9 3 20 20 11 16 17 12 10 11 8 4 16 7 18 6 11 15 19 6 2 19 9 14 4 18 4 9 12 12 20 17 4 20 12 13 12 10 5 6 6 17 5 6 19 14 9 12 17 5 3 20 3 16 12 7 20 11 14 3 9 8 13 10 10 14 11 8 11 16 16 19 6 10 4 19 20 10 18 13 15 17 4 17 14 6 14 16 2 18 12 1 17 6 8 17 8 3 17 5 20 11 7 12 4 15 3 5 15 20 19 5 14 13 17 20 9 3 7 12 16 1 15 2 3 1 6 19 4 1 1 7 20 15 18 18 6 5 16 2 14 1 10 17 12 3 7 8 2 10 16 14 4 9 9 5 17 15 13
10 10 6 18 20 7 18 3 20 16 18 20 8 6 17 13 14 20 9 15 5 6 16 13 6 11 18 15 10 1 7 15 11 12 11 11 14 11 17 18 7 15 13 20 2 4 14 14 1 9 6 7 15 16 1 7 16 11 3 11 4 8 8 12 8 3 9 11 20 20 5 7 18 2 8 8 4 4 17 3 19 9 12 16 11 6 1 18 8 20 11 11 6 4 4 7 12 4 12 19 18 8 14 12 12 16 17 14 16 10 15 6 11 12 7 6 2 1 10 15 11 8 9 11 9 16 3 6 12 20 15 11 5 14 17 12 19 6 4 5 17 2 8 3 12 11 2 7 1 9 12 14 9 3 4 6 1 12 11 13 12 11 17 19 20 13 7 12 16 20 9 5 7 18 7 4 19 12 17 3 10 14 3 12 5 1 7 19 16 10 11 7 4 11 1 6 14 1 2 13 13 15 12 4 5 2 17 14 10 12 11 6 3 4 6 12 7 8 6 3 4 10 3 0 5 6 5 20 8 12 3 1 5 12 3 2 13 2 19 10 20 9 12 10 16 12 3 20 5 6 17 4 2 18 19 15 3 17 16 2 4 8 19 19 3 17 7 2 16 10 16 2 11 16 18 17 18 10 18 12 20 4 11 12 7 11 2 3 13 6 17 17 20 8 12 14 20 14 16 2 7 5 18 12 2 9 12 1 15 6 12 10 17 14 4 4 1 19 2 17 11 10 16 13 5 4 9 14 7 15 5 20 16 16 14 3 13 6 11 13 11 18 16 11 17 15 11 10 10 5 3 2 16 1 8 20 7 2 20 20 14 20 8 19 16 8 1 17 6 9 9 17 4 7 2 3 15 12 10 6 5 8 10 19 6 17 20 9 1 9 1 17 16 1 8 19 14 11 1 3 2 18 6 10 19 7 12 2 12 16 4 7 17 2 12 13 5 8 3 15 3 2 5 20 16 17 15 11 12 2 17 10 8 8 6 9 3 10 3 19 2 9 7 5 10 19 3 4 9 1 11 15 20 8 18 20 20 8 4 18 11 15 2 10 9 14 8 20 10 5 16 18 16 19 7 4 10 16 2 14 19 5 16 7 10 9 19 10 12 5 12 7 18 19 13 1 5 6 17 3
4 7 16 15 2 17 6 5 4 17 12 15 2 16 8 4 1 9 16 16 20 1 7 18 8 13 8 17 10 18 18 4 1 14 16 12 9 5 16 16 9 9 12 18 3 20 15 12 13 17 3 10 6 13 10 5 8 6 1 9 15 9 3 15 4 6 2 11 8 5 17 17 17 2 1 4 8 19 13 18 11 8 10 10 1 6 10 14 12 20 17 19 17 8 8 18 8 19 14 3 2 12 8 17 15 5 11 11 13 12 4 15 18 13 5 8 3 19 6 20 14 14 16 18 3 10 14 20 16 3 15 6 9 8 12 9 15 11 12 19 4 19 15 5 19 15 14 19 8 7 5 6 15 15 8 2 10 11 17 2 19 10 12 19 4 20 7 14 2 12 3 18 4 11 14 12 15 6 7 14 12 16 17 20 3 12 2 2 14 13 6 9 1 16 16 9 10 14 10 15 3 19 8 16 18 4 4 13 1 18 17 8 6 6 1 16 5 15 11 20 20 12 13 8 0 14 7 4 15 20 9 13 11 7 2 20 12 10 7 9 17 15 10 18 18 4 3 14 13 19 3 8 17 12 2 10 9 15 20 5 16 19 12 7 4 5 20 20 15 12 10 18 6 12 16 3 10 13 2 7 12 13 9 14 12 19 14 7 6 1 3 10 16 18 10 14 1 17 4 16 7 20 16 16 1 1 6 10 19 5 10 10 8 15 14 12 5 7 19 10 2 12 4 6 16 16 5 18 19 11 5 17 2 8 20 12 1 4 10 19 1 10 16 7 17 13 19 7 9 12 16 8 1 8 13 3 4 14 3 6 4 20 8 3 15 14 4 12 7 12 18 14 12 19 10 1 14 8 10 10 12 5 13 3 17 2 5 8 12 6 10 17 16 4 3 16 5 8 19 15 5 14 5 2 1 18 17 11 11 17 14 17 15 13 12 8 12 12 2 14 19 17 17 18 12 7 10 14 3 13 3 15 12 8 16 9 15 2 11 2 20 7 14 7 17 2 18 2 12 4 11 7 16 5 9 5 5 2 20 9 2 5 19 13 9 16 15 12 3 12 2 12 10 17 19 18 4 12 15 17 3 16 3 3 18 4 17 3 12 13 15 20 2 7 12 18 1 16 4 13
15 19 15 3 19 16 5 14 11 13 8 9 18 16 5 13 8 5 9 20 18 12 3 16 14 14 1 8 8 6 1 18 16 12 17 13 19 17 7 6 16 1 16 7 11 5 2 19 13 17 3 15 9 9 17 8 19 20 1 4 12 4 13 12 15 20 2 16 17 15 10 12 14 2 7 7 18 19 2 19 9 10 19 8 13 11 1 17 9 18 3 7 17 20 19 8 15 9 17 20 4 10 9 4 9 7 15 9 5 13 18 2 20 14 10 2 13 8 16 3 18 14 2 16 9 3 3 19 19 13 4 20 19 1 7 5 6 17 13 19 11 15 18 2 2 18 11 13 5 8 19 13 13 14 19 2 7 9 5 16 2 11 7 2 20 17 6 13 9 14 5 5 6 6 20 7 19 4 18 12 7 9 14 9 8 5 20 7 7 4 10 11 11 20 14 12 2 16 4 5 10 12 4 3 2 11 15 6 12 1 20 9 18 8 1 11 2 15 18 17 7 11 1 13 13 0 1 8 14 14 2 17 10 12 16 13 3 12 19 3 5 3 3 20 9 17 11 11 20 9 14 6 3 3 11 8 2 2 1 1 20 14 1 9 2 7 5 19 13 7 20 4 14 18 4 7 8 6 12 17 18 7 12 8 12 17 3 12 17 6 5 7 20 16 1 12 7 8 5 15 14 13 14 6 12 16 2 13 13 10 11 2 5 20 14 11 5 9 3 14 17 8 3 4 7 10 18 20 1 9 11 7 17 13 19 4 9 11 5 10 17 14 17 1 13 6 4 8 7 15 13 2 6 12 13 14 15 20 2 2 20 17 19 13 19 6 5 7 8 16 2 19 17 5 5 6 17 11 17 9 6 18 17 20 8 9 4 6 2 16 18 1 3 5 10 8 12 17 1 16 8 1 16 18 5 1 11 5 3 1 8 5 15 19 1 9 7 14 7 1 13 15 10 18 19 8 2 13 8 5 8 11 17 16 20 2 8 19 8 5 19 7 14 12 1 7 11 3 13 20 7 5 9 18 18 12 1 16 8 19 1 19 6 2 10 13 11 2 19 6 14 5 8 17 17 8 19 11 2 1 5 2 6 14 6 5 7 9 10 20 5 16 17 18 19 1 10 6 16 16
20 5 2 20 17 1 6 4 8 13 5 19 6 18 18 19 20 6 9 2 13 11 11 8 7 7 15 10 5 18 9 13 2 18 18 17 4 4 2 15 16 20 15 12 5 9 18 16 2 18 3 19 6 8 16 19 17 4 13 10 13 12 14 12 4 16 3 2 17 1 8 12 15 12 3 3 6 5 2 16 11 15 12 5 7 8 1 6 1 19 5 16 3 18 4 2 9 18 17 14 15 12 11 8 13 4 3 3 2 1 8 20 13 16 20 9 7 11 6 1 19 20 13 4 9 15 6 14 12 4 19 4 15 16 5 10 10 14 14 13 3 15 9 12 10 14 12 6 20 2 13 16 5 13 8 2 15 7 20 2 19 9 13 12 5 11 20 13 4 6 4 10 1 4 16 7 19 9 9 18 10 6 1 19 10 9 16 15 20 5 20 18 2 4 8 3 16 3 18 13 13 11 20 18 15 17 9 1 2 4 15 8 16 11 17 17 6 13 6 4 1 18 8 19 15 14 0 20 20 13 5 19 8 3 9 9 14 13 20 18 17 14 6 17 13 14 16 15 5 13 4 3 7 14 17 13 17 12 12 19 14 15 3 1 17 16 18 9 18 16 15 8 14 17 6 20 15 17 6 16 9 10 18 17 7 1 7 17 12 16 16 5 17 2 2 18 17 6 13 3 18 16 12 2 12 15 16 8 1 19 3 15 16 9 15 4 17 7 13 15 9 13 14 2 1 10 10 19 8 15 8 20 12 9 8 2 12 8 5 8 2 17 2 12 9 15 10 9 1 15 8 5 3 14 9 11 2 14 15 19 19 13 11 4 1 12 18 17 14 16 19 15 13 8 2 1 12 19 15 15 15 11 8 7 14 17 15 12 4 2 19 2 6 13 19 14 5 2 14 7 15 3 17 18 15 15 5 1 11 2 17 10 1 14 9 9 20 2 13 11 10 7 10 8 20 14 1 9 3 6 1 7 5 8 1 6 11 9 1 13 10 13 19 11 6 4 10 10 12 13 12 14 1 11 4 2 15 3 7 11 18 20 4 10 3 11 10 19 18 16 7 1 18 11 3 13 5 4 14 19 4 2 7 5 17 11 3 7 20 4 1 16 2 2 14 14 14 17 5 2
3 19 8 5 7 12 9 18 2 6 18 14 6 12 17 6 14 10 19 8 2 6 5 3 7 11 14 12 3 6 5 14 20 13 11 15 11 12 1 16 20 1 12 6 7 14 5 10 8 14 16 7 20 20 3 7 4 11 7 9 18 8 9 2 19 15 7 4 5 14 11 7 8 3 1 13 11 5 6 11 13 8 2 5 6 17 6 9 3 18 17 5 5 15 9 2 1 18 6 14 19 1 6 14 15 9 14 16 11 13 19 15 17 10 16 17 12 18 18 5 1 12 18 12 5 19 4 15 5 18 15 3 15 5 15 16 13 11 10 14 20 15 15 16 9 16 8 9 14 3 1 14 4 16 7 3 11 11 15 12 13 13 6 14 9 17 16 18 10 1 9 16 10 8 10 14 8 8 10 18 16 4 14 9 16 13 2 5 8 14 15 5 5 4 6 19 11 17 7 3 18 12 6 20 2 13 4 10 8 12 7 17 4 2 13 11 13 3 12 8 9 17 11 7 10 2 3 0 5 18 1 17 15 20 9 6 16 1 11 16 4 4 11 8 11 14 14 20 18 11 1 15 11 11 20 13 20 6 15 18 9 16 16 12 14 10 11 6 1 14 20 9 17 20 18 11 4 17 11 7 19 2 6 11 10 17 18 15 2 16 18 18 12 9 5 17 16 6 14 13 7 11 10 18 8 4 18 15 18 13 10 20 8 6 17 7 20 2 6 17 4 8 17 7 19 4 8 13 10 16 17 7 18 5 3 11 1 19 12 15 12 2 10 1 20 15 16 16 6 13 2 5 15 5 19 19 18 7 17 8 15 18 17 11 3 14 5 9 3 6 16 7 11 1 7 1 5 4 6 14 1 9 19 2 12 4 19 7 6 12 4 13 2 7 8 1 4 11 18 14 14 7 6 12 5 4 16 14 17 1 10 1 14 2 9 11 10 7 8 12 11 1 6 4 18 16 14 1 17 19 18 20 15 10 20 2 5 20 3 5 18 10 4 10 7 14 12 7 13 19 4 7 2 9 3 18 1 1 12 7 10 13 17 14 7 9 14 8 4 8 18 13 7 11 13 1 3 11 6 19 10 4 8 4 4 1 6 20 7 20 9 18 20 17 9 4 16 17 19 4
9 15 1 16 18 17 7 11 4 5 18 11 17 9 16 19 6 10 13 15 8 16 18 8 10 8 20 7 17 10 12 15 10 7 20 2 15 8 6 2 14 3 19 1 17 14 20 18 13 2 9 12 2 18 15 5 15 17 12 7 18 7 12 8 13 4 4 17 11 18 10 14 15 5 2 1 18 15 1 8 17 14 3 13 10 7 6 3 6 11 20 15 2 12 11 7 11 2 16 20 18 12 8 5 9 5 2 17 13 12 18 3 13 9 11 19 5 12 2 17 17 19 15 5 18 8 10 18 12 13 18 14 19 12 13 18 20 20 9 1 13 9 2 20 13 9 20 14 19 20 11 20 18 17 18 15 20 19 1 11 5 12 8 3 5 1 12 8 14 20 3 17 4 12 17 16 14 17 20 12 1 1 11 5 19 16 10 16 3 17 18 7 9 18 5 4 5 15 15 11 6 15 6 4 5 2 9 8 1 19 8 9 9 13 15 3 16 14 16 6 16 17 7 6 14 7 17 15 0 12 14 19 15 8 3 1 16 1 3 11 15 17 6 6 7 4 12 3 3 4 14 11 8 13 1 12 18 2 7 1 5 2 14 7 15 15 20 12 12 7 13 20 13 17 3 12 17 14 6 4 1 14 2 10 7 16 1 2 11 19 5 16 13 3 2 14 7 12 15 9 11 7 7 9 11 9 16 14 10 7 1 13 3 15 6 7 7 10 10 9 12 18 12 11 14 16 6 3 16 11 11 15 11 1 1 11 19 6 15 6 11 3 13 10 12 1 5 10 8 12 16 17 16 3 20 14 18 16 4 17 8 4 19 8 17 11 8 3 10 17 12 18 13 10 4 9 11 7 7 13 12 19 16 6 16 16 8 12 19 3 6 3 11 6 9 7 1 6 8 12 17 8 6 11 20 9 19 9 19 12 15 13 2 12 13 10 7 18 14 15 4 12 11 9 4 1 8 6 18 15 14 9 15 18 15 13 11 17 19 4 7 16 18 13 7 1 16 10 1 1 9 9 20 13 17 5 6 13 5 1 8 4 7 17 14 6 10 2 10 3 18 2 2 4 8 16 10 1 13 11 2 19 8 19 4 2 14 6 7 3 10 20 13 2 16 3 3 4 20 16
2 20 2 16 13 15 16 9 2 11 13 5 10 15 1 11 7 12 8 10 12 14 14 1 5 12 10 9 20 9 17 12 4 12 1 8 14 18 8 10 5 7 17 16 12 12 10 14 17 12 4 8 5 12 20 10 1 8 5 3 4 3 19 10 19 1 12 2 6 1 4 7 13 15 11 1 2 10 15 9 14 18 3 11 19 12 7 8 12 7 19 16 18 10 15 17 7 12 17 19 14 5 4 11 9 1 12 10 7 1 14 3 9 15 3 7 17 6 11 4 17 4 1 1 11 17 17 13 15 19 17 7 20 14 3 4 16 16 15 10 9 14 14 11 20 15 18 13 9 3 4 7 11 12 2 4 14 16 2 5 1 13 8 17 2 13 9 3 12 12 7 10 5 10 1 14 1 4 5 9 9 9 10 20 12 2 17 9 19 20 1 5 5 2 17 16 3 9 9 11 14 17 11 16 9 4 20 6 13 12 3 20 18 10 17 8 17 1 17 13 17 8 10 1 7 17 19 14 6 0 19 12 3 1 13 12 17 3 13 20 15 20 4 2 13 18 5 19 19 9 14 8 4 13 9 9 13 9 16 19 1 11 11 6 7 9 13 9 19 7 6 11 18 6 7 3 15 14 1 10 14 16 17 8 20 18 16 17 7 5 4 4 16 6 17 13 18 5 4 18 12 9 20 6 18 7 4 11 11 11 8 10 1 18 14 9 7 8 8 13 17 17 7 6 2 15 18 9 4 8 3 5 18 4 3 5 20 20 4 16 17 6 9 11 1 10 17 5 9 3 3 18 3 9 6 9 1 1 12 16 9 8 15 4 20 4 11 13 15 18 10 6 20 14 2 6 20 1 19 5 18 10 16 16 15 3 10 1 13 9 16 10 4 19 9 3 17 16 11 2 5 6 2 12 15 15 9 15 8 18 2 1 8 8 2 8 17 12 7 16 19 20 10 9 3 5 4 13 7 8 6 13 13 12 14 15 19 3 2 17 19 20 8 7 15 13 5 10 14 16 9 19 13 5 18 4 2 10 6 9 1 15 12 10 5 1 18 16 1 11 5 3 8 9 2 18 5 2 20 7 5 18 7 19 15 12 17 19 7 5 5 19 15 16 4 6 15 16 11 17
6 6 18 10 4 17 17 13 11 6 15 11 10 5 7 16 3 5 7 5 9 16 8 16 20 15 19 19 16 1 1 16 2 13 8 2 19 15 8 3 13 17 5 1 19 14 13 12 18 14 6 17 3 3 2 7 2 15 7 4 5 5 4 8 7 15 7 10 3 4 1 11 11 10 19 5 6 8 7 4 14 16 12 1 7 8 10 19 2 20 4 16 17 11 13 18 12 3 7 13 5 17 17 15 16 2 5 12 3 1 5 3 17 14 4 6 19 16 14 9 18 19 20 18 10 3 19 14 5 16 2 17 12 16 10 10 6 8 13 2 11 19 14 15 20 3 18 9 12 11 9 8 5 18 7 9 3 7 13 9 1 9 16 1 4 6 18 17 14 5 2 4 8 9 18 16 8 10 12 5 14 8 7 15 12 18 11 10 12 20 5 3 16 14 3 6 12 18 20 12 1 14 16 5 15 5 18 3 11 17 1 19 4 17 12 11 7 14 6 12 14 15 13 19 2 6 1 6 15 12 0 14 6 11 8 1 4 4 20 12 9 18 18 20 2 14 1 13 13 7 7 7 4 16 7 7 10 9 3 16 2 13 10 13 11 1 17 5 7 2 14 16 16 19 9 20 3 3 8 3 16 13 5 8 8 1 5 6 9 10 16 7 3 3 17 20 5 6 13 13 20 17 2 12 18 9 15 11 1 10 4 2 16 1 16 3 8 4 13 8 10 6 17 6 3 18 4 13 2 7 1 19 1 10 14 10 3 8 2 7 1 10 20 3 10 12 4 18 11 3 4 14 2 16 3 5 8 14 2 4 6 14 12 5 1 6 8 18 13 2 4 1 16 19 15 3 8 1 8 7 6 10 8 18 16 2 12 19 13 1 2 2 13 20 10 8 2 17 1 1 10 13 16 4 5 19 15 17 20 17 18 19 4 11 15 6 19 14 18 5 9 3 9 20 6 3 7 9 7 3 16 3 12 11 10 16 7 16 13 13 19 12 6 9 3 10 2 4 19 12 12 3 4 15 20 9 15 4 1 19 5 4 16 10 20 15 6 2 11 10 10 20 9 9 6 19 14 4 5 19 3 5 6 18 9 20 8 17 11 15 13 2 13 7 7 16 4 12 2 7
20 4 18 16 17 11 5 20 4 5 13 14 2 6 5 18 5 13 4 12 3 11 11 5 19 20 7 13 16 13 4 6 18 12 6 6 6 4 16 15 17 20 19 11 9 4 10 19 18 16 3 10 2 6 12 17 13 4 7 15 14 6 16 8 9 9 14 4 17 8 16 19 7 19 9 5 2 8 12 12 6 4 6 18 11 3 14 14 7 20 7 5 9 18 9 8 12 9 1 11 3 3 1 1 18 3 18 5 19 2 8 7 6 9 20 5 20 14 3 10 20 5 13 8 17 4 12 16 6 14 10 19 16 5 17 14 18 20 6 5 11 1 18 16 7 14 8 17 1 7 13 4 15 8 11 9 6 8 2 12 4 1 4 9 12 19 18 8 14 7 7 7 15 18 13 9 5 2 17 3 11 7 17 3 13 15 13 4 12 10 19 5 3 20 18 14 8 15 19 12 10 8 8 2 5 18 12 11 9 19 13 5 1 9 16 20 14 4 4 1 10 16 14 4 19 19 10 3 4 7 5 0 16 4 2 17 8 1 5 13 18 16 2 8 2 16 4 12 14 5 6 11 8 20 20 1 13 14 1 2 2 15 17 7 18 5 11 19 10 18 19 12 6 14 10 15 2 3 17 6 16 18 20 2 9 9 19 12 10 2 19 13 3 7 11 3 3 6 3 3 18 15 8 1 2 6 5 15 19 10 13 15 12 12 3 14 8 18 4 16 20 13 12 6 15 9 7 20 14 10 13 7 2 15 8 7 5 20 9 14 20 20 2 6 4 12 1 13 1 17 3 11 17 16 1 5 19 6 10 14 20 16 2 8 6 18 14 13 18 1 20 8 2 12 15 4 11 7 8 18 3 18 2 12 14 15 1 17 14 2 20 14 2 12 14 15 17 1 11 10 6 15 20 1 8 3 13 3 2 8 5 11 19 20 3 11 10 7 2 8 14 16 20 17 14 17 3 19 15 15 15 15 15 15 5 8 12 4 11 11 18 2 12 8 1 4 4 4 20 20 14 6 1 20 7 3 10 19 3 7 19 19 5 3 17 15 1 11 4 20 17 15 8 7 15 8 12 2 15 17 10 9 2 8 17 9 12 3 20 12 12 3 4 18 11 1 15 18 12 6
16 19 5 18 13 2 6 9 10 8 19 9 20 20 2 15 15 11 7 1 10 10 11 20 4 11 5 2 3 14 15 3 6 1 12 12 15 20 10 13 12 19 13 10 19 4 11 7 1 10 5 7 2 2 11 18 8 2 19 3 2 10 4 8 14 20 9 4 18 11 10 6 1 16 5 8 18 2 4 11 2 10 3 10 5 1 20 20 4 3 11 14 14 11 1 15 10 9 19 16 10 9 17 19 10 4 18 2 11 8 15 13 13 5 9 16 6 8 3 7 2 1 8 1 3 20 20 1 1 8 20 13 14 9 15 20 6 11 14 6 15 4 11 2 11 14 8 19 14 17 12 17 6 18 16 11 16 13 17 18 2 13 17 18 9 12 5 8 16 1 8 7 10 6 1 16 19 2 11 4 11 15 20 4 16 15 7 13 17 13 9 13 6 13 18 12 2 1 14 13 1 11 9 1 16 20 15 9 17 9 1 19 7 8 19 6 5 15 6 6 20 5 20 5 11 6 10 17 19 8 11 19 0 4 14 18 19 14 10 16 10 13 8 8 2 6 10 13 10 9 7 14 11 13 4 2 19 13 3 18 7 12 1 19 2 11 6 2 20 15 3 14 4 6 8 4 16 12 7 9 4 11 20 6 13 10 9 13 2 14 10 20 4 8 5 20 12 20 5 13 8 13 17 20 18 6 1 1 19 8 12 6 16 10 20 10 3 12 1 14 14 5 11 9 16 14 2 2 19 11 11 10 13 17 16 16 20 14 17 1 18 7 1 20 5 5 2 14 20 7 17 19 6 6 16 13 12 17 17 11 20 4 11 9 7 19 10 6 11 16 2 19 7 11 3 8 12 20 15 6 7 19 3 6 11 3 20 16 12 4 19 6 7 20 11 1 10 17 2 9 15 16 19 16 16 14 11 20 15 20 17 12 4 19 14 10 7 15 2 19 20 3 5 8 18 7 15 7 20 3 10 8 19 8 5 6 11 14 8 13 13 17 18 15 18 5 2 13 5 10 19 9 10 19 14 20 12 1 17 5 18 15 19 20 1 8 6 16 16 14 8 18 17 4 6 19 16 17 20 9 2 2 19 9 15 1 10 15 13 10 7 11 11 5 4 9 15 16 13 8
20 9 19 11 17 16 6 20 8 19 15 7 17 4 4 13 7 18 18 16 13 2 19 7 13 17 9 15 11 15 4 13 8 17 17 13 18 15 16 18 6 11 12 1 19 2 14 9 3 14 15 12 3 2 3 1 10 7 18 18 5 15 15 11 7 5 1 10 12 3 20 15 3 9 7 8 8 14 10 16 12 7 8 15 14 9 20 14 5 16 17 2 19 4 17 10 6 8 12 20 14 4 10 18 12 5 10 5 12 5 19 8 8 2 18 2 17 7 2 1 8 18 10 14 11 2 20 1 8 17 7 16 12 14 17 19 1 15 19 12 6 10 12 10 11 9 12 6 2 14 4 9 1 20 18 13 10 15 9 15 7 13 10 5 7 17 4 2 15 15 11 3 5 15 5 16 7 11 1 9 14 1 8 20 4 16 1 3 8 7 17 2 18 18 15 7 18 2 18 9 5 10 17 9 4 18 20 14 9 7 9 17 2 7 15 20 16 4 6 3 2 11 2 14 10 5 12 18 6 18 2 16 12 0 3 11 15 15 17 11 17 11 9 12 20 2 17 2 19 13 9 2 18 13 7 1 12 6 4 15 3 6 9 9 17 16 19 12 17 12 8 14 19 13 14 3 10 13 20 20 14 3 16 7 3 8 10 16 10 13 18 19 9 11 1 16 6 9 17 13 15 10 5 15 20 6 7 18 9 4 3 12 9 20 16 6 15 6 20 12 6 9 9 4 2 10 7 14 6 17 17 20 5 8 7 12 5 7 19 1 8 1 13 7 4 13 12 4 2 10 15 17 1 1 2 2 1 5 1 11 4 2 17 19 8 4 7 8 6 17 10 11 2 19 8 5 13 17 12 20 5 12 8 9 4 6 13 2 17 7 15 17 5 14 13 11 14 18 1 2 16 4 11 18 17 16 6 19 9 3 13 13 7 18 13 13 8 13 9 8 11 2 1 14 8 20 16 1 5 11 16 4 8 9 16 19 8 13 16 19 15 10 6 18 20 12 3 17 7 5 15 4 3 17 3 17 7 1 11 2 18 6 11 18 11 7 17 5 14 4 17 15 4 11 7 16 9 4 9 8 8 14 16 18 5 6 2 4 19 9 2 13 8 5 18 17 11 6 7 10
6 3 19 14 13 19 20 14 9 11 19 17 20 13 14 11 14 7 6 17 8 1 7 8 11 4 12 11 4 8 17 1 10 15 18 13 13 15 15 5 8 2 18 13 7 5 2 19 1 6 6 6 3 14 9 2 9 1 8 20 13 14 7 8 15 7 15 1 5 10 7 19 19 1 12 11 6 4 9 4 13 6 4 15 5 9 10 9 20 13 20 19 17 11 10 15 13 5 10 6 20 10 6 3 17 18 2 3 16 6 2 19 12 10 10 8 19 9 7 16 10 18 4 2 20 18 4 10 11 19 14 5 10 15 12 6 8 7 15 16 5 2 7 11 9 11 18 18 15 13 17 10 16 14 10 20 15 14 3 19 9 8 1 10 1 13 1 5 3 14 15 20 6 17 17 14 2 11 1 6 19 20 1 9 13 8 20 18 2 8 15 18 15 4 1 19 7 16 3 13 4 16 14 14 11 6 20 14 11 17 8 14 19 18 16 7 17 5 17 1 13 16 1 5 10 1 7 14 14 3 15 19 8 20 0 8 1 18 4 12 7 9 13 15 9 3 20 14 2 11 3 13 2 5 3 10 19 20 14 2 10 5 2 20 5 16 15 13 20 1 8 6 3 1 2 9 12 7 7 14 4 15 6 1 20 3 2 20 4 17 15 15 13 1 10 1 15 1 18 15 10 5 5 6 14 2 12 5 16 15 11 16 18 5 13 8 7 14 10 11 1 5 10 17 13 10 15 11 5 3 12 4 17 10 20 20 3 5 15 7 19 11 16 16 8 15 19 2 18 12 20 11 2 18 14 13 11 2 1 13 15 14 15 10 15 15 18 15 1 12 2 3 11 18 7 14 5 9 17 19 7 19 2 4 10 17 15 19 10 4 7 9 14 19 2 8 13 15 17 18 7 15 11 3 19 13 13 7 2 15 7 20 10 10 13 1 9 8 2 8 18 11 2 4 6 18 19 13 9 2 8 2 20 13 13 8 15 2 17 17 6 17 1 6 16 15 16 1 18 18 2 10 11 12 14 15 3 17 18 3 17 13 3 18 7 6 2 3 17 20 4 8 7 12 12 4 13 7 13 11 7 7 11 11 15 4 11 9 6 9 15 16 11 4 11 9 14 16 2 3
8 1 6 19 19 16 15 9 12 6 7 6 4 18 11 7 7 17 2 6 11 1 8 6 15 5 19 4 4 12 2 4 12 13 10 10 16 15 11 17 1 10 13 17 20 19 7 10 19 15 12 5 14 16 17 6 7 12 2 1 12 13 14 20 7 1 12 5 9 5 7 20 11 7 1 1 15 13 17 19 11 7 16 6 7 3 20 14 16 11 2 12 19 15 8 5 7 20 9 6 10 17 11 19 6 15 6 1 20 6 9 11 4 12 2 3 20 7 10 14 1 6 13 11 1 3 15 6 11 11 8 9 9 14 8 1 8 17 2 14 15 1 4 7 20 12 12 12 4 1 17 14 6 4 9 10 9 4 19 12 19 6 17 3 6 5 15 1 1 1 20 20 9 1 6 5 14 1 5 10 1 2 19 18 2 18 2 2 12 18 5 13 18 17 16 15 5 19 1 8 9 5 12 3 10 12 10 6 6 5 20 18 14 13 3 18 6 16 13 17 5 9 20 5 18 19 15 15 16 5 20 7 5 17 15 0 9 10 17 14 2 7 8 9 15 3 13 3 2 3 4 1 16 16 18 10 9 20 16 19 13 16 20 13 15 18 20 7 9 12 5 10 14 7 6 14 20 15 8 5 8 19 6 1 18 6 17 11 13 16 1 15 8 10 11 11 2 10 11 8 9 18 4 18 10 4 4 6 17 8 11 6 10 4 17 5 19 15 10 13 10 2 17 4 5 2 8 15 18 13 17 20 1 10 3 10 5 6 3 11 12 5 3 12 11 20 10 4 8 5 19 16 20 2 11 9 19 6 4 7 6 5 20 8 6 3 14 4 19 3 2 9 5 9 19 19 9 18 5 12 8 7 5 20 15 15 20 2 9 9 18 13 4 20 9 9 5 20 13 17 18 1 18 13 15 16 7 6 2 14 20 16 3 9 5 6 11 13 11 3 20 12 14 1 17 9 1 14 11 16 14 16 10 13 3 9 18 20 11 2 15 19 8 14 20 13 3 3 11 11 4 7 3 10 1 2 19 1 17 2 15 2 3 5 20 4 2 6 11 10 15 14 12 9 7 7 1 8 20 10 17 2 19 18 8 19 19 9 16 19 3 4 18 15 18 3 3 20 1 4
16 3 15 6 17 12 5 1 12 18 15 18 18 14 8 16 2 8 19 20 17 5 8 15 9 9 8 8 2 14 5 7 8 16 7 11 3 17 8 5 20 7 12 7 7 19 2 8 6 17 19 9 9 19 11 14 7 1 3 10 20 7 20 16 3 12 7 11 4 1 11 17 5 13 13 13 2 9 4 13 3 12 5 17 7 12 8 7 11 7 11 6 12 1 9 13 12 3 11 1 4 2 20 5 10 1 16 17 7 10 14 6 17 8 16 5 4 10 4 10 15 14 15 19 19 5 9 6 15 13 11 14 18 11 14 3 6 15 15 2 3 18 8 3 1 7 10 12 11 2 14 19 19 10 8 15 3 5 9 11 2 3 12 17 6 6 7 2 18 18 6 13 15 16 6 14 5 18 11 17 8 9 4 3 18 19 7 9 11 2 10 3 13 11 18 7 20 8 6 19 1 11 17 11 8 6 7 7 8 12 8 15 20 14 6 10 13 1 4 7 15 13 11 17 19 19 5 16 17 18 20 17 15 20 10 14 0 8 19 9 1 8 12 9 14 3 16 20 7 10 3 11 20 17 7 20 18 7 19 14 11 6 16 5 7 13 18 10 10 5 9 17 13 14 15 17 18 10 20 18 2 1 4 15 14 13 3 11 17 14 17 8 12 9 12 1 15 4 12 11 14 16 1 13 11 13 11 5 10 18 6 19 19 7 20 14 8 12 10 1 15 10 16 20 5 1 4 11 17 20 18 16 19 8 16 11 3 11 18 7 15 9 14 11 11 13 1 19 6 17 14 1 20 17 2 15 8 16 8 18 18 11 16 6 8 17 4 2 10 14 13 3 5 18 4 20 5 5 12 6 18 18 20 17 14 3 4 14 15 15 6 14 5 20 6 2 9 15 13 8 15 16 16 17 13 17 3 14 7 12 17 4 19 20 17 2 5 18 12 11 2 16 10 4 7 14 16 18 7 16 10 18 20 9 8 19 7 5 17 8 12 1 16 11 11 18 1 13 18 18 1 17 7 2 5 11 5 13 10 19 14 16 20 12 7 7 12 5 19 11 16 12 2 13 13 12 6 14 10 8 12 9 5 14 2 2 12 9 11 18 9 1 1 3 8 10 7 20 4 15
4 8 11 3 7 1 17 12 9 10 7 18 15 5 17 4 18 9 15 7 8 6 1 13 16 10 12 12 15 15 19 3 12 7 8 1 12 16 10 12 18 5 17 7 9 1 18 19 12 10 7 3 4 3 18 12 18 1 7 9 15 2 10 18 4 19 7 3 9 20 2 19 11 11 1 18 13 15 7 11 9 16 15 5 12 12 7 8 13 4 8 2 13 6 1 14 12 4 4 10 10 4 6 7 5 11 10 6 4 10 7 19 6 11 7 1 18 9 13 15 19 7 5 17 13 7 4 14 17 4 3 19 1 8 15 3 17 17 9 20 16 16 7 7 13 6 13 4 12 11 10 16 19 7 16 3 18 9 20 4 6 8 8 11 15 4 1 14 15 16 12 13 9 14 20 7 18 10 17 5 20 17 16 2 8 3 5 17 16 11 14 10 19 9 11 4 19 18 4 13 18 10 10 18 16 10 19 4 2 6 16 9 6 11 16 8 1 19 3 8 6 10 6 4 5 20 7 1 4 13 16 9 12 11 6 11 12 0 20 13 10 6 13 14 20 3 10 4 13 16 20 20 15 9 12 20 7 13 9 5 18 13 6 7 1 3 1 7 13 11 7 19 14 11 12 3 12 7 15 12 3 1 4 16 17 16 13 15 8 8 18 16 20 8 12 10 14 14 19 5 13 10 11 3 20 11 17 17 20 18 2 16 15 19 14 15 18 11 6 10 15 7 9 20 17 11 6 20 10 10 4 15 16 11 5 15 12 14 10 6 6 3 16 7 7 4 6 1 7 12 13 13 1 19 3 12 19 8 7 7 14 18 18 10 13 14 3 5 15 2 4 3 3 8 14 5 4 6 11 12 3 8 13 17 11 1 9 14 9 8 9 12 12 1 14 4 13 1 17 11 1 5 15 16 7 16 1 17 16 19 13 5 8 8 17 7 1 19 1 20 20 9 14 6 10 14 17 12 1 10 10 7 1 3 16 9 16 3 5 7 16 16 6 7 2 9 6 11 3 7 5 14 4 2 8 1 3 14 11 14 15 9 16 1 12 4 10 20 14 1 15 2 8 13 1 17 11 1 11 4 8 2 15 18 2 16 5 7 20 14 2 5 13 8 17 11 20 6 11 8
7 2 4 2 4 4 10 11 7 15 15 14 11 10 11 6 10 15 15 8 9 11 4 6 3 6 4 5 10 3 3 8 17 18 7 18 13 6 16 12 10 2 5 9 1 9 17 17 2 16 5 8 15 10 3 8 1 3 20 15 8 14 2 8 12 20 5 16 4 10 8 19 10 9 18 18 11 20 7 12 8 3 11 18 3 20 15 5 6 7 18 20 14 19 10 3 18 4 15 8 18 19 5 15 8 3 7 19 11 13 16 7 2 15 6 13 16 12 1 19 10 16 18 17 7 9 5 13 16 7 5 9 8 11 10 20 20 16 7 9 19 20 20 1 12 16 14 15 17 4 3 14 10 10 20 9 16 10 13 19 7 7 6 13 3 11 2 18 20 5 10 16 17 7 3 5 5 3 20 4 8 14 18 8 2 7 7 6 20 17 5 16 7 10 15 17 11 17 11 16 7 19 13 14 9 8 13 18 10 13 20 12 1 13 5 13 4 3 1 3 9 11 4 1 1 9 15 11 11 1 6 20 19 3 13 11 7 13 0 2 18 5 14 20 2 1 1 7 2 12 10 16 15 6 7 15 11 1 14 18 12 14 4 15 3 9 12 13 11 15 17 6 17 6 7 10 6 18 18 16 9 1 8 9 19 12 18 16 4 16 8 6 5 14 1 5 8 13 20 9 7 1 20 9 5 18 17 16 3 2 10 12 5 13 20 8 10 20 19 1 19 4 4 13 19 9 16 12 7 14 15 12 4 15 4 3 13 10 9 16 20 11 11 16 2 15 11 10 1 4 15 11 1 8 13 13 13 17 10 7 1 6 9 13 7 13 18 5 12 11 7 9 4 13 14 20 18 14 12 4 19 8 7 14 19 3 9 12 15 5 4 3 6 20 20 17 15 19 6 2 5 10 13 15 16 1 1 15 10 5 17 11 2 11 20 5 18 17 11 5 12 1 8 5 20 20 7 18 18 10 7 19 11 7 13 12 14 12 5 17 4 11 8 20 11 10 13 1 18 5 8 8 4 3 10 20 6 16 6 17 7 18 14 14 18 17 16 10 9 19 8 16 9 8 3 19 17 4 10 11 1 13 5 2 5 12 1 3 20 9 10 19 12 4 11 1 13 19 9 2
2 3 20 12 4 20 1 4 5 2 12 11 19 8 1 10 5 7 14 18 3 1 13 3 18 19 5 14 10 16 7 4 20 7 14 9 12 14 7 7 2 4 5 19 18 19 14 20 12 7 12 12 12 18 7 9 15 17 15 9 11 9 13 14 7 9 9 10 13 20 11 2 14 9 17 17 3 16 6 8 16 15 2 6 2 11 5 17 7 11 5 5 13 19 16 9 13 19 8 4 9 11 7 4 2 3 18 10 16 2 19 8 17 14 6 16 6 6 8 11 11 3 16 4 10 19 12 11 2 1 8 11 10 5 9 2 12 12 6 1 10 2 9 6 17 17 11 14 1 12 17 9 8 15 1 19 15 10 2 4 8 2 10 11 17 12 13 8 2 14 18 6 17 3 1 10 1 3 16 10 12 18 19 19 17 15 12 10 10 1 5 16 8 15 3 6 11 9 12 2 18 2 4 2 6 6 19 12 1 6 2 17 5 7 11 18 7 8 15 6 4 10 8 4 14 6 20 2 5 11 12 1 3 20 9 10 10 11 9 0 17 17 3 14 3 20 17 17 17 19 14 8 2 3 7 18 18 5 20 17 18 1 13 9 12 19 2 16 11 11 12 12 4 6 13 20 1 2 14 12 11 13 8 12 7 7 1 9 13 14 7 13 3 6 3 6 18 8 1 5 7 12 20 3 9 17 20 14 11 7 5 9 19 1 2 19 9 11 8 2 13 15 8 9 17 7 9 18 8 18 1 17 10 13 12 5 6 15 4 8 5 16 6 3 15 9 17 6 17 1 11 19 18 13 7 17 6 16 7 15 6 2 2 16 6 5 18 4 6 11 12 5 13 4 15 19 6 8 4 5 8 7 15 7 19 8 20 17 9 4 2 6 12 4 4 6 1 2 18 5 3 13 15 16 1 8 4 6 13 20 8 16 3 17 6 18 15 18 6 15 2 11 16 18 13 1 3 5 17 2 18 19 6 1 18 18 8 11 11 12 2 10 10 2 11 2 3 4 1 14 7 13 19 18 1 10 6 5 7 13 17 13 10 4 7 18 4 17 3 5 1 2 15 1 1 1 12 17 2 9 14 13 16 16 17 12 7 9 17 5 12 16 20 16 9 4 13 17 13 9
5 12 18 12 7 5 19 9 8 2 1 18 2 14 8 9 5 8 16 1 15 6 19 4 12 4 13 6 20 16 10 16 19 1 8 17 15 5 4 2 2 5 9 11 5 15 15 9 9 8 3 6 15 4 9 13 9 9 11 3 4 16 11 8 5 15 15 3 13 14 12 20 1 8 16 7 1 9 14 12 12 4 13 1 4 9 2 1 3 3 15 12 5 19 20 13 1 19 14 1 3 20 9 16 3 20 15 12 19 2 16 3 2 6 18 6 14 13 12 11 3 19 7 15 7 2 15 6 1 12 2 14 8 17 14 6 1 19 20 8 13 16 9 9 2 9 19 8 15 9 17 3 12 6 1 5 12 14 4 20 6 20 4 11 9 7 15 19 20 19 9 9 3 17 16 7 20 6 1 14 19 3 20 15 17 9 6 20 14 14 13 13 4 14 14 7 11 14 12 5 13 19 17 1 15 7 11 9 2 17 9 18 4 8 10 19 19 14 14 4 13 1 18 14 13 7 3 1 5 18 7 5 4 9 6 15 3 19 20 6 0 6 8 20 10 13 12 18 1 14 4 5 20 4 13 3 4 3 4 12 13 10 11 16 3 12 10 2 2 12 7 13 7 15 14 10 7 18 16 13 12 13 2 4 20 11 19 3 5 1 8 9 10 18 19 5 11 9 7 4 11 9 15 13 7 12 7 11 15 13 8 18 19 11 20 17 13 19 17 13 11 11 12 6 13 5 15 6 14 14 5 9 2 2 17 17 18 16 1 1 10 9 3 3 11 8 6 1 11 9 9 14 5 13 7 16 11 7 17 8 11 9 14 2 13 11 13 8 14 15 16 2 6 7 4 19 4 19 18 6 8 9 6 5 9 6 6 6 10 1 4 17 4 19 3 8 15 20 5 1 18 17 7 4 16 10 14 2 7 14 20 4 3 12 18 18 4 11 1 19 3 15 1 9 19 6 2 2 8 16 19 13 13 5 9 10 3 13 19 4 6 14 11 17 8 8 4 14 18 8 11 16 3 6 8 10 16 14 11 5 6 6 17 13 11 15 17 19 14 9 12 10 6 12 8 10 9 4 7 8 5 10 14 5 12 16 4 4 3 16 6 6 6 5 19 7 5 5 9 20
17 20 3 6 10 5 5 7 1 14 8 18 1 1 20 15 11 1 13 2 15 18 10 13 16 5 14 2 12 9 20 2 16 6 12 7 4 19 16 11 11 16 5 10 20 18 15 5 11 12 16 10 18 15 3 20 9 17 13 14 14 6 3 18 15 9 3 14 1 18 10 11 19 10 11 9 8 8 17 13 13 18 15 20 18 13 17 3 3 1 9 3 18 11 17 11 16 17 2 19 10 19 8 20 8 9 17 19 8 8 6 3 14 17 2 7 18 10 2 5 19 12 10 18 20 1 9 10 20 13 8 4 2 19 5 6 19 16 6 6 8 4 14 12 17 2 7 9 2 16 6 2 20 2 10 7 7 14 16 3 17 14 19 6 9 19 8 20 11 13 19 8 6 3 17 3 16 16 20 6 15 18 20 13 14 8 9 9 13 6 16 9 2 16 15 20 19 12 2 15 1 5 15 13 7 20 4 18 14 5 18 17 8 4 7 20 18 10 12 3 2 14 12 18 14 10 5 12 13 11 4 20 4 12 10 2 3 8 17 20 11 0 9 5 17 16 10 5 15 1 18 14 7 12 4 1 15 18 3 15 6 16 16 11 7 3 5 1 20 14 4 4 15 9 8 10 15 9 7 5 15 17 8 15 18 10 1 8 14 17 11 4 8 7 7 7 1 16 12 9 17 7 17 4 5 2 19 20 16 13 19 12 12 10 11 10 13 8 14 4 7 17 18 2 12 7 18 15 16 7 12 14 1 9 8 10 6 6 11 15 4 5 18 8 20 13 10 8 7 13 5 5 4 14 16 2 11 18 18 5 1 8 3 9 19 17 8 6 3 17 12 11 5 10 12 19 16 12 10 1 4 4 15 11 6 13 4 4 9 13 3 13 10 2 6 8 2 3 4 12 17 2 15 5 2 17 19 4 13 3 17 12 15 17 17 12 13 13 8 14 6 7 5 4 6 11 6 1 4 15 19 19 15 15 4 9 19 13 16 7 18 2 8 7 6 19 19 11 19 18 17 5 19 6 16 3 13 2 11 19 12 3 18 6 8 11 7 1 12 4 17 10 20 10 4 1 9 12 12 18 5 16 1 1 18 1 9 15 17 9 13 9 10 17 6 8 7 20 5 8
20 4 11 9 17 15 11 13 19 12 18 15 19 6 1 14 2 17 14 4 5 13 5 18 18 7 2 2 8 19 16 18 12 18 16 15 3 17 13 11 18 14 14 18 11 13 3 14 2 5 6 9 18 4 7 3 4 11 3 13 4 4 13 2 18 1 8 3 12 17 7 15 1 3 12 1 15 3 20 1 5 3 15 12 8 20 1 16 2 20 13 15 16 3 1 12 11 15 20 7 13 8 20 10 3 8 14 7 19 16 19 9 17 18 9 16 18 13 1 5 19 1 14 2 11 7 8 4 2 2 13 16 18 20 12 10 3 12 8 1 6 5 15 9 17 11 5 7 1 15 10 13 10 20 1 11 1 5 9 5 10 3 15 1 11 17 19 18 8 1 17 3 14 7 1 13 8 14 4 18 17 15 2 19 19 15 12 15 10 3 2 16 1 2 9 18 8 17 4 16 11 13 10 13 10 3 7 14 20 13 4 20 20 11 3 2 2 20 9 13 16 19 20 19 11 8 10 18 13 10 15 10 17 17 12 14 14 11 16 8 3 9 0 14 2 15 9 13 19 2 9 17 16 7 13 4 2 12 15 20 6 10 13 1 2 17 16 9 18 3 9 17 8 11 5 7 15 9 2 1 18 12 2 6 1 14 2 14 7 20 19 12 8 5 14 8 16 15 13 17 3 5 1 14 1 11 18 13 13 18 15 1 20 11 6 20 8 9 11 6 1 20 19 4 17 8 16 15 11 8 4 4 14 2 8 7 8 12 5 6 7 14 17 11 4 4 12 18 12 4 14 7 12 11 12 5 8 4 3 15 20 14 8 10 12 1 15 12 9 20 13 8 9 9 13 15 10 17 3 12 8 13 1 15 3 13 1 16 6 16 17 1 12 8 3 3 5 12 11 1 9 15 19 16 6 2 8 20 7 13 2 2 2 13 9 11 18 20 12 14 9 14 3 19 5 19 14 11 15 19 12 5 19 5 8 1 4 11 7 3 4 12 9 7 14 19 1 12 14 8 9 4 7 16 9 16 14 13 2 5 10 13 2 18 7 20 20 15 11 17 2 15 10 14 17 20 17 19 15 15 16 5 10 5 18 11 16 1 12 19 18 17 6 9 19 3 14 6 4 12
8 4 8 19 4 16 13 19 1 20 5 1 9 10 4 13 9 7 10 6 6 6 5 15 1 5 13 12 10 7 8 6 11 13 19 2 15 7 11 11 12 14 10 20 5 8 6 8 12 7 3 14 4 4 10 15 7 15 7 16 8 6 3 12 8 13 16 11 16 20 15 20 15 18 2 12 3 13 19 15 1 11 5 1 6 10 19 14 19 12 5 9 7 13 10 2 8 4 15 5 15 20 13 12 15 9 17 16 14 8 10 17 3 18 18 14 19 4 13 12 10 11 11 8 8 10 10 11 20 4 19 2 14 7 10 8 18 16 6 1 8 18 8 3 7 2 3 7 16 12 13 17 3 18 17 7 7 17 3 20 18 6 10 7 5 16 17 20 15 9 19 1 4 8 11 5 6 10 20 16 15 6 11 18 3 19 7 9 10 18 13 6 20 14 2 3 3 12 19 16 20 19 5 16 3 5 12 15 10 12 16 8 18 10 14 14 16 1 11 12 17 5 12 6 9 11 19 11 6 14 20 11 3 10 2 3 18 9 5 18 10 13 15 0 15 18 10 17 14 10 7 8 17 15 20 20 20 14 6 14 20 5 9 9 17 13 7 2 14 2 6 5 2 15 18 18 9 20 6 20 18 2 14 20 11 11 16 19 2 13 13 14 13 15 19 6 10 12 13 1 12 9 9 8 12 4 10 2 11 11 20 3 7 17 10 5 16 7 18 6 14 2 17 1 10 17 15 15 1 20 14 1 19 7 12 4 10 4 5 7 8 19 6 1 2 2 14 8 2 2 4 12 6 8 9 12 17 19 9 2 16 19 3 18 2 20 4 15 10 5 4 11 1 9 16 16 20 7 17 14 16 10 14 19 6 18 15 9 5 11 18 12 1 1 19 18 4 20 19 18 14 15 8 1 16 3 6 16 15 3 12 18 8 18 20 7 13 15 2 6 4 10 15 2 5 6 4 1 4 18 12 20 17 4 20 13 6 19 7 15 8 12 18 8 13 4 10 4 18 18 16 18 11 12 14 1 2 15 17 11 16 16 4 9 6 19 17 16 9 17 14 5 8 13 15 15 3 2 20 18 6 17 5 10 19 10 18 16 11 7 17 19 5 11 14 1 1 20 6 10
14 16 9 9 18 6 20 4 20 8 1 13 1 10 20 18 13 7 15 3 15 15 2 12 12 3 10 13 8 5 2 3 14 6 18 20 12 10 14 5 7 1 13 5 2 8 15 7 16 13 15 9 13 15 4 17 1 3 9 3 6 1 5 8 13 1 1 3 6 12 18 12 6 20 7 1 7 20 9 18 4 6 9 9 13 1 16 13 3 19 3 1 8 12 20 20 11 5 1 3 16 3 15 17 16 20 10 4 14 20 18 15 3 7 3 18 16 9 15 20 17 12 1 4 4 9 9 5 13 18 10 5 2 6 7 17 9 19 2 10 1 18 10 15 8 12 2 19 4 4 19 3 19 20 6 11 18 16 16 5 19 2 14 4 5 12 16 10 19 13 12 13 6 20 20 8 3 9 1 18 13 18 13 11 13 14 16 20 15 1 4 13 5 14 3 17 1 19 13 1 18 7 3 13 11 14 6 3 7 2 19 2 15 7 17 10 10 1 9 1 14 12 19 19 19 14 5 15 8 1 3 10 4 3 19 12 13 15 17 11 11 3 6 5 0 3 4 12 6 20 2 2 4 6 13 8 12 19 4 4 4 5 5 5 2 16 19 2 16 14 2 19 20 5 7 6 6 15 20 11 8 17 16 20 9 15 20 16 16 3 18 1 3 4 5 18 1 6 20 3 6 1 13 1 9 20 16 16 14 7 2 17 1 14 9 15 16 17 14 20 6 6 1 17 3 19 18 17 13 10 8 18 3 5 4 12 1 15 16 4 4 11 15 4 16 10 12 13 1 8 4 15 13 12 4 7 17 15 8 5 15 8 18 7 16 18 12 10 5 7 10 3 10 15 17 6 11 3 13 4 11 11 9 14 20 12 6 6 16 18 17 6 3 8 16 14 13 17 13 16 15 17 8 10 18 10 15 13 3 10 6 15 5 4 1 3 1 1 17 17 16 19 17 6 3 14 14 17 17 20 15 18 17 20 16 6 4 3 11 4 16 15 12 4 16 8 5 3 2 13 11 9 9 15 1 14 10 4 16 18 19 14 4 2 15 11 8 1 18 1 10 19 6 2 14 14 13 5 7 6 12 19 16 13 12 2 18 7 12 11 7 2 16 7 13 17 11 6 2 6
1 7 3 19 15 10 16 6 19 1 12 14 10 17 12 3 3 9 9 8 16 8 10 18 8 10 12 5 16 9 8 12 14 10 17 5 20 19 10 3 19 6 18 20 15 19 14 14 7 17 8 4 17 10 3 16 8 15 14 6 11 20 3 8 8 9 20 19 15 10 20 5 6 5 1 1 14 7 7 1 12 17 11 7 6 20 10 15 15 2 6 11 6 7 7 18 14 19 18 2 11 16 16 3 16 1 11 2 14 13 17 16 8 1 17 18 4 2 20 17 15 7 2 2 10 17 6 17 5 20 5 7 9 17 10 19 16 13 2 4 4 15 2 7 15 19 10 14 7 7 17 15 1 7 3 12 19 17 9 5 15 7 17 9 3 8 15 20 2 9 4 9 12 6 19 13 6 11 2 9 19 17 20 19 12 2 19 15 9 4 2 12 11 17 12 17 3 2 16 7 14 3 15 13 16 6 16 3 14 3 7 1 12 6 3 13 2 17 6 18 1 4 11 16 7 17 2 7 5 4 1 8 4 9 2 4 3 8 12 12 20 13 19 20 7 0 10 5 10 14 14 11 15 5 17 8 10 9 11 11 19 9 16 5 12 16 6 9 13 6 15 15 14 11 13 15 8 2 15 18 9 2 5 12 10 19 6 2 16 7 16 17 6 11 11 15 6 9 11 18 18 16 7 17 10 6 5 1 20 18 19 20 16 13 15 13 5 8 11 17 10 6 3 15 1 20 8 10 8 2 11 11 10 4 6 9 18 13 14 4 8 8 10 5 4 11 10 7 9 1 15 18 11 9 18 1 20 3 15 20 4 9 9 6 4 12 18 6 17 9 13 15 13 10 3 9 11 10 5 6 3 15 1 9 1 15 17 18 5 11 17 18 7 16 20 16 17 13 10 7 9 9 7 9 1 11 10 18 1 18 7 12 3 18 1 8 2 15 19 8 9 20 5 10 20 12 20 15 8 17 7 20 1 4 12 6 17 20 5 13 1 7 11 8 18 18 2 11 15 8 14 10 19 17 20 6 14 16 19 16 11 9 11 13 14 7 10 15 2 6 18 8 17 14 18 9 14 1 13 20 11 17 4 7 2 17 19 8 1 1 11 19 7 10 9 11 1 19 16 17
8 12 7 17 13 5 18 11 3 13 3 8 13 2 16 5 11 4 16 11 12 18 2 9 10 19 1 18 11 18 13 12 1 20 8 18 17 4 15 14 10 12 1 8 6 8 7 9 15 15 15 18 1 5 5 14 10 6 19 10 1 13 10 1 11 16 6 4 10 20 4 4 9 13 2 2 16 3 2 5 6 16 16 13 5 15 3 6 16 5 2 7 8 20 19 14 1 2 9 4 10 2 5 17 5 7 5 7 10 13 11 11 16 15 18 14 10 11 10 17 4 11 15 3 12 1 5 19 11 4 1 3 3 2 14 12 12 19 6 18 7 4 8 1 5 8 11 2 17 10 16 15 18 2 7 6 5 9 2 4 16 3 14 20 19 14 18 17 19 8 4 3 12 13 17 10 3 11 9 9 13 7 6 13 1 15 2 17 4 12 10 4 13 20 13 20 9 7 14 18 14 3 19 18 5 2 10 12 17 17 4 9 6 9 9 5 7 7 11 10 4 14 11 9 4 16 14 9 13 8 6 17 3 9 14 3 11 20 19 14 15 15 13 11 6 1 0 17 11 10 10 19 1 2 13 12 2 2 20 4 6 18 3 12 18 15 6 5 6 14 7 5 6 7 6 2 2 11 11 3 18 5 6 13 16 6 2 18 15 12 13 14 3 18 16 15 14 4 13 4 14 3 15 3 12 2 13 9 5 15 3 13 19 3 3 11 5 11 14 18 12 13 18 3 15 2 19 12 20 13 14 14 14 17 14 8 4 1 15 9 20 16 12 20 19 6 17 14 16 19 11 6 13 12 20 10 9 9 7 13 6 16 11 16 5 14 18 5 18 8 18 10 20 20 13 4 17 9 15 12 6 11 11 12 17 5 12 14 3 3 11 1 15 1 3 14 12 2 5 10 16 14 16 18 9 15 15 4 3 18 18 15 1 18 12 6 15 20 18 15 5 17 8 19 17 14 7 1 2 10 12 11 17 6 3 17 5 4 6 8 18 7 13 19 16 9 1 11 8 20 8 15 13 12 16 14 15 6 20 9 19 5 16 8 14 19 14 1 1 12 17 4 10 6 6 15 17 6 16 19 4 1 10 11 5 10 16 9 19 18 20 15 15 14 10 15 17 12 20 12
20 16 8 5 9 17 1 7 8 6 20 5 16 3 18 7 3 19 1 2 14 17 3 17 15 19 18 9 14 16 20 13 12 4 13 4 1 14 8 16 19 16 6 11 14 15 10 19 1 19 16 4 14 17 14 12 6 7 11 12 4 7 3 10 20 9 19 2 19 9 9 17 6 3 7 10 6 5 19 7 20 15 3 4 7 13 3 3 6 8 17 14 14 11 14 12 4 8 17 7 16 2 9 13 20 7 1 20 10 10 13 11 18 12 6 8 13 4 16 13 2 1 5 6 7 2 18 14 16 8 18 7 17 19 15 4 11 10 20 2 3 16 2 1 10 1 18 6 13 9 17 14 5 2 5 16 4 17 1 15 2 7 20 15 2 13 8 7 14 15 18 12 12 3 18 3 1 12 6 19 14 7 14 11 4 8 2 10 9 12 7 20 19 16 13 12 20 4 4 20 5 8 12 7 2 11 19 12 5 15 5 15 13 19 18 9 2 15 12 2 5 3 12 20 10 6 7 11 3 10 10 17 16 15 14 16 14 20 7 16 20 12 11 18 1 6 5 0 3 9 13 8 18 13 17 13 5 10 20 5 16 4 10 10 12 6 13 13 3 18 16 14 6 13 13 2 13 11 2 8 6 5 17 11 3 14 6 18 19 9 20 19 12 19 15 15 4 17 16 11 11 5 19 7 17 1 20 6 4 7 2 5 18 4 17 19 10 14 6 10 12 18 18 15 11 5 2 13 2 7 18 2 17 9 1 17 19 7 5 3 1 12 8 17 9 17 20 10 2 2 4 8 1 17 16 14 15 18 17 4 9 17 12 1 8 6 19 15 1 3 2 9 18 17 13 10 15 11 11 7 11 8 11 7 18 11 4 12 1 16 17 20 6 8 16 18 13 3 2 16 4 14 10 9 15 8 18 2 19 20 16 10 8 5 5 2 10 4 20 18 7 9 3 14 14 19 1 19 14 11 9 15 16 13 20 14 20 19 7 20 6 15 1 8 2 19 13 1 20 9 13 3 15 17 14 1 7 18 6 12 1 1 7 14 12 16 10 1 19 1 14 15 17 8 16 17 18 17 11 4 15 14 15 12 11 11 16 11 9 14 4 6 17 16 11 20 14 5 18 11
14 17 19 18 18 19 10 12 7 3 19 1 15 20 12 11 5 1 16 14 5 12 15 4 5 4 20 16 1 5 9 20 5 9 3 19 11 15 15 1 13 15 6 3 2 9 3 7 14 10 8 17 8 8 4 1 19 14 10 5 2 5 5 1 18 10 6 8 2 15 9 3 18 17 13 9 10 8 14 15 5 19 1 19 8 18 5 2 17 6 15 18 7 19 5 12 19 18 7 6 16 18 20 14 9 20 3 1 15 13 11 12 15 7 8 10 13 12 18 9 1 10 15 5 15 17 10 16 4 17 14 2 13 11 4 17 2 14 15 10 8 1 9 9 18 15 15 9 12 16 18 17 6 7 15 6 14 16 11 2 11 14 18 19 3 10 4 9 19 11 8 20 5 2 19 8 17 16 9 20 5 2 20 6 1 12 2 17 20 10 10 2 2 8 15 10 10 11 11 18 20 6 3 12 2 19 17 1 2 18 2 1 14 16 10 16 13 6 10 19 4 13 13 16 7 17 11 20 10 5 17 14 3 4 4 9 12 1 4 9 11 3 13 16 14 17 8 7 0 6 15 17 15 7 15 1 7 6 1 14 6 5 7 14 11 13 18 2 13 4 5 15 6 14 10 1 12 13 5 16 18 9 12 4 14 14 12 12 10 4 9 12 5 3 12 8 15 5 8 4 1 19 19 7 8 18 18 2 7 14 12 13 18 2 10 9 14 4 10 11 6 12 14 13 6 16 17 8 12 16 8 19 19 13 16 2 9 14 5 8 1 18 9 4 13 15 3 13 5 4 16 14 2 14 5 13 11 11 14 13 16 20 19 15 18 14 14 4 13 12 8 15 15 8 9 7 12 5 9 11 12 12 1 2 7 8 4 6 6 4 3 2 8 17 1 13 13 12 4 12 1 9 2 9 20 17 15 1 16 2 10 16 4 15 11 6 6 20 8 3 12 17 13 16 11 12 17 4 3 2 18 7 10 6 5 10 15 7 16 11 19 18 7 5 6 11 15 2 2 1 5 19 20 9 16 9 18 1 13 13 8 10 9 7 12 2 3 7 15 16 16 7 16 2 15 2 5 9 14 8 4 1 16 13 9 13 9 1 9 1 3 10 18 9 4 9 7 5 19 4
3 9 11 8 18 3 7 7 2 2 14 8 10 13 7 15 20 9 2 7 16 6 17 14 6 2 10 5 16 5 17 10 2 2 20 3 20 3 8 13 7 2 8 2 5 1 19 5 7 1 7 1 1 8 4 10 12 4 10 1 11 13 7 13 5 11 3 15 20 18 4 4 12 15 6 8 20 12 12 10 12 20 9 19 16 16 2 20 8 3 20 2 1 17 9 14 16 1 5 11 6 6 19 7 2 13 12 10 11 14 15 11 6 11 12 19 1 1 16 17 4 18 8 15 19 6 5 19 5 20 6 13 11 6 20 12 4 18 10 1 7 10 18 20 18 2 17 2 9 20 20 7 2 17 2 18 4 15 12 20 10 18 19 12 20 14 15 18 18 19 3 20 8 19 18 14 8 1 2 19 6 3 11 8 1 14 10 6 7 20 2 15 20 19 19 3 14 5 3 14 4 13 17 20 6 2 18 18 8 17 17 4 3 10 18 6 18 15 8 14 5 20 13 5 13 4 4 9 7 17 2 3 3 13 19 14 13 3 2 14 18 7 15 15 4 12 5 8 10 0 1 9 6 16 11 15 11 1 2 13 9 19 7 14 11 17 2 2 20 6 10 19 8 8 3 12 14 5 12 8 18 3 18 10 2 11 20 7 15 6 11 17 11 14 2 11 2 8 9 15 1 20 4 14 1 16 19 19 3 11 15 11 5 6 20 19 2 3 18 18 17 14 3 3 8 3 20 9 3 5 6 3 8 16 17 13 17 12 3 7 5 12 7 4 11 15 14 16 19 19 15 2 2 15 5 20 20 18 4 17 6 17 5 19 16 15 16 9 9 1 19 4 3 18 6 16 8 17 7 6 20 11 12 9 9 20 9 18 4 2 12 16 1 17 10 20 8 4 9 20 13 16 8 19 17 4 8 3 7 14 6 3 9 18 3 8 9 3 8 4 14 8 19 3 6 15 12 7 18 2 20 14 2 2 11 15 20 10 8 6 20 19 9 15 5 5 3 11 2 13 2 12 19 6 6 9 13 18 3 18 13 4 6 2 18 19 20 11 4 4 6 8 19 18 5 5 15 9 17 7 9 17 4 11 3 10 4 15 3 12 8 17 7 11 6 12 17 18 18 8
7 13 17 9 6 13 11 7 4 11 7 17 5 7 16 6 17 1 12 14 17 18 16 16 1 10 3 16 1 2 8 5 6 17 19 15 13 20 20 3 16 14 4 18 10 12 16 12 3 12 11 14 1 13 9 5 6 10 11 15 7 19 15 4 3 18 18 18 14 18 6 16 2 4 8 14 19 9 7 9 20 8 5 10 12 3 6 8 16 2 7 6 1 20 14 19 15 20 19 2 19 11 6 2 1 3 7 12 10 2 16 8 7 13 11 3 19 20 3 6 2 3 5 16 17 15 8 14 4 14 5 3 2 16 11 15 14 10 5 12 5 3 7 18 18 4 15 9 5 18 7 9 10 10 13 4 14 7 10 1 15 7 15 10 20 6 5 11 10 13 4 2 18 8 1 13 9 4 7 18 13 15 15 3 2 9 5 18 1 6 13 9 10 20 6 19 18 16 6 9 20 12 14 20 15 20 12 19 12 19 4 11 5 1 14 14 5 3 17 5 10 2 13 3 5 8 17 20 10 20 5 15 16 19 6 12 12 10 10 18 9 5 19 2 8 6 9 6 7 17 0 8 4 7 12 7 1 19 17 15 18 3 13 8 8 15 13 19 15 1 20 12 10 18 18 11 17 3 14 10 1 4 7 4 6 10 11 18 14 5 6 12 18 19 16 2 10 4 10 10 1 10 16 13 19 2 9 13 20 19 15 9 2 18 17 18 18 13 5 10 5 1 19 20 16 3 11 15 14 8 12 14 1 16 13 16 13 9 17 19 19 14 3 4 9 14 7 9 6 17 8 10 19 13 17 13 2 19 15 2 11 1 19 17 7 4 15 9 12 5 10 2 8 12 9 8 15 16 6 14 15 9 19 8 3 5 18 1 6 14 8 14 12 12 20 19 16 5 8 14 8 4 20 8 15 1 8 1 3 15 4 9 15 20 12 18 7 15 20 3 7 20 13 5 19 5 16 17 16 19 7 5 8 14 7 2 20 12 20 1 15 8 2 6 3 9 8 17 18 12 9 9 5 6 19 8 18 19 15 13 7 4 17 6 19 18 4 6 2 20 14 4 17 9 6 17 1 16 9 8 17 11 19 1 3 1 11 12 18 1 19 17 13 11 7 5 8 8 10 4
7 6 7 16 16 5 17 16 7 11 10 6 16 14 13 17 10 8 9 17 10 13 15 1 10 1 5 1 6 2 12 6 1 15 2 9 9 7 1 17 1 20 6 8 8 20 7 1 16 17 6 11 17 14 10 4 11 9 3 15 6 8 13 2 12 8 1 10 10 1 17 4 18 19 2 6 13 17 12 17 6 9 4 1 7 20 13 16 7 20 14 8 13 16 4 1 13 18 15 14 7 9 7 2 5 3 14 9 1 4 2 19 7 13 1 14 4 1 14 12 15 19 10 5 13 8 1 15 14 5 1 14 11 19 17 14 4 18 17 11 15 20 17 17 3 16 6 15 11 19 19 5 14 6 15 9 15 20 14 19 18 5 17 17 10 1 5 14 10 14 9 3 13 19 13 9 13 18 17 1 10 15 2 18 11 13 19 10 7 1 14 7 18 3 16 4 1 17 14 7 16 16 16 13 8 5 16 13 8 20 20 13 9 12 6 11 9 12 8 17 8 13 17 17 6 19 1 16 4 9 14 6 15 1 2 16 17 9 15 10 20 11 12 7 4 11 1 10 17 11 10 0 5 17 20 19 10 7 20 18 4 14 13 20 11 14 6 3 3 14 3 8 2 1 11 3 16 11 12 13 14 18 6 18 9 18 16 15 18 12 1 11 9 12 14 6 18 16 15 6 20 6 11 13 8 14 20 3 10 5 3 16 7 2 19 17 6 4 5 14 11 6 14 3 4 5 19 13 3 12 1 13 9 15 3 5 15 13 18 14 15 6 12 15 6 20 14 8 14 19 7 9 17 1 9 19 3 19 3 17 7 19 7 20 3 1 9 9 14 12 9 19 15 12 16 12 7 13 20 13 18 6 4 7 6 1 9 18 2 10 14 13 16 14 14 9 1 5 7 1 4 3 11 18 5 19 14 9 11 16 10 7 12 12 16 8 19 6 10 13 6 11 19 4 13 2 3 10 14 14 9 16 16 7 5 13 18 6 5 10 9 14 7 16 11 20 18 9 4 10 4 3 20 10 17 12 15 1 9 20 13 3 1 4 1 14 14 14 15 12 12 3 16 20 9 16 16 18 8 3 15 15 10 18 5 17 13 19 18 15 4 1 15 1 5 12 15 12 16 11
12 8 2 12 13 17 2 8 12 12 10 2 5 8 7 3 3 14 8 2 15 8 10 10 8 1 5 18 7 19 20 5 4 6 2 8 13 5 15 7 10 5 15 10 11 15 3 10 10 9 5 7 5 4 13 2 3 6 1 20 3 11 7 16 19 15 11 12 1 5 5 13 4 5 17 10 7 1 15 14 1 6 14 4 13 1 2 3 17 12 10 15 2 14 1 18 17 5 12 10 18 1 20 2 10 6 4 10 18 18 7 11 16 20 5 6 16 17 5 19 13 18 14 8 14 11 1 15 19 8 8 10 19 8 19 18 15 16 7 11 17 14 17 13 9 14 7 8 10 9 20 19 2 2 13 12 8 6 7 17 2 7 9 11 3 16 2 20 11 6 18 19 19 20 17 20 2 2 8 5 13 6 11 13 4 5 12 19 5 14 18 8 2 1 4 14 12 4 3 6 13 20 9 8 6 3 17 16 11 2 20 1 8 6 10 17 14 10 5 19 2 14 10 5 2 15 13 5 9 5 1 8 16 9 9 18 5 19 13 5 1 18 1 14 9 11 10 11 11 17 11 5 0 7 15 12 14 3 13 11 4 11 8 20 19 8 1 7 5 20 17 11 7 20 2 5 15 4 19 7 5 1 16 9 13 9 7 3 17 4 17 6 8 10 12 14 18 2 9 2 3 5 13 13 3 14 13 9 9 13 18 1 15 3 4 2 10 11 9 6 20 3 15 17 15 10 14 9 16 9 14 3 10 8 3 11 7 2 12 1 8 15 5 11 17 9 12 14 2 14 20 2 20 18 3 9 17 12 4 3 6 11 9 5 17 8 20 2 18 19 1 1 11 12 17 1 20 15 5 2 16 19 4 7 12 18 12 12 3 5 6 14 2 4 17 18 3 16 20 13 16 6 14 3 16 9 10 6 14 2 2 16 19 9 3 1 17 7 13 10 2 4 18 4 4 6 3 9 11 8 7 16 2 5 15 16 5 6 14 6 11 15 5 16 16 8 11 15 2 19 20 11 20 1 17 14 16 8 16 14 16 11 20 15 19 10 12 9 8 20 14 2 14 9 19 12 17 3 5 9 3 13 11 18 7 18 11 9 13 18 14 14 10 13 3 10 4 12 17 10
5 15 4 9 18 10 18 14 11 7 13 2 12 15 8 4 17 9 5 6 18 8 7 18 5 7 9 2 20 20 11 20 8 14 20 3 13 2 13 13 15 19 17 3 4 16 16 10 3 3 14 7 18 5 17 15 11 3 3 9 3 10 10 19 9 4 1 17 10 18 20 2 7 16 6 11 19 4 1 20 13 4 18 14 1 6 1 2 3 4 18 18 20 17 17 11 17 4 9 20 8 1 8 2 10 11 13 15 8 3 1 12 19 7 15 2 12 4 5 1 19 2 13 4 1 12 19 12 9 15 2 1 16 5 16 15 8 2 20 18 18 10 5 20 13 19 2 12 19 7 1 13 17 11 4 4 10 7 14 1 15 11 13 9 11 20 1 6 17 12 9 10 16 6 7 5 18 20 9 13 3 4 20 20 18 5 10 9 18 14 8 1 17 15 9 13 6 17 15 11 16 18 2 19 8 12 11 11 11 7 9 9 14 5 20 19 19 13 7 11 6 4 15 17 12 3 1 20 3 9 7 18 2 6 6 16 16 13 16 9 4 2 10 9 17 12 13 16 5 11 8 16 6 0 19 5 8 5 3 20 7 1 2 4 11 20 10 16 12 2 2 4 11 10 14 4 18 6 3 5 14 5 19 4 1 5 5 16 11 4 3 5 1 10 15 14 5 7 1 6 7 20 13 18 14 14 14 12 5 10 2 11 3 14 11 17 14 20 10 8 19 15 19 6 9 15 4 20 9 9 20 18 14 16 9 12 3 4 14 5 2 9 4 10 8 17 8 11 7 15 6 11 13 17 2 10 11 20 14 9 15 18 14 1 6 18 11 17 19 18 7 5 20 5 8 9 2 3 13 11 10 10 16 1 15 12 6 19 12 15 12 13 5 2 14 5 8 13 7 7 19 9 14 12 10 18 2 16 9 16 19 2 5 19 17 18 3 6 4 13 6 9 3 5 3 10 12 12 9 2 12 9 16 10 9 19 12 2 3 9 15 4 19 7 13 3 14 20 8 11 2 7 10 9 7 13 17 12 16 6 15 11 15 11 13 10 14 5 18 9 15 3 15 9 8 20 8 6 12 3 4 18 17 15 18 7 13 15 1 15 9 6 17 12 3 8 17 8 10 16
9 7 8 6 13 13 3 1 15 4 1 7 5 16 18 19 12 13 18 8 13 11 13 17 4 9 20 11 3 7 5 6 1 14 18 3 13 6 18 9 7 6 2 14 18 9 9 14 5 17 3 18 8 19 6 7 8 7 11 5 10 1 1 20 8 17 3 16 15 16 6 10 16 17 8 3 16 12 7 1 3 9 13 1 11 10 11 19 11 20 15 10 18 18 14 12 5 12 12 10 7 3 6 9 15 16 2 15 5 2 9 19 10 6 1 14 9 14 20 3 11 3 6 19 8 10 12 9 1 10 6 14 6 9 4 18 2 5 20 18 12 14 7 7 19 3 9 20 3 9 17 7 19 10 9 6 8 11 9 17 7 5 8 5 19 12 13 16 8 4 16 3 10 8 19 20 3 13 3 17 20 9 1 5 11 10 11 16 2 15 13 6 18 16 1 1 7 2 16 15 18 8 18 15 1 14 5 11 4 14 11 5 5 6 13 9 1 8 8 10 8 16 19 16 8 1 13 1 5 13 8 16 9 19 9 1 12 8 16 9 20 7 4 12 1 5 15 12 1 3 5 11 18 8 0 15 18 13 19 1 13 10 14 3 13 9 6 7 9 14 15 20 13 13 13 17 15 7 5 7 20 7 8 13 5 18 8 18 4 12 18 18 17 19 7 9 2 2 9 11 18 18 10 15 15 1 12 9 1 2 5 20 17 18 4 2 19 4 9 19 13 18 2 13 17 13 14 9 11 11 17 11 9 10 17 20 7 10 6 9 2 11 20 10 1 8 3 3 11 18 4 11 3 5 6 20 12 19 8 2 3 17 17 7 19 19 5 14 1 8 15 2 14 4 20 6 10 8 19 11 13 5 9 6 20 2 17 4 17 3 18 7 13 3 3 7 10 16 9 7 12 8 3 7 4 17 15 17 4 1 13 14 1 15 17 9 1 15 17 19 3 16 10 17 11 8 3 12 9 20 5 8 6 8 2 7 19 4 6 11 20 9 2 20 12 8 13 10 1 9 2 13 4 6 6 7 4 7 15 11 10 12 19 11 9 2 17 7 7 15 16 7 1 18 1 18 19 19 19 19 2 8 15 2 2 11 16 13 7 20 19 18 2 7 5 20 6 6 3 16
5 8 4 19 10 19 20 4 5 19 5 10 18 2 3 11 16 1 14 4 4 10 5 19 5 9 14 19 7 16 16 5 10 5 14 11 9 1 2 7 1 2 13 7 2 13 19 12 18 13 2 3 16 4 14 9 13 4 6 6 14 4 4 5 17 12 13 14 16 5 16 10 15 2 13 4 16 4 12 4 10 16 14 4 7 17 3 11 11 7 9 1 19 9 11 5 19 6 10 1 19 15 10 8 6 20 6 7 16 9 20 9 14 19 20 16 2 16 11 4 15 2 19 12 13 8 1 14 18 20 5 9 1 4 13 8 1 13 17 6 14 19 4 11 5 5 16 3 5 19 4 20 19 11 9 8 1 9 18 8 2 13 7 18 18 17 6 5 20 9 14 12 6 4 18 17 18 19 8 20 5 8 11 8 19 6 9 13 12 12 18 18 1 11 13 9 5 7 20 14 15 7 1 20 4 15 14 20 4 7 15 1 20 5 12 11 16 9 16 13 9 19 7 19 17 11 5 6 14 14 14 16 5 7 9 3 18 6 19 19 12 6 13 12 10 19 10 15 15 2 10 6 2 6 13 0 16 18 19 11 20 5 2 14 2 10 12 9 7 15 6 15 4 19 5 13 14 20 20 15 15 14 1 2 1 1 15 1 4 10 18 10 1 17 1 10 8 7 20 9 20 5 13 11 16 9 4 7 1 7 4 1 9 8 16 8 18 2 9 9 1 1 10 3 2 2 17 17 16 10 15 7 6 11 2 10 4 4 3 10 3 12 13 2 17 18 9 15 11 11 2 5 4 12 10 20 12 10 7 10 16 13 19 10 15 13 18 4 9 11 10 19 15 10 4 15 3 18 7 14 7 2 5 19 5 14 1 4 1 2 6 9 15 16 8 19 6 11 9 14 8 12 16 2 1 18 6 17 7 20 3 8 3 18 15 1 18 18 18 2 5 12 4 11 1 13 3 15 1 19 20 12 10 6 4 10 7 7 14 6 4 10 19 12 19 18 19 13 6 3 17 19 16 1 5 8 17 19 20 20 15 5 11 19 13 11 17 10 7 5 7 15 9 19 10 18 4 6 12 3 7 16 7 14 20 5 8 6 16 16 18 3 15 3 6 13 14 2 19 8
4 13 7 7 17 4 15 13 16 12 16 3 19 17 9 16 17 7 13 14 14 14 14 14 18 8 12 17 11 3 15 8 11 16 20 2 12 18 13 20 9 7 4 18 5 17 17 16 3 17 8 12 16 2 12 13 4 7 14 19 14 9 19 14 17 9 2 5 16 16 2 12 18 17 13 2 2 18 3 17 20 3 5 14 15 4 5 6 18 8 9 2 10 20 12 18 9 6 2 19 11 9 10 5 5 14 14 17 1 14 12 14 2 9 5 2 1 8 6 3 17 8 3 2 14 3 14 4 8 20 12 14 19 18 14 20 1 15 10 19 15 20 12 13 13 13 17 9 1 13 10 1 3 11 19 20 20 19 11 4 8 13 18 17 4 2 5 19 17 20 11 4 10 2 5 11 2 20 1 18 20 10 13 2 14 2 15 3 12 19 3 14 20 8 10 14 18 14 16 4 3 16 16 15 10 13 15 5 16 20 5 20 1 10 7 15 9 17 15 13 14 17 16 5 2 15 17 18 6 12 3 13 20 1 15 3 15 9 13 2 15 1 6 5 12 17 18 13 11 20 13 11 10 13 5 5 0 15 18 15 12 6 7 9 2 3 7 11 2 1 5 7 6 3 5 11 7 10 1 10 3 8 1 8 19 16 15 12 4 20 14 20 3 7 13 12 11 8 11 9 6 18 12 15 4 12 10 6 19 2 1 19 3 2 2 1 6 5 11 12 16 4 1 17 19 18 17 12 6 12 4 18 12 19 18 2 20 18 14 3 7 11 16 2 1 18 2 9 4 3 10 9 10 14 9 17 15 2 20 4 12 7 6 10 18 12 16 13 17 10 14 18 4 15 14 20 6 16 13 6 11 16 9 7 12 6 14 16 1 4 12 19 13 13 4 13 13 3 12 19 16 17 9 18 20 13 16 8 18 7 2 19 3 6 4 1 6 20 6 8 4 1 20 8 5 12 17 4 10 19 2 10 9 12 4 12 18 10 3 19 13 8 15 20 18 16 6 20 19 11 11 7 20 14 1 13 8 7 13 15 8 16 2 16 19 16 10 9 11 9 19 11 19 4 20 1 5 9 11 11 17 8 9 16 4 7 9 19 11 15 4 17 16 16 8 17 1 1 17 1
14 7 17 16 9 12 19 10 15 10 19 3 12 7 7 4 8 19 8 11 5 10 15 4 6 4 9 2 20 6 4 15 7 17 3 9 17 9 15 1 14 15 10 14 1 4 10 19 17 14 11 15 7 10 5 12 16 6 12 20 11 20 6 19 4 19 2 12 2 12 20 19 10 5 11 14 14 16 10 16 4 14 18 2 7 9 2 13 3 1 9 1 6 19 4 9 2 2 13 16 7 10 4 6 11 6 13 18 18 19 2 9 13 15 15 4 8 12 15 3 7 10 14 13 10 14 15 17 4 12 14 13 1 6 18 15 6 6 15 5 2 17 2 5 9 20 10 14 17 16 5 8 2 15 16 7 14 4 14 5 15 10 12 9 4 3 6 7 12 17 20 5 14 7 5 20 2 13 7 14 3 9 18 10 7 18 6 19 3 7 14 20 11 4 1 16 12 12 6 1 13 6 8 11 6 3 1 4 19 6 1 4 5 3 13 16 17 4 6 9 3 4 14 15 8 12 9 15 3 14 2 11 12 3 16 6 18 14 2 6 6 1 2 19 20 7 18 13 12 10 12 10 15 16 4 2 18 0 4 3 19 5 4 5 4 6 6 4 16 16 1 15 1 1 6 16 4 15 16 19 18 14 8 3 20 9 12 6 18 17 19 10 14 17 7 17 4 10 18 5 3 1 20 9 19 20 8 18 16 11 1 18 18 18 19 18 2 16 4 13 19 11 15 5 12 7 14 5 2 13 2 13 5 7 4 8 8 3 10 11 7 3 20 8 6 18 13 16 15 18 9 18 13 11 13 6 17 20 5 19 9 19 16 3 3 1 2 18 15 3 3 4 10 14 11 13 3 17 4 5 3 8 10 11 19 9 16 4 17 13 20 8 20 15 20 14 3 11 6 5 15 19 5 13 15 4 14 5 5 2 16 16 13 12 17 11 18 4 2 11 16 7 2 1 13 12 1 6 10 2 11 10 15 8 10 18 8 10 12 1 14 1 20 5 19 4 20 20 10 10 11 18 17 17 20 20 8 20 9 8 19 16 12 17 16 11 6 13 13 17 6 5 4 14 16 15 19 9 2 7 19 4 19 17 17 18 19 11 13 9 3 10 9 12 16 17 7 5 12 14
16 8 12 10 16 17 1 18 12 4 19 2 20 4 3 14 19 11 3 11 12 9 11 11 19 5 2 6 14 18 20 19 12 2 3 3 18 12 15 9 20 15 14 19 20 19 4 20 12 8 2 7 14 1 5 13 9 12 2 1 20 3 12 5 6 1 14 15 7 1 12 4 14 14 1 4 19 14 3 20 20 20 20 18 18 10 7 6 11 15 20 10 15 7 17 8 7 3 10 19 13 11 3 7 2 16 20 5 14 17 20 5 7 6 5 15 18 16 8 10 4 17 1 8 7 10 16 18 17 8 18 16 6 20 18 16 13 17 12 3 19 15 14 17 6 9 5 4 3 10 7 6 1 8 8 16 18 18 6 3 14 7 17 6 18 2 4 20 12 7 3 18 16 11 19 19 9 7 7 2 4 18 9 4 2 6 18 6 18 8 17 15 9 6 4 10 14 8 13 9 20 1 14 7 14 10 17 7 5 11 2 2 1 6 2 6 18 10 16 10 16 4 6 18 10 8 13 6 3 18 5 1 4 14 18 6 11 11 3 5 10 13 4 17 10 14 20 10 13 9 4 8 5 2 14 5 15 15 0 20 16 8 14 10 3 8 6 15 13 17 4 18 1 15 6 10 6 13 13 16 11 10 20 17 18 12 18 17 5 20 16 1 11 16 9 4 3 20 12 1 14 10 18 8 6 4 18 18 14 2 13 10 2 8 14 11 7 18 7 20 9 4 2 6 9 7 18 11 9 6 16 15 9 11 6 11 17 3 16 15 19 15 16 8 3 18 9 14 9 9 2 13 4 2 2 5 14 2 15 4 13 15 6 20 14 2 15 9 7 15 1 2 20 14 6 1 18 13 9 4 10 10 14 18 1 5 7 8 9 2 14 15 20 13 13 20 9 8 4 13 12 9 9 7 17 19 4 6 19 17 14 13 3 14 5 11 19 7 14 17 16 17 7 10 20 11 18 20 5 8 14 10 7 16 12 5 19 12 10 11 14 2 20 11 14 14 11 7 9 12 3 7 20 6 1 4 4 20 1 14 10 8 15 11 1 10 6 5 15 15 6 5 4 7 11 2 3 6 6 11 13 1 17 3 7 19 5 8 4 20 10 2 8 1 15 11 8 14 6 9
9 17 18 18 8 16 3 13 10 9 17 6 12 12 5 5 16 19 6 14 3 7 12 12 19 5 19 6 12 13 9 18 15 12 14 20 3 16 20 18 9 10 10 2 7 1 19 20 9 12 10 17 10 18 19 1 4 12 16 19 3 12 2 3 18 9 15 11 1 15 5 16 19 1 15 13 11 3 10 1 14 12 15 13 20 10 9 12 5 5 4 16 3 3 4 1 7 10 8 6 7 2 3 8 13 2 10 11 17 1 12 9 2 15 17 12 18 3 13 13 18 17 18 13 4 4 19 20 6 6 18 2 19 5 16 10 3 12 15 19 15 17 5 7 10 2 3 4 4 16 20 15 2 7 13 10 4 1 4 9 18 18 19 8 13 17 12 9 13 17 15 6 11 14 8 16 19 4 16 1 4 7 14 5 2 20 16 2 16 5 2 6 10 4 9 14 16 6 16 18 7 5 4 13 7 2 10 1 1 13 15 14 16 1 2 8 10 5 1 6 18 5 8 19 11 9 4 13 1 2 12 2 8 12 4 5 9 12 15 10 1 13 4 11 7 10 9 13 18 17 11 7 10 16 11 20 15 7 1 0 5 19 14 15 6 9 14 18 6 9 16 14 12 15 4 18 15 14 18 15 14 18 19 4 19 1 5 14 17 10 19 13 20 2 8 5 18 19 7 8 13 12 17 2 10 5 1 12 6 4 12 4 17 12 6 10 20 18 5 11 19 15 3 17 12 1 1 7 4 13 4 13 4 6 4 3 20 12 3 12 10 8 12 19 15 8 2 14 14 6 17 8 14 4 11 17 20 19 12 9 1 7 4 15 20 9 16 11 17 16 13 4 1 11 10 3 1 1 4 1 16 13 12 1 15 11 13 3 11 19 17 6 20 9 4 10 8 17 5 2 10 9 5 16 13 1 7 3 12 13 5 3 2 16 18 1 3 18 6 1 13 18 1 2 2 15 13 8 8 7 7 6 13 20 17 13 20 11 6 19 4 9 15 18 1 14 1 13 5 8 4 10 10 9 15 4 7 19 5 11 5 9 3 1 3 9 16 2 19 2 9 20 15 17 8 13 6 3 9 10 20 10 10 5 9 1 12 16 3 3 10 6 11 7 7 12 13 1 20 5
12 6 19 5 5 9 11 10 16 12 6 3 20 16 16 11 3 17 20 9 14 14 9 7 11 1 2 14 17 18 5 8 17 17 15 9 17 13 2 6 12 1 1 11 8 8 8 12 8 14 17 1 5 7 8 10 14 5 6 7 1 8 12 17 9 13 13 3 19 9 12 13 5 15 17 10 1 11 12 18 9 10 4 14 20 6 17 5 12 19 16 10 13 17 2 19 9 11 19 8 1 5 15 10 5 18 9 9 20 12 4 5 17 17 2 14 19 9 1 1 18 7 3 2 2 2 10 4 6 2 16 4 8 11 10 1 4 11 18 2 4 10 17 10 3 9 14 13 8 10 20 2 14 8 5 5 2 20 18 5 7 1 2 3 13 6 12 6 17 9 19 11 10 18 1 11 2 17 18 4 7 11 7 4 3 3 10 1 13 9 17 5 20 8 10 9 8 6 10 12 16 7 11 7 9 6 2 11 2 14 11 19 14 15 15 6 1 2 11 5 19 8 6 14 12 9 4 11 16 20 20 17 4 17 4 19 18 8 13 20 20 10 9 8 6 3 1 1 20 8 11 14 12 14 11 13 11 3 19 3 0 20 13 18 11 8 15 2 2 15 8 17 12 14 1 3 3 1 11 14 15 3 18 3 5 1 10 10 3 9 2 13 6 5 6 10 9 1 7 4 2 16 16 3 18 15 6 13 15 4 2 6 10 16 5 15 15 13 7 13 1 3 12 20 3 7 1 12 11 6 17 6 8 7 8 13 8 14 2 8 14 19 4 8 2 14 11 6 8 4 1 15 10 18 6 16 11 20 15 4 1 4 9 10 8 1 3 4 6 11 4 1 12 8 13 15 16 9 15 12 6 14 7 2 17 16 6 4 3 8 15 11 17 3 10 8 7 12 14 17 17 18 3 3 15 13 3 10 11 5 15 12 6 6 13 13 16 20 20 11 19 8 17 13 12 20 7 18 6 11 13 16 5 12 2 3 14 19 18 6 11 19 15 11 11 16 7 18 4 8 8 11 3 8 10 10 5 6 15 15 19 4 15 12 12 4 14 13 19 13 7 17 20 7 6 15 12 12 3 17 14 15 3 4 8 20 18 13 18 1 1 7 7 13 17 8 7 6 1 15
11 4 19 11 10 10 10 2 5 13 14 8 9 4 4 6 17 3 5 19 7 4 17 9 3 3 10 14 17 4 6 5 12 14 10 3 7 1 12 3 17 1 17 6 4 4 19 11 20 17 10 10 17 3 17 7 9 14 12 15 14 18 12 6 17 16 18 15 11 4 11 16 5 12 5 14 11 16 10 3 13 3 19 3 1 18 1 9 10 20 10 18 5 15 9 17 2 2 12 14 20 14 20 12 1 13 9 14 12 19 12 10 3 20 16 2 5 10 13 20 1 4 13 18 12 3 1 14 12 12 15 18 4 15 17 1 12 12 9 9 6 16 5 9 5 17 12 7 19 11 15 18 2 15 9 14 18 4 20 2 16 9 9 7 17 15 20 13 20 9 8 11 12 3 19 10 18 10 14 20 2 7 9 15 13 20 8 14 18 17 12 8 18 14 11 19 20 4 18 18 13 20 20 8 13 11 6 3 12 18 1 8 17 4 17 1 16 11 15 5 13 19 3 15 20 2 14 9 16 4 17 8 7 17 7 8 19 17 10 10 10 14 7 14 4 8 10 16 5 16 3 11 14 16 5 15 3 8 12 3 9 0 7 19 11 14 9 6 12 1 1 3 19 15 4 11 18 16 20 18 20 14 4 4 9 3 16 15 13 15 16 3 6 11 8 5 16 17 11 17 4 18 8 12 4 3 13 19 7 11 14 9 12 8 11 9 1 16 8 3 3 7 5 10 4 16 3 4 16 9 6 4 19 15 8 2 3 16 20 10 8 1 4 7 17 9 6 11 2 3 5 14 15 10 10 20 11 18 19 11 8 5 14 14 13 6 7 5 20 11 5 4 15 10 12 12 3 9 7 12 6 19 17 5 4 19 9 8 7 6 5 20 2 6 8 15 17 10 20 14 6 7 5 16 11 8 16 6 1 9 9 11 3 8 12 13 2 2 7 10 2 17 9 17 20 11 7 17 2 9 9 3 16 2 9 16 12 16 11 17 11 20 1 14 12 15 16 4 6 13 20 12 4 16 10 20 6 16 10 20 3 15 11 10 14 2 17 16 7 6 2 17 8 17 20 7 18 8 5 17 19 7 7 3 1 15 5 4 11 9 9 17 14 16 9 3 17 11 6 3
1 5 6 17 3 18 16 18 18 11 4 10 20 9 20 14 9 1 16 3 2 17 4 18 10 4 7 13 7 15 1 4 20 9 6 17 2 15 19 15 14 16 5 7 15 7 18 15 7 17 16 8 20 10 15 14 7 5 16 16 5 13 8 8 9 19 5 15 6 1 3 11 11 5 19 9 10 10 9 2 4 3 15 9 9 5 4 12 12 5 6 2 17 15 17 10 9 15 12 4 11 6 2 3 13 18 8 17 8 2 17 20 12 7 16 15 19 2 18 4 11 18 12 11 2 13 1 2 11 5 18 6 18 5 13 14 16 11 8 7 7 20 3 3 1 17 18 16 6 3 13 4 5 14 5 18 2 19 17 15 13 1 7 20 9 7 9 15 18 18 10 17 18 3 13 16 11 12 14 16 10 3 7 11 13 11 20 7 11 8 8 8 19 18 4 15 16 6 12 15 5 1 15 20 20 15 13 18 16 4 3 3 14 18 6 11 17 9 9 19 20 9 13 10 18 9 20 1 2 3 5 9 13 16 14 14 8 1 15 18 14 1 14 3 14 14 17 10 12 3 4 9 18 7 14 20 11 10 14 12 2 18 0 18 13 10 18 1 9 8 13 4 20 18 4 14 13 2 14 2 18 11 20 8 11 4 8 2 11 5 2 1 13 8 11 8 4 15 20 5 10 15 16 8 15 3 4 13 1 20 14 7 11 16 17 7 6 18 20 16 3 3 17 14 2 10 20 10 19 2 17 2 1 10 4 4 15 11 6 15 2 2 3 16 12 13 20 16 8 18 10 18 11 14 15 6 1 15 10 14 6 16 12 11 10 6 7 2 13 19 8 9 14 17 14 9 5 6 16 18 4 19 1 1 20 5 19 10 1 4 4 17 11 13 10 9 4 3 14 11 7 18 15 12 8 14 13 14 11 2 11 9 9 1 7 8 3 12 19 5 8 11 11 3 12 4 13 7 6 8 10 16 4 18 4 18 7 12 20 5 3 16 17 12 3 12 9 18 6 15 4 20 16 18 12 8 16 9 3 5 2 1 9 17 8 14 14 1 19 14 1 6 4 6 5 14 3 2 9 15 13 7 9 9 14 16 12 6 17 14 5 1 4 13 10 1 10 20 12 1
2 20 8 3 17 12 20 8 10 19 11 13 1 19 20 6 9 6 16 16 19 3 6 5 15 8 16 2 6 12 4 6 11 5 16 14 5 4 9 16 2 8 4 10 10 5 15 20 10 20 11 19 4 15 15 9 20 13 9 15 10 17 9 10 8 6 14 20 8 5 20 18 2 13 4 13 14 14 4 10 10 19 1 5 16 4 16 10 5 6 20 5 2 2 10 11 6 15 16 7 19 12 6 13 20 18 5 8 8 7 14 4 3 15 8 16 14 16 5 5 20 18 6 16 2 7 17 5 15 11 10 9 8 17 10 11 13 20 17 2 7 17 7 11 1 14 18 13 11 11 8 1 9 15 1 18 4 2 4 13 9 6 15 16 10 14 7 7 14 5 16 7 20 7 18 12 12 9 3 13 15 12 3 7 19 15 16 12 4 19 4 18 13 13 2 13 16 10 7 12 11 13 5 18 1 17 17 14 13 18 15 17 2 7 4 1 1 17 19 4 13 7 15 13 1 6 13 20 2 16 7 9 6 12 7 1 18 20 16 13 19 10 13 6 1 15 15 5 9 13 20 16 13 17 9 5 20 14 12 6 19 19 3 0 5 3 2 18 8 12 7 2 8 5 12 17 13 18 12 15 3 11 1 7 4 7 17 6 3 19 17 4 7 2 18 17 19 19 18 15 4 11 18 8 5 20 14 4 15 8 12 7 14 13 16 16 13 8 7 8 17 4 12 8 4 2 19 2 8 6 16 16 4 9 17 17 4 12 10 7 3 6 14 6 16 4 14 4 13 9 9 15 18 2 12 15 15 10 10 2 19 19 18 13 18 13 2 8 9 4 2 5 19 18 12 17 14 10 5 12 4 4 13 6 19 11 13 1 16 10 11 3 18 16 14 10 13 14 20 18 20 6 7 10 13 2 14 19 19 20 13 9 2 20 3 16 20 5 17 11 3 8 3 6 6 2 10 6 10 3 19 6 17 2 4 13 10 19 17 4 15 18 11 13 6 10 7 18 9 4 15 20 10 17 1 16 8 7 2 7 8 2 2 3 14 9 16 3 15 5 13 6 7 5 20 1 3 1 11 20 14 17 11 8 14 12 11 19 12 20 20 10 17 15 13 10 18 15 4 1
7 18 12 6 19 2 11 12 6 13 3 20 3 6 18 18 1 12 19 18 16 18 9 9 20 16 17 17 16 16 15 2 3 7 7 9 20 7 20 19 16 19 13 13 2 5 20 18 11 3 11 19 1 19 18 2 3 20 2 20 12 15 2 17 13 12 6 20 11 19 15 16 19 7 15 9 20 18 20 12 2 17 3 16 9 15 12 3 20 17 2 17 10 19 3 19 9 17 13 19 13 19 14 11 15 19 18 6 9 14 12 15 15 13 7 17 8 19 8 1 3 13 3 8 15 13 4 6 6 7 4 15 20 18 4 20 20 1 11 20 20 16 13 9 7 15 16 13 5 17 9 2 5 19 8 10 6 19 5 8 8 1 12 14 17 4 10 9 6 8 11 13 18 15 6 4 11 17 11 10 20 18 15 6 19 9 17 11 3 7 15 8 8 1 13 18 8 19 15 17 10 4 4 16 10 11 8 14 19 2 10 12 5 8 12 11 17 7 15 17 9 10 12 15 14 10 15 16 10 6 17 5 1 4 18 18 6 18 14 11 12 7 16 9 4 10 3 9 9 17 11 8 2 12 3 18 11 8 9 13 16 19 12 3 0 1 15 2 6 14 2 10 6 2 2 6 3 18 17 13 18 13 7 1 20 6 13 16 11 7 5 4 12 14 17 10 17 4 13 1 7 19 12 15 13 8 8 8 20 4 8 10 17 3 2 17 13 5 14 3 1 5 14 6 2 4 15 1 11 10 6 7 14 14 4 10 3 20 17 18 8 2 2 18 18 11 6 4 17 14 7 1 1 18 16 1 16 17 5 8 16 4 10 13 18 10 15 18 6 1 7 19 16 12 17 17 11 3 6 16 16 20 10 9 4 5 19 3 19 8 6 19 9 18 14 4 2 15 19 16 7 6 4 13 18 13 16 14 11 11 3 7 2 13 6 2 18 11 14 18 11 14 18 13 10 19 11 11 19 5 8 2 2 17 1 19 11 10 2 5 18 20 1 5 8 16 8 14 12 18 12 9 2 3 3 15 15 7 3 14 15 15 15 15 6 11 2 5 5 2 2 17 16 4 9 8 5 6 14 4 18 3 13 11 4 7 12 19 20 16 19 7 8 17 7 10 19 14 5 14
3 11 3 7 3 3 6 4 6 14 19 4 6 7 20 7 13 7 13 4 20 5 18 10 2 9 15 4 18 13 7 5 9 17 15 1 13 8 7 12 6 9 19 20 4 2 1 8 5 4 18 14 13 17 16 19 10 16 9 7 14 11 13 8 7 18 3 19 20 3 4 10 13 4 18 9 12 19 12 6 6 13 13 8 17 17 13 2 17 12 3 11 2 10 15 11 6 6 3 7 12 14 20 18 1 13 12 8 7 6 15 6 2 9 19 6 6 17 10 8 6 17 8 5 12 10 18 20 4 17 20 17 5 15 4 13 5 17 4 2 14 15 9 18 20 9 13 19 12 11 9 13 4 2 9 11 4 5 13 11 2 17 11 18 5 10 4 2 18 1 6 8 1 5 17 20 11 14 10 15 12 18 15 13 13 14 17 13 15 15 5 9 5 13 3 15 19 12 12 3 11 20 14 7 9 12 5 13 16 1 17 16 6 6 9 4 18 3 18 6 20 8 9 20 2 10 12 8 19 6 7 18 18 1 9 7 14 10 16 6 13 5 9 7 15 5 5 12 15 9 15 18 3 15 19 16 14 11 17 1 12 4 5 4 6 0 15 1 20 17 12 8 13 17 15 14 15 6 11 1 14 18 2 5 20 19 10 5 5 7 16 15 19 14 1 9 15 15 10 4 19 10 12 3 19 4 3 10 10 4 6 2 12 10 4 1 10 6 20 16 16 20 20 9 13 9 16 8 3 16 19 8 11 20 7 14 20 8 14 4 19 4 12 14 4 9 4 20 4 2 12 12 19 4 14 17 8 16 6 10 16 9 18 12 20 14 3 4 2 2 16 6 11 12 17 6 14 3 18 2 2 4 15 20 10 20 13 15 3 15 4 13 12 15 3 5 3 20 13 14 20 19 4 10 4 1 16 15 10 17 5 4 17 13 2 15 11 19 16 12 20 14 3 16 12 5 8 14 14 8 5 7 19 7 10 15 12 4 5 6 16 19 18 7 16 10 12 4 16 8 2 10 19 17 8 19 10 15 16 5 3 15 7 13 11 18 8 1 2 16 8 15 3 10 3 8 4 11 17 20 11 18 8 10 12 1 18 15 2 7 9 17 16 10 2 15 3 7 9 5
9 18 5 17 15 18 13 3 11 15 8 1 18 14 17 7 12 18 5 13 13 11 6 9 11 19 9 15 1 17 14 3 7 5 20 15 7 4 2 4 1 13 7 4 18 3 2 15 10 14 16 11 12 10 3 5 4 9 1 19 9 14 2 5 13 18 10 14 15 6 1 15 18 17 5 11 13 11 2 11 15 17 13 17 11 7 11 20 13 1 17 19 14 2 19 18 2 18 2 8 7 12 12 7 12 9 9 14 15 6 7 7 8 11 15 13 11 16 17 20 8 2 19 12 18 17 5 11 14 13 14 17 11 3 10 7 18 3 20 5 15 4 16 17 1 10 15 6 13 10 9 12 4 10 15 14 18 5 19 20 19 5 18 6 2 19 9 11 4 5 13 1 6 1 20 5 17 15 15 2 15 2 2 1 10 12 14 2 10 8 9 10 17 18 11 8 18 10 11 6 7 18 4 5 7 20 15 5 14 7 18 10 5 9 9 19 4 8 6 20 4 5 15 10 15 1 9 15 19 5 11 20 6 6 3 10 2 1 2 18 9 2 9 17 7 11 5 18 3 6 1 10 11 15 13 20 19 7 16 3 13 7 7 18 16 13 0 13 19 18 2 2 19 1 6 4 7 6 3 3 5 12 9 20 3 3 15 18 4 1 7 18 13 10 3 7 13 8 6 9 20 19 1 18 3 7 8 4 1 17 19 12 9 20 6 12 19 10 1 17 13 15 9 20 12 19 11 11 7 18 10 3 20 10 11 3 8 17 6 16 17 8 9 2 8 11 3 11 6 2 5 4 11 16 20 11 13 14 10 14 15 11 11 18 19 9 13 10 5 20 17 17 3 14 5 1 12 11 6 3 17 8 20 7 11 6 16 1 3 11 19 11 10 4 8 5 5 19 9 12 2 11 4 14 13 12 20 12 8 12 8 15 6 10 15 6 13 11 17 4 8 13 9 12 19 2 10 17 12 6 13 6 10 1 18 14 9 19 1 19 20 15 20 18 17 17 3 1 8 19 17 1 12 8 12 6 2 7 12 2 3 9 13 4 9 19 6 19 15 4 11 10 9 15 10 15 13 4 13 4 18 9 20 10 8 5 20 10 10 10 16 19 16 20 8 20 6 5 16 10
7 1 6 6 10 20 20 8 6 11 12 10 8 4 8 3 9 1 5 17 15 1 3 1 10 19 1 3 7 3 15 16 3 16 6 2 19 5 19 16 19 4 7 2 18 10 15 20 6 17 13 10 7 12 14 16 8 18 12 18 3 6 18 10 7 13 11 7 3 15 20 11 14 6 11 9 20 5 1 5 12 1 20 11 19 9 18 8 1 4 19 17 18 16 5 9 7 16 1 7 8 13 14 18 6 13 15 10 1 13 15 14 5 7 13 9 18 2 13 13 2 11 6 15 20 2 14 4 19 4 10 19 6 4 16 18 9 8 17 4 1 16 12 12 1 10 9 7 15 19 11 4 8 16 17 15 6 7 14 13 1 14 15 14 18 6 16 13 15 15 17 20 5 20 15 11 15 10 6 18 7 5 5 2 18 9 16 1 10 20 20 6 18 16 17 2 10 7 12 16 17 13 15 11 20 10 17 4 14 9 13 17 8 15 7 11 5 18 17 2 8 4 12 8 1 17 16 10 14 6 9 9 2 1 11 17 5 12 9 4 5 15 20 12 19 16 18 17 3 5 19 3 13 18 9 6 15 1 14 1 3 6 20 3 18 12 7 0 2 11 1 9 18 20 8 2 13 3 5 7 18 7 2 4 4 14 11 18 9 12 7 4 11 19 12 12 13 1 9 19 18 6 12 20 15 5 9 7 16 13 4 13 6 9 1 6 18 2 20 11 2 18 8 17 10 19 12 3 4 18 5 19 10 15 1 5 18 19 10 19 8 7 14 14 9 3 19 13 11 19 2 14 7 6 18 16 15 19 17 3 1 12 11 3 17 12 1 5 20 8 4 1 10 7 14 4 12 4 15 3 17 9 15 13 2 6 11 14 19 7 1 5 19 1 18 12 6 19 20 14 3 17 12 7 4 5 5 14 9 8 19 16 20 7 16 5 16 10 20 17 2 4 6 7 10 9 15 16 19 20 11 14 1 1 9 13 6 5 6 4 3 3 7 15 11 8 11 19 15 7 11 13 9 6 9 19 16 8 6 13 7 15 10 2 12 4 19 4 7 2 2 9 10 16 16 13 1 9 16 8 3 3 18 6 18 12 7 4 17 4 4 19 2 4 2 17 11 10 5 1
17 19 8 2 16 12 19 14 3 12 11 18 14 6 12 4 6 10 14 12 15 16 7 9 6 4 16 13 5 7 7 1 16 12 11 5 11 3 5 18 7 16 10 15 9 8 1 12 8 1 12 16 11 6 1 13 14 13 14 13 20 6 12 17 19 2 6 14 13 20 18 19 20 17 5 4 9 15 16 18 12 14 3 20 6 19 9 4 4 9 7 16 18 1 20 8 2 16 2 19 16 3 19 8 13 2 15 4 15 10 3 2 9 3 7 8 10 16 8 20 3 6 17 12 2 20 2 16 7 16 8 9 2 18 13 2 8 18 16 15 1 15 3 11 11 15 7 9 3 11 1 14 3 9 14 10 20 5 16 15 6 10 14 19 12 1 2 4 15 5 14 17 5 17 3 15 8 17 10 11 4 7 1 14 19 16 8 1 8 15 9 14 8 2 17 3 7 15 8 2 2 5 16 1 13 14 10 2 10 11 2 12 3 11 20 7 18 10 10 7 10 4 20 18 12 20 9 3 2 17 10 11 4 11 17 12 20 17 20 4 20 3 13 14 10 4 1 9 10 2 14 4 6 13 12 15 14 17 5 4 7 2 1 14 16 7 5 15 0 4 1 9 4 14 9 9 19 11 4 12 9 4 15 12 4 9 2 2 17 7 14 3 4 16 17 15 20 8 10 1 7 4 18 15 20 11 2 9 11 15 8 18 5 15 13 6 11 12 9 17 9 17 13 7 11 12 8 3 16 1 7 14 20 18 17 16 9 15 15 14 5 14 17 7 3 16 3 6 18 12 5 8 17 12 17 13 9 11 14 10 1 3 17 16 10 1 14 1 14 9 7 4 3 4 15 16 13 14 6 12 9 4 13 18 18 15 4 19 20 13 20 4 10 19 18 19 18 2 13 14 8 8 19 13 16 4 17 8 7 6 3 18 3 7 18 20 9 19 8 11 16 3 10 1 14 10 2 18 3 4 1 9 9 9 19 1 20 9 17 7 16 1 4 5 19 4 6 1 15 17 2 13 3 5 17 10 9 13 8 18 7 1 13 7 8 7 18 19 17 14 13 19 11 19 14 13 8 3 20 2 7 2 15 11 5 5 1 8 13 11 18 10 14 11 18 1 11 5 19 12
3 13 15 5 4 15 20 18 19 15 17 8 5 18 3 13 2 13 15 1 15 9 11 1 20 17 12 13 14 17 12 6 13 16 1 16 2 17 8 9 9 6 11 10 18 12 10 8 6 13 12 18 17 12 4 18 16 2 17 20 10 5 15 16 8 3 18 10 13 5 16 10 6 3 5 2 10 6 17 18 1 9 10 1 4 4 6 7 19 10 3 8 5 19 10 2 15 6 7 20 2 9 20 16 4 6 16 2 12 12 18 7 11 1 8 13 3 2 2 7 17 16 7 9 1 17 8 2 13 19 10 15 19 16 6 17 4 1 7 8 12 19 18 3 7 16 4 3 15 3 20 20 16 8 3 7 11 16 5 10 20 8 12 3 9 20 3 7 20 14 8 2 20 10 10 17 9 9 6 4 7 4 4 16 1 14 2 9 19 18 10 2 3 19 8 17 14 16 20 19 14 19 1 14 2 9 18 11 20 18 2 10 7 17 16 13 1 10 13 12 7 15 17 1 15 8 11 14 5 3 11 5 9 5 8 9 15 1 2 6 15 15 17 11 4 2 19 18 6 8 5 19 7 7 2 9 15 1 3 9 17 15 16 13 15 13 19 2 18 0 8 13 17 7 17 18 12 8 12 2 10 4 3 16 11 13 20 8 7 11 17 12 15 17 19 3 10 19 4 4 19 18 10 1 19 3 14 1 9 20 14 8 17 3 7 5 13 15 20 4 7 13 2 15 3 20 12 17 18 10 9 13 20 7 17 1 7 1 8 15 1 15 9 4 14 15 16 5 17 10 4 4 15 4 3 18 2 16 13 7 8 18 13 14 16 13 4 8 16 12 4 12 8 14 2 12 13 14 16 20 11 3 7 18 5 19 12 13 2 5 2 2 13 11 1 13 11 8 7 14 11 13 16 3 17 6 16 19 9 9 4 12 16 11 8 7 16 13 17 11 13 3 3 11 15 2 7 11 10 14 4 8 12 5 19 4 5 2 6 8 5 6 16 19 11 1 4 20 1 13 10 8 7 6 10 3 11 11 10 17 17 6 19 11 8 18 15 5 4 10 6 5 3 17 20 3 2 20 1 4 14 19 12 7 3 15 8 16 12 13 15 2 8 2 19 15 11 2 5 7
12 1 7 17 2 3 9 7 2 1 20 7 5 14 2 15 4 9 4 5 8 17 1 16 4 17 20 12 5 9 1 20 9 6 11 15 19 10 10 9 3 13 1 17 7 9 1 15 8 2 17 10 5 16 12 4 20 4 17 11 14 5 2 15 7 17 12 19 17 15 4 11 9 13 15 12 11 1 3 8 11 16 5 4 6 14 7 3 5 11 19 7 8 19 13 8 20 2 1 7 3 8 19 19 3 9 1 8 11 16 13 1 13 9 15 11 2 3 10 17 4 3 8 2 16 14 9 9 11 7 12 8 19 5 19 12 10 4 3 6 10 12 12 2 7 3 17 13 11 6 10 7 12 4 1 7 9 8 14 6 8 18 3 8 1 12 10 10 13 4 4 1 8 5 15 19 9 18 17 17 16 8 7 19 7 5 4 16 5 15 8 19 20 9 19 14 5 11 20 5 19 4 18 13 7 16 9 13 15 20 18 9 2 4 4 17 20 1 15 18 5 11 6 16 5 12 1 14 5 20 12 12 14 17 10 13 20 12 11 19 7 10 18 19 19 1 3 5 18 12 19 12 14 18 2 1 18 11 12 18 9 3 8 7 1 16 4 14 7 19 0 15 13 9 12 8 18 3 7 8 10 3 7 20 18 19 20 10 19 20 19 7 12 18 8 10 14 20 2 5 19 15 10 18 18 12 7 14 12 5 16 2 13 9 2 6 18 11 15 5 9 2 20 2 17 10 19 5 15 5 2 19 3 8 20 19 15 17 17 3 4 6 1 12 2 5 20 15 20 1 12 16 19 2 9 20 10 10 16 13 13 5 14 19 4 18 5 3 16 10 8 5 15 6 2 16 9 14 19 2 13 11 8 13 16 9 7 3 16 2 6 17 15 11 4 8 12 16 8 9 3 11 8 15 3 15 14 17 20 2 20 1 5 8 17 6 19 1 19 20 12 2 16 3 4 16 14 14 19 10 13 17 3 17 7 17 17 7 7 11 7 5 9 9 17 12 16 6 19 20 14 1 9 6 6 5 10 15 5 7 4 18 12 4 15 8 16 6 20 14 19 17 13 8 19 5 20 3 19 3 18 3 11 18 9 11 15 9 9 20 19 11 3 12 11 8 15 1 8 7
18 15 20 4 13 16 5 17 10 2 3 16 9 2 16 12 17 18 17 12 7 4 19 20 19 15 14 9 1 14 19 10 8 2 15 3 2 16 6 10 18 9 1 19 6 13 14 20 7 6 17 3 11 3 19 16 1 1 15 20 8 5 4 13 2 20 2 3 12 19 7 1 6 13 4 5 14 7 16 3 11 2 17 12 10 3 6 8 14 19 10 10 12 4 17 15 19 1 3 19 5 16 3 20 8 12 18 1 14 4 8 1 16 6 1 18 16 3 2 5 8 15 8 2 18 7 11 19 3 1 17 18 1 9 14 6 16 8 12 6 17 11 1 6 6 8 1 11 4 18 6 3 19 19 17 18 16 16 14 1 18 10 10 7 8 3 13 14 10 14 16 9 18 15 17 14 2 3 6 7 16 11 17 5 15 15 14 1 6 2 4 14 2 19 18 9 16 15 7 13 19 1 14 12 3 19 13 1 9 18 12 16 5 2 3 7 3 4 17 20 20 20 15 4 10 2 13 10 17 1 15 12 15 10 11 15 9 16 16 7 12 14 10 5 16 7 18 12 16 2 17 10 1 8 9 8 7 20 15 14 18 5 13 3 7 13 13 9 13 17 10 0 6 16 8 13 7 6 7 2 6 1 17 8 12 16 10 11 13 7 3 7 14 13 1 1 3 5 8 12 20 2 11 16 17 12 9 16 14 11 15 19 3 9 1 15 12 10 9 3 13 10 15 20 11 5 6 12 18 20 13 17 9 1 12 2 20 1 11 18 12 4 19 13 9 15 10 16 17 9 1 18 18 18 1 5 19 8 6 15 3 16 17 10 5 5 14 1 4 4 13 15 12 19 4 1 6 17 10 11 11 4 9 14 3 14 17 2 20 12 12 12 9 3 7 11 17 9 6 11 1 20 17 1 4 1 2 10 2 11 17 6 5 18 12 7 10 14 14 18 5 14 1 14 18 5 8 16 16 16 1 11 9 11 4 20 12 11 18 2 16 4 4 14 5 20 11 4 8 6 10 4 5 12 10 8 7 4 20 4 3 16 7 10 8 11 13 1 4 2 11 19 1 20 4 11 20 6 19 12 19 16 16 16 5 15 17 3 10 5 14 5 15 17 7 16 15 15 6 6
19 8 8 13 12 7 14 3 17 2 13 15 12 12 6 16 19 20 1 20 10 3 9 15 20 5 12 11 17 19 19 19 6 2 12 10 20 2 12 1 12 11 17 14 15 18 7 17 9 15 2 17 4 6 7 4 16 10 14 2 14 19 6 3 13 7 3 14 7 9 10 20 13 12 14 12 18 17 20 5 8 9 16 20 14 4 13 20 16 12 8 10 17 18 17 20 19 7 11 20 2 14 20 10 2 12 20 16 19 16 13 16 5 16 15 2 2 3 12 16 17 7 1 20 9 5 17 9 18 1 10 6 18 20 11 12 6 6 10 10 4 1 19 16 13 2 9 19 9 14 8 19 5 14 10 2 6 3 1 2 11 18 10 14 10 10 7 7 19 3 4 7 16 1 9 3 15 4 1 19 6 8 2 17 18 7 20 10 20 2 16 13 18 20 3 15 6 12 20 15 18 5 9 18 2 4 4 2 17 19 9 20 18 1 8 14 2 15 13 4 15 6 4 14 14 6 17 4 17 4 7 20 19 19 1 16 8 13 12 9 17 14 13 8 17 17 16 2 17 12 5 17 18 1 11 3 14 11 13 5 5 13 8 9 11 6 5 15 8 12 6 5 0 10 14 17 9 19 9 10 10 18 4 19 14 12 4 17 7 13 2 7 18 19 4 18 16 17 3 4 1 14 6 9 3 3 15 7 14 16 18 12 1 4 6 12 5 9 11 14 18 2 15 2 4 14 13 10 15 17 17 18 13 12 3 14 2 9 20 11 13 4 7 7 17 16 16 16 6 2 1 11 2 16 7 16 3 4 19 10 9 7 17 5 9 17 7 17 17 5 2 13 1 19 8 16 9 1 1 12 4 16 13 13 6 10 16 16 5 17 15 8 5 11 19 18 19 5 15 7 20 2 11 10 4 6 18 6 1 14 6 2 17 20 12 20 11 18 8 15 9 18 18 16 15 18 15 10 9 20 6 19 4 6 15 20 11 18 1 9 2 1 19 10 11 17 1 6 11 5 15 19 10 7 14 16 1 6 7 8 2 9 7 14 20 11 3 2 9 8 15 19 13 17 7 20 9 4 10 15 2 18 6 2 16 4 20 1 10 7 2 2 11 19 20 18 11 19 8 3
8 16 12 20 1 15 13 20 14 14 6 4 15 4 12 3 20 15 17 14 1 17 11 12 20 8 20 5 16 9 8 3 14 5 9 6 7 20 10 11 10 9 10 19 19 14 18 1 3 3 4 10 9 18 9 7 14 9 11 13 13 19 16 17 3 10 6 1 13 15 19 1 10 9 19 9 16 17 12 12 15 19 14 13 13 8 8 10 13 3 2 17 15 10 13 3 5 17 3 9 4 13 17 2 4 12 12 5 15 18 3 10 16 17 11 11 9 20 10 15 2 5 3 11 13 3 1 10 13 2 4 9 10 17 1 11 1 11 20 10 13 9 3 11 3 6 16 11 7 10 16 2 16 17 3 9 12 13 9 7 19 16 17 3 18 12 4 20 11 9 7 3 7 12 5 12 2 2 3 13 13 8 17 20 4 13 16 9 16 8 2 7 13 10 20 13 7 15 13 10 8 17 3 12 15 19 5 7 5 16 16 9 6 4 11 15 6 16 14 7 7 9 10 12 1 16 1 5 10 7 10 12 10 8 20 13 16 18 14 19 14 11 1 3 19 5 4 20 20 14 10 1 11 13 18 17 4 18 12 20 13 13 5 7 3 16 14 2 6 13 11 11 10 0 20 9 12 20 15 7 11 8 12 3 17 8 9 1 13 17 9 8 5 4 6 4 9 7 17 7 4 10 6 10 20 1 11 5 1 13 14 18 10 5 12 4 8 16 1 4 2 13 9 8 16 11 15 17 8 6 18 16 18 1 10 8 18 3 4 16 1 11 5 11 11 17 18 10 14 5 8 15 5 8 14 14 3 19 5 13 17 19 9 19 5 1 1 7 1 19 2 10 18 12 8 17 13 14 16 8 6 2 6 1 7 19 10 17 15 16 12 6 13 10 2 10 15 15 8 16 2 13 1 19 1 12 9 18 10 13 20 2 18 19 18 18 19 16 14 7 6 11 9 1 3 8 20 7 13 8 12 18 18 5 11 19 6 8 10 19 18 6 17 15 11 16 16 12 7 2 16 15 16 12 19 15 19 7 3 3 5 5 14 17 12 13 4 13 19 19 17 14 16 7 16 5 20 12 7 13 5 14 17 20 5 16 1 6 19 8 6 10 18 10 9 3 8 2 6 20
9 9 18 3 12 9 3 6 11 11 4 3 15 18 19 20 20 10 3 6 4 8 16 11 3 6 20 19 11 8 13 9 6 5 3 18 4 14 7 20 12 20 1 7 18 4 2 6 4 5 6 11 19 11 19 7 4 2 13 5 11 6 1 15 7 13 4 17 7 4 10 16 15 1 4 2 3 6 1 1 9 7 19 12 18 19 18 16 3 1 19 18 19 7 10 4 3 18 6 9 16 15 5 19 10 8 2 12 6 19 8 19 4 1 16 17 10 12 17 4 4 19 20 13 13 7 10 11 5 1 4 10 4 2 15 16 18 12 17 12 9 10 1 12 16 18 9 7 10 13 12 14 8 13 20 11 7 2 6 15 3 12 2 15 15 2 2 3 5 16 18 7 7 17 14 1 5 8 15 14 16 15 2 6 15 1 18 20 11 6 18 18 2 20 13 16 8 15 7 1 12 11 9 1 20 18 13 15 5 10 19 1 13 8 17 6 1 2 9 3 3 18 11 1 6 16 2 18 11 5 1 5 18 20 18 9 15 8 4 5 10 8 4 1 1 16 17 14 10 17 14 11 11 5 4 6 16 15 8 12 14 3 13 10 17 10 15 10 15 11 7 5 6 10 0 16 19 2 6 7 20 4 12 16 16 7 6 5 15 8 4 11 17 19 1 10 3 19 19 2 2 19 13 13 14 20 18 8 14 1 17 12 12 11 5 13 1 3 16 15 20 13 5 14 2 19 14 9 14 15 7 11 20 4 9 19 8 6 7 20 8 11 10 6 16 3 13 18 17 12 8 4 7 13 7 10 17 6 1 3 5 1 2 9 13 18 19 7 3 9 7 8 1 17 7 1 20 17 3 19 13 11 13 3 12 18 19 3 17 3 16 2 9 14 2 9 18 20 12 1 2 11 15 13 11 15 18 19 13 13 9 1 1 4 15 1 16 6 11 20 12 19 5 19 2 13 3 17 2 12 9 16 17 19 19 14 6 20 18 4 9 4 10 6 10 9 9 14 12 16 12 1 18 13 20 14 8 5 20 9 4 1 9 19 9 18 9 3 3 19 4 5 1 7 17 6 11 5 16 12 10 17 7 7 18 11 19 20 20 16 4 12 16 5 8 6 4 11 12 20
20 8 10 13 11 3 20 3 4 9 3 15 7 7 5 9 14 16 16 4 11 13 8 2 19 13 8 11 7 13 20 7 5 10 16 15 3 20 14 1 6 7 16 13 14 14 5 19 4 13 20 1 8 14 5 17 10 11 2 6 12 9 10 16 20 9 11 20 2 5 7 6 4 11 12 16 9 14 7 4 8 20 1 16 20 18 6 2 13 4 9 6 14 20 5 11 6 5 20 14 2 11 7 12 4 14 16 11 19 9 19 13 2 1 5 18 16 20 6 20 8 10 6 3 5 2 7 2 3 6 3 14 5 1 1 20 10 8 1 10 13 15 19 18 6 2 8 11 15 2 1 9 5 8 18 15 12 5 16 15 8 15 8 17 11 7 12 8 7 16 10 1 5 10 5 9 18 2 6 19 4 2 2 15 17 16 14 3 11 13 4 6 16 19 11 17 20 16 9 17 11 6 11 9 5 19 14 1 14 5 18 7 14 12 7 8 10 19 20 12 4 1 9 19 15 17 4 12 19 2 6 3 6 7 16 12 17 13 11 18 13 5 2 2 3 3 18 9 13 2 10 15 13 3 15 13 6 11 14 14 1 2 17 6 9 9 17 6 3 3 20 1 12 20 8 0 4 4 8 4 7 16 5 16 14 19 7 3 5 20 8 17 13 15 3 8 1 18 7 18 19 7 1 15 12 4 18 19 4 16 1 14 19 9 13 1 18 17 1 16 13 5 15 7 2 9 4 17 9 20 20 20 3 6 18 4 9 11 13 17 2 1 16 12 1 17 4 3 15 12 14 18 11 9 13 18 13 14 20 5 17 9 16 20 2 1 2 1 3 13 13 14 5 19 17 19 4 14 16 15 15 8 9 7 2 1 11 5 11 2 18 4 3 7 9 3 13 9 19 12 11 19 7 20 1 7 13 19 17 14 11 18 5 16 5 16 1 15 5 20 1 7 13 13 7 20 3 14 6 17 1 1 10 15 1 18 12 17 11 17 13 1 17 18 12 6 1 19 2 13 16 9 5 1 4 20 13 7 6 6 18 14 20 19 10 17 3 7 10 4 2 17 20 9 10 9 10 3 18 16 11 16 12 7 11 8 14 14 7 18 18 1 1 17 16 6 18 12 17 9
12 10 15 12 3 10 11 19 15 15 9 15 8 13 9 2 20 15 1 17 14 14 2 3 14 9 4 20 13 13 4 16 20 4 2 11 5 17 18 2 8 19 5 7 4 17 18 17 14 18 5 11 19 19 19 1 16 14 15 11 4 2 15 7 4 14 17 6 4 1 2 18 16 17 1 7 8 16 13 1 9 18 18 11 2 8 8 18 3 7 5 20 9 4 14 8 5 9 19 8 7 8 16 3 12 19 9 19 9 3 6 12 5 13 7 5 20 10 16 19 4 1 12 2 15 16 5 2 1 14 5 14 20 17 3 19 10 20 20 6 15 5 14 5 8 12 18 11 9 10 3 1 18 12 8 4 6 7 4 5 19 12 8 2 18 16 3 8 6 4 20 13 14 10 16 6 19 14 5 13 17 1 19 1 5 2 1 16 13 8 6 1 8 11 14 2 7 19 10 17 6 9 9 15 7 3 13 11 12 10 5 17 10 11 19 20 4 5 12 7 3 17 14 10 1 13 8 18 1 2 10 16 16 15 3 19 12 13 9 6 7 9 3 2 7 20 7 10 10 9 5 14 12 14 19 9 10 5 8 3 14 4 13 7 1 1 12 1 6 13 4 10 9 11 18 4 0 5 11 13 8 3 1 8 2 6 10 13 14 4 2 18 17 20 10 16 11 4 9 4 7 12 10 19 16 1 14 5 16 14 1 3 19 20 15 18 16 2 9 8 10 13 16 17 7 6 13 11 3 10 1 15 5 15 10 18 12 8 8 12 17 2 12 2 7 11 19 1 10 14 15 3 4 19 3 8 5 3 10 20 13 18 8 13 10 14 16 5 8 20 10 8 12 1 2 14 6 14 5 10 12 15 14 10 2 2 19 9 12 12 5 2 14 15 20 15 11 12 13 12 10 3 16 1 1 17 15 2 8 10 2 5 19 3 15 13 20 6 11 19 15 14 4 12 19 15 20 17 7 2 11 13 4 11 16 1 14 13 8 13 3 20 2 8 14 1 4 3 6 18 15 16 15 16 20 18 9 10 2 15 20 15 3 20 14 5 14 10 5 10 11 2 16 11 5 1 7 17 1 18 6 17 16 8 9 13 11 8 8 3 5 18 12 14 5 9 15 20 11 14
3 1 19 5 4 15 9 8 3 15 9 15 8 10 14 2 12 20 13 5 2 8 11 4 9 3 16 10 4 13 8 20 14 20 17 4 16 1 11 16 11 18 6 8 2 14 15 10 8 10 7 1 9 17 8 7 5 8 16 1 1 14 13 14 18 6 6 14 18 7 2 9 19 20 14 19 3 20 8 19 16 1 7 6 12 14 20 18 6 14 16 3 3 6 18 9 16 9 6 12 18 5 2 8 12 6 9 3 18 17 2 19 19 3 9 7 16 20 13 8 5 16 17 11 13 19 1 20 1 3 3 2 17 2 12 18 18 17 19 10 3 16 16 6 4 5 16 6 2 14 14 11 17 2 14 5 4 7 20 17 3 7 13 8 3 4 2 1 10 15 9 20 13 1 15 16 6 11 13 3 13 3 18 6 14 16 17 2 13 11 16 4 16 5 13 10 13 12 3 14 16 18 19 20 15 1 5 3 1 8 14 14 11 5 1 14 3 18 8 7 19 17 12 1 18 2 10 16 19 3 7 9 1 14 17 5 11 3 12 12 1 16 20 5 9 9 9 8 1 14 20 7 6 14 13 7 1 10 11 17 20 1 6 2 2 1 11 5 12 20 1 11 7 19 3 5 11 0 18 10 12 4 7 9 3 15 18 7 11 2 14 1 1 4 17 15 11 9 7 20 19 15 9 13 13 18 4 11 18 5 11 15 12 5 12 13 9 8 13 18 9 9 1 15 4 18 13 17 3 19 14 2 18 19 13 7 7 13 4 5 14 6 8 11 6 4 18 10 16 6 7 9 3 20 8 19 14 7 3 11 19 8 13 4 18 4 16 20 9 2 8 2 8 10 15 7 7 2 15 18 14 14 5 2 15 18 11 4 20 2 19 5 2 13 5 20 18 17 12 15 6 4 9 11 20 18 16 7 19 5 4 9 7 17 8 1 15 2 5 2 16 14 2 7 10 19 15 9 8 10 6 10 18 18 10 10 14 14 3 16 12 8 13 13 3 4 12 12 14 4 9 4 20 17 11 15 11 12 13 17 4 4 16 8 1 10 5 16 10 2 3 7 18 10 14 5 13 20 15 6 2 5 16 6 9 9 20 19 1 3 11 5 7 18 14 6 13 7 14 12
6 5 6 16 6 11 9 2 16 9 13 12 9 10 17 10 10 2 10 17 2 3 15 4 10 14 15 19 13 9 1 8 14 12 20 9 10 15 8 3 7 9 17 17 19 20 6 6 1 14 16 12 10 15 14 19 17 19 9 5 15 10 13 6 17 17 3 16 6 14 4 11 13 13 2 18 5 10 19 17 2 14 15 20 20 20 7 18 10 9 1 15 1 9 7 13 7 18 20 2 16 13 10 16 4 15 17 14 3 14 7 9 3 12 7 18 5 17 8 6 6 14 15 3 15 4 8 15 12 10 13 9 16 9 5 5 9 16 18 4 5 13 18 15 4 11 15 12 8 10 18 8 15 13 20 3 14 8 4 15 14 4 17 9 6 10 2 5 1 15 2 4 2 8 5 13 1 15 3 18 18 4 17 12 2 8 16 3 17 13 17 8 10 10 5 14 19 13 4 9 5 18 5 6 10 19 6 8 15 14 2 7 10 12 5 5 5 12 14 18 9 3 2 12 14 20 2 6 1 5 12 14 7 20 13 12 12 3 7 13 19 10 10 19 7 7 2 6 5 19 3 12 8 13 7 3 5 2 20 18 10 11 17 16 7 7 3 20 2 14 13 1 4 4 7 6 10 13 0 16 20 4 8 15 7 19 1 8 11 17 12 3 1 17 12 2 10 14 14 12 6 12 16 17 12 10 6 14 13 11 5 5 17 10 13 15 17 5 2 14 14 2 12 1 1 11 12 5 17 15 16 3 18 4 17 15 13 4 9 8 11 5 9 19 1 14 2 9 17 4 10 19 5 8 10 1 2 16 18 18 13 20 1 18 8 6 6 5 9 10 17 17 7 2 4 13 14 5 18 15 15 18 14 19 2 16 8 15 14 11 4 20 2 18 7 14 4 20 5 19 8 2 11 4 12 10 3 5 12 2 2 12 9 20 5 17 9 10 12 7 19 7 3 7 17 10 18 17 15 4 5 15 11 2 6 6 15 3 15 1 7 8 11 15 13 2 2 10 17 1 15 4 20 20 11 9 1 5 1 15 12 8 6 6 17 8 7 12 2 15 11 10 3 15 11 1 4 12 12 16 17 13 12 2 6 19 18 13 17 17 18 14 17 12 20 1 10 3 18 17
10 14 5 17 9 3 13 14 15 2 13 7 2 5 14 3 14 1 13 19 13 6 17 16 18 8 13 15 7 10 8 18 4 2 7 3 13 6 18 18 8 10 8 9 14 3 12 2 19 13 13 8 3 3 4 18 9 8 3 18 15 6 17 9 10 2 3 3 7 8 10 11 17 12 19 18 8 2 10 15 1 19 3 6 9 10 14 17 13 20 1 16 1 4 9 10 18 8 1 15 4 4 3 20 12 5 17 16 12 20 3 19 3 11 17 17 7 20 16 4 1 11 3 1 9 18 18 7 11 9 9 2 20 17 19 7 11 8 4 12 2 4 9 7 12 3 1 12 19 15 19 2 13 6 20 2 12 14 18 9 4 14 7 19 20 8 11 12 7 6 10 11 4 5 15 8 18 8 12 15 3 9 4 5 12 4 1 19 11 13 12 9 16 19 16 17 15 1 7 14 1 17 15 19 7 17 19 13 12 11 3 4 1 5 16 13 2 18 9 2 19 8 10 18 20 5 11 13 8 15 8 14 14 4 14 8 16 12 13 11 15 7 3 11 6 1 14 16 6 12 3 11 17 20 1 13 13 9 9 20 13 1 2 11 11 13 12 3 5 4 19 19 20 19 15 16 9 7 15 0 1 13 19 2 1 8 14 18 7 2 7 5 1 16 14 15 2 3 16 12 16 10 7 9 14 3 16 17 9 16 12 11 1 13 12 8 8 19 11 3 12 5 11 13 19 2 1 1 16 18 7 9 4 6 19 7 16 19 7 17 15 2 6 3 6 11 17 15 11 8 7 18 19 6 9 12 14 2 3 5 10 4 18 6 15 17 3 11 16 19 15 17 6 4 9 9 2 15 6 10 10 9 6 10 8 11 19 13 18 15 12 20 12 9 2 1 13 12 12 15 18 2 16 7 4 6 13 11 2 1 18 17 8 16 2 19 12 14 11 13 3 20 8 4 5 1 8 11 12 14 12 17 4 3 15 12 3 8 10 13 7 20 16 5 16 18 16 4 17 13 12 4 13 13 16 2 15 16 20 14 5 13 8 4 8 19 9 7 16 15 7 3 9 10 8 15 8 10 2 3 2 1 14 7 9 13 2 16 1 15 1 19 7 9 4 4 2 6 9 6
14 18 12 2 18 10 15 2 11 4 19 13 7 18 16 19 7 3 15 8 19 20 10 14 4 4 19 19 7 1 9 11 16 3 11 14 18 16 14 11 11 2 11 7 17 11 13 18 10 2 4 6 19 10 16 17 20 20 18 19 5 15 9 11 4 17 15 16 10 3 4 7 5 7 17 1 14 10 8 11 12 18 6 14 4 8 16 18 8 7 19 13 13 10 19 3 15 14 3 20 8 19 19 5 10 19 9 6 8 11 7 4 19 18 11 13 6 12 3 15 6 16 20 14 14 7 6 7 13 4 17 2 13 8 1 3 6 2 1 5 1 3 17 8 10 14 14 11 4 4 19 9 16 9 4 18 2 18 19 13 9 17 2 5 15 5 18 8 18 5 6 5 15 12 7 7 7 6 2 2 19 6 8 3 4 9 11 20 2 14 15 1 3 12 14 8 2 3 8 16 13 18 9 4 3 7 7 14 6 18 8 11 17 20 5 18 8 6 17 13 13 6 6 4 4 13 13 14 9 17 5 7 17 4 9 15 19 16 7 19 4 12 13 16 4 12 16 3 12 18 18 2 7 13 10 11 5 2 9 2 1 4 14 9 19 2 10 6 6 18 10 4 7 17 7 12 19 17 20 8 0 6 3 19 5 5 3 16 9 17 11 17 10 5 12 11 16 2 12 15 6 12 14 1 14 3 11 3 12 1 6 16 12 16 13 8 10 14 20 20 10 6 5 12 1 13 7 19 14 11 13 20 20 19 2 12 4 15 7 5 15 16 17 1 14 9 14 7 19 15 15 15 20 4 20 16 6 13 1 10 14 5 10 5 16 8 3 16 2 13 20 9 4 9 15 2 18 4 7 7 3 15 17 15 7 14 14 14 8 13 13 16 6 13 5 7 4 13 9 2 10 12 2 19 7 7 8 19 13 8 2 1 15 20 10 17 2 15 13 17 4 10 14 13 5 10 11 12 15 1 9 14 14 15 2 2 4 6 17 16 6 14 12 18 13 17 10 5 11 16 13 17 14 5 12 8 1 4 14 8 5 13 6 6 14 10 8 20 8 11 16 17 15 3 17 8 14 8 11 2 11 18 4 6 12 14 6 8 9 9 10 18 6 3 17 17 16 16 15 7
15 13 12 15 11 3 8 14 8 18 3 8 2 5 20 7 10 3 4 11 7 2 5 16 4 13 11 17 12 16 16 20 2 5 6 3 10 19 3 9 17 9 11 11 15 17 19 9 18 14 12 17 15 7 15 1 4 17 5 7 11 2 8 10 3 1 1 14 11 7 6 14 7 4 8 10 14 8 1 6 6 7 13 10 17 16 9 20 9 2 13 5 16 15 13 7 16 16 17 19 16 8 6 14 6 15 14 1 10 18 1 13 19 3 4 17 10 10 16 13 2 1 9 9 6 6 1 12 9 13 4 4 3 10 15 15 6 17 17 19 15 15 17 18 13 14 7 9 16 19 2 16 1 11 4 2 4 11 9 5 3 13 17 8 13 2 5 20 17 14 11 19 17 19 2 9 10 7 15 6 3 4 18 7 10 4 2 10 9 1 2 14 4 14 18 20 20 11 17 17 3 9 3 20 16 12 3 7 12 3 13 11 1 10 2 10 19 1 14 4 5 19 13 16 17 2 6 9 9 8 19 17 14 10 3 13 15 19 8 4 8 5 9 17 2 14 4 14 6 19 6 8 15 6 7 20 1 13 4 13 13 11 6 19 11 11 19 1 19 20 16 6 16 2 14 13 12 16 3 9 20 0 14 5 18 7 2 6 5 17 17 4 9 3 17 9 16 18 16 17 10 2 20 6 19 11 9 9 4 5 19 18 1 15 19 8 9 10 19 9 19 14 12 7 4 11 1 5 14 6 14 10 11 9 20 1 7 13 12 1 14 18 15 12 4 15 20 19 20 6 7 12 8 20 17 16 17 9 1 14 4 18 10 13 7 5 1 14 4 12 16 12 15 8 13 15 5 7 16 11 12 2 5 17 2 3 11 17 8 4 5 12 2 11 16 17 7 9 3 17 11 4 20 15 9 9 3 4 19 9 13 17 14 1 18 7 13 6 17 20 10 13 1 20 3 14 11 18 10 13 8 19 15 19 11 17 13 15 5 15 17 19 1 20 17 6 18 20 10 6 13 3 10 14 11 15 9 10 20 11 17 13 15 9 17 12 14 6 19 16 18 7 5 3 9 15 9 5 11 16 13 9 18 4 15 5 20 20 13 6 19 4 11 16 17 6 1 9 1 1
13 10 15 2 8 15 13 15 19 7 11 16 14 18 19 8 12 13 20 8 13 9 4 10 18 19 6 10 1 14 19 12 17 12 16 15 9 4 7 12 14 3 12 17 7 14 6 10 9 1 2 19 5 19 6 3 3 19 8 17 19 3 13 17 15 17 3 7 2 1 2 10 13 14 7 19 3 16 7 7 9 8 1 1 5 6 1 19 18 16 14 14 19 12 10 8 8 19 9 14 3 13 15 4 13 16 11 5 6 7 12 4 3 16 14 14 6 10 14 6 4 20 9 20 16 4 9 20 17 9 7 1 16 11 20 20 4 10 8 13 2 2 5 13 13 10 16 7 1 12 1 1 15 10 6 12 18 18 5 2 17 10 8 2 1 3 1 1 17 17 18 9 15 9 5 9 3 6 8 16 15 4 8 5 17 10 18 18 2 19 17 3 17 11 10 5 18 16 19 7 6 7 14 20 20 19 11 10 20 2 17 7 12 1 20 7 15 15 8 19 6 8 13 5 7 8 7 16 8 17 8 3 6 10 12 17 1 8 1 16 15 20 1 14 5 20 16 16 7 1 17 13 6 17 2 7 15 14 15 11 3 2 19 11 8 5 4 7 7 10 11 7 14 8 6 17 17 20 5 11 13 12 0 14 7 19 6 8 14 18 17 19 10 2 18 16 19 9 5 3 9 4 12 15 18 11 7 19 4 3 2 17 4 20 18 13 12 7 20 11 2 8 8 19 5 15 5 8 10 8 8 5 8 2 14 7 7 17 5 14 10 7 15 14 1 13 6 11 12 7 8 18 20 6 3 18 8 19 11 20 13 18 13 15 1 12 10 17 5 17 12 3 11 18 4 12 20 18 15 1 14 15 17 6 4 12 10 8 8 19 3 7 3 8 14 14 8 1 20 5 5 20 5 11 14 11 13 13 4 4 19 5 4 14 6 5 2 20 19 15 1 2 5 17 15 3 18 10 8 10 9 11 16 17 6 8 20 5 10 18 9 9 2 6 8 6 5 15 7 12 10 5 10 20 10 12 16 17 9 5 12 3 5 13 20 2 2 15 7 20 8 10 7 7 11 5 6 15 19 1 12 19 1 11 5 4 2 14 6 16 13 15 20 14 3 6 20 2 5 3
17 5 15 17 7 5 6 20 14 11 3 6 1 16 9 6 11 4 6 18 19 18 7 1 11 12 2 7 8 20 18 18 7 19 4 1 20 7 9 18 8 18 18 10 20 12 6 20 14 11 8 4 2 15 13 6 17 8 2 20 8 15 1 17 17 14 19 13 3 9 4 5 2 7 4 4 20 5 10 14 20 2 14 20 4 18 5 16 17 7 19 11 7 10 2 2 7 9 12 2 5 16 18 3 7 18 9 17 19 5 2 14 5 14 2 9 12 4 1 18 4 5 12 5 11 16 10 20 12 19 13 16 13 20 14 11 6 17 18 16 17 11 2 15 5 10 20 10 9 16 2 13 18 16 9 3 19 14 17 16 7 12 4 20 13 16 10 10 9 6 18 17 16 11 7 7 16 13 9 18 9 19 14 7 7 12 7 9 4 9 17 7 8 7 9 5 7 2 16 6 14 17 14 17 12 19 12 10 1 17 7 2 11 10 13 14 1 6 18 2 2 8 14 2 16 3 5 9 12 13 14 13 7 18 3 15 17 7 6 17 10 16 4 9 2 16 12 8 7 1 10 13 18 19 8 12 18 10 17 18 18 8 18 1 9 7 16 17 16 5 18 1 4 2 17 11 11 15 6 20 11 11 1 0 19 12 15 5 6 16 5 4 18 18 2 13 9 19 18 20 8 2 8 8 17 14 14 12 3 11 6 16 10 1 17 11 13 8 1 17 18 5 17 8 10 8 7 10 6 18 3 16 10 13 7 3 16 7 16 13 11 12 20 17 12 4 13 7 20 13 3 11 2 13 14 2 1 15 5 19 10 16 18 9 9 14 3 7 18 13 9 11 5 13 2 2 19 9 16 10 2 5 7 8 19 12 3 14 6 6 20 15 8 16 11 10 17 16 7 4 7 4 19 12 11 13 16 1 14 7 14 16 3 15 1 18 17 3 9 15 1 11 5 14 5 18 13 16 10 13 13 10 17 18 4 13 9 4 16 3 5 8 15 9 18 6 8 14 1 1 18 14 8 20 6 2 7 14 19 19 3 10 15 10 2 6 15 3 16 11 12 9 10 18 15 4 2 7 20 13 12 19 1 20 13 13 16 3 14 17 10 5 14 1 9 20 6 5 7 18
18 8 14 8 13 6 9 9 6 11 15 9 12 18 2 16 4 11 14 18 12 4 5 6 16 9 16 14 20 15 1 13 13 4 8 11 19 11 20 7 5 9 19 16 16 18 20 10 9 15 4 14 2 8 13 19 17 2 11 17 6 20 14 20 15 3 17 17 17 6 16 18 4 20 16 6 19 1 5 5 15 8 3 3 18 5 1 11 14 20 5 18 12 3 16 5 3 1 18 17 20 2 1 4 9 18 4 12 14 19 8 9 15 20 15 4 12 19 3 9 15 4 8 2 20 20 16 6 14 19 18 17 4 13 12 18 19 17 11 20 10 20 10 1 7 16 7 8 8 12 13 12 17 2 13 6 17 16 10 20 18 11 7 17 6 13 1 18 11 2 13 18 3 13 3 19 6 14 4 11 10 20 14 17 20 5 12 16 20 18 17 5 12 3 1 10 2 11 3 4 16 12 5 3 9 2 8 7 16 6 5 4 16 4 8 1 16 16 5 17 16 12 15 13 5 10 9 11 1 11 17 5 4 2 13 15 18 14 12 13 15 14 4 11 2 5 18 10 9 12 19 3 18 3 3 18 9 3 15 12 4 7 18 18 14 1 9 18 12 7 16 5 9 19 16 6 13 19 6 15 2 14 7 2 0 7 2 9 2 3 19 19 1 20 18 11 7 12 12 12 17 10 9 2 3 6 8 14 4 4 8 19 2 2 15 19 20 3 12 2 2 10 16 6 6 20 3 15 20 2 11 19 17 3 11 3 11 4 5 5 19 13 2 9 20 10 19 18 9 19 8 3 15 12 1 14 15 3 7 6 15 5 1 19 12 10 17 8 5 20 15 20 4 13 15 10 16 4 10 16 6 19 20 15 2 16 16 13 13 12 13 9 5 2 8 5 2 17 20 16 15 17 11 4 1 17 3 13 18 15 12 8 19 6 19 12 5 15 14 18 9 3 10 3 6 19 18 15 10 7 12 7 1 3 6 9 12 1 4 2 8 12 12 14 20 4 3 11 13 2 11 18 19 12 14 2 2 6 10 7 8 8 6 12 7 15 15 7 19 8 1 20 13 12 6 16 13 9 16 2 14 13 10 12 14 17 4 11 2 7 6 5 7 19 13 7 10 12 15 20
19 9 13 12 18 14 14 17 1 17 15 16 16 2 5 18 11 8 18 2 17 12 6 20 6 12 19 9 11 16 19 6 10 1 19 10 12 12 17 12 6 13 5 11 3 20 5 2 7 13 13 9 13 12 19 19 9 17 20 6 10 2 16 16 9 20 19 10 20 13 11 4 16 2 18 19 10 13 16 20 14 1 19 4 20 10 16 15 5 6 11 5 8 7 18 13 14 14 3 18 18 2 15 18 4 19 20 14 14 15 2 5 17 4 1 14 18 3 13 9 6 20 6 3 3 20 20 4 8 4 11 17 16 7 16 1 17 5 17 3 19 1 6 3 10 16 11 6 13 7 19 8 18 3 11 16 10 7 14 12 14 7 11 20 4 14 13 18 16 11 8 13 14 4 13 8 12 1 8 3 9 2 3 5 12 4 15 3 8 2 1 2 17 16 14 5 20 8 4 2 5 7 16 17 14 11 10 8 10 20 1 16 8 11 10 5 8 6 1 12 2 10 4 9 16 2 20 12 7 13 5 10 20 16 14 11 15 9 15 13 20 11 4 6 10 9 3 13 18 20 5 11 17 19 19 15 13 6 1 8 11 19 19 11 2 2 18 20 14 9 17 11 5 17 4 8 2 11 7 12 17 20 5 16 5 0 14 2 13 16 13 11 1 8 12 15 6 20 13 5 18 9 5 13 19 15 14 7 12 1 7 5 14 2 8 9 6 8 16 19 19 4 18 13 14 14 13 3 1 7 3 15 6 12 16 20 19 6 10 20 20 13 3 19 8 6 11 5 2 8 11 16 19 1 16 20 20 7 16 13 7 19 6 17 8 7 13 19 16 8 4 15 17 18 7 20 16 12 2 1 8 11 4 5 17 19 15 17 20 5 13 3 5 1 5 11 3 9 1 5 9 18 4 1 17 18 3 17 6 6 5 10 6 20 12 15 17 1 16 19 14 18 18 10 6 16 20 10 7 8 16 15 18 5 7 15 7 2 6 12 14 9 4 12 7 19 11 17 5 1 17 17 18 4 13 18 17 13 18 13 17 20 7 19 15 19 2 12 12 14 12 20 19 18 11 18 16 18 8 15 9 5 18 14 10 19 10 6 18 3 18 18 6 15 6 9 15 20 14 13
6 4 9 16 7 4 16 16 20 11 1 12 11 4 1 15 6 14 19 10 11 7 19 12 8 4 6 14 1 8 2 11 13 4 12 11 14 18 13 17 2 16 4 2 14 16 1 6 17 17 9 15 2 19 18 3 7 4 3 6 11 15 1 7 3 16 13 8 14 7 17 19 14 18 19 14 17 10 5 2 20 2 4 7 6 9 9 3 20 7 12 15 5 6 12 9 16 5 16 13 3 8 18 6 4 17 19 12 2 4 13 17 14 7 17 12 6 1 7 9 14 19 2 6 14 19 17 19 12 12 2 7 10 3 2 6 14 3 1 10 6 19 20 7 7 16 4 3 12 16 7 7 6 19 1 17 14 8 1 5 7 8 19 20 16 17 18 16 5 9 1 10 7 16 1 11 5 18 20 10 14 20 14 1 7 5 9 19 6 1 20 14 20 12 4 5 2 1 3 2 20 4 10 13 5 12 4 19 18 19 16 9 16 11 6 3 18 13 6 13 3 11 12 10 17 12 16 15 4 12 11 12 1 19 4 20 12 18 9 8 13 18 19 18 16 20 11 9 6 1 19 19 14 13 5 20 3 4 4 5 19 3 3 16 15 18 3 14 9 17 16 5 14 19 15 11 12 20 2 19 10 2 6 14 11 14 0 18 1 15 1 14 4 13 10 11 7 14 14 5 16 16 18 2 10 7 15 15 20 1 12 18 2 7 15 7 12 5 15 8 20 17 7 14 17 13 18 8 19 11 2 6 4 7 8 5 15 12 8 18 18 12 2 6 11 20 5 20 2 10 8 12 14 20 10 15 5 5 8 1 11 2 9 20 11 18 12 1 8 5 11 16 19 19 4 7 8 19 1 5 12 5 4 7 4 14 16 8 10 2 3 6 9 6 6 16 19 16 16 8 7 7 16 11 20 13 19 1 2 3 2 11 10 15 19 4 20 14 1 17 1 16 9 7 4 8 16 16 1 4 13 2 5 18 3 20 6 2 10 15 16 6 20 11 19 14 5 4 13 17 15 16 11 13 13 10 12 6 12 12 1 18 6 7 16 13 4 14 9 16 3 5 12 5 5 1 6 5 5 15 13 14 8 15 14 2 1 10 18 11 11 6 18 16 6 2 13 1 4 7
8 16 13 9 16 6 11 16 2 9 10 8 19 11 11 9 14 5 8 8 8 7 10 12 11 9 4 2 7 13 4 14 11 1 15 15 16 17 18 17 11 4 2 11 20 19 17 1 18 9 18 12 12 5 3 11 5 13 2 9 7 19 13 6 11 19 6 16 17 7 1 6 9 18 4 1 3 20 19 4 13 14 9 7 19 18 3 11 10 11 16 10 18 4 4 17 17 4 7 7 19 7 2 17 9 13 15 3 1 3 20 17 17 7 7 3 9 16 17 11 10 18 15 11 16 12 20 19 17 19 12 9 3 12 18 14 13 6 10 10 15 4 19 4 10 5 14 14 15 16 3 5 14 17 1 18 12 20 10 16 11 4 9 5 8 6 3 18 17 13 11 8 20 19 16 18 5 16 3 15 9 9 15 15 4 9 20 17 14 12 10 19 19 17 18 14 13 6 6 16 18 20 13 17 5 18 18 7 6 18 2 4 5 13 4 17 14 10 12 20 8 3 17 7 8 12 15 14 5 3 6 11 1 2 13 19 15 1 11 10 17 15 3 9 3 14 1 9 1 4 1 14 9 11 7 2 18 19 18 7 2 4 2 15 12 3 20 3 17 4 14 11 1 17 2 17 4 3 20 20 1 11 20 8 10 12 17 0 5 2 1 3 13 12 1 2 8 12 14 20 10 12 8 15 9 8 8 1 12 16 8 9 8 11 17 10 10 18 3 20 6 4 3 14 20 3 8 15 20 14 1 6 14 7 10 3 20 8 5 9 2 20 12 2 7 1 14 11 7 18 2 1 9 7 13 1 8 19 9 16 16 15 15 4 4 2 12 10 3 6 1 1 10 4 4 8 10 3 15 2 9 14 14 1 20 14 4 15 19 10 4 18 12 18 16 8 12 18 4 5 11 19 6 10 6 19 16 2 13 17 9 19 6 11 2 7 7 6 1 1 15 8 7 11 12 11 2 19 1 20 5 12 20 13 15 7 3 20 14 15 20 1 6 14 15 12 17 7 17 16 5 2 19 2 9 20 9 11 17 11 12 13 6 2 10 17 19 17 16 14 4 4 17 5 12 14 8 8 6 18 6 2 19 18 3 14 18 18 10 12 4 9 5 15 15 16 16 15 15 14
13 3 6 4 20 3 17 11 8 4 3 3 18 10 4 14 18 14 20 1 3 9 4 10 6 14 13 20 19 12 5 6 6 17 19 13 1 10 18 5 7 18 2 12 3 14 9 11 17 14 4 10 7 18 12 11 11 14 18 4 17 1 12 18 8 8 19 15 5 16 17 5 8 17 19 2 20 3 5 17 4 11 9 6 3 6 20 5 1 10 12 14 19 3 8 12 19 6 13 11 7 2 17 17 10 19 17 15 17 19 18 12 17 5 6 17 8 16 8 11 17 9 8 18 18 15 18 1 6 17 8 7 8 15 2 5 11 16 3 16 13 7 4 1 13 14 3 6 16 20 7 20 20 20 14 2 1 5 13 14 3 18 1 15 4 15 17 9 19 15 17 19 19 19 7 19 5 13 4 13 3 13 2 6 9 9 12 11 5 17 20 14 9 12 6 4 12 18 6 2 1 2 17 4 3 20 9 15 16 1 13 12 7 13 6 18 1 16 16 17 19 7 18 5 4 8 1 8 5 10 14 15 5 5 6 16 15 1 14 1 11 5 12 7 5 4 9 4 18 10 16 1 15 15 19 9 11 4 5 7 4 19 5 8 8 11 5 3 10 18 10 15 12 19 12 15 10 6 20 11 19 17 13 11 1 17 10 5 0 7 20 8 13 4 12 10 6 2 4 9 10 11 4 5 14 11 7 7 3 11 6 3 20 4 10 17 19 13 17 15 9 9 4 6 20 4 1 20 20 19 8 2 16 1 10 4 2 5 14 17 17 3 13 3 5 4 11 10 20 16 6 13 5 5 14 3 6 3 18 15 2 14 13 19 18 5 10 9 7 18 3 3 4 3 19 2 10 12 3 11 14 18 15 16 16 9 3 19 6 16 7 13 2 19 6 6 18 19 19 4 15 20 18 18 5 20 6 10 5 19 5 19 18 20 13 17 19 6 12 13 2 17 13 19 20 5 14 8 12 8 11 13 18 18 4 4 11 1 7 4 15 16 8 13 7 10 12 16 20 10 13 14 12 20 7 12 10 9 16 12 13 2 6 4 7 3 20 4 8 10 5 18 7 2 5 9 19 18 9 8 19 6 3 8 8 3 10 13 2 15 14 10 18 20 1 2 7 19 13 19
9 13 14 4 8 9 15 1 16 13 5 11 6 19 20 9 4 19 5 19 10 19 15 18 6 9 6 4 16 20 9 7 1 6 10 9 9 2 8 14 17 19 6 13 20 7 3 10 12 19 10 18 12 2 7 1 5 12 7 18 1 19 7 16 18 6 12 18 17 15 15 9 1 17 8 7 1 6 20 1 4 20 11 3 3 9 8 13 3 4 2 7 16 5 12 3 11 14 5 10 15 11 14 18 8 5 5 11 15 14 5 2 12 6 13 2 20 13 11 16 14 7 8 9 10 8 18 15 7 15 7 9 17 5 8 9 11 5 20 9 20 11 1 5 16 11 5 11 17 14 18 6 7 7 17 17 13 11 19 14 5 4 19 7 2 4 12 1 10 14 4 9 19 17 14 12 8 18 4 17 15 5 17 11 2 6 7 7 11 9 18 11 18 16 11 15 6 4 7 3 20 4 15 3 5 19 1 5 13 6 2 7 16 12 13 5 8 9 19 10 12 9 9 8 9 5 18 6 3 9 6 13 13 12 17 8 10 4 12 20 18 5 2 10 15 10 14 18 16 11 12 11 17 14 17 9 20 5 5 14 1 14 13 18 1 16 13 9 15 4 7 10 12 10 4 18 20 5 10 19 9 7 13 12 3 11 12 6 4 0 19 5 19 8 18 8 9 3 13 17 12 6 20 8 8 18 18 1 6 13 6 18 8 16 12 11 15 1 11 5 19 9 20 14 5 8 3 14 9 12 2 10 13 2 4 8 6 11 20 18 1 18 16 9 11 14 11 3 2 18 2 14 17 18 4 4 11 4 13 13 12 18 5 13 14 9 4 4 20 2 15 8 2 13 4 2 3 4 4 9 7 19 11 8 1 9 6 14 10 12 19 10 4 12 20 12 10 6 1 18 13 17 1 5 3 4 13 4 4 16 8 8 3 18 16 18 12 13 6 6 1 19 9 14 19 10 2 14 16 12 12 7 13 16 8 19 13 6 1 20 8 13 11 5 17 18 4 20 6 1 12 19 4 1 6 13 8 2 4 5 7 1 7 5 12 14 2 4 10 17 13 7 11 4 7 16 19 20 18 2 5 1 1 6 12 1 2 1 5 18 19 17 19 4 1 6 13 16 16 9
6 4 11 9 19 1 14 10 8 15 13 3 8 19 4 6 2 6 6 13 1 16 20 3 3 13 10 8 3 15 5 15 13 19 7 13 1 8 4 18 5 17 9 13 12 7 10 20 10 15 11 12 5 6 8 8 5 13 11 7 16 17 3 17 18 1 11 13 8 5 11 10 6 9 6 13 7 12 12 3 20 7 11 17 2 19 19 17 5 18 8 2 1 5 18 12 1 1 7 2 13 13 6 12 8 4 20 12 2 19 11 17 4 20 14 19 5 12 16 13 4 12 4 7 8 6 5 18 15 5 7 13 9 16 2 11 10 8 17 17 6 14 6 19 20 14 16 2 19 14 16 6 15 4 17 1 14 5 7 16 2 16 15 11 6 7 20 9 1 2 17 2 2 8 4 9 20 7 9 10 10 4 17 19 3 3 14 12 19 11 3 9 9 14 6 9 20 18 10 20 12 11 13 3 10 15 16 7 14 9 2 8 18 19 7 19 2 10 4 10 14 3 18 20 7 8 16 4 15 20 4 20 20 19 20 20 2 5 13 7 6 13 15 2 20 3 6 16 1 14 5 14 5 11 7 12 19 17 17 19 5 18 19 4 19 19 10 11 2 18 18 10 18 8 12 1 13 12 17 16 2 1 19 10 18 11 18 4 14 8 0 19 1 9 15 3 14 13 7 1 1 6 4 16 9 12 10 6 19 7 17 17 8 3 19 2 5 16 12 17 9 12 16 1 16 19 3 20 14 12 16 9 20 3 14 12 4 17 16 14 20 12 18 5 3 13 11 18 16 18 3 16 4 18 8 10 12 11 12 7 10 6 17 10 1 9 13 10 5 8 6 18 9 9 8 19 1 17 10 11 16 17 11 2 20 11 2 9 9 10 17 8 2 12 16 8 7 10 5 17 17 12 7 14 9 12 8 16 2 16 6 15 8 14 5 11 1 16 4 16 3 6 3 16 5 12 12 4 4 1 20 10 5 6 4 8 2 16 17 6 11 6 11 14 1 5 12 7 2 17 20 18 9 7 18 4 1 8 16 9 7 8 6 6 14 6 19 10 5 13 19 6 5 2 19 16 1 15 2 6 5 14 20 3 17 9 17 1 18 7 10 14 14 9 17 14 17 7 6 12
7 20 2 11 6 2 15 18 10 18 18 12 16 16 16 14 7 7 4 17 19 15 3 18 17 13 13 4 4 12 16 14 19 8 4 8 6 4 13 2 16 6 12 18 17 6 16 12 10 13 1 7 5 12 6 17 4 3 19 3 1 5 2 6 20 10 4 9 14 8 7 10 2 11 17 7 12 1 14 10 17 6 2 16 9 12 9 11 14 7 20 19 19 20 7 10 20 5 15 20 20 20 3 5 17 19 3 16 19 10 1 18 7 11 1 4 7 6 4 16 3 19 19 3 13 16 20 13 7 18 19 4 17 17 19 8 11 3 18 20 2 6 14 5 3 15 11 3 12 2 10 18 19 8 9 16 7 14 10 16 3 15 5 15 3 10 6 8 16 2 4 2 15 3 15 13 9 10 18 9 9 2 8 4 15 11 1 10 12 19 4 3 8 12 7 14 15 1 13 5 17 16 17 14 5 4 1 17 8 11 7 1 16 2 14 4 14 19 1 6 16 5 3 17 13 13 3 8 1 20 12 14 11 9 8 16 20 14 19 12 18 16 15 16 19 20 3 1 5 12 11 6 8 14 7 18 8 7 4 20 7 3 19 16 14 13 15 20 19 14 2 2 5 13 5 3 3 7 9 2 19 1 3 7 2 8 14 12 16 20 6 0 13 12 18 2 6 2 10 2 6 17 19 12 20 14 7 2 8 4 11 2 14 19 7 2 8 17 8 2 20 20 20 18 14 3 4 12 11 16 8 3 10 13 5 13 11 4 17 13 12 18 10 4 4 14 9 14 20 3 9 11 6 15 18 20 8 10 1 11 5 6 7 2 3 7 11 20 13 14 6 13 8 4 18 16 10 17 2 7 19 15 9 10 1 2 2 20 9 15 8 6 6 2 11 14 10 2 19 15 4 8 4 4 9 2 13 3 13 11 20 10 8 14 19 15 1 17 18 20 18 20 14 15 14 18 14 13 9 4 8 6 12 14 4 14 13 20 9 14 11 9 19 14 11 13 20 3 1 11 12 20 16 1 5 9 5 12 16 12 9 13 19 3 1 20 3 2 18 6 19 10 11 2 6 9 15 12 1 8 16 6 15 11 16 2 13 20 4 14 5 20 12 3 18 11 10 20 19 13
20 16 9 7 16 16 9 16 16 8 16 13 11 1 16 12 12 7 3 6 8 5 16 7 5 19 16 10 9 4 7 20 4 13 19 1 17 17 10 18 17 14 8 15 11 20 20 13 5 7 14 15 4 14 1 20 20 19 3 3 12 15 9 8 12 9 8 8 2 1 17 11 19 13 13 8 6 19 19 15 12 5 3 13 13 15 3 7 19 11 7 1 6 8 19 12 17 7 2 16 9 1 10 4 20 10 4 19 8 10 20 13 13 10 7 12 7 10 9 20 7 12 4 10 13 4 9 3 3 20 3 13 3 12 2 14 14 2 19 12 12 4 3 15 13 20 4 7 9 4 13 13 18 7 14 9 8 18 11 3 4 16 4 5 4 3 16 10 19 20 11 12 12 8 18 17 14 2 9 1 19 4 18 3 7 19 3 6 20 12 14 1 4 8 6 16 4 17 14 3 18 17 17 11 14 18 16 13 1 15 8 11 16 12 14 12 6 9 18 1 17 17 3 13 20 9 4 16 7 1 6 11 3 17 11 5 3 20 19 15 15 9 7 18 12 6 18 6 4 6 19 19 5 13 10 3 17 4 2 12 13 16 14 4 3 5 18 19 7 18 8 10 7 3 11 13 17 7 12 13 10 10 20 18 12 14 19 9 9 13 20 18 0 18 1 13 12 6 12 20 3 9 20 5 13 4 3 12 4 2 17 1 1 6 9 5 5 20 4 16 6 11 4 20 1 11 14 6 4 10 16 3 12 5 14 9 18 16 8 19 11 16 11 5 2 5 10 9 15 1 11 4 15 15 5 1 14 1 10 3 5 19 1 17 7 18 13 17 9 1 10 10 2 6 6 7 20 8 13 14 18 9 16 14 2 7 13 12 12 4 4 9 14 11 2 9 9 11 2 8 15 7 1 15 8 6 18 19 17 18 9 14 1 5 14 10 19 12 19 10 14 1 12 1 8 14 5 6 20 6 2 16 11 3 1 13 11 17 10 6 12 4 1 20 18 6 10 9 12 4 9 1 18 8 10 2 15 6 12 18 6 4 1 5 2 20 1 16 5 11 4 6 16 13 2 18 12 4 20 7 6 3 10 5 15 11 9 12 9 10 14 13 8 11 1 4 15 20 14 16
16 4 16 13 10 20 2 6 6 17 14 2 12 16 13 12 14 11 1 11 19 4 4 16 3 2 1 15 13 8 2 9 16 15 14 18 6 2 20 20 11 8 11 13 19 4 20 18 20 7 20 3 19 18 15 12 7 1 13 18 10 4 13 3 16 12 19 10 4 7 6 4 19 16 3 2 6 9 3 5 18 15 3 15 2 1 17 5 11 18 5 17 2 1 14 12 20 1 9 19 1 20 7 11 11 17 11 6 6 13 17 11 13 15 18 20 3 2 15 7 5 20 10 2 13 2 16 16 8 11 14 12 15 16 19 17 19 17 19 6 20 6 10 12 18 15 3 4 16 15 14 10 16 17 4 11 7 5 8 8 12 4 5 14 7 20 17 7 1 3 8 13 12 3 16 2 17 3 7 10 12 3 13 19 7 18 16 4 20 7 17 18 10 9 10 20 20 3 16 12 6 18 7 17 7 12 14 13 13 12 14 5 9 18 19 14 15 3 3 17 1 17 17 19 11 3 16 16 19 3 3 2 10 3 3 18 19 9 9 20 4 17 5 14 18 4 5 9 1 9 2 8 19 11 8 7 19 13 6 3 12 13 5 3 2 2 19 2 17 11 9 20 16 7 1 14 18 2 6 10 20 1 5 1 8 1 6 20 17 17 10 11 20 0 12 5 9 7 20 11 17 9 2 18 2 13 20 10 4 5 9 7 4 19 2 12 20 20 8 8 19 8 11 10 10 5 20 5 13 16 18 2 6 3 10 5 8 12 17 9 14 3 12 6 15 15 3 17 11 18 16 13 2 12 4 14 16 7 15 8 5 8 3 13 18 9 18 3 16 3 5 16 7 16 12 19 20 8 12 17 6 2 20 15 7 4 14 17 9 17 1 16 7 4 12 8 19 10 5 17 9 16 2 17 5 14 18 9 16 11 18 15 9 1 3 17 16 10 14 5 12 5 4 7 12 20 19 16 11 3 20 20 8 17 12 13 11 8 19 10 16 15 8 19 9 14 14 7 20 5 17 1 13 10 14 17 1 3 17 3 1 14 19 1 8 2 5 6 6 17 1 3 5 15 13 13 12 20 10 19 14 12 3 15 4 10 2 8 16 17 19 9 18 1 19 14 6 3 10 14
13 4 20 19 13 13 17 5 12 13 15 1 7 12 14 2 7 20 18 19 8 11 5 2 4 14 17 11 10 5 17 20 6 15 8 20 18 7 9 3 18 14 5 4 15 19 16 6 8 17 15 7 14 12 16 7 16 2 14 5 18 10 3 20 3 7 5 20 9 2 1 20 18 6 5 5 9 2 5 9 14 3 2 5 8 10 8 8 4 17 7 4 15 13 12 4 5 3 9 3 11 1 2 12 2 16 18 4 14 17 3 6 7 9 7 18 16 4 7 20 11 8 18 2 14 2 4 12 3 13 15 4 11 18 4 13 6 2 17 1 10 17 11 15 18 5 13 2 3 9 13 5 17 6 8 15 11 2 18 20 14 15 6 8 13 14 7 13 13 19 1 18 17 3 15 7 15 6 8 5 15 2 20 19 13 5 4 20 4 10 13 13 4 19 5 11 7 20 12 13 2 2 10 5 2 13 11 11 11 20 2 2 20 15 2 11 6 3 16 5 8 7 20 1 2 4 19 10 14 13 13 17 8 12 3 1 11 11 10 20 11 12 10 6 4 9 18 12 5 15 8 5 2 14 5 10 10 19 3 10 8 11 9 17 5 16 4 13 17 1 7 14 20 5 1 16 16 3 12 1 8 8 16 10 9 14 18 14 19 1 20 10 4 17 0 11 14 11 3 9 5 2 12 19 16 2 13 18 12 8 6 8 7 7 12 4 14 2 13 17 15 18 18 7 6 14 8 14 16 2 13 2 15 15 17 19 10 8 15 9 16 6 20 7 10 20 1 18 12 12 4 14 8 4 20 14 12 16 2 6 14 11 4 6 12 10 15 4 2 15 5 8 3 13 1 17 9 18 2 9 14 20 1 4 1 16 11 18 7 10 9 18 8 11 10 8 19 7 16 13 3 2 18 6 18 13 2 4 20 10 4 14 11 16 15 6 7 7 11 3 3 14 18 12 10 20 5 6 3 17 16 11 16 9 12 10 19 7 1 15 14 17 8 5 15 14 15 12 10 12 8 18 2 17 10 9 19 10 7 20 4 16 17 2 5 3 1 3 17 7 9 3 7 11 18 15 12 16 4 1 4 20 8 18 12 17 11 14 11 15 1 16 17 3 5 3 20 17 8 6
1 18 15 18 17 20 3 1 3 12 17 7 16 1 8 3 20 10 3 2 2 10 2 14 6 12 5 9 6 4 9 15 11 17 9 3 1 10 8 2 5 10 3 8 11 7 17 14 19 3 2 18 4 14 15 9 14 6 2 9 5 8 3 5 15 20 2 6 11 7 13 2 11 14 19 6 14 14 2 9 17 4 10 13 8 1 2 5 10 14 3 5 5 18 13 13 18 20 4 18 7 17 16 6 6 6 2 19 20 20 15 5 1 10 9 11 16 14 9 8 12 10 6 9 20 18 2 1 4 11 12 16 9 8 2 9 4 3 10 7 1 16 9 7 1 20 5 5 19 11 20 14 11 20 19 6 13 4 17 11 16 2 13 15 19 15 20 18 8 4 11 15 13 6 5 8 6 4 3 2 6 8 2 2 8 2 7 12 15 12 5 16 14 3 14 1 4 7 3 12 1 14 12 17 6 5 4 13 16 13 16 11 17 19 10 11 5 19 15 5 7 18 13 10 6 7 19 16 5 3 13 1 3 14 15 18 7 11 18 6 9 7 9 3 16 2 8 3 18 12 3 15 14 1 14 5 8 4 10 20 10 12 7 16 11 19 19 8 9 14 1 6 7 6 1 15 17 10 6 18 13 19 7 12 8 2 3 5 15 16 3 4 9 5 18 0 8 7 17 6 20 13 19 1 11 11 3 11 6 2 3 18 18 13 13 11 11 12 12 2 13 12 18 18 14 16 14 11 8 10 11 4 17 5 20 17 11 12 8 12 15 6 3 12 8 14 18 15 15 11 5 2 19 14 8 12 9 11 1 2 13 10 16 14 2 14 12 16 11 16 17 12 12 16 4 10 8 16 18 12 19 2 7 8 20 6 8 20 19 9 20 5 9 10 6 16 19 4 16 14 20 6 4 3 5 14 14 9 2 19 12 14 14 5 17 17 12 5 1 3 6 10 18 6 10 5 15 14 5 3 8 12 3 14 16 17 9 1 6 8 16 16 16 7 4 6 13 17 2 20 3 4 11 19 8 8 10 19 18 6 3 17 2 9 1 4 6 12 3 9 4 20 18 17 15 13 10 2 1 14 20 5 5 20 19 14 4 18 15 16 10 15 1 12 18 10 3 17 6 12
2 3 19 14 17 12 9 2 18 10 3 4 20 8 18 12 13 18 1 18 8 12 14 19 18 12 10 19 3 12 4 3 12 16 14 3 5 20 13 8 12 10 2 15 16 4 7 17 10 4 1 15 14 3 19 20 19 5 2 7 6 11 6 11 14 5 5 20 15 15 9 6 12 18 14 18 16 9 8 15 8 20 17 19 2 3 3 2 8 1 4 3 19 2 13 7 18 13 13 9 15 4 17 4 15 15 2 12 16 1 18 15 7 13 14 13 17 5 7 19 16 13 4 14 10 11 14 15 12 13 10 17 18 4 6 7 17 20 17 18 3 18 16 20 10 13 17 3 12 4 4 12 6 13 13 2 12 9 20 1 1 9 2 17 3 16 19 6 17 2 5 4 7 9 6 3 5 6 10 5 5 3 1 4 19 5 2 3 5 12 1 16 5 10 4 5 9 6 15 14 17 17 3 20 20 14 15 15 7 17 2 13 1 18 9 9 19 2 15 6 7 7 2 19 14 3 8 16 10 5 6 7 9 15 11 4 20 3 1 11 11 6 19 20 13 9 18 10 4 7 19 7 3 20 3 14 17 1 1 3 4 19 2 9 18 15 4 5 12 11 13 13 15 15 14 18 7 15 20 8 18 11 3 11 13 10 2 2 13 1 11 15 10 14 3 15 0 1 6 2 3 9 3 19 12 6 20 2 14 13 18 8 16 8 6 9 11 4 4 4 14 10 1 14 8 6 10 10 9 15 12 15 15 13 13 4 9 14 4 20 14 15 14 4 10 1 12 5 4 10 2 12 18 16 2 12 2 6 14 5 4 12 4 2 18 16 2 6 2 6 19 7 8 4 8 17 10 9 3 14 10 16 14 5 2 18 8 19 4 18 20 14 13 11 4 15 13 20 3 18 5 19 14 5 7 11 12 1 1 4 7 18 3 8 12 12 2 4 6 6 13 16 17 12 20 19 18 20 4 14 6 18 15 10 17 15 12 19 12 15 13 4 8 14 3 10 15 7 5 19 13 6 5 7 18 12 2 3 18 20 17 9 11 7 6 16 3 16 10 3 3 10 1 2 15 11 18 13 14 2 14 12 2 19 9 16 5 3 19 5 1 3 6 10 10 2 17 19 5 15
9 15 4 14 17 16 12 1 16 1 13 8 16 13 12 16 17 5 8 2 6 7 6 16 13 7 4 10 11 4 9 8 3 8 14 20 20 3 19 4 7 14 20 13 20 17 13 12 12 9 19 9 19 7 2 11 13 8 5 1 19 16 3 15 6 18 3 20 17 10 10 15 5 4 7 19 19 5 14 12 2 11 16 6 15 19 17 18 18 14 10 11 18 8 9 19 10 10 2 11 16 11 19 1 20 5 1 18 20 17 16 20 11 4 17 20 5 15 8 14 10 10 20 5 14 6 18 13 6 6 13 2 14 15 4 19 10 7 13 2 14 14 1 9 16 3 6 4 5 17 19 5 14 12 5 20 1 11 2 11 18 12 13 16 2 4 13 9 19 20 7 11 7 8 9 19 6 11 14 5 9 4 7 5 7 12 2 18 2 3 3 15 7 5 5 13 13 10 6 5 1 2 6 20 9 10 2 7 11 16 20 12 2 5 2 17 15 11 18 12 11 15 5 12 6 7 16 3 11 2 3 18 5 15 4 3 20 20 9 11 8 2 13 9 12 3 19 20 20 4 6 5 12 10 3 12 2 5 16 4 17 16 8 20 12 18 16 10 1 9 14 17 9 7 2 5 1 6 12 13 3 14 12 10 2 3 9 3 12 6 15 16 14 11 8 14 9 0 2 9 9 13 12 20 18 10 20 15 19 16 15 15 9 12 4 13 19 6 2 7 6 8 10 2 5 13 6 14 6 16 4 18 19 19 10 7 17 5 13 8 3 15 18 14 16 10 19 20 15 12 11 2 3 3 19 8 3 5 12 6 1 12 11 11 19 17 18 8 3 7 4 14 16 10 17 11 13 4 14 4 3 8 11 1 4 9 16 11 15 4 15 17 14 10 3 15 20 19 20 9 15 19 12 15 5 12 20 9 12 1 11 12 11 6 8 10 2 16 2 12 2 18 3 4 18 5 6 10 20 6 14 8 15 3 15 14 7 12 20 17 13 5 4 10 7 4 13 17 15 20 20 9 17 16 20 8 6 20 18 4 17 4 11 7 10 11 11 17 9 17 8 1 12 9 16 1 18 13 9 14 17 18 18 15 8 18 4 18 6 13 15 20 5 12 4 19 8 12 9 7
8 19 18 6 12 16 5 1 20 9 14 4 7 12 10 1 12 5 2 12 15 11 2 10 3 3 16 5 16 4 9 8 5 10 10 14 18 10 7 15 3 13 6 20 19 19 12 12 20 20 15 4 11 1 1 10 4 8 20 15 16 3 6 2 4 13 12 6 11 18 14 7 16 17 12 17 19 13 12 16 11 5 20 4 19 8 15 18 7 2 18 18 15 18 11 12 14 14 15 19 11 13 5 12 4 13 11 4 14 6 14 19 10 17 3 19 5 8 8 4 16 9 12 16 17 15 7 12 17 1 3 9 15 13 17 16 18 12 7 14 4 7 19 7 16 9 12 10 2 8 16 18 19 13 14 7 3 17 20 6 14 7 7 6 7 10 13 18 20 19 11 13 13 12 8 7 13 4 16 5 18 6 3 16 13 4 9 19 5 12 19 2 16 10 14 12 6 13 16 16 7 15 19 1 14 5 12 10 4 3 17 11 20 12 13 14 20 7 7 2 9 14 8 10 8 13 2 6 5 10 18 16 4 5 3 16 8 9 15 15 3 8 11 10 12 15 13 2 1 3 6 4 11 1 12 19 18 8 15 13 4 1 9 12 13 11 20 10 17 19 17 7 17 15 2 10 12 16 5 12 11 15 6 9 4 19 11 3 17 18 19 7 12 11 18 6 2 10 0 3 19 7 14 10 15 7 18 20 10 1 19 9 5 11 8 2 20 4 4 9 7 6 6 5 5 3 3 10 20 5 1 17 13 18 6 19 13 3 11 14 7 20 6 18 19 16 15 11 14 18 4 3 4 16 12 12 17 9 11 1 11 8 16 2 9 4 3 17 9 17 11 4 7 8 2 5 10 11 16 13 13 1 12 18 11 20 2 1 3 18 11 9 20 17 20 15 15 7 11 13 1 9 2 18 14 5 11 11 10 3 5 4 6 13 1 19 5 1 17 3 16 20 10 6 6 16 15 4 10 19 6 17 20 4 8 1 5 20 17 6 18 12 6 17 9 7 6 9 1 7 13 8 10 8 20 16 6 12 14 13 12 14 17 14 13 6 20 7 1 15 15 12 9 4 6 9 15 14 17 19 15 7 5 8 15 3 13 1 16 1 11 10 9 18 4 11 5 18 11 10
19 9 18 3 2 6 4 15 16 1 13 5 6 14 3 19 8 15 12 16 14 11 16 19 16 11 4 16 13 8 5 9 13 1 4 13 2 9 12 15 17 16 11 5 9 1 16 7 19 5 5 20 3 4 15 18 10 10 17 1 10 20 17 4 11 10 4 10 6 8 1 13 17 1 15 19 4 8 1 10 12 4 8 1 11 2 18 6 5 14 20 18 20 13 17 7 10 8 14 10 10 9 16 16 15 20 4 1 1 12 1 17 3 17 14 19 17 16 7 4 18 14 17 14 17 4 19 17 19 5 13 1 13 13 2 2 10 6 9 5 13 8 16 7 16 19 2 8 14 19 20 11 4 3 15 12 20 13 10 5 10 2 20 8 16 1 10 11 18 1 11 4 7 10 12 17 7 13 12 14 18 20 17 6 6 11 16 19 9 18 16 19 7 19 20 5 7 7 10 3 19 4 3 7 13 10 5 15 2 7 2 9 7 17 4 20 8 14 3 5 15 14 19 12 2 20 5 5 9 4 16 8 10 19 20 10 11 8 20 18 14 19 11 2 11 3 8 8 15 4 7 5 2 3 19 17 20 1 15 18 14 17 3 19 6 18 12 12 7 19 17 19 13 10 6 10 5 6 8 4 19 3 19 20 3 20 10 8 15 17 16 1 20 17 6 9 20 14 17 0 3 8 12 14 8 6 14 18 7 2 8 2 17 5 11 10 8 8 17 8 8 5 7 6 6 1 13 11 20 3 17 1 1 19 13 15 1 1 5 13 20 17 20 13 5 19 15 14 8 15 18 18 17 19 6 20 17 9 12 5 15 13 3 6 19 12 17 18 10 16 4 2 18 11 14 1 2 8 19 13 8 20 17 8 9 2 19 10 9 17 3 2 5 18 19 13 18 7 8 5 19 12 5 13 8 20 15 17 14 1 18 16 19 20 5 16 12 17 12 8 1 17 15 7 19 14 8 12 10 5 12 12 13 20 17 20 8 11 17 12 13 1 11 3 14 2 3 10 5 19 16 5 5 20 7 17 4 19 20 9 18 17 5 2 16 14 1 14 6 2 5 14 1 7 18 17 6 10 8 17 20 9 17 4 2 12 9 11 1 18 2 20 9 1 11 9 12 10 6 8
9 12 18 5 3 3 18 18 6 8 8 2 14 6 15 11 4 3 11 6 11 6 17 18 5 9 10 20 12 12 14 20 14 5 10 5 18 15 6 14 10 1 14 7 10 12 18 6 12 17 12 17 13 20 17 4 11 20 6 4 20 12 7 13 11 9 1 3 18 7 20 3 19 17 13 6 20 3 9 16 1 3 18 17 18 7 10 8 12 16 13 17 5 8 14 7 6 14 3 15 9 12 1 10 7 4 1 7 3 14 1 9 13 1 12 6 14 14 1 8 18 9 17 16 17 8 18 12 16 12 10 10 20 4 1 14 13 20 10 13 20 3 4 4 1 16 8 13 5 20 6 14 8 11 8 17 15 20 12 10 10 10 12 14 8 5 6 17 15 6 11 20 14 14 18 18 13 18 7 16 14 7 15 13 3 5 13 11 5 15 1 18 11 3 16 10 2 20 18 3 18 1 12 8 18 18 3 5 8 20 17 10 12 10 3 1 20 1 13 14 14 17 12 11 10 6 8 16 7 16 12 6 12 7 5 20 7 1 12 8 6 5 8 13 2 16 12 7 9 12 18 20 12 19 8 19 3 14 20 15 9 20 1 7 13 2 8 17 12 14 3 2 7 14 11 1 13 14 19 2 15 17 14 3 16 7 14 5 4 14 15 3 9 3 10 3 11 13 14 10 0 19 5 16 1 9 9 7 20 19 8 18 10 17 19 19 3 7 17 7 18 19 18 19 2 12 11 17 6 11 13 8 2 4 1 7 13 20 10 3 3 4 4 6 6 3 9 14 19 1 12 11 13 8 12 20 20 5 20 12 20 20 20 9 18 7 7 2 18 20 14 13 3 8 17 2 19 5 20 2 4 19 5 7 13 16 2 13 18 9 12 15 11 18 8 4 7 1 2 4 1 2 17 10 10 18 20 18 10 13 13 4 4 9 3 18 1 9 16 3 2 4 20 6 3 10 14 8 8 8 8 17 18 6 5 15 5 14 14 13 19 15 17 13 2 17 18 7 12 20 1 12 17 15 3 14 4 12 12 9 12 10 1 11 8 6 20 14 7 12 11 13 16 15 15 18 18 20 3 3 7 2 3 3 14 3 6 20 17 19 10 5 20 19 3 15 11 6 4 1
1 8 8 15 2 16 8 1 16 1 11 7 16 1 14 19 10 8 13 7 13 17 10 12 19 5 14 10 8 8 11 1 1 4 10 3 6 12 11 11 15 4 18 15 3 20 18 15 1 20 1 14 16 15 11 8 19 12 5 13 4 10 15 2 6 9 5 8 8 14 4 12 19 14 19 5 9 10 1 12 1 19 16 13 12 17 18 8 13 9 19 19 20 11 11 20 18 17 8 4 14 9 8 5 6 20 6 5 2 2 9 5 4 19 14 17 2 8 3 12 6 2 15 14 19 17 16 1 13 16 7 8 17 17 19 11 1 15 15 17 3 16 12 4 14 20 14 11 2 19 2 10 16 2 16 17 12 16 12 4 16 14 19 8 7 2 8 5 12 16 3 9 9 1 11 11 8 14 4 2 14 11 10 19 6 11 13 8 16 11 19 4 2 16 19 18 3 20 13 13 2 20 14 9 5 17 15 8 17 16 16 14 18 15 2 14 20 4 18 7 12 6 11 6 19 9 5 17 12 17 7 20 19 15 3 1 13 3 15 1 8 1 15 8 16 14 20 17 9 9 9 9 13 15 17 1 18 3 17 15 10 8 12 15 12 20 18 18 17 3 6 12 17 10 20 19 13 15 9 13 17 16 5 13 11 14 19 4 13 11 8 8 19 18 5 12 1 12 19 20 8 0 11 12 4 14 7 18 1 6 12 1 18 5 8 19 18 11 17 14 2 14 17 6 5 4 11 2 3 9 4 5 5 3 3 7 15 8 16 14 13 10 19 18 12 12 11 4 17 6 1 6 18 8 20 9 20 7 18 16 13 18 16 9 6 11 6 4 5 2 19 14 1 4 7 2 11 9 17 5 2 16 10 18 10 2 17 1 11 19 7 9 6 15 9 6 1 11 18 7 11 2 1 13 1 7 18 17 11 18 8 6 5 18 17 11 16 16 10 3 10 14 10 19 8 13 20 20 12 15 19 15 16 5 16 8 4 16 5 16 11 3 10 1 3 7 12 9 1 6 14 1 10 14 9 1 14 18 4 18 1 2 10 9 3 2 11 11 1 2 4 13 16 6 6 11 19 19 9 4 4 6 11 5 4 12 17 14 12 20 5 13 1 12 9 14 17 3 11 4
20 9 18 19 10 12 6 12 14 13 7 14 8 14 16 10 1 3 20 9 14 4 1 6 10 2 16 9 6 19 14 20 14 13 20 12 7 20 18 14 14 1 8 15 15 12 1 1 5 13 19 1 19 18 16 7 17 15 11 13 4 13 4 18 20 18 17 9 9 20 13 11 17 14 11 5 11 5 7 16 4 13 6 10 4 15 12 12 17 12 18 14 6 13 18 15 3 17 3 20 12 13 5 11 13 3 3 6 5 18 16 1 19 16 10 17 12 20 9 9 15 19 9 10 5 8 4 8 3 14 15 3 19 18 12 1 16 12 18 14 3 18 5 11 17 18 11 2 8 6 16 2 18 12 5 10 2 16 11 3 4 9 18 16 5 9 7 7 7 6 5 11 16 5 10 14 3 6 6 12 9 11 2 11 18 9 19 5 8 18 1 6 11 13 11 16 4 18 13 6 7 18 10 19 18 5 8 10 9 3 3 6 13 10 11 7 16 12 14 5 4 6 10 14 6 13 4 19 5 10 11 7 16 9 2 12 8 13 8 13 14 16 12 3 9 9 6 12 9 3 20 12 10 13 18 5 19 9 20 19 15 10 8 12 4 4 7 12 4 12 9 9 5 16 8 1 18 18 11 6 10 18 1 16 9 14 8 1 4 3 3 4 9 13 8 2 11 11 19 8 3 5 0 7 5 15 11 15 10 13 1 12 13 3 9 4 1 5 11 12 6 16 17 13 20 7 9 10 6 3 11 5 13 7 19 15 19 20 15 17 8 19 4 14 15 18 11 8 14 10 10 20 12 19 6 9 20 11 5 20 16 4 19 13 1 12 3 4 12 2 10 9 15 4 17 10 3 5 7 2 14 19 4 1 8 1 6 8 9 3 14 19 3 8 20 13 2 6 16 9 12 18 4 8 7 8 17 12 2 16 10 4 7 8 7 10 1 8 19 15 14 7 17 11 5 11 3 17 1 13 7 11 14 20 15 15 6 7 11 8 19 15 4 1 2 20 20 3 8 6 10 9 8 5 13 6 1 5 3 13 8 11 20 14 5 18 1 1 9 3 10 6 10 8 3 11 10 17 4 15 20 11 6 12 10 15 15 18 17 14 20 10 17 15 20 17 17 8 10 15
14 5 14 18 5 2 8 1 9 12 12 7 7 18 17 7 11 15 16 6 11 3 20 8 14 16 16 16 4 14 10 19 2 16 17 10 8 19 19 11 8 19 18 17 17 19 17 3 11 11 8 16 15 1 2 12 1 1 16 17 16 20 7 4 13 8 17 8 15 16 13 11 19 19 12 6 17 19 12 4 7 19 1 19 15 7 16 3 5 11 12 15 1 2 14 14 13 5 14 10 15 5 20 20 14 9 18 1 1 14 19 10 1 3 9 4 8 4 5 3 8 9 2 7 1 9 17 3 2 10 9 6 18 19 2 9 3 1 1 8 12 14 19 17 20 18 15 5 14 2 20 14 4 3 14 3 7 11 13 2 5 4 9 12 10 7 6 17 17 20 18 10 6 6 2 5 10 11 6 17 14 18 17 15 9 16 13 8 4 2 13 3 9 20 3 5 19 20 4 5 9 9 5 8 16 12 17 5 3 16 19 1 13 13 6 12 19 17 15 16 8 9 11 2 6 4 1 7 5 14 6 19 9 16 2 14 5 10 11 18 10 5 16 18 13 9 1 1 15 12 14 13 4 9 9 12 19 7 12 20 2 13 12 6 2 14 8 15 5 1 5 10 1 9 15 12 8 4 16 4 9 7 12 16 13 20 9 13 18 5 19 17 14 18 18 10 18 3 1 18 12 1 9 0 15 4 18 11 5 17 5 9 17 10 14 12 10 15 9 2 2 9 10 1 6 13 17 19 5 13 10 8 20 3 16 9 16 9 12 15 17 20 12 9 6 8 13 12 14 1 19 6 8 13 8 13 1 8 13 13 3 5 3 20 16 18 1 15 14 1 14 7 20 20 19 3 12 13 11 3 10 1 14 20 12 3 8 19 18 19 18 4 19 16 10 15 9 4 12 7 12 3 2 11 8 1 14 1 14 5 17 13 2 12 5 5 6 17 16 9 20 15 3 3 19 6 18 4 1 20 14 18 2 11 9 9 16 8 1 19 16 1 3 13 4 1 6 8 6 4 3 5 16 10 8 11 17 14 20 12 16 20 3 2 5 7 13 3 11 14 10 8 16 8 3 9 20 1 6 15 5 11 5 15 6 20 10 20 12 10 8 1 15 17 17 6 10 18 18 3
4 6 2 6 12 17 3 16 2 13 9 1 10 10 15 4 11 19 12 6 5 2 20 15 7 16 9 1 4 11 13 18 2 4 17 2 4 12 5 19 2 6 11 13 13 18 13 10 12 3 13 3 19 7 19 6 17 4 12 16 19 7 7 11 6 6 5 11 18 13 8 13 3 10 20 8 2 9 8 6 2 17 8 7 15 6 11 1 14 8 14 2 11 1 4 5 19 15 9 4 5 12 15 11 8 17 2 20 8 20 6 7 18 1 5 7 10 5 17 16 2 14 14 17 5 1 15 10 8 15 7 17 7 17 10 20 5 14 3 12 9 17 7 9 14 13 18 8 14 2 7 7 14 9 13 1 6 20 1 18 20 4 17 4 20 16 19 15 8 15 3 8 6 7 20 20 17 11 7 14 14 4 11 2 1 15 14 15 9 14 15 15 6 6 7 14 19 4 11 4 11 13 11 11 14 4 2 13 3 3 4 11 7 7 2 2 12 17 12 12 4 2 7 12 15 7 11 15 11 19 8 2 13 20 15 6 6 12 16 15 3 4 20 13 4 6 18 17 14 9 13 13 15 7 19 7 20 17 1 13 19 16 7 14 2 5 16 11 18 20 2 17 15 12 2 12 20 4 8 17 17 15 4 4 16 19 14 18 15 1 19 13 12 16 3 12 18 1 14 6 2 10 8 8 0 12 11 16 16 7 1 9 14 1 14 1 19 11 5 8 18 15 1 1 16 5 7 14 2 11 19 6 2 8 8 15 16 7 4 9 3 1 18 8 7 17 10 6 14 14 3 16 15 1 15 11 19 8 6 16 11 15 20 9 7 12 12 9 12 20 16 14 19 11 10 13 16 3 17 7 14 17 20 17 9 6 15 16 3 2 2 2 3 3 16 18 5 2 15 5 7 1 7 18 12 13 19 19 7 15 7 16 8 13 11 1 8 1 18 9 14 3 18 2 13 10 10 4 18 7 6 2 8 5 7 16 13 1 11 16 3 17 8 16 14 19 6 11 14 1 7 6 15 16 16 14 17 17 18 20 14 17 18 13 2 20 19 4 4 18 17 14 16 13 9 7 10 14 5 14 15 3 1 18 2 1 2 18 1 3 7 11 18 7 1 7 16 13 3 6
16 5 7 8 4 6 13 12 12 7 2 7 13 9 4 11 16 13 4 14 2 2 16 10 13 13 14 15 8 2 12 4 2 13 1 11 13 11 18 4 7 1 10 11 10 10 19 10 18 19 6 20 12 15 18 15 7 6 19 19 1 14 18 9 8 16 6 17 10 19 17 1 20 12 20 15 8 10 11 2 20 15 6 14 14 16 16 14 18 11 12 17 2 10 15 6 11 3 10 1 8 15 19 18 13 20 12 11 1 18 5 6 14 19 19 2 15 13 17 7 1 2 12 11 6 1 20 20 10 14 9 2 17 19 18 2 18 15 8 7 4 1 15 14 12 9 4 7 14 4 19 4 3 19 20 2 4 4 9 17 13 12 19 5 11 2 14 5 2 4 1 10 9 3 5 12 13 9 17 5 12 9 17 8 10 16 7 15 12 9 12 13 4 13 12 19 14 19 18 6 10 11 18 14 8 4 18 10 7 10 3 9 5 4 16 13 6 10 10 3 16 17 16 11 4 20 19 17 4 11 16 20 18 20 3 3 14 7 18 5 10 18 3 1 14 4 8 13 1 8 8 9 5 16 10 1 3 1 7 2 1 11 12 20 7 8 18 7 6 8 18 16 11 9 10 14 17 11 12 19 5 11 2 13 5 6 17 11 18 15 5 12 18 11 3 1 15 17 2 19 17 3 18 4 11 0 15 17 7 15 13 10 5 15 13 5 12 8 12 19 10 14 4 10 10 19 2 2 13 8 7 15 13 4 9 5 10 4 18 11 15 5 7 11 11 1 7 11 10 5 10 4 3 2 17 3 2 5 12 8 17 19 4 17 1 18 5 2 10 4 20 1 7 16 5 20 1 13 5 13 8 5 17 3 17 7 14 1 1 19 9 9 9 3 9 17 8 18 18 7 1 8 10 5 2 6 3 9 10 16 15 6 1 18 18 13 15 3 12 16 18 16 6 10 4 19 6 16 9 4 3 6 19 2 5 7 15 2 13 7 12 8 14 16 1 17 14 20 14 1 3 11 5 9 8 12 11 13 4 1 20 6 10 2 10 8 19 12 11 10 10 13 11 17 5 14 20 13 12 16 16 1 1 6 13 6 14 8 18 16 10 7 18 10 4 9 8 6 16 3
20 13 14 4 19 18 1 7 2 18 7 8 12 3 18 5 17 2 6 6 8 13 7 8 15 2 11 15 10 2 20 19 17 9 8 7 12 20 11 5 10 10 1 15 12 5 4 4 8 3 8 2 19 16 15 3 1 1 11 13 10 12 15 8 5 10 10 13 7 17 10 10 20 20 10 14 7 1 12 1 6 2 11 1 8 14 9 6 20 10 12 5 15 12 8 11 5 7 9 18 1 10 4 5 6 17 10 14 3 8 15 6 4 19 7 1 6 2 16 3 10 2 2 13 13 11 8 8 18 16 19 16 20 20 10 14 16 9 9 15 16 17 18 2 14 11 15 2 3 10 17 10 1 8 2 17 19 14 15 5 2 8 16 9 4 4 9 4 13 10 3 12 9 16 2 5 17 20 11 9 6 9 3 16 2 6 14 20 12 19 19 7 9 9 18 18 18 7 2 3 10 2 18 8 13 18 18 4 11 19 6 13 8 6 16 20 15 9 15 3 17 2 11 2 17 11 18 2 4 19 14 12 20 17 15 7 19 17 6 11 2 2 7 15 3 15 17 11 5 4 15 13 13 19 15 9 9 5 9 10 12 10 14 1 6 16 9 17 13 17 17 4 9 14 4 13 20 8 7 15 5 8 17 19 19 4 8 15 11 16 5 18 5 6 18 13 18 8 14 6 5 16 12 11 8 12 0 5 2 13 5 19 7 18 16 15 7 19 4 13 2 8 14 5 9 7 20 2 16 20 7 19 16 13 19 6 8 1 10 8 17 16 14 17 5 4 2 4 7 13 16 11 2 10 2 8 5 8 6 3 1 3 14 17 18 10 16 5 11 6 2 15 5 19 10 7 8 3 10 9 12 3 12 4 9 3 19 7 4 16 1 10 5 5 12 3 15 13 13 18 14 15 13 16 9 12 13 14 7 14 12 16 15 2 15 18 1 9 2 19 1 14 13 17 17 20 1 4 6 17 13 3 11 16 20 15 2 10 10 19 17 4 5 10 7 14 19 6 3 1 12 20 9 3 14 11 1 11 8 7 12 7 12 10 7 3 9 6 4 1 12 14 9 14 20 6 6 2 19 2 3 2 4 11 15 1 20 20 5 10 19 10 15 9 9 17 7 3 5 13
7 13 12 1 13 15 1 12 5 11 11 17 12 2 11 4 19 8 13 5 7 20 12 1 3 17 6 7 4 8 9 11 11 9 19 4 13 11 9 1 15 8 2 9 17 3 10 15 18 16 1 17 12 19 13 6 15 3 10 12 15 18 11 17 9 3 13 1 19 2 2 1 17 14 7 19 10 7 11 9 4 18 6 12 3 14 13 13 13 13 18 8 18 2 1 18 15 16 1 12 3 13 18 1 5 4 11 18 17 12 9 11 2 16 3 12 15 5 17 14 7 10 5 13 10 15 13 5 9 3 19 8 19 9 14 16 18 12 15 1 17 19 14 18 14 19 12 8 17 16 19 5 12 4 7 13 16 1 17 1 6 12 13 6 17 18 6 7 4 15 18 18 3 19 17 20 1 10 2 12 20 1 5 5 10 2 11 4 13 20 13 7 18 10 20 14 3 10 9 17 5 5 2 19 12 18 18 11 5 19 12 15 10 13 20 12 18 9 14 1 17 9 15 4 11 13 3 7 10 8 2 18 1 1 19 7 11 14 10 10 9 13 10 7 12 17 7 17 8 8 11 11 10 11 8 11 6 18 1 13 1 15 10 11 9 1 17 7 16 2 19 10 5 6 8 1 5 14 18 9 15 7 9 13 19 18 14 12 5 1 16 16 8 14 19 5 11 6 19 15 17 12 5 6 6 13 17 0 14 13 5 17 9 18 1 3 7 10 9 15 3 17 19 11 6 12 15 19 2 2 15 16 9 4 13 20 2 14 15 20 9 14 14 15 11 4 13 4 18 3 14 10 6 4 10 6 15 8 15 15 3 14 11 5 9 20 12 9 8 14 6 11 16 20 4 13 20 15 14 12 15 2 4 3 20 18 17 4 20 12 9 1 19 18 13 16 17 19 6 5 2 12 12 19 4 15 2 5 15 20 1 12 4 15 20 14 11 18 9 14 11 7 14 13 8 17 13 17 1 1 15 9 10 9 18 10 18 13 3 1 9 2 8 20 4 17 13 5 10 5 16 18 1 2 8 9 20 9 2 13 12 17 17 3 9 8 2 5 15 5 15 16 9 14 9 18 19 20 5 10 16 6 11 10 9 1 15 3 20 11 19 5 15 8 6 7 10 2 8 12
2 16 5 15 1 18 9 3 14 20 7 15 1 5 16 9 12 11 1 19 3 7 6 18 14 16 19 5 9 15 17 4 16 17 15 8 3 13 8 2 17 7 12 17 7 1 5 20 10 1 20 1 1 5 4 2 15 1 13 8 19 4 19 16 3 3 8 5 13 6 15 7 15 4 8 20 19 13 5 10 12 4 9 2 3 7 6 19 5 2 17 9 16 20 6 9 15 19 4 16 6 10 20 1 7 10 9 1 15 13 20 2 19 16 14 11 3 20 20 7 8 8 8 1 19 6 1 19 8 20 20 9 14 14 16 12 15 11 12 15 11 15 7 10 17 15 18 13 3 4 16 15 1 19 17 19 20 1 11 11 16 8 2 1 10 2 8 11 10 1 9 18 5 15 1 17 15 7 15 4 12 8 17 20 1 13 2 13 7 3 12 2 10 13 10 20 14 7 6 19 9 4 5 5 9 18 2 20 5 3 7 17 9 16 4 17 10 1 1 7 15 6 7 16 18 9 5 15 12 7 20 3 12 7 14 1 19 19 18 14 17 18 5 4 18 9 6 1 18 9 7 9 4 19 2 5 10 10 9 19 13 15 12 20 14 10 6 7 6 13 18 14 14 14 2 5 5 2 4 19 11 3 6 16 13 11 10 6 6 6 2 15 4 4 15 17 14 14 20 7 16 13 8 10 12 19 4 3 0 5 20 7 16 12 16 3 12 14 17 5 15 11 12 1 4 1 19 3 3 12 20 15 4 6 18 6 16 17 15 20 7 1 10 12 14 20 20 6 18 16 8 2 6 20 18 19 17 7 8 6 2 12 19 11 15 18 7 17 17 17 6 11 2 4 8 12 4 9 14 16 11 15 9 19 8 15 3 19 5 4 14 11 11 13 11 5 10 3 4 17 12 13 2 9 16 10 11 8 4 2 15 19 7 2 12 13 13 2 19 8 10 5 2 5 16 12 16 7 9 6 13 18 19 18 15 8 10 2 18 20 20 9 17 18 6 18 18 8 10 8 3 13 9 17 15 3 9 6 5 16 11 20 16 11 9 4 3 4 5 10 3 18 11 11 3 17 12 15 18 8 15 5 11 16 2 13 6 18 11 12 1 20 8 12 4 7 1 11 11 15
20 12 13 8 17 14 10 4 11 20 14 18 10 15 18 10 9 2 8 5 2 6 2 12 5 16 12 10 13 2 13 11 7 20 16 7 3 6 9 4 16 9 17 10 5 19 7 4 3 17 8 13 7 10 5 14 2 17 16 5 4 8 2 1 4 1 11 12 9 11 11 13 19 4 17 9 10 17 7 4 9 17 6 20 9 3 8 13 20 4 17 7 5 2 3 20 16 1 1 12 10 12 19 20 3 13 16 5 4 8 16 20 1 2 7 14 14 14 19 20 6 17 18 6 1 8 17 8 6 16 11 8 1 9 20 17 19 19 11 15 14 12 18 3 13 6 17 11 18 2 7 15 3 4 11 12 17 9 4 13 18 8 16 10 6 16 13 6 8 6 10 15 6 3 11 16 20 3 20 14 7 10 16 4 20 19 19 4 10 16 13 13 1 10 15 20 2 2 20 9 6 19 7 1 9 16 14 20 6 9 1 9 16 2 9 15 4 9 13 20 16 12 10 8 14 11 4 2 14 15 15 10 13 13 17 13 16 20 1 11 11 7 18 19 14 1 5 13 13 15 8 14 4 1 16 12 13 10 1 7 20 20 16 2 14 20 4 20 17 13 10 7 10 13 14 18 7 1 10 3 18 14 5 19 13 11 8 17 16 12 1 13 16 13 2 20 2 11 19 16 15 11 10 3 7 14 20 18 5 0 7 12 15 10 2 5 14 2 14 4 15 12 3 16 7 9 4 1 13 9 8 16 16 15 11 9 8 19 20 11 5 19 20 16 19 17 11 17 20 17 16 2 10 4 6 1 1 8 20 5 9 2 20 8 3 3 16 18 12 15 6 9 4 14 3 19 1 4 10 18 14 5 19 18 16 20 2 17 17 20 5 18 18 13 7 16 17 14 17 20 13 18 3 7 9 18 20 7 11 15 16 14 20 11 5 7 7 19 10 18 19 15 8 15 13 1 14 3 18 15 14 7 9 14 9 16 3 19 5 16 11 12 20 19 6 19 13 9 6 9 8 7 11 13 20 15 16 12 13 20 6 7 1 6 4 3 19 17 3 3 7 12 5 18 14 15 16 19 1 16 3 16 20 7 3 16 8 11 10 18 5 13 11 18 18 10 12 12 2 11
1 9 5 10 15 17 17 14 8 5 20 11 11 19 17 7 16 19 10 19 13 3 6 16 2 19 9 5 8 15 2 16 17 19 20 6 13 2 15 12 7 2 17 9 14 19 14 4 15 6 19 4 10 12 19 14 9 2 2 7 2 14 8 10 15 5 17 1 14 9 14 20 11 6 16 18 8 17 17 13 8 11 3 4 9 18 8 6 7 12 15 15 11 10 10 13 8 12 5 6 17 4 11 17 1 6 17 1 16 5 11 7 17 14 19 17 12 11 5 12 5 20 8 6 10 1 14 7 1 11 5 17 16 12 8 7 1 1 1 16 11 19 17 6 20 11 12 17 8 8 8 16 6 12 1 7 2 8 6 16 20 20 7 18 13 14 18 3 2 14 15 16 9 10 7 12 12 10 19 1 8 4 5 1 4 5 10 2 18 6 15 3 1 14 3 9 14 2 1 4 9 8 12 2 16 19 19 9 10 6 11 5 1 11 13 16 6 11 2 5 7 16 2 15 2 5 13 3 5 2 5 19 5 9 11 6 1 1 6 10 8 6 12 13 6 20 13 12 10 15 6 17 5 6 9 3 4 4 19 6 14 6 1 10 8 11 1 4 4 16 16 5 6 12 2 10 7 20 2 19 15 9 5 5 2 20 5 7 19 6 20 3 13 7 8 9 18 17 13 8 4 12 18 9 12 8 11 11 8 12 0 16 2 3 2 14 19 16 20 20 14 18 4 17 16 17 1 17 20 2 9 12 17 6 14 8 14 15 18 15 19 9 12 18 18 15 5 20 1 7 5 4 13 13 5 20 20 7 17 16 9 5 13 16 15 12 3 2 13 8 6 13 2 12 10 11 1 11 18 10 13 9 18 2 5 14 13 9 3 14 5 4 9 18 3 15 18 7 15 10 9 16 17 18 11 18 7 4 5 19 3 3 1 8 4 15 1 11 17 15 20 5 13 6 9 15 20 14 7 7 11 8 15 5 6 3 1 14 14 3 7 17 8 18 5 15 18 15 8 1 10 6 12 8 15 6 18 15 14 6 1 5 13 6 6 10 1 16 13 6 6 11 2 7 9 15 18 13 3 16 9 19 19 1 18 7 15 8 14 16 14 15 12 19 7 7 9 18 13 2
17 5 18 16 16 5 12 7 8 16 5 7 5 7 6 9 15 5 14 10 19 6 9 11 18 5 16 19 6 4 17 9 5 9 6 14 10 9 4 16 15 15 1 15 6 12 17 20 16 10 19 7 11 3 3 7 13 15 14 10 17 19 4 16 19 13 6 12 13 7 15 9 16 14 11 6 20 6 1 11 15 6 14 12 10 2 6 17 2 1 19 6 4 18 1 4 16 15 17 18 13 10 14 6 7 10 14 8 6 3 13 2 18 16 11 5 5 14 15 5 2 7 8 7 19 15 9 1 9 14 6 1 15 7 3 5 17 1 19 13 10 18 9 16 17 9 3 1 3 2 1 1 8 8 20 20 12 10 16 3 19 18 2 12 1 11 17 6 11 4 6 2 10 9 17 4 3 15 16 3 17 10 3 18 19 20 3 19 15 14 4 17 7 3 7 19 13 5 11 18 1 6 9 6 1 16 17 15 4 20 11 6 17 7 5 14 17 15 7 1 9 10 4 8 1 6 7 19 3 1 7 17 8 19 8 9 8 11 2 1 13 17 7 14 10 18 14 13 5 12 16 3 7 5 12 17 5 15 18 5 15 8 12 17 16 11 19 9 14 12 10 8 7 11 10 19 16 9 18 17 11 18 10 7 19 13 18 5 14 7 3 14 3 6 18 3 16 2 14 12 8 4 16 15 8 20 4 13 11 3 5 0 19 16 5 2 11 20 8 17 11 1 2 14 8 11 17 10 11 8 20 7 11 14 1 19 16 9 19 4 10 20 1 2 12 11 8 9 6 4 17 20 8 6 8 20 7 7 20 1 1 6 8 7 8 5 19 14 11 15 3 3 13 5 12 2 17 1 15 19 7 6 6 9 19 6 15 11 15 17 2 11 13 10 1 13 9 1 13 1 8 16 18 17 18 12 5 19 19 2 19 16 19 17 20 14 11 4 8 11 8 15 12 11 2 5 17 8 3 14 6 19 20 15 9 13 5 11 4 6 2 7 6 15 5 17 11 8 4 1 11 2 1 11 16 18 19 5 14 15 8 13 5 12 13 19 2 17 9 2 4 19 8 12 16 2 13 6 3 7 14 1 7 11 6 20 3 8 8 13 7 19 10 13 8 3 5 19 7 5
17 15 10 16 18 16 8 2 13 10 6 7 14 5 6 12 16 15 16 4 12 5 20 12 14 18 10 11 14 3 7 3 12 11 10 5 6 11 15 8 4 4 8 7 9 2 15 11 7 19 17 4 19 1 2 9 1 18 13 7 8 8 15 18 3 14 17 6 11 11 11 2 7 9 8 6 5 15 2 10 8 1 15 13 10 3 19 4 10 3 7 1 8 3 4 16 9 20 11 11 5 3 18 17 4 4 13 6 9 9 9 15 3 20 3 9 4 9 20 9 4 8 13 6 11 6 19 18 16 14 14 5 3 10 4 17 8 2 3 17 7 13 15 11 14 20 2 11 18 16 11 11 5 16 1 13 11 14 16 16 8 16 4 16 11 19 10 2 6 10 3 16 14 2 12 9 2 20 18 6 17 4 17 17 14 19 9 7 11 10 4 4 10 10 9 11 5 18 11 10 3 7 7 16 7 14 8 5 9 14 8 11 12 7 16 7 19 4 7 2 9 2 1 15 16 20 16 7 15 1 9 3 14 15 11 7 1 16 2 5 20 10 5 5 17 18 4 15 10 13 6 16 18 8 9 19 6 5 20 12 9 10 12 9 17 10 12 14 9 1 19 10 7 12 6 13 18 8 13 6 15 19 8 14 15 3 16 15 17 9 6 2 16 6 8 9 2 7 3 15 5 17 6 5 14 20 11 16 8 4 13 4 0 6 12 5 4 11 20 14 15 12 16 2 4 7 4 5 17 2 5 7 1 17 14 4 8 4 2 6 18 19 5 13 15 13 18 7 15 4 4 14 20 18 19 20 9 14 15 1 9 12 16 10 14 4 19 4 20 19 16 6 13 6 18 6 18 9 20 17 19 1 6 13 1 16 17 5 4 3 10 16 12 20 12 15 10 5 9 11 11 6 19 13 5 18 10 17 13 8 16 18 1 13 19 19 10 7 15 8 9 18 20 16 1 19 10 3 15 18 11 3 3 5 17 14 7 15 18 17 4 15 16 12 4 11 10 20 1 10 3 8 14 16 11 8 19 19 3 18 3 20 7 13 9 5 10 3 15 17 3 8 6 5 2 7 8 4 8 5 6 12 6 13 19 1 1 3 16 9 16 15 17 16 10 12 5 7 2 8
4 5 17 13 16 6 9 18 4 1 19 13 11 16 1 15 10 7 11 9 12 11 2 4 12 5 3 9 11 15 10 6 6 4 6 18 18 8 8 5 3 17 11 10 6 8 20 8 1 4 11 18 11 20 13 9 16 16 20 4 13 16 10 19 5 10 3 8 4 20 18 17 7 1 1 20 19 11 1 14 18 5 7 7 11 14 12 9 10 14 14 5 15 4 12 6 11 5 12 16 14 11 18 19 12 9 4 5 16 9 2 2 4 6 3 2 5 17 20 5 14 12 10 14 11 10 20 20 17 6 4 9 3 5 12 11 9 14 5 10 1 20 18 18 19 6 5 7 6 20 16 16 1 8 5 5 13 10 12 5 13 5 19 3 9 14 5 15 20 20 1 6 17 9 15 2 3 5 2 6 7 2 11 10 11 14 11 16 5 19 12 9 8 15 17 1 5 10 11 16 15 7 14 4 15 20 19 6 6 6 17 15 20 2 3 20 10 4 1 12 16 15 1 5 2 3 4 16 5 9 13 6 10 16 2 1 18 18 1 7 10 10 3 10 7 5 17 7 4 12 20 12 19 12 3 6 17 16 3 20 11 13 20 4 12 20 1 19 7 12 9 2 19 15 11 5 2 19 15 4 20 6 17 3 3 7 19 3 11 15 2 6 6 20 20 1 16 18 13 14 10 14 7 14 3 14 4 17 19 12 6 3 6 0 1 1 17 2 3 8 1 9 7 9 2 14 19 4 5 12 11 18 9 5 5 8 18 5 3 11 1 2 20 8 9 8 2 1 3 4 10 3 6 20 9 6 9 5 9 5 10 2 6 6 16 20 2 4 17 14 16 1 18 10 20 1 6 6 14 17 6 12 20 3 9 20 5 2 20 1 10 14 6 18 13 6 10 9 2 17 17 1 3 15 10 1 17 1 9 13 17 9 1 10 3 20 8 12 6 4 9 6 17 13 13 3 2 18 12 4 15 1 3 3 4 15 5 10 7 17 8 12 1 12 6 12 2 1 17 15 2 6 10 11 2 6 5 11 3 17 11 17 17 2 6 12 11 14 18 13 3 2 8 3 9 1 6 19 11 19 12 8 7 16 19 16 13 19 18 12 13 3 16 14 4 10 19 17 10 12
3 15 10 1 18 19 4 8 3 10 2 16 15 5 5 18 19 3 13 2 7 2 4 7 4 14 9 9 6 8 17 14 17 15 16 17 13 11 4 16 2 13 8 10 1 11 19 14 8 11 2 18 20 20 18 12 13 6 19 20 6 11 15 9 18 5 10 15 18 12 10 20 18 9 12 2 6 20 18 14 13 9 14 10 14 14 6 8 2 12 2 5 18 5 18 13 19 6 17 8 2 20 10 9 5 15 20 12 19 2 10 6 9 3 18 3 1 16 8 12 1 5 6 19 2 7 4 3 17 1 4 20 5 11 4 15 5 20 5 9 10 13 15 11 9 17 9 3 6 14 14 13 4 8 2 5 15 15 10 7 2 11 13 15 8 10 2 16 13 13 13 14 16 15 7 6 16 20 7 15 17 20 16 8 8 15 15 4 13 16 11 5 2 10 19 14 11 8 11 11 19 2 17 17 1 15 10 16 15 11 7 2 7 8 12 12 9 2 17 12 12 10 1 7 13 10 6 19 20 11 8 10 11 9 12 12 19 11 11 5 4 10 5 10 9 11 10 6 9 18 14 6 10 3 12 19 3 13 3 1 19 17 5 9 20 5 10 8 9 13 4 7 4 11 3 9 3 7 19 16 4 13 1 12 11 13 12 9 2 14 17 10 18 7 16 7 7 19 4 16 18 3 1 6 6 14 4 13 1 3 5 15 5 16 0 4 13 19 14 4 1 13 18 12 10 20 17 4 19 2 13 13 8 8 20 8 11 4 3 16 12 15 4 2 9 13 9 5 3 4 16 6 15 12 11 19 10 4 13 5 3 12 11 19 20 15 10 6 9 14 6 4 18 11 7 14 15 14 12 5 11 8 13 12 1 3 13 2 19 17 3 4 9 6 20 2 4 19 8 19 17 16 16 9 18 7 14 2 9 4 13 16 16 6 15 3 14 17 3 3 2 6 12 15 19 5 19 2 7 4 6 2 12 6 20 20 2 14 10 11 15 16 18 11 18 11 5 16 15 12 13 10 11 6 6 10 20 18 6 16 18 19 4 16 12 19 18 6 16 9 1 15 7 10 3 7 17 5 3 14 15 11 18 11 2 1 4 15 15 19 2 15 14 17 3 10 2 20 10 8
18 19 18 17 20 2 10 18 16 3 11 8 15 19 1 17 13 4 17 9 17 2 13 13 6 9 19 18 2 9 3 15 4 3 8 3 18 3 6 19 10 10 3 10 19 12 15 2 7 16 9 12 16 18 4 4 13 7 7 14 13 4 7 6 1 12 20 17 2 11 16 15 12 17 3 4 13 18 1 8 17 16 14 12 14 3 1 13 4 15 18 3 1 3 20 17 18 16 1 12 12 5 11 4 9 6 18 3 11 11 20 18 15 11 6 18 5 5 2 15 2 2 6 10 14 12 17 16 10 15 9 10 18 9 11 12 11 14 6 5 20 3 6 9 20 7 9 6 11 10 12 5 4 11 11 12 3 12 19 19 10 7 13 10 4 15 12 11 13 8 17 5 11 13 3 8 4 9 2 4 6 17 19 15 13 16 6 11 19 4 14 14 18 13 1 13 9 10 14 16 5 14 1 19 14 7 14 6 5 6 10 6 9 20 1 9 3 19 1 14 4 18 4 10 5 20 12 17 16 14 18 13 17 11 10 18 18 9 14 11 3 20 3 20 4 19 16 17 18 9 20 7 11 5 16 15 7 3 3 10 4 13 10 3 20 20 10 11 3 17 19 17 19 12 17 6 15 14 4 18 18 17 2 2 1 19 8 15 11 7 8 9 18 4 19 10 15 4 4 4 11 1 16 10 17 15 15 3 10 13 12 19 4 10 19 0 10 17 19 11 5 8 2 3 1 11 18 18 5 16 14 17 1 20 6 8 3 19 13 11 4 9 16 13 12 12 14 20 17 6 2 14 8 12 6 6 3 20 9 19 9 16 7 2 3 4 12 18 18 8 15 19 9 9 5 7 8 14 10 6 7 5 14 1 14 4 4 18 13 13 1 20 6 17 18 6 1 1 16 10 7 1 15 14 1 1 1 9 8 12 18 11 13 11 19 2 18 11 11 8 8 15 12 6 10 5 7 1 8 20 14 17 12 5 15 11 1 12 9 8 19 12 17 3 16 17 10 13 15 3 11 2 11 20 14 19 18 5 8 4 5 19 3 5 1 4 6 3 7 1 8 4 17 8 6 2 3 10 20 3 20 16 12 6 4 9 15 2 13 13 11 15 13 11 12 3 13 11 17 15
2 13 11 12 17 12 9 7 8 19 10 11 11 3 13 10 3 2 11 12 10 13 16 4 14 11 9 9 8 13 3 17 5 10 6 13 15 14 7 13 16 17 2 2 19 4 6 7 18 20 1 19 13 12 9 4 18 15 11 9 18 15 17 15 5 19 2 2 5 4 1 14 6 12 15 18 10 7 20 10 10 19 20 1 9 12 5 5 14 20 12 16 18 12 2 7 12 18 16 16 2 17 17 19 11 9 10 13 1 17 15 10 11 5 18 7 15 11 3 12 10 19 10 15 15 17 3 11 16 13 13 15 3 8 2 2 5 20 9 1 1 10 4 13 18 3 2 2 15 8 4 15 5 14 17 7 11 10 5 18 1 11 4 17 14 20 18 3 1 18 9 8 9 4 9 10 15 15 7 9 20 19 10 19 1 10 1 10 18 14 16 7 14 3 3 16 3 17 16 14 7 5 16 9 2 6 15 3 5 3 11 11 13 19 5 6 6 3 1 16 2 14 16 20 2 7 1 13 4 16 3 10 17 9 15 15 14 8 4 14 18 20 3 4 13 16 3 18 2 2 8 10 13 11 18 2 4 17 7 2 14 10 13 10 13 16 3 8 7 2 11 9 14 17 10 12 15 7 18 9 16 10 4 7 8 9 6 17 7 7 9 3 11 9 1 6 17 17 10 2 1 1 10 4 12 2 20 10 7 8 5 19 1 6 7 14 0 8 5 19 11 4 13 8 17 9 6 17 1 8 8 10 1 2 10 13 13 8 3 14 5 15 5 16 5 9 15 2 17 19 16 18 19 6 18 1 13 17 14 9 18 14 15 19 15 16 6 1 19 20 2 16 10 2 10 10 9 9 6 3 12 11 17 12 19 15 4 18 4 16 10 11 11 12 13 1 2 20 1 16 18 12 10 15 4 15 11 15 2 16 12 2 20 7 19 4 4 2 7 10 4 1 18 11 12 11 5 11 4 11 11 4 12 10 4 10 12 1 4 11 16 20 3 1 6 12 10 11 19 12 18 4 18 13 20 8 4 11 11 11 6 18 7 8 9 5 13 11 20 8 15 3 16 6 11 1 11 12 4 14 16 15 16 1 16 6 19 17 11 1 4 17 4 4 10 2 20 3 12 15
10 4 17 8 5 11 7 9 20 10 14 13 19 14 2 1 3 14 19 14 2 16 19 4 16 7 9 14 15 14 20 15 9 12 15 18 10 6 14 19 17 1 16 3 16 13 14 10 11 5 13 12 6 19 17 10 4 12 15 19 3 9 15 7 13 1 3 8 2 17 3 10 6 5 9 9 10 7 19 9 17 5 20 20 7 11 18 19 9 19 12 16 13 2 3 5 15 19 10 17 10 7 5 8 2 2 20 3 5 16 10 16 13 17 17 2 18 8 11 5 20 18 12 20 2 6 17 20 6 20 16 1 9 13 12 9 20 6 2 20 19 16 20 16 5 5 8 2 11 12 2 12 15 20 6 9 12 11 16 18 15 9 19 9 17 9 5 2 12 1 14 15 1 10 4 10 15 7 13 17 20 14 18 16 11 9 17 12 5 17 16 1 12 6 13 11 18 5 14 3 12 8 19 20 20 12 3 11 16 1 3 7 13 10 19 12 5 14 3 20 16 12 5 8 3 2 6 1 3 11 11 6 13 2 9 5 10 16 14 9 9 4 15 6 2 3 12 18 3 9 4 2 18 18 2 4 4 3 15 12 16 18 10 4 1 20 19 13 3 11 6 18 12 16 6 5 2 17 5 12 6 2 2 19 12 1 17 17 15 14 19 15 15 10 6 15 11 15 13 10 7 10 3 16 10 5 13 20 11 6 13 7 14 19 18 17 1 0 20 1 5 5 8 9 6 13 2 3 11 6 9 14 13 11 2 14 3 16 10 4 15 3 18 2 5 17 11 13 16 17 4 12 16 4 6 6 13 17 5 1 4 6 19 11 20 17 16 12 17 11 3 14 7 11 13 14 20 7 15 5 9 18 1 20 15 5 17 20 3 16 20 17 14 17 19 1 7 17 3 19 13 12 13 15 19 11 18 1 2 9 14 1 13 7 18 15 7 3 13 5 19 4 16 3 17 17 3 3 7 19 10 2 11 2 11 1 13 10 8 5 11 13 9 10 19 11 7 10 20 17 11 11 12 18 13 13 11 16 2 7 13 1 11 8 1 13 15 18 17 5 7 9 18 3 19 16 12 19 20 3 4 20 6 3 19 16 19 3 20 10 14 15 2 16 11 3 15 10 19 13
19 12 14 11 13 11 2 12 11 20 1 2 19 13 5 19 1 20 10 6 5 7 5 1 17 10 13 1 18 4 20 9 13 8 8 9 2 19 2 2 6 12 19 2 5 18 4 11 8 6 8 16 9 3 4 6 8 9 18 3 16 20 3 13 14 14 19 7 11 4 13 20 7 7 14 17 14 16 15 19 12 4 8 15 5 3 12 3 20 4 17 16 19 10 17 3 5 8 1 18 16 6 4 19 7 2 3 8 4 17 8 20 13 3 16 19 8 20 15 9 18 13 8 16 19 17 19 8 1 4 4 18 11 14 2 7 5 3 11 19 8 7 12 4 11 11 7 11 6 12 7 10 9 11 11 7 3 8 20 7 4 6 7 6 14 18 8 15 10 8 16 16 11 2 6 20 12 8 7 6 3 16 16 7 14 8 6 17 4 17 13 19 16 1 7 8 8 15 5 20 12 18 8 10 6 1 1 1 7 19 10 11 13 7 14 10 11 2 20 1 16 11 3 20 13 14 17 7 6 11 11 19 14 17 9 4 13 20 16 7 20 1 12 19 13 3 7 9 4 15 7 13 17 17 20 4 9 2 18 16 18 13 1 12 18 2 8 5 2 8 9 18 15 9 10 5 5 7 19 19 8 17 15 20 4 11 12 15 1 20 4 17 1 12 11 2 15 16 5 19 10 3 3 18 5 2 10 11 11 7 14 10 17 1 3 19 4 20 0 14 19 11 12 16 2 16 20 3 10 18 15 10 2 7 10 16 9 12 1 12 19 1 13 9 17 14 2 8 9 13 9 1 14 10 3 4 10 8 20 5 13 10 7 3 18 13 13 20 3 1 18 1 5 10 12 12 15 16 10 15 4 8 5 11 18 18 5 12 1 5 20 19 11 14 7 7 2 9 12 17 17 18 14 9 16 8 18 16 11 7 6 13 2 8 9 16 9 2 9 13 15 12 4 6 13 6 2 17 9 15 20 5 5 8 16 18 14 8 20 19 16 18 18 5 9 20 18 9 12 19 15 3 3 18 20 19 14 12 11 6 18 6 6 20 20 3 11 5 10 5 6 17 17 8 15 16 18 5 1 9 3 10 13 18 19 11 17 13 12 5 9 17 16 6 16 5 7 14 17 9
2 4 13 5 3 11 2 3 20 8 13 12 8 6 20 11 2 3 8 6 12 16 17 1 16 3 6 18 14 4 4 18 17 5 19 17 5 10 11 7 3 15 3 10 18 17 15 1 7 10 9 20 2 9 17 1 19 15 7 5 18 4 12 11 7 9 1 12 15 14 14 16 9 14 19 2 8 16 20 14 4 10 12 10 17 1 19 12 8 4 16 11 18 12 15 4 14 14 7 3 4 14 16 7 9 14 10 8 11 8 10 1 15 19 20 4 16 11 8 5 2 8 19 6 19 18 11 16 15 2 16 10 9 6 5 7 14 15 2 17 19 1 20 10 4 14 4 5 7 5 13 5 18 6 3 7 14 18 4 10 7 5 2 9 5 11 4 6 9 12 9 19 17 4 11 9 14 13 18 10 14 12 19 3 11 9 16 1 16 10 2 10 17 10 5 3 6 11 17 13 2 20 8 11 1 15 14 15 6 10 4 11 4 3 4 4 16 2 6 17 10 15 5 12 1 14 16 16 6 13 14 20 12 8 9 2 3 5 8 10 14 6 19 13 17 16 9 1 1 3 8 7 19 2 19 16 17 14 18 15 1 19 19 12 2 12 7 6 20 20 19 7 10 17 16 17 4 6 3 18 10 9 12 16 14 2 3 1 20 15 16 18 6 6 10 9 8 3 9 4 10 13 14 8 6 18 18 16 8 4 13 8 18 7 7 6 4 15 13 0 7 1 18 15 13 12 20 11 12 20 19 4 18 3 1 11 1 16 5 17 7 4 6 16 11 16 7 3 1 18 9 11 10 16 19 12 2 3 13 15 6 2 19 8 9 17 8 18 5 13 14 14 14 5 9 4 7 14 5 17 6 5 6 19 11 20 4 19 14 6 6 18 4 8 14 9 19 4 1 1 8 5 12 3 18 19 7 5 11 19 20 13 15 12 3 2 11 13 16 18 20 20 3 14 2 1 4 18 15 3 3 13 4 18 16 7 11 19 16 18 20 16 4 17 14 20 10 12 10 1 1 20 6 10 14 6 1 9 9 2 5 14 14 3 19 14 15 3 17 20 12 8 1 17 20 3 6 11 2 8 10 8 7 18 11 13 6 16 17 15 10 13 6 9 5 1 6 3 20 16
14 9 19 2 16 14 7 1 2 10 3 3 13 17 7 14 5 3 13 15 12 19 14 7 2 20 13 5 1 7 3 19 3 17 7 14 10 2 4 1 1 15 1 11 11 2 19 19 6 16 12 3 1 20 20 5 17 11 8 5 15 9 14 20 16 15 9 20 14 3 8 11 8 18 9 7 7 1 4 10 7 16 16 7 14 20 5 12 19 13 11 11 7 17 13 20 20 19 12 18 12 4 14 7 9 11 6 10 17 12 16 16 12 20 6 12 9 20 12 13 20 14 11 10 17 4 6 12 16 1 7 1 2 3 3 3 14 19 14 5 6 8 2 4 7 6 2 5 4 17 19 12 8 1 9 18 1 10 11 6 7 11 2 20 20 11 2 5 16 9 20 19 14 15 2 6 19 9 17 18 1 9 1 18 2 14 12 12 12 20 13 20 10 5 15 8 15 19 10 11 11 8 11 13 3 5 13 2 15 7 17 6 13 1 2 19 5 2 16 4 10 19 2 1 17 10 12 16 4 2 12 18 15 5 8 6 20 20 10 13 9 8 11 3 12 14 14 12 4 17 19 8 9 20 15 16 4 17 14 19 13 17 14 12 2 1 4 8 10 18 15 4 4 20 10 3 16 9 4 15 18 4 19 5 4 20 8 5 13 11 20 4 3 11 5 19 2 4 6 10 7 15 16 11 2 13 9 2 14 20 18 6 20 7 11 20 3 11 3 7 0 3 14 8 11 16 4 14 1 8 4 17 6 6 19 20 7 6 2 11 18 3 19 5 15 13 14 9 2 10 20 9 10 19 19 4 20 16 3 11 9 13 20 14 18 20 19 7 9 12 14 17 9 13 4 18 7 14 19 8 13 7 1 12 18 11 3 20 5 9 6 5 7 4 8 18 18 20 6 6 5 14 7 16 13 16 10 9 4 15 7 14 15 16 4 18 18 4 7 3 4 11 1 18 20 14 14 15 17 8 13 17 1 8 18 3 14 7 12 2 14 6 19 12 3 12 19 18 15 3 10 9 18 15 13 4 11 9 11 1 16 7 20 16 14 1 19 5 16 4 16 4 19 2 11 9 9 7 7 10 1 12 4 20 14 1 3 3 16 3 6 15 8 18 15 5 15 18 11 20
5 7 3 17 4 9 14 8 9 2 3 20 11 11 7 9 1 19 4 16 9 8 8 16 12 2 11 4 18 9 20 10 7 3 19 9 6 9 18 3 7 1 8 10 10 7 2 7 12 10 14 4 4 7 19 2 7 2 20 18 20 2 19 5 16 12 13 10 4 1 7 7 11 5 10 4 7 9 7 20 12 17 12 1 2 10 16 16 17 14 16 14 5 7 5 19 3 2 20 8 15 5 1 5 12 20 11 12 12 2 17 14 14 3 8 13 3 19 2 1 15 14 13 16 18 6 10 12 3 16 9 18 2 3 17 6 9 12 4 2 3 11 2 1 3 17 7 13 13 4 5 18 9 17 15 19 8 13 18 17 17 20 20 16 2 19 6 8 12 20 15 11 7 2 8 18 3 18 7 1 6 1 4 13 7 14 18 12 13 10 20 16 18 11 20 10 7 3 3 11 6 18 16 16 19 17 13 19 2 5 17 12 14 8 6 20 14 11 5 6 13 9 8 15 1 17 13 15 16 11 7 15 15 12 17 15 13 15 19 11 12 18 7 7 1 16 10 7 14 18 5 18 14 3 16 17 1 19 19 3 2 9 19 4 15 14 10 7 4 16 5 14 20 6 9 3 12 20 8 15 9 20 2 6 17 17 14 1 6 7 4 7 15 2 15 15 9 14 19 7 1 6 9 15 3 6 11 13 19 20 11 16 13 10 5 2 20 7 9 10 13 0 18 14 19 12 7 16 4 11 2 12 12 16 14 15 3 10 4 7 3 5 14 1 3 16 2 20 6 9 8 9 20 4 2 2 19 9 17 13 19 19 12 14 20 18 19 2 17 19 9 9 12 2 19 15 2 8 20 15 15 13 20 1 9 11 2 20 20 15 2 13 16 11 20 10 9 1 9 13 15 6 7 18 17 9 13 19 9 3 14 7 18 13 8 20 3 10 15 1 4 8 11 1 4 12 14 11 14 7 5 6 1 3 15 18 6 10 3 10 6 12 10 17 3 3 4 19 15 10 3 16 11 6 14 10 17 17 10 3 16 8 15 3 7 4 6 19 9 8 9 20 4 17 18 3 14 3 10 16 8 4 6 7 4 15 7 18 3 10 9 3 19 2 3 3 12 1 2 14
5 17 20 13 14 5 4 18 20 9 8 1 13 9 10 18 14 4 14 18 15 18 12 8 13 12 17 4 12 17 6 4 8 14 3 2 9 6 20 13 8 13 9 12 17 14 3 9 16 1 12 1 9 14 1 20 12 8 17 20 10 9 16 7 4 15 17 7 20 6 19 16 18 15 1 11 1 17 13 17 16 9 14 20 4 16 16 15 9 15 15 10 7 6 8 4 13 14 13 15 18 10 12 1 9 11 13 17 12 15 16 3 1 19 17 15 17 11 12 13 17 14 5 7 2 14 11 7 14 17 10 18 13 7 6 5 15 1 7 1 9 12 11 9 16 15 3 17 1 18 9 15 8 16 11 17 11 3 5 10 13 14 20 8 1 3 18 8 7 13 2 16 9 4 13 17 13 1 4 1 20 7 20 18 9 3 20 7 6 15 6 7 7 12 9 1 9 10 8 20 6 17 7 15 11 9 13 11 2 8 1 7 13 7 18 6 11 2 4 3 18 12 10 1 20 18 20 13 10 19 11 20 5 15 10 17 9 18 12 12 4 10 1 5 4 19 10 4 14 13 16 15 3 12 9 17 4 16 2 7 16 14 1 8 9 16 4 16 19 4 7 11 6 14 15 16 3 6 17 20 14 12 3 1 4 12 7 11 17 14 5 8 16 15 9 20 14 5 17 16 6 19 19 10 20 1 14 6 19 19 14 11 8 19 11 7 6 18 16 20 15 16 0 12 10 7 6 20 14 2 6 14 7 5 6 2 4 9 9 3 8 15 2 3 14 17 13 2 11 6 16 19 12 10 4 15 13 2 2 4 17 5 1 9 19 7 1 5 12 9 1 1 9 10 6 7 12 10 17 15 16 19 5 9 18 19 19 11 1 17 17 11 16 2 19 16 3 11 10 13 18 17 10 17 4 20 6 9 9 11 15 13 12 12 12 1 18 20 15 17 18 13 2 6 7 2 6 8 6 15 7 5 11 10 12 1 11 15 11 17 15 14 9 5 16 17 19 16 6 3 13 14 4 17 12 8 11 7 17 3 4 12 15 7 18 13 9 16 10 9 6 20 17 11 2 17 19 12 17 17 6 2 12 17 19 3 13 14 14 5 6 5 12 16 16 5 5 19 17 2
4 6 13 12 14 5 13 19 5 16 12 14 13 5 16 20 6 19 11 12 20 15 17 9 11 19 8 8 17 2 16 20 7 11 9 16 10 6 20 6 7 8 9 12 5 19 8 3 20 19 7 8 13 4 10 14 9 8 2 3 4 17 14 8 6 15 19 16 11 15 20 20 9 19 1 14 6 6 1 4 8 8 1 14 12 11 17 5 18 7 4 7 1 11 18 19 12 18 3 4 11 4 2 20 1 1 4 19 15 11 16 19 13 9 12 13 15 19 19 5 18 18 3 10 13 10 7 6 8 11 10 1 13 10 18 2 1 15 10 2 4 19 20 11 19 9 10 19 9 1 13 5 11 10 17 17 11 2 9 4 19 9 15 13 1 1 1 17 20 19 14 8 17 18 16 11 13 5 9 18 5 20 4 5 13 2 10 15 3 14 1 3 1 12 5 10 4 20 5 17 19 8 8 15 8 20 2 18 12 8 10 17 14 16 18 2 7 3 14 20 13 10 1 20 13 2 9 6 18 13 12 6 6 1 14 6 13 10 6 13 16 2 2 11 10 6 20 16 1 8 15 16 6 4 1 6 1 6 8 14 18 9 6 19 14 15 19 12 14 11 1 13 13 16 11 8 10 12 10 3 17 12 20 16 8 7 14 6 5 10 19 19 20 3 5 20 10 20 10 1 20 13 6 15 10 8 2 5 5 18 20 14 4 1 15 5 8 5 1 8 18 4 10 0 15 2 16 9 9 16 8 6 3 17 19 11 16 18 5 1 6 12 5 20 6 15 9 9 15 20 16 14 1 6 19 8 14 12 13 18 9 15 9 15 5 1 9 19 4 14 5 15 12 20 8 6 8 12 8 1 5 17 17 13 9 18 1 18 1 6 6 17 12 15 18 6 9 17 2 20 16 9 12 1 13 16 14 4 11 17 17 18 5 2 13 5 8 18 9 15 18 15 15 14 9 15 3 17 15 14 3 17 9 20 10 12 5 17 20 13 17 4 20 3 9 2 8 12 20 6 16 3 11 18 2 11 7 5 12 7 18 5 9 5 11 20 16 12 14 18 15 16 8 7 15 16 4 2 16 15 16 6 18 20 11 15 14 9 14 16 11 12 6 10 15 13 11 7 9 1
9 1 14 4 13 17 11 11 4 5 10 17 4 15 13 11 13 14 13 3 20 16 14 18 17 14 6 15 2 20 1 16 8 8 11 16 2 3 3 13 10 13 11 8 10 3 11 13 1 13 12 17 10 19 20 10 18 7 2 3 7 13 18 5 8 2 9 8 10 1 20 2 5 4 8 12 18 12 9 13 8 17 1 15 17 10 15 12 9 11 11 8 10 9 10 7 16 10 16 12 1 12 4 11 8 20 1 8 2 4 3 2 5 3 15 9 17 12 11 5 5 5 7 20 17 10 8 8 1 15 13 4 15 15 2 5 20 5 5 7 7 2 7 17 12 10 20 5 3 19 13 20 18 8 11 11 3 19 16 10 1 18 8 15 8 20 9 19 7 16 19 19 11 10 16 15 17 19 4 5 13 15 3 3 2 8 20 17 19 19 4 3 10 7 5 7 1 9 12 7 3 2 8 9 16 10 17 9 19 7 12 18 2 19 14 8 10 14 14 19 18 14 5 11 4 8 20 7 6 6 7 10 7 1 5 7 1 15 16 7 3 13 1 14 3 2 18 20 18 13 15 11 9 15 13 15 7 12 10 10 4 6 11 14 14 10 2 19 9 15 12 13 16 14 19 16 18 14 14 6 17 10 13 13 12 16 17 19 3 6 16 13 2 17 5 10 9 5 5 1 10 2 8 3 9 9 8 2 5 17 5 2 3 5 7 3 12 2 20 10 20 7 8 5 0 5 6 15 17 2 17 4 1 2 9 17 14 8 2 11 4 9 19 9 9 2 9 15 14 5 13 16 7 18 16 15 20 9 7 14 14 13 6 2 20 11 4 14 8 17 18 4 7 8 1 10 15 19 15 1 11 11 6 12 16 17 14 3 13 1 11 13 19 4 2 1 3 19 6 3 11 15 2 11 12 6 1 10 5 5 15 18 3 16 19 13 11 4 14 2 4 15 11 4 17 15 5 9 12 17 10 17 13 7 8 3 3 2 10 15 8 20 17 11 11 13 18 16 11 5 19 3 8 13 19 13 8 4 5 8 11 20 19 19 3 19 1 7 5 11 7 8 8 8 4 11 14 20 11 9 5 6 13 20 15 16 15 19 10 5 12 15 8 19 18 11 11 15 16 4
4 20 4 6 9 20 13 11 9 19 4 6 14 7 1 3 9 2 2 19 7 15 15 11 20 18 7 13 19 13 18 12 10 5 9 6 4 16 14 7 6 3 11 4 12 16 19 10 1 13 4 19 20 7 10 19 12 2 4 14 17 19 7 18 3 10 3 16 10 1 8 12 17 10 13 6 1 9 18 14 5 2 15 4 6 14 17 18 12 14 15 18 14 10 17 14 1 2 3 4 4 9 16 7 14 20 2 10 9 10 18 7 18 1 10 19 7 5 19 17 1 4 11 11 6 19 19 12 14 1 14 7 11 16 19 8 12 18 11 10 1 18 15 19 10 9 15 12 6 17 1 20 14 10 16 9 12 7 1 14 15 8 18 12 17 5 16 6 18 12 16 2 3 1 6 4 9 7 9 9 16 5 7 15 7 2 11 1 2 8 13 6 2 13 17 20 20 19 11 11 4 8 20 14 15 19 14 5 7 4 6 5 10 9 13 13 19 7 13 15 18 13 20 20 17 19 1 12 19 6 15 13 5 4 8 13 14 1 10 5 20 1 7 8 15 13 3 20 2 5 14 18 2 19 19 1 8 12 8 3 12 19 2 14 4 17 14 5 14 6 17 1 11 15 7 11 2 15 13 15 10 7 5 3 5 9 19 5 1 1 5 6 19 5 11 5 6 1 1 13 13 6 13 17 3 13 16 18 17 2 5 6 10 4 3 16 8 11 12 10 15 11 11 6 16 0 1 19 9 19 7 15 3 9 3 19 1 4 6 4 3 14 8 12 15 8 10 19 10 20 17 4 13 12 6 18 14 11 11 12 9 14 3 2 4 16 5 1 10 19 10 19 3 16 15 13 8 18 8 1 15 1 12 18 2 11 1 10 8 13 1 13 17 20 4 6 4 16 15 12 2 3 19 13 14 10 7 3 2 8 7 7 1 6 12 15 11 2 9 8 9 11 11 4 5 4 5 18 6 12 18 6 18 20 13 3 9 1 10 16 20 8 17 17 15 8 15 5 16 5 8 14 17 12 4 13 3 3 17 12 18 4 4 9 18 14 17 18 4 16 3 19 11 4 14 6 5 10 17 11 10 15 13 6 13 16 18 7 2 7 20 17 20 15 11 16 16 3 19 19
15 17 13 20 16 4 17 16 13 11 6 12 12 7 10 11 13 6 7 2 15 19 20 3 13 14 13 8 2 13 8 18 6 9 9 7 16 11 15 2 19 18 2 15 2 7 16 10 10 8 19 12 15 16 3 20 11 2 16 13 12 6 20 14 10 3 10 13 19 18 13 18 18 11 16 6 12 3 7 10 4 9 8 5 7 11 20 11 4 9 11 1 20 15 6 7 2 6 8 7 6 12 10 11 9 19 17 20 7 5 10 1 7 5 2 17 13 2 13 15 4 14 8 12 3 12 18 6 15 20 13 11 5 10 20 20 14 7 12 3 18 11 12 5 5 4 14 1 13 19 11 13 11 9 19 4 2 17 12 3 17 2 3 9 16 5 5 16 20 15 4 7 18 11 20 16 13 11 9 2 17 8 12 9 9 17 11 3 13 18 17 15 5 11 18 16 17 19 11 20 9 11 9 5 2 1 12 15 15 10 3 15 15 1 15 5 3 18 11 11 9 15 12 10 3 3 15 16 20 20 2 1 13 3 5 18 12 10 13 20 12 12 13 16 8 13 11 2 11 13 9 2 19 15 10 2 13 13 16 4 2 2 8 9 6 15 15 3 4 5 4 9 19 6 3 7 11 18 20 18 9 9 1 20 9 17 14 2 10 17 20 16 12 19 3 4 14 14 13 10 3 10 1 3 16 3 16 18 6 1 5 15 8 18 15 19 18 9 1 17 20 7 16 3 16 20 0 4 20 16 6 17 4 5 8 16 4 9 6 11 18 16 7 3 15 12 2 13 11 6 7 20 9 18 19 10 14 17 12 18 19 11 1 2 12 3 14 2 8 14 7 13 1 4 19 13 8 13 17 3 8 7 6 8 11 3 17 15 7 20 20 2 11 14 9 2 2 15 7 8 1 1 2 5 2 14 9 7 2 2 8 10 1 14 10 6 11 3 17 4 10 11 16 16 20 1 19 2 18 19 15 7 9 14 8 10 15 11 6 8 12 16 10 11 19 5 7 4 2 20 10 5 20 2 8 2 1 20 17 6 8 16 11 12 15 20 14 12 12 16 6 1 18 18 1 16 5 15 9 20 8 8 6 14 19 12 6 9 12 20 12 12 11 18 15 20 14 1 10 20
3 3 12 18 6 14 2 1 6 17 17 12 6 9 1 19 16 15 10 2 2 8 4 19 17 11 1 15 1 9 9 9 18 1 18 18 11 8 20 14 20 20 11 10 17 20 4 10 7 4 12 4 17 20 17 3 12 14 17 13 10 8 1 3 13 1 14 11 9 16 2 18 7 17 6 19 19 11 20 2 9 12 9 1 10 9 15 18 7 7 1 10 12 8 14 9 18 15 9 19 12 12 17 11 7 2 17 20 18 5 2 17 15 17 11 13 20 16 3 10 12 10 10 3 6 15 10 18 4 18 19 10 15 5 15 9 6 20 12 9 11 12 19 17 11 14 9 2 7 14 2 15 20 19 20 1 19 15 13 15 8 1 10 9 14 3 6 19 18 6 6 7 16 3 8 7 8 5 5 17 5 13 17 2 14 8 8 4 16 17 7 4 4 2 8 20 10 7 20 5 19 6 7 20 14 4 9 11 15 5 4 8 12 19 11 20 13 20 3 4 4 15 16 19 20 17 4 9 19 9 15 11 2 16 10 19 17 9 8 17 13 12 17 20 20 8 7 6 9 5 12 1 15 18 4 20 13 15 6 15 3 10 8 1 5 13 18 10 14 1 3 9 15 6 3 4 15 10 15 9 6 5 7 17 14 6 15 11 3 12 19 15 18 11 6 7 18 7 14 5 4 15 19 13 5 8 13 8 10 20 12 2 13 7 19 16 10 11 8 10 13 13 3 9 8 16 11 0 17 3 2 7 16 7 14 7 15 15 18 10 17 13 18 10 9 1 1 6 10 5 3 2 4 20 17 15 2 12 4 4 17 15 1 18 13 19 13 17 20 10 1 2 13 7 12 20 19 8 13 14 1 15 18 17 7 2 10 13 2 18 10 16 6 4 14 4 13 1 2 10 13 20 20 10 11 17 19 15 16 18 19 3 6 7 20 7 6 10 12 2 3 20 5 9 4 14 1 4 12 10 18 1 6 17 6 5 16 11 6 6 9 14 6 1 10 16 1 3 8 4 11 18 15 19 12 1 18 7 7 6 11 16 14 9 19 1 11 18 3 20 14 11 8 20 10 5 14 18 12 15 8 11 6 19 5 16 10 19 18 7 19 17 17 1 3 8 13 5 4 18
7 3 9 7 5 20 1 5 10 16 2 14 6 7 5 18 9 10 20 17 20 12 19 9 7 19 16 11 1 12 13 18 8 16 14 15 18 9 17 11 4 6 9 2 5 1 12 19 7 11 11 15 1 12 17 20 3 3 5 16 3 2 11 3 1 1 19 9 7 18 8 8 8 14 11 12 16 15 19 13 1 19 4 4 14 14 18 3 16 1 4 16 3 10 2 7 16 8 12 2 11 1 5 20 16 7 17 15 9 7 3 15 5 5 10 4 15 12 14 10 1 4 15 18 15 1 3 10 15 3 10 2 18 5 8 15 20 9 18 17 10 17 3 12 8 5 5 14 20 15 17 19 6 2 19 17 5 15 18 2 16 1 6 9 19 7 3 8 1 2 6 6 15 17 2 12 16 15 9 15 14 3 7 8 13 18 4 17 19 18 1 17 18 8 13 20 5 19 19 19 18 9 18 20 1 6 4 14 2 11 17 18 15 12 14 4 9 3 9 20 16 10 1 19 7 5 2 9 5 7 8 15 14 8 15 11 17 15 10 17 1 20 3 11 2 12 16 1 8 18 13 18 5 10 14 10 3 14 19 6 15 15 19 18 5 5 5 11 1 3 6 9 4 9 20 12 7 7 12 12 2 2 1 17 14 16 14 16 18 2 7 10 13 11 4 12 4 13 6 11 18 9 9 11 7 20 9 5 4 4 15 13 5 11 19 13 19 19 11 6 10 20 9 18 4 16 7 16 0 11 4 1 9 3 1 1 4 1 4 8 7 15 7 9 16 15 6 10 3 10 20 5 2 9 2 20 5 11 16 13 16 5 7 1 2 20 3 9 20 4 14 19 6 17 16 11 5 15 12 13 19 4 14 6 11 6 15 10 3 20 17 8 16 6 19 15 19 3 15 15 9 1 1 12 16 18 7 1 5 11 1 10 2 6 18 7 19 18 1 6 20 1 13 12 2 1 6 4 1 13 8 19 4 18 16 3 19 15 9 15 7 1 3 4 15 12 6 4 18 14 17 13 10 4 6 13 15 13 15 19 14 9 4 19 12 9 7 10 17 20 17 20 19 18 14 4 12 14 19 7 6 7 14 3 7 7 6 8 4 14 13 11 9 13 20 16 1 8 10 16
6 15 13 19 17 19 10 5 2 17 3 8 2 6 10 13 9 16 3 8 9 5 5 10 3 12 1 19 4 4 5 20 5 7 3 16 9 6 9 2 19 1 6 6 3 8 6 3 13 1 11 19 2 1 19 20 15 8 11 3 16 6 6 19 5 18 18 17 4 9 15 8 20 8 19 17 18 16 16 10 8 16 12 15 6 2 18 4 16 15 18 2 11 12 11 9 4 17 4 13 10 1 17 18 3 19 6 14 3 13 15 14 1 4 19 14 7 19 14 6 14 7 1 11 17 7 16 3 18 10 14 10 2 4 9 8 17 1 4 5 2 9 5 10 11 3 2 11 18 18 17 8 10 4 16 9 14 2 12 18 20 17 2 2 5 10 18 18 6 7 5 7 15 6 17 19 3 17 11 9 1 16 5 14 14 2 14 6 4 3 14 18 10 3 3 20 16 3 6 18 8 7 9 10 14 17 15 2 18 13 14 19 11 4 16 10 6 15 13 11 6 19 5 10 1 15 16 1 6 7 16 1 10 18 19 13 4 4 6 3 3 15 9 2 13 17 13 15 8 13 13 3 3 13 13 1 6 12 9 11 13 16 17 10 12 1 5 12 15 18 19 6 20 1 1 2 1 6 19 9 20 18 20 8 14 19 13 12 14 20 5 20 8 4 4 16 1 8 20 1 12 4 20 15 4 17 13 14 3 1 16 3 14 19 10 9 5 8 14 2 16 9 2 7 12 18 2 7 1 0 12 7 14 19 10 10 14 10 1 9 11 7 6 13 16 16 2 8 19 6 9 19 7 5 19 12 7 18 2 1 2 4 4 7 14 6 3 1 2 12 3 11 19 12 12 13 13 12 20 17 6 19 7 15 13 7 2 4 19 14 18 9 18 14 10 14 11 3 9 14 12 1 12 6 19 8 10 4 3 13 6 11 10 9 14 16 13 14 18 13 14 14 17 6 11 12 11 10 14 14 13 16 12 1 13 1 3 17 5 10 18 18 6 16 14 1 13 16 11 3 19 12 14 5 13 8 2 14 2 3 5 2 5 8 1 18 15 3 11 12 8 7 15 17 3 14 12 20 17 1 15 14 9 6 15 13 17 12 11 12 20 12 10 15 12 4 11 4 12 10
1 19 13 4 20 5 11 9 6 5 5 15 5 20 15 18 11 9 13 8 17 17 16 7 20 12 18 15 16 6 10 7 9 20 2 10 18 18 12 5 15 20 10 15 1 12 14 8 14 2 4 7 15 16 9 15 16 6 8 15 6 10 6 14 9 10 3 8 12 10 3 16 18 11 7 17 20 4 9 10 16 14 1 17 12 17 3 10 3 18 5 14 2 14 12 6 11 16 20 19 10 15 1 2 13 17 4 2 19 4 14 16 19 2 8 6 11 12 18 4 16 5 9 5 16 2 17 10 18 14 5 15 19 14 6 17 3 16 20 16 2 16 16 15 10 10 20 17 12 17 16 6 18 20 14 12 14 10 18 15 17 8 11 16 14 4 4 18 5 12 14 2 4 11 18 12 8 4 6 16 6 19 8 19 10 7 9 14 10 1 16 8 11 6 9 7 15 12 14 11 8 12 2 2 14 17 12 15 9 5 10 15 11 19 7 13 11 3 8 9 10 5 1 18 17 16 19 8 19 10 16 8 4 9 15 7 13 15 12 13 7 18 4 2 4 8 16 17 12 14 2 9 19 19 14 18 17 19 5 3 20 17 7 1 18 3 13 13 20 6 15 6 18 6 8 4 4 12 1 9 3 2 8 4 1 19 5 3 19 16 18 17 16 2 17 8 1 9 4 13 9 13 5 20 18 9 14 12 8 10 20 12 20 5 9 4 15 20 20 2 3 3 12 20 11 1 13 6 1 11 0 18 12 14 1 9 15 15 2 16 11 8 15 16 19 17 14 10 20 10 2 6 18 16 16 20 10 11 10 7 10 5 5 11 17 16 15 11 11 16 20 20 9 15 13 20 15 6 4 8 17 20 16 14 10 8 20 5 18 8 14 17 13 8 18 14 5 1 18 18 14 13 15 3 1 7 15 14 16 4 18 20 11 7 18 9 4 17 15 1 10 6 17 9 8 17 1 13 8 17 16 10 19 2 1 17 17 13 15 5 12 13 18 10 13 12 6 17 4 8 13 5 9 20 15 6 19 7 17 7 14 7 7 18 13 16 12 14 5 2 1 9 10 18 13 18 18 20 2 2 1 6 19 14 6 20 10 16 1 11 11 12 15 4 18 6 14 18 4 3
8 6 20 14 9 6 11 17 15 5 8 11 11 17 12 5 4 7 16 16 5 16 16 3 18 6 8 14 2 9 4 6 17 2 8 16 9 19 3 18 20 17 9 16 5 8 14 14 19 2 14 10 18 6 20 19 14 14 11 4 11 15 18 8 12 3 6 4 3 8 4 12 17 5 6 15 13 20 13 2 9 17 10 19 17 9 1 10 5 9 12 3 7 16 11 5 8 10 11 2 5 18 1 5 20 5 17 17 16 14 15 11 19 7 2 17 7 11 13 3 5 3 20 9 12 8 1 1 9 20 14 16 1 3 10 6 5 2 10 5 10 15 2 3 7 6 17 1 17 17 10 18 7 15 11 11 17 8 4 8 11 7 2 4 4 15 9 11 10 11 5 12 8 12 10 13 5 11 15 20 1 14 15 18 11 20 3 17 15 17 11 6 11 6 8 6 17 2 13 5 3 1 10 17 7 15 20 7 7 12 19 3 9 20 8 2 5 2 3 7 10 20 17 19 1 9 8 3 16 8 19 15 14 2 19 20 10 5 1 19 15 6 1 10 6 2 2 17 7 1 14 6 16 20 10 11 18 13 18 3 1 17 17 11 16 4 18 1 7 19 13 12 14 3 10 11 3 7 13 6 10 14 8 5 20 20 1 4 6 7 12 5 6 14 5 6 7 3 7 19 4 20 9 14 8 9 11 16 2 6 13 9 4 8 9 14 3 8 11 3 19 17 1 17 15 1 15 7 8 9 11 0 14 15 14 3 13 19 11 8 2 5 14 4 14 1 3 6 19 19 11 10 14 13 5 20 9 20 5 17 10 12 10 14 4 4 16 16 16 17 9 17 15 19 20 17 2 16 16 10 11 2 5 7 17 15 7 5 10 11 15 9 11 7 7 12 14 15 18 10 15 13 1 11 2 4 16 9 18 17 16 3 9 19 12 6 10 4 15 18 16 2 15 10 1 10 10 3 17 7 17 16 9 7 4 10 15 8 7 16 10 1 7 6 17 19 19 6 13 1 8 2 12 14 14 18 13 9 16 3 18 10 16 17 18 14 12 10 20 10 15 17 12 20 18 10 17 2 19 4 9 18 5 2 20 7 6 10 11 7 4 8 14 13 3 6 19 4 7 9
7 1 15 9 3 20 13 19 12 18 9 6 14 9 2 2 17 10 3 14 10 7 10 9 9 1 13 19 2 8 10 17 12 5 10 16 13 11 7 15 7 3 20 15 1 17 10 6 19 10 13 6 7 19 9 13 5 6 17 17 13 8 9 1 19 13 8 6 13 11 16 17 5 17 11 11 9 11 3 15 3 9 7 14 18 11 12 12 3 18 6 1 5 17 15 15 15 19 17 19 1 1 18 17 1 5 10 16 16 5 13 12 17 9 1 1 2 3 20 5 2 15 10 8 19 18 8 7 18 16 4 13 9 5 5 5 15 19 7 5 7 12 6 10 13 11 6 9 18 12 19 10 3 9 17 9 17 11 4 13 9 6 6 16 13 12 11 2 18 11 15 15 5 6 4 12 19 16 7 15 14 2 3 11 20 11 4 14 12 5 8 15 3 19 15 19 11 12 6 18 15 11 14 16 20 1 19 19 9 12 5 8 5 12 13 12 16 1 14 2 19 7 10 10 4 19 16 16 13 14 2 7 1 18 16 13 12 6 8 16 8 2 11 10 19 20 8 5 9 20 15 20 17 10 4 12 6 16 7 10 6 1 16 9 20 8 10 19 1 6 12 9 5 17 3 9 18 18 17 7 18 18 20 15 16 4 9 8 8 6 12 15 6 7 18 2 11 1 1 6 15 14 13 7 15 17 10 6 11 9 11 2 3 2 17 3 16 15 14 13 19 19 20 3 20 3 1 19 14 8 12 15 0 11 7 13 16 18 10 17 2 16 13 18 4 4 18 9 3 11 2 9 3 7 13 5 12 4 2 13 15 4 3 1 7 8 20 7 7 16 3 5 3 15 17 1 19 3 13 13 10 8 8 5 18 5 20 6 2 8 9 13 2 4 15 7 10 6 13 19 12 20 16 14 19 12 19 11 2 13 17 2 5 15 18 18 4 11 3 18 5 5 8 19 2 7 4 13 13 8 3 3 16 18 7 3 12 5 12 1 17 12 4 9 12 7 16 17 20 11 4 6 3 7 2 5 4 3 16 1 6 6 4 6 13 6 18 17 9 10 11 18 10 20 1 10 9 4 12 20 3 19 12 13 18 7 6 3 2 20 19 5 4 5 15 13 11 9 4 18
9 9 9 7 19 4 18 18 10 12 13 7 3 11 13 7 3 16 5 10 13 5 14 13 4 17 12 20 13 20 18 13 1 5 6 3 18 17 13 19 5 10 10 12 7 6 15 6 9 2 16 11 12 6 2 16 9 18 4 5 12 18 14 11 12 2 5 4 1 16 14 4 10 20 12 3 6 14 16 2 5 17 15 5 14 15 17 7 12 20 11 12 12 15 15 4 3 18 11 10 2 8 17 10 4 19 20 17 6 1 15 8 20 9 7 14 9 19 17 18 19 8 14 13 14 10 20 12 13 19 12 3 7 4 9 19 4 10 1 3 12 5 18 1 16 10 18 2 9 20 14 3 6 11 5 19 2 4 6 8 7 11 20 7 5 6 16 8 9 18 10 15 8 14 14 7 13 10 10 9 16 11 6 3 10 18 20 19 14 11 10 20 11 12 1 4 5 20 2 11 19 7 13 18 14 4 12 8 4 1 14 12 13 7 19 18 7 7 13 1 18 5 12 18 4 12 9 12 1 20 3 16 8 8 17 6 14 4 19 10 11 5 17 12 16 5 2 9 15 20 9 13 10 15 4 5 1 11 5 3 14 12 7 15 5 1 10 12 2 19 2 1 3 1 18 4 9 8 17 16 7 9 18 6 8 18 17 11 10 14 3 3 14 6 4 9 12 16 13 4 2 7 9 13 4 4 13 16 14 17 17 19 14 17 18 17 17 7 13 1 8 13 5 18 1 13 16 20 5 7 20 20 13 0 2 9 19 5 16 14 17 20 2 3 15 8 15 13 16 10 8 17 10 14 5 17 8 2 3 17 15 14 19 16 15 19 6 11 7 19 13 20 11 4 10 2 4 17 3 10 8 7 7 6 14 1 13 10 13 19 15 5 6 7 2 20 16 3 16 17 14 13 19 3 1 16 14 17 5 8 7 18 14 16 17 8 19 3 3 3 6 6 20 9 14 14 3 20 17 16 9 8 18 13 12 5 12 14 19 15 10 9 15 20 10 18 11 4 20 10 3 2 4 20 8 9 6 7 4 11 12 18 20 4 16 16 1 11 11 1 11 12 16 16 1 19 1 7 14 4 15 14 7 7 2 14 7 10 6 12 4 11 20 5 3 1 9 13 17 8
15 15 9 9 9 6 7 12 15 14 20 6 13 16 20 12 3 7 13 10 7 15 6 5 6 18 3 4 14 11 11 13 8 5 5 4 18 9 15 2 7 16 2 4 1 10 5 5 13 12 12 9 6 13 9 11 10 13 7 12 19 11 18 19 17 17 8 18 8 16 20 9 2 1 12 3 11 9 15 18 6 3 15 13 13 12 14 1 9 4 6 20 13 15 12 14 6 7 2 16 14 3 2 3 20 15 15 9 8 12 7 13 16 3 8 20 19 18 16 1 9 1 2 3 9 4 11 9 2 4 17 14 11 13 13 17 20 15 1 11 11 10 3 20 13 4 11 7 5 14 11 12 7 11 19 11 18 4 9 4 11 1 16 12 2 19 11 13 18 11 16 20 20 9 4 2 19 3 11 5 19 17 4 4 19 10 17 11 2 12 13 16 4 2 10 9 17 13 16 13 5 15 17 13 17 19 17 16 5 14 11 20 16 2 17 12 20 15 6 16 11 13 7 14 4 9 10 10 1 19 11 15 9 15 3 16 7 20 19 4 16 2 1 10 4 6 3 17 10 3 11 10 15 10 14 7 2 3 13 4 8 15 17 11 14 4 14 9 10 19 13 5 11 18 4 7 4 17 2 12 4 11 10 12 10 13 10 7 18 11 14 5 2 3 16 18 17 13 13 2 11 17 6 19 14 19 6 11 16 13 7 10 10 17 5 11 13 19 3 17 14 4 6 11 14 2 4 14 6 8 12 1 17 3 0 14 16 13 18 13 3 15 1 2 13 7 17 10 20 15 3 7 5 16 2 17 8 9 4 19 18 9 14 19 1 16 4 12 19 19 19 13 4 11 16 16 10 11 11 10 5 5 10 4 13 20 15 19 9 17 5 3 3 4 8 13 19 2 20 5 16 12 8 14 2 6 12 19 19 13 12 16 4 14 4 17 20 15 3 4 16 10 14 18 1 14 11 5 5 20 3 12 11 2 3 1 9 9 14 20 17 16 11 16 12 8 20 19 6 8 19 12 2 14 4 14 6 2 17 17 18 1 6 10 13 1 9 15 5 7 19 13 2 13 12 8 10 5 2 12 13 20 9 9 19 10 6 14 6 1 16 18 7 17 15 18 7 10 8 5
15 13 4 14 8 14 2 4 5 17 5 14 13 7 12 1 11 9 12 8 17 1 17 6 1 15 1 13 8 20 4 19 17 4 1 12 12 1 17 20 10 14 14 4 7 1 6 5 7 15 7 10 2 4 12 20 2 20 1 11 6 6 17 12 3 17 11 6 16 4 14 17 6 16 2 13 9 5 8 18 4 6 20 5 7 1 8 18 19 8 1 10 3 9 16 10 20 16 4 16 12 1 7 19 14 3 10 11 2 15 3 11 6 4 2 1 8 7 14 2 15 14 17 19 13 6 8 9 14 12 4 3 3 7 5 18 6 4 17 10 20 6 4 17 8 20 19 8 3 17 6 2 20 6 3 13 11 9 7 15 15 1 2 6 15 17 20 12 17 9 1 13 6 13 1 17 9 18 1 13 2 9 8 1 18 17 2 1 10 7 1 3 17 17 10 13 18 17 20 4 5 8 6 8 14 10 9 1 3 20 1 4 7 13 20 3 10 2 6 14 20 5 4 8 8 15 10 9 2 12 14 14 17 12 11 9 8 14 18 3 4 9 19 11 10 8 4 5 2 16 4 18 16 6 18 5 17 19 12 10 4 11 11 9 8 2 19 3 13 13 20 14 15 10 11 9 14 4 7 13 5 11 14 1 3 3 2 4 16 14 10 8 7 1 1 17 12 10 16 8 11 17 1 19 16 11 9 18 3 13 15 15 17 5 4 9 5 3 2 12 15 10 15 16 20 13 20 17 3 18 9 16 12 2 2 0 8 7 5 12 17 16 9 3 2 16 5 18 7 9 8 5 18 6 14 7 16 8 19 16 19 3 20 9 6 1 14 4 8 6 17 10 12 4 13 14 5 19 15 2 18 7 10 10 14 14 4 16 12 10 12 3 17 13 5 16 20 15 19 5 6 18 13 13 14 19 12 19 6 3 10 6 7 10 15 10 5 16 18 3 19 12 17 15 13 7 3 6 9 3 8 6 6 12 4 5 16 10 2 9 16 6 18 6 3 1 3 9 18 10 19 20 16 20 2 18 6 3 16 11 14 7 17 16 20 2 12 3 10 17 16 5 15 1 16 17 11 14 4 17 1 8 12 6 17 15 20 12 4 17 16 7 9 14 10 13 12 18 2 8
18 15 11 10 2 12 9 1 19 3 3 6 15 19 2 7 7 17 7 20 15 8 16 13 8 4 13 19 11 13 8 1 8 16 8 10 12 19 8 20 6 19 1 15 12 7 13 5 4 18 5 7 10 13 1 11 8 3 2 20 8 14 3 19 14 12 18 4 13 20 14 16 15 4 19 11 18 7 15 10 2 10 10 15 13 10 9 19 13 18 5 20 10 1 8 20 5 16 6 2 11 4 4 2 4 3 16 20 11 15 3 19 2 14 7 10 5 13 8 10 7 3 14 20 3 17 12 16 2 15 10 15 11 12 9 9 18 20 11 11 5 5 15 19 8 11 10 4 9 5 7 15 9 9 13 18 11 13 1 2 16 4 19 1 10 10 18 6 1 1 6 18 16 16 10 4 2 13 19 16 1 17 15 19 10 11 12 20 7 13 13 8 5 5 3 16 13 18 6 2 6 14 3 18 17 13 5 11 4 3 4 10 18 12 1 7 19 17 13 11 9 3 7 4 7 9 17 7 6 15 17 4 3 1 4 6 4 8 4 12 18 9 18 15 15 4 3 14 16 19 3 1 11 16 15 9 8 15 12 9 7 10 1 5 7 7 11 5 16 3 8 16 11 12 3 16 8 16 15 1 19 5 10 6 16 17 3 8 18 17 14 2 20 18 19 3 20 10 16 5 17 4 6 9 17 14 20 10 6 5 8 5 6 7 12 14 20 6 15 16 19 1 4 17 13 1 6 9 10 12 3 13 4 14 6 14 0 4 5 12 19 13 18 9 16 9 7 10 12 12 9 12 15 1 19 1 6 4 2 7 2 12 12 16 19 1 5 7 17 12 2 15 2 3 10 9 7 20 18 2 19 6 7 20 5 11 7 18 5 5 9 16 12 11 11 5 10 8 20 15 10 9 3 10 15 5 15 20 17 18 17 19 8 12 17 4 18 5 7 19 8 8 13 7 16 8 4 12 19 20 8 2 10 20 16 19 1 14 13 15 17 16 18 11 17 2 6 1 11 12 19 3 6 17 1 14 13 19 1 14 19 3 9 20 20 6 14 2 3 3 14 5 3 17 1 19 19 20 9 11 17 14 8 7 15 9 5 11 1 8 15 20 4 18 18 16 6 8 19 5
12 15 8 17 2 18 16 2 13 14 9 4 18 5 7 18 4 2 7 5 8 20 6 6 12 4 10 6 13 14 7 14 1 20 15 9 19 19 5 16 11 2 4 3 5 10 16 12 15 6 1 16 15 10 6 11 10 1 19 7 15 7 8 6 12 5 12 13 4 20 10 3 18 18 9 12 17 6 7 12 8 18 9 6 8 16 15 11 15 2 8 7 8 8 2 13 4 6 7 1 12 4 5 14 14 12 6 20 3 18 8 6 9 4 15 1 13 18 20 8 19 7 12 13 10 13 17 3 18 10 11 20 9 15 4 8 4 11 12 6 6 16 12 19 18 17 4 12 13 11 7 4 9 2 10 13 17 5 12 20 14 15 12 13 2 14 6 17 13 3 1 10 6 4 15 12 9 10 15 20 11 14 12 12 7 9 7 3 17 20 7 19 17 8 2 13 11 5 4 9 3 16 19 11 13 1 3 11 6 4 14 10 1 18 6 14 9 17 16 1 15 20 10 4 1 17 19 2 6 18 5 13 18 14 8 2 14 2 8 20 15 18 13 8 12 18 12 9 20 14 7 18 13 12 17 2 20 17 4 8 16 16 20 15 3 12 13 18 2 16 7 14 6 19 18 7 11 17 9 19 13 2 17 8 5 13 10 6 17 13 7 6 10 8 16 2 3 17 18 4 19 17 16 11 3 18 15 20 18 5 8 4 2 5 7 10 16 18 10 19 9 12 12 18 11 16 3 4 11 19 4 18 15 6 11 6 10 0 2 10 18 18 17 17 17 16 11 16 1 7 20 14 2 1 12 7 18 8 10 11 1 12 18 10 5 20 12 15 13 12 15 6 18 7 15 4 3 14 19 9 5 5 17 12 16 20 4 12 4 3 4 7 17 5 18 17 15 9 19 20 11 20 10 19 15 1 18 6 12 18 15 20 7 7 14 3 3 17 5 9 18 18 10 6 9 11 18 1 20 15 6 20 6 19 4 15 14 15 4 20 5 6 2 18 9 12 4 5 1 14 13 14 7 3 15 2 4 20 3 2 11 20 13 2 3 11 11 14 1 9 1 13 5 8 5 4 8 16 11 12 8 2 20 13 17 12 1 10 17 16 14 5 7 7 18 1 19 4 18 11
19 11 15 20 11 1 4 7 6 6 2 7 13 2 7 20 11 17 17 3 17 9 12 2 19 8 1 19 8 20 7 2 7 6 7 20 5 2 6 3 10 2 7 8 17 10 7 20 19 17 8 4 7 6 10 9 18 12 9 14 17 20 5 13 12 5 19 13 7 17 1 18 3 11 6 6 2 16 7 15 11 19 9 6 9 10 3 9 17 8 15 8 17 9 6 15 18 16 12 8 3 6 17 11 6 19 9 7 8 16 12 16 19 17 19 2 20 17 2 17 2 3 18 11 17 7 1 18 9 14 3 3 3 18 17 5 1 11 4 14 17 20 15 15 14 3 10 12 5 17 3 3 5 7 10 5 19 16 7 18 14 18 10 5 14 17 17 20 16 9 14 17 7 10 5 15 4 20 1 8 15 11 15 10 15 4 15 6 19 4 16 17 5 1 11 4 2 17 12 3 17 10 16 14 13 1 2 9 2 7 15 8 10 20 18 11 17 14 6 1 4 11 1 16 11 19 15 17 19 1 12 16 19 8 15 6 2 8 4 5 12 4 18 14 11 4 17 2 12 11 20 16 9 3 20 16 9 12 7 3 17 19 2 9 12 18 20 2 15 3 5 10 4 15 20 16 14 8 7 20 16 10 1 20 20 20 9 9 2 15 7 5 17 17 19 10 1 15 12 18 8 6 14 7 4 16 16 19 5 19 4 10 12 14 20 17 20 15 15 4 5 20 1 14 13 7 1 7 9 11 4 9 15 19 11 19 9 10 0 18 2 13 6 7 19 12 19 20 3 7 6 3 6 10 11 15 9 15 19 13 3 17 15 12 6 11 16 17 19 1 11 8 1 14 9 6 12 2 11 20 5 6 20 19 7 20 20 13 19 1 9 2 15 1 2 3 20 16 10 3 3 10 20 7 13 7 13 4 5 4 19 7 11 2 3 20 16 10 15 3 8 12 3 2 18 12 2 11 11 12 14 12 12 1 19 11 17 7 17 7 9 13 12 13 20 5 19 13 3 8 18 10 13 16 4 2 11 18 13 12 11 17 9 7 10 5 16 14 20 4 8 18 17 16 5 8 1 15 6 8 7 19 7 5 14 16 15 7 11 14 5 11 2 2 18 19 18 5 15 12
7 20 5 10 10 13 10 11 10 10 6 6 15 11 2 7 20 7 20 20 17 4 12 1 1 16 11 12 12 14 14 4 3 5 12 7 2 4 20 11 5 15 13 9 8 7 19 12 11 3 16 19 13 9 12 4 5 16 7 13 13 18 20 2 16 13 9 19 8 13 16 12 17 20 8 9 2 3 14 13 10 11 19 18 16 17 18 6 6 20 5 20 12 20 14 18 5 16 13 14 6 9 15 14 2 9 18 9 10 11 6 5 4 18 2 4 1 20 18 20 2 17 15 14 9 8 2 11 2 8 5 9 19 10 18 2 1 7 13 10 19 12 9 15 3 6 18 5 14 10 9 3 11 3 16 13 14 9 17 3 9 12 19 11 2 15 16 11 13 10 10 8 20 5 12 2 17 8 19 9 1 18 16 4 19 2 3 12 9 8 8 2 5 1 3 15 2 14 13 17 11 11 10 15 14 9 9 9 5 8 5 4 8 17 4 19 6 1 18 9 8 12 14 8 14 9 2 15 1 4 1 17 2 13 7 20 19 8 11 4 17 12 13 4 13 17 12 20 19 19 7 8 11 4 18 15 13 20 10 5 10 19 6 15 10 1 6 8 17 14 6 12 11 5 17 15 17 20 16 9 14 12 14 15 10 2 16 18 1 18 7 20 8 14 12 18 10 7 8 13 12 11 15 13 17 1 20 1 12 17 15 1 7 10 7 9 16 17 19 2 8 3 5 11 17 4 7 20 20 15 19 1 9 15 18 10 17 5 7 0 10 5 15 17 6 19 13 1 5 4 15 5 19 15 7 8 4 4 12 7 11 17 2 14 11 8 10 17 12 20 11 4 16 2 8 14 12 8 6 7 1 20 19 16 16 11 5 12 4 16 3 2 8 11 7 16 18 12 3 1 17 5 17 13 14 18 11 16 19 4 9 15 7 10 19 4 4 14 13 16 3 15 20 7 1 8 3 16 18 16 19 6 6 15 2 16 16 4 12 8 7 2 18 5 7 18 6 14 11 6 2 5 10 9 17 17 18 9 3 12 3 14 16 9 16 13 9 5 16 9 17 1 12 20 13 17 17 15 14 4 18 18 9 11 6 8 10 2 8 5 9 18 18 7 10 20 18 12 7 18
17 10 16 14 14 14 14 3 11 1 9 5 19 10 8 16 11 9 16 10 16 5 8 8 5 9 1 1 2 10 7 13 17 19 3 12 18 5 6 10 12 16 1 15 6 11 16 9 12 16 14 1 16 16 9 17 17 16 7 19 19 14 6 3 13 13 1 19 16 20 11 8 10 4 20 12 2 18 13 6 20 7 16 1 15 1 15 11 9 12 14 18 16 9 20 19 12 2 5 1 11 2 14 18 16 19 5 1 1 11 18 5 19 8 10 19 3 7 16 1 1 3 9 14 1 17 12 20 11 10 6 3 14 20 7 3 5 4 9 4 7 3 10 6 5 5 15 18 18 5 3 8 2 6 12 1 5 5 20 15 7 16 8 18 11 17 18 10 9 5 1 4 15 4 18 9 8 5 5 6 4 7 20 18 16 7 20 19 12 11 17 19 19 6 6 16 3 1 17 19 6 16 18 20 20 1 14 10 18 15 13 3 19 4 4 15 20 9 12 13 2 7 18 2 2 8 12 14 20 2 4 9 19 3 3 8 20 9 14 10 12 10 7 20 8 19 12 3 1 9 13 19 1 1 20 12 4 15 16 13 14 13 7 12 1 18 15 19 6 18 12 10 13 4 4 14 19 17 10 18 4 15 8 8 1 6 13 13 9 6 13 8 2 6 15 14 20 15 13 7 3 1 5 7 15 9 18 19 10 5 20 19 5 9 20 19 11 1 15 6 15 14 15 1 8 4 1 4 15 10 3 17 19 20 3 15 19 18 15 13 0 19 20 8 5 14 13 18 3 9 4 13 12 16 18 10 3 17 14 12 7 14 14 1 5 1 4 18 19 13 13 7 7 17 4 4 19 7 11 1 9 12 9 11 18 17 16 3 10 8 11 14 8 13 5 14 10 9 12 6 16 17 14 19 2 6 11 2 16 2 13 14 1 7 4 6 11 10 11 19 19 16 15 16 16 8 13 13 12 12 7 2 5 19 7 3 15 12 5 17 5 7 8 17 20 1 6 2 5 14 18 20 8 16 17 4 16 16 10 1 5 6 4 20 4 5 1 8 2 19 13 17 14 19 6 3 13 7 16 1 12 19 17 8 15 12 1 4 13 16 4 4 18 6 18 10 14 20 16 15
7 2 15 3 12 18 13 3 4 13 20 13 10 18 6 3 3 19 14 16 17 7 2 4 17 11 9 19 19 19 19 8 11 7 19 8 5 15 19 3 5 15 8 17 12 12 6 4 19 19 11 10 12 8 7 19 2 3 17 5 5 4 18 4 18 9 12 5 1 18 3 17 17 8 3 1 19 7 9 15 4 12 18 6 8 9 14 16 19 13 3 2 19 12 16 7 7 9 8 8 17 19 9 1 1 4 9 5 15 5 14 18 14 5 14 15 13 14 2 10 4 12 19 17 12 15 1 16 18 9 7 17 16 10 16 4 1 5 9 5 10 8 3 18 16 2 20 2 17 12 14 20 20 19 3 4 10 20 11 5 1 1 9 20 14 2 3 1 16 13 6 2 7 18 10 10 11 1 18 18 15 14 10 15 8 5 20 5 17 13 20 16 12 14 8 12 17 2 5 10 14 2 17 5 1 14 9 19 10 13 19 11 18 14 10 18 20 9 19 6 14 8 7 17 2 11 6 15 19 12 1 16 14 19 2 11 15 19 12 8 11 19 7 4 19 10 7 8 9 8 12 12 5 19 18 1 8 4 6 17 13 13 6 9 15 15 6 8 19 10 14 9 8 20 15 9 5 5 15 9 2 19 19 19 13 18 8 20 3 11 15 13 2 13 16 11 20 19 7 18 3 13 14 14 17 7 12 5 10 8 17 17 17 20 10 15 15 6 9 8 8 17 4 13 3 2 11 11 9 4 19 9 7 3 8 15 18 16 8 8 16 0 15 19 2 18 8 8 5 17 1 7 1 14 4 6 18 7 19 11 6 11 17 2 2 14 8 14 13 11 8 15 7 16 12 14 13 11 6 19 11 18 6 14 19 18 15 17 15 3 20 13 14 10 12 6 19 19 9 3 9 12 14 13 19 7 5 19 18 3 6 14 6 11 2 13 11 17 7 14 19 4 12 10 12 4 4 7 12 9 4 12 14 2 19 16 10 20 6 11 6 13 16 19 6 19 2 14 3 11 12 19 11 9 11 8 19 6 6 1 2 8 6 4 12 13 3 4 11 17 6 17 8 16 1 20 8 19 17 8 13 10 11 9 2 5 4 15 6 6 10 16 19 19 6 19 16 14 12 6
6 3 7 16 17 5 16 5 14 6 14 15 19 7 15 14 3 15 6 17 2 19 19 19 1 2 18 7 4 20 14 19 15 16 11 5 8 16 13 20 3 19 9 10 6 2 7 9 1 1 8 15 14 9 8 16 16 11 5 8 1 14 1 12 6 10 18 17 5 14 3 12 5 11 18 20 15 16 5 3 7 15 10 16 6 10 17 11 8 18 19 11 3 7 8 16 4 13 18 7 14 16 10 14 2 7 2 5 14 17 4 15 20 3 9 17 12 20 18 10 6 6 8 10 18 2 18 12 15 20 10 3 11 12 18 20 8 9 15 3 16 9 12 9 4 2 1 15 10 9 6 4 13 3 13 12 12 16 19 2 11 8 10 6 18 10 12 16 3 12 1 15 2 10 1 8 4 20 8 20 1 13 19 20 18 10 15 12 16 19 2 10 16 18 11 17 15 7 18 8 3 18 8 20 5 2 5 12 9 1 19 17 14 9 6 12 5 5 16 4 1 15 3 4 12 6 5 12 8 2 1 12 17 20 7 10 5 8 4 19 12 5 14 15 10 5 20 7 13 14 3 14 9 7 11 18 6 12 8 13 8 3 12 9 18 13 4 7 18 4 14 3 14 2 7 6 2 3 16 14 14 15 2 4 16 12 11 1 4 5 18 18 20 14 2 20 11 2 12 16 13 3 16 16 20 2 11 6 3 13 12 7 9 2 18 3 12 8 12 15 10 1 16 20 11 16 12 15 12 9 13 16 12 20 7 12 15 12 20 14 19 9 0 7 17 3 20 15 10 8 12 12 20 19 8 13 13 9 16 16 7 7 14 2 12 7 10 9 1 5 18 1 12 13 10 13 4 14 19 6 13 10 11 5 7 6 9 12 13 13 8 1 5 10 6 13 20 8 15 5 8 11 5 6 2 20 9 7 4 5 20 5 18 7 5 10 3 1 19 11 13 1 13 7 12 6 4 14 1 8 8 16 4 19 12 11 12 9 5 8 19 10 1 5 18 17 18 13 10 8 17 6 17 6 7 3 5 13 3 20 16 14 19 15 9 17 18 15 13 16 20 15 17 14 19 5 15 6 16 12 20 12 12 10 19 11 19 7 17 2 19 10 5 11 2 19 1 4 9 4
4 5 20 6 19 14 18 11 16 14 5 13 16 13 14 10 13 14 15 7 19 2 3 14 7 3 3 19 16 10 7 6 1 16 6 13 8 6 10 8 10 20 3 2 3 13 18 1 11 8 2 19 9 5 4 13 6 7 3 9 19 9 3 18 18 12 6 1 14 11 14 19 16 1 9 12 14 1 11 2 3 8 12 2 2 8 4 1 6 11 8 3 20 3 11 3 3 5 2 3 6 7 8 13 1 8 4 11 12 2 16 5 1 5 6 2 5 13 15 3 4 14 2 9 18 16 15 5 16 18 12 15 1 7 14 14 5 19 8 8 14 13 8 11 5 12 9 10 3 1 4 1 11 16 9 8 11 9 20 1 12 11 2 9 11 6 19 10 12 1 7 6 17 6 7 2 14 17 19 19 17 4 7 15 4 13 15 6 12 4 10 3 13 10 7 11 7 2 11 13 20 19 19 5 16 20 18 19 20 19 1 5 4 20 16 13 12 8 15 8 12 4 1 8 20 20 13 18 8 7 1 1 16 6 11 15 11 17 17 16 17 16 19 4 2 20 6 15 7 20 18 4 10 8 11 17 15 11 12 7 15 8 10 13 11 18 4 3 11 19 13 6 14 8 11 20 14 1 13 6 17 18 13 16 12 1 20 6 12 16 1 11 7 10 12 14 12 5 17 16 18 3 13 3 5 12 17 18 3 6 19 9 16 17 11 14 1 8 1 20 9 4 9 14 6 7 10 12 19 11 12 4 5 12 3 14 10 11 16 10 19 8 19 0 14 19 3 2 19 11 11 7 9 18 5 15 7 5 3 1 6 13 19 12 20 11 11 2 5 19 14 20 19 19 4 9 7 17 18 17 5 4 4 7 13 16 12 19 11 6 20 6 8 3 12 10 10 4 14 12 12 10 18 5 5 5 12 12 7 16 8 7 14 6 20 18 8 2 5 1 3 19 4 6 4 20 1 11 1 15 18 19 17 14 1 6 4 11 16 3 16 18 18 13 3 7 6 4 3 1 1 16 6 7 19 12 20 18 2 11 7 14 1 1 6 11 10 2 8 16 5 4 17 9 1 18 2 15 12 6 2 7 2 7 4 14 12 9 17 7 2 3 3 15 3 20 5 6 5 18
16 7 2 19 12 5 18 6 8 19 5 14 7 12 5 10 5 13 17 5 17 16 3 19 6 7 9 15 13 2 7 5 8 4 3 16 2 9 13 15 1 12 8 8 6 2 16 17 20 1 13 2 8 8 9 19 20 12 11 14 4 18 16 15 9 3 17 1 4 8 3 15 18 6 9 13 3 12 13 17 19 10 6 2 10 18 19 2 2 1 9 17 2 16 19 16 13 10 10 4 9 5 14 15 8 20 5 7 10 4 14 6 14 16 9 17 4 7 14 3 16 1 17 2 17 6 5 19 9 17 15 5 2 1 8 17 17 14 4 14 14 2 11 8 16 11 14 11 8 11 7 4 5 9 16 11 14 8 16 5 15 7 2 11 14 12 1 17 8 14 9 8 2 6 4 9 8 17 9 4 19 16 4 1 20 20 2 16 8 19 13 11 9 8 20 6 7 20 9 7 20 14 16 12 9 19 19 5 10 3 3 13 9 6 18 9 7 4 12 2 12 5 16 4 2 11 17 8 10 6 16 18 10 19 2 1 19 7 20 20 7 4 11 7 15 10 16 17 5 7 20 14 16 5 5 19 17 19 4 17 17 12 18 6 2 9 10 8 16 18 1 5 5 12 1 11 18 14 19 12 9 13 13 4 5 2 11 7 11 13 11 13 5 1 4 4 11 4 18 4 19 8 4 16 16 1 16 5 2 6 9 4 19 1 5 10 7 1 10 5 13 4 3 14 5 18 8 19 5 14 4 2 7 5 14 4 7 9 6 15 1 3 13 4 0 17 16 11 16 14 15 16 15 7 18 19 3 17 11 4 5 6 14 8 18 1 7 13 15 9 20 8 12 10 9 12 3 1 5 6 8 16 12 19 12 10 19 9 12 20 17 3 8 3 10 7 9 9 13 4 12 4 9 10 5 10 10 2 11 6 7 16 5 16 6 13 2 8 5 12 12 20 18 5 6 20 17 19 5 10 4 18 17 18 4 5 15 20 3 5 9 5 3 17 12 20 9 10 11 10 13 14 16 17 19 15 8 3 16 4 8 16 15 14 9 11 2 12 20 12 12 1 4 1 12 20 18 4 8 1 13 9 7 5 2 9 1 13 20 12 14 7 14 15 12 12 16 4 7 11
14 16 15 3 16 15 12 4 17 4 11 12 5 20 8 7 14 5 9 15 13 6 16 13 17 1 20 11 4 12 14 5 16 10 7 5 6 11 10 10 12 5 16 15 9 17 9 19 9 18 16 11 13 2 20 2 16 10 10 8 7 17 6 17 3 3 15 9 10 5 3 7 6 2 10 9 14 2 12 10 6 12 14 9 17 14 6 16 13 20 15 1 9 16 6 7 14 17 8 2 4 16 5 10 7 9 19 8 18 12 1 2 13 15 20 10 1 3 7 1 4 8 19 13 2 5 18 7 8 11 14 7 11 14 11 4 3 12 12 1 15 13 8 11 12 15 3 7 2 12 19 12 5 6 1 7 9 7 2 15 18 20 2 19 13 17 10 3 3 19 17 1 7 1 1 9 2 10 7 18 12 2 3 19 11 17 20 16 8 17 17 8 7 2 16 14 4 7 14 10 2 3 8 17 2 9 2 13 7 16 8 12 1 12 16 1 13 11 12 5 8 8 15 3 8 8 17 17 17 20 16 15 11 2 12 9 16 15 16 8 18 6 2 9 18 6 15 15 12 8 6 8 9 4 7 10 2 3 8 17 16 19 11 6 16 15 15 8 15 13 5 18 16 11 15 8 16 5 3 13 19 9 4 12 6 8 7 5 19 3 9 4 5 1 20 18 9 13 6 1 11 8 19 7 1 20 6 12 17 10 13 14 9 17 3 2 5 2 12 12 17 3 19 10 17 8 16 20 15 10 6 16 9 17 4 16 13 16 8 6 13 16 13 6 4 0 19 8 7 4 1 19 10 7 7 5 15 1 19 3 14 13 9 5 19 13 16 11 8 2 4 4 12 7 1 16 16 6 17 5 19 6 10 15 20 15 7 19 6 18 10 9 3 1 3 18 1 5 12 8 7 13 5 18 17 5 17 20 5 18 19 15 14 11 14 6 18 2 20 14 9 9 13 6 20 20 9 5 9 3 6 19 14 17 3 15 16 6 14 11 13 11 12 15 13 5 5 10 8 15 14 11 2 15 5 12 16 12 10 17 11 1 15 9 19 6 6 1 15 13 5 3 11 3 11 12 12 10 14 14 3 2 14 7 4 4 5 19 15 14 13 3 5 20 13 6 18 6 10 15
1 5 7 15 17 17 9 14 8 14 20 19 15 17 9 2 20 15 2 20 9 14 2 5 14 17 9 3 13 1 15 9 5 11 18 7 18 7 5 18 3 6 5 16 1 5 12 1 5 13 10 14 11 5 19 3 9 2 13 14 8 4 18 10 7 8 10 2 1 11 8 6 20 10 8 12 16 5 8 3 15 10 11 19 8 6 17 16 8 12 8 14 5 14 17 6 14 8 6 13 17 13 8 11 3 14 6 8 8 4 17 20 12 1 10 3 6 20 3 20 6 19 13 3 16 19 16 13 7 2 6 11 11 16 14 10 10 8 6 13 20 6 15 6 12 12 7 2 19 5 6 11 7 13 10 15 1 7 14 10 11 11 8 3 13 13 3 1 11 9 15 14 16 12 8 1 4 19 20 7 13 7 13 14 15 19 6 6 12 15 3 17 8 11 7 5 18 8 8 18 1 3 8 15 10 19 8 12 19 3 3 6 1 18 13 4 17 16 5 10 3 1 15 10 3 11 3 15 15 3 5 16 7 16 6 12 19 1 1 4 13 2 9 20 2 11 19 8 6 14 10 19 18 8 18 7 7 5 2 12 14 16 19 7 19 3 6 20 8 3 13 11 4 5 13 19 1 5 2 3 10 7 13 2 2 5 20 12 2 3 13 20 10 4 15 20 17 19 10 6 5 4 7 20 18 17 3 12 19 5 13 3 9 20 3 2 6 5 18 1 6 15 11 4 12 12 1 16 4 2 4 20 14 9 12 16 15 4 16 9 5 13 1 7 7 11 0 10 12 10 3 1 8 1 14 6 9 7 7 16 8 11 4 4 6 1 12 10 6 17 4 12 8 18 6 18 15 11 2 4 14 16 6 9 7 20 14 17 10 18 6 3 12 10 5 20 1 19 19 1 10 5 6 9 19 11 3 12 17 7 4 4 19 14 8 14 11 8 3 11 11 3 8 3 5 1 2 19 19 19 9 10 2 14 14 15 18 3 8 14 19 17 12 9 2 19 20 10 16 12 17 9 12 6 17 10 15 6 6 12 18 12 10 8 1 19 4 4 2 19 11 1 2 4 19 19 8 6 4 5 8 5 10 4 8 6 5 10 13 18 11 5 7 6 14 18 17 9 9 20
8 7 8 15 5 3 6 14 11 1 2 18 8 14 6 19 16 16 8 13 8 20 3 18 5 7 19 3 8 14 4 9 7 18 14 14 4 13 11 19 7 19 12 1 8 7 12 7 8 1 3 20 8 6 5 6 3 6 1 19 13 18 16 19 6 6 17 1 2 10 4 9 10 14 17 4 20 9 5 18 19 13 18 1 6 10 14 17 14 10 17 1 8 13 1 6 8 6 12 15 15 17 3 8 11 3 4 9 10 17 17 4 17 6 16 15 20 18 11 3 10 10 18 5 2 9 1 17 7 3 18 16 14 17 5 6 20 5 3 4 11 17 7 2 18 5 1 6 4 14 1 12 17 13 5 4 16 15 18 17 11 16 20 2 2 5 16 13 1 18 4 18 6 7 16 14 8 18 6 8 1 3 7 16 14 7 8 6 20 20 10 13 18 4 15 12 7 11 3 18 19 15 2 15 2 1 8 5 8 5 11 7 18 15 14 12 15 13 11 10 12 13 14 3 13 4 20 9 20 13 6 11 5 5 2 20 14 10 19 4 1 2 7 14 3 15 17 9 12 16 1 19 10 16 6 6 20 5 19 5 8 8 19 3 18 17 13 6 6 16 5 6 4 17 12 12 20 20 20 13 1 7 17 8 14 18 9 16 6 10 13 8 18 6 19 18 6 4 9 10 6 9 3 7 7 5 7 1 7 8 11 4 5 5 8 5 9 10 10 13 17 4 14 20 6 3 3 4 7 20 10 13 1 19 19 4 14 9 15 10 15 16 16 12 7 2 12 0 9 1 13 20 20 16 18 18 18 16 3 10 9 9 5 11 11 2 15 16 3 12 20 8 18 17 9 2 15 3 19 4 20 14 20 15 13 10 8 6 20 8 12 20 4 1 20 17 14 10 4 4 20 7 16 16 5 2 4 11 4 13 4 19 9 20 12 18 13 13 2 9 11 16 3 2 8 14 6 4 10 11 19 20 10 12 8 19 20 6 11 20 14 9 2 16 6 11 14 13 5 17 12 12 5 14 6 16 5 16 18 16 2 2 16 3 1 1 7 15 14 11 6 20 8 12 2 7 12 10 17 6 2 13 20 16 8 11 19 15 4 10 16 2 1 4 4 17 7 16 15 3
12 1 18 5 11 5 12 18 1 5 3 7 17 1 15 14 7 7 17 13 6 5 11 2 3 14 10 3 11 11 4 9 6 17 1 7 1 7 15 5 18 19 20 20 11 17 14 7 19 19 6 5 11 9 4 8 5 20 11 1 16 2 7 19 14 6 4 7 18 6 5 2 11 4 7 19 5 1 8 10 2 11 18 18 2 2 8 6 8 15 19 5 12 5 18 7 19 1 1 6 4 16 2 3 16 7 18 19 15 3 16 3 8 18 4 14 12 14 10 4 15 20 3 1 12 6 15 17 8 5 1 11 16 3 14 1 17 5 14 20 1 11 13 5 10 4 8 5 8 4 20 20 2 10 6 4 14 7 14 11 9 16 12 19 19 4 20 8 18 17 11 4 13 8 7 16 8 12 2 8 2 12 16 18 19 1 8 1 18 18 17 7 4 19 4 19 2 7 7 20 8 6 7 11 8 2 8 8 12 13 7 13 5 12 16 7 4 18 9 4 18 7 1 1 19 20 14 20 1 4 7 16 11 19 16 16 8 11 19 10 13 4 15 11 14 15 16 18 8 11 5 15 1 17 11 4 10 12 20 14 5 17 6 17 1 18 3 17 7 11 3 6 6 19 13 17 20 19 1 4 5 13 10 11 6 8 12 16 3 20 4 6 9 6 17 5 2 17 15 19 9 11 16 20 16 4 8 20 20 7 16 20 10 9 7 13 17 14 11 15 18 3 6 10 10 5 11 20 16 7 7 7 11 7 8 5 9 4 12 3 5 11 20 12 16 5 15 17 0 14 19 7 15 17 14 20 7 10 20 6 11 8 10 5 3 5 17 12 12 1 19 4 14 13 14 14 16 8 15 3 10 9 17 20 12 12 2 8 18 1 2 2 20 5 14 8 13 7 20 16 6 1 7 19 13 2 9 8 5 15 19 13 6 3 17 10 2 17 20 13 14 11 14 7 12 14 13 13 20 1 14 7 19 13 2 4 4 17 13 14 8 16 12 11 15 12 7 10 1 4 12 4 13 13 4 9 7 13 20 3 3 4 4 5 5 9 11 3 1 18 13 20 3 4 9 15 1 7 10 14 13 17 9 20 18 11 8 14 17 17 1 8 20 17 11 7 12 12 19 11
19 10 4 3 3 1 19 2 6 12 20 12 20 7 15 18 16 8 2 1 1 12 20 19 8 1 11 6 12 10 19 17 4 20 4 7 2 2 4 5 10 8 2 7 13 7 14 6 13 14 5 4 20 3 5 18 4 18 8 19 5 10 8 20 15 4 11 7 8 13 13 11 2 1 10 16 14 3 14 4 8 12 2 16 16 18 12 6 12 2 9 8 18 19 19 11 18 8 3 13 10 8 14 14 18 15 15 8 2 8 19 17 13 14 12 20 5 14 14 7 8 11 18 7 12 3 2 19 12 13 14 5 9 3 9 4 5 1 1 8 12 9 2 6 15 14 4 14 17 18 1 5 10 7 20 13 6 2 15 9 18 2 18 1 7 3 13 6 17 15 19 12 6 5 11 16 15 9 13 4 13 4 3 1 19 16 17 1 9 14 1 13 12 15 17 13 17 13 13 10 7 18 18 10 20 11 7 12 7 4 6 2 14 10 12 3 18 6 17 17 20 18 12 9 18 17 4 7 15 1 5 2 2 11 7 2 1 17 2 10 20 6 15 3 13 8 6 15 5 20 14 12 2 4 18 1 7 3 19 9 19 14 5 13 4 18 17 7 20 3 9 1 7 14 3 20 14 7 5 10 1 12 15 11 5 17 6 7 4 12 8 8 20 11 14 9 13 15 16 2 2 18 15 6 13 18 7 4 1 18 6 17 10 17 10 17 14 17 14 7 10 14 14 11 5 20 2 16 4 20 17 6 19 11 6 9 5 19 1 17 12 14 18 18 12 13 4 6 2 0 11 8 18 6 2 16 17 1 20 4 9 19 12 16 20 7 12 13 3 7 4 15 4 8 4 15 18 2 19 10 18 4 6 15 4 9 3 18 1 16 14 17 17 8 13 13 4 9 11 19 17 9 12 6 20 2 18 13 6 1 6 2 20 13 15 13 19 4 19 13 4 14 13 20 6 3 12 1 3 13 19 7 11 18 15 10 20 3 6 12 16 18 20 15 17 10 18 17 18 10 12 17 13 18 10 12 4 16 4 5 12 4 20 4 1 19 5 14 2 8 2 5 8 14 5 7 7 3 1 15 11 11 12 8 8 7 3 15 12 6 4 6 8 17 5 15 7 1 2 4
9 16 20 5 14 15 3 12 6 2 5 8 5 20 16 5 16 18 16 14 19 17 16 13 6 7 17 5 4 1 9 20 17 10 13 2 19 16 13 1 7 5 19 9 18 4 7 20 11 11 4 17 12 19 1 16 7 3 15 4 5 2 14 18 19 20 13 4 3 2 3 3 19 9 1 7 2 15 12 1 17 9 7 10 3 7 5 11 16 9 18 5 1 13 5 10 6 9 11 3 9 20 5 19 8 2 17 4 2 2 9 16 14 18 13 20 10 4 9 14 8 2 17 19 13 18 15 1 11 14 2 9 10 6 19 13 9 5 8 17 6 15 10 7 16 17 5 17 1 15 15 15 20 11 3 16 5 6 19 13 3 17 6 12 8 6 6 14 1 10 5 10 13 8 10 13 12 4 17 5 6 9 16 9 10 5 5 19 11 7 19 15 13 6 14 8 3 20 9 2 9 1 17 19 17 4 16 8 7 8 16 14 2 13 16 14 2 15 14 16 7 14 19 8 8 20 8 4 17 3 16 20 16 14 9 11 17 15 4 14 9 5 18 1 12 18 6 17 17 6 14 2 14 7 19 18 14 9 16 12 20 14 11 6 11 3 8 6 3 4 7 2 18 5 3 5 6 7 8 15 4 18 19 12 17 4 2 10 16 15 4 4 10 2 10 20 18 14 5 19 15 9 15 14 3 1 20 15 9 16 16 1 7 9 12 4 10 14 4 7 17 3 12 13 6 16 1 9 8 8 20 12 3 20 3 11 8 12 18 16 18 4 18 17 10 2 7 17 19 10 0 18 7 13 9 16 8 6 2 8 17 11 2 12 4 9 11 16 2 13 6 16 12 20 8 5 16 17 2 9 20 11 1 13 13 9 19 12 4 19 16 18 8 15 13 14 5 8 3 19 11 7 4 20 1 10 19 15 6 11 10 15 12 6 8 5 8 20 6 14 5 15 13 12 12 20 8 1 18 19 5 16 17 11 3 19 5 5 18 20 14 3 19 5 19 18 12 20 5 7 8 15 10 20 3 6 7 19 13 6 5 6 19 10 3 8 12 5 19 3 3 3 14 3 6 8 15 16 3 11 2 4 19 3 8 8 7 6 17 19 17 10 10 15 11 19 2 10 3 13
20 20 20 19 20 20 12 20 14 10 9 2 14 7 20 20 1 16 9 15 8 16 17 2 11 9 15 11 11 18 6 6 16 10 8 18 13 18 16 19 10 9 3 12 18 1 6 12 16 20 20 1 19 6 14 20 7 5 7 11 11 2 19 13 20 17 19 7 17 13 2 2 8 4 12 14 2 13 5 4 8 7 14 10 1 11 6 1 9 16 10 10 15 3 12 1 3 14 10 9 15 7 6 15 5 8 9 3 4 11 20 11 7 15 20 7 18 2 6 16 7 3 19 14 13 1 11 18 12 8 7 6 20 5 17 20 12 20 6 3 1 10 8 14 6 1 9 4 8 11 12 8 17 14 6 12 7 1 20 5 10 15 17 20 1 20 8 3 15 18 4 14 6 13 19 14 3 3 3 7 11 19 15 13 14 17 11 19 6 4 1 2 10 15 17 12 20 8 2 15 11 19 18 3 13 4 3 14 7 9 12 5 14 3 17 17 20 5 10 3 18 19 4 9 15 8 15 14 11 2 13 19 15 5 7 15 16 20 10 10 13 1 8 14 6 14 12 11 7 9 16 3 5 2 3 20 6 14 9 2 1 13 20 8 18 2 8 4 17 11 18 4 18 4 19 3 8 5 5 2 5 9 11 15 14 14 11 7 9 10 16 13 18 10 11 5 7 1 1 2 19 13 8 2 4 7 19 5 13 4 9 5 9 2 3 1 7 11 17 6 10 17 10 5 1 8 17 10 15 12 14 14 3 6 2 7 9 7 19 4 2 1 14 2 7 11 12 16 9 19 8 0 7 1 6 20 2 16 1 19 5 10 5 19 13 7 18 6 20 19 15 5 9 3 11 5 5 5 19 15 7 11 11 11 15 15 1 18 18 9 2 12 6 3 16 3 8 6 4 19 8 5 10 6 15 17 10 14 7 3 18 14 4 12 12 19 6 1 2 3 11 2 4 8 13 16 6 4 13 20 17 20 9 2 15 1 11 17 5 3 15 16 4 13 16 2 17 7 11 1 13 6 19 10 1 14 12 17 2 11 10 14 4 1 15 11 4 20 19 14 14 13 16 9 10 1 15 14 12 5 8 16 1 14 2 3 20 10 17 20 8 8 2 7 8 12 3 8 14 12
11 4 16 8 3 12 12 2 2 18 20 15 19 19 6 16 9 20 17 11 1 9 13 7 8 15 18 6 15 18 14 2 1 20 20 14 6 15 10 20 9 18 4 16 9 1 14 5 8 18 1 20 18 7 19 12 11 17 1 7 9 2 19 15 14 16 14 16 5 20 3 6 5 20 16 2 2 6 9 8 11 1 15 8 15 3 11 18 20 6 7 12 16 4 1 5 9 19 7 12 2 3 17 8 17 19 3 19 10 8 6 9 3 9 5 4 13 3 3 4 13 10 16 9 11 16 3 8 12 4 19 8 20 4 8 2 6 6 9 20 5 19 16 18 17 9 7 3 13 9 7 17 8 18 7 14 8 2 17 5 13 11 10 17 8 12 4 2 9 17 14 12 20 9 1 10 19 7 15 8 12 8 8 1 7 18 8 15 9 16 5 9 11 10 10 14 19 9 6 5 18 6 18 18 19 7 8 11 7 19 13 3 5 8 9 20 1 3 9 8 8 3 18 17 14 16 8 18 15 19 4 19 12 20 9 10 5 6 3 15 20 17 10 13 1 20 4 13 14 1 11 14 1 9 14 13 7 3 3 16 1 2 2 7 20 3 10 3 10 2 5 5 6 15 14 5 15 10 16 17 15 16 18 20 13 15 3 15 18 7 11 18 5 13 16 5 3 2 16 8 14 3 10 7 11 6 1 6 13 20 15 18 7 9 7 4 10 3 4 19 7 6 10 2 5 6 5 5 6 19 5 2 11 17 19 2 4 12 13 13 15 10 12 14 16 8 9 12 5 16 13 12 0 11 2 20 10 10 8 12 3 4 1 12 12 10 4 14 18 11 11 10 6 19 5 19 20 14 17 15 20 20 16 1 3 4 11 19 7 16 10 8 9 13 2 8 2 14 9 7 4 19 8 20 18 18 4 12 18 14 17 4 2 9 6 4 16 10 4 19 2 14 6 8 16 19 10 1 4 12 13 2 4 18 2 9 18 19 4 16 19 19 1 9 18 18 17 6 13 5 4 20 20 10 18 14 14 13 8 12 6 17 16 8 6 9 11 5 19 16 1 8 1 3 19 1 14 12 10 15 4 6 3 12 18 10 19 11 13 16 1 4 1 19 20 18 3 6 10 16
15 16 9 3 18 14 4 3 2 6 4 13 11 10 16 12 7 14 10 5 18 12 15 19 1 16 5 12 3 4 11 12 3 6 14 20 4 9 12 8 11 8 1 17 7 5 10 20 18 5 16 18 2 18 18 10 10 12 13 9 19 19 2 13 20 14 20 10 8 9 12 9 9 7 12 5 2 3 14 20 13 14 3 19 17 9 6 4 15 11 3 14 12 19 14 15 3 19 6 10 19 20 14 12 11 5 17 5 10 18 13 14 1 18 1 8 3 15 16 13 9 5 2 2 9 1 10 12 19 9 18 9 20 4 20 12 15 5 6 18 14 2 14 5 1 7 9 18 5 8 7 19 12 8 10 15 9 20 15 13 5 18 10 15 12 4 11 17 16 10 10 14 2 15 20 18 3 19 8 13 8 12 4 5 12 18 10 5 14 4 2 4 16 2 14 18 16 10 13 9 17 3 3 17 13 7 1 19 12 16 5 2 2 3 6 12 3 1 2 11 1 3 1 9 20 6 16 18 20 11 6 20 7 9 3 20 9 14 14 4 2 12 1 14 13 10 2 5 16 7 15 2 10 1 20 19 19 17 15 3 8 13 17 6 13 2 6 1 17 7 8 5 17 1 6 10 10 18 14 7 7 10 20 11 3 14 2 5 3 14 18 17 8 13 13 16 14 7 12 3 8 3 11 2 1 11 10 5 3 12 10 2 8 9 18 8 20 11 10 9 18 20 18 1 17 5 17 9 13 13 1 19 3 15 9 9 2 19 4 13 15 3 12 11 17 18 8 12 9 2 7 17 11 0 8 10 5 6 10 12 2 12 13 19 15 1 20 2 4 6 3 6 3 18 17 2 8 17 8 2 11 2 9 1 9 2 12 15 18 18 1 5 2 5 19 13 11 2 12 16 2 3 18 10 8 10 3 2 3 7 8 1 9 9 14 11 13 8 9 20 7 5 16 4 17 1 15 11 6 20 2 12 12 19 4 19 15 8 7 4 7 7 8 20 5 4 10 4 19 15 18 17 2 15 20 7 14 18 13 10 19 20 10 19 3 1 14 15 20 3 8 13 12 6 8 13 13 3 8 1 5 14 2 13 18 3 7 20 4 4 5 2 6 17 7 2 10 8 4 12
3 3 20 3 15 14 8 7 5 10 4 14 18 13 14 2 18 18 11 9 19 17 7 1 8 19 6 6 14 13 5 4 1 15 10 11 6 16 17 19 10 15 11 17 11 14 2 3 7 18 8 2 16 2 10 7 17 2 20 6 15 5 12 12 3 6 11 19 16 20 20 11 4 16 6 14 10 10 4 4 3 19 12 11 10 2 5 10 16 7 7 15 19 20 17 9 15 9 7 18 14 1 20 5 2 9 2 15 7 2 6 17 3 13 4 19 10 17 11 9 19 12 11 6 9 9 6 1 14 2 1 14 15 11 19 4 13 9 7 17 4 2 8 7 8 11 3 9 12 16 17 18 7 3 16 2 18 20 11 4 8 20 4 2 14 6 10 19 8 15 4 10 3 19 18 11 8 17 17 15 4 14 19 5 17 7 4 4 20 4 10 13 19 5 12 5 2 7 4 15 8 8 20 2 13 13 19 2 18 1 4 12 6 9 12 19 5 8 1 7 2 6 3 7 7 17 17 6 8 13 4 18 14 7 8 18 14 10 17 18 14 20 11 20 17 1 4 10 7 20 12 15 2 8 14 9 19 13 1 18 4 17 12 1 19 2 5 12 12 11 18 5 11 6 7 7 18 9 9 17 4 3 7 9 5 17 15 11 7 3 1 2 18 15 4 1 5 9 19 16 20 15 13 13 10 16 4 7 10 11 7 16 2 18 2 14 18 1 16 15 3 18 13 11 5 5 4 7 16 15 8 2 5 19 19 11 6 8 4 11 11 10 16 13 19 6 14 16 2 20 6 18 3 16 0 2 19 7 10 7 1 2 18 11 2 3 20 19 9 18 18 8 9 19 7 19 12 10 16 13 2 13 16 7 19 20 5 4 19 19 13 1 20 13 17 20 10 2 3 9 7 10 2 5 5 13 13 14 4 13 11 12 15 8 6 9 15 3 19 14 8 14 8 2 6 20 10 2 3 2 13 1 14 12 18 2 8 4 8 9 11 16 6 6 3 4 5 20 17 14 7 3 9 15 10 17 13 1 11 5 15 2 19 1 17 5 5 15 17 20 11 9 19 19 15 5 4 14 10 10 1 17 17 12 4 3 6 6 18 3 20 11 2 2 17 12 12 6 20 2
3 10 15 7 19 12 16 6 6 20 4 18 19 15 7 18 12 20 20 11 5 8 13 19 18 20 9 17 17 13 4 18 13 4 5 9 2 20 11 3 17 2 10 19 7 14 12 9 6 6 17 9 2 3 19 2 15 5 10 11 18 2 15 10 18 10 4 4 4 18 20 13 2 6 20 11 14 1 2 2 4 14 17 5 16 16 6 5 20 14 16 13 6 16 10 6 16 8 16 19 6 19 6 4 18 3 14 12 15 10 19 14 18 16 12 16 19 17 13 19 3 16 18 20 19 4 6 11 13 5 12 2 1 7 16 4 7 16 18 4 13 6 14 8 3 11 17 3 9 9 11 7 20 10 7 8 16 19 7 4 7 2 2 16 18 5 7 8 5 14 13 4 10 5 17 1 19 5 8 16 9 2 18 20 10 2 17 11 14 3 5 19 20 13 2 20 3 16 12 7 6 8 9 11 15 19 14 8 7 18 8 4 1 7 16 10 5 11 19 11 12 11 7 4 15 3 16 7 10 14 5 11 1 7 8 13 1 20 7 17 3 14 3 11 4 17 2 6 15 14 18 11 15 5 9 14 10 11 16 10 13 7 11 10 17 2 13 11 7 7 13 7 11 17 15 10 5 13 16 13 19 8 6 15 2 14 6 6 7 8 9 9 9 16 2 20 14 20 19 10 1 1 12 2 13 5 1 19 5 3 17 11 20 5 12 14 19 17 11 5 14 9 18 9 12 5 17 12 13 8 2 1 10 4 2 2 20 3 13 14 16 7 3 8 9 2 16 6 12 17 4 8 10 16 2 0 12 19 7 19 14 2 12 20 8 14 8 1 1 16 1 8 3 4 15 14 8 19 4 6 9 16 16 13 19 10 9 7 7 5 7 8 6 16 20 11 9 8 18 17 15 8 16 3 17 10 14 12 8 5 13 10 1 2 20 14 16 10 19 12 3 4 13 13 17 1 20 5 14 7 6 13 11 3 8 6 14 3 20 6 8 10 7 19 15 3 19 13 3 8 4 5 2 15 6 10 2 4 3 9 8 7 3 11 7 1 13 1 17 14 17 5 17 12 12 9 2 5 20 12 13 15 15 13 6 6 6 10 2 14 19 19 3 3 1 12 15 2 6 3
1 8 4 15 11 14 14 8 18 5 3 10 14 3 1 16 4 9 3 17 20 11 5 15 1 20 20 1 10 7 12 12 12 6 13 8 20 9 12 11 11 19 11 19 17 17 12 3 5 3 19 12 12 9 3 20 17 19 18 12 5 5 11 12 14 18 16 12 15 4 18 15 18 6 2 6 5 3 4 6 18 1 18 4 6 5 12 5 15 9 5 9 5 10 17 2 3 18 7 10 5 6 8 8 19 8 1 19 4 11 1 5 2 14 6 6 2 11 1 5 4 9 19 2 20 15 2 11 14 19 14 19 16 6 17 12 5 18 15 7 5 9 20 3 15 11 4 10 20 11 2 5 12 6 14 7 13 3 6 8 15 12 11 12 8 16 3 2 11 16 5 17 6 15 16 14 8 14 6 16 3 19 17 19 3 13 1 6 15 16 19 5 1 10 15 1 12 5 1 2 5 11 1 6 4 18 6 20 14 11 20 10 19 9 14 14 19 6 8 8 6 2 3 4 8 13 11 7 1 4 3 6 17 17 15 7 12 2 1 17 10 19 11 20 13 10 14 19 9 15 12 8 15 16 6 1 13 9 7 19 9 14 4 4 1 7 19 17 19 1 5 20 13 13 4 3 18 4 20 13 13 8 18 6 13 16 3 2 17 7 15 2 15 9 18 20 14 17 4 12 11 4 15 1 13 4 20 12 3 6 5 16 10 18 17 4 2 8 5 13 3 10 4 8 5 11 12 14 10 15 12 7 4 2 10 19 19 10 7 19 17 15 13 11 17 18 20 19 16 11 10 13 2 20 17 4 0 4 3 16 11 12 19 7 7 10 8 19 14 9 15 6 13 8 18 7 4 9 3 16 20 4 8 4 13 11 17 3 15 14 13 11 9 5 4 12 14 16 15 17 14 6 13 1 5 15 3 10 8 4 13 3 7 1 15 9 13 8 16 3 18 3 13 16 5 8 7 20 1 14 11 7 2 13 11 12 4 6 9 19 14 16 1 14 12 16 18 17 18 7 4 19 17 7 15 1 10 13 7 18 13 1 9 7 20 18 7 4 1 16 16 13 10 13 6 4 7 9 19 16 5 1 9 12 10 17 12 16 15 11 1 17 6 5 13 20 3 14 5 18
9 20 15 11 2 2 4 15 5 10 12 9 14 4 6 10 4 3 12 11 10 14 14 8 14 14 8 9 2 18 19 17 13 4 18 7 10 20 18 6 6 5 4 18 4 9 20 17 3 6 3 14 16 9 10 18 2 7 9 3 18 16 11 13 2 9 20 17 2 17 1 8 8 16 19 15 4 17 9 6 6 13 17 10 7 1 19 9 1 20 1 1 14 11 12 11 15 20 5 7 2 20 5 14 17 12 11 19 5 16 18 19 1 19 3 18 18 17 19 5 7 4 14 10 19 8 9 6 1 10 1 9 15 7 10 6 2 6 13 18 7 2 5 17 15 14 3 18 19 13 17 15 17 11 17 5 2 4 10 8 2 7 11 14 8 10 15 1 8 7 10 15 17 9 9 19 5 20 15 11 5 5 16 20 4 5 17 18 17 13 11 10 19 1 8 9 14 12 3 4 8 17 15 8 7 10 7 3 8 9 11 12 19 7 9 18 2 17 2 1 4 7 11 20 13 3 13 4 9 9 13 3 5 4 3 19 10 4 5 15 5 1 6 1 13 18 17 9 19 6 7 14 19 11 1 10 16 9 13 17 10 1 20 15 7 4 5 12 13 10 7 18 1 16 2 8 10 18 20 7 15 3 2 16 10 16 8 5 13 5 8 5 19 1 7 12 20 15 8 10 5 16 15 9 5 3 6 19 15 18 7 19 15 15 7 10 9 1 20 4 5 15 2 9 18 7 3 15 4 3 3 4 8 14 2 5 9 1 6 7 15 10 6 6 11 5 20 4 9 9 3 12 9 14 13 11 20 0 9 20 19 7 18 12 20 20 13 8 10 14 8 3 8 2 18 16 3 15 4 1 9 12 4 11 3 14 10 6 9 17 7 2 7 1 16 1 5 20 6 8 15 18 13 20 6 13 4 8 11 9 11 16 20 2 11 1 14 14 11 8 19 13 2 13 7 1 6 9 20 1 2 11 3 3 1 16 10 15 8 19 7 20 16 12 4 13 7 12 13 5 7 7 13 19 16 16 9 6 7 12 10 19 16 11 13 8 19 16 6 18 18 10 8 6 1 3 14 11 18 5 16 12 3 4 1 1 17 14 18 9 5 18 5 15 4 6 9 8 12 3
19 4 4 10 2 17 9 19 9 19 8 13 11 7 6 4 7 16 13 13 2 3 15 12 4 11 8 19 10 8 20 20 16 17 8 14 14 1 12 3 7 17 14 8 11 10 19 13 20 20 12 11 4 1 10 16 8 3 18 15 18 12 10 10 12 13 3 16 11 7 6 6 19 5 8 12 10 2 18 19 2 8 3 10 9 14 3 13 15 20 4 1 16 16 6 18 13 12 1 17 10 4 4 18 6 20 9 10 15 8 4 16 15 11 7 4 4 4 20 13 6 9 5 8 19 11 12 19 9 18 8 1 6 11 17 11 20 7 2 2 3 10 18 4 7 2 17 10 6 2 6 17 3 15 18 10 7 20 13 4 10 13 7 11 14 7 20 10 13 18 16 2 15 20 5 20 3 13 5 1 15 10 6 9 15 11 12 1 4 20 4 7 2 11 12 5 4 19 12 1 20 11 6 15 12 6 11 8 17 20 3 10 1 14 5 15 18 16 12 1 20 7 14 18 5 10 6 20 15 11 18 1 12 14 6 11 16 7 19 15 9 17 7 11 2 14 1 9 17 20 8 15 13 19 12 16 8 1 12 18 18 1 6 8 13 2 16 5 17 5 11 6 3 2 7 14 1 10 13 6 8 6 19 15 1 10 1 13 2 18 19 19 20 15 11 12 12 2 17 10 18 14 1 19 12 5 17 18 14 20 12 8 1 16 6 2 11 7 11 10 4 2 15 17 17 18 10 2 8 4 10 16 17 2 17 20 9 12 18 8 16 5 7 4 10 5 17 13 16 6 1 12 1 17 10 11 9 6 0 19 9 1 17 8 20 9 1 5 19 20 7 1 18 5 3 15 15 3 16 10 7 17 4 14 18 13 18 13 11 14 14 13 1 13 15 11 11 15 1 2 10 18 13 18 3 18 7 7 16 11 12 3 6 11 19 19 6 19 13 9 14 9 10 5 16 1 8 7 4 12 7 2 13 5 8 12 1 2 20 1 1 13 1 2 2 17 18 12 16 18 5 3 17 16 20 7 11 10 19 10 6 13 11 16 5 2 13 8 3 7 7 4 17 19 13 5 7 19 3 20 11 13 7 11 1 2 19 8 9 6 3 5 15 16 17 14 18 20 13 18
7 5 4 4 5 5 20 20 3 18 5 4 3 7 16 16 8 6 12 15 10 10 12 14 4 7 19 3 3 4 8 2 18 12 19 14 1 12 15 10 14 6 11 1 7 20 2 15 20 20 15 7 18 20 18 10 9 16 20 3 2 14 11 4 2 9 20 10 3 14 11 15 18 11 7 16 15 10 6 15 10 15 10 18 19 6 17 10 19 15 11 9 18 8 2 2 20 3 1 9 3 1 1 5 13 10 6 18 9 1 4 4 14 19 11 13 16 3 15 20 10 16 4 18 5 5 15 3 5 11 6 15 14 13 10 6 16 1 15 9 2 10 16 7 19 11 4 12 6 8 14 17 15 14 2 6 17 6 6 9 3 18 10 14 10 7 4 11 13 12 6 1 12 4 6 6 14 14 1 19 4 7 2 8 13 19 20 20 8 14 16 7 2 15 6 3 7 7 14 11 8 3 10 7 20 12 11 9 17 8 3 4 20 6 7 4 2 17 11 5 4 3 4 3 4 1 10 2 9 17 18 7 2 7 16 2 18 13 10 2 18 6 8 8 18 5 2 11 16 3 6 1 11 10 1 9 16 14 9 17 11 10 16 16 17 16 6 1 15 4 20 15 7 16 14 17 17 1 16 7 17 11 8 12 18 16 3 12 18 15 11 2 1 20 5 20 20 1 11 6 5 4 4 16 13 17 3 16 12 17 4 19 9 14 15 12 18 11 8 16 3 15 12 2 10 18 12 6 6 12 18 11 9 19 16 4 18 5 13 2 19 10 16 14 6 15 3 17 10 11 1 16 9 13 10 9 10 8 7 0 15 14 4 8 17 20 19 10 3 1 20 11 2 16 6 4 13 16 6 19 2 2 5 14 20 15 13 6 1 11 10 14 19 8 5 17 6 2 5 15 11 15 4 8 19 2 10 7 5 14 5 19 13 3 7 11 15 7 6 7 16 12 6 3 5 5 19 16 12 20 13 17 10 2 16 8 1 6 8 12 6 9 2 10 3 11 2 2 15 10 4 11 4 11 20 18 15 1 18 1 11 7 2 19 12 4 12 11 13 6 3 10 7 5 17 12 9 19 16 5 11 11 6 14 2 7 6 9 3 12 20 17 18 14 15 8 12 10 4 20
15 15 1 20 20 16 5 15 2 18 9 18 8 9 18 11 2 15 6 19 1 6 1 16 9 18 12 14 17 20 18 12 3 9 11 6 14 11 9 8 15 14 10 9 4 15 8 4 7 10 20 13 8 18 1 3 8 18 8 15 18 2 15 5 16 13 2 10 10 1 10 20 16 13 10 5 19 2 15 10 3 1 12 20 5 6 15 10 6 16 12 10 17 11 9 11 8 11 12 1 20 5 14 17 4 11 3 17 2 9 20 7 18 14 9 14 17 7 14 4 15 12 6 1 5 19 7 1 13 1 20 15 14 1 8 13 14 4 3 3 10 4 6 10 16 17 5 10 4 7 20 19 11 10 3 4 19 14 6 17 14 19 4 2 8 20 18 14 9 1 18 17 12 19 2 3 1 3 9 9 17 16 7 14 6 18 20 3 11 6 6 13 9 14 16 12 15 16 10 11 7 11 9 15 5 3 20 18 10 17 5 14 4 9 18 4 12 17 3 12 17 17 17 6 11 12 9 4 11 18 15 17 15 14 20 5 16 14 15 20 10 12 3 20 17 1 20 7 12 19 15 15 9 7 19 17 7 10 8 19 14 1 13 2 4 12 8 13 2 11 19 16 17 1 16 14 16 5 9 7 15 10 6 5 8 11 19 6 11 4 2 5 13 14 16 8 3 7 3 9 14 9 1 6 6 1 18 2 20 4 20 1 5 9 1 15 18 4 13 11 14 11 8 6 19 14 11 16 9 18 8 6 9 14 3 4 1 14 2 20 7 9 17 17 4 10 8 10 8 9 18 11 4 3 11 5 15 11 16 14 0 2 9 12 8 18 3 4 10 18 7 1 20 12 14 19 9 12 20 11 13 19 18 14 18 10 7 4 18 15 14 4 15 9 5 3 3 4 6 13 8 4 4 17 15 2 6 11 19 13 6 13 5 5 19 7 8 7 20 15 20 12 4 8 20 15 15 18 12 15 15 20 4 15 20 11 14 5 11 14 10 3 19 12 3 9 4 9 12 1 10 6 10 18 13 17 20 16 6 2 10 4 10 15 5 17 9 18 12 19 4 14 10 19 15 11 17 8 19 13 7 7 7 11 18 15 18 17 5 14 18 13 3 1 15 4 16 1 15 4
14 18 4 3 7 13 14 11 15 11 13 1 7 11 3 18 18 7 2 6 11 20 3 7 6 19 1 16 6 17 4 3 19 18 6 16 11 13 18 14 18 13 14 17 19 12 12 15 17 12 19 10 18 5 17 11 7 19 13 17 15 19 7 3 12 11 8 12 1 3 3 20 16 4 1 16 4 16 4 4 4 3 13 18 16 17 15 16 20 8 13 1 20 7 6 15 17 18 13 9 2 3 9 20 16 1 18 14 15 14 6 18 2 19 15 1 13 13 6 10 1 12 3 14 15 11 1 14 20 14 5 10 1 8 4 15 14 4 7 14 5 6 14 9 5 11 11 19 6 15 8 16 18 6 13 5 20 12 6 4 3 18 4 12 18 18 3 6 3 11 9 3 18 19 3 9 9 7 4 20 3 3 3 6 11 18 4 9 19 11 8 4 13 10 13 19 3 13 20 11 4 10 17 11 10 5 6 12 14 3 10 7 18 15 17 4 7 14 17 11 1 17 20 9 6 18 13 20 4 11 18 15 7 17 8 13 10 17 1 20 17 5 9 1 17 12 5 20 1 19 14 10 8 13 20 11 2 7 16 1 19 3 19 9 3 13 17 5 2 18 14 5 3 1 8 1 8 15 2 13 5 3 5 8 15 13 17 2 18 15 13 7 13 6 7 15 19 2 8 13 2 4 17 17 8 9 3 19 8 20 2 11 14 11 1 3 18 4 9 1 14 5 11 11 7 19 3 10 9 20 12 15 8 19 13 19 11 7 18 14 6 19 3 8 15 18 18 15 7 18 4 11 12 10 2 9 14 17 12 9 18 0 10 6 6 17 5 20 9 12 13 20 1 7 13 19 6 16 12 19 18 15 18 17 7 20 1 12 14 11 16 5 16 19 6 11 14 2 15 5 7 4 17 5 8 7 9 2 15 7 15 6 7 12 6 5 11 20 6 12 11 10 18 12 6 12 6 8 15 4 15 9 2 7 17 6 10 18 11 4 12 14 13 4 15 10 5 9 19 1 19 18 13 10 13 19 14 13 3 2 19 14 16 4 10 3 9 17 10 13 4 18 16 14 10 7 15 2 2 5 17 2 2 6 6 5 19 13 20 17 6 1 4 2 17 7 13 2 2 11
6 6 20 11 9 6 9 13 20 9 2 3 9 17 16 18 18 4 10 12 8 4 5 11 6 18 12 10 2 19 2 19 9 13 18 2 3 18 12 19 7 9 1 10 9 3 20 14 5 18 2 17 9 10 17 6 18 10 10 18 8 7 6 12 13 18 4 13 2 8 7 5 5 19 1 17 12 1 7 9 6 6 8 9 7 1 15 11 12 2 10 6 3 6 10 19 11 9 16 17 4 1 15 10 5 20 18 16 1 3 3 9 17 10 20 12 5 2 18 12 20 3 15 17 1 7 4 19 10 12 3 20 11 12 2 6 20 10 6 11 9 7 15 8 7 15 9 3 7 3 10 7 2 16 2 15 20 16 14 8 7 17 7 7 13 15 13 3 7 8 11 2 3 5 4 2 1 16 18 18 8 15 15 2 12 20 15 3 13 16 18 2 19 16 13 14 16 3 18 16 15 18 2 2 2 9 7 1 16 5 6 6 10 11 14 8 15 10 16 13 12 5 18 15 15 11 14 6 19 9 18 8 2 17 2 6 10 3 9 15 19 4 10 5 11 6 7 6 18 12 8 2 8 14 2 11 11 6 7 12 2 5 15 12 3 20 14 3 2 13 17 10 2 6 18 15 5 6 8 14 11 3 5 5 11 5 8 15 18 20 14 10 12 15 13 6 16 13 8 13 16 20 19 18 20 18 6 6 14 9 10 7 19 20 10 3 4 10 10 13 14 2 19 15 2 14 7 3 18 18 4 17 9 5 6 19 5 13 6 3 20 5 18 16 2 15 16 5 10 20 5 6 13 15 16 8 5 3 8 2 9 12 0 1 14 10 19 5 3 12 3 20 7 2 12 16 14 19 5 12 11 3 2 18 19 5 4 16 19 13 13 1 18 19 15 19 10 17 3 18 20 11 8 3 2 6 1 10 3 7 7 19 17 13 13 19 18 18 5 1 15 5 1 3 10 19 9 4 3 4 6 7 9 13 1 8 7 13 19 9 15 2 7 1 1 15 19 17 7 10 11 12 13 15 15 18 19 11 20 16 18 15 15 8 15 20 2 2 11 3 8 18 10 20 12 20 5 17 7 14 10 4 11 17 18 7 7 17 20 3 1 17 20 18 8 10 17 5 20 18
7 20 10 5 14 12 1 11 13 11 18 10 3 6 12 10 14 20 6 13 3 10 20 15 18 18 15 14 16 14 20 17 11 11 10 3 6 10 2 5 18 17 5 8 18 19 2 2 13 1 7 15 18 3 14 10 8 1 18 4 17 9 17 9 20 5 10 13 19 2 9 13 14 9 3 5 7 15 17 17 3 9 17 13 19 18 3 14 12 6 11 16 8 12 12 1 7 8 12 7 1 17 19 3 14 8 11 16 2 13 12 5 10 11 6 20 10 2 2 5 16 10 3 10 7 2 9 11 9 8 12 1 8 20 10 3 19 15 6 3 2 17 10 11 2 19 15 10 2 15 9 6 20 4 8 5 12 1 10 16 18 4 7 3 14 8 19 8 3 2 20 1 4 10 8 12 15 4 11 12 20 18 7 20 2 5 3 20 3 13 19 8 7 1 2 3 10 1 7 15 19 17 8 19 20 1 15 18 19 14 18 18 9 19 9 12 11 14 10 12 13 1 15 11 17 6 13 20 9 11 5 19 2 14 8 10 2 6 4 19 11 19 9 8 8 13 10 8 15 17 8 18 16 19 15 14 7 2 16 3 9 4 20 19 19 2 15 20 14 2 11 16 3 1 10 11 13 11 5 14 13 15 20 16 5 17 1 8 4 20 2 8 19 19 18 20 2 20 16 1 11 3 10 3 17 6 6 11 3 10 12 6 17 15 11 6 18 5 14 2 12 7 4 4 13 4 3 13 8 6 12 17 8 7 8 5 9 3 13 2 12 17 18 17 20 2 11 10 6 8 16 13 10 6 19 12 13 5 1 6 17 20 1 0 10 16 7 17 7 9 13 3 10 15 6 17 7 1 3 9 15 9 6 3 18 15 17 4 15 18 20 16 20 2 1 8 3 11 10 14 4 18 12 10 4 2 10 4 12 2 10 15 6 19 4 5 6 13 11 10 15 5 11 6 10 19 18 12 18 10 17 19 14 13 16 1 13 8 11 7 18 6 15 10 13 6 6 19 13 4 3 20 12 3 13 16 15 7 10 2 10 2 6 16 15 9 11 2 20 14 14 1 15 3 2 6 15 7 9 6 18 10 11 20 8 2 10 12 13 20 11 17 3 14 13 11 3 13 15 3
2 18 6 5 6 12 20 17 15 20 17 9 9 7 6 13 14 20 3 17 16 7 11 13 2 15 19 11 8 11 6 9 14 3 8 18 12 10 9 17 9 17 18 5 9 16 6 15 17 13 9 16 5 20 7 15 4 11 13 13 12 3 20 16 1 12 12 1 1 16 15 17 8 12 13 16 20 14 4 16 15 20 13 9 15 7 13 15 10 15 16 4 1 13 1 14 17 10 14 19 13 6 15 2 13 4 19 16 5 9 2 19 3 12 15 19 12 1 14 19 6 2 11 11 16 20 20 9 16 2 17 7 17 15 8 9 4 5 17 16 6 17 13 8 19 9 8 7 7 9 9 10 18 2 11 3 2 2 16 11 12 14 5 15 13 1 4 8 13 8 15 6 12 3 1 19 1 4 17 2 2 18 8 3 7 14 2 12 18 12 9 12 11 16 4 19 13 20 10 14 11 3 8 13 16 20 2 18 9 6 14 8 2 12 2 18 8 19 20 11 4 3 2 9 10 15 2 20 14 16 16 12 2 13 2 9 12 11 3 10 14 8 17 11 18 5 20 5 6 18 19 5 9 3 20 2 19 19 3 18 3 3 20 19 16 10 7 7 19 19 13 11 18 4 9 1 4 7 12 8 2 19 14 15 17 2 11 5 5 11 2 16 11 16 10 14 9 16 5 6 7 16 2 16 7 10 7 17 13 12 11 2 15 19 1 5 17 11 19 12 20 8 16 3 15 4 7 12 20 13 16 14 19 15 2 18 17 18 6 6 18 5 19 9 1 4 5 11 13 12 13 13 3 16 20 3 8 13 20 1 6 16 18 2 0 9 7 7 20 12 12 8 3 7 5 4 19 8 17 19 16 2 14 2 20 12 20 1 19 3 19 10 18 8 16 13 17 17 14 5 4 11 1 20 12 10 16 18 18 6 4 9 8 5 20 6 11 4 3 19 4 5 17 20 12 13 16 6 11 8 12 16 18 3 15 7 3 16 5 1 16 10 7 19 10 6 16 4 15 14 9 11 18 17 12 20 12 17 5 2 20 6 7 11 5 13 13 6 15 19 4 9 8 17 1 1 19 16 14 18 16 11 15 8 5 2 6 8 5 5 15 5 8 6 9 5 7 10 13 19
6 16 10 11 16 3 14 20 18 11 9 12 3 1 9 10 1 6 17 4 4 7 9 1 3 12 5 16 3 17 19 18 1 17 3 13 19 2 18 14 6 9 6 17 8 3 12 10 14 16 7 5 12 16 6 17 4 11 20 12 12 7 7 19 2 5 11 4 7 20 3 20 3 12 4 17 12 14 9 19 9 10 1 10 7 19 4 16 8 19 5 1 20 5 17 1 9 1 4 4 5 17 10 6 16 5 7 3 20 12 11 15 1 13 5 5 14 7 7 8 15 9 17 7 14 13 8 8 6 13 13 5 20 7 15 16 14 15 16 4 4 14 19 11 15 3 10 19 16 16 4 5 6 6 16 14 11 9 11 20 14 6 13 2 19 4 19 9 5 16 14 8 1 12 4 4 4 10 5 16 8 18 13 6 10 8 8 4 2 14 4 3 4 7 16 9 12 4 7 7 1 14 12 19 11 15 7 19 3 14 18 7 2 13 11 6 9 3 6 9 16 19 16 15 13 4 6 6 5 8 11 7 9 18 5 4 16 6 5 13 8 10 8 10 6 2 8 16 14 6 7 15 6 8 2 12 13 5 4 2 14 18 17 17 11 13 4 4 2 2 10 6 5 17 13 15 5 17 15 2 11 14 2 19 18 15 14 7 11 13 7 3 4 1 3 7 4 1 12 18 3 5 15 19 18 20 2 3 20 5 8 7 19 8 2 10 6 6 3 6 14 20 11 3 12 9 1 15 12 4 1 18 15 3 16 18 1 11 17 5 9 4 20 7 8 2 19 2 12 3 18 14 19 1 17 7 14 2 9 2 9 15 17 2 9 0 2 18 10 9 3 3 11 13 14 19 9 5 8 10 4 12 19 18 7 8 13 15 15 17 15 9 16 4 10 10 11 15 3 13 11 10 5 6 2 1 11 11 17 13 6 15 10 8 19 13 1 14 1 16 18 15 1 17 19 1 7 16 7 16 2 4 15 7 2 14 6 1 14 3 6 7 4 14 6 7 11 2 17 14 2 5 11 20 13 12 13 14 6 1 14 10 17 18 9 13 20 6 6 7 12 9 14 17 5 2 6 6 9 18 2 2 12 4 14 4 12 15 15 12 6 16 19 6 1 13 6 11 5 10
12 12 19 10 17 20 11 12 12 19 20 3 13 3 11 2 10 5 12 3 20 20 9 11 12 17 17 13 17 13 15 15 12 13 13 9 13 8 7 1 16 3 6 1 13 18 15 7 13 4 15 17 16 5 20 11 4 14 18 6 5 11 14 14 20 12 13 2 17 18 11 8 6 2 14 8 1 20 12 4 14 17 1 15 5 9 4 4 2 6 10 20 16 7 13 10 16 13 8 4 20 11 16 6 18 4 1 6 8 12 19 6 17 15 10 2 3 15 2 9 5 2 19 7 2 5 4 18 19 1 15 5 2 12 9 17 15 3 3 17 8 14 14 15 3 20 5 8 1 3 16 5 1 11 7 20 3 6 20 15 2 11 14 4 16 13 13 19 3 9 18 17 11 10 17 6 2 7 9 12 2 8 18 17 6 3 20 5 12 7 4 15 17 20 18 7 14 9 12 2 17 9 7 18 11 5 6 5 8 10 9 8 6 5 15 4 16 3 7 12 8 5 16 5 3 10 19 14 16 11 15 20 18 2 2 2 18 10 1 1 7 3 11 3 17 15 14 4 5 9 15 16 5 17 14 12 11 1 6 2 3 7 12 9 1 15 12 19 12 14 17 13 17 12 10 1 15 10 19 6 2 16 20 3 15 12 15 7 19 3 20 7 2 15 2 16 13 3 11 9 16 1 6 8 16 15 6 6 14 10 10 2 12 2 7 18 20 4 10 10 13 20 15 12 20 6 14 10 14 2 13 19 11 20 12 12 9 17 1 10 9 14 7 4 20 14 20 9 20 15 17 8 13 18 12 19 18 6 6 20 8 18 5 5 3 12 0 19 16 15 14 20 17 6 6 3 1 17 3 9 20 14 15 1 6 5 16 2 14 7 4 18 10 14 13 4 1 12 20 10 11 2 9 18 10 1 5 2 4 2 15 11 3 11 4 4 12 17 13 11 6 10 13 18 4 19 20 14 6 18 19 12 2 3 14 16 5 7 16 16 13 14 18 13 14 8 18 16 11 10 3 3 10 20 3 17 14 18 3 18 16 14 14 13 11 17 9 14 8 16 13 1 14 11 8 20 2 1 6 3 10 11 7 8 20 16 11 6 11 13 14 7 17 1 17 19 1 15 7 18
11 11 15 1 9 16 3 19 18 14 10 4 19 5 2 6 1 2 9 17 19 1 8 15 6 16 19 16 3 18 1 18 10 16 1 3 16 8 17 15 9 8 10 8 8 9 3 8 10 4 8 11 13 2 1 17 11 6 17 1 9 13 10 15 5 14 18 7 2 19 18 16 11 4 3 11 17 6 20 14 14 7 15 11 4 2 15 10 1 17 19 17 7 13 12 5 12 17 15 5 18 1 3 10 17 13 10 4 10 12 6 4 12 4 14 7 18 3 5 11 4 13 5 5 8 13 7 3 15 20 3 19 9 4 4 7 11 5 5 14 16 19 10 6 5 10 8 6 19 15 1 8 18 17 16 16 18 16 1 13 13 2 15 12 14 2 18 2 9 6 9 3 8 5 8 11 9 6 13 18 9 14 5 2 8 7 4 20 1 14 12 6 19 9 9 11 20 20 19 12 1 17 12 4 5 10 18 7 19 18 3 13 3 4 6 5 14 8 14 2 11 7 14 2 13 5 20 3 16 15 2 17 10 15 14 7 9 19 10 15 14 5 7 1 17 18 6 13 20 7 9 10 16 12 2 18 5 2 18 1 15 9 2 8 7 2 8 17 7 18 3 4 3 4 6 8 14 1 7 6 1 1 6 15 3 2 7 20 6 16 2 20 3 15 8 4 17 7 18 10 19 1 15 1 20 13 19 3 15 20 16 20 17 16 5 13 16 19 4 6 5 16 14 15 8 6 5 19 11 5 2 7 9 7 15 19 4 9 14 10 13 10 19 9 11 10 9 8 1 4 6 17 4 10 14 9 6 7 3 18 20 8 3 5 11 13 18 0 3 1 3 3 14 18 1 5 11 17 14 19 12 3 2 8 2 1 10 19 5 15 2 4 17 6 3 20 11 14 10 7 18 19 12 11 19 3 10 20 17 3 7 11 8 10 7 8 11 15 20 3 14 9 11 6 13 10 10 6 19 14 9 16 2 7 14 6 5 11 20 4 3 13 15 4 17 6 3 11 2 19 13 13 14 6 9 14 7 10 2 20 12 14 11 19 7 16 7 15 10 1 8 13 5 5 4 19 11 10 2 3 15 9 1 5 13 18 13 3 2 10 18 20 13 19 14 1 12 7 9 19
11 14 11 4 6 15 12 13 7 9 11 19 16 8 6 17 6 2 5 16 8 2 17 13 5 7 6 14 6 7 6 15 13 13 11 11 18 13 17 5 5 13 17 18 3 1 16 3 8 16 13 11 16 11 14 19 9 10 9 7 4 1 14 7 17 18 18 3 3 5 20 13 12 15 5 3 13 8 14 12 19 14 9 16 19 14 11 13 14 19 9 19 1 9 4 4 1 10 4 19 15 11 6 16 5 9 13 10 10 17 3 1 13 10 4 8 19 20 13 20 17 19 8 18 10 3 6 4 14 8 8 1 1 18 3 6 19 16 19 7 3 20 20 2 10 16 9 1 10 17 1 12 11 11 2 13 13 9 15 14 15 17 2 18 2 12 16 12 6 18 10 19 19 4 4 2 5 2 15 3 8 2 12 16 5 3 5 14 16 12 7 2 20 4 19 3 17 7 8 15 5 15 7 19 13 20 9 6 3 1 8 16 15 14 3 7 18 14 19 3 4 8 7 16 13 14 10 13 20 14 12 3 16 19 10 5 9 10 4 19 9 6 5 20 16 19 18 19 14 9 11 13 19 6 14 8 5 8 5 18 10 9 13 17 10 13 17 3 4 12 9 8 10 19 8 7 6 4 11 18 1 3 16 20 16 5 15 15 7 12 3 5 10 17 10 5 4 17 15 1 18 9 11 5 11 5 6 5 17 11 11 10 5 18 4 11 3 7 9 20 12 15 2 13 7 18 19 10 20 13 6 20 3 4 15 19 20 3 7 4 19 4 20 11 5 7 12 13 17 18 1 16 6 5 20 13 8 14 19 7 4 17 18 4 1 7 11 14 0 11 2 19 16 2 6 9 16 15 9 9 17 16 4 20 4 15 9 8 6 7 5 11 20 1 4 19 12 8 14 16 2 4 15 20 14 2 3 13 4 3 1 1 1 15 1 3 11 15 5 6 9 8 1 17 8 11 12 2 18 11 15 2 6 10 19 12 5 4 8 15 3 19 7 5 3 18 15 17 2 10 11 10 19 4 16 5 9 18 9 7 10 15 17 4 6 8 9 19 2 6 1 9 9 2 4 15 6 8 15 17 19 2 10 8 2 2 4 9 1 18 3 2 4 14 4 19 4 9 1 16
1 13 9 7 3 5 6 2 16 15 1 15 2 15 8 20 11 12 6 12 13 1 1 6 15 17 3 19 2 13 1 11 18 4 18 9 13 14 8 5 12 11 10 12 1 18 7 9 18 10 18 17 4 6 3 19 17 4 16 13 8 1 17 15 2 6 20 1 20 1 15 1 20 14 15 5 7 9 16 5 18 20 16 17 13 3 3 10 1 12 9 2 14 11 1 14 18 3 15 8 3 15 2 20 15 1 19 13 15 8 20 2 18 10 11 8 20 3 9 6 11 6 11 7 3 12 20 2 20 12 5 2 19 18 7 4 18 19 10 14 7 4 5 19 12 6 13 14 11 8 1 3 17 11 1 16 6 14 15 1 4 12 6 17 6 2 12 12 8 9 9 7 7 18 9 12 15 7 2 12 13 8 17 2 13 6 20 15 4 17 10 15 1 1 1 3 20 3 8 11 1 14 7 18 18 2 12 12 12 18 19 12 15 10 9 15 7 8 4 3 15 13 5 4 16 20 14 20 12 19 14 2 14 7 9 17 6 13 3 20 2 1 11 12 10 9 1 12 16 14 3 13 19 14 13 12 4 14 8 14 8 9 10 15 17 5 19 5 14 19 16 13 12 11 13 12 5 12 14 16 10 19 8 7 6 11 16 15 19 12 3 9 12 15 9 12 20 17 7 18 12 8 5 2 7 1 11 15 14 4 15 19 16 1 9 18 6 8 18 12 14 4 3 16 1 3 6 7 17 8 12 18 15 3 13 12 4 14 17 1 10 18 13 2 2 1 7 8 13 1 1 15 8 8 17 12 7 17 2 7 8 14 16 6 13 16 14 11 17 0 19 5 16 11 12 17 8 14 3 2 13 18 1 2 13 15 3 17 19 7 7 8 2 3 20 20 13 7 8 2 1 13 17 18 1 19 7 1 20 13 18 11 17 14 10 9 10 14 14 11 17 6 13 6 19 13 16 19 6 18 5 15 16 18 11 9 19 4 9 3 5 20 1 20 14 3 2 17 2 5 14 17 14 7 4 12 13 18 17 13 10 1 14 19 13 6 11 10 18 3 4 9 7 6 1 3 2 9 7 15 15 1 20 15 20 10 12 12 10 13 13 5 16 16 7 8 13 19 20 3
14 4 6 17 5 7 15 11 8 2 17 2 4 9 6 9 3 13 5 2 3 3 7 10 5 9 2 18 8 14 12 7 20 6 14 6 5 5 15 12 20 11 19 10 17 4 2 6 19 6 10 8 19 13 5 12 10 19 4 11 10 11 3 2 18 4 3 20 15 9 18 18 4 3 1 2 11 3 20 8 20 8 19 2 3 16 16 12 11 20 3 4 8 2 5 15 9 4 10 1 4 19 19 12 6 3 14 18 5 4 11 16 17 11 3 18 10 4 2 18 1 7 12 6 19 5 3 12 1 20 18 14 5 11 9 17 13 15 10 7 7 16 14 9 13 5 16 11 2 10 17 4 1 11 16 17 4 12 19 2 15 1 5 12 12 7 20 1 14 14 12 2 18 1 19 19 1 12 20 16 9 9 7 15 4 18 20 1 6 1 6 9 2 20 15 8 2 5 11 11 13 13 6 3 19 7 4 17 14 14 3 16 10 10 13 17 14 8 20 19 20 17 15 4 9 19 13 16 16 10 14 14 16 11 13 20 8 18 1 9 19 19 8 6 5 10 13 11 2 14 6 2 20 11 6 8 15 4 1 19 16 2 2 17 4 3 19 9 2 17 15 19 16 16 18 18 4 8 19 18 8 18 14 16 20 13 9 15 8 13 15 7 6 14 2 19 14 15 20 1 17 9 11 20 14 15 17 18 5 17 9 9 20 15 15 14 1 16 16 16 6 8 14 8 2 7 8 9 19 2 9 1 1 6 13 7 12 16 9 3 8 14 19 8 18 6 13 1 7 11 18 16 8 19 5 18 12 5 18 16 12 19 11 9 2 10 15 5 19 1 0 19 19 2 19 3 3 19 16 3 15 15 13 7 14 7 8 5 16 15 1 17 1 17 17 8 2 6 4 15 5 2 17 3 16 12 3 2 18 16 5 2 11 7 10 16 5 1 13 15 9 5 5 1 13 18 20 18 12 2 7 4 3 13 11 15 17 3 7 20 8 12 11 9 15 9 13 15 20 4 14 16 19 20 11 19 14 15 17 17 2 16 3 5 15 12 20 15 12 18 13 12 1 11 12 8 1 12 3 8 5 1 15 1 3 7 18 16 8 2 4 2 16 13 11 3 7 2 7 13
9 7 6 1 17 14 8 20 1 1 5 11 3 11 15 15 3 17 2 1 18 12 5 8 16 14 10 19 12 14 19 6 16 10 9 8 17 6 4 8 9 14 7 15 5 5 11 15 11 5 15 16 16 9 6 13 20 19 20 5 6 11 13 7 6 5 6 1 11 9 13 11 2 5 14 6 16 8 7 19 8 20 17 9 2 1 14 17 16 19 8 4 15 8 9 18 17 12 18 12 17 16 20 4 1 20 15 5 9 10 3 17 14 4 14 17 17 13 13 4 19 13 3 16 16 5 19 4 4 18 17 9 10 8 1 2 18 6 11 10 18 12 4 18 12 6 6 17 20 12 8 1 13 5 8 10 4 5 11 2 18 5 19 14 16 17 10 1 13 2 10 3 14 13 3 2 12 11 1 6 8 4 9 12 13 2 19 15 12 8 12 8 4 13 19 10 9 7 11 2 4 14 17 18 6 9 8 16 9 13 19 3 14 3 5 10 6 18 11 11 7 11 13 2 9 17 19 7 15 17 8 8 7 7 1 20 10 20 20 13 5 20 2 6 14 5 1 6 17 15 6 11 8 12 12 3 18 1 9 5 3 18 15 19 16 8 3 8 13 14 1 16 5 5 7 15 2 1 12 1 1 11 8 17 7 6 11 4 17 18 16 16 15 19 14 18 12 6 12 20 15 19 12 14 17 9 16 19 20 9 15 9 12 6 14 8 5 8 16 16 15 10 8 19 9 15 14 12 13 12 6 4 1 17 19 16 4 2 2 14 5 13 16 4 12 8 19 11 8 20 1 2 19 5 5 17 7 12 15 4 7 7 3 8 18 4 3 10 2 12 15 0 16 5 9 10 18 12 13 14 10 11 7 12 6 13 17 19 19 8 6 12 1 20 19 16 6 11 7 10 13 12 18 1 14 2 10 15 10 5 2 2 12 15 8 12 1 18 5 6 19 6 2 12 4 19 13 16 20 9 18 1 15 10 8 17 4 17 18 19 11 20 16 9 9 10 15 2 1 5 20 14 11 9 20 10 11 5 15 15 10 19 8 19 4 8 5 8 4 5 13 16 8 20 6 17 2 10 13 20 6 5 2 11 12 7 7 18 5 19 20 10 10 12 6 15 14 19 13 19
4 1 20 4 3 14 15 1 18 20 15 14 14 5 8 8 3 17 14 2 7 18 11 6 19 14 9 4 13 19 12 5 11 18 10 14 4 15 17 12 19 6 8 14 10 15 10 14 8 18 17 7 13 6 17 3 13 13 15 14 16 11 7 16 16 10 1 17 2 9 14 8 7 17 7 3 8 13 16 14 11 9 6 5 16 9 7 15 11 15 8 14 11 4 9 6 6 14 5 13 6 15 14 13 1 14 20 20 5 3 17 1 16 8 8 18 16 13 19 7 19 13 7 10 12 6 14 13 2 14 15 8 11 6 5 2 17 7 7 8 12 15 17 18 3 4 5 10 1 3 5 1 2 9 15 4 20 12 17 9 13 8 12 19 1 17 4 3 6 3 2 16 18 8 20 16 15 12 15 3 14 1 7 8 10 14 19 3 2 12 12 14 14 1 5 11 11 18 13 12 11 3 9 7 1 3 6 9 3 7 1 1 5 12 7 9 16 5 9 6 13 15 15 3 18 5 5 11 10 13 15 7 9 10 1 18 12 4 13 9 13 12 15 14 18 16 1 6 15 10 8 15 2 5 3 1 14 8 13 19 13 14 16 10 7 18 11 14 19 2 11 6 12 9 2 18 19 7 7 12 3 12 19 18 15 12 16 20 6 20 3 13 16 11 3 9 2 6 5 5 9 19 9 11 5 13 19 12 20 2 4 16 8 11 8 18 20 11 7 20 17 19 18 4 12 14 8 8 19 19 17 9 7 17 12 7 7 3 18 3 19 18 6 14 4 19 4 13 9 3 8 12 3 8 7 11 5 12 8 1 5 12 3 3 16 6 15 9 20 11 6 10 0 8 12 11 11 13 18 3 10 8 16 4 12 19 1 4 1 19 1 17 8 7 9 5 15 17 7 15 20 9 14 13 3 7 9 17 13 6 2 19 20 11 7 12 9 6 11 14 11 18 19 11 3 18 10 7 18 16 9 19 11 6 18 2 14 19 19 17 14 17 13 12 1 12 7 19 16 13 16 3 9 3 12 16 6 20 14 11 10 11 15 10 20 6 15 1 8 11 4 10 8 17 12 9 14 2 9 15 2 5 8 12 10 3 10 8 1 9 15 8 17 17 2 2 4 17 3 2
17 10 12 6 7 8 3 17 18 20 8 18 12 5 6 2 13 4 13 12 15 20 16 3 20 4 11 6 8 1 17 8 5 10 12 1 1 15 12 12 14 10 14 12 11 7 10 7 2 17 17 7 4 7 9 8 15 16 17 18 19 15 11 10 1 17 4 1 4 2 19 8 12 8 15 3 8 14 11 13 9 3 4 10 8 11 16 17 9 8 20 10 8 5 4 10 2 9 10 16 18 6 20 2 16 10 7 2 13 5 8 17 7 11 1 12 16 11 9 5 7 8 1 17 5 17 18 15 2 18 15 15 12 14 1 13 1 4 15 20 11 14 3 5 5 18 12 13 5 12 13 12 14 17 19 16 17 15 14 3 3 13 7 14 18 18 2 13 15 4 6 17 4 18 20 20 16 15 10 16 13 17 13 12 6 10 18 20 14 14 10 17 17 7 17 15 19 19 15 16 9 2 14 14 13 8 19 15 11 5 6 14 8 6 16 7 6 4 8 11 16 15 11 13 5 13 7 16 6 14 11 8 7 4 4 11 11 17 4 8 19 6 10 14 20 13 19 14 11 11 14 13 13 15 17 4 12 4 11 19 18 18 19 19 2 20 13 15 18 14 7 16 17 18 16 12 3 17 17 3 1 16 17 8 15 16 1 11 14 6 1 19 18 20 9 8 2 8 6 2 3 15 12 2 8 14 5 19 12 10 12 18 2 1 11 13 19 6 2 5 12 5 5 6 1 3 2 19 9 1 15 6 8 9 3 3 3 16 6 17 16 11 9 11 17 4 12 11 11 19 16 8 9 5 16 10 19 2 8 19 12 20 10 11 18 10 13 5 3 13 20 1 17 0 1 14 19 18 4 18 5 15 1 12 1 12 16 9 2 2 2 7 12 5 14 12 13 18 14 11 16 13 12 1 16 12 10 16 7 6 12 5 12 3 14 14 15 1 5 4 4 7 16 16 13 12 20 20 4 7 15 17 19 13 20 6 17 17 10 6 6 8 4 4 18 17 11 14 14 4 12 9 13 13 14 10 19 6 5 8 6 18 4 4 15 5 12 10 6 17 2 1 8 16 11 13 20 14 4 7 6 15 9 14 10 12 12 1 5 18 20 5 7 6 17 6 10 18 17 14
13 20 6 18 6 20 20 9 13 14 18 4 17 15 15 3 8 19 13 17 5 5 4 10 9 20 14 9 17 6 19 17 3 10 3 10 19 16 15 16 14 1 2 7 20 8 18 8 9 5 10 8 10 1 4 16 12 12 10 3 12 1 16 14 14 3 15 17 19 2 2 16 13 18 6 2 13 19 9 4 9 19 11 9 18 10 18 20 3 18 14 13 15 15 9 12 14 6 7 10 5 1 5 9 11 3 9 14 19 18 17 14 16 8 16 8 16 15 14 1 19 11 13 17 20 9 9 2 3 18 9 13 6 3 16 18 9 13 18 2 3 7 9 10 1 8 1 17 6 15 8 8 17 1 15 7 20 9 11 13 20 6 6 11 13 17 4 18 15 12 20 14 1 11 1 8 6 14 9 10 8 18 12 19 1 20 10 5 2 11 14 1 19 2 18 3 20 15 1 20 6 15 11 5 18 1 6 19 12 18 9 12 8 4 13 11 20 11 15 8 3 18 6 10 15 8 2 9 3 19 12 5 2 17 15 11 8 8 14 4 13 13 18 4 4 16 8 7 9 7 6 1 14 7 17 6 19 11 9 19 10 19 7 2 17 18 14 18 2 16 1 10 2 20 4 13 14 8 19 5 12 11 18 11 18 14 11 7 17 4 15 14 15 19 9 7 5 11 9 1 3 15 18 16 7 6 1 19 1 2 4 10 7 15 5 1 16 12 16 5 18 17 14 2 15 6 6 19 15 10 18 10 10 3 5 6 17 3 2 1 17 20 8 5 18 18 5 15 18 9 19 20 10 4 13 16 3 2 7 17 5 9 8 17 4 4 13 15 1 18 4 13 3 8 0 7 1 11 7 14 11 3 2 2 19 5 6 10 15 4 8 3 2 2 16 17 10 19 13 13 4 3 13 9 6 7 19 19 5 2 9 2 20 15 1 20 5 6 17 8 14 12 2 5 13 10 19 9 14 14 11 18 19 3 6 11 6 1 1 20 18 15 8 13 11 5 10 14 10 20 15 7 13 15 18 1 15 5 11 17 5 9 4 12 14 20 8 11 13 8 8 2 3 17 17 1 7 17 5 4 9 14 1 13 5 18 2 1 16 1 8 1 13 20 8 10 6 14 9 4
10 9 11 10 20 18 1 14 13 20 6 6 1 17 3 20 18 13 4 8 5 5 7 3 12 18 16 6 2 2 11 20 13 17 1 19 2 8 9 18 2 8 3 4 18 6 2 19 2 15 10 8 5 16 7 15 15 18 17 5 13 3 15 1 19 12 11 4 4 18 12 2 11 8 8 4 10 4 16 18 6 3 13 19 8 5 6 7 8 16 6 18 15 1 7 9 2 13 12 14 7 20 11 6 2 18 4 14 17 3 8 8 16 4 6 11 13 12 4 8 7 6 17 10 15 19 19 12 20 8 11 11 5 20 12 4 12 19 3 7 5 2 6 20 6 18 13 14 14 4 15 13 18 14 19 6 6 4 4 2 12 18 7 17 7 10 18 14 13 11 7 15 13 5 2 3 18 12 7 1 13 14 6 14 17 5 10 5 11 18 19 5 15 13 14 5 13 14 19 1 6 10 10 17 9 12 20 6 10 11 12 10 4 4 11 6 14 6 1 8 9 5 17 18 3 10 14 15 18 2 13 16 13 2 4 10 10 8 5 9 19 14 19 2 8 17 9 15 17 17 19 4 12 11 13 5 16 17 1 8 13 13 7 9 2 6 19 1 10 4 6 1 17 11 11 19 20 3 17 11 20 16 20 12 15 16 14 17 14 20 5 1 14 18 19 6 16 4 13 15 12 18 11 13 6 3 9 11 7 10 14 16 6 4 5 10 13 6 17 1 7 18 9 17 20 14 14 3 17 15 18 15 2 1 7 9 13 8 14 17 10 1 11 6 18 13 17 17 10 4 5 8 4 4 4 6 18 14 14 9 4 3 2 10 2 18 8 8 18 17 19 13 9 5 3 0 17 19 3 16 11 5 11 15 1 10 16 20 2 1 15 4 6 6 13 16 17 2 12 18 12 12 6 6 12 12 9 3 5 12 13 18 15 12 15 11 9 19 8 5 3 5 16 10 2 14 10 14 9 10 5 18 4 8 15 16 19 20 4 7 2 14 9 13 5 7 9 10 2 2 19 17 4 14 5 16 10 14 19 14 3 13 13 4 3 3 2 20 6 7 7 16 20 10 8 8 11 15 14 6 14 5 1 17 8 12 7 16 1 13 4 12 11 6 9 6 2 14 3 18
11 10 14 14 19 14 4 18 15 19 11 8 10 8 7 5 12 4 4 7 20 10 8 19 10 5 13 1 17 11 10 12 4 8 4 2 9 18 7 8 11 16 17 4 20 4 12 10 12 19 1 7 19 16 1 12 18 14 8 14 17 7 15 19 20 6 18 4 2 17 16 4 7 16 20 1 18 19 19 13 12 3 7 18 2 20 2 11 8 5 9 17 2 1 14 11 5 4 2 12 17 10 10 18 14 7 14 15 3 3 15 2 2 8 14 18 13 16 2 15 3 18 12 3 20 11 16 5 15 14 1 2 2 10 16 13 9 9 14 11 7 4 3 13 15 16 6 16 4 19 5 12 15 7 5 7 15 2 20 2 16 14 16 3 9 14 18 6 18 9 5 19 20 11 19 9 14 7 6 8 5 7 3 17 14 18 4 19 15 7 9 10 2 17 11 18 6 12 20 9 20 6 7 10 10 13 1 10 6 18 4 16 6 8 10 2 6 11 4 4 12 11 19 9 6 16 11 8 9 8 17 1 18 3 16 2 15 16 2 9 12 6 4 7 19 10 2 19 20 10 6 16 11 7 18 2 11 5 14 17 12 19 14 2 15 8 17 12 15 17 2 15 1 11 20 20 6 13 3 10 10 9 14 8 20 18 20 19 6 4 2 3 16 18 7 14 13 20 12 7 7 14 17 20 9 10 6 12 18 6 3 2 18 18 1 18 2 7 7 9 8 9 15 5 17 5 20 9 7 3 19 11 4 2 19 17 2 9 6 12 3 8 8 14 13 4 20 17 5 10 16 13 7 8 7 8 14 19 17 9 1 8 6 2 13 5 17 1 10 11 1 3 15 6 13 14 0 14 10 3 9 13 14 1 7 1 15 3 4 14 15 10 6 5 18 8 1 14 14 16 9 10 12 10 17 12 16 2 14 10 9 19 5 11 1 9 5 2 8 16 12 17 8 6 17 14 2 19 9 7 1 13 9 9 5 7 13 17 14 7 3 11 4 20 3 14 4 6 14 17 2 15 1 18 17 17 16 2 18 15 13 12 1 17 2 18 10 9 7 1 18 13 3 15 19 13 5 4 20 20 4 5 3 15 6 15 18 1 7 11 18 17 11 2 13 15 15 1 20 15
6 2 1 7 4 15 4 11 20 9 20 16 5 5 1 11 3 4 5 7 11 4 12 15 10 9 8 9 6 13 13 11 1 18 10 9 17 18 4 8 9 3 8 4 7 18 1 6 16 9 15 8 6 7 17 10 16 11 6 6 15 15 2 16 18 18 12 13 10 4 11 18 19 7 13 15 14 3 20 17 5 20 19 17 17 8 3 19 3 2 14 8 14 19 17 4 4 4 14 12 1 7 18 11 11 15 14 4 4 3 6 8 11 11 16 6 15 15 4 7 8 19 10 7 12 1 5 16 12 19 1 19 20 19 4 6 17 8 6 17 12 3 4 9 19 15 16 6 11 18 6 9 20 16 18 9 10 2 20 16 1 4 13 6 14 4 16 4 12 5 9 19 20 17 16 16 14 10 15 20 12 12 18 1 19 14 4 13 18 17 7 12 17 5 8 9 11 16 11 1 13 6 16 1 9 4 4 8 3 20 1 4 3 20 4 10 16 18 16 3 11 6 12 19 13 9 3 1 5 20 17 15 4 15 11 3 15 3 18 20 15 1 20 17 5 8 3 20 14 10 2 10 14 15 7 10 5 9 13 5 20 20 17 12 10 11 4 9 6 3 8 19 16 10 20 14 18 4 2 20 15 17 12 8 16 1 4 2 5 19 2 3 13 12 16 13 4 7 6 19 8 20 3 8 18 13 9 13 12 3 15 15 14 3 19 10 14 6 3 10 5 13 16 11 20 12 15 20 7 14 4 6 16 10 5 2 16 11 9 2 1 3 16 19 20 19 6 11 2 20 10 4 14 15 7 16 18 10 10 8 19 15 14 2 6 3 3 6 11 14 19 17 20 15 15 1 7 0 19 17 2 4 19 10 8 8 10 12 18 2 8 7 6 3 12 19 8 6 6 19 14 11 20 6 2 13 20 4 12 1 18 10 20 9 5 8 6 3 12 14 13 10 8 15 14 18 14 3 7 16 6 12 10 18 2 15 4 12 18 8 12 9 17 16 15 10 15 17 18 15 6 18 18 6 19 8 13 2 3 20 3 13 1 15 1 11 12 16 11 9 8 9 9 19 11 15 15 1 8 14 11 3 16 16 13 4 1 13 11 11 2 4 9 11 6 6 3 19 14 3
3 1 14 13 5 12 5 20 14 7 5 16 2 10 14 20 19 4 14 16 19 7 1 5 7 17 20 7 1 12 5 9 11 16 17 20 7 9 8 6 20 18 4 11 16 11 8 19 3 3 16 15 14 6 12 17 13 12 7 11 19 3 20 1 18 2 1 2 7 14 18 7 5 6 6 9 6 7 18 4 18 12 14 7 6 8 11 12 5 6 10 6 9 1 1 20 16 19 16 2 17 2 2 19 7 13 3 2 7 2 17 19 20 5 19 15 9 16 19 1 10 5 20 15 1 1 17 7 7 9 2 5 9 18 1 10 19 16 8 14 12 4 9 20 14 13 15 8 19 12 17 5 4 4 9 19 4 20 3 12 15 19 6 3 15 8 12 16 6 9 11 11 3 12 1 19 1 18 5 16 5 5 19 2 12 15 2 1 12 11 1 13 20 11 6 18 6 18 5 8 6 3 17 5 5 14 6 3 17 12 3 6 15 18 19 17 9 2 5 7 9 6 14 10 1 2 6 3 10 18 11 19 9 1 2 19 12 11 10 19 17 17 1 1 13 4 15 19 20 9 10 16 11 3 12 5 1 18 15 18 20 16 13 19 9 12 8 6 18 11 9 11 3 2 13 11 5 18 13 3 10 1 11 7 6 6 15 15 1 5 16 19 13 2 8 17 5 5 9 4 1 17 17 2 9 20 17 12 8 2 2 13 10 13 3 3 1 7 4 15 13 1 3 6 11 5 19 4 8 7 18 5 19 3 17 9 5 13 5 4 2 11 7 3 5 6 13 19 13 17 12 19 20 10 6 8 6 2 1 14 10 1 20 14 20 14 4 7 5 16 7 11 4 20 1 1 20 18 0 20 13 15 8 9 12 4 2 5 17 15 8 11 2 15 2 11 9 7 7 3 11 10 18 8 6 6 5 14 9 18 19 17 12 2 14 5 19 1 10 13 3 13 4 18 10 9 5 15 14 9 11 4 13 18 7 8 20 15 14 13 20 12 3 17 9 9 16 11 10 10 17 20 16 19 7 17 14 4 10 9 13 11 6 3 2 1 15 3 15 3 18 15 13 6 19 10 10 4 17 12 10 13 1 8 16 17 10 15 6 12 13 3 5 20 11 4 4 5 14 20
13 14 13 16 20 9 5 15 1 20 14 1 10 14 4 7 4 7 8 12 12 1 19 3 5 20 13 19 19 16 16 10 16 13 7 2 9 13 2 4 12 6 12 14 11 5 14 13 19 8 19 11 15 2 2 9 1 14 13 4 19 19 5 9 11 18 2 19 11 8 1 14 11 16 15 19 1 8 2 12 18 20 10 16 8 3 4 19 1 17 15 9 9 14 4 2 14 20 11 14 19 7 10 16 6 11 14 2 15 1 18 4 4 14 18 18 7 4 14 13 11 4 3 10 15 1 1 11 15 17 19 9 20 18 2 9 12 13 19 19 11 2 20 19 8 16 1 1 13 13 3 9 8 7 1 15 5 10 9 12 7 5 10 16 15 8 10 13 20 6 13 12 18 8 11 9 3 8 9 1 13 5 2 3 3 15 17 12 6 8 19 2 4 16 9 14 13 8 7 20 2 12 7 6 2 14 16 6 5 16 5 12 7 5 2 16 18 7 10 10 2 19 16 5 12 2 20 15 18 9 3 16 19 1 11 13 2 9 15 1 15 11 2 5 4 13 18 16 1 12 7 18 2 18 18 13 10 5 10 13 10 12 15 20 15 8 11 17 5 6 16 19 19 9 2 12 1 17 14 17 19 11 18 17 7 7 2 16 11 2 12 8 12 15 19 1 8 6 8 10 5 3 18 7 16 15 11 16 1 16 6 11 11 19 6 10 1 9 17 1 4 18 9 14 18 2 14 8 17 19 17 10 15 11 13 7 6 4 12 13 8 13 17 3 19 8 8 19 9 20 20 19 6 1 19 15 2 15 20 17 12 9 10 9 15 18 5 18 15 15 1 5 15 15 5 8 10 3 11 0 7 8 1 7 13 15 13 19 12 9 2 17 18 2 8 1 9 8 15 18 5 20 6 11 1 5 4 19 18 14 3 1 10 19 15 14 13 15 8 8 4 18 10 3 3 9 8 4 1 8 20 5 11 13 9 6 14 13 17 16 17 18 5 12 2 16 19 11 7 3 20 9 14 4 20 19 5 16 17 7 1 15 20 20 18 3 1 10 17 10 5 19 1 18 6 14 15 11 6 19 15 1 15 19 4 1 18 2 10 15 10 7 5 3 3 8 7 13 9 7
15 19 10 7 20 11 2 18 19 15 11 3 16 7 9 17 19 19 4 8 1 18 20 9 20 11 2 12 9 5 18 13 14 14 10 1 10 2 15 1 17 7 19 4 1 7 16 2 11 19 17 14 16 15 14 19 18 12 12 13 15 5 7 12 18 6 1 18 12 3 1 17 3 3 5 13 19 13 9 12 17 12 15 17 5 2 4 10 20 20 1 4 13 1 13 5 7 9 14 11 11 15 12 3 6 17 2 13 17 19 1 2 12 3 18 17 2 15 2 9 14 5 13 10 20 6 10 17 11 13 2 14 4 15 19 1 20 4 17 4 6 3 12 14 7 8 10 13 7 19 5 11 8 14 3 16 11 15 7 18 14 15 9 13 7 4 18 5 13 18 1 13 2 3 4 4 13 12 13 14 6 10 2 2 6 7 9 9 6 7 10 20 4 1 4 14 18 17 16 7 9 12 6 10 11 8 6 2 7 9 15 4 9 1 5 10 11 20 4 17 17 5 8 19 4 4 14 20 14 16 6 17 15 6 15 18 9 16 18 16 17 11 18 12 9 2 6 20 10 17 19 17 7 9 1 9 5 7 13 13 9 4 13 9 13 18 7 6 9 1 9 20 15 2 15 16 1 2 15 19 7 15 1 8 1 15 15 18 6 4 9 2 18 3 7 4 7 5 10 11 4 5 19 19 11 9 13 15 16 5 14 15 3 12 20 10 15 19 10 7 16 7 11 3 7 14 9 16 20 17 7 8 6 6 18 18 3 12 19 5 13 5 11 11 2 4 5 10 20 6 6 11 12 2 19 6 20 5 17 1 20 19 14 16 12 5 3 13 19 7 2 10 20 2 5 6 1 3 9 9 0 9 19 1 18 1 6 4 16 5 15 18 10 11 2 18 16 18 7 13 19 20 6 13 13 1 17 5 12 7 16 5 9 19 1 9 3 6 7 14 13 9 17 7 8 1 18 20 4 7 19 3 18 4 13 14 5 18 14 1 2 12 12 18 16 19 5 11 8 17 5 9 13 13 3 13 9 14 18 2 1 8 10 7 18 6 12 16 12 16 18 5 15 8 14 10 3 3 8 5 16 12 17 11 19 9 4 1 14 19 10 3 19 19 1 5 14 18 20 7
7 18 6 12 17 5 7 1 9 6 20 20 16 19 4 20 19 13 1 10 18 10 18 3 18 1 20 8 18 7 7 13 10 3 19 14 1 18 10 5 16 6 1 6 14 16 20 1 3 20 13 18 7 14 1 20 12 11 3 16 7 12 4 13 11 16 11 12 11 13 3 6 14 11 7 19 19 18 1 6 18 20 1 3 12 18 2 16 10 16 8 7 20 11 5 20 2 14 12 15 14 18 3 3 17 5 9 9 9 14 9 9 18 4 18 18 18 9 1 2 1 13 4 4 4 18 2 18 13 12 12 7 6 12 19 1 19 7 3 2 11 4 15 14 1 3 15 7 19 20 13 11 16 14 3 8 8 7 15 19 15 8 17 12 19 4 3 2 18 1 1 4 19 15 4 14 16 10 14 9 19 4 13 14 1 15 14 20 3 19 6 16 14 15 19 16 10 9 11 17 18 1 8 20 9 13 18 12 2 8 5 18 16 17 10 20 9 10 11 11 19 19 2 11 1 3 20 18 6 1 2 3 7 11 3 5 20 7 2 3 3 12 16 16 18 2 14 18 17 12 10 2 20 17 2 14 19 8 15 8 11 3 10 2 20 12 1 15 9 16 6 7 19 16 2 17 16 8 15 18 9 17 17 18 10 18 2 19 16 7 13 14 18 1 17 9 18 10 7 20 9 8 12 20 3 3 15 10 6 19 19 10 7 1 16 3 9 8 9 16 8 20 9 17 19 5 9 12 6 11 11 16 8 16 11 5 1 8 4 20 1 7 4 4 17 4 10 10 3 5 6 8 18 12 4 15 15 18 4 2 4 7 7 5 16 15 12 4 3 4 12 18 10 15 7 7 2 9 20 16 5 0 5 2 9 9 20 9 6 6 11 8 4 15 12 9 14 8 2 15 14 2 10 8 9 8 15 19 12 10 4 13 20 1 1 18 8 19 1 14 19 11 1 18 16 9 15 18 18 17 3 15 7 6 8 19 6 5 1 20 18 18 11 20 8 7 17 6 2 16 12 8 17 10 2 13 3 9 5 9 15 15 19 20 11 12 9 1 2 15 18 9 2 13 6 9 3 7 8 10 2 7 3 16 16 11 2 3 15 18 17 9 15 11 5 20 15 6 11 15
18 1 10 5 2 1 17 14 19 5 5 8 2 10 2 5 18 20 8 17 1 6 16 7 18 3 8 11 3 6 12 20 1 6 13 15 8 11 11 15 18 12 8 15 14 19 5 3 5 5 17 17 8 18 8 16 6 9 1 15 13 13 18 15 10 7 2 9 11 16 10 16 17 17 10 8 1 6 2 19 9 6 16 18 9 14 5 14 1 15 10 8 18 19 7 14 2 1 1 1 10 13 10 14 2 3 19 10 5 16 1 20 15 20 4 9 13 11 10 18 11 8 8 8 6 2 4 5 11 19 17 1 12 17 12 14 17 19 12 8 12 1 7 2 17 11 12 6 7 20 12 9 19 10 1 5 15 11 2 11 3 2 1 20 17 18 3 2 5 17 8 16 19 16 3 6 12 10 13 5 7 11 16 13 17 2 12 2 9 12 5 16 10 3 5 14 2 20 15 8 2 20 5 1 10 18 16 2 14 2 14 5 17 11 13 19 20 18 8 14 20 15 13 6 7 13 1 2 8 12 4 15 2 1 13 15 15 9 7 13 9 19 14 19 8 2 11 9 14 17 15 2 15 1 14 18 13 4 4 11 3 7 9 2 2 8 20 19 12 2 2 13 13 7 16 11 7 19 2 16 6 8 1 16 11 15 1 10 1 3 7 16 5 12 12 3 7 9 17 4 18 15 9 5 4 15 19 9 19 20 15 9 15 7 16 9 14 18 7 18 18 8 7 16 20 7 3 12 13 9 5 20 11 9 16 17 13 15 17 11 2 15 15 1 15 12 4 12 3 4 14 1 1 20 16 12 10 10 15 9 15 3 9 10 2 19 6 3 15 14 13 11 17 9 20 12 20 12 20 4 8 4 0 4 4 12 20 7 14 13 14 16 18 18 5 1 2 18 13 5 7 4 2 3 5 7 8 18 20 18 17 7 1 20 10 6 15 7 3 2 8 4 15 16 4 8 3 6 1 10 4 19 17 14 2 9 17 5 16 17 6 5 15 9 7 9 16 5 19 8 19 17 1 11 13 4 12 18 2 3 13 17 6 17 15 15 18 14 4 11 10 15 14 6 17 2 5 10 7 6 13 8 4 17 5 13 5 12 1 6 12 4 4 7 9 12 19 10 14 2
14 1 18 4 3 14 12 14 3 8 10 17 12 12 8 1 7 7 5 17 12 7 5 9 6 15 11 18 16 13 13 1 2 5 5 4 8 16 13 16 15 5 19 9 1 10 5 6 11 16 6 10 4 2 6 10 20 9 3 19 1 7 20 16 19 11 9 1 2 14 5 8 4 16 16 14 20 5 12 16 3 7 17 8 2 9 12 18 17 1 3 12 7 8 8 18 5 11 3 2 6 7 6 5 4 8 20 11 10 14 13 3 12 5 15 14 4 6 17 16 3 17 7 9 20 20 20 18 19 9 11 8 12 6 12 14 19 12 9 10 11 1 1 7 6 12 3 3 6 2 8 3 20 12 11 14 20 1 6 2 1 4 19 7 15 8 16 16 18 5 11 12 12 18 15 8 7 8 17 8 14 13 9 8 18 20 18 3 2 9 1 4 19 18 9 8 1 16 13 19 13 2 14 5 17 6 11 4 3 12 9 14 11 11 13 2 16 11 20 10 19 12 17 2 6 4 15 18 18 15 2 18 2 8 16 5 17 7 7 13 11 16 20 2 10 18 19 2 9 1 18 2 12 10 2 3 10 14 7 12 5 18 9 1 20 20 1 11 16 8 7 5 10 4 5 19 16 3 17 15 18 19 14 20 15 11 14 4 16 5 6 2 2 3 5 6 13 16 12 20 17 7 10 5 10 6 20 20 11 13 6 14 8 14 15 16 15 20 16 12 9 17 6 9 13 13 17 11 12 3 12 10 10 9 16 7 6 2 1 1 17 10 5 12 18 16 2 16 9 4 9 7 13 5 7 20 17 3 11 9 14 1 7 10 9 14 2 16 14 15 1 13 16 2 3 9 7 8 20 6 19 7 15 0 15 10 8 15 1 14 9 9 17 4 11 11 19 11 14 11 9 1 6 8 9 18 19 7 7 20 6 17 11 7 4 2 1 5 5 13 20 2 3 9 7 19 7 6 15 11 20 9 2 6 6 16 13 16 10 17 5 17 13 7 16 15 9 20 11 19 20 8 4 20 10 4 9 19 19 9 13 10 3 6 4 16 13 10 14 16 16 2 19 8 1 13 10 4 17 1 1 20 19 10 1 14 20 5 16 2 14 20 17 2 12 5 9 15 15 7
18 20 19 7 10 5 7 12 6 13 16 1 5 5 10 10 16 18 1 6 18 14 15 8 18 18 3 6 7 16 4 3 16 9 17 14 12 4 9 20 16 6 6 5 7 17 6 15 13 18 16 20 19 15 15 3 8 9 17 7 18 8 13 12 1 11 4 4 11 8 15 20 1 4 1 2 11 20 3 2 9 7 4 16 4 2 5 17 19 20 5 13 8 8 7 10 7 5 4 7 9 17 20 20 2 13 4 18 17 2 3 2 5 17 17 1 5 7 16 1 9 9 16 17 7 20 19 18 1 1 9 19 3 10 18 4 17 17 3 11 16 16 8 6 1 14 14 10 12 20 17 9 6 3 4 15 9 13 17 4 10 6 14 2 14 4 19 12 3 18 8 18 19 4 18 15 8 7 5 18 20 10 7 13 10 7 18 5 19 15 8 17 20 16 2 13 4 16 14 12 9 12 7 18 15 8 14 11 7 2 20 15 19 10 11 4 4 8 19 18 11 15 3 1 1 6 11 2 10 1 4 20 11 15 5 19 6 6 8 11 11 12 5 14 20 5 6 4 15 15 15 5 14 11 1 11 20 6 9 7 6 4 15 13 1 10 20 17 10 8 17 9 14 4 3 7 9 11 1 1 6 10 8 14 20 16 16 6 19 15 16 1 9 2 14 13 15 14 9 1 14 5 6 7 2 18 6 5 17 16 1 13 17 20 12 2 2 6 3 9 2 3 7 8 20 8 4 8 3 17 12 4 12 2 6 4 19 3 11 1 9 1 14 2 13 2 18 10 5 4 19 1 2 16 20 4 10 11 16 8 4 1 8 18 3 3 17 8 4 11 19 4 20 12 13 11 13 16 12 11 10 3 3 2 0 6 20 2 14 2 10 13 7 1 17 11 14 15 11 20 10 1 13 9 15 3 3 20 5 15 16 14 4 13 16 10 15 6 19 2 5 2 9 14 6 18 6 11 15 17 12 11 16 6 9 14 17 20 15 4 17 15 9 1 6 10 19 11 8 19 19 5 4 17 9 5 5 4 9 16 16 11 7 3 20 17 1 20 13 16 6 17 6 9 10 8 2 14 7 15 11 11 6 15 13 19 20 2 3 11 7 4 9 10 10 18 8 9 1 14
4 17 11 20 11 19 4 9 18 16 9 16 20 16 17 6 19 19 20 13 17 4 3 13 11 5 4 6 15 3 17 15 10 7 9 8 4 8 9 10 19 13 1 19 16 5 3 6 19 15 15 14 16 10 9 14 4 5 9 12 10 10 2 19 19 16 6 15 4 19 18 6 7 1 19 4 14 12 1 6 17 4 17 12 17 1 4 2 4 12 6 18 14 11 16 18 3 7 14 18 9 10 19 19 9 19 15 1 17 5 7 15 14 10 9 9 9 18 16 11 20 12 5 18 13 11 18 2 14 20 10 19 5 16 13 7 12 12 13 18 2 6 5 20 10 6 9 14 2 2 13 2 20 19 2 15 1 15 8 17 7 6 7 16 15 8 19 13 6 3 17 19 17 5 1 10 2 14 2 15 10 8 11 9 20 18 12 16 5 7 12 15 10 12 9 5 15 5 5 4 2 3 11 15 1 14 20 1 11 14 7 1 1 8 19 12 17 12 10 19 13 1 6 17 19 17 13 4 16 3 11 2 12 16 17 7 6 17 20 9 11 13 6 20 6 1 15 13 14 17 17 19 19 1 2 19 14 17 7 6 7 6 6 18 14 5 16 19 9 12 18 13 6 11 8 12 8 18 5 4 11 2 9 9 3 1 8 13 13 4 4 9 6 13 11 15 15 19 18 13 6 16 11 16 10 3 6 8 14 16 11 15 19 12 16 8 7 2 4 10 1 19 10 12 18 4 3 20 13 18 1 5 15 6 3 14 3 8 15 7 19 10 1 10 1 4 1 8 18 12 9 3 9 15 2 12 10 20 19 15 18 14 11 16 4 12 15 1 11 4 11 9 17 10 19 18 16 9 8 16 18 18 7 12 5 0 15 2 17 11 7 9 1 7 20 5 4 4 2 13 17 4 6 5 19 2 14 1 8 12 9 1 20 1 13 10 18 16 12 14 3 12 10 14 18 11 2 19 12 20 4 14 8 19 9 17 12 20 3 13 9 14 17 5 5 18 2 16 7 11 7 15 20 19 18 10 13 19 20 10 10 8 19 13 9 20 16 20 5 6 14 8 17 3 4 3 1 16 2 7 18 7 9 19 16 15 14 10 14 9 20 18 2 10 20 16 10 8 18 17
4 16 5 2 12 2 14 2 9 18 3 8 11 3 6 3 4 1 5 15 12 13 12 3 3 4 17 17 18 17 18 9 4 20 11 3 13 8 5 7 13 16 11 15 11 5 10 18 2 15 5 13 14 15 1 1 13 11 20 5 10 5 11 19 1 9 9 17 13 14 5 4 16 16 19 3 11 12 15 9 18 9 20 1 10 10 3 9 4 18 3 15 7 15 16 20 2 1 11 14 16 20 4 19 10 10 1 20 11 7 14 3 1 8 8 12 9 16 15 3 16 9 13 1 20 8 8 11 9 7 2 17 15 10 16 4 7 7 16 1 5 12 18 20 11 1 18 7 4 2 3 7 6 18 15 11 15 15 12 10 13 4 6 20 2 15 17 6 1 3 2 19 20 3 14 14 16 6 19 1 4 19 18 9 2 1 16 3 6 13 13 6 7 10 5 2 18 8 18 9 1 5 16 7 18 19 20 20 12 10 5 3 18 17 17 4 14 15 12 4 6 18 9 16 17 6 8 3 20 4 14 13 15 15 20 3 2 10 13 7 2 19 2 14 15 13 2 19 11 19 18 15 18 9 2 5 18 14 18 14 19 17 14 8 14 9 5 3 20 9 8 15 8 16 18 8 3 1 7 18 1 19 11 14 14 2 6 1 7 8 1 18 13 4 15 15 4 5 5 1 18 4 18 1 9 9 7 15 17 10 4 12 4 6 10 11 15 20 9 7 17 7 16 11 5 6 13 8 20 4 17 15 11 18 15 7 10 17 20 10 7 1 15 13 5 18 5 18 10 8 20 14 17 9 12 8 19 7 11 9 20 6 9 17 12 9 9 6 3 19 17 15 16 4 17 20 17 9 5 19 12 16 5 15 5 14 0 4 14 11 12 2 10 11 15 12 16 13 14 16 14 10 15 17 20 17 6 8 12 9 4 8 17 12 9 7 8 1 2 13 9 6 13 13 2 2 12 15 14 9 19 5 7 19 4 10 12 20 16 8 13 7 3 13 20 3 2 12 3 1 20 7 8 5 9 5 3 6 15 8 15 2 13 14 9 13 15 6 4 6 2 17 10 13 12 15 11 1 7 12 12 18 19 18 12 14 7 1 4 18 8 16 7 3 5 19 3 15 16 17
20 19 12 7 6 17 12 9 11 12 14 17 15 1 7 2 10 14 4 3 20 4 16 20 7 2 15 11 15 9 4 19 13 1 14 7 8 7 1 1 11 16 20 17 8 8 8 4 8 15 13 14 4 17 13 6 11 20 19 14 3 7 3 7 4 12 10 12 5 1 8 17 2 16 10 13 4 15 5 13 8 4 2 16 2 5 3 5 8 17 3 10 16 3 17 1 17 6 16 20 14 6 16 5 4 9 2 18 11 3 17 6 5 12 4 20 19 2 18 5 11 16 4 4 15 19 1 14 20 6 12 19 2 10 9 16 17 9 8 10 6 1 10 5 18 10 18 19 5 17 10 14 14 12 19 9 14 9 12 16 4 6 3 9 19 9 14 14 16 13 2 12 20 6 2 4 9 12 20 11 9 4 17 13 9 10 15 14 4 4 17 7 1 7 11 10 8 16 1 9 2 11 20 3 1 15 1 4 16 14 3 20 5 13 19 2 18 18 11 12 16 16 3 17 9 13 19 18 12 13 10 6 17 14 18 10 4 18 8 12 12 17 4 1 2 3 19 16 3 11 8 5 11 3 10 11 7 2 9 3 7 18 7 6 19 14 14 20 7 2 18 12 8 13 1 8 1 17 4 17 4 18 14 20 11 13 17 13 16 14 20 11 1 10 8 14 20 9 14 20 14 3 4 6 20 6 7 2 18 2 4 17 1 12 18 8 20 4 8 6 20 8 19 16 16 6 15 19 17 18 15 10 4 14 3 1 15 6 14 8 2 11 17 1 17 6 6 3 3 2 11 17 10 17 1 3 9 10 2 5 10 4 16 17 11 4 10 18 11 15 15 5 6 9 2 19 10 4 3 12 13 10 16 19 13 18 9 0 10 2 12 5 7 14 14 18 15 4 8 7 13 1 7 8 7 12 2 18 8 8 17 14 18 15 13 19 9 15 16 20 13 11 7 2 7 12 19 3 20 5 3 12 11 19 17 6 8 12 10 9 19 8 1 4 11 3 3 8 15 3 1 19 4 9 16 14 5 14 6 4 7 4 10 9 5 20 7 17 1 7 19 8 6 8 5 1 9 20 16 11 15 6 14 17 16 18 1 12 10 10 11 1 18 6 8 12 8 5 6 5
8 7 5 5 16 8 15 18 14 12 9 9 10 6 9 7 15 3 4 13 7 17 20 11 7 18 7 15 17 8 2 11 7 17 13 13 17 2 2 15 8 16 6 2 16 11 4 18 12 17 17 6 1 5 8 14 15 17 11 6 15 4 19 8 5 18 2 3 15 14 4 18 2 17 10 20 5 17 8 17 10 16 6 3 5 9 17 16 10 9 16 15 12 8 2 7 19 1 2 10 10 1 13 10 19 16 14 19 5 16 14 5 1 4 2 7 3 1 9 8 20 15 20 5 2 10 15 20 4 13 7 10 1 15 18 16 2 6 6 9 3 18 3 13 14 16 14 17 20 4 17 11 11 9 10 4 11 10 14 19 2 10 13 15 20 11 9 16 10 20 13 17 1 12 20 9 10 6 11 18 2 6 14 13 13 8 17 11 3 7 15 18 8 10 15 17 2 20 16 10 15 7 15 2 17 5 6 14 18 1 17 7 6 1 15 9 6 20 2 19 14 13 3 20 15 16 2 16 4 15 3 16 11 4 2 18 11 7 14 9 5 9 3 4 14 17 8 18 17 3 6 16 11 14 9 13 17 10 8 2 15 20 17 15 18 20 13 11 3 15 6 12 11 17 14 12 20 12 19 12 2 13 12 7 7 11 16 1 12 11 4 1 7 9 15 17 6 12 1 11 17 15 14 6 15 7 1 12 14 13 4 4 19 9 5 16 1 19 5 6 4 12 4 1 6 2 19 20 16 12 6 13 5 16 16 19 17 9 12 5 1 7 1 2 7 5 16 7 14 11 3 16 18 5 3 9 3 5 2 18 2 4 1 13 6 15 18 6 2 8 19 2 7 13 19 18 6 3 7 4 20 20 12 13 3 4 2 11 0 16 4 16 9 6 15 7 1 18 2 15 2 9 12 8 10 4 6 8 9 10 18 5 13 5 17 6 13 18 2 14 6 5 3 9 9 1 17 16 5 9 2 2 17 15 10 2 4 4 12 4 5 10 3 7 17 7 1 1 1 13 2 13 20 9 5 4 20 6 6 9 2 5 20 18 10 3 17 8 9 4 16 13 11 13 14 14 8 16 16 20 8 19 15 11 6 4 6 6 18 17 8 15 11 4 18 2 12 20 9 13
13 11 14 3 8 1 6 4 10 17 1 9 11 2 15 2 19 5 10 13 14 14 17 15 16 10 16 1 18 18 18 19 2 1 2 12 10 16 1 6 17 9 16 7 20 9 18 17 3 19 8 18 4 11 17 17 16 16 19 2 13 7 9 11 17 19 18 10 4 14 5 3 20 15 2 20 6 20 14 2 3 9 20 2 8 20 9 13 10 16 20 11 13 19 19 7 13 15 6 8 3 10 10 19 16 17 8 7 14 16 3 7 20 7 20 6 17 3 18 9 4 15 1 6 3 15 20 18 14 9 9 4 16 8 10 8 14 16 2 16 15 5 12 16 17 6 1 11 2 20 6 13 15 7 6 19 2 3 3 18 17 6 14 6 3 13 12 2 4 11 8 15 16 20 12 1 2 19 18 20 6 11 17 19 13 4 4 10 8 5 8 8 4 9 1 8 14 19 1 10 20 17 11 9 8 5 11 11 15 11 4 4 11 10 18 5 11 5 1 13 15 14 4 14 6 12 3 1 18 11 11 3 1 20 15 7 20 17 15 19 20 18 6 3 2 9 17 19 13 11 20 11 6 14 14 5 20 10 7 5 20 8 10 5 13 5 1 10 8 20 19 10 16 4 4 3 4 19 12 13 19 11 7 17 4 20 16 3 6 18 1 16 13 12 20 15 17 20 14 18 3 20 2 18 3 4 13 10 8 20 7 14 10 9 7 18 1 7 2 5 18 8 5 17 12 8 18 16 20 6 1 17 17 4 13 3 17 17 15 14 20 8 13 11 19 16 8 14 10 6 6 19 18 5 20 13 20 15 2 20 7 18 1 14 19 1 11 7 15 13 4 8 18 13 8 2 2 12 1 4 10 12 13 7 19 20 2 6 17 0 15 2 9 11 12 17 12 15 20 4 5 9 13 7 16 17 17 2 7 9 18 16 4 1 6 3 20 20 10 6 1 13 10 6 11 3 11 11 9 3 6 20 20 9 19 13 6 9 9 9 16 4 4 19 17 3 2 5 1 10 5 10 4 6 11 4 12 16 2 11 14 14 10 14 3 11 2 5 20 5 13 7 16 10 15 1 5 13 18 9 3 17 12 10 11 17 12 1 18 16 1 15 10 3 14 4 12 12 17 5
15 18 5 18 7 14 10 12 17 10 11 2 4 20 15 17 9 18 5 12 15 2 20 1 10 9 18 16 2 18 3 9 17 18 17 4 4 1 5 11 20 13 10 15 8 10 20 18 10 11 14 9 7 14 13 9 20 8 18 20 10 5 7 16 17 10 9 8 18 1 9 17 1 20 18 1 8 14 16 4 15 18 1 11 12 8 3 13 6 2 11 4 2 17 16 10 5 2 15 1 6 17 7 18 13 9 15 10 14 12 3 1 13 18 3 12 5 20 4 14 13 11 5 19 4 13 8 16 20 9 16 2 17 9 3 10 10 12 17 3 8 19 9 4 6 2 10 11 18 1 7 1 10 16 16 12 4 6 20 7 11 6 14 4 15 16 13 3 18 3 7 16 19 8 9 8 14 19 3 20 15 20 2 9 7 15 10 2 7 4 7 14 14 3 10 5 12 17 19 17 2 9 9 8 13 6 15 5 12 7 6 4 15 20 16 5 19 11 2 2 19 11 19 15 3 5 15 12 10 11 5 12 1 14 15 6 20 16 10 8 4 5 5 2 18 4 1 4 9 5 16 13 19 16 4 18 1 8 17 7 4 1 16 4 2 14 4 10 4 19 5 8 10 15 6 20 10 1 20 6 16 14 4 16 9 16 6 12 18 9 4 13 13 6 11 17 11 13 15 11 12 17 1 5 20 6 17 5 6 6 7 11 19 13 4 7 11 12 16 7 15 3 20 1 16 11 16 3 10 7 1 16 9 9 15 18 15 6 8 20 16 11 11 2 8 11 3 7 6 17 1 1 3 4 11 1 12 13 8 18 13 4 7 5 11 12 3 14 19 3 18 15 10 2 1 20 8 18 14 3 4 17 14 12 3 1 6 8 20 17 0 4 4 16 1 20 8 7 1 17 16 1 12 1 14 19 7 18 7 18 16 15 18 10 15 4 13 8 5 11 17 20 5 13 3 2 1 18 2 4 1 8 17 10 7 18 6 15 18 2 10 4 17 3 8 15 3 2 3 20 9 4 9 15 5 8 9 2 14 6 17 10 11 5 2 14 9 3 5 6 1 11 16 9 9 9 6 16 12 9 19 15 15 1 9 7 14 11 7 13 19 6 14 10 2 14 4 19 19 12
5 18 7 16 7 16 4 4 4 11 2 4 18 7 15 4 2 18 11 2 18 1 20 3 13 3 19 17 9 7 4 8 10 13 11 14 15 18 14 11 13 8 13 19 13 11 16 9 7 9 11 6 20 19 4 8 17 6 4 14 8 7 12 15 4 1 18 18 6 19 5 10 8 20 6 6 17 13 7 2 9 16 16 9 13 13 5 12 14 10 8 2 17 11 4 13 9 20 17 8 4 18 17 4 14 14 20 16 3 10 16 7 9 18 1 8 1 4 13 14 13 5 1 1 14 8 12 2 9 14 19 1 14 17 1 5 15 10 17 19 18 7 5 4 13 6 12 5 8 16 1 20 11 1 5 8 9 6 20 17 11 20 9 1 5 17 4 10 6 7 12 2 3 9 6 7 7 19 16 16 2 17 10 8 8 16 10 6 13 9 15 6 20 17 14 20 18 19 11 6 10 5 8 14 17 3 7 12 5 4 2 8 4 10 6 11 6 2 2 3 19 3 6 6 17 14 17 2 14 17 1 9 19 10 17 5 8 11 20 14 1 11 9 15 14 9 6 3 11 3 19 14 11 14 5 16 2 8 12 7 12 1 2 4 16 1 1 16 14 19 11 14 1 6 1 6 8 2 15 15 6 18 16 8 17 2 2 14 16 6 13 2 5 6 17 14 17 5 19 4 10 7 18 2 12 8 15 20 3 19 10 11 15 7 11 13 14 11 17 12 13 16 19 15 15 14 15 14 14 15 17 1 1 3 2 7 7 4 2 8 2 5 7 13 19 2 12 4 8 16 4 16 18 17 5 18 2 8 17 19 1 17 5 1 17 5 3 11 3 6 2 9 5 9 4 12 5 5 20 12 14 10 6 13 13 14 14 12 6 13 5 0 11 16 7 8 9 8 5 14 19 16 6 10 5 10 4 5 19 18 3 20 7 5 3 17 17 7 12 5 6 12 2 2 2 15 14 17 7 1 1 3 19 7 8 9 4 19 2 3 12 9 7 20 9 16 8 4 19 20 5 10 17 10 6 12 4 1 4 13 17 20 20 10 2 19 17 15 2 15 12 19 19 6 16 17 16 16 12 19 9 15 2 1 9 18 5 8 10 11 5 15 6 1 18 1 10 7 4 19
5 3 6 15 19 8 11 12 16 9 12 12 19 4 9 12 11 12 14 18 10 7 7 1 6 7 6 19 20 2 4 12 2 13 8 17 20 3 2 4 11 17 15 18 10 1 10 16 2 15 11 15 10 17 4 20 1 17 17 4 4 7 10 1 15 5 1 13 9 18 8 1 10 15 15 16 3 14 5 15 8 19 8 9 16 13 4 14 19 14 18 17 19 11 1 14 13 1 3 17 2 19 1 14 20 2 19 1 17 13 12 4 20 17 2 2 5 18 10 11 8 20 9 3 7 13 7 5 14 17 8 19 14 20 11 16 3 10 2 3 17 10 6 12 3 15 10 9 6 20 7 8 9 14 2 7 9 4 1 18 18 11 15 13 20 4 20 8 15 4 5 10 13 10 10 11 19 5 1 17 9 12 7 8 13 16 6 5 8 18 19 17 6 13 2 14 6 6 2 13 9 16 7 10 1 13 19 9 9 14 18 3 7 6 13 13 4 10 4 2 15 3 18 10 10 16 19 8 3 17 9 4 20 2 12 4 13 12 7 9 15 6 20 2 19 1 17 6 1 1 18 15 14 15 2 20 18 18 2 14 3 16 8 2 8 2 7 15 4 17 18 4 19 1 3 3 15 15 6 12 15 9 7 6 5 4 1 20 9 11 6 13 3 15 11 12 4 11 12 10 19 6 4 5 10 17 1 19 10 17 4 3 8 6 7 12 17 19 7 13 8 11 1 5 8 4 6 10 5 3 13 12 8 3 11 14 8 4 19 10 9 4 12 10 16 3 13 1 18 8 14 14 20 4 9 13 13 17 20 10 12 11 9 12 6 1 8 17 10 12 20 7 9 13 1 20 10 12 1 9 11 20 9 14 13 6 4 12 3 14 7 18 0 10 2 5 3 7 5 8 18 5 20 4 8 1 2 15 16 17 1 18 1 7 16 17 3 8 8 14 18 10 5 11 15 12 11 15 16 2 4 11 5 7 12 12 12 4 11 9 19 19 19 10 18 1 17 11 13 20 11 16 18 20 9 19 12 9 16 2 11 13 5 1 1 12 6 18 18 9 17 10 9 17 4 11 2 1 19 5 5 2 8 17 13 20 10 9 20 16 7 5 17 16 14 10 11 5 5 7
1 5 2 1 5 19 4 14 13 12 4 19 16 14 10 9 2 2 3 7 14 19 6 19 1 3 10 1 6 4 5 13 15 4 1 8 2 2 6 15 2 6 17 20 3 11 1 12 7 15 19 9 2 1 11 13 8 10 5 16 12 11 9 12 12 10 1 17 13 15 17 7 2 8 5 10 12 19 13 16 11 8 4 6 6 20 3 12 9 9 15 8 18 14 4 19 6 1 4 4 10 2 15 8 19 11 4 14 5 10 7 16 6 3 4 16 1 1 4 4 10 13 6 7 11 17 1 3 10 6 17 19 9 1 7 20 17 11 6 15 2 6 2 8 17 18 20 3 7 14 3 1 16 17 5 13 10 12 12 8 13 2 15 20 14 15 14 1 7 19 4 15 16 3 18 16 13 18 12 5 5 12 4 13 16 11 12 10 11 10 19 11 5 5 10 8 16 15 17 20 7 17 13 13 11 11 17 5 14 9 9 11 12 7 7 6 3 16 7 1 1 5 11 3 7 12 20 12 10 9 1 17 7 15 7 13 18 13 16 19 14 19 17 5 7 19 2 11 5 9 9 15 19 5 7 7 10 16 6 4 4 8 7 17 7 4 3 3 16 8 5 16 11 18 14 10 4 17 10 20 14 7 19 16 10 18 20 7 4 20 15 3 13 5 11 14 4 18 7 12 8 20 16 4 18 14 6 10 6 5 9 14 20 17 18 18 8 11 6 8 18 9 1 2 13 19 17 4 16 5 14 10 20 17 11 3 18 12 3 15 1 18 18 12 8 1 4 4 6 9 2 13 20 5 6 13 7 12 3 11 4 11 8 6 4 8 5 4 14 10 20 16 8 19 19 7 15 2 9 7 20 3 11 13 11 16 3 10 19 16 1 4 20 0 11 7 18 15 16 5 12 18 20 11 9 10 17 12 4 8 16 16 13 19 20 10 11 16 1 4 19 20 2 13 4 20 3 11 19 19 1 11 8 16 12 2 11 14 4 8 12 9 8 6 1 16 8 7 13 12 18 18 12 12 13 4 1 7 14 18 7 1 4 2 14 15 4 12 9 1 5 7 11 12 9 15 7 15 3 2 16 18 12 12 13 9 4 16 14 3 15 16 12 10 10 5 4 13 1 20
19 20 13 11 11 9 13 18 16 2 12 12 5 1 15 4 1 15 18 5 8 6 7 5 15 13 2 10 13 11 1 9 17 9 20 5 15 2 20 17 1 18 17 1 2 1 3 6 8 5 11 16 9 11 7 16 6 17 11 14 19 12 10 1 11 20 6 18 4 9 5 8 10 7 10 14 19 5 5 12 9 1 15 16 11 12 1 3 15 19 10 19 8 14 4 8 8 6 10 19 2 15 4 14 15 10 13 20 8 11 4 18 11 1 11 11 16 2 13 3 5 20 11 14 17 3 14 15 16 17 14 17 5 11 16 3 19 15 2 14 3 10 17 8 12 18 3 20 12 20 13 9 9 6 14 3 18 5 2 18 19 13 19 2 7 18 8 14 17 9 3 16 12 8 9 14 3 2 19 20 14 20 8 18 13 18 7 2 4 2 13 11 3 18 1 8 17 3 5 5 16 8 16 16 15 4 4 16 17 3 4 20 1 11 15 6 20 20 5 10 19 17 2 11 6 17 19 3 6 9 13 2 19 6 17 2 13 9 2 6 13 15 7 20 3 18 14 14 5 8 9 19 2 14 2 20 5 18 15 4 3 4 12 18 17 16 4 1 19 6 1 3 5 2 2 2 3 4 11 20 6 2 19 17 11 10 5 16 19 12 11 18 6 15 4 7 19 4 9 15 4 14 11 18 1 7 2 19 4 10 3 7 17 19 3 11 1 19 5 7 11 19 19 1 19 5 9 7 19 13 3 20 6 9 5 14 9 15 20 17 11 2 17 16 5 1 19 1 4 4 3 6 8 3 3 6 1 6 13 19 16 7 1 15 18 4 2 14 3 18 12 7 15 20 6 4 3 4 3 5 5 10 9 4 12 17 11 14 8 2 12 11 14 10 0 2 7 19 11 18 11 13 13 2 20 18 1 5 16 17 7 18 5 20 9 5 7 16 1 15 18 2 18 14 3 17 17 3 4 20 18 10 19 8 16 7 3 20 11 4 9 17 2 18 13 10 10 11 19 3 9 3 5 17 1 11 18 20 19 4 11 19 14 4 9 18 12 19 6 4 8 4 9 12 13 20 19 11 19 20 15 5 16 11 5 19 13 5 2 16 9 9 15 17 9 20 15 2 16 17
19 9 15 19 6 18 20 17 16 15 6 3 13 12 11 2 17 8 1 1 1 13 9 3 3 10 11 20 13 13 15 19 4 16 11 16 1 14 11 18 16 6 7 18 15 9 2 1 7 1 11 5 8 14 20 16 12 9 20 3 18 14 19 11 8 13 2 16 13 10 2 18 17 3 19 15 9 12 10 1 10 9 12 20 6 20 9 6 18 20 12 9 9 2 6 7 9 11 17 13 5 10 19 9 7 12 6 1 20 12 6 3 6 12 13 10 11 17 15 15 15 9 4 8 4 14 8 19 17 8 1 3 16 15 15 14 8 2 7 17 3 2 14 10 7 4 2 6 16 16 7 11 6 5 19 8 16 11 20 10 15 12 7 10 17 17 19 5 9 2 17 15 4 14 5 4 10 2 8 17 18 6 12 4 15 11 14 4 10 12 19 14 13 8 1 6 10 12 3 18 9 19 8 1 7 14 13 2 18 20 8 20 5 8 4 9 20 15 16 9 3 6 15 15 4 18 8 15 7 9 16 5 8 7 3 3 18 1 10 16 15 17 8 20 20 1 14 14 16 2 12 4 5 20 17 9 12 14 19 5 2 6 14 14 13 18 17 11 14 9 19 17 8 3 7 14 9 13 1 17 15 15 7 4 7 9 13 19 17 16 14 15 15 20 13 2 11 15 4 8 14 18 18 20 13 8 19 12 18 19 8 8 10 19 1 16 11 7 15 4 18 5 7 14 18 13 1 4 7 11 9 20 10 3 7 16 3 6 12 13 5 17 17 14 9 10 4 13 15 3 10 17 14 12 19 13 18 9 16 7 19 9 10 2 12 10 4 10 7 9 18 7 9 20 19 2 18 17 8 9 12 20 10 17 20 12 20 4 13 16 7 2 5 13 6 0 8 8 18 6 15 5 5 4 14 14 19 3 13 20 13 17 2 17 13 15 14 8 14 17 1 13 6 13 14 1 4 6 15 12 20 14 14 3 3 8 8 2 3 2 2 19 16 11 2 5 11 16 17 3 8 15 12 19 15 12 20 20 14 18 1 7 10 9 20 3 5 7 2 2 6 19 20 11 7 7 12 9 15 7 16 3 17 7 14 1 4 1 16 13 19 16 6 20 5 16 8 19 4 5
10 9 7 19 7 7 2 18 19 7 17 20 12 17 18 5 18 5 13 11 12 10 6 15 16 16 13 2 7 4 15 3 17 6 16 12 10 17 18 1 4 16 12 5 16 16 12 20 5 2 3 1 16 8 14 20 11 16 1 2 12 11 10 9 2 1 9 16 17 10 4 1 8 9 8 2 15 18 6 18 18 13 17 14 6 15 4 3 11 3 2 18 19 3 12 15 20 2 18 11 18 4 18 17 13 6 3 2 5 3 12 10 5 14 7 2 3 14 6 1 5 8 13 16 3 6 18 9 15 1 14 8 17 15 8 4 12 12 12 14 5 11 11 1 8 18 2 4 5 14 14 9 12 15 2 13 1 20 11 20 16 13 5 20 14 15 15 12 5 2 15 1 7 2 17 17 6 4 11 9 1 12 4 8 17 17 18 19 15 17 1 10 13 7 5 11 10 18 7 7 18 9 8 1 12 7 17 9 16 13 8 11 18 3 15 16 10 12 18 6 4 11 20 5 18 14 15 1 19 9 10 2 13 9 17 3 4 14 2 4 5 5 10 14 5 20 11 2 12 18 19 8 18 15 2 5 15 19 5 10 15 15 13 12 5 12 5 16 20 15 6 15 19 11 20 9 19 6 1 16 13 2 12 10 17 2 6 12 8 3 9 19 16 9 14 12 5 16 4 6 19 7 3 5 5 1 1 15 4 20 6 17 9 12 17 11 13 19 7 2 13 9 15 18 19 13 15 12 12 20 15 11 18 9 9 8 15 8 4 3 8 17 11 13 14 19 19 10 15 10 4 7 19 14 7 3 8 12 6 4 9 11 11 16 1 8 1 12 9 8 13 8 8 19 11 9 6 9 12 3 8 13 15 17 19 13 8 15 6 8 8 14 18 14 14 3 0 15 15 2 1 14 13 5 20 16 8 12 4 17 20 15 20 6 10 8 1 2 3 9 17 18 1 2 2 5 5 9 13 17 15 9 7 19 9 15 8 4 11 16 13 6 4 2 4 9 2 7 6 19 18 19 2 13 20 18 15 4 14 13 10 16 4 7 12 3 9 5 20 3 12 17 13 19 20 5 1 11 9 15 20 8 10 6 6 4 2 11 14 20 15 7 13 16 19 16 14 15 5 12
14 6 18 14 12 2 13 2 18 13 3 6 16 20 9 8 3 4 12 20 10 10 7 7 18 2 5 19 12 13 11 2 4 20 13 10 12 20 14 15 6 15 7 16 14 2 17 19 19 6 4 10 14 5 5 2 4 2 3 9 10 17 9 15 13 18 18 2 20 4 5 3 14 8 7 11 7 15 7 17 10 1 10 17 20 8 2 13 5 18 17 8 3 20 2 15 1 17 4 9 9 15 1 12 4 16 8 12 4 16 18 13 4 17 17 4 11 19 11 17 17 10 16 12 4 20 2 7 12 13 11 7 9 17 14 16 4 18 10 4 4 2 19 2 17 19 8 14 7 3 5 3 16 8 9 18 16 18 1 3 13 14 11 3 8 2 7 17 14 3 8 6 1 11 4 8 19 4 13 13 8 10 7 17 20 2 15 3 3 18 10 3 13 9 3 2 9 9 3 5 4 4 11 11 6 18 4 15 8 17 2 8 17 16 19 3 17 13 12 14 13 17 8 10 8 16 7 5 15 2 4 3 11 12 4 9 3 3 1 16 10 17 12 15 16 5 4 13 15 2 4 8 18 5 18 2 8 1 12 6 8 1 11 20 20 16 10 8 1 14 15 17 4 7 9 12 18 14 17 17 6 7 3 15 19 4 7 20 8 8 18 19 19 12 3 12 9 17 3 4 17 2 13 14 4 3 5 11 14 2 20 15 17 3 13 17 17 10 19 2 5 4 17 20 18 12 15 20 20 8 7 18 7 11 15 13 2 1 1 11 16 20 6 19 20 20 5 9 6 13 6 14 3 6 1 12 5 11 4 15 7 19 8 7 15 9 2 17 12 14 19 18 7 3 14 4 15 18 12 3 9 1 3 5 3 10 10 18 19 20 1 18 5 19 9 1 6 0 6 2 13 16 8 16 4 12 5 9 10 10 14 12 5 19 2 10 11 16 2 7 4 8 6 10 10 19 18 16 3 3 15 13 17 14 15 14 12 6 15 2 20 15 13 4 8 3 20 7 17 10 12 12 2 1 14 6 20 9 11 12 9 16 3 5 5 12 17 17 19 6 6 10 10 17 20 17 1 2 5 3 7 16 11 18 17 15 1 13 18 5 2 16 8 14 8 7 5 12 12 5
4 17 15 15 15 10 16 5 11 2 5 17 6 7 12 16 5 18 20 9 13 19 5 9 14 11 16 4 6 5 14 10 1 5 3 19 19 19 8 5 19 3 10 11 3 10 14 15 4 9 17 2 7 15 3 5 10 18 8 18 5 1 16 6 8 2 14 12 20 14 15 13 10 11 11 5 14 2 4 9 19 16 15 9 18 3 16 2 7 4 7 15 1 19 13 9 6 12 16 15 12 20 17 19 6 16 18 6 11 20 5 6 1 6 19 17 1 9 10 7 17 3 7 1 5 12 5 13 18 2 7 20 7 3 4 8 20 4 13 4 20 13 12 6 10 16 3 20 1 13 12 15 7 2 2 4 1 5 16 9 18 8 7 14 3 3 12 4 7 2 18 19 10 1 7 17 2 8 6 14 15 16 11 17 8 9 5 16 2 20 3 16 4 17 6 17 10 12 2 3 7 5 5 13 8 15 12 8 18 4 10 19 7 12 17 9 14 2 7 14 6 17 14 2 14 8 15 20 4 8 7 17 11 19 9 15 10 18 9 6 16 20 2 14 13 17 12 20 5 12 9 10 16 13 19 18 20 16 13 2 6 13 11 19 15 10 15 5 10 8 7 18 7 10 4 5 17 17 9 13 5 4 11 2 9 7 14 5 3 7 1 12 4 16 9 19 19 12 6 20 15 14 14 7 13 11 9 20 14 8 2 5 2 19 12 9 1 10 9 2 1 3 14 11 18 10 17 4 3 8 11 14 12 2 6 8 3 9 12 20 1 1 10 16 20 1 2 7 8 3 1 16 18 16 7 18 2 6 7 15 16 19 20 4 3 13 6 14 13 13 17 20 7 20 17 10 16 3 2 20 6 11 1 6 4 9 2 4 16 12 13 18 3 14 18 11 7 4 0 19 14 14 20 20 1 13 11 9 11 10 3 7 16 16 12 18 14 18 11 10 1 12 16 2 4 18 15 5 13 17 17 9 17 11 13 7 7 12 5 3 15 11 17 15 17 18 10 13 8 20 7 12 2 7 13 12 6 7 6 20 16 13 18 2 3 2 2 6 3 5 10 6 20 18 2 1 16 17 7 20 13 10 18 14 6 18 6 9 19 9 18 3 1 12 11 2 2 5 14 9
8 6 3 12 12 13 8 2 15 13 9 13 12 19 17 7 1 9 6 15 20 2 6 8 9 12 15 1 2 10 13 12 8 12 13 2 8 11 2 4 2 19 18 18 11 16 17 2 20 13 1 12 12 9 7 3 16 15 11 11 16 20 9 4 15 2 6 14 4 16 9 5 6 5 5 10 7 8 12 10 13 14 13 6 1 9 6 12 10 5 18 4 7 9 1 14 1 20 19 20 5 10 7 8 16 6 4 12 3 19 12 4 2 20 12 11 4 16 1 11 9 4 10 1 14 6 3 2 11 12 5 11 20 6 16 1 2 1 3 18 13 2 18 19 7 17 19 14 13 5 12 12 9 2 2 3 1 19 19 4 3 4 5 7 2 20 15 13 7 5 8 15 4 5 20 6 1 17 16 10 20 11 13 5 5 20 6 20 6 1 7 18 18 18 19 18 8 17 18 9 16 20 7 20 1 8 18 1 5 9 14 4 8 6 11 13 16 11 1 9 12 10 11 4 5 13 1 15 12 3 9 4 12 19 14 19 14 2 10 10 16 17 3 3 12 8 17 16 20 16 17 18 2 16 9 7 10 3 7 19 5 2 5 6 8 4 14 8 17 11 7 1 7 11 9 15 19 19 8 18 1 7 17 20 11 20 17 14 12 8 2 16 8 19 10 10 4 14 9 6 4 13 17 5 12 4 1 3 20 9 19 17 1 19 3 5 14 5 13 4 1 11 11 2 18 11 3 8 17 9 16 20 7 18 17 19 1 2 8 3 10 13 3 14 14 10 4 15 9 10 19 20 9 13 12 12 19 13 15 19 20 1 5 12 16 10 17 19 16 12 20 10 5 8 11 10 6 6 14 14 9 13 5 1 8 2 9 5 7 20 12 14 9 7 2 9 17 17 6 0 17 17 12 7 2 12 10 4 3 13 11 1 15 12 2 1 16 13 14 4 11 9 8 14 12 2 16 10 16 7 19 1 6 6 7 3 20 12 18 13 19 8 7 12 18 20 12 11 16 7 7 2 11 9 2 11 6 17 2 5 4 12 5 6 10 17 15 8 2 8 18 20 7 14 6 4 16 14 17 4 16 20 12 10 7 7 16 8 11 5 10 6 4 3 16 13 6 13 15 16
20 5 17 7 20 13 16 13 8 1 9 6 6 5 18 5 2 2 18 6 7 1 7 14 12 6 15 3 17 1 16 6 13 7 6 6 14 12 12 15 13 8 5 18 5 19 16 14 10 20 20 1 1 14 13 13 11 15 3 8 3 4 20 13 4 11 19 5 10 3 18 13 9 5 14 17 18 8 20 20 11 14 4 2 20 1 15 8 20 20 18 8 19 4 19 5 18 19 11 3 12 2 5 14 19 9 7 10 4 7 12 4 9 15 20 16 8 9 3 12 1 18 8 1 7 9 10 16 1 17 16 11 14 9 1 20 10 3 6 9 12 9 18 19 8 15 8 13 10 9 6 19 12 15 3 2 14 8 5 16 13 11 1 14 19 8 7 17 9 5 7 5 6 7 14 13 1 5 17 16 17 10 18 13 6 17 10 8 3 15 11 1 6 8 12 8 3 8 19 20 15 13 1 5 18 18 13 19 20 12 3 9 1 11 8 5 16 20 1 11 12 20 17 16 9 15 10 14 18 16 15 11 3 7 20 7 12 15 20 4 17 10 9 9 13 18 4 8 13 12 2 14 6 6 18 4 15 3 3 11 14 3 10 6 4 8 5 8 9 10 11 9 7 11 1 8 11 8 13 20 8 17 1 20 1 7 3 14 3 11 5 14 9 2 15 20 13 13 15 10 16 14 14 16 1 2 7 2 10 18 18 10 5 4 15 11 17 14 5 16 16 11 10 16 16 20 4 5 9 8 17 2 2 9 13 8 13 2 18 11 9 19 18 1 3 3 1 6 20 14 19 8 4 10 6 14 5 1 6 12 15 14 1 1 11 17 17 12 19 12 10 8 20 7 12 4 9 20 9 16 11 5 13 14 19 20 7 14 19 6 7 10 12 2 6 19 17 18 20 2 0 11 19 16 8 14 8 9 17 15 5 16 1 5 6 13 7 19 10 6 16 7 3 19 6 18 5 16 15 18 5 7 13 8 9 19 1 4 15 18 5 4 19 11 1 9 17 10 12 19 4 2 15 16 8 5 13 12 10 15 15 3 5 3 16 13 12 12 2 9 17 9 11 4 2 14 20 10 7 14 6 17 5 10 4 7 13 9 1 12 7 18 20 4 13 18 15 10 12 10
7 6 5 14 7 18 4 4 2 10 8 5 12 19 19 8 5 11 11 13 1 5 13 4 16 13 8 6 14 4 10 11 5 15 19 15 13 13 16 7 12 2 5 17 14 9 7 10 5 16 17 14 17 15 15 4 2 12 2 5 5 6 20 4 15 3 15 7 19 19 16 18 7 16 8 3 15 2 17 14 17 2 2 7 15 17 1 16 15 7 15 13 2 15 13 6 11 14 6 20 8 10 8 18 13 19 6 13 5 6 7 4 2 11 10 13 17 3 18 2 7 1 20 19 8 20 14 20 18 15 12 16 5 8 5 18 3 14 13 11 7 10 9 14 20 3 10 8 3 15 7 15 13 17 14 9 19 18 7 9 15 8 4 13 4 20 7 3 9 12 7 14 20 12 8 10 10 14 18 13 11 13 1 6 10 12 1 11 20 11 12 19 4 17 16 20 2 19 10 20 18 10 15 18 4 2 12 11 16 4 17 6 3 4 11 20 19 1 8 1 11 7 18 19 5 6 18 12 7 14 12 6 5 17 13 10 19 14 8 18 5 3 10 19 15 7 20 1 9 12 10 20 10 10 1 1 6 18 5 11 15 3 14 16 19 17 17 20 13 8 19 20 5 3 16 9 3 12 9 20 8 12 14 20 2 3 3 10 19 7 9 2 1 19 2 19 20 5 14 5 6 19 14 19 5 16 5 10 17 10 8 10 4 4 4 14 5 16 8 3 3 6 7 5 14 8 19 4 19 8 8 1 12 10 11 12 9 20 19 10 14 11 18 7 12 16 14 5 3 5 11 14 4 19 5 8 6 14 13 11 4 12 12 16 19 1 10 10 16 17 4 1 16 17 2 7 15 15 11 20 10 17 17 20 18 10 13 16 10 8 19 12 14 15 16 12 8 4 9 16 8 0 9 3 14 15 1 15 20 17 19 20 7 4 12 16 13 18 16 11 5 5 17 8 1 16 3 4 19 15 3 6 18 20 9 7 12 15 1 3 20 10 3 18 17 11 16 13 9 2 9 19 14 16 3 11 5 11 5 12 3 15 6 14 18 13 13 19 18 3 2 6 13 2 5 14 14 5 17 11 6 15 18 8 15 10 17 13 3 16 10 16 20 3 16 11 12 3 16 16
20 6 14 11 3 13 12 8 15 9 12 13 14 4 19 6 3 9 10 8 14 4 9 20 4 9 2 9 16 12 16 20 11 8 20 19 20 5 17 20 8 8 8 8 3 16 12 5 19 9 10 19 9 15 8 3 1 15 2 3 2 20 10 9 14 1 16 3 6 11 6 6 10 19 20 12 15 12 3 9 3 5 20 17 15 20 16 20 5 2 16 10 14 8 15 6 1 15 8 14 11 5 12 13 6 19 13 6 6 2 19 3 5 8 10 10 16 15 17 11 19 5 18 2 16 19 7 6 7 11 6 6 7 9 19 6 1 13 11 5 1 11 15 19 16 8 13 4 11 12 6 8 15 4 1 6 6 20 12 18 17 19 19 2 10 4 18 12 5 16 16 13 1 7 16 17 14 15 9 14 12 16 11 1 7 16 5 16 10 14 20 10 10 10 18 2 2 8 13 11 20 19 14 13 8 6 10 6 14 6 12 7 10 3 8 7 9 18 6 4 15 16 8 6 20 16 16 2 14 7 4 4 7 8 19 1 11 14 5 4 3 19 3 20 6 16 10 12 4 3 8 3 11 6 15 18 8 14 6 17 8 18 6 15 12 6 12 19 12 17 7 4 9 17 4 11 10 18 13 17 9 20 2 14 16 15 8 11 11 3 11 6 18 15 2 5 19 8 12 5 10 1 19 9 11 7 3 1 20 19 13 17 6 9 4 15 11 4 17 11 19 5 7 13 19 11 14 15 2 1 17 5 9 17 16 12 17 6 17 18 14 2 4 11 13 20 12 19 9 10 19 7 1 14 18 15 1 6 18 16 11 6 6 8 16 17 19 2 16 15 15 6 19 13 5 9 13 20 2 8 8 7 17 2 1 17 10 6 15 10 12 19 1 20 1 18 16 15 7 20 15 20 0 12 13 13 15 1 19 12 17 17 7 18 19 2 4 14 13 5 4 2 8 10 12 6 16 6 12 10 9 4 11 2 14 17 3 15 16 3 2 10 10 18 14 11 2 6 1 7 9 8 16 12 14 16 14 1 7 6 6 11 20 17 16 4 4 8 16 9 2 15 3 7 13 13 16 9 2 7 2 14 9 3 1 4 14 8 19 20 14 1 1 7 8 14 5 13 17 6
15 6 14 3 3 8 1 11 8 4 13 15 12 17 17 13 3 2 10 19 8 18 13 15 6 9 2 8 17 10 14 9 1 1 3 17 19 8 2 17 10 1 10 2 14 4 8 20 18 8 20 13 14 14 9 19 15 12 18 18 3 15 1 19 14 16 16 11 13 3 5 6 10 8 13 12 20 11 11 14 3 16 20 10 12 13 3 9 2 18 20 19 20 20 19 1 7 19 1 7 9 11 11 16 19 15 17 8 1 3 10 19 16 16 7 3 10 4 5 7 16 3 1 3 7 13 9 5 4 1 9 16 17 5 10 9 16 19 15 10 12 10 16 11 8 6 5 9 10 1 11 6 12 13 19 18 9 20 10 5 6 8 6 20 2 9 4 3 14 2 11 3 20 11 5 8 18 15 14 6 4 5 2 18 2 8 18 13 14 6 6 11 12 14 9 20 18 5 14 9 1 10 6 16 10 17 13 5 3 11 3 20 15 20 3 2 11 5 13 2 15 2 5 10 11 9 19 17 9 7 6 3 20 18 7 14 11 5 11 18 1 9 12 15 8 10 10 20 20 6 8 4 19 19 4 20 2 11 13 16 1 9 8 2 17 13 7 15 16 14 11 10 17 15 6 5 6 12 20 16 19 20 4 5 14 5 5 4 11 19 10 2 10 17 8 14 2 8 20 8 5 15 11 1 11 19 16 13 6 15 16 13 4 14 15 3 14 19 13 16 10 18 3 7 11 9 9 13 8 4 15 9 15 14 2 4 1 17 3 3 17 8 10 1 12 11 2 18 12 20 2 14 4 17 12 12 8 4 2 5 17 17 14 4 3 18 18 19 9 17 8 17 13 19 7 12 2 9 17 5 8 18 1 20 13 4 15 15 14 4 1 2 7 7 7 1 2 2 19 4 20 3 13 0 7 8 4 13 15 20 15 10 3 17 5 4 17 18 8 16 14 11 12 15 17 15 18 16 3 4 3 7 1 2 12 20 13 12 4 1 2 5 13 14 1 20 14 8 17 12 15 10 8 3 13 3 12 3 14 1 1 9 15 10 11 13 1 13 5 17 3 3 16 12 17 13 1 19 11 6 18 14 18 12 5 10 16 1 6 19 10 14 5 13 9 16 11 8 17 4
11 5 15 3 5 9 18 3 5 11 18 14 16 3 20 20 8 1 4 12 16 19 18 3 8 9 18 19 10 7 8 11 12 14 6 20 16 12 11 12 8 13 7 8 2 18 11 14 14 15 3 3 7 10 20 3 15 11 7 17 15 3 19 11 5 2 2 19 1 8 10 6 13 6 6 18 14 9 12 19 4 12 13 1 14 16 8 7 4 7 14 13 15 18 15 13 17 1 14 17 12 11 3 6 19 12 3 19 18 19 1 11 13 10 16 19 14 12 2 14 7 2 8 4 10 8 5 15 12 3 16 8 4 8 17 11 11 8 14 1 8 7 11 4 2 2 6 4 8 13 11 14 9 19 7 12 3 20 7 6 6 1 5 1 14 10 16 14 19 18 17 8 16 20 3 19 8 20 3 14 4 7 6 18 14 16 10 7 5 9 13 1 10 10 2 12 9 6 10 19 20 4 8 10 7 17 14 15 9 11 2 4 17 16 14 2 19 8 12 13 2 13 20 15 10 10 7 6 18 11 14 2 18 11 9 10 3 18 18 1 4 13 9 3 9 7 4 15 18 14 3 7 15 3 10 16 17 12 8 14 5 7 19 5 20 20 5 8 17 20 3 7 15 17 20 9 18 17 8 16 20 5 17 13 3 13 16 4 14 10 19 16 12 15 7 13 18 16 2 3 10 12 5 10 3 17 19 1 11 6 3 18 6 16 3 10 16 5 7 16 4 4 10 3 6 12 20 20 5 10 17 9 11 5 20 1 13 20 2 20 17 4 8 11 14 7 3 6 10 13 10 12 12 16 9 11 2 2 18 8 17 17 20 3 15 17 14 16 14 13 5 10 12 15 20 18 4 15 5 14 1 12 8 15 16 3 13 15 17 17 11 11 2 5 18 19 11 19 6 10 13 11 6 3 0 7 5 2 1 11 15 12 13 2 10 7 20 8 4 19 15 17 5 9 4 9 17 9 11 18 2 15 11 11 15 12 15 1 19 16 10 6 11 11 9 14 15 8 5 8 14 4 12 6 16 2 19 6 10 1 14 14 5 11 19 12 2 16 16 19 19 1 14 16 20 5 9 9 7 13 4 19 15 6 15 18 2 6 11 11 2 10 6 5 17 19 14 15 17 6
13 15 15 11 2 17 7 20 7 17 18 3 6 1 19 18 8 20 5 8 8 4 12 6 14 20 14 19 14 6 7 10 16 13 20 14 10 15 18 4 10 16 13 8 6 20 17 8 18 5 14 20 19 9 15 4 19 15 18 3 11 13 5 11 5 5 17 12 15 4 3 2 11 7 20 6 20 8 3 5 13 9 19 6 6 16 16 4 18 1 17 8 20 17 18 16 16 11 1 5 18 2 8 3 13 11 13 9 4 1 19 4 15 11 11 14 13 19 2 5 1 1 4 19 1 1 2 18 17 20 18 1 18 13 8 13 1 11 4 3 5 10 10 12 16 10 14 8 11 8 8 17 12 19 5 1 17 10 12 6 6 18 11 4 17 9 15 18 2 16 11 17 18 5 12 8 15 12 3 17 11 7 9 16 1 20 12 3 8 18 3 9 11 1 4 15 20 20 2 20 16 19 16 4 10 16 17 6 13 4 20 20 11 12 9 11 8 16 14 11 5 19 8 2 6 20 16 16 18 2 8 6 17 5 18 18 16 5 13 13 15 8 4 17 4 13 7 8 1 18 9 8 8 6 20 20 6 17 2 12 6 19 13 2 8 10 15 3 17 9 11 15 7 6 14 10 7 4 18 18 14 19 13 1 14 6 12 18 18 2 1 8 5 5 7 16 17 12 18 2 2 7 9 19 14 2 4 15 5 5 2 16 19 12 1 10 3 8 1 5 20 13 5 1 7 9 8 17 5 14 12 19 6 19 2 11 13 13 8 8 15 15 4 12 5 10 15 5 2 7 10 15 8 9 2 1 1 13 12 15 7 15 17 14 4 3 15 9 13 2 17 8 14 12 20 3 3 14 13 15 16 13 2 2 14 2 1 10 13 4 18 6 18 7 10 11 19 13 4 17 4 6 9 7 19 0 13 13 5 8 16 3 20 18 3 4 6 12 7 10 18 4 8 8 3 14 15 16 9 20 14 17 4 5 1 1 4 16 3 13 17 3 7 8 17 2 6 13 11 11 4 9 9 1 13 10 20 13 17 5 4 20 20 9 10 6 1 15 13 7 18 13 1 12 9 19 2 9 19 18 5 17 6 11 15 18 20 6 14 14 4 10 5 8 13 15 3 14 16 5
9 6 20 14 7 13 16 18 4 12 1 17 16 5 1 20 7 18 20 6 10 12 14 20 3 7 18 7 2 15 4 7 12 14 14 12 15 1 4 16 7 14 20 12 11 11 7 9 19 16 8 12 17 7 5 11 1 5 13 18 11 7 9 1 17 4 16 8 4 18 19 3 12 3 12 2 17 7 18 12 2 6 2 14 11 3 2 7 3 3 2 5 16 17 5 2 2 6 17 6 10 7 2 10 3 3 12 6 5 4 16 18 7 12 9 3 14 18 1 17 1 14 9 8 18 2 20 9 14 3 14 19 12 4 13 11 2 18 20 14 19 12 1 10 13 11 9 11 1 8 17 15 20 20 3 3 3 18 17 12 12 3 13 15 4 10 6 1 2 10 18 13 19 6 5 12 6 20 2 15 9 2 14 8 1 18 14 12 15 11 20 4 12 2 7 20 2 14 13 4 4 7 15 9 15 9 15 19 11 11 3 20 11 2 7 16 16 19 19 14 15 3 6 9 13 14 7 3 11 16 10 2 15 3 7 15 16 9 1 13 15 1 3 5 8 5 13 8 1 2 5 12 15 7 13 2 20 19 15 18 4 12 17 6 1 4 12 19 20 13 19 20 13 5 11 3 1 6 4 16 6 3 5 18 14 6 9 3 9 14 2 19 1 19 12 12 17 1 9 19 6 18 19 11 2 12 4 18 20 14 15 5 15 20 17 4 19 17 18 1 11 4 15 3 1 5 12 7 3 7 13 14 17 18 15 5 19 6 12 16 15 2 2 1 17 3 11 5 6 1 7 8 9 17 12 10 20 1 2 4 13 8 20 9 7 11 12 14 15 16 7 1 19 11 9 8 10 19 13 10 6 13 1 6 18 7 6 14 11 1 7 2 5 7 10 1 14 1 10 17 16 2 5 17 6 15 0 18 15 3 10 6 17 13 10 11 19 12 15 10 8 20 5 19 6 11 13 4 2 14 9 20 16 12 18 13 2 7 8 20 20 14 11 6 13 3 5 16 13 9 12 9 19 7 5 3 6 12 7 16 3 9 9 13 17 13 10 13 16 17 17 16 4 17 19 12 2 3 10 2 9 15 4 6 1 3 17 20 3 20 11 13 13 17 14 14 4 2 5 3
18 4 1 17 5 3 9 15 4 5 17 4 14 4 11 11 9 18 9 17 15 7 4 3 19 16 4 8 8 6 4 19 6 1 7 3 5 7 6 11 6 13 2 13 10 17 10 5 9 12 20 2 4 15 16 2 15 11 20 3 8 18 9 20 13 2 5 6 1 7 1 16 20 10 2 14 19 2 20 15 5 5 20 7 12 1 10 20 15 8 9 15 4 8 15 15 13 20 10 14 10 20 13 3 14 16 10 10 3 20 8 2 18 12 12 2 7 14 5 3 14 9 17 20 8 6 9 20 9 10 1 10 8 17 19 15 8 8 9 14 5 17 4 4 17 18 13 6 17 13 2 1 14 5 14 5 15 4 20 12 10 20 20 9 20 16 4 9 18 20 12 2 20 3 1 4 7 3 4 12 2 1 17 13 1 3 13 15 12 13 3 6 5 2 3 20 8 8 6 6 18 16 18 17 15 16 6 20 8 7 20 3 1 10 14 10 16 16 10 19 7 15 18 11 12 12 17 6 6 7 12 1 19 8 5 18 20 18 7 15 19 3 20 5 1 10 13 2 3 6 4 18 12 13 7 2 7 10 20 2 16 9 18 8 9 7 2 17 4 5 17 8 8 10 1 15 9 3 16 14 13 12 5 2 18 10 8 5 15 5 8 8 14 1 11 19 9 11 11 18 19 3 11 13 14 1 4 10 6 15 19 19 1 1 9 3 16 13 16 10 15 7 7 7 3 20 2 16 4 9 18 13 15 16 2 2 17 19 11 14 5 18 10 20 19 8 13 10 18 1 7 10 1 2 6 9 1 9 1 5 17 12 15 12 1 8 18 6 4 8 6 6 1 19 19 10 5 20 16 1 10 13 4 14 18 3 17 11 16 12 1 6 17 1 20 16 10 19 7 20 20 3 19 6 15 7 7 0 15 16 19 17 10 2 16 15 5 1 17 12 5 10 14 20 2 7 18 17 11 17 13 1 8 19 2 15 16 15 7 1 10 17 5 8 7 1 15 7 1 1 6 19 14 8 15 16 5 19 14 8 2 20 15 2 20 11 11 3 10 17 1 18 11 10 13 10 11 11 12 2 1 3 2 16 19 13 2 6 15 4 7 2 10 3 13 3 15 4 14 18
3 14 7 10 10 14 15 14 18 16 8 2 19 4 14 17 11 20 13 16 20 5 1 11 14 8 14 18 18 9 10 16 12 4 3 8 14 9 8 8 8 7 15 13 16 1 15 2 11 19 6 7 5 13 11 13 4 15 9 12 10 16 15 5 6 20 4 15 9 20 17 6 15 13 12 9 19 2 15 12 11 6 4 13 16 11 13 16 5 10 12 10 2 15 17 15 8 13 20 13 13 2 15 17 18 15 19 20 7 14 13 17 9 19 19 8 1 4 9 6 7 7 19 15 4 13 8 3 4 9 9 20 16 7 18 4 6 6 11 13 7 4 8 12 3 19 9 12 17 20 11 18 20 16 12 17 8 10 14 5 12 19 16 14 13 6 13 7 6 20 16 7 9 20 7 1 3 2 2 13 16 8 7 8 12 9 18 15 14 12 3 11 4 9 9 14 11 9 3 19 9 7 14 19 18 19 10 1 17 3 17 17 18 3 9 9 1 17 3 8 8 17 2 3 17 4 10 15 8 20 6 17 17 1 19 16 14 17 8 18 11 15 10 2 17 8 15 3 3 4 10 2 11 14 20 3 8 6 8 10 9 14 11 7 17 5 18 12 11 1 3 10 15 14 16 10 6 19 7 19 9 6 12 18 3 14 2 4 3 13 10 2 18 3 12 19 3 2 11 12 10 4 16 12 14 14 19 19 7 20 18 10 18 3 15 1 19 3 16 1 19 19 5 6 16 7 11 7 6 19 2 1 14 12 4 1 15 18 9 2 8 14 15 7 5 8 11 4 11 13 4 11 2 19 17 18 7 14 4 16 19 5 6 17 6 6 20 10 1 17 1 5 15 9 17 7 14 5 6 1 13 9 5 19 4 17 11 4 16 1 10 19 10 19 11 10 2 7 7 2 17 16 10 19 9 20 8 20 0 17 13 11 18 12 7 1 5 18 5 4 15 1 1 16 11 1 20 7 10 5 14 11 10 8 4 3 2 14 13 8 10 15 19 19 9 20 14 8 16 8 6 13 2 19 20 3 18 16 18 17 10 8 6 2 13 17 18 11 16 9 11 3 13 1 7 2 18 6 12 9 16 12 14 4 14 16 20 2 19 20 18 14 20 12 2 15 17 15 13 14
7 4 4 15 3 20 4 10 15 6 13 4 2 20 16 11 14 1 3 16 17 7 7 11 3 5 19 16 19 5 16 11 20 3 6 11 15 8 14 9 5 9 2 14 8 9 8 5 18 4 8 19 3 15 14 7 1 18 19 7 13 20 16 18 16 20 17 10 13 19 2 17 7 15 10 14 5 3 8 18 8 11 13 5 8 11 5 2 9 16 13 2 14 6 3 12 5 3 10 13 16 17 6 2 3 7 9 12 17 19 11 18 7 11 6 5 5 8 9 5 11 17 4 4 17 16 18 15 5 15 11 10 17 13 4 12 11 12 2 20 4 18 14 6 11 7 3 18 9 11 19 13 6 9 18 15 17 18 8 11 3 5 15 8 20 11 6 5 5 20 14 6 1 9 4 16 1 11 12 8 1 1 13 15 5 3 5 15 4 18 13 11 7 5 18 16 20 7 17 3 16 4 2 15 18 19 9 10 13 4 15 10 7 9 1 13 4 12 5 1 12 10 1 13 15 13 5 17 20 17 16 18 19 11 6 12 18 2 13 16 2 20 1 12 9 2 14 16 19 19 7 18 2 13 16 14 1 13 13 20 15 5 6 16 1 9 15 9 12 10 8 8 15 2 18 8 20 16 11 17 12 2 14 11 8 11 19 2 17 12 18 15 13 12 8 13 20 1 16 6 11 16 13 9 16 1 17 9 13 12 18 18 1 20 3 20 9 13 15 14 9 20 14 4 5 12 17 4 14 12 12 18 4 12 1 5 12 19 15 19 14 14 6 7 17 7 13 3 5 1 6 1 6 18 2 13 6 18 8 16 2 8 11 5 18 8 2 6 2 20 12 20 13 14 11 9 16 10 4 13 8 8 9 13 15 15 19 11 9 17 6 12 1 3 18 20 11 16 13 1 9 12 12 15 3 1 4 11 5 0 4 19 7 7 2 5 9 13 16 16 10 7 20 16 14 18 20 4 10 8 7 17 4 2 10 6 7 11 19 14 6 15 16 13 11 15 3 15 8 14 12 17 18 1 18 6 11 15 17 6 19 13 18 1 7 3 19 17 13 17 4 12 11 10 6 12 6 18 6 19 12 17 1 11 17 3 9 4 3 17 7 2 20 12 3 17 10 5 17 10
2 12 8 15 10 10 8 12 11 15 18 4 7 17 18 16 17 3 15 9 5 12 17 20 19 5 3 12 14 19 12 15 12 4 10 5 2 10 13 10 10 15 13 3 20 15 1 13 15 18 2 6 16 18 16 3 12 18 14 7 7 20 14 5 18 9 15 15 13 19 7 14 7 11 19 3 2 10 3 1 19 2 20 3 11 8 2 15 5 9 11 12 2 6 19 16 8 7 6 5 17 17 10 15 17 4 18 13 3 7 20 8 17 3 20 17 2 16 2 14 12 12 19 6 5 17 12 12 10 9 6 13 15 19 11 18 7 9 11 8 8 20 19 5 15 16 5 20 10 7 14 3 6 1 19 8 2 9 6 11 14 6 8 15 18 18 4 2 5 20 8 14 11 14 11 8 18 11 12 9 1 17 7 4 13 1 4 15 1 9 10 6 3 15 16 12 12 8 5 17 6 11 6 3 4 9 10 18 8 5 12 5 1 9 16 19 7 5 5 13 5 18 2 9 2 17 19 1 6 7 9 9 13 8 7 9 8 9 6 6 3 8 16 7 1 9 14 10 7 2 14 6 13 4 11 2 15 14 16 16 19 3 18 12 17 9 1 18 4 9 20 5 1 17 12 7 3 1 16 1 11 8 7 12 2 19 17 3 18 18 3 1 1 8 19 18 6 17 18 10 20 16 11 18 7 15 1 2 18 6 20 4 4 8 19 20 13 18 10 18 1 19 11 14 8 15 6 4 9 10 4 5 13 9 1 17 8 12 12 16 7 4 5 14 13 18 10 18 7 4 3 17 19 6 11 8 11 9 14 20 17 2 16 12 17 14 7 15 6 3 1 19 8 19 11 3 13 16 6 5 7 11 6 14 17 8 8 7 14 18 20 12 6 1 10 1 17 13 9 8 12 4 16 11 5 2 1 4 11 18 0 19 4 17 13 7 19 15 6 5 8 8 8 9 4 13 11 10 10 14 17 7 5 19 5 17 19 5 15 17 9 9 4 18 7 7 7 15 5 7 9 16 13 5 4 5 16 20 4 10 9 12 17 10 16 5 18 15 19 17 3 11 9 4 12 1 10 16 18 18 9 7 8 6 20 16 19 3 1 19 6 15 15 6 7 12 13 6 11 16
15 13 4 16 14 3 2 18 3 18 7 6 19 20 14 10 4 18 20 14 4 16 20 10 2 5 9 6 8 18 7 7 18 12 17 10 12 5 11 8 15 4 7 9 8 20 18 17 17 10 8 10 14 10 12 2 18 4 9 3 7 11 19 5 7 8 1 1 19 5 9 19 14 2 20 12 5 17 16 5 18 11 12 15 18 2 6 12 12 16 10 18 20 9 9 9 7 9 10 10 16 11 13 9 14 11 15 3 19 12 1 8 20 9 16 11 11 20 5 15 1 10 18 8 18 19 15 10 8 13 14 7 16 19 19 7 7 7 3 12 14 8 3 2 5 14 15 7 14 10 8 2 7 3 18 8 7 6 4 16 7 14 20 16 11 15 11 12 20 1 3 14 3 15 5 3 12 19 3 18 2 17 17 2 5 15 12 19 15 16 19 11 1 6 10 10 11 11 12 15 19 4 17 5 8 5 14 7 4 7 15 1 9 11 11 20 11 13 17 8 6 13 8 20 19 5 20 20 8 15 20 13 2 10 6 19 6 13 5 14 1 14 14 20 13 13 16 7 17 17 20 13 9 6 3 20 16 3 20 17 17 2 17 3 12 2 7 11 4 14 18 9 19 19 3 17 19 17 3 13 12 13 16 15 2 10 18 8 1 2 5 3 7 10 11 8 2 8 11 6 14 19 17 1 9 11 6 6 7 17 13 16 17 2 4 6 20 17 11 19 12 1 16 17 15 12 8 10 16 5 10 2 11 9 7 11 10 20 15 2 6 17 3 4 13 1 3 3 4 17 3 16 9 2 8 6 13 4 10 20 17 12 15 8 14 19 9 8 18 13 4 1 11 6 11 4 17 4 10 4 13 8 16 8 3 3 15 2 14 19 15 13 18 17 10 12 17 1 15 6 9 14 17 2 8 8 6 18 7 17 11 0 18 11 10 3 10 13 15 2 7 9 18 18 13 4 10 20 8 4 19 11 9 17 7 18 2 13 8 9 17 12 6 9 7 9 1 18 9 4 19 1 10 4 5 13 12 7 9 20 6 17 4 3 3 16 2 5 8 18 5 13 2 6 10 15 19 10 19 20 2 11 1 15 16 15 6 14 5 15 2 13 16 3 14 16 16 3 4 16
3 7 8 4 16 4 19 8 11 5 17 5 14 9 13 10 4 2 6 3 20 7 5 6 4 20 13 17 7 16 15 15 6 12 17 11 11 3 13 17 20 10 12 17 1 20 1 13 11 15 18 15 9 13 8 16 2 17 4 3 1 19 13 16 17 7 13 5 16 16 20 6 7 5 9 2 15 12 8 10 20 18 10 12 3 16 5 6 1 3 10 5 7 5 3 7 12 10 1 8 11 18 18 1 9 5 8 1 8 15 1 19 9 5 6 12 3 1 4 1 5 11 6 17 3 8 19 16 1 7 9 5 18 15 6 13 20 6 1 13 20 2 4 4 4 12 13 6 6 4 16 14 2 5 8 17 16 20 13 19 12 2 7 9 2 17 19 9 1 13 1 20 6 17 8 4 1 12 9 13 19 11 1 10 17 12 15 5 17 6 4 5 13 6 8 9 11 9 16 19 2 13 15 8 17 1 13 10 4 17 8 9 20 13 17 8 6 8 19 6 20 3 15 11 15 20 2 6 19 7 8 2 11 11 1 4 7 10 4 8 16 15 18 10 13 1 5 2 6 18 3 18 20 1 18 14 18 10 8 3 13 3 11 15 19 16 4 6 6 10 10 4 8 18 14 12 9 3 10 17 7 14 6 19 12 11 20 6 8 12 17 16 15 10 18 8 6 20 12 15 7 14 18 1 15 14 6 12 10 18 15 20 2 17 6 10 7 7 20 18 4 16 2 9 2 19 3 7 3 11 1 13 15 10 6 12 7 15 1 19 5 3 11 14 19 18 13 15 15 8 10 7 9 16 9 13 3 8 11 13 5 1 20 6 7 13 5 19 5 19 12 10 6 19 1 19 2 4 16 1 11 1 7 10 8 6 7 13 18 13 4 4 3 19 5 20 20 16 2 6 7 17 5 19 7 1 4 12 5 5 8 9 0 16 5 2 4 19 10 2 16 6 18 13 8 11 3 14 5 12 7 13 10 17 7 1 12 20 18 8 5 12 17 12 9 17 12 7 17 8 15 7 19 8 5 13 6 2 8 4 11 15 18 16 20 14 2 18 7 3 14 7 12 3 14 6 11 19 17 17 9 15 17 9 17 13 18 5 14 18 20 8 16 3 16 9 15 19 17 14
2 2 3 15 3 13 6 5 11 10 12 9 1 9 6 14 9 11 12 20 20 10 3 16 18 15 9 9 5 16 10 7 2 11 3 5 1 15 17 16 1 14 1 1 12 14 15 19 15 2 7 17 16 15 8 11 11 16 8 3 6 16 3 6 15 18 5 9 11 13 20 18 8 20 6 9 4 4 14 3 8 7 14 13 13 15 11 4 20 6 1 15 20 17 19 7 16 15 14 2 2 5 13 10 20 7 15 19 20 11 9 9 15 18 13 15 4 4 3 14 16 17 14 12 6 3 19 9 8 5 2 12 12 15 5 16 12 4 2 11 17 19 3 9 15 18 18 4 7 5 19 9 1 2 9 12 19 5 13 15 18 6 16 8 18 11 8 1 15 10 6 13 13 14 3 11 9 6 19 3 3 2 15 9 11 10 6 9 4 7 11 11 2 18 2 19 16 6 2 3 15 20 19 17 16 15 11 11 9 11 15 3 14 3 6 16 11 5 12 2 13 18 2 7 12 20 12 2 7 3 11 9 19 13 1 9 18 8 5 9 5 16 9 11 5 6 3 14 2 19 2 6 10 5 1 12 14 10 20 9 2 18 6 14 5 6 2 10 2 17 1 2 18 1 7 1 6 10 13 20 16 2 19 2 4 2 2 20 20 19 9 15 17 19 4 18 8 16 14 17 4 16 4 8 15 10 13 3 8 5 19 18 1 18 8 2 4 20 7 19 17 2 1 18 12 14 14 7 17 4 1 14 20 15 4 13 14 3 2 1 3 4 8 18 3 12 13 3 20 4 8 4 16 5 16 5 13 7 18 18 1 7 7 15 20 8 16 9 4 19 20 12 9 18 12 11 1 10 10 2 4 6 5 7 18 9 6 1 7 15 19 6 7 8 7 12 4 6 13 6 11 4 20 10 11 9 7 14 4 12 12 18 7 0 13 14 4 4 6 1 7 4 17 7 10 7 15 13 8 3 15 14 19 17 18 18 18 19 6 10 9 5 15 11 2 19 16 7 14 20 11 7 7 15 9 16 16 10 3 14 17 12 14 16 4 1 18 9 7 19 1 3 16 16 2 7 15 9 5 2 19 19 8 10 4 4 1 3 3 12 8 14 18 12 2 12 12 16 8 3
3 3 1 2 4 9 9 8 9 16 8 3 15 7 13 2 16 3 15 8 3 7 16 3 4 6 6 3 7 2 1 18 7 19 3 1 7 16 12 1 10 6 3 18 5 8 11 17 5 17 15 12 3 17 12 1 5 17 10 10 17 14 6 11 3 8 19 9 11 7 14 4 10 14 13 11 7 1 20 1 14 11 11 6 5 6 18 19 4 10 17 7 16 7 19 2 4 2 16 18 10 19 17 5 20 20 6 14 3 2 13 2 15 11 19 11 3 14 8 11 11 11 15 6 8 17 8 12 15 20 14 20 2 13 17 5 5 17 8 16 12 7 5 11 12 3 10 14 8 7 14 3 5 16 17 11 7 7 9 17 14 15 14 18 10 3 20 5 13 7 5 1 16 7 11 2 3 1 20 17 14 6 13 3 4 11 6 11 5 16 11 13 16 11 2 20 10 19 6 12 9 5 15 2 16 1 2 16 7 1 12 19 2 18 17 16 18 11 1 9 6 13 13 12 20 2 1 6 16 1 16 3 11 8 20 14 16 5 17 17 1 17 4 9 5 14 20 13 18 19 14 3 11 12 3 15 12 2 6 10 13 18 20 19 1 12 3 12 19 8 4 4 18 18 9 16 7 15 3 11 5 17 18 2 7 19 3 15 11 11 18 13 19 3 15 20 15 4 16 13 16 10 19 1 13 1 15 15 15 1 13 16 18 8 16 17 9 10 19 11 15 15 16 9 18 12 12 5 5 12 5 2 18 11 10 10 3 3 1 20 17 13 6 15 17 17 3 20 8 20 17 3 11 8 16 19 19 10 14 9 6 6 4 10 19 8 4 5 1 17 13 5 6 7 17 14 14 19 10 1 10 3 14 6 14 5 11 5 7 20 12 4 16 7 6 18 20 2 6 5 12 10 1 20 6 8 11 1 13 12 7 10 15 2 0 8 10 6 4 6 13 4 8 2 14 12 6 12 2 20 4 20 10 6 4 15 6 14 11 13 18 12 9 15 11 9 6 14 16 14 15 17 1 6 16 19 5 19 12 13 17 12 20 5 2 9 8 19 13 15 16 8 14 16 19 8 20 14 17 12 8 4 3 1 8 16 17 7 8 10 14 18 6 9 18 16 3 20 13 19
10 14 9 1 13 9 18 10 8 5 7 17 8 5 6 5 16 2 3 20 14 7 1 4 13 9 4 16 17 18 7 2 15 10 1 20 9 17 16 20 13 3 10 17 19 19 14 1 12 12 14 9 14 18 6 9 18 1 5 5 2 18 6 2 4 2 12 12 3 4 19 4 16 4 9 16 20 18 11 16 4 5 12 12 3 15 18 20 4 18 10 16 4 16 9 16 4 7 20 12 16 14 3 8 8 13 7 20 11 2 10 8 17 7 17 19 9 2 4 2 1 9 8 11 3 4 6 2 15 20 11 11 7 3 15 11 10 12 13 17 4 13 19 10 14 13 8 17 14 3 8 7 11 10 17 19 19 4 4 11 18 16 8 16 11 6 12 15 18 15 20 8 17 7 8 11 17 11 3 2 14 17 14 5 9 4 6 3 18 15 12 2 4 9 3 8 10 12 17 9 3 20 8 4 16 11 6 4 5 3 3 8 7 17 2 6 8 7 13 8 19 16 18 7 17 6 1 2 11 7 13 2 2 8 2 2 10 8 1 3 16 16 19 13 13 12 6 7 10 3 13 7 2 15 1 14 12 12 13 14 16 17 13 15 7 5 7 13 4 1 7 11 5 2 5 14 20 2 14 12 4 15 6 16 13 3 10 19 9 8 13 11 9 8 4 1 13 10 8 20 14 9 20 20 15 9 20 12 18 5 3 15 7 11 14 4 8 7 8 14 7 4 4 12 18 14 15 12 9 14 18 17 7 13 3 8 7 18 8 19 10 3 16 2 11 3 2 7 7 9 19 1 11 16 15 18 14 5 4 15 9 8 12 3 14 14 5 5 9 16 9 9 2 20 19 12 1 10 3 17 1 6 14 18 18 12 10 11 4 12 10 16 9 4 5 9 9 13 18 19 20 9 20 10 18 20 18 19 6 13 8 6 16 7 4 0 18 17 1 17 13 17 18 1 12 1 17 1 3 6 12 12 20 9 4 8 17 3 17 12 19 5 6 18 1 9 19 15 9 4 18 2 10 6 15 9 19 13 1 19 13 14 14 4 2 4 3 15 2 5 11 20 11 9 5 9 8 4 18 5 17 19 4 9 2 17 14 3 3 6 18 12 2 4 4 9 18 9 1 7
7 6 12 19 11 17 3 2 19 3 7 10 16 11 12 15 13 6 6 20 10 19 1 4 11 19 1 9 8 16 3 5 1 13 20 9 19 5 3 12 13 13 7 16 16 19 2 9 7 11 10 10 9 11 3 14 11 2 1 12 13 8 16 1 20 8 17 8 16 11 15 3 4 16 12 15 20 15 12 7 11 14 15 13 2 16 20 4 2 11 12 4 11 6 16 3 5 3 18 5 16 14 15 2 10 17 13 14 8 9 7 20 11 14 11 4 12 8 11 20 7 4 11 15 12 8 10 10 19 17 10 2 7 19 11 8 11 14 19 3 5 14 8 5 20 9 10 4 13 14 9 10 15 7 12 4 12 1 19 1 13 18 1 7 17 9 3 13 4 12 11 2 12 12 10 4 7 6 19 11 5 9 10 12 16 18 3 3 18 6 12 19 13 14 13 3 3 6 4 20 4 15 13 12 9 12 2 15 7 16 12 16 7 16 1 6 11 17 12 2 2 9 15 2 5 6 18 17 19 3 6 4 7 18 15 6 13 16 15 5 15 8 6 2 16 2 8 15 12 12 3 10 7 18 3 12 4 15 1 5 18 15 18 5 11 10 20 9 2 4 7 13 8 2 1 20 1 2 15 1 10 3 4 12 8 8 4 15 9 14 16 19 13 8 17 15 6 6 18 9 9 3 10 9 8 10 11 9 18 3 11 12 17 10 17 1 7 7 3 9 15 5 5 6 13 13 4 7 14 12 6 18 4 4 10 11 17 13 4 6 11 10 10 6 10 8 16 9 4 6 3 15 13 11 11 3 11 2 7 11 16 7 10 12 13 14 18 3 17 4 15 12 20 3 1 17 5 20 8 11 20 1 19 5 4 19 14 12 10 13 9 8 15 3 20 6 10 6 7 9 7 9 16 12 10 6 20 19 2 9 8 17 1 2 11 13 0 5 6 6 8 14 13 15 4 15 7 10 1 15 19 14 19 5 17 14 15 20 16 16 9 19 16 4 15 20 14 10 9 14 13 12 14 8 3 2 11 4 13 9 17 5 15 14 11 12 5 6 17 5 9 13 19 4 4 20 4 6 8 3 17 5 20 3 12 11 18 15 18 17 16 7 9 1 20 14 1 3 4 1
19 12 15 7 10 4 13 18 16 9 19 10 17 11 19 13 19 14 9 2 17 14 8 14 14 19 13 15 12 14 13 7 13 4 5 1 16 17 11 9 12 6 3 9 7 18 17 16 19 20 7 6 1 1 17 11 4 19 15 16 8 16 7 9 18 13 4 11 4 14 16 10 10 8 14 18 1 9 19 8 1 4 11 2 13 12 11 12 11 7 6 3 8 15 8 18 2 14 20 17 6 11 4 5 17 17 5 2 13 9 8 10 5 11 20 12 6 13 4 18 9 2 17 1 14 3 9 4 1 8 11 14 20 3 6 11 13 15 13 5 20 4 18 3 4 12 6 1 17 8 10 18 4 13 6 2 16 14 1 17 20 8 3 16 11 16 13 15 14 1 19 16 17 8 14 4 4 7 9 9 7 2 14 4 15 10 2 4 6 16 20 8 4 20 11 3 7 20 19 2 13 5 8 15 6 4 10 20 7 7 16 18 10 10 12 13 16 1 5 13 20 20 20 2 15 8 20 19 18 13 2 2 7 4 10 14 11 10 12 15 13 7 7 10 10 19 7 6 18 7 19 12 16 10 13 7 11 3 1 19 7 4 13 8 2 5 4 9 7 18 3 10 9 19 6 10 11 13 4 16 17 10 6 15 6 3 3 2 2 19 19 2 13 4 12 15 9 9 10 5 12 1 12 5 11 13 10 6 12 13 2 11 18 8 15 8 7 16 4 16 8 16 17 3 19 5 14 1 16 18 5 7 5 17 19 16 9 19 18 15 6 16 8 19 15 18 11 14 12 2 10 9 2 13 11 10 13 10 19 9 5 19 8 12 7 15 3 3 16 4 14 19 15 11 19 17 2 4 15 9 16 4 10 5 12 2 18 10 12 11 16 7 6 2 7 16 13 7 11 9 8 19 1 11 15 13 19 11 11 15 7 13 15 4 15 18 20 0 9 2 4 9 9 8 13 8 2 15 1 9 8 3 2 15 20 6 2 11 19 16 3 19 12 14 6 2 18 12 7 4 8 5 8 15 12 7 6 13 1 12 3 1 16 1 2 2 4 11 18 11 4 18 19 1 20 8 14 5 7 17 11 7 13 1 9 9 11 11 7 2 19 7 3 13 9 9 9 14 12 11
4 19 4 3 18 17 15 7 3 10 12 12 7 5 3 5 9 4 13 19 12 11 17 3 4 16 19 8 5 9 18 11 17 12 4 9 16 13 4 18 7 10 11 16 15 15 14 10 15 7 14 10 16 1 15 5 9 5 9 15 1 4 2 1 9 4 13 17 6 14 2 5 13 18 11 14 2 19 2 12 14 16 16 14 2 1 2 7 9 19 16 9 19 20 16 16 5 10 7 15 11 20 15 16 17 4 5 19 6 9 18 12 15 10 1 4 3 16 11 13 14 19 12 19 8 10 12 17 15 7 12 18 10 13 7 8 8 3 3 16 13 9 18 2 18 10 18 8 5 4 14 6 7 4 17 3 11 6 1 8 18 2 5 6 19 15 16 7 5 11 10 9 8 11 17 8 17 2 18 9 14 3 11 11 2 12 11 14 14 18 19 9 6 10 3 12 10 15 16 13 2 19 14 2 6 14 16 14 19 13 10 5 8 1 6 12 4 16 2 1 17 20 19 13 16 14 13 17 18 13 15 2 7 11 14 17 20 15 16 9 2 20 18 18 13 20 4 17 7 16 2 13 7 20 6 20 12 11 10 12 16 16 13 19 6 14 5 3 15 20 13 1 19 5 13 3 17 20 4 2 6 11 4 19 4 4 2 3 9 16 19 10 6 6 20 11 18 3 5 12 20 11 20 16 10 15 9 10 2 1 1 11 10 18 18 12 9 3 5 17 14 17 6 18 14 20 13 10 1 5 16 2 7 20 20 14 10 20 4 6 3 4 4 3 1 15 18 2 3 14 16 14 3 14 6 6 4 12 12 12 8 6 7 19 17 20 8 13 11 13 10 8 4 3 7 4 6 20 1 2 15 20 1 8 3 3 19 9 16 18 4 11 20 8 15 8 17 5 10 13 20 2 3 6 14 16 6 14 20 12 5 19 8 13 14 19 4 14 0 15 18 16 6 8 4 20 9 14 10 10 10 11 15 14 15 3 10 1 3 13 19 2 19 7 18 1 11 18 19 7 4 19 20 9 15 13 11 10 3 11 16 13 16 3 15 5 10 5 9 16 7 2 20 12 12 9 3 19 14 13 8 19 10 14 11 19 4 10 17 16 19 3 15 3 20 4 2 12 2 19
16 10 17 14 14 5 14 18 7 5 20 14 7 10 14 10 7 1 15 16 20 20 16 3 14 10 4 10 17 13 20 14 20 8 5 1 19 20 7 12 8 8 20 3 1 18 8 19 13 14 8 5 14 6 11 12 10 13 10 8 9 14 15 18 3 10 14 17 3 18 12 8 19 13 5 18 16 4 14 10 18 5 2 10 9 7 20 10 14 6 2 2 18 12 10 12 18 10 14 2 14 9 19 10 18 11 16 14 13 20 15 8 9 2 8 8 12 9 20 10 19 3 3 10 5 4 6 9 19 19 12 18 1 1 8 19 19 18 5 19 19 11 10 3 11 11 14 16 9 15 3 10 8 12 13 11 18 1 16 18 2 14 17 7 5 1 11 20 1 15 9 3 4 13 2 16 10 14 17 18 20 9 9 19 16 11 11 12 5 4 16 5 16 16 12 14 12 2 16 16 9 12 9 10 7 4 1 17 13 8 5 10 11 15 1 15 9 2 5 4 2 14 5 16 6 17 11 4 14 17 4 1 2 20 14 7 3 5 8 7 8 20 9 8 10 4 9 8 10 13 2 3 4 20 16 8 4 19 2 4 14 19 10 12 4 3 13 6 2 20 13 6 10 15 9 5 4 11 15 4 6 15 15 15 1 2 8 20 6 2 7 16 10 3 8 15 20 17 6 17 14 4 5 6 20 6 4 8 10 11 6 13 5 11 4 6 8 12 17 15 17 4 7 10 8 18 2 16 10 5 5 19 10 3 6 12 8 1 14 15 16 15 19 13 5 7 1 20 3 7 19 2 19 15 3 1 20 15 18 12 2 9 6 9 15 11 14 1 4 19 11 3 15 18 20 8 3 11 3 17 8 13 12 16 1 19 14 16 7 8 9 12 16 20 2 15 10 20 20 14 7 3 3 16 1 1 13 5 10 17 1 8 19 6 10 9 7 3 3 0 19 3 12 4 17 9 11 11 10 14 8 14 2 19 2 9 12 12 14 9 16 3 20 10 12 6 5 16 13 14 2 17 11 12 7 10 3 2 18 3 19 3 2 18 11 4 15 13 12 1 13 14 14 13 16 15 6 1 18 4 6 10 10 18 2 5 13 7 8 10 11 10 5 4 13 6 5 4 18 5
7 4 10 18 14 10 13 2 11 14 10 5 17 10 3 19 8 6 16 18 4 16 6 7 5 4 16 18 18 6 18 12 20 11 16 14 19 12 15 4 11 7 4 6 12 7 2 10 10 15 13 1 4 14 9 9 8 18 13 16 1 1 19 15 18 6 1 8 11 13 1 6 7 11 5 11 9 1 11 7 10 11 11 20 6 15 3 4 5 15 6 7 1 5 5 19 5 3 12 16 15 10 9 14 18 17 18 20 1 19 20 5 13 14 17 7 15 17 14 15 8 5 2 6 13 8 5 13 9 19 7 20 8 9 5 10 13 11 4 15 7 5 13 14 9 20 15 16 9 6 15 16 7 10 17 1 14 16 19 14 17 19 6 18 20 20 7 19 17 2 9 16 1 13 16 7 11 12 9 13 8 12 9 9 12 15 8 9 3 13 12 2 8 8 19 11 9 19 20 6 12 20 18 6 13 19 7 14 20 16 15 10 17 17 13 3 18 7 19 8 12 10 15 4 3 19 15 11 8 4 4 13 16 5 9 3 1 4 7 16 7 7 8 12 2 11 15 10 14 14 19 2 4 11 17 5 7 6 20 11 19 7 5 14 5 14 12 6 20 2 20 15 4 13 9 11 5 14 6 19 5 18 1 7 8 7 20 4 6 18 9 15 17 19 7 16 5 14 13 5 5 7 6 12 4 19 11 14 17 12 13 17 7 18 8 20 5 16 7 10 20 9 2 13 8 8 16 2 3 13 4 4 20 9 13 13 9 10 8 11 11 13 5 3 6 13 9 6 4 20 11 15 10 11 10 16 19 10 12 15 18 4 4 9 13 15 13 10 5 8 4 3 5 12 5 12 19 14 20 18 12 7 20 6 1 3 1 9 5 16 6 8 17 12 11 19 15 5 19 19 11 15 11 20 13 9 19 7 1 11 14 4 13 20 13 20 2 17 4 14 0 1 17 11 1 9 13 5 5 3 4 2 7 17 4 4 11 18 18 7 16 17 11 14 14 20 18 1 6 6 16 2 16 12 2 11 18 12 17 20 20 2 11 2 8 9 18 16 3 7 11 2 9 10 10 7 9 7 17 13 12 5 7 4 19 12 18 14 18 13 4 2 3 9 16 19 6 17 5 5
14 8 15 15 10 20 17 5 2 4 20 15 2 14 2 1 2 8 7 8 18 6 12 4 1 10 4 16 10 9 6 19 20 1 2 3 11 2 19 4 12 3 8 15 7 16 5 1 10 4 5 1 7 8 7 18 2 7 15 15 7 12 12 15 2 12 9 15 3 7 4 19 17 17 9 11 19 19 10 10 12 12 11 2 14 6 6 13 20 12 20 8 9 3 2 6 5 9 20 6 3 2 1 9 14 6 10 3 15 19 16 12 7 12 10 12 11 17 1 13 7 9 19 15 20 19 10 16 1 7 19 14 15 10 12 3 6 16 12 9 11 5 17 20 18 16 19 6 5 5 4 12 12 5 11 13 10 4 16 16 3 2 2 16 10 10 20 18 13 10 15 2 1 7 14 16 14 5 9 7 6 8 1 11 1 20 11 20 8 12 7 2 3 17 1 18 12 18 4 11 20 15 7 19 12 15 15 3 11 4 6 18 7 12 15 19 6 20 12 19 5 19 1 8 1 16 4 11 18 16 17 10 7 13 12 14 10 4 5 15 2 11 9 18 5 19 9 5 1 15 17 5 7 16 16 11 2 20 20 16 13 18 2 1 16 4 16 10 4 18 18 14 1 19 13 17 1 19 4 4 19 13 4 15 4 12 14 19 13 4 15 5 3 13 7 20 5 1 11 6 2 4 16 7 18 15 15 18 8 17 8 13 7 10 4 20 15 2 19 15 2 14 19 8 18 7 20 3 1 18 7 18 9 10 20 14 12 18 20 17 9 20 6 13 8 16 4 3 12 13 5 4 1 13 12 3 16 10 19 17 1 3 19 20 14 3 16 3 19 19 4 16 5 2 17 4 18 2 12 3 4 18 18 14 13 8 10 12 8 18 20 14 7 10 18 6 19 15 15 3 8 6 6 5 6 5 10 16 14 13 20 7 8 6 3 12 13 17 10 6 11 0 8 5 15 9 9 14 4 6 9 6 3 2 3 9 1 13 7 17 19 14 12 5 5 20 18 19 16 13 13 4 1 10 10 16 18 11 3 20 11 8 15 7 6 16 10 8 17 13 12 17 2 17 18 15 15 3 11 16 13 18 10 6 6 4 20 9 15 14 9 7 19 9 14 18 15 10 6 10
19 10 15 19 12 4 9 15 17 12 14 4 18 9 19 9 20 3 12 3 12 5 18 2 8 1 20 13 12 15 19 11 13 6 13 7 6 11 20 14 15 13 14 9 12 13 8 9 17 2 19 7 1 18 20 19 8 1 15 20 12 6 11 2 11 6 3 19 9 6 17 13 11 1 5 19 18 1 18 20 5 20 10 7 8 8 11 8 3 12 12 4 7 4 8 16 6 2 9 19 1 18 6 4 3 8 8 8 6 12 17 9 12 3 1 14 16 5 18 8 10 14 1 7 2 17 7 6 17 2 16 3 12 13 13 12 1 8 14 10 8 11 11 7 5 8 5 5 20 19 17 17 13 5 1 17 13 18 1 14 14 3 10 4 15 3 17 16 12 6 13 5 14 12 4 13 7 13 13 3 10 10 8 6 18 15 16 20 2 3 19 14 6 15 12 17 17 18 6 13 4 11 9 12 20 16 1 2 19 1 7 1 10 15 18 3 1 4 18 17 9 15 6 15 12 10 9 16 20 19 15 12 10 17 1 14 1 12 8 7 19 20 5 15 19 11 8 10 9 10 6 7 16 11 4 1 15 3 18 16 14 19 7 14 13 9 20 3 20 9 4 8 4 17 7 4 6 19 4 15 1 9 10 9 7 5 3 1 19 15 14 11 13 19 16 4 5 15 4 14 11 1 13 12 6 13 15 11 3 19 3 11 1 5 2 10 17 5 9 11 14 11 16 13 19 3 2 18 14 17 19 12 12 9 16 16 5 3 15 13 10 12 18 17 5 16 2 5 20 20 12 20 16 2 11 10 5 8 13 3 12 13 11 11 7 3 2 12 7 2 10 4 6 18 11 6 7 5 5 4 10 8 13 4 16 17 10 10 15 9 13 5 2 17 17 20 6 14 6 20 15 20 10 14 13 15 13 2 7 19 14 12 20 18 7 7 7 18 6 10 16 15 0 6 10 15 3 6 1 10 11 20 13 5 9 20 11 5 15 1 17 2 16 9 2 14 20 4 3 14 11 9 1 14 7 13 2 4 18 18 10 2 14 5 19 19 9 15 15 14 3 14 5 19 12 19 11 10 14 13 5 11 18 1 14 6 4 13 3 11 12 11 6 16 10 2 3 7 19 7
11 11 4 4 19 6 7 8 10 7 16 3 12 2 5 2 6 2 16 4 20 5 3 11 16 18 6 12 13 14 18 4 19 8 20 1 8 1 14 19 7 7 17 19 6 6 9 12 3 5 18 17 5 4 5 13 15 11 13 18 20 7 8 20 6 14 2 16 14 6 5 5 20 11 14 2 20 15 19 1 13 5 1 8 6 4 7 20 2 7 7 12 17 12 17 9 17 10 12 16 5 15 13 10 19 15 15 7 14 14 14 12 15 4 5 17 10 1 3 11 17 1 11 17 14 9 12 16 5 11 17 5 8 17 5 9 17 14 3 10 14 4 5 16 9 12 10 2 3 3 12 10 18 12 10 8 15 11 13 5 3 10 15 5 9 8 4 1 20 2 2 4 7 11 2 6 20 3 3 3 7 1 4 2 7 19 10 14 12 8 16 16 13 16 4 8 9 13 16 7 1 11 13 6 13 14 5 20 4 14 9 19 15 18 10 16 4 4 6 20 13 13 6 14 12 2 17 20 5 13 2 12 19 18 18 8 15 10 15 20 5 3 8 9 20 3 14 13 7 1 10 13 20 11 12 7 18 9 13 5 7 15 4 14 14 8 15 19 8 2 15 17 6 14 8 20 16 17 3 12 14 9 20 2 7 19 2 14 14 9 1 12 8 17 20 4 7 7 8 12 2 5 19 1 11 18 10 9 20 3 2 13 19 14 2 11 9 20 5 16 6 15 2 12 4 1 11 6 7 9 3 13 4 12 17 20 18 2 11 10 5 15 17 13 14 8 18 3 14 5 16 18 13 13 2 3 18 18 11 6 12 7 7 19 3 19 15 18 9 5 16 7 11 14 16 14 8 5 6 1 2 15 16 13 10 20 10 16 18 17 12 10 10 12 16 14 9 6 20 20 2 10 14 2 15 15 20 10 1 12 8 19 14 18 14 4 5 13 9 15 8 1 13 0 7 19 17 3 20 20 3 4 6 1 5 11 5 1 15 9 2 8 17 13 10 8 16 1 6 3 9 11 5 2 4 20 20 3 7 1 14 7 9 4 17 16 10 9 7 15 1 4 16 3 1 6 15 8 13 9 15 12 5 16 17 9 7 2 13 12 18 9 13 8 3 5 9 15 1 4
16 13 8 15 12 1 3 11 2 18 6 12 17 4 5 14 1 5 14 5 16 6 3 17 1 4 11 15 19 2 15 16 3 5 4 20 9 14 8 6 18 20 13 19 14 5 8 12 11 2 11 18 6 19 14 6 12 14 17 6 13 6 8 5 15 5 17 14 13 19 16 15 11 6 1 12 19 4 20 13 8 1 6 14 2 7 1 15 6 11 3 3 18 20 10 19 2 10 5 18 3 12 17 15 19 11 13 9 15 10 2 12 2 12 19 10 18 10 7 13 4 7 20 4 16 10 14 8 6 18 11 11 6 9 3 15 3 16 3 13 14 3 13 6 17 6 4 11 16 4 11 8 5 2 19 4 1 14 12 3 18 12 9 4 16 7 15 7 2 16 19 6 1 8 19 14 10 9 11 8 4 16 17 20 16 17 13 11 11 3 9 19 1 7 15 12 9 13 5 12 6 20 17 1 15 16 17 5 6 7 13 1 15 5 6 3 13 10 18 20 2 11 14 19 13 3 4 1 5 2 14 16 12 9 10 18 7 5 16 15 6 2 18 3 12 3 1 7 14 12 9 1 1 8 15 19 14 6 12 12 18 10 15 11 10 11 7 8 20 7 7 20 1 16 14 1 11 2 12 8 11 12 19 15 2 1 9 7 3 3 17 19 1 7 7 9 6 6 12 17 10 7 12 12 15 19 8 16 10 15 14 13 16 19 5 5 8 5 2 3 4 8 3 10 14 5 2 4 18 1 15 18 9 13 9 18 7 9 12 4 3 17 10 2 17 20 10 2 13 16 7 6 15 7 3 18 9 14 8 3 13 15 2 5 9 3 15 14 17 5 12 12 9 7 16 16 13 20 1 20 19 3 3 7 10 3 7 17 9 1 11 19 5 17 5 14 7 7 12 12 1 10 3 4 18 5 15 1 5 9 3 7 13 9 14 7 2 8 4 11 13 14 9 1 0 19 11 4 10 2 13 18 10 8 19 13 2 15 11 5 9 17 4 9 9 12 1 11 6 17 14 19 3 16 18 3 2 18 16 14 6 16 13 2 17 3 3 13 7 10 19 6 14 9 5 13 5 3 19 13 19 7 9 14 7 12 8 15 2 20 8 2 18 18 10 9 1 1 16 18
18 1 5 4 10 9 12 7 12 13 9 5 4 17 11 20 12 8 18 3 15 3 15 4 1 10 18 2 14 19 19 18 11 14 17 17 9 3 5 15 20 2 4 15 15 3 14 11 1 10 8 8 4 7 4 7 15 11 4 4 17 8 14 9 15 12 8 17 4 13 9 19 4 10 4 4 4 1 14 14 19 20 19 19 2 3 4 17 18 12 13 3 5 7 13 19 18 17 14 11 17 3 4 2 6 10 14 16 19 13 7 13 20 20 8 1 20 15 4 10 2 19 19 8 15 3 20 5 13 14 18 20 15 8 12 7 9 11 9 2 17 13 7 18 1 11 20 14 11 19 16 13 14 14 15 12 19 13 20 20 2 9 3 18 10 1 2 17 17 8 18 16 6 16 15 12 18 16 1 16 2 14 17 16 16 4 10 3 14 5 4 16 10 1 5 15 20 8 20 6 1 1 9 8 2 8 13 8 13 13 6 10 4 8 5 1 9 7 10 20 4 5 17 15 19 16 3 15 9 16 1 19 6 15 2 17 19 9 1 3 2 3 8 11 20 2 17 5 14 2 3 5 20 6 12 14 6 13 7 12 1 9 5 7 1 11 9 18 18 12 17 3 17 11 10 4 19 10 2 10 1 17 16 6 13 1 5 19 9 8 19 4 19 16 6 10 20 20 20 12 8 8 3 11 1 1 5 1 5 13 18 7 13 1 11 9 8 1 6 10 17 18 15 19 8 2 11 20 18 20 10 5 4 17 13 19 3 10 18 5 20 5 17 4 2 2 17 11 1 4 12 17 20 19 8 14 16 3 17 20 5 4 11 19 18 20 2 6 7 13 8 5 16 19 16 6 2 14 10 12 9 6 1 5 11 7 3 1 3 3 5 16 6 13 2 13 2 8 9 7 2 18 6 3 17 5 4 11 7 19 17 18 2 4 19 15 1 17 19 17 3 5 2 3 16 0 14 1 19 10 17 7 16 18 5 3 4 12 4 9 15 9 20 6 5 14 7 9 17 17 16 4 18 2 3 11 2 2 9 4 16 19 8 8 5 8 14 19 1 6 10 11 11 16 13 10 3 15 14 3 4 1 17 5 13 11 4 19 13 11 18 18 17 9 7 8 3 2 19 2
20 1 18 15 5 7 19 10 6 4 5 1 20 7 6 9 13 13 2 18 9 8 18 4 9 19 9 20 12 18 17 5 12 17 15 19 10 3 14 7 5 12 7 17 12 6 8 17 7 11 12 18 18 7 16 15 2 2 18 5 20 16 4 7 10 1 15 10 9 15 20 18 14 11 13 15 12 16 17 6 9 17 3 4 18 12 18 8 5 13 17 13 12 2 19 1 4 16 20 3 10 20 9 19 10 15 11 17 13 1 18 2 11 15 4 4 6 10 6 11 11 6 13 14 16 18 5 6 20 1 15 9 5 8 12 10 11 7 3 16 8 13 20 11 19 4 4 3 19 7 1 2 9 19 7 20 5 1 10 12 5 2 13 2 19 20 14 19 14 19 20 6 9 14 4 12 3 12 6 8 16 8 16 15 1 11 19 14 8 20 15 5 18 6 4 13 9 15 9 10 14 10 20 2 3 5 2 1 3 13 10 13 14 7 16 3 7 7 14 18 9 17 3 12 17 9 5 12 9 6 4 9 19 6 6 6 15 13 13 17 10 13 14 12 3 6 6 16 19 18 20 4 15 8 14 2 1 15 5 11 12 6 3 20 13 9 13 16 6 19 1 6 11 14 19 16 11 5 5 18 14 17 11 11 3 17 15 12 16 17 4 6 15 16 9 8 19 13 6 11 1 13 2 18 9 2 7 11 20 11 6 16 20 7 10 2 8 4 4 13 18 16 20 18 17 8 6 3 6 7 11 6 3 18 2 3 4 18 10 12 9 4 13 7 5 18 9 15 3 19 14 18 10 9 15 12 6 20 16 18 15 3 4 5 12 8 2 15 17 20 2 14 6 17 18 11 5 1 17 18 19 4 17 15 5 18 5 16 16 3 2 18 15 17 12 3 9 10 15 18 4 9 10 12 17 20 9 16 20 8 12 20 5 17 20 18 3 8 18 13 5 1 5 17 9 4 0 3 5 15 8 7 18 19 10 16 14 16 4 18 7 2 19 15 20 9 4 13 8 18 2 13 10 1 3 17 17 7 18 6 20 7 1 2 19 12 4 4 15 16 8 9 14 2 20 13 17 2 14 7 16 14 4 19 2 11 16 18 16 19 5 19 6 17 5 5 13 7 7 16
20 8 13 1 11 11 10 10 9 19 16 20 11 5 19 2 7 8 8 8 1 12 5 5 17 18 8 13 1 7 12 20 10 8 4 16 10 19 5 9 7 11 8 17 3 8 12 12 10 16 15 1 1 7 9 1 1 6 4 11 16 4 4 1 5 12 8 16 15 17 17 14 1 19 2 6 10 9 20 9 13 14 14 4 9 20 18 14 2 11 15 19 16 6 11 14 20 12 13 20 18 15 1 20 2 15 12 11 1 14 8 6 19 19 8 8 4 14 8 5 6 12 2 10 13 10 15 18 7 6 14 15 17 17 2 11 9 10 7 5 10 20 11 12 6 15 14 6 12 18 1 6 9 2 19 14 6 19 14 2 19 20 20 3 11 10 1 4 11 6 12 10 18 12 17 2 20 14 4 5 18 13 19 7 15 16 13 17 11 7 9 5 8 2 5 10 4 7 5 11 10 20 12 8 8 15 5 5 20 10 16 4 6 14 12 20 2 18 17 9 14 12 10 7 13 9 1 11 3 17 15 10 11 11 11 18 11 19 9 13 14 10 9 9 13 7 4 3 20 13 16 1 16 12 4 5 7 5 20 10 16 15 7 4 15 5 13 18 7 9 7 11 1 12 16 19 2 16 20 8 3 10 6 16 9 20 20 3 14 10 7 12 17 14 18 15 18 11 13 17 10 7 10 18 15 3 11 20 1 10 18 8 16 11 16 14 15 4 7 3 17 20 13 2 3 9 18 7 1 4 8 13 19 16 14 3 19 2 9 10 9 19 12 9 18 9 7 19 17 2 5 8 8 6 3 11 9 16 5 16 5 5 18 20 18 8 12 12 11 2 14 16 17 11 3 17 3 15 11 12 19 8 17 18 3 14 17 7 18 18 13 4 13 9 9 14 9 5 12 8 5 17 8 12 10 6 3 16 18 20 1 14 17 18 5 3 5 19 10 20 16 11 8 17 12 15 10 0 3 3 20 2 19 17 11 6 13 11 18 10 20 10 11 13 10 2 8 18 18 5 7 12 17 7 20 6 9 4 11 19 6 1 15 5 17 19 17 20 16 12 15 19 14 1 6 10 9 11 17 1 3 2 16 10 8 18 17 8 15 3 19 10 10 11 11 15 17 3 9 20
7 8 5 9 3 3 15 13 12 4 17 19 3 20 7 11 7 13 4 9 4 19 6 4 7 16 6 16 16 17 3 19 9 13 11 1 8 8 10 14 13 12 17 18 8 11 13 8 2 8 10 7 10 9 10 10 13 18 5 7 19 16 14 15 17 7 4 5 2 4 8 19 11 12 5 15 6 14 15 17 16 1 9 2 8 1 20 4 9 3 4 11 11 20 9 4 13 7 19 12 13 20 13 16 13 2 20 2 3 16 2 12 10 4 12 10 14 9 15 1 4 20 9 10 3 11 14 1 1 20 3 17 15 13 20 20 5 1 6 12 18 3 8 11 18 12 10 9 1 6 7 9 13 18 20 6 6 9 17 3 1 10 7 19 15 13 6 19 8 12 7 8 3 18 11 18 8 4 18 11 15 17 12 13 6 9 18 14 17 15 11 6 16 5 10 19 11 9 13 3 20 14 13 15 15 14 5 6 8 14 13 10 3 4 18 19 3 6 11 3 6 5 13 10 5 12 1 5 20 6 16 2 1 10 2 14 7 2 9 4 12 5 14 1 11 13 17 10 12 5 2 7 1 15 8 5 18 8 7 17 18 2 2 12 9 10 5 17 9 13 12 18 19 1 16 15 20 13 5 11 20 2 7 16 18 7 2 15 6 11 14 19 16 9 14 6 17 19 7 20 11 7 20 8 20 7 9 14 2 10 6 13 10 9 2 14 18 1 10 18 13 14 17 15 11 7 6 20 4 2 2 13 6 14 19 16 4 18 9 5 18 16 19 10 5 1 15 10 19 4 17 20 17 17 2 18 10 11 4 13 2 14 4 13 13 7 7 2 19 13 16 14 13 1 18 14 13 13 13 11 4 15 19 15 19 13 15 3 2 2 18 18 8 7 17 8 2 11 2 17 7 17 9 19 16 17 15 12 16 2 4 7 20 17 19 10 17 14 9 13 16 12 19 4 6 3 10 14 0 15 7 7 3 2 4 2 12 17 1 12 17 16 14 18 16 5 7 15 5 3 16 9 17 2 18 8 2 2 18 14 10 17 10 16 8 14 3 3 9 3 19 15 2 8 16 8 9 13 12 16 1 4 17 19 5 3 16 3 20 20 8 10 14 1 11 14 7 14 5 20
1 6 8 5 1 12 7 17 4 6 12 18 9 2 15 16 2 7 14 11 11 12 10 10 16 9 10 14 16 7 19 10 8 14 9 10 7 9 19 20 18 17 2 18 16 1 13 12 4 20 5 8 13 4 17 1 19 5 15 5 7 20 14 2 14 2 18 1 15 13 10 2 18 16 20 8 1 7 4 18 8 4 13 16 9 2 3 16 17 4 10 14 17 16 9 19 3 13 3 4 10 4 6 1 6 11 8 12 2 16 15 1 10 9 13 11 12 18 3 19 5 4 10 8 4 11 8 13 7 3 16 18 7 15 3 2 6 9 1 18 6 14 6 5 20 14 12 8 19 5 3 7 8 14 14 5 2 10 15 10 10 18 8 13 8 19 8 9 20 20 15 6 19 8 5 14 15 13 18 8 11 15 8 2 18 13 14 1 5 16 15 17 2 17 3 3 13 19 11 17 1 14 13 17 7 6 1 19 5 20 19 2 8 1 20 14 16 18 20 18 16 19 2 13 18 2 13 14 14 10 11 9 15 19 5 17 18 18 2 20 8 4 3 8 20 1 6 15 8 13 11 1 1 1 9 4 20 17 19 16 7 6 2 7 11 6 14 12 4 3 20 5 12 11 14 15 7 19 1 20 1 4 11 20 19 18 2 4 14 19 3 7 16 8 12 6 7 10 15 1 9 7 11 5 19 14 4 20 10 2 17 1 9 4 7 13 17 6 19 13 6 2 7 6 2 8 19 19 5 20 2 13 14 19 17 13 11 16 13 9 18 14 10 12 6 11 6 7 16 19 14 11 1 20 16 16 8 16 1 4 12 1 13 12 10 7 4 9 12 11 10 19 8 5 15 18 10 1 3 15 20 1 20 11 9 16 11 15 15 7 1 16 8 4 13 4 12 11 12 18 18 8 12 6 15 12 9 4 8 7 16 2 4 4 5 3 14 18 14 2 7 16 6 3 3 14 13 1 13 0 15 14 10 20 1 1 6 1 12 11 8 2 14 1 8 16 13 4 5 6 13 4 12 13 14 8 14 8 6 7 10 1 17 5 13 10 8 5 18 10 13 17 3 8 13 11 11 1 13 16 20 6 7 14 4 5 13 3 1 16 11 15 13 7 10 1 6 3 13 6
18 5 4 9 5 14 9 20 16 15 9 14 6 16 7 19 17 20 11 15 10 15 14 12 11 11 18 19 1 2 7 3 6 17 7 8 8 4 6 18 7 16 7 1 17 11 11 9 12 1 5 10 18 12 16 14 2 4 20 8 18 14 12 3 11 7 9 16 19 2 2 2 20 14 5 2 12 8 12 20 4 13 11 1 16 20 8 13 7 11 8 17 4 18 1 6 9 17 15 20 1 11 2 8 20 9 20 4 3 2 11 20 20 8 14 19 5 11 20 14 16 14 8 15 2 7 6 13 9 12 15 15 9 19 17 19 12 12 17 12 9 5 7 9 7 7 4 1 14 10 12 7 18 14 14 1 9 18 6 11 6 6 4 7 5 4 16 13 2 11 19 14 12 5 9 5 10 20 14 10 16 18 6 12 16 15 15 13 2 6 2 1 17 17 5 12 8 6 15 10 17 16 12 10 16 14 17 5 18 17 3 14 7 16 15 20 10 6 18 16 9 3 13 18 4 10 20 10 14 1 14 8 18 7 6 19 16 13 19 19 12 6 15 17 20 1 13 18 18 11 4 7 1 3 11 16 13 11 1 15 4 10 16 1 11 7 13 2 10 18 2 17 13 16 12 16 2 17 15 7 12 9 5 20 13 18 17 8 10 19 3 11 10 10 7 4 2 1 13 10 3 14 5 3 3 11 1 9 9 9 18 16 10 8 5 4 4 3 13 8 12 19 8 11 18 1 2 7 10 16 2 7 2 10 10 17 14 1 12 20 9 7 18 17 5 18 18 9 18 8 17 2 15 17 16 19 16 18 3 16 8 9 9 16 5 13 11 8 20 15 18 19 9 6 2 15 19 4 9 7 7 4 18 5 6 10 11 19 3 6 9 1 19 20 10 13 19 18 13 6 9 13 1 9 10 16 12 9 5 11 10 3 7 2 20 18 20 4 14 3 3 2 3 8 19 12 9 15 4 14 0 5 16 15 14 3 16 19 17 18 1 11 10 17 9 10 20 15 11 4 1 14 18 7 3 5 11 14 5 14 6 15 18 9 4 8 18 15 12 3 4 5 15 2 6 2 3 16 15 11 19 20 1 16 2 12 13 14 2 19 2 3 15 5 17 19 18 2 15 16
11 1 19 18 5 8 4 12 12 8 2 18 19 17 9 19 14 3 13 14 18 6 1 17 11 5 19 5 7 11 8 2 18 12 10 10 8 3 1 7 8 18 5 15 14 8 4 1 15 8 7 10 19 19 9 2 7 7 3 17 11 11 19 11 13 9 5 1 3 10 19 16 1 9 17 7 13 12 12 12 9 11 15 11 1 3 18 2 17 3 12 6 19 16 8 13 9 19 12 14 5 19 8 6 12 17 15 16 8 19 15 3 1 19 19 18 11 2 6 6 18 12 15 15 17 8 20 15 3 15 3 20 17 15 3 19 17 18 13 20 7 15 19 12 10 5 13 17 17 9 4 15 19 1 4 19 18 18 6 20 11 14 18 13 7 2 13 19 14 4 1 12 14 18 12 11 10 18 7 19 9 15 4 15 9 20 3 10 8 11 19 17 13 20 1 6 17 7 1 6 12 2 17 2 9 11 8 8 13 9 2 15 19 14 15 18 10 19 20 20 20 13 3 8 1 15 5 17 20 15 13 6 13 7 16 18 8 12 2 7 11 2 17 15 17 13 20 16 19 12 3 20 12 7 6 10 13 17 15 17 10 16 9 17 19 14 13 16 1 8 1 16 11 11 6 5 7 6 9 2 3 18 18 3 20 12 13 12 15 19 16 8 7 19 1 19 12 9 6 19 6 2 15 4 13 11 15 7 16 20 11 16 13 8 15 14 19 19 4 17 16 5 17 20 20 8 18 17 2 8 5 2 1 3 5 8 16 15 10 5 9 19 8 20 9 11 13 1 7 12 9 9 3 18 3 16 2 12 12 11 14 8 14 15 6 4 19 14 1 10 16 8 2 14 16 15 13 11 18 3 18 7 7 3 14 1 18 20 13 4 5 6 1 12 19 3 19 1 13 5 7 9 14 7 20 7 11 19 13 18 15 4 8 12 6 2 18 14 18 14 1 20 16 13 13 2 9 1 7 7 6 0 4 6 11 8 1 11 16 17 19 17 5 10 6 3 2 17 2 15 8 14 14 14 11 9 1 15 19 7 19 20 20 4 12 1 16 10 2 13 9 16 12 13 3 7 14 20 7 11 20 5 11 13 9 15 18 18 9 8 9 4 16 13 1 17 18 19 1 1
9 8 13 15 13 12 6 11 15 5 14 11 9 11 5 20 20 20 20 7 11 13 7 4 10 15 4 10 8 16 3 17 13 1 6 1 16 15 13 2 4 5 8 14 20 13 3 17 15 3 3 7 3 11 9 10 6 17 14 13 15 10 7 19 11 15 7 20 11 2 2 15 14 20 6 8 12 6 8 17 10 7 8 11 6 16 1 20 2 9 9 20 18 5 18 8 19 20 1 6 13 12 13 3 20 7 4 8 13 13 1 10 2 9 10 7 12 17 13 1 9 13 8 4 13 13 19 8 1 8 1 20 19 18 15 8 18 13 7 7 14 2 2 19 19 2 15 6 2 14 1 9 15 2 9 2 19 10 16 5 15 3 9 13 15 17 1 5 5 17 9 2 15 20 6 6 14 10 19 2 4 14 2 13 15 3 20 9 4 15 3 20 15 5 17 6 14 18 7 5 17 2 7 15 20 10 6 13 5 10 4 15 15 9 4 2 10 2 5 17 10 3 10 18 7 5 9 3 20 3 10 16 2 11 7 13 8 4 18 12 2 12 11 17 18 8 10 3 9 12 7 18 15 1 3 11 17 5 17 15 2 14 5 18 2 14 13 6 7 6 11 7 5 1 11 17 2 10 6 10 20 10 19 16 15 14 9 4 8 1 5 4 9 14 9 11 3 1 6 10 10 11 2 4 2 4 4 13 6 2 10 13 1 4 18 9 9 2 7 9 7 15 8 17 14 3 11 12 9 1 5 1 12 20 10 6 8 12 12 11 3 18 7 20 1 4 10 10 2 2 3 3 1 10 18 15 16 1 16 18 5 5 15 15 14 20 17 7 5 11 6 19 8 7 19 20 19 4 5 6 15 6 1 6 17 8 10 19 5 16 9 3 3 16 20 15 2 18 2 13 4 15 1 5 3 12 15 13 13 14 11 3 11 4 12 10 12 5 20 1 11 17 17 3 2 15 14 20 9 15 18 14 0 16 1 19 10 16 1 16 20 19 5 19 17 8 7 8 15 6 19 13 9 20 14 15 5 6 9 9 1 20 18 9 15 8 10 8 13 4 2 12 3 13 5 10 4 20 13 6 7 12 12 1 18 9 20 12 8 20 13 12 17 7 9 7 17 5 2 11
4 18 17 17 19 2 20 11 14 6 9 8 10 15 9 15 4 9 1 5 5 7 2 18 1 1 17 4 3 5 2 18 3 16 16 3 4 3 20 12 1 5 3 10 17 6 18 14 6 7 2 1 20 18 7 14 17 4 15 6 18 12 14 13 3 8 5 15 6 12 20 18 7 2 8 18 18 16 6 7 7 12 1 19 11 19 12 4 12 19 18 4 5 5 3 9 1 11 12 12 1 3 4 20 3 14 18 12 17 15 1 13 13 1 2 5 16 5 15 12 13 11 18 9 8 16 10 1 11 9 19 20 5 15 6 14 17 4 20 9 1 3 4 1 10 4 15 17 6 2 17 5 16 20 6 2 3 12 3 11 3 12 3 9 11 8 10 20 12 16 17 7 13 16 4 15 19 18 9 17 16 17 15 17 19 18 20 12 16 14 12 2 8 18 18 19 6 11 8 13 11 11 15 5 3 6 8 4 9 8 14 12 9 3 9 12 17 3 20 9 8 16 16 5 13 3 20 6 10 8 15 8 10 18 5 11 15 13 6 14 19 5 1 17 11 9 19 9 8 12 12 15 6 20 11 8 6 8 8 5 1 16 14 10 14 4 20 4 13 2 20 16 16 6 15 19 11 9 11 7 14 14 20 15 8 5 20 19 5 7 12 19 15 19 7 15 6 19 20 6 7 12 8 4 15 17 5 14 10 8 10 17 13 7 5 1 14 7 12 8 6 5 19 19 18 13 9 4 6 10 13 3 2 13 14 6 4 20 11 18 14 14 4 3 2 20 8 18 7 20 11 5 5 17 13 15 10 8 4 6 4 1 19 10 20 19 14 6 2 16 13 13 15 15 11 4 11 19 7 7 17 11 10 10 3 4 16 19 20 1 10 8 2 16 17 1 4 10 16 5 11 6 8 14 3 14 11 14 18 12 16 1 15 2 19 6 9 3 11 7 11 1 18 13 18 7 7 8 14 13 13 12 2 0 2 18 14 9 5 16 20 5 2 13 10 8 13 18 15 20 17 10 2 6 8 10 2 6 18 8 11 8 13 6 20 11 4 20 5 7 18 14 18 1 16 17 20 20 5 2 8 11 1 14 20 3 15 5 16 3 3 13 9 6 18 12 13 1 3 19
12 12 17 4 17 15 18 12 17 16 9 3 15 19 8 11 19 16 19 13 4 15 9 2 13 16 11 13 18 18 10 14 19 13 2 8 18 12 13 19 3 8 11 17 8 17 10 7 8 7 9 2 12 2 3 18 9 15 3 20 8 14 7 9 20 19 18 14 16 2 18 13 20 19 17 3 15 13 8 15 19 1 15 17 15 20 12 13 19 6 6 15 7 16 2 6 10 9 16 16 15 13 18 7 15 7 5 7 7 12 16 3 1 14 19 20 11 6 18 5 11 15 15 2 8 7 12 14 10 16 5 16 11 14 11 11 16 2 12 10 12 11 13 7 17 19 8 6 16 11 2 8 14 8 17 9 12 11 18 2 6 13 16 8 5 4 3 11 1 7 18 13 18 10 2 9 5 12 20 4 16 8 3 18 10 20 5 14 1 13 4 8 4 20 3 3 11 1 11 9 1 12 13 2 5 20 8 9 7 19 9 11 7 17 10 19 4 12 9 15 3 20 5 3 17 6 10 5 5 7 1 6 14 12 13 20 12 4 19 14 15 9 20 4 13 7 17 13 6 6 13 9 8 13 18 7 9 16 3 1 12 14 14 11 5 13 18 11 2 6 9 15 9 19 3 18 7 17 19 6 11 1 6 8 10 8 17 15 12 11 9 20 14 3 20 15 6 1 1 11 8 19 17 11 18 7 14 13 12 1 16 2 15 8 15 5 18 14 8 11 7 13 7 5 7 3 19 4 3 10 18 8 12 1 14 12 2 20 9 7 3 3 19 4 12 7 6 10 3 8 4 16 8 18 18 20 3 10 6 18 13 1 20 10 6 18 18 14 16 2 6 8 17 10 6 20 1 9 14 15 16 9 4 5 9 19 7 18 19 1 18 10 11 15 9 11 11 7 16 2 2 15 7 1 13 15 8 1 8 6 10 18 12 4 10 3 5 5 15 10 4 1 12 12 4 16 9 7 2 15 3 18 17 10 0 6 3 11 4 20 17 13 1 10 18 10 7 10 6 17 14 2 12 19 6 18 5 11 9 7 3 1 20 6 1 18 6 3 8 15 2 16 2 19 19 3 9 5 3 15 1 11 12 15 5 4 12 18 10 20 7 20 16 15 12 9 20 8 6 14
12 9 8 20 10 3 3 17 5 10 13 12 2 16 16 9 4 9 7 17 13 1 11 13 6 1 2 11 15 16 20 13 14 7 17 17 12 7 4 1 8 10 6 20 8 12 13 6 15 14 12 5 4 13 6 19 19 9 8 7 16 9 12 11 5 1 3 7 1 4 20 20 4 12 8 3 13 11 1 20 5 2 5 3 8 18 18 14 3 2 6 16 14 12 12 7 20 9 11 4 19 13 3 12 2 8 14 19 9 11 7 7 6 6 10 9 1 18 20 20 12 18 20 8 19 4 13 13 9 19 6 2 1 13 14 10 12 1 3 20 16 7 13 16 18 15 8 4 2 2 8 14 20 6 10 10 2 4 17 20 2 14 6 20 14 1 18 15 12 14 15 8 1 10 7 18 17 15 1 1 19 12 11 9 18 5 10 12 9 6 14 7 7 6 14 8 13 7 1 9 15 7 10 12 17 14 18 11 19 2 19 9 16 13 9 11 9 13 9 5 5 4 15 4 8 19 2 10 20 2 19 10 3 3 17 4 16 8 15 17 10 12 17 5 12 18 2 9 12 18 15 4 8 19 6 17 17 19 17 2 18 19 4 7 16 7 5 19 13 3 10 16 1 19 5 3 13 3 16 9 1 15 1 1 12 1 17 9 7 5 5 20 9 12 6 2 9 8 14 8 18 8 5 5 1 8 18 6 12 11 13 15 3 1 6 6 3 10 3 16 5 10 6 12 2 12 2 13 18 16 18 13 16 2 11 2 8 19 1 1 14 19 1 18 12 14 5 9 7 2 13 4 13 10 5 20 15 1 1 5 3 15 1 17 3 9 20 18 2 3 17 13 10 9 11 13 8 15 5 6 3 1 9 17 18 9 12 11 7 6 12 20 12 12 19 3 3 20 3 7 11 17 17 2 15 1 13 6 15 18 15 5 4 9 16 7 4 9 3 14 11 3 2 19 3 10 13 8 3 14 4 8 17 2 8 0 2 2 9 5 3 15 2 3 4 3 1 9 14 5 14 6 5 6 4 2 5 2 7 6 7 11 12 18 13 16 15 11 16 1 5 5 12 2 15 12 9 7 16 7 6 20 7 8 2 4 7 2 14 19 17 6 17 11 5 3 19 16 1 16
8 3 6 6 16 5 10 12 6 6 9 4 20 18 13 15 12 15 6 19 20 16 10 20 13 2 14 10 19 6 5 19 8 9 6 10 20 3 15 14 7 15 17 11 6 6 17 10 13 2 16 13 10 15 3 10 16 5 12 12 20 12 14 6 14 3 13 15 8 17 6 13 13 5 14 19 17 1 13 7 10 2 7 8 13 6 18 13 11 3 7 18 9 18 1 18 3 11 16 18 6 7 19 15 19 17 13 16 14 16 9 2 16 2 15 15 15 3 13 1 5 8 18 2 3 4 2 17 18 1 9 16 9 10 19 19 18 11 16 4 19 4 4 17 3 6 20 11 19 3 1 7 14 5 17 9 18 15 9 6 7 4 10 13 12 20 17 16 4 14 8 4 16 7 14 12 7 2 2 6 12 16 8 15 17 20 16 11 17 11 4 1 11 13 6 9 12 13 18 7 2 1 16 19 6 10 16 3 20 11 2 19 20 10 9 18 17 20 17 12 6 10 6 2 15 13 1 9 17 17 16 8 17 13 2 3 16 9 18 11 15 19 1 9 9 5 15 18 20 13 13 7 1 14 9 7 16 7 13 11 2 15 5 14 13 10 13 2 2 16 17 6 13 7 3 14 14 5 4 13 18 8 14 9 19 12 8 1 3 8 17 4 18 4 6 15 13 7 1 15 3 11 1 13 10 14 8 17 9 14 20 7 13 18 4 18 20 7 10 13 7 7 18 6 17 6 14 17 15 17 9 16 5 15 3 8 6 19 12 6 17 20 7 20 20 13 16 12 20 18 16 2 20 11 3 16 7 14 2 17 12 16 2 7 2 6 7 15 6 3 2 10 5 11 12 14 11 1 17 10 12 7 4 4 9 1 2 17 9 16 19 20 5 17 13 6 18 6 8 19 2 4 6 8 3 6 11 14 17 20 9 3 5 3 5 7 7 14 13 18 5 15 14 10 14 9 14 4 9 6 2 4 12 16 3 6 0 9 14 19 7 6 19 16 20 1 9 9 2 1 9 13 4 16 18 9 11 13 2 9 8 5 16 12 20 1 10 4 10 13 20 2 5 20 14 13 13 20 8 12 16 5 9 17 9 3 5 13 11 17 15 2 12 8 18 9 13 6 5 16
19 9 6 16 5 20 2 2 12 12 10 17 5 5 18 13 1 9 12 19 20 10 10 13 15 8 13 18 2 19 19 17 3 1 11 17 17 14 8 18 8 16 4 8 14 5 7 1 5 20 7 18 10 7 16 10 12 9 14 7 15 17 9 18 13 8 1 9 20 2 5 14 17 19 8 10 19 19 16 13 12 20 2 15 12 20 16 18 8 6 4 13 1 14 6 10 3 10 20 6 5 2 9 18 16 1 13 3 7 4 6 1 7 20 2 7 19 19 15 12 5 3 15 10 20 3 1 13 15 18 5 4 9 13 9 7 2 5 4 16 19 7 8 11 12 2 6 16 17 2 5 7 10 5 20 3 6 13 17 6 2 6 9 6 11 16 11 3 1 12 3 14 20 13 7 16 20 4 19 1 13 6 17 11 7 7 7 14 13 19 18 20 1 1 14 5 13 12 20 20 20 14 7 15 8 4 8 13 16 2 10 6 10 14 19 9 4 17 2 12 1 4 19 8 18 14 14 1 14 16 6 19 19 20 13 14 1 18 12 17 3 4 8 8 14 2 11 13 2 16 13 12 5 15 4 11 8 3 8 18 4 12 18 18 1 9 3 6 3 20 14 5 10 10 3 10 15 19 8 20 14 4 20 1 1 20 3 4 4 2 10 17 6 17 3 5 12 15 7 2 11 18 6 5 2 18 14 19 7 2 20 6 9 4 15 10 12 11 4 11 12 7 16 18 4 11 18 17 10 2 7 5 20 16 15 9 11 19 3 20 1 15 15 9 3 13 15 10 20 16 18 3 5 16 19 16 8 17 9 15 11 9 17 10 10 19 3 2 7 16 19 16 18 10 6 12 12 9 10 8 5 2 10 16 16 3 13 11 10 10 10 19 15 13 4 4 5 14 16 18 10 16 12 16 12 10 6 3 2 2 6 8 18 5 3 3 5 1 5 11 4 19 10 3 20 3 6 5 1 6 8 3 18 16 1 9 1 0 15 7 11 17 13 14 9 2 15 20 11 18 10 18 19 10 17 19 8 4 1 4 15 6 11 16 1 16 15 17 20 16 5 8 12 18 19 9 7 13 9 10 11 3 7 13 6 17 5 5 3 16 19 5 6 13 12 1 19 6 2 18
4 18 7 17 6 1 4 3 6 6 18 17 15 13 1 18 12 5 15 10 13 5 9 13 15 8 5 10 2 4 4 5 7 20 7 8 3 8 11 4 19 7 12 3 7 17 6 17 15 17 2 1 3 1 2 9 8 19 8 7 8 14 15 6 19 12 19 17 19 16 9 19 6 16 8 15 14 11 11 11 7 19 11 5 12 8 20 7 14 5 16 16 11 18 19 3 11 17 5 1 17 18 5 11 10 9 7 20 11 4 5 3 1 7 20 7 1 1 18 5 8 7 9 3 19 5 14 19 6 5 19 20 17 15 10 19 15 7 9 13 4 18 8 13 19 15 14 1 20 13 8 8 18 1 7 20 17 6 13 15 13 5 2 2 13 9 18 5 18 12 14 18 11 4 3 9 9 8 1 7 6 3 4 6 20 20 1 13 19 17 19 8 18 16 17 2 3 12 4 13 19 7 5 3 3 16 15 17 11 1 17 14 1 6 19 5 1 3 3 9 18 2 17 6 8 14 6 13 19 13 16 17 15 5 11 19 8 15 1 4 13 15 3 6 18 15 11 6 13 13 20 9 18 2 3 5 9 16 2 1 10 17 11 19 12 2 11 14 16 2 10 7 12 6 5 11 13 14 9 20 3 3 20 6 12 4 16 7 9 8 1 7 10 11 14 14 17 7 18 6 4 7 3 8 20 6 3 20 16 12 18 2 10 5 1 18 6 12 16 7 15 2 11 19 16 13 13 7 10 9 8 13 14 16 12 20 19 1 9 17 19 9 10 1 19 15 2 15 2 4 15 2 15 20 8 19 18 5 18 6 6 14 6 19 9 7 1 9 2 7 19 7 9 6 3 1 4 4 8 16 8 13 19 17 20 3 11 5 8 12 7 18 14 16 3 9 16 6 9 4 3 8 2 6 3 12 14 11 12 17 8 11 19 16 9 7 14 19 19 7 15 18 20 11 12 11 5 15 18 2 3 13 11 14 12 6 7 8 0 3 2 16 3 6 19 13 12 8 15 7 5 2 13 15 10 12 6 17 15 9 2 20 8 18 6 18 17 14 17 13 14 10 2 12 11 16 3 7 14 17 11 10 5 10 7 14 5 6 5 18 6 14 14 20 20 14 6 11 1 11
15 18 16 11 20 11 14 16 20 20 19 6 5 10 1 10 4 15 5 8 14 20 14 2 3 8 20 12 7 17 2 13 4 13 18 8 14 6 18 17 11 4 12 13 9 15 17 19 20 8 13 16 14 4 2 16 5 3 1 5 16 11 17 12 12 15 5 15 10 11 9 5 20 13 8 13 7 7 14 20 6 6 18 3 8 7 9 9 3 14 4 11 18 16 1 19 11 4 6 1 9 15 17 19 2 17 18 7 3 14 15 3 20 5 17 11 13 19 17 7 5 4 16 10 18 15 10 18 11 13 17 4 15 14 14 11 9 4 18 16 20 2 16 6 15 3 20 2 10 9 4 1 19 2 8 10 20 6 17 2 5 17 8 4 18 4 10 14 1 2 17 14 1 12 15 18 14 5 14 14 19 19 13 6 19 6 11 5 16 14 2 4 20 2 10 17 3 5 11 7 14 13 12 13 12 4 7 19 3 1 19 12 13 5 2 1 7 5 13 4 13 18 10 6 18 3 11 18 6 20 1 14 18 16 10 6 6 17 7 11 8 20 4 12 3 2 3 11 4 12 18 1 9 2 7 9 9 3 6 16 15 16 12 13 7 12 17 3 5 17 11 10 11 4 8 19 2 10 2 18 6 20 6 8 3 6 7 9 14 2 4 12 20 4 2 14 19 11 12 17 16 2 2 6 20 6 10 8 4 2 17 13 3 5 1 20 11 6 4 7 12 11 8 8 15 14 10 4 6 5 19 7 17 13 1 4 7 17 13 9 16 11 16 5 12 8 8 11 12 1 5 6 3 11 14 20 4 13 13 19 12 14 10 8 1 6 12 10 20 3 12 13 13 7 7 20 4 15 8 18 4 13 18 12 7 7 3 3 5 1 3 16 9 4 20 13 9 10 13 1 16 3 19 10 16 17 1 6 1 2 9 2 6 19 2 4 2 16 11 10 3 7 7 2 1 19 10 11 15 3 19 10 17 11 16 13 17 4 20 0 11 4 20 7 3 7 19 4 20 5 4 10 13 12 6 18 7 14 17 16 6 6 20 5 17 19 9 2 4 14 4 18 1 6 20 19 11 15 1 18 17 5 17 1 15 2 9 10 10 16 19 14 7 17 19 15 8 3 17 18
6 4 12 5 11 6 18 20 15 11 2 18 2 18 1 13 6 16 11 13 9 19 14 20 7 12 16 3 13 4 11 5 11 7 2 16 20 6 17 19 3 7 1 9 5 15 11 18 5 14 11 8 11 12 20 4 13 11 15 8 6 12 14 8 19 5 1 18 4 18 16 6 7 10 10 6 1 10 16 12 7 19 18 12 1 14 7 1 19 2 4 5 19 12 3 9 17 2 17 6 20 9 18 6 17 9 10 15 9 5 5 3 15 17 12 1 16 17 19 19 17 1 4 20 13 19 19 18 9 10 14 13 5 5 4 3 2 18 15 17 14 12 7 14 19 8 14 20 2 19 2 14 20 2 9 20 18 8 10 3 6 2 14 12 11 1 5 10 16 19 5 1 16 12 6 4 15 19 17 17 2 1 15 20 15 7 5 4 14 1 15 12 2 19 5 9 1 16 8 20 7 17 15 12 17 13 7 9 2 13 13 1 18 13 5 3 3 18 10 18 4 15 18 7 16 19 12 3 17 13 11 13 6 5 11 12 6 17 15 7 20 13 8 11 1 3 18 13 16 5 1 11 1 3 16 6 15 18 12 7 2 17 12 19 18 9 3 16 6 1 9 16 13 20 8 15 14 3 14 19 14 6 16 19 10 7 3 1 3 3 3 16 13 7 9 14 20 16 14 5 17 8 11 2 10 6 1 2 7 1 20 7 5 13 20 2 13 20 14 14 12 19 2 5 5 10 5 5 9 10 7 19 10 16 5 3 7 20 13 17 1 12 15 8 15 17 4 15 7 18 5 16 15 9 8 17 12 4 3 3 17 4 19 7 16 11 18 16 6 4 17 3 20 18 3 11 5 15 6 18 10 8 20 10 16 6 2 7 17 15 6 13 11 1 3 16 11 15 5 20 15 3 12 8 6 13 9 10 16 19 8 17 15 10 3 14 14 7 20 13 1 4 9 12 2 15 20 15 19 12 4 5 6 16 15 5 4 1 17 2 0 14 12 20 9 16 20 17 1 9 19 5 12 15 18 17 18 18 15 19 7 9 8 5 1 13 20 5 12 14 9 18 6 15 18 11 3 9 6 16 20 19 11 8 15 12 8 17 7 20 14 11 7 16 2 1 10 15 3 5
14 5 16 17 13 8 8 11 12 10 4 13 1 2 10 3 7 4 14 17 8 13 18 10 9 3 9 19 7 11 8 4 16 9 4 11 6 11 3 14 7 13 14 8 5 11 20 7 18 19 4 14 15 3 8 18 16 10 12 16 4 3 7 7 3 7 1 8 15 20 11 13 10 6 14 2 17 20 10 13 16 16 4 11 6 9 19 1 14 2 2 2 16 13 12 10 14 9 7 16 18 9 1 6 13 9 1 15 10 10 12 4 14 16 10 7 5 19 5 6 5 17 8 4 4 15 2 5 15 17 14 10 7 11 13 17 2 3 18 16 8 2 13 5 20 17 4 3 12 15 20 11 18 11 1 10 4 4 15 10 16 9 3 11 8 16 9 18 10 5 8 10 5 18 14 17 9 10 1 2 16 13 8 5 9 6 3 12 15 17 3 8 2 7 5 5 18 5 20 17 14 1 15 15 17 9 18 8 18 15 4 19 9 1 15 10 18 12 15 18 2 8 9 17 9 3 5 18 8 13 5 14 20 14 10 10 20 5 4 12 3 7 2 14 13 13 18 4 5 6 8 13 18 3 2 6 15 1 19 16 13 12 4 15 17 11 9 15 7 14 14 5 9 6 17 20 15 3 16 16 2 5 7 7 13 2 9 10 1 10 2 2 19 14 13 4 19 9 20 10 3 16 6 3 10 7 20 7 4 19 7 13 7 2 18 14 14 15 4 1 13 16 19 4 9 9 1 5 3 11 18 9 10 5 7 5 9 15 18 7 7 6 13 14 14 9 17 7 4 1 10 2 18 4 15 3 8 16 18 6 7 14 11 6 8 11 7 18 7 11 11 6 10 20 12 11 3 17 8 9 17 6 19 12 14 13 5 6 17 9 10 18 1 12 15 4 7 3 11 10 10 3 4 18 7 4 11 10 11 13 16 17 10 10 6 6 18 10 3 1 6 19 17 14 4 2 6 4 15 6 7 3 20 12 11 3 5 8 19 10 12 0 16 17 17 13 17 20 6 9 17 10 17 4 11 17 19 13 20 12 4 3 15 16 1 12 10 20 15 14 7 8 5 9 2 11 10 5 1 5 11 10 20 16 20 14 14 15 2 19 3 16 14 3 17 8 4 19 9 20
16 3 2 10 14 6 10 20 12 2 5 2 2 19 1 9 7 13 3 16 4 20 9 4 10 16 12 9 6 7 20 9 9 6 14 14 18 6 14 11 14 3 1 5 19 10 15 18 13 14 14 14 18 9 5 10 2 19 10 7 6 20 20 3 3 19 19 7 13 16 13 19 6 8 13 16 11 18 18 8 8 3 13 5 3 19 7 19 8 15 19 20 11 14 9 20 2 4 16 1 13 10 7 3 18 10 19 15 1 12 9 11 10 13 17 12 19 9 19 5 2 12 16 13 10 17 17 11 5 15 9 12 10 18 2 6 13 17 3 1 2 5 15 12 12 1 7 17 7 16 19 7 9 1 10 14 2 10 17 13 6 18 18 1 14 5 8 1 15 14 4 2 17 18 10 1 13 16 9 19 15 12 13 11 6 5 5 6 6 13 18 10 19 20 5 10 19 15 20 16 18 3 4 17 13 1 19 4 17 11 19 12 1 7 2 3 4 5 9 6 17 3 17 11 9 19 20 18 11 14 8 6 4 15 8 6 9 5 5 5 10 9 6 16 15 7 15 18 3 20 6 14 14 2 13 3 4 11 11 3 20 9 16 9 10 2 19 4 20 18 3 5 5 3 19 14 15 20 6 13 19 19 4 2 15 2 8 5 10 2 16 13 1 7 3 8 10 13 14 20 4 19 11 17 2 4 16 3 5 3 20 13 10 9 18 6 10 5 17 12 13 13 14 2 2 18 15 13 13 9 17 10 1 7 16 2 7 3 4 18 10 4 5 8 11 20 17 3 16 18 16 13 13 6 11 14 3 13 17 6 7 15 17 10 13 12 14 12 17 3 2 15 14 8 5 16 11 19 20 12 12 8 5 4 8 4 15 19 8 10 15 20 15 6 5 11 12 19 19 6 20 16 18 7 2 6 8 6 9 13 7 5 3 5 16 1 12 11 17 3 3 4 10 20 20 5 10 11 16 13 5 1 20 14 6 2 9 20 12 7 9 14 0 18 10 15 13 10 5 13 6 9 7 20 19 17 20 4 5 7 18 7 17 5 2 15 6 8 14 5 19 4 10 2 19 13 10 7 8 4 3 9 12 5 5 14 18 13 10 3 7 15 2 11 12 16 1 18 20 2
4 10 8 9 13 4 20 12 17 18 2 12 3 8 9 6 15 11 13 13 6 1 19 6 11 4 13 10 5 5 15 7 12 17 14 2 3 14 15 10 19 2 7 17 8 4 2 13 15 2 20 19 5 5 9 9 20 18 8 9 15 7 14 12 12 13 7 16 9 4 6 12 13 20 9 14 11 4 16 14 9 14 5 17 20 9 15 15 16 3 20 8 4 1 3 17 19 11 12 5 5 17 11 20 19 7 1 14 14 19 17 10 2 5 12 14 7 7 8 15 12 13 16 16 20 16 19 19 15 18 8 13 14 20 11 18 17 8 18 3 12 18 20 16 9 19 12 8 16 5 15 20 12 6 20 19 12 17 13 16 10 9 10 20 8 15 3 12 7 14 13 20 8 4 20 10 4 9 13 7 19 6 9 13 11 14 7 3 4 2 6 8 15 11 14 13 16 17 12 5 7 12 5 5 15 19 19 14 16 7 18 6 10 5 3 8 18 5 10 11 3 10 10 5 17 16 3 20 4 1 2 12 16 1 20 20 14 10 15 16 4 17 15 18 12 6 17 9 9 4 4 16 11 8 12 7 14 20 13 9 18 1 11 15 18 11 11 16 17 14 11 10 12 3 4 2 1 2 8 16 20 8 10 8 17 2 4 12 15 2 1 12 5 6 13 20 18 12 15 17 7 16 13 18 4 2 3 9 16 10 16 17 17 15 9 11 1 17 20 15 18 4 15 14 16 7 9 12 9 5 1 10 20 18 18 6 9 6 4 7 10 17 7 4 3 1 4 1 13 6 14 7 5 17 7 13 16 17 20 12 11 19 12 13 2 18 9 7 14 6 18 19 14 17 10 3 5 16 11 17 17 10 14 20 3 19 16 16 10 4 2 2 20 13 16 17 3 9 13 17 12 3 17 13 17 10 11 19 9 14 3 8 9 19 6 12 14 8 17 14 10 17 11 14 17 20 15 5 15 16 3 19 20 19 12 5 19 1 2 16 10 15 18 0 19 12 8 19 2 17 12 19 9 5 5 1 5 20 17 20 18 20 13 17 1 2 18 2 8 14 19 8 3 2 4 8 10 16 19 16 8 11 14 18 1 10 1 8 4 15 12 1 9 16 11 2 15 12 5 3
7 17 11 9 17 3 16 11 4 7 17 17 1 20 2 8 20 4 12 13 14 3 6 2 5 20 2 10 11 17 20 15 18 2 10 17 12 4 13 13 13 13 18 9 16 7 14 18 5 3 3 17 17 20 15 15 3 11 1 5 13 3 12 19 7 18 11 17 1 17 20 2 3 2 4 10 12 9 16 8 6 10 17 3 8 10 13 3 15 15 8 9 7 18 8 8 3 3 13 8 3 13 11 8 20 10 10 12 2 12 4 11 2 9 9 19 19 6 7 2 3 4 18 19 11 9 14 2 16 4 8 7 7 6 17 8 16 16 11 18 10 7 20 15 11 7 15 6 11 14 20 16 3 8 20 1 19 14 16 1 15 14 7 17 18 7 12 18 14 11 1 18 15 18 16 20 3 7 14 7 5 7 12 8 3 2 18 19 16 14 3 11 3 18 3 1 3 16 12 6 9 9 19 15 9 16 14 18 3 5 16 17 13 17 1 5 3 8 12 5 13 14 3 7 12 14 6 13 6 10 17 8 15 19 5 20 15 5 8 16 3 13 15 19 15 6 19 6 1 7 10 1 20 11 16 8 8 12 12 20 4 8 4 14 20 9 18 19 17 15 12 17 18 9 17 6 15 17 5 8 15 19 14 8 18 1 3 19 16 4 12 4 3 10 10 19 3 19 16 6 19 14 3 10 17 13 18 12 4 8 2 16 12 19 11 12 4 19 3 5 6 11 11 18 19 11 6 16 4 12 17 17 18 18 13 3 15 2 1 3 5 19 13 1 7 17 20 19 16 2 9 10 4 20 11 4 19 4 13 14 17 20 11 4 3 19 8 18 2 8 13 17 2 9 6 15 17 6 19 12 6 5 20 17 20 13 10 9 20 15 16 19 10 6 3 16 17 12 5 20 5 8 17 14 9 14 10 11 16 13 14 4 13 19 19 4 8 2 3 11 13 8 16 19 7 8 2 14 5 12 1 15 20 2 7 16 7 2 14 18 1 4 17 9 0 14 1 15 11 20 2 8 15 13 12 1 14 5 14 6 19 2 2 1 7 13 6 1 20 1 7 1 13 11 13 8 1 17 13 17 1 18 4 15 16 15 14 18 5 19 17 17 14 18 2 1 13 2 17 18
18 3 3 8 13 14 12 3 10 4 8 19 8 15 8 17 15 6 8 2 2 5 13 16 16 11 6 17 5 20 4 10 16 7 1 14 6 13 15 5 10 20 5 12 12 8 18 5 18 15 2 18 18 8 18 6 13 8 2 2 14 15 15 15 5 11 6 2 19 7 5 15 17 7 11 4 6 6 16 14 7 19 3 20 15 7 20 20 8 7 16 12 6 9 17 10 7 7 5 15 5 18 10 15 4 5 13 12 1 2 15 3 12 12 7 20 15 2 10 5 2 4 20 16 4 17 13 7 1 18 8 13 6 4 8 7 17 9 16 15 10 18 18 10 17 2 20 5 8 6 6 4 6 13 9 11 10 14 5 16 16 16 13 17 14 2 15 9 9 16 19 16 2 16 10 13 20 10 10 10 5 9 12 6 1 20 2 6 17 18 2 12 12 17 2 10 16 15 5 7 9 12 10 17 15 4 5 12 13 16 20 13 9 11 3 1 9 18 18 12 1 16 11 15 11 3 17 15 11 10 5 14 17 14 6 14 19 20 13 14 12 10 9 19 20 19 5 2 12 12 20 1 4 3 20 12 15 17 9 19 8 9 10 17 18 12 7 9 7 7 6 15 20 6 18 14 20 10 10 20 2 15 1 2 5 6 7 5 5 3 16 7 17 6 11 18 4 16 5 17 3 17 6 14 18 20 16 7 16 19 5 7 16 20 7 7 6 17 12 20 12 11 18 7 6 12 5 3 9 14 18 10 15 20 13 12 7 11 13 15 19 4 20 17 5 15 8 5 5 16 11 4 19 11 10 4 14 9 5 16 10 6 15 13 13 18 7 1 5 20 13 17 12 9 19 8 14 2 10 13 6 19 3 3 18 4 9 7 20 11 9 1 1 20 17 18 19 18 15 4 14 16 3 6 10 16 10 12 8 6 16 14 16 14 13 1 11 6 13 1 16 3 8 9 12 19 1 7 19 3 8 3 18 19 5 18 1 7 12 11 18 12 14 7 15 0 16 5 7 20 9 4 9 1 11 5 6 8 17 10 13 9 13 14 16 7 11 12 6 4 2 12 11 6 20 8 13 8 8 18 11 2 2 16 5 3 16 10 17 6 7 6 19 15 12 11 15 1 11 13
10 10 16 9 1 10 15 14 19 2 11 11 20 3 8 5 7 19 7 16 10 9 7 15 18 18 1 11 8 4 3 1 13 12 6 18 3 2 6 2 5 8 4 16 11 8 8 9 6 12 6 15 1 20 12 2 13 10 12 15 1 16 6 14 8 13 6 10 10 15 15 19 14 11 1 12 20 7 9 3 14 14 10 3 9 9 19 10 14 3 6 10 9 18 4 14 9 11 16 15 16 20 19 5 10 1 4 4 20 20 1 5 4 13 1 12 9 3 15 18 13 5 13 8 6 19 2 3 12 2 19 7 8 3 4 20 7 15 16 17 13 16 15 13 14 5 3 15 9 20 10 2 4 2 7 8 18 10 11 15 8 7 5 19 14 4 8 20 14 5 17 19 10 14 8 15 7 16 7 20 18 3 5 10 6 4 16 5 2 8 18 1 13 14 6 8 3 16 11 18 5 4 14 5 14 18 1 14 17 15 19 1 2 18 8 9 5 17 7 1 8 5 14 10 15 3 7 16 14 18 1 17 18 8 4 14 4 10 6 2 6 9 15 12 16 7 9 14 2 1 8 11 5 10 18 14 8 11 14 16 10 13 1 18 16 15 16 1 15 17 14 8 6 13 8 3 4 18 19 7 15 9 4 18 15 17 11 3 11 4 18 19 19 8 11 19 10 6 5 18 13 3 14 6 1 17 4 9 8 2 16 9 19 8 11 14 15 4 20 17 10 10 16 3 4 9 1 4 16 13 9 4 4 12 4 20 10 11 6 12 6 4 1 10 13 4 10 16 9 9 18 1 1 20 10 12 13 16 9 15 13 16 16 9 3 18 10 6 4 20 6 10 8 10 5 17 14 20 20 3 2 5 20 14 5 15 14 8 17 15 19 14 5 12 17 18 15 14 12 19 5 20 15 9 1 10 2 4 13 9 4 10 5 7 6 4 12 15 20 17 4 19 16 10 17 19 7 3 12 16 9 7 6 20 7 9 20 5 13 16 16 11 9 4 10 7 0 8 3 12 15 16 6 8 10 1 2 20 18 16 10 14 19 9 1 14 19 1 10 2 1 11 15 17 4 9 15 15 6 3 2 16 18 9 18 9 6 4 1 1 5 9 9 6 13 14 13 2 8 17
1 15 9 20 3 18 7 10 1 1 12 11 17 9 1 19 20 10 1 4 9 13 19 18 5 1 15 14 14 12 5 5 15 2 15 9 15 5 18 2 9 3 4 8 5 15 3 16 14 17 4 6 10 7 11 8 17 11 14 15 20 18 10 4 1 18 5 2 4 15 11 18 15 15 9 6 2 12 13 18 16 1 8 5 4 11 8 2 14 8 4 3 5 15 8 4 3 11 15 14 19 10 2 11 12 18 5 4 12 10 4 9 3 16 3 19 8 9 1 12 8 11 17 17 2 20 19 5 18 15 13 16 2 2 3 17 3 14 15 20 4 8 10 16 9 5 14 10 6 11 6 19 9 1 6 6 16 3 8 12 12 14 19 19 11 12 13 18 4 7 3 1 17 18 14 17 13 9 17 14 2 9 11 1 9 8 4 16 2 4 1 11 18 20 19 5 6 9 15 18 19 12 10 13 10 17 10 20 6 13 5 10 15 13 8 3 17 19 17 18 16 9 14 2 7 5 17 20 13 4 20 14 5 5 4 6 18 12 14 10 13 11 1 17 8 15 6 17 10 8 2 7 3 4 3 5 4 13 13 1 9 4 6 7 9 10 18 15 18 14 8 2 7 17 6 18 3 14 10 18 16 12 19 2 10 3 2 12 13 17 12 12 19 10 14 8 4 12 6 2 3 11 10 16 20 18 3 3 16 10 8 11 3 7 10 15 13 5 5 20 5 13 7 1 18 10 14 3 14 9 9 14 6 2 11 7 5 9 1 16 12 20 10 10 11 11 6 6 20 13 14 8 18 4 16 12 10 14 18 16 19 17 15 19 7 6 13 9 2 16 1 8 11 10 10 8 8 18 3 3 6 9 3 1 6 13 12 11 3 8 13 11 8 2 10 20 17 7 4 20 7 12 3 8 17 20 8 5 12 2 19 16 5 1 9 3 15 7 10 11 15 3 20 1 6 4 9 1 1 3 14 17 15 7 7 12 10 7 2 16 1 6 19 10 19 20 18 0 13 4 16 2 20 4 2 4 12 13 3 3 17 11 18 1 16 10 9 10 15 16 16 14 10 8 13 15 14 13 2 10 12 3 15 5 10 15 13 6 20 11 19 17 15 16 13 5 8 7 20 20
16 8 8 1 12 1 6 6 20 10 12 16 6 1 15 20 3 19 6 11 3 1 8 3 5 18 4 1 13 18 6 9 19 15 10 2 11 14 16 11 12 12 14 7 19 3 18 11 8 18 7 6 15 2 12 20 6 4 15 18 14 6 10 8 4 16 17 10 19 3 9 9 10 19 14 9 11 14 20 13 3 15 10 5 17 14 6 18 14 2 1 6 16 20 8 20 20 9 16 15 19 10 13 2 11 11 6 15 11 12 17 3 15 7 9 15 16 18 10 1 13 18 10 16 15 15 5 4 8 3 18 4 19 16 2 14 16 5 8 13 3 14 11 13 3 3 2 1 14 17 7 9 14 5 6 15 20 2 8 10 3 13 6 5 16 12 5 10 8 18 18 12 17 18 19 4 7 16 5 12 14 14 9 13 11 9 3 12 5 2 16 7 15 15 20 4 8 13 7 9 14 3 2 20 11 17 12 4 3 1 10 3 16 7 13 12 17 14 20 10 19 12 13 18 1 6 15 10 15 1 15 12 15 7 12 10 2 16 7 13 13 14 9 20 1 8 16 12 18 1 15 18 10 13 10 6 6 7 1 3 14 10 17 2 19 9 18 9 2 7 17 16 17 14 5 11 17 4 1 4 7 8 5 17 6 18 20 8 6 15 12 15 7 11 9 12 6 7 2 2 3 20 13 5 15 5 11 2 10 16 10 5 6 6 14 17 5 5 11 16 2 6 10 18 11 17 16 13 20 17 17 5 13 1 7 8 7 11 9 4 14 7 1 11 1 3 8 7 5 9 12 6 4 13 18 10 15 4 17 3 1 11 6 14 14 5 19 3 1 10 17 6 19 15 10 7 19 20 13 19 12 12 5 2 2 4 3 12 18 16 15 19 4 1 7 8 19 2 4 9 9 3 8 12 12 1 4 18 7 14 7 8 18 10 10 9 11 8 7 2 14 9 19 9 9 9 7 8 9 12 16 5 19 16 13 4 19 4 6 2 15 15 19 6 17 5 6 17 0 12 2 9 11 11 6 10 9 13 11 10 4 16 11 14 10 19 2 1 18 2 3 15 16 11 15 4 18 18 2 4 5 15 10 7 10 15 8 19 16 3 7 7 20 17 18 18 15 16 19 11
1 2 15 5 7 7 2 17 8 14 19 19 6 11 14 12 20 13 12 10 18 1 2 11 20 4 12 19 5 13 20 4 15 16 1 15 20 10 7 11 3 11 15 20 4 11 20 10 2 2 14 5 4 6 12 15 16 20 3 17 2 1 9 17 15 20 19 3 20 17 7 17 20 14 18 17 9 2 16 17 18 16 16 16 11 4 12 8 11 5 17 5 2 17 13 9 9 13 19 1 15 5 9 19 2 15 5 9 16 13 1 7 1 12 14 18 7 18 15 4 18 17 7 15 3 4 13 6 17 3 4 11 19 18 1 6 4 20 20 15 15 16 17 11 4 6 9 20 10 20 4 5 7 11 16 19 14 15 1 20 15 2 5 10 17 3 19 19 6 9 16 7 7 10 13 12 15 13 2 3 14 12 17 6 7 18 3 4 9 4 3 3 7 1 2 13 6 17 14 3 12 5 7 10 11 7 1 2 17 7 4 3 7 3 18 5 2 7 11 16 1 13 19 17 15 6 3 17 11 19 16 7 16 12 11 14 18 7 19 15 20 11 15 5 8 18 7 19 13 5 4 5 13 12 6 14 1 1 8 2 11 18 4 17 20 5 18 16 14 1 14 16 13 9 4 7 5 18 6 20 12 18 12 16 8 13 4 17 3 18 14 19 19 10 16 11 20 14 18 3 16 12 20 2 1 1 7 8 16 17 14 3 19 20 11 3 15 18 4 20 14 13 8 14 15 19 20 19 3 20 19 16 19 17 15 1 13 8 13 3 9 15 19 3 3 11 16 15 19 15 16 5 15 12 11 16 11 1 1 13 11 6 4 5 1 20 9 12 3 19 12 5 19 7 20 20 6 10 19 16 4 1 4 14 14 19 4 18 12 17 19 4 3 20 1 19 14 9 2 10 7 2 1 3 12 10 11 4 18 13 19 9 7 1 18 7 6 13 12 2 15 2 11 3 19 3 20 20 13 6 20 19 5 8 19 8 20 4 7 11 5 3 17 12 12 14 6 12 2 0 10 1 7 6 5 20 16 2 13 7 14 8 8 13 10 1 8 3 8 5 15 17 5 7 11 12 4 5 11 20 15 12 4 1 17 14 19 19 15 18 12 7 8 1 3 4 15 19 6 10
4 15 11 18 17 13 10 9 12 17 16 4 11 9 20 18 11 8 11 14 6 2 20 6 5 18 17 4 12 14 8 9 16 15 7 13 6 19 13 5 16 13 6 17 1 10 19 20 4 5 18 1 10 3 12 5 2 2 5 14 9 1 16 14 9 2 14 2 20 17 4 11 12 5 16 4 14 5 8 8 11 18 4 9 4 1 20 20 2 10 20 16 5 6 16 11 3 10 7 9 10 15 14 5 9 10 7 19 1 8 9 7 1 15 8 3 20 20 1 6 19 15 9 17 11 11 2 8 8 2 8 7 6 8 14 3 15 19 9 7 13 7 6 18 11 3 11 4 7 3 9 18 20 10 18 16 9 6 6 6 3 14 17 15 6 3 13 20 2 6 16 6 5 10 19 4 12 1 13 2 7 12 16 20 15 9 5 16 16 15 13 10 17 20 7 20 15 19 8 10 9 4 9 18 6 7 16 17 5 6 15 19 1 16 2 9 11 17 15 5 3 18 13 19 15 16 1 15 17 16 13 5 9 9 12 5 19 9 3 3 3 17 1 4 15 3 20 15 8 1 17 11 6 19 17 10 6 8 1 5 5 4 3 1 7 11 11 1 9 4 17 20 9 19 4 1 17 20 20 12 6 6 19 10 14 20 4 1 7 4 3 13 11 11 4 19 15 20 19 6 16 15 11 2 8 15 10 3 14 17 4 2 1 11 8 9 9 4 2 19 19 20 19 9 15 11 18 16 10 16 10 8 11 14 20 18 11 18 18 8 5 3 18 19 13 20 8 3 15 15 13 15 12 3 19 18 4 16 5 19 1 17 1 14 14 1 19 5 2 4 15 1 16 16 8 3 2 1 14 17 5 12 9 20 5 6 11 7 4 19 3 10 2 9 15 13 14 1 7 12 18 14 17 5 9 12 6 20 8 7 7 18 8 13 14 7 9 12 8 15 9 17 5 1 2 5 19 17 14 14 17 4 4 7 3 5 6 13 5 19 16 20 4 4 4 19 9 9 10 11 0 19 1 4 9 8 11 1 8 15 7 16 8 5 16 17 18 10 10 10 20 4 18 3 6 7 4 4 6 11 8 17 10 10 5 1 6 5 3 9 17 17 15 17 11 18 18 6 13 3
4 4 8 15 8 13 19 4 8 5 7 7 20 17 17 5 20 2 13 11 8 20 2 18 4 9 9 9 8 19 14 3 8 8 11 12 16 8 17 9 12 5 17 9 2 17 7 20 3 11 18 6 13 10 5 10 16 14 19 18 19 15 5 8 18 19 4 5 3 8 6 15 8 4 8 9 16 12 12 4 15 17 12 18 4 12 2 6 20 6 13 6 10 3 9 2 16 18 20 12 19 6 10 14 11 17 13 8 5 1 17 20 17 19 16 17 2 5 1 15 2 9 4 19 20 10 1 3 12 16 19 19 8 6 14 12 13 20 3 4 16 18 4 19 18 9 20 9 1 1 17 10 9 7 5 9 2 11 7 1 18 5 20 7 13 11 14 1 6 16 4 2 15 18 17 15 13 1 3 13 8 12 16 17 12 9 14 10 12 14 7 10 2 4 10 13 16 16 6 5 9 20 12 10 2 7 4 15 7 8 14 12 2 19 19 17 18 15 4 1 8 7 12 15 2 4 6 6 7 16 5 4 20 16 1 9 7 9 9 5 17 11 2 20 20 12 6 5 18 16 13 15 11 9 4 12 3 6 9 6 10 20 11 15 19 3 8 5 5 11 18 8 12 17 8 17 12 11 15 16 18 19 17 2 2 2 18 16 9 12 2 15 2 6 11 20 1 8 5 2 13 7 1 18 6 1 20 6 19 11 6 16 6 20 13 2 15 12 15 13 14 5 10 9 20 16 18 20 12 6 3 17 6 3 10 2 8 20 14 3 20 5 9 9 17 8 11 2 10 7 6 14 17 17 20 1 18 5 14 17 14 17 4 18 16 19 12 17 2 5 8 10 16 13 8 20 19 10 9 13 6 5 17 19 17 11 14 1 7 5 19 16 10 1 10 9 17 16 10 18 16 5 10 7 19 17 12 19 10 6 16 16 5 3 9 7 20 15 11 3 9 8 18 18 5 15 18 17 13 16 15 3 15 3 15 18 18 4 18 3 17 7 19 5 13 8 10 8 5 7 3 0 5 13 19 19 15 10 6 13 4 10 3 10 19 17 9 18 12 2 2 17 17 19 19 16 3 19 20 17 9 1 15 16 4 11 5 8 11 1 6 5 20 9 5 17 5 19 11 19
7 7 1 15 14 12 5 7 4 11 13 7 19 20 14 13 3 1 12 14 15 17 7 12 10 6 15 10 13 14 2 18 18 8 5 16 16 15 19 2 9 15 7 5 10 6 8 4 6 19 4 10 10 2 10 4 20 20 3 2 15 3 5 18 18 18 19 16 1 15 20 13 9 9 2 15 4 20 6 11 14 15 12 17 6 19 7 3 19 10 18 7 7 19 5 3 6 9 17 5 2 9 14 17 18 12 13 10 14 7 12 9 17 5 13 1 13 4 6 3 12 1 20 5 20 3 11 1 14 7 11 20 12 20 10 7 9 4 5 16 7 6 9 1 2 17 2 20 18 12 15 15 16 9 13 18 6 3 20 5 4 2 20 1 3 14 4 12 9 20 14 20 7 8 8 10 11 19 9 9 20 2 3 6 2 5 13 6 6 20 10 20 7 16 14 10 7 7 15 10 19 3 7 18 4 13 19 4 14 8 7 11 19 15 20 18 8 15 19 18 18 12 4 3 18 1 17 16 16 1 1 2 12 9 1 3 8 5 14 9 18 2 12 7 9 17 9 13 2 10 20 3 1 1 10 18 4 1 11 8 6 5 15 18 19 10 6 11 10 10 8 4 1 10 15 15 13 8 13 4 14 17 15 7 14 16 17 4 11 10 5 6 3 7 8 12 14 17 2 17 14 12 4 3 16 20 5 17 12 18 10 12 8 20 11 6 18 11 1 8 13 6 18 17 1 6 2 3 17 4 15 15 10 13 15 19 15 15 16 5 4 19 13 10 9 18 7 1 15 12 7 20 10 19 2 11 10 3 2 2 9 17 6 2 3 2 1 8 7 5 18 20 4 13 10 17 5 2 17 8 8 19 7 12 6 19 6 16 5 7 7 7 16 2 12 17 1 17 15 2 8 11 5 7 14 14 9 20 3 1 20 19 4 15 15 5 8 13 5 2 16 2 2 6 18 6 2 10 16 14 3 10 6 17 13 15 7 1 11 19 16 8 5 12 20 15 1 20 8 8 15 11 0 16 2 16 12 14 12 1 5 20 7 18 7 15 11 16 17 17 5 13 18 8 14 2 4 15 15 4 7 4 10 17 17 19 15 2 12 14 3 6 11 14 1 8 11 7 12 4
13 5 1 1 18 3 4 11 9 17 18 10 19 11 5 5 18 3 2 1 16 13 15 20 11 6 3 14 7 8 20 20 17 2 12 4 15 17 7 10 5 1 14 5 5 14 6 17 8 4 18 3 19 18 15 6 13 17 8 13 9 2 19 3 16 6 20 5 5 12 9 19 8 18 13 14 4 7 4 12 5 12 3 17 5 18 10 1 1 17 2 11 3 3 13 9 17 8 2 17 3 17 5 1 4 16 7 13 9 7 2 11 11 7 1 17 14 9 19 14 3 16 13 10 1 12 5 5 16 4 3 4 9 11 19 7 20 2 4 10 4 1 14 13 4 6 14 1 11 18 16 14 14 13 2 12 16 18 4 4 2 15 9 16 10 6 6 1 1 9 18 4 7 18 4 9 12 10 6 6 18 2 5 11 7 1 4 3 10 1 12 8 8 10 7 6 8 5 11 7 11 20 6 1 18 4 2 12 19 3 14 1 9 9 20 13 12 3 8 19 16 20 13 11 4 15 1 8 8 5 12 18 8 12 17 11 5 17 16 14 7 6 17 7 7 20 20 15 20 14 3 11 17 19 18 5 19 8 4 13 9 9 19 14 3 1 7 18 11 19 20 8 15 8 13 3 10 14 14 2 10 7 6 10 5 7 10 17 8 13 14 15 19 20 5 3 3 3 15 17 13 16 18 6 9 17 15 13 17 7 14 14 19 3 16 7 7 10 3 10 6 7 8 5 15 6 4 7 5 4 9 11 18 5 3 9 20 4 9 13 12 2 1 14 6 10 1 18 3 3 20 12 8 4 17 5 1 6 3 15 10 20 14 9 13 18 1 14 12 18 9 16 4 13 5 15 8 6 13 5 9 4 2 12 8 7 11 3 12 10 20 9 19 15 12 16 8 8 5 1 7 14 7 3 3 12 5 8 20 3 8 4 4 17 19 3 4 18 6 3 12 11 20 19 14 1 4 5 14 13 12 18 10 16 11 20 3 14 2 9 15 1 11 18 17 7 2 11 1 11 14 11 20 0 14 15 11 7 9 4 13 9 1 8 13 11 17 18 10 12 13 4 18 18 9 5 4 19 8 6 2 9 8 16 1 3 1 6 15 5 9 11 9 15 14 10 2 16 14 8
12 5 2 4 13 14 9 4 10 2 17 18 3 3 11 12 7 19 17 18 4 13 2 9 15 4 12 15 8 3 9 16 17 17 6 4 16 5 6 18 20 7 3 11 14 13 7 6 19 7 7 14 15 1 18 8 9 9 12 2 3 17 14 13 3 14 7 8 14 11 8 19 8 5 4 3 6 17 8 8 10 7 17 13 18 13 1 6 3 9 11 13 4 19 9 16 4 17 19 17 1 18 2 1 15 7 6 6 20 6 16 4 14 16 6 20 5 7 12 19 1 2 18 3 1 16 3 3 15 7 9 3 10 10 7 20 6 7 5 12 13 19 2 9 4 15 10 2 15 2 5 2 11 9 12 10 17 7 16 7 1 7 18 11 10 6 13 4 1 3 13 18 14 1 19 12 5 1 8 13 8 10 13 11 4 18 6 2 6 14 2 20 10 3 14 11 15 10 6 8 10 2 16 15 4 6 11 19 13 8 3 17 3 1 16 14 1 4 20 6 10 4 17 17 2 8 17 16 6 15 1 14 2 17 15 3 12 9 14 20 15 19 9 15 10 6 11 20 12 19 14 1 2 1 2 5 9 3 13 19 19 12 8 2 4 3 16 9 9 11 11 16 7 7 10 7 9 1 2 17 20 20 1 11 6 17 4 17 7 13 14 15 13 8 18 18 11 3 4 6 1 17 14 1 2 12 5 3 19 8 19 15 8 2 18 13 8 6 15 5 10 10 9 19 18 13 12 10 11 15 9 18 14 13 6 16 3 20 17 18 11 15 11 11 20 14 8 18 16 6 13 18 16 18 9 9 12 11 3 18 5 4 19 8 16 17 19 17 3 6 16 4 3 9 16 7 15 19 20 5 2 6 10 6 10 12 12 17 7 1 2 18 17 2 2 14 3 16 17 1 8 10 17 17 4 20 6 5 18 18 19 6 5 2 2 20 14 10 6 17 2 6 1 13 20 8 6 8 8 3 2 14 4 14 2 4 8 18 3 6 8 11 4 8 9 10 4 15 20 7 11 1 20 10 0 17 9 5 17 4 4 17 15 5 9 15 10 12 7 20 4 16 10 12 15 18 16 14 6 7 11 18 5 13 15 8 15 15 14 13 15 13 6 4 6 18 14 4 9 11
13 18 11 6 1 1 2 15 5 11 15 6 1 20 18 9 11 10 3 1 11 3 1 14 11 9 5 12 7 13 19 3 16 13 15 9 4 9 1 12 3 13 13 7 7 8 20 4 6 3 18 18 8 17 5 17 20 10 8 2 19 3 8 20 16 3 14 10 7 11 9 9 12 12 6 4 8 6 1 18 3 16 18 2 1 9 17 16 6 6 19 15 10 6 1 18 6 11 3 8 20 4 9 13 20 16 16 12 18 20 16 18 14 15 2 8 19 12 19 1 18 14 9 1 20 1 9 20 17 3 8 20 9 6 2 14 9 1 16 20 19 18 11 2 14 6 1 9 4 19 17 10 17 7 13 14 13 5 2 16 2 1 18 12 16 11 6 12 2 20 12 6 2 19 17 9 19 6 1 1 6 16 13 1 7 7 20 18 3 18 18 18 1 4 10 5 4 10 8 19 6 5 7 9 18 7 18 14 17 8 9 19 15 9 10 12 20 14 18 1 20 6 18 6 6 2 9 16 11 16 7 15 15 11 20 2 5 15 15 9 5 17 14 10 16 18 1 3 5 6 8 19 1 4 4 15 4 7 14 4 19 12 20 17 3 2 3 5 15 16 17 12 18 20 17 6 12 7 10 18 3 18 6 16 15 5 4 11 16 3 3 14 15 15 2 4 5 19 3 9 7 15 7 1 5 19 14 2 16 18 19 1 14 10 9 14 13 12 12 18 4 10 16 7 5 2 7 14 8 8 1 7 19 2 17 11 11 2 1 11 16 19 16 2 15 19 5 5 10 13 2 15 17 9 9 20 13 17 15 4 16 8 6 19 16 9 11 17 20 8 6 16 14 19 1 17 18 19 2 6 8 2 13 18 10 1 4 3 5 8 18 6 13 16 17 9 8 16 4 3 4 13 11 7 14 15 4 2 20 5 2 18 8 1 5 10 16 2 3 11 16 15 2 19 20 12 4 20 16 6 18 4 14 4 1 6 10 12 12 7 16 1 9 13 11 17 12 10 13 13 6 3 18 6 10 0 18 8 14 8 18 7 17 10 11 12 15 3 1 6 4 9 15 20 18 17 2 13 3 12 3 17 6 9 13 17 20 15 14 2 12 2 5 1 8 4 4 14 12 15
8 18 4 8 18 2 4 16 3 1 15 5 7 19 10 6 15 8 6 3 12 11 1 3 12 3 1 2 6 2 6 11 8 10 9 4 4 9 3 13 7 10 1 20 20 12 6 11 3 1 10 9 2 13 1 9 16 8 6 17 6 15 5 12 14 9 3 18 4 19 19 8 12 3 4 2 16 9 11 6 16 12 7 17 1 17 6 3 18 4 19 18 7 1 12 3 14 7 19 5 3 10 12 15 2 13 2 4 11 6 11 3 6 18 4 7 2 6 6 1 7 18 1 20 19 16 16 16 13 13 1 2 5 12 1 5 11 8 12 1 1 12 15 8 5 4 14 6 11 17 8 4 17 20 2 12 16 17 13 20 16 19 14 10 7 10 2 7 6 9 5 3 17 13 10 18 18 2 1 8 18 10 18 11 15 15 12 2 4 2 12 13 19 20 7 14 8 18 8 18 2 9 14 5 8 2 14 12 12 4 10 3 7 12 7 1 18 11 12 11 5 7 8 17 8 14 13 1 5 17 8 8 9 19 16 20 13 9 7 17 9 10 9 1 7 8 14 13 12 7 16 18 7 5 14 4 2 4 13 20 10 12 15 11 17 18 18 17 9 18 10 8 1 11 17 2 7 11 5 20 4 9 16 5 6 13 2 13 19 14 2 1 15 12 1 1 19 12 6 19 6 2 15 20 5 19 7 7 13 5 10 15 17 16 15 18 5 13 18 12 12 10 13 10 11 4 13 14 12 15 20 6 6 10 11 8 3 11 15 17 19 12 9 6 2 10 19 14 20 11 9 7 14 18 17 16 2 19 18 1 10 12 9 14 19 8 8 7 6 8 6 9 16 9 20 2 17 20 16 16 15 7 16 2 2 6 12 6 5 9 5 10 16 20 19 10 1 6 5 10 14 17 14 4 12 10 2 16 20 14 5 5 16 4 3 19 3 11 6 4 7 12 1 12 8 17 9 18 9 16 16 3 19 20 4 18 4 13 12 5 15 7 11 17 19 14 8 15 4 16 9 19 12 9 17 1 0 3 7 16 11 3 7 2 1 10 14 6 11 14 16 17 19 7 19 1 2 18 14 5 10 13 4 20 19 15 9 2 7 1 2 13 19 15 14 15 17 6 5 6
18 2 9 2 19 17 2 6 20 16 20 14 12 2 12 5 13 1 20 19 11 18 18 13 18 15 1 18 2 5 10 6 7 3 19 1 6 16 14 4 9 9 1 15 5 7 2 3 3 13 16 16 7 2 4 8 8 1 3 14 7 5 6 10 5 2 16 18 1 13 2 14 4 10 10 17 9 10 7 6 10 1 18 10 9 19 15 15 19 4 3 6 6 20 9 2 3 20 16 10 13 19 7 13 8 5 16 12 13 15 9 12 16 13 16 10 14 15 15 13 11 6 20 10 8 1 18 11 4 16 18 18 7 11 7 5 9 17 13 8 4 3 6 3 12 12 1 18 4 13 2 18 18 10 13 4 9 14 8 1 3 15 14 11 19 6 3 15 11 11 14 2 11 14 18 11 15 16 2 14 4 19 4 14 10 14 17 7 16 7 15 9 9 4 19 2 7 10 19 15 4 15 12 9 20 9 10 5 3 6 13 1 14 9 11 1 20 2 14 19 11 17 8 9 2 15 10 6 11 3 17 1 12 3 4 7 12 5 9 20 6 2 8 1 15 13 3 8 10 8 16 6 11 3 19 9 5 20 5 4 18 9 7 11 9 4 6 19 11 9 2 2 1 8 16 15 17 13 7 12 15 6 4 9 11 12 3 5 11 17 16 11 16 8 6 16 3 14 12 14 20 4 8 7 8 6 13 6 7 12 2 6 13 13 20 19 15 14 16 4 9 13 15 3 2 9 13 8 10 19 16 16 9 1 5 1 17 8 8 20 11 17 18 7 5 8 15 19 18 8 9 17 5 18 19 7 12 20 11 8 19 9 18 20 16 14 13 5 13 12 7 17 15 6 20 7 5 10 16 6 10 10 11 4 15 1 9 5 9 10 12 17 14 7 15 14 6 18 20 4 10 17 4 7 20 6 3 8 5 19 1 7 1 11 5 11 15 7 12 9 6 14 2 4 7 17 8 14 3 10 8 20 5 12 11 2 9 16 7 13 2 19 16 16 14 15 5 14 20 5 20 13 5 7 1 5 18 0 9 1 4 16 2 6 6 8 13 6 5 14 7 20 9 17 20 7 1 15 12 16 2 13 13 17 4 17 20 5 9 12 16 16 20 1 5 7 20 3 18 5
20 15 2 14 9 5 10 5 3 18 17 19 19 15 6 1 1 7 5 13 9 13 4 12 15 11 4 6 5 19 8 1 10 6 14 4 17 4 4 18 4 5 18 1 15 10 13 6 5 7 3 7 15 8 14 18 17 18 3 8 11 5 16 13 19 2 16 2 9 2 20 6 14 7 18 2 13 8 12 12 7 10 2 3 1 5 20 5 1 13 13 12 3 8 16 17 5 14 14 17 12 6 18 14 18 4 2 2 12 10 8 19 9 2 18 16 4 12 14 15 8 20 8 12 14 14 14 12 17 15 13 12 3 7 14 3 9 4 8 9 1 12 5 6 8 4 10 7 14 19 7 16 11 19 8 1 2 20 1 12 4 15 16 19 1 1 12 4 3 19 12 1 11 9 17 4 6 8 5 2 19 2 2 4 3 17 2 11 12 6 9 9 12 1 17 17 9 20 11 6 12 11 13 2 9 19 6 1 1 11 7 8 15 15 14 17 7 5 3 14 20 18 12 4 1 10 1 15 17 19 6 5 20 3 12 16 15 3 4 3 10 6 6 19 4 18 10 4 12 1 19 12 3 20 8 3 1 7 6 19 19 11 16 14 5 15 12 13 3 1 15 10 9 20 4 15 7 12 18 13 17 17 19 4 3 8 19 12 13 2 19 12 6 15 7 18 16 5 11 1 19 9 6 10 16 4 5 9 20 2 13 5 13 20 12 14 11 2 9 9 7 6 4 10 13 14 13 13 11 5 5 18 7 14 19 8 1 2 18 4 9 2 14 7 20 13 12 13 8 17 9 12 20 6 17 8 6 11 3 10 12 5 15 8 19 11 1 2 9 8 17 13 11 2 1 5 4 20 16 13 6 16 8 12 14 6 7 12 8 1 6 1 4 9 18 1 20 2 4 6 13 14 15 16 20 15 5 7 8 9 12 2 5 12 1 15 6 3 9 1 19 14 16 19 20 19 11 17 3 17 17 4 20 10 11 8 5 3 5 1 9 10 14 1 9 20 2 20 19 13 15 9 3 8 6 17 2 9 0 11 10 18 19 8 18 2 13 9 4 15 17 10 13 18 13 10 4 19 14 11 4 12 14 8 2 3 9 16 2 17 8 16 19 17 13 17 3 19 11 18
17 1 9 20 7 10 5 6 20 19 3 3 15 5 16 6 16 14 9 17 16 15 9 2 2 20 5 16 5 19 5 19 18 14 10 2 9 11 16 9 7 12 5 20 8 11 12 18 2 16 18 8 1 20 20 5 9 19 1 14 19 2 3 19 4 11 7 12 9 6 5 10 2 15 18 19 10 2 20 18 18 12 9 7 2 2 18 13 11 15 11 1 18 2 7 18 11 19 10 9 14 16 10 10 20 11 17 3 2 9 5 2 15 15 1 6 1 20 5 5 2 7 10 18 17 20 16 14 7 6 14 18 3 4 3 10 17 6 8 5 1 12 16 11 6 1 16 16 5 2 1 13 4 12 12 18 7 6 19 10 1 13 5 6 13 15 8 8 12 16 19 12 5 13 10 6 9 16 13 17 6 7 18 12 14 16 4 15 19 16 16 12 12 20 5 15 3 8 5 12 1 14 20 12 13 14 4 7 11 9 7 20 17 20 19 17 9 18 19 18 15 19 9 13 13 8 2 3 10 13 5 3 2 7 19 4 11 5 16 12 11 15 4 1 14 20 1 20 5 6 16 20 1 5 10 12 3 4 13 20 16 8 14 3 12 12 19 5 7 6 7 13 19 2 8 5 5 9 3 17 20 1 15 19 9 18 11 13 3 9 12 12 16 18 19 2 13 11 10 18 15 6 20 7 8 3 14 3 15 3 4 10 16 15 9 13 11 4 18 7 20 15 14 3 15 12 9 8 15 12 1 12 20 4 2 7 2 3 13 14 15 4 4 5 3 18 2 18 3 14 5 15 2 19 9 5 7 10 17 13 18 1 14 3 7 19 14 2 8 15 9 1 14 16 10 15 17 13 7 7 7 7 5 20 17 20 15 9 15 5 16 6 15 8 19 2 1 3 19 2 2 6 20 10 6 2 1 14 3 4 4 12 3 10 15 19 14 2 10 12 1 17 20 4 11 4 3 10 3 16 8 15 14 20 1 20 6 2 4 11 4 12 6 3 10 14 8 16 7 16 10 18 14 18 15 16 9 8 16 0 17 20 19 13 19 11 8 18 3 8 18 7 16 6 15 16 2 19 19 19 5 10 19 5 3 19 3 13 16 16 5 9 19 10 18 14 16 15 20 17
13 12 20 12 12 8 11 14 1 13 17 20 15 20 13 16 13 1 3 4 10 4 1 17 10 1 5 15 13 9 7 4 20 9 15 11 10 11 6 7 17 8 17 19 4 5 15 13 6 13 7 11 17 11 2 15 19 1 15 9 20 2 12 8 10 15 18 20 16 5 8 15 19 14 11 10 20 19 11 8 18 20 3 3 17 16 7 18 3 1 5 1 8 8 17 4 10 17 5 8 5 19 3 14 6 17 13 7 13 10 2 12 10 5 6 7 16 19 12 18 15 7 15 2 12 9 12 19 16 2 15 18 18 7 16 10 14 11 2 6 8 9 3 5 20 19 3 2 1 7 15 14 12 8 15 6 7 16 19 5 4 5 14 3 5 13 19 5 1 17 20 9 1 13 5 2 12 12 7 20 17 14 1 4 6 19 9 16 15 16 13 15 7 19 15 5 7 5 5 15 7 19 18 11 8 1 14 5 10 2 5 8 5 5 12 4 1 7 17 16 5 19 9 4 10 10 20 11 2 3 19 14 6 4 20 16 8 1 6 18 4 20 10 19 7 5 10 4 1 11 4 14 15 12 14 3 12 14 13 9 5 18 18 14 1 7 19 15 15 15 13 2 12 18 2 20 20 4 6 16 8 13 19 19 15 9 11 17 8 10 15 18 10 3 3 5 15 2 18 5 3 11 10 9 19 14 6 17 20 19 16 16 18 11 6 16 3 10 7 9 1 6 7 19 4 13 1 15 6 5 1 16 16 16 18 10 14 5 1 4 13 8 5 1 3 12 5 14 18 11 2 6 18 4 13 3 2 2 13 13 1 15 6 8 18 13 12 17 16 3 14 8 12 8 10 9 15 17 8 6 6 18 15 16 10 12 3 16 9 19 8 11 15 2 1 6 13 16 15 6 4 15 6 19 2 10 13 10 6 16 15 6 16 19 6 19 4 16 2 19 19 19 19 8 6 4 4 1 2 15 17 9 4 6 3 4 1 14 10 2 15 1 8 2 2 18 8 15 15 17 16 18 17 2 17 2 3 8 11 5 0 2 17 16 3 15 3 13 5 8 16 20 15 13 16 19 13 4 1 20 15 17 15 11 13 10 20 10 6 3 17 10 9 9 7 16 10 2 18 5
13 9 20 14 2 1 10 18 13 11 14 4 20 5 2 2 15 20 9 9 20 15 13 2 7 10 15 12 3 19 1 20 12 7 13 12 3 19 18 3 14 16 13 6 3 16 8 17 1 14 19 10 4 17 1 19 20 4 19 14 4 15 19 1 8 4 13 9 6 4 14 2 6 4 19 4 20 18 18 10 8 7 20 18 10 4 6 16 9 9 12 9 17 18 14 17 20 14 8 6 9 11 19 7 19 20 6 16 20 8 15 15 3 14 6 20 4 2 20 10 17 12 15 6 10 6 9 13 1 18 6 20 20 2 8 8 16 3 18 13 7 4 8 5 12 13 2 3 8 13 12 15 10 17 19 5 3 6 5 9 18 12 13 18 12 7 8 14 20 3 6 20 13 19 9 14 11 14 7 3 18 7 13 1 13 5 18 19 20 5 19 2 3 15 18 1 13 12 11 7 16 17 5 13 1 14 16 19 9 18 17 6 4 12 17 11 1 2 19 9 3 17 7 8 10 15 3 3 6 5 11 4 7 20 13 13 17 7 20 15 19 4 6 12 11 20 8 15 19 7 16 19 4 10 14 2 14 19 8 5 5 18 20 9 3 5 14 6 10 15 9 9 14 6 4 7 4 8 12 7 6 12 8 6 2 7 3 9 3 7 5 18 4 4 13 13 16 3 18 20 11 5 4 18 1 10 6 8 12 20 16 15 11 16 10 8 10 7 17 10 10 16 5 16 17 19 3 4 9 14 3 13 14 20 6 11 6 6 6 18 19 1 7 10 8 1 10 12 8 16 3 8 15 11 16 2 14 15 18 15 20 11 8 17 18 13 17 4 5 14 11 2 17 11 13 13 18 19 6 4 16 14 1 15 17 10 19 3 15 1 12 16 16 15 12 2 18 20 1 17 20 2 20 5 4 11 4 7 7 2 8 16 9 6 12 17 12 13 9 20 9 3 12 6 16 11 13 18 20 1 13 20 12 4 14 1 6 17 15 19 15 9 4 4 9 17 4 11 5 15 1 16 2 1 2 7 17 4 11 14 4 0 19 19 7 11 16 7 13 1 2 19 20 1 20 6 1 3 10 17 10 12 10 12 4 5 2 3 13 4 7 8 3 6 8 5 9 5 4 17
10 2 16 2 9 7 1 15 17 1 4 11 16 14 8 12 2 10 4 14 4 7 1 8 16 14 19 20 2 7 8 10 1 8 7 17 13 9 2 15 9 1 14 5 4 7 14 8 5 11 19 19 17 15 3 6 7 12 7 3 16 20 16 14 8 3 1 8 5 6 2 11 16 7 13 11 1 7 4 9 3 2 15 12 3 13 17 18 2 13 4 9 14 9 8 17 3 3 10 9 10 5 8 11 6 17 8 13 6 6 11 18 16 9 8 17 4 19 12 10 4 13 7 8 4 1 9 8 1 2 1 19 17 7 3 16 12 20 9 14 17 5 15 10 18 2 2 6 11 10 5 20 11 3 15 5 12 12 12 17 7 1 8 19 17 8 9 11 16 16 9 18 9 16 2 11 7 7 18 13 15 18 15 18 1 1 18 7 4 12 5 11 20 12 16 15 14 2 13 6 10 12 12 6 3 4 10 8 13 11 11 12 15 3 17 2 9 4 14 1 3 18 9 7 3 19 10 15 17 10 15 10 5 13 11 5 1 14 1 1 3 13 3 5 6 16 17 17 19 15 2 13 9 16 5 12 16 14 16 7 1 4 3 17 15 17 9 8 19 3 18 3 5 15 3 8 15 17 19 14 1 13 20 14 2 14 20 15 3 8 12 10 4 12 6 19 2 8 15 11 10 20 1 14 14 16 7 4 10 3 6 7 3 15 11 14 6 2 2 8 8 5 19 15 20 2 8 3 8 2 18 17 1 7 9 16 8 15 17 12 9 15 17 2 5 3 14 2 18 1 19 11 6 14 16 4 9 3 7 4 8 3 3 16 17 13 7 1 20 4 4 19 16 11 6 8 18 13 9 6 2 16 12 11 17 2 5 9 9 17 8 12 7 8 4 5 14 9 1 12 16 4 3 17 18 10 7 8 10 11 7 13 5 12 13 19 7 9 16 2 15 5 3 4 19 14 7 9 13 14 14 1 10 2 16 16 6 9 11 7 15 18 20 13 17 13 6 13 20 13 16 9 7 16 12 14 13 4 13 17 3 19 0 20 10 13 5 4 13 6 4 13 10 19 16 8 16 4 11 18 17 10 16 7 19 7 17 13 6 12 8 19 14 11 17 8 4 12 16 10
20 8 10 5 20 9 1 5 6 19 20 17 10 11 8 5 12 13 8 6 17 1 1 3 8 4 2 17 9 3 5 11 1 14 4 17 20 6 15 3 13 4 11 18 10 2 19 17 11 12 5 15 17 11 7 16 16 17 6 1 8 8 5 7 4 10 2 2 10 18 20 9 5 13 10 7 1 11 15 12 9 10 9 4 9 14 9 19 15 3 13 20 2 19 15 9 4 6 11 15 10 4 19 1 1 1 2 20 18 13 16 13 3 3 12 2 8 7 9 2 8 16 15 8 13 20 9 8 9 14 2 12 11 1 7 13 17 10 18 5 7 5 2 15 19 6 6 16 1 17 10 15 11 19 18 9 20 12 12 13 5 11 10 14 19 10 18 6 9 17 6 8 20 17 2 4 10 19 17 15 9 2 3 18 1 10 7 3 19 17 12 9 14 9 15 6 10 9 12 10 18 14 2 17 2 20 3 20 12 5 7 3 11 15 8 20 6 17 20 9 8 10 16 12 4 20 1 7 20 3 8 6 15 11 13 1 18 7 12 11 2 11 13 20 17 15 20 3 11 12 5 17 6 18 8 2 6 4 2 6 6 13 1 18 3 7 9 1 4 7 2 18 17 20 12 1 12 10 9 19 20 9 14 2 9 16 16 14 3 5 4 13 8 12 8 3 3 19 13 9 4 10 3 11 18 9 1 11 3 2 20 14 8 2 9 19 10 11 2 7 1 18 3 10 8 4 18 12 5 1 5 19 17 2 15 18 1 16 2 8 9 17 10 5 13 2 7 6 4 12 1 20 13 3 19 9 16 18 18 11 3 4 14 2 16 4 13 20 8 6 9 7 20 20 2 14 16 2 7 12 1 12 17 17 1 10 5 11 6 14 16 3 14 17 7 6 6 12 16 14 17 2 9 1 20 4 8 10 10 18 10 9 1 2 3 10 20 7 7 4 1 17 19 11 1 4 15 3 6 6 1 17 12 19 7 11 2 15 6 17 14 3 18 5 5 3 4 20 6 12 14 17 17 8 10 4 3 18 17 4 17 16 10 0 17 13 5 20 1 14 15 8 8 15 11 6 14 9 17 8 3 12 18 18 7 4 1 12 15 18 15 8 17 20 7 18 10 1 8 6
18 15 14 8 18 12 4 12 19 9 14 3 17 20 16 2 18 6 20 11 16 18 8 9 6 18 8 3 20 5 13 12 3 8 2 10 7 17 11 13 2 11 2 14 3 12 3 2 3 12 6 10 20 11 20 12 6 16 12 11 9 9 10 4 17 13 16 9 13 6 16 10 14 5 5 9 9 14 1 5 17 13 3 18 18 3 5 16 10 14 10 11 14 4 16 13 3 12 5 1 6 10 18 1 18 10 16 10 14 1 14 20 9 8 13 4 18 2 4 7 14 16 17 3 17 15 5 20 5 20 10 7 1 13 18 2 13 4 10 9 19 17 15 12 18 2 2 3 18 2 15 5 9 1 12 19 15 6 2 6 19 13 14 2 11 3 6 9 12 7 3 11 14 6 12 9 14 3 7 3 3 7 7 6 10 2 1 2 4 11 19 11 12 2 2 10 2 17 12 8 17 17 20 15 4 8 3 15 11 13 1 19 3 11 17 20 18 1 5 6 8 13 18 9 3 16 14 8 9 3 10 2 2 1 2 6 9 18 10 9 4 17 16 3 11 15 14 5 11 6 1 20 16 2 18 18 5 15 16 3 16 2 6 4 5 4 9 19 7 19 19 18 10 15 18 6 12 18 6 4 5 13 16 20 18 5 2 15 18 20 17 14 18 5 4 8 8 12 16 18 2 14 1 8 2 10 10 5 3 16 19 17 3 12 14 1 4 8 17 9 7 9 7 17 1 8 17 6 4 5 12 10 13 10 9 16 20 2 12 17 19 10 2 20 15 5 11 10 11 20 19 19 5 4 18 5 19 20 19 10 1 17 13 13 11 1 6 2 11 17 17 4 17 6 16 17 6 20 14 20 9 19 3 16 7 13 10 4 19 17 10 13 2 17 4 8 4 16 4 8 15 12 12 9 6 1 11 18 10 13 13 12 3 8 4 8 15 15 7 19 5 3 6 18 19 3 15 20 15 11 9 18 14 2 7 11 13 6 9 4 18 12 13 13 6 11 7 7 17 7 13 15 19 3 17 1 10 16 12 14 13 3 10 8 0 16 5 18 14 1 5 20 19 12 5 13 13 2 7 11 3 20 16 13 15 9 3 10 16 18 10 15 4 4 15 1 9 5 14 6
20 1 11 20 19 18 12 17 3 20 8 7 11 3 16 11 15 9 6 4 11 14 2 18 9 6 4 6 4 7 13 16 19 20 16 13 2 14 20 12 14 5 10 18 2 20 12 13 12 13 3 9 18 17 1 15 19 20 4 8 20 14 15 12 18 2 3 15 10 7 13 2 14 7 2 1 14 12 20 1 6 10 18 17 14 6 6 5 15 1 11 13 20 14 7 2 9 14 9 9 7 7 16 7 10 3 4 10 7 12 18 7 15 13 19 4 10 15 14 9 8 5 19 9 7 3 7 11 6 6 7 3 16 18 2 14 4 18 11 2 15 14 5 13 5 17 5 10 11 3 6 13 10 1 1 15 12 8 8 16 13 7 11 11 20 17 18 15 11 2 18 10 10 17 9 18 9 16 8 15 19 18 13 9 14 16 2 17 4 12 7 1 8 18 11 7 1 18 1 18 16 13 2 13 6 5 14 11 14 8 20 8 8 2 12 16 5 18 1 2 11 14 15 1 11 9 13 12 18 17 6 19 9 8 2 9 18 3 4 17 2 15 15 11 3 20 3 20 8 18 12 1 2 1 19 6 18 12 4 2 4 19 13 13 6 4 15 14 10 15 18 9 17 7 18 3 16 4 9 14 12 7 10 9 10 10 14 20 13 18 3 20 19 11 3 20 11 13 3 5 16 5 11 17 16 6 18 15 11 2 2 11 11 20 17 10 13 3 7 5 1 14 10 13 11 5 15 15 9 1 1 3 1 14 4 5 16 17 17 8 4 1 11 3 17 9 16 8 5 15 3 19 18 15 16 18 4 5 4 7 18 12 14 20 18 16 7 9 5 2 12 5 15 14 5 11 12 11 18 15 4 18 10 14 13 11 1 16 17 14 12 1 20 11 4 2 12 4 16 11 8 15 2 7 8 12 19 8 18 9 9 9 12 14 9 7 15 13 14 4 2 1 3 9 12 16 15 10 20 13 3 4 3 19 17 3 9 10 10 19 8 2 8 15 12 10 17 13 11 7 4 7 4 7 10 16 15 9 7 11 9 5 19 3 8 0 14 8 18 18 5 14 10 2 12 3 1 7 17 10 2 10 7 4 13 12 14 7 7 20 6 3 4 13 1 3 16 8 4 8
5 3 6 1 10 6 20 9 5 20 17 2 11 20 19 16 16 8 6 12 3 18 14 7 3 13 15 13 8 12 20 8 14 16 9 11 16 16 1 7 17 17 17 13 10 9 13 12 5 2 14 17 4 3 5 6 18 17 18 12 16 3 20 5 3 13 17 7 8 2 11 14 7 4 8 18 17 13 7 5 3 20 8 20 11 19 20 10 13 19 13 19 2 9 15 1 18 8 8 14 5 18 12 16 18 20 11 5 17 2 4 6 12 5 8 17 5 20 9 13 3 1 3 2 3 18 18 11 13 8 5 17 7 9 5 20 16 4 2 8 17 8 5 3 14 9 5 16 1 10 1 5 10 19 20 5 12 9 2 16 16 17 5 13 12 8 15 14 19 16 11 6 12 9 15 16 8 20 9 13 12 9 11 7 1 10 12 1 20 6 10 18 8 18 6 8 6 13 5 13 10 19 11 5 3 4 14 18 13 11 6 18 9 11 1 18 13 7 7 11 16 10 12 18 4 15 7 8 15 15 2 10 10 15 12 16 19 2 2 17 7 11 5 20 17 1 16 20 7 12 18 2 17 16 18 6 18 11 4 15 3 3 5 13 8 8 20 2 15 11 10 8 12 11 7 1 19 14 3 10 11 10 13 20 19 12 20 7 19 11 11 18 19 16 1 18 13 14 5 8 19 3 4 12 16 10 10 9 4 5 7 10 3 7 11 11 7 8 14 4 6 1 3 5 11 17 10 11 10 20 6 14 8 6 4 8 10 7 12 8 9 19 2 9 2 8 11 19 10 2 1 15 3 5 1 4 16 18 6 15 19 11 15 5 8 1 11 14 8 18 2 5 1 17 11 4 11 2 6 5 2 14 6 10 11 18 9 4 16 15 9 7 13 7 9 5 4 20 19 12 11 8 15 19 18 4 15 17 17 15 17 20 2 20 16 13 7 14 20 1 2 7 10 8 2 5 16 20 4 9 15 9 7 16 19 17 7 12 8 14 5 9 19 8 1 4 19 6 5 3 17 20 1 9 20 9 20 13 11 19 11 12 19 9 1 10 0 1 5 12 10 7 19 11 18 3 16 17 7 8 7 11 20 18 12 20 6 3 14 12 16 19 4 10 1 9 10 6 18 4
11 13 9 15 3 16 6 4 11 20 7 2 9 2 7 11 16 19 12 17 11 19 19 6 8 12 20 8 17 19 18 3 15 4 1 6 13 1 15 10 6 15 5 18 3 15 5 6 11 15 9 12 13 7 13 16 12 4 10 9 5 13 12 5 15 19 14 4 16 7 17 13 17 13 16 3 15 16 11 7 14 3 15 13 15 6 7 10 4 6 15 3 10 3 12 17 9 4 6 12 5 8 16 6 9 19 2 16 9 19 17 12 12 11 9 8 1 2 13 20 15 2 12 12 8 8 17 15 1 14 3 14 9 6 2 7 16 2 2 8 2 15 7 5 11 16 2 9 7 11 9 14 15 18 10 2 4 8 18 17 17 3 5 9 15 20 19 11 19 7 8 16 5 14 8 4 14 16 3 4 11 4 15 12 8 6 20 20 8 5 13 17 9 9 3 10 3 11 20 14 6 7 14 15 18 13 11 19 18 3 18 15 18 3 1 10 20 7 6 9 5 2 15 16 5 4 14 14 20 11 3 16 15 6 12 19 10 16 17 1 3 20 1 3 5 16 17 2 11 9 15 15 5 17 11 8 11 20 16 5 16 19 8 16 9 17 3 13 18 5 10 5 6 5 19 15 8 11 16 3 17 3 8 17 8 15 18 6 15 10 8 11 20 2 12 8 20 16 16 5 18 6 2 7 14 17 20 15 13 7 1 8 4 9 9 15 4 19 18 8 7 1 19 19 12 8 6 6 6 9 14 11 20 12 16 1 15 8 16 19 17 16 13 12 1 17 4 11 20 7 7 9 8 9 9 10 4 12 11 3 7 13 10 8 3 7 15 4 9 13 18 8 3 9 9 4 14 4 16 19 20 20 7 18 11 11 19 10 15 17 6 7 19 7 7 15 16 4 17 1 6 19 11 10 10 10 19 18 3 17 8 15 10 5 9 11 3 13 8 13 13 2 9 16 16 16 18 1 15 7 5 20 18 19 1 19 5 10 11 9 12 8 2 5 13 16 2 15 15 7 5 9 9 13 4 5 18 11 4 18 20 17 17 10 4 2 19 0 11 5 12 10 3 15 13 6 19 15 12 19 20 14 12 7 1 14 13 13 8 19 12 10 3 5 12 10 8 20 15 19
8 20 5 2 14 8 20 4 10 14 18 20 15 12 17 19 6 20 2 17 17 19 4 13 5 13 5 19 5 9 10 17 19 16 16 1 20 2 11 16 12 18 8 10 18 11 11 9 4 9 10 10 11 19 11 17 12 7 11 17 11 1 14 11 18 16 8 3 16 1 1 5 14 6 18 9 9 4 3 7 8 4 5 20 13 2 11 1 11 16 14 12 14 16 12 11 7 15 16 15 10 7 10 9 9 1 11 19 3 13 7 18 6 19 13 13 5 16 10 16 15 18 3 3 15 19 11 3 20 7 16 5 12 3 13 16 14 18 3 19 3 8 10 11 15 8 5 19 7 18 12 15 3 2 9 12 14 11 10 17 19 1 19 8 16 11 4 3 6 5 2 15 16 15 19 17 12 18 12 20 12 3 5 19 9 4 12 3 8 19 10 17 13 1 7 5 19 18 1 4 18 1 3 18 4 11 19 7 2 18 7 12 15 17 13 5 15 17 12 5 18 3 15 19 13 12 1 14 20 11 20 18 10 16 18 3 5 9 9 16 19 18 15 12 1 18 5 10 1 4 1 4 19 2 9 10 16 3 19 16 8 7 20 12 14 13 9 14 5 13 12 15 16 2 18 15 10 13 12 19 8 17 8 14 6 16 7 7 8 1 8 11 4 2 4 14 10 16 18 6 1 14 19 13 15 1 16 19 1 2 19 17 9 1 8 13 19 2 4 6 11 11 3 19 20 9 6 10 13 6 8 19 11 16 1 4 15 5 8 3 5 14 12 9 13 8 12 1 20 8 17 9 8 12 7 19 16 13 2 4 12 5 11 15 20 12 8 6 13 2 11 7 13 7 5 4 18 14 17 16 20 16 15 11 14 12 2 5 3 15 14 10 19 18 12 17 2 12 17 15 16 20 7 10 5 16 8 9 10 5 20 9 1 3 15 4 2 16 19 5 3 2 19 20 11 15 3 1 2 15 18 7 12 13 14 1 19 4 18 5 4 8 12 19 5 1 8 6 2 11 4 12 10 14 9 3 19 9 6 3 20 17 1 8 5 3 7 17 0 19 3 4 2 12 15 13 20 20 19 14 12 18 4 12 17 14 17 8 11 2 4 19 20 9 14 11 9 7 16 17
11 2 20 14 1 14 15 12 18 19 17 16 20 7 19 16 20 3 7 2 16 8 2 15 5 11 20 3 8 20 6 4 17 8 18 7 9 7 14 12 13 5 5 13 6 7 1 7 2 8 16 16 6 2 5 3 10 14 12 4 7 7 3 10 14 11 14 3 5 20 19 3 10 5 11 18 13 12 15 7 20 11 6 1 4 9 3 6 19 6 16 19 3 11 10 9 1 17 12 20 10 1 3 12 9 14 8 20 14 11 9 8 9 12 4 11 15 4 2 20 2 16 1 5 18 14 2 4 5 12 5 19 18 12 15 4 20 3 13 1 11 13 5 1 10 4 1 5 2 5 9 12 5 4 13 2 6 14 17 1 5 12 11 13 8 11 9 20 15 18 4 6 3 3 13 4 1 14 12 18 15 18 12 1 17 16 3 14 10 3 14 3 17 3 16 14 2 3 5 5 17 11 1 20 11 20 15 1 11 13 20 11 15 17 19 16 12 9 14 19 9 16 7 5 20 5 19 17 1 11 5 11 2 17 5 16 9 10 10 10 6 16 12 13 6 17 2 2 7 4 10 15 11 15 17 18 4 11 9 18 9 7 4 3 13 9 7 2 3 9 4 4 17 3 10 3 18 17 10 15 5 15 5 6 11 7 19 8 16 17 9 5 4 11 7 13 18 16 12 10 14 5 3 10 3 1 7 7 16 20 7 9 14 19 15 8 9 19 11 15 17 15 8 8 11 2 3 6 20 6 20 4 12 17 18 4 1 17 7 18 19 3 18 1 20 10 14 5 20 9 18 20 17 5 11 3 17 10 11 3 1 6 16 18 4 6 19 3 11 10 16 11 17 12 13 9 4 11 12 17 6 7 12 19 8 13 1 9 8 19 15 18 19 14 7 9 16 3 8 17 16 7 5 15 3 7 8 11 13 19 9 11 3 15 9 15 19 8 10 12 4 1 11 18 1 6 4 3 9 9 11 19 9 7 8 15 5 4 14 8 10 13 18 7 11 7 1 13 1 16 11 15 18 6 11 16 19 9 16 18 16 2 2 3 6 6 2 14 10 0 20 9 7 19 14 13 12 13 5 12 10 13 6 16 1 8 20 10 15 8 2 17 12 17 7 20 13 8 12 20
19 17 18 11 3 12 10 2 2 13 1 3 2 14 16 9 4 16 17 16 7 7 4 2 11 9 20 6 10 14 6 12 16 3 7 15 15 16 20 19 8 20 20 7 20 17 5 18 17 16 8 2 10 4 9 16 14 12 19 16 15 12 9 15 19 7 20 20 17 19 8 2 10 16 17 1 18 2 3 20 8 15 19 17 1 7 12 13 1 1 1 15 14 14 5 11 1 18 5 9 14 2 6 10 13 9 11 7 12 8 17 9 10 10 6 17 16 17 3 11 2 19 17 10 20 7 15 13 12 18 8 9 20 15 15 6 7 13 11 12 12 4 14 10 1 20 4 6 2 11 14 10 20 20 13 1 13 12 14 2 8 6 20 10 2 19 8 15 11 16 6 18 16 10 14 11 8 10 14 4 13 15 2 4 19 20 8 18 10 17 2 9 6 4 14 1 12 8 17 1 6 13 17 3 8 4 16 12 6 17 12 3 4 10 19 20 9 18 13 2 6 1 13 1 14 3 3 20 9 10 1 15 3 18 2 8 20 4 6 3 17 7 15 12 3 15 14 6 17 9 7 4 15 19 5 18 12 3 12 1 9 5 3 12 11 17 15 18 12 17 10 8 16 13 4 15 13 18 18 7 18 6 6 2 19 16 1 3 7 18 17 17 18 3 2 12 6 8 7 3 17 12 4 6 15 16 11 15 10 19 8 18 15 20 8 14 18 18 12 11 18 1 11 4 6 10 19 18 17 16 15 18 5 16 15 1 2 16 18 7 10 6 1 3 16 14 8 9 13 4 18 8 6 19 6 10 6 9 15 2 9 4 19 1 12 19 8 3 13 6 5 10 15 8 15 4 14 3 12 16 7 4 1 14 18 11 10 17 1 7 13 5 17 14 8 12 12 11 10 15 11 10 17 18 9 2 20 18 11 16 3 20 13 3 10 10 14 7 4 19 1 13 20 16 16 11 7 8 11 17 9 6 8 3 3 19 3 7 10 5 16 15 9 5 11 19 2 2 13 18 3 2 13 17 9 14 11 19 2 9 14 7 16 5 18 12 17 9 3 14 0 3 7 9 12 15 6 4 3 2 1 18 10 11 20 4 10 5 14 9 6 17 13 4 9 19 12 6 9 2
13 2 9 11 14 4 20 19 5 10 12 1 14 13 9 13 14 15 10 6 6 11 8 2 6 2 19 11 6 20 4 7 20 1 2 20 8 1 11 7 13 5 13 19 15 10 14 17 16 6 4 15 16 18 14 5 9 1 7 4 19 8 6 9 10 18 6 10 10 7 14 12 7 2 3 10 2 5 1 11 7 13 13 4 10 19 11 10 16 20 13 8 13 5 5 3 9 6 16 2 1 18 13 16 17 14 12 19 9 13 5 15 7 4 19 11 18 16 13 18 13 18 8 15 5 13 12 19 6 7 14 10 16 8 17 1 13 20 14 2 19 13 9 14 13 15 11 5 17 20 14 13 2 16 14 13 18 3 2 14 16 16 16 7 9 11 13 3 20 10 6 19 6 5 18 9 11 15 7 11 15 6 1 8 3 11 16 8 9 5 17 4 2 11 2 4 17 16 16 6 10 3 3 12 19 2 1 1 8 8 13 19 7 9 18 17 15 4 9 17 12 20 8 19 18 11 7 15 19 11 11 19 4 7 9 6 15 7 2 2 16 6 17 14 11 1 4 20 19 1 9 1 2 10 3 20 8 17 3 20 19 20 12 13 14 20 9 9 14 6 14 12 12 14 16 14 3 17 17 15 15 9 14 11 13 19 17 5 13 19 7 9 14 11 14 4 13 11 6 6 12 20 15 13 16 18 13 13 16 20 3 13 20 20 8 18 18 14 11 7 16 16 4 7 2 9 18 4 19 6 3 1 17 12 19 7 18 17 7 7 6 5 16 20 1 4 10 13 2 3 7 18 6 4 10 17 15 2 7 10 19 20 10 1 19 15 17 10 1 20 14 12 19 9 17 1 11 3 10 10 19 1 1 17 9 1 17 4 15 9 12 12 9 17 20 9 6 1 12 1 8 14 10 20 11 13 19 19 15 1 14 19 20 4 8 12 19 16 10 5 8 16 18 8 8 5 18 20 20 11 19 12 6 2 17 11 7 12 13 15 5 1 3 1 12 12 5 18 13 19 18 16 1 16 5 20 19 11 1 11 13 18 19 11 18 13 11 4 7 16 2 0 13 5 11 7 17 10 8 5 3 13 4 15 6 10 3 11 10 10 20 5 9 11 5 6 2 17 18 11
7 8 6 20 12 5 19 7 13 7 18 7 4 12 9 5 12 12 4 7 6 11 6 16 9 7 16 20 18 20 10 19 17 7 2 7 18 10 1 16 20 17 6 4 8 20 19 20 13 2 18 1 12 2 12 2 3 5 15 7 12 4 20 8 20 9 4 13 4 2 5 13 19 17 15 3 14 13 16 7 9 17 18 3 19 10 19 4 16 8 18 2 18 12 9 15 20 12 15 18 15 9 4 14 17 20 4 4 5 2 8 10 14 1 9 1 6 4 9 1 2 17 15 13 12 19 6 7 19 16 1 20 15 13 16 16 4 1 14 10 10 14 20 10 20 9 8 7 1 7 1 7 1 19 7 17 12 9 11 16 7 16 10 18 18 11 9 20 15 20 10 15 8 14 8 9 19 4 16 1 7 11 12 18 9 1 4 11 16 10 2 18 20 8 5 8 9 3 15 14 3 20 3 14 2 12 1 3 18 18 7 2 17 20 18 9 4 14 20 5 17 9 18 9 6 1 3 13 15 12 8 2 3 6 13 19 14 5 19 12 6 8 3 3 13 18 8 9 15 7 17 15 10 19 17 5 16 8 7 2 8 2 3 18 11 19 18 1 19 4 6 11 17 10 4 11 5 14 9 9 15 17 3 14 19 19 20 6 4 4 14 9 9 11 11 3 4 15 6 3 15 3 3 6 5 5 5 1 9 11 14 5 6 9 3 20 2 17 15 12 20 8 12 12 19 17 1 10 13 12 9 11 5 5 14 11 14 8 8 7 7 13 17 13 12 17 4 13 7 11 14 10 14 13 2 15 14 7 13 4 3 5 19 10 17 8 18 14 5 3 12 14 16 5 3 8 5 4 1 4 1 8 8 7 7 8 14 17 20 4 19 19 16 8 4 12 10 8 17 1 14 5 2 15 14 3 3 8 15 17 1 1 19 14 19 6 12 7 11 6 13 10 14 19 4 11 16 13 14 3 13 10 2 11 10 6 3 18 12 12 4 15 18 17 17 15 12 1 10 10 18 14 5 16 8 9 18 2 9 6 3 3 15 15 19 19 19 20 18 16 6 2 0 2 8 5 2 10 4 17 13 1 17 12 11 3 16 9 3 13 3 19 19 6 16 6 8 5 19 9
17 12 18 7 18 9 12 14 13 13 4 8 3 13 11 10 10 2 3 15 4 15 8 4 2 10 5 7 19 5 20 4 1 9 5 1 5 8 20 8 14 11 11 17 4 7 10 12 13 13 14 4 13 13 8 15 17 7 17 11 9 20 10 14 3 7 5 12 8 15 12 14 3 9 18 2 19 4 9 11 20 13 10 17 9 19 10 13 6 16 8 6 9 2 5 9 3 17 7 16 15 4 20 8 5 15 10 19 11 2 16 2 7 19 4 7 2 12 14 17 1 6 1 10 14 7 11 12 3 12 11 20 4 15 6 8 19 18 5 1 13 7 9 14 11 11 16 20 5 10 12 18 12 8 20 6 3 7 9 4 17 3 3 13 6 6 18 13 6 6 13 9 11 10 3 15 7 2 8 12 9 12 7 17 4 13 16 15 12 18 17 2 1 17 1 15 6 13 3 9 17 1 12 16 1 5 14 17 11 16 19 17 18 6 20 19 10 13 19 1 9 1 11 2 1 13 3 10 2 13 10 8 3 7 7 5 7 6 2 19 16 2 5 7 7 10 17 5 5 2 1 18 10 17 16 10 19 3 13 9 15 17 11 17 14 17 18 4 20 10 3 6 14 12 6 6 14 15 15 8 19 18 3 1 2 15 11 3 1 15 18 5 14 4 16 4 8 5 18 9 12 15 8 10 18 1 10 11 7 5 13 1 4 3 8 15 12 16 2 13 4 20 17 2 17 15 11 15 2 7 15 2 6 20 16 9 18 5 18 15 6 8 6 16 12 9 11 7 16 10 18 3 19 15 19 16 7 18 6 1 17 5 14 3 11 14 12 6 9 4 6 5 18 15 3 14 20 7 2 14 19 9 15 5 19 20 15 2 13 12 14 5 10 1 13 2 13 13 12 7 10 5 17 4 7 5 15 15 8 10 10 7 7 13 1 8 11 2 5 4 16 11 20 10 13 20 5 17 7 17 10 17 10 3 8 18 5 2 13 6 17 10 8 14 8 11 2 16 15 9 9 11 12 4 19 8 6 5 5 10 12 4 3 13 2 4 18 4 1 8 12 15 12 0 11 16 2 1 9 5 18 2 12 9 16 3 6 5 10 8 19 4 7 6 3 14 2 6 19 11
9 9 17 19 1 16 2 3 5 17 17 10 18 4 11 1 5 14 10 4 17 9 10 18 2 16 3 15 10 2 7 1 17 20 9 19 4 11 17 14 20 1 17 17 13 3 16 11 13 11 7 16 6 6 16 10 17 6 14 9 19 19 20 7 20 15 9 8 3 2 13 11 4 5 2 14 19 16 8 15 7 2 2 1 7 17 2 11 8 8 3 20 13 17 16 9 6 16 5 17 20 12 20 6 15 19 1 15 5 14 15 20 5 19 14 15 5 4 10 3 3 9 3 11 9 16 20 17 8 11 14 17 18 1 8 16 3 3 1 16 4 6 9 17 2 5 14 10 20 4 4 18 12 3 2 3 1 20 11 16 18 20 11 8 13 5 2 10 11 1 10 8 4 11 9 7 18 17 7 12 15 4 11 10 17 9 4 18 8 2 8 15 17 1 19 7 1 4 18 18 13 5 9 16 6 12 15 2 15 1 6 20 9 5 12 3 12 7 12 8 14 2 10 9 9 9 10 8 13 19 9 5 3 3 7 11 13 16 19 13 16 8 12 7 20 4 16 11 17 14 5 12 18 20 5 20 8 20 11 4 1 4 20 19 19 16 15 14 9 4 19 16 6 2 11 17 15 5 9 8 5 17 2 10 3 17 18 19 20 15 6 7 15 10 7 14 8 18 9 1 10 2 11 20 18 19 15 4 17 18 12 12 18 9 20 13 7 2 17 15 6 7 4 16 4 11 19 14 10 7 1 16 8 18 10 3 17 14 9 2 4 1 18 9 5 19 18 8 4 7 6 13 17 14 5 11 18 4 16 19 18 13 16 19 17 8 7 12 19 12 12 3 7 7 17 18 17 5 11 6 9 10 12 2 20 19 2 16 13 15 1 20 3 12 9 12 19 20 10 6 18 5 5 10 7 8 19 7 9 5 14 3 5 10 12 15 15 5 16 10 12 13 1 7 3 7 17 7 3 14 6 17 10 4 10 20 19 11 17 8 5 15 19 1 18 9 4 19 3 10 15 15 3 1 15 9 5 17 11 20 5 19 3 9 14 2 11 10 16 3 17 14 15 16 0 17 17 8 18 18 16 4 15 1 19 2 11 7 13 8 13 20 9 2 3 12 4 14 2 20
13 19 16 17 5 3 6 15 19 1 15 13 18 5 15 20 1 6 14 7 20 13 17 2 20 6 1 8 2 19 18 12 8 16 1 9 16 17 2 15 3 1 17 19 10 14 13 13 14 13 5 4 20 13 3 10 10 10 5 18 18 5 4 17 10 5 4 4 8 7 9 17 8 2 5 4 11 13 12 8 2 4 14 20 3 9 1 8 12 4 13 11 5 13 11 5 2 3 6 1 11 8 7 15 9 14 19 20 8 16 2 3 8 18 1 12 18 11 5 3 13 7 2 4 5 18 18 10 15 12 15 18 7 9 20 13 15 9 9 20 10 5 4 4 11 4 6 2 6 4 13 6 13 4 11 15 20 5 15 13 18 6 3 5 15 7 18 14 9 14 15 15 11 16 15 17 10 10 8 12 3 18 7 17 1 20 11 15 12 6 3 8 20 18 18 9 4 11 19 14 2 7 4 1 20 3 17 20 4 3 11 2 18 12 1 19 15 7 2 7 13 7 14 11 2 11 4 15 15 1 20 12 15 11 13 2 4 14 6 15 5 15 17 8 6 18 17 7 15 8 4 14 17 4 19 1 2 3 3 17 19 3 1 4 14 15 7 9 15 12 10 15 20 2 13 16 2 15 4 11 10 7 9 3 13 15 5 7 19 18 13 5 4 17 12 4 3 19 14 6 11 2 7 14 1 6 11 3 14 18 16 17 18 11 4 12 18 10 5 20 6 4 14 2 12 16 3 18 19 17 9 20 4 5 19 8 18 13 10 18 10 8 13 18 2 12 19 4 6 12 13 18 20 18 7 8 13 7 15 12 5 17 5 18 11 1 13 15 5 19 15 16 18 5 12 14 11 12 14 3 19 16 10 16 19 14 20 8 9 20 14 9 2 8 14 11 10 7 19 5 3 1 1 16 4 13 20 11 18 6 20 7 1 10 7 16 2 19 2 4 9 6 10 4 8 2 12 17 18 14 6 9 3 1 3 7 2 6 19 14 20 13 10 2 12 17 10 19 4 9 9 9 6 6 16 18 17 17 20 7 16 16 6 9 6 16 14 8 3 10 14 9 1 13 11 0 9 17 3 3 8 11 10 3 13 12 6 16 13 15 4 6 5 11 10 7 16 7 10 3
5 19 14 11 5 3 4 3 20 6 10 20 2 10 17 19 18 13 7 10 1 1 3 7 18 11 3 20 15 20 10 8 15 17 5 9 20 4 14 15 13 3 11 9 12 15 6 11 5 14 9 1 4 2 19 10 7 5 4 8 10 2 7 2 7 12 7 16 5 5 2 20 9 8 20 19 3 8 10 4 16 5 6 8 12 6 17 5 19 17 7 5 16 2 14 16 7 13 16 16 12 19 20 19 20 6 3 19 3 11 17 18 15 11 6 10 19 19 9 6 14 13 16 19 14 19 12 18 12 17 1 1 14 10 2 2 5 19 10 20 5 5 6 20 19 5 5 2 11 15 4 15 7 20 3 7 9 10 17 10 5 13 4 1 7 10 20 4 11 14 15 14 8 14 15 6 12 9 5 18 6 17 2 8 8 8 8 19 8 8 13 4 8 9 4 5 10 1 10 12 18 9 2 18 8 11 10 9 10 17 4 16 2 13 19 6 13 8 4 6 12 6 20 11 6 5 4 15 9 6 14 1 12 14 6 7 4 13 20 8 11 17 5 7 17 19 4 3 5 10 6 12 2 12 5 15 5 20 19 17 9 6 7 4 14 12 12 13 7 8 7 9 20 5 9 13 8 2 20 4 17 3 20 9 4 18 9 17 4 3 17 8 10 5 11 14 1 17 19 17 2 7 5 14 1 18 8 2 14 8 3 7 20 2 14 15 10 19 18 5 18 6 8 6 1 6 3 10 18 9 16 19 14 11 18 14 1 11 11 7 13 8 19 12 20 17 18 18 1 8 6 11 17 4 18 16 18 4 12 16 1 9 16 8 20 2 2 7 9 20 14 6 14 12 9 15 8 17 6 4 9 16 14 2 16 16 18 1 13 7 8 17 20 11 20 8 3 7 13 2 12 13 18 17 15 2 5 20 18 1 18 18 14 4 9 6 8 6 3 16 16 15 1 20 3 1 19 13 19 19 11 7 3 16 16 17 10 11 1 11 20 12 16 2 16 19 15 8 12 18 12 2 14 1 17 13 14 8 2 15 2 2 7 17 16 10 17 14 8 2 14 15 14 19 16 2 0 9 12 15 17 20 16 13 4 10 19 4 9 15 1 9 20 19 13 6 20 2 2 20
2 12 1 20 8 7 13 16 14 19 19 18 3 16 18 12 20 16 6 9 9 8 2 4 1 8 15 18 12 14 20 14 15 9 3 8 20 18 14 6 18 7 2 4 7 8 18 3 9 4 15 2 19 18 7 8 3 19 20 20 8 3 7 6 4 17 5 9 1 14 2 17 9 2 18 19 19 6 15 15 5 18 1 16 20 17 11 2 11 3 11 3 15 3 18 20 4 11 8 7 4 10 4 1 18 9 20 16 3 1 18 3 16 14 14 8 14 6 7 3 2 6 1 6 8 3 18 10 10 2 7 20 12 3 9 17 6 6 18 3 5 3 6 15 1 19 17 2 12 1 9 6 11 2 5 8 19 13 12 13 14 5 11 17 4 18 10 6 17 13 2 18 16 16 15 3 2 19 20 17 16 16 10 17 7 16 15 13 7 14 2 19 16 14 8 18 4 4 13 13 17 16 9 20 8 10 8 20 11 14 12 16 20 8 3 19 6 8 5 9 7 1 9 1 18 18 8 15 10 8 17 7 20 10 2 6 6 20 12 1 1 8 10 8 19 11 1 18 17 5 9 3 10 6 17 11 3 19 17 6 20 7 6 18 18 5 7 5 16 11 15 4 3 10 20 15 12 4 2 1 1 4 17 15 15 19 15 11 18 20 17 7 3 17 4 10 11 14 14 6 7 14 5 15 16 16 14 7 10 1 7 16 18 8 6 8 7 14 13 10 2 4 15 10 17 12 15 20 13 2 7 14 13 5 17 3 2 3 8 19 4 3 15 6 1 10 8 8 10 12 20 17 4 11 20 3 10 13 11 18 8 12 20 14 14 18 7 4 13 4 5 16 8 3 18 6 16 16 19 7 1 2 20 1 11 19 13 9 17 17 2 9 19 6 6 1 18 5 6 14 14 9 2 5 6 8 20 16 15 7 8 5 9 18 14 4 19 8 5 19 3 19 13 7 9 2 12 16 17 8 9 13 16 15 4 1 3 19 19 11 3 5 6 17 17 17 7 3 18 13 16 6 15 11 19 14 1 7 20 14 20 16 6 11 16 19 8 20 6 5 9 4 13 12 3 19 14 0 12 9 18 3 18 12 4 4 13 14 6 15 8 20 10 4 14 11 20 4 2 10
16 15 18 2 9 5 4 5 3 4 15 14 19 5 14 6 5 16 5 11 16 5 2 16 15 4 16 10 4 12 9 1 18 1 14 19 16 20 9 11 9 1 1 20 9 3 13 20 20 13 3 11 19 13 7 5 14 3 10 18 4 5 19 6 14 13 15 15 18 10 15 17 12 12 11 8 14 15 16 20 6 6 16 18 20 2 5 11 11 19 18 4 15 10 20 13 18 4 12 1 11 10 18 13 14 8 9 19 17 10 20 9 13 20 20 13 16 6 10 9 8 14 1 7 18 11 20 2 14 3 20 7 4 2 17 11 5 1 9 16 4 9 10 7 14 9 2 2 11 4 2 19 7 7 18 9 20 8 14 18 16 10 7 14 5 19 11 8 2 13 15 7 17 7 14 7 4 4 7 13 16 13 15 12 10 13 2 3 8 1 9 4 2 1 1 2 1 20 17 16 2 9 4 16 2 13 14 7 10 14 12 11 13 16 16 16 1 6 1 20 12 19 1 20 4 12 1 1 19 19 19 14 6 3 16 14 19 14 10 1 17 15 19 7 17 19 14 16 13 9 10 20 7 18 5 20 13 14 12 17 9 7 9 5 14 11 11 6 6 8 14 15 20 12 1 18 5 15 2 8 4 16 14 19 2 18 15 1 16 19 13 12 13 1 7 13 5 2 6 6 15 9 2 18 14 7 20 15 20 6 12 16 1 10 19 18 15 16 16 7 9 13 3 18 2 12 6 6 19 8 20 19 2 18 16 14 19 2 7 4 10 6 17 11 9 12 7 3 19 13 4 7 10 14 2 3 17 15 10 9 7 9 11 7 7 1 13 8 3 8 12 9 7 17 17 4 9 10 10 1 4 1 1 7 3 18 5 9 3 13 13 18 15 3 17 14 20 10 1 3 6 3 14 6 3 2 9 8 10 16 20 15 20 9 6 7 17 16 9 10 16 18 19 5 16 18 14 13 12 15 4 2 2 11 20 5 5 19 1 20 20 13 16 18 13 16 10 13 10 5 5 1 12 6 20 12 17 9 11 2 15 15 13 18 13 12 19 2 6 2 18 10 12 16 14 5 5 19 0 4 14 12 5 2 16 14 9 11 18 15 4 17 15 12 18 15 11 17 20 7
12 18 16 20 9 15 17 3 11 17 20 18 10 8 10 10 13 2 19 19 6 7 6 13 14 17 16 3 6 16 17 9 7 16 16 7 15 19 15 8 3 19 12 8 20 10 5 12 5 12 1 17 4 17 9 3 16 8 14 17 17 7 5 2 5 5 4 19 12 13 19 17 9 2 16 3 10 14 17 11 10 17 7 5 14 1 3 13 6 9 15 1 5 2 5 1 12 14 1 18 14 18 17 19 2 12 12 20 11 9 15 11 1 7 15 1 7 4 3 2 5 3 5 3 15 9 17 8 12 7 7 11 16 1 15 14 19 12 15 13 19 9 18 16 1 13 13 14 12 4 7 14 4 3 9 17 11 12 13 4 18 6 8 18 18 17 10 18 4 7 3 6 13 6 5 12 16 20 7 9 6 19 8 1 16 15 8 13 8 6 10 2 15 7 7 2 4 17 20 9 14 7 9 8 5 10 6 4 16 11 7 18 20 19 2 4 19 11 12 4 4 2 11 7 19 9 1 16 2 14 19 14 3 14 19 6 11 4 18 1 14 2 5 4 1 15 17 12 12 15 19 9 5 2 12 18 13 2 19 16 3 3 12 10 20 1 8 19 3 7 11 17 19 9 8 12 19 4 1 18 7 10 3 11 10 8 13 16 2 11 16 18 20 19 11 7 11 1 11 2 3 12 7 1 1 8 19 12 12 5 11 5 6 9 13 10 2 10 1 10 5 5 4 12 16 1 4 7 9 10 13 1 6 10 18 5 8 15 7 19 3 16 19 13 10 20 20 2 10 1 5 8 13 18 7 17 12 12 13 15 1 14 16 20 7 11 19 8 3 13 9 7 8 1 16 19 2 9 9 11 20 15 11 3 9 12 13 12 20 14 13 2 6 7 15 18 19 11 11 5 13 14 5 4 15 5 5 3 9 19 18 12 20 15 10 13 19 7 10 18 6 16 13 15 11 5 20 18 17 3 17 11 14 2 18 16 12 13 17 9 10 2 13 1 7 1 9 10 3 9 9 18 3 18 17 2 16 2 1 17 9 7 7 5 15 7 13 14 17 19 9 5 9 2 4 2 20 19 9 0 7 20 1 12 8 3 8 7 19 3 8 2 6 17 6 16 8 13 15 8
4 4 15 12 19 7 18 5 11 11 2 11 4 18 16 10 17 11 2 2 14 5 16 18 2 2 17 6 4 1 5 7 5 4 8 17 16 1 2 13 3 6 15 9 8 7 16 20 4 11 20 5 11 16 18 4 4 11 5 17 4 13 17 2 20 7 17 9 4 8 8 17 4 12 5 3 19 1 10 16 7 15 15 20 14 2 2 6 8 3 6 12 16 16 15 7 11 7 5 4 15 9 17 19 5 19 6 9 9 18 14 20 7 3 6 13 12 18 14 18 19 15 8 7 14 20 15 3 9 5 1 9 12 7 8 4 19 13 3 7 9 9 18 6 7 17 3 15 8 3 10 18 20 7 2 14 11 2 5 15 12 4 16 16 20 4 9 17 13 14 5 13 7 20 14 10 17 6 2 12 19 5 6 5 12 4 19 7 17 20 10 11 11 18 5 10 1 14 2 3 5 8 3 2 5 16 1 11 16 10 9 9 10 19 19 5 15 18 10 11 13 15 6 14 18 18 14 1 3 15 6 7 14 6 10 5 17 15 13 1 7 6 16 17 7 17 19 14 14 18 2 20 13 15 20 15 8 9 12 15 15 15 12 16 19 4 20 9 10 20 10 6 5 16 10 13 2 19 9 17 20 5 3 11 10 12 6 17 3 7 10 12 9 18 8 1 13 6 16 17 19 4 12 2 3 1 17 15 7 17 7 5 13 8 5 9 15 8 4 4 9 11 17 16 5 8 19 20 20 5 20 5 9 13 14 5 7 8 15 17 10 18 6 19 2 12 3 6 4 20 10 2 7 14 20 1 18 5 7 4 10 12 13 14 19 18 13 11 19 20 19 1 8 17 12 8 13 13 18 18 15 18 19 4 17 5 17 4 11 14 17 8 14 13 19 19 8 10 9 19 20 8 10 13 1 20 14 4 3 15 12 4 15 12 15 2 16 20 19 13 6 4 9 9 14 17 5 10 11 5 11 19 6 2 19 1 2 19 9 11 17 18 9 6 10 13 9 15 3 18 15 16 19 19 9 9 16 11 18 5 18 2 4 10 5 2 8 5 9 6 14 16 5 16 4 3 3 7 1 19 0 15 5 15 20 16 16 7 7 20 7 12 5 16 8 13 19 9 7 13
13 5 14 17 9 14 3 13 1 7 20 20 7 18 13 14 14 5 6 9 20 20 15 3 2 9 11 13 12 2 9 9 6 14 6 10 20 17 11 16 16 3 19 5 8 5 3 12 16 18 1 1 4 15 8 12 2 5 12 13 12 17 7 11 15 18 19 20 5 9 8 14 20 15 9 3 19 3 11 8 7 1 6 17 13 12 12 7 3 17 10 10 20 2 20 2 1 1 5 18 12 15 20 17 4 12 17 17 17 9 17 3 19 15 2 3 10 16 1 11 13 8 15 13 13 14 3 20 19 7 14 8 14 17 2 13 10 20 8 16 15 15 6 11 15 11 12 12 18 17 7 9 20 17 11 20 12 12 9 7 14 2 11 8 4 5 16 8 9 18 16 18 5 14 14 10 2 14 12 8 1 18 3 20 16 18 15 19 5 10 8 5 17 14 16 20 9 12 17 10 12 9 13 5 7 13 3 3 6 13 7 4 17 15 19 7 14 11 19 5 4 1 8 5 15 19 14 12 17 15 12 16 19 2 12 10 9 1 2 17 7 1 4 19 10 12 8 13 13 13 11 4 7 6 13 3 16 12 18 9 19 14 17 7 6 7 3 16 16 5 18 17 3 15 9 18 2 4 9 1 10 17 11 1 18 14 1 5 6 7 10 14 6 14 1 9 12 12 13 19 19 11 13 3 14 13 2 18 6 4 11 15 10 13 8 6 8 14 2 13 13 14 2 17 11 7 14 1 7 15 1 7 19 1 16 6 13 5 20 11 16 8 12 4 8 8 18 3 1 1 12 9 10 19 4 16 14 20 15 2 11 5 13 12 20 15 1 5 7 12 3 5 15 1 5 16 12 6 6 1 4 9 16 16 5 1 2 8 10 20 2 11 6 2 16 20 6 16 18 14 17 9 10 4 19 14 20 20 5 16 7 19 15 4 15 8 10 6 1 3 11 14 11 2 16 20 17 3 17 19 11 8 10 11 18 6 2 13 4 20 14 2 8 18 13 12 20 6 8 9 11 4 2 5 20 2 12 18 10 17 18 17 14 10 10 7 2 6 20 6 19 10 1 4 20 10 3 5 1 6 20 0 13 15 20 11 16 9 6 10 7 20 9 12 20 10 1 4 12 8
8 2 1 13 19 12 10 5 1 14 10 9 5 20 14 3 15 20 9 15 11 19 15 7 19 3 18 3 2 12 9 15 2 16 3 11 7 17 18 4 18 8 19 4 15 8 9 10 17 18 11 3 5 20 15 11 13 17 16 12 11 17 16 17 4 18 18 9 11 11 14 10 2 16 15 16 20 15 15 15 7 15 15 4 8 3 5 19 2 2 6 6 7 4 4 9 1 20 3 5 17 10 10 20 19 16 6 18 15 8 12 18 6 4 11 12 9 4 4 3 2 15 2 8 19 17 15 10 9 13 19 4 8 4 8 9 19 8 4 13 2 16 12 8 8 3 2 1 15 9 2 12 5 8 13 15 6 11 16 5 2 12 15 13 1 18 17 8 17 8 1 14 3 17 5 11 2 3 16 10 8 4 11 6 18 3 13 18 1 12 13 11 13 12 15 6 8 8 1 14 3 7 12 15 13 8 12 3 6 16 11 7 19 2 19 3 3 18 11 8 19 3 5 8 10 15 5 14 10 7 3 11 8 15 6 3 15 20 2 1 8 6 16 2 10 4 17 15 14 5 4 6 12 16 14 12 3 3 10 20 17 14 9 1 6 17 11 16 8 17 5 20 2 9 17 19 1 11 2 19 9 10 15 15 4 1 10 4 15 14 8 7 17 9 1 10 12 15 10 12 15 16 18 15 1 9 15 1 12 3 16 13 8 20 16 15 14 2 7 16 11 12 17 19 4 13 5 15 14 4 2 10 4 12 2 11 6 9 20 15 18 13 12 20 4 16 18 18 11 7 4 8 14 16 19 14 12 8 8 13 15 15 5 8 17 7 1 13 6 10 4 7 18 2 11 20 20 13 9 20 16 8 8 5 4 15 7 13 16 13 14 4 9 5 19 1 20 10 12 4 8 16 13 16 1 8 5 5 6 8 2 19 8 13 10 10 6 8 16 17 1 14 10 9 5 19 8 10 17 16 20 20 7 3 20 3 19 15 19 5 18 4 8 18 4 10 20 12 16 9 9 7 17 8 13 20 2 11 5 13 7 17 17 17 7 8 4 4 5 1 9 19 2 9 8 19 3 11 7 15 8 15 0 5 9 11 16 15 17 8 19 11 4 14 7 9 8 10 2 19
8 10 3 17 7 19 13 14 5 10 6 3 15 13 15 13 8 19 12 20 3 15 9 4 19 5 19 1 7 16 15 8 4 1 6 5 9 15 5 13 10 14 12 3 8 9 5 20 10 8 6 5 4 3 10 13 18 12 12 8 7 11 10 3 19 1 14 8 1 3 6 4 2 4 14 19 10 17 18 10 20 10 9 18 3 8 3 4 18 11 10 3 2 4 17 13 17 1 10 5 7 5 3 8 13 6 3 4 14 14 2 17 19 17 4 7 16 1 20 15 18 11 11 7 4 15 15 8 1 4 16 8 7 20 20 12 19 3 14 11 6 18 13 3 15 14 11 6 16 3 16 9 9 6 13 19 19 3 2 16 10 19 15 14 2 10 8 17 10 11 18 10 4 8 16 20 19 19 1 11 12 6 15 3 8 7 8 6 12 19 6 9 3 2 2 17 14 17 9 17 16 11 5 19 4 3 7 10 10 10 3 13 11 2 1 20 7 14 11 8 13 7 2 3 11 5 20 11 12 2 1 2 9 18 6 5 19 6 10 2 15 16 8 3 2 15 20 16 20 6 4 10 10 1 6 17 3 3 7 3 12 2 11 20 11 10 18 20 5 2 5 14 9 4 13 9 5 15 6 19 18 12 2 12 10 3 6 4 2 12 12 18 10 19 16 18 12 17 4 1 5 6 15 1 20 11 20 14 12 18 9 2 18 19 13 4 4 8 6 5 7 5 3 6 1 19 15 7 1 11 20 10 14 15 8 1 16 13 1 15 5 16 18 1 1 7 8 14 9 5 7 2 6 5 5 19 1 17 4 7 7 13 12 17 18 14 3 3 3 19 17 8 10 6 3 9 15 11 2 9 20 1 17 7 7 16 10 2 10 20 2 15 18 15 8 20 20 9 15 5 10 1 7 15 7 7 18 10 14 2 17 15 6 1 17 11 8 9 7 15 18 11 20 8 6 5 9 13 14 1 4 17 9 1 11 16 8 5 12 2 5 5 14 20 2 14 3 13 5 11 4 13 20 9 18 11 20 10 17 16 9 14 17 11 9 1 14 19 19 8 20 10 19 8 8 18 5 18 16 20 8 7 11 0 20 2 20 4 6 2 15 3 5 8 2 9 3 17 9 6
9 1 11 10 14 13 17 2 20 5 9 16 9 3 2 1 7 8 14 12 16 8 16 9 10 13 20 20 4 1 3 17 4 13 10 13 9 6 4 14 9 11 5 1 8 9 17 2 5 16 15 16 1 17 2 9 6 18 11 5 1 6 1 9 9 2 15 20 7 20 9 17 9 9 10 7 12 5 12 12 18 8 20 15 2 9 2 11 7 8 14 1 18 16 7 8 9 11 4 17 8 16 13 2 18 8 13 1 1 10 20 7 10 10 20 3 7 9 17 20 19 9 17 3 11 5 14 14 1 18 13 2 20 8 7 10 6 3 18 20 6 14 6 11 18 8 9 15 18 1 16 16 17 7 7 20 1 15 18 14 15 9 11 2 6 15 7 15 15 6 1 14 19 13 17 9 8 5 7 19 19 4 3 4 8 14 15 7 18 11 14 20 1 9 7 7 12 16 7 5 19 1 3 4 5 5 7 10 14 20 17 16 15 17 20 17 18 6 8 11 3 10 18 16 10 14 5 5 3 8 20 15 20 11 9 3 14 17 20 3 15 9 13 5 19 8 20 10 1 13 7 2 16 15 6 19 11 4 13 3 7 6 16 13 18 6 2 18 3 14 12 4 9 8 10 3 14 8 19 12 17 3 7 14 18 12 16 3 14 10 5 13 14 2 12 5 17 13 10 8 3 14 17 15 7 16 9 18 1 12 6 20 14 8 4 4 2 18 3 16 7 3 10 20 15 13 16 15 19 3 9 14 18 20 14 6 15 2 16 15 17 3 6 7 3 10 1 18 3 6 20 17 15 4 14 1 12 13 8 14 12 5 15 13 10 5 17 5 12 5 1 11 13 2 18 4 15 7 15 20 7 9 9 11 10 14 14 12 20 10 1 14 17 1 11 8 20 18 14 5 19 6 13 19 13 6 8 7 17 14 20 2 11 17 3 10 15 20 18 16 2 6 5 7 12 4 10 4 6 12 9 13 10 9 19 2 16 11 3 13 13 11 17 17 3 7 19 1 17 10 4 11 14 18 12 13 10 20 17 2 2 2 10 13 19 2 7 8 10 9 4 13 11 10 2 2 17 5 12 19 19 16 2 11 0 3 4 10 19 8 14 11 10 13 8 12 19 10 19 12
12 7 14 16 17 18 15 6 5 15 15 16 11 4 17 5 14 17 1 13 20 15 12 11 4 20 7 17 17 6 5 18 19 1 6 11 7 15 4 8 15 16 3 2 3 3 19 12 20 15 19 13 13 12 8 8 4 11 12 13 5 15 9 3 10 9 6 20 10 18 10 5 14 5 3 16 5 20 11 2 16 17 8 7 17 9 8 7 11 19 14 10 3 3 20 1 12 17 15 9 1 1 14 6 18 1 10 17 13 2 20 8 11 1 6 2 2 4 9 7 17 14 10 19 2 3 17 1 8 12 7 15 19 16 20 18 4 10 1 7 19 10 7 10 13 13 17 12 1 11 17 14 9 20 1 8 1 1 3 5 1 12 1 9 6 8 11 15 13 12 14 19 15 11 14 1 19 17 19 1 11 3 10 7 11 19 9 13 10 15 12 16 12 12 7 5 4 19 3 10 18 13 13 4 2 15 9 3 13 8 18 13 11 16 15 11 12 12 18 3 16 14 9 17 9 18 5 4 16 6 20 11 14 7 10 19 17 13 13 12 8 1 14 18 3 4 15 5 2 20 13 20 7 9 1 8 10 16 16 17 3 19 18 6 13 17 18 15 20 16 14 19 19 18 8 14 14 11 1 6 19 18 19 20 6 2 19 14 16 14 1 11 19 17 13 10 3 4 8 1 3 10 15 3 13 5 11 5 7 18 5 6 17 4 19 20 9 18 16 13 11 14 10 3 18 8 7 6 20 5 11 12 3 2 11 9 18 14 14 15 15 3 20 18 13 15 15 19 4 11 5 17 13 17 6 20 4 5 12 7 8 2 20 10 5 2 14 2 8 20 18 14 16 17 14 6 6 1 8 18 3 8 1 7 9 17 17 8 9 17 10 13 4 16 9 3 3 4 3 10 18 14 4 16 5 1 3 16 4 3 20 18 7 3 5 15 10 13 15 16 3 13 1 16 11 19 15 5 16 12 16 17 16 6 2 2 10 18 17 18 18 12 1 19 1 16 20 6 11 5 6 12 18 18 20 13 14 13 1 9 17 5 19 1 9 12 12 20 8 17 13 9 17 5 19 7 19 7 4 19 8 19 1 3 10 0 3 18 19 20 8 8 19 17 14 6 15 13 5 6
13 6 14 2 6 3 13 7 12 2 18 13 15 10 18 4 18 11 2 20 1 11 8 17 10 11 2 15 18 12 13 17 11 14 20 6 10 8 16 12 19 3 15 7 1 6 1 18 13 3 17 19 16 15 13 7 4 9 11 3 13 12 6 17 17 6 8 7 7 7 1 1 17 2 12 20 11 19 15 14 13 3 15 9 5 6 11 15 10 13 6 12 6 19 6 5 11 20 10 9 13 3 3 9 9 5 10 4 4 3 4 4 3 19 6 8 9 15 20 8 14 10 7 15 2 17 15 11 6 10 3 8 13 5 6 10 5 15 16 20 16 17 2 4 19 7 7 15 5 14 11 8 2 13 15 12 6 14 14 16 3 19 2 1 11 8 4 8 9 9 17 5 16 15 11 10 1 16 9 2 2 7 5 19 3 1 18 16 2 3 9 14 7 11 1 18 16 13 5 11 8 12 7 6 20 1 12 15 14 13 17 1 3 1 16 16 12 1 10 13 5 10 14 6 20 18 5 13 20 4 12 10 15 4 17 11 13 4 11 4 20 13 2 14 7 11 3 1 1 4 5 13 8 14 9 2 11 18 2 16 9 13 20 7 13 8 11 15 1 12 14 11 10 15 11 19 9 17 2 16 15 19 19 3 1 20 15 20 4 15 19 17 20 3 18 12 17 4 6 15 6 14 12 17 10 10 14 5 16 9 5 16 11 10 2 20 5 16 16 4 9 8 7 12 7 13 19 2 3 15 13 7 20 11 17 10 20 13 5 9 10 19 15 11 10 5 20 3 16 8 19 5 10 13 3 14 19 17 15 14 4 5 6 18 8 3 2 18 5 12 5 3 12 20 12 12 5 2 12 2 19 12 19 17 9 2 16 12 20 9 18 6 8 6 1 16 10 16 19 9 17 15 13 11 4 14 3 13 9 4 5 17 14 5 8 17 7 10 16 9 16 6 10 6 4 19 15 8 20 8 11 2 20 17 5 19 11 13 14 13 4 20 4 18 7 7 4 18 2 6 19 7 11 10 1 6 20 5 17 3 16 9 12 9 6 2 1 13 6 2 12 6 20 13 11 15 15 4 18 18 1 4 20 15 17 18 0 4 5 9 17 11 5 3 16 15 12 3 14 7
8 18 13 10 10 17 9 12 4 13 7 12 4 8 12 20 3 15 7 13 13 13 3 1 11 5 4 3 8 11 4 1 5 2 9 14 13 17 5 10 7 4 3 15 6 18 10 3 15 19 18 10 7 18 16 16 16 15 19 1 13 10 13 11 12 8 1 1 12 7 1 17 5 12 12 20 6 20 3 8 1 5 10 7 4 9 17 15 7 12 20 19 2 19 6 18 18 16 16 18 19 17 5 16 18 19 3 15 9 16 10 1 6 20 1 10 2 11 9 9 7 14 2 2 9 19 10 7 13 15 16 7 12 4 18 10 8 8 12 6 12 18 18 12 13 1 1 3 20 4 1 3 16 20 13 6 10 4 10 3 7 12 12 2 9 13 3 15 15 11 13 7 4 14 10 5 18 14 12 7 6 13 1 7 9 9 13 2 6 5 18 2 16 18 2 16 19 12 8 9 12 3 10 10 20 4 18 11 15 6 10 15 12 2 13 20 9 15 5 16 9 7 1 3 6 11 11 19 20 1 4 7 16 9 3 5 19 17 3 15 3 20 11 20 1 17 15 10 17 20 3 8 11 6 12 1 11 10 3 10 4 8 15 18 18 18 18 7 11 11 7 17 10 18 9 15 3 11 10 4 16 13 5 8 14 12 11 5 16 10 9 7 11 6 8 9 19 14 14 2 5 17 11 16 16 6 20 8 19 18 9 1 3 3 7 7 10 5 1 12 14 6 14 18 19 16 2 3 17 8 3 10 10 4 16 1 6 4 17 7 16 19 4 11 11 12 5 3 18 3 14 3 14 7 2 17 6 9 6 20 17 17 2 9 19 9 2 3 5 14 9 15 14 6 11 5 8 8 20 7 1 13 12 13 13 10 18 8 10 6 5 3 10 11 14 3 9 2 14 18 8 16 9 10 5 11 16 3 14 4 4 1 7 4 1 12 20 18 13 9 7 13 11 19 12 5 2 2 4 18 19 17 1 4 1 14 11 12 15 20 17 7 4 5 7 1 3 2 6 11 20 18 3 6 11 1 15 13 19 9 2 17 8 16 17 2 4 6 8 13 16 2 12 4 15 1 14 11 10 20 19 19 13 8 11 4 19 0 4 2 4 19 10 16 20 6 4 3 14 1
14 4 10 18 12 3 11 11 19 18 11 17 16 18 10 7 17 17 16 7 11 18 4 15 16 13 14 20 9 4 19 13 12 17 16 6 7 11 18 4 5 15 15 20 5 14 1 11 3 9 2 11 12 18 14 16 17 18 6 20 1 16 13 3 16 14 19 9 12 19 5 16 10 15 15 9 4 16 20 8 5 9 14 18 18 4 9 12 1 10 20 6 17 2 5 11 8 11 19 12 16 7 6 7 10 1 16 12 20 10 20 17 19 5 7 19 7 18 3 18 18 7 7 1 17 17 1 7 17 16 13 4 2 10 15 17 13 3 7 7 1 19 13 11 1 11 9 19 12 1 15 12 13 4 1 20 13 18 3 7 1 6 1 16 14 3 8 16 8 1 5 17 2 15 20 1 2 2 4 17 14 2 3 20 8 7 18 7 11 1 12 19 8 16 9 1 15 1 1 17 9 13 11 11 12 8 15 18 8 16 19 2 9 18 11 19 1 13 4 15 5 4 19 13 15 17 2 11 4 1 9 9 18 11 2 3 2 19 17 13 7 16 2 10 3 6 10 4 5 11 19 18 19 20 3 16 13 4 19 5 9 14 10 18 2 9 2 17 20 18 20 13 15 18 3 1 2 20 15 14 7 19 20 12 8 9 3 18 14 17 8 4 13 9 15 20 11 1 3 6 20 13 11 13 1 4 1 6 15 15 7 17 7 12 4 1 10 3 10 13 5 11 3 1 19 11 12 9 1 3 13 19 2 17 19 5 5 4 16 2 4 12 11 13 14 20 17 20 8 12 2 14 3 1 4 3 12 6 2 15 19 6 19 13 13 18 13 12 6 13 15 5 12 13 17 16 8 6 11 19 3 4 17 12 11 7 3 13 16 1 7 10 14 9 5 8 7 8 2 6 2 4 11 20 18 6 1 10 17 2 8 12 19 2 12 11 20 13 19 6 19 9 18 3 20 19 1 9 13 14 6 10 18 2 4 3 19 2 9 7 10 20 9 20 17 8 3 17 15 8 9 15 2 5 13 15 5 5 16 17 9 5 12 16 1 8 19 13 13 3 8 2 20 12 7 9 18 13 5 18 9 17 13 9 2 5 5 7 0 8 4 14 6 4 18 12 2 2 12 6
2 12 16 8 2 1 20 3 6 9 10 6 2 5 13 17 15 8 4 7 20 18 3 3 10 16 19 7 13 19 8 7 4 6 1 6 2 12 12 20 9 4 12 18 9 19 1 18 14 18 10 12 10 15 15 9 16 19 2 5 10 7 2 7 2 20 7 20 13 3 4 5 16 14 1 10 7 13 14 16 10 7 13 20 7 10 16 7 8 19 5 14 16 11 11 10 7 19 12 16 1 17 7 7 8 4 4 9 11 13 19 11 7 10 7 15 16 10 19 12 3 17 12 18 6 10 4 8 9 5 8 14 16 2 12 9 10 7 13 8 3 13 3 2 14 3 8 5 10 3 3 2 9 12 13 16 16 5 11 10 16 19 7 7 19 2 19 9 3 4 19 3 13 14 9 4 18 1 3 4 19 19 20 4 9 18 7 3 12 16 20 9 7 9 15 3 15 19 14 3 10 2 20 6 16 19 20 8 8 12 3 20 17 17 9 2 8 12 3 19 1 18 1 14 13 13 17 14 19 3 2 7 10 3 1 20 3 18 18 16 3 4 2 3 1 15 7 20 11 17 14 16 19 6 12 4 16 13 17 20 12 13 10 3 3 6 5 12 18 12 5 7 8 7 17 5 14 15 2 18 16 4 3 2 10 20 10 1 13 4 17 2 20 12 8 7 18 1 12 11 1 10 20 18 20 7 11 18 12 12 9 7 14 11 19 6 4 9 12 4 6 5 17 9 19 12 9 2 15 12 12 12 15 4 4 20 17 17 19 1 10 8 3 14 2 12 20 9 19 13 2 7 8 18 19 19 15 18 10 4 8 8 17 10 13 10 15 16 6 9 15 15 10 4 9 7 10 4 15 15 13 20 5 13 3 14 3 1 6 12 2 5 10 14 17 3 16 18 8 13 11 7 20 16 2 9 8 1 14 1 8 9 6 13 3 14 17 13 20 20 11 7 2 12 18 12 6 10 8 14 11 1 9 6 11 19 3 8 16 17 19 11 2 16 18 19 14 5 9 1 10 2 9 8 18 9 16 17 18 5 9 13 20 15 20 19 3 4 15 10 9 5 19 14 14 20 18 15 2 6 7 13 11 7 3 1 9 6 9 0 3 6 16 15 8 20 2 7 7 16
2 16 14 17 9 19 14 2 5 8 9 15 6 7 5 5 18 16 20 1 4 16 1 6 18 4 1 7 15 3 18 10 18 4 2 6 19 17 14 2 20 15 16 6 1 8 17 2 9 15 11 19 8 18 19 11 16 4 18 1 9 14 6 7 17 8 3 8 18 6 14 20 2 9 4 3 1 11 6 5 6 19 11 20 10 18 3 18 1 13 4 2 6 1 3 8 10 20 3 2 2 7 15 7 12 7 14 3 3 14 6 4 15 8 18 7 13 19 5 1 20 17 8 18 18 17 20 6 10 19 3 4 18 16 8 7 14 8 6 5 10 15 5 8 17 3 12 18 6 16 3 8 17 1 20 14 17 2 1 12 3 20 20 16 1 4 7 12 20 15 14 1 12 16 15 1 1 13 17 19 12 15 1 12 8 16 14 7 18 7 1 9 11 6 9 12 10 7 5 10 12 8 6 15 11 10 5 9 10 18 15 6 9 15 13 18 11 12 4 2 12 3 8 11 1 6 8 1 11 8 11 15 13 4 13 15 12 5 8 17 5 13 11 11 19 11 20 6 5 9 20 6 2 10 12 12 16 10 20 20 6 15 7 4 2 14 7 4 20 9 9 18 13 17 11 4 7 6 19 17 16 6 3 17 20 6 3 10 7 9 16 14 3 8 9 16 7 2 11 19 4 6 15 7 10 17 9 3 11 1 13 14 3 10 17 8 20 13 5 3 17 18 3 11 14 10 12 18 20 11 11 16 6 3 18 14 11 12 9 18 20 19 3 19 5 13 12 14 12 2 3 18 14 11 16 1 10 14 12 7 5 13 1 15 1 5 15 10 17 19 4 6 19 5 2 19 6 19 4 18 16 15 4 10 3 2 11 19 6 11 6 1 9 12 8 5 15 7 15 9 10 6 5 18 17 13 6 4 5 17 14 7 4 17 1 14 3 15 9 9 14 1 8 15 18 8 3 15 4 9 16 11 15 11 2 5 13 10 13 9 17 8 19 3 1 4 20 19 5 19 3 1 12 9 18 9 19 9 15 18 16 13 3 18 9 5 20 5 18 15 5 4 14 20 17 6 17 18 6 16 17 5 13 1 11 11 13 15 1 10 0 13 12 2 5 19 9 9 15 10
6 4 10 10 19 20 19 15 4 9 6 11 6 14 17 7 6 17 15 14 6 9 6 13 18 5 11 11 19 15 9 17 6 4 11 3 10 8 14 17 9 16 16 8 5 6 15 5 3 3 4 19 16 8 15 14 14 16 4 13 11 5 7 15 10 7 13 18 18 6 1 16 1 8 14 2 16 11 17 20 10 12 11 8 1 18 8 8 15 5 18 4 19 13 1 19 7 3 18 20 3 12 18 3 16 12 14 5 9 17 2 17 8 19 9 10 13 20 7 3 7 2 2 13 18 15 8 12 9 10 6 12 11 7 16 2 1 3 7 12 3 10 17 3 18 3 13 4 17 9 17 13 3 3 2 13 19 18 13 9 2 16 2 5 15 15 18 6 2 18 9 9 3 19 11 9 9 11 19 10 9 9 4 9 17 5 15 5 15 2 13 7 20 11 13 11 14 16 18 1 3 4 20 16 19 20 15 5 14 9 19 17 9 16 14 8 5 9 3 4 10 14 8 13 4 5 15 20 4 5 20 18 6 6 20 6 20 2 11 19 4 13 8 16 5 4 14 9 5 3 19 5 8 17 1 19 6 3 15 16 14 14 6 14 12 8 4 9 9 11 13 11 15 7 1 4 13 5 6 12 1 8 7 8 7 10 14 14 15 10 6 15 5 11 4 1 11 14 12 9 2 14 20 1 1 4 10 14 14 7 8 17 3 19 19 2 14 19 10 13 7 9 10 15 2 17 6 17 18 14 10 10 10 15 8 10 17 16 14 16 18 4 6 13 18 16 11 8 8 13 15 18 13 20 13 8 8 8 9 18 3 19 9 4 5 4 5 18 8 20 4 5 10 16 9 20 16 12 3 13 12 18 5 3 3 11 11 4 12 3 4 15 2 16 6 20 6 2 2 18 4 15 2 11 5 18 12 15 2 5 13 3 4 3 7 4 4 3 6 3 8 8 15 1 16 19 9 20 11 5 11 13 4 11 2 17 17 12 6 5 18 19 19 9 11 2 9 7 8 3 14 16 12 15 17 11 18 14 3 3 12 6 8 4 4 12 6 5 13 10 16 16 5 17 5 1 1 19 20 11 1 18 14 14 4 7 11 2 10 17 3 0 16 19 18 12 2 5 17 19
10 13 19 20 1 13 2 20 17 7 13 16 6 19 12 11 17 14 8 18 18 13 11 7 2 15 10 16 12 6 11 7 1 4 2 19 17 19 18 2 15 7 12 10 9 11 2 6 19 17 2 10 3 3 11 9 16 12 12 20 17 10 2 19 14 9 10 15 13 14 11 11 8 14 19 4 18 3 4 7 15 19 10 14 18 10 17 3 19 8 15 3 8 12 13 6 20 17 19 1 4 1 7 6 19 11 10 12 5 18 3 4 9 16 7 4 15 1 18 8 3 7 17 20 19 7 16 3 3 14 20 5 15 9 2 12 18 10 7 11 18 12 1 8 2 2 9 16 9 1 20 18 13 9 7 12 11 13 10 8 5 17 8 10 1 18 13 10 2 3 9 1 15 17 10 6 4 8 11 19 12 12 11 18 5 14 14 14 19 19 19 12 14 14 15 4 20 15 16 2 6 13 20 17 8 4 15 7 11 16 19 1 5 20 14 18 6 13 15 1 1 19 14 3 19 18 8 1 17 13 4 15 13 17 13 6 14 13 1 15 14 2 2 18 11 4 4 2 3 3 11 2 3 17 3 14 6 17 1 7 7 14 14 8 13 6 7 12 8 14 19 20 13 11 8 6 2 17 17 19 19 13 19 20 9 7 18 6 14 4 18 9 17 1 9 10 10 19 2 2 12 17 19 18 8 14 11 12 20 8 3 17 7 10 4 14 18 9 11 3 16 9 5 5 8 15 8 19 13 20 12 7 19 18 13 8 4 1 19 19 1 2 15 16 17 1 7 3 14 15 20 13 20 19 4 1 3 2 6 7 13 6 14 3 14 20 8 20 2 11 20 20 8 1 3 5 13 11 7 16 20 12 2 15 10 16 9 16 7 10 15 20 4 18 10 1 11 2 18 19 5 5 6 12 20 19 1 16 18 6 20 8 11 10 20 1 16 19 13 19 3 3 5 4 20 13 1 4 14 1 14 20 4 2 8 11 8 15 4 4 2 12 3 2 18 8 8 9 7 18 7 8 12 5 10 19 19 11 19 6 15 12 15 1 2 14 10 14 11 20 5 9 1 6 16 6 19 16 5 7 19 4 9 8 9 18 14 6 12 3 3 14 0 2 12 16 11 4 8 2
9 5 9 11 4 6 16 16 17 16 10 9 17 17 2 19 13 4 11 6 2 14 10 8 2 4 10 7 20 5 10 19 17 5 3 9 15 14 5 6 11 19 18 4 6 5 16 14 18 17 15 4 5 10 12 7 5 17 20 14 14 6 17 3 17 12 20 8 9 11 4 17 15 17 8 6 11 8 5 3 14 4 12 18 8 15 3 18 9 4 5 19 4 5 20 2 11 6 18 20 2 15 3 9 12 18 15 7 11 6 12 1 20 19 13 10 12 5 13 9 9 12 15 17 12 15 14 12 20 9 9 17 2 20 5 16 7 2 2 11 11 1 3 9 16 4 5 9 20 7 14 5 16 13 7 7 20 7 19 13 4 8 20 6 9 18 11 7 1 14 3 3 8 10 5 17 19 12 18 13 20 10 17 5 14 9 11 4 9 13 18 10 10 8 18 3 1 18 7 15 1 7 6 20 19 5 16 19 12 1 5 11 14 17 20 4 12 2 9 9 6 15 20 11 6 20 15 9 15 2 16 13 14 8 11 6 20 1 14 6 10 12 3 5 17 1 12 9 13 12 10 18 19 9 12 7 3 6 9 15 19 6 20 8 20 18 5 13 14 4 6 16 9 17 19 1 8 12 4 19 3 1 20 20 12 13 13 5 9 20 15 6 3 8 11 14 6 20 8 4 17 2 8 16 18 18 13 11 18 5 11 11 9 12 5 3 12 12 19 11 11 12 11 8 14 5 19 9 14 13 17 8 13 1 5 2 13 4 6 16 8 11 14 19 17 4 7 18 16 11 17 13 16 18 19 10 13 2 10 14 11 20 10 19 4 12 18 14 1 5 14 3 15 8 7 12 1 12 11 14 3 15 17 12 10 9 7 19 13 7 16 1 16 6 7 9 16 13 9 16 9 8 3 11 2 10 3 12 12 4 18 6 3 18 11 10 16 9 6 4 14 15 11 4 13 17 15 5 17 13 19 1 10 1 17 6 18 9 18 1 2 4 18 16 19 16 19 10 1 8 5 4 3 11 1 18 7 5 1 2 15 14 6 7 18 13 6 13 1 1 9 15 15 13 10 9 17 1 10 16 12 16 17 7 8 3 19 9 8 3 9 12 19 0 4 10 7 8 7 19
7 14 6 20 11 7 18 13 19 4 7 1 12 7 9 1 4 12 1 12 1 15 17 1 17 4 12 2 16 17 12 17 3 17 14 9 14 20 2 11 8 15 4 15 14 17 14 8 11 17 2 19 8 14 7 17 20 2 2 15 17 2 10 15 4 13 12 16 4 19 20 1 1 15 12 6 1 2 18 20 5 2 12 11 6 2 13 12 18 1 13 20 1 10 7 16 11 11 13 5 10 12 9 3 14 3 5 16 17 9 2 2 17 17 20 9 13 18 1 20 10 4 16 4 2 6 8 16 12 16 8 17 6 20 4 8 6 18 2 13 17 7 2 7 12 1 19 9 15 5 9 6 8 7 3 1 19 11 11 20 10 3 19 19 8 18 19 16 6 11 12 2 2 16 15 8 18 6 16 6 18 16 16 5 20 15 10 10 16 15 9 1 5 7 4 14 1 6 19 18 1 12 19 13 4 8 16 2 20 5 17 11 15 8 11 2 4 4 17 5 1 16 15 8 19 12 14 16 6 19 20 3 1 1 4 20 14 20 5 9 2 8 13 15 10 13 16 13 6 18 13 12 1 14 14 16 6 14 9 6 4 10 18 20 8 10 13 17 6 12 4 2 7 9 8 4 4 1 9 8 13 15 9 17 2 9 14 15 15 19 20 6 4 12 1 9 16 2 9 12 8 1 7 7 5 3 14 19 19 4 11 6 7 14 10 9 16 16 19 20 1 13 3 9 9 3 19 8 2 7 8 15 15 5 12 19 10 9 10 5 17 20 14 4 12 20 16 20 13 14 10 6 2 16 8 7 20 9 8 12 15 4 20 4 17 7 3 18 20 14 14 7 9 3 14 17 2 9 19 2 16 6 18 1 9 15 8 15 12 4 17 10 10 2 2 8 19 14 7 7 6 4 15 10 6 7 15 8 8 14 15 6 2 9 17 20 7 14 15 12 2 4 11 18 11 14 15 16 14 19 11 20 1 2 19 17 5 2 11 9 3 11 12 16 10 2 10 15 12 19 18 19 17 14 20 5 16 1 2 2 8 7 20 6 13 15 17 8 16 20 14 3 11 11 14 9 11 6 4 8 13 5 10 7 15 1 3 17 12 9 14 4 6 10 0 5 16 20 11 14
6 10 16 9 2 11 9 15 18 4 7 6 6 5 13 4 5 5 18 8 18 16 14 14 3 17 15 20 19 12 14 17 19 1 7 12 11 7 13 20 2 16 12 9 11 4 3 19 7 2 7 8 17 2 12 16 4 9 7 1 17 17 11 19 9 13 15 12 8 1 4 5 7 2 16 8 11 3 3 4 5 10 20 10 15 10 19 20 10 8 18 16 3 2 4 4 20 16 15 14 7 13 7 3 3 14 20 7 16 3 4 15 14 16 1 15 10 10 3 7 20 15 1 19 5 1 2 3 10 5 19 2 18 15 13 12 14 1 20 13 19 15 3 9 5 4 11 7 14 10 6 10 11 18 9 16 12 6 4 18 15 10 10 8 11 11 1 16 1 18 15 10 14 4 5 14 7 4 4 4 10 9 19 1 11 4 18 17 7 16 6 1 10 20 4 20 20 19 10 1 6 11 9 20 12 5 3 4 15 8 16 12 10 3 10 2 19 5 9 9 6 16 14 11 16 1 6 16 4 9 17 3 20 9 15 10 9 18 9 17 1 9 6 19 9 20 14 12 1 15 15 8 6 5 6 10 14 17 19 8 19 8 12 19 1 18 4 11 16 7 10 19 10 3 2 12 11 2 16 5 17 12 15 10 16 9 7 6 14 11 7 2 2 3 14 3 7 2 2 7 13 2 20 6 9 10 18 20 5 1 8 15 18 1 1 4 11 11 11 15 13 8 16 16 20 6 16 1 18 8 6 19 4 12 13 7 5 1 16 7 14 17 8 5 17 13 9 5 15 16 16 13 14 17 10 19 13 16 15 17 14 5 8 13 10 11 7 14 12 18 11 2 11 11 1 3 11 6 18 9 5 9 7 20 19 4 7 4 1 9 19 2 12 7 7 18 20 10 15 2 5 1 9 12 15 12 12 19 15 11 10 3 12 4 16 4 15 6 4 2 14 4 6 8 20 7 2 4 10 14 19 5 20 19 6 13 2 16 7 1 2 1 10 13 13 10 16 7 1 5 6 5 2 4 15 3 6 9 6 8 8 12 7 8 13 6 5 11 9 10 14 17 5 9 2 14 5 16 15 10 5 8 6 13 7 8 5 8 9 4 3 6 15 16 20 0 14 10 9 12
17 4 5 5 15 18 10 5 1 20 3 3 2 12 5 7 3 2 7 17 17 10 5 12 19 4 11 18 8 17 17 17 17 7 13 19 6 8 11 14 1 13 20 3 16 16 3 16 19 14 13 1 7 14 16 11 14 17 16 1 7 20 6 19 14 19 18 9 11 9 14 11 10 2 6 2 15 17 11 5 15 1 16 10 17 8 7 13 17 9 12 3 15 5 6 16 1 20 15 2 2 15 15 15 1 4 17 17 17 19 7 19 6 20 16 8 10 1 15 16 5 15 14 17 1 4 18 8 5 9 12 12 11 3 18 11 10 14 13 8 18 19 8 17 16 9 4 9 1 10 3 12 2 4 15 5 19 20 9 12 19 1 3 7 4 19 13 16 18 19 17 20 11 13 18 16 17 20 2 9 6 5 13 8 6 10 5 9 1 17 6 5 19 2 1 13 12 12 16 17 3 2 16 4 15 1 16 9 11 4 17 11 4 16 11 11 6 13 8 12 13 15 11 18 14 11 7 5 15 8 1 13 9 12 2 9 3 11 15 14 14 2 2 17 14 13 6 5 9 4 8 17 14 18 20 20 7 9 11 12 4 16 16 17 8 2 19 2 17 1 1 6 1 12 13 9 1 19 14 9 6 10 5 10 11 1 10 8 2 4 4 14 14 18 14 5 8 10 3 9 17 17 9 17 16 4 2 12 1 15 11 16 6 12 12 8 5 14 5 2 20 11 12 16 5 14 12 20 7 3 8 10 6 15 4 10 20 4 15 7 6 6 2 3 18 20 12 16 3 15 18 8 19 11 6 3 10 17 19 16 14 20 20 6 13 14 8 18 19 12 9 18 15 1 18 11 16 18 7 1 16 9 20 11 1 2 16 14 1 15 6 11 16 8 1 5 17 4 4 3 18 8 8 6 20 14 8 18 10 9 5 11 3 10 2 7 11 19 5 9 3 10 10 5 10 3 19 4 3 7 16 14 10 14 7 11 19 10 5 3 11 1 3 14 14 11 13 16 15 20 17 11 16 1 6 3 7 19 6 17 1 12 6 5 12 20 11 7 14 10 20 7 15 15 13 11 2 7 3 13 18 8 16 18 2 10 8 6 14 20 5 12 15 11 10 17 0 6 7 15
20 10 2 3 1 4 20 2 19 9 5 5 3 14 17 13 9 19 8 4 15 3 10 20 9 16 6 15 11 16 4 19 18 15 3 4 11 5 13 2 4 16 3 17 12 14 13 18 7 17 18 6 3 3 12 10 11 19 1 12 7 11 14 10 17 19 8 12 4 16 14 2 10 10 11 1 8 20 10 8 6 17 20 9 11 14 8 1 12 20 8 17 3 20 10 1 7 15 1 7 10 16 8 14 12 10 19 16 15 12 18 18 17 19 15 8 19 4 19 13 17 15 6 7 9 4 12 4 3 6 13 14 5 12 17 3 11 9 3 10 6 5 1 17 1 19 18 18 7 9 11 5 16 12 9 7 1 9 12 20 1 8 9 18 16 10 9 13 18 5 19 12 19 11 5 10 18 8 6 6 2 6 4 19 4 19 3 10 5 12 14 7 20 18 10 10 16 10 12 4 1 11 17 13 3 19 3 1 12 1 12 12 15 2 14 9 15 12 6 19 18 17 14 3 7 8 19 7 19 20 20 10 16 12 20 14 8 3 16 19 18 20 5 1 9 11 3 16 5 20 1 1 10 20 15 5 11 3 7 18 8 8 19 8 9 6 5 20 12 10 8 15 13 13 20 10 14 4 17 9 19 15 3 6 20 20 13 18 1 6 15 2 15 10 6 8 18 8 13 9 7 10 4 14 11 2 2 7 19 18 3 2 20 2 14 5 1 14 20 9 15 18 15 8 5 5 17 20 4 17 13 17 19 5 10 7 13 12 16 19 18 2 13 5 19 14 8 9 14 14 17 20 11 6 12 6 4 20 9 17 13 6 1 4 19 20 4 19 17 14 3 7 7 17 1 10 1 9 4 11 13 14 20 8 8 3 17 19 5 5 15 13 15 19 13 12 1 6 1 2 3 10 4 19 10 7 9 5 14 17 20 1 9 3 17 15 12 9 9 15 13 10 8 1 11 19 14 13 19 14 10 6 2 7 9 10 6 9 10 9 13 11 3 19 7 14 10 11 6 19 4 13 12 7 15 14 14 15 8 3 15 12 15 4 12 17 15 17 20 8 19 20 19 15 18 13 17 1 16 16 5 9 13 3 8 18 16 4 4 13 5 5 14 1 7 7 16 0 3 2
14 8 4 15 18 1 5 14 20 13 15 15 18 18 10 3 15 8 8 4 17 10 13 16 4 2 6 1 10 1 6 20 20 8 17 3 9 18 19 7 1 16 9 13 16 17 8 6 20 17 14 7 1 2 1 1 18 8 1 7 16 5 3 4 4 12 17 5 3 17 17 18 10 17 3 9 19 3 6 15 9 14 4 5 2 17 2 19 10 6 4 12 5 14 3 8 9 5 18 18 8 15 6 12 2 6 14 16 6 18 9 11 5 5 1 5 12 8 14 13 17 1 14 12 7 4 19 6 5 12 20 11 5 18 18 13 18 9 4 6 4 4 9 20 12 2 6 6 3 19 7 17 18 9 1 20 3 1 9 15 7 10 5 9 8 17 2 2 1 18 19 2 7 6 19 14 4 7 6 4 4 7 7 4 11 8 4 14 14 3 14 2 9 17 12 14 15 9 9 10 12 15 3 19 10 1 1 12 5 5 2 7 18 12 13 19 9 14 14 19 8 14 3 4 14 16 6 4 14 19 20 9 9 6 6 4 14 11 17 4 13 4 1 8 5 11 15 3 5 16 5 3 8 15 15 9 2 7 8 8 9 16 15 11 6 9 9 15 19 13 5 19 7 12 18 15 5 18 13 3 4 6 18 7 11 7 13 4 4 4 9 13 10 20 11 2 9 11 12 3 15 12 10 6 15 11 19 12 3 20 16 4 10 3 20 6 7 10 19 19 13 6 9 12 20 8 9 1 20 13 6 1 19 6 10 1 16 4 16 2 16 12 4 13 17 7 14 19 17 19 1 18 12 16 13 1 18 20 3 20 8 6 10 11 16 19 3 11 19 16 9 3 19 17 1 8 10 12 13 17 7 9 13 10 2 3 16 11 9 9 5 12 9 11 9 12 15 8 16 3 1 4 19 14 19 17 19 20 19 9 19 14 18 1 14 9 1 4 3 19 15 4 11 8 13 1 3 3 9 3 12 4 6 15 18 20 2 17 1 14 3 3 15 1 17 5 5 15 6 3 6 2 17 7 8 10 12 5 17 10 4 18 20 10 9 9 6 10 13 15 7 20 1 5 5 5 16 2 17 12 15 17 6 5 13 20 6 3 2 10 13 5 3 2 19 16 10 6 0 7
18 6 13 1 17 11 3 11 16 17 11 4 11 19 17 10 20 18 7 8 5 12 8 10 1 11 13 13 19 11 19 6 9 18 19 10 17 10 7 13 7 13 2 16 13 9 16 6 4 10 5 4 2 8 19 5 19 7 13 15 10 7 13 3 12 11 14 17 20 1 12 12 14 20 9 5 5 6 20 9 14 16 11 9 19 18 15 8 13 4 3 3 5 15 20 14 8 11 15 19 13 1 2 11 10 14 5 11 5 2 16 20 20 15 6 18 18 10 4 17 2 3 11 20 11 14 12 14 4 18 16 16 17 20 16 6 2 7 20 7 8 7 17 5 2 4 17 11 18 9 7 10 17 19 7 7 1 9 6 10 5 17 10 11 8 19 11 7 15 5 1 13 4 12 13 19 11 14 1 8 17 20 4 13 20 17 12 2 3 13 8 13 12 1 19 15 11 10 5 3 10 8 11 6 17 17 4 20 17 1 15 16 5 12 14 12 9 4 15 17 6 5 3 14 6 15 13 10 4 16 6 8 9 9 18 15 13 1 15 16 8 10 16 13 19 16 5 16 7 9 14 8 5 10 4 4 6 8 8 15 8 9 8 18 3 1 14 10 8 18 8 20 19 8 4 15 7 1 2 6 3 3 1 19 12 19 1 2 19 14 12 11 9 1 13 18 15 2 13 12 4 7 3 16 10 13 12 2 4 17 20 7 2 2 11 13 18 12 14 16 4 14 13 7 5 17 11 13 14 19 19 15 1 19 19 7 1 9 12 7 17 17 4 14 2 1 5 14 18 4 15 5 17 12 9 9 7 1 13 11 18 17 12 1 19 6 11 6 5 10 16 1 20 17 7 13 3 4 6 5 12 6 19 16 1 7 7 18 12 20 16 9 3 4 9 7 17 13 13 10 12 7 15 18 11 2 13 5 14 1 5 9 6 5 6 18 13 6 10 14 9 20 6 20 15 16 20 19 14 8 13 14 9 8 13 4 17 3 13 18 2 18 14 1 5 1 1 14 2 18 19 5 5 18 19 17 1 12 13 4 10 10 17 19 20 1 9 9 14 9 8 16 20 1 9 15 11 16 5 20 1 2 12 18 16 1 5 9 16 11 14 6 16 18 16 12 5 19 10 0
