450
9 10 6 13 8
15 20 13 19 1
11 5 17 9 4
18 4 12 5 12
12 4 17 3 2
7 9 6 5 7
4 1 20 3 2
1 20 12 3 3
3 1 14 20 5
6 9 9 6 0
3 4 8 20 3
14 8 15 7 18
15 12 12 6 17
4 1 7 5 12
10 3 2 5 20
5 13 14 1 17
4 14 17 17 10
2 5 9 18 10
11 2 13 5 6
11 16 6 8 0
15 16 5 9 9
9 1 16 4 25
18 2 14 4 29
3 8 3 17 7
8 19 4 6 11
9 11 4 15 10
16 8 14 3 28
17 6 3 18 33
8 19 4 8 24
7 15 8 12 35
8 6 1 2 16
17 19 12 13 10
6 12 3 15 4
3 7 9 9 35
18 19 19 2 38
10 10 4 19 5
12 13 13 18 42
11 10 4 16 4
11 7 18 12 42
6 13 4 11 21
4 9 8 7 23
17 10 2 2 22
6 1 12 1 34
2 16 18 11 35
3 19 19 8 45
8 17 7 12 41
20 1 7 17 16
4 7 7 5 35
14 1 3 19 35
15 18 10 2 16
10 7 17 11 51
9 20 17 13 45
19 16 18 19 63
3 4 2 13 42
4 8 11 5 13
11 8 9 6 48
14 6 20 9 21
12 19 1 9 23
11 6 9 7 34
9 8 2 18 42
17 4 7 15 21
6 1 18 13 59
1 16 4 11 37
18 13 13 3 24
15 18 4 20 53
9 2 6 9 2
6 2 2 16 14
11 10 6 13 29
9 6 6 8 72
10 7 20 20 58
7 17 1 18 38
17 10 7 3 59
17 8 8 12 71
2 1 1 20 33
8 6 11 13 1
13 16 11 7 68
6 16 10 20 37
9 1 11 9 46
16 8 8 5 18
16 7 17 2 84
4 20 17 14 52
19 3 10 13 42
18 11 8 18 33
6 15 6 9 13
3 18 9 7 54
13 15 9 2 54
17 8 3 20 39
8 1 18 11 33
1 14 8 7 43
18 11 12 16 44
4 20 12 10 57
11 15 4 20 99
1 14 2 5 59
1 14 13 10 23
1 18 15 10 63
13 10 5 18 11
12 3 10 12 69
6 3 17 7 22
19 1 10 4 93
20 1 17 12 110
18 7 14 20 118
16 9 19 11 46
7 14 6 8 84
12 19 17 14 13
9 11 1 17 20
12 11 8 18 22
2 14 2 9 44
17 9 18 19 99
13 12 2 19 4
18 4 12 1 2
6 1 13 8 6
1 1 13 4 72
16 5 4 17 60
10 12 6 7 66
1 3 17 5 21
15 17 7 9 25
15 4 8 7 119
16 20 17 9 65
9 12 18 8 111
18 4 12 2 62
11 13 1 8 1
14 18 3 14 68
13 1 8 13 109
8 16 10 19 116
14 11 3 18 69
2 19 16 8 91
9 3 13 15 44
20 10 20 16 108
15 20 18 14 29
15 20 6 12 38
14 7 18 5 21
14 10 5 11 92
8 7 16 4 112
12 15 7 17 90
20 6 4 16 50
17 2 9 8 73
9 20 3 5 9
19 3 4 3 151
14 9 11 5 71
13 17 2 6 85
2 15 19 1 21
6 18 10 2 19
20 2 1 8 158
8 8 16 17 108
12 12 18 11 89
17 17 2 15 158
16 6 11 11 93
17 19 15 13 105
20 14 7 16 115
17 17 17 18 162
17 10 15 11 50
13 8 10 9 24
6 5 5 12 93
18 8 11 6 131
9 17 14 7 4
16 13 11 5 170
1 14 19 20 19
8 1 13 11 137
1 6 5 8 98
4 15 8 3 87
14 8 8 1 4
19 12 10 20 180
11 18 11 17 103
4 14 20 15 161
16 16 4 6 99
6 9 6 6 62
20 12 5 10 137
16 13 17 19 158
15 8 19 2 80
9 20 2 5 33
6 16 8 1 4
4 10 16 14 114
5 7 20 6 96
2 6 10 9 49
17 18 12 14 27
6 1 6 12 111
16 12 7 9 134
5 14 14 12 170
13 19 3 12 11
2 10 10 18 111
3 19 11 6 109
6 8 1 4 22
12 3 19 13 139
4 17 12 8 160
2 17 7 11 96
3 1 4 9 158
17 8 7 16 60
1 16 8 4 46
10 8 14 9 157
12 20 19 16 103
5 17 8 20 136
15 5 3 11 191
17 11 18 15 153
10 7 1 5 16
6 17 13 8 105
19 5 8 8 172
15 18 2 20 67
5 4 17 16 133
9 7 6 2 148
10 20 11 3 199
8 2 19 11 62
11 19 16 19 208
14 6 10 2 190
1 16 8 15 10
11 3 11 20 81
18 4 13 19 24
17 14 5 2 153
2 17 14 4 116
18 12 1 16 18
1 14 5 13 86
8 14 7 2 53
20 6 4 5 28
19 3 5 17 117
11 4 5 15 109
11 7 13 7 223
17 18 4 11 104
10 14 11 20 179
12 20 4 4 65
12 10 16 17 189
6 16 5 17 14
11 6 14 5 101
1 11 5 19 47
17 2 6 9 226
15 19 5 17 20
10 17 10 19 204
16 10 17 8 157
9 9 14 9 4
6 10 12 5 150
14 19 11 16 160
4 1 6 12 125
2 11 6 3 214
10 17 13 11 20
19 12 2 10 47
14 10 20 12 168
8 4 6 14 82
1 16 15 16 145
10 19 5 12 41
12 8 2 10 140
19 17 19 20 230
1 5 14 1 170
20 4 8 10 224
6 2 10 2 234
14 14 15 7 173
8 10 9 1 213
15 10 19 1 67
7 3 2 3 107
3 9 15 11 10
13 2 8 6 37
7 4 20 3 243
20 15 8 12 224
6 13 5 16 33
20 14 12 13 202
8 1 3 10 253
18 5 5 7 36
17 9 14 3 173
13 18 18 4 182
10 7 3 6 6
17 4 7 12 13
16 4 6 9 70
11 19 1 10 166
13 6 18 4 60
20 1 18 2 200
16 14 3 10 161
12 11 8 2 209
13 10 19 10 191
11 5 1 13 228
7 6 14 14 261
5 11 16 4 226
8 5 8 15 272
7 16 10 16 75
1 17 1 5 201
12 19 16 8 146
4 13 1 3 239
13 7 18 10 252
10 11 12 20 72
10 15 18 15 116
3 15 15 5 63
19 1 15 7 71
9 13 13 6 130
14 11 6 8 98
14 7 6 14 58
19 8 2 1 112
2 17 4 18 210
7 20 20 3 165
4 17 15 10 147
14 2 5 6 212
9 5 4 11 254
12 13 10 1 80
1 16 11 9 204
14 3 8 15 206
15 17 6 16 286
17 7 18 17 198
12 17 8 7 189
3 15 7 1 260
19 13 12 16 190
4 17 14 13 224
18 10 15 9 102
5 1 14 13 89
11 20 14 20 176
5 2 1 1 120
15 17 20 20 147
8 1 9 18 266
12 17 18 13 90
4 10 20 3 194
10 11 16 13 7
13 6 7 1 115
19 7 5 20 64
9 18 11 6 316
19 20 16 16 291
20 19 1 20 188
19 19 3 9 288
15 19 14 16 140
17 5 5 10 300
2 13 11 17 267
6 14 9 7 63
4 10 9 2 228
2 6 6 16 185
14 1 12 2 45
4 9 20 2 34
11 17 5 16 262
18 11 10 3 48
5 9 14 18 147
2 8 1 18 79
11 16 18 16 128
13 20 4 15 93
12 18 2 5 58
12 12 18 6 23
6 13 5 5 236
9 4 13 20 20
12 15 13 12 325
2 18 19 14 92
12 1 15 15 341
4 15 18 13 294
20 15 7 6 305
18 6 8 17 282
18 14 5 9 57
9 11 18 1 296
19 17 8 4 1
6 2 1 5 138
3 19 6 9 326
16 13 18 8 266
19 19 14 4 76
18 19 18 18 141
12 2 5 19 283
4 17 15 8 348
19 2 4 6 214
13 11 9 9 283
6 18 20 9 173
14 6 11 9 331
7 9 1 6 47
3 4 4 10 175
4 5 4 1 271
8 7 15 20 357
3 18 8 17 127
17 9 13 2 327
19 12 16 2 29
6 5 7 1 261
1 4 20 15 266
11 9 16 12 88
8 14 7 4 33
2 18 13 4 10
18 8 20 5 4
11 20 1 12 237
4 7 19 13 203
17 12 14 12 279
10 7 11 8 194
17 5 7 5 235
3 12 6 19 366
1 14 18 18 33
14 5 20 19 289
9 12 13 4 48
19 16 7 14 336
14 15 4 5 249
6 5 17 6 177
11 6 10 2 364
18 6 16 19 198
18 10 11 20 107
9 12 4 1 82
9 18 14 10 186
13 6 8 3 174
12 14 9 13 80
16 7 9 2 108
1 14 3 1 70
17 13 9 20 187
10 16 7 8 340
19 16 8 2 71
6 13 17 19 44
12 15 5 17 362
1 6 2 9 336
2 14 13 15 299
7 7 12 2 137
4 11 7 19 308
12 14 6 19 31
7 10 14 13 207
7 16 18 12 310
10 6 18 17 23
11 2 11 14 363
14 14 20 7 80
16 9 14 10 193
12 18 8 19 126
10 18 19 16 387
12 4 18 9 295
11 6 2 12 195
3 5 2 1 185
17 6 7 9 301
5 3 19 7 260
16 14 20 17 217
5 15 6 1 151
9 2 15 9 70
11 10 18 19 225
2 10 13 7 163
17 10 2 11 1
18 3 9 9 198
19 5 18 19 226
20 9 3 14 152
14 19 16 4 116
3 13 4 7 342
19 20 17 4 255
15 18 2 17 256
20 17 18 3 264
6 3 11 9 214
15 3 12 13 378
5 16 1 16 143
7 13 15 3 120
11 11 15 20 241
2 12 11 1 198
6 14 16 15 348
18 10 19 16 200
10 11 2 16 162
15 16 1 1 87
18 11 4 11 128
3 19 14 20 214
7 12 16 18 323
2 6 8 12 333
14 13 16 10 433
13 1 10 5 32
17 12 8 11 230
5 15 20 13 110
2 1 6 13 336
6 8 17 4 3
19 2 16 17 385
8 7 5 9 284
20 20 8 16 216
13 2 3 2 395
6 7 1 14 70
11 14 15 19 299
16 16 1 20 287
19 1 16 9 307
18 17 8 13 10
17 3 15 10 298
5 9 9 3 7 6 10 9 5 7 9 10 3 5 4 2 7 7 3 4 3 1 8 3 5 3 3 1 2 1 2 8 9 3 4 8 9 9 3 6 9 2 8 1 2 9 6 3 9 2 10 6 10 1 7 2 2 4 4 3 6 1 3 9 7 10 7 5 5 3 2 4 3 5 5 1 10 10 3 9 4 2 9 7 2 7 3 6 8 1 9 2 2 8 5 10 9 4 2 3 1 9 9 3 2 4 3 7 4 3 7 1 2 5 2 8 1 1 1 10 1 5 3 5 7 7 5 5 4 8 9 10 4 3 2 1 10 3 2 2 9 2 6 6 1 8 5 4 9 8 10 4 1 2 9 6 8 5 9 9 4 6 5 5 4 10 7 9 1 3 4 1 7 3 6 7 1 6 10 9 7 7 6 8 2 6 7 8 5 3 6 5 7 10 3 8 1 9 6 1 1 10 5 8 1 3 9 1 4 9 6 4 9 3 5 7 1 5 9 5 7 5 1 9 8 9 9 5 3 8 8 7 10 6 10 10 2 4 2 9 1 6 8 10 4 8 4 5 2 6 6 6 5 10 10 2 1 8 4 2 10 1 9 1 3 2 10 9 1 6 3 7 6 10 3 4 4 8 1 4 3 10 9 7 6 9 10 10 8 5 6 10 6 6 1 5 4 5 9 3 7 3 7 2 4 8 9 2 10 2 5 8 4 10 3 3 9 4 5 3 3 7 9 9 5 8 4 9 10 6 1 3 7 1 10 3 4 5 4 1 6 6 4 8 4 7 2 10 5 7 5 4 4 6 1 5 1 9 8 1 3 3 5 2 2 3 8 9 3 1 4 8 1 10 8 9 10 5 7 6 1 3 9 1 7 3 3 2 7 2 7 4 5 3 7 10 7 10 4 5 4 2 4 6 7 5 4 3 6 4 4 10 5 5 5 5 4 1 1 10 1 1 2 1 6 7 1 3 8 2 7 2 5 10 7 1 7 3 1 8 4 2 1 4 10 10 2 1 1 10
3 1 3 10 1 8 1 3 7 1 9 1 1 8 7 5 4 6 10 1 5 5 8 1 8 4 3 5 2 4 9 2 3 10 7 2 8 2 1 2 7 4 6 7 3 8 7 4 3 2 2 1 7 9 7 8 9 1 9 6 6 4 6 8 6 9 10 4 10 3 7 10 3 2 5 5 3 4 9 5 1 3 1 5 10 8 2 4 3 1 4 10 2 7 3 5 8 8 10 9 5 10 3 8 2 2 7 4 3 2 7 1 10 6 1 9 1 2 4 6 8 10 4 7 9 8 7 6 6 2 1 8 3 1 5 8 1 4 1 7 4 10 9 2 7 2 9 4 4 9 6 9 9 1 8 2 3 5 8 7 2 8 7 1 10 2 5 9 5 8 3 2 7 2 3 3 9 1 2 8 1 4 3 4 9 10 8 1 3 5 9 5 4 1 7 4 6 9 8 3 6 6 4 8 3 10 8 3 1 7 3 2 8 4 8 4 6 10 2 5 7 2 3 3 4 6 5 1 10 5 2 1 9 4 7 2 7 9 5 1 7 2 3 4 10 3 7 1 4 7 9 10 8 6 9 7 7 2 9 4 1 6 10 9 3 1 5 4 5 8 2 9 4 10 1 2 3 3 7 9 4 10 5 8 7 3 6 4 6 9 1 2 6 10 8 3 10 6 10 10 8 10 2 10 7 6 6 5 10 3 1 3 7 7 4 4 3 2 7 3 8 8 2 8 9 10 2 3 7 4 6 5 7 5 2 7 8 5 9 3 2 3 1 3 6 5 8 1 4 10 8 1 8 1 10 6 2 1 3 1 10 6 3 10 7 4 6 2 3 8 6 1 9 10 2 8 9 3 1 1 4 5 6 7 4 7 8 4 8 2 7 7 2 7 10 3 2 8 10 4 9 10 4 10 4 8 8 9 4 5 3 6 8 3 9 1 1 10 6 10 4 4 7 8 8 4 10 1 7 2 4 7 5 5 4 6 2 2 4 1 6 4 1 5 8 1 3 5 5 9
5 9 2 4 2 6 7 7 5 7 7 5 6 6 6 9 10 8 1 5 8 4 4 1 8 6 2 10 5 7 10 4 5 7 7 4 2 6 1 9 2 3 8 3 5 1 8 9 10 7 3 7 2 9 3 6 5 9 10 3 9 5 10 8 10 10 9 8 8 8 7 10 5 8 3 8 2 7 9 8 8 8 5 1 9 3 5 2 4 7 1 5 4 10 4 7 4 8 1 9 3 8 4 2 4 5 8 1 7 3 2 9 3 3 8 4 7 2 7 1 8 5 6 7 1 7 3 10 5 2 5 10 7 4 1 4 1 6 4 10 7 3 3 10 10 3 3 5 1 4 3 6 10 7 2 1 6 8 9 7 8 3 10 7 3 9 4 6 6 4 3 10 4 4 8 3 8 8 8 1 10 5 5 9 2 6 7 9 6 1 2 10 5 4 4 1 9 6 4 5 1 1 6 10 3 4 3 10 9 7 3 9 5 3 7 3 7 10 6 1 1 1 8 10 1 6 4 2 3 8 1 4 10 6 3 6 7 4 7 8 9 3 5 1 2 7 9 3 10 9 9 5 10 7 5 5 7 9 2 7 8 9 10 5 9 9 9 2 8 3 4 4 10 8 10 5 6 3 4 1 3 8 2 7 1 5 8 5 4 4 3 4 2 5 5 7 2 3 9 3 7 7 8 2 7 3 8 7 4 3 4 5 10 3 8 4 7 2 7 6 5 4 10 4 3 5 8 3 6 10 7 6 4 4 1 8 2 7 6 3 9 8 10 10 5 10 2 1 10 10 4 9 6 2 3 1 7 5 10 10 8 7 1 3 10 3 2 3 1 6 7 3 3 10 10 2 3 2 3 6 10 4 6 7 3 9 9 1 7 6 7 3 5 1 4 2 8 4 4 9 1 2 8 6 7 4 6 9 1 1 4 8 8 4 3 7 2 5 1 6 6 1 10 1 5 8 2 7 1 2 2 5 10 4 9 5 2 8 2 6 8 9 5 9 4 10 8 5 10 9
5 2 4 9 3 9 10 2 5 6 3 1 10 1 9 2 5 2 9 1 2 3 1 9 2 3 2 5 2 4 8 3 10 10 8 5 4 4 7 8 3 7 10 7 4 5 8 2 6 6 4 1 7 3 1 1 6 7 7 9 2 6 1 10 6 6 8 6 3 7 7 5 2 6 10 3 10 6 4 1 2 8 6 3 8 8 5 2 6 3 6 4 3 5 10 3 9 5 1 4 3 2 10 9 5 5 1 3 5 3 10 5 10 4 2 3 7 9 10 10 7 5 2 10 8 10 8 10 2 5 9 8 2 1 10 6 10 1 7 2 5 1 9 3 5 6 4 4 9 8 8 8 5 9 7 8 9 4 9 3 4 2 1 9 2 10 3 7 5 3 10 9 6 9 8 5 1 5 6 7 8 3 6 8 3 3 7 8 2 5 7 4 3 2 1 4 4 7 2 10 10 4 1 2 5 6 9 8 3 3 9 4 6 6 10 5 8 2 7 7 2 7 3 1 5 8 1 1 3 5 10 1 7 4 9 2 2 3 7 3 5 6 3 2 10 6 9 10 1 4 2 9 4 5 2 6 2 8 1 5 1 5 6 9 5 4 5 4 2 2 4 2 10 8 9 2 8 10 5 6 10 6 7 10 10 7 9 6 9 3 10 5 6 7 8 10 8 7 7 10 9 6 10 5 6 4 3 1 1 9 6 8 10 10 2 6 3 6 9 7 6 7 4 4 8 7 8 2 6 8 6 1 7 6 10 6 1 2 4 2 1 3 2 2 10 4 3 8 6 7 10 10 8 3 8 9 5 4 1 5 6 5 2 8 6 4 3 9 2 1 2 10 2 2 7 4 8 5 4 4 8 5 1 7 3 8 1 7 1 10 8 10 5 7 4 6 9 9 5 6 10 4 2 4 1 2 4 1 4 3 5 7 7 7 1 3 5 7 10 3 8 3 2 8 10 5 7 4 2 9 5 3 5 5 3 7 1 2 8 5 4 1 3 4 5 4 7 7 7 1
4 4 6 7 9 10 10 4 10 10 5 6 10 10 2 3 5 3 1 10 3 7 9 2 7 5 10 4 5 6 1 1 9 2 1 1 4 2 4 5 6 1 10 6 3 9 9 2 9 2 2 8 4 9 1 5 1 8 10 3 7 7 3 9 6 1 3 3 9 3 6 1 2 6 4 9 9 4 4 6 3 10 8 3 2 6 10 1 10 2 6 6 1 9 5 8 1 1 9 3 6 10 6 2 6 8 9 9 3 7 10 4 6 6 10 1 3 7 9 9 10 1 8 1 6 9 7 9 9 9 6 9 6 9 8 4 9 10 7 10 8 8 6 6 3 2 10 10 4 1 7 10 10 2 4 2 4 1 3 9 10 7 7 9 9 3 2 8 5 5 6 5 8 2 7 5 9 4 8 3 7 5 10 4 10 5 2 10 4 3 1 1 4 6 8 7 8 3 2 10 3 8 3 5 6 1 2 7 3 6 10 9 2 9 7 8 4 8 5 3 10 6 6 9 4 3 9 7 1 6 1 1 8 3 7 7 3 10 7 4 7 10 8 1 1 4 4 9 2 9 5 6 1 9 1 10 1 2 10 5 4 5 8 7 2 4 4 2 10 10 1 7 10 5 10 4 4 6 7 7 7 10 7 10 9 8 9 1 9 2 8 9 8 8 6 10 6 3 8 5 2 4 2 7 7 9 1 8 3 5 4 2 10 1 8 1 10 8 4 10 7 9 7 1 2 4 1 7 6 5 6 4 2 3 4 7 7 9 7 10 5 9 10 9 10 2 7 8 5 6 8 10 3 9 1 10 6 2 4 5 5 8 6 1 3 8 6 3 4 1 4 6 9 10 2 3 3 5 2 10 3 5 5 9 5 7 8 9 1 5 8 8 3 8 7 8 10 7 1 10 10 3 5 4 5 2 8 4 8 2 10 8 3 7 4 7 7 1 8 10 8 9 4 6 1 4 7 10 4 8 4 3 9 3 5 8 3 10 10 2 6 1 6 5 2 1 6 6 1 10
2 6 6 3 3 5 9 5 2 2 9 4 2 8 8 7 9 5 4 4 4 4 10 9 4 9 8 6 10 1 2 6 3 8 3 9 2 8 6 8 7 4 10 1 7 8 6 10 8 2 2 6 4 7 5 4 8 8 7 4 7 3 1 9 4 10 6 10 10 1 1 2 9 7 4 4 4 8 4 5 2 9 1 4 2 4 9 6 2 1 3 5 4 3 5 2 4 1 9 5 6 1 8 5 10 7 1 3 9 7 8 4 8 1 3 10 5 9 5 2 3 4 7 7 10 5 10 6 9 2 4 9 10 10 9 3 5 4 8 7 7 5 5 1 1 10 9 10 7 4 5 9 10 1 3 6 10 4 2 3 1 8 7 1 5 7 10 10 6 2 2 2 7 2 4 2 5 3 6 7 2 3 5 7 5 8 1 2 9 4 6 3 4 5 4 7 4 3 3 4 8 7 5 8 2 3 3 5 8 2 6 9 10 2 1 10 8 9 1 7 9 8 9 5 5 2 9 3 6 5 3 7 7 6 1 6 10 1 7 6 10 7 4 4 5 9 2 1 5 5 5 4 2 9 2 6 5 10 6 4 7 6 5 7 6 6 3 3 4 9 7 8 7 8 9 10 9 3 6 7 3 3 6 5 2 9 10 6 4 2 8 7 1 4 10 2 5 2 3 5 3 4 9 10 4 2 8 2 2 5 7 4 3 9 10 8 10 2 8 4 9 9 8 7 9 7 8 6 6 6 5 3 8 5 2 4 2 6 8 4 9 8 5 2 4 8 1 6 5 3 8 7 10 2 4 8 10 1 6 6 5 6 6 10 1 1 1 3 7 7 1 6 2 6 1 8 6 10 6 6 8 1 6 9 6 1 8 6 8 3 10 6 4 7 7 1 9 5 9 7 1 3 4 1 3 6 10 3 9 8 2 10 2 6 2 9 5 8 5 1 9 3 4 9 5 6 7 2 9 1 2 7 2 5 3 7 6 6 9 7 10 3 2 5 8 5 10 7 9 7
3 2 8 1 8 2 1 9 10 5 6 9 1 4 3 4 10 8 5 4 6 5 6 1 3 10 3 2 1 8 1 4 7 8 10 6 5 5 8 7 5 6 2 6 6 3 7 8 5 10 4 1 6 8 10 10 10 7 2 9 6 10 3 3 9 1 9 5 2 7 8 6 3 7 8 5 2 1 8 10 6 3 3 6 9 9 9 7 1 10 8 10 2 1 8 6 3 5 7 7 6 7 7 3 8 2 6 6 10 3 5 5 10 3 4 3 2 8 6 9 6 9 5 4 1 2 6 6 3 7 10 4 4 4 9 5 3 3 7 7 9 4 1 7 7 5 7 1 10 10 1 4 8 4 9 9 2 9 9 5 6 5 3 2 5 2 10 4 8 2 7 4 10 1 4 3 4 9 2 8 4 7 1 2 3 5 2 2 1 10 6 4 2 1 10 5 1 9 2 2 8 1 7 10 1 4 9 4 6 5 6 5 2 6 4 2 3 1 9 8 10 3 7 2 9 5 4 8 10 7 8 10 4 5 4 5 1 5 2 1 3 1 5 4 2 3 7 9 10 9 8 4 1 6 10 4 6 9 7 4 9 3 10 8 9 10 10 2 6 5 10 5 9 5 5 3 8 7 10 8 5 7 1 2 2 5 1 3 9 2 1 4 10 4 1 7 1 1 1 5 9 1 6 10 3 4 3 1 2 3 6 3 9 8 8 6 1 2 1 4 9 1 3 9 4 5 9 8 5 6 8 8 6 3 10 9 7 5 5 4 5 3 6 4 8 1 9 6 1 5 7 8 6 9 7 8 10 6 9 4 10 2 4 7 9 6 9 4 4 7 10 3 2 8 4 3 6 9 10 8 3 1 10 8 9 2 3 10 10 4 7 7 1 6 9 4 5 2 9 9 9 3 4 6 5 9 6 7 2 2 3 4 7 10 4 7 7 5 10 9 6 6 6 2 4 5 7 2 6 4 3 5 3 9 9 8 6 4 10 6 9 7 10 1 3 5 4 6 3 6
5 4 5 10 3 1 4 7 1 8 8 9 8 1 3 10 2 4 6 3 5 7 5 2 2 6 4 7 2 2 9 3 7 9 9 4 2 5 5 8 2 9 3 2 6 8 2 4 1 6 3 1 3 7 9 10 8 6 7 7 7 7 2 8 10 3 8 7 7 6 9 7 7 7 4 1 2 5 7 5 7 4 3 9 9 4 6 6 10 1 8 10 2 10 1 10 2 7 7 10 1 10 1 7 9 5 6 4 4 1 4 1 2 7 1 9 6 6 6 7 5 10 6 7 9 9 6 6 2 10 1 9 7 5 6 5 5 3 5 5 4 8 9 4 5 4 9 5 3 4 1 3 2 4 6 7 5 1 3 5 1 8 3 1 8 1 5 5 3 5 8 1 2 4 3 6 1 7 4 3 10 2 5 1 8 7 7 8 6 2 9 3 10 9 9 6 3 10 5 5 9 10 1 5 5 10 10 10 5 10 5 8 7 6 1 6 2 4 10 5 7 2 6 4 2 3 7 4 9 5 7 4 5 10 7 5 2 4 7 10 10 10 7 7 10 10 7 10 5 8 6 6 5 1 1 1 10 3 7 2 8 10 5 6 10 4 9 8 9 6 2 8 10 2 6 4 10 5 4 1 9 3 3 8 3 6 5 7 8 4 9 9 3 10 3 8 7 6 10 2 1 8 1 4 7 1 1 8 8 6 10 4 9 2 7 9 5 5 9 4 1 1 4 9 7 2 7 3 6 3 6 6 8 1 1 7 9 10 8 4 8 9 9 1 1 7 3 8 2 10 5 1 7 8 2 9 5 7 8 4 2 4 1 9 6 3 7 2 8 3 1 7 6 3 7 9 1 3 1 6 2 6 7 8 5 8 10 3 4 10 1 9 2 10 4 10 3 2 3 8 6 3 8 6 4 10 8 2 8 9 2 8 6 9 9 6 9 7 6 5 7 10 5 3 9 2 2 8 7 7 5 8 8 2 2 3 1 10 2 4 5 9 4 9 9 3 1 4 1 8
1 9 6 10 3 4 7 7 8 5 7 6 10 10 9 6 2 6 10 4 3 3 4 3 7 3 8 9 6 7 9 6 8 1 5 6 8 6 9 9 9 10 1 3 2 2 7 10 10 4 1 3 9 9 10 1 5 3 2 4 9 1 3 7 2 4 2 5 8 5 1 9 10 8 8 4 7 1 7 7 8 5 5 3 10 4 2 3 5 3 3 3 2 10 5 5 9 10 3 9 4 2 2 9 8 2 3 2 4 5 6 5 5 1 2 1 8 9 6 9 7 7 7 10 2 8 4 7 3 3 9 5 9 6 10 7 1 5 9 7 1 7 3 5 9 3 6 10 3 8 9 6 3 4 4 1 2 10 8 9 7 5 6 4 6 8 7 5 4 2 7 6 5 3 9 7 4 7 7 6 1 5 4 6 9 4 7 8 9 5 9 7 8 9 3 9 8 6 5 9 5 6 4 10 8 3 1 2 3 3 9 8 8 10 8 5 5 7 10 9 7 8 2 9 2 9 4 9 3 2 8 8 6 5 9 7 3 4 3 8 1 8 10 5 7 1 2 5 6 6 3 10 10 7 10 5 4 1 3 6 2 3 6 6 4 2 9 6 1 8 4 8 5 4 6 5 3 2 8 4 10 5 5 4 8 3 8 6 9 1 2 10 5 6 9 7 9 8 1 1 8 8 1 7 5 9 5 5 9 2 9 4 2 5 1 6 6 6 10 3 4 1 5 9 4 7 9 3 10 4 3 7 8 3 9 3 8 4 9 3 5 1 7 6 8 10 7 5 10 3 10 6 6 5 3 8 10 4 4 6 4 10 1 1 6 2 8 2 10 2 10 3 1 4 10 5 4 3 9 5 2 6 1 5 2 2 3 9 10 2 5 8 1 5 6 6 8 7 8 2 9 5 1 8 2 2 4 6 9 1 6 5 3 8 10 9 9 5 3 2 6 9 9 8 9 10 3 2 6 3 9 10 7 1 5 8 2 6 1 4 2 5 3 1 10 6 9 3 5 4
5 2 6 8 2 1 6 9 2 3 5 1 6 7 5 4 5 7 7 6 9 6 1 5 3 5 3 1 9 5 7 1 3 10 1 7 1 1 1 1 4 8 6 10 10 8 8 6 4 9 7 5 6 5 6 1 2 3 9 4 5 1 3 4 1 1 6 9 7 7 3 7 6 5 1 4 3 1 5 9 8 10 5 6 10 6 7 7 8 9 8 2 2 6 7 3 6 7 5 2 4 9 9 6 1 7 2 3 6 5 4 2 2 8 7 7 4 2 5 7 10 3 7 10 7 6 9 2 5 2 4 9 3 3 3 2 7 2 9 9 6 7 10 10 6 7 2 3 2 6 1 2 9 7 5 1 4 8 5 6 2 9 7 5 1 7 8 4 7 10 10 2 10 2 9 7 7 1 10 3 4 4 2 7 6 4 8 1 6 10 2 10 3 6 6 5 2 10 1 7 9 2 7 8 8 5 6 7 1 8 1 6 9 7 8 4 8 7 10 6 7 1 7 8 5 6 9 10 7 5 7 10 10 3 3 6 5 2 9 8 10 9 9 4 3 8 5 9 2 5 1 6 4 8 8 9 3 5 2 4 1 4 6 3 5 9 10 3 8 4 4 9 4 2 7 9 4 8 1 3 9 3 10 5 1 4 6 4 9 6 1 9 1 2 4 6 7 6 1 3 8 1 7 10 3 10 9 1 1 4 3 5 5 4 3 7 7 3 9 3 8 2 1 9 9 4 7 3 8 7 10 7 10 4 6 2 3 7 9 4 3 6 2 6 8 2 1 9 2 2 1 7 1 9 5 4 1 2 6 5 7 5 5 4 7 3 8 2 9 1 2 6 2 9 5 6 8 3 4 6 4 7 6 1 5 9 6 1 9 2 10 4 9 3 7 10 9 5 10 8 7 3 4 7 1 8 3 4 10 8 6 2 8 2 4 3 1 10 7 10 9 7 2 2 8 3 1 9 4 2 7 6 7 8 2 8 8 9 1 9 2 10 9 8 2 7 2 4 7 7
5 9 4 3 10 8 9 5 10 3 3 4 2 10 10 7 7 7 9 1 9 6 3 2 4 6 2 6 1 2 6 2 5 9 4 1 1 7 5 1 2 10 1 7 10 3 4 10 1 5 5 2 5 5 7 2 4 3 10 2 10 9 7 10 7 4 6 8 3 1 4 1 6 5 3 5 10 4 6 4 3 1 5 9 5 1 3 2 9 6 6 4 8 4 9 6 1 1 5 1 1 4 10 3 2 3 5 4 6 8 5 6 3 2 1 4 6 6 4 10 5 1 6 2 9 3 1 2 9 9 9 3 4 10 2 1 3 4 7 5 6 8 4 6 3 9 4 9 2 5 9 1 5 9 8 2 7 10 5 6 1 6 10 1 8 6 5 1 8 10 4 7 4 7 9 7 8 10 4 8 10 9 1 4 7 5 8 6 3 3 7 5 7 2 8 1 1 9 3 5 1 3 4 10 8 10 10 4 3 2 2 7 4 1 9 2 3 6 5 9 8 6 7 9 9 3 6 7 8 1 7 8 3 5 5 8 10 6 1 8 4 8 3 3 1 3 3 3 3 4 7 6 7 4 8 6 7 10 7 6 4 8 3 4 7 7 9 9 7 4 3 8 8 10 6 2 7 5 7 7 10 5 5 5 4 1 9 8 2 5 9 10 1 1 4 3 7 1 4 3 1 6 4 5 6 3 10 8 6 9 4 5 9 7 8 10 1 9 2 9 5 10 6 6 2 4 1 10 3 3 2 3 7 1 5 1 4 4 9 8 2 8 3 3 10 9 6 1 10 6 4 10 2 5 6 4 10 8 8 3 6 2 2 7 1 9 9 3 6 3 5 2 3 8 3 6 4 4 3 8 8 7 4 1 6 8 10 5 9 4 9 1 10 8 3 8 1 3 2 3 8 10 6 6 1 9 2 8 10 3 6 8 1 1 3 3 9 10 5 10 6 7 2 3 4 8 8 2 9 9 3 2 4 2 3 9 1 2 4 4 10 7 5 6 10 10 2 10 1 5
5 10 10 4 3 9 8 10 8 8 8 4 8 7 8 1 4 10 6 6 5 2 2 7 5 6 9 1 3 1 9 5 1 9 9 6 8 5 7 9 5 2 3 8 9 6 8 9 7 10 10 9 6 9 6 7 2 2 4 1 6 3 6 3 3 6 8 6 1 9 3 9 4 6 8 8 5 4 6 8 8 4 7 6 8 6 9 9 9 6 8 1 1 7 10 1 7 6 5 3 9 10 9 2 10 9 6 9 5 8 8 8 9 3 10 9 2 6 2 2 10 4 7 5 5 8 6 2 8 10 2 9 2 6 4 3 7 9 3 8 8 2 3 8 9 10 4 8 8 6 8 8 3 4 10 6 3 4 8 6 3 1 8 8 1 3 6 9 4 5 6 6 2 1 2 10 1 2 3 9 9 7 1 2 3 8 2 4 5 7 4 8 6 5 10 8 7 5 10 1 2 8 7 9 6 7 10 5 10 6 4 10 4 6 10 1 7 2 6 5 4 9 10 6 2 9 5 2 7 4 7 7 4 6 8 3 1 7 9 10 7 1 3 7 7 6 2 5 4 6 7 10 3 9 3 4 9 2 4 9 5 7 5 4 8 10 10 5 6 5 7 9 5 8 7 10 10 4 7 5 7 2 3 8 2 1 6 2 7 10 6 10 6 8 1 10 7 10 9 4 10 1 1 2 5 7 1 10 2 1 6 4 2 4 2 3 1 8 6 1 3 6 4 5 2 5 7 6 9 5 7 4 5 3 1 7 4 4 7 9 10 9 8 2 6 10 8 6 1 9 5 6 10 5 2 4 4 5 4 4 7 7 2 2 4 1 10 9 7 10 3 7 6 5 2 10 7 7 2 2 6 6 10 3 3 10 7 7 9 6 6 3 3 5 4 2 1 6 2 3 2 6 4 8 5 1 4 5 5 8 8 6 4 7 5 7 5 4 6 5 7 7 6 6 6 4 1 3 4 1 10 6 7 4 3 6 8 10 10 5 1 8 1 7 7 8 1 4 6 1
3 4 6 1 3 5 7 7 8 6 6 2 1 5 8 1 1 9 3 9 4 7 6 5 8 6 6 3 8 9 2 9 1 10 4 6 7 5 8 7 6 5 1 10 7 4 6 7 8 3 10 10 3 4 3 4 3 5 5 1 3 10 6 3 2 3 9 2 4 5 1 7 4 5 10 9 4 3 3 3 3 2 6 5 6 7 8 7 3 1 10 3 9 9 2 4 4 4 8 6 2 1 7 1 1 10 4 8 4 4 8 3 1 2 9 1 6 5 10 1 3 4 5 9 8 5 7 8 1 3 2 10 1 8 7 1 10 10 2 10 5 2 5 10 9 8 7 5 4 1 9 1 9 2 3 4 9 6 6 10 1 9 4 3 7 9 5 4 4 4 2 5 7 4 6 2 6 3 1 8 6 1 7 5 2 7 3 4 3 5 5 2 8 6 2 1 5 7 5 10 7 9 4 9 10 1 2 7 6 4 8 1 2 3 2 9 7 6 5 10 8 9 1 5 2 6 2 4 1 10 4 5 4 7 1 3 4 9 8 4 7 5 3 7 5 9 10 9 10 8 6 9 10 4 4 3 10 6 8 5 5 3 9 1 9 5 3 10 1 3 6 7 5 2 4 3 6 10 1 10 7 6 8 7 1 1 1 7 10 8 6 2 2 5 4 1 3 4 7 9 3 9 1 6 7 1 4 1 5 1 10 2 6 1 10 7 4 6 10 9 7 10 1 5 8 3 4 9 3 2 2 4 4 8 9 8 8 3 5 7 2 2 3 4 3 10 6 7 1 9 6 7 9 1 10 7 3 9 8 9 6 9 6 9 8 5 10 8 5 4 8 7 7 4 6 5 10 4 7 7 6 3 10 5 4 4 8 4 6 9 3 4 4 10 7 6 6 6 2 1 4 4 2 6 5 5 4 7 10 5 4 6 8 7 5 1 1 2 8 8 8 8 6 10 1 5 10 9 2 7 2 6 8 6 9 5 6 8 6 8 2 10 1 2 8 2 6 8 8 3
5 1 5 8 9 5 1 6 6 5 7 2 7 9 1 10 3 4 4 1 3 3 10 5 5 1 6 7 1 8 10 3 8 9 3 10 5 5 3 4 4 2 5 9 7 4 4 2 2 6 3 3 8 6 9 3 10 6 10 2 6 1 8 5 3 5 5 8 5 3 2 5 4 3 1 5 5 1 7 10 3 1 8 10 4 2 6 4 1 2 8 6 6 10 9 8 1 9 2 6 5 1 2 1 5 2 9 3 6 2 10 3 3 3 4 8 6 7 8 4 4 5 4 4 5 3 3 6 2 4 1 6 6 3 8 2 2 2 9 7 2 9 10 3 8 4 8 5 7 5 2 6 7 6 4 6 3 10 9 4 5 3 2 3 3 9 7 10 1 2 4 6 1 2 5 4 3 3 5 10 7 10 10 7 9 1 3 3 2 8 6 8 10 9 6 8 9 3 2 6 3 1 5 3 2 7 9 7 4 9 4 4 6 5 9 8 10 2 8 8 9 5 10 6 6 8 10 2 6 9 1 8 8 4 5 8 7 1 4 4 10 7 3 10 5 6 10 2 8 3 2 7 2 8 7 8 8 10 2 1 4 5 2 4 10 5 2 10 2 4 6 4 3 9 2 4 2 3 10 3 1 1 10 6 1 10 6 7 9 9 8 5 8 6 9 9 2 5 10 2 6 4 5 10 4 3 3 4 3 6 9 3 6 6 5 1 8 1 6 6 6 3 2 10 2 5 1 8 7 7 1 9 3 9 4 4 8 1 4 2 6 2 7 8 10 3 9 9 5 10 4 5 3 4 2 7 3 2 7 10 5 2 9 5 3 6 8 2 7 2 10 4 4 9 6 1 9 1 6 8 7 5 7 2 10 2 3 7 9 10 1 6 7 6 3 4 8 7 4 4 8 6 6 5 5 8 9 8 3 4 4 5 1 3 8 4 10 8 4 8 8 3 7 6 2 3 1 2 6 1 2 2 3 4 2 10 4 6 6 4 1 7 3 6 2 10 5 5 4 1
2 8 4 2 1 2 7 10 9 7 4 6 1 9 3 9 7 1 1 10 3 5 1 4 3 4 6 7 4 6 6 6 7 1 7 7 8 2 6 5 7 8 6 6 3 8 6 5 8 9 2 2 7 9 8 1 2 1 5 10 10 1 5 6 4 9 10 4 7 2 8 6 9 5 6 2 10 3 5 4 4 1 8 6 1 10 10 1 1 2 4 10 9 8 3 8 1 4 2 8 4 5 3 7 9 2 8 9 5 2 7 9 3 10 3 2 3 2 9 3 5 8 1 10 3 3 2 4 2 10 7 2 5 1 3 9 3 1 6 9 8 3 4 9 7 6 6 3 5 5 9 7 5 9 1 10 8 3 8 10 8 9 2 5 5 5 9 10 6 2 5 1 7 9 3 6 2 6 4 6 9 3 2 6 6 5 1 1 10 10 7 3 5 2 2 4 1 9 2 7 9 8 6 5 1 1 6 2 5 10 1 7 7 8 10 9 10 8 2 3 7 9 7 5 6 9 9 4 10 10 10 2 1 10 7 2 7 4 8 4 10 3 2 6 5 1 6 4 10 1 1 1 8 10 3 2 7 8 10 5 8 3 1 4 1 2 5 3 4 8 2 3 4 1 2 6 10 10 4 2 3 8 5 5 9 5 4 3 8 7 6 8 10 2 7 2 9 2 3 3 5 8 1 2 10 7 5 5 4 5 6 5 2 2 1 7 10 10 9 5 1 8 9 8 1 5 4 10 3 8 8 4 2 5 9 3 1 5 3 6 4 10 4 2 8 3 2 9 4 10 1 10 9 3 4 4 5 6 4 5 1 7 4 6 10 9 5 4 10 2 6 10 1 3 4 5 6 9 10 2 5 9 10 8 4 10 5 1 6 3 9 10 2 9 10 2 5 2 1 3 9 5 10 5 3 10 2 3 2 5 4 2 7 4 6 8 7 2 3 2 7 1 3 8 5 8 4 10 9 10 5 10 7 1 8 4 8 1 1 7 1 7 6 5 2 6 4 10 2 7
1 1 1 2 6 6 7 8 2 6 5 3 5 4 5 8 1 9 6 10 3 5 10 2 1 4 4 7 7 2 3 10 8 2 9 1 2 3 10 3 9 6 10 5 10 2 5 9 4 9 2 10 10 6 9 7 4 5 9 10 10 4 7 8 10 5 2 7 10 6 4 8 3 8 9 4 2 8 1 9 8 1 4 7 8 4 4 7 9 10 3 1 4 9 9 10 3 10 3 5 3 8 7 4 10 2 9 7 4 5 4 6 4 4 3 4 5 3 6 4 7 7 1 8 4 3 6 6 10 4 10 2 2 10 6 1 8 7 5 10 10 10 9 10 9 3 10 8 3 1 8 7 3 7 7 5 1 10 5 10 7 7 3 9 5 7 7 6 6 10 6 1 8 2 10 9 4 1 4 3 6 4 9 7 10 10 5 9 4 5 7 9 5 5 6 7 9 5 7 3 6 5 3 2 10 7 10 9 4 5 5 7 3 4 2 7 1 5 1 10 1 6 5 3 4 6 7 4 9 4 4 6 4 6 1 9 6 3 1 3 10 1 9 9 3 5 5 1 7 7 3 7 7 5 9 10 10 6 1 1 4 5 5 9 3 10 1 2 10 1 9 3 10 10 7 5 6 6 9 7 3 3 8 9 6 1 1 10 6 5 8 8 4 4 8 7 7 1 9 8 3 3 8 2 7 1 6 10 3 6 5 1 3 10 10 8 9 9 9 8 10 4 1 3 9 2 7 8 9 9 3 1 6 8 8 9 10 10 9 6 2 5 6 5 8 5 10 9 3 5 3 5 2 2 5 2 10 6 2 9 9 3 8 6 4 7 8 4 8 7 8 2 8 7 8 9 10 6 7 3 10 9 9 10 9 6 4 4 5 3 6 9 7 2 5 5 6 2 7 2 8 3 8 4 2 4 10 10 2 10 10 9 1 9 8 1 9 5 5 6 6 2 9 10 10 5 7 9 8 5 6 4 3 5 8 1 9 7 9 2 2 2 2 9 3 1 7 3 6 8
1 4 1 10 3 8 9 5 3 1 1 7 1 7 9 4 4 10 6 9 5 3 3 1 9 1 7 7 10 6 5 8 1 1 8 2 10 1 6 6 5 8 1 7 2 3 8 4 1 4 6 2 5 4 2 6 1 10 3 2 3 4 1 4 8 2 9 3 5 3 1 6 6 5 8 5 6 4 10 10 2 6 7 4 7 9 4 2 5 2 4 9 8 7 9 6 5 5 1 3 9 4 4 4 5 3 5 8 6 10 8 7 8 10 4 5 4 9 3 1 1 5 4 9 3 10 2 3 9 8 7 2 6 1 9 5 4 6 3 9 5 3 8 5 3 2 7 3 6 6 9 6 2 1 8 6 4 6 10 1 9 4 1 7 1 6 4 7 4 4 9 4 4 7 10 4 2 2 9 5 7 7 2 5 10 8 10 8 1 7 6 7 1 10 8 1 9 3 1 2 7 5 1 5 8 2 2 6 1 2 10 10 1 4 2 10 1 8 4 4 1 7 9 6 7 2 3 1 1 8 9 8 9 9 3 1 8 4 9 4 3 1 2 2 1 9 5 4 8 10 6 8 9 9 9 5 5 10 4 6 9 2 6 5 3 7 7 4 2 8 8 1 8 7 7 3 7 10 7 5 3 3 2 7 5 10 2 3 1 3 3 4 4 5 9 1 1 8 7 4 3 3 1 9 7 4 7 9 1 1 1 9 9 3 10 1 3 4 6 1 8 4 9 6 7 1 7 6 3 1 10 6 10 4 2 10 7 4 2 7 10 1 8 7 5 9 3 7 6 3 4 9 6 5 2 5 3 5 4 7 2 1 3 6 10 4 1 10 8 2 4 5 4 4 10 5 5 5 1 5 1 4 8 1 9 2 5 2 7 4 6 7 10 9 1 8 1 9 9 2 7 9 10 10 1 8 5 6 2 6 5 5 6 8 3 2 2 6 10 5 2 5 4 8 5 5 4 5 10 2 2 5 6 4 2 6 1 3 9 10 2 5 1 7 2 9 9 10 9 1
1 10 4 3 5 2 1 2 1 4 7 8 2 10 6 5 6 7 8 3 3 7 7 4 3 2 3 1 2 3 1 9 6 8 1 4 1 10 7 6 7 2 8 10 2 7 3 6 8 4 3 8 1 4 1 5 10 4 6 10 8 7 9 4 2 4 7 4 1 3 3 9 9 7 3 2 7 5 4 1 4 3 8 10 7 10 10 10 3 10 4 5 10 8 2 2 10 8 5 5 7 4 7 9 4 6 10 2 9 7 8 7 3 5 2 8 9 5 2 4 6 1 9 7 3 4 6 5 6 1 3 3 3 5 1 4 3 9 4 1 5 8 3 1 5 6 2 8 5 6 1 2 9 9 1 10 3 5 10 1 1 1 5 2 7 7 1 10 3 4 7 7 9 3 3 2 4 2 10 7 3 10 5 2 8 3 10 6 9 1 3 6 4 2 7 1 4 1 5 2 4 10 6 7 9 2 10 10 7 9 8 8 1 10 7 3 5 1 5 2 7 6 6 4 5 2 7 3 4 9 5 3 8 10 5 5 3 10 10 3 4 4 5 1 9 7 2 9 5 10 1 2 4 7 1 4 2 5 10 4 3 10 5 8 1 1 10 2 9 10 8 1 9 7 4 6 6 3 3 6 9 8 1 10 5 3 5 3 9 8 1 10 2 3 5 6 3 3 8 6 9 2 2 9 5 2 10 10 8 7 1 4 7 8 3 6 1 10 9 6 9 6 3 7 7 1 6 9 7 6 5 2 7 3 8 9 8 6 1 4 8 6 6 10 6 5 9 1 6 9 3 6 9 6 3 9 6 6 10 5 7 10 4 9 7 4 4 7 7 4 6 1 5 2 3 6 4 9 1 1 5 10 5 7 2 6 4 6 2 1 5 1 10 8 5 5 2 7 1 9 1 1 7 6 2 2 9 2 4 6 6 4 3 7 1 8 4 4 10 10 2 2 6 8 7 8 9 9 2 1 9 8 1 6 4 6 4 10 1 3 4 10 5 4 3 3 4 10 4 5
2 6 8 10 6 1 1 1 7 6 9 4 2 4 9 6 10 2 6 10 1 2 5 10 7 5 10 3 7 5 2 10 5 6 10 1 7 10 8 4 10 1 5 3 7 3 8 10 4 2 2 9 4 8 2 3 10 4 1 10 9 7 4 2 2 8 10 1 5 9 1 8 6 7 9 9 5 10 3 8 3 9 3 3 5 2 2 8 4 3 3 9 4 8 1 8 9 6 7 1 1 7 5 3 5 4 9 5 8 7 7 4 6 3 2 2 10 9 7 10 6 4 1 10 7 3 10 10 7 7 3 5 5 6 4 10 4 1 4 6 6 9 6 1 2 1 8 10 10 3 9 3 7 7 2 10 8 2 3 7 7 5 10 10 10 1 6 2 7 9 8 5 1 9 5 1 9 10 5 4 4 6 2 5 3 5 6 6 10 7 7 5 10 2 8 10 5 5 1 7 7 5 10 2 7 8 9 8 5 1 7 7 10 8 8 3 8 6 8 1 10 6 1 5 10 9 7 10 10 5 2 1 4 8 10 4 10 3 1 1 8 8 9 5 10 9 3 6 9 10 10 9 8 10 2 2 10 8 3 4 1 3 7 2 7 6 5 8 5 2 8 3 10 5 9 4 4 1 6 3 3 4 3 6 7 4 1 2 10 5 7 3 9 9 7 7 3 9 4 1 4 4 8 7 8 4 2 9 2 3 5 10 1 10 3 10 4 3 7 3 7 7 2 3 6 10 1 9 8 3 9 9 5 9 7 10 7 2 4 5 5 10 7 3 8 5 1 3 5 8 6 5 2 3 2 6 5 1 1 8 4 2 3 6 4 9 2 6 5 1 6 3 5 1 1 1 3 9 9 5 4 4 4 2 5 9 5 8 3 8 8 1 1 8 6 5 10 9 5 3 9 10 3 1 1 10 4 10 7 1 2 6 2 2 5 3 4 7 10 1 1 9 9 9 6 1 10 3 1 2 10 5 7 2 3 3 10 10 4 3 4 8 9 9 8 4 7 4 8 2
1 3 8 4 7 2 6 2 1 4 1 4 9 8 10 2 10 4 10 7 10 5 10 7 6 2 2 3 6 9 7 5 8 3 10 6 7 7 4 8 6 6 5 10 9 1 9 3 2 2 8 8 8 8 4 8 8 8 4 9 10 2 9 2 4 5 2 3 7 10 10 4 6 1 9 7 1 2 10 10 2 7 1 2 3 7 9 3 10 5 2 3 10 9 9 2 4 7 8 1 7 7 3 4 4 9 2 6 6 9 9 7 1 9 2 9 3 8 4 2 2 1 1 1 3 3 1 10 1 8 10 10 5 9 2 6 10 1 4 5 6 7 5 6 5 3 10 9 1 1 10 1 10 5 10 9 5 7 4 4 2 7 9 4 10 2 2 10 3 3 5 9 9 9 8 7 7 6 4 2 1 9 8 6 8 1 5 7 3 4 8 7 3 6 10 8 1 4 5 3 5 7 6 9 5 9 7 9 6 10 7 10 3 2 9 3 1 9 3 7 2 3 2 7 9 8 7 8 6 5 9 9 7 2 6 10 10 5 3 2 7 10 9 8 2 5 3 9 8 2 10 10 4 5 4 3 8 5 10 3 8 3 8 9 6 9 10 4 5 4 4 2 4 6 9 3 10 3 3 10 3 7 9 5 5 7 1 1 5 7 3 1 9 1 3 7 7 7 5 3 8 9 10 4 2 2 2 10 4 7 6 2 8 9 10 7 8 9 7 1 6 4 4 3 2 9 4 9 10 1 7 8 8 3 8 6 6 3 7 4 9 10 7 6 3 4 9 2 1 7 9 9 5 6 5 9 9 6 7 5 2 9 5 6 1 9 7 4 3 8 9 6 3 1 10 8 4 3 4 1 2 1 3 5 3 3 1 9 4 5 2 4 10 3 5 1 1 3 8 2 4 9 5 2 6 7 2 2 9 2 2 7 3 9 6 3 8 2 9 4 8 9 7 4 3 4 1 8 9 2 10 1 8 3 7 6 9 2 5 5 1 1 6 10 2 3 9 9 1 9
2 6 8 7 4 8 8 4 2 8 9 1 4 1 3 7 7 9 8 8 5 7 7 2 4 4 4 8 3 7 3 10 3 4 6 9 2 7 3 10 8 3 9 8 1 7 10 8 7 2 10 1 9 7 1 1 9 7 1 8 7 3 2 6 5 4 5 3 10 2 4 4 8 8 8 7 5 2 2 2 1 4 10 8 5 5 3 1 1 8 9 8 10 2 4 8 4 10 4 3 2 4 2 1 2 9 8 4 9 2 9 3 5 3 5 2 5 3 9 1 2 2 8 2 10 7 5 4 4 4 10 10 1 4 6 10 7 8 9 1 8 7 9 1 10 4 8 7 10 2 9 6 1 4 1 8 2 3 10 5 1 7 1 7 7 1 10 8 7 8 5 10 8 4 9 1 5 5 2 9 2 2 6 7 9 10 8 4 2 7 3 7 10 8 6 2 7 3 6 7 3 10 4 8 5 8 1 4 3 9 10 7 3 5 4 4 3 2 3 8 4 2 9 1 3 6 2 4 4 8 7 6 9 8 9 7 6 10 9 4 9 4 2 6 3 10 3 4 4 4 5 10 5 4 9 8 4 9 3 9 5 4 2 1 4 5 3 8 5 4 4 2 10 8 5 8 6 7 10 7 4 8 4 2 1 8 7 2 3 8 7 1 1 3 1 8 7 10 10 1 9 7 5 3 10 2 9 7 8 8 4 5 10 8 1 7 10 9 9 7 8 6 9 8 7 1 8 10 9 2 3 9 1 2 3 3 8 6 8 3 1 8 4 6 6 6 9 7 1 1 2 8 1 3 2 1 9 7 8 1 9 3 10 6 8 7 9 7 6 6 3 4 3 2 9 1 6 3 7 10 3 5 3 9 5 5 10 1 5 3 6 10 6 2 2 8 7 2 3 7 4 4 4 1 7 6 6 5 4 6 6 9 6 4 8 3 9 8 7 5 8 3 3 5 2 6 4 6 4 10 10 9 7 8 10 9 10 5 10 10 5 4 4 8 3 7 1 9 9 1
4 8 5 8 8 7 2 1 5 2 10 6 1 1 8 3 2 6 6 9 9 9 5 5 8 9 8 8 1 9 9 3 4 2 8 10 4 2 5 4 10 10 3 3 3 8 6 8 2 6 8 5 6 5 1 3 1 8 5 2 6 6 4 5 1 3 1 2 9 1 10 2 5 8 2 9 2 7 8 8 1 1 1 5 10 1 4 5 9 7 4 1 4 2 1 1 2 8 3 4 6 1 5 4 2 8 6 5 3 6 4 8 6 9 8 2 1 1 1 9 1 1 10 6 3 1 3 5 10 8 2 8 3 5 8 8 1 6 8 5 9 10 5 3 7 2 9 10 2 3 1 4 6 7 7 8 6 1 3 9 10 10 10 9 7 9 7 3 6 5 2 8 5 9 5 2 10 1 6 10 5 8 9 1 7 4 3 4 9 4 8 6 1 8 5 10 8 9 8 5 10 5 10 7 4 5 6 4 9 4 8 8 4 2 7 4 6 3 6 10 10 5 2 6 2 10 5 9 10 5 4 6 9 4 4 1 10 2 10 8 6 5 9 7 5 8 4 10 7 4 3 4 7 9 7 6 7 1 8 7 6 10 9 10 2 4 1 10 3 2 10 3 8 5 9 8 1 9 4 9 5 9 10 4 10 9 9 10 4 1 2 9 1 3 6 6 8 5 5 9 2 7 3 2 6 10 8 8 10 9 8 5 10 10 7 1 4 2 5 8 7 7 9 5 8 6 7 3 6 7 2 10 2 4 9 7 8 9 10 1 1 10 10 3 10 2 5 8 10 5 6 8 9 5 8 10 10 8 8 7 6 2 1 7 5 6 5 9 10 7 5 9 9 6 1 3 6 3 8 3 5 8 7 2 4 5 8 3 3 1 10 8 5 2 3 5 10 2 1 9 8 3 2 4 5 8 6 9 6 5 8 4 5 10 7 3 5 4 3 10 7 1 1 8 6 8 6 5 1 5 4 6 3 9 10 4 5 6 9 7 9 8 6 8 6 4 1 10 6 3
4 1 2 5 10 1 2 2 8 5 10 6 7 5 9 9 8 9 3 9 1 4 1 9 10 6 7 6 10 10 2 6 7 8 3 3 3 7 4 1 2 2 1 1 10 10 4 10 5 2 1 4 4 5 6 10 5 4 8 3 9 6 8 9 1 9 1 7 7 2 10 6 7 5 2 1 1 4 1 1 9 1 4 9 4 8 3 7 5 10 8 6 5 8 3 3 9 9 9 1 10 3 8 3 5 4 3 9 3 4 7 4 9 4 8 7 8 6 10 3 1 7 1 2 4 1 3 10 7 10 6 2 6 7 6 4 8 9 6 7 10 4 5 9 9 4 6 4 5 4 3 6 9 6 9 3 9 2 8 7 5 5 2 4 7 3 10 3 5 9 9 6 2 4 3 3 1 7 8 5 8 3 5 9 2 10 3 6 4 3 1 8 2 6 10 1 6 9 6 9 10 9 9 6 10 6 9 5 6 8 1 5 10 8 3 8 2 3 2 4 10 4 9 7 4 7 2 8 8 3 3 8 2 2 7 1 8 5 2 10 3 7 1 1 3 7 6 10 8 5 1 3 6 4 2 8 9 3 5 7 3 10 8 1 3 4 7 10 2 8 5 10 10 1 4 3 1 9 6 3 7 1 3 2 3 7 8 10 6 5 1 2 4 3 8 10 2 7 10 5 8 2 7 7 9 8 2 5 10 9 6 6 4 6 9 6 2 9 1 2 8 8 3 9 2 7 4 8 10 4 2 3 1 5 2 1 6 3 8 2 1 3 7 9 8 3 3 1 6 3 3 7 7 4 2 10 1 6 6 6 5 1 1 2 2 9 7 2 8 1 10 8 9 9 2 3 7 6 9 3 6 6 6 5 9 4 4 7 10 2 5 1 7 9 4 5 2 10 8 7 2 3 1 10 10 7 6 9 9 3 6 3 1 7 3 6 7 6 10 8 1 9 8 7 3 8 3 3 4 2 10 8 2 7 4 1 3 2 2 7 5 6 3 8 10 3 10 6 7 10
5 6 6 8 4 10 9 9 8 4 8 8 8 7 7 9 4 4 3 9 8 7 8 8 7 5 7 5 5 9 10 2 1 1 7 9 6 2 5 6 10 9 7 10 6 5 6 9 3 8 1 6 10 8 4 9 1 3 3 2 5 4 7 6 9 7 4 2 8 6 7 2 9 10 4 4 4 9 1 5 5 10 3 4 1 1 4 3 10 7 9 10 9 7 6 1 3 5 10 3 4 6 4 7 9 2 1 9 6 7 5 7 1 10 1 9 9 6 8 9 8 2 7 4 2 2 5 4 8 2 10 2 3 10 6 6 10 8 5 6 5 2 1 9 10 4 5 10 8 8 6 5 2 6 1 8 4 3 6 6 9 1 10 2 1 7 10 4 3 2 6 3 4 1 6 3 10 4 10 4 4 5 7 10 2 10 7 7 7 3 2 2 2 3 9 1 5 1 7 2 10 1 1 3 8 6 8 7 7 9 4 10 10 1 2 2 7 7 10 1 7 5 1 8 8 2 4 4 3 3 1 7 3 10 4 6 5 7 10 1 9 6 5 4 9 6 1 3 3 8 8 3 3 9 7 6 4 7 4 2 9 9 6 2 10 2 6 1 5 10 5 8 10 4 9 9 2 5 4 3 4 1 9 6 7 7 1 5 1 6 7 7 3 2 10 3 3 2 9 7 5 6 2 6 7 10 5 7 1 2 8 5 4 9 4 1 9 6 5 10 9 4 2 2 3 4 8 4 7 1 7 4 7 7 6 3 3 7 6 9 7 1 4 4 9 10 3 3 8 1 4 6 2 1 6 8 5 6 10 4 3 6 9 7 6 7 4 9 3 10 7 5 6 4 3 7 10 8 2 1 8 6 2 1 2 4 3 10 4 9 2 1 3 10 2 2 8 9 1 7 10 7 10 6 7 2 2 6 8 5 2 4 3 4 7 3 1 7 4 5 7 6 3 1 3 7 6 7 6 7 10 7 3 6 10 1 8 3 4 6 1 1 4 6 3 10 6 2 5 3
3 8 5 3 3 3 8 10 3 5 8 7 8 3 1 10 8 7 7 8 6 8 1 2 3 6 5 8 10 3 7 7 3 5 3 10 2 3 1 10 9 1 10 7 6 1 8 2 3 2 8 6 8 8 1 5 6 10 4 3 3 6 4 7 7 1 6 6 2 9 10 3 10 4 5 6 4 1 8 6 4 10 8 5 2 6 4 2 7 4 10 9 7 6 9 5 8 8 6 2 9 6 5 9 5 9 6 10 9 3 5 7 8 1 6 2 7 1 2 1 6 4 7 4 4 8 9 4 5 9 1 5 6 3 4 2 9 7 6 6 2 4 10 8 6 4 6 6 6 7 7 3 8 10 1 2 2 8 5 2 4 8 1 2 10 8 7 7 9 10 10 10 5 9 2 1 5 6 8 3 7 7 10 3 9 2 10 8 7 3 9 1 7 4 2 6 2 6 5 7 5 8 4 1 4 5 6 8 5 3 2 7 9 5 10 9 5 3 7 4 4 3 3 4 2 7 10 5 5 10 5 4 3 5 4 1 8 1 2 6 2 10 3 4 2 2 9 7 9 7 3 4 7 5 1 3 1 4 5 2 3 6 3 7 8 8 9 5 8 10 7 5 3 6 3 4 5 2 7 7 3 3 3 6 9 5 6 7 4 8 10 4 8 6 1 9 5 2 5 7 7 5 10 3 5 5 9 1 9 1 5 7 5 6 6 8 8 2 8 3 9 2 2 1 8 2 5 4 4 2 9 8 6 2 5 2 1 6 6 7 6 3 2 8 4 6 6 9 3 3 5 9 7 4 1 4 2 8 1 7 1 9 1 10 2 5 7 3 5 3 4 6 10 5 4 1 1 4 10 10 5 7 7 4 8 10 3 10 10 5 4 9 2 9 3 3 2 2 6 7 5 2 2 5 2 6 4 3 9 3 6 1 2 2 7 1 10 9 2 7 8 8 3 2 2 4 1 8 10 2 9 10 1 6 2 5 7 8 2 6 4 1 2 7 6 8 10 4 9 3
3 8 4 9 6 4 9 3 9 2 2 2 4 8 5 1 5 4 6 8 7 8 9 9 6 10 6 6 3 6 2 8 1 8 3 3 9 7 9 7 9 7 6 2 2 9 4 7 2 1 6 10 1 10 2 5 7 4 4 10 10 4 2 4 7 3 3 6 9 9 8 7 8 9 6 4 4 2 6 10 8 3 1 5 3 9 1 2 5 4 2 5 10 5 7 2 9 1 8 9 10 6 4 9 5 3 5 10 4 10 4 8 7 7 1 10 2 4 7 5 9 3 1 4 2 8 7 9 4 8 3 3 8 4 7 1 9 4 10 8 1 2 1 6 2 10 9 4 3 10 1 8 1 5 3 3 8 5 7 6 8 2 4 10 7 2 4 3 7 4 6 10 5 3 6 7 5 5 4 3 8 1 10 8 9 7 1 7 9 8 10 1 2 3 7 6 1 1 1 6 7 9 3 8 8 4 2 4 9 9 3 6 8 1 2 8 7 3 3 6 5 8 5 9 3 1 5 9 8 9 7 1 4 7 3 2 9 9 1 8 2 2 6 7 8 5 10 3 10 2 7 6 1 8 2 4 2 3 5 9 4 7 3 9 9 6 10 10 10 9 4 6 10 10 6 3 4 10 8 6 8 6 1 10 6 1 7 6 6 3 1 7 7 4 6 3 2 5 9 1 4 3 10 8 7 1 5 5 10 10 10 1 2 10 6 1 2 6 1 1 7 4 1 7 6 1 6 1 6 6 9 10 9 6 1 9 1 3 9 5 4 1 10 4 1 2 7 5 6 3 2 3 6 10 4 6 5 8 9 1 2 3 2 7 3 8 1 10 2 3 6 10 5 10 6 1 5 7 7 5 7 6 6 9 5 5 5 10 2 6 8 6 10 2 2 8 9 8 9 6 4 9 5 3 2 6 5 7 7 3 2 4 10 4 4 6 4 7 9 7 2 6 2 7 4 5 5 2 4 2 6 5 7 8 7 6 10 9 4 3 7 7 7 10 3 3 2 5 5 2
3 8 1 10 5 9 2 10 7 2 10 10 6 7 9 6 9 3 3 2 1 10 10 2 5 3 4 10 5 3 5 10 7 8 1 10 3 2 1 5 10 10 7 4 6 6 5 1 6 3 6 5 2 3 4 10 2 1 1 9 4 10 8 9 9 10 7 5 8 4 6 10 4 9 8 2 8 2 9 6 2 4 6 3 4 5 1 9 2 2 4 2 10 4 6 5 5 9 5 10 8 8 6 5 5 8 7 7 1 8 3 5 4 5 8 6 3 1 1 1 8 8 9 5 6 10 5 7 2 10 10 7 1 8 7 9 2 4 5 8 8 4 4 5 5 7 9 7 8 5 7 5 8 3 2 4 7 3 2 6 7 3 3 6 3 10 3 7 2 1 9 4 6 1 10 7 1 4 4 8 4 3 9 5 4 1 7 2 3 8 1 9 10 8 6 10 3 6 4 6 5 1 5 1 9 1 4 2 8 10 4 8 10 5 8 6 7 2 8 2 6 4 9 6 10 2 8 1 9 3 7 3 5 8 10 1 1 4 2 10 1 2 3 3 5 9 2 3 1 5 7 10 1 8 4 10 9 9 9 8 5 9 5 4 1 1 6 2 2 8 2 10 7 8 7 1 9 4 6 1 2 5 10 3 9 7 8 2 9 6 4 10 7 1 7 6 10 6 2 9 6 6 5 8 4 10 8 8 10 8 7 3 10 2 3 9 6 5 6 5 10 10 9 10 10 7 7 2 9 9 9 2 1 2 3 1 3 4 9 8 10 6 8 7 3 10 4 6 8 8 3 3 6 6 3 7 8 7 9 6 5 7 5 4 4 7 5 2 9 4 4 4 6 5 8 1 2 8 6 8 5 8 10 5 4 1 10 9 10 1 5 6 3 6 8 6 1 5 8 10 7 7 6 1 3 2 3 4 8 9 3 6 1 2 3 6 6 9 1 3 1 10 10 3 9 9 1 10 8 2 5 6 7 1 9 7 8 5 8 2 5 6 7 1 3 3 5 5 10 7
4 10 5 8 5 4 1 9 3 10 6 5 2 4 7 8 6 2 4 9 6 3 6 1 4 3 3 10 7 8 6 4 2 8 3 1 5 7 4 8 1 1 9 2 2 2 9 7 5 4 1 5 2 10 4 1 10 7 1 4 7 4 1 3 6 6 2 3 5 7 3 5 8 4 3 7 5 10 3 2 1 8 1 1 5 2 10 10 8 10 5 3 7 8 6 5 7 6 3 5 7 3 5 6 7 9 5 9 7 3 9 8 6 10 2 8 7 9 2 10 2 1 9 10 6 10 9 5 10 7 2 5 9 2 6 9 6 9 7 8 9 2 9 1 1 2 7 9 9 6 6 5 7 9 8 2 9 5 8 8 6 2 8 6 6 4 9 8 6 3 5 1 10 2 3 2 6 9 8 2 10 4 8 2 8 3 2 5 7 9 7 10 2 9 2 5 5 2 3 3 5 8 3 3 8 7 6 5 6 10 3 9 9 5 3 8 1 3 4 10 8 3 10 6 1 1 5 8 5 3 2 1 6 5 2 1 8 5 1 3 2 7 10 7 4 2 9 10 10 7 8 4 9 7 8 4 2 1 6 10 8 8 1 8 4 8 5 8 10 5 7 5 4 8 3 7 10 10 6 8 7 7 7 10 8 6 9 6 1 4 7 10 6 4 6 6 3 7 1 4 8 7 1 6 6 9 3 5 7 1 7 3 3 10 3 6 1 2 10 6 7 2 4 6 4 6 6 6 6 7 9 2 2 1 10 9 4 1 3 3 7 5 10 3 9 1 6 8 10 2 7 3 1 1 6 2 6 1 3 7 7 7 4 9 7 3 9 4 8 7 2 7 1 7 6 5 4 4 9 10 2 10 10 3 9 6 5 2 3 5 4 1 1 10 4 3 10 8 9 7 10 2 4 10 2 5 1 4 2 7 5 2 8 2 4 5 10 9 3 9 5 4 1 10 6 2 5 3 9 7 2 10 3 6 1 5 5 9 3 5 10 8 4 1 8 7 2 5 6 5
1 1 2 4 3 8 2 3 8 3 5 1 7 8 5 7 2 8 9 2 9 3 10 7 3 5 1 9 2 6 4 5 5 3 4 2 4 9 10 9 5 8 2 8 1 4 2 9 5 9 4 6 8 8 2 7 2 2 6 4 8 10 6 8 3 9 2 3 2 1 4 4 4 6 5 2 4 7 2 2 9 7 10 2 10 1 5 6 9 7 10 9 5 5 1 9 7 2 8 3 2 5 6 2 2 5 1 6 9 3 8 9 1 10 10 3 3 10 8 10 10 5 7 9 2 9 1 5 8 2 2 7 7 7 1 2 6 5 6 10 3 5 4 8 8 9 9 3 10 1 1 7 5 4 7 7 3 7 4 1 2 9 3 1 7 3 8 2 2 5 1 7 1 3 2 1 4 7 4 9 8 1 10 8 1 9 8 4 4 7 10 4 9 2 1 3 4 6 8 8 4 7 3 5 6 9 1 2 4 2 9 10 8 2 10 10 6 3 6 7 8 6 10 1 8 6 3 8 1 5 7 5 5 7 7 4 4 9 2 9 8 2 5 4 7 4 4 6 5 3 6 6 10 7 6 7 8 7 9 8 3 8 9 7 6 1 9 8 8 6 9 8 8 3 10 7 5 9 5 3 7 7 8 6 6 10 10 7 8 6 3 4 4 4 4 5 6 7 2 10 1 5 1 9 10 2 8 1 9 2 6 5 2 1 8 4 5 3 1 8 9 10 5 5 2 5 6 3 7 4 8 4 9 6 5 2 10 3 3 9 6 10 1 6 3 8 7 8 10 2 9 7 10 5 4 5 7 2 10 9 5 3 9 2 7 3 10 3 2 8 2 7 10 10 7 4 8 4 2 8 4 10 7 7 5 2 7 1 8 5 8 10 6 5 6 3 6 1 6 10 10 7 8 5 3 9 6 3 7 9 6 9 6 8 4 1 3 4 9 1 9 10 1 6 8 2 3 7 7 8 3 4 4 6 3 3 1 2 3 8 7 9 5 10 3 2 6 10 2 7
1 1 4 3 7 7 7 5 10 8 8 7 1 2 8 4 9 4 1 4 1 8 7 1 8 9 2 6 10 4 7 5 3 5 10 8 4 6 3 10 10 9 4 7 5 5 1 2 1 9 7 7 2 5 3 6 9 10 3 5 8 5 4 3 8 10 3 4 4 1 3 8 5 6 8 1 3 4 4 7 8 5 9 6 10 4 3 8 3 1 5 3 10 9 7 9 8 1 4 6 4 4 2 2 1 7 10 8 10 1 6 6 4 7 8 3 5 1 8 3 9 1 8 8 4 2 9 10 7 6 1 4 7 3 2 1 8 9 3 4 1 6 6 8 4 8 8 6 3 6 9 4 3 3 7 2 4 6 5 3 2 9 5 8 5 8 9 10 1 3 4 6 5 5 7 2 2 7 7 9 7 8 7 8 2 2 8 3 9 1 2 9 4 4 9 5 10 8 3 8 1 4 5 8 10 10 3 4 7 9 10 1 5 4 4 9 1 9 8 8 8 1 3 2 6 3 1 6 1 6 5 6 7 1 5 1 3 8 2 2 10 10 5 3 9 7 1 7 3 8 6 3 7 5 2 5 8 8 4 10 10 4 4 8 8 10 7 9 2 7 4 8 2 10 1 6 7 5 4 3 2 8 10 4 2 6 8 10 1 3 10 5 4 6 2 6 9 3 5 4 7 7 2 2 5 3 1 9 8 9 1 9 4 1 5 8 10 9 6 4 8 6 4 7 1 1 9 9 1 1 1 2 1 2 3 5 9 4 7 10 4 9 5 4 2 3 6 3 3 5 8 5 4 10 4 9 5 2 10 5 10 2 3 3 6 1 2 9 10 4 4 2 7 6 6 5 10 4 7 3 2 4 8 5 4 4 10 10 1 1 10 3 9 1 6 5 3 9 7 4 6 1 5 10 4 8 3 9 5 10 5 9 10 1 7 10 10 8 10 8 6 4 6 10 4 2 10 3 3 8 4 7 2 2 7 5 1 3 4 3 7 9 5 7 9 9 6 6 10 4
5 10 5 6 7 8 2 3 2 4 4 4 7 8 5 2 4 1 3 6 4 6 10 8 6 2 4 2 5 5 9 10 1 5 1 2 5 5 5 2 3 4 6 5 2 2 2 3 5 6 1 2 5 8 2 7 2 5 1 3 5 3 3 4 9 10 4 10 4 3 4 1 6 2 4 1 10 5 5 4 5 10 10 9 5 4 8 4 7 6 9 4 8 1 10 2 9 6 2 6 7 5 5 1 3 9 8 2 8 6 3 2 7 8 7 2 1 10 6 3 8 3 2 10 2 10 9 2 2 9 2 1 8 5 1 2 2 10 1 2 3 6 9 4 7 6 4 10 7 5 8 4 1 4 2 1 6 9 9 8 8 2 6 1 10 3 5 3 2 9 1 6 2 8 4 9 7 2 5 7 2 8 4 9 2 6 6 1 6 5 8 10 4 9 9 2 3 8 10 9 7 1 2 1 7 1 1 3 1 3 2 4 9 9 10 6 2 5 5 9 3 8 1 9 5 2 6 1 1 5 2 1 2 6 10 8 4 2 5 9 5 1 7 7 7 8 9 1 2 10 2 4 10 1 5 6 8 7 10 4 1 9 2 2 1 9 3 5 9 7 6 7 9 3 3 4 4 5 2 10 3 9 3 2 7 3 8 5 7 5 7 2 10 6 8 6 9 2 9 9 6 6 9 8 4 8 3 7 3 9 5 3 5 8 4 10 5 4 1 1 3 5 1 8 5 9 5 8 2 8 6 5 4 4 10 4 2 3 8 2 5 7 5 10 2 9 1 6 4 1 9 9 9 10 3 3 3 10 9 7 1 6 9 10 8 2 8 6 4 2 5 1 6 5 6 10 1 5 6 5 4 10 1 4 4 3 8 2 9 1 1 9 7 2 10 9 2 2 1 3 1 2 3 8 5 10 9 4 5 10 7 3 7 6 2 6 5 6 6 5 5 9 2 2 9 3 10 3 2 10 1 9 10 8 2 10 1 2 10 3 4 2 1 8 2 1 7 7 9 1
3 8 7 7 2 5 10 8 1 8 4 5 5 1 7 2 4 10 4 5 3 4 5 5 9 4 9 1 3 7 4 3 2 2 10 6 9 9 1 8 10 7 5 10 3 9 7 4 6 9 1 8 2 10 3 9 2 4 3 4 8 1 9 10 10 4 9 2 3 3 10 7 4 2 5 5 2 8 5 9 7 5 6 6 2 7 7 1 10 6 4 1 1 7 10 8 1 3 7 1 5 5 6 4 4 4 9 3 2 5 6 9 8 3 9 5 10 5 5 10 9 1 7 2 1 7 4 5 5 5 8 6 7 2 6 9 6 6 7 4 6 3 1 2 1 5 8 10 9 6 4 10 10 4 3 2 7 1 5 1 6 5 4 7 4 9 9 6 1 3 7 8 6 7 6 2 4 6 7 4 2 5 6 7 1 10 2 6 8 6 3 5 1 1 8 3 7 2 8 9 9 6 1 3 7 8 1 8 3 9 4 10 5 3 1 10 9 9 4 2 2 6 2 4 1 4 1 1 5 2 8 10 9 2 1 9 6 4 7 5 9 2 5 3 5 8 5 6 4 4 10 4 9 3 5 9 1 6 2 4 7 3 10 8 4 9 10 6 3 3 4 3 9 9 4 9 1 9 8 10 10 3 5 7 5 5 6 1 6 9 6 7 2 5 1 10 4 1 8 5 1 10 1 5 2 6 1 10 10 9 6 6 4 3 3 5 7 8 3 2 8 5 2 7 1 9 3 4 3 9 9 6 6 8 10 8 4 1 7 2 5 7 2 10 10 9 9 5 4 1 2 2 10 4 6 10 7 1 3 3 7 2 8 4 6 8 10 10 4 1 9 3 8 3 9 3 3 8 10 9 6 1 2 10 4 9 4 1 9 2 1 7 4 7 1 7 6 3 4 2 8 8 3 8 3 9 2 8 8 2 6 6 10 1 9 6 6 7 10 7 3 10 5 10 4 7 3 4 8 10 1 4 6 9 2 1 10 5 10 5 2 1 7 9 2 10 4 5 5 5
5 5 9 6 10 6 4 4 5 3 8 3 3 5 6 8 8 5 3 9 10 4 10 10 5 5 6 6 4 3 7 7 1 10 5 5 4 1 10 1 10 9 8 8 3 2 2 2 5 6 1 1 4 5 5 4 7 4 5 6 7 6 6 4 2 9 8 3 4 5 1 6 10 6 10 1 9 3 4 7 1 4 9 4 9 6 10 9 7 10 4 7 7 6 1 3 10 1 2 1 4 10 4 6 8 6 8 1 3 10 2 4 9 8 4 2 6 6 10 8 2 1 10 1 2 1 8 4 4 6 4 5 9 2 4 7 2 5 9 8 4 8 1 2 9 7 7 3 6 3 10 6 5 7 6 1 8 7 3 3 4 3 9 10 2 5 10 4 9 3 3 4 1 5 9 5 6 8 10 4 2 1 7 6 9 10 1 8 8 9 3 3 8 1 2 3 7 7 6 6 6 2 9 2 4 2 3 1 10 4 8 5 4 6 4 4 1 10 1 7 9 4 7 8 4 4 6 9 1 5 9 3 1 3 8 8 6 8 6 10 7 5 9 3 6 9 1 7 7 3 7 10 8 10 6 4 4 8 9 10 3 2 3 8 5 1 8 7 6 2 9 4 4 7 8 9 10 1 3 5 10 4 3 10 10 5 5 8 2 7 9 7 2 8 3 9 10 4 10 3 3 5 7 9 1 8 7 10 3 6 4 7 10 10 3 4 8 6 3 3 8 10 6 10 6 1 5 6 8 6 9 2 6 8 6 9 7 9 3 1 4 8 6 6 7 7 7 5 9 5 1 5 6 4 3 7 10 8 1 9 4 8 2 8 8 5 4 5 8 1 7 8 5 4 10 2 1 2 7 10 7 1 4 10 9 9 9 5 6 1 1 4 3 4 10 10 4 7 3 2 10 8 8 6 1 9 10 4 9 7 7 1 4 6 10 5 10 8 3 5 3 1 10 5 3 8 1 3 10 2 5 3 6 5 1 10 3 4 9 8 3 7 1 10 7 5 8 1 5 9
5 1 3 9 8 10 9 1 7 4 1 1 4 6 2 5 7 5 9 7 4 6 1 3 1 6 9 7 8 9 4 10 1 10 10 8 3 3 10 10 8 1 4 8 3 1 9 6 1 9 2 1 1 2 5 7 10 4 8 8 6 4 5 7 1 9 1 1 8 10 3 8 3 6 9 3 4 6 9 3 2 8 10 6 2 8 7 8 4 2 6 8 8 8 2 4 3 4 5 4 8 9 3 3 10 8 2 9 9 8 8 5 8 9 10 2 6 5 2 2 10 6 2 10 6 7 5 5 2 3 10 9 2 5 2 10 4 5 7 3 9 4 9 7 3 4 1 7 8 5 8 6 2 9 1 2 5 10 10 8 3 10 7 3 5 4 7 5 1 8 10 10 9 10 5 1 9 3 2 2 6 6 10 9 10 4 9 3 2 5 8 1 5 1 8 1 2 2 7 10 6 3 4 3 8 4 2 1 8 9 4 4 6 8 10 10 7 3 2 5 5 4 9 10 7 5 1 6 5 5 2 1 9 2 6 4 6 7 7 1 10 1 1 5 10 5 6 6 4 7 2 10 8 3 10 4 8 10 10 7 5 6 1 2 10 1 3 2 2 8 3 5 3 4 2 1 4 6 3 10 2 8 8 7 10 5 1 10 5 6 5 9 8 8 3 2 8 7 9 5 9 8 2 2 3 9 3 8 9 5 10 10 1 9 1 3 7 2 7 10 1 7 8 6 3 2 7 7 3 9 4 9 4 7 1 6 6 8 4 9 7 7 7 1 1 4 9 7 3 9 8 2 7 9 10 5 5 10 10 2 8 4 10 5 3 7 9 5 6 5 7 1 4 2 9 2 3 5 9 4 3 4 8 5 4 8 3 6 10 6 4 2 9 6 4 6 6 1 1 4 7 1 9 4 6 4 1 8 9 6 2 4 4 1 9 5 10 1 3 2 6 1 3 8 1 5 10 6 6 9 5 6 5 7 4 3 9 1 9 1 8 8 8 2 4 10 8 10 10 6
4 7 1 5 10 9 3 2 3 4 5 4 8 10 5 10 2 7 5 3 9 7 3 1 7 1 7 5 3 2 5 6 1 3 3 9 8 2 7 3 8 4 1 1 4 9 8 7 6 10 7 2 2 6 2 4 3 8 7 7 3 3 2 10 3 6 3 5 3 8 1 1 6 9 5 2 10 2 2 4 7 1 3 5 6 4 1 9 9 2 2 6 8 1 10 2 10 3 6 3 3 8 10 4 3 2 4 1 6 2 4 3 9 1 1 5 6 1 7 2 8 5 6 4 7 5 10 8 1 9 4 5 1 8 7 7 2 1 9 8 1 8 7 5 2 2 10 3 2 1 7 3 6 8 1 8 1 4 4 6 9 1 5 9 2 2 7 9 3 1 6 6 4 10 1 8 8 8 9 2 3 4 2 3 7 2 5 8 3 8 7 10 7 4 5 2 1 3 2 1 6 3 3 4 3 5 3 4 8 10 8 6 5 5 6 4 6 8 6 4 1 4 1 8 6 9 5 3 2 4 8 7 4 1 1 6 7 6 2 4 3 3 3 10 8 8 8 1 10 6 1 7 8 1 8 3 10 1 2 6 9 7 4 6 7 6 8 7 7 2 4 10 5 4 4 10 3 1 10 6 8 10 9 7 8 7 5 2 5 4 4 2 9 5 2 1 3 5 2 3 8 8 8 9 1 9 10 3 6 2 4 4 5 7 8 2 4 9 8 10 10 2 1 6 10 8 7 9 6 3 8 2 1 6 6 7 5 3 3 1 1 5 7 9 4 9 7 8 9 1 9 4 3 4 6 6 7 4 1 10 8 10 1 3 3 2 3 4 10 9 10 5 4 4 2 1 7 7 2 6 10 10 6 8 6 10 9 4 1 8 6 6 3 4 9 8 7 4 7 9 2 10 10 7 10 3 8 5 6 10 6 5 9 5 2 2 2 9 7 6 9 6 3 3 8 4 3 4 2 3 3 1 10 2 8 10 6 4 2 7 3 7 3 3 1 3 6 2 9 7
1 5 9 7 10 2 1 3 7 10 7 9 3 6 10 8 5 3 7 5 7 5 5 7 7 5 3 9 10 8 1 5 2 1 3 9 8 5 9 1 6 1 5 10 9 5 10 8 2 2 2 9 1 8 5 1 7 6 1 1 8 3 5 2 9 2 5 3 8 5 6 3 4 8 5 1 10 10 8 2 6 4 2 8 10 8 10 1 6 9 7 6 8 4 5 5 9 5 1 2 1 3 4 6 1 1 9 1 8 1 3 3 5 3 5 4 8 9 6 8 8 1 3 9 5 2 10 5 1 9 10 1 5 2 4 5 7 8 2 7 7 9 8 4 5 3 1 9 5 3 4 4 2 8 1 6 7 2 6 4 3 9 8 10 9 10 6 7 10 5 7 1 4 9 3 3 9 9 5 10 10 1 6 2 2 3 6 1 7 4 2 8 5 3 2 9 8 6 7 10 8 10 1 7 9 5 9 1 9 10 3 3 2 7 1 10 4 6 10 3 7 10 8 9 7 10 1 9 2 6 1 10 8 10 8 10 1 7 3 9 8 10 3 8 9 6 10 9 9 2 8 5 3 4 1 7 4 8 5 3 7 9 3 3 4 10 1 3 3 10 8 5 2 5 4 3 3 1 7 7 3 2 5 3 1 5 10 8 7 5 7 8 8 7 8 8 5 4 5 8 2 6 8 1 9 4 5 1 10 3 5 4 2 10 7 3 1 2 8 7 1 6 6 7 1 1 8 7 5 5 1 4 3 8 9 5 3 2 4 9 3 1 4 5 10 6 6 3 7 10 5 5 1 10 7 7 1 4 4 7 4 3 2 6 8 6 4 5 8 4 2 2 10 7 2 4 2 4 6 3 4 9 5 5 8 7 9 5 4 7 4 4 3 1 6 1 6 5 4 1 3 9 9 4 8 4 5 7 7 3 3 5 3 2 5 7 2 9 6 4 7 6 6 2 8 2 10 9 5 9 9 9 1 7 2 9 1 9 6 10 1 1 5 5 1 4 7 3 4 6
2 7 5 3 6 5 8 10 9 10 10 2 6 6 8 9 9 8 10 8 2 6 9 7 10 3 5 2 10 2 1 2 4 4 3 6 5 2 5 2 2 5 8 8 9 1 9 4 1 4 5 6 2 5 9 6 9 5 1 8 7 5 2 2 10 8 7 8 8 10 5 10 5 7 6 7 7 6 3 6 10 2 1 9 1 1 8 4 9 10 9 5 6 8 3 8 1 7 10 4 8 9 9 5 9 7 6 10 1 2 6 7 7 10 9 9 1 3 7 9 7 9 5 1 6 4 9 7 2 3 3 2 1 1 1 3 9 5 5 8 5 10 3 3 10 7 8 3 2 4 10 3 10 5 7 9 8 4 5 2 6 4 5 9 1 3 10 8 7 3 9 4 6 1 7 1 9 8 9 10 3 2 9 7 7 8 9 7 3 2 2 7 10 7 2 5 3 1 5 1 8 7 1 10 2 9 9 6 6 3 10 4 10 8 3 9 1 3 8 6 8 9 10 8 3 5 6 5 9 10 7 1 4 1 8 8 5 4 9 5 4 7 4 8 7 1 4 3 4 10 8 4 5 5 3 4 1 1 1 1 5 6 5 6 1 1 9 8 4 3 2 5 1 6 5 5 1 2 7 5 1 4 8 5 9 4 5 5 5 4 6 2 8 3 9 6 2 7 7 10 2 3 10 6 8 8 1 1 5 4 9 3 9 10 4 3 6 6 8 2 9 10 3 9 5 3 10 3 5 3 6 4 5 2 4 6 1 6 1 4 6 4 4 5 5 4 2 8 3 7 10 5 10 2 6 6 2 6 8 6 5 3 9 6 5 9 9 1 1 4 9 3 4 3 5 3 7 10 9 1 10 9 8 7 6 8 6 2 9 8 4 1 1 9 2 8 1 8 10 9 2 7 1 4 8 2 10 8 10 1 3 3 5 3 4 2 1 5 8 5 7 8 10 4 10 8 8 6 7 4 1 4 5 7 3 7 4 10 3 2 8 4 9 1 1 6 4 2 10 9
1 7 5 4 1 1 3 4 9 8 7 4 5 2 4 4 6 7 4 1 7 4 2 5 8 3 9 2 3 10 8 9 2 9 7 6 3 10 1 7 10 1 7 10 8 4 4 3 9 9 3 10 7 8 5 2 9 8 8 2 1 3 2 1 8 5 6 1 1 6 10 8 6 1 1 3 8 8 5 1 9 8 10 2 2 8 3 5 10 10 8 9 7 10 5 2 1 5 7 9 4 10 5 6 10 8 5 8 3 1 3 5 6 4 1 1 8 8 8 9 2 5 2 10 6 9 9 10 5 7 1 8 8 9 7 9 5 9 7 10 10 4 3 5 9 9 7 8 3 6 6 1 2 2 6 5 9 5 10 6 6 1 5 4 8 7 7 1 4 10 2 1 5 6 10 1 5 6 8 6 2 3 7 8 2 7 7 3 5 9 7 4 10 8 9 8 7 8 6 2 5 1 10 9 6 8 1 9 4 7 3 9 10 2 2 1 9 5 6 3 8 9 1 2 10 3 5 6 6 8 5 6 4 8 9 7 1 7 9 3 6 3 3 1 10 2 9 4 9 1 2 1 5 5 5 9 5 1 8 5 4 3 7 3 5 1 4 4 8 1 2 3 1 6 9 2 10 3 5 10 3 8 5 4 8 5 4 1 1 3 7 5 4 6 3 4 4 2 3 1 7 6 3 5 1 10 5 2 4 4 1 6 5 9 1 7 2 6 4 10 6 9 10 9 2 9 3 6 5 6 2 2 6 7 2 10 9 3 7 3 1 10 1 3 4 2 9 6 5 1 5 9 10 6 6 2 9 4 1 3 2 9 4 2 7 9 5 5 9 2 2 10 2 8 1 5 4 5 3 6 4 1 5 8 9 10 7 10 8 2 5 8 6 2 3 7 9 8 4 7 2 10 7 1 10 2 4 4 7 3 5 8 6 5 3 4 1 3 8 2 8 3 8 8 4 3 1 10 7 8 5 2 5 6 2 9 6 9 8 5 2 10 9 6 10 6 9 5 7 1
4 10 2 10 1 3 8 10 2 5 10 4 7 10 4 1 5 9 10 3 8 3 5 10 8 1 3 6 2 10 2 6 1 5 4 6 7 4 6 2 9 4 5 9 2 9 2 10 2 7 5 6 9 5 10 1 3 5 1 1 10 2 3 1 8 10 9 2 3 4 1 2 5 10 8 10 2 10 2 1 2 8 8 7 7 4 1 2 10 5 9 4 1 5 2 5 6 5 5 4 2 7 6 7 7 10 5 7 6 6 6 5 9 7 4 4 2 1 6 6 1 2 10 1 7 4 6 8 8 1 9 4 10 8 8 5 6 9 3 7 2 3 9 5 9 6 5 3 9 7 5 8 1 7 2 6 8 8 7 9 5 1 3 1 7 7 10 5 3 5 8 9 3 8 1 7 1 8 8 3 6 6 4 2 3 8 7 2 5 8 2 5 9 10 6 7 6 3 8 8 8 6 3 1 7 9 8 4 10 6 9 9 10 3 1 9 4 8 3 10 5 10 6 8 5 3 2 6 10 9 9 9 9 8 4 9 3 5 4 8 6 1 7 9 9 5 4 9 8 6 1 10 3 2 8 1 9 10 4 1 10 6 8 9 1 3 5 1 8 1 4 7 7 3 2 5 8 2 2 7 4 9 10 3 1 2 8 6 2 7 1 7 10 4 2 1 9 2 8 5 8 4 6 4 2 7 5 8 5 3 10 10 5 1 4 7 2 4 2 1 5 6 7 10 10 10 2 4 3 3 6 10 2 6 6 9 2 6 2 9 8 4 2 10 1 6 2 10 10 9 7 3 9 8 3 4 9 5 8 9 8 3 2 3 4 4 3 6 10 5 4 6 2 5 5 5 2 5 3 5 7 3 9 8 4 2 6 7 4 7 4 2 8 3 1 10 5 4 3 4 8 7 9 10 7 2 1 2 5 6 6 7 4 8 1 2 7 4 5 5 7 6 7 10 2 5 8 4 9 7 7 4 1 6 5 5 3 5 3 10 5 2 5 1 6 5 6 9 9 6
5 3 1 7 6 5 8 3 7 6 3 5 1 2 2 5 10 6 3 3 7 8 7 7 8 4 3 3 7 8 7 8 1 9 6 7 7 1 4 1 1 1 1 2 8 3 5 2 1 5 5 9 10 9 1 10 1 6 1 7 4 9 10 5 6 1 1 6 6 2 1 3 7 10 8 2 9 3 7 9 10 7 1 5 7 1 4 3 4 2 6 1 5 8 6 5 9 2 3 6 4 1 3 8 7 5 4 1 4 3 3 6 4 6 1 10 7 8 2 2 1 2 10 4 7 4 5 2 1 3 3 5 4 2 2 9 9 5 1 5 1 10 9 2 3 2 6 7 3 2 6 3 2 4 7 5 8 9 5 6 1 7 6 8 4 8 8 8 7 8 8 10 6 6 8 8 3 9 10 7 1 7 7 7 10 2 5 1 9 2 3 1 2 9 2 10 2 4 2 9 6 4 5 3 1 9 3 1 4 2 2 1 3 8 2 10 10 5 3 4 4 3 7 9 1 2 1 8 2 9 9 8 8 3 4 3 10 8 7 10 10 9 4 5 5 2 6 4 3 6 2 10 10 4 2 7 7 1 7 5 10 3 4 3 7 8 7 6 7 6 5 4 2 5 5 2 4 5 10 3 1 2 3 2 7 7 6 5 8 5 8 2 9 6 6 9 6 3 8 3 2 5 2 2 10 1 6 6 10 8 4 1 10 8 2 8 5 4 2 10 8 2 3 6 5 3 2 2 2 5 8 5 2 5 6 1 9 5 10 5 2 2 6 2 7 9 3 6 8 9 5 7 9 1 1 2 2 2 1 10 6 3 5 7 10 8 3 6 4 1 10 3 9 1 10 5 4 7 6 9 9 3 8 1 2 1 5 8 7 2 10 9 6 5 3 3 5 9 2 10 9 6 8 8 5 7 4 10 7 4 3 2 4 4 2 1 3 10 1 7 2 5 6 8 4 7 9 8 7 6 10 10 6 2 2 6 10 1 2 4 1 3 7 1 8 1 2 7 2 7
2 10 1 6 5 2 5 6 2 10 1 9 4 7 9 1 1 6 3 9 1 3 2 9 8 6 7 7 5 4 9 5 3 6 1 1 6 1 6 9 7 10 3 2 2 9 5 5 9 4 2 3 10 2 3 9 5 4 5 9 5 8 4 1 4 9 1 10 5 5 9 8 2 4 10 5 7 8 9 10 4 4 8 7 10 4 10 1 8 9 1 9 10 9 9 9 7 9 10 4 5 7 4 4 8 2 7 8 3 9 10 7 7 5 8 5 9 9 6 10 2 4 5 8 8 10 7 7 4 9 5 5 7 2 6 1 7 4 6 9 8 2 8 9 7 4 9 8 5 7 2 8 8 9 2 7 4 8 1 9 7 3 9 7 8 4 1 8 7 2 4 9 4 4 2 8 6 8 7 2 5 4 7 3 7 1 4 9 2 10 3 6 9 1 4 4 8 1 10 9 7 6 5 7 7 8 6 3 1 1 10 6 8 1 7 4 10 5 2 4 4 6 9 10 8 9 1 9 8 9 6 5 6 7 6 6 2 1 6 5 4 9 3 1 6 3 2 10 2 5 5 8 1 6 10 8 9 2 6 3 3 2 8 4 1 6 6 3 8 3 5 5 1 5 8 9 4 9 8 9 4 6 1 1 1 9 5 7 5 1 2 6 9 5 3 8 9 1 6 2 9 1 3 8 8 3 7 3 6 5 1 9 1 3 5 6 8 10 5 10 4 10 1 6 8 5 3 7 2 5 5 4 9 7 8 4 7 3 9 10 6 6 2 5 5 9 9 8 2 6 4 10 6 7 7 10 6 10 8 5 6 1 10 6 3 9 7 9 1 1 2 1 7 5 3 7 2 1 3 10 9 5 4 2 8 6 4 10 7 2 3 7 8 4 3 2 2 4 10 10 3 7 7 9 3 9 6 9 10 6 7 5 5 5 3 4 5 4 3 9 1 6 7 1 6 4 4 3 2 7 6 4 10 1 7 2 2 4 8 5 7 4 9 2 2 10 2 2 4 5
1 9 4 9 6 8 1 2 4 10 9 3 5 9 9 9 8 1 8 9 5 3 7 7 6 3 4 9 4 6 1 1 3 2 8 9 6 2 7 2 10 2 5 1 7 7 5 3 6 6 7 9 3 6 10 1 8 10 4 1 4 2 1 10 8 8 7 5 4 1 2 5 2 3 2 8 6 7 6 7 5 7 8 8 9 7 6 9 5 6 1 3 3 4 3 6 10 6 6 5 7 10 4 1 3 2 6 9 6 2 7 5 5 2 5 9 6 10 9 6 3 3 1 3 7 4 3 7 2 9 8 5 9 6 6 7 1 2 6 5 6 4 1 8 8 8 3 6 4 10 2 4 3 9 6 7 3 5 5 3 1 10 3 10 10 6 3 1 4 8 4 6 8 10 2 9 2 2 3 2 5 3 10 6 6 10 10 4 9 8 3 7 6 1 1 8 6 10 1 1 10 1 3 7 1 4 7 5 1 7 1 7 6 8 5 8 1 7 5 8 8 1 2 9 6 1 8 2 5 2 9 6 10 4 2 4 2 4 5 3 7 3 2 10 5 2 4 7 10 2 2 1 10 8 10 6 9 1 8 8 7 7 4 3 3 1 6 10 7 5 8 1 1 1 8 2 6 5 4 7 8 4 10 2 7 5 8 7 2 7 8 8 6 7 7 10 2 8 3 1 10 6 10 2 2 9 8 2 10 5 10 10 2 4 5 8 7 2 8 3 5 1 3 4 4 9 8 3 1 7 5 1 4 7 10 1 7 10 6 5 4 8 2 7 8 9 1 8 10 2 4 3 9 7 1 8 3 10 2 9 9 9 5 4 2 10 1 3 4 6 6 1 9 6 6 8 6 8 1 8 6 1 7 10 8 4 10 4 1 1 6 9 9 4 3 4 1 5 2 6 3 8 9 9 1 10 10 6 5 6 1 8 8 2 9 1 5 6 1 6 7 6 4 1 7 1 3 1 6 8 9 4 2 7 2 4 5 3 3 6 3 10 8 4 5 3 1 7 4 10
1 2 9 6 10 9 10 1 9 7 2 7 5 9 2 2 9 10 7 5 10 1 9 9 4 1 5 2 6 5 2 9 2 3 1 8 6 1 4 1 2 10 5 7 1 6 2 9 9 6 5 3 8 6 7 9 6 9 5 3 10 8 5 5 1 10 5 5 1 10 3 6 8 8 6 6 3 2 6 10 6 1 6 10 5 3 3 1 8 6 3 8 1 7 10 9 8 5 4 1 4 5 5 7 1 4 3 4 5 7 4 8 8 7 9 10 8 10 5 6 10 6 9 9 3 4 8 7 2 9 9 8 5 3 1 4 10 7 6 3 2 7 4 5 5 10 10 5 6 3 5 5 2 1 4 1 9 2 6 9 8 2 3 2 2 8 10 7 3 7 1 5 6 9 10 7 1 5 1 9 5 10 9 9 4 7 8 4 3 3 5 7 10 3 6 6 6 5 1 5 9 5 5 6 7 10 8 3 1 7 9 7 4 9 10 9 2 10 10 10 7 8 3 10 8 10 7 6 5 5 3 10 2 7 4 10 9 8 8 1 3 6 7 10 9 9 7 3 5 7 3 5 1 2 2 4 4 9 1 1 7 9 9 5 7 3 5 4 8 9 1 7 9 7 4 6 9 8 4 1 10 1 1 5 2 10 3 3 9 7 6 2 7 7 9 7 7 1 5 6 10 8 7 4 6 6 8 3 6 4 6 4 7 2 1 6 3 1 7 8 7 2 2 2 4 2 6 7 10 10 1 3 8 2 10 3 2 4 4 4 3 1 3 8 4 10 3 8 9 4 3 8 4 4 7 9 9 9 5 6 10 2 3 10 6 7 4 3 8 4 6 2 10 5 1 3 7 3 7 1 8 10 10 5 10 9 2 3 6 6 3 10 4 5 1 8 7 5 2 10 9 9 3 7 8 8 7 4 10 1 6 9 10 2 5 1 3 6 6 1 7 7 10 1 6 7 6 7 4 1 10 1 10 4 4 4 7 1 2 1 1 4 6 6 8 8 8 4 5 3
4 1 6 8 6 5 8 8 8 9 4 4 3 2 7 10 1 7 10 6 1 4 4 9 3 6 4 9 8 8 8 1 7 8 1 5 6 8 2 2 6 6 2 6 5 4 3 10 9 8 7 8 9 10 3 2 4 5 1 2 4 3 1 2 5 3 3 2 8 4 8 2 7 2 10 8 2 8 7 3 6 1 1 8 1 2 9 5 8 10 3 7 4 10 10 5 4 6 10 6 6 9 8 1 6 6 5 2 10 7 1 2 6 2 10 6 4 5 5 2 2 4 6 10 9 7 10 8 6 6 3 8 7 7 7 6 10 6 3 10 7 7 10 1 5 6 9 1 2 4 10 3 1 5 10 4 1 2 7 7 4 6 8 1 5 9 5 2 4 9 3 1 10 4 6 4 5 6 6 8 9 4 5 10 1 10 4 8 8 10 3 8 1 9 10 4 2 7 7 2 5 8 1 5 4 2 4 1 1 10 2 8 10 8 8 8 2 8 3 4 9 5 2 5 6 3 10 1 10 3 6 2 3 1 2 5 3 2 7 6 1 5 5 4 8 1 9 6 3 1 5 1 5 8 5 4 10 9 10 2 6 6 10 9 9 9 6 9 1 8 6 1 9 6 1 10 10 3 5 5 8 7 8 1 8 2 2 8 10 9 5 1 2 3 9 2 6 7 1 6 4 10 1 1 2 4 4 9 9 10 7 3 2 4 6 3 10 10 1 10 10 10 7 9 8 6 10 1 6 1 7 9 3 5 1 3 3 9 3 8 3 4 6 2 2 8 2 7 10 7 4 5 9 9 9 8 8 1 10 8 10 5 5 8 9 9 4 10 2 10 1 2 4 10 6 7 3 2 8 4 8 9 7 7 7 2 9 9 6 8 3 1 2 4 7 4 8 4 5 7 3 3 8 8 6 5 6 8 1 9 2 8 10 2 10 7 4 4 9 6 2 7 5 10 5 5 3 1 2 7 8 1 6 2 2 1 9 7 10 1 9 9 4 6 6 4 2 9 2 1
3 9 4 9 9 8 10 1 7 6 1 9 6 7 10 6 4 5 3 6 1 9 6 10 3 5 6 7 7 7 5 6 5 8 4 1 7 7 1 6 9 2 5 10 7 2 9 10 5 3 9 8 2 2 4 6 2 2 2 8 9 8 3 1 9 8 9 9 5 4 2 9 8 10 3 9 10 2 7 4 3 3 8 8 6 1 2 10 10 6 1 5 7 7 2 3 9 4 3 10 5 5 1 8 8 2 2 9 4 10 10 9 10 2 5 8 5 2 3 5 2 1 6 8 3 4 8 3 3 1 4 9 10 8 7 5 1 9 5 4 3 6 7 8 2 3 6 3 4 7 6 8 6 9 7 8 3 6 7 7 2 1 8 2 4 5 10 9 5 5 5 5 8 3 6 3 3 2 4 8 10 10 7 6 5 6 9 8 3 1 4 4 9 6 9 9 5 7 1 3 3 3 10 1 1 7 5 6 6 2 4 2 7 5 1 10 4 3 1 9 8 6 1 7 3 5 3 4 1 1 2 1 5 10 3 10 4 6 2 6 9 6 3 7 4 9 10 2 2 3 2 4 6 3 9 10 8 3 10 4 2 10 10 10 3 10 4 1 4 2 7 3 6 8 8 7 1 5 4 10 9 7 9 5 3 4 1 1 7 5 8 2 8 4 7 9 4 3 1 3 3 10 7 8 2 1 4 4 1 3 1 9 3 6 5 4 7 5 6 9 4 2 10 8 1 4 4 3 1 8 10 5 1 1 6 6 9 8 2 10 2 10 8 7 5 3 1 8 8 6 3 4 10 2 6 7 3 8 7 6 9 9 6 8 7 10 4 9 4 4 4 7 7 10 6 3 5 7 3 10 2 2 4 6 6 9 9 3 10 4 10 2 7 8 4 1 9 9 5 1 1 1 8 7 3 3 2 4 3 1 4 5 9 3 8 10 5 7 10 9 3 1 1 8 1 5 6 8 10 4 3 4 9 1 6 4 6 1 7 10 9 5 3 9 3 1 3 3 2 8
2 9 6 2 6 7 7 10 10 8 5 1 7 3 8 1 4 5 7 6 4 8 1 5 5 2 5 8 7 10 2 1 2 5 2 4 10 8 9 1 5 4 3 3 10 9 4 4 9 1 9 3 7 4 10 2 9 2 9 2 7 3 2 6 8 7 6 7 1 7 8 6 10 8 8 1 4 2 8 1 10 7 8 3 5 3 7 9 2 7 8 5 1 2 4 1 3 1 6 8 4 8 2 5 9 5 9 1 8 2 2 10 2 1 3 5 10 1 7 1 9 2 2 2 10 6 7 10 10 6 4 7 6 7 2 4 1 2 4 5 9 7 9 9 10 7 9 9 3 8 6 4 3 3 6 7 7 9 10 3 3 7 3 1 8 1 3 7 4 9 2 7 3 10 10 4 2 10 8 3 5 1 2 2 3 2 9 4 9 2 7 1 7 9 2 5 5 3 6 5 3 5 8 6 3 3 6 8 2 2 2 1 10 3 10 3 6 10 5 10 7 5 9 8 9 8 7 10 6 1 1 6 5 9 4 8 6 4 9 4 2 6 3 6 6 7 9 8 4 2 1 4 9 8 9 2 3 8 9 2 5 5 6 9 8 7 5 5 8 1 9 5 9 2 7 10 1 7 3 5 4 1 6 3 5 4 10 9 9 5 3 1 6 10 10 8 9 1 1 6 1 4 10 5 10 4 3 7 1 6 3 4 3 3 6 5 3 9 6 5 2 4 7 8 9 6 5 2 3 4 10 6 8 6 9 10 5 2 7 3 4 7 5 1 6 4 6 2 1 2 5 8 5 1 3 3 8 8 5 6 6 6 2 10 7 7 2 10 9 9 7 5 2 7 9 1 5 5 7 4 6 8 6 1 9 8 9 5 8 7 2 8 10 10 6 10 5 4 7 10 2 5 5 10 9 4 9 5 9 8 3 6 8 7 3 10 2 1 3 10 4 10 7 10 4 6 5 2 2 3 5 10 5 2 10 1 3 9 3 3 6 4 3 8 1 5 5 5 9 5
1 9 6 6 4 7 4 10 2 9 2 2 1 5 8 6 2 6 9 6 5 3 9 10 4 10 9 1 6 8 9 4 7 1 9 10 9 9 6 7 10 1 3 2 2 9 3 9 7 8 8 5 4 7 4 2 6 8 5 1 5 2 2 7 8 5 6 2 3 7 5 10 10 2 4 8 3 7 1 2 6 2 6 10 8 5 3 3 7 7 3 1 1 10 5 6 10 1 6 2 1 6 10 9 9 8 7 4 6 4 1 4 8 5 3 9 1 4 9 9 3 6 3 8 9 10 7 2 9 3 1 7 4 8 10 10 1 6 9 8 4 7 6 1 4 5 10 4 7 2 1 3 10 3 9 7 6 6 9 6 4 10 4 1 4 2 6 9 1 7 3 2 4 9 9 5 8 2 7 10 9 3 7 7 10 1 8 5 4 7 2 4 7 3 5 4 6 8 7 5 3 3 5 2 4 4 3 5 1 2 2 7 8 8 2 9 10 6 9 5 4 1 6 4 7 2 10 3 3 10 8 8 9 4 3 2 10 10 4 1 8 6 8 2 1 5 9 2 5 10 7 2 1 10 8 4 8 4 8 3 2 10 7 6 1 1 3 5 3 9 3 8 3 2 9 8 5 2 8 1 10 4 7 8 8 7 4 4 7 1 1 1 5 6 9 6 4 6 5 9 10 2 5 5 7 2 7 2 4 2 1 10 5 9 4 4 8 8 3 2 5 10 1 1 5 8 7 2 3 8 9 4 4 7 1 8 10 6 6 3 7 2 6 4 1 5 2 4 10 3 7 10 3 8 4 5 8 2 1 7 3 7 1 2 8 3 6 5 5 8 4 8 8 6 1 6 8 3 2 10 3 2 6 1 1 8 6 7 7 2 5 2 10 9 8 10 10 2 10 7 7 1 7 1 4 8 5 5 1 10 7 10 6 1 9 6 3 3 4 1 2 10 7 6 5 4 1 3 5 4 3 1 4 7 5 6 2 3 2 2 1 5 10 7 4 1 2 4 2 7
3 3 2 1 9 1 8 6 7 2 1 1 3 1 5 8 5 7 3 4 10 10 9 7 10 5 10 9 1 2 4 10 10 4 2 6 9 10 6 6 1 2 4 2 8 6 5 8 3 2 2 5 10 4 8 1 7 1 1 8 2 10 4 1 9 7 10 10 2 8 8 9 10 5 4 2 2 8 6 10 3 7 4 7 1 1 4 7 5 3 2 5 3 5 5 3 3 2 3 5 2 3 6 6 3 7 8 2 7 3 8 7 1 9 5 1 1 1 7 4 1 4 6 7 10 4 3 6 8 6 6 9 9 10 1 5 3 6 9 6 9 3 4 5 3 7 6 8 6 2 4 4 6 1 1 3 3 10 3 1 7 8 10 9 5 10 5 5 1 1 2 9 6 7 8 4 8 1 3 8 1 1 2 9 7 4 5 2 10 6 2 5 8 4 6 8 8 1 3 6 7 3 1 1 3 3 1 1 10 7 9 7 8 6 9 4 9 4 8 9 9 7 9 6 8 5 3 7 8 3 2 5 1 2 9 2 4 10 10 5 4 2 3 4 8 2 4 1 7 5 6 3 3 10 7 7 5 6 6 6 4 8 1 7 2 5 8 10 8 7 10 5 3 5 8 3 6 4 1 3 7 9 3 3 10 7 10 9 7 7 10 1 8 6 7 5 8 2 9 3 6 3 6 5 5 4 6 7 10 8 2 9 1 10 8 2 4 8 7 10 8 7 5 1 4 4 3 7 2 3 1 1 3 10 5 4 6 8 5 7 7 5 10 2 4 1 9 5 5 8 8 4 8 7 7 7 2 7 2 4 1 9 5 8 5 10 7 7 9 8 3 9 1 6 9 1 7 8 7 2 7 9 1 5 6 5 4 10 7 6 7 10 5 8 5 5 4 5 1 1 9 9 4 3 10 9 9 8 4 1 1 7 5 3 6 2 2 4 2 4 3 3 4 3 2 1 1 6 8 3 9 9 8 7 7 9 7 5 7 9 8 10 1 10 7 7 10 1 8 10
5 7 4 4 6 7 5 2 9 1 8 7 1 5 5 6 3 10 1 7 5 4 1 1 9 1 9 10 2 6 9 6 1 3 9 10 10 4 9 7 5 2 1 5 8 6 8 9 10 7 10 10 10 3 3 5 9 7 6 10 7 5 2 3 8 7 2 3 2 7 6 10 8 4 10 10 8 3 9 4 4 10 2 10 1 1 3 6 1 9 1 10 6 4 2 4 10 2 2 8 10 8 1 10 4 9 9 1 8 4 9 10 7 10 7 5 8 10 6 1 8 3 4 2 5 8 3 8 3 7 9 7 9 5 7 1 1 10 7 3 8 8 10 7 6 8 5 4 8 6 9 8 9 7 2 9 10 6 10 6 8 10 9 2 6 9 5 2 2 7 10 4 7 1 1 7 6 5 2 10 10 3 10 4 9 6 1 10 6 8 9 1 7 1 2 8 1 2 5 6 8 1 10 7 3 8 2 8 2 6 4 7 9 8 1 4 4 5 7 3 10 4 2 7 10 4 7 3 4 7 2 10 6 2 9 10 10 7 2 8 9 6 4 6 10 10 2 9 4 6 6 2 4 4 1 1 2 3 1 9 5 2 9 6 10 4 6 8 1 6 7 5 7 1 5 7 9 9 8 10 2 1 7 9 3 9 1 1 1 8 7 10 2 7 8 1 5 5 7 4 8 4 8 3 6 6 9 8 6 2 5 9 9 3 2 4 10 9 10 3 4 5 5 5 9 1 7 1 4 1 10 7 4 1 7 9 5 1 8 7 7 9 9 6 4 1 10 8 6 8 6 5 7 6 6 6 6 4 9 8 4 6 7 2 6 2 4 8 2 3 9 9 9 1 1 5 9 9 9 2 8 8 7 2 5 2 10 3 8 5 2 10 3 6 5 5 7 8 9 9 10 5 9 8 10 3 8 6 1 3 5 5 3 6 6 3 4 9 5 7 7 3 8 1 3 8 8 7 8 4 3 1 5 7 6 1 1 3 9 2 9 10 6 6 3 1 8 5 7 3
1 8 3 5 6 8 1 9 2 8 3 5 6 4 4 3 2 3 6 7 4 8 5 8 2 4 2 8 7 7 8 1 8 10 9 9 4 2 10 4 8 8 5 1 8 2 7 8 5 4 6 10 9 5 7 10 6 8 7 3 6 2 1 5 1 2 8 5 7 1 4 6 6 5 1 10 2 10 5 9 10 10 4 4 2 10 6 2 2 9 6 7 1 2 7 5 8 9 9 7 2 3 6 6 4 4 10 1 2 4 5 4 1 3 4 8 9 6 2 1 4 8 6 5 9 1 10 4 6 9 7 8 9 1 5 8 7 6 10 10 3 7 1 2 6 9 5 10 4 4 10 8 5 6 8 5 5 1 2 2 5 2 1 6 3 8 7 5 10 7 10 3 6 2 6 10 9 6 5 4 5 10 10 3 2 2 3 8 6 5 7 6 7 7 5 9 6 4 5 8 2 8 1 3 7 7 9 8 10 6 6 2 3 10 3 5 4 2 4 10 3 9 9 1 5 1 9 4 4 3 5 4 9 3 6 8 7 4 10 6 7 3 10 10 2 6 3 2 9 4 1 3 5 3 6 5 6 8 8 6 5 4 9 10 3 8 8 3 8 1 2 8 5 2 2 2 4 1 3 4 2 6 6 10 7 4 7 2 1 6 9 2 3 2 10 10 4 3 9 9 6 3 3 2 3 10 5 5 5 5 10 2 6 6 7 1 5 2 3 1 5 2 8 7 1 6 4 7 6 7 3 5 1 5 3 3 2 6 7 10 5 4 5 3 5 7 7 5 9 8 7 10 6 8 5 1 1 3 9 8 4 2 1 4 3 4 3 6 2 10 8 10 3 8 4 8 9 4 3 5 6 3 10 5 9 1 2 4 9 4 9 4 6 1 5 7 7 2 10 3 3 6 1 4 3 1 2 10 8 4 6 10 6 8 1 10 1 1 4 2 1 3 7 6 7 4 7 3 1 5 2 8 1 2 1 10 3 2 8 6 5 8 2 4 8 5 6 4 4 3
4 8 1 5 6 6 7 2 10 6 5 8 4 4 2 3 10 10 9 1 9 2 5 7 10 9 6 9 2 6 5 10 2 2 4 7 10 2 1 10 1 10 4 1 3 5 4 3 3 7 2 2 9 10 7 8 6 4 2 4 5 5 5 1 2 3 10 5 7 10 9 9 2 5 1 6 9 2 5 6 10 4 7 8 4 4 2 10 1 9 5 5 9 2 5 8 9 3 7 7 8 3 2 8 10 1 8 10 10 3 5 7 9 6 10 5 7 10 5 10 4 7 4 1 1 5 1 3 9 7 9 1 9 8 8 10 3 10 7 6 10 10 8 1 9 6 2 6 6 10 2 10 7 3 8 5 8 5 1 5 7 5 2 2 3 9 7 5 4 8 5 3 1 7 1 3 1 4 9 3 1 7 3 6 5 5 3 6 9 4 7 6 10 2 4 4 3 8 1 4 1 1 3 9 10 8 4 10 2 1 9 10 6 4 10 6 8 2 8 5 10 10 7 8 3 1 10 5 9 4 9 10 2 4 6 5 5 3 1 4 7 10 5 9 4 2 6 7 7 2 10 2 8 8 9 4 2 3 6 4 6 2 4 9 6 8 3 5 8 9 6 8 8 4 6 1 4 1 6 6 10 2 1 2 6 5 5 7 4 6 10 9 9 8 8 6 5 6 5 1 6 4 4 9 5 6 6 1 6 9 10 3 5 6 9 7 1 4 7 5 2 7 8 4 7 8 5 10 2 9 9 10 4 2 7 5 10 4 9 8 1 6 10 1 9 4 9 1 4 2 5 5 5 9 1 2 8 2 10 1 3 2 4 5 2 3 3 2 8 4 6 1 2 6 1 5 2 6 10 4 7 4 1 6 7 3 8 10 10 1 10 7 10 8 1 6 4 8 8 5 1 5 6 3 6 8 3 6 6 7 3 8 2 3 8 4 9 9 2 1 3 7 4 4 5 2 10 7 8 10 9 5 1 7 5 5 4 5 8 9 6 8 6 3 10 1 9 3 9 10
1 4 9 9 5 8 7 10 4 1 1 5 4 8 5 5 1 4 3 1 4 1 3 9 2 2 2 2 8 2 8 6 7 4 10 8 5 9 10 1 2 5 3 6 9 1 3 6 2 6 8 8 5 9 7 1 9 3 2 8 1 8 4 2 10 10 10 9 5 2 2 6 3 8 6 3 4 10 8 1 7 3 4 7 9 1 6 1 9 4 10 5 9 8 4 7 2 10 9 10 2 1 2 7 4 8 8 10 10 1 2 1 5 4 4 7 3 3 4 6 6 8 3 4 3 8 10 10 7 6 9 4 10 1 10 7 2 8 10 9 10 4 4 5 2 9 4 3 3 5 3 8 2 7 4 5 10 6 6 4 4 1 9 8 4 10 4 4 4 8 1 9 8 10 8 8 2 9 5 2 5 1 9 1 4 4 7 8 2 1 5 1 10 3 7 6 4 4 4 7 5 7 4 4 9 7 7 3 2 9 10 4 1 3 2 5 2 3 8 5 10 6 1 1 4 2 8 5 3 2 10 10 7 9 8 10 4 7 7 9 1 5 5 6 4 5 4 2 3 6 2 8 4 5 1 5 8 6 7 2 7 2 9 2 4 2 7 8 3 2 1 8 4 3 2 2 9 8 5 1 10 2 5 3 2 5 1 8 8 9 6 2 4 1 4 10 2 1 5 4 10 4 9 2 4 2 4 8 3 1 4 2 9 8 3 2 1 1 2 6 6 4 1 1 2 8 5 4 1 3 6 9 9 1 2 4 9 4 2 7 6 9 4 2 5 4 10 1 10 6 3 6 1 2 9 4 2 3 2 6 5 3 9 8 1 5 4 1 7 7 1 4 8 2 2 7 5 6 9 7 7 8 9 4 7 7 8 6 2 5 4 5 8 1 4 10 10 10 1 9 2 9 6 9 5 6 2 1 8 4 6 9 10 9 7 10 3 8 7 4 7 2 5 6 6 5 4 2 3 3 8 3 1 8 7 6 5 1 5 1 9 8 6 5 7 5 7 9 6 8
5 10 8 3 1 5 1 4 5 10 10 2 8 1 1 3 10 8 1 2 7 4 5 5 1 1 1 6 6 7 4 2 4 4 8 2 10 2 6 10 3 1 8 4 4 8 1 1 10 5 3 6 9 5 9 5 2 6 2 7 4 1 7 1 2 2 1 1 1 8 8 4 2 5 1 4 1 6 9 6 4 8 8 1 1 6 5 7 6 1 9 2 3 1 6 6 6 9 7 9 7 8 6 8 9 9 7 1 2 1 6 1 5 9 8 2 5 7 4 5 7 2 4 7 9 3 10 1 7 7 3 3 10 9 7 10 5 8 8 9 8 3 2 7 10 5 4 10 3 4 9 1 3 4 5 6 3 4 10 1 2 2 2 4 7 1 2 3 3 6 2 1 9 1 3 5 3 5 3 9 3 7 5 9 6 5 1 5 7 2 2 9 7 7 5 10 1 5 6 6 1 10 10 9 4 1 4 3 10 1 2 4 10 7 2 5 4 5 9 4 4 10 7 6 8 7 8 1 1 2 10 10 5 8 2 2 3 8 7 9 7 9 7 6 5 2 2 7 5 9 10 10 7 3 3 3 10 9 1 2 3 1 4 6 8 3 8 6 6 3 9 3 9 3 7 8 4 9 3 4 3 10 1 1 9 6 3 9 10 2 3 7 9 4 6 10 1 1 6 3 10 8 5 7 1 1 4 9 10 8 3 8 9 5 2 8 7 6 3 1 8 4 1 10 3 9 1 5 8 1 9 4 10 8 8 10 3 7 2 6 2 6 10 8 7 6 3 9 10 4 5 4 1 3 1 7 9 8 1 2 9 8 8 4 10 9 7 2 2 7 3 5 9 1 6 5 1 2 1 9 2 6 9 7 7 2 4 10 6 3 4 8 4 3 2 1 6 3 10 6 6 1 2 10 5 2 5 8 7 2 1 9 5 4 3 1 1 5 7 4 10 2 1 6 7 4 6 2 1 5 6 5 5 9 7 8 8 9 4 7 6 8 4 8 5 7 5 7 3 8
5 3 4 4 10 3 9 3 2 3 9 10 6 7 1 1 8 9 9 9 3 10 6 4 6 10 4 8 6 10 1 8 10 9 5 5 10 3 10 9 2 9 6 7 4 10 1 5 6 6 3 8 10 5 10 4 3 10 5 5 6 6 4 8 6 3 4 3 3 2 2 9 8 5 5 7 3 5 9 2 7 7 5 3 1 4 10 9 5 7 4 9 10 7 8 8 8 9 1 2 5 1 4 6 7 3 4 7 2 5 8 5 4 4 9 6 10 9 5 9 7 10 1 6 6 9 4 5 5 6 8 9 10 6 8 9 5 8 1 7 9 5 8 8 4 9 3 5 7 7 9 5 6 8 8 3 5 4 9 1 5 8 4 8 7 9 9 8 3 6 10 7 7 7 3 7 10 4 2 8 4 3 10 6 9 3 5 5 5 5 10 5 6 10 1 7 8 7 9 1 3 7 8 1 1 3 10 2 10 2 7 10 1 3 2 1 9 3 5 5 2 10 6 9 1 6 5 5 5 6 8 10 3 2 10 3 6 6 3 1 1 3 4 6 8 4 6 8 1 6 8 6 9 1 3 8 2 2 4 8 6 8 8 4 3 6 10 7 7 8 4 7 1 10 8 3 9 6 2 8 5 9 6 2 10 10 4 1 8 6 10 7 5 8 1 9 5 5 9 9 9 5 4 5 3 7 1 4 5 7 8 8 5 4 8 2 5 10 5 6 6 7 4 2 9 2 6 7 7 8 8 9 7 4 8 2 6 1 6 7 2 7 9 4 6 9 1 7 2 2 3 1 7 9 7 4 1 2 7 4 6 4 1 10 1 5 10 9 10 2 2 6 3 10 2 1 1 8 2 4 3 6 9 3 2 4 3 7 4 10 4 2 2 10 10 8 7 6 6 8 3 1 6 4 5 5 3 1 4 10 1 3 10 1 10 1 10 5 10 7 8 7 8 4 2 2 9 9 4 10 9 5 5 7 3 1 1 10 7 3 5 9 5 7 2 9 2 8 5 7
4 5 7 8 8 1 7 9 9 10 3 4 5 7 8 9 10 1 2 9 2 9 1 10 8 7 9 7 8 7 6 1 10 7 6 3 8 1 1 4 5 5 7 2 9 9 1 1 8 5 3 7 2 7 6 4 2 4 7 8 1 7 6 4 10 8 1 6 7 3 9 10 8 2 9 4 6 7 7 4 10 1 3 8 3 5 2 4 1 10 6 4 8 5 6 4 6 7 7 6 10 10 4 1 1 3 10 10 5 9 5 1 3 5 7 5 6 9 10 2 6 5 2 4 10 10 9 6 6 4 3 7 8 4 7 5 9 4 7 2 6 1 7 4 4 7 5 2 9 8 3 7 8 7 10 2 1 5 6 5 7 5 6 9 10 8 7 1 2 5 5 4 8 4 7 2 6 7 5 9 6 6 2 8 6 6 1 4 2 6 8 4 9 10 2 1 3 10 8 8 4 6 4 8 7 9 3 7 9 10 9 1 2 8 2 2 8 6 1 5 5 6 6 3 5 6 6 3 6 6 4 9 4 6 4 3 2 1 7 6 4 2 2 2 2 1 9 4 10 2 4 4 3 8 10 7 6 5 3 1 7 5 2 8 9 3 4 7 10 1 5 2 6 7 6 2 3 6 5 10 2 7 4 6 1 9 7 1 9 5 7 9 6 3 5 9 6 9 4 10 8 7 9 5 10 6 3 2 1 3 8 4 8 10 2 1 9 10 7 4 5 5 5 2 4 10 10 10 1 10 1 10 4 10 1 10 5 5 6 2 8 9 9 4 3 5 3 10 4 3 2 1 10 1 3 6 9 10 6 1 5 7 4 2 7 9 1 9 4 5 5 3 2 10 3 7 7 9 2 6 6 2 6 6 3 6 3 3 9 10 5 1 1 8 10 6 1 5 6 9 10 4 9 1 8 1 1 9 7 7 10 3 3 10 1 6 8 9 10 4 3 2 1 5 8 4 1 9 8 9 4 4 6 1 3 8 7 2 10 8 5 5 4 5 10 5 9 7 2 7
5 3 8 5 3 8 9 9 7 8 5 9 9 6 8 9 4 7 3 8 10 3 3 10 7 1 6 4 7 9 7 3 6 10 2 5 10 2 5 5 3 1 5 8 7 5 7 7 5 2 6 4 8 4 10 2 3 6 4 7 6 8 7 5 3 8 3 8 5 6 1 2 3 6 8 6 7 2 9 4 2 1 4 5 9 7 2 1 1 5 3 4 9 6 9 8 1 3 8 1 9 8 8 7 5 5 8 2 1 10 7 9 7 8 4 9 6 9 2 5 1 5 5 7 10 10 2 4 6 1 6 6 4 8 6 1 7 5 7 6 2 2 6 8 3 8 9 1 9 7 10 5 3 6 4 8 1 9 9 4 8 2 4 1 6 3 4 7 1 9 10 2 3 7 3 9 10 4 10 4 5 7 9 10 7 6 1 4 7 3 4 2 7 2 8 1 2 4 4 7 10 1 4 10 7 5 2 10 5 9 5 9 6 3 8 6 3 7 2 8 4 2 4 2 7 5 3 8 9 4 9 2 10 8 9 6 3 7 3 6 6 6 1 8 2 4 8 10 4 3 10 9 3 10 3 8 9 4 5 10 9 7 5 2 7 1 9 6 8 7 4 8 6 2 10 10 5 9 1 3 1 10 9 5 9 1 9 2 4 7 10 4 10 8 2 5 1 2 9 9 4 2 1 2 10 4 9 6 2 3 2 5 2 7 10 3 7 2 8 8 9 1 6 6 10 5 1 10 10 8 6 1 7 2 2 4 2 3 8 6 3 3 2 7 7 1 5 6 9 2 1 10 1 4 4 3 2 6 4 8 7 2 4 8 4 3 8 8 7 2 10 5 7 10 4 10 2 2 1 6 2 3 3 10 7 9 6 6 3 5 7 9 7 7 5 1 10 5 5 4 8 6 7 8 4 9 6 3 9 1 1 10 2 3 5 9 2 1 7 9 10 9 6 6 9 7 4 3 2 8 7 3 2 5 3 1 7 9 9 9 10 2 9 6 6 9 3 2 2 8
5 9 7 4 2 5 7 6 6 1 6 9 9 7 4 10 4 3 8 5 2 1 1 3 2 1 8 4 3 4 9 5 8 4 5 3 2 5 3 10 3 2 6 1 5 3 1 1 1 4 3 10 2 3 6 8 7 5 3 8 8 8 10 4 2 1 4 5 5 2 9 6 6 6 9 10 4 2 2 1 4 5 2 9 9 9 9 7 3 10 9 5 3 1 2 10 1 6 6 10 1 10 8 7 4 4 7 10 5 2 7 7 9 7 1 7 8 1 1 2 1 2 10 2 6 3 6 2 4 8 2 8 9 8 6 4 7 4 1 6 10 4 4 2 1 6 8 3 7 3 2 1 1 2 7 4 4 6 10 10 1 6 3 7 5 10 6 6 4 8 10 7 9 8 4 4 5 7 5 9 2 6 2 6 1 10 7 1 9 5 2 9 9 10 6 10 9 4 8 7 4 2 4 7 5 6 10 6 7 6 6 7 6 3 1 9 2 6 6 9 7 1 5 10 1 6 10 8 1 9 1 5 10 3 10 1 1 2 6 3 7 1 9 2 8 4 10 1 4 5 1 9 8 9 7 5 5 8 6 9 10 1 3 8 3 8 3 3 4 1 6 7 8 10 6 3 9 2 8 4 6 9 5 8 6 2 1 4 7 1 1 3 3 7 7 8 9 8 10 5 4 10 10 4 7 5 3 9 3 7 2 10 6 8 3 1 5 10 5 10 9 7 5 7 2 6 8 1 10 3 4 4 5 1 4 3 1 2 3 3 10 10 10 7 5 5 6 8 5 9 8 3 7 9 8 2 10 2 10 8 3 3 9 6 9 1 1 10 5 4 4 1 3 9 6 1 9 8 8 9 10 1 7 5 6 5 3 8 10 8 3 9 6 1 1 3 1 9 3 5 6 1 1 2 4 6 4 4 4 1 3 7 8 10 10 10 1 3 9 2 5 3 4 3 10 5 5 3 1 8 6 5 10 1 10 9 6 4 9 4 4 3 6 10 5 5 1 9 7 7
1 1 6 3 9 1 5 8 5 1 10 9 8 10 4 8 4 3 7 7 9 10 10 1 8 8 2 9 2 6 4 3 1 7 1 5 1 10 4 1 6 7 2 9 4 2 7 4 9 10 9 4 3 8 10 5 2 8 5 3 1 7 9 5 9 1 5 3 3 1 3 8 10 1 4 4 2 8 7 5 3 2 6 1 7 6 9 5 5 5 5 6 5 3 9 8 9 6 5 6 7 5 10 6 1 9 7 5 3 2 4 6 9 9 1 9 4 8 3 6 2 10 8 4 1 3 5 4 4 10 5 8 8 8 1 2 3 6 10 4 4 6 2 2 10 3 9 7 6 4 7 2 10 9 3 7 7 9 10 10 8 8 8 2 2 4 1 2 1 7 6 2 1 6 1 1 10 9 8 10 9 6 7 6 1 1 3 5 5 8 9 8 7 10 3 8 3 7 1 6 2 1 3 5 9 2 9 6 7 8 9 6 6 3 7 2 2 6 4 5 10 5 9 2 7 8 5 2 8 5 9 6 9 4 5 2 4 1 6 1 3 9 4 5 7 4 10 5 9 3 1 10 8 6 1 2 10 1 4 5 9 7 7 7 2 10 1 8 8 9 5 6 9 8 7 10 9 3 1 10 1 9 9 6 8 1 3 1 6 5 4 10 5 3 3 1 9 4 1 4 3 6 1 5 3 3 6 9 10 3 3 5 2 7 2 1 7 3 1 8 10 3 2 4 5 5 8 4 6 2 8 5 1 1 7 1 4 7 10 9 9 3 10 5 2 8 7 5 3 6 8 6 8 4 8 8 3 4 10 7 10 10 3 7 6 10 8 2 3 2 10 9 1 6 7 7 1 4 8 10 9 7 8 5 3 1 1 5 3 3 3 4 8 8 1 5 9 4 2 5 5 9 7 5 8 7 6 5 5 9 2 1 1 8 4 5 3 4 5 9 4 1 6 1 5 2 7 10 2 10 9 4 3 4 1 3 2 10 9 6 10 7 8 2 6 2 2 2 9 5
4 5 8 4 8 9 8 10 10 6 5 8 1 1 2 6 9 2 3 2 5 7 10 7 10 2 8 7 6 2 1 6 6 8 2 5 8 1 5 10 5 4 6 4 6 6 5 4 10 9 3 1 1 5 8 2 10 9 10 10 5 10 8 7 2 5 4 2 3 3 1 10 6 3 6 9 6 3 9 2 2 7 9 5 2 7 4 10 10 8 7 5 8 2 3 4 9 8 7 9 2 10 2 9 7 5 7 1 1 3 10 8 10 4 5 5 6 10 4 8 3 5 5 10 9 2 8 6 6 7 7 7 1 5 1 5 9 9 9 7 5 9 8 6 5 1 7 5 1 1 10 6 5 2 6 2 1 4 3 1 7 10 7 9 10 1 9 5 6 1 5 6 4 10 4 1 2 5 4 2 6 3 1 10 3 4 8 2 5 5 9 2 6 2 7 8 5 10 7 2 4 1 1 5 2 5 9 1 3 9 3 5 8 8 8 1 5 1 6 1 10 3 3 7 4 4 9 3 8 2 1 2 2 2 9 10 7 4 7 7 5 8 10 7 8 9 10 5 5 10 10 4 9 2 4 5 3 4 9 10 5 8 2 9 10 2 8 9 3 3 3 7 9 7 7 6 4 4 5 6 5 3 10 5 5 10 10 5 7 7 5 6 4 2 5 1 2 1 7 10 10 3 8 9 2 4 2 9 6 5 7 8 8 3 4 1 9 10 10 4 6 1 5 5 4 7 7 7 9 6 4 5 1 9 5 5 7 4 3 5 1 6 7 4 4 7 5 5 10 1 9 3 7 7 9 9 7 4 10 10 10 1 3 1 8 4 5 3 4 5 6 7 3 5 2 7 3 8 6 8 5 8 7 1 2 8 6 4 2 8 6 8 4 5 7 10 3 9 3 7 7 3 5 10 1 7 1 5 8 1 3 10 6 7 5 5 8 3 1 6 2 7 1 8 7 4 3 3 10 6 10 4 7 6 1 10 6 2 9 6 7 2 7 5 2 1 9 7 9 1
2 3 6 8 3 5 4 9 3 4 10 4 2 9 5 4 9 3 3 5 4 2 5 4 7 3 6 8 8 4 10 7 8 1 9 9 5 9 4 9 10 3 7 2 3 10 9 8 5 9 7 5 5 8 5 7 8 9 4 1 3 10 1 8 9 7 1 7 6 5 3 1 9 1 1 5 10 10 2 9 2 9 8 2 6 2 10 7 8 2 6 6 3 2 1 1 5 7 5 4 4 3 9 3 4 8 6 7 6 6 5 3 10 3 1 4 2 5 4 8 7 6 3 3 9 9 2 3 1 2 4 2 8 10 6 8 6 8 4 5 9 2 7 7 4 9 2 5 4 5 3 7 3 4 1 7 5 2 6 6 7 2 4 6 9 5 2 4 3 3 4 5 9 10 4 6 1 7 3 1 2 5 9 1 5 10 6 9 7 3 9 8 3 3 6 10 1 4 3 5 8 9 4 7 3 8 2 4 5 1 4 3 1 2 3 4 4 2 3 5 2 6 2 3 1 10 1 7 10 10 4 10 4 7 9 8 6 3 3 2 7 1 9 8 6 7 6 7 10 3 6 1 5 1 2 5 2 3 4 7 9 1 8 5 2 5 4 8 8 5 3 10 9 10 7 5 6 9 4 1 7 3 1 10 4 7 1 9 8 3 1 9 3 7 6 2 9 1 3 9 8 8 2 1 4 2 10 5 6 3 5 6 3 1 6 10 7 7 7 5 9 7 2 1 6 4 5 8 4 2 10 9 7 8 4 1 2 1 10 9 5 1 8 10 10 2 8 10 2 2 3 6 3 2 6 1 2 4 4 8 1 4 1 9 1 3 10 4 4 7 9 7 7 8 3 3 10 2 6 2 3 3 9 10 3 7 8 8 10 5 1 9 8 9 1 10 7 6 8 6 10 8 3 9 4 3 10 3 5 8 4 1 4 7 3 6 7 1 7 1 8 3 9 2 4 9 8 9 8 6 2 10 1 9 3 9 8 7 9 2 10 8 8 2 2 1 8 10 3 3
5 4 5 4 2 8 3 7 8 7 6 7 10 5 5 9 2 1 3 8 2 3 4 1 2 3 8 10 3 8 6 2 10 10 6 8 8 10 3 4 2 7 1 5 10 4 2 6 10 8 5 7 9 9 9 5 6 1 2 9 3 10 1 7 7 4 6 9 5 10 3 4 4 2 1 9 5 7 4 5 5 9 6 10 9 1 4 5 6 9 3 7 6 7 8 1 10 3 10 8 2 9 5 6 4 6 4 10 10 4 4 7 1 8 5 10 4 8 1 1 3 8 5 10 5 8 9 3 6 4 1 2 3 7 8 2 8 5 9 8 10 7 1 4 2 6 1 6 3 5 6 2 7 4 2 8 4 8 3 8 9 5 9 2 10 10 1 7 7 7 6 5 6 5 6 3 6 6 6 6 8 1 9 5 5 4 1 10 5 10 9 9 4 6 1 7 1 1 2 4 9 8 7 4 8 9 1 7 9 3 6 7 6 6 9 4 6 3 10 4 10 8 2 9 4 9 7 7 6 10 9 4 4 8 7 9 6 8 10 8 6 5 6 6 6 10 8 10 10 5 6 3 10 6 9 2 9 2 9 5 6 8 10 7 2 7 9 1 5 2 3 1 5 3 2 1 2 6 3 3 10 4 9 1 7 3 1 3 4 9 9 10 8 8 9 7 2 1 6 2 1 4 4 3 2 10 3 4 3 9 7 5 3 10 6 10 9 5 8 3 3 1 5 2 5 2 9 6 9 4 7 3 3 7 10 2 7 10 2 6 8 6 9 4 10 3 10 9 10 3 2 1 1 6 8 5 5 3 1 5 4 1 10 7 1 5 2 7 8 8 9 8 4 9 8 1 4 10 6 9 4 6 8 5 10 10 1 4 10 2 9 2 6 4 3 7 9 8 5 5 1 4 5 2 1 1 1 8 2 4 3 9 5 2 9 5 8 10 8 3 1 3 1 2 4 2 5 9 8 7 3 3 9 4 4 2 3 8 1 3 2 9 6 5 9 7 2 10 9 3
3 8 3 2 3 6 1 7 10 3 5 5 2 1 1 7 7 6 5 9 9 5 3 2 2 2 7 5 6 1 8 6 10 10 7 4 5 4 6 2 5 6 7 2 8 7 7 8 3 10 8 3 9 6 9 1 7 9 7 5 2 4 7 8 2 5 8 2 9 9 1 5 1 4 2 5 1 8 6 6 6 5 2 8 4 9 3 1 7 7 6 7 4 1 9 1 8 3 6 6 6 1 2 1 10 8 8 3 2 6 3 3 10 2 10 7 1 9 6 8 2 5 6 9 6 8 6 2 6 10 9 8 3 1 8 2 5 10 2 9 3 8 5 4 7 8 4 4 10 9 7 6 3 3 4 3 4 5 10 9 1 9 3 5 10 7 9 4 3 2 8 5 8 10 4 9 1 2 1 3 7 2 6 8 1 6 3 10 9 8 9 6 9 1 8 2 1 1 7 4 9 6 5 5 6 2 1 8 2 9 4 7 10 2 4 5 3 6 2 7 2 10 7 9 10 5 5 2 10 8 3 1 9 2 10 7 9 7 10 3 10 3 7 6 5 9 7 9 8 6 2 9 3 2 8 7 6 6 9 3 1 5 1 1 8 6 9 1 9 6 4 6 5 9 7 3 10 1 8 6 2 6 5 2 7 3 4 9 8 8 10 10 6 4 5 9 10 10 6 6 7 9 5 6 10 6 1 8 5 2 10 4 7 9 4 3 4 8 8 4 9 9 1 1 1 6 2 7 2 8 2 1 1 10 10 10 2 10 1 6 6 8 4 5 3 4 3 5 10 8 4 1 8 2 5 9 7 9 7 6 10 5 3 3 4 1 10 6 10 8 5 7 9 6 10 6 8 9 5 1 10 7 2 10 7 10 9 1 2 2 1 1 7 1 9 4 4 8 2 3 1 7 4 1 4 6 10 1 5 7 4 9 1 6 1 10 5 9 2 8 6 1 7 3 1 2 1 7 2 7 7 9 1 6 3 9 6 6 5 6 6 9 5 4 5 1 8 9 7 3
5 8 10 1 5 2 2 7 6 4 7 9 2 5 1 8 5 1 2 10 1 9 2 6 4 2 2 9 7 2 7 4 6 2 4 10 9 3 10 9 7 3 3 9 10 4 3 4 9 10 4 10 9 8 2 8 8 7 3 2 9 4 6 3 7 5 4 5 2 5 7 10 10 3 4 4 1 4 5 9 2 6 9 1 6 6 6 8 6 9 7 7 5 9 2 5 2 8 10 7 1 2 10 4 8 5 2 1 5 2 2 5 10 6 6 2 6 4 4 2 9 4 4 9 6 4 7 3 4 7 5 9 9 3 2 5 3 2 4 4 2 5 8 2 6 8 1 3 8 6 1 2 1 3 9 8 8 9 8 2 9 5 5 8 5 1 7 9 9 7 4 7 7 2 9 9 3 8 7 4 10 9 3 7 5 6 2 6 3 9 3 1 3 2 6 2 5 1 3 10 9 1 3 1 5 5 8 7 2 6 1 8 10 9 10 8 1 9 6 5 3 6 7 7 2 5 2 1 7 7 1 7 10 6 9 10 3 9 3 5 3 7 8 10 8 3 10 1 4 5 4 6 4 9 7 5 7 8 5 3 4 10 3 2 1 9 9 9 7 1 3 2 8 5 9 6 1 10 1 5 5 4 9 10 9 10 5 10 5 6 8 10 2 6 7 1 8 7 5 4 7 9 1 6 4 4 6 2 2 2 6 5 4 6 6 3 9 4 1 8 3 8 2 1 2 8 5 7 3 7 10 8 6 5 9 1 4 5 7 1 9 2 7 1 2 2 4 9 6 3 1 6 4 10 5 6 1 1 4 10 7 1 8 5 8 9 6 7 5 1 8 1 9 2 7 9 1 4 6 5 6 6 6 3 1 4 10 3 4 9 8 9 3 2 8 7 2 7 4 10 9 8 4 8 2 7 1 7 5 7 9 6 9 3 5 10 8 4 2 10 2 7 1 7 6 10 3 6 5 8 2 8 2 7 6 8 1 1 4 1 2 10 7 8 2 8 4 1 10 2
4 2 6 7 7 6 6 9 3 9 7 2 5 2 8 1 8 2 5 5 2 7 6 2 10 6 10 5 2 1 4 5 3 6 1 5 4 4 6 2 1 10 4 3 10 9 9 7 2 7 2 9 2 2 1 3 2 9 10 7 10 1 4 4 9 1 2 7 4 3 1 4 6 2 10 10 6 10 6 7 3 4 3 8 4 9 5 2 6 1 2 3 9 10 6 4 1 5 5 5 2 1 7 6 3 8 10 7 5 4 3 9 8 7 2 1 10 10 2 7 4 6 10 7 3 9 10 5 1 10 1 8 3 7 2 9 4 9 10 6 10 4 5 6 7 4 1 9 4 6 7 7 6 5 5 10 10 1 2 10 9 9 4 8 8 9 10 2 5 4 2 2 4 9 2 10 3 6 5 6 4 2 1 10 9 9 5 9 8 9 1 3 1 9 9 1 5 9 5 3 6 2 3 6 7 4 5 8 4 6 8 1 3 3 2 5 3 9 6 1 3 1 9 8 8 2 5 2 2 3 10 1 6 3 7 3 9 6 9 8 9 1 9 1 2 1 6 5 4 8 7 7 8 4 10 1 8 6 3 9 10 2 9 2 9 8 10 8 4 10 7 4 2 8 10 10 3 8 7 9 10 1 4 9 6 4 2 1 4 4 6 9 6 6 2 7 10 6 1 9 9 6 2 9 4 9 7 6 1 6 1 9 8 9 3 9 2 5 5 8 4 6 3 5 9 10 10 4 9 9 4 2 5 7 4 6 5 5 2 5 4 3 3 5 3 4 4 5 4 3 10 5 1 2 2 6 5 5 5 8 8 4 5 7 4 3 2 8 6 10 10 3 4 7 7 7 8 6 8 7 2 7 8 8 1 6 9 4 10 7 2 5 6 2 6 8 4 5 3 9 3 1 1 10 2 8 9 7 1 2 5 10 3 5 10 8 2 3 8 9 1 3 6 9 3 4 3 2 1 10 5 7 7 9 1 6 3 1 3 8 3 1 1 4 4 9 3 9 8 7
2 2 7 7 1 7 6 5 6 2 2 4 8 6 10 6 7 4 5 5 4 7 6 4 10 9 1 10 2 7 3 7 1 7 7 6 6 8 1 10 1 10 8 1 7 7 1 8 6 5 6 7 9 2 5 3 9 5 3 9 3 2 2 4 9 1 8 3 4 9 3 3 1 5 1 10 10 9 10 3 4 1 5 1 1 4 2 2 3 1 8 6 6 6 7 4 5 9 5 4 10 8 10 7 3 8 8 2 7 3 1 10 10 4 7 7 9 9 6 4 5 3 3 5 5 10 2 9 2 10 10 2 7 6 3 4 7 6 7 5 7 10 5 2 1 10 9 10 7 1 4 10 6 6 10 9 3 3 3 4 8 3 4 1 8 9 2 1 3 3 9 5 9 3 8 1 9 5 2 5 5 10 8 1 2 1 9 5 3 6 7 4 6 5 9 3 5 5 8 4 10 9 9 8 9 3 9 1 3 4 9 2 1 1 5 5 2 8 10 5 5 1 6 10 5 2 7 2 9 4 10 1 7 7 6 10 2 9 6 5 7 10 6 5 2 7 9 6 5 8 3 10 3 3 2 10 8 7 4 9 2 7 4 7 1 8 6 10 5 8 9 1 2 1 8 3 10 5 4 7 6 9 10 6 4 9 4 9 5 9 7 9 10 4 1 3 2 6 6 8 3 5 7 6 10 9 7 5 7 2 3 2 7 1 2 5 3 10 3 8 9 7 8 10 5 8 5 2 3 7 4 4 4 1 8 8 9 4 1 9 9 1 9 6 8 9 1 6 3 10 10 9 1 6 4 8 9 4 6 6 2 5 9 9 1 1 5 6 5 2 6 7 9 2 4 3 10 10 3 7 3 7 6 2 4 5 7 2 2 1 9 9 3 9 10 6 9 2 1 5 2 8 6 8 6 2 2 10 6 7 4 8 1 7 2 7 10 9 3 1 2 4 4 9 10 3 10 9 9 8 1 6 2 6 1 10 2 5 8 2 5 10 3 5 9 5 9 5 3 5
3 3 1 3 6 10 9 2 8 7 2 10 7 4 7 4 3 9 9 10 1 3 6 5 2 10 4 7 9 10 3 9 7 5 6 8 9 6 3 4 10 8 5 6 9 10 8 7 6 6 2 2 9 4 8 6 2 9 5 6 8 2 3 1 10 9 6 3 4 10 9 3 1 7 6 4 6 6 1 10 5 4 6 6 6 9 1 9 1 1 4 9 9 4 7 8 10 2 6 4 8 1 5 6 4 7 6 3 2 2 10 8 3 5 1 10 7 7 2 10 5 4 10 3 5 1 7 9 2 4 3 1 8 5 9 9 8 10 9 2 3 2 3 6 3 6 6 8 8 9 5 9 9 4 4 5 8 5 8 5 4 1 8 7 4 6 5 2 2 1 6 2 2 6 7 1 4 5 2 10 8 8 8 3 2 5 9 5 8 4 5 4 8 2 9 10 4 5 7 7 6 10 6 4 6 9 3 5 10 6 8 3 7 1 1 5 7 8 10 3 1 3 9 2 2 2 5 2 9 1 4 4 10 10 6 3 8 1 10 8 4 7 2 4 3 10 7 6 2 6 6 6 2 3 6 1 8 7 10 10 6 10 2 7 4 3 8 3 3 4 3 1 9 8 9 7 6 9 9 5 8 7 1 9 5 8 4 3 2 10 9 3 9 5 3 4 9 3 7 1 8 10 5 6 4 10 5 8 1 8 10 1 8 5 9 2 8 6 1 1 7 5 8 1 3 3 5 7 1 1 7 2 3 8 8 7 1 7 9 7 8 8 7 1 5 6 9 9 1 7 1 5 9 4 4 4 3 6 6 10 6 1 1 4 8 6 9 9 3 5 8 4 5 8 1 3 10 9 2 6 3 6 1 2 4 1 3 3 8 5 4 7 4 7 5 8 5 1 8 6 7 2 9 6 4 7 10 10 1 9 5 8 1 1 10 4 8 8 2 10 2 5 8 10 10 2 5 10 1 4 6 7 9 8 8 10 10 5 8 9 1 9 6 7 10 10 4 10 6 6
4 2 7 1 3 3 5 5 10 6 8 2 6 5 1 1 6 3 2 1 8 9 6 9 10 8 9 3 5 7 4 10 2 1 9 1 8 4 8 5 7 10 2 8 10 1 9 9 9 8 3 4 5 5 4 10 2 7 1 1 6 8 7 3 2 9 8 9 5 6 9 2 5 7 6 5 10 6 2 1 2 5 1 4 2 7 6 7 9 3 1 7 10 6 9 4 3 7 1 1 2 8 8 3 4 6 8 6 5 4 3 6 1 3 6 5 7 8 7 8 8 4 1 3 7 9 5 9 8 9 1 5 2 4 6 7 8 4 2 6 8 1 2 7 6 7 8 5 7 2 3 8 9 5 8 8 2 5 5 2 7 6 1 8 9 6 2 9 9 10 6 4 6 2 7 6 2 2 8 3 2 7 2 4 7 2 1 3 5 3 5 4 9 1 9 9 9 1 7 8 9 4 4 2 1 8 10 9 7 2 6 4 7 5 9 10 8 1 10 10 7 1 2 2 7 4 10 7 6 7 1 10 4 4 4 2 1 1 8 4 1 9 2 10 7 3 1 4 3 10 9 8 6 5 7 8 10 7 10 3 8 4 2 8 3 8 4 8 2 6 4 7 2 1 3 4 8 5 8 9 10 6 5 8 9 10 10 1 9 2 7 6 8 2 6 9 5 4 5 2 9 2 1 3 7 8 9 3 2 7 8 1 3 6 7 3 4 9 8 10 10 5 1 5 6 10 1 5 2 2 4 7 3 9 9 4 1 10 4 8 2 7 5 7 1 4 10 6 4 5 8 4 7 8 5 4 7 1 7 6 4 7 2 7 7 10 8 10 8 7 5 7 10 2 5 10 6 1 4 6 4 1 5 10 5 1 8 2 7 9 8 6 5 2 6 8 6 9 8 4 3 3 9 2 1 5 4 3 2 5 4 10 1 1 1 10 2 7 1 3 1 8 6 1 8 5 5 5 3 7 4 5 7 7 8 6 3 2 6 5 3 2 1 2 6 3 6 3 7 4
3 2 6 2 10 5 10 2 3 9 5 3 9 6 8 10 8 10 6 3 1 9 10 4 1 1 2 7 2 5 6 5 2 3 2 6 5 7 7 8 3 7 4 10 1 6 1 7 9 3 3 7 6 5 3 5 1 8 1 2 7 1 10 1 4 5 3 9 1 9 1 3 6 9 10 1 2 4 8 10 6 7 3 3 3 9 4 1 4 3 1 7 1 4 5 2 5 4 6 3 9 2 7 5 7 3 8 7 2 8 5 4 3 6 9 1 10 9 5 1 10 7 10 4 2 1 6 9 10 9 6 10 10 10 8 5 7 3 7 7 1 10 2 10 6 2 5 7 9 3 7 9 8 8 4 10 4 4 10 1 5 2 5 8 5 9 5 8 6 2 7 1 4 7 8 5 8 5 8 2 1 6 1 6 1 5 6 6 3 5 3 2 4 3 3 8 4 5 1 10 10 3 9 4 5 6 10 10 4 1 6 2 6 6 3 3 1 1 9 2 3 1 1 1 8 3 2 4 2 8 9 7 10 8 10 6 10 7 2 4 9 1 3 6 6 6 1 3 3 4 9 2 9 10 8 7 3 2 3 2 3 5 2 5 6 10 5 2 9 6 4 1 3 7 7 3 9 4 7 10 6 7 6 8 8 6 6 4 3 10 7 4 2 10 9 2 2 7 6 4 9 8 8 8 10 6 5 6 7 7 8 8 7 9 6 7 10 1 1 6 8 1 1 7 8 7 1 1 5 3 8 9 1 10 3 8 9 2 1 2 10 7 6 2 9 8 10 9 2 5 9 6 8 6 10 1 5 9 10 3 3 3 7 1 4 6 2 5 10 2 8 3 9 1 6 10 4 2 2 10 8 10 9 2 4 3 10 7 7 8 8 1 2 2 1 2 8 2 7 2 2 8 4 7 7 3 6 9 6 2 9 9 3 2 6 6 9 3 4 10 1 10 3 8 6 9 10 4 7 1 7 8 10 4 2 5 7 2 10 2 7 2 10 9 4 9 7 9 9 8
3 3 8 9 1 9 10 1 3 9 10 2 2 10 10 9 5 10 10 4 1 4 6 10 5 1 7 5 6 7 8 1 4 1 6 6 2 6 4 6 4 8 8 9 4 9 10 1 10 4 6 5 10 8 8 10 3 3 7 9 9 5 8 7 9 1 4 5 1 7 9 2 2 1 4 4 6 7 9 2 3 10 4 4 10 5 1 3 2 6 4 5 2 3 1 7 1 1 2 2 2 2 9 10 7 7 5 4 8 10 7 4 5 3 9 9 8 3 9 7 10 4 7 9 4 4 7 7 6 2 10 7 9 7 6 6 4 5 8 1 8 3 8 2 9 4 5 7 8 3 1 6 2 9 6 9 7 8 5 4 1 10 1 2 6 4 8 8 9 1 7 6 2 9 10 1 8 4 6 7 4 1 5 1 10 10 10 10 8 2 7 3 6 9 7 4 5 10 3 1 1 6 1 9 10 10 4 7 7 4 4 8 6 10 6 6 8 3 10 6 6 7 2 8 2 8 1 9 10 7 2 8 1 3 1 1 2 6 6 9 7 4 8 9 4 7 3 7 10 6 10 8 3 4 4 1 8 2 2 4 7 1 10 10 9 5 10 6 3 5 4 6 1 7 3 2 9 1 5 8 3 1 8 3 4 6 10 5 9 6 7 8 10 5 10 4 9 6 6 8 10 5 10 7 5 3 2 4 4 8 1 7 7 9 8 6 6 2 5 5 3 3 10 1 8 10 5 7 4 7 2 8 6 3 9 2 2 8 8 1 5 1 5 7 8 2 9 7 9 9 3 3 4 6 2 3 6 7 1 10 6 10 3 10 1 4 1 10 9 6 1 7 7 4 10 6 5 7 6 9 8 1 2 6 5 3 6 5 9 7 8 9 9 4 9 5 8 8 2 6 7 9 7 4 10 6 5 9 8 1 7 10 7 6 4 4 8 3 5 5 9 5 10 7 9 1 2 9 10 9 6 10 6 7 8 2 1 4 2 10 1 6 3 7 6 1 7 2 2 5
2 4 10 9 10 4 6 6 6 3 2 2 9 10 7 5 9 7 4 9 1 6 5 8 2 6 7 3 5 9 3 7 8 10 5 9 9 9 8 5 9 1 8 3 8 5 9 9 4 8 4 6 3 10 7 6 10 6 1 5 7 4 5 9 5 4 6 2 8 4 3 1 8 2 1 6 3 7 7 9 10 9 7 6 9 8 5 1 9 10 9 6 9 9 7 9 8 3 2 10 4 4 3 8 1 5 8 10 5 1 1 10 8 4 1 9 3 7 7 5 5 4 2 9 2 4 7 2 6 2 9 10 10 7 6 9 5 2 10 4 1 3 7 9 8 7 10 10 3 8 8 6 6 10 6 10 5 4 4 3 3 5 9 8 4 7 8 8 2 4 2 3 9 8 8 9 5 2 10 4 3 9 8 9 5 3 9 10 6 4 2 9 6 6 5 7 5 2 10 7 4 6 4 4 4 1 5 1 6 5 4 9 7 3 5 5 4 9 3 6 4 7 2 5 6 6 8 10 4 10 7 6 9 7 10 3 5 4 10 4 1 6 2 7 9 4 10 8 4 10 9 8 7 9 4 3 7 1 6 4 3 8 8 5 1 5 10 4 2 10 9 1 8 9 7 3 1 8 9 3 2 1 9 9 4 3 5 4 9 10 2 3 6 7 4 1 8 10 6 6 8 5 1 5 5 2 2 4 4 7 1 5 9 7 2 9 4 3 10 8 3 1 4 8 8 3 6 6 10 1 4 2 8 4 7 5 2 4 9 5 3 4 9 1 4 4 1 6 1 1 10 8 8 5 10 1 6 6 3 2 5 7 8 6 1 9 8 4 5 10 2 5 4 8 10 5 4 5 7 6 10 8 3 6 9 9 2 4 6 1 10 4 10 5 3 4 4 4 1 7 1 8 3 9 7 5 4 1 7 5 8 3 2 9 9 9 9 1 3 10 9 1 3 4 10 4 1 10 7 10 10 10 1 8 5 6 10 4 5 6 9 6 7 7 9 8 4 3 4 2
2 7 2 4 9 1 4 2 6 1 3 7 4 5 8 2 3 2 8 4 9 6 1 5 2 5 6 10 8 1 8 5 1 9 3 2 7 6 7 7 10 5 1 2 9 2 5 1 2 6 2 8 4 9 1 6 4 3 6 4 7 9 4 10 1 9 9 3 10 6 1 9 7 10 10 8 10 5 9 7 3 4 10 4 1 2 3 4 6 7 10 2 9 6 7 4 4 1 8 6 1 9 4 4 2 3 5 7 7 10 5 4 6 1 9 2 6 6 1 5 5 6 1 5 10 6 8 2 5 7 8 7 10 6 10 6 8 5 10 5 3 9 3 10 7 6 7 6 1 4 5 4 7 9 3 9 6 7 4 10 8 8 1 3 7 8 9 8 9 8 4 8 4 1 8 5 4 3 7 2 9 7 2 3 4 5 6 1 6 8 8 6 9 10 5 5 5 9 4 1 3 4 1 1 8 7 9 4 5 8 10 2 3 10 9 8 7 5 10 1 10 4 3 6 2 2 7 9 7 4 6 1 3 2 7 9 1 7 2 3 4 5 2 2 3 2 8 3 9 3 1 9 9 4 7 3 2 8 5 1 6 1 3 7 5 3 2 6 1 9 5 5 2 8 7 5 5 3 10 8 6 9 4 4 4 9 5 9 10 7 3 5 6 5 6 1 2 1 9 10 1 1 7 8 4 2 10 1 9 6 6 10 9 9 10 7 1 10 4 6 1 10 6 7 6 2 2 1 4 10 4 4 6 1 3 8 7 6 9 5 10 7 1 2 1 9 8 10 7 1 6 5 4 4 5 1 3 10 8 7 6 7 8 2 6 6 5 6 2 1 3 4 7 9 6 5 6 3 2 1 2 3 9 9 8 7 5 6 9 4 4 9 8 6 8 1 2 6 9 8 6 5 2 2 10 5 1 6 4 7 5 8 3 8 7 1 10 10 4 6 6 1 2 5 7 6 8 4 4 5 5 8 7 5 10 1 3 1 10 2 1 8 9 6 9 1 4 9 4 4
5 10 10 5 5 10 10 5 8 3 1 8 2 8 10 9 4 10 4 9 6 1 7 4 2 7 5 5 1 7 6 10 10 10 9 5 10 9 10 4 7 6 10 10 8 1 10 7 3 6 3 6 5 4 8 7 9 1 7 6 7 9 4 5 5 4 2 5 1 9 9 10 10 1 1 2 6 3 5 5 1 5 6 9 4 6 7 6 3 3 2 2 9 1 2 4 2 8 6 3 4 4 2 3 8 5 7 6 9 4 5 10 1 10 10 2 6 1 6 5 8 7 4 4 4 3 10 10 9 7 2 1 10 5 9 2 10 7 9 2 10 7 8 8 9 2 9 9 1 6 4 10 1 5 4 10 5 10 9 9 10 3 4 2 10 1 5 10 2 8 8 10 1 10 2 10 3 6 8 4 8 8 1 9 10 7 8 2 4 8 3 6 4 7 2 10 9 4 2 8 2 2 3 2 5 9 10 6 2 1 6 10 2 4 6 2 4 5 3 10 3 5 8 2 3 9 4 6 4 4 7 3 8 9 2 1 1 5 1 8 6 10 4 9 3 8 6 10 10 1 10 7 10 2 3 3 8 7 7 10 8 5 10 4 6 3 6 5 10 8 4 1 5 7 8 3 6 10 7 6 6 10 4 9 8 6 5 5 7 8 4 5 7 1 10 10 4 2 8 4 10 5 10 1 5 5 8 5 4 4 1 1 5 1 9 5 6 1 9 10 6 8 3 9 9 1 10 7 7 4 10 7 7 9 5 10 8 3 6 2 1 9 1 5 2 6 4 5 5 10 8 8 7 4 2 10 7 3 5 3 7 5 10 9 1 3 9 2 10 8 7 2 2 10 6 8 9 9 10 10 1 5 2 5 8 1 1 4 4 8 4 4 3 4 8 4 5 6 5 3 2 2 7 6 9 2 5 10 1 6 9 1 4 5 9 5 6 9 4 8 8 10 2 2 4 4 10 7 5 9 7 3 3 10 6 9 7 10 3 4 6 5 7 4 9 2 9 2 8 3
3 5 8 6 5 2 6 8 7 6 2 2 7 9 3 2 1 10 10 10 6 3 7 4 9 3 3 5 4 8 4 5 4 9 2 5 2 3 4 3 5 6 3 8 8 9 8 3 1 2 5 1 10 4 3 7 3 1 3 9 1 10 9 5 7 10 9 10 9 9 5 7 2 9 8 9 9 6 6 6 9 5 9 5 1 2 7 4 5 10 7 10 8 8 1 2 8 10 10 6 7 3 5 5 6 6 7 8 3 7 8 5 7 3 4 10 7 9 4 3 5 8 7 6 9 5 2 8 2 4 8 1 4 6 10 3 3 1 9 10 6 7 4 8 8 1 6 10 6 9 6 4 9 10 7 5 8 1 6 10 6 10 5 5 10 4 2 2 10 1 5 2 10 5 7 10 10 10 3 2 5 6 9 10 10 3 7 1 6 1 5 7 5 8 3 2 7 9 10 2 9 8 3 3 9 4 4 6 3 1 9 2 3 7 7 8 9 4 1 5 4 5 9 3 2 2 1 10 10 10 1 6 9 8 2 10 2 7 9 1 9 10 4 9 4 7 2 10 1 4 4 7 1 1 1 8 6 1 6 10 7 1 5 4 2 4 6 6 4 6 8 9 4 3 8 8 6 6 7 8 6 10 1 10 4 5 6 3 6 8 2 8 6 5 2 1 4 7 3 3 7 2 8 3 5 10 10 1 7 10 4 3 8 1 7 1 1 6 10 3 7 6 2 9 3 2 8 3 1 9 5 6 8 5 9 6 5 1 7 8 10 1 10 1 7 3 4 2 5 1 9 9 5 6 1 7 10 6 5 4 5 8 5 2 4 6 2 9 10 7 4 3 6 3 8 4 2 6 4 5 2 8 2 10 9 10 9 3 1 7 1 6 2 4 1 6 9 4 5 4 2 1 10 9 5 4 5 4 10 9 2 4 7 7 5 8 3 3 5 9 7 1 9 2 8 9 7 2 6 3 7 6 10 9 5 10 5 7 2 1 6 2 4 10 8 5 2 4 8 10
1 10 10 6 10 7 6 8 2 3 1 10 6 3 4 2 7 1 7 7 7 8 4 1 8 2 6 2 1 6 1 2 4 10 2 4 2 8 3 8 3 1 9 6 1 8 6 5 7 5 10 10 2 9 1 4 2 2 2 4 9 8 7 4 10 1 9 7 5 1 7 2 9 1 9 6 5 3 5 8 4 5 8 4 4 3 6 8 2 4 9 9 8 10 10 8 2 9 5 1 10 1 4 6 1 1 4 6 2 3 6 3 9 9 4 7 5 4 6 10 1 3 1 5 6 10 10 9 7 9 5 10 1 8 9 7 3 4 2 10 4 6 10 4 6 10 9 5 6 9 7 1 10 8 4 9 8 3 3 6 3 6 2 3 7 8 6 9 4 6 2 3 9 5 4 9 1 7 10 1 4 9 7 3 8 5 8 4 9 3 3 9 9 7 4 4 8 3 4 7 8 3 4 2 4 9 10 7 7 9 6 7 7 3 2 8 8 7 2 5 7 1 1 8 9 2 7 8 8 6 10 9 8 7 3 6 1 5 7 6 5 1 1 2 7 4 7 9 8 10 3 1 1 7 9 3 4 7 3 6 3 4 9 1 5 1 1 10 9 10 1 2 1 3 5 7 5 6 2 7 5 3 4 5 10 6 4 1 2 2 2 1 10 3 5 4 4 3 6 5 9 1 8 2 3 1 10 1 3 10 6 10 9 3 6 8 3 9 5 4 5 4 4 3 4 9 7 6 2 7 9 8 1 2 9 8 6 6 8 10 4 10 7 5 6 6 10 5 3 6 4 5 1 4 2 1 7 9 8 2 7 4 2 1 7 9 9 9 10 3 6 9 8 10 4 3 6 6 10 3 2 5 1 8 9 9 4 5 9 7 1 10 6 5 2 6 10 7 3 4 3 3 8 10 2 1 8 3 8 7 6 1 3 6 6 4 9 10 2 10 3 1 3 2 9 10 9 3 7 9 5 9 5 7 1 2 9 6 4 10 10 6 3 9 7 2 7 5 1 7
4 1 8 5 5 6 8 1 2 5 1 9 5 10 4 3 5 3 6 10 2 3 7 4 8 7 4 3 5 9 9 1 4 6 2 10 3 2 5 6 7 8 6 3 9 7 10 1 5 4 9 1 8 4 9 9 2 1 8 9 7 10 7 9 5 4 4 10 1 4 4 1 5 7 4 7 2 5 7 2 10 4 9 9 2 10 8 6 2 3 6 4 3 8 3 6 2 6 9 8 2 4 4 1 6 6 3 4 3 6 2 2 6 3 7 3 7 9 4 3 3 8 1 9 7 6 6 1 5 2 7 8 10 1 3 2 5 1 5 8 3 5 4 1 7 2 4 5 5 9 5 10 8 6 2 10 8 6 6 6 4 6 3 6 4 8 10 8 7 3 2 10 2 3 9 8 9 7 5 8 6 9 6 3 9 5 4 10 3 3 6 3 1 9 10 1 1 3 5 10 5 10 6 5 2 10 8 6 5 3 9 2 1 2 10 6 3 1 5 1 10 4 6 1 8 1 1 6 4 10 10 10 4 6 10 3 5 9 7 3 1 1 5 4 10 7 1 9 1 10 10 4 3 3 10 7 4 2 6 10 3 2 5 10 1 9 3 5 8 1 8 1 2 3 9 1 10 4 1 3 2 3 9 8 9 5 2 1 9 4 10 6 3 3 10 3 8 2 10 10 6 2 10 4 9 4 4 8 2 1 2 2 3 4 2 7 2 8 1 8 6 5 9 7 9 8 10 9 8 10 2 7 4 4 1 6 3 8 2 6 8 9 6 8 5 9 9 7 10 1 2 9 3 6 6 7 9 8 9 3 1 6 3 5 7 6 8 10 2 10 6 2 7 7 9 3 6 2 5 4 8 1 7 5 2 3 5 4 2 9 1 6 6 4 5 3 5 1 4 9 10 4 9 3 5 9 6 1 2 7 5 10 8 10 9 2 6 10 9 5 7 5 8 10 10 4 3 2 10 9 3 9 8 7 4 9 8 7 4 6 3 10 7 7 4 9 7 4 9 6
4 8 6 2 9 4 7 10 6 9 2 8 2 4 3 6 3 4 9 6 3 5 6 8 10 6 5 8 8 10 9 10 1 2 3 5 8 5 7 3 2 2 9 9 5 10 7 3 1 6 2 7 5 6 6 8 9 5 10 7 5 10 9 4 5 8 10 3 10 2 4 1 3 6 3 8 2 10 9 2 8 1 9 5 10 2 1 10 4 7 3 9 6 2 1 2 4 2 9 4 6 4 6 1 6 1 5 5 6 1 8 4 10 8 9 5 7 7 8 7 10 5 3 1 9 5 1 3 5 5 9 9 10 1 2 8 2 5 3 3 7 10 6 4 1 1 4 7 10 10 5 6 7 6 5 6 9 5 6 6 6 6 3 5 6 2 2 1 6 5 10 1 1 7 5 1 9 10 8 5 1 9 9 7 9 6 2 8 8 8 2 8 7 10 7 1 9 9 8 4 10 5 6 10 9 9 2 5 7 5 8 10 9 7 3 4 1 6 10 1 9 3 5 3 6 5 2 3 3 3 5 2 5 5 2 3 4 10 8 10 1 6 8 2 6 3 5 6 6 6 5 3 10 2 7 5 4 7 1 7 8 2 7 2 7 1 4 8 8 3 2 6 2 4 4 9 9 1 9 6 6 9 8 4 1 9 1 8 3 6 8 10 4 7 6 10 4 4 6 5 6 10 2 9 2 7 5 10 8 5 4 2 9 5 2 8 8 4 3 7 5 4 3 10 10 4 10 6 2 5 1 3 10 4 6 6 8 8 10 4 6 1 8 2 1 3 9 4 9 8 3 5 1 6 1 5 7 9 9 4 4 5 6 8 6 3 7 1 6 6 1 5 10 6 5 7 3 7 1 5 2 7 8 10 5 7 3 1 8 10 6 10 7 4 10 5 1 1 7 9 9 6 2 10 3 6 9 7 1 1 2 8 4 10 7 5 2 10 9 6 2 3 4 9 6 1 7 10 10 7 6 3 8 2 2 2 2 9 7 9 5 8 6 10 5 5 8 10 6 9
3 3 1 8 5 6 5 10 6 6 8 8 2 2 8 3 7 1 5 5 1 6 8 6 9 10 4 3 10 3 9 3 10 8 4 6 4 2 1 2 7 3 5 6 2 1 7 2 7 4 1 9 4 3 9 8 7 10 10 5 4 8 5 2 4 1 6 8 10 10 4 6 5 7 3 9 8 6 9 9 2 5 1 5 10 4 6 1 6 2 9 3 6 1 7 9 7 1 7 9 5 1 1 1 9 7 4 8 10 9 5 2 7 6 1 8 4 9 3 10 1 6 6 6 7 2 1 6 1 4 5 9 3 8 9 10 4 1 8 7 7 2 7 1 4 9 4 3 2 4 4 5 9 1 9 7 9 10 7 9 9 7 7 7 1 9 9 6 9 1 4 9 7 9 9 3 9 7 5 10 4 7 4 5 8 1 6 7 1 8 5 4 1 7 10 9 5 1 5 4 8 3 1 8 4 7 6 8 8 5 3 5 2 7 10 1 8 5 3 6 3 4 1 7 8 4 10 5 2 2 3 5 4 6 10 6 2 4 5 10 1 4 8 6 4 4 5 1 8 8 6 4 7 4 3 2 4 6 1 6 2 1 6 7 3 7 2 2 9 6 9 7 8 5 1 8 10 9 10 8 7 8 5 6 3 8 10 7 8 1 9 6 4 8 10 5 6 8 2 6 6 5 9 6 8 5 7 10 7 10 5 4 7 2 6 7 7 5 7 10 5 1 10 1 9 4 8 1 2 8 7 10 8 8 10 10 4 2 7 4 7 5 5 7 3 3 6 8 1 4 7 1 2 2 1 8 9 7 10 3 6 10 10 8 8 9 10 3 7 8 6 9 2 4 9 7 8 7 8 5 1 3 8 10 7 6 2 2 5 3 4 5 5 6 10 9 3 5 5 8 3 5 3 6 9 7 9 4 5 5 8 1 7 5 6 9 2 8 10 2 5 4 6 6 6 3 3 10 5 4 10 5 9 9 5 10 2 7 10 9 7 5 7 3 2 10 2 1 8 1
4 4 9 1 8 6 5 3 3 8 1 5 1 1 5 9 4 5 1 1 2 7 10 8 1 8 10 9 6 6 3 2 4 10 2 10 6 1 4 8 9 7 1 3 4 10 2 2 5 5 9 3 4 8 9 5 9 4 8 3 1 6 6 3 7 8 6 5 10 2 6 5 4 7 8 3 6 3 2 7 3 7 9 7 8 7 1 10 5 4 7 2 3 6 7 3 3 6 5 2 5 5 6 4 9 8 9 3 8 5 3 5 7 6 4 1 7 9 7 7 4 8 5 9 9 6 1 6 4 1 1 1 8 3 10 1 7 6 5 2 2 1 2 7 9 10 1 2 1 9 2 4 10 2 5 2 2 8 1 3 1 9 6 2 7 5 7 1 8 4 6 8 10 6 3 3 1 4 9 7 3 3 3 10 8 8 7 1 2 5 9 9 8 3 8 4 8 5 5 2 3 5 7 9 9 8 10 4 6 6 2 3 6 5 6 4 1 5 8 7 7 1 8 4 3 9 1 8 6 9 10 4 10 9 7 9 7 2 1 10 3 4 3 9 9 6 8 7 3 1 5 1 6 2 4 8 6 8 8 10 4 7 2 5 5 10 3 4 1 2 5 5 9 6 6 5 6 8 2 1 8 10 8 9 9 8 3 2 3 3 8 10 10 5 4 7 7 9 1 8 6 3 4 8 1 4 3 6 4 1 3 2 4 7 2 9 6 4 3 2 6 1 5 3 2 7 2 7 4 4 10 6 1 4 1 7 2 3 8 2 4 7 9 4 9 2 10 9 9 4 1 3 5 9 3 4 6 1 4 9 6 4 7 4 3 5 5 5 5 2 3 9 1 8 5 3 4 1 8 3 2 8 9 8 8 8 10 9 2 5 3 3 7 8 1 3 9 1 9 6 10 1 7 3 9 5 8 6 1 7 7 2 5 9 6 5 5 9 10 3 1 4 8 4 6 9 1 9 4 3 10 5 9 7 5 9 1 3 5 3 10 6 1 3 1 6 6 5 5 6
2 1 10 7 9 2 10 8 3 5 9 4 3 6 7 6 5 8 2 6 3 6 7 10 7 3 1 6 8 8 6 8 2 7 9 1 4 3 3 2 3 4 2 10 3 9 10 4 8 2 10 8 8 3 5 7 6 10 10 8 7 4 4 8 10 6 7 1 7 10 8 3 5 8 9 3 9 2 9 9 3 10 9 6 10 7 4 1 10 2 8 3 9 3 7 5 9 5 2 3 9 7 8 1 2 5 9 6 6 1 1 9 1 2 9 7 5 5 9 9 5 7 8 3 1 1 8 8 4 7 9 2 8 5 3 6 10 5 3 1 7 7 7 5 9 8 1 1 5 8 5 8 7 6 4 7 7 1 4 1 5 1 8 2 10 7 3 4 10 2 8 1 4 5 5 7 4 7 10 4 8 9 1 2 8 2 8 3 1 9 7 8 8 8 5 8 2 9 10 3 8 3 3 8 9 9 10 2 2 8 5 6 7 5 7 5 8 5 7 1 9 8 10 2 9 1 3 6 3 1 6 4 6 10 5 10 7 8 9 5 2 8 3 8 2 4 5 4 8 8 9 2 4 8 10 4 9 2 9 10 7 8 5 10 8 3 2 6 9 1 9 2 9 3 10 7 2 2 9 8 1 6 3 9 5 5 2 8 7 5 10 2 1 5 6 10 1 5 1 2 3 6 5 8 9 9 3 2 7 2 3 6 10 6 1 2 4 9 6 8 9 5 1 4 3 5 5 9 7 1 10 7 9 3 2 4 5 2 5 10 5 2 5 3 10 4 3 7 2 8 5 7 2 4 7 1 1 9 9 3 1 6 10 5 9 5 6 4 1 10 7 3 3 5 6 1 4 1 1 2 10 2 2 4 9 10 4 8 2 10 1 1 6 4 5 7 5 5 8 2 9 8 2 3 2 3 8 1 3 1 5 1 9 7 9 8 1 5 1 5 6 7 5 10 6 7 8 10 4 6 5 3 3 5 1 8 3 2 2 6 2 3 10 9 6 1 2 9 8 6
2 3 10 6 5 7 4 6 9 8 10 4 5 8 2 3 7 7 6 1 7 2 6 8 4 6 2 2 6 10 4 2 3 5 5 6 3 4 10 9 8 9 9 7 4 10 6 9 4 8 2 3 10 2 4 4 7 2 7 3 6 5 10 2 6 3 10 1 7 2 5 9 5 7 4 4 7 4 2 6 8 9 4 2 2 3 7 2 10 6 4 2 6 9 6 9 8 1 2 3 8 6 9 7 3 4 10 4 10 10 6 5 7 1 4 9 10 7 8 3 7 4 2 5 2 2 1 1 7 1 4 7 9 8 9 4 9 4 7 10 9 4 6 9 9 6 7 5 9 7 2 9 6 4 9 4 10 9 5 3 10 3 6 3 7 10 1 10 7 1 9 1 9 9 10 2 7 9 10 7 9 5 3 8 2 1 2 4 5 2 6 3 5 4 5 9 8 7 8 5 3 1 5 10 8 6 4 10 4 7 4 7 3 5 10 1 10 2 8 10 1 2 5 2 3 1 4 2 8 2 9 5 7 10 3 7 9 1 1 9 9 8 9 10 6 5 10 3 4 6 3 3 2 8 4 10 9 10 10 2 10 2 2 6 7 8 10 1 5 3 4 8 7 8 4 1 2 3 4 1 6 3 2 3 3 5 3 10 4 8 2 9 4 9 2 1 4 1 7 7 3 7 8 9 1 10 6 1 9 8 7 3 1 7 10 5 10 2 3 3 6 4 8 6 3 4 10 2 6 7 10 2 1 6 2 7 10 2 5 1 9 6 4 6 9 6 6 1 8 1 4 3 8 4 4 6 8 9 4 1 8 3 5 1 7 3 9 7 5 7 9 7 3 2 8 8 8 10 2 5 4 1 3 7 8 3 4 1 8 3 2 9 6 7 5 1 4 2 6 6 4 9 9 9 7 1 8 3 10 5 5 2 1 10 8 3 1 6 10 4 2 3 6 10 2 3 10 3 8 5 2 4 9 5 6 6 8 6 9 4 2 6 10 6 2 9 1 2 9 3
4 1 5 5 9 6 1 2 5 1 3 4 4 2 4 1 6 9 1 7 10 9 4 4 7 8 5 3 7 1 5 5 8 2 3 2 4 7 5 2 7 2 4 4 7 2 8 7 1 7 9 1 7 7 5 8 6 1 6 1 4 2 2 3 10 8 9 6 8 6 8 10 7 10 1 1 5 7 1 3 4 4 5 9 7 2 4 1 7 1 4 1 6 8 2 9 6 5 1 8 2 10 10 5 3 1 9 8 3 1 7 3 9 8 7 7 9 4 6 1 10 6 2 4 8 2 5 1 10 2 3 10 1 7 6 7 9 5 4 9 2 8 9 8 2 1 10 8 1 2 3 7 7 3 2 7 5 9 5 4 3 5 9 9 10 9 10 9 9 9 9 7 7 1 9 10 5 2 4 10 5 1 10 8 2 5 6 10 8 4 1 2 2 8 8 6 7 10 2 1 6 4 9 7 2 3 2 7 4 6 8 6 9 1 8 10 8 10 6 5 10 3 10 9 6 8 1 4 4 7 8 3 2 9 6 8 6 8 10 4 5 7 8 8 6 3 8 9 6 5 2 1 5 2 5 8 5 8 9 9 9 6 5 5 1 4 9 7 4 5 1 10 8 2 1 1 8 10 6 3 4 4 7 9 2 1 7 9 6 5 10 5 5 7 1 10 10 9 2 2 1 5 5 10 10 10 1 2 2 2 9 6 4 4 5 3 6 4 10 1 2 7 3 2 9 1 8 10 8 9 10 1 8 7 3 4 7 4 4 8 9 8 4 7 2 9 7 4 5 8 1 3 4 4 8 9 1 1 7 7 10 8 3 10 5 1 9 6 1 5 3 3 5 6 1 8 6 9 1 7 10 4 4 2 4 5 10 9 2 9 8 9 2 1 4 8 10 6 3 7 6 2 3 8 4 5 4 6 1 4 2 7 10 10 8 4 2 6 8 7 4 10 1 2 10 2 4 5 6 3 2 9 4 1 1 1 10 8 8 9 4 5 5 5 2 3 6 9 5 7
2 6 9 2 5 5 10 3 1 1 8 3 8 9 3 2 2 5 7 3 7 7 9 10 3 1 5 5 4 3 10 10 5 8 1 2 7 7 9 1 8 3 6 2 5 4 5 1 4 3 2 4 4 3 7 6 8 6 1 1 10 5 1 6 7 5 1 1 9 1 9 7 7 8 9 1 10 6 3 1 10 9 3 2 9 10 1 7 5 2 4 6 10 6 5 5 1 3 7 4 6 5 3 9 7 5 9 1 6 2 7 9 2 3 10 10 6 4 4 9 1 4 9 4 2 6 2 7 3 4 10 1 7 7 7 8 2 10 6 2 7 2 8 2 6 4 6 4 6 10 9 7 9 4 6 9 8 8 2 1 4 1 7 3 1 3 2 5 4 8 3 9 8 5 6 2 5 2 3 4 5 5 1 10 2 4 5 2 8 7 10 8 8 10 1 7 5 6 4 2 4 4 7 9 5 6 8 10 4 7 1 3 1 5 5 5 3 5 9 4 9 2 3 8 5 5 10 2 10 8 1 7 8 10 5 3 9 8 7 9 10 4 7 8 7 5 1 4 7 5 6 4 10 4 2 3 4 9 7 8 7 8 4 2 8 7 8 1 10 9 5 9 6 4 6 8 4 10 6 5 4 6 5 6 1 3 4 9 9 1 8 2 2 6 5 2 9 1 2 3 10 10 5 7 1 4 2 10 8 7 5 1 4 1 8 2 2 2 7 2 9 6 1 2 6 8 4 10 9 10 9 3 9 2 8 8 6 1 8 3 5 6 9 1 10 4 1 4 3 8 9 6 9 2 9 10 1 1 1 10 9 6 8 4 6 9 4 4 8 6 3 5 5 3 10 8 7 10 8 5 9 6 6 2 7 8 9 6 8 10 6 9 6 10 10 10 3 10 6 2 10 8 5 6 5 9 4 8 8 8 8 6 5 3 2 10 2 7 6 10 9 8 8 3 9 8 5 7 9 1 9 6 8 2 2 1 1 10 3 1 6 9 10 5 2 8 9 8 3 6
5 8 6 5 9 2 9 4 7 6 5 1 4 6 4 5 2 1 3 10 1 1 6 10 7 5 1 2 5 5 2 6 5 4 3 8 10 1 5 4 8 9 7 1 3 2 6 4 5 10 7 6 5 3 9 5 8 2 9 4 7 4 10 7 8 10 7 10 10 5 4 2 10 6 2 1 8 4 9 9 8 8 8 8 2 9 6 6 5 6 4 8 9 7 9 2 2 6 2 1 1 10 9 8 6 5 3 6 3 4 3 5 2 4 4 2 6 7 1 10 9 2 2 4 1 6 4 4 3 6 10 8 5 9 2 10 6 10 4 1 2 3 2 5 9 5 9 9 1 8 6 8 5 2 9 9 9 6 10 8 1 2 7 8 2 3 2 1 9 4 3 5 10 4 6 4 9 6 1 4 2 5 8 9 3 8 4 4 5 1 3 5 10 1 6 1 5 7 10 10 9 6 10 8 5 7 5 6 1 7 8 6 9 10 1 5 9 8 9 8 9 6 3 7 4 8 9 8 2 7 10 3 1 9 8 3 5 9 10 7 5 9 8 10 1 10 4 8 4 9 4 2 6 2 7 7 1 9 5 10 9 3 8 7 8 9 5 10 8 6 4 3 3 6 7 3 9 5 4 7 2 8 6 3 3 1 5 1 10 8 9 6 10 2 9 9 4 7 10 8 1 2 4 5 3 4 8 3 5 9 7 7 4 10 10 1 4 9 9 5 5 4 8 3 10 4 1 3 8 9 8 7 9 4 8 5 10 8 3 3 9 9 8 1 5 10 4 2 2 10 2 1 3 2 8 7 3 6 4 8 8 6 8 4 2 6 10 4 9 10 8 2 8 1 1 9 6 8 1 7 9 10 4 8 9 7 9 4 4 2 3 9 6 3 1 8 8 5 4 2 9 8 7 7 1 9 6 10 9 3 1 6 7 2 4 10 4 6 3 7 1 10 4 8 5 9 4 10 6 3 8 6 8 2 9 10 4 6 7 4 6 1 9 10 3 3 3 1 3 9
4 1 7 6 1 1 9 6 7 2 9 9 7 10 3 10 4 3 4 9 9 4 8 10 7 7 6 3 4 7 2 2 6 6 10 6 2 5 3 7 2 6 4 5 4 1 10 7 5 5 9 7 6 2 9 9 6 10 6 5 1 10 9 3 10 9 5 7 2 6 5 9 5 3 8 9 9 6 9 7 4 6 7 8 2 9 7 4 8 4 4 10 7 10 8 2 1 2 6 10 5 9 7 2 3 1 7 1 6 9 9 7 7 5 5 9 1 2 8 10 10 1 3 10 3 10 9 9 7 2 9 8 8 6 1 5 9 7 2 2 4 9 7 1 4 6 6 8 3 9 7 2 1 4 2 6 2 9 10 3 8 8 7 7 8 2 10 3 7 9 9 2 7 5 8 6 3 7 8 8 3 5 4 2 9 9 5 1 4 1 5 7 6 10 4 4 2 8 2 3 10 9 4 9 9 7 7 9 4 3 5 7 4 6 10 5 7 4 9 9 2 9 8 8 9 2 10 1 8 4 1 6 3 9 5 8 6 9 9 1 10 1 4 4 2 2 3 5 3 7 6 6 1 1 6 6 4 9 6 1 3 2 6 3 3 1 4 5 10 1 1 7 1 9 3 10 10 1 2 6 1 2 8 2 1 8 1 10 2 8 10 6 4 2 1 8 1 8 2 6 6 5 8 1 2 8 9 1 4 5 8 6 6 3 7 10 5 2 8 6 7 9 2 6 8 10 4 9 5 9 8 7 4 5 7 1 5 2 9 2 10 9 5 7 3 7 10 6 8 8 5 1 9 8 3 9 1 4 6 1 7 5 10 1 10 7 9 8 9 10 3 8 5 7 9 7 8 6 3 1 3 8 9 4 1 6 8 9 9 2 1 10 6 3 10 7 4 10 2 2 2 7 10 9 7 9 9 4 9 3 5 3 3 2 9 5 4 6 6 7 2 8 3 10 4 10 8 6 5 3 3 6 6 9 1 5 7 6 4 8 10 4 9 8 9 1 4 4 4 1
3 7 5 9 10 8 1 10 10 2 4 10 2 8 10 10 1 8 1 7 1 10 2 4 5 2 3 8 5 6 10 10 6 8 5 1 7 4 4 7 10 5 1 1 1 4 1 9 1 4 5 7 1 8 9 7 4 10 3 6 7 7 3 1 4 3 5 8 3 6 2 9 9 4 3 9 8 9 8 10 2 2 6 4 10 10 4 2 4 7 9 3 7 2 8 1 10 5 1 7 3 10 6 8 9 8 9 3 6 7 5 9 7 7 6 4 1 3 5 5 1 8 10 8 2 6 4 7 8 3 1 1 5 2 2 9 5 9 5 10 10 10 1 5 6 7 9 7 1 7 5 5 10 9 3 6 8 10 6 5 3 2 2 2 9 1 3 9 3 8 6 1 1 8 8 4 7 10 2 2 4 2 10 6 9 2 2 8 6 1 9 1 8 8 2 3 10 7 5 3 9 6 3 1 8 1 2 9 10 5 6 5 3 8 3 6 9 1 10 4 10 10 5 5 2 3 7 9 9 5 9 9 7 7 9 6 9 9 2 10 9 2 2 5 4 3 5 1 6 9 5 9 10 10 3 10 7 2 1 9 1 2 1 4 1 3 9 9 2 4 4 9 8 8 10 8 2 10 8 8 9 8 9 10 6 7 7 5 4 1 3 5 5 6 10 7 4 1 1 1 1 10 7 5 9 9 8 4 1 3 1 3 7 7 5 5 4 7 1 10 8 6 3 1 6 4 7 9 6 6 9 2 7 10 7 2 8 3 8 6 1 8 9 1 6 8 10 1 5 8 6 4 5 5 4 7 1 1 3 10 1 6 6 2 8 10 9 9 10 1 1 3 6 1 7 7 8 3 9 5 3 3 1 5 1 7 1 8 5 8 4 5 10 4 3 8 3 5 6 4 1 7 3 5 6 10 4 3 6 9 6 8 8 9 8 4 5 3 8 9 5 6 3 9 9 6 6 6 8 5 7 8 6 9 8 4 1 3 2 5 5 8 3 2 7 2 5 3 4 4
1 1 7 7 10 7 10 9 4 4 8 4 7 6 5 4 4 7 4 7 1 5 5 6 4 5 9 3 10 1 8 3 1 7 8 5 2 2 6 1 6 3 10 6 2 9 3 6 6 5 2 1 2 8 8 7 9 6 6 8 5 5 4 1 10 5 6 6 6 1 8 7 4 10 5 5 5 10 6 5 4 4 7 6 3 8 10 7 3 10 5 2 10 6 4 9 5 3 1 3 6 1 9 5 10 2 5 7 9 6 9 8 8 2 4 3 9 5 6 2 3 3 1 1 4 6 3 10 5 4 7 6 6 6 3 3 6 10 7 9 6 6 1 9 3 6 5 10 2 1 2 8 1 9 6 4 7 3 3 4 4 2 4 3 7 10 8 6 9 2 4 1 8 1 9 3 6 1 7 1 1 2 1 1 7 8 5 2 7 9 9 3 9 7 1 5 3 3 2 8 2 3 4 2 7 4 6 5 3 7 7 8 8 7 5 10 9 5 10 10 1 9 3 5 2 2 8 6 3 5 9 9 4 10 5 8 7 2 2 5 9 3 6 3 7 4 3 6 3 4 8 1 9 8 4 5 7 1 10 4 8 1 10 4 8 10 8 5 9 5 10 7 1 2 2 8 4 6 5 4 1 4 3 1 3 2 7 9 9 6 5 2 6 3 6 7 1 5 4 10 8 8 1 3 3 10 10 3 9 4 7 8 1 8 7 4 6 8 9 4 7 6 8 8 4 8 7 1 7 9 3 5 1 2 8 6 4 5 7 4 9 8 9 6 1 6 7 4 1 5 2 10 7 2 7 6 10 10 10 8 5 1 8 4 7 3 7 6 5 1 4 6 5 6 8 6 7 4 10 10 1 8 8 2 8 10 4 10 7 6 3 10 5 1 2 2 7 1 2 1 1 4 8 3 1 4 10 7 9 8 8 7 3 1 6 5 2 7 3 8 5 3 9 7 2 7 1 5 5 3 6 6 10 2 4 10 6 3 6 6 8 10 1 3 6 6 10 6 2 10
5 6 8 10 10 6 1 3 2 5 1 9 1 2 8 3 7 1 3 10 6 4 1 10 3 9 7 4 1 7 9 9 6 5 5 1 3 3 6 2 7 5 10 6 3 2 5 10 1 8 6 7 2 5 1 7 6 7 6 7 2 2 10 8 7 9 3 5 6 8 8 6 5 5 7 8 5 4 5 5 8 6 1 9 5 7 3 4 5 4 4 1 2 8 2 3 3 8 9 2 5 10 3 10 3 7 4 1 10 6 1 2 4 2 5 1 1 7 9 5 7 7 6 6 3 3 5 5 8 3 5 8 10 4 7 10 5 1 2 2 2 5 9 2 2 9 6 9 7 1 10 2 6 2 2 7 7 4 10 2 6 9 3 9 9 2 10 1 4 3 5 8 1 7 7 6 2 8 10 8 1 5 10 9 5 6 4 3 4 2 3 10 8 10 8 1 10 8 1 5 6 6 9 1 10 2 7 5 4 7 3 7 9 8 4 8 9 2 4 6 6 4 9 6 1 10 3 1 3 3 7 2 8 3 5 2 8 1 7 8 6 10 8 4 9 9 3 3 9 3 5 3 7 2 8 8 4 6 4 7 6 10 8 8 10 5 2 3 3 7 6 2 9 1 6 1 7 7 10 9 10 9 1 6 3 7 1 6 1 6 6 8 1 10 2 9 6 7 5 5 8 3 1 7 10 6 2 3 5 7 10 2 7 6 2 5 7 4 6 1 1 4 8 3 3 8 5 7 8 1 9 5 7 6 8 5 10 9 8 3 1 6 10 5 7 10 5 2 3 4 2 2 2 5 10 8 6 9 4 9 6 6 1 3 8 3 7 2 8 7 8 2 1 1 4 3 7 10 5 3 10 6 1 10 9 8 3 8 2 5 8 3 5 2 5 9 3 9 8 6 7 4 2 4 4 6 4 3 3 7 9 7 8 3 1 3 3 3 8 6 8 8 3 10 3 7 6 6 6 10 6 5 6 10 5 3 7 10 10 4 9 2 8 6 2 5 6 2 8 10
5 4 5 9 3 9 1 2 10 6 2 1 8 9 3 6 10 3 1 6 4 6 6 6 8 1 6 6 1 4 1 5 5 3 1 8 1 5 2 4 9 3 3 9 9 10 8 6 6 6 8 2 6 5 6 5 5 10 10 9 9 9 1 9 2 3 4 9 4 2 7 4 10 1 1 6 3 3 2 10 1 7 5 4 4 3 8 3 1 8 8 2 7 4 5 2 6 4 10 10 9 5 2 7 4 10 4 7 6 5 8 6 9 8 9 2 1 5 7 10 8 5 9 7 10 7 4 10 6 6 10 1 10 9 10 7 6 7 2 4 6 10 8 9 10 6 6 5 1 10 2 3 10 1 1 2 2 10 1 5 3 5 6 6 1 3 8 7 10 4 4 9 8 9 10 9 8 3 5 6 8 4 8 2 2 4 1 3 8 7 2 4 10 3 2 10 3 6 7 6 7 3 1 3 3 6 6 7 7 3 4 8 1 9 8 8 3 9 9 4 1 5 10 5 4 5 1 1 8 10 9 8 6 7 8 5 5 7 1 6 3 10 10 6 5 5 1 1 4 2 9 5 7 5 8 2 7 7 6 6 5 5 3 8 2 3 7 3 4 5 5 8 9 8 3 3 6 3 6 3 7 4 7 4 5 9 5 4 10 8 5 3 1 5 9 7 6 9 3 10 6 5 7 4 1 10 5 8 9 10 8 9 4 10 8 8 5 7 2 10 5 5 1 8 10 4 9 10 8 2 8 10 1 1 10 6 2 3 1 8 10 7 4 4 9 4 5 1 2 5 3 4 10 6 4 5 5 6 8 5 6 5 7 6 5 3 2 3 4 4 6 8 8 1 4 5 5 5 1 6 6 3 9 8 5 9 1 2 4 4 1 7 2 3 4 10 4 9 10 1 10 4 2 9 8 9 8 2 10 8 4 4 9 9 7 2 1 6 3 6 9 9 4 8 2 10 7 5 6 1 10 10 5 9 4 9 5 9 9 9 5 9 3 5 8 3 2 7 1 3
5 2 6 9 10 8 6 10 3 4 2 4 1 9 8 7 5 10 6 8 2 3 1 1 8 6 1 1 6 5 5 5 9 5 1 8 4 8 2 8 5 8 4 7 8 7 6 8 4 9 5 9 5 8 3 10 3 6 6 7 10 10 10 9 3 1 2 1 10 9 8 10 9 5 3 3 6 2 7 7 8 9 9 7 8 1 1 8 10 1 5 2 1 7 5 2 10 10 9 10 7 6 10 6 5 2 3 1 8 3 9 5 10 6 7 1 10 1 4 9 3 9 6 8 7 9 1 6 5 3 2 3 7 10 10 9 9 6 6 6 3 3 7 4 9 4 2 4 1 1 7 9 9 1 5 1 3 3 10 7 1 2 9 1 1 9 7 8 4 1 3 4 3 1 3 4 10 10 2 7 10 10 6 2 9 5 9 3 5 2 8 10 3 8 6 6 2 3 6 10 4 5 8 10 6 7 7 4 4 6 5 4 1 3 6 2 3 5 7 8 3 9 9 6 2 5 3 3 5 3 1 2 3 10 6 8 8 6 2 2 1 10 10 3 3 4 5 1 8 9 6 10 10 7 10 1 2 3 7 9 5 4 7 4 7 8 8 5 5 8 2 2 8 7 10 2 4 10 3 7 6 3 6 1 4 4 3 1 9 5 4 5 8 10 10 10 6 9 8 10 2 8 1 6 5 4 3 7 4 7 8 8 8 2 10 1 8 3 10 8 3 8 10 6 7 2 7 1 6 3 3 8 4 8 9 5 4 2 9 10 9 10 7 2 4 8 9 8 5 9 3 8 10 4 8 4 7 9 4 6 4 4 10 3 5 4 7 10 8 6 10 5 4 9 5 4 8 9 2 6 9 4 7 6 3 10 8 4 7 10 9 10 8 1 5 3 8 5 3 4 2 6 7 8 10 10 7 9 1 3 5 6 1 4 8 1 3 8 10 9 10 4 4 5 3 10 9 7 6 1 10 3 1 2 8 9 6 5 7 7 3 2 8 4 7 10 9 6 7 9
3 3 9 4 10 2 5 4 6 3 2 1 6 1 2 6 2 4 7 5 6 10 8 5 8 10 6 6 2 9 9 2 3 1 8 5 6 7 10 9 1 4 2 4 3 1 5 9 9 7 7 5 6 2 8 2 7 4 3 9 10 10 7 5 4 1 4 9 10 7 10 8 5 4 9 1 8 5 5 2 3 10 7 3 1 10 10 3 2 9 10 4 1 6 4 9 7 2 5 7 3 7 7 8 2 3 6 1 7 5 10 7 7 8 9 3 3 1 8 5 6 7 10 5 4 5 3 2 7 9 2 10 9 5 2 10 10 3 1 6 9 8 2 8 5 10 1 9 10 7 1 3 7 4 8 9 3 4 4 3 2 3 10 3 7 3 8 4 1 10 8 1 6 2 8 3 1 10 10 4 6 10 9 5 3 2 4 1 4 8 4 7 2 9 5 3 6 6 7 8 4 3 8 3 3 1 9 4 6 4 5 9 9 10 1 5 1 2 5 1 6 4 4 10 4 5 1 9 8 3 7 9 3 6 10 1 1 2 5 2 6 5 2 3 5 10 3 7 9 6 2 10 2 5 2 6 1 1 5 4 1 6 5 1 3 8 3 2 4 1 3 8 1 5 6 7 3 9 4 8 3 9 10 1 3 10 5 8 4 9 6 7 8 9 2 8 6 10 3 7 8 6 1 7 7 1 2 10 10 10 9 9 7 3 5 6 4 1 2 1 4 7 10 5 4 8 7 9 3 6 4 7 8 8 9 3 10 6 3 6 8 4 2 7 3 9 3 6 7 2 2 5 4 3 3 9 5 6 6 2 1 6 4 4 2 3 2 3 6 4 5 6 5 3 4 7 9 3 10 1 6 4 6 6 6 4 4 2 4 9 7 4 2 2 2 10 1 1 10 9 5 8 7 9 6 4 10 10 3 9 9 9 2 1 4 10 2 6 2 9 6 7 7 9 8 10 7 2 10 6 6 9 9 9 2 5 8 9 4 6 6 3 6 1 3 6 8 1 2 4
4 5 2 8 9 5 4 4 9 5 10 2 5 3 5 3 9 5 3 6 1 8 6 7 8 10 6 3 8 8 9 9 8 1 4 6 9 4 8 8 4 1 10 4 7 2 4 4 1 2 7 10 2 8 4 1 10 3 3 9 1 5 4 2 9 1 3 1 8 4 5 2 2 9 1 6 9 2 3 8 2 5 9 3 3 1 9 3 7 8 8 2 10 9 7 1 9 3 3 9 5 9 1 10 1 5 8 2 8 6 3 8 4 8 6 4 2 7 7 3 2 4 3 7 4 2 7 4 9 6 1 3 8 10 5 9 7 3 4 8 4 6 1 6 7 10 3 3 10 8 9 1 8 4 4 6 5 4 9 10 4 5 6 1 3 9 1 7 2 7 9 8 6 4 6 4 7 10 3 2 3 8 7 7 7 1 1 4 9 4 3 10 8 8 6 3 8 8 6 7 5 10 5 2 2 6 7 7 9 6 4 3 10 6 10 7 8 2 3 8 3 6 10 8 10 1 1 7 6 9 9 8 2 7 9 10 2 4 7 7 7 3 8 10 2 1 10 5 2 3 2 10 2 6 5 4 8 8 8 4 2 9 3 5 2 8 8 2 6 4 4 10 5 7 7 10 1 6 7 7 9 3 6 10 7 7 5 10 4 9 8 5 1 5 3 10 10 5 1 9 7 1 9 7 4 7 2 1 9 8 9 7 4 10 9 3 4 9 3 3 7 1 1 7 10 7 6 1 9 7 2 3 6 9 6 7 7 8 6 4 7 10 7 2 5 10 10 3 6 6 9 8 9 8 4 4 9 9 1 1 2 6 1 8 8 5 10 6 3 7 9 8 10 2 9 7 5 5 1 9 8 8 2 9 4 6 9 1 2 8 2 8 10 7 6 6 8 4 1 3 5 10 8 10 9 2 5 9 2 3 7 3 3 5 2 8 8 1 5 5 2 7 7 1 2 10 1 4 10 3 7 7 8 6 2 7 9 9 6 1 6 8 2 7 1 7 6 8 2 3
1 1 7 2 3 2 2 8 10 1 8 5 9 8 3 6 3 10 7 9 4 9 6 3 6 8 1 10 6 5 4 1 10 5 3 1 8 5 3 9 5 6 2 4 1 9 9 8 9 2 5 5 8 2 8 8 8 9 6 10 3 2 6 1 8 3 5 9 4 3 4 2 7 5 10 3 6 10 9 2 10 3 5 1 6 8 8 10 2 4 5 6 7 8 2 1 2 5 7 2 1 8 5 1 6 10 2 8 5 5 4 10 3 1 6 5 10 8 1 10 8 4 1 5 4 5 6 5 10 6 3 6 5 4 7 5 9 4 10 8 8 3 5 4 9 9 8 7 6 7 8 3 2 3 4 2 6 4 7 9 2 9 2 4 8 9 3 3 9 5 9 10 4 5 8 3 5 10 1 2 10 8 5 8 5 8 10 6 5 1 1 9 2 1 1 9 5 5 1 5 10 10 9 2 8 2 9 10 1 9 6 2 7 8 10 10 7 8 5 4 10 6 10 1 5 3 10 9 10 1 1 9 4 10 10 9 9 9 10 1 9 3 2 9 8 5 4 6 10 5 2 6 9 1 4 9 6 6 7 2 5 9 2 10 2 10 9 7 1 4 8 4 5 9 9 6 1 10 2 2 1 5 4 2 10 3 5 3 9 3 6 2 1 7 9 7 4 5 7 9 3 9 8 10 2 8 8 8 4 5 2 1 3 8 2 5 8 10 5 1 7 6 8 2 1 5 7 8 10 1 6 1 2 4 3 7 6 6 10 5 4 9 1 9 8 10 7 6 10 4 10 6 2 7 2 8 4 1 1 2 3 5 2 9 8 8 5 9 7 9 8 8 4 3 2 10 5 7 2 1 8 8 6 9 8 10 10 10 5 3 9 1 5 8 4 3 10 7 5 1 6 10 8 9 5 6 1 8 4 7 9 5 9 9 8 1 8 1 3 7 5 10 5 7 1 10 3 6 9 1 3 10 1 1 9 8 6 7 7 3 10 4 10 2 5 7 10 2 3 2
2 5 1 10 9 7 8 1 1 9 8 3 5 7 8 4 2 7 8 2 4 1 9 10 1 5 8 8 9 4 10 7 2 9 4 2 6 4 8 1 8 4 5 5 7 10 3 6 3 4 3 10 6 10 4 2 5 1 7 2 9 7 3 7 8 5 3 5 4 3 4 2 2 1 10 3 8 9 6 3 7 10 4 1 3 4 4 10 6 1 3 6 2 4 1 1 5 9 6 10 2 6 10 10 10 7 7 9 4 6 5 7 2 3 4 4 8 8 6 7 10 7 4 10 3 9 7 10 8 10 6 8 9 8 5 3 1 9 3 9 4 8 10 8 6 9 10 9 2 5 6 3 2 7 10 7 2 7 1 2 2 6 2 3 1 6 2 10 2 1 3 9 3 4 6 10 4 8 8 4 4 4 1 3 9 4 7 10 8 10 10 1 6 3 10 9 1 5 2 4 7 8 5 3 3 5 10 5 2 2 8 5 5 3 1 6 3 7 6 7 1 3 8 2 2 8 10 10 5 1 9 6 1 4 4 4 7 2 4 7 5 5 9 1 2 4 9 2 10 10 7 8 8 2 10 3 5 2 8 1 6 9 2 9 9 3 4 9 6 3 10 5 9 7 3 8 1 5 2 8 8 4 5 3 9 8 8 1 2 10 2 1 6 10 1 8 8 6 8 4 1 8 9 9 3 7 6 6 5 2 5 1 2 8 5 6 3 10 1 1 10 2 7 10 6 3 4 9 5 7 6 2 4 9 2 3 7 5 10 3 10 3 5 1 3 6 8 5 8 9 8 1 5 5 9 7 1 2 7 5 8 7 7 9 5 2 6 6 3 1 4 2 9 1 8 8 1 7 9 7 7 7 10 5 9 7 2 9 9 8 4 5 8 1 1 2 3 8 7 8 5 4 9 9 6 2 7 6 8 8 2 7 9 9 8 3 1 2 3 2 7 7 10 1 2 2 1 9 3 1 10 5 5 6 5 10 9 2 4 6 1 9 5 1 1 3 8 2 6 3
4 9 7 5 4 8 10 9 8 4 1 6 2 4 7 6 1 4 3 5 7 4 1 3 8 4 2 2 4 10 4 2 4 6 8 4 5 9 5 5 6 4 5 6 10 3 5 10 6 10 10 3 10 3 1 5 5 4 8 4 5 5 3 6 5 6 1 4 2 5 2 3 6 3 6 2 6 10 8 8 1 4 1 6 1 10 7 7 1 3 9 9 9 1 7 5 1 3 5 1 5 1 1 3 7 6 3 4 4 5 6 2 8 5 7 9 2 4 6 10 9 2 9 5 7 1 4 3 9 2 3 4 10 1 5 8 7 2 10 10 3 4 7 3 2 2 5 4 1 9 6 5 10 6 8 9 1 4 3 1 8 9 3 8 1 9 3 7 6 10 7 6 4 8 2 3 7 10 4 3 1 5 3 9 1 4 7 5 5 2 7 1 1 3 5 9 8 3 5 8 8 9 9 1 3 8 7 3 1 2 6 4 8 6 3 7 5 1 9 7 3 6 6 7 10 8 8 5 10 8 7 4 1 10 4 2 3 3 3 1 1 1 2 2 8 9 9 8 6 6 9 10 3 7 8 6 4 7 10 6 4 9 6 10 5 6 4 8 7 3 5 2 3 5 10 6 9 10 4 6 8 6 1 1 10 2 2 5 5 4 6 4 7 4 4 8 5 5 5 8 10 4 10 6 4 1 7 1 9 2 1 3 4 2 9 8 5 6 7 7 9 10 9 10 3 1 9 4 9 1 10 3 10 6 8 6 9 3 2 6 9 7 6 9 8 4 8 3 5 2 8 3 3 6 8 5 7 9 1 9 4 6 2 8 10 1 6 3 6 5 1 8 2 8 1 6 3 10 4 8 3 8 7 2 4 3 6 8 10 9 7 10 10 6 7 6 4 8 7 7 1 4 3 3 7 5 10 5 1 5 7 4 6 2 1 6 3 6 7 4 9 2 5 7 5 7 2 8 9 3 7 2 10 9 7 3 4 2 9 7 2 5 10 9 8 1 2 3 7 7
4 5 8 2 2 1 2 10 2 6 9 10 2 1 10 2 8 5 2 3 4 6 6 4 9 4 2 10 5 9 8 4 7 1 1 7 7 6 8 10 8 9 1 7 3 4 2 5 1 7 2 1 7 1 5 2 3 10 5 7 9 3 6 9 7 3 2 5 2 9 7 8 3 6 6 3 3 6 10 3 4 3 10 1 1 1 4 9 3 3 2 7 7 3 9 9 6 1 5 6 3 4 7 8 6 7 9 5 3 4 10 9 3 6 5 4 5 1 8 4 2 2 10 2 2 9 3 10 4 7 9 6 8 1 10 5 4 4 2 4 2 5 2 7 6 8 4 3 2 5 3 6 5 1 9 1 2 9 3 7 5 6 2 4 2 4 2 10 4 10 5 1 5 1 1 8 8 10 6 7 4 7 10 6 10 9 1 5 10 8 8 3 7 1 9 8 1 7 8 8 4 5 8 3 5 9 6 4 7 10 1 10 9 8 1 4 1 3 2 5 1 7 6 9 1 6 1 6 4 9 4 4 9 5 7 9 2 8 4 8 1 8 5 5 2 1 9 4 6 5 4 3 1 1 9 4 9 6 4 4 9 2 4 1 3 7 5 5 3 8 5 7 6 3 2 1 4 10 3 10 8 4 1 6 8 1 3 7 10 6 3 3 9 6 2 6 4 4 2 1 1 4 9 2 2 8 8 9 4 9 4 8 6 4 7 8 1 4 7 8 9 5 8 3 7 3 7 10 2 2 3 2 10 7 7 6 4 2 7 7 5 9 3 9 3 1 4 10 6 9 1 2 9 7 7 5 6 6 9 3 10 5 1 8 7 4 3 1 4 6 3 2 1 2 7 5 2 8 1 3 10 5 1 1 6 1 6 5 10 10 2 4 2 6 7 3 10 7 9 9 8 9 6 3 5 10 9 1 1 9 2 2 4 7 5 1 8 8 4 2 9 2 10 5 6 10 9 3 3 8 4 9 5 9 5 7 2 2 7 9 1 7 4 9 10 5 1 6 1 2
4 1 10 2 9 4 7 1 3 7 9 2 5 1 4 9 3 9 6 7 6 1 4 9 5 5 5 6 4 5 2 7 8 5 2 3 3 9 2 3 9 3 6 8 3 6 5 2 1 5 5 4 1 3 8 8 7 2 4 5 1 5 5 3 3 9 3 10 8 6 6 10 4 6 9 5 7 9 2 7 8 6 1 6 8 6 10 6 10 6 7 4 2 2 3 7 7 3 7 7 3 2 6 6 7 6 1 2 6 4 1 5 7 5 4 9 9 7 9 8 4 4 10 10 7 8 7 6 7 6 9 6 3 5 9 3 8 6 9 5 2 10 7 10 1 3 10 5 6 8 5 8 4 4 1 2 7 9 10 7 1 6 10 2 10 4 6 2 7 4 7 2 2 7 6 4 5 2 3 4 2 5 8 10 6 2 2 7 6 8 7 3 6 10 3 5 5 1 4 8 9 4 6 9 5 7 3 10 1 3 7 4 3 10 5 7 10 1 3 3 7 3 1 1 2 8 5 1 6 8 7 3 5 2 6 1 4 6 2 9 1 1 2 10 7 10 6 5 8 4 6 10 8 9 3 7 10 1 6 8 1 5 5 10 6 6 7 5 10 10 7 3 2 8 2 1 6 1 5 5 9 3 10 7 8 7 6 2 4 8 10 1 9 4 7 4 10 10 1 7 8 6 10 9 6 8 1 1 6 4 9 8 9 2 4 3 2 6 9 8 10 7 10 9 3 9 3 6 2 6 1 5 6 10 9 5 4 8 7 4 1 5 10 8 1 10 1 5 5 6 8 8 3 9 4 6 10 7 1 1 6 5 7 9 7 9 4 1 2 2 3 8 9 9 6 10 4 9 4 6 1 10 10 4 6 8 5 1 7 2 5 7 6 1 2 1 1 3 6 10 8 5 8 6 7 9 2 7 8 1 3 7 7 6 2 8 7 10 9 5 10 8 6 3 6 8 10 3 6 5 5 6 4 7 4 9 7 8 8 3 4 7 8 4 8 4 1 3 10 9
1 4 6 6 6 7 1 6 10 1 6 9 6 8 10 10 9 7 3 7 2 5 10 9 9 5 5 7 2 2 2 8 8 7 6 9 2 9 3 3 2 1 8 8 7 4 5 5 8 10 1 7 7 3 4 6 2 5 8 2 4 6 4 9 9 8 9 2 9 6 2 8 3 2 9 5 9 1 6 5 9 10 9 3 1 3 9 1 2 2 8 10 1 4 10 9 2 1 7 4 6 1 7 2 1 3 5 6 4 9 6 9 2 3 10 1 5 10 9 1 6 2 10 3 10 10 6 5 5 10 7 2 10 10 4 9 10 8 10 10 7 2 7 5 8 5 10 1 6 3 7 10 1 9 6 2 7 3 8 8 8 2 2 8 7 5 3 5 4 3 4 9 3 4 9 3 10 6 3 5 10 9 4 5 3 2 7 6 6 10 6 3 7 2 9 2 3 7 9 1 6 3 9 4 8 8 3 9 6 10 4 1 8 3 5 7 10 2 1 2 5 5 8 1 10 2 1 5 8 1 1 10 6 3 5 1 3 4 2 6 5 4 9 4 4 4 8 8 7 1 10 2 4 4 8 6 3 10 2 5 2 5 10 4 10 3 1 3 2 3 6 3 7 3 4 5 10 8 8 3 10 8 9 3 1 7 2 6 3 8 10 3 9 10 8 2 4 4 3 3 7 5 10 10 2 5 5 10 2 1 3 2 3 10 4 7 7 4 8 7 1 2 8 7 1 4 7 10 2 7 9 4 5 7 10 4 6 3 10 10 3 4 4 7 4 8 4 6 4 1 9 7 2 7 8 3 9 2 4 10 8 8 9 10 9 7 6 6 10 8 3 2 1 6 1 3 9 4 10 10 1 2 1 3 6 8 7 1 3 5 10 10 8 2 8 1 9 4 5 10 5 6 8 5 1 3 4 9 3 10 1 3 9 6 10 8 3 5 3 2 9 1 3 9 5 1 6 10 1 3 9 1 2 9 7 9 8 4 1 1 8 6 5 4 8 1 2 6 1 3
3 1 3 3 2 3 2 5 4 10 8 2 7 3 10 3 3 8 5 3 8 2 8 10 7 1 7 10 3 1 2 6 10 6 4 3 1 1 4 2 5 8 6 6 6 8 6 5 2 6 8 8 9 9 10 8 1 4 4 9 3 2 3 10 7 8 1 2 6 8 6 9 7 7 10 3 9 6 1 7 8 1 5 6 1 6 10 6 1 8 9 5 1 9 9 3 5 10 9 5 6 1 4 3 9 3 6 5 4 4 3 9 8 4 9 4 7 8 4 8 7 1 10 9 10 7 8 2 6 7 2 4 4 6 5 2 1 4 4 5 6 4 7 4 5 8 4 2 9 9 9 4 10 1 2 9 2 8 8 7 5 4 2 8 6 9 8 2 9 9 7 5 3 8 9 5 3 3 7 4 3 1 10 5 7 4 9 2 10 9 10 5 8 1 8 9 10 7 1 6 10 4 4 3 6 6 4 7 9 2 4 1 2 6 2 1 10 5 4 5 8 8 9 5 7 10 7 5 6 5 9 6 10 6 1 10 2 9 6 9 5 8 4 4 6 10 6 7 4 3 10 7 1 6 6 4 7 8 1 9 3 8 3 6 2 5 3 6 2 2 1 10 9 1 10 2 10 4 4 5 2 1 2 3 10 3 1 6 9 7 3 2 5 2 2 4 1 2 6 2 7 9 4 2 3 2 5 2 7 2 2 9 9 8 8 1 8 2 5 8 6 7 7 7 5 5 5 5 2 3 3 6 9 5 1 3 3 2 6 7 8 9 6 2 10 9 10 8 9 3 2 8 10 5 7 8 4 6 8 7 6 4 1 1 9 9 1 7 5 7 3 5 3 10 8 10 2 6 3 5 1 3 2 10 10 10 7 4 6 7 7 5 1 7 10 8 3 1 2 6 1 2 8 10 8 8 10 10 5 4 3 1 1 8 6 1 2 8 10 10 10 6 10 10 10 9 2 1 10 8 7 9 3 1 4 4 8 2 8 8 6 4 5 6 6 10 10 3 1 5
3 7 1 10 8 5 2 5 1 3 4 3 1 5 4 1 9 6 2 9 1 1 4 3 2 2 8 2 2 2 2 2 1 5 1 8 9 4 4 4 6 7 2 7 8 8 7 6 1 9 9 8 6 1 6 2 8 4 10 6 8 10 5 7 9 7 10 1 9 9 3 2 5 5 8 10 10 9 7 8 3 4 4 7 3 5 4 7 3 9 5 5 4 1 6 9 5 3 2 5 1 5 7 9 7 7 5 9 7 3 2 10 2 10 10 9 8 6 8 4 3 9 1 8 2 7 3 7 3 7 1 6 3 2 7 10 5 4 9 9 1 10 10 10 8 6 2 5 4 4 6 2 8 5 5 8 5 3 1 7 3 6 6 2 9 3 8 8 4 1 7 5 2 10 7 7 7 3 4 8 10 4 2 9 8 6 2 6 7 5 8 5 5 2 1 3 7 5 7 10 7 4 4 4 8 8 2 4 5 7 4 8 1 2 3 9 9 3 9 3 2 5 7 8 1 8 8 4 7 10 2 8 10 10 4 3 8 6 6 5 4 8 1 5 5 8 7 9 7 6 7 2 4 8 3 8 5 1 1 2 5 3 3 3 6 3 10 3 8 8 1 3 9 2 7 1 6 9 3 7 6 10 7 7 1 2 4 6 6 2 6 7 3 8 1 7 6 9 3 3 5 10 9 2 10 10 8 6 9 10 2 8 6 10 10 6 10 2 7 10 1 1 4 8 9 4 1 7 6 8 6 8 3 4 1 7 7 10 6 8 8 9 7 4 4 6 5 7 9 2 5 6 10 1 7 9 1 2 1 9 5 7 3 10 8 3 3 8 1 6 7 6 4 10 7 9 8 1 10 2 6 9 3 10 9 7 8 7 2 10 9 10 6 10 5 10 10 6 7 2 9 6 2 1 2 7 6 4 2 7 8 1 3 6 9 8 3 1 9 2 4 4 3 6 4 5 6 5 6 8 1 5 8 3 2 10 8 8 10 2 4 9 6 3 9 10 3 7 5 4
4 5 9 7 1 4 4 5 7 6 2 5 2 5 9 8 4 1 7 9 8 6 10 3 3 1 4 3 1 8 8 4 4 9 10 10 6 9 1 7 9 7 4 9 10 1 10 7 1 5 7 3 3 5 9 10 6 7 6 9 8 1 6 9 7 6 3 6 10 3 6 3 9 3 9 2 4 7 3 10 10 4 9 6 9 7 10 4 1 2 9 10 10 10 7 10 4 1 1 9 3 3 2 6 9 3 7 4 10 10 1 2 5 2 5 4 1 4 5 8 6 3 6 10 7 5 8 10 2 6 4 6 9 10 2 4 10 7 3 4 3 3 10 10 2 1 5 6 4 9 5 5 6 3 3 1 9 7 3 4 4 10 7 4 9 3 10 3 8 9 2 5 3 3 8 7 10 5 3 8 3 6 9 2 4 6 9 9 10 3 7 2 3 7 9 1 6 10 1 10 1 2 8 1 10 8 6 3 9 8 5 5 4 3 9 8 2 2 5 9 8 6 4 1 5 10 4 5 9 10 4 10 3 8 6 10 3 6 1 9 8 5 6 4 5 9 3 5 9 2 1 10 3 10 10 6 3 7 4 6 2 3 6 10 1 9 10 3 4 5 1 5 8 9 6 2 4 2 4 4 3 9 3 1 8 6 6 9 5 3 7 3 10 7 5 7 1 8 8 3 2 8 7 9 9 4 3 4 6 8 4 4 9 1 2 1 4 8 3 5 6 5 2 7 3 9 6 5 4 3 6 9 6 8 4 4 7 6 3 2 10 7 7 10 4 2 9 6 8 2 4 6 2 5 3 7 10 7 8 7 6 7 10 9 8 10 2 6 1 2 4 4 2 8 1 6 2 3 4 9 8 6 6 10 9 5 1 8 4 7 5 8 3 4 5 3 6 1 6 8 5 6 7 9 1 1 9 9 6 3 6 3 6 5 1 8 4 6 6 6 8 8 2 3 3 8 1 10 10 5 1 6 8 5 5 2 9 3 1 10 2 1 1 3 2 2 10 9 10 8
3 10 7 7 4 5 2 2 5 2 2 1 9 2 4 1 4 10 9 2 6 1 10 2 4 5 4 6 5 2 8 10 7 3 6 2 4 6 6 9 3 8 8 5 7 9 5 9 6 3 8 8 2 8 5 9 8 7 6 5 7 7 10 8 5 8 8 2 3 6 4 10 1 4 8 10 9 3 3 1 1 10 3 8 8 6 3 8 5 10 5 5 6 6 1 7 9 6 3 10 8 1 2 9 4 4 7 3 4 9 5 4 4 6 5 7 2 9 2 8 1 7 8 6 6 9 5 7 1 10 4 2 5 10 7 10 2 3 3 1 7 3 10 9 10 8 7 4 9 8 8 8 3 3 1 4 8 9 2 10 10 6 7 2 4 9 9 9 6 3 6 7 8 7 6 8 7 4 9 7 2 7 3 4 9 10 6 10 2 6 6 10 2 4 3 3 8 3 10 2 7 1 4 5 2 5 6 5 8 7 1 2 1 6 7 4 9 7 6 7 7 9 1 7 5 1 9 2 3 8 10 1 5 8 4 4 3 2 1 1 7 8 6 4 1 1 9 10 7 5 1 3 3 2 6 5 7 7 7 4 4 5 2 2 1 1 4 8 3 2 4 1 10 7 3 9 7 5 5 9 1 10 7 4 7 7 8 10 10 1 3 9 3 5 1 2 2 7 5 2 8 9 7 5 10 9 6 6 1 7 9 4 5 3 2 2 10 7 6 3 1 1 5 3 1 4 4 8 3 5 7 1 1 1 4 5 6 10 6 8 10 6 1 10 1 2 10 10 5 6 2 4 6 4 9 6 1 10 7 7 4 5 6 4 6 3 6 4 2 2 2 2 7 9 10 1 1 5 1 4 3 3 2 8 8 10 6 10 1 9 6 5 6 6 6 3 8 3 4 6 8 10 3 4 1 7 5 3 6 2 8 8 3 3 5 6 3 1 7 6 10 8 2 5 1 7 1 2 4 5 9 6 4 10 1 10 7 7 9 2 5 1 1 5 6 2 10 8 6 10
5 7 6 6 4 10 2 7 4 7 6 10 8 8 5 3 2 9 10 6 3 3 10 7 1 8 9 2 4 5 10 8 5 3 7 5 3 4 9 6 6 7 10 2 7 1 2 5 4 8 2 5 2 9 8 4 3 2 6 9 9 3 5 6 5 2 10 8 4 1 6 6 5 10 6 3 6 7 10 10 9 3 4 5 5 10 9 5 8 5 3 4 3 3 9 1 6 2 1 2 5 6 6 4 6 4 1 4 6 2 4 2 2 1 9 3 5 2 1 4 8 4 8 6 7 6 8 10 7 10 5 2 5 5 8 10 3 2 10 8 2 8 8 3 8 5 2 9 3 2 3 4 4 1 9 4 2 5 8 7 10 8 7 3 4 6 6 3 7 5 6 2 3 1 8 9 1 7 8 4 9 8 9 1 4 2 4 7 5 7 2 6 6 10 3 1 7 5 2 5 7 4 3 2 2 6 9 1 4 10 3 2 7 5 5 5 10 2 10 1 1 8 5 5 7 7 8 9 9 4 3 6 2 7 4 5 3 10 7 2 8 3 3 10 7 1 2 1 4 2 7 3 6 1 1 5 2 3 5 5 2 10 5 9 7 6 8 2 2 8 3 1 1 3 7 6 5 5 5 1 1 8 3 6 8 5 6 10 5 3 5 3 9 1 6 8 9 2 2 1 1 10 3 9 8 1 8 9 4 6 5 6 7 6 3 5 4 2 9 10 8 6 2 4 1 9 9 6 2 7 1 8 4 10 3 5 2 2 1 10 7 1 5 4 6 2 8 1 10 5 6 5 5 6 7 3 6 8 1 2 8 10 6 5 5 4 7 3 5 4 6 7 7 6 9 3 1 1 2 10 7 8 3 1 7 2 6 5 10 4 2 10 7 5 6 1 5 3 6 5 1 4 4 3 6 4 2 6 5 5 10 1 9 10 5 4 3 10 9 5 1 9 9 7 4 6 9 2 4 7 6 2 7 7 7 3 3 1 1 10 3 8 3 7 7 7 2 8 9 8
1 2 5 4 9 1 4 9 10 7 7 1 5 7 5 7 6 1 3 8 8 9 4 6 1 9 7 3 2 1 4 9 9 3 2 8 10 3 7 7 4 9 8 9 9 10 1 3 1 8 6 10 2 8 7 4 1 8 10 6 6 3 6 5 5 4 3 2 1 3 10 8 4 2 7 9 5 9 4 9 4 9 1 7 3 9 2 2 10 9 4 9 3 9 6 1 3 2 1 3 2 5 9 4 6 4 1 9 8 9 6 2 7 5 10 8 8 4 9 4 2 1 5 3 1 10 10 4 10 3 3 3 10 3 10 5 9 5 10 1 3 8 10 4 7 2 9 5 6 7 4 5 7 6 1 5 7 6 8 8 3 3 1 9 1 5 3 1 5 1 9 3 2 3 9 8 10 4 3 2 8 5 10 10 2 10 10 6 2 4 7 7 5 8 10 6 6 3 2 9 6 6 9 2 6 5 9 9 3 2 9 2 7 8 2 5 3 4 7 6 8 6 5 2 7 4 10 2 9 9 1 10 10 4 4 6 4 3 5 8 2 8 2 6 8 3 2 9 2 7 3 5 10 1 7 4 4 5 2 2 1 4 9 8 5 8 3 1 5 8 10 10 4 4 2 1 4 6 5 6 1 1 2 10 7 7 1 1 5 7 10 6 10 5 9 10 8 2 7 4 5 4 4 7 3 3 3 1 7 2 1 1 8 5 2 9 3 6 7 4 8 5 7 4 1 1 3 1 3 2 8 2 6 9 5 4 3 6 9 4 7 7 9 9 1 9 4 1 1 5 2 7 7 10 5 10 7 7 9 10 3 3 5 7 8 6 2 3 9 7 2 7 6 7 6 7 8 5 1 5 7 7 1 3 7 1 6 6 7 4 6 7 6 2 3 5 10 10 4 5 4 6 2 7 1 4 10 7 5 7 5 10 10 6 2 7 6 7 6 10 7 5 7 10 1 1 3 5 3 1 1 9 1 2 7 5 9 7 1 5 4 6 8 6 5 7 3 8 3 4
3 9 5 1 8 6 9 7 2 6 7 5 8 8 8 8 7 2 1 7 7 6 5 2 6 8 1 1 4 1 3 9 2 9 9 10 6 8 4 5 7 4 2 6 8 5 8 9 6 3 7 7 7 8 5 1 9 5 9 10 4 10 6 2 1 4 8 7 3 4 3 5 6 9 8 9 5 10 10 2 3 7 1 3 7 5 2 9 7 7 9 9 1 1 7 7 2 7 3 7 9 6 2 9 9 2 6 1 1 2 9 10 2 9 4 5 10 8 2 6 2 2 4 5 3 7 7 4 7 9 8 1 8 5 1 4 2 8 3 6 10 3 8 4 3 5 3 10 1 7 7 3 10 6 3 4 7 5 1 2 2 3 1 6 5 10 4 2 6 3 3 8 2 5 3 9 7 1 10 9 4 10 1 3 1 3 3 9 4 6 9 1 6 2 7 6 9 9 8 9 5 8 7 8 9 5 7 2 1 6 7 6 6 1 1 3 6 10 4 7 10 7 6 10 5 5 6 5 7 10 10 7 6 6 6 1 6 4 8 10 6 2 2 4 10 3 7 5 9 2 5 5 7 1 8 7 3 9 7 7 8 3 3 2 2 6 8 5 8 7 3 7 6 1 7 3 7 5 7 8 8 10 4 8 2 9 9 9 3 8 6 9 3 2 9 10 4 7 3 1 3 8 9 4 7 6 6 5 2 2 3 9 2 9 1 8 8 5 10 5 10 8 6 9 5 1 6 1 10 2 8 6 10 4 8 4 7 5 5 1 6 2 5 9 2 2 1 4 2 1 4 10 1 6 6 6 9 3 5 10 1 3 9 9 6 7 1 3 7 6 1 5 8 7 7 8 8 6 3 10 2 10 6 9 2 3 4 9 5 9 6 1 9 1 1 2 2 2 8 8 4 5 8 2 10 4 2 1 9 3 8 8 3 3 9 4 2 7 10 1 1 1 4 3 1 10 8 4 5 10 2 4 8 8 2 4 10 2 6 9 8 7 2 4 1 7 5 6 1 10
1 2 4 6 9 6 8 9 5 8 6 3 4 6 4 6 1 7 10 9 4 5 10 5 6 2 2 8 4 4 4 8 1 9 5 10 2 1 6 8 10 9 7 2 9 8 6 9 2 10 5 4 10 4 2 4 5 4 9 4 6 4 2 2 6 5 6 10 8 8 2 6 3 4 5 4 6 2 1 4 1 4 7 2 7 8 7 6 6 6 7 5 5 5 6 2 8 3 9 8 5 7 9 7 8 10 9 4 7 6 10 3 7 3 1 5 7 1 10 4 10 6 9 6 9 5 9 2 9 1 8 1 6 9 2 1 3 2 5 10 7 6 7 9 5 3 4 3 9 1 6 9 2 9 4 6 7 6 4 8 10 3 4 4 7 7 6 10 9 1 1 7 7 4 3 10 3 2 10 10 10 5 7 5 6 6 5 9 10 10 1 10 10 8 9 6 9 3 7 4 2 8 7 2 3 4 10 8 10 2 5 3 8 1 4 8 3 8 9 1 8 10 4 3 9 7 9 6 2 3 9 10 5 7 7 6 7 2 4 10 1 6 3 7 2 3 1 6 6 7 10 2 3 7 5 3 9 2 7 4 4 7 3 5 2 6 6 6 8 7 4 3 3 6 4 8 10 9 9 6 10 10 10 6 10 9 3 1 5 2 4 10 5 5 8 8 10 7 1 2 7 4 2 8 3 7 4 10 9 10 9 2 5 3 8 10 10 4 4 5 9 6 4 6 6 8 5 6 6 8 1 1 5 8 8 10 10 2 9 5 2 5 3 2 3 6 6 7 4 5 2 4 1 7 2 6 10 4 3 6 4 5 2 8 7 4 7 10 7 5 2 1 7 2 8 4 7 2 10 4 9 5 7 10 8 7 6 4 1 8 2 10 1 7 3 7 7 10 3 4 4 1 2 7 6 3 2 10 2 6 10 5 10 9 10 2 4 4 10 7 8 3 9 5 4 9 8 9 3 8 5 8 3 9 1 5 8 9 10 3 6 1 3 4 10 6 2 1 8 3
1 5 2 4 3 10 4 3 1 2 3 8 6 10 9 1 10 8 8 8 1 2 6 1 3 6 5 7 8 9 9 8 10 9 3 3 1 2 2 3 4 8 9 9 1 5 9 6 8 10 1 6 8 3 5 2 3 6 5 5 10 7 1 4 7 4 7 10 5 10 3 1 3 1 4 10 9 10 8 10 6 5 8 9 3 10 1 4 3 6 9 5 1 10 1 6 1 1 9 1 2 8 8 4 4 1 4 10 3 6 3 8 9 1 10 8 5 2 9 5 1 1 3 5 9 9 10 4 1 10 1 2 7 4 10 7 3 10 4 6 7 5 4 3 6 4 7 8 5 10 8 9 4 7 2 4 8 1 8 10 4 8 7 2 1 10 9 9 5 10 3 10 9 9 6 4 7 2 1 7 7 2 4 10 1 10 2 7 10 8 10 10 9 10 2 4 6 7 2 3 6 2 6 4 5 4 3 6 3 10 5 3 6 8 8 7 8 8 9 6 10 3 4 1 6 7 6 1 1 5 9 10 8 1 7 2 7 4 1 2 8 3 10 8 10 7 7 2 8 3 1 1 6 7 5 6 8 3 8 7 10 4 1 3 6 10 7 10 6 1 10 9 2 2 8 10 7 6 10 10 6 8 8 3 7 10 5 8 2 6 7 4 9 4 10 7 10 3 5 1 8 7 6 8 9 3 6 3 8 6 2 6 9 6 1 1 7 8 3 5 3 7 3 5 2 8 3 8 7 10 10 9 7 8 10 9 5 6 6 5 8 6 9 10 5 4 3 6 9 1 1 5 6 6 9 4 1 7 5 1 3 8 9 1 10 6 3 7 8 8 1 10 2 4 9 8 5 3 1 9 5 6 2 3 10 6 10 4 8 6 1 5 1 2 2 5 6 2 8 10 6 7 2 3 5 3 6 2 6 8 6 6 2 4 9 6 8 7 4 9 2 6 3 10 5 3 1 5 5 7 6 6 2 3 8 3 4 8 1 1 7 4 2 5 4 2 7 10 1 4
4 2 6 4 8 5 3 10 2 1 7 10 1 10 9 9 6 1 9 4 8 9 5 2 3 7 9 6 4 5 1 8 4 9 9 8 5 6 9 7 4 6 10 1 9 9 8 10 2 5 6 8 5 8 3 3 4 1 8 5 10 7 8 5 4 2 10 9 6 9 10 2 10 7 8 4 3 10 4 9 10 7 1 2 7 10 3 2 8 9 1 7 7 9 10 9 5 7 6 4 10 5 2 1 1 10 5 5 4 6 3 2 9 4 5 9 9 8 1 10 1 3 7 3 4 9 3 4 2 8 1 3 6 2 1 10 5 8 4 10 3 7 1 9 7 7 2 9 7 10 10 4 8 10 10 7 4 5 10 6 4 6 8 9 8 8 6 7 8 2 5 2 5 4 2 8 9 7 7 10 10 7 4 9 2 1 7 7 7 8 6 4 7 4 5 4 10 1 5 7 4 1 9 1 5 10 10 1 2 7 3 10 4 8 7 1 2 10 7 2 4 3 1 3 1 8 9 9 2 7 10 1 2 6 1 5 7 9 9 7 2 1 2 1 1 1 10 10 7 10 5 4 3 9 9 5 8 6 6 3 2 1 8 5 8 1 10 8 3 10 8 7 5 5 6 5 8 1 5 1 6 2 2 5 10 5 7 6 7 1 8 7 5 6 7 7 6 8 5 1 3 4 5 10 3 6 10 7 5 8 8 7 9 1 3 6 6 3 8 4 10 5 3 4 3 10 7 1 8 2 4 10 1 6 4 9 5 9 6 8 10 5 5 3 6 8 8 2 9 8 6 9 3 2 3 5 7 10 8 6 7 10 3 9 8 10 1 7 3 10 5 2 9 3 10 4 2 9 4 1 6 7 6 10 6 3 6 6 6 6 10 3 2 10 9 4 2 1 10 10 3 7 8 2 7 7 8 6 1 1 7 7 8 7 2 1 4 2 7 1 3 6 9 6 5 1 7 7 6 6 2 9 10 9 4 10 8 8 6 7 4 9 2 3 9 8 10 5 5 8
2 1 5 3 8 5 6 9 9 2 10 4 2 6 2 8 9 1 4 9 2 4 2 3 2 3 10 10 7 9 6 8 5 1 4 9 6 3 1 8 3 1 3 1 4 3 2 3 7 10 2 3 6 7 2 5 2 5 9 10 1 8 2 6 5 2 7 10 9 3 9 7 9 3 6 5 8 6 5 1 5 7 3 8 2 9 4 4 7 4 3 5 3 8 6 3 6 10 2 1 9 3 4 8 2 1 6 4 7 9 5 9 7 1 7 8 7 10 10 1 9 7 5 7 8 2 9 10 2 6 8 3 4 3 8 7 3 4 2 2 7 3 6 4 9 2 1 9 10 9 8 7 1 10 9 10 3 9 9 9 8 5 10 1 7 6 7 1 3 7 4 4 5 6 9 4 8 3 7 6 6 8 1 6 2 4 6 3 4 2 10 3 6 7 6 10 3 7 5 7 8 8 7 7 9 9 5 5 2 6 4 6 6 4 8 6 10 6 4 1 1 6 10 5 7 6 1 6 9 10 3 1 9 7 2 8 8 6 2 8 4 6 2 8 4 4 1 8 2 1 6 8 3 4 10 6 1 1 9 7 3 1 8 1 7 6 7 9 8 9 4 9 1 5 6 6 3 7 6 6 4 2 10 9 7 5 10 4 5 9 7 4 10 9 5 4 5 8 4 6 9 7 3 2 6 3 1 4 8 9 5 7 3 8 8 6 9 5 4 9 2 8 4 10 6 5 1 10 4 3 2 10 2 2 9 4 5 6 1 2 10 9 10 3 6 6 5 10 10 4 5 10 10 1 4 3 10 1 4 10 8 2 4 3 4 3 2 7 8 7 8 7 2 1 7 4 3 8 9 7 7 7 9 10 4 1 10 6 2 6 9 2 8 8 10 7 2 9 4 9 9 5 9 9 4 1 7 3 5 1 5 3 10 2 5 10 8 10 2 5 5 6 2 9 6 5 10 9 3 10 1 1 7 4 9 6 6 4 10 3 6 2 6 5 2 10 1 2 8 1
2 4 5 3 7 2 8 7 9 6 5 3 4 2 1 2 4 8 9 10 9 6 4 3 6 10 2 9 7 6 8 5 3 9 3 5 2 5 4 3 6 2 1 9 5 10 2 2 9 8 3 6 2 2 3 5 3 6 2 8 10 5 2 3 10 3 3 9 2 7 4 3 2 8 4 8 8 4 8 4 4 5 6 3 2 2 2 3 1 9 1 10 7 1 6 6 2 5 4 4 6 5 9 7 7 9 4 1 2 7 2 9 9 6 4 4 8 2 8 3 3 10 4 2 4 6 3 6 8 2 3 6 7 2 6 6 10 5 10 1 6 7 3 6 9 1 5 9 3 6 4 7 2 9 6 8 3 7 10 7 4 6 10 5 3 9 7 8 3 4 7 9 4 4 4 3 6 9 7 6 10 8 8 4 10 3 2 1 9 6 5 4 9 2 3 4 6 7 10 3 2 1 3 1 9 1 5 10 7 10 9 9 5 2 7 5 8 2 9 10 7 9 4 7 3 7 1 9 1 6 3 4 10 7 1 9 8 8 1 7 9 1 6 2 8 2 4 9 10 5 3 8 1 8 1 8 8 10 4 5 5 1 2 4 4 10 4 3 9 3 10 9 7 7 5 1 4 3 7 10 9 1 1 3 3 6 9 7 6 7 1 3 7 9 10 3 6 6 6 5 4 3 8 1 10 1 8 8 6 5 2 3 10 5 2 9 5 6 10 4 1 10 9 7 5 2 3 5 7 3 1 5 4 10 7 10 1 5 9 10 6 2 2 3 10 10 8 10 6 3 9 5 3 4 6 4 7 9 4 1 9 8 5 1 9 1 1 9 10 8 4 1 3 4 2 4 9 6 3 7 5 10 2 6 8 8 3 5 8 9 8 3 7 4 2 6 10 7 3 9 3 6 10 10 6 8 7 4 10 10 2 9 9 9 2 10 3 9 10 3 9 2 4 9 5 10 6 4 3 3 1 6 3 8 2 6 9 8 6 9 8 3 2 8 8 8 7 4 2 4
1 3 5 6 9 4 1 6 4 3 9 3 10 2 5 5 2 9 8 2 5 8 2 10 6 3 6 2 7 1 7 8 6 9 10 10 8 2 10 7 8 5 8 3 1 6 4 2 5 2 1 6 7 7 8 9 3 4 10 9 9 10 3 8 3 3 7 4 7 10 7 8 6 8 1 10 8 9 5 5 8 6 8 5 8 8 1 5 3 3 5 6 7 1 1 10 9 8 1 6 8 7 3 2 9 7 4 4 9 4 1 3 5 1 7 8 7 8 4 1 8 8 8 1 5 7 6 2 10 10 2 1 9 7 8 7 7 6 1 9 6 2 6 6 6 4 10 4 9 6 4 8 3 8 8 3 4 8 7 1 1 5 10 7 9 3 8 9 2 1 2 5 5 7 7 6 6 5 1 9 6 9 9 7 6 4 2 2 5 3 5 1 1 7 3 2 7 4 7 2 10 4 3 10 8 7 4 3 8 4 1 8 3 10 3 2 5 6 1 5 4 7 5 7 6 6 1 5 3 3 6 3 4 6 3 9 6 7 2 3 4 5 2 1 10 1 3 3 3 9 8 5 7 9 5 9 3 8 3 10 2 8 10 7 1 9 9 10 3 3 5 1 9 2 3 9 5 1 9 6 5 9 6 3 7 3 10 7 10 5 2 4 2 6 10 3 7 5 4 3 8 1 2 7 1 6 10 4 6 2 9 10 6 7 7 5 7 6 9 10 3 9 7 10 1 5 6 2 6 9 9 7 3 5 1 4 5 3 4 6 4 1 2 7 7 2 5 2 10 2 9 10 6 1 3 4 1 9 3 8 6 10 1 3 7 3 2 2 3 3 8 5 7 10 4 3 8 4 3 1 2 4 10 7 1 7 9 7 5 4 3 5 5 10 2 7 4 1 5 2 5 9 3 9 7 10 10 3 3 8 2 2 4 3 10 5 3 3 9 10 4 3 2 7 4 2 7 2 2 1 9 6 10 4 5 7 9 3 4 4 3 9 10 9 8 3 3 5 2 6
4 3 9 9 9 4 9 5 2 10 5 8 5 10 6 1 8 3 10 8 9 2 5 4 10 3 3 6 3 7 8 6 1 10 10 5 2 1 4 10 7 4 9 4 1 5 2 4 9 7 5 7 4 5 4 7 2 8 9 3 4 5 6 7 9 10 10 1 10 9 3 5 8 9 7 8 8 9 3 3 9 5 8 2 5 3 5 7 9 4 9 5 6 7 5 6 3 9 9 2 3 4 2 10 6 3 6 3 8 6 7 5 9 7 1 4 8 3 3 8 3 5 10 4 2 2 8 3 9 9 9 10 8 1 9 6 1 10 9 2 8 1 2 6 5 8 5 3 2 5 2 1 7 9 3 3 10 7 6 8 5 6 10 2 5 3 10 8 4 6 10 10 9 1 7 9 4 2 8 2 10 9 1 3 9 4 3 4 9 5 1 7 6 2 5 2 5 7 4 3 2 8 1 1 6 2 4 7 10 6 3 2 8 4 4 6 5 9 1 4 9 6 10 5 10 9 2 9 2 9 9 5 5 9 6 2 9 6 8 8 6 8 3 7 1 8 9 2 3 2 2 10 7 8 5 4 7 9 10 3 9 10 7 1 9 2 1 8 6 9 2 7 4 4 8 8 6 3 5 8 1 8 1 4 2 3 10 7 9 7 2 7 5 1 1 5 6 9 5 1 8 3 5 8 4 10 5 3 6 6 3 5 5 1 1 5 7 2 10 3 9 3 1 9 6 9 3 10 10 6 1 5 8 10 2 7 7 1 10 8 8 5 6 6 5 6 4 10 9 6 1 7 5 6 3 4 6 1 8 2 10 1 2 9 1 5 5 2 1 5 5 4 10 10 6 1 3 10 7 4 8 8 3 7 5 4 9 5 2 7 3 9 1 8 1 1 6 10 9 9 10 7 6 9 5 3 1 10 6 6 4 10 10 4 6 9 5 4 4 10 3 2 9 3 7 7 10 8 7 2 9 9 8 3 8 2 9 10 6 1 5 7 2 8 7 9 3 6 4 5
4 3 6 1 3 6 8 2 8 8 7 7 4 5 6 10 8 6 1 10 8 3 9 9 5 9 9 4 8 1 4 3 8 9 8 7 5 2 2 3 6 3 4 8 5 5 6 6 3 8 1 6 4 10 2 10 2 8 7 9 7 10 5 5 4 9 2 8 2 7 6 1 9 2 1 3 5 8 8 10 6 8 9 6 2 1 6 9 7 4 1 8 10 1 9 10 8 8 8 1 4 7 5 7 1 7 3 5 9 4 2 10 1 6 10 3 1 7 1 3 7 3 4 5 3 1 4 10 4 10 7 1 1 5 4 3 5 6 1 3 1 9 9 2 7 1 7 5 10 6 6 2 1 7 6 5 8 8 3 10 10 9 8 8 8 7 10 2 2 7 10 9 8 3 9 10 6 3 3 10 8 8 3 2 1 5 2 5 9 1 9 4 4 3 1 10 4 2 7 2 8 5 1 5 3 8 6 9 9 6 8 5 3 6 8 7 2 1 9 10 2 7 3 6 6 2 3 4 10 1 9 7 9 7 5 1 10 10 7 4 10 2 10 4 1 4 6 7 2 1 5 10 5 1 10 6 4 2 4 5 3 5 8 3 1 1 8 9 1 8 5 7 9 5 9 5 7 9 6 10 7 4 5 1 7 2 5 1 1 3 7 1 10 7 2 5 6 2 4 2 8 3 5 8 1 9 1 1 6 8 1 9 9 1 10 2 2 4 3 4 7 8 1 4 9 6 2 5 6 10 1 5 5 6 3 7 3 4 10 9 3 7 1 10 6 9 5 3 1 7 7 1 1 1 1 10 8 1 2 10 8 9 1 8 6 4 6 10 2 3 7 6 4 10 4 9 9 7 8 2 9 3 4 2 9 1 8 4 7 10 7 10 5 10 9 5 4 1 10 6 9 2 2 7 9 6 6 3 9 9 6 9 2 8 9 6 8 3 10 7 1 4 1 10 2 8 1 4 5 9 6 5 5 9 1 7 3 7 2 6 8 6 7 1 6 1 7 1 10 1
1 9 5 3 3 6 9 1 10 5 2 3 6 8 2 1 2 8 2 9 9 4 4 3 9 7 7 4 4 5 7 10 9 6 2 3 9 8 9 2 4 6 8 7 1 9 6 3 1 3 2 6 9 3 6 7 7 2 3 10 5 5 6 2 8 10 6 1 4 5 8 5 9 10 9 4 3 1 8 1 6 6 8 1 6 2 7 4 9 10 1 3 10 3 10 5 3 3 4 8 2 6 3 8 8 4 5 4 7 3 7 10 5 4 7 1 7 8 1 6 1 5 2 5 1 10 3 10 5 1 6 9 4 1 6 7 1 3 5 7 9 8 9 5 10 1 10 4 5 1 7 10 7 3 10 4 5 10 2 6 1 3 3 2 10 9 10 9 4 5 7 2 8 3 2 7 6 8 2 2 10 10 4 2 9 8 9 2 9 9 3 3 1 8 5 10 6 4 8 5 7 9 3 1 3 7 8 9 2 9 8 9 1 7 1 5 4 10 2 7 10 6 1 2 7 1 4 2 8 10 3 5 7 3 9 7 2 6 6 2 1 10 8 8 6 5 5 1 4 8 9 7 2 8 1 2 9 3 2 7 7 5 9 5 3 7 7 6 10 6 4 2 7 1 6 6 10 8 3 10 6 4 3 10 2 2 4 1 8 1 1 3 9 6 3 7 9 7 10 1 4 1 3 2 9 6 4 7 9 10 5 7 1 4 8 5 1 3 7 2 8 5 1 5 5 2 2 5 10 2 10 7 10 8 9 6 3 2 9 5 3 5 9 10 8 9 5 3 5 9 8 9 1 10 8 9 1 10 8 8 7 7 3 5 7 4 10 3 4 4 9 6 4 10 4 1 6 10 2 2 5 6 1 10 2 9 4 3 6 5 5 2 9 1 9 6 4 7 4 3 2 9 3 3 1 1 1 1 8 4 10 10 2 5 10 8 1 8 5 4 4 8 6 7 7 2 10 4 2 8 6 2 10 5 7 1 5 6 5 10 2 3 9 7 1 10 8 3 1 3
5 2 3 7 4 10 1 7 9 9 1 5 3 7 9 4 10 4 1 10 9 7 10 8 3 3 1 5 9 2 1 10 10 6 7 2 5 6 7 2 1 9 8 5 7 8 3 5 9 9 2 7 2 2 2 3 8 6 8 10 6 2 3 8 4 9 7 2 6 5 1 5 7 3 4 1 6 5 10 8 8 5 5 1 4 3 6 5 5 5 2 9 3 8 1 5 3 6 7 2 4 2 5 5 2 2 6 8 1 1 9 1 8 1 3 6 4 9 2 3 5 2 4 5 6 1 3 4 9 9 7 2 6 2 3 8 2 8 7 10 10 3 8 3 1 6 10 1 5 2 10 6 6 3 1 9 1 9 9 5 8 8 9 3 6 3 4 1 2 7 10 9 9 9 2 7 3 4 1 7 8 8 4 5 8 7 2 4 4 5 2 7 5 1 4 7 1 5 3 10 4 10 4 6 6 7 5 7 5 10 6 3 3 10 3 5 1 10 1 5 10 5 5 3 3 10 8 9 5 4 2 10 8 8 8 9 7 3 7 10 4 6 4 3 3 1 10 9 4 6 1 5 6 3 6 8 3 5 2 2 6 2 5 4 4 2 1 4 3 5 2 8 7 10 3 2 4 2 3 3 5 10 10 10 2 7 6 7 7 10 7 2 1 10 3 5 6 9 5 7 4 4 9 1 2 9 10 1 2 10 7 7 6 8 3 1 5 3 7 6 2 1 3 6 4 3 8 4 2 7 5 8 5 6 8 10 5 6 1 9 7 8 2 7 3 3 4 9 3 1 1 1 4 1 10 5 10 3 5 7 10 8 2 2 10 3 7 7 9 8 9 2 6 5 1 2 4 2 3 3 5 5 3 5 2 8 9 4 6 6 4 7 6 3 2 8 6 5 5 8 3 6 4 3 3 7 10 8 6 8 2 8 6 5 8 6 4 2 1 2 9 2 7 3 3 3 8 9 9 9 3 4 1 5 1 4 3 9 4 1 9 8 3 2 10 5 1 9 10 1
1 2 5 6 1 3 9 9 9 8 1 1 3 4 1 4 3 8 1 6 9 10 4 9 10 5 3 8 9 8 3 7 4 2 5 4 1 3 8 3 9 6 3 2 5 2 1 7 4 7 8 8 6 8 5 6 7 7 9 8 3 6 7 7 10 9 3 1 6 8 1 5 2 3 3 9 6 2 9 2 2 8 4 5 5 6 1 2 10 1 1 5 4 8 4 7 7 6 2 2 7 8 4 8 1 3 7 3 9 7 7 10 5 10 10 1 7 3 7 10 10 5 8 8 10 5 10 5 9 10 8 8 1 5 10 3 6 8 10 1 9 9 6 1 6 7 4 3 4 2 5 6 4 2 6 8 8 10 3 4 8 8 2 4 8 6 6 2 8 8 3 1 1 7 2 2 8 4 2 1 6 8 10 6 9 8 9 2 1 10 10 5 9 6 7 8 5 2 9 9 7 2 9 1 3 8 10 7 10 10 6 2 9 8 2 6 5 4 7 8 8 4 4 1 7 9 3 6 8 9 9 3 2 5 2 1 7 6 9 2 7 3 6 1 5 3 3 10 2 7 3 6 8 5 8 3 6 9 6 4 1 7 5 9 10 7 1 3 2 3 3 3 1 6 4 8 4 7 2 4 7 6 7 3 9 8 3 10 4 9 10 4 1 10 6 2 1 10 3 1 4 8 4 4 4 4 5 2 8 10 6 10 2 6 9 9 7 9 3 9 4 2 3 4 3 8 4 6 2 2 9 10 3 7 4 2 7 5 4 3 3 4 1 2 2 1 4 6 7 2 1 10 10 7 10 3 4 8 10 8 4 4 9 3 8 5 6 8 9 7 10 1 5 10 6 9 7 2 1 2 5 10 1 8 8 1 3 4 6 2 2 4 3 1 1 7 3 6 9 9 1 3 5 7 10 1 10 10 5 9 6 1 1 4 7 1 7 10 5 3 5 1 6 8 8 6 4 4 3 2 5 3 1 7 1 6 8 3 1 8 1 5 10 8 1 10 1 6 7 9
4 3 7 3 8 3 10 5 8 5 3 8 8 3 7 8 1 1 5 9 2 6 7 6 3 3 6 5 3 9 4 6 2 6 10 7 10 4 4 10 10 1 3 1 9 6 6 3 9 1 10 7 7 9 5 6 6 3 5 6 4 4 3 7 6 7 7 6 8 3 5 4 3 5 3 9 3 4 1 9 4 5 10 3 3 1 9 9 1 1 7 5 5 3 4 7 9 4 6 8 1 4 1 10 9 9 8 10 4 6 2 7 9 8 9 4 2 10 4 10 9 10 4 1 5 9 3 6 5 4 8 6 1 1 2 2 1 2 10 1 7 2 6 6 1 1 1 6 4 5 8 8 4 10 4 2 4 1 4 5 7 2 7 9 3 10 7 10 2 5 1 6 9 7 10 1 3 8 7 9 10 3 8 7 1 8 2 3 9 6 8 1 3 7 10 1 2 10 2 4 8 10 7 9 1 4 8 10 1 7 9 8 3 9 5 9 1 4 6 7 3 3 4 4 6 4 10 8 2 3 5 9 4 2 2 3 1 4 8 6 1 1 1 4 4 6 7 10 9 4 8 5 6 10 4 4 10 10 10 8 5 10 5 8 3 10 3 5 2 6 1 10 5 8 9 5 9 9 7 10 4 9 2 4 9 8 7 7 8 10 2 8 4 8 3 6 2 9 3 6 6 6 1 2 8 5 10 3 2 5 9 5 5 10 1 2 1 7 10 1 3 5 8 8 3 8 8 7 7 5 5 2 3 10 7 9 6 8 3 7 5 1 7 7 5 3 7 10 2 4 2 9 2 9 10 5 8 6 6 4 8 5 2 1 1 9 8 5 7 8 5 1 3 4 1 1 10 3 4 10 6 3 1 5 8 3 1 10 10 3 5 7 7 8 6 8 1 4 5 3 1 10 9 4 2 9 9 2 1 8 1 3 7 5 8 3 3 10 7 1 6 1 4 5 7 8 8 8 10 3 4 4 7 9 8 3 1 6 9 4 5 8 8 9 7 5 9 4 10 9
1 7 10 5 2 5 8 10 8 10 8 9 3 4 9 3 5 6 8 8 10 8 2 5 1 6 5 3 3 9 7 10 9 8 9 10 7 7 6 4 1 4 2 6 8 3 8 5 9 3 10 9 6 5 9 8 3 8 6 5 7 5 9 8 7 9 6 8 7 2 5 7 9 2 7 10 10 4 7 3 5 4 9 7 2 3 8 7 6 3 3 2 5 9 4 1 2 10 8 3 6 3 9 3 7 4 1 1 10 8 7 9 9 10 4 7 7 7 10 3 9 6 4 10 3 9 1 8 4 9 9 10 8 6 8 1 7 10 1 7 10 10 2 10 6 4 2 2 4 2 9 1 5 8 7 8 4 5 5 10 1 10 7 10 2 6 2 5 6 7 7 9 10 1 3 8 2 4 10 4 5 2 9 3 9 4 6 2 1 1 3 9 3 8 2 10 8 7 10 5 4 9 4 7 1 2 7 8 5 6 10 1 7 10 6 6 4 9 7 2 9 8 9 7 6 3 6 9 10 4 10 3 9 4 3 4 1 6 8 5 6 7 9 1 10 7 7 3 4 4 6 3 1 10 1 6 7 8 1 6 2 7 5 9 9 6 4 9 3 3 4 2 3 7 10 4 7 3 2 4 2 6 7 3 5 4 3 2 4 5 2 8 5 8 2 6 2 10 6 4 7 3 5 3 7 8 2 4 2 4 3 5 3 1 8 3 10 6 4 3 7 1 8 6 5 1 4 8 3 2 8 9 1 3 2 10 1 3 7 5 6 8 9 1 4 1 3 9 8 6 9 6 5 2 1 2 6 4 7 7 4 9 3 9 3 5 8 6 9 7 7 9 10 9 3 3 3 10 4 9 9 3 5 4 2 3 10 3 2 4 6 9 7 8 10 7 5 9 3 3 10 10 4 9 4 6 3 2 9 4 7 9 10 2 2 10 5 9 3 10 1 10 4 2 8 9 3 2 2 1 8 9 6 8 2 5 8 4 10 1 6 4 10 10 10 6 5 2 2 7
1 9 4 9 3 6 7 8 2 6 2 3 9 9 1 8 6 5 6 10 9 8 9 5 5 10 9 1 1 4 6 10 3 2 5 4 8 9 4 2 3 2 8 6 7 10 8 6 6 6 10 10 5 7 8 9 9 8 7 7 2 7 1 4 5 4 8 1 4 2 1 6 9 5 5 7 9 3 1 8 7 2 10 3 8 10 7 4 9 2 6 5 2 5 6 10 7 6 6 10 2 5 6 4 6 8 7 7 10 8 7 2 2 6 1 3 8 1 1 1 1 3 10 5 7 8 7 7 1 4 4 7 10 10 2 5 4 1 4 1 1 1 1 2 4 1 10 6 5 4 5 3 2 2 10 5 6 8 2 6 2 5 2 5 7 6 2 3 10 10 6 5 8 3 8 10 10 4 8 8 3 10 9 6 1 5 3 5 7 10 8 8 1 5 9 8 9 4 2 8 10 4 3 4 1 9 8 1 3 6 4 1 6 3 7 8 1 8 10 8 7 3 7 6 8 5 8 2 1 10 10 7 5 4 3 5 7 9 4 5 9 9 1 10 4 5 10 3 2 10 8 1 6 8 9 1 7 7 8 5 3 10 5 4 1 9 9 3 1 5 10 4 6 3 3 9 4 6 6 2 1 9 5 1 10 6 4 4 3 9 7 6 3 2 1 10 2 8 9 2 8 1 7 2 8 9 6 9 10 6 5 5 7 9 9 9 6 6 6 4 5 9 7 5 6 9 8 2 8 1 5 9 1 3 8 6 1 8 1 9 9 7 5 8 8 5 9 9 9 4 10 10 7 2 1 7 4 1 2 2 5 7 6 3 2 10 9 2 2 3 8 8 5 4 1 1 8 2 9 2 9 6 10 5 10 10 8 9 10 7 2 2 8 2 5 6 4 10 8 5 7 8 7 8 2 3 6 6 7 1 1 10 3 10 8 3 1 9 9 3 3 10 4 8 8 5 10 1 7 8 7 6 10 4 2 4 1 1 5 7 7 5 7 4 1 10 5 7 9 6
3 9 10 8 3 7 9 7 3 10 6 4 1 1 4 9 8 6 3 7 6 3 8 2 9 8 4 7 6 6 10 6 3 10 1 4 4 5 2 3 10 8 2 9 2 3 4 9 3 8 3 4 3 3 9 10 1 2 7 9 5 9 5 9 4 7 7 7 7 1 5 9 2 5 8 5 8 1 2 9 10 10 3 2 7 5 2 1 5 1 5 10 5 8 9 1 6 9 1 9 7 8 10 4 1 8 9 9 10 8 9 9 9 8 5 9 5 5 5 1 9 1 10 1 10 2 6 2 3 9 3 3 6 9 10 5 9 1 1 3 10 9 10 7 2 9 1 1 1 9 10 8 3 9 9 6 3 9 4 5 2 8 5 5 3 9 5 2 3 4 2 7 3 10 4 9 8 9 2 8 6 10 1 8 4 10 1 5 1 10 1 10 8 5 2 8 10 6 10 7 4 7 10 9 4 9 7 6 3 3 8 10 3 6 8 7 7 3 1 7 8 10 3 7 2 3 5 5 1 3 2 10 10 7 8 6 3 1 9 6 7 3 3 4 9 9 5 8 7 7 9 1 10 9 1 1 6 5 4 9 3 8 3 7 2 7 9 5 4 5 5 1 7 6 7 1 5 5 8 9 4 3 6 1 8 7 9 2 4 3 10 7 9 9 1 4 9 7 6 10 8 6 8 10 3 10 6 8 4 1 5 3 3 1 4 7 3 10 1 6 4 8 4 3 8 5 9 1 8 1 6 1 3 9 2 9 2 5 6 7 10 6 3 2 5 9 2 3 2 7 2 8 7 7 3 1 7 8 10 2 4 2 2 8 4 10 10 9 7 1 7 8 9 3 5 5 7 3 1 9 6 4 2 10 4 10 6 3 7 5 5 2 2 9 3 2 4 1 2 4 1 8 4 9 3 1 7 4 4 7 5 8 3 7 6 10 8 9 3 10 2 5 5 6 6 8 5 6 8 8 9 10 8 3 10 5 4 7 4 7 10 1 4 6 8 6 4 9 5 6
5 8 1 10 9 5 2 9 3 2 10 5 8 5 1 10 1 2 1 1 2 5 6 8 5 1 7 3 6 5 2 6 8 7 9 10 5 4 3 3 1 1 8 5 6 9 2 10 9 10 4 10 7 6 6 5 9 3 1 7 10 6 7 4 5 6 3 1 2 7 6 2 7 6 9 10 2 3 10 10 10 10 6 2 7 4 1 10 2 2 2 7 8 5 2 4 5 7 4 7 7 6 3 10 7 10 6 5 2 3 5 4 9 10 9 10 7 1 10 5 9 3 6 2 8 6 7 10 9 3 8 10 9 4 5 8 10 10 10 7 5 1 1 4 8 8 3 1 9 7 8 8 3 9 5 6 10 9 3 6 6 10 9 5 8 10 7 5 5 5 1 5 6 9 4 2 8 9 10 6 4 3 4 9 1 1 2 3 2 2 4 10 5 7 6 2 7 5 2 6 1 4 5 6 8 4 5 9 6 2 5 7 5 9 2 6 1 7 8 10 9 6 7 2 4 3 10 3 1 7 3 3 1 10 7 9 9 4 10 5 6 2 7 3 1 2 7 6 8 1 10 7 6 4 9 4 4 6 10 1 4 10 10 2 5 2 8 5 7 8 10 3 8 10 8 9 10 6 3 8 6 10 2 4 6 3 4 8 1 6 3 1 5 4 2 1 6 6 6 3 7 4 1 7 2 5 5 3 6 7 4 6 10 3 6 4 2 9 1 2 1 7 8 10 6 10 7 4 9 7 1 6 6 5 6 4 2 9 5 10 9 3 3 6 8 3 2 10 9 1 7 8 2 3 6 5 4 9 6 7 3 1 9 7 2 3 9 3 9 4 7 8 4 4 7 8 9 5 1 10 1 6 6 9 7 3 7 8 3 8 1 2 8 5 3 8 3 8 2 5 10 4 1 9 7 9 10 8 4 2 6 3 6 10 2 9 4 5 3 10 7 8 10 1 2 2 2 1 8 8 1 5 4 5 5 10 3 2 1 4 5 2 5 1 9 7 3 6 2 6
4 9 2 3 10 4 1 6 5 5 8 9 9 3 5 6 6 1 7 3 8 2 10 7 5 8 3 8 2 6 6 8 8 1 8 5 7 1 6 5 10 10 8 7 10 2 2 5 10 4 8 6 7 5 1 4 1 7 3 1 4 9 7 1 5 4 3 8 9 7 2 5 3 2 8 7 1 7 5 7 3 3 4 10 4 3 3 4 8 6 3 10 2 9 6 6 3 6 3 8 9 3 8 6 5 9 7 1 10 8 4 2 1 2 3 10 2 7 8 7 8 4 6 9 4 2 10 7 9 10 7 2 7 10 3 5 8 3 2 3 5 1 1 6 4 5 6 3 5 9 8 8 9 7 6 5 1 10 9 5 5 6 8 10 4 5 10 9 4 8 4 9 1 1 3 3 8 5 10 8 9 2 8 10 7 5 10 1 2 3 6 10 1 10 6 7 6 5 7 10 10 1 3 8 10 1 4 10 10 2 5 9 7 5 2 5 2 8 9 7 10 7 5 2 2 6 4 6 9 6 5 8 7 6 1 3 2 1 3 2 3 8 10 4 8 1 1 3 9 1 5 2 3 4 9 1 9 8 4 6 3 3 4 4 2 2 6 7 8 2 1 5 5 4 3 7 2 3 4 9 5 10 3 6 9 1 7 4 8 8 10 3 8 10 10 6 7 8 3 8 6 8 8 10 9 7 9 10 8 8 8 9 4 2 3 8 2 4 2 9 9 5 9 8 8 5 10 10 9 5 2 2 7 9 7 3 7 1 2 6 8 5 3 6 6 9 8 4 6 10 5 2 9 7 4 8 9 9 9 7 7 6 9 9 3 8 2 9 1 2 1 7 4 4 8 8 5 7 1 8 4 8 3 4 9 6 5 3 4 6 1 7 9 9 5 10 6 8 1 4 1 7 6 4 4 10 7 5 9 6 2 9 2 4 7 9 8 3 8 5 2 1 10 1 8 8 10 3 8 1 10 9 7 3 3 6 2 1 7 6 8 6 2 8 4 6 9 5 1 1
5 3 7 8 8 1 1 5 6 2 7 4 4 9 10 1 3 5 10 1 3 2 2 10 10 5 9 1 4 5 10 6 10 10 9 5 7 6 6 3 2 9 7 2 7 5 2 3 2 1 9 9 5 4 9 6 1 10 1 1 6 9 4 6 3 5 1 4 10 1 1 8 3 1 5 5 8 9 9 1 4 1 7 6 4 6 8 5 2 1 10 7 1 6 8 5 7 1 1 8 9 9 5 1 4 6 6 8 3 1 6 1 9 9 6 4 6 3 1 10 6 2 2 10 7 8 7 6 9 6 5 1 3 9 7 2 2 6 9 1 1 3 5 10 5 9 6 6 10 5 3 2 7 4 6 8 10 1 5 2 8 10 6 7 8 4 8 10 6 1 8 7 10 7 9 6 4 10 5 6 7 10 7 9 9 6 9 10 9 4 7 2 8 4 8 7 9 7 8 8 9 6 10 9 9 5 9 4 2 7 8 9 2 1 1 3 1 4 2 7 9 8 4 8 6 1 3 2 9 9 1 1 9 7 3 4 10 1 1 6 8 7 7 4 6 5 9 3 7 7 6 2 7 6 2 7 2 9 5 5 2 6 1 7 4 6 1 8 6 9 8 8 8 2 7 6 5 6 4 6 1 3 7 5 7 10 9 2 9 4 4 9 10 6 2 3 4 1 6 7 2 5 4 10 10 4 10 2 4 6 3 8 5 4 5 3 5 8 10 1 7 2 7 4 9 5 10 8 9 1 9 1 10 3 10 7 4 2 6 7 7 4 3 3 6 7 6 9 6 4 3 9 3 6 6 7 4 9 1 3 8 8 5 10 8 8 3 7 4 4 1 7 9 8 7 3 7 2 3 3 8 4 1 2 10 2 7 10 6 8 6 5 10 8 4 6 10 7 9 1 5 6 6 7 1 8 7 1 1 2 9 1 3 6 1 8 3 2 10 7 3 7 4 1 2 7 2 1 2 4 5 7 8 7 1 10 6 9 6 1 4 10 4 5 10 8 4 4 9 6
2 10 2 2 6 1 3 5 4 8 9 10 1 8 7 1 4 5 5 2 4 10 3 2 7 1 9 10 1 4 8 3 3 8 5 10 2 8 2 4 7 8 7 9 6 5 6 6 8 6 2 5 6 10 10 7 1 1 6 10 2 2 2 9 8 1 10 8 10 6 7 1 4 10 4 10 4 6 9 9 2 4 4 3 3 5 8 8 7 2 9 10 5 7 2 7 5 5 2 6 7 3 3 2 4 9 3 6 5 4 7 5 3 4 9 3 5 10 7 7 3 10 3 6 2 9 10 4 4 6 3 8 4 10 5 2 7 4 4 10 6 4 2 9 1 8 3 3 3 7 7 5 3 2 8 7 2 3 9 1 2 5 8 5 1 5 3 5 2 10 2 1 3 1 2 5 2 3 4 3 6 5 2 1 3 5 2 7 7 6 3 4 7 3 8 10 5 5 1 10 2 8 8 4 9 8 9 5 4 6 5 6 7 1 10 7 4 7 6 5 4 9 9 8 9 8 8 2 8 6 7 8 2 6 9 1 10 2 6 1 8 6 9 4 7 5 1 6 2 7 2 6 9 1 3 5 5 7 2 4 8 5 5 8 4 9 3 10 1 5 4 2 1 9 7 10 3 6 7 9 9 5 1 8 6 6 8 8 1 9 3 9 8 2 10 5 1 10 5 5 6 3 9 9 8 7 5 10 1 9 9 5 4 8 8 4 10 2 6 5 5 4 10 10 7 8 10 4 5 1 8 3 4 9 10 1 1 10 2 10 9 8 10 8 4 10 5 6 2 8 1 1 3 7 3 6 9 7 2 2 4 9 2 9 4 2 5 9 8 4 4 1 9 6 6 8 7 3 6 8 8 2 9 4 3 6 5 4 9 1 3 2 4 6 8 7 10 7 6 2 8 5 7 2 8 10 9 2 1 10 1 3 6 6 7 10 7 2 6 1 8 2 5 10 1 10 5 9 4 4 1 5 1 6 6 8 6 6 1 8 6 5 8 3 4 9 8 9 3 2
1 5 1 6 10 9 9 1 6 8 2 2 9 6 7 10 10 7 1 10 3 7 2 9 3 6 2 7 2 7 10 7 3 9 5 4 7 3 8 4 8 2 3 3 7 8 10 6 3 7 3 4 1 2 5 7 2 5 10 5 1 7 1 5 6 4 8 9 10 7 6 8 9 7 5 6 10 9 9 6 5 7 4 8 4 5 3 3 7 1 2 6 7 7 1 9 1 7 9 5 1 10 6 5 7 8 3 5 5 5 6 6 4 8 3 1 10 4 5 7 9 8 10 8 5 4 2 5 8 5 7 3 2 10 8 8 8 8 3 6 2 4 5 5 8 8 2 4 2 9 2 6 6 7 10 3 7 8 8 10 9 7 6 2 6 9 3 6 4 9 10 3 1 10 3 6 8 2 7 7 5 4 7 5 7 4 10 1 10 9 4 6 1 3 7 8 8 9 5 6 2 6 9 7 2 2 1 2 4 1 6 8 6 4 8 8 4 3 4 7 2 4 4 5 4 4 3 4 3 1 3 10 9 9 3 7 2 9 9 8 4 9 3 2 3 9 9 6 4 8 1 1 4 8 5 5 8 8 4 9 6 5 7 6 2 1 8 5 2 6 10 10 8 6 6 4 7 6 9 9 6 10 5 3 6 7 10 4 9 4 3 8 6 9 10 1 8 9 3 7 5 5 6 5 8 6 4 10 6 10 9 9 2 7 2 10 7 9 5 5 3 8 8 6 10 3 7 3 2 3 10 4 5 9 9 2 7 6 8 9 7 3 5 7 9 9 1 3 8 8 5 5 9 3 4 4 10 9 8 7 3 4 1 6 1 3 2 6 3 3 4 5 4 6 5 7 9 9 7 2 3 5 8 1 1 9 8 4 5 7 8 9 3 5 10 5 4 2 2 6 10 2 4 9 7 2 10 6 10 3 3 3 1 1 8 10 10 8 10 4 1 8 3 2 9 7 7 6 10 6 1 7 1 6 1 7 4 9 2 7 8 8 3 3 7 4 1 2 3 4
1 10 3 6 2 4 9 9 10 8 1 5 1 5 3 3 10 6 2 7 2 6 2 7 10 8 3 1 5 8 2 6 6 8 9 6 4 3 2 7 9 9 7 1 9 2 10 8 7 1 1 1 9 8 9 7 9 3 6 9 4 9 6 5 3 10 3 2 5 7 8 5 9 8 8 6 4 6 3 2 3 10 7 2 8 4 8 1 10 5 1 5 9 9 2 2 7 9 4 3 4 10 10 6 7 3 10 2 10 1 4 10 10 4 4 4 10 6 1 7 5 2 7 7 3 7 8 6 8 9 2 2 5 6 4 1 7 5 6 4 1 4 3 9 1 6 6 1 4 2 9 5 2 2 4 8 9 4 7 8 9 8 9 5 4 9 4 10 9 2 1 4 6 3 5 1 4 1 10 3 9 10 8 3 7 9 5 1 2 9 3 5 10 9 4 5 9 4 7 10 1 5 1 9 9 5 6 3 3 8 9 5 9 9 1 7 7 3 10 4 8 3 6 7 1 3 9 6 5 7 9 3 9 7 1 6 8 7 10 7 3 4 4 1 6 5 8 2 4 5 8 3 4 6 9 5 10 6 6 6 2 7 8 2 10 6 1 7 2 1 8 5 6 2 7 2 9 5 3 8 2 5 6 1 2 9 9 6 1 10 3 8 8 10 1 4 6 4 6 10 10 2 3 6 9 3 6 10 3 5 2 8 9 5 3 8 5 7 7 5 3 7 7 9 4 5 7 7 10 3 5 8 3 2 10 3 7 10 1 7 9 4 4 9 7 1 10 2 5 7 8 6 10 2 7 8 8 3 1 5 5 6 6 5 7 1 6 7 3 6 9 3 2 7 6 6 2 3 2 9 9 10 2 6 9 6 5 10 8 7 8 1 3 8 7 6 10 2 7 7 8 10 10 10 5 2 3 10 9 9 8 5 2 1 10 9 10 9 3 3 7 8 5 1 7 10 5 6 3 5 3 4 6 3 2 9 3 1 1 2 2 5 6 4 8 10 4 1 8 9
4 8 8 10 6 3 4 6 9 6 5 3 2 9 9 5 8 10 1 7 4 4 4 8 10 9 6 6 9 3 5 5 10 1 7 1 10 3 2 8 1 7 9 6 4 6 6 4 6 8 2 8 7 9 6 10 6 3 10 7 10 6 6 3 7 8 8 3 4 2 7 7 1 4 9 5 8 8 3 6 8 4 10 1 10 9 7 10 3 2 9 2 2 5 9 5 9 10 8 10 8 6 9 9 7 1 9 2 5 9 4 3 2 9 3 10 10 2 1 10 5 8 3 10 10 7 8 1 8 2 9 7 1 9 3 6 4 1 5 2 6 6 2 5 5 9 1 7 6 2 7 1 5 6 8 1 6 9 9 4 9 6 2 8 7 7 7 1 9 7 10 7 7 5 1 2 5 6 5 7 8 2 4 10 9 4 4 10 1 6 10 7 3 5 9 6 10 3 1 6 4 2 3 6 4 6 1 9 10 6 2 2 7 10 8 4 2 7 10 7 4 8 7 4 1 5 2 10 5 6 9 1 5 10 10 10 9 10 8 2 5 4 5 4 9 10 8 6 4 4 9 2 7 8 2 4 6 8 6 3 1 8 4 7 2 3 6 7 4 10 10 5 1 3 3 6 6 3 10 1 4 7 7 2 1 1 10 7 5 7 2 3 8 5 3 4 9 4 2 2 1 10 4 6 5 10 1 9 10 6 10 3 10 10 6 7 8 7 1 9 2 8 9 6 7 3 1 4 4 7 4 7 3 10 10 3 6 7 9 8 10 3 5 10 8 4 6 2 8 5 10 6 2 5 3 2 2 8 10 1 2 8 10 8 7 5 4 8 1 8 7 1 6 1 1 3 4 6 1 5 8 5 3 10 1 5 3 9 9 10 7 2 8 5 4 1 9 7 1 5 5 8 6 9 3 3 8 9 1 7 8 4 8 9 8 4 6 7 10 2 10 5 4 2 9 10 5 8 6 4 5 4 6 2 7 1 10 8 7 7 7 8 4 6 7 10 5 7 9 1
4 7 10 5 3 9 1 6 2 10 4 3 4 7 7 7 10 7 5 3 6 8 1 2 8 8 2 5 2 2 7 10 5 5 3 1 7 1 1 1 3 2 5 10 6 9 9 7 6 8 6 1 3 1 4 5 10 9 10 9 10 6 5 4 5 9 9 5 10 6 8 3 6 9 9 8 10 7 9 1 9 2 9 8 10 1 4 7 8 6 7 9 10 3 9 10 3 9 6 3 1 8 8 7 6 2 9 10 5 7 4 5 9 7 5 5 2 9 10 4 9 9 4 4 9 7 2 3 1 9 6 6 7 9 10 1 6 1 5 8 6 1 2 2 4 5 2 7 10 2 6 3 5 2 4 9 1 5 5 3 9 1 7 9 7 2 2 6 5 2 4 1 4 2 1 5 3 5 7 9 4 9 6 4 3 3 10 5 4 2 1 1 4 10 5 10 8 6 4 2 7 7 5 9 6 4 5 4 9 5 2 10 5 7 2 4 7 5 5 7 7 8 8 8 2 8 1 7 7 7 3 10 8 2 2 8 9 9 4 6 8 3 6 10 7 8 4 10 4 10 4 9 9 10 2 1 2 2 6 10 10 4 1 6 1 3 5 5 10 1 1 6 8 9 1 10 1 5 4 10 8 9 9 8 4 1 7 10 9 6 5 5 7 4 6 8 8 5 10 2 10 2 3 4 3 5 2 2 3 7 10 1 8 7 3 10 7 10 1 3 10 5 1 10 2 9 9 2 8 1 10 1 7 10 9 7 3 2 5 7 2 2 2 7 2 9 3 6 3 9 3 2 10 3 8 1 7 2 10 8 6 4 9 9 3 5 4 6 8 9 4 1 2 4 5 9 5 8 4 3 3 5 5 5 1 1 5 2 1 5 1 3 5 9 7 9 7 5 7 6 6 10 9 10 4 6 10 6 10 7 2 1 4 8 1 9 3 2 2 9 6 10 7 7 4 2 8 8 9 7 10 3 9 10 10 6 10 1 7 9 2 6 1 7 3 2 7 7 8 1
3 10 10 4 5 7 10 1 5 1 1 5 7 5 2 9 8 6 8 4 7 3 7 6 4 2 6 3 9 9 1 6 1 7 3 4 6 10 1 2 3 4 5 1 5 1 8 8 9 8 6 9 9 5 6 3 1 1 10 2 10 2 4 1 3 9 7 7 8 5 4 2 10 10 4 7 9 5 3 3 7 6 7 7 8 6 4 7 4 9 4 10 2 8 9 6 10 3 5 1 5 1 6 9 4 2 1 8 10 4 8 6 8 5 9 8 1 5 10 5 7 1 10 7 8 5 10 5 5 6 3 4 1 6 7 1 9 1 1 4 8 10 6 7 10 2 10 1 6 9 4 1 9 1 7 4 7 1 3 8 8 10 6 4 7 2 7 10 3 9 3 6 5 5 10 8 6 4 2 3 9 8 6 9 7 1 9 7 4 9 5 4 9 2 4 9 9 7 2 4 5 2 10 8 10 8 7 10 6 8 7 8 6 4 10 5 8 1 5 6 10 9 3 5 9 7 9 1 10 7 5 3 7 5 2 8 8 9 7 3 5 1 9 5 10 10 5 7 2 7 3 7 4 5 2 6 3 2 9 10 4 4 1 8 1 10 1 6 1 8 2 7 7 1 2 2 2 10 4 9 9 8 2 6 9 8 4 10 10 9 2 1 2 8 10 4 4 4 9 5 5 5 3 10 3 1 3 2 7 1 9 5 4 5 8 6 6 2 3 2 1 1 9 3 6 2 3 2 9 3 3 2 8 7 7 7 7 2 1 1 2 6 5 5 10 6 3 2 6 7 6 7 1 1 6 8 2 7 10 8 5 1 10 3 3 2 6 6 6 6 4 9 8 2 7 7 4 5 8 3 9 10 10 3 5 10 9 9 1 2 3 6 4 7 7 7 5 1 8 5 6 8 3 4 8 7 8 2 4 4 1 6 3 2 7 10 8 1 9 8 5 7 7 2 10 4 2 7 2 5 5 2 3 2 5 3 6 3 4 3 9 3 7 9 5 3 10 1 1 7
3 4 6 10 9 5 10 6 9 9 9 9 8 3 3 8 1 6 10 5 7 5 5 5 8 10 8 10 8 9 10 1 8 10 2 3 4 10 1 3 10 10 6 2 8 9 7 3 6 10 2 10 2 7 5 1 7 8 6 1 5 4 1 8 4 6 7 10 9 1 1 7 5 5 2 6 3 9 6 8 6 9 9 10 9 8 4 2 6 8 2 5 10 4 1 1 7 6 10 6 6 1 2 9 8 9 3 1 10 6 5 7 7 8 1 5 4 1 3 8 5 1 8 4 1 10 6 1 7 6 7 4 7 9 6 5 4 10 6 1 2 6 8 10 3 4 5 6 2 7 10 3 2 8 4 6 6 5 2 8 6 9 1 4 5 3 6 7 7 9 9 1 4 1 8 6 9 2 3 7 4 10 6 5 7 9 7 5 4 6 2 1 6 5 10 10 7 6 9 6 7 2 2 7 8 2 6 3 2 2 5 5 6 6 5 10 2 4 9 1 5 4 1 5 6 1 8 7 4 5 8 6 8 8 8 10 10 1 2 1 4 10 8 10 4 9 7 8 9 2 7 6 3 2 6 7 3 4 8 8 7 7 9 4 10 10 9 7 8 5 4 3 2 6 1 5 10 1 8 6 3 2 1 8 7 6 7 6 1 7 9 6 1 2 3 6 4 8 9 10 3 3 7 8 7 4 7 6 6 1 1 3 2 1 2 7 2 3 6 4 8 10 7 2 8 10 6 9 8 4 6 9 1 3 8 8 2 6 10 8 10 4 7 1 8 10 5 6 10 4 1 9 4 2 9 1 3 2 6 1 8 10 7 9 9 5 8 3 10 6 7 8 2 2 4 2 9 9 8 1 5 6 7 2 1 3 1 8 3 5 4 10 10 1 7 7 7 2 2 2 8 6 2 5 1 5 4 2 8 8 4 10 7 5 8 6 2 5 6 1 8 9 5 7 7 7 2 3 2 6 5 10 6 1 6 4 4 7 1 6 2 8 6 1 5 3 3 6 1 1
3 7 10 5 2 10 4 4 1 6 10 4 6 8 9 7 8 3 5 4 6 5 4 8 4 7 10 8 10 8 9 10 6 10 3 5 2 10 9 1 5 8 1 1 9 10 2 7 2 9 5 3 3 2 3 1 6 3 5 6 1 2 7 7 7 4 4 9 10 5 5 7 1 9 2 4 8 1 4 7 10 1 9 8 6 4 1 2 3 2 4 7 7 7 10 9 4 10 9 5 6 1 1 10 8 1 10 3 5 8 2 6 2 6 3 8 5 6 9 5 6 5 5 1 4 9 9 2 2 1 5 3 2 1 3 3 3 5 9 7 6 9 4 7 2 5 3 10 9 1 9 3 1 8 4 2 8 3 9 5 8 8 9 1 9 2 9 10 9 6 1 10 4 2 4 6 4 7 1 3 6 2 9 5 6 5 3 8 4 6 10 1 6 4 5 2 1 9 2 7 10 9 1 4 2 7 5 4 8 9 4 10 8 7 6 9 7 6 1 2 10 1 1 4 10 2 7 9 5 3 7 3 1 9 6 6 6 1 1 9 9 9 1 5 5 4 4 5 8 3 9 5 5 4 6 10 1 3 2 8 6 6 5 1 3 8 5 7 4 1 1 5 1 8 9 10 4 7 5 6 4 8 1 2 6 2 9 5 7 10 10 1 1 10 3 8 1 7 10 4 4 4 2 9 5 8 10 5 4 8 3 7 3 7 9 10 9 6 2 4 4 4 3 7 10 4 7 3 4 7 7 9 1 7 7 2 8 3 10 9 5 6 10 2 5 2 9 8 1 2 9 2 8 1 8 4 1 4 7 7 2 9 3 4 2 2 5 3 5 3 4 10 9 10 2 10 6 2 9 4 8 8 9 4 9 5 10 5 1 6 9 5 3 9 1 10 2 8 4 5 3 8 10 7 9 10 9 1 8 10 8 3 7 1 8 3 6 2 10 3 4 1 7 8 2 3 3 7 10 3 1 3 2 3 5 7 3 3 3 2 1 4 7 2 1 10 8 8 5 5
3 10 4 4 1 8 5 6 8 5 10 2 2 4 9 1 5 4 2 1 4 3 2 3 5 6 4 5 10 8 7 4 9 9 9 7 1 10 5 5 3 4 8 10 2 3 2 7 10 9 9 6 9 7 10 4 3 5 2 10 3 4 6 4 2 5 2 5 3 3 10 6 4 3 2 9 9 2 6 7 5 9 1 2 5 3 3 3 4 3 3 9 7 3 4 8 3 8 6 3 10 6 10 2 6 7 1 2 8 4 10 7 2 1 6 4 4 6 7 10 3 1 8 7 3 5 4 2 3 1 7 4 8 6 7 8 8 5 7 8 6 10 6 9 6 8 10 10 6 2 6 3 3 4 10 10 6 10 5 2 6 9 3 1 9 8 3 1 9 1 7 4 10 7 4 5 2 10 10 3 4 3 4 3 8 9 7 10 7 10 5 7 8 10 10 3 5 2 4 7 5 1 4 4 5 9 1 3 10 4 7 6 7 6 7 8 8 1 3 1 8 2 9 2 3 7 1 1 6 10 8 1 9 3 2 9 6 10 9 10 7 6 4 3 2 2 2 10 9 6 4 2 4 4 2 1 5 3 4 9 8 4 6 2 9 2 7 1 6 7 9 5 5 1 6 3 3 7 7 1 2 4 5 3 10 2 3 10 2 4 1 9 9 10 10 4 7 3 1 5 9 7 8 2 4 7 10 7 8 6 1 9 8 8 5 10 3 8 10 7 7 4 2 8 9 8 3 10 8 9 3 1 7 7 3 2 3 9 10 10 9 3 7 3 7 6 9 8 6 9 5 4 3 4 8 5 9 6 5 2 1 2 3 6 9 5 4 3 9 4 5 6 8 1 4 3 10 5 5 7 9 2 9 6 6 6 2 1 5 3 5 1 10 8 8 3 4 1 10 1 2 6 6 4 8 10 4 7 7 9 6 2 9 7 7 2 4 9 10 8 2 9 1 2 10 6 8 10 7 10 2 3 2 6 5 5 10 1 2 10 9 1 5 5 3 8 10 1 2 9
2 10 5 4 10 7 9 5 4 7 2 9 10 2 4 8 5 5 5 4 7 5 4 10 1 10 9 5 4 1 1 6 8 5 8 10 4 8 2 8 3 6 1 6 6 9 6 8 1 2 3 9 8 1 9 8 1 7 1 10 9 9 2 5 9 1 3 9 6 4 3 1 7 5 4 5 1 5 7 4 3 7 4 6 3 4 7 3 4 3 2 3 1 10 9 2 6 6 6 10 6 9 8 1 3 2 7 6 3 9 6 10 6 3 2 10 10 8 2 4 4 4 7 2 9 9 9 8 8 6 10 10 10 9 2 9 4 8 10 7 4 6 8 2 1 8 2 3 9 2 5 8 8 1 5 5 2 1 6 4 9 4 2 6 9 9 7 6 10 4 2 4 1 8 6 7 7 2 3 8 2 2 4 8 8 3 4 4 2 1 5 1 5 8 8 1 1 1 1 7 1 6 2 3 9 1 4 3 7 4 7 9 7 1 4 6 10 5 6 2 1 1 10 3 1 3 3 6 2 2 2 5 8 7 9 7 2 9 9 3 8 5 3 5 7 10 2 1 10 7 10 1 3 5 1 5 8 6 2 6 8 5 6 4 2 3 4 10 6 3 1 8 3 10 10 6 4 6 8 10 9 8 10 2 1 3 1 7 1 3 1 5 6 3 1 2 8 3 4 5 3 2 9 2 1 6 2 5 6 2 6 8 3 10 3 6 8 4 10 3 10 4 2 7 8 10 10 10 2 9 9 6 6 3 7 5 3 7 6 5 2 8 10 1 7 7 8 7 1 9 8 6 10 5 3 8 10 6 6 4 5 8 9 7 10 10 6 9 10 10 1 9 1 9 3 10 6 10 9 10 8 1 3 6 10 5 4 4 3 8 7 6 3 3 2 5 10 7 8 2 2 6 1 2 3 9 2 9 10 2 9 1 3 9 9 6 5 1 9 9 4 10 8 5 10 8 8 5 1 6 1 9 5 3 7 3 7 2 5 4 8 8 10 10 1 6 7 5 4 10
5 5 5 2 7 1 8 2 4 8 2 3 10 5 2 10 4 10 1 6 2 1 7 8 8 6 7 8 3 4 6 6 5 10 4 10 6 8 10 8 3 6 1 10 5 10 8 5 10 1 7 4 6 6 8 3 6 7 1 1 4 10 4 10 1 8 3 9 3 7 3 5 7 10 2 9 8 8 7 5 9 2 10 3 6 7 7 3 10 7 1 1 5 3 1 4 6 2 2 9 5 1 8 5 8 2 1 3 8 7 4 4 6 9 5 2 9 6 6 4 8 1 8 6 8 6 7 1 8 2 1 8 4 6 10 4 3 6 2 5 1 10 10 3 4 6 1 8 2 4 1 8 10 6 7 8 3 1 4 7 2 9 9 3 9 3 7 4 3 3 7 3 7 7 3 2 8 2 3 2 9 9 2 1 8 2 1 5 10 10 5 10 9 7 8 5 8 4 7 3 10 5 6 4 1 4 7 7 4 9 6 4 2 10 3 2 1 5 2 1 8 6 6 2 3 8 5 1 9 2 6 8 10 1 9 2 10 5 6 4 3 8 9 1 10 2 6 4 6 1 5 6 4 10 1 7 1 2 4 1 8 10 5 6 7 8 10 2 10 9 9 1 9 8 10 10 4 9 8 7 10 6 10 3 5 9 8 1 1 7 2 6 2 4 7 1 7 6 2 8 7 7 10 10 1 7 6 10 7 5 2 4 4 4 10 9 4 9 9 4 5 9 1 9 6 7 10 4 4 10 1 10 7 2 8 3 6 3 3 1 9 8 2 10 5 5 5 10 3 9 9 3 7 2 2 7 4 6 10 1 3 8 9 5 5 8 7 1 8 9 5 2 6 9 9 8 1 2 2 8 4 9 5 7 8 3 2 1 10 7 6 7 10 2 9 4 10 10 3 4 2 3 5 3 7 5 1 9 2 6 4 7 2 7 10 4 7 4 3 1 7 2 3 8 5 4 10 1 8 3 1 8 9 1 4 2 5 7 10 3 2 1 3 9 9 8 2 9 9 5
2 1 3 10 3 7 6 9 6 1 3 8 8 4 8 7 7 10 9 10 7 6 5 10 5 9 9 9 1 6 3 10 10 5 5 2 9 5 9 1 1 1 6 1 5 7 6 4 4 10 2 5 8 1 10 2 10 8 3 1 1 5 4 1 9 7 3 2 4 5 5 5 3 1 10 1 9 4 7 10 8 7 8 7 4 10 2 6 5 1 4 6 2 3 5 6 5 7 1 4 4 5 2 2 10 5 2 3 4 1 2 3 3 5 6 4 6 6 5 9 5 1 4 9 4 9 3 7 9 10 7 5 1 8 6 1 2 2 4 2 9 3 3 3 8 6 10 3 10 7 9 4 7 3 7 1 3 3 6 1 4 5 9 3 5 3 8 6 1 7 2 7 4 4 8 7 8 8 3 6 10 4 3 9 8 5 8 1 5 7 10 4 7 9 5 10 4 2 8 10 9 4 8 8 9 9 2 4 6 10 10 5 1 1 8 8 7 1 10 9 5 5 3 5 5 10 9 8 8 7 4 1 1 10 7 9 7 5 5 1 10 1 5 3 8 8 1 2 7 2 2 5 4 3 9 7 10 1 7 7 10 5 7 8 10 4 4 5 9 6 9 3 8 9 6 9 10 9 10 2 2 1 10 8 8 1 3 1 9 3 4 1 10 2 1 2 7 10 7 3 2 5 8 10 6 1 10 1 4 7 1 1 7 8 1 8 7 9 5 8 4 6 6 6 2 2 6 4 10 5 5 2 2 7 4 1 2 7 4 4 4 6 1 3 4 8 7 4 5 8 6 1 3 7 4 1 5 2 1 7 5 6 6 8 7 4 2 4 2 10 5 4 8 4 8 9 9 8 2 7 1 7 10 7 10 1 1 1 9 1 6 5 5 9 7 2 1 4 8 2 7 1 10 7 4 5 1 1 4 8 10 10 10 7 8 5 7 6 9 6 2 9 6 3 3 1 3 6 3 2 9 4 2 9 10 7 10 8 3 10 8 3 1 5 2 7 6 8 8 7
2 5 1 7 6 1 5 5 3 1 9 9 6 3 4 1 5 5 3 4 8 5 5 9 9 7 4 1 9 10 3 6 10 8 2 10 6 2 7 5 7 4 5 4 1 6 8 5 2 1 9 3 2 9 10 5 9 1 7 7 8 1 7 4 2 5 7 4 8 3 2 7 5 3 8 7 7 6 1 8 3 6 4 9 2 6 1 7 3 3 3 1 10 10 8 1 1 2 7 8 7 4 10 7 5 9 5 2 4 3 10 7 5 10 3 4 6 6 3 10 2 4 4 1 8 5 1 8 7 8 9 8 8 4 8 4 9 9 8 1 6 2 6 2 5 2 9 10 4 10 9 5 1 10 9 2 7 4 7 3 1 2 4 7 2 1 1 5 6 10 3 4 4 7 8 6 5 7 9 4 6 2 10 2 3 8 3 4 10 4 1 7 8 4 8 9 6 2 5 8 1 8 4 8 10 9 3 1 5 1 9 7 5 7 4 9 7 4 4 3 4 5 6 3 4 1 4 3 10 7 6 6 3 9 2 10 7 5 7 6 1 4 2 1 9 5 8 8 5 6 8 7 9 6 7 3 6 1 9 5 9 4 3 10 3 8 1 10 7 7 2 4 6 8 2 10 7 7 9 7 9 1 1 6 4 9 1 7 8 7 2 8 2 5 4 1 10 5 2 10 10 5 7 4 8 1 7 8 9 7 4 3 4 1 3 2 3 7 10 5 9 5 1 2 9 8 10 6 6 5 6 7 2 3 8 6 4 7 7 6 4 1 9 2 2 3 3 4 8 7 10 4 7 1 6 2 4 10 5 1 4 5 2 7 2 7 9 4 3 5 3 9 10 4 2 8 7 6 8 9 3 6 6 5 2 6 3 10 3 1 4 3 4 8 3 3 8 6 3 10 5 7 3 4 2 2 6 7 3 7 7 5 10 9 3 2 7 4 9 7 5 2 4 6 9 8 4 2 2 1 10 4 3 10 8 2 1 6 7 8 2 1 8 2 3 2 9 6 5 3
5 5 6 7 4 5 4 10 3 8 9 10 5 9 9 3 6 10 1 9 1 7 6 4 10 7 5 2 3 8 8 5 7 1 9 8 1 8 6 4 10 1 7 6 7 4 1 8 9 7 2 1 10 1 10 9 5 5 6 4 6 4 6 9 1 4 6 7 1 9 2 1 1 2 10 8 1 2 8 7 6 6 4 7 2 8 4 2 5 3 1 9 9 2 9 2 5 7 6 7 2 10 7 4 5 6 6 3 4 5 5 5 10 4 4 9 9 1 10 9 10 10 5 5 10 3 1 2 2 4 6 7 10 7 5 4 7 9 6 10 8 4 5 1 7 7 2 9 2 3 2 8 9 1 7 10 3 2 5 9 9 9 5 6 10 10 9 9 2 6 9 2 2 3 2 3 2 8 8 6 7 4 6 8 8 9 3 4 9 5 5 3 8 7 10 9 3 6 1 2 4 1 4 1 1 7 9 8 5 7 2 5 4 8 7 8 8 9 1 7 7 1 5 6 8 7 1 9 10 9 7 8 7 5 1 1 10 8 10 3 5 5 5 7 3 7 10 10 9 3 8 3 5 2 7 4 9 6 8 2 3 1 1 8 4 7 1 9 8 8 2 9 8 2 6 7 6 2 10 2 9 6 5 3 8 6 2 1 2 2 3 2 1 6 3 9 5 5 5 3 3 4 8 8 1 4 5 6 3 2 5 4 6 8 6 6 3 5 2 2 7 4 8 2 1 8 9 2 5 8 10 1 2 3 10 4 7 7 1 4 9 6 4 10 5 5 1 2 8 2 9 6 4 8 4 7 4 6 4 4 4 2 1 1 9 3 6 3 1 6 9 8 10 1 9 2 8 7 4 6 5 7 4 10 4 2 10 8 8 1 5 8 6 3 2 5 9 10 1 9 4 7 10 9 4 3 9 10 6 2 4 5 1 2 1 4 9 1 7 4 7 2 8 8 7 5 2 6 3 3 3 1 7 6 7 9 5 6 9 5 9 7 3 8 7 8 5 4 3 10
1 8 1 2 4 6 2 2 10 3 5 10 6 8 2 1 3 4 5 7 9 10 2 2 4 1 1 3 7 8 3 4 2 9 2 8 8 7 1 9 1 6 4 2 3 1 1 9 3 2 10 6 10 3 5 7 9 3 3 2 10 5 1 4 2 3 5 4 7 3 3 10 5 6 3 1 8 2 8 2 4 2 2 10 9 6 7 5 5 2 1 10 1 3 4 9 2 10 9 5 10 2 7 1 7 7 5 1 5 8 10 1 8 8 2 10 9 7 5 2 1 4 4 1 7 1 6 4 4 6 6 1 1 9 8 10 1 8 4 7 5 6 1 2 6 7 6 8 9 7 9 9 10 4 5 2 4 10 3 1 3 1 7 7 9 4 7 7 10 1 5 6 3 1 6 2 3 4 10 6 4 4 7 6 1 1 4 1 2 3 5 1 8 5 2 2 4 7 1 4 7 8 6 6 4 7 3 5 3 6 5 10 5 5 8 7 4 1 5 6 5 6 8 8 5 6 1 9 3 9 7 4 2 3 3 8 7 6 2 10 5 6 8 9 10 3 2 6 7 5 10 9 4 10 2 3 7 2 7 1 10 8 4 1 9 7 1 9 4 10 6 6 7 5 6 6 1 1 10 9 6 9 8 9 2 4 3 6 5 4 3 10 2 5 9 6 9 9 4 3 3 4 9 5 7 10 4 4 2 4 8 6 4 9 6 2 6 2 9 4 4 3 4 4 8 10 3 3 3 3 4 5 7 10 10 9 10 3 8 1 9 6 1 2 2 2 2 5 3 9 7 4 7 5 6 10 5 6 6 4 10 4 6 5 2 2 8 6 6 6 2 2 5 4 5 4 10 9 2 8 10 1 4 8 6 10 8 5 8 1 3 5 7 10 3 5 7 7 10 4 6 2 7 1 4 1 8 3 2 4 4 8 3 2 9 5 2 4 6 8 7 4 8 8 3 10 4 3 1 2 2 10 1 4 8 6 2 7 1 7 6 3 6 4 5 7 2 8 8 4
1 4 3 1 7 6 5 10 1 9 1 3 5 10 8 1 2 2 9 5 7 1 9 4 7 1 10 4 7 3 6 8 7 7 6 8 4 1 4 7 1 2 10 5 5 7 9 2 3 7 5 2 6 5 6 3 6 8 5 8 1 1 9 10 2 5 2 1 9 2 2 9 9 5 7 5 1 3 8 10 5 10 1 7 7 3 5 5 8 6 7 5 1 2 5 2 4 2 2 9 10 9 1 8 4 5 2 4 5 2 1 7 2 5 1 8 7 3 9 7 3 5 3 6 9 9 1 7 4 10 6 10 7 9 4 7 9 3 1 8 9 4 10 4 1 10 1 4 4 5 6 2 8 9 7 9 7 8 9 6 5 4 7 10 1 3 9 5 10 9 5 5 2 5 8 1 5 1 5 9 9 10 3 5 5 9 8 5 4 3 9 2 5 3 1 3 2 9 10 6 1 6 7 8 1 1 3 4 10 1 5 3 10 1 6 1 3 4 10 4 8 3 6 1 6 10 1 6 8 5 3 2 3 10 5 8 7 5 5 3 8 3 1 9 2 4 3 3 10 6 5 5 4 1 6 1 4 6 9 2 7 9 6 5 7 2 6 8 8 9 10 10 8 1 8 7 10 6 7 4 2 6 6 10 9 7 1 2 5 5 6 6 7 4 4 9 5 8 3 10 6 2 6 5 9 9 5 4 2 5 8 8 3 6 4 9 7 1 6 1 5 8 10 10 6 9 2 2 1 1 6 1 4 2 8 8 8 8 4 7 4 2 10 2 7 6 9 6 7 4 10 6 8 3 4 10 5 9 8 3 7 3 2 4 3 3 6 4 9 9 9 6 7 7 8 2 5 2 1 2 10 1 8 9 10 5 6 8 9 9 2 3 5 2 5 5 8 6 2 10 10 1 4 4 3 7 1 5 4 8 6 4 8 4 8 8 5 7 2 8 8 6 6 8 3 8 10 10 4 4 9 3 10 9 6 2 6 4 1 7 8 5 7 10 3 3 8 5 4 3
3 8 5 6 6 9 2 8 2 5 7 2 5 7 3 2 3 10 5 7 3 6 5 3 2 9 2 9 8 7 4 2 9 6 2 2 4 3 7 10 6 10 10 6 5 1 9 3 1 6 2 9 2 8 9 4 10 1 3 5 2 9 8 4 7 3 3 10 2 5 6 2 7 8 8 5 7 9 3 7 1 7 8 7 9 7 4 1 6 5 8 2 7 3 8 10 3 4 8 9 2 1 7 2 5 1 8 7 4 3 8 6 8 10 10 2 1 1 10 2 1 7 2 2 10 10 2 9 4 1 2 4 3 1 3 3 5 3 10 9 10 10 1 7 8 10 2 8 10 5 5 6 10 9 2 4 6 8 10 7 7 9 6 4 1 1 1 2 1 10 4 3 10 4 10 8 10 4 8 7 9 3 3 9 8 3 10 1 9 1 7 8 7 7 1 10 7 2 9 7 7 10 10 4 9 2 3 9 7 1 6 3 3 2 2 6 3 5 10 5 6 4 10 7 10 6 5 4 2 8 7 8 1 5 9 9 6 9 3 8 8 7 2 7 7 4 9 10 6 2 7 10 1 2 4 4 10 7 2 10 4 6 1 2 3 8 1 5 6 10 5 6 7 6 4 8 7 8 1 2 8 8 6 6 8 3 10 5 7 2 6 2 7 5 4 1 5 1 4 4 9 1 9 6 7 7 2 6 1 1 9 7 2 3 3 1 6 1 5 1 5 2 8 9 1 1 2 2 5 8 9 6 10 3 10 5 4 4 8 6 7 8 10 10 6 3 1 8 2 6 5 1 8 4 4 10 7 2 10 6 4 2 2 4 10 4 3 4 1 3 10 1 4 3 5 9 2 5 1 7 7 10 3 5 1 6 2 3 8 9 2 2 9 6 10 6 1 3 4 2 4 3 10 5 5 2 10 6 1 7 2 9 8 3 5 6 8 7 3 7 5 2 9 6 7 8 7 6 4 8 9 7 1 4 7 8 4 3 8 4 3 8 8 2 6 5 1 7 4 9
3 9 10 9 8 7 10 6 9 10 8 1 2 8 1 5 9 7 7 3 4 7 3 6 9 10 10 8 5 8 6 1 9 5 8 4 4 2 10 4 2 7 10 5 7 7 1 7 3 3 7 1 6 1 3 9 8 7 4 3 9 1 9 5 2 5 9 2 1 4 8 8 4 5 10 4 5 10 6 6 4 7 2 3 5 5 10 10 10 1 1 3 1 5 1 10 6 6 9 8 8 7 6 7 8 4 5 4 6 5 7 3 5 4 4 2 6 9 7 2 4 3 2 6 9 5 4 5 7 4 7 7 5 2 4 1 8 8 2 10 2 8 7 2 8 5 8 5 6 2 1 8 8 4 5 7 7 7 3 7 2 2 7 6 9 10 2 2 10 4 9 6 3 8 8 2 5 9 9 7 3 6 4 3 9 9 3 7 8 9 3 2 8 10 4 5 4 9 5 2 3 7 4 10 2 5 6 8 5 10 8 10 1 2 9 1 10 6 8 1 10 3 9 1 7 4 1 9 7 5 6 3 5 6 8 9 10 7 10 4 10 8 7 6 10 6 10 8 9 10 3 9 6 5 2 8 1 2 7 5 8 4 8 9 1 3 2 7 2 10 10 10 3 3 3 6 4 6 4 2 1 5 2 10 2 10 5 3 8 5 6 3 6 5 5 10 8 4 7 8 5 3 10 3 8 8 5 1 5 5 2 1 7 10 2 4 6 7 7 4 3 4 1 3 7 3 1 6 3 10 9 3 10 4 3 1 9 9 8 10 5 6 1 7 6 8 7 5 9 5 7 1 6 9 5 5 7 5 8 7 4 9 1 8 4 3 7 2 7 1 3 7 5 8 4 10 9 6 7 4 4 6 10 3 5 1 6 9 3 5 10 9 5 2 9 9 4 8 1 8 8 4 8 3 4 1 3 10 1 1 5 8 3 7 9 7 3 1 7 1 2 7 10 1 2 9 1 3 6 7 4 6 6 5 1 8 7 7 2 3 6 5 8 10 1 2 7 1 2 2
4 5 7 5 9 3 6 5 1 9 7 4 7 8 7 2 5 6 6 5 4 1 7 5 1 5 3 10 10 5 4 3 10 4 6 10 3 9 8 5 6 2 5 10 9 7 4 4 2 5 10 4 5 5 5 8 2 5 6 1 9 1 4 8 1 5 4 5 6 2 2 10 3 8 8 8 9 1 6 4 1 8 1 7 5 4 8 6 10 5 7 3 3 8 8 7 7 2 9 5 2 1 10 7 3 9 1 4 5 10 3 4 8 5 8 6 9 9 2 1 10 4 10 4 9 4 5 10 5 3 8 7 4 5 2 5 7 2 6 8 1 10 2 10 3 4 7 4 8 7 1 3 10 7 7 2 6 4 8 8 7 2 8 7 4 2 7 10 6 4 10 4 6 1 2 8 4 1 1 9 2 8 8 7 6 8 8 8 3 9 9 3 9 6 4 10 8 8 4 1 7 2 2 7 6 1 9 1 3 9 6 5 5 5 1 2 3 4 9 2 3 9 8 7 2 6 9 3 6 2 9 9 8 9 2 4 7 6 1 10 1 5 8 2 1 6 10 6 2 6 9 10 2 4 9 7 8 10 5 8 3 5 8 7 3 6 5 8 8 7 9 1 3 4 5 10 10 1 7 6 2 8 9 5 3 3 8 8 7 1 7 10 10 9 1 7 5 1 7 7 9 6 3 3 9 6 10 6 8 10 8 4 1 9 3 1 5 9 1 3 9 4 3 10 1 8 8 3 9 1 10 2 9 3 4 1 6 8 10 8 4 7 5 5 7 2 6 4 2 9 1 8 5 10 8 5 8 5 7 2 6 1 6 6 8 7 7 9 4 1 2 3 9 3 6 9 8 9 9 6 3 6 5 8 9 9 1 3 5 10 10 4 2 10 1 10 2 3 5 2 4 5 1 5 2 2 1 3 2 2 6 5 6 8 9 10 8 8 2 10 5 8 10 10 6 4 8 4 8 10 4 5 6 4 9 1 10 10 4 8 9 10 2 4 1 1 10 3 6 9
5 4 5 2 8 1 9 5 2 2 2 9 3 5 4 10 1 5 3 4 6 7 9 5 4 6 10 1 1 2 4 4 10 5 8 7 1 4 6 9 3 2 1 6 3 7 5 10 2 5 6 6 7 2 1 4 4 3 4 9 6 5 10 5 8 5 7 9 1 10 1 3 1 7 7 6 3 2 7 9 5 9 4 2 4 10 3 10 8 10 7 4 10 5 3 4 8 8 8 1 8 7 1 10 5 10 8 10 5 2 8 2 9 6 10 8 7 1 2 1 8 6 1 6 2 3 9 10 1 9 3 9 7 6 4 7 7 5 7 5 10 7 7 10 6 2 8 9 10 3 4 5 4 6 8 3 5 4 10 2 8 7 8 8 2 1 7 1 6 7 7 2 2 1 7 6 3 4 7 4 9 3 7 4 2 5 3 2 10 6 6 7 9 3 6 8 8 7 1 6 3 7 4 7 7 5 5 9 4 3 10 9 10 6 2 10 7 3 10 7 7 2 2 10 4 2 4 3 9 7 10 10 7 7 6 9 8 6 3 3 7 9 3 9 5 6 4 9 3 2 3 6 1 1 1 7 1 5 6 1 6 10 6 6 10 6 10 6 7 3 4 1 10 7 9 10 3 10 6 7 2 10 7 5 5 5 1 1 9 7 2 3 4 1 8 6 8 9 2 3 10 6 3 10 10 1 10 5 7 10 1 9 10 8 4 3 4 4 1 8 4 9 10 9 1 5 10 3 7 5 10 2 1 6 10 10 7 9 3 1 7 10 2 10 7 7 7 10 6 7 3 2 9 1 9 8 3 3 3 6 1 10 2 8 6 2 1 4 7 4 2 7 7 9 8 10 2 7 10 9 5 2 3 5 10 7 9 5 1 9 3 5 6 10 4 2 10 6 4 10 6 3 9 6 4 4 5 1 4 5 1 7 1 8 1 7 7 1 3 5 1 3 8 7 3 4 4 8 3 3 8 9 1 8 1 5 4 9 9 1 8 9 4 10 9 9 6 2 1 6
4 5 7 6 2 10 3 6 5 1 4 6 4 2 8 2 10 1 6 9 9 7 7 3 8 8 7 5 8 9 7 6 1 5 8 10 9 7 2 10 5 1 1 10 8 5 7 2 5 7 5 6 10 1 10 3 6 2 1 9 1 2 4 2 6 2 9 3 7 3 5 8 5 8 9 10 8 2 2 10 10 9 1 10 4 1 4 3 9 6 2 8 4 9 9 8 8 3 3 7 7 8 1 10 8 2 9 10 9 1 8 5 6 1 4 8 3 3 1 6 7 5 9 10 1 2 7 1 6 6 2 2 8 6 1 1 10 8 9 3 8 8 1 6 9 2 8 1 4 9 4 9 2 4 8 1 4 8 7 8 7 1 5 4 1 10 6 10 8 7 6 5 8 9 8 2 7 10 5 3 10 8 6 10 8 1 9 9 7 9 9 7 10 9 3 5 3 3 4 4 4 8 4 5 9 7 7 3 5 5 3 7 5 2 3 4 6 1 9 5 10 4 3 2 7 2 4 10 8 3 5 8 6 1 6 1 3 4 4 7 7 8 6 2 8 3 5 6 2 7 3 3 2 4 5 1 6 3 1 5 10 7 8 2 10 4 4 2 8 2 5 5 1 3 2 8 4 5 3 10 6 3 4 6 4 2 2 1 10 5 2 2 5 4 3 1 7 1 7 10 8 5 5 6 7 5 3 5 7 10 4 5 8 3 10 4 9 3 10 9 4 2 6 6 1 8 2 6 9 1 10 3 6 1 2 5 4 8 10 2 8 2 3 9 7 9 6 5 10 3 10 3 5 5 1 4 5 2 2 4 9 6 4 1 8 10 1 2 3 3 5 9 9 4 5 1 3 6 1 1 7 10 2 3 9 2 3 10 9 5 8 2 8 6 7 8 5 4 3 5 10 1 6 5 2 5 1 7 7 2 3 2 7 6 2 8 10 10 9 9 10 2 6 4 10 5 4 10 8 9 1 1 8 9 4 6 8 8 6 9 6 8 6 9 3 8 3 5 10 4
1 9 2 6 8 2 3 8 9 9 10 10 8 2 4 9 4 2 7 4 4 1 5 9 2 7 8 7 7 8 2 4 10 3 4 6 4 5 8 5 6 4 1 10 2 9 6 6 4 9 2 1 5 7 4 1 6 8 4 3 10 8 4 4 2 5 9 4 2 7 9 5 8 2 7 1 3 10 8 2 1 9 8 8 6 9 2 2 7 5 1 2 4 3 4 7 9 1 7 8 4 5 3 3 5 10 9 7 6 10 10 10 7 9 9 8 7 7 2 8 7 6 8 10 9 3 6 4 10 7 9 2 3 7 6 9 3 1 10 4 8 5 3 8 7 6 10 9 4 4 8 9 9 8 1 10 5 7 5 8 8 6 3 1 1 3 9 1 2 9 5 9 8 7 3 6 10 4 5 7 4 8 1 5 9 6 9 2 9 5 6 8 1 10 1 6 4 6 2 3 3 3 5 3 2 1 10 7 3 1 10 4 1 3 9 1 2 6 7 7 5 2 7 5 1 6 7 7 9 10 2 2 7 10 4 4 1 3 6 4 8 6 6 9 7 6 4 7 4 7 10 1 3 3 1 8 10 8 6 1 8 8 9 3 5 6 8 5 1 7 9 6 3 2 4 1 10 9 6 8 8 7 2 5 3 9 6 8 7 3 1 2 7 6 8 9 2 2 8 8 10 5 7 5 1 3 8 7 10 10 4 3 1 8 5 8 10 2 7 6 3 6 1 6 6 6 8 1 8 1 1 6 5 5 9 9 2 4 4 3 1 9 3 3 8 6 5 6 4 5 4 8 7 9 8 8 8 5 2 3 4 6 6 10 2 10 7 4 6 4 3 9 4 7 6 10 1 1 2 7 6 3 10 9 7 5 7 10 2 2 5 9 10 2 8 3 2 5 7 1 4 3 1 5 1 5 5 10 4 7 10 10 8 3 7 7 8 1 4 10 8 8 8 8 1 5 5 10 5 8 2 6 3 4 6 2 8 1 5 8 6 6 6 5 8 2 10 5 10 2
1 5 6 9 4 4 3 7 3 3 8 6 6 4 2 3 3 9 9 6 9 8 3 4 8 8 8 8 1 3 8 5 2 10 7 7 4 4 10 1 8 1 3 1 9 8 8 5 5 6 8 2 8 4 6 9 7 2 8 9 1 7 9 2 2 8 2 2 4 6 7 5 3 4 4 9 2 4 6 1 1 2 10 10 8 1 5 6 8 6 7 5 5 6 10 9 7 1 10 10 5 7 9 2 4 9 3 4 10 2 3 5 9 3 4 1 10 6 6 5 5 4 8 1 7 7 9 8 9 3 5 7 2 9 8 2 7 8 9 8 3 8 6 7 7 2 4 2 6 3 5 6 10 1 5 5 10 4 9 6 3 3 1 1 6 5 2 1 8 3 9 4 10 5 3 3 9 6 2 6 8 8 1 8 7 2 10 9 6 2 3 5 3 10 2 8 1 7 7 2 4 1 7 5 9 2 5 3 1 8 9 5 1 4 10 1 7 8 3 8 5 1 2 2 2 10 9 8 6 8 9 10 5 7 4 10 10 9 5 8 4 1 2 9 6 10 2 7 6 5 4 10 5 3 5 6 9 1 3 4 4 6 7 10 9 7 1 2 6 4 2 1 6 10 2 3 7 2 1 5 7 2 5 7 2 7 2 9 3 3 1 10 2 2 4 10 1 2 8 10 8 7 1 6 1 1 4 5 3 8 10 9 10 10 3 5 3 5 6 6 3 7 2 8 8 3 2 10 1 3 7 10 10 3 4 2 6 2 10 9 3 4 5 8 9 1 3 9 7 9 4 1 1 6 5 10 6 6 2 6 2 3 2 10 9 7 6 4 6 6 8 6 10 5 2 5 4 1 2 7 5 5 4 6 6 10 7 4 6 3 1 5 7 10 6 3 4 9 3 7 1 6 7 4 9 7 1 10 4 2 3 3 10 3 10 6 6 4 10 8 4 5 6 5 4 8 9 6 2 2 4 10 1 8 9 9 3 1 2 6 8 7 10 6 10 8 8 3 7 4
1 3 9 3 5 2 10 10 1 8 6 5 1 4 8 1 7 9 3 7 5 6 7 6 9 8 3 10 8 2 5 4 8 4 5 2 4 5 1 3 2 10 4 10 2 3 5 4 9 9 8 9 7 4 6 10 9 2 2 10 5 3 7 3 10 3 10 3 1 7 8 1 9 9 1 3 9 10 2 3 5 9 6 6 8 5 4 1 9 4 2 1 7 7 7 3 4 3 5 1 5 9 4 9 3 1 10 3 10 8 2 4 1 7 9 5 5 8 1 5 7 4 4 5 7 6 8 2 9 10 1 7 8 8 6 2 4 1 9 10 2 4 8 9 2 8 3 2 1 7 1 3 6 10 4 6 10 4 1 8 5 5 9 9 9 7 3 2 9 1 8 4 2 9 3 7 1 3 2 2 2 3 2 5 9 3 4 10 6 7 10 9 5 7 2 5 2 9 4 8 7 4 9 4 8 1 1 3 6 6 10 8 5 6 7 2 8 4 2 6 9 7 9 7 3 6 4 3 5 6 10 9 9 2 1 1 4 1 3 2 4 4 6 3 5 2 4 5 4 3 9 6 9 9 4 1 1 10 2 1 5 3 1 4 9 7 4 10 4 8 7 10 9 3 2 6 6 1 6 2 9 5 10 2 5 4 10 3 5 8 6 3 5 2 8 6 6 2 10 4 3 9 8 4 9 4 7 8 1 3 5 7 7 10 1 9 1 1 5 4 6 5 6 3 9 6 9 4 10 2 7 1 2 8 4 8 9 1 1 7 2 5 2 5 7 7 1 9 6 5 9 7 10 2 6 6 10 10 2 8 1 7 4 7 2 7 10 9 5 9 3 3 2 10 8 5 9 2 3 6 10 1 8 10 4 7 5 5 4 5 9 7 7 4 3 8 5 2 1 6 1 1 6 6 9 10 10 2 1 6 4 7 1 1 8 10 1 3 9 5 5 7 8 10 4 8 6 4 4 4 7 8 8 3 5 4 9 2 8 7 2 10 10 2 10 1 4 2 8 5
5 7 5 2 10 10 5 2 3 10 2 10 9 3 3 5 10 4 10 5 4 8 6 1 3 2 2 6 1 9 2 6 10 5 1 10 6 10 6 9 9 4 3 7 9 1 1 4 10 8 6 3 4 8 2 5 3 2 2 7 1 10 4 5 1 10 2 8 5 8 1 2 1 8 10 10 6 8 10 7 9 4 5 3 8 4 5 2 5 10 10 9 10 8 3 4 7 9 8 10 3 10 1 1 4 6 1 10 10 6 4 8 10 10 9 7 5 4 2 9 2 9 2 5 5 5 5 10 6 5 2 10 4 5 4 2 7 3 1 3 2 7 5 7 6 1 7 5 2 10 6 6 1 1 7 3 3 4 1 3 4 3 4 7 9 9 7 1 8 9 1 9 9 10 10 10 7 7 3 7 9 6 6 4 8 6 7 10 1 9 1 3 10 6 2 9 10 8 5 2 8 9 7 10 6 10 5 2 5 3 2 3 8 1 5 1 4 1 1 3 9 2 8 8 2 2 4 6 3 9 1 8 4 10 5 6 9 2 9 10 4 5 9 9 5 3 5 8 6 3 10 10 7 2 7 7 9 5 6 6 1 5 10 3 9 8 7 3 6 8 3 9 1 3 4 3 1 6 9 9 8 8 8 3 2 9 6 8 3 6 2 1 10 1 6 3 4 10 8 7 6 1 6 10 9 2 6 1 10 1 6 4 3 2 8 8 8 5 6 6 2 7 2 5 7 10 10 4 1 7 1 7 2 5 1 8 6 1 8 7 8 8 8 8 2 10 8 4 4 2 8 5 6 4 2 5 5 3 5 7 2 4 8 1 7 2 3 5 9 3 10 3 5 10 7 8 7 2 5 7 10 3 5 7 3 7 6 6 2 10 8 2 9 5 2 7 4 10 5 6 1 7 1 7 1 4 6 8 10 1 6 6 10 9 9 5 8 8 9 4 5 9 9 9 3 10 8 1 3 5 3 4 8 3 9 9 9 2 8 8 1 4 7 5 5 10 8 6 7 5
5 9 10 3 2 9 9 2 9 4 9 4 1 2 10 1 10 3 3 8 3 7 5 6 10 5 10 9 8 9 8 8 1 5 10 4 1 9 8 6 9 4 7 4 6 6 10 3 3 5 8 5 8 5 4 2 10 10 9 9 6 9 10 10 8 10 7 10 10 7 6 6 1 6 8 3 4 4 8 9 9 10 5 3 6 6 2 10 2 9 9 7 4 7 5 8 9 5 6 10 3 2 6 5 8 1 10 9 8 7 1 5 6 10 8 4 8 10 6 7 9 7 8 10 10 7 4 10 4 2 1 10 9 3 2 6 8 8 8 7 2 8 3 2 3 3 1 8 4 3 9 7 6 9 8 8 3 7 6 4 1 1 3 6 10 8 1 8 8 8 9 3 6 3 2 3 4 1 2 3 10 7 1 7 5 5 3 10 3 1 5 5 10 8 3 5 8 8 10 3 9 4 6 7 4 8 5 10 5 7 5 7 5 6 2 6 8 8 1 6 8 8 2 3 1 2 7 8 7 10 9 9 8 7 2 10 7 9 9 1 9 1 5 10 7 8 5 2 9 1 2 6 10 1 8 9 2 2 3 9 2 2 7 4 5 3 5 4 1 1 2 2 1 2 3 9 1 9 6 8 4 4 2 3 7 7 4 5 1 7 1 1 9 7 7 2 6 2 1 2 2 2 8 5 5 5 8 1 7 3 5 5 3 10 1 10 2 2 4 8 2 2 2 10 9 2 5 10 7 5 1 6 4 9 6 5 7 9 6 2 3 7 1 8 6 9 4 2 2 6 5 3 2 1 4 7 3 2 6 9 4 9 8 4 2 8 6 7 10 7 3 10 5 6 6 8 1 9 3 6 6 2 10 1 3 1 4 9 6 6 9 9 8 9 5 3 7 7 3 6 6 6 4 5 10 7 1 7 1 1 4 9 9 2 2 7 7 2 4 5 1 1 6 5 8 4 4 3 9 9 10 1 8 3 1 8 2 3 8 7 6 10 9 6 8 4 5 10 4 7
2 4 4 10 10 6 8 2 8 4 3 1 4 3 4 2 5 3 6 3 9 1 9 3 6 9 3 8 2 9 8 2 7 6 2 5 3 2 5 7 9 5 1 7 9 7 2 8 3 6 10 8 3 9 9 3 5 1 1 2 1 1 10 9 5 8 6 5 4 5 10 8 1 8 10 9 10 6 2 1 8 10 10 7 7 3 8 4 7 9 8 6 6 4 9 1 10 5 1 8 8 8 6 2 2 5 8 8 3 5 3 9 9 4 3 6 3 9 4 7 1 2 2 9 2 2 10 4 2 9 4 4 2 8 7 2 10 5 5 9 9 4 7 8 2 3 2 3 7 6 4 1 5 9 10 9 10 7 1 8 1 2 9 3 10 6 2 9 2 6 1 3 2 9 10 1 7 7 2 8 10 8 8 3 9 4 1 7 4 6 9 2 4 7 1 1 9 4 2 5 9 8 5 6 8 9 2 8 4 10 9 5 4 7 4 7 5 8 10 10 4 1 5 7 10 4 7 6 2 5 1 4 8 8 1 5 1 2 8 8 5 8 6 10 1 7 3 9 2 3 9 8 5 9 9 1 1 4 3 1 9 7 4 10 3 10 5 9 10 6 7 6 7 4 2 8 3 6 10 8 4 5 5 9 2 9 5 4 9 9 9 2 8 10 10 2 10 1 4 1 9 4 8 2 7 7 10 9 5 8 8 5 9 10 1 8 1 2 2 1 2 8 4 6 9 4 4 6 2 10 6 1 10 2 6 10 8 8 4 6 3 3 1 8 3 6 6 9 6 1 6 1 8 3 9 9 3 4 9 2 4 10 10 5 9 5 6 3 8 4 10 6 6 10 10 6 3 2 1 1 9 10 9 3 7 1 3 7 4 10 9 8 7 3 8 10 2 8 6 10 6 7 1 1 9 1 4 2 5 9 7 7 1 2 5 9 3 4 9 1 8 8 9 10 1 1 5 10 6 9 7 4 6 9 8 9 3 1 8 4 5 9 5 8 1 3 8 6 3 4
3 7 7 5 10 5 5 3 6 10 9 7 5 2 4 6 1 5 8 9 8 4 6 1 8 4 5 5 7 9 6 1 10 1 4 10 1 4 2 3 4 9 1 3 2 4 3 8 4 8 3 8 7 8 3 3 6 8 2 2 2 10 7 6 8 1 5 7 3 10 6 5 5 7 8 4 8 7 2 1 1 1 8 6 3 5 7 6 9 10 2 2 4 2 1 5 4 8 3 7 5 2 9 7 6 9 8 7 2 1 5 1 8 10 4 8 4 10 2 7 3 9 1 7 10 9 10 3 1 2 7 10 5 9 8 1 10 6 10 4 4 4 5 5 10 8 3 4 6 7 2 9 5 5 6 7 10 4 8 1 3 1 7 3 6 3 6 1 10 8 10 6 8 6 7 5 7 7 8 2 10 3 7 7 4 6 5 1 7 1 5 3 10 3 10 7 6 4 10 2 8 1 2 4 7 2 4 9 9 9 5 7 9 10 10 6 5 6 8 9 9 2 7 8 8 3 1 2 2 8 10 5 10 8 10 9 1 8 7 6 3 4 4 2 3 5 7 7 5 5 1 3 5 10 6 6 5 2 8 4 1 7 9 4 4 8 10 2 6 3 1 4 2 1 1 3 1 9 1 4 8 5 6 8 4 7 7 8 9 2 9 3 10 8 1 3 1 5 1 1 6 4 5 4 1 10 10 3 3 8 3 3 1 6 9 6 10 8 3 1 2 2 6 6 9 3 5 2 2 4 7 1 8 6 8 8 3 8 4 3 4 7 8 9 3 3 2 6 3 9 2 9 10 9 2 4 6 10 9 3 3 10 1 2 5 2 5 6 10 4 10 3 2 4 10 10 4 5 1 9 10 2 3 8 9 9 9 2 4 6 8 6 10 5 3 6 5 1 1 9 9 9 1 3 1 5 10 8 6 4 2 9 2 2 1 9 5 6 5 6 1 10 2 10 5 1 7 7 8 1 4 4 9 2 7 9 10 5 5 7 5 9 7 5 8 1 1 10 7 5
2 9 9 8 5 9 8 4 5 1 3 1 3 3 8 4 8 2 6 8 8 4 9 7 1 5 7 7 4 2 3 2 9 8 3 3 7 3 7 6 6 4 2 1 8 8 1 3 3 6 2 2 10 5 7 4 1 9 5 2 5 1 7 3 1 6 2 1 9 3 4 8 2 8 8 10 1 2 3 9 10 5 3 7 3 1 9 10 5 3 7 1 3 10 9 4 9 6 1 8 7 3 10 4 6 3 8 8 2 4 6 6 7 3 1 1 7 8 9 1 3 9 2 6 5 3 3 6 2 5 4 9 1 10 7 6 5 1 9 2 5 3 1 3 1 9 7 9 6 10 1 9 9 2 2 10 9 8 4 1 10 9 2 3 9 9 7 2 6 10 3 7 2 1 4 3 7 7 9 2 5 2 1 3 6 4 10 5 5 2 5 7 7 9 6 6 3 6 4 9 10 3 4 8 9 5 6 3 7 9 7 8 6 1 4 7 8 4 9 7 4 7 5 9 10 5 10 8 1 3 2 6 5 10 8 5 6 7 5 5 7 9 9 3 4 9 4 10 5 8 9 8 3 8 10 1 2 9 10 3 2 6 4 7 3 2 3 10 8 5 2 7 9 2 6 5 4 1 3 8 4 3 1 10 9 10 9 3 6 6 8 7 1 10 9 10 9 4 10 4 6 1 3 9 2 2 7 8 7 9 10 7 2 7 2 7 2 4 7 4 1 6 2 9 5 4 2 2 9 5 10 9 3 10 2 7 10 8 7 1 1 6 4 6 6 9 1 7 1 6 6 6 8 7 3 3 4 10 10 9 4 5 8 9 2 9 6 5 6 5 1 4 3 2 2 2 3 1 3 3 8 4 7 2 2 2 1 1 2 9 6 8 2 3 3 2 5 7 2 2 6 3 6 7 9 4 7 7 2 3 5 7 9 5 6 2 10 7 4 5 3 4 2 8 10 6 3 2 5 6 9 8 2 2 5 5 1 3 4 4 8 2 4 4 9 5 8 3 4 1
1 5 10 7 9 8 9 10 5 10 2 5 3 8 3 8 9 1 6 5 7 3 5 6 4 9 7 5 1 5 3 7 4 3 8 2 7 1 9 10 6 4 2 5 1 8 8 9 8 4 6 10 2 5 2 6 3 7 4 3 8 10 5 10 4 9 4 8 2 4 9 5 10 2 4 1 5 8 8 7 6 10 9 6 8 8 1 2 10 1 8 3 8 2 5 9 1 3 9 8 4 8 3 7 4 8 5 10 4 6 10 4 6 2 3 8 5 9 7 3 9 7 5 10 2 4 5 1 2 10 9 5 4 8 4 4 9 4 5 1 3 5 7 9 6 1 8 4 5 6 1 6 7 9 2 2 8 10 2 10 5 9 6 7 10 1 5 2 6 3 3 8 8 8 8 1 9 4 6 1 1 4 2 6 2 8 5 10 6 2 2 10 3 2 3 10 3 9 2 9 5 4 10 1 7 8 5 9 5 6 3 1 5 2 2 5 7 3 10 9 5 6 7 6 4 2 9 2 7 4 4 8 10 4 5 4 5 9 5 5 1 1 1 3 3 7 1 9 2 10 5 4 2 8 10 5 7 7 9 9 9 4 1 2 7 2 2 5 5 3 4 10 10 6 10 8 6 6 9 3 1 1 3 3 8 8 3 7 2 5 10 2 7 8 3 3 7 7 7 1 1 4 1 4 5 3 3 1 6 6 2 3 3 3 3 8 1 8 4 10 6 1 4 3 2 2 2 5 3 9 8 7 8 3 3 5 7 6 7 3 2 4 4 6 2 3 1 9 10 8 4 1 1 4 8 6 6 4 4 9 4 5 10 5 1 9 1 10 2 9 9 3 4 1 8 7 6 3 6 2 5 7 2 8 6 3 6 10 2 10 6 3 10 8 3 9 10 4 1 9 5 8 2 9 4 4 7 10 8 8 7 9 2 5 2 3 5 1 4 1 10 4 5 4 2 7 6 10 8 8 4 4 1 6 3 4 5 6 3 6 7 8 6 5 5 10 10 9 7 6
2 6 3 9 3 5 9 10 6 1 1 4 2 5 1 1 4 10 5 1 7 8 5 4 7 4 9 2 2 3 2 6 4 2 8 9 2 2 4 2 5 5 2 5 4 1 5 2 3 2 1 4 9 2 8 6 3 6 10 2 4 2 9 10 10 2 3 10 1 5 7 9 8 5 2 8 3 2 3 5 5 1 7 7 2 6 4 7 2 5 10 6 2 8 3 5 9 5 8 6 2 5 9 4 10 4 6 4 9 6 10 3 1 4 3 3 2 9 9 10 8 2 3 7 4 1 5 6 9 10 5 10 3 2 3 5 2 1 9 8 10 2 5 1 3 10 2 7 5 2 3 1 7 7 3 7 9 7 2 10 3 3 8 6 7 3 4 3 3 5 2 5 3 9 10 5 6 8 8 4 9 7 1 6 9 3 3 8 3 6 4 8 6 3 1 7 6 10 7 2 3 8 9 2 6 6 6 2 3 7 10 3 6 4 5 3 10 6 4 4 10 4 7 7 6 1 7 3 9 4 6 9 3 10 1 10 5 8 3 7 1 7 1 5 8 7 3 5 4 6 3 1 4 5 5 6 2 7 9 2 7 5 2 4 1 6 7 3 6 4 8 10 4 6 8 6 3 1 3 5 1 7 7 10 2 6 5 6 5 5 5 4 9 10 9 7 8 1 6 8 2 10 6 8 7 7 10 5 5 3 4 9 6 1 7 4 10 6 10 1 7 5 5 2 5 10 3 9 4 6 1 7 4 10 3 8 6 7 6 5 7 5 4 9 5 6 4 2 6 1 10 1 3 1 6 4 7 5 3 9 3 9 4 8 3 5 9 10 7 5 4 10 1 4 10 9 10 6 2 1 7 3 10 5 10 5 7 5 7 8 5 2 2 3 1 9 4 5 6 5 10 10 1 5 7 9 7 7 7 3 2 3 3 10 6 7 7 7 5 9 3 1 6 6 4 3 10 4 7 9 4 3 4 7 5 6 5 9 6 8 8 6 1 7 1 4 5 5 9 3
3 5 2 10 1 5 4 5 10 6 1 1 7 10 6 10 8 10 3 4 2 6 10 9 7 1 3 5 5 9 8 9 4 6 8 8 6 7 9 9 1 10 4 7 1 9 10 8 7 1 3 7 4 5 1 9 10 3 6 5 1 4 1 4 4 10 8 7 6 6 3 7 2 1 5 4 9 2 4 3 4 7 7 5 7 5 5 10 6 8 5 4 7 10 1 9 4 6 1 10 9 5 4 5 3 7 1 1 10 9 1 4 8 1 8 1 4 1 4 5 6 3 9 6 3 10 6 4 3 9 4 9 5 1 1 7 6 2 1 7 9 9 1 7 10 6 2 1 10 8 6 10 3 3 10 1 9 5 6 5 10 10 5 9 6 9 10 7 3 4 8 8 4 6 10 5 2 6 6 4 4 5 7 5 9 7 6 10 2 3 4 3 3 4 1 8 4 5 6 10 4 1 9 7 6 10 7 8 7 2 1 7 4 2 1 10 9 1 3 7 2 7 1 5 5 2 3 5 3 9 3 5 4 4 5 8 6 5 8 10 2 3 8 10 3 10 5 10 1 7 1 7 1 4 10 8 1 4 4 4 9 4 2 10 5 9 5 5 6 8 8 2 9 1 2 1 4 2 5 1 10 1 4 3 8 7 1 8 2 2 7 5 2 9 7 4 1 3 3 9 9 2 2 7 4 5 7 10 4 10 9 5 9 8 9 8 4 6 9 2 4 5 8 6 10 6 10 2 10 3 10 6 5 6 9 9 7 3 10 1 4 7 9 3 10 6 9 5 4 2 7 6 3 4 2 7 2 2 8 6 7 5 4 5 9 4 5 2 9 7 2 9 2 7 7 8 6 3 4 7 9 10 5 5 10 6 5 6 10 9 8 1 8 10 6 2 10 2 5 3 1 7 4 8 8 10 5 9 6 1 9 4 8 8 2 8 2 8 3 4 5 5 6 4 6 2 6 7 3 2 8 9 9 7 8 4 3 7 8 8 7 5 1 5 4 2 10 2 9 9
2 5 6 1 3 3 6 5 4 9 9 1 7 7 7 6 8 3 9 3 5 2 1 5 9 7 10 10 9 7 2 8 6 2 1 9 10 4 1 2 3 10 2 1 4 5 9 10 4 10 4 2 10 9 9 8 6 5 5 10 1 9 5 7 6 9 8 1 5 9 3 10 8 2 8 6 7 3 2 7 3 1 2 3 6 1 4 2 9 10 2 4 7 10 2 10 5 8 9 7 9 4 8 1 10 2 7 7 7 10 6 8 2 4 3 8 4 8 7 10 6 7 9 1 4 7 4 7 4 9 3 5 8 5 10 7 3 6 9 7 2 7 2 1 2 2 8 3 2 5 8 9 10 1 2 2 5 8 7 6 3 6 2 1 5 9 7 2 2 1 3 3 8 10 5 7 8 9 7 6 10 8 10 3 7 4 10 6 4 7 7 10 6 5 4 6 6 6 3 7 2 8 4 6 2 6 3 9 7 2 1 10 5 5 9 5 3 2 3 9 1 6 9 9 2 3 10 4 5 4 1 3 5 9 1 5 9 2 8 3 1 7 3 2 1 1 6 10 6 8 2 7 10 10 4 7 10 9 5 4 1 4 4 2 3 2 10 4 2 1 1 4 2 9 6 6 4 1 6 1 8 8 6 2 1 4 10 6 9 4 7 4 9 4 7 6 10 3 2 8 5 5 4 9 5 7 5 5 1 10 10 8 7 1 5 5 10 4 10 4 2 8 4 10 9 7 9 8 4 9 3 9 3 1 1 1 3 2 1 6 2 1 3 1 8 5 8 2 1 4 4 1 9 3 2 7 5 8 10 7 6 3 2 10 4 2 5 5 8 10 7 4 2 6 2 4 6 6 3 8 6 6 10 5 4 2 5 2 3 6 7 5 8 8 6 3 10 8 9 5 1 1 5 1 1 9 2 8 8 1 1 3 1 2 2 6 7 9 5 6 5 10 10 6 5 9 5 5 8 1 3 5 5 8 7 2 9 5 4 10 7 9 3 6 10 6 5 5 3 6
2 7 4 7 3 2 4 10 4 10 10 9 10 6 7 4 5 6 7 3 1 7 2 6 3 9 1 10 10 9 5 10 8 3 6 4 7 3 7 6 7 3 1 7 9 5 1 5 7 9 2 5 5 1 7 10 5 9 6 10 5 2 7 5 1 5 8 4 4 9 4 4 1 4 1 4 4 3 2 9 9 4 1 8 7 4 4 3 5 8 8 9 5 9 7 1 10 6 6 1 3 5 10 5 8 7 7 4 4 9 7 5 9 5 6 7 6 1 3 4 7 6 8 7 2 2 10 4 8 10 1 3 7 2 7 3 5 8 10 7 4 1 3 2 5 10 5 1 8 9 7 3 8 5 9 10 9 7 4 1 10 5 3 5 7 1 1 3 4 10 1 6 10 8 8 3 2 5 10 2 3 1 1 3 6 1 2 6 6 10 6 3 10 8 8 7 9 8 6 7 8 5 2 10 6 4 6 4 6 3 3 3 9 7 2 3 7 6 4 5 9 8 6 7 5 6 7 8 4 5 8 10 8 6 2 8 10 2 1 4 9 1 6 5 2 10 1 10 6 8 9 2 8 3 1 9 10 3 8 6 7 5 6 3 10 6 8 1 7 2 8 10 8 3 9 3 8 2 10 10 6 4 7 3 1 3 2 9 7 4 3 2 1 3 9 10 4 6 7 1 2 10 6 6 3 10 9 5 7 3 10 4 9 10 4 10 8 9 7 8 2 8 4 6 2 5 8 9 2 7 9 6 3 6 4 10 10 1 1 3 4 5 5 2 9 8 6 1 8 8 7 1 3 7 2 10 5 10 6 6 9 7 8 5 6 2 10 10 1 1 4 4 5 5 6 6 2 2 3 1 6 9 2 1 7 10 2 6 10 4 2 6 7 4 8 1 4 3 4 8 6 5 4 3 7 4 5 3 6 1 8 5 7 5 4 2 1 6 6 9 1 1 6 4 9 8 9 3 6 7 7 1 7 8 3 6 9 6 7 7 8 8 4 1 9 5 9 9 8 9
2 3 2 9 4 8 2 7 10 2 6 8 9 1 10 1 1 5 3 6 9 4 10 3 8 2 1 9 8 4 8 7 9 5 2 8 6 9 4 8 6 1 10 7 9 5 8 3 5 2 6 7 2 6 5 8 6 6 10 8 4 2 5 3 2 7 10 1 9 5 1 1 4 4 10 8 9 8 10 9 4 4 6 7 3 5 8 5 10 10 2 8 7 7 3 5 5 3 10 4 5 8 9 9 7 1 9 7 2 3 3 3 7 6 8 1 1 5 2 3 8 3 7 9 10 10 9 9 2 4 2 5 5 10 7 6 2 4 1 9 7 6 9 6 3 5 1 9 8 5 6 2 6 8 8 6 5 7 10 3 2 3 1 8 4 1 5 1 6 2 10 4 3 1 2 1 6 10 10 2 9 3 4 8 5 7 4 8 5 8 1 10 10 1 10 6 9 10 3 8 8 4 3 7 8 4 4 5 1 9 9 7 4 8 10 2 5 4 7 10 9 7 8 2 9 4 6 2 5 9 6 7 9 9 4 4 9 7 6 3 6 8 5 10 7 9 1 3 1 1 4 6 9 1 4 9 10 9 2 5 2 2 7 4 1 10 7 5 3 1 10 8 3 6 7 2 8 8 6 10 9 9 8 6 9 6 2 9 5 8 7 7 7 5 10 9 7 6 7 4 7 10 5 8 2 1 8 5 8 1 9 1 6 6 9 2 8 6 8 3 6 2 1 3 7 8 7 8 2 5 1 2 5 9 10 4 1 9 9 1 10 7 8 9 2 2 7 5 7 1 3 8 8 10 1 5 6 1 3 8 4 2 8 2 9 3 7 3 2 7 8 8 6 6 6 6 5 2 8 8 7 9 8 6 4 4 5 1 6 10 1 9 7 9 8 3 4 2 2 3 5 8 7 5 6 1 9 9 2 1 8 9 4 6 10 4 9 7 6 9 5 5 8 10 4 5 4 2 6 8 1 8 1 7 10 9 10 10 1 7 1 1 2 4 2 6 7 8 1 3
4 6 1 4 2 5 5 6 3 6 6 7 4 5 10 6 1 4 2 10 4 5 6 3 3 7 3 10 1 4 8 8 10 7 1 9 8 9 6 4 1 1 2 9 3 4 5 10 7 8 8 4 7 5 7 7 9 5 9 8 8 8 3 6 7 7 2 5 4 1 9 5 9 9 8 3 9 6 8 1 6 6 3 1 3 7 9 8 10 7 6 7 5 6 5 9 5 1 9 7 9 4 6 7 10 6 7 1 3 9 5 3 3 5 10 1 7 9 5 5 8 10 10 2 3 8 5 10 9 4 3 8 6 8 9 9 2 8 7 6 8 3 6 6 8 6 10 5 1 2 4 10 6 6 3 10 7 7 5 7 1 8 4 4 4 2 5 6 8 9 6 7 1 2 2 8 4 5 1 2 10 1 7 6 1 1 10 10 4 7 5 9 6 7 1 9 1 1 1 10 10 5 9 1 2 2 6 2 2 2 8 4 9 7 8 2 10 7 5 10 10 4 4 7 10 6 4 3 7 1 9 7 5 7 2 10 5 4 7 3 6 10 1 4 8 5 3 10 2 7 2 1 1 9 3 10 10 1 2 4 6 10 1 10 2 5 6 2 4 1 6 7 3 1 2 6 9 8 2 5 10 8 9 6 4 1 8 6 2 9 3 3 3 8 3 3 1 4 4 2 8 8 10 8 7 1 5 2 3 4 6 4 7 6 10 9 7 4 2 7 4 6 1 3 10 4 8 6 10 9 3 4 1 5 1 6 3 5 7 9 1 2 5 8 10 7 3 7 1 10 1 8 4 8 7 8 5 2 10 3 7 5 7 3 9 2 9 5 9 4 3 2 3 5 8 5 2 6 5 6 5 2 2 9 9 7 7 5 5 7 5 5 7 3 6 2 1 10 5 3 3 7 7 3 5 4 8 7 3 4 4 5 5 10 8 5 2 1 1 8 8 1 4 4 5 10 10 1 2 2 4 1 9 6 10 5 10 8 8 7 8 9 10 9 10 10 2 4 6 10
5 1 2 1 3 1 3 5 9 6 7 10 9 1 8 1 6 2 8 8 4 2 8 6 4 4 1 3 6 2 6 2 6 1 2 1 2 3 7 2 9 6 7 5 9 3 2 3 10 8 3 9 5 4 6 7 9 2 4 3 1 9 5 9 3 9 10 8 4 10 3 3 1 7 6 9 5 5 2 3 1 1 9 10 6 8 7 2 10 9 4 3 4 3 7 2 6 7 6 1 3 8 3 7 10 5 10 6 5 1 2 9 2 10 2 10 8 3 10 7 5 7 7 8 5 6 5 9 2 4 9 9 1 6 2 5 7 10 3 3 9 1 2 8 2 2 6 1 1 4 10 4 10 10 9 10 4 4 4 8 5 8 8 7 7 9 6 5 9 9 8 8 9 7 9 8 7 2 4 4 6 1 3 6 2 4 9 5 8 6 2 2 4 5 2 6 4 4 10 8 1 7 4 2 7 10 10 6 8 2 3 5 4 8 4 7 8 4 4 8 9 4 1 1 8 3 1 2 3 2 8 8 7 8 3 8 9 9 8 5 10 1 2 8 8 5 7 9 7 9 7 1 5 2 4 10 5 7 10 7 10 1 4 9 9 8 4 1 2 10 5 6 8 2 1 6 2 9 3 5 7 3 10 3 9 9 4 4 8 10 9 2 3 8 1 10 1 8 3 5 2 5 9 2 8 6 1 9 9 2 10 6 3 4 1 10 2 3 4 3 5 4 6 7 2 4 1 7 3 5 3 5 2 8 5 7 3 3 1 2 1 4 4 4 2 9 7 5 7 7 1 2 6 7 8 1 3 6 2 9 7 6 9 3 6 6 3 10 9 6 10 2 7 4 6 1 2 9 6 4 9 10 5 2 4 10 9 5 9 8 8 6 5 9 1 2 10 10 2 9 6 6 5 5 5 3 10 7 3 9 2 2 5 3 8 3 2 5 1 8 7 3 10 4 10 10 1 2 1 9 2 8 1 6 5 9 4 6 4 5 1 5 1 4 4 4 10 10 5 4
1 2 2 2 1 5 8 8 4 8 4 1 1 5 4 6 4 3 6 1 1 8 6 2 5 4 6 3 5 6 3 3 7 1 2 7 3 9 9 3 3 2 1 1 2 10 2 1 10 5 8 8 9 10 6 3 2 6 6 1 3 5 8 7 4 10 5 9 7 3 1 2 4 8 8 2 1 4 1 6 2 1 8 5 1 3 6 5 3 10 2 10 1 1 2 8 4 5 7 10 4 8 10 1 2 4 10 9 3 1 5 4 2 10 8 2 1 10 7 5 5 4 7 8 9 4 2 5 2 3 2 8 3 10 1 5 8 9 6 1 3 10 8 4 7 3 6 5 4 2 8 3 9 4 2 9 7 7 9 2 6 7 10 3 7 2 7 7 10 8 10 9 8 3 3 8 5 4 6 8 8 3 3 7 8 2 2 4 5 9 8 8 9 3 10 7 5 6 4 6 4 1 1 5 4 6 9 9 5 5 6 4 2 1 10 3 3 7 2 7 2 9 9 8 9 6 6 6 6 3 1 3 9 4 2 3 9 6 10 2 2 4 9 8 10 2 1 1 4 4 8 9 9 7 10 3 2 5 6 9 5 3 2 2 5 9 1 6 6 8 4 4 2 10 5 3 5 2 7 8 7 3 3 8 5 4 4 4 6 8 7 3 8 4 10 7 3 1 2 7 8 4 3 1 4 2 7 10 7 2 1 8 5 7 7 3 8 6 9 1 8 10 2 6 1 9 10 1 8 5 1 6 8 9 5 4 7 7 7 9 4 4 4 7 6 5 5 5 1 1 6 2 9 1 2 2 1 10 3 7 2 2 4 6 1 10 8 7 6 1 9 4 9 2 3 8 8 2 8 3 5 8 7 3 9 2 5 8 9 1 10 5 3 10 6 10 1 5 8 2 4 3 10 9 8 3 1 4 4 2 2 6 4 6 9 1 2 7 2 4 4 1 3 6 2 9 3 5 8 4 10 8 7 9 5 2 2 6 5 3 8 9 6 9 5 5 10 9 2 3
4 4 5 2 5 10 10 6 8 8 7 9 1 5 10 7 5 4 10 5 2 10 3 10 5 5 10 1 4 8 5 10 4 5 2 10 9 10 4 4 4 1 2 7 10 4 4 9 6 9 5 6 10 3 9 8 8 4 9 2 2 3 1 4 3 6 6 2 9 5 9 5 8 4 9 7 9 7 9 8 5 3 3 7 6 9 8 1 6 4 5 1 6 10 5 8 2 6 4 5 9 10 9 4 3 1 5 1 6 3 5 4 1 3 5 1 5 1 8 3 5 6 4 4 7 1 2 9 4 3 6 1 3 5 6 10 7 2 5 2 10 1 8 7 10 7 3 1 8 6 2 1 1 5 3 7 6 7 9 6 4 1 6 3 2 1 10 1 10 6 8 10 8 7 9 3 1 3 8 10 8 4 7 3 8 9 6 3 10 9 1 2 7 8 6 4 4 10 3 8 3 8 6 10 1 2 3 1 2 9 10 3 2 6 10 3 9 1 6 3 9 7 4 4 10 7 2 1 9 8 9 5 2 3 8 1 3 7 4 6 3 5 9 1 10 3 1 7 3 10 4 5 5 6 4 10 4 8 1 5 2 10 4 10 8 2 3 1 7 6 10 3 2 6 2 5 5 10 1 9 1 7 7 9 6 4 6 6 2 3 3 4 7 6 6 9 2 1 3 7 5 8 1 4 3 5 5 3 2 5 7 6 5 8 10 2 1 7 8 3 5 9 4 4 5 7 2 4 3 2 8 5 4 2 9 7 1 3 9 2 10 3 1 1 6 6 10 5 5 1 10 9 6 1 5 6 1 8 6 10 3 4 10 10 5 9 3 2 2 8 5 5 9 2 3 8 2 8 9 7 6 10 6 5 9 3 2 2 5 10 3 7 2 8 1 3 10 3 5 8 4 5 4 8 10 5 2 6 3 4 5 10 6 1 1 5 3 2 6 9 8 1 4 9 10 10 2 1 1 4 2 10 4 1 1 3 9 10 5 3 1 3 9 9 5 9 1 3 4 9
2 9 3 4 3 4 1 9 1 10 6 1 8 5 10 2 9 5 2 6 3 8 2 4 8 1 9 6 4 7 9 4 2 2 10 10 10 9 6 3 2 8 7 6 5 8 5 7 10 7 10 8 1 8 1 6 3 4 1 1 2 4 1 9 7 8 8 7 10 8 2 2 5 7 4 10 10 9 10 8 7 9 5 3 2 1 3 8 1 9 10 3 3 8 1 6 3 4 1 7 6 5 5 4 1 9 3 3 3 5 8 5 10 4 6 9 4 10 1 7 5 4 1 3 6 5 4 8 3 1 5 8 1 5 2 10 3 8 10 2 2 4 6 10 9 4 2 9 1 5 5 5 10 1 5 4 1 6 7 1 10 6 9 8 2 10 8 4 8 5 10 3 8 4 3 9 3 10 3 4 5 9 5 10 10 10 4 4 1 7 7 10 8 4 10 9 4 3 6 3 7 8 6 9 2 5 4 6 10 1 8 10 3 6 8 10 6 4 3 4 8 7 4 10 7 1 7 5 2 8 4 8 2 8 3 8 1 3 5 7 1 2 5 5 9 10 8 6 10 3 2 2 9 8 4 6 9 8 6 2 5 7 10 4 5 5 7 3 6 2 2 2 8 2 5 9 7 3 5 9 7 8 8 3 6 1 4 9 6 4 3 4 6 8 6 9 3 2 2 9 3 6 10 9 2 3 2 6 5 1 6 3 10 6 3 7 8 2 10 7 4 9 5 4 7 8 1 3 2 4 1 1 7 7 8 7 4 1 3 6 3 5 4 2 7 9 7 2 1 2 9 2 2 10 3 1 9 3 1 8 8 5 5 6 1 1 5 4 9 7 1 5 8 1 9 10 10 4 5 2 2 4 2 7 9 6 1 8 9 4 3 9 3 4 10 8 10 3 2 6 8 5 9 10 10 8 8 4 3 10 7 4 4 6 3 1 1 8 6 6 3 4 2 9 3 5 8 5 7 1 7 7 8 10 9 1 8 9 4 10 3 4 9 4 3 4 9 6 5 8
2 4 8 2 2 8 6 10 1 5 7 10 1 8 9 1 10 3 2 10 10 7 9 4 1 10 9 10 10 8 10 2 7 8 9 1 7 4 2 2 9 5 10 7 3 6 7 5 7 2 5 4 3 1 4 7 3 2 3 4 5 5 4 3 1 8 7 2 7 7 2 8 10 9 5 4 5 5 3 8 6 2 8 7 9 1 6 8 10 1 5 4 7 3 2 5 3 7 1 6 4 6 9 10 7 9 4 6 1 9 8 1 9 9 9 7 4 9 5 5 5 9 7 1 9 4 8 10 5 7 2 2 5 9 7 10 5 9 7 10 2 8 8 8 6 4 2 1 7 10 6 7 1 10 4 6 1 6 8 4 4 10 3 2 7 2 1 5 9 4 10 9 4 6 10 3 10 3 10 10 10 3 8 1 10 10 8 8 2 1 4 3 5 6 8 5 6 2 6 5 7 3 6 8 3 3 7 8 8 9 10 6 6 6 7 10 3 4 9 4 7 10 2 4 1 5 7 7 4 9 10 6 2 2 4 3 6 9 1 2 2 6 10 6 4 1 9 5 4 4 7 7 4 6 4 5 2 5 4 5 1 6 6 5 2 1 6 1 9 3 5 5 1 9 5 7 9 6 3 4 6 2 1 10 4 6 6 3 9 3 4 8 10 4 10 8 5 10 5 8 10 1 4 10 3 8 5 3 8 7 5 4 4 10 6 7 8 9 1 6 5 2 7 6 6 6 5 8 3 3 1 8 5 6 8 2 1 2 3 3 7 10 5 6 1 4 10 9 1 6 10 5 10 5 7 10 8 6 3 10 5 7 10 5 9 10 10 2 9 8 8 10 9 3 4 3 4 10 5 8 8 9 9 8 6 10 1 10 8 9 2 8 2 3 9 8 9 6 6 2 1 4 2 10 9 9 7 10 9 1 2 10 6 9 7 9 3 3 6 4 10 2 9 6 5 8 5 9 5 9 10 8 10 6 10 1 1 5 7 7 7 2 2 3 5 1 3 3 2 6
4 2 6 4 9 6 8 5 10 6 10 5 9 10 8 1 10 7 5 1 7 1 9 2 4 6 3 1 5 7 5 5 9 2 5 3 5 5 8 4 10 5 6 8 5 9 8 8 9 2 5 10 4 7 1 3 8 10 1 1 3 7 10 3 4 7 1 2 6 4 7 8 2 1 5 10 4 3 8 1 6 1 3 1 10 6 2 1 2 7 2 8 2 4 2 6 9 2 8 7 8 3 9 7 3 2 10 7 4 7 2 1 6 8 6 10 4 7 2 8 2 5 4 1 1 6 1 6 10 8 5 2 6 4 8 5 1 3 7 1 1 9 2 9 5 4 1 7 8 10 10 2 7 10 2 5 6 8 7 5 9 3 8 3 10 2 8 4 5 6 1 10 5 9 5 1 10 2 9 5 8 8 8 5 8 9 10 2 5 6 7 1 8 10 10 5 2 6 6 7 1 1 10 9 3 8 8 7 6 4 1 10 10 4 5 7 10 5 2 3 9 2 9 3 1 7 2 6 1 5 2 4 1 4 8 10 10 2 6 5 9 1 2 1 2 3 2 2 7 3 6 3 8 2 8 1 3 9 7 10 8 9 10 4 3 1 4 2 7 6 8 4 9 2 6 6 4 10 3 3 1 3 6 4 10 2 1 3 5 4 3 8 1 9 1 8 4 8 4 4 2 1 5 6 3 9 5 8 9 1 3 8 10 7 6 10 4 10 6 6 9 4 2 1 4 7 9 7 7 6 10 5 4 4 7 9 2 6 7 3 7 10 2 3 3 4 10 1 10 7 1 5 1 7 3 7 7 10 10 10 8 7 4 2 2 3 9 3 1 4 8 10 6 10 7 3 10 9 10 9 4 7 7 6 6 10 4 3 5 7 3 3 1 1 9 5 1 6 1 6 8 6 2 3 3 6 5 10 6 4 3 10 5 4 2 1 8 10 10 7 10 2 7 2 9 9 7 7 3 4 7 7 6 9 4 8 8 6 2 4 5 8 2 7 1 7 10 9 4 6
5 6 5 2 10 8 7 6 10 4 1 5 10 8 5 5 7 3 7 8 7 5 6 9 7 7 5 1 7 1 10 4 10 10 5 8 2 2 4 7 2 2 1 6 1 5 4 9 10 6 7 2 1 7 8 8 5 6 5 5 4 3 10 6 10 7 4 8 2 5 6 7 1 3 1 2 10 6 7 7 6 2 1 5 10 7 4 2 10 5 1 10 3 1 6 1 3 2 7 3 9 9 2 5 1 1 6 1 1 1 2 5 8 7 9 9 7 1 5 7 3 9 9 2 9 10 6 4 7 7 7 10 1 7 9 4 2 6 6 3 6 10 2 9 5 9 1 1 9 4 1 10 2 3 6 9 5 8 9 1 9 2 10 8 10 4 1 5 5 9 7 2 10 8 9 3 7 9 4 3 7 4 2 3 9 8 6 9 5 1 8 9 10 1 9 3 6 1 10 5 7 6 2 4 4 4 6 6 4 4 2 7 8 1 9 5 9 3 8 8 9 4 6 2 1 9 3 6 4 2 5 7 1 2 6 2 5 8 9 10 8 5 7 9 4 10 8 3 6 9 7 5 7 6 5 4 1 8 7 9 8 2 7 3 5 6 9 2 4 6 9 2 6 8 3 9 3 8 6 3 1 6 4 5 10 1 4 8 3 7 1 5 3 1 7 10 8 3 5 9 4 9 7 3 2 3 3 9 1 4 7 8 1 4 6 5 3 1 2 5 6 3 1 2 2 4 4 10 1 7 5 1 3 5 8 6 8 2 6 9 10 10 6 10 8 3 5 5 10 5 4 1 5 9 4 4 8 6 6 5 3 5 3 1 1 5 3 5 4 7 9 5 9 10 2 5 3 4 1 3 1 7 3 2 9 1 9 3 10 3 7 4 3 4 2 3 2 8 2 10 4 8 6 6 10 4 4 2 2 5 4 2 10 10 8 7 8 7 4 5 4 6 3 2 1 6 2 4 7 10 2 2 6 10 5 8 5 8 1 7 2 5 6 1 3 10 6 9 6 4
4 7 3 4 3 7 6 7 8 4 9 8 8 9 4 1 7 3 5 10 8 9 8 6 3 1 6 3 8 4 3 9 1 9 3 6 10 3 1 10 5 5 6 1 10 7 10 7 5 8 6 8 7 2 3 10 3 1 3 9 4 10 1 4 5 10 5 3 10 10 8 4 6 3 4 10 8 5 2 8 2 6 3 2 4 9 10 2 4 1 9 1 4 8 5 1 7 10 7 10 4 7 3 8 7 9 10 3 3 6 1 2 1 8 5 6 5 5 9 9 4 9 9 2 4 9 9 3 6 4 4 8 7 1 7 1 3 7 6 2 8 8 5 7 6 6 3 2 9 10 8 4 6 8 2 10 3 9 5 3 1 8 5 7 10 6 8 3 2 7 1 4 9 8 10 7 5 1 1 1 3 10 1 8 7 1 2 8 8 4 1 6 7 5 10 10 8 9 7 7 9 5 9 5 2 5 2 7 5 3 9 1 4 9 10 5 2 9 9 8 8 10 6 6 9 7 8 9 9 7 10 5 4 7 3 8 9 4 3 7 5 4 1 2 10 7 5 3 6 5 9 4 8 6 7 1 9 10 5 10 4 9 7 10 3 9 6 2 10 5 8 1 6 10 8 10 10 3 8 3 4 9 9 5 8 2 6 7 8 2 8 10 5 6 1 4 7 6 9 3 3 5 1 1 10 1 5 9 9 9 7 8 3 7 10 7 9 4 5 8 5 4 7 9 10 4 6 10 10 8 8 7 7 10 4 8 3 6 3 3 4 8 2 7 2 5 8 8 6 10 1 3 5 6 6 9 7 5 3 7 5 3 5 6 6 1 10 2 7 1 5 9 6 4 3 3 6 10 5 7 2 8 7 9 5 9 10 8 2 4 4 1 1 7 8 2 9 2 4 4 3 6 4 6 2 1 1 7 4 2 6 4 6 3 6 10 2 2 9 9 1 3 8 1 3 2 6 4 9 7 7 5 5 3 6 8 9 6 5 6 3 8 3 1 1 9 3 3 3 2
4 5 8 4 1 6 6 9 4 10 10 5 7 4 2 4 3 10 3 1 8 5 8 2 3 8 9 7 6 5 5 7 10 9 3 10 3 3 7 3 8 2 9 4 9 7 2 10 1 3 7 2 9 3 10 6 10 7 2 10 10 5 8 6 8 7 8 4 2 8 1 10 8 2 4 10 7 6 4 3 6 1 1 9 7 3 4 4 6 7 2 7 2 2 1 9 9 5 7 6 7 1 10 8 8 8 1 7 10 5 6 9 10 9 8 10 3 7 6 3 10 2 1 4 7 2 6 8 8 2 2 3 3 3 1 4 10 1 8 6 6 10 4 4 2 3 6 5 4 10 1 3 1 2 9 2 9 1 4 10 5 5 3 10 2 5 9 2 2 4 10 3 10 8 5 3 3 4 9 3 9 3 4 3 7 2 4 10 10 8 6 6 6 6 1 3 10 2 8 2 1 4 1 9 4 5 2 10 10 6 3 9 5 6 5 3 1 5 2 6 10 10 6 7 3 5 9 4 8 10 4 1 9 1 6 6 10 1 8 2 3 1 5 3 9 2 7 1 6 2 5 9 3 9 10 5 9 5 9 8 5 3 8 5 7 7 8 2 6 10 1 2 1 6 7 2 7 4 4 1 6 9 1 6 7 4 8 9 1 3 10 5 1 3 3 6 9 2 4 3 9 3 2 3 3 3 2 9 6 2 4 7 10 5 3 1 8 5 7 8 2 8 10 1 10 1 6 6 2 7 2 9 7 5 5 1 8 10 8 8 6 1 1 3 7 8 6 2 1 6 10 4 8 1 3 6 6 9 10 10 1 5 2 1 8 9 1 10 7 7 3 10 5 3 9 6 1 7 4 7 5 10 3 6 6 1 1 1 8 8 3 3 4 3 6 9 8 5 7 10 5 4 5 5 8 8 1 5 1 7 1 10 8 10 10 3 3 2 8 3 10 7 10 1 5 10 10 2 7 6 4 5 10 8 1 2 1 7 7 6 9 10 6 6 4 7 4 10 7 2
3 4 7 10 2 7 10 7 5 10 4 1 6 6 7 5 7 7 9 1 8 5 1 10 7 10 5 2 5 8 10 7 2 10 8 2 9 8 9 8 10 6 6 7 9 8 6 6 9 1 8 6 7 8 4 4 9 6 8 4 9 8 7 8 1 2 2 8 3 1 9 5 9 3 7 6 4 2 7 8 2 3 7 1 5 6 1 6 7 4 8 4 5 8 8 10 8 9 6 5 4 7 9 8 9 7 10 2 5 4 3 10 2 3 4 8 2 2 6 8 5 1 10 3 4 5 4 4 5 3 4 2 4 7 9 5 5 5 6 10 10 1 2 5 9 4 6 2 9 10 2 5 10 4 8 4 3 6 6 4 9 3 8 10 5 5 10 6 2 9 8 7 9 8 7 2 9 3 1 1 7 1 8 1 5 2 1 8 10 2 6 7 6 2 2 5 2 2 3 5 4 4 1 8 5 4 5 9 4 6 9 7 6 2 5 4 3 1 4 9 9 3 6 3 8 6 9 8 5 10 2 1 4 10 10 8 3 10 9 7 1 6 8 9 7 4 10 5 9 4 8 6 3 5 2 2 10 4 4 7 8 10 10 4 1 7 10 1 4 7 9 9 5 9 8 10 2 4 7 4 3 1 6 6 3 8 3 1 4 3 10 1 8 9 8 9 8 5 7 8 1 4 4 9 1 8 7 2 1 3 6 1 1 8 8 9 8 9 9 9 2 6 1 1 2 3 7 5 9 9 1 10 6 10 3 8 4 3 6 7 3 3 10 4 8 6 9 10 1 4 6 5 3 10 1 1 1 7 1 3 4 4 5 9 8 8 9 9 6 1 2 8 1 4 9 4 3 6 6 2 5 1 6 3 3 6 5 1 9 5 1 5 5 8 2 4 9 6 10 3 1 2 7 6 1 1 3 8 6 6 5 4 7 8 8 5 6 10 9 8 1 7 6 2 2 8 10 9 6 5 10 10 3 9 1 3 8 4 9 7 8 7 2 3 10 1 6 10 2 6
5 9 6 10 3 9 6 5 3 1 2 10 3 4 8 1 1 9 1 8 9 10 6 5 8 8 10 5 5 10 9 8 6 3 7 2 4 8 5 9 7 7 9 7 4 1 9 8 5 4 10 7 4 8 8 6 8 1 6 10 9 1 6 10 2 8 9 9 9 3 9 10 5 1 3 6 2 5 3 2 5 8 2 7 3 7 4 4 8 8 3 4 2 3 2 2 1 4 1 8 1 10 2 1 10 2 8 9 3 8 6 1 1 8 8 9 5 6 10 1 4 2 1 2 1 6 3 1 2 1 5 8 10 7 6 6 5 9 4 1 8 8 2 9 4 10 5 7 4 6 2 3 1 9 8 8 2 7 10 8 3 8 5 1 3 8 3 7 1 2 8 2 7 10 9 1 4 10 4 2 8 6 5 2 9 2 7 1 5 7 1 10 8 1 9 3 3 1 8 8 8 7 5 1 3 3 1 5 10 8 3 3 5 4 6 7 1 9 6 3 3 6 3 6 10 8 3 9 7 4 5 9 7 6 9 8 8 10 2 6 10 5 2 9 5 9 5 6 10 3 10 6 8 7 2 2 6 6 3 9 10 6 2 6 3 4 2 1 5 6 9 9 2 5 5 7 9 3 9 9 8 3 8 2 4 10 2 6 8 6 7 9 6 5 8 6 9 8 9 8 6 6 2 2 1 6 10 10 6 7 7 1 3 2 6 1 8 6 2 4 8 10 5 9 10 2 3 2 5 6 1 1 1 4 6 1 7 8 8 10 3 4 10 10 4 8 4 1 4 1 2 10 4 3 8 9 5 3 1 5 4 7 8 4 8 9 8 7 10 7 10 1 7 8 4 8 3 5 1 9 3 3 7 4 7 7 9 9 6 9 6 1 1 6 4 5 6 4 8 9 4 5 2 5 9 3 6 9 2 8 1 5 1 2 1 5 1 2 10 9 2 6 8 2 5 3 5 7 9 8 10 4 1 8 5 3 7 3 5 3 6 7 4 9 8 9 7 3 2 4
3 2 7 10 3 8 10 4 4 5 8 1 4 1 2 8 4 6 9 4 10 6 9 1 1 9 3 1 7 2 5 10 5 4 3 3 4 10 7 9 10 2 6 8 10 1 6 2 4 7 9 9 7 6 5 3 2 9 4 10 8 9 2 6 9 7 4 2 10 1 4 6 10 2 1 9 4 3 8 4 4 10 1 9 2 1 10 4 2 4 10 7 10 1 4 3 8 7 3 6 9 8 1 1 7 5 1 7 10 7 8 10 9 2 6 6 6 6 4 8 6 3 6 10 10 7 1 4 4 3 6 3 9 2 6 8 2 9 4 2 10 4 4 9 5 4 1 4 9 1 8 5 5 2 9 8 2 3 4 7 7 1 2 5 4 8 7 8 4 9 8 3 7 6 4 6 5 2 1 9 9 1 9 8 5 8 6 4 4 7 10 2 4 10 2 1 4 7 2 3 7 9 10 2 8 7 7 1 3 7 5 1 5 8 5 5 6 4 5 3 5 4 5 8 7 7 1 10 5 4 3 6 5 8 1 4 9 10 6 9 5 9 2 9 10 2 5 2 4 4 6 3 5 9 9 9 7 10 9 8 3 6 6 2 1 1 6 2 7 3 2 3 9 7 5 1 8 3 6 4 3 2 2 3 4 2 1 9 5 7 9 2 5 3 3 3 2 6 2 6 1 1 8 7 6 8 10 3 7 4 2 7 5 1 10 9 1 9 7 6 5 4 6 1 6 2 5 6 9 10 3 3 6 4 8 5 4 6 4 6 4 1 2 5 6 3 1 10 4 10 7 8 2 1 1 8 10 4 5 3 8 10 8 7 8 8 3 4 6 4 6 7 1 8 9 10 7 2 3 5 4 6 1 4 1 7 1 8 3 9 5 6 3 6 10 2 6 5 7 7 8 1 7 6 3 10 10 2 4 1 10 7 2 7 7 1 5 6 4 8 1 1 2 4 10 5 6 9 9 5 10 5 7 6 4 10 4 3 4 4 4 8 8 5 10 7 1 2 1 4
1 3 7 6 5 3 3 4 1 9 6 2 2 5 10 6 1 10 6 7 8 2 7 3 4 3 5 7 6 8 6 10 5 8 3 8 5 10 4 1 8 6 5 2 1 6 4 4 3 3 2 10 7 1 3 4 2 6 3 8 4 9 5 4 1 9 6 10 8 5 3 9 5 9 5 5 6 8 10 4 3 6 1 2 8 6 5 1 2 5 2 9 4 6 9 1 6 6 3 10 9 9 7 9 7 2 8 5 4 5 6 9 4 6 3 7 10 10 10 1 7 5 3 1 10 7 1 9 5 5 1 9 7 10 9 1 5 3 1 10 6 8 1 10 5 5 3 4 4 4 5 2 2 9 7 2 2 10 1 3 7 9 5 1 4 2 1 10 2 8 9 5 8 2 1 6 4 2 9 7 1 4 10 3 9 10 5 7 5 5 10 2 6 6 1 2 1 5 8 5 4 9 3 5 8 4 2 1 3 8 1 4 8 4 8 3 4 3 10 5 2 7 4 2 5 9 9 3 2 5 10 3 2 5 10 9 1 2 3 9 4 10 10 7 10 2 6 5 1 9 8 7 3 4 8 6 6 2 4 10 1 3 9 6 1 10 5 6 6 6 8 1 6 7 10 6 7 10 8 4 2 1 10 1 7 4 1 4 5 5 4 8 2 7 4 9 3 6 9 4 1 1 1 10 10 4 3 7 6 4 2 5 1 5 5 9 10 6 9 1 1 6 2 3 9 5 5 6 3 4 8 3 2 10 6 10 10 2 1 9 9 7 6 1 4 4 8 2 5 1 4 8 1 10 8 6 6 5 9 8 3 4 4 9 4 2 7 8 10 6 1 8 6 5 10 9 3 6 7 4 3 9 3 6 5 5 4 8 10 1 6 2 8 8 10 5 4 4 3 10 9 8 10 8 3 6 6 7 9 4 10 1 10 3 6 3 1 10 6 2 4 9 6 8 7 10 1 7 3 8 7 7 8 1 10 7 8 6 2 3 5 9 5 9 10 4 2 9 10 6
1 10 8 6 6 1 7 7 5 5 4 3 10 6 2 1 3 10 7 6 1 6 2 5 8 3 3 1 10 5 7 3 4 2 8 8 8 1 3 3 4 10 5 7 7 5 10 4 7 8 10 1 5 10 10 2 10 6 8 8 7 4 2 9 1 1 8 6 3 2 4 2 8 4 4 1 6 6 3 10 4 2 7 9 7 5 8 9 2 8 3 9 1 2 9 5 6 9 5 9 4 8 9 4 10 2 1 9 6 7 4 8 3 6 4 10 4 1 2 5 8 9 8 2 4 10 9 1 8 1 7 4 4 5 2 7 7 10 10 4 5 9 8 10 5 10 4 1 8 3 8 3 5 4 9 5 5 8 2 8 7 8 8 7 4 1 9 6 3 2 3 10 10 6 1 3 8 5 8 10 10 2 3 6 9 8 6 6 6 1 7 1 10 4 2 6 8 9 9 3 9 6 3 4 6 3 8 6 8 2 2 3 8 7 4 9 4 5 4 4 8 1 2 6 9 10 5 2 8 10 4 3 8 5 3 3 5 10 9 8 3 3 6 4 9 9 9 7 4 10 9 4 8 7 8 6 2 8 7 8 10 5 9 1 6 2 7 5 10 7 2 1 1 3 9 2 8 7 9 6 7 2 2 5 6 5 6 6 1 4 4 1 4 6 1 1 5 9 8 9 3 4 5 7 1 3 7 1 10 10 10 8 6 6 9 3 10 7 5 3 6 6 1 7 9 10 10 9 7 4 3 1 3 5 10 7 2 9 9 7 4 4 9 5 9 3 10 9 6 5 8 3 3 1 2 6 4 5 5 4 8 1 5 6 3 7 3 8 8 4 8 3 4 10 9 1 6 6 1 9 6 6 1 4 3 7 3 8 7 8 6 10 6 2 4 3 3 8 1 8 4 6 1 4 6 5 4 8 9 1 4 4 2 8 5 6 9 8 7 7 9 1 9 1 10 5 9 6 7 7 4 9 7 2 2 5 6 3 1 6 7 6 9 4 3 7 8 8 8 9
2 6 1 8 4 9 10 5 5 5 7 5 10 7 5 2 2 6 9 4 8 7 3 6 4 7 10 10 2 7 7 2 9 4 7 3 10 10 6 4 7 1 3 4 9 2 9 2 10 10 3 1 1 8 5 1 4 3 7 5 5 10 8 8 6 1 2 10 9 6 4 10 6 10 3 4 6 2 6 10 2 10 2 5 1 4 4 6 9 4 6 6 3 1 7 8 1 6 3 4 2 4 1 2 1 7 1 3 3 7 8 10 8 4 4 3 3 2 4 4 6 4 3 10 7 6 4 4 9 8 6 9 1 6 4 9 3 5 3 1 10 4 3 3 6 3 4 2 7 8 9 2 1 8 8 1 8 2 3 9 5 2 9 1 3 9 4 7 3 2 9 9 2 1 9 8 10 5 10 6 3 4 3 4 7 2 4 2 9 1 4 4 8 8 5 2 4 6 8 4 1 1 6 3 9 5 2 9 3 10 10 5 4 8 2 5 5 1 1 10 3 3 3 7 3 1 7 1 1 4 10 9 1 3 8 9 3 8 1 3 6 2 6 2 7 2 8 8 5 3 8 3 5 5 2 7 9 6 1 2 7 8 3 9 8 1 1 6 9 1 4 8 10 8 2 4 4 7 9 6 2 7 7 10 9 1 10 8 2 2 3 7 10 10 10 4 8 4 5 5 10 6 6 1 10 5 6 7 6 7 3 1 9 10 3 8 1 6 1 1 10 4 10 3 3 4 3 7 2 5 9 8 7 3 7 8 7 2 9 4 2 5 2 2 3 4 6 8 8 6 6 10 4 4 5 6 3 3 8 4 4 3 8 9 7 10 6 5 1 9 8 7 6 10 5 7 10 1 1 4 7 7 1 10 10 7 1 5 5 5 10 7 9 6 1 7 4 1 9 10 8 9 9 10 3 8 6 5 8 4 2 8 5 7 2 1 8 6 7 9 4 9 4 7 4 5 5 5 4 8 7 8 9 10 6 8 7 7 9 3 8 10 2 8 8 10 3 5 9 1
2 2 2 9 3 2 8 1 8 5 6 7 3 1 1 2 8 2 1 5 1 10 3 3 8 1 3 6 6 3 8 8 4 10 8 2 7 1 7 7 8 3 5 9 2 5 6 10 3 2 1 3 10 9 3 4 2 1 6 4 4 10 3 7 1 6 5 6 5 6 9 5 3 10 8 3 6 7 7 2 2 6 10 3 1 1 2 7 5 6 3 5 9 4 8 8 4 5 2 2 1 5 3 9 10 2 5 9 2 5 3 9 5 3 5 7 7 8 7 6 10 7 10 1 10 8 1 5 4 10 3 5 1 5 9 2 5 7 1 9 10 5 1 4 8 8 9 1 9 4 9 4 9 10 5 9 1 2 1 2 3 2 10 9 1 7 1 10 8 6 4 7 7 7 7 8 9 6 9 6 8 4 9 7 5 8 1 10 4 2 9 9 3 6 2 2 9 8 1 5 8 6 6 2 6 1 1 3 2 3 2 7 10 1 10 2 1 5 2 2 10 4 6 9 4 9 2 9 6 6 4 4 4 3 1 10 1 1 1 4 7 3 2 8 4 3 6 6 5 2 6 5 1 7 9 4 2 2 4 4 4 7 9 4 5 10 3 4 5 9 10 1 8 7 7 3 3 3 2 1 7 1 1 4 10 8 9 10 3 1 1 6 3 3 3 8 1 6 5 8 4 6 3 9 3 8 10 3 4 1 2 5 4 9 6 4 3 5 7 10 8 4 5 7 7 1 2 1 9 2 3 2 4 7 3 10 6 8 1 4 9 4 2 1 1 4 7 1 2 8 3 5 8 7 7 2 4 3 3 5 2 8 2 6 5 4 6 7 5 3 6 5 9 5 2 8 1 9 5 10 2 5 6 4 4 1 9 6 8 10 3 6 8 8 1 10 3 4 3 3 4 8 6 3 8 4 2 1 8 2 6 4 3 10 9 2 1 7 8 9 8 4 7 7 5 3 9 3 5 5 3 1 3 7 7 3 3 4 4 4 9 3 8 7 3 7 1 10 1 5
4 6 9 9 5 1 3 5 6 8 6 1 9 10 2 1 4 5 8 1 1 6 7 4 4 9 3 1 4 9 7 4 10 7 7 6 6 2 6 10 10 5 8 1 10 6 10 8 1 4 9 7 2 9 3 1 10 6 7 4 8 6 5 7 2 5 9 6 9 6 8 1 4 1 4 1 10 5 1 3 7 8 9 8 6 10 7 1 4 7 9 8 2 9 3 10 7 3 4 3 4 1 8 9 3 9 3 3 7 6 4 6 6 8 8 7 7 1 9 10 5 8 2 8 8 1 9 6 1 4 9 3 2 1 7 3 2 6 4 2 9 4 10 10 2 9 9 6 10 4 1 9 1 10 7 3 6 7 9 4 9 3 6 7 5 7 1 7 5 4 9 8 1 5 6 7 2 1 2 5 3 5 8 10 3 8 10 6 5 1 1 5 4 6 2 1 6 3 3 7 5 5 6 2 5 5 9 4 5 5 5 4 8 4 8 9 3 10 7 6 3 9 4 8 1 9 9 1 2 7 10 6 9 5 7 2 5 1 6 2 9 7 4 8 7 4 6 3 7 3 5 4 6 7 5 7 6 3 7 2 10 3 5 2 7 3 3 10 1 2 6 7 7 9 4 7 1 3 9 3 2 10 2 1 10 1 6 7 10 9 2 8 8 9 7 1 2 1 3 8 5 2 10 5 6 8 3 9 10 6 7 7 3 5 9 10 9 1 3 1 7 1 5 10 9 7 2 7 8 4 7 8 1 2 4 8 4 9 10 5 5 5 9 10 7 5 8 8 2 1 8 5 6 3 5 8 1 8 10 6 5 4 3 1 3 8 10 5 4 7 2 1 3 5 9 6 1 1 9 2 1 5 6 4 1 5 5 3 4 4 9 9 2 10 8 8 8 10 5 7 6 8 10 9 2 6 6 6 3 9 6 3 3 1 3 6 7 9 8 7 2 8 5 6 2 2 9 6 1 9 4 4 4 10 1 8 6 2 10 8 4 1 1 1 3 8 7 2 7 3
1 2 9 4 3 5 9 5 5 10 7 2 5 7 5 6 2 8 7 8 10 4 2 6 1 9 6 4 6 6 5 2 1 8 1 7 10 9 4 10 10 7 8 9 1 4 10 8 8 2 10 1 10 10 4 6 7 7 9 7 3 6 10 10 6 3 3 3 8 9 2 4 1 4 5 3 8 3 8 3 10 10 3 9 3 4 4 5 9 3 3 3 10 10 9 10 2 2 6 3 7 6 6 10 8 2 10 9 6 6 4 4 2 2 4 6 1 2 4 4 1 9 2 7 3 6 3 7 5 8 5 4 1 6 1 8 6 5 4 10 8 8 6 5 9 5 4 3 5 6 5 2 5 2 6 4 4 5 2 10 3 3 5 3 3 3 1 7 6 5 7 9 7 10 5 6 5 10 3 5 6 7 8 7 3 10 2 4 9 6 2 1 6 7 5 4 10 1 9 9 5 4 9 7 9 2 2 3 7 5 4 3 8 1 2 9 7 5 10 10 4 1 8 6 2 9 8 2 7 5 3 1 4 1 8 7 4 6 9 4 1 9 6 4 7 3 5 7 5 5 6 9 4 8 8 2 2 9 7 9 6 4 4 3 9 4 6 1 3 8 5 5 9 2 6 8 2 8 6 2 7 6 2 6 6 4 4 4 2 1 5 8 6 6 10 1 2 6 1 10 4 6 1 3 4 10 3 7 10 5 4 10 10 2 4 4 7 8 6 10 10 8 3 8 5 9 1 3 3 4 7 10 5 7 3 3 1 9 1 10 3 6 5 3 5 10 4 1 1 10 5 10 5 3 1 1 5 6 5 2 5 5 2 4 9 9 3 6 8 8 5 1 9 10 10 7 10 10 9 7 3 6 8 7 9 5 9 9 3 7 10 9 8 2 8 3 6 7 8 7 9 1 1 1 8 4 7 2 2 1 2 9 8 8 10 4 7 10 5 10 8 2 3 1 5 2 7 4 10 1 8 7 10 10 1 4 2 1 8 6 5 6 4 4 5 10 9 5 6 9
4 5 3 10 5 6 8 2 2 1 1 3 7 4 9 9 5 1 1 1 9 5 5 2 7 9 8 4 8 8 10 7 6 10 4 8 2 4 10 3 8 4 10 1 8 8 10 6 9 9 10 2 3 10 9 4 2 5 4 3 5 3 5 4 1 6 9 9 5 3 2 7 10 10 4 5 8 1 2 5 9 9 1 6 2 4 2 8 9 1 5 2 5 5 9 9 10 8 3 9 9 5 2 1 5 10 7 9 4 5 1 10 6 4 6 6 8 4 6 1 5 9 7 2 10 6 1 7 5 10 5 6 2 7 7 9 7 5 9 6 8 6 2 6 6 4 4 8 5 4 10 3 6 3 1 8 9 5 4 8 3 5 5 1 9 6 6 1 1 2 4 5 7 6 2 5 1 9 8 3 9 10 10 2 6 6 2 2 9 1 6 1 7 1 7 9 6 1 7 4 1 5 10 2 4 5 3 3 2 1 6 2 6 7 3 10 7 10 6 6 8 5 1 6 1 7 2 9 1 9 2 9 3 7 3 2 4 10 1 5 7 7 10 7 9 1 5 3 8 4 6 6 1 6 10 6 10 7 6 7 6 9 3 4 10 7 10 3 2 9 3 10 9 1 6 2 9 7 10 5 5 4 3 3 6 5 7 7 2 10 2 8 1 5 7 4 1 5 2 6 1 6 4 3 4 1 1 8 9 1 7 4 8 8 5 10 4 5 1 3 8 6 1 1 2 6 5 7 2 6 1 5 8 9 3 7 6 3 9 5 5 8 4 10 4 4 3 10 4 2 4 8 2 7 1 9 6 3 4 5 7 6 5 9 2 2 8 5 2 7 5 7 9 1 8 1 5 8 7 3 9 7 4 6 1 1 3 8 7 7 4 1 6 2 6 5 8 8 5 2 9 6 6 9 7 1 3 10 7 8 5 7 8 3 9 4 6 8 9 2 9 8 8 4 1 8 5 4 7 3 5 8 3 5 8 4 5 9 10 6 7 7 4 5 2 7 9 9 9 3
3 6 9 4 8 9 9 3 6 2 10 2 10 3 2 9 4 3 1 10 3 2 8 8 3 7 4 3 5 4 3 8 6 6 2 5 2 10 6 5 6 9 1 6 8 1 5 1 10 8 6 7 4 5 10 1 1 5 4 8 9 3 3 5 6 9 5 10 6 5 3 6 1 6 3 1 3 5 5 9 2 4 2 4 3 9 8 10 4 4 8 3 4 7 6 4 2 6 1 7 3 4 10 6 2 7 6 5 7 4 10 10 5 3 2 8 1 2 2 5 4 5 3 7 3 9 3 9 3 1 2 8 9 10 8 8 7 1 6 8 3 7 3 3 4 3 8 3 8 8 8 7 6 5 2 6 1 5 2 6 5 10 3 4 2 3 9 1 2 1 10 1 2 1 2 2 8 7 4 7 10 6 3 10 9 4 3 4 4 6 6 3 3 9 9 7 7 5 2 6 2 7 7 3 8 8 1 10 6 6 2 4 1 6 3 10 4 7 2 3 7 5 3 8 10 4 9 4 6 6 1 6 6 4 9 9 2 7 2 4 7 8 1 7 9 10 7 10 3 8 7 3 9 3 10 7 7 7 3 2 8 2 8 6 7 5 5 5 9 6 1 2 6 10 6 3 2 9 10 6 7 3 1 4 8 8 8 1 4 10 10 1 3 6 4 6 6 4 4 4 9 10 1 10 4 5 3 2 8 10 5 3 3 1 9 7 10 4 6 5 10 6 8 10 5 9 3 7 6 2 1 10 10 1 4 9 4 4 2 6 4 3 9 1 9 7 1 5 4 6 6 10 4 10 1 8 6 6 4 2 1 7 7 2 7 2 4 5 6 6 4 2 7 1 6 2 3 6 3 4 4 6 9 7 3 2 9 3 3 9 2 10 1 8 2 3 8 2 2 7 7 10 2 2 9 2 2 5 1 9 6 3 9 9 2 7 6 7 8 5 2 9 3 3 1 6 7 6 2 9 3 7 9 10 7 10 10 6 4 1 1 6 10 1 5 5 10 8 6 5
3 7 9 5 2 2 7 3 5 8 5 3 9 4 7 4 8 9 4 2 10 4 9 3 9 5 9 5 2 4 1 9 7 7 1 2 6 3 2 7 7 1 2 3 1 3 7 8 5 7 5 9 3 6 6 5 1 7 9 5 2 1 7 5 10 10 1 10 10 3 5 2 7 9 7 8 9 6 4 5 7 5 5 2 8 8 3 1 3 6 9 7 9 8 6 1 6 7 4 7 1 5 1 2 7 1 10 4 10 5 3 7 6 4 4 6 7 2 1 3 10 4 2 9 4 8 3 10 8 8 5 3 4 7 7 9 1 1 4 4 4 9 6 6 9 4 1 8 4 10 7 8 8 2 3 7 2 9 2 7 7 5 9 5 1 8 8 4 1 6 8 7 2 10 9 7 3 4 10 7 7 7 3 6 4 3 1 2 3 4 1 9 7 9 7 8 4 2 9 5 4 5 2 4 5 4 1 2 10 9 8 5 2 2 3 7 4 10 7 2 3 1 8 5 2 8 5 6 7 8 5 7 1 7 5 9 1 7 2 9 3 1 2 10 1 6 1 4 6 4 5 5 9 1 7 10 9 6 3 4 3 2 7 2 2 7 4 3 6 3 1 8 4 6 10 1 6 3 2 4 7 5 8 3 2 7 3 10 6 5 9 5 2 2 8 10 4 9 3 1 8 6 2 3 2 10 5 5 2 10 1 9 5 7 4 1 2 9 2 4 2 7 7 4 10 6 3 6 7 10 10 7 3 3 5 1 10 7 3 5 4 4 8 10 3 8 8 2 10 7 1 8 9 7 9 4 3 6 6 4 1 1 9 6 6 5 10 7 7 9 2 3 4 9 1 2 4 9 10 5 5 9 9 1 10 10 7 3 9 8 3 7 7 7 6 5 5 6 8 4 7 4 10 8 2 5 2 6 8 1 4 8 3 6 1 9 1 9 9 8 10 4 3 3 1 10 1 8 9 8 2 8 3 3 2 7 1 10 7 1 5 10 8 3 7 1 7 6 6 1
1 10 2 1 3 9 3 1 6 1 7 10 10 2 7 2 3 6 7 7 9 6 4 5 1 8 8 8 10 4 7 6 8 1 2 3 7 9 4 8 7 2 4 9 8 8 8 2 3 7 1 3 7 9 5 9 6 6 9 3 8 2 5 10 5 4 5 9 9 10 3 7 5 5 6 8 4 4 6 2 5 4 3 9 10 9 3 1 3 4 10 6 10 7 1 10 2 2 5 2 10 10 6 3 1 9 9 5 5 1 7 3 9 1 9 3 7 3 5 3 10 2 9 4 1 7 8 1 7 10 6 2 4 7 4 8 10 7 5 4 3 2 7 2 1 1 10 9 2 10 5 4 10 7 3 2 6 6 1 1 9 1 9 7 1 2 3 3 4 9 10 10 7 3 10 5 9 3 9 3 4 1 8 1 7 1 7 6 4 3 7 1 4 5 9 2 2 9 1 5 3 2 2 8 1 9 3 6 9 7 4 4 6 6 10 3 5 7 5 7 8 6 2 3 7 7 5 9 8 1 5 7 1 7 8 9 2 4 9 6 4 6 7 2 10 7 7 3 2 2 4 4 9 7 2 7 8 5 3 2 8 7 3 7 10 5 7 1 4 4 5 3 5 9 7 10 7 4 7 3 7 10 4 6 3 6 1 2 5 3 4 5 9 7 10 10 9 8 4 9 7 2 7 1 7 5 8 4 4 7 5 1 4 1 8 5 9 1 4 9 7 6 3 6 10 4 4 7 3 3 7 6 8 9 3 2 5 2 1 7 4 7 2 5 6 6 3 5 1 10 10 9 6 9 5 3 10 5 4 10 8 3 8 8 3 6 3 7 6 1 3 7 1 1 7 4 2 3 10 1 9 7 1 7 2 10 4 5 6 7 5 9 3 10 7 3 4 4 5 10 5 6 6 9 2 5 6 9 8 4 9 6 5 2 4 5 8 2 1 7 9 2 10 4 4 4 10 6 4 10 1 7 5 4 8 1 5 9 3 3 10 9 3 9 8 6 7 2 5 3
1 9 9 9 8 5 3 7 5 9 4 9 4 10 6 3 9 2 1 8 7 5 5 9 4 6 4 7 6 9 1 10 1 1 7 2 5 7 4 5 6 3 10 4 7 9 9 2 1 4 8 1 4 2 3 8 1 7 9 9 8 8 6 5 8 6 8 6 9 3 2 6 8 8 8 3 2 9 4 2 2 9 6 5 2 1 4 5 1 8 4 6 3 6 5 7 5 9 7 8 3 5 2 3 2 8 8 2 10 7 4 4 9 7 7 1 5 1 1 9 3 7 8 5 10 10 2 1 9 8 2 10 2 9 4 4 1 4 10 7 2 3 1 8 6 6 4 5 6 5 1 1 9 7 5 1 1 7 5 3 10 3 9 6 4 7 6 6 7 6 5 3 6 9 3 4 7 4 1 1 4 7 6 4 7 9 10 1 5 9 1 2 10 9 1 5 10 1 4 7 2 2 4 7 1 8 5 9 10 5 6 9 4 10 3 3 9 5 7 6 9 5 9 7 8 4 8 9 5 3 10 4 10 9 9 2 2 7 10 3 10 5 6 9 5 8 10 3 2 6 1 7 1 5 2 9 10 5 1 4 4 4 2 1 4 7 2 6 7 3 10 7 3 6 2 4 5 3 6 1 3 10 6 9 2 4 10 10 2 7 2 6 1 5 4 4 3 3 4 8 10 3 1 6 4 2 1 7 7 7 4 4 2 4 1 2 10 7 5 1 8 10 6 6 8 9 8 6 1 7 5 7 7 5 9 10 8 6 8 9 6 9 6 2 10 7 7 8 7 4 3 7 5 10 2 6 9 6 8 2 8 7 7 10 3 6 3 9 8 8 7 6 8 7 2 6 1 1 6 5 3 6 1 3 7 1 8 4 10 3 9 9 4 5 6 5 3 3 4 2 3 4 6 4 6 6 1 3 2 3 7 10 1 7 6 10 10 3 6 9 1 6 8 8 2 9 7 6 1 7 9 9 7 2 2 8 2 9 7 7 6 6 7 10 1 2 2 4 1 6
4 10 7 8 2 2 10 9 3 6 4 8 10 8 8 3 8 8 8 5 10 5 7 10 3 7 1 5 1 9 2 2 7 6 5 9 7 4 6 6 2 1 2 7 10 4 7 5 10 3 9 4 8 10 1 1 6 6 9 8 8 8 3 2 1 8 2 7 8 10 1 5 2 3 3 3 6 10 2 10 8 8 1 6 9 10 1 4 10 4 3 4 10 9 3 5 8 8 9 3 7 10 2 4 9 10 8 10 6 7 8 1 7 10 2 3 3 6 2 9 8 3 3 3 3 4 9 7 1 10 3 8 8 5 10 9 8 9 8 9 9 9 4 2 5 2 10 9 5 5 10 3 4 7 9 7 2 9 5 9 6 3 4 2 9 4 3 2 6 1 1 2 1 2 9 1 10 3 8 4 9 2 5 7 5 10 5 3 3 6 9 7 7 1 1 4 9 5 3 3 9 4 9 5 7 8 6 1 7 6 10 8 9 9 3 4 9 2 6 7 4 4 6 1 3 2 10 1 4 4 1 8 1 5 10 3 9 10 1 3 1 3 6 10 10 9 9 5 1 3 6 1 7 10 9 8 10 9 10 6 7 7 10 1 6 3 5 3 3 5 1 4 7 6 3 8 3 9 5 2 3 8 3 5 8 6 4 4 4 6 2 5 6 8 9 7 5 10 9 2 8 10 8 3 3 6 6 7 6 10 8 5 1 8 10 6 1 10 9 9 3 5 7 10 2 8 8 1 6 4 4 8 9 5 6 7 3 1 2 9 1 5 4 9 9 8 10 6 2 8 7 8 6 5 10 2 2 5 3 2 1 5 8 5 3 2 9 9 9 6 8 7 1 7 4 3 9 4 10 4 5 1 8 2 1 2 2 1 1 4 4 3 5 10 2 5 1 4 2 9 7 1 7 5 6 8 2 5 3 3 10 7 10 8 3 2 9 1 5 8 9 6 3 6 1 5 4 10 7 4 5 3 5 3 2 9 1 10 3 3 3 10 10 1 1 3 9 7 10 10
3 4 6 9 10 4 4 3 3 8 9 8 10 8 10 9 6 7 9 7 6 3 8 6 3 5 4 6 4 6 9 9 10 1 4 10 3 5 7 7 4 2 9 1 5 4 8 9 2 9 10 1 9 3 9 5 1 8 7 8 8 9 9 5 3 10 9 4 2 3 3 5 2 10 4 2 10 5 9 10 4 3 7 9 6 9 5 10 7 10 1 3 8 8 4 8 3 4 3 1 1 5 10 4 4 8 10 3 9 2 10 1 7 10 1 7 8 3 8 5 5 7 7 6 6 5 2 7 4 2 8 2 2 2 8 3 3 1 2 8 9 5 8 4 1 4 5 4 2 8 10 4 6 5 3 10 2 6 7 9 1 3 2 5 6 8 2 6 2 3 7 5 6 7 1 4 8 3 7 4 1 8 6 8 8 1 8 9 2 7 4 5 3 1 1 7 3 10 10 8 10 7 7 4 9 2 6 9 3 6 9 7 2 6 4 9 4 8 1 3 1 6 4 7 6 8 7 8 6 10 5 2 4 7 2 1 8 6 4 8 1 6 1 1 8 3 4 9 7 1 5 4 7 5 5 5 8 8 8 6 7 6 3 7 3 4 6 3 8 5 6 9 6 2 4 8 6 7 6 5 6 10 8 7 6 1 3 7 1 1 1 3 5 2 6 6 9 1 9 1 6 4 7 9 7 10 9 9 1 8 2 10 10 4 7 8 3 2 2 8 8 5 7 1 2 10 5 7 5 6 7 4 10 1 2 7 4 2 3 1 10 1 7 2 1 6 7 6 8 4 2 5 10 2 6 2 5 1 3 6 5 3 10 6 9 8 9 9 9 6 4 7 4 1 6 3 8 3 4 10 4 10 4 2 2 10 7 2 10 4 4 7 4 8 5 2 3 8 2 5 4 3 4 8 9 10 8 7 4 6 5 5 4 7 9 8 3 6 10 3 7 8 3 6 4 5 2 4 6 5 7 7 1 7 6 2 9 2 3 5 9 3 7 6 5 2 3 8 4 7
1 5 1 3 3 7 8 6 1 3 9 2 2 7 3 4 7 8 3 5 9 5 10 2 3 3 5 7 9 2 7 1 5 4 9 8 2 10 9 2 4 1 4 5 4 5 1 9 8 10 6 7 5 6 2 6 7 3 1 6 5 5 10 6 10 3 6 8 1 10 4 1 5 3 4 9 2 2 3 6 8 2 7 6 9 7 5 7 1 2 10 5 6 4 4 6 10 5 3 9 7 9 6 10 2 8 1 7 3 2 5 8 5 1 5 7 7 8 1 5 2 6 3 1 8 1 7 5 10 4 4 3 5 6 7 9 5 2 7 10 6 3 7 2 8 8 1 2 3 9 1 2 10 3 3 10 2 3 4 4 9 8 3 5 3 9 3 9 1 10 9 6 9 9 9 2 6 1 2 7 10 5 5 9 4 9 4 3 3 6 9 9 7 8 2 10 6 2 8 7 4 5 8 6 2 3 10 1 4 1 2 7 8 1 4 1 10 9 8 2 10 7 8 7 9 8 1 4 7 7 9 8 5 6 9 1 3 5 7 10 7 6 3 3 1 8 10 4 8 3 4 2 7 1 4 4 6 10 5 2 7 9 7 7 5 9 3 10 1 9 7 3 6 1 7 10 6 2 3 9 4 8 4 2 1 9 10 8 3 4 9 2 10 8 8 3 9 2 6 3 6 5 3 9 2 8 2 5 4 1 6 1 8 3 4 9 6 4 4 10 3 5 4 1 1 3 2 9 3 2 9 6 1 5 5 1 1 7 4 8 3 5 4 2 4 9 2 4 4 10 7 9 9 3 2 3 5 8 7 3 1 8 2 7 5 4 4 7 3 3 1 7 7 9 1 10 3 7 4 1 3 6 9 10 7 5 7 3 4 6 6 6 2 10 5 10 8 10 10 3 10 10 1 4 5 7 8 5 1 1 5 1 6 1 8 2 8 2 9 10 2 2 9 5 3 3 9 1 5 1 5 7 2 7 2 3 4 6 10 3 1 2 9 6 3 5 7 1 9 9
2 3 7 8 9 10 8 6 4 1 5 2 8 2 9 7 4 7 9 5 1 7 3 2 10 3 5 4 7 2 7 8 4 7 8 9 2 7 2 3 7 3 9 6 4 4 10 6 5 3 10 3 1 4 7 9 9 6 1 1 3 2 5 7 3 7 6 6 10 2 7 3 6 10 10 8 6 4 8 8 6 4 9 10 10 7 2 8 4 8 8 3 5 4 8 8 2 8 5 6 2 4 6 6 4 9 1 9 3 4 4 8 5 1 3 6 8 8 5 7 1 7 1 10 7 1 9 5 6 8 5 5 6 1 5 9 8 6 2 4 8 3 3 2 7 5 4 10 3 7 3 6 5 6 4 9 7 6 5 4 5 4 9 5 1 3 3 9 4 1 2 2 6 10 7 10 8 3 7 9 7 7 6 10 6 9 5 3 7 8 7 2 3 4 8 9 9 4 9 2 2 5 4 2 1 9 10 7 9 5 6 2 10 6 1 6 1 6 2 1 6 9 10 2 8 6 5 2 4 6 9 2 7 3 6 6 10 4 4 2 9 4 4 4 7 7 6 6 4 9 6 2 3 6 2 8 7 4 5 5 4 6 8 5 10 1 8 2 9 8 4 3 6 9 2 10 7 6 5 2 2 4 6 8 2 5 7 10 3 3 8 8 8 6 3 5 2 9 9 9 5 9 6 8 4 8 4 6 3 6 2 8 7 10 10 6 3 3 1 4 6 8 8 3 3 6 1 2 7 1 3 7 4 10 4 8 7 4 5 6 7 9 10 4 9 10 4 5 6 8 9 2 9 9 5 10 7 5 4 4 10 3 7 4 10 8 4 1 7 4 8 4 8 6 10 1 10 8 9 3 3 7 6 1 9 4 6 8 5 8 9 4 2 2 8 6 3 10 9 2 7 2 2 8 7 1 2 5 5 6 10 9 8 2 9 7 9 8 7 6 9 1 8 8 5 9 5 10 1 7 7 8 6 1 2 10 6 5 2 3 4 9 8 2 8 8 10 8 10 3
4 4 8 6 3 8 6 2 4 3 1 4 3 3 2 1 8 4 10 5 9 10 3 6 3 4 2 2 2 5 3 9 1 10 7 7 2 4 10 7 8 9 2 1 9 9 10 10 5 5 2 3 8 7 4 10 2 7 5 10 6 1 10 7 7 4 4 10 8 9 2 2 6 7 9 7 4 10 10 3 7 1 6 5 5 5 2 1 3 8 8 10 3 7 7 1 6 6 6 8 1 7 7 4 2 2 2 7 1 2 10 8 2 4 1 2 6 3 2 5 6 4 10 2 4 9 7 5 3 9 2 8 6 3 5 5 1 7 3 7 8 7 5 8 3 7 7 8 8 3 2 5 7 1 3 7 8 6 2 5 1 5 1 5 2 4 3 7 3 7 9 2 1 8 3 8 10 5 6 6 3 9 7 3 6 10 1 2 1 5 8 5 7 8 10 1 6 7 10 9 1 2 9 6 10 6 4 5 1 4 7 8 1 9 2 5 7 7 1 9 10 5 2 8 1 5 1 8 9 4 10 9 4 4 9 5 7 8 3 4 5 1 8 2 6 10 5 4 5 7 6 1 6 5 6 2 8 10 2 4 8 10 5 8 9 5 10 4 6 10 5 8 1 1 5 4 10 6 4 9 3 10 9 10 1 3 10 4 10 4 5 3 1 10 2 1 9 3 10 2 10 10 3 10 4 3 10 6 6 5 1 1 1 8 10 9 1 8 5 10 9 10 6 3 1 8 7 10 9 2 1 9 10 6 1 3 7 5 3 1 8 4 3 5 9 8 4 6 9 2 9 6 9 4 8 8 1 3 3 4 6 4 6 10 6 4 1 4 4 1 2 4 10 8 6 3 9 3 5 7 3 9 2 4 1 3 5 9 7 8 3 7 9 9 6 6 4 8 5 8 6 6 7 5 7 5 5 2 2 3 6 5 6 9 6 3 2 8 6 5 8 2 10 5 10 5 5 8 6 10 4 6 4 9 7 9 8 3 5 8 1 10 9 3 3 9 4 2 10 7
2 3 7 3 7 4 1 6 6 2 10 2 2 9 5 4 10 10 3 4 3 5 5 2 5 2 2 2 2 1 1 1 10 8 10 9 3 3 6 6 10 5 9 5 8 4 10 4 7 5 3 8 5 6 2 7 4 10 7 4 3 10 1 8 1 7 6 2 1 3 10 9 8 9 8 8 5 8 4 7 8 10 7 4 3 10 5 6 2 9 7 2 10 10 6 9 10 8 6 8 8 7 1 5 8 3 6 4 4 1 6 1 2 2 1 1 9 10 4 9 3 5 2 7 2 1 9 10 10 2 9 5 9 5 9 5 7 1 7 10 4 2 9 1 7 6 4 6 3 8 10 8 9 4 7 7 1 3 4 8 9 7 9 1 3 7 4 9 1 10 7 7 2 5 8 5 5 5 6 9 3 3 8 7 4 7 6 5 3 3 9 4 10 6 6 1 5 2 9 3 10 1 4 3 2 2 2 9 5 7 2 6 1 9 5 8 6 7 7 1 7 5 6 10 9 3 2 1 1 2 7 4 8 4 6 1 2 1 5 6 7 2 6 7 5 5 6 3 1 5 10 9 7 10 6 4 8 5 6 2 6 9 5 9 2 7 10 3 4 10 9 9 1 6 2 7 8 1 6 10 6 5 8 2 10 1 2 10 5 7 10 9 1 9 4 2 3 10 3 2 10 9 7 6 8 3 6 6 9 1 6 8 10 9 9 5 7 4 10 3 3 9 2 7 8 8 5 3 5 8 4 10 3 4 7 10 4 8 9 5 1 7 7 4 9 8 1 5 3 5 2 2 5 9 10 10 4 1 7 6 3 3 3 7 4 8 8 2 10 7 1 1 7 4 4 3 6 6 1 9 9 2 10 8 4 7 5 7 5 7 5 4 2 9 3 8 9 3 2 4 10 1 5 9 5 2 6 3 3 9 6 1 2 1 4 3 3 4 10 2 7 4 6 8 9 7 10 4 1 7 7 3 10 8 8 6 8 2 1 6 8 4 2 7 4 9 3 4 9 10
1 9 9 1 1 10 2 5 7 8 10 3 10 9 3 5 4 6 9 9 7 2 7 8 1 9 7 9 4 4 1 7 1 8 3 3 9 1 6 3 6 4 10 8 4 6 4 10 2 6 4 5 8 4 4 8 1 7 6 8 1 9 6 7 3 1 2 6 6 2 3 1 6 3 1 6 5 7 7 4 8 2 8 1 2 3 10 3 7 1 8 5 3 4 10 9 3 8 4 5 4 4 3 4 2 7 9 9 3 1 6 7 9 2 6 1 2 9 3 2 4 8 6 1 5 10 4 9 4 2 2 5 4 6 3 7 7 6 7 6 8 1 8 1 9 7 5 6 10 9 9 6 3 7 10 2 9 10 2 3 10 9 2 10 6 5 8 5 10 6 9 3 9 5 10 9 3 8 6 6 4 3 8 5 6 5 5 6 8 10 3 1 7 6 8 10 8 2 5 7 9 7 1 7 10 8 8 7 10 5 6 4 5 6 8 9 7 2 3 1 1 9 4 2 10 8 1 3 2 9 5 2 5 5 2 1 4 10 6 8 9 5 9 2 2 1 8 2 5 9 2 2 10 6 3 1 1 5 3 4 8 9 6 8 2 10 5 5 7 8 9 6 2 9 7 5 7 6 3 5 7 7 7 10 3 6 10 4 3 9 1 1 6 2 3 6 4 8 1 2 9 1 1 6 3 4 6 10 8 2 6 8 7 3 2 2 1 10 2 8 3 7 2 7 2 2 6 3 6 1 10 1 2 9 6 1 5 3 8 8 5 6 2 8 2 8 1 7 2 2 1 1 6 5 2 10 3 1 1 9 10 8 8 9 9 4 7 4 5 6 6 5 2 2 3 3 8 8 3 8 5 5 7 2 4 5 7 6 9 2 10 1 5 2 4 8 5 8 10 7 8 4 8 3 10 5 9 7 3 10 2 4 5 3 2 7 9 9 6 10 6 2 4 7 7 2 1 4 2 7 10 8 3 9 4 8 6 5 7 10 4 1 9 6 6 6 8 5 7 3
3 10 4 9 3 5 7 4 1 9 9 8 4 3 2 7 4 6 1 4 1 6 1 10 8 5 9 6 1 6 1 5 6 1 7 2 7 8 5 2 1 5 3 2 4 6 5 8 4 6 5 5 5 5 2 5 6 3 6 5 8 5 1 1 5 2 10 10 4 4 10 5 7 10 8 10 1 3 4 1 8 9 6 8 4 10 1 9 9 6 1 5 7 2 10 1 3 9 3 6 2 6 1 9 3 4 8 7 3 7 10 7 1 5 2 8 6 2 2 1 4 4 7 1 5 4 2 10 1 8 5 5 8 2 4 9 5 6 3 5 5 9 2 5 3 9 4 6 2 7 8 4 3 3 4 6 4 9 7 4 9 8 6 4 8 8 1 5 6 10 5 10 6 8 5 6 9 6 9 4 5 7 2 5 9 8 8 7 6 7 8 1 7 3 1 10 7 5 5 2 6 1 8 2 6 7 9 3 6 5 3 1 1 10 10 1 6 3 8 4 9 1 1 8 9 3 5 5 9 8 2 7 6 3 3 1 10 4 10 5 5 10 3 8 7 6 7 9 9 2 2 6 8 7 6 3 10 7 7 8 5 3 9 4 6 8 3 4 2 8 6 1 1 7 1 10 3 8 9 5 3 9 9 9 1 10 1 10 6 5 7 2 8 9 8 3 5 5 9 10 7 5 8 8 10 8 8 5 1 2 6 7 5 7 10 8 3 3 2 10 5 5 9 10 5 5 1 5 2 8 2 7 6 1 10 7 3 2 6 10 9 5 7 8 10 3 5 2 5 7 3 6 4 1 6 10 3 4 7 9 3 5 1 7 4 10 2 4 4 8 10 8 5 8 8 2 3 7 7 4 8 5 10 2 1 10 5 9 1 1 3 4 2 5 6 4 8 9 10 4 10 8 5 9 3 8 3 10 8 4 8 10 9 7 6 3 10 8 7 7 6 3 2 9 9 10 8 10 7 2 3 8 5 7 8 8 3 9 2 2 2 9 10 10 9 6 10 3 6 4
1 10 1 3 4 9 10 2 2 2 5 3 10 8 6 10 1 4 9 8 10 2 10 5 10 9 7 2 1 1 5 10 10 6 3 7 10 8 5 10 7 8 1 6 2 9 9 6 4 2 9 3 4 2 7 1 2 3 2 7 9 7 3 2 8 9 2 6 7 6 5 9 2 6 4 9 5 2 6 4 1 4 7 3 5 6 10 7 10 3 2 1 6 2 9 3 6 1 4 10 5 9 7 5 7 7 2 1 7 2 8 5 4 10 7 2 6 1 7 2 8 1 10 3 7 1 8 8 9 2 1 7 9 10 7 3 8 8 4 5 5 6 6 8 10 1 10 1 4 1 10 10 7 10 5 7 2 4 10 3 7 1 5 5 10 2 3 2 6 8 10 9 1 3 3 6 9 9 10 4 9 8 2 9 4 8 10 2 9 6 7 1 3 3 5 3 3 8 7 5 4 10 6 10 6 10 7 7 9 4 2 6 5 2 7 4 3 7 9 10 8 10 4 5 2 9 4 5 3 3 1 2 7 9 10 6 4 6 6 7 8 2 5 7 9 2 4 10 10 9 2 6 2 8 6 1 9 2 4 9 4 1 7 1 2 9 5 5 3 9 8 10 10 7 4 9 10 7 8 5 1 10 9 8 2 4 2 2 3 7 6 9 3 5 6 7 6 5 5 10 2 2 5 8 1 6 1 2 10 10 6 7 8 2 4 8 6 1 9 9 7 3 9 8 10 5 9 5 3 4 2 9 1 9 6 9 2 6 10 5 4 5 2 10 7 2 3 1 6 4 10 1 1 9 1 4 1 1 4 7 8 10 7 6 1 7 8 10 2 10 3 4 6 4 6 10 8 8 10 9 10 2 10 6 5 4 9 4 7 10 8 4 6 3 7 7 9 3 3 10 3 6 8 8 7 4 1 7 2 10 9 9 10 7 6 9 1 2 7 6 9 2 4 8 8 7 1 6 6 9 3 5 6 2 6 7 2 5 5 7 3 6 4 5 4 1 10 9 7 6
3 7 8 9 2 3 4 7 10 5 5 6 10 2 4 6 2 2 4 6 9 3 1 6 1 5 5 7 7 8 4 9 2 7 2 1 8 7 6 2 9 8 4 8 2 8 4 10 10 3 5 2 8 8 8 7 9 9 10 7 8 9 7 7 6 1 2 8 9 9 8 9 3 5 4 6 5 10 3 9 8 3 7 10 9 2 9 2 7 5 5 10 2 5 1 7 9 9 8 10 9 1 3 2 9 3 2 3 4 10 3 9 6 10 3 6 2 5 8 7 3 5 7 2 9 2 4 8 2 5 1 10 10 2 6 4 5 5 2 9 4 8 4 5 5 10 10 6 8 5 2 4 8 2 9 2 6 8 1 2 2 6 2 8 3 5 4 6 4 6 9 6 9 2 10 3 5 5 10 3 5 1 1 4 10 2 7 2 3 7 3 3 9 6 1 8 10 9 5 9 10 4 8 7 7 10 4 8 9 5 10 10 1 3 5 5 1 1 7 6 7 10 1 8 9 9 7 3 9 2 6 6 9 8 1 2 1 1 1 7 1 5 4 8 3 6 6 9 4 10 2 2 2 8 5 8 2 2 9 6 4 7 5 2 2 8 1 9 5 7 7 2 1 10 5 7 3 5 10 8 2 1 9 9 10 1 7 4 3 2 4 7 7 1 7 7 7 1 5 5 6 3 9 3 3 2 7 8 4 8 9 8 6 3 3 7 8 5 2 8 7 7 9 5 9 4 9 3 2 1 10 1 7 1 4 5 2 9 5 6 9 8 6 6 8 5 4 6 2 8 2 5 9 4 8 6 2 9 1 4 2 1 3 7 7 1 6 4 4 9 7 3 2 3 3 8 6 6 2 5 5 9 10 5 7 3 4 10 9 5 4 10 9 1 5 3 8 6 2 2 6 7 10 5 3 6 2 4 7 9 4 7 5 7 1 2 2 3 8 8 7 9 6 9 7 10 2 6 4 1 5 4 10 6 5 4 5 2 8 6 2 6 4 6 7 1 2 5 6 4
2 8 2 9 8 5 6 8 6 7 7 3 2 1 2 7 4 9 8 6 6 10 2 1 9 5 1 6 1 3 10 9 9 5 4 4 9 4 1 9 7 1 10 3 1 1 1 6 6 10 5 10 7 3 2 5 1 5 3 10 8 5 3 5 10 6 10 5 6 10 1 3 10 4 3 4 2 7 4 5 10 3 6 1 6 3 1 10 6 8 3 1 10 6 3 2 6 10 8 1 3 9 4 5 4 8 2 5 10 1 8 6 4 3 6 4 2 2 7 4 5 5 10 4 3 6 10 4 1 3 7 8 6 9 9 10 9 4 6 1 9 1 8 2 6 4 5 10 4 8 5 6 1 2 10 5 9 8 2 10 6 1 1 6 1 10 3 3 8 8 5 4 4 7 8 9 9 4 5 5 8 8 4 9 5 5 10 1 6 8 10 3 9 5 1 4 5 9 5 2 8 9 9 9 3 9 8 8 5 2 4 3 3 3 4 3 7 2 9 3 4 8 8 9 4 5 9 10 6 4 2 4 4 9 9 10 2 8 8 3 9 4 8 9 7 10 8 9 2 5 5 1 8 2 1 9 8 5 3 5 4 8 7 3 5 2 6 1 2 5 9 1 3 3 8 5 6 10 4 8 6 2 5 7 9 7 9 2 4 2 3 1 4 7 7 1 5 6 8 10 3 9 1 3 8 6 10 6 5 4 1 10 4 6 10 5 10 1 7 2 4 2 10 5 3 4 1 10 6 4 8 3 10 1 2 7 7 4 3 10 7 2 1 5 4 8 2 8 6 5 2 10 7 4 10 7 2 1 7 7 6 3 7 9 8 6 9 5 8 9 8 4 4 1 3 9 4 9 9 5 6 9 10 10 4 5 4 10 8 9 8 5 6 1 10 1 8 8 3 2 1 8 2 10 4 8 8 5 10 10 9 2 4 4 4 9 3 8 7 5 10 1 8 2 2 1 3 1 5 4 10 10 9 5 2 9 2 1 10 5 2 8 3 9 4 6 8 1 9 1
4 1 9 10 4 4 5 1 8 1 6 5 3 4 5 2 8 4 3 3 4 5 10 10 7 3 10 1 2 10 10 5 6 4 3 5 1 7 4 6 5 2 4 7 1 6 2 1 2 5 6 8 8 6 9 8 4 7 8 9 7 10 8 1 2 8 5 9 4 7 5 3 8 2 8 4 9 9 7 1 1 10 7 3 4 6 1 10 6 8 1 8 9 7 8 1 5 1 5 10 8 10 1 3 9 10 9 6 1 5 10 4 1 4 7 4 1 4 8 4 8 1 5 7 7 8 1 3 9 5 2 9 5 3 5 2 3 5 10 1 10 5 6 4 8 3 5 9 8 7 1 8 3 2 3 2 8 5 1 1 8 8 8 1 6 8 2 10 3 6 8 6 6 1 7 10 2 8 2 2 2 7 3 1 9 2 9 2 6 2 8 7 8 7 6 9 5 3 10 1 10 4 3 8 5 8 7 8 7 9 10 2 4 5 3 6 4 8 4 5 4 10 6 3 2 3 2 5 5 5 6 9 2 9 9 1 3 8 1 6 7 8 3 9 1 2 1 2 5 5 1 2 2 4 6 9 6 2 8 4 10 6 5 10 6 3 10 7 10 1 8 5 8 10 6 6 3 10 9 5 8 5 5 8 10 7 4 1 9 9 2 1 2 1 8 9 4 10 5 7 1 5 6 9 10 3 5 10 8 5 7 9 6 3 6 6 7 4 10 6 7 9 4 4 9 7 4 8 9 2 10 5 8 2 5 1 9 9 8 4 2 2 7 6 1 2 1 8 9 4 6 5 4 2 7 10 6 8 7 5 1 4 7 6 3 1 6 5 3 8 7 6 4 10 4 3 6 2 5 10 1 8 8 1 10 7 8 10 7 3 5 4 8 3 10 7 9 8 9 8 4 5 3 2 6 3 2 2 2 10 6 10 3 9 10 7 3 1 2 10 6 4 3 5 10 4 8 1 9 7 3 9 4 7 4 4 9 8 7 8 10 2 5 6 8 8 7 1 6 7
5 1 7 10 3 6 9 3 1 5 1 5 1 3 5 2 8 10 8 5 1 3 9 5 10 2 8 9 3 1 7 9 8 10 5 7 8 6 1 8 9 2 6 10 1 9 3 9 3 3 4 2 1 6 5 3 3 5 8 5 3 9 9 5 4 5 5 4 5 6 5 1 2 9 10 9 7 9 3 5 9 5 7 8 9 5 4 2 1 2 6 3 4 5 2 2 9 10 9 5 5 4 10 2 1 2 3 2 8 3 2 9 9 9 1 8 5 3 6 3 4 5 9 7 7 9 6 3 2 8 7 6 10 1 8 8 1 9 5 4 6 1 2 4 5 5 10 9 1 3 9 9 6 4 1 2 1 6 4 6 2 3 10 9 7 2 8 3 10 7 9 3 6 3 5 1 1 6 10 4 4 3 5 9 1 6 2 4 4 1 8 3 8 4 6 7 3 5 3 4 1 5 9 5 3 9 2 3 6 7 7 5 4 4 10 8 3 7 5 7 2 8 3 1 9 4 7 1 5 7 10 10 1 7 7 7 2 1 1 3 5 10 2 1 10 7 5 6 5 10 4 6 7 5 10 2 3 4 9 8 7 7 1 1 4 2 4 5 6 6 6 4 7 7 8 3 5 2 9 8 6 1 7 1 10 5 2 3 3 2 1 4 1 4 7 10 7 9 10 8 7 4 2 7 10 3 8 5 7 5 5 1 9 2 4 8 5 5 1 1 1 4 8 7 4 9 6 7 9 10 6 2 8 5 6 3 10 3 7 4 7 8 1 5 5 2 9 2 3 10 8 9 8 1 1 10 5 10 8 8 9 3 5 5 7 7 8 10 5 9 7 7 6 6 8 1 2 6 10 10 1 3 5 4 4 1 9 3 9 8 5 6 2 4 7 5 3 2 8 7 1 7 5 10 8 7 9 10 3 6 3 2 10 4 4 9 4 7 3 4 2 3 2 8 8 5 10 5 1 8 3 10 8 9 8 6 5 6 1 10 3 1 9 4 6 4 3 6 9 10
4 5 7 6 7 8 9 1 1 8 8 3 5 6 10 3 5 3 7 5 3 8 10 10 4 6 9 7 10 6 8 1 9 3 5 8 10 6 10 7 6 4 9 4 1 10 4 9 6 5 8 2 9 1 2 7 5 7 2 8 7 6 6 1 5 1 9 8 8 7 6 2 10 8 2 10 8 7 10 4 8 5 1 2 6 8 8 4 3 7 5 8 5 3 3 5 8 6 6 3 6 1 3 7 3 2 6 5 2 10 5 9 4 8 1 6 1 10 7 5 2 5 1 2 2 5 10 4 8 5 7 2 4 1 5 3 8 1 10 9 5 10 2 3 1 4 5 6 4 10 6 9 10 6 3 10 4 4 7 7 10 6 3 9 2 5 3 1 4 2 1 10 2 1 6 4 2 6 4 6 1 3 10 4 5 2 8 5 9 9 9 8 4 10 2 6 3 9 10 5 8 6 1 2 5 4 7 6 3 1 3 7 7 10 10 6 10 3 4 8 9 6 8 7 2 5 2 6 1 8 10 2 5 5 7 3 6 10 1 5 5 10 10 10 3 3 8 8 1 8 2 9 1 9 7 7 10 10 2 5 5 5 5 10 10 10 2 8 8 10 7 8 1 3 2 5 8 8 3 1 3 4 1 2 2 4 5 6 6 7 8 4 4 4 2 6 6 10 6 3 5 6 6 6 3 5 1 7 3 8 1 8 2 4 10 7 7 5 9 9 8 3 5 2 4 2 4 9 5 2 9 7 6 6 4 8 10 4 8 10 9 6 2 1 4 7 4 8 1 5 5 4 5 3 8 5 4 4 3 8 9 9 8 2 8 5 8 3 4 2 5 3 8 2 6 3 3 7 4 3 10 3 10 8 9 9 1 7 7 10 4 9 9 9 7 10 7 9 4 5 2 10 9 4 5 6 4 1 10 4 2 2 6 3 8 3 10 3 8 3 8 1 3 9 1 2 2 10 10 9 6 6 5 8 5 9 4 10 10 1 7 3 9 9 10 7 7 4 8 2
5 8 3 7 2 7 4 9 9 9 2 1 2 10 2 6 1 9 9 5 4 5 4 4 10 8 9 7 8 8 7 6 7 3 6 4 10 3 9 6 3 9 4 1 2 5 7 4 2 2 8 3 6 4 5 3 10 8 2 6 6 7 3 2 8 9 9 4 2 5 10 10 7 6 10 4 3 5 5 3 3 6 5 9 4 7 5 6 5 1 7 9 3 9 10 9 6 6 6 1 1 1 2 5 6 8 2 1 2 5 1 3 5 4 3 10 8 9 7 7 1 8 3 2 9 5 4 4 8 3 1 1 8 8 9 10 5 4 4 4 10 8 7 7 6 4 5 3 4 7 7 5 10 7 9 7 4 6 6 8 3 1 2 10 4 5 4 6 3 9 9 4 2 8 10 9 10 5 6 7 7 8 4 2 7 4 2 8 8 9 5 5 7 7 4 7 3 7 10 8 4 3 1 5 8 1 10 10 7 4 5 4 8 7 10 6 3 6 7 3 7 8 4 4 5 2 9 5 4 10 10 10 4 2 7 5 5 8 3 9 3 3 5 8 6 1 6 2 10 3 10 3 5 8 8 1 7 7 5 8 7 6 6 6 4 4 3 8 1 9 5 4 6 2 7 2 7 8 2 1 2 10 6 1 2 5 6 5 10 4 8 9 4 4 1 7 6 8 7 8 4 10 8 10 7 5 5 3 8 4 5 7 4 1 4 10 9 3 5 3 9 10 1 8 8 8 9 1 2 2 8 4 5 5 10 1 7 1 2 4 4 4 3 2 1 3 9 3 1 3 10 6 2 4 9 1 1 1 8 6 2 5 8 4 3 7 2 9 8 1 9 5 2 7 4 8 3 8 8 5 3 7 10 4 8 10 1 4 8 7 5 9 7 3 5 5 2 6 7 5 9 4 10 10 6 8 5 3 1 5 1 3 6 5 3 5 1 10 6 4 9 1 8 2 9 1 1 4 3 7 9 3 9 1 7 4 8 5 9 1 1 5 6 5 1 4 2 6 9 9
2 4 6 3 6 5 10 10 9 4 8 4 9 2 10 7 2 2 9 9 6 5 7 7 9 1 2 1 6 10 8 1 3 1 1 5 8 2 8 7 1 7 7 6 4 10 6 5 3 7 2 5 8 8 4 9 5 5 9 5 2 3 6 8 4 1 1 3 10 3 5 3 9 1 10 2 10 6 8 7 1 6 8 3 5 9 8 1 2 8 10 5 7 8 4 10 8 2 4 10 5 1 8 6 7 10 9 3 2 8 2 5 7 8 9 1 6 3 8 4 7 7 7 2 7 9 1 2 2 6 4 4 3 6 6 8 9 1 4 8 5 3 6 2 2 9 10 5 2 8 2 3 3 10 10 4 9 8 7 3 1 8 5 9 4 8 8 9 2 7 9 9 9 7 3 1 2 2 9 7 1 8 5 7 6 10 1 5 4 1 7 7 1 1 3 7 1 3 4 4 6 1 6 9 9 4 7 1 7 9 4 9 6 10 2 3 4 4 2 2 4 3 2 2 2 6 7 10 1 7 8 8 6 4 4 5 9 9 1 8 1 2 8 1 1 3 8 5 1 10 10 7 6 1 5 7 7 2 2 6 7 9 4 3 8 5 1 4 8 3 5 7 8 8 8 9 7 9 10 4 8 8 9 2 9 7 10 7 5 1 8 10 1 5 8 9 10 1 4 3 1 3 7 7 8 6 6 1 5 1 3 3 9 8 8 4 3 9 4 9 6 7 4 9 7 6 2 1 5 6 8 9 9 1 8 3 7 3 1 6 5 6 5 2 9 4 3 5 5 2 3 8 3 9 7 5 1 9 1 3 10 3 2 5 9 5 1 3 7 8 2 2 5 9 8 8 4 10 9 4 2 4 5 4 3 1 1 6 2 2 1 5 3 6 9 7 6 2 1 3 6 6 8 8 3 5 5 4 5 8 7 9 1 9 7 4 2 4 7 6 9 9 9 8 6 4 6 3 10 8 4 8 4 5 2 10 4 8 6 1 5 4 6 9 3 8 3 6 7 6
4 4 10 8 6 3 6 2 1 3 1 5 8 10 2 7 2 6 1 9 4 4 10 5 10 9 6 7 7 9 4 6 2 3 7 6 1 7 10 7 6 4 1 9 6 1 8 6 2 10 8 2 10 3 3 5 9 9 6 1 7 9 10 8 3 10 9 2 7 8 8 6 7 7 9 6 8 7 2 6 4 6 5 8 8 1 1 1 2 8 2 8 6 7 5 7 6 8 8 2 5 5 3 7 5 8 5 9 2 1 10 8 8 4 5 8 6 7 5 2 1 10 1 1 1 2 3 1 7 9 2 6 4 7 8 8 2 9 8 2 8 6 5 9 5 8 2 4 6 4 1 5 10 7 2 3 3 4 6 10 7 4 9 9 2 9 3 10 7 10 5 3 3 10 1 5 1 8 10 7 6 3 8 8 7 6 4 6 3 9 6 3 7 1 6 9 7 10 4 7 10 9 6 8 5 7 9 1 1 9 8 6 4 5 9 4 4 5 9 2 5 7 10 8 2 2 10 10 4 8 10 4 1 5 10 9 9 5 3 6 2 1 3 9 10 4 6 3 3 2 5 4 3 6 8 3 4 3 3 7 7 2 2 4 10 2 8 2 4 10 2 4 1 9 4 7 5 10 7 3 8 3 10 10 9 10 1 3 9 7 4 8 4 10 9 1 2 6 9 4 9 10 6 1 5 8 4 7 2 1 10 10 10 8 2 8 4 3 8 1 4 3 3 9 7 8 8 1 3 3 7 9 3 9 6 9 5 8 2 8 1 2 5 2 7 2 6 5 2 10 1 4 5 6 6 7 2 1 10 8 2 8 7 2 3 7 6 6 5 9 6 8 5 8 4 8 6 10 9 9 8 10 5 4 10 8 6 9 4 2 5 7 7 4 10 10 5 1 2 10 5 8 10 9 4 2 2 3 3 1 7 2 7 5 7 4 10 7 5 7 7 1 9 9 4 5 2 10 1 7 8 8 4 5 6 4 4 6 8 10 5 5 10 5 3 5 3 10 3 4
3 4 10 9 9 2 10 8 2 2 9 9 4 6 10 10 4 1 4 8 5 5 6 6 7 9 2 2 1 2 7 5 5 9 5 6 8 6 8 6 9 5 9 5 3 9 4 10 5 7 3 2 8 5 9 7 8 9 5 9 1 9 6 10 2 6 3 3 4 8 2 5 8 8 9 7 5 10 1 4 10 5 7 7 9 10 2 7 1 3 8 4 3 8 3 10 7 9 5 2 9 2 9 2 5 6 7 9 1 6 6 4 8 8 3 1 3 2 2 1 8 10 8 10 1 4 1 1 4 2 10 3 8 7 5 2 5 8 10 4 1 1 10 2 3 5 1 6 2 5 5 8 2 9 3 4 3 4 6 10 9 8 10 5 8 3 4 3 4 4 1 10 1 9 10 6 9 5 8 7 7 6 8 9 1 9 9 1 5 4 1 4 9 1 7 3 9 4 10 5 4 6 6 7 1 2 7 8 3 3 2 8 1 8 10 6 6 4 9 5 3 6 2 4 5 4 1 4 6 3 3 6 1 4 3 4 6 1 7 5 4 9 4 1 10 7 5 5 8 1 8 9 1 3 5 3 5 5 10 1 2 5 10 8 2 5 4 5 8 6 8 8 7 4 4 10 5 8 2 1 5 10 1 1 3 6 5 5 4 2 5 8 5 10 8 8 3 10 4 5 7 8 9 4 3 7 3 1 4 6 6 10 6 6 5 3 6 7 1 4 4 10 8 6 1 3 2 2 7 2 2 3 6 4 9 8 6 3 9 2 2 9 3 2 10 7 9 2 2 4 1 6 4 5 2 7 2 2 8 10 6 2 3 3 4 7 10 7 2 5 1 4 7 3 2 10 5 8 10 10 2 4 1 7 1 9 1 1 6 3 3 2 6 10 1 2 9 1 5 10 8 1 1 3 8 4 6 5 8 2 7 4 7 7 10 8 1 6 9 1 9 2 7 5 3 10 5 2 3 8 9 1 1 10 6 2 10 9 8 5 9 9 5 10 3 5 6 10 1 8
5 4 10 6 6 2 5 9 7 6 4 7 1 1 9 6 9 7 1 9 5 6 6 1 8 4 3 1 6 9 2 5 1 7 2 9 4 9 10 10 3 10 2 4 6 7 5 7 6 6 6 4 3 2 7 9 7 7 1 9 2 5 10 4 7 6 3 10 10 6 9 8 1 4 7 9 9 8 9 9 6 3 3 3 8 7 10 6 8 8 1 10 2 4 2 1 5 2 2 6 2 3 10 7 3 6 3 8 10 10 7 2 2 5 4 10 1 1 3 8 5 5 7 10 9 1 10 4 3 2 7 3 7 3 7 1 10 5 4 8 9 2 4 8 9 9 8 2 1 7 6 6 3 9 6 8 3 5 9 5 1 4 1 2 9 7 6 3 2 9 2 9 9 1 7 2 7 7 4 2 7 3 6 10 10 2 10 5 2 3 3 9 10 8 3 1 7 10 8 6 2 8 2 2 10 4 5 2 1 6 8 2 2 6 3 6 3 4 7 6 5 5 2 4 5 6 7 1 8 3 5 9 10 1 9 2 5 1 2 10 5 9 6 5 6 5 9 6 6 6 2 5 2 1 2 6 1 6 9 6 1 9 10 10 8 2 8 10 3 1 3 5 5 3 3 5 1 9 8 2 4 10 10 3 8 4 10 4 5 4 3 7 9 3 10 2 3 7 6 9 3 7 5 9 2 8 4 1 5 1 1 10 10 3 6 9 7 3 10 6 6 2 3 10 10 9 9 3 8 4 4 9 5 8 4 9 4 1 2 10 7 4 5 8 7 7 10 5 2 10 7 10 3 1 9 5 7 6 9 1 6 9 8 9 4 2 6 1 8 4 3 9 5 1 2 10 7 9 1 1 9 10 5 3 1 3 9 8 4 8 9 9 10 1 6 2 2 1 5 6 10 6 2 8 10 8 10 3 9 8 8 4 4 6 7 5 10 10 5 10 1 7 4 1 1 2 8 7 3 8 8 4 2 2 4 9 9 3 2 7 6 2 4 1 8 3 7 8 6 2
5 10 2 5 5 5 2 2 1 3 5 9 9 7 5 5 1 1 4 1 1 4 8 1 9 8 3 4 9 5 6 9 6 6 4 3 4 9 2 3 7 5 9 8 8 10 8 8 1 1 10 10 3 6 2 2 3 7 7 6 3 8 4 3 5 10 5 5 10 2 10 2 6 1 10 10 10 6 4 1 10 10 3 1 9 5 10 2 9 7 2 1 10 5 6 5 6 8 2 5 10 5 1 8 5 3 1 4 7 2 1 3 8 4 8 5 7 5 9 6 2 9 10 9 10 1 4 1 3 3 3 2 10 5 1 1 4 2 1 6 2 9 5 10 2 7 1 1 5 6 10 5 4 3 6 1 9 1 5 3 1 8 8 8 7 5 8 9 4 1 10 10 1 4 4 9 2 5 3 1 2 5 10 6 1 3 3 6 3 5 1 1 6 9 8 6 4 9 7 10 8 5 6 10 2 4 7 4 1 2 5 5 10 7 5 5 5 9 4 1 9 4 2 6 1 3 4 8 10 9 2 2 4 10 1 7 2 7 4 2 5 6 6 10 10 6 10 9 2 9 7 3 5 3 2 1 3 4 2 5 9 6 10 8 5 8 6 6 8 1 1 7 6 5 4 10 8 3 4 1 1 8 8 8 4 2 3 8 6 4 1 4 7 10 10 8 2 2 10 9 6 2 3 2 5 8 9 9 2 2 4 6 2 2 9 2 9 6 5 4 6 2 6 3 4 6 6 6 1 3 2 10 9 4 7 3 10 2 10 2 7 1 10 6 3 8 1 3 8 9 5 6 2 7 7 10 6 4 5 9 6 4 9 8 9 5 9 7 1 2 8 2 2 2 6 10 10 9 3 5 8 3 1 1 5 9 1 2 1 4 5 9 1 2 5 7 10 3 1 4 6 2 9 5 6 1 8 9 7 4 7 8 2 4 1 9 5 5 9 9 6 8 2 8 8 2 5 2 6 3 4 1 10 5 8 1 6 1 2 7 8 3 3 9 6 5 6 1 4 8
1 6 1 4 8 9 3 10 4 10 8 8 7 10 6 1 4 5 4 3 1 2 7 6 1 8 10 1 7 7 3 6 7 7 10 6 3 8 9 9 7 10 5 5 3 3 1 6 3 5 5 2 6 10 5 3 3 7 7 8 2 4 9 5 3 2 6 8 7 8 2 1 2 8 4 10 9 4 6 5 7 9 1 2 10 9 2 1 3 6 8 8 1 10 6 4 9 7 3 1 3 3 2 6 10 2 6 6 6 5 10 5 1 3 9 4 7 3 7 3 8 2 9 1 2 10 4 4 9 5 4 5 1 3 8 1 10 6 9 1 8 7 3 7 4 8 1 1 5 9 5 9 9 10 3 3 1 8 9 9 3 7 6 7 10 4 8 6 9 10 5 8 6 7 8 9 1 9 5 2 3 2 1 1 4 10 6 4 7 9 10 5 10 8 1 5 4 2 6 4 6 3 1 3 7 9 8 4 4 2 2 10 2 9 4 3 5 3 2 2 1 4 8 8 7 5 8 3 9 7 6 5 9 10 8 10 8 2 1 2 10 3 4 6 1 8 9 9 10 8 9 10 9 1 4 9 8 10 5 5 2 3 10 6 9 10 6 7 3 9 3 9 7 7 3 7 6 7 3 9 3 8 7 7 2 7 6 1 3 9 5 9 5 1 7 6 9 7 2 4 9 2 1 5 9 4 7 2 6 3 1 1 1 8 3 5 3 5 4 4 6 3 3 1 2 10 7 10 3 1 1 9 4 10 8 5 8 4 7 7 8 8 5 3 9 10 1 4 6 2 7 9 5 2 3 4 4 5 8 4 2 3 1 2 4 6 9 6 10 1 10 10 7 9 5 5 8 10 10 2 8 1 6 5 1 8 10 2 6 3 6 6 6 8 2 3 2 4 2 7 5 8 9 4 7 2 7 10 2 1 8 7 5 4 7 2 8 3 1 6 4 4 3 5 4 1 9 2 7 5 10 4 1 6 4 8 9 8 9 9 7 8 1 5 5 2 9 9 10 3
4 2 8 5 1 8 10 3 10 7 4 8 9 9 10 10 4 5 8 1 4 2 1 7 3 1 2 6 5 5 4 1 4 7 2 8 9 8 6 6 7 4 3 6 4 6 3 9 9 3 4 8 6 1 2 8 9 6 9 4 9 2 8 4 3 1 3 3 2 5 1 9 6 1 8 5 7 9 3 6 6 10 1 6 2 1 4 2 9 1 10 8 2 7 5 4 7 8 3 9 5 10 9 1 4 1 9 5 5 1 6 9 1 5 10 5 8 1 3 10 4 7 7 7 9 7 6 9 1 7 10 6 9 6 6 6 2 8 4 2 8 2 3 5 7 5 6 8 10 9 10 2 9 10 9 2 2 3 9 10 10 2 3 5 4 6 3 1 5 3 9 3 1 5 10 4 8 6 8 6 5 1 10 4 10 7 6 1 6 6 5 6 9 5 9 4 7 3 4 7 7 5 9 9 3 6 7 6 9 8 2 9 10 8 5 5 8 3 1 4 5 9 1 5 8 6 5 6 6 5 10 8 1 3 1 7 6 7 6 7 1 6 10 7 3 1 6 10 4 7 3 3 4 1 1 3 1 8 5 2 3 8 10 10 2 9 1 5 4 4 6 4 5 9 9 1 7 1 4 2 1 9 5 1 5 5 5 6 6 3 2 4 3 9 2 2 1 2 3 2 2 10 5 7 6 9 8 5 9 8 7 9 9 10 2 8 5 6 9 9 8 2 2 2 1 2 5 3 7 5 5 9 10 2 5 9 5 10 4 5 1 8 9 10 8 5 9 7 3 6 3 7 5 8 3 5 8 3 6 8 1 5 9 6 3 9 1 1 6 6 4 4 6 5 1 3 4 7 7 9 7 10 6 9 6 8 7 8 4 3 3 6 1 8 3 4 3 2 6 6 8 1 10 2 2 2 6 4 10 6 3 2 1 2 6 9 5 4 6 10 9 7 5 9 8 3 10 2 5 7 2 6 6 9 4 2 7 7 6 1 2 10 2 9 5 9 10 6 1 3
1 6 9 10 10 1 6 9 4 1 4 9 7 3 1 4 6 2 3 2 9 7 5 5 3 5 3 9 6 4 3 7 2 9 8 5 3 2 5 10 4 7 2 4 9 7 2 2 2 6 6 8 10 4 6 3 7 7 8 3 5 6 7 6 3 6 1 2 10 8 8 5 6 9 4 9 5 9 6 7 3 9 7 5 7 7 8 6 4 5 8 2 1 9 8 9 9 7 5 5 1 3 6 7 9 3 5 10 7 3 2 6 6 6 6 9 10 1 3 2 5 3 7 3 4 6 1 9 4 6 10 7 3 3 5 6 10 10 2 7 6 8 8 2 8 5 1 9 9 8 5 2 7 7 4 3 5 9 2 10 9 4 4 10 10 5 9 4 5 2 2 5 6 4 5 5 2 4 8 6 1 5 3 9 6 5 2 7 6 9 4 9 9 8 9 3 3 9 6 7 2 3 5 8 6 5 5 4 9 5 5 2 8 8 2 1 7 6 5 3 2 2 1 3 4 8 6 2 2 3 3 2 9 4 4 9 1 10 2 3 3 5 4 4 8 10 8 4 2 1 1 7 10 9 5 8 1 1 6 8 9 9 7 6 9 6 3 9 6 10 6 7 3 1 3 10 3 3 10 9 9 3 5 10 5 5 1 7 3 3 10 9 3 3 8 6 2 5 5 10 5 7 6 8 7 3 2 4 10 1 1 10 2 3 6 7 10 1 5 1 2 4 10 6 1 6 6 2 1 4 2 10 5 4 9 6 1 9 9 1 2 4 7 5 1 2 9 4 9 8 2 8 6 3 3 6 7 2 10 4 4 8 2 3 6 8 10 4 6 8 8 1 5 3 8 5 6 9 7 5 7 2 6 3 10 8 1 5 10 2 6 4 5 5 7 9 9 4 9 3 5 2 6 1 2 2 9 3 4 7 4 9 5 8 6 4 1 6 2 1 7 3 8 8 7 5 5 6 1 6 7 6 3 1 1 10 10 3 1 7 10 2 3 4 2 10 7 7 6 3
1 2 7 2 1 7 4 2 4 3 10 2 2 10 2 2 7 2 8 7 10 1 1 6 5 9 7 3 9 9 4 3 2 1 2 10 2 5 1 3 8 10 2 1 5 8 6 1 6 5 5 10 10 6 1 1 1 10 2 6 4 2 7 6 7 4 5 6 2 1 8 3 3 9 3 2 4 7 5 7 2 8 1 9 2 10 7 8 3 6 8 7 1 2 1 3 8 6 1 3 5 10 2 4 5 9 8 5 1 8 4 2 9 8 10 4 1 9 7 10 6 1 6 10 4 4 2 2 10 8 7 9 1 8 1 9 1 4 1 3 8 1 6 4 4 10 1 4 5 5 9 4 2 2 9 2 4 6 7 2 9 3 4 7 3 6 7 5 9 3 10 7 6 7 9 9 5 9 1 2 4 9 2 8 6 9 9 2 3 10 2 1 9 3 8 10 4 8 9 5 10 6 2 2 1 8 1 2 1 7 4 3 3 1 10 9 7 1 2 9 7 6 4 1 3 8 4 5 3 7 7 10 5 1 3 5 3 8 10 6 8 1 4 6 4 5 8 3 5 3 8 6 6 7 10 4 3 9 10 9 2 10 9 4 5 8 8 3 2 2 5 2 5 6 2 6 10 6 7 1 4 6 10 7 1 5 8 9 9 4 7 5 5 6 4 5 10 2 3 9 9 6 3 3 1 7 2 1 10 9 10 1 4 5 10 7 6 7 10 2 10 10 6 9 2 4 8 9 1 4 2 4 7 3 3 10 8 8 1 5 5 1 9 9 7 7 3 2 4 2 7 7 10 1 7 4 6 6 9 8 6 3 1 1 1 6 3 8 3 9 7 2 3 3 9 2 2 8 8 2 6 2 1 6 6 5 9 4 9 2 2 4 5 8 3 6 3 2 10 10 10 4 10 10 3 10 10 1 7 8 6 6 10 4 9 4 5 9 7 3 5 2 1 4 8 2 1 2 6 6 6 1 10 1 2 6 1 10 4 6 9 6 7 6 3 8 10 10 6 4
5 8 4 6 5 5 3 9 6 5 4 10 10 3 3 6 4 4 5 4 6 1 1 1 2 10 9 9 5 1 10 9 10 1 6 9 10 9 8 4 3 5 1 1 2 10 10 1 1 1 3 5 2 6 8 8 5 3 5 2 10 10 5 1 5 8 10 2 3 9 7 1 3 10 9 8 2 8 8 4 6 3 7 8 7 5 8 2 8 1 2 1 7 2 7 7 9 9 8 5 7 2 4 3 10 3 5 3 3 6 6 3 2 8 4 3 7 6 9 8 10 4 8 7 7 3 9 7 2 8 7 10 1 3 3 1 7 5 2 6 1 8 5 9 3 8 9 1 1 6 8 3 3 8 2 8 9 5 2 9 4 5 9 5 1 3 7 9 1 1 2 10 3 9 7 6 5 8 9 2 10 3 6 5 6 3 10 7 4 8 6 5 10 7 2 1 9 10 10 3 1 5 9 1 9 1 10 1 9 2 4 3 8 1 7 7 8 10 4 1 6 9 4 2 9 4 9 8 4 6 5 9 1 2 10 7 7 2 6 5 2 2 6 1 8 10 4 4 10 5 2 2 4 8 5 1 5 5 1 1 1 2 4 5 1 5 5 8 2 7 10 6 1 8 1 4 4 3 2 4 3 9 1 7 6 5 1 8 7 1 1 2 9 8 9 5 5 3 10 1 6 2 1 2 5 1 7 4 5 6 7 2 10 7 5 10 1 10 5 8 1 5 3 3 6 4 5 5 2 6 10 7 3 1 7 9 3 7 5 10 2 5 7 2 4 2 2 4 9 3 2 8 10 2 4 2 4 7 10 8 1 3 10 8 9 10 2 2 5 8 2 6 9 7 9 3 9 3 2 3 5 7 1 2 10 6 9 6 6 3 6 1 4 4 3 1 5 10 9 3 8 8 2 4 3 3 4 9 1 8 5 1 4 2 3 5 7 7 7 2 8 3 8 6 3 9 5 9 2 4 8 7 1 10 3 4 2 2 8 4 4 5 1 4 1 6 7 8 6 3
4 3 6 7 1 8 1 4 7 2 4 9 3 5 2 5 2 5 10 10 9 10 6 5 3 1 10 4 10 2 2 3 6 10 6 6 5 5 5 10 9 1 2 9 7 1 4 7 9 3 9 6 6 2 9 8 4 7 2 7 3 6 6 5 10 2 10 9 3 3 3 1 5 3 3 1 8 1 3 9 5 1 7 7 3 9 3 8 10 5 7 2 8 6 9 7 2 9 7 3 9 2 7 4 3 1 6 8 7 2 8 2 7 4 10 10 3 9 8 4 3 6 7 7 5 1 8 5 9 5 6 10 3 1 6 3 5 9 4 8 8 8 3 6 4 10 6 9 1 9 2 7 4 8 6 5 7 2 6 9 1 4 2 4 5 5 8 7 1 2 10 10 3 2 7 5 6 7 5 10 3 3 2 6 5 6 9 2 8 10 8 8 4 3 10 8 7 4 2 8 8 6 2 6 3 1 5 4 1 5 7 8 8 3 9 9 7 5 10 1 5 10 6 9 4 9 3 8 10 2 4 5 1 2 10 1 4 3 4 4 5 10 2 5 4 5 10 8 2 3 1 5 2 2 6 5 10 3 6 9 9 3 5 9 7 2 7 4 8 3 1 7 3 10 2 7 2 7 6 4 9 4 6 1 6 6 6 7 6 9 7 5 5 5 8 3 5 7 9 5 5 8 8 4 3 9 3 6 3 6 4 9 9 6 9 5 2 3 2 8 8 9 9 5 5 2 2 3 8 2 4 10 7 10 4 10 4 3 2 3 7 6 4 2 8 7 2 5 6 4 9 1 1 2 5 1 5 3 4 3 10 1 8 9 9 3 4 9 9 5 6 6 8 3 6 5 3 4 5 7 3 10 8 8 5 8 5 2 4 2 3 7 9 3 9 2 8 9 10 1 6 10 5 2 2 10 7 3 3 1 5 3 1 1 9 4 9 9 5 4 2 5 1 7 6 1 7 2 3 4 2 6 9 10 8 7 3 10 1 1 2 4 10 9 1 9 9 1 8 1
4 1 8 8 8 6 3 1 8 7 3 7 1 8 9 1 8 10 9 7 10 1 1 1 3 4 4 1 6 6 3 5 3 2 5 4 4 9 5 6 4 1 1 9 2 2 5 3 7 9 6 4 7 3 7 7 3 8 10 2 5 6 10 5 3 6 10 9 5 3 8 5 9 7 10 7 1 6 10 1 7 6 3 5 6 3 7 5 5 5 5 2 5 8 9 2 8 8 4 1 9 8 2 3 3 2 2 8 5 10 9 1 3 6 9 6 1 8 4 8 9 7 6 7 10 4 5 4 4 2 3 8 6 3 7 3 5 3 2 5 1 4 1 3 2 5 4 10 8 5 8 4 5 6 1 3 9 8 9 6 8 6 6 9 7 6 4 1 4 1 5 7 10 2 2 7 5 8 2 7 3 2 1 8 7 8 1 2 4 5 10 8 1 5 1 10 5 4 6 3 6 2 10 2 7 7 4 7 6 6 10 3 4 9 3 3 1 4 1 1 8 7 1 7 2 1 5 1 6 5 9 10 2 4 2 2 6 9 8 1 10 3 7 3 5 9 3 4 5 6 5 7 1 6 9 4 10 8 4 6 6 5 8 5 4 6 9 10 2 6 5 3 2 10 3 3 8 4 5 2 7 3 1 3 9 9 10 10 7 2 5 10 6 9 2 2 7 2 7 8 9 4 2 6 6 8 8 3 1 1 7 6 8 7 8 10 6 8 5 1 2 1 1 10 3 9 5 5 3 1 10 9 3 7 3 10 10 7 3 1 5 9 6 4 1 8 5 5 9 1 6 1 4 10 2 5 4 2 10 3 3 10 6 10 9 3 3 3 1 3 8 3 3 9 6 3 5 1 8 7 6 4 9 1 7 2 3 9 6 5 6 8 1 8 3 8 8 10 10 6 2 9 10 2 9 1 6 8 9 5 7 10 1 6 9 6 10 4 2 5 8 9 10 4 3 5 8 6 10 6 6 1 4 5 1 8 5 9 4 4 7 9 8 9 3 6 2 7 7 7
3 6 2 2 1 4 8 6 10 5 3 1 8 4 9 1 2 3 5 6 2 1 3 6 2 5 1 3 1 2 7 4 2 7 3 4 4 2 1 10 8 4 9 1 2 9 1 1 6 2 4 10 8 4 8 3 8 9 10 4 2 8 6 1 10 10 5 3 4 9 1 7 9 10 1 4 9 3 8 2 10 4 5 6 6 9 6 10 2 3 8 7 3 3 3 9 10 3 8 2 9 10 3 4 9 10 3 2 4 7 1 8 10 7 6 9 3 8 5 9 7 4 7 10 6 5 10 5 6 7 3 8 4 3 5 7 2 5 8 1 8 5 6 5 5 4 1 9 7 1 8 5 3 6 4 4 6 4 2 6 9 2 3 1 4 9 8 2 8 2 4 10 10 7 7 6 3 4 6 5 9 3 9 4 10 7 4 2 2 1 3 6 10 3 6 6 4 7 5 2 7 4 8 6 8 8 1 5 7 7 6 4 3 8 6 5 1 6 6 3 6 2 9 9 5 2 8 6 4 9 6 7 1 4 6 6 5 4 4 6 10 7 10 8 2 7 7 1 1 2 6 5 10 7 7 4 9 10 1 4 3 7 8 1 8 1 2 2 4 1 9 4 7 4 10 9 6 7 8 3 8 8 4 6 7 4 5 1 4 10 1 8 6 10 10 8 10 4 3 9 5 8 6 9 3 1 4 4 3 9 2 7 9 1 9 3 7 7 7 6 7 10 3 4 5 1 4 8 7 3 1 3 9 5 2 6 8 10 5 6 8 5 9 9 8 4 6 6 5 8 6 1 9 6 7 8 3 3 4 6 3 4 9 2 10 7 4 6 8 10 3 10 3 9 7 3 3 2 10 8 9 8 1 2 2 10 5 4 2 6 4 7 9 9 2 6 10 2 9 9 7 8 5 5 2 4 2 2 6 7 2 10 4 1 9 6 10 4 2 5 1 7 7 2 9 6 8 9 5 1 3 9 9 10 10 10 8 10 1 7 2 9 2 9 5 10 3 4 7 8
1 5 7 7 5 7 8 9 9 7 8 4 6 3 4 4 1 3 7 4 9 1 6 4 4 1 3 10 6 3 9 1 8 2 2 9 7 2 6 9 2 6 6 8 9 10 9 5 4 4 6 2 3 10 2 7 4 10 1 5 3 5 8 5 4 4 3 8 10 9 10 8 4 8 9 3 10 4 7 4 1 5 3 4 10 10 10 9 9 8 6 6 10 6 7 10 4 10 9 6 2 3 9 6 7 10 2 7 3 3 4 5 3 10 4 10 8 7 3 4 9 4 6 9 7 1 4 9 8 1 9 2 7 4 2 9 8 4 3 7 8 6 9 1 8 3 2 1 1 6 9 9 4 6 7 8 5 7 6 4 9 1 8 3 2 9 4 6 7 10 10 8 4 5 2 1 9 2 3 2 2 9 6 2 8 9 6 6 8 2 6 1 6 2 8 1 4 3 4 4 5 9 10 3 8 2 9 2 3 2 3 7 9 8 8 1 8 5 2 3 3 1 8 6 7 5 8 10 2 2 4 3 2 4 2 5 4 10 1 3 6 5 2 10 6 5 7 8 8 10 8 1 4 2 2 3 2 7 10 1 4 3 4 9 6 1 5 1 5 7 4 5 6 9 7 7 7 2 7 4 3 2 4 2 10 3 8 3 10 4 8 9 7 4 5 1 8 3 10 2 7 8 4 6 10 3 9 1 8 5 5 10 1 1 1 2 1 2 5 6 3 6 9 9 1 2 3 4 4 6 4 2 8 10 2 10 2 1 8 3 10 9 7 3 3 3 7 6 8 8 10 9 5 8 2 7 2 4 5 2 5 10 5 1 8 4 8 3 6 2 6 5 5 8 6 9 4 8 3 2 4 1 4 1 6 4 2 6 2 9 4 7 5 9 3 8 9 9 4 9 2 5 2 6 1 9 3 3 3 4 8 9 4 5 7 4 1 10 5 10 10 10 6 8 10 10 4 3 1 1 2 6 10 7 9 4 6 10 4 10 2 5 5 5 2 2 5 8 7 5
3 3 8 7 9 4 1 5 10 5 2 1 10 10 2 7 7 1 2 1 4 3 1 10 7 7 10 10 2 3 1 9 2 5 7 5 6 8 2 8 7 5 8 4 8 9 2 10 1 10 8 10 4 8 5 5 9 10 2 10 5 7 8 4 5 7 2 3 2 7 6 2 6 1 10 7 4 2 6 3 2 5 7 10 7 6 10 7 5 6 5 5 7 6 5 10 9 9 4 3 2 5 3 1 9 9 4 5 8 10 8 9 2 5 9 1 10 6 8 4 3 8 9 7 1 7 7 5 4 8 7 9 7 7 6 3 9 2 1 9 3 1 6 5 2 8 10 7 3 10 6 4 6 10 1 9 5 7 10 5 2 7 1 10 10 6 6 2 5 9 9 5 1 1 10 6 4 6 8 6 3 9 2 8 5 5 7 4 10 10 5 8 1 2 7 1 8 9 2 4 5 3 8 5 4 6 7 10 1 6 4 3 10 3 2 9 3 3 7 3 7 8 10 7 2 7 7 9 10 10 8 10 9 5 1 5 2 7 5 6 10 3 3 7 4 3 1 2 9 2 10 4 7 4 1 2 10 8 9 6 7 1 4 6 5 7 4 6 7 9 7 6 1 5 1 5 10 5 10 5 9 2 1 6 10 6 8 9 9 4 2 3 7 2 9 8 8 4 1 4 1 3 1 4 4 5 4 7 4 6 8 5 9 3 10 4 7 8 9 10 2 9 2 2 4 5 3 5 8 1 9 8 1 2 6 9 9 9 4 4 5 8 9 10 1 5 8 7 2 7 6 7 5 4 2 3 9 10 8 9 9 7 4 5 7 9 3 6 1 2 8 5 8 8 4 6 3 6 9 2 9 10 2 9 10 7 7 6 6 8 4 3 9 10 3 10 3 8 3 9 2 7 8 2 8 5 10 4 4 3 7 10 4 5 3 4 4 8 3 8 7 1 3 3 10 1 8 5 4 7 10 7 10 1 6 7 2 7 10 5 9 6 2 2 4 1 10 5 3 8
1 8 7 4 5 4 6 4 1 7 10 3 6 4 5 9 5 5 5 5 3 10 6 3 6 4 9 1 10 9 9 10 5 6 9 6 10 2 1 10 7 10 9 7 10 2 3 3 3 7 3 8 7 5 2 3 6 6 9 10 7 6 10 6 4 10 3 9 7 7 7 10 1 7 5 2 7 3 9 8 9 9 7 3 7 10 9 10 2 5 4 10 8 2 1 9 3 10 9 6 9 3 5 1 3 1 5 7 9 3 10 4 3 9 4 2 7 8 6 9 10 4 3 10 7 5 4 6 6 9 4 2 10 6 1 7 4 9 4 5 3 9 7 2 2 5 7 4 5 10 5 6 9 10 3 9 2 1 5 3 4 8 6 1 10 1 10 7 4 2 2 7 7 1 3 6 6 1 10 8 10 3 7 10 3 8 6 7 1 10 8 3 6 7 2 6 3 7 4 6 9 5 8 10 5 7 2 9 1 9 2 1 8 2 2 9 8 8 7 10 3 7 1 3 8 2 2 2 9 9 8 4 2 8 8 4 1 6 3 10 3 7 3 6 7 2 10 3 4 4 5 1 6 2 9 5 3 8 1 8 4 7 4 6 7 8 4 5 1 10 2 2 2 6 6 9 9 10 3 6 3 1 4 2 6 6 4 10 2 1 8 3 6 6 8 8 9 4 6 5 8 10 8 8 5 10 6 7 1 10 1 1 9 10 2 4 9 9 7 8 5 4 1 1 9 3 6 2 6 3 8 4 8 2 9 4 5 4 4 8 1 6 3 3 10 6 7 9 6 5 8 6 9 4 9 10 7 3 9 3 1 10 7 8 9 3 9 3 1 9 5 9 5 10 8 6 10 4 10 7 9 7 8 6 4 9 7 4 10 5 6 3 2 5 1 7 4 8 7 1 7 6 5 1 3 6 7 6 5 2 7 8 1 10 8 7 5 4 2 3 1 2 5 10 1 3 9 7 8 4 6 1 6 2 10 8 1 8 1 9 7 3 6 5 9 10 3 5 5 3
2 5 3 3 9 3 7 2 1 1 5 3 4 7 5 9 1 2 1 1 3 10 4 6 4 4 5 6 1 3 4 3 9 7 1 8 10 8 2 9 1 7 1 2 8 10 9 2 3 8 2 2 4 8 5 5 7 5 2 4 1 1 1 10 2 6 1 9 1 3 4 3 10 8 6 3 4 4 6 6 3 10 3 8 6 5 4 2 8 3 2 2 6 6 4 9 1 6 10 9 7 4 8 9 8 1 10 2 3 10 8 7 1 6 5 4 6 2 10 4 2 4 5 3 1 4 1 9 7 3 9 9 7 5 2 1 3 3 8 7 10 6 5 7 4 8 9 3 3 2 6 5 5 2 7 2 2 9 4 4 2 3 6 3 9 7 8 9 5 4 2 4 10 5 6 7 9 1 2 1 1 7 9 5 9 7 6 4 9 3 7 5 8 4 2 9 1 8 3 2 6 8 10 5 2 10 5 8 8 8 3 3 3 5 1 4 7 7 6 1 7 10 1 6 10 9 3 8 6 8 4 10 6 9 5 9 2 6 10 8 2 5 10 10 7 9 8 7 5 7 10 1 2 2 4 5 9 7 2 7 2 2 4 8 5 6 2 6 4 5 4 2 7 3 7 1 9 4 9 2 9 7 3 9 4 9 1 4 10 9 7 8 6 5 5 8 4 3 3 4 2 4 2 3 9 1 9 9 8 3 9 1 10 7 3 8 8 1 1 1 10 8 2 3 5 4 6 6 7 3 9 2 1 4 3 5 1 10 5 4 4 8 7 6 3 3 2 10 7 3 5 10 2 2 8 9 5 1 8 2 5 4 6 1 4 6 7 9 5 3 9 2 8 1 9 2 2 3 5 7 9 1 4 2 10 2 6 8 3 7 5 3 4 6 9 9 10 8 6 7 7 7 5 2 4 6 2 5 3 9 3 5 10 1 10 9 8 10 3 10 7 10 8 4 5 2 8 5 9 9 6 5 6 1 9 9 1 3 5 8 4 1 7 6 6 3 2 5 10 2
2 4 1 7 1 4 1 4 6 7 7 1 10 5 8 10 3 8 7 1 2 7 9 8 2 8 4 3 8 1 3 8 4 1 10 3 6 7 9 10 4 5 8 2 5 4 6 9 8 8 3 1 8 3 3 4 4 7 5 9 1 7 4 10 5 2 6 10 6 10 7 7 5 6 3 4 2 5 2 4 5 8 7 7 8 7 10 9 1 1 6 2 5 1 4 8 7 1 3 7 6 8 3 5 8 2 6 6 7 4 2 4 7 8 3 9 8 3 7 9 5 5 1 7 3 8 10 4 9 1 6 10 10 7 1 10 4 2 8 7 2 2 4 5 1 5 4 5 4 10 3 1 1 4 10 6 6 9 5 9 3 7 3 3 8 6 5 10 9 10 7 8 4 4 3 4 9 8 3 7 9 6 1 7 5 3 3 9 2 2 9 10 6 10 10 1 6 8 1 7 4 3 2 1 6 3 8 3 5 6 10 4 5 1 9 1 9 5 9 4 10 5 9 2 1 4 1 1 4 9 1 1 2 4 2 6 8 2 5 9 7 1 10 9 8 10 4 6 10 5 9 2 1 6 10 5 5 10 7 5 9 1 9 6 5 8 2 4 10 8 4 6 4 4 7 5 6 3 6 4 2 9 5 4 6 9 1 2 9 2 7 4 3 9 7 2 7 6 8 1 3 2 6 2 3 4 7 9 6 10 7 8 9 10 7 5 8 10 6 1 4 10 3 9 9 3 6 8 6 10 10 5 9 9 3 10 6 9 3 9 2 7 2 4 6 8 4 7 10 4 3 4 5 5 3 4 5 6 6 2 6 6 1 2 3 3 1 7 1 8 3 3 3 3 3 5 5 6 3 4 2 2 3 3 10 9 9 5 2 2 3 10 9 6 5 1 10 3 6 5 6 10 3 7 5 2 6 7 6 2 4 8 4 3 4 6 5 1 9 1 9 4 3 5 5 4 4 1 1 2 7 1 9 4 2 4 9 7 4 1 6 6 2 6 8 6 2 6 2 10
3 4 9 4 3 4 6 5 10 4 9 1 2 10 6 9 3 1 5 6 7 2 6 10 2 3 1 8 6 3 8 4 7 6 8 8 2 2 2 6 10 2 4 1 6 10 3 10 7 3 8 8 10 9 8 5 6 5 8 8 10 5 2 9 1 4 4 8 4 9 9 2 7 10 1 10 8 3 6 9 6 6 6 7 2 2 3 10 10 7 4 8 4 6 3 1 7 4 1 3 2 8 3 5 5 2 5 10 1 4 5 5 5 9 10 10 6 2 10 2 9 4 5 6 1 1 9 5 7 2 6 3 7 2 2 5 3 1 6 4 10 6 6 8 5 9 1 8 2 9 9 5 5 1 6 9 4 3 7 2 3 2 1 5 6 3 9 9 3 3 9 7 9 6 8 4 10 4 9 5 8 7 2 7 6 6 8 9 1 7 9 3 3 1 4 8 8 2 3 8 8 2 2 3 1 8 4 5 3 6 1 5 9 5 8 3 2 1 9 2 7 10 8 10 9 10 10 4 4 3 7 5 4 7 8 8 9 7 4 2 6 1 10 5 6 8 10 4 5 7 4 3 6 3 7 5 9 3 3 8 9 1 10 9 1 4 2 3 1 5 4 10 5 10 10 5 5 8 1 7 9 10 9 8 7 3 2 6 6 3 5 5 5 10 9 10 4 4 8 8 4 3 10 6 3 10 1 7 7 3 3 4 3 10 8 6 3 1 4 5 7 9 8 5 6 9 6 5 7 2 4 8 10 3 3 8 5 10 5 10 6 2 2 10 8 5 10 6 9 10 8 3 3 2 7 4 4 7 10 2 1 8 10 6 8 10 3 3 3 2 9 7 5 6 7 9 3 2 7 3 9 6 8 3 3 5 2 1 4 10 7 7 7 9 8 8 5 10 10 9 8 4 1 3 7 9 10 7 4 1 3 3 8 3 6 9 7 1 1 1 2 8 5 6 3 8 5 4 10 8 1 2 1 9 2 5 6 10 7 8 6 9 10 8 6 6 1 8 5 7
5 10 2 1 2 3 7 10 6 2 9 2 8 4 8 8 1 9 1 10 7 9 6 9 5 5 10 2 9 6 3 9 4 1 3 8 1 1 3 4 7 3 2 10 10 9 6 5 7 8 8 10 1 7 5 8 10 7 9 2 1 10 2 3 1 8 1 2 8 10 1 9 9 9 2 6 1 8 6 3 9 3 1 4 7 10 5 5 4 3 10 2 8 9 6 5 8 10 8 7 8 4 9 5 9 10 9 1 5 1 9 4 6 9 9 4 9 4 7 6 5 10 3 10 7 2 3 3 7 5 4 3 10 10 3 9 4 9 2 6 1 4 7 8 6 4 10 4 3 3 1 10 9 9 4 3 4 1 1 1 4 2 8 10 6 2 6 10 10 8 9 9 5 3 3 7 10 2 10 6 9 9 10 1 9 4 5 3 2 5 9 3 9 6 8 1 9 6 3 9 4 9 9 1 2 10 3 3 10 3 6 4 8 4 4 8 10 6 8 3 6 6 8 7 10 10 6 8 8 9 6 5 7 7 10 5 10 6 5 4 1 1 9 4 4 9 3 7 7 3 5 3 9 2 7 9 8 8 10 9 1 4 5 6 6 9 3 7 1 2 5 2 2 3 8 3 10 10 7 7 7 5 5 3 9 1 7 3 3 5 2 1 2 9 5 5 8 9 3 4 6 3 8 10 7 7 7 5 3 3 1 7 6 10 4 8 4 2 8 3 9 4 5 8 3 7 1 5 6 10 2 2 1 2 6 1 2 2 5 10 8 8 4 2 2 2 10 8 5 10 3 5 1 9 10 5 3 2 9 2 5 9 1 10 6 8 2 3 1 1 9 2 9 2 8 2 6 5 2 6 5 7 2 7 5 10 10 5 1 6 3 9 3 2 3 1 1 3 8 4 3 2 6 8 8 2 2 7 9 1 7 7 8 3 6 2 5 6 2 3 5 2 7 9 3 6 7 2 6 3 6 3 9 5 1 7 7 3 9 8 3 9 3 9 2 1 8 2 2 3
1 6 5 2 4 9 6 6 7 7 9 10 8 3 10 10 7 1 2 7 8 5 10 2 7 9 2 9 9 2 5 10 9 8 10 1 1 10 6 6 8 2 8 10 7 4 10 3 8 3 3 6 5 8 5 6 5 3 4 9 5 5 10 3 8 6 9 5 7 6 5 10 9 3 9 2 7 3 1 5 8 8 1 5 4 5 5 3 4 3 9 9 10 1 1 1 1 4 7 1 9 10 6 1 6 1 2 4 6 7 10 2 7 1 6 5 1 7 6 7 9 4 6 1 6 8 7 6 2 7 9 6 8 4 6 3 1 8 10 3 1 9 5 2 1 7 5 2 1 1 7 10 9 5 4 1 10 9 9 4 5 3 5 1 4 2 9 10 10 3 1 3 6 2 1 4 2 9 6 4 8 4 5 2 6 4 9 9 3 8 2 10 4 3 3 1 9 5 2 3 7 1 10 10 10 4 9 5 7 6 3 2 7 5 2 4 4 6 3 6 2 9 7 8 10 9 8 2 5 1 3 10 6 3 4 3 4 4 6 8 2 2 6 8 10 7 8 9 5 9 6 7 3 8 7 9 7 3 10 1 10 1 10 9 1 6 9 9 7 3 7 5 10 5 1 9 9 10 10 9 6 1 2 7 10 9 4 2 9 3 8 1 1 6 4 5 4 7 2 3 10 7 5 5 1 8 10 10 3 1 8 5 5 2 6 4 5 9 8 5 7 10 8 6 5 1 2 7 2 9 6 3 2 8 10 3 3 4 8 1 5 10 8 5 4 5 3 3 1 4 1 9 8 5 8 3 1 6 7 5 1 8 8 10 8 6 2 2 8 5 4 5 6 7 9 10 6 4 7 7 2 3 7 3 9 7 7 1 8 2 7 7 1 10 6 7 4 7 3 5 4 9 7 6 9 5 5 6 6 4 4 8 7 5 9 3 2 9 3 4 6 2 4 3 3 10 9 5 1 9 6 10 1 8 8 10 8 9 4 7 6 4 8 5 9 1 9 4 8 8
3 1 5 3 7 1 6 6 2 10 9 1 7 6 2 1 7 8 1 8 6 10 5 9 8 4 2 2 3 10 1 6 6 5 3 4 1 9 5 10 7 3 6 5 9 8 9 10 3 4 7 4 8 6 3 6 10 9 4 9 4 5 5 4 8 10 6 9 2 10 7 7 2 5 1 3 10 5 8 6 6 5 4 1 4 8 5 2 7 2 10 1 5 6 5 6 4 3 1 3 2 4 4 10 7 5 3 1 10 1 6 10 8 2 7 2 10 1 7 10 6 9 10 10 10 4 10 4 3 10 2 7 9 2 2 10 3 10 8 2 10 8 7 9 9 5 6 6 2 9 6 2 4 6 10 5 2 1 4 10 2 9 1 6 2 8 3 7 3 8 2 1 5 4 2 10 10 9 1 9 4 6 5 3 6 6 3 2 8 9 10 1 5 7 4 1 6 6 8 9 5 9 6 2 10 10 9 6 4 6 9 4 1 10 1 1 4 7 2 6 4 3 9 7 1 3 5 7 8 8 10 7 3 2 9 5 7 9 2 5 8 10 5 2 8 4 7 4 2 7 2 1 9 2 9 2 1 7 4 2 10 4 6 2 4 1 5 7 5 6 5 2 5 10 7 9 8 4 2 5 5 10 4 1 2 8 1 3 6 8 4 4 10 1 1 9 8 5 2 8 10 4 5 8 9 5 3 10 8 9 5 2 7 9 1 2 4 2 7 10 6 5 7 4 3 10 8 8 7 9 7 4 9 5 9 4 7 9 3 1 3 7 6 5 4 9 4 2 5 5 10 3 2 7 9 10 10 6 7 8 4 8 5 10 3 5 9 5 5 8 5 9 9 2 5 1 3 3 6 6 6 9 3 2 2 5 4 1 4 4 5 4 7 9 6 9 9 10 8 8 2 4 4 8 5 2 7 1 8 9 5 1 1 4 10 4 6 5 2 2 4 6 3 9 7 7 8 8 8 2 1 4 8 9 5 8 10 1 3 1 6 10 4 5 4 4 4 5 5 7
3 2 2 3 2 7 1 5 5 6 2 7 7 2 1 7 6 4 4 7 10 6 3 8 7 5 9 5 9 5 10 2 10 10 6 2 2 1 9 7 2 6 10 5 2 2 5 5 8 5 8 9 8 5 1 9 4 9 10 4 4 2 3 9 9 7 10 5 5 1 3 7 1 8 5 7 6 7 7 8 3 6 9 9 4 5 7 6 4 4 8 1 6 3 10 2 7 9 5 6 1 8 3 1 6 2 2 9 6 6 1 6 9 4 4 6 2 9 10 7 6 9 2 6 7 9 5 5 7 7 3 6 2 9 4 7 10 1 1 3 6 10 9 1 9 9 4 9 4 5 3 5 5 9 8 3 9 2 5 5 1 7 8 3 8 1 4 7 4 1 2 9 9 6 7 6 10 6 2 5 4 10 3 8 7 4 3 3 10 1 2 8 7 3 2 9 6 3 4 2 3 1 4 10 9 4 5 8 6 3 9 3 10 8 10 1 1 9 6 2 5 2 9 6 1 4 9 7 9 4 4 6 9 4 8 2 5 2 2 1 9 4 10 10 5 3 8 7 9 6 1 1 2 1 9 9 7 7 2 3 7 6 10 8 3 4 8 9 5 7 9 7 6 7 10 1 7 9 6 4 8 10 9 4 8 8 8 2 10 2 5 6 5 6 10 4 3 3 7 4 4 9 4 8 8 6 1 8 4 9 1 4 7 5 10 4 9 8 9 6 1 5 3 8 7 1 5 1 1 4 6 10 7 10 7 2 5 7 9 2 10 9 3 6 8 4 1 8 3 1 2 6 1 5 1 10 9 4 8 8 4 8 7 10 4 1 5 4 6 8 2 5 8 4 3 10 7 10 6 4 4 3 6 8 3 5 6 10 1 8 1 8 6 7 3 6 2 4 5 9 3 4 5 10 4 4 1 6 1 3 4 4 7 3 4 4 1 9 1 5 9 5 5 6 2 7 8 7 9 4 2 1 2 4 2 6 7 1 1 8 9 3 9 8 8 9 2 9 5 5
2 4 1 4 1 9 6 3 9 2 9 2 6 7 4 1 1 9 7 9 6 9 6 4 8 9 4 3 5 2 6 10 1 7 1 7 5 1 4 10 3 9 9 4 6 2 3 9 9 7 1 3 1 7 1 5 7 4 2 5 2 2 8 5 4 10 3 4 2 3 4 9 8 8 3 9 9 10 2 9 9 6 8 7 1 3 5 10 8 8 9 6 4 7 8 2 10 6 9 6 4 9 3 5 7 8 1 4 6 8 4 8 4 9 4 7 3 3 4 3 4 8 3 9 1 8 1 10 3 7 10 6 10 9 4 6 9 10 2 4 5 3 4 2 5 1 5 4 10 1 10 8 3 9 8 10 8 7 7 1 5 6 4 3 4 2 8 6 4 4 9 2 9 4 2 7 6 2 6 2 3 6 2 5 2 8 5 7 2 10 6 2 1 2 8 5 8 9 10 7 4 8 8 10 9 7 8 7 5 7 6 2 10 2 6 9 6 2 10 2 8 6 10 8 7 3 2 9 1 10 9 7 2 10 2 9 2 2 10 7 4 9 10 4 10 4 7 6 6 3 8 4 7 10 8 10 2 5 1 7 7 9 1 9 4 9 5 3 1 10 10 6 4 10 2 1 3 1 7 5 3 10 1 1 5 4 2 10 10 6 10 6 6 3 5 1 2 4 8 10 9 10 10 7 4 7 4 5 7 9 3 6 6 4 6 2 1 5 9 2 5 5 7 6 2 1 2 3 3 7 9 4 1 3 5 9 1 4 10 4 10 4 3 5 8 7 3 3 1 8 9 3 1 7 1 2 3 10 4 6 8 3 9 9 4 10 2 2 4 7 4 3 6 6 8 6 10 5 3 9 8 9 10 3 8 6 8 5 7 2 1 4 7 8 10 8 2 8 10 9 5 3 2 9 9 7 5 2 6 2 3 4 4 5 8 2 7 2 2 9 9 10 3 10 7 4 10 5 4 5 7 7 3 9 1 4 5 6 3 3 7 9 1 8 4 1 1 4 4 7
3 10 8 7 7 10 5 1 1 8 10 6 6 7 8 6 7 6 5 4 5 4 9 2 5 3 6 4 4 10 5 4 9 7 6 9 3 1 10 10 2 1 2 8 6 2 7 6 2 2 5 2 3 9 7 2 10 7 5 6 4 7 1 5 8 1 10 1 10 10 4 3 3 4 2 4 5 7 8 5 9 10 1 4 6 6 3 2 4 5 10 6 7 8 1 8 5 6 7 8 9 9 1 6 8 9 9 6 3 3 2 1 10 1 9 4 1 5 1 5 8 1 4 6 5 6 1 1 7 5 7 8 5 10 3 2 1 8 7 5 9 2 4 3 10 9 9 10 3 7 3 7 10 2 9 7 5 2 5 7 2 3 8 3 10 8 5 4 4 6 6 3 5 10 7 6 1 3 7 5 10 4 1 8 4 2 5 6 5 10 7 3 4 4 5 9 1 6 10 2 4 6 10 3 3 2 7 6 7 7 8 9 8 3 2 1 3 1 8 5 1 9 3 3 1 5 4 2 5 8 4 6 8 9 5 9 5 8 4 8 1 2 8 8 9 10 8 3 10 8 10 10 10 7 2 10 2 8 9 4 6 2 1 7 7 2 4 10 9 8 2 8 4 5 5 3 1 5 8 1 6 7 4 8 3 8 3 3 5 2 1 6 7 9 1 3 5 7 2 4 1 3 6 5 2 10 8 7 4 4 10 4 9 2 3 8 8 8 2 9 3 6 10 2 2 9 6 7 10 8 1 3 8 1 1 3 7 3 2 10 10 3 7 1 9 5 5 1 8 10 2 2 4 1 5 8 1 9 7 2 2 8 10 7 2 5 5 8 9 4 8 6 2 9 6 5 1 2 6 9 5 2 2 5 4 9 9 10 1 10 10 6 5 4 1 4 7 5 2 1 7 8 10 2 3 10 2 4 6 6 8 2 9 7 9 5 1 4 9 9 3 2 5 1 7 9 3 2 5 3 8 4 1 5 6 10 5 6 9 9 8 4 6 9 9 3 3 5 4 1
5 6 2 2 5 4 4 4 4 8 2 6 5 4 2 3 1 9 5 9 6 1 2 8 6 6 2 10 3 1 6 10 1 9 10 8 1 7 10 4 8 9 1 2 4 6 6 3 9 3 9 6 7 7 8 10 2 4 2 8 8 9 5 7 10 6 9 8 8 9 1 5 2 5 9 2 10 5 9 10 10 7 6 3 10 8 1 8 2 6 3 1 6 5 5 5 5 2 10 1 7 10 10 8 3 5 7 9 3 7 1 1 7 7 4 4 8 10 9 6 10 1 2 5 2 5 3 10 8 6 6 1 5 8 3 10 3 1 7 2 2 10 3 8 8 4 5 6 9 4 5 2 7 6 5 6 3 9 4 6 10 2 5 3 7 1 3 6 2 7 9 3 4 3 6 8 6 5 3 8 1 8 6 2 6 6 6 3 1 8 3 1 5 7 2 1 7 7 6 2 2 1 10 10 5 2 6 2 7 4 2 9 6 1 8 2 9 6 9 6 7 2 5 2 3 5 5 4 4 3 3 3 6 2 7 10 2 6 9 1 8 2 2 4 2 3 5 7 5 6 10 3 6 8 7 4 3 9 3 5 4 1 4 9 5 4 5 2 8 4 4 8 10 2 8 1 6 3 6 1 10 7 8 3 6 5 8 1 9 2 8 10 10 1 8 10 2 5 6 9 1 8 4 1 7 3 3 5 3 2 3 4 3 3 6 4 9 1 9 1 5 9 7 1 7 2 10 5 10 7 1 1 5 8 5 9 6 1 4 7 4 4 10 7 8 10 8 10 2 4 8 1 3 3 3 7 6 4 5 7 2 10 7 3 6 5 5 6 1 5 8 6 5 1 5 8 6 1 1 9 7 5 2 6 10 10 1 6 9 7 10 2 10 7 2 3 10 5 6 6 7 9 6 8 7 7 4 2 10 4 3 6 5 3 9 4 8 7 7 5 1 1 10 8 6 7 9 2 7 3 6 2 7 9 2 10 6 7 4 6 1 7 9 2 10 9 2 4 9 5
5 5 5 5 8 10 10 5 1 9 2 7 3 6 1 4 5 8 10 7 1 2 6 3 7 9 2 1 4 2 6 2 5 10 8 7 7 9 7 5 9 10 4 6 2 6 6 6 9 8 10 10 2 10 5 8 7 1 2 3 4 10 4 3 10 6 8 4 4 6 5 9 8 8 8 4 1 2 8 7 6 6 7 1 2 6 5 6 9 5 5 1 9 3 4 3 9 3 1 9 7 10 8 3 1 6 6 7 5 10 4 10 6 3 9 3 4 9 8 1 3 9 9 9 3 1 5 9 7 1 8 4 2 6 10 5 7 7 10 7 4 6 6 3 4 2 8 2 9 10 8 9 9 3 6 2 5 2 8 6 8 10 2 7 4 1 5 8 1 8 4 6 7 5 3 10 6 10 5 9 9 7 5 10 1 3 10 10 2 5 9 4 5 7 5 10 7 5 9 2 8 1 10 8 6 9 10 7 10 9 6 10 1 3 5 8 2 10 6 2 6 1 6 2 8 1 10 6 10 9 9 6 3 4 8 3 3 4 2 5 5 4 1 7 4 5 7 6 3 2 9 10 7 2 3 4 1 5 10 1 2 3 1 5 3 8 6 10 9 8 9 7 2 2 9 9 9 1 10 1 9 8 8 1 3 4 6 3 9 3 2 6 3 7 6 10 3 2 3 5 7 5 1 2 2 8 4 9 2 4 4 7 8 9 4 1 3 2 7 7 7 10 5 7 5 1 3 4 3 10 8 5 4 3 2 7 8 1 10 3 9 3 10 3 1 1 9 5 10 3 3 2 4 9 2 9 6 3 6 7 1 2 7 3 6 10 2 8 4 1 8 2 3 10 9 5 1 4 2 8 1 10 10 3 3 7 2 9 8 3 8 7 1 7 1 7 2 3 10 9 8 2 6 6 4 1 5 1 5 4 3 4 7 1 4 6 8 1 8 6 7 3 8 3 7 9 3 4 7 3 9 4 3 8 4 7 2 4 3 9 3 6 5 4 2 6 1 5 1 2
5 10 7 5 9 9 2 8 7 9 6 9 6 2 7 5 9 6 10 9 9 1 4 10 6 8 2 10 8 6 9 8 2 2 4 6 6 9 9 8 10 4 7 2 6 1 4 1 8 9 6 2 8 10 2 7 4 10 6 1 6 7 10 6 5 8 7 4 6 6 1 1 10 7 2 8 7 10 8 9 1 7 1 3 8 9 1 10 4 1 10 7 5 5 4 9 10 4 8 5 2 6 8 8 9 2 10 2 8 4 2 4 8 7 4 6 4 8 2 2 7 2 1 2 5 2 10 2 4 4 3 3 6 4 8 5 5 6 1 4 2 2 1 9 8 9 3 9 9 8 10 6 10 1 9 1 2 8 7 7 4 5 5 3 9 4 2 3 8 7 4 8 10 9 4 7 1 8 6 4 9 2 3 4 9 2 9 2 6 8 6 9 6 4 1 3 2 5 8 7 3 8 2 3 1 10 4 7 4 4 10 8 10 8 2 8 10 9 10 10 6 10 8 10 7 2 6 4 4 8 1 9 1 3 2 7 1 8 8 8 1 9 4 2 2 9 7 4 7 4 3 6 3 7 9 8 3 5 5 1 6 10 4 5 4 10 8 8 8 1 1 2 5 4 2 5 3 5 7 1 4 1 10 5 4 5 3 6 10 4 6 10 5 5 7 4 6 8 10 10 2 4 2 6 10 7 4 2 5 9 4 7 4 5 6 4 4 8 6 10 3 5 4 7 3 6 8 7 3 9 8 9 3 9 1 4 7 2 6 10 5 3 10 6 3 8 5 9 10 4 5 1 8 7 5 4 9 7 4 2 8 7 5 8 1 2 2 9 2 9 5 6 8 3 7 3 5 8 4 5 3 2 8 10 4 5 7 4 10 6 4 4 3 3 9 9 8 1 5 8 1 7 5 5 9 1 8 1 5 2 7 7 7 7 8 5 9 4 7 8 4 9 1 6 6 10 10 9 10 5 2 9 5 10 6 6 2 8 10 6 5 1 4 10 6 7 9 3 8 2
5 3 9 9 9 1 10 7 4 1 7 5 2 3 10 5 9 4 9 2 5 5 8 2 5 3 4 9 4 4 1 2 7 7 5 4 4 6 8 3 9 3 2 4 1 8 8 10 5 8 3 9 9 4 1 3 9 7 5 9 2 4 3 8 5 2 6 3 7 7 5 8 4 6 9 7 7 5 6 6 6 9 3 6 8 5 6 7 4 6 8 1 10 9 4 3 3 3 4 4 10 5 2 7 10 4 5 1 6 5 8 8 7 3 5 6 2 6 8 1 10 2 1 1 5 4 3 7 3 7 6 9 10 7 3 7 1 8 4 7 2 3 5 6 3 8 10 8 1 3 10 9 5 4 3 7 2 7 7 3 3 9 3 2 3 2 9 4 6 5 4 7 4 8 5 7 4 6 5 2 1 6 6 10 8 6 6 10 1 9 2 9 6 9 8 8 7 2 8 3 8 1 3 2 10 1 1 5 8 6 6 7 2 8 6 1 10 4 3 5 1 8 6 9 8 5 9 9 2 4 9 6 3 2 3 10 5 1 10 6 1 9 1 1 5 3 6 10 3 3 8 9 6 8 1 6 9 7 2 4 10 7 8 3 8 10 10 10 5 10 7 8 3 7 4 3 1 9 10 7 8 8 5 7 1 4 5 10 9 5 4 8 8 7 7 7 1 1 8 6 9 9 1 3 5 1 7 4 6 3 7 5 6 1 9 7 1 9 2 3 5 6 7 3 8 6 10 4 2 4 1 5 5 1 7 7 7 9 10 2 8 6 5 9 2 6 8 3 1 6 5 5 9 4 7 6 10 7 8 9 5 6 6 7 7 6 8 7 7 2 10 3 6 8 3 9 4 6 7 3 4 9 5 4 6 6 8 2 4 5 10 9 4 4 10 7 1 5 4 1 5 3 6 6 7 8 3 6 10 10 3 10 8 1 3 7 9 3 4 2 8 9 7 9 8 6 9 1 10 5 6 7 8 6 4 8 7 9 8 3 3 8 6 5 10 7 4 9 6 6
3 4 7 3 8 10 8 5 7 6 7 8 9 2 10 3 8 6 9 9 4 10 8 6 5 2 3 4 1 7 2 4 5 10 5 7 10 3 7 3 3 5 5 10 3 4 6 10 9 7 9 10 10 6 6 1 9 10 9 10 8 5 4 10 5 10 1 6 6 1 7 6 9 1 1 5 6 1 4 1 10 5 9 5 6 7 10 6 6 10 10 4 8 4 3 4 4 7 1 6 9 2 5 6 6 3 3 7 6 5 5 2 2 10 1 9 6 1 6 1 9 1 3 7 7 1 10 6 1 9 4 10 1 1 8 2 9 2 2 4 9 7 2 8 7 2 8 7 10 10 6 6 10 5 1 8 1 9 2 7 2 6 6 5 1 3 7 1 6 2 9 1 8 4 3 7 7 2 6 2 5 10 9 3 6 3 5 6 6 1 4 4 8 7 8 6 10 10 10 4 4 7 8 5 10 3 3 4 10 5 9 9 2 1 5 8 4 6 6 5 3 5 5 10 6 1 10 9 9 9 6 8 6 9 9 9 5 4 7 6 4 5 3 6 9 7 10 6 2 1 3 6 8 4 10 3 3 7 2 1 5 8 10 7 3 9 3 7 7 8 5 4 4 3 3 4 6 2 10 4 7 10 5 3 8 4 10 10 6 10 10 7 9 7 10 7 2 2 3 3 3 2 5 6 7 1 1 6 10 4 1 5 1 7 5 8 8 10 4 8 4 9 8 9 1 10 7 5 7 3 3 1 8 5 9 8 4 3 10 6 4 3 3 3 3 10 10 8 1 2 9 10 10 2 4 4 6 8 2 5 6 5 3 8 1 6 2 10 6 7 3 10 6 4 3 7 1 2 9 6 3 3 7 6 7 7 6 2 4 9 8 1 2 4 7 9 1 9 1 3 2 2 5 8 4 6 10 2 4 2 8 9 8 10 2 5 7 4 6 1 5 8 9 5 9 1 2 8 10 8 6 6 5 10 8 7 9 7 9 8 6 7 6 8 5 2 10 1 2 2
5 4 9 1 10 2 6 4 5 5 10 9 5 3 8 5 3 4 6 5 3 2 6 1 6 7 5 5 7 9 10 3 6 8 2 7 10 7 7 3 7 1 8 7 2 2 8 7 7 4 2 3 1 9 5 4 3 9 5 2 6 4 5 3 6 4 6 4 7 9 8 2 1 6 9 8 4 8 10 2 9 8 8 2 10 8 2 6 9 10 7 7 1 2 8 3 10 5 9 1 3 4 3 7 1 5 1 4 3 7 3 6 3 1 9 3 1 6 9 5 1 1 9 10 2 2 1 2 7 3 8 2 6 7 10 8 8 9 8 9 1 2 10 5 8 5 8 10 2 6 9 5 7 4 10 9 9 3 10 4 1 6 6 5 2 1 6 2 1 3 9 10 6 6 2 1 5 6 8 3 2 3 9 2 4 2 7 1 2 2 8 3 5 2 10 9 9 9 8 2 9 8 6 9 6 5 3 1 1 7 7 10 9 3 8 3 7 8 10 4 4 6 7 6 5 3 9 7 2 7 4 6 4 3 8 6 3 6 5 4 9 7 7 8 1 4 6 10 8 1 7 7 6 4 10 10 1 1 7 3 4 8 10 4 1 3 9 3 6 5 10 8 6 2 3 3 5 9 1 4 8 3 5 1 10 4 5 2 8 3 3 3 8 7 9 5 1 6 9 9 8 10 10 5 7 2 9 4 3 5 5 1 9 3 10 7 8 8 1 1 3 4 4 1 4 1 3 7 9 9 1 3 8 3 7 6 2 4 5 2 10 2 4 8 7 10 4 7 7 7 9 8 5 3 9 9 9 4 8 4 1 2 8 8 1 2 2 9 6 2 2 5 3 3 5 8 4 6 5 7 6 8 6 8 6 4 5 8 5 6 10 5 9 2 8 2 8 8 8 3 6 4 7 8 6 4 3 1 8 10 5 8 1 9 5 4 5 3 1 3 2 3 3 3 2 4 8 10 6 9 9 7 1 9 1 3 6 5 4 9 6 7 10 10 5 4 5 9 3 5
5 10 7 6 1 10 4 8 7 5 7 8 1 8 5 7 4 8 9 7 3 8 6 5 7 5 9 9 1 4 2 4 2 5 2 5 2 6 10 5 9 5 8 4 1 8 8 8 10 5 4 8 2 5 10 1 10 7 2 9 4 6 1 6 4 10 10 9 5 6 7 3 4 5 9 1 2 3 5 1 6 2 2 1 3 7 5 10 3 5 9 6 1 10 5 3 7 8 5 9 7 9 7 4 3 6 8 2 10 8 3 8 1 10 8 8 10 6 9 9 5 5 6 6 6 2 8 3 4 10 2 1 8 5 1 5 5 8 1 10 4 1 7 2 5 5 1 4 1 5 9 3 9 6 5 7 6 3 9 6 5 4 4 9 1 4 3 7 9 10 2 9 3 3 4 7 1 7 4 2 7 7 9 3 2 3 4 3 8 2 8 8 9 8 7 3 6 6 4 1 6 1 8 5 4 3 4 2 3 7 6 3 5 3 6 7 9 10 2 2 7 2 5 3 6 5 5 3 2 7 6 6 1 1 3 7 8 5 10 5 7 5 3 2 4 7 10 1 2 3 2 7 7 4 5 4 3 8 7 8 6 6 6 8 9 1 8 10 3 4 5 8 5 2 8 3 1 2 1 6 4 9 9 10 4 10 3 8 1 2 6 2 9 2 6 9 3 10 2 2 9 10 7 8 7 6 7 7 10 5 4 6 4 1 6 7 6 5 10 10 3 3 1 9 6 8 5 6 1 4 8 3 7 6 5 5 9 9 7 10 9 8 6 4 10 2 10 3 4 3 1 4 4 5 1 3 10 8 1 4 9 8 6 9 3 4 10 9 2 3 6 9 1 4 4 9 4 5 5 10 8 10 4 1 8 9 3 3 8 3 8 4 5 8 8 7 1 9 6 7 1 8 4 5 8 4 9 3 10 10 2 1 2 5 8 7 9 3 5 2 5 3 6 6 8 1 4 10 6 5 7 9 2 10 2 9 8 6 4 9 3 1 1 2 1 3 6 8 6 9
3 3 5 10 9 4 3 6 5 8 4 4 2 5 6 4 6 10 9 3 1 8 4 8 3 2 4 6 6 8 8 2 1 5 8 10 3 8 10 9 2 6 10 3 4 3 1 2 5 2 9 9 1 1 6 3 6 1 10 1 10 9 5 5 9 9 4 2 3 9 6 1 3 10 7 3 9 1 6 2 2 2 2 3 9 9 2 10 5 10 5 10 4 1 1 9 2 3 1 6 2 10 6 9 6 7 3 4 10 2 1 2 4 3 5 8 10 1 7 6 7 5 3 4 1 10 1 4 2 10 8 5 2 3 3 1 4 6 5 10 7 10 5 5 5 1 1 5 4 10 10 8 5 10 6 4 5 7 8 4 2 7 5 2 8 8 1 2 3 2 10 10 3 7 6 3 2 1 3 3 1 2 9 2 7 5 10 7 10 6 8 4 2 5 8 6 2 4 3 7 2 6 4 7 1 5 5 1 8 5 2 5 10 3 4 10 10 8 10 10 2 3 6 7 5 7 10 5 6 7 2 7 4 1 9 5 10 3 9 10 5 8 5 2 3 3 1 5 3 7 5 4 8 9 5 1 1 10 2 9 3 6 6 5 3 1 5 1 1 9 3 6 5 7 6 4 5 9 8 4 3 10 9 10 8 1 3 7 1 10 9 3 2 1 3 6 10 1 9 8 7 8 3 10 9 9 2 5 1 1 4 9 8 1 9 10 2 1 10 4 4 9 7 4 2 5 6 8 7 6 8 5 9 5 2 2 6 2 6 4 8 4 6 6 10 10 10 1 10 5 10 1 10 3 2 5 1 9 10 7 9 10 3 4 9 4 5 3 6 10 2 7 5 4 5 9 6 2 5 10 5 6 6 9 10 3 9 8 7 10 9 2 3 9 4 7 10 8 3 8 4 7 7 5 4 2 10 9 8 7 1 7 8 3 5 4 3 3 10 8 6 3 2 1 5 3 1 10 6 6 1 3 8 5 2 4 10 1 6 7 5 6 7 4 5 2 9 4 9 8
1 5 5 10 9 2 9 6 4 1 2 1 5 4 9 5 7 4 10 10 5 8 8 5 6 10 3 4 5 2 1 6 3 9 10 2 7 7 6 10 3 8 1 6 6 7 7 10 4 5 1 8 3 4 8 4 9 3 8 1 1 9 6 6 9 2 5 7 4 5 6 1 2 8 1 4 10 6 9 10 4 2 6 3 4 1 9 6 6 7 9 4 2 8 4 5 4 6 1 7 3 1 1 2 3 9 7 7 5 10 3 8 6 4 4 10 6 6 8 2 10 2 7 2 4 10 4 2 3 2 2 10 2 6 5 7 2 2 3 6 1 5 10 3 4 2 1 2 10 4 2 9 9 1 4 3 8 2 6 2 10 2 9 10 8 8 5 4 10 10 7 7 10 1 2 8 6 5 1 6 8 8 5 10 4 1 10 3 6 9 5 4 2 8 6 10 5 7 5 3 1 2 3 6 10 8 7 5 1 4 9 1 2 2 5 10 5 9 4 2 4 2 1 7 5 4 7 2 2 10 2 1 6 10 4 4 2 10 10 3 2 4 1 6 10 2 1 10 8 2 1 10 4 1 3 3 9 8 3 10 6 2 8 8 10 5 5 5 4 6 2 9 2 6 2 3 4 8 10 4 10 10 4 1 2 7 1 2 9 5 8 7 3 9 9 1 1 10 4 3 2 1 8 2 4 10 3 4 9 7 7 6 9 3 9 1 2 9 4 5 4 6 4 6 10 4 5 9 2 10 8 3 2 10 7 7 6 9 4 5 3 6 6 1 2 10 4 10 9 3 7 10 3 5 7 1 10 7 8 7 10 9 7 9 2 3 4 7 6 10 8 3 4 1 2 5 2 1 6 2 8 5 4 8 6 8 3 7 9 4 5 1 9 4 3 1 3 7 1 1 4 10 4 10 6 8 10 4 1 10 2 3 2 9 2 4 4 5 9 6 6 8 5 1 5 4 1 4 3 5 5 2 3 4 7 5 5 10 8 3 6 4 5 2 5 3 9 5 10 9
4 2 2 8 7 8 7 8 9 6 3 8 2 8 1 2 3 5 10 1 8 5 10 10 3 4 7 10 2 2 10 7 4 9 1 9 4 5 1 1 5 1 10 2 1 9 2 2 1 2 7 4 7 7 8 10 8 4 1 10 5 3 8 9 7 5 9 7 7 8 10 10 8 4 7 10 7 8 5 7 2 9 7 8 6 6 5 9 7 2 7 4 1 5 7 3 6 3 4 7 2 8 2 1 6 9 8 1 1 5 1 10 8 8 7 4 1 10 3 9 7 6 4 5 10 9 9 5 10 5 7 8 7 5 2 3 1 10 8 10 2 6 2 4 10 9 5 1 1 1 10 10 1 4 8 4 6 5 4 1 7 2 4 8 5 9 5 5 2 7 9 6 10 4 7 10 1 3 8 1 9 10 6 10 9 9 9 4 1 7 9 9 1 9 1 2 3 3 2 6 10 6 4 3 5 5 4 2 3 7 6 1 9 2 8 9 3 10 10 2 1 3 5 5 7 4 10 4 7 6 9 8 4 3 1 3 1 9 3 3 10 5 3 7 10 4 2 1 8 8 4 6 6 2 10 2 9 3 10 9 4 3 6 4 4 8 10 1 5 10 1 3 3 8 8 5 5 3 5 7 2 3 5 4 2 2 9 6 8 4 3 5 4 5 4 1 4 1 3 4 2 8 10 1 8 9 2 7 6 1 5 6 5 2 3 10 4 2 2 2 10 4 9 10 3 9 8 3 6 10 9 5 4 2 2 2 8 6 7 2 1 6 10 7 2 2 4 4 10 9 2 2 1 1 9 8 9 6 4 1 6 5 3 7 7 5 1 3 8 7 2 2 8 5 8 2 4 10 5 5 8 1 9 4 8 3 10 5 9 3 6 1 7 10 2 8 9 3 1 8 5 6 4 7 9 5 3 5 6 3 7 2 5 7 10 7 6 2 6 1 6 4 8 10 5 9 9 9 3 4 1 2 4 3 6 10 7 8 10 6 10 3 1 6 4 10 9 5 2 5
1 7 3 2 6 10 6 10 8 1 9 3 6 7 1 7 6 9 9 4 6 9 2 5 3 10 3 3 9 10 8 2 6 4 4 7 10 6 4 10 9 8 7 3 5 10 8 10 10 1 3 6 10 4 6 7 2 4 2 10 2 2 2 6 2 2 5 5 1 1 5 10 4 9 10 10 6 5 2 10 1 4 8 9 10 1 2 10 5 3 1 8 7 7 7 10 5 5 4 4 4 4 3 1 10 7 5 9 2 2 3 4 7 4 10 3 8 3 5 7 8 1 10 6 8 8 5 7 6 10 9 3 10 2 7 1 5 6 3 3 6 3 3 3 6 4 2 8 10 2 4 7 10 1 4 9 3 1 3 3 4 4 10 3 7 6 10 9 9 7 10 10 3 1 8 5 7 2 1 7 7 1 1 1 1 8 3 7 4 5 2 10 8 9 8 10 10 8 6 2 5 4 4 7 7 7 3 2 3 9 3 1 9 10 1 9 9 4 2 5 3 3 2 9 6 5 7 9 9 9 2 2 9 5 8 3 3 2 7 10 1 5 5 7 1 3 3 5 7 8 7 8 5 6 9 2 1 8 9 9 7 10 7 7 2 5 6 10 7 6 3 8 8 1 6 4 3 5 5 6 6 9 10 5 10 2 9 4 9 3 10 8 3 7 1 7 8 1 5 5 6 8 5 10 8 10 2 3 4 7 4 7 9 8 10 4 1 10 9 2 3 9 9 4 10 7 4 9 1 1 8 7 6 7 8 1 7 4 9 3 5 9 9 1 5 7 6 6 9 9 9 7 4 10 3 5 4 7 1 8 4 10 10 6 7 3 7 10 8 6 3 8 9 5 4 10 2 3 2 2 8 10 1 3 5 8 3 1 6 2 8 8 9 8 3 2 4 7 9 2 8 9 7 7 4 2 4 1 9 6 2 9 4 5 7 9 5 6 4 3 1 4 3 2 5 2 10 7 5 4 8 4 5 9 4 10 4 7 9 9 5 5 5 8 8 9 2 10 8 9
2 3 9 9 1 7 9 1 5 1 4 1 2 5 8 3 10 10 6 3 2 5 5 8 10 10 2 1 4 8 3 10 9 7 8 6 4 10 3 4 3 4 3 3 6 5 4 8 4 4 6 10 9 5 10 7 5 2 2 1 7 3 7 4 7 2 9 2 1 3 6 6 9 7 2 8 2 1 7 7 3 10 4 10 6 3 5 10 9 8 9 2 9 6 7 5 2 8 3 6 7 3 2 9 3 5 6 4 3 7 2 10 3 8 5 6 5 9 9 1 5 2 4 6 4 6 2 7 3 6 5 3 7 9 2 6 9 9 6 5 6 1 2 2 7 7 6 2 5 1 9 5 1 4 9 8 5 2 1 8 9 1 3 6 2 6 7 1 8 10 7 3 10 10 10 2 4 2 2 7 7 2 7 5 8 9 4 9 6 2 1 8 7 5 2 8 9 5 3 1 7 6 1 10 2 2 5 1 2 9 9 3 1 1 7 2 6 6 5 2 4 4 3 8 1 6 8 4 3 3 3 9 3 6 5 6 4 9 1 7 2 7 1 4 4 1 3 7 6 2 10 3 1 2 5 3 1 9 2 8 10 2 10 4 7 4 9 2 2 3 10 4 4 9 2 10 7 5 10 7 3 4 1 4 2 9 4 5 8 5 9 10 5 3 10 1 5 4 7 10 9 10 8 6 3 6 5 5 7 4 8 10 5 3 2 5 3 6 1 8 5 1 9 7 3 7 3 5 5 6 4 9 2 5 10 8 4 3 8 3 8 6 2 4 10 9 8 10 2 4 5 8 6 2 5 10 5 4 9 9 1 7 6 4 8 1 1 4 8 6 9 6 6 2 4 7 7 3 9 6 8 10 9 6 8 4 1 2 5 2 7 6 6 4 2 6 4 6 8 4 3 4 3 5 7 5 2 4 6 6 8 7 3 3 3 5 7 10 8 2 6 9 6 10 5 5 5 9 8 4 10 2 3 7 9 10 1 4 4 3 3 1 9 1 5 3 4 4 1 5
4 8 9 2 4 5 5 9 2 2 10 9 4 9 2 5 1 2 2 2 3 2 2 4 9 3 3 10 6 4 8 4 1 8 6 3 4 4 1 4 5 6 10 6 8 5 7 9 7 7 6 7 8 2 5 2 10 3 1 8 9 4 8 5 5 3 4 2 2 4 2 1 7 6 7 2 7 7 8 5 7 4 5 4 9 8 5 1 8 4 9 2 5 10 1 7 10 6 7 1 1 5 6 5 10 7 6 7 7 6 7 4 2 6 9 7 8 8 4 8 5 7 6 7 4 1 6 8 1 2 5 9 2 7 8 9 7 5 1 6 4 1 5 9 5 7 2 9 10 10 9 7 4 9 9 7 9 9 6 3 3 10 8 3 2 9 2 1 10 2 6 6 5 3 1 8 5 6 8 7 4 3 1 3 4 6 10 1 3 7 5 2 4 7 5 2 4 10 1 7 2 9 4 5 7 2 3 2 6 4 10 1 1 3 10 9 8 1 4 9 5 7 7 9 3 3 6 5 3 5 6 7 5 6 7 1 2 7 1 7 9 2 4 4 5 8 7 1 9 9 8 8 4 3 3 4 3 10 3 1 4 8 8 7 5 10 5 9 1 4 7 4 8 4 4 8 2 1 7 4 7 4 4 3 1 7 9 6 2 8 6 2 9 10 6 8 2 10 2 2 6 6 9 5 3 9 10 6 7 10 5 4 6 7 3 10 10 3 9 9 2 10 8 10 3 3 7 2 10 4 4 3 2 3 1 6 10 1 7 3 9 7 2 6 1 1 3 10 10 4 7 5 2 10 2 5 4 7 7 5 2 9 4 1 7 4 4 4 5 6 8 7 3 8 9 2 4 5 3 2 7 2 5 4 1 10 9 8 1 10 9 3 7 2 8 5 7 9 1 8 10 5 6 4 1 4 9 10 10 3 8 5 5 1 10 9 9 4 2 1 7 7 6 9 4 4 1 5 1 1 1 4 5 4 10 4 5 8 1 5 3 7 4 9 8 5 2 6 2 8
3 3 10 8 10 10 8 4 5 2 2 7 5 2 7 1 2 3 5 10 2 10 4 8 10 2 9 5 3 3 2 3 1 6 6 9 7 9 6 4 7 9 8 1 1 4 7 8 2 8 2 2 2 10 9 3 6 5 2 5 2 4 1 10 10 1 3 9 5 3 3 8 8 8 4 4 3 3 6 9 3 10 4 5 7 4 1 2 6 6 2 2 6 1 7 3 10 10 7 10 6 7 3 6 7 8 3 1 7 4 8 3 10 3 10 8 7 6 4 10 6 10 5 2 4 10 3 1 2 2 4 9 2 5 1 6 5 6 10 7 8 9 7 10 8 6 9 9 7 3 6 5 3 4 6 9 5 2 4 5 7 10 10 4 2 2 7 5 4 8 5 7 9 6 1 2 5 8 5 8 2 7 10 1 10 7 6 5 3 9 3 7 7 5 3 4 8 2 8 4 9 3 8 4 6 7 4 1 5 2 1 5 5 4 1 1 6 2 8 8 5 1 2 8 2 2 7 1 2 10 6 3 9 5 7 8 8 10 5 6 8 6 8 9 2 6 2 7 8 1 6 3 10 10 5 6 3 7 5 9 10 5 2 1 9 7 8 3 5 10 1 1 7 3 4 3 9 8 6 7 3 6 4 10 6 1 6 3 7 4 5 5 5 3 8 8 6 4 6 6 2 3 5 6 1 9 3 3 1 3 9 8 8 7 4 10 4 3 3 2 2 2 1 4 10 5 9 10 1 1 3 3 9 1 6 8 3 9 5 2 2 1 9 2 8 1 4 2 7 3 4 4 2 8 9 2 4 9 9 6 2 9 6 8 10 8 2 5 2 5 8 2 6 5 7 9 9 2 3 9 8 8 8 3 7 1 4 2 3 9 10 1 1 9 7 7 1 4 3 6 8 2 8 10 3 9 2 4 6 9 5 8 1 8 2 10 8 4 9 5 7 4 2 2 4 7 2 7 4 6 7 6 5 9 10 7 1 1 7 8 8 3 6 10 10 8 4 5 6 10
2 6 9 2 8 8 8 8 4 4 4 8 9 8 1 3 4 5 1 7 4 4 7 6 10 6 4 7 6 10 4 5 1 6 6 9 8 1 7 10 2 3 10 1 3 10 3 6 9 1 2 7 9 9 8 8 1 8 6 1 4 3 1 7 6 1 5 5 7 9 4 2 5 1 4 2 5 10 5 6 1 4 4 6 7 5 10 1 5 7 3 9 1 5 4 9 5 6 6 1 1 4 10 1 3 2 8 2 5 10 3 4 10 4 5 1 4 5 1 7 2 3 4 9 7 7 10 1 10 6 9 2 2 10 8 6 4 3 7 10 8 5 3 4 8 7 1 10 4 9 3 2 6 8 10 6 2 9 6 4 7 6 4 1 2 5 4 10 3 3 4 3 2 2 3 6 5 7 4 7 9 1 8 6 6 5 3 4 6 1 2 3 8 3 1 5 1 7 9 8 6 10 8 7 2 3 2 1 2 2 4 1 1 10 7 5 10 9 8 1 8 9 2 8 4 3 3 2 3 3 3 1 7 4 9 5 2 7 5 2 8 7 1 6 9 5 7 3 6 5 9 1 4 4 6 6 2 2 3 5 1 7 4 8 4 3 8 5 6 4 7 8 8 3 4 5 2 6 2 5 5 2 2 9 7 8 8 8 3 9 5 7 5 4 1 2 1 7 4 2 3 4 9 9 7 2 7 4 8 10 1 8 2 1 1 3 7 7 4 1 10 1 8 3 8 8 5 2 2 9 1 5 2 9 6 2 1 5 5 8 7 6 10 2 8 3 9 1 5 2 2 7 8 1 2 7 8 3 10 7 6 7 2 3 1 9 7 8 3 2 1 6 7 5 7 2 8 10 7 2 6 3 6 2 1 5 7 9 1 10 6 2 9 6 8 3 6 6 5 3 5 8 6 2 7 10 7 7 2 6 2 8 6 6 3 10 10 3 9 4 9 7 2 6 3 5 6 9 7 1 5 6 1 1 6 10 5 5 7 10 10 5 6 5 9 4 6 1 7 10
2 10 10 7 7 3 10 1 8 5 4 1 3 5 10 7 8 4 6 9 8 10 6 2 3 8 9 5 5 4 2 5 5 4 2 7 10 10 3 6 6 9 1 5 5 2 3 9 2 9 5 8 2 2 4 8 3 10 6 3 4 8 1 6 6 9 4 7 4 3 2 5 8 6 9 9 1 8 5 3 1 4 7 1 9 6 8 2 8 2 5 9 10 6 9 9 2 5 7 3 8 5 8 1 3 6 5 7 5 1 5 2 1 1 6 10 6 4 7 8 4 3 5 1 6 5 5 10 3 10 1 4 8 2 10 4 2 10 3 5 5 4 8 4 10 10 4 6 7 9 5 2 3 8 1 2 6 1 7 6 1 4 8 4 1 10 2 9 8 7 1 2 1 10 7 5 8 8 3 10 6 10 9 4 7 2 1 2 3 1 10 2 8 5 10 1 6 10 8 9 5 3 8 2 1 5 2 10 4 9 2 3 7 8 1 3 10 2 10 4 4 1 4 5 7 2 1 10 2 7 8 4 4 10 1 2 2 3 5 6 6 3 9 2 4 2 6 3 1 6 3 2 9 3 2 6 5 2 4 4 4 3 7 1 4 7 2 9 2 5 4 8 8 6 4 1 10 1 10 4 7 6 2 10 2 5 9 5 1 6 4 9 8 3 1 3 9 7 8 1 2 8 9 2 1 5 7 6 9 9 7 10 9 8 3 5 4 4 10 10 5 8 9 2 7 2 4 1 1 8 8 8 10 2 4 10 9 6 4 10 6 8 1 5 7 4 6 10 3 3 9 7 7 5 5 1 6 1 2 3 4 6 5 5 7 2 1 8 9 3 5 6 3 6 9 10 7 3 1 10 5 1 7 7 4 2 10 5 4 3 8 8 10 6 6 2 6 3 9 7 2 4 8 8 4 6 7 6 9 3 1 2 6 5 3 8 1 7 9 7 5 9 6 2 8 6 1 1 5 6 3 5 9 1 10 2 6 1 2 6 4 3 2 5 5 10 1 3 5 5
1 7 9 7 3 3 3 6 6 9 9 4 4 2 6 4 8 4 4 4 2 10 5 9 4 7 8 5 9 7 5 9 3 10 9 10 2 2 10 3 8 1 4 8 7 9 6 4 7 6 4 5 10 3 6 1 6 6 7 5 5 7 2 3 10 7 1 7 2 8 3 8 8 8 4 1 10 1 6 1 2 5 5 3 3 7 3 5 5 2 6 9 10 6 6 8 6 7 4 4 8 4 10 5 2 3 1 8 8 3 3 3 4 2 8 8 1 8 6 6 7 3 4 6 6 7 6 7 7 6 8 9 3 6 5 4 7 8 9 6 4 1 3 1 7 8 5 4 10 9 9 3 8 7 2 8 5 8 10 5 5 7 5 9 3 6 8 5 10 10 4 5 7 4 8 1 8 5 1 5 5 1 5 7 10 9 10 3 2 6 4 9 8 2 8 2 1 9 5 8 10 6 9 10 6 2 3 9 7 1 10 2 8 2 3 10 3 6 6 9 2 8 9 10 10 4 9 2 4 4 1 3 6 9 10 10 4 2 1 7 5 2 1 10 1 4 4 9 7 7 5 6 3 4 8 6 9 2 9 4 8 7 4 1 5 9 2 4 1 10 4 3 2 10 4 9 1 10 3 4 8 6 3 5 6 5 10 6 4 2 8 7 1 7 4 7 2 4 2 10 2 1 7 8 7 7 1 10 1 4 7 9 1 2 10 7 6 9 6 6 6 8 3 6 7 4 7 10 6 9 4 8 3 5 6 6 1 7 2 10 2 3 8 4 5 9 4 5 9 7 9 7 1 6 7 1 4 2 4 5 3 9 2 1 5 9 8 7 1 4 5 2 2 2 5 9 5 4 9 6 5 6 10 10 8 4 7 6 4 5 4 10 1 7 7 6 6 10 6 5 3 4 5 1 2 6 2 10 2 7 4 7 9 2 10 7 9 10 2 7 9 7 10 5 4 2 6 10 7 6 6 6 3 8 2 7 7 6 5 7 4 6 1 3 1 4 4 6 4 6
3 7 9 8 6 9 7 7 7 10 10 5 7 6 3 9 8 3 2 2 10 4 5 3 7 4 5 3 6 8 4 10 1 5 9 7 5 9 6 2 8 4 1 4 4 10 10 5 8 4 10 1 5 7 3 9 1 7 1 7 6 5 9 7 2 1 9 8 2 10 4 2 5 5 5 1 4 1 10 10 3 8 5 8 6 4 2 10 7 8 3 9 5 3 10 3 4 3 9 1 7 6 7 4 9 10 7 7 5 5 8 10 3 5 8 3 6 8 9 8 4 9 10 7 2 3 7 9 1 7 2 6 1 4 6 8 2 10 3 8 2 1 1 2 1 4 10 9 9 1 5 7 2 2 8 7 3 4 4 7 9 8 7 5 2 1 1 6 8 6 3 5 10 2 8 7 6 10 7 2 3 6 7 7 3 8 2 7 10 9 4 10 2 7 8 9 1 4 7 3 5 6 2 5 4 8 2 7 4 7 7 9 1 9 5 7 6 4 9 6 1 3 10 10 8 7 10 6 3 10 2 6 3 6 6 10 10 3 2 3 2 3 5 6 6 8 10 7 4 10 5 5 6 5 7 8 4 9 3 9 8 10 6 7 4 4 8 8 5 9 9 2 3 4 6 7 5 7 4 2 1 8 4 1 6 3 8 4 7 1 8 8 9 3 5 6 2 10 5 2 7 1 9 10 6 5 8 6 3 1 5 9 7 8 8 2 1 2 10 4 8 10 9 3 4 9 7 5 9 6 9 10 2 1 4 3 5 4 9 4 1 6 1 6 3 6 7 7 1 1 7 8 2 3 8 3 8 5 5 9 1 7 9 5 5 1 7 7 5 1 3 3 6 9 3 5 7 8 2 9 10 7 5 6 6 3 4 5 2 10 5 9 1 10 1 9 3 7 7 6 4 4 4 7 5 2 2 6 5 6 5 5 2 6 8 6 4 3 2 1 10 2 3 5 2 7 5 10 5 7 6 7 3 9 10 4 10 3 6 4 9 9 1 4 2 6 4 7 10 6
4 5 2 8 3 6 3 1 7 8 1 4 10 4 3 1 9 6 3 3 6 6 10 9 4 3 2 3 1 10 8 5 10 4 10 8 7 1 10 3 4 4 6 9 8 8 3 3 2 1 10 9 9 1 2 2 8 9 10 1 7 7 5 2 9 7 7 10 9 3 9 2 1 5 9 8 10 9 4 5 4 9 7 9 1 2 7 6 5 3 1 1 1 8 4 2 6 6 1 2 8 9 7 6 10 1 8 5 9 5 10 7 1 5 7 1 10 8 7 5 1 3 8 4 3 1 1 4 3 6 8 8 1 2 6 9 3 10 2 2 10 8 6 9 5 3 3 8 6 2 10 1 4 3 10 6 5 3 8 1 2 2 8 4 1 8 4 10 2 10 4 9 9 2 9 9 4 1 6 3 3 9 2 3 8 2 2 5 9 4 3 9 7 7 9 7 2 3 2 10 6 7 4 7 1 7 7 3 10 8 2 5 2 10 2 6 1 1 6 1 8 7 8 6 8 7 6 2 8 1 2 6 6 9 7 8 1 3 7 10 6 2 2 7 3 9 6 1 2 6 6 3 3 2 7 5 5 1 3 3 3 10 6 10 6 4 2 1 1 9 2 10 1 3 4 9 6 3 2 2 8 3 1 5 9 8 2 5 10 6 1 2 6 1 7 3 4 9 5 4 1 4 7 5 1 10 10 6 7 5 4 9 8 4 8 1 3 2 7 8 1 10 9 10 10 2 10 6 8 8 6 3 10 8 9 10 1 4 8 3 4 6 5 8 1 2 5 10 6 6 8 9 6 4 10 5 2 2 1 8 8 3 1 4 4 7 1 3 4 10 3 8 10 9 7 5 8 3 6 2 7 5 3 3 5 1 1 1 4 2 3 10 4 7 5 3 3 3 9 8 9 9 2 3 1 2 9 10 7 3 4 2 4 4 9 9 8 5 5 4 3 7 7 5 8 4 5 7 10 3 2 4 9 4 4 2 7 9 5 4 8 8 9 4 8 3 8 10 7 10
5 8 7 2 2 1 7 3 7 5 3 4 3 6 8 10 4 4 4 7 8 3 9 1 9 8 8 3 1 9 6 2 8 2 4 3 1 8 1 10 5 1 10 5 8 6 2 4 8 3 4 6 4 6 2 10 6 3 8 8 5 10 9 10 2 7 5 8 4 2 10 2 9 6 2 3 6 9 5 9 1 5 8 8 3 10 10 8 6 6 4 4 2 5 1 9 5 5 8 3 8 5 9 5 1 2 4 1 9 8 10 8 5 3 5 8 6 9 7 8 5 3 4 3 4 1 3 9 10 8 3 7 9 6 8 4 10 4 3 4 2 10 7 1 4 7 10 10 5 5 6 5 1 9 1 1 9 5 1 5 4 9 4 3 5 9 1 8 2 9 2 4 2 1 3 6 7 7 10 9 1 9 6 8 3 10 2 5 5 7 6 2 3 7 9 3 7 2 9 7 1 4 7 2 9 8 6 8 3 3 5 8 9 3 4 8 4 8 4 5 8 1 5 1 3 8 7 1 2 9 4 7 8 2 5 4 4 8 5 10 7 5 6 7 2 2 3 6 4 8 9 3 2 4 10 5 4 7 5 10 2 6 2 10 7 6 4 8 8 2 6 9 4 10 8 5 10 6 6 4 6 8 8 1 4 10 4 3 8 2 1 7 5 4 1 9 4 8 7 9 10 6 2 7 3 3 2 8 3 2 9 10 8 3 9 5 10 4 8 9 8 4 1 9 9 10 10 1 6 8 1 10 9 1 9 5 6 4 9 9 6 4 9 10 5 5 9 8 5 7 8 5 4 5 7 1 9 9 7 5 6 8 9 3 6 2 5 8 1 10 7 1 2 10 1 5 7 3 3 3 2 9 9 2 9 5 7 6 10 9 2 9 9 9 7 5 6 10 9 8 6 7 10 2 4 2 2 7 5 1 5 9 6 2 1 4 10 4 4 4 10 9 6 3 8 7 9 2 5 5 6 8 4 10 2 4 10 4 7 9 1 4 2 2 2 3 6 6 9 6
1 9 8 5 1 10 1 6 8 8 5 3 2 2 5 5 3 2 3 3 3 7 8 9 3 10 6 7 6 6 9 3 6 8 1 5 2 8 6 7 10 1 3 2 6 10 5 1 2 1 6 1 6 4 7 7 9 10 5 6 7 1 2 6 1 8 1 6 6 9 2 4 10 8 4 1 10 2 8 3 10 9 1 8 1 5 2 2 7 10 5 5 3 2 4 10 6 1 8 9 8 10 9 3 1 1 5 4 5 7 5 3 4 10 3 6 5 9 9 7 6 6 9 4 7 7 6 7 7 7 9 9 2 3 1 7 9 4 2 8 3 6 4 7 7 4 2 6 1 6 7 2 1 7 6 3 8 7 1 2 9 8 3 10 4 1 9 3 7 2 5 8 4 2 1 6 9 9 6 9 5 1 9 4 1 3 6 6 6 5 9 1 9 5 5 5 4 1 5 6 9 9 4 8 6 10 3 10 1 6 6 4 7 6 1 10 9 8 8 5 3 3 1 9 9 1 4 4 8 3 9 5 8 1 8 8 3 8 6 6 6 6 7 6 10 2 1 9 3 9 2 1 4 7 5 8 5 10 4 10 7 1 4 10 1 10 3 10 3 1 4 9 1 1 1 2 9 10 6 2 5 6 4 3 6 2 3 2 4 6 5 2 2 4 8 6 5 3 2 6 4 6 1 8 1 4 7 1 3 7 2 2 10 3 4 6 7 9 10 2 9 5 5 9 2 5 9 7 4 2 6 3 2 7 10 4 5 5 4 7 6 5 4 4 9 4 4 5 2 8 7 10 3 4 6 4 1 5 6 7 10 8 4 2 1 1 4 7 4 1 4 6 7 3 9 9 1 9 4 6 6 4 10 7 6 9 4 8 8 6 5 2 7 4 7 4 5 2 6 10 3 6 9 10 9 7 4 4 2 3 6 3 2 1 10 1 6 10 1 6 9 7 3 2 6 10 10 8 8 6 4 9 2 3 6 5 4 7 5 10 2 1 10 8 4 3 7 1 8 4
2 8 1 5 3 10 2 7 9 5 5 7 2 2 5 1 6 7 9 9 9 7 5 6 9 3 10 1 6 8 4 5 2 5 9 7 7 3 10 7 5 4 5 2 10 8 9 9 8 6 2 9 4 8 8 2 6 1 5 1 5 6 8 6 7 3 3 2 7 8 1 5 10 2 10 2 3 2 10 1 6 4 3 9 1 7 8 10 7 8 4 4 7 5 4 7 5 1 7 9 3 7 1 10 2 6 5 10 7 5 7 1 9 5 2 9 2 3 4 7 2 2 1 6 10 9 5 2 5 7 7 3 8 7 8 6 7 5 10 2 7 1 3 3 10 9 8 1 7 1 2 7 9 4 9 7 9 2 8 9 1 10 6 2 9 4 6 1 3 10 6 4 9 7 5 10 3 3 6 10 5 2 9 4 2 5 5 8 8 7 7 1 2 3 7 8 3 8 9 8 6 10 5 1 2 8 2 3 3 7 6 3 10 8 8 3 8 4 1 8 8 10 9 8 8 2 2 10 5 1 2 9 6 4 5 4 8 5 5 10 4 8 9 2 5 1 2 10 1 3 10 9 3 2 6 2 8 8 5 1 3 5 2 10 4 5 4 8 5 1 5 9 10 10 10 5 9 6 7 1 3 2 10 5 2 4 2 2 6 10 6 9 9 5 1 3 2 1 6 6 7 7 7 4 3 1 1 1 2 6 1 9 4 5 8 1 3 3 1 9 5 9 5 10 3 1 5 4 9 3 9 10 1 7 5 3 10 7 6 10 3 4 5 7 5 7 6 7 6 6 10 7 9 1 5 6 7 2 3 8 10 5 10 7 1 10 10 10 3 2 8 10 2 5 5 3 3 3 8 10 7 2 6 4 7 8 8 5 2 2 5 7 3 4 5 2 2 6 6 9 10 2 6 3 7 10 6 5 4 2 5 3 8 7 10 5 1 2 1 4 5 7 8 2 3 10 8 9 3 3 9 6 10 4 5 10 8 8 3 2 7 7 10 9 4 6 1 1 10 9
3 8 9 10 5 5 5 3 2 6 2 8 3 6 3 6 1 9 5 3 7 1 9 7 1 1 5 10 10 5 7 6 7 2 8 10 9 9 10 3 9 3 1 7 1 1 7 5 9 8 4 4 8 7 8 2 5 5 6 6 4 8 4 10 5 6 8 5 4 7 4 2 4 4 9 5 6 2 1 9 7 10 5 10 4 9 2 7 9 6 3 6 3 10 1 5 2 6 4 2 8 3 7 1 9 1 7 9 8 2 7 9 3 10 1 8 7 8 10 10 1 7 1 10 6 1 10 1 7 1 4 7 2 2 6 3 5 3 3 9 1 9 3 1 5 7 5 3 5 2 3 5 8 7 3 4 2 8 7 9 4 9 8 9 10 3 8 6 4 9 8 7 8 6 8 2 5 8 8 9 8 2 3 3 1 4 1 10 2 9 5 4 3 8 8 4 6 3 4 6 3 7 10 5 3 9 10 10 6 8 3 8 8 5 5 3 4 5 1 4 7 6 4 3 2 2 5 8 6 4 2 3 2 8 3 3 7 8 5 1 7 6 3 10 2 10 8 8 9 1 2 7 1 10 8 4 3 7 8 7 8 10 3 10 9 3 9 10 5 7 8 4 6 3 9 3 5 8 5 2 1 9 6 5 8 9 1 3 8 10 6 7 1 6 9 3 9 6 9 4 8 1 6 3 9 1 5 5 3 10 2 4 9 9 9 10 8 6 9 4 5 7 8 3 7 4 6 5 1 9 10 1 8 10 5 4 9 10 6 2 6 10 2 6 1 9 8 5 7 4 4 7 8 8 9 7 8 5 8 9 2 8 1 8 5 8 1 10 8 9 4 8 7 2 10 5 3 5 4 8 7 3 6 7 10 4 1 8 9 6 1 10 4 9 7 4 2 8 10 6 4 8 10 4 3 9 2 8 9 7 9 10 3 3 3 3 8 3 9 3 5 10 2 4 6 7 9 3 9 3 6 6 8 10 5 1 2 2 1 10 3 10 7 8 6 6 9 4 9 8
3 3 3 9 4 7 5 4 7 8 6 6 7 10 7 9 2 9 5 5 10 8 1 7 5 9 8 2 7 5 6 8 8 1 4 7 7 9 6 7 1 9 7 7 4 5 5 2 5 2 8 4 2 6 9 8 9 1 3 10 7 5 7 5 3 10 5 2 1 8 1 3 7 8 4 6 4 2 6 7 1 6 3 7 5 5 1 4 4 7 1 1 7 4 10 6 10 4 6 4 6 7 2 8 1 8 1 8 3 5 4 6 3 10 7 10 6 3 5 6 8 3 4 6 1 3 10 9 5 2 3 10 8 5 4 6 10 5 1 4 2 10 8 7 8 4 10 3 3 5 2 1 4 1 8 1 6 9 2 4 6 5 8 3 8 9 7 1 4 3 5 10 8 3 1 3 7 8 2 2 8 6 2 5 4 7 6 1 6 1 8 8 1 8 7 5 9 1 5 3 7 6 4 1 8 8 5 5 2 5 1 4 5 1 7 6 9 10 8 8 4 3 2 3 5 4 1 2 10 1 7 5 8 8 10 10 5 1 4 3 4 4 1 2 1 7 2 5 1 3 5 9 10 4 1 3 10 9 2 1 2 9 6 10 4 6 6 10 10 5 1 2 3 3 8 6 5 6 8 3 6 9 3 1 4 5 2 4 7 5 6 2 3 8 6 1 1 10 10 9 9 8 10 7 6 5 7 8 2 3 3 1 8 7 6 3 6 7 9 2 8 3 8 10 4 2 8 10 4 1 5 3 1 8 9 9 4 1 10 10 5 5 2 5 5 4 7 5 5 6 8 1 2 9 10 5 3 7 10 6 5 5 9 5 9 2 2 4 7 5 10 3 1 4 4 7 9 4 7 7 4 3 1 6 2 6 5 10 9 6 3 8 8 9 7 7 5 5 6 4 2 6 5 10 4 10 1 9 7 4 4 2 10 10 6 5 6 4 5 2 3 6 6 6 9 4 2 6 8 6 7 10 7 5 3 10 10 7 6 2 5 9 4 5 4 3 9 3 9 6
4 3 3 4 4 1 5 7 4 8 9 6 10 1 4 4 8 8 8 9 4 7 4 2 2 6 1 4 8 10 5 7 5 5 2 5 9 6 2 9 4 6 1 6 2 3 4 6 10 7 3 10 1 7 4 10 9 2 5 9 10 7 9 2 1 1 9 7 6 2 5 10 1 10 10 7 10 5 5 1 10 3 5 7 9 2 1 4 5 2 6 5 1 3 2 5 1 9 6 4 9 4 1 8 3 3 6 5 10 7 1 9 1 10 1 10 4 9 1 7 10 4 9 6 1 6 4 4 10 1 5 3 1 4 9 5 7 4 1 7 5 2 10 6 5 8 7 9 8 3 7 6 5 4 6 9 4 3 3 7 9 10 6 8 7 10 4 1 8 7 2 5 10 7 10 2 5 9 6 3 7 1 9 8 6 3 10 9 4 4 5 7 1 4 1 6 4 5 6 6 6 3 7 1 1 9 6 10 2 8 1 1 6 9 8 7 1 5 8 10 8 8 10 10 5 4 6 9 4 10 5 7 1 5 7 10 3 10 3 2 2 10 6 8 1 7 6 9 4 1 8 2 8 1 10 1 1 1 10 3 3 2 6 7 10 5 2 7 4 10 1 2 10 7 5 1 10 8 9 1 5 6 4 7 9 4 1 1 1 9 4 6 10 3 4 7 5 2 6 3 5 1 8 8 8 2 7 3 2 5 2 10 6 10 1 4 5 5 7 7 2 9 3 4 8 3 5 9 7 2 5 1 5 3 3 5 9 1 3 10 10 1 2 1 1 3 3 7 6 7 10 3 8 5 5 6 2 10 10 9 3 3 3 6 6 4 4 9 7 5 3 1 8 4 10 4 5 8 10 3 3 10 7 7 3 10 1 8 9 2 1 6 8 3 8 4 9 10 6 8 8 5 5 5 5 6 8 3 6 3 9 5 3 6 2 6 1 6 7 8 5 5 10 10 5 10 2 7 9 9 3 5 8 7 2 9 4 5 2 10 5 1 10 4 7 9 1 3 7 2
5 4 4 8 4 4 6 4 4 6 9 1 5 3 1 2 1 10 8 3 4 4 1 4 10 3 3 8 5 8 6 1 5 10 5 8 7 4 6 6 6 3 3 6 1 7 5 6 6 1 6 2 4 8 9 8 2 1 8 3 5 4 1 3 8 4 7 8 5 2 3 10 1 8 9 2 7 9 6 1 8 7 7 9 2 10 5 4 2 2 4 10 1 1 4 5 2 3 8 1 4 8 4 3 1 3 6 7 2 4 1 3 10 6 1 3 9 10 7 4 6 5 6 7 10 4 2 7 6 10 4 4 5 2 3 7 6 9 7 9 7 3 10 3 3 1 2 4 3 6 1 7 3 4 9 8 3 5 10 4 1 9 4 2 1 1 7 2 1 2 4 9 5 9 9 3 2 5 6 5 8 4 10 10 9 2 7 6 4 10 3 6 2 5 2 3 5 7 1 1 8 2 10 1 8 10 9 4 4 9 1 4 3 9 5 7 7 3 6 8 6 10 3 8 8 3 7 4 10 10 8 8 7 1 2 10 5 5 2 6 3 2 3 2 4 5 7 1 3 1 6 5 6 5 9 4 4 8 10 6 1 5 7 9 4 9 6 2 5 1 8 1 7 6 7 8 1 9 3 7 5 7 2 8 9 4 7 5 4 1 2 6 3 5 8 4 2 8 6 7 7 3 5 6 4 10 1 9 7 10 3 4 8 10 7 4 8 6 4 9 7 7 3 2 2 8 4 5 3 10 2 10 5 2 3 4 7 6 1 9 8 7 9 2 8 6 9 6 6 3 1 9 10 7 10 9 4 7 2 8 3 1 10 9 1 6 7 6 3 5 9 10 3 7 8 8 9 10 8 10 2 7 10 1 4 3 4 3 8 7 5 5 2 1 4 8 4 4 6 3 7 8 6 7 8 4 4 6 6 9 1 1 7 3 8 4 4 2 9 9 7 9 2 3 5 3 3 8 10 9 10 4 8 7 1 9 10 10 10 4 1 10 1 1 9 7 2 8 8 6
3 5 1 5 9 3 6 2 6 10 2 10 10 3 7 7 2 7 6 9 3 8 5 9 2 1 1 6 3 3 1 5 10 1 8 4 6 9 2 5 2 7 3 8 6 5 3 10 1 1 3 2 8 8 7 6 3 5 9 10 9 9 7 5 6 8 5 5 10 6 6 3 10 2 4 2 1 9 7 2 5 5 5 4 8 3 6 4 1 1 1 6 4 6 8 7 5 6 3 8 9 3 1 4 3 4 2 10 9 6 3 8 10 4 10 2 6 1 3 8 3 8 8 6 5 3 1 1 4 1 3 10 10 9 6 2 7 2 1 3 7 6 4 6 10 10 3 6 3 7 5 5 9 2 4 4 6 3 3 8 8 3 2 2 5 2 4 7 2 6 8 1 4 9 9 5 5 2 3 7 8 5 5 2 1 6 8 10 2 1 4 5 9 2 4 9 8 1 6 5 6 2 5 8 1 8 9 3 9 9 2 4 10 5 5 6 9 8 3 1 3 5 2 5 5 9 6 10 9 1 4 2 6 7 1 9 6 6 1 7 5 4 3 9 5 8 5 3 8 6 6 6 3 10 1 4 6 1 9 10 10 9 6 7 2 7 9 2 7 4 7 6 7 3 5 9 7 9 8 9 9 4 9 4 9 1 8 7 10 3 7 8 10 2 6 10 4 6 8 8 3 4 3 10 1 5 8 5 8 3 10 6 4 1 10 5 3 10 5 4 9 1 10 1 5 8 2 3 10 7 2 5 1 2 10 3 7 6 9 8 2 2 7 4 2 6 9 7 9 8 2 4 1 5 2 2 10 2 8 5 6 6 6 9 2 5 1 8 3 3 6 7 7 10 2 7 8 10 8 3 2 5 6 4 3 5 4 2 4 4 5 2 3 7 5 5 4 5 6 5 5 2 9 6 9 6 7 10 8 9 7 9 2 2 10 3 9 6 8 9 6 9 9 10 1 6 8 4 7 7 4 3 2 4 3 8 2 6 6 6 7 9 3 6 9 8 7 2 5 1
1 4 3 3 5 5 6 9 1 5 5 3 3 2 8 2 9 1 2 8 8 10 8 8 9 7 1 7 10 9 2 8 10 4 4 4 1 8 2 7 1 7 3 5 10 3 9 5 5 1 10 9 4 10 6 8 10 1 2 10 10 8 6 7 8 3 2 7 7 9 3 6 7 8 8 3 1 5 6 1 4 10 6 7 3 8 4 8 7 2 2 10 2 6 4 6 2 9 9 8 5 1 8 7 7 9 6 5 6 6 5 4 5 6 7 10 5 6 2 6 7 6 8 7 10 2 6 7 3 4 8 5 9 9 8 10 9 2 1 1 10 2 1 10 1 10 8 9 6 1 5 6 5 9 3 7 5 6 10 8 8 1 6 2 8 5 7 10 7 7 8 2 2 1 4 8 2 1 5 4 1 5 10 4 1 6 5 5 10 7 4 9 2 5 10 10 2 1 2 1 3 6 5 2 6 1 7 5 1 4 7 6 9 8 8 5 8 4 3 3 4 5 3 10 6 10 6 7 8 5 4 6 9 7 10 6 2 5 2 7 3 7 8 2 3 5 7 2 4 6 7 8 7 9 6 4 5 5 1 10 3 7 3 1 9 6 1 3 6 2 4 4 1 8 4 3 3 1 6 10 8 3 1 10 6 9 1 8 8 3 1 8 2 5 3 5 6 8 9 3 4 5 9 7 7 8 9 10 1 4 8 9 3 6 2 9 6 6 5 3 1 7 6 9 7 7 2 8 10 8 6 3 4 10 10 10 4 4 7 9 10 8 2 3 5 4 9 5 1 2 6 10 4 6 4 5 7 6 2 7 6 2 5 6 10 10 1 1 7 8 6 5 8 2 4 2 1 4 4 7 3 1 10 2 2 5 3 9 7 6 1 7 8 5 1 8 5 2 5 6 9 4 3 3 2 6 10 1 7 2 4 9 7 6 8 3 9 3 1 4 7 9 9 7 3 8 3 4 4 8 3 7 9 3 4 9 6 6 4 10 9 2 4 5 6 9 8 8 8 4
2 3 8 10 1 9 8 3 1 8 4 7 6 5 5 5 1 7 9 10 9 3 3 9 1 5 1 1 6 4 5 4 2 7 10 5 7 7 8 1 9 10 5 2 7 3 8 9 6 10 7 8 3 7 5 9 5 10 4 7 1 8 8 2 3 7 10 5 5 8 3 8 7 6 4 3 5 10 5 7 6 5 4 10 8 9 1 1 6 5 5 5 3 10 3 5 5 3 1 8 2 3 8 5 5 4 10 1 4 4 5 7 6 8 6 1 8 3 5 6 10 10 7 7 3 4 3 5 8 5 3 5 9 5 4 8 10 10 5 8 2 4 7 1 9 5 6 6 9 1 2 3 8 6 3 2 10 4 1 8 9 1 5 7 2 10 7 10 1 4 6 5 4 7 3 7 10 9 5 5 4 7 6 1 10 7 10 7 5 9 4 2 4 1 8 2 2 9 8 6 8 10 7 8 1 9 4 1 5 7 4 1 9 2 5 5 1 10 6 1 4 5 3 5 1 1 6 6 8 4 8 2 9 6 1 2 10 5 5 9 9 5 6 2 8 5 1 5 6 10 7 7 9 7 2 4 1 6 3 8 5 1 2 2 1 8 7 3 6 3 8 7 8 7 4 10 10 10 1 1 9 4 3 5 2 2 3 3 10 2 1 4 3 10 2 1 5 3 7 6 7 10 5 6 2 9 2 9 7 6 10 7 2 3 9 10 10 5 2 2 10 5 5 8 1 9 9 8 4 5 10 3 3 6 6 7 3 10 8 10 5 6 5 9 4 3 9 10 4 6 6 1 5 7 8 5 10 6 8 6 1 6 8 2 8 6 2 9 6 4 5 10 10 10 4 1 7 10 6 2 5 6 2 1 5 7 5 4 3 2 6 2 5 3 6 9 5 7 10 3 10 10 7 4 6 1 3 1 4 9 5 2 3 6 5 1 1 5 6 1 10 10 9 7 2 2 5 5 7 2 6 10 1 3 7 8 6 7 3 2 3 10 4 6 3 2 8 2 8 10
5 8 8 3 8 7 6 5 7 3 3 5 6 3 6 1 6 6 8 2 3 7 2 6 8 3 6 9 8 2 3 6 3 1 6 3 4 6 9 5 4 8 2 3 10 5 5 6 1 10 3 1 9 6 7 7 7 9 4 1 4 4 8 6 8 9 7 6 1 9 9 6 6 9 2 1 10 9 2 8 10 10 1 2 2 8 10 2 3 10 7 6 2 4 2 8 2 5 7 1 2 6 4 4 5 10 6 9 3 6 8 1 8 9 8 9 4 10 6 8 1 3 2 9 9 10 1 3 10 2 2 4 5 8 2 2 5 2 6 2 8 7 5 5 6 3 9 4 3 9 4 6 10 2 4 10 6 1 8 5 10 4 7 6 7 2 2 7 3 6 3 3 10 6 3 8 2 3 9 8 4 10 6 7 3 10 3 6 1 7 3 2 4 7 8 6 4 2 6 5 9 6 2 5 4 1 10 9 9 5 8 8 4 8 10 1 1 3 6 7 7 10 6 10 10 3 6 1 1 5 9 4 2 7 1 9 6 8 5 8 5 7 9 7 9 6 8 8 10 1 2 8 3 8 2 10 8 5 4 1 3 5 8 6 4 8 10 8 2 5 3 7 3 8 1 3 3 3 2 5 8 7 8 6 8 4 4 10 10 2 10 1 1 9 5 2 4 6 1 5 10 3 6 5 7 10 1 5 3 7 5 8 7 1 2 5 7 6 7 7 9 1 8 3 1 9 3 5 8 2 3 5 1 4 10 4 3 8 7 6 1 6 4 7 9 4 6 2 3 2 6 8 3 7 3 8 5 10 6 1 2 10 1 10 10 7 4 1 5 5 5 6 2 7 8 9 2 8 10 1 9 9 3 7 6 2 7 10 5 3 7 3 3 10 8 2 5 9 2 10 6 3 9 4 1 3 10 7 9 1 9 10 8 4 9 4 2 3 7 10 10 5 8 4 10 2 9 7 9 10 9 2 10 2 9 2 5 7 7 2 5 5 4 5 6 10 7 9 1 1
3 10 1 3 9 7 9 7 1 2 5 3 6 5 8 4 2 3 5 7 3 4 9 4 7 4 8 6 4 5 6 5 5 1 1 3 8 2 3 4 3 1 8 5 4 5 5 1 5 2 2 3 7 9 8 10 3 8 6 4 9 1 4 2 4 1 10 9 5 8 9 2 7 10 9 9 1 9 5 10 5 3 7 5 8 2 7 9 7 8 7 6 7 9 3 5 1 5 2 3 8 2 7 6 7 6 1 4 8 9 1 6 10 8 10 7 6 2 9 2 3 4 4 6 1 1 7 6 10 5 9 5 3 8 6 8 4 7 4 1 2 4 5 6 5 4 7 2 3 9 5 3 5 9 3 10 10 8 6 4 6 1 9 8 10 1 2 10 7 5 6 6 8 5 2 8 4 8 9 4 8 5 6 7 7 2 10 10 9 10 8 4 9 5 4 1 8 2 9 1 10 3 2 3 6 3 7 4 4 9 1 7 3 7 8 5 10 6 1 6 8 3 1 5 10 5 10 3 6 7 2 10 10 2 10 10 10 5 3 2 7 2 1 10 3 7 6 3 9 5 5 3 3 5 5 4 9 7 4 2 9 4 9 5 4 3 9 6 2 6 5 4 7 5 6 4 9 2 9 6 9 8 8 6 7 5 4 3 8 2 6 8 3 9 9 2 6 2 3 9 2 6 10 8 3 5 7 3 3 4 7 9 4 3 6 4 4 3 3 3 5 1 2 4 6 1 3 10 6 8 7 8 8 3 8 1 8 2 9 9 2 8 5 7 5 2 1 10 3 4 6 6 10 5 4 2 9 4 1 9 10 3 8 8 5 3 9 1 5 2 9 3 1 8 4 9 3 5 5 9 4 6 8 5 6 9 2 9 1 10 2 3 6 4 3 5 9 8 3 3 5 3 1 9 4 6 2 9 3 1 4 6 9 6 1 10 10 7 8 8 7 6 10 9 10 1 5 7 6 6 10 5 6 4 6 4 5 5 7 4 7 3 7 6 6 3 3 10 9 10
5 3 5 9 1 3 8 1 7 2 2 3 8 6 4 7 5 7 6 5 3 8 8 10 2 2 4 7 6 7 6 2 3 4 9 7 4 7 1 10 4 4 6 10 4 1 7 4 4 3 1 4 10 4 9 3 3 8 10 4 9 8 1 8 6 3 4 2 8 4 5 4 3 5 10 6 4 4 4 4 7 6 8 6 6 8 5 2 2 8 5 3 5 6 2 3 5 8 4 5 1 1 4 1 9 5 6 5 5 10 10 3 1 7 10 5 7 3 8 7 5 5 3 6 5 9 2 2 4 5 4 1 7 4 5 6 9 4 5 4 9 6 1 4 6 9 4 1 2 7 9 2 1 7 5 10 8 10 4 4 5 7 4 4 9 7 6 8 6 2 10 6 1 2 9 8 9 10 2 7 10 9 1 1 2 7 5 4 4 10 7 9 4 6 2 7 8 10 7 9 1 1 3 7 8 2 6 10 4 2 1 1 7 6 2 9 6 7 4 7 5 6 6 7 10 8 3 8 8 3 2 8 8 6 10 4 9 1 10 4 3 1 6 4 2 2 1 9 4 3 1 6 1 10 1 7 9 6 4 5 8 6 1 1 4 8 1 4 6 7 8 5 2 4 8 2 6 1 3 9 2 1 1 10 2 4 8 8 9 5 2 7 9 6 6 9 4 3 4 4 8 10 5 1 5 7 9 4 7 6 8 9 8 4 1 6 7 6 4 3 10 5 3 9 7 4 1 4 9 7 7 7 2 6 1 1 2 10 9 5 9 3 10 10 3 2 9 4 8 7 5 3 4 8 2 4 2 2 2 2 9 1 1 2 1 9 2 5 4 8 7 8 1 5 10 10 7 1 10 7 5 7 8 9 4 9 10 1 7 4 4 4 4 2 2 3 2 4 5 4 4 9 4 9 10 10 4 9 6 4 5 5 8 5 1 8 10 7 8 2 10 6 4 5 10 9 10 3 9 10 6 5 1 5 7 1 6 8 5 2 3 9 2 2 2 7 8 5 1 5
1 6 1 10 10 9 7 8 6 10 4 5 8 5 5 4 1 9 10 1 9 10 6 1 8 8 4 9 7 1 1 4 6 3 7 6 2 7 5 10 4 10 6 5 4 8 10 3 10 5 9 4 8 6 9 10 7 7 6 10 2 1 5 4 1 3 6 3 3 6 7 9 3 8 6 5 4 7 8 9 1 2 9 2 4 7 10 9 3 10 2 3 10 2 2 1 5 10 2 3 4 2 2 8 7 10 10 2 3 3 1 7 4 9 1 3 7 4 7 6 1 6 9 1 3 4 6 5 4 3 8 9 2 8 10 8 7 6 6 4 7 3 3 4 8 2 5 1 3 4 3 10 3 5 10 10 3 10 5 4 4 10 3 4 5 3 8 4 1 10 8 5 5 7 1 7 3 1 6 2 7 7 4 6 5 2 2 1 2 6 5 3 6 10 4 9 2 2 9 8 1 1 8 9 7 2 9 1 6 2 5 6 4 6 9 5 9 1 2 8 2 10 6 3 6 4 4 9 2 5 1 7 8 10 3 9 9 10 1 8 3 1 10 9 2 2 7 5 4 10 7 5 2 8 3 9 6 9 8 6 8 10 2 8 6 2 1 2 6 4 4 8 5 8 1 10 6 10 10 2 7 3 4 6 2 4 10 3 8 5 2 3 8 8 1 7 5 3 8 4 8 10 10 9 1 6 8 9 2 6 1 8 2 2 3 8 10 7 4 10 10 5 8 7 10 9 6 5 3 5 6 10 5 6 4 9 7 6 4 8 7 2 3 2 4 8 6 7 8 6 4 4 8 4 3 10 1 1 10 9 10 4 7 9 3 10 2 2 10 8 5 8 3 2 7 7 6 5 4 9 2 4 7 6 1 2 4 2 6 6 4 4 7 1 9 9 8 2 1 8 10 7 7 5 2 5 9 1 1 2 2 1 10 7 3 2 2 10 2 3 3 3 6 4 7 10 5 1 1 6 6 2 1 4 5 8 4 1 10 10 1 2 3 2 8 7 3 7 3 9
2 3 8 7 9 7 7 9 4 1 8 1 2 6 7 9 7 1 7 6 4 4 10 8 4 1 3 7 1 3 2 4 4 3 4 5 2 6 5 10 4 10 6 3 6 8 5 8 5 3 8 4 5 5 1 7 2 10 3 2 5 6 1 2 4 5 4 10 4 3 8 9 2 1 6 6 5 3 4 2 3 4 4 7 5 6 2 4 6 5 9 4 6 3 7 1 1 5 1 7 5 9 2 1 2 6 4 6 1 3 2 8 5 10 2 1 2 8 1 3 10 10 2 1 3 1 8 3 8 9 10 9 4 3 8 5 8 9 7 8 6 1 5 9 1 1 10 5 4 9 3 10 7 2 6 1 8 8 1 6 8 8 4 8 10 7 5 7 9 6 8 2 2 6 1 9 10 10 8 1 10 2 10 5 5 4 10 10 4 6 6 6 7 9 8 1 8 6 10 8 6 10 2 9 5 10 6 5 10 3 8 10 3 7 1 7 8 1 5 8 4 6 10 1 2 9 2 1 2 8 5 9 9 8 9 2 10 1 8 8 3 3 1 4 9 9 1 1 9 4 1 6 9 3 10 3 9 4 1 4 3 4 9 1 1 8 7 5 9 4 2 5 8 4 9 10 2 2 4 2 2 3 5 1 4 1 2 2 3 5 2 2 8 3 3 2 6 5 9 3 3 7 8 8 4 8 10 6 4 4 4 7 2 6 5 2 7 8 4 1 8 2 9 9 9 7 2 6 2 2 6 10 9 9 10 3 1 8 10 1 9 3 6 3 1 3 6 1 4 2 5 1 6 9 2 10 6 4 10 2 10 1 5 2 2 5 5 10 1 9 7 10 4 10 9 3 9 6 9 9 6 4 1 3 6 7 10 7 6 7 5 10 6 7 8 1 6 3 8 8 3 9 1 4 3 1 5 3 4 4 3 1 6 6 4 2 4 3 2 3 5 4 5 1 8 9 1 5 5 2 9 4 10 9 8 10 7 8 1 4 8 7 7 6 2 1 10 8 5 1
3 3 7 2 8 5 8 8 8 7 1 1 3 10 1 6 9 1 10 10 10 4 5 5 1 3 10 6 3 7 5 1 3 5 10 10 3 8 8 2 10 6 2 7 1 7 2 8 3 1 6 3 1 5 2 2 10 4 1 8 6 6 8 6 6 6 9 7 8 6 7 2 4 3 7 4 5 3 9 9 6 2 9 8 2 5 10 10 2 9 8 8 7 7 8 1 9 6 4 6 5 9 1 7 3 8 5 2 4 9 3 5 1 2 10 5 2 4 4 1 2 7 7 7 2 1 9 8 8 1 5 3 8 5 2 8 8 6 1 5 5 8 7 2 4 6 10 1 9 9 1 9 3 2 4 10 1 6 9 7 6 3 8 7 3 9 2 2 3 9 2 8 2 7 8 1 7 5 3 3 5 10 1 5 9 5 9 7 7 3 8 1 5 9 6 6 7 8 6 10 5 9 1 4 1 10 8 7 10 7 1 7 6 6 5 3 6 6 3 2 1 6 7 6 6 1 4 1 8 1 9 1 6 6 10 6 3 1 10 5 1 3 2 5 4 8 2 9 1 6 6 5 6 7 3 2 8 10 9 10 2 3 7 8 7 7 7 6 5 8 1 8 1 7 6 8 5 3 7 7 10 7 9 8 10 5 8 6 5 9 9 6 10 5 9 5 10 1 10 4 4 1 6 2 1 4 4 2 6 5 3 5 10 5 1 9 1 8 5 1 9 4 10 5 1 6 2 8 7 1 10 2 10 6 6 10 1 3 2 6 6 10 5 1 3 4 3 3 7 6 9 4 8 7 5 9 7 3 2 6 7 9 6 10 6 2 5 6 2 5 5 9 2 8 5 10 4 9 10 8 10 4 3 3 1 1 9 6 5 5 4 3 9 6 9 8 8 4 6 10 4 7 5 6 10 3 10 4 10 8 9 8 10 7 4 7 2 9 6 2 8 9 5 2 1 3 6 5 6 4 7 9 5 10 7 4 6 1 9 7 1 6 8 4 4 6 10 1 1 9
3 10 1 6 10 1 7 9 8 2 2 6 3 2 10 5 9 6 7 7 9 2 7 2 7 2 10 5 5 10 8 7 7 7 3 9 10 2 4 10 9 3 9 2 9 5 6 4 4 9 6 2 1 6 9 3 4 8 7 5 3 6 4 1 1 8 4 1 10 6 9 10 7 8 8 3 3 10 2 9 2 10 3 9 7 10 10 9 4 7 10 10 4 1 9 7 6 7 10 7 4 2 4 10 6 2 10 9 8 6 9 1 6 5 7 3 8 6 5 9 4 8 3 5 9 3 8 4 6 7 3 5 10 2 3 5 4 3 9 7 10 5 5 4 2 4 7 3 2 7 5 1 3 5 7 5 6 2 4 1 9 7 9 3 9 2 6 5 2 8 7 10 10 8 6 10 8 8 1 6 1 1 5 2 9 7 6 10 5 1 3 9 7 8 3 5 6 8 1 2 4 10 3 10 4 6 1 10 4 7 6 8 1 7 6 4 8 5 9 2 2 1 10 4 10 1 4 2 3 9 2 5 10 10 5 2 5 6 5 8 4 5 10 3 5 4 3 6 9 1 10 3 2 8 1 4 3 3 1 6 3 1 10 5 10 5 8 4 2 5 3 10 8 3 7 3 7 5 7 6 6 10 8 1 5 3 6 4 2 10 8 6 9 3 3 8 7 10 2 6 4 6 5 3 4 2 10 5 2 1 2 3 2 7 10 10 3 5 1 5 5 1 9 8 6 3 1 5 2 6 1 5 8 1 10 2 10 9 1 2 4 8 9 10 5 6 8 10 9 10 8 2 3 8 7 6 5 2 1 9 10 7 8 9 1 1 6 6 6 9 4 9 5 10 3 5 7 2 3 1 4 4 5 7 6 3 6 10 9 8 10 1 10 7 1 10 10 3 6 5 8 6 2 1 4 4 8 9 10 8 9 2 4 4 8 5 1 4 6 6 3 7 7 4 10 8 7 2 9 1 4 5 2 7 5 4 5 4 6 8 3 1 1 9 4 9 4 8 2 3
1 10 4 8 9 4 7 1 2 8 1 8 10 4 2 3 1 6 6 7 3 10 5 2 7 8 5 9 2 5 1 2 9 2 5 5 2 9 6 3 10 10 10 9 5 2 7 10 8 3 9 4 5 9 8 8 8 5 3 3 7 10 9 4 2 10 9 6 1 6 2 8 4 5 10 2 2 10 5 2 4 1 5 6 5 9 3 4 6 8 2 2 7 7 7 9 7 6 2 2 2 5 6 4 3 5 2 9 7 3 2 3 3 3 10 4 4 8 5 4 8 8 4 9 7 10 2 1 7 8 5 9 9 4 3 1 10 2 2 4 3 5 5 7 7 2 9 5 6 3 6 6 6 8 3 6 10 4 3 3 10 5 2 8 5 1 9 8 2 3 1 7 7 3 4 1 5 1 9 10 2 5 1 3 8 1 9 4 9 10 6 1 9 1 10 2 2 7 6 3 5 9 10 5 7 8 4 6 10 8 10 3 7 4 3 4 9 4 1 4 5 9 5 5 7 10 6 4 4 2 2 9 5 10 1 2 10 4 3 4 7 2 4 10 3 10 9 4 1 7 7 10 4 2 3 4 7 9 4 6 7 8 8 7 2 6 3 2 8 7 8 7 4 5 2 9 8 7 10 1 6 5 3 4 9 8 8 4 7 4 2 5 6 7 3 2 5 8 9 1 2 5 9 8 1 6 3 5 4 10 7 8 3 4 7 2 10 10 9 3 2 1 7 7 8 4 1 8 7 7 3 5 2 5 10 8 10 2 7 4 6 9 4 6 6 3 2 2 8 1 10 8 1 2 3 9 10 8 10 3 4 9 3 10 2 10 7 9 9 4 7 4 6 2 10 6 8 4 5 1 7 2 3 5 1 8 3 9 2 1 6 8 10 8 5 8 10 6 1 6 1 1 7 1 1 3 7 8 3 1 4 2 4 7 3 3 5 4 4 4 9 5 4 1 7 5 4 1 7 1 6 6 10 3 6 4 9 6 9 10 2 3 4 10 3 9 6 5 3 1
2 1 9 6 8 7 4 9 10 8 7 9 6 5 2 3 5 1 8 10 6 2 4 5 7 6 4 2 4 8 10 2 3 3 4 1 7 4 7 9 3 6 9 9 9 7 10 7 8 6 5 2 10 10 8 6 4 10 8 4 2 8 6 7 6 9 7 7 8 10 1 10 6 5 3 9 3 6 5 8 9 9 9 8 3 7 8 9 9 8 10 7 2 10 4 6 10 2 9 5 6 3 8 2 8 3 10 3 5 7 10 2 3 2 7 3 9 7 6 2 7 10 2 8 4 6 10 1 2 4 5 9 10 7 3 4 6 10 9 10 6 5 3 5 5 2 10 4 3 4 3 8 4 1 5 10 9 2 4 9 8 5 3 2 7 5 7 10 2 6 8 8 7 1 10 9 1 8 9 6 3 1 7 1 10 5 6 6 7 6 2 7 3 9 2 10 8 9 3 8 1 2 3 2 6 2 2 3 6 4 8 9 2 5 3 3 5 1 8 7 4 3 4 9 1 6 9 10 10 5 3 2 2 7 1 7 2 8 10 4 6 6 1 7 6 10 2 9 2 5 7 7 4 1 2 6 9 1 6 9 1 5 7 2 2 7 3 1 8 4 8 5 8 4 1 5 10 5 1 2 1 3 6 8 2 5 10 2 7 5 8 5 8 10 10 1 4 3 4 9 6 4 1 10 1 10 8 3 1 3 3 5 5 9 2 7 3 1 4 2 8 3 8 6 5 5 2 2 4 6 1 7 3 2 1 9 3 9 8 1 6 4 9 2 4 10 1 5 10 3 10 2 5 6 4 7 9 4 6 6 1 5 8 9 2 10 4 4 4 6 4 5 8 1 8 10 7 3 3 4 1 7 4 4 5 2 7 8 7 5 2 8 6 1 5 8 7 2 3 6 5 6 4 2 1 7 10 6 6 1 5 4 8 8 6 6 10 10 6 8 1 6 6 5 5 7 2 8 7 6 3 4 5 7 7 6 2 4 7 2 8 4 9 4 3 8 3 2 1 3
3 10 2 2 9 9 6 3 10 7 8 5 3 1 8 8 7 5 4 5 8 3 6 3 10 8 9 7 5 4 7 4 2 8 9 3 1 1 3 1 10 6 2 2 10 3 5 8 3 3 9 1 8 10 7 7 9 8 5 4 4 1 2 6 10 8 9 10 1 7 6 8 5 10 7 8 10 6 3 1 7 4 6 7 4 10 7 5 7 1 9 10 1 5 8 2 3 9 5 10 9 2 6 1 4 9 1 5 7 1 2 6 7 5 6 10 8 6 8 5 2 3 7 1 2 4 2 8 3 4 1 5 4 8 9 10 1 2 3 4 5 5 7 1 3 3 6 9 2 6 8 5 4 3 1 10 10 6 10 10 5 3 4 6 10 6 5 9 8 2 3 6 3 7 1 9 7 8 5 10 8 5 10 9 9 4 8 2 1 5 3 8 8 7 6 4 5 5 8 7 4 1 2 8 9 4 2 5 5 6 5 7 7 1 2 9 1 3 8 7 4 6 2 2 8 6 1 3 3 4 2 3 1 5 6 7 3 6 8 5 9 4 1 1 9 2 9 8 6 8 10 2 5 10 8 9 4 8 7 3 5 7 2 6 4 7 10 2 10 7 10 1 6 1 3 7 4 1 9 1 7 4 2 9 10 3 1 2 2 4 1 1 2 1 1 10 3 1 4 2 7 3 3 6 4 4 3 10 10 2 5 2 10 4 4 2 7 9 5 5 5 3 3 9 5 3 2 2 6 10 2 8 10 6 2 4 1 4 1 6 2 10 5 6 7 4 3 5 6 6 7 8 5 5 9 4 4 3 10 8 2 8 9 6 1 1 4 5 3 6 9 5 7 3 6 9 10 9 8 6 2 5 3 4 1 1 5 7 7 3 7 3 8 9 8 3 9 2 9 3 7 3 7 10 3 6 5 6 9 1 2 1 6 2 5 5 3 6 6 10 2 9 7 4 3 7 9 7 3 6 2 1 4 4 2 8 4 7 2 1 3 7 4 1 8 1 3 6 7 10
2 2 10 9 9 4 3 8 1 10 9 2 2 2 7 10 9 3 4 2 1 3 9 2 9 1 9 10 7 6 5 8 10 4 7 9 6 3 1 9 5 4 7 1 4 8 1 4 10 9 2 2 8 9 5 3 5 6 5 5 8 6 3 6 10 10 1 2 9 4 5 7 7 2 1 1 4 2 4 1 10 8 5 6 6 4 2 4 9 8 2 6 6 3 7 8 4 4 8 4 10 8 8 7 10 3 10 9 4 3 8 9 10 5 8 1 9 5 6 1 7 6 3 9 1 7 9 6 4 3 4 9 7 2 6 4 7 6 3 9 7 2 3 4 8 2 8 1 6 10 2 5 9 3 1 2 6 2 3 9 6 6 6 2 9 5 7 2 10 6 5 4 10 4 10 3 10 4 3 3 9 8 6 2 1 6 5 1 5 7 3 10 5 3 5 10 7 1 7 7 2 5 5 1 4 6 7 10 10 9 7 10 10 9 9 10 8 9 4 6 1 3 2 5 7 4 1 10 1 4 6 2 7 4 7 8 1 2 4 9 2 3 8 5 6 7 2 10 6 9 9 3 3 8 5 10 8 3 1 4 3 6 4 1 3 5 5 5 4 9 7 7 5 3 7 2 1 7 5 3 2 10 1 8 4 2 5 2 8 3 6 4 2 7 9 5 9 6 1 7 2 4 4 2 6 1 1 9 6 1 1 3 5 6 6 8 10 8 10 4 8 6 2 3 3 1 7 1 6 8 4 1 8 8 6 2 7 6 2 6 9 10 4 9 4 4 5 9 9 9 7 1 10 9 2 7 6 8 4 2 7 2 10 6 4 2 7 3 5 5 3 2 1 7 5 10 8 6 2 6 9 3 9 9 4 5 5 6 3 10 2 9 2 4 6 9 10 10 1 4 10 3 7 3 7 9 9 9 6 4 2 6 8 6 8 1 7 2 3 1 6 2 3 4 3 10 5 3 10 3 10 8 5 6 2 5 10 9 5 2 4 10 9 7 3 8 9 3 5 3
3 1 8 4 8 8 1 9 8 7 3 4 9 7 10 6 8 3 8 9 4 6 1 1 8 9 5 6 8 7 10 2 4 7 7 8 2 1 10 2 4 3 3 4 7 3 8 3 9 9 7 3 9 10 2 1 1 3 6 7 8 2 2 8 4 9 9 9 1 8 6 3 2 10 7 10 3 6 8 10 1 5 5 7 4 5 4 5 6 8 2 3 4 6 1 10 7 9 7 5 1 6 9 9 1 6 9 1 9 8 6 5 10 4 1 7 10 6 10 2 7 2 9 10 9 10 5 3 4 8 10 1 6 1 1 6 4 2 8 6 4 6 1 4 2 7 4 3 3 4 1 8 2 5 4 4 8 3 4 8 4 5 6 8 7 9 7 1 8 1 8 7 4 4 3 7 8 6 3 1 1 10 9 2 8 4 7 8 9 1 10 5 5 9 2 4 9 1 6 2 3 2 7 3 4 1 10 10 4 10 1 5 6 5 9 3 5 3 4 7 3 6 3 1 2 4 3 5 10 9 5 7 4 6 9 2 6 3 9 9 10 5 8 8 5 1 6 3 3 7 1 8 2 5 7 10 9 5 8 8 10 5 1 3 1 5 6 5 10 7 3 1 6 10 7 10 1 10 4 7 3 1 2 7 8 4 4 5 7 7 7 8 8 8 1 3 4 9 2 3 9 1 1 1 6 6 6 1 10 5 4 6 6 10 7 9 8 5 2 3 1 10 6 7 5 9 10 4 6 3 2 5 7 6 5 5 5 10 3 3 6 5 4 6 9 8 8 1 10 10 3 1 4 5 7 3 4 6 8 7 5 5 8 5 2 1 10 5 9 7 6 3 7 7 3 9 8 9 9 2 6 4 6 1 2 7 2 8 9 10 10 9 7 10 4 10 9 5 7 9 4 3 5 7 10 10 8 4 7 1 4 6 2 2 1 1 2 6 3 3 3 5 1 10 2 1 1 10 3 7 5 7 9 3 8 4 1 9 1 4 6 9 10 10 1 1 7 7 8 2
5 7 8 4 5 4 8 6 8 7 2 4 6 8 1 6 8 1 1 3 6 9 7 2 3 7 9 7 10 4 4 3 1 8 8 9 10 3 8 10 1 10 2 4 2 3 4 5 9 8 8 8 10 1 2 5 5 1 5 3 8 7 4 5 9 8 8 2 2 5 6 2 4 4 5 7 5 3 3 4 2 10 6 10 5 10 3 9 3 8 1 2 3 1 7 3 2 2 4 10 8 4 2 5 9 5 1 9 3 1 8 1 8 4 3 9 4 7 4 4 8 1 7 6 8 7 10 8 5 2 5 10 6 9 9 3 9 6 9 3 5 8 5 7 8 6 9 7 2 10 2 5 5 4 10 3 2 5 3 9 8 1 3 10 1 1 2 3 6 6 8 5 8 7 3 10 7 8 2 1 10 4 7 2 3 1 1 3 3 10 3 5 1 3 3 7 4 7 2 8 3 1 5 5 7 6 10 6 7 5 4 8 9 4 5 5 3 4 4 9 7 5 4 3 4 5 2 9 7 6 10 8 1 1 8 1 10 8 3 2 10 2 1 8 10 2 3 9 5 8 1 9 9 4 5 10 4 3 10 10 10 7 8 10 7 5 4 1 3 3 7 1 10 7 1 9 4 4 2 1 6 3 2 1 4 8 5 9 7 6 1 4 1 8 7 9 6 4 4 5 5 6 9 4 10 10 9 7 2 6 10 3 9 9 1 6 2 1 8 2 4 1 4 9 8 1 8 10 3 6 3 7 3 9 8 3 6 7 7 8 1 5 7 2 9 7 4 7 7 8 5 10 7 9 9 8 6 10 3 2 4 5 4 9 6 6 7 9 2 8 9 5 7 8 8 1 7 5 7 10 6 10 3 5 5 1 5 1 7 7 5 7 1 2 10 9 5 2 9 8 1 9 4 9 9 2 8 6 10 2 7 9 4 8 4 9 9 10 7 3 3 7 10 5 4 4 8 4 5 3 4 6 3 9 2 1 5 6 10 4 6 9 10 5 9 8 8 5 4 8
3 6 7 8 1 2 7 5 9 2 5 8 4 2 8 1 2 7 1 9 10 10 2 8 8 2 1 10 9 4 5 8 7 5 4 2 9 5 5 6 9 4 7 4 2 2 7 1 7 4 5 4 8 7 9 10 8 1 2 10 1 7 9 5 6 6 2 2 5 2 9 5 1 9 9 9 6 1 6 7 1 6 8 8 5 10 9 6 10 2 10 3 6 5 4 8 10 1 8 10 3 5 4 1 3 4 8 6 3 6 7 8 6 6 4 3 10 10 8 9 7 1 4 1 4 9 8 4 8 7 5 10 2 1 8 5 10 4 9 7 10 5 4 5 10 3 5 5 2 10 7 4 10 10 9 9 8 4 3 9 1 4 7 7 4 8 6 1 9 8 2 4 2 8 10 7 7 9 1 6 5 8 5 7 4 2 1 10 7 10 4 6 7 9 9 8 8 6 10 9 8 3 2 4 6 6 3 3 5 7 7 5 4 1 7 6 1 10 7 10 8 8 10 8 2 7 9 2 10 1 10 7 10 4 6 5 2 7 2 9 2 2 6 6 4 8 1 6 4 3 8 7 8 8 7 7 2 10 7 10 3 7 9 5 10 10 8 7 9 4 8 1 1 3 6 7 8 3 7 2 8 9 7 9 1 7 9 8 7 3 5 7 4 1 1 4 7 8 8 4 3 5 2 5 3 6 10 1 5 10 5 10 1 2 10 1 1 8 6 6 2 9 8 1 10 3 2 4 5 1 4 9 5 10 5 6 1 5 8 9 7 10 8 2 10 5 9 4 8 4 7 7 6 10 5 9 10 1 2 4 7 2 7 4 6 3 4 6 10 3 6 10 3 4 8 8 10 5 8 3 8 6 7 1 3 10 2 3 2 5 10 8 2 9 1 6 10 8 2 10 7 2 5 10 4 10 8 5 6 2 7 2 8 9 1 10 10 5 5 7 6 8 3 7 6 9 3 7 5 3 9 4 5 4 6 2 10 7 9 10 2 4 4 9 4 5 10 6 2 7
5 2 5 5 8 7 6 2 6 1 6 4 5 10 8 2 9 4 3 9 3 3 6 10 8 2 2 3 4 9 8 4 6 6 3 3 7 3 6 3 10 4 4 10 2 8 4 10 3 1 7 3 9 8 3 6 5 4 6 2 6 7 2 4 4 2 4 2 10 10 1 9 9 6 10 8 3 6 3 2 9 3 2 7 8 5 9 7 8 8 9 6 10 4 9 8 5 3 5 4 8 10 7 3 3 5 4 2 1 2 1 1 5 7 6 9 9 8 1 4 8 2 6 7 4 7 6 10 3 2 8 5 3 1 7 8 8 9 1 1 8 5 10 9 7 8 2 2 1 3 3 3 3 9 4 4 1 7 5 1 7 6 2 1 5 6 10 8 10 2 5 4 3 5 5 6 3 10 3 1 8 2 2 7 2 5 3 6 1 1 3 2 1 2 5 4 4 10 2 8 6 2 10 2 10 1 9 3 8 1 5 3 10 1 6 3 2 5 4 2 1 9 4 9 2 8 1 5 1 6 4 4 2 10 9 5 2 8 10 8 1 2 1 5 3 7 8 8 10 1 5 8 7 5 9 9 2 1 5 1 10 4 7 4 1 2 4 2 4 7 9 5 8 5 10 9 2 4 6 5 6 5 9 4 4 8 7 5 10 4 7 8 9 3 4 2 10 7 1 7 3 7 9 8 1 8 1 4 5 8 9 1 7 3 8 9 8 7 4 5 5 7 7 10 1 8 8 7 6 4 1 10 3 2 6 9 7 7 4 4 3 6 7 4 4 1 2 3 7 7 1 8 1 10 6 5 2 10 2 10 5 5 9 6 2 7 5 6 10 8 7 10 7 4 10 6 9 6 5 6 4 6 6 1 8 7 2 6 4 3 6 3 2 6 9 9 2 2 7 2 8 7 9 8 5 5 9 10 3 10 10 9 10 9 6 5 7 9 10 9 6 2 5 3 4 7 5 2 8 9 9 2 2 6 7 8 10 1 3 2 6 10 6 9 6 10 2 1 1 6
3 7 4 4 2 8 7 4 9 9 6 2 7 7 8 1 7 6 8 9 6 7 2 10 7 2 7 3 10 10 7 10 1 10 9 6 9 10 6 10 6 6 9 1 7 3 10 10 1 5 3 5 6 5 1 2 2 9 6 6 5 9 2 1 3 7 8 4 6 8 6 10 1 10 6 6 5 2 5 1 2 6 5 5 3 2 3 1 1 1 2 10 8 1 5 10 8 2 9 9 4 8 8 7 1 4 10 8 2 1 8 1 1 1 10 10 10 5 4 8 3 10 2 2 8 7 2 10 10 8 4 10 7 1 7 10 10 10 5 9 4 4 2 8 9 2 9 3 8 5 9 1 5 9 2 9 1 6 5 1 6 6 6 9 10 2 2 6 4 3 6 10 1 2 6 7 5 10 2 10 9 3 10 1 6 7 8 3 5 9 8 5 3 10 2 8 4 6 5 4 5 6 3 2 4 2 1 9 5 7 2 10 3 4 3 8 9 4 10 6 4 1 7 1 7 3 9 10 10 9 10 8 3 7 10 10 2 9 9 4 8 2 5 8 5 10 5 4 1 3 9 1 9 10 7 3 6 3 3 1 10 9 7 9 10 3 2 8 9 1 3 7 6 10 5 3 8 7 1 2 5 6 6 1 3 3 5 1 8 3 3 7 8 4 8 8 2 10 9 5 1 8 9 5 10 1 1 7 8 9 10 2 8 4 8 3 7 3 6 2 3 7 1 10 1 6 2 5 9 4 10 2 1 2 1 3 9 9 1 2 7 4 8 1 4 2 3 6 4 1 1 10 7 4 9 5 5 8 9 1 1 4 1 5 1 2 5 10 9 3 8 5 1 2 7 1 6 6 3 4 10 5 3 1 4 9 1 5 9 2 6 8 6 8 1 2 8 4 3 6 1 2 3 10 3 9 2 5 9 4 5 8 9 5 1 1 10 5 1 7 8 2 7 5 6 4 7 1 1 8 3 5 5 8 2 3 10 2 3 6 8 2 9 3 7 4 3 2 9 5
1 10 7 4 4 4 7 10 2 8 10 7 10 2 8 6 1 2 7 3 3 2 8 2 5 9 10 9 2 2 5 4 9 9 7 1 2 4 6 9 1 2 10 3 1 7 5 2 1 8 6 7 2 6 8 4 5 10 3 1 10 2 4 6 10 2 6 9 5 9 3 7 4 6 9 6 7 4 3 3 7 3 1 7 9 1 2 5 7 5 3 9 2 2 3 1 3 3 7 2 8 8 7 4 1 8 2 8 10 1 4 5 5 4 8 2 4 3 1 8 7 1 5 9 4 8 2 6 10 10 3 6 6 8 2 10 10 8 3 8 7 7 10 2 2 3 9 9 2 6 6 3 9 9 2 8 2 4 6 6 7 8 6 4 6 3 7 10 2 7 3 3 9 6 3 3 3 10 2 10 1 10 2 4 7 10 9 6 3 6 4 4 8 10 4 7 6 10 4 10 3 6 3 3 7 10 7 3 6 3 5 5 9 10 3 8 2 1 2 3 9 3 5 9 2 4 8 1 5 7 2 7 7 7 6 6 4 8 6 2 6 7 6 7 4 4 3 10 5 9 5 3 8 5 3 1 8 6 3 5 3 1 5 8 6 2 10 1 10 2 6 8 8 3 1 4 5 8 9 2 2 6 7 2 10 7 8 3 6 6 4 6 2 10 8 8 8 10 5 10 6 4 1 6 5 4 3 7 9 1 7 1 7 7 3 5 3 6 6 10 8 4 6 10 5 5 4 7 5 2 3 4 4 2 5 2 5 6 9 2 1 9 7 9 6 9 8 3 10 5 5 3 8 5 8 8 6 6 7 4 6 6 4 4 7 4 4 4 6 2 5 6 5 2 2 9 2 9 3 8 7 10 4 5 2 6 6 6 10 2 6 9 1 2 6 8 4 9 2 6 2 2 3 8 8 7 6 8 8 7 10 10 4 8 4 1 2 1 5 4 9 10 2 7 8 9 5 2 7 2 2 5 9 4 2 10 9 1 5 10 7 2 7 2 8 8 9 3 10 4
5 6 7 10 3 8 7 9 8 3 5 3 9 5 10 4 3 6 8 7 1 4 4 10 5 9 10 10 6 2 10 6 7 6 10 5 5 6 5 5 9 7 10 9 7 6 8 5 3 5 1 4 3 4 9 2 5 3 10 9 4 1 3 10 7 2 5 9 5 2 10 5 8 9 8 9 7 6 10 3 9 1 2 8 7 10 9 6 10 6 8 8 9 3 2 1 3 7 2 1 9 7 10 3 9 5 2 7 7 3 8 10 1 1 2 2 2 4 5 5 10 2 6 3 7 8 1 9 7 2 6 3 10 7 3 6 1 1 5 6 5 8 1 3 2 3 4 2 1 10 3 3 1 9 7 1 5 1 4 9 7 8 10 10 5 7 2 8 5 2 5 2 8 2 8 4 3 9 9 1 1 9 6 10 7 3 6 10 1 6 9 9 7 1 8 2 1 9 9 7 8 10 9 7 1 5 4 4 4 8 8 5 5 5 7 1 9 10 7 6 6 3 4 8 5 9 1 8 7 4 6 5 4 1 7 1 8 4 9 2 5 4 4 8 9 10 10 2 7 1 5 8 10 9 4 4 7 7 10 9 2 2 3 3 10 3 5 10 9 5 1 2 9 3 6 7 6 8 5 6 9 8 9 4 6 6 10 7 1 7 9 5 3 9 2 1 7 3 1 6 7 5 2 8 4 10 9 2 3 5 5 2 9 7 2 6 8 2 2 10 3 2 3 7 5 6 3 1 7 1 4 5 3 4 1 1 7 4 3 6 7 6 10 10 8 2 2 3 2 3 6 9 1 9 10 1 4 7 6 1 4 5 1 9 4 10 4 9 6 1 2 2 7 9 7 4 4 2 5 9 2 8 3 4 5 6 7 1 9 6 6 7 4 9 6 4 5 9 10 8 9 2 9 4 1 10 2 3 8 7 3 4 2 5 1 5 8 3 2 3 7 5 9 6 4 7 7 8 5 5 7 4 5 2 7 8 7 1 1 6 7 9 2 2 7 8 2 6 7 8
4 8 7 1 3 6 4 9 6 3 1 2 3 8 10 9 5 6 4 4 8 9 7 9 2 1 8 3 1 4 5 5 6 2 8 9 2 3 8 10 6 9 4 2 2 10 7 10 2 10 4 3 6 10 9 6 3 8 9 3 6 9 4 7 4 3 1 2 2 8 1 1 9 7 3 1 8 6 3 3 2 6 4 6 8 3 6 7 8 4 3 2 7 3 3 8 2 4 3 8 2 1 3 2 10 9 7 3 8 8 8 4 6 4 1 3 4 3 6 8 4 8 3 7 9 9 1 10 7 6 8 4 1 1 9 4 3 7 1 6 3 8 4 2 9 5 8 7 10 9 8 6 3 4 1 8 4 3 9 3 10 6 8 7 7 9 9 6 8 2 1 10 8 1 7 1 9 9 8 2 7 3 4 6 5 2 7 1 9 4 4 5 3 4 9 2 7 4 10 1 3 1 7 7 4 8 6 7 4 8 2 1 9 8 7 8 3 8 5 1 1 10 1 10 6 7 6 10 2 5 3 6 4 2 5 5 7 10 10 9 2 4 9 4 4 2 2 2 3 9 4 5 1 9 1 2 1 6 4 1 2 6 1 9 5 9 2 10 1 4 10 10 6 5 4 2 6 9 9 10 7 8 8 5 4 8 2 6 4 5 4 5 9 3 9 10 1 6 10 3 10 10 8 6 5 3 3 9 5 2 5 3 7 6 4 6 8 9 7 1 10 1 10 7 7 6 9 3 2 10 3 4 10 4 6 4 3 5 4 7 10 10 4 1 4 3 10 6 1 1 7 7 5 6 4 2 2 5 7 9 5 9 8 4 3 1 1 7 9 9 1 6 10 4 5 8 3 9 9 4 10 9 5 6 3 7 9 2 3 8 7 8 2 6 2 10 8 9 9 6 3 6 8 10 10 4 5 2 7 4 9 3 3 1 9 10 1 7 6 7 4 10 7 8 1 1 4 7 4 8 9 10 4 1 9 2 2 6 1 4 6 7 4 5 6 2 4 5 2 9
1 2 7 4 4 2 8 5 7 8 10 4 6 3 6 4 1 9 6 9 7 7 8 6 10 10 2 7 10 7 1 1 6 10 5 10 2 9 6 3 4 3 1 7 5 2 7 3 10 3 8 8 6 3 10 5 7 6 2 6 2 6 8 8 9 9 10 5 4 9 1 5 4 2 5 6 3 10 4 2 10 3 4 7 4 9 9 9 6 7 3 5 4 7 10 5 10 8 8 5 7 3 3 6 3 8 1 3 1 3 1 2 6 5 4 3 8 10 2 3 4 9 5 2 8 8 7 5 4 1 9 8 10 2 8 1 4 10 6 1 10 8 3 9 10 7 6 5 2 1 6 5 10 1 7 4 7 7 8 1 1 7 5 10 9 8 1 2 2 6 2 4 1 4 9 5 8 2 8 9 2 6 6 10 7 7 7 10 5 1 2 4 5 10 3 7 10 4 10 1 6 8 10 2 10 9 4 1 5 10 2 10 2 7 4 10 3 5 1 7 8 7 10 5 10 1 5 5 6 8 6 2 7 1 6 1 4 3 2 6 5 10 10 10 5 7 3 10 9 6 8 1 4 1 3 5 10 5 10 8 5 7 1 10 1 6 2 1 5 6 10 2 3 1 2 6 4 3 2 9 1 1 5 7 5 8 1 7 6 6 10 10 2 7 1 4 6 6 8 2 6 10 2 8 5 4 10 1 9 2 5 1 7 2 10 6 2 3 3 4 4 2 1 2 10 6 7 10 8 5 1 7 6 1 10 6 6 3 1 4 10 3 2 10 8 7 6 7 10 3 9 1 3 3 8 1 1 8 4 6 10 10 3 7 7 4 8 6 2 4 6 6 10 8 9 3 1 9 3 4 10 10 4 1 6 10 10 8 6 2 1 6 7 5 1 4 8 3 6 4 4 1 5 7 10 4 1 10 5 1 5 7 2 4 1 9 10 6 3 7 10 4 5 7 7 10 3 4 5 9 4 10 8 6 3 5 10 2 2 10 7 7 9 9 1 6 8 1 9 6
4 10 5 1 6 3 7 3 3 3 3 5 7 10 5 8 6 3 2 2 5 1 2 8 8 3 10 5 6 1 2 10 8 7 4 2 7 5 7 3 10 6 3 9 5 3 4 10 5 9 2 9 7 5 4 4 2 1 6 4 4 5 1 7 5 8 4 1 7 7 1 9 9 5 6 1 9 3 9 8 6 8 9 2 2 5 9 1 5 8 10 4 9 7 3 5 7 10 9 10 8 8 5 6 5 8 7 10 4 8 9 1 9 8 2 1 9 9 1 9 3 5 7 8 10 2 3 9 9 2 4 8 2 8 9 7 9 5 5 3 10 1 1 1 10 5 3 10 3 4 3 3 7 5 5 3 3 3 1 3 1 3 2 2 8 4 9 8 1 2 2 8 10 10 4 6 1 7 4 6 7 3 4 3 8 7 4 10 8 1 4 2 7 2 6 3 2 5 8 7 7 2 10 7 10 5 5 10 6 10 8 2 9 10 4 9 6 7 3 8 6 3 2 5 8 1 1 10 4 10 1 9 8 2 2 6 1 2 6 4 8 3 2 3 5 5 5 8 4 5 1 2 4 5 5 10 9 2 8 10 1 7 4 1 8 10 7 5 3 7 8 4 7 4 3 10 3 8 7 7 4 5 5 1 3 4 2 5 8 6 3 2 2 8 2 10 8 8 4 5 5 2 1 4 2 10 5 7 1 1 5 8 7 2 7 2 3 9 7 6 3 3 6 3 2 3 5 3 3 2 4 6 6 6 6 10 5 3 10 6 1 2 10 3 4 5 7 1 7 5 9 5 5 9 1 6 6 1 2 9 4 3 8 10 1 2 10 5 5 9 2 9 6 6 9 9 2 1 8 5 4 4 8 10 7 2 6 5 6 7 8 10 7 7 3 3 2 9 1 7 4 4 1 3 2 8 7 7 10 10 7 3 4 7 6 7 2 9 5 6 7 10 8 8 9 6 10 3 1 2 4 9 3 10 9 8 1 6 6 1 6 8 10 9 6 7 2 3 2 8
4 9 9 9 1 2 10 1 3 3 1 9 2 9 9 2 6 7 3 8 5 6 6 7 3 5 10 7 1 6 9 9 6 5 4 2 6 6 3 9 4 10 7 6 4 8 7 4 8 4 5 8 7 4 3 1 8 9 5 9 8 6 2 4 9 8 2 1 1 10 2 1 9 3 7 9 5 10 9 10 10 6 6 8 5 5 6 4 3 2 7 4 1 10 1 2 9 3 8 9 9 8 2 4 10 2 9 2 3 9 10 6 8 6 1 8 10 10 7 10 6 2 3 5 4 10 10 1 9 2 8 7 2 3 6 6 1 7 6 7 4 2 4 6 9 9 1 7 7 9 7 3 4 4 4 10 10 6 2 4 1 8 3 6 1 3 5 6 1 10 1 7 7 9 10 5 10 1 6 10 6 4 6 6 8 9 4 2 3 5 9 9 8 3 8 2 10 5 1 2 9 3 5 7 2 3 7 2 3 2 6 10 7 7 6 6 3 5 5 1 7 3 8 10 4 6 9 1 1 4 7 1 7 10 4 3 7 9 7 3 8 10 7 3 2 8 6 9 10 8 4 10 4 9 4 5 9 2 4 1 1 10 10 9 1 3 9 5 1 3 10 1 8 10 8 2 4 4 10 4 1 8 10 3 9 1 7 1 4 2 6 9 10 9 4 4 2 1 5 2 5 8 10 7 9 5 6 2 4 2 5 2 7 3 5 5 3 10 8 6 4 8 3 2 9 3 5 10 5 3 6 2 1 6 9 5 5 10 10 6 1 6 8 8 10 2 9 1 3 3 9 4 9 7 3 8 8 1 6 5 9 4 8 6 3 8 1 8 9 10 6 1 3 1 3 6 9 5 6 3 1 7 9 6 3 5 9 8 1 8 10 10 9 1 2 1 5 3 4 10 8 3 4 8 10 3 3 5 6 3 3 9 1 10 3 10 6 4 9 1 4 2 6 10 1 8 4 5 6 8 4 3 6 7 10 8 10 4 8 8 2 9 10 7 5 5 5 4 5 10
2 2 4 9 5 5 4 3 10 8 4 10 8 9 3 5 6 4 4 4 5 3 3 7 3 10 10 9 10 5 8 10 2 4 2 5 10 10 5 2 1 2 10 1 6 9 3 2 2 8 7 8 10 3 6 5 6 7 10 3 5 5 2 6 8 1 10 7 6 5 10 7 5 7 1 6 3 5 6 10 5 5 10 10 8 1 9 4 3 5 4 7 10 2 8 4 10 10 5 9 7 8 10 4 5 4 9 3 8 1 2 9 5 10 2 10 5 3 3 2 1 6 7 1 1 7 2 10 5 9 3 5 3 7 3 3 7 6 4 10 7 5 1 6 2 3 2 2 3 6 9 6 2 7 5 10 10 10 6 10 9 2 7 3 3 5 4 5 2 10 4 4 3 10 8 6 8 1 7 4 4 9 7 10 5 5 9 9 7 3 10 5 8 3 9 5 5 4 9 6 6 2 5 3 7 3 4 9 4 5 10 8 3 10 6 8 5 2 4 5 8 10 6 2 2 5 3 6 9 10 2 3 8 6 4 8 6 10 5 8 1 6 2 1 10 10 2 1 1 8 7 7 2 2 5 3 5 4 8 3 8 3 3 9 5 8 8 2 2 10 8 3 7 10 2 1 4 3 7 2 6 5 5 9 6 6 9 3 3 9 8 1 8 7 7 1 1 6 7 6 7 4 4 5 1 1 1 9 8 8 6 6 6 7 5 7 9 3 3 10 5 7 2 3 2 7 10 9 6 4 10 2 10 7 8 2 6 7 6 4 8 9 7 6 6 8 1 5 9 7 8 6 1 1 10 7 8 9 10 4 7 6 9 3 7 3 4 2 6 8 3 2 5 10 2 6 1 1 4 9 9 8 6 2 9 8 4 7 6 6 4 4 1 9 3 9 3 5 9 1 5 2 5 6 6 8 7 6 1 10 5 1 6 3 4 3 7 9 2 7 3 3 9 9 1 10 6 3 7 10 8 4 5 2 7 8 10 1 8 6 4 6 7 1 5 3 3 7 3 2
5 7 6 4 7 7 1 2 6 10 9 9 4 5 2 1 9 10 9 10 9 10 7 3 3 9 5 9 6 6 8 1 5 8 4 4 6 8 3 3 1 3 4 8 7 9 5 8 5 9 5 3 1 3 9 8 2 4 2 9 5 7 3 10 9 1 9 9 7 1 3 4 10 4 3 7 3 7 9 7 9 5 8 9 4 5 10 3 2 5 8 9 10 8 7 3 6 2 1 7 8 6 8 9 10 1 3 8 1 6 3 8 8 4 3 2 1 1 8 3 2 5 7 2 8 3 10 1 10 1 7 7 3 7 4 3 1 2 5 4 7 6 6 10 9 2 2 3 6 2 4 8 5 5 8 1 3 9 3 3 2 6 8 8 9 4 8 1 4 4 8 8 8 9 9 7 3 4 4 10 3 4 3 2 2 9 5 5 8 10 2 1 8 9 5 5 5 3 6 6 5 9 6 2 4 1 3 2 8 4 5 4 3 10 4 8 9 7 6 6 8 7 4 4 10 1 10 4 1 3 9 5 8 10 3 9 10 9 4 4 8 6 6 2 10 1 6 6 3 4 1 10 10 9 3 9 1 10 1 4 5 3 1 1 10 2 6 2 5 4 4 1 5 2 8 6 1 6 6 6 8 4 9 3 3 1 1 5 10 5 4 9 2 7 2 4 1 2 4 9 8 2 8 4 4 3 9 4 7 4 6 3 7 4 1 7 10 10 1 2 6 6 3 7 1 1 2 1 8 1 6 8 7 10 9 7 4 8 5 8 5 9 3 1 3 3 10 7 6 5 3 4 3 6 9 1 5 5 8 1 2 6 1 9 9 1 3 3 5 7 7 8 2 2 10 9 5 2 5 10 6 3 10 5 1 9 4 7 2 5 5 4 3 6 10 5 1 10 7 7 4 3 9 1 2 3 9 10 1 10 1 7 4 1 1 7 2 3 2 4 5 8 7 8 3 4 7 9 9 8 2 3 9 1 6 6 5 9 7 9 4 5 2 1 5 10 3 9 8 3
1 7 7 3 3 2 1 5 7 1 5 6 7 5 9 9 1 4 6 3 2 7 4 6 3 9 6 3 4 3 4 10 5 3 2 9 7 1 1 3 8 10 3 10 6 1 9 8 9 3 8 3 3 10 9 10 1 4 8 6 6 8 2 5 4 1 9 7 7 7 7 4 5 5 8 6 4 1 3 10 3 1 4 4 1 5 6 7 7 2 3 7 4 2 9 10 6 6 2 3 1 7 5 1 7 7 8 2 7 9 5 1 1 1 5 4 1 10 9 10 8 1 1 6 3 6 2 9 1 1 5 4 4 3 2 10 7 6 6 7 5 5 5 9 9 3 8 10 5 6 7 4 3 2 9 4 7 8 4 1 3 4 6 8 9 3 6 1 6 1 5 6 4 3 5 2 1 1 4 5 1 3 5 2 5 9 3 2 2 8 3 7 1 9 6 5 2 9 3 9 6 2 2 1 4 9 3 1 3 7 7 5 9 5 3 3 5 9 10 8 9 8 2 6 5 5 3 1 3 2 5 3 2 1 6 2 2 10 1 6 2 7 3 1 5 3 10 6 3 10 3 3 8 3 5 2 7 9 9 5 8 7 4 2 2 6 5 5 6 10 7 6 6 10 1 2 3 7 3 5 1 2 9 7 2 8 2 6 2 3 6 1 4 7 6 10 7 4 6 2 6 9 3 7 4 9 5 1 1 2 9 4 6 7 8 5 6 5 9 9 2 8 6 10 7 9 9 3 6 8 7 10 1 3 4 10 8 10 3 1 10 9 10 10 10 6 2 3 8 3 6 9 1 5 2 8 9 2 7 9 3 10 7 5 8 6 7 10 6 6 8 3 6 6 7 3 8 1 9 7 2 7 7 3 2 1 4 9 4 5 8 5 1 10 10 10 3 5 6 2 2 10 3 9 8 8 4 1 4 1 5 3 6 10 2 1 10 9 7 4 7 8 3 6 3 5 9 10 6 9 6 10 1 6 2 5 6 8 7 10 4 6 9 5 2 4 9 9 7 8
2 4 2 6 7 3 6 8 2 2 4 8 10 7 4 8 3 10 9 10 3 7 4 3 2 3 4 7 1 10 2 1 9 5 2 7 7 6 1 2 2 5 5 2 9 5 3 3 8 7 2 5 3 6 9 4 8 2 7 5 8 3 9 4 5 3 6 8 9 5 6 2 4 8 6 5 2 4 3 1 7 10 4 1 7 4 8 1 1 4 9 3 4 2 9 3 8 4 3 9 9 3 10 6 3 1 5 2 1 7 10 6 3 5 2 10 10 10 5 3 10 2 4 6 9 8 3 4 5 8 9 8 5 3 7 3 9 2 7 7 4 2 9 5 10 5 4 3 8 7 6 8 7 2 7 8 9 5 5 2 1 8 1 3 2 7 10 3 2 10 5 1 3 4 3 10 10 4 1 9 6 3 3 7 1 4 2 8 8 1 3 3 2 3 10 4 7 3 1 6 1 7 8 5 3 6 9 8 10 2 10 8 10 4 1 2 10 7 1 10 1 6 10 9 4 2 7 5 9 1 8 1 3 9 8 8 6 3 9 9 5 1 9 8 6 8 3 1 7 2 3 8 1 4 5 4 7 5 3 9 5 2 2 1 9 10 1 9 9 5 9 8 4 8 6 3 6 8 2 10 3 7 6 3 4 3 7 7 2 6 10 4 3 10 4 10 6 3 4 7 5 7 7 7 2 6 3 8 6 10 2 10 7 6 6 3 9 10 1 8 6 10 7 3 7 9 9 5 8 5 1 10 4 10 2 1 8 6 4 6 2 4 3 7 1 3 10 7 6 9 8 6 8 8 7 7 9 2 7 1 8 3 6 4 6 5 2 1 5 10 7 10 9 2 9 2 7 4 9 3 3 7 5 4 4 7 9 4 5 1 2 1 1 5 4 6 6 4 8 5 9 9 4 6 7 7 5 8 9 4 3 10 10 5 2 9 1 4 3 2 3 10 7 10 9 2 5 8 9 6 9 2 9 1 10 1 8 7 1 3 9 2 3 2 4 8 7 4 2 10
2 10 7 5 7 5 3 8 6 5 3 8 1 9 9 7 3 5 10 6 1 6 6 6 1 8 4 3 8 4 3 8 6 5 10 5 3 4 5 4 2 6 1 2 8 7 9 4 8 8 2 2 5 1 3 8 5 8 3 3 1 8 2 10 7 5 4 1 2 1 2 6 9 7 4 10 1 2 6 1 5 7 1 8 5 3 8 9 1 5 3 1 3 1 5 9 9 2 1 9 3 5 1 9 10 3 5 10 4 10 5 10 10 8 9 7 2 2 6 2 5 10 4 3 10 5 3 9 6 10 2 2 1 5 8 3 7 6 4 9 3 8 2 1 3 10 10 3 5 6 10 7 6 9 5 6 9 10 10 7 2 10 8 3 5 4 6 5 7 3 10 10 9 4 6 8 7 8 1 1 7 2 5 10 10 4 1 5 9 2 10 9 1 5 9 10 3 7 6 7 8 3 1 7 7 7 8 1 4 7 6 5 3 7 5 10 4 1 7 2 3 2 2 6 2 7 5 5 10 2 3 2 8 9 1 7 2 2 8 10 4 1 3 7 6 6 5 3 7 3 10 1 6 1 3 9 1 1 4 3 8 9 1 8 4 4 7 6 5 5 6 6 2 10 7 2 1 9 5 6 2 5 8 3 10 2 1 2 7 1 9 9 7 8 8 3 4 10 3 9 2 7 9 8 2 6 2 5 10 4 1 10 2 10 3 4 4 10 10 3 5 1 7 6 10 4 6 1 10 5 10 3 7 6 6 5 4 3 2 4 8 5 7 9 1 2 3 8 4 10 9 5 9 6 6 1 4 2 10 1 2 6 9 4 4 6 9 2 10 2 3 8 5 1 8 9 7 10 9 4 3 3 2 3 10 5 4 4 9 3 2 3 1 8 2 10 1 1 10 1 3 2 1 3 8 7 5 1 8 1 10 6 2 7 8 3 2 4 2 3 6 10 10 10 4 1 1 9 1 2 4 10 4 3 4 5 1 2 10 2 2 1 9 7 9 2 6 5 9 10
5 7 5 7 2 7 3 6 5 3 1 2 9 4 5 4 7 8 3 4 1 4 4 7 1 6 5 8 9 5 8 4 4 6 10 5 10 8 4 9 9 2 10 6 3 3 9 3 4 8 2 2 3 4 10 6 9 1 1 7 3 2 1 3 10 8 6 7 10 3 9 1 3 6 5 2 2 7 10 3 1 1 5 2 1 1 2 2 5 5 10 7 5 1 9 5 7 5 9 10 9 4 6 10 7 10 7 6 5 2 9 4 1 9 5 2 9 4 10 9 7 2 5 7 3 6 4 3 1 10 5 9 6 10 2 7 3 6 8 9 1 3 1 6 5 9 5 8 3 10 1 3 3 9 7 8 3 8 4 6 1 7 1 1 5 2 9 6 6 8 2 3 2 10 2 9 5 1 2 8 1 8 4 3 3 5 9 1 5 6 2 5 3 5 1 1 2 8 5 1 4 9 3 3 3 2 8 8 6 4 9 6 10 5 1 6 1 10 6 2 6 8 7 9 7 7 2 2 3 8 9 3 8 4 5 2 10 10 5 1 10 2 6 8 10 9 4 6 10 10 2 7 8 5 8 10 7 10 1 9 2 6 1 10 6 1 7 7 7 8 2 3 2 4 6 3 8 1 1 3 1 5 7 6 10 6 3 10 1 6 10 4 4 7 9 5 4 5 3 5 1 4 2 6 10 9 4 6 7 4 8 9 5 1 1 5 8 9 6 4 8 2 10 3 5 4 5 6 2 1 2 2 3 5 6 8 3 4 7 10 4 8 6 4 1 9 6 10 7 10 10 4 9 8 5 9 6 1 5 6 3 4 4 6 9 1 1 6 5 5 9 1 10 3 4 4 5 7 8 6 10 5 5 10 1 1 2 5 9 5 4 4 8 10 4 6 2 7 4 2 6 8 1 8 5 4 8 5 5 5 9 10 8 4 4 7 4 1 9 8 9 4 8 5 3 1 1 4 1 8 3 3 10 1 6 10 5 10 2 6 3 4 1 6 10 3 1 8 9 6
3 8 5 7 3 6 9 2 7 2 1 9 2 2 7 2 6 4 8 1 6 9 3 4 1 7 4 4 8 8 5 6 9 4 10 9 1 8 4 10 9 9 8 1 1 10 10 1 9 8 10 4 8 6 6 1 7 7 8 10 2 2 10 9 10 6 4 4 6 8 7 4 3 6 2 5 4 10 6 10 4 3 8 6 8 2 10 5 4 2 2 6 3 9 9 3 10 6 7 8 1 4 3 7 8 8 5 5 5 9 1 3 6 7 2 4 8 3 4 8 10 5 2 7 1 6 8 7 3 5 1 5 4 7 5 1 9 8 5 5 4 2 6 3 5 10 5 9 4 9 1 6 5 2 5 7 8 6 8 1 4 1 6 2 6 5 1 8 10 8 10 2 4 2 6 9 3 4 1 8 9 5 8 9 5 8 6 3 7 4 4 3 4 8 5 7 1 1 3 10 6 3 8 10 8 7 10 7 4 3 7 3 9 1 7 1 2 9 6 6 6 3 8 2 7 10 2 6 4 2 2 3 1 4 5 8 4 2 4 6 9 10 5 3 10 9 5 3 10 1 5 6 10 8 10 1 4 3 9 9 10 9 4 4 5 2 4 5 1 9 2 2 9 3 3 7 1 9 4 2 5 10 9 1 8 2 3 1 6 9 9 6 8 6 7 1 2 3 9 9 4 5 3 9 10 5 10 2 5 6 2 3 2 3 3 2 2 6 8 2 1 9 4 6 1 1 2 5 10 8 4 4 3 4 4 7 1 1 10 2 7 4 5 3 8 9 1 1 8 6 6 8 5 1 8 5 6 1 7 9 1 7 3 1 9 9 5 1 5 1 7 7 6 6 1 9 5 9 3 8 7 10 5 9 1 1 7 5 5 2 2 8 1 3 7 10 5 7 4 4 10 7 8 4 8 7 5 1 1 3 4 3 8 7 8 7 3 9 2 4 6 10 9 9 7 10 8 8 3 2 1 10 4 7 4 1 1 5 10 2 2 7 9 6 8 8 5 8 4 7
5 4 7 6 4 8 4 1 6 3 9 7 8 10 5 4 4 1 4 3 9 8 4 6 5 2 1 7 6 8 7 9 6 10 6 5 2 9 4 9 8 6 8 5 2 1 6 6 8 6 4 4 9 3 2 1 9 9 2 8 10 8 8 9 4 3 6 6 10 2 4 1 6 1 7 8 1 9 6 8 8 1 1 3 8 6 9 3 4 8 1 4 4 9 5 8 2 7 9 7 5 1 1 6 10 2 6 8 2 2 7 8 9 3 2 6 3 10 1 3 2 4 5 4 5 9 6 2 1 10 3 9 4 3 8 4 8 3 4 9 3 9 3 10 7 4 5 3 7 9 3 10 6 7 1 10 10 6 10 1 9 2 10 6 9 5 1 3 10 8 9 7 6 7 8 6 4 3 1 1 6 2 2 1 5 3 8 5 5 5 9 3 7 6 10 6 8 2 9 6 8 8 9 10 2 10 6 4 8 3 6 6 3 9 7 4 5 2 4 5 7 7 7 6 6 5 5 1 4 5 8 7 10 5 3 1 2 4 2 7 8 4 5 1 6 4 9 8 6 2 8 4 3 5 8 10 1 1 5 4 3 1 8 8 10 4 8 4 9 6 1 7 3 5 2 8 8 1 8 7 2 6 2 4 9 4 1 2 8 4 5 9 5 8 10 2 9 7 6 1 6 1 7 5 2 6 9 4 1 9 8 2 4 2 3 9 2 10 8 6 2 10 2 2 7 3 1 1 2 1 2 4 9 6 8 7 2 9 6 5 10 4 3 7 4 1 10 1 1 3 3 6 7 9 4 5 10 3 4 8 3 4 9 5 4 7 4 6 2 6 2 3 9 10 1 2 5 3 1 9 5 3 4 1 8 3 10 2 5 1 6 5 9 10 8 3 9 8 7 8 1 10 10 7 1 7 10 4 4 4 7 7 1 10 3 9 7 5 3 3 10 4 4 5 1 10 6 8 5 8 5 9 10 9 2 4 9 7 3 9 7 5 1 1 6 8 5 9 7 7
5 2 8 5 2 8 5 1 5 6 3 10 1 4 5 10 1 5 10 6 2 4 7 3 10 6 3 8 3 8 10 4 9 2 6 5 8 1 7 4 10 3 10 7 7 3 5 7 8 6 2 3 1 4 1 9 8 3 10 3 5 9 4 1 4 9 10 9 9 3 10 6 4 5 6 1 2 10 7 3 6 2 1 6 5 5 7 4 8 8 8 9 6 8 5 7 6 7 9 7 7 7 2 9 5 9 7 9 5 8 3 5 3 8 8 5 2 3 9 5 3 7 3 4 4 10 7 10 10 7 8 8 10 4 5 2 2 7 10 3 3 8 4 8 4 10 1 6 5 1 8 3 6 4 6 3 1 4 2 7 4 10 6 4 4 5 1 10 4 5 7 7 1 5 3 7 5 6 1 5 10 3 6 8 7 2 1 4 8 10 4 9 8 7 9 10 6 2 5 7 4 5 5 7 5 8 9 9 4 2 3 8 2 6 10 9 3 8 7 10 3 2 9 6 2 2 1 4 3 7 10 9 7 3 10 7 6 3 10 10 3 5 7 8 8 10 10 2 7 2 7 10 5 9 6 7 2 3 3 9 8 3 6 4 8 5 7 3 7 7 4 5 4 4 5 10 2 1 10 10 1 9 10 4 5 8 8 10 3 4 4 3 3 6 5 10 6 9 10 9 7 6 5 5 4 10 4 6 4 8 4 9 4 9 7 8 5 3 8 5 8 9 9 9 1 9 6 2 5 5 1 8 6 9 1 5 2 10 2 7 5 9 9 3 9 7 7 4 7 3 3 10 9 10 9 1 2 10 8 1 5 1 3 6 4 2 8 7 10 4 3 2 4 6 5 2 5 8 6 4 10 3 9 8 9 7 7 1 5 8 1 10 3 7 7 5 8 8 6 3 2 1 4 10 9 1 5 8 4 5 4 2 7 9 1 9 10 10 1 1 7 10 6 7 8 7 5 4 2 3 8 1 9 8 6 6 4 10 9 2 10 9 2 3 3 7 7 2 4 10
4 9 1 5 8 4 9 3 2 7 4 8 6 8 10 10 7 1 3 8 10 3 4 7 5 5 1 8 3 9 8 1 4 7 4 1 8 1 10 1 10 2 8 2 2 8 1 6 10 5 9 3 6 1 9 5 10 8 10 3 1 9 8 6 2 2 9 6 1 4 10 5 9 2 5 10 5 4 3 9 6 4 7 9 4 4 9 8 2 7 4 5 7 3 4 7 3 6 8 1 2 9 10 8 4 3 4 4 4 5 3 5 4 10 5 7 9 7 7 2 9 7 8 9 8 1 6 7 5 9 2 6 9 2 8 5 8 8 3 2 7 4 3 3 9 10 7 10 7 10 7 3 10 3 1 4 1 2 10 10 7 1 7 6 1 6 1 4 1 1 9 6 2 10 6 3 5 1 5 2 1 7 5 7 4 3 10 8 4 1 2 7 5 2 10 9 7 8 3 6 1 3 9 10 9 3 8 10 3 4 5 5 7 5 7 2 1 10 7 8 3 8 4 6 6 5 6 9 9 1 8 5 7 2 2 7 1 9 4 3 1 9 1 6 7 1 10 6 6 4 6 2 2 10 10 5 1 3 6 1 8 10 7 5 3 9 4 3 2 1 2 6 2 6 9 7 9 9 4 6 6 8 8 4 7 7 10 4 3 3 1 7 6 7 2 9 4 2 9 3 1 8 6 7 1 6 9 7 6 7 3 9 1 1 6 8 6 2 10 5 10 6 4 7 4 6 7 3 4 5 3 9 8 1 3 9 10 7 1 3 5 6 6 4 1 2 2 1 6 10 10 9 6 1 10 9 1 6 9 10 7 5 1 6 9 2 7 1 8 1 6 3 4 8 9 4 3 1 7 7 4 6 3 9 10 1 5 1 8 9 7 5 6 4 10 2 6 9 5 9 5 1 2 7 4 1 1 5 9 10 5 1 3 7 3 2 3 6 6 4 1 1 3 3 4 7 7 2 2 5 8 4 3 6 3 6 10 5 1 3 2 5 5 2 4 3 10 9 1 1
2 8 9 2 4 5 6 10 2 6 5 10 7 3 7 9 2 10 5 10 1 9 1 4 3 5 9 5 8 1 4 7 9 10 2 6 7 7 2 5 1 4 7 9 9 9 10 1 5 7 9 5 5 7 8 7 9 7 3 5 6 3 4 1 4 10 9 2 10 5 6 10 9 5 2 3 10 1 1 6 2 10 9 1 1 10 6 8 4 8 9 1 6 6 10 5 10 7 5 1 3 2 5 2 1 3 2 9 7 10 4 7 4 5 8 1 6 6 7 10 8 6 10 10 1 2 7 4 8 9 3 8 3 1 8 10 3 2 5 9 2 6 4 10 10 6 8 3 4 7 1 8 6 10 8 1 7 9 4 9 5 8 1 3 2 9 2 6 10 2 9 10 1 3 8 9 8 9 8 9 9 8 3 8 3 8 9 3 1 6 6 9 8 9 2 7 9 7 1 3 2 3 2 3 7 10 2 2 4 4 4 6 4 7 4 10 4 6 10 1 7 3 7 8 10 8 1 10 6 1 3 6 2 7 10 6 1 7 6 1 1 3 6 4 5 3 5 6 5 3 3 5 10 4 6 2 2 9 2 8 3 7 3 2 3 1 2 4 5 6 9 10 9 3 1 9 3 8 1 6 4 4 1 4 6 6 2 10 1 10 1 8 7 10 7 3 8 5 6 9 5 4 6 9 8 5 2 6 10 6 10 2 3 2 6 4 6 2 9 1 4 10 6 4 10 4 10 8 7 3 3 10 5 9 3 7 2 7 2 4 8 5 1 6 3 9 8 10 8 5 10 6 2 4 6 2 10 8 9 9 2 3 10 4 6 8 1 10 2 4 3 4 4 10 3 8 9 7 7 7 6 1 5 7 2 2 8 8 2 6 9 1 3 9 9 9 9 10 2 5 7 10 4 4 8 8 4 7 6 10 5 5 9 1 7 3 2 7 7 9 6 7 10 5 6 4 3 7 10 3 10 7 2 9 1 9 3 5 2 10 3 10 3 2 5 1 1 10 3 3
4 3 3 1 1 8 7 8 3 4 4 7 4 9 10 4 7 6 7 4 6 10 10 1 4 4 5 6 5 3 10 10 6 5 6 3 4 6 2 8 5 9 3 7 6 8 9 8 5 8 9 9 7 5 7 4 10 9 1 4 2 1 5 3 9 10 7 10 10 5 10 8 3 6 3 1 6 9 1 9 6 3 2 3 5 5 1 6 4 6 7 8 6 10 2 3 1 5 2 3 9 10 5 5 6 4 2 9 8 8 8 4 7 5 9 6 6 1 3 6 9 2 2 5 1 5 6 7 3 5 7 9 5 7 10 1 8 1 4 8 4 5 3 8 6 6 7 5 7 10 9 6 5 6 10 6 8 5 1 3 3 9 10 7 1 4 6 1 8 1 7 7 9 2 8 6 9 7 9 3 5 1 7 9 6 9 4 9 10 4 2 5 10 9 8 2 1 4 6 8 10 2 8 5 9 4 5 2 8 6 10 2 10 9 8 6 1 8 7 9 4 6 4 6 8 10 9 3 5 2 6 9 5 10 5 3 5 6 6 6 3 1 6 8 8 5 7 3 2 2 9 6 9 5 2 1 7 4 9 2 2 2 6 7 5 3 10 8 5 5 7 2 9 3 6 10 8 9 8 9 1 8 10 8 9 6 1 1 5 7 8 8 6 5 2 4 3 1 4 2 3 2 10 8 4 2 5 6 10 3 6 2 2 2 7 2 1 3 1 1 6 2 2 2 6 1 1 5 9 1 3 4 2 4 1 4 10 2 9 9 7 1 4 5 6 10 3 4 9 5 9 8 1 1 4 9 3 6 9 2 8 7 7 3 8 3 5 5 7 6 3 1 5 6 8 5 10 2 2 3 6 9 8 9 10 5 3 7 7 7 5 9 8 7 7 10 5 2 8 5 5 7 2 9 9 7 3 4 9 9 4 5 10 3 10 8 1 5 6 6 10 4 9 4 2 1 8 1 3 4 8 1 2 3 2 8 9 5 4 2 2 8 5 9 9 7 8 8 8 2
5 2 7 2 4 8 2 6 6 6 4 9 1 10 7 1 3 1 8 1 8 2 3 5 4 6 7 2 7 1 5 10 3 7 7 8 5 2 2 6 6 5 5 5 6 8 7 8 10 8 1 5 6 4 6 5 4 1 1 3 3 9 3 5 6 10 9 4 10 5 7 8 4 5 10 8 4 4 9 10 8 1 8 10 9 7 6 3 2 10 9 5 7 5 7 2 3 2 6 6 4 9 4 4 5 9 10 7 8 6 9 2 10 9 2 7 4 4 4 1 6 9 6 5 5 4 5 5 8 5 8 8 8 8 7 9 8 6 8 6 4 2 10 4 9 10 10 9 1 10 10 1 4 2 1 8 5 6 5 2 8 6 10 6 6 2 4 1 2 1 6 5 1 8 5 1 8 5 10 8 4 1 9 5 10 10 1 3 4 8 8 2 8 4 3 1 4 8 3 6 9 2 7 9 10 9 3 5 2 6 7 8 2 1 5 4 8 8 1 7 8 10 9 10 10 7 6 8 7 4 10 3 1 5 4 8 6 8 1 9 3 9 3 3 1 9 4 1 8 7 4 4 9 10 10 3 3 1 4 4 5 10 1 8 7 2 2 3 7 7 2 2 9 8 9 8 4 6 1 2 8 10 10 4 5 6 8 8 8 5 9 6 7 4 8 10 6 9 8 5 10 9 10 9 9 1 9 2 6 1 6 10 6 1 9 3 5 8 7 1 10 9 2 2 10 10 5 10 7 4 10 4 1 8 9 2 6 6 7 10 3 2 4 5 4 5 3 1 2 3 8 8 6 9 8 5 10 8 2 5 7 4 7 8 9 1 8 3 1 3 6 6 4 5 5 2 6 10 3 8 6 1 3 5 8 6 6 8 8 7 2 6 5 9 8 9 8 3 10 6 8 3 4 8 1 2 2 10 5 5 5 6 7 3 8 9 7 5 9 9 1 9 7 5 4 5 8 10 4 6 8 5 9 9 9 6 7 6 5 4 3 5 8 2 8 9 8 5 4 6
5 1 6 6 5 5 10 8 4 4 10 3 8 1 9 4 7 8 3 10 2 7 2 1 10 5 7 4 6 6 8 4 1 6 1 3 10 7 3 7 4 1 5 3 7 10 8 6 10 5 6 5 10 3 9 3 6 7 8 3 3 1 3 7 9 4 3 9 4 9 1 3 2 2 2 8 5 3 1 5 2 4 7 7 5 3 5 5 8 1 3 4 8 7 3 1 10 3 2 9 10 2 2 6 6 6 5 4 1 5 3 4 4 4 10 4 8 2 4 10 6 6 5 8 1 10 8 8 2 10 4 7 2 5 6 8 9 8 4 2 9 2 9 9 6 7 5 2 5 7 7 4 7 8 9 8 5 1 4 2 2 7 4 6 6 7 2 9 9 9 9 8 9 7 2 7 4 7 3 10 4 1 1 4 6 4 5 7 1 7 8 4 6 3 7 8 1 7 7 6 5 1 4 7 7 1 3 2 10 8 1 6 10 9 9 5 5 7 10 1 2 10 7 6 9 2 3 1 10 8 10 8 5 1 1 9 4 4 2 5 1 1 3 1 4 4 6 8 2 9 2 3 2 5 3 8 7 4 1 1 5 7 8 3 5 4 1 1 9 4 8 10 3 10 1 7 3 7 8 10 4 1 5 4 6 7 2 10 9 5 4 7 10 4 8 4 5 3 6 7 3 8 7 1 1 5 1 2 3 5 9 3 3 9 4 4 10 9 3 8 8 7 5 2 4 7 2 5 5 3 9 7 9 6 2 1 7 7 1 6 10 8 6 8 9 1 3 8 5 9 4 2 5 4 5 7 6 3 7 2 9 1 4 2 5 3 9 8 1 5 9 9 4 5 10 4 3 9 3 10 2 10 4 7 1 7 5 10 4 5 10 9 3 7 5 9 2 7 8 5 10 2 7 5 1 8 9 10 4 3 1 3 8 5 1 7 6 8 6 4 5 10 10 5 5 9 3 10 2 10 3 3 1 2 7 2 2 2 10 7 2 2 10 1 5 1 5 1 1 4
2 1 6 4 5 2 4 6 5 5 8 8 7 2 6 2 4 5 3 5 8 8 7 6 6 6 10 10 8 10 8 2 7 3 8 4 8 4 4 2 6 5 10 8 3 8 5 2 6 5 3 2 1 8 3 5 6 6 9 5 2 9 6 7 10 1 7 8 6 1 7 3 3 5 6 4 6 2 8 5 9 6 1 9 10 5 6 3 1 6 5 5 4 10 7 10 6 9 8 4 7 4 2 2 6 1 3 3 2 5 7 6 7 2 2 7 5 5 7 9 10 9 1 7 1 6 10 2 2 8 8 6 6 6 10 5 10 8 5 4 1 5 5 2 1 6 8 3 7 7 10 8 9 6 1 8 10 6 8 9 7 7 2 3 7 7 3 3 10 9 7 4 3 2 7 10 1 4 7 6 3 2 7 2 10 10 6 8 5 3 3 5 9 8 4 9 1 2 6 6 4 2 3 9 5 10 3 2 9 4 10 7 2 10 10 3 7 2 2 10 5 3 2 5 10 2 3 8 4 7 3 5 6 4 3 7 10 10 7 6 3 4 7 2 4 1 3 7 1 2 7 5 4 8 5 9 9 7 2 1 7 5 9 5 9 4 7 5 8 4 4 6 2 4 7 6 5 7 3 7 3 2 4 3 8 7 1 6 5 1 6 3 1 9 9 8 5 5 10 5 7 8 7 9 4 3 7 9 8 6 8 8 7 7 9 4 3 3 4 9 1 4 7 9 1 9 10 3 6 4 10 1 8 10 1 6 8 8 8 4 7 4 8 8 8 6 10 8 10 3 2 8 4 5 6 4 7 10 4 2 9 7 10 5 7 3 1 4 3 10 2 10 8 6 5 3 7 10 7 4 8 2 8 4 6 1 5 2 1 9 9 6 1 6 4 1 8 1 1 9 1 8 2 8 6 8 9 2 1 2 6 10 8 2 1 2 2 10 9 8 1 2 6 3 1 6 3 3 2 5 5 8 1 7 2 2 2 4 1 4 9 9 10 3 10 9 1 10 6 10
4 7 6 10 8 2 5 3 7 7 2 4 4 7 10 5 1 2 6 2 6 5 8 10 7 10 9 1 9 2 6 2 6 2 8 3 8 5 6 6 5 1 5 7 2 9 8 3 9 1 6 10 8 4 3 9 8 5 4 2 3 1 7 5 5 3 1 4 4 4 7 10 5 5 9 7 8 2 3 4 4 7 10 5 6 9 2 8 8 8 3 2 10 6 3 9 5 4 4 3 1 8 1 2 2 9 8 4 9 9 4 7 6 9 9 7 4 4 4 10 4 10 8 8 2 7 1 1 9 8 8 4 8 10 5 3 6 5 3 4 2 1 4 9 1 10 4 3 10 2 7 9 5 9 9 9 6 4 4 7 6 4 10 2 10 1 5 1 8 7 6 5 5 5 8 9 5 1 7 2 6 10 1 2 5 2 2 2 4 4 10 10 10 4 7 3 8 5 8 4 6 10 5 1 7 9 4 5 2 1 9 1 7 5 2 2 4 9 2 3 2 8 6 7 1 6 1 4 8 7 4 2 4 2 4 4 2 4 9 10 3 7 6 9 3 8 2 3 5 4 9 9 10 2 5 1 3 5 3 6 3 3 4 3 2 3 8 7 8 6 6 1 8 7 10 10 9 7 8 2 4 5 9 4 8 6 10 8 7 2 5 1 4 6 9 3 5 5 9 4 7 7 1 10 2 7 2 10 2 10 4 3 4 7 5 5 3 5 4 4 2 2 7 9 8 9 5 9 8 4 3 2 7 1 1 1 3 2 4 3 3 2 4 7 9 8 4 3 8 3 2 8 6 2 7 9 9 6 3 7 5 7 4 1 2 3 8 3 9 3 2 9 3 6 5 9 2 7 10 5 9 4 2 5 3 1 8 10 8 1 4 5 7 10 7 10 7 5 1 8 6 1 3 5 6 1 7 9 7 5 5 3 8 5 8 6 3 3 8 8 7 7 5 4 10 2 4 4 6 7 3 8 10 3 3 10 3 7 4 10 1 9 5 6 3 3 6 4 5 4
1 2 4 2 3 10 6 10 8 3 6 3 10 6 1 5 7 10 1 3 6 4 10 8 5 1 3 1 1 7 6 1 9 2 9 1 7 7 6 1 3 5 3 1 6 7 6 7 4 8 7 5 4 3 9 7 5 3 3 2 1 2 1 7 5 1 8 3 2 6 9 4 1 9 8 5 8 2 2 6 4 8 5 3 6 1 3 1 9 8 6 9 4 5 4 7 2 1 6 9 8 1 8 6 9 5 4 9 7 10 8 10 7 3 3 6 9 8 7 3 8 6 6 9 8 3 5 5 6 2 4 10 8 5 9 7 3 8 7 1 3 3 9 3 6 6 4 3 9 7 7 7 8 9 9 10 6 4 10 3 8 4 7 9 3 1 10 7 9 8 8 10 7 3 9 2 5 7 1 7 8 9 6 7 7 9 10 8 6 3 1 8 7 9 3 4 8 1 4 7 3 4 5 5 5 2 3 1 1 9 5 7 6 4 4 3 4 3 9 2 6 2 9 4 1 7 8 1 9 3 4 7 7 3 1 4 6 6 3 9 3 5 8 8 10 6 9 5 5 1 9 3 5 2 6 10 10 9 5 5 7 10 6 5 9 6 9 3 1 1 8 4 6 5 2 3 3 2 7 1 10 8 4 7 9 8 10 2 4 6 1 6 1 3 8 4 1 5 5 1 7 6 9 3 10 9 3 5 2 4 5 9 9 6 6 8 4 10 8 3 4 5 5 10 9 8 4 3 5 7 3 6 4 8 2 8 2 10 8 7 3 9 10 9 1 7 7 7 1 9 3 9 9 1 9 5 2 7 8 5 5 9 6 5 5 2 1 3 7 9 8 4 6 10 2 7 1 1 9 1 2 5 7 5 5 5 8 9 10 2 9 7 10 2 8 6 8 2 6 5 8 4 6 9 7 9 5 6 1 2 2 3 1 1 7 2 10 5 7 7 3 2 3 7 4 2 10 9 8 10 8 6 7 8 9 1 8 9 8 5 1 1 2 3 9 7 10 2 4 10
1 6 4 7 5 1 2 8 3 1 5 10 6 6 4 5 5 10 6 1 2 2 10 8 5 2 1 8 1 4 3 6 5 1 3 3 8 7 9 10 1 5 1 3 10 8 9 7 2 1 1 7 1 6 9 10 9 4 7 1 1 5 4 7 6 9 5 7 6 4 4 3 9 3 2 4 6 10 10 4 5 4 3 8 7 3 1 6 4 1 3 6 7 10 9 9 5 3 4 3 8 3 6 9 5 3 9 8 9 4 9 1 6 2 5 10 8 10 1 10 5 2 8 6 10 8 2 10 1 7 8 6 9 9 9 3 1 3 10 3 4 9 4 10 6 9 2 4 1 3 8 8 2 3 8 7 3 7 1 1 9 3 8 2 4 8 6 6 3 9 2 8 10 1 5 2 2 3 9 6 10 9 2 9 4 2 1 1 6 2 3 1 7 5 8 3 5 5 9 8 3 9 6 3 9 6 8 2 7 8 8 6 9 2 8 10 5 10 10 5 1 4 7 9 6 5 3 4 5 10 9 6 1 5 10 3 1 2 8 5 2 4 2 9 8 7 5 5 5 5 5 10 3 1 6 8 7 1 5 2 3 1 4 4 6 5 1 3 7 7 9 3 4 5 5 5 1 1 6 1 8 9 8 3 9 5 10 6 2 9 6 3 9 2 3 8 8 7 3 2 7 10 3 2 6 8 8 6 7 7 5 4 7 4 9 3 5 2 2 5 9 5 6 8 2 5 6 7 1 8 7 2 2 6 6 3 1 9 10 3 10 2 2 7 3 2 3 9 3 1 9 9 6 3 8 8 1 3 4 10 1 3 6 5 9 10 3 7 4 8 9 7 1 7 7 10 4 6 8 7 4 4 10 2 10 1 2 2 3 6 1 4 7 6 7 7 2 2 7 5 10 8 10 10 8 7 6 3 6 10 4 10 10 6 10 1 10 1 10 6 6 2 4 6 3 1 4 3 6 10 4 4 10 10 4 3 5 2 2 3 10 6 4 9 4 8 8 8 10 7
1 4 4 6 1 8 3 4 9 2 9 10 1 1 4 5 7 2 7 9 5 1 10 6 7 5 4 8 9 4 2 8 6 10 3 10 4 2 6 6 5 9 9 1 7 9 6 2 3 10 4 1 10 5 10 4 8 9 7 4 2 8 5 4 5 9 4 6 7 5 5 7 3 2 5 2 2 9 9 2 6 4 2 6 9 8 9 9 2 4 3 8 7 8 3 2 4 5 5 8 5 5 2 9 2 4 9 3 6 10 4 1 2 3 4 8 10 3 7 6 3 10 9 1 4 6 10 3 1 4 3 6 3 4 10 5 3 10 7 8 1 8 9 5 2 10 7 9 4 1 6 3 5 3 5 7 2 5 7 5 5 10 5 10 6 10 6 1 2 8 6 1 6 8 10 2 2 3 1 4 4 7 10 6 8 7 9 9 6 9 9 2 6 3 7 4 7 4 9 10 2 10 9 5 7 8 2 1 6 3 4 2 1 5 8 5 10 1 2 7 8 1 8 8 8 7 2 4 9 5 3 5 3 4 3 3 3 1 2 5 2 4 6 8 10 1 5 3 6 10 7 9 6 4 5 3 7 4 8 5 6 10 1 5 5 2 3 2 7 6 4 3 1 6 2 6 7 4 4 6 6 4 4 5 6 1 9 5 3 10 6 9 4 2 3 2 7 7 2 10 5 10 10 5 4 6 10 3 2 2 8 1 1 2 2 6 4 4 10 5 8 2 5 6 1 10 4 3 3 2 2 4 1 6 8 2 4 2 2 3 10 5 7 1 2 8 2 2 1 10 3 1 9 4 2 3 3 9 9 7 5 3 8 3 1 9 10 9 9 2 7 4 6 4 9 5 5 9 10 7 3 10 5 5 2 7 10 3 2 4 10 4 9 5 10 5 3 6 10 2 1 9 3 2 6 7 6 6 7 8 2 10 9 8 1 8 1 1 7 3 1 2 1 6 6 4 7 7 6 2 1 4 10 4 1 9 7 4 8 2 8 10 2 4 8 7 9 3 9 10
2 5 4 9 7 6 7 10 3 1 10 1 10 2 5 7 1 8 1 5 8 7 10 1 1 8 4 9 8 7 7 1 10 1 1 7 5 3 3 10 8 2 4 6 3 10 4 2 8 6 2 8 6 7 5 8 10 10 5 7 4 8 10 7 6 1 9 6 4 6 8 5 3 6 10 6 2 10 8 6 7 10 10 3 3 2 8 6 2 1 9 6 9 10 1 8 6 2 7 1 9 1 6 7 3 5 9 4 9 7 10 7 10 1 5 1 3 1 9 10 1 2 9 5 10 7 8 6 1 1 10 4 6 3 8 4 9 8 10 9 7 2 2 4 5 4 2 4 10 3 3 2 9 8 9 2 5 7 1 6 3 8 5 10 1 4 10 7 2 1 2 3 2 4 10 7 8 6 3 4 9 1 10 10 2 9 4 9 4 10 8 4 8 5 9 1 2 2 1 6 6 4 5 8 6 8 4 8 7 8 3 10 1 1 6 7 9 3 2 10 1 1 7 3 8 2 5 3 5 1 1 6 8 2 9 8 7 9 1 7 2 8 10 9 2 4 7 7 10 6 2 2 8 3 3 3 10 5 8 6 10 4 5 6 5 2 1 5 6 5 2 10 8 8 10 8 2 5 5 6 6 5 3 3 6 8 4 9 3 4 2 7 5 3 5 6 9 2 7 8 3 6 5 6 9 4 1 8 8 3 7 5 1 2 6 7 2 4 4 2 3 9 5 5 8 5 8 10 9 6 10 1 4 4 10 7 10 10 2 1 1 6 10 5 7 6 6 3 7 2 4 7 7 8 5 4 2 9 7 9 7 10 9 4 3 8 1 8 4 8 5 1 6 8 9 4 6 8 9 10 2 5 6 2 10 3 3 1 4 9 9 5 5 2 1 5 3 6 6 9 3 2 7 1 4 7 4 8 10 9 8 9 2 6 7 10 5 3 7 4 5 5 2 3 10 4 7 10 3 2 10 3 6 7 6 3 1 7 4 4 2 9 4 5 4 10 9 8 7 2
4 5 2 1 9 10 7 9 6 3 6 2 7 10 6 3 3 3 6 2 8 10 9 7 5 7 5 9 7 3 7 8 9 1 9 10 6 3 6 1 5 4 5 10 2 10 7 6 2 3 2 9 5 1 9 5 10 5 3 3 5 5 7 5 9 2 8 2 3 7 7 1 3 1 7 1 3 3 6 2 6 5 3 7 2 3 9 4 2 1 9 5 2 2 3 7 2 1 7 6 9 3 9 4 9 6 7 7 3 2 5 8 4 9 2 6 7 1 3 2 10 6 5 1 4 6 2 3 10 2 5 10 3 6 2 7 1 8 4 4 8 4 7 6 7 10 9 8 1 3 10 2 6 9 8 3 3 4 7 7 3 2 7 4 2 3 6 4 2 9 10 1 8 10 8 2 2 1 5 8 1 3 2 2 10 1 4 8 1 4 3 9 5 3 8 4 1 10 8 7 5 1 7 1 4 3 1 10 4 5 9 8 5 2 10 4 5 6 10 2 3 2 9 1 2 3 5 3 9 2 1 8 1 8 9 7 2 8 4 5 5 9 7 5 5 1 3 3 5 9 9 9 3 8 4 6 10 4 5 10 8 4 8 5 10 1 10 8 7 9 1 1 5 1 1 1 9 7 3 10 6 7 10 3 8 7 7 3 9 3 2 7 7 5 10 1 3 6 5 3 1 3 2 5 9 3 7 10 10 3 10 9 7 3 2 1 3 9 1 1 3 9 2 7 9 7 10 8 7 1 3 10 6 8 5 1 6 1 6 10 6 2 2 10 8 4 10 8 7 1 4 10 3 4 7 5 5 1 10 3 6 4 7 5 6 7 1 6 2 6 4 1 5 5 2 3 1 9 1 2 9 1 3 6 8 9 6 1 6 5 4 8 8 8 9 1 9 5 4 3 4 4 9 6 5 3 3 5 8 1 2 1 10 1 1 10 2 7 9 7 9 5 9 1 7 5 7 6 3 2 8 1 1 10 6 5 9 10 10 4 9 9 4 8 1 4 9 6 1 8
3 5 7 7 3 4 6 8 1 7 9 7 4 5 1 4 6 10 8 5 5 6 8 4 9 8 9 5 1 8 10 8 8 4 10 2 1 4 5 10 2 5 4 7 4 9 7 7 5 4 10 1 10 9 2 10 6 9 4 5 9 1 1 8 7 1 10 6 9 8 10 3 4 6 7 7 3 10 3 1 2 7 3 6 8 3 4 6 3 5 4 8 4 3 7 2 10 10 4 5 6 5 4 3 2 10 4 1 8 5 7 5 5 6 10 3 6 4 5 10 6 9 2 5 10 5 10 1 3 1 10 6 8 7 3 6 2 3 6 9 9 2 1 9 2 6 7 5 10 2 7 5 6 5 2 8 9 4 2 2 6 4 5 4 7 4 2 4 9 5 2 7 1 4 10 4 10 6 9 8 10 10 5 4 1 5 8 10 4 5 10 7 8 3 10 2 1 9 3 7 1 8 4 3 1 10 10 6 6 5 7 10 6 10 3 3 6 9 9 6 6 8 10 1 3 5 4 3 1 5 8 6 2 9 9 4 7 1 8 4 2 1 9 5 4 3 8 8 7 6 4 3 6 2 1 6 4 4 6 2 3 5 8 5 6 2 4 7 1 9 7 9 8 8 2 3 3 10 9 6 2 2 10 8 1 7 7 1 9 2 3 6 3 2 3 1 7 10 4 9 5 8 1 8 2 5 7 2 10 3 5 6 5 9 7 7 8 4 2 3 6 7 6 6 7 9 7 4 10 1 8 5 5 7 1 4 5 5 6 9 3 8 2 4 8 6 1 8 6 7 1 6 9 10 9 4 3 3 5 2 2 10 2 2 9 1 8 8 9 2 5 7 7 5 10 1 10 10 2 10 8 3 1 10 2 10 7 10 6 7 8 9 9 5 9 7 6 3 3 7 9 7 10 9 4 8 4 4 8 9 8 4 4 3 3 8 6 8 4 2 2 10 10 1 2 5 10 7 9 7 3 4 7 4 2 5 7 1 10 8 8 1 8 6 8 6 3 2 4 10
4 3 9 6 9 9 1 4 6 1 2 5 9 10 4 2 7 7 3 8 2 7 6 6 7 1 9 7 10 9 1 5 8 1 6 8 2 2 2 7 9 9 9 2 5 7 4 6 1 8 9 6 2 2 3 9 1 1 2 4 10 4 4 10 4 6 6 2 10 6 2 2 10 3 8 5 4 6 9 9 10 1 6 6 9 10 3 2 8 9 4 10 10 6 5 7 6 8 2 3 6 9 7 2 1 3 8 7 6 1 4 2 5 1 9 2 10 6 5 8 2 8 3 7 5 10 10 9 4 4 10 10 5 1 4 3 3 8 7 4 10 9 5 3 10 9 3 3 1 1 9 2 9 9 6 4 2 10 8 3 4 4 7 1 10 9 6 5 4 2 5 9 5 6 10 6 7 2 4 1 9 3 7 5 5 7 3 9 6 1 2 2 5 5 7 5 3 10 9 5 5 1 7 9 4 9 10 4 1 8 1 2 5 10 7 1 3 9 6 8 4 7 1 9 8 5 5 3 4 4 9 2 10 8 1 2 3 1 2 10 6 2 6 9 2 4 4 3 6 7 10 7 5 1 4 10 6 10 2 6 1 7 1 2 9 10 8 6 1 5 10 2 7 2 9 5 2 9 5 10 3 3 4 10 10 7 2 1 8 3 1 8 2 2 1 9 7 4 5 2 6 1 7 6 5 6 8 2 7 4 5 2 1 2 3 1 3 7 10 2 1 1 5 3 8 2 5 8 1 4 6 5 5 3 5 7 7 7 4 9 5 6 3 9 9 10 8 10 10 7 7 2 4 4 2 6 2 4 3 9 6 3 7 9 3 4 10 4 8 1 8 1 10 4 4 7 4 7 1 7 4 3 2 9 2 6 5 8 10 1 5 10 8 4 6 5 9 10 4 10 4 5 3 8 8 9 10 10 3 4 8 10 2 9 7 10 5 9 9 6 3 8 9 1 9 1 4 7 10 5 10 2 7 2 4 7 8 4 8 1 3 5 10 9 10 6 4 2 5 10
3 8 5 7 3 3 10 3 5 6 10 1 2 5 7 6 5 1 3 4 1 9 4 9 6 5 7 10 3 8 10 8 3 10 1 2 6 9 2 5 5 2 5 1 2 2 10 3 7 10 2 7 5 3 8 10 1 3 1 10 8 3 9 9 10 6 10 9 2 2 10 8 9 6 8 1 3 10 3 7 5 3 3 3 6 1 6 4 7 2 2 10 5 9 4 1 3 4 9 4 4 4 8 1 5 6 7 3 5 2 8 9 6 6 6 6 6 4 5 7 6 8 10 5 6 5 4 8 3 10 6 8 4 6 5 5 6 9 8 8 5 8 1 1 1 3 1 6 8 10 9 6 5 9 7 8 3 4 5 1 10 2 4 1 1 3 4 7 9 2 4 1 3 10 1 9 4 8 10 7 8 2 8 10 4 5 3 1 4 1 2 6 1 7 5 3 6 3 1 7 3 1 5 7 10 8 9 9 7 2 3 6 1 6 9 3 1 4 4 10 4 6 8 10 7 5 9 8 1 4 2 8 8 8 3 2 3 5 10 6 3 6 5 5 4 4 4 10 9 3 9 9 5 6 4 5 7 2 2 9 6 7 3 8 2 2 7 1 5 4 8 1 2 4 4 6 5 8 7 9 9 3 9 6 10 4 10 9 9 3 7 10 5 8 6 2 8 1 2 4 6 3 5 3 1 10 8 8 4 5 1 5 10 2 2 9 10 3 6 7 10 7 9 9 10 10 10 5 4 4 9 3 10 8 7 7 8 10 6 10 5 1 8 7 10 10 2 4 7 1 4 4 8 4 4 7 2 2 10 6 7 2 10 7 5 8 10 7 4 1 5 5 5 5 5 7 8 7 4 3 9 5 1 3 8 3 7 1 9 4 4 2 10 4 2 8 4 7 9 8 5 6 4 10 3 5 9 10 2 3 7 9 3 4 2 1 8 1 4 4 6 2 2 4 7 9 4 6 4 9 5 2 9 7 7 5 4 8 2 5 8 5 9 8 10 3 7 1 4 3
4 4 8 5 1 8 3 1 10 4 4 8 7 2 1 3 5 2 9 9 9 1 3 4 7 2 1 10 4 2 1 2 3 5 1 4 2 6 3 4 3 4 6 5 4 3 8 4 7 3 6 9 10 6 1 2 9 6 10 1 3 3 3 6 7 4 9 7 9 8 3 4 8 8 3 7 5 9 2 5 6 4 4 1 9 3 1 10 7 9 5 1 4 6 10 9 1 10 8 3 2 6 6 2 7 3 9 9 4 2 9 10 8 9 3 7 8 6 5 8 8 9 9 3 7 10 9 9 5 4 10 8 10 7 3 5 7 9 4 1 3 9 2 4 2 7 9 5 10 3 6 6 3 4 3 2 5 3 5 8 7 5 6 9 7 7 5 4 3 4 2 1 6 6 3 3 8 10 10 4 1 3 3 2 5 9 10 4 2 4 8 10 5 2 6 8 4 9 3 8 6 5 10 5 10 2 3 10 1 8 6 3 9 5 2 1 4 7 3 6 4 3 1 7 2 3 4 4 9 5 1 7 4 3 2 9 1 9 3 4 2 2 8 10 5 10 9 2 1 3 1 4 3 1 10 4 8 4 10 6 8 3 10 9 6 5 5 7 9 7 9 10 9 1 6 1 7 5 1 6 10 5 4 9 7 6 9 1 4 6 2 9 9 8 9 2 2 1 7 9 3 6 6 1 4 2 3 5 10 7 6 5 2 1 8 8 6 3 5 2 3 5 9 3 10 6 5 5 9 10 2 2 8 4 4 6 10 4 2 8 8 5 8 6 7 1 6 7 2 8 1 1 5 8 7 10 9 4 5 9 1 10 9 8 2 7 3 1 1 9 10 1 6 8 7 5 7 4 2 7 4 4 5 7 4 1 8 8 5 2 9 8 4 10 1 5 7 2 4 1 3 5 3 1 2 7 8 5 10 6 5 2 10 7 3 2 8 8 4 9 10 4 6 9 2 7 3 3 3 8 6 5 8 1 10 1 2 9 6 3 6 5 3 3 8 3 10 5 5 1
2 8 8 7 5 8 6 6 3 1 1 4 2 10 4 7 10 10 2 10 3 7 2 2 8 4 7 3 5 2 7 7 9 1 2 9 5 6 9 9 2 2 10 9 9 10 10 10 5 2 7 5 8 10 10 8 7 10 8 1 6 2 4 10 1 8 10 4 7 9 9 10 3 5 8 9 5 2 3 7 5 8 4 5 7 9 1 10 8 4 9 1 7 7 5 6 2 1 3 10 10 9 8 8 7 1 8 4 7 1 3 4 1 6 3 5 2 8 9 8 6 9 6 2 10 8 8 8 3 2 10 3 8 3 5 2 9 3 3 1 7 7 10 4 7 5 8 5 1 9 6 4 6 1 3 4 8 2 6 7 9 5 7 3 9 6 1 10 8 4 4 10 9 2 10 8 9 9 4 9 8 10 3 7 8 1 7 10 8 10 10 10 1 6 2 9 10 10 8 10 8 1 5 1 5 5 4 5 2 8 4 9 1 9 9 8 3 10 9 9 8 5 9 3 1 5 4 2 2 10 2 9 8 9 7 3 7 3 1 7 6 2 1 4 7 3 2 8 7 2 6 10 5 1 2 7 3 8 2 2 4 8 1 2 1 8 9 8 4 6 10 10 1 10 1 6 3 6 10 2 2 5 4 7 1 4 7 10 3 5 3 6 2 7 2 6 6 9 4 1 1 5 1 9 2 10 6 2 7 5 7 1 8 6 1 10 5 8 1 2 6 4 1 7 2 5 4 6 7 10 9 5 2 4 7 4 7 7 8 3 5 2 2 3 1 7 4 8 6 5 2 5 3 7 2 6 6 4 3 9 9 9 2 8 7 10 3 7 4 8 4 5 3 2 9 5 7 4 3 6 3 8 2 6 2 10 2 9 6 2 7 9 7 6 5 10 1 7 6 10 1 8 6 7 9 10 9 8 7 9 9 8 2 4 5 6 1 2 10 10 7 8 5 5 3 4 3 2 1 2 1 2 3 1 5 6 8 8 1 5 10 8 5 10 10 7 3 6 4 10
5 1 7 3 5 7 5 2 10 9 9 3 10 7 9 3 9 6 6 1 8 7 9 2 10 4 10 2 10 9 3 3 9 4 8 8 1 10 4 3 5 3 7 1 6 2 2 8 9 4 5 1 4 4 7 8 4 2 2 6 5 4 8 3 8 6 6 9 10 5 6 1 6 10 1 9 8 1 6 5 2 7 1 1 10 3 6 8 8 10 4 2 8 1 5 4 9 2 4 4 3 8 4 6 4 2 4 4 5 5 9 1 3 5 1 6 6 3 2 8 1 4 3 2 8 6 3 6 6 6 5 5 1 9 8 7 6 3 9 2 1 3 1 1 4 9 6 9 7 1 1 1 10 5 5 10 10 9 1 8 1 3 10 4 9 10 2 8 7 6 10 5 1 6 3 1 1 8 2 5 4 6 7 2 9 5 9 7 5 1 6 9 10 7 2 4 10 9 2 1 10 4 10 8 9 5 10 1 5 1 10 4 2 1 8 4 4 8 1 8 9 8 6 2 8 10 4 10 8 8 10 8 1 1 5 6 8 10 2 6 3 4 6 9 8 1 10 7 2 7 9 7 4 4 8 4 3 6 7 6 7 2 10 4 3 10 2 10 4 6 9 9 2 2 9 1 4 8 6 6 1 7 10 5 10 6 1 8 4 8 6 6 7 1 5 10 6 7 1 5 6 7 7 8 9 5 6 8 5 9 1 9 3 1 3 6 6 6 2 3 3 8 2 5 10 7 4 9 7 2 1 10 3 7 9 2 10 1 3 2 9 10 2 9 7 8 7 2 7 3 2 10 9 2 9 4 4 9 7 1 5 4 8 6 3 8 7 1 10 1 5 1 2 4 5 3 3 9 4 3 4 6 10 4 5 10 9 5 3 8 5 2 6 3 3 3 7 2 5 3 9 7 3 9 9 6 3 9 6 1 8 6 2 9 8 1 6 9 10 1 6 6 4 5 8 8 2 1 1 8 8 5 4 8 8 7 4 6 7 2 2 4 7 3 1 6 5 2 10 2
1 1 1 4 9 8 7 9 7 7 6 5 7 9 3 9 10 1 3 7 3 6 4 5 6 5 8 1 8 8 2 3 10 5 10 9 3 1 9 5 9 1 6 2 10 3 2 3 1 9 10 5 9 9 1 9 3 6 1 5 3 8 6 3 7 7 6 8 3 9 3 1 9 10 6 7 5 3 8 10 4 2 7 9 1 1 9 5 2 4 1 10 7 6 3 9 5 8 10 2 8 6 5 1 1 7 6 8 5 4 4 9 3 5 7 7 3 4 5 1 5 7 7 1 3 1 1 4 9 9 9 10 4 4 8 1 7 1 5 4 1 3 7 10 5 5 3 4 1 2 9 2 4 4 9 8 9 3 2 4 6 10 5 3 10 10 8 3 4 1 1 7 3 3 9 7 5 2 7 3 2 7 5 3 10 10 10 3 3 5 9 1 9 9 10 3 7 5 9 10 10 4 6 5 4 10 6 10 7 5 2 8 9 3 2 10 10 2 3 10 9 9 7 9 8 2 5 2 3 5 2 3 5 3 3 1 4 8 3 9 8 2 8 9 1 4 9 1 3 3 6 8 5 2 8 7 5 7 2 10 8 5 10 10 8 3 10 9 2 4 9 9 3 2 6 6 3 9 7 4 4 9 7 3 5 8 6 4 3 7 1 9 7 5 4 7 7 6 9 10 10 5 2 2 2 9 3 8 7 1 3 2 1 9 5 8 1 2 3 8 6 10 6 7 3 7 8 5 10 5 10 5 2 9 1 7 7 5 4 4 6 9 5 3 10 5 4 5 5 8 8 7 9 8 9 3 5 2 1 9 4 10 4 6 1 3 5 8 1 3 5 2 9 5 8 4 1 1 5 3 10 9 7 4 9 9 1 8 1 7 2 3 4 2 3 1 8 6 8 7 9 9 5 8 10 6 3 9 1 9 3 1 1 5 7 7 7 10 4 1 3 9 7 7 3 7 8 9 8 10 6 5 1 6 10 9 6 2 5 7 1 3 7 9 7 4 7 10 7 6
5 4 2 8 3 4 4 8 1 4 4 9 5 1 2 5 2 1 10 4 10 2 10 4 9 10 6 10 4 7 4 9 3 8 1 5 3 9 6 9 8 5 8 3 2 5 10 10 9 6 9 2 4 2 6 4 8 7 1 8 7 2 2 7 3 10 1 4 6 1 1 9 10 1 9 3 1 5 9 9 3 10 8 6 10 4 1 7 4 8 6 6 7 9 9 2 4 7 8 7 6 10 3 7 7 1 1 1 1 4 9 7 5 4 3 10 7 8 10 8 9 2 5 4 4 2 4 5 3 9 3 3 5 10 8 5 4 10 2 10 10 4 4 2 6 7 7 4 1 3 3 3 1 4 3 9 10 5 4 4 8 5 3 7 6 8 8 6 6 10 5 4 4 7 5 9 6 1 4 10 10 7 3 4 1 4 6 6 6 5 6 10 3 7 9 9 9 10 1 10 2 4 9 5 3 4 7 7 1 4 7 8 5 7 9 7 1 7 3 5 3 9 5 6 5 6 4 8 8 9 10 2 10 3 9 5 2 2 8 9 4 8 7 7 6 8 6 5 3 8 6 6 10 7 1 1 4 7 4 1 8 5 3 6 4 4 2 9 8 2 9 7 9 7 6 6 5 10 6 4 8 6 9 6 5 3 10 3 2 1 7 6 4 9 1 4 8 1 2 9 10 2 9 7 8 7 2 10 6 9 2 6 4 1 8 2 4 1 9 2 4 1 8 6 9 5 8 1 9 8 6 7 5 5 6 4 1 4 4 3 6 8 7 3 6 4 6 7 8 2 1 3 2 2 6 6 8 8 5 3 5 7 8 8 2 10 4 1 2 6 10 6 1 10 9 2 10 4 1 6 9 8 4 10 7 10 6 6 5 9 1 7 7 7 1 5 9 10 8 5 5 8 8 8 4 4 6 1 3 7 7 1 7 2 2 4 8 3 8 10 1 6 5 5 2 6 2 1 6 8 1 6 1 2 10 2 2 4 2 2 7 7 1 10 6 2 4 8 9 2
4 9 8 4 4 10 5 8 7 2 2 7 3 7 2 9 7 6 6 8 7 9 4 2 10 4 8 3 4 2 4 3 5 4 8 10 1 9 3 5 6 4 6 7 2 3 1 10 2 3 3 9 2 3 10 6 1 2 1 5 4 8 8 5 5 9 6 8 1 7 2 1 10 7 3 3 2 1 2 10 4 3 4 2 2 7 9 4 6 10 8 6 10 10 6 9 5 7 6 3 2 4 8 6 3 5 3 8 5 6 5 4 10 6 10 10 3 7 6 7 8 10 10 7 7 4 7 9 5 6 9 8 4 6 10 1 2 6 10 5 6 10 5 5 6 9 2 9 7 3 9 7 8 7 10 5 10 3 6 3 9 7 2 2 2 1 5 7 9 1 6 1 1 1 2 5 4 3 2 9 1 1 10 10 8 5 5 8 1 2 7 3 9 1 9 9 4 8 10 10 9 7 2 3 1 4 10 1 4 4 3 6 1 5 1 5 5 9 5 7 7 9 9 6 9 4 9 9 5 5 2 6 9 8 6 10 5 5 1 10 10 5 8 5 5 5 5 3 8 9 10 4 3 3 6 10 7 3 5 2 5 1 10 6 6 8 6 4 8 2 5 9 4 4 3 8 8 10 4 10 9 9 3 10 9 2 5 7 8 1 1 3 1 7 2 2 1 9 4 2 10 10 7 5 6 9 7 1 4 4 5 7 8 5 4 5 7 8 6 2 1 8 4 6 6 3 9 1 7 2 6 4 6 8 7 3 6 4 2 5 6 4 4 5 8 10 1 10 6 9 10 1 5 8 3 4 7 6 7 2 3 6 5 6 7 9 7 6 10 9 1 8 5 1 6 1 10 5 2 3 7 8 6 7 1 7 2 9 8 6 2 2 3 3 2 2 5 3 1 7 2 1 7 1 8 9 2 8 7 1 5 9 10 3 1 8 10 1 9 4 2 9 8 4 7 3 10 10 5 3 1 6 10 8 8 3 7 6 1 10 7 5 1 7 6 9 4 10 4 2
1 1 2 6 5 10 2 7 5 2 4 1 6 6 2 9 5 8 10 3 7 4 7 8 6 4 5 4 2 4 6 4 1 10 10 6 4 4 7 10 5 6 5 5 10 3 10 1 1 10 2 2 2 9 8 5 8 9 5 2 9 9 2 9 9 9 3 1 3 10 4 3 10 6 9 2 4 9 3 1 3 8 10 5 6 5 4 5 2 2 6 4 1 1 4 4 2 2 5 9 7 9 6 10 8 1 5 8 1 7 6 9 10 2 10 1 4 3 3 3 10 6 6 10 3 8 10 6 5 10 3 2 8 8 3 6 10 10 6 2 7 1 5 2 2 9 4 5 7 3 5 8 3 2 6 2 6 6 8 7 2 7 8 1 6 9 9 8 8 2 10 3 5 7 8 10 5 7 7 7 5 4 10 6 10 8 1 8 5 7 6 9 8 2 4 4 8 5 5 3 7 1 4 2 4 1 10 5 6 8 7 2 7 2 8 6 2 10 9 10 8 8 3 7 6 9 1 2 6 7 5 10 5 10 4 9 3 8 1 9 7 4 4 1 9 5 1 1 9 8 5 7 1 7 8 1 9 1 8 6 8 6 10 3 1 9 6 9 7 2 4 10 5 1 10 3 6 1 2 10 4 6 9 4 3 7 3 9 6 10 6 6 8 10 7 2 6 8 3 3 4 1 2 4 1 7 10 9 10 6 1 3 9 6 10 3 4 5 10 8 6 10 8 9 5 5 8 2 5 6 3 10 2 3 3 2 8 8 6 9 8 1 6 10 4 5 9 8 5 3 4 8 5 10 7 8 7 8 1 7 6 4 2 9 10 1 5 10 4 9 4 1 4 2 2 6 6 7 7 7 5 5 9 4 8 4 5 6 6 4 1 4 10 5 1 2 1 7 7 8 6 5 8 10 4 4 6 1 7 9 7 8 6 10 6 1 6 2 2 2 5 7 4 7 2 5 1 4 1 10 2 1 9 7 1 1 6 9 3 10 7 5 7 8 3 4 10 5 10 9
2 10 9 4 1 10 2 5 3 7 1 2 9 9 10 7 3 6 5 9 6 3 4 8 9 9 10 8 4 2 5 9 1 10 3 10 1 1 9 9 3 1 1 9 5 7 8 9 8 4 6 4 7 4 6 10 1 6 5 7 8 3 8 5 8 6 10 8 7 6 10 7 6 7 10 7 1 7 5 1 7 6 8 7 3 4 9 6 5 8 3 8 1 3 4 5 8 1 4 5 9 8 1 1 3 9 4 2 2 7 10 1 1 1 8 7 10 10 5 2 2 6 2 3 10 5 9 1 6 5 9 6 8 3 10 7 1 10 5 9 5 4 5 8 7 5 8 9 8 6 6 2 3 7 5 5 7 3 2 2 7 2 1 7 8 3 4 9 6 8 7 9 7 2 1 1 2 9 2 5 6 2 4 2 9 4 8 7 1 1 3 9 2 8 1 10 2 5 6 7 5 3 9 2 9 3 2 7 3 5 1 7 1 1 1 3 4 9 4 8 10 8 8 7 4 6 5 1 8 1 3 2 4 9 7 5 3 8 9 2 10 9 4 8 9 8 1 8 8 6 2 5 7 6 10 3 1 9 5 4 3 1 10 2 8 3 10 1 5 6 4 4 7 8 7 2 1 2 1 1 10 2 3 2 1 6 3 9 9 4 7 6 6 2 9 9 9 1 6 10 10 5 10 5 8 5 9 2 3 5 5 1 8 9 2 5 10 10 7 10 9 8 1 6 6 10 1 4 3 2 6 10 8 4 1 8 7 1 6 3 3 1 7 5 3 2 6 8 9 10 5 3 10 5 7 5 8 1 6 8 3 3 5 2 9 4 5 3 3 10 9 1 10 4 9 4 2 2 8 6 4 6 6 8 4 1 7 5 2 9 8 9 8 10 3 4 4 1 7 6 2 1 5 4 10 5 9 10 1 10 4 7 2 4 8 3 2 5 5 3 3 6 8 3 10 3 9 3 5 9 1 5 9 7 3 9 8 10 7 5 9 5 4 3 8 4 8 5 8 4
1 4 9 7 4 10 7 2 8 9 1 4 3 9 8 5 2 9 5 5 10 7 8 1 1 7 9 3 3 10 3 6 8 4 8 8 7 7 4 8 2 7 9 8 2 4 4 3 10 4 10 10 3 9 7 9 8 10 1 3 4 6 3 2 4 4 8 6 6 9 5 6 2 4 6 2 7 4 4 6 4 8 10 9 8 7 10 2 1 5 10 2 4 5 6 1 10 4 3 3 4 8 8 3 9 6 10 2 3 4 9 4 3 4 10 7 7 1 5 5 7 6 6 2 5 8 8 10 2 4 5 8 10 5 9 4 8 7 1 10 4 5 1 7 3 8 10 8 8 5 1 2 6 4 5 2 5 10 4 5 10 5 1 3 5 7 10 3 8 5 9 9 3 1 5 2 3 9 4 5 5 1 6 10 7 4 4 7 4 6 2 3 7 5 3 6 7 2 4 5 7 1 6 9 6 7 2 9 7 3 10 9 7 1 7 7 5 7 5 1 6 2 6 2 6 1 3 9 9 7 10 3 4 5 7 1 6 2 1 3 3 5 3 8 6 9 6 8 9 7 8 4 8 3 10 5 1 7 6 4 1 10 7 4 6 6 3 7 1 1 5 2 6 5 4 5 9 4 2 6 3 10 8 8 6 4 7 2 4 5 8 8 9 1 10 10 3 8 8 3 5 6 3 5 10 3 8 2 4 6 4 1 7 3 3 10 5 7 10 8 2 1 1 4 6 9 7 5 7 9 5 9 5 4 4 2 6 7 6 3 1 3 3 1 9 8 8 9 1 1 1 5 10 3 4 7 8 6 7 3 1 2 8 3 1 9 6 8 2 6 10 2 7 8 5 5 7 3 9 6 8 5 6 9 3 7 4 1 9 2 4 5 8 6 1 10 5 9 4 5 6 2 3 1 3 9 8 6 10 1 3 9 7 6 3 8 4 4 2 2 5 8 1 8 8 10 6 6 10 5 8 2 7 7 7 8 2 7 9 9 8 9 9 2 9 6 9 5 5 7
3 1 9 7 10 8 8 5 5 1 5 2 4 6 3 6 3 8 2 10 6 3 5 2 5 7 9 7 6 6 6 9 1 3 3 1 3 9 4 4 3 9 1 7 6 9 8 6 1 9 3 9 5 8 5 2 6 3 9 7 5 9 9 10 3 2 4 8 6 4 6 10 5 9 5 9 3 3 10 7 2 9 1 1 10 4 5 6 3 8 9 8 4 3 7 6 8 8 2 6 4 5 4 6 6 7 3 1 10 10 6 4 10 9 4 2 10 4 10 5 9 10 10 6 3 5 8 6 9 10 3 2 9 8 8 1 10 8 3 4 5 10 7 4 7 6 5 8 3 5 1 9 7 6 9 2 5 3 1 8 4 10 5 2 8 3 3 10 8 10 9 5 6 8 5 2 7 8 1 4 2 5 5 8 9 1 10 9 7 8 5 3 4 9 7 2 10 3 10 10 3 1 5 4 6 7 7 4 1 9 9 8 6 5 2 2 4 7 2 7 6 2 7 1 10 3 5 8 9 8 6 5 3 9 6 2 3 9 10 4 10 10 2 3 2 1 8 7 2 8 10 4 7 10 8 2 7 6 2 5 9 4 3 8 6 7 5 2 2 10 10 8 8 9 10 7 1 5 1 5 4 3 10 9 3 3 7 4 2 8 3 10 2 1 10 4 4 5 8 6 5 10 3 5 2 5 1 7 6 9 8 8 7 6 6 2 9 10 7 5 9 8 1 5 9 3 10 4 9 2 1 1 6 6 5 10 9 3 9 4 7 10 8 3 1 3 9 7 9 8 4 6 6 5 3 7 6 1 4 7 1 2 7 7 9 10 10 6 2 6 6 8 9 9 4 3 5 2 7 4 10 1 4 8 9 6 2 8 8 2 8 7 1 10 10 3 3 1 5 3 5 1 2 2 9 10 5 7 5 5 5 6 5 5 5 1 3 5 5 1 7 1 10 3 5 5 7 1 1 3 9 7 9 10 3 9 5 6 7 4 8 6 5 7 8 2 5 6 1 1
5 9 10 3 10 6 7 5 5 3 5 9 3 7 8 2 2 9 10 5 2 8 5 7 4 8 5 1 7 8 8 7 2 6 9 1 8 9 8 10 6 3 6 10 6 2 2 1 2 6 3 5 5 9 3 10 6 8 4 3 10 8 2 1 9 7 6 7 3 7 5 9 2 6 7 8 10 10 6 2 6 4 4 6 6 9 8 2 7 7 8 3 3 4 7 3 6 2 4 8 8 9 6 4 8 7 6 8 1 1 3 4 5 8 7 4 2 5 8 9 4 1 5 8 3 4 2 7 9 5 10 8 4 6 7 9 5 3 9 4 6 2 10 4 3 7 3 7 10 10 10 10 5 2 3 9 3 2 7 4 8 10 8 6 1 8 7 6 8 6 7 1 10 7 10 9 4 1 3 5 1 8 8 3 8 9 7 3 2 2 1 9 2 10 5 9 2 6 10 5 5 10 4 1 10 1 5 10 8 9 10 4 1 2 9 5 8 7 4 1 3 8 4 1 4 3 2 5 4 9 6 1 8 4 10 5 1 4 6 5 4 8 4 4 8 7 8 8 9 3 3 9 3 7 7 9 9 9 1 8 5 8 1 1 8 5 2 6 9 7 8 1 2 7 4 6 4 6 4 4 1 5 5 4 9 2 10 8 5 7 1 5 10 2 3 6 8 9 8 2 8 1 3 7 4 6 4 9 4 8 8 10 3 8 2 5 7 7 6 4 5 7 3 3 7 10 4 9 4 2 1 5 8 8 7 1 8 9 9 5 5 1 9 9 1 10 1 9 4 2 7 9 8 3 6 3 10 1 5 4 5 8 1 1 7 4 7 7 10 8 1 10 8 2 7 1 3 5 3 3 5 8 5 5 1 3 10 10 5 4 8 3 1 4 5 9 3 6 7 1 3 5 9 3 5 4 2 9 4 8 10 7 7 10 10 5 2 5 3 3 3 1 3 5 5 6 2 6 10 1 6 6 3 8 7 7 5 5 4 4 2 10 9 3 9 5 4 1 6 6
1 9 1 2 1 8 2 8 4 1 1 10 5 4 10 8 7 1 2 5 9 3 8 2 6 2 5 5 10 4 6 1 9 2 1 3 1 10 6 10 1 3 4 8 9 6 6 3 9 8 8 3 1 10 1 1 8 5 8 9 8 9 10 3 8 8 10 6 1 1 4 1 8 3 8 5 1 5 10 7 6 7 6 7 6 6 10 1 1 8 9 4 4 10 6 7 2 4 9 5 6 2 3 10 7 4 5 9 6 9 4 3 5 4 5 9 3 8 1 6 5 2 8 7 6 4 3 8 9 5 4 7 6 5 2 8 1 1 2 5 1 2 3 8 8 4 10 3 2 8 1 3 8 5 6 9 10 4 4 10 9 4 2 4 9 8 9 4 6 10 5 3 3 8 10 10 5 10 5 2 4 1 1 1 7 7 5 2 7 1 8 1 8 9 8 8 3 8 7 1 10 6 1 3 3 7 4 3 6 8 2 7 5 5 5 1 10 6 10 2 1 9 9 9 2 8 7 1 1 4 4 6 1 7 9 9 7 2 8 2 6 5 6 7 10 4 1 4 6 6 10 9 2 9 9 7 9 2 6 7 5 9 6 7 1 4 3 1 10 4 4 5 10 5 8 5 5 5 10 10 10 4 9 4 5 5 10 7 1 10 9 4 5 8 7 4 5 5 7 6 2 2 6 3 2 8 3 10 7 10 7 5 6 1 9 9 6 8 8 5 1 9 4 6 2 3 4 7 2 1 4 9 3 9 6 3 4 4 6 4 9 3 10 2 7 9 4 7 8 8 9 5 4 2 2 10 6 1 7 6 1 6 10 10 3 6 6 10 5 6 6 10 10 5 5 4 10 8 4 2 7 2 10 8 8 1 2 3 3 5 5 4 10 4 7 1 5 6 10 10 2 9 1 5 3 4 8 10 6 4 9 1 4 7 9 2 1 10 6 1 6 2 3 1 9 3 7 8 2 6 5 7 9 6 4 9 4 1 6 5 7 8 1 4 3 7 3 3 10 9
2 10 3 6 1 10 3 7 6 9 10 10 3 7 3 3 7 7 5 9 7 1 2 1 5 4 9 2 7 2 6 4 6 7 9 1 5 3 1 8 7 8 6 10 10 8 3 9 6 9 10 1 7 1 5 9 6 6 6 2 1 7 5 7 5 7 6 1 2 9 1 3 7 10 8 7 3 8 4 2 9 9 5 1 10 5 8 1 4 7 8 10 4 7 4 2 10 10 4 10 8 6 4 10 8 9 7 10 9 2 3 5 5 10 4 3 8 1 5 6 9 1 2 3 10 2 2 2 2 6 6 3 2 4 5 5 9 5 6 6 3 2 10 3 5 2 3 6 4 4 2 2 7 8 7 6 4 2 5 1 9 5 9 2 7 8 7 4 6 9 5 4 6 8 8 8 7 6 5 5 2 10 4 2 6 5 2 8 5 3 9 10 7 8 3 7 1 7 7 8 9 5 7 1 9 3 7 9 6 4 2 1 7 10 6 7 1 3 9 6 4 2 6 5 3 4 7 4 8 10 8 5 6 9 3 3 10 7 6 8 9 10 5 2 5 9 3 2 2 10 10 8 6 10 10 3 8 1 3 1 9 8 9 9 5 9 5 10 10 5 4 4 3 5 5 10 3 5 5 8 3 4 10 10 9 5 9 6 6 4 7 1 8 5 5 6 10 6 3 6 10 1 9 4 3 2 7 9 3 2 2 1 4 5 7 1 9 7 3 6 2 9 2 6 8 2 8 7 8 8 7 3 10 3 3 8 6 9 4 10 6 6 4 10 2 1 1 10 3 9 2 7 3 10 3 10 7 4 5 8 8 1 2 10 2 6 6 2 4 8 8 9 10 2 10 8 3 9 2 7 4 3 2 4 7 2 10 5 4 2 2 5 5 8 2 9 6 6 10 5 7 4 4 10 3 3 10 2 5 9 2 7 1 10 2 1 10 5 7 4 10 5 5 5 3 5 7 6 7 9 7 3 6 10 8 7 7 5 4 5 3 6 5 7 5 6 5 4 5 5
3 6 1 2 10 8 1 9 8 10 2 8 6 10 8 3 3 7 10 7 4 6 6 2 9 3 10 4 8 10 2 8 10 1 8 10 4 3 1 3 7 8 9 9 9 3 6 10 5 4 9 7 3 4 1 7 2 2 3 5 9 7 2 3 10 9 1 6 2 4 9 3 9 6 6 10 2 1 3 10 2 3 9 10 6 5 2 5 1 3 10 6 1 7 8 6 4 6 3 8 8 1 8 9 7 10 8 2 4 2 9 5 2 4 2 4 8 3 7 3 10 5 3 1 1 9 8 3 4 2 2 6 4 7 6 5 2 2 1 3 2 1 3 4 4 3 8 3 2 9 9 9 3 10 5 5 7 2 4 7 6 5 2 3 10 3 4 8 3 10 8 10 6 9 10 5 1 7 1 4 8 6 1 8 4 2 1 7 5 4 9 8 3 1 9 2 3 10 1 1 6 10 10 10 9 10 9 3 1 1 3 7 4 2 3 10 9 8 4 5 7 8 4 9 10 7 10 5 3 2 8 6 7 3 10 9 1 9 4 3 3 4 4 10 8 5 8 3 7 6 7 10 10 9 4 6 6 5 8 3 9 1 9 3 8 6 5 8 10 4 9 2 2 10 6 3 10 1 6 2 6 9 2 9 4 5 2 1 3 1 2 5 7 8 3 1 8 4 3 10 5 10 5 6 9 7 1 6 6 5 3 6 1 10 2 9 6 3 9 3 7 9 6 2 6 8 7 10 4 5 7 5 1 6 5 3 9 8 4 10 8 9 9 3 1 10 7 3 2 2 5 5 1 9 6 9 9 3 1 6 1 9 5 10 2 10 3 6 3 3 2 9 1 4 1 7 5 9 5 2 2 1 3 8 5 2 8 1 6 7 6 7 3 8 7 8 6 4 7 10 10 6 2 10 4 9 10 5 6 4 8 3 5 1 8 9 8 3 5 10 9 10 4 3 1 3 8 4 8 1 2 1 7 4 9 1 1 3 9 1 9 4 8 6 5 8 9 9 10 7
3 7 7 10 4 8 9 3 4 9 6 6 8 5 10 3 4 8 2 4 10 7 3 9 9 6 3 4 9 6 8 5 7 9 2 5 6 9 6 3 3 1 4 1 4 5 10 9 7 5 3 2 7 2 2 10 4 5 1 2 1 8 8 1 3 6 1 10 8 8 4 6 8 3 7 1 10 1 1 3 2 5 6 9 1 7 9 5 9 8 7 5 3 5 6 10 9 7 8 1 3 8 9 9 3 5 1 3 8 2 2 10 3 10 7 4 2 5 7 6 1 3 7 10 5 8 4 6 9 9 8 6 9 10 9 6 2 4 8 9 8 5 3 8 1 8 2 2 3 8 9 8 6 5 8 2 6 3 7 6 4 6 3 5 2 1 3 5 2 10 9 7 4 3 1 1 6 3 2 9 3 3 7 8 3 1 5 9 3 3 1 1 3 1 10 8 4 5 1 10 2 8 5 6 5 2 6 7 1 4 5 7 10 4 5 5 1 5 6 9 1 4 8 4 8 2 8 6 9 9 5 2 6 3 1 3 9 3 2 10 3 3 6 1 6 7 7 2 10 5 2 10 10 4 4 1 5 3 2 9 3 10 4 7 2 2 7 6 1 5 8 3 7 8 7 8 4 6 7 5 2 2 3 2 10 1 5 2 10 4 10 1 3 6 5 3 10 3 4 10 5 10 3 9 7 9 2 7 3 10 4 10 7 5 6 4 3 10 9 3 4 7 4 3 2 3 6 6 4 9 5 9 5 1 4 2 9 3 5 2 1 9 2 1 7 8 2 4 7 10 3 4 3 3 1 1 1 2 7 7 1 3 4 1 6 8 6 3 8 1 7 3 7 8 1 2 3 3 9 7 1 2 1 4 6 10 3 1 3 2 9 6 10 10 6 3 4 7 2 10 6 2 6 3 6 1 4 9 9 8 4 3 5 8 10 3 8 10 2 9 6 4 8 7 3 3 5 7 8 9 2 10 4 5 5 8 8 1 8 9 10 6 5 2 1 3 3 3 10 5
1 9 9 2 7 9 2 6 8 2 5 7 10 6 5 10 5 9 8 2 8 1 10 5 9 6 8 1 1 3 9 4 4 5 7 7 8 3 9 7 10 4 3 8 6 3 1 10 6 10 3 9 2 5 5 10 10 10 8 3 7 7 3 6 10 7 8 5 10 2 8 1 7 9 10 7 2 9 4 5 4 8 6 8 10 8 4 10 2 8 1 3 3 5 1 4 3 2 9 7 4 8 9 5 5 5 2 1 8 8 2 5 3 3 1 9 7 1 3 7 7 5 8 2 5 3 7 10 7 7 10 7 3 2 7 5 6 1 10 3 10 7 1 10 4 3 6 3 2 3 7 6 3 2 7 8 6 5 2 6 8 10 7 10 8 8 6 7 2 8 3 8 3 4 6 9 3 8 4 3 3 8 2 9 7 4 6 6 5 6 5 8 8 9 7 1 5 7 1 4 10 6 6 8 1 7 1 4 8 8 2 1 3 3 6 9 10 2 9 7 4 2 2 10 10 2 5 10 3 9 9 7 7 6 6 9 6 1 5 6 9 4 7 10 1 4 5 4 9 7 5 2 10 5 1 1 1 4 5 4 7 6 10 9 5 8 6 9 10 6 10 3 9 2 6 5 6 2 5 6 7 8 1 2 10 5 3 10 4 1 2 9 1 4 5 1 2 4 6 2 9 10 10 3 4 1 3 5 9 6 2 2 4 3 3 7 9 5 1 9 4 4 9 6 7 4 9 6 1 1 2 2 8 9 2 6 7 8 9 10 6 2 5 4 4 9 8 6 10 7 8 10 3 5 6 9 10 8 6 1 4 3 5 1 9 2 10 6 8 1 6 1 8 10 7 9 3 6 7 3 1 1 10 9 1 6 9 8 3 2 6 2 5 9 10 8 7 2 7 3 8 6 6 10 10 7 8 9 9 7 3 8 9 7 7 6 8 4 4 5 7 7 5 6 1 4 7 5 3 5 10 4 9 10 5 8 9 5 10 2 8 4 4 6 2 1 5 10 5 1
5 10 3 4 6 5 6 1 9 8 2 10 5 9 5 5 3 5 3 10 6 3 6 10 6 1 10 3 1 7 9 9 9 10 7 8 5 6 1 7 3 10 3 1 10 5 5 2 8 6 8 6 3 6 5 1 4 7 1 9 7 4 8 2 4 10 1 2 9 6 1 10 2 7 9 7 6 4 8 5 4 6 6 3 7 1 2 9 3 2 1 4 9 7 2 1 7 4 1 3 10 1 9 6 2 4 5 2 7 6 9 1 3 6 10 5 3 1 10 1 6 2 4 5 8 1 2 3 1 9 6 7 8 2 3 8 7 5 4 7 2 8 6 1 8 5 6 7 5 1 5 2 2 7 4 10 2 9 1 9 7 9 5 3 7 1 6 9 2 9 3 10 6 1 4 1 6 10 3 4 1 2 1 9 1 4 7 3 1 4 4 10 5 3 5 5 7 8 7 5 6 10 5 2 1 1 7 10 8 10 5 10 4 10 8 7 1 10 4 3 10 9 7 9 7 9 7 7 3 10 8 9 10 1 6 9 7 9 2 1 2 7 3 2 6 3 8 10 5 5 10 8 9 7 10 8 10 8 4 6 9 6 5 8 4 10 5 4 6 9 1 10 10 7 6 9 7 2 2 7 8 4 8 1 3 5 9 1 2 3 7 5 6 9 6 4 3 3 7 1 9 4 4 8 7 8 8 3 1 9 8 1 5 6 5 10 4 1 5 9 3 7 7 3 10 8 4 1 3 9 4 6 7 1 7 4 9 5 2 8 6 3 4 9 6 8 9 10 8 10 2 10 5 5 1 6 4 2 1 9 7 2 1 6 4 10 5 9 3 2 3 4 6 5 4 1 5 1 3 9 3 5 6 10 3 10 1 7 2 10 6 9 7 9 9 2 9 3 10 4 6 3 4 4 3 4 10 10 10 7 5 6 7 5 1 3 5 6 2 6 9 7 8 4 4 7 5 8 3 4 6 10 4 3 3 1 8 6 7 3 10 5 5 5 8 4 10 6 2 10
1 7 8 6 8 4 7 9 2 9 1 8 3 5 3 3 4 8 5 9 1 2 9 2 3 9 8 4 7 7 5 9 10 6 1 6 9 9 9 7 4 6 6 9 2 3 6 5 10 3 1 2 2 7 4 7 8 8 2 8 4 7 1 6 4 7 9 6 3 10 6 7 5 6 8 5 5 9 1 9 7 8 4 7 3 9 8 3 1 3 9 7 4 8 4 6 7 3 3 7 4 1 4 3 8 10 9 6 2 2 7 6 5 7 4 2 4 2 6 3 4 1 2 9 5 6 4 3 9 3 4 7 2 5 7 2 8 7 9 10 8 5 2 1 2 7 6 5 10 6 1 2 6 7 5 2 2 5 7 5 5 5 10 1 10 9 6 4 2 7 2 3 5 7 10 8 10 3 10 2 3 8 10 8 3 2 9 7 8 10 8 8 10 3 9 6 5 5 1 3 4 8 5 8 2 6 3 2 1 3 7 10 9 2 7 8 7 9 3 6 3 3 7 8 5 5 8 9 6 7 10 3 7 3 2 7 7 2 10 6 5 4 1 8 3 8 7 5 6 8 6 1 8 10 5 8 1 10 9 2 5 8 8 4 5 1 1 3 7 1 8 1 2 3 3 1 6 8 10 1 1 3 3 2 10 2 3 8 10 2 2 8 3 7 10 9 2 2 3 7 5 8 8 7 7 2 9 10 3 4 5 3 1 1 10 3 6 10 3 1 7 9 1 1 9 10 9 5 7 10 6 4 3 10 6 9 9 4 6 6 6 2 9 5 7 1 1 10 5 5 7 9 3 9 1 5 1 9 7 10 8 5 9 6 9 7 1 6 5 5 4 5 10 10 8 10 3 5 4 6 1 1 8 8 8 10 6 8 3 4 6 2 10 9 9 6 8 6 6 1 2 8 8 7 1 8 1 5 4 8 7 8 5 9 6 1 5 6 4 5 10 9 3 2 4 10 9 6 1 10 10 2 9 3 2 2 6 7 4 8 7 4 10 2 8 3 10 7 10 8
3 1 6 7 6 9 9 4 6 4 8 7 8 8 2 9 4 1 6 6 9 1 4 7 10 1 4 10 8 10 8 8 2 2 10 4 7 5 4 9 1 6 9 7 7 4 10 6 8 7 6 1 5 4 8 9 3 10 7 3 5 1 3 2 7 3 7 10 5 10 6 8 7 8 2 8 4 6 4 2 7 7 5 5 10 2 9 7 3 7 6 9 5 1 10 3 9 9 1 5 4 5 7 2 10 10 2 5 5 3 4 2 7 6 10 9 3 6 3 6 3 2 9 8 10 3 1 1 2 9 10 3 5 6 10 6 2 9 3 2 8 10 3 2 4 6 7 4 5 10 2 9 4 6 10 5 5 6 10 9 7 4 4 2 3 9 8 6 9 10 5 9 10 7 3 7 10 9 9 4 1 3 3 7 2 10 5 9 1 4 9 9 7 1 5 3 7 9 10 8 6 1 6 7 1 6 6 5 10 7 4 8 5 3 1 1 7 2 6 6 4 2 8 1 7 2 3 1 9 3 9 1 4 7 1 4 9 10 3 8 9 4 8 7 7 1 7 2 9 3 2 1 10 2 9 2 6 5 8 8 2 6 10 8 4 5 3 7 10 10 10 2 5 8 5 6 10 4 5 6 3 8 5 2 10 3 6 4 6 5 3 10 6 9 4 7 7 6 4 4 5 8 7 6 8 5 6 9 8 10 4 9 6 4 6 8 6 6 7 9 6 9 7 3 4 3 1 1 9 10 3 7 8 2 6 7 3 5 5 5 9 4 2 2 5 2 6 8 7 9 5 6 2 1 3 2 8 8 9 4 9 6 1 9 9 6 9 3 3 1 1 9 8 9 4 4 1 9 2 7 6 9 6 5 8 7 10 4 3 9 3 3 10 7 7 8 5 2 4 3 6 2 7 10 1 5 7 1 8 2 2 6 4 5 5 6 3 9 4 9 7 10 3 4 7 7 9 1 3 8 9 4 9 7 7 7 3 4 1 7 3 7 6 6 5 1 6 8 4 3
3 9 2 1 2 10 2 8 9 4 1 5 7 4 7 5 3 5 3 7 8 8 9 2 9 10 6 3 4 2 4 5 6 5 2 2 9 5 1 2 8 10 8 6 2 3 9 3 8 3 7 6 2 10 8 4 4 7 9 3 10 3 9 8 1 8 10 9 3 9 2 6 9 3 8 1 6 9 1 9 6 10 7 1 2 3 6 5 8 5 2 3 9 4 1 8 9 3 5 8 3 8 5 2 3 7 9 5 7 9 7 7 3 9 10 7 5 10 4 10 5 4 5 9 1 6 2 8 9 6 9 5 3 7 6 4 6 4 7 9 8 1 6 9 7 1 4 2 6 1 7 7 10 4 1 2 4 10 8 2 4 10 5 1 10 3 4 6 5 5 5 6 7 6 8 9 10 2 10 7 3 10 2 6 5 6 2 10 7 8 4 4 5 5 4 10 8 8 9 6 9 9 5 9 10 2 9 4 7 3 9 8 3 9 5 4 2 6 4 5 1 5 10 4 9 4 9 7 1 10 2 6 2 6 8 3 5 5 6 7 8 3 1 6 8 5 9 2 1 10 7 7 10 3 8 6 7 3 9 3 6 2 9 8 2 5 2 8 4 1 5 4 6 9 10 9 2 1 6 1 3 3 5 1 8 1 5 7 6 4 6 5 2 6 6 10 2 5 9 10 5 9 2 2 4 7 3 6 6 7 10 2 4 5 1 9 2 7 10 5 4 7 8 9 8 3 7 6 10 1 2 9 1 3 8 4 4 4 10 9 2 1 9 1 8 7 7 2 1 9 1 3 4 8 10 9 7 8 9 6 2 9 6 3 3 7 3 8 4 3 5 9 6 6 4 4 1 1 7 5 3 10 10 4 5 8 10 7 6 7 4 7 7 8 6 9 8 1 4 3 7 2 9 3 7 8 5 5 8 10 3 10 3 10 8 1 8 6 10 5 3 6 4 1 9 7 1 5 3 7 6 5 9 10 5 4 6 8 5 9 4 2 1 7 3 6 10 8 5 1
4 6 8 7 7 10 4 8 9 6 6 8 6 1 3 5 10 5 1 2 1 4 1 7 5 8 4 6 3 5 7 7 9 8 6 8 1 3 4 10 2 5 3 5 1 10 7 10 5 1 2 5 4 4 8 7 9 1 7 9 10 5 2 2 3 2 6 6 10 6 8 6 5 2 8 6 5 6 3 8 10 4 9 2 6 8 5 7 3 8 10 5 9 4 10 1 3 8 4 6 5 2 6 9 10 6 2 3 1 4 4 2 7 5 2 9 6 6 7 6 3 2 5 2 4 8 4 6 1 2 2 7 6 8 4 7 8 2 6 7 2 1 4 1 7 5 1 8 5 4 10 3 5 3 9 7 7 10 2 2 6 7 7 10 5 6 8 1 3 8 4 5 1 6 8 1 7 5 8 5 6 2 2 1 6 1 10 9 4 8 7 3 8 1 3 10 7 1 9 4 2 5 1 3 8 7 3 7 10 5 3 2 8 1 4 8 5 3 6 8 9 9 3 7 1 8 4 10 3 1 10 2 2 7 1 6 2 1 6 9 10 7 2 7 6 4 2 3 7 10 7 8 6 7 7 2 8 8 9 8 1 4 4 3 3 4 8 10 7 10 4 7 2 3 2 10 1 10 8 4 9 5 4 2 7 1 2 2 5 3 7 4 4 6 4 4 6 10 5 2 3 7 1 2 3 7 10 5 4 10 9 7 10 3 10 1 6 3 6 10 5 6 8 2 6 2 7 8 1 3 10 10 2 8 8 2 7 4 6 5 6 9 8 7 5 7 5 5 3 6 10 8 7 9 1 10 6 2 3 1 2 4 10 9 2 5 5 8 8 3 10 4 2 8 9 8 10 9 6 6 7 10 2 7 4 5 2 9 3 6 8 4 2 7 9 4 10 7 9 1 6 7 6 7 2 2 10 1 9 2 4 2 4 1 7 10 10 1 3 4 5 5 5 7 4 4 1 5 8 7 4 6 1 1 9 7 7 1 6 8 9 9 10 1 2 3 5 5 1 8
1 8 5 1 3 1 1 9 2 5 7 8 2 4 1 10 10 3 5 10 2 7 10 5 6 8 10 9 4 9 1 8 2 3 10 1 2 6 2 10 8 7 5 10 7 5 5 7 10 2 7 8 2 7 6 3 8 4 10 9 7 7 1 2 1 6 2 5 1 6 4 3 4 7 9 2 3 2 10 3 7 9 6 5 5 9 8 6 10 5 7 3 3 2 7 4 8 10 7 8 1 2 5 8 1 6 10 6 2 3 3 10 3 7 7 9 7 8 3 4 7 8 8 8 4 10 1 7 9 5 6 7 10 5 9 6 3 9 10 1 1 4 3 6 1 9 6 8 6 7 6 6 5 6 2 8 9 10 3 8 4 8 8 6 9 2 1 4 7 2 6 1 3 2 9 4 5 8 1 1 8 2 4 4 6 5 5 1 10 3 1 10 6 10 8 4 4 1 3 9 9 1 2 10 4 10 2 7 4 1 2 9 2 5 9 8 8 8 5 5 7 9 4 10 3 7 4 1 7 8 2 9 6 1 5 2 6 6 10 10 7 6 2 9 7 7 9 7 5 10 8 1 5 5 5 9 6 3 7 7 8 4 6 9 7 4 6 8 6 6 6 4 4 10 7 1 10 4 3 6 8 7 4 6 9 2 5 5 5 4 4 7 2 7 2 1 1 8 10 5 7 1 10 2 6 3 7 4 4 4 8 6 2 2 1 9 9 5 3 2 2 2 6 9 5 8 5 8 1 4 7 1 1 2 4 8 2 10 9 1 1 1 2 9 3 8 3 7 10 7 2 3 9 6 7 4 8 9 10 10 6 10 3 5 8 2 10 6 8 9 1 6 10 10 5 2 10 2 7 6 9 2 4 5 1 6 10 6 7 10 6 7 8 1 2 6 9 7 4 8 6 7 4 1 3 2 8 6 5 2 1 6 4 6 5 5 7 5 9 8 1 8 8 2 9 4 1 9 10 5 4 9 1 2 2 10 7 1 8 6 7 9 9 7 5 8 10 10 6 8
5 1 4 6 6 10 10 10 7 10 9 1 6 5 10 4 10 5 8 9 8 8 2 2 8 4 4 2 8 1 9 3 3 5 1 10 1 3 4 2 10 10 10 6 4 9 9 6 2 10 4 8 7 7 6 2 8 7 7 1 9 7 2 4 10 8 4 9 6 9 9 10 2 5 1 10 3 1 2 6 10 9 5 10 6 5 6 6 1 4 9 5 7 9 5 7 4 8 9 6 8 6 2 8 6 5 1 1 10 3 2 9 7 10 7 4 2 3 7 1 7 3 4 4 5 9 5 5 2 8 6 10 5 5 4 8 3 8 1 10 2 7 3 8 5 10 10 1 7 4 1 5 5 3 5 2 7 8 2 7 9 5 4 1 10 9 6 1 3 3 9 7 10 8 2 9 3 6 5 8 6 3 6 7 8 10 3 8 4 4 7 7 9 10 3 8 6 8 5 7 7 4 2 5 6 5 7 10 4 8 5 5 10 8 10 6 2 5 4 1 6 9 10 5 8 2 4 8 5 8 2 3 4 4 2 10 1 3 7 10 1 8 5 4 4 7 3 9 6 7 5 1 4 8 8 2 10 8 6 2 2 2 7 3 6 6 2 10 9 5 3 3 6 6 9 3 7 4 3 6 2 1 3 8 10 5 5 10 8 6 10 5 1 5 8 1 3 9 1 8 1 4 6 5 6 4 9 9 8 9 10 6 9 3 5 6 6 3 1 7 1 5 4 7 9 5 1 5 4 8 7 3 10 3 1 3 8 6 7 7 5 9 10 10 6 10 10 7 1 7 8 6 8 8 9 8 7 3 9 6 3 1 3 10 3 7 3 4 4 3 5 4 8 8 1 5 7 3 9 1 5 7 7 9 8 6 8 3 7 4 3 6 8 4 3 8 3 1 8 5 7 10 7 9 10 2 3 10 2 2 3 10 2 4 10 9 3 4 10 2 2 1 10 7 6 9 1 6 7 1 9 8 8 5 4 1 10 6 8 7 5 4 1 2 4 9 8 1 6 10
1 3 5 9 10 5 1 4 8 10 2 4 1 5 8 4 4 7 1 7 1 5 2 6 6 2 2 6 6 6 8 6 5 8 6 7 5 5 7 3 8 4 6 2 4 3 3 2 2 2 3 3 6 8 4 3 5 3 9 3 10 5 10 10 4 4 3 10 3 1 1 7 5 10 2 7 10 7 5 6 6 6 4 8 8 1 8 4 7 7 5 5 6 7 5 1 2 8 6 9 5 4 3 4 1 9 8 10 3 1 7 2 3 7 4 8 10 7 4 7 2 6 3 3 6 8 5 3 5 1 1 7 8 2 3 2 1 1 10 6 5 7 4 5 5 9 1 6 3 8 3 2 8 1 10 1 9 8 7 5 7 7 5 6 8 8 8 7 8 7 6 10 9 1 2 7 9 8 5 7 4 8 2 4 6 3 3 1 10 3 7 3 8 1 1 4 3 8 1 1 3 3 6 5 1 7 1 7 5 3 8 10 6 4 10 5 8 3 1 3 7 6 3 1 5 7 5 7 5 4 1 8 8 10 3 6 3 6 10 5 6 9 8 8 4 7 1 7 7 6 6 6 10 3 7 5 4 1 1 7 3 2 2 9 6 4 1 7 10 8 8 4 6 6 9 8 9 7 6 8 6 7 2 8 2 3 4 10 9 7 10 3 3 1 3 5 7 3 1 9 7 2 6 8 6 8 2 10 7 8 9 7 1 5 9 5 2 7 2 9 10 2 10 7 5 6 8 6 10 5 3 2 2 8 1 9 8 10 7 7 8 8 4 2 7 8 3 4 8 9 5 5 1 1 7 8 8 1 1 1 6 6 3 5 10 9 10 2 8 6 6 6 4 7 7 9 3 5 10 1 7 10 10 4 5 7 5 8 1 1 2 7 3 8 4 2 6 5 6 5 8 4 2 5 2 5 6 1 6 5 9 1 9 4 10 3 1 10 5 4 6 5 10 6 4 8 10 5 10 8 10 8 7 5 2 2 3 9 4 8 6 9 5 10 6 5 9 9 1 9
4 6 6 1 9 6 7 6 8 6 8 10 6 8 1 7 7 7 10 3 5 10 5 2 3 4 1 8 5 5 3 10 8 1 2 7 8 2 10 9 2 8 9 9 10 5 5 5 2 7 4 2 3 3 9 8 9 7 4 6 4 6 8 4 10 1 3 4 5 5 5 3 4 4 2 9 2 4 9 7 3 8 6 10 10 1 8 2 2 7 4 10 6 1 10 8 6 1 9 9 7 5 5 6 9 8 9 3 8 6 10 2 6 9 1 6 7 4 4 1 4 7 6 7 3 2 10 4 5 5 3 5 8 3 6 2 10 9 4 2 3 2 2 9 5 1 9 5 9 7 5 7 2 4 2 9 4 7 7 1 7 6 5 4 4 1 5 10 2 4 6 1 2 7 3 4 6 10 5 1 4 10 8 3 4 6 2 7 4 1 6 5 1 6 6 5 4 9 1 8 6 2 10 6 2 7 2 5 9 10 10 10 7 2 9 2 2 3 9 10 9 8 10 2 7 2 4 6 8 2 5 5 7 1 7 6 6 8 3 10 8 2 6 2 6 10 9 9 1 2 4 10 10 10 5 7 3 10 7 1 6 2 3 10 7 3 1 5 2 6 3 2 4 9 7 4 9 5 3 10 3 4 3 1 9 5 9 2 4 6 4 3 10 10 1 10 10 6 6 6 4 10 7 9 10 7 3 6 10 3 3 8 1 6 1 10 5 2 9 9 4 9 8 2 6 7 8 1 2 8 4 10 5 1 8 10 5 10 4 10 4 4 6 2 10 8 5 1 4 4 7 7 3 6 2 7 5 3 1 10 6 7 7 1 8 8 5 3 3 3 4 4 1 2 6 1 4 6 7 5 10 1 9 6 9 1 2 4 10 9 2 2 1 1 2 10 9 10 10 5 8 5 2 4 7 7 7 5 2 4 4 2 5 10 3 2 2 6 5 3 1 9 4 3 8 8 3 7 9 7 2 2 5 7 2 1 5 1 3 7 8 5 7 2 5 5 3 4 7 2
1 4 9 4 7 5 8 8 3 10 5 7 3 10 2 1 3 8 4 6 9 4 2 7 1 7 4 2 1 5 10 2 4 8 7 6 8 9 4 7 5 7 6 3 9 8 9 6 5 3 8 9 6 4 9 6 1 5 3 7 9 9 8 10 5 8 9 6 1 4 7 8 5 1 5 8 4 4 8 4 10 9 4 3 4 6 1 4 5 9 1 10 7 3 4 1 8 10 3 3 7 3 1 1 9 10 3 5 5 7 8 2 10 2 6 7 2 8 10 5 3 3 8 4 1 1 8 1 3 10 7 5 3 7 8 7 1 9 7 4 5 1 2 10 6 8 1 3 7 7 4 10 8 6 4 3 4 10 9 4 10 3 1 5 4 7 5 2 2 5 1 10 4 10 6 6 3 3 4 4 5 1 7 7 3 9 3 3 1 5 2 6 2 9 1 3 1 8 1 3 7 3 2 10 6 3 10 8 7 2 8 2 5 10 3 3 2 1 9 6 5 10 1 5 3 5 5 4 1 8 9 3 8 2 10 8 4 5 8 5 2 9 3 5 6 2 9 4 5 3 2 6 5 4 1 5 7 1 4 8 4 1 1 1 10 3 2 8 1 3 1 10 10 3 4 1 8 9 4 6 2 5 1 5 1 8 10 1 8 2 5 10 1 10 3 8 5 1 3 8 6 1 3 1 4 4 1 9 5 10 9 9 2 5 9 5 4 8 8 7 5 10 4 1 4 4 3 1 9 10 5 1 9 8 9 6 6 2 8 10 10 10 4 6 5 4 2 5 9 3 8 3 1 5 9 8 4 3 9 8 7 10 1 6 6 1 5 8 5 7 7 3 10 2 1 5 8 2 7 7 7 7 5 4 2 4 3 9 1 9 6 3 1 8 8 10 8 9 10 4 8 5 2 3 9 2 2 4 8 1 1 2 2 1 8 5 8 10 7 1 3 4 2 8 4 5 9 10 8 6 3 10 6 3 1 4 1 7 7 2 8 7 10 8 10 7 2 3 1 8
2 7 5 5 3 4 4 3 10 3 4 5 4 10 3 1 5 4 10 3 4 2 6 10 2 7 4 8 6 8 4 4 8 1 9 10 1 6 6 4 7 1 10 3 10 5 3 3 2 5 2 8 1 10 7 8 1 5 7 4 1 9 4 5 6 9 4 1 4 4 7 8 1 8 3 2 8 1 5 9 3 7 5 1 7 3 8 1 8 4 8 7 8 2 10 10 6 3 7 10 4 9 7 4 10 4 7 8 6 6 9 5 10 9 3 10 5 6 3 10 3 9 8 2 8 10 7 7 8 3 1 1 1 5 5 9 5 1 9 3 5 5 8 1 9 9 6 2 6 6 5 2 9 9 6 8 1 7 7 6 3 10 6 7 7 10 7 3 6 10 9 1 1 4 1 10 10 5 2 4 2 6 4 5 9 6 6 2 2 1 5 10 7 9 1 5 1 1 4 8 1 10 3 2 2 8 9 9 4 7 4 2 3 5 6 2 2 4 3 6 2 3 5 10 7 5 3 6 3 1 6 1 3 2 1 2 2 4 9 5 1 5 10 2 5 6 6 2 7 8 5 9 4 1 6 10 1 9 10 6 3 4 1 1 10 3 10 7 7 1 5 1 1 5 3 3 10 8 3 2 4 9 3 8 3 9 3 3 6 7 2 7 7 10 7 3 9 1 7 2 9 4 2 9 5 6 4 6 5 2 3 1 8 1 10 10 1 2 6 10 4 3 3 4 3 2 9 5 2 9 9 6 7 7 9 2 4 3 1 10 6 7 5 8 8 6 6 2 9 5 5 10 4 2 10 1 4 5 3 7 6 9 4 3 5 1 9 6 7 6 8 2 9 5 4 9 6 6 7 1 8 5 2 7 8 9 6 7 4 1 9 3 9 9 5 10 2 2 7 8 7 5 10 1 8 4 10 4 6 10 2 4 2 9 1 7 4 7 5 9 6 4 6 5 1 3 7 8 7 8 8 8 10 7 7 2 9 8 1 7 2 5 10 7 7 2 7 8 2 8
1 3 4 9 1 2 9 3 8 3 2 9 1 5 7 9 4 6 2 2 9 10 4 3 7 10 6 7 1 3 6 7 9 2 2 5 7 8 8 3 4 2 8 1 6 6 10 3 6 4 4 1 1 5 5 1 5 7 3 2 3 2 7 8 6 4 9 7 6 7 4 6 8 8 8 3 4 8 3 1 10 3 3 4 7 5 9 10 10 6 3 2 9 10 8 10 7 8 1 8 8 5 9 9 8 10 10 2 3 1 7 10 7 5 8 3 10 9 8 8 3 6 6 5 3 10 6 7 6 3 4 4 6 7 10 5 4 4 7 2 1 9 3 10 4 6 7 5 9 1 5 8 7 6 5 2 7 2 1 5 5 8 3 6 9 2 1 7 4 1 2 5 4 6 7 7 1 4 5 2 5 7 6 3 6 5 8 3 7 6 9 4 3 7 4 6 2 7 2 4 4 5 7 3 6 5 4 5 4 10 3 1 4 8 7 2 1 10 3 6 3 4 10 10 5 4 10 2 3 5 8 2 9 10 7 2 7 4 10 5 1 6 6 3 4 2 9 4 3 5 10 5 10 9 8 10 7 3 7 6 9 3 9 10 1 9 6 2 7 2 4 2 3 3 8 7 2 8 1 6 3 6 6 2 8 4 5 1 8 2 1 5 6 2 6 3 6 8 2 9 8 10 10 8 6 1 6 1 5 8 7 1 8 8 3 4 8 7 4 10 2 9 6 6 1 6 4 8 4 7 5 5 6 8 7 2 4 9 1 1 10 7 7 1 6 5 6 5 3 1 7 10 4 5 7 6 2 10 10 3 9 6 1 4 2 2 4 9 8 10 5 6 8 7 1 4 7 7 7 9 1 6 6 4 5 5 9 5 5 7 5 3 4 2 3 3 10 9 5 2 8 2 10 2 4 10 10 6 3 2 4 9 6 10 3 3 2 2 7 6 9 7 7 4 9 9 7 4 10 9 4 8 10 9 9 2 4 6 6 8 4 4 8 5 3 8 2 1 8 3
4 7 5 7 10 6 9 1 9 8 6 2 2 5 8 10 5 7 6 4 2 10 1 10 10 10 6 4 7 8 8 4 1 9 2 10 1 10 10 9 9 3 8 8 1 5 10 4 8 8 1 6 6 7 2 2 1 9 5 9 3 5 9 2 10 4 10 8 5 1 10 10 8 2 9 8 1 10 2 6 8 4 2 2 5 8 4 1 8 8 7 8 6 10 6 4 8 8 7 6 6 4 2 10 3 2 2 7 9 10 9 5 3 1 1 6 5 10 10 6 9 1 1 8 1 3 8 5 5 3 6 6 7 7 6 1 8 10 1 7 3 10 7 8 6 7 5 4 4 1 9 10 7 3 6 3 8 1 5 4 6 3 7 8 5 8 9 1 7 3 4 7 1 8 2 7 2 4 2 8 5 7 3 1 8 2 7 5 10 8 5 4 8 1 1 7 8 3 7 6 10 8 1 5 2 3 3 4 9 3 10 8 5 7 6 5 8 4 6 2 4 9 6 2 10 8 1 5 2 4 7 3 5 2 6 10 2 8 5 10 4 9 10 5 3 10 10 9 8 3 7 7 4 5 6 8 4 7 2 8 4 10 4 6 1 8 3 5 8 10 5 2 5 10 8 1 5 8 6 4 1 10 6 9 8 3 3 9 3 9 5 8 8 1 9 7 6 7 2 10 2 9 2 9 6 6 8 2 6 3 2 7 1 10 6 5 3 9 4 3 6 10 10 10 2 3 6 6 8 8 7 7 7 9 6 4 10 4 7 2 5 7 6 1 8 3 2 1 7 3 8 3 10 7 4 8 10 4 10 8 4 7 8 5 4 3 1 4 9 6 5 3 2 4 7 4 6 4 3 10 2 6 9 1 5 3 8 4 3 8 4 3 3 10 4 3 7 4 5 5 1 6 1 1 6 5 1 4 3 5 8 8 1 8 2 5 9 2 9 6 7 9 7 3 5 1 4 10 7 8 1 7 5 5 5 7 9 6 4 5 4 7 8 9 2 9 5 2 4 7
5 3 2 8 6 5 2 5 4 2 10 5 7 10 1 5 10 2 3 4 8 6 3 10 1 4 6 3 1 3 9 9 5 3 4 6 7 2 8 4 5 1 8 2 4 6 9 9 3 4 1 1 4 4 5 8 9 10 10 8 5 3 3 8 10 4 2 8 8 3 7 9 10 7 2 7 10 3 8 6 6 3 10 8 10 1 7 10 6 5 10 8 5 7 7 2 7 8 10 2 5 4 2 1 9 5 2 5 2 10 3 4 10 7 10 1 7 4 5 9 8 1 9 3 7 9 3 4 10 10 3 2 10 2 10 7 6 3 6 1 7 8 3 8 10 2 2 9 6 1 5 3 4 2 1 10 3 6 6 8 8 5 10 9 2 7 5 4 4 6 2 3 7 6 6 1 2 7 6 10 4 6 6 9 8 9 1 10 2 7 5 3 9 8 1 7 5 8 5 9 5 4 1 5 2 7 9 3 3 8 2 7 4 6 9 7 9 4 3 8 3 10 1 2 9 9 5 4 4 5 9 5 7 8 5 8 8 3 1 8 5 7 1 3 3 6 3 7 10 6 3 3 3 10 6 8 9 6 8 7 1 6 6 7 10 1 2 8 1 9 8 7 8 8 3 9 7 6 9 5 2 10 2 2 10 2 8 2 9 3 8 5 5 2 1 5 2 6 4 6 4 3 3 1 6 6 8 2 5 10 4 1 10 10 2 5 9 5 10 8 4 9 10 2 6 2 5 9 1 8 7 7 3 2 7 2 9 9 5 7 4 6 8 10 6 3 6 10 3 5 5 3 2 5 6 4 1 4 4 10 2 3 10 6 4 6 10 6 10 6 10 9 8 7 4 2 8 9 5 1 9 8 2 6 3 3 1 8 9 2 3 6 1 2 9 2 9 7 10 4 6 1 9 3 10 7 4 4 10 8 4 7 3 10 3 9 8 5 9 7 1 1 10 4 5 7 5 9 7 8 8 7 3 5 4 1 8 10 3 7 2 3 7 8 1 10 4 8 7 3
1 9 7 1 1 3 5 3 2 2 2 3 2 4 6 4 10 9 4 3 8 2 8 2 6 3 7 2 1 10 2 2 8 10 3 8 9 7 8 9 10 9 9 10 5 1 7 1 8 5 2 9 10 8 8 1 7 9 6 9 1 5 5 3 10 8 2 8 5 8 8 1 1 7 9 10 4 5 7 9 8 4 4 3 3 6 10 2 7 10 1 8 2 6 8 2 4 2 10 6 9 5 7 9 10 4 9 8 6 9 6 3 7 6 3 5 6 10 10 6 3 9 5 3 4 4 10 3 8 9 8 1 7 6 10 8 5 7 4 8 1 10 8 3 1 1 8 6 4 7 1 1 4 5 2 9 2 6 8 1 10 4 2 5 9 10 2 9 9 7 7 1 10 3 5 1 9 5 3 1 4 9 6 2 7 4 8 8 6 10 10 1 10 10 9 4 8 6 3 2 2 9 3 1 4 3 9 3 10 7 10 4 1 8 3 10 6 7 10 3 2 3 8 4 5 1 4 2 1 3 4 1 3 10 3 9 1 4 3 5 9 4 5 6 4 9 8 5 7 3 6 4 9 1 9 2 10 2 7 1 3 2 7 2 7 9 9 4 2 7 10 2 3 6 10 5 9 6 5 10 5 3 1 6 8 7 1 8 2 7 2 3 2 4 5 4 6 9 6 1 7 3 2 2 2 5 10 2 5 9 5 10 6 6 4 4 6 7 5 4 10 4 8 10 9 10 3 5 6 2 4 10 10 5 4 4 6 2 9 8 3 2 5 1 10 8 8 8 3 8 6 10 1 9 4 9 1 5 9 2 2 7 2 2 10 2 2 6 2 6 6 3 1 3 4 2 10 4 3 2 4 4 7 5 3 2 5 6 8 4 6 9 5 4 5 3 5 9 2 9 2 1 6 1 4 8 7 3 1 1 8 1 6 7 8 10 10 10 8 1 6 9 2 9 5 8 5 1 3 9 10 1 5 9 6 4 9 9 10 5 4 9 3 9 3 2 8 9 8 4
4 5 8 2 7 1 9 10 3 8 5 8 9 9 1 4 9 10 10 1 1 4 6 1 8 1 8 8 10 3 6 8 7 4 1 8 1 7 1 8 1 7 4 6 7 5 4 2 4 8 1 9 1 7 10 9 6 3 1 9 1 4 8 8 10 9 10 1 8 7 5 5 4 2 9 3 8 10 5 9 6 9 7 5 9 8 7 8 5 9 9 6 5 5 9 1 2 9 7 10 2 10 9 6 9 9 9 6 4 8 3 10 3 4 6 6 10 6 10 6 5 6 5 2 8 4 2 1 8 7 5 8 3 1 7 4 3 6 7 9 1 8 9 6 3 2 10 8 1 7 1 4 8 8 8 1 6 7 4 7 10 10 2 1 5 9 4 4 3 4 8 6 10 1 6 4 10 1 4 6 2 5 5 6 5 5 7 1 3 2 6 7 9 1 2 3 1 6 9 10 10 8 9 5 8 7 4 5 1 6 8 9 9 2 7 3 3 7 4 2 1 1 10 3 8 8 5 9 3 5 4 8 2 3 8 3 6 4 6 6 8 5 3 7 9 4 1 8 4 6 6 6 6 3 4 9 3 6 3 1 8 1 5 2 5 1 10 1 3 1 4 2 6 2 7 10 2 5 9 10 1 7 2 6 6 9 7 7 4 2 7 7 10 1 3 7 6 10 6 7 3 6 8 3 8 4 3 10 6 6 2 7 10 1 4 8 5 10 9 2 9 8 9 6 10 6 6 4 7 6 8 10 9 7 10 6 5 4 9 3 8 6 8 1 6 2 4 9 6 4 8 6 1 1 1 10 2 7 4 8 2 3 8 5 5 6 1 9 8 9 6 7 9 10 4 9 5 4 1 2 2 5 6 4 1 2 1 5 5 2 7 7 2 2 6 10 7 10 10 2 8 4 6 1 10 1 4 5 10 9 7 3 8 6 6 7 10 10 5 2 4 1 5 1 2 10 6 1 7 3 8 10 7 7 10 9 2 5 4 4 4 9 9 3 8 7 8 8 9 5
4 2 3 5 2 7 5 4 8 5 8 5 6 9 2 10 10 3 8 9 6 5 10 1 8 7 3 7 4 7 9 6 7 8 4 1 4 5 9 6 2 7 4 1 10 2 10 10 8 9 6 4 10 8 2 2 8 2 5 3 8 6 8 1 2 10 7 2 6 8 8 9 5 8 3 7 1 9 8 5 6 8 2 3 4 6 10 10 4 2 8 7 3 6 2 1 6 8 10 4 2 9 9 9 4 10 3 8 5 4 8 8 9 10 3 7 5 1 8 8 9 10 10 3 7 1 7 7 2 9 2 7 5 8 7 5 8 6 6 3 6 7 3 6 7 9 3 4 5 2 7 7 4 2 3 6 3 10 2 10 8 2 6 10 10 2 1 4 10 8 4 5 4 9 2 2 8 2 4 10 10 6 1 7 3 8 10 7 2 6 9 10 3 1 10 1 3 3 7 10 3 10 9 7 9 3 3 10 4 8 9 4 8 1 9 2 2 3 5 5 8 7 7 7 7 4 7 2 3 3 2 4 4 5 2 3 10 8 10 1 5 6 7 7 1 5 7 8 7 3 8 8 1 2 5 9 1 10 3 6 2 7 4 1 5 1 2 5 7 4 9 8 2 8 2 9 3 4 5 6 1 1 5 9 10 9 9 6 9 6 8 8 8 5 4 9 4 4 10 5 8 4 6 5 6 8 4 3 9 9 5 8 6 6 3 6 2 5 8 5 10 6 2 7 5 3 2 9 6 3 7 4 3 9 1 3 4 3 9 5 1 9 1 2 2 7 2 1 6 1 2 8 7 3 7 4 5 1 1 5 3 10 6 7 8 3 6 5 6 9 9 1 1 4 10 5 1 7 9 7 2 8 7 3 10 8 4 10 6 10 9 7 4 2 4 1 8 3 4 8 4 10 2 2 6 10 4 4 2 3 1 9 1 10 3 6 4 9 10 3 5 3 5 7 7 1 7 9 7 5 5 8 10 5 10 6 8 1 4 10 5 1 1 3 7 10 1 6 10 2
2 5 6 4 8 5 6 3 2 4 3 9 5 8 5 5 10 1 7 3 4 9 9 4 4 5 7 7 2 4 10 10 5 3 9 3 2 7 6 1 6 8 6 7 8 2 8 8 10 6 4 1 10 2 9 8 5 7 3 7 6 6 1 5 2 10 5 8 4 7 3 9 7 8 4 1 7 10 3 6 10 6 1 1 6 10 2 1 2 8 7 10 5 2 8 8 4 2 7 8 7 7 3 5 8 3 2 10 8 1 9 6 5 8 8 2 4 2 10 8 1 7 3 2 9 6 7 3 4 9 10 1 4 9 10 7 6 5 1 7 3 7 5 5 4 6 10 4 10 5 6 4 10 8 4 8 2 9 7 5 6 2 2 5 6 1 1 9 4 6 7 8 2 2 6 5 3 5 1 6 5 8 5 4 5 4 9 7 2 2 1 10 5 9 6 7 3 4 9 1 9 7 5 9 1 1 6 6 1 8 2 2 1 1 1 7 5 10 6 5 8 7 10 6 1 10 6 4 7 4 6 1 5 7 9 9 8 8 4 1 9 4 1 2 8 6 9 9 9 6 4 7 3 10 10 1 3 3 10 3 10 8 2 7 9 7 7 4 6 6 6 9 2 1 4 8 1 8 9 4 1 2 8 10 4 3 1 8 1 5 4 4 9 6 6 7 9 1 9 8 1 2 8 9 2 7 8 8 6 10 5 2 2 8 10 7 8 4 2 10 4 5 9 10 3 5 2 7 3 9 3 2 4 9 10 2 9 5 9 9 8 5 4 6 4 2 10 3 4 1 9 4 2 9 4 1 7 10 9 3 10 1 4 7 8 9 1 4 7 3 1 10 5 2 4 6 4 3 2 10 5 9 10 10 5 10 9 10 8 3 2 1 8 3 4 3 8 10 7 8 6 6 2 6 1 9 2 4 8 1 5 1 8 7 7 7 3 4 8 7 9 5 5 8 7 2 9 10 8 2 1 6 2 6 8 4 5 1 4 7 10 6 4 2 4 8 7 3 5 5
4 10 2 5 8 5 5 7 3 4 4 1 10 10 2 1 7 5 9 9 8 7 1 8 8 8 6 6 8 7 2 1 7 4 5 10 6 2 8 10 6 4 8 2 4 7 10 3 9 4 10 4 7 7 3 2 6 2 9 2 1 9 3 2 4 10 8 6 2 10 3 6 4 10 4 7 8 8 4 7 3 8 10 2 6 4 1 6 6 1 5 4 9 2 6 4 6 1 10 9 10 10 10 9 9 10 5 4 6 5 1 10 2 1 6 5 10 4 9 7 9 6 6 7 2 8 10 10 6 8 9 2 2 9 4 10 6 2 4 7 1 4 1 5 8 6 9 4 5 9 7 2 9 1 5 6 7 3 8 1 8 5 5 6 10 2 10 1 2 2 3 5 9 3 1 8 10 9 5 1 4 10 8 3 1 9 6 1 3 5 5 7 8 10 7 2 10 1 6 1 6 7 1 4 6 10 5 2 8 4 6 7 4 7 7 5 4 7 9 5 7 3 9 10 7 9 8 2 7 9 3 7 7 3 6 10 9 10 2 2 5 8 8 4 4 8 1 5 7 2 5 9 3 5 8 3 10 2 10 3 1 4 3 4 2 5 5 10 9 6 8 1 2 1 9 4 10 6 7 1 2 9 2 5 1 3 1 6 3 3 8 4 4 6 3 8 5 7 5 2 5 8 3 1 4 2 8 1 7 8 2 10 8 1 3 4 6 3 1 3 8 4 5 2 9 5 4 6 1 5 3 6 5 7 6 9 9 6 6 4 7 4 4 1 9 2 3 6 5 6 6 10 6 9 5 5 2 3 5 4 1 2 10 7 9 6 3 8 2 3 4 9 6 3 2 8 10 3 10 9 7 1 9 1 2 8 6 8 10 3 6 8 5 5 2 3 6 4 1 4 2 4 4 10 2 10 5 3 10 6 10 4 3 6 3 9 2 3 8 7 7 3 1 8 4 2 1 4 6 6 5 1 6 9 10 2 9 5 7 10 5 2 8 4 6 1 1 8 9 7
4 6 10 9 9 4 4 9 2 6 7 4 1 9 9 9 1 9 6 8 1 3 3 6 1 2 7 3 1 4 10 2 4 4 10 3 8 7 8 9 9 3 3 2 2 6 1 1 2 1 7 5 1 3 10 8 2 4 8 9 1 2 8 4 2 6 3 4 3 6 7 2 4 4 8 2 5 1 8 10 3 1 3 4 10 5 7 2 5 6 5 4 4 7 4 5 3 4 9 9 1 3 5 10 5 5 7 1 8 3 3 10 6 9 4 6 2 10 1 8 9 1 6 3 1 10 6 10 8 5 8 2 2 7 6 5 2 10 5 5 7 2 2 10 5 5 8 9 1 8 1 5 7 5 7 9 9 10 3 6 5 9 1 9 6 8 6 7 8 8 2 6 8 9 4 6 4 5 2 1 2 8 5 5 9 8 7 10 1 10 2 6 3 3 7 4 2 10 4 3 5 2 8 3 4 7 3 3 4 8 6 9 3 8 2 5 2 6 1 4 10 10 5 2 6 10 5 5 1 3 10 7 10 3 5 7 6 5 2 2 7 10 7 6 10 9 9 9 3 3 10 4 2 6 9 6 9 9 10 9 9 6 7 5 7 9 8 4 9 3 6 2 6 2 5 2 7 9 9 3 7 5 6 2 5 3 7 7 1 6 2 8 5 1 2 9 2 7 4 9 8 5 4 5 9 5 9 6 9 8 3 7 6 6 9 7 8 5 7 9 5 9 2 10 7 9 2 1 6 6 5 2 1 3 1 10 9 1 10 6 8 6 9 8 6 10 9 9 4 10 7 8 1 7 2 4 6 3 1 6 5 1 9 9 8 3 6 1 1 1 6 5 5 5 9 2 4 9 5 6 1 3 10 3 3 6 1 9 2 6 9 2 5 1 10 1 6 10 9 7 5 1 10 3 3 3 3 5 9 2 10 8 3 5 7 4 4 6 8 3 1 7 10 6 5 9 4 7 6 8 1 2 2 3 6 1 8 9 10 7 4 8 7 8 7 1 6 10 1 6
2 2 2 8 4 3 5 3 6 5 5 1 8 1 8 3 8 7 5 4 7 5 4 6 5 2 4 9 9 2 1 9 7 7 5 5 6 4 2 6 6 7 2 4 4 6 6 3 2 8 9 5 4 4 7 2 1 5 4 4 9 1 6 4 9 9 9 6 1 8 3 7 4 1 5 10 7 9 4 7 9 8 1 5 7 8 1 8 5 3 9 9 6 5 8 1 8 10 1 6 2 2 2 6 4 8 5 1 6 6 10 4 7 6 2 9 9 2 6 7 10 3 5 1 4 5 10 8 6 10 5 4 5 9 4 6 3 7 5 3 2 3 5 7 9 5 3 6 1 5 5 4 7 2 9 4 1 3 1 1 4 6 2 6 9 8 5 7 5 9 9 5 5 1 10 1 10 6 1 1 8 1 1 10 5 8 5 9 2 4 10 6 10 2 7 9 7 10 7 4 4 9 4 10 2 2 8 7 6 3 6 9 1 6 4 6 6 1 2 4 8 9 1 10 5 10 4 3 6 8 3 9 9 2 1 3 3 10 8 7 6 4 9 10 9 7 10 2 3 9 8 2 3 7 6 8 1 4 5 8 8 3 8 1 8 1 10 5 10 7 3 5 5 5 9 6 4 2 10 6 8 6 2 5 2 10 7 6 6 5 7 9 10 2 3 3 6 7 7 1 1 5 7 10 10 5 6 8 1 2 3 7 2 3 8 6 1 10 3 9 4 4 8 9 6 1 5 2 5 6 3 10 2 10 9 10 7 7 2 3 2 4 4 1 3 7 5 5 7 4 7 7 8 4 10 8 4 9 6 7 8 8 3 1 2 3 1 8 8 10 10 5 10 1 1 8 9 9 10 3 10 2 6 10 4 3 5 10 9 7 5 8 3 9 3 2 1 6 3 1 10 2 5 4 3 8 4 3 3 1 1 2 5 8 5 3 1 9 4 7 1 4 5 2 10 6 4 7 1 3 6 10 2 3 10 1 10 1 7 8 4 4 1 6 9 3 1 9 3 1
1 2 6 5 6 1 8 4 3 10 3 10 5 9 2 6 3 8 3 4 10 8 7 7 1 5 4 6 3 5 2 4 10 5 9 9 8 6 3 7 8 4 5 4 10 5 9 6 7 5 9 4 7 7 5 6 9 2 4 3 2 5 1 5 7 7 8 6 1 5 8 8 6 9 9 2 7 4 1 10 9 8 10 6 8 5 6 2 6 9 10 4 6 9 6 3 4 9 5 4 10 7 3 1 6 9 8 6 1 5 1 6 2 10 3 5 5 6 1 9 2 1 1 2 9 1 3 8 10 7 1 5 9 8 8 5 1 6 9 9 5 8 1 9 8 3 6 9 10 4 9 7 5 2 2 8 7 6 8 7 2 8 4 7 4 3 5 6 1 6 1 1 8 6 8 7 9 9 1 9 6 5 5 10 10 5 2 3 8 3 10 1 6 4 9 1 7 8 9 4 2 10 7 3 3 7 7 9 6 7 5 10 8 10 3 4 2 10 6 2 7 4 4 9 5 4 3 2 6 3 8 6 7 3 9 9 6 6 9 6 5 10 5 8 5 10 9 4 10 7 3 2 7 8 6 3 4 2 5 2 8 4 1 8 10 10 10 6 4 9 8 9 5 6 7 8 2 3 8 3 7 7 10 4 6 7 3 4 3 4 6 2 7 2 4 5 9 1 10 3 4 10 4 1 1 2 7 8 7 4 10 2 6 7 2 10 4 2 9 4 8 6 10 4 3 5 9 3 8 10 10 4 5 10 1 7 3 1 8 9 8 7 2 4 1 9 2 9 7 5 10 5 7 10 1 5 1 7 7 9 3 3 6 5 1 10 4 7 5 8 2 10 3 8 1 1 6 2 7 9 9 8 1 10 6 4 9 2 1 4 10 3 10 1 3 10 1 8 4 1 2 9 4 4 9 8 6 7 7 1 7 6 9 1 6 9 2 10 5 2 6 7 10 9 4 7 3 3 8 2 6 6 9 7 8 8 9 6 6 9 5 2 1 1 9 6 10 2 4 5
1 9 10 8 6 3 7 7 2 1 6 4 10 9 4 8 2 10 3 7 1 8 8 10 3 7 3 4 8 8 10 2 4 6 3 1 5 10 10 2 3 3 2 10 1 3 2 1 8 2 6 6 8 2 10 5 10 6 6 9 8 4 1 10 2 6 4 1 8 7 2 7 4 2 2 2 2 4 7 6 4 9 5 7 3 4 1 4 9 5 10 5 9 9 3 2 3 7 1 2 2 4 7 7 3 10 9 1 9 9 7 4 6 6 4 9 1 10 7 3 9 4 8 1 1 4 5 1 4 5 7 3 9 4 4 2 10 5 3 5 9 10 6 7 3 6 5 4 8 8 6 2 8 1 3 5 2 10 9 6 2 2 7 8 2 7 8 7 1 7 1 2 6 6 9 7 5 4 7 7 4 6 3 10 5 8 9 10 6 7 8 9 9 8 5 10 10 5 8 10 6 4 10 8 4 10 3 5 5 3 10 2 7 8 9 9 4 10 3 2 5 4 8 6 8 9 8 5 3 3 6 8 10 7 8 3 10 1 6 7 5 4 10 7 3 3 7 3 5 6 5 3 5 7 7 3 1 6 6 1 6 3 2 9 1 7 8 3 4 9 1 8 9 5 2 6 2 1 2 8 8 10 9 8 4 3 2 6 3 5 5 1 3 2 2 1 9 7 7 4 8 9 7 3 1 4 2 3 10 2 8 5 8 7 5 7 3 8 8 2 9 8 10 1 6 4 4 10 8 7 8 2 2 2 1 7 10 6 7 4 9 4 8 8 2 5 3 10 6 6 8 5 4 2 6 3 6 7 6 7 5 5 5 3 1 3 5 6 5 4 3 8 2 1 10 5 9 5 6 10 7 4 8 2 3 9 7 6 4 5 5 2 5 5 2 6 2 4 9 2 5 3 2 2 5 9 2 5 5 5 5 1 1 4 3 2 4 4 8 2 8 7 3 2 5 10 10 4 1 7 4 1 4 2 8 6 10 7 4 1 9 7 10 7 4 4 6 5 4 8
5 2 8 5 7 9 9 1 8 7 9 4 10 1 5 3 1 6 8 6 6 2 10 4 3 5 4 5 6 1 4 9 5 4 4 5 1 8 8 10 6 2 4 10 9 2 4 7 10 9 7 4 6 5 10 3 2 10 1 5 7 6 10 1 10 4 8 9 8 4 4 3 6 7 6 5 9 1 5 4 7 2 8 3 2 3 4 4 5 7 7 8 10 10 10 3 4 8 9 8 3 2 2 9 10 8 2 4 3 8 7 4 10 4 10 10 3 3 7 3 8 7 6 5 6 7 7 8 9 3 6 7 10 7 9 7 5 7 2 2 2 9 3 1 1 1 1 8 9 7 6 4 5 6 2 2 4 9 2 2 10 6 7 3 8 6 3 3 3 7 7 6 7 9 3 2 8 8 7 5 5 8 2 1 3 3 3 4 5 2 4 7 10 1 10 10 1 6 4 9 3 3 9 4 3 6 6 6 3 3 5 10 9 10 1 7 3 2 1 7 8 7 3 3 9 2 4 8 1 5 2 6 8 6 9 3 8 2 4 10 7 4 3 3 2 7 7 8 8 1 3 9 3 3 1 3 2 4 6 2 1 7 10 8 3 4 4 1 8 2 5 9 1 9 2 3 10 1 6 3 1 8 5 10 3 8 6 4 2 9 2 2 9 6 4 5 2 6 2 7 1 8 2 1 2 9 3 7 7 8 3 9 9 4 2 6 6 5 1 5 4 9 6 8 1 2 7 8 6 4 8 3 9 5 4 3 6 2 6 2 7 10 2 10 1 1 4 6 1 10 10 5 1 1 8 5 2 8 9 8 2 5 6 2 10 5 3 3 3 6 9 9 6 6 7 6 8 9 6 6 1 4 4 4 7 5 5 8 7 9 7 5 5 10 1 5 10 1 3 5 8 10 10 5 9 8 8 7 1 2 3 8 1 6 6 10 10 3 6 10 9 4 8 7 7 4 1 3 9 6 4 7 10 3 4 5 3 1 1 7 8 2 7 5 2 7 8 2 6 8
2 7 6 8 6 6 6 9 4 2 1 3 5 9 9 2 9 6 5 10 2 3 10 3 6 4 8 1 1 1 3 1 3 6 9 8 5 10 1 10 2 1 3 10 8 7 6 1 9 9 6 3 6 9 2 8 1 8 3 7 6 5 7 8 7 2 10 10 7 4 8 3 8 7 6 1 3 4 9 1 1 8 7 5 3 7 9 2 6 10 4 7 1 7 7 8 4 8 1 1 2 10 2 9 10 2 10 3 10 6 5 8 8 9 3 7 2 2 1 8 5 1 7 9 5 4 2 9 5 4 8 2 10 8 7 10 4 9 7 6 8 2 2 8 6 7 3 8 5 5 10 7 7 8 6 2 7 2 6 6 10 3 7 3 6 6 9 9 9 6 4 1 1 3 3 8 6 5 5 10 3 4 4 4 9 9 10 2 6 1 5 1 5 1 5 4 5 6 1 6 7 10 1 5 9 2 7 9 7 7 9 4 3 8 8 6 2 3 9 4 5 10 5 1 10 3 3 1 9 9 4 10 5 3 3 1 3 3 7 4 5 5 7 8 2 9 4 3 4 8 5 10 3 7 4 3 10 3 6 3 10 5 2 4 8 7 5 9 10 8 6 4 10 8 10 7 3 7 7 10 4 3 10 9 3 5 2 1 3 10 3 4 5 6 8 4 2 10 1 6 1 1 3 1 7 2 10 10 8 6 8 1 2 4 4 9 6 1 4 2 1 1 7 1 3 2 6 8 10 7 7 8 3 1 2 2 2 4 10 5 5 8 6 10 2 8 4 1 4 10 1 1 4 9 6 2 8 10 2 2 10 3 4 5 7 6 9 5 1 7 10 8 3 2 6 5 3 7 10 3 5 5 7 1 2 7 10 4 1 1 1 9 10 4 10 4 3 1 9 1 5 8 5 4 2 8 7 9 3 5 7 10 8 3 9 3 6 8 9 2 6 5 10 8 8 7 3 7 2 9 1 6 5 10 9 3 10 4 8 9 3 6 7 1 3 2 6 7 4 2
2 4 4 4 4 2 9 3 5 4 6 2 9 9 3 2 9 6 4 9 2 9 9 3 4 3 6 9 1 9 3 4 10 10 5 6 9 10 5 8 7 2 6 7 4 1 1 6 10 2 6 1 3 6 5 7 1 4 2 6 6 1 9 2 6 1 9 10 3 4 9 10 9 4 7 3 1 5 2 8 4 9 5 3 9 5 4 5 9 4 6 3 8 6 8 1 3 5 7 10 6 2 3 2 7 2 3 1 7 9 9 8 8 3 5 6 7 3 4 3 10 9 3 1 7 6 7 8 5 1 10 10 6 8 9 7 1 4 3 9 8 6 6 5 10 3 1 8 2 9 1 8 6 9 8 3 3 4 7 3 7 3 4 4 8 8 3 2 9 2 6 5 1 8 1 1 1 1 8 4 9 8 9 4 5 9 3 5 6 1 3 8 7 5 1 4 5 4 10 5 10 4 5 9 5 1 10 3 4 6 7 4 5 7 5 6 5 3 1 3 5 3 10 5 1 5 1 8 8 1 8 4 8 7 4 10 3 2 5 1 2 6 8 7 7 7 1 1 1 6 10 8 3 10 3 10 2 1 5 1 7 7 7 10 4 10 9 4 2 10 6 6 9 2 6 3 10 3 10 7 2 3 5 3 4 1 8 6 10 2 6 6 6 1 5 2 8 1 2 6 5 6 7 1 4 2 10 7 6 7 9 6 10 4 5 8 10 1 2 5 3 9 6 3 4 7 10 9 1 5 6 9 8 8 9 9 7 7 1 6 8 1 4 10 9 5 10 5 7 2 8 5 1 5 9 7 4 2 2 1 7 8 1 2 3 4 7 2 3 6 10 6 7 6 1 2 6 9 8 5 6 10 9 6 10 7 1 4 4 7 6 5 2 10 5 9 3 4 9 4 9 4 3 9 9 2 6 4 10 7 3 5 1 6 7 5 5 5 3 9 5 2 3 2 4 8 1 4 10 9 3 3 10 4 4 5 10 4 7 4 2 8 3 1 10 6 7 2 3 9
5 3 2 10 1 1 8 4 3 8 4 4 4 10 4 7 5 2 2 8 6 2 7 5 7 2 7 1 8 1 10 9 7 7 3 5 1 8 9 8 8 6 3 6 9 7 3 10 10 7 9 7 5 1 8 1 10 5 3 8 2 8 6 5 7 8 9 2 8 5 8 8 8 9 9 3 1 3 5 7 1 10 8 10 5 9 8 7 3 7 3 5 7 8 8 9 7 10 4 10 8 10 5 5 3 1 5 2 10 9 6 1 1 5 1 1 8 2 4 5 1 9 9 6 8 6 10 9 9 1 10 2 6 9 2 2 5 8 10 8 4 8 10 6 2 4 6 1 4 10 10 5 9 1 1 10 4 4 4 7 7 10 5 10 9 9 3 5 7 1 6 10 7 10 2 1 5 8 1 5 2 1 3 5 9 3 3 6 7 9 10 7 3 8 6 3 10 9 2 1 2 4 2 8 6 5 6 2 7 6 8 2 4 8 10 8 1 7 8 7 1 9 2 5 9 5 1 2 6 2 10 10 5 7 10 7 1 5 2 10 1 5 4 6 5 1 2 10 6 7 5 7 2 2 4 3 4 2 5 3 2 9 1 9 5 7 5 8 7 3 1 3 1 3 3 10 9 8 8 2 8 4 7 8 1 10 4 7 8 3 2 2 5 3 8 1 8 9 2 10 10 4 4 4 7 1 9 8 2 10 6 6 7 1 3 7 2 8 6 9 7 4 6 1 1 5 2 1 8 10 8 3 6 9 4 5 6 6 9 3 8 4 5 10 3 8 8 6 1 6 8 5 7 1 2 7 2 3 4 9 10 7 3 7 3 9 2 6 5 6 9 5 9 8 8 3 10 6 6 10 6 2 4 3 2 3 3 5 4 6 9 1 1 8 1 3 1 2 4 10 4 8 8 2 3 6 3 3 7 6 5 3 6 4 8 7 8 2 10 5 8 5 5 8 8 5 6 5 3 3 2 4 6 5 7 4 7 3 1 5 8 1 2 6 4 8 3 8 7 10
5 2 9 8 3 6 6 6 4 9 10 4 8 6 8 10 9 8 6 1 3 1 4 4 8 2 5 4 3 7 9 9 10 7 3 1 1 8 1 1 9 1 5 8 1 10 3 3 9 9 2 7 8 5 9 8 2 2 3 3 8 1 10 7 9 4 2 1 2 8 6 4 4 4 5 7 10 2 9 10 5 5 5 6 3 1 3 9 3 1 1 1 2 9 5 1 6 3 2 3 6 4 5 3 2 6 6 8 7 4 9 4 8 5 10 8 4 1 7 10 1 6 1 4 6 1 6 1 8 6 9 10 6 7 3 2 1 7 10 3 1 9 3 3 2 5 4 8 1 8 5 5 5 4 3 6 10 2 2 8 10 2 9 2 8 6 5 6 3 4 7 5 5 1 5 10 2 7 7 9 5 1 2 6 6 1 9 6 8 7 6 3 6 6 2 3 4 5 6 10 6 7 2 10 7 9 6 2 6 9 4 5 7 8 1 4 3 3 8 1 3 7 8 9 9 10 7 2 10 10 6 10 2 8 10 10 10 7 7 7 2 9 1 3 8 4 8 8 5 4 6 7 1 2 9 1 1 1 3 8 5 8 8 4 5 7 8 1 7 1 5 4 6 8 8 1 9 1 10 10 9 5 10 5 2 2 10 6 2 5 7 8 2 9 3 7 7 8 1 3 2 10 3 5 5 8 9 3 9 7 3 8 1 9 9 3 4 1 8 4 10 3 1 2 5 6 3 10 5 9 1 9 5 4 1 9 6 3 4 4 8 4 10 3 1 10 6 7 7 8 10 10 2 5 9 10 3 5 8 4 1 2 5 7 3 2 5 3 7 1 7 5 1 8 3 6 6 3 5 1 9 4 2 9 6 3 5 9 2 8 3 5 5 5 4 1 6 8 3 8 3 5 8 6 6 9 2 10 3 10 3 1 8 9 3 9 2 2 3 2 4 1 7 10 6 7 6 3 4 7 9 5 6 6 2 3 8 1 8 8 9 9 10 10 4 10 10 7 2 6
4 1 3 10 4 1 6 8 7 10 8 1 6 4 10 2 9 3 5 3 10 9 4 1 3 6 7 4 10 5 1 8 9 5 2 9 5 2 5 3 2 8 4 9 2 5 6 2 4 5 5 8 4 6 9 8 2 8 1 7 10 8 8 8 10 8 8 5 5 3 8 1 7 6 1 6 4 5 6 2 2 5 10 7 9 9 2 10 6 7 3 1 10 4 8 7 10 1 6 1 10 4 10 10 4 8 5 5 8 10 10 2 7 6 8 3 9 4 5 9 4 2 8 4 3 3 6 9 5 4 8 1 2 8 7 5 5 7 5 5 10 10 10 1 9 8 6 2 2 2 6 6 4 1 1 9 1 7 5 4 1 9 1 2 1 10 1 2 5 1 3 10 4 7 2 4 1 3 4 5 6 2 10 2 6 4 4 10 1 1 2 8 8 4 10 1 2 8 6 2 10 8 3 6 2 4 5 1 10 3 1 1 3 2 6 2 10 1 9 6 5 7 2 8 2 2 7 3 5 5 2 5 4 8 3 6 8 6 9 4 1 10 9 7 1 4 7 4 9 3 5 1 2 1 2 6 6 10 3 7 3 2 10 2 8 3 1 6 2 6 8 3 2 7 1 1 4 2 8 4 7 3 5 5 1 4 5 10 8 10 10 4 2 8 9 9 5 5 1 8 10 5 5 7 2 6 2 6 3 4 6 10 1 7 7 6 3 6 7 6 10 5 3 10 3 3 5 9 5 7 9 4 4 2 4 1 4 7 9 4 3 6 8 5 2 5 10 10 9 4 6 3 9 2 10 8 7 7 2 10 1 10 2 4 2 10 4 8 4 3 6 3 6 10 4 3 3 1 10 4 4 1 2 1 10 3 4 3 5 10 8 6 3 6 6 4 4 3 6 10 6 1 6 3 6 10 6 4 4 5 2 8 7 2 6 7 10 9 5 4 2 8 7 4 2 8 8 8 5 3 6 2 6 9 1 10 2 4 6 8 1 7 9 7 5 5 10 1 2 4
3 6 10 4 2 10 4 1 1 10 4 8 8 9 9 6 7 6 3 5 2 6 3 7 5 3 6 7 1 2 2 9 1 1 10 2 2 1 5 9 7 1 8 3 1 6 2 5 6 7 4 6 7 4 1 5 7 5 1 4 5 3 6 4 8 5 7 8 2 8 5 6 9 7 2 1 9 4 9 8 8 5 6 3 5 6 7 10 8 2 9 8 8 5 7 7 10 6 3 4 1 5 7 8 7 6 8 6 3 5 1 6 6 3 8 3 5 10 8 9 7 8 6 4 7 3 4 4 10 6 6 9 1 7 9 10 1 3 6 3 5 7 5 7 6 9 4 9 5 6 7 10 2 8 10 9 3 9 1 3 10 1 8 1 7 10 6 9 3 9 9 2 9 3 1 8 7 1 6 5 10 4 4 3 5 3 4 1 9 2 9 9 9 5 5 7 9 5 3 8 1 3 5 6 9 9 7 10 4 2 8 3 4 2 4 10 3 5 4 6 2 4 3 10 1 5 5 8 10 8 3 6 2 2 10 3 10 3 2 5 3 5 5 4 6 8 4 2 3 7 10 2 5 1 8 6 8 10 10 1 9 6 5 6 1 4 8 6 4 5 7 4 6 10 3 9 10 1 6 8 3 2 7 5 9 7 4 3 2 2 8 6 5 1 2 7 10 2 3 4 5 4 5 3 2 2 5 8 6 10 2 10 10 7 5 3 2 10 2 7 4 10 5 3 8 1 6 2 5 4 6 10 9 6 10 4 8 4 5 5 8 8 9 6 10 3 8 6 10 10 2 9 4 10 1 10 9 5 10 10 6 3 8 2 7 8 5 2 10 1 10 8 7 9 3 8 1 1 8 3 7 5 4 10 6 10 1 5 1 10 6 5 6 9 1 7 6 1 4 5 7 9 2 10 2 10 8 9 1 6 1 3 10 7 10 8 2 1 3 9 8 9 6 3 6 5 6 2 8 3 1 3 10 5 6 6 8 5 4 3 6 9 4 10 6 4 2 2 3 9
3 2 5 3 6 2 6 4 6 10 1 6 3 2 3 8 2 10 8 4 3 1 5 4 7 9 2 6 3 2 2 3 6 9 3 3 7 10 6 3 2 2 9 2 9 5 10 7 10 5 1 10 2 9 3 7 1 6 2 8 6 1 9 5 10 8 6 10 1 8 7 7 1 3 10 9 2 10 8 5 4 8 5 10 6 2 5 6 4 9 1 5 5 10 8 9 8 8 2 5 7 8 1 7 9 4 10 9 3 6 7 5 9 8 5 5 10 3 7 7 3 5 3 1 6 5 2 10 9 3 2 1 4 2 4 7 4 6 10 5 1 6 2 10 8 2 3 9 9 4 6 5 2 10 1 6 5 7 3 1 2 5 7 2 2 9 1 9 4 2 8 5 9 7 5 2 9 1 1 10 6 3 7 10 4 4 6 9 8 8 3 6 7 3 3 10 10 8 5 1 1 10 9 6 5 3 10 5 3 7 6 10 3 10 5 5 10 7 6 6 9 6 2 4 5 6 7 3 4 4 5 5 2 10 5 7 9 9 2 2 8 4 7 6 8 8 1 4 2 1 7 6 5 9 6 1 9 10 3 1 8 1 4 8 5 3 3 2 3 4 9 8 5 7 6 7 10 3 4 2 5 8 4 7 3 4 10 2 6 5 7 1 2 5 7 5 4 1 4 6 7 4 8 4 1 9 2 3 9 3 5 3 3 5 5 4 10 4 8 1 3 3 6 1 7 8 9 3 8 6 10 2 7 9 1 4 2 8 5 4 5 1 5 3 3 4 3 6 3 7 6 9 7 5 6 10 9 4 2 9 6 7 6 6 6 4 3 8 6 4 7 6 3 5 4 1 6 8 5 10 7 3 9 9 1 1 6 7 8 6 7 7 10 5 4 8 2 7 3 7 2 2 7 2 10 3 4 10 2 6 4 6 6 4 3 7 3 9 1 2 1 5 9 3 7 9 3 1 4 3 5 8 2 6 6 3 10 7 1 2 5 3 5 4 8 8 6 2 6 7
3 6 8 1 8 5 1 10 1 8 7 1 9 9 3 10 3 4 4 1 2 5 10 6 4 8 4 2 4 6 10 1 7 2 3 10 2 10 2 1 2 8 2 5 1 5 8 2 2 1 10 5 4 1 5 5 3 1 4 7 8 7 2 10 2 10 10 5 7 3 7 10 7 3 6 6 10 7 9 9 9 3 7 1 9 8 3 9 6 7 9 8 10 8 2 1 6 4 1 6 9 5 8 1 5 10 6 4 10 4 5 3 2 5 7 5 6 8 2 1 9 2 1 7 1 10 2 3 9 7 3 4 10 8 9 10 6 5 1 8 8 10 10 3 10 8 4 4 2 10 7 6 6 9 3 9 7 4 7 9 9 7 6 4 1 2 8 1 10 9 2 3 7 3 1 2 3 8 8 5 8 5 1 10 5 4 9 1 1 9 9 4 6 1 5 3 6 10 6 10 3 6 2 1 2 7 4 7 10 1 8 1 1 10 6 4 8 2 1 9 4 1 8 10 3 6 8 10 5 4 8 1 2 10 7 6 8 8 4 10 1 10 4 7 9 10 3 5 1 6 1 3 7 1 5 2 2 3 8 3 10 8 1 4 1 5 7 3 8 10 5 5 5 1 6 3 10 1 9 9 9 5 1 1 3 1 9 8 6 9 8 2 1 9 5 4 5 10 4 6 8 9 7 4 2 10 2 9 1 3 5 1 4 3 7 3 8 7 4 9 9 3 3 7 1 8 4 3 4 1 9 2 6 4 6 9 4 6 5 5 6 2 3 10 10 6 8 3 7 2 7 6 6 9 10 8 2 2 5 9 5 9 3 8 9 8 2 3 7 5 8 5 7 6 5 6 8 6 9 7 4 9 5 4 8 9 3 10 4 4 4 8 6 5 5 9 8 5 6 9 7 4 6 1 7 8 9 3 7 5 6 10 1 9 7 7 4 10 3 9 10 1 6 10 5 5 10 10 7 2 7 3 4 4 6 3 7 10 10 9 7 10 8 6 8 8 2 2 3 6
5 4 2 1 8 4 2 3 3 9 7 7 5 8 3 6 6 9 10 9 4 10 1 2 3 8 10 8 6 9 2 2 8 7 1 1 8 2 1 6 6 5 7 7 6 5 9 6 2 7 5 10 4 4 1 6 9 4 3 5 9 1 1 7 2 1 8 4 3 3 1 2 6 8 5 8 10 6 10 5 6 7 2 1 7 1 5 1 1 6 9 2 7 5 1 5 3 2 1 1 4 6 4 8 4 10 10 7 1 5 8 6 8 3 6 4 3 6 6 7 6 7 10 8 4 4 9 3 4 5 9 4 4 3 7 6 8 7 1 6 6 5 2 10 8 2 1 1 2 8 4 9 8 6 5 4 6 3 7 3 10 1 4 8 1 9 10 2 4 2 5 4 2 9 4 3 3 3 6 4 6 5 5 7 8 5 3 1 5 5 4 8 4 3 8 9 5 9 4 1 1 8 4 3 1 8 10 8 1 2 6 5 10 9 5 8 10 9 6 9 6 8 6 2 9 5 6 10 1 7 2 6 4 7 6 2 9 3 7 10 9 4 1 1 8 7 4 4 2 8 5 3 5 2 8 3 10 5 8 4 10 7 9 7 6 10 8 4 5 6 8 7 10 3 7 7 10 6 9 3 2 7 6 4 9 6 8 6 9 4 8 9 10 9 5 10 4 8 2 3 5 2 2 7 10 9 8 9 3 7 2 9 5 10 2 5 1 5 3 1 9 10 5 9 8 2 10 2 7 1 6 8 2 1 10 7 7 10 8 3 6 8 6 4 6 7 7 4 3 9 1 7 3 6 7 9 5 8 10 2 1 7 1 2 4 9 3 6 2 5 6 3 6 9 1 1 10 10 10 10 10 1 9 3 4 9 10 4 10 9 8 2 9 10 8 9 3 6 2 7 10 5 7 1 3 4 7 9 5 4 4 5 8 3 4 10 10 9 8 8 7 8 5 4 4 4 5 2 4 9 5 5 10 6 5 1 7 10 1 10 3 10 9 7 7 5 4 9 2 6
1 4 8 9 3 3 1 1 8 8 4 10 7 1 4 7 3 10 4 2 1 2 8 6 8 5 8 4 3 5 2 1 8 10 1 4 8 1 9 3 3 10 6 6 4 4 2 1 10 3 6 5 8 9 1 5 4 8 2 4 1 3 2 5 5 2 9 2 10 2 10 10 8 5 4 5 9 5 3 2 7 5 3 6 3 5 6 7 9 4 9 4 8 2 6 4 7 8 1 4 2 6 5 6 2 9 7 5 8 4 7 1 6 1 4 3 6 3 10 6 5 8 3 1 1 2 5 2 6 3 4 9 4 10 4 8 4 3 1 3 3 2 10 2 10 2 4 4 4 2 3 4 9 1 2 9 7 10 9 1 8 3 7 6 10 8 6 6 10 8 2 10 7 4 7 8 8 2 5 2 9 7 7 7 1 9 3 8 10 3 9 10 6 7 1 4 9 2 7 3 5 6 1 4 7 6 8 2 3 1 7 2 7 2 1 10 5 4 3 9 2 3 5 2 1 7 7 3 8 5 8 1 8 3 1 9 4 8 3 9 9 7 8 4 9 3 6 8 1 4 3 9 3 3 5 10 9 4 10 2 7 10 10 3 10 9 8 5 4 2 2 2 5 1 1 5 6 6 10 3 2 5 6 9 5 8 4 10 1 3 4 1 2 4 8 10 5 6 6 9 1 7 1 8 3 1 1 2 10 6 10 9 5 7 7 8 4 5 3 2 4 5 1 1 10 5 9 4 3 7 7 10 10 3 10 4 7 7 6 5 4 5 8 8 1 10 4 8 7 8 4 6 2 8 9 1 10 3 1 2 10 10 5 2 6 8 5 10 6 4 9 9 8 7 10 2 6 9 3 8 10 5 2 1 7 2 9 3 3 5 2 4 4 4 5 1 4 4 3 4 7 8 5 3 10 2 6 3 1 4 10 10 5 8 2 1 9 10 1 6 3 10 4 7 10 10 4 3 7 6 2 9 1 9 2 2 2 2 6 8 4 9 7 1 2 7 5 7 10 9
4 3 5 8 1 1 5 6 8 1 6 10 2 7 1 1 9 8 1 1 8 6 7 9 6 6 2 1 10 5 6 1 8 2 6 6 10 9 2 2 4 6 3 1 5 10 1 6 10 6 5 10 6 2 1 9 8 4 1 1 1 10 8 1 10 3 5 2 4 7 7 2 8 7 3 8 6 6 6 2 6 6 10 8 10 3 3 9 7 6 3 2 7 3 5 2 2 7 3 6 8 1 7 3 1 6 2 5 8 4 2 5 1 3 6 5 7 6 5 3 7 8 2 6 1 6 9 4 6 8 5 10 3 8 9 5 3 2 4 4 10 5 2 5 3 10 8 2 3 8 5 8 8 10 6 10 6 6 5 6 5 9 2 6 4 5 2 5 6 2 3 9 7 7 6 7 7 4 10 1 4 3 1 6 2 5 2 3 6 7 10 4 4 1 10 5 9 6 4 8 4 8 9 5 6 4 1 5 10 4 8 7 5 7 7 9 4 10 10 7 1 7 3 7 5 3 7 9 1 3 2 5 2 5 7 7 9 5 2 9 2 9 2 5 1 3 10 4 6 8 9 7 4 9 2 9 8 6 3 3 5 5 9 9 6 9 6 9 7 1 5 8 10 3 5 7 2 7 6 5 8 7 7 3 10 9 2 6 9 9 10 4 2 8 1 10 2 5 8 6 7 1 1 2 2 5 9 1 9 9 2 8 8 1 9 5 7 3 10 3 4 6 3 3 7 5 4 9 10 5 1 9 10 8 3 4 10 1 2 10 5 9 8 4 9 4 3 3 6 4 4 8 2 10 3 3 3 6 6 9 3 8 4 7 5 2 6 4 1 4 7 1 10 2 3 8 4 4 7 2 7 8 1 1 9 4 10 1 9 10 5 4 3 10 5 10 10 3 1 9 7 7 2 4 1 1 5 4 5 8 2 2 1 4 10 5 6 8 10 2 1 10 8 5 1 7 7 8 9 6 9 2 8 7 3 4 4 4 1 10 6 7 9 7 4 9 3 1 3 10
5 5 6 8 5 5 8 4 1 1 5 5 4 5 10 5 1 3 6 9 8 5 3 6 8 9 6 7 3 3 4 4 9 3 5 2 8 2 2 3 4 7 4 8 1 9 10 3 3 6 10 8 3 8 1 10 1 6 3 3 1 7 5 1 8 2 5 9 2 4 2 1 5 1 7 4 4 6 4 9 8 4 7 1 3 5 7 2 8 3 1 1 9 7 5 7 8 2 8 7 4 6 2 5 8 1 2 7 4 3 9 5 6 2 3 7 3 6 7 7 2 4 5 9 4 5 8 5 6 7 6 5 6 1 7 7 2 10 6 7 4 6 5 7 6 9 4 7 7 8 4 5 10 4 3 5 4 2 6 1 8 8 1 1 8 3 5 8 1 4 7 3 10 2 10 9 4 9 2 8 10 6 5 5 4 7 2 6 1 9 2 5 9 10 2 1 5 9 4 5 9 5 9 5 5 5 9 10 8 2 3 8 6 6 3 7 9 5 9 8 1 7 9 7 9 6 9 7 9 3 3 1 10 8 4 6 4 3 4 6 1 4 4 10 10 1 5 8 5 7 9 7 8 1 5 2 2 6 2 10 6 2 5 6 5 5 8 6 9 4 6 6 3 10 8 8 4 4 2 6 3 6 6 7 9 6 2 7 10 7 2 8 10 4 9 9 4 8 8 10 10 5 7 3 4 7 4 1 10 4 8 9 2 7 7 10 9 2 2 10 3 6 1 8 5 10 9 5 2 7 1 2 6 3 9 7 4 4 1 10 2 5 5 3 5 10 7 3 1 8 1 8 6 10 7 6 4 7 6 8 7 5 9 3 5 10 7 10 10 8 7 5 6 7 1 3 3 1 5 5 9 5 10 7 8 1 1 1 9 3 3 1 3 8 4 7 9 2 6 4 8 4 7 10 8 5 2 5 1 10 10 8 9 4 5 2 3 9 7 7 10 3 6 10 2 4 8 3 1 1 6 3 4 6 1 8 7 9 4 6 2 4 7 1 6 8 10 10 3 7
5 8 10 8 8 9 7 7 3 4 7 6 7 5 4 10 2 5 2 4 10 5 1 10 3 7 5 6 10 5 6 7 6 10 7 10 10 9 10 5 9 5 5 10 3 4 6 9 8 4 9 5 10 7 1 1 10 6 4 10 3 3 5 10 1 4 9 8 4 3 7 9 1 10 8 9 6 4 2 10 1 4 1 5 2 2 8 8 2 4 4 10 7 9 2 3 4 4 4 10 1 7 3 9 8 6 3 6 5 5 8 3 4 1 2 3 7 6 4 2 2 4 7 4 7 2 7 1 3 4 7 2 6 9 4 8 3 7 2 8 4 2 3 3 6 2 2 4 8 6 3 6 9 10 4 9 10 1 2 8 7 2 9 7 4 5 5 4 8 4 2 9 6 4 10 7 1 5 9 4 4 1 1 5 9 9 5 1 3 7 4 8 7 7 6 5 8 10 3 3 5 7 5 10 7 5 8 3 4 3 1 3 10 7 8 8 4 7 2 9 1 5 5 10 4 5 9 7 1 6 3 6 4 1 9 2 1 1 1 8 9 9 7 4 1 6 7 4 4 9 3 10 10 1 3 9 2 3 1 7 4 4 10 9 1 8 1 9 6 1 8 4 9 5 8 3 4 5 3 3 5 7 7 3 8 9 7 6 1 9 6 10 6 6 3 7 8 7 10 7 1 3 1 4 7 3 1 2 7 4 8 8 1 3 8 4 10 8 6 7 7 6 6 1 1 7 4 3 3 5 5 10 3 9 7 10 7 10 7 8 10 1 9 6 7 9 10 9 10 4 4 3 7 5 10 10 2 9 5 5 3 3 3 5 3 9 3 4 2 8 7 2 3 6 7 9 1 5 3 5 4 7 5 9 10 6 9 5 9 4 3 5 5 5 2 4 7 5 2 10 3 8 8 7 2 3 6 8 4 5 6 4 7 1 4 8 1 9 6 9 9 4 4 9 4 2 7 1 8 4 3 7 3 1 5 2 9 5 10 1 2 3 3 5 5 5 2 1 3 5
5 1 7 10 7 1 10 7 1 7 6 10 1 2 5 1 1 4 9 7 3 7 7 2 6 6 10 1 9 3 2 10 2 6 10 6 6 8 3 9 3 4 9 6 5 10 8 1 9 9 3 8 9 5 9 10 2 9 8 3 8 3 2 10 5 4 6 10 9 1 9 10 3 1 5 6 2 8 3 2 2 2 6 4 2 7 7 7 9 5 2 2 9 1 10 4 5 4 6 9 1 5 9 7 4 2 2 9 10 7 2 5 1 2 8 7 5 6 6 4 9 9 10 2 4 3 3 2 4 1 2 5 5 6 10 2 5 3 10 1 9 4 6 7 8 5 8 4 8 2 8 7 8 10 1 1 5 5 2 2 5 2 6 6 4 7 2 9 10 9 8 2 2 10 7 6 6 1 8 1 10 8 3 8 9 10 9 1 7 3 10 5 2 10 8 5 1 10 7 9 7 5 6 3 9 6 9 1 2 7 10 5 8 8 5 10 3 7 1 5 1 4 1 7 9 10 2 7 4 5 4 6 8 10 7 2 2 9 8 10 10 5 4 10 5 9 3 9 4 2 7 1 3 7 9 10 10 9 2 4 6 5 3 5 2 1 7 8 1 4 8 6 5 5 1 5 5 9 10 4 9 7 1 9 2 7 2 4 5 6 9 4 9 5 9 10 4 10 9 8 4 3 5 10 1 5 9 8 7 1 3 10 9 10 1 6 8 2 2 7 8 3 9 5 7 4 3 5 6 6 6 2 10 9 7 1 3 8 2 6 10 8 6 9 7 4 9 2 2 1 3 3 7 1 2 8 4 6 9 10 3 7 8 10 8 10 6 7 2 1 3 10 10 5 10 3 2 2 7 9 5 2 4 10 9 5 5 7 5 1 1 10 5 4 6 9 2 6 4 2 6 4 2 3 3 9 8 3 9 3 8 10 4 3 5 2 2 2 6 2 5 6 2 4 4 1 9 5 6 4 6 10 6 4 8 1 5 4 9 1 8 7 4 9 10 1 9 9 8 5
1 2 3 1 3 5 10 7 10 9 5 1 6 3 9 5 4 10 2 8 2 10 3 9 9 2 1 8 2 9 10 9 9 7 5 3 3 9 7 8 7 6 9 2 5 9 2 2 4 6 4 9 2 2 1 10 5 7 8 10 1 6 9 10 1 9 8 3 2 4 2 3 6 6 6 1 9 3 9 8 10 1 5 3 2 9 1 3 5 6 2 6 6 6 6 7 5 3 7 4 3 5 1 4 5 9 3 9 9 4 9 6 10 10 3 4 8 10 5 1 6 4 1 10 2 9 10 7 6 8 10 3 7 3 10 6 1 9 10 10 3 4 1 1 8 1 5 7 1 5 3 8 6 10 8 9 2 9 8 10 2 1 4 3 2 4 5 6 1 10 4 1 10 10 9 10 3 5 5 3 4 6 8 8 4 8 9 6 1 8 2 8 10 4 9 10 10 4 2 7 3 6 3 10 10 1 9 4 3 9 8 9 2 4 1 7 1 8 7 5 10 6 9 10 6 8 5 4 10 8 10 10 10 1 4 10 4 8 3 3 10 1 8 4 3 1 3 5 2 3 3 4 4 9 5 3 10 3 8 4 8 4 10 9 8 6 6 10 10 2 7 1 5 10 6 5 7 4 4 5 3 5 6 10 1 3 9 1 6 7 6 1 3 5 9 9 6 6 6 3 10 9 2 3 10 1 6 10 7 10 1 2 4 4 3 3 2 3 10 7 3 10 10 4 3 10 9 1 8 5 4 3 9 7 8 4 1 1 2 2 4 9 7 4 4 5 5 6 8 4 3 4 10 4 2 10 4 5 3 2 2 7 10 5 6 4 2 4 2 10 9 1 9 6 4 9 10 10 10 6 3 6 1 2 7 8 4 9 9 3 3 4 10 8 4 1 8 2 6 2 2 6 5 4 4 3 6 10 1 3 7 9 3 6 10 8 3 9 9 3 6 3 3 9 10 10 4 8 10 2 3 1 7 9 2 7 4 5 9 9 8 4 4 6 6 6 4 1 3 5
5 1 10 3 2 4 10 5 9 2 8 4 10 6 3 8 5 9 4 7 6 6 10 1 5 7 2 7 4 7 2 2 1 5 7 1 3 3 7 6 5 8 9 3 3 7 9 7 9 6 2 3 10 4 10 5 4 6 7 8 9 3 3 1 7 4 3 6 2 10 1 8 6 1 5 4 5 5 9 2 9 6 8 1 9 4 2 9 3 8 8 3 7 7 4 4 5 10 9 3 8 5 8 2 7 2 7 3 9 4 9 8 10 10 1 10 6 3 7 10 6 3 8 1 5 5 7 5 10 6 6 4 1 8 2 9 9 3 9 3 3 9 9 8 6 5 1 8 1 9 5 4 6 7 4 3 1 8 4 9 8 2 7 7 10 7 10 3 6 4 1 5 6 6 2 2 6 4 10 3 4 8 3 1 2 2 6 8 2 5 8 5 3 3 2 6 6 3 5 5 1 10 10 4 10 7 10 5 5 3 4 6 10 8 3 2 6 10 10 8 3 2 2 10 7 1 7 7 3 4 5 2 6 5 6 10 2 5 1 9 8 8 8 3 5 4 6 5 3 7 9 1 7 2 7 8 8 7 6 4 10 5 10 10 7 10 2 8 3 5 5 1 4 3 9 6 2 9 4 3 8 2 2 10 6 8 2 1 3 5 8 8 5 4 7 6 7 2 5 7 1 10 6 2 1 2 6 10 6 5 1 5 9 1 4 8 6 2 7 5 8 10 2 7 4 10 1 8 9 6 4 6 1 10 1 5 8 6 6 5 9 5 8 8 4 3 6 5 5 8 8 9 7 1 8 9 10 7 5 8 8 4 5 4 10 8 6 7 7 10 6 3 4 4 3 8 5 4 1 2 4 1 10 1 3 6 10 3 8 5 8 10 4 6 6 5 8 1 1 8 3 1 4 5 2 6 1 10 5 9 3 8 5 3 8 2 1 2 5 8 7 1 8 2 4 10 7 6 6 4 7 2 2 5 3 8 10 8 6 6 4 2 10 4 1 2 9 5 9 4
3 6 4 2 6 2 1 4 2 2 8 2 9 2 10 5 9 4 10 9 10 8 4 3 5 4 4 5 8 3 4 4 10 7 6 5 3 6 9 1 9 5 2 1 8 5 8 8 5 6 10 7 3 3 10 6 7 7 8 2 2 4 1 4 6 8 3 10 6 5 9 9 8 6 2 7 6 1 2 1 5 2 4 5 8 6 6 1 2 10 2 5 8 3 8 3 4 9 9 5 7 7 3 6 3 10 9 10 9 10 5 1 1 7 4 8 3 9 3 1 7 9 2 1 6 10 4 2 7 9 2 2 5 2 10 4 9 9 6 6 7 2 1 7 1 10 9 5 4 8 4 3 3 5 4 9 8 1 10 7 5 4 8 6 4 6 7 8 1 1 6 10 1 5 3 3 10 8 10 5 2 1 9 9 7 2 6 7 7 3 10 9 4 3 8 2 5 9 8 6 8 5 6 8 5 8 6 10 8 9 4 7 8 1 6 4 6 8 2 4 7 6 1 4 9 10 4 4 7 8 7 3 5 1 6 8 5 6 2 5 5 4 1 5 1 1 3 10 2 7 4 9 6 1 8 5 3 10 3 7 3 7 10 1 10 7 7 8 2 4 1 2 7 7 8 3 5 8 5 8 10 3 10 1 1 6 8 5 10 3 3 10 10 9 2 4 9 6 3 7 7 10 3 10 1 9 1 2 3 8 2 7 7 1 9 9 4 9 6 8 1 5 2 8 1 10 7 8 5 2 5 3 5 4 8 5 2 9 3 6 5 8 3 10 4 8 9 2 8 8 1 3 9 4 2 5 10 10 5 5 1 6 6 9 4 6 6 10 7 3 3 3 4 6 2 1 9 1 10 9 10 4 10 2 7 4 2 2 1 3 5 7 5 1 2 7 7 8 5 2 7 10 4 9 3 2 7 8 6 10 4 7 7 4 8 9 2 5 2 6 7 6 4 6 5 10 10 1 5 3 8 5 2 1 4 6 5 7 4 10 8 7 7 3 2 5 6 10 10 6
5 2 9 9 4 4 2 5 6 1 5 2 3 7 1 4 2 5 8 3 7 6 1 9 2 5 8 3 3 4 1 6 1 3 1 1 2 1 5 10 9 5 9 9 9 10 9 2 2 2 9 4 10 10 1 3 6 4 6 10 7 4 9 8 8 7 3 1 6 4 3 3 5 2 2 2 8 10 9 2 5 8 3 7 4 1 4 3 2 3 4 1 7 4 8 10 7 6 5 4 5 3 5 5 10 9 10 2 4 2 5 9 5 1 2 3 7 7 6 2 5 8 9 6 5 3 8 6 4 9 7 10 8 10 8 3 3 5 8 8 4 5 10 1 1 8 5 7 10 6 2 5 9 8 7 4 10 7 1 6 9 4 10 1 3 8 5 7 6 8 1 3 4 3 4 10 8 4 4 5 5 9 7 4 3 6 5 4 3 8 6 5 8 1 1 1 4 8 4 7 3 9 10 1 2 5 8 7 8 2 5 2 8 2 3 3 3 6 2 4 5 3 4 8 3 9 2 3 6 4 7 5 9 3 9 8 6 8 2 4 4 1 9 9 1 7 5 5 10 9 2 7 4 1 8 7 10 3 10 3 4 3 3 4 8 9 10 5 7 9 4 1 2 3 2 8 8 5 6 2 5 1 9 2 3 1 10 3 3 4 10 3 4 6 3 6 4 9 9 6 10 8 1 8 10 6 1 3 1 4 2 7 4 10 4 1 9 3 9 5 4 8 9 10 9 7 7 6 5 9 8 8 5 6 3 6 4 9 9 5 5 5 1 2 3 3 8 4 6 3 1 6 5 7 2 10 8 6 8 6 2 3 3 8 8 8 9 1 10 6 8 1 8 7 2 8 4 10 7 4 10 1 9 1 8 3 9 3 7 4 1 7 5 5 1 3 9 9 3 1 1 4 10 5 1 4 7 9 5 9 3 2 8 1 7 4 3 1 2 9 3 3 3 7 3 2 6 9 6 7 5 6 4 1 7 5 10 3 4 8 6 8 7 1 4 9 3 7 9 4
4 2 10 9 10 3 2 3 1 10 1 8 7 3 9 3 4 3 9 9 3 4 8 7 1 2 10 1 3 4 9 8 7 7 5 6 2 3 4 1 4 4 8 1 1 4 2 9 3 2 8 2 6 7 5 6 10 6 3 10 4 4 2 2 6 8 5 1 2 8 1 4 2 5 7 1 1 8 1 1 9 3 7 9 5 10 8 1 10 3 5 9 6 5 8 9 7 4 1 2 9 3 10 5 10 6 2 3 7 5 1 7 5 1 9 8 7 3 6 10 5 6 10 3 2 7 1 10 10 1 3 7 6 8 7 1 10 6 3 5 8 6 5 9 2 9 1 4 4 4 1 10 9 10 10 5 1 8 7 10 4 8 9 10 8 9 8 9 10 9 1 5 9 5 7 4 6 4 1 9 10 10 5 1 2 10 6 8 4 9 2 9 9 4 10 8 8 10 4 2 5 4 9 6 3 4 7 6 9 5 4 3 4 9 5 3 9 4 9 8 3 10 4 4 3 5 8 6 4 1 8 7 2 9 4 4 1 8 6 3 6 1 2 3 7 8 6 2 6 9 9 3 3 7 2 3 5 1 7 7 2 5 1 3 10 2 10 9 8 1 1 1 6 5 10 5 2 9 4 2 5 3 8 4 8 8 7 2 10 7 7 8 2 6 9 9 5 4 6 4 5 7 5 4 5 6 1 6 7 8 3 7 10 9 10 8 1 9 7 1 4 8 10 10 8 10 7 9 4 8 5 6 9 7 10 6 2 1 8 7 9 2 3 3 6 9 5 10 10 7 5 1 8 8 4 9 5 1 7 2 5 6 4 10 1 2 5 10 6 8 7 3 4 3 10 2 5 10 2 5 3 2 5 5 5 8 6 9 4 8 9 8 3 7 9 10 2 7 3 3 1 5 4 2 4 5 1 2 9 8 7 6 7 9 4 9 7 2 1 3 10 7 9 10 7 5 2 5 3 10 1 4 3 2 5 2 10 3 8 1 3 9 8 4 5 3 10 9 2 9
4 9 3 4 6 3 3 7 9 10 3 6 2 3 2 4 4 6 4 5 8 6 3 8 10 4 4 7 8 4 2 4 2 2 1 8 9 1 4 10 3 8 6 2 10 1 2 8 6 5 4 10 1 5 8 4 1 7 1 2 2 2 6 4 1 2 6 2 5 6 5 5 5 9 6 5 4 3 3 3 9 2 2 6 6 9 8 5 7 3 3 7 9 10 10 9 9 6 9 1 10 1 6 7 3 1 2 7 2 1 6 8 9 4 7 7 1 5 1 10 3 2 8 6 3 7 10 1 5 10 2 8 2 9 6 2 8 4 3 10 10 3 1 10 10 6 3 1 6 1 6 6 10 9 2 10 7 8 6 8 1 10 9 4 6 6 10 3 2 3 9 10 5 3 7 1 3 7 10 6 6 3 6 5 10 6 6 7 2 1 8 8 3 6 7 4 3 8 4 7 6 2 6 6 3 7 6 10 4 9 5 9 5 1 1 4 4 2 3 9 1 8 4 9 5 1 4 10 6 2 3 1 1 4 5 3 6 8 8 6 6 6 9 5 10 9 2 9 9 3 1 9 2 5 5 3 6 6 8 2 7 7 6 6 1 7 6 9 9 7 2 10 9 9 5 2 3 1 3 3 4 2 9 3 8 9 6 7 8 4 4 10 1 8 10 8 1 5 5 3 1 8 4 5 5 10 6 8 7 2 9 8 10 8 1 6 10 10 1 9 9 7 6 10 7 8 10 9 4 4 6 3 9 9 8 1 3 8 1 1 6 4 8 8 10 6 6 1 2 6 8 5 5 8 4 5 10 4 2 9 9 5 4 7 5 5 9 6 4 5 7 2 6 5 2 3 9 9 4 2 9 6 7 3 9 1 5 2 8 10 7 2 8 5 3 10 3 1 4 8 9 1 9 4 8 8 5 6 10 8 4 4 10 10 1 7 7 1 2 2 3 1 4 9 6 3 4 1 9 10 5 6 6 7 5 10 7 1 3 3 8 5 1 7 7 1 3 3 9 3
2 5 1 8 8 3 1 4 1 9 4 3 2 9 8 9 9 5 4 4 8 10 7 4 5 8 1 6 3 10 5 10 8 7 4 8 2 1 6 3 10 2 9 8 2 2 7 6 5 9 6 3 4 7 8 10 10 7 5 2 9 1 6 2 5 9 9 3 2 7 2 4 2 2 5 7 2 5 4 8 9 7 3 4 7 10 10 1 8 7 10 5 4 6 6 3 5 2 2 7 2 1 9 6 4 3 3 2 7 8 4 7 10 8 8 4 2 10 4 3 8 9 6 8 9 6 5 9 9 3 4 8 4 2 7 7 7 4 5 5 4 2 5 8 5 10 5 2 1 2 5 7 9 5 1 4 4 7 2 4 4 1 10 2 5 6 2 3 9 5 3 10 7 6 3 4 1 7 5 4 1 6 1 4 5 6 1 5 6 1 5 2 4 9 7 7 9 8 7 8 2 2 9 7 9 5 5 3 8 6 1 8 7 4 3 3 6 4 2 2 2 7 4 2 2 1 3 4 4 5 5 7 2 2 10 10 7 1 5 8 7 8 2 6 7 1 9 7 7 3 4 8 5 1 7 2 4 2 6 10 10 7 7 7 4 3 3 2 5 10 6 8 6 10 6 9 10 2 4 8 7 9 8 9 9 8 8 6 7 4 8 4 7 4 4 6 7 10 6 6 5 5 3 9 10 6 1 1 10 8 3 2 1 7 7 9 7 10 3 7 8 9 2 9 3 2 3 5 7 7 1 8 9 3 4 4 2 7 6 6 1 10 6 1 3 10 8 5 2 9 7 9 7 5 7 9 6 9 7 1 2 1 1 3 6 3 2 1 3 6 2 8 2 8 3 1 10 4 1 4 10 8 10 4 1 6 5 10 2 5 4 10 2 10 10 9 10 5 4 4 8 3 8 2 6 7 1 3 3 4 6 2 2 4 3 1 3 2 1 8 5 5 9 2 3 3 7 2 7 6 5 7 7 8 9 4 6 7 7 4 10 2 6 5 6 8 3 9 8 1
4 1 8 4 10 8 9 9 2 4 5 9 6 9 3 5 4 6 6 8 8 4 4 1 7 7 6 9 7 8 9 10 4 9 8 4 9 7 2 10 1 8 4 1 9 9 1 6 6 1 10 7 5 2 6 9 8 5 8 6 3 8 1 5 10 6 2 7 10 6 5 1 7 3 10 6 1 5 7 1 3 3 4 3 3 9 4 7 3 1 8 1 2 2 4 7 2 4 8 7 3 4 2 8 9 2 7 3 9 4 1 4 3 10 7 4 7 6 2 8 8 7 4 7 9 1 1 7 7 2 9 2 7 2 1 2 5 2 4 2 9 6 5 2 4 7 1 5 10 8 4 3 5 7 4 3 2 7 6 6 1 1 6 3 8 5 1 7 3 3 5 1 4 2 9 6 3 2 10 9 2 9 7 4 6 8 3 10 10 3 2 5 6 10 8 10 3 6 9 10 2 10 7 6 2 3 4 5 1 6 6 1 7 9 7 7 8 6 10 9 1 7 3 3 1 8 8 4 1 9 3 10 4 2 1 10 9 2 1 1 4 5 10 9 9 6 7 8 7 6 3 2 5 4 10 2 10 4 4 4 2 4 7 7 3 7 8 1 6 1 7 5 7 7 3 6 10 10 1 3 6 1 9 1 10 10 1 6 10 2 4 10 3 8 6 9 6 3 3 9 4 10 4 1 8 9 3 5 7 1 7 4 1 10 2 7 5 9 7 7 10 6 7 1 7 9 1 6 1 8 6 10 9 4 6 6 1 2 9 10 10 6 9 5 9 6 3 9 6 10 3 4 2 3 6 6 7 1 3 9 5 5 7 9 2 10 9 9 5 4 9 9 7 8 3 5 8 9 10 4 9 2 4 8 1 5 2 10 4 7 3 10 1 3 3 3 9 7 5 4 10 6 7 4 3 9 4 8 10 7 3 4 4 5 7 6 9 4 6 3 1 4 3 3 6 10 7 7 7 1 8 8 6 8 7 10 4 5 7 3 6 1 6 7 6 6 9 9 5 1
4 3 6 1 4 6 6 3 8 9 7 9 1 4 2 7 6 10 5 1 10 6 7 6 6 8 10 1 1 10 2 2 6 8 8 1 5 2 6 1 8 5 9 4 8 4 9 6 1 1 7 10 4 4 5 10 1 9 5 2 8 1 9 8 4 8 9 3 1 10 1 10 8 9 2 6 4 3 7 5 1 6 9 1 3 8 9 3 8 9 8 10 4 2 2 5 3 3 3 4 8 2 2 10 10 2 6 2 7 7 1 2 7 5 3 7 2 8 3 8 3 9 8 2 6 7 5 10 3 2 10 10 10 7 4 8 10 9 4 7 3 10 2 1 5 4 5 9 2 8 6 1 8 5 4 9 8 7 10 8 6 4 1 4 1 1 9 3 5 9 10 8 3 1 5 5 10 5 8 1 5 5 1 3 5 8 8 6 3 8 6 7 3 9 2 6 6 10 8 8 6 5 7 10 8 1 5 8 8 9 2 10 8 8 7 5 7 8 3 4 1 4 3 4 2 3 7 9 4 4 3 7 7 8 5 5 7 4 4 10 3 4 1 1 5 3 10 4 10 2 5 2 10 1 5 3 3 2 9 8 5 9 5 2 2 7 7 7 7 6 5 4 7 9 6 5 9 3 1 5 8 10 7 1 10 8 3 2 4 10 4 6 8 9 3 2 10 4 1 10 4 9 5 7 1 8 3 6 9 3 9 3 7 6 7 2 5 6 4 1 3 2 7 8 8 6 5 2 10 1 9 10 9 8 3 1 8 5 3 3 8 5 6 8 3 9 2 6 8 10 1 5 9 4 3 9 1 8 3 2 5 2 6 1 7 7 10 1 6 2 5 1 3 4 1 7 5 2 7 2 6 6 9 5 9 8 4 5 2 1 6 1 9 7 10 3 3 5 4 9 2 1 10 6 7 6 6 3 10 2 7 5 6 9 6 1 4 3 3 4 1 8 6 2 4 2 1 10 10 4 6 10 7 10 2 9 3 2 2 8 1 3 10 1 9 8 8 7 7 7
3 9 8 2 1 7 1 7 10 6 6 6 3 4 5 4 6 1 5 8 1 1 2 9 4 4 9 9 1 4 10 10 6 1 9 10 1 1 3 1 10 1 2 8 9 6 7 4 5 10 9 9 4 5 10 2 5 8 7 2 9 5 8 8 3 8 2 6 9 7 10 5 4 1 3 10 10 9 3 4 6 10 9 7 10 1 2 3 5 8 3 5 6 4 8 4 6 4 8 4 4 6 8 8 1 3 8 4 3 7 10 2 6 4 2 8 6 1 10 7 1 6 6 7 10 3 9 6 4 9 9 1 6 2 7 6 2 6 1 8 10 8 1 6 10 6 9 2 6 6 5 10 8 8 4 6 4 1 9 1 2 2 7 4 6 4 2 10 8 8 6 2 3 9 2 6 8 2 1 10 1 10 8 8 5 2 6 5 2 7 5 5 6 8 3 7 5 5 9 6 2 2 9 9 4 4 3 10 5 10 6 4 4 8 5 6 4 7 2 4 10 5 8 5 10 2 7 4 6 9 6 3 6 5 5 1 5 6 2 8 10 6 7 7 6 1 1 8 10 6 6 4 10 9 1 9 10 1 4 9 2 1 2 6 2 4 6 1 8 8 4 10 5 1 10 5 9 4 4 10 10 1 3 8 4 1 9 7 10 10 8 1 10 1 5 1 5 4 8 10 5 8 10 8 4 7 6 8 8 6 1 6 4 4 1 10 3 10 6 10 7 9 7 10 8 5 4 4 4 7 9 10 6 10 9 7 3 9 7 1 9 8 2 6 6 3 1 9 5 6 2 1 1 6 4 1 8 7 5 1 3 10 4 9 5 8 5 9 2 10 1 10 10 10 2 1 3 6 8 3 5 10 4 2 10 3 2 4 6 1 10 3 1 1 8 9 5 7 7 9 4 2 2 1 7 3 5 9 3 1 5 10 3 5 5 10 2 3 6 1 9 6 3 4 5 9 5 3 7 2 10 3 6 8 10 7 1 5 8 6 1 8 4 2 6 10 4 8 2 6
3 7 7 8 1 5 6 6 5 7 2 4 3 6 7 8 10 10 8 9 5 4 1 10 4 10 4 5 4 8 5 7 4 8 1 10 6 3 6 5 10 2 6 10 8 4 5 5 8 2 8 7 1 1 8 5 10 2 6 3 10 10 10 9 3 7 9 1 6 1 4 7 9 5 10 9 1 2 1 8 1 6 3 10 5 7 7 4 9 1 2 5 3 5 7 3 5 8 10 1 9 4 10 4 10 3 2 5 8 5 9 7 5 5 6 4 2 4 2 7 1 7 2 5 2 5 1 10 9 5 3 5 9 6 4 3 9 7 3 7 3 7 9 2 5 5 7 10 10 9 7 8 7 10 10 1 5 1 3 5 7 10 8 2 9 5 3 7 3 3 7 1 8 6 3 5 5 6 10 4 7 8 10 10 6 5 3 2 5 6 2 4 8 9 8 6 9 4 10 6 4 7 4 9 7 1 10 5 1 5 4 8 10 3 6 8 5 6 1 5 7 6 3 3 6 2 7 7 6 6 1 3 1 2 2 9 6 10 8 2 6 6 9 6 9 3 1 9 9 6 4 10 9 5 6 6 3 2 8 4 8 9 3 3 1 4 2 6 3 4 6 9 5 1 1 6 3 3 3 10 4 9 5 10 1 4 1 7 2 2 5 10 2 8 3 4 3 5 7 1 1 4 5 6 9 1 10 4 9 5 5 7 2 3 10 10 1 10 5 8 7 5 5 10 9 7 4 1 7 1 1 2 2 9 5 7 2 10 10 4 9 9 9 9 7 10 1 8 2 5 2 10 8 10 7 8 1 6 1 1 2 1 2 6 6 10 5 4 3 6 3 6 9 10 8 2 1 7 1 1 3 6 9 9 7 1 9 1 2 7 9 10 7 4 8 9 1 9 2 10 7 2 8 3 8 2 10 8 9 4 10 4 5 3 5 3 10 10 10 4 5 9 8 2 7 6 1 4 10 3 8 8 3 3 2 3 6 2 5 1 4 1 7 5 9 4 4 6 8 4
2 6 2 9 4 7 3 6 10 7 1 1 10 7 1 2 5 7 8 7 6 4 8 3 6 6 6 6 10 6 6 10 6 1 9 2 4 5 3 6 7 6 10 9 6 9 9 1 3 7 8 9 4 8 1 5 7 5 6 2 8 5 4 10 6 1 4 1 3 9 2 10 8 7 3 4 3 2 7 8 6 5 3 6 10 6 1 10 5 2 2 1 4 7 3 8 2 9 7 6 3 9 10 4 10 9 4 6 8 8 10 9 6 1 1 1 10 2 6 5 9 2 7 5 10 6 2 8 5 5 1 10 9 6 6 2 1 6 9 6 3 3 5 4 10 7 5 4 4 2 2 5 9 1 6 7 8 7 1 7 7 9 4 10 7 4 8 7 3 1 5 10 9 4 3 7 4 6 8 6 7 9 1 7 3 2 7 10 2 3 4 2 5 4 2 7 7 7 5 1 1 7 9 3 2 3 9 7 4 7 5 4 3 1 6 8 3 9 10 3 5 1 2 2 3 5 8 2 10 5 8 1 9 3 5 7 10 8 10 4 2 10 1 9 5 6 2 1 3 5 8 4 7 9 9 2 10 4 10 4 10 10 2 8 2 10 2 7 9 9 8 5 10 2 10 1 3 7 7 9 3 5 6 7 2 7 4 8 2 10 5 9 9 9 2 10 4 3 4 10 2 10 1 7 6 8 5 7 7 2 2 1 7 9 2 5 4 6 7 7 8 3 9 3 2 8 9 3 10 10 8 8 4 9 2 7 3 7 3 7 7 1 2 9 4 2 4 4 8 5 1 7 7 2 7 7 9 8 4 5 4 7 5 2 2 7 4 5 10 3 2 8 6 6 7 3 9 10 2 1 2 1 9 10 3 7 6 2 8 1 1 8 9 7 9 1 7 6 1 7 2 10 2 3 6 9 10 7 3 4 9 4 6 7 3 5 1 1 3 10 1 2 5 4 8 6 1 3 5 4 4 10 4 9 1 8 9 1 4 10 1 5 5 3 3 6 7 10 4 7
5 5 8 4 8 10 2 8 9 8 6 7 7 1 4 8 8 8 5 1 3 9 9 2 2 4 6 3 3 7 3 4 8 5 9 10 3 3 8 6 6 5 8 10 1 7 9 7 2 10 7 2 2 9 5 1 6 9 3 6 3 4 5 10 9 9 3 2 4 7 2 9 8 2 6 9 4 2 10 3 6 7 2 7 6 10 10 5 7 7 9 8 5 9 4 4 2 3 9 3 7 9 8 2 3 7 5 8 5 8 7 9 3 2 1 8 10 7 3 5 7 5 1 5 5 1 7 2 9 10 9 2 1 2 1 4 2 2 8 2 2 9 5 1 1 5 1 4 8 5 1 1 5 9 8 6 7 9 1 8 4 8 9 8 3 5 7 4 1 8 8 3 6 8 5 6 1 5 3 6 8 5 4 1 10 5 1 9 10 1 4 1 1 10 10 2 2 9 2 7 10 3 8 8 8 4 10 3 5 5 1 2 7 10 8 9 5 8 10 7 7 2 8 5 4 6 8 4 5 1 4 5 8 2 9 6 9 9 9 8 9 3 4 2 8 1 5 2 2 1 1 1 7 9 9 6 8 1 8 10 7 5 3 8 5 1 6 3 1 7 3 3 6 4 2 9 7 3 3 5 10 10 5 10 8 9 3 3 10 1 8 5 4 2 7 8 4 4 6 8 7 2 2 5 5 9 1 5 3 6 5 5 8 9 7 8 1 7 10 2 2 3 4 8 1 2 6 1 6 8 4 2 10 4 1 10 3 5 4 9 1 7 6 10 7 6 6 6 2 2 4 1 6 9 6 10 6 5 4 8 10 3 7 3 7 8 1 1 4 8 5 9 10 4 1 3 10 2 9 7 3 8 2 4 6 8 9 9 9 4 6 9 4 4 7 8 8 8 6 6 8 10 6 9 5 9 8 10 7 8 9 3 5 2 2 2 3 4 5 2 7 3 4 8 2 8 4 8 9 2 5 7 6 4 1 9 4 8 9 8 7 1 3 10 5 5 3 7 10 10
1 6 8 7 1 8 8 8 8 10 6 4 4 7 8 3 2 9 7 8 4 1 8 10 10 2 3 6 5 1 5 9 5 1 8 1 4 4 10 6 10 1 6 5 3 8 3 6 1 9 2 10 3 7 5 2 4 10 4 9 3 6 10 10 4 8 3 2 2 8 6 9 1 7 10 4 6 2 8 2 1 4 8 6 6 7 10 3 10 2 9 5 5 10 10 2 10 8 3 7 3 4 5 5 10 10 9 8 7 10 5 10 8 3 2 2 10 2 4 4 5 5 1 4 8 10 2 4 6 2 6 5 8 9 6 7 4 10 2 6 10 10 2 8 7 2 7 8 1 2 3 10 3 9 4 10 3 10 4 1 7 3 5 4 8 10 6 7 7 10 2 10 8 4 6 6 1 1 9 2 3 9 3 1 3 6 7 7 8 9 8 2 10 6 3 3 2 9 8 1 1 9 8 2 8 3 10 1 4 5 3 9 7 2 9 10 9 7 10 9 6 1 5 2 2 4 3 10 4 7 5 5 4 1 8 9 3 3 7 4 9 8 3 5 3 5 8 8 4 2 1 6 1 5 9 8 2 9 2 4 5 4 6 5 5 1 8 3 9 8 2 10 9 2 9 4 1 7 2 5 2 2 5 1 10 5 7 2 10 2 7 1 8 6 1 2 2 8 6 10 5 9 8 4 3 4 6 4 9 10 6 8 6 7 3 1 1 10 6 6 1 5 3 10 9 2 9 8 10 7 7 9 5 10 10 8 6 2 6 9 9 9 9 10 10 5 10 2 10 10 2 1 3 3 7 2 1 4 4 8 1 7 1 1 9 4 4 9 9 7 6 2 7 8 10 10 7 8 2 2 5 1 8 1 7 5 7 6 7 2 8 10 2 2 7 9 10 3 7 4 10 6 1 3 2 5 2 8 1 6 8 6 4 2 10 1 5 3 6 10 8 4 2 6 5 3 3 4 1 2 2 10 10 2 10 5 9 6 2 5 4 9 1 1 9 6 3 4 2 4
5 6 6 10 6 4 9 5 2 1 1 2 1 9 9 3 6 2 10 3 6 10 1 7 5 3 4 9 8 8 9 2 1 10 3 4 6 2 4 7 7 5 3 10 2 7 5 10 10 6 1 9 3 3 9 4 8 3 6 3 9 3 10 5 9 5 6 10 1 7 8 8 9 10 5 6 3 4 5 1 10 2 8 5 1 6 6 10 10 1 2 1 10 5 9 6 2 8 7 2 3 8 8 10 3 10 2 8 8 7 9 7 4 8 6 6 3 5 2 8 10 5 10 5 10 3 6 5 5 2 9 4 5 6 9 1 7 4 8 8 6 1 4 7 8 4 1 7 1 8 2 7 10 1 2 6 6 2 7 3 10 2 1 1 8 9 5 8 2 3 10 10 6 10 7 8 4 1 8 10 6 9 1 9 8 6 4 9 5 4 2 6 2 9 3 8 8 7 6 5 1 2 7 9 8 4 10 7 10 3 1 4 9 5 7 6 8 3 3 7 5 6 7 2 8 4 6 5 2 6 10 1 9 9 2 10 3 6 6 5 5 4 10 7 8 5 4 7 1 9 3 5 10 10 9 5 6 2 6 9 4 1 1 3 9 10 10 4 8 3 9 10 4 1 2 10 8 4 7 5 4 8 10 6 2 6 7 9 6 7 1 1 7 9 9 3 8 4 8 9 1 1 3 1 8 6 10 7 8 7 10 9 3 2 7 9 4 1 8 8 4 3 8 1 7 2 8 3 7 2 3 4 5 10 4 8 1 6 9 9 2 9 2 5 4 9 8 7 2 1 4 10 2 4 7 2 4 1 4 7 8 4 6 5 7 10 2 10 4 3 4 8 10 2 3 5 8 8 6 3 2 2 1 10 8 8 3 8 6 3 9 4 9 5 6 10 3 3 7 2 6 3 10 4 3 7 6 4 1 6 2 6 4 5 3 9 6 6 9 3 10 1 2 9 10 4 1 6 10 8 3 1 5 5 10 6 9 10 2 3 2 5 1 9 10 8 10 10 4 6
1 10 5 7 5 10 6 7 9 6 1 6 6 1 8 6 6 6 2 1 9 2 10 3 2 3 1 3 3 8 1 3 4 10 5 3 5 9 4 5 3 1 1 4 1 3 1 5 10 3 8 8 10 8 5 1 2 1 9 8 4 6 9 7 3 5 8 9 4 10 2 1 3 3 9 6 4 6 9 10 10 5 1 2 3 5 2 4 1 9 7 5 3 6 6 4 9 4 4 10 1 3 8 6 9 8 10 7 6 9 8 5 5 10 7 2 7 4 10 1 10 10 6 7 1 9 1 8 10 7 5 8 4 3 10 2 1 6 5 2 9 6 2 6 10 10 3 2 4 8 7 10 7 4 2 8 6 7 3 9 9 1 4 4 7 4 7 8 3 10 10 2 5 6 9 5 2 2 8 3 10 9 2 8 1 8 6 10 8 1 7 1 6 1 7 6 10 7 4 4 10 9 4 10 7 6 3 6 9 7 2 1 10 9 1 1 5 5 5 10 6 5 2 8 8 6 10 1 1 1 10 3 3 4 2 10 10 6 5 5 7 5 6 9 9 7 2 1 6 6 9 7 4 6 6 3 6 7 5 8 1 6 4 8 5 4 6 3 2 8 6 1 1 8 6 3 1 10 6 1 8 6 1 9 7 9 6 3 5 6 6 8 10 4 4 8 3 10 2 4 9 9 5 2 3 9 2 2 6 6 10 6 8 4 6 8 3 7 4 8 4 9 1 2 2 8 8 8 10 9 3 1 1 3 7 3 8 8 9 4 2 3 4 4 5 5 3 6 8 2 9 6 8 7 10 7 9 3 9 4 3 8 10 10 10 7 1 7 7 6 7 3 6 10 7 5 2 2 3 3 2 5 7 10 6 7 6 9 2 8 10 1 2 6 5 8 5 4 10 9 8 8 3 5 10 8 10 5 9 8 9 5 6 5 2 6 9 9 10 3 8 6 6 8 9 9 3 8 2 8 10 2 1 6 2 6 2 9 1 1 4 5 7 6 6 2 3 9 2 2
1 7 8 5 7 5 8 9 10 1 5 6 1 6 7 2 9 9 9 4 10 7 6 6 6 3 8 9 4 7 8 4 2 5 1 4 10 7 3 6 1 9 7 1 5 4 7 7 4 5 4 7 5 9 3 1 8 10 4 6 3 9 3 8 6 2 10 7 9 5 3 4 4 4 5 10 7 10 4 2 8 6 10 5 1 5 5 5 6 10 6 5 3 10 3 9 8 10 9 8 10 5 4 10 7 4 5 2 5 5 10 6 2 2 2 7 5 4 1 7 8 1 6 1 5 4 2 5 9 1 1 9 5 6 4 10 4 6 8 7 10 3 4 8 9 10 3 5 4 7 2 5 2 2 1 7 1 7 6 7 8 5 10 6 1 9 10 4 9 8 10 9 7 4 3 6 3 9 8 8 7 9 2 6 9 8 8 3 1 8 5 7 6 9 3 9 9 8 5 2 7 1 1 7 4 9 3 1 8 2 4 6 8 7 7 1 3 7 3 4 1 5 9 10 8 7 1 6 7 8 2 1 1 9 1 10 10 1 6 4 7 6 1 9 8 3 10 4 1 2 9 1 7 7 2 10 6 10 8 9 10 10 4 6 8 1 8 9 2 10 9 6 4 10 10 9 10 8 3 10 2 3 4 4 10 3 3 2 2 9 5 2 9 9 9 3 8 10 9 3 10 10 5 7 6 6 9 9 8 4 4 1 9 1 2 10 7 9 4 5 5 7 4 8 2 1 3 10 1 9 4 7 2 10 8 3 2 3 10 3 2 8 5 7 6 10 7 6 2 6 6 3 3 9 1 5 1 6 6 7 3 8 7 4 1 4 2 3 7 9 10 1 1 5 8 1 2 6 10 3 3 6 4 8 8 9 9 2 10 3 6 10 5 8 10 1 9 1 2 8 6 5 5 3 8 5 9 7 6 4 9 1 7 10 1 3 8 4 6 3 6 5 2 8 5 8 2 9 5 6 6 2 3 3 8 10 2 1 3 4 9 7 5 10 1 6 9 4 5 3
3 5 7 8 3 10 9 1 2 1 7 8 6 1 9 9 4 10 5 7 7 10 7 3 6 7 9 3 5 6 7 7 5 6 8 3 9 3 9 1 10 2 9 7 5 3 3 7 10 10 10 3 2 10 2 2 4 9 10 3 3 1 9 2 7 1 10 7 2 4 9 4 5 4 3 4 7 8 4 3 8 1 10 9 6 1 1 2 3 9 10 9 6 2 6 10 6 10 4 2 5 5 3 5 9 8 8 7 8 3 4 6 9 2 4 2 6 5 5 3 5 3 3 10 9 6 10 2 4 5 8 1 5 5 10 7 4 3 4 1 5 2 10 4 7 10 5 2 1 7 5 9 3 4 9 10 6 6 6 7 1 4 10 7 10 10 10 6 9 3 10 8 1 10 7 9 1 5 4 3 6 7 3 1 6 5 7 5 6 9 6 3 3 4 6 7 1 3 1 10 5 8 10 8 4 9 6 8 7 1 6 2 10 3 5 2 6 10 8 3 2 4 9 4 6 2 9 4 5 1 3 4 5 2 5 10 8 5 8 4 5 1 3 2 8 5 1 5 8 4 9 7 3 2 10 8 2 3 5 7 8 10 9 10 7 8 6 6 8 10 7 9 8 2 9 10 6 4 7 8 2 2 6 5 8 1 10 9 8 4 8 3 8 1 2 3 1 8 7 6 2 7 1 4 2 8 8 5 4 8 7 8 7 3 4 9 9 2 6 3 1 2 2 10 2 7 1 2 2 4 7 10 10 1 4 3 3 3 3 10 6 3 9 4 3 5 6 10 6 10 4 9 3 4 5 5 9 8 2 4 4 10 4 10 5 5 8 1 4 6 3 7 3 3 2 9 5 5 5 8 3 6 4 5 6 9 3 1 4 1 3 4 6 5 8 9 2 9 8 8 9 6 9 9 3 4 8 4 1 10 3 7 3 6 4 1 4 8 5 9 8 7 5 8 4 5 6 10 5 2 5 10 5 4 3 8 6 5 3 2 5 2 9 6 2 1 5 3 4 7
1 7 7 10 5 1 1 7 8 10 3 7 10 2 10 10 2 4 7 8 3 1 3 6 6 8 5 2 8 1 8 10 3 4 8 10 6 7 2 6 4 9 3 1 4 8 4 7 2 8 2 1 5 6 10 1 2 6 6 7 6 10 1 9 10 2 6 6 1 7 7 6 5 9 8 1 1 2 4 1 6 3 2 6 9 10 7 3 3 4 6 4 4 7 2 9 1 9 9 6 3 9 2 5 1 3 8 8 7 3 6 4 8 7 9 1 4 10 1 7 9 7 1 2 1 6 4 5 7 10 4 3 1 2 8 8 1 5 4 10 6 6 2 8 2 7 5 7 3 9 3 2 10 5 8 3 6 6 2 6 10 6 8 1 10 4 10 5 7 3 8 9 10 10 3 4 10 2 3 1 1 1 3 8 3 5 8 4 1 4 7 9 7 6 1 7 7 5 3 6 2 7 6 2 2 5 5 3 2 9 7 10 1 6 10 6 2 8 1 8 10 2 6 1 1 6 7 6 5 7 2 10 8 4 10 5 4 4 8 4 7 5 8 5 7 5 9 1 9 10 5 2 4 8 5 10 8 4 2 5 6 8 1 7 4 6 2 7 9 9 5 1 3 10 10 4 7 8 1 7 1 10 6 5 6 6 1 3 9 1 6 6 4 8 8 9 7 4 8 8 6 2 6 8 10 5 3 3 8 7 3 2 4 7 3 5 6 2 2 5 7 7 6 10 8 3 1 2 1 5 2 8 3 7 5 9 7 10 2 9 1 7 4 5 9 6 7 3 5 4 8 9 9 2 2 1 1 8 2 3 3 10 9 9 2 4 4 8 3 6 10 9 7 10 6 2 3 3 8 5 5 5 10 8 1 6 7 4 8 8 2 6 6 1 7 7 7 10 4 2 3 4 4 9 5 7 4 7 10 3 8 8 10 5 9 7 1 1 9 9 6 7 9 3 8 3 1 6 1 1 2 4 2 8 6 8 3 9 9 9 10 9 7 8 10 1 1 7 4 4
1 9 4 7 1 4 9 4 3 6 6 8 3 10 7 1 1 8 5 8 2 7 8 9 7 8 4 9 6 1 3 10 5 7 5 4 7 7 7 6 7 10 1 9 9 2 3 3 1 8 7 3 10 4 5 2 1 5 2 2 4 10 4 7 4 10 1 7 8 7 4 10 9 4 8 1 5 8 10 2 2 1 3 9 6 7 9 8 10 9 8 3 6 2 10 1 7 8 9 7 8 4 5 3 1 3 1 9 8 10 9 9 5 7 8 9 3 1 7 10 4 3 7 5 10 5 6 8 10 7 2 10 5 9 5 2 1 6 5 4 10 5 6 5 7 5 5 6 8 4 7 10 10 2 10 6 8 8 1 3 3 3 10 9 4 4 4 8 10 3 7 5 10 7 3 1 2 8 4 6 5 7 8 2 8 10 8 8 4 3 2 8 5 7 7 8 2 5 3 2 1 8 7 8 3 8 2 6 8 4 10 1 7 1 6 1 1 6 9 6 4 6 7 10 2 2 9 8 9 5 4 8 9 9 10 10 1 5 7 6 9 6 2 8 3 7 7 2 3 2 2 8 5 6 3 7 8 10 7 1 5 7 6 1 5 9 2 8 2 3 5 5 2 8 4 1 2 9 1 7 6 7 10 8 2 1 7 4 10 5 10 1 5 9 2 5 7 2 9 5 4 5 10 8 8 3 5 5 10 7 9 5 5 8 10 4 1 1 4 3 5 2 9 5 10 6 3 10 8 3 6 2 6 9 7 7 6 4 2 1 7 3 2 9 3 7 5 7 4 3 2 10 3 5 8 5 7 4 6 8 1 1 8 1 4 2 4 8 2 10 9 4 10 2 8 10 6 7 1 6 2 4 2 5 2 3 1 7 8 8 7 9 10 7 9 1 3 6 8 3 6 4 4 8 7 3 1 3 9 1 9 3 2 4 6 6 5 1 2 4 7 1 6 10 3 5 4 4 4 1 3 8 2 6 6 5 7 3 6 7 9 10 2 5 9 3 8 8 9 9
5 10 10 3 10 5 3 1 2 2 7 4 5 7 5 4 5 4 6 7 4 6 5 3 4 8 7 6 2 9 10 3 2 4 4 5 1 10 5 3 9 10 8 3 5 1 3 1 2 6 10 2 10 7 6 1 10 6 8 1 3 10 3 1 6 8 4 8 7 8 3 4 10 7 9 8 4 8 4 8 6 5 6 9 9 9 6 2 4 10 9 3 4 10 3 1 2 6 1 1 10 4 5 9 9 1 7 8 8 8 1 4 7 1 2 1 9 1 9 8 3 1 2 2 6 3 10 10 6 8 4 7 5 1 7 2 5 7 10 8 7 3 10 10 8 5 3 4 6 2 3 4 10 2 7 2 7 6 9 2 1 6 7 5 2 1 10 9 7 3 9 6 7 5 4 4 1 4 9 4 6 7 6 9 4 8 7 4 5 6 9 1 7 5 7 7 4 7 6 2 7 5 3 4 8 10 6 5 5 6 3 2 10 10 1 1 3 6 2 8 10 5 6 2 7 8 10 6 8 4 6 2 7 9 1 6 2 3 2 9 4 3 3 5 10 2 7 2 3 7 2 1 5 10 8 5 9 8 4 3 1 7 8 4 5 8 2 1 8 9 4 5 5 4 7 10 9 5 8 6 10 1 4 9 5 9 7 9 10 10 9 2 4 5 10 4 9 1 9 4 2 3 8 2 4 10 3 1 9 3 10 9 3 2 1 10 7 8 4 3 4 4 6 3 5 6 9 4 1 8 5 8 1 10 8 9 6 4 10 1 1 4 8 9 10 5 7 2 8 3 4 7 9 3 1 10 1 7 10 6 3 8 4 2 5 5 7 2 2 1 10 6 4 5 3 9 10 5 4 8 5 1 4 1 3 10 7 2 1 7 2 9 1 7 4 9 2 6 9 3 3 10 5 8 5 6 7 5 4 9 5 1 3 2 1 10 7 3 9 7 4 7 2 8 1 2 9 8 1 4 1 7 6 5 1 7 5 3 4 8 10 3 8 5 2 5 6 6 4 8
2 1 9 3 6 2 10 4 9 8 1 6 8 7 10 2 3 7 8 4 6 4 4 9 9 9 4 3 8 2 10 1 2 5 7 1 6 5 10 9 2 3 10 7 5 8 3 7 8 1 5 6 1 2 3 5 4 8 6 6 2 2 7 1 5 2 7 6 6 3 7 8 9 9 4 4 5 6 9 7 1 4 7 9 2 7 8 3 7 9 2 6 4 10 3 6 5 8 9 6 9 10 5 7 7 5 1 6 9 6 1 4 5 1 1 8 10 5 7 9 10 4 10 7 4 6 5 3 4 10 2 6 7 10 6 3 3 8 5 1 6 3 3 4 6 6 7 1 7 7 9 9 6 4 5 1 1 7 3 8 3 7 8 8 5 9 8 4 10 2 6 6 5 5 5 5 4 5 10 1 10 5 4 6 6 3 3 3 10 1 1 2 8 8 5 2 5 7 5 6 7 2 3 6 8 10 4 9 4 5 1 8 2 10 7 3 10 8 6 1 10 1 1 1 1 2 8 10 1 6 6 5 7 6 2 2 3 10 2 6 8 4 6 7 6 2 7 9 7 2 2 9 10 6 2 1 2 4 4 8 10 1 2 2 3 1 7 5 7 2 10 9 8 2 10 7 3 7 1 7 4 7 7 7 10 9 8 6 8 4 4 2 4 8 7 9 10 9 1 3 8 3 1 10 8 10 6 6 9 7 2 9 1 10 5 7 10 2 5 7 8 2 3 8 4 2 6 6 5 10 8 5 7 5 7 6 6 10 10 10 9 4 3 5 9 9 3 9 4 2 3 7 10 3 7 1 8 10 5 8 6 7 4 4 4 4 8 2 9 1 4 5 7 7 6 10 7 5 5 9 10 5 2 3 9 5 4 6 10 10 10 5 10 9 7 10 7 3 1 8 3 6 1 2 8 8 1 2 2 7 9 9 6 10 5 5 10 10 4 2 3 9 2 7 7 10 2 2 1 2 6 8 3 1 1 1 5 3 7 3 7 3 4 4 5 10 9 4 5 6
2 2 8 1 1 6 4 6 4 2 2 5 7 5 8 9 10 8 7 1 4 10 3 4 2 9 7 3 9 2 1 6 9 7 5 9 5 2 7 2 1 3 5 4 8 7 4 5 5 10 9 6 8 6 9 8 10 4 10 9 9 1 2 7 4 7 5 3 3 8 4 8 7 3 3 7 3 9 9 2 10 7 3 9 3 5 8 8 2 7 1 7 9 2 8 2 4 10 5 9 6 9 6 8 2 4 6 7 3 5 2 2 9 7 8 4 8 9 7 4 5 5 2 7 1 8 8 1 8 2 7 8 6 6 3 9 4 1 4 8 6 3 10 10 3 1 9 9 8 10 1 4 1 6 8 9 4 9 1 2 8 1 8 2 1 4 6 3 5 2 6 8 4 9 8 8 6 9 8 10 3 3 5 6 9 6 10 2 6 7 1 6 4 8 1 7 6 1 2 9 6 7 1 7 9 7 5 8 6 3 7 10 5 5 5 6 9 7 2 2 6 4 7 4 3 5 10 10 6 9 10 7 4 5 5 3 7 6 6 1 9 4 1 2 4 9 2 4 5 1 3 1 1 1 5 6 9 6 3 6 6 1 8 8 8 7 3 7 1 9 1 1 4 2 2 5 7 2 3 9 9 9 9 9 10 5 10 2 2 7 8 7 2 1 9 7 8 2 6 1 1 5 10 5 8 3 2 7 7 1 4 4 5 4 10 3 7 9 6 8 7 5 10 10 7 7 4 3 3 4 2 2 10 9 3 4 3 8 9 1 2 7 1 2 2 5 6 3 1 5 8 1 9 3 10 2 9 3 2 5 4 4 2 5 6 10 3 6 8 5 1 9 9 3 5 6 1 2 1 7 5 9 1 8 8 5 7 2 8 7 10 9 6 3 5 7 1 2 9 6 8 9 4 4 2 4 2 9 6 10 5 10 10 6 9 3 9 2 8 7 6 3 4 4 10 9 9 5 8 10 10 4 3 4 8 5 2 3 10 8 10 6 7 6 3 3 10 1 1 1
5 1 5 6 4 9 4 6 4 8 8 1 10 8 4 6 8 2 7 6 6 1 1 5 1 1 3 4 8 5 4 7 2 3 4 9 4 5 10 8 9 10 8 7 8 6 3 9 2 6 5 10 2 2 8 8 1 2 7 1 10 5 6 3 2 6 2 3 7 10 10 5 5 1 10 7 5 2 4 7 4 5 3 7 3 10 7 10 2 6 2 10 6 4 1 2 5 8 9 4 9 2 2 1 7 7 2 3 5 4 9 2 1 1 8 6 5 4 8 4 10 1 6 5 3 9 7 9 8 6 10 3 5 8 2 3 7 2 7 7 2 4 7 8 4 5 5 6 2 3 2 8 6 6 4 4 2 8 1 4 4 7 8 3 7 4 5 1 1 5 6 3 6 9 7 4 4 4 4 10 3 2 1 7 1 3 3 7 9 1 7 5 6 10 3 2 4 10 7 1 6 9 10 10 1 9 9 3 9 7 4 2 7 5 2 6 1 8 7 2 9 1 3 9 3 9 3 9 5 9 1 5 4 2 6 5 4 9 6 6 2 1 4 1 6 9 2 7 8 10 4 1 8 9 8 4 1 5 2 7 4 2 7 3 3 5 8 1 5 8 2 1 7 4 4 5 3 2 9 6 1 10 10 5 7 7 6 8 6 6 9 9 9 2 9 7 10 4 7 7 3 5 4 2 2 2 3 5 3 8 10 10 4 7 10 4 2 3 9 10 7 5 6 4 5 3 10 10 7 8 5 8 2 3 9 2 4 2 4 3 7 5 8 8 3 2 6 10 5 1 3 10 2 10 9 5 1 7 10 2 9 7 3 2 3 3 2 5 1 3 1 8 5 6 5 4 7 9 1 10 2 2 6 8 6 6 2 8 6 6 9 8 5 7 7 9 7 2 1 5 8 7 2 9 7 7 9 8 9 3 8 1 1 2 2 3 10 4 4 10 10 7 5 9 3 2 4 7 2 7 8 4 4 9 8 1 8 5 5 8 3 7 2 9 4 9 5 9 10 10
1 3 4 4 7 2 7 9 2 3 4 1 1 8 6 1 3 1 2 7 5 5 9 7 5 1 1 9 1 1 7 10 10 3 6 2 3 1 4 4 8 5 9 8 3 10 10 4 1 4 1 6 4 2 10 1 10 7 2 10 5 7 6 5 2 9 3 2 5 1 8 7 3 7 10 1 10 10 2 1 6 5 2 1 6 5 3 4 3 10 5 10 7 8 1 1 5 3 3 7 1 3 7 2 6 4 10 4 1 7 6 2 10 10 1 3 6 10 1 9 8 4 1 4 8 10 5 6 3 3 1 7 7 9 9 7 7 1 7 1 5 6 10 8 7 6 5 9 1 5 1 8 5 8 3 3 4 3 5 4 6 9 4 9 8 4 8 2 7 9 3 7 6 6 9 8 1 6 10 10 6 10 10 2 6 7 3 8 6 6 1 6 9 8 3 5 6 10 2 1 3 3 9 9 9 5 10 10 2 8 10 1 10 6 6 1 2 6 8 10 10 10 8 5 1 2 6 2 10 5 10 1 4 4 4 1 7 10 5 3 5 8 6 10 10 2 1 8 6 5 10 5 6 1 3 10 6 3 7 7 3 4 9 6 4 2 10 4 2 8 10 5 4 1 10 3 9 3 9 1 8 6 3 8 3 9 10 7 3 10 1 7 1 9 1 4 8 5 2 2 1 7 3 9 7 3 8 5 8 8 4 5 6 3 3 5 1 7 8 1 1 7 3 3 4 1 9 4 2 6 3 4 1 1 8 1 1 5 7 6 10 9 2 3 1 5 9 4 2 9 6 7 7 8 2 6 2 10 2 6 9 8 2 2 7 10 1 8 8 8 6 8 10 1 8 6 10 5 8 1 5 1 5 1 5 2 5 7 10 2 9 8 10 9 3 6 2 10 6 3 10 10 3 5 6 4 9 8 9 9 2 4 1 10 3 1 8 1 10 10 1 3 5 8 10 9 7 2 5 5 9 8 9 7 9 10 3 1 8 3 5 2 1 2 2 6 3 4 9 4
4 6 3 6 7 3 8 7 5 8 7 8 2 10 10 3 1 9 3 8 4 5 10 7 6 1 6 4 9 10 5 3 5 5 7 4 3 6 6 7 7 4 2 10 9 9 2 10 6 5 8 2 5 1 4 3 6 9 8 3 2 5 3 2 5 3 4 4 8 4 7 7 6 5 5 5 4 4 4 7 8 6 10 1 8 3 4 7 3 8 7 9 9 7 6 10 3 4 2 10 10 1 3 3 2 6 6 1 5 8 7 7 10 1 9 10 7 9 7 9 8 2 1 4 7 10 7 9 9 2 5 3 6 2 4 8 7 2 7 8 3 8 6 2 9 4 5 8 8 7 3 10 4 7 10 2 6 4 4 2 1 7 7 3 10 2 8 7 4 7 9 4 4 2 2 5 10 8 7 10 6 9 7 1 7 7 6 8 8 2 8 9 9 8 6 4 4 10 9 2 3 5 2 1 9 5 10 5 6 7 1 1 3 4 9 1 7 5 3 5 2 9 10 5 8 1 2 7 4 2 5 5 6 4 2 1 6 4 10 10 1 7 4 10 9 10 6 3 3 8 7 2 3 7 9 1 4 4 7 5 5 3 7 8 7 1 1 1 9 8 2 1 8 8 4 7 3 2 5 4 5 6 9 6 10 6 6 10 4 6 1 4 3 5 4 6 10 3 3 7 6 9 5 7 3 7 9 1 3 8 3 10 2 5 2 4 1 9 7 2 6 7 8 1 4 5 3 9 5 8 4 1 4 1 7 3 2 6 6 1 10 4 4 9 1 7 6 3 9 9 8 10 10 1 8 10 10 6 4 5 3 6 9 8 6 6 7 1 3 5 4 1 3 5 2 1 9 10 1 10 4 10 3 1 2 4 9 10 8 9 2 5 2 8 5 10 8 3 2 9 1 7 10 7 10 7 8 5 1 7 7 2 1 8 1 2 7 6 2 4 10 5 3 8 7 8 8 2 4 2 6 3 9 8 5 1 1 9 8 6 8 2 3 7 7 4 5 5 6 4
2 9 2 3 2 8 10 4 4 1 5 4 1 10 5 1 5 1 1 2 7 10 3 7 3 4 8 8 2 5 1 3 2 9 9 6 7 5 6 4 3 10 1 2 5 10 9 2 8 3 10 10 3 4 5 8 9 6 6 2 6 5 6 4 4 5 9 10 6 1 7 5 10 9 10 4 1 10 6 10 5 4 7 7 1 9 3 1 3 1 1 10 7 3 4 6 7 1 7 6 1 9 5 3 1 3 2 2 4 2 6 5 9 1 2 6 3 3 5 2 6 10 8 7 1 5 1 4 1 6 1 7 9 3 8 7 1 9 10 8 10 6 6 5 1 1 6 3 7 4 7 5 1 5 3 7 6 6 4 10 8 2 9 4 2 5 2 6 5 4 9 6 8 4 4 5 2 1 8 7 3 7 7 10 3 3 5 4 3 1 3 7 2 8 9 7 9 2 10 5 9 7 1 10 10 5 5 6 7 7 1 10 9 9 4 4 7 4 5 6 3 3 2 9 7 8 8 1 10 6 5 6 9 10 9 5 2 4 6 10 8 5 3 9 5 5 6 1 9 8 5 10 7 4 3 9 5 7 6 5 6 2 1 9 9 6 1 7 2 7 3 4 5 9 8 7 10 5 9 10 2 3 6 8 4 10 8 4 4 3 9 8 1 2 5 7 5 5 6 8 1 10 2 2 7 4 6 7 5 3 3 4 3 7 2 10 8 3 10 9 2 4 3 3 2 2 6 8 6 6 4 8 2 8 5 5 2 10 5 8 3 8 1 3 2 10 3 2 7 5 1 9 5 9 6 3 4 6 4 2 2 2 1 4 9 2 7 9 4 6 2 4 6 2 3 4 5 8 1 4 4 4 5 1 1 5 1 4 10 3 7 2 4 4 10 7 6 9 6 5 8 4 6 9 4 8 2 3 2 7 7 2 3 7 8 4 1 10 3 5 8 4 7 9 3 10 1 7 3 9 2 10 9 4 1 2 3 6 7 7 1 4 10 2 6 4 1 5 8 10
5 1 9 9 3 1 5 2 10 2 8 6 8 1 4 8 7 9 7 6 5 4 5 4 3 5 1 4 7 5 8 9 6 5 10 6 9 4 9 2 2 8 3 2 1 9 7 3 2 1 1 6 1 4 3 2 8 4 6 7 10 6 7 2 8 10 7 9 3 2 1 7 5 10 7 6 2 7 6 5 5 4 6 5 1 7 4 2 7 3 8 4 2 10 5 9 4 4 9 4 4 9 3 2 1 4 4 7 2 7 2 1 5 7 3 7 6 9 3 9 3 1 3 1 8 10 1 4 10 3 5 1 10 8 9 8 1 10 1 1 4 3 2 2 6 5 3 7 8 4 1 8 5 1 8 3 6 1 9 1 4 9 9 9 1 8 8 2 1 9 9 6 6 6 8 7 7 8 8 8 5 8 1 8 1 8 9 1 10 2 4 8 10 9 3 2 2 7 1 8 5 2 3 1 1 10 4 3 2 7 3 1 8 4 8 4 3 3 10 10 1 3 8 6 7 4 3 4 1 4 9 6 8 9 7 8 5 2 3 5 3 9 10 8 7 4 1 2 9 3 8 9 9 9 3 1 6 5 6 6 1 4 5 10 6 1 7 3 5 3 6 5 7 5 6 1 10 5 1 8 1 3 2 1 7 8 6 4 4 9 7 4 5 2 5 10 7 3 7 9 3 9 7 3 5 4 10 4 3 5 4 5 2 10 5 8 3 7 7 4 8 1 10 10 4 9 1 3 5 3 3 5 8 2 8 10 2 2 8 3 9 5 1 5 9 1 2 10 3 5 2 4 2 7 9 9 5 3 4 6 2 1 7 2 2 10 7 9 10 6 10 1 6 1 6 5 1 2 3 5 2 10 6 2 9 2 1 3 5 1 4 10 4 1 5 2 10 10 10 6 3 9 10 4 6 4 1 5 5 5 5 7 7 3 6 10 5 2 8 10 9 8 7 5 9 6 1 2 8 7 6 4 8 9 10 7 4 10 5 3 3 7 3 6 1 4 2 1 9 4
4 5 8 10 6 5 1 3 6 2 5 7 5 2 2 2 6 3 4 2 1 3 6 1 4 7 5 9 3 4 8 4 4 6 3 10 6 7 9 8 10 10 9 1 5 1 7 8 2 5 3 5 3 7 5 5 1 10 6 9 2 5 9 7 8 3 1 5 2 2 8 9 9 7 8 4 1 3 4 2 5 2 8 5 1 3 9 8 9 9 2 1 7 10 4 7 3 5 3 10 6 10 1 7 1 3 2 4 8 8 9 1 10 10 2 1 2 10 3 3 8 8 8 2 9 4 5 7 2 5 3 3 2 10 10 3 2 7 7 7 4 9 2 5 9 9 5 7 8 1 5 5 2 6 2 5 7 9 9 10 6 6 2 6 3 4 4 2 4 8 2 8 9 8 9 8 6 9 8 4 2 1 2 2 8 2 8 3 1 4 1 4 8 10 3 6 1 3 10 5 6 9 7 9 4 9 2 3 8 1 4 6 6 1 7 1 2 8 9 5 8 8 9 1 3 4 10 2 1 10 8 10 9 1 10 7 1 4 3 1 10 9 6 8 8 3 2 2 8 9 6 3 5 1 7 6 7 3 1 3 3 10 1 6 1 9 2 4 6 7 7 10 1 10 3 5 10 5 10 6 6 1 4 1 2 10 9 1 2 9 10 6 8 7 7 2 1 8 1 5 1 2 10 7 4 6 6 10 10 9 5 5 3 5 6 5 3 1 9 1 7 10 9 2 3 4 7 9 6 2 2 5 5 7 2 1 5 10 5 8 6 8 3 9 8 6 10 10 6 6 6 9 5 8 9 7 3 3 2 9 4 8 7 1 5 5 4 6 2 7 8 7 10 10 2 6 6 2 1 6 2 9 2 9 7 1 10 2 9 3 2 1 7 3 3 6 6 9 10 7 7 4 6 8 5 9 8 10 8 8 1 3 7 6 9 8 10 2 1 7 7 5 6 3 8 8 1 3 5 4 8 1 4 6 6 4 2 5 9 1 9 1 1 8 5 9 1 10 4 10
1 6 10 2 9 6 8 8 3 4 9 2 6 8 4 3 1 2 1 2 5 1 3 10 4 8 10 7 4 4 7 3 5 5 6 4 3 4 7 1 3 4 5 5 7 2 6 2 4 10 6 3 6 6 8 2 1 7 3 9 5 1 8 1 7 9 8 6 10 8 3 1 3 1 8 5 2 8 10 9 6 8 1 9 6 9 3 7 3 3 9 5 6 1 7 10 9 8 5 4 7 1 2 5 7 9 5 6 1 4 9 7 9 10 9 3 10 3 8 10 6 10 6 4 10 8 9 4 9 7 4 5 6 5 9 5 2 7 6 10 7 7 6 3 1 10 8 7 10 9 9 8 2 3 9 10 9 9 3 7 8 9 1 8 9 8 1 9 9 1 8 1 9 2 10 5 6 10 6 3 7 7 3 6 4 4 8 5 1 10 6 1 4 8 3 5 9 10 6 2 10 6 3 9 8 5 4 3 2 8 10 3 6 4 6 5 5 2 10 10 10 8 7 1 9 3 1 5 4 6 3 6 7 2 5 1 4 10 8 9 9 5 10 6 7 10 4 2 9 6 9 8 2 5 3 4 9 1 3 10 6 4 6 2 1 5 8 7 9 4 4 9 5 10 5 6 4 4 3 10 10 7 7 4 5 1 4 10 7 6 6 2 8 6 8 1 6 4 9 5 8 3 5 7 2 1 6 6 2 3 6 5 8 5 10 1 3 7 3 5 5 4 2 8 10 2 5 6 4 10 9 5 9 8 2 8 3 2 5 10 2 6 4 5 2 3 9 6 1 6 2 5 8 3 10 10 8 4 10 9 4 4 4 2 3 4 8 10 9 2 1 7 5 7 7 7 4 7 4 3 2 4 1 7 5 7 7 3 4 10 10 7 2 9 5 5 9 4 7 7 1 6 8 7 7 1 5 5 8 3 1 4 2 1 9 1 8 2 10 6 2 4 4 7 1 5 10 5 5 8 2 1 4 4 4 7 10 6 8 6 7 2 4 5 7 8 1 7 9 3
1 9 5 3 7 4 4 7 10 5 9 5 9 9 5 3 3 7 7 8 5 9 4 6 5 2 7 5 6 9 6 3 7 5 8 1 5 10 7 6 1 9 5 3 9 6 3 8 9 6 9 6 10 8 5 9 1 1 4 1 7 9 7 1 10 2 10 1 6 9 3 8 1 5 8 8 1 6 1 4 10 6 6 7 6 1 2 6 6 2 10 6 2 1 6 2 8 8 1 2 10 7 5 7 4 4 1 10 9 1 7 7 9 9 6 2 6 6 4 10 6 3 9 9 4 9 9 2 3 3 10 10 10 2 2 8 4 1 6 4 4 10 3 10 2 4 3 9 1 7 2 3 6 2 7 10 7 5 4 4 7 1 3 1 9 3 10 9 5 2 6 1 1 7 4 3 5 9 9 1 9 6 6 6 1 8 5 6 6 8 1 10 2 5 10 5 5 1 1 5 10 4 9 3 1 6 3 7 5 10 7 10 7 4 8 9 10 1 6 2 1 6 2 5 6 6 5 1 9 2 7 7 7 1 1 5 6 5 8 7 7 8 7 1 6 5 2 5 9 8 7 10 2 10 6 1 9 7 3 5 5 5 5 5 8 1 2 3 8 5 10 1 9 1 7 3 7 3 7 3 3 2 10 10 6 7 1 9 5 9 9 4 1 10 2 2 6 1 2 1 8 2 10 8 9 8 4 4 6 5 10 8 7 9 3 6 4 4 2 10 10 7 2 10 4 1 1 6 1 8 2 5 1 5 1 5 4 5 9 6 7 10 2 5 7 3 9 9 9 8 9 2 7 1 9 8 9 9 9 10 6 4 5 7 3 7 3 9 5 2 5 3 10 6 10 8 10 9 3 3 6 10 8 2 6 9 5 8 9 3 2 5 10 3 1 9 10 10 10 7 10 2 10 8 2 2 3 7 8 1 2 8 5 1 4 7 6 2 7 8 1 3 2 3 2 7 5 5 10 4 5 6 9 4 5 4 1 1 5 8 7 9 5 7 8 5 5 1 2 4
4 9 10 2 8 6 5 6 9 10 2 4 6 8 5 10 5 1 8 7 9 10 3 2 3 7 9 9 8 10 4 3 2 6 9 8 5 8 3 7 3 5 5 4 4 3 6 2 10 7 6 6 6 2 1 3 6 4 3 2 5 8 9 9 7 6 1 8 7 2 9 7 8 8 9 3 4 5 8 10 10 8 7 1 2 1 3 8 6 2 3 5 5 10 3 9 9 9 3 10 4 10 5 9 6 4 8 7 7 2 7 8 6 10 9 4 9 1 6 5 3 2 8 1 1 7 3 4 3 10 1 3 9 8 3 10 8 6 9 7 9 9 1 2 10 9 3 3 8 6 1 1 7 1 4 7 3 3 10 4 3 4 1 3 9 2 2 1 9 6 7 6 2 10 4 8 1 4 1 4 2 8 10 4 1 5 4 9 8 7 5 1 9 2 10 10 9 2 9 7 9 3 6 10 5 4 8 10 10 4 4 4 6 10 4 9 2 10 10 5 10 1 10 8 5 4 4 6 3 3 2 4 9 4 5 7 10 1 7 5 9 4 8 1 2 4 10 5 4 9 1 8 5 7 1 9 4 7 7 1 7 10 2 5 7 1 1 2 1 1 5 6 5 5 7 9 10 7 1 8 4 5 1 3 8 7 6 4 4 4 5 7 1 3 6 3 1 8 5 4 2 5 10 2 8 3 8 5 2 6 4 9 9 1 4 5 3 1 1 5 1 6 3 1 9 9 4 4 8 7 4 1 6 6 3 10 9 10 2 1 5 3 2 4 3 3 4 5 1 1 1 6 2 7 7 6 2 1 6 5 6 1 5 8 5 1 3 9 5 4 9 10 6 5 1 7 4 2 4 7 3 8 5 10 4 6 8 2 7 6 9 6 5 2 10 4 10 3 5 1 7 6 4 7 10 7 3 6 1 1 8 9 4 9 2 1 10 9 8 4 3 7 9 4 6 10 1 3 6 7 7 7 1 4 1 7 6 3 3 10 9 4 5 9 2 8 6 7 5 9
1 10 4 5 8 10 10 9 2 6 2 4 5 2 2 8 9 9 6 10 1 3 8 1 9 8 4 9 2 9 4 1 10 3 10 7 5 4 8 6 3 9 3 6 1 2 8 6 4 6 6 6 5 6 1 6 10 1 4 6 9 8 7 3 7 6 10 6 8 6 2 5 8 6 2 10 10 8 5 5 3 10 1 7 3 7 1 10 5 7 8 4 5 3 8 6 6 2 8 9 5 3 2 6 9 4 10 2 3 7 9 1 9 5 8 1 5 7 3 9 4 1 9 3 7 5 5 10 10 8 6 7 6 6 3 2 10 5 1 8 1 4 4 6 7 9 9 1 1 8 10 8 5 5 2 8 7 3 3 1 7 9 3 9 6 8 6 9 9 1 2 1 2 6 3 10 6 3 9 9 8 7 8 10 4 6 9 10 8 9 5 6 1 2 1 5 7 10 10 1 4 5 6 9 10 7 9 7 7 4 8 4 10 9 7 3 1 7 8 2 1 9 10 4 9 6 2 5 6 9 4 2 3 2 5 6 2 10 10 2 4 6 9 9 5 7 3 10 8 2 2 1 5 9 1 1 7 6 4 1 9 4 7 6 6 9 3 3 8 3 10 7 4 9 10 2 10 3 4 9 6 6 10 10 4 1 5 10 6 4 10 1 4 2 4 7 3 6 8 4 5 4 8 7 6 2 2 10 2 7 1 1 9 2 2 2 7 1 9 9 4 5 1 3 10 3 1 10 9 8 10 8 4 5 7 5 6 4 4 6 8 8 8 7 9 7 1 9 3 10 3 5 4 2 4 4 7 4 2 9 5 5 9 3 7 10 5 5 5 10 1 4 3 7 2 4 2 6 3 4 3 7 10 10 6 7 2 6 6 2 6 4 10 6 9 5 10 7 5 1 3 9 3 4 2 2 5 5 3 7 4 7 4 4 4 2 8 5 3 10 8 7 2 10 5 7 4 4 7 1 1 2 3 4 7 1 7 5 5 8 9 7 2 7 1 9 4 6 4 4
3 5 2 6 10 2 5 1 7 8 4 9 1 1 3 9 2 10 4 1 10 6 8 10 10 8 6 1 4 1 10 6 4 7 3 10 6 10 1 2 10 4 1 9 2 6 3 7 10 3 1 3 4 9 10 3 8 1 1 2 2 3 1 3 9 5 6 6 6 5 9 9 2 3 9 1 10 10 6 7 3 7 9 4 4 7 4 2 9 5 8 7 4 7 4 6 10 6 3 8 10 3 7 2 1 6 4 4 10 3 8 5 6 7 10 7 2 6 2 2 6 3 3 2 6 3 1 1 2 10 1 5 1 10 5 5 4 9 8 9 9 1 8 4 9 6 5 3 10 4 8 8 10 8 6 7 2 4 6 1 5 4 7 7 3 7 7 5 10 3 10 6 4 7 5 2 10 5 9 1 9 3 2 9 6 3 7 3 8 4 2 4 9 5 1 8 9 9 5 7 7 3 9 10 4 9 5 4 2 8 10 5 7 8 7 9 9 3 10 4 3 5 6 2 9 3 4 8 10 4 2 10 4 1 3 9 9 10 7 4 4 2 2 7 1 4 7 7 5 4 10 8 1 4 7 1 7 3 1 2 7 10 3 6 2 3 6 4 5 8 2 1 8 8 1 9 9 3 2 1 2 2 4 2 1 7 6 3 1 2 3 7 7 5 4 7 4 8 9 7 2 1 2 1 5 8 6 10 1 7 3 9 8 9 9 5 6 2 4 3 3 2 4 4 5 8 3 7 6 6 7 3 1 10 4 5 8 5 8 2 1 1 10 4 6 7 10 4 8 10 8 4 3 5 2 7 5 1 7 10 9 10 5 3 3 3 9 9 9 9 9 2 2 1 4 4 5 10 8 1 10 9 7 10 7 5 1 8 4 4 2 2 6 5 5 8 6 7 2 4 5 2 7 9 4 1 1 1 4 10 1 1 1 7 5 1 5 6 10 3 4 5 5 2 1 2 3 9 9 10 9 5 7 6 4 4 6 9 6 1 5 4 2 2 6 10 7 6 2 6
4 2 3 9 8 7 10 1 5 7 10 3 4 6 3 1 10 5 3 3 7 6 8 4 7 6 4 7 1 10 3 5 9 9 3 3 2 4 9 6 1 3 8 2 2 1 7 8 5 3 2 1 6 6 2 10 7 1 5 7 6 8 1 5 8 6 8 4 10 10 3 1 4 1 1 6 10 3 3 2 3 6 4 2 5 9 4 8 8 5 8 8 6 7 5 7 1 1 7 6 8 2 1 8 7 4 1 5 7 8 5 6 8 9 1 10 9 6 9 2 2 8 10 9 1 2 9 1 5 2 8 6 9 2 6 7 8 1 10 7 2 9 10 7 8 1 8 3 8 5 4 3 1 8 8 7 3 8 4 5 2 10 4 4 10 2 6 9 2 2 1 6 5 1 7 8 6 7 7 5 2 6 5 1 9 2 7 9 3 5 5 10 6 6 6 10 8 9 1 2 3 5 10 6 7 2 2 7 6 1 1 1 10 2 9 8 4 1 6 8 4 8 6 5 9 1 9 7 10 6 9 8 10 2 2 6 10 9 5 7 1 7 3 4 1 5 6 3 4 1 10 6 4 10 3 5 8 2 6 5 5 6 6 1 2 9 7 1 1 8 8 7 10 5 6 8 8 4 4 5 8 9 10 1 6 10 2 6 10 5 6 3 9 9 8 9 3 2 10 4 2 9 1 4 10 2 6 1 1 9 1 3 6 2 3 10 8 1 8 5 1 4 8 2 9 1 7 10 2 10 6 4 9 5 8 4 10 10 3 6 1 9 1 2 4 2 1 3 6 7 6 10 9 10 4 1 8 10 3 5 8 7 10 3 7 1 6 9 6 10 9 9 5 9 6 1 9 6 3 1 9 2 3 1 1 5 8 2 9 9 7 7 5 9 2 3 8 8 4 3 4 9 4 2 7 9 3 2 4 8 1 4 4 8 5 5 2 3 6 1 7 3 8 5 9 10 6 5 4 2 3 8 7 10 6 4 4 2 6 9 6 3 8 9 1 1 1 7 1 9
1 4 9 5 10 1 4 7 4 9 1 2 8 6 7 7 6 1 10 6 5 4 7 10 1 9 10 1 8 6 10 5 3 8 1 7 10 5 4 6 2 1 9 5 5 8 8 10 8 4 5 4 10 10 7 4 2 2 6 5 8 10 5 1 2 4 8 7 2 2 3 10 7 10 6 4 9 1 9 8 6 4 2 6 10 6 3 7 2 8 2 1 8 4 7 5 5 9 10 8 3 4 5 2 3 7 10 1 2 2 3 2 2 7 10 1 6 3 10 4 3 4 3 4 7 4 10 4 1 10 2 10 10 9 10 6 7 1 6 2 8 1 8 1 6 1 1 1 8 9 8 6 4 6 2 2 10 2 8 8 1 2 5 5 2 1 3 7 7 9 8 1 1 3 10 7 10 1 3 6 1 7 8 1 9 2 6 10 10 9 5 2 1 2 7 10 5 8 7 6 6 1 9 3 6 6 8 4 8 4 8 8 8 4 4 2 6 3 2 7 6 4 8 4 1 2 3 1 1 5 10 7 4 7 2 7 4 8 4 5 4 6 10 6 10 1 3 2 9 2 6 1 6 5 7 5 7 9 9 8 9 5 7 4 9 3 1 7 8 10 10 4 9 10 8 7 8 8 5 4 9 10 7 1 5 8 6 6 3 3 1 4 4 3 10 8 2 10 2 7 9 3 10 2 8 8 8 6 8 10 5 7 5 9 2 1 7 8 1 7 3 7 7 10 7 1 2 6 7 9 1 10 9 2 8 10 9 6 2 4 3 6 8 5 1 9 1 10 6 8 1 8 1 7 5 5 4 4 3 10 5 7 4 10 8 9 6 10 5 10 8 6 2 4 6 2 2 2 10 4 8 4 4 8 4 5 8 7 9 4 1 4 6 2 6 2 7 9 10 6 1 2 8 8 5 7 5 3 3 7 8 9 7 2 3 8 4 7 10 3 6 1 2 4 2 9 9 2 7 6 9 4 9 6 2 2 2 9 5 7 1 1 1 5 8 2 5 4 1 6
4 6 3 6 6 2 9 9 8 10 3 1 8 10 7 1 1 10 5 9 5 3 1 10 9 7 6 4 5 7 3 3 4 1 10 4 10 9 8 3 6 5 10 3 2 4 9 7 1 4 6 4 4 6 7 6 7 1 4 2 2 10 5 4 5 3 2 1 9 4 5 10 7 2 7 8 6 4 10 10 7 6 6 10 6 2 1 5 4 10 9 10 1 1 2 7 1 8 10 2 4 9 2 5 5 8 5 8 9 10 6 4 2 9 2 3 2 7 6 2 6 9 3 5 9 3 2 7 1 8 5 2 9 2 3 4 1 10 2 6 8 6 4 4 7 5 1 3 5 8 8 10 6 5 7 6 7 2 5 1 8 7 4 7 7 6 9 3 3 9 10 10 1 9 9 1 2 5 6 2 2 9 2 2 5 4 10 5 2 8 1 10 1 9 7 2 5 6 9 6 2 10 9 6 2 10 7 4 2 6 6 9 10 2 4 6 2 2 8 6 2 3 10 7 10 2 9 5 5 8 4 8 6 7 2 8 6 6 1 5 7 1 8 6 6 4 2 2 3 7 3 10 5 8 4 6 3 7 4 3 7 7 6 8 7 7 4 1 4 1 2 8 1 3 4 5 8 9 4 2 6 1 4 5 6 10 7 3 4 6 5 6 1 4 3 6 1 8 5 4 4 1 2 10 7 10 1 7 3 7 5 1 9 10 2 2 7 5 2 2 4 2 5 6 9 7 8 3 7 7 7 6 8 6 2 5 8 10 2 2 9 2 9 5 6 2 1 9 2 6 3 9 2 2 5 5 1 9 8 5 2 4 10 2 2 4 6 2 8 6 4 8 8 10 7 4 4 8 8 2 10 2 2 2 4 7 6 9 10 4 6 8 5 1 6 8 7 8 4 10 1 2 2 6 9 6 8 9 4 10 7 7 2 1 5 8 2 8 9 7 9 1 8 4 2 4 1 2 10 3 5 7 4 7 2 8 2 3 6 4 7 9 2 1 5 9 9 8 3 10
5 1 4 5 7 1 6 9 8 7 4 10 9 9 6 3 8 5 10 8 8 8 10 10 5 10 3 4 6 5 4 6 6 6 10 6 4 10 2 5 4 1 1 6 10 10 6 2 5 1 10 10 1 5 5 5 5 4 3 4 9 5 2 7 4 4 10 6 8 2 5 4 2 3 10 4 7 1 7 5 3 7 3 5 9 6 1 3 7 3 9 9 8 9 7 6 7 4 1 8 5 2 8 8 2 2 7 3 6 4 4 10 3 7 5 9 10 5 8 2 4 3 3 6 5 1 7 9 6 4 4 1 7 6 3 10 6 9 2 2 7 1 4 4 1 4 10 6 5 8 5 4 4 10 10 1 8 2 9 7 9 7 5 2 4 1 8 8 6 8 4 2 2 1 3 8 9 1 4 9 2 9 2 5 3 3 3 10 8 3 1 9 5 5 2 4 1 4 5 3 4 1 10 2 6 6 1 8 8 2 4 1 10 10 6 1 10 1 10 9 5 7 5 5 10 3 5 9 4 6 3 7 4 7 2 7 2 7 6 2 1 1 8 7 9 1 10 6 1 1 1 4 7 1 7 9 3 8 2 3 7 3 1 9 10 6 5 3 7 1 7 1 3 5 10 10 6 7 7 10 6 1 5 5 6 10 6 1 6 8 6 4 3 3 3 5 1 8 2 3 8 2 3 3 3 7 9 5 2 9 8 10 5 9 2 9 2 10 5 5 8 10 2 9 6 3 1 7 1 3 3 6 2 10 3 7 8 8 1 5 7 5 8 9 6 3 1 9 3 1 9 4 9 1 9 2 3 8 8 8 7 4 2 5 6 6 10 1 7 5 6 7 6 4 8 3 2 1 9 6 10 10 8 4 2 3 5 5 7 10 1 3 10 1 10 2 6 5 2 1 4 7 4 10 7 2 1 10 3 8 7 9 7 10 10 5 3 5 8 4 4 9 5 4 9 5 10 8 7 10 3 8 8 9 8 6 9 2 6 7 6 7 10 2 6 5 5 10 2 7
5 9 6 1 10 1 5 2 9 9 3 6 3 1 8 5 5 5 6 1 8 5 9 5 4 4 7 9 3 6 1 5 1 3 6 8 10 2 6 1 8 3 10 8 4 5 8 1 9 1 1 4 1 4 6 2 1 1 3 2 4 6 6 2 10 5 8 1 3 10 6 6 6 7 9 7 7 2 5 1 8 3 3 6 1 8 1 7 10 9 1 4 9 3 10 5 1 9 2 10 1 3 2 3 10 10 3 8 1 4 5 2 4 6 8 7 1 3 2 10 8 2 2 1 3 10 10 8 6 9 4 6 1 6 4 3 1 7 3 10 5 4 8 2 3 8 2 1 8 1 1 10 3 2 1 7 2 7 3 10 10 9 4 5 5 9 3 8 4 2 4 10 7 5 4 10 7 5 1 10 5 4 8 7 1 10 6 1 1 7 3 1 4 7 1 5 10 9 6 6 8 10 7 3 8 8 5 6 7 1 4 4 5 3 8 3 2 8 4 1 9 9 4 1 9 6 8 6 3 2 7 3 6 5 4 1 10 2 9 4 3 10 7 2 5 5 1 7 5 5 2 9 2 3 10 2 9 6 6 4 5 6 4 10 9 1 2 10 1 1 9 9 4 10 5 3 9 3 4 8 3 9 6 6 6 9 6 3 10 5 10 2 6 8 1 8 2 5 6 8 5 1 1 4 8 5 7 6 8 1 3 8 6 6 10 7 1 1 6 2 1 7 5 3 7 8 1 6 3 1 2 9 1 3 8 5 10 4 4 1 10 9 7 2 1 7 6 3 8 6 5 10 3 9 10 5 9 5 6 4 6 5 7 5 10 4 4 2 10 2 1 1 7 4 4 8 4 1 5 3 10 5 1 3 8 9 10 8 9 7 6 3 1 4 10 8 2 9 5 7 3 7 4 3 8 10 6 8 8 9 4 3 7 9 10 1 9 6 3 5 4 9 10 7 1 10 4 8 4 2 10 3 2 2 6 4 7 9 8 4 2 4 1 6 8 7 1 2 9 7
3 4 7 3 3 4 6 6 1 9 5 8 5 2 10 8 6 9 4 9 8 4 1 7 9 9 9 2 3 5 2 1 1 4 3 6 5 1 3 6 10 8 3 5 10 6 3 2 5 8 1 10 10 10 1 6 1 5 1 2 4 5 9 3 4 9 7 4 2 8 5 9 1 6 3 1 1 3 8 8 3 9 1 3 10 4 5 2 3 10 9 6 2 4 6 10 8 1 5 6 4 3 1 3 6 10 7 4 8 1 10 3 3 1 1 3 10 5 5 5 1 10 9 9 7 7 7 3 3 2 5 4 9 4 6 2 3 5 10 9 10 5 7 7 1 9 5 7 3 10 1 10 9 7 2 2 2 1 10 10 7 4 10 2 1 3 8 10 9 10 9 8 8 8 3 3 3 3 4 10 4 3 3 5 8 1 9 5 8 1 1 8 8 10 1 5 2 7 1 8 6 6 4 9 1 7 3 5 5 7 2 2 8 3 2 8 8 2 1 6 2 2 6 10 7 3 6 10 1 6 6 3 7 9 8 9 3 7 6 8 6 3 4 2 3 4 7 8 3 10 10 5 4 1 6 8 1 2 3 6 4 9 4 3 6 3 6 1 2 9 5 4 2 8 10 8 5 3 1 5 1 3 3 3 6 5 9 6 3 6 3 5 1 2 7 7 5 4 5 3 3 10 4 10 8 3 5 4 7 5 1 1 5 6 8 1 1 7 4 8 10 1 1 8 5 1 7 8 8 10 2 7 2 3 3 5 9 1 10 1 3 9 10 6 9 4 8 3 5 2 5 1 6 3 6 3 3 1 3 10 1 6 10 2 1 2 10 7 3 6 7 10 4 7 10 4 3 4 7 5 9 4 8 2 1 9 5 7 7 7 3 5 3 7 10 10 9 1 2 2 6 6 3 10 1 10 1 5 2 10 2 8 6 7 8 5 3 8 5 6 4 9 10 4 10 10 1 1 8 6 2 7 2 5 1 4 10 10 8 10 9 8 4 9 2 4 5 2 2 4
5 3 10 10 10 6 10 4 10 3 7 8 4 2 10 7 6 5 1 1 3 6 5 8 9 5 3 8 7 10 7 3 2 4 9 5 3 6 3 2 10 8 9 1 5 4 1 10 2 9 7 10 3 2 3 2 4 7 8 5 5 8 1 9 1 7 5 9 10 1 7 6 10 9 6 2 6 10 5 7 8 2 2 9 5 4 2 7 8 9 8 2 1 10 5 7 8 3 4 9 6 9 5 9 10 7 7 2 10 9 1 8 7 8 6 3 3 7 1 9 7 5 1 9 6 10 5 5 2 1 10 6 4 6 10 10 9 6 10 5 8 10 3 6 8 5 8 1 7 7 4 9 7 3 3 1 3 8 5 1 8 9 6 5 6 10 5 8 1 5 1 9 3 1 6 4 7 8 7 1 9 10 4 8 1 7 7 10 8 4 2 5 2 1 3 3 4 8 2 9 9 2 7 7 6 9 7 1 8 6 4 9 1 6 2 9 4 4 7 5 8 9 6 5 6 9 2 3 6 2 1 8 5 9 9 10 2 2 1 10 2 1 5 6 5 9 5 6 2 6 5 5 6 7 8 3 4 5 7 5 2 7 2 10 7 9 8 10 2 4 6 4 7 3 4 9 9 8 9 3 8 7 2 5 3 10 5 8 5 5 2 7 9 10 6 3 5 1 3 9 7 3 7 8 2 6 2 10 7 2 10 7 9 6 4 4 3 8 10 1 1 6 9 4 9 2 10 5 7 7 2 5 1 5 1 1 5 7 7 10 4 6 7 7 10 2 5 9 6 5 1 3 1 1 1 9 8 9 5 4 4 7 5 6 7 8 7 6 4 10 9 7 8 8 6 10 9 3 10 1 5 5 1 4 10 6 5 9 1 6 4 2 8 8 5 9 9 7 2 9 5 5 7 10 9 8 9 2 4 9 2 6 6 6 5 8 3 8 6 1 9 4 5 9 8 2 8 8 10 8 8 2 1 5 1 4 10 8 2 7 8 5 9 9 1 5 2 4 3 3
3 4 1 5 4 2 2 3 10 3 9 1 2 4 8 6 5 8 5 10 10 9 3 1 9 3 7 5 2 5 9 5 7 4 5 6 7 8 7 7 6 4 8 3 9 9 1 3 6 3 5 4 5 8 10 7 10 5 2 9 10 1 1 6 4 6 6 8 6 4 3 5 9 6 9 8 9 2 1 10 1 2 6 4 9 7 1 6 8 4 2 1 8 1 4 7 3 8 9 1 9 9 9 9 1 7 5 3 5 10 3 6 2 1 5 7 9 7 8 6 4 1 9 6 6 6 8 1 6 9 1 1 1 6 2 3 4 3 1 4 4 3 8 9 3 1 5 5 5 7 1 9 3 9 1 4 9 2 10 4 10 5 7 6 10 10 9 2 5 6 9 9 3 9 10 4 9 3 4 2 7 2 1 9 4 10 10 1 10 8 2 10 7 3 4 4 9 4 8 10 10 9 2 7 2 9 6 1 8 6 4 10 4 10 4 4 8 10 5 1 2 5 6 4 6 4 5 4 2 2 10 4 4 5 3 10 8 4 9 2 9 10 6 1 1 6 6 10 8 3 7 3 5 10 4 5 10 8 4 8 4 9 4 7 4 5 7 9 1 10 5 9 8 8 6 9 6 10 3 4 2 2 8 4 1 2 7 1 7 4 9 8 2 4 9 8 4 9 7 10 4 6 8 9 6 3 6 1 9 6 8 8 8 6 9 7 3 9 1 5 5 9 8 6 4 10 9 3 4 4 10 4 4 6 7 10 7 7 4 1 4 10 3 5 3 4 10 4 4 7 8 6 2 10 8 3 5 2 6 4 3 4 10 4 4 2 1 6 1 4 9 10 6 6 10 10 9 7 10 4 6 5 2 3 1 10 2 4 4 10 4 5 7 5 7 10 10 4 5 8 8 2 5 5 3 3 8 8 5 5 1 1 1 1 6 10 8 3 1 9 8 2 7 3 7 3 4 7 1 9 10 5 6 1 3 6 5 3 5 8 5 3 5 8 5 9 6 3 9 5
4 1 6 2 1 9 8 5 8 6 6 9 5 5 10 6 3 7 2 1 3 9 6 7 7 5 9 3 6 3 4 2 10 5 10 1 3 6 4 9 1 7 7 10 2 3 5 4 10 10 9 6 1 4 10 5 2 6 3 10 1 7 7 7 7 2 7 6 8 4 4 4 7 6 5 6 2 2 6 2 7 10 6 10 5 10 8 7 5 2 7 9 5 7 3 4 10 3 7 2 6 6 6 6 8 9 1 1 2 8 6 8 8 3 6 3 3 3 2 3 7 7 4 9 6 5 8 5 5 1 2 5 10 4 3 9 8 6 2 4 2 4 6 4 10 8 3 3 3 8 10 7 10 9 5 4 10 7 8 4 7 6 9 9 3 10 7 5 4 3 1 9 10 7 8 7 4 1 3 10 5 1 1 8 6 10 2 4 6 5 7 6 7 9 4 5 8 9 3 8 9 7 7 8 10 7 7 3 5 8 1 5 6 10 8 4 5 4 6 3 1 9 9 6 4 8 6 2 7 8 1 5 2 6 10 4 3 8 10 3 9 10 1 10 8 9 8 6 8 10 2 1 2 6 1 4 2 2 10 10 2 4 10 4 2 5 4 9 10 8 6 10 3 3 9 5 5 2 1 4 2 5 8 10 2 1 4 5 8 4 6 9 1 9 6 8 8 1 2 7 1 8 2 4 10 6 10 8 4 4 9 6 9 5 1 5 8 6 7 5 10 4 6 2 2 7 1 4 9 10 8 1 5 4 5 4 2 8 4 9 9 1 6 2 2 1 5 10 6 10 5 6 10 9 1 8 4 5 9 3 5 6 4 1 10 4 1 9 5 10 7 6 8 4 9 7 2 9 1 5 1 3 7 2 6 5 4 9 8 3 10 6 4 3 9 8 5 9 6 9 3 4 6 9 8 7 10 6 4 9 6 10 5 1 9 4 9 5 8 6 2 9 2 5 7 10 10 4 10 10 6 7 10 6 10 2 2 5 9 9 9 5 7 8 6 5 6 7 8 10
3 10 3 2 2 9 2 4 8 7 4 8 10 9 6 7 10 1 10 2 10 2 6 4 3 8 5 2 9 6 5 2 3 1 4 1 10 1 4 10 4 5 10 8 6 2 5 3 4 8 7 3 10 2 6 2 1 4 10 7 3 4 8 3 4 6 2 9 8 10 1 1 9 1 7 9 4 3 10 1 10 4 10 2 1 1 5 8 3 7 4 5 6 8 4 4 1 3 9 8 5 6 4 7 5 10 2 9 4 3 10 4 7 5 3 1 5 5 4 8 6 1 4 1 2 3 9 3 4 9 10 10 5 1 10 7 10 8 2 8 7 9 7 5 2 4 10 5 1 2 10 5 10 2 5 8 3 6 2 10 2 2 1 1 5 9 3 6 6 4 7 2 1 3 7 7 2 8 10 5 7 8 4 3 1 10 5 6 3 6 4 4 5 8 2 4 8 1 6 7 7 3 9 5 1 5 8 9 5 7 3 8 7 5 9 6 9 1 7 3 3 3 1 8 1 5 2 3 9 1 6 5 4 10 5 6 10 5 2 1 4 1 3 9 7 3 1 7 2 6 1 5 7 3 9 5 9 3 6 1 8 6 6 3 1 9 2 10 1 1 7 10 5 10 6 3 4 1 10 10 7 5 7 8 6 5 1 4 10 3 9 8 4 2 6 7 8 5 4 4 6 1 5 4 5 3 9 8 6 5 2 10 2 3 10 6 4 6 2 4 5 8 5 1 8 8 10 7 6 8 7 8 10 1 4 9 5 2 10 7 9 4 5 7 2 3 9 8 6 4 9 7 9 2 3 10 8 4 3 1 6 5 10 4 8 4 8 4 5 8 8 2 1 8 1 4 4 10 1 6 8 7 3 3 4 4 6 5 8 1 8 1 5 10 8 4 9 8 7 10 3 4 6 6 3 7 10 7 6 4 4 7 2 5 4 5 2 7 3 3 2 8 4 10 8 7 7 3 1 2 2 8 2 6 4 4 1 5 9 8 1 1 6 10 6 2 7 7 6 5
2 6 2 6 3 3 9 1 5 2 5 10 10 2 10 3 1 3 2 9 4 5 8 7 5 7 9 3 6 10 3 7 6 1 1 2 6 9 10 7 9 6 1 9 6 4 2 4 2 8 2 9 4 10 5 8 5 9 8 4 6 6 1 8 2 5 9 7 6 8 6 1 7 4 4 6 9 2 4 6 2 10 7 3 2 3 1 5 2 4 3 2 7 9 2 3 6 1 9 3 4 2 4 10 9 4 1 1 9 2 2 1 3 10 6 1 2 6 5 9 5 3 3 2 3 1 4 1 10 9 9 7 10 6 5 6 10 10 9 8 9 9 10 3 10 9 5 4 9 3 3 1 9 1 3 5 4 5 6 9 9 10 3 4 3 3 9 10 8 2 2 10 7 7 9 7 2 3 3 8 5 3 1 1 8 7 6 5 1 3 7 1 5 5 3 4 10 1 8 2 7 6 8 2 7 4 7 5 10 1 7 8 9 4 8 10 3 1 4 1 9 8 8 6 8 1 8 2 1 1 4 7 10 5 8 8 10 2 3 9 3 6 1 2 3 9 8 4 4 3 9 8 5 10 6 6 2 9 1 2 6 9 8 7 9 9 2 10 8 2 6 2 4 9 2 2 3 7 6 2 5 1 10 5 3 8 5 9 5 6 4 9 2 3 4 9 3 2 2 8 6 6 5 5 8 8 3 5 7 7 5 2 4 10 8 8 9 5 5 2 9 3 4 2 3 3 6 2 7 7 9 5 7 10 5 7 9 9 10 2 5 4 1 10 6 1 7 1 3 4 6 8 9 1 5 4 7 7 5 6 8 2 8 2 1 9 2 8 4 2 3 5 8 3 7 4 1 9 3 7 2 4 8 5 7 10 2 5 4 7 1 7 1 4 7 1 5 2 8 10 8 9 7 10 7 2 1 5 2 6 6 1 7 2 2 4 6 6 5 2 7 1 6 2 6 4 4 8 2 8 5 1 1 3 6 8 4 2 8 10 7 5 6 3 4 1 1 10 3 3
2 4 9 7 1 6 6 10 6 5 9 8 4 2 8 7 5 9 6 10 6 7 10 9 1 2 8 10 6 8 1 9 5 4 10 5 7 8 3 10 3 8 2 1 4 3 10 3 6 4 1 7 4 1 10 7 1 3 6 4 7 2 6 9 3 4 8 6 8 3 7 5 8 2 5 10 5 3 3 10 6 3 2 5 4 10 7 9 7 9 3 5 1 4 6 5 9 9 3 6 9 5 9 8 8 4 9 7 8 5 10 7 2 4 9 9 8 1 4 4 6 3 1 4 10 3 9 9 7 7 7 6 2 6 8 5 9 1 4 7 3 4 5 6 5 4 7 8 4 10 3 6 2 1 2 1 4 5 1 8 8 7 6 1 2 3 1 4 3 5 2 7 9 10 4 1 7 7 8 2 6 5 8 5 9 7 4 10 5 4 4 8 9 8 7 3 10 4 6 3 7 7 7 7 1 5 8 6 6 6 6 1 7 6 9 2 8 8 2 2 7 7 3 2 10 4 5 1 5 6 9 3 1 10 4 1 8 9 5 7 7 7 9 9 5 7 6 8 9 3 3 7 8 7 10 7 7 8 10 3 10 1 1 1 1 1 10 1 3 5 4 7 2 2 2 10 1 5 6 5 2 6 3 1 3 9 5 2 5 2 5 9 6 10 8 1 4 8 4 4 7 4 9 9 7 6 9 1 3 6 7 10 5 6 4 4 2 10 2 7 4 1 5 7 2 9 5 6 6 8 8 4 9 5 1 6 3 3 9 5 6 4 5 7 3 6 1 8 4 2 6 7 1 2 3 10 8 4 9 6 6 4 8 7 1 2 2 9 3 5 9 9 10 4 3 8 9 7 4 9 9 3 8 5 5 5 8 8 7 2 9 2 6 7 6 8 10 2 7 8 2 5 9 4 3 10 4 6 7 7 9 7 2 8 9 10 5 7 4 9 10 8 2 6 2 9 1 9 6 1 5 3 3 4 6 10 4 4 10 3 6 8 10 4 5 9 8 4 6 6
4 6 2 8 5 1 5 5 1 4 4 8 5 8 2 4 8 10 4 1 2 2 9 6 1 6 5 8 8 10 2 3 4 5 10 10 1 6 2 10 1 7 10 5 8 10 4 1 5 5 10 6 7 5 5 8 10 3 6 4 8 3 3 8 5 7 3 3 8 5 3 6 8 10 3 2 4 4 4 7 2 7 10 6 10 9 7 1 3 4 8 6 10 9 4 2 10 8 7 5 3 6 5 10 4 9 8 2 1 3 9 10 8 8 8 4 8 1 5 6 9 9 1 9 1 6 10 5 4 1 8 10 5 6 4 6 1 5 3 6 9 1 5 10 5 10 10 4 5 5 8 2 10 10 9 3 1 10 7 8 4 9 3 1 8 3 7 6 6 1 3 4 4 1 3 4 2 3 1 7 7 6 3 6 6 9 4 5 1 6 1 2 8 8 1 8 7 5 3 10 6 10 8 2 8 7 5 2 4 7 9 10 8 9 9 7 2 8 8 4 10 3 5 4 9 1 4 5 6 1 10 9 3 8 10 7 6 9 6 9 5 4 10 2 8 2 10 3 2 9 4 10 7 2 2 9 6 5 3 1 2 10 1 4 4 10 10 9 5 3 8 2 4 8 8 2 1 5 9 2 2 9 10 7 5 3 6 6 10 2 8 7 4 5 3 4 5 2 1 6 10 4 4 7 4 10 8 8 8 8 9 7 1 7 1 5 4 2 6 7 3 4 2 7 2 10 8 1 5 5 8 1 4 9 1 9 6 4 6 7 9 10 4 8 1 5 2 6 5 7 5 6 7 2 4 9 1 3 6 7 1 4 1 8 6 6 3 2 4 4 5 3 6 4 7 7 5 1 3 7 8 3 2 2 7 8 7 7 1 9 7 7 3 9 1 5 8 8 4 6 5 8 3 2 5 7 6 7 9 2 4 10 4 1 2 10 3 10 8 5 7 8 4 2 5 6 10 4 4 7 9 2 9 9 6 3 9 4 5 2 4 9 7 5 3 6 6 1 6 2
1 10 2 6 5 4 6 1 2 7 3 4 5 8 8 3 1 7 9 5 8 8 6 4 1 9 6 3 10 6 8 8 4 1 8 4 10 6 3 2 2 5 7 7 6 10 10 9 5 2 6 6 9 6 2 4 6 4 7 3 1 6 9 7 1 10 10 2 6 3 8 1 10 6 10 4 3 8 9 1 2 8 10 1 4 5 1 10 2 6 9 7 4 1 4 5 2 7 8 1 3 10 3 10 8 9 5 8 7 9 10 7 5 10 3 10 6 4 7 8 7 4 10 9 9 9 3 2 1 9 2 9 5 4 2 3 8 8 10 4 8 8 8 8 10 4 2 6 9 8 10 1 6 2 9 7 4 2 3 1 7 7 5 10 9 3 8 6 4 6 10 1 9 8 9 1 5 6 9 4 2 9 10 8 3 7 8 8 9 4 2 10 9 6 5 10 4 6 4 5 9 3 3 2 6 5 9 2 9 7 8 3 7 8 10 9 10 4 6 10 10 8 1 1 9 4 6 2 10 3 8 3 8 2 4 4 10 3 5 7 2 6 9 10 2 10 10 6 10 2 10 7 7 6 10 2 3 7 8 2 2 8 4 8 5 1 4 3 2 4 5 8 4 3 3 9 1 9 9 5 3 4 9 2 6 7 6 8 9 8 5 4 7 4 10 8 3 7 6 5 2 2 1 7 3 4 10 4 3 8 2 8 2 10 8 7 2 6 9 6 10 2 3 5 9 8 1 5 8 8 5 4 4 1 10 7 7 6 10 6 9 2 8 7 3 7 8 4 7 9 3 4 8 6 6 1 5 6 4 1 7 7 9 8 10 9 6 2 3 6 9 2 3 4 6 7 5 10 1 10 9 6 2 2 2 4 5 8 9 10 4 7 4 8 1 10 4 4 4 3 7 1 7 3 5 3 5 1 9 6 2 1 2 2 6 3 9 6 9 3 7 6 5 6 9 2 10 6 9 1 8 4 1 10 1 1 5 7 5 6 4 3 7 6 10 8 10 10 3 8
2 9 6 5 9 9 10 10 10 3 9 7 10 3 1 5 2 8 5 10 4 5 9 4 10 2 1 5 1 9 10 8 10 1 10 4 7 4 2 4 7 8 3 2 5 10 2 4 8 8 7 9 9 10 9 10 2 1 6 2 7 9 1 1 7 2 1 9 6 10 5 2 9 3 1 9 1 8 2 8 3 10 1 7 2 2 7 2 1 5 1 7 5 9 2 7 2 6 6 3 1 9 3 10 10 1 3 8 6 4 3 8 10 2 1 5 1 5 7 6 5 9 9 3 2 3 5 3 4 8 10 3 3 9 1 3 7 1 1 4 3 3 7 7 6 7 10 10 4 5 4 1 9 8 4 4 8 3 5 8 1 7 8 10 3 9 6 1 10 6 7 10 9 5 10 9 6 2 6 7 7 4 9 1 9 2 1 10 4 1 5 10 2 4 8 3 2 8 5 10 4 2 7 7 5 1 2 2 1 5 3 4 3 7 9 3 6 6 1 10 10 4 1 8 3 10 8 5 3 2 1 9 7 1 2 1 7 4 7 8 2 2 2 5 7 9 4 3 2 2 2 10 6 5 3 6 1 6 1 3 2 2 6 6 2 4 7 3 6 8 3 9 5 2 9 4 2 6 3 9 5 8 2 3 1 7 3 1 1 9 1 3 4 4 8 9 1 6 6 4 9 1 10 4 6 8 6 8 1 5 5 6 7 6 3 1 3 10 5 5 4 9 1 2 9 10 6 10 7 5 4 6 4 8 8 10 4 10 1 9 9 7 9 10 3 5 7 2 3 9 10 2 6 9 3 10 8 4 1 7 7 8 4 8 3 10 7 6 7 2 6 10 6 8 4 4 5 6 1 5 4 4 3 3 9 3 2 1 9 10 7 10 8 8 5 8 1 9 1 4 7 3 8 8 6 4 6 7 6 1 8 7 10 5 3 7 9 9 5 7 4 10 4 2 6 7 7 2 7 1 5 7 5 4 6 2 2 3 6 2 2 3 1 4 8 3 8 5 7 3
4 3 2 8 4 4 9 5 10 1 9 7 2 7 9 4 3 9 5 9 6 1 9 8 3 8 4 10 2 2 7 1 8 3 10 1 9 4 2 10 9 6 10 7 9 10 6 7 7 1 4 1 6 1 5 8 10 2 5 4 3 7 3 8 4 9 6 8 10 3 9 6 3 9 10 1 3 4 9 9 7 2 6 7 10 5 4 8 8 7 3 7 2 10 7 5 10 4 3 5 8 7 9 7 7 5 9 6 10 5 2 5 7 4 3 8 8 1 5 10 4 8 7 9 1 3 7 7 9 1 3 3 4 6 6 8 4 1 9 5 8 4 8 7 2 4 7 10 5 1 3 2 9 4 6 3 2 2 9 2 2 5 3 4 1 9 8 1 2 6 1 1 9 1 5 7 9 6 1 6 4 4 4 9 5 5 7 9 1 2 4 8 8 9 3 10 9 5 10 2 6 10 8 4 9 9 7 2 5 8 4 2 5 7 5 1 7 4 6 7 9 4 4 5 1 2 8 2 7 10 9 2 5 5 2 2 2 7 9 4 1 5 6 10 4 3 3 6 7 2 3 1 10 1 9 7 6 9 1 5 1 6 5 6 4 9 9 5 4 1 1 10 4 2 1 8 1 9 4 4 9 4 3 4 9 8 7 5 2 1 7 1 10 1 6 3 9 2 5 5 9 2 3 8 9 3 10 4 7 5 7 7 8 3 9 8 3 7 2 6 1 9 4 4 9 4 6 9 1 6 3 7 1 6 3 4 6 5 3 2 4 6 4 4 9 3 1 2 9 2 1 9 10 2 4 6 8 5 4 8 6 6 5 9 5 7 9 6 5 8 4 4 2 3 3 3 9 3 3 9 7 5 3 3 7 6 7 9 5 5 9 10 1 5 8 5 9 4 3 9 6 10 6 4 9 9 4 4 4 6 8 4 8 1 10 9 4 10 4 9 7 1 7 4 7 2 5 3 10 9 5 6 10 6 8 5 9 1 6 6 8 1 5 5 9 6 3 9 5 6
2 10 7 7 2 2 2 8 3 9 4 5 1 6 1 3 1 4 3 2 9 5 1 6 8 4 9 10 3 9 5 9 7 3 4 8 5 8 8 8 3 10 5 7 9 2 5 8 9 7 6 7 9 4 8 10 4 8 1 8 6 9 10 9 7 10 2 2 2 9 2 2 9 6 2 5 1 5 5 2 9 4 5 6 5 4 9 7 8 3 1 9 8 8 4 6 6 10 7 8 6 9 6 7 4 2 6 6 2 6 3 3 8 7 10 6 5 6 9 5 8 5 10 2 3 6 8 9 10 9 9 2 3 4 6 9 1 3 5 3 5 9 6 6 10 7 6 2 2 9 1 4 4 1 4 3 2 1 9 2 3 1 7 6 6 7 3 1 5 4 8 5 7 5 2 7 5 1 8 4 3 10 9 7 1 8 9 1 8 2 3 5 4 4 10 8 1 10 9 1 7 1 1 4 2 3 7 10 9 9 8 2 6 9 4 3 2 5 3 1 6 9 8 10 2 2 6 7 4 6 4 4 3 1 8 4 5 5 1 2 3 8 7 7 3 4 3 6 5 5 10 8 4 5 4 7 9 9 9 7 1 5 3 10 3 2 7 6 2 9 10 8 6 1 7 4 10 10 7 7 6 7 3 6 2 3 6 6 5 1 9 7 8 1 3 9 6 8 4 6 10 6 4 2 2 7 7 3 6 10 2 1 9 9 2 4 4 10 7 8 4 3 10 7 4 8 4 3 8 10 6 3 10 10 6 1 9 1 2 1 9 3 2 10 10 8 2 1 9 5 6 5 2 3 7 9 5 2 10 3 10 9 1 8 1 9 8 8 1 2 2 5 3 10 4 1 5 6 4 1 6 8 4 2 2 6 5 7 8 9 7 3 9 9 7 2 6 1 7 3 5 1 9 10 1 10 6 9 7 3 3 10 7 5 8 9 10 7 1 1 7 10 10 1 7 1 7 2 3 10 5 3 7 5 10 2 3 3 7 4 8 8 2 4 10 8 9 10 7 6
1 4 6 7 10 10 2 8 9 1 8 9 2 4 7 6 5 1 9 5 5 6 3 3 5 1 5 4 1 1 6 9 4 4 5 9 5 9 10 7 2 7 6 7 6 7 4 5 9 10 3 3 4 6 7 3 5 5 8 4 5 5 1 1 10 10 1 7 6 3 6 1 8 8 5 1 5 5 2 5 8 4 6 1 5 7 7 5 4 7 7 3 7 1 8 8 1 9 2 10 6 3 9 4 10 6 9 8 3 3 7 1 6 6 4 2 8 10 8 6 10 4 1 9 4 4 7 1 2 5 5 1 6 4 6 9 9 10 9 3 2 7 10 3 8 9 1 1 8 5 9 4 7 6 1 6 3 6 10 1 5 5 9 3 10 10 5 1 3 1 3 2 4 7 9 10 9 6 4 10 10 3 9 4 9 2 1 7 4 3 6 9 1 5 7 4 1 1 3 6 2 4 8 6 5 1 5 4 10 9 9 9 5 10 10 5 4 6 3 6 9 9 3 2 5 9 8 9 4 9 9 10 4 1 1 7 1 3 4 1 5 5 9 6 4 1 2 6 5 8 10 2 7 1 3 6 6 10 7 5 3 3 9 1 5 3 9 3 2 3 7 5 6 3 8 3 6 3 1 3 5 2 1 9 10 2 2 8 10 1 8 5 5 2 2 7 1 4 9 8 2 5 2 2 10 4 3 4 9 3 3 10 9 9 10 5 7 7 10 5 2 2 5 9 3 3 9 7 1 2 10 10 1 10 2 9 1 4 7 7 4 3 5 1 4 8 9 1 2 5 4 6 5 6 9 6 7 3 8 5 8 9 2 5 10 9 8 4 8 5 9 5 1 3 8 2 3 8 9 1 8 3 9 8 2 7 10 1 10 10 2 10 3 10 10 5 6 10 1 9 10 1 8 8 9 7 3 10 8 3 3 7 2 3 1 2 9 7 1 4 4 9 4 4 1 2 3 9 9 1 2 6 1 2 8 4 2 1 6 10 9 2 2 9 4 7 10 7 6 6
5 10 4 4 9 1 5 9 4 4 6 2 9 9 5 6 9 6 3 6 5 6 8 5 10 2 8 7 10 7 9 8 5 1 7 8 10 7 7 8 6 7 3 6 10 10 10 9 5 4 3 5 2 5 1 7 6 8 3 10 1 9 7 9 4 2 6 9 6 6 10 9 6 5 1 7 2 9 10 10 9 1 10 3 6 4 10 2 1 9 10 5 6 6 5 10 1 7 8 5 1 3 3 6 8 3 1 4 4 2 1 1 8 9 9 10 4 4 1 1 7 6 6 2 9 6 9 4 5 4 4 1 9 3 1 1 3 2 9 9 5 3 10 9 4 10 1 1 9 1 1 4 7 3 9 1 5 7 4 10 1 3 10 9 10 10 4 1 9 4 6 4 8 8 1 1 4 1 4 4 9 9 4 8 2 1 9 7 10 9 9 1 8 2 8 1 3 6 9 1 9 10 3 4 6 4 1 7 3 2 2 4 7 5 9 5 3 9 8 9 4 10 6 4 2 3 9 7 6 10 6 9 6 3 4 10 9 1 1 4 3 1 10 9 4 5 3 1 9 8 7 2 8 6 1 2 5 4 2 7 2 5 6 1 6 8 3 9 4 5 10 10 2 8 2 1 5 5 5 5 9 4 10 2 3 2 4 5 8 6 2 10 8 4 8 2 6 3 4 10 9 3 6 3 8 2 10 2 6 8 7 9 9 2 2 10 9 9 7 5 1 2 6 4 10 2 6 6 6 8 7 2 8 7 3 3 1 9 8 10 1 6 1 8 6 5 3 10 9 9 5 7 5 3 7 7 2 10 9 5 10 10 2 5 8 8 5 5 5 4 1 5 8 6 7 5 10 9 3 10 6 7 6 1 10 3 4 2 5 4 9 9 1 9 1 1 8 2 10 5 6 2 9 6 9 5 5 1 3 4 10 5 9 4 9 1 6 5 9 8 5 10 4 5 9 6 6 6 8 1 10 3 7 4 8 8 7 1 3 9 2 5 2 9 10 2 5 1 10 9
3 9 9 9 2 9 9 9 1 8 10 10 5 1 2 8 8 10 7 10 10 5 7 5 4 5 8 8 4 3 8 10 10 7 8 10 2 1 10 3 4 3 4 4 2 3 3 5 1 10 1 7 10 8 10 3 8 1 3 1 2 7 7 8 2 4 3 5 9 4 5 9 8 9 3 1 6 10 2 8 8 2 8 6 5 10 3 3 5 9 5 8 8 10 3 1 10 5 2 4 5 10 5 3 7 10 8 2 7 7 7 2 3 2 9 1 3 6 5 6 4 5 7 8 5 5 5 1 6 4 5 9 9 1 6 2 2 8 9 9 1 6 3 7 8 10 9 9 5 10 1 8 9 4 9 5 5 1 1 1 6 9 8 2 3 3 7 4 9 2 2 7 4 3 9 10 5 9 6 3 2 7 6 2 3 7 9 10 10 8 3 2 3 10 3 10 8 4 7 3 6 8 6 2 5 2 9 7 10 2 10 2 1 6 7 10 10 10 6 7 7 8 4 4 1 8 5 9 2 8 5 5 3 9 1 3 2 10 8 1 10 5 9 5 2 3 8 10 5 4 3 9 6 7 10 8 6 2 6 1 2 4 6 9 8 7 7 5 4 5 9 2 4 7 8 8 3 3 4 4 3 3 8 9 3 9 1 4 6 10 10 7 10 1 1 4 4 7 6 8 10 9 9 3 2 10 7 6 1 2 7 4 9 7 8 6 10 6 2 1 5 8 5 5 6 10 7 10 8 1 7 3 2 4 8 4 6 8 7 7 6 6 2 1 7 9 1 4 5 7 4 1 2 2 5 8 3 3 4 4 9 1 8 5 8 6 2 4 6 10 7 2 10 10 5 2 9 8 2 3 9 10 10 9 9 1 10 3 9 5 7 8 5 10 6 8 5 9 4 8 4 2 9 1 7 1 8 4 6 8 9 1 9 2 3 1 7 1 7 3 7 7 3 3 3 9 8 9 7 2 3 3 6 6 7 10 3 5 7 4 3 3 7 5 4 2 3 3 1 7
4 9 6 1 4 9 9 7 8 10 10 6 2 6 8 7 9 10 4 3 8 3 3 6 5 5 2 5 6 7 10 3 8 1 3 8 8 4 5 1 6 7 7 6 1 5 5 1 6 1 4 4 5 5 6 8 3 5 7 6 6 2 7 8 4 4 8 6 9 10 8 9 10 3 10 2 5 2 5 9 2 9 4 9 1 9 6 1 1 10 8 10 10 1 3 5 5 4 9 7 2 3 7 3 10 8 8 1 1 5 5 6 10 9 9 3 10 6 8 6 10 1 7 10 5 7 4 3 8 2 3 3 5 6 1 2 5 10 3 1 7 5 10 7 1 3 8 3 3 1 6 5 9 7 1 8 9 5 1 8 6 8 5 2 8 10 8 1 10 5 8 8 8 3 9 4 10 4 1 6 5 9 1 9 4 7 4 4 9 5 3 2 5 3 9 2 9 9 5 4 9 2 10 1 3 3 4 9 5 8 6 4 1 2 9 9 1 9 9 10 4 3 2 6 2 2 7 1 3 9 2 4 4 9 10 1 8 10 2 8 4 1 5 3 2 9 2 6 1 5 3 3 7 1 9 4 3 9 1 6 2 7 10 1 8 6 4 8 5 2 9 4 8 4 10 7 1 2 5 2 5 8 1 10 3 2 3 4 2 10 3 2 8 4 4 10 10 4 1 5 4 3 8 9 4 2 3 3 7 1 7 9 4 3 9 10 4 4 3 1 6 4 7 8 4 10 6 2 1 3 8 6 9 4 10 2 3 4 1 6 7 7 5 5 5 1 10 4 1 6 9 1 9 4 8 1 3 8 6 9 5 2 2 10 2 4 4 10 3 8 4 6 6 7 8 9 7 9 3 5 4 6 10 1 1 4 2 10 5 9 3 7 4 4 5 3 9 8 6 6 8 7 2 5 3 2 5 6 8 7 3 7 1 6 1 1 3 2 8 4 7 4 3 6 2 3 1 8 5 4 5 2 10 3 5 5 3 5 10 3 3 2 8 2 8 1 8 10 10 7
1 4 10 3 1 6 5 5 3 8 10 8 3 6 10 3 6 6 2 6 5 7 7 6 1 1 5 1 8 10 5 10 6 9 1 8 5 4 5 9 5 7 1 1 4 1 4 6 4 8 9 7 9 2 5 3 3 4 7 7 4 8 5 2 6 1 9 5 3 1 5 9 1 2 6 3 7 3 8 9 5 6 1 5 7 1 5 8 9 3 10 8 9 8 5 4 3 8 8 9 3 6 1 3 9 1 9 8 9 9 7 1 6 5 1 5 1 8 5 2 1 10 7 5 5 9 3 4 7 6 7 10 10 8 2 3 10 6 3 8 1 7 8 3 6 8 6 5 1 1 8 2 4 6 9 9 3 2 4 6 2 7 4 9 6 3 10 8 3 5 5 2 3 5 7 7 3 3 1 10 7 7 6 4 1 3 5 7 9 2 6 5 9 6 8 3 7 4 10 4 6 10 1 8 5 8 4 6 2 7 7 1 9 6 1 10 10 6 8 10 6 7 5 7 1 5 9 10 10 6 5 9 4 1 8 4 3 4 1 3 6 9 10 3 2 2 8 8 10 9 10 3 8 7 6 8 5 10 7 1 7 6 10 1 2 9 7 4 5 4 8 6 1 7 2 1 6 9 8 1 8 7 9 8 4 6 3 10 2 3 6 4 6 10 6 3 2 8 9 10 7 10 9 7 1 10 6 7 1 9 3 1 10 9 5 2 4 6 5 8 1 9 9 2 4 4 6 10 1 7 9 7 2 9 8 8 4 10 7 8 2 1 1 5 1 6 6 1 7 10 1 9 5 4 5 4 4 9 1 6 3 7 5 7 4 5 4 9 7 1 9 3 1 7 4 1 9 5 9 9 4 1 2 9 2 6 10 2 4 9 4 7 6 2 3 9 4 7 4 2 1 8 5 1 6 10 6 2 2 1 1 3 2 5 9 1 4 10 6 10 5 8 9 5 3 8 10 4 1 2 2 10 3 7 4 2 9 4 5 6 6 9 3 2 8 2 9 3 3 10
5 4 3 5 3 4 10 3 2 4 10 3 9 8 2 9 8 3 5 7 9 5 3 10 7 3 4 10 9 4 4 9 5 2 10 9 9 10 7 6 1 9 4 3 5 9 1 10 4 7 2 10 2 4 4 6 6 4 8 7 5 1 1 9 2 7 3 8 5 2 2 6 6 1 3 5 10 8 3 1 6 5 8 4 10 1 3 8 4 3 5 8 2 10 9 5 2 10 3 1 9 9 3 1 3 10 10 1 1 4 10 2 3 9 10 3 5 5 3 3 3 4 3 1 10 2 1 2 5 10 1 1 9 8 9 1 3 8 2 7 7 2 8 5 5 6 9 3 3 4 7 7 10 7 6 10 7 6 6 8 2 9 9 10 3 9 5 4 3 7 5 4 5 10 10 8 5 2 8 3 4 1 8 5 6 10 2 2 1 9 3 1 6 8 2 9 2 7 1 6 8 10 8 1 9 8 8 9 10 1 5 1 3 6 6 5 4 1 10 7 5 5 1 4 4 9 6 1 4 6 5 9 7 10 9 4 9 8 5 10 1 6 6 5 9 3 1 8 5 6 6 2 7 7 9 10 4 5 3 6 8 5 8 2 5 4 4 1 6 2 1 6 8 2 8 1 3 2 9 8 9 2 6 1 4 4 9 10 5 3 7 3 8 8 2 1 2 6 9 9 6 2 8 8 2 2 8 5 8 5 9 3 9 5 8 7 4 7 5 10 4 7 6 4 3 7 8 7 4 7 9 3 2 1 8 3 1 4 9 3 2 8 9 2 3 1 9 1 1 1 10 10 2 7 10 4 5 6 5 6 7 4 5 10 4 4 5 4 3 1 3 4 1 3 7 2 9 8 1 1 3 5 1 7 10 2 6 4 6 4 9 9 8 6 6 6 8 10 2 10 7 3 10 7 1 7 10 9 7 4 8 7 6 7 6 9 1 1 6 1 10 5 4 2 9 5 9 6 6 4 5 9 6 8 4 7 8 9 5 1 9 9 7 9 3 7 4 5 2 9
5 1 10 7 1 5 4 4 4 1 2 5 9 3 4 8 4 2 8 4 4 2 5 4 6 4 2 10 3 4 9 10 9 1 8 3 4 8 6 6 4 5 7 1 10 9 9 10 4 3 10 3 9 7 9 1 8 3 6 6 7 3 1 4 1 1 8 1 10 3 5 10 4 10 3 8 1 10 8 7 9 10 10 8 7 1 10 6 6 4 1 4 2 9 2 4 6 4 5 6 6 6 5 6 3 9 8 5 8 8 7 1 6 9 9 7 9 7 9 10 6 6 6 6 5 9 9 1 7 4 3 2 9 7 1 2 10 2 4 1 6 3 8 3 1 6 7 8 2 5 10 7 1 6 8 3 4 10 10 10 5 3 7 5 4 5 7 9 7 4 7 10 8 2 7 6 7 4 6 3 5 4 5 8 5 8 6 2 4 1 6 2 8 6 5 1 7 3 5 10 8 5 9 9 4 4 2 6 3 2 6 3 1 5 7 3 9 4 9 5 6 4 3 10 9 3 9 1 7 6 2 5 3 6 9 8 10 4 8 10 3 6 10 3 6 6 1 5 6 3 6 9 9 1 3 8 3 6 5 4 6 5 1 7 9 2 9 2 4 9 10 8 3 4 5 8 10 9 3 8 2 1 6 8 8 6 6 2 9 6 7 2 10 3 9 8 4 4 5 8 10 10 3 1 1 3 10 9 8 8 3 7 7 4 4 4 10 3 6 1 7 7 7 2 9 6 2 5 1 9 3 4 9 10 3 3 1 8 5 10 10 1 6 7 9 4 1 6 4 10 5 7 1 9 9 7 7 2 3 8 9 7 3 7 5 3 3 7 3 6 3 1 4 2 10 10 10 6 9 5 10 8 3 10 2 2 10 4 1 1 3 5 5 5 5 7 3 9 8 5 1 9 6 1 8 4 3 1 7 3 10 10 6 5 10 3 4 3 2 8 7 5 2 2 2 2 1 10 7 10 9 4 9 10 9 1 6 7 6 4 6 6 8 3 9 6 1 7 10 9
3 4 6 2 7 6 5 10 9 6 2 5 4 6 4 5 10 9 4 9 6 4 8 5 6 2 1 9 9 1 3 2 3 5 1 2 4 10 10 7 10 1 7 5 3 5 7 6 9 2 9 10 7 2 10 4 4 10 9 10 5 6 7 8 7 6 2 4 4 7 1 8 10 8 3 2 6 4 4 4 8 4 6 8 10 8 8 10 10 9 5 8 3 7 10 9 1 3 10 8 7 6 4 9 2 9 8 5 2 8 6 4 8 3 10 9 2 6 2 7 4 9 9 6 7 10 4 7 2 5 6 3 6 8 5 5 10 7 9 4 10 3 5 1 10 3 1 6 2 4 1 9 8 2 2 9 9 5 9 5 7 7 1 9 8 7 4 4 2 4 6 6 6 1 4 5 9 5 9 10 5 9 9 10 5 10 10 1 1 8 10 2 3 1 4 5 2 9 1 1 4 2 1 6 1 2 9 10 9 6 4 4 10 5 4 4 2 9 9 7 1 10 4 10 7 8 7 8 3 9 2 2 4 2 6 2 10 9 2 3 6 8 4 4 4 7 6 1 2 5 10 6 4 5 9 7 9 7 4 4 6 5 7 8 5 3 1 7 9 9 6 9 9 3 3 4 9 7 7 8 8 7 5 3 5 10 9 10 3 1 6 10 8 9 8 9 2 1 9 3 2 6 1 9 4 2 4 10 10 1 3 9 10 1 1 9 8 9 4 1 10 3 4 1 7 1 4 6 8 9 10 8 8 8 5 2 2 8 3 5 6 2 4 5 4 4 6 8 2 6 3 5 2 5 1 4 8 1 2 6 4 6 1 4 1 9 9 3 9 9 4 1 7 8 1 3 10 4 7 8 10 5 6 6 5 2 8 6 1 4 1 2 2 6 1 4 5 9 5 3 5 5 7 1 10 5 3 1 7 2 9 1 5 7 2 3 4 8 5 1 7 7 5 10 8 4 4 8 7 2 8 1 9 9 6 1 4 2 6 4 5 7 9 10 2 9 8 7 1 10
3 10 7 1 1 2 3 3 8 2 3 3 8 4 9 9 5 4 1 9 4 9 10 5 2 3 2 8 9 4 2 5 4 9 9 10 10 10 3 1 2 7 9 7 5 10 8 3 6 6 5 10 7 5 8 10 3 3 4 10 7 10 6 2 3 10 4 3 4 4 2 1 5 2 1 2 8 10 10 1 8 2 10 9 2 9 4 9 1 9 5 3 1 3 6 4 3 4 1 3 9 1 2 5 4 8 5 8 4 1 2 2 8 6 4 5 7 1 7 3 4 1 7 7 7 7 6 3 8 9 2 1 6 4 10 10 5 1 8 7 5 9 10 9 9 5 6 7 7 8 7 10 6 7 7 2 10 2 1 9 3 3 1 8 5 1 10 3 6 1 3 3 2 6 1 7 5 4 4 3 3 1 7 10 2 5 5 7 10 8 1 9 6 8 8 7 10 10 4 2 8 3 8 2 3 10 3 1 1 8 5 8 9 9 6 4 2 8 4 6 7 2 7 4 7 2 6 6 4 7 2 9 2 2 6 6 7 9 10 10 1 6 3 9 6 2 9 5 9 6 4 7 7 10 3 4 2 7 3 5 6 4 2 6 9 2 10 9 7 4 5 8 8 5 1 5 7 2 5 3 2 6 3 6 4 5 9 8 8 9 1 10 5 4 2 2 9 10 5 8 1 8 7 1 1 10 7 7 8 6 8 4 5 5 3 4 10 6 4 1 2 4 4 3 10 9 7 9 10 1 2 1 1 7 1 2 3 5 6 8 5 7 10 10 8 10 9 6 5 2 2 8 2 4 8 3 6 3 4 5 7 6 3 2 10 1 1 5 9 2 2 9 4 5 1 3 6 5 2 2 4 5 10 9 10 10 10 9 5 1 5 9 4 8 5 1 7 6 5 10 1 10 4 6 9 7 10 5 3 9 8 7 2 4 4 7 7 9 7 2 5 7 3 5 1 7 2 6 7 2 2 4 7 4 6 1 2 6 7 6 7 6 7 2 9 6 2 4 6 3
3 7 1 7 3 10 8 10 8 8 6 1 2 1 10 10 3 7 10 1 5 3 9 4 1 10 9 4 6 10 5 6 2 6 1 7 8 5 8 2 2 9 10 2 10 2 6 1 7 4 6 8 1 1 5 3 8 8 6 8 1 4 10 1 6 10 9 7 9 1 7 2 9 10 7 9 10 7 9 7 3 3 10 3 4 5 10 9 5 3 8 10 3 3 10 2 9 9 6 4 1 9 1 6 1 6 2 7 3 1 2 5 4 2 4 9 5 2 6 10 8 7 9 2 10 3 6 8 10 10 1 9 3 7 1 4 4 3 1 6 1 2 10 10 9 5 8 5 2 8 6 5 1 1 2 10 4 5 10 6 5 9 3 10 1 1 1 1 10 9 9 10 1 3 4 7 10 4 8 1 9 10 2 6 8 1 3 8 1 5 3 4 8 5 6 2 10 4 3 9 6 8 6 3 1 9 3 2 5 7 5 2 1 9 8 6 9 5 9 2 8 5 7 6 1 1 10 4 7 8 5 3 4 10 1 2 2 6 10 3 1 1 7 10 8 6 9 5 8 3 9 9 10 3 2 5 6 5 4 3 1 5 2 3 9 7 1 8 6 2 5 10 3 3 2 1 4 3 8 8 2 10 8 5 1 9 8 10 8 1 3 5 8 10 10 4 5 10 4 6 9 8 7 6 4 7 8 7 5 7 10 6 2 5 1 8 1 9 1 3 7 9 3 3 7 8 2 6 7 10 2 9 3 5 5 5 5 3 9 8 9 2 7 8 6 8 4 6 4 2 1 3 1 9 2 7 4 3 7 2 4 3 6 1 1 1 1 2 4 8 6 3 5 1 10 2 3 9 10 4 9 7 6 4 1 7 9 2 2 4 7 10 6 2 1 2 2 2 2 2 4 7 10 6 1 5 4 2 4 4 3 3 3 1 7 8 9 1 5 10 4 1 5 2 10 8 2 5 1 1 9 1 1 3 7 3 6 2 3 5 10 3 7 10 10 6 2 1 2 10
4 3 3 8 7 4 6 9 9 7 5 6 10 3 4 3 6 6 6 2 9 2 7 9 6 8 8 1 3 10 3 2 7 6 8 4 2 8 8 10 6 7 4 2 10 5 9 6 5 4 7 9 6 6 1 5 2 8 7 10 5 9 2 6 10 4 1 5 7 8 3 8 3 9 10 9 6 8 6 3 2 2 10 6 6 7 3 3 6 2 1 2 10 8 2 8 7 2 1 8 6 9 9 10 5 9 7 8 10 7 1 9 6 8 2 8 4 9 2 1 7 10 8 7 9 2 7 8 2 5 6 1 5 8 3 9 8 7 10 6 8 10 7 7 8 10 7 9 3 7 7 1 8 2 7 3 7 2 6 1 9 4 6 1 1 2 9 3 1 1 6 6 2 9 8 5 2 3 4 10 10 9 7 9 6 5 8 5 6 8 8 4 3 8 4 2 10 10 5 2 6 8 2 7 10 3 2 10 1 2 7 1 7 2 4 3 9 7 7 5 7 10 3 3 6 5 9 1 4 5 5 7 9 6 5 7 7 2 6 7 6 7 8 1 2 4 8 7 4 3 1 8 3 1 7 1 8 9 4 1 7 6 8 3 4 4 9 4 6 5 2 2 4 6 8 4 5 7 10 8 7 7 7 5 7 2 7 7 1 3 2 6 1 2 3 9 8 3 1 5 2 10 3 8 1 10 5 9 7 5 2 4 3 6 7 7 10 9 9 6 7 2 8 4 6 3 5 7 2 1 10 6 10 2 5 2 7 2 8 9 1 9 5 3 2 5 3 9 1 2 9 4 9 6 8 7 6 7 2 2 1 9 4 7 1 7 5 6 9 9 5 6 3 4 5 6 6 2 9 7 3 3 10 4 10 9 6 7 9 5 5 3 3 10 8 9 10 10 5 6 10 9 6 8 2 6 5 6 2 6 3 9 1 3 3 1 2 2 4 7 4 5 9 4 10 5 10 8 6 3 8 6 2 2 10 2 9 1 3 7 4 9 9 5 4 7 6 5 8 4
1 6 8 8 5 9 7 3 2 4 8 3 7 4 3 2 2 8 8 6 6 9 7 5 3 1 9 8 4 8 7 8 1 9 3 5 9 10 5 2 1 7 8 7 7 6 8 2 2 6 5 4 2 6 10 7 6 5 3 2 9 8 6 2 4 10 2 8 8 10 7 8 8 6 10 5 5 4 2 3 4 5 8 4 3 8 9 5 2 7 4 3 2 4 9 2 1 9 7 8 9 9 3 2 10 1 2 2 5 8 5 9 6 8 8 3 5 9 4 3 5 6 8 1 3 3 7 7 4 10 8 2 5 2 8 10 6 7 5 2 4 1 6 7 5 10 5 9 8 2 4 3 8 7 2 8 6 4 9 2 1 1 5 1 6 1 7 2 7 7 8 4 6 7 4 7 5 3 10 3 7 7 3 6 10 7 10 4 7 2 8 8 4 4 2 3 1 5 2 10 4 10 10 6 4 9 9 7 8 7 2 4 5 2 9 6 8 2 6 4 4 5 5 2 2 4 10 9 3 6 5 7 9 10 7 4 7 4 2 4 9 1 8 10 9 8 5 4 9 3 6 9 8 5 9 8 7 4 8 3 5 1 1 3 8 4 1 4 8 7 9 1 5 1 6 1 3 8 8 5 6 2 3 3 6 8 9 8 8 1 10 1 4 1 9 9 3 1 8 4 9 6 8 4 1 6 7 8 3 5 2 6 2 10 5 3 4 10 9 4 9 8 6 5 7 2 4 2 1 5 3 7 10 9 10 4 7 2 9 8 5 9 7 5 9 2 1 6 3 7 8 2 1 10 8 6 5 10 10 10 4 1 5 6 5 10 10 5 6 5 10 3 2 1 2 1 1 10 9 4 4 9 5 7 6 2 3 7 5 10 5 7 7 8 10 1 8 8 9 4 1 7 7 4 5 10 4 1 9 7 2 9 4 10 6 5 4 8 9 10 6 6 3 8 4 1 5 6 4 1 2 2 4 4 5 3 5 9 2 6 10 6 1 3 10 8 2 5 2 10
5 8 2 1 8 9 6 7 7 10 2 3 1 6 9 9 2 5 3 5 9 4 5 6 1 6 3 9 7 5 9 3 5 5 6 4 4 5 2 3 7 7 5 5 8 10 3 1 1 10 2 1 1 8 4 7 4 2 7 6 10 10 1 7 9 6 1 5 5 9 10 3 8 7 4 7 7 9 6 8 6 7 1 8 4 3 2 2 4 3 9 5 1 4 3 9 6 2 8 10 2 4 2 9 5 5 10 1 6 2 6 10 2 6 8 8 6 4 5 1 2 3 2 4 5 6 2 10 4 3 5 10 9 8 3 5 8 2 10 6 7 10 7 10 10 6 7 1 6 6 2 10 4 8 1 5 2 8 4 10 9 7 4 4 7 8 6 3 9 7 9 1 2 8 5 4 10 1 9 1 6 3 7 6 1 10 2 6 6 8 8 2 6 9 10 8 2 10 8 9 7 5 3 1 10 8 10 8 7 7 7 10 7 2 1 8 9 6 2 5 6 7 10 5 8 8 8 9 1 5 5 1 7 7 5 3 2 4 5 10 10 10 9 5 6 5 8 6 8 10 9 2 9 9 2 5 4 2 9 7 10 6 2 6 3 10 8 10 6 2 2 2 2 10 6 3 5 8 1 7 10 10 5 10 4 9 10 2 1 4 8 8 6 2 1 6 7 1 7 7 10 7 6 5 1 4 7 5 5 1 7 1 3 7 8 7 1 4 4 8 3 3 4 2 5 7 5 7 9 1 3 6 2 2 3 1 1 4 2 9 9 1 10 5 1 1 8 9 7 3 5 7 6 1 3 6 6 1 5 2 1 5 1 2 8 7 3 9 10 8 5 10 5 10 4 5 7 4 1 4 10 6 8 3 2 8 4 3 9 2 7 1 1 7 6 9 7 7 6 6 9 3 2 1 8 2 8 8 9 7 1 10 3 1 5 8 2 5 7 3 9 10 9 7 10 10 9 5 2 7 10 8 2 7 9 1 5 7 1 5 6 8 4 4 5 9 6 1 9 1
1 9 3 6 5 4 7 5 8 3 8 7 1 9 4 7 10 5 8 3 7 8 10 6 8 10 1 5 7 1 9 7 6 8 6 7 3 4 4 6 2 2 4 2 7 5 7 1 9 5 6 10 2 8 9 2 8 5 6 1 2 9 6 2 9 8 9 8 7 9 6 5 10 3 6 7 6 3 10 1 7 7 8 2 9 4 5 2 9 7 5 3 6 2 6 8 9 9 7 1 10 1 3 5 9 4 8 8 5 4 9 10 2 4 2 1 3 7 7 6 7 5 3 8 3 9 4 8 3 8 8 3 5 3 7 10 3 2 6 2 7 10 8 6 8 7 3 4 10 3 3 6 5 5 8 3 7 10 7 5 4 4 6 3 7 6 1 7 3 8 2 4 6 2 7 4 3 3 5 6 5 9 2 8 8 5 4 1 6 10 8 2 3 6 2 6 5 5 2 4 5 4 5 9 10 6 5 8 3 5 5 1 8 8 7 9 3 10 7 1 8 2 9 6 4 9 3 9 10 3 3 2 2 1 8 7 4 10 3 5 4 9 6 2 8 10 4 4 1 6 5 5 3 6 1 1 5 3 8 10 2 7 6 4 5 7 7 9 3 3 2 1 5 5 9 7 7 1 5 5 1 5 7 8 2 6 8 2 2 8 7 8 5 10 3 8 9 4 8 8 10 7 3 1 5 10 2 3 9 1 9 6 10 6 9 8 4 8 5 3 10 8 4 2 4 9 6 6 5 5 5 4 2 4 5 7 4 5 3 5 1 9 4 4 1 10 6 9 2 10 7 5 5 10 9 10 7 10 5 6 10 1 1 5 2 2 3 1 3 7 8 3 3 8 8 3 2 4 10 10 10 9 4 9 7 7 1 1 3 8 10 3 8 9 1 1 2 3 4 3 10 9 4 6 10 8 8 9 7 7 4 8 1 2 1 5 4 8 3 3 5 4 10 7 8 10 2 6 10 9 3 9 5 4 2 5 1 9 7 4 8 8 6 5 3 5 10 8 3 8
3 8 10 3 9 10 1 9 10 9 5 10 5 2 2 5 6 4 2 3 9 8 5 2 9 6 4 3 8 6 6 4 3 9 1 5 10 9 1 4 3 8 5 4 7 2 10 8 9 10 6 1 5 6 6 7 9 6 7 7 6 4 1 9 7 7 1 9 7 3 3 8 3 1 10 3 9 6 5 5 8 4 2 6 10 1 9 10 10 2 6 5 2 4 4 8 3 10 6 4 6 2 9 5 9 3 9 1 7 10 9 6 6 2 1 1 7 10 10 10 4 10 8 9 7 5 9 3 9 3 8 3 5 8 10 8 5 8 5 3 7 3 2 2 3 4 6 7 9 6 1 7 4 6 6 4 8 3 9 9 9 9 3 8 6 2 6 5 4 2 7 3 2 3 6 7 6 3 8 9 4 7 1 8 1 8 10 1 4 5 6 10 3 6 5 2 5 5 2 6 3 8 9 2 5 2 8 2 9 6 1 2 10 2 5 7 5 5 6 10 8 9 5 9 2 4 5 2 2 3 6 10 8 3 8 1 4 2 9 8 10 9 5 4 7 9 7 1 3 5 8 5 1 9 5 8 10 6 6 6 9 2 8 3 8 5 4 9 4 4 7 10 4 3 10 6 9 2 5 4 5 7 5 9 9 3 3 10 10 1 2 2 6 1 6 5 8 10 10 1 8 2 4 10 6 8 6 6 6 8 7 9 1 7 2 4 10 9 2 3 8 1 4 4 7 10 1 8 2 9 9 2 3 9 4 5 2 5 3 7 3 4 3 10 4 2 3 3 6 3 3 7 1 8 6 8 6 8 2 2 10 1 8 9 9 1 10 9 10 5 9 5 4 8 1 1 6 5 8 5 7 8 4 10 9 10 1 5 5 10 7 8 7 1 8 3 6 1 4 4 4 7 6 2 2 10 7 6 4 7 10 9 2 7 7 8 5 7 4 7 3 6 6 5 3 2 3 1 6 2 9 1 7 6 7 9 10 3 1 7 5 9 6 1 7 5 1 4 3 5
5 10 1 9 2 2 9 3 6 3 1 9 5 8 6 4 6 5 1 9 8 9 7 5 7 6 5 10 9 1 1 10 3 1 4 2 6 8 1 5 6 8 6 9 5 8 1 2 5 9 8 4 7 1 5 4 3 9 5 4 8 6 4 4 7 4 7 5 1 2 9 9 1 9 5 1 5 10 9 9 3 8 8 2 6 7 2 7 8 3 9 6 7 6 3 4 5 7 2 5 4 2 4 2 1 10 7 3 1 8 3 10 9 10 5 3 7 1 3 7 4 6 10 10 5 3 3 9 4 2 2 10 7 10 6 1 9 5 4 6 10 4 10 10 2 3 7 10 1 5 6 7 10 3 2 1 2 3 8 3 7 7 2 9 4 5 10 10 1 4 10 2 2 3 4 10 10 10 5 6 5 3 1 5 5 3 6 6 9 5 7 6 10 2 2 8 2 7 7 1 3 8 1 4 4 4 8 1 6 2 5 7 9 4 5 10 8 1 8 1 6 5 10 8 7 9 7 2 10 10 9 9 4 4 3 7 2 3 3 3 10 7 10 9 5 10 5 7 3 9 2 9 6 9 6 5 1 4 10 8 2 5 4 8 9 4 5 8 9 10 9 5 8 7 6 6 8 6 9 7 10 7 5 6 8 4 3 1 3 1 7 3 4 8 1 6 4 1 10 3 10 2 5 4 3 10 8 9 9 5 2 1 3 7 4 10 9 4 8 2 1 5 1 9 8 7 3 1 7 10 5 3 3 2 7 9 2 5 2 8 9 5 5 6 5 5 9 3 7 3 4 8 3 6 6 6 7 6 2 7 10 4 9 10 7 7 6 1 8 9 3 8 3 7 9 1 7 1 1 3 7 2 9 7 2 10 1 9 5 8 4 9 10 6 2 3 1 4 4 2 8 10 8 8 1 10 8 4 8 1 3 2 7 3 7 1 2 5 7 4 6 7 5 8 7 10 10 3 8 10 2 2 10 2 5 2 8 7 5 5 2 1 3 6 6 3 1 5 10 4
4 9 2 4 9 10 5 7 6 9 4 5 5 10 9 5 6 6 9 5 4 8 9 4 5 1 8 3 10 10 5 6 8 9 9 5 6 9 7 2 6 7 9 2 6 7 4 4 1 1 9 7 1 5 6 9 3 3 3 9 7 10 4 1 2 1 9 2 8 3 4 1 7 2 6 2 1 6 6 7 10 3 8 9 1 8 1 5 4 9 6 7 8 10 3 7 6 4 9 1 3 10 10 7 1 4 8 4 10 4 6 4 2 9 8 6 10 2 1 1 4 8 6 9 7 7 1 10 2 4 6 2 1 8 2 8 3 3 8 10 10 1 9 4 3 6 9 7 10 7 3 2 2 5 7 10 8 6 4 10 4 8 5 8 2 10 7 1 5 3 9 1 10 2 6 2 2 6 3 3 7 9 1 10 6 3 4 1 6 10 3 6 3 10 10 9 2 9 4 10 4 3 8 10 9 5 4 7 7 10 1 8 3 10 5 6 1 7 3 8 5 1 10 6 4 6 3 9 2 4 10 10 9 8 5 6 2 4 7 4 10 8 8 10 10 8 9 7 1 3 4 7 5 8 9 7 6 4 8 3 7 10 7 6 4 5 8 7 5 2 8 8 5 7 1 7 10 1 2 4 10 3 8 9 3 4 7 1 6 4 9 2 8 6 9 5 7 1 10 9 9 7 3 3 4 6 2 7 8 4 10 4 4 1 5 6 9 6 6 7 8 4 4 3 9 8 3 2 9 7 5 5 6 7 8 10 2 9 9 5 3 8 4 7 10 8 3 6 5 1 8 5 8 6 8 8 2 5 10 1 3 1 1 1 7 6 9 4 4 4 1 6 3 8 5 4 9 10 1 8 3 3 2 7 8 9 8 9 4 7 6 1 8 5 3 8 10 7 10 2 5 6 6 10 1 2 5 5 5 1 5 8 4 9 1 5 3 4 6 5 10 4 3 10 8 8 9 5 8 3 9 7 10 2 7 4 5 2 9 2 2 10 1 3 5 10 1 2 9 4
3 6 2 7 10 8 3 7 1 5 3 2 5 2 1 2 2 6 1 4 8 5 8 2 3 10 10 7 9 3 4 8 10 1 5 5 5 2 3 2 1 2 4 8 2 2 10 7 5 5 1 3 7 5 3 5 5 10 1 6 6 4 7 4 3 9 2 9 10 8 6 10 6 1 3 6 4 2 6 4 4 2 3 8 3 1 9 2 10 2 3 7 3 5 3 2 5 9 10 8 3 4 8 9 6 3 2 10 9 2 2 9 10 8 5 4 3 6 9 4 3 7 5 10 5 10 7 4 4 2 9 7 8 3 10 5 10 10 5 1 5 1 6 5 6 10 7 8 4 3 5 5 10 1 10 5 9 2 3 5 3 1 8 5 2 4 1 7 6 10 10 4 3 10 8 3 5 2 3 3 7 9 6 2 9 4 5 3 5 10 2 10 4 3 5 10 1 3 10 7 3 1 10 8 1 9 3 8 1 7 8 1 10 9 1 3 6 7 10 2 2 9 10 2 1 1 5 1 2 1 2 1 10 4 4 1 1 9 3 7 7 5 6 4 9 4 1 10 6 5 10 9 9 4 6 7 7 1 10 3 2 5 5 2 2 2 3 6 3 3 7 8 8 7 1 8 2 3 6 10 10 10 10 10 2 4 9 9 9 10 1 10 4 4 7 8 1 2 1 9 2 5 9 7 3 4 2 10 9 7 10 9 1 1 1 4 6 3 3 4 10 3 10 6 1 8 4 4 2 6 5 1 6 5 2 1 9 10 1 8 3 3 2 1 4 4 4 8 7 2 1 9 4 10 2 1 6 8 5 6 6 8 7 1 6 1 5 6 7 5 1 10 6 2 7 2 8 9 7 3 2 6 2 6 8 4 8 2 7 1 6 6 3 7 9 6 4 1 6 9 5 2 9 9 5 7 2 4 6 2 7 5 8 6 1 5 6 9 1 5 6 6 4 5 7 2 9 9 6 4 8 2 3 2 9 6 10 10 3 1 2 5 7 9 6 9 5 1 1 6
5 10 10 6 9 3 7 4 5 2 9 10 8 9 6 8 3 4 2 3 4 5 10 6 7 5 5 7 8 10 2 10 5 5 3 3 8 3 1 3 8 6 7 10 10 10 5 10 4 1 8 2 10 2 7 5 9 7 4 1 7 1 3 10 2 8 2 4 9 10 10 1 3 2 10 7 9 1 8 3 2 4 1 6 9 8 4 1 4 10 7 6 7 1 5 5 3 7 8 1 4 4 6 1 10 3 7 10 8 4 2 4 8 6 4 1 4 4 5 7 2 8 3 6 4 3 5 10 5 6 9 6 1 3 5 1 2 2 4 8 6 6 5 5 5 2 2 6 10 10 6 2 1 3 6 7 4 2 4 8 8 5 9 9 5 4 1 10 7 3 10 7 5 8 5 2 8 8 5 6 10 3 3 9 3 5 7 10 7 9 2 5 9 8 4 4 3 6 5 7 1 10 7 2 1 4 10 2 6 1 2 4 6 1 5 9 2 10 8 3 7 5 7 1 5 6 2 6 4 1 2 3 4 4 4 5 4 3 5 10 3 3 7 10 4 10 2 10 2 7 8 1 10 1 10 5 3 9 9 7 8 9 4 1 1 9 5 2 5 2 3 2 5 6 8 1 2 1 7 5 4 7 7 1 8 4 7 1 2 1 6 6 7 6 1 9 6 10 9 3 1 3 2 2 3 5 3 8 5 7 1 9 8 1 2 10 7 4 8 10 9 8 5 10 9 4 6 4 4 3 8 7 9 8 9 9 10 4 7 5 4 3 7 4 1 4 9 3 8 1 9 8 7 2 7 4 6 2 6 6 8 1 9 7 6 3 4 7 1 8 4 1 10 1 5 4 5 7 2 5 3 3 8 7 3 7 1 8 6 10 6 9 6 5 4 10 9 10 7 8 9 9 4 1 7 1 3 10 1 8 2 9 6 5 7 3 1 7 4 1 10 8 9 8 4 10 7 4 1 8 4 7 6 10 1 4 7 1 8 7 4 8 10 9 4 10 8 8 1 6
5 1 7 5 4 7 2 10 1 7 10 8 10 10 5 10 8 9 8 5 5 6 10 5 1 5 6 10 2 10 7 7 7 9 6 10 5 2 9 3 1 2 3 7 3 4 3 6 3 2 6 8 5 6 2 8 8 6 6 6 3 1 5 2 8 3 6 7 4 2 5 8 1 4 1 3 5 3 9 10 3 8 4 7 9 5 10 8 5 2 9 8 8 5 8 8 5 1 5 6 5 10 8 2 2 5 9 2 2 4 3 3 10 10 7 7 3 5 4 2 4 6 7 6 10 6 3 4 7 1 5 3 7 3 6 8 9 3 8 10 1 8 7 1 6 1 5 5 5 9 8 7 8 5 8 7 2 10 7 6 7 5 3 1 8 2 8 9 6 6 3 1 4 3 2 3 6 5 9 5 3 4 1 1 4 10 8 6 2 2 10 6 1 6 10 2 2 1 2 10 8 5 3 7 3 5 3 7 5 2 4 1 8 9 5 4 2 10 8 8 10 7 7 3 2 4 8 9 1 9 10 5 10 9 7 4 2 2 2 8 9 5 3 6 2 10 4 2 7 3 5 8 6 1 7 3 6 6 9 10 1 5 2 1 8 9 7 5 3 3 4 3 6 5 10 10 10 2 5 7 4 10 9 2 5 6 7 5 5 5 1 10 3 3 5 4 3 8 4 9 6 10 4 9 8 5 5 2 8 9 8 2 4 5 1 5 5 5 7 5 6 6 2 10 10 7 5 2 1 9 2 10 3 6 7 1 5 8 8 8 10 5 1 10 9 4 2 4 6 1 5 3 6 3 1 4 7 3 10 7 2 5 8 6 3 3 7 9 5 7 6 8 7 7 3 5 3 6 3 1 6 7 7 2 8 3 5 2 2 4 7 2 10 1 6 7 2 7 4 7 3 5 6 6 8 10 8 5 2 5 10 7 4 5 6 2 8 7 6 3 7 4 1 9 3 5 3 3 8 10 5 7 1 6 6 10 10 2 2 6 6 10 3 2 10 9 6 1 2 8
5 7 3 8 3 5 3 6 3 3 6 6 9 2 3 8 5 7 1 3 7 1 4 8 7 2 1 10 2 6 4 1 6 2 4 9 9 10 2 5 7 4 1 10 2 3 9 2 10 4 3 8 9 10 9 4 7 3 1 7 6 8 5 5 6 2 3 2 10 10 10 8 2 7 10 2 8 5 10 7 7 8 7 6 3 5 5 7 9 9 10 10 9 7 5 1 6 1 8 7 3 9 10 10 2 9 2 2 9 6 3 10 1 2 1 9 1 6 2 8 2 6 7 4 5 9 8 8 4 2 2 4 2 4 8 6 4 10 2 7 6 8 8 5 10 1 1 6 4 7 3 8 7 9 4 6 1 3 6 7 5 3 2 10 7 7 8 8 9 10 5 4 6 10 7 9 4 4 4 8 5 2 4 2 6 2 10 7 9 5 4 6 2 1 7 9 7 3 9 5 7 2 6 2 10 5 7 4 3 9 10 6 5 7 7 2 6 3 3 7 9 3 4 7 9 5 8 8 1 6 1 1 9 1 9 9 8 8 2 6 10 1 3 8 4 4 9 6 1 3 9 4 3 1 8 5 7 9 5 4 3 4 9 7 6 4 1 7 9 6 5 3 8 6 8 6 3 8 3 5 6 6 10 4 5 7 5 9 5 2 2 4 4 7 1 8 6 4 8 7 7 4 10 1 1 7 4 2 6 4 9 4 6 10 4 1 2 8 10 7 8 10 4 2 2 7 3 2 1 7 1 10 3 6 1 10 10 7 2 4 5 5 1 4 4 7 4 10 7 1 3 5 3 8 9 10 9 3 1 2 5 4 7 9 3 6 5 9 6 9 5 9 8 8 3 7 10 6 9 2 7 8 4 2 8 2 5 5 3 7 1 3 3 6 7 8 10 5 8 3 8 8 5 4 4 3 9 3 4 1 1 4 7 1 9 2 3 10 5 1 5 1 7 9 4 5 8 1 4 4 5 4 5 10 5 2 2 5 4 2 6 3 10 5 9 3 3 8 2 8
1 6 2 3 4 2 2 2 6 8 9 5 4 7 8 2 6 10 7 9 4 10 3 4 9 7 8 10 6 3 9 8 5 1 5 10 9 3 1 5 3 10 2 2 4 4 9 6 1 9 8 6 9 1 1 7 7 10 7 3 7 4 5 2 7 10 9 6 5 3 7 9 7 10 3 5 1 2 3 6 3 2 1 10 5 4 6 10 2 2 7 4 1 1 5 8 9 8 1 9 7 6 5 4 4 2 10 3 4 1 10 7 2 7 8 5 6 9 9 10 1 8 7 5 10 6 9 5 6 4 3 8 5 9 3 8 1 6 7 3 3 3 5 9 8 2 1 6 8 7 4 8 1 2 7 1 7 2 6 6 1 8 4 2 8 4 7 6 1 5 9 1 2 5 3 8 8 10 5 1 9 9 6 10 2 1 10 5 5 4 2 7 6 6 4 1 9 10 5 7 3 10 5 10 5 7 6 1 3 2 5 7 4 8 7 7 5 1 8 5 5 7 7 8 5 3 9 9 3 10 8 1 4 10 3 10 6 2 7 2 3 8 10 2 6 4 4 4 10 9 9 2 6 1 1 1 9 3 2 8 10 9 6 6 9 7 5 8 8 3 6 9 7 3 5 1 10 5 9 8 10 10 10 3 4 2 8 9 3 2 6 4 6 4 6 2 1 9 8 9 10 6 4 9 3 5 1 9 3 1 4 2 4 3 5 9 2 5 8 1 9 7 3 3 10 7 6 9 1 9 1 5 10 4 10 5 4 8 5 2 9 3 7 1 2 8 5 2 1 6 5 4 10 3 5 2 9 5 3 9 3 8 7 10 2 4 6 9 1 8 6 1 9 7 5 1 1 9 7 7 9 8 10 2 8 9 3 4 6 5 2 9 6 7 8 9 7 7 10 6 5 10 2 3 10 9 5 3 5 8 10 10 3 7 5 3 8 7 9 3 4 2 7 4 10 1 1 3 2 6 2 8 5 1 1 2 4 5 1 7 4 7 7 6 7 5 6 5 4 7
3 10 10 4 2 5 9 9 4 10 1 2 4 1 7 4 9 1 4 3 5 2 4 4 6 5 4 5 9 5 8 7 1 8 10 1 10 3 6 5 5 1 2 3 6 1 10 4 6 8 4 9 5 4 7 6 2 10 8 8 5 8 5 5 6 5 3 9 8 4 10 10 7 3 7 2 1 8 9 3 6 4 5 10 10 3 9 7 4 1 6 5 5 9 6 8 2 5 7 9 3 9 2 4 1 1 6 10 3 2 8 10 6 6 1 6 1 6 9 10 5 5 10 9 3 2 4 5 6 6 7 5 6 4 7 1 7 1 6 8 10 10 1 3 3 8 10 5 1 10 2 7 10 4 3 7 9 6 7 4 6 6 5 8 6 2 10 6 2 5 3 7 3 4 5 8 4 8 8 6 7 4 6 3 4 1 4 6 6 5 1 5 6 5 6 10 10 8 9 9 10 4 10 2 8 2 4 4 10 7 2 3 6 4 10 5 5 3 10 8 2 6 4 5 9 4 8 7 9 3 1 3 3 9 9 10 1 7 2 8 9 8 4 7 2 1 2 4 10 5 1 9 7 3 7 3 5 2 9 4 7 1 10 4 1 3 1 5 3 9 4 7 10 4 4 6 8 6 6 6 6 10 5 1 8 9 1 5 7 8 8 9 10 10 8 2 7 5 6 8 3 5 1 3 10 6 4 6 4 9 1 8 1 3 4 8 1 7 2 4 1 8 3 5 10 9 4 6 7 6 4 1 7 10 6 4 9 3 1 3 10 10 4 3 9 9 6 5 7 8 8 10 6 5 7 6 4 3 4 1 8 5 3 6 8 3 3 2 7 10 8 6 5 7 9 1 4 9 4 1 5 10 9 2 4 4 3 7 4 4 9 10 6 5 3 7 4 1 7 9 5 1 9 3 8 6 5 4 7 7 3 8 5 9 6 10 2 3 5 4 8 9 10 6 1 9 3 4 8 2 3 6 5 2 4 4 3 5 8 2 2 1 4 7 8 7 9 10 5 2
1 2 1 3 7 1 3 2 3 9 4 7 9 10 6 1 10 6 6 9 6 1 8 6 9 9 10 7 8 7 5 5 1 8 6 10 6 10 4 6 10 1 10 4 10 4 7 9 2 8 8 9 2 4 4 8 6 3 10 4 3 10 8 4 2 2 7 4 7 4 10 10 8 1 3 9 7 10 4 8 6 10 3 1 3 8 7 9 3 9 3 6 8 3 10 9 4 5 1 7 9 5 9 4 6 7 5 1 2 4 6 8 2 6 10 2 5 1 7 4 4 9 6 1 5 1 10 7 1 8 2 6 4 10 6 2 6 6 10 2 10 5 5 6 9 1 3 5 10 3 7 1 9 9 8 2 6 3 5 7 2 4 4 9 7 6 2 1 6 5 1 10 4 9 9 5 5 4 2 8 7 3 4 9 1 3 8 7 1 10 6 5 4 2 5 2 3 7 10 8 9 5 2 6 3 8 9 2 9 2 8 8 8 2 1 7 7 3 5 7 4 1 3 3 4 2 7 8 9 1 8 5 7 9 8 3 1 6 2 4 5 9 4 10 6 9 3 2 10 10 1 1 1 3 1 6 8 7 4 8 1 8 4 5 8 9 4 3 8 5 7 8 10 8 9 4 3 1 7 3 4 3 8 9 6 2 10 9 10 7 9 5 5 9 5 3 5 10 1 7 8 9 1 9 10 3 5 9 5 9 4 1 8 9 8 3 4 5 5 2 7 6 4 6 9 6 4 2 3 5 9 10 7 8 6 1 6 9 6 7 7 5 6 9 9 1 8 2 6 1 6 5 7 9 9 8 3 4 7 3 10 10 5 7 4 7 1 6 4 7 3 4 6 6 7 4 7 7 7 2 5 10 5 2 1 8 9 8 6 3 4 1 4 1 1 9 1 4 1 9 2 8 5 5 2 10 2 1 10 5 3 9 6 3 6 9 7 8 8 9 7 1 6 7 4 1 7 1 4 3 1 9 10 5 7 1 2 1 2 9 4 3 2 4 4 1 5 3 8 2
3 3 9 4 4 2 7 9 2 7 10 6 7 4 4 3 1 3 1 8 4 3 7 10 2 2 4 6 3 6 9 4 8 8 10 1 2 5 3 1 9 7 1 9 4 4 3 10 9 2 2 1 3 7 2 1 5 10 1 4 4 8 3 2 5 4 7 10 3 7 4 5 6 10 6 1 5 2 10 8 10 9 2 5 4 8 4 3 9 4 2 9 2 10 1 2 2 4 4 9 3 9 1 8 8 7 6 3 7 6 1 10 2 5 6 10 3 8 3 9 4 3 7 9 2 3 4 8 1 8 6 3 2 9 9 6 8 9 7 9 3 2 1 2 8 8 4 1 5 4 2 7 5 6 8 6 7 4 6 2 2 10 10 5 10 4 5 3 6 8 5 1 3 2 2 5 2 2 1 4 7 3 3 2 8 9 8 5 2 8 7 6 6 1 4 7 3 7 8 8 6 10 4 5 6 4 5 1 7 3 6 5 6 2 3 9 6 1 3 2 4 7 2 9 2 3 1 3 6 9 9 10 5 6 2 3 7 8 4 10 2 9 8 1 10 1 3 10 8 9 10 1 8 9 10 7 4 3 7 2 5 2 3 3 7 4 7 3 4 3 4 8 6 6 8 5 9 9 9 2 2 3 1 7 9 7 7 8 10 7 8 1 5 2 7 10 10 9 6 2 6 5 9 2 8 6 5 9 3 3 10 3 4 4 9 2 4 2 1 6 5 4 3 2 10 4 2 8 9 10 8 5 1 2 6 4 4 4 6 6 2 2 10 7 9 1 8 7 4 7 10 1 1 1 3 5 7 10 9 1 4 6 8 2 7 9 7 9 2 4 4 6 7 8 5 7 6 3 3 10 1 3 1 8 5 6 4 8 7 4 8 8 6 2 6 5 5 5 3 3 1 7 4 2 6 6 7 6 7 9 10 8 1 6 2 2 1 1 6 10 7 5 2 3 2 9 2 8 3 3 4 6 8 4 6 4 1 8 8 1 1 9 6 3 7 10 1 1 1 3
5 7 4 8 9 9 7 6 5 2 2 6 8 2 3 10 10 8 1 9 10 1 3 1 1 7 7 8 5 7 7 8 4 5 9 9 6 2 3 7 8 7 7 9 8 6 8 3 4 3 8 1 5 7 10 8 9 4 1 9 8 1 7 5 6 8 4 3 10 2 3 10 6 5 3 7 10 5 10 6 1 3 9 1 7 1 1 8 7 2 6 9 6 9 1 9 5 6 5 9 8 6 6 10 1 10 9 9 1 4 9 7 4 7 3 4 4 5 10 7 1 3 9 9 9 10 3 7 1 5 7 7 9 3 9 2 5 8 8 10 6 5 6 8 2 8 5 6 6 8 9 3 2 2 4 1 1 8 4 4 9 6 9 8 5 6 5 4 7 6 5 5 3 9 3 2 8 4 6 10 3 10 2 5 5 9 1 7 3 8 3 6 2 9 6 7 3 5 7 4 7 5 6 3 5 7 2 1 2 9 4 10 5 10 9 1 1 7 5 4 4 7 10 3 8 3 2 10 5 1 6 8 2 10 2 5 9 6 7 3 9 8 7 4 7 3 10 4 1 6 6 6 8 1 10 2 9 9 5 6 7 5 1 3 8 6 3 7 2 8 6 10 3 2 5 1 5 6 9 9 2 4 2 10 2 6 2 2 4 6 1 1 2 10 1 9 5 7 4 2 1 9 9 6 6 10 1 3 5 6 2 3 3 4 3 9 10 4 7 4 4 5 1 6 1 2 3 10 10 6 8 7 4 1 10 5 3 4 7 7 4 7 6 8 10 1 10 10 6 6 5 7 10 9 9 6 6 4 9 7 3 8 6 2 10 2 4 4 9 10 8 2 2 5 8 10 1 1 10 10 4 8 8 1 3 7 4 4 6 9 4 3 10 10 7 5 9 3 8 9 3 8 8 3 1 5 10 2 6 1 9 8 3 10 8 9 9 1 8 8 3 8 1 10 10 9 2 1 3 8 4 5 4 10 1 10 7 4 2 4 7 6 5 9 4 7 3 5 3 10
1 7 5 3 3 7 7 4 10 8 10 4 6 6 2 2 3 5 1 10 3 4 10 7 2 9 9 2 2 4 1 2 4 7 2 4 4 6 8 6 4 7 5 1 4 10 1 4 1 8 6 6 4 3 5 2 3 10 2 5 10 4 3 2 3 4 8 9 4 5 7 1 1 2 3 4 2 4 5 1 9 10 9 7 7 1 6 7 3 2 2 9 1 9 4 4 9 8 9 5 8 8 7 2 4 8 2 7 3 4 5 10 3 3 1 1 7 10 10 3 4 8 8 7 3 5 8 7 10 7 4 2 5 7 5 8 1 2 5 2 1 10 10 6 8 8 8 1 1 3 1 7 2 10 7 6 1 5 2 10 4 7 6 4 5 1 5 10 4 8 9 2 8 6 5 5 5 7 7 1 9 9 8 2 1 8 4 6 8 5 4 2 4 7 2 9 5 3 3 4 5 5 5 3 9 2 1 8 4 1 2 2 8 10 3 3 2 9 4 4 1 6 2 6 7 3 5 9 4 8 6 5 3 10 2 10 9 2 3 5 9 3 1 7 9 5 1 8 6 5 1 1 2 7 5 1 6 3 1 3 4 9 7 3 6 6 1 3 5 3 9 7 10 9 10 1 8 5 4 9 10 10 3 1 4 9 10 2 7 2 6 8 5 1 10 10 4 6 2 1 9 7 3 5 6 5 4 10 9 5 4 3 2 8 10 7 9 8 7 4 8 5 7 8 3 10 7 10 6 3 2 5 5 4 7 10 2 10 1 4 6 4 9 6 6 8 6 7 3 8 9 1 4 10 7 2 1 3 3 5 9 3 6 4 9 4 7 7 10 4 7 7 10 8 3 9 4 6 6 6 8 9 9 2 3 7 1 4 1 2 8 5 1 4 6 3 5 9 4 2 3 1 1 9 8 5 4 1 5 9 8 1 7 2 3 7 1 2 1 7 3 4 9 4 9 4 9 2 3 2 3 6 4 10 2 8 8 7 8 2 2 2 10 3 2 5 9 6 10 7
3 7 10 2 4 4 3 5 10 4 10 2 9 9 8 3 1 10 4 7 4 6 8 4 2 2 7 9 4 2 6 5 1 8 5 6 6 6 9 6 7 2 7 10 6 2 5 6 8 2 8 4 8 9 4 7 3 1 1 3 2 3 9 3 10 7 7 1 2 2 1 4 6 10 3 8 1 9 10 5 6 3 10 6 6 6 4 5 2 2 3 4 6 8 3 5 8 10 2 1 9 5 6 7 9 7 10 5 7 1 8 7 2 6 3 5 4 3 6 1 10 6 2 5 2 10 3 10 6 9 4 6 7 3 5 3 1 3 10 3 4 9 3 4 5 5 7 4 5 10 1 7 8 4 3 2 2 9 5 2 10 9 5 6 5 1 10 9 2 9 6 2 8 3 7 1 7 3 6 9 8 3 6 7 2 9 1 5 9 9 2 9 7 4 7 2 6 4 8 4 7 5 5 8 3 8 2 9 1 1 2 4 7 9 2 6 1 8 3 4 10 1 7 7 4 4 3 4 10 2 3 7 1 2 9 10 3 8 5 2 6 4 5 9 4 6 7 2 8 7 5 1 7 3 5 6 8 10 6 9 3 5 4 1 10 1 6 10 5 4 4 1 5 2 4 7 3 1 10 7 3 1 4 3 7 7 10 5 7 7 5 6 7 10 10 2 9 7 3 6 5 1 5 5 1 5 10 8 1 6 8 8 5 3 9 1 9 4 3 1 8 3 1 8 4 3 9 1 6 8 9 1 10 10 10 2 1 5 8 9 2 5 3 8 1 2 7 9 5 8 8 1 1 10 6 6 3 4 8 10 4 7 5 9 6 9 10 2 8 4 6 5 4 6 2 2 10 6 6 7 1 9 6 4 10 9 1 7 4 5 5 3 9 5 7 8 2 6 9 6 1 5 2 6 10 2 4 1 3 5 5 4 8 7 3 8 5 5 4 7 9 7 3 5 5 4 8 6 3 6 9 6 7 10 10 4 4 5 4 6 10 7 4 1 9 6 3 4 7 3
2 6 2 2 3 5 5 10 2 3 7 3 10 2 6 4 8 1 10 4 9 3 8 8 1 4 1 6 9 1 10 2 9 6 4 3 9 5 9 4 7 2 8 10 4 6 5 8 4 7 6 5 1 1 1 4 6 2 8 4 9 7 10 1 6 5 8 9 9 1 6 7 1 7 1 4 7 9 6 3 4 4 7 9 8 6 2 2 2 7 7 6 7 7 10 8 10 6 1 5 6 1 1 10 1 8 3 10 6 1 10 1 9 5 9 2 7 10 4 4 1 8 2 9 6 3 2 1 4 4 3 7 9 2 8 5 1 1 4 4 3 10 8 10 3 4 1 1 10 4 2 6 5 2 7 4 6 9 2 4 6 7 3 5 6 5 3 8 9 10 10 10 8 8 1 1 5 7 8 3 3 4 9 9 4 4 7 9 9 4 8 4 5 4 7 8 4 10 6 10 10 3 3 2 5 6 8 2 5 4 5 7 5 3 2 1 10 7 9 8 2 5 10 5 4 5 9 1 1 5 3 6 8 1 3 2 1 4 4 4 9 4 3 8 1 10 6 5 8 1 6 4 9 9 6 6 4 2 2 9 2 3 8 3 6 3 3 4 7 3 1 1 4 1 2 10 9 9 5 10 5 9 2 7 1 9 8 3 1 10 7 5 2 2 10 10 5 9 2 4 2 9 8 4 3 9 3 3 7 9 6 3 6 3 6 2 1 10 3 3 1 1 10 8 7 2 3 2 7 7 7 4 8 2 10 8 8 5 8 6 6 2 7 7 10 3 3 2 7 9 5 6 6 7 10 9 8 2 8 9 5 6 2 8 5 5 8 3 10 5 1 5 6 5 7 8 10 9 8 3 3 9 7 7 1 7 9 1 10 2 9 7 2 1 8 7 4 2 1 4 6 3 3 4 7 5 5 8 8 1 9 3 9 8 3 10 7 7 4 5 7 8 5 10 1 1 5 4 7 2 10 2 6 2 9 5 10 2 3 10 10 6 7 8 10 6 6 6 6 8
1 9 2 7 8 10 8 4 9 4 8 8 1 7 6 5 7 10 10 4 7 3 2 5 2 7 4 5 4 4 2 4 4 5 4 7 1 7 9 3 9 1 1 7 7 1 1 10 4 5 6 6 10 5 10 4 4 3 1 8 3 7 4 8 4 3 4 3 9 3 7 1 3 5 8 3 10 9 2 8 4 7 3 3 10 4 10 8 4 10 4 5 7 7 8 6 9 1 2 9 1 3 7 8 9 10 7 1 6 6 7 6 10 9 6 3 9 1 5 4 5 4 5 8 8 2 6 9 9 7 2 10 7 4 4 6 5 9 1 8 6 8 2 3 8 1 3 3 3 9 10 7 7 8 8 10 8 3 9 10 7 9 1 5 7 9 4 5 7 6 8 1 3 5 10 1 6 7 3 5 9 5 7 3 7 8 6 10 1 2 1 9 7 2 3 4 9 9 10 3 5 7 6 6 10 7 1 9 7 3 6 3 3 6 2 3 1 9 10 6 1 6 3 9 5 2 5 8 3 6 3 3 3 1 10 3 3 6 4 10 10 4 8 3 5 5 5 4 7 4 10 9 4 9 6 9 8 9 6 2 7 7 9 2 4 2 2 4 4 1 2 8 6 8 5 4 2 9 8 5 10 9 5 3 8 3 8 2 8 1 3 5 7 5 2 3 3 7 3 6 5 9 6 8 5 6 4 5 5 6 8 10 8 5 4 6 2 9 9 10 3 7 6 10 8 7 6 2 1 6 9 3 4 4 6 1 8 7 7 5 2 2 9 7 10 2 3 9 9 5 8 5 1 2 1 3 1 6 3 3 7 6 7 3 9 7 9 10 2 10 6 9 10 8 10 7 5 8 7 7 4 5 1 7 3 8 2 10 10 3 10 5 9 3 3 8 6 2 6 3 7 9 3 1 7 5 8 1 9 5 10 6 8 7 10 10 6 4 3 3 9 8 5 5 4 9 8 7 1 8 5 7 4 7 7 10 9 2 10 5 6 9 6 4 7 7 7 10 4 10
4 4 9 5 7 7 10 10 9 3 1 8 9 6 1 2 8 7 9 9 7 4 2 2 9 8 3 6 8 9 7 2 3 9 4 6 3 7 2 6 2 4 6 10 9 9 6 5 8 10 4 4 6 6 5 10 8 7 6 7 6 10 1 1 5 9 1 3 7 3 1 3 5 2 5 3 7 7 9 2 2 4 7 7 9 5 5 8 3 5 3 3 8 5 1 9 4 1 4 5 2 10 6 10 8 1 8 7 7 5 7 8 8 7 2 9 5 1 9 4 1 1 2 9 10 8 3 5 2 10 5 6 10 4 8 4 9 10 5 7 4 6 9 2 8 1 9 9 2 6 6 1 8 10 9 4 7 9 10 8 6 6 10 1 8 3 7 10 10 5 8 2 10 1 10 1 7 8 3 9 1 2 8 8 1 6 9 6 1 7 3 3 3 2 7 7 3 7 9 1 8 7 6 8 6 1 5 2 9 6 3 7 1 2 10 6 5 9 6 5 6 5 2 6 1 3 9 9 5 10 3 2 4 5 3 6 2 9 9 8 2 8 4 7 1 8 6 3 8 9 9 8 3 4 9 1 2 4 6 6 4 6 1 2 7 3 9 2 8 1 4 5 2 5 9 9 9 8 10 6 6 1 1 1 6 4 10 6 10 3 5 1 3 10 6 4 1 2 7 4 6 10 5 1 8 2 7 8 6 7 4 8 7 4 6 1 4 8 7 2 7 6 10 1 10 10 4 7 9 7 6 10 4 6 10 6 6 9 10 5 6 3 2 2 1 6 2 5 1 5 10 6 7 3 10 10 9 9 4 3 3 6 7 1 7 9 3 1 9 8 1 5 7 3 4 6 6 6 1 2 5 6 4 2 9 4 5 10 2 9 6 1 6 8 7 4 9 2 8 10 9 5 5 6 2 2 6 9 2 10 4 10 2 2 6 4 7 4 6 10 1 9 6 2 5 6 1 7 7 2 1 4 2 4 5 4 2 3 5 9 2 4 7 4 4 6 8 10 5 2
2 3 10 1 3 4 3 8 6 10 7 3 3 4 4 5 10 3 5 10 3 3 7 5 10 9 3 10 1 3 8 4 10 5 7 3 1 5 2 5 7 5 1 9 4 2 9 9 5 9 10 3 9 5 7 8 9 4 2 10 10 7 7 3 6 2 4 6 9 5 9 4 3 1 4 7 8 10 5 9 2 5 8 4 1 6 1 10 5 5 5 1 8 3 3 5 6 7 7 10 3 5 8 5 6 7 8 7 4 1 3 7 1 1 3 9 9 8 3 2 7 3 2 7 4 2 5 3 7 7 8 7 3 5 2 10 6 5 6 2 5 5 1 7 4 4 6 4 8 7 3 4 9 7 2 6 8 6 6 7 1 1 3 7 9 7 9 7 3 2 4 6 4 4 1 2 2 6 2 9 1 4 10 3 3 7 1 10 3 2 4 7 10 6 4 8 6 7 10 6 5 7 4 1 5 7 4 4 5 2 1 3 8 8 8 10 8 8 4 7 8 5 8 2 8 4 8 10 6 8 2 10 9 10 7 3 8 9 7 3 9 10 9 7 9 8 9 1 4 10 3 10 3 7 3 9 7 9 4 6 1 2 4 9 2 2 3 5 3 2 2 2 9 1 1 5 6 8 8 8 5 1 5 3 9 6 2 7 10 1 3 8 4 6 4 8 10 1 10 3 10 4 10 4 4 4 8 1 4 3 7 1 8 1 2 10 10 1 8 9 1 9 3 9 4 1 1 1 2 1 10 10 9 3 10 7 3 1 1 4 5 6 2 9 8 5 5 9 2 1 6 10 1 5 6 6 1 3 10 2 2 9 7 10 9 9 8 5 1 6 2 8 3 2 10 9 4 5 5 6 9 10 9 2 8 4 7 9 8 5 8 10 5 2 10 8 6 5 1 10 2 9 2 8 9 5 2 2 4 5 4 2 4 8 5 8 6 5 4 5 7 10 5 10 2 2 9 3 1 8 10 5 5 5 1 6 9 9 4 7 8 9 1 4 8 10 5 9 8 4
2 10 3 3 7 3 2 8 8 3 4 5 1 2 4 2 9 9 4 5 10 5 4 1 9 7 1 2 7 9 6 3 1 4 7 2 8 5 9 6 8 1 5 9 4 9 9 2 8 2 9 1 8 3 5 7 8 6 6 3 5 2 10 10 7 4 8 4 9 3 3 10 3 6 5 6 2 6 2 5 2 9 9 3 6 6 9 3 5 6 6 10 10 6 9 9 5 1 1 2 9 5 5 8 1 4 5 8 5 1 4 3 8 1 5 8 3 1 4 3 10 2 4 3 9 2 8 7 2 9 1 2 9 10 2 6 7 3 8 2 6 7 6 4 9 3 9 3 5 7 6 8 6 5 6 1 4 1 1 1 5 7 8 10 4 6 3 7 7 10 3 4 3 1 6 3 5 7 7 7 5 3 10 10 8 1 2 3 7 5 5 10 1 2 8 1 9 3 6 3 10 3 5 6 5 6 2 8 3 9 3 1 4 8 6 4 6 7 10 7 5 10 6 2 7 9 4 10 6 5 6 9 4 4 10 4 6 1 4 9 7 4 7 3 9 1 6 5 1 4 5 6 6 2 3 4 10 2 6 8 9 8 2 6 4 6 4 8 5 4 2 6 3 1 1 6 10 3 1 5 7 2 1 6 10 9 9 8 1 5 9 1 5 5 3 7 8 7 7 10 10 2 8 5 6 7 5 5 7 8 10 8 3 7 1 2 6 2 4 4 6 10 3 9 10 9 8 8 8 8 9 10 4 8 3 6 1 3 10 2 4 1 9 7 6 3 7 4 1 1 9 3 9 10 4 5 3 1 6 9 3 9 6 10 7 8 10 2 6 5 3 3 5 4 6 7 9 5 7 10 3 10 9 8 9 5 3 10 8 2 1 10 8 2 10 10 1 10 1 9 6 8 5 5 7 8 6 10 10 10 2 3 4 8 10 9 4 1 6 3 7 2 1 7 4 10 8 5 9 7 5 8 10 9 1 4 3 3 4 2 10 1 4 10 7 6 6 1 5 4
5 9 8 8 6 2 3 3 5 5 3 4 7 2 7 1 1 1 9 3 10 10 9 6 6 6 10 5 9 3 1 7 8 7 4 4 7 8 3 10 3 10 6 4 7 5 3 3 6 1 3 4 6 8 3 3 9 6 7 6 6 3 4 8 10 5 8 1 8 1 7 9 7 9 10 7 6 6 8 8 7 10 8 7 2 4 9 7 4 2 9 2 1 5 10 1 10 3 5 3 5 3 2 9 8 5 6 7 4 6 9 2 10 9 3 7 6 7 2 1 9 1 1 9 2 6 2 7 9 5 6 4 7 5 3 2 1 7 8 10 10 4 5 5 7 9 6 10 10 6 7 7 10 8 1 8 10 5 6 10 6 9 3 10 8 10 3 4 10 8 1 4 8 2 10 2 4 1 2 3 9 1 4 10 8 4 9 1 2 9 6 3 10 8 8 4 9 5 7 8 10 7 6 5 9 10 2 9 6 9 3 1 8 8 1 1 3 9 1 2 2 3 5 4 9 8 8 8 3 9 6 1 5 6 7 8 3 4 1 8 3 9 8 10 10 6 10 10 4 7 1 5 7 1 8 1 7 3 9 6 5 3 4 4 9 1 8 7 10 3 7 4 4 8 8 4 9 4 1 3 10 4 9 3 5 2 7 6 1 5 3 5 8 1 6 3 5 5 4 7 5 1 6 5 10 10 2 8 4 2 5 3 2 2 2 4 9 7 1 2 7 1 4 9 3 2 3 8 8 5 6 4 8 4 1 10 4 4 5 3 6 8 2 5 4 6 6 7 8 5 6 1 6 4 7 10 3 2 5 4 2 5 10 4 7 2 8 6 8 1 7 5 9 5 10 2 3 5 4 10 3 9 10 5 1 9 4 9 2 9 10 1 1 10 3 2 1 5 7 6 5 5 2 4 10 4 4 3 8 1 6 2 3 3 1 5 3 7 5 5 8 6 3 10 4 10 5 4 7 4 5 3 7 6 2 1 7 4 10 5 8 2 9 5 2 10 1 2 3 10
3 2 6 10 1 10 9 8 6 9 4 2 6 6 7 9 10 3 8 8 8 1 10 4 4 4 7 6 6 2 7 8 9 3 10 10 7 7 2 1 3 5 1 3 4 7 5 3 1 7 9 6 2 10 6 3 5 1 4 1 7 2 1 3 8 4 1 9 9 8 10 5 5 1 2 1 2 7 7 9 9 9 7 8 8 9 2 3 5 5 7 2 7 4 9 9 3 3 9 9 7 2 2 3 2 4 1 1 1 3 7 1 7 7 9 10 6 9 10 7 6 2 7 9 3 5 3 4 8 7 7 3 6 6 6 10 10 8 2 3 3 9 8 7 9 4 4 3 1 6 6 6 10 5 4 9 8 8 3 9 10 2 5 8 7 8 3 6 8 3 4 5 8 6 8 9 8 5 4 4 2 10 2 2 1 2 5 7 8 2 5 2 10 4 8 3 1 8 9 1 10 3 8 10 1 7 10 3 9 4 2 9 10 4 2 10 2 4 10 8 5 7 3 5 2 6 7 8 10 9 7 2 5 8 10 6 3 9 3 6 10 4 8 5 7 4 4 8 5 6 5 8 10 2 4 7 10 8 1 6 6 3 6 3 1 4 6 7 2 7 4 4 8 8 8 8 10 7 4 4 2 4 3 10 6 10 4 10 6 8 4 7 8 6 6 6 2 10 9 8 1 10 3 6 8 6 4 7 9 6 9 2 10 6 6 7 1 4 10 8 6 4 9 8 7 8 10 2 6 1 5 10 10 8 7 3 6 10 8 6 3 4 4 8 7 10 6 5 5 5 2 4 4 7 1 9 9 1 6 3 2 7 5 2 9 6 7 4 10 5 7 3 4 10 5 3 7 6 8 7 1 10 9 7 9 8 9 3 4 8 6 8 10 8 8 4 7 4 6 4 5 7 5 10 9 1 9 6 8 9 4 9 9 6 4 1 3 9 10 9 3 4 4 6 8 6 3 1 6 5 2 7 1 4 10 9 9 8 6 6 1 4 2 4 6 6 3 6 10 4
4 2 5 7 3 5 4 6 5 3 4 6 1 4 4 7 7 5 2 8 9 3 1 5 1 5 4 5 4 6 4 5 5 2 1 4 2 2 8 10 6 7 8 7 2 5 4 6 10 1 5 4 4 7 2 8 7 8 9 10 7 1 8 1 10 9 4 10 8 10 10 7 3 2 3 1 3 7 8 7 10 9 9 6 4 1 2 6 3 4 6 4 8 3 10 7 1 5 2 5 1 9 9 4 2 3 5 8 3 4 7 2 7 9 9 6 8 6 10 7 8 3 9 8 6 4 3 8 7 8 10 3 3 5 5 7 10 4 9 9 7 7 2 1 4 9 3 4 1 3 7 9 5 7 10 10 4 5 3 3 10 2 9 2 2 8 1 8 4 5 3 5 3 9 7 2 1 8 8 4 2 1 1 1 10 8 5 7 5 9 7 6 4 5 5 4 7 8 3 3 7 1 10 7 2 10 9 5 8 7 6 3 5 4 6 3 6 6 6 8 5 3 9 8 10 4 9 1 6 3 5 1 10 5 9 10 4 3 3 4 10 2 7 9 1 5 8 10 9 7 10 5 6 7 3 7 3 5 4 2 6 8 6 8 10 4 2 10 5 3 6 8 5 6 9 6 8 10 5 5 1 1 1 7 6 2 3 1 7 3 4 10 4 1 2 3 5 5 4 1 8 4 2 8 10 10 9 5 2 5 4 8 5 2 3 6 9 1 2 3 8 6 8 2 9 7 2 9 9 6 4 4 2 5 9 4 3 5 8 10 6 6 10 2 9 8 8 10 6 6 1 5 5 9 3 5 4 6 7 8 1 6 1 6 3 8 4 10 3 9 3 5 10 6 3 1 3 7 8 6 8 4 5 2 8 9 1 2 5 8 10 3 10 7 3 1 1 7 3 4 4 7 7 3 7 1 7 5 3 8 2 8 1 3 10 7 2 2 4 9 5 6 8 10 4 1 6 8 4 2 2 3 10 7 8 1 10 9 4 7 2 7 7 2 9 4 6 2 4 10
1 4 2 10 2 10 9 6 9 8 2 7 4 4 3 4 2 2 6 8 1 3 6 7 6 7 3 1 3 6 9 5 1 1 10 7 9 5 6 7 2 5 7 5 3 9 9 1 10 10 4 10 7 5 4 1 5 1 7 1 6 4 10 3 6 4 5 1 5 7 4 10 9 8 4 5 1 9 10 2 10 7 7 10 4 4 6 5 7 2 7 7 2 10 8 4 7 8 10 1 3 3 4 9 3 5 5 5 3 3 10 8 5 3 7 3 5 8 2 2 1 6 3 5 3 10 5 10 7 1 5 7 5 5 2 7 5 2 10 9 9 7 4 2 4 8 7 3 6 5 6 4 10 5 8 10 10 4 3 6 4 5 9 3 4 5 5 3 6 7 5 3 5 3 3 4 9 10 5 4 4 3 3 8 4 9 4 4 2 1 7 8 2 7 5 7 1 3 5 10 2 8 1 5 8 8 10 7 5 3 5 4 1 2 9 10 3 1 1 2 5 3 7 8 8 10 6 3 2 7 5 10 9 6 7 4 2 2 5 6 9 10 1 2 10 5 2 2 3 8 6 6 10 7 1 9 7 10 9 2 8 2 7 8 4 2 6 6 5 9 6 1 4 2 3 2 2 7 4 2 8 9 1 6 6 2 4 5 8 4 3 6 4 10 8 6 3 6 7 5 10 4 5 3 7 2 5 7 9 1 5 3 10 7 3 1 7 2 9 6 1 4 1 5 6 1 2 4 6 5 8 5 5 8 8 3 3 3 8 4 7 4 8 8 8 1 9 3 2 1 4 4 7 9 2 10 6 8 9 10 6 6 5 3 7 7 7 5 4 8 2 8 7 7 9 4 4 6 8 3 6 2 7 7 3 5 2 6 5 4 3 3 6 3 2 9 5 8 2 2 3 4 1 4 5 6 8 5 1 2 2 7 10 1 4 9 3 8 8 4 5 10 2 2 3 5 3 9 9 3 3 4 6 1 1 7 1 9 2 7 10 4 8 8 9 9 7 7 4 6
3 10 4 9 2 8 3 6 7 9 6 3 2 1 5 4 3 9 4 7 9 1 10 5 10 1 1 3 8 6 1 7 10 9 7 7 3 8 5 4 2 1 7 7 7 4 2 10 6 5 6 1 10 6 10 1 3 10 1 8 10 2 2 1 5 4 10 1 4 1 7 1 2 2 9 10 3 5 4 7 4 8 4 2 4 5 5 8 2 9 2 2 8 10 4 7 8 5 4 4 2 3 2 4 10 2 7 9 2 6 5 7 7 9 8 1 6 8 8 7 9 1 7 1 7 8 3 2 8 5 2 8 2 5 10 4 2 7 1 5 6 8 4 2 2 4 10 9 2 6 9 4 1 4 7 2 7 8 5 7 7 2 3 3 7 2 8 8 10 8 7 8 2 4 8 9 2 8 10 8 5 7 9 2 10 10 9 8 10 4 3 2 10 1 1 1 5 9 8 3 4 9 2 9 9 2 8 6 5 3 5 9 1 5 5 6 3 10 4 4 4 5 1 8 7 9 7 10 8 6 8 1 5 8 2 8 9 1 3 1 2 4 3 9 3 6 9 1 5 9 7 4 7 3 2 1 7 1 2 3 8 5 9 2 7 4 2 7 9 10 4 5 8 8 3 4 3 1 1 6 10 1 8 2 1 8 4 3 10 7 10 9 8 10 6 7 10 9 3 1 9 3 8 9 7 2 6 1 4 9 10 3 2 8 6 7 7 8 5 4 1 9 4 9 7 9 1 2 9 1 1 5 4 1 6 5 4 4 3 2 7 9 10 7 4 7 9 3 4 1 6 10 9 6 7 9 7 1 7 10 3 9 3 1 8 6 7 1 10 4 5 5 7 2 1 9 5 4 7 2 10 9 6 3 3 2 1 10 9 9 8 10 6 10 7 9 2 1 8 9 6 9 10 2 1 5 6 8 6 1 7 4 7 7 4 9 5 1 9 2 6 9 7 1 7 6 3 10 4 4 6 1 9 10 5 10 10 7 4 10 3 6 5 2 2 5 8 1 4 5
2 5 8 9 2 9 3 1 5 5 5 4 3 7 4 1 7 2 5 1 10 8 1 4 7 1 2 3 6 1 4 6 7 7 8 9 7 3 6 3 1 10 10 10 1 10 2 2 10 2 6 1 1 7 10 4 4 6 9 10 10 2 6 8 3 1 2 1 5 2 3 7 4 9 5 5 1 1 7 1 3 2 7 7 5 3 6 10 6 3 5 9 4 2 8 1 3 4 1 7 9 4 3 3 1 8 9 1 6 1 3 2 1 6 4 5 7 4 5 3 4 10 7 5 4 4 9 2 5 1 4 1 9 1 4 2 6 3 2 2 1 9 9 1 9 7 1 10 9 5 5 1 8 6 9 2 9 1 7 2 4 8 9 5 5 9 10 6 6 5 3 9 2 8 5 7 1 7 8 1 9 8 2 2 9 5 4 8 4 1 3 6 9 2 6 2 3 8 2 7 6 1 3 6 7 7 10 8 10 8 3 6 4 2 7 4 9 3 10 10 3 1 2 3 7 4 6 1 3 9 10 5 2 9 5 8 4 7 10 9 4 2 1 10 6 1 5 4 4 10 5 7 2 4 7 5 3 6 9 10 6 10 2 5 1 6 5 2 10 9 2 5 10 8 2 4 10 4 8 4 4 5 10 9 10 2 1 6 3 9 4 3 5 6 6 8 1 1 4 6 2 2 4 3 5 1 2 5 3 2 9 8 9 9 5 5 3 9 7 7 10 5 3 6 9 2 2 3 8 2 7 10 2 7 7 9 4 5 6 10 7 7 5 7 2 1 3 5 2 3 1 6 2 10 6 7 9 5 6 7 5 5 1 7 5 10 5 10 10 3 8 9 3 7 9 2 1 7 9 7 2 1 1 1 1 5 2 3 8 10 6 2 1 2 9 8 1 10 7 4 10 3 8 6 7 7 3 3 7 8 6 6 10 10 3 9 3 9 2 2 10 6 3 4 9 4 7 7 1 6 8 5 10 4 6 7 5 5 5 3 2 10 6 3 6 6 5 10 1 6
5 1 6 5 9 7 1 4 4 1 9 8 9 9 4 9 2 9 7 2 7 3 2 9 3 7 8 10 7 9 10 1 10 5 10 7 2 1 5 4 9 8 6 5 2 7 6 10 3 8 1 10 2 9 1 3 10 2 5 6 5 1 3 8 10 4 3 2 5 1 6 7 6 4 9 9 2 5 7 5 5 8 1 6 10 7 4 10 8 5 9 7 6 2 6 3 10 3 2 1 2 8 5 9 3 2 6 5 7 2 9 5 3 2 9 4 6 3 2 10 9 2 4 3 10 3 9 7 3 6 8 5 4 10 7 3 6 3 7 4 8 1 7 10 5 4 8 7 10 8 8 5 5 6 8 10 5 8 2 5 5 9 5 8 3 4 3 10 10 9 1 8 7 1 9 10 3 4 6 3 2 9 1 7 6 2 6 9 1 3 10 9 9 5 4 8 2 10 8 3 4 2 7 8 9 3 2 5 5 8 10 1 5 6 3 8 9 4 1 9 2 7 3 9 10 6 5 1 5 2 2 5 3 2 6 9 9 5 9 7 2 1 6 6 5 4 2 10 5 5 5 9 2 3 4 5 4 8 3 8 2 9 9 8 1 2 7 7 4 6 8 5 7 9 6 2 2 10 9 7 7 1 5 8 7 2 1 3 8 2 3 7 8 10 8 5 7 8 4 7 2 8 7 10 9 4 1 1 6 5 5 2 2 10 5 7 10 1 4 4 10 5 6 7 9 4 7 7 8 7 3 10 4 7 6 5 10 5 7 3 1 8 1 8 10 6 4 10 10 1 3 8 7 8 9 8 2 5 8 7 8 6 6 6 9 10 5 10 2 10 9 4 8 10 3 4 3 9 7 4 5 10 4 6 1 9 4 9 7 9 1 7 5 2 7 10 6 4 10 6 1 6 3 5 2 2 1 5 6 2 2 7 7 7 9 4 1 9 9 7 4 10 7 2 7 10 2 10 9 3 3 3 10 1 3 1 10 6 8 8 5 4 7 7 4 10 6 9 4 7
5 2 4 3 1 8 1 3 3 9 1 3 10 6 9 10 5 1 3 6 10 4 6 3 5 6 9 2 10 5 6 3 4 8 2 5 10 3 9 9 5 10 7 3 2 6 4 1 8 5 1 4 9 9 7 4 6 2 10 2 3 1 8 1 8 3 6 7 4 5 10 8 4 6 8 9 8 5 9 5 9 1 8 7 5 8 10 1 3 8 10 6 4 3 2 3 3 3 9 2 8 10 2 5 7 3 4 1 1 1 10 8 2 1 8 5 10 8 3 10 8 4 4 3 2 4 6 1 3 6 4 6 4 5 7 9 10 7 1 8 6 5 3 6 10 10 9 7 6 10 6 2 2 8 5 10 4 2 3 3 4 2 6 5 6 3 6 3 4 4 9 5 4 1 2 3 9 3 6 1 2 8 7 10 9 3 2 2 5 2 7 2 6 3 6 1 4 2 8 5 1 7 5 10 1 2 5 9 4 6 8 4 3 2 8 10 9 9 6 7 3 1 7 6 4 10 9 7 4 4 9 7 2 3 6 5 10 4 8 5 4 1 8 6 4 5 10 8 8 10 1 6 7 3 5 8 3 1 9 1 7 8 7 8 2 10 3 2 1 10 2 3 8 5 3 7 2 10 1 1 7 7 1 7 9 10 5 2 8 7 6 4 5 5 10 9 7 4 9 6 10 9 3 9 9 10 2 1 10 9 9 3 7 5 10 10 7 1 1 8 2 2 8 9 3 3 9 8 2 3 3 6 7 8 5 10 2 5 10 4 8 2 5 9 9 8 9 6 2 6 10 7 6 2 7 9 5 1 6 9 7 5 3 2 1 7 5 3 3 5 4 1 10 1 5 10 3 8 9 5 4 9 2 7 9 4 8 7 8 9 2 6 6 7 6 8 9 3 4 2 1 7 6 5 3 1 2 2 1 4 8 9 6 8 7 6 3 9 7 6 10 1 7 10 5 6 3 6 9 8 6 10 7 9 9 2 10 8 5 5 2 2 3 3 1 10 10 6 2 2
1 4 6 8 3 3 3 2 7 4 1 6 6 4 8 10 2 5 9 9 9 9 6 4 9 9 8 8 10 2 1 7 9 4 7 10 3 3 4 9 2 9 8 2 10 9 10 1 5 8 8 3 10 9 8 6 10 1 9 10 2 3 5 5 6 10 7 2 2 2 6 10 3 1 6 7 4 9 5 4 9 1 3 5 7 5 3 1 5 5 7 1 5 8 3 5 9 9 6 7 5 10 4 1 6 6 5 1 8 5 7 7 1 6 10 4 8 4 8 8 8 2 4 2 3 7 5 7 4 6 9 4 2 1 10 9 6 4 1 2 8 1 8 9 1 1 8 10 6 3 4 8 3 7 6 2 10 5 1 9 9 10 3 4 4 8 7 6 4 8 6 9 1 5 2 10 8 8 2 5 10 3 7 6 10 10 8 8 9 1 10 6 4 5 1 3 9 5 7 4 1 5 3 6 5 3 8 5 4 7 5 5 9 9 3 9 7 3 3 7 2 6 1 1 10 10 10 8 5 10 2 2 4 6 10 3 5 5 7 2 8 9 7 3 4 3 7 6 3 5 7 1 9 5 1 3 1 8 7 2 7 8 4 6 6 9 9 7 6 10 5 2 4 5 1 1 4 4 10 8 2 3 9 1 10 6 7 8 4 3 4 10 5 3 9 3 6 2 5 4 10 6 10 5 1 6 9 7 6 7 9 6 7 1 4 3 7 8 9 8 9 7 3 4 8 2 1 7 8 10 9 8 9 9 5 8 10 7 5 4 8 10 3 2 4 3 7 3 1 7 8 8 3 3 8 6 5 9 5 1 5 2 2 10 7 4 8 8 10 6 10 5 6 3 4 10 5 2 1 6 2 4 9 8 6 4 2 3 2 8 1 10 9 2 1 7 4 5 10 2 6 6 7 8 5 6 8 4 8 7 2 2 3 6 4 1 5 5 5 3 10 6 8 1 3 7 10 3 10 5 9 10 10 2 1 3 1 9 3 10 6 5 2 1 2 5 2 7 6 2
2 9 9 7 4 10 10 4 9 6 2 1 8 10 6 9 1 6 1 6 8 3 2 2 1 2 1 1 7 10 1 7 7 8 8 6 8 8 4 3 1 2 10 5 3 10 9 4 9 1 8 1 1 4 5 6 3 1 7 9 2 6 5 10 4 5 5 3 9 8 2 3 6 9 5 10 3 5 9 7 7 10 1 9 5 1 9 3 10 3 9 5 7 8 9 5 3 2 2 3 4 4 7 8 10 7 6 2 2 3 5 6 9 8 2 4 7 7 2 1 6 1 7 9 10 9 5 6 1 4 9 8 1 3 3 10 1 5 7 10 1 9 1 9 7 4 2 8 1 8 1 2 7 3 8 9 7 1 6 1 1 9 10 1 6 9 2 4 5 8 1 8 6 6 3 1 5 9 2 10 8 2 7 8 4 7 1 5 5 9 7 8 3 6 7 2 9 4 8 8 1 4 10 8 4 6 6 9 4 6 6 8 4 9 10 8 5 3 2 8 3 3 1 6 8 2 6 7 9 2 4 2 1 1 8 8 7 4 1 1 2 5 7 2 5 1 2 2 10 5 6 2 8 2 2 5 3 5 10 10 6 10 3 7 4 4 10 6 8 7 5 5 5 6 2 2 9 4 8 10 1 8 10 2 8 8 6 7 9 5 9 5 5 10 4 5 7 5 4 9 6 3 10 1 1 5 5 8 3 1 5 8 6 2 5 9 3 3 7 6 8 1 2 10 7 10 2 10 10 5 6 10 5 6 7 5 2 10 1 5 1 7 4 10 4 3 2 5 5 1 6 5 5 3 9 10 8 7 7 8 7 1 4 3 9 4 9 1 8 8 9 6 8 7 9 8 9 1 7 3 1 4 8 7 3 10 8 9 3 4 3 4 5 8 6 8 2 9 2 9 5 4 2 5 9 2 1 8 6 1 10 1 1 4 6 7 7 3 9 7 9 8 6 10 6 9 2 8 4 1 4 4 9 2 3 3 10 10 3 6 8 9 10 9 3 7 8 8 1 9
5 5 3 8 2 2 9 1 6 10 1 6 8 6 5 4 4 10 8 9 3 3 10 7 8 5 5 10 5 2 6 3 10 9 4 9 6 7 5 5 9 1 2 5 1 8 8 7 1 7 1 10 9 9 6 5 5 7 4 9 5 9 2 8 8 2 7 1 6 4 1 8 6 5 8 9 5 2 2 6 2 7 4 2 9 9 6 5 6 4 1 9 6 6 8 9 3 2 2 8 6 1 1 8 7 5 7 4 4 7 2 1 6 4 5 6 7 9 5 8 3 7 8 9 3 9 9 5 5 3 1 6 4 6 3 3 4 8 7 4 4 4 9 6 9 2 6 9 4 7 6 8 5 10 2 4 3 1 1 3 7 2 4 4 10 6 3 6 1 7 6 3 10 4 6 9 9 8 6 10 7 4 5 6 5 9 4 2 2 9 9 1 9 6 10 7 7 3 4 7 8 5 10 4 4 7 5 8 10 1 9 2 3 5 10 4 1 4 3 4 7 10 4 10 5 4 6 9 5 8 1 5 2 9 1 1 2 10 10 2 2 6 5 9 10 6 6 10 3 10 6 8 3 7 9 6 3 1 4 5 7 3 2 1 8 9 10 6 6 3 6 7 9 10 6 7 3 9 10 4 1 2 3 4 5 4 2 9 2 9 2 2 8 3 2 6 4 3 10 2 9 7 5 7 10 9 8 3 1 10 4 2 6 4 6 4 2 3 8 9 4 1 10 2 6 8 9 1 1 9 3 8 5 3 8 7 5 9 7 9 1 10 3 7 5 5 8 2 2 7 9 4 2 10 6 1 4 6 5 5 4 1 5 2 6 1 5 1 6 7 3 4 10 1 4 3 10 5 9 6 6 9 4 8 1 4 10 4 9 9 9 4 5 8 8 1 1 1 10 3 8 2 4 6 8 3 10 1 3 4 3 3 10 4 8 8 1 1 7 2 6 9 1 4 3 8 5 6 5 6 9 4 7 10 8 6 7 5 3 10 9 8 10 5 10 10 7 5 8 6
2 6 1 3 3 2 3 4 3 1 2 9 8 6 5 10 4 9 1 10 10 6 9 6 7 1 6 9 5 8 5 8 1 10 9 8 6 5 10 9 5 4 1 9 1 8 5 7 5 3 3 1 8 3 6 7 3 6 6 4 5 6 1 9 5 2 2 6 4 9 6 8 2 2 4 3 7 10 2 8 1 6 6 2 3 8 10 2 3 4 10 2 10 3 4 2 3 8 3 8 7 5 5 4 2 2 9 3 3 8 10 5 2 2 4 6 2 6 6 5 10 7 9 10 10 9 9 1 1 5 9 5 9 9 1 10 9 3 4 7 4 4 1 4 2 10 8 5 10 10 9 10 3 1 7 2 8 7 10 10 6 6 2 9 5 2 3 3 5 8 2 6 3 7 7 10 4 7 5 6 8 4 3 3 2 4 7 10 1 8 10 10 1 8 8 2 1 8 5 6 10 4 4 7 1 6 7 6 1 5 10 10 7 8 7 6 6 4 8 6 1 1 2 9 5 1 2 7 2 7 7 7 7 6 2 10 9 8 3 9 7 3 4 1 6 5 7 5 4 6 6 6 10 6 10 2 8 4 10 10 6 2 6 4 6 5 1 7 10 5 2 5 9 5 10 4 3 1 2 6 5 5 1 2 4 5 3 8 4 8 9 9 2 8 5 1 8 2 1 5 6 2 5 1 6 8 7 8 4 10 9 4 3 3 4 9 3 1 9 7 10 4 9 9 10 10 1 10 4 4 7 7 7 8 2 6 8 4 6 1 2 5 2 8 6 7 2 10 6 5 10 9 4 1 1 9 1 1 9 10 3 1 7 7 2 9 2 5 4 7 10 3 6 9 8 6 6 10 1 6 1 3 7 4 2 8 1 6 9 9 5 5 5 5 9 8 4 8 4 4 9 2 6 6 1 1 7 8 9 7 2 10 6 6 1 3 8 7 4 5 6 5 10 2 10 8 5 7 10 2 7 6 4 2 3 2 1 3 7 7 8 2 4 3 6 7 5 5 10 10
4 1 2 6 3 10 4 9 7 9 3 6 1 1 4 7 10 2 5 6 10 5 3 6 9 2 10 5 10 9 9 1 1 9 3 1 6 8 9 4 5 10 1 2 6 1 5 4 5 10 7 1 8 7 1 4 10 1 5 9 4 4 5 1 6 4 1 6 9 5 6 8 5 1 8 9 9 10 4 4 10 1 3 3 1 2 2 2 4 9 9 9 5 3 9 1 5 1 8 10 2 8 9 4 8 5 9 7 6 4 6 5 3 6 4 6 7 8 7 3 7 10 4 8 5 7 1 9 5 8 4 10 9 5 3 5 2 7 2 4 4 8 9 10 5 1 3 4 2 5 10 9 4 9 3 2 5 2 6 8 3 8 7 2 1 9 3 6 7 6 8 7 3 9 2 6 8 7 4 9 4 10 9 1 3 5 9 6 3 10 9 9 7 9 5 2 4 9 7 9 4 9 1 10 3 9 4 9 4 7 9 3 5 1 8 3 3 9 7 3 2 3 7 1 2 8 7 8 10 6 10 8 4 6 2 6 6 9 2 2 7 3 4 1 6 2 9 9 2 6 1 1 1 8 7 8 2 9 2 4 2 3 8 2 1 6 10 10 4 2 9 8 1 6 8 9 9 1 3 4 2 7 2 3 3 6 4 4 9 5 3 1 2 6 4 7 9 2 4 6 1 2 5 6 1 3 6 10 10 10 8 1 3 4 1 2 3 8 4 9 1 10 3 2 1 9 8 7 10 4 5 2 10 5 9 5 4 6 9 8 2 5 4 7 8 10 1 3 5 3 4 5 7 6 8 6 9 5 10 8 3 5 10 4 7 8 6 3 4 4 7 7 9 2 5 3 3 3 7 6 7 6 9 3 2 9 4 3 9 6 2 2 9 8 7 6 7 4 10 2 10 6 1 2 2 5 10 3 5 2 4 6 4 10 1 6 6 1 10 8 6 7 2 8 1 4 3 7 3 6 8 5 8 4 1 9 2 4 7 2 9 2 10 10 8 10 4 5 9 10
3 2 7 6 7 1 3 1 2 5 4 5 1 6 8 3 6 4 6 10 3 7 3 4 5 7 1 5 2 7 1 5 10 3 6 7 1 4 7 9 5 9 2 6 1 9 5 4 10 5 7 8 4 1 3 3 1 9 10 4 1 6 10 4 4 7 6 10 2 1 4 6 9 2 10 2 9 1 3 7 7 6 5 6 3 10 2 7 8 3 5 4 9 9 9 4 3 9 2 2 1 8 9 8 5 7 9 6 3 7 7 2 5 9 2 7 7 3 3 8 7 2 1 10 1 1 5 6 7 4 10 5 6 2 6 6 2 7 2 7 10 7 9 8 5 6 8 7 9 1 3 10 5 4 9 9 9 1 3 5 3 3 10 5 2 5 2 10 7 2 4 3 9 5 3 3 5 3 6 8 3 6 6 7 5 10 6 10 3 7 2 4 5 3 3 3 6 4 1 2 1 9 5 9 4 7 2 4 1 8 2 4 10 4 9 6 1 8 4 1 2 5 1 9 3 5 7 6 7 2 3 1 4 8 10 10 2 1 2 9 9 6 7 6 5 3 6 2 1 7 2 10 6 2 4 1 7 4 8 6 8 5 5 4 6 7 1 1 3 1 2 6 7 6 9 6 4 1 1 7 9 4 3 1 7 6 8 3 5 8 10 8 1 1 4 9 2 1 10 8 10 10 8 2 10 7 6 2 4 1 5 4 3 6 10 2 10 2 6 8 5 10 6 8 1 8 8 4 9 1 3 10 9 7 7 5 8 4 6 4 3 2 8 1 6 7 1 8 4 7 9 10 9 6 4 3 1 10 3 7 4 1 7 5 3 1 5 9 7 3 3 6 2 9 9 1 2 5 9 7 5 4 6 9 10 6 2 3 9 8 5 6 8 7 10 8 7 5 7 6 2 4 4 9 7 9 7 2 2 6 8 8 7 7 1 6 9 9 2 10 8 8 3 4 7 9 3 10 7 8 2 6 5 1 7 5 5 1 7 7 5 10 3 7 8 5 5 8 3 6
3 7 8 1 3 7 7 2 7 7 10 8 1 7 4 9 10 3 9 9 9 9 6 5 10 6 2 10 10 8 4 1 5 10 8 2 1 3 5 1 8 3 1 6 7 5 10 3 1 5 1 2 1 6 9 9 6 10 9 3 4 6 4 7 2 9 4 6 6 5 7 1 3 3 5 5 2 2 3 10 3 2 5 7 6 2 6 3 8 3 3 1 10 7 9 6 9 7 7 4 1 7 7 3 1 5 9 7 2 4 10 10 6 2 6 10 2 7 7 6 5 8 2 9 2 1 3 5 9 8 7 2 4 3 9 1 10 8 10 4 7 2 6 3 4 3 3 5 10 2 2 2 1 3 8 7 2 4 6 10 8 3 7 9 6 5 7 9 1 1 3 7 5 3 8 10 6 7 1 4 8 1 9 3 4 3 7 1 2 1 5 6 9 6 7 4 4 4 3 2 9 6 7 8 7 6 2 1 1 8 7 10 2 7 5 9 7 2 5 4 3 3 2 7 2 3 10 2 10 2 6 1 3 8 8 8 6 6 1 3 9 9 4 3 3 7 1 4 2 5 5 2 5 8 4 9 4 3 9 5 7 5 3 5 7 10 4 3 8 9 7 5 3 8 10 2 6 2 8 2 1 8 7 3 5 10 7 9 10 5 5 2 9 3 4 3 4 2 4 10 2 6 9 6 3 3 4 7 3 4 6 2 6 10 5 8 6 6 6 8 7 3 10 6 9 1 10 7 8 8 7 9 2 1 10 9 8 9 4 8 1 8 4 10 8 8 8 8 4 2 10 3 6 5 7 5 2 7 5 10 10 3 3 7 4 1 7 2 5 1 9 7 4 7 1 8 7 8 1 5 5 2 1 10 9 1 10 4 1 7 8 2 7 5 7 7 7 7 2 8 1 3 6 2 10 2 8 9 6 5 4 3 2 9 4 10 1 4 2 5 1 10 5 3 9 3 9 9 2 7 9 9 2 2 4 9 5 8 7 8 10 10 5 4 6 5 7 3 7 2
2 3 10 7 5 3 1 3 6 6 4 3 7 3 3 3 4 2 7 10 7 2 2 2 3 8 5 4 5 10 1 3 10 1 4 2 4 8 4 1 1 10 7 3 3 6 5 6 2 10 1 8 8 3 8 3 3 1 8 9 8 6 7 8 10 1 8 2 8 7 9 8 6 10 9 3 10 7 7 1 9 10 3 5 7 7 8 5 10 8 3 9 1 7 1 6 8 9 5 6 8 4 2 7 2 10 5 9 4 2 9 4 7 8 5 3 6 9 9 3 10 6 8 4 10 4 10 3 8 6 9 10 1 6 10 3 4 7 4 10 2 9 1 5 4 6 7 8 7 6 1 10 6 8 8 8 10 1 6 7 9 8 7 5 6 9 2 7 6 4 4 1 2 3 2 10 10 4 4 1 3 9 4 10 1 6 3 9 2 9 7 5 1 6 8 8 10 1 10 4 4 1 3 10 7 2 4 9 2 4 7 10 5 5 8 10 9 2 8 5 7 9 9 9 7 8 9 10 10 9 10 8 1 8 5 1 9 8 9 2 9 4 10 1 10 5 9 7 8 6 9 5 5 3 3 6 9 9 6 1 9 1 2 5 8 10 6 4 2 2 6 10 3 8 5 7 9 6 1 8 1 5 9 9 9 6 9 2 6 1 9 7 10 10 6 4 6 1 1 4 5 6 6 9 9 8 6 9 3 2 9 9 6 9 7 4 9 4 2 9 4 7 8 10 2 4 3 10 5 8 7 6 4 4 1 10 2 4 7 8 3 2 8 3 3 9 10 3 6 6 2 10 7 4 1 9 6 4 4 9 7 6 2 10 6 6 2 7 3 9 10 3 2 1 1 10 6 7 10 7 5 7 2 2 3 7 3 7 6 5 4 5 3 1 9 10 4 10 7 3 6 8 1 8 2 1 5 4 5 8 10 10 4 5 7 4 7 10 10 4 6 2 2 4 3 10 3 3 10 8 9 8 8 2 5 3 5 10 6 2 9 5 2 3 3 1 3 6 10 5
