500
14 24 31 36 169
13 19 10 34 90
50 47 34 32 34
33 11 5 7 17
34 46 6 5 39
13 33 7 22 50
14 6 22 46 180
27 22 12 22 185
20 33 11 25 197
27 50 13 9 17
33 17 11 6 161
28 30 42 36 66
32 48 21 12 35
33 13 21 23 156
26 14 34 27 39
13 30 12 10 48
6 34 42 40 188
25 16 20 49 173
24 21 49 17 186
14 25 43 45 189
48 25 13 40 124
11 13 22 19 169
14 31 49 49 127
13 44 43 21 197
30 41 47 48 170
21 12 21 22 94
15 36 17 17 65
25 37 37 39 158
22 43 25 28 76
45 19 5 20 93
24 36 35 27 28
16 45 28 18 160
43 32 32 48 150
14 23 18 12 56
16 24 44 32 63
9 47 22 17 117
23 44 34 6 23
18 42 16 39 73
31 36 24 13 148
19 42 42 28 80
21 45 39 14 45
26 24 21 8 10
5 16 30 38 116
11 37 5 38 146
46 33 11 32 174
16 27 16 23 144
47 44 49 38 168
45 9 37 30 72
15 49 17 28 123
29 49 39 10 185
46 28 46 32 185
43 39 31 17 77
50 25 21 18 159
42 42 37 42 34
33 48 20 37 195
31 20 30 37 32
16 16 50 24 176
21 46 20 25 16
41 43 9 21 161
28 37 19 13 129
47 5 11 42 162
16 45 29 38 55
43 27 45 48 143
23 38 43 20 47
9 18 33 31 147
28 50 12 29 121
23 37 16 7 151
40 38 45 32 157
20 47 17 40 199
26 21 14 32 164
50 42 13 24 112
7 32 38 42 120
20 47 47 25 117
5 18 27 10 162
45 47 45 24 119
9 13 7 5 47
19 48 31 49 63
47 21 37 9 106
23 32 25 22 148
16 39 47 16 58
50 25 36 13 22
34 37 35 10 109
9 25 35 11 16
24 48 13 50 82
20 30 49 44 156
32 9 17 18 6
29 50 33 12 47
29 12 9 33 74
35 16 13 20 97
13 20 10 21 54
25 14 24 29 16
8 39 6 26 104
42 50 20 45 181
14 29 30 7 14
22 47 32 39 1
12 11 44 19 148
8 35 17 47 57
41 13 38 10 33
17 9 18 15 46
18 46 49 20 56
9 39 19 20 194
46 32 23 30 60
43 50 5 6 117
8 33 7 9 58
40 38 38 15 9
33 17 49 23 121
8 41 29 29 12
30 10 8 40 13
9 26 25 7 71
20 12 38 44 195
5 5 32 45 79
24 38 21 19 121
7 35 44 16 23
9 20 45 7 138
46 21 5 29 86
5 32 34 16 194
14 24 35 44 83
13 43 36 13 136
36 38 22 28 21
40 42 29 15 85
38 43 14 49 48
32 48 13 41 11
19 19 41 10 129
19 40 17 12 98
8 29 19 10 145
14 5 7 28 147
11 19 18 31 198
21 14 9 33 35
33 30 34 44 115
7 14 35 35 40
21 19 45 37 166
46 45 19 49 188
8 35 41 15 86
40 18 42 44 88
48 31 7 20 161
20 41 8 16 179
31 43 34 50 151
13 24 10 13 146
39 31 21 21 94
27 43 23 35 115
49 6 8 30 45
11 36 5 50 59
35 34 29 8 5
27 30 14 35 69
50 6 19 36 9
26 24 32 14 151
39 44 25 22 24
48 6 13 20 99
14 26 12 41 14
32 39 10 44 59
5 14 50 6 197
30 19 39 27 112
24 50 10 7 185
38 8 21 15 156
40 10 33 33 17
19 31 15 26 193
25 37 47 39 182
36 48 13 22 113
13 44 24 35 168
30 15 35 34 179
46 27 13 13 184
36 17 17 47 89
40 25 26 11 97
45 34 12 5 185
22 35 6 44 186
27 46 37 19 75
12 13 26 9 138
42 36 49 34 197
17 34 29 19 139
42 31 22 39 121
26 33 10 34 159
21 47 21 44 29
14 9 41 35 58
34 12 33 34 189
9 37 44 37 126
9 42 37 10 115
12 11 49 44 128
41 21 31 10 24
27 31 28 34 58
8 41 27 37 11
22 33 22 47 57
31 14 33 19 107
46 31 20 39 188
13 12 32 8 86
24 24 7 21 108
27 32 28 43 79
10 37 9 18 141
20 5 35 7 198
13 43 37 25 100
15 7 43 39 90
40 28 29 30 150
14 22 39 38 96
38 36 50 40 197
16 35 22 9 163
25 12 19 14 156
45 35 50 19 157
13 48 31 35 4
28 33 33 30 170
15 44 15 33 126
9 22 20 22 168
50 38 18 23 39
40 35 11 39 140
16 18 10 11 90
37 35 19 21 132
33 7 30 27 123
49 35 50 22 186
30 49 20 29 52
10 48 20 35 164
44 47 38 35 137
27 13 20 11 0
17 6 28 9 155
30 6 11 39 4
14 49 36 43 26
17 32 39 7 20
29 31 48 8 165
9 23 13 30 22
8 18 42 49 143
46 36 33 19 10
46 8 26 45 62
48 40 14 25 22
42 10 48 12 174
27 47 36 27 73
43 37 43 6 60
38 37 15 22 134
36 42 8 44 1
26 10 15 48 100
20 27 36 6 109
50 23 44 6 43
31 30 26 40 158
11 45 39 6 82
34 39 9 38 194
5 31 9 27 99
19 34 28 31 95
41 37 35 31 7
49 15 36 38 99
8 33 6 36 162
43 13 47 27 90
7 43 26 48 180
20 49 27 42 107
32 9 26 41 69
26 41 37 32 154
9 39 21 15 163
17 38 41 23 0
19 25 29 7 43
43 50 31 50 141
26 6 14 20 15
15 26 40 11 146
33 47 18 11 123
25 49 17 39 148
46 38 25 50 30
6 11 19 23 39
35 47 33 37 189
45 27 27 37 121
6 9 17 33 159
43 37 19 49 68
10 36 49 17 193
42 42 9 19 12
41 45 26 9 130
40 50 30 16 122
21 23 34 26 184
36 26 13 43 189
30 50 24 15 24
18 9 46 7 189
7 38 7 13 104
46 48 42 21 102
28 18 12 6 182
25 39 37 19 58
9 25 13 21 69
23 48 22 41 93
9 33 40 33 5
44 37 14 40 47
50 42 47 21 28
49 13 39 30 119
19 31 41 42 13
7 37 26 28 180
24 10 35 42 36
19 19 16 25 82
12 42 27 30 106
38 40 33 15 141
48 45 32 28 65
31 20 46 48 13
38 46 49 14 148
23 29 44 40 48
18 34 7 9 55
35 43 46 24 187
38 26 10 33 176
19 35 12 42 53
20 26 23 16 104
41 30 37 9 32
17 49 8 26 94
28 10 34 42 97
13 28 37 16 55
39 30 17 16 36
10 32 15 36 190
27 16 13 18 7
13 37 50 34 183
17 23 29 42 155
27 9 14 43 19
10 11 16 47 59
12 27 38 39 122
22 41 16 38 200
49 17 47 20 126
37 46 9 43 166
46 9 15 46 85
42 41 38 27 34
11 28 47 18 77
8 31 22 48 40
13 39 34 30 78
10 6 18 15 187
5 25 12 50 1
18 30 50 43 196
28 32 20 26 101
36 22 19 41 171
16 17 36 16 61
11 41 9 31 190
40 26 31 5 21
20 47 46 47 148
13 18 24 11 156
47 5 21 44 123
18 23 12 16 136
42 16 10 44 59
14 28 30 28 167
43 49 34 5 118
10 31 49 33 12
8 21 12 35 108
45 30 37 15 164
13 41 7 28 145
5 47 42 43 101
37 46 46 6 57
26 29 6 36 99
8 7 29 10 87
27 48 34 10 114
23 34 6 20 143
12 12 45 28 146
10 15 31 6 95
5 12 45 37 86
41 48 29 24 97
32 19 37 46 99
17 7 10 44 181
43 33 49 39 71
26 26 50 7 98
35 31 22 44 115
50 39 7 24 174
43 27 35 29 136
6 11 49 30 159
11 45 27 42 195
19 21 48 15 148
9 40 7 23 79
50 25 24 45 195
18 6 25 15 7
25 37 30 32 197
19 36 37 16 67
28 23 7 7 117
22 33 36 37 129
47 21 16 36 16
25 49 47 44 51
31 35 38 40 65
42 48 45 14 195
45 43 32 39 54
8 50 23 28 194
6 22 34 50 133
21 41 7 41 111
37 13 40 35 102
31 30 7 32 90
23 45 14 33 12
43 27 9 31 42
33 8 47 13 82
47 9 5 24 74
41 16 25 20 0
45 7 43 45 142
44 49 48 26 135
12 26 29 23 93
25 20 9 29 146
28 13 41 48 158
34 28 13 16 107
37 24 43 10 196
24 19 7 33 167
36 39 18 33 124
9 43 48 20 84
34 28 9 39 78
11 19 40 21 70
50 12 18 27 175
17 19 15 47 2
31 24 7 43 20
38 29 39 42 164
14 46 24 37 15
42 21 44 44 172
50 11 30 38 20
33 17 43 16 184
25 48 6 5 109
12 43 35 13 60
9 8 41 25 198
23 29 29 12 118
21 40 39 42 98
22 31 21 23 70
29 28 27 46 170
35 23 7 10 104
26 48 36 22 19
36 26 31 36 136
11 31 38 23 173
39 42 11 45 168
10 33 16 40 146
35 19 48 5 111
11 10 14 49 131
23 44 20 32 103
27 36 21 40 82
24 8 6 39 100
44 6 49 6 25
29 22 37 16 104
32 20 36 29 82
49 32 10 6 190
35 36 24 18 37
43 46 26 42 91
50 8 49 39 67
6 49 27 16 119
13 45 17 48 160
15 23 35 44 56
16 13 13 9 132
8 28 43 42 37
7 19 18 21 114
14 46 15 12 68
18 9 37 34 160
17 46 15 48 74
12 17 42 41 149
7 10 8 20 176
24 18 28 7 114
41 46 37 43 94
17 24 30 37 20
27 30 7 36 67
31 18 50 44 100
37 28 16 6 117
48 21 11 14 80
33 22 7 46 32
19 38 28 46 144
48 45 13 49 132
43 34 9 49 63
33 14 34 21 190
8 34 37 18 100
29 40 45 39 75
16 39 9 24 24
14 26 47 15 118
35 17 49 37 50
15 43 41 14 112
14 11 43 14 140
9 31 47 13 58
45 20 18 21 54
35 32 11 29 15
23 9 16 17 199
9 49 25 31 60
6 40 13 34 112
48 47 40 40 173
33 19 14 17 154
20 45 46 15 15
15 38 11 18 101
43 14 48 25 82
13 10 34 36 28
35 22 50 27 6
41 42 42 37 49
11 8 40 47 72
39 27 29 33 184
42 43 16 38 67
16 12 13 42 68
19 11 22 17 56
38 11 30 13 121
41 15 32 44 50
10 46 6 37 140
21 14 43 39 183
35 49 50 41 2
44 32 45 46 123
33 23 38 42 29
16 16 21 27 11
26 32 47 14 156
47 32 5 15 7
46 10 22 23 126
45 31 49 46 66
31 29 43 40 31
32 29 50 47 84
41 50 28 17 14
35 12 32 26 142
10 15 34 46 131
15 27 11 39 168
46 43 16 29 86
49 33 21 23 191
50 41 12 40 164
5 28 44 6 113
15 11 41 45 200
24 42 32 5 148
15 7 40 25 172
46 14 36 47 90
31 10 5 37 177
6 14 22 49 96
9 19 5 31 40
45 9 20 7 183
35 35 37 17 31
6 28 31 46 185
49 5 47 31 14
6 14 15 48 17
47 6 50 22 193
31 42 16 22 178
14 10 13 39 199
0 1 2 1 2 2 4 4 3 5 2 4 3 5 4 1 1 1 4 1 5 2 2 1 2 3 1 3 4 2 5 3 2 5 4 1 1 5 5 3 5 4 4 4 5 2 5 4 5 1 1 2 5 3 2 1 3 4 1 1 1 4 1 1 3 5 1 2 5 1 4 2 5 2 4 3 1 5 5 4 3 5 5 3 3 1 1 5 5 3 4 5 1 2 5 4 5 1 3 2 2 5 3 3 4 1 2 3 1 5 4 5 1 2 3 4 4 1 4 4 2 3 5 1 5 1 5 1 1 4 2 5 4 5 1 3 3 2 4 5 5 3 3 5 1 3 1 2 2 2 4 4 2 2 5 3 5 1 4 1 2 1 1 4 2 2 5 3 5 4 5 1 5 3 1 2 4 2 5 2 5 1 5 3 3 2 2 2 3 5 4 1 5 1 1 4 2 3 1 3 2 4 5 2 2 3 1 1 1 5 5 4 2 5 2 1 4 4 5 1 5 1 2 1 2 2 4 1 1 2 3 1 1 1 3 2 3 3 2 5 2 4 1 3 2 3 5 4 5 2 3 4 5 2 3 5 4 5 2 4 4 3 3 4 5 2 5 4 1 2 1 5 1 2 1 3 2 3 5 2 3 2 1 3 2 3 4 1 1 3 4 5 5 2 5 4 1 2 5 4 1 4 4 1 1 3 1 5 5 2 3 3 3 2 1 4 5 1 1 1 2 3 2 1 3 4 3 2 4 1 2 4 2 5 2 1 1 5 5 4 5 3 5 4 5 2 3 3 2 1 2 1 5 2 4 1 5 3 1 2 5 2 1 1 5 4 1 3 5 1 5 2 5 3 2 3 3 5 5 1 4 4 1 4 3 4 2 3 4 3 1 1 2 4 3 2 2 2 2 4 2 1 1 4 2 1 2 1 2 3 2 3 3 3 3 1 1 4 4 2 1 3 5 3 1 3 3 4 2 5 3 4 1 5 3 4 5 2 2 2 5 3 3 5 5 4 5 2 3 3 5 1 2 4 1 5 1 3 3 1 3 4 1 1 3 1 3 1 2 4 4 4 4 3 4 3 1 3 5 1 3 5 1 5 4 3 2 5 1 2 4 4 4 1 4 2 4 2 3 2
4 0 5 4 2 5 3 4 5 3 3 4 4 5 4 1 3 2 3 4 4 4 2 2 5 5 1 5 2 1 4 2 2 2 5 1 2 3 4 5 3 5 4 1 1 1 2 1 3 5 4 2 2 3 1 3 1 1 3 2 2 2 5 5 2 4 2 5 4 3 2 1 2 1 5 4 4 3 5 5 5 5 5 3 2 5 2 1 3 1 1 3 5 5 2 5 2 1 3 5 3 5 2 3 2 1 2 3 2 1 4 5 5 5 2 4 2 3 1 4 1 4 2 4 1 3 5 1 3 5 3 1 4 2 2 4 5 4 3 2 2 4 5 3 1 3 4 1 1 3 1 1 2 5 5 3 3 1 2 5 5 2 2 1 1 3 5 4 3 1 1 2 4 5 1 1 5 2 3 1 1 4 1 1 5 2 1 3 4 2 2 3 1 5 1 1 4 5 2 1 2 3 2 3 3 1 5 1 1 1 2 5 5 3 5 1 2 1 5 5 4 2 4 2 2 5 4 5 1 2 3 1 2 3 2 5 4 1 4 1 3 4 3 3 5 4 1 2 4 5 2 5 3 4 4 1 5 5 5 2 2 2 5 3 4 3 5 3 1 5 3 1 3 1 2 1 4 4 5 4 4 2 5 1 2 2 4 4 3 1 3 2 5 5 4 1 1 5 3 1 1 4 2 1 2 5 3 5 3 3 5 2 3 3 3 3 3 2 3 1 4 4 2 2 3 2 1 1 2 5 4 2 3 2 2 3 2 1 1 3 1 4 1 2 5 4 5 1 4 3 1 1 4 2 1 3 1 4 2 4 3 4 2 3 1 4 5 3 1 4 3 4 2 4 4 5 3 5 4 5 5 4 3 1 4 2 1 3 1 2 5 5 1 2 3 1 2 5 3 4 1 1 1 4 4 3 4 1 5 1 3 3 2 4 2 5 2 3 5 2 4 5 1 4 5 2 2 2 5 3 4 4 5 4 5 4 5 4 5 3 3 2 5 3 3 4 4 1 3 3 1 5 5 1 2 3 5 1 4 2 1 3 4 3 3 2 1 3 1 3 2 2 2 4 3 2 2 2 2 3 3 5 3 3 2 2 2 3 2 4 2 3 1 1 4 4 2 3 2 3
5 4 0 1 3 1 4 2 4 4 5 3 4 2 2 5 2 1 5 1 4 4 3 4 4 4 4 1 3 2 2 3 2 1 5 3 2 2 1 4 2 3 3 4 3 3 3 4 1 4 1 5 4 3 1 2 2 1 4 4 1 4 1 2 1 1 5 2 5 3 2 5 2 3 3 4 5 5 1 3 2 1 2 5 4 5 4 3 5 4 1 3 4 4 5 1 1 2 1 5 5 3 2 4 4 3 1 2 2 3 3 4 2 5 1 4 4 4 5 2 4 2 2 3 4 1 2 3 4 1 2 4 3 1 1 4 3 3 2 1 3 3 5 5 3 5 2 1 1 5 3 5 5 3 5 1 2 3 1 4 1 2 5 4 5 5 2 2 1 3 4 1 2 5 5 4 3 3 5 3 4 2 2 1 1 3 5 1 4 1 2 4 2 2 2 4 1 2 4 2 4 1 1 3 3 5 1 5 4 2 2 3 2 5 1 5 5 5 1 3 5 5 5 4 2 2 3 1 4 2 2 4 4 1 3 3 5 2 2 5 2 5 5 4 5 1 4 3 5 3 1 2 4 2 2 5 2 4 2 5 3 1 3 5 4 2 4 3 5 3 2 4 4 2 2 1 2 3 4 5 5 3 2 1 1 4 4 2 2 1 5 1 5 1 1 2 2 5 1 3 5 1 3 5 2 2 1 4 5 1 2 2 2 1 3 2 4 3 3 2 5 1 4 5 4 4 5 2 1 4 1 4 1 5 1 2 3 1 5 5 4 4 1 4 3 1 3 1 2 2 4 4 2 4 4 4 4 2 2 3 2 4 3 1 3 3 4 3 1 5 4 2 4 2 5 4 1 2 4 3 1 4 3 4 2 1 2 4 5 3 5 3 5 3 1 4 1 5 4 4 4 1 4 4 4 1 1 2 2 4 1 1 1 1 4 5 4 1 1 1 4 5 3 4 3 4 2 5 3 5 4 2 4 2 3 1 2 4 4 5 5 1 5 3 1 2 3 5 1 2 2 2 3 1 1 5 4 4 5 1 3 1 2 4 4 5 3 1 5 5 5 5 3 2 5 5 3 2 4 1 3 1 1 2 4 5 4 5 4 1 4 2 4 5 3 1 4 4 4 5
1 4 1 0 4 3 2 4 5 3 2 4 5 1 1 3 3 1 5 1 1 4 2 2 4 2 4 5 1 3 2 2 5 1 2 1 4 5 4 1 2 2 1 2 5 3 2 3 3 5 2 3 1 3 3 4 4 1 5 4 3 4 2 4 4 5 5 2 4 2 2 3 3 4 5 2 3 2 3 3 2 2 4 1 1 4 5 3 5 1 3 5 1 2 2 5 4 2 1 1 4 4 3 2 5 1 3 2 3 1 3 1 1 4 4 4 4 5 1 5 2 2 5 5 5 4 5 4 2 3 1 1 2 2 4 3 3 4 3 5 2 4 5 4 2 4 1 4 3 1 1 4 1 1 3 5 2 2 5 5 5 4 5 3 3 1 2 5 2 3 4 2 4 5 4 5 1 3 1 5 4 2 5 1 4 5 1 2 1 1 5 4 5 5 1 5 1 1 4 1 2 3 2 5 2 3 3 3 1 2 3 1 3 1 5 5 2 3 4 1 2 5 4 1 4 2 5 2 4 5 2 3 3 2 4 4 2 3 3 2 4 1 3 4 3 3 5 4 2 5 4 2 3 1 3 2 4 1 4 1 3 1 1 1 5 4 3 3 2 3 1 3 4 3 3 3 3 4 1 4 5 1 4 2 3 4 1 1 5 5 4 5 5 4 2 2 4 2 4 2 1 2 5 2 1 2 3 1 5 3 2 4 5 4 3 1 5 3 2 2 4 4 2 4 5 4 2 2 5 4 4 1 5 5 4 2 1 3 3 4 3 4 1 3 1 2 3 4 4 2 2 4 5 1 1 2 3 2 1 4 5 3 2 4 2 1 5 4 1 4 2 3 1 3 5 5 2 1 5 3 5 1 5 2 5 1 3 4 1 2 1 4 5 3 2 1 3 5 3 4 4 5 2 2 4 2 4 1 2 1 5 3 4 4 3 2 4 1 3 4 2 4 4 3 4 1 5 4 5 3 1 2 2 3 5 5 2 1 3 5 2 5 2 3 1 5 4 3 5 2 2 5 2 1 2 1 5 4 3 4 3 2 2 3 5 3 2 1 3 3 5 1 1 3 4 2 3 4 2 5 4 4 2 2 4 4 3 4 1 1 1 2 5 3 1 4 5 5 2 3
3 1 4 1 0 4 5 2 5 4 3 5 5 1 4 4 5 1 3 4 1 1 1 3 5 3 2 1 2 4 3 3 4 1 4 4 3 5 4 1 2 5 2 4 1 1 1 1 1 1 1 4 2 5 1 4 2 3 4 2 1 3 2 5 5 1 4 5 2 2 2 1 3 4 5 1 3 1 5 2 1 5 5 3 4 3 3 3 5 3 3 2 4 2 2 1 3 4 1 5 3 1 4 1 4 1 4 3 5 5 3 2 3 4 4 1 3 4 5 3 2 4 3 4 1 2 1 3 4 3 1 4 2 3 3 1 1 4 1 2 2 3 2 2 5 5 2 4 1 1 1 1 4 4 4 1 5 2 4 2 4 3 5 1 4 1 5 4 5 4 4 4 4 3 4 1 5 1 3 5 2 2 4 5 1 3 4 1 3 5 3 5 5 5 5 1 1 5 4 4 5 4 2 1 2 3 4 1 1 3 1 3 3 3 1 3 5 1 4 1 3 3 5 1 3 1 2 4 2 1 5 4 2 5 5 5 5 1 4 3 3 4 3 3 5 3 5 1 4 4 3 3 5 1 3 2 2 3 1 1 4 4 1 4 5 2 4 1 3 1 5 4 4 2 2 4 4 5 1 1 5 5 3 3 2 5 1 2 4 2 3 3 2 2 2 5 1 2 4 3 5 5 4 1 4 3 4 3 3 3 2 5 2 1 4 1 1 3 3 2 5 5 2 3 1 5 1 1 4 3 3 3 2 1 3 2 4 1 4 4 4 3 4 2 2 1 1 2 2 3 3 3 4 1 3 4 2 5 2 5 1 4 5 5 2 2 5 3 2 5 4 1 1 3 5 1 1 3 3 1 4 1 3 1 1 2 1 5 4 1 5 4 5 4 5 1 5 1 4 2 3 2 2 1 2 5 2 4 5 1 5 5 1 1 2 2 3 1 1 2 5 4 4 4 1 4 1 4 1 2 3 4 2 4 1 1 3 1 5 5 3 2 2 3 5 5 4 4 1 1 3 1 4 4 5 3 3 1 4 1 1 3 1 1 5 5 2 4 2 5 1 5 3 5 3 4 5 1 2 4 3 2 4 1 2 5 4 4 5 2 3 3 5 1 4 1 5 2 3 4
5 3 1 4 2 0 3 4 1 5 4 2 2 1 1 2 5 1 1 3 2 2 5 1 5 2 1 5 4 4 4 5 1 2 3 5 1 3 2 4 2 5 2 3 5 3 3 2 3 1 2 2 2 3 3 3 4 1 3 5 4 3 2 2 3 1 3 4 4 5 2 4 3 1 1 4 2 4 5 2 4 3 4 1 1 2 1 3 4 2 5 2 4 1 3 1 5 4 4 4 1 1 2 4 5 5 1 3 5 3 4 2 2 2 4 2 1 3 5 1 3 4 1 3 2 4 5 2 3 2 2 2 4 2 2 5 4 5 5 3 1 1 2 4 1 3 3 5 4 1 3 4 2 5 2 2 2 4 5 3 1 2 5 4 1 2 1 2 2 3 5 3 3 5 5 5 1 5 3 2 5 4 4 4 4 1 3 4 4 5 2 1 5 5 4 5 2 1 3 3 1 1 4 1 3 3 2 1 1 3 2 2 2 4 4 2 3 5 4 3 5 5 1 3 5 1 3 1 4 4 2 2 3 4 1 2 1 1 5 3 5 4 2 4 4 2 5 4 4 5 4 1 1 1 5 4 2 1 4 2 4 5 4 4 2 3 2 3 5 3 5 1 5 1 4 5 3 1 1 4 2 1 2 1 2 3 3 1 5 1 2 3 3 5 2 2 5 4 2 5 3 2 3 5 5 4 2 4 1 2 3 2 3 5 3 1 3 1 1 3 3 3 2 2 2 4 3 3 2 4 4 5 1 4 2 4 2 4 4 2 3 3 1 1 2 1 1 5 5 5 3 1 3 2 3 4 5 4 1 2 4 2 4 1 3 5 1 2 5 1 2 2 3 2 3 4 3 5 5 2 4 2 3 2 4 2 3 3 4 3 5 4 3 5 5 4 1 2 5 2 2 3 4 4 5 5 1 4 4 5 1 4 1 5 3 2 5 2 2 1 5 3 1 2 3 4 5 4 5 4 1 3 1 5 1 4 3 3 2 4 5 1 4 4 3 4 1 1 5 2 3 5 5 5 1 1 4 5 5 2 3 3 2 2 2 2 2 5 5 4 4 5 3 4 4 3 1 2 4 2 3 1 3 4 2 5 4 5 5 2 2 4 1 3 3 2 5 1 1 2
4 2 2 3 1 2 0 3 3 2 5 1 3 5 2 3 5 2 3 2 3 5 5 3 5 5 4 1 4 3 3 3 2 3 2 5 5 5 2 5 3 2 1 1 1 3 3 2 5 4 1 4 2 1 2 3 5 1 4 3 4 2 3 4 3 2 5 1 1 5 4 2 2 4 3 2 4 1 2 3 2 3 1 2 4 2 1 4 4 5 2 1 5 1 1 1 1 1 2 3 3 2 3 3 3 4 4 3 4 2 4 2 3 2 4 1 5 4 3 4 5 3 2 4 5 1 1 4 5 2 2 4 4 2 1 5 1 3 3 1 1 1 5 5 4 2 2 2 5 2 2 4 2 2 5 2 5 4 5 5 3 3 2 1 3 4 2 4 1 2 5 4 2 4 3 4 1 3 1 1 1 2 4 5 4 5 5 4 3 2 4 4 5 1 5 1 4 2 4 4 4 3 1 3 4 2 2 2 3 1 2 1 2 2 5 3 2 5 4 4 4 4 1 4 1 5 4 2 3 2 4 3 2 5 2 1 5 2 2 4 4 3 2 1 2 5 4 5 1 1 2 5 2 3 5 4 2 4 5 1 4 1 4 5 1 1 2 4 5 2 2 5 2 2 3 4 4 4 5 2 1 4 3 5 2 1 1 2 1 1 4 5 2 5 4 1 4 1 3 2 5 1 2 5 2 5 1 1 5 3 5 2 1 2 4 2 4 1 2 1 3 4 1 2 2 4 3 4 2 4 2 2 3 4 4 2 4 2 5 2 1 1 1 2 2 1 1 4 3 1 4 1 4 1 3 2 4 3 1 3 1 3 3 1 1 1 1 1 2 5 2 3 5 1 4 3 4 4 1 1 2 1 5 3 1 5 5 5 4 2 3 5 1 5 5 5 5 3 1 3 1 3 2 4 4 5 3 3 2 5 2 2 2 2 1 1 4 4 4 3 5 4 5 5 3 4 5 3 4 5 2 2 5 2 1 5 4 3 3 2 2 4 5 2 5 5 4 3 1 4 4 1 5 1 5 2 3 3 4 3 4 1 4 1 5 5 3 3 3 1 1 4 4 3 1 5 2 5 2 4 3 2 4 5 4 2 4 1 1 3 2 2 4 3 3 4 4 2 3 1
4 4 3 2 2 3 2 0 2 4 2 3 4 3 3 4 4 1 5 5 1 2 3 1 5 4 5 2 3 1 5 2 2 1 5 2 2 1 5 5 1 3 4 3 4 4 4 1 4 4 5 2 3 4 3 2 4 5 4 4 4 2 3 5 2 1 5 5 4 2 3 1 3 2 5 4 4 3 3 4 1 5 5 3 2 5 4 2 3 4 5 1 3 3 1 3 4 2 4 1 2 2 3 5 5 3 1 4 3 4 1 1 5 2 1 3 3 3 5 2 3 1 4 3 3 4 1 1 2 3 4 2 2 4 1 3 2 3 3 4 3 3 1 3 2 4 2 4 1 1 1 5 4 2 2 5 3 1 5 5 3 4 5 4 3 3 1 2 1 5 4 2 3 2 4 5 5 2 5 4 4 1 3 1 4 4 4 4 1 2 4 1 3 4 2 4 1 2 2 5 1 1 3 4 5 1 2 2 1 4 4 3 1 2 1 4 4 1 4 3 4 3 1 1 1 2 2 5 1 5 4 1 5 3 5 4 3 4 5 5 1 2 1 3 1 2 1 1 4 2 1 5 1 1 2 2 4 4 4 1 2 5 4 3 2 2 5 4 1 1 5 4 5 3 2 2 1 2 3 2 2 2 3 5 2 2 5 5 5 3 1 2 5 2 4 2 2 2 1 4 1 2 5 2 2 4 5 5 5 2 4 2 2 2 3 4 2 4 1 4 5 5 3 4 2 4 1 4 3 2 1 4 5 4 3 4 2 1 2 1 3 3 3 2 2 1 5 1 1 5 5 1 3 3 5 3 5 3 4 5 4 1 1 3 4 3 1 2 5 1 3 3 4 2 4 4 5 3 1 4 1 4 1 1 3 4 1 5 4 4 3 1 2 1 2 1 4 4 4 1 3 2 1 1 5 4 2 3 1 5 2 4 1 2 2 5 3 2 3 2 3 2 5 1 3 4 5 1 3 4 3 4 5 4 2 1 4 4 3 1 4 1 5 1 1 3 5 1 2 1 4 2 4 3 2 2 3 4 4 5 5 3 2 2 1 4 5 4 1 4 5 5 1 1 3 3 1 5 3 1 4 1 4 5 3 3 2 4 3 2 3 2 3 3 3 4 2 5 5 5
4 3 2 4 1 4 4 3 0 2 1 5 5 3 1 3 5 3 1 1 2 1 2 5 1 1 3 5 4 4 2 5 3 3 3 3 5 1 3 5 3 2 4 2 4 3 5 1 2 5 1 2 1 3 2 2 1 2 5 4 4 5 2 2 4 5 5 1 3 5 5 5 5 4 3 4 3 4 2 3 5 2 2 4 1 4 1 1 3 5 3 2 3 5 1 4 1 1 3 5 1 2 4 4 1 4 2 4 2 3 2 2 5 2 3 1 1 1 2 4 2 2 2 3 2 3 2 1 4 3 4 3 2 1 1 4 3 3 2 5 4 4 1 4 3 5 2 5 4 2 3 4 3 1 3 3 5 1 5 4 3 1 1 3 3 2 1 5 5 5 2 1 5 3 4 4 4 1 1 2 2 1 2 5 3 4 2 1 5 2 4 5 3 1 5 4 1 1 2 4 1 3 3 2 4 5 1 2 2 4 1 2 1 1 5 2 4 1 1 5 4 2 5 2 2 1 5 4 1 1 4 2 4 2 4 4 1 1 4 5 5 3 4 3 5 3 1 1 3 1 4 4 5 4 4 5 5 2 3 5 5 1 3 5 1 5 4 1 3 4 2 2 4 5 1 1 5 4 1 2 3 4 1 2 4 2 3 5 5 4 4 4 5 2 1 3 5 3 1 3 5 4 4 2 3 2 3 4 1 3 4 2 5 2 5 1 5 1 1 3 1 2 3 4 3 4 3 1 3 4 1 4 5 1 4 1 5 1 2 4 5 4 1 3 3 5 1 3 4 2 5 3 4 2 2 4 5 1 5 3 2 2 3 4 3 1 5 3 2 1 5 3 5 1 3 2 3 2 3 2 3 5 1 1 1 2 3 5 2 2 3 3 1 3 1 1 5 4 1 1 2 2 1 5 5 5 4 4 5 2 4 3 1 5 1 3 5 4 2 3 2 2 5 3 4 5 2 3 1 4 3 3 4 4 2 2 5 3 4 3 3 5 1 4 5 3 5 5 2 4 1 5 3 3 2 1 4 2 4 1 1 5 4 5 3 5 2 5 2 3 3 2 1 3 1 5 1 1 4 3 3 2 5 2 1 4 4 1 4 2 5 1 4 3 1 2 4 3 2 4
1 3 2 1 1 5 2 2 1 0 4 3 1 5 3 2 1 1 2 2 2 2 1 5 1 2 4 5 1 2 2 2 4 5 1 5 4 4 1 4 5 4 4 1 2 2 2 4 4 3 1 4 2 3 3 5 5 4 1 4 2 1 3 4 5 5 2 1 3 4 2 5 1 4 2 1 5 2 1 3 2 3 4 3 2 4 5 4 1 4 2 5 4 1 5 4 1 4 2 2 5 4 4 4 1 5 4 5 1 2 3 2 3 2 4 1 5 3 4 3 4 5 1 4 4 4 4 4 3 5 5 2 2 5 5 5 5 4 2 1 5 2 3 5 1 4 4 4 1 1 4 4 4 5 4 3 4 4 2 1 4 1 1 2 3 2 5 4 5 2 3 3 2 5 1 3 2 1 1 5 5 3 2 2 4 3 4 2 2 4 2 4 4 5 3 4 1 5 5 2 1 1 3 5 1 3 5 4 1 1 3 4 3 3 1 3 1 2 4 4 5 2 5 2 2 4 5 3 2 5 2 4 2 3 1 5 2 3 5 2 2 2 2 3 2 2 4 2 2 1 4 3 5 5 4 3 1 2 4 1 5 3 1 1 2 1 1 2 3 1 1 5 3 1 2 3 4 3 2 5 1 5 3 3 4 2 1 2 1 1 3 3 3 4 1 4 4 5 2 3 4 5 4 2 1 1 4 4 3 3 5 3 5 5 3 3 4 5 3 2 2 1 1 1 1 4 3 4 3 1 2 5 2 2 1 3 4 4 2 3 1 2 1 5 4 4 5 3 5 5 4 2 1 5 1 4 1 5 1 1 3 3 5 2 5 3 5 2 2 4 1 1 5 5 4 2 2 1 2 3 1 4 4 5 4 3 3 3 2 4 3 1 4 3 4 3 2 1 5 4 4 4 1 1 1 1 4 1 1 3 3 4 5 4 4 4 4 2 2 2 5 5 3 1 5 1 4 2 2 5 3 4 1 3 5 2 4 1 1 5 2 2 4 4 1 3 5 4 2 3 2 2 1 5 3 5 2 4 4 4 4 5 5 4 5 5 4 4 3 4 3 2 1 3 5 1 5 3 2 5 3 5 4 4 1 3 4 4 2 2 4 3 3 3 1 2 1 5 2 5
1 3 1 3 1 4 1 3 1 2 0 1 1 3 1 1 2 3 5 1 1 5 4 1 3 1 3 1 4 2 5 4 2 1 5 5 1 2 4 3 1 4 4 2 3 2 4 1 5 4 3 3 5 2 3 3 4 2 3 5 2 5 5 5 2 1 2 4 3 3 1 5 4 3 1 1 5 2 3 3 1 5 1 1 5 2 4 1 1 2 3 2 5 2 4 3 3 4 5 3 1 1 1 5 4 2 4 5 4 1 4 4 5 2 4 4 5 3 4 4 3 2 4 4 2 1 2 3 2 3 5 2 3 4 4 4 2 4 4 3 5 4 2 4 2 5 5 4 2 2 1 3 2 3 3 3 3 1 3 4 4 2 3 2 3 4 3 4 4 1 3 4 4 2 1 1 3 1 1 5 4 3 4 4 2 2 1 3 3 1 5 5 2 2 2 1 3 3 2 3 2 5 3 3 4 5 3 3 2 5 5 1 4 1 4 5 3 4 1 2 5 4 5 4 4 3 4 5 5 4 1 3 5 1 3 3 2 4 5 4 4 4 3 3 3 5 1 1 3 2 4 5 1 3 3 1 5 1 4 2 5 2 2 1 5 5 5 4 5 1 2 4 1 5 2 1 3 2 5 2 2 2 3 4 4 4 2 3 2 2 1 4 3 2 2 2 2 2 2 2 1 2 2 2 1 2 2 3 5 2 4 4 2 3 4 3 3 4 3 3 3 1 3 5 1 4 1 1 4 3 1 3 5 2 5 4 1 5 2 1 2 5 1 3 3 2 5 2 1 3 2 2 4 1 1 2 4 2 3 5 3 3 2 2 4 3 2 1 1 5 4 4 1 5 4 3 5 1 1 4 3 5 5 3 4 2 1 4 4 1 3 1 1 2 1 3 5 1 2 5 1 5 4 3 4 4 1 5 2 2 2 5 2 4 3 2 4 2 2 5 3 5 5 4 5 3 5 2 4 3 2 5 2 2 4 2 3 1 2 5 2 4 1 3 4 4 3 5 3 1 5 2 1 4 1 1 2 4 5 2 4 2 5 5 4 2 2 2 3 3 3 3 3 1 3 3 1 1 4 4 1 5 5 1 2 5 4 3 1 3 5 1 1 4 2 3 2 2 4 1
4 4 3 1 2 2 4 1 3 4 5 0 5 3 1 2 3 5 5 3 5 3 3 2 1 3 4 3 2 2 1 5 4 2 5 4 4 4 5 4 1 5 4 4 3 5 2 4 4 2 4 5 3 1 3 5 1 5 1 5 1 2 3 1 2 3 5 4 2 3 4 5 5 3 4 4 4 5 1 2 2 5 5 1 4 4 3 4 1 4 2 1 3 5 2 5 3 2 4 2 1 4 3 4 2 5 3 4 3 3 1 5 3 1 4 4 5 4 4 5 4 5 1 1 5 3 5 2 4 2 1 3 3 5 3 3 5 2 5 3 5 2 1 4 5 4 4 4 1 3 2 3 5 5 1 2 4 2 5 4 2 4 4 4 3 3 4 1 5 1 1 5 1 1 3 3 1 1 3 4 1 1 2 2 5 2 2 4 3 1 4 4 4 4 2 5 3 4 5 1 4 4 5 2 2 5 3 5 3 3 4 5 4 4 3 3 5 5 5 2 5 4 2 4 4 5 2 5 5 5 5 1 2 2 1 3 1 4 1 1 4 2 1 4 5 1 2 1 1 2 5 2 5 5 3 1 1 4 5 2 4 5 4 3 3 5 2 1 2 3 2 1 1 2 5 5 5 3 2 4 2 3 5 1 1 4 5 5 5 4 2 4 1 4 5 1 3 1 1 1 5 4 5 4 3 1 5 2 5 2 5 4 1 1 3 4 4 4 4 2 3 3 4 3 2 2 2 3 1 4 3 1 2 2 2 2 5 2 5 5 2 4 3 4 2 4 1 4 4 2 4 4 5 1 1 2 3 5 1 4 4 4 2 2 3 4 1 4 4 2 5 2 2 3 2 5 5 3 2 2 4 5 4 3 2 5 3 2 5 3 5 1 2 3 5 2 3 2 2 1 2 5 4 3 3 1 2 1 3 3 5 5 3 4 2 5 4 3 1 2 5 4 4 2 1 2 2 2 4 4 4 3 3 4 5 5 4 5 1 4 2 5 3 2 5 2 3 1 2 4 5 4 2 1 4 3 4 1 1 5 5 1 1 3 3 4 5 4 5 5 1 4 1 2 3 5 4 5 1 1 5 3 3 4 1 5 4 2 2 4 1 3 2 1 3 3 2 1 4 2
4 1 4 1 1 1 4 2 5 3 4 1 0 4 2 2 1 3 2 1 1 2 4 4 3 1 3 4 3 3 1 1 1 5 1 1 3 4 5 2 3 4 1 1 5 5 3 3 5 2 2 2 1 4 1 5 5 4 2 5 2 4 1 3 1 4 3 4 4 5 3 4 5 4 4 2 2 1 5 4 2 2 5 4 5 2 2 1 5 5 1 3 5 5 4 2 1 3 3 5 5 4 1 4 5 4 5 5 5 1 3 1 3 4 1 1 3 2 5 2 5 5 4 2 1 2 5 3 2 3 4 2 4 1 2 1 4 5 1 3 3 2 4 2 3 1 3 1 3 1 4 2 3 2 5 4 1 3 1 5 5 2 2 3 1 2 5 1 3 1 5 2 5 5 1 3 2 4 4 1 3 1 3 5 2 3 5 1 3 3 5 5 1 3 3 5 2 4 2 4 5 1 4 3 4 1 1 2 2 5 3 5 1 3 4 4 2 4 3 3 1 4 3 2 4 2 3 5 5 1 3 4 1 1 3 3 1 2 1 4 1 5 3 4 1 2 2 3 3 2 2 5 3 2 2 3 1 3 3 1 1 1 3 4 3 5 4 3 4 5 1 1 2 5 4 3 1 1 4 2 3 5 2 2 1 4 5 1 5 5 2 5 4 2 4 5 2 3 3 4 4 2 1 2 1 5 2 4 5 3 4 1 5 2 2 1 4 4 1 4 5 3 4 2 2 4 1 4 5 2 4 1 3 1 1 3 1 4 1 2 5 5 4 1 2 5 5 5 1 4 4 3 1 4 5 2 3 3 4 2 2 5 2 2 4 3 3 3 1 2 4 4 4 1 2 2 2 4 2 5 3 2 3 1 1 1 4 5 2 1 3 5 3 1 1 1 5 5 2 1 5 1 4 3 5 5 2 2 2 4 1 2 5 5 1 5 2 5 1 4 1 3 2 1 4 4 2 5 1 2 3 2 1 3 4 3 2 1 4 2 3 1 2 4 5 2 5 3 4 4 2 3 2 3 3 5 1 4 4 5 5 4 2 5 3 1 4 3 4 2 1 5 3 2 2 5 1 5 4 5 1 1 2 4 1 3 4 3 4 4 3 2 2 3 5 4 3 5 2 4
4 3 2 1 3 3 1 5 1 4 3 2 5 0 2 3 4 2 2 4 3 3 3 2 5 3 2 4 3 2 3 1 2 1 3 5 3 5 5 5 5 4 4 3 5 2 3 5 5 2 1 2 5 5 2 4 4 3 1 3 4 4 5 2 1 2 3 5 3 2 3 2 1 2 4 4 2 2 3 5 3 4 4 5 5 2 3 2 3 5 3 5 2 1 1 2 1 4 1 5 1 2 2 5 5 2 3 2 1 1 4 3 5 2 3 3 5 1 3 4 5 5 1 4 1 4 5 4 5 2 4 4 4 3 4 3 4 1 5 4 5 1 5 1 3 3 2 5 5 5 3 1 5 2 2 4 3 3 1 3 5 1 2 1 5 2 2 1 1 1 4 1 5 5 3 3 4 4 1 4 1 4 4 5 1 4 3 3 3 5 1 2 4 3 2 1 4 4 5 1 4 5 4 1 2 2 1 5 3 1 3 2 3 1 2 5 5 2 5 1 5 3 3 1 4 3 1 3 3 4 1 4 5 2 2 2 2 4 3 2 1 3 3 3 3 5 1 5 1 4 2 1 4 1 2 5 5 1 1 3 1 2 3 1 5 4 4 5 4 1 3 3 1 4 3 1 4 1 5 4 4 1 4 1 2 5 2 2 2 1 3 4 1 5 4 4 4 4 5 5 1 3 2 3 3 3 3 4 3 2 2 1 2 1 3 4 5 1 1 5 5 4 2 2 1 4 2 3 5 2 5 3 5 5 5 4 3 4 2 2 4 4 1 3 2 4 1 5 5 4 2 5 4 5 5 1 2 2 3 3 2 5 5 3 4 3 3 4 3 4 1 3 5 4 2 3 4 1 2 2 5 4 2 4 1 5 4 5 1 3 5 1 1 3 3 5 2 4 5 3 5 4 3 4 1 5 4 4 5 5 5 1 5 3 1 1 2 2 5 2 2 1 2 1 5 5 2 5 4 4 5 2 3 3 2 5 1 4 1 1 1 4 1 4 5 2 2 4 2 5 2 3 2 1 4 5 1 2 5 2 4 1 3 3 1 1 2 5 5 5 2 3 1 4 1 5 3 1 1 1 2 2 1 4 4 2 2 4 1 2 4 2 5 1 2 1 4 3 5 4
4 4 4 4 1 1 4 5 5 5 1 1 4 1 0 5 1 1 5 3 1 5 5 5 4 4 4 5 2 2 5 1 2 5 4 4 5 4 1 2 3 1 3 1 1 4 1 1 1 2 3 2 1 1 3 2 1 5 2 3 4 1 4 4 1 2 4 3 1 1 1 3 5 1 3 3 3 5 3 5 1 4 4 4 2 3 5 5 3 4 3 3 5 5 2 3 2 2 4 4 2 2 4 5 5 4 5 1 1 1 2 2 3 5 2 3 4 2 1 5 5 4 1 4 5 2 3 3 5 1 2 1 3 1 3 4 1 1 3 4 1 4 5 5 5 2 2 5 3 1 1 2 4 2 5 5 5 1 3 1 1 2 4 4 3 5 4 2 2 2 2 1 4 4 2 3 3 3 1 2 4 2 4 2 2 1 2 1 4 5 5 3 1 5 2 4 2 1 1 5 1 3 5 3 4 1 3 3 2 5 1 2 1 2 2 1 4 1 3 2 2 3 5 1 3 4 3 4 3 4 2 3 5 2 4 1 2 4 1 2 4 4 3 1 2 4 1 5 3 3 5 5 4 5 2 5 1 3 2 1 4 2 4 3 5 5 1 4 5 4 5 3 1 4 4 3 5 3 5 4 4 3 3 3 4 1 4 5 2 4 2 2 3 2 1 2 3 1 2 2 3 4 2 5 5 3 4 4 3 3 4 4 1 4 4 4 5 2 2 2 4 2 2 1 1 2 5 2 3 2 3 1 1 5 3 4 2 3 5 1 4 4 5 3 4 4 2 1 2 3 5 3 4 4 5 5 2 1 1 4 2 2 3 5 2 1 3 2 3 1 2 1 1 4 5 2 1 5 2 2 4 2 5 4 2 3 3 2 3 4 2 1 3 4 5 5 1 1 4 3 2 3 3 2 4 5 5 1 5 2 1 5 1 1 3 3 3 3 2 3 5 4 3 5 4 5 2 3 1 4 3 2 4 3 4 4 4 4 1 4 1 4 2 3 4 3 4 1 2 2 4 4 4 5 4 2 5 1 3 5 5 2 4 3 4 1 2 5 2 4 3 4 1 3 2 2 4 2 2 1 4 3 3 1 2 4 3 1 2 3 5 2 2 4 1 1 4 3 1 2
4 4 3 1 3 4 4 3 3 1 4 3 3 4 3 0 4 1 3 5 3 1 3 4 1 1 3 1 2 1 3 5 4 3 3 5 2 4 1 2 4 4 4 4 2 1 5 1 5 1 5 2 4 4 5 2 5 4 5 3 3 3 5 1 4 3 5 3 4 2 2 2 1 3 5 2 2 5 5 3 5 3 5 2 3 5 3 4 3 3 4 3 2 4 1 4 3 1 2 4 2 2 3 3 3 3 4 1 4 2 2 4 2 4 2 4 1 2 3 4 1 2 3 3 5 1 1 4 3 2 3 5 1 2 3 5 5 3 3 1 2 3 5 5 4 2 3 3 5 5 1 3 2 4 3 1 1 2 5 2 4 5 3 1 3 4 5 5 5 1 4 4 2 2 5 1 5 1 5 2 2 4 3 4 4 1 1 2 3 5 4 3 2 3 4 5 1 1 1 4 5 3 5 2 3 5 1 3 1 3 1 4 5 1 1 1 2 4 3 3 4 5 5 1 1 2 4 2 1 3 2 2 3 4 4 5 1 2 1 5 4 1 4 4 4 5 4 4 5 5 5 2 5 4 3 2 5 5 3 1 3 2 4 5 5 5 5 5 3 1 1 2 4 3 1 4 1 5 4 1 2 2 5 3 4 2 4 1 4 3 5 5 4 1 5 1 5 5 4 3 4 1 4 4 3 3 1 1 5 2 1 3 4 5 2 4 5 1 4 2 2 2 1 3 2 5 2 1 4 3 5 4 4 5 1 4 3 1 5 5 2 3 2 2 2 1 1 1 3 5 3 3 4 5 3 3 3 4 2 5 1 1 4 5 4 3 5 1 4 5 3 5 3 1 2 1 5 2 1 5 4 2 4 3 3 1 2 1 2 3 5 3 2 2 5 2 3 3 1 1 3 1 1 4 4 3 3 5 4 4 5 3 4 4 3 2 5 3 4 1 3 1 1 4 2 4 5 2 5 5 2 3 3 3 4 5 2 4 2 5 1 1 3 4 2 2 3 4 3 2 3 2 4 3 5 3 4 1 2 5 3 5 5 4 3 4 5 1 3 3 4 1 4 2 5 1 3 1 4 4 3 2 4 1 4 4 3 4 2 3 4 4 3 1 5 4 5 5 2 2
1 3 3 3 2 5 5 2 2 1 3 5 2 2 3 2 0 4 3 3 2 1 4 2 1 3 5 1 5 2 2 2 4 5 4 3 4 2 2 5 3 3 2 2 3 1 5 5 3 2 4 1 2 2 3 1 5 4 4 5 2 3 5 3 3 2 5 5 4 3 4 1 3 2 3 4 3 5 4 1 5 2 2 2 1 2 3 3 2 2 3 2 5 5 5 1 4 2 3 3 2 1 1 3 4 2 4 2 2 3 1 5 5 2 4 2 1 1 1 3 4 5 3 2 1 1 4 3 5 2 5 2 1 1 2 3 2 5 4 2 5 1 2 2 5 1 5 1 2 4 2 3 1 3 3 5 1 2 3 3 4 5 1 1 4 4 1 2 5 3 1 3 1 5 3 2 2 5 5 1 5 1 1 2 4 5 5 3 2 2 2 2 5 1 4 2 4 1 1 1 1 1 5 3 2 2 3 1 5 5 5 4 2 3 3 4 1 4 5 3 1 4 4 5 2 4 4 4 4 3 5 1 5 2 5 5 4 3 4 3 4 1 2 2 4 5 2 3 2 4 5 1 3 3 4 4 2 4 2 5 5 2 3 1 3 2 5 4 2 4 3 3 5 5 2 2 5 1 1 4 2 1 5 1 3 1 5 2 3 4 2 1 5 5 4 5 4 2 4 4 5 5 3 2 5 5 1 1 2 3 2 1 1 4 5 3 1 2 1 4 2 1 2 3 2 4 2 3 2 2 1 4 5 1 3 3 5 1 5 3 2 4 1 4 4 3 3 1 4 2 2 2 5 4 1 2 3 2 1 5 2 1 5 5 3 3 3 3 1 1 1 1 2 4 4 2 5 5 4 3 5 3 5 4 3 5 1 3 3 4 1 1 3 5 3 2 3 1 4 5 3 3 2 4 4 3 3 2 5 3 5 2 5 3 4 4 2 2 5 1 3 3 4 4 1 2 2 2 3 4 1 5 4 5 2 4 4 5 3 1 2 4 2 5 3 5 2 4 3 5 3 5 3 5 4 2 3 1 2 3 2 2 2 4 2 5 3 5 1 2 3 2 2 4 1 1 2 4 5 4 2 2 3 1 2 1 3 3 2 1 3 2 4 3 2 4 5 2 3 3
5 1 3 2 3 5 2 2 1 1 1 5 4 3 5 5 1 0 3 4 5 3 4 3 3 5 4 1 2 4 1 3 1 1 1 4 1 1 4 3 1 5 1 1 1 1 2 4 4 5 5 4 4 1 5 1 4 3 2 4 2 5 3 3 1 4 2 2 5 1 1 3 4 2 1 3 5 5 2 3 3 4 2 5 4 3 3 2 4 4 1 5 4 3 5 3 5 2 2 4 3 5 1 1 1 2 2 3 4 2 3 4 3 1 2 3 3 3 1 4 1 2 4 1 5 2 5 5 4 1 2 3 4 4 5 1 3 4 2 5 3 4 2 1 2 2 3 4 2 2 1 1 2 3 2 4 3 4 4 2 1 5 3 3 1 3 2 4 4 5 5 2 2 3 5 4 3 4 5 4 4 1 4 4 5 1 5 2 1 4 3 2 2 2 4 3 4 3 1 4 5 4 5 5 5 3 1 5 2 1 2 2 1 3 3 4 5 2 2 4 5 5 3 5 2 3 3 5 1 5 4 4 5 2 5 3 1 3 5 5 3 3 4 2 3 3 2 4 4 1 1 3 2 2 1 3 1 1 1 4 3 5 4 2 4 1 1 3 2 1 1 2 3 1 2 2 5 3 3 5 3 1 2 5 4 3 4 4 1 4 3 5 3 5 4 4 3 3 5 2 4 2 5 1 4 3 4 2 3 2 3 3 4 3 5 3 1 2 4 3 3 3 1 4 3 1 2 4 1 5 1 1 5 4 3 1 4 2 1 3 5 4 4 5 1 2 5 4 4 2 3 1 2 5 5 5 1 1 4 1 3 1 1 5 2 2 5 1 1 2 2 1 1 5 3 1 4 4 3 3 2 3 1 2 5 1 3 3 3 4 2 4 3 3 3 3 5 3 5 1 3 3 1 4 4 1 2 1 1 5 4 3 4 4 1 5 4 3 3 1 1 5 3 1 3 2 3 4 1 3 2 3 1 2 1 4 5 2 3 2 1 2 5 2 4 3 2 2 3 5 1 3 4 3 2 2 4 2 2 4 4 2 4 1 3 3 1 2 3 2 3 2 4 5 4 2 5 4 5 5 3 1 5 3 4 4 2 3 4 4 2 3 1 2 2 3 1 1 4 2
5 1 2 2 2 4 5 1 3 4 2 4 1 4 2 5 1 2 0 4 3 2 4 4 5 2 4 3 5 3 5 2 4 5 1 1 4 3 3 1 3 5 3 1 5 5 3 2 3 4 4 1 1 2 1 3 3 4 3 1 3 1 5 4 2 2 2 1 3 5 2 3 3 2 2 3 5 2 4 4 4 4 2 1 5 2 2 4 5 4 5 2 2 3 3 1 2 1 2 1 5 1 3 1 5 2 3 4 4 4 1 5 4 5 1 4 4 1 3 2 4 1 4 5 4 1 4 4 1 5 3 3 1 3 4 2 2 5 3 3 4 1 2 3 5 4 5 3 5 3 3 2 4 5 3 5 3 5 2 4 3 1 1 1 5 2 3 3 1 4 1 4 2 4 5 2 3 2 4 3 1 5 2 3 2 4 5 3 5 1 2 3 4 3 2 1 4 4 5 1 5 4 1 2 1 3 4 5 5 1 4 1 3 1 5 3 5 5 4 3 5 4 1 4 3 1 5 3 4 5 5 2 1 5 4 1 4 5 2 4 3 3 3 4 5 3 1 3 4 4 3 5 4 3 3 1 2 4 3 4 4 2 2 3 3 4 2 1 4 2 3 5 4 3 5 1 3 5 2 5 3 1 5 4 3 4 2 4 5 4 2 3 3 4 3 5 2 1 5 5 3 4 4 3 3 5 5 2 2 2 1 5 5 2 5 4 3 3 2 1 1 2 3 3 4 2 1 4 3 4 5 3 1 2 5 4 3 3 2 4 4 5 4 1 1 3 2 4 1 4 4 5 5 2 2 1 2 1 5 2 3 1 2 5 5 4 5 1 2 3 1 4 2 1 4 5 3 4 4 3 2 4 1 1 1 1 4 2 1 2 2 1 1 1 2 1 1 2 4 5 2 4 3 3 2 3 3 5 3 4 1 1 5 5 3 1 2 2 1 2 4 1 5 1 5 4 5 1 1 1 5 4 4 4 3 2 2 3 3 5 1 5 5 2 3 3 2 5 5 1 4 5 1 2 3 2 5 4 1 5 3 2 4 1 2 1 3 1 3 1 2 1 1 2 5 2 1 2 4 5 1 4 2 3 4 4 4 5 5 2 5 4 1 4 3 4 2 3 3 5
1 3 1 4 4 5 3 4 5 2 3 2 3 3 5 2 4 2 1 0 4 1 1 4 5 2 3 2 3 3 5 2 3 2 4 5 1 3 3 2 5 2 3 3 5 4 5 5 3 1 4 1 2 3 2 2 5 1 1 1 2 1 3 4 1 1 4 5 3 2 1 3 3 2 5 2 4 3 4 5 2 4 5 3 5 1 3 3 3 4 5 5 3 1 4 2 1 4 1 3 1 2 1 2 5 2 1 3 4 2 2 3 2 4 3 1 3 3 2 2 5 2 5 5 2 2 5 1 1 5 2 1 4 2 4 1 4 5 5 3 4 4 3 2 4 2 4 5 5 2 3 2 5 3 2 3 1 4 1 4 5 4 4 3 3 3 1 4 5 1 5 3 2 3 1 4 4 4 5 1 1 4 1 2 1 4 3 4 1 5 5 5 5 2 4 5 5 2 2 1 2 3 5 5 4 1 1 1 4 4 2 4 1 4 2 1 1 1 4 5 5 2 2 5 4 5 3 3 3 3 4 3 5 4 1 1 4 5 2 4 2 5 4 5 4 4 4 5 4 4 2 1 3 1 5 4 2 4 4 5 4 1 5 4 4 3 2 4 3 2 2 2 5 5 1 1 2 5 5 4 5 1 4 5 3 4 1 5 5 1 5 2 2 1 4 3 5 5 1 5 3 1 1 3 5 4 4 3 1 4 1 3 5 1 2 4 3 4 3 1 3 2 2 5 3 5 3 4 1 4 3 4 5 2 1 4 2 4 1 4 1 3 1 2 3 4 5 4 1 1 1 3 1 5 3 5 3 4 1 4 5 3 4 2 5 1 2 4 2 3 4 1 1 1 4 1 3 5 3 4 4 2 3 3 4 5 5 3 4 1 3 5 2 5 2 4 2 1 2 2 5 4 2 3 3 3 1 2 3 1 3 4 2 2 1 2 1 3 2 1 2 3 5 4 1 1 1 1 1 4 4 2 1 5 4 5 4 2 3 4 2 4 3 2 4 2 1 5 3 5 3 5 3 3 3 5 3 5 5 4 1 2 5 1 3 2 1 2 2 1 2 2 2 3 5 3 2 3 5 5 2 5 3 2 1 3 4 2 1 2 5 3 1 4 3 1 1 1 5 4
4 4 3 3 3 5 3 4 2 1 1 5 1 2 5 5 3 2 5 2 0 4 5 5 3 2 1 3 4 4 2 1 1 5 4 5 1 5 1 2 2 5 2 1 5 3 3 3 3 4 2 2 3 4 1 3 4 5 5 1 1 4 2 1 4 5 1 2 2 5 5 4 2 1 4 4 1 2 3 2 3 2 3 2 5 1 4 3 2 1 2 2 2 1 2 3 4 2 4 5 3 5 3 1 2 3 3 3 5 5 2 3 4 2 2 1 1 5 4 4 5 3 5 1 1 1 4 2 5 5 5 1 4 1 2 2 2 4 3 4 5 3 5 5 3 1 4 4 2 1 2 4 3 4 5 1 4 2 4 4 5 3 2 1 1 3 3 4 1 1 4 2 2 4 5 4 1 1 5 5 2 3 1 2 2 1 2 3 5 1 3 5 3 5 2 2 2 3 1 5 5 3 1 3 2 3 4 5 3 5 3 3 5 2 3 5 1 4 1 4 5 4 3 5 1 5 1 2 3 2 1 4 5 2 4 4 4 3 1 1 3 2 5 3 3 4 5 4 3 2 1 5 3 1 3 1 2 1 3 5 2 2 2 3 4 3 5 5 5 4 4 4 5 1 4 5 4 1 2 3 1 5 2 3 5 4 2 1 4 4 4 2 3 3 3 1 4 5 2 5 2 1 5 5 3 3 3 1 5 4 4 3 3 4 2 2 2 1 3 2 5 2 3 4 1 2 4 1 1 2 3 3 3 3 3 1 5 4 1 3 5 2 3 3 4 5 5 4 4 5 4 5 5 3 5 5 5 4 1 3 1 1 1 3 5 2 1 3 4 4 5 5 5 3 4 2 5 4 2 2 4 4 2 1 3 4 1 2 4 1 2 1 1 1 5 2 3 3 4 3 2 3 2 2 2 4 2 2 5 4 5 3 2 1 4 5 1 5 3 3 3 1 4 3 5 1 5 1 4 3 1 4 5 3 2 4 1 5 3 5 2 5 2 2 4 2 3 2 1 5 1 5 4 5 3 2 2 4 1 1 1 4 3 3 3 5 4 1 1 4 4 1 4 2 4 1 4 5 3 4 1 3 1 4 4 3 2 2 3 3 2 2 3 5 1 2 1 3 1 1
5 1 1 2 1 1 3 3 1 3 4 2 3 5 3 4 1 5 1 1 5 0 3 4 1 2 1 2 1 2 3 5 2 4 5 3 4 2 1 2 1 2 4 3 4 2 3 2 3 2 1 2 4 3 4 5 3 1 5 2 4 5 2 3 5 4 2 1 2 3 5 4 4 4 2 2 1 5 3 5 5 1 3 1 2 4 1 5 5 4 2 5 5 2 4 2 1 2 4 1 2 5 4 5 5 5 2 3 4 2 1 3 2 2 3 2 2 5 5 1 5 5 5 1 3 4 1 3 1 4 3 5 3 4 3 3 5 5 3 5 1 1 1 2 5 1 4 4 4 1 4 1 4 1 1 5 5 2 5 1 4 3 1 2 2 5 4 5 3 2 4 2 2 4 1 3 2 3 1 2 3 1 2 4 5 4 5 1 5 4 2 5 3 1 3 5 3 1 2 1 3 1 4 1 1 3 4 5 1 2 1 2 1 1 2 4 5 2 5 4 3 2 1 1 2 1 4 5 3 4 2 2 5 5 5 3 1 4 4 1 1 5 5 4 1 2 4 5 2 4 4 4 1 1 1 5 2 5 4 4 2 2 1 3 3 2 4 5 5 5 3 4 3 2 1 5 4 3 3 4 4 2 5 1 5 3 4 1 1 2 2 3 1 1 1 3 3 2 3 5 1 3 3 4 3 2 5 2 5 3 4 4 2 4 3 3 5 4 3 2 2 1 3 3 1 1 5 3 2 5 2 2 3 5 2 1 5 5 4 1 1 3 5 1 5 5 2 2 5 1 5 5 2 2 4 5 3 5 5 3 5 4 3 4 2 4 1 2 4 2 2 2 1 5 5 3 3 5 1 1 4 2 4 5 3 4 2 4 3 2 4 5 2 1 2 2 3 1 1 1 3 2 2 3 5 4 5 3 1 5 5 4 5 1 4 3 2 4 4 2 5 5 1 5 4 1 2 3 5 1 1 2 4 1 5 4 5 1 1 1 5 2 3 2 2 2 5 1 3 3 4 5 2 4 4 2 1 1 5 2 1 4 3 5 2 5 4 5 2 1 2 4 4 3 2 4 5 2 4 1 4 1 3 2 1 5 3 4 4 3 2 4 1 4 2 4 5 2 2 4
4 3 5 3 2 2 5 4 3 1 1 3 1 2 5 5 4 1 4 1 1 5 0 5 5 3 3 1 3 2 4 4 4 3 4 5 4 2 4 1 1 5 2 4 1 5 2 4 3 3 2 5 2 3 2 4 3 4 1 5 3 2 1 2 1 2 5 1 5 5 3 2 2 3 1 4 1 2 3 2 1 1 1 4 5 5 2 1 3 4 1 2 5 5 5 3 2 3 4 1 4 2 1 5 4 3 5 5 2 3 2 1 1 5 2 4 4 3 4 4 1 4 3 5 2 2 4 5 4 5 5 5 1 2 4 4 5 2 1 4 2 1 5 3 4 3 5 4 1 1 2 3 4 3 1 4 4 4 2 3 2 5 2 1 3 5 2 4 1 1 3 3 5 5 5 3 1 1 5 2 2 1 3 2 1 2 5 2 5 3 5 3 2 5 2 5 3 1 4 5 4 5 3 3 4 5 5 1 5 1 1 4 3 4 3 3 2 3 5 1 5 3 3 1 1 2 1 3 1 4 3 3 2 2 3 2 3 4 3 2 2 3 4 3 1 1 4 2 4 5 5 3 1 2 1 2 3 2 4 5 3 5 3 2 2 1 4 1 4 5 4 4 2 1 2 2 4 3 4 5 5 4 4 2 2 2 3 1 2 5 3 1 1 1 2 4 1 2 5 2 2 5 1 1 4 3 4 2 5 1 2 2 4 1 5 3 3 2 3 3 3 5 3 5 1 1 2 2 3 5 1 3 5 4 3 3 1 1 4 3 3 5 4 2 5 2 3 2 4 3 1 2 2 3 1 4 5 5 4 1 1 3 2 5 4 4 4 4 4 3 5 4 1 4 2 2 1 2 1 5 3 4 4 4 2 4 2 2 3 1 4 5 4 5 4 2 3 3 5 1 1 5 4 5 2 1 3 5 1 5 2 4 4 3 5 2 3 2 4 2 3 4 5 3 3 5 3 4 2 2 5 4 3 3 3 3 5 1 1 5 5 3 3 2 5 4 4 3 5 5 4 5 5 2 1 3 2 3 4 4 5 4 3 3 1 3 2 5 4 4 1 1 4 3 1 2 5 3 5 5 1 1 2 5 1 5 2 3 5 2 2 1 4 2 5 1 2 2 1 3
2 2 4 4 2 5 1 3 3 4 3 4 4 5 5 2 1 2 3 2 3 2 1 0 5 5 3 2 1 2 1 3 2 1 5 1 2 2 2 4 5 4 4 3 1 4 4 4 3 5 4 3 4 3 3 2 2 2 3 3 2 1 4 2 3 2 4 4 4 1 2 5 3 2 1 2 3 4 5 4 3 5 4 5 3 4 3 2 2 4 5 4 5 4 2 2 5 2 1 3 1 5 4 2 2 1 5 2 1 4 3 1 4 2 4 3 5 2 3 1 3 3 4 3 5 4 1 5 4 5 1 5 5 1 1 4 1 3 2 4 2 4 3 5 5 1 2 5 1 1 2 3 1 5 3 4 2 5 1 1 1 4 1 2 4 4 1 1 1 5 1 2 3 4 3 5 4 1 1 5 5 1 5 4 1 1 2 2 1 1 2 2 3 1 2 5 1 5 1 3 4 1 5 1 2 2 3 5 5 3 5 5 1 2 2 1 5 5 3 4 1 5 2 1 1 1 5 4 3 5 5 3 2 1 4 2 4 3 2 5 1 1 2 1 1 5 2 3 3 3 4 2 5 2 1 2 4 1 3 3 3 2 5 5 1 5 1 1 1 5 5 3 3 5 2 4 2 2 4 2 3 2 4 5 3 5 4 5 5 2 4 2 1 4 1 5 5 3 1 3 4 4 5 2 3 5 1 1 2 2 3 3 1 1 5 4 2 4 3 5 5 1 3 2 2 3 1 2 4 3 2 5 5 4 5 3 5 3 4 4 3 3 5 1 2 5 4 2 4 5 4 4 3 1 5 5 4 1 1 4 5 3 1 5 3 2 4 3 2 3 3 1 1 5 2 3 5 3 3 1 3 3 2 2 3 4 3 4 4 1 5 4 2 3 4 5 3 4 5 1 3 5 4 2 5 4 2 2 3 3 3 4 4 3 3 1 1 5 1 1 3 1 1 3 1 5 1 5 2 4 2 1 4 3 2 4 5 4 3 5 1 5 5 2 4 1 3 2 3 3 3 5 2 4 4 5 4 3 3 4 3 2 3 4 2 3 1 2 2 2 2 1 1 5 2 1 1 5 5 2 2 2 5 2 3 4 4 5 1 1 3 4 5 5 5 4 4 3 1 3
1 2 5 3 2 2 5 3 5 1 4 5 3 5 3 1 4 5 3 5 5 2 5 1 0 2 3 2 5 1 3 1 1 3 4 2 4 3 1 4 2 5 4 2 4 1 2 2 4 2 2 1 1 2 1 2 2 1 4 2 2 4 5 2 4 3 1 1 4 5 2 4 4 1 1 3 2 5 3 2 4 3 5 5 1 2 5 4 4 5 2 1 2 4 3 5 5 1 4 2 5 4 2 5 1 4 4 2 3 4 3 4 4 2 2 4 2 1 1 5 1 5 3 2 5 2 3 4 1 4 1 1 3 3 2 2 2 2 5 5 3 2 1 1 3 1 1 3 2 5 3 4 3 4 5 2 4 3 3 3 1 3 3 1 4 5 3 4 5 1 1 3 3 5 3 3 4 3 5 5 2 5 4 3 5 2 4 4 3 5 4 5 3 5 5 4 2 2 4 5 3 5 1 1 1 2 1 3 2 4 5 5 5 1 5 3 4 3 1 5 5 4 3 5 5 1 3 2 2 3 4 2 1 3 1 4 1 5 1 4 1 3 1 3 2 2 3 1 5 3 4 1 3 2 4 1 2 4 4 5 1 5 5 2 1 3 5 1 4 3 4 5 5 4 2 3 4 5 3 3 5 2 5 2 5 4 5 5 5 4 2 2 4 5 4 4 4 5 1 2 2 3 4 4 2 1 3 3 2 1 3 2 4 3 2 4 2 3 4 5 4 3 2 5 1 1 1 2 4 2 4 2 4 3 2 4 4 5 5 4 4 5 4 2 4 1 2 3 4 2 5 2 1 3 2 5 3 3 5 4 2 2 2 2 4 1 5 1 3 2 2 4 1 1 3 3 4 5 3 3 3 1 5 2 5 5 1 3 2 4 5 1 3 5 2 5 5 2 4 5 2 3 3 5 1 1 1 3 5 1 1 3 2 4 3 5 3 1 1 4 2 4 5 5 3 5 3 1 4 5 3 4 1 3 2 1 3 1 1 4 3 2 1 2 5 2 4 2 5 4 3 3 4 4 1 1 3 3 4 1 3 2 4 3 5 5 2 5 2 2 5 4 1 4 4 3 2 2 4 4 5 4 3 3 3 3 3 3 4 3 2 4 2 5 5 3 1 1 3 1
2 4 4 4 3 2 5 3 3 3 4 4 5 2 4 1 3 4 1 1 2 4 5 4 5 0 3 1 4 4 4 3 2 2 1 2 5 5 3 2 5 1 3 3 5 2 5 4 4 2 4 4 1 5 4 5 5 4 5 5 2 5 5 4 1 2 3 4 5 3 4 4 3 1 3 2 5 5 3 2 5 4 3 1 2 1 2 3 1 4 2 3 3 3 4 1 3 1 1 5 5 1 2 1 2 1 2 2 4 2 1 1 5 2 4 4 3 2 5 2 4 5 4 4 5 1 1 1 4 1 3 5 2 5 3 1 4 2 5 2 2 3 1 5 4 5 4 3 1 5 2 1 4 4 5 2 3 2 2 2 5 3 4 1 5 5 5 5 4 4 3 5 1 3 4 1 2 2 2 4 1 4 1 4 5 5 2 4 2 4 2 1 4 5 2 2 1 1 5 5 1 5 5 5 4 4 4 5 5 2 5 2 3 1 4 5 4 3 3 4 4 4 2 1 4 4 3 3 5 4 5 4 3 5 2 4 2 5 4 3 2 1 3 1 1 2 4 4 5 2 2 1 4 1 4 3 4 4 5 5 5 4 3 2 4 1 2 4 4 3 3 2 5 1 2 4 2 2 5 5 3 2 1 1 5 2 5 5 5 2 3 4 1 3 4 1 4 3 1 2 1 5 1 4 2 5 4 2 4 3 2 4 2 5 3 1 5 2 4 1 4 1 2 5 5 2 5 4 2 1 1 3 2 4 3 4 5 3 5 3 3 3 4 3 1 5 4 1 5 2 1 1 5 2 5 2 5 5 5 5 4 4 4 1 2 5 4 3 2 2 1 1 5 4 3 4 1 2 2 4 5 2 1 5 3 3 5 1 1 1 5 5 4 5 3 4 1 3 3 2 3 1 2 3 5 5 1 5 1 4 3 4 2 5 4 1 2 1 3 2 2 4 5 4 4 5 3 2 3 4 5 3 4 2 2 3 2 3 3 4 4 2 3 2 3 1 4 3 2 2 3 5 4 1 3 1 5 2 1 5 2 3 5 2 4 5 4 5 5 5 4 5 2 2 4 5 4 4 1 3 4 1 1 1 2 2 1 3 2 4 2 2 4 4 2 3 5 1 5 5
4 4 4 1 4 1 5 4 1 1 5 2 3 2 5 2 5 3 4 2 5 1 4 5 5 1 0 4 4 3 5 4 2 5 2 1 2 1 1 2 2 5 1 4 5 1 3 5 2 3 1 4 5 2 2 5 1 4 5 2 1 3 2 1 3 1 5 4 3 4 5 2 5 4 1 2 2 1 4 2 4 4 3 4 4 4 5 4 5 1 3 5 4 3 5 3 1 3 5 1 3 2 1 2 1 4 3 2 2 5 2 3 1 3 2 3 1 2 5 4 3 2 3 4 3 2 2 5 3 5 3 2 4 3 2 2 3 3 1 5 4 1 1 4 1 5 5 3 3 5 1 5 2 4 1 5 5 4 2 4 2 1 1 2 3 4 3 1 5 1 2 2 1 1 1 4 5 1 3 2 1 4 1 2 2 4 2 4 1 1 1 4 4 5 2 2 3 4 3 1 4 3 3 4 5 1 5 3 5 4 3 5 4 3 5 5 5 4 4 2 5 5 2 5 4 5 1 4 1 4 1 2 5 4 4 4 4 5 4 4 4 3 2 1 3 2 1 4 5 4 1 3 5 3 5 2 3 3 4 2 4 2 1 5 4 5 4 2 4 2 5 1 3 1 5 1 3 5 4 3 3 3 1 5 5 2 3 4 3 3 3 3 4 1 2 5 5 5 4 4 1 5 2 2 4 1 1 5 4 2 1 3 5 2 4 4 5 3 4 3 2 4 2 3 1 4 3 4 3 2 5 3 4 3 5 3 2 5 1 1 5 2 5 4 5 1 3 1 3 5 4 3 2 4 5 3 5 3 1 2 5 4 4 3 3 4 3 2 1 4 4 1 4 2 5 3 5 5 1 2 4 1 3 3 5 3 1 1 3 1 5 2 2 2 1 2 1 3 5 1 4 3 1 2 4 4 5 5 3 4 2 5 4 2 5 5 3 4 2 5 1 5 5 1 2 4 1 5 3 4 5 3 1 1 4 4 2 4 1 2 4 5 1 3 2 5 5 4 3 1 1 2 1 1 2 2 2 2 4 4 1 5 3 1 4 3 4 4 5 4 1 5 2 5 1 2 2 4 4 5 2 3 5 2 3 2 2 1 4 1 5 3 3 5 1 1 1 4 4 1
2 3 4 3 2 3 4 1 1 4 3 4 4 2 3 4 5 1 3 2 4 3 4 1 2 5 5 0 5 2 2 3 2 2 2 1 5 3 2 5 4 4 4 4 3 3 2 4 1 2 2 2 5 3 1 4 3 4 1 5 1 2 3 1 1 4 5 1 5 5 1 5 4 2 3 2 4 3 1 5 1 5 1 3 1 4 5 3 4 1 1 2 4 2 4 4 4 5 5 3 2 1 4 1 2 5 5 1 5 4 1 2 5 4 1 3 3 5 5 4 3 3 4 4 4 4 2 4 1 4 2 2 5 1 3 2 1 2 2 4 3 2 4 3 3 4 1 4 4 2 3 3 3 3 2 5 3 2 4 1 5 3 2 1 3 3 3 1 2 1 1 1 4 1 3 2 2 2 5 1 1 5 5 3 1 1 1 4 3 3 3 3 4 4 4 5 5 5 1 4 3 1 3 5 1 4 2 5 5 4 2 2 2 5 5 5 4 3 2 1 5 4 1 3 4 2 3 3 5 4 2 1 2 5 5 3 5 3 4 2 5 3 1 2 2 2 5 4 2 1 4 4 1 2 4 2 3 3 1 3 4 1 5 4 2 3 2 1 5 4 2 5 3 5 4 3 4 1 1 5 2 1 4 4 1 2 4 4 3 2 3 1 2 3 1 1 1 3 5 5 2 3 2 5 2 1 1 4 2 3 5 1 3 5 1 2 1 3 4 1 1 1 1 5 4 5 1 2 2 3 5 1 3 3 4 2 5 4 3 5 3 3 2 3 4 2 5 3 4 1 2 1 2 4 2 1 4 5 2 5 4 4 4 4 2 4 5 3 1 1 5 3 3 2 4 3 4 3 5 4 4 3 3 3 2 2 4 5 1 3 4 3 3 5 3 4 3 5 3 5 5 5 4 3 5 3 2 5 4 1 3 2 5 3 4 4 4 1 1 2 1 1 5 5 3 4 3 5 2 5 1 1 3 1 2 2 3 4 1 4 3 5 1 4 3 4 3 5 1 1 3 5 1 4 5 1 3 5 3 4 4 5 4 1 4 3 1 4 3 2 1 5 4 5 2 4 4 2 1 4 3 4 3 2 2 4 3 1 1 1 3 3 3 2 4 1 1 2 5 2
1 5 1 2 4 4 5 2 5 5 5 1 1 3 3 2 4 5 1 5 2 5 4 2 4 3 3 3 0 3 4 5 3 5 1 5 2 1 1 1 5 2 1 1 4 4 4 1 2 2 3 3 1 5 5 5 5 5 5 1 1 4 4 4 3 2 5 3 2 1 4 4 2 4 2 1 3 4 4 3 5 4 2 5 4 5 1 5 5 3 1 4 5 5 2 3 2 1 4 5 4 5 3 2 3 5 3 1 1 4 4 3 4 1 4 2 1 1 4 5 4 5 4 3 4 1 4 4 3 2 4 5 2 3 5 4 2 2 1 3 2 3 3 4 4 3 2 2 1 4 3 3 3 5 1 5 5 1 3 3 2 2 2 4 5 4 4 5 2 2 2 5 2 4 2 2 3 3 1 4 4 4 4 5 5 3 3 2 4 4 2 1 3 5 1 2 5 5 4 4 3 1 5 1 3 5 1 5 3 2 3 4 3 5 5 1 3 2 1 3 1 5 3 4 4 5 4 2 5 1 3 3 4 3 4 2 5 2 2 2 4 3 2 5 3 5 1 2 3 4 3 3 1 1 2 1 5 5 1 3 4 1 1 4 2 5 4 5 3 2 2 2 4 5 4 3 5 2 2 4 2 2 4 4 3 1 3 1 3 4 3 5 5 1 5 1 1 5 5 4 1 5 4 3 1 5 1 4 1 1 3 2 5 4 2 2 4 5 2 1 4 3 1 3 5 1 1 2 2 3 2 5 4 4 3 2 5 2 4 4 2 1 1 5 1 5 4 2 4 1 1 3 5 2 4 1 1 4 4 5 3 5 2 2 1 3 2 4 1 4 1 1 1 3 3 5 1 2 4 3 4 2 1 4 2 1 5 5 5 1 4 1 4 3 1 4 3 1 5 4 4 4 1 4 4 5 3 1 4 3 2 1 4 2 2 4 1 5 3 3 3 1 3 1 2 1 2 4 2 5 5 4 3 5 5 4 5 2 2 3 5 1 2 2 5 1 3 5 5 2 1 3 2 3 1 4 4 2 2 3 2 2 5 5 1 5 4 2 1 3 3 3 4 4 2 1 5 3 1 2 5 4 4 4 1 2 3 4 2 1 2 1 5 2 1 1 3 4 5 1
5 3 4 4 3 5 1 2 3 4 5 4 1 1 1 5 1 4 1 4 1 1 5 1 5 1 1 3 5 0 5 4 1 1 3 1 4 5 4 4 1 2 3 1 1 4 1 4 1 4 1 2 3 3 3 2 2 5 2 1 3 3 5 4 3 3 2 2 5 1 1 2 1 2 1 1 4 4 3 2 2 5 1 5 1 2 3 3 2 4 5 5 1 5 4 4 3 2 1 1 5 4 4 4 4 5 1 4 3 5 4 2 1 2 4 2 5 1 3 5 1 3 4 2 2 4 1 1 4 3 4 2 4 5 4 3 5 3 2 4 3 4 5 1 5 1 4 5 1 2 4 5 1 5 1 1 4 1 5 1 1 3 5 2 2 5 2 3 4 2 1 1 5 4 1 1 5 4 4 1 1 5 5 1 2 3 4 1 2 3 1 4 2 4 2 5 3 4 1 4 2 1 5 5 1 4 2 4 2 4 4 5 1 4 1 3 3 1 2 1 1 5 2 5 3 1 4 2 2 2 5 3 3 1 2 5 1 5 5 1 4 5 4 3 1 4 2 2 1 5 1 3 1 4 4 2 2 3 3 5 2 1 3 2 3 1 5 2 3 5 3 5 1 2 2 1 1 2 3 4 1 3 3 5 5 5 5 1 2 1 2 2 4 3 4 1 2 1 1 4 1 5 5 4 3 4 4 1 1 4 4 1 5 2 1 1 5 4 4 5 4 2 1 5 5 2 4 2 3 4 3 5 3 1 5 4 4 5 5 2 2 2 1 2 2 5 1 2 4 5 1 3 4 2 5 5 4 4 4 4 3 2 4 5 5 1 3 3 2 5 1 4 4 4 5 4 3 3 1 4 2 2 4 2 2 2 5 4 1 3 5 3 3 5 3 3 3 2 5 2 3 5 2 1 5 2 5 1 4 3 1 5 2 5 2 4 1 4 3 3 3 3 2 1 1 3 4 4 4 3 2 2 5 3 4 5 4 2 5 4 3 2 3 1 4 5 2 5 5 4 3 3 4 1 3 4 2 2 3 5 2 2 2 4 4 5 4 4 2 1 3 1 1 4 4 1 1 5 1 5 5 2 3 2 1 4 3 5 3 3 2 4 5 4 1 2 3 3 3 1
5 1 5 3 1 2 1 1 2 2 2 5 3 2 5 4 5 2 2 3 2 2 4 4 5 3 3 5 2 2 0 4 1 5 4 4 1 5 5 2 4 4 2 4 3 3 2 4 3 5 5 1 4 4 4 5 1 3 3 2 2 4 4 4 3 1 4 3 4 3 2 5 2 2 4 4 1 4 4 4 5 5 3 1 2 4 3 1 5 3 5 2 1 2 2 3 1 3 2 2 3 3 2 4 4 3 4 3 1 4 3 1 5 5 2 4 2 3 2 1 1 1 1 5 3 2 4 3 4 1 5 1 3 3 5 3 5 5 5 2 4 4 5 3 3 3 5 2 5 1 2 1 5 1 1 2 3 4 1 2 4 3 3 2 1 4 4 4 2 5 5 2 3 2 4 4 3 5 1 1 1 3 3 3 4 3 1 2 3 1 4 4 5 3 3 4 5 3 3 3 3 2 4 5 1 3 4 3 1 4 5 5 2 5 2 3 4 5 3 4 1 5 1 2 3 4 2 5 3 2 3 3 4 4 2 1 1 5 3 1 2 2 4 2 4 1 4 2 5 2 3 5 1 4 1 4 5 4 2 4 1 5 1 1 1 3 3 2 4 1 2 4 4 2 1 4 2 3 4 4 1 1 2 5 3 2 3 3 3 5 4 4 3 5 3 4 3 1 3 1 2 4 5 1 1 4 4 3 2 3 2 2 5 5 5 4 1 5 3 3 4 2 1 5 5 5 5 3 2 3 4 3 1 3 1 2 4 3 5 3 2 4 5 2 1 3 5 4 3 5 3 3 4 5 1 5 3 1 5 3 1 1 2 4 5 1 3 4 3 1 3 1 4 2 3 3 1 2 2 1 2 4 4 5 3 3 1 2 1 4 1 5 4 1 2 2 3 3 3 3 5 1 1 1 3 1 1 1 5 3 1 3 5 2 2 3 3 1 4 1 2 2 1 3 1 4 1 4 2 5 3 4 3 3 2 2 5 3 2 2 4 2 4 1 2 5 5 1 4 1 2 3 4 3 2 1 5 3 5 2 3 3 5 1 4 3 5 2 5 1 3 4 4 1 5 5 1 5 5 5 4 4 1 4 1 5 2 4 5 4 5 4 3 5 5 2 2 1 5 3
1 3 2 1 4 5 3 4 3 1 2 3 1 5 1 5 1 1 2 4 2 1 3 4 2 2 4 5 1 1 2 0 2 3 2 2 4 5 1 2 3 2 1 3 2 4 3 4 4 5 1 5 3 3 5 1 5 4 1 2 2 1 5 5 1 5 4 1 4 5 2 5 4 1 2 1 5 1 5 5 1 3 3 2 1 2 4 2 2 4 4 4 5 2 1 5 5 2 5 1 4 5 1 2 1 3 1 1 4 2 4 1 1 3 3 2 3 4 2 2 2 2 4 4 3 1 3 4 1 1 3 2 1 3 3 1 2 5 1 5 3 3 4 2 2 2 5 3 3 3 1 5 2 5 3 4 2 4 4 3 3 2 2 2 4 2 2 3 1 5 4 3 5 4 4 5 4 5 3 3 1 5 4 4 2 4 1 1 2 2 2 3 3 4 1 2 1 5 1 5 1 4 1 2 5 1 1 1 5 2 5 1 4 2 2 3 3 2 5 2 3 2 5 5 1 4 3 5 1 2 3 2 2 4 3 5 2 3 1 4 2 2 4 2 2 1 3 5 1 4 2 5 1 1 2 2 4 1 3 2 3 5 4 4 1 5 4 2 5 5 1 4 2 3 5 1 2 2 1 4 1 5 5 4 1 2 2 5 2 5 2 1 1 3 3 3 3 2 1 1 1 2 5 3 2 3 3 4 4 2 3 4 4 4 4 4 5 2 3 5 5 4 3 3 3 4 1 2 4 4 5 2 3 2 4 3 4 4 1 4 4 3 1 3 1 4 5 2 4 1 5 1 4 5 3 2 4 1 4 1 4 1 4 4 4 1 4 1 2 4 4 4 5 4 1 3 4 1 1 3 4 5 5 5 3 3 1 1 5 4 1 3 4 1 5 4 3 5 3 4 4 3 3 5 4 1 1 4 1 2 5 3 2 3 5 1 4 3 5 4 3 4 1 5 2 5 2 2 3 3 3 1 1 5 1 5 5 1 1 4 1 3 5 3 2 1 4 1 1 4 3 1 4 5 5 1 3 3 5 2 3 3 1 5 2 4 3 4 1 1 4 4 4 1 4 1 4 2 5 5 5 3 2 2 1 4 1 1 1 1 5 4 4 4 2 2 3 5 4 3
4 1 4 2 1 5 4 2 2 1 3 5 2 1 1 4 4 2 5 4 4 5 4 3 4 3 2 3 1 4 5 2 0 1 4 1 3 4 3 2 5 1 4 2 5 4 2 5 5 2 1 2 3 2 2 2 3 4 5 2 4 2 5 5 3 2 1 2 1 2 4 5 4 3 3 1 5 3 3 4 5 1 4 4 3 3 1 1 2 4 1 1 2 3 4 1 3 3 1 5 5 1 1 2 5 3 3 2 2 3 1 4 4 4 3 3 2 4 1 1 1 1 3 1 2 4 1 3 3 3 3 3 2 1 3 2 4 5 3 1 5 4 5 3 4 1 3 3 4 4 1 3 5 5 1 2 3 1 2 1 5 4 2 3 3 1 2 3 1 1 2 3 1 4 1 3 1 1 2 4 5 4 3 4 3 2 1 3 2 4 4 4 5 5 2 3 2 2 4 2 4 5 5 5 1 5 2 3 5 3 4 1 4 4 1 4 1 3 1 5 4 4 3 3 5 1 4 2 2 2 4 4 4 1 5 4 4 5 1 3 5 1 1 3 1 5 2 4 1 1 4 4 1 3 2 1 4 2 4 4 5 2 2 5 4 1 5 2 2 5 1 2 2 4 4 4 2 1 3 2 5 1 4 5 3 3 5 4 1 1 2 4 2 1 4 3 4 5 5 3 5 5 3 3 3 4 4 1 5 2 2 1 1 1 1 4 2 5 4 3 4 3 4 5 3 2 3 2 1 2 4 3 4 2 2 4 2 3 5 3 1 5 5 3 3 2 1 4 4 5 2 1 2 3 4 5 2 1 3 5 4 4 5 2 5 3 3 4 3 1 4 2 1 3 1 2 1 5 3 3 5 4 5 4 1 1 3 3 4 3 1 5 2 1 2 2 1 4 4 4 5 4 1 2 4 1 1 2 3 2 1 1 2 1 2 4 1 3 1 1 5 5 4 2 2 5 1 2 1 3 3 4 2 4 1 1 1 1 4 5 4 2 4 4 4 3 5 2 3 5 2 2 2 2 1 1 3 4 1 3 1 5 2 1 3 2 3 5 5 1 4 4 4 2 4 1 2 4 2 3 4 3 1 4 3 2 1 4 5 2 4 1 4 2 3 2 4 3 5 2
2 4 5 1 3 1 1 3 4 1 3 4 4 1 4 4 2 5 1 2 1 2 3 5 4 3 3 2 2 2 1 1 5 0 5 3 3 3 1 1 3 2 3 3 3 4 4 1 3 2 2 5 3 1 2 4 5 1 3 3 2 1 3 5 3 5 1 2 2 4 1 3 4 4 1 2 4 2 4 4 1 5 1 1 2 5 3 1 1 4 3 5 4 5 4 5 4 1 4 2 3 2 2 5 3 1 5 5 1 2 4 1 3 3 4 2 1 1 1 5 4 2 3 5 1 3 1 2 2 3 5 4 3 1 3 1 4 5 4 3 3 1 2 4 5 2 4 5 4 4 2 3 5 1 5 3 2 3 1 2 4 3 1 2 1 3 3 4 5 3 3 5 1 2 1 2 4 2 1 1 2 2 2 1 5 4 4 1 2 1 5 2 1 5 2 2 2 2 5 5 1 1 3 4 2 1 3 4 5 3 5 3 4 4 5 1 3 4 2 4 3 5 1 4 4 4 4 4 3 3 2 1 4 4 3 4 5 4 1 4 3 4 4 3 3 5 4 1 4 1 3 1 3 4 4 5 2 1 3 1 1 1 3 3 4 5 4 2 4 4 2 4 5 1 1 5 3 4 1 5 2 4 5 3 4 4 1 2 4 5 3 3 2 1 5 2 2 5 4 3 1 4 5 2 5 2 2 3 2 2 4 5 4 2 5 2 1 3 4 4 4 3 2 3 4 4 4 1 3 2 5 2 3 2 4 1 1 4 5 5 1 4 2 2 3 1 5 1 4 5 5 3 2 3 3 3 3 4 3 2 1 5 4 4 1 4 3 2 1 2 4 4 1 5 5 5 2 3 1 3 4 5 3 2 3 5 4 5 1 4 3 3 2 2 4 1 2 3 4 5 4 1 2 2 3 5 1 2 2 5 4 1 1 1 3 3 2 5 1 4 5 2 5 2 4 3 5 2 5 2 3 3 5 3 2 2 4 3 2 5 4 5 4 1 3 5 3 3 4 1 2 2 4 4 2 3 5 4 2 4 5 4 4 4 4 3 4 1 1 2 1 1 3 4 4 5 2 3 4 5 5 4 5 5 3 5 1 3 5 3 3 3 2 5 1 3 4 2 2 3
2 5 4 2 2 1 5 4 3 5 3 5 1 2 2 5 2 4 2 3 2 5 5 2 5 5 2 2 5 3 3 1 1 4 0 2 1 4 3 5 2 3 4 2 5 4 4 1 1 1 3 5 5 5 5 4 4 1 3 5 3 4 2 3 1 2 1 2 3 5 2 4 1 3 3 1 3 4 3 3 2 1 5 5 5 5 2 2 1 4 2 2 2 1 4 5 2 5 2 1 5 2 2 2 1 3 1 4 2 4 2 4 3 3 2 1 4 3 1 5 2 3 2 2 2 4 4 1 1 2 2 4 3 5 1 1 5 1 2 5 4 1 4 5 4 1 1 1 4 3 4 2 1 1 4 1 2 1 4 5 3 4 3 1 4 2 5 5 5 1 2 3 1 2 2 1 3 3 5 3 4 2 2 4 2 5 5 2 3 2 2 1 1 3 5 4 3 5 4 3 2 1 4 5 2 4 4 4 3 1 3 1 4 1 5 1 4 5 5 2 3 4 4 1 2 1 1 4 3 3 3 2 4 3 1 4 1 5 1 3 1 2 4 3 5 5 4 2 2 5 3 5 3 2 3 1 3 4 4 1 1 3 3 1 4 1 1 3 1 5 5 3 3 2 2 4 5 2 2 3 1 2 2 2 2 4 4 4 3 5 4 4 3 1 2 5 5 5 4 5 4 5 4 5 3 5 5 2 3 1 4 2 1 5 3 1 2 5 1 3 4 3 4 1 3 2 5 3 3 4 4 1 2 4 3 3 2 1 4 5 5 3 3 2 2 2 5 2 1 5 4 4 4 4 5 2 2 3 2 5 2 2 2 5 5 1 4 3 5 4 3 1 5 1 5 2 4 1 4 1 1 4 1 4 3 4 4 1 3 2 4 2 4 5 1 5 3 4 1 2 2 2 2 1 5 4 4 4 2 1 1 2 1 4 4 1 1 4 3 2 3 3 4 2 5 1 1 3 2 2 4 1 1 5 3 1 5 1 4 1 5 3 3 3 2 5 4 4 5 2 2 2 2 1 5 2 2 2 4 4 1 3 4 4 2 2 1 2 4 4 5 1 4 5 4 2 5 2 3 1 4 3 2 3 2 4 1 3 2 2 3 1 3 2 2 1 2 3 5 3
3 1 1 4 1 4 4 4 5 1 4 1 1 1 2 1 1 3 4 2 3 2 4 2 1 2 5 2 3 1 2 2 3 2 4 0 3 5 1 5 3 4 2 3 2 5 2 3 1 4 5 1 5 2 5 1 5 3 3 4 4 3 4 5 3 4 4 3 2 5 5 5 5 1 4 1 3 4 4 1 1 2 4 4 3 4 5 3 2 5 3 4 3 2 3 5 2 4 3 3 3 5 2 5 1 1 1 1 1 5 4 5 2 4 2 2 1 5 3 3 5 3 3 2 4 4 3 1 2 2 5 5 1 5 4 3 1 3 3 2 2 4 4 5 4 3 4 5 5 3 1 2 3 4 5 3 4 1 5 4 4 5 1 3 1 5 5 3 5 4 1 2 5 2 2 3 1 1 5 2 3 1 1 2 4 3 3 4 1 3 2 5 5 1 2 1 1 5 1 4 3 2 3 4 1 4 1 3 3 4 4 4 2 1 4 3 4 1 3 4 2 4 5 2 2 2 2 2 4 2 4 3 3 1 3 1 3 5 1 4 2 3 4 1 5 2 5 5 3 5 1 1 2 5 5 4 5 5 4 5 3 5 3 2 5 3 5 4 5 2 4 1 5 4 3 1 1 2 3 4 4 3 4 3 4 4 5 4 4 5 5 2 5 4 3 4 1 5 1 5 2 4 1 1 3 2 3 3 5 4 3 2 3 5 1 4 5 1 2 5 5 5 3 5 4 3 2 3 5 4 4 2 5 4 3 3 2 2 2 5 3 4 5 4 5 4 2 5 4 4 1 2 5 2 3 2 5 2 1 4 3 3 1 1 4 2 3 2 5 3 5 1 1 2 1 4 4 5 4 4 3 2 1 1 3 3 2 5 3 3 1 5 3 3 4 5 5 5 3 5 1 3 1 4 1 2 4 4 4 2 3 1 2 5 2 3 1 5 5 3 1 3 4 5 4 4 2 3 3 2 2 1 1 1 3 2 2 4 5 3 2 4 2 1 2 2 3 1 4 1 4 3 5 5 4 3 1 3 4 2 3 2 5 5 3 5 2 5 4 4 3 2 3 4 2 3 4 3 5 4 5 5 3 4 3 5 3 1 4 2 3 1 2 5 1 4 4 3 3 4
4 2 5 3 2 3 3 4 3 4 2 5 5 5 1 5 2 2 5 1 4 5 1 1 2 1 5 4 2 4 4 4 1 3 5 5 0 3 1 2 2 5 1 1 2 5 1 3 3 3 2 4 5 5 2 4 5 2 2 2 4 4 3 4 5 4 2 4 1 1 5 4 5 3 5 4 2 4 1 4 4 2 1 5 2 5 2 5 2 1 4 1 4 4 1 3 4 2 4 4 2 4 4 2 1 4 4 2 1 2 3 3 2 1 1 3 4 2 1 2 3 5 1 3 4 2 1 3 2 5 4 1 2 5 4 4 3 5 3 4 5 1 3 4 3 5 5 4 5 1 3 4 2 1 5 2 4 1 5 2 4 3 1 2 4 1 1 4 3 2 4 1 3 5 4 1 4 3 4 1 1 3 3 2 3 5 1 1 3 2 4 4 2 4 2 3 5 5 5 1 4 4 2 4 4 5 2 2 2 4 5 2 4 3 4 1 3 2 1 1 4 4 3 2 2 4 2 2 2 3 1 3 3 2 3 1 1 5 5 4 5 2 2 4 3 5 3 5 5 2 3 1 4 2 1 5 1 5 5 5 2 3 1 1 3 4 2 1 1 1 3 3 2 2 4 5 4 2 4 4 3 3 1 2 3 2 5 1 3 1 1 5 3 2 2 2 2 3 2 4 1 2 2 2 1 4 3 4 1 3 3 2 3 1 4 4 4 3 3 1 1 2 4 4 3 3 3 1 3 5 3 3 1 5 3 4 4 1 3 5 2 5 1 3 1 3 1 4 3 1 3 4 4 5 5 3 5 3 3 2 5 1 3 4 1 4 1 1 4 1 1 3 2 5 3 5 5 4 5 1 1 5 3 5 5 3 3 2 3 3 2 1 5 4 1 1 4 2 1 4 2 1 4 2 5 5 1 2 4 4 4 3 1 5 3 1 4 1 4 4 1 3 3 1 3 2 1 5 4 1 1 3 2 5 3 3 2 2 2 4 1 5 4 3 1 1 1 4 1 1 2 3 1 1 4 1 5 1 4 3 1 2 2 4 1 5 4 5 4 5 2 2 2 5 4 4 2 1 2 5 1 1 1 1 2 1 3 3 5 1 4 3 4 1 3 1 5 5 4 3
5 2 2 3 3 2 2 1 3 4 2 1 3 3 2 2 3 4 1 4 2 1 4 3 3 2 1 5 5 4 1 1 5 5 4 4 3 0 1 4 2 2 4 4 3 4 3 2 4 4 3 5 5 1 1 4 5 2 5 4 1 3 2 4 4 5 2 1 3 1 3 3 5 4 2 1 5 4 2 2 1 5 3 3 1 3 1 1 3 5 4 5 4 1 2 1 5 3 4 4 3 3 4 1 4 4 3 5 3 1 4 1 2 5 4 2 1 3 1 2 3 1 2 4 5 3 1 3 1 3 2 5 1 5 3 3 1 3 2 3 2 4 4 3 3 5 2 1 3 1 3 4 5 5 1 2 5 4 1 3 2 5 2 3 3 5 3 3 5 1 4 3 1 5 1 1 3 3 1 5 1 5 4 4 3 1 5 3 2 1 2 2 5 1 4 2 4 2 4 1 1 3 3 2 2 2 2 4 5 3 2 1 3 2 4 3 1 5 1 2 4 4 4 4 5 1 2 1 4 2 4 1 4 1 3 3 2 2 4 3 2 5 4 4 5 3 5 1 3 1 3 2 2 3 2 5 5 5 3 5 1 4 1 3 2 3 1 1 4 3 1 2 2 2 2 3 5 3 5 4 2 1 5 1 5 4 5 2 1 3 3 1 2 3 1 3 5 2 2 4 3 4 3 4 3 4 4 2 3 1 1 3 2 5 4 2 1 5 3 5 3 2 1 5 4 3 1 1 3 3 3 5 1 1 1 4 1 4 5 3 5 3 2 3 5 1 2 5 4 3 3 4 4 3 2 1 3 2 2 4 3 3 2 5 1 3 1 3 5 1 2 5 2 1 3 3 2 2 2 5 4 2 1 3 3 3 4 3 3 1 5 1 4 4 2 5 5 4 4 5 2 1 3 2 5 3 1 3 3 1 5 1 5 4 1 2 5 3 5 1 4 5 4 3 5 2 2 2 4 4 1 5 3 2 2 5 4 2 1 5 2 1 2 3 5 1 4 4 3 5 4 1 3 4 5 3 2 2 5 1 2 3 3 4 2 4 1 5 5 2 2 1 3 1 5 4 2 1 1 3 1 1 3 2 3 4 4 2 1 3 2 3 2 4 1 2 5 2 4 5
1 2 1 1 4 4 4 4 5 5 3 3 5 4 5 5 1 3 4 5 1 3 2 3 1 4 1 5 4 4 4 5 5 3 1 4 5 5 0 1 3 3 3 1 1 5 3 3 5 1 5 1 1 2 2 5 5 2 1 3 4 5 2 2 1 5 4 4 4 5 2 3 2 4 4 3 1 4 3 5 2 5 2 2 4 1 2 2 2 1 4 1 2 4 4 2 2 2 3 3 1 2 1 3 5 1 5 2 1 1 3 3 2 2 1 2 4 3 5 1 5 3 4 5 5 3 4 1 1 1 5 1 4 4 5 3 5 2 1 2 1 2 3 3 4 2 1 3 4 2 4 4 3 1 2 4 3 5 4 5 3 5 3 1 3 1 5 2 3 5 5 3 2 4 2 1 1 2 5 5 5 4 3 4 5 4 1 4 5 5 1 2 1 2 1 5 4 3 2 2 3 5 4 3 2 5 4 1 3 2 2 5 5 3 5 3 3 5 5 5 4 3 3 3 3 3 4 3 2 4 4 3 5 3 5 4 3 1 3 1 2 3 3 4 3 2 3 3 4 5 3 1 3 2 3 3 4 1 4 3 1 5 4 5 3 1 4 2 1 1 3 1 3 4 2 5 4 4 4 5 4 3 1 3 2 3 3 4 2 4 4 1 4 1 3 5 2 1 4 1 1 1 4 4 4 2 3 4 3 2 3 4 5 2 5 1 4 4 4 5 3 1 4 2 4 4 5 4 4 2 5 1 3 4 1 1 5 4 4 5 5 1 2 2 2 2 2 3 4 3 2 3 5 2 4 2 4 4 5 3 1 1 2 3 3 4 4 1 4 3 5 4 3 1 1 4 5 3 3 1 4 5 1 3 1 1 1 3 2 3 3 4 5 4 1 2 2 4 4 2 1 5 3 3 4 1 4 2 1 4 1 4 4 2 1 3 1 4 1 2 1 4 5 3 5 2 5 5 4 3 4 4 4 3 4 3 1 4 2 3 4 2 4 4 1 4 4 3 1 1 1 3 3 3 5 3 5 5 1 1 3 2 2 3 2 3 4 4 1 3 2 5 1 4 3 3 2 1 2 4 3 1 3 1 2 4 4 1 1 2 1 4 1 5 2 4 5 2 3 1
4 5 1 2 1 3 4 1 3 5 4 1 2 2 3 4 4 5 5 1 5 5 1 4 5 1 5 1 2 2 1 3 5 3 1 2 1 5 2 0 4 2 1 1 1 5 2 2 3 1 5 5 3 4 3 4 5 2 3 1 2 4 2 4 2 1 1 3 4 5 2 1 1 1 3 1 4 5 1 1 4 2 3 3 5 1 4 4 4 2 4 1 3 2 2 3 4 5 1 2 4 3 2 2 2 5 4 3 2 4 2 4 3 1 1 3 1 3 4 3 5 4 4 4 5 4 3 2 5 3 4 2 4 2 4 3 3 5 3 2 3 1 5 1 1 4 4 5 2 2 4 1 4 3 4 4 5 4 5 3 2 1 5 3 2 1 5 1 3 4 1 5 5 4 5 2 5 5 1 5 1 5 5 1 5 5 5 3 3 3 2 3 5 2 1 4 5 3 3 1 1 2 5 3 5 4 2 1 5 3 5 1 2 5 2 4 3 3 2 3 2 3 1 5 2 4 3 2 2 3 2 2 3 5 4 3 3 1 2 3 1 1 3 4 5 2 1 2 1 3 4 5 2 5 1 4 3 1 1 4 2 5 1 1 3 5 4 3 4 2 4 5 1 3 5 4 4 2 5 3 2 5 5 3 3 1 3 2 2 5 3 4 5 2 1 5 3 5 1 4 3 3 5 1 5 2 2 2 3 1 4 5 2 3 4 4 2 5 4 2 3 5 2 2 2 5 5 1 1 5 5 2 1 5 3 1 5 3 2 1 1 2 2 2 3 5 3 1 3 2 5 2 5 2 4 5 5 5 5 5 4 5 4 4 1 2 5 1 3 4 4 5 5 2 1 5 5 4 4 5 3 1 4 2 3 3 1 3 5 1 2 5 4 2 1 3 4 2 5 2 1 3 2 3 1 4 3 4 2 4 1 5 4 3 2 4 2 5 1 3 3 1 1 1 4 5 5 2 5 1 3 4 4 1 3 2 2 4 3 2 5 4 4 3 2 5 3 1 3 1 2 3 1 5 1 1 2 1 4 4 4 4 3 2 5 2 3 3 5 2 2 1 1 4 4 5 5 3 4 1 5 1 5 2 1 3 4 1 3 2 4 4 5 2 1 2 5 3 1 4
5 4 2 4 2 3 1 5 2 2 2 5 5 2 1 4 5 3 1 3 3 3 2 1 4 4 1 3 5 4 1 2 3 1 4 1 2 5 4 1 0 4 2 3 1 4 5 2 5 5 4 4 1 5 1 1 5 1 2 4 1 3 4 2 5 2 3 3 5 2 3 4 5 3 3 3 2 3 5 3 2 5 4 2 4 5 3 3 3 3 2 3 3 3 5 4 5 1 5 4 3 1 1 3 1 4 3 1 3 5 1 1 3 1 3 2 4 5 1 4 1 4 1 5 2 4 3 5 1 5 2 4 1 2 1 3 2 1 3 1 1 4 1 1 3 5 4 1 1 5 2 5 2 3 1 3 4 4 3 3 4 5 3 3 2 3 1 4 4 2 3 2 1 3 5 5 3 5 2 2 3 1 1 3 2 2 5 2 4 1 3 1 1 1 4 4 5 3 5 1 1 3 4 2 1 3 1 4 2 3 2 3 3 4 1 4 2 2 3 2 2 4 3 5 1 3 5 1 2 4 5 3 5 3 3 5 3 1 2 5 1 1 1 5 4 4 5 3 4 1 2 3 3 5 4 4 4 3 5 3 1 4 4 5 5 2 5 1 1 5 3 2 3 3 3 3 1 5 1 5 5 5 3 4 1 1 2 1 2 2 3 2 1 5 5 2 5 3 2 5 1 5 3 2 1 5 2 1 3 1 3 1 4 2 1 4 4 1 4 4 3 3 3 5 4 1 2 3 5 1 1 2 5 2 5 4 3 4 4 3 3 3 5 5 1 5 4 2 4 2 2 5 3 1 2 3 5 3 1 1 2 2 5 1 2 3 1 3 5 5 1 5 2 2 4 2 2 3 4 1 5 4 1 4 3 5 3 3 4 3 3 2 2 1 2 3 1 2 1 2 1 1 4 3 3 1 4 5 1 4 3 4 4 5 5 1 4 4 1 5 3 3 5 1 3 3 4 1 5 3 5 5 5 2 1 1 1 1 5 5 5 4 2 4 5 3 4 1 1 1 1 3 2 4 2 3 2 3 4 5 2 4 4 2 4 4 3 5 1 1 5 3 4 3 2 5 1 3 2 5 5 3 3 2 3 3 1 3 2 4 4 2 5 3 5 4 5 1 3 5
5 4 3 2 4 4 1 3 5 3 2 2 5 1 5 1 5 5 1 2 5 2 4 5 1 3 2 5 2 2 1 5 2 3 4 3 4 5 5 2 5 0 2 4 4 2 4 3 4 3 4 4 1 4 4 2 1 5 3 2 4 2 2 5 3 1 4 5 2 1 2 5 1 4 4 2 3 3 2 4 3 1 2 4 4 2 5 1 1 5 3 3 3 5 2 4 1 1 1 3 2 4 2 4 4 2 1 3 1 3 3 5 5 1 3 3 1 5 4 2 4 5 1 5 2 2 2 2 1 1 4 3 5 3 2 2 2 3 3 1 2 1 1 1 5 1 5 1 4 5 4 5 1 4 5 1 2 5 3 4 3 5 3 4 2 1 2 5 4 2 2 4 4 4 3 2 4 4 5 4 3 5 2 2 1 2 1 2 4 5 3 1 3 1 1 2 1 2 5 2 4 1 4 2 1 1 1 3 2 2 4 2 1 5 4 1 2 5 2 4 3 3 3 1 4 2 4 2 5 3 4 2 5 4 5 2 5 4 1 4 2 2 1 3 4 1 1 1 2 4 2 2 3 3 5 4 2 5 5 2 5 3 1 2 3 1 5 3 2 2 5 3 4 2 5 4 2 2 4 3 2 2 5 2 2 4 5 5 4 2 3 2 2 2 4 4 5 1 3 2 3 2 2 5 1 5 1 5 2 1 1 1 2 4 1 1 5 2 2 1 4 2 4 3 2 3 2 2 3 1 3 4 5 5 4 4 5 5 2 1 5 2 1 3 1 1 3 5 5 4 1 1 2 5 5 3 3 5 3 3 2 5 3 1 5 4 1 4 4 4 2 1 1 1 1 3 4 4 3 4 4 1 4 4 3 1 4 4 2 4 1 1 2 2 2 1 3 1 3 3 2 1 3 4 2 5 3 1 1 5 4 1 4 5 3 1 2 1 2 5 2 1 5 1 2 3 2 5 1 1 1 3 1 3 1 5 3 1 1 5 2 2 5 5 3 4 1 5 3 2 2 5 1 4 3 3 5 5 5 2 4 4 1 1 2 1 1 2 5 3 1 4 2 4 4 5 4 4 3 1 4 2 2 4 4 1 2 3 5 2 3 2 1 5 5 3 5 3 4 1
3 5 2 1 3 2 2 3 3 4 2 4 3 1 3 2 3 4 1 1 4 3 2 1 2 2 1 1 5 2 3 1 3 3 4 3 5 4 2 2 4 2 0 1 4 5 1 5 2 4 1 4 3 2 3 1 1 4 5 5 2 3 1 5 4 3 5 1 5 3 2 3 5 3 1 1 2 1 5 2 2 2 3 5 3 4 3 2 1 1 5 3 2 3 3 4 3 5 4 4 5 1 2 3 1 4 5 1 3 1 1 4 5 1 3 3 2 5 3 2 4 3 5 2 5 4 1 4 4 1 1 5 5 4 5 4 4 3 4 2 5 2 4 1 5 3 4 1 5 5 1 4 2 3 3 5 3 2 4 5 2 3 4 4 1 3 5 5 3 1 3 3 1 4 2 4 4 3 2 4 4 4 4 3 1 5 3 2 1 5 3 1 1 4 5 2 1 4 2 3 5 4 1 3 1 5 2 1 1 4 2 4 5 4 5 4 5 5 5 5 2 3 2 1 4 2 2 4 5 3 5 1 1 2 5 4 1 1 2 2 2 2 1 3 1 4 4 1 2 4 1 5 1 2 2 5 5 5 5 5 4 3 5 5 5 2 2 5 3 3 1 1 1 3 5 3 1 3 5 3 4 2 2 1 2 4 4 5 2 4 3 1 5 5 5 1 3 3 2 1 5 4 3 2 3 4 1 3 5 1 5 2 4 5 2 2 1 1 2 5 1 3 4 5 1 4 1 2 4 1 1 1 2 1 1 1 2 1 1 4 1 2 3 4 3 5 1 2 5 1 4 1 2 4 1 4 5 1 1 4 1 3 1 5 4 5 3 1 2 1 3 2 4 1 5 4 1 5 3 3 3 5 1 5 4 2 3 5 1 4 3 2 4 5 1 4 4 3 4 5 4 1 4 2 5 1 5 4 1 2 5 1 2 5 1 3 3 3 2 1 3 5 1 1 5 2 1 5 2 3 2 4 2 4 4 2 3 4 4 1 2 5 2 3 3 3 1 5 1 3 5 2 2 5 5 3 3 2 1 2 5 5 5 1 5 2 5 5 4 5 1 2 3 4 1 3 5 3 4 3 3 1 4 4 1 5 1 5 3 2 3 2 4 2 1 1 2 4 3 3
2 4 2 2 3 5 2 5 2 4 4 4 5 4 2 3 1 1 4 3 4 5 1 5 2 1 3 4 3 4 3 1 4 2 4 1 4 4 1 2 3 1 2 0 4 2 2 2 3 3 3 4 4 4 2 5 1 5 1 4 3 5 3 4 2 2 5 1 2 3 2 2 3 2 1 3 4 1 3 5 2 4 4 2 4 1 4 4 1 4 3 5 5 3 1 2 2 5 4 3 5 2 2 3 3 3 1 1 4 5 2 5 5 3 3 1 1 3 5 4 2 4 4 3 1 1 5 5 1 1 4 4 3 2 1 1 5 5 3 5 5 4 5 4 1 4 5 2 3 3 3 2 1 3 1 1 2 3 5 5 1 1 2 2 1 3 5 1 5 5 5 3 2 1 3 3 3 4 3 1 2 4 1 1 3 5 1 1 4 2 5 3 2 4 2 2 5 3 5 2 4 2 4 5 3 1 1 2 2 1 1 1 1 2 3 3 1 3 2 2 3 3 5 5 1 5 1 1 3 1 1 4 4 1 5 3 3 5 3 1 3 1 2 3 2 4 2 5 2 1 2 1 2 3 4 4 4 1 3 4 4 1 1 3 4 4 3 1 2 2 1 2 4 5 4 1 3 4 1 1 2 4 1 3 2 3 1 1 5 4 3 5 5 4 3 5 5 1 4 3 5 4 3 5 4 1 1 5 1 1 5 1 3 1 4 4 3 4 4 2 3 1 4 3 4 5 1 2 4 5 5 4 5 2 5 4 3 1 5 1 4 5 5 5 5 3 3 3 4 1 5 2 3 1 4 2 1 3 5 1 1 2 2 1 4 4 5 1 5 3 5 1 5 5 4 3 5 5 2 1 5 3 1 5 2 1 5 3 1 3 3 5 2 4 3 2 1 2 2 2 5 2 4 4 4 4 5 1 3 5 1 4 4 4 4 3 2 2 5 1 3 2 5 2 4 1 1 3 2 4 2 3 4 2 5 2 5 3 5 5 4 4 3 2 4 4 2 3 4 3 1 2 5 2 4 3 2 2 2 5 4 5 4 3 2 2 1 2 3 3 1 1 2 1 4 5 1 4 2 3 1 3 1 2 4 1 2 2 1 4 5 1 1 4 4 2 2 3 5 1
2 4 4 2 4 4 2 3 2 5 1 4 2 4 2 1 1 4 3 4 4 2 5 5 4 1 3 1 2 4 2 4 4 2 1 3 5 2 4 3 4 2 1 1 0 2 4 5 2 3 1 3 2 3 4 4 1 3 4 5 2 2 2 2 1 5 2 3 4 2 1 2 5 4 4 4 4 2 4 5 2 4 4 1 5 3 1 5 4 1 3 3 1 3 1 4 3 1 2 2 2 5 2 4 5 3 3 2 1 5 1 3 3 3 4 1 3 2 5 4 5 2 5 3 5 3 2 4 2 4 4 2 3 1 4 4 1 2 3 3 5 2 4 1 1 5 4 3 4 1 3 2 1 2 3 1 5 3 4 1 1 4 4 4 5 5 4 2 3 2 2 3 5 1 4 4 3 1 2 2 3 4 2 5 4 1 1 2 2 1 4 4 4 3 4 2 5 4 2 2 3 4 3 5 3 5 5 4 5 1 3 1 2 5 4 2 4 1 4 2 4 1 4 3 2 3 1 5 1 3 1 2 1 4 3 4 4 5 3 4 3 5 3 5 4 4 4 4 4 3 2 5 3 2 2 3 4 1 3 1 1 4 2 2 1 3 3 5 1 3 1 3 3 2 1 2 4 3 5 2 2 3 5 5 2 5 2 3 3 1 4 3 5 2 5 5 5 3 1 4 4 1 2 2 5 4 5 5 4 1 1 1 4 2 4 2 4 4 3 1 1 3 1 1 5 4 1 4 3 3 2 2 3 1 4 1 1 2 2 3 5 4 2 5 3 5 3 5 2 3 4 1 3 3 2 3 2 3 4 1 3 3 4 2 2 3 3 2 1 5 1 5 5 4 4 1 5 5 5 2 5 5 2 4 3 1 2 5 1 4 5 3 2 3 1 4 1 4 4 2 4 4 2 3 2 2 3 4 4 4 5 1 1 1 1 2 1 2 5 4 1 1 3 3 4 4 5 2 5 5 1 2 3 2 4 3 2 4 4 4 5 5 2 2 1 5 2 1 2 5 3 5 4 4 3 5 4 5 5 5 3 1 1 2 2 2 5 2 3 1 1 2 4 4 5 4 3 2 4 2 2 3 4 1 3 5 3 5 1 2 2 4 2 2 2 2 5 4 5 2
1 3 5 4 2 5 4 2 2 4 4 3 4 5 5 4 5 4 5 2 4 1 1 1 4 3 3 5 1 1 3 3 4 1 1 5 2 4 5 3 3 2 2 4 2 0 5 5 2 4 3 3 3 2 2 5 2 5 2 4 1 4 5 2 1 3 2 5 3 5 3 4 4 4 2 4 5 3 4 5 4 3 4 4 2 3 4 5 4 1 3 2 4 3 3 5 4 1 1 4 1 5 2 1 2 1 4 3 3 3 3 5 3 3 2 3 3 4 4 1 3 4 4 4 4 4 3 2 5 5 5 4 4 1 5 5 3 4 4 5 4 1 1 5 1 5 4 4 5 1 1 3 4 2 4 3 4 2 4 3 3 1 4 2 2 4 2 5 2 2 5 3 4 1 5 1 2 2 2 3 5 4 5 4 1 3 3 2 2 4 1 4 5 2 2 1 1 3 3 1 3 5 5 5 1 4 5 2 2 4 4 3 1 1 3 5 4 1 1 2 1 4 2 3 5 4 4 4 4 2 2 1 2 1 4 4 5 1 2 1 5 3 1 4 3 5 4 2 2 4 1 5 5 2 3 4 5 4 2 2 4 2 4 1 4 2 3 4 3 1 4 5 5 5 5 4 4 2 2 3 2 1 1 5 4 3 4 5 2 3 4 3 2 2 3 2 4 4 1 5 4 1 1 3 1 4 4 2 2 1 5 4 2 3 3 2 3 2 2 1 2 3 3 1 5 3 1 4 5 5 1 3 5 3 5 1 1 5 5 4 4 3 1 1 1 4 2 1 4 3 3 4 4 2 5 2 2 2 3 5 5 1 3 3 3 1 2 1 2 4 2 5 1 1 1 2 2 5 4 1 2 4 5 2 3 2 4 1 2 1 2 1 5 4 5 4 1 1 4 3 3 5 3 4 5 3 3 1 4 1 3 4 5 5 5 5 5 3 5 1 4 4 2 1 2 5 5 3 3 3 5 2 4 4 2 5 5 5 3 3 1 5 2 1 3 4 5 4 2 4 2 3 5 2 3 5 2 2 1 2 1 4 4 3 5 3 2 3 5 4 1 4 2 5 1 1 2 3 4 4 2 4 5 3 1 5 3 2 1 3 1 3 3 1 4 2 4 3 2 3
2 4 5 3 3 3 2 5 3 2 4 3 4 4 3 4 3 5 4 1 3 4 3 1 3 5 3 3 1 2 2 4 2 4 3 5 5 4 2 2 5 4 3 2 4 3 0 3 4 3 3 1 4 1 1 3 1 3 5 4 3 5 1 1 3 3 4 1 5 3 5 4 2 1 4 1 3 2 2 3 3 4 5 2 4 2 1 4 2 4 4 5 3 3 1 5 4 2 5 4 4 2 1 3 1 3 5 4 4 5 1 3 3 3 4 3 3 3 3 2 2 2 4 3 3 3 4 3 2 1 4 2 2 5 4 5 2 4 3 1 2 3 3 1 4 1 1 4 3 1 3 5 5 2 4 1 1 2 3 4 4 2 2 3 4 3 1 1 5 1 5 5 5 1 2 2 2 2 2 2 1 2 4 2 1 3 1 3 4 3 4 3 4 4 3 1 5 5 1 1 1 2 4 5 2 2 4 4 1 1 3 3 1 5 5 1 1 2 3 1 1 1 3 2 1 2 2 2 5 2 5 4 2 1 3 2 2 4 4 1 2 4 4 2 4 1 3 2 1 2 5 1 3 3 4 5 2 1 1 3 3 3 2 5 3 3 5 5 1 4 2 1 3 2 4 1 2 4 3 5 4 5 3 2 3 3 2 3 4 5 1 5 1 3 4 5 2 5 4 3 3 3 4 4 2 5 4 5 5 2 3 1 2 4 1 2 2 3 3 5 1 3 4 5 2 3 5 2 4 5 3 5 2 5 1 2 5 1 5 5 2 4 1 2 2 1 5 3 1 5 3 3 1 2 3 3 4 1 4 5 2 5 5 1 1 4 3 3 2 5 2 1 3 4 3 4 3 2 3 5 4 1 4 4 3 3 4 2 4 3 5 3 5 5 2 4 2 4 1 5 2 4 3 2 2 2 4 3 1 3 3 4 3 5 2 1 2 4 4 1 3 1 5 4 1 1 4 1 5 2 3 2 2 4 3 5 5 5 1 2 2 3 1 4 3 5 2 5 4 4 5 1 4 3 2 2 4 5 5 4 4 1 3 1 5 1 3 5 2 5 3 2 2 2 4 2 4 5 2 1 5 5 1 3 4 4 3 4 5 3 3 2 5 4 5 2 1 4 5 4
1 1 2 1 1 5 1 5 5 4 5 4 4 5 4 4 1 2 4 4 1 1 3 1 4 4 5 3 3 2 4 4 5 1 1 2 1 2 4 2 2 3 2 4 4 2 2 0 1 1 1 1 2 4 1 2 3 3 4 3 2 5 2 5 2 2 5 5 3 4 4 5 1 3 4 1 2 5 3 1 4 2 3 4 4 2 2 4 5 3 2 5 5 1 3 5 2 1 2 3 1 4 4 5 1 3 4 1 3 5 1 4 2 5 1 4 2 1 1 3 5 2 3 2 1 4 2 5 2 3 5 2 3 3 5 5 5 2 1 3 5 3 1 2 1 1 1 4 1 4 2 1 4 5 3 2 4 4 4 2 2 4 2 3 2 3 3 3 3 1 4 3 5 4 3 1 3 4 3 1 4 3 3 1 4 2 3 2 1 2 4 3 1 2 2 2 5 3 1 4 3 5 2 5 3 5 4 4 4 1 2 4 3 2 5 4 1 1 1 1 2 2 3 2 3 3 1 1 3 5 3 1 1 2 1 4 2 3 2 3 3 1 4 3 2 3 4 1 3 3 2 5 1 4 3 5 3 4 2 4 5 1 3 4 2 1 3 4 3 3 3 2 5 5 2 2 1 5 2 1 1 1 2 1 5 3 2 3 5 1 5 1 1 3 5 3 4 3 2 2 1 1 2 2 3 1 3 2 1 4 3 3 4 2 5 1 5 1 1 2 2 4 3 4 4 1 1 1 3 2 1 4 3 5 3 4 5 2 5 3 3 4 1 4 2 4 4 3 3 4 3 5 4 2 5 5 2 4 5 1 1 5 3 4 5 5 2 3 2 3 3 3 3 2 2 5 5 1 4 3 5 4 1 2 5 2 5 3 1 1 1 3 3 1 2 3 2 3 2 5 2 3 2 1 2 2 5 4 3 2 2 5 4 4 2 4 1 2 3 4 3 2 3 3 3 4 3 2 3 3 2 3 4 2 2 5 2 3 3 3 5 3 1 4 5 3 5 4 1 4 4 1 2 4 5 2 1 2 3 2 4 1 5 3 3 5 5 5 5 3 3 4 1 1 5 2 1 5 2 3 5 1 1 4 1 1 2 2 1 2 3 3 5 3 3 2 3 2 2 4
5 3 4 3 1 2 5 5 1 2 1 5 1 3 2 5 2 3 5 1 1 3 3 3 3 1 3 2 1 3 3 5 2 5 1 2 3 5 4 3 1 2 1 2 1 3 5 2 0 1 1 4 3 2 3 2 3 3 2 2 4 2 5 1 1 5 4 4 2 3 4 4 4 1 4 1 2 2 4 5 2 1 5 1 1 1 3 5 2 1 4 2 2 2 1 5 1 2 2 3 4 2 3 4 2 5 3 1 3 1 1 2 2 4 3 4 1 4 5 3 5 5 5 2 3 3 5 2 5 4 1 1 4 3 5 1 5 3 2 1 4 1 4 5 4 2 4 1 5 5 2 3 1 4 1 4 1 2 4 3 4 2 3 1 5 5 3 5 2 3 2 2 4 4 5 3 4 4 1 2 5 1 2 5 3 1 1 3 1 4 4 4 2 3 1 4 2 5 1 4 4 1 3 1 4 1 4 4 5 2 3 2 1 5 4 2 5 1 5 5 4 3 3 4 3 4 1 5 2 2 1 3 3 2 1 4 4 3 5 4 5 5 3 5 4 2 4 5 3 1 5 1 1 3 1 3 2 3 4 4 5 3 2 4 3 2 4 4 1 1 5 1 2 3 4 4 1 5 2 4 1 5 1 4 3 1 1 4 1 1 2 5 3 4 4 2 1 1 1 1 5 1 3 4 5 2 1 4 3 3 5 2 2 4 4 2 4 4 3 5 5 3 4 2 5 1 2 3 4 2 4 5 5 3 3 3 4 2 3 3 1 4 3 3 3 2 4 5 5 4 1 4 5 3 4 4 3 2 1 5 2 1 2 4 1 5 5 1 2 2 2 2 4 4 5 2 2 5 3 1 1 2 2 5 5 2 1 5 4 1 5 3 4 5 1 1 2 3 2 2 5 5 1 4 1 5 1 5 1 1 1 1 1 1 5 2 2 3 5 2 4 1 4 2 5 1 1 3 2 3 3 3 5 2 5 4 5 1 4 3 4 2 1 2 1 2 4 4 1 5 5 2 1 5 5 1 2 2 2 5 3 3 1 5 3 5 2 3 1 1 5 3 1 5 2 2 3 3 1 1 2 1 3 2 4 3 4 1 2 4 2 1 4 5 2 4 4 2 1 5
5 2 2 3 4 1 1 3 2 5 4 5 5 1 4 5 2 1 1 3 1 3 1 3 1 4 5 2 2 4 5 1 4 5 4 2 1 1 2 2 5 5 1 4 3 2 1 5 4 0 4 1 3 3 4 2 5 4 4 1 4 2 5 1 1 4 3 2 1 5 5 1 3 1 4 1 5 3 5 1 2 3 4 2 4 3 5 2 1 3 2 2 3 5 4 4 5 4 5 1 1 1 3 3 5 1 3 3 3 2 1 3 5 3 2 4 3 1 2 3 2 1 1 4 2 4 5 5 2 3 5 5 4 5 5 5 4 1 3 5 5 1 4 5 1 5 2 2 4 1 1 5 2 3 3 4 3 4 5 1 1 2 5 4 2 3 2 2 5 5 5 3 3 4 2 3 4 5 5 4 1 1 3 4 4 1 2 4 2 5 4 2 4 4 5 4 4 2 1 5 4 1 3 1 4 3 4 1 1 1 5 5 3 5 4 2 3 2 2 4 2 3 3 5 4 2 5 2 5 2 3 3 5 5 1 4 2 1 2 4 2 1 5 3 4 2 2 2 5 4 2 5 1 4 1 3 4 2 5 1 2 4 2 2 2 3 2 1 3 3 2 1 5 4 4 4 3 2 3 2 4 1 4 3 4 1 2 4 4 2 5 3 5 1 4 4 1 5 3 2 4 4 2 5 4 5 4 4 5 3 3 4 1 4 1 2 3 5 4 2 3 2 2 3 2 3 4 2 5 4 5 2 2 3 5 3 1 2 1 5 1 5 4 5 4 3 3 2 5 4 4 3 2 5 3 3 1 5 5 5 4 5 4 4 1 3 4 2 4 2 4 3 4 3 4 3 5 4 2 4 3 5 1 1 4 4 5 2 5 3 2 1 3 5 4 1 2 4 4 3 1 5 4 5 5 1 4 1 1 1 5 2 1 2 3 5 5 3 1 3 4 5 2 1 2 3 5 2 4 4 3 4 2 3 5 5 4 3 4 5 3 1 2 5 1 3 3 3 5 3 4 1 5 4 2 5 3 1 1 1 3 2 5 5 5 3 2 3 2 2 3 1 3 1 2 3 3 3 5 1 2 5 5 1 1 3 1 2 2 1 1 3 5 1 5 1 4 3 3 1
4 5 4 1 3 3 4 5 3 1 4 3 5 3 5 3 2 2 2 4 2 5 4 5 3 2 1 1 3 4 4 2 2 2 2 1 2 3 4 1 3 5 1 3 2 1 2 5 4 4 0 5 2 3 5 1 3 2 4 1 4 1 5 5 3 4 4 3 4 1 5 1 4 1 5 4 2 4 5 4 3 1 5 4 5 5 2 2 5 5 4 4 1 1 4 5 3 4 2 5 3 5 4 4 4 5 3 5 4 3 1 4 4 4 3 4 1 4 2 4 5 5 4 5 2 3 4 4 4 5 3 3 4 2 5 1 2 1 2 5 4 1 2 3 3 2 2 3 4 5 3 2 5 4 5 3 3 4 3 1 5 2 3 4 3 5 5 2 3 5 2 1 4 5 5 5 5 2 2 5 3 2 3 3 2 4 1 3 5 2 5 2 1 5 4 1 5 4 1 4 1 2 5 1 4 4 3 3 5 2 2 3 4 4 3 4 2 2 2 5 1 1 1 4 1 3 5 1 5 2 3 1 1 3 2 1 3 1 5 3 2 2 5 4 4 3 4 5 4 4 3 4 2 3 5 5 3 5 5 3 1 5 3 4 2 2 3 2 3 3 5 5 5 1 4 1 2 1 3 5 3 1 3 1 4 1 4 2 4 3 3 5 2 1 1 4 3 1 3 4 2 3 4 5 3 5 1 2 3 4 4 1 5 1 1 3 2 1 1 4 1 2 4 2 2 1 1 1 5 1 4 4 2 5 4 1 4 2 4 4 5 1 3 4 5 1 5 4 1 2 3 3 1 4 2 5 2 1 2 2 3 5 5 2 1 1 1 2 2 4 4 5 2 4 2 4 5 5 1 4 3 3 3 4 5 1 5 3 2 4 2 3 4 5 4 4 2 5 5 5 2 1 2 1 4 5 1 2 2 4 4 1 3 3 5 3 2 2 5 3 3 3 4 1 1 2 3 2 4 4 1 2 3 5 1 3 4 3 1 1 4 3 1 4 2 4 3 5 3 4 3 5 1 1 3 2 2 5 5 5 3 2 5 2 3 1 3 5 5 3 5 4 1 1 5 2 3 1 3 4 5 1 1 1 2 5 3 3 3 2 1 1 2 4 3 2 4 5 4 2
5 1 5 1 2 4 1 4 4 5 1 3 1 3 1 3 5 1 1 3 3 5 2 2 3 5 4 1 5 3 4 5 4 2 2 1 2 1 3 2 4 2 3 1 4 3 2 1 4 3 3 0 1 5 3 1 4 5 5 5 2 5 2 1 3 2 3 5 5 1 4 3 2 3 3 2 4 5 2 3 3 1 2 3 3 3 3 2 2 1 4 1 5 3 4 5 4 1 5 4 1 5 3 1 4 4 1 5 2 2 4 1 4 4 2 4 2 5 1 4 5 3 5 2 4 2 3 3 2 5 2 4 5 3 4 5 2 2 2 3 2 4 3 4 2 3 3 1 2 2 3 2 3 1 4 2 5 1 1 5 1 4 4 2 5 3 3 2 2 2 2 5 4 3 5 3 3 5 4 1 1 2 4 3 1 1 4 2 1 3 1 3 4 2 3 5 2 2 1 2 2 4 1 1 4 2 3 5 1 4 3 1 2 2 1 2 1 3 4 5 3 5 3 5 3 2 3 2 1 4 1 1 2 3 2 2 5 2 2 4 1 1 1 2 3 2 5 5 4 3 2 3 4 5 5 4 2 5 1 2 1 1 5 5 5 1 4 4 1 5 1 1 3 3 1 4 3 5 3 3 3 1 5 5 2 2 4 1 2 4 2 1 1 5 4 4 1 2 2 4 1 4 1 4 3 3 2 5 5 3 4 4 4 2 1 4 1 3 4 1 3 1 3 4 1 4 4 3 1 4 5 1 3 1 4 3 1 2 5 3 3 3 5 2 1 3 4 1 2 2 5 4 4 2 5 3 4 5 3 4 2 5 5 4 2 1 5 4 4 1 3 4 5 2 1 2 1 5 2 2 1 2 5 3 1 5 5 2 1 1 2 5 2 5 1 4 1 3 1 3 5 1 1 2 5 3 3 1 5 1 4 5 4 4 4 1 2 4 5 3 3 1 5 4 1 5 2 1 1 4 1 5 4 1 5 2 5 1 5 5 2 4 2 2 4 4 5 2 5 3 4 4 2 2 1 1 5 1 3 5 1 4 5 4 3 4 4 1 5 1 3 2 4 1 4 1 1 1 5 4 5 3 4 2 3 5 1 1 1 4 2 2 4 5 5 1 4 5 2 2
3 2 3 3 4 4 2 3 4 3 5 5 4 1 3 1 3 5 1 4 2 4 2 1 4 2 4 1 5 2 4 1 5 2 5 5 4 4 1 2 2 4 4 2 4 1 5 3 2 2 5 3 0 2 3 3 1 3 4 5 2 3 4 5 5 3 1 1 1 4 1 5 3 2 1 1 4 5 3 3 2 5 3 2 4 3 5 5 3 3 1 5 1 5 2 5 2 4 4 5 2 1 2 3 3 1 1 2 5 1 1 3 4 1 3 4 3 4 1 4 3 2 1 4 1 3 1 3 2 5 2 1 2 1 5 2 2 2 5 1 5 2 3 1 2 4 1 3 3 5 2 3 3 5 2 4 5 2 2 1 3 1 3 3 1 3 3 3 1 5 4 1 4 3 2 4 5 1 3 1 2 2 3 2 2 4 4 4 5 4 2 5 3 4 1 1 4 1 4 3 3 1 2 4 2 5 5 3 4 1 4 4 3 2 4 1 5 2 2 4 4 3 3 4 1 3 1 3 5 4 1 3 2 2 3 1 3 3 3 1 3 1 4 2 2 4 4 4 2 4 1 5 3 3 4 2 2 5 2 2 5 2 2 2 5 5 4 5 2 2 2 3 1 4 4 5 3 1 1 1 3 4 5 2 3 4 2 1 4 4 1 1 4 4 2 3 5 2 1 3 4 4 5 5 1 5 5 4 2 1 4 4 5 4 3 2 4 3 1 3 3 2 2 5 5 3 1 4 3 3 5 4 2 1 2 4 1 1 5 5 1 2 1 4 1 2 3 4 4 3 5 1 2 4 4 4 4 3 1 1 2 4 1 3 3 3 2 1 1 5 4 1 3 4 5 4 5 1 1 1 2 1 2 2 1 3 1 4 5 1 4 1 1 4 5 5 4 1 3 3 3 4 2 1 1 2 2 4 2 3 3 3 1 1 5 4 2 4 4 2 3 1 4 2 1 4 3 5 2 3 5 4 2 5 3 3 3 3 5 5 2 1 5 3 3 2 3 4 3 1 2 1 3 1 1 1 1 5 5 4 2 3 4 5 3 1 3 1 5 2 1 1 4 3 3 4 1 4 5 1 4 2 5 5 2 4 3 3 3 2 3 1 4 2 5 3 4 4 5 4
1 1 2 4 1 2 2 1 2 3 1 5 1 2 2 1 2 5 3 3 5 4 1 5 2 2 5 4 3 1 3 1 4 2 1 2 5 3 1 5 3 5 3 1 2 3 3 3 3 2 1 3 5 0 4 5 5 3 4 2 3 3 2 2 3 1 1 1 4 4 4 4 1 3 2 2 4 4 2 1 1 5 4 4 3 4 1 2 3 5 5 3 2 2 3 3 3 5 4 2 2 1 1 4 4 3 2 1 1 1 4 2 5 4 4 4 5 5 3 2 4 5 3 2 1 1 4 2 2 3 4 3 4 2 1 1 1 5 1 3 4 3 3 2 4 1 2 1 3 4 2 2 5 3 5 2 3 5 1 5 1 5 3 3 2 4 4 1 5 2 4 1 4 1 1 1 5 3 2 5 2 5 1 2 3 2 2 4 5 4 2 5 5 3 3 2 5 2 2 1 3 5 4 1 2 5 3 5 2 5 3 1 4 1 5 1 3 2 4 1 1 4 4 4 5 3 5 5 4 4 5 3 2 3 5 1 1 1 4 5 3 2 3 5 4 5 3 4 1 5 1 1 4 5 2 4 2 1 5 2 2 3 4 4 2 3 4 3 4 1 5 2 5 3 5 4 3 1 2 2 1 2 3 1 1 2 3 1 2 3 1 3 1 2 3 4 1 5 3 3 3 5 1 2 5 1 4 2 2 1 5 3 5 1 5 1 5 3 4 2 2 4 3 1 5 2 2 1 3 1 2 5 1 5 1 3 1 4 3 5 1 2 4 2 3 3 4 3 4 4 3 3 4 4 2 5 4 1 1 1 5 2 3 5 4 4 4 3 3 1 3 5 1 5 3 3 1 1 2 3 5 5 4 4 2 4 2 5 3 1 3 3 5 1 3 4 2 4 4 3 4 4 4 3 2 5 5 5 1 4 3 5 4 4 2 1 3 2 4 2 5 2 4 3 1 3 3 1 3 5 5 3 4 4 4 4 4 5 2 1 5 5 3 4 1 4 5 5 4 3 2 5 3 3 5 4 4 5 5 4 5 1 4 2 3 3 2 5 5 3 3 5 2 3 4 2 4 5 2 4 3 4 1 4 3 3 2 3 5 1 1 4 5 2 5 3 2 3 4 4
2 3 1 3 3 1 4 5 4 2 3 4 2 1 5 4 4 4 2 1 2 2 1 3 1 4 3 2 2 1 5 3 2 4 4 5 3 3 5 4 3 5 3 3 5 5 3 3 1 1 4 4 5 1 0 2 3 4 2 1 3 1 3 5 1 2 4 1 5 2 1 1 2 1 3 3 3 1 5 4 5 1 3 4 1 4 2 1 5 5 5 5 5 1 5 3 3 3 4 1 2 5 1 2 2 2 5 2 5 4 3 5 4 2 4 3 3 2 5 5 5 2 1 5 5 4 3 2 2 1 5 5 5 3 1 4 1 2 4 2 3 4 3 5 4 1 3 4 4 3 1 2 4 1 1 2 4 1 5 1 3 5 5 2 3 2 4 5 4 5 1 2 1 4 1 2 3 5 2 5 4 2 5 1 1 3 4 1 1 1 1 2 2 5 3 1 4 4 1 1 4 2 5 4 3 4 1 5 1 4 3 1 2 5 1 2 1 3 5 3 1 5 2 3 2 5 4 1 4 4 4 2 1 5 3 5 4 4 3 2 2 1 2 1 4 5 1 1 4 1 5 5 4 3 1 4 5 3 1 3 3 1 5 5 5 5 4 2 3 4 2 3 4 3 2 5 2 5 1 2 4 5 1 1 2 5 1 3 2 2 2 5 3 5 5 3 1 1 1 5 4 2 3 4 1 5 4 5 5 2 5 1 2 3 1 1 1 4 1 4 4 3 1 2 1 1 2 3 3 1 1 2 2 4 2 3 5 2 4 3 4 5 5 1 3 5 5 4 4 4 5 1 2 4 1 4 1 3 3 3 2 3 3 1 1 1 5 4 4 5 2 3 2 5 1 5 1 5 2 1 2 2 2 4 2 1 5 1 1 1 1 4 4 3 4 5 4 3 3 5 3 2 1 5 2 1 3 4 5 1 4 1 5 2 4 4 1 5 5 4 1 3 1 5 5 4 1 5 3 2 2 2 1 2 1 2 5 3 2 2 5 5 2 2 1 2 5 3 1 2 1 4 2 1 2 5 5 4 2 4 2 5 2 4 5 4 4 5 5 5 2 2 1 3 3 3 4 1 4 1 4 5 1 1 1 5 2 5 3 2 5 2 2 2 5 1 2 5 5 1
1 2 2 1 4 3 1 3 3 5 3 3 1 3 3 2 3 4 3 5 3 3 2 1 1 1 3 1 5 2 2 1 2 4 3 4 1 1 3 5 4 4 1 2 3 2 5 4 2 2 2 3 4 1 4 0 3 5 5 2 2 2 2 3 5 1 5 4 2 1 1 2 1 2 1 2 1 4 5 3 3 1 5 4 1 4 4 4 4 2 1 5 2 4 3 3 2 2 2 2 3 1 2 3 3 1 5 3 5 4 3 4 3 1 1 2 3 4 1 5 3 3 4 2 4 2 2 5 4 2 2 1 3 1 3 5 2 3 2 5 4 3 1 5 3 1 2 3 3 4 1 3 4 5 1 3 3 3 2 1 1 4 2 1 5 4 5 3 2 3 1 2 1 2 3 1 5 1 5 3 3 1 4 4 2 5 5 2 5 3 3 3 5 3 1 2 5 1 1 3 5 5 5 5 2 1 4 4 4 2 1 3 1 3 2 4 3 2 5 3 5 4 4 2 4 3 5 4 4 5 1 2 2 3 5 1 4 3 2 5 3 5 4 1 4 1 4 5 2 4 1 1 2 4 3 1 4 1 2 3 3 5 4 2 2 4 1 1 5 4 4 4 3 4 2 1 1 2 2 2 1 4 3 4 1 1 1 5 5 5 2 3 1 2 1 2 1 1 1 3 5 3 4 5 4 1 1 5 5 1 4 1 2 3 5 4 4 4 3 5 4 4 4 4 5 2 4 1 3 3 4 5 1 1 3 2 2 2 3 2 4 2 5 3 2 3 2 2 5 2 1 1 4 3 4 3 3 3 2 4 2 2 1 2 4 2 5 2 3 2 3 2 1 3 1 2 4 2 3 1 1 2 5 1 3 5 2 3 5 2 5 3 2 3 3 3 1 2 2 5 5 2 3 2 2 2 5 4 3 2 4 3 3 3 4 1 2 2 2 3 1 3 4 4 2 5 1 4 5 3 3 1 5 4 5 1 2 1 4 2 3 5 5 1 2 1 2 4 2 3 5 1 3 4 1 5 4 2 2 3 4 1 3 3 4 5 5 2 3 4 1 1 3 1 5 5 2 2 5 3 2 5 5 4 3 5 4 1 2 1 3 4 4 5 1 4 1 1 5 3
3 2 3 1 1 1 4 4 3 4 2 3 4 3 4 5 4 2 2 4 2 2 5 4 5 1 4 3 5 2 1 1 4 2 1 4 3 4 1 2 1 3 1 3 5 4 5 3 4 2 2 1 2 4 2 4 0 3 3 5 4 2 5 4 5 5 4 5 3 3 2 4 5 2 5 2 5 1 5 2 3 2 3 4 3 5 5 4 3 2 2 3 2 4 3 4 5 4 2 3 5 1 2 5 1 3 1 5 1 5 1 5 3 5 1 2 1 2 5 1 4 4 2 3 3 2 3 2 4 2 3 4 3 4 1 4 1 5 2 1 3 3 5 2 2 2 5 4 5 5 4 5 5 4 5 1 1 5 2 5 2 3 2 4 3 1 4 4 3 2 2 2 3 4 2 4 3 1 5 5 2 2 5 4 3 2 4 1 5 3 2 1 1 2 3 3 4 1 4 3 1 2 2 1 1 3 4 2 2 3 1 2 1 4 3 1 2 2 4 5 4 3 5 3 2 1 1 1 2 1 5 4 3 2 1 4 3 4 2 2 4 4 1 2 3 4 4 1 4 2 2 3 2 4 4 2 4 4 4 5 5 3 1 4 1 3 1 3 3 4 2 2 2 4 1 4 2 4 4 2 3 1 2 2 5 5 2 5 2 4 1 4 5 5 1 4 1 3 3 2 2 1 3 1 2 5 2 4 2 1 2 4 4 5 5 4 4 1 3 2 4 2 2 5 4 3 1 2 3 2 2 4 3 3 3 1 3 3 1 4 3 3 3 1 5 4 3 3 1 3 3 2 4 3 5 4 1 1 1 1 5 2 1 5 5 1 1 3 4 4 5 3 1 5 3 5 3 4 2 5 5 4 3 4 5 3 4 3 5 2 1 1 5 4 2 5 4 4 4 2 3 1 2 3 1 1 5 1 3 5 2 3 5 3 4 2 3 3 1 1 3 1 3 5 4 1 3 2 4 1 3 5 1 5 1 1 5 1 1 1 5 4 1 1 3 4 1 2 2 5 2 1 1 5 2 2 3 1 5 1 3 5 3 4 5 2 4 5 5 2 1 3 4 4 3 5 1 1 1 4 4 5 1 1 2 2 2 4 3 4 5 1 2 3 2 4 5 5 2 1
4 1 2 3 3 5 4 1 2 5 4 4 2 2 3 3 5 5 2 5 5 4 3 3 4 4 4 4 5 3 4 2 4 2 2 2 4 4 5 3 4 1 2 2 3 5 2 3 3 3 3 3 3 1 1 5 1 0 2 5 4 5 2 2 1 4 1 1 4 1 5 1 5 3 4 1 1 3 5 2 3 3 4 1 4 5 4 1 5 4 1 5 4 3 4 4 1 3 3 2 1 3 1 1 2 2 3 2 1 2 4 3 4 2 4 2 1 4 3 2 1 4 4 2 4 1 4 5 2 2 3 3 2 2 2 5 5 1 5 4 1 4 2 3 1 4 5 1 1 1 2 1 4 5 2 3 3 5 4 4 1 2 5 3 5 2 5 4 2 5 3 2 4 5 2 3 1 4 4 5 5 2 2 1 5 4 1 1 1 5 3 5 2 4 2 5 5 4 4 3 4 3 2 1 4 1 1 1 2 1 4 5 1 2 3 2 5 3 5 3 4 5 3 2 2 1 2 1 5 4 5 4 2 2 3 1 2 5 2 1 4 5 2 1 5 4 3 2 4 5 1 4 1 4 2 4 4 1 5 3 3 5 2 5 5 3 4 5 4 3 4 4 5 4 1 1 2 1 2 1 5 3 2 3 2 3 2 4 5 4 2 5 2 1 2 3 2 2 1 2 5 3 5 2 2 5 2 3 2 4 1 5 1 5 2 1 5 1 2 2 5 4 2 3 2 5 4 2 1 5 2 5 1 2 5 2 1 4 4 3 1 2 4 4 2 4 3 2 4 5 1 4 4 5 1 1 4 2 4 5 5 5 1 1 3 4 1 1 4 1 1 1 1 3 5 1 4 2 4 1 1 3 5 2 5 1 2 4 1 4 2 2 1 5 4 4 3 3 1 4 4 2 1 4 2 3 1 4 5 4 5 3 4 2 1 4 1 5 5 1 1 2 3 5 3 5 1 2 4 4 3 4 4 3 1 4 4 4 2 1 5 4 3 4 4 4 4 2 2 2 1 5 3 2 1 5 2 2 4 5 4 2 5 3 1 2 3 2 3 2 2 4 4 1 4 1 2 5 1 2 4 2 5 1 1 3 2 2 3 3 4 4 3 4 3 1 2 1 3 4
3 5 4 2 1 5 3 2 4 1 2 3 5 3 5 5 2 3 1 3 2 5 1 3 2 1 1 5 4 4 1 1 3 4 3 2 1 5 3 1 2 5 3 2 5 2 2 5 5 1 2 1 5 4 4 2 3 5 0 3 3 5 5 1 3 5 4 3 4 1 2 5 5 4 5 2 1 3 5 1 5 3 3 3 5 2 2 2 4 1 4 4 1 1 1 4 5 5 1 2 1 5 4 5 2 5 2 4 1 1 2 5 3 3 2 4 4 4 2 4 5 5 4 5 1 2 4 5 1 4 5 5 2 3 2 4 4 2 1 3 1 4 1 1 5 3 2 4 1 4 3 3 4 2 5 3 2 2 3 5 2 5 4 3 2 4 1 1 2 4 1 1 4 1 5 5 1 5 3 5 4 3 5 2 1 1 3 1 1 5 2 3 1 1 5 2 1 3 4 2 3 4 4 2 5 2 4 2 4 4 5 3 2 3 1 3 3 4 4 4 5 5 1 1 3 3 2 2 2 4 5 4 2 4 4 4 3 4 5 4 2 4 3 4 1 4 3 5 3 4 4 1 1 4 5 5 5 5 3 4 1 5 3 3 3 3 3 4 4 3 4 4 4 3 1 2 2 5 1 4 2 3 5 2 1 5 3 4 3 1 5 1 4 3 2 5 3 1 4 4 2 2 1 1 1 1 3 5 3 1 3 5 1 4 4 1 4 4 2 2 1 4 4 1 5 4 2 3 5 1 5 2 3 4 3 3 5 3 1 3 4 3 4 5 4 3 1 3 5 2 4 3 3 2 2 3 4 5 5 5 1 1 4 3 3 5 2 1 2 1 3 4 3 2 2 4 5 4 5 5 1 5 1 3 2 5 1 4 2 1 4 5 2 2 4 3 1 4 1 1 3 2 2 1 5 5 5 1 5 5 5 5 3 4 2 4 3 5 1 5 4 5 5 3 4 2 3 1 3 3 2 3 4 1 5 4 4 3 3 3 5 5 1 3 2 3 1 3 3 1 1 1 5 1 2 1 1 2 1 3 3 4 1 3 5 5 5 1 5 1 4 4 4 3 3 4 2 5 2 2 3 3 1 5 1 3 2 2 5 4 5 3 5 3 2 4 3 2 3 1
1 1 3 4 1 1 4 3 4 2 2 5 2 4 5 2 1 1 1 3 5 1 5 1 5 2 1 1 4 1 1 1 2 1 5 2 3 1 1 4 5 2 2 4 1 1 3 3 2 2 3 2 4 2 4 4 5 4 1 0 4 3 1 2 4 2 5 4 4 3 3 5 2 4 3 2 1 4 2 5 2 2 2 3 1 5 2 5 5 5 1 4 2 5 3 1 5 5 4 4 4 1 3 1 3 4 5 5 3 3 3 4 5 4 1 3 4 3 3 3 5 5 4 4 4 4 3 5 4 4 5 5 1 1 2 3 2 5 4 5 3 4 2 1 5 5 2 5 4 1 2 4 1 3 3 3 3 2 3 5 1 2 1 2 1 4 1 5 2 5 1 5 5 4 2 4 1 2 3 2 3 2 3 2 2 2 3 2 5 1 2 5 5 2 2 2 5 1 2 4 4 4 3 5 3 3 4 1 5 2 5 3 3 3 5 3 2 5 4 5 5 3 2 5 4 4 4 5 3 2 1 3 1 5 4 2 2 1 1 2 4 3 3 1 1 2 1 5 2 4 3 1 5 5 2 5 5 4 3 1 4 2 1 1 1 4 5 5 3 4 5 5 4 1 4 4 1 1 5 2 4 3 1 1 4 3 1 3 2 4 3 2 2 3 1 1 5 2 4 1 5 5 2 2 2 3 5 5 3 1 4 4 3 4 2 1 2 1 4 1 1 2 3 3 2 4 2 1 2 2 1 4 1 3 3 4 5 3 4 3 2 5 5 5 3 4 3 5 2 2 4 2 4 2 5 4 5 3 5 3 4 3 5 1 5 2 3 3 3 4 1 2 3 2 5 1 5 1 4 3 2 5 1 3 3 3 1 1 5 3 1 5 3 2 3 3 4 1 5 1 1 2 2 4 3 3 3 4 1 3 5 5 3 5 5 3 2 4 4 1 5 2 4 5 1 5 3 5 2 3 1 2 4 4 4 2 3 1 4 5 4 3 1 2 1 4 5 2 3 5 4 4 4 5 4 3 2 3 2 4 5 2 4 1 2 1 3 1 3 1 1 1 4 4 5 3 4 4 4 5 2 5 5 1 2 5 4 4 2 4 3 4 5 1 5 4 1 2 5 1
4 3 3 4 3 3 1 3 1 3 1 3 4 3 5 4 1 4 3 4 2 2 4 3 5 3 3 2 2 4 3 5 2 1 1 5 2 2 3 3 5 1 3 1 1 3 4 1 4 3 1 3 4 4 4 1 2 2 5 5 0 5 4 4 4 3 4 2 4 3 2 4 2 1 1 2 5 3 2 1 3 2 1 4 3 1 5 1 3 1 4 3 2 4 1 1 2 1 1 1 3 3 1 3 3 2 2 5 3 2 4 5 5 5 4 4 1 5 1 4 1 4 4 2 2 2 1 3 3 5 5 5 3 3 1 2 5 1 2 2 5 4 2 1 3 1 3 2 5 4 3 2 4 5 1 2 4 2 3 3 1 5 1 3 3 1 1 1 2 4 5 1 3 3 3 2 1 1 5 2 5 1 1 1 1 2 3 2 1 4 3 3 1 5 2 5 3 1 2 4 5 5 4 4 4 1 3 4 4 4 5 1 1 3 2 2 5 5 4 4 5 1 4 1 4 1 4 3 5 1 1 3 5 5 4 3 1 4 4 3 1 5 1 3 2 2 3 5 1 2 5 4 1 1 1 2 5 5 1 2 1 5 2 2 3 5 5 5 1 2 5 1 2 4 3 1 5 1 3 3 2 4 5 2 4 2 5 4 4 2 3 1 1 3 5 4 2 1 1 2 4 5 2 2 3 1 2 3 5 1 1 4 4 1 2 3 5 3 2 1 1 3 2 2 1 1 1 1 5 2 3 4 5 2 1 4 4 1 5 3 1 3 2 5 1 3 4 4 3 4 4 3 2 1 2 3 3 5 3 2 5 1 4 2 3 4 1 1 4 3 3 1 3 2 3 1 2 3 4 1 5 3 2 3 5 1 5 2 3 2 3 3 3 1 5 4 2 3 5 3 2 1 3 4 3 4 5 1 5 3 4 5 1 3 3 2 1 3 1 4 4 1 3 1 5 4 1 1 4 1 1 2 1 1 5 2 1 4 5 3 5 5 1 2 2 2 5 2 4 1 5 4 1 5 4 5 5 3 4 4 2 1 5 2 2 2 3 5 2 4 2 5 2 1 3 3 3 2 4 5 3 3 5 4 2 5 3 4 3 4 4 4 1 2 2 2 3 5 1 3
4 5 2 2 2 3 2 4 2 1 4 2 2 5 1 4 5 2 4 2 2 4 2 4 4 4 5 5 2 2 1 3 2 1 3 3 1 4 2 2 4 1 3 1 5 5 4 4 1 5 5 2 1 2 3 1 1 5 1 4 2 0 1 3 5 5 2 1 2 2 5 2 3 4 5 2 5 1 3 4 4 4 4 2 4 1 2 2 1 2 2 1 2 3 3 2 5 4 1 4 5 1 2 3 2 5 5 1 5 4 1 2 2 4 2 4 5 3 1 1 4 5 5 4 3 1 1 3 2 5 2 5 4 4 3 1 5 3 1 3 2 3 4 3 1 5 1 1 1 1 2 3 1 3 1 3 2 1 4 5 5 3 3 4 1 2 2 1 2 1 5 3 3 5 3 2 1 5 2 1 1 5 5 4 4 2 2 1 4 5 1 5 3 2 5 3 5 1 3 1 4 3 3 1 2 2 2 1 5 4 5 3 5 2 3 2 4 4 4 4 2 4 5 4 2 2 3 4 5 3 3 1 2 3 4 1 5 5 5 4 1 3 4 3 2 2 1 2 1 5 2 4 5 2 1 5 5 3 5 3 5 4 4 1 4 4 4 3 2 4 2 1 2 2 5 2 1 1 1 1 5 3 3 3 3 3 2 5 3 3 4 1 5 1 2 1 4 1 5 1 3 5 4 3 2 4 4 3 3 4 2 1 4 2 3 2 1 3 2 3 5 5 4 4 5 1 5 3 2 3 1 2 3 4 2 3 2 4 5 3 4 2 4 1 3 1 1 4 1 3 4 5 3 3 5 2 2 2 1 2 3 4 1 2 1 4 5 2 3 4 3 4 4 1 3 1 3 5 5 3 4 5 1 4 4 1 3 4 2 3 4 3 4 2 2 3 2 1 1 4 1 5 4 1 5 4 1 3 3 3 5 3 1 2 3 2 4 4 1 1 5 5 5 2 4 1 3 5 2 1 5 5 2 2 3 3 5 2 3 4 2 4 1 3 5 4 3 1 1 3 4 4 3 3 1 4 1 5 4 3 3 5 1 3 4 1 2 5 5 2 2 1 3 2 1 5 1 4 2 3 5 1 5 1 2 1 2 1 4 3 1 1 1 2 2 1 3 4 4 5
5 5 1 4 3 1 4 5 5 3 3 4 4 3 5 1 4 4 1 4 4 3 1 1 5 3 1 3 5 2 1 5 1 4 5 1 5 3 3 5 1 1 3 2 2 2 5 4 2 5 2 5 2 4 5 3 2 4 3 5 2 2 0 1 1 1 4 3 4 5 2 2 3 3 3 3 2 5 2 2 3 5 5 1 2 5 2 4 1 2 2 5 3 4 3 4 1 5 1 3 4 1 3 4 3 4 2 2 3 1 1 1 4 5 1 2 3 1 3 4 3 4 5 3 4 2 1 4 5 4 2 1 1 1 1 3 3 5 2 2 1 4 4 5 1 4 2 4 4 3 2 2 4 5 3 2 2 3 5 5 3 3 3 2 5 3 1 4 2 1 3 5 4 3 5 1 1 1 5 5 5 2 5 5 3 5 3 4 5 1 5 1 1 3 5 3 2 2 4 3 1 5 3 1 5 3 1 1 5 2 4 1 5 3 5 2 2 5 5 3 4 5 1 2 2 1 2 3 4 3 3 4 3 5 5 1 3 5 3 5 2 4 4 5 2 4 2 2 3 3 4 3 2 4 3 1 3 5 1 2 1 2 2 4 4 2 5 4 3 2 5 2 2 2 4 2 4 3 3 1 2 4 4 1 5 3 3 2 2 4 4 4 5 1 5 1 2 2 2 4 3 2 2 5 5 2 3 1 2 4 5 5 2 5 2 3 1 5 2 5 3 3 4 4 1 5 3 2 4 1 1 3 1 2 1 2 1 2 3 5 3 2 5 3 5 5 5 5 1 5 4 1 4 3 1 2 5 4 2 1 1 5 4 4 1 3 1 4 2 5 1 1 1 3 5 4 1 3 5 3 4 2 3 3 4 3 1 5 1 4 2 1 4 3 5 2 4 1 5 1 3 4 3 4 5 2 1 3 2 5 5 1 4 4 1 2 3 4 3 4 4 5 2 5 3 5 2 4 2 1 3 4 5 5 4 4 1 4 4 5 3 3 1 1 1 2 1 4 4 4 5 4 4 5 3 4 5 3 3 1 2 3 4 5 5 5 1 1 1 4 3 2 4 1 5 3 2 1 2 4 4 5 5 1 4 5 2 1 5 1 1 3 5 3 5 2 3 4 4 4
3 5 1 2 4 5 1 5 4 1 1 5 5 4 3 5 5 5 3 3 3 2 2 4 2 3 3 1 4 1 2 2 5 2 2 3 5 3 2 3 3 2 4 3 3 5 3 4 1 3 2 1 3 2 5 4 3 1 2 4 2 4 5 0 4 1 5 4 3 2 1 2 2 3 3 4 2 4 4 4 4 1 2 2 3 4 4 1 5 2 3 5 2 1 3 3 4 1 3 3 2 5 1 5 2 3 4 5 1 1 4 2 5 3 3 2 1 1 4 1 3 2 1 3 2 1 4 1 5 4 4 4 3 3 5 5 2 1 4 1 3 1 1 2 5 1 2 1 4 5 1 3 4 2 1 4 5 4 1 4 1 4 2 3 1 2 5 2 3 3 4 1 1 3 1 1 3 1 2 1 3 1 1 4 1 5 2 3 4 5 2 4 1 3 2 4 3 5 1 2 4 5 4 3 5 4 5 5 3 4 4 3 5 1 3 3 4 5 4 2 3 3 5 1 3 2 3 1 4 5 2 4 5 2 5 1 4 3 1 2 1 5 1 5 3 4 5 2 2 5 3 5 5 1 3 1 3 5 3 3 5 3 5 4 1 3 4 3 2 2 5 5 5 5 3 5 5 4 1 4 1 3 3 4 4 4 1 4 5 3 4 2 5 4 3 1 2 5 2 3 2 1 3 3 4 4 4 1 4 2 3 1 3 5 1 1 3 3 3 3 2 1 3 4 1 3 1 2 5 1 3 1 4 2 2 1 2 4 2 2 1 2 3 2 1 5 2 4 5 2 4 4 1 1 4 3 4 3 4 4 1 5 2 3 3 1 5 3 4 4 3 2 4 2 1 2 3 1 2 3 2 4 5 5 4 2 3 3 1 2 1 1 4 2 2 2 5 1 2 4 4 1 2 1 4 4 2 2 4 2 2 3 5 2 4 5 3 2 3 1 1 3 3 5 4 1 5 1 4 4 3 2 3 4 4 4 1 2 1 1 2 4 2 5 1 3 1 2 4 2 1 2 3 4 3 1 2 2 2 5 5 5 3 5 4 2 4 5 2 5 3 5 3 1 5 2 3 1 1 1 4 2 3 3 1 1 3 2 4 1 2 2 1 5 5 3 4 5 2 1
3 1 2 1 2 4 2 4 4 2 5 3 5 3 5 2 2 3 5 1 4 4 2 3 2 3 3 3 3 1 4 4 3 1 3 1 2 1 4 5 2 5 1 3 4 1 3 4 1 5 2 1 2 4 2 3 5 2 4 1 2 4 3 3 0 3 3 4 4 3 4 3 4 2 5 1 2 2 3 1 2 4 4 4 2 4 2 4 2 3 5 4 3 3 3 4 5 4 4 4 1 5 4 4 2 4 4 5 2 3 4 1 1 5 4 2 3 1 4 3 4 1 2 2 3 4 5 2 1 4 5 1 5 1 3 5 1 1 1 1 5 4 1 5 1 4 5 2 4 2 3 5 3 2 2 5 4 3 2 2 5 5 4 2 3 3 4 4 1 4 4 3 4 2 5 2 4 5 3 5 3 5 2 1 4 5 2 2 2 5 2 1 5 1 2 1 2 2 2 2 5 2 1 5 1 1 1 4 4 4 2 4 5 1 4 3 3 4 4 1 5 3 1 4 5 3 3 2 3 2 2 3 4 1 2 3 4 5 3 2 2 1 2 5 4 4 2 2 5 2 3 5 4 1 2 4 5 5 1 3 5 4 4 4 4 4 4 3 4 2 3 3 1 4 4 4 5 5 2 3 3 2 2 1 3 4 2 4 3 2 3 3 4 2 3 2 3 5 4 4 3 1 5 3 1 2 1 4 4 2 4 4 2 5 3 3 4 1 2 5 4 3 1 4 1 3 2 1 4 2 2 3 1 5 5 3 4 4 3 2 1 5 4 4 5 4 1 1 5 4 1 3 3 3 1 1 4 3 2 4 1 3 2 2 3 3 4 3 5 2 4 2 4 3 2 3 4 4 4 5 2 4 3 3 2 5 2 1 5 3 4 4 2 4 2 2 1 4 5 5 2 2 3 3 2 2 5 3 5 3 5 1 5 3 4 2 2 5 2 2 3 1 2 4 5 3 3 4 1 1 3 4 2 1 5 3 5 1 5 3 1 1 3 2 2 5 5 5 2 3 4 4 5 1 2 3 5 5 2 3 4 3 1 1 3 2 5 2 3 3 3 2 2 4 5 3 3 4 2 3 4 4 2 1 4 5 4 2 1 3 1 3 5 5 5 2 5 2 5 1
2 3 2 3 4 1 1 3 1 1 2 4 3 5 3 1 2 3 3 5 4 5 4 2 2 3 1 5 5 2 4 5 2 1 2 4 2 4 5 5 1 2 3 4 4 5 3 5 4 3 4 2 4 4 4 3 1 4 2 3 3 2 5 3 5 0 5 2 2 3 2 4 3 4 4 1 3 1 5 2 2 1 2 1 5 4 5 5 1 2 2 4 1 4 3 5 5 4 5 4 5 1 2 2 3 5 2 4 4 1 4 5 5 2 3 2 5 3 5 3 4 1 5 4 2 3 5 3 1 2 4 3 3 5 2 1 4 1 1 3 4 3 3 5 1 1 5 5 4 5 1 3 5 5 5 3 2 3 1 4 2 5 1 3 2 1 1 2 4 2 5 2 3 5 4 1 3 5 5 3 3 3 2 1 1 3 1 4 4 1 5 2 2 3 1 5 3 2 3 3 3 3 5 1 3 3 4 3 4 3 2 1 5 3 4 1 1 3 4 1 2 3 3 1 1 5 4 3 5 5 1 4 5 5 4 4 4 4 3 3 1 1 4 5 5 2 5 4 4 3 4 5 2 3 3 5 3 4 2 5 1 3 1 3 5 4 3 2 5 4 2 3 4 3 1 4 2 1 2 5 2 5 1 4 1 5 2 5 3 1 5 3 2 3 5 1 2 1 1 2 1 1 2 5 3 3 1 2 2 1 1 1 2 4 1 2 4 5 1 5 4 4 2 1 3 4 3 2 2 2 4 3 4 4 3 1 5 2 2 5 3 2 1 2 3 2 3 1 3 1 1 2 1 4 1 2 5 5 4 5 3 4 3 3 4 2 3 1 1 1 1 5 3 5 5 2 4 4 5 4 5 1 3 3 1 4 2 5 3 3 2 5 5 3 5 4 5 5 5 1 2 1 2 4 4 2 2 3 1 5 5 3 3 3 1 4 5 4 4 3 5 2 1 5 3 4 5 5 1 2 1 1 5 2 1 1 3 5 5 5 5 5 3 1 4 5 3 3 4 1 2 5 1 1 2 2 1 2 1 4 5 2 5 4 5 1 5 5 5 1 1 2 1 1 5 5 2 2 2 5 4 5 3 2 2 5 1 4 1 4 4 4 3 2 2 4 5 3 5 5
3 5 1 4 1 1 5 2 3 3 2 4 5 1 2 4 5 5 1 2 3 1 2 2 5 4 1 3 5 2 2 1 5 4 4 5 3 3 5 3 4 5 3 2 1 1 5 2 4 3 4 1 2 4 2 2 3 4 3 4 1 5 5 2 1 1 0 4 4 3 1 5 1 4 4 3 2 2 4 5 2 3 5 3 1 4 2 2 4 4 4 2 4 1 1 4 3 4 5 2 5 4 4 1 4 5 5 4 4 2 3 1 3 3 1 3 4 4 5 2 4 5 2 1 3 1 4 5 5 1 3 1 3 3 2 3 2 4 1 3 2 1 3 1 1 3 1 1 5 4 3 4 4 1 4 4 4 1 5 1 3 2 5 4 1 5 5 4 2 3 4 5 5 1 5 4 2 4 4 1 5 2 2 2 5 5 4 3 4 1 2 2 4 1 5 1 1 3 4 3 2 3 2 4 4 1 4 4 3 1 1 4 1 3 5 1 2 5 4 5 3 3 2 4 4 3 4 5 5 5 2 2 2 5 5 5 1 2 3 5 2 5 2 2 3 3 4 4 4 3 2 3 4 4 4 1 2 4 3 5 5 3 1 1 5 3 1 5 4 2 1 1 4 4 2 3 2 4 4 2 3 5 5 1 5 4 4 5 5 5 1 5 2 4 2 2 4 5 4 1 1 4 1 1 2 1 1 2 4 1 4 3 2 1 3 1 5 5 3 2 2 3 3 3 5 2 1 3 5 4 1 4 4 3 4 1 5 4 4 3 2 3 2 1 3 5 3 1 1 3 4 2 3 1 5 2 3 2 3 3 1 3 4 1 3 2 2 3 5 1 4 5 4 5 3 1 5 5 1 4 2 2 3 4 5 4 4 3 2 3 4 5 4 3 4 1 4 3 2 5 2 2 2 3 1 3 1 5 2 2 4 3 5 2 1 5 5 3 3 5 2 1 1 1 2 4 2 5 5 2 1 1 4 5 5 5 5 1 2 1 2 3 4 2 3 3 2 3 1 3 5 2 4 2 3 5 3 1 3 1 1 2 3 3 3 3 4 3 4 5 1 3 1 4 4 1 1 3 5 4 3 5 5 4 3 2 2 2 2 3 1 4 2 5 1 1 2 4 1 3
5 1 5 4 1 5 5 4 5 4 4 2 5 2 5 1 4 4 5 4 3 5 5 1 3 4 5 5 2 2 5 4 3 5 4 4 2 3 2 1 3 1 3 2 1 1 4 2 4 3 4 2 5 5 4 4 3 2 3 4 4 3 5 1 1 1 4 0 3 4 4 4 2 1 5 1 2 1 3 4 1 1 1 4 5 5 4 4 2 4 1 1 1 3 2 4 2 5 4 5 2 4 3 5 4 2 4 4 4 3 2 2 1 4 4 3 5 5 1 3 2 4 4 3 3 2 3 5 5 5 5 5 5 2 3 2 5 3 5 5 1 1 5 3 5 4 3 4 2 3 4 4 3 3 4 1 4 3 3 4 3 2 2 2 1 1 1 3 5 4 5 5 5 1 2 1 1 5 2 4 5 5 2 1 5 1 4 4 5 2 5 5 5 2 5 2 2 5 1 4 1 1 5 4 1 4 4 1 2 5 3 4 3 2 3 3 1 4 2 2 5 4 4 4 2 2 1 4 5 2 2 1 4 4 1 5 4 4 4 5 5 3 3 1 4 4 4 5 5 5 3 2 2 4 5 3 3 4 4 5 2 3 5 1 3 3 5 1 4 2 5 5 4 1 1 5 4 4 3 5 4 3 5 1 2 4 3 4 4 5 5 1 5 3 5 3 5 4 1 2 3 2 4 5 1 5 4 3 2 3 5 2 1 5 3 3 4 3 4 5 2 1 2 1 5 3 2 2 3 1 4 4 5 3 2 1 3 5 5 5 5 2 2 3 3 3 4 2 4 3 3 1 5 1 2 5 2 2 2 1 5 2 2 3 2 2 3 1 4 1 4 2 4 5 2 4 2 1 3 3 2 1 5 5 1 4 2 3 2 1 3 5 1 3 2 5 3 5 4 4 3 3 1 5 3 3 2 3 1 5 5 3 1 1 4 4 1 2 2 2 5 4 2 2 1 2 5 2 2 5 4 2 4 5 3 3 1 2 3 5 5 3 4 1 2 5 1 5 4 3 3 4 3 4 5 1 1 3 2 4 1 5 5 3 4 3 1 2 1 2 4 2 1 1 4 1 3 2 3 3 2 1 2 1 4 2 4 4 2 1 2 3 4 1 3 1 1 1 4 1
3 3 3 1 4 4 5 5 2 4 1 5 3 5 1 5 4 5 3 2 1 4 2 1 1 1 3 5 5 1 1 3 4 4 5 3 1 5 4 5 2 3 4 1 4 5 4 2 5 2 2 4 1 3 4 1 1 5 4 1 1 4 2 3 5 3 5 1 0 2 2 3 5 2 1 3 4 5 3 4 2 5 5 2 3 5 3 4 5 5 1 3 5 3 1 2 3 1 1 3 2 5 4 4 3 5 2 4 4 4 3 5 5 4 2 2 2 3 5 3 4 3 3 4 5 2 2 4 3 5 4 2 1 4 1 4 4 2 3 3 5 4 5 4 5 3 4 2 3 3 2 2 3 4 4 3 2 4 2 5 2 3 4 4 2 1 1 2 3 5 1 3 4 4 5 5 1 2 2 3 3 5 4 1 2 1 5 4 3 5 5 2 2 3 3 2 1 1 2 2 3 4 3 5 5 3 5 1 3 5 2 3 2 3 1 3 5 5 1 5 1 5 1 5 5 1 5 5 3 2 2 2 3 1 3 2 4 3 1 1 3 5 5 3 1 5 2 1 3 5 2 5 4 4 3 4 4 2 1 5 2 5 2 1 3 2 4 2 4 4 5 4 5 1 3 3 4 1 5 3 2 4 3 4 4 4 4 5 1 5 2 5 1 2 4 2 1 3 4 3 4 1 4 3 5 3 4 1 4 4 1 3 5 4 4 1 3 1 3 4 1 2 1 4 4 1 4 1 4 5 1 3 1 3 2 1 2 3 3 4 5 1 3 1 4 4 4 2 2 5 3 5 2 4 5 3 1 4 1 2 2 5 4 4 4 3 3 4 5 4 4 2 4 5 3 1 5 1 3 3 3 3 2 4 2 4 5 3 1 1 2 3 1 3 3 2 2 2 5 5 1 2 1 3 3 3 4 2 3 5 5 5 3 4 4 2 1 2 1 2 4 5 3 1 4 5 4 2 1 2 5 4 3 1 2 1 2 2 3 1 4 3 4 5 1 4 2 1 5 2 1 1 5 1 1 5 5 1 3 2 1 5 1 3 3 1 5 2 5 2 2 3 2 5 2 3 3 3 5 2 2 1 3 3 3 1 4 3 2 1 2 4 2 3 5 1 4 2 1 3
3 5 5 3 2 4 4 4 1 3 3 4 4 5 2 2 1 5 3 3 5 4 3 4 3 3 3 5 1 2 2 4 3 1 1 1 2 5 4 5 1 2 4 1 2 1 3 4 3 3 1 5 3 4 5 4 2 5 3 3 1 2 5 4 1 2 5 5 5 0 2 3 3 4 2 1 1 4 2 2 4 2 4 2 5 3 4 1 2 5 1 3 4 5 5 5 2 3 2 4 4 3 2 2 1 3 4 4 2 4 3 3 4 4 1 1 5 3 4 5 2 2 2 4 4 3 3 1 2 2 5 2 3 4 1 5 1 5 5 4 2 2 2 1 3 5 3 1 3 3 3 4 2 5 4 1 2 5 1 5 2 4 1 4 5 3 3 3 5 4 2 4 2 3 3 1 3 3 4 3 5 4 3 5 5 4 5 2 5 4 5 5 4 2 3 4 2 5 1 4 1 4 3 5 4 2 2 5 1 5 2 5 2 4 1 1 3 2 4 2 3 4 4 2 2 5 5 3 3 3 2 3 4 3 2 3 3 1 2 3 1 4 3 5 4 5 1 5 1 1 4 1 3 4 5 3 4 5 5 5 5 5 5 2 1 4 4 2 2 3 2 2 5 4 2 5 3 5 5 5 4 1 1 1 2 4 3 3 2 1 1 5 5 5 4 4 3 5 3 2 4 1 3 1 1 4 1 5 4 2 1 3 1 5 5 4 2 4 2 1 3 2 1 2 2 2 5 2 4 4 5 4 1 5 1 4 5 3 4 5 3 2 5 1 2 3 2 1 3 2 2 3 1 4 4 2 1 1 5 3 3 5 2 1 4 4 2 1 1 4 3 3 4 5 2 3 5 1 5 2 1 5 4 2 2 4 4 2 2 4 3 2 1 5 5 2 2 3 5 2 2 2 2 2 3 3 5 3 1 5 5 1 2 4 1 4 3 1 3 3 2 3 1 4 4 1 3 5 3 5 4 5 5 5 3 5 3 3 2 2 2 3 4 3 4 3 4 5 1 1 3 1 5 5 1 4 3 4 1 1 4 1 5 3 5 1 2 3 5 1 2 5 3 5 5 1 2 1 3 5 2 2 3 1 2 1 1 3 3 4 1 1 5 1 5 1 3 2 4 3
4 4 4 2 3 4 3 1 5 2 4 1 1 5 3 2 3 1 1 2 3 3 1 2 3 4 4 2 2 3 1 1 2 2 2 1 1 1 2 5 4 3 1 4 2 1 5 1 5 5 5 5 5 4 5 5 1 5 1 1 3 2 2 1 1 2 3 1 1 5 0 3 3 1 4 4 4 3 2 4 2 5 5 5 3 4 3 4 5 1 2 4 1 2 1 1 3 1 3 2 2 3 4 1 2 3 4 3 4 5 3 3 3 3 3 1 4 2 4 5 5 2 4 4 1 2 3 4 3 5 1 5 5 3 3 3 2 4 1 1 3 2 1 5 3 3 5 2 5 2 2 2 1 1 2 5 2 5 5 5 3 2 2 2 2 1 3 5 3 1 1 1 4 3 1 2 3 4 1 4 2 3 2 4 2 5 1 1 2 3 3 4 4 4 2 3 4 4 5 2 4 3 3 1 3 5 2 1 5 4 2 1 1 4 2 5 1 2 3 4 2 1 2 2 3 5 5 3 4 3 3 1 1 4 3 4 5 3 4 1 2 4 2 1 1 4 5 1 1 1 5 2 4 1 3 4 5 4 5 3 3 5 5 3 5 3 5 4 3 4 3 5 3 1 5 1 5 1 1 1 2 3 1 4 4 3 3 3 3 1 5 2 5 3 4 1 3 2 1 5 3 1 1 5 1 3 4 1 1 4 2 1 5 4 2 3 4 2 2 5 1 4 3 2 1 5 2 1 1 4 4 5 3 3 3 4 1 5 4 5 2 5 2 1 2 5 5 5 2 3 2 1 1 1 4 1 5 1 5 3 3 5 3 3 3 4 1 4 5 5 4 4 4 1 3 4 5 5 1 5 5 5 1 1 4 3 2 1 3 1 2 3 4 1 3 5 3 2 3 5 3 3 1 2 3 1 5 5 3 4 3 3 4 2 3 1 5 1 4 2 1 5 2 3 4 4 4 5 5 4 3 3 1 5 5 1 3 5 2 5 4 4 2 3 5 3 2 1 1 5 1 4 3 4 3 2 2 5 4 3 2 1 5 1 5 3 4 4 4 1 3 2 2 1 3 4 4 1 1 3 5 1 4 3 1 5 2 1 1 4 1 2 2 2 3 2 2 4 2 2
2 3 1 2 2 3 2 3 2 5 4 4 1 5 1 2 4 4 4 1 5 5 5 4 2 4 2 2 2 1 2 1 5 5 2 3 2 5 3 1 5 3 1 3 4 3 1 3 3 4 5 4 5 2 2 4 4 5 4 5 2 4 1 3 2 4 1 2 3 4 5 0 3 4 1 2 5 3 4 4 4 3 3 3 3 3 3 1 3 4 3 1 1 2 4 3 2 5 4 1 4 5 4 3 1 3 5 3 4 1 2 2 3 5 4 3 5 5 3 5 1 5 2 4 5 1 2 4 3 1 5 5 4 5 2 4 1 3 3 5 3 1 5 1 1 5 2 4 1 2 1 1 5 3 1 4 5 5 3 4 2 2 1 2 5 3 3 3 1 3 3 4 4 1 4 2 3 5 5 4 4 5 5 2 1 2 4 4 3 1 3 4 2 1 4 4 5 3 1 4 4 2 3 2 3 2 1 2 2 2 3 5 2 2 3 4 1 4 5 2 4 2 3 2 2 3 2 2 1 3 4 3 2 4 2 5 2 5 3 4 5 3 1 5 5 4 3 4 3 1 2 3 2 5 4 3 2 2 4 3 5 1 2 5 2 5 5 3 3 2 3 5 2 3 5 3 3 4 3 3 2 1 1 1 3 1 5 5 4 2 2 4 4 2 3 4 4 1 1 3 2 1 2 2 5 3 2 1 3 3 3 5 3 2 1 3 2 5 1 2 4 2 1 2 1 5 2 2 2 4 4 1 3 5 5 1 1 1 1 3 4 1 5 5 4 4 2 1 2 3 2 4 5 4 3 2 4 2 3 4 4 1 1 1 5 2 2 2 1 3 1 2 2 4 5 2 4 3 4 4 1 5 2 3 4 5 2 1 1 3 5 3 3 4 5 3 1 3 3 3 3 5 2 1 3 5 2 3 5 3 4 4 1 4 3 4 5 5 2 3 1 2 4 2 1 1 4 2 1 5 4 5 4 1 4 5 2 4 1 4 2 3 1 5 2 1 5 3 3 1 2 4 3 3 2 3 2 5 2 2 3 3 3 4 3 2 1 5 4 5 5 1 4 1 4 5 5 2 2 5 2 5 1 2 4 3 2 3 3 3 2 1 3 3 5 4 4 4 4 2
3 1 1 3 4 2 1 3 3 3 1 3 1 1 3 3 3 5 2 5 3 1 2 3 2 2 1 5 3 1 2 3 2 1 5 4 4 1 1 1 3 3 2 2 3 4 2 2 2 3 5 1 1 3 1 3 4 1 4 3 4 5 5 5 4 2 5 4 2 3 5 2 0 2 3 1 3 1 2 5 3 4 5 2 2 5 3 2 4 5 5 4 2 3 1 4 5 5 4 5 2 4 3 2 4 3 5 3 4 2 4 5 4 5 1 4 5 1 1 3 1 1 5 4 4 3 3 5 5 1 1 1 3 3 2 1 5 2 1 2 3 4 1 2 2 1 4 1 4 3 2 2 2 4 3 4 2 5 3 4 3 1 1 4 4 5 4 1 3 2 2 5 2 3 3 4 1 2 3 5 2 5 3 5 1 3 4 4 5 3 2 3 1 1 5 2 5 1 1 3 5 1 3 3 2 5 4 2 2 3 1 3 3 4 2 2 4 1 1 1 2 3 5 3 3 4 1 3 3 3 1 4 1 3 1 3 4 5 2 3 3 4 5 3 2 5 1 4 2 1 3 4 1 5 1 1 2 1 3 1 3 3 5 4 5 3 3 5 5 5 1 3 3 5 4 2 3 1 2 2 1 5 3 1 2 1 2 2 1 3 3 2 3 3 1 1 3 2 1 1 2 1 2 4 4 5 4 3 3 3 5 2 1 1 1 3 4 2 3 4 4 4 2 4 1 5 5 2 1 1 5 1 2 4 5 2 4 1 5 2 1 5 1 4 2 3 3 5 4 1 3 3 2 2 2 3 5 3 5 1 2 5 5 5 3 2 3 2 5 2 1 3 4 2 1 3 1 4 2 1 3 2 2 4 1 4 5 1 3 4 1 2 5 1 1 4 2 4 1 1 1 2 3 2 3 4 5 5 4 3 4 1 4 5 1 2 5 3 2 1 5 1 4 1 1 2 4 1 2 3 4 2 2 5 4 5 5 5 2 5 4 4 3 3 2 5 3 4 2 4 2 4 4 2 1 3 4 4 5 5 3 5 3 4 1 1 4 2 4 4 1 1 3 2 4 4 3 5 5 4 4 1 5 3 3 3 1 5 1 4 4 1 2 2 1 1 3 5 1 1
4 1 5 4 4 2 4 4 5 5 3 4 1 4 4 1 2 1 4 1 2 2 4 4 1 5 4 2 2 2 3 1 4 4 5 2 2 5 5 4 3 2 4 3 3 4 4 5 2 5 5 4 1 4 5 3 2 4 1 2 4 5 1 3 1 5 1 1 2 1 5 4 1 0 4 3 4 3 1 4 4 3 4 4 1 3 5 2 2 3 1 1 5 3 4 5 3 3 3 3 2 3 4 5 2 2 5 4 4 1 1 5 3 5 2 2 5 3 2 1 4 3 2 3 1 1 4 1 2 3 5 3 3 4 2 2 1 4 5 3 2 1 5 5 3 4 3 5 3 3 1 1 3 3 4 2 1 1 2 3 3 1 2 4 2 2 1 1 1 1 3 3 5 1 3 3 2 3 5 3 4 4 3 1 5 1 1 1 1 3 2 4 1 5 2 5 5 1 3 1 3 1 2 2 5 4 4 3 2 5 3 2 3 4 2 5 4 1 2 2 1 2 2 4 2 3 1 1 3 3 1 2 2 1 3 2 3 4 5 2 2 5 2 5 2 5 5 5 5 1 5 2 1 5 3 5 5 4 2 5 2 4 3 1 2 4 2 4 3 5 1 2 2 1 3 1 5 2 3 2 4 3 3 1 5 4 5 4 1 3 2 2 1 2 5 5 2 4 5 4 5 4 2 4 1 1 4 4 3 2 4 5 3 4 3 3 4 5 1 4 5 5 3 1 3 1 4 3 4 4 1 5 2 3 4 1 5 2 5 4 4 1 4 2 2 2 4 1 4 3 5 4 2 5 5 4 2 1 3 4 1 3 4 4 3 4 3 1 1 4 1 5 3 1 2 5 5 3 4 2 2 5 4 4 2 5 4 4 5 4 4 3 2 5 5 1 3 4 4 5 2 5 4 1 1 5 2 2 2 2 1 5 2 1 5 5 4 2 1 5 3 1 3 4 2 4 1 4 2 5 3 1 5 3 5 2 3 4 4 4 4 2 2 3 4 5 3 1 5 3 4 3 2 2 3 5 2 1 3 3 3 5 3 1 4 5 2 4 1 4 3 2 2 2 3 5 1 2 5 1 2 2 1 5 4 1 4 5 5 2 1 3 4 3 3 1 4 4 4 2
5 2 1 2 3 5 3 2 2 3 4 2 5 4 5 2 5 2 1 5 3 5 3 2 3 1 3 5 4 2 3 3 5 3 2 4 4 3 2 1 5 1 4 3 4 2 4 5 2 2 2 5 5 5 4 1 1 3 3 2 3 5 2 1 5 5 5 4 1 4 1 3 5 4 0 3 5 1 2 5 5 4 3 2 1 1 2 5 4 1 2 3 4 5 1 2 1 4 4 3 1 5 4 5 3 2 1 3 1 2 2 2 2 2 3 1 1 1 4 5 1 2 2 4 1 1 2 3 4 3 3 5 1 3 5 5 4 5 3 4 5 3 4 3 4 2 4 1 2 2 3 2 3 5 2 2 4 3 5 4 5 1 4 1 2 5 3 3 3 3 4 1 2 5 5 3 5 4 3 2 3 1 2 5 1 3 2 4 1 1 1 1 4 4 4 2 5 5 1 4 5 4 2 2 3 1 2 4 3 1 3 4 2 5 4 2 1 2 3 5 5 3 2 4 5 5 2 2 5 5 4 2 5 5 4 5 3 3 1 1 5 3 1 5 4 3 2 1 5 2 4 2 5 3 3 5 1 3 1 1 4 5 3 5 5 5 3 3 5 1 5 3 5 2 3 5 3 3 1 4 2 2 2 2 4 1 5 2 4 2 4 5 3 4 1 5 3 4 3 1 5 5 3 1 5 1 5 1 2 3 1 2 2 2 5 1 5 3 3 3 3 4 1 5 1 3 1 1 1 1 5 4 5 3 3 3 5 3 1 5 3 5 4 3 5 3 5 1 5 1 3 2 3 5 2 3 5 1 2 4 3 3 4 5 5 1 1 3 2 3 5 1 5 4 4 3 1 5 3 4 3 5 1 5 4 3 3 2 1 2 4 2 3 4 2 3 5 3 5 1 2 5 1 5 4 3 5 3 1 2 3 4 4 1 2 3 5 3 5 5 5 4 2 4 4 5 4 4 5 1 3 4 2 5 5 5 2 2 3 2 2 3 3 4 2 1 3 5 1 5 1 2 1 1 3 2 5 5 1 5 3 4 4 5 4 2 2 2 3 5 1 4 3 3 3 5 1 5 4 1 5 1 1 2 2 3 1 1 5 1 4 3 2 3 4 2 3 1 1 1
1 5 1 4 3 1 3 4 3 4 3 5 2 2 5 3 3 1 1 1 4 4 5 1 5 3 4 1 5 3 4 5 5 4 5 4 5 5 5 5 2 3 1 2 4 5 1 2 1 1 4 1 2 2 3 5 5 5 3 2 3 2 4 1 2 2 4 3 3 4 1 1 3 3 4 0 5 3 2 4 3 1 1 1 1 3 3 4 4 5 3 1 5 1 3 4 5 4 5 3 3 3 2 1 2 4 1 4 5 3 1 4 5 5 3 1 2 2 3 2 2 1 2 2 1 4 3 1 3 2 4 5 5 4 3 4 3 5 2 4 1 1 3 1 2 5 5 2 1 4 3 3 3 4 5 2 2 3 4 1 2 3 2 2 5 2 2 3 2 1 3 3 3 3 2 5 4 2 5 2 3 2 3 2 3 2 1 4 1 2 4 2 1 3 1 5 1 1 3 4 4 1 4 5 3 3 1 1 1 1 5 2 1 4 2 1 4 3 4 3 5 2 2 4 5 5 5 3 3 3 4 2 5 2 2 1 1 2 3 5 2 4 5 4 4 5 4 4 4 4 4 3 5 5 3 3 3 4 3 4 5 4 2 4 2 5 4 5 1 3 4 4 1 5 4 1 3 5 4 4 2 3 4 1 3 2 2 5 2 1 1 2 5 3 4 3 1 5 2 4 3 5 5 4 3 5 3 1 2 3 4 5 5 1 1 4 1 4 1 5 5 2 4 4 1 5 2 3 3 4 2 1 2 5 1 3 5 5 3 5 1 5 2 4 3 3 1 1 2 4 5 2 1 1 4 5 3 5 5 3 1 5 3 2 1 1 2 4 3 3 2 3 3 2 4 2 2 2 5 1 1 4 3 2 1 5 5 4 2 4 5 2 2 1 2 3 1 1 3 2 3 2 2 3 5 5 5 1 2 5 2 4 5 1 2 3 4 2 4 3 5 3 1 4 1 2 4 5 1 2 1 3 5 2 3 5 3 1 3 3 1 5 4 3 1 5 4 4 4 5 2 3 3 2 1 3 2 5 3 3 2 5 3 3 3 2 5 3 3 3 1 4 2 3 1 1 1 3 3 1 5 5 4 2 4 3 1 2 3 2 3 2 1 3 3 2 2 4 3 5
3 5 3 4 3 2 2 3 1 5 2 5 1 2 5 2 2 5 2 2 5 1 3 3 2 4 1 3 3 2 1 5 3 1 4 1 1 4 4 1 5 1 3 3 2 5 2 1 4 1 3 3 5 5 5 3 3 1 5 4 1 4 5 5 3 5 2 1 2 3 1 4 4 2 2 3 0 5 2 2 1 5 5 1 4 2 1 3 5 2 1 1 4 1 5 5 3 4 1 4 4 3 4 5 4 3 1 4 4 4 1 1 4 3 4 1 4 3 3 2 4 2 3 1 1 3 5 4 3 4 1 5 3 5 2 2 2 4 1 4 2 4 5 2 3 1 1 3 2 4 3 3 4 5 4 5 2 4 5 5 4 1 2 1 2 5 5 4 1 1 2 5 4 2 4 3 3 3 3 4 2 2 1 3 3 1 1 1 5 5 5 2 5 1 5 4 1 3 3 2 5 5 4 5 4 4 1 3 2 2 5 4 2 1 4 2 2 5 4 2 2 5 5 3 1 2 5 2 5 1 1 4 5 4 3 5 1 2 3 2 2 1 4 5 5 2 2 5 2 2 2 5 3 4 4 5 2 2 4 1 2 4 1 2 3 2 2 2 3 4 5 1 3 4 4 2 3 1 1 3 5 1 5 4 4 3 5 3 1 2 5 2 5 2 2 5 1 5 3 2 4 2 2 2 5 1 5 5 1 1 4 3 2 5 3 2 2 5 4 3 2 3 4 5 4 1 4 4 4 4 3 3 2 5 3 4 3 1 3 3 5 1 1 5 3 4 5 2 3 2 1 4 4 1 2 1 1 1 3 1 3 3 3 1 4 4 1 3 4 1 5 3 2 5 1 5 4 2 3 1 1 5 1 3 5 3 2 4 5 2 3 3 2 3 3 4 5 3 5 5 2 4 3 2 5 4 3 4 4 3 3 4 1 2 2 2 2 1 1 4 4 4 2 1 4 2 4 3 3 1 1 4 4 4 3 5 4 1 2 1 4 1 2 5 1 4 5 1 4 4 3 1 4 3 1 4 4 3 5 5 4 4 5 1 4 4 2 2 5 2 2 2 4 4 4 2 3 4 3 4 5 5 5 4 2 1 1 1 3 1 4 2 1 1 2 3 3 1 3 2
1 2 4 4 4 4 5 4 1 4 3 3 5 2 4 3 1 2 4 5 3 5 2 5 5 5 1 3 1 4 2 4 2 3 1 5 5 4 5 4 2 3 1 3 3 1 3 3 1 5 3 4 5 1 5 3 5 2 2 1 2 5 2 3 1 1 5 1 2 4 3 2 2 2 4 1 1 0 5 3 4 2 1 3 2 5 5 5 2 2 3 4 1 5 4 3 3 3 2 5 2 1 3 4 1 5 4 2 4 2 1 1 3 5 2 2 5 5 3 3 3 5 1 2 3 3 1 5 4 3 3 4 4 4 5 4 2 5 2 4 5 4 4 4 1 5 3 5 5 2 4 5 1 3 4 4 5 2 4 4 1 1 2 3 3 5 4 4 5 4 2 5 3 4 5 5 1 4 3 1 1 5 4 1 1 4 1 2 3 2 4 5 2 5 5 2 5 1 5 5 5 2 1 5 1 2 1 4 1 1 5 3 5 4 4 3 4 1 3 2 4 2 5 2 2 1 5 1 1 1 1 2 3 5 2 4 1 4 5 2 4 2 1 2 1 1 1 3 2 1 1 3 4 5 3 2 3 5 5 2 3 5 2 3 2 2 2 2 2 5 5 4 4 3 4 4 4 5 4 5 1 1 2 2 4 5 4 5 2 5 3 2 3 3 2 1 1 2 4 5 1 5 4 1 4 3 3 2 3 1 3 5 2 1 4 2 1 1 1 5 1 1 2 4 2 4 3 3 1 1 4 5 5 1 3 3 2 3 4 5 4 3 1 5 3 1 5 1 1 1 2 3 2 2 4 3 1 4 4 1 2 3 2 2 5 1 4 1 2 1 3 1 4 2 1 1 5 4 5 4 4 5 4 4 3 3 2 5 1 2 3 1 2 3 1 2 3 1 3 5 3 3 2 5 3 5 2 5 3 2 5 4 1 5 2 1 1 2 3 1 4 5 4 1 1 4 5 1 1 2 1 1 3 2 2 4 5 2 2 4 3 5 1 5 3 4 5 2 3 1 1 3 5 2 3 2 1 5 4 3 4 1 5 5 4 5 4 5 3 2 4 5 1 4 3 4 3 2 2 3 3 2 2 2 3 1 3 4 3 1 2 1 2 2 4 3 2 4 4 1
4 2 2 2 2 5 1 2 1 3 4 3 3 2 4 5 4 2 3 1 4 5 5 3 3 2 2 3 4 4 4 4 4 2 5 4 4 5 1 3 3 5 4 3 2 5 1 4 4 5 5 2 5 3 1 2 5 1 3 2 3 5 4 1 5 3 1 1 1 5 1 5 1 3 4 4 4 3 0 1 5 4 3 2 5 2 3 1 3 1 1 4 2 5 3 4 3 4 5 2 3 4 2 3 4 2 1 5 5 2 1 3 3 5 4 4 2 2 2 4 2 3 3 3 2 2 1 1 2 2 5 5 4 2 5 1 1 4 5 1 4 4 5 4 3 5 5 2 2 5 1 1 2 3 1 3 4 3 2 4 5 4 3 4 5 4 1 5 3 5 4 5 3 5 1 5 2 4 5 3 5 5 3 4 5 4 3 3 2 1 1 5 4 1 3 5 1 4 4 5 3 3 1 5 4 1 2 3 4 1 4 4 5 5 4 4 4 3 1 5 1 5 2 5 2 2 4 2 4 4 1 1 3 2 3 5 5 3 4 2 1 3 4 5 1 3 1 3 1 5 2 3 1 4 3 4 2 2 3 4 5 2 1 4 1 2 1 3 5 3 1 3 1 3 2 3 1 3 4 1 2 3 5 3 3 2 5 5 4 4 4 2 4 5 1 2 4 5 1 3 3 3 2 2 2 5 1 5 3 1 1 1 1 4 1 2 1 1 4 1 4 4 3 2 2 2 4 1 4 5 5 3 2 3 2 4 2 5 3 2 3 3 1 2 2 5 2 4 1 2 1 1 5 3 3 1 1 4 5 2 2 2 1 5 3 4 1 3 1 1 3 1 5 3 5 2 1 4 2 2 5 1 5 5 2 2 1 4 4 2 5 1 4 3 5 3 2 3 5 5 2 2 4 3 2 4 3 1 2 1 4 4 5 5 1 4 5 4 3 2 2 5 5 3 2 1 3 2 2 2 4 1 1 5 2 1 2 5 3 5 3 1 3 3 2 1 5 5 5 5 1 5 2 4 2 4 2 3 2 2 5 1 3 5 1 2 5 3 1 3 3 5 2 2 1 2 1 4 5 5 1 3 2 3 2 1 3 5 5 2 2 2 1 1 5 4 1 2 2 1
1 2 4 1 3 5 2 4 5 1 3 4 5 3 1 2 5 4 2 1 3 3 3 4 5 3 1 1 3 2 3 1 5 3 5 4 5 5 1 5 5 4 2 2 1 1 5 5 2 1 5 5 3 4 4 5 1 4 1 1 1 1 1 1 2 4 5 1 2 1 1 2 5 1 2 3 4 1 5 0 3 2 2 3 1 2 1 1 1 5 2 1 2 4 5 1 5 3 3 1 3 3 3 2 3 4 2 1 1 1 4 2 3 5 3 4 1 1 5 2 3 3 4 5 2 3 2 4 5 1 2 1 3 2 2 3 4 4 2 5 2 1 2 1 4 2 4 5 5 1 3 5 5 4 1 1 1 5 4 5 3 2 4 1 3 5 2 5 5 5 4 1 4 2 4 2 1 2 3 2 3 3 5 4 5 1 3 2 3 5 1 2 1 1 3 2 5 4 4 2 4 3 5 2 2 1 5 2 5 5 5 3 4 1 1 5 5 3 1 1 1 3 3 1 4 5 2 3 3 3 2 4 1 3 4 3 1 2 1 3 3 1 5 5 2 3 3 3 2 4 3 3 2 1 1 3 3 5 2 1 3 2 4 1 2 2 1 5 1 2 1 2 2 4 5 3 1 5 2 1 4 3 4 5 5 1 3 3 3 5 5 2 4 2 4 4 5 3 4 2 3 5 3 3 3 5 3 5 4 1 1 4 2 3 3 3 4 4 1 3 1 4 3 5 4 1 3 2 1 5 2 5 5 2 2 2 4 1 2 4 3 3 2 5 3 1 4 3 2 5 4 3 1 5 5 4 4 5 4 3 1 5 5 5 1 2 3 4 1 2 4 5 5 5 2 5 5 2 3 2 4 2 1 5 2 2 1 1 2 3 4 1 2 5 1 3 5 5 4 1 3 1 2 1 4 5 1 1 3 4 4 5 5 4 4 2 4 5 4 4 3 3 5 1 4 1 2 4 4 2 2 1 4 4 2 3 5 3 3 2 4 1 5 5 1 3 1 3 3 5 1 2 1 5 5 3 3 1 1 2 3 3 5 2 4 4 2 2 1 5 2 3 2 2 5 3 3 2 2 1 3 1 1 5 1 5 3 2 4 3 3 3 5 2 4 4 4 1 3 4
2 4 1 1 3 2 4 4 4 1 4 2 2 4 4 3 4 1 1 4 1 3 4 3 1 3 1 2 5 2 3 2 2 5 2 5 2 2 1 3 1 3 3 4 4 3 5 1 4 4 1 4 4 3 3 4 4 1 2 1 4 4 5 1 3 5 1 4 5 5 1 2 4 3 5 4 3 3 3 1 0 2 2 4 4 4 4 5 2 5 3 5 3 5 4 1 3 5 5 4 4 3 4 2 3 4 2 3 2 1 3 1 2 4 2 2 3 1 2 3 2 1 3 5 4 4 1 3 1 1 3 2 4 5 5 1 5 3 1 5 3 3 1 3 4 3 5 1 5 2 1 3 3 4 3 2 2 5 2 3 5 3 1 3 3 1 3 4 5 2 2 3 4 4 3 2 4 3 1 4 5 1 3 4 4 2 5 4 4 5 3 3 3 4 5 5 2 2 1 3 3 1 4 5 5 3 5 4 4 2 1 4 3 1 2 5 5 2 3 4 2 4 4 1 3 4 3 2 3 4 5 4 5 2 3 1 3 3 2 2 3 1 4 1 5 5 4 1 5 5 5 1 4 4 5 2 2 5 3 5 3 2 4 1 3 3 1 3 3 2 1 1 5 4 4 2 3 1 1 1 3 2 2 2 2 1 1 5 2 5 2 2 2 4 1 1 5 3 3 2 1 4 2 4 5 2 3 2 4 3 1 1 4 4 4 4 4 2 1 3 5 1 4 2 2 3 2 3 4 1 3 4 3 5 3 3 3 5 4 3 2 3 4 4 4 4 2 4 1 4 3 1 1 3 4 2 3 5 3 1 2 1 1 3 1 2 4 4 2 2 1 3 5 5 1 3 2 4 3 1 4 5 1 3 3 3 4 1 1 4 3 5 1 5 4 3 5 3 5 4 2 3 2 2 1 2 1 5 4 3 3 3 4 4 2 4 3 4 2 2 3 5 5 5 2 1 1 3 3 3 5 1 3 2 4 1 4 1 3 3 4 5 2 5 2 5 3 5 3 5 3 4 3 3 1 4 2 2 4 1 2 3 5 1 5 1 3 3 3 3 5 3 4 2 2 4 1 4 2 2 4 4 2 1 2 3 1 1 5 1 4 2 5 4 5 2 2 3 4 4
4 2 5 4 1 1 5 1 1 5 3 1 3 5 1 5 1 5 5 5 1 3 1 3 4 3 1 5 4 4 1 1 1 2 1 4 1 1 5 3 4 2 2 2 5 5 3 5 2 1 4 3 1 5 4 4 4 3 2 2 4 3 5 3 2 3 4 4 3 1 3 1 5 4 4 1 1 1 4 1 1 0 2 3 4 5 2 5 2 2 4 4 5 4 3 1 2 1 2 5 2 1 1 5 5 5 2 3 5 4 3 3 1 4 3 1 4 4 5 5 4 1 2 1 5 3 2 1 2 2 4 2 3 2 1 4 1 2 3 2 2 3 3 5 5 3 2 1 5 4 3 5 1 5 3 3 3 5 2 1 3 1 1 4 2 2 4 3 4 3 2 4 2 4 4 3 5 1 2 4 1 4 5 1 2 5 5 1 1 4 4 2 2 3 4 2 1 4 5 4 3 3 4 5 3 3 4 1 3 1 5 5 2 4 2 3 5 2 5 3 1 5 5 2 4 3 4 4 4 1 2 1 5 1 3 3 5 4 2 1 4 1 3 4 3 5 2 1 4 5 5 3 2 5 2 2 1 5 4 3 2 1 5 4 2 1 3 3 2 4 5 1 1 4 4 4 3 2 4 3 3 2 4 3 5 1 2 4 2 2 2 3 3 2 4 1 4 2 5 2 2 3 5 5 3 3 2 1 5 2 1 3 2 2 2 4 5 5 3 4 3 4 3 4 3 3 1 1 5 1 1 5 1 2 5 3 1 3 4 2 2 4 3 5 4 4 5 4 5 5 4 3 5 2 5 5 2 2 2 2 4 1 1 3 5 4 5 4 1 4 1 5 3 5 3 1 1 1 1 1 1 3 5 5 3 1 1 1 3 1 4 1 3 4 4 3 5 2 1 3 5 5 3 3 4 5 3 5 1 4 4 4 1 2 1 3 3 2 2 1 2 5 2 3 4 3 5 1 1 4 2 4 1 1 4 5 3 2 3 1 3 1 3 5 1 1 1 4 5 4 5 3 2 4 3 1 5 1 1 4 2 1 3 1 5 5 2 2 4 5 4 2 4 4 3 4 4 4 2 4 4 1 4 5 1 1 3 4 2 4 3 1 3 1 5 2 3 4 2 4
3 5 3 3 1 3 2 3 1 2 4 2 1 3 2 3 3 3 5 1 1 4 2 2 5 5 1 5 4 3 4 3 2 2 3 5 5 4 1 2 4 5 3 4 4 3 5 5 5 5 1 5 1 1 1 4 4 5 5 4 2 1 4 2 3 4 3 5 1 5 4 5 2 3 1 1 1 3 2 5 1 5 0 1 3 5 5 3 5 1 5 1 1 2 4 1 2 2 5 2 5 3 4 4 3 2 5 5 1 2 2 1 1 1 2 4 3 4 2 1 5 2 5 1 1 2 4 5 2 3 1 2 1 3 3 3 5 1 5 4 4 3 2 5 5 2 3 3 2 5 4 3 5 2 4 4 1 4 1 1 3 1 4 1 5 4 4 5 5 3 3 2 1 4 1 1 1 1 4 3 5 4 4 3 1 5 5 2 2 3 5 4 5 5 1 1 4 4 3 2 2 1 3 5 4 2 3 3 3 4 5 5 4 3 4 3 5 3 5 1 4 5 2 5 3 2 3 1 4 5 2 4 4 1 4 1 5 5 2 5 4 4 4 3 5 3 4 2 2 1 4 2 1 1 1 4 5 4 5 1 3 2 3 3 2 3 2 2 4 1 5 2 5 3 5 2 4 4 3 4 3 4 4 3 1 3 5 4 4 5 3 4 5 2 2 5 2 1 3 5 2 4 2 5 4 3 4 3 1 3 4 2 2 5 5 4 3 5 1 5 2 3 4 2 2 2 2 1 4 3 1 2 4 2 3 1 2 3 4 1 3 5 5 1 1 2 4 5 2 5 2 1 4 4 4 4 3 2 4 3 5 5 2 4 5 3 1 3 4 1 4 2 2 2 1 3 1 1 5 4 4 2 2 2 1 5 4 4 1 1 3 3 5 4 3 5 5 4 5 3 3 3 3 3 5 2 3 5 4 4 3 5 2 2 4 3 5 3 5 3 4 5 5 2 1 5 1 1 5 5 3 5 4 4 3 1 4 4 4 1 3 4 2 1 5 1 1 5 2 1 1 4 1 3 4 3 4 5 4 4 1 2 3 3 4 1 3 3 3 2 3 4 1 5 1 1 1 5 4 5 2 3 3 3 3 3 3 1 2 1 4 2 1 5 5 3 3 5 1 1
4 5 4 1 4 4 2 3 3 5 4 4 4 2 2 3 4 4 3 2 5 5 4 2 3 2 4 1 2 3 3 2 1 4 1 3 2 5 2 4 1 2 2 1 5 5 2 1 2 5 5 5 2 5 4 4 3 1 1 4 3 1 5 3 4 4 4 4 4 3 1 1 4 1 2 3 4 5 5 5 1 2 2 0 1 4 4 1 5 2 2 2 1 1 2 1 5 5 1 3 3 3 1 4 2 2 5 5 4 1 1 3 1 1 2 1 5 3 2 4 3 1 2 5 4 3 3 3 3 1 1 2 3 2 4 1 3 5 2 5 5 3 3 4 5 2 3 5 1 1 2 3 2 1 2 5 2 4 3 5 2 2 3 1 4 5 5 1 4 2 3 3 2 2 5 3 5 1 4 5 5 1 2 1 2 1 2 1 5 3 5 1 4 5 1 4 4 5 5 2 1 4 3 2 1 2 2 5 3 2 1 2 5 3 4 5 2 5 4 3 5 2 1 5 4 3 4 4 4 4 4 4 3 4 3 1 3 1 1 1 3 3 2 5 2 5 1 2 3 3 4 2 1 1 5 5 1 3 1 2 1 2 5 2 1 4 2 2 4 4 5 2 4 1 3 1 4 4 3 1 5 5 4 5 4 1 4 4 1 3 4 2 2 1 1 4 1 5 4 2 4 2 3 3 3 2 2 1 5 2 5 3 4 3 5 1 5 3 1 3 4 3 2 4 3 3 4 1 4 4 4 2 3 4 1 3 1 3 1 5 4 5 5 5 5 3 5 5 4 3 2 5 5 2 5 4 1 2 4 1 1 2 2 4 3 5 5 3 1 1 1 4 1 5 5 2 4 4 5 2 5 5 3 1 3 4 3 3 5 2 5 4 1 1 5 2 2 2 4 3 3 2 1 5 5 4 1 1 5 4 3 2 1 5 1 2 2 3 3 3 2 3 5 3 3 3 1 5 5 4 4 1 5 5 5 3 5 5 4 4 5 2 4 4 4 5 3 3 1 2 5 1 5 4 1 1 1 5 5 1 4 2 5 3 5 4 4 1 1 4 3 4 1 3 4 5 5 2 2 5 2 2 3 1 1 3 3 4 1 4 2 2 4 4 3 4 3 3 3 4
3 4 2 1 2 1 5 4 5 1 2 2 1 3 1 1 4 3 1 1 1 4 3 4 1 4 3 3 2 1 2 2 3 5 1 4 4 3 5 4 4 1 1 3 4 1 4 3 4 5 3 5 4 1 5 4 2 3 2 4 1 5 2 4 2 2 2 3 5 1 4 3 3 2 4 2 1 4 1 3 3 3 4 5 0 1 1 1 4 4 5 5 3 2 5 3 2 5 3 5 4 3 3 5 2 5 2 3 5 3 1 3 3 3 1 4 4 5 4 2 2 3 3 2 5 1 5 4 2 2 2 4 2 4 2 1 2 4 1 1 1 4 3 1 1 4 5 3 1 2 1 4 5 1 5 2 5 3 5 1 4 3 5 2 4 4 5 5 5 3 1 5 4 4 2 3 3 1 3 4 5 1 4 5 5 1 3 3 5 4 3 5 4 1 4 2 1 2 5 5 2 1 2 5 1 3 2 1 2 2 5 4 3 5 2 3 2 1 4 5 4 4 1 5 4 1 3 1 2 2 1 4 2 1 4 3 3 5 4 2 2 2 1 5 1 4 4 3 2 4 5 5 3 5 2 2 5 3 2 5 4 2 2 3 3 2 1 1 3 3 5 3 5 2 3 5 4 5 3 2 5 5 2 5 2 2 4 1 5 2 3 2 2 2 3 5 2 1 2 1 2 2 1 4 3 5 1 2 3 4 5 5 1 2 5 2 1 5 1 3 2 3 4 4 2 4 4 2 4 1 2 3 3 5 5 1 5 3 4 2 5 3 3 3 4 2 4 5 2 4 3 1 2 5 2 4 1 4 1 2 5 2 3 3 3 5 4 1 4 3 4 2 4 3 5 1 5 2 1 5 2 4 5 3 3 5 1 2 1 4 1 5 3 1 4 2 2 4 1 2 1 2 2 1 5 3 4 5 3 2 1 4 5 2 1 5 5 2 4 3 3 3 1 1 2 4 1 5 4 3 4 5 5 5 3 1 2 5 2 1 3 5 1 4 3 2 5 2 4 4 1 1 5 2 1 4 5 2 3 4 4 3 2 5 4 1 4 3 3 3 1 3 3 5 3 1 4 5 4 2 4 1 5 4 1 4 1 4 5 2 4 3 4 5 2 4 3 4 2 2
2 1 1 3 4 3 5 3 5 3 3 5 2 3 4 5 4 4 3 5 3 2 3 2 2 2 3 1 4 3 4 2 4 5 4 5 3 2 2 4 5 3 1 2 1 1 5 2 4 3 3 2 3 2 5 5 5 5 4 3 3 3 5 2 2 3 4 2 3 5 1 4 4 2 5 3 2 2 5 5 3 1 1 5 4 0 4 2 1 2 1 3 2 1 5 1 3 1 1 4 3 1 2 2 3 5 5 1 2 1 3 3 1 2 4 4 5 2 5 2 3 2 2 4 4 2 4 2 4 4 2 5 1 1 4 1 4 5 1 5 2 3 4 2 2 4 1 5 2 3 1 2 4 1 4 2 3 3 5 5 1 2 1 1 4 3 3 3 5 5 2 2 1 5 5 4 1 1 1 1 1 3 2 4 4 2 3 2 1 2 2 2 4 1 4 3 1 1 4 2 2 1 4 4 2 1 2 4 3 1 4 5 1 3 5 3 5 4 5 5 2 1 1 1 5 3 1 1 5 1 4 2 3 2 4 1 1 3 2 4 2 2 4 4 2 3 2 1 2 4 3 4 4 2 1 3 2 3 4 4 2 4 5 5 1 1 1 1 5 2 3 5 1 1 3 5 5 3 2 1 4 2 4 5 3 2 1 4 2 5 1 1 4 4 5 4 1 2 3 1 1 5 5 4 2 4 1 3 2 4 1 3 3 1 2 1 3 3 3 1 3 5 4 4 3 2 4 3 2 1 1 4 5 1 5 4 2 4 1 4 1 3 2 5 2 2 5 2 2 1 1 1 5 3 3 4 4 1 5 1 4 2 5 4 4 2 5 1 3 3 4 3 1 1 5 5 4 2 3 5 2 3 4 5 5 3 5 4 4 1 4 1 3 2 2 3 5 4 3 3 5 4 1 4 5 2 2 5 2 3 3 1 1 3 5 3 1 5 5 5 1 3 4 5 1 4 1 2 4 4 3 1 2 2 5 5 4 1 4 3 2 1 4 3 2 4 3 1 2 2 1 5 2 5 5 1 5 3 4 5 1 5 4 2 4 2 1 4 4 3 4 3 2 1 4 3 4 2 2 3 4 1 5 1 4 1 4 1 5 1 1 2 2 1 5 4 1 3 5 5
5 3 1 4 1 5 1 2 3 4 2 3 5 4 3 4 4 5 1 1 1 5 1 4 2 3 5 4 5 4 2 1 1 2 3 2 4 2 2 2 1 4 3 2 2 3 2 5 3 4 3 4 3 4 3 2 2 3 3 4 3 3 3 5 1 3 1 1 3 1 1 4 1 2 2 1 4 2 3 4 3 2 1 4 2 3 0 3 3 5 5 2 5 2 5 4 1 5 4 5 3 2 1 2 4 1 2 5 4 5 1 1 4 2 3 2 2 3 4 1 4 3 1 5 3 2 1 2 4 5 5 5 4 4 1 1 2 4 4 3 2 1 1 3 5 5 1 3 3 1 4 4 2 5 5 4 3 5 3 2 4 4 2 4 2 4 4 4 2 2 2 1 2 5 2 4 3 3 4 4 2 2 3 4 3 3 1 3 5 5 1 2 1 5 4 1 3 2 5 3 3 1 4 4 4 5 5 3 2 3 2 1 2 5 3 1 5 2 1 4 5 3 5 2 5 1 1 4 4 3 5 2 5 3 1 3 1 3 4 2 5 5 3 3 5 1 4 1 5 5 1 3 3 5 4 5 5 5 1 2 3 1 4 3 4 2 2 2 3 4 3 4 3 4 1 2 4 5 2 1 2 1 4 5 5 3 3 1 5 1 5 2 1 3 1 1 1 3 3 4 3 4 4 3 5 1 2 5 2 3 1 2 2 1 1 1 2 5 1 5 4 1 2 2 2 1 4 2 2 4 5 4 1 5 2 2 5 1 2 2 4 3 4 5 2 5 4 1 1 5 5 1 2 4 4 4 5 1 1 4 2 3 1 1 5 2 2 3 4 4 5 3 1 2 4 1 4 4 1 2 4 2 5 3 5 2 1 3 3 3 1 5 4 2 3 1 2 2 2 4 2 2 2 2 2 4 4 4 4 4 3 2 5 3 4 1 4 5 4 3 3 5 2 1 4 4 3 1 5 1 1 1 2 2 3 2 2 4 3 4 3 3 5 3 5 3 1 2 5 2 1 2 4 5 4 5 4 3 2 5 2 5 3 3 2 3 1 1 3 5 1 2 4 2 3 2 3 4 2 4 2 3 2 5 4 5 3 4 3 2 3 2 3 1 4 1 4 3 5 5
5 4 4 1 3 4 2 4 1 5 1 2 5 2 2 3 4 1 5 2 1 1 2 5 1 4 2 4 5 4 3 2 3 2 2 5 5 4 1 5 1 5 2 1 3 2 5 1 5 4 1 2 4 4 2 3 5 5 5 2 2 1 3 2 2 1 1 4 2 4 4 1 4 3 1 2 1 2 5 3 2 5 4 2 3 4 4 0 1 4 4 4 4 4 2 4 2 3 2 4 4 2 4 5 2 5 3 5 1 2 2 5 5 4 2 1 1 1 5 1 3 2 1 4 5 4 5 4 4 2 4 1 5 5 1 3 4 5 3 3 3 3 1 2 5 4 5 1 1 1 3 2 1 3 5 5 2 2 2 4 2 2 4 3 5 5 5 3 2 3 3 3 4 5 4 1 2 3 4 2 3 3 4 2 1 5 4 1 5 4 4 2 4 2 5 2 4 5 5 2 2 2 1 5 3 5 3 1 5 5 4 4 5 1 1 2 2 3 3 5 3 2 4 2 4 3 2 3 4 4 2 3 3 1 4 1 2 1 1 5 5 2 4 5 3 4 2 4 5 3 4 2 3 3 5 1 4 5 2 1 1 4 4 1 2 3 5 1 2 4 1 2 4 1 1 5 3 2 1 5 4 5 3 1 1 3 4 3 3 2 3 2 5 5 5 4 5 1 5 4 3 4 1 3 1 4 1 1 4 2 5 3 5 4 5 2 1 3 3 3 1 2 2 4 3 5 3 4 3 5 1 5 5 2 2 2 5 2 3 5 3 5 1 5 4 2 2 1 2 2 3 1 3 4 3 5 2 5 2 4 1 2 1 4 3 5 3 2 4 1 5 2 1 1 2 2 4 2 4 5 3 5 2 2 3 2 2 4 1 4 2 1 3 1 4 5 3 4 3 4 2 1 2 4 4 3 1 2 3 3 4 5 5 4 4 4 2 4 4 2 2 4 3 4 5 5 4 3 4 5 2 2 4 2 3 2 2 1 2 5 2 3 5 3 5 5 5 4 2 4 5 5 5 2 5 4 3 4 3 3 4 2 4 1 2 2 2 2 1 1 1 4 1 4 5 5 3 5 4 3 3 3 4 4 2 2 1 4 3 2 1 4 3 4 3 2 3 2 1 1
3 3 2 4 3 4 5 3 2 2 5 5 5 5 4 3 2 3 5 2 2 5 2 2 2 1 3 1 5 2 3 3 1 1 3 4 1 3 3 4 1 1 4 2 4 3 5 5 2 1 3 3 4 3 2 4 2 2 2 2 1 1 4 4 4 1 3 1 4 5 3 2 5 3 1 2 4 5 5 3 5 3 4 2 5 1 1 3 0 2 4 4 4 3 5 2 5 2 1 4 3 2 3 4 1 4 3 3 2 5 3 4 1 2 1 4 1 5 4 1 3 4 1 4 1 4 4 3 5 1 2 2 2 1 1 1 4 5 1 1 1 2 4 3 3 2 1 4 3 3 2 4 2 2 1 4 4 4 3 2 1 3 4 1 3 2 5 2 3 1 2 2 5 4 3 5 2 4 3 4 3 3 1 4 5 3 1 4 1 4 3 1 3 5 4 4 1 3 3 4 5 2 5 2 1 1 2 5 2 1 3 2 5 1 5 1 3 4 1 5 5 3 3 3 1 5 5 1 4 4 4 3 4 1 3 3 4 1 2 5 5 3 5 1 5 4 5 3 2 5 4 2 5 1 4 3 2 3 4 5 5 5 1 2 4 1 1 1 4 4 5 3 2 5 2 3 5 5 4 4 3 3 1 3 5 3 5 4 1 3 2 3 2 1 5 2 1 5 4 4 1 1 5 1 3 4 1 4 2 3 3 3 4 4 1 2 4 1 1 3 4 2 3 4 2 3 5 2 2 2 3 1 5 1 4 1 4 2 2 2 2 2 1 2 1 4 2 4 3 4 1 1 4 5 5 1 1 3 3 2 2 4 4 5 2 5 4 3 1 5 2 2 5 2 3 5 1 4 1 2 2 3 2 2 2 3 5 1 3 3 5 2 2 2 3 4 2 2 4 4 1 1 3 2 3 2 4 1 3 2 1 3 5 4 3 2 3 2 3 4 5 4 2 1 5 2 3 4 1 4 4 2 4 4 5 4 2 4 5 1 4 1 4 3 4 1 5 2 4 2 5 2 1 2 2 4 3 2 1 2 3 3 4 2 2 4 2 5 3 4 4 2 4 4 4 4 1 1 3 3 5 4 4 4 1 4 3 2 2 4 5 1 1 3 3 3 2 2 3 2
1 5 3 2 3 5 3 4 3 2 4 3 3 1 1 1 4 4 1 4 2 5 2 3 1 1 4 2 1 1 5 4 1 5 3 2 3 1 4 4 5 4 4 4 3 5 1 5 3 2 4 5 4 3 3 2 2 4 1 3 4 1 1 2 4 5 3 2 5 3 4 2 4 2 1 1 4 2 4 3 1 2 1 3 5 5 4 1 3 0 4 4 4 2 4 3 4 2 1 4 5 1 1 1 2 5 5 2 5 4 4 3 2 5 4 2 4 1 2 5 4 5 1 2 2 4 1 5 3 5 3 1 3 4 4 3 3 5 3 2 3 1 5 3 3 1 2 2 1 5 1 3 5 3 1 3 3 2 5 4 2 1 4 1 2 2 3 1 3 2 2 2 5 1 1 1 5 3 3 1 5 3 5 3 3 2 2 2 4 1 4 1 4 1 2 5 5 3 5 4 1 2 3 4 1 1 3 2 5 5 4 2 1 2 2 2 1 1 1 4 2 3 2 5 4 5 1 4 5 5 2 3 2 1 3 3 2 3 5 2 4 4 2 5 3 1 2 1 4 3 4 4 4 2 3 4 3 2 3 4 3 3 3 2 4 5 2 5 3 4 3 1 4 2 2 2 3 3 4 2 2 3 2 3 3 3 5 3 1 5 2 2 2 4 4 1 1 5 2 4 4 4 2 4 2 2 5 2 1 4 3 5 2 4 3 1 3 3 4 1 5 4 1 3 3 4 4 4 4 4 4 5 3 5 2 4 2 4 2 1 2 2 2 4 2 5 5 5 2 5 5 1 2 4 5 1 1 1 5 5 4 4 4 4 3 1 5 2 2 4 5 5 1 1 2 1 2 5 1 5 4 5 3 3 5 1 3 5 5 1 1 1 5 1 1 5 4 2 1 5 1 4 1 4 2 2 4 2 5 3 5 1 4 1 1 4 1 1 3 1 2 5 2 1 5 4 2 1 1 2 1 4 4 3 2 1 4 3 2 2 4 3 2 4 4 3 4 2 5 3 2 5 3 2 2 3 5 2 1 2 4 4 5 2 1 1 3 4 2 5 5 2 4 4 3 4 2 4 2 2 4 3 1 1 3 1 1 2 2 3 4 3 4 3 2 4 3 2 5 3
1 2 1 2 2 4 2 2 5 3 2 3 4 1 5 1 4 3 5 3 3 4 5 3 2 5 1 1 1 4 5 4 5 4 4 3 5 5 2 2 2 5 4 2 5 3 5 4 3 5 3 5 2 4 2 5 2 2 2 2 3 5 4 4 3 5 2 2 4 1 3 2 5 1 4 3 1 4 5 5 2 5 2 1 2 3 2 5 5 1 0 1 1 2 2 5 3 5 1 2 5 3 1 1 3 3 5 5 2 4 2 4 3 1 2 2 1 1 5 3 3 5 5 5 5 1 3 5 1 1 4 2 1 3 5 5 4 2 4 2 3 4 2 4 4 1 5 3 5 2 2 1 1 5 1 1 5 5 3 4 2 5 4 3 1 3 3 2 4 3 1 3 3 3 5 1 4 5 4 2 2 1 2 1 2 5 1 1 2 4 4 5 1 4 1 3 1 5 4 1 1 2 3 1 5 1 1 1 2 1 4 2 5 5 4 2 2 1 5 1 5 2 3 3 5 4 3 4 3 1 4 4 5 1 3 4 4 4 5 5 5 3 5 5 5 5 4 1 5 2 3 5 4 4 1 1 2 5 1 2 3 1 2 1 4 4 2 4 2 5 3 4 3 4 1 2 1 3 2 5 3 5 3 1 2 5 4 1 4 2 4 4 3 3 1 2 1 1 3 5 1 4 4 2 1 3 5 3 1 2 5 1 4 2 3 3 1 3 4 5 5 2 2 1 1 3 3 1 5 3 3 5 1 4 1 1 1 2 1 3 2 3 2 2 5 2 3 4 4 3 2 3 2 3 5 3 5 5 5 4 5 4 5 2 1 1 2 2 2 2 2 1 2 1 5 2 5 4 3 3 4 1 5 3 2 1 1 4 2 2 3 4 3 2 4 3 4 2 5 3 3 1 4 4 2 1 5 2 5 1 5 1 2 2 3 3 2 5 3 4 3 1 4 3 1 1 3 5 4 3 2 3 4 3 2 5 2 2 4 3 5 2 5 5 3 5 3 3 4 3 1 3 5 3 2 5 1 5 1 3 4 3 2 3 5 4 2 3 5 4 3 3 4 2 4 3 4 3 1 2 3 5 1 2 2 5 4 1 3 4 5 1 5 2 4 4 3 4 5 1
3 2 2 3 3 2 4 2 5 1 3 1 1 4 4 4 5 1 2 4 4 4 1 3 1 3 4 4 2 1 3 1 1 4 4 3 1 2 5 2 2 1 2 3 1 2 5 2 5 2 4 2 2 1 2 5 5 5 5 1 4 2 3 3 4 3 5 2 3 4 4 2 1 3 3 2 3 5 4 1 3 5 5 1 2 3 3 1 1 4 5 0 2 3 3 4 3 4 2 2 5 4 3 4 1 3 2 5 2 4 3 3 2 2 1 2 4 3 3 5 2 3 2 4 4 1 2 5 1 4 2 5 3 3 5 1 1 3 3 1 1 2 4 4 5 3 5 4 2 2 3 3 4 2 2 2 1 5 3 1 3 5 4 1 1 3 5 3 2 5 1 2 4 3 2 2 2 3 5 2 3 2 5 4 2 4 1 3 4 2 4 4 3 5 2 2 5 5 4 4 2 1 3 3 2 1 1 4 3 1 5 3 4 2 5 2 3 3 4 4 2 4 2 5 3 1 5 2 4 1 3 3 3 2 1 3 5 1 4 2 4 4 1 4 2 5 5 4 5 3 5 5 2 3 1 4 5 2 4 1 5 4 4 2 1 3 2 2 4 1 5 4 5 3 1 1 3 5 2 1 3 3 4 5 3 5 5 3 4 5 4 1 1 4 1 5 5 1 5 4 5 4 2 1 5 2 4 3 4 3 5 5 5 4 4 1 3 2 1 3 1 1 1 3 3 1 4 4 4 3 1 1 5 1 3 3 1 4 3 1 2 4 1 5 4 4 2 5 4 1 3 4 1 2 5 5 5 2 1 4 1 1 2 4 4 3 4 4 1 4 3 5 5 2 2 1 1 4 5 3 2 5 1 5 4 4 2 4 4 1 1 4 2 1 2 3 2 5 4 2 2 5 4 2 3 1 1 3 5 5 4 5 3 3 2 3 5 3 4 3 2 2 5 1 5 3 4 5 3 5 2 5 3 5 2 5 4 1 3 1 2 2 5 5 4 1 2 4 4 2 5 4 1 4 2 5 2 4 2 4 3 2 5 4 1 1 2 5 4 5 1 3 1 4 5 4 2 2 5 1 1 5 3 5 4 3 3 2 5 1 3 4 5 5 4 4 5 4 2 1
3 5 2 2 3 4 1 2 1 5 4 5 1 3 2 1 4 2 5 1 3 2 5 2 2 3 5 1 3 4 4 3 3 3 3 1 2 5 5 3 2 3 4 2 1 1 4 4 4 3 5 5 4 4 3 5 5 4 2 4 1 3 4 3 3 5 1 1 3 3 5 4 4 4 1 3 3 5 2 2 2 3 4 4 2 2 2 5 1 2 2 2 0 3 1 4 4 4 3 2 2 1 1 2 3 1 5 2 4 1 3 3 2 1 4 3 1 3 4 3 2 3 5 3 4 3 5 5 5 3 1 2 5 1 1 3 5 3 5 5 3 4 5 5 1 4 2 5 3 4 4 2 2 1 2 4 5 2 4 3 1 2 2 3 5 4 2 4 4 4 1 4 4 3 2 4 1 5 2 1 1 5 5 4 5 4 2 3 2 1 3 5 4 4 5 2 5 5 3 3 5 5 5 5 4 1 3 2 4 1 5 2 2 3 3 3 4 2 3 4 1 2 4 2 4 1 4 5 4 5 4 4 2 3 5 2 4 2 3 5 5 5 2 1 4 5 1 2 4 4 5 3 1 5 5 1 3 1 2 1 4 5 4 2 3 4 5 3 2 1 5 4 4 4 3 5 3 1 4 3 4 1 5 2 3 2 3 5 3 2 2 5 2 2 2 3 1 5 2 4 2 2 5 1 3 1 2 5 2 3 4 2 4 1 4 4 5 1 3 5 5 1 2 1 4 5 5 1 4 2 4 3 2 5 4 2 1 5 5 3 3 4 4 1 1 4 5 1 4 5 3 2 3 3 2 2 4 5 1 2 4 4 5 5 1 2 1 4 1 3 3 4 2 2 4 1 1 2 1 2 4 2 3 1 3 2 4 5 2 2 2 1 2 5 5 3 2 3 1 5 2 1 3 3 3 5 2 5 4 5 5 5 3 3 1 2 5 2 2 1 1 4 5 2 2 4 4 4 3 2 1 2 3 5 2 1 5 4 5 3 3 4 4 1 3 4 4 1 1 3 2 5 2 2 3 1 2 5 5 3 3 3 1 1 1 2 1 1 1 4 2 2 2 2 5 2 5 2 2 3 5 2 2 5 1 1 2 2 3 3 2 3 2 4 5 3 3 3 3 3
1 2 4 3 4 2 5 3 1 1 1 5 3 3 2 1 3 5 2 5 3 4 2 4 1 5 3 5 2 3 1 1 5 5 2 5 2 3 3 2 2 1 3 4 2 1 2 5 4 3 3 2 3 1 2 5 5 5 2 1 2 4 2 2 5 1 1 2 2 1 4 2 3 1 4 3 5 2 2 2 1 1 5 1 2 4 2 5 4 5 5 2 2 0 2 5 4 4 1 1 2 4 3 1 5 4 2 3 3 5 2 2 5 5 4 2 2 1 4 4 4 4 2 3 3 1 3 1 1 2 4 4 5 5 2 1 3 3 4 1 2 4 3 4 1 3 3 4 3 5 3 3 4 3 4 2 2 4 3 4 4 5 3 1 1 5 4 3 1 1 1 4 1 5 5 3 1 2 1 2 1 3 2 4 1 2 5 2 4 4 1 5 1 1 3 5 1 4 1 3 4 1 2 3 1 3 2 1 5 1 1 1 1 5 5 5 4 4 2 4 2 1 5 5 3 1 1 2 5 4 3 4 1 4 3 4 3 1 5 1 3 2 2 5 2 1 3 5 5 3 5 1 5 5 5 2 1 2 4 5 5 3 4 2 2 2 3 5 2 1 4 1 5 3 2 5 5 4 2 2 4 1 2 2 2 5 1 4 5 2 5 3 3 3 2 4 1 5 1 5 4 4 4 4 3 1 5 2 1 3 4 2 1 3 4 3 5 2 2 1 2 2 3 4 1 4 2 1 2 5 3 5 4 5 5 4 1 3 3 2 4 5 3 5 3 1 4 5 1 2 1 1 3 1 4 1 4 4 4 3 3 2 2 5 5 1 2 2 2 1 5 3 2 4 2 2 4 3 2 5 4 4 1 4 3 1 2 2 3 1 5 3 3 3 5 4 4 2 2 3 1 5 2 3 1 3 4 2 4 4 4 2 4 5 5 4 2 2 1 1 3 1 5 5 5 5 4 4 4 2 4 1 1 1 2 3 4 5 2 4 4 5 1 5 1 2 5 2 5 4 4 5 3 3 4 5 2 3 3 5 5 3 2 5 5 1 5 3 2 4 2 4 2 2 5 4 4 5 3 1 3 2 1 4 1 5 1 2 3 3 3 1 5 3 3 1 1 5 5 2
3 1 3 1 3 5 3 5 1 3 2 3 5 2 1 1 2 4 4 5 2 2 4 1 1 5 4 5 1 3 4 1 5 1 5 3 2 1 1 3 4 1 2 1 2 3 4 4 3 2 3 2 1 3 1 4 5 4 4 4 1 4 1 4 4 2 1 3 1 1 1 4 4 3 2 3 4 3 4 3 3 5 2 3 5 2 5 4 5 3 4 3 4 4 0 3 1 2 3 5 5 3 2 4 4 1 2 1 4 2 3 1 4 3 2 4 4 1 1 1 4 3 3 2 2 1 3 2 5 1 4 1 3 4 4 1 5 3 2 4 5 2 1 1 2 4 2 3 5 5 2 5 1 2 4 5 4 1 5 1 3 5 1 2 1 3 4 3 5 1 1 4 3 2 5 4 3 4 1 5 2 1 4 1 5 4 5 4 3 1 5 1 5 5 1 5 3 3 2 5 3 3 1 5 2 4 5 2 3 4 2 4 2 5 4 3 5 5 2 3 4 5 1 5 2 4 2 5 2 5 2 2 2 1 2 2 3 3 2 4 4 1 5 1 4 3 3 4 4 1 2 2 5 5 1 2 5 3 3 3 3 5 5 1 2 1 4 4 4 5 1 3 4 1 3 4 5 2 5 4 1 5 3 1 3 3 3 5 5 2 2 4 5 1 4 1 5 4 5 1 4 3 4 4 5 2 2 5 3 3 1 3 5 2 5 2 1 3 4 1 5 3 3 2 5 1 5 4 1 1 4 4 5 4 3 2 1 5 3 5 2 5 2 1 5 4 4 1 3 4 5 5 3 4 1 2 3 2 2 4 3 4 4 1 1 3 1 2 4 5 5 1 3 2 2 4 3 3 1 4 3 3 1 1 2 5 2 1 5 4 3 1 3 4 2 4 3 5 5 1 1 3 4 1 4 4 4 5 4 3 1 1 4 3 3 2 3 3 4 5 5 4 1 5 4 3 4 2 5 3 5 3 5 3 2 1 5 3 4 5 2 5 1 5 1 5 1 3 4 3 2 5 3 3 5 2 4 4 5 3 1 4 5 3 4 2 4 2 2 3 3 4 2 1 3 5 4 4 1 3 2 3 4 4 4 3 1 2 1 3 2 1 2 4 1 3 3 2 1 1
4 5 1 4 2 1 4 5 4 5 1 2 4 1 4 4 4 3 1 5 3 3 3 3 1 2 5 4 3 3 1 4 2 1 1 2 4 5 2 3 4 4 4 2 2 3 5 2 5 1 4 3 4 3 1 4 1 2 5 4 2 3 1 5 3 1 1 3 4 2 4 2 3 1 1 2 4 2 4 3 2 5 4 3 2 4 3 3 4 2 2 3 3 1 3 0 5 2 4 2 5 5 1 4 2 4 5 5 5 3 2 5 5 3 2 4 4 5 1 4 5 2 1 1 5 2 4 5 5 2 5 1 5 5 3 2 4 5 3 5 1 1 4 3 4 3 1 1 1 4 1 4 5 5 2 3 5 2 2 5 3 2 2 3 3 4 1 5 4 3 3 3 2 5 3 5 1 3 4 2 3 5 5 1 1 1 3 1 1 1 5 2 5 5 4 4 5 4 2 2 3 1 5 5 4 2 1 2 1 3 5 1 2 1 5 5 2 3 5 2 3 2 1 4 2 1 4 1 5 3 1 1 4 2 4 4 3 4 2 2 4 4 1 5 1 2 5 1 3 3 2 5 3 1 4 1 1 5 2 5 2 2 1 3 2 1 1 4 5 5 1 1 2 3 1 5 4 3 4 5 1 3 2 2 5 3 1 2 5 2 5 4 2 2 5 2 4 4 4 2 4 4 2 4 2 3 4 1 1 3 5 2 5 3 3 2 3 3 2 4 3 1 1 3 4 5 5 4 2 1 3 5 4 5 3 1 4 1 1 5 4 1 1 1 1 5 2 1 2 4 2 4 4 1 5 3 4 3 4 1 2 4 5 3 4 3 1 3 1 3 3 5 2 3 4 4 1 1 4 3 3 2 4 5 5 1 5 3 3 3 2 3 2 4 4 2 3 2 3 3 3 2 4 1 2 3 4 1 1 4 3 5 3 1 5 2 3 2 2 1 2 5 3 2 3 4 5 1 2 5 5 3 3 4 2 2 5 2 3 3 3 5 2 5 2 4 3 5 1 4 5 4 3 3 4 1 5 1 2 3 2 5 4 1 5 2 2 2 3 2 4 3 3 3 5 2 1 1 2 3 3 2 2 1 1 1 2 5 4 3 2 3 1 5 4 2 1 3 1 2
4 2 5 4 2 4 1 2 1 2 2 5 3 5 1 3 1 1 5 5 3 4 5 3 1 2 2 2 4 1 3 2 5 3 3 4 4 5 3 3 2 2 1 3 1 3 2 3 1 3 5 5 2 5 4 1 2 3 4 1 1 1 1 1 1 2 5 1 4 2 5 4 2 2 1 4 1 1 5 1 2 1 2 3 4 3 3 1 2 4 3 1 5 5 1 2 0 1 5 5 4 5 4 3 5 4 1 4 1 4 3 2 3 4 2 4 3 5 4 2 3 2 3 1 3 2 2 2 3 4 1 4 4 1 3 4 1 2 4 5 3 2 3 5 1 2 2 4 3 3 2 4 1 2 2 1 2 3 5 1 1 4 5 3 3 2 5 4 4 3 5 5 2 1 4 5 4 5 2 3 5 1 4 1 5 2 4 3 4 1 3 5 1 2 2 1 2 4 3 2 1 1 4 2 1 2 5 1 4 5 1 2 5 2 4 4 1 2 5 1 5 1 2 5 2 3 2 2 2 2 1 1 4 3 1 3 1 1 3 1 2 4 4 2 1 5 2 3 3 4 5 5 1 2 4 3 5 3 1 3 1 3 3 3 4 4 2 5 3 3 4 1 2 1 4 3 5 3 5 1 1 4 1 5 2 1 2 4 2 3 5 5 1 5 2 2 5 2 3 4 4 5 2 2 5 4 4 3 4 4 5 5 3 3 5 3 2 4 2 2 1 3 3 3 1 2 1 2 5 2 1 3 3 5 2 2 3 2 3 2 1 4 2 1 1 4 4 4 3 5 5 1 1 1 1 5 3 3 2 2 3 4 1 5 5 5 5 3 2 3 4 5 2 4 4 3 1 1 5 5 2 2 4 3 1 3 3 4 1 1 4 2 2 2 4 5 5 3 4 2 5 5 4 5 2 2 2 3 2 3 1 5 5 3 3 3 4 5 1 1 4 3 5 1 4 5 5 4 2 4 5 2 2 2 4 3 3 5 4 3 1 2 1 4 5 2 2 3 3 2 4 5 4 1 5 5 5 2 1 5 3 4 2 1 1 2 4 3 3 5 3 4 1 3 4 5 5 5 5 3 1 3 4 4 3 3 2 4 4 4 4 4 4 4 2 3 2 5 1 4
3 2 4 2 1 2 3 3 4 2 5 3 5 3 1 4 1 2 1 4 3 3 3 2 1 3 4 1 3 1 4 5 2 5 5 1 3 4 4 5 5 5 3 1 5 4 3 4 1 2 4 3 2 3 3 5 5 4 3 1 4 2 4 4 5 3 4 1 3 3 3 5 3 2 4 3 1 3 3 5 1 2 2 4 5 3 1 1 1 5 1 2 5 1 3 3 4 0 4 2 4 4 4 3 1 1 2 5 1 4 3 1 4 1 4 3 5 5 5 4 4 3 3 1 5 2 3 1 5 1 4 3 3 2 2 2 5 2 1 3 5 3 5 4 2 2 4 3 1 3 2 3 5 2 1 5 1 1 5 1 4 3 3 1 3 2 5 2 5 1 5 1 4 2 3 1 2 5 3 5 1 4 3 1 4 3 2 2 4 5 3 2 5 1 5 5 1 3 4 3 4 2 2 3 2 5 3 1 1 2 5 5 2 1 2 3 1 1 5 4 4 3 3 2 2 5 4 5 3 3 4 3 4 5 2 1 5 3 4 5 2 1 3 4 1 5 2 4 4 1 3 2 4 1 1 1 2 3 5 4 4 2 1 2 5 4 3 5 5 2 2 1 2 3 1 4 4 2 4 2 1 1 3 2 1 1 5 5 1 2 4 1 3 2 4 4 1 5 5 5 1 4 4 4 3 1 2 5 1 1 5 5 4 1 5 4 5 3 2 3 2 5 2 3 1 3 3 4 3 2 4 1 5 1 3 1 2 2 1 2 2 2 3 3 3 3 1 3 2 5 1 2 3 1 4 5 5 4 5 1 1 2 3 2 5 4 5 1 1 5 1 5 3 1 5 4 4 1 1 2 1 2 1 1 5 4 2 3 2 1 1 1 4 5 2 4 5 3 2 3 2 3 1 2 1 4 3 4 4 5 4 4 1 3 5 5 1 2 1 5 1 5 1 4 3 1 1 2 4 4 2 4 3 2 5 1 1 4 3 5 4 5 4 4 4 2 5 4 2 3 1 3 2 4 1 3 1 5 4 2 4 5 2 1 3 3 3 3 5 2 3 5 4 4 2 3 5 1 4 2 4 1 4 5 1 5 1 2 1 2 5 3 3 1 2 1 4 3 4 5
1 3 4 2 4 3 2 4 3 2 4 3 3 3 5 4 1 1 3 3 2 3 3 2 3 1 3 1 3 3 3 5 5 1 1 5 2 5 2 2 3 4 3 2 2 5 3 2 2 2 2 4 5 1 3 3 3 4 4 2 4 5 1 2 2 2 3 5 1 4 1 2 5 4 4 3 3 2 5 5 5 4 1 1 4 1 3 2 2 1 1 5 1 4 3 4 2 4 0 3 4 1 2 5 5 1 4 5 1 2 2 2 1 1 4 4 3 4 1 2 1 1 4 4 3 4 5 4 3 1 3 5 1 1 2 5 5 3 3 1 5 4 3 3 4 5 1 3 2 1 4 3 3 2 1 3 4 5 4 3 5 2 2 2 3 4 4 3 4 3 2 3 1 5 4 5 3 3 3 4 1 5 4 2 4 4 2 2 4 2 3 4 4 2 4 4 4 1 2 2 1 2 1 1 5 4 4 2 2 2 4 4 1 5 4 1 5 3 1 2 5 1 3 1 4 2 4 5 5 3 5 4 3 4 4 1 2 4 2 2 3 5 1 5 2 1 4 3 1 1 5 5 3 3 4 5 5 2 1 5 3 1 5 3 2 4 4 1 1 2 1 5 2 3 4 1 5 5 3 1 5 3 5 5 3 3 2 1 5 1 2 1 5 2 5 4 5 2 3 2 5 3 1 4 4 2 1 1 1 4 4 3 1 3 5 4 4 4 3 5 3 2 1 2 3 5 4 1 1 1 4 1 5 5 4 2 1 1 2 5 2 4 2 5 4 1 1 2 3 3 2 3 4 1 5 3 5 4 4 1 1 5 4 1 3 2 2 1 4 2 3 5 2 3 2 4 3 2 4 1 3 1 3 5 2 5 3 5 1 3 4 1 3 2 3 2 4 3 3 4 5 1 4 3 1 5 5 5 4 5 2 2 3 5 5 3 5 3 4 4 2 1 5 2 4 2 1 1 5 4 4 3 1 1 5 1 3 2 2 4 4 4 5 4 1 2 2 3 5 2 5 2 2 3 2 1 4 3 4 3 5 5 3 1 4 2 5 3 1 4 1 4 2 5 5 3 3 5 1 4 3 2 4 1 3 4 3 3 2 3 2 2 5 2 4 1 2 1 5 3
2 3 3 4 3 1 2 2 5 2 5 1 2 3 1 3 3 2 4 5 1 3 3 3 4 5 3 2 5 3 1 4 5 2 2 4 2 2 1 2 2 4 1 2 3 4 3 5 1 2 3 4 5 2 2 2 4 5 1 5 4 2 4 5 4 3 1 2 4 3 5 5 4 3 4 4 5 3 1 3 1 4 3 1 4 1 4 3 5 5 4 5 5 4 2 2 2 4 4 0 2 4 3 2 2 2 4 4 1 1 2 2 2 5 3 2 1 1 4 2 5 5 5 5 3 1 3 5 5 5 1 5 5 2 2 2 4 4 3 5 2 1 5 1 5 4 2 1 3 2 1 1 4 1 3 3 2 1 1 5 3 1 5 3 4 2 4 3 4 4 5 2 1 2 2 5 2 2 3 1 1 2 5 4 5 4 3 4 4 4 1 2 2 1 4 3 4 1 1 3 3 3 5 4 3 5 1 1 3 2 3 2 2 1 1 2 4 1 4 1 2 4 2 5 3 3 3 4 3 4 4 3 1 5 4 2 5 4 1 1 2 3 4 3 2 4 2 5 1 5 1 5 5 4 1 4 2 3 5 2 4 4 1 2 1 2 5 1 2 4 1 5 3 3 3 1 3 5 4 1 3 3 4 3 4 1 3 5 1 3 5 1 3 2 5 1 4 1 3 1 2 2 1 2 1 2 3 2 3 1 1 1 4 5 4 1 5 2 3 5 5 2 2 3 4 5 4 3 1 2 1 1 5 2 2 4 1 2 2 5 3 4 5 4 5 2 4 5 2 5 3 4 1 1 5 1 4 3 5 2 4 2 5 4 4 4 3 4 2 2 1 5 1 1 3 1 3 3 3 1 3 3 5 1 4 5 3 3 3 3 1 3 2 1 5 2 5 3 2 5 5 4 4 5 3 1 2 3 4 1 3 1 3 1 5 4 5 5 5 4 1 3 1 1 5 3 5 1 5 2 3 5 3 2 1 4 3 5 4 3 3 1 1 4 3 1 5 5 2 2 4 1 2 5 4 4 1 1 1 5 4 5 3 2 5 3 5 2 1 3 4 4 3 1 2 2 2 1 3 1 5 2 1 4 2 4 3 1 3 3 4 1 3 2 5 2 5 5 4 3
3 2 5 4 1 2 5 3 2 4 4 2 1 1 2 2 3 1 5 2 1 2 1 1 3 4 2 3 3 1 1 2 5 3 4 3 1 5 5 3 5 3 1 4 5 2 5 2 2 1 1 3 5 4 3 1 2 4 2 3 1 5 2 4 1 4 5 4 4 1 3 4 4 3 4 4 4 1 2 1 5 2 2 2 5 2 5 3 1 2 4 5 3 5 4 5 1 4 3 3 0 2 3 2 1 2 1 1 4 1 4 4 3 1 4 2 5 5 2 5 3 5 2 2 1 1 4 1 4 5 4 4 2 2 2 3 5 2 5 1 2 3 1 1 5 3 4 4 4 3 3 4 4 5 1 4 1 4 2 5 4 1 2 4 3 5 2 1 5 1 3 3 1 5 3 4 2 1 2 3 3 5 5 3 3 1 3 3 1 4 2 3 4 4 2 5 2 2 4 4 1 1 3 3 4 5 4 2 3 4 2 3 5 1 3 4 1 3 1 3 5 4 3 2 5 3 2 3 2 1 1 1 1 1 2 2 5 5 5 1 3 5 1 2 1 4 1 5 3 5 3 3 2 2 3 3 1 1 3 5 4 1 1 1 2 3 5 3 2 5 5 1 4 2 2 4 5 4 4 2 1 2 3 5 3 1 3 1 3 5 2 1 2 4 3 4 1 3 5 1 1 4 5 2 2 2 2 3 3 1 2 4 1 5 5 4 2 4 1 5 2 4 4 2 1 3 5 1 3 3 4 4 2 5 5 1 3 3 1 4 1 3 3 1 1 3 4 1 3 3 4 5 5 5 4 4 3 4 1 2 2 4 2 5 1 2 3 4 4 4 5 3 1 4 4 3 4 3 4 5 5 4 3 3 4 1 4 4 3 2 2 5 1 5 4 4 1 4 1 1 3 2 1 2 4 5 3 3 3 4 5 1 3 5 2 5 2 1 4 3 1 4 5 1 3 1 1 1 5 2 5 4 4 2 5 1 1 5 5 5 5 4 5 1 3 5 3 4 3 1 2 1 3 1 2 5 3 4 4 5 4 2 1 3 1 5 4 2 5 1 1 1 2 3 2 2 3 4 4 1 4 2 5 2 2 4 4 3 4 2 2 4 2 5 4 3 2 1 1 1
5 1 5 1 1 1 5 2 2 2 4 1 1 4 4 3 2 3 4 1 5 5 2 3 5 2 5 4 2 1 1 2 4 1 4 3 2 5 4 1 4 4 2 1 1 2 3 1 5 4 2 2 1 5 5 1 5 4 1 3 1 4 1 5 5 2 4 2 4 3 1 5 3 2 2 2 4 3 1 3 5 1 3 1 1 5 3 2 4 3 2 5 3 2 2 4 3 3 1 1 5 0 4 1 3 1 2 5 3 3 2 1 3 5 1 4 3 5 2 1 4 5 1 3 2 3 5 2 4 1 4 3 2 2 3 2 4 1 4 5 3 2 1 3 5 1 3 4 1 3 2 4 2 2 5 3 5 4 2 2 5 4 2 3 2 5 1 5 5 2 1 3 5 4 5 5 5 1 4 2 4 5 4 5 1 2 1 4 3 1 5 4 5 3 5 2 3 5 5 4 3 2 2 3 1 2 1 5 5 2 1 2 2 4 1 1 1 3 4 3 1 2 3 4 3 4 5 5 3 4 5 4 2 3 3 5 3 3 5 3 1 2 2 2 2 3 3 4 3 2 2 3 2 2 2 3 5 5 4 3 3 5 2 4 1 4 3 2 1 5 5 3 3 3 5 2 2 5 2 1 2 4 3 4 5 3 2 4 1 3 3 5 5 1 4 4 4 4 2 4 4 4 1 5 4 5 5 2 3 1 1 1 3 3 3 3 2 2 1 1 1 4 3 3 2 5 5 2 1 3 4 3 1 2 5 1 3 5 4 1 3 3 5 3 1 3 3 1 2 4 2 4 1 2 4 3 3 2 2 3 1 3 4 3 5 1 5 2 1 3 2 1 3 5 3 2 2 2 3 5 1 1 4 3 1 3 5 5 2 2 1 4 3 5 5 2 4 4 1 5 4 5 4 4 3 1 4 5 4 2 1 5 2 4 1 3 1 4 4 1 4 4 5 3 2 3 2 4 4 1 2 5 4 3 5 2 2 2 5 4 1 5 2 2 3 4 4 3 5 1 1 5 5 1 3 1 3 2 1 1 3 1 2 1 3 4 1 2 3 3 5 1 2 1 5 4 2 5 5 4 4 4 5 1 3 2 3 4 2 1 1 4 5 3 5 3 5 2 5 3
2 4 3 4 4 4 3 4 5 2 3 2 4 1 4 2 3 2 2 1 2 4 1 3 2 5 1 1 4 2 5 1 1 5 4 4 4 4 2 1 4 1 2 3 3 3 3 5 4 3 3 1 1 3 3 5 1 3 3 2 3 1 5 1 3 4 3 5 5 3 5 4 3 1 3 3 4 5 5 5 3 3 4 3 2 3 3 5 2 3 3 5 2 1 1 5 1 2 3 3 4 1 0 5 1 5 4 1 3 5 3 4 5 5 4 2 5 1 5 2 3 3 3 2 4 2 1 1 2 3 4 1 4 2 5 1 3 1 5 4 3 2 5 5 2 5 3 4 4 5 1 2 5 5 1 5 1 3 5 3 4 1 5 1 3 2 4 4 4 3 1 3 2 4 1 5 4 2 3 4 5 5 4 3 3 4 1 1 5 1 2 1 5 4 2 1 3 5 1 5 4 4 4 2 5 5 2 3 5 5 3 1 3 1 4 5 2 1 5 5 5 4 4 3 2 1 2 3 3 1 4 3 1 3 4 4 3 5 5 2 2 2 1 2 3 3 2 5 1 5 3 1 1 2 1 1 1 4 3 3 5 5 2 4 2 4 3 2 4 3 3 5 1 1 5 2 2 4 2 2 1 3 5 3 4 3 1 5 5 5 1 5 3 3 1 1 1 3 5 2 2 5 2 3 4 1 5 4 2 3 5 1 5 1 4 1 2 5 3 2 5 4 2 5 2 4 1 3 4 5 5 1 5 2 1 3 4 2 3 5 5 4 4 2 4 4 5 4 2 4 4 5 5 4 4 1 1 1 4 2 2 3 2 2 1 4 3 2 5 3 2 3 4 5 3 2 1 3 5 4 3 2 5 5 2 5 4 4 2 4 1 4 1 1 3 4 5 5 3 2 3 4 4 4 5 1 4 5 4 5 3 5 3 2 2 2 1 2 5 5 1 2 5 1 4 1 4 2 4 2 4 4 4 4 5 3 1 5 1 3 3 2 3 2 5 1 2 4 5 3 1 2 1 5 3 2 4 4 5 4 2 4 4 1 4 5 1 3 1 2 3 5 4 4 5 4 5 2 3 1 5 2 1 1 3 3 1 4 3 4 3 3 5 1 2 4 3 5 2 1
5 3 1 4 3 1 2 3 3 5 2 2 3 1 3 2 2 1 3 3 5 5 1 4 5 4 2 1 4 2 4 3 1 3 2 2 1 3 2 4 3 5 3 3 3 1 5 5 5 3 1 1 2 3 5 3 5 1 5 3 1 4 2 2 4 3 2 2 5 5 1 3 3 3 2 3 1 3 3 4 1 1 4 3 1 4 2 2 3 2 1 2 2 1 4 3 1 1 5 1 4 5 2 0 4 4 2 2 1 3 3 5 4 4 4 3 5 5 3 3 1 5 5 2 4 2 5 5 4 2 2 5 1 2 2 2 3 1 3 2 1 4 5 1 5 1 3 4 3 4 4 4 2 3 1 4 5 1 2 4 4 5 5 3 3 2 5 3 4 5 5 4 2 2 1 4 4 4 1 3 3 3 3 2 3 3 1 4 2 3 3 5 3 3 4 3 1 4 3 3 4 3 4 1 5 4 4 1 5 3 5 2 1 4 1 2 2 5 4 2 4 2 1 2 3 4 2 1 5 2 5 4 4 2 3 4 3 5 3 4 3 3 4 2 5 1 4 3 4 1 4 5 2 3 4 2 1 3 3 5 4 3 4 4 1 4 4 2 2 2 5 3 5 4 4 5 2 5 2 4 2 3 2 5 1 1 2 1 1 1 1 4 2 4 4 3 5 5 5 1 3 2 4 2 3 3 2 3 4 2 2 2 2 5 4 1 3 3 1 1 1 4 3 3 2 1 1 3 4 4 3 5 3 3 1 1 1 2 2 3 1 2 2 4 4 2 1 3 1 3 2 1 4 1 4 3 3 2 1 2 3 3 2 4 1 5 2 4 2 2 5 2 2 3 4 4 4 5 4 4 1 3 3 5 5 1 4 4 2 3 4 2 2 4 1 2 4 1 5 1 5 4 1 5 3 1 1 1 5 3 2 1 2 2 5 3 2 3 3 2 1 3 4 2 4 2 2 3 3 4 1 2 1 1 2 2 3 5 3 1 1 5 3 1 2 1 5 5 5 1 1 3 4 4 5 2 3 5 2 2 2 2 3 4 1 5 1 3 3 3 2 1 4 4 1 5 3 2 2 4 1 1 2 3 3 1 4 2 5 2 1 3 4 2 2 3 4 3 1 5
5 1 3 2 2 3 2 3 1 4 1 1 5 2 2 2 1 4 1 3 3 2 3 1 1 1 3 2 1 3 2 1 3 2 3 3 1 4 1 4 3 5 2 3 3 3 2 5 1 4 3 4 4 2 3 3 3 1 4 5 2 2 2 2 3 5 2 5 3 1 3 5 3 1 3 1 5 5 3 3 2 5 1 2 1 3 1 5 4 4 3 2 5 3 3 2 2 2 1 5 3 1 2 4 0 1 3 1 5 2 4 4 5 5 4 2 5 4 5 5 1 4 3 3 2 4 2 1 5 3 2 4 5 4 1 1 3 2 5 5 1 4 3 3 2 4 1 1 5 2 3 3 1 4 4 2 2 4 5 2 4 5 3 1 5 4 1 3 5 1 3 2 2 2 1 5 2 2 3 5 2 1 1 3 1 3 2 3 4 1 1 4 1 4 5 2 1 1 1 4 5 3 3 2 3 1 1 1 4 2 4 4 2 3 5 1 2 2 4 4 2 3 5 2 5 1 4 4 1 2 2 2 2 5 1 5 4 2 5 4 3 5 1 1 5 5 4 1 1 3 1 1 5 2 4 3 1 5 1 1 2 3 2 4 1 5 1 4 1 3 5 1 4 4 3 1 2 4 3 5 1 3 4 1 2 3 1 4 5 1 4 2 3 2 4 1 4 1 5 3 2 5 5 5 3 5 4 1 2 3 3 3 4 3 2 4 2 4 1 5 2 1 1 4 2 2 3 2 3 4 3 2 4 2 4 3 3 2 4 3 4 1 4 2 1 3 5 5 3 2 3 4 2 3 2 1 5 5 2 1 1 4 5 3 1 5 3 2 2 3 1 3 3 2 3 1 2 2 2 1 5 5 2 2 3 3 4 2 5 2 2 3 1 2 2 2 1 1 3 4 1 4 2 1 1 1 1 3 4 5 5 4 4 3 5 1 3 1 5 4 2 3 1 2 1 5 1 4 1 1 1 1 1 1 4 5 4 1 4 2 2 1 1 2 5 1 3 1 1 4 1 3 2 1 1 1 2 2 4 2 3 2 1 5 2 2 1 5 5 4 1 4 3 2 4 2 5 1 5 3 4 1 1 3 4 5 2 2 3 1 3 2 3 3 1 1 2 4 1 5
2 3 1 3 2 3 1 4 2 1 3 2 1 1 5 3 1 3 2 3 2 2 4 1 2 4 2 2 5 4 2 1 4 3 3 3 5 5 1 3 1 5 1 2 3 2 1 3 4 5 2 3 3 1 3 5 2 1 5 1 3 3 2 1 4 4 4 2 4 3 4 5 5 1 1 4 5 4 2 1 1 2 2 1 4 2 1 2 4 4 2 4 1 5 2 4 2 3 3 2 1 2 1 3 5 0 4 3 3 5 3 5 2 3 1 3 2 3 5 5 5 3 5 1 3 4 5 4 2 5 3 4 2 5 1 4 2 4 2 5 1 2 2 5 3 5 5 2 5 3 4 3 3 2 1 2 5 5 5 5 2 5 5 1 2 4 5 5 2 4 4 1 2 2 1 4 1 5 5 5 1 4 3 5 4 4 3 3 3 3 5 4 3 1 2 4 4 4 1 5 4 1 1 3 2 3 1 5 2 4 2 5 1 4 2 2 2 4 3 3 2 1 1 3 4 1 1 4 3 3 3 1 1 5 1 5 3 1 3 4 5 4 2 2 5 4 5 5 2 3 3 2 2 3 5 5 1 1 4 1 2 3 2 4 1 1 5 1 1 4 1 4 5 1 2 3 1 1 1 2 4 5 4 1 2 1 4 4 4 3 3 4 3 4 4 4 5 5 4 4 3 3 5 2 4 1 3 3 5 3 2 1 2 3 4 1 1 5 3 5 1 2 3 1 1 3 5 1 1 3 2 3 5 3 4 2 3 2 3 3 3 4 3 3 3 1 2 5 2 2 2 1 1 4 3 3 4 5 4 5 4 1 3 2 4 2 3 4 5 5 5 1 4 2 5 4 2 2 1 2 5 3 3 4 3 5 4 2 4 1 4 2 4 3 4 5 3 1 4 4 1 3 2 1 5 3 4 1 3 4 4 4 4 3 1 3 2 3 5 4 5 5 2 4 5 2 1 4 2 1 2 2 3 3 4 1 2 1 1 1 2 2 5 4 3 1 1 2 1 1 3 1 5 2 1 2 1 1 1 4 3 3 1 5 4 4 1 3 4 1 3 4 2 4 5 5 3 3 4 1 2 2 1 3 3 3 2 2 3 1 4 3 1 3 2 2 5 1 2 1
1 2 1 3 4 4 3 3 5 3 1 4 3 3 5 4 2 1 5 1 3 2 2 3 2 1 5 1 1 3 2 5 5 4 5 3 5 1 3 3 5 2 4 2 4 4 5 1 4 4 1 4 4 3 1 5 2 3 4 4 2 2 1 3 5 2 4 1 4 4 3 3 3 1 3 1 4 2 2 4 2 2 2 4 2 4 1 3 5 1 1 3 2 2 2 3 4 3 4 1 1 4 2 2 2 2 0 4 4 3 3 4 5 5 4 3 2 5 4 4 4 1 5 3 1 3 2 1 2 3 2 3 5 1 5 5 1 2 1 1 2 1 1 2 5 2 4 5 4 3 3 5 3 4 2 3 1 5 2 2 1 1 5 1 3 4 3 2 1 3 4 2 5 5 2 5 2 5 5 4 2 2 5 5 4 2 2 1 4 5 5 1 4 4 4 1 1 3 2 1 3 5 1 3 2 4 2 2 4 2 2 3 5 1 3 4 1 3 2 4 3 4 2 5 4 2 2 1 5 4 2 3 5 3 5 2 3 5 5 4 5 4 1 5 3 5 4 3 4 4 5 4 2 4 4 5 1 1 1 1 2 3 2 4 1 1 2 4 2 2 2 5 5 4 2 2 2 2 2 4 5 3 1 1 4 1 5 2 5 2 3 3 3 3 4 3 4 5 3 2 2 4 5 1 2 3 4 4 3 3 3 5 3 4 4 3 2 1 1 1 4 3 2 4 2 4 2 2 1 1 4 5 4 5 5 2 4 5 2 1 1 1 4 3 2 1 3 1 1 2 1 2 3 4 2 3 3 1 2 4 2 3 2 2 4 1 5 2 2 2 5 4 4 4 4 1 1 5 2 5 5 2 4 4 1 1 3 3 2 3 4 1 4 3 5 1 4 3 4 1 2 4 4 2 3 2 2 1 2 1 3 3 3 4 2 3 2 3 4 1 5 4 4 5 4 2 1 1 2 3 5 2 2 5 4 5 5 4 5 4 5 4 2 2 2 5 5 4 3 4 4 3 1 5 2 1 3 2 1 3 2 2 1 2 5 5 5 2 3 1 1 3 3 4 3 1 4 1 1 3 2 2 4 2 1 4 4 5 5 4 4 1 5 1 2 4 5 1 2 2
1 4 2 2 1 4 4 3 4 2 4 5 5 2 1 2 3 3 5 4 3 2 2 5 5 1 4 4 2 1 2 5 2 1 4 2 1 3 5 1 2 3 1 3 3 5 3 2 3 2 1 1 4 3 5 5 5 1 1 2 1 4 2 1 1 4 1 5 5 3 4 4 5 2 5 2 3 5 2 3 4 5 4 4 3 2 5 5 4 4 3 4 1 2 3 1 1 5 3 5 3 3 1 1 5 3 1 0 2 3 3 3 5 2 3 4 2 5 4 2 5 5 4 1 4 2 1 4 4 5 2 4 2 3 5 4 5 3 4 4 4 2 4 4 5 5 2 5 3 5 3 4 3 5 1 1 3 3 1 3 5 5 2 2 5 4 4 1 2 3 2 3 4 5 2 1 2 2 4 5 5 2 5 4 3 1 5 3 2 3 2 3 2 4 4 3 2 1 2 4 1 2 1 3 2 5 4 1 3 4 4 3 5 5 2 5 3 1 4 4 1 4 2 5 4 3 2 4 2 5 5 3 5 5 5 1 1 5 4 2 5 4 4 4 4 4 3 3 3 5 3 3 4 4 2 3 1 2 4 2 2 5 5 1 3 1 3 3 2 5 1 2 3 2 1 5 2 2 4 5 3 5 1 1 5 5 5 4 2 3 5 5 5 5 4 2 5 2 2 4 1 2 4 1 5 3 3 5 2 1 4 5 2 5 1 3 1 5 1 2 3 5 2 2 5 1 5 3 2 5 4 1 3 4 5 3 3 2 4 3 3 1 1 2 3 1 4 3 5 3 3 1 5 3 3 1 3 2 2 4 1 3 1 4 2 4 5 2 2 1 3 1 1 4 4 2 3 4 2 4 2 2 2 1 5 4 3 1 3 1 5 2 2 3 2 2 2 5 1 3 3 3 3 5 3 4 4 5 5 3 4 5 5 5 4 3 5 4 3 4 2 1 4 5 1 5 3 1 1 4 2 1 2 1 5 4 4 1 1 1 1 2 4 1 3 3 5 5 2 5 1 2 3 2 4 4 1 5 2 1 5 5 5 2 4 4 4 5 3 3 1 1 3 4 4 5 3 2 1 5 4 4 5 4 3 5 1 5 2 3 4 2 4 5 4 3 2 5 2 2
1 2 1 4 4 5 3 1 1 4 2 4 2 1 1 1 4 3 4 1 1 4 4 5 3 3 4 2 3 3 3 4 5 4 1 4 1 4 4 1 3 2 1 2 5 3 3 5 5 5 2 3 1 2 1 2 2 4 5 3 1 2 5 4 5 2 5 3 2 1 4 5 1 4 5 2 5 1 4 5 3 4 3 5 2 3 2 1 3 5 1 5 4 1 1 1 4 5 4 2 5 5 4 5 2 4 4 3 0 5 2 3 2 5 3 3 2 4 1 3 2 2 3 5 1 3 2 3 5 5 2 3 5 3 2 1 2 3 5 3 2 1 4 5 4 2 1 5 2 2 4 1 4 3 1 3 4 1 1 3 5 1 5 3 5 3 2 4 4 5 3 2 4 5 1 1 5 2 3 1 3 3 1 2 5 4 4 2 4 5 4 4 2 4 4 2 4 4 5 5 4 3 2 3 3 5 5 3 3 5 3 5 1 2 5 5 4 2 1 2 2 4 4 4 1 4 3 5 3 1 3 3 1 5 3 2 2 3 2 3 4 3 5 2 1 3 1 5 2 2 4 2 4 2 4 2 1 2 5 2 3 3 5 4 1 1 3 3 2 2 1 3 2 5 3 1 4 1 4 2 1 4 5 5 5 3 5 1 2 5 4 2 5 2 1 5 2 5 2 4 3 3 4 4 4 1 5 1 4 2 2 4 4 4 2 3 3 2 2 2 4 5 1 3 3 5 4 1 4 4 1 2 3 5 5 4 1 1 3 4 4 1 3 3 5 4 2 1 4 4 5 1 3 4 2 2 3 2 5 4 2 4 2 1 1 4 3 4 2 5 1 2 2 4 1 3 3 5 2 1 5 4 2 5 4 5 1 5 1 1 3 5 4 3 1 1 1 4 4 1 1 2 3 2 4 2 5 1 4 2 5 4 1 1 2 1 2 3 4 1 3 5 5 4 4 5 4 4 3 5 5 3 5 1 5 5 1 1 4 1 5 3 2 5 5 2 2 3 3 5 1 1 4 5 4 5 5 2 5 3 2 2 5 3 2 3 3 3 2 3 5 2 3 3 4 3 3 1 1 5 4 3 1 2 1 5 1 4 3 2 3 1 2 3 5 2 5 4 4 5
2 1 3 2 3 1 3 5 4 5 5 3 2 2 5 1 5 1 2 5 2 1 4 5 5 5 5 5 3 1 4 4 2 3 5 2 4 2 4 5 5 2 3 4 1 5 5 1 4 2 1 5 5 1 5 1 2 1 1 4 3 5 2 3 4 1 5 4 1 4 1 5 3 4 4 2 1 2 5 4 2 1 4 4 5 4 3 1 2 4 4 5 5 1 4 5 2 3 5 1 2 5 1 3 5 3 1 1 4 0 2 5 5 5 1 3 4 2 5 4 2 5 4 5 4 4 2 1 4 5 1 2 5 4 3 4 3 3 3 1 3 2 2 4 3 5 4 1 3 5 3 5 4 5 5 3 3 1 1 2 5 1 4 1 3 5 5 2 1 4 4 4 3 3 3 2 1 3 3 3 5 3 5 4 3 1 2 2 1 3 1 2 2 4 4 2 1 2 3 5 5 5 5 1 4 2 1 3 4 1 3 1 1 3 5 5 1 3 4 3 1 2 5 5 2 2 5 5 3 1 3 1 1 5 3 5 1 3 2 3 3 3 3 5 4 3 2 4 5 3 4 1 2 4 3 1 5 4 4 2 3 1 3 5 2 4 2 3 5 4 2 4 1 2 2 5 4 5 2 2 3 1 1 5 1 4 5 4 2 2 5 2 3 2 4 1 4 5 2 5 5 2 1 2 3 2 5 4 3 2 1 2 1 3 1 3 3 5 1 1 4 1 4 5 4 4 5 2 2 3 4 3 1 5 1 3 3 4 2 2 1 5 3 4 4 4 3 2 4 2 1 2 5 1 2 3 1 2 1 2 2 4 5 1 1 4 1 1 1 3 3 4 3 2 1 5 5 3 2 1 1 2 4 1 5 3 2 5 1 1 1 5 3 5 2 2 3 5 2 1 5 2 3 2 4 4 4 3 5 3 2 1 2 1 4 4 4 4 2 3 3 3 5 4 4 2 1 4 2 2 4 4 1 5 3 4 5 5 2 3 2 4 2 2 5 3 2 3 4 5 3 2 5 1 1 1 4 1 1 3 4 1 5 3 2 4 3 4 5 1 5 5 2 5 5 3 1 3 1 5 5 1 2 5 4 3 1 4 3 4 5 1 4 5 3 4 1 4 1 4
1 3 1 1 4 2 5 4 2 4 2 2 1 5 5 5 4 4 3 5 3 2 5 2 3 5 3 1 1 3 2 1 2 3 3 4 4 4 5 1 2 2 4 2 5 2 4 4 3 4 1 5 1 5 3 3 1 3 4 2 2 3 3 5 5 2 4 3 3 1 2 2 1 3 2 1 4 5 5 4 5 2 4 1 2 5 5 5 5 1 1 1 5 5 5 3 2 2 2 2 4 4 1 4 3 5 1 1 1 5 0 2 2 3 3 1 5 4 3 2 5 2 5 4 2 2 2 2 2 5 5 1 1 4 1 3 2 1 3 3 5 3 2 2 2 5 3 5 5 4 3 1 3 3 1 4 4 5 5 2 2 3 1 3 4 1 3 3 2 2 3 2 4 1 3 2 4 2 4 3 1 4 2 4 3 4 1 1 4 2 5 2 4 5 4 1 5 4 4 3 3 5 1 4 2 3 5 3 2 3 5 4 4 1 5 2 2 3 5 4 3 1 2 4 2 3 5 2 3 2 4 2 5 1 3 3 4 1 5 2 4 1 2 5 2 4 2 5 3 2 3 3 3 1 5 4 2 4 5 3 1 4 2 3 3 2 3 5 5 3 2 4 5 3 4 1 2 2 3 5 5 4 4 1 1 5 5 3 4 2 1 5 5 4 5 2 3 2 3 3 5 5 3 4 1 4 2 2 1 1 2 1 5 3 3 3 1 3 1 2 4 2 2 3 3 1 4 3 1 1 5 2 4 1 1 3 3 2 3 1 5 3 2 4 3 1 3 1 2 3 2 4 1 1 4 1 5 3 5 2 2 2 2 1 5 5 1 4 1 3 4 4 4 2 4 5 2 3 1 3 5 1 5 4 5 5 4 3 4 4 3 3 3 4 1 5 1 2 5 2 2 3 1 3 4 2 5 3 4 1 3 2 2 2 5 3 3 2 1 5 2 2 3 5 3 3 4 3 1 4 3 1 5 3 2 1 4 2 3 4 5 5 4 1 5 5 1 2 4 4 3 3 5 4 5 3 1 4 3 3 1 2 5 3 5 4 5 5 5 2 3 2 2 2 2 1 2 5 2 4 5 3 2 4 4 5 3 3 2 3 5 2 1 1 5 3 5 3 5 2
4 3 5 1 4 2 5 4 5 4 1 4 5 2 2 1 4 2 4 3 2 3 2 2 5 5 5 1 4 2 4 4 4 3 5 3 4 5 4 5 4 3 1 2 1 1 1 2 2 4 2 5 2 1 1 1 1 1 4 5 3 2 1 3 2 3 4 3 1 4 3 2 5 3 1 3 3 5 3 2 3 1 3 1 1 4 2 3 2 1 2 3 4 4 1 4 3 5 1 4 1 3 1 4 4 2 4 1 5 3 2 0 3 2 2 3 5 4 3 2 3 2 4 2 5 3 4 1 1 1 1 2 5 1 4 2 4 2 5 1 4 3 1 5 2 3 1 4 2 2 2 1 4 3 1 5 5 5 2 3 2 3 5 3 4 5 1 5 1 5 5 3 3 4 1 4 3 5 1 2 2 1 3 4 3 4 2 1 4 2 3 4 5 1 2 5 2 5 2 4 2 5 5 4 3 1 1 3 2 5 2 1 4 1 2 3 5 3 4 4 2 1 2 4 4 1 5 4 5 3 1 2 2 2 3 5 4 5 4 2 5 1 2 4 1 3 4 3 3 1 4 4 2 1 2 3 3 3 2 3 4 3 5 4 5 2 5 2 4 3 5 3 3 5 2 2 1 4 1 4 5 3 3 2 4 1 5 2 4 1 3 4 1 2 5 2 4 5 3 5 3 2 1 1 4 4 5 4 3 4 5 5 5 4 3 3 4 3 1 5 3 2 2 5 2 2 4 4 1 5 4 2 2 2 2 2 2 3 2 3 5 5 3 2 4 2 3 3 2 3 4 3 3 3 4 5 5 3 1 1 1 5 4 5 5 2 2 2 2 3 4 1 4 5 3 3 1 5 1 4 3 3 2 5 2 3 5 3 1 4 4 5 5 3 2 4 1 5 2 4 4 1 3 2 5 1 2 5 2 4 4 4 1 1 1 5 5 3 5 1 4 5 1 1 4 4 5 1 1 3 4 5 5 2 4 3 3 2 4 3 2 3 3 1 2 4 2 4 3 2 5 5 2 2 2 3 4 4 5 5 3 5 5 1 2 2 3 3 2 3 5 4 2 5 2 4 5 4 5 2 3 3 1 2 2 5 2 5 5 4 5 2 1 4 1 2 2 1 3 3
1 1 5 2 4 2 3 3 2 4 2 1 3 2 5 5 4 4 2 4 3 2 4 5 3 3 4 5 3 3 1 1 5 3 1 5 3 2 5 4 3 5 4 1 4 4 4 1 3 1 5 4 4 4 5 3 1 5 3 4 2 2 5 4 4 2 3 5 1 1 3 3 3 3 2 1 1 5 4 4 2 2 4 4 2 1 5 5 1 5 2 5 2 3 2 1 3 4 5 3 3 1 4 3 3 2 1 1 4 1 2 3 0 3 4 3 5 5 4 3 5 3 5 2 4 4 1 5 2 4 4 5 4 1 4 1 2 2 2 3 5 1 1 3 3 5 2 5 2 2 3 3 4 1 3 1 3 1 2 3 5 4 3 4 5 5 2 4 2 4 3 4 4 2 3 4 4 2 5 3 5 4 3 3 3 3 4 3 1 3 1 5 4 4 4 1 4 1 4 1 3 3 4 2 2 2 3 5 1 5 5 2 3 4 5 1 5 5 4 1 4 5 4 4 1 5 5 2 5 1 3 2 5 4 1 5 3 4 4 4 5 1 2 2 5 5 2 4 1 5 2 1 3 1 3 1 1 1 3 2 4 4 5 1 1 4 4 3 1 1 2 4 4 5 4 2 1 5 5 3 4 3 4 1 4 5 3 1 2 2 4 5 4 3 1 5 1 3 5 1 4 4 3 1 3 3 4 2 1 2 3 1 5 1 3 4 5 1 1 2 2 5 3 4 3 4 1 1 4 2 5 5 4 3 3 3 5 2 2 3 2 5 1 4 2 1 4 3 4 2 2 5 2 1 1 2 5 1 1 5 2 3 1 3 3 3 4 2 5 1 5 4 3 5 5 2 3 3 4 1 1 5 4 5 5 3 2 3 1 1 5 4 5 1 3 5 2 2 1 5 4 1 1 4 5 1 4 2 4 4 1 4 3 5 5 3 1 2 2 2 4 2 4 1 4 5 1 1 5 3 2 3 3 3 3 4 4 1 3 1 3 4 2 2 2 1 1 5 5 5 1 4 3 2 2 1 5 3 3 4 1 5 2 5 4 5 5 4 2 1 2 1 4 4 2 5 4 3 3 1 2 3 3 4 2 3 4 5 3 4 3 3 3 5 5 1 3 3 1 5
4 2 5 3 1 4 1 4 4 1 5 2 2 4 3 5 4 3 2 3 1 1 3 1 3 3 4 3 4 1 3 2 5 2 4 5 3 5 3 1 5 3 2 1 5 5 3 4 3 4 5 3 3 3 5 1 5 3 2 5 1 5 4 2 2 2 3 2 5 1 4 2 4 3 4 2 2 3 1 3 2 1 4 4 4 3 4 3 1 2 2 1 1 5 4 5 2 4 2 3 5 1 2 1 5 5 1 2 1 4 2 5 3 0 1 1 2 1 2 1 5 1 1 3 4 3 1 3 5 5 5 1 5 5 5 2 5 4 1 3 5 4 2 1 4 2 2 1 4 4 4 1 3 1 5 1 1 4 5 3 1 2 2 3 1 1 3 3 1 4 3 4 5 3 3 4 3 5 3 1 5 2 1 3 2 1 1 4 3 2 4 1 1 3 4 1 5 4 5 2 2 2 4 4 5 5 4 5 2 1 3 3 2 1 1 5 5 3 1 4 4 1 5 1 2 3 5 1 1 2 2 2 5 4 3 5 2 5 3 5 5 3 5 1 4 5 3 5 1 1 2 5 1 3 5 5 3 4 3 2 1 4 3 5 2 2 5 2 2 5 3 5 1 3 4 3 2 3 4 4 3 5 1 1 3 3 4 5 1 4 5 2 5 1 4 4 3 2 5 4 5 3 3 2 4 3 1 3 2 2 3 3 3 2 2 2 3 1 2 3 5 5 4 5 2 5 2 1 4 5 2 5 3 3 4 4 5 5 5 5 3 2 3 2 5 4 2 3 4 4 2 4 5 3 2 5 2 3 3 3 4 4 5 1 4 3 2 3 5 1 5 3 2 2 1 2 1 4 2 3 1 5 5 5 1 1 3 2 3 4 4 4 2 1 1 5 5 3 1 4 1 4 4 2 1 3 2 5 5 3 1 2 4 1 4 5 3 4 5 4 3 5 5 1 3 2 4 3 4 4 3 2 5 4 3 3 5 2 4 3 4 1 1 3 1 1 5 2 2 2 2 1 2 1 1 1 5 3 3 1 4 2 1 3 2 2 5 4 4 4 3 2 3 3 5 3 3 4 5 1 2 5 4 1 3 3 4 1 4 3 5 1 4 1 3 2 2 3 2 3
1 2 5 2 1 2 3 3 5 5 3 3 5 3 3 2 5 5 4 1 1 2 1 4 4 3 3 3 4 2 4 3 5 1 3 2 1 5 5 2 5 1 4 2 1 3 2 4 1 3 3 4 4 3 4 5 2 4 3 4 4 1 1 5 5 3 5 2 5 2 1 1 4 1 1 2 2 1 2 2 4 2 5 1 5 4 2 2 5 4 2 4 5 1 2 2 5 2 3 1 5 4 3 2 1 3 5 3 4 1 3 3 3 5 0 1 2 4 5 1 5 3 4 1 2 4 5 3 1 4 1 3 3 1 3 5 3 2 3 1 3 3 5 1 2 5 1 3 3 2 2 4 3 2 5 5 2 5 3 1 4 1 5 1 4 1 4 1 2 3 2 4 2 3 5 3 3 5 2 3 3 4 5 2 3 3 3 3 1 4 4 4 1 5 5 1 4 2 4 4 1 3 5 4 2 5 5 3 4 3 3 2 4 1 5 4 5 1 5 5 2 4 2 3 3 1 2 2 1 5 3 4 2 2 5 5 2 1 4 4 3 4 3 5 1 5 4 3 1 2 4 2 5 2 5 3 5 3 2 2 1 1 4 1 1 3 3 2 3 3 2 1 4 4 5 3 1 4 5 2 4 5 3 2 1 3 3 5 1 1 4 4 2 5 3 3 5 1 4 3 3 3 1 3 1 2 1 5 5 2 4 5 5 2 2 3 4 2 4 3 5 5 4 4 4 3 4 2 5 3 3 4 3 5 1 2 3 2 2 4 2 1 4 1 3 4 3 3 2 1 2 3 5 2 2 4 4 4 1 1 2 3 4 1 2 2 3 1 4 4 1 2 5 1 5 4 5 2 1 1 5 5 3 5 5 1 3 1 5 3 3 4 1 1 3 4 5 1 2 3 5 1 4 4 4 5 5 1 2 4 4 1 4 1 3 3 2 2 1 1 2 3 5 1 3 5 1 4 3 3 5 3 3 5 4 5 4 4 3 5 2 5 4 2 4 4 3 1 2 5 2 4 2 4 3 5 5 2 5 2 3 3 4 3 4 1 1 1 5 2 4 1 2 3 2 2 2 1 1 1 4 2 5 5 1 1 2 3 1 1 4 1 5 2 1 4 2 2 4 1
4 3 2 2 1 2 1 3 1 5 3 2 5 5 4 2 4 2 5 2 2 5 5 5 3 1 3 1 2 1 1 4 3 1 5 3 4 4 5 2 5 1 2 3 5 5 2 3 5 5 2 1 3 4 5 5 3 5 3 3 4 4 2 2 3 2 1 4 5 1 1 2 1 3 5 4 3 2 1 1 1 1 5 5 2 5 5 1 4 2 1 5 1 1 1 4 2 2 4 5 3 2 3 3 3 1 3 2 2 3 1 1 1 4 4 0 2 2 4 4 4 3 5 2 4 4 5 1 3 2 1 5 2 3 1 2 5 5 1 1 1 4 3 3 4 4 5 4 3 2 2 4 2 4 2 4 5 4 1 4 5 4 4 1 2 2 2 4 5 1 4 5 4 3 4 1 3 3 5 2 4 4 5 4 3 1 2 1 2 3 5 2 2 1 3 3 5 5 4 4 2 4 4 2 1 1 5 1 5 1 3 1 1 3 5 1 3 5 3 2 2 1 2 5 5 1 3 5 3 3 2 3 1 1 3 5 2 3 2 2 3 1 5 5 1 5 5 1 2 1 5 3 1 2 1 3 4 1 1 5 3 1 5 1 5 1 2 5 1 3 3 4 5 5 1 5 5 2 3 1 1 1 1 1 1 2 4 4 5 4 2 4 5 2 3 4 4 5 4 5 2 3 1 4 3 1 2 5 3 4 2 5 3 3 1 2 5 3 1 4 2 5 2 4 4 5 2 3 4 1 4 1 3 5 4 3 4 3 2 4 1 3 4 5 2 3 1 4 1 1 4 5 3 3 2 5 2 1 5 4 2 1 4 1 2 2 4 1 4 4 5 5 1 1 1 3 5 2 1 4 5 1 4 1 2 2 4 3 4 1 4 1 5 4 4 4 4 4 1 2 1 3 4 2 1 2 4 1 1 3 4 1 4 5 1 4 2 2 5 3 4 2 2 5 1 1 4 4 2 3 1 5 4 2 3 5 2 4 1 3 5 3 2 1 1 5 1 1 1 4 2 5 5 3 5 5 4 1 4 1 2 1 4 1 4 4 3 1 5 3 4 1 3 2 2 2 5 5 2 4 1 3 4 3 1 2 1 4 4 2 5 2 1 2 1 1 2 3 1 4
5 4 4 1 4 1 2 4 5 1 3 3 1 3 1 3 3 2 5 4 4 5 1 1 2 4 1 4 1 1 2 3 5 5 5 2 4 1 4 5 2 4 4 2 3 2 2 4 5 5 5 2 1 3 3 2 5 1 5 5 4 5 4 5 1 3 2 3 5 3 5 3 3 4 1 1 4 2 3 1 2 1 4 1 1 1 1 2 2 2 3 3 5 2 5 3 5 1 3 1 4 3 2 2 2 1 4 1 3 1 1 5 5 1 3 3 0 4 1 5 3 2 5 1 2 2 1 4 3 3 1 2 1 2 4 2 2 2 5 3 4 2 4 2 3 1 2 1 2 3 1 5 4 5 2 3 3 4 5 1 1 5 5 2 2 1 4 5 2 4 4 5 3 2 3 3 4 4 1 2 5 3 4 1 4 4 5 4 1 2 1 2 4 2 5 3 2 2 4 3 2 5 3 5 3 5 1 3 2 5 2 5 3 1 1 1 3 2 5 4 2 5 1 5 2 4 4 5 1 4 3 2 2 5 5 3 3 2 4 1 1 5 2 4 4 1 2 2 5 3 2 4 3 4 3 4 4 5 5 5 1 4 3 5 4 1 2 3 4 1 3 2 1 4 3 5 1 5 5 1 3 4 1 2 3 2 4 1 2 1 4 5 5 1 1 2 4 5 3 5 4 3 4 2 5 5 3 5 3 1 2 5 4 1 2 4 4 5 3 2 3 2 4 3 5 3 4 4 1 5 3 5 1 3 5 3 4 1 1 2 1 3 1 2 4 1 4 4 4 2 5 5 3 2 2 4 4 2 2 3 4 2 3 3 3 4 5 1 2 5 4 3 2 3 4 1 2 5 5 4 4 5 5 3 5 5 2 3 4 3 3 1 4 3 3 5 4 4 4 3 4 5 3 1 1 1 1 5 1 1 5 4 5 3 3 4 4 4 5 2 5 1 1 4 1 3 3 5 3 5 4 4 3 4 3 4 4 4 3 5 3 5 2 5 2 5 4 5 2 5 2 3 5 2 5 3 3 1 2 1 2 3 5 1 3 5 4 2 2 3 1 4 4 5 5 4 5 2 1 2 3 3 3 3 3 3 4 4 5 4 3 4 3 1 2 4 3 5 2 3
1 5 4 4 4 3 1 5 2 3 5 5 4 2 4 5 3 4 5 3 4 1 1 1 1 5 4 2 4 1 5 3 4 2 2 2 1 4 5 4 1 4 3 4 4 1 5 2 4 3 3 4 2 3 3 4 2 5 5 1 3 3 1 2 3 5 3 2 2 3 2 2 2 4 1 2 4 5 5 5 2 1 4 5 5 2 5 5 3 2 2 3 5 3 2 1 1 1 5 4 5 2 1 2 5 2 1 4 4 2 1 4 1 5 2 1 5 0 2 1 2 2 5 3 3 4 1 2 3 3 1 1 1 3 1 2 1 3 3 2 1 4 5 4 5 5 1 1 3 2 3 3 1 3 5 1 4 5 5 2 2 1 3 4 3 1 5 1 4 3 2 5 1 3 3 1 2 5 1 3 3 4 2 3 4 3 2 2 2 5 5 5 4 5 4 3 1 4 1 3 2 3 2 4 4 3 3 5 3 5 1 1 3 3 5 1 5 1 3 1 2 1 4 5 4 5 1 4 3 4 5 3 1 1 1 5 5 3 1 3 1 2 3 2 3 5 2 2 5 2 3 5 4 3 4 2 2 3 2 4 1 1 5 4 5 5 1 3 3 4 5 3 1 1 1 1 4 4 5 1 5 3 4 4 5 1 3 1 5 2 3 2 5 2 4 4 2 3 4 4 1 1 5 4 4 1 5 1 1 3 1 1 3 4 2 4 2 5 1 2 2 2 2 4 1 1 1 2 5 3 1 2 3 4 4 1 1 2 4 5 5 4 3 5 4 1 3 3 3 5 3 2 1 3 5 5 3 5 3 3 3 2 4 5 2 5 5 3 5 3 1 1 1 4 1 4 2 2 2 1 3 5 1 2 1 4 2 2 3 2 2 5 3 1 5 3 2 2 1 5 5 5 4 4 2 3 4 2 4 1 5 3 3 3 5 2 1 3 2 5 2 5 5 2 1 1 3 5 2 1 2 2 1 1 2 5 4 3 4 2 1 1 3 3 3 2 3 4 4 5 3 5 3 3 3 5 5 2 4 5 3 5 5 2 2 1 2 1 2 5 2 2 3 1 4 2 2 3 4 2 5 1 2 3 4 5 2 2 1 3 2 2 5 4 1 4 1 1 3 5
1 2 5 4 3 4 4 2 2 5 1 1 1 1 4 5 3 3 4 5 4 3 2 3 1 3 1 5 5 1 4 3 5 4 1 1 2 3 4 3 2 3 4 4 1 5 3 3 4 1 5 5 1 5 1 2 3 2 5 4 4 4 2 5 1 3 5 4 5 1 2 2 1 1 4 1 3 3 4 1 2 2 1 2 2 4 4 5 1 4 3 1 1 5 3 4 3 1 1 4 5 4 2 4 5 1 5 3 1 3 4 1 3 1 4 4 4 3 0 2 1 3 4 3 2 4 3 4 5 5 1 5 5 4 5 1 4 4 2 4 2 1 1 5 1 1 5 5 3 5 4 3 1 1 3 4 5 2 4 1 3 5 3 4 4 2 1 5 2 1 4 3 2 4 2 3 1 3 1 4 1 4 4 4 3 2 2 4 3 3 3 2 5 1 4 3 4 3 5 2 1 1 1 5 2 1 5 3 4 1 3 4 5 1 3 1 2 4 2 5 5 3 2 4 3 4 3 3 4 5 4 3 5 3 3 5 4 2 3 2 1 3 2 5 1 3 2 5 2 2 1 2 5 1 3 4 3 5 4 5 3 5 1 5 4 1 5 2 5 5 5 2 2 2 2 3 3 3 2 1 1 1 5 4 1 5 5 2 4 4 5 1 3 2 3 5 5 1 5 3 3 3 1 5 5 3 5 3 2 3 5 5 1 2 2 3 3 2 1 4 2 4 4 4 4 3 2 1 1 4 4 4 4 2 3 3 1 2 3 1 1 4 4 5 5 4 4 1 2 2 5 1 5 3 5 4 3 3 1 1 4 2 4 4 1 4 3 4 4 3 2 1 4 5 5 1 5 4 5 3 5 4 5 3 5 2 3 4 2 4 1 3 3 1 2 1 1 5 2 1 2 2 4 2 2 2 4 3 4 3 5 2 1 2 1 1 5 3 2 4 5 4 1 1 5 2 2 1 5 5 1 4 4 2 5 5 2 5 3 1 3 2 1 1 4 1 5 3 4 2 4 1 5 4 1 5 3 2 1 1 4 1 5 2 5 3 2 2 4 1 2 3 3 2 2 4 2 5 3 4 2 5 1 5 1 5 2 2 3 3 4 2 1 4 4 1 5 2 2 1
1 3 2 3 3 5 3 5 2 1 5 3 1 4 5 2 1 5 5 1 4 1 1 4 3 4 1 4 3 2 2 5 4 4 5 4 2 2 5 3 5 5 3 2 4 4 4 2 5 3 2 3 4 3 5 1 2 5 5 4 1 1 1 2 3 4 4 2 4 4 4 2 1 4 4 4 2 1 5 4 1 4 4 4 1 5 3 5 1 2 4 2 4 5 4 2 4 4 3 3 4 5 1 4 2 1 1 4 2 5 3 4 1 4 4 4 1 4 2 0 5 1 2 3 3 3 3 3 5 3 2 5 3 2 1 3 1 2 1 2 4 3 5 5 4 1 5 4 2 3 3 5 5 2 5 2 1 1 1 2 1 5 5 3 4 1 3 5 4 5 4 3 4 1 1 3 1 3 2 3 2 3 5 1 4 3 2 2 5 2 2 2 3 5 5 1 3 5 5 4 2 2 2 1 2 5 1 1 3 1 1 5 3 3 2 3 4 4 1 3 5 4 5 2 2 3 1 3 4 3 1 2 2 1 3 4 3 3 5 4 1 3 1 1 3 2 4 2 1 2 2 5 1 4 2 1 2 3 4 3 3 5 5 1 5 5 1 2 5 5 5 5 2 5 4 3 5 2 2 2 4 2 5 3 2 4 3 4 5 4 1 5 3 3 4 4 4 1 4 1 2 4 4 1 2 4 5 1 5 2 2 1 1 5 2 1 2 3 3 2 5 4 1 5 5 3 3 2 3 3 1 4 1 1 1 2 3 2 1 2 2 4 4 2 2 4 1 5 4 4 5 3 5 3 2 3 1 4 1 1 2 1 1 5 5 5 3 2 2 1 2 1 1 1 1 4 2 4 4 5 3 2 5 3 3 3 4 4 1 1 2 5 1 2 5 3 5 5 4 1 2 3 3 3 5 1 3 3 4 5 5 1 4 4 4 5 3 2 1 4 5 5 1 5 2 1 3 4 3 3 5 1 3 4 4 5 2 2 4 5 4 4 2 2 4 2 3 1 5 5 1 4 3 1 5 3 4 2 3 3 4 4 2 4 3 5 2 2 3 1 5 2 2 2 2 3 5 5 4 2 5 2 1 4 4 5 2 2 1 3 2 4 2 2 2 2 1 5 2 5
3 1 4 1 1 4 5 4 4 4 4 1 2 1 1 2 5 2 3 3 1 4 1 3 4 3 4 4 1 2 4 4 4 4 5 3 3 2 4 4 5 5 4 2 1 3 3 3 5 5 5 5 3 1 5 3 4 4 2 2 4 2 4 5 1 1 4 4 4 4 1 3 4 1 4 2 5 3 2 4 2 5 4 5 2 5 4 3 3 1 5 2 5 5 5 4 3 4 2 2 2 2 3 3 3 3 2 2 2 5 1 2 4 5 4 3 4 2 1 3 0 5 3 3 3 4 3 5 1 2 4 2 5 3 1 5 5 1 2 1 4 3 2 4 4 3 1 3 2 2 2 3 4 1 5 2 2 3 3 3 3 3 2 4 2 5 1 3 5 2 5 1 4 1 4 2 2 3 4 3 2 3 4 2 2 3 3 1 4 1 3 5 1 1 1 1 2 2 1 2 1 2 2 4 1 3 4 3 4 5 5 5 4 5 4 1 4 2 3 5 5 1 2 2 2 5 2 3 1 3 4 1 4 2 3 4 5 4 5 1 3 3 3 5 5 1 4 2 5 4 1 3 1 2 2 5 2 3 3 4 4 1 3 1 3 1 2 5 3 1 5 5 2 5 4 2 3 2 2 2 3 4 2 4 5 5 1 3 3 4 2 5 1 2 3 5 4 4 2 2 1 2 4 1 4 2 4 5 3 1 4 1 4 1 5 4 4 3 2 5 2 1 3 2 4 3 2 3 5 3 1 1 3 5 2 4 4 4 2 3 5 5 3 4 4 1 3 4 5 3 4 3 2 2 4 3 4 3 2 3 3 3 4 3 5 1 4 1 4 1 2 2 2 3 3 3 5 4 5 3 3 3 1 4 5 1 1 3 2 3 2 3 5 2 3 2 5 2 4 1 1 2 2 5 4 5 1 1 2 2 4 4 1 2 4 3 4 5 4 4 3 4 5 4 5 1 2 1 2 5 3 4 4 3 5 1 4 2 4 5 3 3 5 5 2 1 2 3 5 4 1 2 4 2 3 3 5 3 5 5 2 5 4 2 4 2 3 4 3 4 4 1 3 3 4 2 1 3 2 3 3 5 5 3 1 1 4 3 5 2 1 1 5 3 3 1 4 2 2 1
1 2 4 3 4 2 5 2 2 4 4 2 2 2 5 1 2 4 3 3 4 5 3 2 3 1 1 4 3 1 1 1 3 2 3 4 5 1 4 3 3 1 3 2 3 3 1 3 4 2 2 3 4 3 5 5 4 2 3 3 2 1 1 4 3 2 3 2 3 1 1 2 1 1 1 2 3 5 2 5 2 5 1 5 3 5 1 5 2 4 5 4 1 2 1 2 3 2 1 3 1 5 3 3 4 2 1 5 3 5 2 4 1 4 2 2 5 3 3 3 4 0 1 2 1 2 3 4 3 2 1 2 4 2 1 4 4 1 2 1 2 2 2 4 3 1 5 2 5 3 3 1 1 2 5 2 5 5 5 5 1 4 4 4 4 4 4 4 5 2 4 3 2 3 1 5 3 1 4 3 4 4 4 2 1 2 2 4 2 3 4 2 4 3 2 5 1 3 5 3 1 5 4 4 5 3 3 1 5 1 5 4 5 5 5 3 5 2 2 1 3 5 2 5 4 3 5 5 4 5 2 1 3 2 3 2 4 2 4 2 4 1 5 3 4 4 3 2 5 1 4 2 1 4 4 1 3 5 1 4 1 5 3 2 4 3 3 2 3 3 4 1 5 5 3 2 1 5 3 5 5 5 2 2 4 2 2 2 3 1 2 4 4 1 3 2 4 4 2 4 2 3 2 5 3 2 4 3 2 1 4 5 3 1 2 2 3 5 3 3 3 2 4 4 5 2 2 4 2 4 1 2 1 4 2 1 1 4 3 4 2 2 1 3 3 1 3 5 3 1 5 5 3 4 5 4 2 1 5 3 4 3 2 5 4 5 5 1 3 3 5 2 1 3 5 3 4 4 5 2 5 1 2 2 2 5 3 5 1 1 1 5 3 4 1 1 3 5 2 1 3 2 3 1 3 3 3 5 3 2 4 1 2 3 3 2 4 5 5 4 3 3 1 4 4 4 5 1 5 3 5 2 2 1 3 2 5 5 4 1 5 1 5 1 4 2 2 4 2 4 4 5 5 3 1 4 3 5 5 3 3 4 3 5 1 4 5 4 1 1 1 1 2 3 3 3 2 1 4 5 2 4 4 1 4 1 3 5 3 2 5 1 1 5 2 4 4 2 4 5
1 1 5 4 3 2 2 2 5 3 1 3 1 1 5 1 4 5 3 4 5 4 3 4 4 3 2 4 1 3 2 3 2 5 4 1 1 2 3 4 4 4 1 1 2 5 1 2 5 1 4 2 3 1 2 2 5 4 5 1 4 5 5 2 4 4 2 5 3 2 4 4 2 1 5 3 5 2 4 4 5 4 3 2 1 1 4 2 5 1 5 4 2 5 5 3 2 4 2 3 3 4 3 3 3 1 5 2 3 4 3 2 3 5 4 1 4 2 1 2 2 5 0 2 2 4 4 5 1 2 4 5 1 5 2 5 1 1 5 3 1 4 1 2 4 2 1 3 5 3 3 3 3 3 1 1 2 5 4 4 2 2 2 4 2 1 2 5 4 5 4 1 5 3 5 4 5 2 1 5 1 2 1 5 1 3 5 2 5 3 5 3 3 5 5 3 4 2 1 3 2 1 1 2 4 3 4 4 4 4 4 5 4 3 3 4 4 2 3 1 1 2 1 3 3 3 3 3 5 3 2 3 1 5 3 1 5 1 3 3 3 2 5 5 3 5 5 3 2 4 5 3 2 5 5 1 4 5 3 5 2 5 2 1 3 1 2 2 3 2 3 4 5 5 3 3 5 4 4 2 1 5 1 5 3 3 2 2 1 3 3 2 2 4 2 1 1 3 5 5 2 4 3 1 3 2 4 2 5 3 3 2 1 2 1 2 5 3 3 1 5 1 4 1 5 1 2 4 4 5 2 1 1 3 1 3 1 2 1 1 2 5 3 4 3 3 1 1 1 2 2 5 2 3 4 2 4 4 3 1 2 1 5 2 3 4 3 4 3 3 3 5 2 1 1 4 3 5 4 3 5 4 4 1 3 5 3 2 2 3 3 3 4 4 3 4 4 4 3 5 2 1 2 3 2 1 3 4 3 4 1 5 3 5 5 2 3 4 2 4 2 5 2 4 1 2 3 4 5 5 4 1 1 1 1 1 5 3 5 5 4 1 1 1 5 4 1 5 5 1 3 3 4 2 3 5 4 1 3 3 5 1 1 2 3 4 2 1 4 1 2 1 3 5 5 1 1 5 3 5 5 2 3 1 4 2 4 5 5 2 2 4 4 4 2 4 3 2 5 1
3 4 2 1 2 1 4 1 3 3 4 5 5 4 2 2 4 4 2 2 4 1 3 1 1 1 4 1 3 1 3 4 1 4 2 3 2 4 3 2 5 3 1 1 2 3 3 4 5 4 1 5 3 1 2 3 2 2 1 5 1 1 4 1 5 3 4 4 4 4 5 1 3 2 2 4 4 3 2 2 4 1 1 5 4 1 5 5 3 2 3 2 3 4 2 4 4 1 5 2 1 3 4 5 3 1 2 1 2 4 2 4 1 2 1 2 2 2 1 3 2 3 4 0 2 1 2 3 3 5 4 3 1 1 3 4 4 2 1 5 3 4 5 4 3 5 4 4 3 1 3 5 5 5 3 3 1 5 1 1 3 5 1 2 1 2 5 4 3 3 2 4 5 5 5 4 3 3 1 2 3 5 5 3 3 2 2 4 3 3 4 5 1 1 3 3 2 4 1 5 5 2 3 4 2 5 4 4 3 1 1 3 5 2 2 4 5 1 1 4 4 2 2 3 5 1 1 4 4 5 1 3 3 2 2 1 3 5 4 4 2 1 1 2 4 5 4 3 4 2 1 4 2 1 3 1 2 5 3 4 3 2 3 2 1 5 4 5 3 5 2 2 1 1 2 5 1 5 4 1 4 1 3 4 3 4 2 4 1 2 5 2 3 2 5 4 1 5 4 3 3 3 5 4 5 1 2 4 2 1 4 4 5 4 3 4 2 4 1 3 2 1 2 3 5 4 4 2 4 3 1 4 1 3 5 4 2 2 2 5 5 2 2 3 5 4 3 2 3 2 1 1 3 5 1 2 5 2 2 1 3 1 4 5 2 1 4 2 5 4 5 3 4 3 1 2 3 2 5 4 2 1 5 1 4 1 4 4 5 1 3 5 1 4 3 5 1 1 4 2 5 3 4 5 2 2 1 1 5 4 4 2 5 4 4 4 1 5 1 4 5 2 3 1 3 4 2 1 1 3 5 4 1 2 3 5 2 2 4 2 2 3 1 5 1 2 2 1 1 2 1 1 2 3 1 1 5 4 4 5 3 3 5 3 3 3 1 1 3 3 1 5 2 5 3 2 1 3 2 2 5 3 4 2 2 1 2 1 4 2 5 4 4 1 5 1 2 1 1 2
2 3 5 4 2 2 3 4 2 5 2 5 4 5 5 5 2 3 3 4 2 1 5 4 5 3 1 2 2 2 2 4 3 1 2 3 4 4 1 4 3 4 3 4 5 2 5 3 5 2 3 4 3 3 3 5 2 3 2 3 2 5 1 3 1 4 4 5 4 1 2 5 2 4 3 4 5 3 2 3 5 5 5 1 5 2 2 2 3 5 4 1 2 3 2 1 5 5 3 5 4 2 4 5 4 5 5 5 5 5 2 3 1 5 1 4 5 2 5 3 4 1 2 5 0 2 2 3 5 4 2 3 1 2 4 2 1 1 3 3 5 3 5 5 5 5 4 5 4 1 4 2 1 4 1 3 1 2 2 2 5 5 3 1 1 3 5 4 2 5 3 2 2 4 2 3 3 4 3 3 5 2 2 3 1 2 1 2 5 3 4 3 3 3 2 5 1 5 2 3 2 2 4 2 3 3 5 1 1 5 2 1 1 3 2 2 2 2 3 1 5 5 3 3 3 3 1 1 1 3 3 4 1 1 3 2 1 1 4 5 3 3 2 2 2 4 3 5 5 1 5 5 1 2 4 2 2 5 3 4 3 2 5 2 3 1 2 5 5 2 4 2 1 5 5 2 4 3 4 2 4 3 5 4 1 1 5 2 1 1 5 2 1 3 3 2 1 2 4 3 3 5 5 5 4 2 1 2 1 2 3 4 3 2 3 2 3 5 1 1 5 4 3 1 2 5 5 4 4 1 1 2 5 5 3 2 3 5 3 3 3 2 5 5 1 5 4 3 5 5 2 5 2 3 4 1 2 3 2 1 1 1 3 2 1 5 5 2 4 3 1 1 4 5 2 1 4 3 2 4 1 4 2 2 4 5 1 2 5 3 5 4 5 1 4 3 2 4 5 1 2 3 4 1 1 1 4 3 3 2 2 2 4 1 2 3 4 5 2 4 3 4 1 1 3 3 5 5 2 1 5 2 1 3 5 4 5 2 1 1 3 5 2 5 2 3 4 1 4 5 3 5 3 1 2 2 5 4 2 1 1 2 2 4 4 5 1 3 4 3 1 5 4 2 4 4 3 5 3 4 5 4 1 1 2 2 4 3 3 2 1 3 3 2 2 4 2 2 5 5
2 5 1 3 4 2 1 4 3 3 3 2 2 5 2 1 4 5 3 1 5 2 4 1 1 1 5 3 5 4 5 1 4 2 2 3 3 2 2 5 5 3 2 1 5 5 5 4 5 3 3 3 4 3 2 4 1 4 5 3 3 4 3 2 4 5 3 3 2 5 1 5 2 2 2 3 1 3 5 4 5 4 1 2 3 1 3 4 3 1 1 5 5 4 2 1 2 5 5 1 3 1 4 2 4 5 5 4 1 2 2 2 1 2 4 4 5 5 1 2 1 5 2 2 2 0 3 4 1 1 4 1 3 5 1 3 1 4 3 1 3 3 1 4 3 1 2 2 5 5 4 5 2 1 2 3 4 4 2 2 3 3 5 1 4 2 5 4 1 5 4 4 1 2 5 2 1 3 2 3 2 4 1 5 4 3 2 2 4 5 3 4 5 1 4 4 1 5 5 3 1 3 1 3 5 2 2 2 4 3 1 2 2 3 3 4 1 4 5 1 3 4 3 1 4 1 4 4 3 1 4 3 4 5 5 1 1 5 2 1 5 5 2 4 5 4 2 1 4 4 3 4 4 4 4 3 1 3 4 2 4 3 3 1 1 5 2 4 2 2 5 1 1 1 2 3 5 4 5 5 1 1 4 4 1 3 4 5 5 1 3 1 4 5 1 5 3 3 1 2 1 4 4 2 3 5 1 3 5 4 1 2 1 2 1 4 4 3 2 2 5 3 4 4 2 4 3 4 1 3 3 4 3 4 5 1 5 3 2 1 1 2 3 2 4 2 2 2 1 5 1 3 3 2 4 2 4 2 2 1 5 2 2 1 2 3 4 4 4 3 5 5 5 2 4 3 1 1 3 4 3 2 4 1 5 4 2 3 2 3 1 2 3 5 1 2 5 5 2 2 2 5 1 5 4 3 4 5 1 4 4 2 5 4 4 5 4 4 4 2 3 1 2 3 4 3 1 2 5 2 5 2 2 3 4 3 4 2 2 4 3 5 3 3 3 3 4 2 3 2 2 1 2 3 5 1 5 3 5 2 5 2 4 3 5 4 2 4 5 3 2 4 2 2 2 1 3 1 5 5 5 3 2 2 3 4 3 2 1 4 2 1 5 5 4 4 3 4 4 1
4 2 1 1 2 3 5 3 3 5 5 3 5 2 1 2 1 5 5 3 4 4 1 3 4 2 2 3 2 4 5 5 5 1 3 2 3 2 1 2 5 1 3 2 3 3 1 2 5 1 5 2 4 5 1 2 3 2 3 2 3 1 1 1 5 4 3 3 4 3 5 1 4 4 3 1 2 5 4 3 5 5 4 4 4 4 3 4 2 1 5 1 4 4 3 3 2 5 1 3 3 5 1 3 1 4 3 3 5 1 3 4 3 1 1 3 4 5 5 2 4 4 3 4 5 4 0 2 5 1 2 5 5 2 3 1 2 5 3 4 3 3 1 5 1 3 3 4 5 2 4 3 3 3 2 1 1 1 4 5 5 5 1 2 1 4 1 3 1 2 1 1 1 5 3 3 4 2 1 4 3 5 3 2 3 2 5 2 4 5 4 2 1 5 3 1 1 4 3 3 4 2 2 5 4 4 2 3 1 3 2 3 3 1 2 5 4 4 4 1 5 2 5 1 1 1 1 2 5 4 1 1 1 5 1 5 1 1 3 4 2 5 1 2 3 4 2 3 2 2 5 3 1 2 1 1 4 4 4 5 4 5 1 5 4 5 5 4 4 4 5 4 3 2 4 4 5 3 3 5 5 1 3 5 4 3 1 4 4 2 5 1 1 5 3 4 3 4 4 1 2 1 1 3 2 2 4 5 1 3 5 5 4 4 5 3 2 3 4 3 5 2 3 3 1 4 4 2 4 3 2 2 3 3 4 4 4 1 1 2 5 4 1 1 4 1 2 3 5 3 4 4 5 2 5 2 5 2 2 5 2 4 5 1 1 3 5 1 4 1 1 4 5 3 4 1 2 2 4 3 5 4 3 5 1 5 3 3 1 1 4 1 4 4 2 1 1 1 1 3 1 5 1 2 2 2 2 3 2 2 5 3 4 3 4 4 1 3 2 2 1 3 1 3 4 5 4 3 5 5 5 1 1 3 1 2 3 2 1 2 2 5 1 2 2 5 1 3 2 2 2 1 3 1 2 2 1 3 1 5 1 2 2 5 1 5 3 5 3 5 1 4 1 1 4 4 5 2 4 4 5 1 4 5 3 5 1 3 4 1 3 2 3 2 4 3 1 3 3 5
3 1 3 1 1 5 2 3 3 2 1 2 2 4 5 1 5 2 1 5 2 4 5 4 5 3 4 5 3 2 4 3 4 4 3 1 4 3 3 3 2 1 4 4 3 4 2 5 1 2 3 1 5 5 4 4 3 3 2 1 1 2 5 5 3 4 5 5 5 1 4 3 5 3 3 3 3 5 5 1 4 3 2 2 3 5 3 2 5 2 1 1 1 5 4 3 3 3 3 2 4 5 3 4 1 5 5 1 3 5 2 3 5 2 1 4 2 1 1 5 1 3 2 3 4 1 1 0 4 3 4 4 1 4 5 4 2 5 4 2 1 2 5 5 5 1 3 1 2 1 3 1 5 1 5 5 4 5 3 2 1 3 5 2 2 4 3 2 1 2 1 4 2 5 4 5 5 2 3 4 5 3 5 3 5 1 5 3 1 2 5 5 4 3 4 3 1 4 2 5 1 2 5 5 2 3 5 5 4 4 4 5 2 1 4 4 1 5 3 4 5 1 1 2 4 3 4 5 3 4 4 1 2 2 5 2 1 4 2 1 4 2 1 4 3 1 1 4 2 3 4 4 5 1 1 5 4 1 1 1 4 2 1 3 5 3 4 5 2 5 5 3 5 2 4 5 1 2 4 4 1 2 1 1 4 2 1 5 4 3 4 2 1 3 5 2 1 4 4 2 3 2 2 4 1 3 5 1 4 2 4 4 5 2 2 4 4 4 3 4 5 1 1 1 2 3 5 4 5 3 1 2 2 2 3 4 3 1 2 4 2 3 4 2 3 3 3 5 4 3 3 4 4 4 4 5 3 3 3 4 2 3 5 5 5 4 3 1 3 3 4 4 2 2 5 4 5 1 4 4 1 1 3 5 1 1 5 2 2 2 2 4 4 2 4 4 2 1 1 4 1 1 1 1 1 3 2 3 4 1 3 5 2 3 4 3 3 4 1 4 3 5 1 1 5 4 2 5 1 4 5 2 3 3 4 4 1 2 5 5 2 2 1 5 2 5 4 4 1 4 4 3 5 5 2 4 3 3 5 3 3 3 3 5 5 4 2 5 5 4 4 1 2 5 2 1 2 5 2 3 3 4 2 3 3 2 1 2 2 3 2 4 3 4 4 4 5 2 1 5
5 1 1 1 2 1 1 2 1 3 1 2 2 1 3 2 2 1 5 2 3 2 2 3 3 5 2 3 1 3 3 2 4 5 2 1 3 4 4 3 1 5 1 4 5 5 2 3 1 4 4 5 3 2 3 4 2 2 4 3 2 3 5 3 5 1 1 2 2 5 2 1 1 1 4 3 4 4 5 3 5 2 5 3 2 5 5 4 3 5 2 1 2 1 4 2 5 5 4 5 3 1 2 3 4 1 1 4 1 1 1 1 2 4 3 4 2 5 2 1 1 1 2 1 2 3 5 5 0 4 2 2 2 2 3 4 4 5 4 2 2 1 3 5 4 2 2 5 4 5 1 1 2 1 3 4 4 4 4 1 5 4 4 3 1 3 3 5 4 5 4 3 4 1 3 4 4 2 3 5 2 4 5 1 1 5 4 1 1 5 1 2 4 4 2 1 4 3 5 5 3 1 2 4 1 1 1 2 3 5 1 4 2 1 2 5 1 5 2 3 5 3 5 3 4 3 1 4 3 3 2 3 3 3 2 3 4 2 2 5 3 2 4 1 4 1 5 4 1 5 3 1 1 5 1 5 3 5 2 1 4 1 3 2 3 1 1 3 4 4 2 4 2 2 5 2 5 2 5 1 2 4 4 3 2 3 1 5 3 2 3 1 3 1 3 5 5 2 1 2 1 3 1 3 3 5 4 4 5 3 3 2 4 3 4 2 1 3 4 1 5 4 1 5 4 5 5 1 1 2 4 2 4 2 3 1 3 3 1 3 4 4 5 5 5 1 1 2 4 5 3 2 4 2 3 2 4 3 4 3 4 5 2 2 2 4 2 2 2 4 3 3 4 3 1 4 4 5 4 4 3 1 3 1 1 2 1 1 4 4 3 1 1 5 2 3 1 5 2 2 1 4 1 3 4 2 3 5 3 3 3 4 2 3 4 4 5 4 5 2 3 3 5 3 2 1 4 4 1 1 5 3 2 4 3 3 3 3 3 4 5 3 1 2 5 5 4 4 3 3 3 1 4 2 5 5 1 5 3 2 5 1 2 2 4 3 2 5 5 2 2 5 3 2 1 2 3 4 5 5 4 4 5 5 3 2 4 4 3 4 1 2 1 1 3 3 3 4 4 4
2 3 1 2 3 1 4 3 2 5 5 3 5 5 4 4 4 2 2 1 5 1 2 1 1 4 1 3 5 2 2 4 3 4 4 4 4 2 2 5 5 5 4 4 1 1 5 3 1 4 2 5 5 1 1 2 5 1 3 1 3 4 1 5 1 1 3 5 2 4 2 2 5 2 4 2 2 2 2 5 3 3 3 4 4 2 4 4 2 2 5 3 3 3 1 2 2 1 3 3 4 2 1 5 1 1 3 2 5 5 4 3 2 3 2 4 3 2 4 4 1 2 4 3 2 4 3 2 5 0 3 2 2 1 1 2 5 4 5 5 4 3 5 3 3 1 3 4 4 2 2 4 1 4 1 1 2 2 3 1 1 2 2 3 4 4 4 2 1 2 5 4 4 3 1 4 4 3 2 2 2 2 3 3 5 4 4 2 5 5 4 2 1 2 5 5 1 1 5 1 3 3 3 5 4 1 5 3 1 3 4 5 1 2 5 5 2 5 2 1 3 1 1 3 3 3 1 3 5 1 2 2 5 3 3 5 2 5 1 1 3 1 4 2 4 4 5 2 1 3 1 2 4 5 1 3 5 2 3 2 4 3 5 2 4 3 2 4 2 3 1 5 2 1 4 2 4 1 5 1 3 2 4 4 1 3 3 2 5 2 3 3 3 2 4 5 4 3 2 1 1 2 1 1 5 1 3 5 5 4 5 2 4 2 1 2 2 1 4 3 1 2 3 3 4 4 1 1 3 4 1 4 1 2 4 1 1 1 5 2 5 2 2 3 5 2 4 2 4 1 1 2 4 4 2 5 5 3 1 5 4 1 2 3 2 2 3 1 4 1 4 4 5 3 4 5 4 3 3 2 5 2 1 1 2 3 5 5 2 1 4 2 4 2 1 2 3 4 5 4 5 1 4 1 2 1 4 2 1 3 4 2 3 5 3 3 5 2 1 2 5 3 2 1 5 2 4 3 2 2 5 4 5 4 5 3 4 5 3 5 5 2 5 4 3 1 3 4 5 4 4 5 1 4 2 4 1 2 1 1 4 2 2 2 2 5 2 4 3 3 4 4 4 3 4 2 5 5 2 1 5 2 4 4 1 5 1 1 3 1 1 1 1 3 5 3 2 4 5 2
1 2 4 1 1 5 2 3 5 4 4 1 2 5 4 1 3 2 4 3 1 2 3 1 4 2 4 1 2 4 2 5 5 1 4 1 4 1 5 2 4 5 2 4 4 1 2 3 4 3 5 4 3 4 1 1 2 3 3 5 2 2 2 3 1 1 1 1 2 3 1 3 1 2 3 3 2 3 5 4 1 5 3 5 3 4 3 1 4 1 4 5 5 3 1 3 4 5 3 2 5 4 3 3 2 1 3 1 4 5 1 1 1 5 4 1 3 5 5 4 5 2 3 3 1 1 5 1 2 2 0 2 3 5 5 2 2 4 5 1 3 4 3 2 5 3 3 1 4 2 3 2 2 5 4 1 3 2 3 3 1 5 2 2 1 5 1 1 1 4 4 2 5 1 4 3 2 2 1 4 2 2 5 1 5 1 5 3 3 2 3 3 5 5 5 4 2 3 4 1 4 1 2 4 1 2 4 2 1 4 5 4 5 4 3 3 3 5 5 2 5 2 5 4 1 4 1 5 4 5 4 3 2 3 2 1 3 5 1 2 3 2 5 5 4 5 2 5 3 1 4 1 5 4 4 2 3 2 2 1 3 3 1 5 4 4 5 2 1 1 2 2 3 1 4 1 5 1 1 4 4 2 3 2 4 3 3 1 5 3 5 4 3 2 1 2 5 4 2 3 1 1 1 5 5 3 2 1 1 3 1 5 5 1 2 3 1 3 3 4 5 5 1 1 1 4 3 4 2 3 3 4 1 2 5 4 1 5 5 1 3 5 3 1 2 2 1 5 5 4 1 5 3 5 3 3 3 5 2 4 5 3 2 5 2 3 3 1 1 2 3 3 2 5 4 5 1 4 2 3 5 4 5 1 5 5 4 3 3 3 5 2 1 5 5 4 2 4 5 4 4 2 1 4 5 4 5 1 5 4 5 3 2 5 2 5 3 4 1 2 1 3 5 5 4 3 2 4 4 3 4 2 3 2 3 2 1 5 3 2 2 2 5 5 2 1 4 1 4 1 5 4 2 5 5 2 5 1 4 1 4 4 1 4 3 1 4 1 5 5 4 4 4 1 1 3 1 2 4 1 3 4 4 2 2 4 4 5 2 3 3 3 1 2 4 2 4 2 1 1
3 4 4 1 1 3 2 4 4 2 1 5 3 5 4 4 2 1 3 3 1 1 3 2 1 5 4 3 2 2 5 3 1 5 5 2 3 3 1 3 5 4 2 3 5 5 3 2 4 4 4 5 3 1 1 1 5 1 5 4 4 5 5 4 1 5 5 5 5 4 2 3 3 4 4 1 1 2 4 3 4 5 4 4 5 5 3 1 2 3 1 4 3 1 4 2 3 1 2 3 3 2 3 2 3 4 2 5 4 2 3 4 2 4 2 2 5 4 5 5 2 3 3 4 1 1 5 5 2 4 3 0 4 3 1 4 4 1 2 2 3 2 1 1 3 2 4 5 5 3 1 5 4 1 2 2 3 2 4 5 4 2 1 1 1 2 3 5 2 2 2 2 3 2 3 5 3 2 2 3 3 3 3 4 5 3 3 2 4 4 5 3 4 5 4 2 5 1 5 3 4 3 2 5 1 3 3 1 3 4 4 1 5 4 2 5 4 1 3 4 4 3 3 4 4 3 2 2 4 4 1 4 2 4 5 3 3 4 2 3 2 1 1 4 3 1 2 4 5 1 5 5 4 1 3 3 2 3 1 1 4 5 2 4 2 4 5 3 5 4 1 5 1 1 4 4 1 1 4 5 5 2 1 5 1 3 1 4 5 2 2 4 2 1 2 1 2 3 2 3 2 5 2 5 1 3 1 3 1 1 2 3 4 1 5 4 5 2 2 4 3 4 2 5 1 2 4 3 1 4 4 3 3 1 1 4 1 5 1 2 3 2 3 4 2 2 4 2 4 5 3 4 4 3 5 5 5 1 4 3 1 2 1 5 3 2 2 1 4 3 2 4 4 4 5 4 2 1 5 3 5 4 3 3 4 5 1 2 5 4 5 4 2 3 1 5 3 4 1 5 3 4 2 3 2 3 5 5 5 1 1 5 5 4 1 2 3 4 1 1 3 2 2 2 4 4 4 4 3 5 2 5 4 5 1 1 2 5 4 1 2 1 4 4 1 5 3 4 4 5 5 2 1 5 3 5 2 3 3 4 2 1 4 5 1 4 5 4 5 1 5 3 1 3 2 5 1 5 4 3 4 4 1 3 2 4 2 4 5 3 4 3 4 5 2 1 1 5 1 1
4 4 1 3 4 4 2 2 1 1 1 3 4 3 2 3 1 5 4 1 3 5 1 5 1 3 4 4 2 1 2 1 3 3 2 2 2 1 3 5 3 5 1 4 2 1 3 3 5 3 2 2 1 3 2 2 3 2 2 1 3 1 1 3 4 3 5 1 5 4 4 5 2 1 2 1 1 4 3 4 3 5 5 4 3 2 2 4 3 4 4 3 5 1 5 5 4 4 3 5 2 4 1 3 1 3 2 3 3 3 4 1 4 5 3 4 2 5 5 5 4 1 5 3 2 4 2 4 1 3 1 5 0 2 5 2 5 3 4 2 2 3 5 4 5 2 3 2 4 1 2 4 5 3 4 3 2 4 3 3 5 4 5 4 4 5 4 3 4 4 1 1 2 4 5 5 5 4 4 1 5 5 2 2 2 2 3 2 1 3 1 1 3 4 1 5 5 4 5 2 3 4 3 1 3 4 1 3 5 1 2 1 3 2 2 2 1 5 3 5 1 1 3 1 1 1 4 3 3 2 2 4 2 1 1 4 2 4 4 3 2 5 2 4 5 5 3 4 5 2 1 2 2 4 2 2 2 3 5 1 4 4 5 1 1 1 5 1 1 5 4 3 3 2 5 2 3 5 3 4 4 2 5 5 4 1 5 1 4 4 1 1 4 3 1 1 1 4 1 5 4 4 3 4 5 1 4 1 3 2 1 4 3 5 4 4 5 1 4 1 2 4 1 4 2 3 1 3 4 3 4 5 2 5 4 3 1 4 5 5 2 1 2 3 3 4 1 1 2 4 5 4 4 3 1 1 5 1 1 1 2 4 4 5 3 5 5 1 4 2 2 2 1 3 4 3 1 1 1 1 5 4 3 4 2 3 2 2 4 3 3 1 3 4 3 2 2 2 5 2 2 1 1 1 5 5 4 5 1 2 2 1 1 4 3 2 3 4 5 1 1 3 2 4 3 3 3 4 1 4 1 4 4 2 3 2 4 4 2 4 4 3 2 5 2 4 4 4 3 4 2 5 1 2 4 5 5 5 4 3 3 1 2 2 5 1 2 3 2 3 3 5 4 2 4 2 1 5 2 5 3 2 3 5 3 4 2 3 3 2 3 2 2 1 4 2 5 3 1 1
2 3 4 3 3 2 2 2 4 2 2 2 5 5 3 1 5 1 4 4 2 1 1 4 2 2 3 4 3 4 1 3 2 4 3 2 3 5 2 5 4 3 3 4 2 2 5 3 2 2 4 4 5 5 3 2 4 3 3 4 2 5 1 4 3 2 3 1 2 1 2 4 2 2 5 1 1 4 5 1 3 1 4 2 2 1 4 1 3 2 2 3 4 4 4 1 3 5 4 2 4 3 4 3 2 1 4 2 1 1 4 4 1 3 1 1 3 1 5 2 2 3 4 3 1 1 5 5 1 5 3 1 4 0 1 4 3 5 1 2 1 3 4 4 4 5 4 3 5 2 3 3 4 1 4 2 2 2 4 2 5 5 2 3 1 2 3 3 2 5 1 5 2 1 3 5 5 2 4 5 3 1 4 5 5 3 2 2 5 1 2 1 2 2 1 3 4 4 1 4 5 4 2 1 1 3 3 5 4 2 2 5 2 4 3 2 3 3 5 1 3 1 3 3 4 2 5 1 2 5 3 1 4 3 5 2 5 4 1 2 4 5 1 5 5 2 4 5 1 1 1 2 2 1 1 2 4 4 2 2 5 5 4 1 5 3 1 5 4 2 2 3 4 4 2 3 3 3 5 2 5 1 1 4 2 3 2 2 4 3 2 1 2 1 1 4 1 5 2 4 2 3 4 5 4 3 3 5 4 3 4 3 5 3 1 3 2 3 3 2 4 3 2 2 2 2 2 4 5 1 3 1 5 4 1 4 5 4 2 5 5 1 4 4 1 3 3 1 4 4 4 5 4 1 4 1 5 1 4 3 2 1 1 3 1 3 3 2 2 2 5 1 4 5 4 4 5 3 3 2 4 2 1 3 4 2 2 4 3 1 1 5 1 4 5 2 2 1 3 4 2 4 4 2 2 2 4 1 4 2 5 1 4 2 1 5 2 4 4 1 2 1 4 2 3 2 4 4 3 4 4 2 1 4 3 5 4 4 5 2 2 4 4 3 4 3 5 2 4 3 3 3 4 3 1 1 3 4 1 4 5 5 2 5 4 5 2 2 3 2 1 3 4 4 1 5 4 2 3 5 2 4 3 1 3 5 1 5 5 4 4 3 3 3 3 2 4 1 1 3
4 4 4 2 1 4 3 4 3 3 3 1 4 5 1 5 1 4 5 5 1 4 2 3 2 5 2 1 3 3 5 3 4 1 1 4 2 4 5 1 5 2 3 3 5 2 3 3 5 5 3 3 4 2 4 3 2 4 1 4 2 3 5 2 1 5 1 1 3 4 1 4 5 3 5 4 4 4 4 1 2 2 3 4 5 2 2 5 1 3 2 1 3 2 2 5 5 4 3 1 2 1 4 4 3 4 2 3 5 4 3 4 4 2 3 1 4 2 5 5 1 4 3 3 3 4 4 4 2 5 4 2 5 5 0 2 2 3 5 3 4 4 3 2 4 4 2 4 5 3 2 4 3 3 4 5 4 2 1 3 5 2 2 2 2 3 5 2 1 4 4 5 2 2 4 4 5 5 2 5 2 4 1 2 3 3 5 4 5 5 3 3 3 3 1 5 3 3 5 4 2 2 4 4 5 3 1 3 1 5 3 3 3 3 2 3 4 3 2 5 2 5 5 5 4 2 5 3 1 5 2 1 3 2 1 4 1 3 4 2 3 3 5 5 5 3 2 3 3 1 4 5 5 3 3 1 5 3 1 5 3 3 5 3 3 2 5 2 5 1 3 1 4 4 3 2 2 5 4 4 5 4 4 1 1 3 4 4 3 2 1 2 4 4 4 2 3 5 4 1 2 1 2 5 1 3 1 1 5 1 3 3 5 3 5 4 4 4 3 4 3 4 1 2 3 3 4 2 2 4 3 4 2 4 2 4 3 2 1 4 3 2 2 2 1 5 3 2 5 2 3 3 1 5 3 3 1 3 1 1 4 1 5 3 3 1 2 2 1 4 4 1 1 3 5 2 2 1 1 3 1 5 5 5 1 1 5 4 1 1 1 2 2 1 2 2 3 5 4 5 4 5 3 2 1 2 1 5 2 3 5 4 4 5 5 5 2 2 3 3 1 1 2 1 4 4 4 2 1 1 5 2 5 2 3 4 1 2 5 1 5 4 2 5 1 2 3 3 2 4 3 3 1 1 1 2 2 5 2 2 2 2 5 2 2 5 4 3 1 2 5 1 1 1 1 5 3 1 1 1 5 5 2 2 2 3 4 4 5 3 5 2 3 2 4 3 5 5 1 5
5 4 3 1 4 1 1 4 5 3 2 4 4 3 2 5 4 4 3 4 5 2 2 2 5 2 4 1 2 4 4 5 2 4 3 1 1 4 5 5 5 4 1 3 2 5 3 3 1 2 5 1 1 1 3 1 3 5 1 1 4 1 5 5 2 5 2 5 5 3 3 5 5 2 4 4 5 2 1 5 5 5 3 1 3 2 5 4 1 1 2 4 2 1 5 3 2 1 5 1 5 5 2 2 5 3 5 3 2 4 3 1 2 1 4 3 3 1 2 3 4 1 5 4 4 3 5 1 4 2 3 1 1 1 3 0 5 4 4 3 3 3 4 4 3 4 3 2 4 5 1 3 1 1 4 3 3 3 2 3 2 5 4 1 5 2 5 5 3 5 2 1 3 4 5 3 4 4 5 2 4 2 5 3 2 1 2 3 2 4 2 4 5 1 2 3 2 5 1 5 4 5 2 1 5 5 4 4 1 5 4 4 3 4 5 3 5 5 4 3 4 1 1 2 4 3 1 4 1 2 5 4 4 2 3 4 1 3 3 4 3 2 4 2 1 4 1 4 3 3 3 3 3 4 1 4 1 1 5 4 2 5 5 5 1 5 1 1 3 5 4 5 2 3 1 5 4 4 3 2 3 3 3 1 3 4 1 2 4 4 1 3 1 2 4 3 3 4 3 2 4 1 2 2 1 5 2 3 4 2 4 2 5 4 3 3 5 2 4 4 3 3 4 2 3 3 4 2 4 3 5 3 3 4 5 3 5 4 5 1 5 2 1 5 5 5 3 2 3 3 1 3 4 5 2 4 5 5 4 5 5 4 5 5 2 4 3 2 1 2 5 2 3 3 4 5 5 3 5 3 1 4 4 4 3 5 1 5 2 2 2 1 5 4 2 2 4 1 1 5 3 1 2 2 3 3 1 4 5 3 3 5 1 4 1 4 4 1 5 4 1 3 5 1 4 4 3 5 2 4 1 4 2 3 1 3 5 5 2 5 4 2 5 2 3 2 2 5 5 4 1 3 5 2 1 4 2 4 1 4 2 5 1 1 1 2 5 3 1 2 4 4 1 3 5 4 1 3 5 2 5 4 3 4 3 1 4 1 2 1 4 3 3 3 5 2 5 2 5 2
3 3 3 4 1 3 2 3 4 2 1 3 3 5 4 4 2 3 2 3 1 5 4 4 4 5 4 2 2 2 2 3 1 2 4 2 3 5 1 1 3 5 4 3 3 3 2 4 1 4 1 5 4 2 4 4 5 3 4 1 3 3 1 3 5 2 3 5 2 4 4 5 5 3 2 4 2 1 3 2 4 2 3 4 1 5 2 3 3 5 4 2 3 4 3 5 3 4 5 3 2 5 4 2 5 3 1 4 4 3 2 5 4 4 1 2 2 5 5 5 4 5 4 5 4 2 4 1 3 1 4 4 3 4 4 2 0 2 3 1 5 4 2 3 2 1 5 1 2 2 3 4 5 1 2 3 3 2 3 5 2 3 2 3 3 1 3 1 5 5 1 3 5 4 5 1 5 3 4 2 1 2 1 1 3 1 3 3 2 5 1 5 3 2 5 2 2 1 3 5 3 5 4 2 5 2 1 1 1 4 4 2 4 5 1 2 3 4 3 1 1 2 5 3 5 1 2 1 5 2 2 1 2 1 5 1 4 2 5 3 1 1 5 3 3 1 1 1 3 1 1 4 3 4 5 1 2 5 1 2 4 1 3 4 2 5 2 1 3 5 1 3 2 4 3 3 5 2 3 1 5 3 5 3 4 5 3 2 3 5 4 1 1 5 3 3 5 2 2 4 1 2 1 3 2 5 4 4 4 3 5 5 5 4 3 3 5 3 4 2 5 2 4 5 3 3 5 2 1 4 5 4 2 2 1 2 3 1 1 4 2 2 5 2 3 3 1 2 1 4 1 2 5 3 3 1 4 5 5 4 5 3 3 5 1 4 3 1 4 3 4 3 1 5 2 2 1 1 5 2 1 3 5 1 4 5 3 4 2 3 5 4 1 4 2 3 1 2 2 2 1 2 4 5 1 4 1 1 5 3 5 3 1 3 5 2 3 5 3 1 3 2 3 3 1 2 3 1 5 4 1 3 1 1 3 5 3 5 1 4 5 2 1 5 2 5 3 3 4 3 2 1 1 3 1 4 1 2 4 5 1 4 1 4 3 3 1 2 4 5 5 3 3 1 2 2 1 3 1 1 3 5 4 2 2 1 4 4 2 2 1 1 2 4 5 1 2 5 3 5
2 3 3 2 4 2 3 1 2 3 4 4 5 4 4 2 2 3 1 1 2 2 2 1 5 3 5 3 5 4 2 5 3 4 4 3 1 4 4 1 1 1 4 4 3 2 4 1 3 4 2 1 2 3 4 3 4 5 5 1 1 1 1 3 4 5 3 4 2 4 2 1 5 1 1 3 5 2 1 4 2 4 4 5 2 5 3 5 3 1 1 1 1 1 2 2 1 2 3 2 1 1 2 1 2 4 1 5 1 3 4 1 5 3 2 4 4 5 2 1 4 3 1 4 4 3 1 5 1 1 5 3 4 3 2 4 3 0 2 2 1 1 1 2 3 5 5 5 1 2 2 2 3 2 1 1 5 5 4 5 5 2 3 1 5 1 4 5 5 3 3 4 4 5 1 2 3 4 3 1 2 4 3 5 2 4 5 4 5 3 1 3 1 4 1 2 2 1 5 1 1 4 1 3 5 4 5 1 4 2 1 3 2 4 3 2 2 2 1 5 2 4 4 4 5 1 1 4 1 4 1 2 5 4 4 4 2 3 2 4 4 4 3 3 5 1 5 3 4 3 4 1 1 1 4 3 5 2 1 4 5 1 1 1 4 1 1 3 4 5 3 4 2 5 2 4 2 5 2 1 5 2 1 2 2 2 4 3 2 2 5 3 2 3 2 4 5 1 1 1 3 4 2 5 2 4 2 1 3 3 4 3 4 3 4 3 5 4 1 1 5 5 1 1 4 1 1 3 2 4 2 2 4 5 1 1 3 1 5 4 4 3 4 5 1 1 1 5 3 1 5 4 4 4 2 2 2 1 4 2 2 4 3 4 2 5 1 2 2 3 5 5 2 4 1 5 1 4 4 3 3 5 3 3 4 3 3 2 2 2 3 4 1 1 2 1 1 3 3 5 1 2 2 5 1 3 1 2 2 4 3 2 4 4 5 4 1 4 5 4 4 3 5 2 4 5 4 4 3 4 3 4 2 4 1 4 5 5 1 3 4 1 4 1 5 2 5 1 4 4 5 2 5 1 1 4 1 3 4 3 3 5 4 2 4 1 3 4 2 2 2 1 3 5 1 1 1 5 5 3 1 1 3 4 3 3 3 5 1 2 1 1 5 2 1 3 5 3 1 5
4 4 5 1 3 3 5 5 1 5 2 3 4 5 3 4 3 3 3 5 3 3 2 2 1 1 2 1 3 1 2 1 2 2 1 1 1 4 2 4 5 4 4 3 5 4 2 3 1 4 4 4 1 3 5 4 3 2 5 2 1 3 2 2 4 3 4 5 1 1 2 3 2 1 5 1 1 5 2 1 4 4 2 3 4 2 3 5 2 1 3 2 3 3 2 4 5 4 3 4 2 3 2 2 1 3 3 3 2 2 4 2 2 4 4 3 1 1 5 5 2 4 5 4 2 2 4 1 1 3 4 3 2 5 5 2 1 5 0 1 3 1 2 1 3 4 2 2 3 2 1 2 1 3 2 1 5 3 4 5 2 5 3 4 5 4 2 3 2 2 1 4 4 4 4 4 4 1 1 2 1 2 1 2 5 5 3 4 3 2 3 2 3 1 3 4 3 2 5 1 5 4 1 5 3 2 5 5 2 3 4 3 2 4 5 2 3 4 4 1 1 4 3 1 2 4 2 2 1 4 3 4 5 3 3 4 4 3 1 2 1 4 4 2 4 4 1 4 4 4 5 4 5 5 5 4 2 5 5 2 5 1 4 5 1 5 2 4 3 3 2 5 5 3 4 3 2 3 2 4 5 1 2 5 1 2 5 2 2 3 1 2 1 2 5 2 3 1 2 5 2 4 2 1 1 5 3 4 4 3 2 5 1 3 1 3 3 5 3 1 5 1 4 4 1 1 2 2 4 4 2 1 4 2 4 3 3 1 2 5 2 2 3 4 3 3 3 5 3 2 5 3 3 1 4 4 5 2 3 5 3 2 4 3 5 1 2 2 4 1 1 2 3 4 3 1 1 2 4 4 1 3 1 5 2 3 3 2 1 1 4 3 5 5 5 3 3 3 4 1 1 4 3 4 3 4 2 4 3 5 2 2 4 3 2 4 3 5 2 2 1 2 3 2 2 5 1 4 5 4 1 4 3 3 5 3 3 2 2 3 5 2 5 4 2 4 5 5 3 1 5 5 5 5 5 5 1 5 5 2 2 2 3 3 1 5 1 2 4 1 3 3 1 1 5 3 3 3 2 1 3 5 4 4 3 4 4 4 4 1 4 2 2 2 2 4 1 3 4 3
4 5 5 3 3 4 1 3 5 4 4 5 5 5 4 3 4 4 5 1 1 2 1 1 2 5 2 4 1 1 5 4 4 4 1 1 3 5 1 2 5 5 1 3 5 3 2 3 2 3 4 4 5 1 3 1 5 4 4 1 1 5 2 5 2 3 3 2 3 4 5 3 3 4 5 2 5 3 3 4 3 5 3 1 1 4 4 4 1 5 1 2 1 2 4 4 3 4 5 3 3 5 3 1 2 2 2 1 3 1 2 4 5 2 4 4 2 5 4 2 4 5 4 1 2 2 1 5 3 1 2 2 5 4 2 1 1 3 4 0 3 3 3 1 3 2 2 5 4 2 1 3 4 4 2 3 5 5 5 2 1 1 1 4 2 5 2 2 5 1 5 2 4 3 1 4 3 1 3 5 3 3 3 2 2 4 1 1 3 4 4 3 4 4 1 1 5 2 5 1 5 3 1 3 3 2 3 2 5 1 4 4 2 1 1 5 2 4 5 1 5 5 2 1 2 4 1 1 3 3 5 1 3 3 4 1 2 2 5 5 5 2 3 5 5 2 2 4 3 3 3 1 5 1 4 1 1 3 4 5 4 5 4 3 4 5 2 5 4 1 3 3 1 1 1 5 1 4 2 3 3 2 4 4 5 4 4 1 5 5 4 4 4 4 3 2 1 5 3 4 3 3 3 4 4 2 2 2 4 1 4 4 4 5 1 1 2 5 3 2 4 4 2 3 2 2 3 3 5 2 3 4 3 1 1 1 4 4 3 4 5 2 2 3 1 5 5 3 2 3 4 3 5 3 1 3 1 2 1 5 4 4 3 2 2 4 4 2 5 5 1 5 2 4 1 2 1 2 5 1 5 1 1 1 1 3 1 4 3 2 1 4 5 2 2 1 3 3 4 1 5 5 1 4 3 4 1 2 4 1 4 5 3 1 1 2 5 4 1 4 5 4 1 3 5 4 4 1 4 2 4 2 2 1 2 4 4 3 1 4 2 1 1 5 5 3 5 1 5 3 5 5 3 3 5 1 4 3 3 2 4 5 4 1 5 1 1 1 3 3 1 4 3 2 5 2 3 3 5 2 2 3 1 1 4 3 1 4 3 1 1 2 2 3 2 2 1 1 3 5
4 2 5 1 1 3 4 1 4 4 1 4 2 4 4 4 3 5 5 5 5 2 5 4 1 5 2 2 5 3 2 4 1 2 4 2 3 1 5 2 4 3 4 3 2 1 3 4 5 3 4 5 3 4 5 4 1 5 2 5 1 4 1 3 1 5 4 4 2 1 2 2 2 4 5 4 2 3 5 3 5 5 3 3 2 4 1 1 4 4 1 4 3 5 1 5 4 5 3 2 4 3 4 4 4 4 4 3 5 4 3 4 4 1 4 2 3 5 5 1 5 5 3 3 2 3 5 4 1 1 4 1 5 2 3 3 1 2 3 2 0 2 1 3 3 4 3 5 1 2 3 4 5 4 1 5 1 4 2 5 1 1 1 2 4 1 2 3 4 3 2 1 4 2 2 2 2 5 2 1 3 3 3 2 5 1 5 3 2 4 1 3 1 2 2 3 5 4 4 3 5 4 5 2 4 2 1 3 1 3 3 2 2 5 3 5 3 2 1 2 4 5 1 3 2 2 4 1 1 4 2 1 5 2 3 3 2 2 1 2 5 4 3 2 5 4 1 5 1 3 5 1 5 3 5 1 3 1 2 3 5 2 5 1 2 3 1 1 1 5 5 5 5 3 4 5 4 1 1 1 1 3 4 2 5 2 2 2 1 4 3 2 3 2 3 2 3 5 3 1 1 4 1 3 5 2 3 1 1 2 4 5 1 2 2 4 1 5 4 3 5 2 1 2 1 1 4 1 4 4 1 5 1 5 5 2 5 4 5 4 1 2 3 2 5 3 5 1 3 2 4 2 1 4 2 1 1 2 5 3 2 4 4 4 5 1 1 2 1 1 4 4 4 2 3 2 5 4 4 2 5 1 3 5 3 3 5 2 1 1 5 5 2 4 4 1 3 5 4 2 3 1 2 1 1 4 5 4 5 1 3 5 1 3 3 4 2 1 2 4 1 5 2 3 5 1 1 2 4 3 2 4 3 5 1 2 4 5 5 5 1 5 3 5 5 1 2 4 2 1 1 4 5 1 4 5 4 3 5 1 5 1 1 5 3 1 5 4 5 1 3 3 2 5 3 4 1 3 1 3 1 5 3 3 3 4 1 4 5 2 2 2 1 3 4 1 5 4 5 1
4 4 4 2 2 5 1 3 2 4 3 4 1 5 1 1 5 2 3 1 4 4 5 3 4 1 5 4 3 2 4 4 4 4 2 4 3 5 5 2 2 5 4 3 2 3 5 1 4 3 2 1 1 1 3 1 5 4 4 2 3 3 3 1 2 1 3 4 3 5 4 3 3 3 3 1 5 1 4 5 2 2 3 5 1 5 4 2 5 5 5 3 5 2 5 1 4 4 4 3 4 5 3 2 5 5 1 5 5 3 2 3 4 1 2 2 1 2 4 5 5 5 4 1 1 3 1 2 3 1 3 3 1 1 3 4 1 3 2 4 4 0 3 1 2 5 3 4 5 2 2 4 4 3 1 2 4 1 1 1 3 5 4 2 3 3 5 2 4 3 5 1 3 1 1 1 1 4 1 5 5 2 5 2 5 5 4 3 1 1 5 2 1 5 3 4 1 2 2 3 4 4 1 1 4 4 4 3 3 3 1 3 2 1 5 3 5 3 1 4 1 5 3 1 5 2 5 4 1 2 4 2 4 5 2 2 4 2 1 5 3 4 4 3 1 5 4 1 3 2 3 4 3 3 5 5 5 5 1 5 5 4 5 1 2 1 4 3 3 4 4 3 4 4 5 1 2 1 5 2 1 2 2 3 2 2 1 5 3 4 2 5 3 3 5 1 4 1 5 1 5 5 3 3 2 5 5 5 4 1 4 3 3 1 2 3 3 1 1 1 3 2 2 1 5 1 5 4 1 3 2 2 5 4 2 3 5 5 5 4 1 3 2 2 4 4 5 5 2 5 5 5 2 4 4 4 2 5 4 1 2 4 3 3 3 1 1 1 3 3 2 2 5 4 2 5 3 5 1 1 5 1 2 3 3 2 5 5 2 1 3 4 4 4 1 5 1 5 5 4 3 3 3 4 5 4 3 2 3 5 4 3 5 4 5 1 5 1 1 5 5 5 5 4 4 1 4 2 5 5 5 2 1 2 3 4 5 5 1 3 1 2 5 2 2 4 5 2 4 3 5 3 1 2 3 4 3 3 2 3 4 3 5 5 1 1 2 3 5 1 2 3 4 5 4 4 4 3 2 5 4 4 3 2 4 2 3 5 5 4 3 3 3 5 1 4 1 3 5 2
3 1 3 3 3 5 5 3 2 3 4 2 5 2 3 2 3 5 3 3 2 3 5 4 4 5 5 3 3 4 5 1 5 4 1 4 3 3 3 3 3 1 2 3 5 1 2 2 4 5 4 5 2 1 4 5 5 5 4 1 4 1 5 2 1 3 2 5 3 2 3 5 1 1 2 4 2 5 3 1 2 1 5 1 4 5 5 3 1 3 1 4 3 3 4 2 5 2 1 5 1 4 1 3 2 2 2 3 5 3 1 3 3 2 3 3 5 1 1 2 1 5 2 3 3 2 1 4 1 5 3 1 4 3 1 3 2 1 5 3 2 3 0 4 3 3 5 1 2 5 1 2 2 1 1 4 1 3 2 5 3 2 5 2 4 4 1 1 3 4 1 2 5 3 4 5 3 1 4 1 3 5 2 4 4 2 2 3 2 5 3 4 2 1 4 1 4 3 1 2 3 4 5 2 2 2 4 4 4 3 5 1 2 4 4 3 5 1 3 3 2 3 3 2 5 3 2 4 5 4 1 1 1 2 3 4 3 3 2 3 1 4 2 2 5 2 5 1 3 4 4 2 1 4 1 5 5 2 2 3 3 1 3 4 3 1 1 5 1 2 4 5 2 3 3 4 1 4 3 3 3 5 5 1 1 4 2 5 5 2 2 2 2 3 1 5 1 1 3 5 2 5 3 2 5 1 1 2 4 4 5 5 4 4 2 1 1 2 1 3 2 5 2 4 1 1 1 4 1 3 5 2 1 1 5 2 4 2 4 1 1 2 3 2 1 1 1 3 1 1 1 4 1 1 2 5 5 1 2 1 2 2 5 4 4 4 3 1 1 2 4 1 1 1 2 3 2 1 4 5 5 5 4 5 1 1 3 2 2 3 5 1 2 5 2 3 3 1 3 2 1 5 2 2 5 1 3 3 5 5 3 3 3 5 1 5 2 4 5 1 2 3 3 2 3 5 1 5 1 5 5 2 1 2 4 5 5 3 5 1 2 5 4 1 1 3 2 1 3 3 1 3 3 4 5 1 4 5 1 3 4 2 2 5 1 2 2 4 1 4 1 5 1 4 1 1 2 3 1 3 5 5 1 5 4 4 2 3 3 1 5 4 2 1 1 4 3 3 3 1
4 5 3 4 1 1 3 3 2 2 1 2 2 5 2 3 2 4 2 5 2 4 5 2 2 2 2 2 5 4 4 1 2 5 1 3 2 5 4 1 5 4 3 3 4 2 4 2 1 4 4 2 1 4 2 1 1 5 4 1 4 3 5 5 4 2 3 1 3 5 3 4 3 4 1 4 3 3 3 1 2 2 4 5 3 4 3 4 5 4 1 4 4 5 5 1 3 2 1 4 3 5 2 4 3 3 4 4 2 4 3 3 3 4 2 3 4 3 1 2 3 4 1 1 4 1 1 1 2 5 3 5 5 5 3 4 1 2 4 5 2 3 3 0 4 5 5 2 4 1 1 3 4 5 1 2 5 5 1 4 3 5 2 1 4 2 1 4 1 4 3 4 5 5 3 4 1 5 3 5 3 3 4 4 4 3 2 3 5 2 2 2 2 1 4 5 5 5 2 3 3 2 4 1 3 4 3 1 4 3 5 5 5 3 5 2 1 2 3 1 4 5 5 5 4 2 3 3 2 2 2 3 1 1 5 1 2 4 1 4 4 2 1 1 4 1 5 5 2 2 1 5 2 5 1 3 3 3 5 2 4 3 2 5 4 5 5 1 3 5 4 3 3 1 4 5 2 2 2 2 2 2 4 5 3 1 4 5 5 5 5 3 4 2 1 3 4 1 3 5 3 4 5 4 5 3 4 4 4 3 1 4 5 4 5 1 3 3 1 1 2 4 1 1 2 3 4 2 4 5 5 2 4 3 3 1 2 2 4 1 1 5 2 1 1 4 3 3 5 4 1 3 3 3 4 2 1 1 2 5 5 4 2 4 1 2 1 3 4 1 1 5 4 2 1 1 5 2 4 3 1 5 3 5 5 2 4 1 3 3 2 2 1 3 4 3 4 2 1 1 1 2 2 3 2 1 4 5 4 2 3 5 4 1 3 3 5 3 5 2 5 1 1 1 5 3 2 3 4 5 2 2 2 3 5 5 3 5 1 4 5 4 2 5 5 4 5 5 3 3 2 5 2 4 2 1 3 2 5 2 5 3 3 2 3 1 3 5 5 3 3 4 2 1 4 1 5 2 1 2 1 2 4 1 2 5 2 2 5 1 4 3 2 1 4 2 5 4 1 4
5 5 5 2 3 1 1 3 5 4 3 4 1 2 5 1 2 3 4 1 3 3 3 1 3 2 2 3 1 2 2 1 1 4 2 2 3 5 4 3 5 1 2 1 4 3 3 2 2 3 3 1 1 1 4 3 4 4 3 5 4 1 5 2 5 2 5 3 1 1 4 5 1 3 3 3 3 2 4 3 2 2 4 2 5 2 5 1 1 4 3 3 4 4 4 1 1 4 2 2 2 1 3 2 1 2 2 5 3 5 4 2 1 2 3 3 4 4 2 5 4 2 4 4 4 3 1 2 3 5 3 1 3 4 4 1 5 4 3 4 1 2 2 4 0 4 2 4 5 2 3 1 1 5 3 3 5 2 3 5 3 1 3 3 1 3 4 3 5 1 3 3 3 4 4 4 3 5 3 4 5 4 5 1 3 3 2 2 4 5 3 3 2 2 1 5 3 2 5 2 2 5 4 2 2 5 1 1 5 3 1 3 1 1 4 4 1 4 2 1 1 2 2 2 3 1 5 3 3 2 5 4 1 3 3 4 3 3 3 3 5 5 4 2 4 1 3 1 2 1 3 4 3 5 3 5 1 2 4 3 5 2 5 1 3 2 3 2 3 5 1 1 3 5 5 3 2 3 3 1 3 4 3 3 3 4 1 4 5 1 4 4 4 3 1 4 2 1 1 4 4 3 1 2 1 2 1 1 5 2 5 2 5 2 1 3 2 3 2 5 4 3 4 3 2 2 1 4 5 2 3 5 4 5 3 3 2 5 1 5 2 1 5 5 1 2 2 1 1 2 1 2 5 5 3 2 3 4 2 5 4 5 3 2 5 3 4 3 2 3 3 1 5 4 5 3 5 3 3 2 1 2 4 5 1 4 4 3 2 4 5 4 1 4 4 5 5 4 5 4 2 2 1 1 2 5 5 3 5 5 5 5 4 3 2 2 3 2 5 4 1 4 5 2 1 3 3 4 1 5 3 1 3 1 1 5 1 3 2 2 4 5 5 1 3 5 5 3 2 3 5 2 1 3 2 2 5 2 3 4 1 3 3 2 3 4 4 3 1 4 1 3 2 4 2 1 4 5 5 1 1 4 4 1 3 5 4 3 1 3 1 2 1 2 4 2 4 5 1 2
3 2 1 1 3 3 2 3 5 5 3 1 3 2 5 5 2 1 1 1 1 1 1 3 3 3 1 2 1 4 2 4 1 5 1 4 3 1 5 4 2 4 4 2 4 2 2 4 3 1 3 2 3 5 3 5 5 2 3 4 3 1 2 3 4 3 4 3 3 3 1 4 1 1 1 4 5 1 2 2 4 4 2 3 4 5 2 3 4 5 5 4 1 1 3 4 2 5 1 3 3 3 2 4 2 4 4 5 1 2 4 1 5 1 2 2 1 4 3 1 5 3 1 1 4 4 4 5 1 1 5 1 4 5 1 1 2 4 2 2 1 3 4 1 1 0 2 1 1 4 1 4 5 1 2 2 3 1 2 4 2 2 3 2 5 4 3 5 2 4 1 1 1 4 4 1 5 3 4 1 4 1 1 4 3 2 2 3 1 1 1 5 2 3 4 4 5 2 4 3 1 3 4 2 4 3 5 5 5 1 4 3 5 1 4 1 2 2 2 5 2 1 3 4 1 2 2 3 1 4 3 1 1 3 5 5 5 4 1 4 5 5 4 2 5 4 2 2 3 1 5 5 1 4 4 2 3 1 4 1 3 3 2 3 3 5 3 1 1 2 3 4 4 1 5 5 1 3 4 1 4 3 4 2 1 3 1 4 1 3 3 3 5 3 5 2 5 3 4 3 2 4 4 4 2 2 4 4 3 1 1 5 2 3 1 2 1 4 3 3 3 1 2 5 5 4 4 4 3 4 4 3 4 2 4 4 2 2 1 3 4 1 1 4 3 2 2 3 2 2 2 3 4 1 5 5 3 4 1 5 1 5 1 1 1 4 1 2 5 3 3 5 3 3 5 4 4 4 1 5 1 1 2 4 1 3 4 4 5 2 2 2 4 3 4 3 2 2 1 3 2 3 3 4 2 1 4 5 2 3 5 2 3 3 1 2 5 1 1 3 4 1 5 5 2 4 3 2 5 3 4 1 3 5 5 2 3 2 5 4 3 4 2 2 1 1 5 2 5 3 1 1 3 2 5 3 5 1 1 2 3 3 2 4 1 3 4 3 1 3 1 2 1 5 2 3 1 5 5 3 1 5 1 1 3 2 1 4 5 3 4 2 5 1 3 4 1 2 3 3
3 2 2 1 4 5 2 5 3 5 1 4 1 5 1 3 4 4 1 3 2 3 4 1 1 4 2 5 4 2 2 4 1 1 4 4 1 3 4 1 2 2 4 4 5 4 1 3 5 5 5 5 4 5 4 4 5 1 2 5 3 4 3 1 5 3 3 1 5 4 1 5 5 1 5 1 1 1 2 1 2 4 2 5 5 4 1 4 4 3 5 2 1 1 5 1 3 5 2 1 1 4 1 4 5 3 2 1 1 4 1 1 3 5 1 3 1 2 2 1 2 3 3 5 4 2 5 1 5 1 1 5 2 3 3 2 1 1 4 4 2 3 5 1 2 5 0 4 5 3 1 4 5 1 3 2 4 5 5 2 2 1 1 2 5 2 2 2 5 4 1 2 3 5 4 3 4 5 3 3 2 3 2 1 4 1 3 2 3 2 2 3 5 1 5 5 5 4 1 3 5 5 1 4 4 3 5 1 3 1 1 2 1 5 3 3 4 3 1 2 3 1 3 5 5 3 4 1 4 3 4 4 4 1 4 5 5 5 3 4 3 2 2 3 1 2 2 4 5 3 2 5 3 4 4 3 4 3 2 4 1 2 4 3 1 3 5 4 1 4 4 5 4 5 3 5 3 2 5 4 3 3 2 5 1 3 2 3 3 3 3 3 1 2 4 1 5 5 4 3 1 5 4 4 1 4 5 2 2 1 4 4 4 5 2 3 4 5 3 1 4 4 4 4 4 4 4 2 2 3 1 2 5 4 3 2 4 4 5 2 4 2 3 5 4 1 1 1 3 1 1 4 3 1 1 3 1 5 1 4 3 2 4 4 1 2 2 1 4 2 3 2 5 2 4 1 3 3 2 4 2 5 2 4 3 4 3 3 5 1 4 3 5 3 5 2 1 5 4 2 4 2 2 4 3 5 3 4 4 5 5 2 3 5 3 2 2 3 1 1 1 4 2 3 4 2 5 4 4 5 2 2 3 5 1 3 2 2 2 5 4 2 5 2 1 1 1 2 3 4 1 2 5 2 2 3 4 3 1 5 3 5 1 5 1 4 1 2 1 2 5 1 4 5 3 4 5 5 3 5 5 3 3 2 2 3 4 2 1 2 5 3 5 1 3 3 5 2 3 2
3 4 1 1 4 1 2 5 5 5 4 3 4 4 1 2 4 5 5 5 3 1 5 3 2 1 1 1 3 1 3 3 1 2 4 4 1 5 4 4 3 5 4 2 2 3 5 5 1 5 2 1 5 1 5 1 4 5 3 4 3 1 5 4 4 3 5 4 3 5 3 4 3 1 3 3 4 4 5 4 1 2 1 3 3 2 5 3 3 3 4 3 2 5 4 4 4 1 3 2 3 4 2 1 2 3 4 1 4 1 1 2 5 3 2 2 4 3 3 3 5 3 4 5 3 3 1 2 4 1 5 5 1 4 1 2 5 2 1 4 2 2 5 2 2 1 4 0 5 5 3 1 3 4 3 5 1 5 2 5 5 2 2 4 1 3 2 1 1 1 2 2 3 4 1 5 5 3 4 2 3 4 5 3 4 2 1 3 3 2 5 5 2 4 4 4 1 4 4 4 5 5 1 4 1 3 1 5 5 5 4 4 5 1 1 5 1 1 4 1 3 4 2 4 5 4 5 4 4 3 1 4 3 4 3 2 3 2 4 4 2 2 5 1 1 4 1 2 5 3 4 1 3 5 4 3 4 4 5 2 3 2 1 3 1 1 1 3 4 3 2 1 1 4 2 3 3 2 4 2 5 4 4 5 4 3 3 3 5 5 3 3 2 4 4 5 5 5 4 2 5 1 5 5 4 2 3 1 2 2 5 4 4 4 4 3 5 1 3 1 4 3 3 1 2 5 1 3 1 1 2 2 3 2 5 4 3 1 4 3 2 5 1 1 4 2 2 2 5 5 2 1 2 2 2 5 3 3 5 2 4 1 1 4 3 5 5 3 4 2 1 2 2 1 5 4 5 1 1 4 1 2 2 5 3 1 3 5 3 3 5 4 3 2 3 4 4 3 1 3 5 1 1 4 4 2 2 1 4 5 5 5 4 2 5 2 2 1 2 1 4 2 4 3 4 5 1 3 2 4 1 4 4 2 3 5 5 4 5 2 2 2 5 2 5 4 2 2 4 5 2 4 2 2 4 3 5 1 2 1 4 4 5 2 2 3 5 3 4 4 5 5 1 3 3 3 4 1 1 1 3 2 4 4 1 5 2 5 2 4 5 3 4 2 1 3 5 2 2 2
3 4 2 4 1 5 2 4 4 5 2 4 4 2 1 3 3 2 5 1 1 5 2 1 2 1 3 4 5 2 4 1 5 3 1 3 3 5 2 5 2 5 3 1 4 4 3 4 3 5 1 2 1 3 1 1 1 4 2 1 3 3 4 4 3 1 4 1 1 3 3 5 1 2 2 3 1 2 5 3 2 1 4 1 1 4 3 1 4 1 5 2 1 2 1 3 3 4 3 1 5 1 1 4 4 3 1 1 5 4 4 4 4 3 2 3 1 2 1 2 5 4 1 1 1 2 4 1 5 2 1 3 4 4 4 1 3 3 4 5 4 3 3 3 4 2 3 5 0 2 2 3 1 2 5 1 5 3 3 4 4 1 1 1 4 1 2 3 4 3 3 2 4 3 2 4 1 5 3 4 3 3 3 1 2 5 2 1 3 4 5 4 4 3 1 4 1 4 4 4 4 5 1 2 5 1 4 2 5 5 3 2 2 1 4 3 4 1 2 3 1 3 2 2 3 3 1 1 3 4 4 1 3 2 4 2 2 5 5 3 1 3 2 2 2 2 1 1 3 5 3 1 3 1 2 1 4 3 2 3 5 2 4 3 5 2 2 4 2 3 2 2 5 4 1 3 5 2 1 2 1 4 4 3 4 4 5 3 1 4 2 5 1 3 5 3 1 4 5 5 4 5 3 5 4 1 2 4 5 3 2 1 5 2 2 3 2 3 2 1 5 4 4 5 3 2 3 4 3 4 1 5 2 2 3 3 4 1 5 1 4 2 3 4 2 5 4 4 5 1 5 5 1 1 1 1 5 4 4 1 2 2 5 2 1 2 2 2 4 5 3 4 1 4 3 3 5 2 3 3 2 3 1 2 2 3 5 1 1 2 5 4 4 4 4 2 2 4 4 1 3 3 1 1 2 4 1 5 5 3 3 3 2 5 4 4 5 1 1 5 2 5 1 5 2 3 2 4 4 5 2 5 5 1 5 1 1 5 4 2 5 4 5 2 3 1 1 1 5 5 2 4 3 2 3 2 5 1 5 3 4 3 4 4 5 4 2 4 3 4 5 5 2 1 2 4 1 4 4 4 1 3 4 2 4 2 3 1 5 4 4 1 3 3 1 2 5 1 2 2
1 2 1 2 2 1 2 5 4 5 3 2 3 5 3 3 2 4 5 2 5 4 4 2 4 3 2 4 5 3 4 2 3 5 3 4 3 2 4 3 4 3 3 1 1 5 3 4 1 1 2 3 4 3 3 5 1 5 2 4 3 5 2 3 1 5 1 1 1 4 2 2 5 3 4 3 4 5 5 4 3 5 4 5 1 1 1 4 3 4 2 3 1 1 5 1 5 2 1 3 2 4 3 2 1 5 3 3 5 5 2 1 5 3 4 4 4 1 4 4 3 5 2 1 1 3 3 2 5 1 4 1 5 5 2 1 1 5 3 1 4 3 3 1 1 2 2 4 5 0 2 1 4 1 1 2 2 1 5 5 3 2 2 1 3 4 4 3 2 3 4 1 3 3 3 4 5 1 1 2 5 3 2 1 3 4 3 3 4 4 5 3 4 5 5 1 4 3 5 4 3 1 4 2 1 4 4 4 1 5 5 4 4 3 1 2 5 5 3 3 2 5 2 1 5 4 2 1 2 1 2 3 3 4 1 4 1 1 3 3 1 5 2 5 3 4 1 1 3 3 5 1 3 5 5 3 4 1 2 4 2 1 1 4 5 4 5 2 5 3 4 5 4 4 1 4 1 3 1 3 2 4 5 3 2 1 3 3 3 3 1 5 1 3 5 3 3 2 2 5 1 5 5 5 3 2 2 4 1 1 4 2 5 3 1 4 2 2 3 2 5 3 2 1 4 3 5 2 5 4 4 5 5 3 3 3 2 5 1 3 2 3 5 2 5 2 3 2 3 4 2 1 5 1 3 1 4 2 5 1 2 5 5 4 3 2 1 3 4 3 2 4 2 1 2 3 5 2 4 4 2 5 2 2 5 5 5 4 4 3 3 5 5 1 1 1 3 3 1 5 4 4 4 5 3 4 3 2 3 2 5 3 4 1 3 1 1 4 5 2 5 3 1 2 1 5 4 4 4 4 1 5 4 4 1 1 5 2 3 5 2 3 2 2 1 2 5 1 5 4 1 2 4 2 3 2 3 1 5 1 5 1 4 5 5 4 2 4 3 3 2 2 3 3 3 2 5 2 1 4 4 1 4 2 4 3 4 4 1 4 4 4 2 3 1 1 1 2 4 3
3 3 5 2 1 2 2 1 4 2 4 3 3 3 2 1 1 3 1 1 1 3 3 5 2 5 3 1 2 2 3 3 3 2 2 2 5 5 5 4 3 5 4 2 3 2 4 3 3 3 2 3 1 5 3 1 4 5 4 5 3 3 5 2 4 2 4 1 4 1 1 5 3 4 5 2 5 5 1 4 1 1 2 1 5 5 1 4 4 4 4 1 2 4 3 1 3 5 5 3 3 4 2 4 5 4 1 4 4 2 3 3 2 1 2 1 4 3 4 5 5 4 5 3 3 1 1 1 4 4 1 4 5 2 5 1 2 2 5 3 1 4 4 5 2 5 5 1 4 5 0 4 3 1 1 1 1 5 3 1 5 3 1 1 1 1 2 4 3 4 1 5 3 5 5 5 5 4 1 1 3 5 1 2 2 3 5 1 1 4 4 3 3 3 3 1 2 1 1 5 3 1 2 5 2 5 3 2 1 2 5 5 3 5 4 5 4 5 1 2 4 2 3 1 5 5 4 3 5 4 1 1 5 3 3 3 5 3 2 5 5 5 3 5 4 3 5 3 1 2 3 5 1 5 4 2 5 3 3 2 1 5 4 3 1 4 2 5 1 4 2 5 5 1 1 3 3 2 1 4 2 5 1 4 3 4 1 1 2 5 2 4 3 5 2 4 2 5 1 4 1 1 1 5 2 3 4 1 5 1 2 2 3 1 4 2 2 4 1 1 1 5 4 5 4 4 1 1 2 4 4 4 2 4 2 2 3 5 2 5 3 5 4 2 3 2 3 3 4 5 4 3 1 5 2 4 2 5 5 2 4 2 2 1 2 4 4 1 1 5 1 3 1 2 3 5 5 4 4 4 4 2 4 3 1 5 4 2 4 1 5 1 2 2 2 5 3 3 4 3 5 1 3 5 4 5 4 1 2 3 3 2 5 4 2 2 3 3 3 2 3 4 2 1 5 2 3 2 5 1 2 5 4 2 2 4 4 1 5 1 1 1 5 3 4 4 4 5 1 3 2 1 3 4 5 1 3 5 3 4 3 1 3 2 4 1 1 3 4 4 2 2 3 5 3 2 3 5 5 5 1 1 1 1 3 3 4 4 3 2 2 2 2 3 1 2 3 4 4 4
2 4 5 4 3 1 4 2 2 4 2 1 5 5 5 3 2 4 1 4 3 5 4 2 1 4 2 3 5 1 4 5 5 2 2 1 1 3 4 4 5 3 1 1 4 4 2 4 1 4 3 1 4 4 5 2 2 1 1 2 4 3 5 3 5 1 2 4 4 2 1 3 4 1 5 2 3 4 4 3 4 5 5 1 5 3 5 2 3 1 1 2 3 3 1 5 1 5 5 2 5 2 3 1 3 2 4 1 2 3 3 2 5 2 1 2 4 2 4 3 5 2 2 3 3 4 5 3 2 4 4 3 4 1 5 5 1 5 1 2 3 3 2 4 5 1 2 2 4 2 1 0 4 4 2 1 3 2 3 4 2 5 3 2 5 2 1 1 5 4 3 4 5 5 5 1 3 2 1 2 1 4 3 4 1 3 1 2 4 4 2 2 1 1 3 4 4 4 1 3 4 1 3 5 4 2 5 4 5 2 2 5 1 5 4 5 3 4 3 1 3 2 1 1 3 3 1 3 1 4 4 4 2 5 5 2 4 4 1 3 5 3 5 4 5 4 5 2 2 4 4 3 2 4 3 4 4 2 1 4 4 4 4 3 4 3 4 1 1 1 2 4 2 4 4 1 4 3 5 1 2 4 2 2 3 2 1 2 1 1 3 1 5 1 1 4 4 3 5 5 1 2 5 1 4 5 1 2 3 4 2 3 1 5 2 1 2 2 1 5 5 3 1 1 1 2 5 2 4 2 4 1 2 3 2 1 4 5 4 2 2 2 3 3 1 1 1 5 4 2 2 5 1 5 2 4 1 3 2 4 5 3 5 1 4 4 2 1 3 3 5 2 5 4 4 5 5 5 5 1 1 3 5 1 4 5 1 1 2 1 4 3 4 4 4 5 5 2 2 3 1 3 1 2 5 4 2 2 5 4 2 5 5 1 3 2 4 4 4 3 3 2 4 2 2 1 2 1 5 2 5 4 3 5 5 3 4 3 3 5 1 1 2 3 3 1 5 4 5 2 2 3 2 2 2 5 1 5 2 2 3 5 5 5 4 3 2 4 4 4 2 3 3 3 2 4 5 4 4 2 4 3 1 5 1 5 3 3 4 3 1 2 5 4 3 2 4 1 1 2
3 2 3 4 1 4 3 2 5 2 2 1 1 5 5 2 5 2 2 1 2 4 3 5 3 3 4 1 3 1 4 3 3 1 3 1 3 4 3 2 5 1 4 2 2 5 1 5 1 5 3 2 3 2 3 4 2 3 1 3 2 3 5 2 1 2 3 1 1 1 2 5 5 2 5 2 5 4 5 1 2 1 5 4 5 1 1 3 3 5 4 4 3 1 5 3 2 4 3 2 4 1 2 4 3 5 5 1 2 1 3 5 1 5 3 3 5 1 1 1 5 1 3 5 5 2 4 1 2 4 1 2 5 1 5 1 4 1 5 4 1 3 5 1 3 2 3 1 1 3 4 3 0 3 1 4 5 2 1 5 2 1 5 3 1 5 4 1 5 5 1 3 2 5 4 4 1 1 1 5 5 2 4 5 1 1 2 3 4 4 3 4 1 1 1 5 5 2 4 5 4 2 3 5 1 2 3 2 3 2 5 1 2 3 2 1 3 3 5 3 2 3 3 2 5 3 3 3 3 2 3 1 3 3 3 4 4 2 1 5 4 1 1 2 5 1 1 5 4 5 3 3 4 1 2 4 5 4 3 4 4 4 3 5 3 5 1 1 3 5 1 5 5 5 3 4 1 1 2 5 5 2 3 4 1 3 1 2 4 5 3 1 4 4 2 3 4 4 5 3 3 3 1 5 1 3 3 3 4 4 4 3 4 2 4 3 2 3 2 1 5 2 4 5 1 4 3 2 5 4 4 5 3 3 2 4 4 1 4 2 4 4 4 1 4 5 3 5 5 4 3 3 5 5 1 5 1 4 2 2 3 3 4 4 4 5 2 1 3 2 1 2 2 5 1 1 5 4 2 2 1 3 2 4 5 1 3 1 4 2 3 2 3 4 4 3 4 5 5 1 3 5 3 4 2 5 3 2 4 5 2 2 1 1 2 3 5 3 2 5 3 2 4 3 3 3 5 1 1 4 2 5 1 1 2 3 4 3 2 5 1 5 4 5 3 5 4 4 1 1 4 2 3 3 2 5 4 1 1 3 4 3 4 1 1 1 3 3 3 2 2 2 4 5 3 2 4 1 3 3 5 3 4 3 1 5 2 3 5 3 5 3 3 2 2 1 4 2 3 1
1 5 1 3 2 2 5 3 2 2 4 3 5 3 2 1 1 4 4 5 1 1 1 2 1 5 1 3 5 2 1 5 2 5 1 5 4 5 1 3 2 1 3 4 5 4 4 2 2 2 2 4 4 2 1 3 3 3 1 2 4 4 3 5 1 4 4 1 3 2 3 3 3 1 1 3 5 4 4 2 4 2 4 3 5 2 5 2 5 4 5 4 2 5 1 3 3 3 1 3 4 2 4 4 1 4 5 4 3 3 4 3 4 2 1 3 3 4 1 5 1 5 4 1 3 3 5 4 3 1 1 1 5 2 5 4 1 4 3 5 1 3 4 2 4 5 4 3 3 5 4 1 3 0 4 4 5 1 5 5 1 2 3 2 3 5 5 1 3 3 3 3 3 3 2 4 2 2 3 2 1 3 4 4 4 5 2 1 3 5 1 1 5 2 5 1 3 2 1 3 4 1 4 4 4 2 1 4 5 4 5 1 1 2 1 3 5 2 2 3 1 4 2 3 2 4 4 4 4 2 3 2 3 3 2 2 4 3 3 2 5 3 5 3 3 5 2 1 1 4 4 5 2 1 2 2 1 3 1 4 5 5 2 2 4 2 2 4 1 5 3 1 3 1 3 1 2 4 4 3 4 3 3 3 4 2 4 5 2 4 2 1 5 4 5 1 1 4 3 2 4 4 3 2 5 1 1 4 5 2 1 5 1 3 5 2 5 5 2 4 3 2 3 3 3 1 1 1 2 3 2 3 4 5 3 1 2 5 4 2 5 1 2 4 5 1 5 5 3 3 2 1 2 3 5 2 3 3 4 2 5 4 3 4 4 4 4 1 4 1 4 4 3 5 2 5 1 5 1 2 1 2 2 1 2 2 2 5 5 3 1 3 5 3 1 3 5 4 5 2 4 4 1 4 2 1 2 1 1 4 1 4 1 3 2 5 1 2 1 3 5 2 2 2 3 1 2 2 4 3 1 2 1 4 3 2 2 4 2 2 3 4 1 3 3 1 4 5 2 2 2 5 3 1 2 3 4 4 2 5 5 4 1 4 4 1 4 2 5 3 5 2 2 4 1 3 4 5 2 1 1 1 2 1 4 2 1 2 5 3 3 2 5 2 2 3 5 2 5 1
1 2 4 3 3 3 3 1 3 3 3 4 1 1 2 3 4 5 1 5 1 1 2 4 4 5 2 2 5 1 3 1 4 2 2 4 3 2 3 2 2 2 3 1 3 3 5 4 3 5 2 4 3 4 1 2 5 3 1 4 2 4 4 5 5 1 4 1 5 3 5 4 3 2 4 3 2 2 5 2 3 5 3 2 1 5 1 2 3 3 2 3 2 4 3 2 3 1 3 4 2 5 2 3 3 4 2 3 5 2 1 3 5 3 1 2 2 4 1 3 3 1 5 2 4 3 2 1 4 5 3 3 5 5 2 1 3 2 4 2 2 2 2 5 4 3 5 3 3 4 4 5 5 4 0 4 5 1 4 1 2 2 1 1 4 3 2 4 5 5 2 1 3 4 5 4 5 5 4 2 4 5 3 5 4 5 3 1 3 1 3 2 4 2 2 3 3 3 5 1 5 5 3 4 1 5 1 5 5 5 5 4 1 2 3 4 4 2 4 5 5 3 1 3 1 3 1 5 5 3 5 1 3 5 3 5 3 3 2 5 1 3 4 4 2 4 2 1 2 5 1 4 1 5 3 1 5 5 4 1 4 1 5 3 2 5 1 1 2 5 2 5 4 4 3 4 2 5 4 5 3 2 1 5 4 1 5 2 2 1 2 2 4 3 4 1 5 5 1 4 3 4 1 1 5 4 5 4 1 2 4 1 1 1 5 1 3 3 4 4 5 4 2 2 4 3 5 3 4 1 4 4 1 1 2 2 3 5 3 4 2 3 2 3 1 3 5 3 5 2 1 3 2 3 3 3 2 2 3 4 5 4 3 4 3 5 4 1 5 2 3 1 5 3 3 4 1 1 4 2 1 1 1 5 3 5 1 3 2 2 1 1 5 3 3 4 3 2 2 2 2 5 2 5 3 3 4 4 1 4 5 5 5 5 5 5 5 2 3 3 1 5 2 5 1 2 3 2 2 3 3 3 2 3 1 1 2 5 1 2 3 4 2 2 2 2 4 1 1 5 2 4 2 5 2 2 2 2 2 5 3 4 1 1 5 3 3 1 2 5 4 5 2 4 5 4 1 5 1 4 2 2 1 5 1 2 2 1 1 2 5 4 5 2 4 2 1 4 5 4
4 4 4 2 3 2 5 4 2 1 3 4 3 5 5 1 3 3 5 3 5 5 4 5 2 1 2 4 4 3 4 2 1 2 1 5 2 1 4 4 3 4 1 1 3 3 3 4 2 3 2 4 3 4 5 3 5 2 2 2 1 3 5 3 3 4 2 4 2 2 3 5 3 3 5 3 2 2 2 3 4 1 4 1 1 1 3 5 3 4 5 3 3 3 3 2 2 4 4 5 4 3 4 4 2 4 4 2 1 3 4 1 1 1 4 2 4 5 1 3 5 1 4 3 1 2 3 5 3 2 3 2 4 2 3 2 5 3 3 1 1 4 3 4 2 3 4 5 4 1 4 3 4 5 1 0 4 1 2 2 4 1 4 4 3 4 4 4 1 5 1 4 1 2 5 3 1 5 3 3 3 1 3 2 2 1 2 4 3 1 3 1 5 4 2 3 1 1 1 3 1 3 2 3 5 2 3 2 5 1 4 1 5 1 4 1 4 5 5 1 5 4 1 1 5 3 5 5 1 1 3 4 1 4 5 2 2 3 1 4 5 1 2 1 4 4 5 4 1 4 5 5 1 1 4 3 5 5 3 3 3 3 2 4 5 3 5 5 4 4 4 3 3 3 3 4 3 2 1 1 3 2 3 2 4 4 4 2 3 4 1 1 2 5 3 5 5 5 2 4 4 3 4 3 2 5 4 5 4 3 5 3 4 4 4 4 5 1 1 1 5 2 3 5 4 4 5 1 1 1 3 1 5 5 3 2 1 2 2 5 2 3 5 5 3 4 5 4 1 5 1 1 2 5 1 2 2 2 2 3 4 3 2 3 5 2 1 4 3 4 3 5 3 3 5 5 4 1 4 5 4 1 5 3 5 3 2 2 3 3 4 1 4 5 4 4 1 2 5 4 3 2 4 1 5 4 2 2 5 4 5 4 5 2 4 3 5 3 2 4 3 1 5 4 4 3 2 2 5 3 3 2 4 4 1 1 4 2 1 2 4 5 3 1 3 4 1 5 2 4 2 2 2 4 5 2 3 3 5 4 4 3 2 2 4 4 5 1 1 3 2 3 2 4 2 3 1 4 2 4 1 5 2 3 1 3 2 4 2 3 5 2 2 3 3 3 2 1 2 1
2 3 5 2 1 2 4 4 4 1 1 4 2 2 3 3 1 3 5 2 2 3 4 1 5 1 2 2 3 3 3 2 3 5 1 1 5 1 4 1 5 4 4 3 4 3 2 5 4 1 3 3 3 4 4 1 1 1 3 4 1 4 2 1 4 3 4 1 2 4 2 2 1 4 4 3 3 4 3 1 1 1 2 2 1 3 4 1 5 4 3 4 5 1 1 1 2 2 2 5 3 5 3 5 5 3 1 1 4 4 3 3 1 2 2 1 4 3 3 1 5 2 3 3 5 4 5 3 3 2 3 5 3 2 3 4 3 5 5 1 1 4 2 1 3 3 3 5 5 4 3 4 3 4 4 3 0 3 1 3 4 3 5 2 4 5 5 5 3 2 1 2 1 5 1 5 3 5 4 3 5 5 1 4 4 1 4 3 4 1 4 3 2 1 3 5 1 5 1 4 2 4 5 3 4 5 4 3 5 2 5 1 4 3 3 3 2 1 1 4 4 5 5 4 1 5 3 4 3 4 1 1 2 2 1 3 2 4 2 3 4 2 3 5 4 1 4 3 2 3 4 2 5 1 1 2 5 4 1 1 2 4 4 2 3 3 1 2 3 2 1 1 3 5 3 1 2 3 1 3 3 4 2 5 3 5 4 4 5 5 2 3 1 5 4 5 5 5 5 1 1 4 3 2 4 2 2 3 2 4 3 1 5 4 4 4 1 2 1 2 4 3 1 2 5 1 1 1 3 1 3 4 4 2 4 4 5 2 2 4 2 1 5 3 3 3 4 4 5 4 5 4 3 2 3 2 1 2 3 4 3 5 5 1 2 5 2 4 3 5 2 1 3 3 1 5 2 2 5 4 5 3 5 2 5 4 3 1 5 3 1 5 2 2 5 3 2 3 4 2 4 4 4 2 3 2 2 2 1 4 4 2 5 5 1 1 2 1 1 5 4 3 5 1 5 5 3 4 5 3 5 3 5 4 2 3 2 4 3 5 5 1 2 5 5 1 4 4 5 3 4 1 5 1 3 5 4 5 5 5 2 1 2 3 1 4 4 3 5 5 5 4 2 1 1 3 3 1 1 5 5 1 5 4 2 4 4 4 1 4 3 4 3 1 3 4 1 5 5 2
1 1 5 2 1 5 2 2 1 4 3 5 4 4 4 1 3 1 3 3 2 5 1 2 3 1 4 5 3 1 2 4 1 1 2 2 4 2 1 1 5 4 1 1 5 4 3 5 2 3 3 5 2 3 1 4 5 5 4 4 3 1 4 4 1 4 2 1 3 5 1 4 2 3 3 4 2 5 5 5 4 2 3 4 3 3 5 3 3 3 3 3 4 3 3 4 4 3 2 5 1 4 3 4 1 2 2 5 5 2 2 2 3 5 2 3 5 2 2 1 2 4 3 5 1 4 2 2 1 1 4 1 1 1 5 3 3 4 1 5 5 4 1 5 4 3 2 5 4 1 2 1 5 1 1 1 3 0 3 3 2 1 5 1 5 4 5 1 3 3 4 2 3 3 3 4 3 3 5 4 5 3 2 1 2 1 2 3 1 3 1 3 2 2 4 2 2 5 3 2 2 1 3 1 2 4 2 1 1 2 4 5 4 3 3 2 2 1 3 3 3 4 4 4 4 5 5 3 3 3 2 2 2 1 3 3 2 5 1 1 4 3 1 3 1 2 3 2 1 3 3 1 5 4 1 2 4 5 1 1 5 5 5 1 4 3 3 1 3 4 1 3 5 2 1 3 4 2 5 5 2 2 2 2 1 3 5 3 5 1 4 1 4 2 5 2 4 2 5 2 3 1 3 2 5 3 4 2 2 2 2 1 4 3 5 1 1 3 1 1 3 4 2 3 5 4 1 2 2 1 5 1 2 3 1 1 3 2 1 1 2 1 1 5 4 1 2 2 4 3 1 3 4 1 4 5 5 2 5 3 3 4 3 4 3 2 3 4 1 1 3 5 1 5 1 5 5 1 4 3 1 3 4 5 5 2 3 5 5 1 1 5 4 1 4 5 5 5 1 3 5 2 4 4 4 5 3 4 2 3 2 1 2 5 4 5 2 4 1 5 3 5 5 3 3 1 4 2 4 2 3 5 4 4 2 3 1 1 3 2 5 4 5 2 3 1 4 1 2 1 1 1 1 3 3 2 4 5 5 1 1 1 4 4 1 1 3 3 3 4 4 1 3 1 3 3 3 1 5 3 5 4 1 1 4 4 1 2 5 1 3 1 3 1 5 3 1 5 2 5
3 1 2 1 2 1 2 1 1 3 4 4 1 2 4 3 2 2 1 3 2 4 4 1 3 4 1 1 4 1 2 1 1 2 2 4 1 4 5 5 3 1 3 4 5 3 1 5 4 1 1 2 4 2 2 3 2 1 4 4 2 2 2 4 2 4 3 2 2 4 1 5 5 3 2 3 4 3 2 3 4 2 3 5 2 1 5 3 5 1 4 1 5 5 2 4 5 3 5 5 5 2 1 1 3 4 1 5 2 2 4 2 3 3 4 4 2 5 4 1 5 3 1 3 1 3 5 3 5 5 1 3 2 4 3 5 2 4 3 3 4 2 1 5 1 5 5 3 3 2 3 4 5 4 4 4 5 1 0 4 5 3 4 4 5 3 4 2 5 2 5 2 4 3 2 5 2 1 3 5 5 5 3 5 4 1 5 4 5 4 3 2 5 1 1 3 5 2 5 5 1 3 1 5 2 5 2 4 5 4 4 2 2 3 2 2 3 3 5 4 4 5 5 1 2 2 4 3 5 5 5 3 2 3 1 1 1 3 5 3 4 1 3 4 4 1 5 2 5 3 1 4 3 3 1 5 2 3 4 3 5 4 3 1 1 1 2 1 5 2 1 3 5 4 4 4 3 3 2 3 4 2 4 5 2 2 5 2 3 1 5 5 3 2 4 4 4 1 1 2 1 1 4 4 3 1 1 1 2 4 4 1 2 2 5 1 5 5 1 2 4 2 2 2 2 1 1 1 4 3 3 1 5 4 2 3 4 5 2 2 5 4 2 5 5 4 3 3 4 3 1 3 3 5 4 5 3 4 5 2 2 2 4 1 1 2 1 1 3 5 4 5 5 5 2 4 3 3 1 5 1 1 4 4 2 4 1 3 3 3 4 4 4 1 2 2 1 5 4 3 1 2 1 1 5 4 3 3 5 1 5 1 2 1 2 5 5 3 5 5 3 4 5 2 2 4 5 2 3 2 2 5 3 4 3 1 3 4 1 1 2 3 5 2 1 5 5 4 4 2 4 5 5 2 4 4 3 1 5 3 1 1 3 2 1 1 2 1 5 4 1 4 4 2 2 5 3 5 2 5 1 1 2 3 4 5 3 4 1 1 1 1 5 3 1 3 2 3 3 3
3 2 3 4 1 3 5 1 1 1 2 1 4 1 2 5 5 5 3 4 1 1 2 2 2 1 3 1 2 4 3 1 1 5 2 5 4 4 1 4 2 3 3 3 1 4 5 5 5 2 4 3 1 5 1 2 2 3 3 3 3 3 5 3 4 2 4 3 1 4 5 1 4 1 2 4 3 3 3 1 3 4 2 1 5 2 4 3 4 3 5 4 1 4 2 1 3 2 3 2 5 2 4 5 1 2 2 2 2 1 3 3 1 2 3 3 4 4 1 2 1 4 1 2 1 4 4 3 5 5 1 5 2 5 3 2 1 5 5 5 4 1 4 3 4 1 1 4 2 2 2 4 1 1 1 4 4 1 1 0 1 5 5 2 1 3 4 2 5 2 5 1 1 3 3 4 3 4 2 3 2 3 4 3 3 2 4 4 4 5 1 1 1 4 4 3 1 2 2 5 2 1 3 4 1 4 5 1 3 1 4 4 1 1 2 5 5 3 2 2 2 3 2 1 4 5 3 4 4 4 5 2 2 3 3 4 1 4 3 1 5 2 2 4 3 2 3 1 5 4 3 1 5 1 2 3 1 4 1 3 3 5 1 3 4 4 3 3 5 1 4 1 1 5 2 4 1 1 3 4 5 3 5 4 4 5 3 1 4 2 5 5 3 1 4 1 3 2 3 4 3 4 5 4 5 1 1 4 3 1 5 5 1 1 5 1 5 1 1 4 3 5 4 4 3 5 2 2 3 5 5 3 2 2 5 4 3 4 4 3 5 4 2 3 4 5 4 1 4 2 5 1 2 5 4 3 3 5 5 1 4 2 3 3 3 4 2 1 5 3 4 1 5 3 2 1 1 1 5 4 4 3 2 5 5 1 3 3 3 3 2 1 3 1 5 4 4 5 2 2 5 3 2 3 4 2 2 2 2 3 1 4 1 4 4 2 2 2 1 1 1 2 2 3 1 1 4 3 2 4 1 4 5 1 5 3 5 1 2 5 4 4 2 3 2 1 5 4 5 2 4 2 4 5 2 4 5 5 5 1 3 3 5 2 1 4 4 5 2 4 4 4 2 2 2 2 3 3 5 2 3 1 2 3 2 1 4 3 4 3 5 1 3 4 4 2 2 5 3 2
3 5 1 3 1 5 2 3 4 1 4 5 1 2 3 2 1 4 2 1 5 2 3 1 2 2 5 3 1 1 2 4 1 2 1 1 3 1 5 3 2 2 3 4 1 2 1 3 1 2 2 2 5 2 4 5 3 5 2 1 2 3 2 5 3 2 3 1 1 2 2 2 2 4 5 2 5 1 4 4 3 3 1 5 4 1 1 5 1 5 5 1 2 5 1 1 5 3 5 1 3 2 1 3 2 2 4 2 4 5 1 4 3 3 1 2 2 3 5 3 4 4 3 2 3 3 5 1 4 4 1 2 4 1 4 1 3 5 4 2 5 1 2 5 1 3 4 1 1 1 4 3 1 3 3 4 3 1 5 1 0 1 4 2 3 3 4 4 2 5 5 5 5 2 3 3 5 2 1 5 1 4 1 2 5 3 1 3 3 2 3 2 3 1 5 2 5 5 3 3 2 1 3 1 2 3 5 4 3 3 2 5 5 1 4 1 3 2 1 1 1 5 5 4 5 2 2 1 3 2 3 3 1 3 3 3 1 5 3 4 5 5 5 1 3 3 2 3 5 1 2 4 5 4 2 4 4 2 2 4 5 5 4 5 1 2 1 2 1 2 3 4 5 3 4 1 4 4 4 1 4 4 5 1 3 4 1 4 4 1 3 2 5 2 2 2 3 2 3 3 5 4 3 5 3 5 3 5 4 4 3 5 5 3 5 2 3 1 2 2 4 2 2 5 3 3 4 1 4 1 1 4 4 4 2 3 2 4 2 1 1 4 3 2 2 2 3 5 4 5 2 2 4 3 5 5 1 1 3 5 2 4 4 4 1 1 2 2 5 2 5 5 4 4 4 3 4 2 1 3 3 4 4 5 1 5 3 3 5 2 5 1 4 2 1 3 3 3 1 5 1 5 2 2 4 4 5 3 2 5 4 4 3 4 1 4 2 4 2 1 4 5 3 3 5 5 2 5 2 4 1 1 4 5 3 4 5 3 2 5 3 2 2 1 4 4 2 2 4 1 2 2 3 2 5 4 1 2 1 3 2 3 1 2 4 2 4 4 1 3 1 4 1 5 3 3 1 2 3 3 5 3 3 4 4 4 2 5 2 2 2 3 2 1 1 4 5 4 3 3
5 3 3 3 4 3 4 1 2 1 2 4 2 3 2 2 4 3 2 3 4 2 3 2 2 2 3 3 2 1 1 3 5 1 3 1 4 5 3 5 4 5 2 3 3 1 4 2 4 5 3 4 3 3 1 5 1 3 5 1 2 2 3 2 4 5 3 2 3 5 2 5 2 4 3 4 1 5 4 2 2 4 4 2 5 4 2 1 2 3 4 1 5 5 2 2 4 5 2 3 1 3 1 1 2 5 2 4 4 3 3 2 3 5 2 3 4 4 3 4 3 5 2 5 5 2 5 2 1 4 3 1 5 1 2 1 2 4 4 2 2 1 2 1 1 1 5 2 3 3 4 4 4 5 3 2 5 5 2 5 2 0 1 1 4 4 3 5 3 2 5 2 2 1 4 2 4 5 5 2 1 2 2 4 3 2 2 3 3 5 3 1 2 5 3 2 5 3 2 1 3 3 2 2 4 5 2 3 2 4 3 4 5 5 3 2 2 5 5 4 2 3 4 5 4 1 3 5 3 5 1 4 4 2 2 2 5 5 5 5 1 4 5 1 2 4 5 4 3 1 2 5 3 2 1 2 2 3 2 1 4 2 4 3 4 4 3 1 4 3 4 5 5 5 2 5 2 2 2 1 2 4 1 5 3 1 2 4 4 3 5 5 3 1 2 1 5 1 3 3 5 5 2 3 5 2 4 5 2 4 4 2 1 1 5 3 5 4 2 1 4 3 4 5 4 3 1 3 2 2 1 1 1 5 3 3 3 4 5 5 5 2 4 3 1 4 5 3 1 4 1 2 1 5 2 1 1 2 4 3 5 5 4 3 4 5 4 2 1 2 1 5 5 1 5 2 3 5 4 2 3 5 5 1 1 2 4 2 4 3 4 1 3 3 4 5 3 4 2 4 3 4 1 5 3 3 3 3 2 5 2 5 2 4 1 3 1 3 1 3 4 2 2 2 1 3 1 4 5 4 5 4 2 2 3 2 5 1 1 3 2 3 3 5 3 2 2 1 3 5 4 5 3 4 4 2 5 5 5 4 2 1 3 5 3 4 1 3 3 4 4 5 4 1 5 5 1 3 1 1 2 1 2 1 4 3 2 1 3 2 4 2 3 5 2 2 1 3 2 1
4 2 2 4 1 3 2 3 1 5 1 4 3 4 1 4 3 2 2 5 1 3 1 1 1 4 2 1 4 4 2 2 2 4 1 2 1 5 1 4 2 3 4 4 1 1 5 2 5 2 5 2 4 2 4 2 1 5 2 5 4 1 3 2 5 3 2 2 2 4 5 1 1 1 5 3 3 2 4 1 2 5 1 4 1 2 2 1 1 4 5 1 5 4 3 1 1 3 5 5 2 5 1 3 4 5 5 2 3 5 1 4 1 2 2 2 2 1 2 4 1 2 1 4 3 2 3 4 1 5 1 5 4 4 1 1 4 4 4 1 2 1 4 1 2 5 3 1 1 1 4 4 1 2 2 4 4 3 5 4 3 2 0 4 4 5 2 3 4 3 5 5 2 1 2 3 5 4 1 4 5 1 4 2 2 3 3 4 4 3 1 5 4 5 1 3 1 4 1 3 2 3 5 3 3 4 5 3 2 4 5 1 2 2 4 2 1 1 5 5 3 5 3 4 4 5 4 5 1 1 3 3 4 5 2 2 5 2 1 3 3 5 1 1 5 1 2 5 3 2 4 5 3 3 3 3 5 4 2 2 1 3 2 3 4 4 4 4 5 3 5 1 5 4 5 2 3 4 2 1 2 4 1 5 5 5 4 2 1 5 5 2 2 5 2 4 3 2 5 5 2 5 1 4 5 5 4 1 5 4 1 1 5 3 5 2 3 1 4 4 2 3 2 3 5 4 2 4 2 1 3 1 4 1 5 4 5 2 1 5 1 2 2 2 5 3 4 1 5 5 1 4 4 2 2 2 4 1 3 3 4 3 2 2 2 2 1 3 4 1 5 5 5 4 4 3 4 1 5 5 1 1 4 1 2 1 2 4 4 2 1 1 4 4 4 4 5 5 4 4 1 1 3 4 3 3 3 4 3 2 1 5 5 3 2 1 2 2 1 5 1 4 1 2 3 3 2 3 2 2 2 1 2 4 2 1 4 5 3 4 2 3 2 4 5 2 4 5 2 2 4 5 4 4 5 2 2 1 2 5 2 1 2 4 1 5 3 3 2 2 4 2 1 2 3 3 3 2 2 5 5 3 3 1 4 2 4 2 3 4 1 3 5 2 1 3 4 3 4 4
4 2 4 2 2 1 2 2 2 3 4 5 1 3 4 2 3 2 4 2 2 4 1 2 5 2 3 3 1 1 5 5 2 4 4 1 5 2 5 2 3 4 4 1 2 5 3 3 3 4 5 1 2 2 4 1 2 1 2 5 3 1 2 3 2 5 1 1 1 4 3 2 1 2 4 3 4 2 2 5 3 4 3 5 3 4 4 5 1 2 2 4 4 4 3 5 3 3 5 2 2 4 2 1 1 5 5 1 4 1 1 1 5 2 3 4 5 4 1 4 1 5 3 5 3 2 3 5 3 4 5 3 2 3 1 1 2 1 4 1 1 1 3 1 4 1 4 3 4 4 2 5 4 1 1 3 2 2 4 2 4 3 3 0 4 5 2 2 1 2 5 4 2 1 5 1 1 2 5 1 5 3 4 3 5 1 3 2 5 1 3 1 3 4 5 1 5 4 4 2 2 5 2 2 3 4 2 3 5 3 3 2 1 5 2 4 4 4 5 5 5 3 3 5 1 1 3 2 1 4 2 4 4 1 2 3 3 3 3 2 2 4 4 1 3 5 5 1 1 2 3 3 3 5 5 2 3 5 5 5 2 5 2 4 2 1 5 5 3 1 4 2 4 1 2 4 3 3 5 2 1 1 2 2 2 3 4 1 3 2 4 5 2 2 1 3 2 3 1 4 5 1 5 4 1 4 1 1 1 1 3 3 1 4 4 2 5 2 2 4 5 1 3 2 4 1 2 2 5 4 2 1 3 5 1 3 5 4 2 1 1 5 3 5 5 3 2 2 2 2 5 2 5 4 3 4 2 5 2 2 1 4 5 5 3 1 1 2 5 5 5 5 3 3 4 3 4 2 3 2 1 5 4 3 5 3 5 1 1 2 2 4 1 1 5 2 2 5 1 5 1 2 2 4 5 5 4 4 4 3 4 2 4 3 2 2 5 2 1 4 5 3 5 2 3 4 2 1 3 3 5 5 4 5 2 3 1 3 4 1 1 4 3 4 3 5 3 4 1 5 2 1 2 2 5 3 5 5 1 3 4 2 2 2 1 2 4 4 5 3 5 5 1 5 4 4 3 3 2 1 2 4 2 1 4 1 2 4 5 1 1 1 1 2 3 2 4 4 3 5
2 5 5 4 2 5 5 1 5 4 2 2 1 4 2 2 5 2 1 4 4 5 2 4 5 2 2 4 4 4 1 3 4 5 1 5 3 4 5 5 2 2 4 2 1 5 2 4 3 2 3 2 1 4 3 2 4 3 1 2 3 1 4 1 3 5 1 5 5 2 5 5 4 3 3 1 3 5 2 5 3 2 2 2 2 5 3 1 2 5 5 5 5 5 1 3 3 2 1 4 5 5 1 1 2 2 5 4 2 3 4 5 2 5 3 4 3 2 2 5 3 3 4 5 5 1 2 1 4 2 3 2 4 2 4 3 5 2 2 3 1 4 3 5 3 1 2 4 4 2 2 3 4 5 1 5 3 4 1 2 1 4 3 1 0 1 2 4 2 3 3 5 3 3 5 3 1 3 2 3 4 2 5 5 3 4 3 4 1 4 3 4 1 5 2 4 3 1 4 2 5 1 1 4 4 2 4 2 1 4 4 2 4 2 2 3 1 5 4 3 5 5 1 3 2 3 2 2 4 1 3 4 1 1 5 1 3 4 4 1 1 1 4 3 4 4 1 5 5 5 2 4 1 3 1 1 4 5 4 1 3 2 5 4 2 5 2 5 4 5 2 5 4 3 4 2 5 4 2 5 2 1 1 1 2 1 3 4 3 2 5 4 2 4 2 3 3 1 1 3 5 2 3 5 5 3 4 4 5 3 5 2 1 1 1 1 5 3 4 4 5 2 1 2 4 3 1 1 5 2 2 4 2 3 1 2 4 5 5 4 2 3 2 5 2 1 4 2 5 3 1 3 1 4 2 1 3 1 1 4 1 5 5 2 1 3 1 3 5 2 1 1 4 3 1 2 5 3 1 4 4 4 4 5 3 5 2 5 5 3 2 3 2 2 3 5 3 3 1 1 1 1 2 4 3 3 2 4 3 5 1 1 5 1 1 3 3 5 3 3 3 1 4 3 5 3 4 3 4 4 4 2 4 5 2 5 2 2 4 2 1 5 3 4 5 5 4 4 1 1 2 4 5 1 5 1 2 2 3 3 2 4 5 3 5 4 3 3 2 4 4 3 1 2 5 2 4 4 1 3 3 5 4 5 2 2 2 4 2 2 1 4 4 1 2 1 4 5 4 1
4 4 3 2 1 3 4 1 5 5 1 2 1 5 5 2 2 1 2 1 2 1 4 3 3 2 1 5 5 1 1 2 4 2 4 4 1 5 5 4 3 3 3 1 3 3 3 4 4 3 1 5 1 4 1 3 3 4 2 2 1 1 4 5 5 5 1 3 4 4 4 2 1 3 3 1 1 2 3 2 5 1 1 5 3 4 3 5 1 3 5 2 5 5 3 4 4 1 2 5 2 4 3 5 1 5 1 1 2 4 3 1 3 2 4 1 4 1 4 2 3 4 3 3 1 3 3 2 1 5 1 5 5 4 5 3 3 4 1 3 5 4 1 5 5 1 5 3 4 2 3 5 1 3 2 3 2 2 1 1 4 2 5 4 5 0 4 3 4 2 1 4 1 4 2 3 5 4 4 1 3 1 3 3 1 2 2 1 2 5 3 3 1 1 3 2 4 2 4 4 5 4 2 3 4 2 2 4 2 1 1 2 2 4 4 1 5 5 2 4 3 5 2 2 3 4 4 4 3 5 2 3 1 2 2 5 1 3 2 5 2 2 5 2 2 5 1 1 5 5 2 5 4 4 1 5 2 1 1 1 1 5 1 3 2 2 1 3 5 2 4 5 2 5 2 1 3 1 2 1 5 1 2 5 2 1 2 2 3 2 2 3 1 3 2 1 5 3 3 4 5 3 3 5 5 1 3 5 1 3 5 3 5 5 1 1 4 3 3 5 1 3 2 2 1 1 2 4 1 4 4 2 4 5 1 2 2 5 4 5 2 3 1 3 2 2 2 2 4 3 5 2 5 2 4 3 2 5 2 5 4 4 3 2 5 5 5 3 5 2 1 5 2 4 2 5 1 4 5 1 1 2 2 4 1 2 3 2 5 2 4 4 3 3 1 1 2 1 2 3 2 4 4 3 3 2 4 3 3 1 4 2 2 4 1 1 2 5 4 3 3 4 2 1 4 3 3 4 2 1 5 2 4 3 4 2 2 4 4 3 3 2 5 5 1 5 5 5 2 5 2 5 4 3 3 1 2 2 4 1 1 5 3 2 2 3 2 3 1 5 5 4 3 3 3 2 3 2 3 3 5 1 3 5 3 4 4 5 1 4 4 3 3 2 3 3 2 2 3 2
4 4 1 4 1 1 5 5 4 5 2 5 4 1 5 5 4 4 5 2 2 2 2 4 4 3 3 3 1 2 2 2 5 1 5 4 2 5 1 3 4 1 4 1 2 4 3 4 2 5 1 4 1 4 2 3 5 2 4 2 1 5 3 5 4 5 3 3 1 2 4 3 1 3 3 3 3 4 3 5 4 1 2 1 3 2 2 2 1 4 4 2 4 4 2 4 2 4 2 2 3 4 2 5 1 4 3 4 1 1 3 3 2 2 3 3 5 3 1 4 1 4 4 2 4 3 2 3 3 2 1 3 1 4 2 2 5 3 3 4 1 4 5 1 1 1 4 5 3 4 3 3 3 3 5 2 5 1 2 5 1 1 3 1 5 3 0 4 4 2 1 2 3 2 1 3 2 2 1 4 2 3 3 5 3 5 2 1 3 3 4 1 1 5 2 2 2 3 3 3 1 4 2 1 3 2 2 2 4 4 4 5 3 4 5 3 3 3 4 1 2 5 3 5 1 4 2 3 2 1 5 4 1 1 1 5 5 4 2 2 2 5 2 4 4 2 2 3 1 5 3 3 4 4 5 2 5 3 3 4 4 2 5 3 2 5 1 2 1 4 2 1 4 2 3 2 3 3 3 5 5 4 3 2 3 1 2 4 5 1 2 1 2 4 5 2 2 5 2 3 1 1 4 5 4 1 5 3 1 4 5 1 2 1 2 3 4 4 1 1 5 1 2 3 4 2 3 4 2 3 2 5 3 5 1 2 5 3 4 4 2 1 4 3 3 1 1 5 2 5 1 2 1 3 2 3 3 5 3 2 1 4 2 4 2 4 5 2 5 4 5 4 2 1 5 1 3 1 5 5 1 2 2 4 1 5 1 4 4 1 1 2 1 3 5 2 5 4 4 1 2 3 1 4 1 5 3 4 2 4 5 5 4 2 3 2 2 1 4 1 3 1 1 4 1 3 4 1 5 3 1 4 2 3 5 5 3 3 5 4 4 4 4 5 1 4 5 5 2 1 4 5 1 2 5 3 5 5 5 4 2 3 5 5 3 4 2 1 5 5 5 4 2 2 5 4 3 3 3 2 1 4 5 4 1 5 4 4 3 1 2 2 1 1 5 4 3 2 2 5
4 2 2 2 1 5 3 1 2 1 4 3 5 4 1 5 5 3 1 1 5 2 3 1 3 3 4 4 1 4 3 4 2 5 3 4 2 5 2 2 2 3 1 2 3 1 1 2 3 1 3 4 3 1 4 2 2 4 1 1 2 5 3 3 2 2 1 4 2 2 1 5 2 4 4 3 4 5 4 1 5 1 4 5 3 1 1 1 4 5 5 5 5 1 2 4 5 3 2 5 4 2 4 1 4 1 3 2 3 3 3 1 5 5 3 2 3 3 2 5 4 3 4 3 2 4 3 3 2 1 4 1 2 1 4 2 2 4 4 5 3 1 5 5 2 5 4 3 4 1 1 1 2 4 5 2 4 1 2 5 5 3 3 2 3 5 5 0 1 2 4 1 4 2 1 3 5 2 2 1 3 1 4 4 1 1 2 1 3 1 5 1 5 4 4 2 4 2 4 3 4 1 2 5 4 3 1 3 5 3 4 1 1 5 5 2 3 3 1 3 5 5 3 1 4 5 5 3 1 5 4 2 4 4 1 4 2 5 1 2 2 2 5 2 5 1 4 2 2 4 1 5 3 2 5 3 1 5 4 1 1 1 2 4 3 3 3 2 1 1 3 4 4 2 5 1 3 5 1 1 4 5 4 3 3 1 1 1 2 4 4 2 1 5 4 2 1 3 5 3 3 2 5 5 1 3 4 5 1 4 5 3 5 4 3 1 5 3 3 1 3 5 4 4 1 1 5 4 1 2 1 4 4 5 5 2 2 2 4 2 5 2 3 5 2 5 3 1 5 4 5 5 2 2 1 4 5 1 3 2 1 4 5 1 1 1 5 3 4 5 5 2 4 2 2 5 3 2 2 3 4 3 2 3 4 3 1 4 2 1 3 5 5 4 4 3 3 2 3 5 1 2 2 2 1 5 3 4 5 5 1 4 4 2 3 4 5 2 3 3 5 2 4 5 2 3 1 4 5 4 5 3 4 2 4 1 3 5 3 3 2 3 1 3 5 2 3 1 1 2 3 5 4 2 5 4 2 5 4 3 4 3 1 2 3 3 1 3 3 4 3 5 1 4 5 5 1 3 2 3 5 2 1 3 3 5 3 4 3 2 3 3 5 4 2 3 5 4 5 4
4 4 1 2 2 4 1 2 5 5 5 4 3 4 4 5 4 4 5 5 2 5 5 3 5 4 2 5 1 2 1 4 4 5 3 5 3 3 3 5 5 5 4 1 2 1 1 2 1 2 2 2 4 1 2 3 2 4 1 1 4 1 5 4 5 4 1 1 4 1 1 2 3 2 3 1 3 4 2 4 5 2 3 3 2 4 1 5 3 1 2 3 4 4 5 3 5 5 1 1 2 5 3 3 3 2 5 2 5 5 4 2 1 3 4 4 5 1 2 4 2 1 5 3 1 3 2 4 4 2 4 3 2 3 4 1 3 3 1 4 3 2 4 1 4 5 2 2 3 4 3 2 4 5 3 3 4 4 1 5 3 5 3 3 3 2 3 3 0 5 2 1 5 1 4 3 3 3 1 1 5 3 5 2 5 2 4 1 4 5 4 2 4 2 1 4 5 4 1 2 4 5 1 5 5 1 2 1 5 4 3 2 1 5 3 5 5 3 2 4 4 1 3 1 3 5 5 5 1 1 4 2 5 5 2 4 3 1 4 1 4 2 2 3 5 4 1 1 5 1 2 2 5 3 5 3 5 2 5 3 5 3 2 2 2 2 3 2 3 3 5 5 1 3 1 1 3 5 2 5 5 2 1 1 3 5 1 2 3 1 2 2 3 5 4 4 1 3 2 2 5 5 3 3 5 2 3 4 4 4 3 4 3 5 4 3 2 3 3 3 2 2 1 3 5 4 4 3 1 4 3 1 3 1 1 2 4 2 1 2 4 1 3 1 4 4 3 3 4 1 1 2 2 2 2 4 3 1 4 3 2 2 4 4 2 3 4 3 5 3 2 1 1 3 3 5 5 2 2 3 4 4 2 3 3 5 3 1 3 1 1 4 3 5 3 5 1 5 3 3 1 2 4 1 2 5 4 3 1 3 4 4 4 5 4 4 2 3 5 5 2 1 3 1 2 4 3 4 5 2 2 2 5 2 1 3 2 5 5 4 1 4 2 5 2 5 4 3 1 2 5 1 2 5 1 2 2 3 4 1 3 5 5 5 1 1 2 4 4 2 5 2 2 5 2 2 3 1 1 4 5 4 4 4 4 1 2 2 4 3 5 3 5 1 3 2 3 2 3 1
1 2 5 3 4 4 3 1 2 4 4 5 1 5 2 2 2 1 2 5 2 4 2 5 1 3 3 2 5 4 5 4 1 2 1 4 2 5 2 1 4 1 2 4 2 5 1 4 5 1 4 1 2 1 1 1 5 4 2 2 1 3 3 5 1 5 3 1 3 1 4 3 4 1 3 2 4 4 2 2 1 2 3 2 4 1 4 5 1 5 3 5 5 3 5 3 2 5 5 4 4 5 2 3 1 4 4 5 5 3 1 2 1 3 4 3 5 5 4 3 2 3 5 4 1 3 5 2 4 1 3 4 5 5 5 4 4 4 2 2 2 2 2 1 4 4 3 1 5 1 2 4 4 1 4 4 2 1 1 5 5 2 1 2 3 3 5 5 5 0 2 5 4 3 4 2 5 5 3 3 5 3 3 1 2 4 3 3 3 5 2 5 5 3 5 4 1 1 4 5 2 4 4 1 3 4 3 4 3 4 4 4 2 4 4 3 4 4 4 2 1 3 2 5 5 4 3 2 4 1 4 3 1 5 4 4 4 1 4 4 3 3 1 3 5 2 4 1 2 5 3 2 4 3 2 1 1 3 4 1 5 2 5 2 4 3 3 2 1 4 4 2 4 4 4 2 2 2 5 1 4 4 3 4 2 4 1 4 5 4 4 1 1 1 1 5 4 1 3 4 5 3 2 4 5 5 1 5 2 4 1 5 5 5 3 2 2 4 3 4 5 4 3 2 3 5 3 4 2 1 4 4 1 5 1 4 4 1 4 3 3 5 3 3 3 5 2 3 2 5 4 5 3 5 4 3 3 3 5 3 3 4 4 5 3 5 4 3 3 1 4 4 1 3 5 4 3 5 2 4 2 1 3 4 3 3 3 3 3 1 2 3 3 1 2 1 4 1 1 3 5 2 2 5 3 1 4 4 3 2 4 3 4 4 3 5 1 1 4 4 5 2 4 5 3 1 4 3 5 5 4 2 1 1 4 5 1 2 1 5 5 5 2 1 1 1 4 4 5 5 2 3 5 4 2 4 4 4 2 5 1 4 2 2 2 3 1 1 1 4 1 5 3 4 3 4 4 2 4 1 1 3 2 4 2 5 2 4 1 1 3 3 5 3 1 2 5 1 5 2
5 1 1 2 1 3 1 5 4 2 2 1 3 3 2 3 3 1 3 4 5 2 2 2 5 2 2 2 3 2 1 1 3 2 5 4 2 4 5 2 3 2 4 4 5 2 4 4 3 5 3 3 2 4 4 5 2 1 5 4 1 1 2 3 3 2 1 4 4 1 1 4 1 3 3 3 4 5 1 2 4 4 5 1 4 1 2 5 1 1 3 4 3 4 2 4 5 5 1 2 3 5 2 3 2 1 2 1 4 4 3 1 4 3 3 3 2 3 5 2 1 4 4 4 5 4 1 2 1 2 5 5 4 4 5 4 3 1 3 3 1 2 1 1 4 2 3 4 3 5 4 2 1 3 1 4 4 5 2 4 1 1 2 3 2 1 3 3 5 4 0 5 2 2 5 2 4 1 1 2 5 2 3 1 5 2 4 2 4 1 5 1 1 3 5 2 2 5 5 5 3 4 3 1 1 1 1 5 4 3 4 5 3 5 2 1 4 4 5 4 1 2 1 3 1 4 3 2 5 5 5 1 2 3 3 1 1 2 1 4 4 4 5 5 4 5 4 5 4 1 3 5 2 5 1 3 2 1 1 2 2 2 3 2 5 1 5 4 4 4 3 5 3 4 1 3 3 5 4 4 3 1 3 3 2 4 1 3 4 2 2 3 5 5 5 1 5 3 1 4 2 4 2 5 1 4 4 2 2 2 1 5 3 5 5 4 2 3 4 3 2 5 1 2 3 4 1 1 1 4 1 4 3 4 2 3 4 2 5 4 4 3 1 5 1 1 2 1 1 4 1 5 5 5 4 3 5 5 2 4 1 3 3 1 2 5 4 2 2 2 5 5 2 1 5 1 1 4 2 3 2 1 2 3 4 3 2 1 1 1 1 3 5 2 4 5 3 1 3 2 2 2 2 1 3 4 1 3 5 1 1 4 5 1 3 1 2 1 1 3 5 4 1 1 1 4 1 2 4 2 1 2 5 4 4 5 5 4 1 5 2 3 5 4 3 1 4 5 3 1 1 3 2 3 5 4 1 2 4 4 3 4 3 3 2 2 2 2 4 1 1 3 4 4 3 1 5 2 4 3 5 4 4 5 1 3 1 5 2 2 4 2 4 1 5 3 1 5 2 5
3 2 2 3 3 4 4 4 1 3 3 3 4 5 5 5 3 1 5 2 4 4 2 5 2 5 3 4 3 4 3 2 3 1 1 5 2 5 4 5 1 4 3 2 5 3 3 1 2 2 4 1 3 2 1 4 3 1 2 1 4 1 1 4 4 3 4 4 3 1 1 1 2 4 1 3 1 2 3 2 2 3 2 2 1 5 2 5 1 4 5 5 1 3 2 5 5 4 1 2 2 1 1 3 4 5 1 2 5 2 3 2 4 3 1 2 1 1 5 4 4 3 3 4 3 3 4 4 1 2 3 3 4 2 3 1 2 5 4 5 5 3 3 2 1 3 3 1 4 3 2 4 1 2 1 1 3 1 3 5 5 2 1 1 3 2 2 1 4 2 1 0 3 5 2 1 5 1 5 5 2 4 4 5 4 1 3 4 5 3 2 3 2 3 5 3 2 2 2 3 5 2 5 5 1 2 4 5 3 1 2 5 4 2 1 5 2 3 5 4 5 5 4 5 3 1 1 4 3 5 3 2 3 3 4 3 1 1 2 3 4 4 4 1 5 4 2 5 4 3 5 3 4 5 4 1 2 2 3 4 3 2 3 3 5 2 5 2 3 3 2 1 4 3 5 4 4 5 2 3 3 5 4 5 3 3 4 4 2 1 5 1 2 3 1 2 4 4 5 3 1 4 1 3 1 1 2 3 5 1 5 4 2 2 1 2 2 4 4 1 2 1 4 1 2 1 5 2 4 1 2 5 4 3 5 4 5 1 3 3 1 2 5 3 1 4 4 5 5 4 3 5 3 1 5 4 3 4 4 1 4 3 4 5 5 3 3 1 1 5 5 2 5 2 3 4 4 1 3 4 1 5 2 3 1 3 2 5 3 3 3 5 1 4 1 1 2 1 4 3 5 1 3 4 1 5 1 5 2 4 2 3 5 2 1 5 5 1 3 3 2 3 5 4 1 4 4 1 3 3 3 5 3 4 2 4 5 5 4 2 4 3 4 3 4 2 3 4 1 5 2 3 3 1 4 3 1 3 1 3 3 2 3 2 1 4 2 5 2 5 5 4 4 5 4 2 5 4 1 4 1 4 4 1 4 2 3 4 4 4 4 4 3 1 3 2 2 4 3 4
2 4 1 2 2 2 4 2 4 3 2 1 1 3 3 1 4 3 4 5 2 3 1 1 2 1 2 1 1 2 5 3 2 2 2 3 5 5 4 2 1 2 1 1 2 1 4 5 1 3 5 4 2 3 2 2 2 1 2 4 1 4 4 2 3 3 5 5 3 4 3 4 1 3 5 4 1 3 3 4 4 3 3 1 2 1 2 2 3 4 4 1 2 5 3 4 1 2 3 3 1 5 2 3 3 4 2 2 5 2 2 1 3 4 2 2 1 1 4 3 3 5 5 2 1 1 1 5 1 4 1 2 4 5 4 3 5 1 2 2 4 4 2 1 5 1 1 2 2 2 2 1 1 2 5 5 2 1 2 4 4 3 3 4 1 3 2 3 5 1 4 3 0 4 1 1 5 2 1 1 2 4 4 4 5 2 1 2 3 5 5 2 1 1 3 5 4 4 2 1 5 5 2 2 5 2 2 5 4 4 1 5 3 1 1 1 5 4 1 2 4 1 1 2 1 4 5 5 5 5 2 4 2 4 2 4 2 5 1 5 4 2 1 5 5 4 1 4 3 2 4 4 2 5 5 2 4 3 5 2 2 2 4 5 4 5 1 5 1 5 4 4 2 4 1 4 2 2 1 1 3 4 1 1 1 5 2 1 5 3 1 4 1 3 4 2 2 3 3 3 5 4 4 2 5 2 5 1 4 4 4 2 2 3 2 1 3 3 3 1 4 2 3 1 3 2 2 3 1 4 4 1 4 1 4 2 5 1 1 4 3 2 3 2 4 5 1 1 5 2 5 1 1 3 4 2 4 5 3 2 5 3 4 4 3 2 3 1 3 5 3 1 4 1 5 1 2 4 4 3 4 1 2 3 5 4 3 1 2 4 2 3 1 5 3 1 5 1 4 5 4 4 1 2 2 4 2 2 3 1 1 2 4 1 2 2 4 3 2 4 4 1 1 2 2 1 1 4 4 1 2 2 1 4 3 1 5 5 4 2 4 5 3 4 1 4 4 2 1 4 2 3 1 3 2 5 2 2 2 5 2 3 1 1 3 1 3 5 3 2 1 5 1 2 5 3 2 3 1 2 5 5 4 2 1 5 2 4 2 2 2 3 5 4 1 4 4 5 1 2
4 3 2 2 3 2 3 1 3 2 1 4 2 3 5 2 3 4 3 5 1 3 3 5 2 4 2 5 1 3 3 1 5 2 4 5 3 3 1 2 5 2 1 1 3 2 3 4 5 2 2 3 5 1 1 3 5 3 1 2 2 2 5 1 1 1 1 4 5 3 2 2 3 3 3 3 3 1 2 4 3 5 1 5 4 3 3 3 5 1 5 5 5 5 3 4 2 3 4 1 5 5 4 2 4 4 3 2 2 1 4 3 5 3 4 1 5 4 1 5 1 4 3 2 3 3 2 4 1 2 2 3 1 2 3 4 5 5 2 1 4 3 2 4 5 1 3 2 1 2 4 3 1 1 3 2 3 2 3 5 2 5 2 3 4 2 5 3 2 5 3 1 4 0 4 1 3 3 1 5 5 5 2 5 3 2 3 3 1 4 1 1 5 3 4 5 2 4 1 2 3 3 1 4 5 4 3 3 1 4 5 3 4 1 1 3 3 2 3 1 5 4 5 2 3 4 1 3 2 2 4 2 2 5 4 3 3 3 1 3 2 4 3 2 4 1 4 2 3 3 5 4 4 1 5 2 2 5 4 4 1 5 4 1 4 1 3 4 1 4 3 5 5 5 5 2 1 1 2 5 2 3 2 3 3 1 3 4 3 4 3 3 3 3 5 3 1 3 2 5 1 5 2 3 4 5 2 3 3 3 5 1 5 4 5 2 1 1 4 5 2 1 4 1 3 3 3 4 3 1 4 2 5 4 3 3 1 5 5 5 4 5 1 4 4 5 2 4 4 1 3 1 5 3 2 1 5 2 2 5 4 5 1 2 5 1 4 2 3 5 3 1 2 3 1 5 2 1 1 5 4 5 1 3 5 1 2 4 4 3 1 5 2 3 1 2 5 2 2 3 3 1 4 4 5 4 4 5 5 1 1 4 1 4 4 2 5 1 3 2 2 2 4 2 1 1 1 5 3 5 4 4 5 3 3 2 4 5 5 4 4 3 2 1 3 5 4 2 2 4 4 2 5 3 2 3 4 4 1 5 1 2 3 4 3 5 4 1 2 2 4 5 1 3 1 5 2 1 2 3 4 5 2 2 1 5 1 2 1 2 2 1 4 3 3 3 3 4 5 2
4 4 4 4 3 3 3 4 4 4 3 2 4 5 5 1 1 3 5 5 1 4 1 1 2 1 2 1 1 1 2 2 5 5 1 5 3 5 2 1 2 3 4 3 2 1 3 3 2 1 1 2 3 1 1 5 4 4 4 3 4 2 5 1 1 2 1 2 4 5 3 5 5 3 1 3 1 3 4 4 2 5 2 1 1 2 1 1 4 2 3 4 3 1 5 5 1 2 5 4 5 4 2 4 4 5 5 1 3 4 4 5 4 3 4 4 2 4 1 4 3 2 2 3 1 1 2 4 2 4 4 4 2 4 4 1 2 1 3 5 5 1 3 3 4 1 3 4 1 1 3 4 1 1 4 2 3 4 4 4 5 2 3 2 4 3 5 2 4 5 3 5 4 4 0 5 2 4 3 3 2 3 1 3 5 1 1 4 4 4 5 5 3 5 1 5 5 5 1 4 2 4 4 3 2 1 3 2 4 1 4 1 1 3 1 5 2 4 2 5 3 3 5 2 5 3 4 4 1 2 3 2 4 4 5 5 1 5 1 1 5 3 1 2 3 2 5 5 4 4 4 5 1 1 1 4 4 4 4 5 3 4 1 1 5 5 5 2 2 3 1 3 5 3 3 4 1 3 4 1 1 3 4 1 4 2 3 3 1 4 1 4 3 4 5 1 3 3 1 2 1 1 5 3 3 5 5 4 5 2 4 3 1 1 2 4 4 1 4 4 4 3 1 2 3 1 5 2 5 2 2 2 2 5 5 3 1 5 4 4 2 1 1 2 3 4 5 4 5 2 4 5 1 4 2 4 5 3 5 4 2 5 5 3 2 1 4 1 3 3 3 5 2 1 4 1 3 3 4 1 2 1 1 2 4 5 3 4 4 4 3 5 5 3 4 5 5 2 4 4 2 4 2 4 5 2 1 2 2 3 4 3 5 2 4 4 3 3 1 3 1 1 4 2 3 4 4 4 1 2 5 5 1 2 4 3 5 1 1 3 1 3 3 4 5 2 1 3 1 1 4 1 1 5 2 5 3 5 4 3 5 1 1 1 2 5 1 1 4 1 3 4 3 1 3 3 2 1 5 3 5 2 3 4 1 5 2 2 2 2 4 4 5 1 5 4 5 3 4 3
1 1 2 1 1 1 4 2 4 1 2 1 4 5 5 2 3 5 3 2 3 4 3 3 5 2 4 5 5 3 4 2 1 3 4 2 4 2 2 5 5 5 1 3 5 2 3 1 2 2 1 2 5 4 2 4 1 1 4 1 1 5 4 4 1 5 2 5 5 5 5 3 3 3 2 1 2 5 2 3 2 4 4 5 4 5 5 4 3 1 3 2 5 3 5 5 1 1 1 3 3 5 3 4 3 1 5 5 3 5 3 1 1 1 2 4 4 3 1 2 3 3 2 3 5 2 4 5 4 2 1 5 3 2 1 3 1 1 5 2 1 3 5 3 1 5 1 1 5 2 4 3 4 4 3 2 1 1 1 1 4 2 3 4 5 2 4 1 3 5 5 5 5 1 2 0 3 1 5 1 2 2 2 2 1 4 1 4 2 3 2 4 4 3 5 5 4 1 2 4 5 2 2 4 2 2 4 3 5 3 1 5 1 1 4 4 4 3 2 3 4 1 3 2 2 4 2 3 1 1 1 1 1 2 2 5 5 1 3 5 1 5 1 2 3 1 3 1 4 4 4 4 3 1 1 2 2 1 5 1 2 1 4 5 1 1 4 3 3 5 4 4 4 3 4 5 4 3 3 3 2 4 4 5 4 4 5 2 4 3 2 4 5 1 3 3 1 4 4 1 4 1 1 2 2 2 3 4 3 4 2 1 4 3 5 1 3 2 4 3 2 4 1 1 4 1 5 3 4 1 2 3 3 4 3 2 5 3 2 3 2 2 4 2 5 4 3 2 2 4 2 2 4 4 4 4 5 5 1 2 5 1 2 3 5 1 4 3 1 1 2 4 3 1 4 3 5 4 5 1 1 1 1 5 5 3 2 3 5 1 5 2 4 3 1 3 2 3 1 1 4 5 1 2 3 1 4 4 2 3 3 2 1 4 2 4 1 5 5 3 5 5 5 5 2 3 3 5 4 3 3 4 4 5 3 4 5 5 5 4 3 1 4 4 4 3 4 4 4 4 5 3 4 1 3 3 3 2 1 1 4 4 5 1 5 1 4 1 1 2 3 2 4 5 1 4 1 2 2 3 2 4 1 2 4 3 4 3 5 4 4 4 1 5 2 1 4 5 5 1
4 3 4 3 4 1 3 4 1 2 2 4 2 3 4 3 1 1 4 3 2 1 3 1 1 1 4 2 4 3 4 3 4 4 4 4 3 1 3 1 1 5 2 2 5 5 4 5 1 2 4 3 1 4 1 1 3 3 4 2 3 5 2 5 3 2 1 3 1 3 1 5 2 1 2 2 1 2 1 1 5 2 4 5 2 5 4 1 1 2 3 2 4 2 3 2 1 4 2 4 4 4 1 5 5 3 2 2 2 3 2 5 5 4 3 1 1 3 4 3 1 5 3 4 2 4 3 4 4 1 4 2 4 1 1 3 3 5 5 5 2 2 1 4 1 5 3 4 3 3 1 5 4 1 1 5 5 5 1 5 5 5 5 4 5 1 1 2 2 5 5 3 2 3 1 3 0 1 5 2 1 3 4 2 2 1 4 3 2 2 4 3 2 5 1 5 2 3 3 5 4 3 4 5 1 1 5 5 2 3 3 1 1 4 2 4 5 5 3 4 5 4 2 4 5 3 5 3 2 3 4 3 3 4 2 5 2 1 1 3 1 2 3 2 3 1 1 3 3 3 2 1 4 5 4 5 3 1 2 1 3 3 5 1 2 2 1 5 4 5 2 3 3 1 1 2 3 2 2 1 5 2 1 2 4 5 1 2 5 2 5 4 1 2 2 1 5 3 2 2 4 2 4 2 4 3 2 2 1 4 2 5 3 3 4 3 2 3 1 4 4 5 4 3 5 2 2 2 4 3 3 1 3 5 1 2 1 2 1 3 4 5 3 1 1 2 5 4 3 2 4 5 1 5 3 2 5 1 4 4 1 2 3 2 3 3 3 1 3 5 2 3 1 3 5 1 5 2 4 3 4 3 2 4 2 3 2 3 3 2 3 4 1 5 4 3 2 4 1 2 3 2 4 4 2 5 4 3 3 4 3 2 2 4 1 4 1 3 5 2 5 5 3 1 4 1 5 4 5 5 1 4 3 5 3 5 3 4 2 4 3 2 1 5 5 1 2 4 5 4 5 3 5 4 3 1 2 3 3 3 2 1 3 1 2 2 4 4 3 2 5 2 2 1 4 5 1 4 4 2 1 4 1 1 4 3 4 4 2 4 3 1 3 1 3 2 4 5 4 3
4 4 1 4 1 4 1 2 2 4 5 3 3 5 3 3 5 5 5 4 3 4 4 4 4 4 3 4 3 1 3 2 1 2 1 3 2 3 4 1 5 2 4 3 1 4 5 3 5 5 4 5 3 5 5 2 2 5 1 4 3 1 4 1 3 3 1 3 2 5 1 5 3 3 1 2 4 2 3 1 4 2 3 2 3 5 2 5 5 4 5 1 1 1 1 3 1 1 4 2 5 1 1 2 1 5 1 2 3 2 1 4 3 2 2 2 5 1 3 4 5 5 4 3 2 2 4 3 2 1 3 1 1 2 2 3 5 1 3 1 5 4 4 4 1 5 1 3 3 4 4 2 2 2 4 4 2 5 2 3 4 1 2 4 2 5 2 5 4 4 3 4 3 1 4 3 3 0 2 1 4 2 1 1 5 4 4 3 4 1 4 1 1 5 5 3 4 4 4 4 3 3 3 2 4 3 1 3 2 3 1 4 3 4 4 2 3 1 3 1 2 2 4 4 2 4 4 3 1 1 5 1 4 1 5 4 5 2 4 4 2 3 4 2 2 3 1 5 3 2 1 4 4 4 1 4 1 3 5 2 3 1 2 4 2 2 3 3 5 2 4 3 1 3 1 4 5 5 3 4 1 2 3 5 3 4 5 3 3 3 4 5 3 1 4 4 5 5 3 2 3 5 2 4 1 4 4 1 4 4 4 1 4 1 2 3 5 4 2 2 3 3 4 4 1 1 1 2 1 4 2 2 2 2 4 2 1 5 3 4 5 4 3 5 5 3 4 4 3 2 5 1 3 4 1 5 5 5 1 4 1 1 4 4 4 1 5 1 1 4 5 5 1 3 1 1 1 1 5 5 1 5 5 4 2 3 5 5 5 1 5 4 2 4 3 2 5 1 1 4 4 1 2 1 1 4 4 4 2 1 1 5 1 1 3 2 3 2 4 2 5 3 5 4 1 4 2 2 1 1 2 2 2 5 2 4 4 1 3 2 4 1 2 3 3 3 2 2 2 1 1 4 2 2 3 2 2 5 2 3 4 5 1 5 5 3 2 1 5 2 5 2 2 5 1 2 1 3 4 1 1 2 1 2 3 5 2 4 5 4 5 3 2 1 3 3 3 3 1 4
3 5 3 1 2 2 1 2 4 5 5 4 1 5 2 3 4 4 2 3 5 2 5 5 3 5 3 1 4 2 4 1 1 2 4 4 2 2 1 5 2 3 1 3 2 3 4 5 3 4 5 4 4 5 2 3 1 1 4 4 2 1 4 5 1 5 3 1 4 2 4 1 5 4 3 4 1 1 5 2 4 5 4 2 5 1 1 2 5 1 3 1 3 2 3 5 2 1 1 1 2 1 3 5 5 1 1 5 3 4 4 4 4 3 2 3 3 4 3 4 2 5 1 3 2 4 3 1 3 4 2 2 5 2 4 4 2 2 3 1 5 1 2 3 2 4 2 2 5 2 2 3 4 2 1 4 4 3 5 3 3 3 2 3 5 1 2 5 2 4 2 1 3 5 2 2 2 5 0 5 3 1 2 1 4 5 5 2 4 3 1 1 1 4 1 2 3 3 4 1 3 3 1 3 5 5 5 5 4 2 2 5 2 1 2 4 1 5 1 5 3 2 2 1 3 4 4 4 1 3 1 2 4 3 2 1 4 1 4 3 2 4 4 2 2 2 4 5 4 5 5 3 1 5 5 4 2 4 4 4 3 2 4 3 4 5 5 2 4 5 3 5 2 1 1 4 2 4 2 1 2 2 4 3 3 2 3 3 3 4 2 3 2 5 5 1 1 4 1 1 1 2 4 3 1 4 2 1 5 4 5 4 5 2 5 2 2 1 4 2 4 5 3 1 4 3 5 2 2 4 5 2 2 5 1 2 2 4 2 3 4 5 4 2 4 4 2 4 1 3 4 3 2 5 2 3 2 3 2 2 4 5 4 5 5 4 4 4 3 4 5 2 1 1 1 5 2 2 4 2 2 4 1 3 5 5 2 5 1 2 1 3 4 1 5 4 5 3 1 2 5 2 1 5 4 2 5 4 5 1 1 4 3 3 3 5 2 5 3 3 3 2 2 4 4 3 2 3 1 1 2 1 2 3 4 2 5 5 2 2 2 5 4 3 1 2 2 4 3 4 1 3 1 4 1 5 4 2 3 4 1 4 1 1 2 1 5 2 5 5 1 5 1 4 1 2 2 1 3 2 1 2 3 4 3 3 4 5 4 2 4 3 3 1 4 4 2 3 5 5
2 2 5 1 4 5 1 4 1 5 2 1 3 1 5 5 2 5 5 1 5 3 3 2 4 4 4 5 5 4 1 2 2 3 4 5 2 2 4 4 5 4 4 2 2 5 1 1 1 5 5 5 4 2 5 2 5 2 5 5 4 4 4 2 1 4 5 2 1 3 5 1 4 2 3 3 2 4 4 5 2 3 5 4 3 2 2 4 5 4 2 5 1 5 1 2 1 2 4 2 4 4 1 1 2 4 2 1 2 4 1 5 3 5 3 3 1 5 5 4 2 2 3 4 3 2 1 5 5 1 1 5 3 4 5 1 1 3 2 3 2 3 5 1 5 4 4 3 4 1 3 5 4 2 1 2 1 1 2 2 1 2 4 3 1 5 1 3 4 1 3 5 4 1 3 2 1 2 2 0 1 1 3 1 3 3 5 3 3 3 5 4 5 2 5 2 4 2 1 2 1 3 5 1 5 5 4 4 4 4 4 2 4 2 3 1 1 1 3 1 5 5 5 3 2 2 2 4 4 1 4 1 4 1 4 3 2 3 4 1 3 2 4 4 4 5 2 4 5 5 2 5 3 3 2 4 1 1 1 3 2 4 5 3 3 3 2 1 2 2 1 4 4 5 5 5 1 4 2 3 5 2 5 4 1 1 2 4 3 3 3 3 2 4 2 2 5 4 2 4 2 1 2 5 3 1 4 2 5 2 3 1 1 3 3 4 4 3 4 2 3 2 1 3 3 3 4 2 4 1 1 2 1 4 5 2 3 3 2 3 2 3 1 3 1 1 1 5 5 3 1 4 5 2 5 2 3 5 4 1 2 3 1 4 1 3 2 1 5 2 5 2 2 3 2 5 3 2 2 3 4 3 1 4 3 3 2 4 5 3 1 5 2 4 4 3 4 4 5 2 2 3 3 2 4 1 4 2 3 2 2 2 5 1 1 2 5 4 5 1 1 4 5 4 4 1 2 4 3 5 1 4 2 4 3 5 5 3 1 4 3 5 4 3 5 5 2 4 2 1 5 2 1 3 5 3 5 2 3 3 3 2 2 1 5 5 4 2 2 3 1 2 1 4 1 2 1 3 4 1 4 2 2 2 4 4 3 3 5 3 1 1 3 3 1 3 1 1 1 3
2 1 3 1 2 1 2 4 5 5 1 3 1 4 3 4 1 3 3 3 1 2 4 5 4 4 1 1 5 1 1 4 1 1 3 5 4 3 5 1 3 4 2 4 2 1 4 1 1 2 2 3 2 4 3 2 1 1 2 2 2 2 5 5 5 1 2 2 4 4 5 3 5 2 3 4 4 5 4 2 4 2 2 5 2 1 3 1 1 1 4 2 2 3 1 2 4 4 4 3 4 5 2 3 4 5 5 5 3 4 2 2 1 3 2 2 2 1 3 2 5 5 5 2 3 3 5 3 2 3 5 2 1 2 1 3 2 3 3 1 1 1 4 2 1 1 2 3 4 2 4 3 5 3 5 2 2 2 2 4 3 1 1 1 5 5 3 3 2 2 1 4 4 4 4 3 3 1 1 2 0 5 2 1 5 3 4 3 4 3 1 3 2 5 2 2 4 5 1 2 3 1 1 4 2 4 5 1 4 3 4 2 1 2 5 1 2 5 5 4 4 5 1 5 5 2 5 2 2 5 3 3 3 3 5 3 1 5 2 3 2 3 1 3 3 4 3 3 2 5 2 1 5 3 1 5 4 5 4 3 2 5 2 1 3 2 5 3 3 4 2 3 5 1 1 4 3 3 2 4 2 5 3 3 2 2 2 3 4 1 1 5 4 3 3 3 3 1 3 5 5 1 4 3 4 4 3 1 1 2 5 5 5 1 3 3 1 1 2 3 2 5 1 3 2 4 4 2 1 2 1 1 4 5 2 3 4 4 4 1 3 2 1 3 4 4 3 3 4 2 1 4 4 5 3 4 4 5 5 4 3 1 5 3 2 2 5 2 3 3 3 1 4 5 4 3 3 4 4 4 2 3 2 2 5 5 5 3 4 2 2 1 2 2 1 5 1 3 2 5 5 1 3 4 2 1 1 4 5 1 2 1 5 5 1 2 2 4 2 3 3 4 3 3 4 2 3 5 4 2 5 5 3 1 2 2 2 5 3 5 3 3 4 2 5 1 1 5 3 2 2 1 2 2 4 5 3 5 5 4 2 2 4 2 5 5 5 2 2 4 2 5 2 3 3 5 3 4 3 5 4 1 2 4 1 4 2 3 4 4 5 1 1 2 3 4 3 5 1 2
4 3 4 4 2 1 2 5 5 5 2 5 5 4 4 5 2 4 2 5 4 5 2 1 5 5 1 3 3 4 3 4 1 5 4 1 2 1 5 3 1 1 3 4 3 1 1 1 5 1 5 3 2 2 1 4 3 3 2 3 1 4 2 4 1 5 5 4 3 5 2 1 4 4 4 1 5 1 5 1 1 2 5 3 2 1 5 1 1 4 2 3 5 4 4 3 1 3 1 5 5 3 4 3 4 5 2 3 4 5 2 1 4 2 4 2 3 3 1 3 2 3 4 5 3 3 2 4 1 3 3 5 1 1 2 2 4 3 2 3 3 3 5 4 5 3 5 2 3 3 3 1 2 1 2 1 1 5 2 5 2 1 3 1 2 4 5 4 2 1 5 3 5 1 3 2 4 4 2 5 2 0 3 1 1 2 2 2 1 1 4 1 2 3 1 3 1 3 1 5 4 3 3 4 1 2 4 1 1 2 5 4 1 4 2 4 3 1 5 4 3 2 2 3 2 4 3 4 1 5 2 4 2 2 1 4 1 2 3 2 3 1 4 5 1 4 2 2 4 4 1 4 5 2 4 3 2 1 2 4 5 1 5 2 4 1 4 2 3 4 5 3 1 4 1 1 1 4 5 2 4 1 4 3 2 2 1 3 5 1 4 2 2 5 5 5 2 3 2 1 2 4 2 5 5 2 5 1 2 4 5 3 3 3 3 4 4 3 1 3 1 5 1 5 3 3 4 4 3 1 5 2 2 2 1 1 4 3 3 1 2 5 5 1 4 4 4 2 2 5 4 5 1 1 2 1 5 2 3 2 2 1 2 1 3 5 2 2 2 2 5 4 2 5 5 1 4 1 3 1 4 3 4 1 1 1 5 3 3 3 1 5 2 2 3 1 3 4 3 2 5 4 2 1 2 1 4 2 5 1 4 3 5 5 5 2 2 2 5 3 1 4 2 3 3 1 1 3 1 3 3 4 2 5 2 2 2 1 3 3 2 1 4 1 3 5 1 5 3 2 1 2 3 3 5 2 5 1 2 5 4 4 2 2 2 1 3 5 5 2 5 2 2 3 2 5 1 4 3 1 5 2 3 5 2 3 3 3 3 4 4 3 2 5 1 4 2 2 1 1
1 1 3 3 3 1 5 2 5 2 5 3 5 5 2 2 3 1 1 2 3 3 4 1 5 4 4 5 4 3 5 4 4 3 2 4 1 5 2 4 3 4 3 1 4 4 1 3 4 5 1 1 3 4 4 5 5 1 1 5 4 1 1 2 5 1 2 2 1 1 2 1 1 4 1 1 2 4 5 1 2 3 5 4 1 2 5 4 5 3 1 5 4 1 3 3 5 4 1 1 3 4 2 5 1 2 2 2 2 5 4 4 2 2 3 4 3 4 2 1 3 5 1 5 5 1 1 3 4 4 1 1 2 2 5 3 1 3 5 5 2 2 1 4 4 4 1 1 1 4 1 3 2 4 3 3 5 2 2 2 5 5 5 2 5 5 1 5 1 5 4 1 5 2 2 3 4 4 5 5 5 4 0 1 1 4 5 4 3 4 5 2 1 3 4 4 5 1 5 4 3 3 1 4 3 2 3 1 2 5 3 5 2 2 4 2 4 5 3 5 4 3 4 3 5 3 2 1 2 5 5 1 1 4 4 4 3 2 2 5 3 2 5 3 5 4 4 4 3 4 4 2 1 1 4 2 4 2 4 2 4 3 1 3 2 3 4 3 3 3 4 4 2 4 1 4 2 3 3 1 2 5 4 4 5 1 5 2 1 5 3 3 3 4 4 2 1 2 4 5 2 3 1 5 1 2 3 3 4 1 4 3 5 4 4 4 5 5 1 5 2 5 2 4 1 2 3 4 3 4 3 4 4 3 3 4 2 3 1 2 2 1 5 3 2 4 4 4 2 5 1 2 2 1 5 3 1 1 1 5 4 4 2 2 1 2 1 4 1 3 4 1 1 5 3 1 5 4 1 1 3 1 1 3 4 4 1 4 2 3 3 1 5 5 2 4 2 3 1 4 1 5 4 5 1 2 1 2 4 4 1 2 5 2 1 2 4 3 3 5 4 5 5 2 3 2 5 1 2 4 5 2 1 3 1 4 1 3 3 4 1 3 1 5 1 1 4 2 5 5 4 2 2 2 2 3 5 5 4 5 4 2 2 3 5 5 4 4 1 1 1 5 3 1 1 3 2 2 2 1 1 4 2 5 1 4 2 4 5 3 2 1 1 2 3 4 2 2 2 3
2 5 2 2 3 2 4 3 4 1 2 3 5 3 5 4 5 2 1 3 5 5 3 3 2 1 3 5 2 3 2 3 3 4 5 4 4 4 2 5 5 2 2 2 4 4 2 5 4 1 3 1 2 1 3 5 2 5 1 2 4 3 2 5 5 1 3 1 1 2 5 4 1 3 3 2 4 4 2 5 2 1 4 1 4 3 4 4 4 2 3 4 2 5 1 4 1 5 1 3 2 2 2 3 2 1 1 2 2 1 2 3 2 4 2 1 5 1 3 2 2 3 2 2 2 1 5 5 1 4 5 4 3 4 3 3 2 4 2 3 2 4 5 2 3 2 5 2 4 1 3 2 3 4 1 4 3 3 4 5 3 5 1 4 1 4 4 1 1 2 5 2 5 3 2 2 5 5 2 5 1 1 1 0 4 5 3 3 2 3 4 3 4 1 3 3 3 4 1 2 1 2 5 5 5 4 3 4 2 4 4 3 2 3 3 2 1 2 2 3 5 1 4 1 2 3 4 4 1 2 4 2 3 2 3 1 5 3 5 2 1 1 1 3 2 5 4 4 5 1 1 5 1 3 3 4 3 2 5 3 4 2 1 2 5 3 1 3 5 5 5 4 1 5 2 5 5 3 2 4 5 2 2 4 3 4 4 3 4 3 2 3 2 4 1 4 4 4 2 4 5 1 5 4 4 5 3 3 2 4 2 5 1 5 2 3 1 2 1 3 2 3 1 1 1 1 3 4 5 4 1 2 3 1 4 4 2 3 5 5 3 1 3 2 3 4 1 5 5 3 3 3 3 4 4 2 3 4 4 5 3 1 5 2 5 2 5 3 3 1 3 1 1 1 4 5 3 1 4 3 4 5 4 5 5 1 3 2 1 2 1 3 2 2 5 1 3 3 2 4 2 2 3 5 5 5 5 4 2 1 5 1 4 3 5 5 5 4 2 2 2 4 5 3 5 1 2 2 2 1 1 3 5 4 5 4 2 3 2 2 5 4 1 3 4 4 2 2 5 5 3 3 3 5 1 1 5 3 2 1 5 2 3 2 3 3 4 5 3 5 1 2 2 2 5 4 5 4 2 1 1 5 2 4 4 1 1 2 3 2 5 4 4 3 4 1 3 2 5 4
3 4 2 4 1 4 5 2 1 2 5 4 2 1 3 2 4 2 1 4 2 3 2 3 1 3 4 3 4 4 3 3 3 3 5 5 1 2 3 4 5 2 2 4 1 5 3 4 4 4 1 2 3 5 1 5 1 2 4 3 2 2 3 2 2 1 1 2 3 1 4 2 3 4 4 1 4 2 3 4 5 2 5 1 3 3 3 5 4 2 4 2 1 2 2 1 3 2 1 3 2 1 3 2 4 4 3 4 4 5 1 5 5 1 1 4 2 5 4 3 4 4 4 5 1 4 4 4 5 5 4 2 5 5 3 4 4 5 1 5 1 4 1 5 1 5 3 3 1 3 4 2 3 3 5 1 4 3 4 5 5 5 5 4 2 5 5 3 3 1 2 5 1 5 2 1 1 3 4 3 4 2 3 3 0 2 4 1 1 2 1 5 4 4 4 2 4 2 1 1 2 5 1 3 4 2 5 1 4 3 1 3 5 4 1 5 5 5 4 2 4 2 1 4 1 3 2 4 2 4 4 4 2 4 1 1 3 1 5 4 4 1 4 2 4 4 2 5 4 4 1 5 5 1 1 3 3 4 1 5 3 5 4 1 3 1 4 4 5 5 5 1 2 5 3 4 4 4 5 5 4 3 2 3 5 3 4 5 2 4 4 2 1 1 5 4 1 5 3 2 1 3 3 2 1 5 3 1 1 1 2 3 1 5 3 2 2 5 2 2 1 1 2 5 3 1 4 1 1 4 1 1 4 2 4 3 2 4 4 2 2 3 1 1 3 4 2 4 5 3 5 3 2 3 3 5 3 2 5 3 1 1 2 4 5 2 1 4 1 4 5 1 2 2 3 4 3 3 1 4 2 1 5 2 1 3 1 1 3 2 5 1 1 3 5 1 2 1 3 2 2 3 1 4 3 5 2 5 3 5 1 5 1 2 2 3 2 5 2 1 3 2 4 3 5 3 3 5 5 3 1 3 1 3 1 2 5 5 4 5 4 3 4 1 5 1 4 3 3 1 2 5 1 5 2 1 2 3 4 1 4 4 5 5 5 4 5 1 3 5 5 1 4 5 5 5 5 3 2 1 3 5 1 5 2 3 2 5 1 2 3 4 4 3 1 2 5 3 4 4
2 3 2 1 3 1 4 1 3 4 1 4 4 5 5 4 5 2 5 4 1 4 2 4 3 4 3 3 5 4 1 2 1 5 3 1 1 5 1 2 4 4 2 1 4 4 2 3 5 1 1 1 5 1 5 1 1 3 5 1 4 4 1 1 1 5 5 1 3 1 4 2 2 2 4 2 5 3 1 4 2 4 2 4 3 1 4 3 1 1 3 5 5 1 5 5 1 5 3 4 2 3 1 5 4 2 3 2 3 2 3 2 5 5 2 3 2 3 1 5 2 2 5 5 5 4 2 4 2 5 4 1 5 1 2 4 3 1 4 1 1 3 2 2 3 5 4 3 3 1 1 5 5 4 5 5 3 3 3 1 5 3 5 4 3 2 1 3 5 1 2 2 2 2 1 2 1 5 4 3 3 2 3 5 3 0 1 2 1 4 3 2 5 3 5 4 1 5 3 5 5 5 4 4 5 3 5 5 5 5 1 2 3 1 1 5 2 5 3 3 1 1 5 3 5 5 1 5 1 5 4 3 4 1 5 5 3 3 5 2 4 1 1 1 1 3 1 3 2 4 3 1 2 2 5 3 1 4 5 3 3 4 4 2 5 5 2 2 2 1 3 5 1 1 4 4 5 3 2 3 5 4 3 3 1 2 4 3 4 3 3 1 3 4 1 1 5 1 5 1 2 5 2 1 2 2 5 2 2 4 1 3 1 1 1 4 3 4 1 2 2 3 4 5 4 1 3 4 5 2 1 2 3 5 2 4 2 3 5 1 5 3 4 1 3 1 1 1 3 3 3 1 1 2 2 4 4 2 2 4 3 4 1 2 5 4 4 1 5 3 3 3 4 2 1 2 4 5 4 4 1 1 5 5 5 3 1 2 3 2 3 4 3 2 2 5 5 4 2 3 1 5 3 4 2 4 4 3 2 2 4 2 1 4 4 1 5 3 3 2 5 1 2 4 1 4 5 1 3 2 4 2 5 5 3 3 3 3 5 1 1 2 4 5 3 4 5 1 4 4 3 3 4 2 1 1 2 5 1 5 4 1 4 3 5 2 5 3 4 4 5 2 3 3 2 1 1 5 3 1 3 4 2 1 3 4 1 3 2 2 5 2 1 1 2 1 1 4 3 1
4 2 1 1 2 5 5 1 2 1 1 3 1 3 2 2 5 1 4 5 1 2 4 3 5 3 3 5 4 2 1 4 4 5 3 2 1 1 4 5 2 3 1 4 4 1 3 2 5 1 4 3 5 1 1 1 1 4 3 3 4 5 5 5 2 5 3 5 2 5 5 3 4 1 4 1 5 5 2 1 4 1 5 5 4 1 2 5 5 2 3 5 5 4 4 5 4 3 2 1 5 1 3 1 5 5 1 1 1 3 1 5 2 5 2 4 1 3 3 2 5 3 3 2 2 1 5 1 5 2 2 3 5 1 4 2 4 5 4 3 3 1 3 2 4 1 4 2 1 1 3 4 4 1 1 4 2 2 2 3 2 3 3 4 2 5 5 3 1 5 3 5 1 1 4 2 3 3 4 5 2 2 5 3 5 2 0 3 3 4 2 4 3 1 5 1 2 3 1 5 1 3 4 2 4 3 5 2 5 1 3 3 1 5 3 2 3 1 1 1 4 1 3 1 5 3 3 1 2 4 3 1 4 1 2 3 5 2 4 2 4 5 2 3 3 3 5 5 5 2 2 3 3 4 2 1 5 2 5 4 4 3 2 4 4 2 5 3 5 5 2 2 3 2 1 4 1 2 4 3 1 5 4 1 1 4 5 2 3 3 4 5 3 3 4 1 2 1 3 4 2 5 2 1 1 5 3 1 5 3 2 5 4 4 2 3 1 5 4 3 1 4 2 1 5 4 2 1 3 4 3 5 3 2 1 1 3 2 1 5 2 4 2 2 2 5 2 5 3 1 5 5 4 1 3 4 5 2 3 3 4 1 4 4 4 1 5 1 3 1 5 3 4 1 4 4 5 5 2 3 4 3 2 1 1 1 3 5 5 2 3 4 1 1 4 1 4 3 2 1 2 2 4 5 4 2 5 1 3 5 5 2 5 3 1 1 1 5 5 2 4 4 1 4 3 1 4 1 1 4 5 3 2 1 3 5 2 1 3 3 4 2 1 3 5 4 2 3 2 2 1 5 1 1 4 5 5 5 4 2 3 3 3 3 1 5 1 2 4 4 2 4 3 1 5 2 3 5 1 4 1 5 2 4 1 1 1 4 4 2 3 1 3 3 4 2 3 4 1 4
2 3 5 2 4 1 1 3 4 4 3 1 3 1 5 3 4 4 2 5 2 1 3 3 2 5 5 1 5 1 1 2 2 4 2 2 5 3 5 5 1 2 4 1 2 3 1 4 5 1 3 1 3 2 2 4 2 3 2 1 2 4 3 3 4 5 3 2 4 2 4 1 4 2 5 3 1 4 1 2 5 5 5 3 3 3 3 4 2 1 1 3 1 4 1 1 2 4 4 3 4 3 3 1 2 4 1 3 5 5 2 1 1 4 3 3 4 3 4 2 1 5 1 5 3 2 2 2 1 2 3 4 4 3 3 2 2 1 4 5 2 3 2 5 2 3 4 2 3 2 1 1 3 5 1 5 3 2 4 2 4 1 1 2 1 1 2 5 3 4 3 3 2 2 3 2 5 5 4 1 5 1 4 1 3 5 2 0 3 2 1 4 2 3 3 1 3 1 2 5 2 5 4 5 1 4 2 2 3 1 5 1 5 5 2 1 1 1 5 3 5 1 4 1 1 3 2 5 1 5 3 4 4 1 2 3 1 2 5 5 1 2 3 4 3 1 4 1 5 2 4 1 5 3 3 5 3 1 2 3 4 4 5 1 2 2 3 2 5 4 1 4 5 2 4 2 2 3 5 2 4 5 5 2 2 2 2 3 1 2 1 5 1 5 1 5 2 1 4 2 3 2 4 3 2 5 5 2 3 1 4 1 3 2 2 4 4 1 4 3 4 1 3 2 5 5 5 4 5 3 4 4 3 1 5 4 3 2 2 2 3 1 2 5 2 4 1 2 1 1 3 2 2 1 2 4 3 3 3 3 4 3 4 2 2 2 4 1 1 4 4 5 3 1 3 4 5 3 5 4 5 4 3 2 3 4 4 4 5 1 1 5 3 4 2 4 1 5 4 4 1 2 3 5 1 2 3 5 1 4 4 5 1 1 3 1 2 5 1 3 4 5 1 5 1 5 2 2 2 1 4 1 4 1 3 5 3 5 5 5 1 3 3 2 1 4 4 2 2 4 2 2 1 4 2 1 4 5 2 5 1 4 1 2 2 5 4 4 5 5 3 5 3 2 1 4 2 2 1 3 1 5 3 3 4 1 3 3 3 2 5 1 3 5 2 4 5 2 3 1
1 1 1 2 2 3 4 4 1 3 2 4 2 4 5 1 1 1 4 5 5 4 1 1 5 5 5 2 3 4 1 1 4 4 4 4 3 1 3 3 4 4 1 4 2 4 3 5 4 3 2 1 3 4 5 3 3 1 5 4 1 5 2 2 4 1 4 3 3 2 3 3 2 3 1 1 3 4 5 1 3 5 1 1 4 3 4 4 5 3 2 1 4 4 1 2 2 5 4 1 4 2 4 5 5 3 4 4 2 2 3 3 2 1 4 1 4 3 4 4 4 5 1 5 1 1 4 3 1 5 2 5 3 2 3 3 3 3 1 1 2 4 4 3 2 2 5 4 2 2 1 5 5 3 2 5 3 2 3 3 1 2 5 1 3 2 2 2 3 1 5 4 2 4 4 3 3 3 1 3 1 2 2 1 2 5 4 4 0 2 5 2 4 2 5 2 1 1 3 1 3 5 1 1 3 2 3 5 1 3 1 4 2 4 5 5 1 4 3 3 2 5 3 3 5 4 5 5 2 2 2 1 3 2 4 4 4 2 4 3 2 2 3 2 5 4 1 1 2 4 4 2 1 2 1 3 5 3 2 3 2 5 2 3 3 2 4 2 4 3 1 5 4 5 2 3 2 5 2 3 3 2 2 5 4 3 1 2 3 2 2 5 5 3 3 5 4 1 3 2 3 2 2 1 3 4 1 4 2 2 2 4 4 3 3 1 1 1 4 3 3 1 4 3 5 1 1 2 3 2 2 4 2 2 4 3 2 3 4 2 1 4 4 1 1 1 2 2 4 1 1 1 5 4 4 4 4 2 3 3 3 2 4 2 4 2 4 3 5 3 2 5 4 2 5 4 3 1 2 3 3 4 3 1 4 4 4 3 3 1 1 4 1 5 4 1 1 5 1 1 4 5 1 4 4 1 3 1 3 1 2 3 2 4 3 4 4 1 3 1 2 4 5 4 4 2 5 1 4 5 2 2 5 5 2 4 3 2 3 5 5 1 2 2 4 1 5 1 2 3 5 3 4 5 3 1 4 2 4 4 3 1 1 5 3 3 4 5 5 2 1 2 3 1 4 4 5 5 3 3 3 2 4 3 1 1 2 1 4 2 5 3 3 1 3 2 4 2 5 2
1 3 5 4 1 4 2 4 4 1 3 2 2 4 1 3 5 4 3 1 2 1 3 2 5 3 3 1 4 1 5 4 4 5 2 4 5 1 2 5 5 4 3 1 3 5 4 1 5 5 1 3 3 4 2 1 3 2 3 1 4 2 3 4 1 4 1 1 4 4 1 1 1 1 1 1 5 4 5 5 5 3 5 5 4 4 5 5 1 3 4 4 1 1 5 4 5 5 5 5 1 2 1 3 4 4 3 1 1 5 2 3 2 2 4 1 5 4 4 5 2 5 5 2 2 1 4 4 3 2 4 1 1 5 2 5 1 3 4 1 5 1 4 3 2 5 2 5 2 3 1 2 2 5 1 4 1 5 3 4 1 2 3 2 4 5 4 2 4 1 2 3 2 4 4 3 4 2 1 4 1 3 4 2 3 3 1 3 4 0 1 1 1 2 4 1 4 5 4 3 4 4 3 5 3 4 4 1 5 1 5 5 1 2 1 4 3 1 4 5 5 4 2 2 5 2 5 1 4 4 2 1 5 2 3 2 5 1 4 4 2 4 4 2 4 2 3 4 3 5 1 5 1 1 4 2 3 3 4 5 4 2 5 5 3 2 1 5 5 2 1 5 2 1 5 4 4 4 3 5 1 3 3 1 2 4 4 5 5 3 4 5 5 4 1 3 3 5 5 3 2 5 1 4 3 4 5 5 4 4 1 1 5 4 1 2 4 3 3 1 1 3 1 4 1 4 5 3 1 1 1 1 2 2 1 1 5 4 5 3 3 1 4 2 3 1 4 2 5 3 2 2 3 3 2 5 1 3 4 2 4 4 1 4 1 5 4 2 5 5 2 4 1 5 5 3 1 1 4 4 1 1 2 2 4 1 5 4 4 4 5 2 4 2 5 5 2 4 2 4 1 1 1 3 2 5 3 1 3 4 4 1 2 5 4 4 2 5 3 2 1 4 5 1 1 3 5 4 2 1 2 5 5 5 2 3 5 3 4 1 3 2 3 3 3 1 4 4 1 3 1 2 5 2 5 3 2 5 4 4 1 2 3 5 5 1 2 3 5 1 3 3 3 4 1 3 3 1 2 2 2 4 5 2 4 5 4 4 2 2 2 1 5 4 4 1 1 3 4 5
4 4 1 1 3 3 5 3 3 1 4 4 1 5 3 5 4 4 3 5 3 5 5 5 4 4 3 4 3 1 3 2 1 1 2 1 3 2 5 1 5 3 2 1 1 5 5 2 2 4 1 4 2 3 3 2 4 3 5 2 2 1 4 2 5 2 1 5 5 2 5 5 2 3 3 4 3 1 5 3 2 4 4 3 1 3 5 1 5 3 1 4 4 1 1 5 1 2 4 3 5 1 3 5 4 3 1 5 5 3 3 5 4 5 3 3 5 4 5 3 1 4 5 5 2 3 3 5 5 2 1 1 3 3 3 1 1 5 5 4 2 3 1 5 3 4 1 2 1 4 1 1 3 2 3 4 2 2 3 2 5 5 3 4 2 4 2 2 2 5 5 5 2 2 5 2 1 4 2 5 3 2 2 5 1 1 4 3 5 2 0 5 5 1 5 4 5 5 2 5 4 3 3 3 4 1 1 5 2 4 2 1 4 1 1 2 4 5 2 4 3 5 1 1 4 2 3 4 5 4 3 1 2 3 5 3 5 5 5 1 1 2 1 3 3 1 2 5 5 2 5 2 1 4 4 3 3 5 3 1 3 3 5 2 5 2 5 4 2 5 2 4 2 4 5 2 2 4 3 1 2 5 3 2 5 3 1 4 4 2 5 1 4 4 4 1 4 4 2 1 2 3 5 5 1 4 2 3 3 2 1 1 4 3 3 1 5 2 2 4 2 2 4 3 4 1 2 4 4 2 1 1 3 5 5 1 1 5 3 5 4 4 2 3 4 1 2 5 2 3 3 4 1 1 4 1 4 3 1 4 2 3 3 3 4 4 2 3 4 2 1 2 4 2 4 1 5 3 4 4 4 5 2 3 3 5 3 1 4 2 2 3 5 4 3 1 2 4 4 5 1 4 2 1 3 4 5 2 4 1 3 2 2 3 1 1 2 2 2 2 5 3 3 2 4 1 3 1 4 5 4 1 3 1 3 5 4 3 4 3 5 5 2 2 1 5 2 2 4 4 2 4 5 4 2 1 1 4 5 5 4 1 2 4 1 5 4 5 1 4 5 5 1 2 4 5 1 1 1 4 2 4 3 3 3 2 4 3 1 2 1 4 1 1 1 4 3 4 1 3
5 4 4 3 4 3 3 4 3 5 4 2 5 1 5 2 2 5 3 2 3 2 3 2 3 4 5 3 1 3 1 1 3 3 1 3 1 3 1 1 5 2 1 3 1 4 4 1 3 4 3 2 5 5 1 4 1 2 5 5 1 3 2 1 3 2 5 5 5 2 2 2 5 3 1 2 4 5 3 3 4 1 4 2 3 1 1 4 1 5 3 3 2 2 4 2 5 2 5 2 2 2 4 5 5 5 5 2 2 1 4 5 1 3 4 2 2 3 4 5 3 4 1 1 3 2 4 1 5 4 4 1 5 1 2 5 1 4 3 4 3 4 1 3 2 5 3 2 1 2 3 2 3 1 3 4 2 1 2 2 3 3 3 2 1 5 1 5 4 5 5 2 2 4 4 2 1 5 4 4 5 4 5 3 3 3 2 3 3 5 2 0 3 3 4 2 5 3 4 4 3 5 5 3 4 5 1 4 2 3 3 4 2 5 3 5 1 5 1 3 4 2 4 4 3 1 5 1 2 1 3 4 5 2 2 5 4 1 5 3 2 3 3 1 5 1 5 3 1 5 4 1 2 4 2 3 4 3 1 3 3 5 3 4 4 5 5 1 1 1 2 3 1 3 1 2 5 1 1 1 5 5 1 5 2 2 5 5 5 4 1 5 5 2 4 1 5 5 2 5 4 4 5 4 4 1 2 2 5 1 4 4 4 1 2 2 2 3 3 4 5 1 3 4 4 2 5 3 2 2 5 3 3 1 2 3 4 3 4 2 4 5 5 3 4 4 1 3 3 5 4 5 2 2 4 5 5 5 3 1 5 1 4 2 4 1 2 1 1 2 2 4 4 5 2 3 5 4 4 3 1 1 5 3 1 5 3 3 1 4 2 5 3 2 4 4 1 5 3 3 3 4 3 5 2 3 5 2 4 5 4 5 1 1 3 2 1 3 3 4 1 1 2 1 1 2 5 3 4 5 5 5 4 2 5 1 5 5 5 1 5 1 2 3 1 5 2 1 2 3 3 2 2 4 1 1 4 3 1 4 5 3 3 5 1 2 2 3 3 3 3 5 2 2 1 4 2 4 5 5 4 5 2 5 1 5 4 3 4 3 2 2 4 2 4 2 4 3 3 2
4 4 4 2 1 4 3 5 2 4 5 1 3 2 4 1 5 2 2 4 5 4 2 3 4 2 3 1 2 3 1 1 2 4 1 2 1 5 3 5 5 3 2 2 4 1 3 5 5 3 3 4 4 5 4 3 3 4 2 4 1 5 4 1 2 1 3 1 3 1 3 5 2 3 4 1 4 4 5 2 5 2 1 5 1 2 1 1 1 1 1 3 3 2 2 4 2 2 1 4 1 3 1 4 2 4 3 4 2 1 3 2 2 4 1 4 4 3 4 1 3 5 5 3 2 4 1 5 4 2 2 4 5 4 5 2 4 5 5 2 3 3 4 2 2 3 4 1 1 3 2 4 4 1 2 3 1 2 5 5 5 3 2 4 1 3 1 4 1 4 3 5 4 3 2 5 3 1 4 5 4 5 4 4 1 5 2 1 5 5 2 2 0 3 2 3 3 1 3 1 5 3 4 4 5 4 2 2 1 2 2 5 4 5 2 5 1 4 5 3 4 4 4 1 2 3 4 2 5 1 3 2 3 4 2 5 3 3 3 3 2 4 3 2 5 4 2 4 4 5 1 5 2 3 5 4 3 4 4 4 3 3 2 5 2 3 1 1 5 1 2 4 5 2 3 2 5 4 2 2 4 4 1 2 2 3 4 5 1 4 2 3 5 3 3 3 2 2 4 1 1 5 2 3 3 1 2 4 3 3 3 5 1 3 5 2 5 5 2 4 5 5 3 2 3 2 3 4 4 2 2 2 5 4 5 1 5 2 1 4 1 4 1 3 5 3 3 1 5 2 4 2 5 1 4 4 2 4 1 1 5 2 5 4 3 3 4 3 3 3 1 4 5 4 5 2 1 2 5 4 2 1 3 4 4 4 2 2 3 1 5 4 5 5 3 4 1 1 2 4 4 2 2 2 4 3 3 2 4 2 2 4 1 3 4 4 3 1 2 5 4 5 4 2 3 2 3 2 4 3 2 1 1 5 3 5 3 3 1 5 1 3 2 3 3 2 1 3 1 4 4 2 3 2 2 3 2 4 4 5 3 4 1 3 5 2 1 5 3 3 4 4 1 1 2 5 5 4 5 2 4 3 4 5 3 5 3 3 2 4 3 1 5 5 4 2 5 3 1 1
3 4 3 1 2 1 3 2 2 1 4 3 1 1 5 4 2 3 4 5 1 3 1 5 4 4 2 5 4 1 1 1 3 4 3 1 1 2 1 4 4 2 3 4 5 3 3 3 1 3 5 5 2 3 1 1 2 5 5 5 1 5 5 3 2 3 4 5 4 3 3 5 5 1 1 2 3 3 4 2 5 3 2 4 2 1 3 1 2 5 4 3 5 2 1 1 1 1 1 5 3 3 2 2 3 4 3 1 4 4 1 2 3 5 4 4 1 5 1 4 1 5 2 3 2 2 3 4 4 2 1 3 5 1 2 3 4 1 2 3 5 2 2 3 1 1 4 3 5 4 3 1 3 4 4 4 5 3 5 1 1 5 5 2 1 2 2 3 2 5 3 2 2 5 2 4 4 3 1 2 4 3 5 2 1 1 5 3 3 5 1 3 3 0 2 2 1 3 5 5 5 4 4 4 5 3 1 1 1 4 5 2 3 2 5 2 2 3 2 3 5 5 5 4 4 2 3 5 4 1 2 4 4 1 1 5 4 5 4 4 5 2 4 5 2 1 2 1 1 5 4 3 3 2 1 2 5 2 4 1 1 1 2 3 2 5 2 1 5 3 4 4 5 3 2 4 5 1 2 4 4 1 2 2 5 4 3 4 1 5 3 2 5 1 4 1 5 2 4 3 1 3 2 1 1 2 1 2 5 1 5 1 4 5 2 3 3 5 4 1 4 4 4 2 5 4 5 1 1 2 4 1 3 4 5 1 4 1 1 3 3 2 5 5 2 3 2 5 2 1 4 3 2 1 2 5 5 3 4 4 3 1 1 1 1 5 1 4 4 4 2 1 1 4 1 2 4 2 3 5 5 4 2 1 4 4 1 5 3 3 3 3 5 5 3 2 2 2 5 5 2 4 2 2 1 1 5 4 3 5 4 1 5 3 4 5 3 3 5 5 5 1 1 1 3 3 3 2 1 3 2 1 2 5 3 2 1 2 3 3 4 2 5 3 5 2 1 2 4 3 2 5 5 3 5 1 4 5 2 2 5 2 5 4 4 5 1 5 1 2 1 5 1 3 2 1 3 1 4 3 1 2 2 3 1 1 2 5 1 4 5 3 5 1 2 2 1 4 1 4
1 1 4 4 1 1 1 5 1 2 5 5 1 5 5 1 5 3 2 2 3 4 1 4 2 2 2 3 1 1 2 3 4 5 2 4 1 1 2 3 4 2 4 3 5 5 1 3 4 1 4 2 5 4 5 5 5 3 4 2 2 3 4 5 2 5 4 4 5 2 2 4 1 1 4 2 1 2 4 2 3 4 2 2 4 3 3 1 4 2 2 3 4 2 2 3 4 3 3 5 4 3 3 5 5 2 3 3 4 5 1 4 4 1 3 3 2 4 5 1 3 5 3 3 1 3 1 4 4 2 1 1 5 3 3 3 1 3 4 2 5 3 2 1 2 1 2 3 3 4 2 4 3 4 2 1 4 4 2 3 4 4 1 3 4 4 4 2 2 4 3 4 5 4 1 2 3 3 3 2 1 4 5 5 5 4 5 2 1 5 3 4 4 2 0 2 5 5 1 4 4 2 4 5 2 1 3 4 5 1 5 5 5 3 1 4 3 1 3 5 5 1 4 3 5 1 1 4 4 4 1 4 1 2 1 4 2 4 1 4 3 5 3 1 5 1 1 5 2 1 5 2 5 2 2 3 2 2 4 3 5 5 1 3 1 3 1 2 2 4 4 1 4 1 2 1 5 4 5 2 5 2 1 3 4 2 3 3 2 3 4 3 4 2 3 4 5 5 1 4 1 3 3 5 5 4 2 4 4 3 3 3 2 2 4 2 5 5 4 4 4 3 3 4 3 5 5 2 4 2 1 1 4 4 2 4 5 4 3 3 4 2 1 5 4 5 4 3 3 1 2 2 2 3 3 1 5 3 2 3 5 3 3 3 1 5 4 2 1 5 3 3 1 3 5 1 5 5 3 2 2 1 2 3 1 5 4 5 5 3 3 1 2 1 5 5 2 2 2 4 2 2 1 3 5 2 5 1 4 3 1 5 5 2 1 2 4 3 2 4 2 1 5 1 1 2 1 3 4 5 1 5 5 4 3 2 2 1 5 5 5 4 3 5 5 4 4 3 3 2 4 3 5 1 5 1 4 5 5 3 3 3 2 5 1 5 4 3 5 4 4 1 3 3 1 1 1 3 4 3 1 2 2 4 2 5 3 4 4 1 4 2 2 2 1 3 2 1 5 2
1 5 3 4 2 2 4 5 1 2 2 2 4 5 3 3 3 5 5 3 3 3 4 2 3 3 3 2 2 2 4 1 3 3 2 1 2 2 1 5 1 4 3 2 5 3 3 4 1 3 1 2 4 1 1 5 1 3 3 1 2 3 5 2 4 1 2 2 1 4 1 5 1 1 2 1 2 5 3 5 5 2 5 5 3 3 1 1 2 3 2 4 1 1 5 2 4 4 1 4 5 5 3 3 4 2 2 4 3 4 1 2 5 4 4 1 5 5 4 1 4 5 3 2 5 1 5 3 4 1 4 2 3 4 4 3 5 1 2 3 1 3 4 1 5 3 5 4 4 1 1 3 4 2 2 2 2 5 4 2 4 2 4 1 2 2 3 2 4 1 4 3 3 5 2 1 2 3 4 2 2 2 5 4 5 3 5 4 5 1 1 5 4 3 5 0 1 3 1 2 4 5 3 1 3 2 2 2 1 4 4 3 5 3 1 2 1 5 5 1 3 4 5 3 3 2 2 3 3 2 4 3 3 1 3 2 2 3 3 2 1 2 1 4 2 5 4 1 5 2 4 5 1 4 2 2 3 1 2 5 5 3 4 5 1 4 3 4 5 1 3 5 1 4 5 1 2 1 1 3 5 4 2 3 3 2 2 3 2 1 5 1 1 2 4 5 2 4 2 3 1 3 1 1 3 3 1 4 4 1 3 4 4 4 2 1 3 2 4 5 5 1 3 2 1 4 5 3 5 2 2 1 3 3 1 1 1 1 4 5 5 4 1 4 4 2 3 2 2 3 1 1 3 3 5 1 2 4 5 5 5 3 4 1 2 2 4 2 1 3 4 4 4 3 2 1 4 3 5 3 4 5 4 3 1 3 4 5 4 3 3 1 1 1 5 3 1 1 3 5 3 1 1 5 5 4 5 4 1 5 3 4 5 1 1 2 1 3 3 1 4 1 2 5 5 2 2 2 3 1 4 4 2 4 2 5 3 4 3 1 3 2 3 2 4 1 4 4 3 5 3 1 5 4 5 4 5 4 5 2 2 3 3 2 4 2 2 3 1 3 4 4 4 2 1 3 1 4 3 2 1 1 2 5 4 5 1 4 4 2 4 2 1 2 3 3 2 5 2 2
1 2 3 2 3 3 2 4 4 2 5 1 4 5 5 5 2 5 4 3 1 1 3 4 5 3 4 2 5 1 5 4 4 1 1 5 1 1 5 1 1 5 4 4 1 5 5 5 2 5 1 2 4 1 5 2 4 3 4 3 1 1 5 3 1 4 3 4 2 4 4 4 4 1 4 2 1 4 5 3 1 2 4 5 5 2 2 1 2 5 2 5 2 4 4 4 4 1 4 3 2 3 3 5 3 1 2 4 3 1 3 4 1 5 3 1 2 5 1 4 5 2 5 4 1 2 3 3 4 1 3 4 1 4 1 4 3 5 4 1 5 3 2 5 5 3 2 2 4 2 2 5 2 5 3 4 1 1 5 4 1 3 2 4 2 4 2 1 5 5 3 2 2 4 3 1 2 4 3 2 1 1 5 1 2 5 3 2 2 3 1 5 3 3 3 3 0 2 3 2 4 3 3 4 3 3 3 4 3 4 2 1 1 2 1 4 2 5 2 3 4 4 2 1 4 4 4 5 2 2 3 3 4 1 5 1 2 4 4 3 5 1 5 2 4 2 1 4 2 3 5 3 3 5 1 5 4 2 3 2 2 3 3 3 1 4 4 2 1 1 3 5 1 3 5 4 5 5 4 4 4 1 4 3 2 5 1 3 2 4 4 3 5 3 3 3 2 5 3 1 3 1 2 1 2 3 4 3 3 3 1 1 4 5 4 3 3 2 3 2 3 2 3 3 1 1 2 2 2 1 5 5 3 1 1 2 5 1 3 1 2 1 2 2 3 1 1 5 5 3 1 1 5 4 4 3 3 1 4 5 3 3 2 1 5 3 4 2 4 3 5 3 5 3 4 3 5 4 2 4 3 4 2 5 1 5 1 3 4 2 2 3 5 3 2 5 5 2 1 1 4 2 2 4 2 1 3 2 5 1 5 4 4 2 2 2 1 5 3 2 3 1 2 4 5 5 5 3 3 2 5 5 3 5 1 1 4 1 4 1 5 3 2 2 2 5 3 4 4 1 3 3 2 4 4 5 3 4 5 1 4 4 4 2 4 3 2 1 3 1 3 3 2 5 1 4 5 2 3 2 4 3 4 2 4 1 1 5 3 1 3 2 4 2 1 3 1 5 2 4
4 3 5 3 1 1 1 3 4 4 5 1 4 3 3 1 5 5 3 5 3 5 3 1 1 3 5 5 2 4 3 5 5 4 4 5 5 2 2 4 5 5 1 1 2 3 5 1 3 5 3 3 1 2 3 2 5 5 4 1 3 5 2 3 4 2 1 3 1 1 3 1 2 2 5 2 2 3 3 1 5 5 2 5 3 5 3 5 5 1 2 4 2 5 5 4 1 5 5 5 4 1 1 2 4 1 2 1 4 1 3 4 4 5 4 2 5 3 3 4 2 4 4 4 3 2 3 4 5 5 4 3 5 5 2 4 5 4 3 5 5 3 3 1 4 1 2 5 5 2 3 3 1 1 1 5 3 1 1 4 5 2 5 4 5 2 3 3 5 5 1 3 3 5 4 3 2 5 3 1 4 1 1 4 5 3 3 4 1 3 4 3 4 2 5 1 3 0 4 4 2 3 3 1 1 4 5 5 1 3 3 3 4 2 4 4 1 5 4 4 1 3 3 4 5 1 1 1 1 2 4 2 3 4 2 5 1 4 1 2 1 4 4 1 3 5 1 4 4 3 3 3 5 3 5 5 3 1 1 4 2 1 5 1 3 3 1 5 5 1 1 3 3 1 2 5 5 2 1 2 1 1 2 3 1 5 1 3 5 5 3 2 3 3 5 2 3 4 4 2 5 1 3 4 5 2 3 1 3 3 3 1 5 1 3 4 4 2 4 1 2 5 1 4 2 5 1 4 5 4 1 5 2 1 3 3 5 4 1 4 4 1 4 1 5 2 1 1 4 3 2 3 4 5 3 3 1 1 3 2 4 1 4 3 1 2 4 4 4 1 1 5 3 3 1 5 4 5 3 3 4 2 3 3 3 5 4 5 4 3 5 5 2 3 1 4 2 4 1 3 2 2 1 2 3 4 4 4 3 3 1 2 4 2 2 4 1 2 3 5 3 4 4 1 2 5 1 2 5 5 4 5 3 2 4 3 2 3 2 2 4 5 5 2 1 2 1 1 2 1 5 3 3 4 1 5 2 3 3 3 3 1 2 5 3 2 2 5 1 3 2 3 2 1 2 5 2 2 3 2 1 5 2 2 1 3 1 4 1 3 1 1 1 5 2 4 1 3 3 4
4 1 4 2 4 2 1 2 2 1 4 2 2 5 5 4 4 3 2 2 4 4 5 2 5 3 1 1 2 4 4 2 3 2 1 1 4 3 1 1 2 1 2 4 5 2 1 4 5 1 4 2 1 5 5 3 4 2 2 5 4 5 5 1 3 4 1 2 5 5 5 4 2 3 4 2 2 5 1 4 3 1 1 2 2 4 1 3 4 4 5 3 2 2 1 4 2 2 1 3 1 3 3 1 3 2 3 5 5 3 2 5 2 1 3 1 1 2 1 2 3 4 2 2 4 4 2 1 5 5 1 1 2 4 2 1 2 5 5 3 3 1 2 4 1 3 3 1 1 4 4 1 4 2 5 5 2 2 1 1 2 1 4 1 2 3 1 2 1 4 5 4 1 5 2 1 3 4 4 3 4 5 4 2 2 2 4 1 3 5 5 2 4 1 5 4 2 4 0 1 4 3 4 4 5 4 5 4 3 2 2 4 4 2 2 4 3 2 2 4 3 5 3 5 1 3 5 2 5 2 3 3 5 4 5 5 5 5 2 1 2 3 3 3 4 3 3 2 3 5 2 1 1 1 3 5 3 2 5 3 5 3 2 5 2 5 3 2 3 2 3 4 5 5 4 2 1 5 2 1 1 5 5 4 5 1 3 1 4 1 1 4 5 3 4 5 2 5 4 3 5 4 2 2 2 2 3 1 2 2 1 5 4 3 4 3 4 3 4 5 5 1 2 5 5 1 5 4 4 5 5 1 1 1 4 1 1 3 3 4 4 4 2 2 1 3 5 2 2 3 1 3 2 2 4 2 5 2 2 1 4 2 1 5 3 2 1 1 1 4 5 5 2 5 4 4 5 5 5 3 3 1 1 2 5 2 3 2 4 1 1 2 2 2 5 2 5 4 1 5 2 4 2 3 5 3 2 4 5 5 2 2 4 4 3 2 2 4 4 2 4 3 5 3 3 4 4 5 4 1 5 2 3 1 1 3 1 1 5 1 2 4 1 5 4 5 1 1 4 3 3 4 2 1 2 2 5 5 4 3 4 3 3 4 5 1 3 5 5 2 2 2 1 5 2 5 5 5 1 2 1 2 3 1 1 5 4 5 2 2 4 3 2 4 3 3 4 3 1 1
2 3 3 4 2 4 2 2 3 1 2 1 3 3 1 2 2 1 4 1 1 5 5 5 2 3 4 5 4 3 5 1 1 1 3 5 4 1 3 4 1 5 2 2 1 1 3 3 4 2 4 5 2 3 3 1 1 2 4 1 3 1 1 1 5 2 2 5 3 3 5 2 1 3 5 4 2 1 3 1 4 5 3 4 3 2 4 4 1 4 1 5 2 4 2 3 1 1 3 1 5 4 4 4 1 3 5 5 4 5 1 1 2 3 2 4 3 2 5 4 5 5 5 3 3 1 3 2 5 2 3 2 5 1 3 1 4 5 4 3 2 2 4 5 3 5 5 1 3 3 3 3 4 1 5 3 5 1 5 5 5 3 5 2 3 1 1 5 5 5 2 5 3 4 5 4 4 2 1 5 1 1 3 2 4 1 5 3 1 3 5 1 3 3 3 1 5 2 5 0 3 3 2 3 4 3 5 3 2 5 3 4 3 5 2 2 5 2 2 2 1 3 5 3 3 5 5 2 2 4 4 1 4 4 5 2 5 3 4 3 5 1 5 5 1 3 2 1 3 5 3 2 3 5 4 4 5 1 1 4 4 1 2 3 5 1 3 1 2 2 4 3 5 1 4 2 2 2 2 4 5 5 5 3 1 5 3 3 1 4 1 3 2 1 4 4 3 3 1 1 3 5 5 4 1 3 1 4 4 1 3 1 4 3 2 2 4 2 2 1 4 2 3 2 2 5 3 4 3 2 3 3 2 4 4 3 5 2 3 3 4 4 3 4 1 3 2 2 2 1 2 4 2 2 3 3 1 4 4 5 3 2 2 1 4 4 5 4 1 5 2 1 5 1 1 3 2 5 1 5 2 5 1 5 2 1 3 1 5 4 2 2 1 2 1 5 4 3 5 4 4 4 2 4 4 5 2 3 5 3 1 2 3 5 3 5 3 1 3 5 3 1 3 5 2 3 3 5 3 5 5 5 4 3 2 4 1 2 3 2 4 2 3 3 1 5 2 5 1 1 3 1 5 3 4 1 1 4 4 5 1 2 3 4 2 2 3 4 5 2 2 1 1 4 3 5 3 4 2 5 1 5 2 1 1 1 4 4 1 1 2 2 1 3 1 3 2 2 1 3
2 2 3 3 3 1 3 1 3 3 3 2 3 5 5 4 4 1 3 2 2 3 2 4 3 5 3 3 1 1 2 5 4 4 5 2 4 5 3 4 4 3 3 1 5 5 5 2 3 2 2 2 5 4 1 2 5 5 5 3 4 5 5 1 4 2 3 2 3 5 4 1 2 4 2 4 3 5 1 5 3 4 2 1 2 4 5 2 3 3 3 2 5 4 3 3 3 4 1 3 4 3 4 5 2 5 4 4 2 5 3 3 5 1 4 3 4 1 3 5 3 2 1 4 5 3 2 2 4 1 2 3 1 1 4 4 3 3 3 3 1 2 5 1 3 2 4 3 2 3 3 4 3 2 2 4 4 4 4 4 2 2 2 1 1 5 2 5 4 4 2 2 3 5 2 4 4 2 5 1 3 5 4 4 4 2 1 2 1 5 4 5 5 3 2 5 5 1 3 4 0 5 1 2 4 4 3 2 3 3 1 5 5 1 3 4 4 5 1 1 2 2 2 4 4 3 3 3 4 4 1 3 4 4 1 4 2 3 5 3 2 5 3 5 5 4 4 1 4 1 3 4 5 2 4 1 4 3 2 2 1 1 5 4 3 1 2 4 1 5 1 2 3 2 1 5 3 4 2 4 2 3 2 3 3 2 3 2 5 5 5 5 1 4 2 3 2 3 4 3 2 1 1 4 2 5 1 1 1 4 2 1 4 3 1 2 4 3 3 1 4 1 3 2 4 3 5 3 2 1 4 1 3 4 3 2 2 4 5 3 4 2 3 4 4 3 4 1 1 2 1 3 3 5 5 1 5 2 4 2 1 5 5 4 1 2 4 3 1 2 5 1 5 1 3 5 5 5 3 5 2 2 4 3 5 5 5 5 3 1 3 1 4 1 5 5 1 3 4 4 1 2 4 4 1 5 3 3 3 4 2 1 3 2 5 4 4 3 1 4 2 1 2 3 4 3 1 5 4 2 4 5 5 2 2 1 4 3 2 1 4 1 3 1 5 1 5 2 4 4 5 1 2 4 4 1 1 4 4 3 4 1 4 4 4 1 1 2 5 1 2 1 2 5 2 2 4 3 3 3 5 1 4 1 1 4 2 2 3 4 1 1 4 2 3 4 3 5 4 1
4 3 2 3 1 1 1 1 4 3 3 3 2 1 5 1 4 3 2 2 1 1 4 3 4 3 3 3 3 2 2 3 4 1 5 2 3 4 1 3 5 1 4 3 3 2 4 3 2 5 3 3 5 4 4 3 3 2 2 1 2 2 4 5 5 2 2 3 2 5 3 1 5 4 2 3 2 1 1 3 3 1 3 4 1 3 5 3 5 4 5 1 1 1 2 5 2 2 5 5 1 2 3 2 3 4 5 4 4 1 4 3 3 2 3 4 5 4 4 1 1 2 4 3 4 2 3 1 2 1 4 5 1 4 5 4 2 5 4 3 2 3 3 3 5 5 5 2 3 1 1 1 5 1 4 4 2 5 5 2 1 4 2 2 4 1 1 1 4 1 3 3 4 3 4 4 4 4 4 2 4 3 2 2 4 1 2 2 2 4 2 3 1 3 2 4 2 5 1 5 3 0 3 4 1 5 5 3 5 5 4 5 2 2 3 1 2 3 4 5 4 3 1 1 2 4 2 2 1 5 2 3 5 3 3 3 1 5 3 1 5 3 3 1 2 5 4 4 5 3 4 1 2 3 4 3 4 1 3 3 1 2 2 5 1 1 2 3 5 1 5 1 4 4 2 3 4 1 5 5 3 5 3 1 2 3 3 2 4 2 2 5 1 3 5 3 5 2 2 2 1 1 4 3 4 4 4 3 5 2 4 1 1 1 4 4 5 5 3 4 2 5 1 5 2 2 5 2 4 3 5 5 3 2 1 2 3 2 2 5 4 1 3 3 3 4 5 5 2 4 3 3 5 5 5 4 2 4 2 2 1 3 2 2 2 2 4 4 4 5 5 4 4 5 2 2 1 4 5 1 5 1 3 4 3 4 1 2 2 1 2 3 5 1 2 1 2 4 4 3 2 4 3 4 3 2 1 3 5 3 1 1 2 3 1 4 2 4 2 5 4 4 5 1 2 5 5 5 1 2 1 4 4 3 5 3 4 5 5 3 1 2 4 3 2 5 5 5 3 3 2 5 2 4 5 4 2 5 1 4 2 1 4 5 1 3 4 5 4 1 2 1 1 5 1 1 1 3 2 4 1 5 5 3 4 2 1 5 4 2 1 1 4 2 4 3 2 2 3 4
5 4 5 4 2 2 2 3 4 1 2 4 5 2 3 3 4 5 3 2 3 5 4 1 1 4 5 2 5 1 4 4 4 2 4 5 1 2 5 4 1 1 2 1 1 3 3 1 5 3 1 2 4 3 1 2 1 2 2 1 2 5 2 1 5 4 4 1 5 5 2 5 2 1 1 1 2 3 1 2 4 1 3 4 3 4 3 2 4 1 3 5 5 3 1 5 2 2 1 1 3 4 2 1 1 1 1 4 4 2 4 1 3 3 1 3 1 5 5 5 4 4 1 2 3 3 5 3 4 3 1 5 2 5 2 4 4 3 1 1 1 4 1 4 5 3 1 1 2 3 2 4 1 5 3 4 1 3 5 1 2 3 4 3 3 3 2 4 4 5 1 5 1 3 5 4 3 3 1 3 4 1 3 4 5 5 3 2 3 4 3 4 5 2 1 4 2 1 1 2 5 1 0 1 4 3 5 5 5 3 1 1 1 1 2 1 3 1 4 2 4 4 5 1 3 3 1 2 5 5 5 3 1 2 1 2 5 2 3 4 2 3 5 2 1 1 2 2 1 1 1 4 3 1 1 3 2 1 1 4 4 2 2 1 4 5 5 2 5 3 3 1 4 1 2 1 4 3 1 1 2 4 4 1 1 5 4 5 1 1 4 3 4 4 5 3 2 2 2 4 3 1 2 2 3 3 3 4 4 2 4 2 1 3 1 3 2 2 2 1 3 4 3 5 2 2 5 3 1 3 1 4 5 2 3 3 1 1 1 4 1 3 3 2 5 3 4 4 4 2 4 5 1 3 1 2 3 4 3 3 2 3 4 2 1 2 4 4 2 5 2 5 2 5 3 3 3 3 1 5 1 3 4 3 4 5 1 1 2 3 4 2 4 3 3 3 3 4 1 2 5 3 2 1 5 1 2 2 2 1 2 3 5 3 4 3 3 2 4 3 1 4 5 2 2 4 2 2 1 4 4 5 3 3 3 4 5 1 2 1 5 2 3 1 5 5 5 5 5 4 5 2 3 4 5 5 4 4 5 1 3 2 2 4 4 4 1 2 1 5 4 2 2 3 3 2 1 4 2 4 5 3 1 3 4 2 2 4 4 4 1 4 2 5 3 1 1 5 2 5
5 1 4 1 3 5 5 2 2 1 4 4 1 4 3 4 5 5 3 2 2 1 3 1 3 3 2 5 5 3 1 4 2 1 1 2 1 4 3 2 5 4 1 3 2 4 5 4 3 5 2 2 4 2 5 4 3 1 1 5 4 1 3 4 2 2 1 5 4 5 5 5 1 3 5 3 1 5 5 3 1 1 4 2 1 2 3 3 3 1 3 2 3 4 4 5 4 1 4 2 2 1 1 5 3 1 4 3 4 1 3 1 5 4 1 3 2 5 2 5 3 5 1 5 5 3 4 5 5 1 1 4 2 4 2 1 1 1 2 1 2 1 3 2 2 4 5 4 1 4 2 4 4 4 3 5 2 2 2 4 2 5 2 1 3 3 2 5 1 3 5 3 3 2 1 1 4 4 4 3 5 4 3 4 3 4 3 4 2 3 2 2 3 3 1 5 3 5 3 4 5 5 1 0 2 3 3 3 3 2 5 4 4 3 4 1 4 4 4 5 2 3 4 5 1 4 2 5 1 5 5 4 1 2 1 3 2 2 3 4 1 1 2 3 1 3 4 1 4 4 5 2 2 5 2 1 5 4 2 2 2 2 5 1 3 2 1 2 2 1 3 3 2 5 5 4 3 4 2 2 3 4 5 2 5 4 2 5 2 4 2 2 1 4 2 1 1 3 1 1 1 1 2 2 4 2 2 3 4 2 5 5 5 1 4 1 4 5 1 5 4 2 3 1 5 4 2 3 1 5 5 2 3 2 4 4 4 2 1 3 3 4 2 4 2 1 4 5 5 5 2 1 4 2 2 3 5 5 4 3 2 5 5 2 4 1 2 3 2 3 3 4 4 3 3 2 3 4 1 3 3 1 4 2 2 5 2 2 5 3 5 2 4 2 1 1 2 1 3 2 3 2 4 5 4 2 5 1 4 3 4 3 1 2 5 3 3 4 4 1 2 5 5 3 3 3 3 5 4 4 2 2 1 1 3 2 5 3 4 3 5 5 2 4 1 1 5 2 4 3 4 4 3 5 1 3 2 1 3 5 1 1 2 4 2 2 3 3 1 5 5 5 2 1 3 2 1 1 5 3 2 4 3 2 4 2 4 5 2 1 5 4 3 5 3 2 2 1 3 1
2 3 2 3 4 4 2 5 2 5 4 2 4 5 2 5 4 2 5 5 5 3 2 5 2 3 4 2 1 1 5 5 2 1 4 3 3 5 3 3 3 3 4 4 2 1 1 1 2 5 5 4 1 1 3 3 2 5 1 3 3 4 1 1 4 2 5 3 5 3 1 4 3 1 3 3 1 1 5 1 1 2 3 1 5 4 5 5 5 5 2 3 3 1 3 2 2 5 1 3 5 5 3 5 4 1 2 3 3 1 1 5 3 4 4 4 4 4 4 1 2 5 2 1 4 1 1 4 5 3 4 4 1 5 2 2 4 5 5 4 1 4 3 5 2 4 1 5 2 2 1 4 3 4 5 3 2 1 4 1 1 4 3 3 4 4 4 4 1 4 1 2 4 3 3 3 5 4 4 1 2 3 4 2 3 4 5 4 4 4 5 4 5 5 2 1 3 1 2 4 5 2 4 1 0 2 3 2 4 1 1 5 2 1 1 2 5 4 5 4 5 1 2 4 3 3 3 1 1 1 4 3 3 3 1 5 4 2 5 3 5 1 2 4 2 4 3 4 4 2 5 2 2 1 2 4 3 1 3 3 5 3 1 4 1 3 2 5 3 2 2 5 4 1 5 5 2 1 1 5 5 2 1 2 5 5 2 1 2 4 2 5 1 4 5 1 1 1 4 4 5 3 5 2 2 5 1 1 4 3 1 1 2 5 4 1 3 3 3 3 3 1 1 1 4 1 4 4 4 1 3 3 3 3 5 3 5 4 1 5 5 2 1 3 3 2 3 5 5 5 2 1 1 3 4 2 5 5 1 5 2 5 3 1 5 3 1 4 5 2 5 4 1 4 3 2 3 3 3 2 2 4 2 1 2 4 3 3 5 3 4 2 4 2 2 4 1 2 5 3 5 1 1 1 2 2 3 1 4 2 5 3 3 2 2 4 5 2 1 5 2 4 3 1 5 2 2 3 2 1 3 3 1 2 4 3 1 1 3 5 3 3 5 4 4 4 3 4 5 4 3 2 3 1 1 2 4 1 1 5 5 4 1 5 5 4 1 1 5 3 3 5 4 3 1 3 2 2 1 3 5 5 1 4 1 4 3 2 3 1 1 4 5 3 2 4 4 5 3 2
4 2 4 3 3 3 3 2 5 5 3 1 2 2 2 4 1 3 2 5 5 4 4 5 3 3 5 4 3 1 3 1 2 1 3 1 4 3 4 4 5 3 1 3 4 4 4 1 1 1 5 3 3 1 4 3 3 3 1 3 4 3 3 5 5 5 5 1 4 3 5 3 4 3 2 4 1 3 2 1 1 5 2 3 2 1 2 5 5 3 1 3 1 5 3 5 3 1 3 5 4 4 2 3 2 5 5 2 2 5 1 2 2 4 3 4 2 5 2 2 2 5 4 1 1 3 4 1 1 4 5 4 5 2 2 4 2 5 5 4 4 1 2 5 5 1 5 3 4 3 4 4 2 4 4 3 1 5 5 4 1 4 1 4 4 3 2 5 3 3 5 1 4 3 3 3 2 3 3 4 2 2 4 3 2 3 4 2 3 4 2 3 2 5 5 1 3 3 1 1 5 1 2 5 4 0 3 1 4 5 1 3 5 5 4 3 4 5 2 5 3 2 1 5 5 1 5 1 5 1 5 1 4 3 5 1 2 5 5 3 2 1 4 4 2 1 2 1 2 1 3 2 5 1 4 4 1 3 3 3 5 4 3 5 1 3 1 3 3 2 4 4 2 5 2 2 5 5 2 3 1 4 4 1 4 4 5 1 3 1 1 2 1 1 4 4 4 3 2 5 3 2 5 3 3 2 5 5 1 3 2 5 1 5 2 2 1 4 3 4 3 2 4 3 3 2 5 4 2 2 2 4 5 2 2 2 2 2 5 3 4 1 5 5 2 3 2 3 2 3 3 5 4 1 1 4 5 5 3 4 2 2 2 4 2 5 1 3 4 3 1 1 2 1 5 3 5 2 3 4 5 4 3 5 3 2 3 1 1 4 4 2 4 1 2 2 3 3 4 1 5 2 4 4 3 4 4 2 4 5 5 1 1 3 1 3 5 4 2 1 5 1 4 2 1 3 2 2 3 4 2 5 2 5 2 3 1 4 1 2 5 4 4 1 5 2 5 4 5 2 2 3 3 3 2 2 1 3 2 2 2 4 1 5 3 1 3 3 4 3 3 4 1 1 4 4 5 5 3 1 4 1 1 3 2 2 1 2 5 3 3 1 4 2 4 4 3 5 2 3
3 2 1 2 2 4 5 3 4 1 4 2 1 5 4 5 5 5 4 5 4 4 3 2 4 2 3 3 2 4 5 3 3 1 5 5 2 2 2 1 3 3 4 4 2 4 3 4 1 3 5 1 4 5 5 5 5 3 4 3 1 2 3 3 2 4 4 2 4 2 3 5 1 4 3 1 1 2 4 2 1 5 4 2 1 4 4 4 5 1 4 2 2 3 4 3 5 5 3 1 2 3 4 1 4 5 3 2 4 1 4 1 2 3 2 2 1 2 5 3 3 4 5 3 2 1 5 1 2 5 3 4 4 3 3 1 5 2 3 3 2 2 5 3 3 1 2 3 3 5 1 4 3 2 5 1 1 5 3 2 3 3 3 3 2 1 1 2 4 5 4 1 5 5 5 5 3 1 1 2 4 5 4 1 2 3 3 2 1 4 1 5 3 1 1 3 4 4 5 5 5 5 2 1 2 5 0 4 5 4 1 2 2 4 2 3 2 3 2 2 2 1 2 1 5 2 3 1 3 1 5 1 2 5 5 2 4 5 5 4 4 1 4 1 3 4 2 5 1 3 3 5 1 5 4 1 4 2 4 5 3 3 4 3 4 3 3 4 1 3 1 2 5 2 5 1 3 4 5 3 4 3 1 2 2 2 1 2 5 1 3 4 4 2 5 4 3 2 3 4 4 3 1 4 4 2 4 3 3 4 4 5 2 3 2 3 2 2 3 4 4 2 2 1 3 3 3 1 2 5 3 3 2 1 5 1 5 1 2 3 5 4 2 5 5 3 2 5 5 1 4 3 3 1 1 3 1 3 5 2 4 5 1 4 1 3 2 1 2 3 1 5 4 4 5 1 1 1 3 3 2 1 3 4 5 2 3 2 4 4 5 3 3 4 4 1 1 5 5 4 4 4 4 2 1 3 3 2 5 3 3 4 1 2 4 2 3 2 1 3 2 2 5 3 4 5 3 1 5 3 4 3 4 5 4 4 1 3 5 1 4 4 4 4 4 4 3 4 2 1 5 5 5 3 1 3 1 1 3 4 4 3 5 2 1 3 3 1 5 3 2 1 2 4 4 3 2 4 2 1 3 5 2 3 4 4 4 5 3 1 3 2 1 4 5 3 3 4 1 3
3 5 1 3 3 3 2 5 3 2 1 1 4 1 1 2 1 2 5 2 5 1 5 1 4 2 1 2 3 1 4 4 4 4 3 5 3 5 4 5 2 5 4 4 1 3 1 1 1 1 1 4 2 3 4 5 1 1 4 2 3 2 3 3 3 2 2 5 3 2 5 5 4 3 2 4 3 2 5 2 4 4 4 5 3 2 4 2 3 1 4 4 2 4 4 1 3 1 3 1 1 3 4 5 4 2 1 5 1 5 1 4 3 1 3 1 3 4 1 4 3 5 3 4 5 4 5 1 3 1 5 1 5 3 4 2 1 1 5 4 2 1 5 1 5 3 4 4 3 1 1 1 1 5 1 5 5 5 3 4 5 1 1 1 4 2 4 5 2 3 1 2 3 4 5 2 3 5 2 2 1 1 5 2 5 5 5 4 4 2 5 2 3 3 1 3 4 2 5 5 1 2 3 1 5 5 3 0 3 3 1 2 4 1 5 3 3 1 1 1 1 5 5 2 3 2 5 3 3 5 4 2 4 2 5 5 2 1 4 3 1 4 1 4 5 5 3 3 4 3 1 5 4 3 3 2 4 1 5 5 5 1 3 5 4 4 5 1 4 3 4 5 3 3 2 1 2 4 4 4 4 3 4 2 4 2 2 2 3 1 5 5 3 5 1 3 4 4 1 3 5 4 2 1 2 5 4 1 2 2 2 1 3 1 1 3 1 3 2 2 2 5 1 3 5 5 5 4 4 5 4 3 3 5 4 2 4 1 5 1 2 1 2 1 3 2 3 4 1 5 4 5 5 4 3 4 1 1 1 4 2 5 1 2 4 4 3 1 5 4 5 1 5 4 1 4 4 2 4 3 5 3 1 5 2 2 5 1 2 1 1 1 1 4 3 3 4 4 5 1 4 1 1 5 5 5 4 1 3 5 2 1 4 5 5 2 1 4 4 3 4 3 2 5 5 4 2 3 2 5 3 2 4 3 1 5 4 3 1 4 5 4 4 3 3 4 3 4 4 2 2 3 1 4 3 2 2 2 1 4 2 1 5 3 5 2 4 2 1 1 3 3 2 3 5 1 5 2 3 5 1 3 4 2 4 5 2 3 2 2 5 1 4 5 2 4 2 1 3 3
2 1 2 3 1 3 1 3 5 5 3 1 5 3 5 1 3 5 2 1 1 1 2 4 3 4 5 1 4 2 1 4 4 1 2 4 2 3 2 5 2 3 2 4 1 3 1 4 5 3 1 3 3 4 5 5 3 2 1 3 1 5 3 3 3 4 1 4 5 2 3 4 5 3 3 1 1 3 2 4 3 4 1 1 3 4 2 1 2 4 3 2 1 2 3 5 4 3 5 4 3 1 3 1 2 4 5 3 5 5 3 4 3 1 3 3 5 2 5 3 3 3 4 4 4 4 1 1 3 4 4 3 2 4 2 1 4 5 1 4 1 2 4 1 4 4 1 1 4 5 1 4 4 2 5 1 2 3 5 5 4 1 5 2 3 2 5 2 4 5 4 4 5 1 2 4 3 4 4 3 4 3 1 3 4 4 4 1 4 3 2 2 3 5 2 1 1 1 1 3 3 3 4 3 2 3 1 2 0 4 2 5 2 4 3 1 3 2 3 4 3 5 4 3 2 1 5 1 2 2 5 1 5 5 3 2 5 4 2 2 5 4 5 4 1 3 3 2 1 5 4 1 1 2 1 2 1 4 2 3 1 3 5 1 2 2 5 1 2 4 5 2 5 2 3 2 1 1 5 4 1 4 3 5 1 5 3 4 4 1 2 1 5 5 1 3 5 3 4 3 5 5 1 3 2 1 4 1 2 1 5 5 4 2 4 4 5 1 2 5 5 4 1 3 1 3 3 4 4 2 1 5 3 5 5 2 2 3 3 2 3 4 2 1 3 4 5 5 2 5 4 3 2 1 2 1 3 3 3 5 3 1 3 5 5 5 5 2 4 5 4 4 3 5 3 1 1 1 1 1 3 4 3 4 4 5 2 4 2 1 3 1 2 2 3 2 3 1 3 4 1 1 4 1 5 5 4 2 5 4 3 2 3 5 2 5 4 4 4 3 1 4 4 5 5 5 1 2 2 3 5 1 1 5 3 2 2 1 2 2 5 4 3 4 3 4 2 4 1 2 5 5 1 3 1 2 5 3 3 1 3 2 5 3 1 1 4 3 1 1 2 5 3 3 4 1 2 3 4 3 3 1 4 1 2 5 3 3 3 4 2 4 3 2 1 2 1 5 2 2
2 4 4 2 3 4 1 1 5 3 5 3 4 3 1 2 4 2 3 3 3 4 2 3 5 3 3 2 1 1 1 1 4 2 5 4 2 4 1 4 5 3 2 1 2 4 5 4 1 2 1 2 1 4 1 2 1 5 3 1 3 2 4 2 5 4 1 1 5 5 1 4 1 2 1 2 1 4 4 2 2 4 4 5 4 1 1 5 3 4 2 2 2 3 4 3 4 3 3 3 2 2 4 4 2 4 5 1 1 1 3 2 5 3 1 3 1 1 2 3 1 2 2 3 1 3 2 4 5 1 4 4 2 2 4 2 5 1 1 5 4 3 4 4 3 3 2 4 1 2 2 5 4 3 3 5 5 2 1 3 1 4 4 1 2 4 2 4 5 2 1 3 3 2 5 4 4 1 5 4 1 2 4 1 3 3 2 1 3 4 5 2 3 1 1 1 1 1 1 2 4 2 2 5 4 2 4 3 1 0 3 4 1 4 3 1 2 4 4 4 1 4 2 1 3 5 1 1 4 1 1 4 3 1 5 3 3 3 5 4 2 4 1 1 1 4 3 2 1 1 4 1 5 4 3 2 3 4 2 2 5 5 3 2 3 5 4 2 3 4 1 5 2 2 2 3 4 1 3 5 4 4 5 4 4 4 2 2 3 1 3 1 1 5 4 4 2 3 3 3 3 4 3 4 3 4 1 2 3 2 1 4 1 5 3 1 5 4 4 3 5 4 3 3 4 4 3 4 1 3 5 2 4 1 5 3 3 1 1 1 1 3 4 1 3 5 2 1 5 2 3 3 4 1 2 4 2 5 1 5 1 2 5 5 3 5 4 2 5 2 5 3 3 3 1 2 5 4 3 5 3 4 2 1 5 1 2 2 4 4 1 1 2 3 5 4 3 3 5 1 1 4 1 2 5 2 1 3 2 2 4 4 1 2 3 1 1 3 1 4 3 4 3 2 5 2 3 5 1 3 3 5 3 3 4 1 1 5 3 3 3 5 2 1 4 2 4 2 5 1 3 1 3 1 1 2 3 2 5 3 5 1 3 3 2 1 1 5 4 1 1 4 4 5 5 2 2 4 1 1 5 1 1 1 1 5 2 1 1 3 3 4 3 3 5 2 1 2 4 2
1 3 3 3 3 1 4 4 4 3 1 1 1 4 3 4 3 1 3 4 3 1 5 1 2 4 2 5 3 1 4 2 5 2 1 2 3 5 2 2 3 1 1 3 3 1 3 1 2 2 4 4 5 4 4 1 3 4 1 1 4 4 1 5 1 3 5 5 1 4 5 2 1 4 2 1 5 2 3 5 3 5 2 2 1 4 2 2 2 2 2 3 3 3 1 3 5 3 2 5 1 2 2 4 5 1 3 2 3 5 2 5 1 5 4 2 3 5 3 5 4 2 5 1 1 2 2 4 4 3 2 1 3 2 3 3 4 4 4 2 2 2 1 4 1 2 3 2 1 5 1 2 4 1 3 2 4 1 3 3 3 2 4 1 3 3 4 2 5 1 1 4 3 5 5 5 3 1 4 1 5 1 4 1 5 3 2 1 4 5 2 3 4 1 4 2 1 3 1 5 2 5 1 3 4 2 2 5 1 1 0 1 1 2 5 2 3 1 2 5 5 4 2 5 2 4 4 4 4 5 2 2 5 4 5 2 3 1 5 1 3 3 1 2 3 2 4 5 1 2 3 5 4 3 1 2 1 2 2 1 3 1 5 4 1 5 1 2 1 3 5 3 2 2 1 4 4 2 3 1 5 1 5 4 5 4 5 1 2 1 1 3 2 3 5 5 5 4 2 3 1 3 2 3 5 5 1 1 2 4 1 3 3 5 1 3 1 5 1 2 4 4 1 3 5 1 1 2 4 1 2 1 2 2 1 4 1 3 3 2 3 3 3 4 3 5 5 4 4 3 1 1 2 4 1 2 5 4 1 5 3 2 5 4 4 3 1 4 3 4 4 4 4 5 1 2 2 5 2 3 4 1 5 2 4 4 2 4 3 3 1 1 3 1 5 1 2 5 1 4 3 1 3 1 4 1 4 5 3 3 5 5 2 3 5 2 1 5 3 1 3 5 2 1 4 4 4 1 3 4 5 2 3 3 3 1 5 1 1 4 5 1 2 2 4 1 5 1 3 5 4 5 5 5 5 5 1 2 4 1 5 1 4 3 3 4 2 2 5 5 2 5 2 4 1 1 1 2 4 3 1 4 1 1 3 2 4 3 3 2 1 2 2 5 4 3 4 5 4 4
3 4 5 2 2 3 1 4 3 4 3 4 3 2 3 2 3 4 2 5 3 5 1 5 2 4 5 5 1 3 4 2 1 5 2 5 3 4 1 3 4 3 2 1 5 3 5 1 2 5 2 3 4 5 4 2 4 4 3 1 2 4 4 4 1 1 5 5 3 3 1 2 4 3 2 1 2 5 5 5 3 4 4 2 3 1 4 2 3 3 2 3 4 4 5 2 1 4 2 2 4 1 2 5 1 1 4 1 2 2 4 5 2 2 3 3 5 4 4 4 1 5 1 4 1 3 1 2 3 3 4 1 2 1 3 5 3 3 3 4 2 4 2 2 1 5 4 4 5 1 1 4 3 1 3 2 1 3 4 2 5 2 3 3 3 5 4 1 5 3 4 4 3 2 5 5 1 1 4 5 1 1 4 4 3 1 2 3 2 1 3 4 2 1 1 5 3 2 4 2 1 5 4 5 3 2 5 1 4 5 1 0 5 2 1 4 4 3 2 3 3 4 2 5 3 2 4 3 2 1 3 2 3 2 3 3 3 3 2 4 2 3 4 2 3 4 4 4 2 5 4 4 2 1 4 3 1 3 1 4 1 4 1 5 4 4 3 4 3 2 4 4 4 1 2 5 1 5 2 5 4 1 5 3 1 3 5 1 2 3 3 4 3 3 4 2 3 1 5 5 3 2 3 4 4 4 4 5 2 4 1 2 1 5 1 4 4 4 1 3 4 2 2 2 4 4 3 1 3 2 5 4 2 3 2 2 5 5 2 4 3 3 3 1 5 5 5 5 3 5 3 2 2 4 3 3 3 4 2 3 3 5 1 5 2 3 5 3 1 1 4 2 3 3 2 3 1 4 1 3 1 1 3 1 4 2 4 1 2 3 5 3 2 2 2 4 1 1 3 1 2 5 3 3 2 4 1 3 4 1 1 3 2 1 3 1 1 4 2 3 1 3 5 3 2 1 4 3 3 2 1 4 3 5 5 1 4 2 1 2 5 1 5 2 3 2 3 3 4 1 4 5 2 1 1 5 5 1 4 4 5 1 5 4 3 5 3 2 5 3 3 1 3 2 1 1 3 3 1 2 2 5 4 5 4 4 2 5 2 4 1 1 4 1 2 3 5 4 5 2
5 3 2 3 3 1 4 1 2 4 5 1 5 1 1 4 4 4 1 1 1 1 5 2 2 3 2 5 1 2 4 4 5 1 1 1 2 3 5 5 1 3 2 4 2 3 3 5 3 5 2 2 4 1 2 4 2 1 1 3 1 2 2 3 1 1 4 3 3 4 4 5 3 2 4 2 5 1 2 3 2 5 1 4 3 4 2 3 3 3 1 4 5 1 3 1 1 3 3 4 1 3 2 4 5 2 4 4 5 1 2 5 4 2 1 2 1 2 1 5 3 4 5 3 3 2 3 3 1 3 5 2 2 1 4 1 5 3 4 3 2 4 4 1 2 5 3 2 2 3 3 4 1 5 5 5 5 5 5 1 4 4 1 4 3 4 5 3 2 1 3 5 5 2 3 4 4 5 2 2 1 4 1 2 1 4 5 3 3 4 1 2 3 4 3 2 3 4 4 3 4 5 1 3 2 3 2 5 5 4 3 1 0 3 2 2 1 2 1 1 1 5 2 4 4 4 5 2 1 2 1 2 1 3 4 3 4 3 2 4 5 2 3 3 4 2 4 3 2 2 2 3 4 3 3 1 5 1 2 3 1 2 2 4 2 1 4 4 2 2 2 5 2 5 5 2 2 5 3 3 3 1 5 5 1 2 5 5 5 3 1 1 4 5 1 5 5 1 2 3 5 2 1 1 5 1 1 4 2 3 2 2 4 2 4 4 3 5 1 5 4 5 2 5 3 2 2 1 5 5 5 4 5 3 3 2 2 1 2 5 1 2 3 2 2 4 3 2 2 4 5 1 4 5 3 1 2 1 1 3 5 1 2 4 3 2 3 1 3 3 2 1 3 1 1 4 3 1 2 1 3 3 2 4 5 5 1 5 4 4 4 4 1 3 4 2 3 1 4 5 5 2 4 5 2 3 3 3 5 3 2 4 2 1 5 3 3 4 2 3 3 2 5 1 2 5 4 2 1 4 2 1 5 5 2 2 5 4 4 4 1 1 2 2 5 4 2 4 5 2 5 1 2 1 3 1 5 4 5 2 3 3 3 2 2 1 3 2 2 1 1 5 1 5 1 1 1 1 1 4 4 2 2 1 2 5 4 4 1 3 1 3 4 1 2 3 1 3 5 4
4 5 1 1 4 1 1 1 2 4 5 2 2 1 1 2 3 2 1 3 2 3 5 3 4 5 1 3 2 4 5 5 1 1 3 3 4 1 5 5 1 1 1 2 1 3 3 2 5 5 4 2 5 1 1 4 3 4 1 3 1 3 3 5 3 3 3 2 4 3 4 3 1 1 5 4 5 1 4 5 2 2 1 4 3 4 3 2 3 5 4 3 1 2 4 2 3 5 1 4 2 2 2 1 4 3 5 1 2 1 2 4 4 3 4 4 2 3 4 5 5 3 3 3 2 2 4 3 1 5 3 2 3 1 2 5 5 4 4 5 3 2 2 2 1 2 1 2 1 4 4 1 2 4 1 2 4 5 1 1 2 3 1 3 4 5 3 3 4 5 3 4 4 2 5 5 3 2 3 5 1 4 4 1 4 1 2 2 5 2 1 2 4 5 3 4 3 4 3 3 5 5 1 4 4 5 2 5 3 1 1 3 5 0 1 2 4 2 4 3 1 4 3 5 2 2 2 1 4 3 2 1 1 5 5 3 5 1 2 3 1 5 1 1 1 1 2 3 4 5 1 1 2 3 2 2 2 5 1 1 2 3 4 5 5 2 1 3 5 5 3 4 1 1 5 5 3 5 2 4 3 3 5 1 2 5 4 4 4 3 1 2 3 1 4 2 1 3 4 4 5 4 2 4 5 5 5 3 2 1 3 1 4 4 5 1 4 3 1 1 2 3 2 3 4 3 4 4 2 1 3 3 1 5 4 1 4 5 3 2 3 1 4 2 3 4 4 5 4 2 2 2 2 2 2 5 4 1 5 3 1 5 3 1 3 4 4 2 3 5 5 2 3 5 1 5 2 5 5 2 5 5 5 1 4 5 3 3 3 3 1 2 5 3 2 2 5 5 2 2 4 4 4 4 1 2 5 5 2 2 4 5 2 5 2 5 4 4 1 4 2 5 4 3 4 4 4 1 1 5 2 1 2 5 1 5 4 4 4 1 4 2 2 5 3 5 1 1 4 1 1 3 1 3 2 2 1 1 4 3 1 5 5 2 1 4 1 3 3 2 2 4 3 3 3 5 5 1 1 1 1 4 5 4 1 4 3 1 5 4 2 2 5 2 4 3 5 5 4 1
4 1 4 4 1 4 5 1 4 3 1 2 3 1 2 3 2 1 1 3 4 5 2 4 5 1 5 4 2 2 4 3 2 1 5 1 4 3 5 5 2 4 3 4 5 2 5 1 2 2 5 4 2 3 4 2 5 3 1 3 3 1 2 3 3 3 1 5 4 2 5 1 4 2 2 4 3 5 2 2 5 2 2 3 3 2 1 4 4 4 1 3 3 2 1 5 3 1 5 5 1 3 4 4 1 3 1 5 1 5 4 2 1 5 1 1 4 5 2 2 5 3 4 2 2 2 3 3 5 2 1 4 4 1 5 4 2 2 3 4 2 1 2 4 2 1 2 3 2 1 1 2 1 5 3 5 4 2 3 1 5 1 4 2 1 3 3 3 5 1 5 3 2 5 4 1 5 3 5 1 5 5 3 1 3 5 4 3 1 1 1 5 4 5 3 2 5 4 2 3 5 5 1 2 2 3 4 3 5 5 3 5 2 2 0 4 3 2 1 3 1 3 5 4 3 3 5 3 3 2 4 1 3 5 4 3 1 3 3 1 4 3 3 5 4 3 4 2 2 5 3 4 4 3 2 2 4 4 2 4 1 4 2 4 4 4 3 2 1 3 4 1 1 3 1 3 2 2 2 3 2 2 3 3 2 2 2 5 3 1 5 4 2 3 3 2 5 4 4 3 3 4 1 3 3 1 5 1 4 3 2 3 5 2 4 4 5 1 2 4 1 4 4 2 1 4 5 2 5 1 2 4 5 3 5 1 4 4 5 3 1 1 1 4 1 2 4 5 2 2 4 1 4 2 2 4 1 3 1 1 1 1 4 2 1 3 5 2 2 3 2 3 2 4 1 3 2 3 3 4 5 1 2 1 1 2 3 3 4 3 2 5 1 2 4 5 3 5 2 1 1 3 3 2 4 3 3 4 1 1 1 1 4 3 4 4 2 5 4 3 2 1 1 5 4 3 3 1 1 2 4 1 5 2 2 3 4 1 3 5 5 3 2 5 5 5 5 5 4 4 5 2 3 3 5 3 5 2 4 1 1 4 4 1 5 5 1 5 2 2 2 1 3 1 3 1 4 5 2 4 1 5 2 5 4 1 4 1 4 3 4 4 5 1 3 1 2 3 5 2
5 5 5 2 3 4 1 5 1 5 2 4 2 3 4 1 4 4 2 3 2 3 2 1 3 3 5 3 5 4 2 4 5 4 2 1 3 1 4 5 1 3 1 2 4 5 2 4 5 3 4 1 2 5 5 4 4 4 2 5 1 1 4 5 5 3 4 2 5 4 4 1 4 4 2 2 5 3 4 4 3 5 5 4 1 4 5 5 5 4 5 4 5 2 4 4 3 2 1 4 4 2 2 3 5 2 4 3 1 4 1 2 1 4 3 4 5 2 3 5 3 3 1 5 5 2 4 1 1 5 5 5 1 2 3 1 2 3 2 5 5 3 4 1 1 3 3 4 4 3 2 3 3 2 5 5 3 2 1 5 5 1 3 2 3 3 3 5 5 3 5 4 5 5 4 4 1 2 4 1 2 2 1 3 5 4 1 4 1 1 4 3 1 5 5 2 3 1 3 5 1 5 3 1 3 2 4 1 4 2 2 5 5 4 1 0 3 4 4 1 1 3 1 3 5 2 2 5 5 4 2 3 1 1 2 1 2 2 2 3 5 5 4 5 5 3 5 5 5 5 1 3 5 5 3 4 4 1 2 3 1 1 4 1 1 2 2 3 4 5 3 3 4 5 1 3 1 2 2 4 3 1 1 2 2 2 4 3 1 2 3 2 1 4 1 4 1 2 3 4 1 1 2 1 1 2 3 2 4 1 4 1 4 2 3 3 5 3 2 3 4 2 2 1 3 2 4 4 2 4 2 5 5 2 5 3 4 2 5 5 4 1 1 1 2 4 1 2 4 4 5 4 4 2 5 1 5 2 3 3 5 5 4 4 2 4 5 1 4 5 2 3 2 4 5 5 4 4 4 5 3 3 1 4 4 4 2 3 2 2 1 2 3 4 5 3 1 5 3 5 2 5 3 2 2 3 3 1 5 4 2 1 2 1 3 1 4 3 5 4 1 4 2 3 3 1 5 1 4 3 5 1 1 5 1 1 2 2 5 2 2 4 2 4 5 3 2 3 1 2 5 1 5 4 2 3 2 2 1 4 2 4 3 4 1 3 5 3 5 1 4 5 4 1 2 3 1 5 1 3 4 1 4 2 1 3 3 2 4 3 2 4 4 4 2 2 1 1 3 2
5 2 2 4 4 4 5 5 1 2 4 3 5 2 5 4 4 3 2 1 5 5 1 1 1 2 1 1 3 2 2 5 3 1 2 1 5 1 3 1 1 4 2 4 1 2 3 4 1 5 2 4 3 4 2 5 4 5 1 2 3 5 4 2 4 2 5 5 3 1 5 3 2 4 5 1 1 2 3 3 5 3 1 5 5 4 3 1 3 5 4 1 2 4 4 3 5 2 3 3 5 4 4 1 1 1 1 4 3 5 1 2 3 4 1 2 3 4 5 4 2 5 4 4 5 1 5 4 4 4 4 5 5 2 1 5 5 2 5 5 4 2 5 1 5 3 2 2 3 4 1 3 3 4 2 4 4 4 2 2 1 4 5 3 3 1 3 4 5 3 2 1 3 3 1 4 3 4 1 2 3 5 4 1 4 3 4 3 2 3 3 5 1 5 5 2 4 1 4 4 2 3 1 2 1 5 5 1 2 1 1 1 1 1 4 5 0 3 3 1 5 4 4 2 3 4 4 3 5 1 3 4 4 3 1 2 4 3 1 4 2 4 4 1 2 4 1 3 1 1 1 1 3 1 3 3 2 4 4 3 4 2 5 3 3 3 2 2 2 1 4 4 4 3 4 1 1 5 4 5 4 4 3 5 2 4 2 2 5 4 4 5 2 3 3 1 5 5 2 3 2 3 3 5 4 1 4 3 1 1 5 4 3 4 1 3 1 2 3 4 2 5 1 1 1 5 3 3 5 3 2 5 3 2 4 3 5 2 2 1 3 4 4 1 1 5 4 5 2 4 2 2 5 3 5 2 1 5 1 4 4 1 2 5 1 3 2 4 3 1 4 5 3 3 3 2 5 2 4 2 1 2 2 4 1 4 1 1 1 4 4 3 4 1 5 4 1 3 1 4 5 3 1 1 4 4 3 5 5 5 3 2 2 4 5 4 4 2 5 4 5 4 5 3 3 2 2 2 2 3 2 5 5 3 5 3 3 3 5 1 4 1 5 2 1 4 5 2 3 1 3 1 3 5 3 2 1 1 5 1 1 2 4 1 3 4 5 5 2 5 3 3 2 1 3 1 2 3 1 1 1 3 5 1 2 2 4 3 3 1 1 1 1 2 2 3 3 5 2 2
5 5 3 2 3 2 4 2 5 4 5 3 4 2 5 2 4 1 3 4 3 1 4 2 3 3 4 4 5 1 1 2 3 5 5 3 3 5 5 4 4 3 2 4 1 2 3 3 4 4 3 5 2 2 4 5 4 5 4 1 1 3 4 1 3 4 4 2 3 4 1 5 4 3 5 1 3 3 1 2 3 5 4 4 2 4 4 1 1 3 5 1 2 3 2 2 1 1 1 5 5 2 3 5 2 3 4 1 5 5 1 4 4 1 2 3 2 3 3 4 3 3 4 2 2 3 4 5 3 4 4 4 1 1 3 4 5 2 4 1 5 1 5 5 1 2 3 1 1 2 2 5 5 1 1 3 5 5 1 2 2 3 4 4 2 1 5 5 2 5 4 3 2 3 2 5 3 1 2 5 4 2 2 1 2 2 1 4 3 1 2 1 2 1 1 4 4 5 5 4 2 5 2 2 4 2 4 2 5 3 4 2 5 3 4 1 1 0 2 5 3 1 5 3 3 2 5 5 4 5 5 4 4 2 5 5 4 4 1 5 3 1 4 3 5 3 5 1 1 2 4 5 5 1 3 5 1 4 3 3 4 2 3 3 1 3 5 2 3 2 2 5 3 2 2 2 4 4 2 2 5 3 5 3 3 5 3 2 1 2 3 1 4 4 1 1 4 2 4 2 1 4 3 3 2 4 4 2 1 4 1 4 1 5 5 3 1 1 1 1 5 1 4 1 3 4 1 4 4 2 2 2 4 2 1 2 2 5 1 4 1 2 1 2 2 5 5 4 5 2 1 4 2 2 2 3 5 1 5 2 5 2 3 5 1 3 2 2 5 5 1 3 4 3 2 4 3 3 3 1 1 3 1 5 5 1 4 2 5 4 5 3 5 2 2 3 1 1 2 4 1 4 4 4 1 5 2 3 2 5 5 5 5 2 4 1 5 5 1 4 3 3 4 1 2 3 5 4 3 5 2 3 4 5 4 3 3 4 4 3 3 2 1 1 4 2 3 2 4 4 1 5 2 3 1 5 4 2 3 3 2 3 2 1 3 2 2 2 3 3 4 5 2 3 2 2 5 2 1 5 2 5 5 1 3 1 4 1 5 4 5 1 1 5 4 2 4 3 1 2
3 1 1 2 1 1 4 1 5 1 4 4 1 5 3 3 3 1 1 4 4 1 5 1 1 2 1 2 4 4 4 4 2 3 2 3 2 4 5 2 2 3 2 1 2 2 2 3 4 4 1 5 4 2 3 2 4 1 1 3 1 3 3 3 2 4 5 1 2 1 2 2 2 2 1 1 3 4 2 1 5 4 2 1 2 2 3 3 2 2 4 5 2 1 3 3 3 1 1 2 5 2 4 4 3 1 4 4 4 4 3 3 4 5 1 3 2 3 1 2 1 3 4 5 3 1 3 3 2 2 3 2 2 2 3 5 4 2 5 1 2 1 5 2 3 2 1 2 3 1 1 1 1 3 2 2 3 1 3 2 3 4 5 4 4 2 2 3 4 4 5 5 4 2 5 1 5 2 2 4 5 5 4 3 1 1 3 4 5 5 3 2 1 2 4 4 1 1 4 3 1 1 5 1 3 2 5 3 2 3 5 3 3 3 1 5 3 2 0 1 2 4 1 2 1 1 3 4 1 1 2 3 3 1 5 4 1 1 1 1 2 3 3 3 3 1 3 1 1 3 4 2 1 4 5 1 1 5 3 1 5 5 4 1 1 1 3 1 5 2 4 5 2 1 3 5 2 3 5 3 2 4 1 4 1 5 4 5 4 1 3 3 2 1 1 4 2 2 2 1 5 1 5 4 2 5 4 4 1 1 4 4 4 2 3 4 5 1 4 5 4 5 1 2 4 5 5 4 5 5 2 5 5 1 2 2 2 2 3 3 4 4 2 1 2 5 5 2 1 3 4 2 2 3 4 4 4 3 1 3 1 5 2 2 2 3 3 2 5 2 1 4 5 3 3 1 1 1 4 4 5 5 3 4 4 2 5 2 1 1 3 5 3 2 2 4 5 2 1 1 5 1 2 5 3 3 1 5 1 3 1 4 2 1 4 1 3 3 4 5 5 4 5 3 3 4 3 4 2 4 3 5 5 5 1 2 5 2 2 1 4 2 5 2 4 1 5 5 3 3 1 5 5 1 2 4 2 5 5 1 2 1 2 1 4 4 5 1 2 5 5 4 1 3 4 2 2 2 2 2 3 4 5 5 3 1 1 4 4 4 4 3 4 5 1 2 1 2 2 3
1 2 3 4 4 4 5 2 2 1 1 4 2 4 3 1 4 3 4 4 3 4 4 2 3 5 3 3 2 2 2 4 5 3 4 1 5 3 3 4 3 1 4 1 4 4 5 1 5 2 1 3 1 1 2 5 2 2 4 2 3 2 3 5 5 2 4 1 4 5 1 4 2 2 1 1 3 2 3 3 1 2 4 2 5 3 1 1 1 1 4 5 3 3 1 3 4 1 2 5 1 5 3 2 5 3 2 4 5 5 4 4 5 4 4 1 3 5 2 1 4 4 1 1 2 3 4 3 4 1 2 5 4 5 5 1 4 3 5 1 4 1 3 1 4 5 3 3 1 5 1 4 3 3 3 3 1 5 2 2 4 2 4 2 5 5 4 5 3 3 3 1 3 1 4 5 5 4 4 1 3 1 4 4 2 3 5 3 3 4 4 5 3 5 2 3 2 4 1 3 1 4 5 2 2 3 3 3 5 2 4 4 5 3 5 1 2 1 3 0 4 1 4 2 5 3 2 5 1 3 3 4 3 4 3 2 2 4 1 1 2 4 3 3 1 5 3 1 3 4 2 1 1 4 5 2 4 1 3 3 5 3 4 5 1 2 4 2 2 1 2 2 3 5 4 3 1 4 3 4 2 2 1 2 3 3 5 3 3 3 3 4 1 5 3 1 4 2 4 5 3 5 5 2 1 1 4 3 1 4 3 2 4 4 5 2 4 4 3 5 4 4 4 3 3 5 3 4 5 1 3 2 4 5 1 2 1 5 3 2 4 1 2 5 1 5 1 2 3 5 1 3 4 1 3 2 1 2 1 1 5 3 2 2 2 5 2 3 2 4 1 1 4 3 5 2 5 1 2 3 5 1 1 5 1 5 2 5 3 4 5 4 2 5 2 3 2 4 4 5 5 1 4 1 4 4 2 3 1 2 5 2 2 2 3 3 2 5 5 1 5 1 3 4 5 5 4 4 5 4 1 1 4 2 3 3 2 1 2 5 5 3 1 2 3 2 4 1 5 3 4 1 2 5 3 5 3 2 2 4 5 5 3 3 4 1 3 4 3 2 5 5 3 2 1 5 1 2 5 4 4 3 2 4 2 4 2 3 5 2 5 4 5 2 5 3 3 4 3 3
3 5 4 1 3 2 4 5 4 5 1 3 3 3 1 1 3 1 5 2 1 5 5 5 2 5 5 5 4 3 2 1 1 1 2 4 5 3 4 1 3 5 4 4 4 5 3 5 3 4 3 4 5 4 5 1 2 1 1 3 4 2 3 5 4 1 1 5 3 3 2 1 2 1 5 2 5 1 5 5 3 3 2 4 5 5 4 3 1 1 3 2 4 4 4 3 2 2 4 1 5 5 3 2 2 5 2 5 5 1 1 2 2 4 1 4 5 2 5 3 4 3 3 1 1 3 4 2 3 5 3 2 3 4 4 5 4 1 3 1 5 1 4 4 3 5 2 5 2 4 1 1 5 1 1 4 3 2 5 3 5 3 3 1 3 1 1 3 5 3 5 2 3 4 3 2 5 1 5 2 3 1 3 1 2 1 3 2 1 3 1 3 4 2 1 4 5 5 2 2 2 1 1 3 4 5 1 3 1 1 5 2 1 4 5 5 4 3 3 1 0 4 2 2 1 1 2 2 5 2 2 2 2 4 2 1 1 5 5 5 2 5 3 5 5 5 5 1 1 4 5 2 4 2 4 3 2 2 3 4 1 1 2 5 2 4 1 5 2 5 4 2 4 2 4 5 1 5 5 4 3 5 5 5 1 4 5 4 3 5 4 4 2 3 5 2 5 5 5 5 3 5 4 2 2 5 1 1 5 3 3 3 3 2 3 4 1 5 3 2 5 3 4 3 3 2 4 1 4 4 2 2 2 4 1 3 4 2 4 1 2 2 1 5 4 1 5 4 5 1 4 3 5 3 4 3 4 5 4 5 3 5 2 1 2 3 2 4 3 3 4 4 1 5 4 2 4 2 2 2 2 4 2 3 5 1 3 4 2 3 5 3 2 4 1 5 4 5 1 4 5 2 4 3 2 5 4 5 4 3 5 3 3 2 2 3 4 5 3 3 2 4 1 5 2 3 1 1 3 3 3 1 4 2 4 3 4 1 3 2 5 1 1 1 2 1 2 4 4 4 3 4 2 2 1 1 4 5 1 3 2 4 2 1 4 5 5 1 5 2 4 5 1 3 5 2 1 4 5 1 3 5 4 1 4 1 3 2 2 1 4 4 3 2 5 3 1 2 2 3
4 1 1 3 1 5 3 1 4 4 4 4 2 5 3 3 5 3 5 4 1 4 3 5 5 4 2 5 5 2 3 3 2 5 4 2 2 5 3 2 5 3 3 3 4 1 3 3 5 2 2 4 4 2 1 5 5 1 3 5 4 1 1 2 4 4 3 1 4 5 2 4 1 4 1 2 3 2 1 5 1 1 5 4 3 1 5 1 3 2 2 2 2 1 5 2 3 5 2 3 2 1 4 3 5 5 5 1 2 1 1 5 4 1 2 2 2 3 5 1 2 5 1 1 2 4 1 4 1 2 5 1 4 2 2 3 4 5 3 5 1 1 5 5 5 1 2 4 3 5 4 5 3 3 5 2 4 3 1 4 4 4 4 4 2 4 2 1 1 2 4 3 4 5 1 2 1 4 2 5 4 4 2 4 2 4 3 3 5 2 1 4 1 4 1 5 4 4 4 4 2 5 3 5 3 2 2 5 1 3 3 5 1 2 4 2 3 4 3 1 3 0 3 2 2 1 5 1 1 1 1 2 2 1 2 1 1 4 2 1 5 3 1 5 5 1 3 4 1 3 1 2 5 5 4 1 5 2 4 1 1 5 3 4 4 4 5 5 5 4 5 3 5 2 5 4 1 4 1 4 5 1 3 2 4 4 1 5 1 4 1 1 5 1 2 5 2 3 2 4 5 2 5 2 1 4 5 4 4 3 2 5 5 4 2 2 1 2 3 5 1 5 2 3 2 5 1 2 5 5 5 5 5 2 5 3 5 3 2 2 2 5 1 3 3 4 4 4 4 3 4 1 4 5 1 4 4 5 1 4 4 5 3 3 4 4 5 1 4 1 3 1 3 4 1 1 5 1 2 5 2 1 4 1 2 1 3 3 3 4 4 4 3 2 4 5 3 4 1 2 1 3 2 1 3 5 1 5 1 4 4 5 2 4 1 5 5 3 4 1 2 2 4 1 3 3 1 5 3 1 5 4 1 1 2 3 2 4 3 5 1 3 1 5 4 5 1 2 4 1 4 5 4 3 4 2 2 2 3 1 1 1 4 2 3 5 4 3 1 1 5 3 2 5 3 1 2 2 3 1 2 1 3 2 1 1 1 1 2 4 2 3 5 4 4 3 1 5 3 5
5 5 4 1 1 3 3 1 1 4 4 4 4 3 1 4 2 1 1 2 3 3 5 5 4 4 3 3 5 4 1 4 2 3 3 4 5 5 4 5 5 3 2 1 5 3 5 5 2 4 3 1 3 4 2 1 4 1 4 3 4 4 3 5 1 4 4 5 3 3 1 1 5 3 4 1 5 5 2 1 2 1 2 3 5 4 1 5 5 1 5 5 3 1 2 5 1 2 4 3 4 3 1 2 3 4 1 3 2 1 1 3 5 5 1 4 2 4 5 1 5 1 2 3 5 1 3 3 2 3 2 1 2 4 5 4 5 2 4 4 4 3 4 3 5 3 3 1 4 3 4 5 1 5 5 3 5 1 1 2 5 1 3 2 3 4 5 1 3 4 3 2 4 2 4 4 5 5 1 5 1 3 5 1 3 1 5 4 2 3 1 3 5 1 3 5 2 4 3 3 2 1 1 5 1 2 3 5 5 1 5 3 5 5 2 1 3 3 2 4 3 4 0 1 2 1 5 1 5 5 1 2 4 4 1 2 2 4 5 5 3 1 3 3 1 5 3 3 1 2 5 5 1 2 4 2 2 5 1 1 4 1 1 1 3 2 1 3 1 3 2 2 5 3 2 3 2 3 2 4 3 4 4 4 3 5 5 1 5 1 1 1 1 1 5 5 2 1 1 5 3 2 5 4 5 4 2 3 4 2 4 2 5 3 3 2 3 4 3 2 2 1 1 4 1 2 4 4 1 3 3 5 3 2 4 4 2 4 1 4 5 5 1 1 5 5 3 4 1 5 4 4 1 4 4 4 5 5 5 2 4 5 5 1 3 2 1 2 2 5 1 1 5 4 2 1 1 3 2 3 5 3 2 5 5 4 1 1 3 2 2 1 1 1 4 5 1 4 1 4 3 1 3 3 3 1 4 2 4 1 4 1 5 1 1 4 2 3 2 5 1 4 5 4 4 3 1 3 5 2 5 2 4 3 4 2 1 5 3 2 4 3 1 2 3 1 1 4 5 5 1 2 1 5 1 3 4 3 5 3 5 2 3 3 2 4 1 5 3 5 3 3 3 3 4 4 2 5 4 1 5 3 3 1 2 2 2 2 2 1 5 2 4 3 5 4 4 3 5 4
3 5 2 3 2 1 5 3 3 2 2 3 3 5 4 1 1 4 5 3 2 1 2 5 3 2 2 4 3 2 2 5 2 3 1 2 4 2 3 1 2 5 3 4 3 3 5 4 1 3 2 4 3 1 2 4 1 4 2 5 4 1 2 2 1 5 5 5 1 4 2 5 3 3 3 4 1 5 1 3 2 1 1 5 5 3 1 5 4 4 4 2 4 2 3 4 3 5 2 5 1 2 1 3 1 4 3 5 4 2 2 5 5 5 1 1 4 1 2 4 5 2 2 5 1 3 5 1 2 3 5 1 4 5 5 5 5 2 5 1 4 3 4 5 2 4 5 1 1 2 2 2 2 4 5 1 3 4 1 4 5 5 4 3 3 2 1 5 2 4 3 3 1 2 2 5 1 2 4 5 1 4 5 4 1 2 1 2 3 2 5 1 2 2 2 4 2 1 5 2 3 3 1 2 3 5 3 3 1 1 5 2 3 1 5 2 3 3 1 3 3 2 2 0 3 5 1 4 3 2 1 4 5 4 3 2 3 5 5 5 5 2 3 4 5 4 5 3 5 5 1 2 2 1 3 4 4 4 3 5 2 3 5 5 1 3 2 2 4 4 1 1 2 4 5 3 5 1 5 3 2 2 5 1 3 2 3 5 4 2 1 2 2 4 5 1 4 5 3 5 1 2 1 5 4 4 4 2 5 4 1 5 3 3 2 1 2 4 4 2 5 5 3 1 5 5 3 1 5 3 1 2 5 1 5 3 5 5 1 3 4 3 2 2 2 1 3 4 5 1 5 3 3 1 5 4 3 4 2 4 5 2 5 2 4 5 2 4 4 4 3 3 1 1 4 4 4 3 2 4 2 1 4 5 4 5 4 3 1 4 3 2 5 1 2 1 5 1 4 3 5 4 2 2 1 5 5 2 2 4 4 4 4 5 1 3 5 4 4 5 5 1 1 2 1 5 2 3 1 1 5 1 2 5 4 1 5 5 1 4 1 2 5 1 5 5 1 3 5 4 2 3 4 2 3 3 5 2 5 1 1 5 3 1 1 5 2 3 1 5 1 1 3 4 1 5 3 5 4 2 2 2 5 2 3 5 2 1 1 3 1 2 1 3 4 2 4 2 2 5
3 5 1 2 4 5 2 3 2 1 2 4 4 2 3 4 5 4 1 2 4 5 3 2 2 1 1 4 4 4 5 5 5 1 5 2 1 2 5 2 4 5 4 1 1 3 5 3 1 3 1 3 4 2 3 1 3 1 1 5 1 2 2 4 2 4 2 1 1 2 2 4 5 4 4 1 1 2 5 4 2 2 4 4 1 2 4 3 1 1 1 4 2 1 1 4 4 2 4 5 1 5 2 4 2 5 5 1 2 1 4 4 4 4 4 3 4 1 2 1 1 4 5 3 2 3 2 2 4 5 2 3 1 3 5 1 4 5 3 1 4 4 4 1 1 4 4 5 1 3 2 2 4 3 1 3 2 2 3 1 3 1 3 2 4 4 2 2 2 4 5 5 3 5 4 5 1 5 2 5 3 3 2 5 3 1 1 1 2 2 4 4 1 1 2 1 4 5 5 4 4 4 5 5 5 2 1 4 1 1 3 3 5 5 5 3 4 1 1 4 1 4 5 1 0 3 4 2 5 3 4 3 1 1 3 1 1 3 2 4 5 4 1 3 3 4 3 5 1 1 1 1 4 2 2 1 5 5 3 5 3 1 5 5 4 1 3 2 4 4 2 4 2 3 3 1 5 3 2 2 5 4 5 4 1 5 3 5 2 5 2 4 3 5 5 1 5 5 1 1 4 4 3 4 4 1 4 5 4 2 3 4 3 3 5 3 3 1 1 1 5 5 1 1 5 2 5 2 3 5 4 2 5 4 1 2 1 1 2 5 3 4 4 3 5 5 3 3 1 3 2 3 2 4 2 1 4 3 3 2 4 5 4 4 4 2 1 4 3 5 1 2 3 5 4 2 4 2 4 3 1 1 3 1 2 1 2 3 1 4 2 5 1 1 4 1 4 2 2 1 1 4 3 4 4 3 4 4 4 1 2 5 1 2 1 5 1 3 3 1 3 3 2 5 4 3 1 4 2 4 2 5 1 5 1 3 4 5 4 5 5 4 1 1 2 5 2 4 3 5 1 4 1 5 1 2 2 2 4 2 1 1 5 1 3 5 4 3 3 2 3 2 4 5 4 5 5 5 3 4 5 5 1 4 4 4 4 1 1 4 1 1 5 3 3 3 3 3 3 2
1 5 1 2 3 3 2 3 2 4 4 1 5 2 3 3 2 4 1 1 2 1 1 2 3 5 3 4 2 3 4 5 3 1 2 2 3 3 1 5 3 4 3 1 3 1 4 1 4 4 1 2 3 3 1 1 4 5 5 2 1 4 1 4 5 1 2 4 1 4 2 5 2 2 2 3 1 2 2 2 2 1 3 2 5 2 4 3 5 4 1 5 5 4 4 1 3 4 1 3 2 5 4 3 4 1 5 4 5 4 1 3 3 2 4 4 5 5 4 5 2 3 1 5 2 4 2 4 5 1 2 3 3 4 1 4 2 3 5 1 3 4 3 1 5 5 4 3 3 2 2 3 2 4 3 1 4 1 1 1 1 3 2 2 3 5 2 4 4 3 1 2 3 4 5 3 4 2 4 4 4 3 3 4 4 3 5 3 3 5 2 1 1 5 3 1 1 2 2 1 2 2 2 4 3 3 1 4 2 5 4 1 5 4 2 5 1 2 3 5 4 5 1 1 3 0 4 4 4 5 5 3 3 3 2 3 5 4 3 4 5 4 4 4 1 5 1 3 3 1 5 2 3 1 5 4 1 2 3 1 3 3 3 5 2 2 1 2 4 2 5 3 3 4 5 4 3 4 4 2 2 4 3 5 1 1 4 5 1 1 4 3 3 5 3 1 3 2 3 5 2 4 4 1 1 1 1 2 5 3 1 2 4 3 2 1 3 5 3 3 4 5 2 5 1 1 5 2 5 1 1 4 2 3 5 1 3 4 4 5 4 3 5 4 5 1 4 1 2 5 3 5 4 3 3 2 4 2 1 3 3 3 3 1 5 2 3 2 5 5 5 5 4 4 3 1 2 5 2 1 5 4 4 3 3 1 3 5 4 1 1 4 4 2 2 5 3 2 1 3 4 3 4 3 1 4 3 3 1 3 5 4 3 5 1 4 2 5 4 2 5 3 3 1 4 1 5 4 3 3 5 3 3 4 5 4 4 5 3 5 5 3 4 3 4 2 3 1 5 2 3 5 5 4 4 1 4 2 5 1 4 1 4 3 4 3 5 3 5 4 4 3 4 2 5 2 5 1 4 2 5 2 1 3 2 4 1 1 1 3 4 2 5 1 1 1 2 1 5 3
4 3 3 3 4 4 2 2 5 5 3 3 1 5 1 1 1 2 2 5 2 4 2 3 5 3 3 4 5 4 4 5 4 5 2 1 2 3 3 5 3 4 1 1 1 3 4 5 3 2 1 5 3 2 5 1 1 1 4 4 2 2 5 5 3 2 4 4 2 1 5 1 1 2 3 3 5 3 2 1 3 4 4 4 4 2 1 1 3 2 2 5 3 2 3 3 4 5 5 4 2 4 4 5 4 2 2 5 4 1 4 1 3 5 2 2 4 2 4 3 5 1 3 3 2 1 4 1 3 5 3 5 2 4 1 2 1 5 5 2 1 3 3 1 2 4 4 2 1 1 4 2 2 3 2 2 5 5 3 1 2 4 1 4 3 5 3 2 4 3 5 1 4 4 2 4 1 5 2 1 3 1 1 1 5 1 5 1 3 4 1 3 5 3 5 3 3 4 2 5 2 1 5 4 1 4 2 1 2 4 3 2 1 3 5 1 4 4 1 2 3 5 3 1 4 2 0 3 1 1 2 2 1 4 1 5 2 4 2 2 3 2 1 1 3 3 2 5 2 2 2 3 2 5 2 3 1 2 3 5 2 1 4 5 3 1 5 3 2 5 4 1 5 5 4 4 5 4 4 4 1 3 1 4 1 1 3 5 1 5 1 4 1 5 2 4 4 4 2 5 3 4 3 4 2 4 3 1 4 4 4 5 2 2 5 3 4 3 4 4 3 3 3 2 1 2 4 4 1 3 1 3 5 2 5 2 3 4 2 3 4 1 5 5 5 5 4 5 4 2 4 4 1 1 1 4 3 1 4 1 2 1 5 1 2 1 3 1 2 3 3 5 4 5 5 4 4 3 2 2 5 2 1 3 1 2 3 1 1 1 5 3 4 2 5 5 2 5 5 2 1 3 3 3 1 3 1 4 5 5 2 5 4 2 4 4 5 5 4 4 3 2 2 1 3 1 1 4 2 2 2 5 2 3 2 5 1 1 3 4 2 4 3 3 3 5 2 3 4 1 1 2 1 4 2 2 3 1 5 1 5 3 5 1 1 5 5 2 3 1 1 2 3 1 4 5 2 4 3 3 5 5 2 4 2 3 2 1 3 2 4 4 4 3 4 2 3 1 1 5
1 3 5 3 1 1 1 3 4 2 1 4 5 2 4 1 4 1 3 4 2 3 2 1 3 4 5 1 3 4 4 3 1 2 3 3 5 2 5 2 3 1 1 4 3 2 5 3 2 4 5 1 4 5 3 3 4 4 3 5 2 3 5 4 1 2 4 5 4 4 1 4 1 4 2 1 1 1 5 4 2 1 5 2 2 4 1 3 1 3 4 3 1 1 5 3 4 5 5 3 4 1 1 4 4 1 3 5 5 5 2 3 3 1 2 2 3 3 5 4 4 1 5 4 3 4 3 3 5 1 5 5 2 4 4 5 5 2 2 1 2 1 5 4 5 2 3 5 5 4 1 4 1 5 5 3 5 4 1 4 4 3 5 4 5 4 4 2 3 1 4 2 5 1 5 3 2 5 2 2 4 4 2 5 1 1 3 1 1 3 2 3 4 5 2 1 5 2 1 1 5 1 2 2 4 2 3 5 1 1 3 4 4 2 3 1 2 5 3 1 5 1 1 4 3 4 3 0 4 5 1 1 3 4 3 3 1 3 5 4 2 1 5 3 3 4 5 2 5 4 3 1 4 2 1 3 3 3 2 5 4 1 5 5 4 3 3 4 5 3 1 4 2 3 5 3 5 3 5 5 3 4 5 5 5 1 4 3 3 5 4 2 1 5 1 2 4 5 4 3 5 2 5 1 2 4 1 5 4 2 5 2 1 4 3 3 2 2 3 1 5 5 3 5 1 3 3 1 1 2 5 3 2 2 1 1 1 5 2 3 3 1 5 5 4 2 2 4 2 4 3 5 1 4 5 4 4 2 5 3 1 1 4 2 1 1 2 1 5 4 2 3 5 3 2 2 1 3 1 5 3 1 5 1 3 2 3 1 3 3 5 3 3 2 1 3 2 2 5 4 5 5 3 5 4 1 3 5 4 2 5 3 2 4 5 1 5 1 2 4 2 1 5 4 3 2 4 2 4 1 4 3 3 1 2 2 4 1 5 1 3 1 4 4 4 4 1 2 1 4 2 3 1 3 1 2 3 3 1 1 5 2 5 4 4 4 5 2 4 4 4 4 4 1 1 5 1 3 1 2 4 5 2 3 1 3 4 5 2 2 2 2 4 4 5 3 3 2 4 3
1 2 4 3 2 2 3 4 2 1 3 2 2 2 4 2 1 2 5 4 3 5 1 2 1 2 2 4 2 2 3 3 4 1 3 5 2 3 1 4 2 3 2 2 2 1 4 1 2 5 4 2 1 4 1 5 3 2 1 3 4 4 5 4 4 3 5 4 4 5 1 2 4 1 3 2 5 4 4 1 5 2 4 2 5 3 3 4 5 2 1 4 5 1 4 4 5 5 3 3 5 2 4 4 5 4 5 2 3 5 4 1 3 4 2 1 4 3 1 5 4 4 4 2 4 1 5 3 4 2 4 4 3 2 5 2 2 1 2 2 1 4 5 5 2 5 2 3 3 2 4 4 2 2 1 4 4 2 2 3 2 2 4 2 4 5 1 5 2 1 5 5 2 2 4 3 4 2 5 3 3 1 5 2 4 3 5 1 3 4 3 2 4 1 4 5 5 4 5 1 3 3 4 2 2 4 4 3 3 4 5 3 1 3 5 2 5 2 2 2 2 5 3 5 4 5 5 2 0 2 1 1 1 1 3 1 5 1 1 4 3 5 1 2 3 3 4 1 1 3 5 4 3 4 1 4 3 2 5 1 4 3 3 3 4 3 2 4 5 5 3 5 1 1 3 4 2 2 1 1 5 1 2 1 4 2 4 4 4 1 2 1 2 3 2 5 5 2 5 2 1 1 2 3 5 4 5 4 2 3 5 3 5 2 4 4 1 3 2 3 4 1 4 2 5 2 3 4 1 4 2 3 3 1 1 4 1 1 3 2 5 1 1 3 4 1 1 3 1 2 4 2 1 5 5 3 1 5 1 2 1 1 1 2 1 5 4 4 4 2 3 2 2 5 3 1 3 3 4 2 4 1 4 1 2 3 5 3 3 4 4 5 3 1 2 5 4 4 5 5 5 3 2 1 3 4 1 3 3 2 1 5 4 4 3 4 4 1 4 3 3 1 2 1 5 3 3 1 2 3 3 4 5 3 1 3 1 4 1 4 1 3 2 2 1 2 5 5 3 4 3 4 4 3 3 5 5 2 5 1 2 2 3 2 3 5 4 3 3 3 5 2 2 1 4 4 1 2 1 4 3 1 1 4 2 2 1 1 1 2 5 3 1 3 5 1 4 2 5 5
2 5 3 2 2 3 1 4 1 2 1 4 1 2 4 5 3 3 3 4 4 4 2 3 5 1 5 5 1 1 2 2 4 4 5 4 5 3 1 1 2 2 3 2 5 2 1 2 5 2 4 5 4 2 5 4 3 5 2 2 4 2 2 1 4 5 5 3 3 5 2 4 1 1 3 3 2 5 2 3 4 4 1 4 2 2 5 1 4 3 5 1 3 1 5 1 5 1 4 5 5 3 3 1 5 4 2 1 1 1 1 5 1 3 2 3 3 2 4 3 4 4 4 3 4 4 5 4 5 5 1 1 2 2 5 2 4 3 5 2 1 1 1 1 3 2 5 1 5 3 2 4 2 5 3 4 4 3 5 5 1 4 2 3 2 4 4 3 3 5 3 1 2 1 2 3 5 2 4 3 1 1 5 2 3 2 5 4 3 2 1 4 3 4 4 2 3 4 4 4 2 1 1 2 4 4 4 4 3 4 4 3 5 4 5 5 1 2 1 1 1 5 1 5 2 2 3 4 5 0 2 2 4 2 1 4 4 1 4 5 4 5 5 2 4 3 3 2 5 4 3 1 5 1 3 5 5 2 1 1 3 2 5 2 1 3 3 4 5 5 1 3 2 3 1 1 1 3 2 2 4 5 5 3 4 3 5 4 5 5 1 4 5 5 3 3 1 2 5 4 2 5 3 5 3 3 4 4 2 1 1 5 5 5 2 1 5 2 3 2 2 5 1 4 3 4 3 4 5 2 4 5 4 2 3 2 4 1 1 2 4 3 5 1 4 4 2 2 3 5 1 1 2 3 3 3 4 3 1 2 3 3 3 5 3 4 3 1 2 2 5 5 3 5 1 2 1 1 4 5 5 1 2 5 5 4 1 3 2 3 5 5 1 1 3 5 2 5 2 2 2 5 1 1 5 2 2 2 3 5 1 2 1 1 2 1 2 4 4 5 2 4 5 1 1 4 5 1 2 3 2 1 3 4 2 2 2 4 5 5 4 2 2 5 4 3 3 4 5 5 3 2 4 4 4 5 5 2 5 2 2 5 2 1 2 3 2 1 3 2 4 4 2 3 5 3 5 2 1 3 2 3 3 1 3 4 1 3 2 1 3 1 1 4 3 2 4 4 5 5
5 5 5 4 2 1 4 2 3 3 4 4 5 3 3 1 1 3 5 1 5 5 2 2 5 1 2 1 5 1 1 3 2 5 1 2 3 1 1 2 4 3 2 3 4 5 4 3 2 1 5 3 3 1 2 1 1 5 1 2 1 1 2 3 4 4 2 3 1 1 4 3 4 3 2 3 4 2 1 5 2 3 5 2 4 3 3 3 4 3 1 2 4 4 5 4 2 1 4 4 1 1 3 1 2 2 4 2 4 3 4 4 1 2 2 4 4 4 2 4 4 2 3 5 1 4 5 4 2 2 1 4 3 2 2 4 5 5 3 5 4 1 2 3 1 4 4 2 1 5 3 3 5 5 1 4 1 2 2 3 4 3 5 4 2 1 1 5 5 2 5 4 2 1 4 1 2 2 5 2 4 5 5 5 4 1 2 4 4 5 5 4 4 5 5 5 2 1 1 1 2 3 1 3 5 1 4 1 4 1 5 1 5 2 1 3 4 5 1 4 1 5 3 2 1 4 2 3 2 2 0 3 4 1 5 2 1 4 3 2 4 5 2 1 2 5 5 2 5 1 5 5 5 2 4 2 2 3 1 1 1 4 3 4 1 1 5 2 2 2 5 3 3 4 2 4 2 1 3 2 1 3 1 3 5 2 3 4 5 4 5 5 2 3 1 4 1 5 3 3 3 3 3 4 1 4 1 4 1 3 5 1 1 5 3 2 3 5 4 4 3 1 3 4 4 1 5 3 4 5 5 5 2 1 3 3 2 1 5 5 3 4 3 3 1 3 2 1 4 5 5 4 4 2 4 5 3 5 3 3 1 3 1 2 5 4 1 4 3 3 2 4 2 4 5 1 2 4 3 2 5 4 2 4 5 2 2 4 3 2 2 5 3 3 3 5 1 3 1 3 4 4 3 4 2 1 3 3 4 1 5 2 3 5 2 1 2 4 3 3 1 1 2 2 3 1 2 4 3 5 1 4 1 4 2 2 4 3 1 3 2 5 3 3 2 3 4 3 5 2 1 3 2 2 1 1 2 4 1 4 4 4 5 4 5 4 1 4 5 3 3 3 4 1 1 5 4 5 5 4 3 4 5 1 2 2 4 3 1 3 1 1 5 2 2 3 3 5 3 2
1 5 1 3 1 2 1 1 4 4 5 5 5 2 4 1 2 4 1 1 2 3 1 3 1 3 2 1 4 1 5 4 1 3 3 2 3 5 1 4 3 4 4 1 2 3 1 1 5 3 2 4 3 2 2 5 3 1 5 3 4 1 1 3 3 3 1 2 4 1 3 5 4 1 3 3 5 5 1 1 1 1 2 2 4 4 4 1 5 3 5 1 1 5 2 1 1 1 1 1 3 5 4 5 4 1 4 2 5 4 2 1 5 3 4 4 5 4 2 4 3 5 2 4 4 3 3 5 3 4 2 1 5 1 5 3 2 3 5 2 1 1 5 5 5 3 4 5 3 2 2 2 3 3 5 3 4 1 3 3 1 2 1 3 5 1 5 5 4 3 5 1 5 4 4 1 1 4 4 2 4 1 2 1 4 3 3 1 2 2 4 5 4 5 1 1 3 5 4 5 4 3 4 1 1 1 5 4 4 2 2 1 2 2 5 2 5 2 4 4 5 3 5 3 1 4 3 5 1 4 1 0 1 5 4 1 3 1 1 5 5 1 5 2 2 5 5 4 3 4 4 3 5 2 4 5 1 4 3 4 2 2 3 4 5 2 3 4 4 1 5 3 1 3 4 2 2 5 2 5 1 5 2 2 2 5 1 5 3 3 5 3 1 4 3 5 4 4 3 5 4 5 2 3 5 2 3 1 5 3 1 5 4 5 5 3 1 2 1 4 5 5 3 5 3 2 3 4 3 2 5 3 2 4 3 2 3 1 5 5 5 4 5 1 2 4 4 5 3 5 3 3 2 4 3 5 2 4 2 2 1 1 3 1 4 2 1 2 4 1 1 1 2 3 2 3 5 3 2 1 2 4 4 2 4 4 4 5 5 3 1 2 4 2 5 1 1 1 1 4 2 3 3 1 5 5 4 3 1 1 1 4 5 3 5 4 1 3 3 4 2 4 4 3 4 5 5 2 2 5 2 5 1 5 2 1 2 3 3 1 3 2 1 1 3 3 1 5 3 2 5 2 1 4 5 1 3 1 3 3 2 1 1 5 2 3 1 4 4 1 5 1 1 5 2 3 2 5 4 5 4 2 1 1 3 4 1 2 1 1 1 1 4 2 4 3 4 1 5 2
3 2 1 1 2 4 1 3 2 4 3 2 3 2 2 3 5 2 5 1 1 1 1 2 5 4 3 3 4 1 1 5 1 4 4 4 4 4 1 1 1 5 2 4 4 5 1 1 5 5 2 3 2 4 1 3 2 2 4 3 4 2 2 5 1 1 1 5 1 3 2 1 4 3 4 3 2 1 2 4 1 1 3 3 5 2 2 3 5 3 4 1 5 1 3 2 5 1 3 1 5 1 3 3 1 4 1 4 4 1 4 2 5 2 3 4 1 4 4 2 4 2 5 3 3 4 2 3 2 2 4 2 4 4 3 1 3 3 2 5 2 1 3 1 3 3 5 4 5 5 4 5 5 2 3 3 2 4 5 2 2 5 5 1 4 3 5 3 2 4 4 4 3 1 5 1 3 1 3 2 3 2 3 3 1 1 4 4 2 4 4 3 2 3 4 5 1 2 1 4 4 5 4 2 1 1 1 3 4 5 2 4 4 2 5 1 5 5 4 3 4 3 1 4 1 3 5 3 4 1 3 1 0 5 3 1 4 4 2 3 1 2 3 5 4 2 4 3 2 2 4 1 4 4 3 5 1 3 4 2 4 5 1 1 4 3 4 5 3 3 2 3 2 2 5 2 5 2 3 4 4 3 3 2 4 4 1 5 5 2 5 2 1 3 3 2 4 2 2 2 1 5 4 5 5 1 5 2 2 3 4 5 2 1 5 3 3 1 1 2 3 5 1 4 5 5 4 4 5 2 1 2 1 3 4 4 2 3 5 3 4 5 2 1 4 1 2 3 4 1 3 2 5 3 1 5 3 5 4 5 5 2 1 5 3 4 5 1 3 3 2 2 5 1 5 1 5 1 5 1 3 4 2 2 4 4 5 1 5 4 5 1 2 4 5 4 5 2 5 3 2 3 2 2 3 2 1 5 4 3 5 3 2 3 1 2 4 1 2 4 2 3 4 1 2 3 4 5 2 5 2 4 5 5 4 1 5 5 2 5 1 1 5 2 1 5 2 5 5 3 4 2 1 3 2 2 1 3 2 2 1 3 4 5 2 1 1 3 4 1 4 1 1 3 2 4 1 2 4 3 4 1 3 5 2 2 4 2 2 4 3 1 5 2 3 3 4 1 3 3
1 5 1 3 2 4 5 1 1 2 1 5 5 1 4 5 1 4 5 4 3 4 5 2 3 5 2 1 4 3 1 5 1 3 1 3 5 5 5 3 5 4 3 1 1 4 5 1 3 4 4 5 1 5 2 2 5 2 1 5 1 5 3 3 5 5 3 5 4 4 1 1 2 2 2 2 5 1 4 4 2 1 2 4 2 1 1 3 3 3 2 2 2 2 5 4 4 4 5 1 3 3 1 4 1 5 3 3 4 5 3 3 3 3 3 2 4 4 1 5 4 3 1 5 3 1 5 2 2 2 4 1 5 4 1 2 2 2 3 1 1 3 1 4 5 3 2 5 4 1 1 2 4 3 4 3 2 1 4 2 3 5 4 2 5 5 4 1 1 1 2 3 3 2 1 3 3 4 4 3 3 5 5 1 1 3 4 2 2 3 5 5 4 2 2 5 1 3 4 2 5 2 4 1 1 5 4 1 3 2 2 3 1 3 3 3 2 1 1 2 4 5 2 4 5 2 1 2 5 3 1 2 3 0 3 5 2 5 1 4 1 5 4 4 3 5 3 2 1 1 3 2 4 5 2 2 3 4 3 5 2 2 5 5 3 1 1 5 4 5 2 3 2 4 4 4 4 3 1 3 5 3 1 3 4 5 1 5 1 5 5 1 2 3 4 1 2 1 3 1 2 2 4 2 2 3 3 5 5 3 3 2 1 4 3 4 3 4 1 3 2 5 2 4 2 2 1 2 3 1 5 2 3 1 4 3 2 4 5 2 1 4 3 1 5 1 2 2 5 1 3 5 3 1 1 1 4 1 2 2 4 5 4 4 3 3 3 1 3 4 2 5 5 2 4 1 4 5 4 3 1 1 1 1 3 1 1 2 5 4 2 2 4 4 1 2 1 2 5 2 2 5 1 2 4 5 2 1 1 2 4 4 3 1 4 4 2 2 4 2 5 3 1 3 5 5 2 3 1 2 1 4 5 5 5 5 5 5 4 5 2 5 3 5 1 4 5 5 5 4 4 5 4 4 2 4 1 4 4 2 4 1 3 2 2 4 1 5 1 5 4 4 3 2 5 3 5 5 2 2 3 5 4 3 2 5 1 1 4 1 5 3 5 1 3 2 3 3 1 3
2 4 5 1 1 4 4 3 5 4 1 3 2 1 2 4 3 4 1 3 1 3 3 2 1 3 4 1 5 2 5 4 2 2 5 4 4 3 3 1 1 2 4 1 4 4 4 2 3 3 5 5 5 4 3 1 3 2 5 2 1 1 4 2 4 3 1 4 4 4 4 5 4 3 1 1 5 2 3 4 2 1 4 5 3 5 4 4 2 1 2 1 1 2 5 3 3 4 4 5 3 1 4 3 1 1 2 2 5 4 1 3 2 2 4 2 4 5 2 3 5 2 1 4 5 1 2 4 2 4 3 4 2 2 2 2 4 2 1 5 3 4 3 2 1 2 2 5 4 1 4 5 2 3 1 3 1 2 4 3 1 3 5 1 1 2 3 2 3 2 1 3 4 4 2 5 1 5 4 5 2 5 2 4 3 3 2 4 5 3 5 2 4 5 4 5 3 5 5 5 3 5 3 3 4 2 2 5 4 1 4 2 2 2 2 5 2 4 5 2 4 2 1 4 3 5 1 4 1 2 3 1 4 3 0 3 2 5 2 4 3 4 1 3 2 1 3 5 2 4 2 3 1 4 4 5 1 3 2 4 4 2 4 3 3 4 5 1 5 1 3 4 2 2 3 5 2 4 2 2 1 5 1 2 1 1 2 5 2 5 4 1 2 4 1 5 1 1 1 2 1 3 5 3 2 3 4 4 3 4 5 3 5 1 3 3 5 3 3 1 4 3 3 4 1 3 5 3 2 1 5 4 5 3 3 3 1 3 2 1 1 1 2 3 2 2 1 3 1 2 5 4 3 4 2 3 2 4 2 5 3 2 5 4 3 2 2 1 3 5 3 4 5 2 3 4 4 5 1 3 4 5 4 5 3 5 4 3 2 3 5 3 1 1 3 4 1 3 1 3 2 1 4 2 4 5 3 1 4 3 2 4 3 4 4 5 2 5 5 3 1 2 3 1 2 2 1 4 4 1 2 1 3 4 1 4 2 1 3 3 1 2 2 1 2 2 3 5 3 5 5 3 4 3 3 4 3 5 1 1 4 3 3 3 5 3 4 2 1 4 2 2 3 2 5 1 2 5 5 2 1 5 5 4 1 2 3 2 1 4 1 2 2 3 5 4 2 1 2 5
5 5 2 2 3 1 5 4 2 2 5 2 4 2 3 3 2 4 5 3 2 2 4 2 2 1 3 5 3 2 2 5 2 4 4 1 4 2 4 1 5 5 4 4 2 3 2 5 2 1 2 1 2 5 2 1 2 2 1 1 1 2 1 4 4 4 1 4 3 2 4 3 3 3 3 3 1 3 4 3 2 5 2 2 1 5 1 3 2 5 2 5 5 2 1 2 2 3 5 3 3 1 3 2 1 4 5 5 1 1 1 3 2 5 4 2 3 5 2 2 4 1 1 2 1 2 1 2 2 1 3 1 4 1 3 4 5 4 2 1 5 3 5 1 1 2 5 4 1 5 3 4 5 3 1 3 3 3 1 4 1 2 1 3 5 5 2 1 5 2 2 4 2 4 1 1 1 5 3 2 1 4 3 3 1 4 4 2 5 1 2 1 3 2 4 5 3 1 3 3 4 2 4 3 4 1 3 1 2 3 5 4 2 4 1 5 2 1 1 5 2 2 2 1 2 5 5 5 5 3 4 1 2 2 1 0 1 3 3 1 1 1 1 5 2 3 2 2 2 4 5 4 1 3 3 1 5 3 3 5 1 5 3 4 5 1 5 4 2 3 3 1 3 2 2 3 2 1 3 3 4 3 2 4 1 2 3 1 3 4 2 2 2 4 3 1 4 1 2 5 3 5 3 3 3 1 2 2 3 2 2 3 1 2 2 4 5 1 4 3 4 5 4 3 1 4 3 3 5 1 1 2 3 1 2 2 5 4 5 5 3 3 3 3 3 3 1 5 3 3 1 5 3 3 4 3 4 4 1 4 3 2 3 2 2 3 1 2 2 2 5 4 4 2 4 1 4 3 2 1 3 1 1 3 3 4 3 2 3 4 2 1 4 2 2 4 5 1 3 2 3 4 4 2 5 4 3 2 4 5 4 5 2 1 2 2 3 5 1 4 2 4 3 3 1 3 1 3 2 3 4 2 1 5 3 4 1 2 5 2 4 1 2 4 3 1 4 3 3 5 4 1 4 3 4 3 5 1 4 5 2 1 1 3 1 5 5 4 5 3 2 4 2 1 2 4 2 5 3 4 5 3 3 5 3 2 1 2 5 2 5 2 2 3 2 3 3 2 5 3
3 1 2 3 2 5 3 5 3 2 1 1 1 1 1 3 4 4 1 4 2 2 3 5 3 1 1 5 3 1 2 3 2 4 3 2 1 5 3 1 3 4 3 2 2 2 2 3 5 4 1 2 4 3 2 4 2 1 2 5 1 1 4 2 4 2 1 5 4 5 2 3 3 4 4 1 5 1 3 4 5 2 5 5 2 4 4 2 3 1 4 4 4 1 5 5 5 1 2 2 1 5 2 3 5 2 1 2 2 2 2 4 4 2 2 4 4 3 4 5 4 4 4 4 1 3 3 3 1 2 4 5 2 5 4 4 2 5 4 2 4 4 2 5 1 4 4 3 4 4 1 3 2 1 5 3 3 5 5 5 5 2 5 3 5 5 5 5 3 2 2 3 3 5 1 5 4 4 1 4 2 3 1 2 1 1 1 2 1 5 2 3 2 3 1 1 3 1 3 1 4 1 2 4 2 1 1 4 2 1 4 3 3 5 4 2 2 3 2 5 3 1 3 3 3 1 2 2 1 3 4 3 2 3 1 5 0 1 4 4 3 4 4 4 4 1 3 3 5 2 3 2 5 4 2 4 5 3 4 5 1 5 3 5 2 5 1 4 5 2 4 1 3 4 1 4 5 2 5 1 4 4 5 4 3 4 4 5 1 1 4 3 5 3 1 3 2 3 1 5 3 3 5 4 3 4 1 1 4 4 1 1 4 1 2 3 1 1 2 2 4 1 3 2 1 2 2 1 5 2 2 5 1 1 4 3 5 3 5 3 1 3 2 1 4 4 1 1 5 5 3 5 1 4 3 3 4 1 3 1 5 1 4 4 2 3 2 3 1 3 5 1 1 1 5 3 5 5 3 5 1 4 2 3 4 5 2 5 4 2 1 5 4 1 1 2 2 3 3 1 4 3 3 1 5 2 5 5 1 1 5 2 3 1 2 4 2 4 5 4 3 5 5 5 1 5 1 4 1 3 4 5 2 1 2 1 4 1 4 3 1 4 3 4 3 2 5 4 5 3 3 1 5 3 4 1 3 4 1 3 3 5 1 5 2 3 1 3 2 2 2 4 3 2 5 5 2 1 2 2 4 3 1 4 4 3 2 5 4 4 1 4 2 2 4 3 5 4 4 1
3 5 2 2 4 3 5 1 4 4 3 3 1 1 2 2 1 3 2 5 1 4 1 3 3 2 2 3 4 2 4 3 3 5 3 1 2 3 2 3 4 5 2 1 5 2 1 1 1 1 1 2 4 1 3 3 1 1 4 2 2 3 1 5 4 2 2 1 3 3 2 3 5 3 1 4 5 4 3 5 3 3 2 5 1 4 4 5 2 3 3 4 5 3 2 1 2 4 1 1 1 4 2 2 5 3 4 4 4 3 1 1 2 5 2 3 3 5 5 2 4 2 4 3 3 3 5 2 1 5 5 5 3 4 3 5 3 5 4 4 3 4 5 5 1 5 4 1 3 5 3 3 5 2 2 2 4 1 5 2 5 5 5 2 5 1 4 1 5 2 5 2 1 3 2 2 4 2 4 4 5 1 4 2 4 2 4 1 4 3 5 4 2 2 1 3 5 3 2 5 1 5 3 4 4 1 4 4 2 3 2 2 5 3 5 2 2 3 2 4 2 2 1 3 5 3 4 4 2 2 1 4 5 3 5 2 5 0 4 3 4 2 4 5 4 3 3 4 3 3 1 1 1 1 1 1 3 3 2 5 4 5 3 5 5 3 4 4 2 1 3 5 2 4 2 3 1 5 3 1 1 3 4 2 2 2 1 3 1 1 1 2 3 4 2 1 2 4 2 4 1 2 2 5 5 3 5 2 3 2 3 3 5 3 1 4 3 1 3 2 5 3 4 5 5 1 5 1 2 5 5 1 5 4 5 3 4 4 2 5 3 4 1 2 5 3 2 3 5 1 5 5 1 1 2 2 5 2 2 5 4 1 4 4 2 4 1 2 4 1 3 2 4 3 4 1 4 4 2 4 2 1 4 2 4 3 5 5 1 3 5 1 4 2 2 5 4 2 4 1 5 1 1 2 3 3 5 1 4 5 1 5 2 5 5 5 4 1 5 4 4 4 4 5 1 4 3 1 1 3 1 5 2 5 1 2 2 2 1 1 4 4 3 1 1 1 4 3 4 1 4 4 3 3 1 4 2 4 4 2 3 2 2 4 5 5 3 5 4 5 1 1 3 2 1 3 2 3 5 3 1 2 2 1 3 1 1 3 4 2 1 3 1 5 5 2 4 3 5 2
4 1 1 4 3 5 1 1 1 5 4 4 1 3 5 2 3 4 1 1 1 3 1 3 4 5 1 3 2 1 5 3 2 2 5 5 4 5 1 2 3 1 3 3 1 2 5 2 4 1 5 3 3 1 5 4 5 3 3 3 1 1 3 5 4 1 1 1 1 4 3 2 2 1 3 4 3 4 2 1 4 2 4 1 1 2 4 4 5 5 4 2 2 4 5 5 3 4 4 1 5 2 3 3 5 5 4 3 3 5 1 2 5 5 1 1 5 2 3 3 3 4 1 1 4 1 5 1 1 1 3 5 4 2 4 2 4 3 3 3 5 4 5 1 1 4 4 4 1 4 2 5 3 2 1 2 4 3 3 3 3 1 1 3 4 2 5 1 5 5 4 1 1 2 4 3 2 1 5 5 2 4 1 3 3 3 1 2 4 1 3 2 1 5 1 3 4 1 2 2 4 3 1 5 1 4 4 5 4 5 5 2 4 4 5 2 4 2 2 4 3 2 2 4 1 4 2 2 1 3 3 2 1 2 3 5 3 3 0 1 5 5 5 3 5 5 5 5 5 2 2 3 5 4 1 5 4 5 2 4 4 4 1 2 4 2 4 1 2 3 1 2 1 5 3 3 2 1 3 5 3 3 1 5 4 2 4 4 1 5 3 3 3 5 5 4 5 1 2 2 5 4 4 2 3 5 2 2 5 3 3 1 1 4 1 3 1 3 4 1 3 3 1 2 4 1 3 3 5 2 1 3 1 5 5 4 5 4 5 2 3 3 5 5 4 1 2 5 5 2 4 4 2 4 3 5 2 1 2 2 2 2 4 5 4 1 5 1 4 1 2 1 1 4 2 5 2 4 3 3 4 3 1 2 5 1 2 2 5 2 4 5 1 4 1 4 3 3 3 5 1 5 4 4 2 3 2 1 2 3 1 5 2 1 5 2 4 3 2 1 5 3 1 5 1 2 2 4 3 4 5 3 2 5 4 3 1 4 4 1 1 1 5 3 2 3 5 2 4 3 4 4 2 5 5 1 4 4 5 4 5 2 4 1 3 1 1 2 1 2 3 5 2 2 4 1 3 5 2 3 2 5 1 2 4 4 3 2 5 4 5 1 3 5 4 2 4 5 2 3
3 5 4 2 4 4 1 3 3 5 2 5 2 4 2 5 2 3 2 1 2 4 5 3 2 3 5 4 3 3 3 3 3 4 4 2 5 4 3 5 3 5 2 4 4 2 1 1 3 5 4 2 2 4 4 5 5 2 1 2 4 1 2 1 1 4 3 1 4 3 3 5 1 3 1 4 4 4 3 3 2 5 1 4 3 1 5 5 4 1 4 2 4 3 5 2 1 4 1 4 5 1 3 4 1 2 5 3 1 4 1 1 5 4 3 4 2 4 4 3 3 2 2 5 2 4 4 5 4 3 5 5 3 3 2 5 4 1 3 2 4 1 3 3 2 3 4 5 2 1 4 5 3 2 1 4 3 5 2 2 5 3 2 2 2 1 5 1 1 5 4 4 1 4 1 4 2 5 5 4 5 3 4 3 5 1 5 3 3 1 1 2 4 5 2 1 2 4 1 1 3 3 2 2 5 2 4 2 1 5 2 3 5 2 3 2 5 2 5 1 2 1 5 2 2 5 4 4 2 1 4 2 5 1 3 1 4 3 1 0 4 5 4 3 5 3 2 2 3 3 1 4 4 3 1 1 5 5 3 1 3 1 5 1 3 5 3 5 5 2 1 5 3 4 1 2 3 1 3 2 3 2 2 4 3 4 2 1 4 1 2 1 3 3 2 3 1 2 1 3 3 5 4 4 1 2 1 5 1 3 2 5 2 5 1 1 1 4 3 1 4 3 2 3 1 2 2 2 2 2 1 5 1 2 2 2 1 2 4 4 4 2 4 5 3 2 1 4 1 1 5 3 3 1 5 3 1 3 1 3 3 1 4 5 3 1 2 3 1 1 2 4 1 4 1 5 5 3 4 4 1 2 5 1 5 3 4 2 1 1 4 5 3 2 4 5 3 3 5 3 2 1 2 5 2 4 1 1 1 5 3 3 4 1 3 1 5 1 3 5 3 1 4 5 2 2 3 4 5 2 2 4 1 5 1 5 3 4 1 5 5 1 3 5 5 1 2 1 3 5 4 4 2 4 1 4 2 4 5 3 1 4 3 2 1 4 4 3 3 4 5 1 1 2 4 4 1 5 3 1 4 1 3 3 2 4 4 3 3 2 5 4 4 5 1 4 5 4 5 1
1 2 4 2 4 5 3 5 5 3 2 5 5 2 1 4 3 3 1 5 3 4 5 1 5 2 4 2 1 4 5 2 3 3 5 2 3 4 3 5 1 1 3 2 2 4 2 1 4 3 3 5 5 2 3 2 1 5 3 3 4 4 4 1 2 4 5 5 3 5 5 5 2 3 1 1 1 1 3 2 1 1 2 5 1 2 4 2 5 4 5 3 1 4 2 4 4 5 4 4 5 3 3 3 4 3 4 2 1 5 2 1 4 4 4 4 3 3 5 5 4 2 4 4 1 4 3 3 5 4 1 2 4 3 4 5 5 3 3 2 2 4 5 5 1 5 1 1 1 3 4 3 2 3 5 5 4 4 5 4 2 3 3 3 5 1 4 5 5 4 2 2 2 3 4 1 5 2 1 4 5 3 2 1 5 2 2 1 3 3 1 1 5 2 3 1 1 4 4 4 2 3 1 5 1 5 5 5 2 2 2 2 2 2 4 1 3 5 3 2 2 2 5 2 4 3 3 3 3 3 3 2 5 1 2 2 2 2 4 2 0 1 2 4 4 2 3 3 1 5 4 1 1 2 5 1 5 2 2 5 2 3 4 3 3 4 1 4 3 5 2 4 1 3 2 1 3 5 3 5 4 4 3 5 2 5 2 5 2 4 3 5 3 4 5 2 5 1 2 2 2 4 1 1 4 4 2 4 3 1 5 4 1 1 4 3 2 5 3 3 3 1 4 5 2 5 1 2 5 3 2 5 4 4 3 1 5 2 1 2 4 3 2 5 5 1 1 1 2 5 1 4 5 5 4 4 2 3 2 3 3 3 4 2 4 4 4 4 1 4 2 3 2 1 5 1 5 4 2 4 2 3 5 5 5 2 5 1 2 2 5 4 2 1 1 1 4 1 1 4 3 3 1 5 5 1 3 5 1 5 2 5 4 1 1 4 4 2 5 4 3 2 3 1 2 2 5 2 2 1 4 2 3 5 5 1 5 2 1 2 3 3 4 3 3 3 3 3 5 1 4 3 1 1 5 3 4 5 2 1 3 2 3 3 4 5 3 2 2 2 5 5 2 3 5 2 1 3 4 4 4 1 3 2 3 1 4 4 1 2 2 2 5 2 5 3 5 5 4 4
1 3 1 3 1 1 5 3 1 5 1 5 1 4 2 5 3 5 2 1 5 4 4 5 1 3 1 4 2 4 2 1 1 5 2 4 5 1 4 4 1 5 3 2 4 1 5 1 5 3 4 2 5 4 2 3 5 3 4 4 3 2 3 2 2 3 4 1 3 5 3 2 5 3 2 2 1 3 3 5 2 2 5 5 2 3 1 2 5 3 1 2 4 3 5 4 5 3 4 2 2 3 2 1 1 5 1 4 4 5 2 5 1 4 1 2 3 3 4 1 4 2 2 5 5 4 5 5 2 5 4 1 4 3 5 3 3 2 4 4 2 4 2 5 4 3 2 3 2 1 4 1 1 1 4 2 5 2 2 1 5 2 5 1 3 5 1 1 3 3 5 3 5 3 3 2 2 1 2 3 5 2 1 3 3 3 1 3 5 4 3 2 5 4 2 2 3 1 4 3 5 3 5 4 2 2 3 3 4 3 4 4 3 4 1 2 5 3 2 2 4 5 5 3 4 3 1 5 4 3 2 3 1 2 2 1 3 1 1 3 2 0 1 1 3 1 5 4 4 5 4 4 5 3 4 3 1 4 4 1 3 1 3 2 5 1 3 5 5 5 5 5 3 2 2 3 3 3 1 5 5 1 3 3 2 5 5 4 2 5 2 3 1 1 3 1 4 2 1 1 1 5 2 5 1 4 4 4 3 1 2 1 3 5 1 3 4 5 4 4 2 3 2 2 5 3 4 4 5 4 2 5 1 5 3 4 4 4 4 2 5 2 2 1 4 3 3 4 2 4 1 1 5 2 4 1 1 4 1 3 2 3 2 3 4 2 3 3 3 2 5 5 4 2 3 2 2 2 4 4 5 3 3 4 2 5 2 5 5 4 4 2 2 2 2 3 5 5 3 3 3 3 4 4 2 5 2 3 5 4 2 1 4 1 2 4 3 5 4 5 1 5 5 2 4 5 3 3 2 2 2 5 3 1 1 2 1 5 2 1 5 1 2 4 3 2 4 5 3 3 4 1 2 3 3 4 4 2 1 1 2 3 5 4 5 2 5 1 2 4 3 3 2 1 3 4 5 4 2 1 2 2 4 4 4 4 4 4 2 3 4 4 2 4 2 1 5 2 4 1
3 2 3 4 1 2 3 5 2 3 1 1 1 3 4 5 4 3 3 1 1 3 3 2 1 3 3 5 1 3 3 5 3 1 2 2 3 4 5 3 5 1 3 1 2 3 5 1 3 1 4 1 4 1 4 3 2 3 5 5 4 2 2 4 4 5 4 5 5 1 5 4 1 3 5 3 5 1 2 3 2 4 2 4 5 1 5 5 3 5 1 1 2 1 5 2 3 5 2 5 2 1 3 1 2 3 5 5 3 1 3 4 5 5 1 3 1 1 3 4 1 5 1 5 5 3 2 2 3 3 1 3 1 1 3 4 4 2 5 2 4 1 1 5 3 4 5 2 5 3 1 1 1 4 2 5 1 4 1 1 2 4 2 3 1 4 1 3 4 4 3 1 5 5 4 3 2 4 3 1 3 1 3 1 1 5 2 2 5 2 5 2 2 5 4 3 5 5 4 2 3 2 4 3 3 2 3 2 1 5 3 5 1 4 1 3 4 4 2 1 2 3 1 1 4 4 4 2 1 1 4 3 5 1 5 1 2 4 4 5 1 4 0 2 4 2 3 5 1 5 5 4 5 4 5 3 3 2 3 2 1 1 3 1 4 3 2 4 4 1 3 2 4 3 1 1 3 5 3 3 1 1 2 4 3 4 5 5 2 5 1 2 2 4 5 2 4 5 4 3 5 4 5 1 2 3 2 5 2 2 5 2 1 2 4 3 2 5 2 5 3 3 3 4 5 3 4 4 1 4 1 3 2 5 1 2 1 3 2 4 3 2 2 2 3 3 1 5 5 2 2 3 1 5 5 2 1 4 5 3 5 4 1 4 4 4 4 3 3 2 2 5 3 5 1 2 4 5 5 4 1 1 5 2 2 4 4 1 5 2 1 4 4 3 5 1 1 5 4 1 2 2 4 4 1 1 4 2 2 1 1 4 2 3 1 2 3 4 5 3 4 3 5 2 4 2 2 1 2 5 1 4 3 1 5 4 3 1 2 1 4 5 1 4 2 5 2 4 3 2 2 4 3 4 5 4 2 1 2 4 3 4 3 3 5 5 1 2 3 2 4 3 4 2 1 1 5 3 4 5 2 1 4 5 2 3 3 3 2 4 1 2 1 1 1 1 2 2 2 4
2 3 5 4 1 1 4 5 5 4 3 4 4 2 2 2 4 3 1 1 2 4 1 4 3 3 5 2 1 4 1 3 3 3 1 3 5 2 1 3 1 2 3 2 5 1 4 1 1 4 1 2 2 5 1 5 3 5 4 3 1 1 3 1 4 5 2 4 5 1 5 5 3 4 2 4 1 3 2 4 3 2 1 5 2 5 5 3 5 4 2 4 1 2 2 2 2 4 1 3 1 4 1 5 3 4 3 4 5 4 3 4 4 5 3 2 2 5 2 3 5 1 3 1 1 3 1 4 3 5 1 4 4 1 2 5 5 5 4 5 1 3 2 4 3 5 4 3 4 3 1 2 3 5 4 4 3 3 2 4 3 1 3 4 5 1 2 3 3 1 5 5 2 1 5 3 2 3 5 5 5 3 5 2 3 5 5 1 4 2 5 4 2 2 4 5 2 4 3 1 1 5 5 3 4 2 4 4 4 5 4 5 4 2 3 4 4 2 5 2 5 3 1 1 1 5 2 5 3 5 1 4 2 2 1 3 3 4 2 4 2 4 1 0 5 2 5 1 5 4 4 2 3 3 2 2 2 4 2 3 4 3 5 3 1 1 5 2 3 2 5 3 2 3 3 3 3 4 4 3 5 5 2 4 1 2 4 4 4 5 3 1 3 5 5 2 3 5 4 2 3 1 5 5 5 5 2 5 5 2 3 2 5 3 1 1 5 2 1 5 2 4 3 1 4 1 3 4 3 3 2 5 4 3 1 4 4 3 5 1 1 1 1 1 5 1 5 4 1 5 3 1 3 4 4 2 4 1 2 4 2 4 2 1 4 3 3 4 5 4 2 1 2 1 4 5 5 5 1 3 1 3 1 5 3 3 2 2 3 1 1 5 3 5 2 1 2 1 2 1 3 5 2 1 2 4 3 4 1 3 5 1 3 4 5 2 2 5 2 1 3 3 1 2 3 1 2 1 3 1 2 1 5 5 5 1 5 3 2 1 4 3 4 4 1 1 4 4 2 4 3 4 3 5 2 2 5 1 1 5 1 4 1 1 2 5 3 1 1 1 2 1 3 3 4 2 4 2 4 3 3 1 2 3 2 4 2 5 4 3 2 1 5 1 1 1 1 2 1 1
1 4 4 4 2 5 1 5 5 4 3 2 1 4 4 2 3 3 4 1 1 3 2 2 3 5 4 4 1 2 1 1 2 1 1 2 4 5 1 4 1 4 2 2 3 2 4 5 4 5 1 3 3 2 4 5 3 3 3 2 4 2 5 5 4 1 2 3 1 5 3 3 4 4 1 1 1 2 4 2 3 3 1 5 2 3 2 3 3 4 3 3 2 2 3 2 3 2 4 2 3 2 4 2 3 5 1 1 4 1 2 5 1 4 2 2 2 5 1 5 3 3 1 5 3 3 2 1 4 2 1 1 3 3 4 2 1 4 4 1 4 1 1 4 4 3 4 2 1 3 1 3 2 1 5 1 3 1 2 1 2 5 2 3 2 3 5 4 2 1 3 5 5 3 2 3 3 3 2 1 3 4 3 2 5 5 2 4 3 2 2 1 2 3 4 4 4 2 3 3 5 3 4 4 3 4 4 1 5 2 1 3 5 1 5 5 5 1 5 3 2 5 1 1 5 1 5 2 3 2 1 3 5 3 3 4 1 1 2 4 4 4 1 2 0 2 2 2 1 4 3 2 4 5 1 2 4 4 5 4 4 2 2 2 2 3 2 3 3 2 3 1 3 4 4 4 5 5 3 4 5 4 5 2 1 3 2 3 1 5 1 5 5 4 1 3 5 4 5 2 2 3 4 2 5 1 2 3 4 4 1 4 1 3 1 3 1 4 3 1 1 2 4 4 4 4 4 2 1 4 1 2 3 3 3 4 5 5 5 2 1 5 5 4 4 1 4 5 2 2 1 5 3 3 3 4 1 2 2 2 3 4 4 1 4 3 1 1 2 3 1 2 2 2 4 4 1 5 5 4 3 4 2 1 4 1 3 4 5 2 1 2 4 2 1 2 5 3 5 2 4 3 3 3 5 2 1 3 1 5 1 4 3 2 2 4 5 4 2 1 5 3 4 4 2 2 2 3 2 1 3 5 2 2 2 4 3 3 1 2 4 3 1 3 1 4 3 3 5 1 4 2 1 3 4 4 1 2 4 1 4 4 1 3 2 1 4 1 3 3 4 2 2 5 4 4 4 1 5 4 4 3 2 1 3 3 4 2 2 3 2 2 1 5 4 1 2 2 5 1
4 5 2 1 4 4 3 3 4 1 2 3 3 1 2 1 2 5 2 2 2 2 4 4 2 3 1 1 5 3 1 3 4 5 4 3 3 3 5 5 1 5 4 1 1 2 5 1 2 1 5 3 1 5 3 5 2 2 1 4 2 2 1 3 3 5 2 3 4 3 3 5 2 4 3 1 1 4 5 2 5 1 4 4 5 5 2 4 1 3 3 5 5 3 4 1 1 3 1 3 4 1 4 1 1 4 1 2 5 4 3 4 1 4 1 3 3 4 4 4 1 1 4 3 4 2 5 1 2 5 1 1 3 4 4 2 1 5 1 5 4 3 4 2 5 5 5 2 5 5 3 2 5 5 2 1 4 3 5 3 5 1 4 4 2 3 4 4 3 3 2 5 4 4 3 4 3 3 4 5 5 5 1 1 3 2 5 1 5 4 4 1 5 5 3 2 3 5 1 2 1 1 5 2 5 4 3 5 4 3 3 3 3 4 2 2 1 2 5 3 3 1 3 1 4 3 3 2 5 3 5 1 4 4 4 2 1 1 5 2 3 1 5 2 3 0 3 3 1 5 5 5 1 5 1 1 1 2 1 2 3 2 2 1 5 2 3 5 5 5 1 5 3 5 1 1 5 2 1 5 5 5 5 5 4 4 3 4 2 1 2 2 5 5 5 4 2 1 3 4 1 1 4 5 4 2 3 5 2 1 3 1 3 5 1 2 3 5 1 4 3 2 1 2 1 2 2 4 3 2 5 4 3 2 4 2 4 1 3 3 5 3 3 2 2 1 1 5 4 1 1 2 1 5 2 5 1 2 3 5 2 5 1 2 4 5 2 1 1 5 2 1 5 4 4 4 5 4 2 4 2 3 2 2 4 2 2 2 1 3 3 4 5 2 1 3 3 3 5 4 4 2 4 5 2 1 2 5 2 2 3 1 5 2 5 4 3 3 3 3 3 5 4 3 4 5 1 1 5 3 2 5 1 3 1 3 1 2 4 2 1 4 3 1 2 3 3 5 2 4 4 1 1 5 2 4 3 5 1 3 2 2 4 3 3 5 1 2 2 4 4 5 1 1 4 2 3 2 4 1 1 2 4 3 4 5 4 2 4 2 3 3 1 5 1 3 3 2 1 5
5 3 5 1 2 2 3 2 2 2 1 4 1 2 5 5 3 3 1 5 4 2 2 1 4 5 2 4 3 2 2 2 4 1 2 1 4 2 2 1 2 5 2 1 3 2 5 2 1 3 5 4 4 4 4 1 3 3 1 4 3 5 2 3 2 5 2 4 1 1 2 5 3 1 5 2 4 3 4 1 3 1 4 1 4 2 1 2 1 5 5 4 4 2 1 1 4 2 4 4 3 4 2 4 2 2 2 2 5 3 1 4 2 2 1 1 4 3 1 2 4 4 4 2 5 4 3 3 5 5 3 2 1 2 4 4 3 5 3 5 2 3 5 4 1 4 3 4 2 1 4 5 5 5 2 4 4 5 4 3 3 4 4 4 4 3 1 1 1 2 2 1 3 4 2 3 5 5 4 3 3 4 3 2 2 1 5 2 1 1 5 3 4 3 2 2 1 4 1 2 1 1 4 4 1 2 3 1 1 2 3 5 3 2 2 1 3 1 5 2 3 1 4 2 5 5 1 5 1 2 4 4 5 5 2 4 3 5 1 5 2 3 2 3 1 1 0 3 3 1 4 5 1 2 2 4 3 4 4 3 4 2 3 5 2 2 4 1 2 5 3 4 2 2 3 5 5 4 2 1 4 4 3 1 1 5 4 1 5 5 5 1 5 2 1 1 5 4 5 3 2 1 4 5 4 2 5 5 2 3 1 5 3 4 2 4 5 4 4 5 1 1 4 1 4 3 5 1 4 3 1 2 5 3 2 4 3 3 1 3 3 4 4 5 5 4 3 1 2 2 2 2 2 3 2 5 5 5 5 4 2 2 2 3 3 4 5 1 2 4 1 5 3 3 2 2 2 4 1 3 5 1 5 5 1 1 4 3 1 4 4 5 3 2 1 1 1 2 3 4 2 1 4 2 3 2 3 1 4 4 4 4 2 4 2 5 1 5 5 4 2 4 3 1 4 2 2 1 5 3 2 3 5 2 4 2 3 1 2 1 1 5 2 2 1 3 1 2 1 2 3 2 5 5 2 3 2 4 1 4 1 1 5 4 3 5 1 4 4 1 4 1 2 1 2 5 4 2 1 2 2 2 4 4 1 1 3 2 4 4 2 3 4 4 1 2 3 1 2 1
2 4 5 2 1 5 2 1 3 2 1 5 1 5 5 5 1 4 3 2 1 2 5 3 4 3 4 5 3 2 5 3 5 4 1 1 5 4 3 3 4 3 3 1 5 5 2 3 1 2 2 4 1 5 3 4 3 4 2 2 1 4 1 2 5 4 4 3 5 3 3 4 5 2 1 4 1 1 5 4 5 2 3 4 1 5 4 5 4 4 3 1 5 4 5 3 3 5 2 4 4 5 1 3 4 3 3 1 3 5 3 4 1 4 1 4 1 1 1 1 2 1 5 3 5 3 3 5 4 2 3 1 3 5 5 3 2 3 5 4 4 2 3 4 2 3 2 4 5 2 2 3 4 3 3 5 3 1 2 5 5 3 1 4 4 1 4 3 1 2 2 4 3 5 3 5 2 1 3 2 5 3 3 3 4 2 1 1 5 3 3 4 1 4 1 4 5 1 5 2 2 3 5 2 4 3 3 5 4 1 4 2 2 4 5 4 5 1 5 5 1 5 5 5 3 2 1 4 5 4 1 2 3 4 2 3 3 5 3 2 4 5 2 2 3 3 1 0 1 3 1 2 4 4 5 2 5 3 5 2 2 2 1 1 3 2 2 3 2 5 4 3 4 1 5 5 2 5 2 1 3 1 4 2 5 3 4 3 1 3 1 5 1 1 4 1 1 1 5 2 3 2 1 3 5 5 1 4 5 2 5 5 1 3 2 4 3 1 3 4 3 2 4 2 4 4 1 4 2 2 3 3 1 1 1 3 3 4 2 2 5 5 5 4 4 4 4 3 2 4 5 3 1 3 4 5 2 3 4 4 1 4 2 3 2 1 4 2 4 4 2 4 2 3 5 5 1 4 5 2 3 2 1 2 4 5 4 2 1 1 4 1 5 4 1 2 2 4 1 5 1 4 2 5 2 2 2 2 4 5 1 1 5 4 2 2 3 1 4 5 1 1 1 4 2 4 4 4 1 5 2 5 4 1 5 1 3 2 2 5 4 4 1 1 1 5 1 5 1 3 4 3 1 4 1 2 1 5 2 4 4 3 3 2 3 4 3 3 5 5 3 5 4 2 3 2 3 3 2 5 5 1 4 1 1 5 3 1 5 4 1 3 2 4 1 4 5 5 3 3
2 3 3 2 3 4 3 2 5 1 2 1 4 5 1 3 4 4 3 4 5 4 3 2 3 3 4 1 2 3 2 2 1 1 1 5 1 5 4 2 2 4 2 4 2 5 5 1 3 3 5 1 2 1 5 5 4 1 3 3 4 2 5 5 1 1 5 3 3 2 3 1 3 1 1 1 4 1 1 2 4 5 5 2 5 4 1 4 2 4 3 1 3 4 3 2 5 2 1 2 1 5 1 2 3 2 2 1 4 3 3 3 5 1 2 4 2 1 4 3 4 3 5 4 1 2 5 1 4 2 5 5 1 2 5 3 3 3 2 4 4 4 4 1 4 3 1 2 1 5 1 1 1 5 1 4 5 1 1 4 3 4 3 4 4 3 4 2 1 2 2 1 1 1 1 1 1 2 3 2 3 4 5 1 4 2 2 1 1 4 3 2 4 2 4 4 2 4 5 2 3 5 2 2 2 3 3 4 2 4 5 3 1 1 4 5 1 4 3 5 3 4 5 5 3 5 3 5 3 5 5 3 3 1 2 4 2 1 1 1 1 1 1 4 1 1 2 4 0 1 3 3 5 3 5 3 2 4 3 1 2 1 3 3 4 3 3 1 4 4 3 4 5 2 3 3 5 2 3 4 4 4 4 5 2 1 5 5 4 3 1 5 3 5 3 4 1 5 5 1 3 3 2 3 5 1 2 3 2 3 3 1 3 3 1 3 2 5 3 1 3 5 3 4 2 1 2 4 3 3 2 5 4 2 4 1 5 3 1 2 5 1 1 5 1 5 4 3 3 4 4 4 3 4 5 5 4 4 2 3 1 4 3 3 3 2 4 2 3 2 2 3 5 1 3 3 2 1 5 5 2 2 4 4 5 1 3 4 3 3 4 1 3 2 5 1 1 5 1 1 5 4 3 5 1 5 1 1 4 5 4 1 2 2 4 1 2 2 5 4 2 1 3 3 2 3 1 5 5 5 5 1 4 2 5 3 1 3 4 4 1 3 1 1 2 1 1 1 1 3 4 1 1 3 4 3 3 2 2 4 5 1 4 2 4 2 2 3 3 2 2 2 2 1 4 5 5 1 1 2 4 2 2 1 4 2 4 2 4 3 4 3 2 4 1 3 5 3 4 1
1 5 3 3 2 5 4 2 3 2 5 3 5 3 1 4 5 1 4 4 1 4 4 1 2 3 4 1 4 2 4 4 4 1 2 4 5 1 4 2 4 3 2 1 5 1 3 5 5 2 3 5 2 2 4 5 4 5 1 4 3 3 4 5 4 2 3 4 3 5 3 1 1 1 2 1 5 3 2 4 3 4 2 2 2 5 2 5 1 5 3 3 4 2 3 3 2 1 1 1 4 2 4 5 5 2 4 3 4 3 2 5 3 1 3 2 1 3 2 5 2 2 1 5 4 3 2 3 1 2 2 5 3 1 3 1 3 4 5 4 2 2 3 5 3 1 1 2 2 2 1 2 3 2 1 5 3 5 1 3 1 3 2 1 1 5 1 2 2 1 4 1 4 1 1 2 4 3 5 5 1 5 5 4 3 4 5 4 4 1 5 1 3 5 5 2 1 3 3 5 5 1 1 1 3 5 1 1 3 2 1 5 1 3 3 5 2 5 1 5 1 1 3 5 5 1 2 1 5 3 2 2 1 4 4 1 1 5 3 4 2 2 4 2 1 3 3 5 1 0 1 4 5 3 4 5 2 3 2 3 4 1 4 4 5 5 2 5 3 1 4 1 1 2 2 4 5 1 3 2 1 3 5 1 5 4 2 5 2 1 5 4 1 2 4 1 4 4 5 5 2 3 3 2 2 2 2 4 2 2 2 2 3 3 2 2 2 5 4 5 1 1 3 5 2 4 4 1 3 3 3 2 5 3 4 2 3 2 1 3 3 3 1 4 5 1 3 1 2 5 1 3 3 2 2 3 2 1 3 4 5 1 4 2 1 1 1 3 3 4 2 5 5 1 4 4 2 1 3 3 5 4 5 4 3 1 1 3 2 2 2 4 4 5 5 4 1 2 5 5 2 5 3 2 4 2 3 1 5 5 2 2 4 5 2 1 5 2 3 1 3 5 3 1 2 3 3 1 5 2 1 1 3 3 4 5 3 4 4 5 5 5 2 1 3 2 4 5 4 4 2 1 5 2 5 3 2 1 5 3 3 4 3 5 4 5 2 3 4 5 5 4 3 5 5 5 1 5 4 3 3 4 4 5 2 4 1 1 2 4 3 3 5 1 5 1 4 1 5 5
2 4 2 3 1 1 1 5 1 2 5 2 1 3 1 5 4 4 4 1 4 2 2 4 1 4 1 2 5 4 3 2 3 2 4 2 1 4 1 3 4 2 4 4 1 2 3 2 4 4 4 4 3 4 3 2 1 3 4 5 2 2 5 3 2 4 3 1 1 3 1 5 4 1 4 2 3 2 3 2 4 4 2 3 1 1 1 2 3 1 5 2 3 2 2 1 3 1 3 2 1 3 1 3 5 2 4 1 4 4 1 5 5 1 4 1 2 2 4 2 4 1 2 4 3 2 5 3 5 3 5 1 4 2 3 2 3 4 2 5 3 4 4 3 2 5 4 2 1 5 3 2 2 3 5 5 1 4 4 3 5 1 5 4 5 1 3 4 2 4 3 5 5 3 3 1 5 3 3 4 5 2 3 5 1 3 1 2 1 5 3 5 4 4 5 4 3 3 3 5 2 1 4 3 1 5 1 2 4 5 3 4 2 3 2 4 1 3 3 5 5 4 1 5 4 1 1 1 3 4 1 2 2 3 1 5 1 3 5 3 4 1 2 5 2 4 3 3 5 2 0 4 2 5 5 3 5 4 5 2 3 4 3 3 1 4 3 2 1 2 4 1 4 3 1 5 2 1 3 3 5 4 3 2 1 2 4 5 5 4 3 5 4 3 4 4 2 3 5 2 3 3 5 2 4 2 1 2 3 2 1 4 2 4 2 4 2 2 4 1 2 3 3 4 3 2 1 4 4 2 2 2 3 1 2 1 5 3 4 3 3 4 4 5 1 3 1 4 3 1 3 1 3 3 3 1 3 4 3 4 1 2 5 3 3 1 5 2 2 2 2 3 2 3 1 1 5 5 3 5 2 5 2 5 3 3 3 2 3 1 3 3 2 1 3 3 5 4 3 3 3 5 1 1 5 3 3 2 5 5 5 5 1 4 3 1 4 2 2 1 1 2 5 3 2 1 5 2 2 2 2 2 4 1 1 2 1 3 2 2 5 1 1 4 2 1 4 5 3 4 4 3 3 1 2 1 2 2 1 2 1 1 4 5 3 2 5 2 1 5 1 5 3 4 1 5 2 1 2 2 2 1 4 3 2 2 3 3 3 2 3 3 1 3 1 2 1 3 1 4
2 4 1 2 2 1 3 1 5 3 2 5 1 1 3 2 1 4 2 1 3 5 2 2 3 1 2 4 3 1 1 2 2 1 1 2 5 3 4 3 3 2 3 3 1 3 5 2 2 5 1 5 2 3 4 4 3 5 3 2 4 3 3 1 1 4 4 2 3 2 5 2 3 3 3 2 1 3 4 2 3 5 2 5 1 1 1 2 5 3 3 4 3 2 2 3 4 2 3 1 2 2 1 2 1 3 1 3 1 5 4 4 4 3 4 2 5 1 5 2 3 3 1 2 3 2 4 5 2 5 1 5 4 2 2 5 1 2 1 3 5 2 2 4 5 5 2 4 3 4 1 5 2 2 1 2 1 5 4 2 3 2 3 1 3 1 1 3 3 5 3 3 4 5 4 3 4 3 1 2 1 3 2 2 5 3 2 1 3 5 3 3 3 1 3 2 1 4 5 4 3 1 1 5 3 5 4 5 1 5 3 3 2 1 3 4 5 1 1 5 2 5 4 1 1 1 5 1 5 2 4 1 1 5 1 2 1 3 1 1 1 3 5 3 1 4 5 5 4 2 3 0 5 4 1 4 4 5 2 4 2 1 1 2 1 1 1 5 4 5 2 1 5 5 3 3 4 3 4 2 3 5 5 5 5 4 3 5 2 2 4 5 3 2 4 4 5 2 1 3 3 3 3 3 1 5 1 2 1 3 3 1 4 5 4 2 1 1 4 1 5 3 3 4 3 4 3 2 4 5 1 2 2 2 1 3 5 5 5 3 4 1 1 2 5 3 3 4 2 4 3 5 1 4 4 2 4 1 5 1 5 4 5 5 4 5 5 2 5 5 5 1 2 5 2 5 1 1 4 2 4 4 2 5 4 3 2 1 5 3 2 5 3 4 1 2 4 4 3 4 5 3 3 5 3 1 5 5 2 4 2 3 4 1 2 5 3 1 5 3 4 2 4 4 1 3 4 1 2 1 2 2 4 4 5 4 2 4 5 1 1 5 5 1 4 2 5 5 1 3 1 5 3 3 1 3 3 1 2 4 2 3 2 3 5 1 4 3 4 5 3 3 4 2 5 3 1 3 5 1 1 5 1 2 2 5 1 5 4 2 1 2 4 3 1 4 4 2 4 3
1 1 5 4 3 2 4 1 2 4 2 1 3 5 3 4 4 2 5 1 3 4 1 3 4 3 4 3 2 3 5 1 1 3 4 5 3 5 5 2 2 5 2 3 2 3 5 4 5 5 4 5 4 1 3 5 5 4 3 1 4 5 3 3 1 1 3 2 4 2 3 3 3 1 5 3 3 3 5 2 1 3 3 2 5 2 1 4 3 5 5 2 3 1 5 4 4 3 4 5 4 3 1 1 5 1 2 2 5 1 4 1 5 3 4 2 3 5 5 4 2 2 5 3 1 1 2 4 2 2 2 3 3 1 1 2 2 1 5 3 5 1 2 3 1 5 3 4 1 5 2 5 5 2 3 5 4 1 5 5 4 3 1 4 2 4 4 3 2 5 1 2 5 1 5 2 4 3 5 5 2 1 2 2 2 2 1 3 3 5 4 2 4 4 2 2 2 3 2 2 3 5 3 3 1 4 4 4 4 3 5 1 4 5 5 3 3 1 4 4 2 5 4 2 4 1 4 5 5 3 1 2 2 3 1 4 5 3 1 1 2 3 3 1 1 3 2 5 5 4 4 4 0 3 5 3 4 3 1 4 2 3 5 1 1 4 2 5 3 2 1 2 1 3 1 2 2 1 4 1 3 3 4 3 2 3 5 5 1 4 3 2 2 4 4 5 4 3 4 1 2 2 4 4 2 3 5 5 4 4 3 4 4 3 4 4 5 3 3 4 1 1 4 2 3 5 2 3 1 5 5 5 5 5 1 4 3 3 3 3 1 5 1 3 5 2 3 1 3 1 5 4 1 4 2 3 3 2 1 1 2 2 3 1 2 2 3 2 5 2 4 3 2 1 2 2 4 1 2 2 3 2 2 5 4 3 3 1 3 4 3 3 5 2 3 3 2 3 1 5 3 1 3 4 1 2 4 2 3 4 5 2 4 3 1 1 4 2 5 4 3 4 2 3 1 5 5 2 2 5 4 2 5 1 2 2 3 2 3 5 3 2 1 1 2 2 4 4 5 3 1 4 2 4 4 4 1 3 2 2 5 4 4 5 2 2 5 1 3 5 2 5 1 5 3 2 5 4 3 5 1 5 1 1 2 4 3 4 2 2 1 3 3 1 3 3 2 1 4 4
3 2 3 1 4 5 1 3 4 5 4 4 3 3 3 2 5 1 4 3 3 4 5 5 2 5 1 5 5 4 1 4 2 1 1 1 2 4 4 1 2 5 1 4 1 2 1 3 4 4 5 1 3 1 3 5 4 4 5 4 1 3 1 4 1 2 3 1 5 5 2 3 5 1 1 4 4 1 1 1 2 2 4 3 5 1 5 2 4 5 2 4 4 5 1 5 4 5 3 4 1 4 1 3 3 3 2 1 3 1 4 5 4 5 2 4 5 5 2 5 3 5 3 2 5 4 4 1 3 1 2 2 2 1 2 5 1 4 2 3 3 4 2 1 3 4 5 5 4 1 2 1 2 4 5 3 2 4 2 3 2 3 2 4 2 1 1 5 4 2 4 1 2 4 3 5 4 2 1 2 5 4 1 4 5 2 1 2 5 1 5 3 5 4 5 1 5 2 2 2 4 1 2 4 4 3 2 5 3 3 2 2 3 3 5 5 2 4 1 3 3 2 1 2 3 5 4 1 2 4 3 1 5 1 4 4 5 4 3 3 1 4 3 2 5 5 5 3 4 5 1 3 3 0 4 2 5 4 2 5 4 5 1 3 5 3 2 5 4 5 4 5 5 4 5 3 5 4 2 2 2 1 5 1 1 5 1 2 1 4 1 5 2 2 1 4 1 4 3 3 5 1 3 4 3 3 4 4 3 3 4 5 2 3 5 4 2 2 3 1 4 5 3 1 3 4 3 3 3 2 4 5 1 4 1 4 1 3 1 1 4 2 5 3 3 2 1 4 5 3 2 2 2 2 4 3 5 4 2 2 1 1 3 5 2 2 4 3 1 5 4 1 3 1 3 3 2 1 4 3 3 3 4 5 2 3 2 3 5 1 5 4 1 2 2 5 3 2 2 1 4 2 4 3 2 3 2 4 5 1 1 4 5 3 5 2 4 2 4 3 1 2 1 1 2 3 4 1 3 1 1 3 2 4 1 5 2 5 5 4 2 4 3 4 4 5 5 2 3 5 3 5 1 4 5 1 4 5 2 1 4 3 1 1 5 5 5 1 1 4 4 3 2 4 3 3 1 2 5 5 5 2 3 3 3 1 3 5 3 4 2 2 5 1 4 2 3 4 4 4
5 4 3 4 1 1 5 5 5 4 5 1 1 5 1 2 3 4 5 4 4 4 3 5 5 3 2 2 5 3 1 1 4 5 2 1 3 2 2 2 5 5 1 4 5 5 5 3 2 5 2 2 5 1 3 1 4 2 5 3 3 5 3 4 3 4 4 4 1 3 1 4 1 4 5 3 5 5 3 5 3 5 2 4 4 3 1 1 1 2 4 4 5 2 1 4 1 3 1 3 1 1 4 5 5 4 4 4 1 4 1 4 2 3 4 1 4 3 3 2 5 3 1 5 1 1 1 5 2 2 5 5 4 3 5 1 5 5 3 4 5 4 2 1 2 3 3 3 5 4 1 2 3 2 2 5 4 4 4 1 2 3 2 1 1 4 5 3 4 1 1 3 2 3 3 4 5 5 5 5 2 4 2 2 2 4 5 4 5 4 3 4 5 5 4 3 5 2 2 2 2 3 2 5 2 2 4 5 2 3 4 4 4 2 2 4 1 4 4 5 3 1 5 2 4 1 5 5 5 5 5 2 4 4 1 4 5 4 3 1 5 2 5 5 5 1 1 2 1 1 4 5 1 5 0 4 4 2 4 2 2 3 3 5 3 4 4 4 4 5 5 5 4 1 3 4 3 5 2 4 4 1 5 1 1 4 2 5 4 2 3 5 4 2 2 2 1 4 4 5 3 1 1 3 1 3 3 4 1 2 5 4 2 4 3 1 4 3 3 3 4 4 3 5 1 3 2 1 2 4 1 1 5 3 2 2 3 2 1 2 2 1 5 5 4 5 1 5 3 2 2 1 3 1 5 3 5 4 5 4 2 2 5 4 5 3 4 2 1 3 3 5 2 3 3 2 3 2 1 1 3 2 3 4 1 1 4 2 1 3 4 1 2 4 2 2 4 1 3 4 2 2 1 5 4 2 5 1 1 5 3 3 5 3 5 3 1 2 1 1 2 2 4 5 3 4 2 4 4 2 3 4 2 5 1 3 4 5 4 4 1 3 3 4 5 5 1 2 3 4 3 3 4 3 3 4 3 5 5 1 3 2 4 4 4 3 2 3 5 2 1 5 3 5 4 1 4 1 1 3 1 3 4 3 1 1 4 1 3 3 4 1 1 5 1 2 2 5 3 4
5 2 5 3 4 4 1 5 5 5 1 5 4 2 3 5 2 3 1 1 3 4 2 4 1 3 3 3 1 1 5 3 4 2 1 3 3 3 5 2 1 2 3 3 5 5 5 5 1 5 2 3 1 5 5 3 1 5 1 1 2 2 3 4 5 1 5 2 3 4 3 3 3 3 3 3 2 4 1 5 1 3 3 4 5 2 5 2 2 5 5 5 2 3 3 4 4 3 4 1 3 2 3 5 3 4 1 5 5 3 1 4 4 1 2 1 2 5 2 4 1 5 5 1 3 4 3 1 1 4 5 1 3 3 4 2 4 3 3 3 5 4 5 3 1 5 5 5 2 2 3 5 4 4 4 4 3 1 1 1 3 5 1 3 3 2 1 1 3 2 4 2 2 3 5 2 5 1 2 1 3 1 1 5 4 5 3 1 4 3 2 2 5 3 4 2 5 4 4 5 3 5 5 5 4 5 3 5 1 5 2 2 1 3 3 5 1 3 1 4 5 4 5 3 2 2 3 4 5 3 1 4 2 5 3 5 2 1 3 4 3 4 5 1 4 5 3 2 4 3 5 4 4 1 3 0 1 4 5 5 3 4 2 4 5 2 2 1 1 5 1 3 4 5 5 4 5 4 2 2 4 5 2 3 4 1 3 5 4 2 2 4 3 1 2 5 2 2 4 1 3 3 1 3 5 2 1 4 4 3 3 5 3 4 5 1 3 3 4 5 3 5 3 4 5 3 1 3 5 5 3 1 2 3 4 4 5 3 2 2 1 2 5 5 2 3 4 4 5 3 2 1 4 3 2 2 3 1 5 2 2 3 3 3 1 4 3 2 4 1 2 3 4 3 4 1 2 3 1 1 5 5 2 5 1 5 1 3 3 1 5 3 1 1 2 2 3 1 1 2 3 1 1 3 3 5 2 1 5 4 3 5 1 4 2 5 1 4 4 4 2 5 3 4 1 2 2 5 1 4 5 2 5 5 2 4 1 3 3 4 4 4 5 5 4 5 2 4 1 4 5 4 5 4 3 1 2 4 3 2 2 5 3 2 3 3 2 1 1 2 3 4 4 1 5 4 3 1 3 4 3 4 4 1 1 2 4 5 2 2 1 2 4 4 1 1 2 4 5 1
3 4 1 2 2 2 5 1 1 1 3 5 5 4 2 1 4 3 3 5 2 5 1 5 5 5 1 4 4 1 2 5 3 3 2 3 5 3 2 2 2 1 3 1 4 4 1 5 4 5 3 1 1 4 4 3 1 2 2 4 4 2 4 3 3 4 3 5 1 4 1 1 2 2 5 2 4 2 1 3 3 2 5 1 3 5 4 2 2 3 3 5 5 3 1 5 3 3 5 1 1 1 4 4 4 4 5 4 2 4 4 3 2 1 1 2 2 3 1 4 1 3 1 1 5 3 3 4 5 3 3 1 1 1 4 2 4 1 3 5 2 2 1 4 2 4 5 2 5 3 3 5 1 1 1 5 3 4 3 3 4 4 2 4 5 5 2 4 3 5 3 1 5 1 4 5 5 4 2 5 3 3 2 3 5 2 5 4 1 5 2 3 3 2 2 4 4 1 1 1 5 3 3 1 2 3 2 1 2 2 4 2 3 3 2 2 1 5 4 1 1 1 4 3 2 5 5 2 5 4 4 2 2 2 4 2 4 3 1 4 5 4 2 4 4 5 1 3 3 5 3 2 4 5 4 5 0 1 5 5 1 2 1 1 2 1 1 3 5 1 5 3 1 4 1 3 4 2 4 1 2 5 1 5 4 3 1 1 5 2 5 2 3 2 2 3 3 4 5 3 5 2 5 2 1 4 1 3 3 4 1 3 4 2 3 2 2 3 1 1 5 4 2 2 1 5 3 4 5 3 3 2 1 3 4 3 4 3 5 1 4 4 3 2 4 5 1 3 2 2 1 3 2 4 2 3 5 2 1 2 1 3 1 1 2 3 1 1 3 1 1 4 5 4 5 4 3 1 2 5 1 4 4 4 2 2 5 1 1 1 2 5 4 1 4 3 2 1 1 5 3 5 3 3 4 5 3 2 4 1 5 4 4 2 4 4 1 2 1 5 3 5 1 3 2 5 2 4 1 3 3 4 2 3 3 4 3 4 3 3 1 1 1 1 3 5 4 3 4 4 5 5 2 5 1 4 3 1 2 2 1 4 2 4 4 2 2 4 5 1 5 2 1 5 2 5 3 2 5 1 4 5 3 2 4 1 3 3 2 1 1 2 2 2 5 4 1 3 3 2
1 5 1 4 4 1 4 5 4 2 1 1 3 5 1 5 3 4 5 4 5 1 5 1 1 2 5 5 2 2 1 1 3 1 3 1 5 2 4 5 1 4 2 4 4 1 4 2 4 1 1 4 1 2 3 5 3 4 2 5 2 4 1 2 5 2 1 1 1 2 4 2 2 3 2 2 5 5 2 5 5 3 5 1 1 1 1 3 1 5 3 1 4 1 2 5 4 2 1 3 3 1 3 3 2 1 2 5 2 2 4 4 1 1 4 4 5 2 5 2 1 5 1 5 2 4 4 5 5 1 4 5 4 4 2 4 3 3 3 1 4 2 2 2 5 4 1 2 5 4 4 2 4 5 3 5 3 3 5 4 3 1 3 1 1 2 2 3 5 1 3 5 2 5 2 3 3 5 2 5 2 4 4 5 2 3 2 1 2 2 4 3 1 1 5 3 3 4 2 1 1 2 2 5 3 1 2 2 5 3 2 2 2 4 4 3 1 1 2 1 2 4 5 1 3 4 1 5 3 3 5 1 3 3 1 1 1 2 3 3 5 1 1 3 1 4 3 5 2 5 2 3 5 2 3 1 2 0 2 1 3 4 1 3 4 4 1 2 4 4 1 4 4 5 5 1 5 5 2 1 3 1 3 4 4 2 4 4 1 5 5 4 1 5 2 2 5 2 2 3 2 5 3 3 5 1 5 3 5 1 3 2 4 2 1 1 3 1 2 3 5 1 3 1 2 4 1 3 4 5 2 2 3 1 3 3 1 3 2 4 3 5 4 4 4 4 1 2 5 3 4 1 2 3 4 3 4 4 2 3 5 1 5 3 2 2 1 2 4 4 2 2 5 3 4 5 1 3 2 3 2 5 4 1 5 5 4 1 3 4 5 2 5 4 3 1 3 2 3 1 3 4 3 4 1 1 2 3 2 4 4 2 4 1 3 5 5 3 3 3 5 1 2 4 5 1 4 2 1 2 2 4 4 4 3 3 5 1 2 5 1 2 5 1 3 2 4 1 2 1 2 5 3 5 4 4 3 3 3 4 1 3 3 5 5 1 4 4 1 3 2 3 3 3 1 1 5 5 4 4 1 1 4 5 2 4 2 1 2 4 1 1 2 4 3 1 3 5 3 3
4 4 2 1 4 2 2 5 4 5 4 4 2 3 4 3 5 2 1 5 2 3 1 2 3 2 3 1 5 3 5 5 4 4 3 5 1 2 5 2 1 2 2 1 2 3 5 1 1 2 5 1 4 5 1 3 3 1 2 5 1 1 1 2 5 4 4 5 5 5 1 2 5 4 2 4 5 5 2 2 1 3 2 1 2 4 2 4 2 2 5 4 1 3 1 1 1 5 1 5 5 4 2 4 3 1 5 2 3 2 2 5 5 1 2 3 5 2 4 2 1 4 4 5 5 2 3 1 3 3 2 4 1 1 1 3 5 3 5 3 4 1 2 2 5 3 2 5 3 5 1 1 1 1 3 2 5 1 2 3 1 2 5 3 1 5 2 2 2 2 1 1 5 2 2 3 1 2 3 2 2 4 3 3 2 2 2 3 1 2 1 5 2 5 2 2 1 4 4 2 4 2 4 2 5 2 2 4 3 2 1 5 1 1 3 3 2 3 4 3 1 2 5 2 3 1 3 1 5 5 5 1 2 1 5 1 4 4 4 3 5 4 3 4 4 2 5 2 3 4 2 3 2 2 4 3 1 1 0 2 3 3 5 2 4 4 4 4 1 1 3 5 1 1 5 1 3 1 4 5 2 2 5 4 3 5 5 4 2 5 5 2 1 5 1 2 4 3 2 4 3 5 4 5 2 3 2 2 3 3 1 2 4 2 4 3 3 5 4 1 1 3 3 1 1 4 3 2 3 2 5 1 5 1 3 3 1 1 5 5 1 3 3 5 5 5 4 5 1 4 3 4 1 3 2 5 4 2 4 2 5 4 3 3 5 2 4 3 2 2 1 5 4 2 1 5 4 4 4 1 1 1 1 2 3 1 3 4 3 2 1 5 3 5 5 5 5 5 5 3 5 2 2 2 3 5 3 3 2 3 3 2 3 3 1 3 2 5 5 4 5 3 4 3 4 4 4 2 1 1 5 5 5 4 1 3 3 3 2 2 3 5 3 1 5 4 3 2 3 4 5 2 3 4 2 2 2 3 1 5 2 3 2 5 4 4 4 2 3 3 5 1 4 1 4 5 3 1 5 5 3 3 5 2 4 2 2 2 4 4 3 1 3 2 1 2 1 2 3 1
1 5 2 2 4 2 5 2 4 4 2 1 5 5 4 2 2 5 2 3 3 5 5 4 1 1 1 1 4 3 2 2 4 5 1 5 3 5 1 3 1 1 1 2 5 3 2 1 4 4 5 4 3 3 3 1 4 1 3 4 2 2 4 2 1 3 4 5 1 5 1 3 5 2 5 2 3 4 3 1 2 1 1 1 2 2 3 1 3 1 5 3 3 4 1 2 4 3 4 3 4 2 3 1 3 4 4 1 1 3 3 5 2 5 4 3 4 3 1 5 5 4 2 3 3 4 4 3 4 4 4 1 1 1 3 3 4 5 3 5 1 2 4 3 3 5 2 1 3 5 4 4 3 4 1 1 2 1 3 4 5 3 2 1 4 3 3 4 5 1 5 5 3 1 5 1 3 5 1 5 2 2 5 5 2 3 1 1 1 3 5 1 1 2 1 1 3 1 5 2 3 4 1 1 4 1 3 3 4 5 1 2 3 4 2 1 5 1 2 5 5 4 3 5 1 4 5 1 2 1 3 3 2 4 5 2 5 3 4 4 1 2 4 1 5 5 5 2 4 4 1 1 1 2 3 4 3 3 3 0 2 3 3 1 2 2 1 2 1 5 3 5 1 2 2 1 5 3 3 3 5 3 2 1 2 3 4 5 3 5 2 2 2 1 1 4 2 5 5 3 2 4 4 3 5 4 5 5 3 3 2 5 4 3 2 1 3 5 2 2 2 1 4 2 3 3 5 1 1 1 3 4 1 2 2 2 4 4 4 4 3 5 2 1 3 1 1 3 3 2 3 4 5 3 3 3 2 2 4 4 2 2 3 2 5 1 4 2 4 5 5 5 5 4 2 1 5 4 4 3 1 5 1 5 4 1 5 3 5 3 2 1 1 5 3 5 4 4 5 1 4 4 1 2 1 1 3 4 2 1 5 5 1 4 3 4 1 5 1 3 5 5 3 2 1 4 1 1 3 3 2 3 3 3 3 3 4 1 3 2 3 1 2 1 5 4 2 5 1 3 2 2 5 1 5 1 4 2 1 4 4 1 4 3 5 4 3 4 3 5 3 4 2 1 4 3 4 2 1 2 3 3 3 2 1 3 3 5 3 1 4 2 4 4 5 3 5 3 4 4
5 5 4 3 4 2 5 5 4 5 4 1 2 3 5 2 2 1 2 1 5 2 1 4 2 3 1 1 5 1 2 2 2 4 3 1 1 5 4 4 4 3 4 3 4 3 5 2 1 3 3 1 2 3 4 3 2 5 1 1 2 1 2 5 4 1 4 5 4 5 3 4 3 2 3 4 4 5 4 1 2 3 3 4 1 2 2 4 3 2 2 5 5 3 1 4 1 5 3 1 5 4 4 3 2 4 4 4 3 1 3 5 5 5 1 4 1 2 3 4 2 2 3 1 1 2 5 3 4 3 2 5 1 4 1 2 2 1 3 1 4 2 3 5 4 5 4 3 3 4 1 1 4 1 5 3 2 1 5 4 4 1 3 2 5 2 2 1 1 4 5 3 1 4 1 1 4 1 2 5 1 4 5 3 4 2 3 3 4 4 2 1 4 4 1 4 2 4 5 2 4 4 2 4 4 3 3 5 3 2 2 4 4 2 3 2 1 5 1 1 4 1 5 1 2 4 3 2 5 1 3 3 1 4 1 3 2 4 1 1 4 2 5 1 4 4 3 5 5 2 2 4 3 5 4 5 5 2 2 1 0 5 3 2 5 3 1 1 2 2 3 2 4 1 1 3 2 1 2 3 2 2 5 2 1 5 1 1 2 2 4 1 3 1 5 1 5 3 2 5 3 5 2 3 4 4 5 1 4 4 5 5 3 1 5 4 4 4 4 2 4 3 2 3 2 5 4 4 3 2 2 5 3 5 3 3 2 1 2 2 3 2 3 2 4 4 3 4 2 1 3 5 5 4 3 3 3 5 4 1 5 4 5 2 5 4 5 1 1 4 2 1 2 4 1 2 3 2 3 3 1 4 5 4 1 1 2 1 3 4 1 1 3 3 2 4 2 1 5 3 1 2 2 3 5 4 5 1 5 1 5 1 4 3 3 1 3 2 4 3 3 5 1 2 5 2 5 1 4 1 3 2 5 5 2 5 1 5 2 1 5 3 3 5 1 4 1 4 4 1 1 1 3 2 3 4 1 5 1 3 5 1 4 5 1 1 2 2 3 2 4 3 3 3 2 5 5 1 4 5 2 4 4 2 3 5 2 5 2 2 2 1 3 5 1 2 4 1 2 1
1 3 2 3 3 5 5 2 1 5 5 1 1 4 4 4 1 3 2 5 2 2 4 3 3 5 5 4 5 3 4 5 3 3 2 2 5 4 5 3 1 3 3 2 4 2 1 4 1 4 2 1 2 5 4 4 2 4 5 1 1 4 5 1 3 2 5 5 5 2 1 4 2 4 5 2 5 3 5 3 2 2 1 3 4 4 2 1 4 5 4 3 4 5 4 5 2 4 5 5 1 1 3 4 1 1 1 3 1 1 3 4 4 2 1 2 5 2 5 2 3 2 4 1 2 4 2 5 4 5 3 4 3 1 4 2 5 1 1 1 4 1 3 2 1 2 4 4 4 2 2 5 4 4 4 4 5 1 3 4 4 4 3 2 1 3 2 4 4 4 4 5 3 1 2 5 1 2 4 3 5 5 4 3 1 3 5 2 5 3 3 3 4 1 3 4 4 3 2 1 3 1 5 5 1 2 1 3 5 5 4 4 5 5 5 1 2 1 1 2 2 2 3 4 2 3 4 3 3 5 2 3 5 3 1 2 1 1 3 3 4 5 3 3 5 4 2 3 1 2 4 3 4 2 4 1 1 1 1 4 1 0 4 1 4 1 4 4 5 3 5 2 5 3 5 3 1 4 1 5 2 1 3 3 4 1 1 5 2 4 2 2 4 3 3 1 1 3 3 3 2 1 3 2 5 5 2 1 5 1 5 1 5 1 4 2 4 5 2 3 1 5 1 2 3 2 4 4 4 4 4 3 3 2 5 4 5 3 3 3 1 5 2 1 4 4 3 2 4 1 1 3 2 1 3 4 5 4 2 2 5 1 4 4 3 4 4 1 2 5 5 4 5 4 5 2 3 4 2 2 1 4 3 5 3 3 2 1 4 4 3 2 5 5 4 5 1 2 1 4 3 1 1 4 3 1 4 5 3 1 3 5 5 2 4 4 5 2 2 5 4 5 3 4 4 2 5 1 2 2 3 4 3 1 5 4 3 2 5 3 3 4 1 4 1 1 1 3 4 1 4 1 3 4 2 5 4 2 4 2 5 1 3 5 4 1 2 2 3 4 3 2 1 1 1 3 1 3 2 2 5 2 4 2 3 4 4 5 2 2 2 1 1 5 2 3 2 2 3 3
3 2 3 4 3 1 4 2 3 1 1 4 5 4 1 5 5 2 4 1 5 2 3 2 3 1 4 1 5 1 1 3 5 3 4 1 5 1 1 1 5 3 1 4 5 5 1 4 3 5 5 4 5 3 4 5 2 2 5 4 4 3 4 1 2 3 5 1 2 2 3 3 4 1 1 2 4 1 2 1 4 2 4 1 5 4 2 2 5 5 5 2 2 3 3 4 2 3 1 2 4 3 1 3 1 4 5 2 1 4 3 5 5 1 3 4 4 3 1 3 2 1 1 2 1 1 1 2 1 4 5 1 1 4 1 4 5 3 5 5 3 3 5 1 5 2 4 1 1 2 4 2 2 1 2 1 2 1 5 3 5 2 2 4 2 3 3 4 2 1 5 4 5 3 5 5 5 5 3 4 2 3 1 5 4 3 5 4 3 3 2 5 1 3 5 1 4 2 1 3 4 5 4 3 2 4 4 5 2 3 3 5 5 1 2 3 1 3 1 4 4 3 4 2 5 4 4 4 4 2 1 1 2 4 5 1 1 3 4 2 3 5 2 5 4 2 4 2 5 2 3 3 1 5 5 4 3 5 5 5 4 2 0 4 4 5 3 4 2 3 4 3 1 5 4 4 5 1 3 5 1 5 2 1 4 4 5 5 2 4 3 4 3 4 4 3 5 2 2 3 5 5 4 1 2 4 1 1 1 4 5 2 1 4 4 2 5 2 4 4 1 5 4 4 2 3 1 2 5 1 1 2 1 1 5 2 2 2 2 5 1 5 5 4 3 1 1 3 2 4 3 5 3 3 2 4 1 3 3 3 3 4 2 2 5 5 2 1 4 5 4 3 2 5 5 4 5 4 5 1 2 5 5 5 5 2 4 1 1 2 1 1 5 4 5 3 3 3 1 5 5 4 4 5 4 2 2 2 2 3 2 1 3 4 2 4 4 3 1 3 2 4 1 2 4 2 2 2 2 1 3 2 4 2 5 1 4 3 3 1 3 3 1 3 3 5 5 1 3 3 2 1 1 1 3 1 1 4 2 1 1 4 4 3 2 5 5 2 3 3 1 4 3 4 2 4 3 1 3 2 5 3 1 1 1 2 4 1 2 2 3 4 2 3 4 1 4 4 1 2
1 3 5 1 1 5 2 2 3 2 4 5 4 4 2 2 1 1 1 5 4 4 5 5 2 5 1 3 4 1 3 2 3 2 5 3 5 2 4 1 2 2 2 2 4 3 3 2 4 1 3 4 1 3 4 3 5 3 3 1 3 5 1 2 2 4 4 5 2 4 4 3 2 3 2 1 3 2 1 5 1 1 3 4 5 3 5 4 5 4 1 4 1 5 5 2 4 1 3 2 3 1 4 5 3 2 2 3 1 5 3 1 1 5 4 4 3 5 2 4 1 3 2 5 2 4 3 4 1 5 4 5 3 2 5 2 1 1 2 3 1 1 2 1 1 3 3 5 2 5 3 1 4 2 5 5 5 2 4 5 2 4 5 4 4 5 1 2 3 3 3 3 3 3 2 3 4 2 4 3 3 1 3 4 2 4 3 1 1 1 5 5 3 3 4 5 4 4 1 1 5 3 2 2 5 2 1 3 1 2 4 1 5 1 2 3 2 2 4 2 1 2 4 2 2 3 4 5 4 4 1 1 3 4 3 4 2 1 2 4 2 5 2 4 5 1 3 3 2 3 5 1 3 4 2 4 1 3 1 5 5 1 2 0 4 1 2 4 5 5 3 1 3 3 5 2 4 5 5 5 3 3 2 2 3 1 3 2 4 3 1 1 1 4 3 3 2 2 2 5 1 4 5 2 2 4 5 1 4 2 5 2 2 5 4 4 1 5 3 5 3 5 4 2 1 5 2 3 5 1 5 4 1 4 4 4 3 5 4 3 3 2 1 4 5 3 5 5 2 5 3 5 5 3 4 4 2 1 4 1 1 4 4 4 3 2 2 3 1 1 3 3 4 3 1 2 4 2 4 5 3 4 3 1 3 4 4 1 1 3 3 3 3 4 4 4 2 4 5 2 5 2 4 1 5 1 4 2 1 5 5 5 4 1 3 3 4 2 3 3 4 5 3 3 3 3 2 3 2 4 5 4 4 4 5 2 2 4 3 2 5 2 3 5 5 2 5 4 4 3 1 1 2 3 4 2 4 3 5 1 4 2 3 1 4 3 2 5 3 2 2 5 3 4 2 2 2 2 1 4 2 4 5 3 4 4 4 5 4 4 1 2 1 4 1 3 1 4 3 3
2 4 4 2 2 4 3 3 4 3 4 4 2 4 2 3 4 5 5 1 3 1 3 3 1 2 5 1 1 3 2 4 1 3 4 3 3 4 1 1 1 2 4 3 5 2 3 3 3 4 4 4 2 2 4 2 1 3 1 4 1 5 2 2 2 2 5 1 4 5 3 3 1 1 4 4 1 4 5 1 2 1 1 1 2 5 3 3 5 4 4 4 4 2 4 2 2 2 2 5 1 5 3 5 3 2 4 2 3 4 4 4 1 3 1 1 2 3 2 4 2 1 5 1 5 1 5 2 2 2 1 3 3 3 2 5 3 3 2 3 2 3 1 2 5 2 1 3 4 3 2 3 1 5 1 1 4 3 5 5 2 1 4 1 3 1 1 2 2 1 2 3 5 2 1 1 3 3 2 3 4 2 3 1 2 5 4 3 3 1 3 1 2 2 5 3 1 3 3 3 1 5 5 2 2 1 1 4 4 5 1 3 1 2 4 5 5 5 2 4 2 5 2 4 4 3 2 4 4 2 5 4 5 1 2 5 2 1 1 4 4 4 2 3 1 2 5 4 4 5 4 3 4 4 1 2 3 1 2 4 5 2 4 4 0 5 3 4 1 2 3 5 3 3 3 4 3 1 5 1 1 3 2 4 1 4 2 1 5 4 3 2 4 1 3 4 5 1 1 1 2 1 3 1 5 2 2 1 2 2 1 4 5 5 3 1 1 3 2 5 1 5 4 1 1 5 5 1 3 4 1 3 2 3 2 1 4 4 2 5 1 3 1 2 1 1 5 3 3 1 5 1 3 4 1 1 4 4 3 1 2 1 5 2 3 4 3 4 5 3 1 3 1 4 2 2 1 2 1 4 5 1 3 1 2 5 3 4 1 3 5 4 5 3 1 4 3 2 2 3 2 4 2 5 4 5 5 5 5 2 3 2 5 2 3 4 3 1 2 2 1 5 5 2 5 1 1 2 1 1 4 2 3 4 2 1 3 4 3 1 4 4 4 5 3 1 1 5 3 3 3 2 3 5 4 4 5 2 5 3 2 2 5 3 4 5 4 5 1 4 1 4 1 1 4 1 3 3 4 2 4 1 4 2 4 1 3 4 3 2 5 2 4 5 1 3 5 3 3 1
2 4 5 1 4 5 3 5 5 4 5 5 5 4 1 3 2 1 4 3 4 3 4 2 4 3 3 3 4 4 1 5 4 1 5 3 5 5 2 2 4 5 3 4 4 1 5 3 3 1 5 2 2 1 5 5 3 1 4 2 4 3 5 4 5 3 4 3 4 3 4 4 4 1 5 3 1 3 4 4 4 2 2 1 5 2 3 4 3 5 3 3 1 4 2 2 4 3 5 1 1 3 1 2 5 5 2 2 1 4 3 1 1 5 3 3 1 5 5 1 4 5 3 1 5 1 1 2 2 4 5 1 2 4 3 1 1 4 5 1 5 3 4 1 1 3 1 2 4 4 3 5 3 4 4 2 4 5 3 1 2 3 5 2 1 2 3 3 1 2 5 2 5 1 5 1 4 4 2 3 1 1 4 3 4 1 2 2 5 2 3 2 1 3 2 4 4 4 1 2 4 2 4 4 3 1 5 3 4 5 1 2 3 2 1 2 4 2 4 1 5 4 4 1 4 3 2 4 1 4 4 2 3 3 2 3 5 1 4 1 5 4 2 1 1 1 1 5 4 5 1 3 5 5 5 3 5 2 3 4 3 5 4 4 2 0 1 4 4 3 5 2 5 2 5 5 4 3 1 3 4 2 5 2 1 2 1 4 2 3 4 2 3 4 4 2 2 2 2 2 2 3 1 1 2 2 2 1 3 3 5 3 3 2 3 1 3 2 2 5 4 4 3 2 4 3 2 4 4 1 1 4 5 3 1 1 1 1 3 3 2 1 4 1 5 1 4 3 2 5 2 4 5 3 1 5 5 3 3 5 4 5 3 4 1 5 5 3 5 1 3 1 2 5 2 3 5 2 1 4 3 2 1 3 2 2 5 3 5 1 4 2 4 4 4 5 3 1 1 3 3 2 3 4 5 5 3 2 2 1 4 2 3 2 5 1 2 5 3 3 3 1 4 3 1 3 2 5 3 1 5 4 5 2 2 5 5 4 1 1 3 3 5 1 1 5 1 1 2 5 4 4 4 4 4 2 5 2 2 4 5 1 2 4 2 3 3 4 4 1 1 2 4 1 3 1 1 4 2 1 2 4 2 1 3 2 3 5 2 3 4 3 5 4 5 2 5 1 2 4
5 3 4 4 1 5 1 4 4 1 5 4 3 5 3 4 2 2 4 3 5 2 4 3 1 3 3 2 3 3 1 2 2 1 4 4 3 5 5 5 5 3 3 4 4 4 5 3 3 2 5 1 2 4 2 1 4 2 2 2 2 5 2 5 3 4 1 2 4 5 5 5 3 4 4 1 5 4 4 2 4 5 3 2 2 1 5 1 5 5 4 1 3 3 3 3 3 3 1 3 2 5 2 5 1 5 1 4 4 3 4 4 4 4 1 4 5 3 2 1 1 3 4 4 1 1 3 5 2 2 2 2 3 2 3 4 3 4 5 2 2 4 2 4 1 3 1 4 1 3 3 1 3 1 5 4 2 1 2 2 3 5 3 2 2 3 5 4 5 1 3 2 4 5 5 3 1 5 5 5 1 4 2 4 5 4 2 3 3 4 4 4 2 5 3 4 1 1 5 4 4 3 3 1 4 3 4 5 4 2 1 2 4 1 2 1 2 1 1 5 3 5 1 3 4 2 1 4 3 1 4 3 5 4 1 2 2 4 1 4 1 3 2 2 4 3 3 2 1 4 4 1 4 5 3 1 2 4 5 1 2 4 1 3 5 4 0 5 4 4 1 1 2 1 3 1 1 2 3 1 5 1 5 4 2 4 3 2 3 2 4 1 1 3 5 5 3 4 1 1 2 1 2 4 2 2 5 2 2 4 3 1 3 5 1 2 2 2 1 4 4 3 3 1 1 5 3 2 3 2 5 3 4 3 2 4 5 1 1 5 3 4 4 2 1 2 3 2 2 5 4 4 5 5 5 3 5 4 4 5 5 3 3 3 2 3 5 4 1 4 3 1 5 4 3 4 5 1 3 3 3 4 4 1 1 5 3 1 2 4 3 2 3 5 2 4 4 1 3 5 2 5 1 2 5 4 2 3 1 3 5 4 2 4 1 1 5 1 3 3 1 1 5 2 3 3 3 1 3 2 5 2 4 5 2 1 4 1 5 1 5 3 4 4 3 5 4 4 1 2 5 1 3 2 1 2 5 5 5 2 2 5 1 4 1 5 4 2 2 1 2 1 4 4 3 3 1 1 4 3 2 4 5 5 2 1 1 3 4 1 5 3 3 5 5 4 4 3 1 5
2 5 2 4 2 1 1 5 5 4 1 2 2 1 1 5 4 3 5 2 5 2 2 4 3 2 2 3 1 4 1 1 2 3 4 3 1 2 3 2 2 1 4 4 1 3 3 1 4 1 4 2 5 4 2 3 2 5 4 1 2 2 1 2 1 2 2 2 4 4 2 1 4 4 3 1 5 1 1 1 2 5 4 4 5 4 2 4 5 5 5 3 5 5 3 5 4 5 2 5 1 5 4 4 2 5 4 1 3 1 4 1 1 1 1 4 2 2 3 2 3 1 2 2 2 3 2 4 5 1 4 4 5 1 5 4 4 5 1 4 4 1 3 1 2 2 2 3 2 2 1 2 1 1 2 5 3 4 5 1 3 1 2 1 1 2 4 3 1 1 4 4 4 3 5 1 1 1 1 4 3 1 5 2 5 1 4 1 2 3 5 5 1 3 4 2 2 2 5 4 5 2 5 2 3 4 5 5 2 4 2 3 2 4 1 2 1 1 2 2 2 5 1 1 1 5 1 5 4 4 5 4 3 2 4 3 1 2 3 3 3 3 1 5 3 5 5 5 4 1 1 4 4 1 2 5 2 1 5 4 3 3 3 3 1 5 3 0 4 3 3 4 4 5 5 3 1 2 1 1 1 4 3 5 5 2 4 5 1 1 5 3 2 1 1 5 3 5 5 5 1 5 4 1 4 2 4 3 2 1 4 5 4 1 5 2 4 4 1 3 4 1 4 3 3 1 4 4 1 2 4 1 2 4 5 2 2 2 5 5 1 5 5 1 4 3 4 4 1 1 4 2 1 3 3 2 5 2 2 1 2 1 5 4 5 1 2 3 1 3 2 3 1 4 3 2 4 2 1 5 1 5 3 4 5 3 4 1 2 3 4 3 3 4 1 2 4 5 3 1 4 3 1 3 5 5 4 5 4 3 3 1 1 3 2 5 2 5 5 3 5 5 3 4 1 2 5 5 3 2 3 5 5 5 5 3 1 5 3 5 2 3 3 4 2 3 3 5 5 4 1 3 1 4 3 2 4 3 4 1 4 3 1 3 2 4 3 5 2 3 4 5 1 3 4 2 3 4 2 2 1 1 4 2 4 4 2 4 4 2 2 4 4 2 4 1 5 1 5 4
5 5 5 3 4 1 2 4 5 3 1 2 2 4 4 5 5 2 1 5 3 5 4 3 4 5 4 2 1 3 1 3 5 3 1 3 3 3 3 5 1 2 4 4 2 5 1 4 5 4 4 5 1 1 4 3 4 5 3 2 2 2 1 5 2 5 5 5 4 4 5 1 4 1 2 2 5 2 5 3 3 2 4 4 4 4 5 3 3 4 1 4 1 4 4 2 2 2 4 2 5 1 3 3 3 5 5 5 1 3 3 4 1 3 3 4 3 5 5 3 3 4 5 2 3 3 1 2 2 4 5 5 3 4 3 2 1 4 1 1 2 2 5 3 4 5 4 1 4 4 1 1 3 5 5 3 1 3 1 2 4 2 4 3 1 5 4 2 3 1 2 2 1 3 2 4 5 2 2 3 3 2 2 3 1 2 1 1 5 3 2 5 2 2 5 2 3 2 3 5 5 5 5 2 4 4 1 3 4 3 5 2 3 3 5 2 1 4 3 5 3 5 5 5 1 1 5 2 1 3 5 1 2 2 2 1 5 2 3 4 5 1 3 5 5 5 4 4 2 2 5 3 5 3 2 4 1 3 3 5 1 4 1 3 5 1 5 2 0 4 2 5 4 4 3 5 5 3 1 5 4 2 3 2 3 4 1 5 5 3 5 4 1 4 3 2 2 4 1 5 1 5 5 4 4 2 5 3 1 2 1 2 5 2 5 4 4 4 4 1 1 5 1 3 1 5 4 1 2 4 3 2 4 4 4 2 2 1 1 5 1 4 2 2 5 5 2 4 1 5 2 3 4 1 5 2 5 5 3 4 5 2 1 3 1 5 4 2 3 1 5 3 1 3 2 1 3 1 2 5 3 4 4 3 5 4 4 5 5 3 1 1 2 5 4 5 4 2 1 2 3 5 4 4 3 3 1 5 4 1 1 2 5 2 1 2 3 4 4 5 2 1 5 3 5 2 4 1 2 3 1 2 2 1 1 3 2 4 1 3 2 5 5 3 3 5 1 4 2 5 1 1 2 2 3 4 5 4 4 1 2 2 4 2 2 4 1 4 3 3 3 5 1 1 4 1 2 2 3 1 5 5 3 2 1 1 4 5 2 2 5 4 1 3 5 1 2 1 2 3
4 1 1 4 3 5 5 4 1 5 4 4 3 1 2 5 3 4 3 2 2 5 3 2 2 1 1 3 5 1 5 4 4 2 4 3 4 5 2 1 3 5 4 3 4 2 2 3 5 4 1 1 5 2 5 2 1 3 4 5 4 3 2 5 3 4 5 5 2 3 4 4 4 4 5 2 3 4 1 1 4 5 1 4 3 2 4 1 5 2 2 3 1 5 5 1 5 2 5 2 5 5 4 3 1 4 1 4 1 1 3 2 1 3 4 4 4 5 5 5 5 2 2 2 5 2 4 4 2 2 2 4 4 2 1 3 2 5 5 2 5 3 5 1 4 5 1 3 5 4 1 3 3 2 2 4 2 2 4 3 2 3 1 1 3 2 1 5 2 5 3 4 5 5 4 4 4 2 2 2 3 3 1 2 3 5 2 1 5 1 4 2 4 4 4 2 2 1 2 5 2 4 4 1 1 4 4 3 2 5 4 5 3 2 2 2 4 5 1 4 2 3 4 4 1 1 2 2 5 5 5 2 3 3 3 3 4 5 1 2 1 4 3 4 3 1 3 2 4 1 1 2 3 1 3 5 2 5 5 1 5 4 4 4 2 1 5 1 4 0 4 1 5 1 1 4 3 1 5 1 5 4 4 5 4 1 3 3 1 3 5 1 2 1 3 2 5 3 5 5 5 2 4 3 3 3 2 2 4 4 2 4 1 1 3 3 4 1 3 2 2 1 2 4 3 2 1 3 3 4 3 2 4 4 1 1 5 2 5 1 5 2 2 2 1 5 3 5 2 3 5 2 2 5 4 1 1 4 1 2 1 4 1 1 2 5 1 4 4 2 2 5 2 1 1 5 2 2 1 3 1 2 2 3 5 3 2 3 3 4 4 2 4 3 5 1 4 4 5 1 1 2 2 4 1 5 2 4 1 1 2 2 5 3 4 2 1 3 1 2 1 5 1 5 5 1 3 5 4 5 5 5 5 2 1 2 4 4 4 1 1 2 1 2 3 3 3 5 5 5 4 1 5 5 4 4 5 4 2 5 3 2 5 5 3 2 3 4 3 3 1 4 1 2 2 1 4 5 4 4 2 1 2 3 3 2 4 3 2 1 3 1 5 1 5 2 2 1 4 1
4 1 2 3 2 1 2 2 3 2 2 4 4 1 2 1 2 4 3 5 5 5 5 5 2 2 1 1 1 1 3 5 4 1 5 4 1 2 2 5 2 2 3 3 2 5 2 5 1 5 4 4 1 3 3 2 5 1 2 5 4 2 3 1 5 4 1 2 2 1 2 5 2 3 1 2 4 2 3 2 3 4 1 4 4 5 2 3 4 4 3 2 5 4 1 2 4 3 2 3 3 2 2 1 2 4 4 3 4 2 4 3 3 5 3 3 4 2 3 5 1 4 2 5 2 3 5 4 5 5 3 2 2 5 3 4 2 1 2 3 1 3 4 5 2 2 5 2 2 5 3 2 2 4 2 5 3 3 1 5 3 3 2 1 4 3 5 3 2 5 1 5 3 2 4 5 3 1 1 2 4 3 3 1 5 3 5 3 3 5 5 5 1 1 2 5 2 4 3 5 3 4 2 3 3 4 3 5 4 4 4 2 2 4 5 4 4 4 4 5 3 4 3 5 3 2 3 5 2 3 1 4 1 3 5 1 5 2 5 4 2 1 5 3 5 5 3 2 4 5 3 4 3 1 5 4 5 2 5 5 4 1 3 3 2 5 2 3 5 4 0 4 5 3 5 5 3 3 3 3 3 4 5 2 4 3 1 3 2 1 2 4 2 3 4 5 4 3 2 1 2 2 4 5 5 5 4 4 3 4 4 4 2 4 4 2 2 2 1 4 2 3 4 1 1 4 5 1 2 2 3 2 4 3 5 4 1 3 5 2 3 1 1 1 4 2 1 4 5 1 3 4 4 4 5 3 4 4 2 3 5 5 4 4 4 5 4 4 2 2 3 1 4 2 3 4 5 5 2 4 2 3 1 5 1 1 4 3 3 1 1 1 2 2 2 5 1 4 3 1 1 3 2 3 3 2 5 5 2 2 5 5 3 1 4 5 5 4 2 3 3 3 1 2 4 5 5 5 3 4 3 3 4 3 5 5 4 5 1 2 4 3 3 4 2 3 2 3 4 4 4 3 3 3 4 3 2 2 5 5 4 1 4 5 4 2 3 5 4 3 5 4 4 5 2 4 4 5 4 1 1 5 1 1 4 3 3 2 2 1 5 2 4 4 3 4 1 5 5 4
1 3 5 4 4 1 1 3 4 1 4 1 5 5 5 3 5 5 3 5 2 3 2 2 2 4 4 4 1 2 3 3 4 5 2 5 3 3 3 4 4 4 4 4 5 4 4 1 2 5 3 4 2 3 3 2 1 1 4 5 2 5 2 4 3 5 4 3 4 4 5 1 3 3 1 1 5 1 4 1 1 4 5 5 4 1 5 2 5 5 3 5 2 4 1 3 5 3 1 5 4 5 1 1 5 2 3 4 5 4 2 3 4 5 1 2 4 3 5 2 1 1 1 3 4 4 3 5 4 1 5 1 3 2 5 2 2 5 3 4 5 2 1 1 2 4 2 1 2 2 3 5 5 2 1 3 3 3 1 1 2 4 4 4 3 2 1 4 2 1 1 4 1 1 2 4 2 3 4 1 4 4 3 3 5 1 1 2 5 5 3 1 3 4 4 2 3 5 4 5 1 3 5 4 2 3 4 3 4 4 4 2 3 3 1 1 5 3 4 2 5 2 4 4 1 4 4 3 5 4 1 1 4 5 1 4 5 2 4 4 1 2 2 5 1 2 4 5 2 1 1 2 1 5 1 5 2 3 2 1 3 2 5 5 2 1 4 4 1 2 4 0 3 2 1 3 3 1 5 1 1 3 3 3 5 5 4 1 1 1 2 5 1 1 5 2 2 1 1 3 4 2 5 3 4 4 2 4 4 3 3 2 4 5 1 4 3 5 3 3 5 2 4 3 1 3 3 3 3 1 5 5 3 3 5 2 5 1 5 2 3 3 3 4 2 2 4 3 2 5 2 2 1 5 4 1 1 4 5 5 2 4 4 1 1 4 3 4 4 4 1 2 2 2 2 3 5 2 1 5 1 5 1 3 3 5 5 1 1 4 1 5 2 4 3 2 5 4 5 2 4 1 1 3 5 2 1 5 1 2 4 1 2 1 1 3 4 5 2 5 4 2 5 2 1 5 3 4 2 1 5 5 1 4 5 3 2 2 1 2 1 2 5 3 4 1 3 5 5 4 5 1 2 5 4 1 4 4 4 2 5 3 4 5 5 4 2 5 1 1 5 2 1 4 3 1 5 2 5 4 4 2 1 1 1 1 3 1 4 1 4 3 1 5 1 4 5 1 1 2
4 5 1 3 3 1 3 5 3 4 3 4 4 3 4 4 4 3 2 4 2 1 5 3 3 2 5 4 4 4 5 5 5 5 5 1 1 5 5 3 4 5 1 3 2 4 5 2 2 1 2 5 1 5 1 5 2 2 2 5 4 5 3 2 2 2 1 1 1 3 5 4 2 2 5 2 5 5 3 2 1 4 4 1 4 5 4 4 2 4 4 5 2 5 3 4 2 5 3 4 1 4 2 1 5 3 4 2 1 3 4 1 2 4 1 3 2 3 2 4 3 5 5 4 1 3 3 1 4 1 4 5 1 4 4 2 2 5 3 3 2 1 1 3 3 4 2 1 4 3 4 3 1 1 5 2 5 5 2 5 2 3 1 3 3 2 5 2 4 2 1 5 3 2 5 2 4 2 1 1 1 3 1 3 1 4 4 4 1 1 2 1 2 5 4 4 5 4 5 3 5 3 2 1 5 3 4 2 3 2 1 5 5 2 2 2 3 1 3 1 1 5 1 5 2 2 4 2 2 1 1 2 2 5 2 5 1 3 4 3 3 2 2 4 5 2 5 2 4 3 3 2 1 3 4 5 3 5 2 1 1 3 3 1 4 4 3 1 1 1 1 1 0 1 2 2 2 1 5 3 5 2 5 2 5 5 5 4 1 5 4 3 3 5 5 4 1 1 3 4 4 3 1 5 2 3 5 4 5 1 5 5 3 4 3 4 5 3 1 2 4 3 1 4 4 1 4 3 3 1 5 1 5 2 5 4 3 3 4 4 2 5 3 2 4 5 5 4 2 4 4 3 2 3 2 5 4 3 3 2 2 5 3 5 1 1 5 4 3 4 3 3 2 4 5 5 2 5 2 2 5 5 4 5 4 3 5 2 5 4 5 3 5 2 5 5 2 3 1 2 4 5 3 3 4 4 1 5 2 5 4 2 5 4 4 5 2 4 4 1 1 2 5 2 4 1 2 4 3 5 1 4 1 5 1 5 4 3 1 3 5 1 2 2 2 1 5 2 4 3 4 4 1 4 3 1 3 1 1 4 1 1 3 2 1 2 3 5 4 3 2 5 3 5 2 2 5 2 3 5 2 5 3 5 3 1 3 5 2 4 1 2 2 3 5 3 1 1 1 5
2 1 2 4 4 1 3 1 2 2 1 1 1 4 4 4 3 1 1 4 3 2 5 5 4 4 2 4 4 1 4 2 2 4 2 1 1 2 1 4 3 1 4 2 4 1 5 5 1 2 5 2 3 5 2 3 3 5 3 2 1 1 2 4 2 3 4 3 1 3 3 5 2 3 1 2 1 3 3 2 3 2 4 5 2 2 1 5 5 4 5 2 3 5 1 2 2 2 4 3 2 4 3 4 1 5 3 5 1 2 1 3 1 5 3 1 5 4 2 4 5 3 1 1 4 4 5 4 5 5 4 5 3 3 3 3 5 5 4 2 4 2 2 5 4 5 2 4 2 1 4 4 2 1 2 1 4 3 3 1 4 1 4 4 3 5 1 5 2 3 4 4 5 3 5 3 5 5 2 3 4 5 4 5 1 5 3 2 4 3 5 1 1 5 2 3 2 5 5 4 2 3 1 1 1 5 3 5 1 1 5 3 1 5 2 4 5 1 5 3 3 2 1 1 1 2 4 5 1 5 1 1 5 5 1 4 3 3 1 2 2 4 1 1 4 3 2 4 4 5 4 4 1 5 1 2 3 1 2 2 3 3 1 2 2 4 5 1 4 1 1 3 5 0 2 3 1 5 3 4 2 3 4 5 3 5 5 1 1 2 1 4 2 1 2 5 1 5 4 1 2 1 4 5 5 3 2 5 1 4 5 2 1 1 4 1 5 2 1 1 5 3 3 2 3 5 1 1 4 2 5 4 5 1 2 1 5 1 5 2 3 5 1 2 4 2 1 2 3 1 2 1 5 4 3 1 3 1 5 2 1 4 4 2 3 5 2 1 3 1 3 2 2 2 5 4 2 2 4 4 4 4 2 4 1 3 2 1 2 2 5 3 1 3 4 1 3 2 5 5 1 5 4 1 5 2 5 3 5 5 4 3 4 5 4 5 5 4 3 3 5 1 1 3 3 3 4 4 4 2 1 4 2 3 5 1 5 2 2 1 2 3 5 4 3 5 5 5 1 4 5 1 3 5 5 3 5 4 2 2 4 5 2 5 2 5 3 2 2 2 3 5 1 2 3 4 4 2 1 5 3 3 1 3 3 4 1 4 3 4 4 4 3 5 1 4 4 1 3 3
3 5 4 4 4 2 5 5 3 3 2 5 3 1 4 1 5 5 1 1 3 1 1 4 2 2 5 5 5 1 5 5 3 2 4 4 4 4 4 3 1 5 4 2 1 1 3 3 5 1 1 5 3 4 1 2 1 5 4 2 4 4 4 5 4 4 5 2 2 1 1 4 5 3 5 1 2 1 4 2 3 3 3 2 4 3 3 2 5 3 1 4 1 5 2 4 4 2 1 2 2 3 1 1 1 3 4 3 2 3 1 5 1 1 2 2 3 2 2 2 5 3 1 2 2 2 1 5 5 3 5 4 4 1 3 2 3 2 4 1 5 2 5 1 3 3 4 2 4 3 2 5 4 5 2 3 1 5 3 2 5 2 5 4 2 4 1 5 4 1 4 4 1 5 4 1 3 5 3 2 5 1 2 5 5 3 4 4 2 5 1 5 2 4 1 1 3 5 3 2 2 3 5 4 5 2 5 3 1 4 2 2 2 4 5 5 5 4 5 3 3 2 2 4 2 2 3 3 5 3 4 4 3 1 4 3 4 1 3 3 4 1 5 4 3 2 1 2 3 3 1 5 1 4 2 2 3 1 4 4 4 5 1 3 3 4 1 1 3 2 5 4 3 4 0 3 2 3 1 3 3 4 4 3 4 1 1 1 5 2 2 2 2 1 3 2 1 4 4 2 4 1 3 2 4 5 2 3 2 1 4 3 4 3 5 4 5 5 3 1 5 5 4 5 2 5 5 2 3 4 2 4 3 3 1 2 5 2 4 1 5 3 3 3 3 4 4 4 5 3 3 1 1 4 5 3 3 3 2 2 4 2 1 5 1 3 1 1 2 2 2 4 2 3 1 3 2 3 4 5 3 3 4 2 4 5 3 5 2 4 2 1 5 5 2 2 5 4 1 1 3 5 4 1 3 5 1 5 3 5 4 3 4 3 1 2 2 1 4 4 2 2 5 2 3 3 5 5 5 4 2 2 2 1 4 1 3 5 3 1 4 5 3 5 5 4 3 4 4 3 5 3 4 3 2 3 1 2 5 5 1 1 5 1 3 1 3 3 4 2 1 2 2 3 1 3 3 4 4 4 4 3 1 2 2 3 2 1 5 3 4 3 1 3 3 2 5 1 1 4
3 5 4 4 1 4 4 3 4 4 5 1 2 1 5 5 2 4 2 2 1 1 4 2 3 5 1 2 5 3 2 3 2 2 3 5 5 5 2 2 2 4 3 2 4 5 2 5 4 2 1 4 2 3 3 3 4 5 2 1 1 3 1 5 4 5 2 1 1 1 5 5 1 3 5 3 5 3 2 2 5 5 4 1 2 5 4 5 4 2 1 1 3 3 4 3 4 2 3 2 2 2 2 3 2 1 1 5 1 4 3 4 2 4 3 1 4 3 2 3 1 4 3 3 3 2 1 1 3 3 3 4 1 4 1 4 1 5 5 1 2 1 5 1 2 5 1 1 5 2 1 4 2 2 4 4 4 5 5 2 4 1 5 3 4 3 2 5 3 1 2 5 3 5 3 1 3 3 4 2 1 4 5 4 2 4 2 3 1 3 3 1 4 4 4 3 4 5 5 2 2 1 5 4 1 1 5 2 5 4 1 3 2 2 4 1 4 2 5 4 3 3 1 3 5 4 5 1 3 4 4 3 2 5 3 2 1 5 5 2 1 4 4 3 2 5 1 2 5 1 4 3 5 2 5 4 4 4 3 3 3 5 4 4 1 2 3 3 2 3 1 4 1 3 4 0 1 1 2 4 4 2 5 5 3 3 1 4 4 5 2 3 1 4 3 5 5 1 3 2 2 3 2 2 1 4 4 2 5 2 2 1 5 5 2 4 3 3 3 5 3 3 4 4 5 5 5 2 4 5 3 4 4 3 4 4 3 4 3 1 2 4 4 5 5 3 1 2 2 3 4 4 5 3 5 5 5 2 3 5 5 3 4 4 4 3 3 3 5 2 3 5 4 5 1 2 5 1 1 3 4 4 5 2 2 3 2 3 3 3 2 5 2 3 4 2 1 4 4 1 2 4 1 2 5 1 2 5 2 4 1 4 3 3 1 4 4 3 4 1 4 5 5 5 5 2 2 3 3 2 3 4 4 2 5 4 3 2 2 2 3 5 2 3 1 4 2 1 3 4 5 2 3 3 1 4 1 2 3 1 3 1 5 5 3 1 4 3 5 4 3 5 4 2 3 2 1 4 2 5 2 5 2 4 2 3 1 2 3 3 3 4 5 4 2 1 2 1 2 3
5 3 5 1 1 4 2 3 3 4 2 3 3 5 5 3 3 2 3 3 3 5 3 4 5 1 4 2 3 1 5 3 5 3 4 5 2 5 5 1 3 1 2 2 3 3 3 5 4 2 2 2 4 4 3 2 4 3 2 3 3 5 4 5 4 5 1 4 5 1 3 3 2 3 1 1 2 5 3 2 2 3 4 3 2 2 5 3 1 2 5 5 4 2 5 5 2 3 4 5 1 3 4 4 4 4 1 3 3 5 4 4 4 2 1 2 4 4 1 5 3 1 3 5 1 1 1 5 4 3 2 3 1 5 2 1 5 2 1 2 1 3 5 1 5 5 1 1 1 4 1 5 4 2 2 2 1 3 4 4 1 4 4 1 4 4 2 5 3 5 1 3 5 1 4 5 5 1 1 5 2 2 5 3 3 2 3 3 1 3 3 1 4 5 5 2 5 2 2 4 3 3 5 5 4 1 3 5 4 4 4 3 3 4 2 5 4 2 4 1 4 1 2 4 2 4 1 2 4 1 1 1 4 3 4 2 4 2 1 5 4 4 3 1 1 3 4 5 3 4 2 2 1 4 5 4 1 1 2 5 1 5 5 1 4 4 1 4 5 4 2 3 2 2 1 5 0 3 5 2 3 5 1 4 2 2 2 5 3 4 5 1 4 3 1 2 3 1 5 3 2 5 1 1 4 5 3 3 2 1 4 5 2 3 3 3 4 5 3 5 5 1 2 4 2 2 4 2 4 5 2 1 2 4 5 2 3 1 4 1 1 2 2 4 5 4 1 2 2 1 3 2 3 2 3 2 1 3 1 5 5 4 2 5 2 4 1 1 2 2 3 2 3 2 2 5 4 2 5 5 3 3 2 2 2 5 2 5 5 2 1 1 1 4 1 5 4 3 3 3 1 5 2 2 2 2 1 3 3 1 2 5 5 4 5 1 1 2 1 2 1 1 5 1 3 2 4 4 1 4 1 1 5 5 1 2 5 4 5 5 2 2 4 4 4 3 3 1 1 4 4 2 3 2 4 5 5 2 3 4 2 2 4 2 4 3 2 2 1 5 3 2 4 5 4 3 4 4 1 4 5 3 3 4 2 4 2 1 1 3 3 3 4 4 2 4 3 5 2 2
3 2 1 4 1 4 3 1 2 4 4 2 2 3 5 5 4 3 3 3 5 3 2 4 4 1 3 1 3 3 5 1 4 3 5 3 5 3 2 1 3 2 4 3 4 3 4 5 2 4 4 4 3 2 3 2 4 2 3 5 1 3 1 3 1 3 1 5 4 4 5 4 3 2 2 2 3 2 1 2 2 5 5 4 4 5 1 5 4 3 1 3 2 2 3 5 3 2 3 3 1 3 2 4 5 3 1 5 3 4 1 5 3 5 3 4 5 4 1 4 2 5 3 3 1 4 1 1 2 2 4 2 3 2 1 2 5 1 2 2 1 2 4 1 5 4 1 1 1 3 2 3 4 3 2 4 1 2 1 1 3 3 5 1 3 3 3 4 3 5 5 2 2 2 2 5 4 4 5 4 4 2 5 2 5 5 5 3 3 5 2 4 4 4 3 3 5 3 2 2 3 5 2 4 2 5 5 2 4 2 5 5 2 4 5 3 3 1 5 5 5 2 4 1 3 3 1 3 2 1 1 3 2 2 3 3 2 1 2 4 2 2 4 1 5 1 3 3 5 4 1 2 1 4 3 1 1 5 1 1 4 4 1 5 5 4 1 2 4 4 4 2 4 3 3 1 1 0 2 4 5 5 5 1 3 5 5 1 3 5 4 2 1 2 1 3 5 5 3 5 5 4 3 1 4 2 3 3 3 1 5 3 3 5 4 3 4 1 1 2 2 4 1 4 4 4 3 1 2 3 3 3 4 4 1 2 3 2 1 5 2 3 1 4 4 5 3 2 4 4 4 4 4 4 5 2 2 4 4 2 2 2 3 4 1 2 1 1 4 1 3 1 5 1 1 3 4 2 5 2 1 2 4 1 3 5 3 4 4 1 4 4 5 2 4 3 1 1 2 2 2 5 2 1 2 1 2 5 3 2 3 2 5 3 3 4 4 1 4 2 4 3 3 5 5 4 4 4 2 4 5 4 3 5 2 2 5 5 5 5 4 5 5 3 1 1 3 4 2 2 1 5 2 5 5 3 1 2 4 2 4 1 2 3 3 3 3 1 2 4 3 3 3 1 5 1 2 2 2 4 3 2 1 5 2 4 2 4 4 4 2 3 5 1 5 2 5 3 3 1
1 2 5 4 2 1 4 3 4 5 1 3 2 5 2 3 5 1 5 1 1 4 5 2 1 1 5 4 2 4 1 2 3 2 2 3 4 1 2 5 2 1 4 3 1 3 1 5 5 3 4 4 1 2 2 1 2 3 3 5 1 2 2 3 3 4 4 2 1 1 3 1 3 3 1 4 2 3 2 2 4 5 2 5 2 3 3 5 2 4 5 1 5 2 1 1 3 2 2 2 4 4 4 3 3 5 1 1 3 4 2 1 5 4 3 3 1 3 1 5 5 4 2 5 4 1 3 4 4 4 3 4 2 2 5 2 1 5 2 1 1 2 1 2 1 1 3 5 4 1 2 4 5 5 4 5 1 3 4 5 3 3 4 1 2 4 5 3 4 3 5 5 2 5 4 5 5 5 3 5 2 3 4 4 1 2 4 3 4 4 5 2 1 2 3 2 3 5 4 3 3 1 3 1 2 3 5 4 5 2 2 5 4 3 4 3 3 1 1 3 1 1 5 2 3 4 2 5 2 1 2 2 4 3 1 1 2 1 2 1 2 1 3 2 4 4 5 2 3 2 1 4 3 2 4 3 2 5 1 5 5 3 1 5 2 2 3 2 1 5 5 1 4 1 2 5 4 2 0 1 3 2 2 1 2 1 4 3 5 2 1 5 2 3 5 2 4 4 3 2 3 3 2 3 2 5 5 4 1 4 4 3 1 4 3 1 2 1 1 3 1 3 2 2 1 1 1 2 4 2 1 3 2 2 5 1 5 1 4 3 4 4 4 4 5 1 4 2 2 4 4 3 4 4 4 3 5 2 2 5 2 5 3 3 5 3 2 1 1 4 3 2 4 2 4 1 2 5 1 4 3 2 5 1 5 2 4 2 5 2 1 5 5 1 2 4 3 2 4 1 1 1 2 4 3 4 5 4 3 2 2 5 5 4 2 5 1 3 3 1 2 5 4 2 3 2 1 4 3 1 3 4 2 2 4 2 5 3 4 4 4 5 4 3 2 5 5 1 4 3 2 3 3 3 4 5 2 2 3 2 4 4 4 3 5 2 4 4 4 1 2 5 2 5 2 1 2 4 2 4 4 5 3 5 1 1 2 2 1 1 2 1 3 1 3 3 2 5 3 5
5 3 2 1 2 3 4 3 1 2 3 4 5 2 3 1 1 2 4 1 1 4 2 1 4 4 1 4 4 3 3 1 2 5 3 4 2 3 3 2 3 5 4 3 5 2 4 5 3 5 4 3 4 4 4 3 1 1 5 1 2 3 4 3 3 1 2 4 3 1 3 4 3 4 5 1 2 2 5 3 3 1 2 1 4 2 5 2 4 5 1 4 2 1 4 3 3 1 4 1 5 4 3 3 5 3 3 3 4 1 4 5 3 2 2 2 5 3 1 5 3 5 1 1 2 3 2 2 5 3 4 2 4 4 3 5 1 3 5 2 4 1 4 3 5 2 2 3 3 3 2 1 4 3 1 4 3 1 2 5 2 3 2 1 4 1 5 3 5 4 5 4 3 5 1 4 1 4 1 4 4 4 5 2 1 5 5 2 4 2 3 5 3 1 1 5 2 1 2 4 4 4 1 5 5 4 2 3 5 1 5 3 5 1 1 3 5 1 1 5 2 4 4 2 3 1 2 2 5 5 3 1 2 1 5 3 2 2 1 1 5 4 2 5 3 3 1 1 5 5 5 4 1 1 1 2 1 3 3 1 3 1 1 4 1 4 2 4 4 4 3 5 5 3 2 1 5 2 4 0 1 5 5 5 5 4 1 1 5 1 5 1 1 2 5 5 2 2 5 2 5 4 1 5 4 2 5 3 3 1 2 2 2 1 1 4 3 3 1 1 1 5 4 3 3 4 4 3 3 1 5 2 1 4 1 1 4 4 4 4 2 5 4 1 5 3 4 3 2 3 1 2 1 5 2 2 3 1 4 5 2 2 5 1 4 2 2 1 2 2 1 4 4 5 5 4 5 4 5 2 3 3 3 1 3 3 3 2 2 4 3 3 5 4 4 1 5 5 5 2 2 2 3 3 3 3 3 3 5 3 5 5 2 1 3 4 4 2 1 4 2 4 2 1 1 2 1 2 5 1 3 4 3 2 1 3 1 1 3 3 1 1 1 5 5 1 4 2 3 3 5 1 5 1 3 2 2 4 1 1 2 5 1 2 2 4 1 2 2 5 1 2 2 4 2 5 1 4 1 1 1 5 3 2 1 1 2 4 2 1 5 1 2 4 3 1 4 1 3 5
3 3 2 2 4 3 3 3 3 2 1 5 5 1 1 1 5 4 2 1 1 1 1 1 3 2 3 1 2 4 5 3 5 4 3 4 3 5 1 4 3 5 2 1 4 5 5 2 1 4 1 3 4 4 1 1 2 1 4 3 2 3 2 1 4 1 5 1 1 3 1 1 1 2 1 4 4 3 4 4 2 4 3 3 2 3 3 2 5 3 1 2 1 1 3 1 5 2 4 4 4 1 1 5 1 4 1 2 4 5 1 5 2 4 2 1 5 5 2 2 2 2 3 2 5 2 4 5 2 3 4 2 2 1 5 2 5 4 3 3 2 4 4 2 2 1 1 5 3 5 1 4 4 4 5 2 3 1 5 5 4 5 2 1 2 5 4 4 1 2 4 1 1 4 1 5 3 3 4 2 2 3 2 5 4 2 5 4 5 4 1 4 5 3 1 3 4 3 1 4 3 1 4 4 3 5 3 4 2 1 5 1 4 1 3 4 3 2 2 2 1 4 3 1 5 3 5 4 5 4 2 1 5 1 2 1 2 1 1 2 4 2 4 2 2 2 1 1 1 4 2 3 5 4 2 1 5 5 3 1 5 2 5 2 1 3 1 2 5 4 5 5 5 1 5 2 3 4 3 3 0 3 3 5 1 5 5 4 5 2 2 3 3 3 2 4 4 1 3 2 2 4 3 4 1 4 1 1 3 1 4 1 4 2 4 2 5 1 3 5 5 5 3 3 5 1 1 2 3 4 5 5 5 4 4 1 3 5 1 3 1 5 1 4 2 1 1 1 4 1 3 2 3 1 2 5 1 4 5 4 5 4 2 3 4 3 2 4 1 4 4 4 3 3 5 4 2 3 4 1 4 3 4 3 3 4 4 1 3 1 4 4 3 3 2 1 2 2 2 5 2 4 4 2 3 1 1 5 1 1 1 2 5 5 1 3 2 1 2 5 4 2 1 1 5 1 4 3 4 1 1 3 1 1 5 3 1 2 4 3 1 2 5 2 1 1 5 2 1 5 1 1 2 3 4 1 4 2 4 5 3 4 4 2 4 4 2 4 3 2 2 2 1 5 1 2 1 3 4 1 4 5 1 4 4 3 4 4 3 3 5 1 5 1 1 4 1 4 3 1
2 2 1 2 3 4 1 4 1 5 5 1 2 1 2 4 2 2 1 2 3 1 4 4 1 5 2 4 5 2 3 3 2 4 4 3 5 1 1 3 3 1 2 4 5 4 4 2 1 4 3 3 5 5 2 2 3 2 4 4 2 2 1 2 2 4 4 3 4 1 5 4 5 2 3 4 3 2 5 5 4 4 3 5 1 5 3 3 5 1 5 3 5 1 2 2 2 1 2 2 2 1 3 4 3 1 2 2 3 5 3 2 5 4 1 2 3 2 5 3 4 1 1 4 4 4 4 1 4 2 4 5 3 4 4 4 1 4 2 2 1 1 5 2 4 3 1 5 1 5 1 4 4 2 2 5 1 4 2 3 1 5 2 3 1 4 3 1 4 3 2 1 5 1 4 4 1 1 4 5 5 4 4 2 3 1 3 4 3 1 2 4 2 1 4 2 4 4 2 5 2 1 5 3 3 1 2 3 4 4 5 3 4 3 5 5 2 2 4 5 2 5 1 2 3 3 4 3 4 5 2 3 1 1 3 5 2 3 5 4 5 1 2 5 1 3 3 1 2 5 4 3 4 5 5 1 3 5 3 3 1 5 3 2 2 2 3 4 3 2 3 2 4 1 2 1 2 5 1 4 1 0 3 5 2 3 2 5 3 1 3 3 2 5 2 2 5 4 3 1 3 2 4 2 3 3 3 2 5 1 5 3 3 3 1 3 1 1 2 1 5 1 2 4 3 2 2 3 5 1 3 1 4 2 2 3 3 3 5 5 1 3 4 3 5 2 5 3 3 5 3 5 1 3 3 2 5 2 1 4 5 2 3 5 1 2 4 2 4 4 1 4 1 1 3 2 2 2 1 3 4 2 3 3 3 5 3 2 4 3 1 2 3 5 3 1 3 4 4 4 5 4 2 3 4 1 3 1 4 3 3 4 5 3 4 2 1 3 1 1 5 4 2 4 4 3 1 1 2 3 3 4 2 4 4 5 4 4 2 5 3 5 3 1 1 4 2 2 4 2 2 1 1 4 3 5 1 3 4 1 5 4 5 5 3 2 1 5 2 5 5 1 1 3 5 2 5 3 2 5 1 4 3 4 3 3 4 4 1 4 1 1 2 5 3 2 1 5 5 1
2 4 3 3 2 5 1 4 5 3 3 1 2 1 3 4 1 2 4 2 1 1 1 4 4 4 4 1 1 3 2 1 5 5 3 3 5 2 3 4 2 4 3 1 2 5 1 5 1 1 2 2 5 2 2 1 4 1 5 3 2 1 4 2 4 3 4 1 1 4 3 1 1 3 4 2 2 5 1 1 1 5 5 4 1 5 2 5 3 3 5 4 1 4 2 5 3 2 3 3 1 3 2 1 1 4 2 5 2 3 2 3 2 3 1 3 4 1 2 1 2 2 1 3 3 4 4 4 3 5 4 5 4 4 4 2 1 4 1 3 1 4 1 3 3 3 2 2 2 4 2 4 5 4 5 1 1 4 2 2 1 4 4 2 4 5 3 3 1 3 2 1 4 5 1 1 4 4 1 1 2 1 1 2 4 3 5 1 2 2 2 1 4 4 2 4 2 1 2 3 5 5 4 2 5 4 4 5 5 3 5 1 4 2 2 4 5 5 3 4 4 3 5 3 3 2 3 2 3 1 1 4 4 3 3 4 3 4 5 3 1 1 4 5 1 1 2 2 1 2 2 5 3 5 4 1 4 2 3 5 5 1 3 2 3 4 4 4 5 1 1 1 4 5 3 5 1 5 4 3 4 5 0 1 1 2 5 1 1 5 3 4 2 4 5 4 2 5 3 4 4 2 2 2 5 1 3 1 1 2 5 5 1 5 1 2 4 4 1 4 4 2 3 1 3 5 5 4 5 4 5 5 1 3 4 4 2 1 1 3 3 4 1 4 4 1 2 3 3 5 5 1 2 3 5 4 5 4 1 2 1 1 5 4 1 4 5 4 1 1 3 3 5 4 2 3 1 5 1 4 1 5 3 1 3 1 5 3 2 1 4 1 1 4 3 2 3 5 2 3 2 2 1 2 4 5 4 1 4 5 4 4 1 1 5 5 2 2 5 2 2 3 4 2 3 4 2 5 2 3 5 5 4 3 5 2 5 2 5 2 2 2 5 3 3 5 4 1 3 2 2 4 3 5 1 5 5 5 1 3 1 2 5 1 3 3 3 5 5 4 4 5 3 2 5 3 5 1 3 3 2 5 4 5 2 5 2 4 1 4 1 2 5 2 1 2 1 1 5 4
5 3 2 3 4 3 1 5 2 2 4 2 5 2 5 5 1 5 5 4 2 5 4 4 1 1 1 4 2 4 4 4 1 3 4 4 4 5 3 1 4 1 4 2 4 4 3 5 4 3 5 2 1 1 5 2 2 2 3 1 4 1 3 1 1 1 4 4 1 5 1 2 3 3 1 2 2 2 1 1 1 3 1 3 3 4 5 1 5 2 5 5 5 2 5 5 3 3 1 5 4 1 3 4 4 3 2 3 2 4 4 5 1 5 2 1 5 2 2 2 2 4 5 3 2 4 1 2 1 1 5 2 4 2 5 4 1 5 1 1 1 1 2 1 2 5 2 2 3 5 4 1 4 4 5 3 3 3 2 2 3 1 2 3 1 5 5 2 3 4 1 2 4 3 2 3 4 4 1 4 3 2 4 1 3 4 1 3 2 5 4 3 5 3 3 5 5 5 5 3 1 5 5 4 2 4 3 5 2 3 2 4 2 5 3 5 3 2 2 4 1 1 5 2 5 1 4 1 4 1 5 1 1 1 4 4 3 3 4 5 2 3 4 5 4 2 3 1 3 3 1 4 2 3 1 4 5 3 2 4 5 1 1 2 1 1 5 4 2 5 5 2 5 2 1 1 2 2 4 1 5 5 1 0 2 5 4 3 1 1 4 5 3 1 1 3 5 5 2 1 4 5 4 3 1 1 3 3 4 3 1 5 2 1 2 1 5 4 4 1 4 4 3 2 3 1 3 3 2 5 3 5 2 4 2 4 2 3 2 5 5 4 2 1 2 2 3 1 5 1 1 3 5 3 3 2 2 3 1 3 2 2 2 5 3 2 2 2 4 3 3 1 2 1 5 4 4 1 5 2 3 3 5 1 3 2 4 5 1 4 5 5 3 5 5 2 2 3 3 3 3 2 2 5 5 2 2 4 1 5 2 2 5 5 5 4 3 5 5 3 3 4 2 1 1 5 1 3 3 1 2 3 2 4 4 1 5 4 1 4 2 1 5 3 2 5 5 2 4 4 5 3 1 2 5 1 1 2 4 3 5 3 3 5 2 3 2 5 3 2 1 2 3 2 2 2 2 1 1 3 5 3 2 2 4 5 2 2 2 2 2 4 5 4 1 3 5 3 5 3
3 1 4 4 4 4 1 2 1 2 1 5 5 1 3 5 4 4 4 3 3 5 3 4 2 3 5 5 3 1 2 3 2 2 3 1 1 5 1 3 1 1 1 3 3 5 2 4 1 5 5 2 4 4 5 5 5 2 3 3 4 1 5 5 3 3 3 3 2 5 5 4 4 2 4 4 1 4 2 1 2 1 5 5 2 2 2 1 5 4 4 5 2 5 4 3 1 4 2 1 4 2 2 3 1 2 4 5 3 2 2 4 1 5 4 2 2 2 2 1 5 3 2 2 3 4 3 2 3 5 1 2 3 4 1 3 5 5 4 4 5 1 5 5 2 1 3 5 1 5 3 3 4 3 5 1 5 2 4 5 3 5 5 2 4 5 3 2 5 3 4 3 5 3 3 5 1 2 3 2 3 4 2 3 3 1 1 3 2 2 5 1 3 3 3 1 4 5 2 1 5 1 1 4 5 3 2 4 4 2 3 2 2 5 4 3 4 4 4 5 1 2 5 3 2 4 2 4 3 2 1 1 4 1 4 2 1 1 5 2 1 4 2 2 5 5 1 4 1 1 1 3 4 5 5 1 1 1 1 2 4 5 1 4 1 5 4 3 5 5 5 5 2 2 2 2 1 5 3 2 3 2 4 1 0 2 3 2 5 5 2 1 3 4 3 4 5 4 5 3 1 5 3 4 5 1 2 1 3 3 2 2 4 2 2 3 3 5 4 3 1 5 4 1 3 2 3 4 4 4 1 3 3 5 2 3 2 4 1 5 3 1 3 3 5 3 1 1 1 4 2 4 2 1 1 5 4 2 4 1 3 1 3 2 3 2 1 3 2 4 4 2 1 3 5 3 2 5 5 4 3 5 2 4 2 5 2 2 3 2 5 2 5 4 1 1 2 4 2 2 4 5 1 3 3 1 5 1 3 5 2 5 5 5 4 3 1 2 1 4 4 4 5 3 3 2 4 2 5 2 2 3 1 2 5 3 5 3 4 3 3 3 5 1 3 3 4 4 3 1 2 5 4 1 2 2 5 1 3 2 4 3 1 2 5 3 2 3 2 5 3 4 3 2 5 2 1 2 5 1 2 3 1 4 4 3 4 5 5 3 5 1 2 4 4 2 5 1 2 3
3 4 4 4 2 4 2 1 1 4 4 5 2 4 2 2 3 5 1 2 5 1 2 2 4 1 3 5 4 1 1 5 4 5 5 2 2 5 5 5 3 3 1 2 1 1 3 5 5 5 2 2 2 2 4 3 1 3 4 2 4 5 1 2 4 2 1 2 3 1 4 5 2 3 5 3 5 5 2 1 5 1 1 5 1 2 1 5 5 4 3 4 5 2 5 1 4 4 3 3 4 2 2 4 5 1 5 4 4 4 1 2 1 5 3 1 1 4 4 5 2 4 4 3 4 1 1 3 5 3 3 1 2 5 1 2 3 1 1 2 1 4 3 2 4 4 4 2 4 4 2 1 3 5 1 5 5 3 1 5 2 3 5 4 3 5 5 5 4 5 4 5 2 4 1 2 5 2 5 1 5 5 1 2 5 5 2 3 3 5 1 1 4 4 3 5 5 5 1 5 2 1 5 2 5 2 2 1 3 3 5 3 4 2 4 2 4 1 2 2 5 5 5 3 1 4 2 4 3 2 5 2 1 5 4 5 3 2 4 2 2 5 1 2 4 4 5 4 2 3 2 3 5 4 3 3 3 3 4 4 2 1 2 5 3 1 5 2 4 4 3 2 4 1 4 4 2 4 2 5 5 2 4 1 4 0 4 3 2 2 1 2 2 5 3 2 2 2 5 5 5 1 5 5 4 5 4 2 2 1 2 4 1 2 5 4 2 1 4 2 3 3 4 2 3 2 1 1 5 3 3 2 5 2 3 2 3 5 4 2 4 5 2 4 5 4 5 3 1 1 4 4 1 3 4 1 5 4 4 1 3 1 1 4 2 3 3 3 5 5 3 5 4 1 5 2 1 1 4 5 2 4 3 5 1 4 3 4 3 1 5 1 4 1 1 4 3 4 5 2 3 2 2 1 3 4 4 5 5 4 3 4 1 1 5 4 4 5 2 4 2 3 5 2 5 1 4 2 5 3 1 4 3 4 4 2 5 3 5 2 1 3 1 2 3 2 4 5 1 1 5 2 4 2 1 5 2 1 4 5 4 4 1 3 2 1 4 4 3 3 1 2 4 1 3 4 2 1 3 4 5 5 1 4 2 5 2 4 1 2 2 4 3 4 3 3 1 3 3 2
4 3 4 2 4 1 2 3 1 3 1 3 3 3 1 1 2 1 4 5 3 5 1 3 1 1 4 2 2 2 4 3 2 1 1 4 3 1 2 1 3 1 2 1 3 2 2 2 3 5 5 3 3 5 4 3 4 3 4 4 3 4 2 1 1 3 4 4 2 3 2 2 2 2 1 4 2 5 4 5 4 1 2 3 5 1 4 5 2 4 3 1 5 2 4 4 3 1 5 1 4 3 4 4 3 5 1 2 3 4 1 2 1 2 4 3 3 5 2 4 3 3 2 3 5 4 5 2 1 2 4 2 1 1 4 1 2 4 2 2 5 4 5 1 1 4 3 5 1 3 2 5 5 2 5 5 5 3 3 2 5 4 2 2 1 5 3 1 2 4 1 1 3 3 2 3 2 1 4 2 1 2 3 2 3 4 4 3 3 1 1 1 4 4 4 4 3 5 2 2 5 3 1 1 2 5 5 5 2 5 5 5 3 1 1 5 2 2 3 1 5 1 2 2 1 5 1 1 2 2 1 4 4 3 4 3 5 3 1 3 1 4 3 3 4 1 2 2 2 2 1 3 1 1 1 2 3 2 1 2 5 2 2 4 1 5 1 5 2 4 4 4 3 2 2 2 5 1 3 3 1 1 1 5 1 1 0 3 3 2 3 3 5 1 2 5 3 4 5 2 5 5 2 4 5 3 4 3 4 3 4 4 3 4 5 2 2 1 2 5 5 4 4 1 2 2 5 2 4 4 3 4 4 5 3 3 2 1 3 2 5 2 2 5 5 4 2 2 5 5 2 2 2 3 4 3 3 5 4 1 2 2 5 2 2 3 2 2 5 1 3 2 1 2 1 3 5 2 2 3 2 5 1 3 1 4 5 5 5 1 4 4 5 3 5 1 2 5 4 4 3 5 3 1 5 1 2 3 3 4 1 5 1 5 3 5 5 2 5 5 4 2 5 5 1 5 5 3 3 4 4 1 5 2 3 5 5 3 2 5 5 1 2 4 5 2 1 3 4 5 3 3 4 4 4 2 4 3 1 4 5 3 4 3 5 1 2 5 1 5 5 2 4 5 1 5 4 4 1 5 2 1 5 5 1 5 4 1 4 3 3 4 1 5 1 3 1 1 1 5
2 3 5 2 2 4 1 1 1 4 5 5 2 2 1 4 1 2 5 1 3 5 3 1 2 4 1 4 5 4 3 1 3 5 1 4 1 1 2 3 1 4 1 2 4 1 1 5 4 5 2 3 1 3 2 5 3 1 1 2 4 3 3 4 2 3 5 2 3 1 5 5 1 1 1 4 5 4 2 4 1 5 5 3 2 2 4 4 2 2 2 2 4 1 3 4 3 1 5 4 5 2 2 5 1 2 2 2 2 2 1 5 3 4 4 3 4 3 2 4 4 1 4 4 2 2 5 2 2 2 2 4 5 4 3 3 2 3 2 4 5 3 1 2 5 2 3 2 1 2 1 2 2 3 5 4 2 3 5 2 4 5 3 2 5 2 2 3 3 4 5 2 4 4 5 1 5 1 1 2 3 4 4 4 3 2 1 4 5 1 1 4 5 4 5 5 5 4 5 2 5 1 2 2 1 2 3 5 4 5 3 3 5 4 5 4 3 3 1 2 5 3 3 3 4 1 3 4 2 5 2 4 2 1 4 5 1 5 5 3 5 2 3 3 3 2 1 4 1 4 2 5 5 4 5 4 4 1 1 1 1 4 3 2 3 1 4 3 2 5 3 5 2 4 3 2 4 1 1 2 4 1 4 5 5 3 2 0 1 3 5 3 5 2 1 2 2 3 5 4 1 1 5 2 5 4 4 5 5 3 4 2 4 3 4 2 5 4 2 5 3 5 3 5 3 1 2 2 4 4 2 4 3 2 5 3 4 4 2 3 4 4 3 5 5 3 3 5 1 5 1 5 2 1 1 1 5 1 5 5 5 4 5 1 4 4 1 3 2 4 1 1 5 1 1 3 2 3 1 1 1 4 4 2 1 3 4 3 5 3 1 2 3 5 5 5 4 3 2 1 5 2 4 2 3 4 4 5 1 1 5 1 5 1 3 2 3 1 4 4 5 3 1 4 2 3 2 1 4 5 5 5 4 5 5 3 3 1 2 2 3 4 3 1 1 5 3 1 4 5 2 4 5 3 3 1 2 4 2 3 4 4 3 2 4 5 5 1 2 3 2 5 4 3 1 3 1 1 2 2 4 4 4 3 2 3 1 5 5 1 3 2 1 4 1 3 5 2 3 2
2 5 1 4 2 1 2 3 5 4 2 4 4 3 2 3 4 3 5 5 4 5 5 5 3 1 1 5 5 2 1 3 5 1 1 5 2 4 5 1 2 2 3 4 5 1 2 3 1 4 1 2 2 5 5 2 1 1 3 4 2 3 4 4 3 3 5 3 5 1 3 3 1 1 2 3 1 4 3 2 4 4 2 4 2 1 2 3 1 4 2 5 2 2 3 4 4 4 3 3 3 2 2 3 3 4 3 5 1 1 1 4 3 3 3 4 4 1 4 2 4 2 3 4 3 3 5 5 5 2 2 2 3 3 1 2 3 1 5 1 3 4 2 1 2 3 2 4 1 5 3 2 3 1 3 3 1 3 3 5 3 5 4 4 2 3 4 3 4 2 2 1 2 5 3 1 3 4 2 3 4 3 3 1 2 1 1 2 5 4 1 4 2 4 2 3 5 2 4 4 3 5 2 4 1 2 4 5 5 5 1 1 2 4 5 2 3 2 4 2 1 3 2 3 5 3 3 2 4 1 5 3 2 5 2 4 5 5 2 2 1 1 5 5 2 3 5 4 2 3 3 2 2 3 3 4 5 1 2 1 4 4 4 5 4 4 3 5 4 3 3 2 4 1 4 4 5 4 1 5 3 3 5 5 2 3 3 4 0 1 1 4 5 3 4 1 4 4 4 5 3 4 1 2 5 2 5 5 3 2 2 3 3 5 2 2 2 1 1 4 2 3 1 2 5 2 1 1 4 3 3 3 5 2 5 3 1 2 1 2 4 3 1 2 5 4 5 5 4 4 3 2 4 3 3 5 3 3 4 5 4 2 4 4 3 5 5 3 2 2 5 1 2 5 3 1 5 3 3 5 1 4 3 2 3 2 3 3 2 4 1 1 2 2 2 4 3 4 2 1 1 3 3 4 3 2 1 2 2 5 2 3 5 1 3 1 4 5 5 2 4 2 2 2 2 4 2 4 3 2 1 4 1 3 4 1 5 4 5 1 5 4 1 4 4 5 4 4 3 4 4 4 5 1 4 3 5 2 4 3 3 4 2 5 2 4 5 3 2 3 4 1 1 5 5 3 5 5 4 4 2 3 3 5 4 2 2 5 3 2 5 2 3 3 1 4 1 5 3 2
5 5 1 2 3 4 2 5 3 3 2 2 5 3 5 5 5 1 5 4 5 3 3 2 3 3 5 2 2 4 5 2 3 2 3 3 5 3 3 2 3 4 1 2 2 5 2 5 2 4 4 5 4 3 3 4 5 1 1 2 1 5 5 5 3 1 3 1 5 3 1 4 3 3 1 4 4 1 1 3 2 4 2 2 3 1 2 2 1 5 2 1 5 1 4 1 5 5 2 3 2 3 1 5 4 1 4 4 3 5 2 2 1 5 3 2 4 1 2 4 2 3 2 5 2 4 2 3 4 2 4 3 3 4 5 4 3 3 5 1 2 3 1 1 1 5 4 5 1 1 4 3 5 1 2 3 2 3 2 4 3 2 1 1 5 4 5 2 2 4 3 5 1 5 4 1 3 2 5 4 5 3 3 1 3 2 2 4 1 3 5 2 4 3 3 3 2 1 2 2 1 3 4 3 2 3 1 2 4 2 3 2 5 2 5 3 1 5 2 5 1 4 5 1 3 4 2 4 4 1 3 1 4 2 1 3 5 3 2 4 3 3 1 1 1 1 4 4 1 3 5 1 4 1 4 3 5 5 4 3 4 2 1 2 4 5 3 2 4 4 4 4 3 2 3 1 3 1 1 2 3 5 1 5 1 4 3 5 5 0 2 3 3 3 4 3 3 4 1 2 2 2 1 4 5 4 5 4 5 3 5 1 4 1 1 2 1 3 3 2 3 4 4 1 2 2 5 3 1 2 2 2 1 2 2 3 1 3 5 3 2 5 5 1 2 5 5 1 5 3 4 3 2 1 1 3 2 1 1 1 5 1 3 3 4 3 1 3 1 2 5 2 2 5 3 3 5 1 5 4 3 4 3 1 4 5 5 5 3 4 5 1 1 1 2 3 3 4 4 3 4 2 1 2 3 1 4 5 5 1 3 4 1 4 5 5 3 4 4 2 2 1 3 3 5 5 4 1 2 5 3 2 3 4 2 2 2 2 5 2 3 4 5 1 5 1 3 2 2 5 2 1 2 2 2 4 4 4 4 4 5 1 5 4 1 3 4 1 5 1 3 4 4 3 2 4 4 2 2 4 2 5 3 5 1 2 2 2 5 1 5 3 2 5 2 4 5 3 1 3
1 5 5 4 4 5 2 1 4 1 5 1 4 4 4 4 4 4 3 1 4 2 4 1 3 2 5 5 5 2 4 1 4 1 2 5 1 5 2 5 4 2 2 3 3 3 4 2 4 1 5 3 1 2 1 4 5 4 2 4 2 3 4 5 3 1 1 5 3 3 1 1 4 4 3 4 1 1 3 1 1 3 2 4 3 4 5 4 1 4 4 1 3 4 3 5 2 4 5 4 5 4 4 4 1 5 2 3 1 4 4 3 2 1 2 4 4 1 2 4 4 3 1 4 4 1 2 2 5 4 5 3 4 5 4 3 2 1 2 3 5 3 2 4 3 1 3 3 2 4 4 4 4 1 3 4 1 4 1 4 2 2 2 1 5 3 5 5 4 2 2 1 4 5 4 2 5 4 2 5 5 2 3 4 2 2 3 3 4 4 4 5 4 5 5 1 3 2 3 3 4 5 2 4 5 4 5 3 1 3 3 2 5 1 1 4 1 1 1 5 4 5 5 5 4 4 3 5 3 4 5 3 3 5 1 1 5 5 1 5 3 2 2 2 5 4 2 4 1 4 2 3 1 5 4 3 3 2 2 5 2 1 1 1 4 4 1 5 3 5 2 5 1 2 3 1 2 2 1 2 3 4 3 5 3 3 1 4 4 5 0 5 5 2 4 2 5 1 4 3 2 4 5 3 1 1 2 3 5 4 5 4 4 5 5 2 2 2 4 2 4 2 1 3 4 4 4 2 2 1 2 4 5 2 4 2 4 2 5 2 1 3 1 2 1 1 4 3 5 2 4 2 3 1 3 4 4 1 5 4 2 4 4 5 1 4 3 4 3 4 1 1 3 5 3 3 4 2 5 1 3 1 2 3 2 4 5 1 4 1 3 1 3 4 4 1 4 1 4 5 2 4 3 5 2 1 5 3 2 1 2 4 3 1 2 2 2 5 5 4 4 2 4 2 2 1 2 5 3 1 5 4 3 4 2 2 1 4 4 1 1 4 1 3 3 5 5 5 2 1 5 4 5 3 4 3 4 5 2 3 1 4 3 5 5 3 2 5 3 1 5 5 2 2 3 2 2 5 3 4 1 1 1 2 1 1 4 4 4 4 2 1 4 2 3 2 5 3 1 1
1 5 5 1 1 1 4 2 3 3 5 3 5 4 5 4 2 5 5 3 2 5 2 3 5 4 3 3 3 3 1 5 5 1 3 3 2 2 3 5 3 3 2 4 5 3 2 3 3 3 1 4 5 5 2 2 2 1 3 2 2 5 4 3 5 1 5 4 5 5 2 3 1 3 4 3 5 4 1 3 4 1 3 2 2 3 3 3 2 3 4 1 1 3 5 3 1 5 3 2 3 4 2 3 1 5 5 4 5 1 1 4 3 4 3 4 2 3 1 5 3 5 2 3 2 3 4 2 3 1 4 5 5 3 3 4 3 2 3 4 3 1 4 4 1 3 3 1 3 4 1 1 4 2 2 3 3 3 5 3 5 2 1 1 1 2 1 2 2 4 3 4 2 1 5 5 4 5 3 5 2 5 2 5 3 3 2 3 1 4 2 3 4 2 1 3 3 2 2 2 3 5 3 1 3 5 1 3 3 4 5 2 3 2 5 1 1 1 1 4 4 2 2 1 3 2 5 1 4 5 3 3 3 2 4 2 2 2 1 4 4 5 4 1 2 1 2 4 4 4 4 3 1 3 2 4 4 5 5 5 3 5 4 2 1 5 3 5 2 2 2 2 4 2 5 3 2 5 1 4 4 5 3 4 3 1 3 5 5 5 3 0 2 1 4 4 4 5 1 2 4 1 1 3 3 2 1 1 4 4 1 3 5 4 2 2 5 2 4 4 3 2 2 4 5 4 3 1 2 3 3 5 4 5 2 1 3 3 3 1 5 5 2 4 1 1 5 3 1 5 2 5 3 4 3 2 3 4 5 1 2 2 4 2 3 1 2 2 2 3 4 3 5 3 1 2 4 4 1 5 2 5 4 2 2 1 4 4 1 2 2 3 3 2 5 3 1 5 4 2 2 1 2 3 4 5 5 2 3 1 4 1 5 3 4 2 3 3 5 2 3 3 2 3 1 2 2 1 3 2 3 2 3 2 1 5 3 2 4 5 4 1 4 3 1 5 1 3 4 5 2 1 3 5 2 2 2 3 3 3 1 3 3 3 1 5 5 5 2 2 2 5 3 5 1 2 1 5 4 4 1 5 3 1 2 4 1 3 4 1 2 1 2 1 4 4 2 2 5 5
4 1 5 1 3 4 1 4 3 2 3 3 2 5 4 3 4 5 4 4 4 2 1 3 1 3 3 1 3 2 4 3 1 3 5 5 2 2 1 4 2 1 4 3 5 1 1 1 2 4 1 4 3 1 4 3 1 4 4 5 3 1 4 2 1 4 4 4 3 4 4 1 1 3 4 1 1 5 4 4 2 4 3 1 4 5 3 5 3 1 1 1 3 5 1 2 3 2 4 4 3 3 4 5 2 4 5 5 3 4 3 5 4 2 3 4 2 3 4 3 4 1 2 3 5 4 5 5 5 1 3 3 1 3 2 1 5 2 1 4 4 2 2 4 4 3 5 2 2 2 2 1 3 3 5 4 3 5 2 3 3 3 3 1 1 5 1 1 4 2 2 3 5 3 1 3 2 1 4 2 4 3 2 1 4 1 3 2 5 4 3 5 5 2 1 2 1 3 3 2 4 4 5 5 2 4 4 1 5 4 5 5 3 4 3 2 2 2 3 2 5 4 2 2 3 3 3 3 2 1 5 2 5 4 5 1 1 2 5 4 2 2 3 2 2 3 1 4 2 3 4 4 5 2 4 1 5 2 5 4 2 1 1 4 2 3 3 1 2 4 3 2 5 2 3 2 3 3 2 3 3 2 2 1 3 2 4 5 5 1 3 1 0 5 1 3 2 2 5 3 3 5 5 3 2 3 5 1 5 2 4 2 2 2 1 1 3 1 2 4 5 5 3 3 5 1 4 2 3 5 2 1 2 5 3 3 2 3 2 1 2 3 1 2 5 4 1 1 2 3 5 5 4 3 2 3 3 4 5 2 2 1 1 5 5 1 1 3 4 1 2 5 1 4 3 3 5 4 1 2 2 4 1 1 3 3 4 5 5 1 1 1 1 2 3 3 2 2 2 1 2 1 2 3 4 3 3 3 1 5 2 4 4 4 1 3 4 3 4 3 2 3 4 1 2 1 1 1 3 3 2 2 4 2 3 1 5 2 2 1 4 4 5 1 1 1 5 2 4 5 1 3 2 4 1 3 3 2 5 2 2 4 5 2 5 1 1 3 2 2 5 3 3 4 2 2 2 3 2 1 2 5 4 5 4 2 2 1 2 2 2 4 3 5 2 3 1 5 2 3
2 1 1 4 3 1 2 1 2 3 2 2 3 1 4 1 4 1 3 2 4 4 4 2 4 4 1 5 1 2 2 2 2 4 4 3 3 5 4 3 5 5 1 4 1 4 3 1 4 3 2 1 2 2 5 3 1 3 2 4 3 3 1 4 3 4 5 4 3 4 3 2 4 3 5 4 4 4 4 1 5 2 2 3 5 4 5 1 4 5 4 1 4 2 1 5 1 4 2 3 3 2 4 1 4 2 2 5 4 5 4 5 5 1 1 1 2 3 5 1 4 4 2 5 1 2 2 2 5 4 5 4 1 2 3 5 5 2 1 3 2 4 1 1 1 5 1 4 3 2 4 1 4 2 5 5 2 1 5 4 3 4 3 1 1 1 1 2 5 1 2 1 3 3 4 2 3 4 1 5 3 2 1 1 3 3 4 1 1 1 4 4 2 4 2 1 4 4 2 5 3 3 2 2 3 3 3 4 4 5 4 3 3 1 5 5 1 5 4 2 1 4 5 1 4 4 2 4 1 4 5 1 1 1 4 4 3 4 4 4 2 3 4 4 1 5 2 2 5 2 5 3 3 5 4 5 4 1 5 3 1 3 1 1 2 3 3 2 3 2 2 1 2 2 4 1 1 3 2 2 4 5 3 2 3 4 5 2 5 4 2 1 1 0 4 2 5 4 1 1 2 5 4 1 3 1 2 4 1 4 2 2 2 5 4 3 1 5 4 1 2 2 1 3 4 1 4 3 4 5 1 1 2 4 4 3 1 5 2 5 1 1 4 2 5 4 3 2 4 2 4 5 5 1 3 5 3 2 5 3 5 1 2 5 4 5 1 1 3 5 1 4 4 2 1 5 1 4 3 3 2 1 3 1 2 1 2 1 2 2 5 1 2 1 1 5 1 1 4 3 5 4 3 2 1 4 2 3 4 2 2 1 1 5 3 5 1 3 2 1 3 4 2 4 4 1 1 5 2 5 2 3 4 2 2 3 2 3 5 5 4 2 5 3 1 2 4 2 3 3 4 1 5 5 1 2 3 2 3 3 5 2 2 3 5 2 4 1 2 3 3 4 3 5 2 4 4 3 4 5 5 5 1 5 2 2 2 3 3 3 3 3 2 1 1 2 1 5 5 3
3 4 1 4 2 4 3 3 1 1 4 2 2 3 4 2 5 5 2 5 4 2 4 2 1 2 2 5 1 4 5 5 1 4 3 5 2 4 1 3 1 2 4 3 5 5 4 3 2 5 1 2 2 3 3 5 5 4 1 4 1 4 5 3 3 4 5 2 2 4 2 2 2 3 1 3 3 3 3 1 3 5 3 2 2 2 4 1 5 1 1 3 2 3 5 3 5 5 3 4 4 4 1 4 4 3 4 1 4 2 3 5 5 3 2 1 2 5 2 2 5 5 1 3 5 3 3 1 4 4 2 1 2 1 5 5 1 3 2 4 2 2 5 2 1 3 2 1 4 3 2 4 3 2 1 3 5 4 4 1 3 1 4 4 1 3 3 5 3 2 1 5 4 1 4 5 1 4 4 2 5 5 5 5 4 4 1 4 1 1 3 3 5 4 3 2 5 4 2 3 3 5 1 4 1 1 3 3 2 2 4 4 2 2 4 4 3 3 3 1 5 1 1 1 3 1 4 4 2 2 3 4 4 2 1 4 1 2 5 1 1 1 1 1 4 1 5 3 2 5 3 1 5 3 2 1 4 2 4 1 4 1 4 1 3 1 5 4 5 4 2 3 3 3 1 3 2 1 3 2 5 1 5 5 4 1 4 4 5 2 3 3 5 3 0 1 4 3 5 1 1 5 4 4 3 2 5 4 2 1 5 1 1 3 5 2 4 1 4 5 4 1 1 2 4 1 2 2 3 1 2 4 4 4 5 2 5 1 4 5 5 3 4 5 3 3 1 4 2 3 3 2 1 3 3 2 3 2 1 1 1 1 4 3 4 1 5 2 5 5 3 1 5 1 2 1 3 1 1 5 3 2 3 2 4 1 1 5 1 2 5 4 2 4 1 4 4 3 1 3 1 5 3 1 1 4 5 4 3 5 5 2 5 5 1 5 2 3 2 2 3 5 4 5 5 1 5 3 3 3 5 3 5 2 2 3 1 2 3 1 4 3 3 3 3 1 4 1 4 2 4 4 2 2 1 1 2 5 3 4 1 1 2 1 5 4 4 4 5 3 1 1 3 5 2 2 1 1 4 5 5 4 1 2 3 2 4 4 4 3 2 4 3 3 3 3 1 3 2 4
3 3 4 2 2 5 5 5 1 2 2 2 5 4 5 4 5 3 4 5 3 4 2 3 5 2 4 5 4 1 5 5 5 5 3 3 5 5 5 1 2 1 1 4 1 5 2 4 4 5 2 1 1 3 5 3 5 5 2 2 3 5 1 4 2 2 3 4 2 2 1 1 1 3 5 4 5 5 4 2 5 1 2 4 2 1 5 1 1 3 2 2 4 4 1 4 4 4 1 3 1 1 2 1 3 3 2 3 3 4 2 5 1 5 2 2 1 4 1 4 3 4 5 3 1 1 5 5 5 1 5 5 5 3 4 2 5 3 5 4 3 3 4 4 4 5 1 2 5 1 2 2 5 1 1 1 1 1 2 4 1 5 2 4 1 1 2 3 1 5 3 1 5 1 3 3 5 3 1 4 4 5 3 3 3 1 2 2 1 2 3 2 5 4 3 1 2 5 2 5 1 5 5 4 1 5 5 5 1 3 3 3 1 5 2 3 5 5 1 3 2 4 2 2 4 4 4 4 1 5 2 4 2 5 2 3 1 4 2 2 1 5 5 4 4 4 4 5 2 1 5 5 2 3 1 4 5 1 4 4 4 4 2 4 1 3 3 1 5 3 3 1 3 2 4 4 3 4 3 5 5 1 3 5 4 5 1 3 4 5 3 3 4 2 2 0 3 4 3 3 2 4 2 4 3 4 1 1 2 3 4 5 2 3 4 4 5 3 1 1 5 5 4 2 3 5 5 3 4 3 4 1 2 2 4 2 1 2 2 5 1 2 2 4 5 2 5 2 2 3 5 3 4 4 2 2 5 1 4 2 4 4 5 5 3 5 1 1 1 5 3 4 5 4 1 5 3 2 5 1 5 1 5 5 1 4 1 4 1 2 4 1 3 4 1 2 3 1 1 3 3 5 2 2 1 5 5 1 2 5 4 5 1 4 5 2 2 3 4 2 1 2 4 4 4 2 2 4 1 1 3 3 3 5 4 1 4 3 2 4 5 3 1 5 1 5 3 2 2 5 2 5 3 5 4 4 1 2 5 4 4 3 3 4 4 3 1 5 3 2 4 3 4 3 5 4 5 5 3 2 5 3 2 3 2 4 3 3 4 4 4 2 5 2 2 4 1 1 1 3
1 5 4 3 3 2 5 2 2 5 2 3 4 3 5 5 5 1 4 4 2 1 2 3 4 4 3 2 5 2 3 5 4 2 3 4 1 2 2 5 3 2 2 3 4 3 2 2 2 1 4 3 3 5 1 2 2 3 1 5 3 3 2 5 5 3 2 1 2 4 3 3 3 2 5 2 1 5 3 4 3 3 2 3 4 2 3 2 3 5 1 5 1 4 5 3 5 2 2 5 5 4 2 1 3 1 5 3 4 2 3 1 5 3 4 4 3 4 5 3 2 1 2 3 4 2 3 5 3 5 2 5 3 2 5 4 3 5 3 4 1 3 4 5 1 5 5 1 4 1 2 1 3 3 1 3 1 5 2 4 4 4 5 1 5 5 5 3 5 1 4 5 1 4 4 5 2 5 1 5 3 2 4 3 5 5 2 4 4 1 5 1 3 2 1 3 2 5 3 2 4 2 5 5 5 4 1 3 4 2 2 2 4 2 2 1 4 5 5 2 2 4 4 3 4 5 4 4 3 2 3 1 2 3 5 4 1 4 3 1 1 5 3 4 1 3 3 4 3 5 4 4 3 5 1 4 5 2 3 1 1 2 2 1 2 2 1 5 3 2 1 4 4 4 5 3 2 1 1 1 4 1 2 2 3 3 5 4 5 2 1 1 5 3 5 3 0 1 5 2 3 2 2 3 1 1 1 5 1 3 2 5 5 2 4 4 4 2 3 4 2 4 4 2 3 2 2 4 2 3 3 4 2 5 1 3 1 2 4 5 5 3 2 4 2 2 3 1 3 2 4 3 3 5 1 2 2 3 4 4 4 3 4 5 4 5 1 4 5 3 4 1 5 4 1 3 3 4 4 1 3 2 1 3 4 5 3 2 2 1 2 2 4 3 3 1 2 5 5 1 2 1 3 1 3 2 2 3 3 3 1 1 4 4 5 4 5 1 4 5 5 3 1 2 5 2 4 3 3 1 2 4 5 2 5 5 5 3 2 4 1 2 4 2 5 4 3 5 2 4 1 5 3 4 3 4 4 3 1 2 4 4 4 1 1 3 2 4 4 5 3 3 2 4 3 2 4 2 4 1 4 2 4 2 4 3 2 3 1 2 5 2 1 5 2 1 1 2 2 1
2 2 2 1 1 2 1 1 1 1 1 1 3 1 1 3 5 1 2 4 3 4 4 3 1 4 3 5 4 4 2 1 4 5 4 5 4 3 1 4 5 1 4 2 3 3 5 1 1 4 5 3 1 3 3 1 1 4 3 1 4 2 3 3 3 4 1 2 4 5 3 4 1 2 4 4 1 1 3 2 1 5 5 3 2 4 5 4 1 5 1 1 5 5 1 2 3 5 4 1 5 2 1 2 3 2 1 2 4 5 4 2 1 3 4 4 5 3 2 4 1 1 4 1 1 1 3 3 3 4 4 1 1 5 5 5 4 5 1 5 1 2 2 2 5 4 2 2 5 1 2 5 5 4 3 5 2 4 3 5 1 2 2 3 5 3 2 3 2 4 5 3 2 5 4 3 1 4 5 2 3 4 4 1 2 4 1 4 1 1 4 1 2 2 3 4 2 5 5 5 5 5 2 5 3 5 5 4 3 3 5 5 5 3 2 4 5 1 5 5 1 4 2 1 1 3 5 4 2 4 5 3 3 4 4 2 4 2 1 3 3 5 2 1 1 2 4 4 1 3 1 1 1 3 4 5 1 4 1 1 2 4 3 3 3 4 1 1 3 1 2 5 1 4 2 3 5 2 3 3 2 2 5 2 2 3 5 5 1 1 1 2 2 3 4 1 3 0 5 1 4 3 2 1 2 5 2 4 5 2 2 5 5 4 1 1 5 1 3 3 2 2 4 3 2 3 4 4 2 3 1 2 5 1 5 3 5 4 4 1 5 2 3 4 4 2 5 1 4 2 4 1 2 4 4 1 1 3 2 1 3 1 5 2 1 5 3 3 4 5 1 2 5 5 5 1 1 5 5 4 3 5 1 5 5 5 4 4 4 3 2 2 5 2 4 1 3 3 4 2 5 1 4 4 5 2 1 4 5 5 5 2 5 5 1 1 3 1 5 3 2 1 3 3 4 5 4 1 2 5 4 5 3 3 2 2 1 1 2 2 5 4 2 1 2 5 5 4 2 3 3 4 2 3 5 2 2 3 1 1 3 5 5 3 4 3 3 4 4 5 3 3 2 5 3 3 5 4 3 4 5 4 5 2 2 4 2 1 2 4 4 3 1 1 4 2 4 5 3 4
2 1 2 2 2 1 2 4 5 1 5 4 5 1 3 4 1 4 3 5 1 1 2 4 1 5 3 3 4 4 1 5 2 3 3 1 3 5 4 1 3 1 3 1 3 5 3 3 3 3 2 4 4 3 2 3 3 3 4 3 3 2 2 1 2 4 5 3 1 4 2 5 3 1 1 2 2 3 4 2 5 1 2 2 3 3 3 5 2 3 4 2 3 5 3 3 4 1 1 4 5 2 2 3 4 1 5 2 4 4 3 1 1 4 1 3 3 4 4 3 3 5 1 3 3 2 2 2 4 1 1 3 1 4 1 2 3 1 1 1 2 1 2 2 1 2 5 3 5 4 1 2 2 2 3 4 4 3 2 1 3 5 1 4 5 3 4 2 4 4 5 3 5 1 3 1 3 1 1 3 1 4 4 4 2 1 3 1 2 4 1 2 5 4 1 4 1 3 4 2 5 2 1 3 5 5 4 5 5 3 3 2 1 5 4 5 2 2 4 1 1 4 3 2 5 4 3 1 4 3 3 4 3 5 3 4 2 1 5 4 5 3 2 1 5 4 5 2 4 2 5 4 3 3 1 2 4 3 2 1 5 3 4 2 5 3 3 5 2 5 1 4 3 3 3 4 3 1 3 2 5 5 2 2 5 1 2 5 3 2 5 3 3 4 5 2 3 3 0 4 5 5 4 2 1 1 1 2 2 1 1 3 5 1 5 3 5 3 3 4 4 5 2 1 1 2 5 4 4 2 2 5 1 3 5 2 1 4 1 2 5 4 1 1 4 5 5 1 5 2 5 5 1 3 5 1 5 2 2 1 3 4 5 4 3 2 1 4 5 1 2 4 2 3 1 3 5 1 4 2 2 2 3 4 3 2 1 4 2 1 3 3 3 5 4 3 3 5 4 4 5 2 1 2 1 5 5 2 3 3 3 4 1 4 3 1 1 4 1 1 5 4 1 4 2 2 5 4 3 1 4 5 5 4 1 4 4 1 4 2 3 3 3 4 5 5 5 3 3 3 1 2 4 4 2 4 4 4 1 5 1 4 5 1 4 1 1 5 1 2 1 1 4 4 1 3 3 3 4 3 3 4 5 4 1 1 4 5 3 3 4 3 3 1 4 2 2 5 5 2
2 1 1 3 1 3 2 4 3 2 3 1 4 3 2 5 3 2 4 5 3 5 4 3 2 3 1 5 2 4 1 3 5 5 5 5 3 4 5 3 3 5 4 2 3 2 5 2 5 1 1 5 5 2 1 4 2 5 3 3 3 5 2 4 3 3 3 1 1 5 1 4 2 2 4 2 1 5 1 4 5 2 5 2 1 3 3 3 4 2 2 2 1 2 3 5 4 2 3 2 1 2 1 2 3 3 3 3 4 4 2 3 1 5 3 2 3 1 1 3 2 4 5 5 2 4 2 1 5 3 4 3 1 3 5 4 1 3 1 1 3 1 5 1 4 3 4 2 4 1 1 1 4 1 5 1 1 2 5 5 4 2 2 3 5 5 4 5 1 5 5 2 2 4 3 3 2 1 5 5 2 5 3 5 4 4 4 2 4 5 5 3 2 3 3 1 4 5 2 5 3 5 3 3 4 3 1 3 4 5 1 2 3 5 4 4 4 5 1 2 2 2 2 5 5 2 4 5 5 3 2 4 1 2 1 5 2 5 1 1 4 3 1 3 3 1 3 3 1 5 5 3 2 5 5 3 3 3 5 4 5 3 5 1 2 5 1 4 3 1 2 5 1 3 5 4 4 3 5 2 5 1 4 4 5 1 5 5 1 4 3 5 3 2 2 3 4 5 2 0 2 2 1 1 5 4 2 2 3 2 1 5 4 5 4 1 4 1 3 5 5 1 2 2 5 1 4 4 2 4 5 5 1 1 2 3 2 1 5 2 1 3 2 5 4 5 5 4 1 2 4 4 5 1 2 4 3 5 2 1 4 1 3 2 2 2 5 3 4 5 4 3 2 5 5 2 1 3 5 1 1 3 3 3 4 3 5 1 1 1 5 5 2 3 4 5 2 3 4 1 2 3 3 1 5 1 5 1 3 1 1 5 3 5 4 1 5 5 4 4 3 1 4 4 2 5 4 5 1 4 1 5 5 1 4 3 1 1 2 2 4 1 2 5 2 5 1 1 4 4 2 5 1 4 5 2 1 3 4 3 4 4 2 1 2 3 2 2 2 4 4 4 4 1 4 5 2 2 4 4 1 5 1 2 2 1 1 2 3 3 1 4 5 1 4 1 2 1 1 4
1 2 3 3 4 4 2 1 3 2 3 4 5 2 1 4 1 2 2 4 2 3 2 4 5 5 1 1 1 3 3 4 3 1 3 2 2 5 5 5 1 5 2 2 2 4 3 4 5 4 2 1 1 3 3 2 2 2 4 2 2 4 5 2 5 5 2 4 4 3 3 5 3 4 3 1 5 3 5 2 2 4 2 5 1 1 5 5 2 4 1 3 1 2 2 5 3 2 4 1 2 5 1 1 4 1 2 2 4 4 4 3 1 2 2 3 4 4 2 5 1 1 2 2 5 1 1 3 2 5 2 5 1 1 2 4 2 4 3 2 5 1 1 5 5 2 3 4 5 4 3 5 1 2 5 3 1 1 5 4 2 2 4 3 5 4 3 2 2 4 2 2 3 1 4 2 3 3 4 2 3 1 1 1 2 5 1 2 4 4 5 2 5 3 3 4 1 1 2 5 3 5 4 3 5 3 1 2 2 5 3 1 4 5 5 3 5 3 3 1 2 4 1 1 4 3 1 2 4 1 2 3 2 4 1 4 1 4 1 4 1 3 4 2 5 4 4 2 4 1 3 2 5 3 1 3 3 1 3 1 2 4 4 1 3 1 3 4 4 4 2 2 4 1 5 2 4 1 3 5 4 2 2 1 5 1 4 1 2 2 3 5 3 1 1 5 3 3 2 3 0 3 5 4 1 4 4 1 1 4 3 5 1 1 2 1 2 5 1 2 2 5 2 4 2 4 1 4 5 1 4 4 4 4 4 3 3 2 1 4 5 3 4 1 3 2 2 5 5 3 5 3 2 4 3 5 2 4 5 5 1 4 3 2 2 3 3 2 1 2 3 3 5 2 5 3 5 1 5 3 5 2 2 1 3 1 2 5 1 1 2 4 1 1 5 4 4 1 1 2 2 2 1 5 3 1 4 2 1 2 4 2 3 5 3 4 2 4 4 2 2 1 3 1 5 2 1 5 2 3 1 1 5 5 5 4 5 2 3 5 4 2 5 4 1 3 3 5 4 1 3 1 3 4 1 3 4 5 5 1 3 5 3 3 5 4 2 2 4 4 1 2 4 1 3 3 2 3 3 4 1 1 2 1 2 3 1 4 3 3 3 2 2 3 2 4 1 1 5 3
5 5 4 4 3 2 5 2 3 3 3 4 4 5 1 3 1 3 2 2 3 4 5 2 1 2 2 1 1 2 3 5 4 5 3 1 2 4 2 2 5 5 4 1 1 3 2 1 4 2 3 4 2 1 5 3 5 4 1 2 1 2 5 2 1 2 5 1 1 3 5 5 5 2 4 2 2 3 4 4 1 2 1 2 3 3 5 2 4 4 2 1 2 1 2 3 2 2 1 5 1 2 2 5 4 3 5 2 2 5 1 2 4 1 3 4 1 3 1 3 3 1 1 3 4 1 3 4 4 5 4 2 5 5 4 2 3 5 1 4 5 3 2 5 4 3 4 2 4 1 1 2 4 1 2 2 3 5 4 2 3 4 4 2 4 5 4 2 5 2 4 2 2 1 3 5 2 2 5 1 3 2 5 3 3 1 4 2 4 3 1 2 5 2 5 4 5 2 3 1 5 4 2 5 1 5 5 3 2 1 1 2 3 1 4 4 4 2 3 2 2 5 5 5 2 4 5 2 4 3 4 3 4 1 1 4 5 2 4 1 4 1 4 3 2 5 4 1 3 1 3 4 1 1 2 2 5 5 2 4 4 3 4 1 1 2 2 4 2 5 3 1 1 3 3 3 5 1 4 1 4 3 1 4 1 5 4 4 3 3 3 5 1 3 1 5 2 4 4 4 5 0 3 1 4 3 3 1 4 2 3 3 2 2 1 1 4 1 2 1 3 2 3 1 5 3 1 3 2 4 5 3 2 5 3 1 4 5 1 1 2 4 1 3 3 4 2 1 1 4 1 1 1 5 5 4 3 1 5 2 4 3 1 3 3 2 5 2 2 5 1 5 3 2 4 3 2 4 3 5 3 2 3 3 4 4 1 3 1 1 1 1 3 1 3 1 3 5 5 4 4 3 1 5 5 3 1 2 5 1 3 5 5 2 1 4 3 1 2 2 3 1 1 2 1 1 1 5 5 4 1 4 5 3 5 4 3 4 5 3 5 2 2 4 2 5 1 5 4 4 2 1 2 2 5 3 2 4 3 5 1 3 3 3 3 5 2 1 1 4 1 5 1 3 5 3 4 1 3 3 4 1 1 4 3 2 3 1 2 1 1 2 3 1 5 2 1 2 5 1
1 5 5 1 2 4 3 5 3 3 2 3 3 2 2 5 4 5 1 2 1 3 3 1 1 1 1 3 5 1 2 4 5 3 1 4 1 2 5 5 4 3 1 3 4 5 2 4 5 2 5 3 3 5 2 4 3 4 5 2 4 4 3 3 2 4 2 4 1 1 1 3 5 3 1 3 5 5 1 4 1 5 3 2 5 5 3 4 3 4 3 2 2 1 2 1 4 4 2 3 4 3 2 4 5 5 3 2 4 4 4 2 3 3 2 4 2 5 5 2 1 3 1 1 4 2 3 1 1 5 4 2 5 3 5 2 5 3 5 4 2 4 4 4 5 3 3 2 5 1 3 2 1 3 1 2 5 1 1 3 4 4 5 4 5 4 3 2 4 5 5 4 2 5 3 4 1 5 3 5 2 2 2 5 5 2 4 1 1 4 3 3 3 1 4 5 4 1 4 4 2 4 3 3 3 5 1 5 5 3 4 1 1 5 2 3 3 4 4 1 1 3 5 4 5 2 3 1 2 3 4 4 4 2 5 4 5 2 2 5 2 4 3 3 4 1 4 4 4 2 4 1 5 2 5 5 2 4 2 1 1 4 4 5 1 3 4 4 3 2 4 2 4 3 5 4 5 5 1 2 4 3 4 5 4 5 5 4 3 5 3 1 4 5 4 3 2 3 4 1 2 5 0 2 4 3 4 5 4 3 4 5 3 3 1 4 5 2 3 1 2 3 2 5 5 2 1 3 2 5 2 2 4 4 1 1 2 1 4 2 1 3 2 1 1 2 2 5 2 4 3 5 4 4 1 3 3 5 1 1 1 5 2 5 2 3 2 4 4 4 4 3 3 5 3 3 5 4 1 4 5 3 1 4 1 1 4 4 2 4 5 4 3 3 3 2 4 3 2 3 1 2 3 5 5 5 2 4 5 2 4 5 5 3 4 3 4 5 2 3 3 5 2 5 5 5 5 3 3 5 5 1 3 1 3 3 4 1 1 3 4 2 5 1 4 1 3 4 2 2 1 2 1 5 3 5 1 1 1 5 5 5 5 3 1 1 4 5 2 5 4 3 2 5 2 4 1 5 4 3 4 1 1 4 2 5 4 5 3 2 4 3 1 2 4 2 4 3 3 1
3 5 3 1 3 4 3 5 2 2 2 5 1 4 5 1 3 5 2 5 1 5 5 3 2 2 4 1 4 1 1 4 1 2 4 1 3 5 4 2 5 3 2 1 1 4 5 2 2 5 4 2 4 3 5 1 1 1 3 4 1 2 5 4 4 4 3 1 3 3 4 1 3 4 3 1 3 4 4 4 3 1 2 3 5 2 2 2 1 3 4 1 2 2 2 1 1 5 5 3 2 2 1 5 5 2 2 1 1 1 1 5 3 2 4 2 4 4 2 5 2 1 4 1 4 2 4 3 3 3 5 4 2 2 2 4 2 2 5 1 5 1 2 1 5 5 3 1 1 5 3 1 2 1 4 4 3 1 5 1 4 5 5 1 1 5 4 3 5 1 3 2 1 2 5 4 5 5 3 1 3 5 1 4 5 3 5 3 1 5 1 4 3 1 1 3 5 1 5 3 5 5 5 2 3 4 4 3 2 2 3 5 2 2 1 5 4 1 2 3 3 1 2 3 1 1 2 3 5 5 4 1 5 3 4 2 1 2 1 4 3 3 2 2 3 2 5 4 2 3 4 5 3 1 4 4 5 4 3 4 2 2 2 4 3 5 3 4 3 2 2 1 1 4 5 4 4 1 2 1 1 1 1 3 4 2 1 1 1 3 1 5 5 5 5 3 4 3 1 2 3 2 2 0 2 3 3 5 1 1 5 5 5 4 1 4 4 1 3 1 1 2 4 2 4 1 4 2 5 5 3 2 1 4 3 2 2 5 1 1 2 1 5 5 3 4 4 2 1 3 2 2 2 5 1 2 2 1 3 5 2 4 5 1 2 4 2 1 4 1 4 4 3 2 4 1 4 2 5 3 4 2 4 3 2 2 2 2 4 1 5 2 5 2 3 4 1 5 2 5 4 3 2 4 3 1 2 5 3 1 2 4 2 4 5 1 4 1 1 5 5 2 5 3 3 3 1 3 2 4 3 4 1 2 3 5 5 5 1 2 1 3 5 4 1 1 4 3 2 5 5 1 3 1 4 3 1 5 3 4 1 3 1 4 4 2 4 4 5 5 2 4 3 3 1 4 3 4 1 2 1 1 3 4 1 5 2 4 3 4 5 1 5 2 3 1 2 4 1 4
4 2 4 2 2 1 3 4 2 5 4 2 2 5 4 5 2 1 1 3 3 1 5 3 2 2 4 5 4 1 1 5 4 4 4 3 3 2 4 3 3 3 3 1 4 5 1 2 2 4 4 1 5 4 5 1 3 2 3 1 4 2 3 3 3 2 3 1 5 4 5 2 2 3 4 4 1 3 4 3 5 5 3 2 1 4 2 4 2 2 3 1 1 4 2 1 1 5 1 2 4 2 4 3 2 4 1 4 2 4 4 5 2 5 4 1 4 1 4 5 3 5 1 4 5 3 4 2 3 3 2 4 4 3 4 5 3 3 3 3 3 1 4 5 5 3 4 2 2 1 2 4 1 5 1 4 2 3 4 3 2 4 2 1 1 3 2 5 1 2 1 4 4 5 1 4 5 1 5 5 4 4 5 4 5 1 3 3 2 5 1 4 3 2 1 2 1 5 2 4 4 1 4 2 4 1 5 5 3 2 5 4 5 1 2 1 3 5 3 4 3 2 3 2 4 4 3 1 2 3 4 1 4 5 2 2 4 1 1 2 3 2 2 1 2 1 1 1 3 3 4 2 2 2 5 5 4 1 3 3 5 3 5 4 3 4 3 3 2 4 4 4 2 5 4 5 2 3 5 2 1 1 5 5 3 2 1 1 5 3 5 1 2 5 5 4 2 3 5 3 1 2 4 5 0 5 2 2 2 3 1 4 2 4 4 4 5 4 2 3 2 1 2 4 4 2 2 4 2 3 5 2 3 3 1 2 2 3 1 2 4 3 4 1 4 3 1 1 4 2 5 5 1 2 1 3 3 4 2 2 1 3 5 4 4 5 4 3 1 5 5 4 1 3 5 2 2 4 2 2 4 4 5 3 3 1 4 3 1 2 5 3 2 4 5 2 1 2 1 3 4 5 4 1 5 3 1 3 4 2 3 2 3 5 2 4 2 4 3 4 2 2 4 2 3 4 3 3 5 4 2 1 1 2 1 5 2 2 1 1 3 4 5 5 4 4 4 5 4 5 1 1 3 4 2 5 3 4 1 2 2 2 4 1 5 1 4 4 5 1 2 5 1 1 1 1 4 2 1 5 4 2 2 4 3 3 1 2 4 3 4 4 5 1 2 2 1 5 5 5
3 2 1 2 2 3 4 5 2 1 4 3 3 4 1 4 3 3 2 1 3 5 5 4 5 3 1 1 2 3 1 2 2 2 1 4 5 4 1 4 4 3 2 1 3 3 5 4 4 4 5 3 5 1 2 4 5 2 1 5 1 1 5 4 3 4 3 2 1 2 4 1 1 2 5 3 1 3 5 4 3 2 5 4 1 3 1 1 1 5 3 3 4 3 3 2 4 5 2 3 5 1 4 2 5 1 2 4 5 4 4 5 2 4 2 3 4 2 3 3 5 5 1 3 4 3 4 5 4 2 2 3 5 1 1 1 5 1 5 3 2 2 5 4 2 1 5 3 2 3 3 4 4 1 2 3 5 2 2 4 3 2 1 3 4 3 4 4 1 5 1 4 1 3 4 5 4 1 2 1 5 5 3 4 3 4 1 2 5 2 2 4 2 1 5 5 2 4 5 1 1 5 2 1 2 1 1 3 1 2 5 3 3 2 3 1 5 5 3 3 3 1 3 2 2 3 4 2 1 2 5 3 2 2 4 3 4 1 5 2 1 5 5 2 5 2 5 1 3 2 1 1 3 3 3 3 5 5 5 5 5 3 4 3 4 4 5 1 4 3 5 5 3 3 3 4 3 4 2 2 2 3 5 5 2 5 3 4 4 3 1 5 1 2 1 3 2 3 5 3 4 1 2 1 2 0 3 1 4 3 5 2 2 5 2 3 3 1 1 5 2 1 3 2 1 3 3 3 4 2 3 2 4 1 5 4 1 3 2 5 5 5 1 2 1 1 4 5 1 3 4 2 4 4 5 1 3 5 5 2 1 1 3 4 3 3 4 4 5 1 2 5 5 1 4 2 2 3 5 5 5 3 1 2 5 3 1 4 3 2 3 5 1 3 4 4 4 2 1 5 1 3 4 3 4 4 1 5 1 4 3 3 5 3 2 2 3 3 1 1 5 4 2 4 2 5 4 4 1 5 3 3 5 5 4 4 3 3 3 1 4 3 2 3 4 3 1 4 2 1 4 3 3 4 5 4 1 1 3 5 1 1 1 3 1 3 5 3 3 3 4 2 1 4 2 2 3 3 2 1 1 5 4 2 4 1 2 4 4 2 5 2 1 2 4 2 3 2 3 4
1 4 1 4 4 3 5 5 2 5 5 2 5 3 2 3 5 3 3 4 4 2 3 1 1 1 1 3 4 2 5 2 1 5 2 4 4 5 1 2 2 1 1 3 2 3 3 1 4 5 5 2 3 2 4 4 5 5 3 5 3 2 2 4 5 5 3 3 5 2 1 4 4 3 4 2 1 3 3 1 4 4 4 4 3 3 4 4 2 2 5 1 5 2 5 3 5 4 2 4 1 5 1 3 2 5 1 1 5 4 2 3 3 3 4 3 2 2 4 1 2 3 2 4 4 4 3 5 4 1 2 5 5 4 1 4 1 2 5 5 3 3 5 3 1 5 5 5 2 4 1 5 3 5 1 1 5 1 3 5 3 5 5 3 1 2 4 1 3 3 3 1 5 4 4 4 3 3 4 3 5 2 1 3 4 2 3 4 2 4 3 1 1 5 1 3 2 1 4 5 4 5 5 2 2 4 1 3 3 4 4 4 3 4 2 3 1 4 5 2 3 5 3 2 3 5 1 5 4 4 4 2 4 3 4 2 1 3 1 1 5 2 3 1 1 4 4 4 4 2 5 1 5 3 4 4 5 2 4 4 2 1 1 2 5 4 1 3 2 2 4 1 1 5 4 1 4 3 5 3 1 1 1 5 5 4 4 1 5 1 4 4 3 1 4 4 2 5 5 3 3 3 2 5 4 1 0 5 4 4 4 2 5 2 2 4 3 2 1 4 3 2 4 3 2 4 3 1 3 5 2 1 1 4 1 2 5 4 4 4 2 4 4 3 4 4 1 4 1 2 2 5 4 2 2 2 4 3 3 4 4 4 4 4 4 3 2 3 2 4 3 2 2 2 1 4 1 5 3 1 2 3 2 5 4 2 2 3 5 3 5 5 2 1 5 3 5 5 5 2 2 1 1 4 3 4 1 3 4 2 3 2 5 5 2 4 1 2 3 4 5 5 5 1 5 1 3 2 4 4 3 1 1 3 4 5 2 4 2 2 3 3 2 4 5 4 3 2 3 3 2 2 1 3 2 2 1 2 2 5 5 2 1 3 1 4 5 2 1 1 2 4 4 4 3 5 5 3 5 2 1 1 1 4 4 5 4 1 5 2 4 3 2 2 3 2 2 2 3 1
3 4 3 4 3 4 1 3 5 1 5 5 1 3 1 4 3 2 1 1 4 2 4 4 2 4 1 5 4 4 5 3 4 2 5 4 4 3 4 4 5 1 3 3 5 2 1 3 4 2 2 5 3 5 2 2 4 1 2 3 4 4 5 4 3 3 3 2 1 2 5 2 1 3 5 2 2 5 4 5 5 2 5 5 1 1 4 1 4 3 2 2 5 1 3 3 3 3 5 5 2 5 3 4 1 5 1 1 4 2 1 2 5 3 3 4 1 5 3 4 4 2 2 3 5 3 1 1 2 2 4 1 3 5 2 2 3 4 2 4 1 1 1 2 1 1 4 1 4 5 2 4 2 3 3 4 3 1 2 1 4 3 3 2 5 5 4 4 2 4 5 4 5 3 1 5 5 5 3 2 3 2 2 2 3 1 5 2 3 1 5 5 5 3 3 3 4 5 2 3 3 5 3 4 1 1 5 1 3 3 1 3 2 5 4 3 4 3 2 4 3 4 5 5 3 4 5 3 3 4 2 2 3 4 1 1 4 4 2 4 4 1 4 3 2 3 3 4 2 3 3 4 5 5 1 1 3 1 5 4 4 4 4 5 4 5 3 2 3 2 5 4 4 5 3 4 4 5 1 4 2 1 4 1 5 3 4 3 5 4 5 4 2 3 5 3 5 4 4 2 5 5 5 1 1 5 5 0 1 1 3 5 4 3 1 3 3 1 1 5 5 5 1 2 4 5 3 3 1 2 5 2 5 2 4 3 2 1 1 1 4 3 4 3 1 2 5 2 1 1 3 3 5 1 2 2 5 3 3 1 1 2 2 2 1 4 1 1 2 3 2 1 3 5 1 2 3 5 4 2 1 1 2 4 5 3 3 2 3 1 3 1 4 3 1 3 3 1 2 4 4 3 1 4 2 5 3 5 4 4 1 5 3 1 4 3 5 4 3 3 1 1 1 2 1 3 2 5 1 5 3 1 5 3 5 3 1 5 1 2 3 5 4 3 5 5 5 4 1 5 4 4 1 1 4 3 4 2 3 5 4 2 4 3 1 5 3 2 3 1 5 4 3 3 1 5 2 4 2 3 4 3 2 5 1 2 3 1 1 3 4 4 2 1 1 3 5 1 4 1
3 5 1 2 1 2 2 5 4 5 2 4 2 3 3 5 1 4 2 5 1 1 3 3 2 3 3 1 2 2 1 3 2 3 3 5 1 3 4 4 5 1 1 3 1 1 3 4 1 1 1 2 3 1 4 2 2 5 3 3 3 3 1 4 5 4 5 2 5 2 2 5 4 2 4 1 2 5 2 5 3 5 1 2 4 5 2 5 5 5 5 1 1 3 3 2 5 1 3 5 2 1 1 2 4 4 4 1 3 2 1 5 1 3 2 3 4 1 1 3 2 2 4 2 2 2 4 4 3 5 3 3 4 1 2 5 4 1 2 4 2 4 2 3 3 5 2 2 1 3 1 5 1 3 2 1 3 1 5 1 5 2 3 3 1 5 2 3 3 2 1 3 4 4 2 3 5 2 4 4 4 3 2 3 4 2 1 2 2 2 1 1 4 4 1 2 1 1 1 3 5 3 5 2 1 3 5 2 1 1 3 1 2 3 3 5 1 4 3 4 2 5 1 1 1 5 1 4 3 2 3 3 3 2 2 4 4 2 2 2 5 3 5 4 4 2 4 4 5 5 3 2 4 2 1 4 5 5 2 3 4 5 5 2 4 2 1 4 3 5 3 5 1 2 4 4 3 2 3 1 5 3 4 3 3 3 1 1 4 2 4 1 4 5 1 2 3 1 2 4 1 5 1 1 5 4 2 4 0 4 3 4 1 5 1 2 3 4 3 3 5 4 3 1 1 4 2 2 1 3 1 5 1 4 3 1 3 4 5 4 1 4 5 3 2 4 1 1 5 5 4 3 4 4 5 1 4 1 1 3 5 4 5 2 5 1 5 3 3 1 4 3 1 2 2 5 5 4 5 4 4 1 1 5 2 1 4 4 5 3 5 3 3 3 1 1 3 1 1 2 3 1 1 1 2 2 1 1 5 1 4 4 4 2 3 3 1 3 3 3 1 4 5 5 2 2 1 3 2 5 2 1 4 1 1 2 2 2 5 3 5 3 1 3 5 1 2 2 2 5 3 1 4 2 5 2 2 5 5 5 3 2 4 3 2 1 1 4 3 1 1 4 3 4 3 1 1 4 4 2 4 5 3 4 4 3 4 5 2 1 3 3 3 4 5 1 4 5 4 1
5 2 4 4 3 2 4 3 4 1 5 4 2 4 5 1 2 5 5 2 1 1 2 5 2 5 2 4 2 1 3 2 5 4 4 2 5 5 2 2 2 5 2 3 4 3 5 4 4 5 4 2 4 5 4 1 2 5 5 2 3 2 1 4 1 3 3 2 1 4 5 1 4 3 3 1 5 5 5 3 2 5 3 3 1 4 2 5 4 1 3 3 5 3 1 1 4 4 3 3 4 1 4 3 4 5 1 2 1 4 3 3 1 5 1 2 1 3 4 5 5 4 5 3 3 2 2 4 3 1 2 3 2 3 3 5 5 3 1 5 3 1 1 4 2 2 2 5 1 5 3 4 3 4 5 4 1 5 2 2 1 4 4 4 1 3 3 4 1 5 1 5 1 2 4 3 2 2 3 1 2 4 5 1 4 3 3 3 1 3 1 5 5 3 2 2 4 5 1 4 5 5 5 2 5 5 4 2 3 5 1 3 2 3 4 4 5 3 5 2 4 5 1 2 5 1 3 1 4 4 2 4 3 4 4 1 2 4 1 1 4 2 4 2 4 4 1 2 5 5 4 4 2 3 5 3 3 4 1 2 4 2 1 1 5 2 3 3 5 4 2 5 5 3 5 4 3 2 4 4 4 5 5 5 3 2 5 5 4 5 4 4 4 5 2 5 5 5 2 2 5 4 1 1 5 4 5 1 5 0 2 2 3 5 3 1 3 5 3 2 5 5 4 3 3 3 5 3 3 2 1 5 1 3 5 1 5 1 4 2 2 3 5 3 1 5 1 4 1 1 5 5 2 3 3 3 4 5 5 5 1 5 5 5 3 1 3 3 4 3 1 3 4 4 4 4 2 4 1 4 3 1 3 2 5 3 2 2 4 1 3 1 2 1 5 2 2 1 4 4 2 2 4 1 2 3 3 1 1 3 5 2 1 2 1 4 5 4 1 5 4 1 2 5 5 4 2 1 5 1 3 2 3 1 4 5 5 2 4 5 4 5 5 2 1 1 2 2 5 5 3 3 4 1 1 2 2 5 1 3 5 2 3 2 3 4 4 1 4 3 1 2 4 2 3 5 2 4 5 3 5 3 4 2 4 4 4 2 1 2 5 3 1 4 5 1 3 5 5 4
3 2 2 3 3 5 5 3 4 5 4 5 5 4 2 5 5 4 1 2 1 1 2 4 2 2 1 3 4 2 5 5 3 3 5 2 1 3 1 3 3 3 4 1 5 5 2 2 3 5 3 1 5 3 2 3 1 4 4 4 1 5 2 3 2 4 2 2 2 3 1 5 2 2 2 3 2 1 1 5 5 2 5 3 1 5 2 3 4 5 2 5 4 1 4 2 3 1 5 3 5 5 4 1 4 2 5 4 3 5 1 1 3 1 3 1 5 3 1 3 3 2 5 5 5 1 4 1 4 4 2 5 3 2 4 2 1 3 2 2 5 3 1 4 5 4 1 1 1 3 2 5 5 1 3 1 5 1 1 1 3 2 3 3 2 2 5 2 2 5 3 3 3 2 4 3 3 4 5 3 1 2 2 3 4 5 5 3 1 2 2 4 3 1 5 1 1 4 5 5 3 4 5 3 5 4 3 2 2 5 3 2 2 4 3 3 4 5 4 4 2 4 1 3 4 4 2 2 2 3 3 1 4 4 3 3 5 1 3 1 4 5 3 1 2 4 1 3 5 5 4 1 3 4 4 3 4 5 5 2 2 3 2 4 4 4 1 3 1 2 1 4 3 5 4 5 5 4 5 5 5 2 1 3 5 5 1 4 2 2 3 2 2 2 3 1 5 4 2 1 2 4 2 4 5 4 4 1 2 1 0 1 1 2 4 2 3 2 1 4 1 3 4 3 2 1 5 4 5 4 2 1 4 1 4 4 2 4 3 3 1 4 5 2 2 4 4 5 2 2 5 2 5 2 5 2 3 2 4 1 3 5 2 3 5 1 3 2 1 1 4 4 5 2 3 1 5 2 3 2 4 4 4 2 4 2 4 2 5 2 4 5 1 3 5 3 2 4 5 3 5 1 2 1 1 1 5 2 4 5 3 3 3 2 3 4 3 2 5 2 1 4 2 4 3 2 1 2 2 5 2 4 5 5 4 5 5 2 5 3 5 1 4 1 1 4 1 2 4 1 2 3 3 4 1 4 3 2 5 4 2 5 1 1 5 5 1 1 1 4 2 4 3 1 1 1 2 2 3 3 5 3 2 4 2 2 3 4 3 4 4 1 4 1 3 3 1 1 1 3
5 5 3 4 3 3 3 3 5 5 3 4 3 4 2 3 1 3 5 1 1 3 1 2 4 4 1 3 2 4 3 5 5 5 5 2 4 1 1 3 3 4 2 4 5 3 4 5 4 3 1 1 1 3 2 5 5 3 1 1 4 4 1 1 5 5 3 5 4 3 2 2 3 1 4 3 1 2 5 4 4 2 5 5 2 1 5 4 2 1 4 3 1 2 3 4 1 3 5 2 5 4 3 4 3 3 5 4 4 5 2 5 2 1 1 2 3 1 1 1 3 2 1 2 2 4 3 5 2 5 2 5 1 5 2 5 5 5 3 2 3 2 2 4 1 3 4 2 3 2 1 1 5 1 5 3 3 2 5 4 4 2 2 2 5 2 1 5 2 4 5 1 3 2 4 5 1 4 3 1 4 5 2 4 2 3 3 4 5 2 4 1 1 2 1 2 5 4 3 2 1 2 3 4 3 3 4 3 3 2 3 5 4 5 4 3 1 1 4 1 5 1 1 5 3 1 5 2 2 3 4 3 3 2 2 5 5 3 4 2 1 4 5 3 2 4 2 3 4 3 5 2 3 2 3 5 3 2 3 2 5 4 5 5 2 1 3 4 1 1 4 3 5 1 1 3 2 1 3 3 2 5 1 3 5 4 1 5 2 2 2 5 1 3 4 4 3 4 1 1 1 1 2 4 2 2 3 5 5 4 1 0 5 4 5 2 5 5 4 2 5 4 1 2 1 5 2 4 4 1 5 3 2 4 3 1 2 2 5 1 4 2 1 4 5 4 1 2 2 4 4 2 1 1 5 1 1 2 1 1 5 2 2 2 5 3 4 2 3 4 4 5 1 1 4 2 5 1 4 5 1 5 5 1 4 2 4 2 2 1 2 3 5 3 3 4 5 2 1 3 5 2 2 2 5 3 1 3 4 2 3 3 3 5 5 1 2 2 1 3 4 1 3 2 4 2 1 1 2 2 5 3 3 4 4 3 5 5 4 1 2 4 3 3 4 5 2 3 3 5 4 4 3 3 4 3 5 3 1 2 1 2 3 3 1 4 2 3 3 5 5 5 2 3 5 1 5 5 5 1 5 5 1 2 3 2 1 4 2 2 1 2 1 2 1 3 2 4 4 1
1 4 1 4 2 5 1 4 5 3 5 5 4 5 1 3 5 2 5 1 4 1 2 4 5 4 5 4 1 2 2 4 4 5 3 3 1 2 3 3 1 5 4 1 2 2 3 5 3 1 3 4 3 5 1 5 5 5 2 1 3 1 5 3 1 3 2 1 3 5 4 5 3 2 3 1 1 3 1 3 3 2 1 1 5 2 5 2 3 4 3 2 4 2 5 5 4 4 3 1 5 2 3 1 5 2 3 3 5 5 1 3 2 3 1 1 3 1 2 2 3 5 3 1 4 2 3 3 2 3 1 1 5 3 4 3 3 1 1 4 1 3 4 5 4 3 1 2 5 4 1 2 4 4 3 4 4 5 5 5 1 4 5 3 5 2 5 3 3 1 4 3 3 1 2 3 2 4 4 5 1 1 3 2 5 2 1 2 2 3 2 3 5 4 1 4 5 3 4 5 2 3 4 4 5 5 2 1 1 1 5 1 2 4 4 3 1 5 1 5 5 2 1 4 4 4 4 5 4 5 3 3 4 2 4 1 5 3 4 3 2 2 3 1 1 2 3 5 4 4 4 3 5 3 2 3 3 1 5 3 4 3 2 3 3 2 4 2 2 3 5 3 1 1 2 2 3 1 4 3 2 1 4 4 5 2 3 3 4 3 1 2 2 1 1 1 3 5 2 2 2 5 4 2 4 4 4 2 5 3 4 5 0 3 5 1 5 4 2 5 3 2 1 1 2 1 4 3 3 4 1 3 4 1 3 3 2 2 1 3 1 3 1 3 4 5 3 1 1 2 4 1 5 4 4 5 5 4 4 4 5 3 3 4 1 2 4 1 2 5 3 2 5 2 4 5 2 4 4 5 5 3 4 1 3 5 4 1 2 2 4 1 3 5 2 4 2 1 1 1 3 1 3 5 2 4 1 1 4 5 2 1 4 4 2 2 5 4 2 3 1 4 4 1 3 5 1 4 3 3 2 2 1 5 3 2 1 1 3 4 3 3 3 2 2 1 1 4 4 3 4 4 1 5 5 1 4 4 3 2 2 3 2 5 5 4 1 3 5 3 5 5 1 3 4 4 2 2 4 1 3 5 3 3 1 3 1 3 5 1 3 3 2 4 1 4 3 3 3 3
4 4 5 2 1 1 4 3 2 5 2 2 2 5 4 4 2 1 1 3 1 1 3 4 1 5 3 1 2 2 4 4 1 5 4 1 5 5 5 1 3 3 4 4 1 1 3 1 5 5 5 3 5 5 5 5 5 5 5 2 2 5 1 4 1 1 2 1 3 1 1 3 3 1 4 3 5 5 1 5 3 2 3 3 2 5 3 4 2 5 2 1 4 4 5 2 3 2 5 3 3 3 3 1 1 5 5 4 2 4 3 3 2 3 1 3 1 1 2 1 4 1 3 3 2 2 3 5 4 2 5 2 2 5 1 4 5 1 4 3 2 3 5 1 2 4 5 3 1 5 1 2 3 1 1 3 1 2 1 2 5 3 2 2 5 2 4 4 2 4 3 2 1 2 3 1 2 1 4 3 5 1 1 2 3 4 5 1 2 5 3 2 5 5 4 3 3 1 3 4 5 4 3 3 4 5 5 4 2 4 2 3 4 5 5 2 3 5 2 2 2 2 1 2 3 1 1 3 4 2 3 3 2 4 4 4 2 2 2 3 3 3 3 3 3 5 5 4 1 2 1 3 2 3 4 3 2 2 4 1 1 4 3 5 4 4 1 1 5 2 5 5 2 2 2 5 2 5 1 5 1 2 3 5 5 3 1 5 1 2 4 5 2 5 1 5 5 4 1 4 3 1 3 1 2 5 2 2 2 4 5 4 2 0 4 1 4 3 2 1 3 3 1 4 1 3 1 2 2 4 4 1 5 3 1 2 5 5 3 5 5 4 2 2 4 4 1 2 1 4 5 4 4 5 3 1 2 1 2 2 1 3 1 2 2 5 1 3 5 4 1 3 4 2 2 4 3 4 1 4 3 1 5 2 1 4 1 2 3 2 1 4 1 5 5 1 2 1 5 4 4 5 1 1 2 5 3 5 5 3 4 4 5 1 1 1 5 2 2 1 5 5 1 2 4 3 3 3 2 3 3 4 3 4 3 4 4 1 5 2 1 1 5 4 5 2 2 4 4 3 4 5 3 3 1 4 1 1 1 2 5 3 5 2 5 1 4 4 1 2 3 4 4 1 3 3 4 3 1 3 1 2 5 4 2 5 1 4 1 4 1 2 5 5 3 2 5 5 2 2
4 2 4 1 3 2 5 1 2 1 2 5 3 4 2 3 3 4 5 1 4 3 1 1 4 2 5 1 4 4 2 2 3 2 2 4 5 2 1 3 2 2 4 4 5 4 1 2 3 1 4 4 4 2 3 5 4 1 3 3 1 4 2 4 3 4 2 2 4 5 2 2 5 3 3 3 1 1 3 4 2 4 1 5 4 5 5 2 3 5 1 5 3 1 4 2 4 2 1 4 3 1 4 3 4 5 5 2 5 2 1 1 1 3 4 4 1 4 4 2 4 2 5 1 5 4 2 1 1 1 1 4 2 4 2 5 4 5 5 4 2 1 1 1 5 1 2 5 4 3 4 3 3 3 1 2 4 2 5 3 4 1 1 3 1 4 5 3 1 2 4 4 1 3 3 5 5 2 5 2 4 2 5 4 2 1 3 2 2 1 5 3 5 4 3 4 4 3 5 3 4 2 5 1 2 1 5 1 4 1 4 5 1 4 3 5 5 3 2 2 3 3 4 3 2 1 3 3 3 4 3 1 4 2 2 5 5 3 4 3 1 4 4 4 4 2 4 4 4 4 2 3 4 2 2 1 5 3 2 3 2 3 1 4 5 2 5 5 1 2 5 5 5 3 2 4 4 4 4 5 5 4 3 2 1 1 5 5 2 4 4 1 1 3 4 2 1 1 3 1 5 5 2 3 2 1 3 3 1 4 2 3 3 5 0 1 4 5 2 2 4 5 4 3 2 3 3 3 1 2 4 5 2 4 5 2 5 5 2 5 1 4 2 2 4 3 3 1 3 4 3 2 3 1 2 3 1 4 1 5 5 4 3 5 1 3 3 4 5 5 5 4 2 4 3 3 1 3 4 1 4 4 2 3 5 4 5 1 2 1 4 2 5 1 2 5 1 5 5 2 3 5 3 2 3 2 1 2 2 5 3 4 5 3 3 2 2 5 5 4 2 5 2 3 4 1 4 5 2 4 4 3 3 1 5 3 4 3 4 1 5 4 2 5 1 2 3 3 1 1 2 4 3 3 2 5 1 4 3 1 2 5 5 3 1 1 3 4 1 4 1 2 1 1 3 3 4 3 2 2 5 2 3 3 3 5 4 1 5 4 5 4 3 2 1 1 5 3 4 4
4 5 1 1 2 2 2 2 1 5 4 2 4 1 3 4 2 3 1 3 3 2 3 3 4 2 3 3 1 4 4 3 2 1 2 2 1 4 5 3 2 3 3 2 4 4 2 1 4 2 5 4 2 4 2 4 5 1 5 4 1 5 5 3 1 2 2 1 5 5 5 5 3 3 1 3 1 3 1 4 1 4 4 4 2 1 5 4 4 5 2 4 1 4 3 5 1 1 5 3 4 3 1 1 4 4 5 1 5 3 2 3 2 1 4 4 1 2 2 4 4 1 2 3 2 4 2 2 2 5 1 5 1 5 2 1 1 1 2 1 4 3 1 4 5 1 3 4 1 5 1 3 5 1 5 1 4 4 2 3 5 4 1 4 5 2 1 1 4 4 5 1 4 2 5 1 5 1 2 4 2 4 3 5 1 4 4 4 2 2 4 5 4 4 5 4 1 2 2 1 4 1 5 2 1 3 1 2 2 2 1 1 4 5 1 2 5 4 5 1 1 5 4 2 1 1 4 3 4 3 5 3 5 3 3 4 3 1 1 3 4 1 3 4 2 3 5 4 3 3 1 5 4 3 5 3 1 5 1 2 2 4 2 3 4 1 4 2 5 1 1 1 4 3 5 5 4 4 4 1 4 2 1 1 5 5 3 4 5 5 5 5 3 3 1 4 5 1 5 1 4 2 5 2 3 1 3 1 1 1 1 5 1 4 1 0 3 4 2 2 4 1 2 1 5 5 4 2 4 3 2 1 2 3 2 3 5 1 4 2 5 2 2 2 4 2 4 1 1 1 1 2 5 3 3 1 1 2 3 1 4 4 1 1 3 1 4 2 3 2 5 2 4 4 4 2 4 4 4 3 1 2 1 1 5 3 5 4 3 4 5 2 2 2 1 1 3 4 5 2 3 5 2 4 4 2 4 2 3 3 2 5 2 5 2 3 1 1 4 4 2 2 3 2 2 5 2 2 3 4 1 5 4 5 1 2 1 5 3 4 4 5 2 5 2 4 2 2 3 1 3 4 5 3 3 4 4 5 3 3 3 2 2 2 3 5 2 4 3 4 4 2 2 5 1 2 2 4 2 4 4 2 3 2 3 4 4 2 3 3 2 3 4 1 3 1 5 4 4 3
4 5 5 3 4 3 3 5 4 2 5 4 4 1 1 4 5 4 5 3 3 3 4 5 5 4 1 2 3 2 4 4 2 1 5 4 3 1 4 4 4 3 2 4 1 1 3 5 4 4 1 4 1 5 4 1 4 5 3 3 3 2 3 2 5 2 1 3 1 3 1 5 5 1 2 3 3 4 5 2 4 1 1 1 2 4 1 1 4 5 5 3 4 1 1 2 1 2 1 5 4 1 4 4 2 3 2 3 1 4 3 4 5 2 3 3 1 1 1 2 2 3 4 3 5 2 2 3 5 5 5 2 3 5 4 1 5 3 2 5 2 1 5 5 1 3 1 4 1 5 2 3 5 3 1 2 1 3 3 1 1 5 2 4 5 4 3 4 2 4 3 4 3 3 1 4 5 1 1 2 4 3 4 3 5 1 1 4 1 1 3 1 4 2 4 3 5 2 2 4 5 4 4 5 2 1 5 3 4 5 5 1 2 3 4 5 4 3 2 1 4 2 2 1 1 4 2 4 3 3 3 1 4 2 2 5 1 1 2 4 3 2 3 5 4 5 5 2 4 1 1 2 2 5 1 4 2 3 1 4 5 3 3 5 2 4 3 3 2 1 3 1 4 2 5 1 1 1 4 3 2 4 3 2 4 5 5 5 5 5 2 5 5 1 3 1 5 2 5 5 5 4 3 2 5 4 3 3 3 4 2 5 3 5 2 4 0 2 2 3 4 5 4 5 5 5 4 4 3 5 1 5 1 4 2 4 5 4 2 5 5 5 5 2 4 2 4 5 4 3 5 2 3 2 2 3 5 1 4 5 4 1 2 1 4 2 4 4 5 5 3 3 4 1 4 3 5 3 1 5 4 4 2 1 5 3 1 1 3 2 2 3 3 2 1 1 1 3 4 1 3 2 2 4 1 3 4 1 5 4 5 4 3 5 3 2 4 5 3 5 2 4 5 5 4 4 3 3 1 3 2 1 3 4 5 1 1 3 1 1 5 5 4 5 3 3 5 2 2 2 1 1 3 5 4 2 4 4 5 2 1 5 3 5 3 1 5 2 1 2 1 4 1 1 1 2 2 3 2 1 1 5 3 1 3 3 1 1 5 1 4 1 3 2 4 1 1 5 3 3
2 1 2 3 1 2 4 2 4 2 4 2 4 3 3 1 5 3 1 4 1 3 2 1 5 1 3 4 1 1 4 4 5 2 4 3 4 2 3 2 4 2 2 2 3 3 4 4 3 5 2 4 3 4 2 4 4 4 5 5 1 3 1 2 5 1 5 5 4 1 5 1 3 3 1 1 1 3 2 4 4 4 4 1 3 1 1 4 1 3 2 3 2 4 4 5 5 3 3 4 2 5 1 3 4 1 4 4 1 1 4 2 2 3 3 3 4 4 2 3 4 4 4 5 2 4 2 5 1 4 1 1 3 5 2 3 3 2 4 2 4 2 2 3 3 3 2 4 2 5 2 5 4 5 2 5 1 3 1 5 2 5 2 1 5 5 5 4 4 4 2 3 1 5 3 4 1 3 5 1 5 4 3 3 2 3 1 1 2 3 2 5 2 3 1 1 5 4 1 2 2 1 1 5 2 4 1 4 1 3 2 3 4 5 3 3 4 1 3 5 5 1 2 4 4 2 2 1 5 1 2 4 5 2 4 3 4 5 4 2 5 5 3 5 2 2 3 5 5 3 3 2 4 4 2 2 5 3 3 4 2 4 1 4 1 1 5 5 2 3 5 4 4 3 1 3 4 3 3 3 4 5 3 4 3 5 5 2 4 5 5 1 2 3 5 1 3 1 4 3 2 1 4 4 5 1 3 2 1 4 3 4 3 3 4 3 1 0 2 2 2 2 3 1 5 2 5 4 1 1 4 3 5 4 5 4 3 3 1 1 5 3 1 5 2 5 2 3 3 5 2 5 5 1 3 2 5 3 5 3 5 5 4 5 5 2 1 3 3 1 1 2 2 1 2 4 5 5 5 1 3 5 1 3 4 1 4 5 3 2 5 2 5 3 3 1 5 2 3 4 1 2 3 5 1 4 2 4 1 3 4 4 3 2 3 2 1 4 3 2 3 4 1 5 5 4 5 2 3 4 1 1 1 5 5 5 4 2 3 3 2 5 4 1 3 2 3 3 3 4 4 5 5 5 5 4 1 4 4 1 3 2 2 2 4 5 4 4 2 5 2 5 3 1 4 2 5 4 3 1 1 3 3 3 1 2 4 1 1 4 5 2 4 5 3 4 2 5 1 5
3 2 2 3 4 3 5 3 2 2 1 4 5 2 5 3 4 3 3 1 2 3 2 5 1 5 2 2 2 2 3 2 1 2 2 2 1 2 2 4 2 3 2 1 1 2 4 2 2 1 3 1 4 1 1 3 2 1 5 3 4 1 2 2 2 5 3 2 2 4 2 5 4 2 5 3 1 1 2 2 2 4 3 1 2 1 4 4 2 2 2 2 4 1 4 3 2 5 2 5 3 4 2 2 4 2 1 2 3 5 4 3 4 5 2 4 3 4 1 2 2 1 4 5 1 4 3 3 5 3 1 3 5 2 3 5 3 3 5 4 1 3 5 5 5 2 2 1 2 1 3 2 4 1 1 2 3 2 3 3 4 3 3 1 1 2 3 3 1 5 4 4 5 1 3 1 5 2 1 1 1 2 1 3 5 3 4 1 5 4 4 5 3 5 5 2 5 1 2 4 3 3 1 1 3 3 4 1 2 3 3 5 2 1 1 4 5 4 2 1 1 3 1 5 2 2 3 1 5 3 3 3 1 2 2 3 3 1 3 3 3 1 5 5 2 1 5 1 1 4 3 2 3 1 5 3 4 5 2 5 1 4 2 4 3 4 3 3 3 1 5 1 4 5 3 2 2 2 2 5 3 3 1 2 4 1 2 2 1 2 4 3 5 1 3 5 3 4 1 3 1 1 5 2 1 3 1 5 1 2 4 1 1 2 4 4 1 4 0 5 5 1 3 5 5 5 1 3 3 4 3 2 2 4 1 2 4 3 4 1 5 2 1 3 4 3 3 1 1 3 1 4 2 2 5 5 1 5 3 1 1 1 4 3 2 3 5 2 4 3 3 5 3 5 5 2 5 4 5 4 5 2 5 4 1 1 5 1 1 2 3 1 3 5 3 3 3 2 1 3 5 2 1 3 3 2 3 3 2 5 4 2 3 2 4 1 5 3 1 5 3 5 2 5 2 3 3 1 4 3 3 4 3 3 4 4 1 3 4 5 1 3 3 1 2 3 1 2 1 2 4 1 5 2 4 1 1 2 3 5 4 4 4 3 1 1 2 5 2 1 4 3 2 3 5 1 2 1 4 4 1 4 5 1 3 4 3 2 1 2 5 1 4 2 2 3 1 3 4 3
5 1 2 3 4 5 2 1 1 5 4 3 5 3 3 1 5 2 2 2 2 3 2 2 4 5 5 1 5 2 1 3 2 1 3 1 1 2 2 1 5 3 2 2 4 4 4 1 2 4 2 3 1 2 3 5 2 3 1 4 1 3 2 2 5 1 3 5 1 4 2 5 1 4 5 4 3 1 3 1 3 3 2 1 1 4 4 1 1 1 3 1 5 3 2 4 4 3 2 1 5 1 4 5 5 3 4 5 3 2 1 3 2 5 4 3 3 2 3 4 4 4 1 1 5 3 3 1 5 4 1 3 1 1 3 4 4 3 4 5 5 2 2 1 3 5 5 3 2 1 2 4 3 5 4 3 2 2 4 5 5 1 3 1 1 2 3 2 2 5 3 3 4 2 3 2 5 4 3 2 4 4 1 5 3 1 1 3 1 1 3 1 2 3 2 2 3 1 1 4 4 5 4 1 3 2 4 5 5 4 3 4 4 5 5 2 1 2 4 3 1 5 5 1 5 4 2 4 4 2 2 2 3 1 3 4 1 3 5 1 4 1 5 3 4 3 2 3 5 2 5 5 3 1 5 4 2 2 4 1 2 5 4 3 3 2 5 2 3 3 4 3 3 4 4 4 5 5 2 5 4 2 1 1 3 4 2 5 5 2 2 5 3 3 2 5 3 1 1 3 1 3 1 5 1 5 4 3 5 1 3 4 3 3 5 2 5 1 3 0 2 4 1 5 4 4 2 4 2 5 2 3 3 3 4 4 3 4 4 5 5 3 2 1 5 4 1 3 2 4 1 1 3 3 1 4 3 3 2 1 5 2 3 4 3 3 1 1 3 1 3 4 1 4 4 2 4 3 2 2 1 5 5 2 1 2 5 5 3 1 3 1 5 4 3 4 1 5 3 5 3 2 3 4 1 5 3 4 3 3 1 5 2 2 4 5 3 1 5 2 5 5 3 3 3 1 4 5 3 5 3 5 3 4 3 3 2 2 5 5 1 5 1 4 5 1 5 1 2 3 4 1 3 3 5 4 2 4 3 4 1 4 4 4 3 3 3 2 2 4 3 1 3 4 2 2 2 2 5 5 5 5 5 4 4 3 1 2 5 4 1 2 4 2 4 1 2 3 2 4
3 4 4 3 4 5 2 4 5 2 4 1 3 3 1 2 3 5 1 4 1 4 2 5 2 2 4 3 1 4 1 1 5 5 4 3 4 2 3 1 2 4 1 3 2 2 2 5 1 3 5 5 2 4 1 1 3 4 2 3 2 5 1 5 5 4 3 2 1 1 1 3 5 2 1 3 4 4 3 3 5 3 4 1 2 4 2 2 2 3 1 1 3 3 5 1 5 3 4 4 4 4 4 5 2 1 5 1 5 5 3 5 5 4 4 1 1 4 5 1 2 4 4 3 3 1 2 2 1 4 5 2 1 1 3 3 4 5 2 3 1 2 3 3 4 1 4 1 1 5 4 3 5 3 3 1 1 5 3 5 5 1 2 2 4 4 2 4 5 3 3 1 1 4 2 3 2 5 1 1 4 3 1 5 1 3 3 2 4 5 5 1 5 4 2 1 4 1 5 5 3 3 2 3 2 1 4 1 1 1 4 4 3 4 3 5 4 5 5 2 2 1 5 4 1 5 5 5 3 5 3 1 4 3 4 1 2 5 4 1 5 2 5 1 4 3 4 3 1 5 3 4 4 3 3 4 5 1 3 3 1 2 1 4 1 1 4 1 1 1 4 2 2 5 1 1 3 3 2 3 3 3 3 2 2 1 4 5 1 4 3 5 4 4 3 3 5 4 3 2 2 1 5 3 5 3 1 4 4 2 4 3 1 5 3 4 5 3 1 5 0 1 1 1 2 3 2 1 3 5 5 1 4 1 1 3 5 1 2 1 5 3 1 5 1 5 4 3 5 2 5 5 3 2 5 1 5 3 4 2 5 5 3 5 5 4 1 3 2 4 2 3 4 1 2 1 5 5 1 4 1 3 2 2 3 1 4 4 1 4 2 3 5 1 4 2 3 1 2 2 4 2 2 1 2 2 2 3 5 4 4 2 2 4 4 3 5 5 4 1 3 2 4 2 1 1 5 2 2 4 4 1 3 3 3 4 3 2 5 1 2 3 3 2 1 2 2 5 1 5 3 2 4 4 5 5 5 3 1 3 5 1 5 1 1 5 3 2 2 3 3 5 3 3 5 4 2 2 1 4 5 3 4 3 2 4 2 4 3 1 5 3 1 3 3 1 2 3 4 4
5 2 1 2 4 2 3 5 3 1 4 2 5 5 5 4 1 5 3 4 4 2 1 2 3 5 1 1 3 2 2 1 1 3 1 4 3 2 5 3 5 5 4 2 4 2 2 1 1 5 5 1 1 5 1 1 1 5 3 1 3 3 2 3 4 5 1 1 3 4 1 3 3 1 2 1 1 3 1 2 1 5 4 1 5 5 2 2 3 3 4 1 3 3 4 4 3 1 5 5 2 3 4 1 2 2 5 1 2 4 4 3 1 5 1 2 2 1 2 2 1 4 1 3 3 1 3 1 4 2 1 1 2 5 4 1 2 3 4 4 1 4 1 1 3 3 5 2 1 2 4 3 2 1 3 1 3 2 2 3 2 2 4 3 3 2 5 2 3 3 2 2 2 4 4 3 5 2 3 2 4 1 5 4 5 2 2 4 2 5 5 1 5 3 4 3 3 1 3 1 4 5 3 5 3 5 4 3 3 5 3 4 2 4 3 3 3 5 1 5 3 5 2 3 5 1 1 1 4 1 3 4 4 2 3 5 4 4 3 4 3 4 2 5 2 4 3 5 5 5 4 1 4 4 5 5 1 2 4 4 2 2 2 3 5 2 1 1 5 2 4 2 2 2 4 1 5 2 5 4 5 4 1 1 4 5 4 5 5 3 1 4 5 2 1 5 2 1 4 5 4 1 4 5 4 2 5 2 3 2 1 3 1 5 3 4 4 5 1 5 2 0 1 2 1 1 2 2 5 4 3 1 2 4 4 1 3 5 2 4 1 4 3 5 3 3 3 1 2 3 4 4 3 5 4 3 4 3 2 2 1 5 3 4 1 5 5 4 5 1 3 2 2 4 5 1 1 1 1 3 1 4 1 5 1 5 4 4 2 3 1 4 5 5 1 4 4 3 4 2 5 4 1 2 5 4 4 4 3 2 3 1 1 4 3 5 3 1 1 3 1 5 4 1 4 5 1 1 2 2 5 3 5 3 2 3 5 2 3 1 1 1 1 2 2 3 2 4 1 4 2 4 2 2 5 5 4 2 3 5 2 2 4 3 2 1 2 4 1 5 1 3 2 4 3 2 3 3 5 3 3 3 5 1 2 2 4 4 2 1 3 2 2 1 3 1 1 4 5 2
1 4 4 2 2 2 4 4 2 3 2 5 4 5 5 3 5 5 3 3 3 2 2 1 3 2 5 1 1 4 5 1 2 2 3 4 1 5 4 3 1 4 2 1 4 3 1 5 3 3 4 4 2 3 5 2 2 5 1 5 2 4 4 3 1 1 3 3 2 5 3 1 4 2 5 4 3 5 4 4 4 1 2 5 2 5 3 1 4 3 4 4 3 5 5 3 5 5 4 3 1 2 1 2 5 4 3 2 2 2 4 1 5 5 2 1 1 3 2 4 1 1 4 2 1 2 5 1 1 4 2 4 1 2 1 1 1 1 4 4 3 4 4 3 3 4 1 5 4 2 4 5 1 4 3 4 3 5 5 3 3 2 5 3 2 4 3 3 3 3 3 5 4 1 3 4 2 5 4 1 2 4 1 1 2 3 1 3 4 1 4 2 2 1 1 1 4 5 4 4 4 5 5 1 3 2 4 3 4 3 4 5 5 5 3 1 3 4 5 2 5 4 2 3 3 5 3 2 5 4 4 2 3 3 1 1 4 3 1 2 5 5 3 5 4 5 3 3 2 3 3 2 3 4 4 2 4 2 4 1 3 3 4 1 4 3 4 3 4 2 3 5 5 4 5 1 1 5 4 4 2 2 3 3 1 2 2 2 2 2 5 1 5 5 4 3 5 3 4 4 1 1 2 3 4 2 5 3 1 2 3 3 1 5 5 4 4 1 4 2 4 2 0 2 5 2 2 1 1 3 3 3 2 5 2 2 3 4 1 2 2 3 2 5 4 3 2 3 4 4 3 2 5 3 1 2 1 1 2 2 3 2 4 5 1 2 2 3 5 1 2 5 1 3 2 2 5 5 1 2 3 5 5 3 5 2 2 3 4 1 1 3 5 5 5 3 3 3 1 5 2 3 1 2 1 5 2 3 5 3 4 2 1 5 2 1 5 3 3 5 4 2 1 3 4 2 4 4 5 5 1 2 3 2 4 2 4 5 4 5 1 2 5 2 4 5 5 4 2 5 1 5 3 3 1 4 2 4 5 5 1 4 1 5 5 5 5 2 5 4 5 3 4 3 4 1 4 5 1 3 5 1 1 5 1 4 3 5 1 3 1 4 1 4 4 4 1 4 2 5
5 1 4 2 1 2 2 4 5 1 2 1 3 4 2 3 3 4 3 2 3 4 2 1 3 5 4 3 1 4 1 2 2 5 1 1 5 1 5 5 5 4 1 1 3 3 4 5 5 4 1 1 1 1 2 3 5 5 3 3 1 4 4 1 4 1 4 2 1 3 1 1 5 3 3 1 5 3 1 4 1 3 1 4 4 5 4 5 1 1 3 2 5 5 1 4 4 1 5 2 3 4 3 2 4 1 3 3 1 4 4 4 3 2 4 3 4 1 3 2 4 3 2 3 3 1 1 4 2 3 4 2 2 4 3 2 1 4 2 2 5 2 2 3 4 3 1 3 2 3 1 3 1 4 4 4 2 1 4 1 2 3 3 2 2 4 2 3 4 2 5 5 2 3 1 1 3 3 3 4 1 4 2 4 4 5 3 4 1 3 5 5 4 1 3 5 1 2 5 5 2 2 3 1 4 1 3 5 3 3 5 3 2 2 3 5 1 1 2 5 1 5 4 5 4 1 2 5 1 2 4 4 1 4 2 2 5 2 5 1 3 5 1 2 2 3 5 5 2 5 5 4 2 3 5 3 5 1 2 1 3 3 4 5 1 1 5 3 5 1 5 2 1 4 4 4 4 2 4 1 2 3 5 4 2 2 1 1 3 3 3 4 3 1 4 1 5 4 2 4 4 4 4 5 4 5 5 2 2 4 3 1 2 3 4 2 4 5 4 5 1 1 1 0 5 5 3 1 3 4 1 4 5 4 4 1 1 4 1 1 1 4 1 5 4 2 1 4 2 4 4 2 5 5 2 2 3 2 2 3 3 1 5 1 1 1 2 2 1 3 2 2 1 2 1 2 2 1 2 4 3 4 4 2 4 3 4 1 2 2 3 4 2 3 4 5 3 1 4 1 2 1 1 3 4 2 3 4 1 3 4 5 1 5 5 1 3 4 1 5 2 5 3 3 1 2 5 3 5 3 2 4 4 2 4 2 2 3 2 3 1 5 1 3 3 3 2 1 4 1 1 2 2 2 4 5 5 1 4 1 4 3 4 4 5 2 1 4 4 4 1 1 1 2 1 5 3 2 4 3 2 3 1 5 2 1 1 2 2 3 3 1 3 2 4 2 2 2 2 2
2 4 1 1 2 5 2 1 5 1 2 4 1 5 2 4 5 4 5 3 3 3 4 5 4 5 3 2 5 2 5 2 2 1 4 2 1 3 2 2 2 1 2 1 1 5 5 1 1 4 3 2 5 5 4 2 3 2 2 5 2 4 3 2 2 1 2 4 5 4 3 4 3 3 1 2 3 5 1 2 1 1 2 1 4 4 5 1 4 3 5 5 2 1 2 3 5 4 5 5 4 1 2 5 2 3 4 4 5 4 1 3 3 4 4 3 1 1 2 1 4 4 3 3 5 1 3 1 2 4 2 3 5 2 3 2 2 4 5 1 4 3 3 2 5 3 1 3 4 3 4 3 2 1 4 2 5 3 4 1 4 1 2 2 5 1 1 1 4 2 5 3 5 4 3 3 4 5 5 1 5 3 5 1 5 1 5 2 2 3 5 4 4 1 5 4 1 4 1 2 5 5 5 4 1 4 3 2 3 2 2 1 3 3 2 1 1 5 4 5 2 5 4 3 2 4 3 2 4 2 1 2 2 3 3 3 4 5 4 2 5 4 5 5 1 4 3 1 4 4 3 5 1 2 2 2 1 1 3 1 1 2 4 3 4 2 1 5 5 3 3 5 3 4 5 2 1 3 5 3 4 5 4 5 3 2 4 5 3 4 4 2 3 4 4 1 1 4 1 5 3 2 5 5 4 5 4 1 2 4 2 2 1 2 3 1 3 2 3 1 5 5 4 4 0 2 1 1 1 2 4 4 4 2 4 2 1 3 5 5 3 5 2 4 3 5 4 2 5 5 2 1 2 2 2 5 1 5 3 1 2 2 1 3 2 2 3 1 2 4 1 5 5 3 2 5 5 1 4 5 5 1 4 1 5 2 1 5 4 4 3 3 3 2 2 4 4 2 2 1 2 3 4 4 1 4 3 5 2 2 1 5 3 4 1 5 5 2 3 1 3 2 3 5 4 2 1 3 3 4 4 1 2 4 2 2 3 1 4 4 4 4 2 4 3 4 2 5 2 2 4 2 2 1 5 5 4 2 5 4 5 5 2 5 4 2 3 4 5 2 5 2 1 1 3 4 5 5 1 3 1 5 4 4 4 2 3 2 1 3 3 1 2 3 2 1 1 4 1 4
1 5 4 3 1 1 3 1 1 3 5 3 2 4 2 3 5 1 1 4 2 3 1 1 2 1 1 2 2 4 5 2 1 5 5 3 2 1 3 2 3 1 1 3 2 5 2 2 4 3 5 2 4 3 3 2 1 3 1 3 4 4 5 1 5 4 5 3 5 1 4 4 5 4 1 2 2 5 3 3 2 4 2 5 2 1 1 5 2 3 3 1 5 3 1 1 5 1 3 4 5 2 3 4 1 2 5 5 3 2 3 3 1 4 3 4 5 1 4 3 2 5 1 4 2 1 2 2 5 5 3 5 4 3 2 2 5 1 2 1 2 3 5 3 3 1 5 5 4 4 3 3 3 5 1 2 4 4 5 3 5 3 2 2 4 4 4 2 4 2 1 2 4 3 4 4 2 2 3 5 3 5 5 1 2 4 3 4 5 1 1 4 1 3 5 1 1 5 1 5 3 1 5 5 1 1 5 5 2 2 2 2 1 2 1 5 2 2 2 5 5 4 5 2 3 5 3 1 5 4 3 4 2 5 1 2 5 2 4 1 2 1 2 3 2 4 1 2 2 1 3 2 4 4 2 3 4 5 2 4 5 4 2 5 4 3 4 1 3 2 1 3 5 4 5 3 2 3 1 3 5 4 1 4 4 1 3 2 1 2 5 3 3 2 5 3 3 4 4 3 3 3 2 3 1 2 4 3 1 2 3 5 4 5 5 4 2 1 2 5 1 3 2 3 2 0 2 1 4 3 2 1 1 1 1 1 1 1 5 1 2 4 5 3 2 1 3 4 2 5 3 5 2 4 3 4 2 1 4 3 5 4 3 3 2 3 2 1 4 5 1 2 1 3 4 5 5 3 2 1 2 5 1 3 1 1 2 1 5 1 4 3 2 5 2 3 2 3 5 2 4 2 2 2 1 4 4 1 3 4 4 3 2 2 5 4 2 1 4 4 3 5 5 2 3 3 4 3 1 3 4 3 3 1 3 2 4 4 5 1 5 1 5 4 2 2 2 1 2 1 3 2 3 3 1 5 4 3 2 5 2 3 4 4 5 3 1 4 4 4 5 5 1 4 4 4 1 2 2 4 4 5 4 3 4 3 2 5 3 2 2 1 5 2 3 3 1 2 5 2
3 4 5 1 2 3 5 2 4 2 2 1 4 4 1 1 2 2 1 1 5 4 4 5 2 1 3 4 2 1 5 1 4 1 2 5 3 1 1 5 2 3 3 4 3 1 5 1 4 1 3 3 1 3 5 4 4 4 1 3 1 1 4 5 3 2 2 2 4 1 3 4 3 3 3 1 2 5 2 4 5 3 5 4 4 5 2 2 2 5 2 5 3 4 3 5 4 4 1 3 2 3 3 1 3 3 1 5 2 1 3 1 1 1 3 2 1 3 1 4 3 2 3 3 2 2 5 2 5 2 5 2 2 4 1 4 2 3 1 1 1 4 2 5 3 2 2 3 3 1 4 1 2 1 3 5 4 4 5 3 1 5 3 3 2 2 1 1 3 5 3 4 4 3 5 3 2 5 4 5 5 3 2 4 5 1 3 4 2 3 5 3 5 1 3 1 3 3 2 2 5 2 5 3 1 1 5 5 1 1 5 3 1 2 3 5 1 4 3 1 2 1 5 3 3 1 5 5 1 2 4 4 3 5 3 1 1 1 4 2 5 1 3 1 4 1 3 3 5 4 3 1 5 4 3 3 1 1 4 5 5 5 5 4 3 5 2 5 5 4 5 1 4 5 2 1 4 3 3 1 2 4 2 2 3 2 2 2 1 4 1 1 1 4 2 1 2 1 3 3 4 4 5 2 1 5 5 1 1 4 4 4 3 5 5 3 1 2 2 3 5 3 3 4 3 1 0 3 2 3 1 5 2 2 4 3 3 1 5 5 5 5 4 2 3 4 4 2 1 5 4 1 1 2 3 2 4 1 3 3 1 3 4 4 4 4 4 4 3 1 3 5 2 1 2 1 5 4 4 5 2 3 5 3 4 3 5 2 4 3 2 5 2 1 4 3 4 5 4 5 4 2 1 3 1 4 2 3 3 2 2 4 2 2 2 1 1 4 4 2 1 5 1 1 5 2 5 3 2 1 3 1 1 4 5 4 1 3 4 5 2 5 2 5 2 1 3 5 2 2 2 4 5 4 3 4 4 5 5 1 1 1 5 2 3 5 4 1 3 1 1 1 3 1 1 2 1 5 2 5 4 1 1 4 4 3 1 1 3 3 5 3 4 1 2 4 4 3 2 4
1 1 3 4 3 5 4 5 1 4 4 5 3 5 2 1 5 3 1 4 3 4 4 2 4 1 2 3 3 2 3 5 5 4 4 3 2 3 2 4 4 4 2 4 1 4 1 4 2 2 5 4 2 3 4 3 1 1 2 1 3 4 1 4 5 1 5 1 2 3 1 5 1 3 2 3 5 3 5 4 4 5 1 1 4 2 3 1 5 2 1 2 2 5 3 3 5 5 3 4 4 2 4 2 3 1 1 3 2 3 3 2 2 4 4 3 5 4 1 2 5 5 4 4 4 1 4 2 1 1 5 2 1 1 2 2 2 3 1 4 3 2 2 4 5 5 3 5 4 3 1 1 2 4 5 5 3 3 5 3 4 3 5 2 4 3 2 4 3 5 2 4 5 4 1 2 1 1 3 4 1 5 1 3 3 3 1 3 2 3 3 4 4 1 1 2 4 2 2 3 2 2 1 3 4 1 1 4 2 3 2 2 5 4 5 2 5 5 5 4 4 3 2 3 5 5 3 2 4 4 1 2 3 4 1 1 1 2 2 5 2 4 1 1 4 1 2 2 3 5 2 5 5 4 4 4 2 5 4 5 4 1 1 2 5 4 5 4 4 2 1 5 3 4 2 1 5 3 3 3 1 2 3 4 3 1 3 1 4 2 4 4 3 1 5 4 2 2 3 2 5 2 5 5 2 2 2 4 2 4 1 5 5 4 5 2 4 1 1 1 1 2 2 5 1 4 4 0 1 1 5 4 2 1 2 1 2 1 5 5 1 2 2 3 1 4 4 1 2 3 4 2 1 3 3 4 5 5 2 5 5 1 5 2 2 4 3 3 4 3 1 2 5 1 3 1 2 4 3 2 4 5 4 2 2 4 2 3 3 3 3 1 4 2 1 3 3 4 5 4 4 5 1 2 2 2 3 4 3 3 1 2 1 4 2 2 3 5 4 3 3 5 2 3 3 4 2 3 1 5 5 4 4 4 4 5 3 2 2 5 5 1 5 4 5 2 5 4 2 1 5 3 2 1 5 2 4 1 3 1 1 4 5 1 1 3 1 2 4 2 5 5 4 2 1 1 1 3 4 1 1 4 3 2 1 5 1 1 1 2 1 4 2 3 3 2 5 4 2 2
5 4 4 3 4 5 1 5 3 3 2 2 5 5 5 1 5 3 1 2 4 3 5 3 5 1 3 2 2 3 3 5 4 4 3 3 1 1 5 3 3 2 4 1 3 5 2 2 3 4 2 4 1 1 4 4 4 4 2 4 1 1 3 4 5 2 4 5 1 2 5 1 1 2 2 1 5 5 4 4 2 2 2 4 4 2 4 3 1 1 3 2 1 2 2 5 2 3 5 5 1 5 3 3 4 2 3 4 4 2 4 1 1 5 1 1 3 5 5 2 4 4 2 4 5 2 5 2 5 2 4 2 1 3 4 3 2 4 2 4 3 3 4 5 5 2 1 5 5 1 4 2 2 1 5 2 3 5 2 4 2 1 1 3 3 2 3 4 5 2 4 5 3 1 2 2 5 4 2 2 2 5 5 2 4 2 4 3 5 4 5 2 5 4 3 2 2 2 3 5 2 4 1 3 3 3 3 3 5 5 1 2 3 4 2 5 4 5 3 3 5 3 3 3 2 1 3 1 5 2 1 1 4 3 2 1 5 2 3 4 3 1 3 1 2 5 1 3 4 5 1 4 1 1 5 2 5 5 3 5 2 2 5 3 4 2 1 1 1 5 5 4 2 5 3 1 4 2 1 4 1 4 4 3 2 3 5 4 2 3 4 3 2 4 5 5 5 1 4 3 1 4 5 5 5 1 4 2 4 2 2 4 4 2 3 2 3 1 1 3 2 4 4 4 4 4 3 1 0 4 4 3 3 5 4 3 1 2 4 2 3 1 4 4 2 3 3 4 1 1 3 3 4 1 2 2 1 1 2 2 3 4 4 3 2 1 5 4 3 3 3 3 1 5 2 5 2 3 1 5 1 2 5 4 4 1 3 3 4 3 4 4 3 4 2 3 3 2 2 5 2 2 2 5 2 4 3 1 3 2 3 3 5 5 1 3 3 3 4 2 2 4 2 1 1 3 2 4 4 2 1 4 3 4 3 2 1 4 2 1 2 2 4 1 5 4 1 4 1 2 5 5 4 4 1 4 4 2 5 3 2 5 3 2 3 5 4 3 2 2 4 1 1 4 1 2 2 5 3 5 4 2 2 1 3 1 2 3 5 4 3 1 1 5 2 2 5 5 4 2
1 3 1 1 4 3 4 2 3 4 4 1 2 3 4 3 5 4 3 3 2 1 1 2 4 2 1 5 5 3 1 4 1 3 3 1 4 3 2 5 4 1 4 2 3 3 1 3 1 4 2 2 4 3 2 2 2 5 2 4 4 1 2 4 3 4 2 2 3 3 2 2 4 3 2 3 2 1 2 5 2 4 1 4 4 5 3 3 4 1 5 4 5 3 4 5 3 1 2 4 4 3 1 2 2 3 5 4 3 2 4 2 5 3 3 2 5 5 2 2 3 3 5 5 3 3 4 2 4 2 1 4 5 3 3 3 3 1 3 1 4 3 2 2 4 3 5 2 2 3 2 2 4 4 4 4 3 5 1 2 3 2 4 3 2 3 4 5 3 3 4 4 2 2 4 3 3 2 2 2 1 4 1 4 4 2 4 3 4 1 3 1 3 2 4 1 1 2 5 3 2 4 4 2 1 1 2 2 5 4 5 5 1 1 3 4 3 3 3 4 4 4 3 4 4 2 1 1 1 4 5 1 2 5 5 2 5 2 1 4 4 2 1 3 4 4 1 4 2 5 5 5 3 1 1 3 2 1 4 2 5 4 1 4 3 5 1 5 2 4 1 1 4 3 3 2 4 4 1 3 4 4 1 4 3 4 3 1 1 5 2 3 2 2 5 5 4 1 3 2 5 5 4 1 4 4 1 4 4 3 5 1 5 1 2 2 5 3 1 1 5 5 1 1 1 2 4 3 3 0 2 1 1 2 5 1 2 2 4 3 3 3 2 3 3 5 2 1 4 2 1 1 3 2 2 4 3 2 2 1 2 1 2 1 2 5 3 1 2 2 2 4 4 5 4 1 4 3 3 5 3 3 1 5 4 2 2 2 2 1 1 1 3 1 3 2 4 5 1 1 2 4 1 4 1 2 2 2 2 2 3 4 3 4 2 4 4 4 2 3 1 3 1 1 5 5 4 3 2 1 2 4 3 2 5 2 3 5 5 3 1 2 5 3 1 5 4 5 1 1 4 2 1 2 3 2 2 1 3 2 4 4 2 2 2 3 5 2 1 4 2 3 1 2 4 2 4 3 4 2 1 3 4 4 1 1 2 3 4 3 3 4 2 1 4 1 1 1 2 2
4 4 5 4 1 4 3 3 2 5 4 2 3 2 4 3 1 2 4 5 5 4 4 2 5 5 5 1 2 1 3 5 5 4 2 3 5 2 1 1 3 2 3 2 4 4 2 5 3 2 3 5 3 1 1 1 5 4 5 3 3 5 3 2 1 3 2 4 5 3 3 1 2 2 5 3 4 5 3 3 2 4 1 3 3 2 2 3 4 4 2 4 3 4 2 3 1 5 4 2 3 4 2 4 3 1 1 2 1 3 4 4 3 4 1 3 3 3 2 5 2 5 5 1 1 2 1 5 5 1 5 2 5 3 1 4 4 5 1 1 4 1 3 5 2 3 2 1 2 4 3 5 3 2 3 5 5 1 4 1 5 5 5 4 1 2 5 4 1 4 5 5 2 2 1 2 5 1 4 3 5 5 4 4 1 2 1 3 5 5 2 1 4 3 3 1 2 1 5 5 5 5 1 5 1 2 2 1 3 5 5 3 2 1 3 3 2 1 5 4 2 1 4 4 5 4 5 3 1 4 4 2 1 5 2 3 2 3 2 3 3 5 1 4 1 3 3 4 5 2 1 5 2 5 4 1 5 4 5 4 1 4 2 2 2 3 4 4 2 3 2 1 2 4 3 3 2 4 5 1 1 1 5 2 3 4 4 5 2 2 1 2 3 1 2 2 1 4 4 2 2 2 4 2 5 5 5 3 2 1 1 5 5 4 1 2 4 1 4 1 5 5 3 2 1 3 2 1 5 3 0 4 3 4 4 3 4 5 4 1 3 2 3 2 1 1 4 2 2 3 4 4 2 1 1 5 5 4 5 5 4 4 4 2 3 3 4 1 4 3 5 2 4 2 2 1 2 3 3 2 4 3 2 3 1 4 4 4 3 1 2 5 5 1 3 3 4 4 2 4 2 4 2 1 4 3 1 5 4 1 2 1 5 1 2 4 1 3 2 3 1 4 5 3 4 3 3 4 2 5 3 3 3 3 5 2 1 5 2 1 2 4 5 1 2 2 3 3 5 1 3 4 2 3 1 2 1 5 1 1 2 2 2 1 4 2 5 1 3 4 2 5 1 3 2 4 2 1 2 4 5 2 2 1 4 1 2 1 4 3 2 4 4 3 1 1 3 2 2 1
3 5 4 1 4 1 3 4 3 1 3 3 2 2 3 4 4 1 5 5 2 1 5 2 5 3 4 4 1 4 2 2 2 5 1 3 2 3 1 3 2 5 2 1 3 1 1 5 2 3 1 4 1 2 4 1 1 4 1 5 3 3 2 4 4 3 3 2 1 1 3 1 5 3 2 2 1 4 2 2 5 5 3 4 3 3 4 2 4 4 1 5 2 1 1 1 3 5 3 3 4 2 3 4 3 1 4 3 4 5 1 1 1 4 2 2 3 1 5 1 2 3 2 1 4 2 1 2 2 5 4 5 2 1 4 5 1 3 4 4 4 3 2 3 4 4 4 1 5 4 2 4 1 3 3 5 5 2 4 4 1 2 3 4 2 1 5 4 1 1 2 2 1 5 1 5 2 4 4 5 2 4 4 5 2 2 4 4 4 5 3 2 3 1 4 1 5 5 4 1 4 3 1 5 4 1 4 1 4 5 2 5 2 4 1 1 2 1 5 1 5 5 1 4 2 1 3 5 2 3 1 2 2 4 4 3 4 5 2 4 5 4 2 2 1 1 2 5 2 1 1 4 4 4 1 4 2 1 3 3 2 2 5 5 1 3 4 3 5 2 1 4 2 5 1 1 1 1 4 2 4 2 4 3 3 4 5 2 3 2 1 3 2 3 1 5 4 3 2 1 4 2 3 1 2 4 4 5 2 3 1 3 1 4 5 4 5 2 3 2 1 2 2 2 3 1 3 4 1 3 4 0 3 4 4 4 3 3 3 3 1 1 1 1 2 5 2 2 2 5 5 2 1 1 5 2 1 2 1 2 1 4 5 2 5 5 3 4 5 1 3 4 2 4 5 2 3 1 5 2 2 3 2 1 3 5 1 5 4 2 5 4 1 1 2 2 3 3 3 4 3 2 3 3 3 3 2 3 2 4 1 1 4 1 3 5 3 3 5 1 4 2 5 4 4 4 2 4 2 4 2 5 3 1 4 2 3 2 4 5 5 1 1 1 4 5 1 4 1 1 4 4 2 2 3 3 5 1 3 5 1 5 1 3 1 2 5 5 2 5 2 1 4 4 3 1 4 3 1 1 5 4 2 5 4 3 2 5 5 4 3 3 2 1 4 3 3 1 5 5
3 1 1 3 1 4 1 1 4 1 2 2 5 5 4 2 5 1 4 4 5 3 4 2 5 4 4 2 4 3 4 3 2 2 1 2 3 4 3 4 3 3 1 3 1 1 4 1 5 3 5 4 2 4 5 1 3 5 3 3 3 5 5 2 2 5 5 1 3 5 5 3 3 1 4 2 4 3 2 1 1 3 3 5 1 4 5 2 5 3 4 5 2 1 5 4 3 3 2 4 1 4 1 1 5 4 5 4 2 1 1 5 2 3 4 3 3 3 1 2 5 5 4 3 5 1 2 1 1 1 4 2 3 3 3 2 2 3 4 2 5 2 2 1 2 1 3 3 3 2 4 1 4 3 4 1 3 5 2 2 5 1 3 4 5 2 2 3 5 5 4 2 4 4 5 2 5 2 1 5 4 5 2 2 4 2 2 2 5 1 5 5 3 5 2 5 2 2 3 3 2 1 3 5 2 5 4 4 5 4 5 3 2 4 2 1 1 2 2 1 2 2 1 5 5 4 3 3 5 4 4 4 5 2 5 1 5 1 2 1 4 5 5 3 1 1 2 2 5 4 2 4 2 3 2 3 3 3 5 5 2 4 3 1 1 5 1 4 4 4 5 2 4 1 5 2 2 2 4 3 1 2 3 1 2 1 1 5 3 4 1 1 1 4 5 4 3 4 1 2 4 1 5 2 1 1 4 5 5 2 2 3 2 2 5 1 1 4 2 3 5 4 1 3 2 4 4 1 3 2 5 4 0 2 5 2 4 1 4 2 5 1 1 2 1 1 1 1 4 1 2 1 3 4 1 2 3 5 4 5 4 3 3 1 3 5 1 1 1 2 1 4 5 3 1 1 5 5 3 4 4 1 5 2 3 5 1 1 2 3 3 2 4 4 3 3 3 2 4 1 1 5 4 1 3 2 3 1 1 4 3 3 1 4 1 3 4 1 2 1 5 3 4 5 2 5 1 2 5 1 5 2 2 4 5 4 5 1 2 5 4 2 4 5 3 1 1 1 2 5 3 5 2 4 1 2 5 4 4 4 4 1 1 5 3 3 1 5 3 2 4 2 2 4 3 1 4 3 5 1 3 2 1 2 1 4 3 2 3 4 2 4 4 3 4 1 3 5 2 2
3 1 2 3 3 4 1 1 5 5 4 1 4 3 4 2 5 1 1 3 2 3 3 5 2 4 4 1 1 2 2 5 2 5 5 3 1 5 4 3 4 5 4 3 1 3 2 2 2 2 2 3 4 2 1 2 2 5 1 5 4 1 4 2 4 1 3 1 2 4 1 4 4 3 3 1 3 1 5 2 5 1 4 5 5 5 4 2 3 3 5 4 5 5 5 5 5 5 4 2 3 2 2 2 1 1 1 1 3 3 2 4 1 1 2 3 1 5 2 1 1 3 2 3 4 2 5 2 3 1 2 1 3 1 5 1 1 5 4 5 4 3 1 3 5 2 2 2 4 5 3 3 1 5 5 3 3 1 1 5 5 1 5 3 3 2 2 1 4 4 5 5 4 4 5 4 3 3 2 4 2 2 4 5 5 1 2 3 2 5 5 3 1 4 4 5 2 4 3 3 3 2 4 3 5 1 1 1 5 5 2 1 4 3 4 4 2 1 5 5 2 3 4 3 5 1 1 2 5 3 3 4 4 3 3 4 2 4 2 2 4 2 1 5 4 5 4 3 3 5 4 3 3 2 4 1 2 3 5 2 2 2 2 3 5 5 2 2 2 1 5 5 4 4 5 1 3 5 1 3 4 3 3 2 1 2 3 5 1 5 2 5 2 5 5 2 4 5 2 2 3 3 1 4 1 2 1 1 2 4 4 3 1 3 5 4 4 4 4 5 3 4 1 1 2 5 4 3 5 5 5 2 1 0 1 3 2 3 2 5 4 5 5 4 1 2 1 4 2 1 5 1 4 2 2 1 4 4 4 5 3 2 2 3 4 3 5 3 1 5 4 2 4 3 1 4 1 1 5 2 3 3 2 2 5 3 4 2 1 2 2 5 5 2 1 5 2 1 3 1 5 4 3 5 2 1 3 2 2 5 1 2 3 4 4 4 5 1 2 1 1 2 5 5 5 1 5 4 5 4 1 5 1 1 3 4 5 4 3 3 5 2 2 3 4 4 3 4 5 4 3 2 2 1 3 2 3 2 3 3 1 2 5 4 5 2 5 2 2 1 3 1 3 1 4 5 4 2 4 1 5 4 4 4 4 3 1 3 1 1 4 2 2 5 3 2 5 4 3 3
4 1 3 4 3 5 3 3 4 2 2 4 2 1 2 2 5 4 1 1 1 4 3 2 4 2 3 1 2 4 4 4 4 2 4 2 4 1 3 3 5 2 3 2 4 1 4 5 5 2 3 2 4 3 1 2 4 2 5 4 4 1 4 1 4 1 2 3 2 5 2 4 3 4 4 1 5 4 4 1 5 2 5 1 3 3 3 3 1 3 3 5 3 4 2 1 5 3 5 3 5 3 3 2 2 5 1 2 3 4 1 3 2 2 1 3 2 1 3 3 5 3 5 5 2 1 5 1 3 4 4 5 4 5 3 4 4 3 1 1 5 1 2 3 4 3 4 2 5 3 3 1 2 1 3 1 4 1 3 5 1 4 1 1 1 3 5 4 3 5 2 4 1 1 5 3 4 1 3 4 3 1 3 1 2 4 1 2 2 3 4 3 4 4 3 3 2 5 2 1 1 4 5 3 4 2 1 2 5 1 5 1 5 2 4 3 5 3 5 1 2 2 3 1 3 1 2 3 3 2 3 4 4 2 3 5 1 1 4 4 4 1 2 2 1 2 5 2 2 1 5 4 2 1 4 5 1 4 1 5 3 4 3 2 1 3 3 1 5 1 2 3 1 4 3 5 3 2 1 1 3 3 5 3 4 4 3 4 2 5 4 2 1 4 3 2 4 1 4 3 3 4 1 3 4 5 3 4 2 4 3 4 3 3 5 1 4 3 4 3 1 4 4 1 5 4 4 4 2 1 2 2 5 5 0 2 4 1 3 3 1 5 4 2 2 3 3 4 3 5 2 1 5 1 5 5 4 2 3 1 4 1 1 2 4 2 2 1 1 1 5 2 5 1 4 4 4 4 4 1 2 4 5 3 2 2 4 1 2 1 2 3 4 1 5 1 4 2 4 3 2 4 3 5 4 2 5 3 3 1 2 2 4 2 4 1 5 4 4 5 2 3 2 2 2 3 5 1 1 2 3 4 5 2 4 5 1 1 2 2 2 1 1 1 5 4 1 2 3 4 4 2 3 2 4 5 1 2 2 3 4 2 5 1 3 2 3 2 1 4 2 4 4 1 3 1 3 4 4 4 3 3 4 3 4 3 1 1 3 4 5 3 4 1 2 3 1 4 3 4
3 5 1 2 1 1 4 5 1 3 3 3 1 1 5 2 1 4 2 2 4 2 2 1 3 4 3 2 3 1 1 2 1 5 1 1 2 2 1 2 5 3 2 1 1 1 3 2 1 4 3 3 3 5 1 1 4 5 4 5 4 5 3 2 1 1 3 2 4 2 1 4 5 4 1 4 3 5 2 5 4 1 1 3 5 1 5 2 3 3 4 1 2 2 5 4 3 3 1 2 5 1 4 5 2 4 4 4 1 2 2 5 3 3 4 3 2 5 5 4 2 3 5 3 1 3 1 1 1 1 4 5 3 4 1 1 2 2 4 3 3 4 3 3 3 5 1 3 2 5 3 3 2 1 4 1 3 4 1 1 2 2 3 2 1 4 1 3 4 3 5 5 2 2 1 3 4 4 3 3 4 5 3 2 4 4 3 1 3 5 1 1 4 1 1 3 3 2 3 5 4 5 5 3 2 3 1 1 5 1 1 1 5 2 2 2 2 3 1 2 3 2 2 3 5 3 5 1 3 2 4 3 5 4 2 2 5 3 1 5 1 3 4 4 2 5 1 3 5 4 5 1 2 2 2 5 1 1 1 4 5 5 4 5 2 5 3 3 2 2 5 3 4 3 2 1 1 1 4 3 2 4 5 1 3 2 5 4 2 2 1 3 5 1 2 1 3 2 1 2 4 5 5 1 3 3 4 2 3 2 4 5 3 2 4 1 3 1 1 5 4 3 4 4 3 2 3 4 3 2 5 3 1 3 3 0 5 3 1 2 3 2 4 2 5 3 2 5 3 2 1 1 5 2 2 1 4 4 2 5 4 3 3 2 5 2 2 1 4 5 5 3 4 3 4 3 1 5 2 3 4 2 1 1 2 4 1 4 2 4 3 5 4 5 3 3 5 1 1 2 1 2 3 2 2 5 4 1 4 1 5 2 5 1 1 5 4 2 4 5 4 5 2 2 2 1 2 1 1 3 1 1 5 4 1 5 4 1 2 4 3 1 5 2 5 1 5 2 1 1 2 1 2 5 5 5 1 3 5 4 5 1 2 1 2 5 4 4 5 3 5 1 2 5 5 3 4 3 1 3 4 5 5 3 1 3 2 3 1 1 2 3 1 4 2 2 5 5 1 1
2 3 4 2 4 3 4 3 1 2 3 3 3 3 2 4 4 5 4 2 2 5 4 1 5 1 1 2 2 1 5 4 3 4 5 4 3 4 2 2 3 5 4 3 1 3 4 3 4 3 1 2 1 5 3 1 4 3 4 4 2 1 3 3 2 1 4 1 3 4 2 3 1 2 4 4 1 1 2 5 4 5 1 5 3 2 5 2 4 3 3 1 3 4 1 3 3 2 2 4 3 1 3 5 4 1 3 1 2 4 4 3 5 4 1 1 1 4 2 4 4 1 1 3 2 4 1 4 1 4 1 5 2 1 3 5 3 2 5 2 2 3 5 1 1 3 1 4 1 5 2 2 1 5 4 3 2 2 2 2 5 4 5 4 3 3 1 3 4 3 5 5 4 1 4 5 2 5 1 1 2 4 2 2 2 5 2 3 3 5 5 5 2 4 1 1 2 1 5 3 2 5 3 1 2 4 3 3 5 4 2 3 5 4 5 4 2 1 4 3 2 1 3 1 1 4 2 4 1 1 2 1 2 3 1 1 2 2 5 1 1 5 1 2 5 5 2 4 3 2 3 1 5 2 1 2 5 1 3 1 5 3 5 2 4 4 1 4 5 1 3 3 1 3 3 5 4 1 1 4 1 1 4 3 5 1 1 2 1 4 2 4 5 4 4 2 5 4 1 2 1 4 5 5 2 2 5 3 3 2 1 1 4 4 2 4 5 2 2 4 4 4 2 3 1 3 2 4 1 1 4 3 4 5 3 3 0 2 4 3 3 4 4 3 1 3 2 1 1 5 3 3 2 1 1 1 3 1 4 3 4 4 3 1 4 5 3 2 2 1 4 5 5 5 3 3 1 1 2 5 4 2 3 2 4 5 3 4 2 4 4 4 5 2 5 5 5 3 3 4 4 1 3 5 5 4 3 4 1 1 3 3 4 3 4 5 3 5 1 5 5 1 5 2 2 1 5 4 5 4 3 5 3 2 2 3 4 1 5 1 4 2 4 4 1 1 3 2 5 2 4 5 2 5 1 4 4 4 5 3 4 3 2 2 5 1 4 4 2 5 3 3 1 4 2 3 4 2 5 1 2 5 2 3 1 3 4 3 1 1 5 3 4 1 2 1 1 4 1 4
1 2 4 2 4 5 1 5 1 3 2 4 3 1 3 5 1 5 5 2 5 1 1 5 5 4 4 1 5 1 4 4 2 1 1 4 2 2 3 4 4 4 1 2 5 3 5 3 3 4 1 3 4 4 5 4 2 1 2 5 1 4 1 4 3 5 1 2 1 3 5 1 1 2 2 2 3 1 4 3 4 3 5 4 4 1 3 4 1 2 2 2 3 4 5 5 5 3 3 2 2 1 3 1 1 1 1 2 2 5 1 5 5 3 2 1 5 3 2 1 1 3 2 1 3 4 3 5 2 3 1 4 4 1 4 3 3 1 5 5 5 4 3 3 1 2 5 2 2 1 2 5 2 2 3 1 3 2 3 1 4 3 3 3 4 3 2 4 5 1 4 3 1 2 3 4 2 5 2 4 3 3 3 2 5 2 1 2 1 3 2 1 2 5 1 4 4 1 1 5 5 4 2 2 3 4 3 2 4 1 2 3 4 1 3 1 2 4 2 5 2 3 2 4 2 3 1 1 5 3 5 3 2 5 2 5 5 3 4 1 2 4 1 2 1 4 1 4 5 5 3 4 5 1 2 5 4 1 1 4 3 1 4 5 2 1 2 2 2 4 4 1 2 1 2 2 4 2 5 5 5 3 1 1 4 5 4 4 2 5 1 3 3 2 3 4 5 2 4 4 4 4 3 5 5 5 1 2 3 3 3 3 3 2 2 2 5 3 3 2 3 1 1 1 4 2 3 3 4 1 1 5 4 4 4 4 4 0 4 4 3 2 1 5 3 3 3 2 2 3 1 4 5 3 5 1 5 4 2 4 2 4 2 3 4 5 2 3 4 3 2 3 5 4 4 5 4 5 1 2 1 4 5 4 1 4 2 5 2 4 1 1 1 2 3 3 1 2 3 1 2 5 4 2 3 3 1 4 2 3 1 3 5 4 3 3 2 2 5 3 1 4 2 5 3 5 2 2 4 4 5 4 4 3 5 5 2 2 1 4 3 4 5 5 4 2 1 5 1 1 3 1 1 1 1 4 4 5 3 5 1 5 4 4 5 3 5 5 3 2 4 2 3 5 2 1 2 4 5 3 2 2 4 4 3 4 1 3 5 3 4 4 3 3 2 1 1 1 5 4
2 3 5 4 1 1 2 3 1 2 3 1 5 1 2 3 1 5 1 2 3 1 3 4 2 3 3 5 5 1 5 3 4 3 2 4 3 4 2 1 4 5 2 2 2 5 4 2 4 4 3 3 5 2 5 4 1 3 4 5 3 1 3 3 1 5 3 2 1 3 2 1 2 1 2 1 4 2 2 4 5 3 4 1 1 1 2 3 1 4 4 5 5 2 5 2 2 2 5 1 2 3 3 1 3 1 3 5 4 3 3 2 5 1 1 4 4 3 2 3 2 2 2 3 5 2 2 3 5 1 1 5 1 3 4 5 2 5 1 4 5 3 5 1 3 5 2 2 3 5 1 1 1 3 4 4 4 3 2 3 3 4 2 4 2 5 4 4 1 3 4 4 5 1 1 3 4 1 2 4 1 1 4 3 2 2 5 1 1 3 3 1 4 4 4 1 5 1 1 5 4 1 1 1 5 5 5 1 1 3 4 2 5 5 4 5 1 3 2 2 1 4 5 4 3 3 3 1 1 4 4 4 1 3 1 5 4 2 1 2 3 5 2 3 1 1 2 1 2 4 1 2 1 5 2 4 3 3 3 5 5 2 4 5 2 1 3 5 4 4 5 1 1 1 3 4 1 4 4 3 2 5 1 2 3 4 2 5 1 2 1 3 3 1 5 2 2 5 1 4 4 2 2 3 2 1 2 5 3 1 4 2 4 1 4 3 4 1 2 4 1 3 1 1 4 5 5 4 5 1 5 2 1 5 1 1 1 1 0 1 4 4 5 3 2 5 2 5 5 2 1 4 5 3 4 2 1 3 1 5 3 4 5 2 5 2 3 3 1 3 2 4 5 1 1 4 3 3 2 5 5 3 3 4 5 3 3 5 1 3 1 3 5 1 2 3 4 2 3 2 5 2 3 5 3 2 1 3 4 2 5 5 2 5 5 1 3 3 5 4 4 2 4 1 4 4 5 2 5 3 1 2 3 5 1 5 1 4 1 3 2 4 5 5 1 2 5 4 1 5 5 4 3 4 1 5 5 4 3 3 2 4 1 3 2 1 3 3 2 2 1 3 2 4 5 1 4 3 3 3 2 5 3 1 2 5 1 4 1 1 3 3 4 1 3 3 4 2 2 2
2 5 5 1 1 5 4 3 4 5 2 3 4 1 1 1 2 2 3 1 4 4 1 1 5 3 1 4 3 4 1 5 3 2 3 1 3 2 2 1 2 1 1 4 5 4 3 1 4 1 5 3 4 5 5 4 2 4 4 3 2 2 5 4 2 3 1 2 2 4 4 1 5 3 1 4 3 2 5 2 1 2 4 5 2 4 5 3 3 3 4 3 5 4 5 2 4 3 3 5 4 4 4 5 4 3 2 4 5 4 3 4 3 4 4 2 5 1 2 3 4 2 5 1 2 2 2 1 5 2 3 1 5 1 1 5 2 5 2 1 5 3 5 5 4 1 3 1 4 1 4 2 1 1 4 1 4 3 2 3 4 2 2 1 5 3 3 4 3 5 5 5 1 2 4 3 1 4 1 2 1 2 2 4 1 3 3 1 3 4 5 2 2 1 2 4 1 4 2 3 4 2 2 1 2 3 4 1 2 3 2 4 1 1 4 3 5 2 2 1 2 1 4 2 4 5 3 5 3 4 3 2 2 4 4 4 3 4 3 4 1 1 5 3 1 4 1 5 1 3 4 5 4 5 5 2 4 3 3 3 3 4 2 4 2 5 1 1 5 2 2 5 1 5 3 2 4 1 4 5 5 4 2 1 1 1 2 4 3 3 4 2 2 4 4 5 1 3 3 4 3 1 5 3 4 1 2 1 3 1 3 5 1 1 4 4 4 5 2 2 2 1 4 1 5 2 4 1 1 2 4 5 3 5 2 2 5 3 4 0 3 5 1 4 2 4 4 4 3 4 4 2 5 1 1 2 4 1 3 4 1 5 4 5 2 2 4 1 4 2 3 3 1 1 4 1 4 2 2 3 4 3 2 5 4 4 3 3 2 1 2 1 1 2 5 4 3 2 5 5 2 4 2 4 3 5 5 4 1 5 5 4 3 5 5 3 4 1 1 3 3 4 2 4 2 1 4 4 5 5 2 2 5 3 1 1 4 2 5 2 1 3 5 3 4 3 1 2 1 3 3 4 3 5 3 1 5 3 1 3 2 3 1 3 1 5 5 5 2 1 4 1 3 3 5 3 3 3 1 3 2 4 5 4 2 4 3 2 2 1 3 3 5 1 5 1 1 3 5 4
2 4 3 3 2 5 2 4 4 5 2 4 4 5 3 3 3 5 1 5 2 3 1 2 1 4 5 4 4 4 2 4 2 5 1 2 5 2 2 1 3 4 2 3 3 1 3 3 2 4 5 5 4 5 2 1 3 2 5 4 3 1 1 5 3 2 3 3 5 5 2 2 4 3 1 3 1 2 3 3 5 3 1 2 3 5 1 2 2 2 4 4 3 2 5 2 4 2 4 3 2 4 2 1 1 4 1 2 2 5 1 2 4 1 2 1 5 1 1 1 5 3 1 3 2 1 1 5 5 4 1 5 3 1 1 1 2 5 5 5 3 4 1 5 5 2 2 2 2 3 4 1 4 2 3 4 2 2 5 4 3 4 5 2 2 2 5 1 2 3 2 1 3 5 5 5 2 3 5 3 1 3 1 4 5 5 4 2 1 4 2 4 2 4 5 5 4 1 4 3 5 4 5 3 5 3 2 3 5 1 5 3 3 2 4 3 3 3 1 4 1 3 2 1 2 2 4 4 4 3 2 2 5 3 1 4 5 1 4 1 4 2 4 2 1 2 2 2 1 2 5 2 4 3 1 3 5 2 3 3 1 3 1 3 5 4 4 5 4 3 1 2 2 2 1 3 4 2 2 5 3 5 1 1 5 5 2 5 3 3 1 4 2 5 2 3 4 2 3 4 1 4 1 4 2 4 5 1 4 4 3 2 2 2 5 4 4 2 2 2 3 4 1 1 5 3 1 4 3 4 5 4 3 3 4 1 5 4 1 2 0 3 4 2 4 2 2 2 2 3 4 3 1 5 3 4 1 5 1 2 5 1 1 2 1 1 2 3 4 2 1 5 4 1 1 5 2 2 2 3 3 2 1 4 5 3 4 3 3 1 4 4 1 3 5 4 1 3 1 2 3 5 2 4 2 5 1 3 3 2 2 2 2 1 5 3 1 3 2 5 4 4 3 1 4 4 1 4 5 1 3 4 2 5 3 5 4 3 3 1 1 5 5 2 4 3 3 1 4 1 4 5 3 5 5 5 1 1 5 3 1 3 2 1 2 4 5 5 5 5 5 5 3 1 1 3 2 5 1 2 4 2 1 1 3 1 3 2 5 4 1 4 2 3 2 2 4 4 3 3
2 2 3 2 4 1 5 1 3 5 2 4 2 5 2 2 3 4 5 2 4 4 3 4 2 4 3 3 1 4 3 5 3 5 4 5 3 2 1 1 5 4 4 2 2 5 4 5 4 2 2 2 1 2 4 2 2 1 2 4 4 3 4 3 5 5 2 3 5 2 3 3 5 3 1 4 5 1 3 3 1 4 5 5 4 1 3 3 5 5 5 3 1 5 1 1 3 4 3 1 5 5 2 5 1 2 3 1 5 3 4 4 1 3 2 4 1 1 4 5 3 2 5 3 3 4 4 1 3 1 2 1 1 1 1 3 2 5 2 1 5 1 5 3 4 4 1 4 1 3 4 1 1 2 3 5 1 4 3 3 1 5 2 1 3 4 5 1 3 2 1 5 5 3 1 1 1 4 1 2 1 2 1 5 5 3 4 1 3 3 3 4 5 5 3 3 5 1 1 5 5 4 2 2 4 3 5 2 1 5 3 1 3 5 1 2 3 1 1 2 5 5 3 5 5 3 3 5 4 2 2 3 4 5 3 5 1 1 3 3 5 1 3 4 1 1 1 4 4 3 4 5 5 5 5 2 2 2 2 3 5 2 2 2 3 3 5 2 4 4 5 1 3 1 4 5 1 3 4 2 5 2 3 1 5 4 3 2 2 3 1 5 5 5 2 2 3 3 1 4 2 5 3 1 4 4 1 4 1 4 1 4 2 3 3 3 5 4 2 4 4 2 4 3 1 2 3 4 1 5 3 1 1 5 3 1 2 5 2 5 2 0 5 1 3 4 3 3 3 5 2 1 2 2 3 2 1 1 3 5 5 5 4 2 2 1 4 3 1 2 3 2 4 3 4 4 5 1 1 5 5 5 3 1 4 3 1 4 3 4 1 4 3 5 3 4 1 1 2 2 3 2 4 4 3 4 5 4 3 5 1 1 5 1 5 3 2 2 2 4 3 1 1 5 5 4 2 3 2 2 4 4 1 1 3 2 1 2 5 3 3 4 4 2 1 1 5 1 1 5 2 5 2 4 2 4 3 5 5 3 2 1 4 1 1 1 5 3 1 3 2 2 1 1 5 4 3 2 4 2 3 5 2 3 3 4 1 4 4 3 4 3 2 5 2 2 4 4 3 5
1 1 5 3 3 4 5 3 4 2 1 5 5 3 4 5 3 2 5 3 5 1 3 2 3 3 1 1 3 2 3 2 5 2 2 4 2 5 2 3 4 4 3 4 5 1 5 2 4 4 4 5 2 2 3 3 1 1 2 3 4 3 4 5 4 2 3 5 3 4 4 5 1 3 2 1 4 3 1 1 4 5 4 5 3 4 5 2 4 2 2 5 3 5 2 3 4 2 4 1 3 1 3 1 3 2 1 2 4 2 3 4 2 2 1 2 4 4 1 4 5 4 1 3 3 2 2 2 4 4 3 3 2 1 1 1 5 2 4 1 5 2 4 4 2 2 2 2 3 3 2 1 5 2 2 5 2 3 4 1 2 1 4 2 2 1 1 1 4 4 2 1 3 1 2 2 1 1 3 1 3 3 2 5 4 2 3 3 5 1 5 3 1 4 3 1 3 2 5 4 4 1 2 4 4 2 2 1 4 5 5 5 1 1 2 1 2 2 1 3 2 3 1 3 1 4 3 4 3 2 4 2 5 4 2 3 2 1 3 2 3 5 5 2 5 2 4 4 1 5 3 3 5 5 3 5 2 3 3 4 3 2 4 5 5 5 1 5 4 4 3 2 1 5 4 5 2 4 1 4 5 5 4 5 5 4 5 3 1 4 2 4 4 3 1 2 4 3 1 1 2 1 3 3 3 4 1 4 2 3 5 5 3 5 1 3 1 4 1 4 5 5 3 5 1 1 3 4 4 5 5 4 4 4 1 3 5 1 2 5 5 3 0 3 2 4 1 5 3 3 5 1 3 3 3 2 4 5 1 2 1 4 2 3 4 4 4 1 1 2 5 3 4 3 2 3 4 1 5 5 5 4 4 3 4 5 2 3 2 1 5 4 4 2 2 3 4 5 5 1 4 3 2 3 4 1 3 4 2 5 5 3 5 5 1 2 1 2 3 3 4 3 5 1 3 4 2 3 4 2 4 3 1 4 4 4 1 4 1 5 1 3 3 2 5 5 4 4 2 2 2 4 3 4 2 2 4 5 2 4 2 5 4 5 4 3 1 5 5 3 3 4 2 1 3 2 1 5 1 2 5 2 5 4 4 3 1 3 3 2 3 4 3 5 2 1 2 2 4 4
2 1 4 3 4 4 3 3 3 5 2 4 3 5 3 2 1 3 2 5 3 5 4 2 1 1 4 3 4 2 1 4 2 1 1 2 2 3 2 3 1 1 4 2 1 4 5 5 1 1 3 1 2 1 1 2 5 2 3 4 1 1 5 4 3 2 2 3 1 5 2 1 1 2 4 4 3 1 3 2 4 3 4 3 4 2 3 1 1 3 4 4 3 4 2 2 3 5 1 2 3 5 1 2 4 4 4 1 4 3 2 3 4 5 1 2 1 4 1 2 1 3 1 1 5 4 2 5 1 5 1 4 3 1 5 5 2 1 3 4 3 4 1 3 2 2 4 3 1 1 4 3 1 1 3 2 4 1 5 5 1 1 2 3 2 2 3 4 1 2 2 3 1 1 2 2 4 3 1 3 2 4 5 2 5 4 1 2 5 4 4 1 5 3 4 5 4 1 5 1 1 1 2 2 4 2 2 2 5 2 2 4 1 4 5 4 5 3 4 2 3 4 5 4 4 4 5 1 1 2 1 4 2 2 3 1 5 1 1 5 4 1 3 1 3 3 1 5 2 1 5 3 2 4 3 2 4 4 2 5 5 4 2 3 1 3 5 3 4 4 4 4 4 5 3 2 5 5 4 1 1 1 5 1 1 2 5 5 3 4 2 5 1 3 3 2 5 2 5 1 4 3 4 1 1 4 4 4 2 3 4 5 5 4 2 1 4 5 4 5 3 3 4 2 2 1 3 3 4 2 2 4 5 4 1 1 3 4 3 5 1 4 4 0 3 3 4 5 2 2 4 3 1 2 4 5 3 5 4 4 1 4 2 4 5 5 4 1 4 5 4 2 2 1 3 1 1 3 4 3 4 5 4 5 3 5 1 2 4 4 2 1 5 1 1 5 3 3 3 4 3 2 2 2 4 2 3 5 3 3 3 4 3 3 3 2 5 3 3 2 1 1 1 5 1 5 1 4 1 2 5 1 5 4 3 3 5 2 5 5 2 4 2 1 5 1 3 5 2 5 3 3 2 1 4 1 5 3 3 3 5 4 1 2 2 3 1 5 2 3 4 2 3 1 5 3 2 1 5 1 4 5 4 4 2 2 1 2 4 1 4 1 5 1 3 2 4 1 5 2
2 1 5 4 2 2 1 3 5 2 5 1 3 4 2 5 3 3 2 4 2 1 3 1 4 4 1 4 1 2 4 4 2 2 5 1 4 4 2 2 2 3 4 4 3 1 3 4 2 2 1 5 1 2 5 1 2 2 3 5 4 2 4 2 2 1 4 3 3 3 4 4 1 3 1 4 2 4 1 2 2 4 4 2 3 5 2 4 2 1 4 5 2 4 3 2 1 1 2 3 3 2 3 4 3 2 4 3 4 4 2 3 1 4 2 1 1 4 1 3 3 3 2 1 4 3 3 2 2 2 3 5 1 4 1 5 3 4 5 1 2 3 4 4 5 5 4 2 2 1 3 1 4 1 2 2 4 1 5 2 4 2 3 2 1 2 3 1 2 5 5 3 4 4 2 5 4 3 5 5 5 2 5 4 2 4 1 2 5 1 3 5 4 4 1 4 1 2 5 5 2 1 2 5 2 2 5 4 4 2 4 3 2 5 3 2 4 4 3 1 2 5 4 4 3 5 5 2 4 2 2 3 3 1 3 1 3 1 4 2 3 1 3 1 4 4 4 1 5 5 2 5 1 3 5 1 5 4 4 1 2 2 4 2 4 5 3 1 2 5 5 3 2 1 4 2 1 3 2 4 2 2 2 4 2 1 3 4 2 4 1 3 3 1 3 4 5 4 2 2 4 5 1 2 3 3 3 4 3 4 4 1 1 2 2 3 4 2 1 2 3 2 4 3 5 1 4 1 2 3 5 5 4 5 3 1 4 2 1 2 1 4 4 5 0 1 3 4 5 3 5 2 3 5 1 4 3 4 1 2 2 2 1 3 3 3 2 2 3 2 1 2 1 2 4 5 1 4 5 1 4 2 1 4 1 4 3 4 3 3 2 5 4 1 1 3 3 2 4 2 2 5 1 3 2 5 4 3 5 4 3 4 1 5 2 1 3 4 3 1 5 5 4 5 5 2 1 2 5 5 1 2 3 4 1 5 3 5 1 5 4 3 5 3 5 2 3 5 1 1 5 4 5 2 4 3 4 3 2 1 3 1 1 1 3 1 3 5 3 4 3 3 3 4 3 4 1 4 2 5 5 5 4 3 3 4 3 4 5 1 4 1 1 3 2 3 2 1 3 3
3 5 3 2 2 3 1 4 2 1 5 3 2 2 2 1 5 2 4 1 5 3 1 2 2 1 3 3 1 2 1 3 4 5 1 4 4 1 1 3 2 2 1 3 3 4 1 3 4 5 2 3 3 2 3 2 3 1 2 3 1 2 2 3 5 2 3 2 5 3 4 2 1 1 4 3 2 1 3 1 2 1 3 4 1 5 3 1 1 2 4 4 1 3 1 3 1 4 3 5 3 4 1 2 2 1 5 2 4 5 2 1 1 3 2 2 1 1 4 3 1 1 5 4 5 2 1 1 4 5 5 3 3 1 4 5 4 4 5 2 2 4 1 2 2 2 4 5 1 2 1 5 4 4 5 5 4 5 1 4 1 4 4 1 5 1 4 1 2 4 2 5 4 5 2 5 1 2 5 2 3 1 3 2 2 3 1 3 3 5 4 1 2 2 4 3 3 3 2 4 2 3 3 4 4 1 1 4 1 3 5 3 5 4 4 1 2 3 4 3 2 2 1 1 4 4 1 2 1 5 4 4 1 2 1 3 2 1 4 5 2 1 5 5 1 3 3 5 3 5 3 2 3 3 3 2 5 3 2 2 3 4 5 3 5 3 1 3 2 5 5 2 5 1 5 4 3 2 3 5 1 3 1 1 3 2 4 3 1 1 5 2 1 4 1 1 4 2 3 5 2 4 1 2 4 3 4 2 4 1 3 5 2 5 2 3 4 3 3 5 4 4 3 5 3 3 3 3 5 5 1 1 3 1 2 2 1 5 1 1 3 4 2 1 1 0 4 3 4 4 5 3 1 4 2 3 5 1 2 2 1 3 3 4 5 1 4 4 4 3 2 5 3 2 5 4 1 2 5 1 2 4 1 4 4 2 4 3 5 3 5 5 2 5 3 5 5 2 3 2 2 5 4 4 5 2 1 5 5 3 3 4 1 3 5 2 1 1 3 2 2 1 3 3 2 1 4 3 4 2 2 1 3 1 5 2 4 5 4 5 1 1 2 1 2 3 3 5 2 1 1 1 5 4 4 1 3 3 2 1 2 1 5 1 3 5 1 1 4 5 1 1 1 5 1 5 4 2 1 3 3 2 3 2 3 2 1 5 4 3 4 2 3 4 3 2 5 1 1 2
4 4 1 2 2 2 1 4 3 1 4 5 5 2 2 2 3 1 2 2 2 5 5 5 3 2 4 4 4 2 2 1 2 2 1 1 1 4 5 1 1 2 1 2 5 3 1 4 1 2 3 1 3 5 2 2 5 1 4 4 4 4 2 5 3 2 2 1 4 1 5 2 3 1 2 3 5 2 1 1 4 4 5 1 2 2 5 5 4 3 1 4 3 3 5 3 1 3 4 1 2 4 1 4 1 1 2 1 2 3 2 1 3 5 1 2 2 4 2 3 3 1 4 4 4 3 3 1 1 3 1 3 1 5 4 2 3 2 3 3 3 1 1 1 3 4 5 2 2 3 2 4 1 1 4 1 2 2 1 2 3 3 4 1 4 5 4 1 2 4 1 3 3 5 3 4 4 2 5 2 1 4 1 2 1 5 5 2 5 2 3 1 4 2 4 1 4 2 3 2 4 5 5 2 1 1 2 1 3 1 2 2 1 2 4 1 4 3 3 5 3 1 2 4 2 1 3 4 2 1 1 3 3 2 5 1 3 5 1 3 5 5 1 1 2 5 3 3 3 5 3 2 2 3 2 1 1 5 2 2 5 3 4 1 3 1 4 2 3 3 2 3 3 1 3 2 4 4 3 5 5 1 1 2 4 4 2 3 2 4 2 4 4 3 2 2 1 3 3 5 3 1 5 5 4 3 2 3 4 1 5 2 4 1 5 2 1 3 4 4 2 4 1 3 1 3 3 2 5 4 5 3 2 1 5 2 1 5 5 4 3 4 1 3 2 2 0 5 4 4 5 3 4 3 5 2 4 5 5 3 4 3 5 1 3 1 4 3 4 4 5 2 4 2 5 5 2 1 5 3 3 3 1 4 2 2 4 4 1 4 5 1 2 5 5 4 5 4 4 4 3 4 2 5 3 5 5 5 4 2 5 5 3 4 1 2 5 5 1 2 4 3 4 4 1 4 4 1 4 3 1 4 2 2 1 2 2 3 1 2 3 1 3 1 2 5 2 1 5 4 4 3 4 3 3 5 5 4 1 5 4 4 5 4 3 5 1 1 4 1 3 5 4 5 2 1 4 1 2 4 2 4 4 3 4 1 2 3 2 3 1 4 3 2 1 1 1 5 3 3
5 4 2 2 1 3 4 1 3 4 4 2 4 5 1 2 5 4 1 1 1 4 2 2 3 5 2 1 4 4 3 3 2 4 3 4 5 1 2 4 1 4 2 4 2 4 1 4 2 4 2 4 5 1 3 3 2 1 1 4 2 4 1 3 4 1 5 3 1 1 4 5 3 3 3 4 4 3 2 2 4 1 3 1 5 3 1 5 2 2 5 1 5 4 4 1 3 4 3 5 1 5 1 4 2 4 3 2 1 3 2 3 3 4 1 3 1 4 3 4 4 5 3 5 1 2 5 3 3 5 5 4 1 2 2 1 5 4 5 1 3 3 3 4 4 2 2 1 3 1 1 3 2 2 4 2 5 4 1 1 2 4 1 2 2 4 1 5 2 4 4 3 4 4 2 1 5 5 1 5 2 5 4 4 1 2 4 3 4 3 5 1 2 3 2 4 3 2 2 2 5 4 2 3 3 2 2 5 1 1 3 3 2 4 3 1 2 4 1 4 4 4 1 2 3 2 1 2 4 4 3 2 3 2 2 4 3 4 2 3 4 2 5 1 1 5 3 1 2 2 5 1 3 3 1 1 3 4 5 1 4 5 5 4 2 3 5 2 4 4 2 2 4 1 4 3 2 1 4 5 5 1 2 1 5 1 1 4 1 3 4 3 5 4 2 2 4 2 5 3 1 5 4 3 5 1 3 4 3 3 3 3 1 4 1 2 1 4 2 1 4 4 2 3 4 5 5 2 1 4 4 3 5 5 5 3 3 3 2 5 4 3 2 4 5 4 5 0 1 3 5 3 2 3 1 3 2 1 1 2 1 5 3 5 2 2 4 3 4 1 4 1 1 5 4 4 2 4 5 4 5 5 4 2 4 2 2 4 4 2 4 5 4 1 2 1 2 4 1 2 4 4 3 2 4 4 5 1 5 1 4 5 1 3 3 4 5 5 3 2 1 4 1 1 3 2 5 1 1 5 5 1 5 1 4 4 3 3 2 2 4 4 2 1 3 3 5 3 5 1 2 2 2 3 1 5 2 2 5 3 5 4 5 5 1 5 2 1 5 4 1 5 1 1 1 4 1 2 4 2 2 2 4 4 3 5 1 5 3 2 5 3 5 1 2 1 1 1 4 1
3 5 5 1 1 4 1 5 1 5 5 2 4 2 4 5 2 4 5 2 4 3 5 2 4 3 3 4 1 3 2 5 5 1 1 3 3 3 1 4 2 3 1 3 4 2 4 3 5 4 1 2 1 5 3 2 4 1 5 4 3 3 1 3 4 1 4 1 1 1 5 3 4 4 1 2 2 3 5 1 2 3 4 4 5 2 4 1 2 5 5 3 2 4 4 5 1 1 4 4 4 3 2 4 1 1 4 5 5 2 2 4 3 4 1 3 5 4 2 2 5 1 4 5 2 1 4 1 4 5 5 4 4 1 3 3 4 4 4 3 5 3 3 1 5 3 1 5 2 2 1 5 4 1 4 4 2 5 2 5 3 2 5 4 2 5 4 1 2 3 5 3 3 1 1 4 4 2 2 4 1 4 2 5 3 1 4 1 5 3 2 1 1 2 2 4 1 2 4 3 4 2 3 1 1 3 5 4 3 3 3 3 2 3 5 5 2 3 3 5 5 2 2 2 5 1 1 2 3 3 3 3 1 3 1 5 1 1 5 2 1 5 5 4 5 4 2 4 3 4 2 3 1 2 4 2 5 1 2 4 3 1 1 3 5 5 1 4 3 5 3 2 2 5 3 1 3 5 5 4 3 2 1 2 3 2 5 3 5 4 5 1 2 3 5 4 1 4 5 3 3 4 3 3 2 3 3 2 2 4 5 5 3 1 4 4 3 3 2 5 4 1 1 4 2 1 1 4 1 3 3 4 4 5 2 4 1 3 3 1 5 1 4 2 4 4 3 3 0 4 4 3 2 5 5 2 2 3 5 3 3 2 4 1 4 5 3 2 5 5 4 4 1 2 5 4 1 3 4 5 5 4 5 5 3 2 1 3 5 4 5 3 4 3 2 2 3 4 1 1 4 5 2 1 2 5 2 1 5 4 1 2 3 3 1 5 1 2 3 5 5 3 2 2 4 1 2 4 2 5 1 5 3 3 3 1 4 4 1 4 5 4 5 1 3 5 4 5 5 4 3 4 2 1 1 5 3 1 1 5 3 4 1 4 2 2 3 1 3 1 2 2 3 3 3 3 2 2 5 1 4 1 1 1 3 5 1 3 1 1 5 1 1 3 2 4 1 1 5 4
5 2 5 2 3 2 2 1 1 3 1 3 5 4 4 5 3 3 2 3 3 3 5 2 3 1 4 3 5 2 2 3 5 4 5 3 5 3 4 1 4 3 2 4 3 1 5 4 2 1 4 4 4 1 4 3 5 1 5 3 1 1 2 4 4 3 1 4 3 2 3 4 1 2 3 1 2 2 3 5 5 3 5 2 4 3 3 1 3 2 2 5 4 2 3 1 4 2 4 2 1 3 2 5 2 1 2 1 2 2 2 4 2 1 1 2 5 3 3 2 1 4 5 1 1 1 4 3 4 2 5 5 3 4 1 2 1 2 5 2 5 4 3 4 2 5 5 2 3 4 2 1 1 3 2 3 1 2 3 2 2 5 5 1 1 2 5 3 4 3 2 2 3 4 5 1 1 5 4 3 3 5 3 2 5 1 2 4 2 5 3 3 3 4 1 3 1 2 5 3 2 4 1 4 3 2 2 3 1 5 3 5 4 5 5 4 2 4 3 4 5 1 2 3 5 3 2 3 3 4 3 2 5 5 3 1 2 4 4 2 1 2 2 3 4 1 4 4 4 5 2 3 3 1 2 1 1 4 4 5 3 5 5 5 1 5 5 4 5 5 2 1 1 3 1 4 4 2 1 4 1 1 5 3 4 2 4 1 2 2 4 3 2 2 4 1 1 4 2 3 3 3 1 2 4 1 5 1 3 4 5 4 2 3 3 4 2 5 2 1 1 5 2 4 5 4 2 2 3 3 5 4 4 3 4 3 2 4 2 5 4 1 1 2 2 2 1 1 5 0 2 1 5 5 2 3 5 1 5 4 2 3 3 2 2 2 5 1 3 3 2 3 4 2 4 4 4 2 5 1 5 3 1 3 4 4 5 5 5 1 4 2 4 2 2 2 5 4 2 1 1 2 3 2 3 3 4 1 3 1 1 3 4 1 3 4 5 1 1 5 5 3 2 3 4 1 3 1 3 4 5 2 5 5 2 1 3 4 1 1 5 1 3 2 3 4 2 2 3 3 5 2 3 1 1 1 3 4 5 1 1 3 2 2 4 2 1 4 3 1 2 3 3 4 5 4 4 4 2 4 4 4 4 3 3 1 4 3 3 3 5 2 1 3 3 2 3 1 2 1
5 5 4 4 3 5 5 5 2 5 3 2 2 1 2 4 4 4 1 5 1 2 2 5 5 1 5 2 4 1 2 5 2 4 4 1 4 5 3 2 4 2 4 4 5 2 5 3 2 4 4 3 2 5 1 2 5 2 5 4 2 3 2 2 3 1 5 5 4 4 2 4 4 4 5 1 1 4 1 3 3 1 3 2 2 4 1 5 4 1 5 1 5 2 5 3 3 5 4 1 3 4 2 4 4 1 2 5 2 5 1 5 3 3 4 3 4 2 5 3 2 5 2 4 3 3 5 3 2 4 1 2 2 3 5 4 1 3 3 1 5 4 1 2 4 5 3 4 3 4 4 4 5 2 1 5 1 2 2 3 2 1 4 3 2 3 3 3 4 4 3 1 4 5 1 4 3 3 1 5 5 1 2 1 4 2 5 4 2 2 2 3 1 3 2 4 3 3 1 1 1 1 4 1 1 4 1 3 5 2 5 5 2 4 3 1 5 2 1 1 4 3 2 4 3 1 3 2 3 2 4 3 3 3 2 3 4 3 1 4 5 3 5 1 1 1 3 3 5 2 1 4 3 5 3 2 2 5 2 1 1 2 4 5 2 2 3 3 5 1 1 3 4 5 5 1 5 4 5 4 5 1 3 4 2 4 5 3 5 3 3 3 5 4 4 1 4 5 2 5 2 5 2 5 3 2 5 3 3 4 3 3 1 2 4 3 1 5 1 3 3 4 4 1 4 4 2 4 1 1 4 5 2 1 1 3 5 3 2 3 5 4 4 3 3 4 2 1 3 3 0 2 5 2 1 3 1 3 2 1 4 5 2 3 1 1 4 1 5 2 4 1 4 4 3 1 3 2 1 1 1 4 3 2 3 1 4 2 5 2 3 3 4 3 2 1 1 4 2 5 1 1 2 5 2 2 4 2 5 4 5 5 2 3 3 2 5 5 5 1 2 4 4 4 3 4 5 2 1 2 2 1 4 1 5 5 5 4 1 1 2 3 3 1 1 1 4 1 4 2 5 4 4 3 4 2 1 5 2 5 1 3 4 1 1 1 4 2 1 5 1 1 2 1 1 2 4 2 5 1 1 5 5 4 1 3 2 3 5 3 4 4 3 4 1 3 2 2 1 5
4 3 3 3 1 3 4 2 1 5 4 3 2 1 1 3 1 1 3 3 2 1 1 4 1 5 1 4 5 4 2 4 4 4 4 2 3 3 3 1 1 2 3 1 3 5 1 3 2 5 5 4 1 2 1 4 4 1 1 3 4 5 5 5 1 1 3 4 2 4 5 5 1 1 4 2 2 2 4 3 2 5 2 2 3 5 4 1 2 5 2 4 2 2 4 5 3 5 4 5 3 5 4 5 2 5 4 2 1 2 4 1 3 5 1 1 1 1 1 2 1 4 1 3 1 3 4 5 4 1 1 4 2 3 3 5 3 4 3 2 5 3 1 4 1 2 5 4 5 2 4 5 2 2 5 5 2 1 3 1 4 2 5 2 2 4 4 4 5 2 2 4 3 1 2 2 2 4 5 4 2 5 2 2 1 1 5 2 5 4 1 4 4 5 2 3 5 5 1 4 2 1 1 3 5 3 5 5 4 4 2 1 5 1 1 1 4 3 5 1 3 1 3 4 1 5 3 2 1 4 2 2 3 1 2 1 1 1 1 5 5 2 2 3 1 2 5 1 2 4 4 5 1 3 3 4 5 1 2 1 4 2 2 5 1 3 5 3 3 2 4 2 1 1 3 5 4 5 5 3 1 5 4 5 4 2 3 5 2 4 1 3 4 4 2 4 2 1 3 4 2 4 3 4 4 4 2 1 3 1 5 2 5 1 2 4 5 2 4 2 2 4 1 5 4 3 5 2 4 1 1 2 3 4 1 4 2 1 1 5 3 1 2 1 3 1 2 3 4 3 3 0 1 3 1 2 2 4 3 2 5 5 5 4 3 2 4 1 2 4 4 2 1 4 1 4 4 1 4 1 4 3 1 1 5 5 2 1 5 3 5 5 1 2 3 5 2 3 3 2 2 5 1 3 3 2 1 5 5 2 3 2 5 5 3 2 1 5 1 5 1 4 4 5 1 1 1 3 5 4 1 4 5 2 4 3 5 2 1 5 3 5 4 5 2 3 3 3 4 5 3 5 5 4 2 1 3 5 2 1 2 2 4 4 5 4 4 5 3 3 4 2 4 5 1 1 4 5 2 5 5 4 1 4 2 3 2 1 4 2 1 3 5 4 3 3 4 1 4 3
3 4 4 3 3 1 3 4 2 2 1 4 2 1 2 5 3 2 4 4 1 4 3 4 4 1 1 5 5 3 4 1 3 4 2 3 1 3 4 1 5 2 4 4 5 1 4 5 4 3 5 3 4 5 4 3 3 5 3 2 1 1 1 3 4 1 2 1 4 2 2 5 2 2 4 2 5 1 2 1 2 3 5 5 3 2 4 2 1 5 2 3 4 3 4 2 4 4 5 1 3 3 3 1 2 3 3 1 4 5 2 3 3 2 4 2 3 5 5 1 2 5 3 2 3 4 5 1 1 3 2 2 1 3 1 4 3 1 5 5 1 4 2 4 2 3 3 3 3 5 4 3 1 1 1 3 2 2 2 3 5 2 2 4 5 5 4 4 3 2 2 2 5 3 3 1 5 2 2 2 1 2 3 1 3 5 5 1 3 1 5 4 2 3 3 1 2 5 4 2 1 4 1 1 3 4 5 4 3 3 3 4 5 1 3 3 3 2 4 3 5 4 3 3 3 3 2 5 3 4 5 1 5 3 5 4 1 5 1 1 4 2 3 5 1 3 2 4 2 3 1 3 4 1 2 5 4 2 4 3 5 2 5 5 3 2 1 1 1 4 2 2 5 1 2 3 2 1 3 3 5 1 2 3 4 5 1 3 4 2 5 4 3 1 5 5 4 4 5 3 1 3 2 4 5 3 3 4 4 1 3 5 4 4 1 4 3 1 2 4 1 5 1 1 3 5 4 1 4 4 5 5 2 2 4 3 5 1 5 3 2 2 3 3 5 3 3 2 5 3 1 3 0 2 1 5 1 2 1 1 4 5 3 2 2 3 2 3 4 2 4 5 3 4 4 2 1 2 2 2 1 1 3 5 2 2 2 1 4 2 4 5 1 3 4 2 1 5 3 5 4 5 4 4 3 1 1 1 2 4 5 2 1 4 2 2 5 4 1 3 4 3 2 4 3 2 3 2 5 1 4 3 4 5 2 1 1 5 5 4 5 5 5 2 2 5 4 1 4 5 3 5 5 2 1 4 5 2 3 3 1 2 5 4 4 5 3 5 5 2 3 4 1 3 2 3 5 1 1 5 2 4 5 2 2 5 1 5 5 1 2 4 3 4 2 3 2 1 2 2
1 1 4 4 3 3 3 2 5 4 4 4 2 4 5 4 5 4 1 1 1 1 5 3 4 5 4 5 1 1 1 3 2 2 5 3 3 5 5 3 2 2 1 3 3 1 4 1 3 4 1 3 1 3 3 1 3 1 1 4 3 5 4 2 1 5 4 5 1 2 4 5 3 2 3 2 2 2 2 4 5 2 4 5 1 4 2 3 3 1 4 4 3 1 2 1 5 4 2 4 5 1 2 4 3 4 4 2 3 5 3 1 4 1 4 4 4 1 2 5 5 5 1 5 3 1 5 3 2 2 3 1 4 1 3 4 5 2 5 4 5 2 3 2 4 4 4 1 5 1 4 1 5 3 3 5 4 4 5 2 4 2 4 3 1 1 3 4 5 5 3 4 1 4 5 5 5 4 5 4 2 5 3 5 5 2 5 2 5 2 2 2 2 4 3 4 3 1 4 2 1 3 5 1 3 4 1 3 3 2 5 3 4 5 3 5 2 4 3 2 5 4 1 2 2 4 5 2 4 5 2 1 2 4 5 3 2 2 3 2 3 5 3 3 5 3 1 2 4 1 2 3 4 3 5 4 1 2 5 5 4 4 5 5 4 4 3 2 3 2 2 1 3 2 3 3 1 5 1 2 3 5 4 5 1 5 5 5 1 1 3 2 3 2 5 5 1 3 4 4 3 2 4 4 1 5 2 2 3 2 2 2 1 5 2 3 3 2 2 4 5 3 2 5 3 5 3 4 5 5 4 3 1 4 5 3 2 3 1 5 5 5 3 3 4 4 2 4 4 5 3 2 5 0 5 5 4 5 5 4 3 2 4 3 3 5 2 2 3 1 5 1 4 2 3 1 5 5 1 1 3 4 5 4 5 5 4 3 4 4 2 5 4 4 4 4 5 2 2 4 2 3 3 2 5 2 1 5 2 5 4 3 4 1 2 3 5 5 2 5 3 1 5 4 1 1 2 3 5 5 4 4 3 5 4 3 3 3 2 1 5 4 1 1 5 1 1 3 5 3 1 3 3 2 4 3 5 3 3 3 4 2 5 2 1 2 2 2 3 3 5 2 1 5 5 4 1 1 1 3 4 5 2 1 3 4 2 1 3 4 2 4 3 5 5 3 4 2 2 5
3 1 4 1 4 1 2 5 5 4 2 4 5 4 4 3 5 2 1 1 2 5 5 1 3 2 2 4 1 4 5 4 4 3 2 5 1 1 1 2 1 1 4 1 2 1 4 1 4 1 1 1 3 1 5 3 1 4 4 5 2 5 5 3 4 2 2 2 1 5 5 3 3 2 4 4 5 1 1 3 3 4 2 4 5 4 1 3 3 1 2 3 4 3 1 4 4 1 2 3 4 2 2 4 5 4 3 5 4 4 3 2 4 1 2 3 5 5 2 2 2 1 3 5 5 2 3 2 5 3 2 5 1 5 4 5 3 4 5 4 5 2 3 3 1 2 1 5 1 4 4 5 5 2 1 3 2 2 1 1 1 1 5 2 2 2 2 2 2 4 3 2 3 5 1 1 2 5 4 1 3 3 5 4 2 5 2 2 5 3 3 2 3 1 5 2 3 3 5 3 5 3 2 1 3 3 4 4 3 5 4 4 2 1 1 3 4 4 5 5 3 1 3 1 1 1 3 2 3 2 2 4 5 2 2 5 4 5 3 5 4 2 1 4 3 5 1 5 1 5 5 5 5 3 4 5 1 1 4 4 5 3 5 5 4 3 5 4 5 3 5 1 1 3 1 3 5 4 1 3 4 2 1 3 2 2 5 2 4 4 2 2 5 3 4 3 2 2 2 1 1 4 2 3 3 1 4 4 5 4 5 2 1 4 2 4 3 2 3 3 3 1 4 4 4 4 4 3 3 1 5 3 2 2 2 4 2 1 1 3 5 1 4 2 3 4 5 2 1 4 5 3 3 3 0 3 3 1 1 1 1 5 3 3 3 4 4 2 5 2 2 5 3 5 1 3 1 1 3 1 4 3 5 4 4 3 4 2 2 3 2 5 3 4 3 5 4 3 5 1 2 4 2 3 5 5 2 4 1 1 2 4 2 5 3 5 3 3 3 1 1 2 3 2 3 2 1 5 1 2 3 3 2 1 5 4 3 1 1 1 5 4 1 2 4 2 3 2 4 3 4 3 4 3 5 2 4 4 3 1 4 5 1 2 2 2 1 5 1 1 2 1 2 2 5 2 3 5 1 1 4 3 3 3 4 2 4 4 3 2 5 1 1 5 5 3 5 4 5 2
3 2 3 4 1 5 1 5 3 1 3 1 1 4 1 2 3 1 3 5 1 3 1 4 1 5 1 1 5 3 5 5 5 1 2 2 1 2 4 1 5 1 1 3 3 2 3 4 2 2 5 5 2 3 4 1 3 5 4 1 1 5 5 2 2 2 5 4 1 3 5 2 5 4 4 2 2 5 3 5 1 3 4 2 5 3 3 2 2 1 2 5 4 1 2 4 2 1 2 2 3 3 3 4 4 2 3 3 2 3 3 4 2 3 4 4 4 4 4 2 1 2 5 3 3 4 5 2 5 2 2 2 1 1 2 2 1 4 5 2 3 1 4 5 4 3 5 3 1 3 3 1 3 3 2 2 3 1 3 2 1 5 4 4 5 4 1 4 3 1 4 2 3 3 3 2 2 1 4 4 5 1 3 4 1 1 2 4 3 3 4 5 3 1 2 4 2 1 4 1 5 5 2 3 3 2 5 1 5 5 5 5 4 2 1 5 1 1 4 5 4 3 4 2 1 2 5 5 3 5 3 3 2 3 1 3 2 5 3 3 1 2 3 2 4 3 3 5 1 4 1 4 3 5 1 3 4 3 5 5 3 1 1 1 1 2 5 2 1 4 4 2 1 3 3 4 3 5 3 1 1 5 3 5 1 3 1 3 5 2 3 1 1 4 4 5 1 5 3 4 5 2 1 1 1 5 5 2 5 4 5 3 3 3 2 3 1 2 1 1 2 2 4 4 2 1 1 1 3 4 2 1 3 1 3 4 2 2 1 3 5 1 2 5 3 1 4 1 5 4 5 4 1 2 2 0 1 1 4 2 5 1 4 4 3 1 1 3 3 2 2 2 2 4 1 5 3 5 4 5 3 4 5 5 5 3 1 2 2 1 2 3 4 4 3 2 5 1 2 2 4 3 4 1 3 3 2 3 2 5 5 2 3 3 4 2 2 2 2 1 2 4 1 1 1 1 2 3 5 1 1 1 3 4 5 1 5 5 5 4 4 3 4 3 3 4 1 4 2 2 1 5 3 2 3 4 3 5 4 5 3 3 2 1 5 1 1 5 1 2 4 4 2 2 4 2 1 4 3 2 4 3 2 3 4 1 2 2 4 2 3 2 4 2 3 1 2 2 3 3
5 3 5 4 2 4 2 2 1 5 3 1 5 3 5 5 4 5 2 3 4 3 5 2 3 4 4 3 4 1 1 5 5 4 4 3 3 5 3 2 3 1 1 1 1 5 4 3 2 3 1 1 1 2 5 2 1 1 4 4 4 2 2 5 1 2 2 1 2 2 5 4 2 2 5 3 5 5 5 1 2 4 1 4 2 3 2 5 1 3 3 3 5 2 5 3 2 1 4 1 1 3 2 5 4 3 5 4 3 5 2 4 3 5 1 4 4 2 4 3 3 1 2 3 5 1 4 1 2 3 5 2 3 2 4 3 4 5 1 4 3 4 5 4 2 1 4 5 4 4 4 1 3 4 4 3 5 5 5 5 1 4 3 2 2 3 3 2 1 5 3 4 4 1 4 2 5 1 5 5 2 3 4 4 5 3 3 1 2 2 4 4 4 3 4 1 1 1 3 3 3 4 4 1 1 3 5 2 1 5 1 2 3 2 3 3 4 4 2 1 2 2 5 5 3 1 3 1 3 4 3 2 5 3 3 2 4 1 5 5 1 3 1 4 4 4 2 1 1 2 4 3 3 3 2 5 4 2 3 4 4 1 2 1 2 2 3 1 4 1 3 1 2 4 5 4 3 2 3 3 4 3 3 2 4 3 4 4 4 3 4 5 4 4 5 3 3 4 3 5 2 5 3 2 3 5 3 2 2 1 3 5 4 4 4 3 4 3 4 3 1 3 1 5 1 4 4 4 3 4 2 2 2 5 2 3 1 2 1 4 3 5 4 5 2 4 5 5 2 2 5 5 4 4 2 5 0 3 1 3 5 1 4 1 1 1 3 2 3 1 2 5 1 2 5 4 2 2 1 2 3 4 1 3 2 5 4 1 1 3 4 5 5 5 2 1 1 1 5 5 2 3 4 1 3 3 5 3 2 1 2 2 4 5 1 1 5 3 3 5 1 3 5 5 2 3 1 2 5 2 3 3 1 2 3 3 3 5 2 1 1 2 2 2 3 2 2 1 3 3 2 4 2 5 3 3 5 3 5 3 3 4 4 4 3 5 2 1 5 1 3 4 2 2 3 5 5 2 5 2 1 3 3 5 4 3 3 4 2 2 5 1 1 4 1 1 2 3 5 1
2 1 1 1 1 4 2 4 1 2 4 1 5 4 3 2 3 1 5 1 1 4 5 1 1 2 4 2 1 1 4 2 5 2 4 1 5 3 2 1 2 1 3 2 3 5 4 1 4 3 3 4 4 3 3 4 2 2 1 4 4 5 5 5 2 2 3 5 4 2 1 2 5 2 1 4 1 3 4 5 4 1 5 2 2 2 5 3 2 3 1 1 2 4 5 4 1 3 3 2 4 3 1 5 5 3 2 2 1 3 3 1 2 4 4 4 5 5 5 2 5 3 5 5 1 1 1 5 4 3 4 2 3 5 1 4 1 1 1 3 2 3 2 3 2 4 2 5 3 1 3 4 3 4 4 3 1 3 3 4 4 1 4 1 5 3 4 4 2 4 3 1 2 4 5 2 1 4 2 2 4 3 5 2 4 3 4 1 1 4 4 2 4 5 1 5 1 1 1 5 1 3 2 5 5 4 1 5 3 4 2 5 3 5 2 2 4 3 1 5 2 1 1 2 4 1 4 5 1 5 1 2 4 5 1 3 5 1 1 2 3 4 4 3 2 5 1 5 1 2 4 5 3 1 3 3 1 4 4 3 5 2 5 3 4 2 5 1 2 4 1 2 4 2 1 1 4 5 3 4 4 3 2 2 3 5 1 2 3 5 2 4 1 2 3 3 4 4 1 2 5 1 3 2 1 4 5 1 4 3 5 3 2 4 1 2 1 3 1 4 4 1 3 3 3 2 5 2 4 3 2 2 1 5 2 2 1 1 1 3 4 3 5 2 4 4 5 5 5 5 5 1 4 1 1 1 3 0 4 4 4 5 2 1 1 1 5 3 1 2 5 2 5 3 5 1 1 1 2 2 1 5 2 5 2 5 1 2 3 1 1 4 3 4 3 5 2 5 2 4 4 5 4 1 5 3 5 1 2 4 3 3 4 3 3 4 4 1 3 4 2 5 2 1 1 5 1 4 4 3 4 5 2 3 1 3 2 5 5 3 5 3 2 2 3 4 2 1 3 5 5 5 4 3 5 5 5 5 3 4 5 1 3 4 1 2 2 1 2 5 3 5 4 4 2 1 5 2 1 4 1 1 4 4 3 4 1 2 2 4 1 3 3 2 4 3 2 5 5 2
2 5 2 4 4 5 5 4 4 3 2 5 3 1 4 2 4 4 2 4 4 4 5 5 1 5 1 2 5 4 3 4 2 5 4 4 4 2 1 2 4 1 3 3 3 1 1 1 2 3 4 2 1 1 2 3 5 2 4 1 3 1 5 3 5 1 5 1 1 2 4 2 5 1 2 2 1 5 5 3 3 2 4 2 3 4 5 4 3 1 1 5 1 3 1 3 3 5 3 4 3 5 4 4 4 5 3 5 2 5 3 1 3 1 4 4 4 2 2 3 3 2 5 5 3 2 3 5 3 2 4 1 3 4 3 4 2 2 2 3 3 2 1 2 2 2 2 5 1 2 4 2 3 1 4 4 2 1 2 5 3 1 1 1 1 2 2 3 1 1 1 1 3 5 5 2 4 5 5 3 4 2 3 3 1 5 3 4 2 2 5 5 4 3 3 5 2 5 4 3 1 4 4 2 2 1 2 2 5 2 4 5 5 5 5 3 2 5 1 4 2 4 1 2 3 3 5 1 2 3 5 4 3 2 1 3 3 3 2 2 4 4 2 4 5 2 4 3 4 4 1 4 1 4 4 3 5 4 1 1 5 1 1 1 3 2 1 4 1 3 4 3 1 4 2 5 1 5 1 1 1 3 4 4 2 2 1 4 4 2 5 2 4 2 2 2 3 3 4 1 4 5 2 1 3 4 5 1 2 1 4 1 5 1 4 4 5 3 1 1 1 1 3 1 3 1 4 2 2 2 2 4 5 4 5 1 1 1 4 2 3 1 4 1 3 4 2 4 2 3 4 5 2 5 1 3 5 1 0 2 4 5 3 1 2 2 3 3 2 2 5 5 5 4 1 4 1 3 2 4 5 4 3 3 4 4 5 3 4 2 1 4 2 5 2 3 2 4 1 3 3 1 1 3 5 4 5 1 1 1 4 2 4 3 3 1 3 1 2 1 1 5 5 2 5 2 3 1 4 5 5 2 3 2 5 5 5 1 1 4 2 2 3 2 4 1 2 3 2 4 1 4 5 2 2 4 5 4 1 3 2 5 5 3 5 5 1 3 1 3 2 2 4 1 3 1 4 4 1 3 2 4 5 4 2 4 3 1 3 1 1 1 4 3 3 3 5 3 4 1
3 4 1 2 4 2 5 5 2 4 4 1 4 2 4 5 5 1 3 1 5 2 4 4 2 3 3 4 3 4 2 3 2 1 4 5 1 4 4 3 4 1 2 1 2 1 5 3 3 1 3 2 1 2 1 2 1 2 4 1 2 4 4 4 2 2 2 3 1 5 4 1 4 1 3 1 5 5 1 1 3 1 1 5 2 4 1 2 3 2 3 5 3 5 3 4 4 3 1 4 3 4 3 5 4 4 1 2 5 2 1 1 4 5 2 4 1 1 5 5 2 3 2 4 4 3 2 1 4 1 3 2 4 3 3 1 3 1 3 4 5 4 2 4 4 1 3 4 1 2 4 4 3 1 1 1 2 1 1 4 1 4 4 2 1 4 5 5 3 5 3 3 3 4 2 5 2 5 5 1 5 2 4 4 3 3 1 1 3 4 4 1 1 5 1 4 2 3 5 1 3 3 2 5 3 1 4 2 1 2 2 1 4 1 5 4 5 2 5 3 3 2 5 1 2 4 1 2 2 2 5 4 2 4 2 4 3 5 2 5 4 3 2 5 4 1 1 2 1 3 5 3 2 1 5 3 3 5 2 2 1 5 1 3 4 1 5 3 4 4 2 4 3 4 2 1 5 1 5 5 5 1 3 4 5 5 5 1 4 3 1 1 2 2 5 3 3 1 1 2 5 5 4 5 4 1 4 1 3 2 5 2 5 3 3 4 3 2 3 1 5 5 1 5 3 4 1 1 1 3 3 4 2 1 1 2 3 5 3 2 2 4 2 5 5 4 3 5 2 4 4 5 3 4 4 3 3 2 5 0 3 2 5 3 2 2 1 1 4 4 4 3 4 2 3 2 1 3 3 2 1 4 2 5 1 2 5 1 5 1 4 1 5 3 1 5 4 5 3 3 1 5 1 5 5 2 3 3 2 2 5 4 1 5 4 4 1 3 3 5 2 1 2 3 2 3 1 3 2 3 5 2 4 2 4 5 3 2 5 3 5 1 4 4 1 3 4 1 2 1 2 3 4 1 4 3 1 2 5 5 1 5 5 3 3 1 4 2 1 5 4 2 3 1 2 3 1 4 4 4 4 4 3 3 3 4 1 1 1 3 5 4 2 3 2 3 3 2 4 2
5 2 1 1 2 1 2 5 2 2 4 4 1 5 4 3 2 5 4 5 2 2 5 5 4 1 1 3 1 4 1 5 4 3 3 4 2 1 2 4 3 4 2 3 3 5 3 2 4 5 1 1 1 5 3 2 3 5 1 3 2 3 1 4 1 2 3 2 1 2 3 3 3 3 5 2 4 2 5 3 2 4 2 4 3 1 1 1 1 3 2 5 1 1 4 4 3 2 5 2 3 5 4 1 2 2 1 1 3 3 3 2 1 3 1 1 5 4 4 3 1 1 1 4 5 3 2 5 1 3 1 1 5 5 1 1 1 5 5 5 4 3 4 5 2 3 1 4 5 2 4 4 1 3 1 2 2 2 3 2 2 4 5 3 3 1 2 1 5 5 2 2 2 1 3 5 5 4 2 1 5 3 5 1 5 1 4 3 4 2 3 4 3 3 3 5 4 2 1 5 2 3 1 3 3 3 5 3 4 3 5 4 3 5 4 1 4 1 5 3 1 2 3 2 5 4 1 1 1 1 5 3 1 5 3 5 5 2 2 2 3 2 5 4 5 4 1 5 1 2 1 3 5 5 3 5 4 1 5 4 4 4 4 4 4 5 5 1 2 5 2 3 5 4 1 2 1 3 3 5 2 3 3 1 1 1 3 3 4 3 1 5 3 3 4 2 3 4 4 2 2 2 2 5 4 3 1 1 3 1 2 2 5 3 5 2 1 2 1 4 1 1 3 1 5 3 1 3 2 1 1 2 1 3 2 1 2 5 4 3 2 1 3 2 4 1 1 4 2 1 2 5 1 5 1 5 5 5 3 5 0 3 3 2 3 4 4 3 5 2 2 4 4 4 3 2 2 3 1 3 4 5 1 4 3 3 1 3 3 1 2 1 3 1 3 3 4 4 3 1 4 3 3 2 2 2 4 5 3 3 1 3 2 5 4 3 3 3 2 5 5 1 1 2 5 5 3 5 3 1 3 5 4 1 2 3 4 5 5 1 1 2 4 4 2 3 2 4 3 2 3 3 1 5 1 2 4 5 1 4 5 1 4 3 5 2 4 5 1 5 5 2 3 1 1 3 5 5 3 1 5 4 5 5 4 2 3 2 4 2 5 4 1 1 5 4 2 2 2 3
2 2 2 2 2 5 3 4 2 4 4 1 5 2 5 4 3 3 1 4 3 2 3 1 1 1 3 2 5 1 5 3 3 3 1 4 2 1 3 3 2 3 1 2 1 5 2 2 3 3 5 3 5 3 5 4 5 1 5 1 1 2 5 1 5 2 1 3 2 5 2 2 2 2 2 3 3 5 5 5 5 3 5 1 2 4 3 3 4 5 1 4 5 2 3 2 4 1 2 3 1 2 3 3 2 4 3 1 4 5 3 4 2 1 4 3 5 3 5 5 2 4 2 4 1 4 1 3 5 1 5 4 5 2 3 1 1 4 2 3 5 3 3 5 1 4 1 2 1 2 4 4 1 1 1 5 2 1 4 5 2 3 5 4 4 2 1 4 4 1 5 4 4 1 1 2 4 4 3 4 5 4 5 2 3 4 2 3 3 5 4 5 1 1 5 1 5 5 1 5 4 1 3 3 2 2 4 3 3 3 3 1 2 3 4 4 4 5 2 1 5 4 3 2 1 3 4 2 1 5 1 4 1 5 5 1 1 5 3 3 5 3 5 5 1 5 3 5 3 4 5 3 3 3 1 1 3 3 3 3 4 5 5 1 2 5 1 5 5 3 1 5 2 5 4 3 4 1 4 1 4 1 1 5 2 5 1 1 1 3 3 5 2 3 5 3 4 4 4 5 5 5 4 2 1 3 5 3 2 2 3 3 1 2 5 2 2 2 3 3 4 1 1 2 1 3 3 3 2 4 3 2 2 1 5 3 1 1 1 4 2 1 5 2 1 2 2 4 1 4 2 4 3 5 2 1 4 1 3 5 4 0 3 4 4 2 4 4 2 5 3 1 5 3 3 1 1 5 5 5 4 3 4 2 2 3 2 3 5 2 2 5 3 1 4 5 2 4 3 5 1 5 1 2 3 5 3 2 2 5 5 3 4 5 5 4 5 3 5 3 5 2 3 1 2 4 3 2 1 2 1 5 1 2 4 3 2 3 4 3 4 1 4 3 4 4 1 4 1 1 5 4 2 2 2 1 2 3 3 1 1 1 3 2 3 5 2 3 2 4 4 5 1 3 5 1 3 1 4 4 4 1 1 4 1 4 2 4 2 4 2 3 3 2 4 2 3 3 5 4
2 1 2 4 1 2 5 5 5 1 1 1 2 1 2 3 2 3 2 2 3 4 4 5 4 3 4 5 3 2 2 4 2 1 2 4 1 1 5 5 5 3 1 3 4 3 3 2 2 4 5 4 3 2 4 1 4 2 2 4 3 1 5 2 4 2 4 4 4 2 1 3 1 1 2 3 2 4 3 1 3 1 4 5 5 3 4 3 2 2 1 3 5 4 4 1 4 4 1 3 4 2 2 2 3 5 5 2 5 4 3 2 3 2 1 1 3 1 2 5 2 1 3 3 2 2 5 1 4 3 2 5 4 1 1 5 4 4 3 2 3 3 4 1 5 3 4 4 2 3 2 3 5 1 2 1 5 1 4 3 5 1 3 4 2 1 2 1 2 1 1 5 5 3 2 2 5 5 2 2 1 4 2 5 1 2 5 1 1 5 3 4 4 4 1 1 1 4 4 4 2 2 4 2 5 2 1 2 2 1 5 3 1 4 2 3 4 4 4 5 4 1 2 1 3 3 2 3 5 2 4 2 5 5 2 4 1 1 4 1 2 5 2 5 3 3 3 5 2 2 4 1 2 2 2 4 5 2 5 2 5 3 4 5 4 1 3 3 2 3 1 3 3 2 3 2 1 4 4 5 1 5 5 5 3 2 2 1 3 3 3 3 4 1 5 5 4 1 3 4 2 5 4 1 2 1 5 4 1 3 3 1 5 2 4 1 2 5 1 4 1 1 2 2 1 4 3 1 5 5 2 1 4 3 3 1 3 2 5 1 3 5 2 2 3 2 1 2 2 4 2 5 4 2 3 5 4 1 3 3 1 2 0 2 1 3 4 2 3 1 4 3 4 3 5 1 3 3 1 5 1 3 4 3 3 4 4 3 3 4 1 4 5 4 1 2 1 1 3 2 5 5 4 3 1 3 4 3 4 4 2 3 5 5 2 2 2 2 1 4 4 2 4 4 5 2 2 2 4 3 4 2 4 4 5 3 1 1 1 2 4 2 5 3 2 4 4 2 5 3 3 3 5 2 2 4 4 4 5 3 2 1 1 2 1 4 1 4 2 3 3 4 3 1 4 4 4 2 5 1 3 5 5 2 2 4 1 4 5 3 2 2 5 5 3 1 1 1 4 5
1 2 3 4 4 3 1 5 1 5 2 3 5 4 2 1 2 5 1 4 3 5 4 5 4 4 5 2 4 4 4 5 2 3 3 2 5 3 3 2 5 1 1 4 3 2 5 1 2 1 3 2 5 2 2 3 4 2 5 2 1 5 1 4 3 1 2 5 4 4 2 1 4 1 5 3 2 5 4 5 1 3 4 4 1 2 2 4 1 5 3 2 1 2 3 3 1 4 2 5 5 1 3 2 3 4 5 4 3 1 1 1 4 3 1 1 3 1 4 4 2 2 1 2 4 4 5 1 5 4 3 1 5 1 3 4 1 2 1 5 2 1 4 4 3 2 2 1 2 2 3 5 1 5 1 4 5 1 4 1 4 4 2 4 2 2 4 5 4 2 1 3 1 1 2 4 4 1 1 1 5 5 2 2 2 1 4 4 2 1 2 2 5 3 1 2 5 3 3 3 5 4 1 2 2 5 1 5 4 2 3 1 3 4 3 5 4 5 1 3 4 1 4 2 2 1 5 4 4 4 1 2 2 4 3 1 1 3 3 4 2 3 2 3 3 1 4 5 4 1 1 2 2 1 3 3 1 4 1 5 3 2 5 2 4 1 3 1 1 2 2 4 5 5 5 4 1 1 1 2 5 3 2 2 2 3 4 3 5 4 3 3 5 2 4 1 3 1 3 1 2 1 3 4 4 1 5 3 5 2 2 5 4 1 2 4 5 3 4 1 1 4 3 5 5 3 1 3 4 3 1 4 5 2 4 2 4 2 4 1 4 3 5 3 2 3 1 5 3 3 5 4 4 4 5 4 2 5 5 2 1 3 3 0 2 2 3 4 4 4 5 2 2 5 2 4 5 3 2 3 2 2 1 3 2 1 3 1 3 1 3 2 3 2 4 1 3 5 2 2 5 2 4 4 1 3 1 2 3 2 1 2 3 4 4 5 1 1 2 4 4 3 3 2 1 4 4 2 3 5 3 5 4 3 2 2 4 1 2 2 4 1 1 1 3 4 3 1 1 2 2 3 1 5 2 3 4 4 4 2 1 1 2 4 1 5 1 2 5 4 3 4 3 2 5 3 1 4 5 2 3 2 1 1 3 3 1 4 1 4 2 3 5 2 4 3 3 1 2 1
2 1 3 3 4 4 4 5 4 4 4 5 1 4 3 4 2 1 5 4 2 2 5 5 3 1 2 1 4 1 3 3 3 1 2 5 1 2 1 5 5 4 4 3 1 1 2 1 5 4 3 3 4 4 2 4 2 1 2 2 4 2 1 5 4 3 4 4 4 3 4 4 5 3 5 4 4 4 3 5 1 1 1 2 4 2 3 4 2 5 5 1 3 5 3 2 5 1 3 4 3 5 4 3 3 2 2 1 3 5 3 5 3 3 1 1 3 2 5 5 5 2 5 5 3 3 5 1 3 1 4 3 2 5 3 2 5 5 3 1 4 3 5 3 2 1 5 5 5 2 3 3 3 4 2 4 3 2 1 1 1 2 4 4 4 5 5 1 1 3 2 4 3 3 2 5 4 2 2 2 4 4 3 2 1 4 1 2 2 5 2 1 1 5 1 4 4 2 4 5 2 1 2 3 3 1 5 3 2 3 1 4 5 4 5 5 3 2 2 1 3 1 1 2 2 3 1 2 1 1 3 2 4 1 4 4 1 2 5 2 1 5 4 4 5 1 5 5 3 5 1 5 1 5 2 3 1 3 4 5 2 5 2 5 2 4 1 3 1 5 4 4 5 5 3 2 4 1 5 1 2 5 3 1 1 4 1 1 4 1 1 2 3 5 1 3 4 5 4 3 1 4 2 5 1 4 5 5 2 2 5 1 1 5 1 4 4 1 3 5 5 5 1 4 3 4 2 3 3 1 2 4 3 5 3 3 3 4 2 3 3 3 4 5 1 3 4 3 1 1 3 3 5 4 5 4 4 5 1 5 5 4 5 1 0 2 4 3 5 4 4 5 3 2 5 3 1 5 1 4 1 3 4 1 5 2 5 3 5 2 3 3 2 1 1 2 1 3 3 4 4 2 4 2 5 5 1 1 3 5 1 3 2 4 4 5 2 2 5 1 1 3 5 3 3 4 4 2 2 4 2 1 2 5 3 2 3 3 5 1 3 4 3 1 4 3 2 4 3 4 4 3 3 4 1 5 5 3 3 3 4 3 2 2 2 1 3 2 5 3 1 5 4 1 1 4 3 2 1 1 1 2 5 1 4 3 3 5 2 2 2 2 3 1 3 4 2 4 4 3
3 3 1 4 4 2 5 3 3 1 5 4 2 2 4 2 5 2 2 5 4 1 3 3 5 4 3 5 5 3 2 3 1 4 3 1 4 3 4 4 3 3 4 2 4 2 2 3 3 3 2 1 5 4 4 5 3 4 4 3 2 4 5 2 4 3 2 2 4 2 2 4 1 3 4 3 2 1 3 1 4 5 1 1 4 1 4 2 4 3 2 4 5 5 5 2 5 1 3 2 4 3 4 4 5 4 1 5 4 3 2 1 3 1 3 2 3 5 5 5 1 3 1 5 1 2 2 5 3 1 5 1 1 1 4 1 5 3 2 2 3 2 5 1 1 5 4 5 2 3 2 2 4 2 5 4 1 2 2 4 4 3 1 1 5 2 3 1 5 3 3 1 3 3 5 3 3 4 2 4 3 3 2 1 5 2 5 4 2 4 3 3 1 2 3 5 5 4 3 3 4 4 1 1 1 3 4 1 2 3 4 1 2 4 5 5 3 5 1 3 2 5 1 3 3 1 2 2 1 2 3 2 5 3 5 1 5 1 5 4 2 1 5 2 1 2 5 3 2 4 2 3 3 5 4 1 5 2 1 4 2 5 1 2 2 5 5 4 2 1 1 3 1 2 3 2 3 5 5 2 3 3 1 4 5 3 3 4 3 3 3 2 4 4 4 1 1 2 2 3 5 5 1 3 3 4 2 4 2 3 4 5 1 2 4 3 2 1 4 2 1 1 4 5 2 4 4 1 3 2 1 2 5 5 2 3 3 1 5 1 2 2 3 1 2 1 5 1 1 5 2 1 5 2 3 5 2 4 5 3 5 4 5 4 1 0 3 1 3 2 5 4 1 2 5 3 2 5 4 1 2 1 5 5 5 5 2 3 3 3 1 1 2 3 2 5 5 3 5 5 3 4 2 2 1 2 4 3 1 5 4 3 5 4 2 3 1 5 4 3 4 5 3 1 2 3 1 1 2 5 4 1 3 4 1 4 5 2 4 4 2 4 2 3 1 5 3 1 2 4 2 1 1 2 4 4 1 2 5 5 4 3 3 1 4 3 2 4 5 4 4 4 2 2 1 2 5 3 5 3 1 2 5 1 3 3 3 5 5 3 4 2 4 1 3 1 4 4 2 5
3 5 3 1 4 5 1 1 4 4 2 2 2 4 2 5 1 3 4 2 2 2 3 1 2 4 5 2 4 4 5 5 5 2 2 4 2 3 1 2 3 4 3 2 2 1 4 2 2 5 2 4 5 1 5 5 4 3 4 4 3 1 3 2 5 3 1 3 5 4 1 3 5 2 2 3 1 5 1 2 3 1 1 5 3 2 4 3 4 1 5 2 5 2 5 5 5 1 5 1 2 3 4 5 2 1 2 1 2 3 2 1 4 2 4 3 3 1 2 3 5 4 5 1 5 4 4 3 4 4 3 3 4 2 1 5 5 5 4 3 4 4 1 4 4 4 2 3 5 2 2 5 4 5 3 2 4 2 1 2 5 2 3 4 1 1 3 2 4 2 5 1 4 5 1 3 3 3 2 1 1 4 3 5 2 1 5 1 2 5 4 3 4 2 4 3 1 1 1 5 4 3 1 3 4 3 3 2 2 3 4 5 1 3 5 1 1 2 5 4 3 4 1 2 2 2 1 4 5 2 5 4 5 4 2 4 5 5 4 1 1 1 5 3 1 1 5 2 5 5 4 3 2 2 3 1 3 4 4 1 2 3 5 4 4 5 1 5 4 3 1 1 3 1 2 2 2 2 1 3 2 4 3 2 5 1 5 2 4 2 1 4 3 5 4 2 3 1 1 5 1 2 5 5 5 4 1 1 2 2 1 4 1 3 4 3 3 3 4 5 4 4 4 5 5 2 4 3 5 5 1 1 2 3 2 1 5 3 2 5 3 4 5 1 3 5 3 2 5 5 3 3 2 2 4 1 4 1 2 5 2 2 2 5 2 5 0 2 3 3 5 2 2 1 2 1 5 4 4 2 2 3 3 1 1 1 4 5 4 3 3 5 3 3 2 3 4 5 3 3 2 2 2 5 2 2 3 1 3 3 1 2 2 3 2 2 2 3 1 4 1 2 4 5 2 2 4 3 5 4 2 3 2 2 3 2 3 4 3 2 1 5 3 5 4 4 1 3 3 1 5 4 1 5 2 2 3 1 1 1 3 5 2 2 5 5 2 1 2 3 3 1 3 5 5 3 2 4 1 4 1 1 3 1 1 4 4 2 1 2 3 2 3 3 2 4 3 1 1 5
2 1 5 3 2 4 1 5 5 4 5 3 3 5 1 2 1 2 1 2 5 4 1 2 5 3 2 2 1 2 2 1 4 2 5 4 2 2 1 3 4 1 1 4 5 5 5 4 3 3 1 2 2 4 1 5 1 1 1 3 2 5 5 2 4 5 5 2 4 1 2 2 4 2 2 1 4 1 3 3 1 4 4 2 3 1 1 5 2 2 2 1 4 3 3 2 3 3 2 5 1 3 1 2 1 3 2 1 5 2 4 2 1 2 3 4 1 1 2 2 3 5 4 3 1 2 4 5 4 1 1 5 4 3 4 5 3 2 1 1 3 2 5 5 3 3 5 3 1 5 4 5 3 1 4 4 3 5 3 5 1 4 2 3 2 4 2 2 2 5 3 4 4 2 5 5 2 4 3 1 2 1 1 2 3 2 2 1 2 5 5 4 3 5 4 3 1 1 2 2 3 1 5 2 1 4 3 2 3 3 1 2 3 2 5 2 1 1 3 3 5 2 3 1 4 5 1 4 3 4 3 3 5 3 3 5 1 3 1 1 5 3 3 4 2 5 1 1 3 1 1 5 4 1 3 3 2 5 1 4 2 4 4 1 4 3 3 5 5 5 5 3 5 3 1 3 4 3 1 2 1 1 1 4 2 2 1 3 1 2 4 2 4 1 2 3 3 3 3 3 3 5 4 4 5 1 3 4 1 2 4 3 2 4 3 3 1 1 3 3 5 1 2 2 2 5 4 1 2 5 3 1 3 5 3 2 2 2 5 1 2 1 3 4 2 2 4 1 4 3 1 1 4 2 2 2 2 5 2 2 1 4 5 4 5 4 4 0 3 4 4 1 4 4 4 3 3 1 1 1 1 3 1 1 5 4 2 2 3 2 1 2 4 4 5 4 2 4 2 2 3 1 1 5 4 1 4 2 2 1 1 1 2 2 2 1 1 1 4 2 4 2 1 3 4 4 1 4 1 5 4 3 3 4 2 2 4 1 2 3 4 2 1 1 4 4 4 5 3 3 5 4 2 2 3 4 1 2 4 3 3 1 4 2 1 1 2 1 2 2 4 1 3 5 2 5 2 3 4 5 1 3 4 3 2 3 4 1 1 3 3 2 3 3 2 3 2 2 5 3
3 4 5 4 1 3 2 4 1 1 5 2 4 4 4 1 5 3 2 5 3 5 4 1 3 5 4 1 2 4 3 2 3 4 1 4 3 1 5 1 4 5 1 3 2 1 5 1 5 2 1 5 1 2 5 4 2 1 3 4 2 1 5 2 1 5 2 5 4 1 2 5 2 1 2 3 5 1 2 4 1 1 5 4 5 5 5 4 3 2 4 5 3 3 5 3 4 2 2 2 4 2 1 1 1 1 4 1 3 2 3 3 5 2 1 3 3 1 5 4 3 2 4 5 1 1 1 4 3 1 2 2 4 1 2 3 4 3 2 2 3 2 5 4 3 2 1 4 1 1 3 1 4 4 1 4 5 1 1 4 5 4 5 2 4 5 1 1 2 5 1 4 1 4 4 3 3 5 2 3 1 2 2 3 4 1 2 3 4 4 3 2 5 2 4 3 5 4 3 5 1 1 5 3 2 1 5 1 4 1 2 5 4 1 5 1 4 4 4 1 2 5 4 3 5 3 2 5 4 3 1 4 5 1 1 4 1 4 5 4 4 2 2 4 2 2 4 2 2 3 3 1 4 4 5 3 3 4 5 4 4 5 3 2 2 3 3 4 4 4 5 2 5 5 3 2 4 5 2 5 4 3 3 1 2 3 4 4 4 4 1 2 3 1 3 5 5 4 5 2 4 4 2 3 1 4 4 2 1 2 5 3 3 1 2 4 5 3 4 4 2 1 4 4 4 1 5 4 4 2 3 5 5 2 3 2 2 4 4 3 4 5 2 1 1 1 3 3 2 4 4 1 5 5 5 5 2 5 5 2 5 5 4 3 5 5 3 3 0 3 4 1 4 5 1 4 2 4 4 2 1 4 2 2 2 5 2 3 5 4 5 3 1 1 2 3 3 1 5 4 5 2 3 5 1 3 1 4 3 2 5 5 5 1 2 5 5 5 3 1 2 2 5 1 1 1 1 4 2 4 3 1 2 3 5 3 5 2 2 1 5 1 2 1 1 2 1 5 1 1 2 3 4 3 2 3 2 4 4 3 3 1 5 3 3 2 4 4 5 4 5 2 1 2 5 3 2 4 5 1 4 3 4 5 4 5 2 5 4 2 5 4 1 5 2 4 3 3 3 2
5 5 2 4 3 1 1 2 1 5 2 4 2 4 5 2 3 4 3 5 5 5 4 4 1 5 2 1 2 3 3 5 2 5 1 1 3 1 5 4 1 5 4 3 3 1 3 4 1 5 3 1 3 5 3 3 3 2 1 5 1 3 4 3 2 3 2 1 3 5 2 2 1 2 3 1 4 2 3 4 4 5 5 3 4 3 3 2 4 2 1 3 5 2 3 3 1 4 5 5 2 2 2 3 4 3 3 5 4 1 4 3 2 4 4 4 4 5 5 1 3 4 1 1 4 1 2 2 3 4 3 4 1 4 4 5 1 5 2 2 1 1 5 1 2 3 1 1 3 2 4 5 3 1 5 5 4 4 3 4 2 2 5 4 3 5 1 5 2 1 2 1 4 5 4 2 2 4 1 5 2 2 1 4 3 5 1 3 5 4 5 1 1 1 1 2 5 1 1 5 3 5 3 5 1 1 4 1 5 4 4 5 1 1 3 3 2 4 5 1 5 4 1 5 3 2 2 2 3 1 2 2 2 3 5 3 3 5 1 5 4 2 3 2 3 3 3 3 2 5 1 5 5 4 4 5 1 1 1 2 3 1 1 4 4 2 1 2 5 5 4 3 3 5 3 2 5 2 4 4 1 2 1 1 3 3 1 4 5 2 2 4 1 5 2 5 3 4 4 5 3 3 5 1 5 3 1 3 5 2 3 1 5 1 3 2 5 1 2 4 4 3 4 4 5 5 5 4 4 4 4 3 3 3 3 4 2 4 4 4 1 1 2 4 4 3 2 1 1 3 3 4 5 1 4 2 2 5 3 2 2 4 3 5 5 3 5 4 2 0 2 3 2 1 5 5 1 3 4 5 1 5 2 5 5 2 1 5 4 1 1 5 4 3 5 3 2 1 4 1 1 2 4 3 4 2 2 1 1 2 4 4 2 1 2 4 2 1 5 2 4 5 3 3 5 4 2 1 4 1 1 2 5 2 5 5 5 3 5 1 3 2 4 3 4 2 3 3 3 3 2 1 2 4 5 4 3 2 5 1 4 3 1 2 5 1 5 5 4 4 1 2 2 3 5 2 2 3 1 5 1 4 1 4 4 3 3 1 3 4 2 2 5 2 1 4 1 2 5 1
1 4 3 2 2 2 1 1 5 3 5 3 5 4 5 1 5 3 2 1 3 3 4 3 4 2 1 5 5 2 4 3 2 5 5 1 5 5 4 1 5 1 3 1 2 2 4 5 5 1 5 3 5 4 1 3 5 2 3 2 4 3 4 5 1 5 5 4 2 5 1 2 3 2 3 4 4 4 4 4 2 4 5 1 5 2 5 1 1 3 4 2 1 5 2 5 5 5 1 5 5 2 4 3 5 3 4 1 5 1 1 5 2 5 1 4 3 1 1 2 2 4 5 3 1 1 2 3 5 3 2 1 4 3 5 4 5 4 4 2 1 3 1 3 2 5 4 4 4 5 1 3 3 2 1 3 2 3 5 1 4 4 2 2 4 4 4 3 2 2 5 3 2 3 3 2 2 2 3 2 2 3 1 1 5 4 3 3 3 3 1 2 4 4 1 5 1 5 4 2 4 3 2 4 2 2 2 3 4 5 2 4 1 5 4 1 2 2 2 2 3 3 5 5 3 4 3 5 5 1 1 2 3 1 5 5 2 4 3 1 3 1 3 1 4 1 5 3 5 2 4 5 2 1 1 2 4 3 3 4 3 4 2 4 2 1 2 1 3 2 1 4 5 1 5 3 2 3 4 1 2 5 3 4 2 4 2 2 4 2 1 5 3 1 2 3 4 2 4 5 2 4 2 3 5 3 1 1 4 3 3 2 5 5 2 3 5 1 3 3 3 2 4 2 2 2 4 2 5 5 3 3 2 2 4 3 2 5 5 4 2 4 5 4 1 2 1 4 3 5 5 1 4 4 2 5 2 3 5 3 2 2 4 5 5 5 4 2 1 1 0 3 2 3 2 3 3 1 3 1 2 3 2 5 5 3 5 3 3 3 5 4 5 3 1 5 4 2 5 3 5 5 1 3 3 5 5 5 2 4 3 4 5 4 1 5 4 5 3 4 1 4 3 3 4 2 3 1 2 1 1 1 1 1 4 4 3 4 5 1 3 2 5 3 3 1 4 5 5 2 3 4 2 1 2 1 1 4 1 4 2 4 5 2 4 2 4 3 2 5 5 4 4 2 3 4 2 2 5 4 3 2 3 2 1 3 1 1 4 1 2 2 1 1 2 2 5 5 5 3
1 3 5 3 1 4 1 2 1 2 5 1 4 4 1 5 4 1 2 3 5 2 5 1 1 5 1 2 1 1 5 1 4 5 3 2 3 5 5 3 4 1 2 4 1 3 3 3 3 3 2 4 3 1 2 2 2 3 4 5 2 4 1 2 2 3 4 3 3 4 5 3 3 4 4 4 1 3 1 5 4 5 3 4 4 1 1 2 5 2 1 1 3 3 5 2 1 2 2 4 2 2 3 2 5 2 3 2 5 5 4 3 3 1 3 1 1 4 3 5 3 3 2 2 2 4 4 3 1 4 5 1 2 4 2 1 1 3 5 3 4 2 2 2 2 2 5 1 5 5 3 1 5 3 1 4 5 5 5 1 2 3 2 3 2 1 1 2 1 5 5 3 2 5 1 2 4 4 1 1 1 1 4 3 5 2 1 3 2 3 4 1 1 4 5 3 4 3 3 4 4 2 4 1 3 1 3 5 2 4 2 3 3 2 1 5 4 4 3 5 5 1 3 5 3 4 2 4 1 4 1 3 3 5 1 2 2 2 3 5 3 5 4 4 4 3 4 3 3 1 5 2 4 3 1 1 1 1 1 3 5 1 4 3 3 5 3 3 2 2 4 1 2 4 5 1 4 3 1 5 1 1 3 1 3 4 2 2 2 1 1 5 3 4 2 3 3 4 4 2 2 1 3 5 4 2 4 5 3 3 1 1 4 4 5 2 4 5 4 3 4 1 4 4 3 1 3 4 4 1 3 5 5 1 4 2 5 2 4 4 5 3 2 5 3 1 3 1 3 3 2 3 2 3 1 1 2 2 1 5 4 3 4 1 1 3 4 3 1 2 1 0 2 3 4 3 3 1 1 1 1 3 1 2 3 2 4 2 4 3 5 4 1 3 1 2 1 3 2 2 1 3 1 1 3 4 4 5 2 5 3 3 1 5 4 2 2 2 4 2 5 1 5 4 3 4 5 2 2 2 1 1 2 4 3 4 2 2 5 2 4 4 3 1 1 1 5 3 1 2 3 2 2 5 5 4 2 3 1 4 1 1 5 2 3 2 3 4 5 4 2 5 1 5 1 5 2 2 1 4 1 3 5 2 2 3 1 1 4 2 4 4 3 5 5 3 2 2 4 4
2 1 3 2 3 4 5 3 5 5 1 3 2 5 5 3 4 5 2 2 1 5 4 3 1 5 3 3 3 1 2 1 3 1 1 4 2 1 1 4 1 2 2 3 3 4 3 4 2 3 2 5 1 2 3 2 1 3 5 5 4 1 5 2 3 2 1 5 3 2 5 4 4 4 3 3 4 5 4 1 3 5 5 3 5 4 1 3 3 2 2 3 5 1 5 3 1 3 3 1 2 3 4 4 2 2 5 3 1 3 3 3 1 4 4 3 2 1 3 4 3 4 4 5 2 1 3 2 5 1 1 3 2 1 4 3 5 3 3 3 2 3 3 4 3 5 2 3 4 5 3 4 1 3 1 1 1 2 3 1 1 2 3 4 3 2 1 3 3 3 3 2 4 1 5 2 4 5 3 4 4 2 3 2 3 3 3 4 3 2 2 3 4 2 4 2 4 4 2 2 4 5 3 3 5 1 3 5 1 3 1 5 5 2 5 4 4 2 5 3 4 1 1 1 3 2 4 3 4 1 5 2 2 5 1 1 4 1 1 3 2 4 3 1 3 4 1 1 2 2 2 4 1 5 5 4 2 2 3 5 4 5 1 1 2 1 1 5 3 1 3 2 5 4 3 3 3 2 5 5 4 2 1 3 2 2 2 5 4 3 4 2 4 4 2 5 1 5 4 3 3 2 3 1 4 5 4 1 2 1 1 3 1 5 3 2 2 1 3 1 4 4 2 5 1 1 5 3 5 3 1 5 2 5 4 3 3 5 4 5 2 2 4 5 1 4 5 5 2 4 4 2 1 5 4 5 4 4 3 4 1 5 4 4 4 4 1 4 2 5 2 4 0 5 5 5 3 2 3 5 2 1 2 4 4 4 3 4 1 4 5 2 3 1 4 1 1 2 3 5 2 5 4 1 4 4 3 1 2 1 4 5 3 5 1 4 5 1 5 2 4 2 2 3 4 2 3 3 5 4 4 5 1 4 5 2 2 1 5 1 3 1 3 1 5 5 1 3 2 4 3 2 2 2 3 2 4 2 5 5 5 5 2 1 3 1 4 1 3 5 1 4 3 5 3 3 1 2 5 3 5 3 5 1 3 3 4 5 1 3 5 3 5 1 1 1 2 4 1 1
3 4 4 4 3 1 5 5 2 5 2 4 2 1 3 4 2 4 4 5 2 1 4 2 1 5 4 4 4 4 5 2 4 4 5 1 3 1 2 5 3 5 4 3 5 5 4 4 3 3 4 3 1 2 4 4 5 5 3 5 3 2 2 4 4 4 5 5 5 4 3 5 1 1 2 1 2 1 1 4 3 5 2 3 5 5 4 1 2 3 3 1 2 3 2 5 5 3 2 2 3 3 1 1 3 3 3 5 2 1 3 4 1 3 2 1 5 5 5 2 1 4 4 1 5 4 2 3 1 3 5 4 3 2 5 5 2 2 1 3 4 1 4 1 2 1 4 2 2 3 3 5 4 4 5 4 4 5 1 1 3 3 5 3 1 4 4 3 5 2 1 5 3 2 2 2 5 4 1 2 2 4 4 3 4 3 1 1 4 1 5 2 4 1 4 4 2 4 5 1 4 5 2 1 1 3 1 5 5 3 1 2 4 1 1 2 4 1 3 4 1 2 3 5 1 5 2 2 4 2 5 1 2 3 1 1 5 4 4 5 3 2 4 5 3 1 2 4 2 1 1 4 4 4 1 4 2 3 4 4 3 3 4 2 3 4 5 1 4 2 5 3 1 4 1 1 5 2 3 2 1 1 3 5 1 2 2 4 1 2 2 2 3 1 5 3 3 3 4 3 1 4 4 5 5 2 2 5 3 4 2 3 1 2 5 1 3 2 4 5 1 2 1 5 2 4 4 1 1 1 5 2 3 2 3 4 1 4 2 4 2 5 1 4 4 3 1 1 5 3 2 3 3 2 4 5 2 2 2 5 2 4 3 2 5 4 3 3 4 4 5 4 2 0 2 2 2 1 4 2 4 3 4 2 4 4 5 3 4 1 2 5 4 5 2 2 3 3 4 5 1 4 2 1 1 4 4 5 4 2 3 1 1 4 1 2 1 2 1 2 2 3 5 2 1 1 2 5 2 1 5 5 1 5 1 5 5 4 3 2 5 3 4 4 3 3 3 5 1 3 1 2 2 2 5 2 4 2 5 4 1 1 3 1 3 2 3 3 3 5 4 1 3 1 4 1 4 3 1 4 1 2 3 5 3 3 4 3 5 2 3 1 5 4 4 2 1 2 5 2
4 5 3 3 4 5 1 3 2 4 2 5 4 5 4 3 4 3 5 1 5 5 3 5 5 4 1 2 1 2 1 5 3 5 4 3 4 1 4 3 5 2 3 4 5 3 3 3 5 5 4 2 5 5 4 3 3 4 1 5 4 5 5 5 2 5 2 5 4 2 5 2 2 1 2 2 5 4 2 2 4 5 4 3 4 1 1 2 4 3 1 1 3 4 1 4 4 3 2 4 3 1 3 1 5 4 4 1 5 4 1 3 1 2 2 4 1 5 5 4 3 2 5 4 2 4 5 2 4 2 5 3 4 5 4 4 5 3 2 5 5 1 4 1 2 2 2 4 5 1 3 3 3 2 2 4 5 4 4 4 1 2 3 2 5 1 2 3 2 1 3 4 4 4 3 3 2 1 2 2 3 1 2 1 1 4 1 2 5 5 1 1 5 1 5 2 5 4 5 2 3 3 1 4 1 3 2 1 3 1 2 5 4 5 1 3 4 3 5 3 1 4 2 3 3 1 4 4 4 5 2 3 2 1 5 4 2 4 3 2 2 1 4 5 5 5 4 5 1 5 4 4 2 5 2 4 1 2 4 4 2 5 5 5 4 5 2 1 4 1 5 2 2 1 5 4 1 5 3 3 2 3 1 2 1 3 4 1 4 1 3 5 3 2 4 2 5 2 3 2 2 1 1 4 1 1 3 4 2 1 5 4 2 4 1 1 5 4 4 4 4 5 4 2 2 5 3 1 1 4 1 1 2 5 1 3 5 1 4 3 5 1 5 2 1 1 2 5 2 3 2 2 2 5 4 1 2 5 4 3 1 3 4 3 2 4 4 3 5 5 2 3 2 4 0 4 2 4 4 1 1 4 5 1 3 3 1 2 3 3 3 3 5 4 4 1 3 4 2 3 3 5 1 4 4 3 2 3 5 2 5 4 4 1 3 1 2 2 1 5 5 2 5 5 4 3 1 4 4 5 4 1 3 2 1 3 5 4 5 5 1 1 3 3 3 2 3 1 1 2 3 5 4 1 5 5 2 1 5 1 4 3 1 2 4 5 3 2 1 4 3 4 3 3 4 5 2 5 1 4 3 5 4 5 1 4 4 4 4 1 4 1 4 1 4 4 5 4 2 3
5 2 3 4 4 5 2 5 1 2 3 4 3 1 2 1 4 3 5 4 2 4 2 4 1 5 5 4 5 1 5 2 3 5 2 3 1 3 4 1 3 2 2 1 3 2 4 1 3 2 5 2 5 4 4 1 3 4 4 1 3 3 5 5 2 4 1 1 3 5 5 1 1 2 2 2 2 1 3 3 3 4 4 1 2 4 1 1 5 3 2 2 5 1 3 2 3 2 5 3 2 3 1 5 1 2 2 4 1 4 1 1 5 3 2 1 1 1 3 5 1 5 4 4 4 3 4 3 3 1 3 2 3 1 5 1 5 3 5 1 5 1 2 1 1 5 5 2 1 1 1 2 4 1 3 4 3 4 2 3 1 5 5 1 4 5 4 5 2 1 5 5 2 2 5 5 2 5 5 1 3 2 2 2 2 1 3 2 3 5 1 1 3 3 5 3 3 1 3 5 4 4 3 5 2 4 3 4 1 1 1 5 5 1 2 2 2 2 2 4 1 5 3 1 4 2 2 2 5 3 2 3 2 5 3 3 5 2 4 3 3 5 3 5 1 1 3 3 2 2 1 2 2 4 4 2 2 3 5 2 5 1 4 4 5 1 3 4 1 4 1 4 5 3 1 3 1 5 4 4 1 3 4 1 3 2 4 5 3 1 2 5 4 2 3 5 5 5 4 5 4 4 3 5 2 2 5 2 1 3 1 2 3 4 2 4 2 1 1 1 2 1 3 1 2 4 4 1 5 2 4 3 4 4 5 4 3 4 1 2 3 2 3 1 3 3 3 5 3 3 2 2 5 2 3 1 4 3 2 5 1 4 5 5 2 2 3 3 4 1 2 4 5 4 1 0 2 5 4 1 3 5 1 3 4 2 4 3 1 2 1 4 2 5 5 3 2 1 5 2 4 2 2 2 3 2 3 3 4 4 2 4 2 3 3 3 4 1 1 4 1 3 5 3 2 4 4 3 5 3 3 4 2 4 5 3 4 2 4 1 2 3 2 5 1 3 1 4 4 4 1 3 4 3 2 2 4 2 1 2 5 2 2 4 5 1 1 5 4 5 2 1 3 1 5 2 5 1 3 4 1 3 2 3 1 2 3 5 5 3 2 1 5 2 4 1 5 1 3 5
5 4 4 4 3 5 4 3 5 5 3 5 5 2 5 3 2 5 2 3 1 1 5 2 2 4 4 4 5 2 5 1 3 1 5 5 5 1 1 3 1 2 4 4 2 1 4 4 5 3 5 3 3 2 2 5 5 4 1 4 3 4 1 1 2 2 3 1 3 4 5 4 1 1 1 4 1 3 3 3 1 2 1 2 2 1 5 2 4 1 2 3 1 4 5 4 3 4 3 1 5 1 1 5 1 3 5 5 3 2 3 5 4 4 4 4 5 5 4 4 2 1 2 4 3 2 2 4 3 1 4 2 4 2 1 2 3 1 1 5 5 4 3 4 4 1 3 3 2 3 4 1 2 2 1 4 1 2 2 5 4 3 3 3 4 4 3 2 2 1 2 2 5 3 5 5 1 3 1 3 3 3 1 1 3 1 4 3 4 5 3 5 1 3 2 1 5 4 1 2 5 5 2 5 2 4 3 1 1 5 1 5 1 2 3 3 3 2 1 3 3 3 2 1 2 1 5 2 3 4 3 3 4 2 1 3 5 4 3 5 5 1 4 4 1 2 5 1 1 3 1 1 2 1 3 5 1 1 4 3 4 4 3 4 1 2 3 4 1 2 5 5 5 5 1 3 2 1 4 4 2 3 2 1 5 2 5 1 5 5 5 3 5 3 2 3 5 3 4 2 1 1 4 1 4 3 1 1 4 2 5 4 3 2 3 4 4 5 2 3 3 2 4 1 5 4 1 1 5 1 5 5 3 5 5 3 5 2 1 1 2 3 4 5 5 2 3 3 5 2 3 3 5 5 2 2 3 3 1 5 1 2 3 1 4 2 1 1 5 4 3 3 3 2 4 1 0 5 5 3 2 5 4 1 5 2 3 5 1 2 4 4 4 3 1 4 5 3 4 5 3 2 3 3 5 3 4 2 1 1 3 3 1 1 4 3 1 5 2 2 1 4 1 2 5 5 3 3 5 2 3 2 5 4 3 3 2 4 4 1 5 1 3 5 5 3 5 1 5 1 4 4 3 4 2 5 3 4 5 5 4 4 5 5 1 2 5 2 4 3 2 2 3 2 5 1 4 4 5 5 2 2 5 2 2 5 2 1 4 2 4 3 2 4 1 1 4 5 1 1
5 4 1 1 3 3 4 2 2 2 5 2 3 1 1 2 4 1 4 2 5 4 2 2 3 5 2 5 3 1 2 2 4 2 5 4 2 3 2 4 4 2 3 4 2 3 4 4 4 5 3 3 1 3 5 2 1 3 3 4 3 2 4 4 1 2 4 1 4 5 3 5 1 1 4 3 5 4 2 5 5 5 1 2 2 4 3 5 2 2 3 4 5 5 1 5 5 4 2 3 5 3 4 3 1 1 1 2 4 3 4 4 2 3 4 2 4 4 5 1 3 2 1 5 4 2 5 5 3 3 4 1 5 4 2 5 4 5 4 2 5 4 1 5 4 1 4 3 1 1 2 4 5 3 3 1 4 1 4 4 1 3 4 3 3 4 3 1 4 5 4 4 2 4 5 2 3 4 3 1 2 1 5 3 2 2 5 2 3 2 4 4 5 4 3 2 3 2 4 1 5 4 4 4 4 2 1 2 4 3 2 4 1 4 3 1 3 2 1 4 1 1 3 5 5 1 4 5 4 1 4 3 5 5 2 3 4 5 2 5 1 4 1 3 3 2 4 2 2 4 1 3 3 4 2 5 2 4 4 4 1 3 1 1 5 1 1 2 1 3 4 4 5 4 1 1 5 4 5 2 5 1 4 4 1 1 1 1 3 5 5 1 1 2 5 3 3 2 5 1 5 1 2 4 5 2 3 4 3 3 3 4 3 3 1 4 1 1 1 3 2 4 2 5 3 2 5 1 4 5 3 5 4 5 4 1 3 1 4 2 4 5 2 3 5 3 3 3 1 5 5 5 1 1 5 4 5 2 2 3 4 5 4 5 2 3 3 1 1 5 4 4 1 5 2 5 3 0 2 1 5 5 4 3 4 4 4 4 5 3 1 1 2 4 5 5 4 3 3 4 5 1 4 1 2 3 3 4 2 1 2 4 4 2 5 3 1 1 1 4 1 5 3 4 3 5 4 3 2 3 2 4 5 2 2 2 4 5 4 4 2 3 5 2 1 5 1 5 2 5 5 1 4 4 3 4 3 5 1 5 5 4 5 2 5 1 3 1 2 1 2 4 4 5 5 5 5 1 4 4 1 4 5 2 4 3 1 4 2 4 3 3 1 1 5 2 5 2 3 4
5 2 1 2 1 5 3 2 4 2 1 5 2 5 1 2 3 1 2 1 3 1 5 1 5 4 1 2 4 2 5 1 4 1 5 1 2 2 1 3 3 2 3 2 5 3 5 4 2 2 3 1 1 5 1 1 1 5 3 2 4 4 2 5 4 3 2 1 1 4 1 5 2 4 4 4 2 4 1 3 2 4 1 4 4 5 2 5 3 4 1 4 1 1 4 3 2 5 3 4 3 1 4 3 5 4 4 5 4 1 3 3 1 2 2 1 3 1 2 2 4 1 2 2 5 2 5 4 1 4 4 4 5 5 2 4 1 1 4 4 2 2 2 3 1 4 2 4 3 4 3 3 4 5 1 3 2 4 1 2 5 3 1 4 5 4 4 2 5 1 3 3 1 2 2 2 1 5 1 4 4 2 5 4 1 3 4 3 1 2 4 1 5 1 1 2 5 2 3 1 2 5 2 2 3 4 3 1 1 1 1 2 3 3 5 1 3 5 5 3 4 5 4 3 2 5 3 5 5 5 3 4 3 5 2 1 4 3 5 4 3 4 5 4 5 2 2 4 4 1 5 2 3 1 2 4 4 3 1 3 2 3 3 5 4 5 3 1 2 1 4 4 2 3 3 3 5 4 2 5 4 2 4 5 1 2 5 1 4 3 3 1 3 1 1 1 1 5 3 1 3 5 5 3 2 5 2 1 1 4 1 3 4 2 3 1 5 5 4 5 2 3 2 5 1 4 4 1 3 4 5 3 4 3 2 4 2 1 4 2 4 4 1 5 5 5 4 2 3 1 1 1 4 3 1 5 1 3 1 2 5 2 4 1 3 5 1 1 5 2 3 1 5 4 2 4 2 1 0 1 2 5 2 4 4 2 3 3 5 2 5 3 5 5 2 2 2 1 5 3 2 4 3 4 1 2 3 5 4 1 2 3 2 3 1 3 1 5 1 4 1 1 5 4 4 3 3 4 3 4 1 1 4 3 2 2 3 3 1 5 4 1 4 2 5 1 3 3 2 1 4 5 5 3 1 5 3 2 5 5 1 5 3 3 5 4 5 1 2 4 2 4 2 4 1 2 1 1 1 2 5 3 1 3 1 1 2 5 5 4 3 2 3 4 5 1 5 1 3 4
1 5 2 1 1 3 4 5 3 5 3 1 3 5 3 4 3 1 4 5 4 1 5 3 3 1 4 2 3 1 5 4 4 3 5 4 4 2 5 3 3 2 1 4 3 3 5 3 4 3 5 4 3 4 5 2 4 4 1 1 1 3 2 3 5 1 2 3 5 3 3 4 3 2 2 3 5 4 5 3 5 1 4 5 5 5 3 3 2 4 4 1 4 2 5 4 3 2 3 3 5 2 1 1 2 2 5 5 4 3 4 4 5 2 1 3 5 3 4 3 2 2 4 3 4 4 1 2 5 4 2 1 1 3 5 4 2 3 2 4 5 1 5 5 4 1 4 4 2 2 1 1 2 4 5 1 2 3 4 2 2 2 5 1 3 3 1 4 5 4 5 2 1 2 2 2 5 1 2 2 1 5 5 1 4 2 2 1 4 2 5 5 2 5 2 1 3 1 3 3 5 4 5 1 4 1 2 4 1 2 1 1 4 3 3 1 4 5 4 4 5 5 1 4 3 5 5 4 2 5 1 2 3 2 5 5 1 4 3 1 3 3 1 2 1 2 3 4 1 1 2 5 5 2 3 4 4 5 1 3 5 3 2 4 5 1 3 5 5 3 3 2 1 4 5 3 5 1 2 5 5 3 5 4 4 5 3 5 3 3 5 3 2 1 2 5 1 5 4 1 3 5 5 2 2 4 4 3 4 4 1 4 3 4 4 2 3 1 2 5 4 2 4 3 5 2 1 2 4 5 1 5 3 2 1 1 3 5 4 4 2 2 4 4 4 1 1 3 4 1 5 2 1 2 2 1 1 5 3 1 1 1 2 4 3 3 5 3 3 5 3 2 3 1 2 2 1 1 2 0 2 1 5 3 1 4 4 4 3 4 1 1 5 1 2 5 1 2 3 1 3 2 1 1 4 4 1 3 2 4 3 4 4 4 3 4 4 5 1 5 4 5 5 1 2 5 1 2 2 3 5 1 4 5 5 5 3 1 1 2 4 4 3 4 5 4 2 1 2 2 1 4 5 1 5 4 5 2 4 5 3 1 1 1 1 5 4 1 1 5 2 3 1 1 5 5 3 1 4 2 5 1 4 3 3 3 4 2 1 3 5 2 1 4 2 2 1 3 3 2
3 1 2 2 4 3 2 2 4 5 1 5 3 2 4 4 4 2 4 5 3 5 5 3 1 2 5 2 3 1 5 2 4 1 5 3 4 4 2 1 1 2 4 4 4 5 5 1 4 2 5 4 2 4 4 4 4 4 3 2 2 3 5 4 1 3 3 3 4 2 3 4 2 2 3 1 1 4 5 5 4 5 3 1 2 1 1 5 1 5 4 5 4 4 2 5 3 4 1 4 1 3 3 3 2 3 4 3 3 1 1 3 3 2 4 1 2 5 1 1 5 5 4 4 4 3 1 4 1 3 1 2 2 4 1 2 1 2 3 1 5 3 3 5 5 4 2 4 5 1 4 5 3 3 1 1 2 2 5 5 5 3 4 4 1 2 1 4 2 5 2 1 5 1 3 2 4 3 2 4 4 3 1 5 5 4 4 3 5 2 4 1 4 1 4 5 1 5 3 4 1 1 2 5 1 3 1 5 4 1 2 2 1 5 5 5 4 4 1 1 4 3 1 1 1 2 1 3 4 1 3 3 4 5 4 2 5 2 1 3 4 4 3 1 2 1 1 4 2 1 2 2 4 1 4 2 4 5 3 3 4 1 1 5 3 5 4 1 2 3 4 2 1 2 4 1 4 2 2 4 1 2 4 3 4 3 4 1 3 4 4 5 2 2 4 3 2 4 2 1 2 4 1 1 2 4 2 4 5 4 3 1 4 4 4 2 1 3 4 3 1 1 1 2 4 3 1 2 2 3 3 1 5 3 3 2 3 1 4 1 4 4 5 3 3 5 1 2 2 5 1 3 2 4 1 1 4 3 2 2 5 4 4 1 1 1 5 2 3 4 2 5 2 2 2 2 3 1 3 3 0 4 5 5 1 3 4 4 3 3 4 2 3 3 4 1 4 4 2 5 1 2 1 2 4 3 4 2 3 2 1 5 1 4 2 3 5 3 4 3 5 1 2 5 4 2 4 4 5 5 2 3 2 5 2 2 3 2 1 2 3 1 4 5 3 2 2 1 2 1 4 2 1 5 3 1 2 5 3 3 1 2 5 1 5 5 2 2 1 2 5 1 4 2 2 5 4 3 3 1 2 4 5 3 1 2 4 1 5 4 3 3 5 4 5 2 3 1 4 1
4 1 5 4 1 3 3 5 2 4 2 2 2 2 2 3 1 3 4 3 1 1 3 2 2 5 2 2 1 3 2 4 1 2 5 5 4 4 4 3 4 5 4 4 1 3 1 2 1 1 4 1 5 2 1 4 2 5 1 4 4 3 5 5 2 3 3 3 3 1 5 5 2 1 4 4 4 3 2 2 1 5 1 4 3 3 3 1 1 2 5 4 2 3 2 2 2 1 1 3 3 2 1 4 4 1 3 5 2 4 3 5 4 3 1 2 2 1 5 3 3 5 4 1 3 3 1 4 5 3 2 4 2 3 2 4 2 4 3 2 1 3 5 1 1 5 2 2 4 4 3 2 2 3 5 3 5 5 2 2 1 3 4 4 1 2 2 4 5 3 2 4 4 1 5 3 2 1 5 2 2 1 5 3 4 2 5 4 4 2 2 4 1 3 1 3 4 3 2 4 1 3 2 5 3 5 1 4 4 3 5 2 4 5 3 2 4 3 5 2 3 4 1 1 1 2 1 5 3 1 1 3 5 3 4 5 5 2 4 2 5 2 4 3 2 1 5 1 1 3 1 2 1 3 5 4 2 2 1 3 5 5 4 1 3 4 2 3 3 1 4 5 3 4 4 2 4 1 4 1 2 2 5 3 2 3 4 1 2 4 3 4 2 3 2 3 4 5 2 5 1 1 3 4 4 2 4 1 5 1 3 5 5 1 1 3 3 1 4 5 3 5 4 1 3 2 2 3 5 2 2 4 5 1 2 4 4 3 5 2 1 1 4 3 1 1 5 4 2 1 1 3 2 3 3 3 4 1 5 5 2 1 3 1 5 3 4 2 2 2 4 2 1 2 4 2 1 4 3 4 4 0 4 2 5 4 4 2 1 3 2 5 1 1 3 4 2 4 4 3 3 1 2 2 3 5 2 2 5 5 5 1 4 5 3 4 5 3 4 5 3 3 3 5 2 4 5 4 1 4 5 2 1 5 4 5 3 5 5 3 5 5 1 3 4 3 4 2 5 4 4 3 4 5 3 3 2 3 2 4 2 1 5 1 2 4 4 1 2 5 2 1 2 5 5 1 5 5 3 2 5 1 1 3 1 1 2 4 4 3 4 1 2 2 2 1 1 1 1 5
4 2 5 4 1 1 5 5 2 5 2 4 2 5 3 2 1 1 4 5 3 5 1 3 3 3 5 2 3 1 3 1 3 3 3 1 1 5 5 4 2 4 2 1 5 3 3 2 4 2 1 4 1 1 4 5 4 5 5 1 3 1 3 2 5 5 4 3 2 2 5 5 2 3 5 2 4 3 4 3 5 3 3 3 1 5 5 3 3 4 2 3 3 4 4 1 2 3 2 4 3 5 1 5 2 4 5 1 4 2 2 3 2 3 2 2 5 3 5 1 4 2 2 5 4 3 4 5 1 4 2 2 4 5 3 2 2 2 4 1 2 4 2 2 2 5 5 2 3 5 3 2 3 5 2 2 3 3 3 2 4 2 3 3 3 3 3 2 3 5 4 3 4 3 1 4 1 4 1 2 2 2 5 4 2 2 4 4 2 2 1 2 4 5 1 1 5 2 5 5 2 3 4 1 1 1 5 1 3 5 1 1 1 3 3 2 4 4 2 1 5 4 2 3 2 4 1 2 2 4 3 3 3 1 2 2 2 1 5 4 1 4 4 4 4 5 5 1 5 2 2 3 5 4 3 2 1 2 2 3 5 5 5 2 2 4 4 5 1 5 4 3 4 1 4 1 4 1 2 5 3 3 1 1 2 3 1 2 3 4 3 2 5 3 2 4 5 5 5 2 4 5 4 5 1 2 3 3 4 2 2 5 5 2 3 4 4 5 2 5 2 2 2 3 3 2 1 1 5 4 4 1 2 4 4 1 4 1 5 2 3 4 1 4 5 2 4 2 5 4 1 3 2 1 5 4 1 1 4 4 1 3 1 5 2 5 4 2 1 1 1 4 3 5 3 2 1 2 3 1 3 2 0 4 2 2 5 3 2 2 2 3 3 3 5 3 5 3 3 4 2 1 2 3 1 1 1 3 4 3 3 1 4 4 3 2 1 3 1 1 5 5 2 3 1 2 5 4 2 1 4 2 1 1 5 1 3 3 2 3 3 1 5 1 1 3 2 2 5 4 5 3 3 5 4 5 1 5 4 1 5 4 4 2 1 5 5 2 3 5 1 1 3 4 5 4 1 4 2 4 2 5 2 3 2 4 2 3 3 2 5 1 3 1 1 4 2 4 5 3
1 1 3 2 1 5 2 2 2 5 2 4 1 3 3 2 2 2 1 3 2 3 5 4 2 1 5 3 1 4 1 3 3 4 3 4 2 2 3 5 1 1 2 3 4 5 1 1 3 5 2 3 2 4 2 3 4 1 2 2 4 4 3 3 1 1 2 3 5 3 2 4 2 2 2 2 4 1 1 2 5 2 4 3 5 2 3 5 1 3 4 4 4 2 5 3 5 5 2 4 4 3 3 1 4 2 2 4 2 1 4 4 2 3 2 4 4 4 3 1 4 5 2 4 5 4 4 1 4 3 3 3 5 4 5 5 3 1 4 2 2 1 1 3 2 2 4 1 3 5 1 2 4 4 3 4 1 2 5 3 5 3 4 3 5 3 3 2 3 4 5 4 3 3 1 5 4 3 2 1 4 1 1 4 1 4 2 4 1 1 4 5 5 1 4 4 4 1 2 3 4 1 5 5 3 3 4 4 1 2 4 4 4 4 1 5 1 4 3 4 4 5 3 5 5 2 3 4 3 3 1 2 4 3 3 2 4 5 3 5 2 1 5 3 4 4 1 5 1 4 5 5 1 1 3 3 1 3 4 5 2 1 3 4 5 5 5 3 3 4 1 5 5 2 5 3 2 4 1 2 1 2 5 2 1 3 1 5 3 5 3 4 2 5 2 5 2 3 5 2 3 1 1 5 4 1 2 1 5 4 2 5 2 2 4 1 1 4 4 2 3 1 3 5 4 5 5 3 3 1 5 3 1 2 1 2 2 3 1 2 1 1 4 1 5 3 2 4 2 3 2 2 5 2 3 2 3 2 4 1 3 3 5 3 3 3 1 1 4 5 2 2 3 3 2 5 1 3 5 3 2 3 3 0 2 5 3 1 5 2 3 2 2 5 3 3 4 2 3 4 3 5 4 5 5 4 4 3 5 4 1 1 4 5 2 4 2 3 4 2 5 5 1 3 2 5 1 1 4 2 5 4 4 1 2 4 3 3 5 4 5 3 4 4 2 2 1 4 1 2 1 1 5 2 1 5 5 2 4 3 3 3 1 5 3 5 5 5 5 1 2 3 4 4 1 3 5 2 1 3 5 5 5 3 1 4 3 5 3 3 5 3 3 2 2 1 2 3 3 1
3 3 3 3 4 1 5 1 1 3 5 4 3 2 5 3 5 4 4 5 3 5 4 5 4 5 1 5 2 4 5 5 3 4 5 5 4 5 2 1 1 3 4 3 1 3 4 1 5 5 1 4 3 4 3 4 2 3 1 2 3 4 3 3 3 4 4 3 5 1 4 5 1 2 3 3 3 3 5 1 5 5 1 2 2 2 1 1 2 3 5 2 3 2 5 3 5 3 3 4 4 4 2 4 4 4 4 2 1 2 1 1 5 4 3 3 3 1 5 2 1 1 3 4 5 1 2 2 5 3 1 3 2 1 4 5 1 1 4 4 1 2 4 5 4 3 4 3 3 3 1 2 5 2 3 2 3 3 3 5 5 1 3 1 1 3 2 4 3 3 1 1 4 2 2 5 3 2 3 1 1 3 3 3 5 1 3 1 5 4 5 4 4 2 4 5 2 3 1 3 5 2 3 3 5 3 1 2 1 2 3 2 2 4 1 3 4 1 2 4 2 4 3 1 5 1 4 4 4 4 1 3 3 3 1 1 1 5 4 3 5 5 2 5 1 5 2 2 5 3 4 5 3 5 5 5 5 3 1 2 5 4 5 1 5 5 1 1 5 5 4 1 3 2 5 3 4 5 5 3 4 2 5 4 5 3 1 1 1 4 3 1 4 3 5 5 5 4 5 2 4 3 3 2 2 5 2 1 3 3 5 5 4 5 4 2 4 1 1 1 1 1 3 3 2 2 2 1 5 5 3 3 4 5 3 1 5 2 1 5 5 4 5 5 5 5 2 1 1 4 2 5 5 4 5 4 4 4 2 4 3 3 2 5 4 4 3 4 2 2 1 3 3 5 2 5 5 3 3 1 4 3 2 3 0 5 1 3 4 4 3 2 2 4 5 2 5 5 1 3 1 5 2 2 2 2 2 2 4 4 3 2 5 4 1 4 5 1 1 1 5 2 5 2 5 3 2 1 2 5 1 3 3 5 4 3 4 4 5 2 5 3 4 3 1 3 1 2 5 3 5 2 2 4 4 4 4 5 4 1 2 2 1 5 5 2 5 5 4 1 4 2 4 2 4 4 4 4 1 4 5 2 5 2 1 1 4 2 1 2 1 3 1 2 4 4 4 5 1 3
1 1 1 2 4 3 5 2 5 3 4 1 1 3 3 4 2 3 5 4 2 4 4 5 2 3 5 1 1 1 2 5 3 4 1 1 1 2 3 3 1 5 1 3 5 5 4 4 5 3 3 4 3 4 2 5 1 3 3 3 3 2 1 1 5 2 5 3 4 4 4 3 4 3 1 3 4 4 2 2 5 2 3 5 3 5 2 5 3 2 4 3 1 1 3 5 1 1 2 5 4 3 2 5 1 2 5 5 3 2 3 4 5 4 2 2 2 1 3 5 4 4 3 5 5 3 3 3 2 2 5 2 5 3 3 5 1 3 2 1 4 3 2 5 3 3 1 2 1 1 2 4 4 3 2 2 1 4 1 3 4 2 4 3 3 4 2 3 1 3 4 3 1 1 2 1 1 5 4 1 3 2 1 2 4 2 2 2 5 2 4 2 5 2 3 1 1 3 2 3 3 3 5 2 2 4 2 5 3 1 4 4 1 3 5 1 3 2 5 4 1 1 3 1 5 1 3 2 4 2 1 1 2 3 5 4 1 4 3 5 2 2 3 1 4 1 1 4 2 4 3 4 4 1 2 4 2 5 3 3 3 1 1 3 2 2 3 2 5 4 4 3 5 1 1 4 1 3 5 4 3 3 1 4 4 2 3 5 5 3 3 5 3 2 4 1 1 2 3 1 4 1 2 4 3 3 2 2 4 3 1 2 4 5 3 4 2 5 2 1 1 5 3 5 2 1 2 3 4 4 1 3 3 1 4 3 1 5 1 1 1 1 2 5 2 4 1 2 3 3 3 5 2 2 1 4 4 5 5 5 4 2 5 4 1 4 5 1 3 2 5 2 1 4 3 5 5 1 3 2 5 4 2 4 4 0 4 2 2 3 5 2 4 3 3 2 5 3 1 5 2 4 4 1 2 3 2 4 1 5 1 5 2 4 3 4 1 1 2 5 4 3 2 2 4 2 2 3 4 3 4 4 2 5 2 5 1 5 4 2 5 3 4 1 3 2 3 4 2 3 1 5 3 1 5 4 1 1 2 4 1 2 5 5 5 1 4 4 3 4 1 3 1 4 1 4 2 5 3 2 3 5 2 4 1 1 2 1 5 4 5 3 2 4 3 1 1 3 1 3
2 1 2 1 1 5 5 4 1 2 1 3 2 2 3 3 4 3 1 4 4 2 3 2 4 4 2 5 1 3 5 3 2 3 4 1 4 3 3 5 1 4 2 4 4 4 4 3 3 4 4 2 5 1 1 3 4 1 1 1 4 2 2 5 5 1 4 1 1 1 3 4 1 2 5 1 4 2 2 3 4 4 5 2 1 2 1 1 4 2 4 5 1 5 4 2 2 5 2 5 3 3 1 5 5 1 1 1 5 5 1 5 3 2 4 1 3 3 1 1 4 4 3 1 4 1 5 1 2 1 3 2 5 2 2 1 1 3 5 2 4 3 4 4 1 1 3 2 2 1 4 1 3 2 3 5 5 1 2 1 2 1 1 3 5 4 3 1 5 5 1 2 5 4 5 5 2 5 2 2 4 4 5 3 1 3 1 4 4 5 4 2 3 1 5 2 4 4 4 5 1 4 3 3 4 2 4 2 3 1 3 5 3 1 1 2 5 5 4 1 4 3 2 4 1 5 2 5 1 4 1 3 3 3 3 2 4 4 2 1 4 4 4 1 2 2 1 5 3 2 2 3 5 1 5 2 3 4 3 5 4 4 3 5 4 5 1 5 3 5 4 4 5 1 4 5 1 2 5 5 3 1 5 3 3 4 5 3 1 2 4 3 5 2 4 3 4 3 1 5 2 5 2 1 4 4 3 1 2 1 1 4 1 2 5 1 2 1 1 3 1 5 1 1 4 3 5 2 5 2 3 1 3 2 2 3 4 3 5 5 5 1 5 1 4 3 2 1 4 4 3 3 2 5 2 3 4 2 5 3 5 3 1 3 4 4 5 4 2 1 5 4 4 2 4 1 5 5 4 4 1 3 3 5 4 1 0 5 4 2 1 3 3 3 2 3 5 1 4 4 5 3 4 1 5 1 2 3 2 4 5 4 2 5 1 4 3 1 2 2 4 5 1 5 2 2 5 1 2 4 2 4 5 2 1 1 3 5 5 3 4 1 2 3 2 4 4 4 2 2 2 5 5 5 3 2 1 1 3 1 4 1 4 3 1 1 3 2 3 2 5 3 4 4 3 3 1 1 5 5 5 5 5 2 4 3 3 4 2 2 2 1 3 3 5 3 1 5 5 2
2 1 2 2 1 2 2 5 5 3 5 5 2 5 3 2 5 5 5 5 3 2 1 2 3 1 4 4 3 4 3 4 2 1 1 5 5 3 2 1 4 3 1 2 5 4 3 1 3 5 3 5 4 5 3 1 3 4 3 1 4 5 2 2 1 5 2 4 3 4 5 4 4 2 2 4 1 5 4 1 4 2 5 4 4 4 1 1 4 5 5 3 3 5 2 5 2 5 3 5 3 5 4 2 2 2 4 5 2 3 1 1 5 5 4 4 2 3 1 3 2 1 2 3 5 4 1 2 2 2 2 2 4 5 2 1 2 3 3 5 3 4 4 2 2 3 3 5 5 5 2 2 3 1 4 3 1 1 5 2 5 5 3 2 1 3 1 5 2 1 5 1 2 2 1 4 3 5 3 1 3 1 2 2 2 5 3 2 5 3 1 3 5 5 5 4 5 3 3 2 5 5 1 3 3 2 5 2 1 2 4 1 4 3 5 3 2 4 3 4 1 2 4 2 5 2 4 2 1 2 5 2 3 5 1 4 4 2 2 2 5 1 5 4 1 5 2 2 4 4 2 5 2 3 4 3 5 2 2 2 5 2 3 5 1 1 3 4 2 2 2 4 3 5 4 5 3 4 3 3 1 3 1 5 1 5 4 5 2 3 2 5 2 2 5 4 3 4 3 5 2 1 3 1 2 3 5 1 4 2 4 2 5 3 4 1 3 1 1 2 4 4 3 5 2 1 3 1 5 3 4 2 2 3 1 3 3 4 4 4 5 1 5 3 4 5 5 3 4 4 1 1 1 1 5 3 5 3 1 1 4 1 1 3 1 4 3 3 2 3 5 2 5 4 4 3 1 3 4 4 5 4 1 2 1 5 1 0 4 2 5 4 3 1 5 5 2 4 4 2 4 3 4 1 4 3 2 5 4 4 2 5 2 1 1 2 3 1 5 3 5 4 2 2 3 3 4 2 4 3 3 5 3 3 1 3 4 2 4 5 1 2 5 4 5 5 1 4 2 5 3 2 1 4 4 3 1 5 3 3 4 2 3 4 3 3 2 2 2 1 1 3 1 3 1 2 3 2 2 4 5 2 5 2 1 5 2 3 2 1 4 4 5 5 2 4 3 3 5 4
5 3 5 1 3 2 1 2 2 3 1 5 3 3 3 3 3 5 2 1 1 3 5 1 5 3 5 2 5 4 4 4 1 4 2 2 1 1 4 2 4 3 1 3 1 1 3 3 3 2 4 3 5 2 3 1 1 2 1 1 1 3 5 3 1 3 2 4 1 3 3 1 1 1 1 4 2 2 5 1 5 3 2 4 2 1 1 1 4 4 2 1 5 5 5 1 2 1 1 4 2 3 1 4 2 5 5 5 4 1 4 4 1 4 4 1 4 1 4 3 1 3 4 2 3 2 3 3 1 2 5 3 3 4 1 4 5 3 5 4 4 1 4 4 4 5 3 2 5 5 3 5 3 3 3 4 5 2 4 4 5 3 2 4 3 1 5 3 3 5 2 5 3 5 5 3 5 1 4 2 4 2 3 2 4 1 2 3 3 3 4 1 1 5 3 4 1 1 1 2 2 3 4 4 1 3 2 2 1 3 5 2 5 3 2 3 1 5 1 1 4 3 4 5 3 5 3 4 4 2 5 1 1 3 4 5 4 2 5 4 5 2 3 4 3 3 3 3 4 4 5 3 5 5 2 3 2 3 1 5 1 5 2 5 1 2 2 3 2 4 5 4 1 2 2 5 1 3 4 5 5 2 2 4 5 2 3 1 4 2 5 2 2 1 1 5 3 1 1 2 1 3 1 3 1 1 1 5 1 1 5 5 5 1 1 4 3 2 2 5 3 5 1 3 3 4 4 1 2 3 1 3 4 5 5 3 4 3 3 5 4 3 4 4 4 3 2 3 3 1 1 1 2 2 5 4 1 5 1 3 4 4 3 2 3 4 4 4 3 5 5 3 2 1 5 1 5 2 3 4 4 4 1 5 4 2 3 2 0 3 2 1 2 2 3 3 4 1 2 2 3 5 3 2 3 1 5 2 3 4 4 5 2 1 2 4 2 2 5 2 3 1 3 4 5 2 2 4 1 4 5 5 3 4 3 5 1 2 2 5 1 3 1 2 5 1 2 1 4 3 1 4 2 5 2 5 4 1 1 5 3 3 4 2 2 5 4 2 2 1 1 1 1 5 2 1 3 4 1 2 3 4 2 3 4 5 3 2 5 1 4 3 3 4 4 3 5 5 1 5
5 4 4 1 2 5 4 4 1 4 1 5 5 1 3 1 2 4 2 4 1 1 1 4 4 4 2 4 3 1 5 3 4 1 3 3 1 1 1 5 3 2 3 3 3 1 5 3 3 3 4 2 4 2 5 5 2 1 3 3 2 4 3 2 1 3 3 3 5 4 1 2 1 4 4 4 5 5 4 5 2 4 3 2 5 2 2 3 5 2 2 5 1 4 4 3 5 5 2 1 5 1 2 3 2 5 5 2 2 2 4 4 2 1 2 3 1 3 3 1 1 2 2 4 1 1 3 3 5 2 4 2 5 5 2 2 5 3 3 2 4 3 4 2 4 4 4 3 1 4 4 1 1 1 1 3 1 3 3 1 5 1 2 1 4 2 5 2 2 4 2 2 1 1 4 4 4 4 5 1 3 2 2 4 5 1 3 1 5 3 4 3 2 5 4 1 3 1 1 3 4 3 4 2 5 5 4 1 1 1 5 1 1 3 2 2 4 2 3 3 5 2 4 1 3 4 2 2 3 1 5 3 5 1 2 4 5 3 3 4 4 1 2 3 3 4 3 5 3 3 2 4 4 4 4 2 3 1 2 1 5 3 3 2 3 5 1 4 5 2 5 1 5 1 5 2 2 1 2 2 5 2 1 5 5 5 4 1 5 1 2 1 4 2 3 4 2 4 4 4 3 5 2 1 2 3 4 1 1 4 5 2 5 1 5 3 2 5 1 3 4 4 3 5 2 2 2 4 1 5 5 1 5 5 1 1 5 4 1 2 3 2 2 5 5 1 1 2 1 3 1 1 3 4 4 1 2 4 3 3 4 2 5 4 1 3 3 1 3 3 1 2 3 3 1 3 4 5 5 2 1 3 1 2 4 5 5 4 2 0 1 4 2 1 4 1 3 1 3 4 5 1 4 3 4 5 2 1 2 4 2 3 1 2 2 5 3 1 5 5 5 1 5 4 5 2 5 4 2 4 1 4 5 5 5 5 4 3 2 2 3 5 2 3 3 1 2 5 1 1 3 4 2 4 5 1 5 3 5 5 1 3 3 5 5 3 2 5 5 5 4 1 1 5 4 3 3 1 1 5 4 2 5 3 1 5 4 3 1 1 3 3 1 5 3 1 3 3 4 3
2 1 5 3 1 2 2 1 1 4 1 1 4 4 4 2 5 1 4 5 1 1 3 4 5 3 4 5 5 1 3 1 5 5 1 1 4 2 2 5 4 5 2 3 5 1 3 4 3 2 5 3 3 2 3 4 1 2 3 3 1 3 5 4 3 2 2 4 5 4 3 3 5 2 3 4 3 3 1 5 2 3 5 5 1 2 2 2 1 1 5 3 1 1 1 5 3 2 4 2 1 5 4 1 3 2 2 5 3 1 4 5 5 2 3 2 2 2 2 4 2 2 3 3 2 1 3 2 4 4 5 1 5 2 1 3 5 3 4 2 1 1 1 5 3 3 2 4 2 1 3 1 4 5 5 2 2 3 5 2 5 4 3 4 1 5 1 2 4 5 5 3 2 2 3 3 1 5 1 5 4 3 2 1 1 5 3 1 1 2 5 5 4 3 4 3 2 2 3 2 4 5 5 4 2 4 5 1 3 1 3 5 3 2 2 5 5 4 4 5 2 4 5 3 2 4 2 4 4 3 3 1 3 3 5 1 2 5 2 1 5 2 3 5 1 5 5 2 1 1 5 2 3 5 4 1 1 4 1 4 4 5 4 5 4 2 1 4 2 2 2 1 5 2 4 3 4 1 3 4 3 4 3 1 4 3 1 2 1 3 2 3 4 3 2 1 2 4 4 2 3 5 1 3 3 4 5 4 4 4 2 3 1 3 5 2 1 3 3 2 1 3 2 1 2 2 5 3 2 1 1 5 4 1 1 4 3 2 3 4 1 1 4 2 4 1 1 3 1 1 3 3 3 5 5 5 5 1 4 3 5 4 3 3 3 3 2 1 5 3 3 2 4 5 4 3 4 4 1 5 3 4 3 2 3 5 1 3 3 3 0 4 1 1 5 5 1 2 3 3 1 4 2 5 2 5 1 2 3 2 5 1 2 5 5 5 5 3 1 2 5 5 3 4 2 5 2 3 1 1 2 3 3 2 1 1 5 3 4 1 1 4 3 2 2 3 1 3 5 2 3 4 1 3 1 4 4 2 5 2 5 4 5 3 4 4 3 1 2 3 1 1 4 4 1 5 5 5 4 5 2 3 4 1 2 2 1 4 5 2 2 1 1 5 5 4 2 3 5 2
2 1 4 2 4 5 3 3 4 4 5 1 2 1 3 3 3 3 5 3 5 4 4 3 3 3 3 5 3 1 2 4 2 5 3 2 2 3 1 3 4 5 1 3 1 2 4 4 1 3 3 4 2 2 1 2 2 3 4 3 2 3 1 4 5 4 4 5 4 5 4 3 3 3 4 3 3 5 3 1 3 4 1 1 2 5 1 1 5 1 1 3 5 1 1 3 2 2 2 5 3 2 2 3 3 1 2 5 4 2 3 2 5 1 2 4 4 4 4 2 1 5 3 4 1 1 5 4 3 4 1 2 4 2 3 2 2 5 5 3 2 3 3 5 2 1 4 3 1 5 3 1 1 1 4 4 5 4 5 2 4 2 2 4 3 2 5 2 4 1 1 4 3 1 2 5 3 2 3 3 2 3 3 3 4 1 3 2 3 3 4 5 5 3 3 5 5 5 4 5 1 5 2 2 3 4 4 1 2 5 3 1 2 1 4 3 3 1 4 4 4 5 1 5 2 4 1 3 4 5 1 1 2 4 2 2 5 1 1 3 5 1 2 2 2 1 3 5 4 2 4 5 2 5 2 5 5 4 3 1 2 1 1 3 5 4 4 5 5 1 2 5 5 3 1 5 1 5 3 5 1 3 4 3 5 2 2 3 5 5 1 5 5 4 5 2 5 2 4 1 4 4 2 3 3 4 3 5 3 2 4 4 1 2 1 3 2 2 3 2 3 3 2 2 1 4 2 4 5 4 3 2 3 5 1 4 3 3 4 2 2 3 3 5 2 5 2 2 4 5 3 1 4 5 5 5 3 1 3 1 1 5 2 5 5 2 5 1 2 4 5 5 3 2 3 4 3 4 4 4 3 3 1 2 1 3 4 2 2 1 4 0 5 3 5 5 3 2 4 1 3 1 2 3 3 3 3 3 4 2 3 2 4 2 4 3 3 2 1 3 5 4 4 3 1 1 4 3 1 5 1 1 5 3 1 3 3 3 5 2 2 1 4 2 5 5 5 5 2 2 2 5 5 1 3 4 2 2 5 2 5 4 2 4 3 1 1 5 5 2 4 3 1 1 3 3 3 4 5 5 1 4 1 3 1 3 3 3 4 2 5 2 4 4 2 2 2 1 2 1
2 5 5 1 1 2 4 5 4 3 3 2 3 3 1 4 4 4 4 3 2 5 1 4 2 3 5 1 5 2 1 5 4 4 4 2 5 2 1 2 1 5 4 1 5 5 2 1 5 2 2 4 1 5 3 1 2 2 5 1 2 1 4 5 2 5 1 1 1 2 1 2 2 4 1 2 1 1 2 1 5 2 3 5 3 5 5 1 4 1 1 2 4 1 4 4 5 4 4 2 2 3 2 4 5 4 2 1 3 5 1 1 4 5 3 2 1 3 4 1 3 1 1 1 2 1 1 1 3 1 2 1 2 2 4 5 5 4 1 2 5 1 5 2 2 1 1 2 3 5 1 1 2 5 5 4 5 5 3 5 4 2 2 1 5 4 1 1 5 5 4 4 4 1 2 3 4 2 5 4 4 1 3 2 3 2 2 2 2 5 4 2 1 2 4 3 1 5 4 2 1 5 2 1 2 5 3 5 4 4 2 4 5 1 5 5 5 2 4 5 5 1 4 3 3 1 2 2 5 5 1 2 4 1 4 1 1 3 4 5 1 2 5 5 3 1 1 2 5 5 1 3 4 1 2 2 4 5 1 2 1 4 2 2 5 2 1 3 5 1 4 4 1 1 1 3 5 4 1 5 1 1 4 1 4 3 1 4 1 5 3 5 5 3 4 4 3 5 1 1 5 4 5 5 5 4 5 3 5 4 1 5 5 4 3 4 2 4 2 3 3 2 2 1 2 3 3 1 4 2 3 2 3 4 3 2 1 4 4 2 4 1 5 2 4 4 2 3 4 5 5 2 5 4 1 1 5 5 4 3 1 5 4 4 2 3 5 2 4 2 2 4 5 2 2 5 2 4 2 1 5 5 5 5 5 4 2 2 3 2 3 1 0 2 4 1 1 1 3 5 3 3 3 4 4 2 2 5 1 4 3 3 1 2 4 5 1 2 5 4 1 4 1 5 5 2 2 1 4 4 2 4 3 5 1 1 1 4 5 5 1 4 2 4 1 1 1 3 1 1 3 3 2 3 2 1 2 3 5 2 1 4 1 2 4 4 5 2 5 5 4 3 1 2 2 5 5 5 1 5 1 3 5 2 1 5 1 2 5 2 3 1 3 3 3 2 3 5 5 1
4 5 5 3 3 4 3 5 3 4 5 2 4 1 1 4 4 1 3 1 4 5 2 3 4 2 2 2 5 4 5 5 3 3 4 5 2 2 1 3 5 1 2 2 4 1 2 1 1 1 5 5 3 5 2 3 1 4 3 5 2 1 2 2 1 2 4 3 2 5 1 3 3 1 4 4 5 2 1 1 5 1 4 3 2 3 2 5 4 1 2 3 5 1 3 2 5 4 5 2 4 1 2 1 2 4 5 1 5 5 3 2 5 5 3 1 1 2 1 2 5 5 3 2 5 1 4 3 5 5 3 1 1 2 2 4 4 2 5 2 2 3 5 4 1 2 2 5 1 1 1 1 2 1 1 3 5 3 3 2 5 3 3 3 3 4 2 4 2 4 3 5 4 2 2 5 1 3 2 5 3 5 1 2 3 4 4 2 4 3 1 5 1 2 2 4 2 1 5 1 3 4 1 2 5 3 3 1 2 2 2 4 4 1 1 3 1 1 2 4 4 2 3 1 3 2 1 2 3 4 5 3 2 1 4 1 1 5 3 1 3 5 3 3 2 4 5 2 4 4 4 5 1 3 1 3 2 1 5 4 4 3 5 3 2 5 1 5 1 1 2 2 4 3 4 1 5 3 1 5 1 4 3 3 1 4 4 5 2 1 1 2 5 1 2 2 3 2 4 1 1 4 2 5 3 5 5 5 3 3 2 5 1 1 1 3 3 5 1 5 1 3 2 4 5 3 3 1 1 2 4 3 2 5 1 2 1 5 4 1 5 2 4 4 5 2 3 4 3 1 2 5 5 1 5 3 1 5 1 2 4 1 5 2 3 3 1 2 2 2 3 1 2 1 5 4 1 1 2 3 1 1 5 5 4 5 2 1 4 2 4 3 2 0 5 3 2 5 5 4 1 5 2 5 4 4 1 4 2 4 5 2 2 1 2 4 1 3 4 1 4 5 2 4 4 5 1 4 5 2 3 2 4 2 1 1 4 3 2 4 3 2 5 4 4 1 2 4 4 3 5 1 3 4 3 3 2 4 4 3 5 5 5 1 4 5 3 5 1 1 4 5 1 4 1 2 3 2 1 2 2 5 3 2 3 3 4 1 5 1 1 3 3 2 1 1 1 4 2 3
4 3 5 2 4 2 2 2 4 5 2 3 1 3 4 1 5 1 4 3 5 4 3 3 3 5 2 1 4 3 5 3 2 5 1 3 5 4 3 2 3 1 1 3 5 1 1 2 1 3 1 3 5 2 4 5 3 4 4 4 2 4 4 2 4 2 3 1 4 2 4 3 3 1 4 1 2 4 2 3 1 5 5 4 5 2 4 2 2 3 1 2 3 5 2 4 5 1 1 1 3 3 1 3 4 5 5 4 1 3 2 4 5 2 3 3 4 4 4 4 3 4 4 3 1 3 4 1 5 2 3 3 5 4 2 4 2 5 4 5 1 4 1 1 3 5 5 4 4 1 4 3 3 3 4 4 4 3 3 5 1 5 4 2 5 2 2 1 3 5 2 2 2 2 2 1 5 3 2 2 5 2 5 5 1 4 5 2 3 5 5 2 1 3 2 2 2 5 1 3 5 1 1 1 3 2 2 1 3 2 3 4 5 4 3 4 3 5 5 5 4 2 3 4 5 4 5 4 2 4 3 1 4 5 5 4 2 4 1 5 3 3 2 4 2 4 2 4 3 3 4 5 4 1 4 2 1 3 1 1 1 4 4 1 5 5 3 2 4 5 3 2 1 2 1 5 4 1 5 3 4 2 2 4 3 1 3 2 5 5 5 2 5 3 1 1 4 1 3 2 1 1 1 3 1 4 1 3 2 4 5 4 4 2 3 1 5 2 1 5 5 3 2 2 1 5 3 4 4 5 5 1 3 1 4 3 1 5 2 1 3 5 1 2 1 3 5 3 1 3 4 4 2 1 1 2 1 1 2 1 5 2 1 2 4 5 3 3 3 3 1 3 1 2 2 3 1 4 2 2 2 4 3 3 4 1 3 5 4 4 5 3 3 1 0 3 2 3 2 5 2 1 3 4 5 2 3 5 5 2 4 5 2 5 4 1 3 3 2 4 2 4 3 1 2 5 4 2 5 4 2 3 5 4 3 4 5 2 2 3 5 2 5 2 1 4 1 1 3 5 1 1 3 5 2 1 2 2 5 3 2 2 2 3 5 4 5 1 2 3 5 2 2 5 2 3 4 3 2 5 4 1 2 1 2 1 2 1 2 2 2 4 2 3 3 4 4 1 2 1
5 3 2 4 1 3 4 4 1 4 1 4 5 4 4 2 2 1 1 5 1 2 3 3 5 3 5 5 4 1 3 4 3 2 4 2 2 2 4 1 1 1 1 3 2 4 5 4 4 2 3 4 3 2 3 5 2 4 3 4 4 3 1 2 4 3 4 3 1 5 3 1 3 3 4 4 3 2 1 3 1 5 4 4 1 4 1 5 4 5 5 5 5 5 5 1 1 2 3 2 2 1 3 4 5 5 1 5 2 2 4 1 2 1 4 4 5 4 1 4 1 3 2 4 3 4 1 4 3 1 5 4 4 4 1 1 4 4 3 3 2 3 3 1 1 2 5 5 3 4 3 3 2 2 3 2 5 5 4 1 1 1 1 3 3 3 5 1 1 1 4 2 1 5 2 5 3 4 3 4 4 5 2 3 4 2 2 3 3 5 4 4 4 2 2 5 4 4 1 4 4 2 1 3 1 3 2 3 3 5 1 3 2 1 5 1 2 1 3 2 5 2 3 1 5 4 4 2 4 5 2 4 2 2 4 2 1 5 5 2 5 3 4 5 5 3 5 2 1 1 5 2 1 3 2 1 2 1 5 4 1 5 5 1 3 4 3 4 5 3 4 5 2 1 1 1 4 4 3 3 3 2 3 2 5 3 4 4 3 2 4 1 2 2 5 1 3 5 2 2 2 5 1 5 1 2 3 5 1 4 1 5 3 2 4 2 1 5 3 2 3 3 3 1 2 5 2 2 4 2 2 2 2 5 5 4 5 1 1 2 2 3 1 1 5 1 3 1 5 3 2 5 5 4 1 4 3 2 5 1 5 3 2 4 1 1 5 2 1 4 3 3 5 2 2 1 3 1 1 1 3 4 2 5 1 1 4 3 1 3 4 2 1 3 5 0 2 1 3 2 2 3 3 4 4 3 3 4 3 4 2 1 4 5 2 5 1 3 3 3 3 4 4 2 3 5 4 5 3 5 3 5 5 5 4 5 2 3 3 1 5 4 1 1 3 4 5 5 4 1 5 1 5 2 2 4 4 5 1 5 4 4 4 4 5 5 5 2 1 4 3 3 1 1 5 4 1 3 2 2 1 3 3 2 3 3 1 3 1 1 1 4 1 2 3 3 1 2 4 4
2 4 2 3 1 1 1 2 4 3 2 3 4 2 1 3 4 3 2 2 1 3 2 1 3 3 2 3 3 3 5 5 1 3 5 4 5 1 5 2 2 3 2 2 3 3 3 5 5 3 2 1 5 5 2 3 2 2 4 2 4 1 4 3 2 5 2 3 3 1 4 2 5 2 4 3 1 4 3 5 3 4 3 5 5 4 5 5 1 3 1 2 1 4 3 4 5 2 1 2 5 5 1 1 1 4 3 5 4 2 2 2 5 3 4 4 5 2 1 4 3 3 1 2 2 3 2 1 2 1 5 5 3 1 3 5 5 4 4 4 4 1 3 2 1 5 3 2 5 5 3 3 2 3 3 3 3 2 5 3 3 3 2 3 2 1 2 1 2 4 4 1 4 5 5 3 5 1 3 3 3 3 4 5 4 4 4 4 2 1 3 5 2 4 1 4 3 1 2 5 5 5 2 2 1 4 1 2 1 4 4 1 5 5 5 1 3 3 2 2 3 5 4 3 2 5 4 2 5 2 2 3 1 1 3 5 1 1 3 4 5 3 2 3 4 4 1 1 1 1 1 1 4 1 5 4 4 2 5 3 1 4 1 1 1 3 2 5 4 3 2 4 4 2 1 4 5 1 3 3 3 4 3 5 5 2 5 1 4 2 2 5 3 5 1 4 3 2 4 4 3 3 3 3 3 5 1 2 4 1 4 5 1 3 3 4 4 1 1 3 4 2 1 5 4 3 4 3 1 3 2 1 1 3 5 4 5 2 5 3 5 5 2 4 3 2 5 3 3 1 5 5 4 3 1 2 2 5 5 1 2 2 1 3 3 1 3 3 4 5 3 4 2 3 3 1 3 4 1 3 1 3 3 1 4 1 3 5 4 1 5 2 5 2 1 5 0 5 4 3 2 5 3 2 4 1 5 4 2 3 4 5 2 1 4 3 3 3 4 1 1 5 4 5 2 5 3 4 2 5 5 4 3 2 5 4 3 3 2 5 5 5 5 5 5 1 5 5 1 5 1 4 3 5 1 3 3 1 4 2 3 4 2 3 1 5 1 2 3 3 1 5 1 2 4 5 5 2 5 2 2 3 2 5 3 4 4 1 3 3 4 1 4 2 4 4 4 1 4 2
1 1 5 1 3 1 5 1 4 5 4 1 4 5 1 1 1 5 5 3 5 3 5 2 1 4 4 3 3 1 3 3 3 4 5 3 3 3 5 2 4 1 2 1 4 3 5 2 3 5 1 4 2 4 3 4 3 3 3 1 3 2 4 2 5 5 2 2 1 2 1 3 1 4 2 3 3 4 5 4 4 2 4 4 5 2 2 3 3 5 4 1 4 2 5 3 1 4 5 5 5 1 4 2 3 3 1 2 3 1 3 3 3 1 2 1 3 5 2 2 5 1 5 3 1 4 4 3 3 4 3 5 3 3 4 3 2 5 1 3 4 3 1 3 5 4 3 2 1 3 2 2 1 1 2 2 2 1 5 5 2 3 3 3 5 1 3 2 2 4 5 4 4 4 2 3 4 1 1 3 5 5 3 4 4 2 1 2 1 2 2 3 2 2 2 5 4 2 4 3 5 4 5 2 3 5 5 1 2 5 3 3 5 5 4 5 5 2 5 2 3 5 3 5 5 3 2 4 3 3 5 2 4 3 2 5 1 4 1 4 4 1 4 3 2 5 5 5 5 3 4 5 1 3 2 2 2 5 2 2 5 5 2 3 5 2 5 2 5 3 2 3 1 4 5 4 3 4 5 1 3 4 5 5 1 2 5 5 5 5 2 4 5 1 5 5 3 2 1 1 2 2 4 5 3 1 2 2 3 2 4 5 5 4 4 1 2 2 1 4 5 4 1 4 3 2 2 4 4 3 2 2 5 3 3 3 2 1 5 5 3 5 5 2 4 4 1 1 1 2 5 1 2 4 5 5 1 5 2 5 2 3 4 2 2 4 3 1 1 2 2 1 5 4 2 2 2 4 4 3 1 3 3 1 2 3 5 3 4 4 4 2 2 4 1 5 2 0 1 3 5 4 4 3 2 4 1 1 3 3 5 2 3 3 2 1 3 1 4 1 3 1 1 4 3 4 1 2 4 4 1 2 5 2 4 2 4 2 4 1 5 5 1 5 5 3 4 3 3 5 5 4 1 4 4 2 4 4 2 1 2 5 2 1 4 2 5 3 1 4 2 5 4 5 5 2 5 2 5 1 1 1 5 3 4 4 3 4 5 1 3 2 2 1 1 4 4 4 3 3
4 1 1 3 1 4 4 3 1 3 3 3 4 5 5 4 2 1 2 5 5 2 4 2 3 5 2 4 5 2 5 4 4 2 1 1 2 4 1 5 2 5 2 2 2 4 2 1 4 2 5 3 2 2 1 1 2 3 5 1 1 1 1 3 5 4 2 3 4 4 3 3 4 4 4 3 4 1 1 5 5 4 1 4 5 5 1 3 4 5 1 1 1 4 2 5 4 2 4 4 3 1 2 5 1 4 3 5 5 3 3 4 4 2 4 3 1 2 3 4 5 3 5 5 3 4 5 4 5 2 5 2 4 4 4 2 3 4 4 4 5 4 3 1 1 2 1 4 3 2 1 5 5 4 2 2 5 4 1 3 3 3 3 1 3 2 1 4 4 2 2 3 5 5 4 5 5 4 3 4 4 4 1 5 2 4 1 3 4 4 5 3 3 1 4 4 2 4 5 5 3 2 2 3 4 5 3 5 1 2 4 5 2 2 4 3 3 4 5 1 4 2 3 3 5 4 1 1 5 4 3 3 5 5 3 2 3 1 3 1 3 2 2 4 4 5 1 4 4 4 5 2 2 4 2 3 3 2 2 3 2 5 3 2 5 2 1 5 5 1 3 3 3 2 2 5 4 2 2 4 5 5 1 5 2 1 4 4 4 1 4 2 4 2 4 3 2 3 3 2 2 3 2 3 1 4 5 4 4 2 1 1 3 3 2 1 4 4 3 2 4 5 3 5 3 5 2 2 2 1 5 1 5 2 2 3 4 2 5 3 4 2 5 3 3 5 3 4 2 3 4 3 4 4 2 4 5 3 3 5 3 1 1 4 1 2 4 3 4 3 1 2 1 1 3 1 1 4 3 3 4 5 4 3 5 3 5 1 3 3 3 3 5 3 5 1 3 1 0 3 5 3 4 5 1 4 4 4 5 2 1 3 2 5 4 1 3 1 3 1 5 5 2 4 1 3 4 1 4 5 3 1 2 5 5 2 1 1 4 2 3 2 5 4 2 1 5 1 1 3 1 3 2 2 4 4 3 5 4 4 1 4 1 4 1 1 4 5 5 3 4 3 4 5 4 3 1 1 4 4 2 3 5 1 2 3 1 2 5 3 1 3 2 2 3 4 1 1 2 3
1 2 4 2 2 1 5 1 1 5 4 2 3 3 1 5 5 4 2 3 4 3 4 4 5 5 1 4 1 2 3 3 1 5 3 2 3 4 1 5 1 1 3 3 1 4 3 2 2 4 2 4 5 1 2 3 4 4 2 2 4 3 5 3 3 2 3 4 4 4 2 3 3 2 1 3 2 5 5 1 1 5 2 1 3 2 1 4 3 5 1 4 4 1 5 5 5 1 1 2 2 1 4 1 2 3 2 5 1 4 3 5 5 5 4 1 4 5 4 4 2 5 4 4 5 2 4 5 3 5 5 3 2 4 3 2 1 5 4 5 2 1 4 3 2 3 4 5 5 3 2 5 1 2 4 3 2 1 1 5 4 4 3 4 4 2 1 3 4 3 5 4 5 3 5 1 5 1 3 4 3 2 4 5 3 3 3 1 2 2 2 1 2 1 3 1 3 4 3 1 2 4 1 2 3 5 2 2 5 1 1 5 2 5 2 2 3 2 1 4 5 4 4 1 5 2 4 4 1 1 4 4 1 3 5 4 1 5 3 3 2 3 5 5 2 5 3 5 5 3 5 1 2 5 3 2 2 4 1 5 1 5 4 4 4 3 3 5 5 3 2 1 4 4 1 1 5 1 1 4 3 2 5 4 4 5 1 2 5 3 4 3 5 2 2 2 5 4 1 3 5 2 1 3 1 2 2 3 4 3 4 1 3 5 4 4 1 5 4 2 1 4 1 5 4 3 4 4 2 2 3 4 2 2 1 2 1 2 2 3 1 4 1 5 3 5 5 1 3 4 5 5 3 1 3 1 5 5 2 1 5 1 5 1 5 3 1 3 2 4 5 2 4 4 3 5 2 4 3 1 2 5 2 3 5 4 3 4 5 2 1 2 1 2 1 2 4 1 5 0 4 1 2 4 2 3 1 4 2 1 4 1 2 3 1 1 2 5 1 1 2 4 5 5 1 5 5 5 3 5 2 4 2 3 2 1 5 4 4 3 4 2 2 5 2 5 5 5 2 1 2 4 1 3 4 5 2 2 5 4 2 1 2 3 4 4 5 5 4 4 2 4 4 2 5 2 4 2 2 1 1 1 5 5 2 5 2 2 4 2 2 2 5 3 5 2 2 3 5 2
4 5 3 1 2 4 5 3 5 3 2 3 5 3 4 1 2 4 1 1 5 3 5 3 1 3 4 1 3 2 2 2 2 4 3 4 1 5 1 3 4 2 3 1 2 3 4 2 1 5 5 5 5 2 1 1 1 2 2 5 2 3 2 2 3 2 1 4 5 2 2 3 4 2 5 3 5 3 5 3 1 1 4 2 4 4 5 3 3 2 5 5 4 4 1 2 5 1 1 4 2 2 2 5 3 4 1 3 4 5 1 3 4 3 1 2 5 3 4 5 1 5 2 2 5 3 1 2 1 2 2 3 2 5 3 1 4 5 3 2 5 3 5 4 2 3 2 2 5 2 2 2 2 3 4 4 2 4 4 2 5 4 5 1 5 3 5 5 2 1 4 5 4 4 2 1 2 3 5 4 2 2 4 2 3 1 4 2 2 3 1 3 5 2 3 4 5 2 1 2 1 4 1 2 1 3 1 2 1 4 2 5 2 1 5 1 2 1 2 1 1 1 1 2 1 4 3 1 1 4 5 1 4 5 2 4 2 5 5 2 4 5 4 5 4 2 2 2 4 2 3 5 3 4 5 1 4 3 1 3 5 5 5 4 4 3 3 4 3 5 2 2 5 2 1 5 1 3 2 1 4 2 3 3 3 1 3 3 2 1 3 5 4 4 5 1 1 2 5 2 1 2 1 1 5 1 2 5 3 1 2 2 3 3 1 1 5 2 1 4 1 1 3 3 3 1 3 4 3 5 3 1 4 2 2 1 5 5 2 3 2 4 5 2 3 1 3 3 2 4 4 1 2 2 3 3 4 2 4 3 2 2 4 2 2 1 4 4 1 1 3 2 4 1 2 4 3 2 1 1 1 3 1 3 4 2 3 1 3 4 1 5 5 3 5 1 4 2 5 2 0 1 1 4 2 5 2 3 3 1 4 3 2 3 4 5 4 3 2 4 4 1 3 2 3 2 3 2 2 5 1 1 1 3 3 2 4 3 3 5 2 3 3 3 3 1 2 4 5 4 5 2 1 1 4 2 5 2 3 1 3 1 3 2 4 3 5 4 3 5 5 1 1 3 4 4 2 4 5 3 3 3 3 5 1 1 1 2 1 1 1 2 5 5 2 4 3 5 2 5
5 1 4 3 2 3 3 1 5 5 3 2 1 4 5 5 4 5 4 4 5 3 3 1 1 1 4 1 1 2 4 3 5 1 3 2 3 4 4 2 1 3 4 4 2 4 4 2 2 1 5 3 2 3 5 5 1 3 2 2 4 5 1 5 2 1 3 3 1 4 1 3 1 2 1 2 1 2 5 5 1 5 1 3 4 2 2 3 1 4 3 1 4 1 4 3 5 2 2 1 5 3 4 1 1 4 4 4 2 5 4 1 3 5 3 3 2 2 2 3 4 3 1 1 1 4 2 5 1 4 5 1 5 2 3 3 3 1 4 5 4 1 5 3 2 1 2 1 4 5 3 4 2 3 5 5 2 5 2 2 4 5 2 1 3 5 5 3 5 4 2 4 2 2 1 2 4 3 2 3 4 5 4 1 3 1 2 4 5 2 2 5 1 1 1 5 3 4 1 1 2 3 5 1 2 4 5 5 3 1 5 2 4 1 3 4 5 2 5 1 2 2 4 5 5 3 2 5 5 5 2 4 1 1 4 5 4 1 1 5 2 3 3 3 3 3 1 1 1 5 3 4 1 2 5 4 3 1 2 5 1 1 3 1 4 4 1 2 3 2 4 1 5 5 5 1 2 1 4 3 2 3 1 1 1 1 5 1 1 4 3 1 2 4 1 2 1 3 2 3 4 1 1 5 3 3 3 3 3 3 3 1 5 5 4 3 3 4 1 5 2 1 4 5 1 2 2 1 4 4 3 4 1 1 2 2 5 5 3 1 2 3 5 2 1 5 4 2 5 5 2 4 1 3 3 2 4 2 4 1 2 4 3 1 1 3 1 1 3 4 5 3 1 5 2 1 3 2 2 1 3 4 3 3 4 4 3 1 1 4 3 1 1 2 1 1 4 3 2 1 2 0 2 5 4 4 4 1 5 3 2 4 2 2 2 1 3 4 3 1 5 3 1 1 2 1 1 5 4 2 5 4 3 5 1 1 2 4 2 2 3 1 1 4 2 5 4 4 3 3 2 4 4 1 4 1 5 4 1 3 5 5 3 2 3 1 5 4 5 5 3 2 1 3 2 1 5 1 1 1 1 5 4 3 2 3 2 5 4 4 3 1 3 3 3 2 5 4 5 4
5 3 1 2 3 2 4 4 3 5 3 2 4 2 3 4 5 1 3 3 5 3 5 3 2 3 5 4 2 3 4 3 2 2 2 1 3 5 1 2 1 5 3 1 5 1 4 3 4 4 3 3 4 5 3 4 5 3 4 1 3 3 1 4 3 5 2 1 4 5 2 5 5 2 1 2 1 3 3 1 1 4 1 1 1 2 1 4 5 4 4 3 4 4 3 4 5 4 4 4 1 4 2 3 2 1 3 4 5 2 3 5 3 5 3 4 4 5 1 1 2 5 1 3 4 2 5 1 4 3 4 2 4 1 5 5 4 5 4 1 3 2 3 1 4 5 2 4 2 1 2 2 5 3 3 1 4 1 5 5 5 2 1 3 1 3 4 1 1 1 2 5 1 5 4 2 4 4 2 5 3 1 2 5 4 2 5 1 3 1 2 2 3 4 2 5 5 1 2 3 3 1 1 3 2 3 5 2 4 2 2 4 3 2 5 5 3 2 5 5 3 4 5 2 5 2 3 1 4 3 5 3 5 3 5 3 2 4 3 1 3 1 1 2 3 5 2 5 4 3 3 5 2 1 1 5 1 3 5 1 4 5 5 3 5 3 3 4 2 2 1 5 1 3 2 5 3 1 2 2 2 2 3 2 5 2 4 3 4 4 1 2 3 4 4 4 4 3 2 1 1 2 5 1 4 2 2 1 5 3 3 3 4 1 1 2 4 3 1 2 1 2 2 3 3 3 5 4 5 3 4 2 5 1 2 3 4 3 2 5 1 4 1 4 1 4 4 4 2 1 5 2 1 3 4 4 5 1 3 4 5 1 3 5 2 4 5 1 2 5 3 3 2 2 5 3 2 3 4 4 1 1 2 4 1 3 2 2 2 4 3 4 4 4 2 5 5 4 3 1 3 2 0 2 1 4 2 2 4 1 1 4 5 3 4 2 4 1 4 1 4 2 1 1 1 4 2 3 1 5 4 2 3 5 4 5 4 2 3 5 1 4 3 3 4 3 4 5 1 3 5 5 4 4 5 5 4 3 4 4 2 2 5 4 5 5 3 5 2 1 2 1 3 5 4 4 2 3 2 5 4 1 5 5 4 3 1 5 1 3 4 3 1 2 2 2 4 3 4 4
1 3 2 4 2 2 3 1 2 1 3 5 4 4 1 4 1 4 1 5 4 4 3 5 3 5 1 1 3 4 4 4 4 4 5 4 1 4 2 2 2 3 3 1 3 5 1 5 5 4 3 3 1 1 2 1 2 5 2 3 2 5 3 5 1 5 5 1 5 3 4 3 1 3 5 2 1 1 2 4 4 4 3 3 3 3 5 5 4 5 1 4 3 5 1 2 4 3 4 5 2 1 3 1 4 4 2 3 1 1 3 1 4 3 1 1 4 1 1 3 3 1 1 5 1 1 4 1 3 5 4 1 3 5 4 1 5 4 5 3 5 1 2 5 4 1 1 5 1 1 4 5 1 1 1 3 4 3 1 1 2 2 2 4 1 3 1 2 1 2 3 2 2 3 3 5 4 1 4 3 3 1 2 2 3 4 2 1 4 3 2 1 1 3 4 3 1 1 3 5 1 1 4 4 4 1 5 2 2 5 1 2 2 4 5 3 4 3 4 3 1 2 3 2 4 1 1 2 4 4 4 2 4 2 4 1 3 1 2 3 3 2 1 2 4 5 1 5 1 5 4 3 3 5 1 1 3 2 5 4 2 1 2 2 5 1 5 2 1 3 4 3 1 2 1 3 1 5 1 1 3 5 2 3 2 1 2 3 2 3 5 3 2 1 3 2 5 3 3 3 3 1 4 3 3 3 4 1 1 2 5 4 1 2 3 2 3 1 2 3 5 3 3 2 4 2 3 1 2 5 4 5 4 5 4 4 4 4 3 5 2 2 5 4 4 1 4 5 4 3 4 5 1 1 5 5 4 5 1 2 3 1 3 3 2 5 2 3 1 1 5 5 4 2 1 1 3 4 5 5 4 1 5 5 1 5 3 1 5 3 4 2 5 1 5 4 5 1 1 4 3 2 4 0 3 4 5 3 4 1 1 2 5 5 3 5 4 2 3 3 2 5 1 2 1 1 4 4 5 1 1 5 5 4 1 1 1 5 3 5 5 2 4 1 4 1 2 1 5 2 1 5 2 5 5 5 1 5 5 2 2 2 3 1 4 3 5 3 3 5 4 2 1 2 4 4 3 2 4 5 1 3 1 2 4 4 1 3 5 3 3 2 1 2 1 4 4 3 4 4
4 4 4 4 4 3 4 2 1 2 1 2 4 2 1 5 5 3 3 5 1 3 4 5 3 3 2 5 5 4 5 5 2 2 4 5 2 5 4 2 4 1 4 3 3 2 3 3 2 5 2 1 3 1 4 3 1 5 4 4 1 4 3 5 1 4 5 1 5 1 2 5 2 2 1 4 5 3 1 4 1 2 4 2 1 3 3 3 4 4 3 3 5 2 5 1 3 4 4 1 1 3 3 1 2 4 5 2 1 1 2 4 1 5 2 2 5 1 2 4 1 1 5 3 1 2 2 2 4 1 4 3 5 5 2 4 2 2 1 3 4 2 5 3 1 2 3 1 1 5 1 2 2 5 4 2 5 5 4 1 1 4 5 3 3 5 2 3 5 2 2 5 3 2 3 5 5 2 1 2 1 3 4 5 4 4 2 2 3 5 3 3 3 5 1 5 1 2 5 3 1 2 1 2 2 3 3 1 5 3 5 3 3 4 2 3 1 3 2 2 3 1 4 3 4 4 4 1 3 1 1 4 3 5 2 3 2 3 4 4 5 5 4 2 1 5 3 2 5 5 1 5 2 2 4 5 3 1 3 3 1 4 4 2 1 2 1 3 4 2 2 5 1 2 1 3 4 3 4 1 3 1 4 4 4 2 4 3 5 4 1 2 4 1 3 5 2 3 1 5 4 2 5 3 5 1 1 4 5 2 5 4 5 1 4 3 2 1 2 5 5 1 2 3 1 2 1 2 4 3 4 1 5 3 3 4 4 1 4 5 5 1 2 3 2 1 1 5 4 1 5 3 5 1 3 5 5 4 4 4 4 2 4 5 5 3 1 4 1 2 5 4 2 4 2 3 4 4 1 2 2 5 3 1 4 1 5 3 1 2 4 3 1 4 3 5 1 2 4 2 3 1 4 2 0 1 3 5 1 3 3 4 5 3 4 3 4 3 1 1 1 4 4 5 2 2 4 1 1 4 3 4 4 4 4 1 5 1 1 1 3 3 2 5 3 2 4 1 5 2 5 4 2 3 1 3 5 2 3 2 1 5 2 1 5 5 1 5 3 4 2 1 4 4 5 4 4 1 1 2 2 4 4 3 3 1 2 1 5 2 2 1 5 4 1 2 1 3 1 3
3 3 3 1 4 3 1 4 4 3 2 5 4 1 4 2 2 1 2 5 2 5 1 2 5 3 5 3 3 3 3 1 4 3 5 5 1 5 1 2 3 4 1 3 2 3 5 5 4 4 5 1 4 3 2 5 5 4 1 5 1 4 1 1 1 5 5 5 4 2 4 5 4 2 4 4 5 5 5 4 5 4 3 4 5 2 2 5 5 5 2 3 3 5 5 1 5 1 2 5 1 4 1 4 1 5 2 4 2 4 4 5 4 5 4 4 2 5 4 2 3 3 4 2 4 4 4 1 5 5 3 2 5 2 4 5 3 3 4 1 4 1 1 2 4 3 4 3 1 3 4 4 1 5 1 2 5 2 3 3 4 4 3 2 2 1 2 2 5 4 3 5 5 2 3 5 5 3 4 2 4 2 1 2 1 5 2 3 2 4 3 4 1 4 3 4 5 3 5 1 5 3 1 4 1 5 1 2 3 4 1 5 1 2 4 4 2 1 5 3 5 5 1 5 5 3 4 5 1 4 4 3 5 5 4 4 3 5 1 3 2 3 3 1 3 1 4 2 4 4 5 1 3 3 5 3 2 1 1 3 5 3 1 5 3 3 2 2 2 2 4 2 2 4 5 1 3 3 5 3 2 1 3 3 1 1 4 4 5 4 1 5 2 3 1 4 3 2 4 3 5 5 5 5 5 3 3 3 1 2 1 1 2 4 1 1 3 4 2 2 1 3 3 3 3 3 4 1 3 3 1 1 2 4 5 3 4 5 1 1 3 1 2 5 2 5 4 1 2 1 5 5 3 3 2 4 2 1 3 5 4 4 2 2 4 2 3 2 4 1 3 2 5 2 1 4 1 5 4 5 4 2 2 2 1 3 1 5 1 1 5 5 4 3 4 1 1 4 4 5 5 5 1 2 2 0 5 1 5 2 4 4 1 1 2 3 3 3 5 4 1 3 3 4 1 2 5 1 4 4 2 1 1 2 2 2 4 3 4 4 4 4 5 3 3 5 4 3 3 2 1 4 3 5 5 1 1 4 5 4 4 3 2 1 1 2 4 2 2 5 2 5 1 4 2 5 1 3 4 1 5 5 3 5 1 2 1 5 5 1 2 2 3 2 1 1 1 4 2 4
5 5 1 4 1 5 5 1 3 5 2 2 5 3 4 1 1 2 5 2 2 2 2 3 1 5 4 4 1 1 1 3 1 2 3 2 1 1 3 5 1 3 3 1 2 1 4 2 3 2 1 3 1 3 4 5 3 2 3 1 1 3 4 2 3 4 2 2 1 2 5 5 1 2 1 4 3 2 1 1 4 3 2 2 5 3 2 2 1 4 4 5 3 2 4 1 5 3 3 2 1 3 3 4 1 1 3 4 3 5 2 4 3 5 2 4 4 1 4 3 2 3 4 5 2 4 4 1 1 5 3 5 2 1 1 2 5 5 5 4 2 4 3 1 1 4 4 3 5 1 1 5 5 5 4 2 1 1 5 4 4 1 1 3 4 2 3 2 4 4 2 1 1 1 5 4 4 1 2 1 1 4 3 3 1 5 3 3 2 1 2 4 1 2 4 1 5 1 4 5 1 2 2 4 2 1 4 1 5 4 1 1 4 2 1 4 5 3 1 3 2 3 3 2 1 1 2 1 3 4 4 1 4 4 2 5 3 5 3 5 4 1 4 3 5 1 3 2 5 5 5 2 5 2 2 4 2 2 1 2 3 4 5 1 1 3 1 2 3 1 2 2 2 4 4 2 4 3 2 4 5 2 1 4 3 3 3 4 1 3 4 2 2 2 1 2 3 3 3 5 4 3 2 3 4 4 1 5 3 2 1 5 1 2 1 4 3 3 1 1 4 2 2 4 2 3 5 4 3 3 4 4 5 1 1 4 5 4 2 5 1 4 4 4 4 5 1 4 3 3 2 1 5 3 4 1 1 4 5 4 3 3 5 4 5 2 2 1 2 3 1 1 1 2 1 5 3 5 2 2 3 4 4 1 3 1 2 1 2 4 4 4 1 5 1 3 1 1 2 1 4 2 3 3 1 4 0 3 2 2 4 4 1 4 5 3 1 4 1 5 1 3 4 3 3 2 1 3 4 1 3 5 5 1 4 5 2 1 2 3 4 2 5 5 2 2 5 4 5 2 2 4 3 2 3 1 4 1 1 5 2 4 1 1 4 3 2 1 5 2 5 1 4 2 3 2 5 1 2 1 2 2 1 2 1 1 4 1 3 2 2 4 3 5 3 4 2 1 4 3
4 4 4 1 3 1 2 5 4 4 4 1 1 1 3 4 3 1 4 5 5 3 3 4 3 1 4 4 3 1 5 4 2 4 4 2 4 3 5 4 1 4 1 4 4 5 2 4 3 3 3 2 3 4 3 3 1 4 1 2 2 4 4 5 5 4 5 3 2 3 2 4 1 2 1 1 1 4 2 3 5 1 5 3 1 1 2 2 2 3 4 2 3 3 5 3 5 5 5 1 4 2 3 2 5 5 3 1 4 2 2 2 1 3 2 1 5 4 2 1 2 3 3 2 2 2 2 5 5 4 1 1 3 1 1 2 4 5 4 4 5 4 5 4 1 5 2 3 3 4 4 4 2 1 4 1 4 4 3 1 1 5 4 4 1 2 4 4 1 2 2 2 4 3 2 1 1 1 2 1 3 2 1 5 4 5 5 3 3 1 2 1 1 3 3 5 4 3 1 1 1 1 1 5 3 1 4 1 3 2 1 3 4 3 3 5 4 4 1 3 5 1 5 5 1 5 3 4 1 3 2 1 5 1 4 5 1 3 2 2 5 4 3 1 1 4 2 2 1 1 1 2 1 1 1 2 2 3 2 2 1 2 2 1 5 1 2 5 5 3 4 4 2 4 4 1 4 5 2 4 4 3 5 2 1 4 2 3 5 4 3 3 2 4 3 1 1 5 5 3 1 5 5 3 4 1 1 4 5 1 4 1 3 1 2 3 3 1 3 2 3 3 1 1 1 4 2 2 5 5 4 5 2 5 4 4 4 4 3 4 3 5 1 4 3 2 4 2 3 5 5 1 1 2 1 4 3 4 4 1 1 4 3 3 4 1 3 1 5 3 2 2 3 1 2 4 1 5 1 4 2 5 2 4 3 4 3 1 5 4 5 4 3 1 4 2 4 4 1 2 3 1 2 1 2 3 1 0 4 2 5 2 3 4 3 5 2 3 1 2 5 5 4 3 2 1 4 3 5 3 1 1 3 1 2 3 1 2 1 2 3 4 3 1 4 3 1 2 5 3 4 4 3 2 1 2 1 1 5 2 2 3 5 4 2 3 2 1 5 4 2 4 4 4 1 4 4 4 4 3 2 1 1 5 3 2 3 1 4 2 1 1 5 4 5 1 2 4 5 3
2 2 4 3 4 3 3 5 4 1 1 4 2 1 5 1 2 3 4 4 5 1 2 5 4 4 4 4 3 1 1 4 2 1 4 4 3 3 3 3 1 2 1 2 2 3 4 3 4 3 4 5 2 4 4 3 4 5 3 3 3 2 1 1 4 2 2 4 2 1 2 5 3 4 5 2 1 1 5 4 1 5 1 5 2 2 3 5 1 5 1 2 4 4 4 4 5 2 1 1 2 3 3 3 2 5 3 4 5 4 3 3 5 5 4 4 2 1 5 2 5 3 1 3 5 1 5 2 2 3 2 5 5 1 3 4 1 3 1 3 1 3 5 4 5 2 5 5 5 5 3 4 1 4 2 4 2 1 1 5 4 2 3 1 1 3 4 3 1 5 5 4 5 4 3 1 3 4 1 4 3 1 4 4 4 1 1 1 4 1 5 5 5 1 1 5 1 3 1 2 3 1 1 4 1 5 3 3 5 1 2 4 1 2 4 2 2 1 1 2 5 1 3 5 4 2 4 3 5 4 1 2 2 5 5 4 1 4 1 1 4 1 2 1 3 2 3 2 2 1 1 3 4 1 4 4 2 4 3 1 3 3 3 3 5 5 1 1 2 2 2 2 5 2 4 1 5 4 5 4 2 1 4 3 3 1 1 5 1 2 5 5 4 5 5 5 5 2 5 5 5 3 5 1 3 1 3 2 1 1 3 1 2 3 3 3 1 3 3 3 5 3 2 1 4 2 1 4 2 1 4 2 2 2 4 1 1 2 1 2 1 1 3 2 3 3 2 1 2 2 4 2 4 1 2 2 1 3 3 4 4 5 2 3 3 4 2 4 4 3 5 1 3 2 3 3 1 5 4 4 4 2 3 5 1 5 2 1 5 4 4 4 1 1 2 5 3 4 2 3 2 3 4 4 3 3 5 1 0 4 5 3 5 2 5 4 5 5 1 3 5 1 1 3 5 2 2 2 5 4 2 5 3 5 4 1 1 4 4 4 1 2 4 5 2 5 2 3 3 4 2 2 2 2 4 3 1 1 3 3 5 4 1 1 2 5 1 3 1 1 2 4 4 3 3 1 2 1 2 5 4 3 1 4 4 3 3 1 4 1 4 2 4 2 1 4 5 2 4 3
3 3 5 4 4 2 1 2 3 4 4 3 1 5 1 1 5 2 4 1 4 3 4 1 1 2 1 2 1 3 4 4 1 3 2 3 2 4 2 3 3 2 1 1 1 5 5 4 2 2 4 5 1 5 1 4 5 1 5 4 3 2 2 3 3 5 5 5 3 2 3 4 4 2 5 2 4 4 4 2 3 1 1 5 2 2 4 3 3 5 3 5 1 4 1 4 3 5 1 3 4 4 1 5 4 5 5 1 3 4 3 5 3 3 2 3 4 4 5 1 3 4 4 1 1 2 5 4 3 1 5 3 4 1 1 4 3 5 1 4 4 4 3 5 4 3 3 2 2 1 1 3 2 5 3 4 3 3 5 5 1 4 1 3 1 4 2 5 3 5 4 1 2 2 1 4 1 2 1 3 1 4 4 3 1 5 4 1 1 5 4 3 5 2 1 4 4 3 5 3 4 4 3 3 1 4 2 3 5 1 5 3 2 3 2 5 4 2 4 1 5 1 3 4 5 5 2 3 3 2 2 4 4 2 5 2 4 3 2 1 5 3 3 4 3 2 4 3 4 1 2 2 5 3 5 4 1 3 4 4 1 1 1 3 3 4 2 2 5 4 4 2 2 2 2 5 2 1 3 4 1 5 2 3 2 3 1 2 5 2 4 2 2 3 4 1 1 1 5 2 5 3 1 2 4 4 3 5 1 1 5 5 1 3 1 3 5 3 4 2 2 3 2 4 3 5 3 1 3 1 1 1 3 1 1 3 2 2 5 5 1 3 2 5 1 4 4 5 3 2 5 2 1 3 4 5 2 4 3 5 4 2 1 4 5 1 3 2 2 1 2 5 2 5 4 5 4 4 5 1 4 2 5 5 2 4 1 1 5 1 3 3 5 3 1 2 2 2 2 1 3 3 2 2 5 2 1 2 5 0 4 4 3 4 5 4 4 2 5 3 4 4 2 3 4 3 3 1 4 4 3 4 1 2 4 1 3 5 1 5 5 3 5 3 1 2 3 2 4 2 3 4 4 1 5 2 3 2 3 3 4 4 3 3 4 4 1 4 2 2 1 5 4 5 5 2 2 1 1 1 1 3 1 2 3 3 4 1 5 3 1 1 1 4 5 3 5 4 5 3
1 5 1 2 3 4 5 5 4 2 5 4 1 2 3 1 5 3 5 3 5 3 4 2 1 5 1 1 1 1 4 2 3 2 4 2 4 3 2 3 2 3 2 1 4 4 3 5 3 1 4 5 2 4 3 2 2 4 3 1 2 2 4 4 2 1 5 5 4 5 3 1 3 4 1 3 4 5 5 2 1 5 2 1 5 3 2 4 4 2 2 1 3 4 5 5 2 2 1 2 2 1 3 2 2 1 2 3 1 5 1 1 4 1 4 4 5 3 3 2 4 5 4 5 3 3 3 5 1 3 3 5 4 1 1 4 4 4 5 4 2 4 1 2 2 5 5 5 4 3 3 3 4 4 1 5 4 4 4 3 3 4 5 1 4 5 3 3 3 1 4 1 1 2 5 2 2 4 4 3 5 4 3 1 3 2 1 1 5 3 3 4 1 3 2 5 1 4 1 1 1 5 1 2 2 1 3 2 5 1 1 2 3 1 4 3 2 4 3 3 1 4 5 4 5 4 2 2 3 4 1 3 3 4 3 3 2 2 4 4 1 5 5 2 3 2 4 3 4 5 2 5 3 2 5 1 2 2 3 3 4 1 3 1 5 5 3 3 1 5 4 5 2 5 2 4 3 2 2 3 4 3 3 2 1 5 4 3 1 1 1 2 2 3 1 1 3 3 2 3 1 4 1 5 2 2 1 1 5 3 4 4 4 5 5 2 2 5 2 3 3 5 3 5 5 4 4 3 1 2 5 2 5 3 4 1 3 2 5 4 1 1 5 1 2 5 2 4 2 3 2 3 2 1 4 2 2 4 5 2 3 4 2 3 4 5 4 3 3 5 4 2 1 5 3 3 4 4 5 3 4 2 1 2 1 5 5 5 2 3 5 4 4 4 4 1 5 4 3 4 5 5 1 3 1 3 2 1 3 1 0 1 3 3 2 4 1 5 3 5 3 3 1 3 5 3 3 3 2 3 5 3 1 1 2 5 4 5 1 1 1 3 1 5 5 1 5 1 2 4 2 2 5 2 3 5 2 5 1 3 2 1 1 5 5 2 3 3 3 1 1 1 3 1 3 3 3 1 5 1 2 1 1 4 4 3 4 4 2 3 5 2 4 3 5 1 2 4 3 1
1 5 1 4 4 1 2 4 4 4 1 1 2 5 2 5 2 1 5 3 5 5 4 4 3 4 5 4 1 2 5 3 5 1 5 1 4 2 4 3 4 2 4 1 3 3 1 2 2 3 1 3 4 4 3 2 5 2 1 4 1 1 2 5 2 1 1 4 4 3 1 4 2 4 5 2 4 3 3 5 3 1 5 4 1 4 4 4 5 3 3 3 5 5 3 4 2 5 1 4 3 4 2 3 2 3 5 5 1 5 3 3 3 3 4 2 5 1 5 1 2 4 5 5 2 1 4 2 2 3 4 1 3 3 3 3 3 1 1 3 1 2 2 2 3 3 1 1 5 1 4 5 4 3 3 4 2 4 2 1 2 2 5 3 3 2 3 5 2 5 2 3 2 3 1 4 5 5 2 1 1 5 1 4 1 1 3 4 1 1 2 5 2 1 4 3 2 1 3 4 2 5 5 1 2 1 3 1 3 1 4 2 3 1 5 3 1 3 3 1 5 3 2 3 4 1 3 1 4 2 4 3 1 2 3 2 1 2 5 2 5 2 4 2 3 2 1 5 4 3 3 5 1 1 3 5 4 4 2 2 1 5 2 2 3 3 1 5 2 4 2 3 1 2 3 4 1 1 5 3 4 1 1 1 4 2 3 4 2 5 3 4 1 5 5 1 5 2 4 4 4 5 5 5 4 1 1 1 3 3 3 3 1 5 5 4 5 1 3 2 5 1 4 4 1 1 2 4 2 1 4 5 2 4 5 2 4 5 4 4 2 1 1 1 1 1 5 4 2 1 3 3 5 4 4 3 1 2 1 3 3 5 3 4 3 1 4 4 3 5 2 3 1 5 3 4 1 2 1 1 1 2 2 5 3 1 4 5 5 2 5 3 2 2 5 4 3 5 3 2 3 2 1 5 1 4 4 2 2 1 4 0 1 1 1 2 4 2 1 3 4 4 3 1 1 4 1 4 5 3 1 4 5 2 2 4 3 4 3 3 5 5 3 2 5 2 5 1 5 5 3 1 3 1 4 1 1 4 3 3 5 2 3 1 2 3 4 5 1 3 5 1 2 5 5 2 2 4 3 5 5 5 1 2 1 4 3 2 1 4 1 3 1 4 3 3 5 1 4 3
3 5 3 1 3 5 5 5 1 2 3 2 5 3 5 3 5 5 2 2 1 1 2 3 2 4 1 1 2 3 5 1 3 4 1 3 3 1 2 3 3 4 1 2 4 1 3 1 1 1 4 1 4 3 1 4 5 4 4 1 4 3 5 1 3 3 3 2 4 1 3 2 3 2 4 2 3 5 4 3 5 3 1 1 2 5 5 1 2 4 3 2 2 3 1 5 3 2 3 3 2 4 4 4 2 3 2 4 5 2 3 1 5 5 3 1 4 4 5 4 2 1 4 4 3 1 1 5 4 2 2 4 5 3 5 3 4 2 1 1 2 3 1 5 2 4 5 5 3 3 2 5 3 3 1 2 1 2 1 4 2 5 5 4 1 1 3 5 1 4 1 3 3 3 4 1 3 1 1 4 4 2 1 3 4 1 1 1 5 3 4 4 5 2 3 5 4 1 4 1 1 4 4 4 2 4 1 3 3 4 4 5 1 4 4 2 5 2 3 1 4 3 3 5 1 2 4 3 3 2 5 4 4 2 4 1 3 2 2 4 1 5 5 5 3 4 1 1 1 2 5 3 1 2 3 3 1 3 1 3 4 3 3 5 4 3 3 2 2 3 1 1 5 1 3 3 3 3 2 2 3 3 4 4 4 2 1 4 2 4 4 4 2 3 1 5 4 4 3 5 5 2 1 4 4 2 5 3 5 2 4 2 5 2 5 3 2 3 1 4 5 4 2 5 5 5 4 3 4 2 3 2 1 4 2 4 2 3 4 5 2 3 3 2 2 4 4 1 2 5 3 1 1 2 5 2 4 1 5 3 2 5 4 2 2 3 1 2 3 3 5 3 5 4 5 4 4 1 3 2 1 2 5 1 2 5 5 1 2 3 3 3 2 1 2 1 4 2 2 1 2 4 1 2 1 2 1 2 3 1 2 2 0 3 2 5 3 1 3 1 2 1 4 4 2 1 2 1 3 3 1 2 4 2 5 1 4 3 1 5 2 2 4 3 3 1 2 4 2 5 1 2 5 1 3 5 3 3 3 2 4 5 3 2 4 5 2 3 4 3 5 2 3 5 4 5 5 2 4 2 4 1 4 3 1 1 4 5 3 3 4 4 2 4 2 2 2 4 3 2
4 1 3 4 1 5 5 5 4 4 3 3 2 4 1 3 1 1 1 1 1 1 5 4 5 3 5 5 4 1 2 5 5 3 4 2 2 5 5 2 2 2 4 3 2 1 5 1 3 5 1 4 4 3 3 1 1 5 5 5 2 5 2 2 3 5 3 5 1 1 1 2 1 1 3 2 3 1 1 2 4 5 1 2 2 4 5 5 3 1 1 1 5 2 1 4 2 5 3 3 1 1 1 1 3 4 5 3 1 5 3 3 3 2 3 3 5 2 3 4 5 1 2 3 5 1 1 3 3 2 1 1 5 3 5 1 5 5 1 4 2 4 3 4 5 1 5 4 4 5 2 2 3 2 4 4 2 2 5 5 3 1 1 4 4 4 1 3 2 3 5 2 5 3 2 1 1 2 3 1 5 3 4 3 5 2 1 2 3 2 5 4 1 4 4 1 1 1 1 3 1 2 3 1 4 3 1 2 4 1 1 3 2 4 1 1 2 2 4 3 4 5 2 1 1 1 4 2 1 4 1 2 3 3 1 1 4 3 1 4 2 2 4 4 2 2 4 2 5 1 4 4 5 2 4 1 4 2 5 1 2 4 3 4 3 1 1 5 1 1 2 2 4 3 2 1 5 1 5 2 2 2 4 4 3 5 1 1 1 5 2 2 1 4 4 5 2 1 3 3 2 5 4 3 4 3 3 5 4 3 3 2 3 4 5 3 4 3 3 5 3 2 1 5 5 4 1 2 4 3 5 3 2 1 4 2 5 3 4 1 5 1 5 2 5 4 1 4 5 2 5 1 1 1 2 5 2 3 1 1 4 2 2 5 1 1 2 4 1 1 2 3 1 2 4 1 4 2 2 2 1 2 5 1 3 2 4 3 3 4 5 5 2 4 4 2 1 2 5 5 1 1 1 1 1 5 2 4 3 4 4 5 2 0 1 5 3 2 4 1 2 1 1 2 5 3 1 3 5 4 3 1 3 2 4 4 4 2 2 1 5 4 4 1 2 4 3 3 2 3 3 1 4 3 3 3 1 3 2 5 2 3 2 3 4 1 1 4 5 2 2 2 2 3 3 2 5 3 1 3 2 4 3 4 1 2 1 5 1 4 2 2 2 3 4 1 3 4 1 2
4 3 2 4 1 3 3 3 1 4 3 3 5 5 2 4 4 2 1 5 1 1 2 1 4 2 2 3 2 4 3 1 3 3 5 5 1 3 1 3 2 1 2 1 1 1 2 2 1 5 5 3 3 5 3 4 4 5 2 2 4 5 4 2 2 3 4 4 2 2 1 4 1 1 4 4 4 5 1 1 2 3 2 1 5 1 5 1 5 3 3 2 4 1 2 3 1 3 5 1 4 2 2 2 5 5 2 3 1 3 3 1 3 4 4 1 4 5 3 5 1 2 4 5 3 4 1 3 3 1 5 1 4 1 3 1 5 5 5 2 5 3 4 1 2 5 4 5 1 3 1 2 3 4 2 3 5 5 3 2 5 2 4 4 5 1 1 3 2 3 2 4 3 4 4 4 2 2 2 4 3 1 5 5 1 4 2 1 4 5 1 2 4 4 5 3 2 1 4 2 5 2 3 5 5 5 4 2 1 1 5 4 5 1 5 4 4 1 4 4 1 2 4 2 3 3 2 3 4 4 1 3 2 1 3 5 4 2 4 1 3 3 5 3 1 2 5 5 2 5 1 4 4 1 5 2 4 2 5 2 3 2 3 2 4 1 5 2 1 4 2 4 5 1 5 5 4 5 4 5 4 4 5 2 2 2 1 3 5 2 4 1 4 2 5 4 1 1 4 4 4 1 4 1 4 2 2 1 3 1 4 5 5 4 4 4 3 3 1 2 3 2 4 4 5 3 1 2 3 1 5 4 4 4 3 2 1 3 3 1 3 5 4 1 4 4 4 1 1 3 4 1 1 3 1 5 2 4 1 5 2 1 4 2 5 2 1 2 3 3 3 4 2 1 1 2 3 5 4 4 3 3 1 2 3 4 1 5 1 1 1 5 2 4 1 4 5 5 4 1 4 3 2 5 2 4 3 2 1 3 4 2 5 3 0 4 3 1 4 5 5 2 3 2 2 4 2 2 2 2 5 4 5 3 1 2 2 1 2 1 5 5 1 1 3 4 4 4 4 4 2 4 3 4 5 1 2 4 4 3 3 1 5 5 3 5 2 2 5 3 3 5 4 4 4 3 2 4 2 5 5 4 5 5 3 2 2 4 3 3 1 1 1 1 5 1 1 3 1 5
2 3 2 2 1 3 2 4 2 4 3 2 4 5 5 2 4 2 3 3 3 5 2 2 2 1 1 1 1 4 2 1 4 5 5 3 3 1 1 1 4 1 2 3 1 4 2 3 5 1 3 2 2 3 5 5 1 1 1 3 4 2 5 3 1 3 1 1 3 2 1 4 3 4 1 1 3 2 1 5 4 1 3 5 5 4 3 3 2 1 5 2 5 3 5 4 4 4 4 5 4 5 2 1 3 2 3 4 1 5 2 2 1 3 3 4 5 4 1 5 3 2 1 4 4 4 3 1 1 3 3 2 2 3 1 1 1 3 1 1 1 1 2 1 3 4 1 2 3 5 4 2 2 5 2 3 2 3 1 1 1 5 4 2 4 2 3 1 4 1 5 3 5 2 3 1 3 1 5 3 2 1 1 5 2 5 4 1 2 1 2 3 1 3 3 2 5 4 1 1 2 3 3 3 5 5 4 2 5 1 5 5 1 5 2 2 5 1 2 3 2 4 2 1 1 5 3 2 5 1 3 4 3 3 5 2 2 2 4 2 5 4 2 5 1 3 2 5 5 2 5 1 1 5 5 3 4 1 3 4 2 5 3 2 2 3 1 5 4 4 2 5 4 3 2 3 2 4 5 1 2 2 2 5 2 3 5 3 5 2 4 4 1 1 1 3 1 4 1 2 5 5 3 1 1 3 3 4 5 3 1 1 1 4 4 4 4 3 4 2 1 2 1 3 3 3 4 1 2 1 4 4 5 2 1 2 5 2 1 2 2 4 3 4 5 4 2 3 2 2 4 4 2 4 5 3 5 1 3 3 1 4 5 5 1 5 3 2 5 2 4 4 4 4 3 5 3 5 5 1 3 1 1 1 3 5 5 3 3 1 5 5 1 2 1 5 2 3 3 5 1 1 3 5 2 3 3 4 1 3 5 5 5 4 4 0 5 2 4 5 5 4 1 5 4 4 3 4 2 3 5 1 4 3 2 5 5 1 2 2 1 2 5 4 4 2 5 5 3 4 5 3 3 2 1 3 4 5 4 4 1 4 3 2 2 2 5 2 3 1 4 1 2 3 4 2 3 2 2 4 3 4 2 1 1 2 4 1 1 4 2 2 3 5 2 1 4 2 3 2
1 5 1 4 3 2 4 5 2 5 2 5 5 5 3 4 3 1 3 3 3 4 1 5 1 5 2 5 4 4 3 2 5 3 2 5 1 5 4 3 5 5 2 2 5 1 4 4 1 1 2 3 3 3 2 2 3 1 3 3 3 1 1 4 4 4 1 5 4 1 4 2 2 4 5 3 3 5 3 2 4 4 1 2 4 2 2 2 2 5 1 2 3 3 5 4 1 3 3 4 4 5 2 1 5 2 2 4 3 3 2 2 2 3 1 4 4 4 4 5 5 1 2 4 2 4 5 4 4 1 1 2 5 3 3 5 2 1 3 3 3 3 4 4 1 4 2 2 2 3 3 5 2 2 5 3 4 2 2 2 3 3 2 1 1 1 5 3 2 4 4 2 1 1 2 1 2 3 3 4 4 2 3 2 5 2 1 4 4 1 2 4 4 4 4 4 5 1 3 2 4 3 3 5 2 1 2 4 1 3 4 4 1 1 4 5 2 4 5 5 5 5 2 4 1 4 1 1 1 4 3 4 1 2 3 5 2 5 5 1 3 2 2 2 3 3 5 5 2 4 4 4 2 1 3 2 1 5 2 2 5 1 4 4 4 5 4 3 3 4 1 2 5 4 5 1 2 2 1 2 5 5 2 4 3 2 1 2 3 5 5 3 3 1 3 1 4 4 5 3 3 3 4 1 1 2 2 1 1 2 3 1 4 2 1 4 1 4 3 4 1 2 2 3 4 5 5 3 5 2 1 2 5 3 4 1 5 4 2 3 2 4 5 2 5 2 4 3 3 2 5 2 1 4 2 2 3 1 5 2 3 3 4 2 2 2 1 1 3 3 4 3 1 5 5 2 1 4 3 2 4 4 3 1 5 3 2 5 1 3 5 5 1 3 2 3 4 3 1 2 1 5 1 5 3 3 4 4 1 5 3 3 1 3 1 3 0 3 4 2 4 4 2 1 2 1 4 4 1 1 1 2 4 3 2 5 4 1 4 1 2 2 4 4 4 3 3 1 1 1 1 5 3 4 2 1 2 1 3 3 5 5 4 1 4 5 4 5 4 3 5 1 2 2 4 5 2 4 1 5 2 2 1 4 1 4 4 4 3 4 5 4 5 4 5 2 2 2 5 4
2 1 4 1 3 1 1 5 2 3 5 3 2 5 1 3 4 5 3 4 2 4 3 3 5 2 3 1 2 2 3 2 4 1 3 2 4 2 2 4 3 1 1 1 5 2 2 4 5 4 5 1 5 3 5 1 5 5 3 5 3 1 4 4 3 5 3 3 5 1 2 3 1 2 3 4 4 2 4 1 4 2 3 4 5 1 2 3 5 5 4 5 4 5 4 1 5 5 4 3 4 2 3 2 1 3 3 3 5 3 2 3 3 4 1 4 3 4 4 4 2 3 1 5 4 3 5 2 2 3 2 5 1 5 5 3 5 3 1 5 4 4 3 4 4 4 4 1 2 4 3 4 5 3 5 3 3 4 3 4 3 5 1 3 2 5 5 4 5 1 2 4 2 5 3 2 4 2 1 5 5 5 5 5 5 5 4 2 2 3 1 2 1 2 2 3 4 1 4 4 1 2 4 5 2 2 2 4 3 5 2 4 1 3 1 1 1 5 1 1 5 4 1 2 3 5 3 1 2 2 4 4 2 2 5 5 5 2 5 2 2 3 4 1 4 2 3 5 4 2 3 1 5 1 3 1 1 2 4 4 1 5 1 2 3 1 5 4 4 1 4 2 5 4 2 5 1 3 2 5 2 3 5 5 1 5 4 3 1 2 4 2 2 5 1 2 1 3 1 4 3 5 4 3 1 2 2 1 1 3 4 2 4 5 1 1 3 3 3 4 5 1 2 5 5 1 2 1 3 2 3 5 1 5 5 2 4 2 5 3 3 2 1 5 2 2 2 3 2 5 2 1 2 3 4 3 1 1 5 1 5 3 4 4 1 2 2 1 2 5 2 5 1 1 1 2 2 1 4 2 4 4 5 4 5 1 1 3 2 4 3 2 3 2 1 5 4 4 4 1 2 3 3 3 1 3 3 4 2 1 5 3 2 5 5 3 5 0 2 2 2 4 3 3 4 4 4 4 1 2 2 3 2 4 2 5 1 1 1 2 2 3 2 2 5 1 1 3 1 1 2 2 2 5 1 1 1 2 3 2 3 1 5 1 5 1 5 3 3 4 5 3 4 2 1 2 4 2 1 3 4 3 4 3 3 5 1 4 4 2 4 1 4 2 1 4 3 3 1 5
3 4 5 2 4 1 1 2 5 1 3 5 5 2 1 1 3 3 4 4 4 2 4 2 3 4 4 2 1 3 2 3 3 2 2 4 5 2 2 4 2 5 2 3 3 2 2 2 3 2 3 3 3 3 4 3 1 1 3 4 2 2 2 4 3 3 1 5 4 3 2 3 4 4 4 1 2 5 5 1 5 1 3 4 3 4 5 2 1 1 5 3 5 4 5 3 1 1 2 3 2 2 1 1 4 1 2 4 5 3 2 4 2 1 1 3 3 5 2 2 3 5 4 2 3 3 3 4 4 5 3 4 2 4 1 3 1 3 4 5 1 3 1 1 4 5 5 1 2 3 4 1 2 3 5 5 2 5 5 1 3 3 2 1 3 1 4 5 3 1 5 4 1 4 2 4 4 2 5 4 4 2 3 1 5 4 4 1 2 4 1 4 3 5 2 5 5 4 5 4 4 5 5 1 1 4 2 1 3 2 1 5 1 1 4 1 3 2 2 1 4 3 1 1 5 2 1 3 2 2 5 4 4 5 4 1 1 2 1 2 2 3 1 3 4 2 1 1 3 2 4 5 4 5 5 3 5 1 4 1 4 5 2 4 2 5 3 2 3 3 2 3 3 1 3 2 1 3 3 5 1 1 3 3 1 1 4 5 3 3 2 1 4 4 3 1 4 3 5 2 5 5 4 2 2 1 5 1 4 2 4 5 3 1 2 3 2 3 2 1 2 1 4 1 5 3 5 1 5 4 5 4 1 3 5 4 4 5 1 3 3 1 4 1 5 3 3 4 1 1 4 4 2 1 4 1 1 5 1 4 1 3 5 4 2 2 4 4 1 5 1 3 2 3 5 2 4 5 5 5 4 4 5 5 4 5 5 5 3 3 1 4 5 2 5 3 4 2 5 3 1 2 3 2 3 2 4 1 5 2 4 4 4 3 1 5 1 4 0 4 4 2 2 3 5 1 4 1 2 1 5 2 2 1 1 1 1 1 5 3 2 3 3 5 1 1 4 2 4 5 5 4 4 2 2 1 5 3 2 5 3 2 3 3 2 1 5 1 5 5 5 5 2 5 1 2 3 2 3 5 2 4 1 2 2 1 3 5 3 2 2 2 2 2 3 3 3 5 4 1
4 1 1 1 3 4 2 4 2 3 2 1 5 4 4 1 2 3 5 1 2 5 3 3 4 4 4 1 5 1 3 3 1 3 3 2 1 1 1 2 3 1 1 2 5 5 1 4 5 1 4 1 5 1 2 4 1 2 3 2 1 2 1 5 3 1 4 5 2 1 5 2 2 3 1 2 4 2 1 4 3 2 1 3 1 4 4 2 3 2 1 3 3 2 5 5 3 4 4 4 5 5 1 2 4 1 1 5 5 1 2 3 2 3 2 4 4 2 4 5 1 3 5 2 3 1 2 5 2 4 2 3 5 5 3 5 2 3 2 4 2 3 5 3 5 5 1 2 3 1 4 2 1 3 1 1 3 1 5 3 2 3 4 3 4 2 1 5 4 4 4 5 4 3 1 3 1 2 2 1 2 3 3 1 3 5 2 4 1 5 2 5 5 4 1 4 1 2 5 1 2 3 2 5 2 1 2 4 1 1 1 3 5 1 5 5 1 2 4 1 3 3 2 3 1 5 1 1 1 4 4 2 5 4 5 1 5 1 4 3 1 5 5 4 5 1 4 1 5 2 3 5 3 1 3 4 1 5 2 1 3 4 2 1 5 4 4 5 4 5 2 3 5 4 2 1 5 3 5 3 2 5 3 4 1 1 2 2 2 1 3 5 4 1 5 1 1 5 2 4 2 3 5 3 1 5 5 1 5 2 4 1 3 1 3 3 5 5 2 2 2 5 2 5 5 1 5 2 1 3 4 4 1 2 5 3 5 5 1 5 5 1 2 4 2 2 5 3 1 1 3 3 3 3 3 2 4 3 3 4 1 4 1 3 2 4 2 2 4 3 1 5 2 4 3 4 5 1 2 3 4 3 4 3 1 2 4 5 2 1 4 3 1 3 5 2 2 1 5 3 4 2 3 1 4 5 2 4 4 4 5 2 1 5 2 2 1 5 3 0 4 4 1 1 3 5 5 1 1 1 3 5 4 4 3 2 4 3 5 1 4 4 3 4 3 2 1 3 2 4 3 5 1 5 3 2 4 5 4 5 2 1 2 5 1 4 4 4 4 1 3 4 4 5 4 1 5 1 4 5 1 3 2 5 3 2 1 3 2 3 4 3 5 1 2 3 4 2 3 1
2 4 3 1 4 1 1 4 4 4 5 3 1 2 5 5 5 1 3 4 3 4 3 4 2 3 1 5 1 1 2 5 2 5 3 3 1 2 2 4 1 4 2 2 5 3 2 5 5 5 5 1 3 3 1 4 1 4 3 4 1 4 2 4 1 2 3 2 3 5 2 4 4 4 1 4 3 1 4 5 5 5 3 2 5 4 2 4 1 3 2 1 1 3 2 2 3 4 3 4 4 1 4 3 4 4 2 1 3 4 2 3 1 2 2 1 5 1 3 5 2 5 2 1 3 2 5 3 2 2 2 5 1 4 4 3 3 3 4 1 3 3 4 2 3 1 1 1 5 3 3 3 4 4 4 3 5 1 3 3 3 5 5 1 4 3 5 3 3 4 2 5 2 2 1 4 1 3 3 5 5 4 2 4 1 2 2 4 2 2 3 2 4 3 5 1 1 5 1 4 4 5 5 1 4 4 3 5 4 1 1 4 2 1 2 5 1 2 5 5 5 2 5 3 2 4 5 1 4 3 5 4 1 4 1 5 2 3 3 2 3 4 1 1 5 4 1 2 2 1 5 5 4 3 3 1 1 4 2 5 5 2 5 2 2 1 4 5 1 1 1 3 3 3 5 4 2 5 3 5 5 4 5 4 5 2 2 4 5 3 2 1 1 5 2 5 3 4 4 3 3 5 2 4 4 3 3 3 2 1 2 4 4 5 1 1 1 4 3 4 4 4 1 3 4 5 2 3 3 1 5 1 3 1 3 4 4 2 4 2 4 5 4 3 3 3 2 3 3 1 2 5 5 3 1 2 5 2 1 3 2 1 3 4 5 3 4 3 2 2 2 5 5 1 5 4 1 1 1 5 2 4 3 1 4 2 1 1 3 4 1 3 1 4 3 5 1 5 1 2 2 2 2 4 2 5 5 1 1 2 4 3 5 5 2 3 5 5 4 3 0 4 1 3 3 3 1 2 3 2 4 3 3 1 1 4 5 2 1 3 4 3 4 4 5 2 3 3 1 5 3 5 4 5 5 2 5 2 3 2 2 2 2 1 4 5 4 2 4 3 1 4 2 3 4 5 5 4 3 2 5 4 1 3 1 5 3 3 3 3 1 2 1 3 5 4 4 2 1 1
1 3 1 4 3 4 3 2 3 1 4 3 2 3 2 2 3 3 1 1 2 3 5 4 1 4 4 3 4 1 4 3 1 1 5 3 3 5 3 2 2 2 1 4 3 1 3 1 1 5 1 2 3 5 2 5 1 4 5 1 3 1 4 4 3 1 2 5 1 3 2 3 2 1 2 1 1 1 5 2 1 2 1 4 2 5 5 3 3 3 2 5 5 5 3 3 3 1 3 1 2 5 1 2 1 2 3 2 5 4 3 5 1 3 3 2 4 3 5 1 1 3 4 1 4 2 3 2 2 1 3 5 1 4 1 3 1 1 5 5 2 1 4 5 3 4 1 1 2 1 4 3 2 5 4 4 3 3 5 2 5 5 1 1 2 3 1 4 3 5 5 1 1 4 4 3 5 2 1 5 5 3 3 4 4 1 4 1 4 1 4 1 4 3 1 4 3 2 1 2 3 1 3 1 1 5 4 1 4 1 1 1 5 2 1 4 5 1 5 1 4 5 3 3 4 5 4 5 3 5 5 3 3 3 3 2 2 1 5 1 4 2 1 2 5 5 2 5 2 3 4 5 3 2 2 3 2 1 3 4 5 2 5 3 4 1 3 4 2 2 1 1 5 1 1 5 3 5 4 5 3 2 4 5 4 2 1 4 5 1 4 5 2 5 3 3 1 1 5 5 4 3 3 5 5 3 4 2 2 4 5 2 1 1 5 3 4 4 2 2 4 5 2 3 2 4 1 3 1 1 5 4 1 2 3 2 4 5 3 2 1 4 5 4 2 3 3 1 1 3 3 4 1 5 2 2 2 2 3 4 2 1 4 4 2 3 2 2 2 5 1 1 1 2 2 4 2 3 4 2 4 3 1 3 1 2 4 1 5 4 5 1 4 1 4 5 1 5 4 5 2 5 3 5 3 3 2 1 2 2 2 4 4 4 1 1 1 2 2 2 2 0 2 4 5 1 1 4 4 2 5 2 2 3 2 4 2 5 3 5 3 1 3 2 5 4 3 2 2 3 3 3 5 5 5 3 2 4 2 5 5 5 5 2 2 1 2 1 2 4 1 2 3 2 5 1 1 5 1 4 3 1 4 1 2 2 4 3 5 2 4 3 5 1 1 2 4 1 5 5
4 2 5 4 4 4 5 5 4 4 4 2 1 1 4 2 3 4 2 5 4 5 3 5 4 2 4 1 3 3 1 3 4 4 1 2 1 3 2 2 5 4 4 4 4 1 5 3 4 1 2 3 3 5 3 2 1 2 4 5 4 2 5 1 2 1 5 5 1 3 4 4 2 2 2 1 1 5 1 2 5 4 3 3 3 5 2 4 3 2 2 3 2 3 3 1 3 2 3 3 5 3 3 4 4 3 2 5 3 3 2 2 5 1 2 3 1 2 4 3 4 4 5 1 1 2 4 4 3 4 1 5 3 5 2 4 1 1 5 3 1 1 3 1 4 2 4 3 3 1 2 1 2 1 3 3 1 2 3 2 4 3 3 1 5 1 4 4 1 3 5 2 3 4 4 2 2 1 3 4 5 1 2 5 4 1 4 4 4 5 3 2 3 1 1 1 2 5 3 2 4 4 5 2 4 2 3 1 2 2 3 4 3 2 5 5 5 1 2 4 4 3 3 2 2 1 2 5 5 1 5 3 2 5 2 1 3 4 4 1 5 3 4 1 1 1 1 1 2 4 2 3 3 5 5 2 1 4 3 5 3 3 3 1 2 5 2 2 4 5 1 3 3 5 1 1 5 3 1 2 4 5 2 5 1 5 1 1 4 1 2 4 1 1 1 2 5 1 4 4 4 4 5 3 5 3 4 3 4 1 3 3 3 4 2 2 1 1 1 1 1 4 3 1 5 3 3 2 2 4 3 5 3 3 1 1 3 3 3 1 3 2 2 3 1 3 4 1 4 4 5 4 1 2 4 4 5 1 2 3 4 5 4 1 1 3 5 1 2 2 3 2 5 4 3 4 5 5 4 3 4 3 4 3 5 5 2 3 5 4 2 3 2 3 4 1 2 4 1 2 4 1 1 5 3 4 5 3 3 3 5 5 5 1 2 1 2 2 2 1 3 4 0 4 1 5 2 1 4 3 1 5 1 4 5 5 5 3 3 5 3 2 2 3 5 4 3 1 4 1 1 5 3 5 3 5 4 5 5 3 2 1 4 3 1 4 1 2 3 3 1 1 3 4 4 1 3 3 4 3 4 3 3 2 4 2 4 1 2 2 5 2 5 1 4 2 2 3 2 5
4 5 4 3 2 4 4 5 1 3 3 3 2 4 3 2 3 3 4 5 2 3 3 5 4 4 4 5 2 4 4 5 1 2 3 3 1 4 5 5 2 1 4 4 2 3 1 3 5 1 2 1 5 5 4 4 2 2 4 1 1 1 5 3 4 5 5 5 4 5 1 4 1 4 2 1 2 5 3 1 5 4 1 5 1 3 2 1 4 3 3 1 2 2 4 4 2 5 2 1 1 4 3 1 3 3 3 4 2 4 2 2 5 5 1 3 2 4 2 5 1 3 3 3 1 2 5 2 1 2 3 2 1 5 1 1 2 1 1 3 1 3 3 5 2 3 3 1 1 1 3 4 4 5 1 4 4 5 4 3 5 3 5 1 5 4 1 5 2 5 2 3 3 3 3 4 1 3 2 2 2 5 5 5 5 5 4 3 1 4 5 2 4 3 2 1 4 1 4 1 5 4 3 3 2 1 3 5 5 2 2 4 3 4 1 5 4 2 1 1 1 1 2 5 1 4 4 5 5 2 2 3 2 5 4 1 4 2 2 2 3 1 2 5 4 2 5 5 5 3 5 2 4 2 2 3 3 5 5 3 1 2 2 4 5 5 1 4 1 1 1 5 2 2 5 1 1 2 1 3 2 5 3 2 3 4 5 2 3 5 5 4 5 3 4 2 1 5 1 3 1 5 5 4 2 4 1 5 5 3 1 3 4 4 4 4 5 3 4 3 1 5 1 3 1 5 3 2 3 1 1 1 2 3 5 1 2 1 1 1 1 4 2 1 1 2 4 1 2 2 5 4 4 3 4 3 3 2 5 4 3 4 5 3 5 5 4 3 5 4 1 5 1 2 5 3 1 5 2 1 4 2 3 1 3 2 5 3 2 3 1 5 3 4 5 5 3 2 4 4 5 5 3 5 3 2 4 2 1 3 4 5 4 2 5 4 2 2 5 1 2 4 5 0 3 5 1 2 5 3 2 2 1 4 3 2 3 1 3 3 3 3 4 1 4 4 4 1 4 4 4 2 5 1 1 3 5 2 2 2 2 1 1 4 2 2 3 5 4 3 3 5 1 5 1 2 3 3 1 2 3 5 2 3 4 5 1 1 2 3 2 3 3 1 4 2 2 2 5 5
5 4 4 2 3 1 1 5 5 3 4 4 1 2 4 1 2 1 5 4 4 3 4 1 5 5 5 1 1 3 5 2 2 1 1 4 1 3 5 1 4 4 2 2 5 4 4 5 1 3 5 4 4 3 3 3 4 3 3 4 2 5 5 4 1 2 2 3 3 3 5 4 3 3 1 2 3 1 2 4 4 3 5 4 5 2 1 2 2 4 5 3 3 1 2 4 2 1 5 4 3 1 1 3 1 4 2 4 3 1 2 2 3 4 4 2 4 4 2 4 5 3 4 3 2 2 3 4 4 2 5 2 2 4 1 5 1 1 1 3 4 4 4 2 2 2 1 4 1 4 3 5 2 2 1 3 3 5 3 3 1 1 5 3 1 1 5 3 5 3 4 4 3 1 3 5 5 2 4 2 3 2 3 2 3 1 3 4 5 4 3 2 5 4 2 4 4 3 5 5 5 4 2 4 2 5 5 2 5 5 3 2 4 1 3 5 3 2 5 5 1 4 1 5 3 4 5 4 3 3 3 3 3 3 3 2 4 3 1 5 1 3 4 4 1 3 3 5 1 2 3 4 2 4 5 4 1 1 5 1 5 3 2 3 5 1 2 1 5 3 2 1 2 2 1 3 1 3 3 1 3 4 1 3 4 4 1 4 5 4 4 2 3 4 3 5 4 3 2 1 1 3 5 5 5 2 5 1 3 2 5 4 5 2 1 3 2 5 3 1 5 4 3 2 1 2 4 2 4 1 1 5 1 5 4 1 2 3 1 2 2 1 4 2 1 2 4 4 1 2 4 5 1 2 3 1 3 5 5 3 3 2 2 5 2 2 4 1 5 4 4 1 1 1 1 1 1 2 3 2 4 5 4 1 1 3 4 3 3 3 5 1 4 4 3 3 3 4 1 4 1 3 1 4 3 2 3 3 5 1 2 2 3 4 4 3 3 3 2 2 5 1 1 1 0 1 3 2 1 2 4 1 4 4 3 3 4 4 3 2 4 3 5 5 2 1 3 4 3 2 1 2 4 4 1 5 3 1 4 4 5 1 1 1 1 4 4 5 5 5 5 3 1 5 5 2 4 4 2 2 2 2 3 5 3 5 4 2 2 3 5 4 5 1 5 2 3 3 1 3
5 1 5 2 4 4 4 4 4 5 1 1 5 5 3 2 4 4 2 5 2 2 2 2 3 4 5 4 2 3 2 4 1 5 1 1 1 1 5 4 3 2 3 4 1 2 3 5 2 3 4 2 3 5 2 1 3 2 3 3 4 1 3 2 2 5 3 3 2 3 1 3 4 2 4 2 4 5 5 5 1 3 3 4 4 4 1 2 2 5 4 4 1 2 1 5 4 4 4 4 1 1 4 2 1 1 2 4 1 5 4 5 4 3 4 2 3 2 1 1 5 5 1 3 4 4 4 1 2 5 2 2 4 3 3 5 4 1 4 3 2 3 2 3 3 2 1 1 3 4 1 2 5 1 1 5 5 2 3 5 1 4 5 2 4 3 4 2 3 1 1 5 1 5 2 3 2 2 1 3 2 2 3 2 1 1 2 3 5 4 3 2 2 2 4 3 4 1 4 5 1 3 1 4 5 5 2 4 4 4 2 5 2 4 1 2 2 1 1 2 4 5 1 3 1 2 5 1 4 4 4 1 1 4 3 3 3 4 3 5 3 1 1 2 1 2 3 1 3 2 2 4 4 4 1 5 3 5 2 3 3 3 5 4 1 5 2 5 3 2 4 5 3 5 3 1 3 5 2 5 1 3 2 4 4 5 2 1 1 4 1 2 1 5 2 1 4 5 2 1 4 1 2 5 5 1 4 5 3 2 1 5 3 5 4 4 5 4 3 4 2 5 4 5 2 3 4 3 5 2 2 4 5 1 1 3 4 3 3 1 5 3 3 3 5 4 4 2 3 2 5 4 5 4 4 5 1 4 1 1 2 2 4 2 3 2 1 4 5 5 5 1 4 1 3 3 3 3 5 5 4 2 5 1 4 5 1 1 3 3 1 3 3 5 5 1 1 5 2 4 4 5 2 2 4 5 2 1 3 4 4 3 5 5 2 2 2 4 2 1 3 1 3 1 1 0 1 4 5 3 2 2 3 1 2 1 4 5 2 3 3 1 2 4 3 4 5 2 5 1 3 2 1 1 2 3 4 3 5 1 5 1 2 4 4 5 2 5 4 2 4 1 4 1 5 5 4 3 3 2 1 4 2 1 4 2 1 5 1 4 3 1 5 3 1 4 3 5 4 5
1 2 1 4 1 5 2 5 3 5 3 3 4 4 2 3 2 3 3 1 3 2 3 3 5 1 5 1 2 3 3 5 1 2 5 4 1 2 1 1 4 5 3 3 2 4 4 4 2 4 3 5 3 5 5 5 5 5 3 3 2 1 1 4 3 1 4 5 5 5 5 4 3 3 5 2 4 2 3 2 3 4 1 2 2 4 1 5 3 5 5 3 4 2 3 4 5 2 3 3 2 2 2 1 3 4 4 2 3 5 2 3 1 3 2 4 1 2 3 2 1 1 4 3 2 1 3 1 2 4 4 3 3 5 5 5 3 5 2 2 4 1 1 2 1 5 1 4 2 1 1 4 4 1 4 4 5 3 1 4 2 5 3 3 5 1 5 5 1 1 2 4 3 1 3 1 2 2 1 2 4 3 5 4 3 3 1 3 4 2 3 1 4 3 1 4 4 2 3 4 3 4 3 5 4 5 1 1 1 1 3 2 5 1 5 5 3 3 3 5 4 2 3 2 5 5 4 1 1 3 2 1 3 3 3 3 1 3 2 3 2 3 3 4 4 1 5 4 5 2 5 5 5 5 2 2 5 4 5 4 1 5 4 3 3 4 1 1 5 4 5 3 5 3 5 3 1 4 2 3 5 1 4 4 3 5 5 1 4 2 2 5 3 3 2 4 4 5 3 1 1 5 5 5 1 4 3 1 4 1 2 3 1 5 1 1 2 2 1 3 2 1 1 5 1 2 5 2 5 2 3 3 3 4 2 2 2 1 4 1 5 2 3 2 2 3 1 2 4 5 5 3 4 5 3 4 1 4 5 5 5 4 1 1 4 4 2 1 5 5 1 5 2 1 3 1 4 4 1 2 2 3 4 2 2 3 3 2 1 2 5 4 5 4 1 4 5 1 2 1 5 4 3 3 4 2 5 2 2 1 1 3 1 1 1 2 2 4 2 4 5 4 5 5 5 1 0 4 4 1 3 1 5 5 4 4 2 4 3 5 4 1 1 5 1 1 2 5 2 1 2 2 2 2 2 3 1 2 5 5 4 4 4 3 5 3 3 1 4 2 1 4 4 5 2 1 4 3 1 4 5 3 2 5 3 1 4 5 4 3 3 2 3 4 3 1 3 4 2 2
2 2 1 2 1 2 4 3 2 3 5 1 5 1 3 1 3 2 5 5 3 1 1 3 1 1 5 4 4 3 3 1 3 5 4 2 4 4 4 5 2 4 2 3 4 5 3 1 1 2 1 5 5 2 4 5 1 3 4 3 1 2 3 2 4 1 4 1 3 4 3 3 3 3 2 2 5 4 5 2 3 5 4 1 4 1 5 4 5 4 1 4 4 3 5 3 1 1 4 5 1 2 3 1 3 5 4 2 2 3 1 1 5 2 3 1 3 1 4 2 3 3 4 2 3 1 1 4 5 3 5 2 4 5 3 4 5 1 3 3 2 3 4 3 5 2 5 1 4 2 4 2 3 5 1 3 3 4 1 3 2 2 2 2 4 3 4 1 1 5 3 2 2 3 3 4 2 2 5 3 4 2 1 3 3 4 5 1 1 1 1 4 4 5 3 3 2 5 4 1 4 5 3 2 3 1 1 2 4 5 4 5 3 1 5 2 1 5 1 4 1 2 4 1 2 3 1 5 1 3 2 3 5 3 3 1 2 4 4 1 1 4 2 1 5 5 2 5 1 4 1 5 2 2 4 1 1 2 1 3 1 4 5 4 1 2 4 4 5 3 5 4 1 5 3 1 2 1 2 3 2 5 4 4 2 5 4 5 1 3 1 1 1 2 4 2 1 1 2 1 3 3 2 4 1 3 3 1 4 2 1 4 1 4 3 2 5 4 4 5 4 2 3 1 2 4 5 1 4 2 5 4 5 4 4 3 5 2 1 4 4 1 5 2 3 5 5 2 4 4 1 2 1 3 4 1 3 2 2 1 5 2 5 4 3 5 4 3 3 4 1 1 5 5 2 3 1 1 1 2 1 4 4 3 5 1 1 2 4 2 1 4 2 4 1 1 2 1 2 4 5 1 4 1 3 3 5 5 5 3 1 4 5 4 3 4 4 5 4 3 4 2 4 5 5 3 4 0 5 5 4 3 1 4 1 3 1 1 2 4 2 4 4 5 4 2 3 4 5 1 3 2 4 3 4 1 2 2 5 3 5 5 1 2 5 3 5 5 4 4 5 5 3 3 1 1 4 1 2 2 2 3 5 3 3 5 1 5 5 3 2 3 1 5 4 4 5 1 2 3
5 3 4 4 1 3 3 2 5 4 1 1 2 4 5 4 2 5 1 4 5 5 3 1 2 5 5 5 2 1 3 1 2 1 5 1 1 1 1 3 3 3 4 4 2 3 1 3 3 5 3 5 1 5 3 1 4 1 2 5 4 1 3 5 5 3 5 3 4 1 3 2 5 4 3 1 4 3 2 2 1 4 2 3 4 3 3 1 4 1 5 3 4 3 5 1 5 1 1 5 3 4 2 3 1 4 5 5 3 4 1 2 2 5 4 4 5 5 1 2 4 1 3 2 2 4 3 1 4 4 5 1 5 1 3 5 3 4 2 5 5 2 4 5 4 4 2 1 2 5 1 1 2 4 1 5 5 1 2 2 5 2 3 4 5 3 1 5 3 4 4 5 1 1 2 3 3 5 1 3 5 5 3 2 5 1 4 2 2 1 4 1 2 1 3 3 2 3 5 5 5 3 5 4 4 4 4 5 5 2 5 5 3 3 3 5 3 2 4 3 1 1 3 3 3 1 2 5 3 2 3 1 2 1 2 4 5 3 2 3 5 3 1 4 1 5 2 1 5 3 5 5 3 2 2 1 3 1 3 3 1 3 4 2 3 1 1 4 4 3 3 3 4 5 5 3 5 4 5 3 1 1 1 4 3 1 5 4 3 3 3 2 2 1 1 4 5 2 4 3 3 3 1 4 1 3 5 1 5 1 2 4 2 5 4 2 2 1 3 2 5 5 3 4 4 2 5 1 2 2 5 3 5 3 5 2 3 1 2 1 4 3 2 4 5 2 3 2 1 2 5 2 4 2 4 3 2 2 4 4 2 4 5 1 2 2 2 4 1 4 3 3 4 4 1 5 3 2 3 2 1 4 4 2 5 3 2 3 2 2 4 4 1 2 2 2 5 2 2 2 3 5 1 5 4 5 2 1 1 4 1 1 1 4 4 3 4 5 3 1 4 3 1 2 2 3 2 4 0 5 5 2 4 3 2 2 5 5 5 5 5 2 2 2 5 1 3 2 2 1 2 5 1 2 2 5 5 2 1 1 5 2 5 4 1 2 4 1 2 2 4 5 4 2 3 1 4 5 1 2 2 3 2 5 1 2 2 5 1 2 4 3 1 1 5 2 1 1 3 3
4 1 2 1 2 5 4 3 1 3 5 3 2 5 5 5 3 1 5 1 1 2 1 1 4 3 4 3 4 3 4 3 2 1 3 2 4 5 1 3 4 4 2 3 5 5 2 2 4 5 5 3 2 4 5 4 3 2 3 3 3 1 2 2 4 3 2 5 5 3 5 1 5 3 3 1 1 3 2 3 3 4 2 3 2 5 4 1 1 2 2 2 4 5 2 4 5 4 2 4 3 1 1 5 3 2 5 5 1 1 3 3 3 1 2 3 2 5 1 3 1 4 4 2 5 1 2 3 4 3 1 1 1 5 3 4 4 3 2 1 1 1 2 1 4 2 1 2 1 2 4 5 2 2 2 4 1 1 5 4 2 1 4 4 2 4 3 3 2 2 3 1 4 1 2 3 1 5 2 3 3 2 2 2 4 4 1 2 4 3 3 4 3 1 1 4 2 4 1 5 1 5 4 3 4 3 1 5 2 1 3 5 3 5 1 3 1 3 3 2 1 3 2 3 4 5 2 2 4 4 3 4 2 5 2 5 4 5 3 2 3 5 4 5 2 5 1 2 3 2 5 5 1 3 1 4 2 5 2 4 1 1 5 3 2 2 1 4 2 2 2 3 5 2 5 5 5 1 1 1 2 3 5 3 5 5 5 2 4 1 2 3 1 4 2 3 2 3 3 5 2 3 5 4 3 1 1 3 1 3 2 2 5 3 5 2 1 3 3 5 1 2 4 3 2 3 3 4 3 4 4 1 3 3 1 3 2 3 4 4 2 2 5 2 3 3 3 4 1 5 3 2 4 4 1 4 1 3 1 1 4 5 1 4 4 1 4 1 4 3 2 3 2 2 3 2 2 2 1 5 2 1 4 5 2 3 1 1 2 1 4 1 2 3 2 3 4 1 1 1 4 4 2 1 2 2 3 3 1 1 4 5 2 3 4 1 4 2 3 5 1 1 5 2 1 4 5 4 2 0 3 3 5 2 3 5 3 5 5 5 3 4 3 5 2 4 1 5 3 5 5 4 1 4 4 1 5 2 2 3 5 1 1 2 3 4 2 3 5 4 3 1 1 3 4 1 2 2 4 2 1 1 3 4 1 3 4 5 5 3 2 4 4 2 5 4 3 5 3 5
5 4 2 3 2 3 3 2 5 5 5 1 2 1 4 5 3 3 5 5 3 4 5 5 2 1 5 1 1 1 4 4 5 5 3 2 1 5 2 5 3 1 1 3 2 5 1 2 5 2 1 3 4 5 3 2 1 4 4 5 2 4 3 4 4 1 3 1 2 2 1 1 5 2 3 1 1 3 3 3 3 1 4 4 5 3 5 5 4 5 1 1 3 4 3 5 5 3 1 4 5 2 1 2 4 5 5 2 5 2 1 2 2 1 3 1 1 3 3 5 2 4 3 1 5 1 2 2 2 3 2 4 4 2 5 1 2 3 4 1 4 1 4 3 5 1 4 4 1 3 1 2 5 5 1 2 3 5 5 2 1 5 2 1 3 2 5 2 5 2 4 5 3 2 4 2 3 4 2 1 1 1 3 2 2 5 5 2 5 4 4 3 1 3 3 1 4 1 5 1 3 5 5 1 5 1 5 5 2 4 2 3 4 5 2 3 4 5 5 5 3 5 5 1 5 4 3 4 5 5 3 4 4 3 4 5 1 2 5 5 2 2 2 4 1 4 5 4 4 3 3 5 1 2 5 1 5 3 1 5 5 1 4 4 5 5 4 1 5 5 5 1 3 4 4 4 4 1 1 4 1 1 4 1 1 5 2 1 1 5 3 4 5 5 5 3 1 4 1 3 1 1 3 4 1 4 4 2 4 1 4 4 1 3 4 1 4 2 1 4 3 3 1 1 2 4 4 2 2 4 5 5 2 5 5 4 1 3 4 5 5 2 4 4 5 2 4 5 4 4 1 4 1 1 1 5 2 1 4 4 1 3 3 2 5 1 4 3 3 4 1 5 5 5 3 4 5 5 1 1 4 3 3 4 3 2 4 1 3 3 1 2 2 1 3 2 1 5 3 2 5 3 4 3 1 3 5 1 5 5 5 2 1 1 3 2 1 1 3 5 2 5 1 2 5 2 5 5 4 4 0 4 5 1 4 3 5 1 1 1 1 4 1 3 4 3 3 2 5 4 1 5 5 3 3 1 2 2 4 3 4 5 4 4 5 2 2 4 5 1 5 4 1 2 2 1 5 2 4 3 3 5 5 2 4 3 2 1 4 1 2 1 1 3 3 1 5 1 2 1
3 2 3 2 2 3 2 4 2 3 2 3 3 4 4 4 4 5 5 5 2 4 2 2 4 4 3 2 3 4 5 2 2 1 4 2 3 5 1 1 1 1 2 4 5 3 1 5 2 3 2 4 3 1 5 4 1 4 5 3 2 2 5 4 4 5 1 4 1 4 1 1 1 1 1 2 2 4 5 3 1 1 5 4 2 2 3 4 1 3 1 3 4 3 5 2 3 4 4 1 1 1 4 1 4 5 2 1 1 3 3 4 1 2 1 2 4 3 1 4 1 4 5 2 3 3 2 1 3 3 3 5 2 2 1 2 1 4 5 2 1 4 5 5 4 1 5 2 3 2 4 5 5 5 5 1 5 3 3 2 3 2 3 4 2 2 1 4 2 3 5 3 2 3 4 5 2 1 1 3 4 4 2 4 1 3 4 2 4 2 1 1 2 3 2 3 2 3 5 5 2 1 3 4 4 2 1 5 2 4 2 3 4 3 2 1 5 3 1 3 5 4 5 4 4 5 3 3 1 4 1 4 3 1 4 1 2 3 3 2 2 2 4 3 1 5 5 3 5 1 1 2 4 4 3 4 2 5 5 3 5 1 4 5 1 4 5 5 3 4 2 3 3 3 3 5 1 4 4 2 4 3 1 5 3 1 5 2 1 1 2 2 3 4 4 2 4 5 3 3 3 1 1 4 2 1 4 2 2 4 1 5 4 2 1 2 2 3 4 2 5 3 2 3 3 5 3 1 2 5 1 2 2 2 2 4 4 4 3 5 5 3 1 4 3 5 1 5 5 2 1 1 3 1 2 5 2 2 1 1 3 2 4 4 5 2 3 2 5 3 3 2 4 5 4 3 4 4 3 5 4 1 3 5 1 1 5 5 5 1 5 3 1 3 5 2 5 4 3 5 3 5 4 1 3 1 1 3 5 4 5 3 4 4 2 4 5 5 2 1 2 3 5 2 2 1 4 5 1 4 1 0 4 2 1 3 5 1 1 5 2 2 3 4 4 1 4 3 3 1 2 3 5 3 3 3 2 3 1 4 3 3 2 5 3 3 4 5 2 4 4 1 3 4 4 3 3 2 3 1 2 1 2 2 2 1 1 1 2 1 1 2 3 1 5 3 4 3 2 1
3 4 4 1 4 5 3 4 2 4 3 4 3 4 2 4 3 3 5 3 5 3 2 5 3 4 4 3 3 3 1 2 4 1 4 1 1 3 4 4 3 5 2 4 4 4 1 2 5 2 5 2 3 1 1 1 2 2 1 1 2 5 5 3 4 2 3 3 5 1 5 1 1 3 4 4 4 3 4 4 4 2 2 5 4 3 3 2 5 2 1 1 2 1 2 4 4 5 3 1 5 1 2 2 4 4 4 5 3 3 2 4 1 2 1 2 3 2 1 3 2 3 5 1 3 3 4 4 1 4 5 1 2 5 5 5 3 4 5 3 4 2 3 3 4 1 1 1 4 4 4 3 5 4 1 3 4 5 2 3 4 3 4 1 3 4 2 3 3 2 5 5 5 5 5 2 5 1 1 3 5 4 4 5 2 1 2 4 1 1 1 4 2 5 2 4 2 3 4 3 5 2 5 5 5 2 4 2 5 1 2 4 5 3 1 2 1 5 4 1 3 2 4 2 1 4 5 1 2 5 1 1 4 4 4 2 5 4 3 4 4 5 4 2 1 3 2 4 5 4 2 3 4 1 2 4 5 3 2 1 3 3 3 1 3 5 5 2 5 2 3 1 2 1 3 2 1 2 4 3 2 3 3 2 5 3 4 2 2 1 1 2 2 2 1 2 3 5 5 2 1 4 1 5 1 2 5 1 5 4 2 2 1 2 3 3 1 1 3 5 3 5 3 4 4 4 5 1 5 2 4 2 4 4 2 2 5 4 4 3 5 1 2 4 2 3 5 4 2 4 4 2 1 2 1 2 5 2 3 2 4 3 5 1 5 3 3 3 4 5 1 4 4 2 2 1 5 1 1 5 5 4 1 2 1 1 5 4 4 2 3 3 2 3 1 5 3 3 5 4 4 1 2 1 4 5 1 1 2 1 3 2 4 4 2 5 4 3 1 5 3 5 4 2 3 5 2 3 5 1 5 5 0 4 5 4 4 2 3 5 3 5 4 3 5 5 5 1 2 5 5 4 1 2 2 4 3 2 3 1 4 4 2 4 3 1 2 2 3 2 4 5 1 2 1 2 2 5 5 3 2 1 1 2 3 1 2 1 2 4 1 4 4 4 2 3 5 4 4 5
5 2 2 4 3 1 5 1 2 5 4 1 5 5 5 5 2 4 1 4 1 2 1 4 1 1 3 5 4 1 4 2 2 5 5 4 3 2 3 2 2 2 1 2 4 5 3 3 5 1 5 1 5 3 1 5 5 4 4 3 4 3 1 2 4 2 3 4 4 4 4 3 1 1 4 1 1 1 5 2 1 5 1 2 1 1 1 2 2 2 5 2 3 2 3 3 1 4 2 4 2 4 2 5 2 2 5 1 5 1 2 3 4 2 3 4 5 2 3 4 1 3 1 2 3 2 5 4 3 1 1 1 3 3 2 4 5 5 3 3 2 4 4 3 5 4 4 1 4 5 4 4 3 5 5 3 1 4 5 2 5 5 3 1 2 5 4 4 5 2 3 4 4 3 2 5 3 2 4 4 3 4 1 3 4 4 1 1 4 4 5 5 3 1 2 4 2 2 5 5 5 4 3 4 5 5 1 1 5 2 5 5 2 4 1 2 1 3 2 3 2 2 2 1 1 2 1 1 4 3 4 1 4 1 4 4 4 5 3 3 2 5 4 1 2 1 3 5 2 3 2 2 3 3 3 1 1 1 5 1 4 1 4 4 5 5 3 3 4 2 5 5 4 4 3 1 3 4 4 3 1 4 1 2 1 5 4 2 1 4 5 5 5 5 5 5 5 2 2 2 1 2 5 2 3 3 3 3 5 3 1 1 1 5 3 1 2 2 4 4 1 5 1 2 2 5 1 2 2 5 3 5 4 3 2 4 3 2 5 4 4 5 2 4 3 2 5 2 5 4 4 1 3 4 1 4 2 4 5 1 4 3 2 3 4 3 3 3 3 4 5 4 3 1 3 2 2 3 3 2 3 5 5 1 4 2 3 3 2 1 5 3 2 5 1 4 1 1 2 5 5 4 2 4 1 1 1 2 5 3 2 5 4 5 1 5 5 1 1 5 2 2 2 5 1 4 3 1 2 5 4 2 3 0 3 5 4 2 1 1 3 2 2 2 2 3 5 1 2 5 1 4 3 2 1 5 4 3 3 3 4 4 2 5 5 2 3 5 4 4 2 5 4 1 1 3 1 5 3 5 4 5 4 3 1 5 3 4 1 2 5 1 4 3 5 3 2 4 2 4
2 5 1 3 3 4 2 4 3 3 2 2 1 3 4 4 4 5 5 2 1 5 2 1 5 1 4 4 5 1 3 4 5 2 5 5 5 1 2 5 2 2 3 2 4 1 5 5 2 2 2 2 3 4 4 3 4 4 1 5 3 4 1 2 1 5 5 3 4 2 5 3 2 2 4 2 5 3 5 4 5 3 5 1 5 2 3 5 2 5 3 3 5 4 2 5 1 1 4 2 4 1 1 5 3 5 2 5 3 4 1 4 5 4 2 3 5 5 4 3 4 2 1 1 5 1 5 5 4 4 2 2 1 4 5 2 2 5 5 4 5 4 3 4 5 1 1 1 2 2 2 5 4 1 5 1 2 2 1 5 4 2 1 1 1 1 4 1 1 3 1 3 4 1 4 2 2 5 3 2 4 4 1 3 5 1 4 3 2 4 3 3 4 3 4 3 5 2 3 2 2 4 5 3 1 3 3 1 3 3 5 3 3 4 3 2 4 4 2 4 3 1 1 2 4 1 2 1 1 1 3 1 3 3 3 2 5 3 1 5 3 4 3 4 2 1 4 4 3 4 2 4 4 5 4 4 3 4 1 4 1 4 2 1 5 3 3 1 1 3 3 5 5 3 3 2 1 4 3 3 1 5 2 3 3 2 1 4 1 5 3 4 1 5 5 5 4 4 2 1 1 2 1 5 2 2 3 1 2 4 2 3 1 1 4 3 3 3 1 1 2 4 2 2 5 2 3 1 1 1 5 2 2 1 2 3 3 3 3 3 1 5 3 2 2 5 5 5 3 3 1 5 5 1 2 4 2 4 1 3 2 4 2 3 2 1 5 3 4 4 1 1 4 1 3 5 1 4 1 5 4 5 5 3 1 4 4 4 3 4 3 2 3 1 2 4 5 1 5 2 2 1 1 1 1 3 4 2 2 3 2 1 4 5 3 3 2 2 1 2 3 2 3 4 5 4 3 2 2 2 1 3 3 1 0 1 4 4 5 4 3 4 1 3 2 1 3 5 1 4 1 4 5 4 3 5 1 1 2 3 1 5 5 2 5 1 2 3 4 2 5 2 3 3 1 1 5 2 1 1 1 3 5 1 4 3 1 4 5 3 4 1 3 5 4 4 3 1 3 2
2 5 3 2 4 1 2 2 5 5 4 3 1 4 1 2 5 1 2 4 1 5 3 2 5 4 1 1 4 2 3 4 1 2 3 1 1 3 3 1 1 3 2 1 3 5 2 1 3 2 5 3 4 1 4 1 1 2 2 1 3 3 1 5 3 4 5 4 1 5 3 3 3 3 1 2 1 4 4 3 3 1 1 4 5 5 4 1 5 5 3 5 4 3 2 1 5 5 2 4 4 5 1 2 1 4 1 2 3 1 2 4 3 5 3 4 4 1 5 4 5 3 5 5 1 1 5 4 5 3 5 4 1 2 1 4 5 1 2 4 4 3 3 2 1 1 4 4 3 1 4 2 1 4 5 4 5 5 5 4 3 3 5 4 4 1 4 1 2 2 5 1 5 5 2 3 4 4 2 5 3 1 5 1 1 1 3 4 1 4 2 3 1 3 1 5 2 5 2 2 2 3 3 2 4 2 4 1 3 4 4 4 4 5 4 4 2 3 5 4 4 2 4 3 5 3 4 2 4 5 5 4 2 3 4 1 1 1 3 3 5 2 2 2 4 3 5 1 4 3 1 5 2 2 2 1 5 2 5 1 3 1 4 2 5 1 5 1 2 4 1 5 5 2 2 3 3 2 4 2 1 5 2 4 5 4 4 4 3 2 3 3 1 3 3 2 3 1 4 2 2 1 2 2 5 1 5 5 1 1 5 3 1 4 4 2 3 2 1 1 5 1 2 3 1 1 1 1 5 5 2 4 5 1 3 3 1 3 2 5 1 3 4 3 2 5 2 3 2 3 3 4 3 5 4 5 5 1 2 2 1 3 4 5 4 1 5 4 4 5 5 3 3 1 5 1 2 5 4 3 3 5 2 3 4 4 2 2 4 2 5 4 1 4 2 4 1 2 2 1 2 2 4 2 3 1 4 2 3 1 1 2 5 4 1 4 3 4 2 2 4 5 3 3 3 2 3 5 1 5 2 1 3 1 5 0 5 2 2 3 1 5 3 1 4 2 1 2 5 4 5 1 2 3 2 3 1 4 5 5 5 5 3 5 1 2 1 5 5 1 2 2 1 2 5 3 5 1 4 3 2 5 5 2 4 2 2 3 2 4 3 1 5 4 4 2 4 5 2 1
2 5 5 2 2 3 1 5 2 4 2 5 3 4 1 3 1 4 4 2 2 4 1 5 4 3 4 2 1 1 4 3 5 5 5 4 3 1 2 3 1 4 2 4 3 2 5 5 3 2 5 2 4 2 4 2 5 5 2 4 2 5 3 2 2 1 4 3 5 1 5 5 3 3 3 4 3 1 1 5 3 1 5 2 5 4 3 5 4 4 2 5 1 3 2 5 3 1 2 4 1 5 1 2 2 1 2 2 5 3 2 5 4 1 1 2 5 3 4 3 1 2 2 5 3 3 2 4 5 2 4 2 4 2 5 4 5 2 5 4 2 3 2 1 4 4 4 3 2 4 1 1 1 5 3 3 5 5 2 3 2 2 3 2 1 5 5 2 4 4 1 1 1 5 3 2 4 4 3 1 4 3 3 4 4 1 5 1 4 1 1 5 4 4 4 3 4 5 1 2 1 1 1 2 5 2 3 5 1 2 4 2 1 2 2 4 4 3 4 1 1 4 1 2 5 4 2 3 2 5 3 3 5 1 4 4 5 2 3 2 2 3 2 4 1 3 5 4 5 4 3 1 2 5 4 3 3 2 5 4 3 5 1 2 1 1 3 2 1 4 2 2 5 5 3 4 5 2 4 5 3 2 5 4 2 3 1 4 5 3 2 3 2 5 4 4 1 3 2 4 1 4 5 5 4 5 3 5 1 1 1 3 5 1 2 1 4 4 1 5 5 2 3 1 1 4 3 2 4 1 3 4 5 3 4 4 4 2 1 1 5 1 4 1 4 1 2 4 3 3 1 3 1 2 4 2 3 3 2 3 1 4 4 1 2 2 3 1 1 2 1 4 4 5 5 5 3 1 1 1 1 4 4 1 1 1 2 4 2 3 2 4 1 1 1 1 2 5 5 4 4 4 3 3 4 1 2 1 3 2 4 2 5 1 1 3 5 2 4 3 3 5 5 5 2 4 5 4 1 3 3 5 4 3 1 4 0 3 2 4 2 4 4 3 1 1 5 4 5 4 5 5 2 1 1 2 2 3 5 2 4 4 5 3 1 4 1 4 5 1 1 3 1 4 5 2 2 2 2 1 4 1 4 3 4 2 2 4 4 3 4 1 3 1 3 4 5 1 3 4
5 3 3 3 2 2 5 4 1 2 2 5 3 1 1 3 1 4 3 2 1 4 4 3 5 4 1 5 4 4 2 1 3 2 1 3 4 2 2 2 4 3 2 1 3 5 3 3 2 5 3 2 4 2 2 3 3 5 1 2 4 3 4 5 2 5 5 1 2 5 3 4 5 2 5 4 4 5 4 2 5 3 1 3 3 4 2 4 3 4 1 4 1 5 2 3 1 4 4 1 1 5 2 5 4 5 2 5 3 3 1 5 5 1 2 2 5 3 3 5 4 4 4 4 5 1 3 3 3 3 2 2 5 3 5 5 4 1 4 5 5 4 4 2 5 2 1 4 4 2 2 2 3 5 4 4 5 3 1 5 5 3 2 2 1 2 4 5 3 4 3 4 4 5 3 2 2 4 4 3 5 4 1 1 4 5 3 2 2 1 4 4 2 2 2 4 2 3 4 3 2 1 1 4 1 5 1 1 5 4 1 5 4 5 2 5 4 4 2 1 5 4 5 2 3 1 5 5 1 1 3 2 2 4 5 2 5 2 3 2 1 5 2 4 3 1 4 4 3 1 4 3 1 3 3 4 4 3 2 2 3 3 3 5 5 2 2 1 5 1 3 5 4 5 5 2 4 1 3 3 5 5 1 5 3 1 4 5 3 3 5 1 1 2 5 2 5 1 2 1 2 5 4 3 2 3 4 3 2 4 1 5 1 3 4 4 3 5 2 1 2 3 4 5 3 3 4 1 3 5 1 4 1 2 1 3 2 2 3 4 1 1 3 2 3 4 4 1 5 4 4 2 1 2 5 4 2 2 1 2 3 3 1 5 4 5 4 3 3 2 3 1 4 3 4 3 3 3 3 1 3 2 4 5 5 4 1 4 2 2 1 2 5 4 1 5 4 3 4 2 3 5 4 3 2 1 5 5 5 5 3 5 1 5 4 3 1 3 5 5 2 2 4 5 3 1 5 5 1 4 5 2 3 3 4 1 5 0 1 5 3 2 4 1 1 1 5 2 1 1 2 5 3 3 2 4 2 5 1 2 3 3 3 3 5 4 3 2 1 4 5 2 1 2 4 5 4 4 1 5 2 5 1 1 3 5 2 4 4 4 3 1 5 5 4 2 1 2 2 4
4 4 1 1 4 4 4 4 4 4 3 5 1 4 1 3 2 2 3 5 2 4 1 5 4 1 4 3 3 3 4 2 1 1 3 3 1 1 3 5 3 1 2 4 3 1 5 2 5 1 5 3 3 3 3 2 2 5 2 3 4 2 4 2 5 3 2 4 5 1 2 3 2 1 3 3 5 2 2 1 2 5 3 2 4 4 2 1 4 5 5 5 3 1 4 4 3 4 5 1 5 4 1 3 2 1 1 2 4 2 4 4 2 4 3 4 5 4 5 5 4 2 1 3 1 2 2 2 2 1 4 3 4 2 1 1 1 5 4 3 2 2 1 3 1 1 2 3 1 2 4 3 4 1 4 4 3 2 3 5 2 2 4 1 4 3 5 1 1 5 5 3 3 2 1 4 2 5 2 5 3 4 2 5 3 3 4 2 3 2 4 2 1 2 3 3 3 3 1 3 5 3 2 1 2 4 1 1 5 4 1 4 4 4 5 4 4 3 4 4 5 4 3 4 1 2 2 2 1 2 4 1 1 1 3 1 2 2 2 1 4 3 4 1 5 5 3 4 2 3 3 4 1 4 5 5 2 2 1 4 3 3 3 1 5 5 3 2 4 2 4 4 2 4 1 4 4 2 4 4 4 1 4 3 3 2 2 2 4 5 2 1 3 2 3 4 3 5 5 2 2 1 3 4 2 2 4 2 5 2 3 3 1 5 5 4 1 1 3 4 4 5 3 3 2 1 2 2 5 3 5 4 2 1 3 3 2 3 5 5 2 5 5 2 2 5 4 3 2 1 1 3 5 5 2 5 5 1 1 1 3 5 3 5 1 4 5 1 5 5 2 5 4 1 3 2 2 5 2 2 3 3 2 5 4 3 4 2 4 2 2 4 4 1 1 4 4 1 3 2 2 5 4 2 4 1 4 4 2 5 1 4 3 5 2 1 4 3 1 2 3 2 5 1 3 3 3 5 3 1 3 3 1 2 2 2 1 2 0 1 5 3 5 2 2 2 2 5 5 2 2 1 2 4 1 4 5 3 4 4 2 4 1 5 5 5 1 3 4 4 4 2 1 3 2 2 4 5 3 4 4 2 2 2 1 5 1 5 1 2 5 1 5 4 5 2 1 4 4 4
4 4 4 1 1 1 1 2 5 1 3 5 3 4 2 3 4 3 4 4 2 3 3 5 1 5 3 2 4 3 2 4 5 5 5 5 1 2 4 4 5 5 4 3 4 3 5 3 4 1 2 4 3 1 4 4 1 3 3 1 4 2 4 4 1 1 3 4 2 1 3 2 1 4 1 1 2 5 3 3 3 4 5 5 1 5 2 1 3 4 4 5 1 5 3 3 5 3 5 5 1 2 3 4 5 1 4 2 5 5 1 3 3 5 4 3 2 1 1 1 4 3 2 1 4 1 2 4 5 1 4 5 4 2 5 3 1 1 5 4 4 1 4 3 1 2 4 3 1 5 3 5 4 5 4 2 1 5 3 5 5 1 2 1 1 2 2 5 5 2 1 3 3 1 4 5 2 2 1 5 5 2 3 2 5 5 2 3 3 4 3 4 2 2 4 3 4 4 5 1 5 1 3 5 3 1 2 5 5 3 4 1 1 3 3 4 1 4 4 3 3 2 4 5 5 4 5 4 2 2 5 2 3 3 2 3 5 4 2 1 3 3 4 2 3 4 1 1 5 3 2 2 5 5 1 2 1 5 2 1 2 1 4 5 5 5 4 4 4 1 2 3 1 1 5 1 1 3 1 5 3 4 4 4 3 3 5 2 5 4 2 3 5 3 2 2 2 4 5 3 5 3 4 4 1 2 3 4 4 3 2 5 2 1 5 1 5 2 1 4 3 3 2 2 5 4 4 3 2 2 4 1 2 2 5 2 4 2 4 2 2 1 4 5 3 4 4 1 1 2 4 2 4 2 3 2 5 1 4 4 1 1 2 3 4 1 5 3 5 5 3 5 4 5 3 3 3 5 4 2 1 5 2 3 1 1 5 2 4 3 1 4 4 5 5 5 2 2 4 2 1 1 2 1 4 1 5 3 1 2 4 5 4 5 4 1 4 3 1 1 3 3 5 2 1 2 4 2 2 3 2 4 5 4 4 2 3 3 4 0 3 3 1 4 3 5 1 1 1 2 3 5 5 5 2 2 1 4 1 4 5 3 5 4 1 4 4 4 5 2 1 1 1 3 5 5 1 1 2 2 5 4 4 5 1 5 4 1 4 1 5 3 1 5 3 4 4 2 5 4
1 1 1 2 1 3 5 1 4 1 2 3 4 3 1 5 3 5 4 2 1 1 3 4 4 4 5 3 5 1 3 1 1 3 2 4 1 2 1 2 5 5 1 1 1 5 3 2 4 5 5 4 4 1 1 2 4 5 5 3 4 5 3 1 4 4 2 4 3 1 1 2 3 1 3 2 4 1 5 1 2 1 3 5 2 5 2 1 2 3 5 1 3 3 2 1 5 3 5 5 5 2 3 1 5 4 3 3 5 2 3 3 2 5 3 2 2 2 5 5 2 4 1 5 5 1 4 2 3 5 5 2 1 3 3 2 4 3 5 3 1 4 4 2 3 4 5 5 2 5 4 1 1 3 4 5 2 3 2 2 3 5 4 3 5 3 3 2 4 4 3 3 2 2 5 2 3 4 4 2 5 2 5 4 1 4 5 2 2 3 2 4 5 3 4 2 3 1 2 4 1 4 5 1 3 3 1 1 4 3 2 1 2 4 3 4 1 4 5 1 1 3 3 4 5 5 4 3 1 5 2 3 5 2 5 5 5 4 2 5 3 1 4 5 5 4 2 5 3 3 4 1 4 5 3 4 5 1 3 5 3 2 4 2 1 1 4 5 1 1 2 2 4 4 5 3 1 5 1 3 5 2 5 4 5 2 3 1 5 1 1 4 2 2 1 5 2 3 4 2 1 4 2 4 5 1 2 1 5 2 2 2 3 1 1 2 5 1 2 2 4 5 1 3 3 3 4 3 2 2 4 5 3 1 2 4 5 5 4 2 4 1 5 2 1 5 1 5 2 4 4 2 4 4 4 1 2 1 4 3 1 3 2 1 3 5 4 4 2 4 1 5 1 3 4 5 4 5 5 2 5 1 2 5 4 2 2 1 2 1 1 1 5 3 5 1 1 4 3 5 2 4 3 3 1 4 2 2 3 2 4 2 2 1 3 5 5 1 5 3 3 3 4 5 5 5 4 5 2 5 1 3 5 1 3 2 4 2 1 2 0 3 5 5 1 5 2 1 3 3 5 3 5 2 4 4 5 3 3 1 2 4 1 1 2 1 5 2 5 5 1 1 1 3 4 4 1 5 4 1 5 4 5 3 2 1 3 1 2 3 3 3 3 5 2 4 5 3 3 4
2 4 2 4 4 3 2 1 4 3 3 2 1 5 5 2 3 1 2 5 4 2 2 3 1 5 2 3 1 2 4 2 5 3 4 2 1 5 3 3 3 4 4 2 5 2 2 3 2 1 3 2 5 2 2 4 4 1 4 1 4 3 1 2 2 4 5 2 4 3 1 4 3 1 2 2 4 3 3 2 1 1 3 2 4 3 5 4 2 4 5 4 2 2 1 4 5 5 3 3 2 4 3 4 4 5 3 5 1 1 4 5 4 1 3 1 1 5 2 1 5 4 5 4 5 3 4 5 3 2 3 2 4 3 3 4 1 5 1 3 1 2 1 1 2 1 2 4 1 1 3 5 3 2 5 1 2 3 5 3 5 3 1 3 5 5 4 5 3 2 1 4 4 3 4 4 3 5 2 4 2 4 1 5 5 1 3 4 5 4 1 3 4 1 4 2 4 1 4 5 1 2 5 2 4 1 1 5 5 1 1 4 2 4 1 3 5 3 3 5 1 2 5 3 2 1 5 1 3 4 4 1 4 1 4 3 2 2 5 1 5 1 4 5 4 4 1 3 3 5 3 5 4 5 1 4 1 2 2 1 3 1 3 1 1 4 4 1 5 3 1 1 3 3 4 3 4 5 5 5 2 2 3 3 3 2 1 3 4 4 1 2 5 4 5 1 3 4 3 2 4 3 1 2 5 3 2 2 5 2 5 2 1 1 1 3 5 5 1 3 4 3 2 3 3 5 3 2 2 3 5 5 3 1 2 1 3 3 1 4 1 5 2 5 4 2 3 2 1 1 3 3 1 3 3 3 3 5 5 2 5 3 2 3 5 4 1 4 3 1 4 1 1 3 1 2 2 5 3 1 1 3 2 3 3 4 2 1 5 3 5 1 1 2 5 4 2 2 2 1 5 4 2 1 5 3 4 3 2 1 4 4 4 1 3 2 4 4 5 2 4 2 5 1 2 1 1 3 3 5 2 2 4 1 1 3 5 4 1 3 1 0 2 3 4 1 1 5 2 5 4 5 2 3 5 4 3 3 3 5 4 3 3 4 2 5 3 2 1 5 5 1 3 1 5 5 4 3 2 1 3 3 2 3 1 4 3 5 1 2 2 1 2 3 1 1 5 4 2 3
5 5 4 1 3 2 2 1 4 1 2 3 4 1 1 1 3 2 4 2 1 2 3 1 3 3 1 4 3 4 1 5 5 3 5 3 3 4 1 4 4 3 1 1 3 3 1 2 1 2 1 4 1 5 2 2 5 2 2 5 3 4 4 2 5 4 2 1 2 2 2 5 3 1 3 2 2 4 4 1 3 4 4 5 5 4 4 2 5 4 1 3 4 5 2 5 2 3 2 5 2 2 2 3 1 5 5 5 5 3 2 1 1 3 2 1 2 1 1 4 1 3 4 5 2 2 2 4 3 3 1 2 4 4 1 1 4 4 1 2 4 4 4 3 3 1 1 2 1 1 2 3 4 4 5 5 4 4 3 4 2 3 5 3 5 1 5 2 5 2 2 4 3 1 4 4 3 4 3 2 3 3 5 5 2 3 4 1 4 4 1 5 1 2 3 1 3 2 4 4 3 2 3 5 5 2 5 5 5 4 2 3 2 4 5 3 3 2 4 1 3 4 2 1 1 4 1 5 2 5 5 1 1 3 3 5 3 2 5 5 4 1 3 4 2 3 5 4 4 3 3 5 5 4 3 4 5 2 4 2 1 3 2 4 4 4 5 2 2 4 3 5 3 2 3 4 3 4 4 5 5 1 3 5 2 2 3 1 4 5 1 5 4 3 2 5 5 4 3 3 4 1 1 1 5 3 4 2 1 3 3 3 2 4 1 4 1 1 1 2 1 5 1 5 4 3 3 2 5 5 5 4 3 3 4 2 1 1 1 2 2 5 3 5 4 2 3 4 5 5 4 2 2 3 1 2 3 1 1 1 4 3 5 1 1 3 4 2 1 5 4 4 5 3 5 1 5 4 2 5 1 5 5 1 2 4 2 4 1 2 1 5 3 3 4 4 4 1 3 2 4 1 4 4 4 5 4 1 4 2 5 1 1 3 2 4 2 3 2 1 1 2 2 4 5 5 2 5 5 2 3 1 4 3 5 2 3 4 2 2 4 5 0 1 3 1 2 2 4 3 5 1 2 4 3 2 1 4 2 1 4 4 3 3 3 4 5 3 1 4 5 4 2 1 2 1 5 1 3 3 2 5 4 3 3 1 3 2 1 2 4 1 4 2 2 1 4 3 1 3
2 2 2 2 2 1 2 4 1 5 5 2 2 3 5 1 4 2 5 2 5 3 1 1 5 5 1 1 5 2 5 1 5 3 5 5 1 2 2 1 5 3 2 1 4 1 1 5 1 1 3 2 4 2 2 3 2 3 3 4 1 5 4 2 1 2 3 2 1 5 3 2 4 3 2 2 3 2 2 3 2 2 1 2 3 5 4 2 2 3 4 1 5 2 3 4 4 2 2 1 2 1 3 3 1 5 4 3 1 4 3 5 4 5 3 1 2 2 2 1 3 4 3 4 2 4 5 5 5 3 4 2 3 5 4 4 5 1 1 4 4 3 5 2 3 5 4 5 3 2 1 4 5 2 5 1 3 5 5 5 2 4 5 4 4 5 5 2 2 4 3 1 5 2 4 1 1 4 3 5 1 4 1 1 1 5 3 4 4 2 3 1 1 3 3 4 4 5 1 5 1 5 5 4 1 5 5 3 2 2 1 5 1 2 2 1 1 3 4 2 1 5 2 2 2 1 2 4 5 2 4 3 4 2 2 2 2 5 3 1 1 3 3 5 2 2 4 3 2 2 5 3 4 5 4 4 2 1 1 4 3 1 1 5 4 1 2 4 4 4 4 1 2 1 2 4 4 4 1 3 2 3 4 1 5 2 2 2 5 1 4 2 4 5 5 5 1 2 3 2 4 4 1 4 2 2 5 1 3 4 4 5 2 5 2 1 3 2 2 4 2 5 2 5 1 2 5 1 1 5 1 4 5 2 2 1 3 2 1 1 1 5 4 4 3 5 2 2 1 3 3 2 4 5 2 1 5 1 4 1 4 3 2 2 4 1 2 3 1 3 2 4 4 1 3 3 4 4 4 2 1 4 5 5 4 5 4 5 2 2 2 2 3 5 1 2 2 2 4 5 1 2 1 5 2 2 3 2 2 2 5 5 4 1 3 5 4 4 1 1 2 5 4 4 3 4 2 2 5 2 2 5 5 2 3 3 2 5 1 4 5 3 2 0 3 5 2 2 5 3 4 3 5 2 3 3 1 4 5 2 4 4 3 3 3 1 2 3 4 1 4 3 3 1 5 4 4 1 5 2 3 5 4 2 4 4 2 4 4 1 1 4 5 2 3 4 5 1 4 5
3 5 3 1 4 5 4 3 5 1 5 3 5 5 5 4 3 5 3 1 3 1 1 1 2 2 3 2 4 1 1 4 1 4 1 5 2 3 2 1 2 5 4 4 4 1 3 4 2 1 2 3 3 4 5 4 4 4 1 1 2 3 3 5 4 1 3 1 3 4 1 5 4 4 1 1 3 3 4 5 3 1 2 1 5 4 2 3 4 5 5 1 1 2 4 1 4 3 5 2 3 2 4 5 3 1 1 4 1 4 1 2 4 5 3 2 2 1 4 4 3 1 4 5 1 1 2 2 1 3 4 2 1 3 4 1 4 3 1 2 2 4 1 4 2 4 3 3 5 1 4 2 3 4 3 1 3 3 2 5 4 3 5 2 5 1 2 2 3 3 1 2 2 5 1 1 1 3 2 4 1 2 2 1 3 3 3 1 2 5 5 3 5 5 4 3 4 3 2 1 3 2 2 1 1 3 3 2 4 4 1 1 1 4 3 3 5 1 1 5 3 2 5 1 4 4 5 2 2 1 4 1 5 1 1 4 1 4 3 2 5 2 4 3 2 1 2 1 4 5 5 5 1 4 5 1 3 3 5 3 1 4 1 3 5 1 3 4 1 3 5 5 2 5 3 2 5 5 4 2 4 5 3 2 4 2 1 3 1 1 2 3 3 3 4 1 2 4 3 5 2 3 1 3 4 3 4 1 5 2 3 1 4 4 3 3 4 4 1 3 5 2 1 1 2 5 5 3 4 4 2 5 1 3 1 1 1 5 1 5 1 3 2 5 1 2 2 1 5 4 3 1 4 5 2 1 5 5 1 4 5 4 3 4 1 2 2 4 5 1 4 2 2 5 2 1 3 3 4 1 4 3 1 2 5 2 1 4 3 3 4 2 2 4 3 5 2 2 2 2 2 5 3 3 5 3 3 4 4 5 3 5 4 1 3 3 2 3 4 1 5 2 2 5 2 1 4 1 1 4 5 3 3 4 1 1 3 2 2 5 1 5 3 1 0 4 4 1 4 2 3 5 2 1 3 4 2 2 3 1 5 4 3 4 2 4 1 1 3 3 3 4 2 5 5 4 2 1 4 3 4 1 5 3 4 1 1 5 3 1 3 2 3 3 4 4 5 2 4 2
3 4 2 4 2 5 1 3 5 2 1 2 2 1 2 5 1 1 4 5 5 3 5 2 3 5 2 3 5 1 2 2 2 4 3 4 1 2 1 1 5 5 2 1 1 5 2 4 5 5 3 3 3 1 4 1 1 3 5 3 4 3 1 5 2 4 4 5 5 5 3 2 2 1 2 3 2 5 1 3 1 5 2 2 4 4 5 3 2 5 3 2 3 5 2 3 5 5 1 3 5 2 1 1 4 2 1 4 1 4 1 4 5 1 4 3 4 1 4 5 2 5 1 5 1 3 1 4 2 4 3 4 4 5 4 5 2 5 2 5 5 2 2 5 2 3 5 2 2 5 3 1 3 5 1 2 4 5 2 2 3 5 5 3 5 5 2 5 2 5 2 1 4 5 5 1 1 1 5 1 2 4 4 5 4 5 4 1 2 5 4 4 3 1 5 2 2 2 1 3 5 5 1 4 3 5 3 2 2 1 3 2 5 1 3 1 4 5 4 1 5 5 5 1 5 5 2 2 3 2 2 3 4 5 5 1 5 5 4 4 5 2 1 5 1 4 2 2 1 1 3 5 5 2 2 5 4 4 2 4 5 5 2 5 1 5 1 2 1 3 2 1 2 4 5 1 3 4 1 4 5 5 4 3 4 2 3 1 2 3 1 1 5 5 3 5 4 3 2 1 1 4 1 3 1 5 1 2 2 2 4 4 5 5 5 1 5 2 2 2 4 4 3 1 2 5 1 2 4 3 4 1 2 5 1 3 3 4 3 2 2 4 3 2 5 1 2 3 1 5 2 5 5 4 1 1 1 5 1 5 2 2 1 1 2 3 4 1 3 3 2 2 2 3 1 2 4 1 3 5 4 2 5 5 1 2 5 1 4 3 2 1 1 1 4 4 3 2 4 4 2 2 4 4 1 4 4 4 2 4 2 5 4 5 5 3 3 4 4 3 2 1 2 4 2 1 5 4 2 5 4 5 4 5 1 4 1 1 5 3 3 4 5 5 2 0 4 1 1 5 4 1 1 1 4 4 2 5 4 4 1 4 4 5 4 2 1 4 5 5 4 1 4 2 2 2 1 5 1 2 2 1 5 4 3 1 2 1 3 2 1 1 1 2 2 4 5 1 4 4
1 5 4 4 2 3 4 2 4 5 3 1 5 3 5 5 3 2 4 3 4 2 5 2 5 5 1 4 1 3 5 4 2 1 1 4 5 1 3 3 1 3 1 4 2 1 3 4 5 1 4 2 5 5 3 1 5 2 2 2 4 5 4 1 1 3 4 2 5 4 1 5 5 3 5 1 1 2 5 5 3 1 5 4 5 4 1 3 1 2 3 1 5 3 4 4 3 4 3 3 5 1 4 4 4 1 2 1 4 2 1 5 5 4 2 3 5 2 5 3 3 5 5 2 3 3 2 5 1 3 3 1 2 1 4 3 5 2 1 3 2 1 5 2 4 2 5 3 5 4 3 1 4 4 4 5 4 1 2 1 3 1 1 1 5 2 5 1 4 2 2 4 4 1 5 4 3 2 2 1 1 3 3 1 5 4 1 1 4 1 2 1 1 3 1 4 4 3 3 3 5 5 1 2 1 4 3 3 5 2 2 4 3 2 2 1 5 4 4 3 5 2 1 1 2 2 1 1 4 1 5 3 5 1 5 5 5 5 2 1 1 5 5 5 2 2 5 5 4 3 3 3 3 2 2 1 2 1 2 3 2 1 3 4 2 1 4 1 5 1 5 1 2 5 4 1 3 3 1 2 2 2 4 4 3 5 5 1 1 5 5 5 5 2 4 1 5 2 5 4 5 4 1 1 2 2 3 5 4 4 5 4 5 1 4 4 2 5 4 3 1 5 2 4 2 5 3 3 5 4 3 4 4 3 3 3 3 2 4 4 3 3 4 5 2 4 1 4 2 2 5 1 1 5 4 5 2 1 5 3 5 3 5 1 5 1 1 3 4 3 3 4 4 1 2 3 5 2 1 5 3 5 2 1 5 3 1 1 4 1 1 4 5 3 5 5 5 5 2 1 3 3 1 1 1 4 1 4 5 2 1 3 2 4 4 4 4 4 4 1 4 2 2 1 5 5 3 5 3 5 5 4 3 3 2 3 5 3 2 1 1 1 1 5 4 2 0 2 3 5 2 5 3 3 1 1 1 2 4 5 1 2 1 2 2 5 3 4 5 1 4 4 3 4 3 5 4 1 1 5 3 2 3 5 3 5 4 5 2 2 5 2 4 5 1 3 5 4 2 4
3 2 1 1 1 2 4 2 2 4 4 1 3 5 1 5 4 4 5 3 3 4 4 3 3 4 3 3 3 4 5 1 1 2 4 5 3 4 2 1 4 3 1 3 4 5 3 3 2 4 3 5 5 5 3 4 4 1 4 2 3 3 4 4 3 2 4 1 4 1 3 5 3 3 1 2 2 3 1 2 3 5 4 4 1 5 2 4 5 2 3 2 3 1 4 1 5 5 1 1 3 4 1 1 4 4 4 3 1 4 1 5 4 1 4 4 5 2 1 3 3 2 2 3 1 4 1 1 5 2 3 2 5 5 5 1 2 1 2 1 2 3 4 1 4 5 3 5 2 1 4 1 4 4 5 3 5 2 5 4 2 4 5 4 3 3 1 4 2 2 5 1 3 4 5 4 2 3 2 1 4 3 5 2 4 5 5 1 1 3 2 2 5 4 3 3 5 4 3 3 4 1 4 3 3 5 4 5 5 4 5 1 5 5 5 4 2 1 5 4 3 4 5 5 2 5 5 2 5 3 1 3 1 1 1 5 5 1 5 2 5 5 1 4 1 1 4 5 5 1 5 3 1 2 5 2 2 3 3 3 5 2 4 5 5 2 3 4 3 4 4 4 2 4 2 4 3 5 3 3 5 5 5 3 3 4 4 3 4 4 2 4 5 4 5 3 5 5 4 2 4 3 1 5 1 4 5 3 3 4 5 5 2 1 2 4 2 1 1 4 5 4 4 2 5 3 3 3 4 3 2 5 4 2 1 1 1 3 5 5 3 5 3 2 2 2 4 3 1 2 2 4 3 5 5 3 5 4 2 2 5 5 1 5 5 1 4 4 4 5 5 2 2 3 1 4 5 4 2 2 2 3 3 2 1 1 4 2 3 1 1 4 3 4 4 2 5 2 5 4 2 2 4 1 4 5 1 2 2 1 5 3 3 4 2 3 5 3 3 1 5 5 3 1 1 4 5 3 2 1 2 3 4 5 2 2 1 3 3 5 2 3 2 1 2 4 3 0 2 2 4 1 5 2 2 4 5 2 4 1 2 4 2 1 3 5 4 3 5 4 4 1 4 4 2 3 1 5 2 1 3 4 3 2 2 5 1 3 3 2 2 4 2 1 1 4 1 1 5 2
4 4 4 2 1 5 5 5 4 5 1 2 1 3 4 5 1 4 1 4 5 1 3 2 4 1 2 5 3 2 4 1 3 4 4 2 5 2 4 1 1 3 1 4 5 3 5 1 4 2 5 2 5 4 2 3 1 2 5 3 4 1 5 1 5 1 2 3 5 2 4 5 2 1 1 3 2 1 3 5 1 5 2 5 2 3 2 4 1 3 5 1 4 2 1 4 5 4 5 2 2 1 2 2 2 5 4 3 1 5 3 3 1 1 1 3 5 4 1 1 2 1 5 3 2 2 2 5 2 1 4 1 3 5 1 5 2 4 1 5 4 2 2 1 4 3 2 3 1 1 2 4 1 1 1 3 1 5 1 5 4 3 1 4 3 5 2 3 1 4 5 2 5 1 2 1 3 5 4 2 3 2 3 4 3 4 5 1 1 3 1 5 1 1 1 2 4 1 1 4 5 4 3 4 1 3 2 2 2 2 3 1 2 2 4 2 1 1 5 1 2 1 3 4 4 1 3 4 3 5 1 2 3 5 1 1 4 5 4 3 5 3 1 3 2 5 4 2 1 5 3 3 1 1 2 1 3 2 2 2 4 2 3 1 1 2 3 4 3 3 3 2 5 4 1 5 1 1 2 4 2 2 3 2 2 5 4 4 3 5 5 4 3 1 3 5 1 3 4 2 1 4 3 5 2 4 4 1 3 3 2 4 3 2 4 3 4 3 2 4 5 1 4 5 2 2 3 2 2 5 2 2 3 5 5 1 4 5 1 4 1 2 3 3 1 4 3 5 5 4 3 1 5 4 1 5 1 2 2 1 5 2 5 1 2 2 3 1 2 4 2 5 4 5 2 5 5 2 3 4 3 1 2 4 5 1 4 5 2 4 3 4 1 4 2 2 1 3 1 2 2 5 4 3 3 5 1 2 5 4 2 2 5 4 3 3 4 3 3 2 5 1 1 5 3 2 5 1 1 5 5 5 1 1 1 3 5 1 5 1 2 3 3 5 3 2 3 2 0 2 2 1 3 2 4 5 4 5 4 5 1 1 1 3 5 3 1 2 4 4 1 3 4 2 1 4 2 3 5 4 4 3 4 4 3 4 3 1 3 3 5 1 5 5 5 4 3 1 4 3
4 3 4 2 4 3 3 2 1 1 1 1 5 4 3 2 3 1 3 3 3 5 4 4 5 1 2 3 4 3 2 4 5 4 2 2 3 2 5 2 4 2 2 1 5 5 1 2 5 4 1 2 1 4 3 5 5 2 4 3 1 3 3 3 2 4 4 5 4 1 3 5 2 4 2 2 4 3 1 4 4 2 1 5 4 2 5 5 5 3 2 4 5 1 1 4 2 2 4 4 3 3 4 4 3 1 3 4 2 5 4 3 4 1 2 2 3 3 4 4 3 5 5 2 5 1 2 2 2 4 5 1 1 4 2 1 3 4 1 2 3 4 2 1 1 4 2 1 5 3 3 1 4 4 4 4 2 3 5 3 1 2 2 1 2 1 3 3 4 1 1 4 5 4 1 4 4 3 2 5 1 2 4 2 3 3 3 4 4 3 5 1 2 3 3 1 5 3 3 3 3 2 3 2 2 3 1 4 2 2 1 2 5 2 1 5 5 5 2 4 5 2 3 3 3 3 2 1 4 5 2 2 3 4 1 5 3 3 3 1 4 4 5 1 1 3 4 1 3 1 5 3 4 5 3 2 5 5 4 4 3 3 5 3 5 1 2 3 5 5 3 1 2 3 5 2 3 2 1 4 5 4 3 4 5 1 1 2 5 2 4 4 4 1 2 1 3 1 4 5 3 2 2 1 5 3 4 2 2 4 3 5 2 2 3 1 3 3 1 5 3 2 4 4 2 2 1 1 4 1 2 2 3 3 4 3 2 1 4 2 2 4 2 4 1 4 3 5 4 4 2 2 5 4 5 4 5 5 1 2 3 2 1 1 3 1 3 3 3 5 4 1 5 4 4 5 1 2 5 2 5 1 1 3 1 3 1 2 2 3 4 1 5 4 4 5 3 3 2 3 2 5 2 1 5 3 2 1 5 5 4 1 2 2 3 4 4 5 3 1 5 4 3 4 4 1 5 5 2 3 5 2 1 1 3 2 3 4 2 4 1 3 2 3 2 2 1 2 2 0 2 1 1 2 3 4 4 2 1 5 2 3 5 5 2 5 3 3 1 1 4 2 1 3 4 3 3 3 4 5 2 4 2 5 3 3 1 2 1 4 3 4 5 5 4 2 2 2 2 4
4 1 2 3 4 2 1 2 2 1 4 2 1 4 4 5 1 2 1 4 1 2 4 5 1 4 3 1 3 1 5 5 5 4 1 4 5 4 2 5 3 1 3 3 5 4 5 4 4 2 3 2 1 4 4 2 2 5 1 4 4 1 4 5 3 3 4 3 3 4 1 5 3 2 1 2 3 4 4 5 3 5 2 1 2 5 3 1 1 3 5 2 5 1 1 3 2 2 1 3 5 4 4 3 1 5 2 2 1 5 2 4 2 2 3 3 5 4 1 4 3 2 1 5 1 2 1 2 3 5 5 3 2 1 4 3 5 2 4 4 5 1 5 5 2 2 4 2 5 3 4 1 2 3 1 4 1 3 1 5 3 3 5 1 3 4 4 3 5 1 1 2 2 4 2 4 3 4 3 1 1 4 1 5 2 3 1 2 1 3 5 3 2 2 1 4 4 5 5 3 3 2 4 2 2 1 4 4 1 2 5 4 4 1 4 3 3 3 1 2 1 2 4 4 3 3 3 5 2 3 1 3 3 3 3 2 1 2 2 5 2 3 2 4 2 3 4 4 1 5 2 1 2 4 2 4 4 5 4 5 4 2 3 1 4 4 4 3 4 5 5 2 4 2 4 2 1 4 2 3 5 5 3 4 2 2 2 1 1 3 2 1 3 4 3 5 4 4 3 5 3 1 2 1 2 3 4 5 5 4 2 5 1 3 4 4 3 4 3 5 2 1 2 5 2 3 1 2 1 2 2 4 4 3 2 2 4 4 5 4 5 2 3 5 1 5 3 4 1 4 5 4 3 4 5 2 3 3 2 2 4 1 2 5 1 3 4 4 4 4 3 2 1 3 2 4 2 3 1 1 3 1 4 5 5 4 3 2 4 2 1 2 5 2 3 4 2 2 3 2 2 2 1 5 2 4 3 1 3 4 3 2 2 4 1 4 2 1 5 4 2 5 1 5 5 5 1 5 5 5 1 4 1 4 4 2 2 3 4 5 3 4 3 2 3 5 3 5 2 4 0 2 3 4 5 2 3 1 1 4 4 4 3 2 2 5 2 5 4 3 2 4 3 4 1 5 3 5 1 1 4 4 3 4 4 3 1 1 1 1 1 4 4 2 3 2 2 5 5 2
2 4 1 3 2 4 2 4 1 5 2 1 5 2 4 5 1 1 5 4 4 3 1 1 3 4 2 4 3 2 2 4 1 3 4 5 5 4 5 3 5 4 4 1 4 2 5 4 5 3 2 1 5 1 3 4 3 1 5 4 3 1 1 1 4 3 1 2 5 3 2 2 5 4 3 4 4 4 3 5 2 2 5 5 1 2 4 3 5 1 5 5 4 4 2 4 5 1 4 1 2 4 4 1 3 2 3 3 1 2 3 3 4 2 4 2 1 4 4 5 1 5 2 2 3 1 5 5 3 5 1 5 1 2 4 3 2 1 4 1 2 2 2 4 1 4 2 2 3 1 2 4 4 4 5 5 5 4 1 5 5 1 5 4 2 4 3 1 4 5 4 2 4 4 4 2 5 2 4 2 4 4 5 2 2 5 1 4 1 2 3 2 1 1 4 2 2 2 3 2 4 5 3 2 5 2 1 4 3 5 5 4 4 5 2 1 4 5 1 2 3 2 1 4 2 3 3 2 2 1 5 3 5 2 5 2 3 4 1 2 3 3 2 1 4 5 4 2 4 3 4 2 3 4 4 2 5 5 5 5 3 2 4 1 3 2 4 5 2 1 3 1 3 2 3 3 5 1 4 4 2 1 2 1 2 3 2 2 5 2 3 2 4 4 2 5 2 5 1 1 1 5 1 2 4 2 1 5 5 4 5 2 5 4 2 4 5 3 2 5 2 5 2 3 4 5 1 1 4 4 5 2 2 2 3 1 2 1 2 2 1 3 5 4 2 2 5 3 5 5 1 4 2 5 5 4 1 3 2 2 4 4 2 4 3 2 5 1 2 2 4 4 1 1 5 3 4 4 3 3 1 3 5 3 2 1 3 4 4 3 3 5 1 3 5 5 3 4 3 3 1 4 2 4 3 4 1 5 1 4 2 1 1 2 4 1 2 4 4 2 5 5 1 3 3 2 5 1 1 5 2 2 1 4 3 2 5 2 4 3 2 1 1 2 5 3 3 5 3 4 4 0 2 4 3 3 2 3 1 1 2 5 3 4 1 4 1 4 5 3 2 2 1 1 5 5 4 3 3 4 1 1 5 4 1 3 2 5 4 4 4 4 3 4 2 1 3 4 5 2
4 4 4 2 3 5 5 3 3 5 4 4 3 3 4 5 3 3 4 4 3 5 1 4 4 5 4 3 1 2 3 1 1 3 2 4 5 1 4 1 5 2 2 1 5 4 2 1 1 3 4 3 1 3 4 2 2 4 3 2 1 3 3 1 1 4 1 4 2 3 5 5 2 2 5 2 3 1 2 1 2 2 4 5 3 5 5 4 4 1 3 2 3 1 4 5 1 4 5 2 3 4 2 4 4 3 1 4 3 2 4 1 3 4 3 4 2 3 5 2 1 5 1 3 1 2 5 2 3 5 3 3 1 4 4 3 1 3 3 1 5 1 3 1 3 2 1 1 5 5 4 1 2 3 1 5 1 4 5 3 5 4 2 4 2 5 2 4 2 4 4 3 1 2 4 3 5 5 1 2 1 3 2 4 3 3 3 4 1 3 3 2 5 1 3 5 4 1 4 2 2 2 2 3 3 2 2 2 2 4 3 4 1 5 5 5 2 2 5 1 4 3 4 2 4 4 2 1 1 5 5 1 3 3 2 1 2 4 2 4 5 4 4 5 5 5 3 3 2 2 2 1 4 5 3 2 3 2 1 5 5 3 4 3 1 4 5 5 3 1 2 2 3 1 1 3 3 2 3 4 2 5 2 1 5 5 1 1 1 4 5 1 3 2 2 2 2 3 4 4 5 5 1 5 4 4 4 2 2 4 5 5 4 5 2 3 5 2 3 3 4 4 2 2 5 4 4 1 4 5 3 4 1 1 1 2 1 5 3 4 5 3 2 1 4 3 1 2 2 4 2 3 3 4 2 5 1 5 4 1 5 5 5 3 2 3 1 1 2 2 5 1 4 1 3 4 4 2 3 4 4 5 3 1 2 1 2 4 1 4 5 2 1 5 5 4 5 5 5 3 2 5 4 4 3 5 1 3 1 2 5 3 1 3 1 4 4 4 3 3 1 3 4 5 4 3 5 5 1 3 1 1 1 2 3 4 4 3 4 3 3 4 5 5 2 2 2 2 4 3 1 2 0 3 1 1 3 2 5 1 1 5 4 4 4 2 1 1 1 2 3 5 3 4 4 1 4 3 5 4 1 1 2 4 3 3 3 5 2 3 4 3 1 4 2 3 2 4 4 1
2 5 2 4 2 2 2 2 1 3 2 3 2 5 5 2 2 1 5 4 5 3 1 5 4 3 5 3 5 3 1 1 2 3 2 2 5 2 1 3 5 3 1 3 4 3 4 5 1 5 4 1 1 2 1 4 5 2 1 4 2 4 5 5 3 5 4 2 1 5 1 5 4 1 4 2 1 5 1 4 1 4 4 5 2 1 2 5 3 3 4 4 2 3 3 4 3 1 1 5 3 5 3 2 3 1 3 1 1 5 1 4 1 1 1 1 1 4 5 2 5 1 4 5 3 1 5 5 3 3 5 5 5 2 2 4 3 2 4 1 4 1 5 2 1 2 3 4 5 2 4 3 3 3 4 4 1 4 1 3 2 5 5 3 2 2 3 5 4 4 4 2 5 1 4 1 3 4 3 2 3 4 2 4 3 5 3 4 4 5 5 1 1 5 2 5 1 4 1 1 3 3 4 3 4 5 5 4 5 2 3 1 1 3 3 5 5 1 1 1 2 2 5 4 5 3 5 5 2 5 2 1 5 2 4 4 4 2 3 3 1 4 4 3 3 1 5 5 5 4 2 5 4 1 3 3 5 5 2 5 4 5 3 1 2 4 5 3 1 2 3 2 5 3 3 5 1 3 4 2 3 3 4 4 4 3 4 1 3 3 1 2 2 4 2 1 5 4 5 2 1 4 3 1 1 2 1 1 5 3 2 4 3 1 4 1 5 4 4 5 4 5 4 5 4 2 2 2 1 2 3 3 1 2 4 2 4 2 1 4 3 2 4 3 5 5 5 5 5 5 2 2 3 1 5 5 5 4 1 5 5 4 4 1 2 4 1 1 2 2 3 1 3 2 5 1 3 3 1 3 1 1 1 4 4 4 2 1 5 2 1 4 5 5 3 3 3 2 4 5 2 2 1 4 5 1 5 4 5 2 3 3 5 1 4 2 4 1 1 5 5 5 1 1 3 1 4 2 3 1 2 3 3 3 4 3 4 1 2 3 5 3 5 4 5 3 5 4 5 4 1 3 4 0 2 2 4 3 3 3 2 3 5 1 5 3 5 5 2 3 5 2 1 2 1 5 5 1 4 3 5 3 1 2 3 4 2 3 3 1 3 2 4 3 3 1 1 3 2 5
2 2 2 1 2 3 2 4 4 3 4 4 1 2 4 4 2 4 1 4 4 1 1 4 1 5 4 2 1 2 4 3 4 2 2 2 4 1 4 2 1 2 3 1 1 1 3 5 3 2 3 2 2 5 4 2 1 5 5 2 1 4 5 2 1 4 2 2 1 2 5 2 1 3 5 1 2 4 5 4 3 5 2 2 1 2 1 5 1 1 2 5 1 4 2 1 4 5 5 5 3 1 3 3 5 5 4 5 1 5 1 2 3 5 3 4 1 5 1 4 5 4 2 3 3 4 2 2 1 5 4 1 1 3 5 3 1 2 1 5 2 3 3 3 3 3 5 4 3 5 3 3 4 2 4 2 2 4 4 1 2 2 5 4 4 1 3 5 5 2 2 1 3 4 4 2 2 3 1 1 3 2 5 1 2 1 2 2 3 1 5 2 2 1 1 5 2 3 3 3 1 1 3 1 5 5 3 2 1 1 4 5 3 3 3 1 4 5 5 3 2 2 2 1 1 2 4 1 4 2 1 2 4 4 2 2 2 3 2 5 3 4 1 2 5 1 2 5 2 5 5 5 3 1 1 3 2 4 2 3 3 3 1 2 3 2 5 5 4 1 3 1 5 1 4 1 4 3 4 4 4 1 2 1 5 3 5 2 3 5 1 2 2 4 1 2 1 5 5 4 2 3 1 4 4 3 4 1 2 4 4 4 3 4 4 3 3 2 4 1 4 1 2 3 2 5 2 4 1 4 2 5 5 2 1 4 2 1 4 4 2 5 2 4 4 1 3 2 2 3 1 2 2 1 1 3 2 4 2 4 3 5 4 2 3 3 3 4 4 1 2 1 3 5 3 3 4 5 2 4 1 5 3 2 1 2 1 3 4 2 4 4 4 4 5 1 1 2 4 2 2 1 3 5 3 4 3 4 2 2 1 3 5 2 2 4 4 2 4 2 1 1 4 3 1 5 4 1 4 4 3 1 2 3 5 4 2 4 1 2 2 1 4 5 1 3 5 1 1 5 3 4 3 3 0 1 5 2 2 1 1 4 2 3 3 2 5 1 2 5 4 4 1 2 4 5 5 2 4 2 2 5 1 2 2 1 2 5 1 3 5 1 5 5 5 3 4 3 4 1
1 1 2 1 4 1 2 4 5 1 2 5 3 2 4 5 5 2 2 1 3 1 2 2 3 5 3 4 2 1 5 3 5 2 5 3 1 4 4 3 5 3 1 4 1 5 3 4 3 3 5 1 2 1 1 3 1 1 3 3 4 5 4 5 5 5 4 3 3 4 2 5 2 1 1 1 2 4 5 1 3 3 1 1 2 5 4 3 3 3 3 5 3 3 5 2 5 2 5 3 2 5 4 1 3 4 2 1 5 5 2 1 3 3 4 4 5 5 3 5 1 4 1 3 1 1 3 2 1 1 5 2 5 3 4 4 3 2 2 1 1 2 5 1 5 2 4 2 1 5 1 2 4 2 2 1 3 3 4 3 2 3 5 4 4 1 3 4 5 4 2 2 2 5 4 1 3 1 2 2 1 3 4 3 1 2 5 4 4 3 3 2 3 3 3 3 5 3 4 2 5 4 3 3 3 3 5 3 3 3 1 5 5 4 5 1 3 4 2 5 1 1 1 1 4 5 4 3 2 4 2 3 1 4 5 2 5 2 5 4 5 3 5 3 2 2 1 2 1 3 3 5 4 2 5 1 5 1 5 3 4 3 2 3 5 1 4 3 4 1 1 2 3 1 3 2 2 1 3 1 4 4 3 3 3 5 4 2 5 5 5 4 5 5 4 1 2 5 1 2 4 1 2 4 4 3 3 4 1 4 1 5 4 1 1 3 4 1 4 3 3 3 2 5 2 3 2 1 5 1 5 3 1 2 1 1 2 1 4 2 5 4 4 2 5 1 1 4 2 3 3 1 1 3 4 1 2 1 1 1 2 2 4 3 1 5 3 3 4 1 3 3 5 5 1 4 4 4 2 2 2 5 1 2 2 2 1 3 2 1 2 4 5 5 1 3 5 4 4 5 1 2 4 5 3 5 3 5 2 3 3 3 5 2 5 3 5 1 3 4 4 5 3 1 4 1 1 1 3 1 1 4 2 1 1 5 4 5 3 1 4 2 1 4 3 3 4 1 5 3 3 1 3 5 1 0 3 4 2 5 4 2 3 2 1 2 2 5 1 2 1 1 3 1 3 3 4 2 5 2 1 1 5 3 4 2 4 3 2 3 3 1 2 3 2 1 4 5 2 2
1 2 4 4 2 3 4 1 1 2 5 1 3 5 1 5 1 1 3 5 2 4 3 5 4 1 2 1 4 1 3 4 2 3 5 2 3 5 5 2 1 5 2 3 5 2 4 4 4 4 1 2 3 2 2 2 2 4 1 2 3 3 3 2 2 1 4 4 1 2 5 5 3 3 3 2 5 2 2 5 4 1 4 2 4 1 2 2 5 4 3 4 2 2 2 1 4 5 4 4 3 1 4 4 3 5 3 5 4 1 4 1 2 2 1 3 2 5 1 2 3 2 3 2 4 2 5 1 3 5 3 5 2 1 3 4 2 4 3 1 1 1 1 4 5 3 5 5 2 1 3 5 2 4 3 4 1 1 4 3 2 2 5 3 3 4 5 2 3 1 4 3 3 1 1 2 2 4 1 5 1 1 3 1 3 3 4 3 2 5 5 5 1 1 5 1 2 4 2 5 4 4 5 4 1 3 5 2 2 4 2 2 1 5 2 1 2 3 1 1 4 1 1 3 5 3 2 3 1 3 5 2 2 4 5 3 2 3 2 5 5 1 2 5 3 2 4 1 3 4 5 4 2 1 5 1 4 3 5 2 1 2 5 1 5 3 4 1 5 4 4 1 3 1 5 2 2 5 1 3 4 3 4 3 2 3 4 5 3 3 5 5 1 5 2 5 1 4 4 3 5 3 5 5 1 5 3 2 4 4 5 5 1 2 4 4 1 4 3 1 2 5 2 4 2 4 2 4 1 1 2 5 5 4 4 3 1 2 2 1 5 5 2 2 4 2 4 3 5 5 5 4 4 1 4 3 1 3 4 2 4 3 2 4 1 1 1 4 4 2 5 4 5 3 5 2 1 4 5 4 1 2 2 5 5 2 5 2 4 1 4 4 4 4 1 1 3 2 3 5 1 5 1 1 5 2 4 3 2 2 5 4 3 2 1 3 1 5 5 5 5 3 5 1 3 5 3 1 2 4 2 2 3 5 2 1 4 5 2 5 2 2 1 3 1 4 2 4 2 2 5 1 2 5 4 3 0 4 3 1 1 1 2 5 4 4 1 3 4 5 5 3 1 3 4 1 3 5 4 4 1 4 5 5 3 4 4 4 1 2 1 4 2 3 4 4 4 3 4 2
4 1 3 1 4 5 2 1 1 4 1 4 4 2 4 5 2 4 3 5 1 2 4 4 5 2 1 2 3 4 4 2 5 4 3 3 1 2 3 5 5 1 1 2 3 3 1 3 1 4 4 1 3 2 2 4 4 3 3 3 2 1 2 1 5 5 3 3 3 1 4 3 1 1 3 1 3 2 5 2 2 5 4 4 5 1 3 4 2 5 2 2 2 2 2 4 1 1 2 1 1 1 1 1 5 4 4 2 1 2 4 3 3 4 2 1 5 4 4 1 5 2 1 5 1 4 2 3 4 4 1 5 5 5 2 4 5 4 3 4 3 1 5 1 3 3 1 5 5 2 3 5 5 1 4 1 3 5 3 5 3 1 1 3 3 5 4 3 4 5 5 3 2 1 3 5 3 4 5 3 2 4 2 5 2 4 3 1 1 2 2 3 2 5 1 3 5 5 4 1 1 1 2 3 2 3 4 5 3 4 1 1 2 5 4 1 4 3 1 1 1 4 5 5 1 2 4 2 2 3 4 3 4 1 2 1 1 5 1 3 4 3 1 2 1 2 3 5 3 4 3 1 5 1 1 2 4 3 4 1 3 2 1 3 5 1 2 2 2 4 5 5 2 2 1 4 3 4 3 5 2 4 1 2 3 2 2 1 5 2 5 5 5 3 1 3 2 2 3 2 2 1 4 4 2 1 1 1 3 1 5 3 4 5 5 3 2 5 1 4 3 4 3 5 1 1 1 3 2 4 1 1 3 3 3 1 4 4 1 4 2 4 5 4 4 5 3 3 1 2 1 4 5 4 1 5 5 4 2 2 2 1 2 5 4 1 1 1 3 1 5 1 4 1 2 1 2 5 2 1 1 1 2 1 5 2 5 2 5 2 1 5 4 3 3 2 1 2 5 2 5 2 4 3 2 5 2 4 3 3 2 1 3 1 3 4 4 1 3 4 4 2 4 1 2 1 1 4 1 2 2 4 3 4 4 5 5 3 1 4 2 2 5 4 1 5 2 5 4 4 3 1 2 2 1 3 2 0 1 3 3 5 1 4 1 5 2 4 4 3 3 5 3 5 4 2 1 3 5 4 3 2 4 5 2 4 2 2 4 4 4 4 5 3 5 1 5 4 5 3
3 4 2 2 2 3 1 1 5 3 1 3 3 5 1 5 3 2 2 5 1 4 2 1 5 1 1 5 5 4 5 2 1 3 3 2 1 5 5 4 3 1 4 2 5 3 5 1 3 5 3 4 5 2 2 5 4 2 4 5 3 4 5 2 1 1 2 2 4 2 2 5 4 3 1 2 1 4 1 4 1 1 3 2 2 4 5 4 5 5 5 1 3 1 1 1 2 1 4 2 5 5 2 2 1 4 2 3 3 4 2 1 4 3 2 2 1 1 2 5 4 1 5 3 5 3 3 5 1 3 3 1 3 3 4 2 3 4 2 5 4 2 4 4 4 5 4 4 3 2 3 2 3 1 5 5 1 4 2 2 5 3 5 4 3 4 1 1 5 5 2 2 2 1 4 5 2 5 2 5 2 5 1 3 1 4 2 4 1 5 2 4 5 3 5 4 2 1 2 4 3 3 1 3 4 1 5 3 4 3 4 1 2 3 4 3 3 5 2 3 4 4 1 4 2 4 2 4 4 5 3 4 2 1 4 2 1 3 5 5 2 1 5 1 5 1 3 4 3 4 5 1 3 3 3 1 5 4 1 4 4 5 5 5 3 3 4 3 1 1 5 2 2 1 5 3 4 4 5 5 5 3 1 2 3 1 2 5 2 4 1 5 1 2 4 2 1 4 1 2 4 5 2 3 1 1 1 4 3 3 4 1 5 3 3 3 5 2 1 5 1 1 1 5 5 1 5 3 2 3 4 4 5 1 1 1 1 2 1 4 4 5 3 4 4 5 3 3 4 3 2 4 1 4 2 1 2 1 2 2 2 5 5 2 1 2 5 3 1 5 3 2 2 3 3 1 5 3 5 4 3 2 4 5 4 2 1 1 2 3 5 3 2 4 3 1 3 4 4 4 1 5 3 2 2 3 5 5 3 3 4 3 2 2 5 4 3 5 1 1 1 2 1 5 3 2 2 5 5 2 2 5 4 3 5 4 2 4 2 1 2 2 1 1 5 3 2 3 5 2 3 4 1 3 2 5 5 5 0 4 4 5 4 5 5 5 1 1 3 3 3 1 3 5 4 4 4 1 3 1 3 5 5 3 1 4 2 2 1 4 5 1 2 1 3 1 1 5 5 1
4 1 3 1 3 4 3 4 1 2 3 2 2 1 5 4 1 1 3 2 4 4 2 4 1 1 1 2 4 4 5 4 2 1 5 5 4 1 4 2 5 1 2 1 1 4 3 1 5 1 5 4 2 4 2 1 5 5 4 5 1 1 4 2 1 1 3 3 3 1 1 4 3 3 5 3 1 2 4 2 4 5 1 5 1 1 2 2 4 5 4 2 5 3 5 2 3 5 2 3 1 3 4 1 5 2 3 1 1 1 4 1 2 1 4 2 2 2 3 3 3 5 4 1 1 1 3 3 1 3 4 1 5 1 3 1 3 3 2 3 2 4 3 3 2 4 5 4 2 1 4 4 2 5 3 5 4 4 1 5 3 1 4 1 5 3 4 5 3 3 4 5 3 3 1 2 5 1 1 5 2 2 3 5 1 5 5 1 4 3 5 1 4 5 4 3 1 1 2 3 4 5 4 1 5 3 2 2 2 1 3 4 3 5 2 1 5 2 5 4 5 4 1 2 5 5 2 5 2 3 4 1 5 3 5 4 2 5 4 1 1 4 4 3 4 5 3 3 3 1 1 5 3 4 2 3 1 4 2 1 5 1 4 4 1 2 1 5 5 2 3 3 2 5 5 2 5 4 1 3 1 2 2 4 3 4 5 5 4 2 2 1 4 1 4 1 1 3 2 3 4 5 1 4 3 5 5 3 4 1 5 3 2 2 5 4 5 4 4 2 2 5 3 5 4 2 5 1 3 4 2 4 3 2 4 2 2 4 4 1 2 3 1 1 3 1 2 1 2 1 1 2 1 2 5 4 5 2 3 4 5 3 1 4 2 5 2 1 2 4 3 2 1 2 3 4 5 2 2 5 2 2 4 2 5 1 5 5 4 1 2 5 2 4 4 3 3 4 2 1 4 3 3 4 4 3 2 2 5 4 2 5 4 3 3 4 3 1 4 2 2 3 1 3 2 3 2 2 5 1 4 4 4 4 4 2 5 2 2 5 3 4 2 4 4 5 4 4 1 5 5 3 4 2 5 3 3 2 4 0 2 4 1 2 4 1 1 2 4 5 1 3 1 1 3 4 5 4 3 2 5 5 4 4 1 1 1 2 4 2 4 3 4 1 5 4 5 1 5 1
4 2 3 1 4 5 2 3 5 4 4 2 4 4 4 2 2 3 4 3 3 5 2 2 1 4 2 4 1 2 1 4 2 5 4 2 4 2 3 4 1 2 4 1 1 5 3 5 5 4 5 1 1 5 1 4 1 5 2 4 1 4 1 4 1 3 3 3 4 2 3 2 3 4 4 1 2 5 2 5 2 2 1 3 5 4 4 5 1 1 1 1 5 4 2 1 2 2 5 4 1 1 2 3 1 5 2 2 2 1 3 3 4 3 2 4 1 2 5 2 4 4 4 5 3 1 3 3 3 2 4 1 5 1 5 1 4 4 1 4 5 2 2 1 5 2 3 1 2 2 2 5 3 1 2 4 5 5 5 3 5 5 1 1 4 4 3 1 3 1 4 4 1 3 3 2 5 4 4 2 1 3 2 2 2 4 5 2 5 1 5 3 4 3 1 5 2 2 4 2 3 1 1 5 4 5 5 4 2 3 2 4 4 4 1 3 3 1 2 3 1 4 2 1 2 2 2 4 5 2 1 3 4 1 2 5 4 4 5 3 5 3 1 3 3 2 5 3 5 1 4 5 2 4 2 1 5 3 1 5 4 2 3 5 3 1 2 3 3 5 2 4 1 3 2 5 4 4 4 4 5 4 5 4 4 5 4 2 1 2 2 2 2 4 1 2 2 2 3 2 2 2 1 3 4 2 2 2 2 2 3 1 3 1 3 3 4 3 4 3 2 4 4 2 2 3 2 2 2 2 4 2 5 4 1 3 5 1 3 3 1 2 4 4 3 1 1 5 4 2 2 5 4 3 5 3 5 4 4 5 2 5 5 5 4 4 3 1 4 4 2 4 5 5 4 4 1 3 4 5 1 4 2 1 2 3 4 1 5 2 5 3 1 2 3 2 2 1 2 5 5 5 3 4 5 3 3 3 4 4 1 3 3 1 3 4 4 5 2 2 4 2 5 4 3 3 4 1 1 2 2 1 4 5 2 4 5 1 5 1 3 1 3 4 2 1 3 2 2 3 2 5 4 2 1 2 4 4 1 2 0 2 1 4 3 2 3 5 3 3 2 1 3 1 5 4 4 3 5 1 3 1 1 4 1 3 2 3 3 2 4 2 5 4 3 2 2 4 2 1
4 5 2 4 1 1 5 4 2 2 3 3 4 5 5 5 4 4 2 3 3 4 5 3 5 2 2 2 2 2 5 1 3 5 4 4 3 5 1 5 3 2 4 1 1 1 4 5 2 3 3 1 2 3 1 2 3 5 5 4 1 5 2 5 3 2 4 4 3 4 4 1 1 1 2 1 3 4 5 2 5 3 3 3 3 4 2 5 4 2 4 5 4 5 5 4 2 3 5 5 2 3 4 5 3 3 3 4 4 2 2 1 2 4 2 2 4 2 5 5 1 3 3 3 5 2 4 1 3 2 2 1 5 1 3 1 5 1 1 3 3 4 3 1 5 5 3 4 3 2 2 3 5 1 1 1 3 3 4 1 2 2 2 2 3 4 3 5 3 3 1 3 1 1 2 1 1 4 2 4 5 5 4 1 2 4 3 3 4 3 3 2 1 1 3 3 2 4 5 1 3 5 1 2 3 1 4 2 3 5 4 5 2 4 1 2 3 5 4 1 4 2 1 2 5 1 2 4 2 5 3 2 1 3 5 5 2 5 5 5 5 1 1 2 1 1 4 4 1 2 2 3 2 5 3 2 2 1 4 1 5 4 5 3 1 5 2 2 1 3 2 3 3 2 3 1 5 2 2 5 3 5 1 1 5 1 5 4 5 2 4 3 5 1 3 1 2 4 1 1 4 3 5 3 3 4 3 1 1 4 1 5 4 1 3 1 4 5 3 1 5 2 1 5 2 4 2 2 3 4 4 4 1 3 2 4 2 3 2 4 4 4 2 2 5 3 2 1 2 5 1 5 1 4 5 2 1 3 4 5 1 4 3 5 1 2 4 1 4 5 1 3 2 4 5 5 3 1 3 5 4 4 5 5 4 1 2 2 3 3 1 4 1 2 1 3 3 4 1 1 1 4 2 5 2 2 2 5 3 2 2 2 4 4 5 3 3 3 1 2 1 4 4 3 1 4 3 3 5 5 1 2 5 1 2 5 5 1 4 1 5 5 3 5 4 1 3 4 4 3 1 2 2 1 2 1 5 1 4 1 2 0 1 4 5 1 3 3 2 5 1 2 1 3 2 2 5 4 5 2 3 3 5 5 4 5 3 4 2 2 1 4 4 5 5 1 1 5 5 2
2 4 2 1 4 5 1 3 5 2 5 4 4 3 1 4 5 5 3 5 2 5 5 5 2 3 2 5 4 2 3 2 2 5 3 2 1 3 3 1 3 3 1 4 2 5 5 2 4 5 1 1 3 1 2 3 5 1 2 3 1 5 5 5 1 5 5 5 5 5 5 3 2 4 4 1 5 3 5 4 2 2 2 4 4 3 2 1 5 5 3 4 5 1 5 1 2 2 5 2 2 3 3 1 1 3 1 2 3 4 1 1 5 4 2 1 3 2 2 4 4 4 1 3 4 3 5 3 2 4 3 4 2 2 2 4 5 4 1 5 1 2 3 1 2 4 4 4 1 3 2 1 1 1 2 5 2 1 1 2 5 2 3 1 3 5 3 2 5 3 3 4 5 2 2 5 1 5 2 3 3 1 5 1 3 4 2 3 3 1 5 2 3 1 1 5 2 2 4 5 4 2 3 4 3 3 3 1 2 2 3 5 3 4 3 2 3 2 2 4 4 3 5 4 3 4 5 4 3 4 2 2 3 4 1 3 4 5 4 4 4 1 3 5 5 1 5 5 4 5 2 4 3 3 1 5 4 4 5 3 2 2 3 5 2 2 4 4 1 2 5 1 5 1 3 3 4 4 1 3 5 2 5 2 4 1 1 3 2 5 1 4 5 1 1 4 3 1 2 3 2 1 2 4 2 2 4 5 5 1 1 3 2 5 4 4 3 3 3 3 2 1 1 3 4 3 3 1 3 3 5 4 3 4 5 3 5 2 5 1 5 3 5 4 1 3 3 2 4 1 4 3 5 1 1 1 2 1 1 1 5 2 1 4 4 4 2 3 1 2 5 3 1 4 1 4 5 4 5 2 1 5 1 5 1 4 1 5 3 4 1 4 1 3 4 2 3 5 5 3 3 2 3 5 2 3 2 5 3 2 1 1 3 4 3 1 5 5 5 1 1 5 4 5 4 4 1 3 1 1 4 2 4 1 3 5 2 5 3 5 5 3 1 1 3 4 3 4 2 3 3 3 1 2 5 5 1 3 5 4 4 3 0 4 5 1 1 5 2 1 3 3 4 3 4 5 2 5 2 5 4 1 4 1 2 1 1 5 3 3 4 1 4 4 3 1 1 2 4 4
1 3 2 4 2 2 2 3 1 2 2 5 2 3 1 2 5 3 3 5 3 2 5 4 3 1 2 5 4 4 4 2 2 1 2 3 2 3 2 1 5 2 4 2 3 2 2 5 1 3 2 5 5 5 2 3 2 2 4 4 4 4 2 3 2 2 3 2 4 3 3 2 1 3 3 1 2 5 4 3 2 2 2 3 2 4 2 3 2 1 1 5 3 5 4 3 2 3 3 3 5 5 1 5 2 1 1 5 5 2 4 2 1 1 2 2 5 4 2 1 3 2 4 4 5 3 4 3 3 5 4 4 3 2 2 1 1 2 2 3 3 4 5 3 3 5 5 2 4 1 2 3 3 4 3 5 4 2 1 2 1 5 4 3 5 4 3 2 1 1 1 4 4 1 5 2 4 5 2 2 3 3 1 5 1 1 1 2 2 3 2 5 4 3 1 3 3 4 2 4 2 5 2 1 2 3 5 1 3 2 4 3 2 3 1 4 1 4 3 1 5 2 5 4 3 2 3 2 5 1 5 4 4 3 1 3 2 3 5 3 4 5 4 3 5 1 3 3 3 4 3 4 3 1 5 1 3 3 3 3 3 1 2 3 4 1 3 5 4 1 1 2 1 4 1 1 1 5 3 4 4 5 2 3 2 4 2 2 4 5 3 3 5 1 4 1 4 2 1 5 1 2 3 5 4 4 1 1 2 3 2 4 2 5 1 4 2 3 1 3 4 3 4 5 1 5 2 2 1 2 5 3 3 3 5 2 4 4 3 4 5 4 5 3 3 1 1 2 4 3 1 4 5 3 2 4 1 2 4 4 4 1 2 5 4 1 5 3 4 5 2 5 1 5 2 4 1 4 1 3 5 3 2 3 3 3 2 2 2 4 3 4 5 5 1 3 3 3 3 2 3 5 3 1 2 2 3 1 2 1 2 1 1 4 5 1 3 1 5 2 3 5 4 1 4 4 4 4 3 2 5 3 1 4 2 4 2 5 2 5 5 5 4 3 5 1 3 2 2 3 5 4 3 5 3 2 5 1 5 4 5 1 1 0 3 4 1 4 1 5 4 1 4 2 4 3 5 4 5 1 4 3 1 2 4 4 2 3 5 2 5 4 3 3 5 2 4 2 4 1
4 3 5 3 1 5 3 4 3 3 2 3 5 1 1 2 5 1 2 5 2 1 3 5 3 5 5 5 4 4 1 4 2 5 2 5 4 4 1 4 3 3 4 2 2 3 5 4 5 3 5 4 4 2 5 1 1 2 4 4 2 4 2 1 1 2 3 2 4 1 2 4 3 4 1 1 2 4 4 3 3 5 3 3 4 1 2 4 4 1 4 3 2 1 5 3 5 2 4 4 5 2 1 2 4 5 3 2 5 3 4 4 2 5 2 3 5 3 4 2 5 4 3 3 3 1 1 1 1 2 1 2 4 4 2 5 5 1 3 1 1 2 5 1 2 1 1 1 4 1 1 4 3 1 1 4 3 5 2 3 5 3 4 3 5 2 2 3 2 1 4 4 2 4 5 2 5 1 2 2 3 5 4 5 4 5 1 3 5 1 4 4 5 1 5 5 4 5 1 5 5 1 3 3 2 1 5 1 1 5 5 3 1 4 4 5 3 1 1 3 3 4 3 2 4 1 4 4 3 3 4 4 5 3 5 2 1 5 5 2 4 5 3 2 2 3 3 3 4 3 3 5 4 5 1 5 1 2 1 5 1 2 1 5 3 5 4 2 4 3 3 2 4 5 4 4 5 3 3 2 5 4 2 1 1 1 4 3 5 4 4 3 3 5 1 1 5 5 4 2 1 5 3 3 2 4 3 2 4 2 1 3 3 4 3 3 3 1 1 3 2 4 4 1 1 3 1 4 4 1 3 1 5 2 2 4 3 1 2 2 5 1 5 1 3 3 3 4 1 5 4 3 3 3 3 4 5 3 3 5 2 5 5 5 4 5 2 4 1 2 5 2 4 5 2 1 1 5 4 2 5 3 3 1 2 4 4 3 5 2 5 2 5 5 5 2 3 5 5 1 2 1 3 2 1 1 2 5 4 2 3 4 3 1 3 5 3 3 2 2 5 4 2 2 2 2 2 1 5 2 5 2 2 4 4 2 1 4 5 1 3 3 4 3 2 3 1 1 1 3 3 2 3 5 1 4 2 2 5 2 3 5 3 2 0 4 1 4 2 5 1 4 4 3 5 2 5 1 2 4 3 2 5 5 4 1 2 1 1 3 4 2 4 2 3 4 2 4 4 2
5 5 5 4 4 1 2 5 2 4 4 4 3 4 4 4 2 5 3 1 3 1 2 4 2 3 2 5 1 2 2 1 5 5 3 1 3 2 5 3 1 1 2 3 2 5 5 2 5 4 3 4 5 2 5 1 3 2 5 4 3 1 5 3 5 4 5 5 2 4 2 5 1 3 2 3 2 4 5 5 1 4 4 1 4 5 3 4 1 3 5 2 2 3 3 5 4 4 4 3 2 4 4 4 3 4 3 3 4 2 4 5 4 1 4 3 5 5 1 2 4 1 5 4 3 4 1 1 1 4 4 5 2 2 5 3 4 1 3 3 3 2 1 5 2 5 2 3 2 4 2 3 4 5 5 4 2 1 2 4 4 5 2 4 3 4 5 5 3 4 4 1 2 3 4 4 3 3 2 4 4 1 2 5 1 2 1 1 5 5 3 5 3 3 4 4 4 5 3 4 2 3 3 1 3 3 4 5 1 4 4 4 5 3 3 1 4 2 2 5 5 1 5 4 4 4 1 5 1 2 4 1 3 2 2 5 5 2 1 4 1 3 4 3 3 2 5 2 1 2 4 3 3 1 1 4 3 4 4 3 4 5 4 1 2 1 3 1 4 3 2 5 2 3 4 3 5 3 1 1 5 4 4 2 1 2 5 5 4 2 5 3 3 3 5 1 4 2 1 3 3 4 3 3 2 4 2 1 4 1 2 5 4 1 2 3 4 5 4 2 2 5 3 5 5 1 1 1 4 1 1 3 4 4 5 1 5 3 1 3 2 3 3 2 2 5 2 4 3 5 1 5 2 1 1 3 3 2 5 1 5 3 4 3 3 2 2 1 3 1 5 1 2 3 4 1 3 2 4 4 3 3 2 1 5 3 3 1 5 1 2 3 4 1 2 4 2 2 3 5 2 4 1 3 2 3 5 3 4 5 4 3 4 5 2 4 4 2 5 5 4 1 2 4 2 1 1 1 1 1 2 5 5 2 2 1 5 5 2 3 5 1 4 5 3 5 2 5 4 4 1 2 1 4 5 1 4 2 4 4 4 3 5 3 3 0 5 5 3 2 3 4 1 3 5 4 5 4 5 2 1 3 2 1 1 1 1 3 2 2 1 3 2 1 4 1 1 1 5 1
2 2 3 3 1 2 2 1 4 4 5 1 3 2 5 4 3 5 1 3 4 1 2 2 4 3 3 1 4 4 3 3 2 2 1 4 5 3 2 1 1 3 2 2 1 3 3 2 4 2 4 4 3 3 3 5 5 2 1 4 1 1 3 5 5 4 3 2 1 1 3 1 2 2 1 1 4 1 1 4 2 4 3 3 5 1 5 2 5 4 5 3 5 3 2 2 5 1 4 1 5 5 1 2 2 1 1 1 2 3 4 1 5 4 4 4 1 2 2 3 5 1 5 4 2 4 1 2 3 2 5 4 5 1 4 3 5 1 4 3 4 2 1 1 3 2 3 2 4 4 4 3 1 2 1 3 1 4 2 2 3 4 5 1 4 4 3 4 2 2 1 2 1 5 5 5 2 5 5 4 4 1 2 4 1 5 2 1 1 1 3 2 4 2 5 2 4 1 4 5 2 2 1 5 5 2 1 2 1 4 4 2 3 5 4 2 1 3 4 5 1 2 3 2 2 4 1 1 3 2 3 3 3 3 5 1 2 3 2 4 5 5 4 3 2 2 1 3 1 4 5 3 2 5 1 2 3 1 3 1 3 4 2 3 1 5 5 3 5 4 1 3 2 4 1 4 5 5 5 4 2 5 5 4 4 2 4 4 2 1 1 4 1 5 2 4 2 4 2 1 5 4 3 4 5 5 4 3 3 1 5 2 1 3 4 1 5 3 1 4 4 3 1 1 4 3 3 1 4 4 1 3 5 3 1 1 5 3 5 5 5 2 2 2 2 5 3 4 3 3 3 4 2 1 2 2 4 2 3 3 1 4 1 1 1 5 1 1 5 4 3 3 5 3 3 4 2 5 4 2 1 5 1 4 5 2 5 1 2 1 2 2 2 1 5 1 1 4 2 2 5 1 1 1 4 2 5 4 3 5 4 2 5 4 5 3 2 5 2 3 3 3 1 2 5 3 2 2 3 1 5 3 3 5 5 3 3 5 4 3 5 3 3 5 2 5 5 4 4 3 3 3 4 2 3 4 1 5 5 5 1 1 1 5 3 5 0 2 2 2 5 2 4 1 3 4 3 2 2 5 1 2 4 3 2 3 3 2 3 3 3 2 4 5 5 1 4 2 2 3
1 3 5 4 4 2 4 3 2 3 1 4 2 3 4 1 2 5 5 1 4 3 2 1 1 4 3 5 5 4 5 4 3 5 2 5 1 4 1 2 5 4 4 1 4 3 4 2 4 5 4 4 1 3 5 4 5 4 1 2 4 2 2 1 1 3 2 2 3 5 3 1 1 4 3 3 5 4 5 3 5 4 3 3 2 3 3 4 2 2 5 3 2 5 2 1 3 1 1 5 1 2 1 5 5 5 2 5 4 1 1 1 4 4 3 2 4 5 5 2 2 3 5 4 4 1 4 2 5 4 3 4 3 1 5 4 3 5 3 3 4 1 5 3 2 3 4 4 5 2 4 1 2 4 3 3 4 2 1 5 3 1 5 1 4 3 1 5 3 5 1 4 4 1 2 3 3 5 4 4 5 4 2 2 3 1 2 3 4 5 4 4 1 5 5 1 3 2 3 2 2 2 2 5 4 4 1 3 4 1 1 3 3 1 1 2 3 4 3 2 2 3 1 4 1 1 1 5 4 1 2 4 2 5 1 3 4 5 5 1 1 3 4 2 4 1 3 5 3 1 1 5 4 3 2 2 1 5 3 2 3 1 5 5 3 2 4 4 2 3 4 1 3 4 1 2 5 1 5 1 3 4 3 2 3 1 2 5 3 3 5 3 2 5 4 2 1 1 3 3 5 1 3 3 5 1 2 2 5 3 2 1 2 3 2 2 3 2 4 4 3 3 2 1 5 1 2 4 2 2 3 2 1 1 3 4 5 3 1 2 3 3 1 1 5 4 4 4 4 1 2 5 5 3 3 1 5 3 5 3 2 5 3 2 4 1 1 1 2 2 3 5 1 1 4 5 2 5 2 4 1 1 2 4 3 2 2 1 1 2 4 5 3 5 3 5 4 3 1 3 3 5 1 2 3 2 3 3 4 4 3 3 4 3 3 4 5 2 3 2 2 1 4 5 5 4 5 5 2 4 2 3 3 1 2 5 2 4 5 1 3 4 5 3 2 5 2 2 3 2 2 2 2 2 5 3 4 5 5 2 3 4 3 4 5 2 5 0 2 3 2 3 3 5 1 2 2 4 4 4 3 1 5 3 4 5 4 4 5 3 5 1 2 4 5 1 4 2 4 4
4 3 4 2 3 4 1 1 1 2 5 1 4 1 3 4 3 4 4 5 5 4 1 2 3 5 5 5 1 4 1 2 5 4 2 2 2 1 3 5 1 5 2 4 5 3 5 2 5 2 2 1 4 2 1 4 3 3 1 5 2 1 4 4 4 5 4 2 5 4 2 4 1 4 3 4 5 3 3 2 1 1 4 1 3 4 3 2 5 3 1 5 1 4 4 3 4 4 2 1 4 4 3 4 3 4 4 3 3 1 4 3 1 2 3 2 4 5 3 4 3 5 4 2 3 1 4 1 1 2 2 3 4 1 5 2 5 3 2 4 5 2 2 2 4 1 3 5 4 2 3 2 4 1 5 2 4 3 1 5 2 1 2 3 4 1 4 2 4 4 5 3 4 5 2 3 1 2 5 3 2 4 1 4 5 5 4 3 1 1 3 1 1 4 2 1 1 3 1 5 3 2 4 1 5 5 1 1 1 2 1 5 3 1 3 3 4 5 2 5 2 2 2 3 3 3 2 4 5 5 3 1 3 3 1 2 3 4 2 2 1 4 3 2 2 3 4 1 1 3 2 3 2 4 1 5 4 3 2 4 1 3 1 3 1 2 5 2 3 4 4 4 3 5 2 5 3 4 4 2 3 3 3 3 1 3 2 4 3 5 2 5 5 4 4 1 1 4 2 1 2 3 2 5 4 5 5 1 3 1 3 2 5 2 5 4 4 4 4 3 3 2 4 1 3 3 5 4 1 2 4 5 1 5 4 2 1 4 1 4 3 2 2 3 1 4 3 2 2 4 5 5 3 2 2 5 5 1 3 2 2 3 3 5 2 3 4 4 4 1 5 2 2 3 5 4 3 2 1 2 1 4 2 5 4 3 3 5 3 2 3 4 4 3 4 3 4 3 4 4 1 5 2 5 4 2 4 4 1 2 1 3 3 4 5 2 3 2 1 1 4 4 1 2 3 5 1 2 5 4 2 4 3 2 2 3 4 5 5 5 2 5 3 4 5 3 3 3 5 4 1 5 4 4 5 3 5 4 2 4 1 3 3 1 5 4 3 1 0 5 3 3 3 4 2 2 4 3 1 3 3 2 2 5 4 4 3 4 1 2 2 1 3 3 2 1 4 5 5 1
1 2 5 2 4 2 5 3 2 5 3 4 3 4 3 2 2 2 3 5 2 4 3 3 2 5 1 2 3 4 4 5 2 3 5 4 1 5 2 2 4 3 4 1 2 1 4 2 2 4 1 2 4 3 4 4 4 1 3 3 2 4 4 4 1 4 4 4 5 3 1 5 5 3 5 3 2 2 4 5 1 3 4 1 2 5 5 3 1 4 3 1 4 1 3 5 1 2 2 1 2 2 3 5 2 1 2 1 2 1 2 4 3 1 3 4 1 1 4 1 3 3 5 2 3 2 4 1 2 1 3 3 4 1 1 3 2 5 1 5 5 1 1 2 5 1 4 3 4 2 3 5 5 2 4 3 2 1 1 2 4 4 5 2 3 3 5 3 5 4 3 5 5 5 5 2 4 1 5 5 3 4 4 5 4 3 3 1 2 4 5 5 1 4 2 3 3 2 4 4 1 3 3 1 4 4 1 3 3 1 5 3 1 4 1 4 2 5 4 2 2 2 4 4 4 3 5 2 3 1 3 4 3 2 5 2 4 5 2 3 5 4 3 3 2 3 5 1 4 1 1 1 5 4 5 3 5 5 2 1 4 5 3 1 1 1 4 2 5 1 2 3 2 5 2 3 2 5 2 5 1 1 5 2 5 3 3 1 4 4 3 5 4 5 3 1 5 3 4 4 2 3 5 1 2 1 1 1 2 1 2 1 1 3 2 1 3 2 1 4 4 3 4 5 1 3 5 2 2 2 2 5 5 2 4 3 3 1 3 3 3 1 5 1 5 1 2 2 2 4 2 5 3 4 2 4 2 2 5 1 1 1 5 3 2 5 3 4 2 5 5 5 4 1 5 3 1 1 4 2 4 3 1 1 4 4 4 4 3 4 4 3 1 4 4 5 3 4 3 3 3 2 1 2 3 1 3 1 1 3 2 2 2 4 1 1 2 4 3 3 1 2 3 2 2 1 1 4 3 5 3 3 2 2 2 3 3 3 5 1 1 4 4 1 1 2 5 4 2 1 3 3 5 5 4 5 1 3 1 4 1 2 5 4 4 2 2 5 2 0 4 5 2 5 4 2 1 4 4 1 3 1 3 3 2 5 3 2 2 4 1 4 3 5 1 4 1 4 1 4
1 3 5 3 2 2 1 1 2 4 4 5 5 3 1 1 5 4 3 5 4 2 3 2 2 4 4 5 2 4 3 2 4 2 1 5 5 5 4 1 5 5 4 2 4 2 1 2 2 4 3 3 5 5 4 2 2 5 4 5 1 3 5 1 5 2 1 2 2 4 2 4 5 3 5 1 1 2 4 4 5 4 5 2 1 4 3 1 4 2 1 5 2 1 5 4 3 5 2 1 2 3 3 5 1 2 2 3 1 3 1 2 2 1 1 4 4 3 4 1 5 4 5 5 1 3 4 4 1 4 5 5 2 1 1 1 4 2 1 3 4 3 2 5 4 1 1 4 1 2 3 3 5 4 4 1 3 4 1 2 3 2 5 2 2 4 4 5 2 1 2 5 1 2 1 2 2 1 2 1 2 1 5 1 4 1 4 2 2 5 3 3 3 3 2 4 1 3 2 1 4 4 2 5 1 1 2 2 4 1 3 2 5 1 4 5 2 1 1 3 1 2 5 4 2 5 1 3 1 3 3 3 1 1 1 2 2 5 3 5 5 2 4 5 2 3 1 3 3 1 5 1 5 5 1 2 3 5 5 4 2 4 3 3 5 2 5 4 3 1 4 4 5 5 2 5 3 1 2 1 3 2 2 5 2 4 3 4 1 4 3 1 2 4 1 3 4 2 1 3 3 1 1 3 3 1 1 5 3 4 2 3 5 3 1 2 3 3 1 2 1 5 3 5 3 4 3 2 4 5 1 4 2 4 5 4 3 1 2 4 5 1 4 3 4 1 3 5 5 2 1 1 2 3 3 4 1 2 3 5 1 5 5 4 2 3 1 2 3 3 3 5 4 3 4 5 2 4 2 2 5 3 5 5 2 4 5 4 1 4 4 1 2 3 2 3 4 4 5 1 2 1 3 1 3 4 3 3 1 1 1 3 5 2 5 3 4 4 1 1 1 3 1 5 2 1 5 4 2 1 3 3 5 4 2 5 3 5 5 2 3 2 1 2 1 3 3 4 2 3 4 3 4 1 2 2 5 1 1 3 5 3 3 2 4 5 3 3 2 4 0 1 1 2 4 5 1 1 4 4 4 5 4 1 2 5 1 3 1 4 2 2 1 4 3 3 2 5 2 4
2 3 3 3 4 3 5 4 5 5 3 4 4 2 4 3 3 1 5 1 1 2 1 5 3 5 5 1 5 2 1 2 2 5 1 1 3 5 2 1 3 2 3 1 1 2 1 3 4 5 5 3 5 1 4 3 2 4 2 1 2 4 2 3 4 1 2 3 2 5 2 4 4 3 5 1 2 3 1 5 4 4 5 2 5 2 3 2 2 3 3 4 1 4 3 1 3 5 1 2 2 1 2 2 1 4 3 1 2 4 2 2 4 5 4 3 5 5 3 5 2 4 2 4 5 4 5 1 2 4 5 4 2 3 5 3 3 3 4 3 2 4 2 5 4 5 3 4 5 4 4 4 4 1 5 2 3 4 2 2 5 2 2 1 5 4 4 2 4 1 2 4 2 5 3 4 4 3 1 1 1 4 5 4 2 2 1 2 4 4 1 3 5 2 5 5 1 4 2 5 5 4 1 1 4 4 4 1 5 4 2 3 3 1 2 4 2 3 1 2 3 4 5 3 5 3 1 5 4 2 3 2 4 2 1 5 3 2 5 5 2 5 5 5 2 2 1 4 4 4 3 4 3 3 5 3 5 3 1 4 5 4 1 1 1 3 4 2 3 2 1 1 5 4 3 1 4 4 5 4 1 1 3 1 1 4 3 2 1 5 1 4 1 5 1 5 5 1 1 4 1 5 4 2 4 1 2 4 5 4 3 2 5 4 1 2 3 4 2 5 4 3 4 2 2 1 1 3 3 3 3 4 4 5 5 2 3 4 5 1 1 1 1 1 5 1 5 2 1 3 3 4 2 5 1 1 2 5 5 4 2 5 3 2 1 5 2 3 2 3 4 1 4 5 2 3 2 4 5 5 5 1 3 5 1 3 2 3 4 3 3 4 3 3 4 4 3 3 2 3 2 2 3 1 4 2 3 4 3 3 2 3 5 3 5 2 3 4 2 1 2 4 3 1 2 1 3 5 4 5 2 4 2 2 2 4 4 1 2 1 4 4 5 2 1 1 1 5 1 1 2 5 1 3 5 3 2 3 4 2 5 3 1 3 3 1 2 5 5 5 2 0 3 5 2 3 4 3 4 1 2 3 3 1 1 2 1 1 1 2 4 2 3 5 2 2 5 2 4 4
5 4 1 4 4 2 5 5 2 1 4 1 4 4 5 1 5 2 1 1 2 5 3 2 1 4 2 3 2 2 4 2 2 1 5 4 5 3 3 5 2 2 3 4 4 3 4 5 3 2 5 5 5 4 2 2 5 3 2 5 4 2 4 3 4 2 4 1 1 1 1 2 5 4 5 3 5 4 1 4 5 3 4 2 3 1 2 3 4 2 3 5 2 3 1 5 2 2 5 3 5 4 1 1 1 4 1 3 4 2 2 1 2 2 4 4 5 4 4 2 5 3 2 1 3 1 1 5 1 1 5 1 5 4 3 3 5 2 1 5 5 3 5 2 1 5 1 2 3 5 2 5 2 5 4 2 4 4 2 5 1 3 4 2 3 3 3 1 3 2 3 2 1 5 4 4 4 1 5 2 5 3 3 5 5 4 4 3 2 2 3 1 5 2 4 5 5 4 1 5 5 4 5 4 4 3 4 4 1 5 4 5 2 2 3 4 5 4 4 4 1 3 1 2 2 5 4 3 4 4 2 2 1 2 3 1 5 5 5 2 2 3 3 1 4 1 1 5 5 3 1 1 5 1 1 2 4 2 1 5 1 2 3 2 4 2 4 1 1 2 2 4 5 1 3 2 5 5 5 1 5 5 2 2 3 4 1 3 3 3 3 2 4 3 2 1 4 2 4 4 5 4 2 4 2 3 3 4 2 1 1 2 2 4 4 1 3 4 4 2 1 5 3 4 3 4 5 1 4 4 2 5 5 1 5 1 5 5 5 1 1 5 2 1 2 2 2 3 5 5 5 3 1 3 3 2 3 2 2 3 2 2 1 1 2 3 4 4 1 4 3 1 3 3 5 1 3 1 4 5 2 4 3 2 5 3 5 5 1 3 2 4 2 5 3 3 3 1 2 2 5 3 2 4 3 2 3 5 5 3 3 5 2 5 1 4 5 1 4 2 4 1 2 4 5 3 3 3 4 4 2 2 5 4 2 4 5 1 3 4 2 2 2 2 4 4 4 4 4 4 1 4 1 2 2 3 2 2 3 1 1 5 4 5 3 5 4 1 3 4 3 4 0 4 5 1 4 1 4 3 1 5 3 3 1 4 1 1 3 2 5 2 4 1 1 3 2 4 3 4
3 5 5 1 3 4 2 3 3 4 3 2 3 5 3 2 2 5 5 4 3 4 2 5 3 1 5 2 4 4 3 3 2 5 4 5 2 3 2 5 5 4 3 3 2 1 2 3 2 5 5 2 3 2 4 4 1 4 3 1 4 1 5 5 2 3 1 1 2 1 4 5 1 3 4 3 3 5 5 4 2 5 4 2 1 3 1 5 2 3 3 3 3 1 5 5 5 3 2 4 3 5 4 4 3 4 5 2 1 3 2 5 5 4 1 2 5 3 4 2 2 1 1 1 3 4 1 2 1 3 3 2 3 1 4 5 1 5 1 5 2 3 5 3 5 4 3 4 2 5 4 1 1 5 3 2 2 3 4 1 3 2 3 2 4 3 5 3 2 2 5 3 3 1 5 3 1 2 2 2 5 4 1 3 3 1 3 3 3 2 2 1 5 1 5 4 5 3 3 3 1 5 5 2 4 5 4 3 1 1 4 3 1 1 2 2 2 2 5 1 5 4 3 1 4 5 4 1 4 2 5 2 4 2 2 2 2 3 5 2 5 2 5 4 4 4 2 4 2 4 4 4 4 4 5 5 2 2 3 4 2 2 3 4 2 3 3 1 3 5 3 5 4 2 4 3 2 4 4 5 5 1 4 4 2 2 2 4 2 4 2 1 5 2 5 3 1 4 2 3 1 3 5 5 1 4 5 5 1 4 4 4 2 3 1 4 3 4 4 3 2 4 2 3 1 3 5 3 5 2 3 2 1 1 2 3 4 4 2 1 2 2 4 5 3 2 5 2 1 4 3 4 3 2 2 4 3 5 5 4 1 4 1 3 2 3 1 2 3 3 2 5 1 5 3 5 3 5 1 1 3 5 3 5 4 5 2 1 2 2 2 3 1 4 4 5 4 4 5 4 2 4 3 5 3 3 4 4 4 1 4 4 2 1 2 3 5 1 2 4 2 1 4 2 4 2 1 3 5 2 1 5 5 4 1 3 4 1 3 3 1 3 2 2 4 4 2 2 2 4 3 1 1 1 4 5 1 3 4 3 1 5 1 3 1 4 4 5 1 2 1 5 2 0 3 2 1 5 5 3 1 5 2 1 2 4 4 2 5 3 1 4 3 3 4 3 1 4 5 1
3 1 1 1 1 3 5 1 5 4 4 3 1 4 3 1 5 3 4 1 3 3 1 4 4 2 4 3 4 1 5 2 2 5 2 4 4 2 2 1 4 3 1 4 1 1 4 1 2 3 3 2 1 2 2 2 5 3 4 3 2 4 2 2 5 4 2 2 3 4 2 3 1 2 1 3 2 2 4 4 5 3 1 3 5 3 2 2 5 1 3 4 3 4 2 5 2 5 1 5 2 2 2 2 3 2 5 2 4 4 1 5 4 1 2 4 5 2 1 4 5 2 3 2 4 3 4 4 1 4 2 1 5 4 1 4 1 3 4 4 3 2 5 5 3 1 2 4 3 4 2 3 5 1 3 1 5 1 4 3 3 1 2 1 4 1 1 1 4 2 1 4 5 5 5 2 5 4 2 1 3 1 5 3 5 1 1 2 4 5 1 2 2 4 4 1 3 5 4 5 1 5 3 3 3 1 5 3 4 4 4 1 3 2 3 1 2 2 1 4 2 3 1 5 2 4 3 1 1 3 4 1 4 3 4 2 4 5 3 5 2 5 2 3 1 3 5 4 3 2 2 4 5 2 2 5 2 1 5 2 4 5 3 3 3 2 5 4 1 1 1 1 1 3 1 2 5 3 2 2 3 2 3 3 3 3 4 3 3 3 4 5 1 2 2 5 2 5 5 4 2 4 3 4 5 3 3 1 3 1 2 4 3 5 2 4 4 4 1 2 4 1 4 1 4 2 2 3 4 4 2 2 2 4 3 2 5 4 1 4 4 3 3 3 5 3 3 2 2 5 5 4 2 4 4 2 3 1 2 3 2 2 1 3 2 1 1 2 3 2 5 4 1 1 4 1 2 1 5 3 3 2 3 2 4 1 5 3 3 1 5 1 1 5 1 5 3 5 2 4 1 4 3 1 1 4 1 5 4 3 1 5 1 5 2 2 4 1 2 3 1 2 4 5 4 3 1 5 5 4 4 2 1 4 2 5 3 1 2 5 1 3 3 3 3 3 1 3 1 5 3 1 4 2 5 4 5 5 2 1 4 3 4 2 3 3 4 4 5 5 4 2 4 3 0 4 4 4 3 3 4 5 3 2 4 2 1 3 1 3 1 3 2 3 4 3 4 5 2 3
1 4 1 2 2 5 1 2 5 4 4 3 2 4 5 5 5 5 2 2 3 4 3 5 1 2 5 4 1 4 3 4 1 4 2 1 3 2 5 2 2 3 4 1 5 4 4 3 3 1 5 5 5 5 5 5 2 1 1 2 4 1 4 4 3 3 3 5 2 5 1 3 3 2 3 2 3 4 5 4 2 2 5 5 2 5 1 1 4 5 3 3 3 3 3 4 4 5 5 4 2 5 1 4 3 2 3 5 5 3 2 5 2 5 1 1 1 5 1 4 2 1 3 2 2 2 4 2 4 3 4 3 3 1 1 5 2 1 2 3 4 3 1 5 1 1 5 4 5 5 2 2 3 3 5 2 2 2 3 2 2 1 2 4 1 1 4 3 5 1 4 5 4 3 1 4 3 2 4 3 5 5 1 4 1 4 4 2 2 4 4 2 1 5 2 2 5 4 4 1 4 1 1 5 4 1 3 2 3 2 1 2 2 2 5 3 1 2 1 1 2 3 4 3 2 5 5 5 1 4 5 1 4 2 2 1 3 3 1 3 3 1 4 3 1 4 2 2 4 1 2 2 3 5 3 1 3 5 4 4 5 5 3 2 1 1 1 2 4 5 5 1 5 4 4 5 4 2 1 2 5 1 5 1 1 5 1 1 1 1 4 3 4 1 4 2 2 2 5 1 1 3 4 2 2 1 1 1 2 1 1 5 5 3 1 3 5 1 1 4 1 2 3 4 1 4 1 2 3 1 5 2 1 5 5 1 3 1 1 2 4 5 3 4 3 2 5 4 5 1 2 3 4 2 2 1 5 3 2 4 2 4 4 4 1 1 1 1 2 1 4 1 4 3 4 2 5 4 3 2 4 4 4 3 2 5 1 5 5 3 1 4 2 5 1 1 4 3 3 4 4 4 1 3 3 1 3 3 5 1 1 3 5 3 2 2 5 3 5 2 3 3 3 5 2 1 4 4 5 2 5 3 1 1 2 3 4 1 5 3 2 2 2 4 2 1 2 5 5 3 3 4 1 2 5 4 4 1 1 2 5 1 4 2 2 4 5 5 3 4 1 1 1 2 3 0 3 1 3 3 4 2 3 3 4 5 1 1 1 1 2 3 1 3 3 1 1 1 3 4
2 2 4 4 4 5 5 1 4 5 2 1 5 2 4 5 5 4 3 1 5 3 3 2 5 1 4 2 5 1 2 5 2 5 4 1 4 3 1 3 5 1 1 1 1 2 4 3 4 1 1 1 4 5 5 3 1 3 3 2 4 2 3 5 5 5 3 2 2 3 1 2 5 4 1 4 1 1 2 1 2 4 2 5 1 3 1 5 5 2 1 5 2 4 4 3 2 3 5 5 5 1 1 1 1 1 1 2 3 4 4 5 2 4 1 1 2 5 5 3 5 3 3 3 5 3 2 4 1 5 2 4 4 5 4 2 1 4 4 1 2 2 3 1 5 1 5 3 2 3 1 1 2 5 4 2 2 5 4 3 4 2 1 2 5 4 5 5 3 4 2 2 3 1 4 3 5 1 4 2 5 2 3 3 3 2 3 4 4 4 3 5 2 2 5 5 4 3 5 2 1 5 3 3 3 3 2 4 5 1 3 1 4 3 3 5 2 1 1 2 3 2 3 1 5 4 4 5 5 5 2 1 2 4 1 2 4 4 2 4 5 2 3 2 5 5 4 1 5 3 1 5 2 3 1 2 4 5 1 2 1 4 2 3 1 4 2 4 1 1 3 2 1 4 4 2 3 2 2 2 4 5 2 5 1 3 2 1 5 3 4 2 4 2 4 3 4 1 5 5 3 5 5 2 4 4 2 1 2 3 5 4 1 2 2 3 3 1 4 4 5 2 2 4 1 5 4 4 5 4 1 4 2 1 5 2 3 4 4 5 1 1 3 1 3 1 3 3 4 5 2 2 5 3 3 5 2 5 4 2 5 5 4 4 5 5 5 1 3 2 2 2 5 3 4 2 3 3 2 4 3 1 5 1 5 4 4 4 1 2 4 5 4 4 1 4 1 4 5 4 1 3 3 3 5 5 1 5 1 3 3 4 1 3 2 1 3 1 5 4 5 3 1 3 4 4 2 3 2 1 2 2 5 2 2 2 4 1 3 2 2 4 4 3 3 1 1 3 1 2 1 3 3 3 5 2 3 3 5 3 4 5 3 4 5 1 2 1 5 3 3 2 4 1 2 5 0 5 5 1 4 4 2 3 1 3 4 2 4 2 5 3 1 4 3 3 4 1 1 3
2 5 1 1 4 4 3 4 2 5 1 2 2 3 1 2 2 2 4 5 2 4 2 2 2 1 3 3 3 1 1 1 3 4 5 5 1 1 4 5 2 3 3 3 2 2 1 3 1 3 4 1 3 5 4 2 2 5 3 3 1 5 2 1 5 3 4 2 4 4 5 5 4 4 1 2 3 1 5 1 1 2 5 4 1 2 3 3 4 5 5 4 4 3 2 5 4 3 2 3 1 3 4 2 5 5 2 3 3 2 2 2 5 3 1 3 5 5 4 5 5 5 3 4 4 3 5 2 5 4 4 2 1 3 4 3 5 2 1 4 1 4 1 4 3 5 2 1 3 1 3 2 4 1 2 3 5 1 2 2 3 3 5 4 2 2 4 2 4 4 4 2 1 4 5 4 2 1 3 4 4 5 5 5 5 3 5 1 2 5 3 4 4 4 2 3 3 1 1 1 4 2 4 1 2 3 2 5 4 5 3 1 2 5 3 3 3 2 4 3 1 4 5 4 5 2 4 5 4 3 5 4 5 3 2 1 2 1 2 3 1 1 2 4 1 3 3 1 4 3 5 2 3 4 5 5 1 1 4 3 1 5 5 4 2 3 5 1 1 2 4 1 5 5 3 2 2 4 4 2 1 2 1 1 2 2 2 1 3 4 2 4 4 2 4 1 5 1 3 4 1 2 5 2 3 5 5 3 5 2 5 3 2 4 3 3 1 2 1 2 4 1 4 4 5 2 3 1 3 1 4 4 4 4 5 1 2 5 5 1 4 5 3 1 1 2 2 3 2 4 5 4 2 2 1 3 1 2 3 2 2 4 2 3 3 5 2 1 5 2 2 1 3 5 5 4 5 5 1 2 3 3 4 5 3 5 2 3 5 4 3 1 3 1 5 5 5 5 5 2 2 5 2 5 2 5 1 5 1 2 1 4 2 5 1 3 1 1 3 5 5 4 5 3 1 1 2 3 3 2 1 2 3 1 4 3 4 4 4 5 3 4 5 3 2 5 4 3 3 2 1 1 2 2 4 5 3 4 2 1 4 4 2 5 4 5 1 2 4 2 4 4 1 4 4 4 3 0 5 5 1 1 3 5 3 3 4 1 1 4 4 2 5 2 3 3 1 5 3 4
3 2 4 2 1 3 3 1 2 1 4 5 5 1 3 1 5 4 4 3 3 3 3 4 3 3 4 2 5 2 1 5 3 3 4 5 3 3 2 3 1 1 3 3 4 4 4 1 2 1 4 4 2 4 5 2 3 3 4 5 1 2 4 5 2 5 2 1 1 1 2 2 3 3 3 2 3 2 5 4 3 4 3 3 5 5 2 5 3 2 4 1 2 4 3 3 5 3 5 1 5 2 4 4 1 4 3 5 2 1 1 3 3 4 1 3 1 3 4 4 5 1 2 4 3 2 3 2 2 1 4 2 1 1 1 4 5 3 2 5 2 3 4 1 5 2 1 4 1 1 4 2 5 1 3 3 5 5 2 1 3 5 4 4 3 3 2 2 2 1 4 1 2 3 5 4 2 4 2 5 1 5 1 1 1 5 2 3 5 4 4 5 4 1 2 4 3 5 5 4 5 4 4 1 5 4 4 4 3 3 3 1 4 5 4 4 3 1 4 5 5 3 5 2 5 4 1 5 5 5 5 3 4 2 3 2 1 1 4 1 4 1 2 5 2 4 2 5 4 1 4 2 4 1 1 2 1 2 4 5 4 1 4 1 5 5 3 2 2 4 1 4 2 5 3 2 3 4 2 1 1 1 1 3 3 2 3 1 4 2 3 1 2 2 4 1 5 3 5 1 3 2 5 3 4 5 5 1 5 1 4 3 1 2 4 1 1 5 3 5 1 4 2 1 4 1 3 4 2 5 1 3 1 4 1 1 5 3 3 2 2 1 3 5 1 2 5 2 4 2 5 3 3 1 1 5 5 4 4 5 3 2 5 4 2 5 3 2 5 1 3 3 3 1 5 5 4 1 1 1 1 1 2 1 5 1 1 4 1 4 1 2 3 4 1 4 3 1 3 3 2 3 1 1 5 3 2 5 1 1 5 1 2 5 3 4 1 5 1 5 5 3 5 2 3 5 3 5 3 5 5 1 1 5 1 4 4 5 2 2 2 4 5 5 3 4 1 4 4 1 5 4 1 4 5 4 4 2 5 4 3 3 3 5 2 5 3 5 2 4 4 1 3 1 3 1 5 5 0 1 5 4 1 4 1 1 3 2 1 1 1 2 3 2 2 4 4 2 3 5
3 4 3 1 2 5 5 4 4 2 3 5 4 5 2 4 5 3 5 2 4 3 5 4 1 2 2 2 2 2 1 4 4 5 5 1 1 3 1 3 5 1 2 3 5 1 3 2 4 2 2 2 2 1 2 5 5 4 4 2 3 4 2 5 2 2 2 3 3 2 3 4 3 3 3 3 4 4 4 5 3 2 3 5 2 4 5 3 4 2 2 1 5 3 3 2 1 1 1 4 1 2 3 1 4 5 4 1 4 3 1 3 3 5 4 1 1 5 2 1 4 3 4 2 3 4 3 5 2 2 5 2 2 2 2 5 4 1 1 5 2 2 3 5 5 4 5 2 4 1 2 1 3 4 3 1 3 1 5 3 4 5 4 4 2 3 3 2 1 5 1 2 3 5 5 2 3 1 1 1 5 3 2 2 2 1 4 3 4 5 3 3 4 3 4 5 4 3 3 4 2 4 5 2 5 1 1 3 1 2 5 3 1 5 3 5 5 5 2 2 2 2 4 3 1 3 5 1 4 2 5 4 5 1 3 1 5 4 2 1 2 2 1 1 4 2 5 2 3 4 3 4 2 4 4 5 4 2 3 1 5 4 3 4 2 3 5 5 3 4 3 3 2 2 2 5 2 1 2 5 2 3 5 4 1 1 2 4 3 4 3 4 5 1 5 3 2 4 3 2 5 2 1 2 2 5 5 2 3 4 2 3 3 5 4 3 1 3 3 3 3 3 1 1 2 3 2 1 3 2 1 2 5 1 2 1 2 2 3 5 1 3 2 1 3 3 3 4 2 3 1 1 3 1 3 3 5 4 3 2 3 3 2 3 3 3 1 2 5 4 4 3 2 1 1 4 4 3 1 2 1 2 5 4 2 3 5 4 1 1 3 5 1 3 5 3 3 5 4 5 2 1 4 1 4 3 4 3 3 3 5 1 2 5 2 3 3 3 2 1 1 2 3 2 4 5 4 2 3 3 1 1 4 4 4 4 5 4 5 1 4 4 4 4 3 5 1 3 1 3 5 2 5 2 3 4 1 1 2 1 5 2 5 2 2 1 4 4 1 2 1 4 2 4 2 4 5 1 2 0 2 4 5 5 1 3 1 5 5 4 4 1 4 1 4 2 5 1 5 3
4 3 3 1 1 4 3 5 5 2 4 2 5 4 3 1 2 1 2 3 1 4 2 3 5 4 2 3 5 1 4 3 2 1 1 1 4 1 2 2 1 1 1 2 2 2 3 4 1 2 3 5 1 4 4 3 3 3 2 5 2 5 5 2 3 4 3 4 5 1 1 5 3 3 5 3 4 3 4 3 2 1 1 2 3 1 5 5 4 3 4 1 2 5 5 1 2 3 2 5 2 5 3 3 5 2 2 1 4 3 1 3 1 1 4 4 5 5 4 3 5 4 5 2 4 1 3 3 4 5 5 4 3 1 4 1 2 2 4 4 2 2 2 2 1 3 3 1 1 4 4 4 2 3 2 2 3 1 2 5 3 4 5 1 3 3 1 2 2 1 2 4 5 1 3 5 5 5 3 2 2 1 4 1 2 2 1 3 1 4 1 1 3 1 3 2 4 1 3 2 3 4 2 4 3 4 2 5 4 4 1 4 4 2 3 3 3 4 1 5 3 1 4 5 5 3 1 2 2 2 2 3 3 2 2 4 5 4 1 5 3 4 5 5 5 4 4 2 2 4 1 1 5 5 3 2 5 1 1 3 5 1 3 5 4 4 5 5 5 3 5 1 4 3 3 2 1 3 3 2 2 3 2 2 1 4 1 2 5 5 4 3 4 1 5 5 4 5 5 1 2 5 4 3 3 5 2 3 3 2 3 3 2 1 4 4 1 2 1 3 3 5 1 4 3 2 3 2 5 1 4 1 4 4 2 4 2 2 1 3 2 2 1 2 1 2 5 4 2 4 4 2 3 3 4 2 2 5 4 4 5 4 4 3 3 1 4 4 5 4 2 1 3 4 3 4 4 4 4 1 3 5 2 1 2 4 3 5 2 2 4 1 1 3 2 4 1 5 2 5 4 1 3 1 2 4 5 3 2 4 3 2 3 5 2 5 2 5 4 4 3 5 1 3 2 4 1 3 5 4 3 1 4 3 4 4 2 3 2 4 4 5 2 2 5 5 3 3 3 1 1 1 4 2 5 4 5 1 1 5 3 4 3 1 1 1 5 1 2 4 1 5 4 4 2 2 3 4 3 2 0 5 4 1 1 3 2 2 1 1 1 4 2 1 3 3 5 3 4 3
4 4 2 2 4 4 2 3 4 3 4 4 3 2 1 5 5 2 1 5 2 5 1 2 3 2 5 4 5 2 2 4 5 3 5 1 5 5 4 5 3 3 3 4 1 5 5 4 3 2 1 2 3 5 3 3 2 3 3 3 4 2 3 4 2 4 2 2 2 2 4 5 5 2 2 1 1 2 4 5 2 4 2 3 1 4 2 2 3 5 3 3 5 5 3 1 3 1 3 1 1 2 3 1 5 1 5 2 4 2 4 3 3 2 2 3 3 5 1 1 4 4 4 3 1 4 2 4 5 5 2 2 1 4 5 2 3 2 1 4 3 1 4 2 5 5 3 3 3 1 1 2 3 3 1 4 2 5 5 3 2 4 4 3 1 4 3 2 3 5 2 5 4 4 3 4 5 4 3 2 2 4 5 1 5 5 4 4 1 5 4 4 3 5 3 3 4 2 4 4 2 2 3 3 4 2 4 4 2 2 2 5 5 2 2 4 5 4 2 5 2 5 3 2 5 1 3 3 4 3 2 1 4 4 4 2 2 3 5 2 5 4 5 5 3 1 1 4 5 4 3 2 2 2 5 3 2 3 3 2 1 1 2 4 2 5 3 1 2 5 4 4 1 5 1 4 3 1 2 1 4 2 2 3 2 3 1 2 5 2 1 2 3 4 1 5 3 5 1 5 4 4 4 4 1 1 3 4 3 2 1 4 1 4 3 4 3 3 3 1 4 3 3 3 2 2 1 1 5 4 5 4 4 5 5 1 2 1 3 5 4 5 2 4 3 2 1 3 2 1 1 5 5 2 2 3 3 1 3 3 5 2 5 5 5 5 1 3 1 2 5 5 1 5 4 3 2 2 4 2 3 3 1 5 2 2 2 3 2 4 2 3 5 3 4 3 5 4 4 2 5 4 3 1 2 3 1 3 5 1 4 4 1 2 3 2 3 5 2 1 4 3 1 2 4 4 2 1 1 2 3 2 3 3 5 2 4 3 5 2 1 2 2 3 5 1 2 4 3 4 1 1 2 3 3 3 4 1 5 2 3 4 3 5 5 2 1 1 2 2 3 5 1 3 2 1 4 1 1 3 4 0 1 5 2 5 3 3 4 3 2 3 1 1 5 4 2 5 5 5
4 2 4 1 2 2 2 4 2 3 5 2 4 2 1 3 4 5 2 4 5 3 1 2 5 4 2 4 5 2 5 2 3 2 4 1 2 1 4 2 3 3 4 1 3 2 3 1 2 2 3 4 1 5 5 5 1 4 5 1 4 2 3 4 3 5 4 2 2 4 2 3 2 4 1 2 4 5 1 5 4 3 5 2 5 2 4 1 5 5 5 3 5 1 5 1 2 1 5 4 1 2 2 2 3 1 2 4 5 4 3 5 1 4 3 3 3 2 5 5 5 2 3 3 3 2 5 2 1 4 4 5 5 5 3 2 3 1 5 4 4 4 5 4 1 2 5 2 1 4 3 4 3 5 3 1 5 5 3 2 3 1 1 3 2 3 3 5 1 3 3 1 1 4 5 1 3 1 1 3 4 4 5 2 1 2 5 4 2 1 1 5 4 3 4 2 3 2 5 5 5 4 4 4 3 5 3 4 5 3 4 2 2 5 2 3 4 1 3 5 5 4 5 4 3 4 4 3 1 5 5 4 3 1 2 3 1 1 3 3 3 5 5 2 2 3 1 4 1 5 2 4 5 1 2 5 5 3 3 3 4 4 5 2 5 5 1 2 3 3 3 5 5 4 3 2 4 4 4 3 1 1 2 3 1 4 3 3 2 1 5 2 3 5 1 3 5 5 2 3 5 3 3 2 2 1 4 3 1 2 4 3 5 3 1 4 3 5 3 3 1 4 3 2 4 4 2 1 2 3 4 3 4 1 1 3 5 1 3 2 4 2 3 3 3 2 4 5 5 3 2 3 4 5 3 4 1 2 4 4 1 2 1 4 3 1 3 1 5 3 1 5 5 5 2 5 2 4 1 2 2 4 4 4 5 4 1 5 3 4 4 5 5 5 4 1 3 5 3 1 2 4 4 3 4 1 4 1 4 4 1 4 1 5 3 4 5 3 2 5 1 4 3 2 5 4 5 1 3 3 5 1 1 2 5 1 3 2 4 1 3 3 2 2 1 5 3 4 5 2 5 5 2 5 1 2 5 3 1 1 5 5 4 5 5 1 1 2 3 3 1 1 2 1 2 1 4 5 5 4 4 5 0 3 4 2 1 2 1 1 2 1 5 2 3 4 4 3 1 5
3 1 1 1 2 4 2 5 2 5 3 4 2 2 3 4 4 2 3 2 1 1 2 3 4 1 1 4 4 2 5 1 5 1 4 3 4 4 2 1 2 4 1 1 1 4 3 1 2 5 4 2 4 4 2 4 1 4 1 2 3 3 4 2 1 2 2 1 2 5 2 2 5 3 5 1 2 3 3 3 1 5 2 4 1 2 2 1 4 2 5 5 5 3 5 3 4 1 4 1 3 5 2 4 2 2 2 1 5 4 1 3 2 1 4 3 4 4 1 5 5 5 4 1 4 3 3 1 2 1 1 1 1 2 4 1 5 5 3 2 4 3 4 3 5 3 1 1 4 2 2 3 2 3 3 1 3 5 5 1 2 4 2 3 4 3 3 3 2 2 2 4 1 2 4 1 4 5 3 4 5 4 5 4 4 4 1 3 1 4 4 3 5 2 1 5 4 1 1 3 2 3 1 2 3 1 2 4 5 2 3 1 1 4 5 5 3 4 1 3 3 4 1 2 3 2 2 5 5 1 1 3 1 4 4 4 4 3 3 1 3 4 3 1 4 3 3 5 2 4 3 2 5 1 3 2 3 1 4 3 4 5 2 1 1 3 5 4 1 2 4 3 4 1 5 1 3 3 5 1 1 2 5 5 2 3 4 1 1 4 4 5 4 1 5 4 2 2 4 4 4 1 1 2 4 2 1 5 2 1 4 3 1 5 4 3 2 3 3 3 5 3 4 4 4 1 1 2 4 5 4 1 2 1 3 4 5 5 5 2 5 3 3 4 3 3 2 1 3 2 3 4 2 5 4 1 5 1 2 5 3 3 3 3 5 5 1 4 5 3 2 5 1 4 5 5 1 4 2 4 3 2 4 1 2 1 3 3 3 4 1 3 5 4 2 3 3 3 5 5 4 2 2 1 3 4 3 5 4 5 1 3 5 3 4 1 2 4 4 5 3 4 5 2 5 3 3 5 2 4 1 3 5 4 3 2 5 2 1 2 2 1 3 1 4 3 4 4 4 3 2 5 1 2 1 4 3 5 4 1 4 3 5 2 1 4 3 5 3 5 5 3 3 4 1 4 2 3 5 3 3 1 4 0 3 1 2 2 5 2 2 4 4 5 1 4 1 2 4 3
1 1 4 2 3 3 2 1 4 2 5 2 4 4 5 4 2 1 5 5 5 2 3 5 1 3 3 5 3 2 1 3 2 1 1 3 4 1 1 5 2 4 1 1 2 1 2 1 3 3 4 5 3 4 3 2 4 1 3 3 4 5 3 3 2 5 2 1 4 4 3 2 4 1 1 2 3 3 5 1 3 2 5 4 5 4 3 5 3 3 3 5 4 2 1 2 5 1 3 2 1 1 2 4 3 5 3 5 2 3 1 2 2 1 4 1 1 4 5 4 1 3 3 1 3 1 3 5 1 5 1 3 1 4 5 4 1 1 1 2 5 1 2 4 1 5 4 3 5 3 3 3 4 2 4 1 4 3 3 4 1 4 1 3 2 2 1 4 2 1 2 5 1 3 1 3 1 2 1 3 4 4 1 2 4 2 5 4 5 2 1 1 4 5 2 4 1 2 5 3 1 5 5 4 5 3 2 2 3 2 5 3 4 1 2 3 2 4 1 1 2 5 2 1 4 3 5 5 3 4 3 3 3 2 2 3 1 3 4 3 4 3 2 5 5 3 5 5 5 1 4 5 3 3 2 5 5 1 5 2 5 4 3 5 5 3 1 2 3 1 3 3 5 5 4 4 5 3 1 1 5 4 1 3 1 2 4 3 4 3 1 1 4 5 3 1 4 4 5 2 1 3 4 1 2 3 5 1 1 2 4 4 5 1 4 3 5 5 4 1 2 4 3 5 3 3 5 3 2 1 1 1 3 3 2 2 3 4 2 2 5 4 4 5 1 3 2 2 2 1 3 4 3 3 2 5 2 3 3 2 4 5 5 2 3 2 4 2 5 3 3 1 3 2 5 2 2 2 1 3 1 5 4 5 4 2 3 3 4 3 2 3 1 5 3 3 4 3 1 3 5 4 3 4 2 2 4 4 4 2 1 2 5 2 3 5 4 3 4 4 2 2 5 3 3 3 2 4 2 5 3 3 1 5 3 5 5 2 1 1 1 4 2 1 1 2 4 1 3 4 4 1 5 2 5 4 4 4 4 1 3 4 2 1 1 1 4 3 3 2 4 1 2 1 3 3 5 2 4 3 2 1 1 1 0 5 2 4 3 2 2 2 3 2 5 1 4 1 3 4
4 4 4 3 2 2 1 4 5 1 3 3 5 1 2 4 2 1 1 2 5 5 1 4 4 1 3 5 3 1 4 5 1 5 4 5 4 3 2 2 2 1 4 4 4 3 4 1 4 5 2 2 5 3 1 5 4 4 1 4 3 4 2 1 4 1 1 1 5 4 1 2 5 1 3 3 3 3 3 5 4 2 1 1 1 4 1 3 3 5 5 3 4 3 2 1 4 3 1 2 4 2 3 4 2 3 5 4 3 3 1 3 5 1 4 1 2 2 5 3 1 2 2 1 1 2 4 4 4 2 1 4 4 2 5 4 3 5 4 5 2 1 1 5 3 3 3 4 3 4 3 5 1 2 1 1 4 4 4 5 5 4 5 4 5 3 3 4 3 2 1 4 1 2 3 4 2 3 1 2 3 2 3 5 4 2 3 4 5 2 1 2 4 5 5 4 4 3 3 4 2 1 5 5 3 4 4 4 5 3 2 5 4 5 1 2 4 4 4 2 2 5 4 1 2 3 1 1 2 4 5 4 5 5 4 4 5 5 4 2 5 2 3 4 5 3 3 2 1 4 2 2 5 2 4 2 5 4 2 2 5 3 5 5 5 5 5 1 1 1 4 4 2 4 5 3 3 4 5 4 2 5 3 4 2 1 1 5 5 4 4 1 2 5 5 3 4 4 2 1 2 2 2 1 2 1 3 1 5 4 3 2 4 3 3 4 1 5 2 1 4 3 2 5 2 1 4 3 1 1 1 3 3 5 2 1 2 3 1 1 1 2 3 3 5 4 1 1 2 3 5 2 1 1 4 4 1 2 1 2 2 5 4 3 1 5 2 4 2 2 1 3 4 3 4 4 3 2 3 4 4 2 5 1 1 2 5 1 1 3 3 3 1 3 2 3 2 1 1 2 4 3 2 2 3 5 2 2 1 5 2 5 1 1 5 5 2 3 1 2 1 1 5 4 5 1 4 5 4 1 1 4 3 3 2 5 5 4 1 3 5 4 3 5 4 1 4 5 3 1 4 5 4 5 2 2 4 2 5 1 4 5 1 1 2 2 5 4 5 2 1 4 4 4 2 1 2 2 2 1 1 4 2 2 1 0 4 2 4 4 1 4 1 2 5 3 4 2 4 1
2 3 3 1 4 2 4 4 2 5 3 1 4 5 3 2 2 3 1 2 3 2 1 4 5 4 4 5 2 2 5 4 3 4 4 5 5 4 5 2 1 4 4 2 3 1 2 5 5 1 5 3 1 3 5 2 4 4 5 4 2 2 4 5 2 5 2 1 1 2 1 4 3 3 1 1 5 2 5 5 4 1 2 2 3 2 4 3 3 4 5 2 1 5 3 5 3 4 2 4 2 1 2 3 5 1 1 5 1 5 4 3 2 1 2 1 1 4 4 5 2 3 3 4 2 2 1 5 3 4 3 3 5 2 2 2 1 1 1 1 2 1 2 4 5 4 3 5 2 2 3 1 2 5 3 2 4 3 2 4 3 4 3 3 2 4 3 5 5 2 3 4 3 3 1 5 2 2 5 3 2 5 2 2 3 4 4 3 1 2 2 5 2 3 3 4 1 1 5 2 1 5 2 5 2 4 5 1 5 4 2 4 1 2 2 4 1 2 2 2 5 5 3 2 3 5 3 4 1 1 1 2 5 1 1 5 3 1 2 4 4 5 4 3 5 5 5 3 4 5 1 3 4 5 4 3 3 1 5 3 4 1 5 2 5 5 5 1 5 1 4 1 5 4 2 3 5 2 2 3 2 1 1 5 4 5 2 5 2 1 1 2 1 2 3 3 4 1 3 4 4 3 3 3 4 3 3 5 3 3 3 2 5 4 2 2 3 2 4 5 5 5 2 3 5 2 4 2 3 2 4 1 1 3 3 2 2 5 1 4 2 4 3 2 1 3 4 5 2 2 5 4 1 3 1 4 5 4 1 2 1 2 5 2 2 5 1 4 3 1 1 5 5 1 1 2 2 2 4 4 1 2 5 4 1 1 2 1 5 4 2 2 3 5 3 4 1 1 4 4 1 1 4 2 3 2 4 2 3 2 4 4 3 4 1 5 3 5 5 3 2 5 1 4 5 4 3 5 5 2 5 4 5 1 2 4 3 1 5 1 2 3 3 4 4 5 5 2 1 2 2 4 2 5 1 2 4 1 4 1 2 2 4 4 1 5 4 5 1 4 2 5 2 1 3 5 3 1 5 3 3 1 5 1 1 3 0 1 1 2 2 4 5 2 4 4 3 4 4 4
3 1 4 2 2 3 1 3 3 3 2 1 2 2 2 3 1 4 3 2 5 1 5 4 3 1 2 5 5 1 5 5 2 4 5 3 3 5 3 2 1 5 4 2 1 1 1 5 1 3 3 2 5 3 3 3 4 3 2 2 1 4 5 4 2 2 1 1 5 2 3 4 3 4 5 1 2 3 2 5 3 5 4 4 3 1 1 4 4 2 5 4 1 4 5 3 2 5 5 1 4 3 1 3 3 4 2 3 3 2 1 3 4 2 2 2 1 3 2 3 3 4 1 2 1 3 1 3 2 3 3 5 5 4 4 4 5 5 3 4 5 1 3 2 2 5 1 5 3 5 1 4 4 2 1 2 5 5 1 5 1 2 4 4 4 4 4 3 3 3 4 2 1 3 1 1 2 2 3 3 5 1 2 3 1 4 4 3 3 1 3 1 2 1 5 4 3 4 4 1 5 5 5 5 1 2 3 4 5 3 3 4 3 5 2 1 2 5 1 1 5 3 4 2 3 5 1 3 4 2 1 4 1 4 1 2 4 5 4 4 2 5 4 3 2 1 4 1 4 3 2 5 5 5 5 2 4 2 5 2 3 1 5 5 1 5 1 2 4 1 5 2 1 4 2 2 1 4 3 3 4 3 4 1 2 3 3 5 2 4 4 2 3 2 1 3 4 4 5 4 3 1 4 5 5 4 1 5 5 1 2 4 3 1 2 3 3 2 1 3 2 4 2 1 4 4 3 2 3 5 4 5 2 1 2 4 3 5 5 1 5 2 4 1 3 1 5 3 2 1 4 3 1 2 1 4 5 2 5 1 1 3 4 5 2 1 3 1 5 3 5 1 4 3 4 2 4 4 4 2 4 3 1 5 5 5 1 3 3 2 4 3 1 3 3 1 2 3 3 4 1 3 2 5 1 1 5 1 2 1 1 4 1 1 3 3 4 2 2 2 5 2 4 1 5 5 2 1 1 2 3 1 5 3 1 5 2 5 2 1 1 4 1 4 4 2 3 3 2 2 5 2 3 2 3 4 1 3 5 3 2 4 1 3 3 4 2 4 1 3 3 1 1 5 1 4 5 2 1 2 4 4 5 2 3 2 4 0 3 3 1 4 3 1 4 3 1 5 2 5
4 4 4 3 3 4 5 4 4 4 4 4 1 1 4 5 2 5 5 2 3 2 4 2 1 2 4 4 5 3 5 1 5 1 3 5 3 1 3 4 3 5 2 1 1 1 2 2 1 5 1 3 1 1 4 5 5 1 3 4 4 4 5 1 5 3 1 5 5 1 3 3 5 4 4 4 1 5 3 5 5 3 2 2 4 3 4 5 4 3 1 3 4 5 2 4 3 2 5 2 5 2 3 5 5 4 2 1 1 5 2 2 3 1 4 2 5 1 2 4 1 2 3 1 5 3 4 1 1 4 3 3 1 2 4 1 2 2 2 4 2 3 4 3 1 4 3 4 4 1 4 4 3 1 3 1 5 4 3 3 3 5 4 3 3 2 5 3 4 3 5 5 3 1 3 2 4 5 2 5 4 5 2 5 2 4 4 1 1 5 4 2 5 4 4 4 4 3 1 1 5 5 4 4 4 2 4 2 1 3 4 4 4 3 4 5 1 5 2 2 5 5 5 2 3 2 4 4 3 3 2 3 3 4 4 3 1 2 4 2 1 4 2 5 5 4 2 5 1 3 5 5 4 5 3 4 5 3 5 4 5 3 2 3 5 2 3 4 2 5 5 3 3 3 2 4 2 3 4 4 2 3 4 4 1 1 5 5 1 5 3 3 3 2 4 5 1 3 4 2 1 5 1 2 1 1 3 2 5 2 1 3 2 3 4 1 1 1 4 4 3 2 1 4 5 3 1 2 2 1 2 5 4 2 1 4 5 5 5 4 5 1 5 3 1 5 5 1 1 2 3 5 1 1 2 1 2 5 1 3 2 4 1 4 5 2 4 1 4 2 4 2 5 2 3 2 2 2 4 2 2 3 2 1 4 2 1 2 5 3 1 4 3 2 2 2 2 1 3 1 3 1 4 5 3 1 4 4 3 2 5 1 2 3 5 1 1 3 2 2 3 4 4 5 2 1 3 1 5 3 2 2 2 2 5 3 3 2 2 2 3 5 1 3 3 1 4 2 3 4 2 1 1 1 2 5 1 5 1 3 5 2 3 3 3 5 5 4 1 4 3 3 4 1 5 1 2 3 5 2 3 2 4 5 2 1 1 3 0 2 4 3 4 2 1 2 3 2 1 5
1 5 5 2 2 5 4 5 2 2 5 4 4 2 3 2 4 5 1 5 5 3 2 2 1 4 3 3 2 4 1 5 5 5 4 1 1 1 5 3 3 5 1 3 5 5 2 4 2 5 5 3 4 5 2 2 2 1 5 4 1 4 5 3 3 4 1 5 1 3 4 5 4 1 1 1 2 1 5 4 5 2 2 4 1 5 2 5 4 4 3 3 4 3 5 3 1 4 3 4 2 5 1 5 2 2 4 2 3 4 3 2 5 4 3 3 3 3 2 3 4 1 5 2 3 4 5 5 4 5 2 2 1 3 5 1 3 1 1 2 1 1 4 4 5 3 5 1 3 2 3 1 4 4 1 5 5 5 2 5 4 1 4 1 5 5 5 3 3 2 1 2 2 4 1 2 5 2 3 2 5 3 4 5 3 5 4 2 5 3 4 1 2 2 4 2 3 3 3 1 2 1 5 2 2 4 5 1 5 1 1 5 4 2 4 4 4 3 3 5 4 1 5 1 3 3 2 5 3 1 3 1 3 1 1 3 5 1 5 2 1 5 1 5 3 1 4 2 1 3 2 2 4 3 5 5 4 2 3 3 2 4 4 4 5 2 3 5 5 1 4 1 1 1 4 5 1 5 4 1 1 1 4 2 2 4 5 5 4 1 5 4 4 3 5 2 3 2 3 3 5 3 4 2 3 3 4 3 3 3 1 5 1 4 1 1 2 4 1 5 5 4 1 2 2 5 5 2 1 5 4 5 5 2 1 3 5 3 2 1 1 1 2 5 1 4 3 5 5 5 2 5 4 1 3 3 1 4 4 5 5 2 5 4 5 3 2 1 1 4 3 5 5 3 4 2 5 5 5 5 2 3 2 3 1 5 5 5 5 4 3 5 5 2 1 2 4 5 4 4 3 2 1 4 2 4 1 3 4 3 3 5 1 2 5 3 3 5 5 5 2 1 3 5 4 4 3 4 3 4 5 2 5 3 5 2 2 4 5 3 5 4 1 3 3 3 2 4 1 5 4 4 5 1 1 1 4 3 3 4 2 2 2 3 2 2 1 5 4 3 4 3 2 4 1 1 2 3 5 4 4 3 3 5 1 4 1 5 1 0 1 2 3 2 4 3 5 2 3 3
1 1 3 3 2 4 2 5 4 1 4 4 5 1 4 2 3 2 1 2 1 5 1 4 3 5 3 2 2 1 4 4 5 2 5 3 2 5 2 2 1 5 3 1 4 4 5 1 2 5 1 4 3 4 3 3 5 3 1 3 1 2 3 5 3 4 3 2 5 3 3 5 1 2 5 2 3 1 3 3 1 2 1 1 1 5 5 5 5 4 1 3 3 3 5 5 3 3 1 4 2 4 2 2 5 2 5 3 2 4 2 3 1 3 2 2 3 2 4 1 2 1 1 5 4 3 1 2 5 3 1 5 1 1 1 5 2 5 5 2 4 4 4 2 4 5 4 3 4 5 4 5 4 5 4 2 4 2 3 4 3 5 3 3 5 2 2 2 1 5 1 3 3 2 2 3 2 3 2 5 1 3 5 2 3 2 5 1 5 1 5 1 1 3 1 4 1 3 4 4 4 5 3 3 3 4 1 5 4 2 4 5 1 3 1 4 1 3 1 2 1 1 2 4 1 2 4 5 1 1 3 4 5 4 5 1 4 4 4 5 4 2 5 1 3 5 5 5 4 1 1 5 1 1 2 2 3 2 1 1 2 5 4 2 4 1 5 4 5 5 3 4 3 5 5 3 5 1 3 3 3 2 3 2 1 5 5 4 2 4 3 3 2 3 2 5 2 1 3 2 3 3 2 3 3 3 3 2 4 4 1 3 4 3 3 1 2 1 4 1 5 1 4 4 3 3 1 3 1 5 3 1 5 4 5 3 2 3 3 5 4 2 2 2 4 1 2 1 3 2 3 3 5 3 4 2 5 3 4 5 1 4 3 4 3 4 5 2 3 5 3 1 5 4 5 4 4 2 5 5 3 1 1 4 3 3 4 4 2 2 4 3 4 5 3 1 5 1 4 4 1 1 1 1 1 4 2 5 2 4 3 3 5 2 3 5 2 5 5 5 2 2 4 4 3 4 5 2 5 1 3 2 1 3 2 5 5 5 4 3 1 3 3 2 5 1 1 1 4 4 1 3 1 1 4 1 1 4 3 3 5 3 3 1 2 5 2 3 5 2 2 1 1 2 5 2 2 2 1 5 2 5 3 2 1 2 4 2 4 1 0 2 5 4 1 1 2 3 3 4
4 2 3 1 3 3 5 4 2 4 4 4 2 3 2 1 4 2 2 4 5 1 5 5 4 2 4 4 2 2 2 1 2 5 1 1 5 3 4 3 3 3 2 1 2 4 5 5 1 2 4 5 1 2 2 4 3 3 2 3 3 1 4 4 5 5 4 3 1 5 4 5 4 4 5 1 4 2 3 2 4 4 3 4 4 1 3 5 3 2 5 2 4 1 3 2 4 4 4 1 2 5 3 4 2 1 4 4 1 4 1 1 5 4 1 1 3 5 1 3 2 4 2 1 2 1 1 5 1 3 3 3 5 5 3 3 5 1 1 3 1 4 2 3 3 4 1 3 1 4 1 1 2 2 3 5 4 1 2 1 5 1 3 3 1 4 5 3 1 1 4 1 5 4 1 2 1 1 2 5 4 1 2 1 2 4 5 3 4 1 1 5 2 1 3 2 1 1 5 5 1 5 1 3 5 2 5 4 2 3 5 3 5 4 2 3 3 5 3 3 3 4 4 4 1 4 1 1 3 3 2 1 5 5 4 5 3 3 5 2 2 5 1 4 2 5 5 4 1 2 4 5 5 2 1 3 4 1 1 5 3 5 5 2 1 3 5 4 2 1 4 4 4 4 1 4 1 3 2 5 2 1 2 1 1 3 4 5 2 4 3 2 1 3 5 1 4 1 5 2 1 3 3 4 4 1 3 5 3 2 1 2 1 4 2 3 5 4 3 4 5 4 2 3 2 2 5 2 5 3 3 1 1 2 1 3 1 5 2 4 3 3 3 3 5 4 3 4 1 2 1 1 5 3 2 1 2 1 4 2 4 5 4 5 5 3 3 4 3 5 5 3 1 2 2 2 1 1 1 4 1 1 3 1 3 3 2 2 4 1 1 3 5 3 1 1 4 5 2 5 1 5 4 3 1 5 5 2 4 4 2 4 1 4 2 2 5 1 3 3 4 1 4 3 4 4 1 3 5 3 4 1 5 4 4 2 3 3 5 3 3 3 5 5 2 4 3 4 3 3 3 4 1 5 4 4 3 3 2 4 2 4 5 4 3 1 5 3 1 2 5 5 1 1 4 1 5 5 1 4 5 4 5 3 1 5 3 4 1 2 1 0 3 5 4 4 1 1 5 3
3 2 2 3 2 2 2 4 2 3 5 1 4 5 1 3 3 3 1 2 3 3 1 3 1 4 5 3 4 2 1 3 2 3 1 3 2 4 5 1 1 3 1 4 4 2 2 5 4 4 4 4 5 4 2 1 2 2 3 2 1 1 4 5 4 1 2 3 1 5 5 1 2 4 4 1 1 2 4 1 2 4 5 5 5 4 1 2 5 5 3 3 3 5 4 3 4 4 4 5 3 4 3 5 5 2 1 3 3 3 3 2 3 4 4 4 1 5 2 2 1 4 2 5 1 3 2 3 5 1 5 4 1 2 5 3 2 4 4 3 3 1 1 3 5 5 2 3 2 2 2 3 3 5 4 1 1 5 1 2 3 2 2 3 1 2 4 2 2 2 2 3 3 5 4 5 5 4 4 3 4 3 2 4 3 1 4 2 2 3 4 1 3 4 5 3 2 4 4 2 4 4 3 4 2 3 1 2 1 4 4 2 3 2 4 2 3 3 1 4 5 1 5 1 4 1 5 2 5 2 2 4 1 5 3 1 4 1 1 1 1 1 4 3 3 5 3 3 4 1 5 3 4 4 2 4 4 5 1 5 4 1 3 4 2 2 3 2 5 3 5 1 1 3 2 4 5 5 4 5 5 4 1 4 5 3 3 5 3 4 4 1 4 4 3 2 4 2 1 5 4 3 4 1 1 5 5 5 5 4 3 5 5 3 2 2 3 4 3 5 5 3 2 4 1 2 3 1 2 4 5 4 2 5 4 3 2 5 1 1 1 3 5 2 1 4 1 2 3 1 2 2 4 1 3 3 1 5 5 5 2 4 3 4 1 2 2 3 1 1 2 2 3 2 4 5 5 1 2 3 1 1 2 2 1 1 4 2 2 3 3 3 4 5 3 2 5 1 5 1 2 3 3 3 2 5 4 1 1 2 5 2 3 3 3 5 1 5 2 1 2 5 1 5 4 5 5 5 4 2 2 5 5 1 3 5 1 3 5 4 1 2 1 5 3 4 1 3 2 2 3 5 1 1 4 3 2 4 1 1 4 5 4 1 2 4 5 2 1 2 1 1 1 5 3 5 4 3 2 2 1 5 2 4 3 5 1 2 5 2 2 1 0 3 2 4 2 2 3 5
2 4 3 4 1 1 3 4 1 3 5 3 4 2 4 4 3 3 2 1 2 3 3 5 5 4 4 5 4 1 5 4 1 1 4 5 1 4 1 3 5 1 2 1 1 2 2 5 5 1 1 2 5 3 1 5 2 4 4 1 4 5 4 2 2 5 5 4 5 3 3 5 1 1 2 2 4 1 4 3 2 3 2 5 4 3 2 3 2 1 1 5 4 1 4 1 2 3 2 5 2 1 4 3 5 1 4 1 1 5 4 2 4 5 2 2 5 2 4 3 4 3 1 1 1 1 3 2 2 5 3 1 2 5 3 1 5 5 1 1 2 2 1 4 3 2 5 4 4 5 1 4 5 2 3 2 1 3 5 4 5 5 3 1 5 1 4 4 1 1 2 4 2 3 3 1 3 4 4 2 1 4 1 1 4 4 3 1 1 3 2 1 3 3 2 4 5 1 1 5 5 2 5 1 1 2 5 5 1 1 2 2 2 5 3 4 3 1 3 4 2 5 3 5 3 5 3 5 3 1 4 1 5 4 3 4 3 4 3 4 2 5 3 3 4 1 1 3 1 4 3 3 5 2 5 2 1 2 4 2 2 4 1 4 1 4 1 1 2 1 1 3 4 5 3 1 5 2 1 4 1 1 4 1 1 2 4 2 4 5 1 5 5 5 4 4 4 2 3 2 4 1 4 2 4 3 1 3 1 4 2 4 2 1 4 1 1 4 1 2 2 3 2 5 4 3 1 1 2 2 5 1 2 4 3 3 5 2 3 2 4 4 1 5 2 1 5 5 2 2 2 1 4 5 1 4 3 2 4 2 2 5 5 3 3 4 4 3 1 5 1 1 1 3 2 3 3 2 5 2 5 3 5 2 5 1 2 1 3 4 3 3 4 2 3 4 2 3 2 1 3 2 1 1 5 5 3 3 1 4 2 5 3 1 3 1 1 3 3 3 4 2 5 1 4 4 4 2 5 5 3 2 2 3 4 1 1 2 3 3 4 5 2 3 3 5 4 2 2 2 5 1 3 5 1 3 5 1 3 2 5 1 4 3 2 2 1 2 2 2 5 5 4 2 4 5 5 4 3 3 4 1 1 5 1 1 1 1 2 4 4 3 2 0 4 2 2 4 2 4
5 2 4 2 1 1 3 3 4 2 3 3 5 1 5 3 2 3 1 5 1 3 3 4 4 1 4 1 4 1 5 3 5 4 2 2 2 2 3 5 1 5 1 1 5 3 1 4 3 1 2 3 4 2 4 1 2 5 1 4 2 4 3 1 4 2 3 2 4 4 2 1 1 2 2 2 1 2 5 5 5 1 4 3 5 2 1 3 3 3 3 3 4 5 5 3 1 1 3 5 2 4 4 1 1 5 3 3 4 3 1 4 3 1 3 4 2 1 4 3 2 2 1 3 3 2 1 2 4 1 1 1 5 5 2 3 4 5 1 2 3 2 1 2 1 5 2 3 3 3 1 2 1 5 4 2 5 4 4 4 5 4 4 1 2 2 5 3 4 1 5 1 3 1 3 3 4 2 4 3 3 5 2 4 5 5 4 3 5 1 1 3 4 1 1 4 3 1 2 5 1 2 5 1 5 5 1 3 3 1 3 2 1 2 1 1 2 5 2 2 5 4 4 3 4 3 3 2 5 3 5 4 3 2 3 2 4 2 4 4 2 5 1 3 5 1 3 4 1 1 2 4 3 4 3 2 2 3 5 4 3 5 4 2 1 5 5 3 4 1 1 4 5 4 4 1 2 4 1 2 5 4 1 2 3 1 3 4 2 5 3 5 4 1 1 3 5 2 1 5 3 1 5 1 3 5 5 5 2 2 3 4 3 1 4 3 1 2 1 5 5 3 4 4 2 2 2 3 4 2 1 2 2 2 2 4 5 2 5 5 3 5 3 3 1 1 2 4 3 2 5 1 5 3 2 2 2 1 4 2 2 3 4 4 2 4 5 2 3 4 4 1 4 1 3 1 1 2 2 3 4 3 2 1 4 4 5 2 3 2 1 1 3 5 3 4 2 4 5 3 2 4 4 4 1 4 2 1 3 5 3 1 3 3 5 5 3 1 5 5 5 2 3 1 1 2 4 5 1 4 3 1 1 4 3 5 4 1 1 4 3 5 3 5 3 2 1 3 1 4 2 5 1 4 2 5 5 2 5 5 4 1 4 1 5 4 5 4 5 3 4 2 1 4 3 5 3 2 3 1 2 5 5 5 2 1 2 4 4 2 1 4 3 5 0 3 5 2 2 3
4 5 4 4 4 3 4 2 5 3 3 3 2 1 3 5 5 1 4 3 4 3 1 4 2 4 5 3 5 1 3 1 3 2 1 2 4 5 4 1 4 1 2 3 5 2 4 5 1 4 3 1 1 1 3 1 1 1 3 2 2 2 5 3 5 2 2 1 4 1 4 2 4 3 2 2 2 3 1 5 2 1 4 4 1 2 5 1 3 3 5 2 5 1 4 1 4 2 2 1 1 3 2 1 3 3 1 2 1 2 4 5 1 4 3 1 5 3 3 1 5 2 4 1 4 1 3 4 2 5 4 4 1 3 3 2 1 2 2 5 3 2 2 3 3 3 5 1 5 4 2 3 4 2 5 2 1 2 2 2 2 2 1 3 5 5 2 4 5 1 1 3 4 3 3 4 4 5 1 5 1 4 3 1 5 2 2 1 4 2 3 3 4 3 4 1 4 4 2 4 3 4 3 2 5 5 1 4 3 5 1 3 1 5 1 5 4 4 1 3 3 2 5 2 2 3 4 4 4 4 1 2 2 4 3 3 1 1 4 4 5 5 3 4 5 4 2 4 4 5 5 3 1 2 5 2 4 1 2 4 3 1 4 3 5 2 3 1 4 2 1 5 5 3 4 3 3 2 2 4 5 2 2 5 2 3 2 2 2 3 3 4 4 4 5 3 5 5 3 5 5 5 2 4 1 2 5 1 2 1 2 1 2 4 4 2 1 1 3 4 2 1 4 2 2 5 4 4 5 3 2 1 4 3 1 4 4 2 1 3 4 1 2 2 4 5 5 2 2 1 5 3 4 3 2 1 1 5 2 2 3 4 4 4 3 3 4 1 5 3 4 2 3 3 4 2 3 3 2 4 1 3 4 3 4 4 4 3 2 1 5 4 3 3 5 1 2 5 5 4 1 5 3 3 4 2 2 3 3 1 4 5 5 5 3 2 5 3 4 2 1 3 5 1 5 4 4 3 4 1 5 1 1 3 4 4 3 1 2 3 4 2 4 1 5 4 3 3 5 5 4 3 3 3 3 5 1 5 2 4 3 1 4 1 3 3 4 2 3 2 2 1 2 5 5 2 3 3 4 5 2 1 2 2 1 2 2 2 1 2 2 4 2 5 4 0 3 5 1 4
2 3 1 4 1 3 1 4 2 2 5 5 5 1 5 4 1 1 5 3 2 1 3 2 1 2 4 4 4 2 3 1 3 5 4 5 5 5 3 2 3 4 4 3 2 4 5 1 3 5 3 3 1 2 2 2 4 3 2 5 4 1 3 2 4 1 5 1 5 2 1 5 5 2 4 1 1 4 2 1 4 1 3 3 4 3 5 2 3 4 2 2 4 5 3 1 1 3 3 1 1 4 4 3 2 5 1 4 4 5 3 5 2 1 3 1 3 5 2 2 1 2 1 3 5 3 1 1 4 3 3 3 1 5 5 2 4 1 5 1 1 3 4 5 2 5 2 2 3 1 2 5 4 4 1 5 2 3 2 3 4 1 3 1 2 2 2 4 3 1 4 5 5 5 3 5 3 4 1 1 3 4 5 4 5 3 4 1 5 2 5 2 4 4 3 3 1 4 2 2 4 2 5 1 5 1 4 5 5 5 2 3 2 3 5 2 4 1 5 4 2 4 2 5 1 3 2 3 4 4 3 3 1 5 4 1 4 2 4 1 3 5 3 2 4 2 2 3 5 1 3 5 3 2 2 4 3 4 1 2 1 1 4 2 4 3 4 3 1 2 2 2 1 5 3 5 2 3 3 4 5 5 4 1 2 4 1 2 3 5 2 4 3 1 4 1 3 3 1 4 5 1 3 1 1 1 4 5 3 4 2 5 3 5 5 4 4 1 3 1 2 2 4 2 1 1 1 1 2 4 5 1 4 3 2 1 2 3 1 1 1 1 5 4 1 2 1 5 5 4 3 4 3 5 2 2 2 1 1 5 4 1 5 4 2 5 1 4 5 1 3 1 5 2 1 3 5 2 5 2 1 1 4 5 1 3 1 2 1 2 5 3 2 5 4 4 3 4 3 3 1 3 1 4 2 2 3 5 3 3 3 1 5 2 5 5 3 4 5 2 1 3 1 4 4 3 3 5 1 4 5 2 1 1 3 5 4 4 4 1 5 5 5 4 4 1 3 3 1 3 4 4 1 1 1 3 5 2 4 3 3 1 2 1 5 2 2 5 5 5 1 5 1 5 1 5 1 4 2 3 5 3 5 1 1 5 4 5 1 1 1 3 2 2 1 4 0 4 5 5
1 1 1 4 4 4 3 2 1 3 5 3 3 3 5 1 5 5 2 3 3 5 5 1 1 4 5 2 2 1 5 3 3 1 5 2 5 3 4 5 1 4 1 2 1 2 4 2 2 3 3 1 4 5 3 4 2 4 2 2 1 2 1 1 4 1 3 4 1 2 4 1 2 3 1 2 4 5 2 5 2 3 2 4 2 5 3 1 1 2 5 5 2 2 3 2 1 2 3 1 1 1 2 2 5 5 5 3 5 5 4 4 2 2 4 2 2 1 4 1 1 3 2 4 5 3 4 3 4 4 4 2 3 2 3 1 2 5 1 2 4 2 2 5 3 2 3 4 5 5 1 3 3 3 5 4 2 2 2 3 2 4 5 4 1 1 1 5 4 2 5 5 2 5 1 1 4 4 3 5 2 4 2 3 1 2 2 3 4 4 4 4 2 2 2 5 5 1 1 5 1 3 3 1 1 4 4 2 1 5 4 5 1 4 3 1 3 3 4 1 5 4 3 2 3 2 2 3 2 1 4 1 1 5 3 2 1 5 1 4 1 1 2 1 4 4 1 5 2 1 5 3 2 2 4 4 2 4 5 2 4 2 5 5 5 3 2 2 4 5 1 5 2 2 4 1 3 4 5 1 4 5 3 4 5 5 2 3 4 2 5 4 5 1 4 2 4 3 3 2 4 4 4 2 4 3 3 5 3 4 5 1 4 1 4 2 3 1 2 3 5 4 1 1 3 1 5 2 3 3 4 4 1 1 3 2 3 3 5 3 1 4 5 3 3 2 1 2 2 2 2 3 2 2 3 3 2 3 4 4 2 4 4 2 1 3 2 2 3 5 1 4 2 2 3 3 3 5 5 5 3 5 2 2 3 2 5 1 1 1 3 2 3 5 2 3 5 3 3 3 3 1 1 1 2 4 2 3 5 5 4 2 4 5 4 4 3 5 4 3 2 5 2 3 2 4 1 5 2 1 4 5 2 4 2 4 3 3 5 2 5 4 1 1 3 5 1 4 2 2 3 3 4 1 1 2 2 3 5 3 5 4 3 1 1 1 5 3 4 3 2 1 3 4 3 3 2 2 2 4 1 4 1 2 2 5 4 2 1 1 1 2 4 5 5 3 1 0 5 2
5 3 2 3 1 2 5 1 1 3 3 4 5 3 2 4 4 3 5 3 5 5 5 3 3 5 3 4 3 2 4 1 5 3 3 3 5 3 5 1 2 2 3 2 5 5 2 1 3 2 1 1 5 5 1 5 5 3 1 5 3 2 5 3 1 2 3 2 2 2 4 5 5 2 1 3 2 1 1 4 1 1 1 2 2 5 3 1 1 2 5 5 1 4 5 3 5 3 1 5 2 4 2 2 5 1 1 3 5 1 3 4 4 1 4 3 1 5 5 4 4 5 3 5 3 1 3 1 4 4 2 5 3 4 1 3 2 3 1 2 2 1 3 1 2 2 2 5 3 5 3 4 4 3 5 1 4 4 2 3 2 4 4 1 4 2 4 2 1 1 1 2 2 1 5 4 5 5 1 4 5 3 1 5 2 2 2 3 1 1 2 5 3 4 1 5 5 3 2 5 5 4 1 5 3 3 4 3 2 2 4 3 3 4 4 1 5 4 4 5 2 2 5 2 3 2 4 1 5 2 1 1 5 4 4 1 3 5 1 3 3 1 4 3 4 5 3 5 4 2 1 2 2 4 3 5 3 5 3 2 1 2 3 2 2 3 3 4 1 2 5 2 3 1 4 5 2 1 3 4 4 5 3 4 1 5 1 2 2 3 2 4 1 4 3 4 4 2 2 1 2 1 3 4 5 4 1 1 4 2 5 3 2 3 3 3 5 3 4 1 1 3 1 2 1 1 2 1 2 1 5 1 1 1 2 1 2 2 1 3 5 3 4 2 5 1 2 2 2 2 1 5 5 5 2 5 1 2 4 5 5 1 5 2 2 2 4 4 1 5 1 4 3 1 4 5 5 1 1 2 5 4 1 4 1 3 1 4 3 4 3 5 4 5 4 5 4 3 3 1 5 4 3 4 4 1 1 5 2 1 2 3 2 1 3 1 2 4 4 1 4 5 1 1 4 4 3 4 5 1 3 1 4 4 5 5 1 1 5 2 3 4 5 5 1 5 4 1 4 5 2 3 1 5 1 1 2 2 3 4 3 4 2 1 2 2 1 2 5 5 1 3 3 2 1 4 4 2 5 5 4 5 2 5 3 2 3 2 2 1 1 3 5 2 2 3 3 3 0 2
4 4 5 3 3 3 3 3 4 4 5 5 5 5 3 3 5 5 5 4 2 4 2 5 2 4 3 2 1 4 5 1 3 2 3 4 3 1 4 4 4 5 3 1 5 2 1 1 5 4 5 5 5 4 3 4 4 3 3 5 3 1 4 2 2 3 1 4 2 4 1 1 3 3 5 3 3 5 5 5 1 5 4 2 5 4 5 4 4 5 1 5 5 1 2 4 4 1 4 3 3 1 2 4 2 2 4 1 1 1 1 2 1 2 1 1 2 3 1 2 1 1 5 3 5 3 1 2 2 5 5 1 2 4 2 5 4 3 1 1 3 3 3 5 5 1 2 5 1 2 3 4 1 2 3 5 3 2 3 3 3 3 2 2 1 2 3 2 4 5 4 5 5 2 5 1 2 5 3 5 2 2 5 2 5 3 4 1 2 1 2 3 2 1 4 5 1 5 1 3 5 3 2 3 3 3 2 1 4 1 5 3 2 5 3 3 1 4 5 5 1 3 5 5 1 3 2 5 3 2 1 4 4 2 2 4 4 2 3 2 4 5 5 4 1 2 2 5 1 1 5 1 2 5 5 3 2 5 3 1 1 5 2 2 5 2 4 5 5 2 5 1 4 4 3 1 4 5 2 5 2 1 5 1 2 4 5 1 4 1 5 2 4 2 2 3 1 3 3 1 3 4 4 3 3 4 5 5 4 4 3 4 2 2 2 3 2 4 2 5 4 2 3 4 1 4 1 1 1 4 3 3 5 4 2 3 4 2 3 4 5 4 4 2 5 4 5 4 4 4 1 1 5 5 1 5 5 1 2 3 1 5 4 2 5 5 1 1 3 4 1 5 3 1 1 4 2 4 5 1 2 2 5 5 4 4 1 2 3 4 3 4 4 1 2 2 1 2 5 5 3 5 4 5 1 3 1 2 5 2 5 3 5 4 4 5 2 2 4 2 2 2 3 3 5 1 4 1 4 3 5 3 4 5 4 1 5 5 4 3 3 4 3 1 2 2 2 4 5 1 1 3 5 2 1 5 5 1 5 2 1 4 5 3 4 4 5 4 1 2 5 5 2 1 4 4 2 1 4 1 5 4 5 3 1 5 3 4 1 3 1 3 5 5 4 4 2 4 1 0
