250
31 17 36 38 87
20 27 46 12 23
29 41 9 42 40
25 32 18 45 97
42 48 16 33 37
14 15 40 6 28
9 16 16 30 43
50 44 38 23 76
7 50 7 27 19
22 30 40 46 77
50 7 14 19 65
31 49 18 12 12
24 24 47 13 95
47 40 47 31 84
23 17 17 39 17
27 49 29 29 39
9 21 35 45 68
26 11 31 17 94
26 38 28 6 41
11 12 10 9 43
14 15 31 14 22
16 39 8 39 49
46 38 44 15 32
40 11 43 14 96
23 49 27 27 92
43 43 28 19 19
32 6 12 43 12
43 21 12 17 22
23 33 16 11 88
5 11 8 45 21
34 49 45 7 25
7 16 42 32 6
19 23 28 33 46
16 37 26 13 94
10 24 48 46 4
42 33 7 17 49
38 25 25 35 28
42 26 20 38 21
48 47 23 27 30
25 46 29 36 82
17 10 40 28 99
46 15 17 15 27
33 19 14 36 80
32 27 10 6 42
13 30 13 27 78
23 5 29 38 100
49 46 48 29 8
47 43 27 47 98
35 34 41 37 9
20 50 39 44 17
47 31 23 46 100
49 39 25 14 100
6 34 46 24 38
8 26 45 5 81
25 50 18 30 62
42 24 31 5 87
14 18 50 38 99
18 20 49 32 79
11 21 27 28 38
22 35 6 24 19
41 40 50 35 22
7 21 8 19 10
5 46 31 37 88
46 46 28 38 97
6 43 29 25 36
36 50 19 9 51
19 49 21 20 8
23 47 6 25 33
21 7 14 31 70
8 47 28 31 63
40 15 49 22 1
37 33 19 36 37
45 24 34 21 41
26 28 6 9 26
7 38 28 23 58
28 50 23 43 17
20 24 46 22 68
17 9 14 40 16
8 27 31 24 36
8 14 6 49 0
24 48 16 44 60
42 32 41 39 50
41 50 22 37 21
26 13 44 27 57
27 8 19 8 4
18 29 32 23 60
18 30 20 11 91
11 13 44 8 28
25 50 8 20 88
18 30 32 22 79
7 28 16 23 81
10 44 41 23 41
30 46 49 26 48
40 40 30 36 40
32 43 36 37 34
20 13 11 28 18
24 37 40 14 74
25 50 26 20 72
42 17 10 17 4
26 19 33 40 18
25 40 5 27 62
47 18 26 43 7
10 49 24 30 45
18 9 39 32 76
8 17 42 31 96
9 35 9 49 67
34 48 34 48 97
40 43 41 38 19
11 15 30 30 99
26 17 49 50 91
11 13 5 43 28
21 49 7 13 87
8 36 50 19 77
27 10 38 12 22
8 10 40 31 92
35 13 7 50 47
36 49 46 15 94
30 45 41 35 0
5 41 24 12 76
11 9 16 50 82
11 21 50 41 75
16 22 27 34 98
14 43 18 42 71
15 6 34 26 51
17 36 10 27 94
17 15 17 40 73
44 50 27 28 56
21 38 18 30 77
10 34 37 25 43
38 8 32 37 51
29 44 44 14 12
7 32 49 29 3
40 9 19 7 2
29 46 21 13 17
27 34 34 48 24
17 49 47 6 10
15 13 50 34 64
40 17 25 39 45
48 33 20 5 15
5 36 43 37 77
25 24 42 41 71
25 42 37 16 7
42 30 45 13 53
40 21 13 26 44
13 35 48 37 40
43 6 47 7 97
46 18 31 43 26
27 26 17 32 92
23 22 20 25 9
45 19 28 47 59
35 35 18 39 100
45 10 25 27 74
41 32 10 6 57
50 5 28 10 87
5 39 42 29 1
10 11 22 6 37
46 22 11 50 30
11 11 17 26 39
25 13 42 18 87
50 29 7 49 35
25 42 32 18 54
16 19 8 20 90
6 47 10 23 87
42 40 43 10 93
19 33 49 33 32
16 15 10 48 87
34 47 41 34 80
43 16 10 38 72
30 7 5 27 48
15 7 6 17 100
22 46 21 21 91
8 44 31 8 6
50 6 23 5 72
35 43 45 44 82
37 35 5 18 36
28 40 30 48 9
6 15 9 19 85
39 38 31 24 95
25 8 13 42 16
33 45 34 16 19
39 48 48 48 98
20 26 42 16 92
6 35 41 28 30
16 25 11 40 42
50 27 29 29 45
44 29 45 5 71
39 38 40 7 20
16 25 6 16 75
15 13 20 12 0
22 31 43 10 80
21 50 36 43 12
36 25 49 12 34
26 32 46 12 24
5 31 50 6 79
33 17 30 20 42
46 6 12 50 6
43 30 43 6 6
30 22 17 16 10
14 29 45 6 42
24 49 44 17 0
41 45 35 24 85
43 40 20 26 16
32 12 11 48 22
41 37 12 8 77
11 31 33 30 36
12 21 46 43 65
6 22 35 45 99
44 18 9 31 45
30 6 36 7 91
18 27 32 5 56
7 17 13 41 48
34 11 12 50 61
34 28 44 9 99
32 27 27 41 5
38 8 46 46 55
17 18 15 27 75
13 8 31 39 43
7 8 18 42 23
41 45 10 26 97
30 43 46 27 46
34 45 39 32 96
30 36 31 45 97
41 37 36 11 65
34 18 38 46 63
6 49 32 42 85
42 13 6 43 69
40 38 28 43 83
34 30 27 13 92
31 10 20 38 18
23 45 6 28 20
37 46 18 49 78
25 28 47 9 45
25 26 18 34 20
23 18 8 30 30
43 29 46 33 74
29 32 8 47 85
27 5 10 17 98
29 47 32 35 0
26 43 17 7 98
33 48 21 37 94
35 25 20 40 99
31 30 49 17 17
13 27 20 16 43
16 13 31 13 3
14 15 24 5 55
29 24 23 41 70
13 45 44 44 97
27 38 5 10 66
28 45 9 12 78
41 35 16 18 93
0 1 1 2 4 3 5 3 5 4 4 4 2 2 4 1 2 1 1 5 4 4 1 1 2 4 1 2 1 2 3 3 3 3 5 5 5 2 3 1 2 2 2 1 1 3 3 3 4 3 3 4 3 4 1 2 2 5 2 2 4 1 2 4 2 3 4 4 5 1 1 3 5 4 3 4 5 4 2 4 1 5 3 3 1 3 3 1 1 4 3 4 5 2 1 3 3 4 5 5 3 2 3 5 3 4 1 3 4 3 3 2 2 1 4 2 1 5 2 5 3 4 3 3 4 5 3 2 5 2 1 4 4 5 3 4 4 5 2 2 3 3 1 2 4 3 3 2 4 4 5 4 3 2 4 1 5 1 5 1 5 2 1 3 3 5 2 5 4 4 4 1 2 4 3 1 3 2 1 5 4 1 5 2 4 1 5 1 1 5 4 2 3 4 3 3 5 5 2 1 1 2 2 4 2 4 5 1 3 2 3 2 5 5 4 1 3 1 2 4 4 1 2 4 3 2 4 4 5 1 5 5 2 3 5 2 1 1 1 2 2 4 2 5 3 4 1 2 1 2
1 0 2 5 2 4 1 2 5 2 2 2 1 3 3 2 5 3 5 4 4 3 4 5 1 4 5 1 4 2 2 1 5 2 5 4 4 1 5 3 4 4 1 5 4 1 4 4 3 4 2 1 5 4 1 1 5 1 3 4 4 5 3 4 1 2 2 2 4 3 4 4 2 4 4 4 4 3 3 2 5 1 4 1 4 2 1 4 5 2 1 3 2 1 5 5 2 4 3 4 4 1 4 2 5 1 5 2 3 3 2 4 1 1 4 2 4 1 3 2 5 1 3 2 5 4 4 5 2 3 1 4 1 3 4 4 3 4 3 1 3 5 4 4 5 4 3 3 1 2 1 3 1 4 1 5 1 1 3 1 5 4 4 5 1 3 4 3 3 3 1 5 4 1 1 1 1 2 2 3 4 2 5 4 2 1 3 3 1 4 4 3 1 4 5 3 5 5 2 5 5 3 4 4 5 4 2 3 5 2 3 1 5 2 1 1 1 3 4 4 4 5 4 3 1 3 5 5 1 3 5 5 3 3 2 2 3 5 2 3 5 3 2 1 4 5 3 3 1 1
2 3 0 5 4 1 1 2 5 5 5 4 2 2 2 2 5 5 5 1 4 2 2 3 3 4 5 4 4 4 2 5 2 4 4 5 2 1 2 5 3 1 5 4 3 4 4 2 3 3 1 4 1 4 4 4 3 3 5 2 1 5 2 2 4 4 2 3 1 2 2 1 4 3 3 2 4 5 1 1 2 3 3 3 1 5 5 2 2 5 4 1 3 5 3 5 2 5 1 5 4 5 3 1 3 3 1 5 1 4 2 5 2 1 5 3 3 4 4 2 5 1 1 4 3 3 3 5 4 4 1 5 3 5 4 2 2 1 1 2 4 4 5 1 1 3 1 1 5 2 2 2 3 4 4 1 5 1 1 1 4 1 2 1 3 1 5 1 3 2 5 2 2 4 4 5 2 3 3 4 1 5 5 4 4 2 5 3 4 2 3 3 4 1 3 3 5 2 3 2 4 2 2 3 2 2 2 5 5 2 1 4 4 5 1 4 3 3 1 5 1 4 3 1 1 4 1 3 4 3 1 1 1 3 2 3 3 5 2 3 3 5 2 4 3 2 5 2 5 5
2 5 1 0 2 2 3 5 3 1 3 5 5 5 4 1 5 2 4 3 3 3 3 1 5 4 4 3 4 3 5 5 4 1 2 4 2 4 3 2 2 4 5 2 2 3 2 5 5 5 2 2 3 3 3 3 2 4 1 3 5 4 2 3 2 3 4 2 3 2 4 3 4 3 3 4 2 5 2 4 3 2 3 2 1 1 1 1 2 4 3 2 5 4 1 2 4 5 1 3 2 4 2 5 2 3 4 2 5 4 3 5 4 4 3 5 3 2 2 3 2 3 4 2 5 3 3 5 3 3 4 4 5 3 1 2 1 5 4 1 5 4 1 5 4 3 2 2 4 3 1 1 3 4 3 4 5 3 4 5 4 5 3 2 1 3 4 4 2 1 5 1 4 5 1 2 2 5 2 4 2 5 3 5 3 4 1 3 4 4 1 4 2 2 4 5 1 2 4 4 3 5 3 4 4 4 4 2 5 2 1 5 1 1 5 1 4 1 4 4 3 2 4 2 4 3 4 5 3 1 4 4 4 2 1 3 2 5 1 4 5 3 2 1 2 5 4 4 3 1
2 1 5 2 0 4 1 2 2 4 4 3 3 2 5 3 5 1 3 2 2 3 4 1 2 4 1 2 5 1 3 5 4 5 3 1 5 4 4 2 2 5 3 2 3 3 3 3 3 2 4 3 1 2 4 3 3 3 3 4 4 2 1 5 1 4 1 3 5 1 5 5 3 5 4 1 5 1 2 2 2 1 3 4 3 5 2 5 1 3 5 1 3 2 1 4 4 3 3 4 3 4 1 3 4 5 2 2 1 2 3 2 2 1 3 2 1 5 1 1 5 4 4 4 2 3 1 3 2 4 2 5 2 2 1 2 4 3 4 1 5 2 2 5 5 3 2 1 5 5 4 3 2 3 1 4 3 5 3 3 1 4 5 3 2 1 3 5 4 1 2 5 1 2 1 1 1 2 1 5 2 2 2 3 1 3 1 3 4 1 4 5 4 4 5 2 2 1 3 1 1 4 1 4 2 5 1 3 4 3 4 5 4 2 3 3 2 3 3 3 2 4 2 3 5 3 2 2 5 3 4 4 5 4 5 3 2 4 3 3 1 5 4 2 1 4 4 1 5 5
3 2 3 5 1 0 3 2 5 1 3 2 1 3 1 4 4 1 5 4 4 1 4 2 1 5 3 3 5 1 3 5 4 4 1 1 2 3 2 4 3 5 2 1 1 2 4 2 4 3 2 4 4 4 1 3 1 1 1 4 4 5 2 4 2 4 3 4 1 4 3 1 2 1 2 2 5 1 3 4 3 2 4 4 2 5 2 2 3 3 4 2 1 2 5 1 1 1 2 5 4 5 5 4 4 5 2 2 5 5 4 1 2 4 5 5 1 2 1 5 2 4 1 2 4 4 5 4 4 4 2 1 2 5 5 5 4 1 2 4 5 4 3 2 3 2 2 3 2 5 2 4 5 4 3 4 5 5 4 5 5 4 2 5 3 1 3 3 4 2 5 5 3 4 1 4 1 4 4 4 5 5 5 2 2 3 5 3 1 3 5 1 1 3 2 4 4 5 3 1 4 2 2 5 1 4 3 4 3 4 5 2 3 5 2 5 5 1 2 2 4 3 5 3 4 2 3 2 1 2 3 3 1 4 5 5 4 4 5 4 2 4 2 2 1 2 3 1 2 4
2 5 1 1 3 5 0 2 4 1 4 3 4 2 2 3 2 1 4 2 5 5 2 1 1 1 4 5 4 4 4 2 1 4 5 3 5 5 2 4 2 4 2 5 3 2 4 5 5 5 2 3 4 4 4 4 5 5 1 2 2 3 4 1 1 3 4 3 5 2 5 1 3 5 4 4 3 4 3 5 5 3 5 2 4 1 4 5 3 3 3 1 3 4 4 4 3 5 1 3 1 1 2 1 4 3 1 4 4 3 2 4 1 1 3 2 5 5 4 3 2 4 3 2 2 5 1 1 2 3 1 1 1 4 5 1 2 1 2 3 4 1 1 5 5 3 4 1 4 5 2 3 3 2 3 1 4 4 5 2 5 5 5 5 5 3 3 2 4 3 2 5 3 5 4 4 5 1 4 4 4 3 2 1 4 3 2 1 2 4 4 4 1 1 3 2 4 4 3 3 4 5 3 3 1 4 2 5 1 4 4 5 2 3 1 3 1 2 1 1 4 2 1 3 5 5 5 2 1 1 5 3 5 1 1 4 3 2 1 5 4 4 4 5 3 2 1 3 2 1
4 2 4 4 1 5 3 0 4 3 1 3 4 1 4 1 5 4 3 4 1 3 3 1 3 5 3 4 1 3 4 4 5 1 5 3 1 5 5 2 1 3 2 1 1 1 5 3 1 5 4 1 5 1 1 2 5 3 3 3 3 1 4 2 3 2 1 3 1 4 4 3 4 3 1 2 2 2 4 3 5 2 1 5 4 3 3 1 4 3 3 3 2 1 3 4 2 3 3 2 2 3 4 4 1 4 5 1 1 4 1 3 2 1 3 4 3 4 3 5 4 5 1 5 3 3 1 4 5 2 1 4 4 3 3 3 5 3 3 3 4 5 5 5 1 1 1 3 1 5 5 4 1 3 1 4 3 4 3 1 4 5 1 4 4 3 5 1 2 5 2 1 2 1 2 4 3 4 3 3 2 3 2 3 2 3 4 4 2 3 1 1 2 1 4 1 1 1 5 3 3 2 3 4 1 4 2 1 5 1 3 3 2 5 1 3 1 3 3 1 1 5 2 2 4 1 3 5 5 5 2 2 1 1 1 4 1 2 2 3 3 3 1 4 1 1 5 4 3 2
5 4 1 2 4 3 5 4 0 2 2 1 1 1 4 1 5 2 1 5 2 2 3 3 1 4 5 5 3 2 2 4 2 3 4 5 2 3 3 5 2 2 1 4 2 3 3 1 2 3 5 2 3 4 2 2 5 1 4 5 4 1 4 5 2 4 2 5 2 4 4 4 1 3 3 2 4 1 5 3 2 3 3 2 4 3 5 2 5 3 3 4 1 1 3 3 4 1 2 1 1 4 5 1 2 2 3 4 2 3 1 1 5 1 1 1 2 1 1 1 3 4 5 3 3 2 2 1 2 4 3 4 3 4 3 4 1 3 2 3 5 4 1 3 3 3 3 2 5 3 5 4 4 2 4 3 1 1 2 1 4 2 3 2 5 1 3 5 2 4 4 5 3 2 3 1 4 3 2 3 1 1 1 2 1 1 1 1 3 5 1 1 3 1 1 5 4 5 4 1 2 4 5 3 5 4 5 1 3 1 5 4 3 5 3 1 3 5 5 2 2 5 1 5 1 4 4 1 3 5 5 3 1 1 4 2 3 3 1 3 1 5 5 1 4 5 4 2 3 1
3 4 4 1 2 2 1 1 1 0 1 3 4 5 4 5 1 2 3 4 4 5 3 2 2 4 3 1 3 1 2 2 3 2 1 1 3 2 4 5 5 4 1 5 3 4 4 4 3 3 4 1 1 2 5 1 2 2 3 1 1 4 1 2 2 1 5 2 1 5 1 2 5 3 2 5 5 3 3 5 2 4 3 4 5 4 5 1 3 4 5 5 1 4 4 5 4 2 1 5 4 3 4 5 1 4 5 5 3 4 2 1 3 1 2 5 1 2 1 1 5 1 4 1 3 3 4 2 1 2 4 4 1 2 4 3 4 1 2 4 3 3 3 3 3 4 1 5 3 1 1 5 4 3 4 1 4 1 2 3 3 1 2 4 1 3 3 3 4 2 2 5 4 5 3 4 1 3 1 1 1 4 2 1 5 2 2 4 2 1 4 4 2 1 3 3 2 5 2 2 2 1 5 4 4 2 1 4 1 2 5 2 2 1 2 2 4 3 1 2 3 1 1 4 3 1 3 2 2 4 4 3 4 3 4 5 3 3 2 1 4 2 4 1 1 5 4 2 5 5
4 4 2 2 1 4 3 2 4 1 0 5 3 2 2 1 1 4 1 3 2 3 1 4 3 5 3 1 2 4 4 3 1 4 2 1 3 4 4 4 1 5 5 1 2 4 5 3 5 1 3 4 5 4 3 4 4 4 5 3 4 1 3 1 4 2 3 3 3 2 2 3 1 5 3 1 5 3 5 5 1 1 1 1 2 5 1 5 4 5 5 3 3 1 4 3 5 4 2 2 3 5 1 2 5 2 4 4 4 3 1 3 1 1 5 4 4 3 3 4 4 5 2 3 1 1 2 4 2 1 1 3 5 1 2 1 5 2 1 1 4 1 5 1 2 4 3 1 1 3 4 4 4 2 4 3 3 4 2 3 2 1 2 3 5 5 2 1 3 5 4 2 4 1 1 4 2 4 1 4 5 2 4 4 5 2 2 3 3 1 1 1 5 4 4 2 3 5 1 1 5 1 5 3 3 5 2 1 5 2 1 2 5 5 5 3 5 4 4 5 2 3 4 4 1 4 2 5 1 2 3 1 5 4 4 5 2 1 2 3 5 3 3 3 1 1 2 3 1 1
2 2 3 1 2 5 1 5 3 5 3 0 4 1 2 4 5 1 3 4 4 3 4 3 2 2 5 4 2 4 5 4 1 3 1 2 1 1 2 2 2 5 5 5 5 1 4 1 1 1 5 4 2 4 1 3 1 1 2 1 3 2 2 2 3 3 3 3 5 3 2 4 2 4 4 1 2 3 1 5 5 2 4 1 3 3 5 5 3 1 4 5 3 3 2 5 3 2 3 5 2 5 3 1 4 4 4 1 5 5 1 5 3 5 4 1 5 3 1 2 4 4 2 4 2 5 5 2 5 4 2 5 2 5 5 2 2 5 3 2 5 2 4 1 2 2 3 5 4 1 5 2 2 1 2 1 5 1 2 2 4 1 1 2 5 3 4 4 4 2 4 5 2 5 4 4 2 4 1 2 1 4 5 3 2 2 5 1 4 3 1 3 2 4 1 1 3 1 1 4 5 5 1 3 1 2 4 4 2 1 5 2 4 4 2 5 4 4 5 5 1 1 1 3 4 4 4 3 2 3 4 2 4 3 3 5 1 1 2 5 2 3 3 1 4 1 1 2 3 4
3 5 3 1 1 4 2 1 5 4 3 1 0 2 5 5 1 4 3 3 5 1 5 1 4 2 5 2 1 1 4 5 3 2 4 3 4 1 4 5 3 3 2 2 5 3 3 2 1 1 1 2 4 4 4 2 1 3 1 2 3 1 1 5 2 5 4 1 2 2 2 4 2 4 3 1 2 3 1 4 2 2 4 4 1 3 1 2 5 2 4 5 3 4 4 3 3 1 3 2 4 4 1 5 2 5 1 4 1 1 1 4 5 4 5 5 3 4 3 1 4 1 5 4 1 3 5 4 1 4 5 4 2 5 3 5 5 3 3 4 2 2 5 2 4 3 4 1 2 4 4 4 3 4 3 5 1 4 5 5 5 4 5 3 1 3 5 4 2 3 3 2 1 2 1 5 3 1 1 5 1 4 5 2 5 4 4 4 4 1 2 1 2 4 5 1 5 4 4 2 5 1 5 4 3 1 2 3 2 2 5 2 1 1 2 3 4 2 3 2 3 2 2 5 5 4 5 1 3 2 4 1 5 4 2 3 3 4 1 1 5 4 2 1 4 2 1 3 4 4
5 3 1 5 2 4 4 3 3 1 5 5 4 0 2 3 4 5 5 2 2 1 4 2 1 3 2 2 4 1 3 3 4 5 3 4 5 1 3 2 2 1 3 5 2 3 4 3 3 3 1 2 3 1 2 2 3 5 3 5 5 1 2 4 3 4 5 4 3 4 3 3 5 2 1 4 4 2 4 2 2 5 1 5 3 1 1 2 3 4 3 1 4 5 2 5 5 3 5 1 2 5 3 2 4 4 4 2 4 4 1 3 3 1 1 5 3 1 2 3 2 4 1 3 3 3 3 1 3 3 5 2 4 4 4 2 4 3 2 2 2 3 4 1 5 4 1 5 4 5 4 1 2 4 1 3 3 5 2 3 4 3 5 1 4 5 3 2 1 5 3 3 2 2 1 1 5 3 2 2 4 3 3 5 5 1 4 5 5 1 1 1 2 4 5 1 2 3 5 5 3 4 3 5 3 5 1 1 4 3 3 2 5 5 1 3 1 1 4 4 2 3 5 1 4 2 1 4 1 3 3 2 5 4 2 3 4 5 5 3 4 4 5 3 2 5 4 1 4 1
1 4 2 3 5 4 1 1 5 2 3 5 5 1 0 3 5 5 3 5 3 5 1 3 5 5 2 1 3 3 3 1 4 5 2 5 2 1 4 3 1 4 3 2 3 3 4 2 1 5 1 3 1 4 2 1 1 5 5 1 2 2 3 4 4 3 4 2 1 1 4 3 4 2 3 5 4 4 4 3 1 2 5 3 4 1 2 2 3 2 2 5 2 5 1 1 4 1 1 3 2 3 1 3 4 4 3 4 1 3 4 5 4 3 5 2 2 2 4 4 1 4 1 1 2 3 2 4 2 3 5 3 4 3 1 4 1 2 3 3 2 3 4 4 1 3 2 1 4 1 1 1 1 3 2 1 1 4 1 2 2 1 3 1 2 2 4 1 1 4 4 2 2 3 3 4 4 2 5 3 4 3 2 4 2 3 5 2 3 3 1 5 1 4 3 4 4 3 1 2 4 3 5 3 4 3 1 2 2 3 2 3 5 4 4 2 3 5 2 3 3 5 3 5 5 1 2 5 3 2 2 1 2 3 4 5 4 2 4 2 1 2 2 5 1 1 3 2 5 3
4 4 1 5 4 1 3 5 5 4 5 4 4 5 5 0 5 2 1 3 1 5 1 3 3 1 3 5 3 3 2 1 5 4 5 4 5 2 5 1 1 4 1 5 2 2 1 1 3 1 1 3 4 3 4 4 3 4 4 4 5 2 1 4 2 1 3 4 5 3 4 4 2 3 5 4 4 4 3 2 2 3 5 3 2 5 3 3 1 2 3 4 1 1 1 4 1 3 5 1 2 3 2 1 5 3 3 2 3 5 3 4 2 4 2 1 2 5 2 2 1 4 4 5 4 5 4 3 4 2 2 2 5 2 5 3 2 4 4 3 4 3 5 4 2 4 3 3 1 4 4 1 5 1 1 1 5 2 1 4 5 5 3 3 2 2 5 5 2 5 4 2 4 2 3 1 2 3 1 1 1 2 3 1 1 2 3 2 3 3 2 2 3 3 4 3 5 5 5 4 4 5 4 3 1 3 2 5 4 2 4 5 4 2 3 2 2 5 2 5 1 5 2 3 4 1 5 1 2 3 5 4 3 4 5 1 3 1 5 3 2 4 2 4 3 3 1 3 4 5
4 5 1 2 1 3 4 4 1 4 2 2 2 5 2 1 0 5 1 1 1 2 3 4 1 5 3 4 5 4 4 1 3 5 2 2 5 3 3 1 3 1 5 5 1 4 1 5 4 3 1 1 1 4 4 1 3 5 5 5 1 3 4 5 1 3 5 1 3 2 2 3 3 2 2 3 2 3 4 5 3 3 3 4 4 4 5 5 1 1 3 2 4 5 3 1 3 5 4 3 3 5 4 3 3 5 5 5 2 3 2 2 1 1 4 4 4 5 1 2 1 1 5 4 2 4 5 3 1 4 3 3 1 4 1 4 2 2 3 3 5 2 5 4 1 2 2 1 1 2 3 5 5 1 4 5 2 3 4 3 1 2 5 3 5 1 3 1 1 1 2 4 4 3 4 3 3 5 4 1 5 3 2 1 5 4 1 4 2 2 5 1 4 4 1 1 4 3 1 4 4 4 1 5 5 2 1 1 5 4 4 1 4 2 3 5 1 3 3 4 1 2 3 3 5 3 5 2 2 4 3 4 3 5 5 1 2 4 2 4 5 4 5 3 4 4 3 4 5 5
2 3 3 4 2 3 2 1 4 2 5 4 3 1 3 5 5 0 1 4 2 5 4 5 3 2 4 4 2 2 1 1 4 2 5 4 3 4 3 5 3 5 2 4 4 4 4 4 2 3 5 4 1 2 4 3 4 1 5 1 2 4 3 3 5 3 5 3 3 3 3 5 4 3 4 1 1 1 2 5 2 5 3 4 2 5 4 4 4 3 4 2 4 5 1 5 5 5 3 2 2 4 3 4 4 1 3 2 2 2 4 3 4 2 5 1 2 2 3 5 1 5 2 2 1 4 3 3 3 3 1 4 1 2 4 5 4 5 1 1 1 5 4 2 5 5 4 4 4 2 3 2 1 1 3 5 4 5 5 5 5 5 1 1 3 1 3 3 4 2 1 3 3 5 4 4 1 4 5 2 1 2 2 4 3 4 3 2 1 1 2 2 4 4 5 2 4 5 4 3 2 3 1 3 1 1 2 5 4 3 4 3 2 4 3 5 3 3 4 1 5 5 5 4 1 4 5 4 1 2 1 4 5 3 3 2 4 4 3 2 4 4 1 1 1 5 1 4 3 4
2 2 2 1 4 5 4 2 4 5 5 5 2 5 3 2 3 3 0 4 2 5 1 4 3 2 5 4 5 3 1 4 5 2 2 4 2 1 5 1 3 5 4 3 3 3 3 1 5 4 2 4 1 4 1 2 3 5 2 5 1 5 1 5 1 3 4 2 3 3 3 1 5 4 2 3 3 1 2 4 1 4 5 5 3 5 2 4 4 3 2 3 3 3 3 2 4 1 5 3 2 3 2 2 4 2 4 3 4 3 2 3 1 2 5 3 3 2 2 4 3 4 2 2 4 1 4 1 2 4 2 4 5 2 3 3 1 3 4 1 5 3 2 5 3 1 3 3 1 5 4 4 5 2 1 1 3 3 3 5 2 3 1 2 2 5 3 5 4 2 1 1 2 1 3 2 3 1 3 3 2 2 2 3 3 3 4 3 4 4 4 5 1 3 1 3 3 1 1 5 4 2 4 2 3 3 3 1 4 4 1 1 2 4 2 3 1 1 5 5 2 5 5 5 2 3 2 1 4 3 5 2 5 5 3 5 1 3 4 1 5 4 1 5 3 4 1 1 4 3
3 3 1 4 2 4 4 1 5 1 3 2 2 4 3 5 4 3 5 0 5 4 4 5 2 1 1 5 1 3 3 1 5 4 5 4 1 1 3 1 3 4 5 4 3 3 1 3 3 4 5 5 5 4 2 2 4 2 1 1 2 3 1 5 2 4 5 5 4 5 5 3 4 3 5 5 1 3 1 1 2 3 2 2 3 1 1 2 2 3 5 4 2 5 3 1 5 1 4 2 3 2 5 1 4 1 2 2 1 1 2 3 5 1 4 5 4 5 2 4 5 1 5 3 5 4 5 5 2 2 1 4 2 2 2 1 2 5 4 3 4 5 3 5 4 4 1 5 2 5 3 5 2 3 4 1 2 5 5 3 5 5 1 2 2 3 5 3 4 4 1 2 4 1 3 4 3 5 2 5 2 1 1 1 1 2 4 2 1 3 4 5 3 4 5 5 3 1 3 1 4 5 2 3 2 4 3 1 4 1 4 2 5 2 4 5 1 3 3 1 3 4 5 1 2 5 1 5 2 1 3 5 5 1 3 3 1 4 3 3 1 4 5 2 2 2 5 3 4 1
5 5 1 5 4 3 4 2 5 5 5 1 4 5 5 4 4 2 5 5 0 1 5 3 2 4 1 3 5 2 2 2 4 3 1 1 5 5 1 5 4 1 2 1 2 3 1 4 1 2 4 5 5 4 1 3 2 2 1 4 3 2 3 5 3 1 2 1 3 2 5 4 1 1 2 1 4 5 1 4 2 2 5 1 2 4 1 2 1 1 2 1 1 4 2 1 3 2 3 2 1 1 3 4 2 3 4 2 1 1 2 2 3 2 1 5 2 1 2 4 2 4 1 1 5 2 2 5 3 3 5 2 2 1 1 3 5 3 4 1 3 3 2 2 3 1 1 1 2 5 2 5 4 4 4 2 2 1 4 1 5 5 2 1 5 3 3 2 2 2 2 2 2 5 4 5 1 3 3 1 5 3 3 5 2 4 3 2 2 3 2 2 3 2 5 5 5 4 2 3 4 3 5 5 3 4 3 3 1 2 3 3 1 1 3 4 1 1 4 4 1 5 2 5 1 5 4 3 4 2 5 4 2 2 1 5 2 5 5 3 5 5 3 1 3 4 2 2 4 1
1 1 4 5 1 1 5 5 4 3 1 3 5 3 1 4 2 4 5 3 1 0 1 5 5 2 4 4 1 1 4 1 3 1 3 2 1 5 4 5 1 4 5 3 4 3 1 3 4 3 4 4 4 1 1 2 5 5 1 1 3 2 4 1 5 4 1 2 2 3 5 4 2 1 4 2 5 3 4 1 5 2 5 4 2 5 5 3 5 4 4 1 2 3 5 4 5 2 2 5 1 2 3 1 5 2 4 3 1 5 2 4 3 3 1 3 2 5 2 1 2 3 2 2 4 2 3 3 5 3 3 5 2 1 3 2 4 1 2 4 5 2 4 5 5 5 2 2 5 5 2 3 4 1 4 3 2 1 2 4 1 4 3 1 5 3 3 3 1 2 2 1 3 4 2 1 5 4 4 5 1 1 4 3 2 4 3 3 3 3 1 5 1 1 3 4 3 1 1 3 2 2 3 3 1 4 4 4 1 4 1 4 3 3 1 5 1 4 3 4 5 1 1 3 1 5 2 4 3 2 5 4 4 4 4 4 2 3 4 3 5 2 1 2 3 4 4 1 1 4
1 1 1 4 1 3 1 5 2 5 3 4 2 1 2 4 2 1 1 2 4 5 0 2 3 5 4 3 5 1 2 1 2 3 5 2 4 2 5 5 5 5 1 1 4 4 2 1 5 3 2 1 4 4 4 3 3 3 2 1 4 1 3 1 2 4 3 2 4 2 3 2 2 2 3 1 1 4 4 4 4 5 3 1 2 1 1 2 1 5 4 4 5 4 2 3 3 5 5 3 4 5 4 4 3 2 1 5 5 4 1 4 3 2 1 3 2 5 2 5 3 3 2 5 5 4 3 3 1 5 4 3 3 4 4 5 2 4 4 1 1 4 2 5 3 3 1 1 4 1 1 1 5 1 4 5 5 3 3 2 3 1 5 1 4 2 3 5 2 1 5 1 3 5 2 2 5 3 5 5 4 4 3 2 3 2 1 4 5 1 1 2 2 2 5 5 1 3 4 5 1 4 4 2 4 5 4 3 2 3 5 4 1 5 4 5 3 5 5 4 1 3 2 1 2 3 3 1 3 3 2 4 2 4 1 2 1 4 2 2 2 2 1 2 3 2 1 3 1 4
2 2 5 4 2 5 4 2 1 1 4 1 3 3 1 4 4 2 1 4 5 1 4 0 2 1 3 4 3 1 2 4 1 4 3 5 4 5 4 3 3 1 1 5 5 2 5 2 5 5 3 2 3 1 2 3 3 5 1 1 1 2 2 5 3 3 3 2 4 1 4 4 5 4 5 1 2 3 2 2 4 2 4 3 3 1 5 3 5 5 5 5 3 3 1 1 4 4 1 4 3 5 4 3 2 5 2 4 4 4 4 4 4 2 3 5 5 4 2 2 5 4 1 2 2 3 1 3 3 4 5 1 3 4 4 4 1 1 2 4 3 4 4 2 1 5 5 3 3 1 4 5 4 4 4 1 5 5 1 2 5 5 1 1 5 4 4 3 1 1 2 3 4 5 3 3 5 1 3 2 2 2 5 2 1 3 1 4 4 5 4 1 2 4 1 1 5 2 1 2 1 2 3 4 2 5 4 2 3 3 1 5 3 4 4 5 4 2 1 1 3 3 2 4 2 5 2 5 2 3 1 1 4 2 1 1 4 3 3 3 5 5 1 4 1 1 4 3 3 4
3 1 3 1 3 4 3 2 5 2 3 4 2 4 4 1 2 5 1 4 5 2 2 5 0 5 4 4 3 4 3 5 1 4 1 3 2 5 5 3 4 3 2 2 3 1 5 3 1 4 1 4 4 2 2 3 3 2 2 3 3 5 3 5 5 3 4 5 5 1 5 5 1 5 1 2 2 4 3 1 5 5 5 4 3 3 1 3 3 5 4 4 2 5 2 5 5 2 5 2 3 3 2 1 5 1 1 4 4 1 4 1 2 5 5 2 5 3 4 5 4 1 4 3 3 3 1 3 1 3 5 4 3 5 1 2 3 5 2 1 2 2 1 5 5 5 1 3 2 5 4 3 1 1 1 3 2 1 1 2 4 4 1 4 3 4 4 1 2 2 5 1 3 4 1 1 2 2 1 5 5 1 1 4 3 4 2 4 2 2 4 2 3 1 1 2 2 5 4 5 3 3 2 1 1 3 4 4 4 4 5 2 3 4 2 4 5 4 5 5 5 3 4 4 3 5 5 2 2 4 4 4 5 5 4 1 1 1 4 3 4 4 1 1 2 4 5 4 1 2
2 2 3 4 3 3 4 5 1 1 5 3 3 1 2 1 1 4 5 4 4 1 1 3 1 0 1 2 4 3 4 3 1 5 5 4 2 3 4 2 1 2 4 1 2 3 2 4 1 3 3 5 5 3 2 1 5 3 1 3 5 4 4 1 3 2 5 5 3 1 1 3 5 5 1 1 2 4 5 5 2 5 1 5 1 3 4 5 2 3 4 4 3 4 4 5 2 4 5 5 2 3 5 3 3 1 4 3 4 4 2 3 5 1 3 4 1 4 1 1 2 4 3 5 3 3 1 3 1 5 4 5 1 2 3 5 1 3 3 4 3 2 1 3 2 1 3 2 1 2 5 1 4 1 2 4 4 4 3 1 5 2 3 5 1 3 1 1 4 4 3 3 3 1 3 2 4 3 4 1 5 2 4 5 3 1 4 4 4 3 1 4 2 1 4 1 1 2 5 2 4 4 5 5 2 3 3 5 3 4 3 5 3 3 4 5 4 4 5 2 4 5 5 2 3 3 3 3 4 3 4 1 3 4 4 2 2 1 1 3 4 5 1 4 3 1 5 4 5 1
2 5 5 2 5 3 3 5 1 4 1 2 2 3 3 3 1 1 2 4 2 1 1 1 2 3 0 3 2 2 2 1 2 4 5 3 1 5 3 1 2 2 1 5 1 1 5 3 3 3 2 2 1 2 3 3 1 4 3 2 4 3 1 3 1 5 1 3 1 3 1 3 1 3 3 2 5 1 5 2 1 1 5 4 1 1 2 4 4 4 5 2 2 2 3 1 4 1 3 3 2 5 1 4 5 4 2 4 3 4 4 5 4 3 4 1 2 3 2 4 1 2 4 3 2 2 4 1 4 2 5 2 1 3 2 5 5 4 2 4 4 2 1 4 2 4 5 3 2 5 3 3 2 1 1 2 4 2 3 1 2 2 1 2 3 1 5 2 4 4 4 3 4 2 2 3 3 3 5 2 3 2 3 1 3 2 1 1 1 1 2 1 4 3 1 3 3 3 4 4 2 3 3 1 5 2 2 3 4 4 4 2 1 3 3 5 4 1 1 3 5 2 4 2 1 1 2 2 4 1 3 1 1 5 1 4 2 5 1 5 3 2 1 5 1 4 3 1 1 2
3 1 2 5 1 4 5 4 3 2 2 3 3 4 3 1 4 3 3 5 3 1 1 5 4 2 4 0 3 1 4 1 3 4 5 1 4 4 1 3 2 5 2 1 5 4 5 4 2 1 3 3 3 1 4 3 5 5 3 5 3 4 3 5 2 2 5 2 2 1 4 3 3 2 1 1 3 2 1 5 5 1 2 5 5 4 5 2 2 1 2 1 3 5 4 3 3 5 3 1 3 4 3 4 3 2 5 1 3 3 1 3 5 5 5 5 4 4 3 1 3 1 3 4 3 5 5 3 4 1 1 3 2 1 3 2 2 5 2 2 2 4 1 2 5 5 1 4 3 4 1 4 5 4 1 2 4 5 3 3 3 3 1 5 3 3 3 5 1 3 5 1 2 2 4 5 2 2 4 5 1 4 2 2 2 2 3 5 3 5 5 1 1 4 4 3 2 4 5 3 1 5 1 3 4 3 4 3 3 2 2 1 1 2 1 5 2 1 2 5 3 2 3 2 5 4 2 2 4 1 1 3 5 3 5 5 3 3 3 4 3 5 4 4 3 3 1 1 1 2
1 5 4 2 3 2 5 4 1 4 4 4 1 2 4 1 4 2 1 4 1 5 1 2 2 4 1 2 0 2 1 5 3 2 3 3 5 1 5 1 4 3 4 1 1 2 5 4 3 4 1 2 3 2 3 3 5 2 2 4 3 5 3 3 5 4 4 3 5 4 2 2 2 3 5 4 2 1 5 3 4 1 2 5 1 2 5 5 1 4 2 1 1 4 4 3 1 3 3 4 2 3 5 1 4 1 4 2 2 1 4 4 5 2 1 4 3 5 1 4 5 4 5 4 1 5 4 4 3 4 3 2 3 2 1 4 1 5 2 2 4 3 1 3 2 4 2 1 3 3 5 1 3 2 4 4 1 2 2 4 4 4 1 5 3 5 4 1 3 5 4 2 3 4 4 3 5 2 1 2 1 2 4 2 4 3 4 1 1 1 1 3 4 2 1 5 4 5 5 4 1 4 3 4 2 2 1 3 3 2 5 3 5 5 4 4 4 4 2 5 1 4 5 1 1 1 1 2 3 5 5 4 4 5 5 4 2 5 1 3 2 5 5 1 2 5 2 2 2 1
5 5 3 3 1 1 5 2 4 1 2 4 3 2 5 5 1 5 1 2 5 3 3 5 2 4 2 5 3 0 4 2 2 1 2 1 4 5 1 5 5 4 3 5 4 2 4 4 3 5 3 1 2 1 3 2 3 1 2 2 5 4 3 1 3 3 1 1 3 5 2 2 3 4 1 4 4 4 4 3 2 2 1 5 4 5 4 1 2 2 5 4 4 4 5 1 4 3 1 4 1 5 4 4 1 5 1 1 5 2 4 4 1 2 5 3 1 5 1 3 5 3 4 4 2 4 4 3 4 4 4 1 3 4 2 2 3 5 2 4 3 3 5 4 5 1 3 2 5 3 2 1 5 2 4 3 1 4 5 2 1 1 3 5 5 1 2 4 2 5 2 1 2 2 2 5 5 5 4 3 5 5 4 1 1 3 3 4 5 2 5 5 1 3 5 5 5 2 2 2 1 2 5 2 2 3 4 1 1 3 5 4 5 3 3 5 2 1 3 3 3 2 2 5 4 4 1 2 4 1 4 4 4 3 3 2 1 2 2 5 5 2 2 4 2 2 5 4 5 2
5 1 4 4 2 5 4 1 2 4 4 5 3 3 2 1 4 2 2 1 1 3 2 5 4 2 1 1 2 1 0 5 2 1 3 1 3 5 1 1 3 5 2 1 5 3 5 4 3 1 1 2 2 1 1 4 4 4 3 3 4 5 1 5 3 4 3 1 4 1 3 5 4 4 1 4 5 3 2 4 1 2 1 4 3 5 2 4 1 4 4 2 1 1 4 5 1 2 5 1 2 4 2 4 3 4 5 4 2 1 4 3 1 1 1 1 4 3 3 3 3 2 5 2 5 1 1 1 1 2 2 3 5 1 4 3 4 1 1 4 3 2 4 4 5 5 4 2 3 3 4 3 5 1 4 1 1 2 2 2 3 4 4 5 5 5 2 5 2 2 1 5 3 5 2 3 3 5 4 4 2 1 5 4 1 2 5 4 1 4 4 1 5 3 1 2 1 2 3 3 1 4 2 4 2 1 5 2 2 4 4 2 2 2 1 1 2 2 2 4 5 5 2 5 2 1 3 2 1 1 5 2 2 1 5 2 2 2 2 5 3 3 2 4 4 2 2 2 2 3
2 5 5 4 4 5 1 2 4 4 2 3 3 4 5 4 5 1 4 3 3 4 2 1 2 2 2 2 2 4 3 0 1 2 4 1 4 5 2 1 4 2 2 2 2 4 1 1 4 5 2 5 2 2 4 1 1 4 3 5 3 4 3 2 4 5 3 3 4 1 5 4 2 5 5 1 5 5 3 5 3 4 3 3 1 5 1 1 5 1 4 1 4 1 5 5 4 3 5 4 3 5 3 1 2 1 4 2 3 2 2 1 5 2 2 3 4 2 3 5 1 4 5 4 5 5 5 5 1 3 5 3 4 1 2 5 1 4 1 3 3 1 5 2 5 4 3 4 4 5 1 5 5 3 1 2 3 1 3 5 2 5 2 2 3 1 1 5 2 2 2 3 3 2 4 4 2 4 4 4 1 4 2 1 5 3 3 5 2 5 2 5 1 1 4 5 1 1 2 1 1 5 1 1 5 3 5 3 2 4 2 2 3 1 5 2 5 5 4 4 1 3 3 2 5 3 2 1 4 5 4 5 2 3 2 4 4 5 3 5 5 2 4 4 2 3 4 4 5 3
3 5 5 1 5 1 1 5 1 4 3 1 1 1 4 3 2 5 3 5 1 4 5 4 2 4 3 5 4 2 2 3 0 1 4 2 2 3 3 5 2 3 1 2 3 2 4 5 4 4 4 5 5 1 5 2 2 3 3 5 4 1 3 5 4 4 4 5 4 4 1 5 5 4 5 3 4 2 2 3 5 4 3 3 5 3 5 2 4 1 3 3 4 3 3 5 3 1 4 1 3 4 5 3 1 2 2 4 5 2 1 3 3 5 2 3 4 2 1 5 4 2 2 3 1 5 2 2 3 5 1 1 4 4 4 3 3 2 4 3 1 1 1 3 5 3 1 5 3 4 3 1 2 1 2 5 5 4 3 1 4 2 3 3 1 1 5 2 3 1 5 4 4 1 2 4 1 4 5 3 3 4 5 1 1 1 2 1 3 2 4 3 1 2 1 2 1 2 4 1 1 3 1 5 3 2 1 5 1 2 5 1 4 3 1 2 3 3 1 5 3 4 2 5 5 3 1 3 4 4 5 5 4 1 1 3 3 4 5 2 1 3 2 2 1 3 2 3 3 3
2 5 1 4 2 2 2 4 2 2 4 4 3 4 3 1 1 5 2 1 1 1 1 3 5 4 2 4 5 3 3 3 4 0 5 2 3 5 2 4 5 2 2 5 3 2 4 2 4 3 2 5 1 2 3 3 1 1 2 2 5 2 4 4 3 5 2 2 3 5 3 2 3 5 4 1 2 4 3 5 2 2 5 2 3 3 1 5 4 1 1 1 4 1 1 3 4 2 5 3 2 5 5 2 5 1 3 5 5 3 1 3 1 4 2 2 5 2 2 5 1 4 2 5 2 5 4 2 2 5 2 5 2 5 5 3 2 2 1 2 1 2 3 4 2 5 3 3 3 4 3 3 5 4 3 4 3 4 1 4 5 5 2 3 3 3 3 5 2 1 4 4 3 1 2 4 2 5 5 4 3 1 2 1 5 3 5 2 3 1 5 4 3 4 3 1 5 1 2 2 1 3 3 2 1 1 5 5 3 3 4 1 1 3 1 1 4 1 5 4 1 3 1 4 1 5 5 2 2 5 1 1 1 1 3 5 1 2 4 1 3 2 2 3 4 5 1 2 3 4
5 2 4 2 2 4 3 1 2 5 4 5 5 3 1 1 3 4 3 5 1 1 5 3 1 2 1 1 1 2 5 3 3 2 0 3 5 5 5 2 1 4 3 2 3 2 1 3 1 1 2 2 1 4 2 4 1 3 1 4 5 4 3 1 3 1 5 1 4 1 5 4 4 1 3 2 3 3 4 5 5 3 2 1 1 4 4 2 5 2 2 4 5 5 4 1 1 4 3 5 4 2 3 1 4 5 2 4 2 4 2 4 5 1 3 2 4 3 1 1 1 2 2 4 4 4 1 1 1 3 5 2 5 2 1 1 5 4 4 1 3 5 1 5 1 2 4 2 3 3 5 3 1 2 3 4 4 5 1 4 1 4 3 3 4 1 5 5 3 2 1 3 1 5 3 4 1 2 1 3 5 2 4 3 4 1 3 2 1 1 3 5 4 3 1 1 3 1 1 5 3 3 4 1 3 1 5 3 3 1 5 4 2 1 5 4 5 1 1 4 5 5 3 4 3 4 3 4 4 5 1 4 1 1 4 1 3 1 5 3 3 4 1 5 3 2 2 4 4 4
4 4 3 2 3 1 5 3 4 3 2 2 1 5 3 5 3 4 1 2 4 2 3 5 1 2 3 5 3 4 4 4 3 4 3 0 1 2 2 4 4 5 5 1 5 4 2 4 2 2 5 5 5 3 1 2 5 3 3 1 3 2 1 5 4 3 5 3 3 5 1 5 1 5 1 5 4 4 4 5 3 2 1 5 1 1 5 1 3 4 2 3 5 3 2 2 5 2 5 2 3 1 1 1 2 4 1 1 3 1 4 4 2 3 2 4 3 4 1 1 2 5 1 2 2 2 1 3 1 4 2 4 2 4 3 3 4 5 2 3 2 2 2 4 1 5 3 2 3 1 4 2 4 2 4 1 5 3 4 1 2 3 1 5 1 3 4 5 2 5 4 1 2 2 1 5 1 5 3 4 3 2 2 5 5 1 3 4 2 3 1 3 3 2 5 3 2 5 3 1 2 3 2 5 1 3 5 4 5 4 1 2 4 1 4 4 5 1 1 5 1 1 4 3 2 3 2 3 2 2 4 3 5 3 5 3 4 4 3 1 1 4 3 1 1 1 3 4 5 4
4 3 4 5 3 2 3 3 3 5 2 4 5 1 4 3 3 5 1 4 5 1 3 4 1 5 5 3 5 1 3 3 1 4 2 5 0 2 3 4 3 3 1 3 3 2 2 4 5 1 4 5 4 2 2 1 3 5 5 3 2 4 4 1 3 5 2 1 5 2 3 4 5 2 2 1 1 2 2 4 5 5 4 3 1 3 1 1 5 1 1 4 1 5 5 2 4 2 4 1 2 3 3 2 5 5 2 2 5 4 2 3 2 3 2 1 3 5 2 2 4 5 1 1 1 5 2 4 2 3 3 2 3 1 3 2 2 3 1 1 1 4 2 3 1 4 1 1 4 4 5 1 1 3 2 4 2 5 4 2 5 1 3 4 2 5 2 2 3 3 2 4 1 3 2 4 5 3 4 2 4 1 2 5 1 4 1 2 2 5 4 4 2 3 2 4 1 3 5 1 1 3 4 1 4 2 2 2 2 4 1 1 4 2 1 2 4 3 1 2 2 1 1 3 3 5 5 5 2 2 4 4 3 1 2 1 4 2 4 3 1 5 4 2 3 1 3 3 2 1
2 1 2 2 4 4 2 2 4 4 2 4 2 4 4 3 1 5 4 2 1 2 2 1 4 1 3 4 3 3 4 2 5 5 2 1 1 0 1 1 2 2 4 3 4 2 4 1 4 1 5 1 4 4 2 3 5 4 5 1 2 2 2 4 2 5 4 4 2 4 4 2 2 2 1 2 4 5 4 4 2 3 2 2 5 5 5 4 3 2 2 5 5 3 5 3 2 4 3 5 3 1 1 1 4 4 1 3 3 5 4 3 2 1 3 5 1 2 1 2 1 4 1 3 1 4 5 4 5 5 3 5 3 1 3 4 1 1 4 3 5 5 4 5 1 3 4 1 3 3 1 1 4 4 4 3 4 4 3 4 1 4 4 3 1 2 5 1 1 1 4 2 4 1 2 4 1 2 2 3 4 4 5 2 1 3 5 2 4 2 3 5 2 1 4 4 2 5 2 5 5 5 1 5 5 4 1 1 3 1 5 3 2 5 3 5 4 4 3 3 4 2 3 2 1 2 4 3 3 5 2 3 2 5 4 5 4 5 1 2 5 3 5 1 2 1 3 1 4 2
4 4 5 5 3 4 2 1 4 2 5 3 3 5 3 3 5 4 2 1 3 2 5 3 5 2 2 1 2 2 1 3 4 1 4 3 1 2 0 1 1 3 1 4 1 4 3 1 3 5 3 5 1 1 5 1 5 5 2 4 3 4 3 5 2 5 4 5 5 5 1 2 2 4 5 3 4 4 5 5 4 3 4 4 5 2 3 1 4 4 3 2 2 5 4 3 3 5 1 4 4 2 4 3 3 1 5 2 2 3 1 3 1 5 4 2 3 3 2 5 1 5 1 3 5 4 1 2 3 2 5 2 2 4 1 4 2 5 2 2 1 1 2 2 4 1 1 2 1 2 2 1 2 4 2 2 3 4 3 4 5 2 4 2 4 2 3 2 1 1 4 3 3 5 2 5 3 5 1 1 1 3 5 4 2 3 3 3 4 2 3 1 4 4 4 4 5 5 5 2 4 2 4 1 1 3 1 4 4 2 4 2 3 5 2 4 5 1 4 5 1 1 5 5 3 2 3 4 5 2 2 1 5 3 4 4 4 1 3 1 5 5 1 5 2 1 5 4 3 5
2 1 5 2 5 1 2 5 1 3 3 2 3 5 4 5 2 1 1 3 2 4 1 3 4 5 1 2 4 2 3 5 4 3 1 5 3 4 2 0 3 1 2 1 3 1 3 4 3 2 4 1 1 3 4 4 1 4 5 3 5 2 2 1 2 3 4 3 5 4 5 2 1 1 2 5 1 5 4 3 3 3 5 4 5 5 4 3 3 2 3 1 4 2 4 2 5 2 2 4 4 2 5 2 5 4 3 4 2 1 3 3 4 1 5 3 5 4 1 3 5 4 2 3 1 2 3 3 1 5 1 1 1 3 3 4 1 5 4 1 1 5 3 5 3 1 1 2 2 1 3 5 2 4 4 2 2 1 3 3 1 5 3 5 1 4 4 4 1 3 5 1 4 5 2 4 4 3 3 4 3 1 3 4 3 3 3 5 3 1 4 2 2 4 4 4 5 2 5 1 5 1 3 5 2 4 5 2 2 1 4 5 2 2 2 4 4 5 4 3 4 2 4 2 3 1 5 5 4 3 5 4 3 4 2 4 4 2 2 1 3 5 1 3 3 1 4 1 1 2
2 5 4 5 4 5 3 4 1 4 2 3 5 1 4 5 4 2 5 4 3 3 2 4 2 1 4 5 2 2 2 5 4 2 2 3 4 2 4 2 0 2 3 3 3 1 2 5 3 4 5 5 1 3 5 4 5 1 2 1 5 1 2 1 5 3 5 1 1 1 1 3 5 5 4 4 4 1 5 4 2 3 2 5 3 1 5 4 1 2 2 4 5 2 4 3 2 1 3 1 2 4 3 2 3 3 3 1 1 4 2 3 4 3 1 1 5 3 2 2 1 5 1 1 1 3 5 1 4 3 1 1 1 1 2 4 5 2 3 2 4 3 3 2 4 3 4 1 1 4 2 5 2 3 4 3 2 2 5 1 4 4 1 4 4 5 1 2 2 3 4 1 2 4 2 4 1 4 5 2 4 4 3 3 4 4 4 4 5 4 2 1 4 4 1 5 5 4 3 5 3 4 3 2 5 4 1 2 4 4 5 4 5 4 3 1 4 5 3 1 4 5 3 4 1 5 3 5 5 3 5 1 5 1 5 1 4 5 2 2 1 5 3 3 1 3 1 2 3 2
1 5 5 2 2 5 5 5 4 3 4 1 4 4 5 3 5 1 5 1 3 5 1 2 3 2 5 2 1 3 2 5 2 5 3 1 2 5 5 4 1 0 2 4 5 4 2 1 2 1 2 3 4 1 5 2 3 5 5 5 4 5 2 4 5 2 1 1 3 3 2 2 4 5 1 4 1 4 5 2 2 2 3 4 5 3 2 5 4 2 1 1 2 4 2 1 4 1 2 2 2 2 4 3 3 4 5 3 3 5 2 5 2 5 3 1 5 5 1 2 2 3 5 5 2 2 1 2 4 3 3 2 3 1 2 3 2 4 1 1 4 1 4 2 2 2 3 1 4 5 2 2 5 2 2 3 5 4 5 1 5 5 3 4 2 2 5 4 1 5 2 3 1 5 4 1 4 3 5 5 5 4 5 4 3 1 1 1 3 2 4 4 3 4 1 2 4 2 4 1 1 5 1 1 4 2 5 4 2 4 3 4 2 1 1 4 3 2 5 2 2 2 4 5 2 4 1 3 2 3 1 1 4 3 5 3 3 5 3 1 2 4 4 2 3 5 5 3 4 3
3 1 2 3 4 3 4 4 1 1 5 4 3 1 4 3 5 3 2 4 2 4 5 4 5 1 2 3 1 4 5 4 3 4 1 1 1 5 1 4 1 1 0 3 1 1 4 2 4 1 5 1 5 2 4 2 4 1 3 2 5 4 3 4 2 3 3 4 1 2 1 2 1 3 1 4 3 4 5 5 5 5 4 4 4 4 2 2 3 5 2 2 3 4 1 2 4 1 3 5 3 5 4 5 2 1 1 4 3 3 4 5 5 2 3 2 1 5 1 5 5 4 2 2 5 1 4 4 5 3 1 4 3 2 5 1 1 1 3 1 4 4 3 5 4 1 1 1 3 3 3 3 2 4 2 5 1 3 2 3 2 1 3 3 1 4 3 4 1 1 5 3 3 2 2 4 4 2 3 2 4 3 3 2 1 3 5 2 2 2 4 5 5 3 5 2 5 3 3 2 1 3 4 5 5 4 5 3 1 4 5 1 1 3 2 5 5 4 1 2 5 1 4 2 1 3 1 1 4 1 2 4 5 4 5 1 1 4 1 2 2 2 1 3 3 5 5 2 1 1
1 5 5 3 2 3 4 1 1 3 1 3 4 1 2 5 5 2 2 4 4 4 2 2 2 5 2 5 3 1 5 2 2 5 3 5 4 2 5 4 1 5 1 0 1 4 5 5 5 5 5 4 4 3 3 2 2 4 4 2 1 3 2 5 1 2 1 3 2 3 4 5 3 2 5 3 5 4 1 4 5 2 3 1 5 3 5 2 2 1 5 1 3 1 1 5 4 1 4 1 4 2 1 1 3 3 5 4 2 5 2 2 3 5 3 4 3 3 4 4 5 4 3 5 5 4 5 4 4 4 3 4 2 5 2 2 1 1 1 4 5 5 1 5 4 1 4 5 4 4 3 1 4 1 2 3 1 1 1 5 4 1 3 2 3 3 1 2 2 2 3 2 1 1 1 4 5 1 4 3 3 5 3 2 3 1 2 2 5 3 2 2 3 2 3 3 3 5 3 2 1 1 1 3 2 3 5 4 2 2 5 3 4 1 2 1 4 1 5 3 4 1 3 3 2 3 4 5 1 2 1 5 5 5 5 2 3 4 3 5 1 4 4 3 1 4 5 4 5 2
4 4 1 2 4 2 4 2 3 1 1 5 4 1 5 5 4 1 2 3 4 2 4 3 3 1 3 5 1 3 5 1 1 5 1 1 4 1 2 1 3 4 4 2 0 1 2 3 4 2 5 2 1 2 2 2 2 2 5 4 5 3 1 4 5 3 4 2 2 2 3 1 4 3 2 2 3 4 4 3 5 3 4 2 5 5 1 1 3 4 5 2 4 2 3 1 3 1 2 5 3 5 2 1 2 2 3 5 5 1 4 3 3 4 1 3 3 3 1 3 2 3 2 3 4 3 5 1 3 5 2 2 5 4 3 2 1 2 3 3 5 2 5 3 5 2 3 4 4 4 3 3 3 3 1 4 3 4 2 3 2 5 4 1 1 2 1 5 2 5 3 3 2 2 3 2 5 2 2 1 4 1 4 1 1 3 2 1 5 1 1 4 5 4 3 3 2 1 2 4 3 1 3 3 5 3 2 3 5 1 4 1 5 3 5 2 2 3 4 2 5 2 1 5 5 2 1 1 2 4 3 1 4 5 4 4 1 3 3 2 1 3 2 5 4 5 2 2 3 2
1 2 4 5 2 1 5 3 2 2 4 1 2 3 1 1 5 4 5 3 2 1 4 3 5 4 5 1 4 2 5 4 4 1 4 2 5 1 4 5 1 3 3 4 1 0 4 5 5 5 2 3 1 3 3 4 4 4 3 2 4 1 1 1 3 3 1 5 3 5 5 4 4 5 2 5 5 5 4 5 3 4 4 1 2 2 4 3 4 3 5 2 1 1 4 2 5 5 3 4 3 5 5 1 4 1 5 5 1 3 2 4 2 1 3 1 5 2 1 2 4 5 1 4 3 4 4 4 5 2 1 2 3 2 4 4 5 4 3 2 1 1 5 2 2 1 4 1 3 2 4 1 5 2 3 1 4 4 1 5 5 1 4 2 2 4 3 1 3 2 1 3 4 5 3 3 5 5 2 1 5 3 3 5 5 4 3 2 2 1 4 1 4 1 3 3 4 3 2 1 5 1 3 2 5 1 5 5 1 3 2 5 3 5 3 1 2 4 1 1 4 4 5 2 1 5 4 4 4 1 3 4 1 1 3 2 1 3 3 5 2 5 2 2 2 5 1 1 4 2
2 1 3 3 5 2 2 2 2 1 4 2 4 5 1 5 2 4 2 3 4 3 1 5 5 4 5 4 1 1 1 4 5 5 2 1 3 4 5 1 3 3 5 2 3 2 0 5 2 1 4 1 2 4 4 3 2 4 4 5 4 2 2 2 2 1 2 4 4 4 1 5 5 3 5 4 3 2 4 2 4 4 3 4 2 5 1 2 2 3 3 4 1 5 5 1 1 1 2 3 1 1 4 5 4 5 4 1 3 2 1 5 3 4 4 4 2 5 4 5 4 1 3 4 5 2 2 2 5 3 4 5 5 3 4 3 1 2 3 4 3 4 3 1 5 5 5 3 2 5 1 2 5 4 3 3 3 3 5 5 4 5 5 3 5 2 2 2 2 3 2 1 3 5 4 1 5 3 1 3 4 3 2 5 3 4 5 3 5 4 4 5 4 3 4 1 3 1 1 4 1 4 1 3 3 5 1 1 4 4 3 2 5 3 5 4 4 3 3 1 5 4 2 5 1 5 2 3 2 3 3 2 1 3 4 3 4 2 4 3 3 3 4 5 3 4 3 1 5 3
1 4 5 2 3 1 2 2 3 2 4 2 5 2 3 1 2 5 1 4 3 5 2 3 1 1 4 4 2 3 1 2 4 1 2 1 2 5 3 4 2 2 5 3 2 4 2 0 5 2 4 4 3 3 2 4 1 5 3 1 1 3 1 1 4 1 4 3 2 3 2 3 1 5 2 2 3 5 2 4 3 3 4 3 3 5 4 2 5 5 4 5 2 1 1 4 3 5 4 4 2 5 2 4 2 2 5 3 4 1 1 1 4 1 4 3 5 1 1 4 2 5 2 3 4 2 5 5 3 1 3 4 5 5 4 5 3 1 3 2 1 3 3 4 1 5 5 5 4 2 3 4 4 1 4 2 2 5 5 1 5 3 2 5 1 3 5 5 3 5 2 2 1 3 1 3 4 2 4 4 3 5 1 4 1 2 3 1 2 4 5 2 2 1 5 5 2 1 2 1 3 4 3 3 1 5 2 3 5 4 5 2 2 1 3 4 2 2 2 2 4 3 5 5 4 2 1 5 2 4 3 2 3 5 4 2 2 4 1 2 2 4 4 1 4 5 1 4 1 2
3 1 2 5 3 3 3 3 1 2 1 1 3 1 5 5 2 2 3 3 4 3 2 1 2 4 4 2 1 4 1 3 4 3 4 2 3 2 5 3 3 3 3 4 3 4 4 5 0 5 2 2 2 3 5 2 3 1 3 5 3 1 1 3 3 2 2 3 2 4 1 5 1 3 3 4 5 2 4 5 1 5 5 5 5 2 3 2 5 2 3 3 1 5 3 3 2 4 2 3 1 5 4 1 2 5 3 2 2 2 4 2 3 4 3 2 3 1 3 4 3 4 3 1 3 2 3 5 4 2 2 2 2 1 4 4 5 4 4 3 4 1 3 5 3 1 3 1 2 1 4 5 4 4 3 2 3 4 5 4 5 2 2 5 5 5 4 1 3 3 5 2 1 3 1 4 3 2 5 3 5 4 1 5 1 4 4 4 5 2 3 1 3 2 1 3 3 3 4 1 5 1 2 1 4 5 3 5 3 3 4 5 4 2 3 5 1 1 4 4 2 5 4 4 1 5 5 1 1 4 4 4 1 5 5 5 1 2 1 5 5 3 3 2 3 3 5 1 3 3
5 3 3 1 1 1 1 5 4 4 3 4 3 1 5 4 1 1 3 5 5 1 1 2 5 3 4 1 4 4 4 1 5 5 5 4 4 1 5 1 1 1 2 1 4 3 4 5 1 0 2 5 4 4 5 2 2 3 3 4 5 1 2 1 1 2 3 1 2 5 4 4 4 3 5 1 5 3 4 4 4 5 2 4 2 4 5 1 2 3 4 3 5 1 3 4 3 4 2 2 3 4 4 3 1 1 4 4 3 4 3 5 4 5 4 5 5 1 4 1 3 2 5 3 3 5 2 2 3 1 3 3 4 1 1 4 2 1 3 4 1 3 5 3 1 3 3 4 1 1 1 2 2 3 1 1 2 2 1 2 4 4 5 5 5 2 4 3 1 4 1 3 4 4 2 3 2 1 2 1 3 4 4 4 1 1 2 1 3 3 2 2 4 1 5 4 4 5 2 2 4 1 3 2 4 1 3 2 1 3 4 5 5 3 3 4 5 3 4 2 1 3 4 1 1 5 2 5 5 3 5 1 3 1 2 5 4 3 3 5 4 5 2 2 3 2 5 1 5 5
2 2 5 3 3 5 2 1 5 2 4 3 2 4 3 2 3 2 1 2 5 1 5 2 2 1 3 1 4 4 1 4 1 4 5 4 3 5 2 1 2 5 3 4 1 3 5 1 5 4 0 2 3 1 5 3 5 4 3 1 5 1 4 4 4 2 1 1 4 5 3 5 4 4 1 4 5 5 1 5 2 1 4 1 5 5 1 4 4 4 2 4 4 5 4 1 1 1 1 5 1 4 1 3 5 5 4 2 5 3 3 3 5 2 3 1 2 5 4 2 2 1 5 4 3 4 1 1 3 2 3 1 2 3 3 2 1 3 3 3 2 3 2 2 5 5 1 5 1 1 2 2 1 1 4 4 1 4 3 1 2 3 4 5 1 1 5 1 2 3 1 4 1 1 3 1 1 1 1 2 4 5 3 1 2 4 2 2 5 1 3 3 4 4 5 5 2 2 3 3 2 2 5 4 1 3 4 3 1 2 1 3 1 5 3 5 4 5 3 2 3 3 2 5 1 5 1 5 5 5 5 3 1 2 1 3 4 4 3 5 4 5 3 2 1 5 4 3 4 2
5 5 1 5 1 5 1 5 4 5 2 3 3 5 5 1 1 2 2 3 1 5 5 2 5 5 5 3 5 4 5 1 3 4 4 1 1 5 2 1 4 1 5 5 5 3 3 4 3 4 4 0 2 2 1 3 4 3 3 5 2 2 4 4 5 4 5 1 4 2 1 2 5 3 5 1 3 5 1 1 1 5 2 2 3 4 1 5 4 3 5 4 2 1 5 1 5 4 1 1 2 5 1 5 5 3 1 1 5 3 2 1 2 3 3 3 4 5 3 5 4 5 5 3 3 4 2 4 2 2 3 4 4 4 2 5 4 1 4 3 5 3 4 5 1 2 1 2 4 3 5 1 1 3 3 3 1 1 2 4 1 5 2 4 2 5 5 4 1 5 5 2 2 1 1 2 4 2 3 5 3 4 4 2 4 3 5 1 3 1 2 4 3 2 3 5 3 1 5 1 5 4 2 4 1 1 1 1 5 2 5 1 1 3 1 2 1 2 5 1 5 4 3 3 2 3 3 3 3 2 5 5 2 4 5 1 3 4 3 5 3 2 3 5 2 3 2 2 1 5
3 3 1 4 5 5 5 2 5 3 4 1 5 5 1 4 3 2 4 5 5 5 3 4 3 1 4 1 3 2 2 2 4 4 5 1 3 3 5 3 4 1 4 2 5 4 5 5 5 1 4 1 0 2 1 1 4 1 3 5 4 2 2 1 5 4 4 2 4 5 1 1 1 5 5 1 1 3 3 1 3 1 3 1 5 1 1 2 2 4 1 1 3 4 5 1 4 2 1 2 4 4 3 1 2 2 3 2 1 2 1 4 3 5 1 1 5 2 2 1 2 4 2 4 4 5 1 4 5 3 3 3 5 5 1 5 2 2 3 1 1 1 1 1 3 1 3 1 4 2 4 3 2 4 4 1 3 4 3 2 5 2 1 1 5 4 2 4 2 3 5 4 4 4 4 1 3 4 3 5 4 3 5 1 2 1 4 2 2 5 3 3 3 1 3 4 4 5 2 2 4 3 5 3 5 1 3 5 1 4 4 2 2 2 2 5 1 5 3 4 4 5 5 1 1 3 3 5 3 3 1 5 2 2 4 4 3 4 2 5 2 5 2 5 1 1 4 2 5 1
3 4 4 2 5 4 2 4 4 3 2 4 4 5 3 5 1 2 3 4 4 3 1 1 1 2 3 1 1 3 2 5 1 4 3 1 5 5 3 5 4 3 1 3 1 4 1 2 1 3 1 4 5 0 2 1 3 5 4 4 4 5 2 3 5 1 2 2 5 4 1 3 4 3 1 3 1 5 4 4 5 2 4 1 1 3 2 4 1 3 2 2 2 5 3 1 2 4 5 3 1 5 2 5 3 2 1 5 1 2 3 2 2 5 5 4 1 3 1 4 5 5 4 1 3 3 1 1 4 4 1 3 3 4 1 5 5 1 4 4 1 4 3 1 4 5 1 1 5 2 4 3 5 4 1 2 5 4 4 5 5 3 3 4 1 1 1 3 2 2 2 3 3 3 4 2 4 1 1 4 1 1 5 3 3 4 1 3 2 2 4 5 2 1 4 3 4 5 5 3 1 1 5 1 4 1 3 1 4 1 4 5 5 1 4 3 2 1 5 4 4 5 2 4 4 1 1 5 2 5 4 4 5 3 4 2 1 1 4 3 2 4 5 1 1 3 4 4 3 4
4 4 1 3 5 3 1 5 5 3 4 1 3 1 3 3 1 3 5 1 4 3 4 2 4 2 1 2 1 2 3 4 3 3 2 5 1 1 3 2 2 3 4 4 3 3 1 4 3 1 2 4 3 4 0 2 4 4 2 1 3 3 3 5 4 1 3 4 1 3 4 5 2 2 4 5 4 5 4 4 2 4 4 1 2 3 5 4 5 1 3 5 3 3 3 3 1 2 1 4 2 2 5 2 5 5 3 4 3 5 3 2 4 5 3 2 4 4 2 4 4 5 1 3 3 3 4 3 3 5 5 2 5 5 1 2 1 5 1 3 5 1 2 4 2 4 1 3 4 2 3 2 1 3 4 5 3 1 4 1 5 5 1 2 1 1 2 3 2 1 4 5 1 5 3 5 1 1 5 2 1 5 4 5 2 4 3 3 2 5 3 4 4 3 5 4 5 2 5 4 2 4 5 3 5 5 3 3 5 4 4 2 1 5 3 1 5 1 3 5 1 2 4 1 1 4 1 2 4 2 2 3 4 3 4 2 1 2 5 2 1 4 2 2 2 3 1 3 1 3
2 4 5 5 3 4 4 3 3 5 1 5 4 4 4 4 5 1 1 1 2 3 5 3 3 2 3 3 2 2 4 4 2 5 3 2 4 1 2 3 1 2 5 1 1 1 2 2 2 2 3 4 2 4 5 0 5 3 5 4 5 5 4 5 5 1 4 3 1 4 3 5 4 5 2 5 5 3 3 2 1 2 2 3 4 4 4 5 3 5 1 1 3 3 1 4 3 5 5 4 3 3 2 1 1 1 5 2 3 1 4 3 4 3 5 3 2 1 4 4 2 2 4 4 2 5 1 1 5 2 5 2 4 5 3 3 3 3 2 3 2 5 1 2 5 3 5 2 4 2 5 5 5 1 4 1 5 1 2 4 2 1 5 1 3 3 5 5 3 4 4 1 2 3 3 2 3 1 2 1 2 3 2 3 4 2 1 5 4 5 2 2 2 4 4 5 1 4 5 4 3 2 3 2 5 3 3 1 1 3 3 4 5 1 1 5 3 3 1 3 3 2 3 4 3 4 4 3 2 1 5 4 2 1 1 2 2 3 2 4 4 5 5 1 3 1 5 3 2 5
1 4 1 2 2 4 4 2 5 2 4 2 4 5 5 5 5 5 2 1 4 3 5 3 5 3 1 2 5 3 4 2 1 2 1 1 2 3 1 2 4 4 4 1 4 2 5 4 3 4 2 4 5 4 3 4 0 4 3 5 1 5 1 1 4 5 1 3 4 2 4 5 5 3 4 2 1 3 2 3 4 1 2 2 5 3 2 1 1 2 5 3 4 4 1 5 3 5 1 1 2 2 5 2 5 5 3 5 2 1 3 2 2 4 3 1 5 1 4 1 5 3 2 2 4 4 3 5 3 1 4 5 2 3 2 2 1 3 2 1 3 5 5 1 1 2 2 4 4 4 4 1 5 3 4 5 5 5 2 5 1 2 4 4 5 2 1 4 1 4 4 1 1 1 2 3 2 1 5 3 2 2 2 3 1 1 5 2 2 5 5 2 1 4 4 2 5 5 1 3 4 5 2 2 4 5 3 4 4 3 3 4 3 3 2 4 1 3 2 2 4 5 4 3 5 5 3 4 3 3 5 2 4 3 3 2 4 2 1 2 4 3 3 3 1 3 1 1 4 4
1 2 3 2 5 1 3 3 2 2 3 5 3 3 4 1 3 1 3 4 3 4 3 3 3 2 1 4 2 4 2 3 4 3 1 1 4 2 3 4 2 3 1 2 2 4 1 3 3 5 3 2 2 2 3 1 3 0 2 5 4 3 2 2 2 1 4 3 3 1 1 3 3 5 2 5 2 4 2 2 3 2 3 3 2 5 2 3 5 4 3 2 3 2 1 2 3 2 5 5 2 4 1 2 5 5 5 3 1 5 1 5 4 2 3 3 4 3 2 1 5 2 5 3 5 5 5 2 5 3 3 1 4 4 1 2 5 3 1 3 4 5 3 2 2 3 3 5 1 3 4 4 4 4 3 1 2 3 4 5 3 4 1 5 1 2 3 3 4 3 5 5 2 2 3 4 5 1 5 2 5 4 2 5 3 1 3 5 3 3 2 1 5 4 2 3 3 1 5 3 2 4 3 1 5 3 1 5 4 1 5 4 2 4 2 1 1 2 1 2 1 2 5 1 1 5 5 5 5 2 4 4 4 4 2 1 2 4 1 3 4 5 1 3 1 5 3 2 2 2
2 5 4 2 3 3 2 2 5 5 4 1 3 1 1 4 5 1 2 4 3 5 5 1 4 1 3 4 2 4 1 2 5 4 4 3 1 2 5 5 5 2 4 5 5 1 4 5 5 1 4 5 5 1 5 4 3 4 0 2 5 3 1 5 2 3 1 3 1 4 1 4 2 1 3 5 5 5 5 1 4 2 5 4 3 4 4 1 1 4 5 2 1 2 5 4 2 3 3 5 3 2 3 4 2 5 3 4 4 5 1 2 2 5 2 1 2 2 1 3 3 1 5 5 3 5 1 4 5 1 2 3 4 3 5 3 4 1 1 4 2 5 5 2 1 3 3 1 2 5 4 2 5 4 3 2 1 5 3 4 3 3 4 2 1 5 4 3 1 1 2 1 2 4 2 5 2 4 3 2 2 4 3 2 3 4 3 3 4 5 1 3 2 4 3 3 3 1 2 4 1 3 5 2 1 3 3 4 1 4 4 1 2 3 4 1 3 2 1 4 5 3 4 4 4 3 5 2 5 1 5 4 2 3 4 1 3 4 1 4 5 2 4 4 4 5 1 4 1 3
2 3 4 5 2 1 3 3 4 3 1 1 4 4 4 1 5 3 1 5 3 3 4 1 3 5 1 4 2 3 5 3 1 2 5 3 3 4 4 3 1 2 5 3 5 3 5 3 1 5 1 5 1 2 2 3 4 4 5 0 1 1 4 4 5 1 5 2 3 4 5 2 5 3 5 3 3 4 4 1 3 5 4 2 1 5 1 3 4 1 1 3 2 5 2 4 1 4 1 2 1 1 1 1 3 1 1 3 3 1 4 4 4 5 2 2 4 1 1 1 2 4 4 1 4 3 3 5 1 4 3 4 5 4 2 3 3 3 2 4 2 1 1 4 1 2 1 3 1 3 1 3 5 1 3 4 5 5 1 1 4 4 5 4 1 3 4 5 2 5 3 5 1 3 1 3 1 3 1 1 4 3 2 2 5 2 1 3 2 2 2 2 4 2 3 2 2 3 5 4 2 3 3 4 5 4 3 5 1 1 3 3 4 1 4 4 5 5 2 2 2 4 3 3 5 1 4 3 1 5 5 1 4 2 3 4 3 5 4 2 1 2 3 2 3 5 3 4 5 4
4 1 3 1 5 4 1 5 2 5 1 4 3 5 3 4 1 5 4 5 3 5 5 2 5 2 2 3 5 3 2 2 3 4 2 3 5 4 4 3 3 2 5 4 4 1 4 4 3 1 5 4 2 2 1 1 2 4 1 4 0 4 1 3 2 5 3 5 4 1 3 3 2 4 3 4 1 1 2 4 2 3 1 2 1 5 3 3 3 1 2 2 2 2 4 5 2 2 5 2 2 1 2 2 5 3 4 5 3 5 4 4 2 2 4 5 2 3 1 1 3 2 4 3 2 3 2 4 4 3 1 4 4 1 5 4 3 2 3 3 1 4 4 3 1 2 5 4 4 3 4 5 3 1 1 1 2 2 3 1 5 5 1 2 5 1 5 1 4 5 1 3 1 3 2 2 4 4 5 1 5 2 5 5 1 3 3 4 5 4 1 2 2 4 1 1 5 5 2 1 5 2 1 1 5 5 4 4 1 3 3 2 4 3 4 1 2 3 3 5 5 2 4 2 2 2 5 5 4 1 5 2 5 3 1 3 1 1 1 3 1 3 2 2 3 2 2 1 2 3
5 4 5 5 4 1 3 1 3 4 1 4 2 5 5 3 4 3 4 1 1 5 4 3 3 3 3 2 4 1 1 4 1 4 3 5 4 2 1 3 1 2 3 1 1 1 3 3 2 1 3 2 2 4 2 4 1 3 3 5 5 0 2 3 3 5 3 4 2 4 1 3 5 5 5 4 4 1 2 2 4 3 5 4 2 4 4 5 1 2 1 2 1 1 3 3 4 4 4 4 4 5 3 3 1 5 3 3 3 3 4 2 1 5 5 4 4 4 1 2 2 1 4 3 5 5 1 4 5 1 2 1 1 1 4 3 1 3 3 1 1 4 1 5 4 1 4 1 4 2 2 3 1 1 4 1 2 3 1 5 1 1 3 5 5 5 2 5 1 5 3 5 4 5 2 5 5 4 1 4 5 4 3 2 5 1 2 4 4 1 5 4 1 3 1 1 1 4 4 5 1 1 3 3 3 5 4 5 5 2 4 1 4 4 5 3 2 4 3 5 3 3 3 2 2 5 1 5 5 5 1 2 5 4 3 5 1 4 5 1 3 3 1 4 4 5 5 4 5 2
5 1 4 4 4 4 1 1 2 3 4 1 3 5 5 2 3 3 5 3 3 2 2 4 3 2 2 2 2 4 4 2 2 1 5 2 1 3 4 3 1 5 3 1 1 3 2 4 4 4 3 1 1 4 5 2 3 2 2 2 4 1 0 5 5 2 1 5 3 3 5 3 4 3 5 4 3 5 4 3 3 1 5 3 1 1 1 5 3 5 4 3 1 5 4 2 3 2 2 1 2 3 1 5 5 5 4 2 2 1 1 3 4 3 3 4 2 5 1 5 4 4 2 4 4 4 4 1 5 5 3 5 4 4 1 5 5 3 2 4 1 2 3 5 1 5 1 2 2 5 5 2 4 1 4 3 4 2 4 1 4 4 1 1 1 1 1 4 4 2 4 4 3 5 3 2 2 3 4 4 2 4 4 3 1 3 5 1 4 3 1 3 5 4 5 1 3 2 5 2 3 5 5 1 5 2 5 4 4 2 3 5 2 1 5 5 2 4 2 5 3 5 5 4 3 2 1 1 3 4 3 2 3 4 2 5 3 1 5 3 5 4 3 5 1 2 2 3 2 3
5 2 1 1 5 2 1 5 5 5 1 1 2 1 5 5 2 3 3 2 4 5 4 3 4 5 3 1 5 4 4 4 3 2 4 1 1 4 4 1 2 2 5 1 3 2 5 4 1 4 2 4 1 1 1 3 5 5 5 5 4 4 4 0 3 5 2 5 3 5 2 1 5 4 5 3 3 3 4 2 2 3 1 1 1 2 3 2 2 2 5 5 5 2 1 5 2 1 1 3 2 4 2 2 1 4 2 1 5 4 1 2 4 3 1 1 4 2 3 1 4 1 4 4 2 2 2 1 3 3 5 4 2 1 1 2 1 3 1 4 4 4 2 2 4 4 1 4 2 1 5 5 1 3 3 2 5 5 3 4 3 5 4 3 2 1 3 5 3 3 1 2 2 1 4 2 1 2 4 1 5 4 1 3 3 3 4 1 4 1 4 3 4 4 2 2 3 4 1 4 5 3 1 5 4 4 2 3 4 1 4 5 4 3 1 1 1 4 2 1 3 5 2 4 5 3 3 1 3 2 1 3 4 5 3 3 3 2 4 2 2 2 2 1 3 1 1 1 3 2
3 2 5 4 2 4 1 2 5 1 4 2 5 2 4 4 3 2 5 1 2 4 5 2 2 3 5 3 3 1 1 3 1 5 5 4 2 4 2 5 4 4 4 2 1 4 3 4 2 2 1 3 5 2 3 4 1 1 4 4 1 3 1 1 0 2 5 2 2 2 5 1 5 5 5 3 4 5 5 4 5 3 4 3 5 1 5 4 4 5 1 1 4 3 1 3 2 2 3 1 2 1 5 5 3 3 1 3 4 4 2 4 4 4 1 4 2 2 3 1 1 4 1 3 5 5 3 2 4 4 4 2 4 1 2 2 4 5 1 2 3 4 4 4 3 3 3 2 4 2 2 4 1 3 1 2 5 2 2 2 1 3 3 1 2 2 4 3 1 1 3 5 1 2 4 1 2 4 4 1 4 3 5 5 1 3 5 2 1 2 3 1 3 2 4 5 1 1 2 2 2 4 4 4 5 1 2 5 5 1 1 2 1 3 1 1 5 3 2 3 2 5 4 3 5 1 1 5 3 4 5 2 1 3 4 3 4 1 1 1 3 5 5 4 2 3 5 2 2 3
3 2 4 4 4 5 1 5 1 1 2 3 1 2 3 5 1 1 3 2 1 2 1 3 4 2 5 1 2 3 1 2 1 3 5 4 5 2 5 5 3 3 5 3 4 3 2 5 4 3 3 3 2 3 5 3 3 2 5 4 2 2 3 4 5 0 1 1 4 5 1 2 5 2 1 1 3 5 5 1 4 4 5 4 4 5 5 2 2 1 4 2 4 5 2 5 4 3 3 2 2 1 2 2 5 2 3 4 5 2 4 3 4 2 5 5 2 5 2 3 3 4 5 3 3 3 3 4 4 1 2 3 5 2 2 1 4 1 4 3 5 1 5 2 2 5 2 1 4 1 5 1 3 2 1 2 5 2 2 3 4 3 4 5 4 5 2 5 4 2 5 1 4 2 1 5 5 1 3 3 3 1 5 4 3 3 4 3 5 2 5 4 3 3 3 1 1 2 3 1 1 4 3 4 5 5 1 2 3 2 4 5 5 5 4 1 5 1 2 4 4 3 5 3 4 5 1 5 5 1 2 5 4 1 1 2 1 4 3 2 5 4 2 5 2 2 4 3 3 5
2 5 4 4 2 4 4 2 5 2 4 1 1 4 4 5 3 1 1 3 5 2 3 1 2 5 4 2 5 1 1 3 2 2 2 4 4 3 5 1 1 2 5 3 3 4 2 2 1 2 1 1 4 1 4 3 3 5 5 5 1 2 2 5 4 3 0 2 2 5 4 5 1 4 1 2 3 5 1 3 3 2 1 5 3 1 5 4 5 5 2 1 1 2 5 2 1 2 5 2 1 2 1 2 3 4 5 3 5 4 3 3 2 5 1 2 2 3 1 4 3 2 4 3 3 4 2 2 1 3 2 3 3 1 1 4 4 5 2 3 1 2 3 1 4 3 5 5 1 2 2 5 4 2 2 2 2 2 5 4 4 5 3 2 4 5 3 2 3 3 2 3 1 1 4 3 3 5 4 4 5 2 1 4 5 1 3 5 2 5 3 1 5 3 4 1 1 3 1 2 2 3 4 4 2 3 5 1 3 2 1 2 2 2 3 2 4 5 3 4 2 5 1 5 4 1 4 1 4 1 5 5 1 4 4 3 3 4 5 4 1 5 2 5 1 5 1 3 3 4
5 4 2 4 3 1 1 2 4 5 1 3 1 1 3 5 4 2 3 1 3 5 4 1 2 4 4 2 2 1 5 2 5 2 1 2 5 4 2 4 3 1 5 5 2 2 2 5 1 1 5 1 1 4 5 2 3 5 5 3 3 4 1 3 2 3 1 0 3 3 5 1 2 2 2 3 3 2 2 1 4 5 5 5 1 3 4 3 2 5 5 3 5 3 5 5 3 2 1 5 4 4 3 2 1 2 5 2 4 3 2 1 2 3 2 1 2 1 2 1 5 4 3 1 1 3 3 5 5 1 4 2 1 2 3 3 2 4 2 2 4 2 4 4 1 2 3 5 3 3 1 4 2 4 2 1 1 3 2 4 4 3 3 5 4 2 3 1 3 5 5 5 2 4 1 2 2 3 2 3 2 3 4 5 3 2 4 2 1 1 2 1 1 3 2 2 1 3 3 4 3 2 1 4 4 5 1 5 2 4 1 3 1 4 3 2 1 3 1 1 5 4 4 4 5 2 4 5 4 4 4 5 2 3 2 4 1 4 2 3 1 3 5 4 1 3 2 4 1 1
2 1 4 2 4 3 4 2 2 5 1 3 3 1 3 4 4 4 5 4 3 4 4 5 1 1 5 1 3 2 4 4 3 3 2 2 2 1 3 3 5 1 3 4 3 3 3 2 2 2 2 1 4 4 1 3 4 5 5 2 1 1 3 3 4 4 4 3 0 3 5 3 1 5 3 2 4 1 1 1 5 5 3 1 1 2 1 5 4 3 1 2 1 1 1 5 3 5 4 1 4 1 2 2 4 4 5 1 3 3 3 2 5 3 1 4 3 3 4 4 5 3 3 1 1 3 3 3 2 3 4 2 1 3 5 2 3 5 4 3 3 2 5 2 5 2 4 3 4 2 3 5 5 4 2 3 4 5 1 4 3 2 2 4 2 3 4 1 1 2 2 2 3 5 2 4 2 4 3 1 3 1 2 1 2 2 1 1 4 2 1 3 5 2 5 4 2 5 1 1 2 5 1 2 4 3 3 5 2 3 2 5 2 4 2 4 3 4 1 4 4 3 3 4 4 2 1 3 4 1 1 3 5 2 3 1 3 2 4 4 2 4 2 2 1 5 5 1 5 2
1 3 3 3 4 2 4 1 1 2 1 2 3 4 5 2 2 1 2 5 3 4 4 3 3 3 3 3 2 2 2 3 5 1 1 2 4 2 2 5 3 5 5 5 3 2 3 5 3 2 4 1 5 1 2 4 3 4 4 3 3 5 2 5 3 5 4 3 1 0 3 1 5 2 2 1 2 3 2 5 3 4 4 4 4 2 1 3 3 2 2 4 2 5 3 4 2 3 1 4 4 2 1 3 3 4 2 1 4 2 1 5 3 1 3 2 5 3 4 2 5 4 1 5 5 2 3 2 4 4 3 3 3 4 1 1 5 4 3 2 4 5 1 3 3 5 3 1 2 3 5 3 3 3 4 3 1 4 2 5 1 1 1 5 1 3 2 1 2 2 3 3 1 4 2 1 5 3 3 2 3 3 1 1 2 4 3 2 5 2 5 2 2 4 1 5 3 4 3 4 4 4 4 3 4 2 4 5 3 4 1 5 4 2 3 4 1 5 5 5 5 1 4 2 3 1 4 1 5 4 2 5 4 4 1 1 2 1 3 1 3 5 3 4 1 3 1 2 2 2
2 2 2 3 2 4 2 1 3 4 1 3 3 1 2 4 5 1 5 5 3 4 5 3 4 2 4 5 1 3 2 1 2 1 1 5 5 1 4 2 3 3 2 3 3 3 2 1 1 4 2 4 2 3 1 4 2 3 4 4 3 1 2 1 5 2 5 4 2 1 0 1 1 1 1 3 3 5 1 5 1 3 4 2 1 2 3 4 3 4 1 2 4 2 1 2 5 5 2 1 4 2 3 4 5 5 4 3 3 5 3 4 3 2 1 2 3 3 4 3 1 1 2 2 4 5 3 4 3 2 4 2 5 5 2 5 5 4 3 1 2 4 4 1 3 4 2 1 1 4 3 3 1 1 2 5 1 1 3 3 4 2 3 4 1 3 3 4 3 3 2 1 2 2 1 4 4 2 3 1 3 5 3 5 4 1 3 3 1 4 3 1 1 4 5 3 1 2 1 5 5 3 3 2 4 1 5 4 1 1 4 1 5 4 3 1 2 4 3 1 5 1 5 3 4 3 2 4 2 1 3 1 1 5 4 3 1 4 2 3 1 1 1 4 4 1 2 3 2 1
2 1 3 3 5 1 5 5 5 2 1 5 3 2 2 4 5 1 4 1 5 3 3 4 4 5 4 3 5 3 3 1 3 5 1 2 3 3 5 3 3 1 5 3 5 2 5 5 2 4 4 3 4 2 2 1 3 1 1 5 2 5 2 3 2 4 3 5 3 3 1 0 3 2 1 1 2 2 1 2 3 1 3 3 1 1 5 2 3 4 2 3 2 2 5 3 5 2 1 1 2 3 2 5 5 2 1 4 2 1 4 3 5 3 2 3 3 3 1 1 3 4 1 5 1 3 3 4 4 3 1 1 4 1 3 5 2 1 2 1 4 5 5 4 2 5 1 1 3 2 3 5 3 4 1 5 2 2 5 5 2 5 2 1 5 2 5 3 4 1 3 2 1 5 3 4 2 5 2 2 4 1 3 2 5 4 4 3 2 5 3 4 5 3 5 4 4 4 4 4 5 4 5 1 5 3 4 5 3 3 2 4 4 1 4 1 5 4 3 5 3 5 5 5 1 1 4 4 5 5 3 3 5 1 1 5 3 1 4 5 3 3 3 5 2 3 3 3 2 5
3 2 5 1 1 2 3 5 4 4 3 3 4 4 4 4 2 3 1 5 3 4 2 4 1 4 2 4 3 4 3 4 3 4 3 3 4 5 3 5 2 2 1 5 4 4 4 2 1 4 1 3 3 1 5 2 4 4 5 3 5 4 2 2 4 1 5 5 2 4 4 3 0 2 5 4 5 2 2 2 3 5 3 5 2 4 1 5 3 2 5 1 4 2 4 5 1 3 2 5 1 1 1 1 3 5 2 1 5 2 1 5 1 1 4 4 3 2 2 4 2 2 1 2 2 3 2 5 1 1 2 2 1 4 5 4 5 2 2 3 1 3 1 5 3 4 2 1 2 2 5 5 1 3 1 4 2 2 4 5 1 2 2 1 2 2 1 1 2 4 1 5 1 3 4 5 2 4 2 5 5 3 2 1 3 1 5 1 2 4 2 4 2 2 1 4 4 4 3 2 3 5 1 2 4 2 5 2 4 3 5 1 2 3 1 1 3 5 2 2 2 3 4 3 5 5 4 4 2 4 4 2 1 4 4 2 4 1 3 5 3 5 1 1 4 3 5 2 4 5
3 3 4 2 2 3 2 3 3 2 4 3 5 1 2 3 2 2 4 5 2 1 5 4 4 4 2 3 5 3 3 4 2 5 5 1 1 5 1 1 4 1 3 5 3 4 5 3 2 1 4 5 3 2 5 3 4 3 3 1 2 1 1 3 3 3 5 1 4 3 5 3 1 0 4 4 2 5 3 1 4 4 2 3 5 4 4 2 1 1 4 2 4 4 4 3 3 2 3 4 1 3 2 2 5 3 4 2 5 3 1 2 1 1 2 2 1 4 2 2 3 4 5 2 3 4 1 2 5 1 5 1 3 4 3 5 3 5 3 2 5 4 5 5 2 2 2 3 2 3 3 2 3 1 1 2 4 3 2 1 2 3 5 1 5 4 1 2 3 1 3 1 3 1 4 4 1 1 5 1 4 2 1 5 3 3 1 5 4 5 3 1 3 3 2 3 3 1 3 3 4 3 5 2 5 5 1 5 5 3 3 2 4 5 2 1 3 5 1 3 4 2 1 2 1 1 4 1 2 4 4 5 4 4 2 1 1 2 2 3 5 3 3 4 2 1 1 3 4 2
3 3 5 3 2 1 5 3 3 4 2 2 5 4 1 5 2 5 5 3 1 5 3 4 3 2 1 3 5 2 5 4 1 5 3 5 3 5 1 1 4 4 3 2 1 2 5 3 2 5 1 4 5 3 4 3 1 1 3 2 4 5 4 2 1 1 1 2 2 4 3 4 3 3 0 1 2 2 3 4 2 3 3 4 5 2 2 3 4 5 5 5 2 1 3 4 3 4 4 4 3 3 1 1 4 5 3 3 4 3 3 2 1 5 5 4 1 4 4 3 5 3 4 1 4 3 4 3 2 4 4 3 5 1 2 2 2 5 3 2 3 3 1 4 2 4 4 1 4 3 5 3 2 3 4 5 1 2 4 4 1 4 2 5 2 4 1 4 3 2 1 3 1 5 4 3 3 3 5 4 1 1 3 5 1 3 3 2 5 2 4 2 1 1 1 2 1 5 1 5 5 3 2 2 2 2 1 1 1 2 5 1 5 2 4 3 4 3 3 5 3 4 1 2 3 5 3 1 1 2 5 4 3 5 1 1 1 3 3 4 2 4 2 2 2 3 1 1 4 3
2 2 5 1 2 1 3 5 4 4 1 4 3 2 2 2 5 2 3 5 4 1 5 3 5 1 3 3 1 2 5 2 3 4 1 1 5 2 1 4 2 3 5 4 1 4 2 4 1 1 5 2 5 2 1 1 4 5 1 1 1 4 2 3 5 2 3 4 3 2 1 3 5 5 2 0 1 2 1 1 1 1 4 2 5 3 3 5 5 3 5 4 2 1 1 5 5 5 4 5 3 3 5 5 1 4 3 5 4 2 1 1 5 5 1 5 2 1 2 2 4 2 3 5 1 5 4 3 5 2 5 1 4 4 3 4 5 3 2 3 3 4 4 4 2 2 1 3 5 5 4 1 2 1 3 2 1 4 4 4 4 2 2 4 3 2 3 2 1 1 4 2 3 5 1 5 2 4 4 2 1 3 2 3 3 3 5 4 2 4 1 3 1 3 4 1 3 1 5 5 3 4 1 4 5 5 4 1 1 4 3 2 1 4 1 4 1 5 2 4 1 1 5 5 2 5 2 3 4 2 1 2 4 2 1 2 1 5 5 5 2 1 3 5 4 2 1 1 1 1
1 5 1 5 4 4 4 1 2 1 4 3 4 4 4 3 2 5 2 4 1 3 3 5 2 4 2 3 5 3 4 2 2 4 5 3 4 5 1 3 2 1 1 1 1 1 4 2 2 3 2 1 2 1 1 1 4 5 2 5 4 3 3 2 5 3 1 1 3 5 4 4 3 2 2 3 0 4 3 1 3 3 5 5 5 1 5 4 2 4 3 2 1 2 2 3 1 3 5 2 2 1 3 5 5 3 3 4 2 2 1 2 4 3 1 2 4 3 2 3 3 4 2 5 1 3 3 2 4 2 5 4 5 3 1 4 5 2 2 1 1 1 5 3 3 2 5 4 1 4 3 5 2 1 2 4 4 2 5 2 2 5 2 3 1 1 3 1 1 1 2 2 4 4 1 5 3 4 5 1 3 1 3 4 3 1 1 2 5 2 2 5 4 4 4 5 5 4 4 1 2 1 3 3 5 4 2 5 4 1 1 1 4 5 2 4 1 3 1 3 3 3 3 5 2 4 5 2 3 3 3 5 1 5 5 4 4 2 5 4 4 1 4 2 1 2 3 1 3 3
4 1 4 4 1 2 5 5 4 5 4 1 2 1 4 1 5 3 1 5 4 1 3 4 5 5 4 3 5 1 5 5 3 1 3 3 5 1 1 2 4 3 4 4 1 2 2 4 2 3 1 3 3 4 2 3 4 5 2 3 4 5 4 4 4 1 3 1 4 1 2 3 3 3 3 2 1 0 5 2 1 4 4 1 2 1 2 4 5 3 4 4 4 4 1 5 3 2 5 5 3 3 5 5 3 5 1 2 3 3 2 1 5 3 4 5 4 5 1 4 3 2 3 3 3 1 4 3 4 4 4 3 4 1 2 3 1 3 3 1 4 2 1 5 3 4 4 2 3 1 3 1 2 3 2 2 3 5 4 4 4 3 3 2 2 2 3 1 1 2 3 5 1 5 4 1 1 4 4 3 3 2 3 5 2 2 4 4 2 4 3 1 4 4 3 2 5 5 1 1 2 2 4 2 5 5 3 1 1 2 1 2 5 3 4 2 2 2 1 3 2 5 4 4 1 1 2 2 5 4 4 5 4 5 5 4 4 2 5 4 3 4 2 4 3 1 3 4 4 4
2 3 2 2 2 4 5 3 4 3 3 4 5 1 1 3 1 3 2 4 2 4 5 3 2 4 1 1 4 3 1 4 2 1 4 2 4 4 2 4 5 5 2 4 3 4 5 3 5 5 3 4 3 2 1 4 2 2 2 4 4 4 1 1 3 5 4 2 4 2 3 2 4 5 2 1 2 2 0 4 1 1 2 1 3 5 4 3 3 4 1 4 5 4 3 5 2 4 3 4 3 4 4 2 5 5 2 4 3 4 3 1 5 4 4 2 3 2 1 3 5 1 2 5 4 4 3 4 1 1 3 4 3 4 2 1 2 1 2 1 2 4 5 2 5 5 4 3 5 1 2 5 5 4 2 1 5 2 4 4 2 1 4 3 4 5 3 1 1 5 1 1 4 1 4 4 4 5 2 5 3 4 3 2 5 3 3 1 5 5 4 1 3 4 4 4 5 2 2 1 4 5 1 3 3 2 2 2 4 1 4 2 2 5 3 2 4 5 2 5 3 3 2 2 5 3 3 1 4 5 2 4 3 4 5 4 4 3 3 1 2 1 5 3 4 5 4 1 2 1
1 2 3 2 3 2 5 3 5 4 4 2 2 3 4 5 4 4 3 2 5 2 1 3 1 1 1 5 4 3 5 4 3 1 2 1 3 3 2 5 3 3 5 3 1 2 5 5 5 1 5 5 1 4 3 1 3 2 5 3 2 4 3 3 1 4 3 1 5 3 2 1 1 4 3 2 5 3 1 0 4 3 3 5 1 1 5 2 1 5 3 5 2 1 2 3 4 2 2 3 4 3 1 3 1 5 4 2 4 1 2 4 4 1 2 1 5 5 1 1 3 2 3 4 2 1 5 3 2 5 2 3 4 2 2 3 3 3 4 1 2 4 3 3 5 3 1 1 5 3 3 5 5 4 2 2 2 5 4 1 5 5 1 2 3 1 4 1 4 4 1 1 2 1 3 2 5 5 2 1 3 1 5 1 1 1 5 3 5 3 2 2 2 4 5 3 3 2 4 4 2 4 1 4 4 3 3 1 4 1 1 1 4 1 1 5 1 1 4 1 5 2 3 2 4 2 1 5 4 2 3 1 5 5 3 2 3 5 5 3 5 5 3 1 2 2 1 4 4 3
3 4 1 1 3 5 2 5 3 3 2 1 5 2 2 3 2 4 3 1 3 5 3 2 2 2 4 4 2 2 4 1 1 2 1 3 1 5 2 2 5 2 4 5 2 4 5 5 1 4 4 3 3 3 3 1 1 4 3 1 2 5 4 5 4 2 2 2 3 3 2 3 2 3 5 4 3 4 3 2 0 3 3 5 2 4 1 3 4 2 2 5 4 4 1 2 3 5 1 1 3 4 4 2 2 4 5 3 1 5 4 1 2 5 5 4 5 3 4 4 2 2 1 4 2 1 5 5 5 4 5 5 3 4 2 1 2 3 4 3 5 4 2 1 2 3 3 5 1 5 5 1 4 2 2 4 3 3 1 3 1 1 5 2 1 5 1 3 4 1 2 2 2 5 2 5 4 3 3 2 3 4 2 1 2 3 2 3 5 1 1 4 1 1 2 5 4 1 4 4 2 4 4 5 2 3 5 2 1 1 5 5 5 4 1 3 3 1 4 2 4 5 5 5 3 5 3 2 4 3 1 2 4 1 5 3 2 5 5 3 3 5 5 4 4 2 4 4 4 1
5 2 5 3 2 4 3 1 3 5 5 3 5 1 3 4 5 4 2 2 3 4 3 3 4 1 2 2 4 3 2 1 2 2 3 2 4 5 5 5 3 1 5 4 5 3 2 2 4 5 3 3 3 4 5 2 2 1 4 2 1 1 1 4 4 4 5 2 5 4 2 5 5 2 5 1 1 2 4 2 1 0 3 5 2 3 3 3 2 1 5 5 2 2 5 3 5 1 5 2 1 3 1 4 4 4 4 5 3 3 4 2 4 1 2 3 1 4 1 1 2 2 1 2 3 1 3 4 3 5 3 5 2 3 2 4 2 1 2 3 5 2 2 2 3 2 3 1 1 3 5 3 3 4 4 4 2 2 3 1 4 2 4 1 5 3 1 3 2 2 4 1 2 5 2 1 5 3 3 2 4 3 4 4 2 2 2 4 5 2 3 4 2 3 2 3 4 5 5 1 2 4 5 4 1 3 2 2 4 1 3 2 2 3 1 2 3 1 4 2 3 1 5 1 4 2 2 2 5 1 2 1 3 5 3 1 3 2 2 2 3 5 2 1 2 1 3 4 1 1
3 4 1 5 3 5 2 4 2 2 4 3 5 4 3 1 4 5 1 2 3 5 5 3 4 2 3 4 3 4 5 1 3 3 3 2 4 3 4 5 3 4 5 1 1 2 1 1 3 3 3 2 5 3 2 3 1 4 1 1 5 5 4 1 2 1 4 4 2 5 4 5 2 4 4 4 5 4 2 3 3 4 0 3 2 4 4 4 4 2 1 1 2 2 1 1 2 2 4 1 4 5 3 1 1 1 1 3 2 2 3 2 3 4 1 1 3 2 1 3 2 2 3 4 1 3 1 3 4 5 2 4 4 1 1 3 1 4 2 4 3 3 3 4 2 3 2 4 1 5 2 4 5 3 4 2 2 5 2 3 1 4 1 1 2 3 3 4 3 1 5 4 1 2 1 5 5 3 1 2 4 3 1 1 1 2 5 2 3 4 3 3 1 4 1 4 4 3 5 4 1 3 2 4 3 5 2 5 4 1 4 2 2 5 3 4 5 1 3 4 2 5 3 3 2 5 4 5 2 5 3 4 2 2 4 3 3 5 1 2 2 1 4 1 3 1 3 3 3 3
1 1 1 1 1 1 1 1 1 5 5 4 4 2 4 5 5 5 3 5 2 2 4 2 4 4 3 3 2 2 3 1 5 3 1 2 5 4 1 4 5 1 3 1 3 1 5 3 5 3 4 4 4 2 2 3 4 4 3 2 1 4 3 5 1 1 1 2 3 4 1 1 4 1 1 5 1 2 5 3 3 3 2 0 1 1 5 2 2 1 2 3 5 2 1 5 3 2 4 5 1 4 5 2 4 3 1 4 1 4 3 5 4 2 3 1 3 1 4 2 2 5 2 1 3 4 2 2 1 2 4 3 2 1 2 3 1 3 1 2 2 1 5 3 3 4 4 4 5 1 5 2 4 4 3 4 3 3 3 4 2 2 2 5 5 2 5 1 1 3 2 4 1 2 2 4 2 2 5 4 1 1 2 2 3 3 5 3 1 4 2 3 4 4 4 5 1 5 5 2 2 5 4 3 1 2 2 1 3 4 3 1 1 3 1 1 3 1 4 4 2 5 1 3 4 5 2 1 2 4 2 2 1 1 3 1 2 3 4 2 1 4 1 4 4 4 1 1 2 5
3 4 3 2 5 2 1 2 5 3 1 3 3 4 2 4 1 5 4 5 4 3 1 5 3 4 4 3 1 1 2 3 5 4 1 4 4 5 4 1 1 1 5 1 2 2 5 3 5 2 3 3 1 2 1 4 5 2 3 3 5 5 2 2 4 2 4 2 1 2 4 5 2 3 4 1 2 2 4 1 2 3 3 5 0 1 3 3 5 4 2 4 1 1 1 2 3 1 3 4 2 3 1 5 2 1 3 1 1 3 4 4 5 3 5 2 5 5 3 4 2 5 1 2 1 4 2 3 3 4 5 3 1 2 2 1 2 2 4 1 2 4 3 5 1 4 5 1 4 2 4 3 2 1 4 2 1 4 4 2 1 2 2 1 3 5 1 2 2 4 3 2 1 4 4 1 1 1 5 3 3 3 3 5 3 3 1 2 5 5 2 5 2 3 2 4 2 3 3 4 1 4 5 5 1 5 3 4 1 4 2 4 2 2 3 4 2 2 1 4 5 5 3 2 1 2 5 3 5 3 5 1 5 2 1 1 3 5 2 4 1 3 2 4 3 5 4 1 4 1
3 2 2 1 3 1 4 5 5 4 4 4 4 3 3 3 4 4 4 4 5 2 3 3 1 4 4 5 5 1 1 4 2 4 2 1 1 1 4 1 5 5 3 2 5 4 1 4 4 5 5 4 1 3 2 3 1 2 3 4 3 1 3 4 5 3 5 3 5 5 1 5 3 4 3 3 2 5 1 3 4 1 2 2 5 0 2 2 1 1 3 4 4 3 4 2 1 3 5 2 3 5 4 2 2 1 4 4 1 1 3 2 2 5 1 2 2 4 2 1 4 3 1 3 5 4 2 3 4 3 1 3 2 5 1 2 3 1 1 1 4 1 1 5 5 5 3 3 3 1 5 5 4 4 4 1 1 2 3 4 1 3 2 3 2 5 3 3 1 4 1 3 3 4 1 4 3 3 3 2 4 2 4 4 3 2 4 4 3 2 4 2 3 3 1 5 4 5 3 4 1 5 2 4 4 3 3 3 1 4 2 2 2 4 4 3 1 5 4 2 1 2 1 5 5 2 5 2 4 4 2 3 5 4 5 1 3 3 3 4 3 3 5 1 3 3 4 3 3 2
1 3 3 3 2 1 5 3 3 5 3 3 4 3 2 5 5 1 5 2 2 5 5 4 4 4 4 3 5 3 4 1 4 4 5 5 4 5 3 3 1 1 4 5 5 1 5 3 3 1 4 2 3 2 4 1 4 4 4 1 5 1 3 5 3 1 4 4 1 5 2 5 3 4 2 4 2 2 4 1 5 2 2 3 3 4 0 3 5 5 5 2 2 2 1 2 5 2 5 1 4 1 3 2 4 2 1 5 2 3 3 2 3 5 2 1 2 1 2 3 4 4 5 4 1 2 2 1 2 3 2 3 5 1 5 4 5 4 3 1 1 1 1 2 1 4 1 3 1 5 2 2 2 3 4 2 5 2 2 4 4 4 4 1 3 5 5 5 2 3 4 1 3 4 2 2 3 3 2 4 1 4 1 3 2 3 3 2 2 3 2 1 5 3 3 3 3 2 5 4 3 1 3 1 2 3 4 1 4 1 3 2 5 1 2 5 3 4 1 4 2 3 2 5 1 5 2 1 5 5 4 1 4 3 2 3 4 3 1 1 3 2 1 2 4 2 1 1 3 2
3 4 1 4 4 5 1 4 3 3 2 2 4 5 5 4 4 2 2 5 5 3 2 3 3 5 5 2 3 4 1 5 5 2 3 4 4 1 1 4 5 5 1 1 5 1 3 3 1 2 3 3 3 2 1 4 1 5 3 2 1 5 1 1 2 3 3 2 2 5 4 2 3 3 1 1 2 5 4 3 3 5 1 2 4 1 4 0 3 4 5 5 3 4 5 3 2 5 5 3 2 1 5 1 3 3 2 5 2 4 3 1 4 3 2 2 5 5 1 2 3 4 5 3 5 5 2 2 2 1 1 1 1 5 5 3 2 1 4 2 3 4 2 5 1 3 4 4 3 1 2 4 1 4 4 1 4 1 3 3 2 2 2 4 4 2 5 1 2 2 3 1 1 4 2 3 2 4 1 2 1 2 5 2 3 4 4 2 3 3 2 3 5 4 3 3 5 5 2 1 3 3 2 4 2 3 2 3 5 4 1 1 3 1 2 5 1 2 3 4 5 2 3 3 2 1 2 4 3 3 5 4 4 3 4 3 1 4 2 3 3 4 1 2 2 3 3 4 1 2
4 3 2 1 1 2 2 3 2 4 1 2 2 4 4 3 5 4 3 4 4 4 1 1 2 3 1 1 1 3 3 2 4 3 5 1 5 4 4 5 4 2 5 4 2 4 3 3 1 2 1 2 4 3 4 2 4 2 2 3 3 3 4 3 4 1 1 5 3 2 2 2 3 5 4 4 3 4 4 4 4 3 2 2 5 1 3 4 0 3 4 2 2 2 2 1 4 1 4 2 4 3 4 4 4 2 5 2 2 1 2 1 2 2 5 3 1 5 3 5 4 1 4 2 1 4 3 2 3 1 1 4 4 4 2 5 5 4 1 3 4 5 4 4 4 2 1 2 1 3 2 3 4 2 3 4 4 2 3 3 4 2 3 4 2 5 4 5 1 2 5 3 2 2 3 2 3 3 2 5 2 4 5 5 2 4 2 2 1 5 3 5 1 2 1 3 4 1 4 2 1 5 3 5 5 3 1 2 1 4 2 4 5 1 3 2 1 5 5 5 5 1 3 5 2 1 5 5 2 3 4 3 5 5 1 4 3 5 5 5 3 4 1 2 2 1 3 4 5 3
3 1 4 4 5 3 1 5 1 4 1 3 5 2 2 2 2 5 3 4 3 5 1 3 2 4 3 5 2 2 4 2 3 5 1 2 2 4 2 1 2 5 1 4 2 3 3 1 1 5 1 3 2 4 3 2 4 5 5 3 4 4 1 2 5 4 3 5 3 5 3 2 3 1 1 4 4 2 4 2 2 3 5 3 2 5 5 3 1 0 1 2 1 3 4 2 1 2 1 3 1 4 4 5 4 4 3 3 4 4 1 3 4 5 2 3 5 5 4 3 5 1 1 3 4 4 1 4 2 5 3 1 3 1 1 2 3 4 3 4 2 2 5 1 1 2 3 5 5 2 2 3 4 1 2 2 5 5 4 2 5 4 3 4 2 5 2 5 1 3 2 1 1 4 4 5 2 1 2 3 1 4 1 3 2 4 3 2 1 2 5 4 1 2 5 3 4 4 5 3 3 1 1 2 4 4 5 3 5 4 3 5 1 2 2 4 2 4 1 4 4 1 5 5 2 5 2 4 2 5 3 4 4 5 3 5 3 2 1 2 5 2 5 5 1 2 2 1 2 1
4 1 3 1 1 5 5 2 1 5 2 4 1 2 1 5 1 1 2 4 5 5 4 4 4 2 2 5 4 4 1 3 5 4 4 5 2 4 5 2 5 2 2 5 5 4 2 4 1 1 2 1 5 2 2 4 2 3 2 2 3 4 4 1 3 1 5 2 2 2 5 4 1 3 4 4 1 3 5 5 1 2 4 2 2 4 3 2 4 1 0 3 1 3 5 3 3 5 4 1 3 1 1 1 5 1 2 5 3 1 2 1 5 5 3 1 4 5 3 2 2 1 2 2 1 2 5 5 2 5 2 5 1 2 4 2 2 5 3 2 5 4 2 2 5 3 4 5 3 4 4 5 3 1 3 2 5 4 1 4 1 1 3 2 5 1 4 4 3 4 2 2 1 3 1 4 5 5 4 4 4 3 1 5 3 2 5 4 3 2 3 2 1 1 2 3 5 4 3 1 3 4 3 1 2 2 1 4 3 3 2 1 4 2 1 3 4 2 3 3 4 3 3 5 1 2 3 5 5 4 3 1 5 2 1 2 3 4 4 4 1 1 3 1 1 4 5 3 5 3
3 1 4 4 3 4 3 2 4 1 2 2 4 3 4 3 2 4 5 1 2 4 5 4 2 3 4 3 4 1 3 2 4 3 1 2 1 5 1 1 5 4 2 5 2 1 2 5 2 1 1 1 1 1 3 2 5 3 5 1 2 3 4 1 4 3 4 1 5 3 4 2 3 3 1 3 5 1 4 3 4 3 2 2 5 3 3 2 5 5 5 0 4 5 2 2 4 4 1 3 3 5 5 2 1 1 3 2 1 4 4 4 1 2 4 2 1 2 1 4 3 4 3 2 4 1 3 3 4 5 1 3 1 1 1 3 4 1 2 1 3 2 2 3 1 5 5 3 4 3 1 5 1 3 2 3 1 3 1 4 2 5 4 4 4 4 2 3 3 2 2 4 1 2 4 3 2 5 1 3 5 5 2 3 2 2 2 5 3 3 1 2 4 3 3 1 1 3 5 2 2 5 3 1 5 3 4 3 3 4 3 5 1 3 2 3 2 2 4 4 1 5 3 2 4 1 5 2 3 2 2 3 2 4 3 3 2 4 5 1 2 4 4 1 4 4 4 2 3 5
4 5 5 2 2 3 3 3 5 2 4 4 2 5 2 3 4 5 4 2 3 5 2 3 2 5 2 4 1 4 4 5 1 5 3 5 3 2 4 3 5 5 1 2 2 1 1 5 2 5 4 4 4 2 2 3 4 1 1 4 3 4 2 4 3 1 5 1 5 2 1 1 2 3 3 1 1 2 4 5 3 2 4 2 4 3 1 4 1 3 4 5 0 3 5 3 5 4 3 5 1 4 2 3 4 2 4 2 4 3 4 4 1 5 4 4 2 4 1 1 4 1 2 4 1 1 5 2 5 5 2 2 2 1 4 3 4 4 4 2 2 2 2 5 5 3 5 2 3 4 2 4 5 3 4 1 3 5 1 3 3 1 1 1 3 2 4 1 1 4 5 1 2 3 2 3 1 2 2 5 5 4 1 4 1 2 2 3 1 2 1 4 5 1 1 2 5 5 5 3 4 4 5 1 1 5 5 4 4 2 4 5 2 1 5 4 4 2 4 3 3 1 3 5 2 4 4 2 5 4 5 2 5 3 2 1 1 3 4 2 4 1 1 5 4 5 5 3 5 1
4 2 5 1 5 5 5 3 3 3 3 4 5 4 5 4 1 4 1 4 5 5 5 5 2 1 1 4 1 4 1 1 5 1 2 2 1 1 3 3 2 5 4 1 5 3 1 2 2 5 2 2 3 3 2 4 3 1 4 1 5 1 3 3 5 4 5 3 4 4 4 1 1 4 1 3 3 1 2 2 3 3 1 5 1 5 2 1 2 4 5 5 3 0 2 5 1 5 2 4 2 2 5 1 2 4 5 2 4 2 1 2 5 4 3 2 2 5 2 1 1 1 2 2 4 4 4 5 5 4 4 3 4 3 5 2 5 2 4 4 1 5 1 2 4 5 1 5 5 4 1 5 4 3 4 3 2 3 2 4 5 1 4 4 5 1 1 4 1 1 3 1 3 2 1 5 5 4 4 3 4 3 1 2 5 3 3 3 3 4 4 2 2 4 4 4 3 4 4 2 4 2 5 4 3 3 4 1 2 3 2 3 5 2 2 5 1 3 3 4 5 4 2 3 3 2 4 4 4 4 2 5 2 3 5 5 2 4 2 1 2 5 5 4 4 4 5 4 3 3
5 5 2 5 2 5 1 2 1 3 4 2 1 2 4 2 2 4 5 2 3 1 3 4 4 2 2 1 2 1 2 3 1 4 1 2 1 4 1 2 3 2 5 4 4 1 5 3 5 5 3 1 3 3 1 4 1 4 5 4 5 1 1 1 2 3 5 2 3 2 4 2 2 2 3 5 1 4 2 1 4 1 2 4 4 4 2 3 2 2 4 5 5 2 0 1 2 2 1 2 3 5 5 3 3 3 4 2 5 2 3 3 1 1 5 3 5 5 1 3 1 5 3 1 5 1 1 2 1 4 1 2 4 1 1 4 5 3 1 2 2 3 3 3 4 4 3 2 4 1 5 2 5 4 3 1 2 2 5 3 4 1 4 3 3 2 4 2 3 5 4 5 4 1 2 4 2 1 2 1 2 3 1 3 3 3 4 5 3 2 5 1 4 3 3 1 5 3 2 4 3 2 4 3 3 5 2 3 2 3 3 1 1 2 1 3 4 1 1 5 1 1 5 4 3 5 3 4 4 3 2 2 4 5 3 2 2 5 1 5 4 3 4 2 3 5 4 3 5 5
2 4 3 2 3 4 3 3 2 2 2 3 4 5 3 2 4 3 4 3 1 1 3 1 5 4 4 1 1 1 5 4 4 1 3 4 1 5 5 5 5 2 5 4 2 2 1 4 2 5 5 4 3 1 2 4 1 4 1 5 3 1 4 1 5 5 5 2 1 2 5 2 2 4 1 3 4 1 3 4 1 2 3 1 2 3 2 1 2 4 1 1 5 3 5 0 1 1 4 1 4 5 4 1 5 3 4 5 1 3 3 1 2 1 2 2 4 1 4 1 3 1 4 1 4 2 1 5 1 5 1 2 5 1 1 3 4 4 1 1 3 5 2 5 1 3 2 5 3 1 3 2 4 1 1 5 4 4 5 1 3 4 3 1 1 4 4 5 4 1 1 1 4 3 3 1 4 4 1 4 2 1 5 3 5 4 4 5 5 4 2 2 3 3 3 2 2 3 4 3 5 1 3 1 3 5 4 1 1 2 5 3 5 3 3 4 3 3 4 3 1 1 3 2 2 4 1 2 1 4 4 4 5 3 4 3 1 2 2 1 4 1 4 4 1 5 4 4 1 2
3 4 5 1 4 2 3 5 1 3 1 1 2 3 2 5 5 2 2 1 4 5 3 2 2 2 5 5 1 1 3 5 3 4 2 2 5 2 2 1 1 2 3 3 5 2 3 1 5 1 1 2 3 1 5 3 5 1 3 4 3 1 1 2 4 4 2 3 4 1 4 2 1 3 1 1 4 1 5 4 3 4 5 3 3 3 2 5 3 2 3 1 5 1 3 3 0 3 2 1 4 1 4 5 2 2 2 4 1 3 3 3 3 3 1 4 1 4 1 3 2 2 4 3 4 2 3 4 3 1 3 1 2 3 2 5 1 1 4 4 1 4 5 4 1 5 4 4 4 5 3 3 2 4 2 2 5 5 2 2 5 3 5 3 4 1 4 4 3 1 5 3 1 5 3 1 3 1 3 2 1 4 3 3 5 3 4 2 3 2 2 3 5 4 3 4 3 3 5 4 5 3 4 5 1 4 5 1 4 3 2 4 5 4 1 4 3 2 3 5 1 3 1 1 5 3 3 2 2 5 3 3 1 2 5 3 2 3 4 4 3 4 4 1 1 1 3 3 2 5
5 1 1 1 4 2 5 2 5 1 1 4 3 2 2 2 3 1 3 1 3 1 2 3 2 1 3 1 1 4 2 5 3 4 4 3 3 3 5 5 5 1 1 4 1 2 2 1 1 4 1 1 4 2 5 3 1 3 2 3 4 1 2 2 4 2 4 5 5 4 5 3 3 4 2 5 3 5 1 1 2 3 1 4 4 2 2 5 3 5 3 4 4 4 3 5 1 0 5 3 3 3 5 5 2 4 5 5 1 5 3 4 2 1 5 4 1 3 3 1 5 1 3 5 4 5 4 1 5 1 3 3 2 4 2 3 3 5 2 1 1 4 4 2 2 3 2 5 3 3 5 4 2 1 1 4 4 1 2 1 5 5 3 4 2 2 3 3 2 4 5 3 4 3 2 3 3 1 4 4 3 5 5 3 4 4 1 5 1 1 1 2 4 4 5 4 3 2 4 3 1 1 2 1 5 3 4 3 1 2 3 4 3 3 1 1 1 2 1 2 4 1 4 4 2 3 2 3 1 2 2 2 3 2 3 2 4 1 1 2 4 2 5 4 4 3 3 3 3 2
1 5 5 4 3 2 4 4 2 3 2 4 2 5 3 1 3 5 2 3 1 1 2 2 1 2 2 5 1 3 2 3 1 3 5 4 3 4 4 5 4 5 5 3 5 1 2 1 3 3 3 3 5 4 5 1 1 3 4 4 4 1 2 2 2 3 5 5 2 4 4 5 3 3 5 5 1 4 3 3 4 1 2 2 2 5 2 1 5 4 4 1 1 1 5 3 3 2 0 1 4 2 2 1 2 4 5 4 4 5 4 3 4 2 2 1 1 4 3 3 2 1 3 3 2 1 4 1 2 2 1 1 5 1 1 5 1 1 4 2 5 5 4 3 1 1 3 3 5 5 4 1 2 2 2 4 3 3 4 2 3 2 2 3 4 3 5 4 3 3 3 4 2 3 1 3 2 1 2 4 1 3 5 1 5 3 4 4 3 3 1 1 4 2 3 5 5 1 5 5 4 5 5 5 3 3 1 3 3 1 3 3 3 3 5 2 3 1 1 4 4 3 1 4 5 1 4 1 4 3 2 5 4 5 1 3 2 3 3 1 4 5 4 5 4 3 4 2 2 2
5 1 3 5 5 5 3 3 3 2 4 1 4 4 2 2 4 5 1 5 5 4 5 1 5 3 3 3 5 3 2 3 5 4 4 4 2 1 1 1 1 5 2 3 4 4 3 1 5 4 5 4 1 3 4 3 5 4 1 4 4 2 3 5 5 4 2 4 3 5 2 1 5 1 5 3 4 5 4 3 5 1 2 1 3 3 3 5 5 2 3 4 5 2 3 1 5 1 5 0 1 2 4 5 1 4 3 1 1 1 1 5 4 3 2 5 5 2 2 2 1 2 4 5 2 2 5 4 1 1 3 2 1 1 1 4 1 3 1 2 3 3 1 5 2 4 3 4 4 5 1 3 4 2 3 3 5 3 3 3 2 3 1 3 3 3 4 3 3 2 5 4 2 4 1 3 5 5 3 3 3 1 3 5 2 2 5 4 3 3 5 1 5 4 1 5 4 2 3 3 1 3 3 3 2 3 1 5 4 2 2 4 4 4 4 2 5 3 4 2 3 3 1 3 5 5 3 1 4 3 1 4 5 1 1 2 4 3 4 3 1 4 4 5 2 2 4 4 1 3
2 5 5 3 3 2 2 1 4 5 3 2 1 4 1 5 3 5 1 4 2 2 1 1 5 3 5 5 5 1 2 2 5 2 4 5 2 3 2 4 3 4 2 4 1 2 4 3 3 5 2 2 1 1 3 4 1 3 4 1 5 5 3 3 2 4 2 5 5 1 1 1 1 1 1 5 5 5 3 5 5 3 1 2 5 1 2 5 4 1 5 2 2 3 4 3 4 1 5 4 0 2 2 2 2 2 5 1 4 5 1 5 2 3 5 1 2 1 4 2 3 3 2 1 2 2 2 5 1 2 2 3 2 3 1 1 3 3 3 2 1 1 4 4 1 5 5 2 1 2 1 4 5 4 4 2 5 3 1 2 1 4 5 2 3 1 3 5 4 4 1 2 4 1 3 1 2 3 1 4 5 3 4 2 2 1 4 3 5 3 4 4 2 1 1 4 4 1 4 1 4 3 1 5 1 1 2 5 1 2 4 1 1 2 5 5 2 2 1 4 1 5 4 3 4 2 4 3 3 3 1 2 5 2 5 3 3 3 3 3 4 4 2 4 3 1 5 2 5 4
3 2 2 4 3 4 1 2 1 1 2 5 2 1 2 1 3 2 2 3 5 5 5 3 3 4 1 4 2 4 5 5 1 3 1 5 3 3 2 4 3 4 3 5 3 4 1 3 1 1 4 1 3 1 2 2 1 4 3 2 3 5 4 2 1 4 2 2 3 2 5 1 4 1 1 2 1 3 4 4 3 3 4 4 1 4 5 5 1 2 3 1 2 4 5 5 3 2 3 4 3 0 3 5 1 2 4 4 4 1 4 1 1 5 2 1 3 4 4 5 4 3 5 5 4 4 2 4 4 5 4 5 2 1 3 3 1 4 1 2 4 1 2 1 5 2 3 5 2 4 5 1 4 3 1 1 5 5 3 1 5 2 2 4 4 4 5 2 2 5 3 3 2 2 2 5 5 3 2 1 2 1 2 3 2 1 4 5 4 5 1 3 1 1 5 3 2 2 2 3 2 5 5 2 1 4 3 3 3 3 5 5 2 1 2 5 5 5 5 3 5 1 5 1 1 2 5 3 2 4 1 4 1 4 1 4 1 1 1 5 3 2 4 2 3 2 3 3 2 2
4 5 3 2 5 5 5 4 1 4 2 3 5 2 4 4 5 1 5 2 2 1 4 5 1 5 3 2 5 4 1 2 3 2 1 2 4 2 5 1 5 2 1 2 3 3 1 3 5 4 5 2 3 1 4 2 5 2 2 3 3 5 1 1 2 1 1 1 3 4 1 1 3 5 1 2 4 4 5 3 3 4 4 2 3 4 1 5 1 2 1 1 1 3 3 5 2 1 1 1 3 1 0 2 4 3 1 5 2 2 4 5 2 1 5 5 5 2 4 4 5 4 1 4 3 4 1 1 4 4 5 1 2 5 4 3 1 3 2 2 1 5 3 2 1 3 4 1 5 2 1 2 1 2 4 2 4 4 4 4 1 5 1 4 3 5 3 2 2 3 4 2 2 3 2 4 3 5 5 1 4 5 4 2 1 3 1 4 3 5 5 2 1 4 5 4 4 3 5 3 2 5 4 1 2 5 1 2 3 4 2 2 2 4 1 2 4 2 2 3 1 1 2 4 2 2 3 4 1 3 2 4 1 3 5 5 2 2 3 3 3 4 2 2 1 1 1 3 4 3
4 4 4 2 4 5 5 4 2 1 5 2 5 5 5 3 4 5 2 2 5 3 4 2 1 3 4 2 4 2 2 1 5 5 2 1 2 5 4 4 4 4 2 3 4 4 2 1 3 1 5 1 1 2 1 2 4 1 4 2 5 2 1 3 4 5 2 5 2 3 4 1 5 5 1 3 3 2 5 4 3 5 4 3 5 2 5 1 1 2 1 4 2 5 2 4 1 2 5 3 1 2 2 0 3 3 4 3 5 2 2 1 2 4 3 3 2 4 1 2 3 3 1 2 2 5 5 2 4 2 5 2 4 5 2 3 3 4 1 2 4 1 4 2 3 1 3 3 1 4 4 2 1 2 2 4 5 5 3 4 2 2 3 3 3 2 4 1 1 5 4 3 1 2 1 5 4 3 2 2 1 1 5 4 4 2 4 3 1 1 4 3 5 2 4 5 1 5 4 2 2 2 3 3 4 1 4 3 4 1 2 5 2 4 3 3 2 4 5 4 3 3 3 5 3 4 3 1 2 3 4 2 2 2 4 4 1 3 4 3 1 5 1 4 4 2 5 2 4 3
2 5 5 3 3 4 2 4 2 1 4 5 1 1 1 3 2 2 4 2 4 4 4 2 3 2 5 1 2 2 4 3 1 2 1 3 1 1 1 2 3 5 1 2 2 4 2 2 1 4 5 4 5 3 2 2 5 3 5 3 4 4 2 5 5 5 5 1 1 5 5 1 4 3 4 2 4 1 5 5 5 4 1 1 1 1 3 1 1 5 5 5 4 1 1 2 4 4 4 5 1 3 2 3 0 5 4 5 2 2 3 2 1 1 2 5 2 3 3 1 3 4 3 3 2 5 2 4 5 5 4 2 4 4 4 4 2 4 3 4 3 3 5 4 5 2 4 1 3 5 1 1 5 1 4 1 3 1 2 2 2 2 4 1 2 1 5 1 4 4 3 5 2 1 3 1 3 5 5 4 4 1 1 4 4 2 4 4 2 2 2 4 3 4 1 1 3 5 5 4 2 4 4 2 4 2 5 2 4 4 4 5 5 5 1 5 1 2 5 1 1 4 3 4 5 1 5 5 1 5 3 5 1 3 4 5 2 5 1 4 2 2 5 4 3 5 4 2 2 5
3 3 5 1 1 5 4 2 3 2 2 2 1 4 5 5 4 5 1 5 4 1 4 3 2 2 1 3 4 1 5 4 2 3 4 1 5 4 1 4 5 4 2 4 5 2 2 5 5 1 1 5 1 4 2 2 3 5 4 3 4 1 2 1 5 4 2 3 5 3 4 5 4 1 2 1 2 1 1 5 1 5 4 3 3 1 1 2 2 1 2 3 4 5 5 4 3 3 2 5 1 5 3 2 3 0 1 1 4 1 1 1 3 3 2 2 4 1 2 3 1 2 5 1 2 3 1 1 5 1 4 5 4 2 4 5 1 3 4 4 4 1 5 4 2 2 3 5 3 4 4 3 3 3 4 3 1 2 2 3 3 3 3 4 3 1 4 2 4 4 5 2 4 4 4 5 4 4 4 4 2 2 2 2 2 2 3 1 1 1 5 3 2 4 5 1 5 1 1 2 1 5 1 5 5 1 3 5 2 2 3 1 3 4 4 5 3 1 4 4 2 4 4 2 4 2 1 4 1 1 1 1 3 2 5 1 3 3 3 5 1 3 4 1 1 2 1 2 5 2
3 5 2 4 2 1 1 4 1 1 2 2 5 5 2 2 1 3 1 1 1 4 3 3 1 5 4 1 2 1 5 2 1 1 1 5 3 1 2 4 2 1 1 4 2 3 3 4 2 3 5 3 1 4 5 2 2 2 2 2 1 5 4 3 4 1 1 4 3 2 4 2 3 4 3 3 4 3 2 3 2 3 1 4 3 1 4 2 2 5 1 1 4 3 5 3 5 3 3 2 3 4 3 5 2 4 0 5 4 5 2 3 4 4 5 3 3 1 2 2 2 3 5 5 5 3 3 3 1 1 3 3 5 5 4 1 4 3 1 3 2 5 4 1 4 2 4 5 1 5 3 4 5 4 3 4 1 3 5 5 5 1 4 4 2 2 3 5 1 2 5 5 1 5 1 1 2 1 4 5 3 1 2 4 5 4 4 2 4 1 4 1 2 4 1 2 5 4 2 3 1 5 3 4 1 2 2 3 5 2 4 3 5 4 5 4 1 2 4 1 3 5 4 2 4 2 5 3 2 3 4 1 4 1 5 2 2 3 2 1 1 3 3 2 3 2 3 4 2 4
3 3 1 2 5 2 4 1 1 5 1 1 1 1 4 4 5 4 5 5 1 1 5 5 1 2 1 2 5 1 4 4 3 5 5 2 4 1 2 3 5 4 2 4 1 1 3 4 2 5 1 4 3 3 2 1 3 5 5 5 5 2 2 3 4 3 1 1 5 2 4 3 1 2 1 3 2 3 1 4 3 4 5 5 5 3 5 1 1 3 2 3 5 3 1 4 5 2 4 2 3 2 3 3 4 1 4 0 2 3 2 4 1 4 3 2 1 2 3 5 3 1 1 1 1 2 4 5 3 4 1 2 5 5 2 5 2 5 4 1 1 3 1 4 5 4 3 3 2 4 5 2 2 3 3 2 4 5 2 3 4 1 3 1 2 1 2 2 1 2 3 3 1 2 3 5 1 3 3 3 4 4 3 3 4 3 5 2 3 4 2 1 2 2 1 1 3 1 4 2 5 2 4 4 4 1 1 3 2 4 4 4 2 3 1 2 4 1 3 2 2 3 5 4 3 4 5 1 1 4 4 2 1 3 2 3 4 5 4 5 5 3 2 2 1 1 1 3 5 5
4 2 3 1 3 5 5 1 1 1 2 2 5 1 1 1 5 3 5 3 4 2 2 5 4 2 1 2 2 3 1 4 3 4 2 1 4 3 3 1 3 5 4 3 1 1 3 2 1 2 5 2 1 4 4 2 3 1 2 3 4 4 2 3 4 2 4 5 4 2 2 2 5 2 5 2 1 2 5 3 4 2 3 3 2 4 4 4 5 5 3 1 5 3 2 5 5 1 3 1 4 5 4 4 2 5 2 5 0 3 1 4 2 4 5 5 5 3 3 3 3 4 2 1 1 2 3 4 1 5 4 1 4 5 5 3 3 2 2 2 5 3 4 4 2 1 1 3 5 4 4 4 1 2 3 5 1 2 5 3 4 4 3 3 4 2 4 2 1 5 1 1 3 4 3 1 3 1 1 4 5 3 2 1 5 4 5 1 3 4 5 3 2 3 5 1 4 3 3 4 3 1 2 3 3 2 3 5 1 1 2 5 2 5 1 4 3 4 3 5 4 3 4 1 4 2 2 4 5 5 2 3 5 2 3 5 1 3 1 1 3 2 3 1 2 3 5 1 2 4
1 1 3 2 3 5 3 5 3 5 2 1 5 2 2 2 2 1 5 4 1 5 5 1 3 5 3 5 4 3 1 5 4 2 2 4 3 5 2 5 1 2 3 5 3 3 2 4 3 2 3 3 1 2 1 1 4 3 5 2 1 1 3 2 2 1 1 1 2 5 2 2 5 4 1 4 2 1 1 1 4 3 4 3 1 3 4 5 5 5 4 1 4 3 3 5 4 3 4 5 2 5 1 5 2 1 1 1 3 0 3 1 5 5 5 3 3 2 2 1 3 1 5 2 4 1 3 4 4 2 4 3 5 1 2 3 2 4 1 1 4 3 1 5 5 5 4 2 1 4 2 2 2 3 1 2 1 5 2 4 3 1 3 4 1 4 4 2 2 2 3 2 4 3 4 3 5 3 1 1 2 2 3 1 5 2 2 3 4 4 3 3 2 4 1 1 3 1 2 5 5 4 5 5 2 2 3 1 4 2 5 2 3 5 4 5 1 1 1 2 5 2 3 5 2 1 2 5 3 2 1 3 1 1 3 5 3 2 3 5 3 5 5 2 2 2 1 2 3 2
4 2 5 1 3 5 5 2 4 2 1 3 4 1 3 5 3 1 4 3 2 3 1 1 1 1 3 3 5 2 2 4 2 2 3 1 1 4 2 5 2 3 5 2 3 1 3 2 5 1 5 2 5 1 2 1 4 3 3 4 4 5 4 5 3 3 1 1 5 1 3 3 3 1 1 2 5 1 2 4 5 2 4 4 2 3 5 2 3 1 5 5 5 2 5 1 2 1 3 2 2 2 4 5 5 2 2 1 5 2 0 2 2 3 5 1 1 2 2 1 1 5 2 4 4 5 2 3 5 1 1 3 5 5 2 5 5 4 2 2 2 5 3 3 2 1 1 1 2 2 5 5 1 1 2 1 4 1 4 3 3 3 2 1 5 1 3 2 4 1 4 1 3 2 2 1 1 5 2 1 5 3 2 2 3 3 5 1 5 1 1 5 3 3 2 4 2 5 2 2 5 4 3 1 1 1 4 1 3 3 5 3 3 2 2 4 1 5 4 4 2 5 2 1 4 5 3 5 4 3 4 5 5 5 1 2 2 4 5 1 5 4 1 4 1 3 2 4 4 5
4 4 1 3 2 4 5 2 4 3 3 4 3 1 5 5 1 4 3 2 4 4 3 5 3 4 1 4 2 1 1 4 4 3 3 3 4 2 1 4 5 1 3 3 5 3 5 2 4 3 2 3 5 4 5 3 2 4 1 5 5 1 3 1 1 3 2 5 3 4 3 3 4 5 2 5 2 2 2 5 2 4 3 3 4 4 2 4 4 4 3 4 4 1 4 2 3 1 5 1 3 2 5 1 5 1 2 2 1 2 1 0 3 2 2 5 2 3 3 5 4 4 1 2 1 5 5 1 1 1 5 4 1 3 1 1 5 1 1 3 2 5 3 3 4 3 1 5 1 3 3 3 3 2 3 3 5 5 3 3 1 1 5 2 4 1 2 2 3 1 2 4 4 1 4 4 2 4 1 4 2 4 3 5 5 3 3 1 2 2 1 5 1 2 3 2 3 5 1 2 1 5 2 4 1 2 5 2 1 4 1 4 2 4 5 5 1 2 3 3 4 5 3 5 1 2 4 1 5 5 1 3 3 3 5 1 1 2 3 2 5 3 1 5 4 3 1 1 1 3
1 5 5 2 4 3 2 3 5 5 4 4 4 1 5 5 4 3 3 4 3 1 1 5 5 4 4 2 1 1 3 2 3 1 4 1 1 4 2 4 2 1 2 2 1 2 5 2 4 4 1 5 1 4 3 1 2 3 4 2 2 2 2 2 3 1 3 4 4 4 2 2 3 1 2 3 5 3 2 5 5 4 3 4 4 2 3 2 1 4 5 4 4 3 1 3 5 3 1 2 3 1 3 2 4 1 3 1 4 5 4 5 0 1 1 3 2 5 3 4 5 1 4 5 5 4 2 2 1 4 4 5 1 1 5 3 5 3 4 1 1 1 5 1 2 5 4 5 2 2 5 1 4 2 2 1 3 5 2 1 4 1 1 1 3 1 4 5 3 1 3 2 2 5 2 4 1 1 1 4 4 1 1 2 5 3 1 3 2 3 5 5 1 3 1 1 2 5 2 2 4 5 1 5 5 2 4 3 4 2 5 3 1 5 2 3 3 2 3 2 3 4 4 2 5 3 3 3 4 3 1 3 4 5 3 4 1 1 1 3 4 3 3 2 1 5 5 1 2 1
2 3 5 1 1 2 3 2 3 5 5 4 3 3 5 3 5 4 1 5 4 2 4 2 4 1 1 5 4 3 4 3 5 5 2 5 4 3 1 2 2 5 5 2 5 1 1 3 2 4 3 5 1 3 5 3 2 5 2 1 2 3 3 1 3 3 2 1 2 5 4 1 5 3 1 2 1 1 1 1 4 2 5 3 2 1 4 4 1 3 5 2 4 3 4 3 3 5 2 4 4 5 2 1 2 2 2 2 5 4 2 3 3 0 4 4 1 2 1 4 1 3 3 3 2 1 3 4 4 5 4 1 4 3 3 4 3 2 4 3 2 4 4 4 3 3 2 2 3 2 4 2 2 3 4 4 3 3 4 5 1 1 5 3 1 4 4 3 4 3 1 2 2 1 1 4 3 5 3 3 4 1 2 3 1 2 2 1 5 2 4 2 3 1 3 4 5 3 3 3 5 4 4 3 3 4 5 3 3 2 5 2 3 3 5 3 1 1 3 1 4 1 1 3 2 1 4 2 2 3 5 4 2 3 2 2 2 2 5 1 2 2 2 3 2 2 1 1 3 1
1 4 3 2 4 3 5 1 3 1 4 3 2 3 3 3 4 3 4 1 2 3 5 3 5 2 4 2 5 2 1 5 2 3 3 4 3 3 1 1 5 4 1 1 3 2 4 3 4 1 3 4 5 2 2 4 1 2 3 4 2 3 2 3 2 3 4 1 4 2 3 3 3 2 2 5 4 1 4 5 2 1 2 4 3 5 4 3 5 2 2 4 1 3 5 4 3 2 3 2 1 3 3 1 4 3 4 2 5 5 3 1 3 2 0 3 4 1 1 4 1 1 5 4 2 4 3 4 5 5 2 3 5 5 2 4 1 5 1 4 2 3 3 3 1 3 1 3 1 3 1 1 3 4 2 1 1 5 1 1 2 5 2 3 1 3 1 2 2 3 1 3 4 5 1 2 1 3 1 3 4 4 1 4 4 3 1 2 2 4 5 4 2 3 1 5 4 5 5 4 5 5 5 2 3 2 1 1 1 4 1 4 4 5 5 5 5 1 3 3 4 2 1 1 4 4 4 3 1 4 2 2 4 1 4 3 3 4 1 3 1 2 3 3 3 2 4 3 5 5
5 3 4 5 5 4 1 4 1 4 4 2 2 4 5 5 5 3 5 2 2 3 4 4 1 4 2 4 5 1 5 3 2 2 1 5 3 5 2 1 2 2 5 5 3 4 2 1 4 4 4 3 2 2 1 3 4 2 3 2 1 3 3 4 2 5 4 3 5 1 3 1 1 1 1 3 1 3 3 1 1 5 2 1 3 5 5 4 1 3 2 3 5 3 5 5 1 2 4 1 3 4 5 5 5 3 5 2 4 3 1 2 3 5 2 0 5 1 3 3 5 1 5 3 4 5 5 3 5 1 5 3 3 5 3 3 1 3 3 4 5 5 3 3 5 4 1 1 1 1 5 2 5 3 3 1 3 1 3 3 5 1 5 3 1 1 3 5 2 2 5 2 3 3 2 5 3 3 4 1 1 5 2 4 4 4 2 1 3 5 5 3 5 4 4 2 3 4 1 2 3 3 3 3 1 2 5 4 4 1 2 1 2 1 1 1 3 5 1 5 2 5 2 2 2 1 1 3 4 2 5 4 2 4 1 2 3 4 3 4 2 3 3 1 1 1 5 4 3 4
1 3 1 3 2 4 3 4 2 3 4 3 4 1 1 2 5 4 5 5 3 2 4 1 4 5 1 4 3 3 4 1 5 1 5 5 2 4 3 1 1 2 3 2 2 2 3 1 5 4 1 4 2 1 5 4 5 2 1 4 1 2 2 2 3 2 4 5 4 3 3 2 3 5 2 3 3 1 4 3 2 3 1 2 5 3 1 5 2 5 2 3 2 3 1 2 2 2 5 5 4 2 5 5 3 2 3 5 2 2 1 3 4 2 5 1 0 2 3 1 4 2 4 3 1 3 5 3 2 2 3 5 3 5 1 3 1 4 1 2 3 3 1 3 3 3 2 3 3 1 4 4 4 1 1 2 2 1 2 1 3 2 3 1 3 2 3 4 3 4 3 5 1 5 3 2 2 1 3 5 1 1 4 5 1 4 4 5 3 4 5 5 4 3 3 3 2 3 3 1 4 5 2 4 2 4 2 3 5 1 4 3 1 2 2 5 1 2 4 1 4 4 1 2 3 2 5 3 4 3 5 2 3 4 3 5 2 3 5 2 4 2 1 5 3 5 1 2 4 3
2 3 1 3 3 5 2 2 2 5 4 4 1 5 1 5 4 1 2 4 1 1 3 3 1 4 3 5 4 2 2 4 5 3 5 4 2 2 2 4 1 1 4 2 2 2 4 4 1 4 5 3 3 1 2 3 4 3 4 2 1 2 2 1 1 1 3 1 3 3 1 1 4 4 4 3 2 1 1 4 5 3 4 5 4 4 1 2 4 4 2 4 2 3 3 1 5 1 2 5 3 3 2 5 1 3 5 2 4 5 1 3 3 5 2 1 4 0 1 5 1 1 2 2 2 3 4 2 1 5 4 4 1 5 2 5 1 3 2 4 4 2 2 4 4 5 2 2 3 3 5 5 3 2 1 1 4 1 4 4 2 4 4 5 4 5 5 3 3 3 2 5 3 1 4 2 4 1 1 2 4 1 4 3 5 1 2 1 1 1 5 1 3 4 5 3 1 4 3 1 3 3 3 3 4 4 4 3 5 1 3 3 3 4 2 5 4 5 2 3 3 2 5 2 1 4 1 3 4 4 2 2 1 5 3 5 4 4 4 3 3 4 3 5 3 2 1 4 1 4
2 3 4 2 5 3 2 2 5 4 1 4 2 5 4 2 1 3 5 1 2 2 2 2 4 2 2 3 5 4 4 4 3 3 2 1 4 1 5 4 4 5 5 1 4 1 4 4 4 5 1 2 2 4 5 1 5 3 2 5 5 2 2 4 5 3 1 2 2 5 3 2 2 2 2 3 5 3 4 2 2 3 1 5 1 4 3 2 4 2 2 5 3 1 4 5 5 4 5 1 4 3 4 1 5 2 4 1 5 4 3 3 4 1 1 2 3 2 0 2 4 3 1 1 1 2 5 5 4 4 2 2 1 3 3 1 4 2 2 1 5 5 1 5 4 2 4 4 2 2 1 3 2 1 4 1 4 1 4 2 2 1 2 2 4 1 1 2 3 2 4 1 4 5 3 2 3 3 3 1 3 5 3 3 5 2 2 2 4 3 1 5 5 2 2 1 4 1 1 1 2 5 5 4 5 2 4 1 5 2 3 4 3 2 2 4 4 1 4 2 4 5 3 4 4 1 1 4 5 3 5 5 4 5 5 1 3 2 2 5 2 2 1 1 4 4 3 1 5 2
4 3 2 2 1 4 4 3 3 4 5 2 3 5 2 5 3 4 2 5 2 3 3 4 2 4 4 3 2 3 1 3 2 3 5 3 4 5 3 1 4 2 5 2 4 1 1 1 3 5 3 2 5 4 1 3 4 2 3 2 4 2 2 1 3 3 1 2 1 4 2 1 5 2 4 5 2 5 2 3 5 2 3 4 5 2 4 2 1 2 5 1 4 2 5 5 1 2 5 5 3 2 2 3 3 1 3 1 2 5 4 3 3 2 1 2 1 2 3 0 5 3 1 1 5 4 5 2 1 1 4 1 1 3 3 1 2 5 2 2 2 3 4 3 2 5 1 1 5 5 4 5 1 1 1 3 4 1 1 4 5 2 2 5 5 3 5 5 1 1 2 5 4 4 1 5 2 5 2 5 5 3 5 4 2 4 4 3 5 3 4 5 2 2 3 2 1 4 1 1 2 3 5 2 3 3 4 4 2 2 3 4 4 1 3 1 3 2 3 4 5 4 4 5 5 2 5 5 3 4 2 3 1 3 1 4 4 4 3 2 1 1 4 1 2 5 5 2 3 1
5 3 3 4 4 5 5 3 3 2 4 2 3 1 3 5 2 3 2 3 4 5 3 3 3 2 1 5 5 3 3 1 3 2 2 1 4 4 5 2 3 5 1 5 1 1 2 3 5 4 4 2 2 4 2 3 2 1 2 2 3 1 4 4 1 4 1 2 2 1 5 1 5 3 3 3 4 3 4 5 4 3 2 1 5 2 2 3 1 4 2 2 1 5 3 3 1 2 4 1 1 3 3 2 2 2 1 3 3 3 1 1 1 1 1 1 5 2 4 2 0 4 3 4 4 5 3 4 2 1 1 1 2 3 1 1 1 3 3 3 5 2 1 4 2 3 3 3 5 5 5 2 3 4 3 3 2 5 2 1 2 2 5 1 5 1 4 4 2 5 1 5 3 5 1 1 3 4 5 1 4 5 5 2 4 3 5 3 4 3 5 4 2 1 2 1 1 5 1 5 4 5 4 5 2 5 4 1 3 3 4 2 2 3 4 2 2 4 2 4 3 5 4 2 2 5 1 1 4 2 3 5 3 1 2 2 1 2 5 4 1 3 3 5 3 3 1 4 5 5
1 1 2 5 4 1 1 4 4 4 1 4 1 2 3 5 1 1 1 3 1 5 5 4 3 3 1 4 2 3 4 5 1 2 2 2 5 4 4 1 3 5 5 4 4 2 3 3 2 2 3 5 4 1 5 4 3 2 5 1 2 1 3 4 1 1 2 1 4 5 5 5 5 2 3 5 3 5 2 5 1 4 4 4 5 5 4 1 3 4 1 4 1 2 5 5 2 2 2 5 1 4 4 5 2 4 2 1 4 4 4 1 4 3 2 1 4 3 3 4 4 0 3 5 3 4 4 5 4 4 2 3 3 1 2 4 4 1 3 1 2 1 3 5 3 4 3 2 1 1 1 4 4 3 3 5 5 2 1 5 3 5 4 1 1 5 5 4 2 5 4 4 2 3 1 2 3 3 3 5 3 5 4 5 5 1 5 4 2 4 1 2 1 2 4 1 3 5 3 2 1 5 4 2 2 2 3 5 2 3 5 1 3 3 4 2 1 4 3 2 2 4 3 3 1 4 4 1 3 4 2 5 4 1 2 3 1 1 4 4 1 1 3 1 4 3 5 3 2 4
4 4 4 3 3 2 1 1 4 1 2 2 5 1 3 2 2 1 5 3 4 1 3 3 3 1 5 2 1 3 1 1 4 3 1 5 3 1 3 3 5 2 5 4 5 4 5 5 5 5 4 4 5 2 5 4 3 3 1 1 2 4 4 5 1 4 2 2 5 5 3 5 3 3 5 5 3 2 2 3 2 2 2 4 5 5 5 4 5 1 4 2 1 3 4 1 1 1 1 3 2 2 5 2 4 3 1 5 1 3 1 5 1 2 3 2 3 2 2 5 4 2 0 4 5 2 2 5 1 5 1 1 3 4 3 1 1 1 1 4 4 1 3 5 5 3 4 4 4 4 1 4 3 2 4 5 5 3 1 2 5 5 5 1 3 1 1 1 1 2 4 3 2 4 3 1 4 4 1 3 1 5 4 4 3 4 4 5 1 1 2 4 2 2 3 1 3 4 2 1 5 2 2 4 2 2 3 3 3 1 1 3 3 4 4 2 2 3 1 3 2 4 4 2 2 4 3 1 1 1 5 3 4 5 3 3 2 3 2 3 4 4 5 3 1 1 1 4 5 1
4 3 3 1 5 4 1 4 2 1 3 1 1 1 3 3 5 3 2 5 1 4 5 2 3 1 1 5 1 4 2 2 3 4 5 4 3 1 1 5 1 2 1 3 3 3 3 1 4 5 5 1 4 1 4 4 2 1 4 5 2 4 2 4 4 1 1 5 5 4 3 1 3 2 2 1 3 1 1 4 2 1 4 4 5 1 1 3 5 5 5 2 1 5 3 5 4 2 5 1 4 4 1 4 1 2 3 5 4 2 3 3 3 1 3 4 2 1 3 4 1 4 3 0 3 4 1 2 2 2 3 5 4 5 3 4 4 4 2 4 4 2 5 3 4 2 3 1 5 3 3 5 4 3 2 4 1 5 3 3 2 5 3 3 1 1 4 3 1 1 1 5 1 2 1 3 5 5 2 1 3 3 2 4 2 3 3 3 5 4 2 5 5 4 3 3 2 4 1 1 5 5 2 2 1 4 4 1 2 1 1 1 2 4 3 4 2 1 4 5 3 5 3 3 3 3 4 1 2 1 3 3 3 2 4 3 1 3 4 1 3 2 1 5 3 3 2 4 1 4
1 5 1 2 3 3 3 3 3 2 3 3 3 3 2 3 3 3 4 4 2 1 3 4 1 4 3 1 3 2 2 5 1 3 4 4 3 1 5 2 1 1 5 2 4 1 4 3 5 2 5 3 5 1 5 1 1 2 5 4 4 1 1 1 3 3 3 2 3 5 1 5 3 3 4 2 4 1 3 1 2 4 3 2 2 4 5 4 4 2 3 3 1 5 1 1 3 1 4 1 1 1 4 1 4 4 5 2 3 1 2 3 4 2 2 3 4 1 3 2 2 4 2 4 0 3 3 5 3 4 3 3 5 1 1 3 3 4 1 1 2 5 4 1 1 3 3 1 5 5 1 1 4 1 2 4 4 4 2 5 5 1 4 1 4 3 5 1 1 1 2 2 3 1 3 5 1 1 1 1 1 2 1 2 1 3 1 4 3 3 5 2 5 2 3 1 5 5 3 4 4 5 4 4 1 4 1 4 2 1 3 2 2 1 2 1 4 3 2 2 4 1 5 2 5 3 3 2 4 3 2 1 5 4 4 4 3 4 5 1 5 2 3 5 3 2 1 4 5 2
3 4 3 3 3 3 1 2 2 3 1 5 4 4 3 4 4 4 3 2 1 3 4 1 4 2 3 1 1 4 4 4 4 2 4 3 2 1 2 2 2 1 5 4 1 4 1 3 5 3 5 5 2 2 2 4 4 1 3 3 3 4 1 3 5 2 1 4 2 1 3 4 4 4 4 2 3 1 4 4 4 1 3 2 2 2 1 4 2 4 4 5 1 1 5 2 1 4 3 1 3 5 1 2 1 3 4 4 1 5 4 3 3 4 5 5 3 4 4 2 4 4 3 5 5 0 1 4 3 2 1 2 3 5 2 3 5 4 4 2 5 2 2 5 1 3 1 5 2 5 3 1 5 1 3 2 1 5 2 5 2 2 4 3 5 4 4 4 3 2 2 3 4 3 3 2 3 1 2 1 4 3 4 5 1 2 1 2 5 4 3 2 4 3 5 1 1 3 1 1 1 1 2 2 4 5 1 1 5 3 5 4 3 3 3 2 5 2 5 4 5 2 3 5 5 2 3 1 1 3 4 4 5 5 2 4 4 4 2 1 1 1 1 3 2 2 3 3 3 5
2 5 1 4 3 3 4 4 3 1 1 3 1 1 3 5 4 3 2 1 1 3 1 1 3 5 2 4 2 2 4 5 4 2 4 2 4 4 2 1 3 5 3 3 4 3 1 1 4 1 1 3 4 2 2 4 3 5 4 5 2 5 2 3 1 1 4 5 5 3 4 1 1 5 4 2 4 1 3 1 4 4 3 4 5 1 2 1 4 3 1 3 1 2 2 2 3 2 4 4 1 1 4 3 4 5 1 2 4 1 3 2 2 1 5 3 3 1 1 3 5 3 3 5 2 4 0 5 2 1 5 4 3 4 2 1 4 5 3 2 4 3 1 4 5 4 3 1 2 3 3 1 4 2 2 5 5 2 4 3 2 3 4 5 5 4 5 5 3 2 2 3 4 4 4 2 3 3 4 3 5 2 5 2 3 4 5 4 1 5 2 2 1 4 1 3 3 1 5 5 1 5 3 4 2 4 4 4 5 3 4 3 3 4 5 3 4 5 5 1 1 5 1 3 5 3 1 3 3 1 1 3 5 2 5 2 4 2 2 3 5 2 3 1 1 1 1 2 4 4
3 5 5 5 3 5 4 1 1 4 3 4 4 1 4 5 4 3 2 3 2 5 3 5 3 4 4 5 5 3 4 1 3 4 5 2 5 2 2 4 2 2 2 4 2 3 1 5 4 3 5 5 2 2 4 4 1 1 2 3 1 3 2 4 1 2 5 2 4 5 1 1 4 2 5 2 4 1 3 5 5 1 4 2 3 3 4 5 4 1 3 5 3 2 3 3 2 2 3 3 3 2 3 4 4 5 2 5 4 4 4 3 1 2 5 4 1 1 4 3 1 2 1 4 2 1 1 0 5 5 1 3 5 4 2 4 5 2 3 2 2 2 3 2 5 3 1 2 2 4 4 2 3 4 2 4 4 4 2 4 4 4 3 4 5 5 4 2 3 5 4 4 4 5 4 1 3 2 4 1 3 5 4 3 1 4 5 2 3 2 4 1 4 2 1 1 4 5 2 1 4 2 2 3 4 2 4 3 2 2 3 5 2 5 5 4 5 1 5 4 4 1 3 4 5 5 3 4 2 3 1 3 2 2 1 5 2 4 3 5 1 1 5 2 1 2 5 2 5 1
2 4 5 3 5 1 4 3 2 1 1 3 5 2 2 1 1 3 2 3 5 1 1 2 1 3 1 4 1 3 2 5 4 1 5 4 1 2 1 3 3 2 1 1 4 3 3 4 1 3 3 2 3 3 5 3 3 2 3 5 5 2 2 2 3 5 2 3 5 2 4 3 5 4 1 2 1 4 3 2 4 3 2 5 1 4 4 4 1 5 2 2 1 3 3 1 3 4 3 3 2 1 4 1 5 2 4 3 5 4 1 3 5 2 5 4 3 5 3 2 1 1 2 2 3 3 3 5 0 1 4 4 5 1 1 5 3 5 2 4 1 5 1 2 4 2 5 3 5 3 4 1 5 3 3 2 4 4 4 4 1 1 5 5 3 3 1 1 4 4 3 5 3 2 1 4 4 3 5 3 3 1 5 3 5 3 4 3 2 1 5 2 5 1 2 2 5 3 4 3 5 1 5 1 4 1 4 1 1 2 1 3 1 5 2 5 3 1 3 1 4 4 1 3 5 1 4 3 3 2 1 2 5 4 2 5 3 2 1 4 2 5 3 5 3 1 5 1 4 1
5 4 2 1 4 1 5 2 5 2 4 2 4 3 2 5 1 4 4 3 5 5 3 2 3 5 1 4 2 2 5 5 1 5 1 1 4 2 5 2 2 3 3 1 1 2 4 4 3 1 1 5 3 4 4 2 4 4 4 4 4 3 4 1 4 2 5 3 5 4 4 3 5 1 1 4 2 3 5 4 1 1 3 5 1 4 4 4 4 1 4 4 1 4 4 5 1 5 5 5 1 1 3 3 5 2 1 2 2 5 4 1 2 2 1 3 2 2 1 2 1 3 2 3 2 4 1 3 2 0 1 5 1 5 5 5 5 3 2 4 2 3 1 1 3 2 4 2 5 3 3 3 2 3 4 5 3 4 4 4 4 1 4 1 1 3 1 4 2 1 4 1 4 1 2 1 5 1 1 4 1 4 2 3 1 2 4 2 4 3 1 1 2 4 2 2 3 2 1 1 2 5 3 5 1 3 5 5 5 2 1 3 2 4 2 2 4 1 3 2 4 3 5 3 1 2 2 5 1 1 2 5 3 2 4 4 3 5 1 2 3 5 5 3 2 1 2 3 2 4
2 3 2 2 5 3 3 1 5 1 1 5 5 1 4 4 3 1 5 4 3 5 4 1 3 1 4 5 3 2 2 1 1 5 2 2 2 2 3 4 2 4 4 1 3 4 1 4 2 1 4 5 1 2 3 1 3 4 2 5 5 4 3 3 5 3 2 3 1 1 2 2 1 2 1 5 4 1 5 5 5 5 5 5 5 2 5 3 4 5 4 5 2 5 2 3 5 5 1 2 3 2 5 3 4 4 1 5 2 3 3 1 1 1 4 3 5 1 3 3 2 5 3 2 5 1 1 4 4 2 0 2 4 3 5 2 5 3 2 4 5 4 3 5 1 2 5 2 4 4 2 4 1 2 4 3 3 2 4 4 3 5 4 5 5 5 3 3 3 1 4 5 3 4 4 2 2 2 5 3 2 4 5 4 3 3 1 1 2 5 5 4 4 1 2 2 4 5 4 4 1 1 5 1 3 4 3 1 4 4 5 4 5 3 4 3 2 3 5 4 2 5 1 4 5 2 5 5 5 3 4 2 5 2 2 1 3 5 2 2 3 3 5 4 1 4 2 1 2 3
3 3 3 4 5 2 5 5 1 5 2 4 3 5 5 4 3 4 2 4 2 5 3 2 2 1 4 4 4 3 4 5 3 4 1 3 2 4 4 2 3 1 4 5 1 2 5 3 4 5 3 4 2 1 5 3 5 1 2 3 4 5 3 3 2 2 4 1 1 2 2 3 2 2 1 5 4 3 3 4 2 5 3 4 2 4 5 2 3 5 5 1 3 1 4 4 1 4 1 3 2 2 1 3 4 2 2 5 1 1 4 2 1 3 2 4 1 4 4 2 2 1 1 3 3 3 2 3 4 3 4 0 3 5 2 2 1 4 3 1 4 1 3 4 4 2 5 4 2 1 3 4 5 3 1 2 4 1 3 2 3 5 5 1 4 4 3 1 1 1 1 1 1 4 4 3 3 5 3 5 5 3 4 3 4 2 4 2 5 5 5 4 2 1 2 5 3 2 3 4 2 5 5 3 4 4 4 5 4 1 1 2 3 3 4 3 4 1 3 2 4 1 5 2 3 5 3 1 1 2 1 4 1 4 1 1 2 1 5 5 3 2 5 1 1 5 4 1 1 4
3 5 4 1 5 1 2 2 4 2 4 2 5 2 5 5 1 2 1 4 4 1 1 1 3 5 1 2 2 3 2 3 1 5 3 2 4 5 3 3 3 5 5 1 1 4 4 5 1 4 5 4 4 2 1 2 2 2 4 4 1 3 1 1 2 3 2 3 3 2 1 5 5 1 3 3 2 1 1 4 1 1 4 3 2 2 5 5 2 4 1 2 5 2 5 2 5 5 4 4 1 3 3 4 4 5 3 2 1 5 4 3 1 3 1 5 5 3 3 5 2 1 1 1 2 5 3 3 3 5 1 4 0 3 3 5 5 1 2 2 4 4 2 3 3 2 1 4 5 3 4 5 4 3 3 4 5 4 2 4 2 5 2 3 1 3 5 2 2 2 2 3 1 3 3 1 5 1 4 4 3 1 3 5 4 3 5 4 3 5 3 2 3 3 2 1 5 1 4 2 1 5 1 5 4 3 4 2 1 1 3 4 3 3 4 1 2 2 5 1 2 1 1 4 5 1 1 2 2 5 2 2 1 3 1 3 2 4 2 1 4 5 1 5 2 2 3 3 5 5
4 2 2 1 4 2 1 4 5 2 4 2 1 4 4 2 4 2 1 3 5 1 2 1 3 1 2 5 1 3 4 2 5 4 3 1 3 4 2 2 2 2 3 2 2 2 2 3 1 3 3 5 1 3 1 3 4 4 2 2 3 2 2 4 1 1 1 2 2 3 2 2 2 1 5 4 5 3 5 3 3 1 2 2 1 4 2 1 1 4 4 3 3 5 2 1 1 4 5 3 3 3 1 5 3 5 5 1 3 1 1 3 3 3 5 5 2 2 4 2 1 4 4 4 4 5 5 4 1 2 5 5 1 0 3 5 4 4 2 4 5 5 2 4 2 1 2 3 5 1 1 1 2 2 3 5 3 4 4 2 4 2 4 2 3 1 5 5 4 1 1 4 1 5 3 2 1 1 1 1 5 1 5 3 3 3 5 4 4 3 3 4 2 2 3 5 2 4 5 3 4 3 3 1 2 5 1 5 3 4 5 2 4 1 2 5 5 3 3 3 5 1 4 3 1 2 3 3 3 5 4 2 3 4 4 5 3 2 2 1 2 2 1 4 2 1 4 2 3 1
1 1 4 1 3 5 3 3 5 2 2 2 1 4 5 3 1 2 3 4 3 1 1 2 5 3 1 2 1 2 2 4 2 1 1 3 1 2 1 2 4 4 1 3 5 3 1 1 2 4 5 3 1 4 5 1 1 2 3 2 3 1 4 4 1 5 5 4 3 4 4 2 5 5 2 2 3 2 2 4 1 5 5 3 5 2 4 2 2 4 3 2 4 3 1 5 2 5 3 4 2 4 1 3 5 1 1 3 3 3 3 4 3 1 2 4 2 4 3 1 2 2 3 2 1 3 3 3 1 2 4 1 5 2 0 4 5 3 3 2 1 4 1 2 5 3 2 3 1 2 3 5 2 2 4 1 2 3 3 2 3 1 2 1 5 4 2 5 3 5 2 1 3 5 1 4 5 4 5 4 1 5 3 5 4 4 4 2 2 4 4 4 4 2 4 1 2 2 5 2 2 1 3 5 5 5 3 1 1 2 5 3 3 5 3 3 3 1 2 1 3 5 5 5 4 3 3 5 5 4 1 5 3 4 2 5 3 3 5 2 3 5 3 2 4 2 1 4 4 5
4 3 3 3 2 2 5 2 2 5 5 2 1 2 3 2 2 1 4 5 5 3 4 4 5 2 3 5 3 3 5 1 4 1 1 3 4 4 2 2 1 2 1 3 3 1 1 2 2 5 3 4 3 4 5 1 4 5 4 1 1 2 1 3 4 4 5 2 1 3 3 2 1 1 2 1 1 5 2 1 3 2 4 3 1 1 1 2 4 5 5 5 2 1 3 1 5 3 5 3 1 3 2 3 5 1 2 5 1 3 3 3 2 1 2 3 2 3 2 2 1 3 4 1 5 5 1 5 1 5 3 4 2 1 4 0 1 4 1 2 4 4 2 1 4 3 2 1 2 4 5 5 2 3 1 3 5 1 2 5 2 2 1 3 2 2 1 5 2 5 3 2 2 1 2 1 2 2 5 2 5 5 3 4 5 3 4 1 4 5 5 5 3 4 2 2 1 2 1 5 1 4 1 2 2 3 5 4 2 1 4 4 1 4 3 2 2 3 1 3 3 5 3 1 5 2 1 1 3 4 1 5 4 2 1 5 3 1 3 2 4 4 4 3 4 1 4 1 4 2
4 1 4 5 5 5 5 2 2 5 4 5 1 4 5 5 1 4 4 3 2 1 1 2 5 1 2 4 1 2 3 1 2 4 2 1 3 3 1 2 5 3 2 3 4 1 3 4 5 3 5 2 4 1 1 4 4 4 5 1 2 5 4 3 4 1 2 5 1 5 2 3 5 5 3 5 2 3 3 4 3 1 4 5 4 2 3 4 4 3 2 2 3 2 5 3 4 1 4 4 1 1 3 4 1 5 5 1 1 1 4 4 2 1 4 4 1 4 2 2 3 4 1 4 2 2 4 2 2 3 4 3 3 2 4 5 0 1 2 3 1 1 5 5 5 1 2 2 5 1 2 1 1 2 3 1 1 4 4 4 4 1 5 1 1 5 5 5 3 4 4 3 2 1 4 1 2 5 2 5 3 5 1 4 5 3 2 1 4 2 3 2 1 1 1 3 1 3 3 4 3 2 4 1 3 3 2 2 5 1 1 3 4 2 5 5 2 2 2 4 3 2 4 5 4 5 5 1 5 2 5 3 2 2 3 3 2 3 5 3 5 2 3 5 4 4 2 4 3 4
3 3 3 1 5 3 1 3 1 2 4 1 5 5 1 3 5 3 4 3 5 3 1 4 4 2 2 1 4 4 2 1 4 3 3 2 5 2 5 1 4 3 4 2 1 2 5 2 2 4 3 2 2 4 1 3 1 3 2 4 5 2 1 3 1 1 3 5 5 3 3 1 5 4 5 3 2 4 3 2 4 1 3 2 5 1 5 4 1 3 2 2 4 2 2 3 1 5 3 1 2 4 4 4 2 1 4 3 2 2 2 4 4 5 2 1 3 2 4 5 4 4 4 5 3 1 5 4 1 4 4 1 4 3 4 2 3 0 1 2 5 4 2 4 2 4 2 2 5 2 1 3 4 2 1 3 5 2 1 2 3 3 3 3 2 4 5 3 4 1 1 5 3 4 4 3 1 3 1 5 3 4 3 2 2 1 2 2 3 4 5 4 1 4 3 3 2 1 2 5 3 2 5 3 4 1 1 4 3 4 5 3 5 5 5 5 5 2 4 2 3 5 4 5 4 2 3 5 4 1 1 3 2 1 2 5 1 5 5 1 2 4 5 4 2 2 2 2 5 5
4 2 2 1 3 3 2 3 3 3 2 3 2 2 5 5 3 5 4 2 4 1 3 2 3 4 1 4 1 4 3 5 3 2 3 3 5 3 1 5 2 4 4 5 5 3 5 4 3 3 4 1 5 3 1 3 2 3 4 2 2 4 4 5 5 5 5 2 3 3 2 3 4 3 2 5 2 5 3 1 3 3 5 1 4 2 2 4 4 3 4 2 1 3 1 3 4 5 5 4 3 2 3 1 1 5 1 2 5 5 2 2 1 1 1 4 1 2 1 4 3 1 4 2 3 3 3 3 3 3 2 3 2 5 4 1 3 1 0 3 5 3 2 1 1 2 5 5 3 1 3 2 2 4 4 5 5 2 4 5 1 1 3 2 4 4 3 3 1 5 4 4 2 4 3 1 1 5 4 1 5 5 2 1 1 4 4 1 1 2 4 5 2 3 4 1 5 3 2 2 4 1 4 5 5 4 4 5 3 3 3 5 2 2 4 3 4 4 1 2 1 3 5 5 3 5 2 1 2 1 3 2 1 1 2 3 4 5 1 3 2 1 2 3 4 1 2 1 4 2
1 1 5 5 1 1 1 3 1 3 4 2 1 2 4 1 3 1 5 1 4 3 2 4 2 5 2 2 4 1 4 4 5 4 3 3 1 2 2 3 2 4 5 1 1 4 2 1 3 3 3 4 4 1 4 2 2 5 5 5 4 5 2 2 3 5 1 1 4 3 4 2 2 4 2 3 1 5 3 5 3 4 5 1 2 4 5 4 4 4 4 4 1 5 5 2 5 3 3 4 3 5 1 5 2 2 5 5 4 5 2 4 3 5 5 1 1 3 3 1 2 2 2 4 5 3 3 1 2 4 5 3 1 1 1 4 3 5 2 0 5 1 4 4 1 3 3 1 2 3 5 2 5 3 4 1 1 1 5 5 2 2 1 5 2 2 5 5 4 2 5 2 3 4 2 2 2 5 4 2 5 1 3 1 3 1 5 5 3 1 3 3 5 4 3 5 1 2 4 4 5 2 4 5 2 3 5 5 3 2 2 3 4 1 5 2 2 3 4 2 2 5 3 1 5 3 4 4 3 5 4 4 5 5 5 2 3 4 4 4 2 1 5 5 3 5 5 2 2 4
4 4 4 3 1 4 3 3 1 3 2 1 1 1 3 3 5 5 3 3 5 2 3 4 3 4 3 1 3 2 5 3 1 5 5 5 1 4 5 3 3 2 4 2 4 2 2 2 1 4 1 4 3 3 4 1 4 4 4 2 4 5 2 2 3 5 2 3 4 1 3 3 1 5 1 1 2 4 3 3 4 4 2 4 4 3 2 5 4 1 3 4 4 2 4 5 3 3 5 3 3 4 5 3 4 5 1 1 3 3 3 4 1 5 2 2 3 3 4 3 5 3 4 3 5 4 1 2 5 3 5 5 5 1 3 1 4 5 1 2 0 2 3 2 5 2 4 3 4 1 4 4 1 1 4 2 2 4 1 1 2 2 2 4 1 5 5 5 2 1 5 3 3 3 1 4 2 3 3 3 2 2 3 5 5 2 5 1 2 5 4 3 5 2 2 3 4 3 4 5 1 3 2 1 1 3 2 3 4 3 1 2 3 5 5 3 4 5 1 5 4 4 4 3 3 1 5 3 3 3 1 5 2 4 1 5 2 1 2 3 3 2 5 5 1 1 2 4 5 3
4 2 2 5 3 1 3 1 4 5 3 3 1 5 2 1 4 1 3 2 2 3 2 1 2 2 1 1 2 4 5 2 4 4 1 5 1 5 2 4 1 2 2 5 1 4 4 4 2 3 2 5 1 4 3 4 5 2 3 3 5 3 1 4 4 4 2 4 2 4 2 3 4 4 4 1 1 3 3 1 3 4 1 1 5 4 2 5 1 5 4 3 3 2 2 4 3 3 4 2 4 1 5 4 4 5 1 2 4 2 2 3 3 3 1 3 3 5 2 5 1 2 5 5 3 3 4 3 1 4 5 5 5 4 2 2 4 5 4 1 4 0 4 4 5 1 5 5 1 1 3 2 1 4 3 1 2 4 2 5 3 2 2 2 3 1 3 1 1 5 2 1 3 1 2 3 4 4 4 3 4 2 1 3 4 3 2 5 2 2 5 5 5 3 2 2 3 4 5 1 2 5 2 1 1 2 2 1 5 4 2 3 2 3 3 2 2 2 5 1 1 3 2 1 4 2 5 2 3 1 5 2 5 2 1 2 3 5 3 5 1 2 1 4 3 5 5 2 1 3
2 1 1 4 2 3 3 1 4 4 5 5 1 3 4 3 2 3 3 1 2 2 4 3 2 1 4 5 4 3 3 4 4 1 4 5 2 3 2 4 4 2 2 2 3 3 4 1 4 4 3 5 5 1 3 2 2 5 3 2 4 5 3 5 4 4 5 5 2 2 2 3 2 1 4 5 5 4 4 5 2 1 3 4 4 4 1 5 5 5 4 1 4 2 2 2 5 4 3 1 3 4 1 1 2 1 5 2 5 1 3 2 4 3 2 4 4 2 1 5 4 5 3 4 2 5 2 5 5 5 3 4 3 4 1 4 3 3 2 4 5 5 0 5 2 2 3 3 2 5 5 3 1 4 3 3 3 5 3 4 2 2 2 5 5 3 4 4 2 5 3 1 1 4 4 2 4 1 2 3 4 2 5 1 1 3 1 3 1 1 4 3 3 2 4 3 4 1 5 2 5 2 2 4 1 5 3 4 4 2 1 3 1 4 1 3 3 1 4 2 2 4 5 4 1 1 5 5 3 3 5 1 2 4 4 4 2 2 1 4 3 3 1 4 3 3 1 4 1 2
5 5 2 5 5 2 4 4 2 3 3 1 5 3 2 3 5 5 4 1 1 1 3 1 4 3 2 1 5 1 2 3 2 2 5 5 3 2 3 5 1 4 1 3 1 4 1 2 4 2 3 2 3 3 2 3 4 1 1 3 2 1 3 2 2 4 4 4 1 3 5 3 4 1 3 2 5 4 5 5 1 3 2 4 5 5 4 4 3 5 4 2 3 3 5 3 5 4 1 1 3 5 1 1 1 4 4 4 1 2 2 2 1 4 1 4 5 3 3 3 5 3 1 3 4 1 2 3 4 1 4 5 3 4 4 2 3 5 2 2 3 5 2 0 2 2 3 3 3 4 5 3 5 3 2 4 5 5 1 3 4 1 2 2 4 4 2 1 3 4 2 3 1 4 1 3 4 1 3 1 5 3 1 3 3 2 4 4 4 4 4 4 5 3 4 3 4 1 5 5 2 4 4 4 1 1 1 1 5 4 4 1 1 2 2 2 4 2 3 2 2 5 3 2 1 2 4 1 3 2 4 3 1 5 3 3 1 3 5 3 4 5 3 2 4 5 3 4 4 4
1 1 1 5 5 2 4 4 5 2 2 4 1 3 1 2 2 4 4 1 4 1 4 5 4 4 4 2 3 3 3 2 5 4 5 2 5 5 2 5 3 3 1 5 1 2 1 4 1 1 1 1 2 3 3 3 4 5 5 3 4 5 2 3 2 5 1 1 5 3 1 4 2 2 1 4 4 3 1 3 1 2 4 3 5 4 4 1 3 1 2 1 4 1 4 1 5 5 2 1 3 1 3 2 3 1 2 5 1 2 1 5 1 3 3 1 4 5 4 3 3 5 1 4 3 4 2 3 3 1 1 4 1 4 1 3 1 4 3 3 1 2 2 2 0 2 1 3 4 1 5 1 5 2 2 1 2 2 5 5 2 4 3 2 5 5 2 2 2 4 3 1 4 5 1 2 3 3 4 4 1 5 4 5 3 1 1 5 1 3 1 5 4 1 4 1 2 2 1 4 2 4 4 3 1 1 1 5 4 1 5 2 5 4 2 1 4 4 2 4 3 3 4 2 1 2 3 4 2 5 4 5 3 5 3 2 4 5 3 4 4 5 1 1 4 3 2 4 4 1
5 1 2 5 4 2 5 5 5 2 4 2 2 3 1 2 1 2 4 5 3 2 2 2 4 1 2 4 1 2 2 1 5 4 2 3 1 5 3 5 5 2 1 4 5 2 3 2 1 2 5 5 3 1 1 4 3 4 2 3 5 1 3 4 2 4 2 4 5 5 1 2 2 4 5 3 4 3 4 3 3 2 5 1 5 2 1 2 2 3 5 3 5 3 3 4 1 3 5 1 3 3 4 2 1 2 5 2 1 2 2 2 2 3 2 5 2 3 4 5 4 5 4 5 2 2 4 3 1 5 4 5 1 2 5 2 2 2 1 3 5 4 3 2 5 0 3 2 1 1 5 4 3 4 2 4 2 3 4 1 2 5 2 1 5 1 5 3 2 3 4 2 4 1 2 3 1 3 2 3 5 4 5 3 3 1 3 2 1 2 3 2 2 2 1 1 1 4 3 5 2 2 5 1 2 4 4 2 5 2 3 3 2 1 3 3 3 5 5 1 5 3 4 1 5 3 5 2 4 3 2 4 2 1 4 3 3 1 3 5 2 4 5 2 2 1 5 3 1 4
2 4 2 1 3 4 4 1 2 3 5 2 4 2 2 4 4 3 3 4 5 1 1 4 1 5 1 1 5 4 2 1 1 1 2 3 2 3 1 1 5 4 2 1 1 4 1 3 2 5 4 5 4 3 3 3 3 2 5 2 4 2 1 3 3 2 3 3 5 3 3 4 2 5 1 3 4 2 3 2 2 3 1 3 2 3 1 4 5 2 4 2 2 3 2 3 2 3 4 5 1 1 5 5 5 4 3 4 3 4 3 4 2 4 5 2 4 3 1 3 3 1 1 4 2 3 2 5 5 4 2 5 3 5 5 2 4 4 3 1 3 5 1 5 3 1 0 5 3 3 1 2 2 2 2 4 4 3 4 4 5 2 1 5 1 2 1 3 1 1 2 1 4 5 4 2 3 5 5 1 4 5 1 2 5 1 2 4 4 5 2 1 1 1 4 4 2 1 1 1 4 3 5 3 3 1 5 4 5 2 4 2 2 5 5 1 2 4 4 2 2 3 1 4 3 5 5 5 2 4 2 4 3 2 2 3 2 3 3 2 1 5 5 3 4 4 5 3 1 4
1 5 3 5 5 3 1 4 2 4 5 3 4 4 4 2 4 5 5 2 2 2 1 4 4 3 2 4 5 1 3 2 3 1 2 2 5 1 3 2 3 5 2 4 5 1 4 4 5 1 3 1 3 2 2 2 3 4 5 3 3 3 4 4 2 1 3 4 5 4 5 3 3 1 4 1 2 4 2 3 4 4 2 2 2 1 3 3 3 5 4 3 3 5 3 5 4 2 1 5 3 1 1 5 1 4 4 3 4 1 4 4 1 5 5 3 4 2 1 1 2 4 4 4 3 2 2 5 2 2 2 5 4 2 5 1 4 3 4 2 3 4 4 3 3 5 4 0 1 4 4 5 3 2 3 3 1 1 1 2 4 1 5 2 4 4 4 3 1 4 2 3 3 3 4 5 2 2 1 1 2 4 5 4 3 4 1 2 2 5 5 2 5 2 2 5 1 2 2 3 1 5 4 4 4 1 1 3 1 4 1 1 3 5 1 1 1 3 1 4 3 3 5 4 2 5 3 5 1 5 2 3 5 3 4 2 2 5 2 1 2 3 2 2 3 5 5 4 3 5
1 4 1 1 4 5 2 4 5 4 4 3 1 3 3 3 3 4 3 1 4 5 2 5 2 2 2 1 4 2 2 4 4 1 5 3 3 3 3 1 5 2 3 3 5 3 3 5 5 3 2 3 4 4 3 4 5 5 2 5 5 1 4 4 4 4 2 4 5 3 3 5 2 5 4 4 2 4 5 3 5 2 3 5 1 5 3 3 3 4 2 5 2 3 3 1 1 1 2 5 4 1 1 1 4 2 1 2 2 4 2 1 4 3 3 2 4 2 2 1 3 4 2 2 3 3 5 4 5 5 4 1 4 1 2 3 1 2 4 3 3 2 5 2 2 2 3 5 0 1 2 1 3 3 1 5 3 1 2 5 3 4 2 1 5 3 2 4 2 5 4 4 4 3 2 5 5 5 3 4 3 1 5 3 5 1 1 5 4 3 1 5 1 1 5 1 2 2 5 3 4 5 5 1 5 3 4 2 2 2 1 3 1 3 2 4 1 2 2 3 3 5 2 1 3 2 3 1 4 3 2 4 5 3 3 2 1 2 2 1 5 1 2 5 4 4 3 1 4 5
1 2 1 1 4 2 3 5 1 5 1 2 2 4 2 3 1 3 1 5 2 3 2 1 5 2 2 5 4 1 4 4 1 2 4 3 4 4 1 5 3 5 5 2 4 2 5 1 2 5 2 2 4 4 4 3 2 1 2 1 1 1 1 1 1 2 4 3 3 4 5 5 1 1 2 2 5 2 3 1 1 2 2 4 2 1 2 5 2 4 5 3 2 5 2 2 4 2 4 4 1 5 1 1 2 1 5 5 4 5 4 5 4 5 3 5 2 1 2 1 3 3 4 2 4 4 5 1 3 2 2 3 5 3 4 5 5 3 2 4 1 4 5 3 1 1 1 3 2 0 1 2 3 3 2 4 3 2 2 5 1 5 5 5 2 1 5 5 1 5 4 4 1 3 3 3 4 1 3 3 1 2 2 2 5 3 3 3 1 4 5 1 4 4 3 2 2 4 5 5 5 1 4 2 4 3 2 4 2 1 4 3 2 2 1 4 3 2 2 4 4 1 2 4 5 5 3 4 2 2 1 2 2 1 5 5 3 3 5 3 5 3 3 4 4 1 1 1 2 4
2 1 5 5 1 5 2 5 4 4 3 5 2 1 3 1 2 4 3 1 5 3 1 3 2 2 3 1 4 2 3 5 5 2 2 4 3 4 3 5 2 2 3 4 2 4 5 4 3 1 5 4 5 4 1 3 3 4 1 4 1 5 1 1 3 3 4 2 5 2 5 3 1 4 2 3 4 1 5 1 4 4 3 5 1 4 4 3 5 1 5 2 2 3 2 5 2 5 4 2 1 1 3 2 3 5 4 2 1 2 2 2 5 4 4 5 3 5 3 2 5 4 5 3 5 5 2 1 2 5 1 2 4 3 5 2 2 4 4 2 5 2 1 2 1 5 5 5 4 1 0 5 4 2 1 1 4 3 5 4 3 4 2 2 4 4 4 3 4 3 1 5 2 5 4 3 5 5 5 4 1 5 3 4 5 3 1 2 1 1 4 4 2 4 1 1 1 3 1 5 2 1 2 5 4 1 5 1 5 3 4 4 3 2 1 2 3 4 1 4 1 3 2 3 2 1 2 2 5 5 2 5 4 1 2 3 2 4 5 2 2 1 5 5 4 5 3 3 1 1
1 5 1 2 3 3 3 2 3 3 2 1 4 2 2 4 5 5 4 4 1 5 1 1 1 4 5 1 2 1 3 4 1 5 4 2 3 3 4 5 5 3 2 4 2 4 1 4 4 1 2 4 5 1 2 2 1 2 4 1 4 3 3 1 4 3 1 4 4 5 1 4 4 2 5 1 2 3 1 1 3 5 1 1 1 5 4 2 2 3 3 3 3 5 1 5 5 2 3 1 2 4 1 4 3 3 5 3 4 3 3 5 2 1 2 4 1 3 3 2 3 3 5 5 5 4 4 5 5 3 1 3 2 2 2 1 4 4 2 3 2 1 1 3 2 5 3 3 3 1 5 0 4 2 3 5 1 4 4 1 2 2 1 5 1 2 1 4 1 1 3 1 4 4 4 3 1 2 3 4 5 2 5 1 5 2 5 1 3 4 2 3 3 3 2 3 4 3 3 4 4 3 3 4 3 2 4 5 4 3 4 3 4 1 4 1 3 4 3 5 3 2 5 1 3 4 4 3 2 1 4 5 2 2 3 1 4 5 4 3 5 3 4 3 3 2 4 2 2 2
1 1 3 3 3 2 3 2 3 3 1 3 2 5 2 4 4 5 4 1 4 4 3 1 1 2 4 1 4 4 3 5 1 3 1 3 4 3 1 2 5 4 5 2 5 2 4 3 4 1 1 4 4 3 2 2 4 1 3 4 5 3 2 5 3 2 2 3 2 3 4 4 4 5 3 3 3 1 4 4 2 5 1 4 4 1 3 5 1 3 5 4 1 2 1 1 4 1 4 5 1 5 2 4 5 1 2 2 5 1 1 3 5 3 5 4 1 3 4 5 4 3 3 2 1 3 4 2 3 5 5 1 1 4 5 3 1 4 3 2 4 5 4 5 4 4 4 1 4 5 2 5 0 1 3 4 3 4 1 2 4 1 4 4 4 1 1 4 4 2 3 1 2 4 3 1 5 5 3 4 5 5 4 1 2 4 5 1 1 4 1 1 5 4 5 5 2 5 4 2 1 1 2 2 5 1 3 2 1 4 4 1 5 1 2 4 2 1 4 1 5 1 1 1 3 1 1 5 3 4 5 5 5 3 5 1 2 3 4 4 3 1 1 1 2 4 3 1 2 5
1 2 1 5 1 2 3 5 4 1 2 4 1 3 2 3 1 1 5 3 2 3 3 3 5 4 1 1 4 4 5 3 1 2 1 3 2 2 1 1 4 5 3 3 5 3 2 1 2 4 5 1 5 1 3 1 3 2 4 1 4 3 2 2 3 1 4 4 4 4 1 3 4 4 5 4 1 5 2 4 3 3 2 3 1 4 3 5 1 3 2 2 1 5 1 2 4 4 4 1 1 4 2 5 1 2 4 1 4 2 1 5 5 1 2 2 5 2 4 5 1 2 1 3 1 3 4 4 4 2 4 5 3 5 5 2 3 4 1 1 2 1 3 3 3 4 1 1 2 5 1 2 2 0 1 5 5 3 4 3 5 4 4 4 2 2 5 2 3 5 3 5 4 3 2 5 1 1 2 3 3 4 1 1 4 4 5 2 2 2 2 2 5 4 1 3 3 2 1 3 4 2 2 1 1 4 2 4 2 1 3 5 3 5 4 5 2 2 2 2 1 5 1 3 2 4 2 2 5 1 1 1 4 2 4 2 2 2 4 5 3 4 2 2 1 3 4 1 1 2
4 5 5 4 2 2 2 4 4 3 1 2 1 4 5 1 5 2 4 5 3 4 4 3 2 4 1 1 2 4 3 1 3 5 3 5 3 5 4 5 5 3 1 3 4 1 1 1 4 1 4 2 1 1 3 3 5 5 3 4 1 4 2 3 4 5 1 4 4 2 3 3 5 5 2 4 5 4 5 1 1 2 2 5 1 4 4 4 5 4 4 3 5 5 3 5 3 2 4 2 3 5 5 1 4 5 4 2 2 5 1 2 4 3 1 1 4 4 1 1 4 5 2 4 2 3 4 2 1 1 1 1 5 1 5 4 3 2 2 3 3 5 3 3 5 1 1 5 5 1 4 2 5 4 0 3 4 3 2 5 2 3 5 5 3 1 5 4 4 3 1 3 2 3 3 3 5 5 3 5 1 2 1 5 5 2 5 5 3 4 4 4 3 1 4 3 4 4 2 4 5 1 3 3 5 1 4 4 5 2 5 2 3 4 3 2 3 2 2 3 3 3 3 4 5 2 1 4 4 5 1 3 2 3 3 4 2 1 4 2 4 4 3 2 2 1 2 1 2 2
2 3 3 4 5 4 2 4 3 1 4 4 2 2 5 4 4 4 2 4 2 5 5 2 2 2 2 4 5 4 3 5 1 4 4 2 2 4 2 1 1 4 1 1 4 3 2 3 5 1 3 3 1 1 5 1 1 1 2 3 2 4 2 4 5 5 3 4 5 5 1 1 3 2 3 5 3 5 1 3 1 4 3 1 4 5 1 1 3 5 2 4 4 2 1 4 1 4 2 1 4 2 2 1 5 2 5 3 4 2 1 3 3 5 3 5 3 5 1 1 4 2 4 2 1 1 5 3 2 1 3 5 4 4 2 3 4 3 1 4 2 1 3 5 2 2 2 2 5 5 3 5 4 1 1 0 3 5 5 1 3 2 1 5 5 5 3 1 1 5 1 1 1 5 4 3 2 3 1 3 4 3 5 3 5 1 5 4 5 1 1 3 1 3 4 3 1 3 3 4 2 1 5 3 4 1 5 4 4 1 2 3 3 3 5 2 2 1 2 3 3 5 3 4 1 1 3 1 3 3 1 3 1 2 1 1 1 1 1 1 3 1 3 3 1 3 5 2 2 5
5 3 1 4 5 1 4 5 2 5 2 4 3 3 5 4 2 4 1 1 1 4 5 1 5 1 2 3 3 3 3 1 5 4 3 5 1 5 1 3 1 3 2 5 3 1 2 5 1 1 2 5 4 3 2 2 5 5 2 1 3 5 4 4 5 1 5 5 4 2 2 4 4 5 4 2 5 2 5 1 4 2 5 1 5 2 1 1 3 3 3 3 2 4 2 2 2 3 2 4 2 1 5 1 4 4 3 2 5 1 1 3 3 5 4 3 2 5 1 3 5 2 2 1 4 4 4 1 2 3 4 3 2 5 3 3 3 1 2 3 2 4 5 3 5 5 2 2 2 2 2 3 4 4 4 3 0 1 1 1 4 2 4 2 5 3 5 5 3 2 1 4 1 2 1 5 4 5 2 5 2 4 5 3 4 2 1 5 4 3 2 3 4 1 4 2 1 4 1 1 5 5 2 5 2 1 1 5 1 4 1 4 3 2 5 2 1 1 5 1 2 3 3 4 3 1 4 1 1 2 2 1 3 4 4 4 1 2 1 4 4 1 1 3 2 2 5 2 3 3
4 4 2 5 2 1 2 3 4 2 1 5 2 2 4 5 5 1 3 4 5 3 2 2 2 2 5 4 3 4 5 2 5 5 4 2 1 1 4 2 3 4 5 5 2 2 5 4 2 2 3 1 2 1 1 2 5 5 2 3 4 2 4 2 5 5 2 2 2 3 1 1 2 3 2 2 5 5 2 4 5 2 4 5 1 5 5 4 4 2 5 5 5 2 4 5 3 1 2 5 3 3 1 2 3 3 1 4 5 3 2 2 2 3 3 1 3 3 3 1 4 5 3 2 2 5 3 3 5 4 5 5 4 3 3 5 5 4 1 3 5 1 5 5 3 4 3 3 5 5 2 1 3 2 3 1 1 0 3 1 2 2 4 1 2 2 3 4 2 2 2 4 1 1 3 1 1 4 5 2 1 1 3 1 2 3 5 1 3 3 4 2 3 2 5 4 5 4 5 3 3 4 1 5 3 1 5 4 3 2 3 1 2 1 2 1 2 3 4 5 3 2 1 3 4 2 4 3 3 3 5 1 2 2 3 2 2 2 3 4 5 5 1 2 1 4 1 2 5 2
5 1 4 1 5 5 1 3 1 3 3 3 3 1 4 1 4 3 5 3 2 2 5 4 3 5 3 1 2 3 2 1 3 4 4 5 4 1 1 4 3 1 4 2 3 4 4 1 5 2 2 2 1 3 5 3 3 2 1 3 1 3 2 3 4 3 4 5 4 3 1 2 3 4 4 2 2 4 5 4 3 1 1 1 3 4 3 1 5 3 2 4 1 3 1 2 5 3 1 4 2 2 5 5 3 4 3 2 3 4 2 5 4 4 5 2 3 5 3 2 5 2 4 2 1 2 2 4 1 1 5 4 3 2 4 2 3 4 2 3 5 1 2 2 1 3 2 1 2 3 4 3 2 4 1 5 3 2 0 4 1 1 2 2 1 2 3 3 3 1 1 2 3 1 3 2 5 2 3 5 5 4 2 3 5 4 2 3 2 4 3 2 1 1 4 5 1 5 5 3 3 2 3 5 1 5 4 4 1 2 1 5 5 3 4 2 1 4 3 1 2 3 3 1 3 4 3 2 3 1 2 1 3 5 4 2 1 5 1 3 3 3 1 4 4 4 3 2 3 1
1 4 5 3 4 1 1 4 2 3 5 3 4 2 3 3 2 1 4 4 3 2 2 4 2 3 4 4 3 1 1 3 1 3 3 3 1 3 1 4 1 1 4 2 3 2 3 3 2 3 3 5 5 1 4 2 3 3 1 3 2 5 3 4 1 5 5 1 1 2 1 3 3 2 1 5 2 5 2 3 1 2 4 1 4 1 1 5 3 2 2 1 1 2 4 5 2 5 4 5 3 3 3 1 4 4 1 3 3 4 2 5 1 5 1 1 5 2 4 5 1 1 1 1 2 2 5 3 5 1 3 2 3 1 4 3 4 1 1 2 4 1 4 2 2 3 5 2 5 2 2 1 5 3 2 5 5 3 2 0 4 2 4 1 3 5 4 1 3 4 1 3 1 1 4 2 2 4 3 4 4 1 5 2 2 1 5 2 4 3 3 1 2 3 1 1 3 5 1 2 3 2 1 3 1 2 4 5 5 4 1 5 4 5 2 4 2 2 4 3 3 1 3 3 2 2 1 5 3 5 5 5 1 4 4 5 1 1 5 5 1 3 3 2 2 5 2 4 1 2
1 2 3 4 2 3 5 4 3 1 3 5 2 4 5 4 3 5 5 1 5 1 5 4 2 4 2 3 4 3 2 4 2 5 4 5 3 3 1 2 2 2 2 5 4 1 3 3 2 2 2 1 3 2 2 2 4 2 4 4 5 4 4 2 5 5 1 2 1 3 2 4 2 2 1 3 5 3 1 3 5 2 3 4 2 5 5 2 5 3 1 3 2 3 2 3 3 4 3 5 2 4 5 2 1 1 5 1 5 1 4 1 1 3 2 1 2 4 2 3 1 4 5 4 4 5 3 4 1 1 4 1 1 5 3 1 1 4 3 3 1 3 4 4 2 2 4 5 2 5 3 5 1 3 1 2 1 2 2 1 0 3 2 5 4 2 2 1 4 3 1 2 2 4 3 5 1 1 3 3 2 2 5 5 1 2 3 2 1 2 3 2 5 2 5 5 3 3 2 2 1 3 1 3 3 5 5 1 5 2 1 5 1 3 1 3 5 4 3 3 3 4 4 4 3 1 5 2 4 4 1 4 1 5 1 2 1 3 3 4 5 1 5 4 2 5 2 2 4 1
5 1 1 3 2 3 4 4 2 3 1 5 3 4 1 2 3 3 4 5 4 3 4 1 2 5 3 4 3 1 1 2 4 1 1 3 5 1 1 2 2 4 2 4 3 3 1 1 3 1 1 1 1 3 4 2 4 4 4 3 4 4 2 1 4 3 2 4 3 4 2 5 2 3 1 1 5 3 4 5 1 5 3 4 5 3 5 4 2 5 3 3 1 1 1 4 3 4 4 2 4 4 1 3 5 1 4 5 4 2 2 4 2 2 5 1 3 1 4 2 4 3 5 1 5 3 2 2 5 3 3 4 3 5 5 3 1 1 2 1 4 4 5 2 2 3 1 1 1 4 1 1 3 2 2 1 3 5 3 5 4 0 2 5 2 5 2 5 3 4 4 1 3 2 3 5 4 2 3 1 2 4 5 1 1 1 5 1 3 5 1 4 3 3 4 1 1 5 1 5 3 4 3 2 1 3 2 1 5 3 4 1 4 5 2 4 4 2 4 2 3 5 3 4 2 2 5 1 2 3 5 4 1 3 2 1 4 4 4 2 5 1 4 2 3 5 2 4 3 5
2 1 2 2 4 1 4 4 1 1 3 5 2 3 2 2 3 3 1 4 3 2 2 3 3 2 4 2 2 2 1 1 1 5 5 3 1 1 3 2 2 1 2 3 4 3 4 4 5 2 3 4 4 3 5 3 5 5 1 4 5 5 4 4 3 2 3 2 5 5 4 1 2 2 4 3 5 4 3 3 2 1 3 4 1 4 4 2 3 3 3 2 3 2 4 1 4 5 2 1 2 4 2 2 1 3 1 4 3 1 1 3 3 3 2 1 3 3 4 5 1 2 5 1 2 5 1 2 4 2 4 5 4 4 3 3 4 3 2 2 4 2 5 1 3 2 5 3 2 1 2 2 1 1 4 1 2 2 2 5 3 2 0 1 1 3 5 1 2 5 1 5 2 3 4 5 3 2 4 3 5 1 1 1 3 1 5 4 2 5 1 1 5 2 2 1 3 1 4 5 4 4 4 3 5 4 2 5 1 3 2 3 2 5 4 5 4 4 4 5 5 1 1 5 2 4 2 1 2 3 3 3 5 4 3 3 2 4 5 5 2 5 3 4 1 4 5 4 3 4
5 4 5 5 3 4 4 5 1 2 1 2 5 4 4 2 5 1 2 3 1 1 2 5 1 1 4 2 1 3 5 4 2 2 5 1 3 2 1 5 1 5 3 2 4 4 4 3 5 3 2 5 2 4 4 1 1 4 2 3 5 5 1 5 3 4 1 3 5 2 2 4 3 1 2 2 2 3 2 2 4 4 2 1 5 2 3 1 2 5 2 1 3 4 4 1 5 2 1 3 1 4 1 2 2 2 3 2 5 5 3 2 3 1 5 4 3 4 3 3 2 5 2 1 5 2 4 2 5 2 4 4 3 5 5 3 5 4 1 3 1 1 4 4 4 3 4 1 2 4 2 3 1 1 4 4 5 5 5 2 5 4 2 0 3 3 5 2 4 2 5 3 3 3 2 3 4 1 1 4 3 5 3 3 2 2 3 2 5 4 2 4 1 2 3 4 1 5 5 2 3 3 1 3 4 5 5 1 2 3 4 1 4 5 4 2 1 5 2 3 3 4 1 3 1 3 4 1 4 5 5 2 3 5 5 4 2 1 5 3 3 4 4 1 1 2 2 1 3 1
2 5 4 1 4 5 5 5 4 2 3 4 2 2 1 4 2 4 4 5 3 3 2 1 1 3 3 4 2 3 3 2 3 5 3 4 1 2 4 2 2 5 4 3 2 1 5 3 2 3 4 3 4 1 4 4 4 4 1 4 4 4 3 3 2 4 2 5 5 1 2 4 3 5 5 4 5 4 5 5 2 2 4 4 1 1 5 2 3 4 5 4 2 5 2 5 1 1 2 4 1 4 4 3 2 5 1 3 5 5 3 4 1 3 4 5 3 1 4 3 2 1 4 1 2 3 2 4 4 5 5 2 1 2 5 1 4 4 1 4 1 2 4 3 3 2 4 4 3 5 1 3 1 4 3 2 1 3 1 1 1 5 4 1 0 2 2 3 2 3 3 2 3 1 2 4 2 5 3 4 3 2 4 5 1 1 5 2 3 3 2 5 5 4 3 1 5 3 3 4 1 4 2 2 3 1 2 2 3 2 1 2 5 3 1 4 1 4 5 5 2 5 5 3 5 1 2 2 2 3 5 1 4 3 5 3 1 2 3 2 3 2 5 3 1 3 5 3 3 5
5 1 4 2 3 4 2 4 2 4 1 5 2 3 3 2 5 3 1 4 1 3 3 2 3 3 2 2 4 3 5 1 4 4 3 2 5 5 1 3 2 2 1 3 5 3 5 2 1 3 3 4 3 4 3 4 5 2 4 1 2 2 1 3 2 3 2 2 4 3 3 3 1 3 4 1 4 2 2 1 3 1 1 4 3 4 5 3 5 3 2 3 1 4 1 3 5 4 1 3 3 2 3 3 1 1 2 2 5 4 4 1 2 3 4 5 2 4 3 3 3 5 5 4 5 3 4 3 1 4 3 2 5 1 1 1 5 4 3 2 4 5 3 1 3 4 4 2 4 1 3 2 3 1 3 4 1 2 2 1 5 4 2 4 1 0 3 3 1 4 4 5 2 1 1 3 2 1 4 5 1 1 5 3 4 1 3 4 2 1 3 3 3 2 2 3 1 5 1 3 3 5 4 2 5 2 2 1 4 3 1 4 1 2 1 1 2 1 3 2 1 5 4 4 4 1 4 3 2 2 2 3 2 2 1 5 3 2 2 5 4 3 2 5 1 2 3 1 3 4
3 2 1 1 2 1 3 1 4 2 5 1 3 4 3 2 4 5 5 5 4 3 3 3 3 5 3 4 4 2 3 2 2 3 1 2 1 1 5 2 3 2 1 2 5 3 1 5 4 5 4 3 3 2 5 4 2 5 3 5 2 2 3 4 5 2 3 1 4 3 2 2 1 3 1 5 4 3 5 4 3 2 4 2 1 2 5 1 3 1 5 5 4 4 1 4 2 1 4 4 2 2 4 2 2 2 3 1 3 5 3 5 1 4 5 1 2 5 2 1 1 4 1 5 5 5 1 5 2 4 5 1 5 4 2 1 3 2 3 2 1 5 3 5 1 1 3 4 2 4 1 3 2 1 3 5 5 3 2 2 2 3 4 4 3 2 0 4 2 4 2 2 2 4 2 4 3 5 4 2 2 3 4 2 1 2 2 4 3 4 1 4 4 4 2 4 4 5 2 2 3 4 5 3 2 3 4 5 4 3 1 1 4 5 5 1 2 1 4 1 5 3 5 1 1 5 2 1 5 3 3 5 1 2 1 1 4 1 1 3 1 5 1 1 3 5 2 4 5 5
4 5 5 1 4 2 3 1 5 5 2 2 2 5 1 2 5 1 4 3 1 3 5 5 1 1 4 2 3 2 4 1 4 1 4 2 3 4 2 2 1 5 3 4 2 2 4 1 2 2 1 2 1 4 3 4 4 3 5 4 2 3 2 1 2 1 1 1 3 1 1 5 2 5 2 3 3 2 5 2 4 5 2 3 5 5 1 5 4 4 4 3 2 5 5 5 1 1 1 3 1 5 2 1 1 1 1 5 2 4 3 2 3 2 4 5 5 1 2 2 4 3 3 1 1 4 5 1 1 5 3 5 3 5 4 3 3 2 4 1 2 4 1 5 1 3 2 4 5 4 4 1 3 3 2 4 1 2 4 4 2 4 5 1 4 2 2 0 2 4 2 5 2 3 4 1 2 1 4 4 1 3 3 1 2 3 4 2 3 3 4 3 4 3 4 1 5 1 3 4 1 3 4 1 1 1 2 3 3 3 2 3 5 1 2 2 4 4 2 5 5 2 2 2 1 1 5 5 5 5 5 2 4 5 5 2 3 5 5 1 3 1 4 3 4 2 5 4 2 2
2 1 3 4 1 3 3 1 2 1 4 5 4 2 5 2 5 2 5 3 2 1 5 4 5 1 2 2 2 1 2 2 1 1 4 1 3 1 4 4 3 1 1 4 1 4 1 3 5 1 3 3 4 4 1 3 3 3 4 4 2 4 4 3 2 1 3 3 1 5 4 2 3 1 5 2 4 2 5 5 2 1 2 3 5 5 1 1 1 1 2 3 5 1 2 3 3 4 5 5 1 1 4 2 4 2 1 2 5 2 4 5 4 2 5 5 2 5 1 5 4 4 5 2 5 3 3 4 4 1 2 4 3 2 3 3 5 5 1 4 5 1 5 2 3 3 2 2 2 1 1 5 1 4 3 2 5 3 4 4 5 5 1 1 2 2 4 1 0 4 3 2 2 1 1 1 5 3 3 5 2 1 2 2 4 3 5 2 3 3 2 1 2 2 3 5 3 3 1 1 1 5 4 1 5 1 3 3 4 1 4 3 2 5 2 2 2 4 3 2 4 2 5 4 1 5 3 1 5 3 1 4 4 3 5 2 2 3 5 2 3 3 3 4 3 4 2 3 1 3
4 5 2 1 4 2 3 3 4 5 2 2 4 3 5 4 1 4 2 1 5 2 3 1 2 5 5 3 2 3 4 4 5 5 4 2 2 2 4 2 5 2 5 3 1 3 1 4 3 4 1 3 5 3 4 2 4 2 1 2 1 1 4 1 1 1 1 2 5 4 5 5 3 4 5 5 2 5 5 1 4 4 2 4 3 2 3 1 5 3 5 4 3 5 5 1 2 5 4 2 3 2 1 2 1 3 5 3 4 2 2 1 3 3 1 5 2 5 4 5 1 1 5 3 4 5 2 5 3 2 2 5 5 1 2 4 4 5 4 2 1 2 2 3 5 3 1 1 2 1 4 5 4 1 4 4 1 2 1 3 4 3 4 4 5 2 2 1 1 0 2 4 2 5 4 5 5 4 5 2 1 3 5 4 3 4 3 2 4 4 5 4 1 3 5 5 1 2 4 3 3 4 5 3 1 3 5 5 4 2 3 4 2 5 2 3 4 3 3 5 4 3 4 2 3 4 3 4 4 2 3 3 4 5 5 3 4 5 4 1 5 3 4 4 1 1 4 4 4 3
4 2 2 3 5 3 1 3 2 5 1 5 4 5 3 1 2 4 2 2 1 4 1 5 3 5 2 1 2 4 1 5 2 4 3 1 4 3 3 3 5 3 5 1 3 4 5 2 3 4 4 1 2 1 2 2 2 3 3 4 3 2 4 2 1 4 4 3 5 1 3 4 3 2 1 1 1 1 3 1 2 1 5 2 1 2 4 1 4 1 4 5 1 1 2 2 5 1 2 3 2 3 5 5 2 2 5 3 1 5 3 4 4 2 1 1 5 3 4 4 1 1 2 3 1 5 3 2 5 2 5 4 4 4 3 3 4 4 3 3 2 1 2 3 3 4 5 4 1 1 2 5 4 3 3 3 3 2 5 3 3 5 5 5 1 1 3 4 3 2 0 3 1 1 2 5 4 4 1 5 5 2 1 3 5 1 5 3 2 4 1 5 5 4 3 2 3 1 5 4 2 1 5 2 1 3 5 1 4 3 5 5 4 4 3 4 3 2 4 2 3 5 4 3 5 5 2 4 4 1 5 4 3 4 2 4 4 4 4 2 1 2 4 1 1 5 5 3 1 1
2 4 2 2 5 3 2 1 1 3 4 2 2 1 5 3 4 1 4 2 3 5 5 4 5 4 2 1 5 1 4 5 3 2 1 4 5 2 3 1 1 5 3 2 4 1 3 1 4 2 2 5 3 3 3 2 1 5 4 1 1 3 2 4 4 4 5 1 1 1 1 2 4 1 3 5 2 2 1 4 1 1 5 4 3 3 2 4 2 5 3 3 1 3 2 1 4 3 2 3 2 5 1 4 1 3 1 2 3 4 2 1 1 4 3 4 1 5 3 2 5 5 4 3 1 3 5 3 3 4 2 2 1 3 1 1 5 4 1 1 5 2 3 5 2 1 2 3 3 4 2 1 2 3 1 5 3 1 2 3 3 2 3 5 1 3 1 5 1 3 2 0 4 2 4 2 3 5 1 1 1 4 3 4 3 3 5 2 2 4 5 2 3 2 5 5 5 2 3 3 3 2 5 3 3 1 5 4 5 2 3 4 1 4 5 3 2 1 3 4 4 5 5 3 2 3 5 1 5 5 5 4 3 4 3 1 2 3 3 5 3 3 1 2 1 1 2 3 2 5
4 4 5 2 1 1 4 1 4 1 5 3 3 5 2 2 4 4 5 5 4 2 1 3 5 5 1 3 5 4 2 2 4 3 1 2 4 5 2 1 1 3 1 3 5 1 3 5 1 2 5 2 1 4 2 4 3 1 3 3 4 1 2 2 5 1 2 1 2 3 3 3 5 2 2 4 3 3 1 4 3 5 4 4 2 3 3 5 1 4 2 5 1 2 5 2 4 2 5 5 4 5 2 1 4 5 2 4 1 1 4 4 5 4 1 3 3 3 1 1 5 3 5 5 1 2 5 2 2 4 2 5 3 2 2 5 2 2 4 2 3 5 5 4 5 3 5 4 4 5 4 2 5 4 2 5 5 4 3 1 5 3 5 4 3 5 4 2 1 2 3 1 0 5 3 5 3 1 1 3 2 2 2 5 1 3 3 3 4 5 2 1 2 4 3 5 3 4 3 3 5 4 4 3 5 1 4 2 2 2 3 1 5 5 3 4 2 5 1 5 4 4 2 4 1 3 4 5 3 3 2 4 3 2 2 5 4 4 1 1 5 1 3 1 3 4 3 4 3 1
4 5 2 5 3 1 2 4 2 3 2 4 3 1 1 5 2 5 3 2 1 3 3 4 2 3 3 5 2 4 2 5 2 2 5 5 4 5 2 1 3 3 1 3 4 1 2 4 1 2 3 2 3 4 5 4 5 5 4 3 1 1 4 2 5 4 5 3 4 5 1 3 1 5 4 2 1 2 4 5 1 5 2 3 4 5 4 2 5 5 1 2 4 3 2 5 5 4 5 5 2 5 3 2 3 3 1 1 3 5 4 4 4 2 1 3 1 1 2 1 3 2 3 3 2 3 3 4 2 1 5 1 2 4 1 3 3 3 2 2 5 5 2 4 3 1 5 2 3 1 1 1 5 3 2 2 5 5 3 4 2 3 5 4 5 3 1 5 4 4 5 2 4 0 3 1 2 2 4 5 1 2 4 1 5 3 3 2 1 5 1 5 3 3 2 4 3 1 3 4 4 1 5 1 5 1 2 3 5 3 1 3 2 3 3 1 1 3 3 2 2 3 5 4 5 1 4 3 2 4 5 1 2 2 1 5 4 5 1 5 3 5 4 3 1 5 5 4 2 2
2 5 3 5 3 1 2 2 5 5 5 1 2 3 2 1 5 5 4 1 1 1 4 4 3 5 2 5 5 2 5 3 2 4 1 1 4 4 5 5 3 5 5 5 1 3 4 4 2 2 1 1 3 3 4 3 5 1 5 3 2 1 2 4 5 5 3 2 5 2 3 2 1 3 4 2 2 4 5 1 3 2 4 3 3 1 5 5 3 3 2 1 1 5 3 3 4 3 4 5 3 5 3 2 5 2 5 3 5 5 1 4 1 3 1 3 5 4 2 4 1 3 2 5 2 5 1 2 3 2 2 5 5 1 3 1 5 3 2 3 5 3 3 3 2 1 2 2 1 1 1 3 2 4 2 4 4 2 1 2 3 3 1 2 3 1 5 3 4 5 2 2 2 3 0 2 4 3 4 4 4 1 2 3 1 2 3 2 2 5 2 2 4 4 2 3 5 1 2 5 5 2 5 3 1 4 4 3 5 3 3 1 1 1 2 2 1 4 2 4 5 1 3 1 5 1 5 1 1 5 4 1 4 5 3 4 2 3 3 2 2 5 3 1 1 4 4 3 3 3
1 4 2 2 5 3 5 2 3 3 5 4 5 4 2 4 5 5 3 2 3 1 2 3 4 3 1 3 1 1 1 4 4 2 4 3 3 3 2 2 3 2 5 1 5 3 2 5 5 2 1 2 3 4 2 4 2 4 5 4 1 2 4 5 1 5 4 1 2 1 5 3 3 5 4 2 4 5 2 5 4 1 1 5 1 1 1 5 3 3 4 3 1 4 4 2 4 1 1 1 4 1 2 5 3 2 2 1 2 1 4 1 1 1 2 2 1 3 2 3 3 5 2 3 3 2 5 2 2 3 1 3 5 5 5 2 2 1 2 3 5 1 2 3 1 2 5 1 3 2 1 5 3 2 2 1 3 5 4 3 2 5 1 1 3 5 4 3 2 4 1 3 2 3 4 0 1 4 5 2 1 5 5 4 1 1 4 4 5 3 4 5 1 2 3 5 5 5 3 5 2 4 3 3 2 4 1 3 3 3 4 1 4 5 5 4 2 2 5 2 1 2 2 4 5 4 5 2 4 2 1 1 4 4 1 3 3 2 1 2 4 1 4 3 2 3 4 2 1 3
1 3 1 3 4 2 1 5 2 3 5 3 4 4 3 2 2 1 1 2 4 1 2 2 2 4 4 1 3 4 2 4 3 3 5 4 1 5 3 3 5 5 2 5 4 1 3 1 2 5 3 5 1 4 2 3 4 2 2 2 5 4 1 1 1 1 5 3 2 5 2 3 2 3 3 5 3 1 3 2 3 5 4 3 2 3 3 1 3 3 2 2 3 3 1 4 3 4 4 1 2 1 3 1 4 2 2 3 4 1 1 2 2 1 5 2 2 1 1 2 2 4 5 4 1 5 4 3 5 5 1 1 4 3 3 2 5 1 4 4 2 2 4 1 3 1 1 5 2 4 5 4 4 3 1 5 4 3 4 4 5 4 4 4 5 3 5 3 1 2 4 4 3 1 1 3 0 3 4 2 4 4 1 4 4 4 5 1 4 3 4 1 5 4 5 4 3 3 5 5 5 5 3 3 5 4 5 5 3 3 5 2 5 4 2 4 3 4 1 4 1 4 3 2 2 4 5 2 4 4 4 4 5 1 1 1 1 2 5 4 4 3 1 2 1 3 2 2 3 5
3 1 1 3 2 3 1 4 1 2 1 5 1 3 1 3 4 5 3 1 5 1 2 2 4 4 5 5 5 3 4 1 5 4 5 1 3 2 5 1 5 1 3 2 4 2 2 1 4 3 5 1 4 4 1 3 2 5 5 4 5 5 3 5 4 3 2 4 3 1 3 1 1 2 5 5 1 3 1 3 2 4 2 3 5 5 4 5 3 2 1 5 4 3 2 4 2 2 3 4 4 4 3 4 1 5 4 1 1 3 2 1 4 3 1 2 5 4 3 1 3 3 1 5 4 3 2 2 4 4 4 4 1 4 2 3 4 3 1 2 1 1 4 1 2 2 1 5 5 1 1 2 2 1 3 3 5 2 3 2 4 1 1 4 3 3 1 2 1 2 2 1 2 1 4 1 4 0 2 2 5 3 3 2 4 2 4 2 2 1 5 5 2 1 4 1 3 4 4 3 3 1 4 4 4 4 1 2 1 3 3 1 5 1 2 5 2 1 4 5 2 4 2 4 4 5 4 2 2 2 1 2 5 4 5 1 2 3 1 1 2 4 3 5 4 4 5 2 3 5
2 5 3 4 3 5 1 4 5 3 4 1 5 2 3 3 5 3 1 2 1 4 4 2 4 2 2 5 5 4 5 1 5 5 1 2 5 4 4 2 2 4 4 4 5 2 5 2 3 1 3 1 3 3 2 4 2 2 3 1 2 2 1 1 3 4 3 4 1 2 2 1 5 2 4 4 5 1 2 4 2 2 2 4 2 2 2 5 4 5 5 2 1 2 2 5 1 5 4 3 4 3 2 4 4 2 3 1 3 4 1 2 1 1 4 2 2 1 1 4 3 1 4 1 5 3 1 2 4 3 2 4 3 4 1 3 4 4 4 1 2 3 3 3 3 1 2 2 2 1 1 2 1 4 2 2 1 4 2 1 3 5 1 2 2 2 5 4 3 1 3 4 2 2 1 5 4 3 0 5 5 3 4 4 4 3 1 4 1 3 2 4 1 4 2 5 5 5 2 2 3 4 5 1 3 1 4 1 1 2 3 4 3 5 3 1 4 2 4 1 2 2 4 4 4 1 2 4 5 2 1 3 4 1 2 4 4 4 4 4 2 2 5 3 4 5 4 4 1 2
1 2 3 3 1 5 5 5 5 1 1 5 4 4 1 5 3 4 1 2 3 4 3 5 5 2 2 3 1 1 3 2 1 3 3 4 2 5 3 5 5 2 3 1 3 1 3 5 2 4 2 3 4 3 2 1 5 3 5 1 3 1 1 2 2 3 5 2 4 2 5 1 4 2 3 5 2 2 3 4 5 2 3 3 1 3 3 3 1 5 1 1 1 2 5 4 2 1 2 4 3 2 5 4 1 4 3 2 5 5 3 1 3 3 3 2 3 1 4 5 4 5 2 3 3 3 4 5 5 5 4 1 5 1 4 4 5 3 3 1 3 3 3 1 2 4 3 2 3 1 5 3 2 3 4 4 1 4 2 4 3 5 3 4 4 2 3 4 1 3 3 2 2 5 4 4 1 4 5 0 3 1 3 3 4 3 5 5 3 5 5 4 4 1 1 5 5 3 1 2 3 1 2 2 1 5 4 2 4 2 2 3 3 5 1 4 5 2 2 1 2 2 1 4 4 5 5 3 5 1 5 3 4 2 1 3 2 4 5 2 2 3 1 5 2 5 3 4 4 5
4 4 1 3 3 2 5 2 1 5 4 1 1 5 1 2 3 5 3 5 4 4 1 4 1 1 3 1 3 2 5 3 5 2 4 1 1 1 2 3 1 3 5 5 2 4 5 3 1 2 2 5 5 1 3 1 5 5 4 4 2 4 2 4 5 4 1 2 5 4 3 2 3 5 5 2 2 3 2 3 4 2 2 4 3 1 4 5 1 5 2 1 4 5 5 2 3 4 5 2 1 1 2 1 5 4 5 2 3 2 4 1 2 1 3 3 2 3 3 4 5 5 2 3 4 2 2 5 4 4 2 4 5 5 1 5 3 3 2 2 1 4 4 2 3 3 3 5 2 2 5 4 5 2 3 4 3 2 2 4 3 5 1 5 4 4 4 5 2 5 1 4 1 5 4 3 3 5 1 5 0 5 1 1 4 1 2 3 3 5 2 4 4 3 4 3 3 1 2 4 5 5 1 3 1 3 4 4 3 2 5 4 2 5 4 1 3 2 5 3 3 3 3 3 3 4 3 5 3 2 2 1 5 4 1 5 2 5 5 5 2 5 5 1 2 1 2 4 1 4
5 2 1 5 4 2 2 4 4 4 5 1 2 5 3 4 3 3 5 2 1 5 3 2 1 1 2 1 3 3 3 4 4 5 5 2 5 3 4 4 5 5 1 4 2 3 2 1 4 4 2 5 1 3 1 4 1 3 4 5 2 1 4 5 4 2 4 5 2 4 3 4 5 3 1 1 1 1 2 5 4 4 5 3 2 3 3 3 3 3 2 2 3 4 5 3 2 3 5 3 1 4 4 2 1 3 5 3 5 2 4 3 4 2 5 1 4 5 1 2 1 2 2 2 5 1 3 5 4 2 3 5 2 1 5 2 1 3 1 3 3 4 2 5 4 2 2 5 4 4 1 3 2 2 1 4 2 4 2 3 3 3 1 5 1 1 1 5 3 3 5 5 3 3 3 4 1 2 1 5 3 0 4 3 5 2 3 4 4 3 4 2 3 1 3 5 3 2 3 5 5 5 3 5 1 4 1 4 1 4 3 1 4 4 2 1 2 4 2 3 3 1 4 3 1 4 2 4 3 5 5 5 5 2 5 5 4 2 5 3 4 4 3 2 3 2 2 1 3 4
1 5 4 3 4 4 4 5 2 1 1 3 4 4 2 5 3 2 1 5 1 5 2 2 3 2 2 2 3 3 2 1 1 4 3 4 4 2 5 4 4 5 4 2 1 1 3 3 2 3 5 2 3 2 2 3 3 2 3 3 4 5 1 2 3 1 5 2 2 2 2 2 4 1 2 3 3 3 2 5 2 5 1 1 1 4 5 3 4 3 5 2 1 1 3 5 3 5 3 1 3 1 3 5 5 4 4 2 4 3 4 3 1 4 4 2 3 2 2 2 4 1 5 2 2 1 5 3 4 4 1 1 1 1 5 2 1 4 4 3 3 3 4 4 4 1 5 4 2 4 2 5 1 4 2 3 1 5 1 2 4 4 4 5 5 4 3 3 4 3 5 1 3 2 3 2 1 5 1 5 1 3 0 3 2 2 3 2 2 2 3 4 2 2 3 5 3 5 4 1 2 2 1 1 2 1 4 1 2 4 2 5 5 5 5 5 1 1 1 3 2 5 4 2 4 2 3 2 1 2 1 3 4 4 5 2 1 1 1 2 4 5 4 4 3 3 3 2 3 1
5 2 1 2 1 4 5 5 5 4 1 4 2 2 5 5 3 3 3 4 4 4 2 2 4 2 5 3 5 2 2 1 5 4 1 1 2 1 2 3 3 4 1 2 2 1 1 2 4 2 2 2 4 1 4 3 2 4 2 1 2 1 2 1 3 2 5 5 5 1 2 4 4 1 4 5 5 3 4 3 2 1 3 2 2 4 2 2 5 2 4 1 3 4 4 2 4 5 3 4 1 3 2 4 1 2 5 5 3 4 4 2 1 4 3 1 2 3 4 3 5 5 3 1 3 5 3 2 4 4 2 1 2 2 3 2 5 2 1 1 5 2 2 1 1 5 5 2 4 2 3 1 2 1 1 2 2 4 4 3 1 2 4 1 4 1 1 2 1 2 5 5 2 1 3 1 4 3 2 4 1 2 3 0 5 4 3 2 2 2 5 2 2 4 4 4 4 4 3 4 5 4 1 5 4 5 4 3 5 1 5 2 1 4 2 5 1 2 2 1 5 5 3 1 4 5 2 2 4 4 5 5 4 4 2 5 2 5 2 1 2 3 3 2 3 2 5 2 2 3
4 3 4 2 4 1 4 4 5 3 1 5 2 4 5 3 3 2 5 2 1 4 3 2 5 3 4 3 4 3 4 3 3 2 1 4 4 3 3 3 4 3 5 2 2 1 3 1 4 4 4 3 1 2 4 4 1 2 5 3 5 5 2 5 5 3 1 1 1 5 2 2 1 5 3 3 5 1 2 4 4 3 4 1 2 4 3 1 5 5 4 4 3 5 3 5 1 3 4 4 1 1 4 4 3 1 4 4 4 1 3 1 5 4 3 5 1 4 4 2 3 4 1 3 1 3 4 1 4 5 5 1 3 5 3 3 4 3 3 1 1 5 3 4 3 1 2 1 1 4 5 4 5 4 4 5 2 1 2 5 3 4 1 3 3 1 3 2 1 1 4 5 3 3 2 3 4 5 1 4 5 4 3 3 0 4 3 3 1 4 3 1 5 2 5 2 4 3 1 4 1 2 4 1 3 2 4 1 1 2 2 2 4 5 1 1 4 3 1 3 4 1 4 5 2 5 4 1 4 4 1 1 4 2 4 2 4 3 3 3 2 5 3 5 1 1 3 2 4 1
4 5 5 5 3 5 5 5 5 4 4 2 5 4 5 1 4 4 3 1 5 1 3 4 4 3 5 1 2 3 4 1 5 2 3 3 1 4 3 2 4 2 5 2 5 2 5 5 1 4 5 1 3 3 2 2 4 1 4 1 3 5 2 1 3 1 2 2 1 1 5 4 4 5 1 4 4 4 1 5 2 4 1 4 5 2 4 2 1 4 5 3 2 5 3 3 2 4 3 5 4 5 4 5 2 5 2 3 4 3 2 2 4 4 4 4 3 5 1 2 1 5 4 4 4 5 5 5 3 4 5 1 3 3 3 5 2 2 1 2 2 3 4 1 1 4 2 4 3 4 5 3 2 3 1 5 3 5 1 1 3 5 1 4 5 3 1 5 2 1 4 5 2 1 4 2 1 1 4 2 5 3 5 4 4 0 4 2 3 3 2 4 3 4 5 2 5 1 3 4 4 4 3 5 5 4 1 1 1 2 1 1 4 5 5 1 4 2 5 3 2 3 1 1 3 3 1 1 4 4 4 5 1 4 1 5 4 1 5 2 4 5 5 1 1 1 4 3 2 2
3 3 2 2 3 1 3 1 3 5 5 3 3 2 1 5 1 1 4 5 5 2 1 4 4 2 4 1 4 1 1 3 1 2 2 2 1 3 4 4 2 2 3 5 3 3 2 3 5 4 3 2 1 4 5 4 2 1 2 5 3 1 2 1 1 3 3 4 1 4 5 1 3 1 4 3 2 5 2 3 5 1 3 3 1 3 2 2 3 5 4 3 3 1 3 4 5 3 4 1 3 4 1 5 2 5 3 2 2 4 1 1 2 4 1 5 5 2 4 3 3 5 2 2 1 3 4 3 5 3 1 4 2 1 3 5 2 5 2 2 2 4 5 4 3 4 5 4 1 1 4 2 4 3 2 4 2 3 1 1 4 1 1 5 5 4 3 3 2 2 1 3 4 5 4 2 3 1 1 1 2 3 4 3 4 1 0 2 5 3 3 2 5 2 5 3 3 1 4 4 5 1 4 5 3 4 3 2 1 1 2 1 1 2 3 3 3 3 3 2 5 1 2 4 3 4 1 1 4 1 4 2 1 2 3 2 3 1 2 4 4 4 5 5 4 4 2 1 4 2
2 4 1 5 2 2 3 3 3 4 2 1 2 2 1 3 3 2 4 5 5 1 1 5 4 3 5 5 2 1 3 3 4 2 2 1 1 1 2 4 1 3 4 5 4 4 5 4 4 2 4 3 1 1 5 4 3 1 5 2 4 1 1 4 2 2 3 1 2 4 1 3 2 2 5 5 5 4 4 2 5 4 5 1 4 4 3 3 3 2 1 3 3 4 5 2 1 3 4 3 2 3 2 3 1 1 5 1 2 1 3 2 2 1 3 5 3 2 3 2 3 4 1 1 2 2 3 5 2 5 1 2 4 2 4 5 1 5 3 1 4 4 4 3 3 1 3 4 3 2 3 5 3 4 1 1 1 5 3 3 3 2 4 5 2 3 5 5 1 4 4 5 1 2 4 1 4 2 3 3 1 3 1 4 5 4 1 0 1 1 2 2 2 2 3 3 4 3 4 3 3 1 3 5 1 1 5 5 2 2 1 4 3 1 4 3 4 1 5 5 4 2 5 3 3 4 1 1 1 3 1 5 1 2 3 5 4 4 1 3 3 1 2 1 1 4 5 2 5 4
4 4 4 1 3 4 4 1 5 2 3 2 2 3 3 2 3 3 5 1 5 5 5 1 1 1 5 2 3 2 4 3 4 5 2 5 2 5 4 5 3 3 1 2 3 2 3 4 2 2 3 5 5 4 3 4 4 2 1 2 1 1 2 5 5 3 5 2 2 5 2 1 1 4 4 4 2 1 2 5 5 2 1 4 2 4 5 1 5 2 4 1 3 1 3 4 4 2 5 1 3 5 5 3 3 1 3 2 1 1 3 3 2 1 4 2 5 4 3 2 3 2 2 3 3 3 3 2 1 5 1 4 2 4 4 1 1 5 4 1 3 4 1 5 5 5 5 5 1 5 2 2 2 3 3 4 4 5 4 1 4 2 2 3 3 3 4 5 1 4 3 3 2 4 4 5 5 5 4 4 5 3 5 2 1 3 3 5 0 3 2 3 3 1 3 5 2 3 5 2 4 4 3 3 4 5 3 4 4 3 3 4 3 2 3 3 4 3 3 4 3 1 1 3 4 2 4 3 4 1 1 3 4 1 5 5 1 4 5 5 3 2 2 3 2 1 4 2 1 1
4 2 3 5 2 2 4 5 5 5 4 2 3 1 4 4 5 3 1 2 3 3 1 4 1 1 1 2 1 4 1 3 1 3 5 3 2 5 5 1 4 4 2 1 1 2 3 1 3 4 3 5 1 3 2 1 4 4 5 4 5 5 3 4 1 4 5 1 2 1 4 2 1 4 2 5 4 3 4 4 5 2 4 3 4 5 2 3 5 3 5 1 3 1 3 4 4 5 5 1 1 5 4 5 4 3 1 1 5 4 2 1 1 5 5 1 4 3 3 3 5 2 4 5 4 5 1 3 2 4 1 1 1 4 5 2 1 5 4 2 4 5 5 3 2 4 4 5 1 3 2 4 2 4 1 1 2 1 1 4 5 4 3 3 1 2 5 1 4 3 1 3 2 3 2 1 2 3 5 5 4 4 2 5 5 4 2 1 5 0 4 1 5 1 2 3 2 3 3 5 2 4 3 3 5 3 1 1 5 1 1 3 3 3 2 4 4 1 5 4 5 4 4 1 1 5 5 2 1 5 1 3 3 4 5 4 2 3 4 4 2 2 1 5 2 1 5 4 3 2
1 4 1 5 3 3 2 3 3 2 2 3 3 3 2 1 5 4 3 4 4 1 5 4 3 1 2 4 5 3 2 5 5 4 4 2 3 4 5 1 3 1 2 1 3 1 4 3 1 4 2 4 3 1 5 3 5 5 2 4 5 5 1 3 3 3 4 1 5 3 2 4 2 1 5 2 5 5 4 2 1 2 2 3 2 4 3 3 1 3 2 1 1 4 2 1 2 2 1 5 4 1 5 5 4 2 4 4 3 4 3 3 4 2 1 5 3 4 4 2 4 5 4 2 1 5 1 1 3 1 2 1 3 5 2 3 3 5 2 4 1 4 1 2 3 2 1 4 4 3 4 1 2 2 4 3 3 5 4 3 3 5 5 3 3 2 3 2 2 3 5 5 3 3 1 2 3 4 1 2 3 5 4 2 2 1 5 5 4 1 0 3 1 3 2 4 1 2 5 4 5 4 2 1 5 5 4 1 3 2 1 5 2 1 5 3 1 1 2 1 3 1 5 5 5 3 5 1 1 5 4 5 3 3 5 1 3 2 5 4 5 1 1 4 2 5 5 4 3 5
2 1 5 5 3 3 3 4 1 5 5 1 4 1 5 4 5 1 3 2 4 5 2 2 5 4 1 3 5 1 5 5 5 1 5 4 3 1 5 2 5 2 1 3 4 3 3 3 1 5 5 5 2 3 1 2 3 2 2 5 2 4 4 2 3 2 5 3 3 4 2 4 5 3 1 2 2 1 2 2 2 2 4 4 2 2 2 2 2 4 1 3 4 5 3 5 3 5 5 1 3 4 3 1 2 1 2 1 1 1 1 4 1 5 1 5 5 3 4 3 1 2 5 3 2 5 5 1 5 2 2 4 3 2 2 3 1 1 3 1 2 5 2 5 4 2 4 3 2 2 2 1 4 2 1 4 2 5 2 5 2 5 1 2 4 1 5 1 2 1 3 4 3 3 2 1 2 4 3 2 4 2 3 3 3 4 4 2 5 2 1 0 4 1 3 1 2 2 2 3 5 4 2 3 1 2 4 1 5 3 3 4 1 5 4 2 5 2 4 4 4 5 5 5 3 4 4 2 5 3 3 3 5 2 1 4 4 4 1 3 3 4 5 2 1 2 4 4 5 3
5 3 1 2 2 2 5 4 2 3 3 5 4 5 2 3 4 1 4 1 4 1 4 2 5 1 5 1 5 1 5 5 2 3 5 5 4 5 1 1 4 5 3 3 3 1 3 1 1 4 4 3 5 1 2 3 4 3 4 3 5 2 4 5 3 3 4 3 5 4 1 4 1 3 3 3 1 1 4 4 5 4 5 3 1 1 3 3 3 3 2 4 4 4 5 1 3 4 4 5 1 5 2 2 5 4 2 1 4 1 4 5 3 5 1 1 4 4 1 3 1 2 3 5 5 2 5 2 2 2 1 5 2 4 4 4 3 3 1 4 5 1 5 1 5 3 1 2 3 5 3 3 4 1 4 1 5 4 1 2 3 1 3 1 1 4 5 3 4 5 1 3 1 4 3 3 5 2 3 2 4 3 4 2 1 4 3 4 4 3 2 1 0 2 3 1 3 2 3 4 3 2 2 5 5 3 3 1 3 3 2 5 1 1 3 5 4 5 2 2 1 4 2 2 1 5 1 2 4 5 4 5 3 1 1 2 2 4 1 1 2 4 4 1 1 5 3 1 4 1
3 3 4 5 2 4 3 2 2 3 5 4 5 1 5 4 4 2 5 3 4 1 5 4 2 2 4 3 1 1 5 4 3 4 3 2 1 2 3 1 2 1 4 4 3 3 4 1 4 5 5 3 2 1 4 2 1 3 1 3 1 1 4 3 1 2 4 1 1 4 1 2 1 1 1 4 1 3 4 4 5 1 5 1 2 3 5 2 1 1 5 5 3 2 3 3 3 3 3 3 1 5 2 4 5 3 2 5 5 5 1 5 4 4 5 3 5 2 1 4 4 4 1 2 2 1 2 3 3 4 1 1 3 5 3 1 2 4 1 1 3 2 3 3 4 4 5 3 2 5 5 5 1 1 3 3 2 5 3 4 4 5 5 4 3 2 2 3 2 3 3 4 3 2 1 5 2 2 5 2 5 1 3 3 3 2 3 4 4 3 5 2 1 0 3 2 2 5 5 4 5 4 5 3 2 5 5 5 1 4 5 5 4 1 2 4 5 3 2 2 2 5 5 2 1 2 1 3 5 5 2 5 3 5 1 3 3 1 4 3 2 4 5 2 3 1 5 1 4 2
2 3 3 1 4 2 2 5 5 3 4 1 5 1 5 3 2 1 2 1 3 5 3 2 3 2 1 4 4 3 4 3 3 4 2 2 3 3 1 4 1 1 2 3 2 2 2 4 2 4 4 4 4 4 3 2 4 4 3 3 4 5 2 4 3 2 1 3 3 4 1 1 4 5 5 3 4 2 1 1 5 3 2 4 4 2 3 2 2 4 1 3 3 1 1 3 4 4 3 4 2 4 1 4 5 2 5 3 4 2 4 1 4 4 1 2 2 4 4 3 2 1 1 5 1 4 2 1 1 4 5 2 4 4 3 4 4 2 2 1 5 3 4 5 5 3 2 3 4 1 5 4 5 3 2 5 4 2 1 1 4 5 2 4 3 2 2 3 1 3 2 5 3 4 1 3 4 5 1 5 5 5 1 2 4 3 4 3 4 4 2 3 3 1 0 5 2 2 3 5 5 3 4 4 5 4 1 5 3 1 3 4 3 3 2 1 3 4 3 1 2 1 2 3 3 4 1 4 5 1 3 3 4 4 1 5 2 1 5 1 2 5 5 1 2 4 1 1 4 4
5 1 1 1 2 3 4 1 3 3 3 4 1 1 3 1 2 3 4 4 5 2 2 1 1 2 3 3 1 3 3 4 5 5 2 5 1 4 5 2 1 1 2 5 1 4 4 1 2 4 5 5 2 3 1 4 5 5 1 4 4 1 4 5 2 4 3 5 2 1 4 4 3 3 1 2 1 4 3 1 3 3 3 3 3 1 2 4 1 3 3 1 5 1 3 5 2 1 4 3 1 4 1 2 4 3 3 3 2 3 4 1 1 4 4 1 2 5 1 3 5 1 3 1 4 4 1 1 5 5 1 5 4 3 5 5 1 1 4 4 5 3 1 5 3 5 3 1 2 3 4 2 3 2 4 2 2 5 1 1 5 1 4 2 3 1 5 1 4 3 5 3 4 1 2 2 3 2 4 5 4 3 3 2 5 2 3 5 4 1 4 4 4 2 3 0 1 1 2 2 2 2 2 5 4 3 1 1 1 4 5 2 3 3 3 3 5 2 4 2 4 5 2 2 4 4 1 1 1 1 4 1 2 1 5 1 4 4 3 3 1 4 3 2 2 2 2 4 3 5
3 1 4 4 4 3 4 4 2 4 2 2 3 1 4 3 4 3 3 5 1 3 1 1 5 3 3 5 1 2 5 3 3 5 4 1 2 1 3 4 1 3 3 5 2 3 5 2 1 5 3 3 5 2 5 1 4 3 5 2 4 1 4 3 1 2 1 3 5 3 3 5 1 1 5 1 1 4 4 1 5 4 1 2 5 2 1 3 2 3 2 1 4 1 4 2 5 5 1 4 1 4 2 3 3 3 4 4 3 3 4 5 3 4 3 3 3 2 4 1 5 5 3 3 4 2 3 3 3 2 5 4 1 2 3 1 1 1 3 3 2 4 3 3 1 2 4 3 1 5 5 4 2 2 2 4 4 2 5 1 1 2 4 1 5 5 2 5 1 3 2 5 3 5 1 5 1 4 2 5 2 3 4 4 1 3 1 1 5 2 1 2 4 2 2 3 0 4 3 1 3 4 2 1 3 2 4 5 2 4 5 3 5 2 5 1 5 5 5 2 4 4 5 2 4 5 3 1 5 2 1 4 1 4 2 4 2 4 2 4 4 1 5 1 1 5 5 1 5 2
1 4 4 4 5 1 5 4 5 5 4 1 1 3 1 4 2 3 1 2 2 3 2 1 1 5 2 4 1 4 1 1 3 2 2 1 3 3 4 4 1 3 5 4 2 2 4 5 4 2 4 1 1 1 3 4 2 1 2 3 1 5 2 3 1 3 5 3 5 4 1 5 5 2 5 5 1 1 3 1 3 2 2 3 3 4 4 2 4 5 5 5 3 2 3 3 5 2 3 3 3 4 2 4 1 1 2 2 2 1 3 3 1 5 4 4 1 5 2 1 3 3 1 2 3 4 1 2 2 2 5 1 5 1 1 4 5 4 1 2 2 5 3 2 2 3 4 1 3 5 4 4 5 3 1 2 5 3 2 3 3 3 4 3 2 1 3 3 2 4 2 4 2 2 2 4 5 1 5 4 4 4 3 4 2 2 2 4 2 1 1 4 3 1 1 5 2 0 4 5 4 3 5 1 5 4 2 2 2 4 2 1 3 4 5 3 2 2 5 5 1 3 5 2 5 4 3 4 4 2 1 5 3 2 3 3 3 4 2 1 3 1 5 5 2 2 4 3 1 3
1 4 4 5 2 1 5 1 4 2 4 2 3 3 3 1 5 1 3 3 4 2 1 1 2 1 4 5 1 2 2 3 2 3 2 3 5 5 4 4 2 3 1 1 2 3 4 1 5 1 5 1 4 3 2 1 2 5 3 1 3 3 3 5 5 5 5 2 2 2 4 1 5 2 5 4 4 2 5 2 3 4 4 5 2 4 4 5 1 1 2 5 5 3 4 2 4 2 1 4 2 5 5 1 2 2 4 4 4 4 2 2 3 4 5 4 1 4 1 3 2 4 3 2 5 1 2 4 5 1 4 1 3 3 5 5 1 2 4 1 2 3 5 5 3 5 5 3 2 2 3 5 4 4 3 5 5 3 1 3 5 1 3 2 1 3 2 5 2 1 2 2 1 3 4 4 1 3 2 3 4 5 3 3 5 3 2 5 4 3 3 3 2 1 2 3 3 5 0 4 2 4 3 5 1 4 2 5 5 4 4 3 5 4 2 3 2 2 4 1 1 4 4 2 2 5 5 1 4 3 2 3 5 5 5 3 2 1 1 1 1 2 2 2 1 5 5 3 1 2
1 4 2 1 3 4 4 4 1 5 1 1 5 2 5 1 1 3 2 2 3 2 1 1 4 4 3 1 4 2 5 2 4 4 4 2 2 1 5 5 3 3 5 4 3 1 3 5 3 1 4 5 1 1 3 3 4 1 1 1 5 1 1 1 5 3 1 2 4 2 1 4 4 4 5 1 5 1 5 2 1 4 5 4 5 1 1 4 3 3 1 4 2 4 4 2 2 3 1 2 1 1 1 2 5 5 2 5 3 3 1 1 3 2 1 4 5 4 4 5 1 4 2 5 2 5 5 1 5 5 2 5 2 2 1 3 3 1 3 1 3 1 3 4 5 3 5 3 3 5 3 3 3 2 1 4 1 1 2 3 3 1 1 1 3 5 4 4 2 5 2 2 3 1 3 3 2 1 1 1 2 4 2 2 2 4 1 2 5 3 4 5 1 2 3 2 1 1 1 0 4 2 5 3 4 2 2 1 3 3 5 5 2 3 2 2 3 3 1 2 5 5 4 4 4 1 4 5 3 2 5 1 1 1 2 1 3 4 3 5 2 5 4 4 3 2 2 3 4 2
2 4 5 5 4 5 5 5 4 5 1 5 3 2 2 2 5 1 1 5 4 2 5 5 4 4 1 3 1 1 3 3 3 5 5 5 1 2 5 4 3 3 2 5 3 3 1 4 1 1 1 4 2 3 4 3 5 5 3 5 5 2 3 1 2 4 1 5 2 1 1 4 4 3 2 3 4 4 1 4 5 4 4 2 1 5 3 1 2 4 4 3 4 3 3 1 3 1 3 2 2 1 4 1 1 4 3 4 5 4 3 2 2 2 2 1 3 3 2 4 4 1 2 1 3 2 2 1 2 4 2 2 4 1 4 4 1 3 3 4 1 2 4 2 5 2 5 2 2 5 5 2 2 1 4 3 2 2 5 3 5 1 3 1 3 1 5 2 3 4 4 2 3 2 3 1 3 1 2 3 1 5 1 1 5 3 5 2 4 5 2 1 2 1 4 3 5 2 5 3 0 3 3 3 5 2 1 2 3 4 5 5 3 1 3 1 5 2 4 5 3 4 4 1 4 2 2 2 1 1 5 2 1 3 5 5 1 5 2 2 2 4 4 5 4 4 2 4 5 2
1 1 5 4 5 2 2 1 1 5 1 1 2 4 1 2 1 2 2 3 3 2 4 5 5 2 5 2 2 1 5 5 4 1 3 3 3 2 1 3 5 3 1 4 2 2 2 2 4 1 4 3 4 1 2 2 3 2 4 1 4 5 4 4 5 1 1 1 5 5 3 3 2 3 4 4 5 4 4 4 1 1 3 2 3 1 4 2 1 3 4 3 4 2 4 2 4 5 5 4 3 5 5 1 4 5 1 4 2 5 2 1 1 1 3 2 5 4 4 4 2 3 1 4 4 4 5 3 2 5 4 5 4 5 1 5 2 1 1 3 1 5 4 3 1 1 4 3 1 5 2 2 2 3 2 3 3 4 2 4 4 2 5 1 2 2 2 5 1 4 4 5 2 3 2 4 2 4 2 2 3 5 5 5 2 3 4 5 3 3 5 5 1 3 1 4 2 2 1 1 5 0 1 3 1 2 4 3 1 1 4 2 2 5 1 2 2 3 1 1 4 3 5 5 5 2 2 1 2 3 1 4 2 3 2 5 1 4 5 4 1 1 3 3 2 3 4 2 1 1
4 2 1 3 5 1 1 1 3 5 2 3 4 4 2 5 5 3 3 3 2 3 3 3 5 3 4 2 3 2 4 3 3 4 3 5 3 4 5 1 1 5 4 2 3 1 3 4 4 1 2 3 5 3 4 1 4 5 1 5 4 2 2 2 4 3 5 4 4 1 4 4 2 5 4 5 4 2 2 4 5 4 1 3 5 5 4 2 5 1 3 2 2 4 4 4 2 4 5 1 4 5 2 1 3 5 2 3 3 5 4 1 3 2 1 4 4 3 3 2 1 3 4 2 3 2 3 1 3 4 4 3 5 4 2 5 4 2 1 2 1 3 4 2 2 5 5 1 2 2 1 1 1 3 2 3 4 3 4 4 5 5 2 5 2 5 1 2 1 2 5 1 2 2 1 1 3 1 3 5 4 4 5 4 4 1 4 2 1 1 1 5 4 1 4 4 1 3 1 4 5 3 0 2 2 5 3 3 5 4 3 5 4 1 1 1 5 4 3 1 2 4 5 1 4 5 3 1 3 2 2 3 4 3 1 4 1 3 4 2 1 4 2 5 3 3 4 3 4 2
2 5 5 4 2 1 3 5 1 5 5 1 5 3 1 3 4 2 5 1 4 1 3 2 1 3 4 1 4 2 5 4 5 5 4 2 5 1 5 1 5 4 5 5 2 1 1 5 2 2 5 2 4 3 3 2 3 5 2 5 1 1 4 2 1 3 4 5 1 5 5 2 3 3 5 1 4 4 5 1 1 4 2 3 3 1 4 5 5 1 5 2 3 3 2 4 3 5 3 5 2 3 1 2 5 4 5 3 3 5 4 4 4 2 5 4 3 4 1 4 1 4 2 3 2 3 1 4 1 5 2 3 5 4 5 3 1 3 3 2 1 4 4 3 3 1 2 4 2 4 1 1 3 3 2 3 1 2 5 3 1 3 2 3 4 4 1 4 3 4 2 1 2 2 2 5 4 1 5 3 4 2 1 5 1 2 3 5 2 1 1 2 1 2 5 3 5 5 4 3 5 4 5 0 1 5 4 5 5 2 5 2 2 5 2 5 5 5 3 2 3 3 5 1 1 2 5 5 4 2 5 1 1 5 4 2 1 3 4 3 2 1 4 4 2 3 3 1 2 2
4 3 2 3 1 4 5 2 5 2 1 2 1 5 2 3 4 4 5 1 2 4 3 3 4 2 1 1 3 4 4 4 3 4 2 2 3 4 4 4 4 2 5 4 5 4 2 3 2 1 2 2 2 3 2 2 1 4 4 2 4 5 2 3 3 3 2 3 3 5 2 2 1 3 2 2 3 2 2 2 2 3 1 1 2 4 1 2 5 1 1 5 2 5 5 5 3 1 1 2 2 4 5 1 2 4 1 1 4 5 2 2 4 1 5 5 5 2 4 3 4 5 2 4 1 4 2 2 2 1 1 3 5 3 4 3 5 3 2 4 4 3 5 4 3 3 3 3 2 4 4 2 3 2 4 5 5 5 2 3 2 4 5 4 5 1 4 5 3 2 2 5 2 1 2 4 4 3 2 4 5 1 5 4 5 4 1 3 3 4 1 1 3 1 4 4 2 2 5 1 4 3 5 2 0 5 2 3 3 4 5 5 4 5 2 1 3 4 1 1 1 5 5 2 3 1 5 4 4 1 2 3 1 2 1 1 3 3 5 2 2 5 5 1 1 1 4 3 3 1
5 4 2 3 3 1 2 2 5 4 3 1 1 5 1 1 4 1 2 1 5 3 5 1 2 5 4 2 4 1 2 1 2 4 1 1 5 5 2 3 5 4 4 4 1 3 1 5 3 3 1 5 2 1 1 1 5 4 1 1 5 4 1 4 4 2 3 3 4 5 1 2 2 4 1 4 4 1 4 4 5 5 1 1 5 4 3 3 3 3 5 4 2 1 1 1 2 1 5 1 4 3 1 1 5 1 3 1 1 5 4 1 2 4 4 5 5 1 1 4 1 3 2 1 2 4 3 2 1 4 2 5 4 2 2 5 3 3 2 2 3 2 4 4 1 1 3 3 3 3 2 5 5 2 2 1 1 5 1 4 3 2 4 3 2 5 3 2 2 2 5 2 4 1 3 2 4 3 1 2 5 4 3 3 2 3 3 4 4 5 1 1 3 2 2 1 4 4 3 3 1 3 2 2 3 0 3 1 3 3 5 1 1 2 3 4 2 2 4 2 4 1 2 5 3 2 1 5 5 5 1 2 3 1 2 4 2 5 5 4 4 5 1 4 4 5 2 2 5 5
1 5 5 4 3 4 2 5 2 2 5 2 5 1 3 4 3 1 2 1 5 3 1 1 3 4 5 3 2 4 3 3 2 4 3 4 5 4 3 4 4 2 4 1 4 1 3 5 5 4 4 5 1 2 1 3 4 2 2 5 4 5 4 1 4 3 1 2 3 1 3 5 1 5 5 5 4 5 2 3 1 3 4 3 1 3 5 1 3 1 1 1 5 3 4 5 4 5 2 3 4 5 1 2 5 2 3 4 2 4 4 4 2 3 2 2 3 4 3 5 2 3 1 3 5 2 1 3 5 1 2 4 2 4 5 4 4 3 4 3 2 4 3 2 1 4 5 5 5 2 1 1 5 3 2 2 4 2 1 1 5 2 4 4 1 3 2 1 3 2 3 5 1 4 2 2 5 5 5 5 5 4 3 3 5 1 1 2 5 4 1 2 4 4 1 3 5 4 3 3 5 3 4 4 2 1 0 2 3 4 5 1 1 1 2 3 5 5 5 5 3 2 1 1 3 2 2 5 5 4 1 2 5 2 1 4 3 3 1 3 3 3 5 4 4 2 2 4 2 3
3 5 5 3 1 3 4 5 1 5 5 2 1 4 2 3 3 2 1 1 4 2 2 2 5 3 4 5 3 4 3 5 4 3 1 5 4 1 5 4 5 5 4 5 1 3 3 2 4 1 2 1 3 3 5 2 3 2 2 2 5 4 4 2 2 3 4 1 3 5 1 3 2 4 4 5 2 4 2 3 1 4 1 4 1 4 3 5 3 4 4 3 4 2 4 1 4 5 3 4 3 4 1 4 4 3 4 2 1 2 3 5 2 2 4 4 2 2 2 1 1 5 3 5 1 3 3 5 5 1 1 5 5 2 2 1 3 3 3 4 4 1 2 2 3 5 1 4 5 3 1 1 3 1 2 3 4 3 1 5 2 5 2 4 1 2 2 4 3 4 1 5 4 2 1 5 3 5 1 4 2 2 1 4 4 1 4 3 3 4 1 4 2 4 4 4 5 2 1 2 5 2 4 1 5 3 5 0 3 1 2 1 5 1 1 5 3 4 3 4 1 5 4 3 1 1 4 1 2 4 5 3 2 4 3 4 1 5 5 1 1 1 1 3 2 1 4 4 4 5
3 5 2 2 5 5 4 4 4 1 4 1 2 3 2 3 1 2 3 1 4 4 4 1 4 1 3 2 4 2 4 3 4 2 3 5 3 2 5 5 2 3 4 2 5 1 4 5 3 5 5 4 3 2 1 4 4 4 2 5 2 2 3 2 5 2 4 4 4 4 4 2 1 5 1 1 5 1 4 5 3 5 1 2 3 2 2 2 2 3 4 4 1 1 1 3 2 2 4 3 1 4 2 1 5 3 5 5 3 1 1 2 4 4 1 3 3 3 4 4 2 3 5 2 5 5 4 4 1 3 1 2 4 2 5 2 3 4 4 1 1 4 4 1 4 5 5 1 5 3 1 2 5 1 1 1 3 3 1 3 1 5 1 3 1 1 5 1 4 1 3 3 3 4 3 5 2 5 5 5 5 4 4 5 3 3 4 5 2 2 2 1 1 4 4 3 1 3 2 4 1 5 5 1 1 3 2 5 0 2 3 5 1 5 4 4 5 3 3 4 1 4 3 2 2 3 2 1 5 5 4 1 3 3 4 1 4 2 3 4 2 1 2 3 1 1 3 3 5 4
1 1 2 1 3 1 2 4 3 1 4 5 1 3 2 2 2 3 2 4 1 4 2 5 3 4 5 2 4 3 5 2 2 1 1 1 4 4 3 1 5 1 4 5 1 4 5 2 3 5 1 2 3 4 5 1 4 5 5 3 5 5 2 3 3 2 1 2 4 4 3 3 1 1 1 5 1 3 3 3 1 4 1 1 4 1 3 5 1 3 3 1 4 3 1 4 2 4 2 4 3 5 4 4 3 2 5 5 2 2 4 2 4 3 4 5 2 4 1 2 5 2 3 2 2 5 3 2 2 1 4 2 3 3 2 4 5 1 1 2 2 1 3 5 3 1 2 3 3 1 4 5 3 3 4 3 1 1 2 1 2 3 1 5 5 5 5 4 3 3 2 2 4 5 1 3 1 5 4 5 3 4 4 1 1 2 3 4 1 1 1 3 1 4 5 5 3 1 3 3 3 5 4 1 5 4 4 4 2 0 5 2 5 2 4 1 2 2 4 3 3 1 1 4 4 3 5 5 5 1 3 5 2 5 3 2 4 4 3 2 2 2 2 5 2 1 2 4 5 3
5 2 3 1 3 1 1 2 3 2 2 3 1 1 3 3 1 4 5 2 4 2 4 3 1 1 1 3 2 2 4 5 1 4 2 3 1 4 1 1 5 5 2 5 1 4 3 3 2 2 3 3 2 3 3 3 1 3 4 2 2 4 3 3 2 2 3 1 5 1 2 1 3 3 2 1 4 1 2 5 3 4 5 2 1 3 1 2 2 1 4 3 1 2 1 4 3 5 2 4 4 4 5 3 3 3 4 1 5 5 2 4 5 1 5 3 1 1 2 2 2 4 2 5 5 4 2 4 5 2 1 1 1 1 3 2 2 5 4 1 3 3 4 5 5 4 4 3 1 2 5 1 3 4 3 3 1 1 5 5 3 1 1 1 4 4 4 1 4 2 3 5 2 4 2 5 1 3 3 2 4 3 2 2 5 2 1 2 5 4 3 1 2 2 2 3 3 2 2 5 2 3 2 1 5 5 1 1 4 4 0 4 1 1 2 3 3 1 3 2 1 4 4 1 5 4 4 4 4 4 2 2 4 3 4 3 3 1 4 2 5 1 4 4 4 4 1 4 2 5
4 5 2 1 3 4 5 3 5 3 5 2 4 4 3 5 3 1 5 4 1 2 1 1 5 4 2 5 3 2 4 5 1 3 2 4 2 5 4 3 1 1 5 5 1 2 4 2 2 1 2 3 3 4 4 1 3 3 1 4 4 2 3 4 2 1 5 1 2 2 1 2 4 5 3 3 4 1 5 5 5 5 3 3 4 2 4 1 5 3 3 4 5 4 4 1 4 5 2 4 4 5 2 3 3 3 2 3 5 3 4 1 3 1 2 5 5 1 2 1 1 5 5 3 3 2 3 2 4 5 1 3 2 1 5 1 5 3 4 2 1 5 4 2 4 5 4 3 3 2 3 2 3 2 3 5 4 3 2 1 3 1 4 2 3 3 1 2 1 2 1 5 2 3 1 5 2 4 4 4 3 3 1 4 3 1 3 4 2 3 3 1 3 3 2 3 2 3 4 5 3 1 2 4 3 4 1 5 4 3 5 0 4 4 2 4 1 4 5 4 3 5 5 1 4 3 2 2 1 2 3 2 1 4 1 3 4 4 3 4 3 1 3 3 4 3 2 3 5 1
1 5 3 5 2 4 1 2 3 2 5 1 5 2 5 3 4 3 4 5 3 1 3 4 1 3 2 2 1 1 2 3 4 2 1 3 4 3 2 1 2 1 1 3 3 3 4 4 3 2 2 2 3 4 1 2 3 2 2 4 4 4 3 3 5 5 4 3 2 5 4 2 3 1 4 5 1 4 4 4 5 2 2 4 2 4 5 5 4 3 1 5 1 3 4 4 1 5 5 1 1 2 2 1 4 4 2 3 4 5 2 5 3 1 3 5 4 3 1 3 1 2 5 4 2 4 2 2 4 2 2 2 4 1 1 4 2 3 4 2 2 1 5 4 4 1 4 5 5 1 1 1 1 4 3 4 4 3 3 3 5 2 2 1 3 4 5 1 2 5 2 3 2 1 4 3 4 2 1 2 5 4 2 2 5 1 2 2 3 2 1 1 5 2 2 2 5 4 5 1 4 2 3 3 3 4 1 4 2 2 3 2 0 1 2 2 2 2 4 4 2 2 5 2 1 1 5 5 2 5 4 5 3 2 1 1 1 4 5 3 4 3 3 5 4 2 5 3 4 5
4 5 5 3 4 5 3 2 5 4 3 2 3 4 2 3 3 2 5 4 5 5 3 5 1 2 1 5 3 1 5 3 3 5 5 1 3 5 3 4 3 5 3 4 2 2 3 1 1 2 4 3 4 4 4 1 1 5 1 1 5 2 4 2 1 3 2 2 5 2 3 3 5 2 4 1 5 1 2 4 3 2 3 2 4 3 5 2 4 2 4 4 3 1 4 4 4 1 4 3 2 3 2 1 2 3 1 5 2 1 1 1 3 1 1 5 3 2 3 5 2 4 1 5 2 5 3 5 4 3 1 1 3 3 4 3 3 5 4 4 3 2 1 4 4 5 4 1 1 5 1 2 4 2 4 1 2 5 2 1 2 1 2 2 5 5 5 5 3 1 4 4 3 1 4 5 5 5 4 4 1 4 4 4 1 4 1 5 5 1 2 1 4 4 5 1 3 5 3 5 1 3 3 3 4 1 2 2 4 4 3 3 4 0 2 4 4 1 4 5 1 2 1 2 4 1 1 2 4 5 2 2 2 3 2 1 3 2 5 3 4 4 1 5 4 3 5 2 3 4
1 2 5 2 4 5 3 3 3 5 3 3 2 2 2 1 5 3 4 3 4 2 3 2 4 1 4 3 5 3 2 3 4 1 1 4 2 1 3 3 4 3 5 3 5 1 5 2 5 4 5 5 4 1 2 3 1 4 3 2 1 1 3 2 3 2 5 4 3 4 4 4 1 3 4 5 5 3 4 3 2 1 4 2 4 1 2 2 3 1 4 5 2 1 1 2 4 1 4 2 4 4 1 3 5 3 5 2 4 2 3 5 3 2 1 4 4 3 1 2 1 1 3 4 3 4 1 3 4 5 5 3 1 5 1 3 3 4 3 3 2 2 2 1 3 1 4 2 3 3 2 4 2 3 3 3 1 5 2 3 3 3 2 1 2 3 5 5 4 4 4 2 2 5 4 3 2 4 4 5 4 4 3 3 1 2 1 1 3 2 2 3 3 1 4 1 4 5 1 5 3 3 3 2 2 1 4 5 5 3 2 3 2 1 0 1 4 2 3 5 3 3 2 1 4 2 2 2 5 2 4 5 2 4 3 4 1 5 5 4 1 5 4 3 2 3 2 1 5 3
2 3 4 2 5 2 4 1 4 2 4 5 1 5 4 5 1 5 4 1 1 1 2 3 5 5 5 3 3 4 5 4 2 3 5 4 2 2 4 4 3 3 1 3 1 1 3 1 5 4 1 2 2 1 1 4 3 2 2 2 4 4 4 2 1 2 1 2 1 1 2 1 4 5 5 3 1 4 1 5 4 3 5 3 5 2 2 1 5 2 2 1 3 5 4 1 3 1 4 1 3 5 4 3 2 5 5 5 1 4 2 4 1 3 2 1 3 5 1 3 5 4 2 1 3 3 1 2 5 5 1 1 3 2 1 1 2 5 3 1 1 4 3 3 1 2 2 2 4 3 1 4 2 3 3 5 3 1 1 3 5 2 3 4 2 1 1 1 4 3 1 4 1 2 4 1 5 5 5 1 4 3 5 2 2 4 5 5 5 5 3 4 5 2 4 1 2 5 5 5 4 1 2 3 5 1 1 2 1 1 4 1 2 5 5 0 3 4 1 5 5 3 3 5 1 2 2 1 2 5 3 2 4 3 3 1 4 5 5 5 2 2 2 3 3 3 2 1 3 1
2 4 5 1 3 3 2 2 5 5 1 1 2 2 3 2 4 2 3 3 4 4 3 3 3 4 1 3 2 4 3 3 3 4 2 1 4 4 4 3 3 5 5 5 4 3 3 5 4 2 2 2 3 1 5 4 1 3 5 2 4 1 4 3 3 4 2 5 5 5 1 1 2 3 3 4 3 4 2 2 3 2 4 4 3 5 5 4 4 2 5 3 3 4 2 3 5 5 1 3 1 4 3 1 5 1 2 2 1 3 1 5 2 1 3 3 1 5 2 1 5 2 4 2 2 1 5 2 5 5 3 3 1 3 2 2 4 3 3 3 1 5 4 3 1 2 4 3 4 1 5 5 2 4 3 4 1 2 5 2 1 2 2 4 1 2 2 5 1 5 3 5 4 4 1 2 4 2 3 1 4 3 3 3 4 1 4 3 3 2 5 3 1 3 1 3 2 3 3 1 2 2 3 5 2 1 1 1 3 3 4 4 4 1 1 2 0 5 4 2 5 3 4 2 1 5 4 1 4 4 4 1 5 4 2 5 3 3 2 3 4 5 5 5 3 3 5 4 1 1
3 1 1 4 3 2 4 2 5 3 3 2 3 4 1 1 2 1 4 2 1 4 1 3 3 5 2 2 2 2 4 4 2 5 4 2 1 3 4 3 5 2 4 5 5 2 1 4 3 2 4 1 1 3 5 3 2 3 4 1 1 2 2 4 5 3 2 1 3 2 2 3 5 4 1 2 3 5 2 1 1 3 5 4 3 4 3 5 4 3 5 1 1 3 4 2 5 4 4 1 1 5 1 3 5 3 3 5 1 4 2 5 2 5 4 2 4 2 4 4 1 5 2 1 1 2 1 3 1 3 1 2 2 1 4 4 2 5 2 1 4 1 1 2 3 3 5 4 4 2 5 3 4 1 1 4 3 4 1 2 3 2 3 4 2 5 4 1 4 5 5 3 1 1 1 5 3 4 2 3 4 1 5 4 3 2 1 3 2 3 5 4 4 1 1 4 1 1 5 4 3 3 2 5 2 2 4 4 2 2 5 4 2 1 5 3 2 0 2 4 5 4 3 4 3 5 3 5 5 5 2 4 3 2 5 3 3 3 5 2 3 5 5 4 2 3 5 3 5 5
3 1 1 4 3 2 3 4 4 1 2 1 2 1 1 4 2 1 5 1 5 3 5 4 3 5 1 1 2 1 4 1 5 5 3 1 1 4 4 1 3 1 4 3 2 4 2 1 3 3 2 1 4 3 1 1 5 1 3 2 4 1 2 3 3 5 2 1 3 3 4 4 5 3 1 1 3 5 4 3 3 1 3 2 5 5 3 3 3 1 3 3 2 4 5 5 5 2 1 1 2 5 2 2 4 5 2 4 1 2 2 4 2 5 5 3 4 3 3 1 3 4 1 2 4 5 3 1 5 1 5 3 5 2 3 3 3 3 4 4 5 1 1 5 5 3 2 5 1 4 1 5 1 3 3 5 2 2 4 4 1 4 4 1 4 5 2 2 3 1 3 4 4 1 3 2 1 5 1 3 2 2 1 1 2 1 3 1 2 2 4 5 4 4 5 1 4 4 2 1 3 5 1 3 4 2 4 5 1 2 1 4 2 4 1 3 3 3 0 2 4 3 4 4 3 3 2 3 2 4 5 5 5 1 2 5 1 1 1 5 5 3 2 2 1 1 4 1 3 5
3 2 3 3 4 4 3 4 5 1 1 3 5 5 5 5 3 5 4 2 5 5 1 5 1 1 5 1 2 3 4 1 3 1 3 5 4 2 5 4 5 2 2 2 2 1 2 5 2 5 2 3 5 3 3 4 3 4 5 4 3 4 2 2 1 2 5 3 5 5 3 5 1 5 1 2 2 2 1 2 2 1 3 5 1 2 2 3 2 4 4 1 5 5 1 1 3 2 5 4 2 1 3 5 5 3 5 1 4 4 2 4 5 1 3 3 3 1 1 1 1 5 5 4 4 3 4 2 2 5 5 3 3 5 1 4 1 5 1 1 3 4 3 2 5 3 5 3 1 5 4 4 3 4 4 4 2 4 2 4 1 5 4 3 1 3 3 1 1 4 3 3 4 1 1 5 3 2 1 3 5 4 2 2 3 4 3 4 5 5 4 3 1 1 1 4 4 5 2 3 1 3 3 5 4 4 2 1 1 3 4 1 1 2 4 5 4 2 2 0 1 2 1 3 2 4 5 2 1 3 4 5 3 5 4 1 1 1 1 1 4 4 5 5 2 5 3 4 1 5
4 2 3 4 5 3 5 5 1 1 3 2 3 5 1 5 2 1 4 4 2 1 5 2 1 4 5 5 5 1 5 2 4 4 5 1 1 3 2 2 4 2 4 3 2 3 5 4 5 4 5 2 1 3 3 2 2 2 2 3 5 5 4 5 4 2 4 2 3 5 5 4 5 1 5 4 5 1 5 4 3 5 2 1 1 2 4 4 1 4 2 1 2 5 1 2 2 5 2 3 3 3 3 4 4 3 2 3 5 3 2 5 5 3 4 4 2 2 1 3 1 2 4 4 2 2 3 2 3 4 2 2 2 3 2 4 2 1 2 4 5 4 2 4 1 2 1 3 5 1 1 5 5 2 1 4 4 2 5 2 1 5 3 5 5 2 3 2 2 5 4 3 4 3 1 3 2 1 1 1 2 5 4 3 1 1 3 3 3 2 5 4 1 2 4 1 2 2 1 3 2 3 5 4 5 1 3 3 2 4 4 3 3 5 3 4 5 3 2 2 0 1 2 4 3 2 4 1 5 1 3 3 5 2 2 2 3 2 2 5 2 4 1 5 2 1 3 4 5 4
2 4 2 1 2 4 2 2 5 1 2 3 5 2 1 4 3 5 4 2 2 3 3 2 1 2 4 2 2 2 5 1 5 3 5 5 4 5 3 4 5 4 5 5 4 4 3 1 3 4 2 2 1 4 5 2 5 5 2 2 3 4 1 4 3 4 1 4 4 2 5 4 4 1 5 4 4 1 1 2 5 4 3 1 4 4 5 2 5 2 1 2 5 2 5 4 1 1 4 4 2 4 2 5 3 2 4 4 2 5 2 4 5 1 2 4 4 3 3 5 1 1 2 5 1 3 5 1 1 3 5 1 4 1 2 3 3 3 2 1 1 2 3 1 4 3 5 3 1 1 4 5 3 3 2 1 1 5 1 4 4 4 3 5 2 2 5 4 4 5 3 1 1 1 2 3 2 2 5 3 1 3 4 2 3 3 2 5 5 4 5 3 1 4 1 4 1 1 3 5 5 5 4 3 1 1 5 4 1 1 4 3 3 2 2 2 5 3 2 5 2 0 5 4 3 2 2 3 1 2 2 3 2 5 3 4 3 5 1 5 5 2 5 4 4 4 2 3 2 3
3 4 5 2 2 1 3 1 4 2 5 4 1 4 4 2 1 4 4 1 2 4 2 4 5 5 5 1 2 3 5 1 2 3 1 2 1 3 4 4 2 5 2 5 4 1 5 1 1 2 5 1 2 4 3 4 4 1 5 1 1 4 1 4 4 5 1 4 2 4 5 2 2 1 3 4 5 3 2 1 2 2 2 5 4 3 2 4 5 1 2 5 5 2 5 4 3 3 2 2 3 4 1 3 2 2 2 3 1 3 1 4 4 1 3 5 5 3 3 3 4 2 2 3 5 5 1 3 1 2 2 3 3 4 4 5 5 3 4 2 5 5 4 1 3 1 3 2 1 5 2 5 1 4 1 2 5 2 1 5 4 2 5 5 4 1 5 3 4 5 3 4 3 2 4 3 4 1 2 1 2 1 1 2 3 3 4 4 1 4 5 4 2 1 3 1 4 4 1 3 1 1 3 4 2 1 1 5 1 2 4 3 4 4 2 5 3 5 5 3 5 2 0 1 5 2 5 5 2 5 2 4 5 1 5 4 2 5 2 4 3 1 1 5 2 1 3 4 5 3
5 2 4 2 5 4 3 3 3 2 3 2 4 2 1 1 3 5 1 4 5 2 4 2 3 5 4 2 4 3 1 3 5 4 4 1 2 4 4 3 3 4 3 2 5 1 2 5 3 3 5 3 4 2 2 4 3 3 5 5 1 4 2 5 1 2 5 5 3 1 1 3 1 5 5 1 5 3 5 3 1 4 5 1 4 5 2 4 2 4 4 1 1 3 1 2 5 5 2 2 3 2 2 2 5 5 1 2 4 3 3 4 3 1 1 4 4 2 3 4 2 3 2 1 5 5 3 4 2 3 1 1 5 1 5 1 4 3 1 4 5 3 5 5 3 5 5 3 2 2 2 1 1 3 1 3 3 5 1 3 5 5 2 5 2 4 4 1 2 4 4 5 3 3 4 2 5 3 3 1 3 1 3 2 2 4 5 3 5 3 3 3 2 1 4 4 2 5 5 2 3 2 3 3 4 4 5 4 1 4 4 5 1 2 2 1 3 2 2 2 5 5 4 0 1 4 5 5 4 4 4 1 1 2 5 5 2 5 3 1 1 4 2 1 1 5 2 4 5 4
4 3 5 2 1 5 4 1 4 4 1 4 2 1 1 5 4 5 2 3 4 3 2 1 3 4 3 5 5 3 2 3 4 3 5 3 4 3 1 5 1 4 3 4 1 1 1 4 3 1 1 1 3 4 2 1 3 1 4 1 4 4 4 5 4 1 2 1 5 4 5 2 4 1 2 3 5 2 3 4 5 1 3 1 1 2 4 3 4 1 1 1 5 5 3 4 2 5 2 3 2 2 4 3 4 5 2 3 1 4 2 5 4 1 1 5 2 3 3 1 5 5 3 2 3 4 4 1 3 3 1 4 2 2 3 4 1 3 4 2 5 4 5 1 3 1 1 4 2 3 1 4 3 3 2 2 5 4 2 4 4 3 2 5 3 4 1 4 4 4 1 1 4 1 4 4 5 1 1 5 3 1 4 5 2 3 1 2 3 3 3 5 1 3 3 4 1 4 2 4 2 4 2 4 5 3 3 3 4 3 1 1 3 1 1 4 1 3 3 1 4 3 3 4 0 2 3 4 2 4 4 1 3 2 5 2 2 4 5 4 5 1 5 1 3 5 3 3 1 2
2 1 5 1 3 4 1 1 4 1 1 4 4 3 2 3 4 1 2 2 1 3 2 1 1 3 3 1 3 3 3 1 4 1 5 2 3 2 2 5 5 2 5 2 3 1 1 5 4 3 1 4 2 4 1 2 5 5 5 2 4 2 3 4 1 4 4 2 5 2 2 1 1 2 5 5 1 2 2 4 4 2 2 2 5 4 3 3 1 3 1 1 5 1 5 1 1 3 1 3 1 3 2 1 1 5 1 4 2 1 3 2 2 1 4 2 1 5 4 2 1 3 4 3 1 2 2 4 5 1 5 1 1 4 4 2 2 4 2 3 4 4 4 5 3 1 5 1 5 3 3 3 5 3 1 3 2 5 1 2 1 5 1 5 5 3 1 5 4 3 4 1 3 3 3 4 4 5 5 4 3 5 2 2 1 3 3 4 4 1 5 5 3 3 1 5 4 1 5 4 2 1 1 3 3 4 2 4 2 3 2 3 3 2 3 3 1 5 2 5 3 2 4 3 3 0 1 1 2 5 3 1 1 4 3 5 1 3 4 3 4 5 3 4 1 2 2 2 1 1
5 4 5 2 4 1 2 4 3 2 3 2 4 1 3 2 5 2 1 2 1 2 3 5 3 2 5 4 1 3 4 3 2 4 3 2 5 3 4 1 1 3 4 4 4 3 3 2 1 5 3 5 2 3 5 1 4 5 1 5 3 5 4 3 4 3 1 4 3 2 4 1 5 1 1 5 5 2 5 4 4 5 4 5 3 3 3 4 2 5 3 2 3 1 4 5 5 4 3 4 3 2 3 3 5 3 5 4 3 1 1 5 2 2 4 3 1 1 1 3 3 2 3 1 3 2 1 1 3 5 3 2 1 5 5 3 1 1 3 2 3 2 5 1 2 3 2 4 1 3 4 2 2 3 1 2 3 3 3 5 2 2 5 1 3 2 5 5 3 3 2 5 4 5 3 2 2 1 4 4 3 5 4 5 1 1 3 1 5 2 1 5 4 1 4 4 3 5 4 2 1 2 3 4 5 4 4 3 3 4 4 5 1 1 5 5 1 3 2 1 5 5 5 5 5 1 0 5 5 4 1 3 5 5 3 5 2 3 4 1 3 4 2 4 3 2 5 4 3 1
3 2 4 5 1 5 5 1 4 1 2 4 3 1 5 4 4 3 3 5 1 4 5 5 4 3 1 2 1 3 1 5 5 4 2 4 3 4 5 2 1 2 4 4 2 1 4 3 1 4 1 3 3 2 4 1 5 2 4 3 3 3 4 5 1 4 3 3 4 5 1 2 1 1 3 4 4 5 1 3 5 4 2 5 5 4 5 1 2 1 3 4 3 5 5 5 1 5 3 4 4 4 3 4 3 3 4 2 3 4 3 4 3 5 4 4 3 3 2 1 3 4 5 4 1 3 3 5 5 1 1 2 3 5 4 5 3 4 3 1 2 5 2 3 5 1 3 4 5 4 1 4 4 4 1 2 2 3 3 3 3 2 1 2 3 3 3 1 4 5 4 3 2 5 1 3 3 1 5 3 3 3 1 2 2 4 5 2 5 3 3 2 1 3 4 1 5 2 3 2 5 4 4 3 1 2 3 1 1 2 4 1 3 4 2 3 4 5 5 5 3 1 5 5 3 3 3 0 1 2 5 4 2 1 4 1 2 3 1 2 4 2 2 2 2 2 5 1 1 5
2 1 4 5 5 1 1 1 2 1 4 5 2 2 3 4 4 2 1 3 5 2 3 3 1 1 2 3 5 3 3 4 4 4 1 3 3 3 2 3 3 3 3 4 4 3 2 1 3 5 4 4 1 4 5 2 2 4 4 4 3 2 3 3 5 5 1 4 4 5 4 1 2 4 4 2 1 4 3 3 5 3 1 1 4 2 3 1 1 4 5 2 1 3 3 5 2 1 3 4 2 2 3 3 5 3 2 5 3 5 1 1 4 3 1 3 2 2 4 3 2 2 4 1 5 1 3 2 1 5 1 3 3 1 5 5 5 2 4 3 2 4 1 3 3 5 5 2 3 2 5 1 4 2 1 5 5 5 1 3 4 3 4 2 2 1 1 3 1 1 1 2 2 5 3 2 1 3 4 4 1 5 2 1 4 3 4 5 4 5 1 2 1 4 3 5 4 3 1 1 2 4 2 1 4 4 3 1 1 2 2 1 1 3 4 2 1 3 2 4 3 2 2 5 4 3 1 3 0 4 2 2 4 4 3 3 4 3 1 3 2 3 2 5 3 5 2 4 3 3
4 2 1 2 3 5 3 5 1 2 2 4 3 3 5 3 1 2 1 3 2 2 4 4 4 4 1 5 5 3 5 4 5 3 5 3 3 1 1 2 5 3 4 3 5 3 4 4 4 2 2 1 1 2 2 1 5 2 5 1 4 1 4 5 3 2 4 2 5 5 2 2 1 1 2 2 1 2 2 2 2 4 3 3 5 1 2 3 1 5 5 3 1 4 4 3 4 5 4 3 4 4 1 3 4 5 1 4 4 4 3 5 1 5 3 4 2 4 3 2 1 3 5 3 3 1 3 3 4 3 5 1 5 3 2 3 1 3 2 4 4 1 4 3 5 4 4 3 3 3 3 4 3 2 4 1 4 3 2 4 4 4 5 5 5 5 3 5 2 2 1 4 4 3 3 1 5 3 2 5 2 1 3 2 2 1 4 5 3 2 1 1 4 3 2 4 4 3 2 2 1 1 2 5 1 5 2 2 3 2 4 2 2 3 3 4 5 1 2 1 1 4 2 4 4 2 1 2 3 0 4 1 1 5 3 3 1 4 5 3 5 3 4 3 4 4 1 1 4 4
1 5 5 5 1 4 2 4 4 5 4 5 4 3 5 4 2 3 4 5 2 2 5 3 1 5 2 3 1 2 3 3 5 5 3 3 5 3 5 2 1 2 1 2 4 1 1 4 5 1 2 1 3 3 3 1 5 1 2 5 5 1 1 4 4 3 2 4 2 2 1 3 1 4 2 2 5 5 1 5 5 1 1 1 4 3 1 2 1 2 5 3 4 2 1 3 2 5 1 5 1 3 4 1 5 5 4 4 1 4 4 5 3 5 2 5 1 5 4 1 5 4 1 2 2 5 4 5 3 1 1 5 5 2 4 2 2 4 3 1 4 3 1 1 4 2 4 5 1 4 1 1 4 3 3 4 3 1 3 4 1 3 1 1 5 2 3 5 2 5 1 2 1 2 3 3 5 3 2 2 5 5 5 4 4 2 4 3 1 3 2 4 3 2 4 4 2 3 3 1 4 1 3 5 3 5 5 4 4 1 4 1 5 2 4 3 4 2 3 4 3 1 5 4 1 3 3 1 4 1 0 5 2 2 4 1 1 5 4 4 4 3 2 2 4 2 1 4 4 3
1 1 4 3 4 5 2 1 4 1 4 3 5 1 4 5 5 4 3 5 5 4 3 4 2 3 2 3 4 4 1 5 4 2 2 2 5 2 4 5 3 3 4 3 4 4 1 1 4 5 4 2 3 1 2 1 5 4 4 4 1 4 2 3 4 2 1 4 3 5 5 1 1 4 5 4 4 3 3 5 3 5 4 1 2 1 3 5 1 5 5 3 1 3 5 1 2 3 2 5 2 1 3 4 5 1 5 3 1 5 2 4 1 2 4 3 4 3 3 2 4 2 1 1 2 5 2 3 5 4 4 2 1 4 3 3 3 5 3 4 2 2 3 4 4 2 3 3 5 1 5 5 5 1 3 3 3 2 2 1 5 5 5 3 1 4 5 2 3 4 3 2 2 4 1 3 1 5 3 4 3 5 3 5 1 3 1 1 5 1 5 2 2 1 5 2 5 2 2 3 3 2 4 4 5 5 5 4 1 4 1 5 4 4 2 1 5 3 2 3 5 1 5 3 1 2 4 1 4 2 5 0 4 4 4 5 3 4 1 1 5 4 4 2 2 4 5 2 5 1
4 1 5 5 1 2 4 4 2 5 1 3 4 1 4 2 4 1 4 4 4 5 3 1 4 5 4 5 5 1 2 2 4 2 1 4 3 4 5 3 3 1 5 5 2 4 3 1 2 3 1 2 3 1 4 2 1 2 1 1 1 4 4 4 2 3 2 5 5 5 2 2 2 5 3 3 5 3 1 2 1 2 4 5 3 5 5 4 4 4 4 3 3 5 3 2 4 2 3 1 3 3 3 5 2 1 1 3 4 4 3 5 1 1 2 4 5 1 4 2 1 5 2 5 1 1 3 2 2 1 3 3 5 4 5 5 1 3 1 1 3 4 3 1 2 2 1 3 4 1 5 3 2 1 1 2 3 4 2 1 3 1 1 4 1 2 2 1 2 2 3 5 3 2 1 5 1 5 3 1 4 3 5 2 1 1 3 3 4 3 2 3 5 2 2 4 3 2 4 4 2 1 3 5 5 4 5 1 4 3 1 3 5 2 3 4 4 4 5 5 4 3 4 3 2 1 4 3 5 3 5 2 0 3 4 2 2 2 4 1 3 1 4 1 3 1 4 1 1 2
1 4 3 2 5 4 4 1 1 3 5 2 4 5 4 5 2 2 3 5 4 2 2 4 1 5 4 5 2 2 5 3 5 2 1 5 2 5 3 3 5 4 3 5 4 4 5 3 3 2 5 5 1 3 1 1 3 1 5 3 3 5 2 2 1 5 2 1 4 4 4 1 1 4 2 3 2 3 3 2 1 5 2 1 1 4 5 2 5 4 1 2 4 2 5 5 5 3 5 3 4 5 2 1 1 4 1 3 2 4 3 4 2 4 5 3 1 1 1 2 5 4 2 4 2 4 5 5 4 3 5 5 2 4 2 5 2 1 3 4 5 4 2 3 4 3 5 4 5 3 3 2 2 2 4 3 3 5 4 5 3 3 3 3 4 1 2 3 1 4 3 2 1 4 1 1 1 5 1 4 3 2 2 1 2 3 1 3 1 4 2 3 2 3 3 1 2 4 2 2 2 3 2 5 5 4 3 2 1 1 4 1 3 2 3 1 4 1 4 3 2 4 1 2 3 2 1 5 1 1 5 2 5 0 5 1 1 4 2 4 1 1 4 5 3 4 1 1 5 2
4 5 2 3 2 3 5 1 5 4 1 5 1 5 2 4 5 5 2 3 1 4 1 2 4 3 1 3 5 4 3 4 4 1 1 1 4 2 2 5 5 1 5 5 4 3 3 5 1 4 5 2 4 3 5 1 4 2 3 3 4 5 2 4 1 1 2 4 3 4 3 5 3 1 1 2 1 1 1 4 3 2 2 4 5 5 1 5 5 1 1 2 5 2 2 5 3 1 5 4 2 5 2 1 4 2 1 2 2 3 3 3 3 3 3 3 3 4 4 3 2 3 2 3 2 3 5 3 5 2 3 3 2 4 1 2 2 1 3 3 1 3 2 3 2 3 5 5 5 2 4 2 4 1 3 3 3 2 4 4 2 2 5 4 3 5 4 5 2 5 4 3 2 4 3 3 2 1 5 2 1 3 4 5 5 3 3 2 3 1 5 1 5 4 5 2 3 4 4 4 1 4 1 4 2 3 5 2 2 2 4 2 4 2 5 5 4 2 5 1 2 2 2 5 1 2 1 3 4 5 3 2 5 5 0 5 4 2 3 5 1 2 5 3 4 4 5 1 1 1
3 3 4 3 4 4 5 3 1 2 4 5 5 2 2 5 3 3 1 2 4 4 3 2 4 5 5 4 4 4 5 2 3 2 5 1 5 5 5 3 5 2 5 4 5 2 2 2 4 5 3 3 5 2 3 4 1 3 5 1 5 4 4 1 2 1 3 4 1 2 1 5 1 3 4 2 3 5 3 1 2 4 1 5 1 1 3 2 4 2 1 1 2 2 4 4 3 3 2 2 4 3 5 1 4 5 4 4 5 5 4 4 4 5 3 4 1 2 4 3 2 4 5 1 2 3 3 5 5 3 2 5 5 2 3 2 4 2 4 3 2 5 3 5 3 5 4 3 1 2 2 3 4 3 4 1 2 3 3 1 5 2 2 3 3 1 2 2 2 3 1 5 3 5 3 5 4 1 1 4 5 5 5 3 3 2 1 2 1 3 1 1 3 4 4 5 4 5 5 2 4 2 3 3 1 3 5 1 1 4 3 3 5 1 4 4 5 4 4 5 4 5 1 5 2 1 5 2 1 5 4 3 1 4 3 0 1 1 2 1 1 1 5 1 3 3 2 3 5 5
1 1 3 2 2 4 5 2 4 2 5 4 1 3 5 3 5 3 4 3 4 5 1 3 2 1 5 2 4 2 1 1 1 2 3 2 1 2 2 1 1 3 3 3 4 2 4 2 4 5 4 4 2 4 5 2 5 2 3 5 2 2 4 4 1 5 5 5 5 2 2 1 4 4 4 1 5 5 3 4 2 3 1 1 2 3 5 4 4 2 5 3 3 4 3 3 4 5 5 3 4 1 4 5 1 1 2 4 3 1 4 3 5 3 2 2 3 4 1 5 1 1 3 1 2 4 4 1 1 3 5 2 2 2 5 4 4 5 1 1 2 2 5 5 3 2 2 4 1 1 3 4 3 3 3 2 3 4 4 5 3 2 2 1 2 5 3 5 2 4 5 4 3 4 4 5 3 3 5 5 1 2 3 1 3 1 5 1 4 5 2 1 2 3 2 5 5 5 1 5 3 5 3 4 2 5 5 4 1 3 2 2 4 2 5 3 1 3 1 1 5 3 5 3 1 4 1 5 3 5 3 2 5 4 1 2 0 3 3 1 5 2 3 5 2 4 1 2 2 1
3 5 5 4 2 1 2 1 2 1 2 5 1 3 2 3 4 3 1 4 1 2 3 3 3 4 5 3 1 2 1 3 1 5 5 4 5 3 2 2 4 2 5 3 4 2 1 5 3 2 4 3 3 3 2 1 3 4 4 2 1 3 4 4 4 3 5 5 3 5 1 5 2 5 5 4 5 4 4 3 2 2 2 5 5 1 4 2 1 2 1 1 4 3 4 3 2 3 1 2 3 4 1 4 1 5 2 3 4 2 2 3 3 1 3 4 4 4 4 5 1 3 3 2 2 2 3 4 3 5 2 2 3 5 2 1 5 1 2 4 1 5 4 1 1 1 3 5 1 2 2 5 5 3 2 1 2 2 5 5 3 3 2 2 3 1 4 4 4 4 2 4 4 2 2 2 5 5 5 1 2 4 5 3 1 2 3 5 1 3 5 1 1 3 3 4 2 3 2 3 2 5 2 5 1 2 2 5 3 1 4 1 1 4 4 5 2 1 5 1 1 5 5 3 2 2 3 2 4 1 1 5 3 4 4 4 1 0 1 1 4 3 2 5 1 4 3 4 1 3
4 5 5 5 4 4 1 4 5 1 4 5 3 3 4 5 4 3 4 3 3 1 3 5 3 5 2 1 3 1 4 2 5 5 3 5 2 1 4 4 4 3 3 1 5 4 3 1 5 5 5 2 1 3 3 1 4 5 1 4 3 2 3 2 1 2 1 5 1 3 5 5 1 5 3 4 4 4 1 1 2 4 1 2 2 1 5 3 4 4 4 5 1 2 2 2 2 1 2 3 4 1 4 3 3 3 4 5 5 5 1 1 4 5 2 4 1 5 3 5 5 4 4 1 5 4 4 2 3 5 1 5 2 1 4 3 1 4 4 1 3 4 4 4 4 4 3 4 2 4 3 3 3 1 3 3 4 3 4 3 1 3 2 4 4 4 2 1 1 2 3 5 1 3 2 3 3 4 3 3 1 1 4 2 5 1 5 2 2 3 4 2 1 1 2 5 2 2 1 3 2 1 4 3 5 4 5 4 5 1 1 2 2 4 5 2 4 4 2 1 1 3 3 3 5 1 4 1 4 5 5 2 2 5 5 5 2 5 0 2 3 2 5 4 4 2 5 1 3 2
1 4 1 2 3 3 1 3 3 2 4 4 5 5 1 3 1 2 1 3 4 3 4 4 3 1 5 4 2 1 3 2 4 3 5 2 5 4 5 3 2 4 3 1 4 1 4 2 5 4 3 1 1 3 1 3 5 5 1 5 2 3 2 4 4 5 5 4 1 2 5 2 5 2 5 1 3 1 5 3 3 2 3 5 5 5 4 5 2 4 3 3 2 1 5 5 5 1 3 1 4 5 2 4 4 3 1 4 4 3 1 3 4 1 4 1 3 5 4 4 3 2 3 1 2 3 5 2 1 2 5 2 2 5 1 2 5 1 3 4 5 1 4 4 1 2 1 4 3 3 2 2 1 3 3 2 4 1 1 4 5 5 4 3 2 4 1 5 2 3 4 5 3 1 3 1 3 4 2 4 1 5 1 1 4 4 5 5 4 2 1 1 4 4 1 1 3 3 2 1 5 2 2 3 5 5 4 3 4 3 2 5 3 5 2 1 1 3 4 4 2 5 3 1 4 2 1 3 3 2 4 3 1 2 5 2 1 4 2 0 5 1 5 2 1 5 1 1 2 1
5 1 3 3 3 5 5 4 4 1 1 1 1 1 4 4 4 5 4 2 2 3 4 4 1 1 5 1 2 4 3 5 2 4 3 5 2 1 2 3 2 1 4 3 5 2 3 5 3 1 1 1 2 2 3 1 2 4 5 4 5 5 2 3 1 5 1 5 5 1 1 2 3 1 1 3 1 5 1 2 4 4 2 3 5 1 2 1 3 1 4 4 2 4 4 2 3 2 2 4 2 1 2 3 4 4 4 3 2 2 1 4 2 4 5 1 1 3 4 2 4 1 3 2 2 2 4 2 2 1 2 5 3 4 4 2 2 3 1 4 4 2 2 5 2 5 4 5 3 1 2 4 3 3 1 1 4 2 2 1 4 5 3 4 3 4 3 5 3 3 3 3 2 1 4 5 5 5 3 4 2 5 2 3 5 3 1 2 3 4 4 5 5 4 5 2 5 4 5 5 5 3 1 3 4 3 2 1 3 2 2 3 5 4 2 1 2 3 2 5 4 1 4 5 1 2 4 4 4 1 2 4 3 2 5 1 3 5 1 1 0 1 5 4 4 2 2 1 2 5
5 5 1 2 1 4 2 2 2 4 4 2 4 2 2 2 1 3 2 5 4 5 5 3 4 5 5 3 4 1 1 4 5 5 3 1 4 2 1 1 4 1 5 2 1 4 4 4 3 1 4 2 5 4 3 4 1 2 1 5 1 1 1 3 2 5 3 2 4 3 1 2 5 4 5 1 1 4 2 3 2 5 3 4 3 2 1 2 3 1 4 5 4 4 4 5 3 2 4 5 3 4 4 4 5 1 2 4 1 3 4 5 3 1 3 2 4 2 1 5 1 5 4 1 4 1 3 1 3 3 3 2 3 2 4 4 2 5 4 3 5 4 1 4 3 1 1 1 3 5 5 5 3 4 3 2 5 3 2 4 3 1 3 5 3 5 5 4 2 2 4 3 4 1 2 4 1 1 3 4 3 1 4 3 4 2 5 1 1 2 3 3 2 2 2 1 5 2 2 1 3 3 2 5 2 1 3 5 3 2 3 5 4 4 5 5 1 2 4 4 5 5 1 2 5 3 2 2 5 5 5 2 5 3 4 3 2 5 4 1 2 0 5 2 2 1 1 2 1 5
5 3 4 1 5 4 5 5 4 4 4 5 3 3 1 3 2 3 5 1 4 2 4 2 3 5 3 2 5 4 4 3 5 3 4 1 3 2 5 3 3 4 1 5 1 1 5 3 2 2 5 2 4 1 1 2 4 4 2 1 5 4 2 4 1 1 4 1 3 3 5 2 3 5 2 4 3 4 3 3 3 1 4 4 4 3 5 1 5 4 5 2 4 3 3 4 2 2 3 4 3 3 2 4 2 2 4 2 1 2 2 5 3 5 1 4 4 3 3 5 1 1 3 4 4 4 3 1 4 2 3 1 4 1 2 1 1 1 4 1 5 3 5 1 2 2 2 4 1 2 5 3 4 1 1 1 2 4 1 4 4 4 1 3 5 3 3 4 1 5 5 4 2 3 1 1 2 5 1 5 5 4 2 1 5 1 1 2 3 1 5 5 4 4 3 2 4 5 5 1 1 5 2 5 4 5 1 4 5 3 4 4 2 1 3 5 5 2 5 2 4 3 3 2 2 1 3 3 4 3 2 4 1 5 5 4 2 3 5 3 4 2 0 1 4 4 3 4 5 1
4 4 1 2 5 2 4 4 4 3 1 2 3 4 4 1 4 5 4 2 3 5 4 4 5 3 2 4 1 3 1 2 3 2 1 5 2 1 5 1 1 5 5 5 3 2 4 3 3 1 5 1 2 3 4 2 2 2 1 1 4 5 1 4 2 1 1 3 4 3 3 1 4 1 2 3 1 4 1 2 3 1 3 4 5 5 5 5 1 5 4 3 2 5 1 5 3 4 5 2 1 2 3 1 2 5 1 5 1 3 3 4 4 4 3 2 2 2 4 3 5 4 3 1 1 2 1 5 5 2 5 1 4 4 1 5 3 3 2 4 2 3 3 2 1 2 2 1 1 5 2 5 4 2 2 5 5 5 2 4 4 5 4 1 1 2 3 4 1 1 5 1 3 3 4 3 5 5 3 1 2 1 5 3 1 3 5 3 1 4 1 3 2 1 3 4 4 3 5 4 5 3 2 3 4 3 1 4 2 3 3 4 1 4 2 3 3 5 2 1 3 2 4 4 1 5 2 1 4 4 5 5 4 5 2 1 1 5 2 2 5 2 5 0 4 1 2 4 4 3
3 4 4 5 4 2 4 1 5 5 2 5 4 3 2 4 3 2 4 4 4 2 2 4 2 4 5 3 5 4 4 5 2 1 1 5 1 2 5 3 4 1 5 2 1 1 4 4 4 3 4 5 2 2 1 3 5 2 5 2 4 1 2 1 4 3 2 2 1 4 1 5 3 3 1 5 3 1 2 1 1 2 3 5 3 4 4 1 3 5 3 3 5 5 5 2 5 2 3 5 3 2 2 1 3 1 5 1 4 3 2 2 5 1 5 5 2 2 1 2 5 1 3 2 4 4 2 1 3 4 3 3 2 4 1 5 2 4 3 3 4 5 4 4 1 5 2 2 4 5 4 3 4 1 2 3 3 1 4 2 5 3 1 3 5 1 3 1 4 3 3 3 3 3 2 3 3 3 2 1 5 2 2 2 2 1 1 2 1 4 1 1 5 2 4 2 1 1 2 5 3 5 4 2 3 5 1 3 2 1 3 1 2 3 3 2 5 4 4 5 2 4 4 4 3 5 5 4 2 5 2 4 5 5 3 5 2 5 3 2 5 2 4 5 0 4 4 3 5 5
1 2 5 5 5 2 5 2 4 5 1 2 4 4 1 4 2 3 4 1 4 2 5 5 2 1 5 1 1 3 1 1 5 2 1 1 1 5 1 4 5 1 1 1 5 2 4 4 4 4 4 4 2 3 1 3 5 5 3 4 5 4 2 2 5 1 4 1 3 3 5 4 2 5 5 2 2 3 5 4 4 3 4 2 5 4 1 2 1 2 5 1 1 4 3 3 1 5 1 1 4 3 1 2 1 4 4 5 2 5 3 1 3 2 4 2 3 3 1 5 1 5 5 2 4 1 3 2 3 5 5 5 1 1 4 3 1 3 3 1 4 2 3 4 2 2 4 1 5 1 5 2 1 3 3 4 4 4 2 1 2 3 3 1 2 1 1 2 3 4 2 3 3 3 2 4 4 1 2 5 1 2 1 4 1 2 4 5 5 5 3 4 5 4 2 2 1 3 3 3 3 5 4 5 4 1 3 3 3 4 3 4 4 5 3 5 3 4 2 5 5 5 1 3 1 5 1 4 3 2 2 5 1 2 3 2 3 3 5 4 3 5 1 5 1 0 1 2 5 4
3 3 1 1 4 4 5 1 2 4 1 2 4 1 1 5 3 2 5 1 3 2 2 2 4 5 2 1 2 1 3 4 2 3 1 3 1 1 2 2 3 5 4 3 3 2 5 4 2 2 4 4 1 4 4 1 3 1 1 4 4 1 2 2 2 3 2 5 4 5 4 4 1 3 4 1 2 5 1 3 3 3 3 3 1 1 5 5 5 5 1 3 5 2 3 3 1 5 4 4 2 2 5 2 4 3 3 5 1 3 4 2 3 2 4 5 4 2 4 5 3 1 5 4 4 3 1 2 4 3 5 5 2 5 5 1 5 5 2 1 4 1 4 5 5 2 4 5 1 2 4 1 2 2 2 5 5 5 5 2 5 5 1 5 1 5 3 4 4 5 3 2 3 4 2 4 2 4 5 5 5 4 1 4 2 3 4 2 2 1 3 5 5 1 2 2 5 2 3 1 1 2 1 3 5 1 3 1 2 3 5 2 5 4 5 3 3 1 4 3 5 5 1 3 5 2 1 5 4 3 1 5 2 2 3 3 4 1 1 4 3 2 5 1 1 5 0 3 3 1
4 4 4 1 2 1 4 1 5 3 5 1 2 4 2 4 2 1 3 1 1 4 3 3 1 3 2 1 1 4 5 3 2 4 1 3 1 4 4 1 4 4 4 2 2 1 2 4 5 1 1 5 4 3 1 1 5 2 2 2 5 5 4 2 4 1 5 4 4 4 5 4 3 3 2 1 3 4 3 3 5 4 2 5 4 2 1 1 1 3 2 4 5 1 1 3 4 1 5 1 4 3 5 5 1 2 2 2 1 2 3 1 3 3 2 1 2 5 2 1 1 4 1 5 3 1 4 5 3 2 4 3 1 2 2 1 1 5 4 2 1 5 3 2 3 2 4 3 5 3 1 4 3 4 2 3 1 5 1 3 2 3 3 2 5 3 1 3 3 1 3 3 3 5 2 5 2 3 2 1 4 1 1 3 4 2 2 1 5 1 2 5 1 1 2 3 1 3 1 1 4 3 1 4 1 3 3 2 1 1 1 1 4 3 2 1 5 4 1 2 3 3 2 4 3 1 3 5 2 1 4 3 3 5 5 2 4 1 3 1 1 5 5 3 1 4 1 0 3 5
5 5 1 5 3 3 3 1 1 3 5 4 4 3 5 1 5 4 2 4 1 4 3 5 4 5 4 4 3 2 3 3 4 1 3 2 3 4 3 1 3 2 2 2 3 2 5 1 2 2 2 1 3 1 3 1 5 1 2 3 5 5 4 2 3 3 1 5 2 4 4 1 1 5 4 4 1 1 4 2 4 5 5 3 4 2 5 1 1 4 5 2 3 5 5 2 4 2 1 2 1 4 5 4 4 4 3 1 3 1 3 2 4 5 4 3 2 1 1 4 4 1 2 4 3 1 4 5 4 5 3 2 2 3 2 5 3 4 3 2 4 4 3 3 2 1 3 2 3 3 2 2 5 4 4 3 1 4 2 4 2 4 3 2 5 3 3 2 2 1 1 4 3 5 3 4 5 2 2 4 1 1 3 2 5 3 3 2 3 4 5 1 5 3 4 2 4 2 3 3 5 4 1 2 1 2 5 1 4 4 2 3 2 4 5 3 5 4 4 1 2 5 1 3 2 4 2 4 3 4 5 1 1 5 1 4 4 5 1 2 5 1 5 1 3 1 2 4 0 4
1 1 3 5 1 1 2 2 1 2 4 2 4 3 5 5 1 2 1 1 4 2 2 3 4 5 4 3 1 1 2 5 3 4 2 3 2 3 5 4 2 4 5 2 4 4 2 2 1 2 2 3 2 2 5 4 1 4 3 2 5 1 3 2 1 1 3 4 3 1 3 1 4 2 2 2 5 2 2 5 3 5 1 2 5 1 3 5 1 5 5 1 4 5 5 5 2 4 3 5 3 4 1 2 3 2 4 4 1 5 3 3 1 1 2 5 5 1 4 4 3 1 3 2 4 1 2 5 2 3 2 5 5 4 4 1 5 3 2 2 4 2 2 5 5 1 1 2 1 3 3 3 5 1 2 2 1 1 1 4 5 4 2 5 1 4 2 3 4 1 4 2 1 1 2 1 3 1 4 5 2 4 5 5 1 2 5 5 3 2 4 1 5 3 5 3 5 1 1 5 4 2 1 5 1 5 1 5 2 2 2 2 4 2 2 4 2 3 4 2 5 3 3 4 1 5 5 3 2 1 4 3 4 5 2 4 1 2 5 2 2 5 2 4 4 2 5 3 2 0
