450
12 47 9 11 136
10 17 29 17 148
44 38 28 10 80
44 19 48 38 151
9 30 16 18 109
38 17 29 16 171
22 36 48 30 114
32 10 38 47 30
31 16 50 36 81
47 9 46 40 84
17 28 8 8 2
14 25 44 29 11
33 47 28 24 22
39 41 14 49 71
44 37 45 5 33
22 40 42 5 98
30 8 16 36 77
24 6 14 49 39
10 35 41 45 84
49 25 14 15 139
29 17 9 28 9
49 43 30 50 19
25 10 29 11 77
15 26 26 47 171
24 7 5 10 2
40 8 21 37 113
38 13 47 18 127
19 50 41 34 66
33 34 6 45 53
8 18 9 31 39
46 19 32 17 165
31 28 38 17 162
18 32 25 7 132
27 13 42 47 83
40 38 50 44 53
37 21 44 27 50
35 14 24 13 74
20 37 45 16 66
22 26 27 38 77
27 48 32 16 151
38 34 23 30 31
44 36 6 49 67
46 34 19 19 17
18 6 32 35 69
29 37 48 11 91
32 9 23 49 41
23 31 10 49 129
13 38 44 17 40
11 18 24 26 152
38 13 20 46 29
38 23 40 17 107
28 44 34 35 124
32 47 27 31 112
38 30 33 27 52
12 36 36 7 82
38 31 16 23 124
48 47 41 49 3
10 50 7 6 136
14 18 8 50 68
16 38 38 10 49
26 12 19 46 89
27 23 26 39 48
29 16 33 7 91
44 20 15 12 16
39 25 24 48 76
13 26 8 19 135
39 27 28 10 116
10 36 19 25 125
39 21 18 12 83
32 37 44 38 115
43 45 34 44 30
50 8 26 10 47
13 46 31 9 78
38 47 36 36 166
28 48 11 28 4
30 27 36 28 1
7 50 26 34 176
46 27 36 32 109
44 28 17 16 158
38 49 35 17 160
26 20 11 48 68
12 36 27 43 75
42 47 44 10 9
41 27 5 32 152
24 21 12 23 7
13 11 34 42 34
43 10 36 13 19
33 43 11 38 12
7 26 5 36 125
50 48 42 37 139
25 34 19 38 19
9 26 17 50 0
14 25 48 43 27
12 25 35 20 51
15 13 32 33 97
44 31 24 14 59
35 32 48 18 14
37 33 34 38 115
21 39 19 38 11
22 31 15 18 81
17 26 5 19 53
29 14 10 7 27
18 13 5 50 177
35 42 40 20 123
20 17 37 35 91
38 42 5 19 138
31 32 34 17 131
28 18 36 46 91
34 30 13 8 179
36 5 11 19 35
32 28 5 33 62
20 29 12 45 27
34 18 19 32 159
8 33 19 46 61
34 44 36 36 40
49 7 12 15 128
41 30 45 30 22
33 28 30 30 115
49 41 10 32 25
13 34 22 9 140
35 5 41 6 99
50 41 12 23 115
19 29 47 30 60
24 6 17 8 160
41 35 31 19 175
50 7 35 22 107
18 24 6 11 175
16 9 8 7 23
28 40 29 21 38
28 36 27 25 19
23 6 27 36 23
30 11 39 11 178
27 21 37 40 119
42 48 35 29 124
30 39 10 20 2
8 44 11 20 30
14 19 43 5 110
13 14 37 40 65
45 24 20 44 60
18 28 50 10 45
26 13 22 6 101
25 5 7 34 168
47 15 16 16 53
40 42 39 11 46
21 5 41 20 132
48 30 42 28 48
40 16 47 45 16
34 6 41 41 179
36 33 45 27 88
28 18 18 38 105
19 7 13 43 152
13 10 6 30 166
36 24 48 30 163
8 45 16 39 52
35 17 14 8 97
49 12 39 36 16
28 45 49 45 125
35 33 6 37 170
31 39 19 5 29
14 13 5 14 36
40 26 15 11 144
7 37 41 11 166
50 28 47 20 119
21 25 25 38 47
10 18 15 36 73
12 7 38 38 4
38 31 35 23 38
39 12 43 12 17
32 37 26 9 76
21 26 36 47 177
50 25 12 25 133
28 12 7 12 9
26 19 40 43 121
25 17 8 43 0
41 39 32 14 133
25 13 45 12 126
21 46 31 10 99
31 27 39 12 92
39 9 16 33 70
34 33 9 42 114
46 21 34 42 145
8 11 34 23 24
33 35 18 18 27
23 7 27 31 34
39 45 28 39 45
16 12 28 15 99
48 48 42 15 178
34 7 48 45 81
15 7 12 19 171
34 24 28 31 149
37 12 14 32 51
21 30 17 21 40
14 21 47 16 176
27 22 15 26 176
47 27 22 44 49
17 5 29 27 71
43 18 39 8 143
43 50 16 7 26
47 47 32 7 168
11 18 37 47 133
15 27 23 7 61
29 29 8 39 96
24 34 25 5 17
48 38 46 23 180
5 47 29 17 89
13 13 42 34 29
23 5 45 7 125
36 42 13 14 92
47 37 15 42 162
16 44 39 26 78
31 5 46 49 113
32 19 46 25 25
5 35 6 28 6
22 31 48 34 0
34 50 47 16 13
44 14 22 25 147
23 32 41 20 178
32 29 15 12 56
21 33 24 12 124
46 6 35 28 48
29 9 26 40 64
27 26 25 5 129
12 28 16 42 169
7 28 38 21 79
8 47 22 17 63
29 31 16 47 76
29 18 30 13 156
5 48 26 19 139
19 16 45 40 169
45 30 43 9 49
14 23 48 41 109
48 23 48 50 26
50 29 34 6 38
14 21 12 40 26
9 47 34 17 160
13 14 48 5 153
7 24 8 24 165
24 33 17 43 12
48 15 15 35 39
27 42 23 14 6
47 25 12 34 87
45 49 49 17 164
7 21 24 31 8
19 23 16 35 157
28 29 28 33 161
43 10 5 9 155
10 48 31 14 27
41 19 7 8 107
6 7 36 13 49
34 30 22 30 157
22 24 21 35 91
37 33 6 17 55
31 47 8 36 144
14 41 18 49 156
38 12 8 38 57
24 15 32 43 108
50 37 27 11 81
9 25 33 10 88
13 40 35 31 93
41 26 44 13 136
29 25 21 44 161
14 24 39 37 137
15 33 31 18 162
6 20 32 46 0
7 28 41 15 51
23 44 6 46 66
16 17 30 29 157
22 49 6 33 120
8 41 24 39 63
41 21 11 35 68
24 19 17 25 99
8 33 35 26 61
22 35 50 40 180
46 12 15 21 48
16 42 23 37 24
17 16 42 48 9
40 45 48 40 89
21 21 43 28 58
5 32 40 41 171
40 5 32 35 158
49 27 44 48 81
33 35 36 21 80
21 43 38 26 74
38 10 49 48 70
26 28 8 5 153
11 21 8 23 39
29 13 46 39 135
26 31 28 45 43
35 31 17 10 178
11 13 44 20 38
36 19 16 7 8
38 39 41 36 143
35 38 22 28 89
48 40 10 8 53
20 9 42 17 143
39 44 26 44 1
5 50 10 21 143
15 33 7 37 28
34 40 10 41 71
12 5 36 13 119
48 32 10 19 138
40 30 13 36 78
42 31 41 28 120
40 43 42 46 90
27 26 44 47 149
27 22 21 47 77
13 18 8 32 91
20 18 11 15 65
31 48 29 21 87
27 14 31 10 144
43 26 15 16 143
23 36 15 28 176
44 16 26 38 38
5 45 42 19 56
5 32 18 16 106
39 40 18 33 26
24 49 40 37 156
49 23 50 15 136
38 45 42 8 111
22 10 24 34 154
27 16 15 26 153
24 30 36 17 7
28 28 16 9 11
35 38 14 6 100
35 21 10 24 38
23 21 30 38 22
32 17 29 7 105
30 41 8 40 142
48 41 14 43 92
7 39 41 39 177
33 35 36 31 13
27 19 15 42 6
16 37 22 36 127
37 7 36 49 19
22 48 16 26 30
19 36 44 38 122
44 25 9 20 122
43 48 32 20 51
37 6 21 19 60
18 38 38 32 57
50 16 23 31 138
17 18 7 26 68
41 5 27 48 61
24 44 41 9 152
43 37 19 6 175
7 24 31 10 89
17 40 28 48 178
30 43 18 28 59
32 37 19 21 59
41 19 44 32 116
33 17 18 10 100
15 46 19 24 24
13 10 38 19 162
34 12 14 10 92
12 6 37 32 28
21 36 5 44 108
8 30 48 49 59
24 45 43 47 89
43 19 37 19 109
47 28 32 29 73
50 42 22 24 119
8 9 38 9 179
7 23 31 8 106
15 33 16 24 11
24 13 30 48 156
20 38 39 5 67
45 38 24 35 30
25 13 13 25 148
22 5 40 49 70
5 25 18 10 171
10 34 43 40 8
41 16 35 28 46
39 28 25 38 4
19 43 42 44 127
36 27 12 28 154
22 6 15 36 164
32 47 19 47 157
38 49 6 13 177
11 35 49 43 140
10 17 20 42 147
48 18 44 22 33
45 36 23 43 121
48 12 44 8 19
44 47 41 14 55
35 31 46 31 21
6 44 12 42 141
29 35 7 8 6
50 21 30 35 157
10 36 7 21 40
8 38 34 38 11
12 24 31 20 147
29 37 9 42 147
16 43 33 10 180
31 31 18 39 103
42 46 38 40 111
22 6 19 27 130
16 48 31 31 80
14 43 16 34 134
39 19 43 9 59
12 45 38 34 107
35 8 13 20 69
28 36 43 42 78
28 18 48 23 0
23 14 50 45 81
8 5 35 34 168
18 29 10 33 59
34 47 26 40 34
7 5 47 9 10
38 15 13 23 143
29 6 22 50 175
37 30 36 37 15
6 16 13 14 63
40 6 29 11 119
28 10 7 39 83
11 44 45 17 147
43 11 16 5 43
11 14 48 16 136
45 6 14 11 48
21 43 25 18 65
37 36 20 47 5
37 44 35 38 18
47 43 7 38 78
44 12 29 6 70
31 46 47 17 174
33 48 11 38 101
34 15 29 29 135
42 44 17 14 124
46 43 40 30 146
30 40 12 22 30
46 30 7 33 25
10 41 26 33 110
14 40 18 40 99
44 35 26 50 163
25 5 36 10 3
8 21 50 30 75
6 47 40 38 91
41 25 24 43 147
34 8 40 28 112
5 44 32 18 106
18 27 30 41 178
19 30 14 43 119
15 45 6 34 86
38 12 10 48 180
22 8 33 30 103
6 13 11 50 100
45 25 40 7 174
18 16 39 32 68
34 45 13 31 51
20 21 18 7 149
7 48 38 14 107
0 4 1 4 4 2 2 4 4 3 5 4 3 2 4 1 1 1 5 5 2 3 2 1 4 2 1 1 3 5 2 1 1 5 2 5 3 4 2 4 1 5 1 1 1 1 4 2 3 4 2 5 2 3 3 1 4 5 4 2 1 2 3 5 3 2 4 2 2 2 2 3 3 4 3 4 1 3 5 5 1 2 5 1 2 3 3 4 1 5 5 4 2 4 3 1 3 5 2 1 2 4 1 5 4 2 4 4 4 3 3 4 3 3 3 4 3 3 1 5 4 4 2 4 3 3 5 2 5 1 4 1 3 1 4 4 2 1 4 5 5 2 1 2 1 4 3 4 5 5 5 3 4 3 5 4 3 4 1 1 3 3 4 1 4 2 4 2 2 1 4 4 4 1 2 3 1 3 2 3 3 1 3 4 2 5 4 3 3 1 1 1 3 1 2 2 3 1 4 4 2 3 4 3 3 4 1 2 3 3 2 2 2 5 1 5 2 1 4 2 2 1 3 1 5 2 1 4 3 1 4 4 2 5 3 3 4 2 5 5 4 4 4 4 3 3 4 5 2 4 1 3 2 2 3 2 4 2 1 2 4 2 2 4 5 3 1 3 2 3 1 3 2 3 2 4 3 2 4 3 5 3 2 5 3 2 1 1 4 4 5 1 1 1 1 1 2 3 5 3 4 3 2 1 3 5 1 1 4 4 3 3 2 1 1 1 5 3 3 2 4 4 4 1 5 2 3 4 3 5 1 5 2 3 4 4 5 4 2 3 5 3 1 3 1 1 2 1 5 2 5 2 1 3 4 1 1 3 1 1 2 4 5 4 2 2 3 4 2 1 1 1 4 1 4 3 3 2 1 1 4 1 3 3 1 5 1 5 2 5 2 3 1 4 2 5 5 5 5 2 4 3 3 1 1 5 5 2 4 2 3 4 3 5 3 3 2 5 5 2 1 1 5 4 5 1 5 1 3 5 5 2 1 3 5 5 1 3 3 1 5 4 5 4 4 2 2 1 1 1
4 0 4 1 1 5 5 4 3 5 3 3 1 1 3 1 2 4 5 5 1 2 4 5 4 5 4 1 3 4 2 3 1 1 2 5 2 4 3 4 5 1 5 1 4 4 1 1 1 5 3 2 4 1 5 4 4 1 5 2 4 4 4 3 3 4 3 5 5 3 5 4 1 2 5 5 3 3 4 1 1 5 2 1 1 5 2 5 2 5 1 5 3 2 5 3 2 5 4 5 2 5 1 5 1 1 4 5 1 1 4 1 4 2 2 1 5 3 5 5 3 3 5 3 2 2 2 5 5 5 3 2 4 4 5 3 2 3 5 1 4 1 4 1 4 3 3 4 4 2 3 5 1 3 2 1 5 5 4 4 2 2 5 5 3 3 1 3 1 2 3 4 3 5 1 1 2 1 4 4 4 1 5 1 4 1 3 1 2 4 1 3 4 4 3 2 2 5 1 4 3 1 1 4 1 5 4 1 2 1 1 4 1 4 3 5 2 5 4 1 5 2 1 4 3 5 1 2 4 3 5 3 4 2 1 4 1 4 4 3 5 2 3 5 1 3 3 5 2 4 3 1 5 3 3 2 5 4 1 5 2 3 2 1 3 5 4 1 1 2 1 5 3 2 3 1 5 1 3 2 1 3 2 5 3 5 2 3 2 4 4 1 1 2 2 3 1 4 1 1 2 5 2 1 1 2 5 5 1 4 5 5 3 2 3 2 2 3 1 2 2 2 5 3 5 1 3 4 1 2 5 1 3 4 5 5 2 1 1 5 1 3 3 5 1 3 3 5 3 1 4 4 3 4 5 4 5 4 3 5 2 5 5 2 1 4 1 5 1 3 2 4 3 4 2 3 3 1 5 4 4 2 5 3 1 4 4 2 3 2 3 5 5 2 2 3 3 1 4 3 5 3 1 2 2 5 5 3 1 4 3 4 3 5 5 1 1 5 4 1 2 5 1 3 1 2 3 1 5 1 4 1 2 4 5 2 3 3 3 3 4 1 2 1 3 2 1 5 3 2
5 2 0 4 2 2 1 3 1 1 3 3 5 1 3 2 1 1 5 1 5 3 1 5 4 3 1 2 3 3 4 3 2 1 1 5 4 4 2 2 3 5 5 5 3 5 3 5 1 2 1 2 2 5 2 4 3 5 4 4 4 2 3 3 4 4 5 3 5 5 5 5 3 5 5 1 2 3 4 2 3 3 3 3 1 4 2 2 4 4 4 3 3 1 4 4 4 5 2 4 3 5 3 5 5 2 5 4 3 3 2 4 4 2 4 2 3 5 5 4 3 2 2 1 1 2 4 1 3 4 1 1 1 4 5 2 1 5 5 2 1 2 3 4 2 1 3 2 5 2 5 2 4 2 1 4 2 5 4 2 5 1 2 4 4 4 3 5 2 4 3 1 1 1 3 1 2 4 1 3 2 2 4 5 5 4 1 1 5 4 1 5 3 4 1 2 2 5 3 5 3 5 3 1 3 4 3 3 5 5 1 2 2 3 2 5 4 3 4 5 4 1 2 1 3 2 1 2 1 3 3 3 4 2 5 3 1 3 4 1 5 2 4 5 3 1 2 5 2 1 3 3 2 4 1 4 1 3 2 2 4 4 4 4 4 1 5 2 2 4 3 1 1 1 4 3 1 4 1 2 4 3 3 3 1 1 4 2 4 2 4 1 4 5 3 1 1 2 3 4 3 1 2 3 4 3 2 2 5 4 5 3 2 4 2 3 4 1 5 5 4 1 4 1 1 2 1 1 1 2 4 4 5 5 3 4 1 4 2 5 3 4 4 3 5 1 4 1 5 4 1 2 1 4 5 2 2 5 1 5 3 3 3 1 1 2 3 3 2 2 1 2 5 1 5 4 3 2 1 5 1 1 1 4 2 2 4 5 3 1 5 2 4 1 2 4 3 1 1 1 1 2 4 5 2 3 3 1 3 4 2 5 3 4 2 2 3 5 2 2 4 2 4 4 3 4 2 3 5 3 3 5 4 4 3 5 3 5 1 3 4 1 2 1 5 5 5 4 2 2
4 3 2 0 3 5 2 5 5 5 1 4 5 1 2 3 5 1 2 2 2 1 5 5 2 5 4 5 3 4 5 5 1 1 4 2 2 1 5 5 3 1 2 2 5 2 4 2 5 3 1 5 5 3 4 3 4 5 3 1 4 2 3 1 1 2 3 5 4 1 2 4 5 5 3 1 4 5 5 1 5 2 5 2 2 1 1 3 2 3 2 5 4 5 3 3 2 2 4 5 3 3 1 3 4 2 3 3 2 1 3 3 2 4 3 3 3 4 1 2 4 2 5 4 2 4 5 1 5 5 1 2 2 1 1 1 2 3 1 3 4 2 3 1 1 1 3 4 3 5 1 5 2 1 2 3 3 4 2 4 4 1 4 5 2 2 4 1 5 2 1 1 3 2 4 3 2 3 3 1 4 5 5 3 1 4 1 4 5 1 3 5 4 4 1 3 4 3 3 1 4 5 1 3 4 2 1 5 4 3 1 2 2 2 4 2 4 5 3 1 5 2 2 1 5 3 2 3 2 5 3 1 4 4 4 2 4 4 2 3 5 2 4 5 3 3 5 1 2 2 3 1 5 5 2 3 5 1 2 3 1 3 3 2 3 5 5 2 4 1 3 1 2 5 1 4 5 1 2 1 2 5 5 1 2 3 3 4 1 5 1 4 4 1 2 5 2 1 2 4 4 3 4 4 4 4 3 2 4 1 1 5 2 4 1 1 3 4 1 4 3 4 2 2 1 2 5 5 4 2 3 1 4 4 4 3 4 5 5 4 2 4 4 5 5 1 1 2 3 2 4 5 5 2 5 4 1 2 5 4 3 1 2 3 5 1 4 5 2 3 4 3 2 3 3 4 3 2 4 4 4 1 3 4 3 4 5 4 4 3 5 1 4 3 1 1 5 5 1 5 5 2 3 3 2 3 5 2 1 1 3 5 2 1 3 2 2 3 2 5 3 5 2 2 2 2 2 1 2 1 1 2 2 3 4 2 3 2 4 3 1 3 5 2 3 4 5 2 2 3
4 4 4 3 0 3 2 4 5 4 3 1 5 5 4 1 5 5 1 2 3 1 1 4 2 5 4 3 4 4 2 4 3 5 3 5 3 3 2 2 3 1 1 1 2 1 5 2 3 4 2 4 5 3 5 4 1 2 1 4 1 1 2 1 5 1 5 4 4 4 4 2 2 1 5 5 4 3 4 3 3 2 4 2 2 3 2 4 1 3 5 4 1 2 4 5 5 5 2 1 1 3 3 2 1 2 4 5 4 3 1 1 5 1 4 2 4 3 1 5 3 4 4 1 2 1 2 5 4 2 3 3 3 3 2 5 3 1 3 1 5 2 4 1 2 1 4 1 3 1 1 2 5 1 4 1 5 5 2 1 1 3 4 5 4 5 4 4 5 1 2 3 2 3 5 3 5 2 2 4 1 2 1 5 4 1 3 1 1 4 1 4 3 5 3 4 3 3 1 5 2 5 3 5 2 4 3 4 5 4 4 2 2 4 3 5 5 5 1 3 2 1 5 1 5 1 2 3 4 4 1 2 3 4 3 4 1 2 5 3 2 3 3 4 4 3 1 1 3 3 4 2 1 2 2 4 1 4 4 2 3 5 2 5 2 5 3 4 2 4 2 3 5 3 2 2 4 3 3 3 3 2 5 1 3 5 1 1 5 3 4 3 3 4 3 4 1 4 3 1 3 5 3 5 4 1 3 3 2 2 3 2 5 4 3 1 5 2 4 4 2 2 3 4 1 4 2 2 3 1 4 1 2 3 4 4 3 5 5 4 1 3 3 5 2 3 1 1 5 2 4 5 4 1 1 4 4 4 2 5 1 2 1 4 1 2 3 4 1 3 5 5 3 4 4 5 1 4 2 5 1 3 4 2 1 1 1 4 2 4 3 5 2 1 1 3 4 1 3 2 4 1 1 5 3 2 4 4 3 4 1 5 4 3 2 3 4 1 4 5 3 5 3 2 2 2 4 3 2 3 4 4 3 3 5 1 1 4 2 4 2 1 4 4 4 4 1 1 2 2
4 1 3 4 5 0 4 4 3 5 5 1 2 4 3 2 5 3 2 3 1 2 5 3 4 3 4 4 2 5 2 3 1 1 3 2 1 5 3 2 5 4 5 1 2 3 2 4 3 2 5 3 1 2 5 1 5 5 2 4 5 1 4 2 4 5 4 2 1 5 5 3 3 1 5 1 4 5 4 1 4 3 2 1 5 3 5 5 2 3 3 1 4 1 2 1 4 1 4 2 1 2 4 3 2 1 5 5 2 4 1 4 4 1 2 2 2 1 1 1 4 4 1 4 5 1 3 3 5 5 5 3 5 4 4 3 1 1 2 5 5 1 3 2 4 1 5 4 4 1 2 5 3 2 4 4 1 5 3 4 4 4 4 5 4 4 4 1 1 5 1 1 4 2 5 5 5 5 2 1 2 4 5 4 4 5 2 2 4 1 4 4 5 1 2 2 2 2 1 3 4 1 2 2 1 4 4 4 4 5 1 1 4 4 2 1 1 3 3 2 5 4 2 5 4 3 1 2 3 1 1 3 3 4 3 1 5 5 2 5 2 2 2 2 5 3 5 4 4 4 2 5 2 2 1 1 3 2 1 2 1 1 1 2 4 3 2 3 2 1 4 1 2 3 3 4 4 4 2 4 5 5 1 1 3 1 3 4 1 2 5 3 5 4 5 1 4 2 2 3 2 1 5 1 5 3 4 1 3 3 4 5 4 3 1 2 3 3 4 1 3 2 2 5 3 1 3 5 1 5 5 2 3 1 2 1 4 3 5 1 5 4 3 5 2 4 2 5 2 3 2 1 1 2 5 3 5 3 1 3 4 1 2 5 2 3 4 3 4 3 5 3 1 1 2 5 5 2 4 3 5 4 4 5 1 1 5 3 5 1 1 4 2 2 2 3 1 4 4 4 2 3 2 5 3 1 2 4 1 5 4 2 2 1 4 3 4 3 3 4 4 1 1 4 1 4 1 5 1 1 4 4 1 1 5 5 2 4 2 1 1 5 1 4 1 2 1 3 2 4
1 2 1 4 5 3 0 2 4 1 4 2 3 5 3 3 3 5 5 5 3 5 3 5 1 4 2 4 1 4 3 2 2 5 1 5 3 3 2 3 5 3 5 4 3 3 4 4 4 3 1 3 1 2 3 2 3 2 3 3 5 3 1 4 1 5 2 5 3 3 4 2 5 2 4 1 2 3 5 2 3 5 3 1 3 5 3 4 1 3 5 1 3 5 5 5 5 1 1 2 2 5 2 5 4 1 3 1 1 1 2 1 2 3 4 4 2 1 4 3 3 1 5 4 5 4 5 1 4 4 3 2 2 5 5 5 1 5 4 5 5 4 2 3 2 1 1 5 4 5 1 5 5 1 4 1 4 1 2 2 2 5 3 2 3 5 3 2 3 4 1 5 4 1 1 1 2 3 2 3 3 1 4 5 2 1 4 3 2 5 1 2 3 2 2 2 3 3 5 3 2 5 3 5 1 3 1 2 2 1 4 4 2 1 5 5 2 2 4 2 5 3 2 2 5 1 3 2 5 2 1 2 2 5 1 1 1 1 3 1 5 4 3 4 3 1 2 1 3 2 1 5 1 4 4 5 4 5 4 1 1 5 3 1 1 5 4 4 2 4 1 1 4 1 2 4 1 3 4 3 2 1 4 1 3 4 1 1 3 3 3 3 2 1 4 5 2 5 5 1 4 3 4 4 4 3 3 3 5 5 4 1 4 4 4 3 2 3 2 3 5 2 3 2 4 3 1 1 4 3 5 1 4 4 4 5 3 2 4 2 2 1 3 3 4 1 1 4 5 2 3 2 5 4 3 3 4 1 2 2 4 1 5 2 5 4 2 4 4 4 1 5 2 4 2 1 5 3 1 1 4 2 1 3 2 5 5 4 2 2 2 3 3 3 3 1 2 3 4 1 2 5 3 2 1 4 2 3 1 1 2 1 1 1 4 2 2 1 1 2 2 1 2 3 1 4 1 3 2 5 5 4 2 3 4 4 4 2 4 4 2 2 2 4 5 2 5 1 2 2
5 3 2 3 3 1 1 0 3 4 5 2 4 4 2 3 5 2 4 3 2 4 1 2 4 3 2 3 3 5 2 5 2 4 1 5 4 3 4 5 3 4 5 3 1 1 4 2 2 4 4 4 3 3 3 3 3 1 1 5 1 2 4 3 1 5 2 2 4 2 4 1 3 3 3 4 1 2 1 4 3 5 5 4 3 1 3 4 4 4 3 3 1 2 5 4 1 1 5 1 2 5 4 4 3 4 2 5 4 3 1 5 4 1 4 5 2 1 4 3 3 1 1 1 1 4 4 3 1 1 4 3 5 3 1 2 4 3 2 4 4 2 3 4 2 5 4 3 4 4 5 4 5 3 5 4 3 4 4 3 5 3 1 2 3 1 5 3 1 2 2 3 4 2 3 4 3 2 3 5 3 2 4 4 3 1 4 3 2 3 5 4 5 5 4 2 5 5 4 4 1 5 2 5 1 3 1 1 3 3 1 5 1 3 3 4 3 4 5 1 5 3 3 3 5 5 3 4 1 4 2 4 1 4 3 4 2 2 4 2 2 1 1 4 5 3 3 5 1 2 4 1 3 1 3 1 2 5 2 3 5 3 1 4 2 5 3 4 1 3 5 3 4 1 5 5 2 5 2 3 3 1 1 5 4 2 1 4 5 4 4 2 4 5 2 5 3 2 4 1 3 1 4 1 4 1 3 2 2 3 4 3 5 4 1 2 5 3 2 2 4 3 3 3 5 4 3 3 2 4 5 1 5 4 4 2 3 5 2 5 3 4 3 3 5 3 5 2 2 4 1 2 3 5 2 2 1 1 5 4 3 2 1 5 2 3 1 5 4 1 4 3 5 2 4 5 2 5 3 2 5 1 2 4 4 5 5 2 2 1 3 4 3 2 1 3 4 5 5 2 1 1 5 1 2 1 2 4 1 2 3 2 1 5 4 2 3 3 3 2 5 5 1 4 1 3 4 2 1 2 2 3 2 2 4 3 3 1 2 5 4 3 3 2 3 2 1 2 3 4
5 4 1 2 4 4 1 5 0 4 3 4 5 3 4 1 5 4 4 5 3 4 2 5 4 2 1 4 3 2 2 4 5 4 5 1 3 4 5 5 4 2 3 2 1 5 1 4 3 3 4 5 2 1 4 1 1 4 4 4 3 2 4 3 5 1 3 1 2 2 3 2 5 3 5 2 5 3 4 4 5 1 1 3 2 1 2 3 2 3 3 1 1 3 3 5 1 5 2 4 1 3 3 1 3 2 4 2 2 4 2 4 1 2 5 2 3 1 2 1 1 2 5 3 4 3 2 3 3 2 2 3 2 4 5 5 3 5 1 2 1 4 4 5 4 3 2 2 5 5 4 4 4 2 4 4 3 2 3 4 5 1 2 1 3 5 1 1 1 2 2 4 4 3 5 3 5 2 1 2 1 1 4 3 4 5 5 4 5 2 4 4 4 3 5 3 1 2 1 2 1 1 4 3 4 3 2 5 1 1 3 5 1 4 3 2 3 4 1 1 3 1 3 3 4 2 5 1 2 1 4 2 3 2 2 2 5 5 2 5 5 3 5 1 3 2 5 4 4 4 5 5 1 2 3 4 1 2 4 2 1 5 1 5 3 2 4 1 5 4 2 1 2 1 4 4 1 5 4 4 1 2 1 1 3 5 2 1 5 3 4 3 5 4 4 3 2 1 4 2 2 2 1 3 3 2 3 4 5 2 1 5 1 1 1 1 2 4 2 4 5 3 3 5 4 3 5 1 4 4 5 4 3 5 5 3 2 3 5 3 5 1 2 5 1 5 2 1 1 1 5 3 3 1 2 1 2 5 3 3 2 3 1 5 2 3 1 5 4 4 4 2 5 3 1 2 5 2 1 2 3 4 4 4 3 3 4 5 2 4 4 4 2 2 3 1 4 5 5 4 2 1 4 5 4 5 1 2 2 4 2 3 1 3 3 3 2 4 1 2 2 3 3 4 1 1 2 5 1 5 4 2 3 1 2 4 1 2 2 2 2 4 4 1 3 5 5 3 2 4
1 5 3 5 1 5 4 3 4 0 1 2 3 5 2 3 1 1 2 5 2 1 1 5 1 2 3 4 2 5 3 4 4 4 2 3 1 1 3 2 5 2 2 2 1 4 5 2 4 5 5 1 3 5 3 2 3 3 1 2 3 1 1 2 1 3 1 5 3 5 5 2 1 4 5 3 3 3 5 3 1 1 3 1 1 3 2 5 1 1 1 3 1 2 4 4 5 2 2 1 2 3 1 5 3 1 4 3 1 2 3 4 3 1 2 5 2 1 3 5 1 1 4 1 5 4 3 5 5 4 2 2 1 5 3 5 2 3 2 1 2 2 2 3 1 5 2 2 2 2 2 3 1 5 2 1 3 2 1 2 4 5 3 2 5 1 2 5 2 3 1 2 1 5 1 2 1 2 4 5 1 1 2 2 4 5 2 3 3 2 2 5 2 5 2 4 3 4 3 2 1 5 4 1 3 3 1 5 2 5 1 3 2 4 3 5 2 5 3 4 1 3 5 2 1 3 2 3 1 1 4 1 2 2 1 4 1 4 3 3 5 3 4 5 3 3 5 5 4 1 5 3 5 1 1 5 2 2 2 4 1 2 5 3 3 1 5 3 3 2 3 1 2 5 5 5 4 4 4 1 4 1 3 1 3 2 5 3 2 1 1 2 3 3 5 4 3 3 5 1 4 5 2 3 1 1 1 1 5 2 5 5 4 2 3 1 4 5 3 3 5 4 5 1 5 5 2 5 3 5 3 2 1 1 3 3 4 3 2 2 5 3 2 2 1 5 3 4 5 2 2 4 4 2 1 4 4 1 3 5 4 3 5 4 1 3 1 1 2 2 3 3 1 4 4 5 1 2 3 3 3 1 2 5 4 3 3 2 5 4 3 1 5 2 1 3 2 3 2 1 4 3 4 5 4 5 4 1 1 2 3 4 2 1 5 2 1 3 3 4 3 1 1 5 2 4 3 4 5 3 5 5 4 1 2 4 5 1 4 1 3 2 4 4 3 1 1 5 3 2
5 1 1 1 2 2 1 4 5 1 0 3 1 5 2 2 4 1 2 4 3 1 2 1 3 1 4 3 2 3 4 2 4 5 3 1 1 2 3 3 2 5 1 4 4 4 4 1 4 2 4 4 1 5 3 2 3 5 1 5 3 2 5 4 5 2 2 1 3 3 5 4 5 1 1 1 1 5 2 1 1 2 4 2 1 4 4 3 4 1 5 3 1 3 2 1 3 5 4 1 2 3 1 3 5 4 1 4 2 2 2 5 5 2 3 2 4 3 3 3 4 5 2 1 5 5 1 3 4 2 1 5 5 5 3 5 4 4 1 4 5 2 1 4 4 4 5 3 5 1 3 3 2 4 5 1 4 3 2 1 3 2 2 2 5 3 2 1 1 4 5 1 5 2 3 5 4 1 1 1 4 5 1 3 2 4 4 4 3 1 3 2 4 3 2 3 2 1 5 3 4 2 3 5 2 2 3 2 4 2 4 3 4 5 3 4 2 1 2 5 2 1 5 2 4 3 1 2 1 1 5 2 3 1 1 3 4 3 1 5 4 2 5 1 3 1 4 2 3 5 4 4 4 3 5 2 2 1 5 3 3 3 5 3 2 2 3 4 2 2 5 2 2 1 1 5 2 5 1 2 2 5 4 4 1 2 4 3 1 5 3 4 2 1 2 5 2 3 4 1 5 1 3 3 1 2 3 1 3 1 1 1 3 3 1 2 5 2 3 2 1 3 4 2 5 5 5 1 1 5 1 4 1 4 3 4 1 5 4 1 1 5 1 4 3 1 5 4 1 5 4 1 5 3 2 2 2 4 1 1 1 1 3 5 5 2 1 4 2 4 1 2 1 3 3 4 5 3 5 1 4 4 3 5 3 4 3 5 5 5 4 2 5 2 1 1 3 3 5 2 5 2 4 3 3 2 3 2 1 1 1 2 2 5 1 2 4 2 5 1 1 4 3 1 1 3 4 4 2 3 3 5 3 2 3 5 4 4 1 1 5 2 5 4 4 3 2 4 5 4
3 4 5 4 5 4 3 2 1 5 4 0 1 3 4 3 1 1 5 3 1 1 4 3 4 3 2 5 5 1 5 4 5 3 1 2 5 3 1 3 1 5 1 3 5 1 1 1 3 4 5 1 3 4 1 1 3 5 3 5 4 4 2 4 3 3 5 4 1 1 2 2 3 5 2 4 5 3 5 1 3 1 5 2 3 5 2 2 4 2 1 2 5 3 2 1 4 2 5 3 2 2 2 5 1 4 2 3 2 2 1 4 2 3 3 1 2 4 3 4 3 5 5 5 2 4 4 3 5 2 4 4 2 4 4 3 4 2 3 5 3 1 1 2 1 4 5 3 1 3 4 1 3 5 3 5 5 1 2 2 2 3 2 3 5 2 1 2 1 2 2 5 1 1 1 4 2 1 2 5 4 3 3 1 2 3 4 1 3 3 4 4 4 5 4 3 5 2 4 3 5 5 4 5 1 5 4 5 5 3 4 4 2 1 4 5 2 3 1 2 2 1 3 1 4 2 5 3 1 2 4 2 5 3 4 3 4 5 5 3 5 1 2 4 3 3 5 3 1 5 1 5 4 3 1 5 4 2 1 1 4 5 3 2 3 1 4 2 1 1 5 5 1 4 2 3 3 3 1 4 2 4 1 3 3 1 4 4 4 4 5 3 2 1 2 1 3 3 5 4 1 5 2 5 2 4 1 1 2 1 4 1 3 2 1 3 2 2 1 3 2 1 4 3 4 5 2 3 4 2 2 5 4 1 1 2 3 4 4 4 3 4 2 1 2 1 5 2 2 3 5 5 4 5 2 3 5 3 5 2 2 1 2 5 4 3 2 1 2 4 3 5 2 4 4 2 2 3 1 1 4 3 1 3 2 5 5 5 1 3 4 2 1 3 4 3 4 3 5 4 4 2 2 1 3 5 1 4 1 3 4 1 5 1 1 3 1 1 4 3 4 3 5 1 3 3 5 5 1 2 3 2 2 2 5 4 3 1 3 5 4 1 1 5 1 2 3 2 1 2
2 5 2 5 3 2 3 1 3 4 5 5 0 2 4 3 3 1 2 1 3 4 1 5 4 1 5 4 5 2 5 5 3 4 1 5 1 3 2 1 2 1 5 3 3 2 5 4 3 3 3 1 1 5 3 2 5 2 3 5 5 4 3 1 5 3 3 2 4 5 3 2 4 1 2 1 1 3 3 1 3 3 1 4 1 2 2 4 2 2 2 4 2 3 5 2 3 5 1 1 1 3 2 1 5 4 3 2 2 3 1 5 2 2 4 3 3 1 1 2 1 2 2 4 5 3 4 3 1 4 3 5 4 1 1 4 1 3 2 3 4 1 3 4 3 1 3 1 5 2 5 3 4 4 2 4 3 5 4 4 4 5 2 3 4 1 1 2 2 2 2 4 2 4 2 1 5 5 4 4 5 3 5 5 5 5 3 3 3 5 1 1 5 5 3 3 1 2 5 2 5 3 3 5 4 4 2 5 2 5 2 1 3 4 4 4 2 5 2 5 2 3 4 4 3 2 4 2 4 2 3 3 4 1 4 3 4 5 3 1 1 3 4 3 5 1 5 1 3 4 5 4 3 5 5 4 2 2 5 3 2 3 2 4 5 5 2 5 2 5 4 4 4 5 4 2 5 2 2 2 5 1 4 5 2 4 1 5 2 4 3 5 5 5 1 2 3 1 3 3 3 4 2 1 5 4 5 5 5 3 5 1 3 4 3 1 2 5 3 2 2 3 4 2 1 1 3 1 3 1 5 5 4 2 4 4 4 4 2 4 5 3 1 3 3 3 3 5 5 5 3 4 3 3 1 4 1 4 1 3 2 1 5 4 1 4 5 4 1 2 1 5 2 1 3 4 3 2 4 3 2 4 5 1 3 1 4 4 3 4 3 3 3 2 3 4 3 2 5 1 4 4 2 3 3 1 4 1 4 3 4 4 1 2 3 4 1 5 5 5 1 3 1 5 5 1 5 2 5 4 5 5 1 1 3 2 2 2 2 4 2 4 4 1 4 2 4 1 3 1
1 5 1 4 5 2 2 3 1 1 4 2 3 0 4 1 2 2 1 3 2 4 1 1 4 4 3 4 3 3 4 1 2 2 5 1 4 1 2 5 3 2 5 4 1 3 1 1 2 3 2 4 4 3 3 2 4 4 4 2 4 4 5 5 4 4 4 4 4 5 4 1 4 4 3 4 2 5 1 3 2 4 2 1 4 2 2 1 3 5 3 2 2 5 2 4 5 5 5 5 4 4 3 1 5 3 5 3 1 3 2 5 2 2 4 5 1 3 5 3 1 5 1 1 2 1 1 3 1 1 4 5 3 2 4 1 2 5 4 5 1 2 2 4 2 4 1 3 2 2 2 3 4 4 5 3 3 1 4 2 4 4 2 3 1 4 1 2 5 1 4 2 1 3 1 5 3 4 4 2 5 1 4 4 2 4 2 5 5 2 4 1 2 3 3 2 5 5 4 4 5 2 2 1 1 3 2 2 2 2 3 1 4 4 4 1 2 2 4 1 5 2 4 2 5 3 5 2 2 4 2 5 1 5 4 1 1 2 4 4 1 4 2 4 4 1 5 2 4 2 5 3 2 3 1 3 1 3 1 4 5 1 1 5 4 4 5 1 5 2 4 4 1 5 4 3 1 2 4 4 1 3 2 5 3 4 3 4 2 2 5 3 3 4 1 4 1 4 2 4 2 5 4 4 5 4 1 1 4 2 4 2 5 4 3 2 3 3 4 1 2 1 3 4 5 4 1 3 1 2 4 1 1 4 4 3 4 1 4 3 4 5 2 5 2 5 3 1 1 1 5 1 1 1 2 1 3 3 3 1 3 4 5 1 3 4 1 2 4 3 3 3 2 4 2 3 5 3 2 1 3 1 3 3 2 3 4 4 1 3 1 4 5 5 3 3 5 2 5 5 1 3 3 4 4 5 2 4 1 2 1 5 3 3 3 4 2 2 5 1 3 3 4 2 4 3 5 2 2 4 3 1 2 4 2 1 4 2 1 4 4 2 5 4 4 1 4 5 3 1
3 3 4 1 1 2 2 4 4 4 5 3 5 2 0 1 1 1 5 2 4 2 5 4 4 4 4 4 2 2 4 5 1 2 4 2 5 2 2 5 1 5 1 4 5 3 4 5 4 5 5 4 4 5 3 5 2 3 2 2 4 5 1 3 4 3 4 1 1 5 3 3 4 1 1 5 5 5 3 1 1 2 2 4 3 5 2 1 4 2 5 5 4 2 2 4 3 4 3 5 1 1 4 1 1 2 5 5 3 4 2 5 5 1 3 3 3 5 2 2 3 2 4 4 5 4 5 5 4 1 4 1 1 3 5 4 1 2 5 4 5 3 3 1 1 2 4 3 2 3 4 3 3 5 2 2 1 2 1 1 2 2 4 5 4 3 2 4 2 4 3 2 1 4 3 4 1 5 3 1 5 5 5 1 4 3 3 2 3 2 2 5 2 2 3 2 1 3 1 5 4 3 2 4 3 5 3 3 1 5 2 2 1 2 1 1 2 5 3 5 1 1 2 1 1 4 3 4 4 1 3 4 1 5 2 1 4 5 3 5 3 4 1 4 2 1 3 1 1 5 4 4 1 4 2 5 4 1 4 1 5 2 5 1 5 5 1 2 5 4 5 4 3 5 1 1 5 4 1 4 4 1 2 3 4 4 5 1 2 4 4 3 4 5 3 3 1 1 5 1 4 2 2 2 2 3 3 5 2 4 4 2 1 4 3 2 1 3 3 4 2 1 4 4 5 2 3 5 5 3 4 1 1 2 1 4 3 3 2 1 1 2 3 5 5 1 2 2 1 5 4 2 4 2 1 4 3 5 4 3 5 4 5 4 3 2 5 2 3 3 4 2 2 4 5 2 5 4 1 2 2 3 3 2 4 4 1 2 1 3 4 1 3 1 3 5 5 1 2 3 1 4 1 2 3 3 5 4 3 4 5 1 5 2 5 1 2 5 3 2 5 5 1 5 4 3 5 3 2 4 3 4 1 4 1 5 2 2 1 4 3 3 1 3 2 5 5 2 2 2
5 5 1 2 3 5 5 5 2 3 1 4 3 4 3 0 5 5 1 4 3 3 1 2 2 3 3 3 5 2 2 3 4 4 3 2 5 3 1 5 4 4 5 2 3 3 4 2 2 5 3 2 1 1 2 5 5 1 3 2 1 5 2 1 3 5 1 1 1 5 5 3 3 1 1 1 5 4 1 5 1 5 4 1 5 4 2 4 1 5 1 4 1 2 1 4 5 1 4 3 2 3 1 4 4 4 2 5 4 1 3 5 1 1 5 2 4 2 1 5 3 4 5 5 3 1 5 2 4 2 3 5 4 5 1 5 2 5 5 4 4 4 4 2 1 1 1 5 4 5 1 1 3 1 1 1 5 4 3 3 2 1 4 4 3 5 5 1 5 2 1 3 2 1 5 4 3 4 4 4 4 3 5 3 3 1 5 1 2 3 1 4 3 4 5 4 1 5 1 4 5 2 3 2 4 4 3 4 3 2 3 2 3 5 5 4 5 4 5 1 2 3 3 5 2 5 5 1 1 1 4 4 5 2 1 2 4 2 1 4 1 3 3 4 5 2 2 1 2 4 3 5 4 3 1 4 2 3 4 1 2 1 4 3 4 1 5 1 2 4 5 3 3 5 5 1 1 1 3 4 1 1 2 4 3 4 2 1 1 5 4 5 2 3 5 2 3 2 1 3 1 1 5 2 3 1 5 2 4 5 4 2 1 2 3 5 5 5 3 5 1 2 1 1 3 5 3 1 1 5 4 5 5 2 4 5 2 4 4 4 3 1 2 5 4 1 5 1 4 2 2 3 5 3 3 4 3 4 5 4 1 2 4 4 2 4 2 5 1 1 4 3 5 3 4 3 3 2 2 3 2 5 3 5 3 2 4 4 1 2 4 3 4 4 1 5 3 1 4 1 5 4 3 1 2 5 3 3 5 3 3 4 1 3 2 1 2 2 1 4 2 2 1 4 3 2 1 5 3 3 5 3 3 2 5 3 3 3 3 2 4 3 4 1 1 2 1 4 5 5
1 3 4 3 1 5 3 2 4 5 2 2 1 5 3 2 0 1 1 1 2 1 5 2 1 1 4 4 5 1 1 1 5 4 4 4 5 4 5 3 4 4 2 5 3 4 3 5 3 3 4 1 1 2 2 5 5 3 3 3 5 2 5 1 2 1 2 3 4 3 1 5 1 3 4 5 5 3 5 4 5 5 2 1 3 5 2 2 4 4 2 4 1 1 4 2 3 4 3 3 1 2 3 1 1 1 3 5 4 2 4 2 1 3 4 4 1 3 5 5 2 4 4 3 2 4 3 2 4 4 2 3 1 2 4 5 1 3 3 5 1 2 2 4 1 2 2 3 5 2 3 3 1 3 5 3 1 1 4 2 3 2 1 3 1 5 2 1 4 4 4 2 5 5 1 3 1 4 2 5 1 1 1 1 3 4 3 2 3 3 3 2 2 3 2 3 3 3 3 4 2 5 3 4 3 3 4 2 4 1 4 4 2 5 4 4 5 3 5 1 3 4 5 5 1 4 3 1 3 4 2 3 3 4 3 4 3 2 1 2 2 4 2 5 3 4 4 1 2 2 3 3 1 1 2 1 2 3 2 2 3 4 4 5 5 5 2 2 1 2 2 1 4 4 1 4 1 1 4 4 3 1 1 3 1 4 2 3 5 1 2 5 5 1 5 2 4 1 2 4 3 3 5 4 4 2 2 3 1 1 5 3 5 1 1 4 2 4 4 1 1 1 1 1 4 4 2 4 1 5 4 3 2 4 1 1 2 3 5 5 3 3 2 3 3 1 4 3 5 2 3 2 2 5 2 4 1 4 4 2 2 1 5 3 2 4 5 2 2 4 4 1 2 4 3 1 4 5 5 5 1 5 5 5 1 2 4 5 4 4 1 3 4 2 4 5 4 1 3 5 5 5 4 2 2 3 3 2 5 3 1 5 4 4 5 1 1 4 4 3 4 2 5 5 4 2 4 4 1 2 4 5 5 4 3 5 2 5 4 3 4 2 3 2 3 2 5 2 4 3
2 2 2 4 1 1 3 5 3 4 3 5 4 4 3 3 3 0 1 4 1 1 1 4 3 5 2 1 3 5 5 1 5 1 4 1 4 1 4 5 3 1 1 2 5 1 1 3 2 2 2 1 3 1 3 5 2 4 4 4 1 4 4 5 3 1 4 1 1 2 3 1 4 3 1 2 3 1 2 1 5 4 1 2 3 5 1 2 1 2 4 4 4 3 3 1 2 4 1 4 3 4 4 2 1 4 1 1 4 2 4 5 2 3 1 3 1 3 5 5 2 2 4 1 5 4 3 4 1 3 4 5 1 4 1 1 4 5 1 1 4 1 4 5 4 3 2 1 1 3 4 1 3 4 2 2 2 2 1 3 5 4 2 3 4 4 5 3 5 3 5 4 2 4 5 1 4 3 4 3 2 5 4 3 3 3 3 1 1 2 3 4 5 4 5 1 4 3 3 5 1 3 1 5 3 3 4 1 5 2 2 5 2 5 5 2 3 3 1 2 5 4 2 5 2 5 5 2 4 3 1 1 2 3 5 3 1 3 5 5 3 4 1 2 2 3 1 1 1 2 2 3 2 2 3 5 1 4 5 5 1 1 1 2 4 2 4 2 2 2 3 5 1 1 2 2 3 5 3 1 1 4 5 5 4 4 2 2 4 4 5 4 4 3 4 5 4 1 2 2 4 4 3 1 2 3 2 3 4 3 2 3 5 3 4 1 2 5 1 3 3 5 3 4 1 4 3 1 1 2 5 2 1 2 5 1 1 4 3 2 1 1 1 4 4 1 3 3 3 2 1 4 4 5 1 3 5 1 2 2 1 5 5 1 4 2 5 2 4 3 2 2 1 5 1 4 1 4 3 5 4 5 3 4 4 4 1 1 5 1 3 4 5 1 5 1 4 2 2 2 1 4 5 3 1 1 1 2 5 2 1 3 1 5 5 2 5 5 5 2 5 2 5 5 2 1 1 5 4 5 4 2 2 2 2 5 1 5 4 3 3 1 4 3 4 3 1 2 1 3
3 3 1 3 2 4 5 1 5 5 4 3 5 3 1 1 5 2 0 5 4 4 1 1 1 5 3 4 3 4 1 2 3 5 5 3 3 2 3 1 5 2 4 3 3 3 2 4 1 4 2 3 4 1 1 2 1 1 3 4 3 4 4 1 5 4 3 2 1 4 4 3 5 3 2 2 1 5 1 3 1 4 5 2 2 5 5 1 1 1 3 3 3 3 1 1 3 3 4 2 3 2 4 3 1 2 5 1 4 1 4 2 4 4 2 4 3 2 4 5 1 3 5 2 4 2 5 2 2 4 3 2 4 1 5 1 3 2 1 2 1 4 5 5 4 5 5 1 1 1 1 3 1 5 1 4 1 3 1 4 4 4 4 5 4 2 1 3 3 3 5 3 5 3 2 3 3 4 5 1 5 1 5 2 2 1 5 4 2 3 3 4 5 4 1 3 3 5 4 3 5 5 3 2 3 2 4 5 2 4 1 5 1 4 1 5 2 2 1 4 2 3 4 5 4 2 3 1 2 1 1 1 3 1 1 2 4 5 5 3 3 1 5 3 3 3 2 5 5 4 2 5 4 4 2 4 2 2 5 2 1 1 3 3 2 4 3 5 5 2 5 1 4 1 4 2 2 2 1 4 4 1 1 2 3 4 3 1 5 4 5 2 5 3 4 4 4 2 5 3 1 3 4 2 4 2 1 4 1 4 3 1 5 2 1 4 4 1 1 4 1 3 5 5 1 5 3 3 2 1 5 3 5 3 1 1 3 1 4 1 5 5 3 2 3 4 2 1 2 5 3 3 3 3 5 4 2 2 2 4 5 5 3 2 3 4 4 1 4 1 3 3 1 5 2 4 2 4 5 4 2 4 3 5 2 1 1 5 1 2 5 4 3 4 2 5 1 2 2 3 1 5 5 5 1 5 1 2 1 3 2 4 3 2 2 3 1 3 5 1 5 5 5 5 1 1 5 3 2 1 1 2 2 2 2 4 4 2 1 4 3 4 1 2 5 3 3 3 3 5
2 3 3 2 3 3 4 4 4 1 1 3 4 1 1 4 4 5 2 0 3 3 2 5 3 5 4 2 5 5 5 2 1 4 1 1 5 4 5 2 3 5 3 4 4 3 5 3 5 1 2 5 3 3 3 3 3 5 1 5 5 5 1 1 3 1 2 5 2 5 3 3 1 1 1 1 3 5 4 4 1 2 2 4 3 3 2 4 3 4 3 4 1 5 2 4 3 1 2 1 4 2 4 4 4 4 1 2 4 3 1 5 5 4 2 3 1 2 4 3 1 3 3 3 5 4 3 4 5 5 5 2 1 3 3 2 1 4 4 5 3 2 5 2 2 2 4 5 3 3 1 4 2 4 1 3 3 4 4 2 3 4 2 2 1 4 3 5 2 3 2 3 4 5 5 1 1 1 3 4 2 2 1 5 2 5 2 1 5 2 4 1 2 4 5 2 4 3 4 3 1 5 3 2 3 1 4 2 5 1 1 3 3 4 3 2 4 4 5 1 4 3 3 5 4 3 4 4 5 4 3 5 1 4 3 2 2 5 1 1 1 2 2 4 3 3 2 1 3 5 3 4 5 1 4 5 4 1 5 3 5 3 2 3 4 4 3 5 4 3 3 5 4 1 3 2 3 3 2 3 1 3 2 1 4 5 3 4 1 5 4 5 2 4 1 4 3 2 1 1 2 2 1 5 1 1 2 3 5 5 3 4 3 4 1 2 1 3 5 2 1 5 3 5 5 3 5 5 2 3 5 3 4 5 5 4 2 3 3 2 2 2 2 4 5 2 2 2 5 1 2 4 5 2 2 4 5 2 2 3 4 4 3 1 5 2 4 3 3 1 3 3 1 5 5 4 2 5 4 4 4 1 5 1 3 5 1 5 1 2 5 1 5 5 5 1 1 2 5 5 5 1 4 5 3 4 5 1 4 2 3 4 3 2 5 3 1 4 4 4 2 2 3 1 3 2 1 3 3 5 5 5 2 4 4 3 4 2 2 4 5 4 2 5 1 3 2 5 3 1
1 4 3 5 1 3 5 4 3 1 3 3 5 3 4 1 4 1 1 1 0 3 2 2 3 5 5 3 1 3 4 5 1 5 1 4 5 5 5 3 4 3 5 1 2 3 4 3 3 4 4 5 2 3 2 2 3 4 1 3 5 1 3 1 5 3 3 1 2 5 4 3 1 3 2 4 3 5 4 1 1 3 1 4 2 4 2 3 4 2 1 2 3 4 1 1 4 3 3 3 1 1 1 2 1 3 1 5 3 1 1 4 2 1 1 2 4 4 3 3 3 5 2 1 2 1 2 2 5 3 5 2 2 3 5 1 4 1 2 5 3 3 2 2 4 3 3 2 5 3 1 3 2 1 4 2 4 2 3 4 4 3 2 1 5 1 1 5 1 5 3 3 2 3 2 2 4 3 3 2 1 5 5 4 1 5 3 3 5 1 5 5 3 5 3 3 2 4 2 2 2 2 2 5 1 4 3 2 1 4 1 2 1 2 3 3 2 5 5 3 5 1 1 4 2 4 4 3 5 4 4 3 3 2 5 1 1 5 1 2 1 1 2 4 5 3 5 3 3 5 1 1 5 2 1 4 3 2 1 3 5 1 3 5 5 2 4 4 2 1 1 5 1 3 5 5 2 3 2 1 5 1 4 5 1 5 3 1 4 1 2 3 5 1 5 5 1 3 3 4 1 1 2 5 4 1 5 2 1 2 4 1 4 1 3 4 4 2 3 4 4 3 1 1 4 3 5 1 4 5 4 5 4 3 4 2 4 1 4 5 1 5 1 1 3 2 1 4 2 5 4 1 4 2 1 4 2 4 1 2 4 5 5 1 4 1 2 1 4 3 5 5 5 2 4 1 4 1 2 2 5 4 2 2 5 3 5 4 4 1 4 4 5 4 5 2 1 2 3 1 3 5 1 2 1 2 2 4 3 5 3 3 5 1 1 3 1 2 5 3 2 2 1 2 3 1 3 1 5 5 2 3 4 4 1 5 2 1 4 4 3 5 5 5 3 3 5 2 2 5
1 5 1 5 2 1 5 4 1 5 2 2 3 5 4 1 3 2 1 3 1 0 1 3 2 2 5 5 1 5 3 4 4 4 1 1 2 2 2 3 5 4 3 3 2 2 5 2 1 4 2 2 1 2 1 4 3 2 4 5 5 3 3 2 4 1 2 2 1 2 5 4 2 4 3 3 3 4 1 3 3 4 4 2 2 3 2 3 4 3 4 4 5 1 1 2 1 3 1 5 1 1 4 2 4 2 4 1 5 1 1 2 1 2 2 2 3 2 5 2 4 5 5 5 5 4 3 1 5 2 4 5 3 5 1 4 2 4 3 1 4 3 5 4 2 1 2 5 3 1 3 3 4 1 5 5 3 1 4 3 3 4 4 1 5 5 1 2 3 3 5 2 1 5 1 3 3 1 5 3 4 4 4 4 3 4 4 5 2 5 3 1 1 2 5 1 2 1 5 2 5 4 2 1 3 2 4 2 5 2 3 5 4 5 2 3 5 5 3 4 1 2 2 1 5 3 5 4 2 3 3 5 1 3 1 1 2 5 2 5 5 1 3 4 4 2 3 5 2 3 4 5 2 5 3 2 2 2 3 5 1 4 2 4 3 4 5 5 2 4 1 3 4 4 2 2 3 4 4 4 4 2 1 5 4 3 1 4 1 2 2 5 4 3 5 3 3 4 5 3 1 1 1 1 1 5 3 1 5 1 1 1 3 1 2 4 1 4 5 4 3 4 3 3 4 5 3 1 3 1 3 4 1 1 5 1 4 2 1 1 5 5 3 3 3 2 4 4 4 4 5 1 3 1 5 3 4 2 1 5 1 1 5 1 1 2 4 4 2 1 4 4 3 1 1 1 3 4 1 1 5 1 4 3 3 1 1 1 3 2 2 1 2 2 5 1 3 3 1 4 5 4 4 3 1 1 3 4 4 1 4 4 3 1 3 2 1 2 3 3 2 2 1 3 4 1 3 1 3 1 4 3 4 2 4 3 4 2 1 5 1 2 1 3 5 4 1 3 5 1
3 4 4 4 2 2 1 4 1 5 2 1 4 4 1 4 2 4 2 1 4 4 0 2 4 1 2 5 2 5 2 1 3 4 1 3 3 1 5 2 3 3 4 5 2 2 2 1 3 2 4 1 4 2 3 3 4 5 5 2 5 5 5 5 1 5 4 2 2 2 5 2 2 5 3 5 5 4 1 4 5 1 4 1 3 5 1 5 1 5 2 3 2 4 3 4 2 4 2 2 4 4 1 4 2 1 5 3 5 2 3 5 4 3 1 2 2 5 4 4 1 5 2 5 2 5 4 5 2 3 5 4 5 1 3 4 4 3 3 5 2 3 1 3 1 3 3 1 2 2 5 4 4 1 4 1 3 2 1 4 2 2 2 5 3 1 3 4 5 1 2 5 4 2 3 1 2 4 4 3 5 1 1 1 2 4 4 4 5 2 4 1 5 3 3 2 1 3 1 2 4 5 1 5 2 2 3 2 4 4 2 2 4 5 5 4 3 2 1 2 1 4 3 1 5 5 5 3 3 2 4 2 5 3 1 3 5 2 2 5 3 5 5 4 1 3 5 3 3 2 1 1 3 2 4 5 4 5 3 1 1 5 3 2 3 1 5 3 4 3 1 1 1 2 2 1 3 3 1 2 2 1 1 5 2 2 1 3 1 2 1 2 2 5 5 4 4 1 3 1 4 5 2 5 1 2 4 4 2 5 2 3 4 2 1 2 2 2 5 2 4 3 5 3 1 4 2 4 3 3 2 5 3 1 5 1 2 3 3 3 5 3 3 1 4 1 2 3 3 5 2 3 5 5 4 2 5 5 5 3 1 2 4 4 2 3 2 2 2 4 2 2 4 1 5 3 1 2 5 5 1 5 1 1 5 2 3 1 3 5 5 2 2 2 5 3 5 5 4 3 1 3 2 4 4 4 4 2 1 4 1 4 3 5 5 1 3 2 3 1 4 2 4 5 3 4 5 5 1 3 5 1 5 4 2 3 3 5 4 5 4 3 2 5 5 2 3 4 2 4
1 1 5 4 4 5 4 4 4 5 4 1 5 5 2 1 3 4 3 4 4 5 2 0 4 1 1 5 5 1 4 5 4 5 5 1 3 4 2 1 1 4 5 1 2 5 2 3 4 5 3 2 3 2 2 4 5 5 1 3 5 1 1 5 3 2 2 2 2 2 4 2 1 1 2 4 3 5 2 3 4 4 5 3 2 4 2 4 2 1 2 4 5 1 3 3 2 5 1 2 3 3 4 5 4 4 2 5 3 4 1 5 5 3 5 1 5 5 3 4 1 1 3 3 1 2 4 4 5 3 3 4 2 2 1 5 3 5 3 3 2 1 1 4 2 5 2 4 4 2 1 5 3 5 5 1 3 4 4 3 1 5 5 3 3 1 3 3 1 5 5 3 3 4 3 1 1 3 1 1 3 3 3 5 3 5 4 3 2 2 5 3 5 3 4 3 5 5 2 4 2 3 2 4 2 3 3 3 4 4 1 1 3 2 3 5 3 3 2 3 1 3 3 5 1 1 3 2 4 4 1 4 3 2 1 3 5 2 1 5 1 5 5 4 3 4 3 2 2 4 4 2 1 4 2 3 4 3 5 2 3 2 3 2 3 3 4 2 3 5 3 1 4 4 1 4 1 4 1 4 2 5 2 3 4 1 2 5 1 5 4 4 3 5 5 2 4 4 2 2 4 1 5 4 2 1 2 2 3 3 1 1 3 3 3 5 2 1 3 3 4 2 2 3 3 4 5 3 4 4 4 3 1 2 4 4 1 2 5 3 3 3 3 4 1 4 1 5 5 4 2 5 1 5 4 1 1 3 3 1 4 1 5 4 3 3 1 1 3 3 4 1 1 1 1 3 2 1 1 2 3 3 3 1 3 2 5 2 3 1 2 4 1 1 2 4 5 4 3 5 2 1 4 5 4 4 3 1 3 5 2 2 4 1 3 2 1 3 4 5 5 4 3 5 5 3 2 2 3 3 4 4 1 3 1 5 2 5 3 4 5 1 3 5 4 4 4 4 5 1
3 1 5 5 1 2 4 2 5 4 3 1 4 2 1 4 1 3 1 2 1 2 1 5 0 3 3 5 4 2 5 5 4 4 5 2 4 5 2 4 5 5 5 1 1 5 1 5 2 1 3 2 5 1 4 5 5 2 5 2 1 5 2 2 1 5 4 4 5 5 3 3 2 3 5 5 5 4 5 4 2 5 2 1 1 1 2 5 3 5 3 4 1 4 4 1 2 4 1 5 4 4 2 3 5 1 1 1 3 2 2 1 1 2 1 5 4 3 2 1 2 5 1 3 3 4 3 1 1 4 4 4 2 4 3 4 1 3 3 5 4 4 2 4 3 1 1 4 3 3 2 2 2 3 1 1 1 5 4 2 5 4 5 3 4 4 4 4 4 2 3 1 5 5 4 4 4 4 1 4 5 5 1 1 3 3 4 3 2 5 3 3 3 3 3 2 4 3 5 3 4 1 3 1 3 4 1 4 2 4 3 4 3 3 3 2 1 3 2 3 2 2 5 4 1 5 2 2 2 3 3 4 1 4 4 3 2 4 5 5 5 2 2 1 5 1 5 1 3 1 5 2 4 1 3 2 2 4 5 2 1 1 1 1 2 4 3 3 5 4 1 4 4 5 4 2 3 1 1 4 2 1 3 2 2 1 5 3 4 3 1 4 3 3 3 2 1 5 1 1 5 4 2 3 5 3 2 5 5 5 3 5 1 4 1 3 1 1 3 2 3 3 5 5 5 5 3 3 5 1 1 3 2 3 4 4 3 3 3 1 3 5 4 2 5 3 2 2 3 5 1 4 4 3 2 3 5 1 3 2 5 5 5 4 3 4 3 4 3 4 3 3 5 5 3 2 2 4 1 4 2 5 4 3 1 3 3 2 4 4 4 4 1 5 4 1 4 4 5 1 4 2 4 4 3 2 3 4 3 4 2 3 3 1 3 1 4 3 1 5 2 5 3 4 4 5 3 4 3 4 3 1 4 2 1 3 5 3 4 1 2 3 3 1 5 1 5 3 3 3
5 1 4 2 2 4 2 3 2 3 2 3 4 2 1 3 1 2 5 2 3 2 3 3 3 0 2 1 3 4 3 5 1 1 3 1 5 4 2 2 1 1 1 1 2 1 3 5 5 1 5 1 4 1 4 5 4 5 4 4 4 3 5 3 5 3 1 3 1 2 2 2 2 4 5 4 3 3 5 2 3 4 3 1 2 4 5 5 3 5 2 5 2 4 2 5 5 4 5 3 2 4 3 2 3 3 5 2 1 3 1 4 5 2 5 4 5 2 3 2 2 3 1 1 2 5 1 2 2 5 1 1 1 1 3 2 4 3 2 5 4 3 1 2 2 2 3 1 3 3 5 1 4 1 5 4 4 5 3 4 3 1 1 2 3 1 2 1 3 2 3 3 2 2 1 2 1 2 3 5 2 2 1 4 4 1 1 2 4 2 2 5 3 5 2 3 5 2 5 4 2 2 1 3 3 2 4 4 1 5 2 2 4 2 2 3 3 1 2 3 4 1 1 5 2 1 4 4 4 5 5 4 4 5 2 4 4 3 2 5 3 5 3 4 2 3 5 5 3 1 1 3 2 3 5 3 3 1 2 4 4 1 1 1 4 5 1 4 3 3 2 1 3 4 3 5 3 1 2 4 1 3 2 3 3 2 4 1 2 3 2 1 5 5 1 2 2 4 1 1 3 1 4 5 4 5 3 3 3 2 1 1 2 4 1 2 1 4 2 5 3 2 5 5 1 2 1 1 1 4 3 2 2 5 5 1 2 3 5 5 1 3 3 3 5 1 3 4 2 3 2 2 4 1 3 4 5 2 5 4 5 5 4 5 2 1 5 2 3 2 3 4 2 1 2 1 3 1 2 2 5 4 3 1 3 4 1 4 3 5 4 1 2 3 5 5 5 3 3 2 3 1 5 2 4 3 4 3 1 4 1 5 5 5 1 4 1 2 4 5 1 5 2 3 2 3 3 5 1 2 1 2 2 1 2 5 3 4 1 4 2 1 1 4 1 4 5 1 3 1
1 5 2 2 1 4 3 2 3 1 2 4 5 1 1 3 3 2 5 2 2 5 1 1 1 1 0 2 1 2 1 2 4 5 2 3 3 4 2 1 5 1 2 3 2 2 3 4 4 2 1 5 1 3 2 5 3 1 2 3 1 3 5 4 2 4 2 2 1 4 4 2 4 1 3 5 5 1 4 2 3 2 1 2 1 2 5 3 1 1 2 5 5 3 4 4 1 3 2 2 2 2 3 3 4 2 3 1 3 4 2 4 1 5 5 2 4 2 4 4 4 1 2 3 3 2 1 5 1 5 4 2 5 5 5 1 3 3 3 3 2 3 4 2 2 1 2 4 3 5 4 4 5 3 4 4 2 3 2 1 4 2 2 2 5 1 5 4 1 3 2 1 5 2 4 3 3 4 1 3 5 3 4 5 4 2 1 5 2 3 4 4 1 5 1 4 4 4 2 1 2 4 1 2 4 2 4 2 5 1 1 1 2 1 5 2 3 4 3 2 3 4 5 2 4 3 1 2 5 5 1 3 2 2 3 4 3 4 2 3 4 5 1 3 2 2 1 4 5 5 2 2 4 4 4 1 1 2 3 4 2 5 2 5 3 1 2 3 2 5 3 4 2 4 5 4 2 5 2 4 2 1 3 2 1 5 2 3 3 2 2 4 2 2 1 3 3 1 4 4 4 2 4 1 4 3 4 3 3 4 2 4 4 3 4 5 4 5 2 4 5 1 5 3 4 5 5 2 3 5 2 4 1 1 2 1 2 1 4 1 2 5 1 5 3 1 3 2 5 5 4 3 2 5 2 4 3 5 2 1 2 3 1 5 5 3 5 3 4 1 5 3 5 1 1 2 4 5 1 1 5 2 5 3 1 2 2 5 2 5 1 1 3 4 2 5 1 1 4 3 4 4 3 1 2 5 4 3 2 5 5 2 1 3 3 1 2 3 3 4 4 3 5 3 3 1 5 5 2 5 4 4 2 3 5 4 2 1 1 4 4 5 1 4 3 1 2 1 1 4
2 2 3 2 1 3 1 1 5 4 1 3 3 5 2 2 1 3 1 1 2 1 2 2 3 4 3 0 5 4 5 1 5 2 2 5 1 5 5 5 4 5 4 5 3 2 2 3 5 5 1 4 2 4 1 1 5 4 5 3 1 2 5 5 3 1 4 4 5 4 2 5 3 5 5 3 3 4 3 4 2 4 3 4 3 1 2 5 4 5 4 3 1 3 4 5 1 1 3 3 1 1 2 5 2 3 3 5 1 4 3 3 3 1 5 1 1 5 1 4 3 4 1 5 4 3 3 1 1 1 1 4 3 1 4 4 3 3 3 5 4 2 2 5 3 2 1 5 1 3 1 1 1 3 1 3 3 4 2 4 2 2 2 1 2 5 3 5 1 2 1 4 5 3 1 1 1 3 3 4 2 3 3 1 3 2 4 3 3 1 1 4 2 1 1 3 3 3 3 3 1 4 1 5 2 4 2 1 4 4 4 2 3 4 2 4 3 2 5 2 1 2 2 2 3 1 3 2 1 5 3 3 1 3 3 1 4 2 1 4 2 5 5 4 4 1 1 5 1 3 2 4 5 1 5 5 1 4 2 4 1 4 3 3 2 5 1 4 3 5 3 5 4 4 4 5 4 5 1 3 2 4 2 4 4 4 5 1 3 5 5 5 1 2 2 4 4 4 1 1 1 3 3 1 4 3 3 5 4 4 3 3 4 3 3 5 1 5 4 3 1 3 3 3 4 3 1 1 2 4 4 4 4 3 1 2 5 1 1 4 5 4 4 1 3 4 4 5 5 3 1 2 2 5 2 2 4 4 4 5 1 3 3 2 1 2 5 2 4 3 2 3 5 1 1 1 1 2 4 4 2 4 3 3 1 1 1 5 1 2 3 1 5 5 5 5 2 3 5 4 3 3 5 1 2 2 3 2 3 2 1 3 4 5 5 1 2 1 4 3 3 4 2 5 4 2 3 2 5 4 5 2 4 3 4 1 2 3 1 5 5 2 2 2 1 2 3 3 4 4
2 3 5 1 3 4 3 3 5 5 1 3 3 2 3 1 1 1 4 2 1 3 2 1 1 3 4 5 0 5 5 4 3 3 2 4 3 5 1 3 1 3 2 3 1 5 1 4 2 5 2 2 2 4 1 3 4 3 5 3 5 1 1 5 5 4 4 1 3 3 3 4 1 4 2 3 5 2 1 4 1 2 5 1 3 3 1 3 2 5 3 2 5 1 3 5 5 4 4 1 3 1 4 4 5 4 2 2 3 3 2 3 3 5 2 2 3 2 2 4 2 4 3 2 1 3 3 4 3 2 3 3 2 4 1 5 2 1 4 3 4 3 4 3 4 3 4 5 3 5 1 1 5 4 2 1 5 5 2 1 5 3 2 1 4 5 5 3 3 2 1 3 4 2 5 4 1 3 4 1 1 1 4 2 4 3 2 5 4 3 2 2 1 5 4 1 5 1 1 1 3 1 3 3 2 5 2 5 4 1 3 4 2 1 3 2 4 5 1 4 3 1 5 5 3 4 2 3 3 4 3 1 2 5 3 4 4 4 5 1 5 5 3 3 3 3 5 3 1 2 3 4 2 2 1 3 4 1 3 4 5 5 1 5 2 3 3 2 1 4 3 3 4 1 4 3 4 1 1 1 1 3 1 3 2 2 4 2 1 3 5 2 3 5 4 1 3 2 5 2 3 3 3 4 5 1 1 2 2 5 1 4 3 1 3 4 4 2 5 3 5 3 4 2 4 2 5 1 2 1 1 4 5 1 1 4 5 3 2 2 3 3 1 4 3 4 2 1 4 5 4 2 5 2 2 1 1 3 4 4 2 5 1 5 4 2 2 1 3 4 1 5 1 5 2 1 5 5 4 4 3 3 4 2 1 4 3 2 5 2 2 3 2 5 1 5 4 2 4 3 2 5 3 2 4 1 5 3 2 2 3 2 1 5 3 3 1 4 2 4 3 4 5 2 2 3 3 1 4 4 1 3 4 1 5 4 5 2 3 2 2 3 1 4 3 3 1 2 5 4
4 3 4 1 3 2 3 2 2 3 1 1 4 1 4 4 5 2 3 3 5 4 2 2 4 2 5 5 1 0 1 2 5 3 3 4 5 4 5 1 3 3 2 4 5 1 2 5 1 5 1 3 5 5 4 3 1 1 5 2 2 2 5 4 2 1 4 1 4 4 2 5 4 5 4 5 4 2 3 2 4 4 5 4 5 2 5 5 3 1 2 1 1 1 4 1 5 4 4 4 4 2 3 3 4 2 4 4 2 1 3 3 4 5 4 4 4 2 4 1 2 1 2 5 3 5 4 4 1 1 4 3 3 5 1 5 2 2 3 1 1 4 4 3 1 4 4 4 2 3 2 4 3 2 5 3 5 2 2 2 2 4 3 3 3 3 3 3 2 3 1 5 5 2 5 1 5 1 5 5 5 1 4 1 4 3 2 5 5 5 5 2 1 4 1 3 2 3 4 2 3 5 4 4 4 2 1 5 1 5 1 1 3 5 4 1 5 5 1 1 1 1 3 5 3 1 3 1 5 3 3 3 5 5 1 1 2 4 4 2 4 2 2 5 5 1 3 2 4 1 3 3 1 4 5 1 1 1 4 4 5 1 1 2 2 4 3 1 4 5 1 3 2 5 2 4 3 2 2 1 4 4 3 4 1 3 4 4 1 4 5 5 5 2 1 4 3 2 1 1 3 4 4 1 3 2 4 5 3 1 1 2 4 2 4 3 4 4 4 4 3 3 4 5 4 3 4 1 4 5 5 4 2 1 5 2 4 2 2 4 5 3 2 1 3 3 3 4 3 2 1 5 1 5 3 4 2 2 5 3 4 1 3 5 1 4 1 4 1 3 1 3 4 3 2 2 2 4 5 3 3 5 1 5 2 3 5 5 5 2 1 1 5 4 3 5 3 2 1 5 3 3 2 5 4 3 2 4 5 3 4 5 5 1 4 4 3 1 3 3 3 2 4 4 4 1 3 4 2 1 5 4 1 3 4 1 2 4 2 4 3 3 4 4 2 1 5 4 3 3
4 2 1 1 1 4 2 2 4 2 5 2 1 4 1 1 2 5 1 4 1 5 4 5 3 3 2 2 3 4 0 4 3 1 3 3 5 1 3 2 3 2 5 5 2 1 2 1 1 3 3 1 5 4 3 4 5 1 5 3 4 1 5 5 5 5 3 4 2 3 4 2 1 2 5 1 1 1 1 1 4 3 3 1 4 2 4 4 1 3 2 2 2 2 5 1 3 2 4 4 4 3 2 3 1 1 2 5 3 3 2 2 5 1 5 3 1 3 4 3 3 1 1 2 4 1 5 3 4 4 3 1 1 2 2 1 2 1 4 5 5 1 4 1 4 1 2 3 4 1 3 1 1 5 5 5 5 4 1 1 4 4 5 1 3 2 2 4 1 4 5 5 2 2 2 4 5 5 2 4 1 5 2 4 5 4 3 1 1 2 1 3 4 4 2 1 1 2 2 5 2 4 1 5 4 5 4 5 3 1 3 5 1 2 5 2 5 4 1 5 2 4 5 5 5 4 1 1 5 5 2 2 4 1 4 3 5 3 2 1 5 3 1 5 3 3 3 4 5 3 1 5 4 3 5 4 5 1 3 4 1 4 1 5 1 4 5 2 5 1 2 2 1 4 2 5 3 3 1 4 1 1 3 4 2 3 2 3 1 5 2 1 4 3 3 1 3 2 2 1 4 3 3 4 5 1 1 1 3 5 3 4 1 2 4 4 3 5 3 2 3 4 3 2 4 4 2 1 1 4 1 3 4 3 4 5 3 3 3 3 4 2 1 2 2 2 4 4 5 5 3 2 1 1 4 2 3 4 5 1 5 1 4 4 4 1 1 3 3 3 4 4 1 5 5 2 4 1 2 3 1 4 3 4 4 5 2 5 2 3 2 4 4 3 1 4 1 3 4 4 1 2 2 1 4 2 3 4 4 4 4 5 5 3 2 3 1 5 3 1 2 2 5 2 2 5 5 2 5 5 4 3 1 1 1 3 1 1 4 1 1 2 2 5 5 3 2 4 5 3
3 2 3 1 2 5 5 3 4 1 2 4 1 3 1 2 5 5 3 5 4 5 4 4 2 3 5 3 1 4 5 0 5 1 3 3 4 5 1 2 5 1 1 4 3 1 4 3 3 3 4 2 1 1 1 3 3 3 5 1 3 3 5 3 1 1 1 4 1 3 4 5 2 5 5 1 5 5 2 3 1 5 5 4 4 3 1 3 2 4 1 5 2 2 4 5 1 4 2 3 4 5 4 1 4 1 1 4 1 2 4 4 4 3 3 4 4 4 4 3 1 3 5 1 3 5 4 1 1 4 2 1 5 2 5 3 3 2 4 5 2 1 2 1 3 2 3 5 4 3 3 5 5 3 3 4 3 4 1 2 3 2 5 3 1 1 3 1 1 4 1 3 2 3 2 2 2 3 4 2 2 5 5 5 3 2 1 5 5 3 4 3 3 5 2 3 3 2 1 4 1 1 2 1 4 4 4 1 5 4 4 1 4 4 1 1 3 2 4 2 1 1 5 3 2 4 3 4 1 5 3 2 5 5 3 1 4 2 3 1 4 2 3 1 1 4 2 3 5 2 4 1 5 3 4 2 2 2 1 4 2 3 4 3 5 1 1 2 1 4 3 1 4 3 5 3 4 3 4 4 4 3 5 2 2 4 5 3 1 3 2 4 4 3 3 5 3 2 3 1 4 3 1 5 2 4 4 5 4 2 5 4 2 3 1 1 3 4 1 1 1 2 1 3 5 4 2 5 5 4 2 4 4 5 4 5 2 1 4 5 5 1 1 4 4 4 3 1 3 5 4 4 5 1 3 4 3 3 1 1 4 2 4 4 3 4 4 2 2 2 4 4 1 1 5 2 1 2 4 1 2 4 1 2 1 4 1 5 5 2 5 2 5 1 4 4 2 1 5 3 5 2 5 1 1 4 4 3 3 3 1 1 5 2 4 2 2 2 3 1 1 5 4 1 5 3 2 5 3 5 3 2 5 3 2 1 5 4 2 3 1 4 2 4 2 5 3 3 3 1
1 4 4 4 4 4 3 3 4 1 2 2 4 2 3 4 5 1 2 4 3 2 1 5 1 1 2 5 2 2 3 4 0 3 2 4 5 3 2 1 2 4 5 3 3 1 4 1 5 3 3 2 5 5 3 3 5 1 2 4 4 5 1 3 1 3 1 2 4 2 4 5 3 1 3 1 4 3 2 2 3 2 2 2 1 4 3 2 1 5 5 1 2 2 3 3 2 2 2 5 3 4 1 3 5 3 1 3 3 1 3 2 2 2 5 1 4 4 3 5 2 2 5 1 5 3 1 4 4 3 2 1 2 2 3 2 4 3 1 3 5 1 4 1 1 1 5 4 4 1 5 5 5 2 3 1 5 4 3 4 5 5 5 4 5 5 1 2 3 1 5 3 2 4 4 1 4 1 5 4 1 3 2 2 2 2 1 1 2 3 3 3 4 3 2 1 3 3 2 4 5 1 1 4 2 5 4 2 4 2 2 4 2 2 4 1 1 3 5 4 1 4 3 5 4 3 3 2 3 4 5 3 4 4 3 4 3 3 3 5 4 3 4 5 5 4 5 3 5 1 2 1 2 2 4 3 4 3 3 2 1 5 4 3 4 1 3 4 1 1 5 4 2 1 3 3 4 5 1 2 3 2 4 1 1 2 4 1 5 2 3 4 4 5 5 2 2 4 4 2 3 3 5 3 2 4 4 3 3 1 1 5 3 4 3 4 4 5 3 4 3 3 4 1 3 2 2 1 2 1 1 2 2 2 3 5 4 2 2 4 1 5 2 1 5 2 5 2 2 5 3 5 2 2 5 3 3 5 2 1 3 1 3 2 1 4 5 3 4 3 1 3 3 4 1 5 3 2 5 2 4 4 4 3 2 2 4 3 4 2 1 2 1 2 3 5 1 2 3 4 2 3 3 5 2 4 2 1 1 5 4 5 1 2 4 1 4 3 5 5 5 5 2 4 5 2 1 3 5 1 4 2 5 4 4 5 4 2 3 3 2 5 1 5 5 5 4 4 2 4
2 3 4 2 1 2 5 3 2 5 4 2 1 5 1 3 4 2 4 2 4 1 2 5 1 5 3 2 5 3 3 1 2 0 2 5 1 5 2 5 1 5 2 2 1 3 5 3 4 4 2 3 1 2 2 2 1 2 3 2 4 1 4 4 1 5 1 4 5 1 3 1 3 1 2 4 1 3 5 5 3 1 3 1 2 1 3 5 4 5 2 5 2 5 3 4 2 5 4 1 2 3 4 5 1 4 3 2 5 1 4 4 1 1 4 1 4 3 3 2 1 5 3 2 1 5 5 1 1 5 1 1 2 2 5 4 4 3 1 5 5 3 1 3 4 3 5 2 1 5 2 4 4 4 3 2 5 2 4 4 1 3 3 1 3 2 4 4 4 5 5 2 5 1 2 5 2 2 5 1 4 3 4 3 1 5 5 5 4 3 4 3 2 3 3 4 1 3 3 3 4 3 4 2 1 1 2 3 3 4 2 4 4 5 3 1 5 1 4 1 2 2 3 2 1 2 1 1 1 1 1 2 2 1 2 2 1 4 5 1 4 5 1 5 3 2 1 2 3 4 1 3 4 4 5 3 2 4 5 5 3 3 3 4 5 4 5 5 5 1 4 4 2 1 5 4 2 5 4 1 5 2 3 3 4 2 3 2 3 1 4 1 3 2 2 4 2 4 2 2 2 3 1 2 1 2 5 2 3 3 1 5 5 3 2 2 3 3 1 1 5 3 3 2 1 5 3 5 1 4 2 3 4 4 2 5 1 4 2 4 5 4 1 4 5 5 5 1 1 1 2 4 4 2 2 1 4 3 2 1 2 5 2 5 4 4 3 4 1 1 1 1 5 3 4 5 5 5 2 2 4 2 4 1 3 1 2 5 3 3 2 5 1 4 2 2 4 2 4 5 1 1 4 2 3 1 1 4 3 1 5 3 5 2 2 2 2 4 5 4 2 1 2 1 4 3 2 1 1 2 1 4 2 3 4 5 1 3 4 2 5 1 1 5 3 1 5 2 4 5
5 1 1 3 4 4 2 2 3 1 5 1 1 5 2 1 5 2 2 4 3 3 4 4 2 1 3 1 4 4 3 5 3 5 0 4 2 1 4 4 1 2 5 1 1 5 4 2 3 3 1 1 3 5 2 2 2 4 1 5 1 5 5 3 5 2 1 1 5 2 1 4 1 4 5 2 4 5 4 3 5 3 4 3 2 2 3 2 4 5 5 1 5 5 3 3 2 4 5 1 3 1 2 1 1 1 5 1 2 3 3 2 5 1 3 2 5 2 1 2 4 3 5 3 5 2 1 2 5 1 1 2 5 3 2 5 2 4 3 1 4 1 2 4 4 1 2 1 2 5 1 4 2 3 1 1 2 2 3 3 2 2 3 5 1 5 3 3 3 2 4 4 2 2 2 4 3 3 5 1 4 5 3 2 4 5 5 3 5 1 4 1 5 3 2 2 3 4 4 2 4 2 3 4 3 5 4 5 3 3 2 5 3 4 5 4 2 4 4 1 4 1 1 5 1 3 4 2 2 5 2 5 3 1 1 2 2 5 3 4 4 2 1 5 4 1 5 4 3 3 5 3 1 4 3 1 1 5 3 1 5 1 5 1 3 4 2 2 2 1 5 4 2 2 5 4 2 2 4 3 4 5 5 2 2 1 3 5 1 3 4 1 2 2 2 4 2 2 2 4 2 2 2 1 2 4 3 3 4 5 4 5 5 3 1 3 3 2 3 5 5 4 5 2 1 4 3 2 4 5 2 3 5 2 3 3 5 4 3 5 1 1 4 4 4 3 3 1 5 5 3 5 1 3 2 1 2 1 3 2 2 5 2 5 2 4 3 3 1 1 5 5 1 1 4 5 3 5 1 1 4 3 2 1 4 4 4 2 5 2 2 3 1 1 1 1 1 3 4 2 4 2 3 2 2 3 4 2 4 5 3 4 1 1 1 4 4 4 2 4 5 5 4 3 2 2 1 4 1 4 3 2 5 1 4 2 3 4 2 2 5 2 2 5 3 3 5 4 2 5
4 4 3 3 1 5 3 3 1 5 5 5 1 5 2 2 1 4 4 5 3 4 5 2 2 2 2 5 5 5 2 5 5 4 4 0 4 5 5 3 5 2 1 2 5 4 4 4 1 4 3 1 1 5 2 5 2 5 5 1 5 1 5 4 3 2 2 4 1 2 3 2 2 4 5 3 3 4 3 1 4 5 5 3 3 3 1 3 2 5 2 5 5 5 4 3 5 1 3 1 1 2 4 3 3 4 1 5 2 1 4 5 2 4 4 2 3 3 2 4 1 5 1 2 3 3 4 2 4 4 2 2 3 1 1 1 3 4 5 2 4 3 1 4 2 5 3 3 4 2 5 2 1 5 1 5 3 5 1 2 2 2 5 2 2 4 5 2 3 4 5 3 5 2 4 5 4 5 4 4 5 5 3 1 4 1 3 2 1 3 1 3 1 5 3 2 3 3 4 4 5 1 2 3 2 4 2 5 4 4 1 4 3 5 2 4 3 4 2 2 4 2 1 1 4 1 5 3 2 4 3 5 3 4 2 3 4 2 3 5 5 5 2 4 2 3 1 3 3 2 1 4 5 3 1 2 3 3 5 4 5 4 5 1 1 3 3 2 2 5 1 1 4 2 5 5 4 5 4 3 4 5 1 1 2 5 1 3 2 3 4 5 3 5 2 2 2 4 5 1 1 4 1 5 2 5 3 4 4 5 3 2 3 1 4 1 1 3 3 5 3 4 4 2 1 4 5 2 1 4 2 1 1 4 5 1 4 4 5 3 4 3 1 1 2 5 5 3 1 3 3 4 2 4 4 2 1 5 3 1 1 5 4 3 4 3 2 2 1 1 4 1 4 1 3 3 2 5 3 5 3 5 4 1 2 5 5 1 1 4 4 2 5 4 3 4 3 3 1 5 4 1 4 2 4 2 1 2 2 4 5 4 3 4 1 4 2 2 1 5 2 2 3 3 2 1 3 3 3 5 4 1 4 1 2 1 2 1 1 2 1 4 2 1 3 3 5 4 5 3
2 3 5 3 3 4 4 3 2 1 3 5 3 5 3 2 5 3 4 3 1 5 2 2 3 2 1 1 5 1 1 2 5 2 2 2 0 3 4 5 2 5 4 5 1 5 3 1 2 1 3 3 5 4 4 2 4 3 3 5 5 4 1 1 4 4 2 2 3 3 4 5 3 1 2 3 2 5 3 4 4 3 5 4 4 4 3 3 4 2 3 5 1 1 5 3 5 5 4 1 3 2 2 2 4 3 5 3 2 3 1 3 4 4 4 3 5 2 4 3 3 5 5 1 3 5 4 5 5 3 5 4 3 1 2 1 1 2 4 3 1 4 5 5 3 1 4 2 1 4 2 2 5 4 3 3 4 4 4 2 4 4 5 5 4 5 1 4 3 2 2 3 2 1 1 2 3 3 1 1 3 2 5 1 4 5 2 4 1 2 3 3 4 5 4 1 4 3 4 2 4 4 4 1 4 1 4 2 3 1 2 4 4 4 2 2 3 4 2 5 2 3 3 2 1 4 2 3 1 4 5 4 5 2 5 1 4 3 3 5 1 5 4 1 3 4 1 4 1 3 4 4 2 5 1 4 4 3 1 1 2 4 4 2 1 4 3 4 3 5 4 3 1 4 3 3 4 4 1 4 4 3 3 3 3 1 1 2 3 1 3 5 2 2 4 4 4 3 1 1 3 4 4 2 5 1 3 1 1 3 2 3 3 4 3 5 4 5 3 5 1 1 5 3 2 4 1 2 1 5 1 2 3 5 5 1 1 1 5 5 2 4 4 4 5 2 4 4 4 4 3 2 3 3 4 1 3 5 5 1 4 3 5 1 1 4 3 1 4 2 5 4 4 2 2 1 4 3 2 3 5 3 2 5 5 3 3 2 1 5 5 5 5 3 3 2 5 4 5 4 2 1 4 4 3 2 5 4 3 4 4 3 2 1 2 3 1 3 5 5 4 5 1 1 3 3 4 5 3 5 5 3 1 1 5 3 5 2 3 3 3 4 4 3 2 1 2 3 2 5
2 5 1 3 1 4 5 2 4 1 1 2 2 3 3 2 4 1 2 4 2 1 1 1 2 4 3 2 3 5 5 1 5 5 2 4 4 0 3 2 4 2 1 4 1 1 2 2 2 2 5 3 3 3 1 1 1 2 1 4 1 3 5 1 5 4 2 3 2 3 5 4 3 3 1 5 1 4 5 1 5 2 4 4 3 2 5 5 4 4 2 2 3 4 4 2 3 1 5 1 4 1 1 1 5 1 5 1 5 1 3 2 2 2 2 5 5 1 4 5 1 4 4 1 5 4 3 4 3 5 2 5 1 2 4 3 1 4 4 1 4 2 1 4 4 3 1 1 1 1 5 5 4 1 5 1 3 4 4 1 4 1 1 2 1 1 2 2 2 4 5 3 2 4 3 2 3 5 1 4 1 1 3 3 2 2 2 5 5 5 2 4 3 5 4 1 3 3 1 1 4 1 1 4 4 3 3 4 3 4 1 2 4 1 5 5 5 2 2 2 4 3 1 4 4 5 3 1 3 2 1 1 4 5 4 1 4 3 2 5 5 2 3 5 4 3 3 5 2 1 3 4 2 2 5 5 4 4 4 2 3 3 3 1 3 2 2 3 4 3 4 2 3 1 3 4 2 2 4 2 4 4 3 3 4 3 1 1 3 4 3 2 1 4 5 5 4 4 2 1 5 4 3 4 2 4 4 5 1 4 4 1 3 4 4 3 2 5 4 5 1 2 1 3 5 3 3 4 3 4 3 2 4 2 3 4 3 4 5 3 4 3 1 3 4 5 1 1 1 3 3 3 3 3 5 1 4 1 2 5 3 5 4 4 1 2 3 3 2 3 2 2 1 5 1 2 4 1 5 3 4 1 3 2 1 2 3 1 4 1 2 5 1 5 5 4 1 3 4 3 5 2 1 4 1 5 2 1 1 2 4 2 1 4 5 4 5 5 3 3 2 2 2 3 2 1 3 4 1 5 1 1 2 1 3 2 3 4 4 4 1 4 3 5 5 1 4 5 4 3
5 3 5 4 4 5 2 1 2 2 3 2 3 2 2 4 5 2 2 4 2 5 2 5 4 1 3 2 1 4 5 4 2 1 3 3 1 5 0 5 4 1 1 5 5 4 1 2 5 5 1 1 1 4 5 2 3 2 5 4 2 2 2 5 2 3 4 4 2 4 3 5 5 3 3 5 4 2 1 5 3 4 3 4 4 5 2 2 2 5 5 3 1 2 3 4 2 1 3 3 3 3 4 3 4 2 2 3 4 4 2 5 1 1 2 3 2 4 3 4 3 5 4 3 5 3 5 3 1 5 5 5 1 5 4 5 1 4 1 2 4 1 3 4 3 3 2 5 2 2 2 2 2 3 4 2 2 2 1 1 3 2 2 1 2 3 5 5 3 4 5 1 2 5 2 2 1 3 4 3 5 5 1 3 3 4 2 1 4 4 5 2 4 2 4 1 2 2 2 3 1 4 2 4 1 4 4 1 4 5 1 3 2 4 3 1 2 2 2 2 4 2 2 2 5 2 2 1 2 1 1 2 3 3 5 1 3 1 4 2 4 3 2 2 2 3 5 2 3 4 5 2 2 3 1 5 4 1 5 2 5 1 4 2 2 5 1 3 1 5 2 5 5 2 1 2 3 3 2 4 3 5 5 1 2 1 1 3 5 4 1 4 1 5 5 1 4 2 4 2 3 1 5 5 5 4 4 1 1 3 2 2 3 1 1 1 5 2 1 2 2 1 2 2 3 5 4 1 4 1 4 4 2 4 4 5 1 4 4 3 3 1 4 5 5 2 1 3 4 2 3 5 4 4 5 3 3 4 3 5 3 4 2 5 3 3 1 1 2 1 5 2 1 5 4 4 4 5 1 5 1 1 1 3 2 3 2 4 3 2 1 2 1 4 3 5 1 2 5 5 4 3 5 3 4 1 4 4 2 5 3 5 3 2 2 1 4 4 4 2 1 5 5 2 5 2 3 1 3 2 4 5 1 2 2 3 4 5 4 5 4 2 4 3 1 4 1 5 5 5
2 4 3 5 4 1 5 5 2 2 5 2 5 4 4 2 4 5 5 2 1 1 5 2 1 5 5 2 3 2 3 2 1 1 4 2 4 3 4 0 5 1 5 3 4 5 1 4 3 3 1 1 3 4 5 4 5 3 3 4 3 5 5 3 4 5 2 5 5 3 1 3 2 2 4 2 5 3 5 4 2 2 4 1 2 4 3 2 4 4 3 3 2 3 1 3 1 1 4 4 2 4 3 4 3 1 2 2 3 4 4 2 5 2 4 3 5 4 2 2 1 1 3 3 3 4 1 1 1 5 2 2 4 3 4 2 4 2 1 3 1 4 5 2 1 3 2 2 4 2 2 2 1 3 5 2 3 4 3 4 4 3 2 1 1 2 5 3 4 3 1 2 2 5 4 2 1 2 5 1 4 2 2 3 4 2 3 3 4 5 2 4 1 3 4 3 3 2 2 4 5 2 2 2 4 1 4 1 1 2 1 5 3 5 4 5 2 5 2 4 2 2 3 5 5 1 3 1 2 1 1 2 1 4 1 1 3 5 2 3 2 4 5 5 5 2 1 1 3 5 3 1 5 2 2 2 1 5 1 1 3 4 5 2 3 1 2 4 3 4 5 1 3 4 1 2 3 2 4 3 5 1 2 5 4 5 4 5 4 1 5 5 3 2 4 1 4 1 2 1 5 2 1 2 1 4 2 1 5 1 3 4 4 4 3 2 4 3 3 4 5 4 2 1 4 4 5 2 3 2 1 5 4 5 2 4 5 1 5 1 3 3 2 2 3 5 3 5 5 3 4 4 1 3 1 1 5 5 5 4 4 3 3 1 5 1 1 3 2 1 4 5 1 4 2 1 4 5 3 1 4 3 3 1 3 2 5 1 3 2 1 2 5 1 2 3 5 2 1 1 5 1 3 5 3 4 4 4 2 4 2 1 3 1 1 4 5 3 4 1 1 5 5 1 5 5 2 4 5 1 4 3 1 2 3 4 5 2 3 2 3 3 1 4 2 3 3 2 5 5
4 3 5 3 2 3 4 3 3 3 4 3 3 3 4 4 3 3 1 2 4 3 2 2 3 2 3 1 1 3 2 3 3 3 5 5 4 5 3 1 0 5 4 1 1 1 2 3 4 4 1 2 3 5 3 5 2 2 4 1 2 4 1 5 2 3 3 4 1 4 5 1 2 2 1 1 5 4 3 5 2 5 3 2 2 4 3 2 2 4 2 1 2 5 4 3 2 3 5 4 1 1 2 4 5 4 4 2 5 2 3 3 3 4 3 2 5 4 4 5 2 4 5 3 5 3 5 3 1 5 3 5 2 1 1 3 1 2 5 3 4 2 3 2 2 5 2 1 5 5 5 5 2 4 5 2 3 1 2 2 2 5 5 2 1 1 1 5 2 4 3 2 4 3 1 5 5 3 3 1 5 5 3 5 1 5 1 4 5 2 2 4 5 4 1 4 3 3 5 5 2 1 1 1 1 1 2 3 3 5 4 3 4 3 4 2 2 1 1 5 3 1 2 5 1 4 2 4 3 5 3 1 2 1 4 4 3 1 2 5 1 4 5 3 1 1 2 5 1 5 5 3 3 1 5 2 2 2 4 5 4 5 1 1 2 5 4 4 4 5 5 3 2 1 2 3 1 2 2 2 3 2 4 4 1 3 5 5 3 3 3 2 4 3 2 5 4 2 1 2 4 3 1 4 1 3 2 3 5 3 4 4 3 4 3 3 3 4 5 3 5 4 5 4 3 5 3 5 4 5 1 5 5 2 5 5 4 3 4 3 2 1 4 3 3 4 4 2 3 3 2 1 3 5 5 1 2 4 1 1 1 5 3 4 1 3 2 2 1 1 5 1 5 3 1 1 1 3 1 5 5 2 1 1 3 2 3 1 1 1 3 4 5 5 1 5 4 4 5 2 1 2 1 1 4 5 5 2 3 4 3 5 5 4 1 3 5 1 2 2 4 5 5 4 1 2 2 2 3 4 2 5 5 1 1 3 5 5 3 3 4 2 3 5 5 2 3 5 4 4
2 1 4 5 3 3 5 2 1 2 1 3 3 4 3 1 4 1 1 1 2 3 2 3 2 1 1 1 3 4 1 4 2 2 5 2 1 3 4 2 1 0 5 2 1 2 2 3 2 5 2 2 1 1 4 4 4 2 5 3 5 3 5 5 3 3 4 3 1 2 5 4 2 5 5 3 2 4 2 5 3 2 5 1 4 4 2 4 4 5 5 5 1 2 2 3 1 4 4 3 3 2 4 3 4 2 2 4 2 2 2 2 3 2 5 2 4 2 5 3 3 4 3 5 3 5 4 2 4 1 2 1 4 3 2 5 1 3 3 4 3 1 5 3 4 1 3 2 4 3 3 1 1 5 3 3 2 5 1 1 3 3 3 3 3 5 3 2 4 4 1 5 2 4 5 5 4 2 5 2 5 4 4 4 4 4 5 4 3 5 4 5 3 5 3 1 1 5 4 4 2 3 2 3 2 4 2 5 3 1 2 4 1 5 2 3 4 3 3 1 4 3 3 5 1 2 4 1 2 1 5 5 4 1 2 1 3 3 5 2 2 3 2 2 5 1 1 5 2 1 2 4 2 4 3 4 5 4 2 2 5 5 2 2 1 4 5 1 4 3 1 5 1 2 1 4 3 3 3 4 5 3 3 1 1 3 1 4 3 4 4 3 5 1 2 5 1 5 3 1 3 2 2 3 5 3 3 4 2 1 3 1 5 3 4 4 1 2 3 2 1 4 1 2 5 2 4 1 2 5 2 3 3 3 2 5 2 4 2 2 3 5 4 3 5 1 3 5 4 1 2 1 4 2 2 2 4 1 2 4 2 1 2 3 5 3 5 3 4 4 2 3 4 5 2 2 1 1 1 3 3 5 3 5 5 3 4 5 5 3 2 3 3 2 5 4 3 4 2 5 5 5 4 1 2 4 5 3 4 2 2 5 5 2 3 4 1 5 3 2 3 4 4 4 3 3 1 3 3 4 4 2 1 2 4 1 1 1 4 1 5 5 4 3 2 1 4 1 3 2
3 1 3 5 1 1 1 1 5 4 4 1 4 1 1 2 1 5 4 4 3 3 1 2 1 2 2 2 2 1 5 4 5 3 3 4 2 4 3 4 3 4 0 1 5 4 2 5 1 4 4 4 4 4 4 2 5 3 4 5 2 5 2 5 3 1 4 1 1 5 1 1 5 4 3 1 5 3 2 4 1 5 2 1 2 3 3 2 4 4 4 4 2 4 5 1 3 2 4 3 4 1 1 3 1 4 1 2 5 1 2 3 2 3 5 2 1 3 1 3 2 4 3 1 3 4 2 5 1 5 2 3 4 5 5 5 1 2 1 3 1 2 4 3 4 4 3 3 1 5 5 5 3 3 3 4 4 4 2 3 3 3 4 1 5 4 4 4 3 5 1 1 5 2 1 1 5 3 2 5 2 2 4 4 5 4 2 4 1 3 4 3 1 2 1 3 5 2 4 4 3 4 3 3 2 1 1 2 3 4 1 4 1 1 1 5 5 1 5 1 1 1 3 3 1 2 1 1 3 1 5 5 2 1 3 2 5 3 4 3 3 5 5 3 2 1 2 5 4 2 5 5 1 2 1 3 1 3 4 2 5 2 2 2 5 4 4 3 4 5 3 2 2 1 5 2 1 2 1 1 5 1 3 4 3 1 1 2 2 3 3 5 3 2 4 1 4 1 5 3 4 1 5 4 5 2 5 1 1 5 5 5 2 2 4 5 4 4 3 4 3 4 5 5 1 1 4 5 3 2 4 5 1 4 1 5 5 4 3 5 5 3 4 2 4 4 2 1 2 2 4 1 4 3 2 1 1 2 1 4 5 4 1 3 1 2 2 4 2 4 5 4 4 3 1 5 1 4 5 2 5 3 2 5 5 4 2 3 2 3 1 3 2 3 5 2 2 3 2 3 3 4 5 5 3 3 2 3 1 1 3 3 5 1 3 4 3 4 4 1 4 4 2 3 2 4 4 5 3 3 4 1 2 4 4 5 5 3 4 4 1 3 1 4 1 2 1 1 1 3
5 5 3 5 1 3 2 2 5 3 1 3 5 2 2 1 3 3 3 1 5 4 5 4 3 5 4 3 5 1 3 1 3 1 2 1 1 5 4 5 3 3 2 0 3 1 4 1 5 2 2 4 2 4 1 4 3 4 1 3 5 5 1 2 3 3 5 4 5 4 3 2 2 5 2 1 3 5 3 3 1 4 2 4 1 2 2 2 2 1 1 2 4 5 1 3 5 1 5 4 2 3 3 1 1 1 3 3 1 2 2 4 5 5 3 2 1 2 5 3 3 5 2 5 1 2 3 1 5 5 5 3 5 4 3 3 1 5 1 1 2 3 4 4 2 4 5 2 2 5 4 1 2 4 5 4 4 2 2 4 4 5 1 2 4 2 5 2 5 5 2 3 1 5 5 4 1 4 2 1 3 1 2 4 2 1 2 3 1 4 5 1 1 3 4 4 5 2 5 2 5 4 4 3 2 2 4 4 3 4 4 2 1 5 5 3 4 3 3 3 3 2 1 4 4 4 2 4 4 1 5 4 4 2 5 1 3 3 5 5 2 1 1 3 2 2 4 5 5 4 5 4 1 4 1 4 2 4 3 1 5 4 5 1 3 2 3 5 1 4 5 5 3 3 2 5 3 4 4 2 2 1 1 3 1 4 4 1 5 2 3 1 4 4 1 2 4 4 2 4 5 5 1 1 1 3 2 2 1 5 2 1 5 3 1 2 5 4 3 2 5 1 5 3 4 2 1 5 1 5 2 4 4 3 1 3 4 1 2 3 3 4 3 2 5 4 3 2 4 1 4 5 2 5 5 1 1 5 4 5 1 4 1 3 4 1 5 3 3 2 2 4 2 1 4 5 1 1 4 5 4 1 1 4 2 1 1 1 4 5 5 5 2 2 2 4 3 5 5 3 3 4 1 5 1 5 2 1 4 5 5 5 2 2 4 3 2 5 1 3 1 5 5 5 2 5 4 2 3 2 4 5 3 3 3 5 3 5 2 4 4 2 3 5 5 5 2 2 3 3
3 4 2 3 1 2 2 5 5 1 4 1 5 5 2 1 4 3 5 3 3 3 4 5 4 2 4 3 2 4 5 5 1 1 2 2 1 1 2 5 4 1 1 1 0 3 2 2 2 4 5 2 3 5 1 2 4 4 3 2 1 3 4 1 3 3 3 3 5 5 5 3 4 3 2 1 5 5 2 2 4 2 5 2 3 2 2 3 3 2 2 1 4 2 1 5 3 1 2 4 2 2 3 5 1 4 3 1 1 2 2 2 2 5 3 1 3 5 2 5 2 5 5 1 3 4 4 5 2 4 1 4 3 3 2 5 2 5 5 1 2 4 3 3 3 2 4 2 2 1 4 1 1 3 5 5 2 5 3 2 2 3 1 4 3 2 2 1 4 2 2 1 3 2 2 2 2 3 2 1 1 4 4 3 5 5 2 5 3 4 4 4 4 1 5 3 1 3 2 5 5 1 1 3 2 5 1 5 2 5 4 3 2 1 3 3 3 5 3 1 2 3 3 2 4 5 1 2 2 4 3 4 2 4 5 1 2 5 3 5 4 5 3 2 2 3 5 2 5 2 1 5 3 3 1 4 5 3 1 4 2 5 4 4 2 1 4 2 1 5 2 5 4 4 1 2 2 5 1 3 2 2 2 4 3 4 4 2 2 1 5 4 2 3 5 3 1 2 1 1 2 1 3 1 1 2 4 2 5 2 2 5 2 1 1 4 2 1 1 2 5 4 2 3 1 4 1 1 4 2 5 5 4 2 2 5 2 1 3 2 3 2 2 2 2 2 3 3 1 2 3 3 3 2 2 4 5 4 5 3 3 1 5 4 4 3 1 3 1 1 3 3 3 2 1 1 1 2 5 3 4 4 4 2 1 1 5 5 3 4 3 1 1 2 2 4 2 5 1 5 4 2 3 2 1 5 4 2 4 4 4 5 2 5 2 4 3 4 5 3 3 4 3 5 1 4 2 1 3 3 5 3 2 1 5 1 2 2 1 4 2 5 5 2 4 2 4 3 1 4
3 5 1 3 4 4 3 4 4 4 1 5 3 2 3 3 3 1 3 2 3 1 1 5 1 4 4 5 5 4 1 2 4 2 3 1 3 2 5 3 5 1 5 5 4 0 1 4 5 5 2 4 2 2 3 4 3 3 4 5 2 1 1 2 5 4 2 3 5 4 5 1 1 3 2 2 5 4 4 2 1 1 2 1 2 1 3 2 1 3 4 4 3 4 5 1 2 3 2 1 1 2 1 5 4 1 4 2 2 4 3 1 5 5 3 2 1 1 3 2 2 3 3 4 4 5 4 1 4 3 5 3 5 4 4 1 3 1 1 4 1 1 5 5 1 5 4 4 4 2 5 3 1 1 1 2 3 1 4 2 3 1 5 2 1 3 5 3 4 4 3 4 4 2 5 2 5 5 1 1 4 1 3 5 1 4 2 4 3 2 2 1 5 4 5 2 1 5 3 1 4 5 4 2 3 4 3 5 3 5 3 3 1 4 1 2 4 4 1 5 4 1 4 5 3 1 2 1 1 1 2 4 5 5 2 4 3 3 2 4 4 4 2 2 2 2 1 1 2 5 5 3 4 3 1 3 1 1 3 2 1 5 4 2 5 4 1 4 3 4 4 2 2 3 3 1 2 4 3 1 4 3 4 4 4 5 2 4 4 2 5 3 3 2 3 2 3 3 5 3 3 3 1 2 2 1 2 3 1 3 3 4 5 3 4 3 1 4 1 2 4 3 1 1 3 3 5 4 4 2 3 4 2 2 3 3 1 2 1 1 2 4 3 3 2 4 4 5 2 2 5 4 5 1 3 4 4 5 1 2 3 5 3 3 3 2 4 1 2 2 1 1 4 2 2 1 2 4 3 4 4 4 3 5 1 1 5 4 2 2 1 2 1 5 4 4 1 4 3 3 4 2 5 1 2 4 5 4 5 4 2 1 5 1 2 1 4 4 2 1 1 2 1 4 1 3 4 5 3 5 1 3 1 1 4 2 5 4 4 5 2 2 5 4 4 4 1 1 5 3
4 5 5 2 1 3 4 4 4 5 2 2 4 2 1 3 2 2 4 3 5 5 3 1 3 3 4 5 2 2 5 2 5 1 1 4 5 3 4 5 1 2 2 1 4 5 0 4 3 2 4 5 5 1 1 1 1 2 4 1 4 1 1 3 4 3 5 2 2 4 4 4 5 1 5 2 1 2 3 3 4 1 2 1 4 5 4 3 1 4 3 2 1 5 5 1 3 2 1 1 3 2 3 5 3 1 4 1 3 2 4 3 1 4 1 4 4 2 2 4 1 1 2 2 5 5 4 4 1 3 1 5 4 1 5 3 2 3 4 2 5 4 3 2 2 4 2 5 3 2 2 5 4 5 2 5 4 2 3 1 2 1 5 4 1 4 4 4 3 5 4 5 5 4 2 3 5 1 4 5 5 1 5 4 3 4 1 1 2 3 4 1 4 4 1 3 3 2 3 5 5 4 3 2 2 2 3 3 4 5 4 2 2 3 2 1 2 4 3 3 1 2 3 1 2 3 5 1 2 3 2 2 2 5 1 4 2 1 4 5 5 3 1 3 4 4 2 3 2 5 5 2 2 4 2 3 5 1 1 2 4 1 3 1 1 1 5 5 3 2 2 5 2 5 2 1 5 1 4 1 4 4 5 2 3 4 5 5 4 1 3 3 1 2 3 2 3 3 1 1 1 2 1 2 4 5 4 5 2 1 5 1 4 2 3 1 4 2 5 5 2 4 5 2 2 2 2 2 1 1 2 4 4 4 1 3 1 2 5 2 1 4 3 1 1 1 3 3 4 4 3 1 4 3 3 3 1 1 5 5 5 5 4 1 2 3 1 1 3 3 2 4 3 4 3 4 3 1 3 3 2 5 3 3 2 5 4 4 4 5 4 5 5 2 1 1 5 4 4 4 5 2 3 4 3 1 5 3 5 1 5 3 5 5 3 3 1 2 5 3 2 1 2 2 2 5 4 1 5 5 3 1 1 3 5 1 2 1 2 1 3 5 3 3 5 4 4 4 4 1
5 5 5 4 5 5 1 3 5 1 3 5 2 5 2 1 5 4 1 5 2 2 3 4 4 4 1 1 4 2 2 5 4 2 1 2 3 5 5 2 2 2 2 4 2 5 2 0 5 4 2 3 4 1 1 1 5 1 4 4 1 3 5 2 3 4 2 4 5 4 5 1 1 1 1 2 1 3 1 5 5 2 4 2 5 1 2 1 2 5 5 1 1 2 2 4 4 3 2 4 2 2 4 2 1 4 4 1 3 4 4 2 5 3 4 2 5 2 3 5 2 4 2 5 1 3 1 4 5 3 5 1 3 5 1 2 1 4 2 1 3 4 4 3 1 2 2 5 2 4 2 4 3 1 3 1 5 3 4 4 5 2 4 5 5 2 2 2 1 4 1 3 1 2 1 2 4 3 1 4 4 2 1 1 1 2 4 5 4 5 3 4 3 1 5 4 3 5 2 3 1 4 3 2 1 3 3 1 5 5 3 3 2 2 4 3 2 2 4 1 2 4 1 5 2 2 5 2 5 5 3 1 2 1 2 4 3 5 5 3 4 2 3 2 4 1 5 2 4 3 5 3 5 2 1 4 1 5 2 2 4 2 3 5 3 5 2 5 3 5 4 1 4 3 4 5 2 3 2 4 3 1 1 3 3 3 4 3 3 4 4 5 4 2 4 5 3 1 4 1 5 2 2 5 1 4 4 3 2 1 1 3 2 4 4 3 1 1 5 4 1 3 5 1 2 3 4 2 2 1 4 1 3 1 5 3 5 2 4 3 2 2 4 3 4 3 2 4 1 3 1 4 5 1 2 2 2 5 4 3 4 4 3 1 4 3 5 5 2 4 2 1 1 4 3 4 3 4 5 3 3 4 2 5 5 4 4 5 1 3 1 2 4 2 2 3 5 5 4 2 5 4 1 2 3 5 2 3 2 5 5 5 1 2 2 2 3 4 4 5 1 2 1 1 1 4 5 5 4 4 2 3 1 3 1 2 4 2 3 3 1 1 2 3 1 2 2 5 4 3
2 1 3 4 1 1 3 2 3 5 2 2 5 3 1 4 1 5 1 5 3 2 4 1 4 5 5 1 4 2 2 5 5 3 2 4 2 2 5 3 3 2 4 5 4 3 2 4 0 3 3 2 1 1 5 5 1 1 2 3 4 1 3 4 2 4 5 4 5 3 3 1 1 4 3 4 2 2 2 2 2 5 2 1 2 4 2 5 1 1 1 3 5 5 2 4 3 2 4 5 4 5 1 5 4 1 4 2 3 1 4 2 5 5 1 2 3 5 4 3 3 2 3 3 4 3 1 4 1 3 1 3 2 1 4 2 4 4 4 4 1 2 1 4 3 2 5 4 3 1 4 3 5 1 2 5 1 2 4 4 3 3 3 3 2 3 3 1 3 3 4 3 5 2 4 3 5 3 2 5 2 5 1 4 4 3 1 5 4 1 4 4 4 3 1 4 5 3 1 2 4 4 4 2 1 2 1 4 3 4 1 5 2 3 1 3 2 2 1 3 2 4 4 2 4 5 3 3 4 4 2 1 1 4 1 2 3 3 2 4 1 3 4 3 2 1 4 1 1 1 2 2 4 2 4 3 4 5 5 5 1 4 4 1 4 1 1 5 1 4 2 5 1 5 1 5 5 2 1 1 3 4 1 1 2 2 4 3 5 2 1 2 5 3 1 5 2 3 5 1 5 5 5 2 2 5 1 1 3 5 3 1 3 1 4 4 2 4 5 3 2 2 5 3 3 5 3 4 4 1 1 3 5 5 5 2 5 2 4 4 4 3 4 2 5 3 4 4 2 5 4 2 3 2 4 2 2 1 4 2 3 2 3 3 3 2 3 5 3 2 2 4 2 1 2 4 3 4 2 4 5 1 3 4 5 4 4 2 4 3 5 4 3 3 2 2 3 2 2 3 1 3 3 3 2 2 4 3 3 2 3 1 5 4 4 4 4 3 1 1 3 5 5 5 1 5 2 1 3 4 2 2 4 2 1 4 2 4 3 5 3 5 1 4 5 1 1 3 3 5
4 1 3 5 4 3 1 2 2 2 2 2 5 3 3 2 5 4 3 3 1 3 2 2 1 4 5 4 4 4 4 1 2 5 2 5 4 1 2 1 1 2 4 4 5 2 4 4 4 0 5 5 5 2 3 3 5 3 3 5 4 2 5 1 2 5 3 1 1 1 4 2 5 2 2 4 3 2 4 1 3 1 3 3 3 5 1 4 3 1 5 1 1 5 5 3 5 5 1 5 2 4 4 5 4 4 3 5 2 3 4 3 1 2 3 3 4 1 1 1 4 1 2 1 5 5 2 4 4 5 1 3 1 1 4 1 3 5 1 4 4 3 4 4 3 3 1 3 1 1 2 3 4 2 4 4 2 2 2 2 4 3 3 1 1 2 3 3 3 4 4 2 3 3 3 5 5 5 2 3 5 4 2 3 1 3 5 5 5 1 5 2 2 5 5 3 3 5 5 3 4 1 4 1 3 5 1 2 1 2 1 4 2 5 1 2 1 5 2 2 1 1 2 3 4 1 1 3 5 4 1 4 4 1 3 3 2 1 5 4 4 1 1 1 2 4 4 1 3 1 2 5 3 4 4 1 5 4 3 3 2 3 3 4 3 2 3 5 3 5 1 4 3 4 4 5 2 2 2 3 1 5 3 4 1 5 2 5 5 5 5 5 3 4 1 1 4 5 3 4 5 4 2 5 5 5 2 3 5 5 3 4 5 3 1 2 1 1 4 5 4 3 3 3 4 2 3 4 4 3 1 4 2 5 2 5 3 2 5 3 1 3 1 1 3 1 3 4 5 1 3 1 3 4 1 1 4 5 1 5 4 1 4 1 4 1 5 3 4 4 1 1 3 3 2 4 1 3 3 3 2 4 3 3 4 2 5 2 2 4 3 1 2 3 3 5 4 2 3 1 2 4 1 2 4 3 5 1 3 5 3 5 5 3 4 2 5 3 2 3 1 3 5 5 5 1 3 2 3 4 3 3 4 4 1 5 5 2 1 3 1 5 5 4 4 1 5 5 4 5
2 3 2 2 3 5 4 4 5 1 5 3 2 1 3 2 5 1 2 5 2 3 2 1 2 2 1 2 2 1 2 3 4 4 1 2 1 3 2 4 4 5 4 5 4 4 5 3 1 5 0 4 1 2 1 1 2 2 3 3 4 3 4 1 3 1 2 2 3 5 1 3 4 2 5 4 4 2 1 3 3 1 1 4 2 5 5 3 4 3 3 5 4 3 5 4 1 3 4 5 2 2 2 2 4 3 4 2 1 3 2 1 1 4 1 3 5 2 2 1 2 2 4 3 4 4 1 4 2 2 4 3 3 1 5 1 3 2 4 1 3 4 1 3 3 4 2 2 3 3 1 2 5 4 1 3 5 5 4 1 3 1 3 5 2 1 2 1 4 4 3 5 2 2 4 3 1 2 3 4 4 3 3 4 2 3 1 3 1 5 4 3 1 1 4 2 2 5 1 3 1 2 3 5 1 4 4 2 1 4 3 4 4 2 4 4 4 5 3 1 5 2 5 3 1 4 5 4 2 1 1 1 1 1 2 3 3 5 4 1 3 5 3 2 3 3 4 2 4 3 5 3 3 5 2 5 4 1 4 3 4 1 2 2 5 4 2 4 4 4 5 5 2 4 5 2 1 2 4 3 1 1 3 2 4 4 2 3 1 3 3 5 1 4 4 2 4 1 1 4 3 3 1 2 3 2 1 2 1 2 2 1 2 1 3 5 3 3 2 5 4 3 1 2 1 1 3 3 5 3 4 1 1 2 2 2 4 3 2 3 5 3 4 4 2 2 1 2 1 1 5 5 1 5 2 2 2 1 1 5 1 5 2 4 5 2 5 4 4 3 4 5 3 4 5 3 2 4 1 1 4 3 4 5 4 2 5 2 5 5 5 2 3 3 3 2 2 3 3 3 5 5 4 5 4 1 5 1 5 4 2 2 1 3 1 1 2 3 3 4 1 4 4 2 4 3 1 2 2 1 4 5 4 3 4 4 5 4 3 5 4 1 5 3 1 3 4 2 4 1
1 5 3 2 1 4 1 4 4 1 5 1 1 3 1 4 1 3 2 4 1 4 4 3 2 1 2 3 1 2 5 4 1 3 1 3 5 5 5 2 2 2 5 2 3 2 3 5 3 2 1 0 1 5 2 3 4 4 2 3 2 1 1 4 4 5 4 2 4 1 2 1 2 1 2 4 2 3 5 4 3 5 4 4 5 2 4 1 3 4 3 4 2 3 4 4 1 4 5 4 1 4 3 1 3 2 1 4 3 2 3 5 2 1 4 2 1 4 2 1 1 1 2 5 5 5 5 1 4 4 2 1 4 5 1 4 4 2 1 1 4 2 3 3 2 4 3 5 4 3 5 5 1 5 1 5 5 3 3 4 4 5 1 2 1 3 3 4 1 2 2 1 3 1 1 4 1 2 1 1 5 2 3 5 2 3 5 2 5 5 4 5 2 1 3 2 5 5 5 2 4 5 2 2 3 5 2 1 4 1 2 5 4 4 1 4 2 1 5 2 5 3 3 2 5 3 2 1 1 4 2 5 1 3 2 1 5 2 5 2 2 2 5 3 3 2 1 5 2 2 2 4 2 3 3 3 5 4 4 3 1 5 4 1 5 1 4 4 4 5 2 2 4 5 3 5 5 4 2 2 3 4 4 2 1 2 4 4 1 2 3 3 3 5 2 5 1 3 4 3 4 3 2 1 1 4 3 4 3 4 5 2 4 1 4 1 1 1 4 1 3 1 4 1 1 2 5 1 5 4 5 5 4 1 1 2 3 4 4 2 1 4 3 2 2 1 2 2 4 3 5 3 2 3 5 3 3 2 5 4 2 3 3 2 1 1 5 4 4 4 4 2 2 3 5 5 3 4 1 1 1 4 5 1 2 2 1 2 3 1 1 3 5 1 4 4 5 5 4 2 4 1 2 3 4 5 4 1 3 2 1 5 5 4 4 3 3 5 3 5 2 5 1 2 2 5 4 2 5 2 3 4 4 2 2 5 5 2 1 1 4 3 4 5 1 3 2 5 1 5
2 4 3 5 2 1 1 4 5 5 5 3 5 4 1 1 1 1 1 1 4 4 4 2 4 3 3 4 2 5 5 4 2 2 2 4 2 4 5 4 3 1 4 2 5 4 3 3 3 3 4 5 0 2 3 1 4 2 5 5 3 2 3 1 1 5 5 3 2 4 1 4 3 4 2 5 4 5 5 5 4 3 1 2 2 2 2 1 2 4 5 3 4 2 5 2 2 2 5 2 2 1 4 1 3 1 2 2 2 1 2 1 2 4 3 2 2 4 3 4 2 5 2 4 5 4 4 4 4 3 4 5 2 5 3 4 2 1 2 2 4 1 5 5 3 1 3 4 3 2 4 5 1 5 2 2 4 3 1 3 5 3 3 4 3 3 2 2 5 2 4 4 3 5 4 1 4 4 1 3 5 3 5 3 4 3 3 4 2 1 2 5 4 4 5 2 2 5 5 3 4 4 3 5 3 4 4 5 3 1 4 1 3 3 5 4 2 4 3 1 3 1 5 5 4 2 2 1 4 2 1 5 3 5 4 1 2 3 4 1 5 1 4 3 2 3 2 1 5 5 5 3 2 2 2 5 5 3 4 2 2 1 5 3 5 2 5 3 5 5 5 5 4 2 5 4 4 2 3 4 2 1 5 4 1 1 4 4 2 2 4 2 3 2 4 3 1 1 1 1 3 5 2 2 3 4 2 1 4 3 1 2 5 3 3 2 5 3 3 4 3 1 5 3 5 2 5 3 3 1 4 4 5 5 1 5 1 3 3 1 2 3 3 5 4 3 5 2 3 4 2 4 5 5 1 2 5 3 2 1 3 2 5 5 4 4 5 1 4 4 5 5 3 1 1 4 1 3 3 4 4 2 1 5 3 3 4 3 1 3 5 3 2 5 4 1 4 2 3 4 4 3 1 1 2 4 2 2 5 4 1 2 3 5 5 1 3 5 1 1 1 1 5 4 3 3 5 4 2 2 5 2 5 2 1 2 2 3 3 2 2 3 2 2 3 5 3 4 5 5
1 2 2 4 3 3 1 3 5 5 1 4 5 5 1 3 1 1 2 3 5 5 3 4 1 2 3 2 3 2 2 1 3 1 2 3 5 3 1 4 5 5 4 5 5 4 5 1 4 1 3 4 2 0 5 3 5 3 2 4 1 1 2 2 1 1 1 3 5 2 1 4 1 1 3 1 1 3 3 5 3 2 2 1 1 4 4 1 1 4 4 2 1 1 3 1 3 1 3 4 3 5 2 3 3 3 4 2 1 1 1 3 5 3 1 2 1 5 5 2 2 5 4 5 4 4 4 1 1 2 4 2 1 5 5 3 2 5 1 2 3 4 4 5 3 2 4 5 2 4 4 1 2 1 2 2 5 1 2 3 5 3 5 2 1 3 2 2 2 4 2 2 2 2 5 4 1 2 2 2 1 1 3 2 5 1 5 1 1 2 3 2 2 2 2 1 5 4 4 2 3 4 3 4 2 4 3 5 1 5 4 3 1 5 5 5 3 2 3 3 5 3 3 3 3 4 3 3 4 4 1 4 3 3 4 4 4 5 5 4 5 4 5 2 1 4 1 1 4 3 5 3 4 1 4 4 2 4 3 3 5 4 4 3 5 1 1 2 4 5 3 1 4 2 4 4 3 5 3 2 3 2 4 5 3 4 4 5 1 2 2 5 1 1 3 4 4 2 2 4 2 3 4 1 3 2 2 2 3 3 5 1 2 3 4 2 3 3 3 5 3 3 3 1 5 3 3 3 1 1 4 3 2 2 2 2 1 3 4 5 3 3 3 2 1 1 5 1 5 5 3 4 3 4 3 3 4 3 3 5 4 3 2 2 5 1 4 2 3 1 4 1 4 4 1 1 5 4 1 3 2 4 1 2 2 3 3 4 5 3 4 2 1 1 2 3 1 5 3 3 5 1 1 4 1 5 4 4 2 2 4 4 2 2 5 2 4 5 3 3 5 4 1 1 1 2 4 1 5 3 4 5 3 2 1 5 4 2 1 5 4 5 4 5 1 2 4 5 5 4
3 5 2 3 3 3 5 1 2 1 1 4 3 3 2 4 1 3 4 3 2 2 1 4 1 3 4 4 4 4 1 5 5 5 4 2 2 2 2 5 3 3 1 1 3 5 1 3 3 1 2 5 4 4 0 5 3 2 2 5 1 3 1 4 1 1 2 5 4 3 5 3 5 1 4 4 2 5 2 1 5 4 5 1 3 4 1 1 2 2 2 3 3 5 5 1 5 2 2 5 2 2 3 3 5 1 2 4 3 4 1 4 3 2 5 5 5 5 2 4 3 2 3 2 2 3 3 4 1 3 2 3 5 2 2 4 1 2 3 3 3 2 3 3 1 1 2 3 1 3 5 4 5 3 1 4 4 5 1 4 4 1 2 5 3 1 5 2 5 3 3 3 1 5 5 5 1 2 4 5 3 2 5 1 4 1 4 2 5 1 3 2 3 4 3 3 1 4 5 4 2 3 4 3 2 2 1 4 3 2 1 5 2 3 2 1 5 1 5 2 1 3 1 3 1 4 1 3 4 1 4 3 3 3 4 4 4 2 4 3 2 2 2 2 5 4 4 3 3 5 4 5 3 2 1 2 1 5 2 4 3 5 5 2 3 4 5 1 3 3 2 2 5 2 5 1 5 4 1 3 4 2 5 5 4 1 5 2 1 3 1 1 3 3 3 1 2 1 4 1 5 3 2 2 3 1 5 1 5 2 5 3 5 4 4 1 3 3 5 4 2 3 3 4 4 4 4 4 1 5 3 3 3 1 5 1 5 1 4 2 3 1 2 1 5 2 2 3 5 3 3 1 3 3 1 1 4 3 3 5 3 3 2 5 5 2 3 1 1 3 5 3 1 5 2 1 5 3 3 5 4 4 3 4 3 4 2 4 2 3 4 1 5 4 4 3 4 5 5 4 3 5 3 4 2 4 5 1 1 2 4 1 5 3 5 1 4 1 3 5 3 5 5 5 4 5 1 3 4 2 5 5 1 1 4 3 3 5 3 3 4 2 2 1 5 5 1 5 3 5
5 1 2 5 3 1 4 3 5 3 3 1 3 3 1 2 4 2 5 5 5 3 4 3 2 1 1 5 3 4 1 5 5 1 5 1 2 5 3 4 4 4 2 1 5 5 2 1 3 4 3 5 3 3 3 0 2 5 5 3 4 4 2 3 2 4 3 1 5 5 3 2 2 4 3 4 2 3 4 2 4 4 5 2 2 4 3 5 4 3 1 5 3 2 3 5 2 1 3 4 3 2 3 5 2 2 2 2 2 1 2 2 3 2 2 3 2 2 3 3 1 1 2 3 2 1 3 2 2 4 4 2 3 5 1 4 2 4 1 3 5 2 2 2 4 1 5 3 2 1 3 2 2 1 5 5 2 4 3 3 4 1 3 2 4 2 3 2 3 1 2 4 3 1 5 2 2 1 1 4 4 3 5 4 3 3 1 4 2 4 5 4 5 5 4 3 4 2 5 3 5 1 3 1 3 5 3 3 5 1 1 5 2 2 3 4 4 1 2 5 1 1 3 2 5 2 3 3 3 4 5 5 2 1 1 2 3 5 4 5 5 3 5 2 4 4 2 5 4 1 5 4 3 2 5 3 3 5 5 2 5 1 5 1 2 5 3 5 2 1 5 1 3 5 1 5 2 2 1 4 2 2 5 1 4 3 3 5 4 4 2 2 5 5 2 4 2 2 4 1 3 5 2 4 5 3 2 2 3 3 1 4 1 3 4 4 4 1 5 1 3 1 2 4 1 1 2 3 2 2 5 1 1 5 1 4 1 5 4 2 1 1 4 4 4 4 4 1 5 5 1 5 3 3 4 2 4 3 2 1 3 4 3 5 1 3 3 1 2 1 5 4 3 2 3 2 2 4 5 1 1 4 4 3 1 1 4 4 1 1 2 5 2 3 5 1 2 2 4 5 1 3 1 5 4 1 4 1 3 1 2 1 5 5 1 4 2 5 3 2 1 5 5 5 3 1 3 5 2 3 1 2 2 4 5 3 3 2 2 2 3 3 5 2 3 3 2 1 5 1
5 4 1 4 2 4 3 1 5 1 3 2 2 2 4 1 4 4 3 2 1 5 5 2 3 2 4 5 4 4 5 5 5 3 3 5 2 4 5 2 5 1 2 1 5 2 5 3 2 2 4 4 5 5 5 2 0 1 2 2 2 3 1 4 4 2 4 3 5 4 2 5 1 5 3 5 5 1 5 4 5 5 1 1 2 4 2 4 3 5 2 1 2 4 5 4 4 4 3 2 1 3 3 2 5 4 5 2 5 4 2 3 2 5 5 5 1 2 5 1 1 1 2 4 1 3 3 1 1 2 3 3 3 4 5 5 1 3 5 3 4 1 3 2 3 5 3 4 2 2 1 3 3 5 3 2 4 4 1 3 4 4 3 2 5 1 1 3 4 3 3 5 1 5 4 4 2 2 4 5 2 2 1 1 4 1 1 3 5 2 4 5 1 2 2 2 1 3 5 4 1 1 4 1 2 2 1 2 2 4 3 3 1 3 4 5 3 3 4 5 2 2 1 5 4 3 1 1 3 3 3 3 4 5 2 2 2 2 1 1 5 4 1 5 3 4 5 1 1 4 3 2 5 1 1 4 3 2 3 3 4 4 2 4 3 3 3 2 4 5 3 1 4 1 3 1 5 5 1 3 5 2 4 3 1 1 4 2 4 1 1 5 4 1 5 3 4 1 2 1 5 4 3 3 5 4 5 2 5 5 4 3 3 2 2 3 2 5 5 5 4 1 1 2 5 4 4 5 5 2 5 3 5 5 2 3 1 1 3 2 3 3 1 1 1 1 5 3 3 2 3 3 2 4 4 3 4 4 1 3 2 1 3 2 4 4 4 4 3 4 1 5 1 3 4 2 1 1 1 1 4 5 3 1 1 4 5 3 4 3 4 3 4 1 3 1 4 3 3 5 5 4 1 4 3 1 3 2 1 3 2 1 4 2 4 4 2 4 5 1 2 5 2 2 1 3 2 3 5 3 1 5 2 3 3 1 1 1 3 3 5 5 4 3 4 1 2 2 5 3
1 1 5 4 5 1 1 3 5 2 3 1 5 4 1 2 4 5 4 4 4 4 1 2 4 3 4 4 2 2 3 5 2 1 2 4 5 4 2 4 1 3 5 5 3 2 3 3 2 2 2 5 1 3 4 5 4 0 2 1 1 5 1 3 4 1 1 3 1 2 5 3 5 2 3 5 3 2 3 3 3 1 5 1 5 4 3 5 3 5 5 1 1 5 2 3 1 5 3 5 4 5 1 2 5 1 2 3 1 2 1 2 2 2 5 5 4 2 1 3 1 5 3 3 1 5 1 1 2 1 5 2 4 5 5 1 1 5 2 1 5 1 5 4 2 2 1 5 2 1 4 4 1 1 1 2 1 3 4 4 4 5 4 1 2 1 5 1 1 1 4 1 3 5 2 1 3 5 2 3 2 1 5 1 4 4 5 4 3 2 2 3 1 5 3 1 1 1 3 2 4 4 1 4 1 4 4 1 2 4 2 4 3 5 5 1 5 2 5 3 1 3 1 5 5 2 5 1 4 1 1 4 2 3 5 1 3 5 3 4 2 5 5 4 4 1 1 3 5 2 5 5 1 1 4 3 1 2 2 3 1 3 5 5 1 3 5 4 3 2 5 1 2 1 2 5 1 4 4 4 2 3 1 2 4 3 1 2 1 4 3 5 2 4 1 4 2 5 5 2 2 2 4 2 1 4 4 1 1 4 2 3 2 3 1 2 4 5 2 3 1 3 2 4 4 3 4 5 1 3 5 1 2 3 5 2 4 1 5 4 2 5 1 1 4 5 4 2 1 1 2 1 1 5 2 3 4 3 5 3 4 4 3 4 1 1 4 3 3 1 2 5 4 4 5 4 3 2 4 4 2 2 3 2 1 1 2 5 2 4 3 2 2 2 3 5 5 2 3 4 4 5 1 3 1 1 5 3 4 5 2 5 4 3 4 1 1 2 1 2 3 4 5 3 1 4 4 5 1 3 2 3 4 3 4 5 3 1 4 4 4 1 5 3 4 4 4 4 2 3
4 1 3 5 4 4 3 2 1 4 3 3 3 3 4 1 3 5 5 4 4 4 1 2 1 3 2 4 2 1 5 5 3 4 2 4 4 2 5 3 4 3 1 1 3 5 4 1 4 3 1 4 4 1 5 1 5 3 0 5 2 2 3 4 1 2 3 2 4 5 3 3 4 3 5 5 2 3 4 1 2 5 1 2 4 3 3 5 2 1 2 5 1 1 1 3 1 5 1 4 4 1 1 2 2 4 3 1 2 2 1 1 3 5 5 5 2 2 1 3 2 1 3 3 4 4 4 2 1 1 4 2 2 1 3 1 3 4 1 4 3 2 4 5 4 2 1 2 2 4 3 4 1 4 3 4 1 3 1 4 3 3 2 2 4 3 1 1 5 3 3 1 4 2 1 3 1 3 1 5 2 3 5 5 5 3 4 3 3 2 5 3 1 1 4 2 4 4 2 1 5 3 2 1 4 1 1 4 1 5 4 5 1 1 3 4 2 2 3 2 3 1 2 2 3 3 2 1 2 3 1 5 4 3 5 2 4 1 4 4 3 2 3 1 2 1 5 5 5 4 4 4 1 3 5 4 4 1 1 1 1 5 5 4 1 2 5 4 1 2 1 2 1 5 4 1 1 2 1 1 4 3 1 2 1 3 2 1 4 3 3 4 2 5 4 3 4 2 2 2 2 5 4 3 2 4 4 3 2 5 2 3 4 3 1 3 4 1 3 3 1 4 2 1 3 4 1 2 2 1 5 2 3 4 2 4 1 2 2 2 3 1 3 2 1 2 4 5 4 2 1 2 4 1 3 1 3 4 2 4 1 3 4 1 2 4 3 4 2 1 2 3 5 3 1 5 2 2 5 1 2 2 5 3 5 1 5 5 3 2 4 2 3 2 4 4 2 1 3 5 1 1 1 4 1 2 5 3 4 2 1 5 5 3 2 1 5 1 2 5 3 2 5 1 5 5 5 5 2 1 3 3 5 4 2 3 1 1 2 3 1 5 1 5 4 5 2 4 2 5
2 4 1 2 3 3 3 2 4 3 5 5 4 1 1 4 4 2 5 3 3 2 4 4 3 2 5 5 5 2 5 4 4 1 4 4 2 4 4 2 3 4 3 1 1 3 3 2 2 4 1 5 5 4 3 5 2 2 4 0 2 5 2 2 5 5 4 5 3 2 4 3 1 5 4 4 3 3 4 1 4 2 4 4 2 1 3 2 3 1 4 2 2 4 4 2 2 2 1 2 3 1 4 1 4 4 1 4 3 3 2 3 2 4 2 5 3 1 4 1 1 5 1 3 5 4 3 2 5 4 4 2 1 1 3 1 2 4 1 3 3 2 5 4 1 2 1 4 1 3 4 2 4 4 1 3 3 1 4 2 1 3 4 5 4 1 2 4 1 3 3 3 2 1 1 5 4 3 1 2 3 1 2 5 5 1 3 5 2 2 3 3 1 3 3 1 3 3 5 3 2 5 2 2 4 3 1 2 4 2 1 3 1 4 1 4 2 4 2 4 2 1 4 1 1 3 1 4 1 3 2 1 3 4 1 1 3 1 5 5 3 3 5 4 3 4 2 1 2 3 3 3 1 1 3 5 1 5 4 3 3 1 1 2 4 5 1 5 4 3 3 1 4 5 4 2 3 2 3 4 3 4 2 2 4 5 1 1 5 5 4 2 2 4 4 4 4 2 2 4 1 5 3 5 2 1 1 3 2 2 3 5 5 2 2 2 5 3 2 4 3 3 2 3 3 4 5 2 4 5 2 2 2 2 3 1 3 5 3 5 4 5 1 5 5 3 5 3 2 5 4 3 5 2 2 4 3 1 2 1 4 4 3 3 5 1 2 3 3 2 5 5 3 3 4 1 3 2 5 2 5 1 3 3 4 2 4 5 4 5 1 1 3 1 2 5 5 2 1 3 5 3 1 3 3 4 4 2 1 5 4 1 5 4 2 2 2 3 5 2 1 3 5 3 3 5 5 3 1 4 1 4 5 2 4 1 1 2 3 3 3 1 1 3 1 2 1 1 5 2
3 3 3 5 2 3 3 5 2 5 3 2 2 2 2 1 4 2 4 1 2 2 3 2 1 1 5 4 4 1 2 3 4 4 4 5 4 2 5 3 1 5 3 3 3 1 2 5 3 1 1 2 4 3 5 5 2 5 1 2 0 2 1 3 1 4 4 2 2 4 2 2 3 5 5 5 1 5 1 2 1 4 3 2 4 2 5 5 2 4 3 5 2 3 3 2 5 3 4 4 4 1 3 3 5 2 4 5 2 4 2 1 4 4 5 2 3 3 2 4 3 2 4 2 2 2 2 4 3 1 5 3 4 4 1 1 1 3 4 1 5 3 3 2 4 5 4 2 2 5 2 2 2 4 3 1 1 3 4 4 1 2 4 1 2 4 4 1 4 3 1 4 4 2 1 2 4 2 4 3 1 2 2 3 4 2 4 2 5 1 4 2 2 5 5 3 2 5 1 2 4 5 2 5 1 2 2 3 3 5 2 5 1 3 1 1 1 3 5 5 2 2 5 4 5 1 2 2 2 1 3 2 4 3 3 3 3 3 2 3 1 5 4 1 5 4 1 4 2 5 1 3 2 3 1 1 1 3 2 5 3 2 2 2 2 1 1 2 1 2 5 4 2 1 5 5 4 1 1 1 1 3 2 5 2 5 2 1 4 3 4 3 4 1 5 3 3 5 2 4 5 3 3 1 2 1 5 1 2 5 2 5 5 2 2 3 4 4 2 2 4 5 4 3 2 4 4 5 1 1 5 4 1 5 3 4 2 5 3 3 3 3 1 4 5 1 4 4 5 5 5 4 3 1 4 3 1 5 1 3 5 1 3 5 2 1 5 4 1 2 3 3 3 2 3 1 1 3 2 4 5 4 1 4 2 5 5 2 3 3 4 3 2 2 5 3 5 1 3 4 4 1 3 2 3 4 4 3 4 4 2 1 3 5 1 1 5 5 4 5 4 3 4 2 1 2 1 2 1 1 3 4 5 3 4 3 2 1 3 1 5 2 4 4 4 3 3 1 2 4
3 3 4 5 4 1 5 2 5 4 2 3 4 5 4 1 5 4 4 4 4 1 2 1 3 3 5 1 5 2 4 2 4 1 3 1 2 4 5 1 4 1 5 5 1 5 3 5 5 5 1 1 1 1 2 3 5 5 3 5 3 0 5 1 3 3 2 1 1 1 2 3 2 2 2 5 5 2 5 1 4 5 5 3 3 1 2 1 1 1 3 3 4 4 1 3 2 5 2 1 4 2 3 4 4 3 1 3 3 4 2 2 1 2 2 4 4 1 4 5 4 3 1 5 3 2 1 2 5 2 3 2 5 1 4 2 4 2 3 1 5 2 4 4 3 5 2 2 2 1 1 1 2 1 5 1 1 3 1 4 2 3 1 4 3 4 2 3 1 1 5 3 2 5 1 5 1 2 2 4 5 3 2 1 1 3 4 4 2 1 3 5 4 3 2 3 1 5 5 5 2 2 2 2 3 5 1 2 1 3 2 1 2 1 2 3 2 1 4 3 2 2 4 3 1 4 1 4 4 3 3 5 2 3 3 3 5 1 5 4 4 5 5 4 5 1 5 2 5 2 2 5 5 1 2 3 5 4 1 1 3 1 5 2 3 1 4 2 1 3 3 5 2 5 3 5 4 3 1 3 3 2 3 4 4 4 5 4 5 2 2 4 1 4 5 1 1 3 2 4 5 1 4 3 3 1 5 1 1 4 5 1 3 4 1 1 1 4 5 2 1 2 1 2 2 2 2 2 4 2 1 3 1 1 3 2 1 3 3 2 1 2 2 3 3 3 1 3 4 1 5 2 1 1 4 1 3 1 2 4 5 2 3 3 5 1 3 2 4 3 5 4 3 1 3 3 2 5 1 5 4 2 4 1 5 1 5 1 1 1 4 1 5 4 5 1 3 5 4 3 1 4 3 3 4 1 4 1 3 1 4 4 5 3 2 3 2 3 1 1 2 3 5 5 3 1 2 2 3 5 1 2 5 3 1 5 1 4 3 3 2 3 3 3 1 2 5 1 3 1
3 2 5 2 3 1 2 5 1 1 3 5 2 5 4 2 1 5 1 1 1 3 3 1 3 5 4 2 1 1 3 2 5 5 4 2 4 4 5 4 4 1 4 2 4 3 3 3 2 5 3 4 2 5 4 4 1 1 2 1 4 4 0 1 3 1 1 4 1 2 2 3 1 4 1 3 5 4 3 2 2 5 1 3 2 4 4 3 2 2 4 5 2 1 2 5 5 2 4 1 3 3 3 4 4 2 3 5 4 3 3 1 4 4 2 5 4 5 1 1 1 3 4 5 1 3 4 2 4 1 3 3 2 4 3 1 3 1 1 2 3 2 5 5 4 2 1 1 2 4 1 3 3 4 4 1 5 5 2 2 1 3 5 5 3 3 2 4 3 4 4 2 5 2 3 5 4 1 5 5 5 1 3 1 1 2 1 3 5 1 2 1 4 2 2 2 5 5 2 3 2 3 1 1 1 2 2 1 3 4 2 5 1 2 4 2 5 5 5 3 1 2 4 4 1 4 5 1 3 1 5 4 5 3 3 3 2 3 1 1 3 2 4 4 1 2 3 1 1 5 5 1 4 1 1 2 1 1 1 1 3 4 4 1 4 1 3 2 1 1 1 3 3 5 1 5 1 2 2 1 1 4 4 5 3 5 5 4 3 4 2 3 4 4 4 4 2 4 3 1 5 2 5 3 4 4 1 2 4 1 5 3 4 1 3 5 2 3 5 1 4 2 4 5 5 3 2 5 4 5 1 2 3 3 1 1 2 1 4 3 1 5 3 1 2 3 2 2 5 5 3 1 1 2 5 3 2 5 3 2 5 1 3 2 3 4 4 4 1 2 5 3 5 1 2 3 1 3 1 5 1 2 2 3 3 5 4 4 5 3 1 3 2 1 3 3 3 3 5 2 3 1 1 1 2 3 2 4 4 4 4 1 2 3 2 2 4 5 4 4 5 1 5 1 5 3 1 2 3 4 1 5 1 3 3 2 5 3 3 1 2 4 4 3 2 1 2 5 1 5
2 1 4 1 4 3 5 1 5 4 4 2 1 3 4 3 1 1 1 2 4 5 4 1 3 5 1 2 3 1 2 3 1 3 1 3 3 1 1 1 1 3 5 3 5 4 1 2 2 2 2 4 5 5 4 2 5 1 5 3 3 3 3 0 5 1 5 2 3 3 1 2 4 2 1 5 2 4 5 5 4 4 5 2 1 1 3 2 3 4 1 2 2 3 3 3 4 3 4 3 4 3 4 3 3 3 4 2 4 1 1 1 4 3 4 3 2 5 2 1 2 2 3 2 4 2 2 2 4 1 2 4 5 5 3 4 1 1 1 1 5 3 3 4 3 1 3 5 4 1 4 2 4 2 5 3 5 5 1 3 4 4 4 3 3 3 4 4 4 4 4 2 5 3 3 5 3 1 3 2 1 2 1 1 1 3 5 1 2 2 1 2 2 2 2 3 1 2 4 3 2 4 1 3 4 3 3 1 4 3 2 2 2 4 1 4 2 3 2 4 2 1 2 1 1 4 5 2 1 5 1 4 3 4 1 3 3 2 4 5 5 3 2 4 2 3 2 3 1 4 5 3 2 3 5 1 4 5 1 5 5 4 4 3 5 4 1 1 2 3 2 4 4 2 4 2 3 3 2 4 5 4 3 3 1 3 5 2 3 3 4 2 5 2 4 1 2 4 1 1 2 5 5 2 3 4 2 4 4 1 2 5 2 3 2 5 3 4 5 5 3 4 2 2 5 5 4 5 3 5 2 2 2 1 1 1 4 4 3 4 1 5 1 2 1 5 1 1 4 2 4 5 1 2 2 1 2 2 1 1 1 5 1 5 5 1 1 4 1 4 1 5 1 1 5 3 4 1 2 2 4 2 1 4 4 4 1 2 1 1 1 2 1 5 2 5 4 5 4 5 2 2 4 1 4 3 3 1 5 4 5 4 3 1 3 4 5 3 4 1 5 2 2 3 5 5 3 1 4 5 2 4 2 1 5 2 2 1 2 2 1 1 2 2 1 1 4 3 3 5
4 3 3 3 2 2 5 5 2 3 1 4 1 5 4 1 3 3 2 1 4 3 3 4 2 3 5 3 3 2 3 1 1 5 1 3 3 4 3 2 5 3 4 2 3 4 2 4 2 2 3 1 2 2 3 1 3 2 4 1 5 2 5 2 0 3 1 2 2 4 2 1 2 2 1 3 2 3 1 1 4 4 5 1 3 5 2 3 3 3 4 2 1 4 1 1 3 4 2 4 4 5 4 5 1 2 2 4 4 2 4 4 5 2 4 2 4 5 2 1 2 5 3 5 4 3 5 1 1 5 4 5 2 4 5 1 4 3 2 5 5 4 4 3 4 2 3 5 1 5 3 4 5 2 1 4 1 3 1 3 3 4 2 2 4 4 5 1 5 3 4 1 3 5 3 4 2 2 4 4 4 4 2 2 3 4 1 1 1 3 5 2 1 3 4 2 4 3 2 5 5 3 1 5 1 3 2 2 5 5 2 5 3 5 4 3 3 1 3 4 5 4 3 1 1 4 2 1 3 5 1 5 1 1 4 3 5 3 4 2 4 2 2 5 1 4 2 1 4 5 1 2 4 3 3 5 5 3 5 2 2 5 3 3 3 4 2 3 3 1 4 5 2 4 4 1 5 5 2 4 3 2 1 2 1 2 4 2 3 1 1 5 5 1 4 1 2 1 1 2 2 5 3 3 4 4 3 4 5 2 3 1 3 1 3 1 3 5 5 3 1 5 1 3 3 2 3 1 2 3 1 1 2 1 4 3 2 5 4 2 1 1 4 5 4 2 5 5 2 5 5 3 5 2 1 3 3 5 3 1 1 5 3 1 4 2 4 1 4 3 2 5 2 3 1 3 2 2 4 3 2 1 1 1 1 4 5 3 3 1 2 1 5 4 5 3 1 4 1 2 1 1 3 2 2 2 3 1 4 5 5 3 1 5 5 4 3 4 3 5 1 2 2 5 2 1 5 2 1 5 3 4 3 1 5 2 4 1 3 1 3 4 4 2 1 2 2 1 3 4
1 3 1 2 5 1 4 5 5 4 5 3 5 3 1 2 2 3 4 2 2 4 4 2 1 1 3 4 3 4 5 1 1 3 4 4 2 1 1 3 5 2 3 2 1 3 4 1 3 2 3 3 2 2 1 4 1 3 1 5 4 2 1 5 3 0 2 1 3 5 5 1 3 2 5 5 5 5 5 4 4 5 4 4 3 1 1 3 2 5 5 1 5 5 3 3 5 3 1 4 3 4 1 5 2 4 1 4 5 4 1 5 4 4 3 1 5 3 2 5 3 3 2 1 2 1 2 5 3 5 1 1 3 5 1 5 1 5 1 4 4 3 1 1 2 3 5 4 1 2 1 1 1 5 3 4 4 1 3 3 3 1 1 3 2 1 1 4 2 2 4 5 3 3 1 5 2 4 4 3 5 4 3 3 2 3 1 3 5 4 5 2 5 5 5 3 5 1 5 5 4 3 4 1 3 2 1 2 4 3 4 3 4 1 3 3 1 5 3 4 4 1 5 3 4 4 3 4 4 3 5 1 5 5 4 3 2 3 3 2 2 2 4 5 4 2 3 4 5 4 3 3 5 5 5 4 2 4 5 4 3 4 4 4 5 4 3 2 5 1 5 3 5 2 1 2 1 5 3 1 4 3 4 3 1 1 1 5 4 2 1 3 1 5 3 4 2 4 1 2 1 1 5 4 3 3 5 5 1 5 3 1 3 3 1 5 3 2 1 3 1 2 3 3 1 4 3 2 3 2 4 4 1 3 5 3 3 2 3 1 5 4 1 4 5 4 1 5 2 1 1 2 5 2 4 4 4 2 1 5 5 4 2 4 3 2 2 2 3 3 2 1 1 1 5 1 4 1 5 1 5 5 2 5 1 1 4 1 4 5 1 4 5 4 4 5 4 1 4 5 3 5 1 3 3 4 4 1 5 3 4 4 5 4 2 4 4 5 1 5 4 5 3 1 5 5 2 1 5 1 4 2 2 4 1 2 5 3 4 3 4 5 1 4 2 4 3 2 2 4
3 4 4 3 2 1 5 2 1 3 4 4 4 5 1 3 2 3 5 1 1 4 4 1 4 3 3 4 5 3 5 5 5 2 4 2 3 1 1 2 4 4 2 3 1 3 2 2 2 4 2 5 3 2 2 1 5 2 2 2 3 1 2 5 5 2 0 2 5 1 1 2 3 1 4 5 3 3 5 3 3 3 3 2 1 5 5 2 1 4 3 5 5 2 2 3 4 3 3 1 3 3 1 2 1 2 4 2 2 3 1 3 1 3 2 5 5 2 1 5 3 3 4 4 3 1 4 3 3 2 1 3 4 4 4 1 4 4 5 4 1 1 1 2 4 3 3 1 4 1 1 5 5 3 3 5 1 3 3 1 1 3 2 5 3 1 4 1 4 3 1 3 5 1 4 4 1 1 4 3 4 1 3 3 2 2 1 1 2 5 5 5 5 2 4 4 4 2 2 2 5 5 4 1 4 2 3 4 5 4 2 2 4 1 4 4 5 4 4 4 5 4 3 5 1 2 2 4 1 2 3 1 3 3 3 3 2 5 4 1 5 1 3 5 1 4 3 4 5 1 3 5 1 5 4 5 1 1 3 4 4 1 3 3 1 4 1 2 4 2 2 4 2 2 3 5 3 2 2 1 1 5 2 4 1 2 3 4 2 4 4 5 2 2 2 3 3 5 1 1 5 5 2 2 3 1 5 4 1 3 1 1 5 4 2 2 1 5 2 2 1 4 2 1 3 2 1 5 1 5 4 1 3 1 4 4 2 3 2 5 5 5 3 4 5 4 2 1 3 3 1 4 2 1 5 1 2 4 5 2 2 2 3 4 2 1 5 3 3 3 1 4 4 4 4 1 3 3 5 2 2 3 4 1 5 1 5 1 3 1 1 4 4 2 1 1 2 1 5 5 1 4 5 2 3 1 3 3 1 2 3 1 3 4 5 1 3 2 3 3 5 4 2 4 5 1 1 1 4 4 4 5 3 2 3 3 5 5 1 1 2 2 3 2 2 3 5 5 3 3
5 5 2 4 1 4 5 4 5 1 3 5 5 4 1 1 1 1 2 4 4 3 2 1 4 5 2 3 2 2 2 3 2 3 3 4 3 5 4 1 3 5 5 4 4 2 4 3 1 3 1 3 3 1 1 2 5 3 5 3 2 4 1 2 2 3 1 0 1 1 4 4 5 4 5 3 1 5 4 5 5 4 2 2 5 3 2 4 2 3 2 3 1 2 1 3 4 1 1 5 2 4 1 2 3 4 1 4 4 1 1 5 4 5 5 4 3 3 4 5 1 3 4 5 2 4 5 2 5 3 5 2 4 5 2 5 3 5 2 5 4 2 4 3 4 5 2 5 5 5 2 2 5 1 5 4 5 5 4 2 3 3 3 2 4 4 2 5 3 5 4 1 1 5 3 5 1 3 4 2 1 2 4 5 2 1 3 4 1 4 2 3 2 3 1 2 2 3 3 5 1 3 1 3 3 2 4 5 4 4 2 4 1 5 1 3 3 1 4 3 2 2 1 3 3 5 2 2 2 5 2 3 3 2 2 3 3 1 2 4 1 3 3 3 5 2 5 3 2 1 4 1 2 5 1 2 4 1 3 5 3 2 2 2 4 3 4 1 3 3 1 3 2 1 1 2 3 2 4 1 4 4 4 5 4 4 3 1 2 2 2 3 1 4 3 1 3 3 4 1 4 3 1 4 4 3 2 5 1 4 5 1 4 2 3 3 5 4 4 5 1 1 1 2 4 2 4 5 1 4 2 5 2 1 5 1 3 3 3 2 5 5 1 5 3 4 3 3 5 1 5 3 5 1 3 3 1 1 3 5 3 2 1 4 2 1 5 4 4 1 3 1 1 4 3 1 1 1 4 3 1 2 5 4 1 1 2 2 5 3 2 5 4 3 2 3 4 1 5 1 4 5 4 2 4 1 5 4 1 2 1 4 1 5 5 2 3 4 2 4 4 5 3 5 3 3 5 1 2 1 3 3 2 2 4 2 4 4 3 3 4 2 2 5 1 4 3 2 3 2
3 4 1 2 4 5 3 2 1 5 5 3 2 5 3 2 4 2 1 4 1 5 1 4 3 5 4 4 2 2 4 3 4 5 1 1 4 2 5 1 1 4 2 4 1 5 4 1 2 5 1 2 4 4 2 4 3 5 4 4 4 5 1 4 2 1 3 5 0 5 4 5 2 2 3 3 4 2 1 4 3 2 2 1 4 2 2 1 3 2 3 2 4 3 5 3 3 2 1 5 2 5 2 5 2 1 5 1 2 1 1 3 1 3 3 2 4 2 1 2 1 3 2 4 5 5 2 2 3 2 5 3 1 5 4 5 1 2 4 1 3 3 2 5 4 5 3 3 3 1 1 5 5 3 2 1 3 1 1 1 4 5 1 5 4 2 3 1 4 3 4 2 1 4 1 2 2 4 4 5 2 5 3 1 5 4 3 4 4 3 2 2 2 3 2 1 3 2 2 4 4 4 3 2 3 3 1 3 4 3 3 3 3 5 1 5 4 5 5 5 5 3 2 4 3 2 2 4 4 3 3 2 1 2 5 2 4 2 3 2 5 5 1 5 1 4 1 4 4 4 3 5 3 1 1 4 1 5 1 3 2 5 3 2 3 1 5 3 1 5 5 5 5 1 5 5 5 1 1 2 3 3 4 5 1 3 1 3 4 2 1 1 5 2 2 3 2 3 2 4 2 5 4 5 1 3 1 5 4 2 1 1 5 4 4 1 5 4 2 3 2 4 3 4 1 3 4 5 4 5 1 5 2 2 2 2 4 2 2 2 4 1 4 5 2 1 5 2 2 4 5 5 1 3 4 3 4 4 5 4 2 3 4 2 5 4 5 3 2 1 5 1 1 3 1 5 4 2 1 4 4 2 1 3 1 2 4 3 4 4 3 4 2 5 4 3 1 2 5 3 4 5 2 2 4 3 1 3 4 1 2 3 5 1 2 4 5 3 1 1 5 5 4 5 4 2 5 1 2 2 1 1 1 1 5 2 3 4 2 5 5 2 2 4 5 5 5 2 1 3
1 4 1 2 2 5 4 4 5 5 5 4 4 3 1 2 4 3 2 3 5 2 1 5 1 4 4 2 1 2 3 1 1 5 4 3 2 1 4 5 4 3 1 3 2 4 3 1 3 3 2 3 4 3 4 1 2 3 5 5 5 3 2 2 5 2 3 3 2 0 5 4 3 4 3 4 5 4 5 4 4 2 2 4 5 4 5 3 3 2 5 1 5 5 3 2 1 3 2 3 4 5 4 4 5 4 1 1 3 2 2 3 3 4 5 4 4 2 1 2 2 1 4 1 3 4 5 2 2 4 5 3 2 1 2 2 4 1 3 5 5 3 2 4 2 5 3 4 5 1 3 4 5 1 1 4 3 5 4 3 2 1 1 3 1 3 1 1 2 3 4 3 1 3 5 3 3 3 1 2 4 4 4 4 5 4 3 5 2 5 3 3 5 2 3 4 4 2 1 4 3 2 3 1 3 5 2 4 4 4 3 1 4 2 4 3 3 1 1 1 2 3 2 3 3 5 2 3 2 5 5 3 5 5 2 4 5 5 4 4 5 1 5 2 5 1 3 1 3 2 2 2 4 3 4 5 1 3 1 3 5 3 4 5 5 2 1 2 1 2 3 4 2 3 2 5 5 5 1 2 1 3 2 1 2 5 4 2 2 3 1 4 3 3 5 5 4 4 1 1 4 1 1 5 4 3 4 4 3 1 5 4 5 3 3 2 1 2 2 4 2 2 3 5 5 5 2 1 5 3 1 4 4 4 3 2 1 5 1 4 4 3 4 1 5 2 1 5 3 5 5 2 1 5 1 3 1 5 1 1 3 4 4 5 5 3 5 4 2 2 1 4 4 2 5 3 5 3 1 4 4 1 4 5 5 3 3 3 4 5 2 2 2 4 2 2 1 4 1 2 5 2 4 1 1 2 1 2 2 1 2 2 3 4 4 2 5 3 1 4 3 1 3 3 3 5 3 5 2 4 3 2 4 1 2 2 1 2 3 3 2 2 5 2 1 2 2 4 3 2
3 5 5 3 4 4 2 2 4 2 5 1 1 4 3 3 2 5 4 4 5 2 2 4 2 5 1 1 4 2 3 4 2 2 1 3 3 1 1 1 2 4 1 2 1 4 4 1 2 4 2 1 3 5 1 2 3 2 4 3 2 3 1 3 3 5 2 5 4 1 0 2 4 3 2 5 1 4 4 4 2 4 1 2 4 4 3 3 2 5 4 2 1 4 5 4 2 4 5 1 1 3 2 4 2 3 3 2 5 1 1 3 1 1 4 1 4 1 3 4 4 2 3 2 2 1 3 4 5 5 3 4 1 1 2 5 4 2 4 3 5 1 1 3 4 5 5 3 1 3 3 1 3 2 1 2 1 5 3 2 1 2 1 2 5 5 2 2 4 1 1 2 3 4 5 3 4 4 5 3 5 1 3 2 5 5 2 3 3 4 3 1 4 2 3 2 2 3 3 5 5 3 2 1 1 5 4 5 1 5 2 4 1 3 5 3 3 3 1 5 1 3 1 2 4 5 3 1 1 1 1 5 5 3 5 3 1 2 5 3 1 3 2 4 2 2 3 4 5 3 2 3 3 3 2 5 3 5 4 4 5 4 2 5 2 1 2 4 5 4 2 4 5 2 2 1 2 1 2 2 2 5 1 3 4 3 2 2 2 2 4 1 2 5 1 5 2 2 5 2 2 3 1 3 3 3 4 3 4 1 1 5 2 4 3 3 4 2 2 2 3 1 3 3 4 3 4 1 5 5 5 5 5 3 1 2 4 4 5 2 4 1 1 4 5 3 1 3 3 4 1 2 4 2 4 1 2 4 5 2 3 4 3 3 3 4 2 4 4 2 2 1 4 5 5 3 5 3 5 3 1 3 5 2 4 4 3 1 5 5 4 3 1 4 3 2 2 5 1 3 4 2 1 3 3 1 1 1 3 5 5 4 1 1 5 2 1 4 1 3 1 1 2 4 4 5 5 1 5 4 2 5 4 2 2 1 2 3 4 4 4 1 1 4 2 5 1 4 4 1
3 5 2 4 5 3 2 4 4 3 2 4 2 3 3 3 4 2 2 5 3 2 1 4 1 3 2 1 5 4 2 3 3 5 1 5 5 4 4 5 1 4 1 2 4 3 1 5 4 4 3 3 3 2 5 2 3 2 3 5 1 5 5 1 4 2 2 3 3 4 4 0 4 4 3 1 2 1 5 3 4 4 2 2 4 5 2 3 1 2 2 2 1 3 4 5 4 3 3 5 2 2 2 1 1 2 4 1 2 1 2 3 4 2 1 4 3 1 1 3 3 4 2 2 3 3 5 5 3 2 1 4 3 1 2 3 2 3 2 5 5 4 2 2 3 2 3 2 3 3 1 3 1 2 1 2 2 1 1 2 4 4 2 3 5 4 2 5 3 1 1 1 3 4 5 1 4 2 3 5 1 2 5 3 1 3 3 1 3 4 3 2 4 5 2 4 5 5 3 1 3 5 2 5 2 4 4 5 3 4 3 3 4 5 1 3 2 1 2 5 4 1 2 3 5 2 5 2 1 2 2 5 3 1 3 4 3 4 5 1 4 4 3 3 2 4 3 5 3 2 4 4 3 1 2 2 5 4 5 5 1 4 1 4 1 1 5 1 5 1 2 3 3 5 3 3 2 4 1 3 4 1 5 3 4 5 5 4 3 2 4 1 1 2 3 2 2 1 3 2 2 2 1 2 3 2 5 2 3 2 1 3 3 2 3 2 3 4 5 5 1 4 4 4 2 2 1 1 4 5 1 1 1 1 2 5 3 4 2 5 1 4 3 4 1 3 1 2 3 4 1 5 4 5 1 1 2 5 5 4 4 5 5 3 2 1 1 4 1 2 3 5 1 2 2 1 2 2 2 3 4 5 4 2 2 1 1 1 3 1 3 3 5 3 4 3 5 1 2 2 5 5 3 5 1 5 3 2 3 4 1 5 1 5 4 2 1 5 2 3 5 5 3 3 1 2 4 3 5 4 2 5 5 2 3 3 5 1 3 5 3 1 1 1 5 1 3 5 3 1
4 5 5 3 3 3 2 1 5 2 2 4 3 5 2 1 1 5 2 4 1 4 4 3 1 2 4 3 5 5 2 4 5 5 1 3 2 4 2 4 2 5 5 3 5 5 4 1 1 1 3 2 2 5 2 5 3 3 2 1 2 4 4 2 2 4 4 1 3 3 2 1 0 2 1 2 2 2 5 1 3 5 3 3 2 5 2 2 2 1 5 1 5 5 2 5 2 4 4 1 3 5 3 1 2 4 4 4 4 2 1 2 5 3 1 4 4 4 3 4 1 5 3 3 3 5 5 2 5 4 4 2 1 4 5 1 3 3 5 2 4 2 5 5 3 1 5 3 3 4 1 3 5 4 4 3 4 4 3 2 3 3 4 5 4 3 1 5 1 1 5 5 2 4 5 4 5 5 5 2 1 3 1 2 5 1 5 4 3 4 4 3 3 5 4 1 2 2 3 4 2 2 2 4 4 1 3 2 5 2 1 3 3 4 2 1 1 2 2 1 2 4 3 2 2 4 2 2 1 2 1 5 3 4 4 4 2 5 4 3 1 3 5 4 3 4 3 3 4 4 5 3 5 3 3 4 5 3 2 3 4 2 3 2 1 3 4 2 4 2 3 3 5 5 2 2 1 5 2 3 2 4 1 3 4 3 3 2 2 3 3 2 4 4 2 1 3 1 5 1 1 5 2 5 3 1 5 1 1 5 5 5 5 2 4 4 5 2 2 5 5 1 1 5 2 5 5 1 4 2 3 4 1 4 2 1 4 1 3 3 5 5 2 5 5 3 4 5 3 5 4 2 1 2 5 1 1 2 4 2 3 5 3 1 4 2 5 3 1 4 3 2 3 5 3 3 2 2 1 5 3 3 5 2 4 1 4 2 3 2 1 1 1 2 4 5 5 4 2 2 2 5 5 2 3 2 2 1 2 3 4 5 4 2 2 3 4 5 4 4 5 3 2 3 4 1 5 1 2 3 4 2 3 1 2 5 4 2 2 1 4 5 5 4 5 4 1 1 3 1
5 2 3 5 4 4 1 5 3 2 5 1 5 1 2 2 3 4 5 4 4 4 4 2 2 4 3 4 1 3 2 4 4 3 1 1 4 1 3 1 5 2 1 2 2 4 3 5 3 1 3 2 3 3 1 5 5 5 5 1 4 4 4 1 5 1 3 1 3 5 4 2 1 0 5 5 4 2 1 1 2 3 3 4 3 5 5 2 1 2 3 1 3 2 3 5 3 2 4 3 3 3 4 4 4 3 4 5 1 3 1 5 3 4 5 4 5 2 5 1 3 4 1 5 1 5 3 3 1 4 4 5 3 1 5 2 3 3 1 1 1 1 4 1 3 2 4 2 4 4 2 1 1 4 2 3 3 4 2 2 4 5 5 1 5 4 1 3 1 2 2 5 3 5 3 1 3 3 3 3 4 3 5 5 5 4 2 5 2 2 3 2 5 1 3 1 2 3 4 3 5 1 2 4 1 4 1 5 4 3 4 5 4 5 5 5 5 1 4 5 2 4 5 4 5 4 1 1 3 5 5 5 2 5 1 4 5 3 1 3 1 4 2 1 4 2 5 1 3 5 1 4 1 4 1 4 2 5 2 1 4 1 4 1 1 1 3 4 1 1 5 3 5 2 4 3 2 4 2 4 2 5 5 5 4 3 5 1 4 5 4 1 5 1 2 1 2 5 1 2 2 2 3 4 1 3 2 4 2 4 5 1 4 3 3 5 5 1 4 3 3 1 4 1 5 1 1 4 2 1 2 5 4 3 3 2 3 1 3 4 5 4 3 4 4 5 1 1 3 1 2 4 2 2 2 4 4 4 1 1 1 5 2 5 5 2 1 2 3 3 2 1 5 2 5 4 4 5 3 1 5 1 5 4 5 1 1 1 1 3 5 1 2 4 4 1 2 3 1 3 1 2 5 1 2 2 1 4 2 5 1 1 2 4 5 3 1 1 2 3 4 5 3 5 5 2 5 4 4 1 3 4 3 4 1 3 5 1 1 1 5 4 2 1 3 1 4 4 3 1
5 1 2 4 1 5 5 1 1 4 5 2 1 3 3 4 4 5 5 2 5 4 4 3 3 2 4 4 5 5 2 2 3 3 5 4 3 2 4 4 5 5 4 2 1 4 1 2 4 5 5 2 2 5 5 5 3 4 4 4 3 1 5 5 2 1 1 1 5 4 5 4 5 4 0 1 2 4 3 2 2 5 1 2 3 4 1 1 3 3 3 1 5 4 2 5 1 4 2 2 4 2 3 2 4 4 4 5 5 3 3 3 4 4 5 1 3 2 1 5 2 3 2 5 4 5 1 5 2 1 2 1 2 1 5 1 3 3 1 1 3 2 5 1 4 4 5 4 2 2 2 1 1 5 1 1 4 1 1 2 4 5 2 4 5 2 4 5 2 3 1 5 2 4 3 4 2 3 4 3 3 2 3 3 1 5 1 1 4 4 2 2 1 2 2 4 1 1 2 1 4 1 2 1 1 4 2 2 5 5 1 4 2 5 1 5 5 5 1 1 5 4 4 1 5 5 4 2 2 5 4 2 3 4 3 2 3 5 1 5 4 1 1 3 4 4 1 2 3 1 4 3 1 3 3 4 4 1 3 1 3 4 4 1 5 4 1 1 5 1 5 3 3 1 1 4 5 1 1 2 1 1 2 2 1 3 3 5 3 4 3 2 3 3 2 5 3 1 2 2 5 2 1 5 4 4 4 4 2 4 4 4 3 1 3 5 4 3 4 1 1 2 5 5 5 2 3 1 3 1 5 1 3 2 4 1 1 1 5 2 3 5 1 1 5 2 4 2 5 4 3 4 1 4 1 1 2 1 5 5 5 5 5 4 3 4 1 4 4 4 1 3 3 1 2 5 2 4 3 5 3 1 4 5 4 5 4 1 1 4 1 1 5 5 3 1 4 2 3 5 3 5 3 2 4 2 5 4 1 5 1 2 5 2 3 2 2 5 5 3 3 4 5 2 3 5 1 2 1 2 2 5 1 3 5 4 2 3 4 4 1 4 4 3 3 1 1 4 5 1
5 3 5 5 5 2 1 2 5 5 4 5 3 5 4 1 1 5 3 4 2 1 3 4 2 2 4 5 2 1 3 1 4 4 3 5 4 1 1 4 2 4 3 3 2 2 3 2 2 5 2 4 2 3 3 2 3 3 2 1 5 4 3 4 3 2 4 4 2 2 4 1 1 4 2 0 3 2 5 1 5 1 5 1 1 4 3 1 3 1 2 3 2 2 5 5 4 4 4 4 1 3 4 5 5 4 4 1 1 3 4 4 3 2 2 3 5 2 2 5 1 4 4 3 1 5 5 4 4 3 4 1 2 4 1 3 2 4 3 5 4 2 3 1 1 2 2 5 4 3 4 1 3 2 4 2 1 5 2 3 5 5 3 2 3 1 1 4 5 2 3 3 1 4 5 5 4 3 1 3 1 5 4 4 2 4 4 5 4 3 1 2 4 1 1 2 3 4 4 2 2 4 3 2 2 1 1 5 1 4 2 3 1 5 3 3 2 5 2 2 5 4 5 5 2 1 5 3 2 3 2 1 4 5 1 4 1 3 3 1 2 2 4 3 1 4 3 4 2 1 1 5 2 1 5 2 4 5 4 2 4 1 3 3 1 2 3 4 5 5 1 5 3 1 5 2 5 5 4 3 1 2 1 5 1 1 4 1 4 2 3 1 3 2 5 2 2 2 1 1 3 4 4 1 1 2 2 2 4 4 3 3 3 3 4 4 1 5 1 2 3 1 3 2 4 2 2 1 4 4 1 1 4 1 3 5 5 4 5 2 5 4 2 4 1 5 5 5 5 4 4 4 2 5 1 4 5 1 5 1 4 3 5 1 2 4 1 2 2 4 2 3 2 1 5 2 1 1 1 5 1 3 4 5 1 3 4 3 2 3 4 2 1 1 3 4 1 2 5 4 2 1 2 1 4 3 4 3 4 5 3 1 4 5 1 3 1 2 4 1 2 1 1 1 4 4 3 4 5 5 2 4 4 3 5 2 1 2 1 2 3 3 4 4 3 1 2 2 1 3
3 2 2 2 2 2 1 3 5 3 4 2 3 4 2 4 4 1 1 3 3 5 1 1 3 2 3 3 2 3 5 5 5 5 4 2 4 5 5 3 2 5 2 3 2 3 1 2 4 5 5 3 5 3 1 1 4 5 4 4 2 5 3 5 3 4 5 5 3 2 4 4 5 1 5 4 0 1 3 4 4 1 1 4 4 1 2 3 1 4 1 4 1 2 3 1 4 1 2 2 2 1 4 2 1 1 2 4 2 2 3 5 4 4 5 1 1 1 4 4 4 3 1 3 1 3 1 5 4 2 5 5 4 4 4 2 2 2 4 3 2 1 3 2 4 4 5 3 4 4 4 2 1 5 2 3 3 3 3 2 3 5 3 3 4 2 2 1 5 3 3 2 1 2 2 4 1 1 2 4 1 4 4 2 5 5 4 4 3 4 5 3 1 4 4 1 4 2 3 4 4 4 3 4 1 4 3 4 3 5 2 5 2 5 1 1 5 4 3 4 4 2 1 2 1 1 4 2 1 1 3 3 2 2 3 4 5 5 2 4 3 2 4 4 1 2 4 3 5 5 3 2 4 5 4 5 2 1 1 5 4 3 1 5 4 3 1 5 5 3 5 5 5 4 4 2 2 4 1 4 1 4 4 3 2 3 4 5 3 1 5 4 1 3 5 5 3 1 4 1 4 4 1 3 4 3 5 3 2 2 3 4 3 4 2 1 1 4 2 4 4 5 5 5 1 1 2 4 4 3 2 1 1 4 4 2 1 2 3 2 5 3 2 3 4 4 3 3 3 1 2 5 1 3 4 1 4 2 5 4 1 3 3 3 1 4 3 1 2 1 1 2 2 2 5 4 4 2 2 5 2 1 3 1 4 2 4 4 4 2 2 4 2 1 5 3 4 1 3 3 5 4 2 5 3 3 3 2 4 2 5 4 5 4 4 2 3 3 2 1 1 3 2 4 3 5 2 4 2 5 3 2 3 3 1 4 3 5 2 2 2 1 5 2 2 2 2 3 2 4
5 3 1 5 5 2 1 3 4 5 4 1 1 3 1 3 4 4 1 4 1 2 1 3 3 2 1 5 2 2 3 3 5 5 1 4 2 3 5 5 3 4 5 3 3 4 2 3 3 5 4 4 4 3 2 1 2 2 2 2 5 3 3 2 1 5 4 2 4 1 2 4 5 5 2 2 5 0 4 3 3 3 1 3 5 3 2 4 3 5 4 4 5 5 3 1 3 5 5 4 2 3 2 2 4 3 1 5 4 3 3 4 5 3 5 1 5 2 3 4 3 2 1 3 3 5 4 5 5 4 5 4 4 4 4 5 4 1 1 1 2 1 4 5 3 4 4 1 4 3 5 1 4 3 2 4 5 2 3 4 1 1 4 4 1 1 2 5 2 4 3 4 2 3 1 5 2 4 5 3 4 5 1 1 1 4 3 2 1 2 5 1 5 1 5 4 2 5 2 2 1 4 3 4 1 5 1 4 2 1 4 4 2 4 3 4 3 3 5 3 5 2 2 1 3 4 2 3 1 5 3 1 5 2 5 4 3 1 1 1 4 4 2 1 4 3 1 1 3 1 5 1 2 5 3 4 2 5 1 2 5 3 3 3 3 3 1 2 3 2 1 4 1 1 2 3 1 1 3 1 4 4 1 2 1 4 4 4 2 2 1 4 5 5 4 3 3 4 2 4 3 3 2 5 3 4 2 5 3 1 1 2 3 3 2 5 3 3 4 3 4 3 2 1 3 5 3 3 4 2 1 1 3 3 5 1 2 4 4 5 1 1 4 3 3 5 1 5 4 3 2 3 4 1 5 4 2 3 3 3 3 4 3 2 4 4 4 3 3 2 2 4 4 4 2 1 2 2 3 1 4 2 5 3 2 3 1 3 4 1 1 4 5 1 1 4 5 3 5 1 2 2 4 1 4 2 2 1 3 4 2 4 4 4 5 2 4 5 1 5 2 1 1 1 3 2 5 4 2 4 5 1 4 4 4 4 3 1 2 3 3 3 3 4 1 3 2 5 2 1
2 1 2 1 1 5 1 1 4 2 4 2 3 4 2 2 5 2 2 5 4 1 4 2 2 1 1 2 5 2 2 5 1 4 1 4 2 5 4 1 5 3 3 4 1 4 4 4 2 4 1 4 1 1 3 5 3 2 1 3 4 5 2 1 3 5 2 3 3 5 4 1 5 2 5 1 4 2 0 3 4 2 2 3 2 2 4 1 3 2 1 5 1 4 4 1 3 5 2 4 3 5 1 3 4 2 2 3 2 3 3 5 2 5 5 4 2 5 1 4 2 5 4 4 3 5 2 2 5 5 4 5 2 5 1 5 3 2 5 2 1 4 5 5 4 1 4 4 2 3 4 3 3 2 3 5 3 2 1 3 4 3 5 1 4 5 3 5 5 4 4 3 5 1 3 3 3 3 5 1 4 2 1 1 5 3 1 4 4 1 3 3 4 1 1 3 3 1 5 1 5 2 1 3 3 4 1 5 4 5 1 5 3 3 4 1 1 1 5 4 3 1 1 4 1 4 1 4 4 2 5 5 4 4 5 1 4 4 4 1 3 4 3 4 1 1 1 1 3 4 5 2 4 4 3 2 3 3 2 5 1 4 3 3 3 3 5 2 4 3 2 5 4 5 1 2 4 5 4 3 1 4 2 3 1 1 2 1 1 3 3 2 5 2 3 3 4 1 5 2 1 5 5 5 5 4 3 2 5 3 4 2 3 1 1 3 2 4 5 5 5 4 4 1 4 2 2 2 4 2 1 2 3 2 4 1 2 2 4 3 5 2 1 1 1 1 1 3 2 3 2 1 2 1 5 2 2 4 3 5 2 2 4 3 3 1 1 2 1 2 4 1 1 4 2 3 5 2 1 1 3 4 2 2 3 4 5 4 3 2 3 2 3 3 4 3 3 3 1 4 4 3 2 3 2 5 4 3 4 4 5 2 2 4 3 4 3 1 2 4 5 4 2 4 4 4 1 3 4 5 1 3 5 4 1 2 5 3 1 2 3 4 1 5 1 5 5 5 2 3
3 5 5 1 2 2 4 3 3 4 5 1 4 2 1 1 2 2 1 4 1 4 1 3 3 4 1 5 5 2 1 5 1 2 1 1 5 2 1 4 4 1 4 3 1 2 2 2 2 2 3 4 5 5 1 2 4 5 5 5 3 5 5 2 5 5 5 5 1 3 5 5 1 1 5 4 1 2 2 0 2 5 4 2 1 1 2 1 3 3 1 2 4 3 4 2 5 1 5 4 3 1 1 4 2 1 5 3 2 4 3 2 2 5 3 4 2 1 4 4 2 1 5 5 4 4 2 5 4 3 1 5 1 3 4 3 4 2 1 4 5 1 5 1 1 3 5 2 1 3 1 2 4 5 3 1 2 5 1 4 3 4 1 4 4 2 5 4 3 3 5 1 4 2 1 4 3 2 5 3 1 1 4 1 5 1 3 1 4 1 4 3 2 4 3 2 2 5 2 1 5 2 2 3 4 3 2 2 3 4 2 5 4 2 1 5 4 3 5 5 4 1 2 3 1 3 3 4 1 1 3 5 2 2 4 1 5 4 5 4 1 4 4 5 5 4 3 4 1 5 4 3 4 2 2 2 3 1 5 1 3 4 3 5 1 2 3 1 3 5 5 2 1 5 1 2 4 4 1 2 2 4 4 3 3 3 5 4 1 1 4 5 5 3 4 4 1 4 1 4 2 2 3 5 5 1 1 2 1 5 1 4 2 4 4 5 1 1 5 4 1 4 2 3 2 3 4 2 1 2 2 1 1 1 1 1 3 4 1 2 5 4 4 4 1 5 1 3 1 4 3 5 5 2 4 3 5 2 5 4 1 3 2 3 3 3 5 3 2 3 1 5 1 4 2 5 2 2 4 1 4 1 3 2 4 1 5 5 3 2 4 5 4 2 3 5 2 5 3 4 1 4 1 5 1 5 1 1 3 2 2 2 5 5 1 2 1 2 1 5 3 3 4 3 3 4 1 1 2 2 4 5 5 2 4 3 4 1 1 2 5 4 5 4 5 1 2 5 4 2
2 3 5 4 2 5 5 3 1 2 2 3 3 5 2 1 1 2 4 5 4 1 3 5 1 4 3 4 5 5 2 3 5 4 2 2 2 2 4 2 3 1 1 2 3 4 5 2 2 1 4 2 2 4 4 4 3 3 4 4 2 4 1 2 5 4 2 2 3 2 5 2 4 3 4 3 1 5 1 4 0 4 4 3 2 1 3 4 3 2 4 1 5 2 3 2 1 4 5 5 3 5 1 2 5 2 1 3 4 3 4 5 3 2 5 5 3 1 4 1 2 3 5 1 3 5 2 3 5 1 3 3 2 4 1 4 2 1 4 2 1 3 1 4 1 2 5 4 3 3 3 2 2 3 4 1 1 1 3 4 4 4 2 4 5 3 1 1 1 3 4 5 2 5 1 4 5 4 3 5 2 4 1 4 1 4 3 1 4 3 2 4 2 3 4 2 5 3 2 1 5 4 2 2 1 3 1 3 4 4 3 1 1 5 4 5 2 5 3 1 1 2 5 2 2 2 1 3 4 2 1 1 1 5 3 1 3 5 4 4 3 3 1 3 5 4 5 4 2 5 1 1 5 2 3 1 2 3 1 3 4 5 1 5 4 5 1 1 2 5 2 1 3 2 3 2 2 4 2 1 2 5 5 4 3 5 1 5 1 4 1 2 2 5 5 3 1 3 3 3 2 1 5 3 4 3 1 1 5 5 4 3 5 3 4 1 5 2 3 2 1 5 4 1 4 2 4 5 3 4 3 3 4 5 5 3 1 3 5 4 4 5 3 3 2 5 4 5 5 4 2 5 5 1 3 1 2 2 1 1 4 3 3 1 2 1 2 3 2 2 2 1 3 1 5 1 5 4 1 5 3 2 1 3 1 5 5 1 2 2 1 2 5 2 1 3 4 2 3 5 4 2 4 2 4 4 3 3 5 1 5 1 4 2 4 4 3 2 3 3 5 3 4 1 1 5 5 2 3 2 5 1 2 3 3 2 4 3 2 5 4 3 3 5 5 4 3 3 1 5
4 4 3 2 4 1 3 3 3 4 5 2 3 4 2 4 2 4 5 3 2 5 5 3 2 4 1 4 1 3 2 2 4 1 2 4 2 1 5 5 3 3 4 3 4 5 1 4 4 4 2 4 5 4 4 5 2 4 5 1 4 5 1 1 1 2 5 1 3 2 5 3 4 3 3 3 1 4 4 2 2 0 5 3 4 2 3 1 2 1 2 1 2 1 3 5 4 1 1 4 3 5 2 2 3 4 4 2 1 2 2 4 5 2 4 2 3 5 2 2 3 3 1 5 3 5 5 2 3 1 1 2 4 5 2 4 1 4 4 1 3 1 4 4 1 3 4 2 2 5 5 2 5 3 5 1 3 2 1 3 2 3 5 2 3 5 5 5 5 1 5 2 5 3 4 2 1 5 5 2 5 4 4 1 2 3 1 1 3 1 1 5 5 5 2 1 5 2 1 2 1 4 4 1 2 1 1 1 4 1 3 3 4 1 4 4 5 5 5 5 3 1 4 2 2 4 4 2 5 1 5 1 4 5 4 1 5 5 5 1 2 1 4 4 5 1 4 4 1 3 3 2 2 1 5 5 2 3 4 2 2 1 5 5 5 2 1 2 2 3 2 3 1 5 1 5 2 1 3 1 1 1 1 4 2 2 3 1 2 2 2 4 4 4 5 2 1 2 4 4 1 3 1 4 4 3 3 4 1 4 5 3 2 4 3 1 1 3 3 2 3 2 4 5 4 5 1 3 4 1 3 4 3 4 5 2 3 1 4 2 4 3 1 1 5 1 4 3 2 5 1 3 3 2 3 1 3 2 2 2 4 2 2 4 1 1 4 2 3 1 2 3 5 1 1 3 4 4 3 2 2 5 3 4 2 5 1 4 5 2 2 2 1 5 4 2 4 5 1 2 2 2 2 2 2 3 1 4 2 4 3 5 2 4 5 2 4 2 2 5 2 4 1 5 3 5 1 5 4 4 2 4 5 3 4 2 5 1 4 3 1 5 2 5 1 4 3 3 5 1
1 1 5 1 5 5 4 4 2 5 3 4 2 3 1 4 1 1 2 1 3 4 5 4 1 4 5 5 2 2 2 2 4 2 5 4 1 4 2 2 1 4 3 2 1 2 2 3 3 2 5 3 5 2 5 3 5 1 2 2 5 3 5 4 5 1 5 1 3 4 5 5 3 4 4 4 5 1 5 2 3 4 0 4 5 3 1 1 3 2 2 1 3 5 3 1 2 1 5 5 1 5 1 1 4 2 1 5 2 2 1 3 1 3 3 4 2 1 4 5 2 5 3 1 3 3 5 1 4 4 4 4 4 2 3 4 2 3 1 3 5 4 1 4 3 5 5 2 5 1 2 3 4 5 1 5 2 5 3 2 2 4 4 4 1 4 4 3 3 2 3 1 1 2 3 5 4 5 3 1 5 2 1 3 1 2 2 2 4 5 3 1 2 4 2 2 5 1 4 5 3 2 1 2 4 5 2 2 2 2 1 4 2 5 4 3 3 1 4 1 1 2 1 5 1 2 5 3 4 3 4 4 1 3 1 3 2 2 5 3 4 1 5 2 5 2 4 3 2 1 4 2 2 5 5 2 3 2 4 5 1 2 1 2 3 3 2 3 1 2 5 4 3 3 5 1 1 4 2 2 5 4 1 3 1 1 2 3 5 1 2 4 5 5 5 5 2 2 4 1 5 5 2 3 1 2 1 2 1 4 5 2 3 1 2 4 3 4 1 1 2 1 5 1 2 5 1 2 5 1 2 1 4 5 4 1 2 4 5 1 1 4 4 5 1 4 4 5 3 4 2 3 4 2 2 3 4 4 3 5 5 5 5 5 4 3 4 2 4 4 4 2 2 3 5 3 2 3 2 1 3 4 2 2 2 5 4 5 2 3 1 3 3 5 1 1 3 3 3 1 2 2 1 1 1 3 1 2 3 2 4 4 2 3 2 1 4 1 3 3 1 1 2 4 2 3 1 2 1 3 1 5 5 2 1 3 1 5 2 2 5 3 4 3 5 3 3 5 1 5
5 3 2 3 1 1 1 3 3 5 3 5 3 2 1 2 4 1 2 5 4 1 5 5 2 3 3 4 2 1 4 3 3 1 5 2 4 4 1 5 1 4 3 4 5 3 5 5 5 3 5 3 5 1 4 2 3 4 1 4 3 4 5 3 1 5 4 2 1 1 4 2 3 3 2 3 3 5 5 4 3 3 3 0 2 3 2 4 2 5 5 2 2 1 3 4 2 1 1 2 1 4 2 4 4 2 3 4 4 1 3 5 5 3 3 4 4 5 5 4 2 1 2 3 5 5 3 5 5 4 1 5 5 2 2 5 3 2 4 2 4 3 2 1 1 3 5 1 3 3 2 3 2 3 5 3 4 5 1 1 3 1 1 3 5 1 5 2 2 4 3 5 1 2 3 1 5 5 2 5 2 5 4 3 5 3 3 4 1 5 2 5 5 3 5 2 3 4 3 2 5 2 2 2 4 4 2 1 5 5 2 5 3 3 1 2 1 1 1 1 3 4 1 5 1 4 5 3 5 3 1 3 1 2 2 4 3 2 5 4 4 5 2 2 1 1 3 4 5 2 5 4 5 1 1 1 3 2 1 3 2 4 5 5 5 5 1 3 5 1 5 4 1 4 1 3 3 5 3 3 3 5 4 4 2 3 5 3 2 1 3 4 5 3 4 3 2 5 4 2 2 2 2 2 4 3 2 4 3 2 1 3 3 2 3 2 2 1 4 3 5 1 1 3 1 2 1 3 3 1 3 2 2 3 3 4 4 1 1 2 5 1 2 1 5 5 4 5 1 1 1 1 3 3 5 1 1 3 3 1 1 5 2 5 5 3 5 5 4 1 4 1 5 5 1 2 4 4 5 2 3 5 4 5 4 5 3 1 1 2 1 3 5 3 2 2 5 2 5 1 2 2 3 2 1 2 5 3 4 2 2 4 4 3 1 1 5 1 4 4 3 4 3 5 4 3 3 2 1 1 5 3 3 2 2 3 4 3 1 5 5 5 4 4 2 3 5 5 4 5
2 3 1 3 5 4 3 2 1 3 3 3 3 3 3 3 3 2 4 4 4 2 2 1 2 3 1 1 3 5 4 2 2 4 1 1 2 5 5 1 2 2 1 3 5 5 4 3 3 2 1 5 2 4 5 1 2 1 4 1 5 5 3 2 5 1 5 4 5 4 4 3 1 3 4 2 1 2 3 2 2 1 4 4 0 3 3 2 3 5 4 5 1 1 1 4 4 2 1 1 4 2 1 4 3 1 3 2 2 4 2 1 1 3 3 3 3 5 4 3 3 3 4 3 1 4 1 2 2 3 4 4 1 3 2 4 4 5 5 4 3 1 5 2 2 3 5 5 1 5 5 5 5 2 2 3 4 4 1 2 1 2 2 2 3 5 3 3 5 2 3 3 2 3 4 5 5 2 1 3 4 1 4 3 2 1 2 2 4 2 4 4 5 5 1 2 5 3 2 3 3 1 2 2 3 2 2 3 4 1 1 2 4 2 1 4 1 1 1 3 3 2 5 2 1 2 1 3 1 5 1 2 2 5 2 2 5 3 5 5 2 2 1 2 2 4 4 4 2 5 4 5 5 5 2 4 4 2 5 4 2 3 5 3 4 3 1 4 3 4 5 5 1 5 1 5 5 5 3 2 4 1 5 1 3 2 5 5 2 4 2 3 3 1 1 2 3 1 3 1 4 3 4 5 5 2 5 4 2 3 5 2 4 2 4 2 5 5 4 2 3 3 5 1 2 2 1 4 4 5 4 3 1 3 2 3 2 4 3 1 3 5 4 4 3 5 4 4 5 1 2 2 4 4 2 4 2 3 3 2 5 1 1 5 2 2 3 1 4 3 4 3 5 2 5 3 2 5 2 1 2 3 2 1 3 4 1 2 2 5 2 5 5 3 3 4 4 4 1 2 2 3 3 3 1 3 2 3 5 4 3 1 3 1 3 4 3 2 4 2 4 2 1 2 2 1 5 5 3 3 1 3 5 2 1 2 4 4 4 1 1 4 4 5 4 3 4 2 4 5
4 3 3 1 3 3 3 3 4 5 3 5 5 3 1 3 5 5 5 2 4 4 5 2 3 2 4 1 5 3 1 1 5 2 3 2 3 1 2 2 2 4 3 1 4 3 3 2 4 5 3 2 3 5 1 5 4 3 3 1 5 5 5 2 4 2 4 3 3 1 3 1 5 3 3 5 3 1 3 1 5 3 1 4 2 0 1 5 3 2 2 4 2 1 2 2 5 3 1 4 3 1 4 5 2 1 3 2 4 3 4 5 4 1 2 2 4 1 3 1 4 2 4 2 3 3 3 4 2 1 3 1 4 3 3 5 2 1 1 5 2 2 4 2 1 2 2 3 3 2 1 5 1 5 2 2 3 4 4 2 2 1 3 5 5 1 1 5 2 5 2 3 2 3 1 5 5 4 3 5 5 3 3 1 4 2 2 3 5 3 4 5 5 5 3 2 5 3 5 4 5 1 3 5 3 5 2 2 5 3 3 4 2 4 5 4 1 5 3 1 2 3 2 1 5 2 2 2 2 2 3 1 2 2 2 4 1 2 5 4 5 5 4 4 2 1 2 1 4 4 4 2 2 3 3 4 4 4 3 2 5 1 4 4 3 5 4 3 5 3 3 1 4 2 4 5 5 1 2 1 2 2 1 5 1 4 2 3 1 2 1 2 3 2 5 1 1 1 2 4 3 3 5 1 3 5 5 2 2 4 1 4 2 3 4 1 3 2 1 1 5 4 5 4 1 2 2 1 5 4 5 3 2 4 5 3 5 3 1 1 5 3 4 1 4 4 1 3 5 3 2 1 3 3 1 2 1 4 2 3 5 1 3 1 5 3 4 3 2 1 3 2 5 1 5 5 3 5 3 3 1 2 2 5 5 2 5 2 1 4 2 1 1 2 3 3 2 5 4 1 1 4 5 4 4 3 3 3 1 2 4 4 1 2 5 2 2 4 3 3 2 1 5 2 1 2 3 4 1 5 3 3 4 3 5 2 1 3 2 3 2 4 3 5 5 5 5 1 1 3
4 3 1 4 4 5 3 2 2 1 1 4 5 5 1 2 1 5 3 4 5 1 5 3 2 4 3 1 1 3 1 3 2 5 1 3 5 5 5 2 3 5 4 3 1 1 1 1 2 2 5 1 5 5 1 2 4 3 3 3 1 3 3 4 3 5 5 3 5 5 1 1 4 2 3 1 2 4 5 2 4 4 2 3 3 1 0 5 4 1 3 2 1 1 4 5 1 5 2 5 3 4 1 3 5 2 2 3 1 4 2 5 4 1 2 4 4 5 4 5 2 3 2 4 4 2 3 1 2 5 4 3 1 2 1 1 2 5 1 5 4 3 1 3 2 1 5 1 5 2 2 1 1 3 5 4 4 2 2 1 5 3 3 2 2 2 3 5 5 3 3 3 4 3 4 2 2 1 5 5 1 5 4 4 1 2 1 5 4 1 2 1 4 2 5 4 3 2 2 4 3 3 3 1 1 3 1 4 4 2 2 1 1 4 1 5 5 5 1 4 4 2 5 2 1 3 5 1 5 4 2 2 1 5 4 2 5 3 3 1 2 4 2 5 4 1 5 1 3 4 2 5 3 4 1 2 2 4 5 5 5 1 5 3 5 1 2 4 2 5 1 1 3 2 4 3 2 5 1 2 5 4 1 2 3 4 3 5 2 1 4 4 1 1 3 4 2 4 2 3 1 2 4 2 1 2 1 5 3 3 3 3 4 2 3 5 3 4 2 4 4 1 3 3 2 3 2 4 5 4 1 5 3 4 3 2 3 5 3 3 5 4 2 1 5 3 2 3 1 4 4 2 5 1 2 3 3 5 2 1 1 1 3 3 1 3 3 5 1 1 3 1 4 2 4 2 1 2 4 2 1 5 2 3 4 1 2 5 4 5 3 5 2 5 2 2 1 3 2 5 5 5 3 4 2 4 3 3 1 4 4 4 1 1 5 3 1 3 3 4 3 5 4 2 1 5 4 4 5 5 1 5 3 1 3 3 5 3 3 1 4 1 1 3 1 1 5 5 1 2
1 3 4 2 4 1 3 5 1 2 1 3 1 5 3 3 2 5 3 2 5 2 2 2 4 1 3 5 2 1 2 5 5 5 1 2 2 5 3 5 1 1 5 3 5 2 3 4 4 3 4 5 3 4 4 5 4 1 2 3 1 1 5 3 3 2 2 2 1 4 1 5 3 1 3 1 1 2 4 4 1 3 3 2 4 2 4 0 2 5 1 4 5 4 2 3 2 5 5 4 2 4 3 4 1 1 5 5 3 2 4 4 1 5 4 1 3 1 2 3 1 3 2 2 1 2 1 2 3 2 5 2 2 4 4 4 3 1 2 3 3 4 1 5 2 4 2 3 5 5 1 1 1 4 1 1 2 4 2 2 5 1 4 5 1 3 4 1 4 1 5 3 2 5 3 2 3 4 3 4 2 2 4 4 2 4 2 4 3 2 3 4 3 2 4 4 2 4 4 2 4 4 1 3 4 4 2 3 5 5 2 1 3 1 4 1 5 2 4 1 3 3 3 4 2 3 5 1 5 3 4 3 5 4 3 2 3 1 1 2 4 4 2 4 5 3 5 5 2 4 3 3 1 3 2 5 3 2 2 1 2 5 5 2 3 2 1 5 3 2 5 2 3 3 4 5 5 5 3 3 1 1 1 4 4 3 1 1 4 3 3 1 5 5 2 2 2 3 3 3 3 5 5 5 3 2 3 5 1 3 3 3 5 2 3 3 3 5 3 5 3 2 1 3 1 3 3 2 2 5 1 5 5 3 1 5 1 5 4 5 4 1 1 5 3 1 3 2 1 1 2 1 2 2 1 4 4 5 2 4 2 5 4 2 1 2 5 5 3 3 3 1 4 5 3 1 1 1 5 3 3 3 1 3 5 3 4 2 1 5 3 2 5 1 5 4 5 5 3 1 5 2 3 1 3 4 3 2 2 3 3 4 3 5 2 3 2 5 5 5 2 3 5 2 3 5 2 5 3 3 5 2 3 3 3 4 1 4 2 1 4 5 5 5 3 2 2 1 3 1
2 3 3 2 5 5 2 1 3 5 5 2 4 5 4 2 5 2 2 4 1 1 5 3 1 5 3 5 1 1 2 3 4 1 3 2 3 2 3 2 1 2 1 1 5 4 1 2 3 5 4 3 1 4 4 4 1 5 2 2 3 1 1 2 3 5 1 3 1 2 2 3 3 3 3 1 2 1 2 1 2 2 1 2 4 1 1 4 0 1 2 5 2 1 1 2 4 5 1 1 2 3 1 2 2 2 1 1 2 2 1 2 5 5 3 4 5 1 5 2 2 4 3 4 1 2 1 1 3 2 3 1 2 5 3 1 2 2 3 5 4 2 5 1 4 3 2 1 4 2 2 4 3 1 1 1 4 5 1 3 2 5 1 4 4 3 4 1 2 4 2 1 3 5 1 1 5 5 4 3 4 5 1 4 1 3 2 4 2 1 4 5 3 4 1 2 2 3 3 2 4 4 2 3 4 2 2 4 3 1 1 2 2 5 3 2 1 4 2 4 2 1 3 3 1 1 1 1 2 1 2 2 2 2 1 3 1 2 1 1 4 3 1 4 5 1 1 2 3 1 3 4 5 5 3 4 1 2 3 5 2 5 5 5 3 4 4 5 5 3 1 2 4 5 4 1 3 3 4 3 4 2 3 5 4 5 2 5 4 4 2 5 5 1 4 2 4 4 2 2 1 4 5 1 5 1 4 4 1 3 1 2 2 1 3 5 3 3 2 5 4 5 4 5 2 1 5 4 3 2 2 5 4 2 3 3 3 3 3 4 2 2 4 4 5 5 4 5 5 5 1 1 4 3 3 1 1 5 2 3 3 5 1 1 5 3 2 5 3 3 3 1 1 2 2 5 1 1 3 1 5 2 5 1 1 1 5 2 2 3 5 5 1 2 4 3 2 4 2 1 1 3 4 2 3 4 2 2 5 4 1 5 3 5 3 1 4 1 5 4 1 5 3 3 5 1 2 1 1 3 3 4 4 3 3 3 1 2 4 2 3 3 1 5 2 1 2 1 3 4
3 4 4 3 2 1 2 5 2 4 4 1 1 1 3 3 2 2 3 5 1 2 3 5 4 1 4 1 3 2 4 4 5 1 5 4 5 4 2 3 4 1 4 2 5 1 1 3 5 2 4 1 1 4 2 5 5 2 5 4 4 5 5 5 2 5 4 5 2 5 3 2 1 3 3 3 1 2 3 4 4 3 4 3 1 4 2 2 3 0 3 3 3 1 3 3 1 2 4 1 2 4 1 4 1 4 3 3 2 4 4 2 1 2 5 3 5 5 3 4 1 4 4 3 1 5 3 1 1 5 5 4 5 2 4 5 2 4 1 2 5 2 5 2 3 2 2 5 4 1 1 4 2 3 3 5 3 3 3 1 2 5 4 5 1 2 3 3 3 3 1 4 4 5 1 1 5 3 2 1 3 5 5 3 5 5 5 5 4 4 1 1 3 3 2 1 4 4 1 4 1 1 4 1 3 1 2 3 4 3 3 3 3 3 3 3 1 5 5 3 2 1 3 4 4 1 2 2 3 1 3 3 3 4 2 2 5 2 5 2 5 3 1 5 1 2 4 4 2 2 5 4 1 4 4 3 4 3 1 5 4 3 1 4 5 4 4 5 2 5 2 2 3 1 2 3 3 4 3 2 5 3 2 3 1 4 3 3 4 1 3 1 5 5 4 1 1 4 1 4 5 1 2 3 5 1 1 3 1 4 5 5 2 2 4 4 4 4 2 4 4 5 5 2 5 1 4 4 5 3 1 3 5 2 2 3 3 4 1 5 3 1 1 1 4 3 4 1 3 2 4 3 5 5 1 4 1 5 5 5 5 1 4 2 2 4 4 4 4 4 1 4 3 1 3 3 4 1 1 5 4 1 4 5 3 2 5 5 5 5 3 4 3 1 4 4 4 5 3 3 1 1 4 1 1 5 2 1 1 3 2 1 1 4 2 3 3 1 2 5 1 1 4 5 4 4 2 3 1 4 1 5 1 3 1 4 4 2 3 3 2 4 3 2 2 2 3 5 4 2
4 4 2 1 2 2 3 1 2 4 1 1 3 4 1 4 4 2 1 4 5 1 2 4 4 3 1 3 2 3 2 4 4 1 5 1 5 3 1 4 1 5 1 2 3 3 1 1 3 1 4 1 4 1 3 3 5 2 2 1 1 3 1 5 1 2 4 5 5 4 2 4 1 2 2 1 2 3 1 2 3 5 5 2 5 5 3 3 3 1 0 1 3 1 3 1 5 5 2 4 4 2 1 5 5 1 1 3 1 4 4 4 2 4 2 3 3 3 2 2 2 3 4 2 1 2 3 2 3 4 4 4 2 3 3 1 2 4 5 1 2 3 3 3 3 1 3 5 5 5 2 4 3 4 2 5 2 4 3 2 3 1 5 1 2 4 1 1 5 5 2 4 2 5 1 2 2 2 3 4 3 4 1 3 1 4 3 3 3 1 4 4 1 1 3 4 3 3 5 1 5 1 3 4 1 2 1 1 5 3 1 3 2 1 2 3 2 4 2 4 2 3 3 2 3 1 2 3 4 4 4 1 1 1 4 4 4 2 3 2 3 2 1 5 4 2 1 4 1 3 4 2 4 5 3 4 4 2 2 1 1 5 5 3 4 4 1 4 4 3 4 3 1 5 4 4 5 3 4 1 2 5 3 4 3 1 5 2 4 3 2 2 2 5 3 5 4 3 1 4 2 4 1 1 2 2 3 5 2 4 1 2 3 2 4 4 4 5 3 2 2 5 2 4 1 2 5 4 2 1 2 3 5 4 3 1 2 2 1 2 3 2 4 2 5 2 2 1 3 3 5 2 5 4 3 4 3 5 3 3 2 3 2 3 4 3 4 4 1 2 1 4 5 2 3 5 5 3 1 2 4 5 1 2 3 1 2 4 2 4 1 2 4 5 5 5 4 4 2 4 3 1 1 4 4 2 1 2 3 2 3 4 4 3 5 1 5 4 2 4 1 4 2 1 1 3 1 4 5 2 1 3 3 4 4 1 3 4 1 3 3 1 5 2 1 4 1 1 1 2
3 2 1 1 1 4 5 5 1 1 4 5 4 4 3 2 3 1 2 3 1 2 2 5 2 3 2 5 5 5 1 1 2 3 3 5 5 4 4 2 3 1 3 3 4 5 4 3 5 3 1 1 5 4 1 1 4 5 1 5 1 5 1 5 2 1 3 1 1 5 3 1 3 1 5 2 4 4 3 4 5 1 4 2 1 2 1 3 2 4 5 0 4 1 4 1 2 5 3 3 1 1 4 1 2 4 5 3 1 4 3 1 1 4 2 1 4 4 4 3 1 5 1 4 4 3 3 2 5 4 1 5 5 4 5 4 4 4 2 5 1 1 2 1 2 1 5 5 3 5 2 5 5 4 5 3 2 4 2 2 5 4 3 3 1 2 3 3 2 4 5 1 1 5 5 5 3 5 3 5 4 4 4 3 2 2 2 2 2 1 2 2 5 5 3 3 4 2 2 3 5 2 2 1 2 2 2 5 1 1 3 5 2 5 2 2 5 3 2 5 1 1 5 3 1 3 2 3 1 1 2 2 2 1 4 4 3 5 3 1 5 4 1 4 5 4 3 4 2 4 5 4 1 4 3 4 1 1 4 5 2 5 1 1 5 1 2 2 1 5 3 1 4 3 4 2 4 5 1 4 2 4 1 3 3 3 4 2 1 4 2 1 4 3 3 5 1 5 3 1 5 4 4 2 3 1 5 4 2 4 3 5 2 1 2 3 4 2 4 3 2 5 1 5 2 4 2 3 3 4 3 1 5 1 1 4 4 3 3 4 2 1 1 4 2 2 1 1 2 5 3 1 5 5 1 2 3 4 1 5 4 3 4 5 5 2 2 2 4 1 3 1 3 3 3 3 3 3 2 1 1 1 3 3 1 3 5 5 3 1 5 3 3 4 5 5 2 3 4 5 3 2 4 5 2 2 4 2 3 1 4 5 5 1 1 1 3 4 4 3 4 3 2 2 2 4 5 5 1 3 5 4 5 2 4 1 5 1 2 5 5 5 3 1 1 2 1 5 4 2
2 5 5 1 2 4 2 1 2 5 2 2 5 2 3 4 5 5 3 2 2 4 3 3 4 5 5 2 4 3 1 1 2 5 1 1 5 3 4 4 1 2 4 5 3 1 2 4 3 1 5 5 4 5 4 5 3 5 4 5 2 5 3 2 1 2 2 5 5 2 1 1 5 2 2 3 2 3 2 1 1 1 2 3 1 1 5 5 1 4 4 5 0 1 2 4 4 3 4 5 3 1 1 2 2 2 5 3 4 4 3 3 5 3 5 3 3 3 2 5 2 2 1 5 5 4 2 1 5 3 3 2 3 4 4 4 3 1 1 2 5 3 4 4 4 3 2 1 4 1 5 3 2 1 2 4 3 5 3 4 2 2 4 5 5 4 5 5 5 3 2 5 3 3 3 1 1 5 3 2 3 4 4 3 4 1 3 4 4 5 4 3 5 1 2 3 4 4 3 2 3 2 4 5 3 3 2 5 4 4 4 5 2 2 3 3 5 2 5 1 4 2 1 4 2 4 3 4 5 2 2 4 2 4 2 3 1 3 2 2 1 4 5 4 1 3 5 3 5 3 1 2 4 4 2 5 5 4 5 2 1 2 5 3 3 4 2 5 5 2 2 2 1 5 3 5 1 2 3 4 1 4 4 2 4 3 1 1 3 1 3 1 3 4 1 2 1 4 2 4 4 5 1 2 3 2 4 2 4 2 4 3 5 2 1 5 3 2 5 2 3 2 4 1 3 1 1 3 5 4 2 1 4 4 2 3 5 2 4 4 3 3 4 4 1 3 5 4 1 2 2 1 4 2 1 4 5 5 1 5 4 4 3 4 3 3 1 5 1 3 4 5 4 3 1 5 2 1 5 2 5 3 1 2 5 4 4 4 3 5 1 2 4 3 2 3 5 4 3 5 2 2 2 5 2 2 3 2 3 4 3 5 3 3 1 3 1 1 1 5 4 1 2 2 3 3 3 1 2 5 4 1 2 2 4 3 1 5 3 5 1 4 4 3 4 4 3 2 1 2
2 3 5 1 5 5 4 4 5 1 4 2 3 1 4 3 2 2 3 3 2 5 4 2 2 1 4 3 2 5 2 3 5 4 2 2 3 3 5 3 4 3 2 4 3 1 3 5 3 4 3 5 3 3 3 2 3 5 3 1 4 4 5 4 4 4 1 3 1 3 5 2 2 1 1 5 2 3 3 3 5 2 4 3 5 1 2 3 3 4 5 2 2 0 1 4 2 4 3 1 3 1 4 2 1 1 4 1 3 3 3 5 3 3 3 3 3 4 4 5 1 1 5 5 3 1 5 2 4 2 4 5 1 3 3 1 2 5 4 1 3 1 3 5 4 2 4 3 4 4 5 2 5 5 4 1 3 4 4 3 2 1 2 3 2 2 2 2 2 4 3 3 5 1 4 2 1 4 2 2 3 5 4 4 2 3 4 1 1 5 1 2 2 4 1 2 4 5 4 2 3 1 1 2 1 4 3 5 4 5 3 2 2 4 4 2 4 4 4 2 1 4 3 3 5 2 5 2 3 4 3 3 4 3 2 3 1 4 2 1 1 5 2 1 4 3 5 5 4 5 2 2 1 2 5 4 3 3 3 3 3 5 1 5 2 2 5 5 2 1 4 5 3 2 4 2 5 1 4 4 5 1 3 5 3 2 4 2 3 2 2 5 3 3 5 1 4 5 5 1 4 1 3 5 1 3 4 3 2 3 3 1 2 1 2 1 1 1 2 2 4 3 5 1 5 4 2 3 2 3 4 4 5 4 1 5 1 1 5 4 2 5 4 1 5 1 2 3 2 3 3 2 5 4 5 2 4 5 4 1 2 3 3 2 5 1 2 1 2 3 2 1 5 3 4 3 4 5 1 2 2 3 1 3 3 4 4 3 3 5 1 3 1 3 5 3 4 4 5 2 1 3 4 2 4 2 4 1 2 4 5 4 4 1 4 2 2 1 4 5 3 1 3 4 4 5 2 4 4 1 4 4 1 4 4 5 4 5 4 4 4 4 1 5 4 5 3 2 5 2
1 3 2 4 4 2 5 5 5 1 2 3 1 5 3 2 4 1 4 5 3 1 2 1 4 2 5 1 2 2 2 2 1 5 3 5 2 2 4 4 1 5 3 2 3 5 1 1 5 2 5 5 3 4 1 3 5 3 2 1 1 3 5 4 2 3 5 1 1 1 3 1 5 5 2 4 4 3 4 1 2 1 3 1 1 3 5 1 3 3 1 2 3 1 0 4 5 4 4 5 4 4 1 5 1 4 4 1 1 4 3 2 1 2 1 5 4 1 4 5 3 2 1 5 3 2 2 2 3 2 2 2 3 5 4 5 2 3 2 5 1 3 3 4 1 1 2 2 5 1 4 4 1 1 1 3 2 3 1 1 5 3 3 5 3 2 1 4 4 2 4 3 1 3 4 3 1 2 4 1 2 3 1 4 1 4 4 3 1 4 3 2 4 3 1 1 3 5 4 5 4 5 4 4 3 4 2 5 4 2 4 1 2 5 4 2 3 2 5 2 1 1 2 4 3 2 3 1 3 3 3 1 5 2 1 4 2 2 1 2 3 5 5 5 4 2 5 2 4 3 1 4 3 1 3 4 3 4 2 3 1 5 4 1 2 4 1 1 1 3 5 5 4 4 4 4 5 1 1 1 5 1 2 1 3 3 2 4 1 4 4 3 2 2 5 2 4 2 1 3 1 5 2 5 2 5 2 1 2 5 3 5 1 3 1 2 4 2 1 2 4 5 2 3 5 2 1 1 4 4 3 1 2 3 2 3 1 2 4 5 3 5 1 2 5 2 1 5 1 5 2 2 3 3 1 4 4 1 1 3 3 1 4 2 2 4 3 1 1 4 5 5 5 2 3 2 2 4 5 2 3 2 5 3 1 4 1 5 1 4 2 2 4 2 2 4 4 3 3 3 5 4 3 4 1 4 5 1 4 2 1 1 4 1 1 3 2 4 1 3 5 5 5 5 1 3 2 5 1 5 4 2 3 1 3 1 2 3 4 1 2 5 5 5 2 2 1 2 3 5
1 4 2 5 1 2 3 4 3 4 3 1 3 5 2 1 3 4 2 2 5 5 4 4 1 2 3 1 1 1 1 5 1 2 1 2 1 2 1 5 4 1 5 4 3 4 1 1 1 2 2 4 4 2 5 3 4 4 2 1 5 4 2 2 2 2 4 3 5 5 4 2 4 5 1 5 5 1 4 1 4 4 2 1 1 5 4 1 4 2 3 3 4 5 3 0 2 4 1 1 3 1 3 1 2 4 3 3 4 1 3 2 1 3 2 1 1 1 2 4 3 4 1 2 2 3 3 3 3 4 2 2 1 4 2 3 2 2 3 1 3 4 3 5 4 4 3 4 3 5 1 1 2 4 5 3 4 2 2 2 1 5 3 1 5 5 1 3 4 5 5 3 5 3 4 5 5 4 1 4 4 3 3 3 4 4 5 4 3 2 4 4 2 4 3 4 1 4 4 2 5 3 4 4 2 2 1 1 4 5 2 5 1 1 3 1 1 3 3 1 2 1 5 3 3 5 1 2 1 1 3 3 3 4 2 4 3 2 2 4 2 4 5 3 5 1 1 3 2 5 2 1 1 1 5 4 2 4 2 5 3 4 2 5 2 3 2 2 2 3 5 4 1 3 2 2 4 1 2 2 1 5 4 4 4 3 1 2 1 3 4 3 3 5 5 2 4 4 3 2 2 3 4 1 5 4 5 5 4 1 2 5 5 2 1 3 2 1 4 3 1 2 2 1 3 4 2 5 1 4 3 3 4 3 3 1 2 4 5 5 4 4 1 4 4 2 3 4 4 5 4 3 3 5 3 3 2 3 4 3 1 5 4 2 1 3 1 2 3 3 1 3 1 1 1 3 3 2 2 5 3 2 3 4 2 4 4 5 3 3 3 4 1 4 5 5 2 5 4 3 1 5 5 2 2 4 4 4 4 3 3 5 5 2 3 2 3 1 5 2 3 5 1 2 1 2 1 5 5 4 5 3 5 1 1 1 5 4 1 3 5 3 2 4 3 2 3 3 2 1
2 1 5 4 5 4 3 4 3 2 5 1 1 4 1 3 5 4 2 4 3 4 5 1 2 5 4 5 4 1 3 2 4 5 5 2 3 5 1 2 4 2 5 3 5 3 4 5 5 4 3 2 1 5 2 2 5 1 2 4 4 3 2 2 3 5 5 3 1 5 4 3 4 5 3 5 4 2 2 4 1 2 4 2 5 4 4 3 3 2 1 4 3 4 1 2 0 1 1 2 3 5 2 5 3 1 3 4 3 1 4 4 2 2 3 4 4 1 5 3 3 2 1 5 1 3 5 1 2 3 5 4 3 1 3 2 2 4 5 2 2 3 5 3 3 5 4 3 2 5 2 5 4 2 5 5 3 1 4 1 4 2 1 5 4 3 1 4 5 4 2 4 5 5 5 5 4 4 5 4 2 1 5 4 1 2 1 3 4 1 3 1 5 5 3 3 1 3 5 4 2 4 2 1 1 5 4 2 1 5 2 1 2 3 1 3 1 4 4 3 1 3 1 3 5 1 1 4 5 3 1 5 1 5 5 3 3 5 2 3 2 2 3 4 3 2 3 4 5 3 1 5 3 4 2 5 3 5 3 5 5 2 3 1 1 2 5 5 5 4 1 5 1 2 5 1 4 4 1 3 4 3 4 3 1 4 1 2 3 4 3 5 5 5 2 4 1 3 2 3 5 3 3 4 5 5 3 1 5 1 1 4 2 4 3 5 2 2 5 2 2 4 3 2 2 3 2 3 5 5 2 2 3 4 5 3 2 2 4 1 2 1 2 3 3 4 2 2 4 2 1 4 5 4 2 3 1 1 5 2 4 4 4 4 4 3 5 1 4 2 3 5 4 3 5 2 1 2 3 5 2 3 4 2 2 1 5 3 1 1 2 3 1 5 4 5 4 2 2 1 1 3 5 2 1 5 5 2 4 5 3 1 4 3 3 1 2 5 1 5 5 2 5 5 4 4 4 5 1 1 3 2 2 4 3 2 2 4 4 1 3 1 5 4 1 4 1 4 5 3
1 1 5 5 3 3 2 5 5 1 3 1 2 5 2 2 5 5 2 5 5 3 3 4 2 4 3 3 3 5 1 5 4 4 5 1 5 4 5 5 1 1 1 2 3 4 2 2 4 3 5 4 4 4 2 1 4 5 4 4 2 1 1 2 4 2 1 2 1 4 1 3 4 3 1 2 2 3 2 4 2 5 3 4 1 3 2 4 4 1 5 5 1 2 1 3 3 0 1 5 1 2 2 2 5 3 4 2 3 3 2 5 5 1 4 5 4 4 2 4 3 1 5 4 3 4 3 2 5 3 5 4 5 5 2 3 2 3 3 1 1 1 5 1 1 1 3 1 1 2 2 2 3 4 4 1 4 5 4 1 3 2 1 4 2 4 1 5 4 1 3 5 4 2 3 1 2 4 4 4 4 2 3 4 5 4 1 1 3 3 4 1 3 5 1 4 4 5 2 3 2 5 2 2 4 2 1 1 1 3 2 4 1 3 1 5 2 1 4 3 1 3 3 3 2 3 3 4 1 1 5 4 3 5 3 2 2 3 4 1 5 2 3 2 5 1 1 5 1 4 5 4 1 4 4 2 5 1 2 5 5 5 5 5 2 4 1 4 1 1 4 2 5 4 2 3 3 4 4 1 2 3 3 1 4 1 3 5 3 2 1 4 1 5 4 4 3 3 1 1 1 5 5 5 3 1 3 2 2 5 2 1 4 2 1 4 2 5 1 4 3 4 5 2 4 3 4 1 3 1 4 5 3 1 3 2 5 2 2 1 4 3 1 3 4 4 4 4 1 5 2 2 2 4 5 3 4 5 3 2 2 2 4 5 5 1 3 4 1 3 2 2 4 1 4 3 4 2 1 2 2 5 1 4 5 4 2 5 5 2 5 3 4 2 3 4 1 1 3 5 2 4 5 2 1 5 4 2 1 4 2 4 2 2 1 1 5 5 4 5 2 5 2 4 5 3 5 5 4 5 1 3 1 4 5 1 5 2 4 2 5 1 1 1 2 4 4 5 5 2
1 2 5 4 2 1 5 5 2 1 4 4 5 3 2 2 5 1 4 4 4 5 1 4 1 1 5 5 2 5 2 5 2 4 3 1 5 4 1 5 1 1 4 3 2 1 5 4 3 5 1 4 4 5 5 2 1 5 2 2 5 2 4 5 1 2 2 2 2 2 4 2 3 2 2 1 5 3 4 2 4 3 5 2 3 5 3 2 3 3 2 1 1 2 5 3 3 3 0 4 4 4 3 2 2 3 5 2 3 2 4 5 3 4 1 3 3 3 1 4 3 2 5 4 1 5 1 2 1 3 4 4 4 5 2 1 1 1 5 2 3 4 5 2 3 2 3 2 1 1 5 4 1 1 2 4 2 4 2 3 3 5 1 5 3 4 1 1 3 4 5 3 1 3 4 2 3 3 5 5 3 4 4 4 5 3 2 5 2 5 3 2 4 4 5 4 2 3 4 3 5 2 3 4 4 5 1 4 1 4 1 1 1 2 5 5 2 3 1 2 5 4 2 3 3 4 5 1 1 5 4 5 3 5 1 2 3 5 5 3 1 5 3 4 5 1 1 2 3 4 1 2 5 4 1 5 4 1 5 4 5 1 3 4 5 2 4 1 4 4 4 5 5 4 5 3 1 3 3 1 2 2 2 2 3 5 2 2 5 3 4 5 5 4 4 1 2 4 2 3 2 4 4 1 2 5 4 2 5 5 3 5 1 3 1 4 5 1 2 4 1 5 5 1 4 5 1 3 5 2 2 5 5 2 5 3 3 2 1 5 5 2 4 2 1 1 3 2 4 2 1 1 2 3 4 2 2 4 4 2 1 2 4 3 1 3 3 2 3 4 3 3 4 3 4 3 5 1 1 1 3 1 3 4 4 3 1 2 1 4 4 2 1 1 5 1 3 5 3 4 2 2 2 5 2 4 2 3 5 4 2 5 2 3 5 3 5 3 5 4 4 1 2 5 4 5 3 3 4 2 4 2 3 4 1 2 2 2 2 2 2 3 2 2 3 3 4 2 5 3
1 2 2 1 5 2 3 3 5 1 5 5 1 3 2 2 1 4 1 2 1 5 3 4 1 3 3 2 4 1 5 3 5 5 2 3 4 5 2 3 2 3 2 4 3 5 3 3 3 5 5 1 2 2 5 4 3 4 5 5 2 1 1 4 2 4 4 1 4 3 3 3 5 5 1 4 5 5 5 5 4 5 3 2 1 3 1 1 4 3 5 4 3 3 5 5 3 4 5 0 4 3 3 4 4 1 3 5 1 4 4 4 3 1 5 2 5 1 2 5 3 5 4 5 1 3 5 4 3 4 3 5 2 4 5 2 1 2 5 4 1 2 5 3 2 3 5 3 5 3 1 4 3 5 1 4 3 1 4 3 4 4 5 5 1 4 4 1 4 2 2 4 1 5 3 1 3 2 5 1 2 2 1 3 3 3 1 3 5 3 3 5 3 3 1 1 3 5 3 4 3 2 1 3 1 4 2 2 1 5 3 4 3 2 2 2 3 1 2 1 3 1 1 4 2 3 1 1 4 5 5 5 4 3 1 3 4 5 5 4 5 5 5 4 4 3 5 2 2 5 4 1 4 1 2 1 3 2 4 3 2 1 3 5 2 1 2 2 1 5 5 2 1 1 3 2 1 2 2 3 1 5 4 1 1 4 2 4 2 2 1 3 1 4 5 1 3 3 1 2 1 2 5 2 5 4 3 5 5 3 1 4 1 1 4 3 4 5 5 4 5 4 3 2 2 1 3 2 1 1 1 4 5 3 3 2 4 4 4 2 2 4 2 1 4 5 5 2 1 1 4 1 2 1 3 2 4 3 4 1 5 5 1 2 4 2 2 1 4 4 1 3 5 5 1 3 2 4 1 5 1 1 5 4 3 2 3 2 1 1 4 5 2 2 2 2 2 5 1 4 3 3 2 1 1 3 1 2 1 3 3 3 3 3 3 4 2 4 2 3 5 5 3 3 1 5 3 2 1 2 1 4 4 4 4 3 3 2 2 2 5 4 3 3 5 5 5 2 5 4
5 3 3 3 2 5 1 1 3 5 2 3 4 5 2 4 3 3 2 3 1 4 5 2 4 4 3 4 5 5 5 4 3 2 2 1 1 2 5 4 5 2 1 4 3 5 4 3 5 5 4 4 4 3 4 5 2 1 5 1 4 2 4 5 4 5 3 1 5 4 5 2 5 5 4 2 5 3 1 1 2 2 1 2 4 3 2 1 2 2 2 1 5 1 1 5 5 1 1 4 0 4 4 1 4 4 4 1 2 1 4 4 1 3 3 4 4 2 4 1 4 5 2 2 1 3 3 4 1 2 5 1 2 4 1 3 3 5 4 3 2 2 1 1 4 5 2 1 4 4 1 2 3 2 2 1 3 1 1 2 3 4 2 5 5 4 4 4 5 2 5 5 4 2 4 3 1 3 1 3 4 1 1 5 3 4 2 1 2 5 1 3 2 2 5 1 3 5 2 1 2 2 1 3 3 4 1 3 3 2 3 3 2 1 1 5 2 4 4 4 5 2 5 2 3 2 5 3 3 5 5 5 2 4 5 4 3 1 1 1 3 3 2 1 2 3 3 5 4 1 2 3 5 4 3 4 5 2 2 1 1 1 3 5 2 5 5 3 5 3 4 4 5 4 4 1 5 2 1 4 5 4 4 2 3 4 4 4 5 2 5 3 4 5 5 5 3 1 2 3 5 3 5 1 3 5 1 4 1 2 2 3 5 1 2 4 4 4 2 2 5 4 4 2 2 4 5 5 1 2 5 2 2 1 3 2 3 2 4 2 5 4 2 2 4 2 1 1 2 2 2 2 4 5 4 2 2 1 1 4 3 2 4 1 3 2 2 4 1 4 2 4 5 5 2 2 1 4 3 3 5 3 4 5 5 5 2 4 5 5 1 4 5 1 3 2 4 5 2 2 3 4 4 5 3 3 5 2 3 1 3 1 1 4 4 4 1 4 5 1 2 4 2 2 3 5 3 5 5 3 2 4 2 2 2 2 5 2 2 3 4 1 1 5 3 5 3 3 1 1
1 4 3 1 3 1 4 2 4 1 1 5 2 5 4 2 4 2 2 1 2 4 5 5 4 3 4 1 2 3 1 1 2 3 1 2 3 3 1 5 5 3 3 3 3 2 3 3 3 4 3 2 2 2 2 1 3 5 5 5 3 4 2 1 4 1 5 2 5 1 4 1 4 3 5 3 3 5 4 3 2 1 3 1 3 3 1 2 3 1 4 3 5 2 5 3 4 5 3 1 2 0 4 5 1 3 4 5 1 4 2 1 1 3 3 4 3 5 5 5 3 5 1 1 2 4 1 2 1 3 2 4 2 1 2 3 3 3 3 4 4 1 3 3 1 4 2 2 3 3 2 5 1 5 2 4 2 1 2 3 2 3 1 2 4 3 1 2 3 3 2 3 2 1 3 4 2 2 2 3 3 5 1 3 3 5 2 1 1 4 4 5 5 4 1 2 3 1 4 5 2 1 4 3 1 3 1 2 5 4 1 4 1 3 1 3 4 3 3 3 4 2 2 1 3 5 1 3 2 1 3 4 2 1 4 3 3 1 5 2 5 5 2 5 4 4 5 4 1 1 2 2 1 3 1 1 4 5 4 5 1 4 1 1 1 3 5 3 1 1 2 5 5 3 3 1 3 5 3 3 2 5 3 4 2 5 5 5 4 3 2 5 3 4 4 1 4 1 1 1 2 2 3 5 1 3 5 2 4 1 4 1 2 1 3 4 5 4 3 3 4 3 5 2 3 3 5 4 3 5 2 2 5 2 4 2 3 3 5 3 4 4 1 1 1 5 1 3 5 1 2 1 5 3 1 3 3 3 3 3 5 2 4 1 3 4 4 3 1 1 5 3 5 4 1 2 4 2 2 3 3 3 1 5 5 2 2 3 4 4 4 1 5 5 2 2 3 2 5 5 5 5 4 2 3 2 1 1 2 1 3 5 4 3 4 4 3 2 3 2 1 3 4 3 5 1 4 3 2 3 4 2 5 1 4 1 2 3 3 1 4 5 2 5 3 1 3 5 2 1
3 5 2 4 4 5 4 4 4 1 5 1 2 2 3 2 4 5 3 1 3 1 1 5 2 3 4 2 4 4 5 4 2 4 2 4 3 1 5 3 1 5 1 3 1 1 1 1 3 2 4 1 1 1 4 5 1 3 2 5 1 4 1 3 1 4 4 2 1 1 4 4 4 3 5 2 2 1 5 3 2 2 1 3 1 5 1 2 1 5 5 3 5 5 2 2 3 3 5 3 1 5 0 5 4 2 2 5 4 2 3 4 1 4 4 3 1 2 1 3 1 4 1 3 4 1 1 3 4 4 3 1 5 3 1 5 4 4 3 3 3 1 2 2 1 2 2 1 2 5 1 3 5 5 5 1 5 1 4 1 2 5 1 5 2 1 5 3 1 2 2 1 2 5 2 5 3 3 5 4 3 2 2 4 3 4 1 1 2 2 4 2 4 4 5 1 5 1 2 3 4 5 4 3 3 4 4 5 3 4 2 1 4 2 5 4 2 5 5 5 2 1 4 1 1 4 2 1 5 3 1 4 1 2 4 1 3 1 5 5 4 3 2 5 2 1 3 2 5 4 2 4 3 4 4 2 4 1 1 5 5 3 1 4 1 4 1 2 1 5 2 4 4 4 3 2 5 2 2 3 3 1 4 2 4 1 3 1 2 5 4 2 1 2 2 3 3 4 2 4 5 2 2 4 3 5 3 1 2 3 1 5 5 4 3 4 3 3 1 4 5 2 5 3 2 4 2 2 1 1 3 3 5 2 1 2 2 4 1 2 5 3 3 1 2 4 4 1 3 4 5 1 4 2 2 2 5 1 1 1 2 3 2 3 3 3 4 4 2 3 4 5 2 1 4 4 5 4 3 2 2 2 5 1 4 4 5 4 2 1 4 3 2 5 5 1 5 1 5 1 2 4 3 4 3 3 3 2 3 4 1 3 5 4 1 2 5 3 4 3 3 4 3 3 2 1 4 4 3 5 4 5 2 2 5 2 3 3 4 4 2 2 1 4 1 3 5 4 2 4
1 4 1 4 4 2 4 4 3 5 4 2 1 5 1 1 3 4 1 3 5 3 4 4 2 3 5 2 2 2 3 4 4 2 2 5 1 4 2 3 2 5 1 3 3 3 5 3 5 2 1 3 5 1 1 5 3 5 5 3 2 4 1 2 4 5 3 2 4 2 5 1 5 3 1 4 3 2 4 1 3 4 2 3 5 3 3 5 2 3 4 2 3 4 2 2 4 4 1 3 2 5 3 0 2 2 3 4 5 3 1 2 5 4 2 5 3 4 4 3 4 5 3 2 2 4 3 3 4 5 5 2 1 1 4 2 1 5 2 4 5 3 3 5 3 4 3 3 2 4 5 4 3 4 5 3 3 2 1 4 4 1 1 4 5 3 3 5 1 3 4 2 2 4 4 2 2 2 5 3 4 2 5 5 2 2 4 1 4 2 3 2 1 3 1 3 5 1 1 1 1 3 2 5 3 2 1 3 2 1 1 2 4 2 3 4 5 3 5 2 2 3 2 5 5 3 2 4 3 2 5 1 3 3 4 1 5 1 2 5 4 4 4 4 5 4 2 5 3 2 5 4 5 2 4 1 4 3 1 4 1 2 2 3 5 4 5 1 2 1 2 2 3 1 4 5 4 4 2 1 4 2 3 1 3 4 3 2 1 5 5 1 5 5 5 4 1 2 1 2 1 1 4 2 3 1 5 1 4 2 3 4 4 3 4 4 4 3 4 1 4 3 1 1 4 1 5 3 2 5 3 1 4 3 4 4 3 3 3 3 2 4 1 3 4 2 3 5 4 4 2 1 2 1 3 2 3 4 5 4 4 1 3 2 3 1 1 1 2 1 5 5 1 4 3 5 1 5 5 3 4 1 4 1 5 4 2 5 5 5 3 4 2 2 4 4 3 1 2 2 4 1 5 1 4 5 5 4 1 3 2 3 3 3 3 1 1 5 5 4 2 3 5 2 2 1 4 4 2 4 4 1 2 1 3 1 5 2 3 5 1 5 3 3 1 3 2 5 4 1
1 5 2 1 3 1 3 4 4 5 4 1 4 4 3 2 2 5 5 5 4 1 1 4 4 4 2 2 5 5 2 1 3 3 3 2 1 5 5 1 3 4 3 3 5 1 1 1 3 1 3 3 1 1 2 1 5 1 1 2 1 2 2 4 5 4 1 5 4 2 5 3 4 5 2 5 4 5 5 5 1 5 4 2 4 4 3 5 3 2 4 4 4 3 5 2 5 4 4 5 3 4 1 2 0 4 3 3 1 2 2 1 3 5 4 5 2 5 2 5 4 1 1 2 3 4 4 2 4 1 5 5 3 4 3 4 4 3 5 2 1 1 2 2 4 1 4 2 2 4 5 2 4 2 4 1 3 2 3 3 3 1 2 4 2 5 2 1 2 5 4 4 2 5 5 4 1 4 2 1 5 5 3 4 3 2 1 5 5 1 1 4 5 1 3 2 4 2 5 2 5 1 2 2 4 3 3 5 1 1 3 5 2 5 5 4 3 5 2 1 1 2 5 1 2 4 1 3 5 1 2 5 2 5 1 4 2 5 2 4 1 4 3 1 2 1 3 3 2 2 3 1 4 4 3 3 1 5 4 3 5 4 4 3 2 2 3 4 5 5 2 5 1 1 1 5 1 1 2 1 2 4 3 4 2 1 4 5 4 4 1 2 4 5 2 2 2 1 5 3 1 2 3 1 5 2 1 4 3 3 1 1 2 4 1 3 3 4 5 4 1 2 1 4 1 4 2 4 3 5 4 4 5 2 2 4 4 1 3 2 2 5 4 3 5 5 3 2 2 2 2 4 1 2 2 2 5 3 2 4 3 2 3 4 2 1 3 3 1 3 2 5 4 2 2 2 4 2 3 2 2 1 2 1 2 4 5 4 5 1 2 4 3 5 1 5 2 1 2 4 2 4 3 1 1 4 1 2 2 5 1 5 2 4 3 4 5 5 4 4 2 3 4 3 2 4 1 5 2 5 2 5 5 1 5 4 5 4 4 3 4 3 4 4 2 1 4 4 3 5
1 1 4 5 5 4 4 1 3 4 5 4 1 2 1 2 3 1 4 5 1 2 3 2 3 2 5 5 5 5 3 4 1 1 4 5 4 3 4 1 5 3 5 1 4 4 5 4 4 1 3 3 5 4 4 5 4 5 4 5 2 1 5 4 3 3 4 2 2 2 2 4 4 1 5 5 4 3 1 1 1 2 4 2 5 5 3 1 3 4 5 4 2 3 2 3 4 1 1 3 2 1 4 4 3 0 4 1 5 3 4 1 4 5 5 1 1 5 1 4 4 5 4 2 1 4 3 5 3 4 5 4 1 4 5 3 1 2 2 5 2 1 5 4 4 5 5 2 3 3 4 2 2 2 1 2 3 2 4 2 1 1 4 5 3 3 1 4 3 3 2 5 1 4 3 2 4 1 4 2 4 4 3 5 5 3 5 5 1 1 4 3 5 5 5 1 2 1 3 4 5 5 3 2 1 1 4 5 1 5 4 3 3 5 5 2 3 5 3 1 1 1 3 4 3 3 3 4 4 2 5 2 5 1 2 3 3 5 2 2 2 2 4 2 3 1 5 3 5 2 4 3 2 5 5 2 4 1 4 3 4 1 1 4 2 1 5 1 2 1 1 2 5 3 3 4 1 4 4 2 1 1 2 1 4 3 1 1 5 4 2 2 3 2 2 5 3 2 5 2 4 5 4 5 4 2 2 5 4 1 2 5 4 2 1 3 2 3 3 1 1 3 5 2 5 3 5 4 4 1 1 4 2 4 2 3 5 2 3 4 3 3 3 2 2 5 2 5 1 1 1 2 4 5 5 4 5 4 1 2 4 2 2 2 1 2 5 5 2 4 5 2 4 1 5 5 1 5 2 3 3 4 4 2 5 3 2 4 5 3 2 3 4 1 2 5 1 2 3 5 5 5 5 2 4 5 4 1 5 2 1 5 2 5 4 2 3 1 5 3 2 3 5 4 3 3 2 1 1 1 5 2 3 2 1 5 1 5 1 2 4 4 1 3 5 3 5 3 2 4
4 1 2 4 1 4 1 2 5 4 2 4 1 3 2 4 3 2 5 2 2 1 5 1 1 2 4 5 4 5 4 5 3 3 2 3 3 3 2 5 3 1 4 2 2 2 3 5 5 3 5 4 5 4 2 5 3 3 4 2 2 1 1 3 2 1 5 4 5 3 2 2 3 1 5 3 2 4 2 1 2 5 1 1 1 5 5 1 4 4 1 5 1 5 3 5 5 5 2 4 3 4 4 5 3 3 0 2 5 1 2 5 3 5 1 4 5 4 4 5 4 5 5 1 4 2 5 5 2 4 3 5 4 3 4 4 1 5 1 1 5 3 2 5 2 1 5 3 5 2 5 5 1 1 2 5 4 4 2 4 1 5 4 1 3 1 5 2 1 1 4 2 1 1 1 4 5 5 3 2 2 1 2 1 5 2 5 4 4 4 3 2 3 5 1 1 5 3 2 4 4 2 2 5 2 3 1 1 5 4 1 3 1 4 4 3 2 3 5 2 2 2 1 1 1 5 5 4 5 3 2 5 1 1 3 4 1 3 3 1 2 2 4 1 3 4 4 3 4 3 4 1 1 2 2 5 1 1 2 1 3 4 3 5 2 1 2 3 5 4 4 1 5 2 3 5 2 2 4 1 2 1 2 2 4 1 5 4 2 2 5 5 2 3 1 2 2 1 2 4 1 2 5 5 2 2 5 1 5 1 1 2 5 4 1 3 3 5 3 2 4 4 5 3 3 3 4 4 3 3 1 1 1 5 1 1 4 5 4 2 3 5 1 2 1 2 2 2 2 5 3 2 5 1 3 1 2 1 2 5 1 2 3 5 5 2 1 5 1 4 3 4 4 2 4 3 5 1 5 2 2 3 1 4 2 1 1 3 5 5 1 1 2 2 4 3 1 4 3 4 4 2 4 3 2 3 5 3 5 2 1 1 3 2 3 3 4 2 3 4 2 4 2 2 2 2 2 1 3 2 5 4 4 1 5 1 1 2 4 2 2 3 3 4 5 4 3 2 1 2
4 2 3 2 2 3 3 3 4 5 4 1 1 2 4 4 2 4 4 2 3 5 4 1 2 4 2 5 4 1 2 1 5 5 4 4 2 4 2 3 2 1 2 3 5 4 4 2 3 5 5 2 5 2 3 3 1 5 5 1 2 2 4 5 1 3 4 3 1 5 2 4 3 4 3 3 1 4 3 1 2 4 3 4 1 3 1 1 1 1 5 1 5 5 5 5 5 4 2 3 3 5 3 2 2 1 3 0 5 1 2 4 3 3 4 4 2 4 1 4 4 5 2 4 5 1 5 5 1 2 3 4 3 4 3 4 4 1 3 1 3 1 3 2 4 2 4 4 4 3 1 4 5 3 1 3 2 4 2 2 1 2 4 2 5 3 5 2 1 3 2 4 1 4 4 1 4 1 4 3 2 1 2 4 3 3 3 3 2 5 2 1 3 2 4 3 5 4 4 3 3 2 3 1 1 4 4 3 2 5 3 5 1 2 4 5 5 2 2 2 3 4 1 4 4 4 3 3 4 1 5 3 2 4 4 1 5 2 1 3 2 3 4 5 5 3 3 3 1 2 2 4 5 5 4 5 3 4 4 3 4 2 4 3 4 3 2 2 5 3 4 2 5 2 2 3 1 3 1 3 1 5 5 1 2 5 4 1 4 1 4 5 2 2 5 4 1 5 2 4 5 1 5 1 3 4 2 4 1 4 5 4 1 4 4 1 4 1 5 5 1 1 5 5 2 2 3 4 5 5 1 3 4 2 4 1 3 3 1 1 4 3 4 3 2 1 5 2 4 1 4 4 5 2 2 4 4 1 3 1 1 2 3 2 2 4 4 5 3 1 2 4 4 1 2 2 2 4 4 1 4 1 5 5 3 3 3 1 1 2 2 5 1 5 4 5 5 1 5 3 1 2 2 4 4 5 4 1 2 1 1 2 2 1 2 2 1 1 1 1 4 1 1 5 2 3 5 3 3 5 1 2 3 4 1 5 5 4 1 2 4 5 1 1 2 4 1 4 4 3
5 5 4 4 3 5 1 3 4 1 5 1 4 5 4 3 2 5 4 5 3 3 4 5 3 1 5 2 5 5 4 2 4 2 3 1 2 4 4 4 3 5 5 2 5 4 4 4 1 5 2 1 1 4 2 5 4 1 1 3 1 4 1 2 1 4 2 2 1 2 3 5 4 2 2 3 2 5 2 4 1 5 3 1 5 5 4 2 2 3 2 2 3 2 5 4 3 3 3 1 2 5 4 1 1 4 2 2 0 2 3 2 5 3 1 5 1 1 2 1 2 3 4 5 3 2 1 5 5 1 4 2 1 5 1 5 4 1 2 5 3 4 1 5 4 1 1 4 2 3 5 1 2 2 5 5 3 2 4 3 3 2 1 5 3 5 2 5 5 4 3 4 1 2 5 3 2 4 4 4 5 3 2 5 4 1 4 1 4 2 5 5 1 2 5 3 2 2 2 1 5 3 1 2 4 3 2 1 1 2 1 1 3 1 1 4 5 1 2 1 2 1 3 3 5 4 2 4 2 3 2 4 2 1 4 1 2 5 2 3 3 2 3 1 5 3 2 1 2 1 5 4 4 3 5 1 2 3 1 2 2 5 5 5 3 4 4 2 2 5 3 3 3 1 1 5 1 5 1 3 3 2 2 1 1 5 5 3 2 5 5 2 5 1 3 3 1 5 5 2 2 4 2 2 1 3 1 5 1 1 3 5 2 1 2 5 4 2 3 3 2 5 5 5 2 1 2 1 4 5 2 5 3 3 3 5 3 2 3 1 3 5 1 1 3 5 2 1 1 4 5 2 2 3 5 2 1 2 1 5 3 1 3 4 1 3 1 4 3 3 5 3 1 3 4 4 1 1 5 2 3 1 4 1 3 3 2 3 2 1 5 3 2 4 4 4 1 1 1 1 5 2 2 4 1 5 3 2 4 4 4 1 1 3 1 4 4 5 5 3 4 2 3 3 4 2 5 2 4 4 3 1 3 1 4 2 4 2 1 3 1 4 2 1 4 5 2 1 4 4
2 4 2 2 1 5 2 2 4 5 5 3 5 1 1 4 3 3 1 1 3 3 2 5 1 4 2 2 5 4 3 3 1 1 4 3 5 2 2 3 5 3 1 3 2 5 1 5 2 4 4 5 1 2 3 1 1 5 3 3 5 4 5 5 2 4 2 2 5 2 1 2 1 2 5 2 5 3 1 4 2 4 3 3 3 4 5 4 2 1 3 5 1 1 1 1 1 2 3 5 1 1 4 5 5 2 5 4 1 0 1 3 4 4 3 4 1 5 2 3 1 4 2 3 3 5 2 5 4 2 3 5 1 1 5 4 4 3 3 4 3 4 3 4 2 1 4 4 5 2 1 1 3 1 2 1 5 2 2 2 5 5 2 4 3 1 5 3 1 4 1 5 3 3 5 5 4 1 5 5 4 2 4 2 5 2 1 3 1 2 4 1 1 5 4 4 5 2 1 5 5 2 3 3 2 5 2 4 1 5 4 2 1 5 5 3 5 4 4 3 5 1 5 4 4 4 1 2 4 3 2 3 2 1 4 4 4 2 2 2 5 2 5 5 4 1 4 4 1 4 2 4 3 3 4 2 3 2 5 4 3 1 1 4 5 1 3 5 1 3 2 1 5 4 4 4 4 5 4 1 5 3 3 4 2 2 5 5 2 5 2 5 5 4 1 3 2 3 5 4 1 5 1 5 4 1 2 4 5 3 2 1 4 1 3 2 3 4 1 4 2 2 2 3 3 3 4 3 4 3 2 3 4 1 3 4 3 5 3 5 5 2 1 1 5 2 3 4 4 3 5 4 2 4 4 4 1 4 4 4 3 5 4 4 2 4 1 5 4 4 3 5 4 4 2 5 1 2 4 5 4 1 1 3 2 3 3 4 4 2 4 5 3 2 4 2 3 5 3 4 1 2 2 3 2 3 2 4 1 3 5 2 1 1 1 4 5 3 2 2 3 5 4 3 2 3 2 1 3 2 2 1 4 1 3 1 4 5 3 3 2 2 5 1 4 4 4 5 1 3
5 5 4 1 4 3 5 5 4 1 1 2 1 5 3 2 5 4 3 3 1 4 4 5 3 1 5 4 3 4 1 2 1 3 3 4 1 4 2 1 1 5 2 5 3 3 5 4 2 5 3 2 4 4 4 1 1 4 5 3 4 1 3 1 2 1 3 5 2 2 1 4 5 2 3 2 3 1 2 2 5 2 1 1 4 1 5 2 1 1 5 2 4 3 1 4 4 4 1 4 1 5 4 3 1 1 3 3 5 4 0 4 4 5 4 2 4 5 2 4 4 2 2 4 5 1 3 3 5 5 5 4 1 2 5 1 2 1 3 5 4 4 5 3 2 4 4 2 4 4 5 3 5 5 5 3 3 3 2 2 3 2 1 5 1 4 2 4 2 1 1 5 5 4 5 5 2 2 3 1 1 1 5 4 3 5 2 4 4 2 2 4 3 2 2 2 5 1 1 3 5 4 2 3 2 1 4 4 5 3 2 4 3 3 3 1 1 1 2 3 4 2 5 2 5 1 2 3 2 2 4 1 4 4 3 3 3 5 1 4 2 1 2 1 2 4 1 1 1 3 3 3 1 1 3 2 1 2 5 3 1 3 4 4 1 5 4 2 3 5 3 1 1 2 2 3 1 1 4 1 1 1 2 4 4 4 5 5 1 2 2 3 1 5 4 4 1 2 1 3 1 2 4 1 1 3 5 4 3 2 1 5 1 4 1 1 2 1 3 1 1 2 5 3 5 4 4 3 4 1 2 5 2 2 3 2 2 3 5 5 3 2 3 3 4 3 5 2 4 5 1 2 1 2 4 2 5 2 4 2 4 4 1 2 4 1 3 1 1 2 5 3 3 1 2 5 1 1 3 2 4 3 2 3 1 3 2 4 1 5 3 2 2 2 4 5 3 5 4 2 4 1 2 2 4 1 3 1 1 4 2 5 5 1 3 3 2 3 5 3 4 3 5 1 4 1 4 5 5 1 1 3 4 1 5 4 1 2 2 4 4 4 4 3 4 1 2 5 1 3
2 5 1 2 1 3 1 4 1 1 1 2 5 3 2 1 2 5 5 5 4 5 4 5 1 4 1 2 2 1 1 5 4 1 1 2 3 1 2 2 1 5 4 5 2 3 4 5 4 1 4 2 4 5 3 1 4 4 3 1 2 3 3 1 3 4 1 1 4 5 4 1 2 4 1 1 3 1 1 5 5 4 2 2 1 5 4 1 4 5 5 4 3 2 1 4 3 1 3 4 1 4 4 2 1 3 2 1 3 1 4 0 3 5 2 1 5 4 1 5 3 4 1 2 5 2 4 2 3 2 1 3 5 4 4 5 3 4 5 1 4 2 1 1 1 5 1 1 1 4 3 2 4 4 1 1 1 3 3 3 1 4 4 4 5 5 4 2 5 4 2 1 3 4 1 5 4 3 1 4 4 1 3 3 1 3 2 2 5 2 4 1 2 1 4 3 4 1 5 5 1 2 1 1 2 3 1 5 5 5 3 2 3 3 4 2 2 5 5 4 4 1 5 2 1 3 4 2 1 2 3 3 1 5 2 4 1 2 5 2 2 5 1 4 4 3 1 3 3 5 4 2 4 3 5 3 5 3 2 2 3 3 4 1 2 4 3 2 1 2 1 3 1 2 1 4 4 1 3 3 1 2 5 1 2 1 5 5 1 5 1 4 4 1 3 5 4 2 1 2 4 3 5 5 3 4 1 1 5 4 5 2 1 4 1 1 5 1 1 3 1 3 1 3 3 2 2 2 5 5 5 1 1 2 3 4 4 1 2 3 1 3 4 4 3 2 2 2 2 1 3 3 2 5 3 1 5 5 5 1 4 3 5 3 4 3 2 2 4 3 4 2 5 1 2 5 4 3 3 3 5 4 2 5 1 2 5 3 4 4 5 1 2 2 1 2 2 2 3 2 2 1 2 1 3 4 5 4 3 5 5 3 5 1 2 1 2 5 3 1 4 4 3 4 1 5 1 4 2 3 3 3 5 2 1 4 4 5 4 1 1 3 3 4 1 4 1 2 4 1
3 5 1 1 1 1 4 2 5 1 4 1 1 5 1 2 2 2 2 1 4 4 2 3 3 4 4 4 5 2 3 3 2 5 5 4 1 3 4 3 4 4 5 2 5 5 4 5 2 1 1 1 3 4 4 3 2 2 1 1 2 4 4 1 3 2 2 1 2 2 1 1 3 3 3 5 3 4 3 1 4 2 3 1 5 2 2 5 3 4 5 4 3 3 2 1 5 2 4 4 1 3 2 4 3 1 4 1 3 2 4 4 0 1 4 2 1 2 4 3 1 4 3 1 1 5 4 3 4 4 3 3 1 5 4 3 1 4 2 2 2 3 3 1 2 5 2 5 1 2 2 3 1 5 2 4 5 1 4 1 5 2 5 3 1 5 2 1 3 2 4 4 3 1 5 1 1 1 1 1 2 2 1 4 5 3 1 3 5 5 4 4 4 5 4 2 4 1 3 2 1 1 4 1 2 1 1 3 3 2 3 5 3 3 1 3 4 1 5 2 2 3 5 5 3 4 1 2 3 2 5 2 3 5 5 4 5 1 5 4 4 5 4 5 3 1 2 3 4 5 1 2 2 1 1 1 3 3 2 3 5 4 4 2 1 5 1 4 2 2 4 4 2 5 2 2 3 5 4 4 3 1 4 1 4 2 3 5 5 5 2 1 4 4 4 2 4 2 5 2 1 4 3 5 1 3 2 2 4 5 5 2 2 1 4 2 3 3 2 1 1 4 1 1 4 1 3 1 4 2 4 3 5 5 1 2 2 3 5 1 2 1 2 4 4 4 3 5 1 1 1 5 5 3 5 4 3 4 1 3 1 2 1 2 4 2 2 5 4 2 4 3 3 1 2 5 4 4 2 1 5 1 1 5 2 2 5 3 4 4 3 2 5 2 1 3 4 1 2 5 3 1 4 1 4 1 5 3 5 3 4 3 4 1 3 4 5 4 3 2 5 5 5 4 2 2 3 5 3 1 2 5 1 2 4 2 1 4 2 5 2 4 4 3 2 4 5 3 3 4
3 1 4 5 3 1 4 4 3 2 4 1 3 5 4 1 1 3 3 5 4 2 5 1 4 3 4 2 2 2 2 4 5 5 5 1 5 5 2 5 2 5 3 5 4 5 1 4 1 2 2 1 1 4 4 1 1 1 1 5 5 4 5 1 3 4 4 1 2 3 5 1 5 3 5 4 5 2 4 4 2 3 1 2 5 1 2 4 3 1 2 1 4 1 5 1 5 2 3 1 2 5 3 3 1 2 4 4 2 3 4 4 4 0 5 2 3 1 3 4 1 5 1 5 5 4 4 4 2 2 1 2 4 1 1 1 1 5 2 3 3 1 5 1 2 2 1 5 2 1 1 2 3 5 1 1 2 4 1 1 1 4 1 1 5 4 2 5 3 3 1 2 2 3 3 2 4 2 2 4 2 4 3 4 5 2 1 2 5 2 1 1 4 4 1 1 3 4 5 2 1 4 1 3 2 2 1 3 4 2 3 3 4 5 1 5 1 2 1 5 2 3 2 4 4 1 5 2 3 5 4 4 1 4 5 2 4 2 2 1 4 3 1 2 5 3 2 2 5 5 1 3 2 2 3 4 3 3 2 2 2 5 1 2 1 2 3 4 1 4 2 5 3 1 5 4 2 1 1 1 2 2 2 2 4 1 5 1 2 2 2 4 4 4 1 1 3 1 1 4 1 1 3 2 5 5 4 5 4 4 4 3 2 4 3 1 3 3 1 4 1 2 2 2 4 1 2 3 1 1 3 2 1 3 3 5 4 3 2 2 3 5 3 4 3 3 5 3 2 4 2 1 5 1 2 2 4 5 5 3 4 4 2 1 4 3 4 5 4 1 4 5 5 4 3 2 1 1 2 2 3 5 1 3 1 2 3 5 2 2 2 2 2 4 4 2 4 2 1 2 2 1 3 2 1 5 5 1 1 5 5 4 4 3 5 1 3 2 4 4 1 2 4 5 2 2 2 1 3 3 5 2 1 4 1 2 5 4 4 1 3 3 2 5 2 3 2 2 1 2
1 2 4 5 2 5 3 5 4 1 4 3 4 4 3 3 5 5 2 4 3 3 1 5 2 1 2 3 2 3 1 3 2 2 3 2 4 2 1 4 2 1 1 5 4 2 5 4 1 2 3 1 1 5 3 4 4 5 2 5 1 2 3 3 2 3 3 3 3 3 2 5 1 2 1 1 1 2 5 5 4 2 5 1 2 2 1 3 1 3 3 5 1 5 2 2 1 4 1 1 4 3 3 4 1 3 4 3 3 3 1 1 1 1 0 5 2 4 4 4 3 4 1 5 4 3 2 3 3 5 5 5 3 2 4 2 1 3 1 4 1 2 4 1 1 3 1 2 3 4 5 4 2 4 1 4 2 2 1 4 1 5 4 2 1 3 1 1 4 4 2 3 2 5 4 3 3 2 3 3 3 3 4 3 5 3 3 5 2 1 2 1 4 3 3 1 2 1 4 1 5 2 1 2 1 4 4 1 4 1 4 3 3 3 4 2 3 5 5 5 4 4 5 5 2 2 2 3 3 2 5 3 5 3 4 4 3 5 5 3 5 3 4 5 2 2 3 5 5 5 5 4 2 1 3 3 2 3 5 5 3 2 1 1 2 4 2 2 3 3 2 3 2 2 3 2 1 1 4 3 5 3 4 3 2 3 4 3 4 4 3 2 1 2 1 2 2 1 2 4 3 4 4 1 1 3 4 4 2 5 1 1 2 4 1 2 1 2 2 1 5 4 5 2 2 4 5 4 4 4 1 5 2 2 2 4 5 4 3 4 2 4 3 4 5 1 4 5 1 2 4 3 2 3 1 2 1 2 4 5 4 2 3 3 2 4 1 2 1 4 4 4 1 1 3 2 2 2 3 1 3 3 4 1 5 4 4 5 2 4 5 4 2 3 1 4 3 1 4 1 5 2 3 2 2 5 2 3 5 5 4 3 1 5 1 1 2 3 4 2 5 1 3 2 5 5 3 5 3 5 1 3 5 3 2 3 3 5 2 2 4 2 3 4 1 3 3 4 3 5
1 3 5 4 3 5 4 2 1 5 5 2 4 5 1 3 3 4 4 2 1 5 4 2 4 1 1 2 5 4 4 4 5 2 1 1 4 5 2 5 3 1 2 5 4 2 2 4 3 3 5 2 4 4 2 1 1 1 4 3 3 1 2 2 4 2 3 2 4 2 1 4 1 2 5 2 4 3 5 4 2 5 3 4 1 3 4 2 3 5 3 3 3 1 2 3 1 3 1 3 3 1 1 2 1 3 5 5 2 2 1 4 1 2 3 0 3 2 2 2 2 1 1 2 3 2 3 2 3 5 4 4 4 5 5 3 2 1 3 5 4 4 4 4 1 1 1 5 2 4 3 3 5 3 2 3 5 3 3 3 2 1 2 4 4 3 1 2 1 4 1 1 5 1 4 4 5 4 5 2 4 1 3 1 1 2 2 2 2 4 4 1 4 1 3 4 3 1 3 2 2 1 4 5 2 4 3 3 1 3 2 5 3 3 4 2 3 2 5 4 3 4 5 2 2 3 1 2 2 5 3 1 3 2 1 3 1 1 3 2 2 1 5 2 2 3 1 5 5 2 3 4 3 4 1 4 5 1 4 3 5 3 3 4 5 1 2 5 5 2 5 5 1 1 5 5 3 5 4 4 3 3 1 5 4 4 3 2 4 5 2 1 3 1 5 5 4 5 4 1 1 1 4 3 3 5 1 3 5 1 1 1 1 3 2 5 1 5 1 1 4 1 1 3 2 4 3 2 3 2 3 3 3 5 4 4 4 3 4 4 3 1 1 5 3 2 5 1 2 4 5 2 5 5 2 4 5 2 2 1 5 5 5 4 3 2 4 5 3 2 5 1 4 3 1 2 1 3 2 4 4 1 3 4 2 4 4 4 2 5 2 3 5 2 5 1 2 5 3 1 5 4 4 5 2 2 4 3 3 1 2 1 4 1 4 1 5 4 2 3 3 3 1 4 4 2 1 4 5 1 2 5 3 1 1 2 4 4 3 5 3 3 3 5 4 5 5 5 1 4
4 5 2 4 1 5 2 5 4 1 2 4 3 3 3 2 2 4 3 4 1 3 2 2 3 2 3 4 3 1 3 2 4 1 1 5 2 3 1 3 1 3 2 2 3 2 4 3 2 1 1 4 1 5 4 2 2 2 5 4 2 2 1 4 4 4 2 4 4 3 5 3 2 4 5 2 2 5 2 2 5 5 5 2 3 4 5 3 2 3 3 1 1 5 1 1 4 3 5 2 1 2 4 4 4 4 3 3 5 3 2 3 2 4 1 2 0 5 2 3 1 3 1 3 2 3 3 3 4 2 3 5 5 2 4 1 3 3 3 2 4 2 3 3 3 1 1 1 3 4 2 2 5 4 4 5 3 3 4 4 4 2 5 4 4 1 5 5 4 4 5 3 4 2 3 5 3 3 4 1 5 4 4 1 1 3 5 3 2 1 3 1 1 4 3 1 4 4 4 1 5 4 3 1 1 2 4 5 1 5 2 3 1 5 5 1 1 5 4 1 5 3 5 2 3 4 1 1 5 4 1 3 5 2 4 2 4 5 4 2 3 5 2 4 4 3 4 1 2 5 4 2 4 1 3 1 1 3 4 1 1 2 2 3 2 3 4 4 2 4 1 5 1 2 3 1 1 1 2 2 1 2 5 3 2 5 3 3 1 3 3 5 2 3 4 5 4 3 1 2 1 1 4 3 3 4 2 3 3 4 5 1 4 4 3 4 2 3 5 1 5 3 5 2 4 2 4 3 1 2 5 3 5 2 2 3 2 2 5 4 5 5 2 3 3 3 2 3 5 5 4 4 5 2 2 2 4 5 3 1 2 4 5 2 5 4 4 3 1 2 1 1 1 5 2 1 4 3 2 4 5 1 1 4 4 2 2 5 1 1 5 4 4 4 2 2 2 1 3 3 2 3 3 2 3 3 5 1 4 4 2 2 5 3 4 4 1 4 5 3 3 4 2 4 3 4 3 4 1 2 5 5 3 3 5 3 5 5 1 3 5 5 1 3 5 5 2 2 5 3
1 5 4 1 4 5 2 1 1 2 1 5 1 4 1 1 5 2 2 2 1 1 3 2 1 3 2 2 2 2 1 4 3 2 5 4 5 3 3 1 1 3 5 3 5 1 5 5 4 1 2 5 4 2 2 1 2 1 4 2 2 2 4 1 2 2 5 4 1 3 1 5 4 1 3 3 1 4 5 3 4 2 5 3 3 3 1 4 3 2 1 3 5 5 5 3 3 2 5 5 4 1 3 3 3 3 4 1 5 2 1 3 4 2 2 3 4 0 1 1 2 3 1 2 2 5 2 5 5 4 2 3 4 5 5 1 4 1 4 1 4 4 5 4 4 2 2 5 2 4 2 5 5 2 5 1 5 1 4 1 1 5 4 5 5 1 5 3 4 4 1 4 3 5 4 4 3 2 2 3 5 2 3 4 2 5 3 3 4 4 5 4 3 2 2 4 5 2 4 1 4 1 2 5 1 4 1 3 2 2 2 4 1 3 3 5 1 2 5 5 4 3 3 3 4 3 1 3 1 4 5 2 2 1 2 3 1 3 2 5 3 4 1 1 2 2 5 4 4 4 5 5 3 2 3 3 2 1 2 4 1 1 5 3 2 4 4 4 2 4 4 1 3 5 4 2 2 2 4 2 4 1 5 4 2 4 3 4 3 5 5 3 5 1 3 1 3 4 3 2 5 4 3 1 1 3 4 3 2 4 4 2 2 1 3 5 1 4 2 1 2 5 3 3 5 5 2 1 3 5 1 3 1 3 1 5 1 4 5 5 2 4 3 1 5 3 5 5 2 4 1 2 3 2 4 3 5 4 4 3 3 2 3 4 4 2 5 1 3 2 2 2 1 5 2 3 5 1 3 1 2 2 4 5 4 4 2 1 1 2 2 1 2 4 1 1 3 4 2 2 2 5 2 4 3 1 2 1 3 2 5 4 1 4 3 2 4 2 4 2 2 5 2 1 3 1 3 2 1 5 2 4 1 4 2 2 3 3 1 3 4 4 3 2 3 1 2 3 4 1
5 3 1 3 1 3 5 5 5 3 3 1 1 1 3 3 4 4 2 3 2 1 4 2 3 4 4 1 1 1 1 3 3 2 4 3 3 3 3 3 1 1 1 1 3 2 1 5 2 3 5 2 1 2 5 1 1 3 4 2 1 5 1 2 5 3 2 3 1 1 1 5 2 4 3 2 1 3 2 5 4 2 4 3 4 1 4 2 4 2 2 4 5 4 4 2 4 2 1 3 2 1 3 2 4 3 3 3 4 4 2 3 5 5 4 2 1 2 0 2 2 1 1 3 1 1 5 5 4 1 4 1 5 1 5 2 1 3 2 3 5 2 3 5 1 1 3 2 4 2 1 5 1 4 1 4 4 1 2 1 2 1 5 3 5 2 1 2 2 1 5 3 1 1 4 1 3 5 3 3 4 4 2 1 3 5 4 5 3 2 5 4 1 1 5 2 5 1 5 4 3 3 1 3 4 4 2 4 1 5 3 3 2 5 3 1 5 3 3 4 5 3 2 5 3 4 1 3 5 5 2 4 5 4 5 4 2 4 2 1 5 2 4 4 5 2 2 4 3 5 3 3 4 4 1 3 5 1 5 5 5 2 2 1 4 1 5 1 4 1 3 3 2 4 5 2 4 2 2 1 4 1 1 1 2 4 1 5 4 5 4 3 5 1 4 4 1 4 4 1 4 5 2 1 1 3 2 2 5 4 2 2 4 1 2 4 2 5 3 4 1 4 3 5 4 5 4 1 1 1 4 4 5 2 1 1 4 1 2 2 5 3 4 4 4 1 1 1 2 5 5 1 5 4 1 1 2 2 4 2 3 4 1 2 2 2 1 5 4 1 5 4 4 3 5 5 3 5 3 2 3 4 3 2 2 3 3 5 2 1 2 2 2 2 3 4 2 5 5 2 4 5 5 5 1 1 4 3 3 5 4 1 1 3 1 1 5 2 5 1 2 4 1 1 4 5 3 1 1 2 2 5 4 1 4 3 2 4 1 5 3 1 3 5 1 5 5 1 3 5
3 5 4 5 5 2 4 3 3 4 4 1 1 5 3 3 2 5 1 4 1 5 5 5 3 2 4 1 4 5 1 2 3 5 3 4 5 4 2 3 2 2 4 5 2 2 4 4 5 3 2 5 1 1 4 5 5 2 5 1 5 2 3 3 3 2 1 4 5 2 2 3 5 4 2 5 1 4 1 1 3 1 1 4 1 5 4 4 2 1 3 2 2 4 4 4 1 5 4 1 2 4 2 2 5 3 5 1 2 4 3 3 1 5 4 4 4 3 3 0 2 4 4 4 3 5 2 3 4 4 2 3 5 1 1 5 1 2 1 4 1 4 2 2 3 2 2 4 2 3 3 5 5 2 2 5 4 5 4 4 4 3 3 2 5 3 3 5 3 4 4 3 5 1 1 1 5 4 5 4 2 2 5 4 3 3 5 2 1 3 3 2 1 2 2 4 3 2 3 5 2 3 3 2 1 4 1 3 3 4 4 4 4 3 3 5 4 4 5 5 5 4 1 1 2 2 2 4 4 4 3 4 3 5 4 1 1 4 2 1 1 2 3 2 4 1 5 3 1 2 3 4 5 1 1 2 2 5 5 5 4 1 4 4 2 5 4 2 5 1 5 3 5 1 1 4 4 1 2 4 3 4 3 3 3 5 3 1 4 2 1 3 3 4 2 5 1 4 1 2 1 4 2 2 1 1 5 1 3 5 1 5 4 3 2 2 1 1 1 4 2 3 2 4 5 4 5 3 3 4 5 4 5 2 4 2 4 1 5 2 5 4 3 5 5 4 4 3 5 3 3 4 5 4 5 1 1 1 5 4 5 1 4 4 3 3 3 5 3 1 4 1 5 3 3 3 2 5 5 4 4 2 3 2 1 1 3 3 1 4 4 3 3 5 3 3 5 4 1 2 3 4 2 1 4 5 4 3 2 5 1 4 2 1 5 4 3 5 3 1 1 5 3 3 5 1 5 3 2 2 2 3 5 2 4 5 5 4 3 2 3 4 4 4 4 4 1 5 2 3
3 2 3 4 5 2 3 4 4 1 5 5 1 2 3 4 5 1 2 2 5 1 2 3 3 3 4 2 3 4 5 3 2 4 4 5 5 4 1 3 2 3 5 4 2 1 3 2 2 5 1 2 4 3 5 2 5 3 5 2 5 5 3 2 5 4 2 5 2 2 4 1 3 1 1 3 2 1 4 5 2 3 2 2 5 5 5 4 2 1 4 1 1 3 4 1 4 3 1 3 4 3 2 1 5 3 1 2 5 2 4 1 3 2 5 5 5 5 3 1 0 2 4 5 4 1 4 2 5 1 5 5 5 1 4 3 1 5 1 3 4 2 4 5 3 3 3 5 4 5 3 5 3 1 3 1 1 3 2 2 3 3 2 3 4 5 3 1 4 5 3 1 1 4 2 1 3 4 4 3 3 2 5 1 5 2 1 5 1 3 3 4 2 2 1 2 4 3 3 2 2 4 1 1 3 1 1 3 1 2 4 2 1 3 3 1 1 2 4 1 4 3 1 4 3 4 5 2 3 4 3 3 4 2 2 3 5 1 4 3 5 3 5 3 3 3 3 2 4 5 4 5 5 3 4 3 4 1 2 2 2 1 2 1 1 5 3 3 4 2 5 3 3 4 4 4 2 5 2 3 2 3 5 5 2 5 2 3 3 3 4 1 5 1 5 2 3 5 3 3 4 2 2 3 3 4 1 1 3 5 3 1 1 1 2 1 1 3 3 4 1 5 2 3 1 5 4 2 3 2 1 1 1 2 5 5 2 3 1 4 2 3 4 4 2 3 1 3 5 5 2 3 4 3 4 1 1 2 5 5 2 1 3 2 5 3 1 3 2 2 3 5 5 1 1 1 2 1 2 3 4 1 2 2 3 3 2 2 3 5 5 5 5 2 2 1 4 4 1 3 2 4 1 3 2 5 1 2 2 4 2 3 2 2 4 3 3 1 3 3 5 3 1 5 5 1 4 5 2 4 3 5 4 2 3 3 2 3 1 2 5 4 3 5 4 5 5 1 5 2
3 4 4 2 5 4 3 5 5 1 5 4 4 3 1 3 3 1 5 3 3 1 5 4 1 5 3 4 5 2 1 1 4 4 1 4 1 1 4 1 5 5 5 2 3 2 2 1 4 1 3 1 1 4 1 3 5 2 2 2 2 2 4 2 3 1 1 3 3 4 3 4 2 3 2 5 5 2 3 4 4 3 2 1 3 4 4 3 3 3 3 1 5 3 1 5 3 2 2 2 3 4 1 5 5 1 3 1 4 3 3 3 2 2 3 2 2 4 1 4 3 0 5 4 5 4 5 1 3 1 2 4 1 1 1 1 2 4 1 2 4 3 3 5 4 3 4 2 5 1 1 4 4 1 1 3 3 3 1 2 4 3 4 2 2 2 3 2 5 5 1 1 1 1 5 2 2 3 2 4 5 4 4 3 1 5 4 2 1 2 4 3 1 3 5 2 1 3 3 4 4 3 2 4 1 3 2 2 1 5 4 5 2 1 4 3 5 5 2 2 2 4 1 5 2 5 1 4 3 2 3 2 1 4 5 1 4 5 3 4 1 4 4 1 4 3 3 4 5 2 4 4 1 1 2 1 3 5 2 3 4 4 1 5 1 2 4 1 3 3 4 1 1 2 1 2 2 3 2 2 5 1 4 1 1 1 4 5 5 1 5 4 4 5 5 1 2 1 3 4 5 5 5 1 4 3 4 1 2 4 4 3 3 2 3 5 1 1 5 4 2 5 5 1 4 5 4 2 2 1 4 5 4 5 3 4 4 1 2 3 4 3 2 4 1 5 3 2 5 5 3 3 1 3 5 3 2 3 5 2 4 3 5 4 4 4 3 3 4 3 2 1 2 1 4 5 2 2 5 3 1 5 4 3 3 1 4 4 4 5 5 4 1 4 4 1 4 2 1 1 1 5 1 1 3 1 1 4 4 1 3 1 5 1 1 2 3 3 1 5 5 3 3 4 5 5 2 1 2 4 3 1 5 3 1 3 2 5 3 1 3 1 1 2 5 1 3 4 4 2
3 1 1 4 1 4 2 1 5 2 2 2 2 3 1 3 4 5 3 2 5 2 4 4 2 5 1 3 3 3 1 5 2 4 1 4 5 1 1 3 1 3 4 2 2 5 4 5 3 1 3 2 2 2 1 3 4 4 5 1 1 2 4 1 2 3 4 2 5 1 2 2 2 3 4 2 3 2 5 4 1 3 5 4 3 1 3 1 4 3 1 1 4 5 5 3 5 4 3 5 3 2 1 3 1 4 3 3 5 3 2 2 2 1 5 3 2 1 5 5 1 2 0 5 2 4 5 3 5 3 2 3 5 5 5 1 1 1 5 5 4 3 3 4 1 3 2 4 4 1 4 1 1 5 4 5 5 3 2 3 4 1 3 3 3 2 1 1 2 4 2 4 5 2 4 5 5 2 2 5 3 2 4 3 4 2 4 3 5 2 3 5 1 3 1 4 1 2 1 4 1 2 1 2 1 2 2 1 2 2 1 3 1 4 5 5 4 4 3 4 5 4 3 4 3 3 1 4 3 4 3 5 1 5 2 3 3 3 4 4 2 3 2 1 2 1 2 4 2 1 3 5 1 2 4 3 2 5 5 4 2 2 5 3 4 3 4 2 3 3 1 1 3 2 3 5 5 3 1 2 5 3 5 4 2 5 4 1 5 4 1 4 4 5 4 1 1 4 1 3 3 4 1 5 3 5 5 5 2 3 5 3 3 2 4 4 4 1 2 5 4 3 4 1 1 4 4 2 4 2 4 2 5 5 3 1 5 2 3 4 2 5 1 3 3 4 1 1 4 4 4 4 5 4 1 4 5 5 2 4 5 4 3 2 1 2 5 4 4 1 3 5 3 1 4 5 1 1 5 2 2 2 2 1 3 1 5 1 4 5 2 1 4 1 3 1 5 1 1 4 3 5 3 5 3 4 1 3 5 3 1 1 3 4 2 3 2 2 5 1 4 5 3 4 4 3 1 1 3 4 4 4 3 3 1 4 3 4 2 3 2 1 4 4 2 2 4 1 1 4
1 5 4 1 3 2 4 4 2 5 1 1 3 4 4 2 5 3 5 2 1 3 2 3 1 2 4 2 2 4 3 1 4 2 4 3 2 3 5 4 4 1 2 3 4 3 3 4 3 1 1 4 2 5 5 5 3 4 2 2 5 4 2 2 3 4 2 2 2 5 2 4 5 4 5 3 5 2 2 3 2 1 3 1 1 2 3 2 1 2 1 5 3 1 1 1 4 2 4 2 4 5 2 5 3 2 5 1 4 2 1 5 1 5 3 1 5 4 2 5 4 5 1 0 3 3 5 3 2 3 3 5 4 4 1 2 2 2 4 2 4 2 2 5 2 4 5 1 4 5 1 5 1 4 2 1 2 5 2 4 1 5 5 4 3 3 4 1 1 4 5 2 2 2 4 5 4 1 5 5 2 4 1 1 1 3 5 5 4 1 2 1 4 3 3 1 4 5 1 4 3 2 2 2 3 2 3 5 2 5 2 3 3 2 3 5 5 2 4 2 2 4 4 3 4 1 2 3 3 4 3 5 1 3 3 2 5 1 5 5 3 5 1 4 1 1 3 3 3 2 1 1 2 3 3 1 1 4 2 1 2 1 5 1 4 1 2 3 5 5 4 1 5 2 4 2 4 3 4 2 3 3 4 2 3 4 3 2 1 2 4 4 1 1 2 1 3 5 3 1 1 1 1 1 3 1 5 5 5 2 2 2 2 1 2 3 4 3 2 4 5 3 2 5 5 2 1 2 5 5 1 1 5 1 1 3 3 3 1 2 3 5 3 1 1 5 2 4 3 2 3 1 5 5 4 2 2 1 5 1 4 4 3 5 3 3 1 5 1 1 5 4 5 5 5 2 5 4 2 3 3 1 2 1 1 3 5 2 3 3 2 4 2 3 5 5 4 4 1 5 2 5 2 5 2 3 1 1 3 2 2 4 1 5 4 3 5 3 1 3 4 4 2 5 5 2 3 4 3 2 3 1 5 2 5 2 4 4 4 4 1 4 5 2 1 1 1 2 1 2
5 1 1 2 3 5 4 4 4 4 3 4 5 1 4 4 3 5 2 1 4 5 1 5 3 3 1 2 1 4 5 5 4 1 1 4 5 2 5 1 2 3 1 4 3 5 1 1 1 4 2 2 5 2 4 1 4 3 2 5 3 3 1 5 5 2 4 5 4 2 3 3 1 2 5 4 4 3 3 3 5 5 4 2 4 3 1 4 3 4 3 5 4 1 1 4 3 3 3 4 3 2 2 1 5 1 4 5 5 4 3 1 5 4 1 4 2 4 5 1 4 4 4 5 0 4 1 2 2 4 2 5 1 3 4 5 4 3 4 2 1 2 2 5 1 3 5 1 5 1 3 2 3 2 3 1 2 1 2 2 2 5 3 1 2 5 1 2 4 2 1 2 4 4 4 5 4 5 2 4 1 5 5 4 1 1 4 2 2 4 3 1 1 5 2 4 4 1 3 1 5 3 1 2 1 1 1 5 4 2 2 5 3 4 3 5 1 1 3 3 4 2 2 4 3 2 4 1 5 5 1 2 4 1 3 2 3 5 1 5 1 1 1 1 2 4 2 1 1 3 2 4 3 2 5 1 1 2 1 3 2 5 5 2 1 4 4 2 5 4 1 3 2 4 4 1 3 1 2 2 4 3 4 3 2 4 5 4 2 5 3 5 5 3 2 2 2 2 5 2 1 2 3 2 1 2 2 2 3 2 4 1 4 3 4 4 3 5 4 1 4 5 2 1 5 3 2 5 4 3 5 2 5 1 4 1 1 1 2 2 2 1 4 4 1 1 2 2 2 1 5 1 3 1 3 2 1 3 4 2 4 5 2 3 2 1 5 2 2 4 4 1 3 5 1 5 2 2 4 1 3 4 3 2 4 4 3 1 3 1 1 1 2 2 5 5 1 5 4 1 3 3 1 5 4 4 4 2 3 1 1 5 5 3 4 3 3 1 2 1 4 4 4 4 1 1 4 1 4 5 5 2 2 1 3 4 1 4 4 5 4 1 1 3 3 2 2 3 2 2
4 4 3 5 5 4 2 1 5 5 4 5 1 5 4 4 1 2 5 2 5 4 2 2 3 2 4 2 4 2 1 3 3 3 5 3 5 4 4 1 5 1 2 1 2 3 3 2 1 4 1 5 5 2 1 2 4 2 3 3 3 2 3 5 1 2 3 3 1 4 2 4 5 2 4 3 4 5 3 3 1 1 5 1 4 3 4 2 4 5 5 1 4 1 5 3 4 5 2 5 4 1 3 5 3 3 3 4 2 1 1 5 5 2 1 2 5 4 5 3 3 1 3 4 4 0 5 4 2 1 3 4 2 2 1 2 4 2 5 4 3 3 2 1 3 3 4 4 1 3 5 2 5 4 5 5 4 1 3 2 1 4 2 5 1 3 2 4 5 2 2 1 4 3 5 4 1 4 3 5 1 2 2 5 2 4 1 4 1 4 4 2 1 1 2 4 5 1 1 2 2 2 2 3 4 5 3 3 4 2 2 4 3 2 5 1 4 3 2 5 4 4 1 4 4 1 2 1 5 1 2 5 2 5 5 2 4 5 2 1 2 3 5 5 3 3 5 5 3 2 2 3 4 2 2 3 3 4 2 4 1 2 2 2 1 4 5 5 2 1 3 4 1 2 3 2 5 3 3 4 2 4 4 5 4 5 4 4 3 5 1 2 5 2 3 3 1 1 4 1 1 2 3 4 5 1 2 1 4 1 5 1 3 1 3 1 1 2 5 4 5 4 5 2 2 3 3 2 2 2 1 2 5 1 4 4 1 2 2 4 2 4 4 4 2 2 4 1 2 2 5 4 2 1 5 4 4 4 3 5 4 5 5 2 2 4 3 2 1 2 1 5 1 4 4 1 2 4 4 5 3 2 3 3 1 1 1 4 4 1 5 2 4 5 3 1 2 4 2 1 2 3 2 2 1 3 1 4 5 3 4 1 2 3 5 2 5 2 3 1 1 5 1 4 2 4 4 3 2 2 5 5 3 3 4 2 2 5 3 5 4 5 4 2 4 2 5 1 1 2
3 3 1 3 4 2 1 1 2 4 5 3 3 3 3 3 1 5 1 3 5 2 1 2 3 5 4 3 1 3 3 5 3 2 5 2 5 4 2 4 1 3 5 2 3 2 3 4 3 5 4 5 4 3 5 2 4 4 3 2 1 4 4 4 3 4 4 3 1 1 4 2 5 1 4 2 1 3 3 3 2 5 3 2 4 3 5 2 4 5 4 1 4 1 5 2 3 4 3 1 4 4 3 5 4 4 2 3 5 1 4 2 1 3 3 3 3 4 1 5 4 4 2 3 2 3 0 4 1 4 5 5 3 3 1 2 3 3 5 2 4 4 1 2 4 3 5 1 4 1 5 5 1 1 3 1 5 3 3 2 1 3 5 4 3 1 4 3 4 2 1 1 3 5 3 5 1 2 4 3 5 5 1 2 2 5 5 4 5 2 3 1 5 3 5 3 2 5 3 3 5 1 2 4 1 2 3 1 1 3 4 4 2 1 4 1 2 1 5 4 2 1 2 5 1 3 2 1 5 3 2 1 4 1 1 4 3 2 2 5 3 1 1 2 5 4 5 4 5 1 1 3 4 5 1 2 4 4 3 4 5 2 3 1 4 4 3 3 4 2 1 3 5 5 4 4 3 4 2 4 2 1 4 4 1 2 4 3 2 5 4 4 4 5 1 2 1 1 3 4 5 3 1 4 2 3 4 5 2 4 5 3 4 3 2 2 2 4 2 1 4 4 5 2 1 3 1 5 2 1 4 2 4 4 4 1 4 4 1 5 2 2 1 4 2 1 3 3 1 1 2 4 2 2 5 3 4 4 3 5 5 1 5 2 5 4 5 3 3 1 2 1 2 5 3 3 3 1 3 1 5 5 1 1 2 4 2 1 2 3 4 3 1 4 4 5 5 4 3 3 1 2 1 4 2 1 3 4 2 4 2 5 2 1 4 3 5 5 2 1 5 1 4 3 5 5 4 2 2 1 5 4 4 1 3 1 2 1 4 2 3 2 2 4 5 2 1 5 4 5
3 5 4 3 3 3 1 2 4 3 4 1 5 5 3 2 4 1 3 5 3 3 5 1 2 4 3 1 2 5 2 2 3 4 4 3 4 5 2 4 4 5 5 5 2 1 2 4 1 4 5 1 5 4 3 3 3 4 1 1 5 5 5 1 1 1 4 2 3 1 5 5 5 3 2 4 2 4 3 5 5 4 3 4 1 2 5 5 2 4 5 1 5 3 2 2 5 4 5 4 1 3 4 1 1 4 3 5 1 1 3 4 5 2 3 1 2 4 3 1 1 3 1 1 4 2 5 0 5 4 4 4 2 2 2 5 3 5 5 2 4 4 1 4 1 1 2 5 5 2 5 3 4 2 1 5 3 5 4 4 5 3 1 3 5 5 3 1 4 1 4 1 3 5 3 3 4 2 4 5 4 4 3 1 3 1 3 1 1 4 5 3 2 5 3 4 1 3 5 1 1 5 1 2 2 1 3 4 5 3 1 2 4 5 4 2 2 1 2 3 3 2 4 3 1 3 3 4 3 5 2 4 3 5 2 1 4 1 2 4 1 2 4 1 4 1 3 5 2 1 2 3 1 3 2 2 1 5 5 5 1 3 3 1 1 2 4 4 5 5 5 4 2 2 1 5 4 4 4 3 2 1 1 4 4 4 2 5 5 2 1 4 1 4 5 2 1 4 5 4 2 2 2 2 5 1 4 5 1 1 1 4 1 2 1 2 2 1 2 5 2 3 5 1 4 5 5 1 5 3 4 1 5 5 2 5 5 2 3 3 3 4 1 1 3 3 5 4 3 4 1 1 5 5 3 2 5 1 5 2 3 5 1 2 5 1 5 2 1 1 5 1 1 3 5 4 1 3 2 2 2 1 5 2 5 5 1 5 4 5 4 4 5 4 5 3 4 3 4 5 1 2 2 1 1 4 5 4 4 4 3 5 2 3 5 3 2 2 1 3 5 2 5 2 4 5 1 1 2 1 2 3 1 1 1 3 4 4 3 5 2 1 1 2 3 1 3 1 1 3
3 3 3 1 2 5 3 5 4 5 1 4 1 1 3 3 5 1 3 2 3 4 3 4 3 4 2 2 5 3 5 2 2 3 4 4 3 1 4 2 2 2 1 3 4 5 4 4 1 5 5 5 3 2 3 3 5 3 3 5 5 4 3 2 1 5 5 4 4 5 4 2 1 5 3 1 5 2 3 4 2 3 2 2 3 1 4 3 3 1 4 1 5 4 1 5 3 2 2 4 4 4 1 4 3 1 3 2 3 2 4 2 5 3 3 4 5 4 2 2 3 5 3 2 5 5 5 4 0 1 1 1 4 5 3 2 4 3 5 3 3 1 5 5 3 2 2 2 3 1 3 5 5 2 4 1 2 3 4 4 3 2 1 4 5 2 3 3 4 4 2 2 4 4 1 1 5 2 1 5 4 5 2 5 2 2 3 3 5 3 1 3 1 4 1 2 3 2 4 3 1 5 4 4 4 4 2 2 2 4 1 2 2 4 1 5 1 5 5 4 2 4 5 3 1 5 2 1 2 4 2 2 4 1 5 1 2 5 4 2 4 3 3 5 4 2 2 1 4 4 1 5 3 2 5 4 1 3 1 3 2 2 4 4 1 1 2 1 4 5 2 1 3 2 4 5 5 5 3 4 2 4 2 5 3 1 1 5 3 4 2 2 3 1 5 2 1 5 4 3 5 5 1 5 5 2 5 3 1 5 5 2 4 4 4 1 4 4 2 1 1 5 4 4 3 2 3 3 5 4 2 3 1 1 1 5 2 5 2 3 5 4 1 2 1 3 3 1 4 4 3 3 4 2 4 1 3 4 3 4 2 3 5 5 5 2 3 1 4 1 2 4 1 1 3 3 1 3 5 3 5 4 2 1 2 4 3 5 2 4 1 4 1 4 2 4 5 3 2 3 3 3 5 5 3 4 2 2 4 2 5 3 5 5 1 3 5 1 2 1 5 1 3 5 1 4 5 3 1 1 1 1 3 1 3 3 1 1 3 1 4 4 4 1 4 1 4 3 4 2
1 3 5 2 3 1 5 4 1 1 3 1 5 5 3 1 1 2 2 3 1 4 5 1 1 2 3 4 5 5 5 2 4 5 5 5 5 5 2 1 3 5 2 4 5 3 2 3 1 4 5 2 1 4 1 5 1 1 3 4 1 3 5 5 4 4 1 5 1 4 5 3 5 3 4 1 5 3 1 2 4 5 3 3 5 1 2 4 4 3 2 4 1 2 2 1 1 1 1 2 3 1 3 2 5 3 1 5 5 4 4 2 4 3 2 1 3 5 4 3 1 2 1 3 5 5 3 5 4 0 2 2 5 5 1 3 4 4 1 5 1 3 4 1 2 1 5 5 5 4 5 5 4 1 1 3 5 1 3 2 5 2 5 2 4 2 3 4 3 3 2 2 5 1 1 4 5 5 1 3 3 4 3 5 2 2 2 3 4 3 5 4 1 5 1 2 3 1 4 4 5 2 3 5 4 1 1 3 4 5 4 1 1 2 2 4 3 4 2 4 4 2 2 3 5 4 2 4 2 3 4 4 3 4 2 2 2 5 4 1 5 4 1 2 1 2 1 3 4 5 5 5 1 4 2 3 5 4 3 2 4 2 1 4 2 2 2 3 1 4 5 2 5 1 1 2 2 2 2 3 1 5 4 2 3 3 2 4 2 4 1 3 5 2 2 5 2 4 3 1 4 1 2 2 3 4 2 2 3 3 4 2 4 4 3 2 1 4 3 3 1 1 5 4 4 4 4 4 2 1 1 2 1 2 1 2 3 1 5 2 3 4 1 2 5 1 3 2 5 2 3 2 3 3 4 1 1 5 5 4 2 3 3 3 1 4 3 2 3 4 5 3 1 5 3 4 3 1 5 1 3 3 5 5 1 1 2 4 3 2 4 5 5 4 1 2 4 1 2 2 2 4 3 1 1 3 1 3 5 5 4 1 3 2 1 4 1 2 3 4 4 5 3 2 5 2 3 5 1 2 2 5 2 3 4 4 1 4 3 1 5 1 4 5 4 1 5 2 3 5
5 2 2 1 1 5 1 5 5 2 5 5 5 1 2 2 1 5 3 2 1 5 1 4 3 2 1 3 1 2 2 3 1 3 1 4 4 4 4 1 3 5 5 3 5 2 1 4 2 1 3 3 3 5 3 1 4 2 3 1 5 4 1 2 4 3 2 4 2 1 2 4 4 3 2 4 4 2 3 1 5 2 2 3 1 2 5 5 4 4 2 4 2 4 5 1 5 2 2 3 1 1 3 3 5 4 4 1 2 1 2 3 2 2 5 1 3 3 1 5 4 3 3 4 1 4 4 3 5 3 0 3 4 1 1 4 2 2 4 2 3 2 1 5 1 5 3 4 4 1 2 4 2 2 2 3 5 5 3 3 3 4 1 2 2 2 2 1 4 1 3 1 3 5 2 4 2 2 3 1 1 3 3 1 3 3 3 2 3 5 2 5 1 5 3 1 1 2 3 2 2 3 2 3 3 2 1 5 2 5 4 3 2 4 4 5 3 3 3 3 1 3 3 5 4 4 2 1 5 2 4 2 5 1 2 2 2 1 5 1 1 1 2 2 3 4 2 2 3 4 3 1 5 1 3 4 3 2 5 1 3 3 5 1 5 1 1 2 5 4 5 2 3 5 1 5 3 1 1 4 2 4 5 2 1 4 2 4 5 4 3 5 3 4 5 1 3 3 2 3 3 5 3 5 1 1 5 3 4 1 3 5 5 1 4 4 5 4 1 3 3 4 4 4 3 3 3 3 2 3 3 4 2 1 3 2 5 3 5 5 2 3 3 3 1 3 1 1 5 5 1 1 1 5 4 3 5 1 4 2 3 5 1 2 5 1 2 4 2 4 3 5 2 2 5 4 4 5 5 1 3 3 3 1 4 4 5 4 3 4 4 4 5 2 2 5 1 1 3 5 2 2 2 1 3 5 1 3 4 4 3 3 1 5 1 4 4 1 5 1 1 3 4 2 2 1 2 4 4 2 1 2 1 1 4 1 4 1 2 3 3 1 4 4 5 4 3 2 1 2
2 3 4 3 1 2 4 2 3 5 2 4 3 3 4 2 5 2 5 1 1 1 1 1 3 4 1 4 3 1 2 2 1 3 3 2 2 5 4 3 4 5 5 2 1 2 2 3 4 4 2 5 2 5 4 5 4 5 3 4 5 4 5 1 3 1 4 4 2 5 4 2 2 5 5 2 5 3 5 3 5 2 5 1 5 1 2 4 3 2 3 4 3 1 1 2 1 1 4 2 3 1 2 4 5 1 1 1 4 2 1 4 5 4 1 4 1 3 3 4 2 4 1 1 5 5 2 3 3 4 4 0 3 1 5 2 3 1 3 1 1 2 4 1 1 2 4 4 2 3 4 1 1 1 4 1 4 2 2 2 5 3 4 4 2 4 4 1 1 4 1 3 2 2 3 1 3 5 1 2 2 1 3 5 2 2 4 2 4 3 1 2 5 4 5 4 3 5 4 5 2 3 4 1 1 5 1 4 3 4 3 1 2 2 5 3 2 5 3 3 2 1 4 3 2 2 5 2 3 1 3 3 4 3 5 4 2 4 5 2 4 5 1 4 1 2 5 4 3 3 3 3 1 4 5 1 2 5 5 3 5 4 1 1 1 2 4 2 3 1 4 1 2 2 4 5 4 3 2 4 1 4 2 1 4 2 2 1 2 3 2 2 1 5 1 2 4 1 1 3 2 3 5 4 3 2 3 4 5 5 4 3 5 3 2 4 2 2 2 2 2 2 2 4 3 3 3 2 5 2 1 4 4 2 1 1 3 5 5 4 5 1 3 4 3 1 4 1 2 5 2 5 5 4 2 2 5 1 3 5 3 3 4 1 1 3 4 5 1 4 2 1 2 3 5 1 3 4 5 5 1 4 4 5 4 1 5 5 3 3 5 2 4 5 3 3 5 5 3 1 2 5 5 1 3 5 1 1 4 4 3 2 4 1 1 2 3 5 2 5 2 3 5 4 4 4 2 1 4 4 4 3 5 4 3 1 3 3 2 3 4 4 3 5 1 3 2 4 1 3
5 2 1 3 5 1 3 3 5 2 4 4 4 3 2 2 5 2 5 5 5 2 1 1 4 1 2 3 5 4 4 5 3 5 1 1 2 3 5 5 4 4 5 2 1 2 4 4 1 3 5 3 4 1 5 4 4 3 4 4 4 1 4 4 4 2 2 1 4 2 1 1 2 4 3 1 4 2 1 4 4 4 4 3 3 3 4 2 1 2 1 4 5 2 1 1 4 2 3 5 4 5 2 1 2 1 1 2 2 1 4 1 3 3 2 4 5 3 1 3 2 3 2 4 4 3 4 2 1 3 4 1 0 1 5 3 4 2 2 5 5 4 1 4 4 2 2 5 4 1 2 4 3 1 5 3 2 4 3 2 3 4 1 2 3 2 2 5 2 2 3 3 1 4 4 1 5 4 1 3 2 1 1 5 3 3 1 2 4 2 2 5 4 1 2 4 1 1 2 2 4 3 1 3 1 2 1 2 2 2 2 5 1 3 5 4 4 1 3 2 2 3 5 4 3 2 4 1 2 3 1 5 2 2 4 1 3 4 4 3 1 4 1 3 2 3 3 3 4 2 2 2 5 1 5 5 5 4 4 1 3 1 5 1 4 3 4 1 3 2 4 1 1 2 1 3 4 4 1 4 4 3 2 5 2 3 1 2 5 5 4 5 1 4 3 1 1 2 2 2 5 5 5 3 5 2 4 3 3 3 5 3 1 1 2 2 3 1 4 2 5 4 5 4 4 3 1 3 2 4 3 4 5 2 2 2 4 5 4 5 4 3 4 3 4 5 4 1 4 2 4 1 5 1 2 3 2 4 5 4 4 4 4 2 3 3 2 5 4 3 4 2 4 4 1 2 4 3 4 3 2 2 5 4 2 4 5 5 2 2 3 4 5 5 5 2 2 1 4 5 4 3 4 4 3 2 2 2 4 5 4 1 4 5 5 2 2 5 2 1 1 3 2 1 2 4 5 5 2 1 5 2 1 3 2 1 4 1 1 3 4 3 4 3 4 1 3 4 5 2
4 5 3 2 4 1 3 2 3 2 1 5 4 2 1 1 1 3 1 4 1 3 4 4 1 1 5 2 3 4 4 2 5 2 5 3 1 4 5 1 2 1 3 1 3 2 2 5 3 1 1 2 5 4 3 4 2 2 5 4 3 4 4 5 2 1 3 1 2 5 4 2 3 3 2 4 5 1 4 3 4 3 5 2 1 5 3 4 3 3 5 2 2 2 2 4 5 2 1 3 2 1 2 5 2 4 4 4 1 3 3 1 2 4 3 4 4 5 5 2 3 3 3 3 2 4 5 1 5 4 2 4 3 0 1 3 2 5 2 1 2 2 1 5 3 5 1 5 1 5 5 3 5 1 5 5 3 2 3 1 2 1 3 2 5 2 3 3 5 2 1 5 2 5 3 3 1 4 5 2 3 5 2 1 4 2 5 4 3 3 4 1 1 4 2 3 4 3 3 3 2 1 2 1 1 4 3 2 5 2 1 3 2 1 2 3 5 1 4 5 5 2 3 5 2 3 5 4 1 1 3 3 4 4 2 2 2 2 4 2 2 5 2 4 1 2 5 2 2 5 2 2 5 2 1 2 2 4 1 3 3 3 3 1 3 2 4 2 4 4 5 4 2 2 5 5 1 5 1 4 3 4 5 1 3 5 5 3 1 3 1 2 2 5 1 5 2 4 2 4 2 1 5 4 5 3 3 5 1 5 1 4 3 1 4 4 5 4 2 2 4 4 4 1 5 2 2 2 4 3 3 5 2 1 3 3 2 4 5 2 3 1 4 2 1 5 1 3 2 5 4 1 3 3 5 1 2 1 2 3 2 3 3 5 1 1 3 4 2 2 4 1 5 3 2 3 2 2 3 4 1 4 2 4 1 3 5 3 2 5 3 5 1 1 1 2 5 1 3 3 3 1 4 3 3 2 1 1 5 5 5 5 5 4 4 1 4 5 2 3 5 2 5 4 5 5 5 5 4 4 4 5 1 3 1 2 2 2 2 5 4 1 2 3 2 5 5 1 5 5
3 2 1 5 1 3 5 3 2 3 3 1 1 4 2 4 4 1 1 4 4 5 5 3 2 1 3 3 1 5 5 4 4 2 5 5 5 2 5 2 1 1 2 2 3 4 5 5 2 2 4 2 3 5 4 4 2 5 5 4 4 4 1 4 5 1 2 5 1 3 4 5 4 4 1 4 4 3 1 3 1 1 5 4 5 4 1 4 3 1 3 2 4 5 4 1 4 5 2 1 2 4 2 3 3 2 2 2 3 1 4 4 5 4 5 5 2 2 4 1 4 3 3 1 5 2 1 4 3 5 4 3 5 5 0 5 4 5 1 5 2 4 3 1 2 5 3 5 5 1 4 2 4 3 1 2 1 3 3 1 4 5 4 4 1 4 4 4 5 5 2 4 1 5 1 2 2 3 5 4 3 1 1 5 2 3 1 3 3 4 5 3 1 1 3 1 3 2 1 3 5 2 2 4 3 5 4 4 2 5 4 5 1 5 1 3 5 3 2 5 1 4 1 1 4 1 2 2 1 4 1 5 1 5 1 2 3 5 3 3 1 3 2 4 1 2 1 5 5 4 1 4 4 2 1 5 1 2 5 2 3 1 4 5 2 5 5 1 4 5 1 4 5 4 2 2 2 3 1 2 5 2 3 4 1 1 2 2 2 1 2 1 3 3 1 2 2 3 5 3 3 1 3 1 2 2 5 3 4 3 4 1 4 2 1 4 2 5 5 1 2 4 4 4 4 5 3 2 5 1 4 2 3 5 1 3 2 4 3 2 3 2 3 3 1 2 1 1 3 2 5 5 4 3 2 3 1 2 2 3 3 4 3 4 1 3 1 2 1 3 4 2 3 2 2 5 4 4 1 5 3 1 2 3 4 1 5 5 3 3 4 3 1 1 3 1 4 4 3 4 1 5 5 4 1 3 3 4 3 4 2 2 2 2 1 2 3 4 1 2 4 1 4 5 4 2 4 4 5 5 4 4 2 3 4 1 5 1 2 2 5 1 5 2 3 3 2 2 5 2
3 4 5 5 1 4 1 4 2 3 1 4 1 1 4 1 4 4 3 1 5 3 1 3 3 5 1 4 4 3 2 4 1 3 2 3 5 3 1 2 3 2 2 5 2 4 1 4 2 2 1 5 1 1 3 1 2 3 4 2 4 3 1 2 5 4 4 3 1 1 2 2 4 5 3 5 2 3 1 4 5 3 2 1 4 2 2 2 1 2 5 4 5 4 3 2 2 2 1 3 1 5 4 3 4 3 3 5 5 2 3 5 5 1 5 5 4 3 5 5 1 4 3 3 4 5 3 1 4 1 2 4 4 5 5 0 3 4 2 4 3 3 5 4 4 4 4 5 5 1 2 4 2 3 5 3 1 5 3 1 1 4 5 5 1 2 2 1 1 1 4 1 1 5 1 5 1 4 3 3 1 1 1 4 3 3 2 4 4 2 4 1 4 4 3 4 4 1 1 3 4 5 2 1 4 1 3 1 1 1 4 4 4 2 5 4 3 4 1 3 2 1 4 5 4 2 1 3 3 1 5 3 5 4 3 3 1 4 3 2 1 3 5 3 5 3 2 2 1 5 5 5 3 3 1 1 3 4 1 5 4 2 5 2 2 3 5 1 2 4 2 2 3 2 2 3 5 4 2 1 5 3 1 2 1 1 5 1 4 1 2 4 3 1 1 4 2 5 2 3 5 1 4 5 3 5 1 5 3 2 2 1 2 1 3 5 5 1 4 2 2 3 1 1 1 3 5 3 5 3 4 4 4 5 5 4 2 1 5 5 5 2 2 5 4 5 5 1 1 1 5 4 1 5 3 4 2 4 2 4 3 1 5 4 2 1 3 2 2 3 3 4 5 1 3 3 2 3 3 2 5 5 3 3 3 2 1 4 4 2 4 1 3 3 5 2 4 3 5 1 2 2 2 2 2 3 4 3 5 3 5 1 2 5 2 4 1 3 4 2 1 4 3 2 2 3 3 5 4 4 4 1 5 1 5 3 4 2 1 4 3 2 2 1 1 5 4 4 5 1
3 4 1 3 1 5 5 1 4 3 2 1 3 3 4 2 3 5 1 3 4 3 1 3 2 2 1 3 3 1 1 3 4 3 2 2 2 4 3 1 2 5 2 3 4 1 3 4 3 5 1 2 4 1 3 2 2 4 1 1 5 4 5 4 1 2 3 1 4 5 3 1 4 1 1 4 2 3 2 5 2 1 4 1 5 1 3 5 3 2 4 5 5 1 5 1 5 4 4 4 3 5 2 1 4 4 3 5 3 1 3 2 2 4 2 1 3 4 2 5 1 3 2 1 5 5 4 1 4 2 1 5 3 1 4 4 0 4 3 5 2 2 4 1 4 4 3 5 4 3 3 2 1 5 3 5 3 3 4 2 5 4 1 4 2 5 2 3 2 1 1 1 3 3 4 1 4 5 2 3 4 4 3 3 5 5 3 1 5 3 4 2 4 2 2 1 2 4 1 3 4 2 1 2 4 4 1 3 1 5 3 3 3 5 3 3 4 3 4 5 1 4 1 2 2 3 4 1 4 2 4 4 3 5 3 2 2 2 4 3 2 2 4 4 5 1 2 4 4 5 1 3 1 1 2 5 1 4 2 5 4 4 4 2 3 4 4 5 4 4 1 2 4 4 3 1 1 4 1 1 1 1 5 3 1 3 4 2 4 2 1 3 5 4 4 1 1 3 5 2 3 1 4 4 2 2 1 2 3 1 2 1 4 4 3 3 5 1 4 5 3 3 3 2 3 2 4 2 4 1 3 2 1 4 5 4 5 2 1 2 4 1 2 4 1 4 5 3 5 2 4 5 4 1 1 2 1 5 1 2 4 3 3 3 4 4 1 1 1 3 3 1 5 1 4 4 4 5 1 2 2 5 5 2 3 1 5 5 3 5 4 5 2 5 4 5 3 5 4 5 2 1 3 2 4 5 3 1 2 1 5 4 5 4 4 4 1 1 3 1 2 1 3 2 1 3 2 4 5 1 4 1 5 4 4 4 4 3 2 3 3 4 1 3 4 2 1 4 4 3
5 3 1 4 4 3 5 4 1 2 1 5 4 3 2 4 5 1 3 2 1 5 4 3 4 4 3 4 4 1 4 5 5 1 4 4 3 5 5 2 2 3 3 3 5 4 3 3 1 3 3 3 4 3 2 3 2 1 1 5 1 3 5 3 2 1 1 2 1 4 3 5 4 5 4 2 5 1 3 2 5 4 1 1 3 5 5 5 4 1 2 5 2 2 5 1 4 4 5 1 4 1 2 4 5 2 4 2 1 2 1 1 4 4 3 3 1 5 1 5 3 4 4 1 1 2 5 3 2 3 3 2 1 4 3 3 2 0 2 4 3 2 1 5 4 1 2 3 5 2 3 4 5 1 2 5 1 1 2 1 4 4 4 5 2 2 4 1 5 3 3 2 2 5 2 1 1 3 4 1 5 5 5 2 4 1 2 3 2 4 5 1 1 5 5 3 4 3 4 4 1 3 3 1 3 3 4 4 5 4 3 5 3 3 5 5 5 5 3 5 2 1 2 5 2 1 5 4 3 3 1 3 2 1 4 4 5 2 2 4 5 1 2 4 4 2 4 1 1 2 3 3 2 4 2 5 4 2 4 3 4 1 4 1 4 2 4 1 3 1 2 5 2 1 2 5 5 2 3 2 2 5 1 5 3 1 4 5 2 5 2 1 5 3 5 3 2 5 4 2 2 4 5 2 5 2 2 3 1 5 4 2 4 3 3 1 1 3 4 3 1 3 3 4 5 1 5 1 2 1 5 3 5 1 4 4 2 5 4 1 5 1 1 3 4 4 1 5 2 4 2 2 2 1 5 2 5 2 2 2 2 2 2 5 5 3 5 3 4 3 3 1 5 2 3 5 4 1 2 1 2 1 5 2 3 2 4 5 4 4 3 3 3 1 4 1 1 1 1 3 4 2 4 1 1 3 2 2 3 2 3 5 1 4 1 1 3 4 1 5 1 3 5 1 2 3 1 3 3 2 2 4 1 3 1 3 4 3 3 3 4 2 3 1 4 4 2 1 3 5
5 5 3 1 2 5 5 1 4 4 4 4 1 3 3 4 3 5 5 3 5 1 4 2 3 4 3 4 5 3 2 2 3 4 4 3 2 1 3 1 2 4 3 4 5 3 4 4 1 4 5 5 1 2 4 2 3 5 1 4 4 1 3 5 3 3 2 3 2 5 4 4 3 2 3 3 1 4 5 3 3 4 4 1 2 4 2 2 1 4 4 4 2 3 1 5 4 3 2 1 4 1 1 3 5 3 1 1 4 4 1 5 2 1 1 4 4 3 3 3 3 2 3 3 2 1 3 2 5 3 3 3 4 4 1 4 2 2 0 3 2 3 2 4 2 1 3 1 3 5 3 2 4 4 2 1 3 5 2 2 4 5 2 2 2 1 4 2 3 4 4 1 4 5 4 2 4 2 2 1 5 2 3 2 1 5 5 5 5 3 5 3 5 4 2 2 2 2 3 4 2 1 3 2 1 4 1 5 5 1 1 1 2 1 4 1 1 2 2 1 5 4 1 3 3 3 3 2 5 4 5 1 5 3 1 3 4 5 1 4 2 2 1 4 5 1 2 3 1 5 4 1 5 5 4 4 1 1 3 5 3 2 1 4 1 1 4 3 5 1 2 1 3 3 5 2 3 2 1 1 4 2 1 1 3 5 5 3 3 1 4 3 1 1 5 1 2 3 2 3 2 2 1 2 3 4 2 3 3 2 5 4 2 4 2 4 1 1 2 3 5 5 5 5 1 4 5 1 3 1 5 1 4 2 5 5 1 4 4 5 4 3 4 3 3 4 1 4 2 1 1 4 1 5 3 4 5 4 5 5 1 4 2 2 4 4 4 5 2 3 5 3 3 1 5 3 2 2 3 3 4 4 5 3 2 5 1 4 1 1 2 4 2 1 1 1 2 2 3 4 5 3 5 3 4 1 2 1 3 5 3 2 2 5 2 1 5 5 4 4 3 4 2 4 5 2 4 3 2 1 2 4 3 4 3 3 5 4 3 2 1 5 3 5 1 3 3 3 3 2
4 3 1 4 3 3 5 5 2 5 4 5 5 3 2 2 1 1 4 3 5 3 1 3 4 3 3 3 1 3 5 3 5 3 4 3 2 3 4 1 5 5 5 5 3 1 1 3 2 1 1 2 1 3 3 4 4 1 4 4 2 5 2 3 1 1 5 1 2 4 5 1 4 5 3 3 5 3 3 1 5 3 1 2 4 2 2 1 1 2 2 2 2 5 1 4 3 4 1 2 3 5 4 1 1 4 2 4 4 3 3 4 3 2 3 3 1 4 5 5 2 3 1 2 5 5 1 1 4 2 2 3 1 5 2 1 1 3 3 0 5 1 5 1 1 1 4 1 3 1 3 2 5 4 2 5 5 2 3 3 3 1 5 3 2 4 1 1 4 2 4 4 4 2 2 4 2 1 3 1 2 5 4 1 5 4 3 5 5 5 5 4 1 4 3 1 2 4 3 5 5 3 4 3 1 5 1 1 3 4 3 4 3 2 3 4 4 5 1 5 2 1 2 2 3 5 3 1 4 3 1 2 2 5 3 2 5 5 3 2 4 3 2 1 2 4 4 2 2 1 5 5 2 3 4 5 1 1 3 4 1 4 1 4 3 3 4 5 1 2 3 5 1 5 2 1 4 1 3 4 4 4 3 5 2 2 3 1 2 4 4 4 1 2 3 1 1 4 3 3 4 3 5 2 3 1 1 5 5 4 3 3 3 3 4 4 3 3 2 5 3 3 2 4 3 5 3 3 4 2 4 3 4 4 3 5 2 2 4 1 5 3 3 5 3 2 2 3 5 1 3 3 5 5 1 1 4 2 5 3 2 2 1 5 4 1 2 3 1 1 1 4 2 5 5 4 2 4 3 1 5 2 2 1 4 2 4 5 4 5 1 3 3 3 1 2 1 5 5 2 3 1 4 5 1 4 1 2 3 4 3 5 2 3 5 3 3 1 4 1 2 2 3 3 2 5 2 3 5 1 3 4 4 1 2 1 5 2 1 1 3 4 2 3 3 1 5 4 4 5
4 2 3 2 4 4 1 2 3 3 4 3 3 1 3 2 4 2 2 1 2 2 1 3 4 3 2 2 5 5 2 4 4 5 2 1 1 5 2 2 3 3 4 5 1 3 4 2 4 5 5 3 1 2 4 4 3 5 5 3 5 2 1 3 2 1 1 2 2 3 2 4 1 3 4 3 3 3 2 2 1 2 2 2 5 5 1 1 1 2 4 2 1 4 2 5 2 5 1 2 4 4 4 2 1 2 1 1 2 1 4 1 4 4 3 3 2 3 1 5 3 3 2 3 1 4 3 2 5 4 4 5 2 2 2 3 2 4 4 4 0 2 1 4 4 3 4 3 4 5 3 2 5 3 2 4 4 3 3 2 4 5 1 4 3 4 1 1 3 2 5 4 2 1 5 2 5 5 2 4 4 3 1 2 1 3 4 3 1 5 1 3 5 1 5 4 3 2 1 3 3 2 3 3 3 4 3 5 4 2 2 5 2 1 2 1 3 1 1 5 3 4 5 3 3 2 1 1 1 4 5 3 3 1 2 4 1 5 1 4 3 2 5 1 2 4 2 1 2 5 5 3 5 1 5 4 3 2 1 5 2 3 3 1 4 1 5 1 5 1 5 4 2 2 2 5 1 1 3 3 5 3 5 1 1 3 4 3 2 4 2 4 5 5 3 2 3 3 2 3 1 1 1 5 5 3 1 3 5 2 3 3 4 1 2 1 4 5 5 2 4 1 3 1 3 1 3 1 4 4 5 5 2 4 2 2 2 2 1 5 5 5 1 2 1 1 5 1 4 2 1 2 1 3 4 3 4 2 1 5 2 3 4 5 5 2 4 5 3 1 4 3 3 5 1 1 2 3 5 5 4 5 4 4 5 4 4 3 2 4 2 5 2 4 2 2 5 3 1 3 5 3 5 1 3 1 2 2 2 4 4 5 1 5 4 2 3 5 5 5 5 5 4 2 4 5 1 5 1 3 4 4 2 1 1 1 5 3 1 5 3 4 5 5 1 2 5 3 1 1
5 4 2 4 3 3 3 3 1 3 5 3 3 2 4 4 2 3 5 3 3 4 2 3 1 1 4 1 1 2 5 3 5 2 4 5 5 5 4 4 2 2 4 3 2 3 2 5 5 2 2 2 5 1 3 4 1 4 1 4 3 2 4 3 1 3 1 2 5 3 2 2 5 4 5 5 5 1 3 4 4 4 4 3 4 1 5 4 4 1 4 4 3 5 1 4 2 3 3 4 1 1 1 5 5 2 3 3 5 2 3 5 5 1 3 5 2 4 3 3 2 2 5 4 4 3 1 4 3 5 5 4 5 1 5 4 2 3 5 4 2 0 4 1 1 3 4 2 2 5 3 5 4 4 1 5 2 4 3 3 4 3 3 1 4 4 3 1 1 1 5 5 3 5 1 1 2 2 5 2 3 3 4 4 3 3 2 4 5 5 5 2 5 4 5 4 4 3 3 4 3 4 4 2 2 4 1 4 3 2 2 2 3 2 5 3 3 5 2 4 1 4 5 3 4 1 1 2 2 5 3 4 1 2 4 3 3 1 2 4 4 1 3 2 4 1 2 4 4 5 4 1 4 2 3 2 4 2 1 4 2 1 1 5 2 2 2 3 2 4 1 1 3 1 1 2 1 5 1 1 3 3 4 4 1 2 1 5 1 1 1 5 5 5 1 1 3 1 2 1 2 2 4 2 3 5 1 3 3 1 4 3 5 3 2 5 5 3 5 4 2 2 1 4 1 4 5 2 5 3 5 1 1 5 5 3 3 3 4 3 1 1 3 4 1 2 4 4 1 1 2 1 2 4 3 2 2 2 2 4 1 4 4 1 2 2 4 5 2 4 5 4 4 5 3 3 4 5 4 3 1 1 3 3 4 3 5 3 5 2 1 4 1 5 1 3 2 4 4 3 3 3 3 2 3 4 5 3 3 4 1 5 3 1 4 2 4 1 4 1 3 5 4 1 2 2 4 4 4 1 3 1 2 4 5 3 5 1 3 5 1 5 1 2 4 4 2 1 3 3
1 5 3 4 4 5 4 2 3 1 1 1 1 4 4 2 1 5 5 1 4 3 2 4 1 3 1 1 3 5 1 3 3 2 3 4 2 5 2 4 3 4 2 5 4 4 4 1 4 3 4 2 3 3 4 2 1 3 4 5 3 3 4 5 3 4 1 5 5 5 2 2 4 1 2 5 1 3 3 1 2 2 2 4 1 2 1 3 4 2 3 4 1 4 3 1 3 4 5 5 4 1 1 1 1 1 5 2 2 4 1 5 4 4 4 5 2 1 3 3 2 3 2 3 3 3 5 4 5 4 4 2 3 1 3 2 3 1 5 5 5 3 0 3 3 1 4 4 2 4 2 1 2 4 2 2 5 4 1 2 2 3 3 2 1 1 4 1 1 1 2 1 1 3 4 5 5 5 5 5 4 4 1 2 2 3 3 5 3 5 4 5 3 2 4 4 1 3 1 1 2 3 4 2 2 4 4 5 1 5 1 1 1 4 5 5 1 4 5 3 3 4 4 3 4 5 4 4 5 3 3 3 1 4 4 2 5 3 2 4 5 3 3 2 4 4 3 4 4 5 5 2 4 3 5 1 4 4 5 1 1 5 5 3 3 4 5 4 5 3 1 4 2 3 3 5 4 4 3 2 2 1 4 3 4 1 3 1 2 3 5 2 3 2 2 1 4 2 4 2 1 2 3 5 3 1 2 2 3 4 3 5 5 4 2 2 2 4 2 4 4 2 4 5 1 5 3 3 5 2 4 2 2 5 2 5 2 5 3 1 2 2 3 4 5 3 5 2 2 4 5 3 3 4 1 4 3 3 5 3 3 5 4 5 4 2 2 4 3 3 3 4 5 2 1 3 3 5 1 1 3 5 5 1 2 1 3 4 2 4 4 1 3 3 1 4 5 1 5 3 3 1 3 4 4 2 1 1 3 1 5 2 4 4 1 2 4 5 4 4 4 5 1 4 1 4 4 2 1 5 2 5 4 4 4 1 1 2 2 5 4 5 2 1 3 2 5 1 1 5
5 4 2 4 1 1 1 5 3 4 5 2 2 3 4 1 5 4 5 1 2 2 3 2 2 1 2 1 3 3 1 1 1 3 1 2 2 4 1 1 3 5 2 4 4 5 3 2 5 4 1 5 4 5 2 1 2 4 5 4 1 3 4 3 4 2 4 1 4 4 1 1 5 5 2 2 2 3 1 3 2 3 1 1 2 5 1 1 4 4 3 3 1 5 2 1 5 2 4 5 4 3 3 4 1 1 4 2 5 3 4 2 3 4 5 3 2 1 5 5 2 1 5 1 5 4 4 1 5 5 1 2 3 4 4 1 1 3 3 4 3 2 1 0 2 2 1 2 3 4 2 1 4 3 4 3 1 2 1 4 1 4 2 3 3 5 1 2 4 4 3 4 5 5 4 4 4 4 5 5 1 4 4 2 3 2 1 5 1 3 1 4 3 3 1 2 2 5 2 1 1 1 1 1 1 2 3 4 5 1 2 1 4 1 4 1 3 4 3 2 2 3 4 1 1 4 3 1 1 3 1 5 2 2 2 1 1 1 5 2 1 1 1 1 5 4 3 1 2 5 1 3 3 3 5 1 4 5 1 1 4 3 3 2 3 1 4 4 4 2 2 5 1 3 3 2 1 1 1 3 2 5 3 2 2 1 5 4 4 4 2 5 5 2 5 3 3 4 5 1 1 1 2 5 4 1 1 2 5 5 5 1 3 2 2 3 2 5 3 3 1 1 2 3 2 2 1 2 4 1 2 5 1 2 1 3 5 3 3 4 3 1 2 3 1 3 1 4 1 5 2 4 1 1 5 1 4 5 3 2 3 5 4 5 5 3 3 2 2 2 2 4 1 5 1 3 3 2 2 4 5 3 1 5 2 1 4 3 3 3 1 3 1 5 3 3 2 4 5 1 3 1 3 5 1 3 1 1 3 3 4 5 2 5 4 3 5 2 1 4 5 4 5 2 2 1 1 2 4 4 4 1 5 2 4 3 4 1 1 4 2 5 1 1 5 4 4 1 5 5
2 4 5 5 3 3 2 4 4 4 1 4 5 5 2 3 2 5 2 3 3 4 4 2 2 4 3 3 4 3 1 5 4 5 2 5 2 2 2 4 2 3 4 2 1 5 3 2 3 2 1 4 2 3 2 4 1 4 1 1 1 4 5 4 3 1 4 3 3 3 5 1 5 3 2 3 1 5 2 2 2 2 5 4 5 5 3 3 1 4 4 2 5 5 3 4 2 4 4 2 4 1 1 5 3 1 3 2 1 4 1 5 2 2 2 5 1 4 2 5 4 1 1 3 4 5 3 1 4 5 4 2 4 4 2 4 4 2 3 1 1 2 3 2 0 4 1 3 2 3 5 5 5 2 3 5 4 2 2 2 2 4 3 3 5 1 4 1 4 5 1 5 5 3 3 3 4 2 3 4 3 2 3 5 4 1 5 2 1 1 1 4 3 3 5 1 3 2 5 5 1 2 4 4 4 3 3 1 1 5 2 2 2 3 2 1 1 3 3 1 1 2 3 4 1 1 2 2 1 1 1 2 3 4 2 4 4 5 2 3 2 3 2 1 1 3 1 3 1 5 4 5 4 2 2 2 1 2 2 1 4 1 1 5 2 1 5 1 1 1 5 2 5 2 1 1 4 3 1 3 5 3 5 2 1 3 1 2 5 2 2 3 3 5 5 3 3 2 3 4 4 1 4 3 2 2 1 3 4 3 2 3 5 3 4 4 1 4 4 3 2 1 5 1 5 4 1 5 2 4 3 2 3 3 3 4 5 4 1 3 1 2 2 1 1 3 3 5 3 2 2 4 2 3 3 2 5 3 4 5 4 5 3 3 2 3 1 5 4 4 2 1 1 3 4 3 3 1 4 5 2 2 2 3 2 1 1 2 5 3 4 2 3 1 3 4 3 5 4 2 2 5 5 4 1 4 2 4 5 5 5 4 2 3 5 4 2 2 3 1 2 1 1 4 3 4 2 3 2 5 5 4 2 1 2 5 4 2 2 2 5 2 4 3 4 2 1 2 2 1
3 5 3 4 4 2 1 5 5 4 5 5 2 4 4 1 4 5 4 3 3 1 1 3 1 3 1 5 1 5 1 3 5 3 5 2 1 2 2 3 5 2 1 3 4 2 4 1 4 2 5 5 1 3 5 2 3 1 4 3 4 2 5 4 3 5 2 2 2 1 2 3 4 4 4 1 3 4 4 1 3 3 1 1 3 3 3 3 3 4 1 1 5 3 5 4 2 4 2 4 4 5 1 5 3 2 4 4 4 3 1 5 2 1 2 1 3 4 5 1 1 2 4 1 4 5 4 4 4 3 2 5 5 1 2 4 3 5 2 2 5 1 5 3 1 0 3 4 2 3 1 2 1 1 4 5 2 3 2 2 2 4 4 3 5 1 2 2 2 5 5 4 3 4 5 3 2 2 5 3 2 5 5 5 5 3 4 3 4 4 5 3 1 5 5 1 2 2 3 3 2 1 3 4 1 4 4 5 1 4 2 3 2 2 4 1 3 1 5 4 2 4 2 1 5 2 4 4 4 3 5 3 3 1 5 4 1 1 1 5 4 5 4 3 2 2 2 5 2 3 1 2 4 1 4 5 4 5 5 3 1 2 4 1 2 5 3 4 2 4 2 5 3 2 3 2 4 2 4 3 1 4 4 1 1 3 5 4 4 1 4 5 2 4 5 1 1 5 1 4 1 1 3 4 5 3 1 2 3 3 2 2 4 3 4 1 3 4 5 5 2 5 4 4 3 1 5 3 5 2 1 3 1 5 4 1 2 3 3 3 4 1 3 1 4 1 2 3 5 4 4 5 5 2 3 2 2 5 3 1 3 2 5 5 4 2 5 3 2 3 3 3 5 5 4 5 4 1 3 3 3 1 1 3 1 5 4 2 1 5 4 3 1 4 5 1 5 5 2 1 3 5 3 4 4 3 1 4 3 5 3 1 4 3 2 2 1 2 2 5 4 2 5 2 4 2 2 4 5 5 2 3 4 3 1 1 2 4 3 5 4 2 2 2 1 2 3 4 1 2
1 2 1 5 2 3 2 5 4 2 4 3 3 1 2 3 2 5 3 5 1 4 3 1 4 4 4 5 5 2 2 2 2 1 4 1 4 1 5 5 2 3 3 4 3 4 1 3 5 3 4 3 1 2 1 3 4 5 4 5 2 2 1 5 3 4 2 4 5 2 4 5 5 2 1 5 4 4 3 5 3 4 3 4 1 1 3 3 4 2 1 3 5 5 2 5 1 1 1 2 2 1 1 5 4 4 3 4 4 3 3 1 3 3 5 3 5 1 4 1 3 1 4 1 3 3 3 2 3 1 4 4 5 2 2 4 3 1 4 1 3 1 4 5 2 5 0 3 1 2 1 2 4 1 4 1 5 2 4 3 3 2 1 5 3 4 1 2 2 1 2 5 3 5 2 2 3 3 5 5 2 5 5 2 5 5 2 4 5 4 2 1 5 4 5 2 4 3 3 4 2 4 1 2 2 1 3 1 1 5 3 3 1 5 3 3 3 2 3 5 2 3 5 1 3 5 3 1 3 4 2 5 1 3 1 3 1 5 5 5 2 2 4 4 4 1 5 3 3 4 5 2 5 1 5 5 3 1 2 1 4 4 5 2 2 4 3 2 3 5 2 4 1 4 3 5 3 2 2 4 5 3 2 2 2 4 2 5 2 4 4 3 2 2 1 5 2 2 2 3 3 3 2 5 5 5 2 5 1 5 5 5 2 3 4 3 1 2 5 5 4 5 3 3 5 2 1 3 2 1 4 3 5 5 4 5 1 5 1 1 1 2 1 1 1 4 5 1 4 3 4 4 3 2 2 1 3 4 5 2 3 1 5 5 3 2 1 5 4 4 4 4 5 5 4 5 5 2 1 3 2 3 5 3 4 2 3 5 3 3 1 2 5 2 3 3 2 1 5 3 2 2 4 4 3 4 3 3 3 4 5 5 3 4 5 3 2 4 2 4 5 4 3 4 5 1 5 3 5 1 3 2 2 3 3 4 2 2 2 5 3 2 4 2 5 3 3 1 3 1
5 1 3 5 1 1 2 4 1 3 4 1 4 1 3 3 2 2 4 3 2 5 2 2 3 5 3 2 3 2 5 3 2 1 1 5 4 4 1 2 1 3 2 2 1 5 3 3 2 1 3 1 3 1 5 3 2 4 3 1 2 2 1 2 3 3 3 3 1 2 4 5 1 5 3 3 4 4 5 4 4 2 4 4 3 1 5 4 2 1 5 4 2 5 1 1 2 2 1 2 3 5 3 5 3 1 5 4 3 1 1 3 2 3 4 5 4 1 4 4 1 1 1 3 1 4 4 5 1 4 5 4 1 4 2 4 1 3 4 1 2 3 4 5 2 4 5 0 3 1 5 1 5 4 4 1 5 3 1 4 2 2 2 3 1 1 1 2 4 1 4 5 2 5 2 4 1 5 5 1 5 2 1 4 3 1 5 5 5 1 3 1 5 3 4 4 1 3 2 4 2 4 3 2 1 3 3 1 5 3 3 2 4 3 4 3 4 2 4 2 4 2 5 3 1 1 3 1 1 4 5 5 4 5 4 4 4 2 3 1 4 5 1 4 2 1 2 5 2 3 4 4 2 5 3 4 1 2 3 1 5 1 2 3 4 1 4 4 4 1 4 4 1 3 2 4 4 4 3 1 2 4 3 4 4 2 2 3 2 2 3 4 2 5 3 2 2 3 3 4 5 2 2 4 3 4 3 2 3 4 2 2 2 3 1 5 4 3 2 1 5 4 3 1 2 5 4 2 4 2 1 2 3 1 5 2 5 2 4 2 1 2 3 3 4 4 1 5 4 4 3 5 1 3 3 1 5 2 2 2 2 1 4 3 1 1 3 3 4 3 1 1 1 1 2 4 2 2 4 5 1 2 4 4 5 2 5 4 2 4 1 4 3 3 2 5 4 5 3 3 4 5 4 3 2 1 2 1 4 4 2 1 4 2 4 4 1 1 1 3 5 1 2 5 3 2 5 1 2 5 4 3 1 2 1 4 1 3 1 4 4 4 5 2 3 1 1 2 1 4
2 4 1 4 3 3 2 5 2 5 2 4 2 2 4 1 5 4 1 5 1 3 5 1 3 5 4 1 4 1 1 4 2 3 4 1 2 3 2 1 3 4 4 3 4 5 1 5 3 4 4 4 4 5 1 1 3 3 4 3 4 4 3 1 4 1 2 1 3 2 5 1 5 4 2 3 5 3 1 1 5 4 1 2 2 4 1 3 3 2 3 3 3 2 2 1 3 1 2 2 1 1 2 3 2 2 4 1 4 1 2 5 5 4 1 3 5 4 1 5 3 5 5 1 5 2 4 4 3 4 2 5 4 3 4 2 4 5 3 1 5 2 3 5 1 1 3 4 0 4 3 2 1 5 3 3 5 2 3 1 4 2 1 2 5 5 1 1 3 3 1 2 5 3 5 5 1 3 3 1 5 1 5 5 4 2 3 4 3 4 3 3 2 2 1 1 3 2 5 3 3 3 4 1 4 5 2 4 4 4 3 1 4 5 3 5 4 3 2 4 3 2 1 4 1 2 5 3 5 4 5 3 4 2 4 1 2 2 4 4 3 4 5 4 1 1 4 5 4 5 1 3 2 4 1 2 3 4 5 3 4 2 4 5 4 2 3 4 4 4 5 3 2 5 4 3 1 1 2 3 1 2 3 1 2 5 1 3 4 5 1 5 1 5 2 4 3 4 1 3 4 4 4 5 4 5 4 5 4 2 4 5 2 3 3 4 3 5 5 3 4 1 3 5 3 2 5 3 5 5 2 3 5 5 2 1 3 5 2 5 2 3 3 2 2 3 5 3 4 5 4 1 1 1 3 3 4 4 2 4 2 4 3 2 5 3 3 2 4 3 2 5 5 5 4 3 3 5 5 1 4 2 3 3 4 2 1 5 4 4 5 2 3 2 5 1 1 3 4 3 1 5 5 5 1 1 2 4 3 4 3 2 5 1 4 1 2 4 4 5 4 3 2 4 1 2 5 1 5 5 3 1 2 3 2 1 3 1 3 2 2 4 5 2 1 2 2 3 5 1
3 4 5 5 1 3 2 5 4 3 4 3 2 1 2 2 3 4 2 5 3 5 5 2 1 2 1 2 5 4 4 1 5 4 4 3 2 5 2 5 5 2 1 5 4 1 2 1 2 2 4 5 3 5 5 1 3 4 2 2 4 4 1 3 1 4 1 5 1 5 4 3 1 4 5 4 1 3 4 3 1 1 1 1 1 5 5 1 1 2 5 1 3 1 1 3 1 4 1 5 4 3 4 3 2 2 5 2 1 1 4 5 1 3 4 1 1 5 2 4 3 1 5 1 3 5 5 4 4 5 1 2 4 3 1 5 4 5 4 1 3 1 2 1 4 5 5 5 2 0 4 4 2 4 3 5 2 4 1 1 3 3 5 3 5 1 4 5 3 3 4 5 3 4 1 5 5 3 1 2 5 5 4 3 4 4 2 1 1 1 3 5 5 2 2 2 1 3 3 1 1 1 3 2 4 5 4 3 3 4 3 1 3 2 5 5 1 2 2 1 2 2 4 3 4 2 5 2 5 3 3 2 1 3 1 1 1 3 1 5 4 5 5 5 1 1 3 1 3 2 5 4 3 4 3 1 5 5 5 1 4 5 5 4 2 3 3 4 5 5 4 1 4 1 3 5 4 1 2 3 3 4 1 4 3 3 5 3 1 4 5 5 5 4 3 5 1 1 2 3 2 4 5 4 3 5 2 4 2 3 3 2 2 4 4 2 5 4 5 5 1 5 5 4 2 1 4 2 5 5 4 2 4 1 1 4 3 3 4 1 4 5 4 5 3 2 2 2 3 3 5 1 3 1 1 1 5 2 3 5 3 5 5 5 1 4 2 5 4 1 1 3 2 2 3 4 5 4 4 5 2 4 3 2 1 2 4 4 1 5 3 4 2 1 4 2 5 2 1 2 3 4 3 3 4 3 5 3 5 4 3 1 2 1 3 4 4 4 3 3 4 2 2 5 2 2 4 1 4 2 3 1 3 1 4 1 3 5 2 2 4 4 2 2 2 4 3 4 5 2
2 4 4 5 4 1 5 4 3 5 5 2 1 3 2 4 5 2 2 1 5 2 2 3 4 2 1 1 4 5 3 5 1 4 5 1 2 5 1 2 4 1 2 3 1 3 1 3 1 1 1 3 3 1 3 1 3 4 3 2 3 5 1 4 3 2 3 2 2 5 5 2 3 1 1 2 5 1 5 5 2 2 4 1 4 5 5 3 1 2 4 1 1 1 1 2 1 1 1 1 4 1 3 2 5 1 3 1 3 2 2 5 2 2 1 5 4 2 5 4 3 3 5 3 5 5 3 4 2 1 5 3 2 1 4 4 2 1 1 3 2 2 5 2 3 3 5 1 3 2 0 4 3 1 3 5 5 4 4 2 3 2 1 1 2 3 4 5 3 3 1 3 2 5 3 1 3 3 3 3 3 1 3 5 3 2 2 1 1 4 1 2 3 5 2 4 3 3 1 1 1 5 2 3 4 3 1 4 1 1 4 4 1 3 2 2 3 1 4 1 3 3 3 1 2 1 4 3 1 4 4 1 3 5 4 1 1 3 5 5 1 3 2 2 4 1 4 3 3 1 1 4 2 4 4 3 4 4 5 4 2 5 1 5 2 3 2 2 4 3 2 1 5 1 3 4 5 4 2 1 4 4 5 4 2 5 3 5 4 5 5 2 5 3 5 5 3 5 2 1 1 1 1 3 4 3 3 3 5 5 3 4 4 4 1 3 2 1 5 4 3 5 5 1 2 5 5 5 3 5 2 1 3 3 3 2 3 4 1 2 1 5 2 5 3 5 1 1 5 4 1 2 1 4 2 4 2 4 5 1 4 1 3 2 3 3 5 4 4 4 1 1 4 3 2 5 5 3 1 3 4 4 4 1 1 5 2 3 4 5 2 2 1 1 3 3 3 4 5 1 3 2 5 5 2 2 2 3 2 5 3 4 4 1 4 1 4 3 3 2 5 5 2 5 3 2 2 4 5 3 1 3 5 3 5 1 3 3 1 5 4 3 1 1 4 5 4 2 1 5
2 4 3 1 5 5 5 1 2 3 5 1 4 5 4 1 4 2 4 2 3 1 5 4 1 4 3 2 1 1 3 3 5 3 2 5 2 3 5 2 4 4 3 2 5 2 3 4 4 3 4 5 3 4 5 4 5 3 5 5 3 5 1 3 4 2 3 3 4 1 5 1 4 2 1 1 4 5 5 2 5 3 1 2 5 1 3 4 2 1 2 1 1 2 5 2 3 5 1 3 4 2 3 2 4 1 1 3 1 4 4 4 5 4 5 5 4 2 5 2 2 4 1 5 4 4 3 4 4 2 2 1 4 3 2 4 3 4 1 5 1 1 3 1 4 1 5 5 3 5 3 0 2 4 1 5 4 5 3 2 1 4 5 1 5 5 2 2 3 1 3 4 5 2 5 2 5 2 4 2 4 1 2 3 1 1 3 3 2 3 1 5 1 5 4 3 2 3 1 3 4 5 4 4 4 2 2 5 2 5 4 4 1 5 4 1 4 2 1 2 4 1 3 1 3 4 3 4 5 2 4 4 1 4 5 1 1 3 2 3 2 2 4 2 1 3 2 5 1 4 2 2 5 1 2 3 3 2 5 2 5 3 4 4 4 5 1 5 1 1 2 2 2 1 5 2 3 4 3 1 2 3 1 4 2 2 1 3 3 3 1 1 5 2 5 2 3 5 1 2 4 4 5 5 3 1 1 4 3 1 2 4 3 3 1 1 1 1 2 5 1 4 3 4 3 5 4 5 3 5 3 1 2 4 3 2 2 3 2 2 3 5 3 4 3 1 1 2 1 1 5 3 4 3 5 3 2 1 3 2 3 3 2 2 2 1 5 3 2 1 2 2 5 3 4 4 3 4 2 2 2 5 2 5 1 4 1 2 2 3 3 3 3 5 5 5 1 3 1 5 3 2 5 3 4 2 2 2 1 1 4 1 2 1 4 3 2 5 2 2 2 5 5 1 1 5 2 2 2 3 3 4 2 3 1 3 4 4 1 5 3 5 4 1 4 4 5 4 4 2
5 4 2 3 5 5 1 2 1 5 4 5 2 5 3 2 2 3 1 1 5 2 1 1 2 4 4 3 4 1 4 3 3 1 2 4 1 1 2 2 3 4 2 1 3 4 3 5 2 3 5 3 5 2 1 4 2 3 1 4 1 3 4 4 3 3 2 1 2 5 4 3 3 1 3 3 1 3 2 3 3 4 2 2 3 1 5 4 1 5 4 2 2 5 3 3 1 1 4 4 1 5 1 1 3 1 3 1 5 2 2 3 5 4 5 2 5 3 2 4 2 5 4 3 1 4 1 3 5 5 1 5 1 3 1 5 1 2 2 4 3 3 5 3 4 1 1 3 4 2 5 4 0 4 4 2 4 2 2 2 5 5 4 5 2 5 1 2 5 3 4 1 4 4 1 2 3 2 5 2 2 2 1 4 1 5 4 5 2 4 2 4 3 4 3 4 2 3 1 1 4 5 2 1 1 2 2 3 5 1 1 1 4 5 1 1 3 2 4 2 3 1 3 1 2 2 2 2 3 4 5 2 3 2 3 4 4 1 5 2 5 5 1 1 5 3 4 5 5 5 1 2 3 2 3 4 1 5 4 2 2 1 5 4 3 5 2 4 2 3 5 3 3 3 3 2 4 2 2 4 3 4 2 1 1 2 1 5 4 3 1 2 4 3 1 5 3 4 2 3 3 1 2 1 5 2 1 4 5 4 2 4 4 2 2 5 3 4 5 1 5 5 1 5 4 4 4 5 5 1 4 3 2 5 3 3 1 4 1 3 2 2 3 4 4 5 1 2 1 5 2 4 4 1 5 2 1 4 4 2 1 3 2 3 4 1 4 2 3 1 4 3 4 3 1 5 3 3 1 3 1 4 2 1 1 2 4 4 1 2 2 1 4 5 1 3 4 5 2 1 5 2 4 2 4 3 1 4 1 1 1 5 5 3 1 4 1 3 5 2 1 4 1 3 3 2 5 3 3 3 3 3 2 1 4 3 5 2 1 4 3 5 3 3 3 2 4 1 5 4
1 1 1 4 3 4 5 2 4 3 3 1 5 5 4 1 3 1 5 2 4 3 2 1 2 3 5 4 4 4 4 3 3 3 1 4 4 1 1 1 1 1 5 2 2 2 5 4 3 3 2 3 5 2 4 5 3 2 3 3 5 5 4 5 5 2 3 3 1 2 4 1 5 1 2 2 2 2 4 3 3 5 3 3 1 2 4 5 1 2 4 1 1 4 2 2 1 1 3 5 2 2 1 3 4 4 4 4 4 3 4 2 1 5 3 5 3 5 2 5 3 5 2 2 3 2 4 4 1 2 2 3 3 5 1 3 1 5 1 2 4 2 4 2 4 3 3 2 5 3 1 5 2 0 3 5 4 1 1 1 3 2 1 4 4 1 2 3 5 3 2 2 3 5 4 3 2 3 3 3 5 1 2 4 5 4 1 3 2 4 4 1 4 4 1 3 3 2 3 3 5 5 3 1 1 1 1 5 2 1 2 2 1 1 5 5 4 4 1 4 1 4 4 4 4 2 3 2 1 3 5 2 1 1 4 1 4 5 2 1 4 1 4 4 5 3 1 4 5 1 2 2 3 3 5 4 4 2 4 1 4 5 5 4 1 3 3 2 2 5 2 1 4 4 5 1 2 4 4 3 5 1 5 5 2 1 2 4 1 2 3 4 2 1 3 1 3 3 1 2 5 1 1 3 5 5 3 5 4 1 5 2 4 1 1 1 2 2 2 2 4 5 1 5 1 5 1 4 2 1 2 5 1 3 5 1 5 1 4 4 1 1 1 3 4 1 3 5 4 3 1 2 4 4 3 1 3 5 5 5 2 3 2 3 3 4 1 1 2 1 5 2 2 1 1 2 5 4 1 1 5 5 5 4 1 2 1 2 5 2 5 5 2 4 2 4 4 5 2 2 5 5 1 4 4 1 4 2 3 3 3 2 2 4 3 4 5 4 1 5 4 3 5 2 5 1 3 4 2 2 4 5 1 4 1 1 4 5 1 3 4 1 4 4 4 3 5 4 1 1
5 3 2 2 1 3 4 2 4 5 1 1 2 4 2 1 1 2 1 1 1 3 1 4 2 5 5 5 5 2 2 1 2 5 3 4 5 5 4 3 5 1 4 4 3 5 3 1 5 4 1 2 1 3 5 1 2 4 1 5 3 1 1 2 2 1 1 2 4 5 5 5 5 3 3 2 5 4 1 2 3 4 1 1 3 2 5 3 2 2 3 1 2 5 4 4 3 1 5 4 3 2 1 1 3 2 2 1 2 4 3 4 3 5 2 1 1 4 4 4 1 4 3 5 5 1 3 2 4 2 5 5 3 2 3 3 4 2 1 2 2 1 1 1 3 5 1 4 1 1 1 3 3 1 0 5 1 2 1 3 2 4 5 3 5 2 2 1 1 1 5 3 2 2 2 3 3 1 2 4 2 1 4 4 3 4 5 1 5 3 1 3 3 2 2 1 2 1 1 2 3 3 3 3 2 5 2 4 4 4 4 3 3 4 2 5 2 4 5 2 4 4 4 4 3 2 4 1 2 2 3 2 1 1 5 1 4 2 4 2 5 4 3 1 1 1 5 3 5 5 1 1 2 3 3 1 2 4 4 4 3 2 2 3 4 4 5 1 2 2 4 2 3 5 3 2 1 2 1 3 3 2 3 4 2 5 1 3 3 1 5 5 4 2 5 3 1 4 5 4 4 1 5 4 5 1 2 2 1 3 2 3 5 4 4 3 3 2 5 1 4 1 5 4 1 2 2 3 2 1 3 4 1 3 3 1 3 5 2 4 1 2 3 2 2 1 2 2 4 5 5 4 2 5 4 4 3 2 4 1 4 1 1 3 1 3 3 3 4 2 5 1 2 1 2 4 5 1 1 3 3 3 4 3 4 2 5 5 4 5 1 3 1 1 2 3 4 3 4 3 2 3 2 1 4 4 3 2 3 4 3 1 5 3 4 2 3 5 5 4 5 3 1 2 3 1 3 3 3 5 2 3 4 2 5 2 1 1 4 5 2 3 4 5 4 1 5 2 2 3
5 2 1 5 5 5 4 4 3 2 1 2 1 3 4 2 3 2 5 1 3 2 1 4 3 2 5 1 1 1 5 4 4 2 4 3 4 2 1 4 5 1 2 1 1 1 3 2 1 4 3 5 4 5 2 3 1 4 1 5 2 2 4 5 2 4 2 4 2 4 4 5 5 5 1 5 3 2 5 2 5 5 2 3 2 2 2 3 4 2 4 1 4 4 3 4 1 4 4 4 1 1 1 4 1 1 2 4 4 4 2 4 1 2 2 3 1 1 3 3 1 3 3 3 2 3 2 5 3 5 3 2 4 2 2 3 3 3 5 4 3 2 2 4 3 5 2 5 3 3 1 3 1 5 3 0 3 2 2 4 3 2 3 1 3 2 2 2 3 1 3 2 5 3 2 3 2 1 4 2 2 2 4 4 3 5 2 3 1 4 2 1 3 3 4 3 5 5 5 4 2 5 3 2 4 3 2 4 3 1 1 2 1 2 1 3 4 5 2 1 1 4 1 2 1 5 3 2 1 4 5 3 2 1 5 2 5 3 5 4 2 5 1 5 4 3 3 4 3 1 2 1 2 4 5 1 4 2 4 5 3 4 5 5 3 4 1 4 5 4 1 3 4 4 2 5 3 4 1 3 1 2 4 1 1 2 5 3 1 2 5 5 3 2 2 5 2 4 3 1 2 3 5 1 4 1 1 2 1 3 3 5 4 4 3 1 3 5 1 5 5 4 4 4 1 4 1 3 2 1 3 3 4 4 2 4 4 3 3 2 2 4 2 1 5 2 5 2 5 4 5 4 4 1 3 4 2 3 1 5 5 5 4 2 2 1 5 4 1 2 2 4 5 5 2 1 1 5 2 2 3 5 3 5 2 3 2 3 4 3 3 4 5 2 3 5 2 2 1 3 4 1 1 3 2 2 4 1 5 2 4 5 1 4 5 2 5 4 3 2 5 4 1 5 1 2 1 2 2 3 3 3 4 3 1 3 3 4 3 3 2 1 1 1 2 1 3 1 3 5
5 2 3 1 3 5 3 5 3 4 2 3 1 2 4 2 2 3 1 2 4 3 3 4 1 5 3 3 4 5 3 2 4 4 4 5 1 1 3 1 4 3 3 1 5 1 5 1 4 1 3 5 3 4 1 5 5 4 1 1 5 4 4 3 4 5 2 4 5 1 5 2 5 3 1 4 4 2 1 1 1 2 2 1 3 5 1 5 3 3 2 3 4 5 4 4 1 2 1 2 2 5 3 3 3 3 1 4 3 4 2 2 3 2 5 4 1 3 2 5 3 5 4 5 2 2 4 5 2 1 5 5 4 5 1 5 1 2 2 4 1 1 4 4 1 2 3 4 2 3 1 4 3 5 4 4 0 3 3 1 1 2 1 2 2 3 1 5 3 2 4 1 4 5 1 1 4 1 3 2 4 2 1 1 2 2 5 4 2 1 1 2 4 4 4 4 4 2 2 1 5 4 4 4 1 2 4 3 4 1 1 5 3 5 1 4 3 3 5 4 5 3 4 4 3 5 3 4 4 3 1 4 5 5 1 2 2 2 3 4 3 1 5 1 2 4 2 1 5 3 3 3 4 2 1 1 5 1 5 4 3 5 3 1 5 4 2 3 1 3 5 3 2 1 4 3 1 5 1 2 2 4 3 3 1 2 4 3 4 4 1 3 4 5 1 1 1 3 4 2 2 3 1 1 3 4 3 2 5 1 3 3 5 1 1 5 5 5 4 5 4 3 4 2 3 5 3 1 3 2 2 4 5 3 5 3 1 4 3 3 5 1 2 5 2 2 3 2 5 4 1 4 2 1 3 2 4 1 4 2 1 5 4 2 4 4 3 1 2 1 5 2 1 5 1 4 2 1 3 3 4 3 4 2 3 1 3 3 3 2 1 3 4 1 1 3 2 4 3 4 3 1 1 2 1 3 5 1 1 3 1 1 1 3 1 3 5 1 4 1 5 2 1 5 4 2 4 4 5 3 4 4 1 3 1 5 3 4 1 3 4 2 3 5 3 4 1 3 4 1
5 4 1 1 4 2 3 3 1 3 2 1 2 5 4 2 3 4 2 4 1 4 3 2 1 4 2 4 4 2 5 2 2 5 5 2 2 3 4 2 5 5 4 5 5 4 2 3 4 1 5 3 4 4 2 4 2 4 3 5 4 3 5 2 3 1 4 3 4 2 2 2 2 1 5 2 1 5 1 3 1 5 4 2 3 5 5 4 2 4 3 3 5 4 3 5 3 1 1 4 2 5 1 3 3 1 2 1 4 2 1 1 4 4 3 5 1 4 5 1 4 5 1 2 2 4 1 1 2 1 5 4 4 3 1 3 3 4 3 1 3 2 4 2 1 3 1 3 1 4 5 2 3 4 1 4 3 0 1 4 5 2 1 5 2 4 3 4 5 4 2 4 4 4 3 1 1 5 4 2 4 5 1 5 4 5 2 1 4 3 4 5 5 2 1 4 4 3 3 2 5 5 4 4 3 2 2 2 3 2 1 5 2 2 3 1 4 2 1 1 4 3 3 3 4 2 3 3 2 4 4 2 1 5 2 1 3 2 4 4 2 4 5 1 3 1 3 5 5 5 3 3 3 1 5 2 5 1 2 4 1 5 1 3 5 1 2 3 1 4 5 1 1 4 1 2 3 5 4 1 3 3 1 5 3 4 1 4 1 2 5 5 1 4 4 1 3 1 2 1 4 3 4 5 2 3 2 2 4 2 4 4 1 3 3 5 5 3 5 1 4 1 1 1 2 3 5 1 1 2 3 2 1 3 3 2 1 2 3 3 2 2 1 3 5 5 1 3 3 5 3 1 2 3 2 4 5 3 3 3 4 1 4 3 5 4 5 3 2 3 5 5 1 1 3 2 3 4 5 3 2 3 3 4 2 4 3 1 4 2 4 3 2 5 4 5 5 5 3 3 1 5 5 5 2 3 1 3 3 5 3 2 5 5 3 4 1 5 2 1 3 2 5 2 3 5 3 3 4 4 4 5 2 1 1 5 3 2 3 2 4 3 5 3 4 2 2 1 3 1
4 4 5 3 1 3 5 5 4 2 5 2 3 1 4 4 4 3 3 5 5 2 4 5 1 5 4 5 1 4 5 1 1 5 5 2 2 3 1 4 3 1 4 3 5 5 4 3 2 4 4 2 3 2 3 5 1 2 5 4 3 4 4 1 3 5 2 3 3 1 2 3 1 3 2 2 4 2 3 5 1 5 1 4 2 3 4 5 3 1 5 4 4 3 3 2 3 5 4 3 3 1 3 4 3 2 4 1 1 2 1 1 5 3 3 4 3 4 1 3 1 5 5 1 2 5 3 2 5 3 5 4 1 2 4 3 4 5 5 3 2 3 1 3 2 4 5 1 4 2 2 2 4 4 3 4 5 5 0 1 4 5 3 5 4 5 5 1 1 3 4 1 1 4 2 1 2 4 1 2 2 3 4 2 3 2 3 2 4 5 3 2 5 2 2 1 5 1 1 3 5 4 4 1 2 2 4 4 5 2 1 1 1 4 4 2 3 1 5 3 2 1 5 3 5 1 3 2 4 4 4 1 2 2 2 3 5 1 4 2 1 2 5 5 1 4 3 3 1 5 1 5 2 5 2 5 1 2 1 5 4 2 2 5 4 4 4 1 3 5 3 2 5 5 4 2 2 5 1 3 4 4 3 1 3 3 4 1 3 3 4 3 3 5 3 3 3 4 4 2 3 3 3 5 4 3 1 5 4 3 3 4 1 3 1 1 3 3 5 5 5 5 3 1 4 1 4 2 2 5 4 1 2 5 2 4 3 2 1 1 5 3 1 4 2 1 2 5 2 2 3 5 2 5 5 1 3 5 4 3 3 1 5 4 4 4 3 3 4 4 5 2 5 1 1 2 1 2 5 2 3 5 3 2 5 3 1 5 2 1 5 5 2 2 5 2 3 1 4 3 4 3 1 1 2 3 1 1 3 2 1 3 5 4 5 1 4 4 2 3 4 2 5 2 4 5 3 3 2 5 1 1 2 3 1 1 1 5 3 3 2 5 5 4 3 5 3 5 4 1
2 2 5 3 2 2 1 1 2 3 4 3 1 4 1 2 3 1 1 2 1 2 4 4 3 4 1 1 4 4 2 3 1 1 3 3 1 2 5 2 3 3 4 3 2 4 4 2 2 4 2 3 3 4 2 1 2 5 1 1 2 3 1 2 1 2 1 1 1 3 3 5 3 3 1 3 2 5 5 5 1 1 2 3 3 1 3 2 3 3 5 4 3 5 1 5 5 5 4 1 1 5 2 4 1 3 2 3 3 1 4 5 4 1 1 2 5 1 1 5 2 3 2 2 4 2 3 3 5 3 4 1 4 2 3 1 2 4 4 4 3 2 5 3 4 4 1 3 4 2 2 3 5 2 1 3 3 1 1 0 3 2 4 3 5 1 4 2 5 3 1 1 3 1 2 1 3 5 3 4 1 1 2 5 2 3 5 3 5 3 5 5 2 5 3 3 5 3 1 4 2 2 2 1 2 5 3 2 5 5 4 3 3 1 4 2 3 4 1 4 5 2 2 4 3 1 3 2 5 5 1 5 5 3 3 2 2 4 5 5 3 4 2 3 5 3 4 4 5 2 5 2 2 2 4 3 4 1 1 1 2 2 5 1 3 5 2 3 2 1 5 3 5 4 3 5 4 5 1 2 4 5 2 3 2 4 1 1 2 3 4 3 2 3 2 4 3 3 3 4 1 4 5 2 2 5 2 2 3 2 1 1 5 3 4 1 4 3 1 4 3 2 4 5 4 1 4 2 4 3 5 2 1 1 5 3 5 4 3 3 1 5 4 1 5 3 1 1 5 5 4 4 1 3 5 1 4 5 1 3 2 3 1 1 1 3 5 2 3 3 3 4 4 4 3 4 3 5 3 1 2 3 3 1 3 1 1 3 4 4 1 2 2 2 1 2 1 1 5 3 1 3 3 4 2 5 3 4 3 1 3 3 5 3 4 2 3 2 2 5 2 3 4 4 4 4 2 5 3 2 4 1 4 2 3 4 5 5 1 4 3 5 3 1 5 2 1 4 4 4
3 2 4 4 1 3 5 2 1 4 4 3 2 1 4 3 5 3 4 4 4 4 1 5 1 1 3 4 4 5 1 5 4 3 4 4 5 4 2 2 3 5 3 5 4 1 5 1 3 3 2 5 5 3 1 3 3 3 5 5 4 3 5 3 2 2 3 5 4 5 1 5 4 4 4 3 5 1 5 4 2 4 4 4 4 3 4 2 1 5 3 3 5 4 5 3 3 5 5 3 4 1 1 3 5 4 5 3 4 1 1 3 4 1 2 3 5 4 3 5 3 1 2 4 4 1 1 1 3 4 2 1 2 2 1 2 2 1 1 2 1 2 3 5 4 4 1 4 2 4 1 4 2 2 5 2 2 5 1 1 0 5 3 4 3 1 2 2 2 1 5 3 5 4 2 2 1 1 5 3 4 4 3 4 3 1 4 3 4 5 2 4 5 5 3 4 4 2 1 5 5 2 2 3 4 3 4 3 2 3 4 4 3 4 5 3 1 4 2 4 5 2 3 4 1 5 1 2 1 2 1 1 5 5 3 4 2 2 2 1 3 5 4 2 4 3 3 5 5 5 1 5 5 4 5 4 1 2 4 4 4 4 5 5 2 3 3 3 4 3 3 5 3 1 4 2 1 5 3 1 4 3 1 4 1 3 1 5 5 1 5 1 1 5 4 3 3 5 2 1 4 1 4 2 4 4 4 4 3 5 5 3 5 4 1 4 4 5 4 3 1 2 4 4 5 4 2 5 1 4 4 5 1 2 5 2 5 2 1 5 3 4 2 5 4 1 5 4 2 4 5 5 3 4 5 4 3 5 5 4 2 2 2 2 1 3 2 2 1 1 4 5 2 2 2 5 1 4 2 1 4 4 1 2 4 4 1 2 1 2 3 5 5 3 2 4 1 2 1 3 2 1 3 5 1 3 3 4 4 1 2 4 5 1 5 4 5 2 3 2 5 3 2 2 5 1 2 1 4 4 3 1 2 3 4 5 4 5 4 3 1 4 2 3 3 5 2 2 5 5
2 5 1 4 4 3 5 1 2 1 2 5 1 3 2 1 3 5 2 1 1 5 2 4 4 5 5 2 1 3 4 3 3 5 5 5 4 5 2 3 2 5 5 3 5 4 2 4 2 3 2 2 4 4 3 2 4 3 5 3 4 5 4 1 5 4 5 5 2 5 1 3 3 4 1 5 1 3 2 5 2 4 3 3 4 1 1 5 2 2 5 2 4 3 4 1 1 3 3 1 4 3 4 3 5 4 2 2 4 4 4 1 5 4 2 2 4 1 3 5 1 2 2 3 3 4 3 1 1 3 2 3 1 5 1 5 4 4 2 1 2 2 2 3 3 4 3 2 4 2 4 1 3 1 3 1 2 3 3 4 3 0 2 2 5 5 5 5 4 4 4 1 2 4 2 5 1 5 2 3 4 3 3 3 2 4 5 4 4 5 2 3 5 2 5 3 5 2 2 1 3 3 3 3 3 2 2 5 4 4 2 3 1 3 3 1 2 4 4 5 1 2 5 2 1 4 2 4 4 5 4 4 5 3 4 3 3 4 3 1 4 5 3 4 4 4 3 4 2 4 5 4 2 2 5 2 5 4 3 2 4 3 1 1 5 3 4 1 1 3 2 5 1 2 1 3 2 4 2 2 3 4 2 4 4 1 2 4 2 1 2 3 3 1 5 1 1 2 2 3 5 5 2 4 1 4 3 4 2 3 3 3 2 1 3 5 1 2 2 3 3 1 1 3 5 5 1 2 1 5 1 1 2 5 4 1 5 3 2 4 2 4 3 3 1 3 5 4 1 1 3 2 5 2 3 1 3 3 5 5 2 2 3 2 3 2 1 5 4 1 4 1 3 3 1 2 2 1 2 1 3 2 2 3 2 3 4 5 3 5 4 3 3 3 3 5 1 2 4 4 5 2 5 1 3 2 2 2 5 5 3 3 5 5 1 4 4 1 4 5 2 5 1 4 2 4 4 3 3 5 4 3 5 4 2 5 5 2 4 2 3 3 1 4 1 1 3 1 3 2
2 5 5 4 4 1 1 3 5 4 2 2 1 3 4 2 5 3 3 2 3 2 3 5 1 3 5 4 2 4 1 3 2 3 2 5 1 1 1 5 4 5 4 4 1 1 3 2 5 1 4 5 1 4 5 5 5 3 5 2 3 5 5 5 2 3 3 3 3 1 4 3 4 2 2 2 2 1 1 5 2 4 2 2 3 4 2 3 4 4 1 5 5 1 4 3 1 1 3 2 1 3 4 4 1 1 2 4 1 4 3 4 5 4 3 2 4 5 4 1 1 1 5 2 4 2 3 1 4 3 1 1 4 5 3 4 1 3 4 5 1 2 4 1 1 2 4 1 5 2 3 4 2 1 5 1 1 3 2 1 3 5 0 5 2 5 4 3 3 3 2 1 1 3 4 2 4 5 1 1 4 4 1 3 1 1 5 3 4 4 5 2 4 1 2 1 1 5 2 5 1 1 4 5 1 1 4 4 2 2 1 5 2 1 4 4 5 1 1 1 4 4 2 2 5 3 1 2 4 5 5 5 1 5 2 4 5 5 3 3 2 4 4 5 4 2 3 3 4 4 3 1 3 1 1 2 5 4 1 3 3 1 2 5 4 4 4 5 2 2 5 3 2 4 1 1 5 4 3 1 1 2 1 1 2 1 5 3 3 5 2 5 3 2 5 4 1 3 1 1 5 4 3 2 3 4 2 3 1 2 5 3 3 1 2 3 3 5 5 3 4 3 2 5 2 3 4 4 2 1 1 5 4 3 5 3 2 5 3 2 5 1 1 1 3 1 5 1 3 3 4 2 3 3 5 3 4 1 5 4 3 4 3 4 3 3 5 5 3 3 1 3 5 3 2 5 5 4 4 5 5 4 3 4 4 1 2 2 3 1 5 2 2 2 2 3 2 1 5 4 1 1 5 1 1 3 2 1 1 2 3 4 4 1 4 2 3 3 1 3 4 1 5 4 3 1 3 1 4 5 4 4 5 4 5 4 4 1 4 3 2 2 2 1 1 3 2 5 1 1
3 3 3 5 3 4 2 1 1 3 2 1 3 1 3 1 4 3 3 4 4 1 4 4 3 3 2 3 2 4 4 1 5 3 5 2 2 4 5 1 1 5 1 4 1 1 5 4 4 1 4 4 2 4 5 5 2 2 2 4 1 1 2 3 4 5 5 3 2 3 4 5 4 2 1 5 2 2 1 4 4 4 5 3 5 4 2 2 3 2 4 2 2 5 4 5 1 5 4 3 1 2 3 5 3 3 5 3 4 4 2 5 3 4 5 2 2 4 5 1 4 2 3 5 5 5 2 1 2 2 4 4 1 5 5 2 1 4 4 5 4 1 1 4 1 4 1 1 1 3 5 4 2 1 5 3 2 5 4 2 1 1 2 0 4 3 3 1 4 5 4 5 2 5 4 1 4 5 5 2 1 1 2 5 3 1 4 2 5 5 4 5 3 1 1 3 5 3 3 3 4 3 1 3 4 2 2 3 5 1 2 5 2 3 2 1 1 4 3 4 1 1 4 4 4 5 3 3 2 2 2 2 5 2 5 2 1 5 1 4 5 4 2 2 3 4 3 2 4 5 2 5 2 2 3 3 2 5 4 1 4 2 5 4 4 3 5 2 2 3 1 4 4 1 2 3 2 4 4 1 2 5 1 5 2 1 5 3 3 2 2 3 5 2 1 1 1 1 1 2 1 3 3 1 1 4 5 5 2 4 5 2 3 2 3 3 2 5 5 1 1 5 3 1 4 5 4 4 1 4 2 1 1 4 3 3 4 1 1 5 1 2 4 4 2 3 1 5 2 5 2 3 2 2 1 3 5 4 1 3 3 5 2 4 2 4 4 2 4 1 1 1 4 1 4 3 4 1 3 2 2 3 3 5 5 1 3 3 4 1 5 3 4 3 2 3 2 4 4 1 1 1 4 3 4 5 2 2 4 4 2 2 2 5 1 2 4 5 4 4 2 5 1 4 5 3 1 4 4 2 5 5 2 2 3 2 2 1 2 1 5 2 5 1 2 1 3 4 4 2
5 1 4 5 1 3 3 1 3 2 2 5 3 4 2 4 5 2 5 3 3 2 5 4 2 5 1 2 5 5 4 5 4 3 4 2 4 4 4 5 2 1 4 2 4 2 5 3 3 5 1 5 4 3 1 4 2 4 4 1 5 3 4 3 1 4 4 5 3 2 4 5 4 2 1 3 2 1 4 4 5 3 3 2 5 2 2 1 3 2 3 3 1 2 4 4 1 5 1 3 4 3 1 5 2 3 1 4 2 3 1 3 1 4 2 1 1 1 4 2 2 1 5 2 4 2 4 5 2 2 4 1 1 3 3 2 3 4 1 1 5 3 1 2 2 4 3 3 2 4 5 4 3 2 5 5 1 4 2 1 5 1 1 2 0 5 5 3 3 4 3 2 1 1 1 3 5 4 5 3 4 5 5 4 5 5 3 3 2 1 2 2 3 2 5 1 1 1 4 2 4 2 1 1 4 5 1 2 3 3 1 5 2 3 3 2 2 4 2 5 2 3 2 1 1 1 3 2 3 5 5 1 1 5 4 3 1 3 4 2 2 5 5 2 5 2 2 1 1 3 1 4 1 4 2 2 1 2 4 4 2 1 4 5 2 3 1 4 4 4 1 1 2 2 1 4 5 5 4 4 2 1 2 4 1 2 5 5 2 5 1 5 4 4 5 3 4 4 1 1 2 3 5 5 1 1 2 2 2 5 5 4 1 2 2 1 5 5 3 5 1 5 3 1 4 5 3 2 5 2 1 5 3 2 1 3 5 2 3 1 4 2 3 4 3 5 4 2 4 1 2 2 4 2 5 1 5 2 5 5 5 5 5 4 3 1 4 2 2 2 1 4 2 4 2 4 4 4 5 3 4 1 5 5 5 2 4 5 3 2 4 3 2 3 4 5 2 2 1 2 3 5 3 4 4 2 5 1 3 1 3 5 1 2 4 4 2 3 3 5 5 4 2 1 1 3 5 4 2 1 5 4 1 2 2 5 1 3 3 5 1 4 5 2 5 2 2 1 5 4
4 1 4 2 1 2 5 1 4 1 1 1 5 4 2 2 3 3 2 4 1 1 5 4 3 4 5 5 4 5 3 1 4 2 4 4 5 1 1 5 2 4 4 1 4 3 3 3 1 3 1 5 3 1 2 3 1 4 4 1 3 5 5 4 1 2 5 2 2 4 1 2 5 1 1 3 4 4 5 4 4 5 4 3 1 1 3 3 4 1 3 1 5 1 1 1 1 2 1 5 4 3 4 1 2 3 3 4 3 4 2 2 2 3 4 2 5 2 2 1 4 3 4 4 5 4 3 3 5 1 3 1 1 1 3 1 4 5 4 2 1 4 2 2 2 1 4 4 1 2 5 5 1 1 2 3 5 1 1 2 3 5 1 5 4 0 2 3 4 5 4 3 2 1 3 4 1 1 5 3 4 4 5 2 2 2 2 5 2 5 3 4 1 1 5 3 4 4 5 3 4 5 4 2 2 2 4 3 3 5 4 3 3 1 3 4 2 3 3 2 5 4 2 1 1 3 3 2 1 5 4 1 4 4 5 3 3 1 4 3 2 2 2 5 1 4 1 4 5 2 1 5 1 5 1 3 3 4 2 2 3 5 3 5 1 2 5 3 5 1 2 1 3 1 4 1 4 1 2 1 1 5 2 4 2 3 3 4 4 4 1 4 2 1 5 5 4 4 3 1 5 2 1 5 1 3 2 5 3 3 5 5 5 3 4 2 5 3 1 1 2 1 2 2 5 3 5 2 1 4 4 1 5 2 5 3 5 3 2 1 3 4 2 5 5 3 4 4 3 3 4 2 2 5 1 2 4 1 2 5 3 5 5 4 5 2 4 4 2 3 1 4 4 2 3 5 2 4 1 3 3 1 4 2 2 4 3 1 2 2 5 1 3 1 3 5 1 3 2 1 4 2 3 4 1 2 1 4 1 3 4 4 4 3 4 1 1 5 5 5 1 4 2 4 2 1 4 3 2 2 4 5 2 2 1 5 3 2 3 1 5 2 4 3 3 5 3 1 4 5
3 2 5 4 4 4 5 2 3 2 5 2 1 1 4 2 2 4 3 1 2 1 2 5 4 5 5 4 3 4 5 3 4 5 1 4 4 5 2 3 1 5 3 2 2 2 5 4 2 5 3 2 4 5 4 3 3 1 5 2 3 2 2 3 1 5 1 2 4 2 1 5 5 4 5 1 3 3 3 3 5 3 5 1 2 4 2 2 2 2 5 5 5 5 3 4 4 1 5 4 2 2 1 2 2 2 1 4 2 1 2 5 3 1 3 2 1 3 5 3 4 5 2 2 5 3 3 5 2 2 4 2 5 5 3 5 1 5 4 3 4 3 1 4 3 4 2 1 3 4 2 2 1 1 4 1 3 5 2 1 1 2 5 2 4 5 0 5 3 1 1 1 1 1 5 1 3 5 4 4 1 5 2 1 2 2 1 1 3 2 5 2 2 1 1 1 3 2 2 1 1 2 3 4 1 3 4 4 4 2 2 3 4 1 2 5 2 2 5 4 1 2 5 5 3 1 2 2 2 5 3 5 3 2 4 1 1 1 3 2 5 5 4 5 1 3 5 5 2 2 2 3 3 5 2 1 4 2 1 3 5 1 4 5 3 2 4 5 4 3 5 1 5 2 1 5 1 1 1 1 4 1 4 2 2 1 5 5 1 2 1 3 4 1 4 3 1 4 5 4 5 1 5 1 4 1 4 4 3 4 4 5 5 4 4 5 4 4 3 3 5 1 5 1 3 4 5 5 5 5 4 5 1 3 4 1 1 1 1 4 2 5 3 5 1 5 5 1 3 4 2 1 4 2 5 4 3 3 2 4 3 4 2 3 3 3 5 2 4 3 1 1 3 2 5 3 2 3 2 2 1 2 2 5 5 2 3 2 3 4 2 4 2 3 3 2 3 2 5 5 5 3 4 5 2 5 4 3 1 5 2 3 3 2 5 4 5 1 3 2 2 2 3 4 5 3 5 4 3 1 1 1 3 3 5 2 4 5 3 3 4 5 5 5 5 4 3 5 1 3
2 2 2 3 1 4 4 4 5 3 1 5 4 1 2 4 2 1 4 5 4 5 1 1 1 2 4 3 5 3 1 5 3 5 5 4 4 4 3 4 1 2 1 4 2 2 2 2 5 3 4 5 4 4 2 3 2 2 5 1 3 1 1 1 5 5 1 3 5 3 5 3 4 1 3 2 5 5 4 3 3 4 3 1 3 2 1 3 2 4 5 1 5 1 4 5 4 4 5 5 1 4 2 2 3 3 5 1 1 3 2 5 2 5 1 3 2 4 1 1 1 4 5 2 4 2 4 3 1 4 2 1 3 4 5 5 2 5 4 2 5 3 1 5 2 5 2 4 2 5 3 1 4 1 1 2 1 4 1 4 4 4 3 5 4 4 2 0 5 4 2 4 1 4 2 3 4 5 1 4 3 1 2 5 1 4 3 2 2 5 4 5 3 1 4 3 5 1 1 4 4 2 3 4 3 3 1 5 5 4 4 4 2 5 5 5 3 4 5 3 5 2 3 5 5 2 3 4 2 5 3 4 4 2 2 3 1 4 5 5 5 4 3 1 2 4 4 1 5 5 5 2 3 3 5 2 3 3 2 3 3 2 3 2 2 5 2 1 2 1 2 4 2 5 5 4 1 1 1 4 1 4 4 1 2 3 3 1 5 4 3 2 3 3 2 3 1 4 3 4 3 2 2 3 1 4 3 1 5 2 4 2 5 3 1 2 5 3 2 3 3 4 4 2 3 1 4 4 1 1 5 5 3 4 5 4 1 4 1 4 4 1 3 5 1 5 4 1 3 5 1 3 1 2 5 2 1 5 1 2 5 2 1 3 5 1 3 4 3 4 4 5 1 2 3 5 3 3 2 3 3 4 3 5 5 5 5 3 3 3 2 4 2 4 1 3 2 5 1 4 4 3 2 4 4 5 4 3 2 5 3 5 3 4 2 2 2 3 5 5 2 3 4 3 2 5 3 2 5 1 5 4 4 1 4 3 3 2 3 3 1 3 5 2 2 4 1 2 3 3
4 1 2 4 2 2 2 1 1 5 5 5 4 4 4 4 3 1 2 4 5 5 3 5 1 4 5 5 4 5 1 4 5 5 3 2 1 2 4 5 3 5 3 5 1 5 5 3 4 1 4 5 4 1 1 5 1 1 1 2 5 2 4 1 2 3 2 2 1 5 2 5 3 4 1 2 3 2 4 4 4 3 5 4 2 2 4 1 3 4 5 4 2 5 4 1 2 5 5 1 4 4 1 1 5 2 2 1 5 4 1 2 1 1 5 1 4 3 4 5 3 5 5 2 3 4 5 1 1 4 5 1 1 2 3 4 1 5 5 2 2 1 1 3 2 4 2 3 5 4 1 3 3 5 5 4 5 3 2 3 1 5 5 2 2 5 5 3 0 4 1 3 1 5 3 4 1 2 3 3 5 2 1 1 5 2 2 4 2 4 2 2 5 5 3 1 2 2 3 4 1 3 4 4 1 5 3 4 5 1 3 3 1 2 4 4 2 2 1 5 3 1 3 3 3 5 3 1 1 2 2 1 2 4 4 3 4 2 1 5 4 3 4 5 1 1 4 1 3 1 1 2 2 5 2 5 2 2 3 5 1 1 5 1 4 4 1 2 2 3 1 3 5 1 3 2 4 1 1 1 5 5 5 5 4 2 4 2 5 4 5 3 4 3 5 2 3 1 1 2 2 4 5 4 5 4 3 4 1 1 5 5 1 4 3 4 5 4 1 1 4 2 2 3 4 4 5 4 3 2 3 4 2 5 1 5 3 5 5 1 5 1 2 2 2 5 5 1 3 3 4 3 1 4 5 2 3 2 4 1 5 4 4 5 1 1 3 2 2 4 1 1 5 2 3 3 2 2 1 1 3 2 2 3 2 4 2 5 1 2 4 4 5 4 1 5 4 1 1 4 1 4 5 3 1 2 3 3 3 1 1 3 1 1 3 4 5 2 4 5 2 3 5 4 3 1 3 2 4 3 2 5 5 2 4 5 5 4 2 1 5 3 1 4 2 2 3 1 2 3
3 2 2 2 3 5 4 3 4 2 5 3 3 2 3 3 1 5 2 5 4 5 5 1 3 4 4 5 3 3 2 4 5 4 1 3 4 4 2 1 1 2 4 1 4 5 1 2 2 5 3 4 2 5 3 5 1 4 2 5 1 3 5 5 2 4 5 5 4 1 2 4 3 2 5 1 4 2 3 2 2 4 5 3 4 4 1 4 4 1 3 4 1 4 5 5 1 5 4 3 1 5 2 5 3 4 2 5 4 2 2 4 4 5 1 2 2 5 3 2 2 1 1 4 5 4 1 3 3 4 4 1 2 3 4 5 3 3 2 4 3 4 2 3 4 5 4 3 4 5 3 1 2 2 3 5 4 4 4 4 2 1 2 2 3 5 3 2 5 0 2 1 3 5 3 1 1 4 3 4 3 3 4 3 1 5 2 1 3 1 2 5 3 5 1 1 4 5 5 3 3 2 1 4 2 2 3 5 5 2 4 4 2 1 4 5 3 5 4 4 5 4 4 3 3 4 5 3 4 5 5 1 4 3 1 4 1 4 3 4 3 2 3 1 5 3 5 3 5 5 3 4 2 1 2 4 3 4 1 3 2 3 5 1 2 2 4 4 5 4 4 5 4 2 5 5 3 3 2 1 2 2 4 3 2 3 5 5 1 4 1 2 2 3 4 1 4 5 5 3 1 1 1 3 3 1 3 3 3 2 2 2 4 2 1 1 1 3 3 4 2 5 2 5 4 1 2 4 5 4 4 4 2 3 5 5 3 3 1 2 5 4 3 3 2 4 3 3 5 4 3 5 2 1 5 3 3 1 2 3 3 4 2 2 5 3 5 4 3 2 1 2 4 5 5 5 4 3 1 3 2 5 2 3 1 3 3 5 1 3 4 5 2 2 5 2 5 2 2 4 3 4 2 5 4 1 5 3 4 3 3 5 1 4 3 1 3 1 4 5 5 1 5 5 2 5 3 4 4 2 3 1 2 3 4 1 2 1 3 2 4 3 4 5 1 4 1 2 5 1
5 5 2 2 3 3 2 3 2 2 4 1 2 4 3 4 2 4 2 4 4 1 2 1 2 1 5 4 2 2 4 3 5 3 1 4 4 3 3 2 3 3 1 5 1 1 1 2 1 2 4 3 4 4 5 5 4 1 2 5 2 2 3 1 2 4 5 2 2 3 5 2 5 5 3 5 1 4 5 3 5 4 1 2 3 4 5 3 2 3 5 4 5 2 2 3 1 3 2 1 2 1 3 2 1 4 4 4 1 3 2 5 4 4 2 4 4 4 1 2 2 5 1 5 2 2 1 2 5 5 1 5 3 2 4 1 3 1 2 4 4 2 4 5 2 1 2 5 5 1 2 3 5 5 3 4 1 2 1 4 1 3 4 3 3 5 1 5 4 5 0 3 3 3 2 4 3 3 1 5 5 3 2 1 1 1 5 1 3 5 1 2 5 5 2 4 5 5 5 4 1 1 2 4 2 4 2 2 1 3 2 1 2 5 3 3 1 3 3 2 4 4 4 2 2 1 2 1 2 3 1 2 3 1 5 2 4 1 5 2 5 3 3 3 1 3 4 2 1 4 2 4 5 2 4 3 1 3 3 3 3 2 3 1 2 1 4 2 4 2 2 3 1 5 4 5 4 1 1 1 2 2 2 3 1 3 2 1 1 2 2 3 5 2 2 2 3 1 5 2 4 1 3 2 2 4 2 1 4 5 4 4 1 4 1 5 3 5 5 3 5 4 2 5 3 2 2 1 5 2 1 3 4 1 2 1 2 3 1 2 1 1 4 5 4 5 5 4 4 1 1 2 4 1 3 3 1 2 2 1 2 4 5 5 3 2 1 4 3 3 2 4 1 4 2 2 2 3 2 4 3 3 3 2 5 1 1 1 3 3 5 3 5 5 1 2 2 4 2 4 3 3 4 3 2 5 3 4 4 5 5 3 4 4 4 1 1 5 2 3 5 4 5 4 3 5 4 3 1 4 4 2 4 4 5 1 1 3 4 3 2 3 3 5 3 2 3 5 2 4
5 3 2 1 1 3 3 4 2 1 4 1 5 2 4 1 3 3 5 1 2 5 2 5 4 5 4 3 2 3 5 5 4 4 2 5 5 4 1 3 1 1 3 1 2 3 5 5 1 1 2 3 4 5 4 5 5 5 3 1 5 4 2 2 3 3 5 1 3 4 2 5 5 5 4 2 1 2 3 1 4 1 3 4 1 1 1 4 2 1 1 3 4 4 5 2 1 2 4 4 1 3 4 4 5 2 2 3 5 1 2 4 1 5 2 2 4 4 1 2 2 4 3 5 4 1 2 5 4 1 1 3 4 3 5 2 1 4 5 5 4 1 1 4 4 2 1 4 1 2 1 2 3 2 1 4 3 1 1 2 3 1 3 1 1 1 1 2 3 3 5 0 5 1 5 2 5 1 2 1 2 3 5 4 5 1 3 1 4 3 1 5 1 1 3 2 4 5 5 1 5 2 2 3 2 2 4 2 5 1 4 4 4 2 1 4 4 3 5 1 3 2 1 2 3 4 1 3 4 3 5 3 1 1 4 3 5 2 3 1 4 1 2 5 4 2 2 3 4 5 1 1 2 3 4 5 2 1 5 1 3 4 2 4 3 1 4 3 3 2 3 4 2 4 3 5 3 4 4 3 5 3 3 1 2 1 1 3 2 2 2 5 4 3 1 3 4 5 3 4 5 2 5 2 2 3 1 2 2 1 1 2 1 4 2 2 2 2 4 1 5 4 2 5 3 5 3 5 4 4 2 1 5 5 2 4 2 3 2 2 2 5 4 5 3 1 3 1 1 5 3 2 1 2 4 1 4 5 3 3 3 5 1 4 5 1 1 2 1 4 2 5 4 2 5 2 1 3 5 3 5 2 1 5 4 4 5 3 1 3 1 2 4 3 4 5 3 5 4 4 3 3 2 4 3 3 4 2 4 2 1 3 4 1 2 2 3 2 3 3 5 2 3 4 3 1 1 5 1 3 3 1 4 4 3 2 2 2 2 2 2 2 4 1 3 3 2 2 1 1
4 3 5 4 1 3 2 2 5 2 5 3 2 3 3 3 4 5 4 1 3 3 4 3 3 2 2 4 5 1 2 3 1 3 2 5 5 4 4 2 1 4 1 4 1 3 5 2 5 2 4 5 1 3 3 5 5 5 2 1 1 4 2 3 3 4 2 3 5 4 5 3 5 4 2 2 3 5 5 1 2 3 3 3 1 1 4 2 4 4 2 1 3 1 3 5 2 2 2 1 4 4 4 4 1 2 4 5 2 3 2 2 4 5 3 1 4 3 2 1 3 3 3 3 1 4 4 5 4 4 5 3 2 4 2 4 1 5 4 1 4 1 1 2 4 5 2 2 5 5 3 1 3 1 2 3 2 4 3 3 2 3 2 4 4 4 5 5 1 4 3 5 0 3 2 2 1 1 4 1 3 3 2 1 3 5 1 1 2 3 3 5 2 5 2 3 3 1 1 1 3 2 2 2 1 2 1 1 5 4 1 4 4 2 3 4 4 2 1 4 2 1 3 4 3 5 4 3 3 4 1 5 1 2 3 3 1 5 5 5 5 4 5 2 4 1 1 4 1 4 5 4 5 3 2 2 3 1 3 1 2 1 2 5 4 3 5 5 1 2 3 4 4 5 3 4 3 4 2 4 1 1 2 5 3 4 5 4 4 3 3 2 1 3 2 4 2 5 3 4 1 4 1 4 3 4 5 3 1 5 5 4 1 4 2 2 3 2 1 2 5 4 4 3 3 4 1 4 5 5 1 1 4 1 4 3 5 2 4 1 2 4 4 2 2 2 1 2 1 3 5 1 5 1 5 3 4 1 2 5 4 1 1 1 3 4 1 3 2 4 5 3 4 1 3 3 5 3 2 5 3 2 4 4 2 4 1 5 4 5 4 3 2 3 1 4 1 4 2 3 3 5 3 3 4 3 4 2 3 3 1 1 1 1 2 1 1 2 4 5 3 2 2 5 4 4 4 1 2 1 3 3 1 3 1 3 1 2 1 1 5 1 1 5 4 5 1 5 2 2
5 1 3 4 4 2 2 3 3 4 2 3 3 1 3 4 3 5 3 1 5 3 5 5 4 3 3 1 3 4 3 5 5 2 1 2 3 3 4 2 1 5 4 1 4 5 4 2 5 4 4 1 4 1 3 3 1 1 2 2 1 2 4 3 4 3 3 1 5 2 4 3 2 3 3 2 4 4 3 1 1 5 2 1 5 1 5 2 3 1 3 5 3 2 2 1 4 1 2 5 3 2 4 3 4 4 4 3 4 1 4 2 3 3 4 4 5 4 4 4 1 4 1 5 1 1 3 2 1 4 5 2 5 4 1 4 3 4 1 5 5 4 4 5 2 5 2 5 4 1 4 2 3 3 3 3 2 5 3 2 4 4 3 1 4 3 1 3 1 1 3 1 4 0 5 4 4 5 2 1 2 1 5 4 5 2 1 3 3 2 5 5 2 3 3 4 4 4 1 3 5 5 1 5 2 1 1 3 1 4 3 2 4 5 4 4 1 5 3 3 3 3 5 1 5 3 2 2 2 5 5 2 5 1 3 3 4 4 3 5 3 3 1 2 3 4 3 1 1 4 5 1 5 5 1 3 2 5 3 5 4 2 5 1 5 1 1 2 1 5 2 1 3 4 4 3 5 5 1 1 2 3 1 2 2 3 2 2 4 5 3 5 2 4 3 4 2 5 5 2 2 2 2 5 4 4 1 1 3 2 1 4 3 3 2 4 3 2 1 4 3 2 4 5 2 1 1 2 4 4 5 1 4 3 1 4 1 1 2 5 3 2 1 4 2 4 1 3 3 3 2 2 2 1 3 2 2 3 1 3 5 1 2 5 2 2 2 4 4 3 1 5 2 4 2 2 1 5 5 2 3 4 3 3 3 2 2 5 3 5 5 5 2 4 5 2 4 1 4 4 2 2 2 3 3 3 4 2 3 5 2 3 3 2 5 2 5 1 4 2 3 1 4 4 4 3 2 1 5 3 4 3 4 1 5 1 2 3 1 1 1 1 3 1 5 2 4 2 3 3
1 2 2 5 2 5 2 5 5 1 5 1 4 2 3 2 1 5 2 5 3 1 2 5 3 5 4 3 3 5 1 1 5 3 5 1 1 3 4 4 3 1 5 5 2 3 4 3 2 2 5 5 4 2 2 2 3 3 1 1 1 5 4 2 1 5 3 5 4 4 1 3 4 2 5 3 5 3 5 1 5 1 1 4 1 5 3 2 4 2 5 2 4 3 5 4 1 3 2 1 4 2 2 4 2 2 5 1 5 3 1 1 2 1 2 3 3 2 1 3 4 4 4 2 3 1 3 5 4 1 3 3 3 1 2 5 1 1 4 3 4 2 1 3 4 2 4 4 4 5 4 4 2 5 5 3 4 5 4 2 2 4 2 1 4 4 1 3 4 5 1 5 4 1 0 2 2 4 1 1 5 5 3 4 2 1 3 3 2 3 3 1 3 1 1 1 5 5 3 1 5 5 2 3 4 3 2 5 1 1 4 3 2 1 1 2 2 2 5 3 3 3 5 1 4 2 5 1 3 2 1 1 1 5 4 1 2 2 4 5 5 1 3 4 2 4 2 3 5 1 5 1 3 1 4 2 2 4 1 5 1 1 2 1 3 1 4 4 2 5 1 3 5 3 5 2 2 1 3 3 4 4 1 3 4 1 1 2 1 5 1 1 2 2 2 3 4 4 4 3 2 3 1 1 4 3 4 2 2 1 5 1 3 4 2 4 1 1 3 5 2 4 5 3 2 5 1 3 5 1 4 1 3 5 3 1 2 5 2 3 1 4 3 5 5 5 3 2 4 2 3 1 2 4 5 2 3 1 4 2 4 3 5 1 1 2 2 2 1 2 5 4 2 4 5 1 4 2 2 4 5 1 5 2 3 2 5 4 4 4 1 4 2 3 5 5 4 4 3 4 2 4 5 5 3 5 4 1 3 4 2 3 1 1 2 1 2 5 1 3 1 3 2 3 1 5 5 3 3 3 4 3 5 2 2 5 5 3 3 1 4 4 1 4 2 3 2 1 2 4
1 1 3 2 5 4 3 2 3 5 4 3 2 4 1 1 4 5 1 3 3 2 1 5 2 5 5 3 2 5 4 1 5 3 2 1 1 1 2 3 3 2 3 4 5 1 3 2 2 1 3 4 2 1 4 2 3 2 2 2 1 2 3 3 2 2 5 3 2 4 3 2 5 2 2 2 3 2 2 3 2 3 1 1 1 1 4 4 2 1 5 4 2 4 5 5 3 3 2 1 3 5 3 4 1 4 5 3 4 2 4 1 2 1 5 1 1 1 2 4 1 2 4 5 2 5 5 2 5 1 3 3 1 3 3 2 4 1 1 1 3 2 5 1 2 3 5 1 1 4 5 4 3 1 2 1 1 3 4 1 5 2 5 2 5 1 5 4 5 4 4 1 1 3 4 0 2 4 2 3 3 1 1 4 4 4 5 2 2 1 2 5 1 2 4 1 5 5 2 5 5 4 4 1 2 5 3 2 5 4 2 4 1 5 4 3 3 1 3 5 4 2 1 4 5 4 2 3 2 1 4 1 5 1 4 4 1 1 5 3 4 3 4 3 2 2 4 4 5 4 1 2 5 1 4 2 4 1 5 2 4 1 2 3 1 3 3 2 1 3 1 4 5 2 4 5 4 1 4 4 5 2 4 3 1 5 2 3 2 4 4 1 4 2 5 4 2 2 3 3 3 3 5 3 2 2 5 1 4 1 1 2 4 2 2 5 1 4 2 4 4 5 3 1 2 2 3 1 5 5 2 1 4 2 4 5 5 4 4 2 4 3 2 1 1 4 1 4 2 4 1 4 1 5 4 3 3 5 3 3 3 3 3 3 3 4 3 4 3 2 1 3 1 4 3 1 5 2 4 1 4 4 5 3 3 2 1 2 2 5 3 1 1 3 4 3 1 1 4 5 2 3 1 2 1 2 1 3 4 2 2 1 4 3 5 3 1 1 5 2 4 5 3 5 5 1 4 2 5 5 2 1 5 3 1 5 4 5 1 1 4 1 4 4 2 5 4 5 4 3
5 2 5 4 5 2 3 2 5 4 5 1 3 1 1 1 4 1 5 1 3 1 3 5 3 4 1 1 3 2 2 5 1 5 3 2 1 1 3 1 1 5 4 1 2 5 1 2 5 3 5 1 3 2 2 2 3 3 4 1 2 2 1 4 4 4 1 5 3 3 2 1 4 2 5 4 5 4 4 2 1 1 5 4 5 3 1 2 1 4 3 2 3 2 2 3 1 2 4 2 1 1 1 3 1 4 5 3 5 3 1 5 3 4 3 2 2 5 2 1 3 2 3 3 4 3 2 5 4 2 2 1 5 5 2 4 1 5 2 1 5 4 2 5 1 5 3 4 3 5 5 2 3 2 3 4 5 4 3 4 2 2 2 1 5 3 5 4 1 2 5 2 2 1 1 3 0 2 2 5 4 2 5 3 1 5 1 5 2 2 5 3 2 3 1 4 4 4 1 4 5 4 4 3 4 5 2 5 3 2 3 1 3 1 5 2 3 2 3 3 4 2 3 5 1 5 2 3 4 3 3 1 2 4 2 2 1 4 4 1 3 4 1 2 1 3 3 1 2 5 1 1 5 4 1 1 1 1 2 1 1 5 5 1 3 2 4 3 2 3 2 3 2 1 4 2 5 4 2 3 4 5 3 3 2 2 4 3 1 2 4 5 3 1 2 3 3 3 1 1 4 4 5 2 5 1 3 4 2 2 2 3 5 3 3 1 2 1 4 1 3 4 1 3 3 5 4 3 1 3 2 1 3 4 4 4 2 2 1 3 5 1 4 2 1 1 1 3 3 5 3 2 3 2 1 3 4 5 4 4 5 3 5 3 3 3 3 4 2 1 3 2 3 1 3 2 3 4 5 3 4 1 5 3 1 5 2 3 3 4 4 1 4 4 1 4 1 4 5 4 1 2 2 1 1 4 3 2 1 2 3 3 5 5 4 4 4 2 5 5 4 5 3 5 5 3 3 2 2 1 5 4 1 1 2 4 3 3 4 5 4 2 5 5 1 1 3 3 4 3
2 2 4 4 1 1 4 5 2 2 4 5 3 1 3 4 2 4 4 3 1 4 2 4 3 2 2 3 1 3 1 3 5 1 1 3 1 2 2 1 5 4 1 3 4 5 5 5 3 1 5 1 1 3 5 1 3 4 3 4 5 5 3 4 4 5 5 5 2 2 5 3 2 1 2 2 3 4 3 4 1 2 4 3 5 4 2 1 4 5 1 3 2 1 5 3 4 1 5 1 3 4 2 5 5 2 1 4 3 4 2 1 4 4 4 3 2 3 2 2 4 4 1 2 4 3 4 5 5 4 1 5 1 4 1 4 4 5 3 5 5 3 5 5 3 5 1 3 1 2 2 4 3 4 3 5 1 2 3 1 5 3 4 5 2 4 1 5 5 3 1 1 2 3 5 4 2 0 4 4 2 5 3 4 2 5 4 1 4 1 4 1 3 4 2 1 3 3 4 5 1 3 2 5 1 3 4 4 4 5 3 1 4 5 4 4 4 4 3 2 2 2 5 3 3 3 1 4 2 4 5 3 1 2 4 2 1 4 3 5 5 3 1 5 1 4 4 3 2 5 5 1 3 5 1 3 4 1 3 4 3 1 1 1 2 2 4 3 5 3 4 5 1 5 5 3 1 5 4 1 2 3 5 1 3 2 2 2 4 3 3 2 3 4 5 5 4 4 2 3 1 1 5 3 2 3 1 5 1 1 2 4 1 4 1 3 5 5 2 5 3 2 3 3 1 4 3 3 1 2 1 4 4 4 4 4 3 5 2 5 5 5 3 3 4 1 2 1 4 3 2 3 1 4 5 2 2 5 5 5 5 5 2 1 2 4 4 5 2 2 3 3 5 4 2 1 4 3 5 4 4 1 3 5 5 4 3 1 4 1 1 1 3 3 2 2 1 2 1 1 3 5 2 2 2 5 3 1 1 2 2 1 5 2 1 3 3 3 3 1 5 4 3 1 4 2 5 4 2 4 4 4 2 3 5 1 3 1 4 3 5 2 2 2 3 2 3 1 1 5
2 4 2 3 2 4 2 2 1 1 2 2 1 1 4 1 3 5 5 4 3 2 1 3 3 3 2 3 4 5 2 1 2 1 3 4 5 2 1 4 2 4 1 1 2 3 2 4 4 4 3 5 1 2 5 4 4 1 1 1 3 2 1 5 4 1 2 2 3 3 4 2 2 2 1 2 1 2 3 2 5 5 5 3 2 4 4 4 4 1 1 4 1 4 2 1 2 5 3 5 3 3 2 4 5 3 5 5 5 2 3 5 5 2 1 1 2 5 5 4 1 4 4 4 2 3 2 3 1 1 2 4 2 2 4 2 4 2 2 2 3 2 3 1 1 3 1 2 5 3 4 3 1 3 2 1 5 2 3 1 4 5 1 3 2 2 2 1 5 2 4 1 5 3 4 1 1 4 0 4 1 3 3 1 1 1 1 5 5 5 4 2 5 3 4 4 4 5 1 3 3 3 1 2 1 5 4 4 2 1 2 5 1 2 1 2 4 2 2 1 5 4 4 3 4 5 2 4 2 4 1 3 2 3 4 3 2 4 2 3 1 2 5 2 3 3 4 4 3 1 2 2 4 2 1 2 2 2 4 2 2 2 2 4 3 4 1 5 3 2 4 5 1 3 5 5 1 1 3 1 2 1 5 1 3 1 5 3 1 2 4 5 1 3 4 5 3 5 2 2 4 3 1 5 4 4 5 5 1 2 1 4 3 4 4 3 5 3 5 4 4 2 5 2 1 4 5 5 3 2 5 5 5 4 2 2 4 1 1 3 5 1 2 2 4 3 2 1 5 4 3 2 3 2 1 1 3 3 2 2 3 1 2 3 3 2 5 3 3 2 4 5 2 4 3 1 3 2 1 4 2 1 2 1 5 4 5 3 3 3 4 5 3 2 4 4 2 1 2 5 1 1 2 2 2 4 1 3 4 2 1 1 3 2 3 1 5 2 2 5 3 3 3 2 2 2 2 2 2 3 5 1 4 1 2 3 1 1 1 4 5 3 2 2 2 3 4 4 3 2
5 1 4 4 4 3 5 4 5 3 5 5 2 4 2 1 4 4 3 4 3 1 2 1 1 1 4 4 4 5 1 4 3 2 5 2 3 4 5 3 1 5 4 1 3 3 1 3 5 5 2 4 2 5 4 2 2 5 1 2 1 3 2 1 1 3 4 5 4 3 3 5 1 1 3 3 5 4 1 4 2 5 2 4 5 1 1 3 3 1 2 1 5 3 2 1 4 5 4 4 4 2 1 4 4 4 1 4 4 4 2 5 4 2 1 2 1 2 1 3 1 3 1 1 5 4 4 4 1 5 4 2 3 3 5 3 1 4 2 4 3 4 5 2 3 4 5 3 1 1 4 2 5 4 4 1 4 4 2 1 4 4 1 4 2 2 1 4 4 2 5 2 1 5 1 4 3 2 3 0 3 1 3 3 2 5 2 3 5 5 1 1 3 1 4 2 3 4 3 1 5 2 1 2 1 3 3 4 3 4 2 3 4 1 5 3 2 5 2 5 5 4 4 5 5 3 1 3 4 1 2 2 1 3 3 2 5 2 5 5 3 4 5 1 3 1 4 3 3 5 5 1 1 5 2 2 5 2 4 2 4 2 4 1 5 3 3 3 4 2 5 3 2 1 1 3 2 3 4 4 4 5 1 4 1 5 5 4 1 2 4 1 2 5 2 4 4 5 2 4 4 5 5 1 2 4 3 1 2 2 4 4 2 2 1 3 5 4 5 3 3 2 1 4 2 3 5 5 4 5 1 3 3 3 5 2 2 1 5 5 2 5 3 3 2 3 5 3 5 1 5 1 2 3 4 4 1 5 4 1 4 5 1 3 5 4 5 3 2 3 5 4 5 1 1 5 5 3 2 1 1 5 4 3 2 4 4 5 5 2 1 3 2 2 2 2 5 1 3 3 5 2 3 4 1 3 1 4 5 5 4 4 1 5 4 4 3 4 4 2 3 2 3 1 4 3 2 5 4 3 1 5 3 3 3 4 1 3 1 5 1 3 4 4 4 1 3 4 1 1
1 5 1 5 3 3 1 5 4 5 3 4 4 2 1 1 2 5 3 5 1 3 4 5 2 4 5 1 3 1 1 3 3 3 1 2 1 5 5 3 4 3 3 2 1 4 5 5 4 5 3 3 1 1 2 1 1 3 1 4 5 5 3 2 5 5 3 1 2 5 4 1 2 3 3 3 4 5 1 4 1 1 4 1 4 3 4 2 1 3 2 3 4 4 1 3 4 5 2 5 1 3 4 5 1 1 4 5 2 3 3 2 2 5 1 1 2 3 1 1 3 1 5 5 5 4 5 2 5 2 3 2 1 5 4 1 2 4 1 3 4 4 3 1 3 4 4 1 2 3 2 1 3 3 3 2 4 2 3 2 2 4 5 3 3 4 5 5 1 3 1 2 4 3 4 2 2 5 5 1 0 2 5 3 5 5 2 5 4 2 5 1 3 3 3 4 5 2 5 1 3 2 1 3 4 5 4 2 3 1 4 4 3 4 2 5 5 3 4 4 4 1 2 4 3 3 3 4 2 1 3 5 4 3 1 3 4 1 3 4 4 4 3 2 4 1 1 3 4 1 1 3 1 2 3 2 1 3 4 3 2 1 1 4 5 4 1 3 5 2 1 5 5 5 3 3 1 1 4 3 5 4 4 2 3 3 1 3 1 5 3 1 2 2 3 5 3 1 5 3 1 1 2 3 5 1 1 2 1 2 2 2 4 3 2 5 2 2 3 1 2 3 5 2 3 1 4 5 4 2 3 5 1 5 4 2 3 5 4 1 3 4 2 2 3 3 4 4 3 3 1 2 4 4 2 2 1 3 5 4 1 4 4 2 5 4 5 2 3 3 1 3 4 3 1 2 5 2 4 4 1 5 2 1 5 5 2 3 1 4 2 2 1 4 2 4 4 5 1 2 4 1 5 5 1 3 5 1 5 1 2 2 1 5 5 4 3 5 3 1 5 3 5 1 5 3 4 2 5 1 5 3 4 3 2 3 3 5 1 4 1 4 4 5 3 3 4 5 3 4
4 2 2 3 3 1 1 2 3 4 1 5 4 5 1 4 2 2 2 5 3 2 1 3 1 2 5 4 2 5 5 4 5 1 3 1 3 1 1 5 4 3 1 5 1 1 4 2 5 4 4 1 5 4 5 4 5 1 3 2 5 2 2 3 4 4 2 5 1 5 3 4 3 2 3 1 2 3 5 3 4 1 5 1 1 4 2 2 4 5 3 1 5 3 1 3 2 3 1 1 2 3 2 3 2 3 4 2 2 2 1 2 4 1 3 3 3 3 1 2 3 3 5 3 1 2 4 3 1 3 2 2 5 5 5 1 3 1 1 5 4 3 2 2 3 1 5 2 2 5 1 3 5 1 4 2 4 2 2 2 2 1 3 1 5 4 2 4 1 4 5 4 1 2 3 2 2 2 1 3 4 0 4 5 1 3 1 5 5 1 2 5 2 3 3 4 4 2 2 2 1 2 1 4 1 5 3 5 2 5 4 2 2 1 3 4 4 1 1 4 4 3 5 1 4 5 5 3 3 1 2 5 2 2 5 3 3 4 3 3 5 1 5 1 3 1 3 4 2 2 5 1 2 2 4 1 5 4 3 1 3 2 5 5 1 5 1 2 4 1 5 5 2 3 3 5 5 3 2 3 5 4 3 1 4 2 3 1 1 1 3 1 1 1 4 2 4 3 2 4 3 3 2 4 1 3 4 4 2 5 5 1 2 4 1 3 5 5 1 4 1 3 1 1 2 1 5 2 5 1 2 4 3 5 2 3 5 4 5 2 2 3 2 3 5 2 2 2 2 1 3 2 4 5 4 1 4 4 1 5 1 1 4 2 4 3 4 4 2 2 5 3 5 2 5 2 3 2 3 3 2 3 1 2 1 2 1 2 5 1 2 1 2 3 1 5 3 4 4 4 4 1 1 2 2 2 4 1 4 3 5 3 2 3 3 2 5 2 5 5 2 4 3 1 5 1 1 2 2 3 2 4 5 1 3 4 1 1 2 5 2 4 1 2 3 3 3 5 1 4
3 3 4 1 4 4 1 1 1 5 3 2 3 2 4 3 1 4 2 4 4 5 3 4 2 2 3 1 2 4 2 5 5 5 2 2 1 3 1 5 5 2 1 4 3 4 2 2 2 5 2 5 4 4 1 1 1 2 1 4 5 4 2 3 5 1 5 4 1 4 4 5 5 3 4 1 3 4 5 1 4 4 2 2 3 4 2 3 3 1 2 1 3 3 3 1 1 3 5 2 1 2 4 5 2 2 2 5 3 4 1 5 4 1 5 2 4 2 4 2 4 4 5 2 2 2 3 1 5 5 1 5 3 2 1 2 3 4 4 4 2 2 5 3 3 2 5 2 2 4 3 3 2 5 2 2 4 5 2 3 3 4 2 1 1 4 2 3 3 3 4 4 1 3 4 2 2 3 4 4 1 1 0 2 4 5 1 3 3 5 3 3 3 3 4 1 1 3 2 5 5 1 2 1 4 4 3 4 4 4 2 4 2 2 5 2 4 4 5 3 1 1 5 3 2 1 1 3 3 4 3 2 1 4 4 3 1 5 5 4 5 5 4 1 3 1 2 1 2 2 5 2 5 2 3 4 4 1 2 2 5 3 3 4 5 3 2 3 5 5 2 3 4 2 5 5 5 3 1 1 5 5 5 1 4 3 1 5 1 4 4 1 4 2 2 5 2 5 5 2 4 2 5 1 1 2 5 5 2 5 1 1 1 2 3 3 1 2 4 5 2 2 2 1 2 4 4 1 2 3 5 5 2 1 2 3 5 1 5 1 3 4 4 2 5 4 5 5 4 5 4 3 2 5 4 3 2 5 1 5 4 2 4 5 2 2 4 1 4 2 3 5 2 2 4 5 5 1 5 2 3 3 4 1 3 1 5 5 1 3 3 4 5 4 5 5 2 5 1 4 1 4 4 1 1 3 4 1 2 2 4 2 4 2 5 1 3 2 5 3 5 1 4 3 4 4 2 2 2 5 2 1 1 4 2 4 1 2 3 3 1 2 5 4 2 3 2 2 1 5
4 1 1 1 4 1 5 5 5 4 5 5 4 5 3 3 4 4 5 3 1 5 3 5 1 5 3 5 1 5 3 2 3 1 5 4 3 1 4 4 3 2 3 2 5 1 4 5 5 4 4 1 3 2 5 4 3 5 2 5 3 5 3 2 4 5 1 3 5 2 5 2 2 5 5 2 3 4 1 1 3 1 2 1 5 5 3 3 4 5 2 1 4 3 3 5 4 2 4 4 4 4 1 4 1 4 1 2 4 3 4 1 4 4 5 2 2 2 5 5 1 5 2 4 2 4 1 1 3 3 1 4 5 4 2 1 4 2 1 4 3 3 4 1 3 5 3 2 5 3 4 5 3 2 5 3 5 2 1 2 3 3 3 5 5 5 2 3 3 2 3 2 1 5 4 1 5 2 5 4 1 3 5 0 3 1 1 1 4 2 3 4 3 1 5 3 4 3 3 2 1 3 4 3 3 2 2 5 1 3 2 4 2 3 4 1 3 1 3 5 5 2 3 2 3 4 1 4 4 5 3 4 5 4 4 1 5 5 1 4 4 3 1 5 3 3 5 1 5 2 1 1 4 4 3 4 4 1 2 4 4 3 1 1 2 2 1 4 3 5 5 3 3 1 3 4 5 4 3 3 2 5 4 1 1 1 2 1 5 5 5 3 1 3 3 3 2 5 4 3 5 4 5 5 4 2 3 5 1 4 4 2 3 4 2 5 4 3 2 3 2 1 2 3 3 4 4 4 3 4 3 5 1 2 2 5 4 4 3 4 5 4 1 4 5 3 5 5 1 5 4 4 2 5 3 3 2 5 5 2 5 1 3 2 3 1 5 1 2 1 2 4 4 4 1 5 3 1 4 2 3 2 4 4 1 5 2 4 1 1 3 2 5 4 2 5 4 3 3 3 2 1 1 2 2 1 4 1 5 1 1 4 2 3 5 1 4 5 5 5 4 2 2 5 3 2 2 4 1 2 3 4 3 1 5 5 5 2 1 4 2 4 5 4 4 5 1 3 3 1
3 5 5 1 2 3 5 2 3 5 1 5 2 5 1 1 5 1 5 3 2 4 3 4 1 3 1 2 1 4 2 5 2 2 2 3 1 5 2 2 3 5 3 1 5 2 5 4 1 2 3 1 4 4 4 4 2 4 4 2 2 1 4 5 2 2 5 4 5 5 1 5 4 4 4 3 2 4 4 2 3 5 3 1 3 2 2 4 3 2 3 2 1 4 4 5 1 4 3 3 1 4 2 1 1 4 4 1 5 2 2 3 5 5 2 5 2 1 1 3 1 1 2 4 2 2 1 4 2 3 2 5 4 4 3 2 1 3 5 4 5 2 4 1 3 5 2 1 5 1 3 1 5 1 4 3 1 4 2 2 2 3 4 1 4 1 3 1 1 3 2 5 1 5 1 1 3 4 2 5 4 4 1 1 0 2 2 1 2 2 4 5 3 5 4 4 5 3 4 5 3 2 3 4 1 5 4 1 5 4 2 2 4 2 1 4 5 4 4 4 3 3 1 3 5 1 1 1 3 4 1 2 2 1 1 4 3 4 2 5 1 5 3 4 1 1 4 1 3 5 5 3 5 3 1 2 2 3 2 3 4 2 1 2 4 5 3 3 2 3 2 2 4 4 2 2 3 1 4 4 1 3 1 2 4 4 3 4 3 1 5 3 1 3 5 1 3 3 5 2 1 3 2 3 5 1 5 3 3 4 5 4 4 3 3 5 3 4 3 3 3 4 5 3 4 5 1 2 4 3 5 4 5 5 4 4 5 2 4 3 5 3 2 2 5 4 1 1 3 2 5 4 4 1 1 1 1 1 4 3 4 5 3 5 3 2 4 2 3 2 5 5 4 5 5 4 3 1 3 5 5 4 4 4 4 1 5 4 1 1 3 4 3 2 2 2 3 2 1 2 5 1 2 4 2 1 5 4 4 5 4 5 4 4 2 3 5 5 4 4 5 3 2 4 4 1 2 2 3 5 2 2 5 2 5 5 3 5 2 3 5 2 2 2 4 5 1 3 5 1
1 4 3 5 3 3 5 2 5 1 1 5 5 2 2 1 2 4 3 1 3 4 2 2 2 5 3 3 4 4 3 1 1 1 4 3 4 1 1 2 1 3 2 2 1 5 2 2 5 1 4 3 5 2 1 5 4 1 1 5 2 3 2 2 3 1 1 1 4 4 4 1 1 5 3 4 5 3 3 2 2 5 4 1 2 4 4 4 1 2 5 3 1 1 5 2 2 5 2 3 4 4 4 2 3 4 2 5 4 1 1 1 5 1 1 2 4 4 5 5 1 2 5 5 2 2 3 4 3 1 1 1 1 5 4 4 3 3 4 2 3 3 1 4 1 2 1 2 2 1 2 1 1 4 5 2 1 4 1 3 3 1 3 4 5 3 5 2 5 2 5 3 3 5 2 1 5 5 4 1 3 1 2 1 4 0 4 4 3 4 4 1 1 3 4 4 1 1 5 2 4 1 3 1 3 5 2 1 4 3 4 1 2 1 2 1 2 2 3 3 4 1 4 4 3 2 1 4 5 3 3 5 1 1 1 4 5 2 2 2 4 1 5 2 1 2 4 3 3 4 5 5 1 3 2 1 3 1 3 1 2 2 2 3 2 3 2 1 4 4 5 5 4 1 5 2 2 2 1 4 2 5 2 3 2 5 1 4 4 1 5 4 4 4 2 5 3 3 2 1 3 1 4 2 5 3 2 5 4 5 3 1 2 2 1 3 1 3 4 1 3 4 3 3 2 4 1 1 4 4 4 4 2 4 5 1 4 2 3 4 4 3 3 4 5 4 5 3 3 3 1 1 1 4 1 4 2 2 3 2 2 2 3 4 5 2 1 2 3 2 3 3 3 5 3 5 5 1 5 4 3 1 5 2 2 4 2 1 4 5 4 5 4 5 4 5 4 5 5 3 1 1 2 5 2 2 1 2 5 5 3 3 1 3 1 4 4 5 3 4 2 5 2 5 2 2 4 5 1 4 1 5 3 1 4 1 3 2 1 5 4 3 5 4 3 5 1 1 1 4
4 5 2 2 3 2 2 5 2 4 5 3 1 3 2 1 2 5 4 2 2 5 2 5 1 3 2 4 1 1 5 2 2 1 4 2 5 3 5 2 4 2 2 1 1 2 3 1 5 3 1 5 1 1 3 3 1 1 1 1 2 4 4 5 4 2 5 3 3 4 5 4 1 1 4 2 1 4 3 5 2 2 1 3 4 4 4 2 3 2 4 4 1 5 1 2 4 4 4 5 2 1 2 2 4 1 5 3 1 3 2 4 5 5 3 5 1 1 3 5 2 4 5 5 4 5 5 2 2 1 2 1 1 4 4 1 4 2 4 2 5 4 4 4 3 3 4 4 5 2 4 3 3 3 3 1 4 5 3 1 4 4 3 4 5 2 1 4 3 3 5 2 2 5 1 2 1 4 1 3 5 2 1 4 5 1 0 4 1 1 5 2 2 2 1 2 2 2 5 2 5 3 4 3 1 2 3 2 4 4 1 4 3 2 3 5 1 1 2 3 1 2 1 3 4 2 1 3 5 4 2 2 3 1 5 4 1 4 2 4 2 4 1 4 5 2 2 2 4 5 1 5 1 3 2 1 3 1 3 3 1 3 3 2 4 3 5 5 2 5 2 1 2 3 1 2 2 3 3 2 4 3 3 5 3 3 4 3 2 5 1 1 1 1 5 4 3 4 3 2 5 4 4 5 5 5 1 5 3 4 4 2 1 4 4 3 1 2 4 4 2 5 3 5 2 2 2 2 3 4 2 1 5 4 5 1 3 3 3 4 2 4 2 3 1 1 5 2 4 4 5 4 5 5 4 1 4 5 2 4 1 2 4 3 5 1 5 5 1 2 4 3 2 1 2 4 5 2 1 2 1 1 3 1 3 2 2 1 4 1 2 1 5 2 1 1 2 2 4 3 4 5 3 1 4 2 1 2 1 5 2 3 1 1 4 2 2 2 5 3 2 1 2 1 5 3 3 5 2 2 4 5 4 4 3 2 4 5 3 1 4 4 4 3 2 2 2 2 1 2
2 1 4 2 1 1 1 2 5 1 4 5 5 1 3 4 5 3 3 2 4 1 1 1 3 4 3 4 3 1 5 4 4 5 4 4 5 3 3 3 1 2 4 4 2 3 5 4 1 1 2 4 5 2 1 3 5 5 4 3 1 1 3 2 5 2 1 5 4 4 1 2 5 2 1 3 2 2 3 5 4 5 5 1 3 3 1 5 4 4 3 2 3 3 4 5 2 3 4 3 3 1 3 5 4 1 1 2 5 4 3 3 4 2 5 5 5 2 3 2 4 4 4 5 1 4 3 1 3 1 1 5 1 1 1 4 2 5 2 3 5 2 1 3 1 3 5 5 5 1 3 5 1 3 1 2 5 5 2 4 4 1 3 2 5 4 5 5 2 2 3 3 1 4 3 2 2 4 3 3 2 1 3 5 3 4 3 0 4 5 2 3 1 4 5 4 5 1 5 2 3 3 2 5 3 1 1 5 1 4 4 3 3 3 3 1 1 4 3 5 1 2 4 2 4 4 5 2 1 3 1 2 5 4 5 3 3 5 5 2 3 5 4 3 5 1 4 4 2 1 2 2 1 3 5 5 1 2 4 5 2 5 1 5 4 1 2 3 3 3 3 4 5 4 3 4 2 4 3 3 3 1 4 5 2 4 3 2 3 2 2 2 3 3 2 1 1 4 2 4 1 3 2 5 3 5 1 3 1 1 2 4 2 3 4 2 5 3 5 5 5 1 4 3 4 4 2 1 5 1 1 2 4 5 1 1 3 4 2 4 4 2 2 4 5 2 1 4 3 3 3 4 1 4 2 4 5 5 2 2 3 5 4 3 3 2 5 2 2 2 5 3 3 1 2 5 4 2 5 1 1 4 2 5 3 1 3 3 3 3 4 2 2 2 3 2 3 5 3 3 3 4 3 1 2 1 1 1 2 4 5 4 5 4 2 4 2 2 5 1 2 4 1 1 2 2 2 4 5 4 3 3 2 3 1 4 2 5 4 5 1 3 5 5 2 2 1 3 5 4
4 1 3 5 5 5 5 5 4 2 5 5 3 4 3 4 1 5 1 4 2 2 5 5 2 1 1 1 2 5 4 2 5 4 2 2 2 5 2 5 2 3 1 2 1 5 2 4 1 4 1 4 5 2 5 3 2 5 3 3 1 2 5 1 3 2 5 1 3 3 5 2 2 5 3 1 4 2 4 4 4 3 3 4 1 3 4 5 2 1 4 3 1 1 1 2 1 3 2 4 3 2 3 5 1 1 1 4 4 1 4 5 4 4 1 3 4 4 5 2 4 5 5 2 1 1 4 2 1 4 2 4 4 5 1 3 1 1 3 5 4 1 3 4 2 1 5 2 1 4 4 5 1 1 2 5 3 3 2 1 2 5 1 5 3 5 2 1 1 5 2 1 3 3 5 3 1 4 2 1 5 2 2 5 3 3 3 2 0 1 5 1 2 4 1 3 5 3 5 4 2 5 4 1 1 2 4 2 3 4 3 1 2 2 1 4 2 2 1 2 2 2 1 3 2 1 3 1 4 3 2 5 4 5 5 2 5 5 2 1 1 2 2 5 3 4 1 1 5 5 2 2 4 5 5 3 4 4 5 2 2 3 5 4 1 3 4 5 4 1 5 1 1 3 2 4 3 5 1 4 4 4 3 1 3 3 5 5 3 5 2 2 5 1 4 2 2 3 5 3 3 5 3 3 2 1 5 5 3 5 5 4 5 4 3 5 3 2 4 3 1 3 4 3 4 3 2 1 4 5 4 1 4 4 3 2 2 4 4 1 4 4 3 5 1 3 4 4 1 4 4 2 1 4 1 3 5 5 5 5 2 3 2 2 2 4 1 5 4 4 4 2 2 5 1 3 1 2 4 5 4 4 4 4 1 4 1 1 3 2 1 5 5 3 1 5 3 2 5 3 1 1 4 4 3 5 3 3 5 3 5 1 1 2 5 1 1 1 5 3 4 5 2 3 1 1 5 1 4 2 2 1 5 1 2 1 2 1 2 2 1 1 3 1 4 1 2 2 5 3
3 3 2 3 4 5 5 1 5 2 4 3 5 2 3 4 3 1 1 2 1 3 4 2 2 5 5 3 1 1 2 3 2 1 4 3 5 3 1 5 3 5 3 2 3 1 2 5 3 4 1 2 3 1 3 4 3 1 2 1 4 1 3 3 3 4 5 5 2 2 5 2 2 2 1 1 5 5 2 4 5 1 1 2 4 1 4 3 4 5 4 4 3 1 1 4 1 4 4 3 3 1 3 3 5 3 5 3 4 4 4 4 3 2 1 5 2 4 5 5 1 4 3 3 4 5 1 2 3 3 2 1 4 4 5 5 4 1 2 3 3 3 1 3 4 5 4 4 3 2 3 5 4 3 2 5 3 5 4 1 3 3 2 1 3 4 3 1 4 5 2 3 1 2 1 1 4 5 4 4 2 5 5 5 4 2 4 4 1 0 4 2 4 5 2 2 3 5 2 1 4 4 1 4 1 4 2 4 5 4 4 2 1 1 5 3 3 5 4 4 1 1 1 3 5 4 5 2 4 1 1 2 2 4 2 2 2 3 1 5 4 4 3 4 2 4 5 1 5 3 3 5 2 5 3 2 4 5 3 2 4 3 2 3 2 4 3 4 2 3 1 3 3 4 1 1 1 5 2 3 3 3 3 4 2 3 2 2 4 4 3 2 4 1 5 1 1 2 1 2 1 3 3 4 2 2 3 1 5 5 4 2 5 2 3 2 3 2 3 2 4 4 3 1 2 4 2 4 3 4 2 3 1 4 1 2 5 5 3 3 1 5 1 4 5 2 4 2 4 3 2 4 2 1 1 3 1 2 3 3 4 1 4 5 3 4 5 5 2 3 4 4 4 3 4 5 1 2 1 1 5 5 2 2 4 4 3 3 1 5 3 3 4 5 5 1 3 2 2 3 3 5 1 2 2 4 3 1 1 4 2 3 2 1 1 3 1 5 1 4 2 2 1 3 1 5 5 4 3 1 3 1 5 4 5 2 5 4 4 3 2 2 5 1 1 1 3 2 3 1
3 5 4 3 4 5 2 4 5 3 3 2 1 2 2 3 4 5 3 3 1 2 2 5 4 4 1 1 3 1 2 4 5 2 4 1 1 4 1 5 5 5 5 2 3 1 5 3 2 4 2 2 5 5 2 2 1 2 3 2 4 3 5 2 1 2 1 5 1 5 1 1 3 5 2 2 2 3 4 5 2 1 3 1 1 5 1 4 1 1 1 4 5 3 2 2 2 5 1 2 1 5 4 3 3 4 1 3 3 3 4 5 4 1 5 1 2 3 2 1 3 2 1 4 1 5 2 5 5 1 3 2 1 1 2 2 1 3 5 1 5 1 2 2 3 1 3 3 4 3 1 4 1 2 3 2 5 4 2 3 5 3 3 1 4 5 3 3 2 3 4 1 4 1 1 1 3 1 5 5 2 3 2 1 1 1 2 3 4 4 0 1 5 2 5 4 3 2 5 2 2 5 3 5 2 2 1 2 2 2 2 2 3 4 4 2 3 4 5 3 3 4 5 5 2 4 3 3 4 3 2 5 2 5 3 3 4 1 4 5 4 2 1 4 1 3 1 1 4 5 3 1 2 2 2 2 2 4 2 1 5 1 2 5 5 3 2 2 1 2 1 1 2 5 3 1 2 4 3 3 3 4 5 3 4 3 1 4 2 3 3 1 4 3 1 2 4 1 4 2 5 3 5 3 2 2 3 4 2 1 5 4 1 4 2 3 1 1 3 4 1 2 4 4 2 2 1 4 5 5 3 1 5 4 2 2 2 2 4 4 1 3 4 1 5 2 4 1 1 2 5 5 5 3 4 4 4 5 5 3 4 3 4 5 3 4 2 5 3 2 5 3 3 2 1 2 1 1 3 4 2 4 3 4 3 4 5 1 3 1 1 2 5 3 1 2 3 2 2 2 1 5 5 1 3 2 2 1 5 2 2 4 1 2 3 2 1 2 3 2 1 1 5 4 5 1 2 4 3 2 4 5 5 3 2 5 3 1 3 4 4 5 4 2 5 2 1 1 2 4
2 2 5 2 5 2 2 5 1 2 2 3 1 5 3 3 4 2 4 3 3 2 4 1 2 3 4 5 5 4 1 4 5 4 4 2 2 4 5 3 2 1 3 4 4 5 4 5 2 4 2 1 3 5 5 3 4 4 4 2 5 5 4 3 1 5 3 2 3 5 5 5 3 3 4 1 2 2 4 4 5 4 1 3 4 3 4 1 1 5 1 4 4 5 2 1 3 1 4 3 1 3 3 1 1 4 1 3 5 2 1 4 5 4 4 2 4 1 2 2 3 5 1 1 3 1 4 2 4 2 1 3 3 4 5 1 2 3 1 2 4 2 5 5 2 3 3 3 3 3 3 4 3 5 4 1 4 5 4 2 4 5 4 4 2 2 1 5 5 1 3 2 5 5 3 5 4 4 3 2 2 1 1 3 5 1 5 3 2 2 4 0 4 1 4 4 4 4 2 1 4 5 3 2 3 5 1 5 1 4 3 4 3 2 4 2 4 2 1 1 2 1 4 4 1 1 4 1 4 1 1 4 4 5 1 2 1 1 3 5 4 3 4 4 4 1 1 2 2 4 2 3 3 3 2 4 3 3 5 4 5 2 3 2 5 2 5 3 4 4 4 2 5 4 5 2 4 4 4 3 1 4 2 4 1 3 1 4 5 1 4 4 2 2 3 3 4 4 4 4 2 2 1 1 3 5 1 3 5 3 2 1 4 3 2 1 1 5 2 5 1 1 1 3 4 4 1 5 4 2 3 4 1 1 1 5 3 2 1 3 5 4 1 2 3 3 2 3 1 5 4 2 5 4 4 2 4 3 2 4 2 5 3 3 5 4 3 2 3 4 1 4 3 2 5 3 1 4 3 5 1 4 2 2 1 4 3 1 3 5 5 3 1 2 1 4 2 2 2 4 4 3 4 2 4 2 5 4 2 1 1 4 1 5 5 2 3 5 3 5 3 1 5 2 3 5 2 3 5 1 3 3 4 4 1 1 1 4 4 2 2 5 3 5 1 4 1 1 5 3
2 3 2 3 1 1 3 3 4 5 1 2 4 3 1 1 2 4 3 1 3 1 5 2 3 2 3 2 4 5 2 5 3 4 1 4 2 4 3 4 3 1 2 5 4 2 1 4 2 4 3 2 3 1 4 5 3 2 4 1 2 1 5 4 2 1 1 1 5 1 3 1 3 2 3 5 3 4 3 1 3 2 3 1 2 1 2 3 2 2 3 3 4 1 2 4 5 1 2 2 1 2 2 2 5 3 5 2 4 1 3 4 1 4 3 3 2 1 4 3 3 4 3 1 4 4 3 3 2 1 2 4 4 2 3 3 1 3 4 3 5 3 1 5 4 3 2 1 1 5 5 5 2 2 2 3 2 3 1 1 3 1 5 5 5 1 1 4 2 3 5 2 2 4 5 5 2 5 3 2 5 2 4 1 3 1 3 2 5 1 1 5 0 2 3 1 1 1 5 1 2 4 1 4 4 3 4 5 2 5 1 1 1 4 2 5 4 4 5 2 4 3 3 4 3 3 5 3 1 4 4 2 5 1 1 2 1 4 3 3 4 3 5 5 3 3 5 3 3 5 3 1 3 3 3 1 5 3 4 4 5 4 3 1 4 4 5 4 3 2 3 5 3 3 4 1 1 1 3 1 5 4 2 1 1 5 2 4 2 2 3 4 4 2 3 4 2 1 3 4 4 3 4 1 5 4 4 2 3 1 5 3 5 2 4 2 1 3 4 2 5 2 2 4 4 1 2 2 1 3 4 1 4 4 3 4 3 3 5 5 1 1 4 4 2 1 1 2 1 3 3 3 1 4 4 2 2 2 2 3 2 5 1 1 5 3 2 3 2 2 4 2 5 3 2 1 5 3 1 1 3 1 5 5 5 4 2 1 4 4 1 4 2 2 5 2 5 1 4 2 1 3 4 4 2 3 5 2 3 3 5 1 2 2 3 1 1 5 1 1 3 1 2 5 5 1 4 1 1 3 1 3 4 4 5 2 2 5 4 2 2 2 3 1 2 5 5 3 1 3
2 5 2 3 1 1 1 1 2 1 5 2 1 2 2 1 2 3 1 1 4 3 3 4 4 4 3 4 5 1 1 5 4 3 2 1 2 3 3 1 5 1 2 4 2 5 3 2 4 4 2 2 5 3 1 1 5 1 4 4 4 4 4 3 5 1 4 3 4 3 2 1 4 4 1 1 2 1 3 2 5 1 3 4 1 2 5 3 3 1 4 4 5 5 1 5 5 2 2 5 4 1 1 5 5 4 5 5 1 2 3 3 4 3 2 4 5 1 1 5 3 3 5 2 1 4 2 4 5 5 5 2 5 1 3 4 3 4 2 1 2 3 2 3 2 2 5 1 4 3 1 3 3 2 2 1 4 2 3 3 3 1 1 4 2 3 5 3 2 4 4 5 3 4 2 2 5 5 1 2 4 4 1 1 1 2 1 3 2 4 2 3 2 0 1 3 4 4 1 5 5 3 1 5 4 5 2 2 2 4 4 4 4 4 3 3 1 5 5 5 1 3 2 2 3 2 3 2 1 4 1 4 3 5 4 1 1 4 5 3 3 5 5 5 2 4 4 3 4 5 1 5 2 4 4 5 5 4 4 2 2 2 5 2 3 1 2 4 1 2 2 1 1 4 4 3 3 4 3 1 1 3 3 1 1 1 4 2 2 5 1 5 5 1 5 3 4 3 1 3 5 5 2 3 4 1 2 4 2 4 2 5 5 3 4 3 1 4 4 2 4 3 5 3 4 4 1 2 2 5 3 3 4 4 1 1 3 3 3 4 5 4 1 2 5 5 5 2 5 3 5 5 3 2 3 3 1 5 3 5 4 4 3 3 1 3 4 4 3 2 1 3 4 3 5 2 5 1 3 3 5 2 4 3 4 3 2 4 3 2 3 3 2 1 5 2 2 4 3 4 1 3 5 1 2 4 5 3 3 2 1 4 1 5 2 2 5 4 4 3 3 1 5 3 4 3 4 5 3 3 1 4 5 1 3 2 4 4 4 3 1 4 4 1 3 5 3 1 4 1
3 4 2 2 2 1 2 1 5 1 4 3 4 1 4 1 2 5 5 4 1 1 2 3 3 5 3 2 2 3 5 5 4 5 5 2 3 3 4 1 1 1 3 1 3 2 5 3 1 4 5 4 4 2 5 5 5 4 2 3 4 1 3 3 2 2 1 1 3 3 2 4 1 2 2 4 2 3 4 4 5 5 3 1 3 4 2 4 4 3 4 2 5 1 2 5 3 1 4 3 1 2 2 3 4 4 1 1 5 1 4 4 4 4 3 4 3 4 5 4 1 2 4 3 3 3 1 3 4 4 3 5 4 2 2 4 4 1 4 1 3 2 3 3 3 3 4 3 2 4 4 5 4 4 5 5 1 2 4 1 2 2 3 4 4 4 5 2 1 3 1 4 5 5 5 4 1 3 3 2 2 5 3 5 5 3 1 2 2 4 1 1 5 4 0 4 1 5 2 2 5 3 2 3 1 5 1 1 1 1 1 4 2 2 3 2 3 4 4 5 3 4 1 1 5 2 1 4 3 3 3 3 2 5 5 4 5 4 4 1 5 4 2 1 1 1 3 2 3 2 4 5 3 4 3 3 2 3 2 4 3 2 5 2 4 2 5 4 3 1 3 2 4 5 3 2 4 5 1 1 2 4 3 4 4 2 5 4 4 4 3 5 4 3 1 3 1 5 1 1 1 3 5 5 2 2 4 3 5 2 1 4 3 3 4 2 4 3 3 3 3 2 3 1 1 5 5 2 4 1 1 1 2 3 5 4 5 3 5 5 3 1 4 2 5 3 2 2 5 5 3 2 1 4 2 4 4 2 4 4 1 5 4 2 4 2 5 2 3 4 5 5 4 5 1 2 5 4 4 1 3 2 3 1 5 5 2 2 5 5 1 3 1 2 4 2 4 2 4 2 3 4 5 3 2 3 1 3 4 1 4 1 4 4 2 3 1 1 3 5 2 5 2 3 1 1 3 3 2 3 2 2 3 2 5 5 2 4 3 3 5 3 3 2 2 4 3 5 5 5
4 3 2 4 3 2 4 3 2 3 4 2 2 5 1 4 2 1 1 4 3 4 2 2 4 3 3 5 3 1 1 3 1 2 3 1 2 5 1 1 1 4 3 5 4 2 4 3 4 4 4 5 4 4 1 4 3 1 3 3 4 4 5 1 1 1 5 4 3 5 1 5 2 4 3 2 5 4 1 5 1 4 4 1 4 5 3 5 3 2 4 2 1 3 5 1 1 5 2 3 2 4 2 5 5 4 1 3 4 3 3 5 1 4 2 3 4 2 2 4 3 1 5 5 3 3 2 3 2 5 5 1 5 4 3 4 4 3 4 3 3 4 4 1 1 5 4 5 5 5 1 4 4 3 4 2 4 2 2 1 3 3 3 2 4 4 2 3 2 3 1 1 4 1 5 3 1 3 4 3 3 1 4 1 2 5 3 3 3 4 4 2 2 1 4 0 2 1 4 1 1 5 3 1 4 5 2 2 4 5 1 5 1 2 3 5 2 2 3 5 4 4 2 1 5 2 2 1 2 5 1 3 1 2 4 1 4 1 1 5 2 4 3 1 1 3 5 3 3 1 1 3 1 3 5 5 3 2 2 5 1 4 3 3 1 1 2 1 3 1 3 5 2 2 2 1 3 1 3 4 1 5 4 2 4 2 4 4 4 4 3 4 2 1 1 1 3 2 1 4 2 3 3 2 5 3 3 4 4 4 2 2 4 1 1 1 1 5 3 2 4 3 2 5 1 5 4 3 2 3 4 2 4 4 4 2 4 4 1 5 2 4 4 2 1 4 5 5 2 5 4 1 1 2 5 1 5 5 4 4 4 4 5 1 4 1 3 2 4 1 1 1 1 2 4 5 3 3 5 4 2 4 4 5 2 1 4 2 3 3 4 5 1 1 2 5 5 2 2 5 1 2 5 5 2 4 3 2 2 5 5 2 4 5 5 2 4 1 1 5 4 4 3 1 3 2 3 1 5 3 4 1 4 2 5 4 2 4 2 5 2 2 4 4 5 5 2 2 3 4
2 1 5 2 5 1 1 3 3 5 1 5 3 4 1 4 5 1 5 3 4 1 3 3 1 1 5 5 4 3 1 1 5 3 3 1 4 4 5 4 1 3 5 2 4 3 2 4 1 3 5 2 1 4 1 1 5 4 3 5 1 1 5 1 3 2 3 2 1 1 5 3 1 1 5 2 1 5 2 4 2 3 2 1 5 1 5 3 2 3 4 1 2 2 2 1 4 4 3 4 2 5 4 3 5 3 2 2 5 1 2 5 2 1 4 2 4 4 3 4 4 3 1 2 2 3 1 1 3 5 1 5 1 4 1 3 1 3 1 3 2 4 3 4 1 4 2 4 2 4 3 2 3 5 1 1 1 1 3 4 2 5 2 3 3 1 1 5 3 3 5 2 5 2 2 5 5 3 4 3 4 1 3 3 5 1 4 3 1 1 2 1 1 2 2 4 0 2 2 3 5 5 3 2 1 1 2 4 4 5 1 1 4 2 5 4 5 2 4 5 4 3 2 5 4 1 5 3 3 5 4 1 2 3 3 4 2 5 4 4 4 3 1 1 2 3 5 5 3 5 5 5 4 3 1 5 1 1 2 2 2 3 5 4 4 3 3 5 5 4 3 5 2 2 5 1 4 1 1 1 3 5 3 3 4 3 1 4 5 2 1 5 5 4 3 4 1 1 5 1 5 4 4 3 5 5 5 4 4 1 5 4 3 2 2 4 3 1 4 3 3 4 2 5 4 1 1 2 2 1 5 1 5 3 4 1 4 2 4 5 5 4 2 5 1 3 4 1 2 1 4 4 1 5 3 2 4 2 3 4 3 2 2 1 1 3 4 5 1 1 1 2 2 2 3 5 1 2 5 1 3 5 3 3 3 4 4 5 5 5 2 2 4 2 5 5 2 2 4 1 3 2 5 5 4 4 2 3 2 4 2 4 1 4 1 4 5 5 5 2 3 3 3 3 1 4 4 1 3 3 4 3 1 3 5 2 1 3 3 1 4 2 5 4 1 2 5 5 4 5
2 2 1 1 3 3 4 3 5 5 2 2 2 3 4 3 3 3 4 4 3 1 3 2 4 3 3 1 2 1 3 2 3 1 2 3 2 1 5 3 1 3 2 5 4 3 1 3 1 2 3 5 1 1 1 3 3 3 5 5 1 4 4 5 2 1 4 2 4 4 1 5 4 5 2 4 4 1 5 3 5 1 2 4 3 4 2 1 3 2 1 5 2 2 1 3 3 4 5 5 4 1 2 1 3 2 4 3 1 1 4 3 3 1 3 5 1 1 1 2 1 5 5 2 5 3 5 4 2 3 2 1 4 2 1 4 1 1 2 4 4 3 1 3 2 2 3 3 5 5 1 3 5 4 2 5 4 4 3 3 5 4 3 1 2 4 2 1 5 3 2 2 3 2 3 1 2 4 4 4 2 4 2 3 5 4 4 5 1 1 2 2 2 5 2 4 3 0 5 5 3 3 4 1 3 3 2 1 1 1 1 1 3 2 4 2 3 3 4 3 2 3 4 3 4 3 4 4 1 4 1 2 4 4 1 3 5 4 4 3 4 1 4 3 2 2 4 5 2 1 1 5 5 1 5 4 3 3 5 4 2 3 4 3 5 1 1 4 1 1 5 5 3 3 4 4 4 3 4 1 3 4 3 3 4 1 3 5 3 3 2 3 3 4 3 5 2 5 2 3 1 1 5 2 4 2 4 2 4 3 5 1 2 1 4 3 2 3 2 1 3 3 4 4 1 3 1 5 5 5 2 5 2 2 2 3 2 2 5 4 2 3 3 4 5 4 1 3 1 4 3 2 5 5 4 1 4 1 5 4 3 5 2 3 3 1 2 3 3 3 4 4 1 2 2 4 1 1 5 4 3 1 2 2 2 2 5 4 3 3 5 1 1 4 1 2 3 4 4 4 3 5 4 1 2 4 1 4 4 3 5 4 4 5 1 4 1 4 5 4 4 2 5 2 2 5 5 5 5 1 4 2 5 3 1 4 1 1 1 5 5 3 2 3 1 5 4 4 2 5
4 3 3 4 2 4 3 2 3 4 3 1 4 2 1 3 4 4 1 3 2 4 3 2 4 5 2 4 5 2 3 2 1 5 5 1 2 5 4 5 4 2 1 3 2 2 4 1 3 1 3 3 1 5 2 1 4 2 1 2 1 5 4 4 4 3 3 2 2 5 4 3 3 1 3 1 5 1 4 1 1 5 4 4 5 2 5 1 4 3 3 2 1 2 1 4 1 2 4 4 3 4 4 4 3 2 2 4 4 1 4 1 1 3 1 4 3 1 4 5 2 3 3 4 5 5 5 3 4 1 1 2 1 1 2 5 1 1 1 1 4 2 1 4 4 2 4 4 2 2 5 4 5 1 2 4 3 2 4 3 5 4 2 1 4 1 5 2 1 1 4 2 1 5 5 3 2 3 2 3 5 4 4 2 1 3 1 4 3 2 1 2 5 3 2 3 4 3 0 2 2 5 1 1 3 2 4 2 4 3 3 3 4 2 4 2 2 1 3 5 5 3 1 5 1 5 2 2 2 1 1 3 2 5 1 4 2 2 5 3 2 1 3 3 3 2 3 2 2 5 1 1 2 1 1 5 4 3 3 5 2 5 2 1 2 2 3 3 2 2 4 1 1 3 1 5 5 5 2 2 1 4 2 4 1 1 1 3 1 3 2 3 3 4 2 5 4 5 3 3 2 3 4 2 4 5 5 2 1 4 1 4 3 3 1 2 2 1 2 1 5 1 3 4 5 5 3 3 4 4 4 1 1 5 2 3 2 2 5 3 1 1 4 5 2 5 5 1 1 2 3 4 2 5 4 4 3 2 3 2 1 5 1 1 4 1 3 4 3 4 3 3 4 2 1 2 4 1 4 2 1 4 1 3 1 4 1 5 2 3 2 2 4 3 5 1 1 2 3 2 5 1 3 3 4 4 3 2 5 4 3 2 2 5 2 3 5 3 1 4 2 1 5 3 5 5 1 4 2 4 3 3 1 4 4 5 4 3 3 2 5 5 4 5 2 4 5 2 4 2
4 5 3 3 1 3 2 4 3 3 3 5 5 4 1 2 3 2 5 3 5 4 5 1 2 5 3 5 3 1 1 5 3 4 2 1 1 1 2 2 1 3 1 4 2 4 5 4 4 2 2 3 5 3 3 4 1 1 1 3 3 2 1 1 2 4 5 5 5 2 1 2 4 4 4 1 4 5 4 5 4 2 5 3 4 2 5 4 4 3 4 1 1 5 5 1 2 3 2 4 4 4 3 2 5 2 1 5 5 3 1 1 3 1 1 5 4 4 2 3 3 3 4 1 4 1 3 1 2 3 4 1 2 5 1 2 1 4 1 5 1 3 5 5 2 1 3 1 2 5 5 4 3 5 4 3 4 4 1 4 1 1 2 4 3 4 3 3 1 1 2 3 5 5 5 3 1 5 2 3 2 2 5 5 2 2 5 2 4 3 1 3 2 2 2 3 4 3 1 0 5 1 2 1 2 2 2 4 5 2 4 2 2 5 5 5 3 2 1 3 1 4 5 4 2 4 1 4 4 1 1 1 2 1 1 1 5 4 2 2 1 4 1 2 2 4 5 4 1 1 2 1 1 2 1 2 4 3 3 4 5 4 5 2 5 3 1 1 3 3 5 5 3 1 1 3 3 4 2 4 4 5 3 4 4 5 5 3 1 4 3 4 5 2 4 1 2 2 1 4 2 1 4 4 1 1 5 3 1 1 1 5 1 2 2 1 3 2 1 2 3 5 5 2 4 4 4 3 1 5 4 1 2 5 3 4 3 3 2 2 3 2 1 2 3 1 3 4 2 4 1 3 5 1 2 1 5 3 4 1 2 2 1 3 3 4 1 4 4 4 4 1 1 2 1 1 2 2 5 5 2 1 5 4 2 4 5 3 2 5 1 2 4 1 5 2 5 4 5 1 1 1 5 4 2 2 5 2 3 2 4 2 3 3 1 2 5 4 4 2 4 5 1 1 1 1 3 5 1 1 4 5 4 4 3 1 3 2 1 5 1 4 5 2 5 1 1 1 2 2
3 5 3 4 4 2 5 2 5 1 2 2 1 2 2 1 1 1 4 1 2 5 5 2 1 4 4 1 2 5 2 4 5 4 1 4 3 4 3 2 2 1 5 1 3 5 5 3 4 4 3 4 4 4 1 5 1 5 5 2 1 3 3 4 5 5 3 3 1 2 2 4 3 4 1 5 1 3 4 4 2 4 4 4 3 3 2 5 2 4 3 4 3 4 2 5 3 3 4 3 2 5 4 3 1 2 3 1 5 1 4 2 5 4 3 5 1 1 1 4 4 2 1 2 4 4 4 3 3 3 3 5 1 3 2 3 3 3 1 2 4 2 4 2 4 4 1 3 1 1 5 2 5 2 2 5 5 2 1 4 3 5 4 5 3 2 5 1 2 4 1 1 1 2 3 4 2 1 4 3 3 1 3 2 2 3 3 1 1 1 4 3 3 2 2 1 4 2 1 4 0 5 1 1 3 3 1 1 5 3 3 4 3 1 4 4 3 2 4 5 2 1 4 4 2 4 1 1 5 3 1 4 4 4 4 4 2 2 3 5 2 1 5 5 2 1 1 5 4 4 4 3 4 2 1 1 4 2 2 4 4 2 3 4 1 4 3 2 2 5 2 4 3 3 4 3 4 1 1 1 4 5 5 1 3 3 1 1 5 4 2 4 4 3 5 3 2 2 4 4 4 2 1 1 4 1 5 3 5 3 4 1 2 1 3 3 1 4 5 2 5 2 5 5 5 2 5 1 2 3 1 4 4 3 5 4 1 4 4 4 4 5 1 1 5 3 1 1 4 4 3 5 4 3 4 4 4 2 5 5 4 5 5 3 4 2 4 1 1 2 4 2 1 1 5 5 1 5 1 3 3 2 5 4 1 4 2 5 1 1 1 5 2 5 4 2 2 2 3 2 1 1 4 5 4 4 3 3 2 5 2 1 2 1 3 4 1 3 1 3 2 1 2 1 3 4 4 1 5 5 1 2 1 1 2 4 1 5 4 3 4 2 1 4 5 1 1 3 5 4
5 4 2 5 4 2 4 3 2 2 4 5 4 5 3 1 4 5 2 5 5 3 2 4 1 3 1 2 2 4 4 5 2 3 5 1 3 2 2 3 5 4 4 4 3 2 3 4 4 4 3 3 4 1 1 3 3 1 5 3 1 1 4 1 4 2 1 1 3 4 4 3 4 4 3 5 2 4 3 2 2 5 5 1 1 2 1 3 3 4 5 5 4 4 3 3 1 5 3 3 1 4 2 2 4 1 4 5 2 1 1 3 4 4 3 2 5 1 2 1 2 4 1 2 2 5 3 3 1 2 1 1 5 3 3 4 3 4 1 2 1 4 3 2 2 2 1 3 3 3 2 1 3 3 2 2 2 3 4 4 3 1 5 5 1 4 1 1 2 3 4 2 5 3 1 4 5 1 2 4 2 2 1 5 1 5 4 1 4 3 5 4 4 3 2 4 1 4 5 2 3 0 4 5 2 5 2 2 1 5 1 5 3 2 1 2 3 1 5 5 1 3 4 4 4 1 3 4 2 3 5 2 1 2 2 2 1 4 4 4 1 4 2 1 5 4 3 1 2 4 2 2 1 1 1 4 5 4 2 4 1 5 2 5 3 3 2 5 5 1 2 1 2 3 1 3 5 4 3 4 2 3 2 1 2 1 2 1 4 4 4 5 3 3 1 4 2 3 2 4 1 5 2 1 4 3 4 1 2 2 5 2 5 2 3 4 4 2 3 5 3 2 2 4 5 5 1 1 1 3 2 2 4 1 2 2 5 2 2 3 5 3 1 2 1 1 3 1 2 3 3 3 5 3 4 1 3 1 1 4 5 4 3 2 4 3 5 4 3 2 3 4 4 1 1 4 4 4 1 3 3 4 2 4 2 1 1 4 3 1 1 3 4 5 2 1 3 1 4 4 4 2 5 2 1 5 4 3 5 2 4 2 4 3 3 4 1 4 1 4 2 3 3 5 4 5 3 2 3 4 4 3 4 4 2 3 1 2 3 5 1 4 4 4 4 1 3 5 4 3
1 2 3 3 1 1 2 2 4 4 1 5 4 1 2 2 2 2 5 5 4 5 5 2 1 3 2 2 1 3 3 5 5 2 5 4 1 2 1 1 5 3 4 3 2 5 1 3 4 2 4 3 3 3 4 2 2 2 1 4 5 4 4 5 1 2 3 1 2 1 4 4 4 3 2 4 2 2 1 5 1 2 1 2 4 5 1 4 4 3 5 2 3 2 5 3 1 2 5 1 2 3 2 3 5 2 1 1 3 2 2 5 1 4 4 3 5 3 1 3 2 3 2 2 3 1 4 3 5 4 1 5 1 4 5 5 2 3 3 2 2 2 1 4 4 4 5 4 4 1 1 2 3 2 1 3 1 3 2 1 4 2 2 1 4 5 5 3 1 3 3 4 1 5 4 5 3 2 5 3 1 4 2 5 5 1 2 4 3 1 5 2 3 2 2 1 3 3 1 1 3 1 0 4 3 2 4 3 2 5 3 5 2 4 1 4 5 4 1 4 4 1 5 3 4 4 3 1 4 5 3 1 4 2 2 3 1 3 3 1 5 1 3 3 2 2 3 2 3 2 2 5 3 1 2 3 2 4 2 1 5 3 1 3 4 4 1 3 5 4 1 5 5 3 5 1 4 4 2 2 5 2 3 5 1 3 3 1 3 4 2 1 4 4 1 4 3 4 2 2 1 5 3 2 5 2 1 5 4 4 1 1 4 4 2 2 5 1 4 5 4 1 5 2 2 4 2 5 3 1 1 4 2 1 1 3 4 4 5 2 3 4 1 1 3 2 5 1 5 5 5 4 5 4 4 2 3 5 4 4 5 1 3 1 3 4 3 5 4 2 1 2 3 2 4 5 5 5 1 4 3 5 2 3 4 4 1 2 5 3 2 3 2 3 3 2 5 2 5 4 3 2 3 4 3 2 3 1 2 3 4 3 2 5 5 4 1 2 3 2 1 1 3 5 5 5 4 3 3 3 5 3 3 3 5 1 3 1 1 2 4 2 3 3 5 1 3 3 3 3
3 3 2 5 1 4 4 5 1 5 3 2 1 5 3 3 1 1 1 3 5 4 1 3 4 3 2 1 3 2 5 5 2 2 4 5 4 2 5 4 3 5 4 3 4 3 5 2 5 3 3 5 5 5 1 5 4 4 2 1 5 5 1 1 3 3 3 2 3 5 3 5 3 2 4 4 3 3 5 5 3 5 3 3 2 4 1 5 3 1 5 2 5 5 1 4 3 1 2 2 3 1 1 1 3 3 1 2 3 1 1 4 1 4 4 3 1 5 4 1 4 2 1 3 4 3 4 3 5 1 2 5 1 5 2 2 4 4 5 5 3 3 4 4 2 2 3 2 4 1 2 2 3 1 5 2 4 3 1 4 3 1 4 5 4 1 5 1 5 1 1 3 2 4 3 2 2 2 3 3 2 2 3 5 5 2 5 2 3 2 5 2 2 4 1 4 2 4 2 5 3 4 3 0 3 4 4 4 2 2 2 4 1 3 2 3 1 5 5 2 5 3 1 5 4 4 4 4 1 1 4 1 4 5 4 1 2 5 4 1 5 1 1 3 3 2 1 2 1 1 2 2 4 3 1 1 2 4 3 2 3 4 1 5 1 5 3 3 5 4 3 4 1 3 5 4 5 4 3 4 5 5 2 4 1 3 2 5 1 5 3 5 3 2 4 1 4 2 5 1 2 4 5 4 4 3 2 4 5 5 1 3 4 4 1 4 5 5 1 5 3 2 5 2 5 1 3 4 3 2 3 2 5 4 3 4 3 3 2 3 4 3 2 1 1 5 2 5 5 1 1 2 4 2 3 1 3 3 3 1 4 1 5 3 5 4 5 2 4 4 5 1 5 2 5 5 5 5 1 1 3 1 4 3 3 1 3 2 2 3 5 4 4 2 4 5 1 2 1 5 1 1 2 5 4 5 4 2 2 1 4 5 2 1 3 4 4 3 3 2 4 4 3 5 5 1 4 4 3 1 4 1 2 1 1 3 1 4 1 5 2 2 4 4 3 1 1 4 1 3
2 2 5 2 1 1 1 1 4 2 2 1 5 5 2 1 3 2 4 3 5 4 4 3 3 5 1 3 3 4 1 5 1 5 5 5 4 1 3 4 3 2 3 5 5 5 1 5 2 2 5 4 4 5 3 1 2 2 1 1 2 5 3 3 4 5 2 2 5 2 4 5 3 2 4 5 1 3 1 4 2 4 3 2 2 4 5 4 1 4 5 4 5 4 2 2 1 5 4 2 4 3 1 3 2 1 5 4 3 3 2 4 5 2 3 4 1 1 5 1 3 1 4 3 1 1 5 2 1 2 3 4 2 4 2 4 4 2 5 5 2 3 4 3 4 5 3 1 4 3 1 1 5 3 5 1 3 4 4 1 3 4 3 2 1 2 5 3 1 1 3 5 5 1 5 3 5 2 2 2 1 2 5 4 3 4 4 4 5 5 4 1 5 3 4 2 4 1 1 4 5 3 1 2 0 2 3 1 5 3 4 1 4 3 3 2 4 3 2 4 3 3 2 4 2 5 5 4 5 5 5 1 4 4 2 3 1 4 2 2 4 1 2 4 2 3 3 5 2 2 3 1 3 5 1 1 2 1 2 2 3 2 5 4 2 1 1 5 4 1 4 3 3 5 3 5 5 1 4 4 4 4 2 3 3 5 3 3 2 4 2 4 5 5 1 1 2 5 4 2 4 3 1 3 4 2 3 4 5 2 3 1 2 4 4 2 4 5 2 1 1 5 1 4 3 1 3 4 5 2 4 1 2 4 3 1 1 4 4 1 2 1 1 1 1 3 2 5 5 3 2 3 4 2 1 4 2 5 5 4 5 2 5 3 5 2 1 5 3 3 4 2 1 1 1 3 4 1 5 2 1 1 3 1 5 5 5 2 5 1 5 3 3 4 1 4 2 3 1 5 4 2 1 3 1 1 1 4 1 5 2 2 1 1 5 4 3 4 4 2 4 5 4 4 2 4 2 3 1 3 1 4 4 2 5 1 5 1 4 4 4 1 3 2 2 4 1 4 5 2
5 2 4 4 1 4 4 4 5 1 1 3 5 5 1 1 4 3 4 3 3 4 5 4 2 4 2 2 4 1 5 2 2 3 5 3 4 2 5 4 1 5 2 4 2 5 4 3 4 3 5 1 4 4 1 2 5 5 2 2 1 4 4 2 2 2 4 3 1 5 5 1 4 1 2 5 1 1 5 4 4 1 4 1 3 5 4 2 2 3 5 3 3 5 4 5 2 5 1 4 2 4 4 4 2 4 5 5 4 1 4 3 2 1 1 3 2 4 3 4 4 2 1 4 1 4 3 5 4 3 5 5 3 4 3 5 3 3 4 4 5 1 1 2 1 3 1 3 4 3 4 5 3 4 3 2 5 1 2 3 1 4 2 3 4 4 1 5 4 3 1 1 4 3 5 1 1 3 2 4 5 3 2 5 2 1 3 3 3 3 4 2 3 2 4 3 2 5 1 2 5 4 3 5 4 0 3 4 1 5 4 2 2 2 3 2 1 2 1 5 2 4 5 1 4 5 3 4 3 4 2 1 3 5 3 3 4 3 4 5 5 2 2 1 4 2 1 4 4 4 5 4 4 2 4 3 5 4 1 4 1 2 1 4 3 2 2 1 1 1 2 3 1 2 3 1 3 4 4 1 5 1 4 2 4 5 2 5 5 1 5 4 5 3 1 4 4 3 4 4 2 3 2 2 2 4 5 4 5 4 1 3 4 3 3 5 5 5 5 4 2 3 5 5 3 3 5 4 4 2 4 4 4 1 2 2 5 1 1 4 3 3 1 4 4 2 4 1 4 3 1 3 1 5 1 4 4 4 4 4 1 3 2 3 5 3 2 5 4 1 2 3 2 3 5 4 4 1 5 2 3 4 2 3 4 1 1 3 4 5 4 5 1 2 1 4 2 3 2 4 1 3 2 1 2 3 3 3 4 5 3 4 3 3 5 4 5 2 2 2 2 4 5 2 4 1 3 2 1 4 3 1 4 3 2 5 4 5 1 4 1 5 4 1 5 5 3 2 2 5
2 1 2 3 1 3 4 2 1 2 3 4 5 2 4 2 5 1 3 3 2 2 5 4 2 3 3 5 4 4 1 4 2 4 1 4 5 3 2 4 2 4 5 5 1 5 2 2 3 3 4 3 2 5 1 5 5 5 1 4 2 2 3 3 2 2 4 2 4 3 4 3 1 3 2 4 4 5 2 1 5 1 4 3 4 1 2 5 1 5 3 3 1 2 4 4 5 2 5 3 4 5 4 2 2 2 2 1 4 2 3 1 5 4 1 2 2 3 1 2 1 4 1 2 3 5 5 5 4 2 3 2 4 1 2 1 3 1 4 5 5 4 5 4 2 3 1 3 5 2 2 3 2 5 4 4 5 1 3 4 5 3 1 5 3 3 5 1 1 5 4 4 5 4 2 1 5 1 3 5 5 3 4 3 5 5 2 5 3 5 3 3 1 1 4 1 5 4 5 1 1 3 3 3 4 1 0 2 5 3 1 3 1 2 1 4 2 5 4 5 4 2 3 1 1 1 3 2 2 4 3 3 3 3 5 3 3 5 4 3 1 5 5 2 4 2 3 5 3 2 1 3 1 4 3 3 3 1 4 1 4 2 2 2 5 1 3 5 4 4 2 5 4 4 4 4 1 1 1 1 5 1 5 4 3 1 5 1 5 5 1 3 5 3 1 3 1 1 1 1 5 4 2 3 1 4 2 5 1 4 4 3 2 2 4 5 2 4 2 4 4 2 5 1 2 4 2 2 1 3 3 1 2 1 2 2 3 1 1 4 5 1 1 5 4 5 1 2 2 1 4 3 1 1 2 3 5 4 3 2 3 4 2 3 5 1 2 4 3 3 4 5 2 3 5 1 5 2 1 1 4 2 5 5 2 4 4 3 3 4 5 3 4 2 4 5 4 3 1 5 4 4 3 3 2 2 3 3 3 3 1 2 1 1 1 1 4 5 3 4 4 1 4 2 5 4 3 1 3 4 4 5 4 2 5 1 1 5 1 5 5 2 1 5 4 5 4 2 3 5
4 2 5 4 4 4 2 2 5 1 4 1 3 3 4 4 4 4 2 1 5 4 4 2 4 5 5 3 4 5 1 2 1 1 2 3 5 5 4 1 5 1 2 2 4 4 2 3 3 3 2 3 5 5 4 3 2 4 1 3 5 3 5 5 5 3 5 1 5 5 5 3 4 4 4 4 5 1 3 2 5 4 3 2 1 3 3 1 1 4 4 3 1 2 4 5 5 1 3 5 2 5 3 5 4 1 5 2 3 2 1 4 2 4 4 3 3 1 1 3 3 2 5 2 3 2 2 1 5 5 4 4 2 3 5 1 4 3 5 1 5 3 2 5 3 1 1 1 2 4 3 1 2 3 2 1 1 1 3 3 3 4 3 2 4 2 5 3 5 4 3 2 5 4 3 5 2 4 2 3 1 4 3 2 3 5 1 2 3 5 3 2 1 3 2 3 5 5 2 5 4 2 1 4 1 4 3 0 4 5 4 4 2 5 1 4 4 2 4 5 5 2 1 5 2 2 3 3 2 2 4 3 1 3 2 2 5 3 5 4 4 2 3 5 2 2 5 5 3 5 1 4 3 4 4 5 4 2 5 3 2 5 3 4 5 3 3 5 3 3 2 5 2 1 5 1 4 1 2 2 5 5 5 2 2 2 1 2 1 3 5 2 4 3 2 5 2 3 5 1 5 2 1 5 2 1 4 3 2 5 2 3 1 1 1 5 5 5 3 3 2 2 4 3 5 5 4 5 1 5 2 5 2 2 3 3 3 2 5 4 3 4 1 1 4 5 3 2 4 2 1 4 4 4 4 1 5 3 2 4 3 4 1 2 2 3 2 5 2 2 5 4 5 4 3 1 5 4 5 5 2 3 5 2 5 2 5 3 1 1 4 1 3 1 4 2 4 1 2 1 2 3 3 2 4 3 3 1 3 2 3 2 1 3 4 4 5 1 3 4 1 4 5 1 2 2 5 5 2 5 1 4 2 1 4 1 3 1 3 5 3 2 4 4 1 1 5 1 2 1
5 3 5 5 4 1 1 3 4 4 4 5 1 4 4 3 1 3 5 2 3 2 4 1 4 3 1 1 4 3 3 4 1 5 5 5 4 4 4 3 5 5 1 5 1 3 4 2 1 1 3 4 5 1 5 4 4 2 3 3 5 5 5 5 2 5 3 4 2 2 4 3 3 5 4 2 3 2 1 4 3 4 4 2 2 4 5 3 1 4 3 2 1 5 1 4 1 3 1 4 4 5 4 5 2 4 3 3 2 2 2 1 4 2 1 1 4 4 1 4 2 3 1 5 5 1 2 2 1 5 5 2 1 2 1 2 2 3 4 3 2 1 4 4 3 5 1 2 2 1 2 3 5 5 4 2 1 2 2 4 5 3 4 1 1 4 1 5 5 2 2 2 4 5 5 3 1 4 5 3 5 5 5 3 2 4 1 4 3 2 2 1 4 1 5 1 2 3 2 2 3 3 2 3 1 2 1 2 0 1 2 3 3 2 1 2 5 4 1 2 5 1 3 5 5 5 2 4 1 3 1 1 4 1 4 3 2 1 2 3 4 1 4 4 2 1 2 2 2 5 5 2 1 1 5 4 5 1 1 4 2 1 4 5 3 4 5 4 3 4 5 2 3 3 1 5 2 1 1 2 2 4 2 3 3 3 2 2 2 3 2 5 2 5 3 2 3 4 1 2 1 5 5 3 3 3 4 2 4 3 5 4 2 2 4 4 5 2 2 5 1 1 5 2 1 3 3 1 5 2 1 5 4 4 1 2 4 5 4 4 3 3 1 1 5 3 2 1 2 3 3 2 3 5 1 3 3 4 4 1 5 4 4 3 2 1 2 4 3 1 4 1 5 4 1 4 2 5 3 1 2 1 2 2 4 5 2 1 1 2 1 2 3 5 4 5 4 1 3 1 1 3 4 1 3 4 5 2 4 4 1 2 1 5 1 3 5 1 2 1 1 3 1 5 1 2 1 4 1 3 4 4 5 2 5 4 4 2 1 5 2 5 4 2 3 3 5 2 1 4
4 1 4 5 5 2 4 1 1 1 2 2 5 4 1 1 3 3 3 3 1 3 2 1 4 3 3 3 3 5 2 4 2 4 4 5 2 3 1 2 2 4 4 3 4 3 4 2 1 3 5 2 4 5 1 3 3 2 1 5 5 2 3 4 4 1 1 4 2 3 3 3 2 4 2 5 5 4 3 1 5 3 4 2 4 5 3 4 2 1 4 4 2 3 3 4 5 3 1 3 3 1 1 5 5 1 5 3 5 2 3 4 5 2 1 2 1 3 3 1 3 4 4 3 4 5 5 5 5 2 4 5 2 1 5 5 2 1 3 3 4 3 4 1 4 4 3 5 1 3 4 4 2 5 1 2 5 1 4 3 4 1 1 1 3 4 1 3 2 2 3 1 2 5 4 3 5 5 4 2 4 1 5 4 3 4 3 4 2 5 1 5 4 2 5 3 1 1 4 3 3 4 3 1 4 4 3 4 1 0 3 1 3 1 4 3 3 2 4 4 4 4 3 2 1 2 3 4 2 3 3 1 3 4 2 4 4 3 1 3 3 5 4 4 2 3 5 3 4 5 5 4 2 2 1 3 4 4 1 3 1 5 5 5 3 1 5 2 3 5 5 2 2 3 2 4 1 1 3 2 3 5 4 5 4 1 3 3 4 4 1 5 5 3 1 1 4 5 1 4 3 3 1 1 5 5 2 3 3 4 4 1 1 4 2 1 3 1 4 2 3 5 3 1 3 5 2 1 4 4 1 5 2 5 4 5 2 5 2 3 4 2 2 5 2 4 3 5 1 2 1 4 1 2 1 4 1 3 5 3 4 1 3 4 2 4 2 2 1 4 5 5 4 2 4 4 2 1 4 1 5 2 2 1 3 3 3 3 4 3 5 4 4 4 3 5 5 1 3 1 3 5 5 3 1 2 1 4 2 2 3 3 3 4 2 3 3 2 3 5 4 3 4 1 1 4 5 3 5 4 4 3 4 4 2 4 3 2 4 4 5 5 3 1 1 2 3 2 4 4
3 2 1 3 5 5 3 4 4 1 3 1 4 5 1 3 2 5 2 4 2 2 5 3 4 3 4 4 4 2 5 4 1 4 1 4 5 2 1 4 1 2 1 4 3 3 2 3 2 5 3 1 3 3 2 2 5 4 5 4 3 3 3 4 2 4 4 1 1 3 2 3 5 3 1 3 2 2 1 5 2 4 5 2 5 4 5 2 2 4 3 4 2 1 2 4 2 4 5 2 3 4 2 4 3 4 2 1 3 2 2 5 2 2 3 3 5 4 1 5 3 3 3 2 3 2 2 3 3 4 2 2 1 4 2 2 1 3 2 1 5 3 1 2 2 1 1 4 3 4 5 1 4 4 4 4 2 1 3 1 4 4 5 4 4 4 2 3 4 2 2 4 1 3 3 2 2 4 4 2 3 1 4 3 2 5 4 4 5 4 2 5 1 2 3 3 3 4 4 2 1 4 2 4 4 3 4 3 2 2 0 1 3 2 5 2 3 2 2 3 3 2 4 1 2 4 5 1 5 2 3 2 5 3 2 2 4 1 4 4 1 5 2 2 5 3 1 3 2 3 4 1 3 5 4 1 2 1 2 1 2 5 3 4 1 2 5 5 2 4 3 5 3 1 2 3 2 4 1 3 1 5 4 4 2 3 2 2 2 3 4 2 5 4 1 5 4 5 3 1 5 5 1 5 5 4 5 2 4 4 5 5 2 4 4 2 1 4 5 4 2 3 3 2 5 3 5 2 4 5 2 3 4 3 3 5 1 5 5 3 3 1 3 3 2 1 1 3 3 3 2 2 2 2 1 2 4 2 5 4 2 3 3 1 3 3 1 2 2 1 4 5 3 5 1 2 5 4 5 5 2 1 5 5 1 4 3 4 5 3 1 3 5 2 4 2 4 5 1 5 2 2 3 5 4 5 3 2 3 3 4 3 3 5 4 4 2 5 2 2 4 3 5 3 1 4 3 2 4 4 4 5 5 4 2 4 2 5 3 4 3 2 2 2 1 5 5 1 5 5
1 5 4 3 2 3 3 2 5 5 1 2 4 5 1 4 3 5 3 2 4 3 2 5 3 1 4 2 5 3 4 1 2 2 5 4 1 2 5 2 2 3 1 3 1 4 4 5 5 3 4 2 2 1 2 4 5 3 2 5 1 2 2 3 2 1 2 1 5 2 4 1 5 4 1 5 3 5 3 1 2 2 4 2 2 5 4 2 2 4 1 4 5 5 2 4 5 2 2 2 1 3 2 2 3 2 1 1 4 1 1 5 5 5 1 1 1 1 3 3 1 4 2 1 5 4 1 5 4 5 2 5 3 2 4 1 2 2 5 5 2 1 1 2 1 1 2 1 4 1 5 5 5 2 3 4 2 4 3 4 2 3 2 3 2 3 4 4 2 1 2 1 2 3 5 1 2 5 4 3 3 1 3 1 1 5 4 3 1 2 4 1 1 5 2 1 2 1 4 4 2 1 3 5 1 3 3 4 5 2 1 0 2 5 5 1 4 5 5 4 1 1 1 2 2 5 2 2 1 3 3 1 3 5 3 2 4 4 3 4 4 2 3 1 5 2 1 3 3 1 4 1 5 5 1 2 1 5 1 3 5 3 4 2 3 2 3 3 4 5 2 2 4 4 2 1 5 1 4 3 2 5 4 5 3 1 3 4 4 1 4 2 1 1 2 2 3 1 4 2 3 1 2 4 1 3 1 3 5 5 3 2 5 2 3 5 4 1 4 5 3 1 4 1 1 5 3 1 5 3 2 5 1 5 1 3 2 5 3 3 5 1 4 2 1 4 1 4 4 2 4 4 2 3 5 1 3 1 1 3 1 5 4 2 2 4 5 1 4 1 1 4 2 3 3 3 4 2 3 5 2 5 5 5 3 1 1 3 4 4 4 3 4 1 2 3 1 4 1 5 5 5 1 4 4 4 1 4 3 1 1 5 3 2 2 1 4 3 2 2 3 3 1 4 5 5 2 3 1 1 4 3 2 3 3 2 2 3 4 3 2 5 4 3 1 3 2 5 5 5
2 1 1 5 5 1 3 3 3 2 3 2 5 5 3 1 5 3 4 4 3 3 2 1 1 2 5 4 4 3 4 2 4 5 5 2 2 2 1 3 1 4 4 3 4 2 3 4 5 2 5 3 5 1 5 1 3 2 4 2 3 5 4 5 1 4 3 2 3 1 3 3 4 5 1 4 3 5 2 4 4 3 3 1 5 1 1 5 1 1 1 5 1 4 4 2 4 5 5 3 3 2 4 3 2 1 4 4 3 4 2 3 4 1 1 3 5 1 1 3 2 1 5 3 5 1 5 3 4 2 4 5 3 1 4 4 3 3 4 2 1 2 4 1 1 5 3 2 2 1 2 2 3 4 2 1 5 2 1 3 1 4 2 4 2 2 4 1 4 3 1 1 3 5 3 2 2 3 4 2 4 1 5 4 5 2 2 5 1 1 4 5 3 5 4 2 1 3 2 4 2 4 4 2 4 3 1 1 1 5 4 3 0 3 3 2 2 3 3 3 3 1 1 4 2 4 5 3 5 2 1 4 3 4 1 1 2 4 5 2 2 3 3 2 1 3 2 5 5 5 3 2 4 3 2 3 4 5 3 3 4 5 4 4 2 4 2 4 2 1 1 1 4 2 3 4 4 5 4 1 3 3 5 4 3 4 3 2 1 4 3 2 1 3 5 4 1 5 2 4 4 5 2 4 1 2 3 2 3 1 2 3 5 3 2 2 5 1 1 5 5 5 2 3 3 3 4 3 3 4 2 5 5 2 5 4 2 2 3 3 5 4 3 4 1 4 1 3 4 2 2 3 5 5 3 2 5 2 5 3 3 4 3 1 5 2 1 2 4 2 4 1 5 2 1 5 1 3 3 4 3 4 2 1 5 3 3 5 1 3 3 2 1 5 2 1 5 1 4 1 4 4 1 1 1 3 3 3 5 4 3 2 2 1 4 4 1 2 1 2 1 5 5 3 5 2 2 1 1 2 3 2 5 2 4 4 4 3 2 3 2 3 5 1 1 4 1 4 2 1
3 5 5 2 1 4 4 1 3 2 2 4 2 4 4 4 1 4 5 1 3 5 1 3 2 3 3 4 1 4 5 1 3 3 5 1 4 5 4 1 4 5 5 4 4 3 1 1 4 1 4 3 4 4 3 5 2 1 1 3 4 5 5 1 3 1 4 3 1 2 3 5 4 4 3 4 1 1 5 2 4 5 3 1 2 4 5 4 2 2 5 2 3 5 1 4 1 4 1 3 2 2 4 3 1 4 1 4 5 3 3 3 1 1 3 4 1 2 5 5 3 3 3 2 1 1 5 1 5 4 4 1 3 4 1 1 2 3 1 4 1 2 1 3 1 5 1 4 1 4 2 1 4 3 3 2 1 5 2 4 1 4 3 5 1 3 3 1 1 4 5 4 5 5 5 4 2 1 4 5 5 1 1 3 3 2 5 1 4 3 2 4 1 1 4 3 4 2 3 1 1 3 2 4 3 4 4 4 1 2 2 5 3 0 3 3 3 1 4 2 5 1 3 3 4 2 3 3 2 3 2 5 1 2 4 2 4 1 1 5 4 5 4 3 4 4 2 5 2 5 4 4 3 2 5 2 2 2 4 2 5 3 4 5 5 2 5 4 5 5 4 2 5 5 2 3 1 3 2 3 3 3 1 4 2 3 2 4 3 4 4 5 5 3 3 4 4 1 4 4 5 4 5 2 4 1 5 1 5 4 3 5 1 1 4 3 3 4 3 4 3 4 1 3 3 3 4 5 4 5 5 3 1 4 3 3 3 3 1 2 2 1 2 3 2 4 2 4 1 1 1 4 1 4 3 1 1 1 2 2 3 4 3 1 1 3 1 2 2 2 4 1 1 1 5 2 4 2 3 5 5 3 5 1 1 2 5 4 5 4 2 5 5 5 1 5 5 1 1 4 3 1 4 1 1 3 4 4 3 2 1 5 5 2 3 4 4 1 1 3 3 2 1 4 5 5 1 1 5 2 1 2 3 2 5 5 4 5 4 5 4 1 3 1 5 4 4 3 4 3
1 4 4 2 4 5 3 4 2 2 4 4 3 1 3 4 5 3 2 3 4 4 4 3 4 2 3 3 2 1 3 2 2 2 4 5 1 3 4 4 5 5 1 2 3 4 4 4 5 5 5 3 1 5 1 2 4 2 3 5 4 5 2 2 3 5 3 5 4 2 1 3 4 4 3 1 2 5 1 2 5 3 1 3 2 1 3 2 3 4 4 5 4 5 5 1 4 2 3 1 1 4 3 3 3 3 5 1 1 3 2 2 1 5 2 5 4 4 5 1 4 4 4 2 4 2 3 4 2 5 3 4 4 3 4 1 3 5 3 3 4 3 5 1 1 3 2 4 1 1 4 5 3 4 4 5 2 2 4 1 2 3 3 5 5 5 5 5 1 1 1 2 5 5 5 1 2 1 4 3 2 3 4 4 2 5 5 5 5 5 5 2 1 2 1 3 5 1 2 4 3 1 3 3 4 3 3 3 5 2 4 1 2 4 0 1 1 3 4 2 4 4 2 4 2 2 4 1 4 1 4 2 3 5 1 3 3 5 3 4 2 4 5 2 2 4 4 2 1 1 2 1 3 2 1 4 5 5 2 2 3 3 3 1 3 5 2 1 3 3 4 3 4 4 1 3 1 1 3 2 3 3 4 3 1 3 2 5 3 1 4 5 1 5 4 2 2 5 3 2 4 4 4 4 2 1 4 1 1 1 3 5 1 2 3 4 1 1 4 1 2 3 5 3 5 3 5 2 1 3 3 2 2 5 5 3 4 1 2 3 3 2 1 1 3 5 2 1 3 1 1 4 5 4 5 4 4 2 3 1 1 4 1 5 1 4 4 5 4 3 1 2 2 2 5 2 1 5 2 1 4 2 5 3 1 3 3 1 5 3 2 5 3 1 2 1 3 1 4 3 1 4 2 1 1 5 2 2 4 3 4 3 3 3 1 2 3 4 4 1 1 2 1 2 3 1 3 3 1 5 1 5 2 1 3 4 3 3 4 2 5 4 5 2 3 3 4 3 3 5
2 3 2 2 4 3 1 2 4 2 5 4 4 1 2 4 5 3 4 1 5 1 3 2 4 2 5 3 4 1 5 3 3 3 3 4 1 3 4 3 2 3 5 4 5 2 5 5 3 2 4 1 5 4 2 3 3 1 4 2 2 1 1 1 3 4 3 2 2 4 2 1 2 3 1 5 5 3 1 4 5 1 1 1 1 1 4 5 1 2 5 4 5 5 3 1 1 3 1 3 4 3 4 2 1 2 2 2 3 4 2 4 5 5 2 5 2 5 5 5 4 2 1 4 3 2 4 5 3 2 3 3 4 1 1 5 2 4 5 5 1 4 4 5 2 2 2 1 1 3 5 5 2 4 2 4 1 5 3 1 5 2 4 3 2 2 1 4 4 1 4 2 5 4 2 4 3 1 4 1 5 3 4 5 1 3 3 3 2 2 4 3 3 4 4 4 1 1 2 2 1 3 2 1 4 2 3 1 3 1 3 4 1 4 4 0 2 2 4 3 4 1 5 4 1 5 3 1 3 5 3 5 4 5 3 2 2 3 4 5 5 5 4 1 2 3 2 1 4 1 4 4 1 1 1 1 2 2 3 4 2 2 5 2 2 5 1 4 4 2 4 2 1 5 5 3 1 3 3 1 2 5 3 4 2 1 5 5 4 1 4 2 4 3 5 4 4 2 5 2 1 2 3 2 5 4 3 4 1 2 3 2 4 1 1 5 4 3 1 1 3 3 1 4 5 5 1 1 5 5 5 4 1 4 5 2 2 3 2 1 2 4 3 5 3 5 5 5 2 3 1 4 1 2 2 4 2 5 3 3 4 5 5 3 5 2 5 2 4 1 5 4 1 3 1 3 3 1 5 1 2 1 1 2 3 5 5 5 3 5 4 5 3 1 5 4 3 1 3 2 4 4 5 2 2 5 4 3 5 3 4 4 1 3 2 4 1 1 1 3 4 5 2 3 3 3 4 5 3 5 2 2 4 1 2 1 1 4 1 3 2 5 3 4 2 4 4 3 5 1
5 4 2 4 1 2 4 1 3 2 3 3 4 2 1 3 4 4 5 4 5 5 2 3 4 1 2 5 1 2 1 5 3 1 3 3 4 1 5 3 3 1 2 4 5 2 2 2 4 5 3 5 3 2 3 5 5 1 1 2 5 2 2 2 1 5 2 2 1 3 2 3 2 2 3 4 1 3 4 3 3 4 2 4 5 1 3 3 1 2 5 3 2 1 2 2 5 1 5 4 4 2 4 1 1 3 4 5 5 4 3 1 4 5 4 1 4 5 4 5 1 2 2 2 5 3 2 2 5 2 4 1 3 2 2 4 4 5 5 5 1 1 5 3 1 4 4 4 4 3 1 2 5 2 3 5 2 3 1 4 3 5 3 2 4 5 3 1 4 4 5 1 3 5 4 1 3 3 2 3 1 4 4 2 1 5 3 4 3 4 2 4 4 4 2 4 4 4 5 2 4 3 3 2 3 5 4 5 4 3 3 5 4 3 4 2 0 1 3 3 2 2 3 1 2 3 1 3 5 5 3 3 3 4 5 4 3 3 3 2 1 1 3 3 4 2 1 1 4 2 4 4 4 5 5 1 2 2 5 3 2 2 3 4 4 5 3 3 4 5 1 1 4 5 5 4 5 3 3 1 1 4 2 1 3 2 5 1 1 3 5 5 2 2 4 4 4 4 1 4 5 4 1 4 4 1 5 2 2 5 4 4 3 3 4 5 5 2 4 3 5 2 4 5 5 3 4 5 2 1 1 4 2 1 2 5 1 3 4 2 3 5 3 1 1 1 2 1 3 4 2 1 1 2 4 4 2 2 5 2 5 3 3 5 4 1 1 1 3 1 2 1 3 5 3 4 5 5 3 4 4 1 4 2 3 1 3 2 1 1 3 1 3 3 2 4 4 3 1 1 2 5 2 2 4 1 4 3 3 1 3 2 5 3 4 2 3 3 3 3 1 1 2 2 2 2 1 2 2 4 1 3 5 3 1 5 5 4 4 2 5 4 2 5 2 3 4 3 4 2
1 1 3 3 1 4 3 5 4 5 5 2 5 2 2 3 3 3 3 1 3 4 4 5 4 1 3 5 1 5 1 2 1 4 5 5 1 3 1 5 4 4 4 4 5 1 2 2 3 2 4 5 4 5 1 3 2 2 1 2 2 5 1 2 4 2 3 2 1 5 2 4 3 2 2 5 4 2 5 3 1 5 4 2 1 5 1 3 2 3 3 5 2 3 3 2 4 2 2 2 2 5 1 4 5 1 3 5 3 3 4 2 3 4 3 2 5 4 2 1 2 2 1 5 5 3 3 1 3 4 5 2 3 2 4 2 4 5 5 5 2 2 2 4 4 3 1 3 5 1 4 4 2 1 4 5 5 3 4 4 1 1 1 4 3 4 2 4 2 5 4 5 2 2 3 5 5 1 4 5 2 1 1 3 4 4 2 4 3 2 4 4 3 4 3 2 1 1 1 2 4 3 3 4 3 5 2 3 4 5 1 5 1 1 5 2 3 0 4 1 5 3 5 2 1 5 5 3 2 1 5 5 2 3 1 3 4 4 3 5 3 3 3 1 1 4 2 5 4 5 1 5 2 5 2 3 4 2 4 2 3 1 2 4 3 4 4 1 1 1 2 1 1 4 5 2 4 2 3 2 1 3 1 2 4 3 1 4 1 1 3 1 4 2 4 2 4 4 2 1 2 1 2 4 3 3 2 4 1 4 3 2 5 1 2 4 2 2 1 2 1 2 3 4 1 4 4 4 1 4 3 1 4 1 3 4 2 5 2 4 2 1 3 5 5 5 4 5 1 1 2 1 5 5 2 1 5 5 3 3 5 5 2 4 1 1 2 3 1 4 3 2 3 4 3 1 4 3 3 1 5 4 4 1 3 3 3 3 4 2 4 3 4 3 2 4 5 2 4 3 1 4 3 1 4 3 2 4 3 3 2 1 4 2 4 2 3 3 5 3 2 3 1 3 1 4 1 4 5 3 4 2 4 2 5 4 2 1 3 4 1 1 2 5 3 3 3 2 3 5
2 2 2 4 5 5 2 5 5 4 3 5 3 3 4 2 5 1 2 3 3 2 4 4 4 4 4 1 4 1 5 1 5 3 1 2 2 4 1 1 5 5 1 5 4 4 1 1 1 3 3 5 5 5 2 2 4 1 4 3 5 4 5 3 3 2 5 5 4 1 4 5 2 2 3 1 3 4 3 3 4 5 3 1 4 2 5 3 2 5 2 1 4 2 3 1 3 5 1 2 2 3 1 2 1 2 5 1 5 3 3 2 5 1 2 4 2 5 5 5 2 1 3 4 3 2 5 4 4 3 3 4 4 4 1 1 1 3 5 5 3 1 4 2 2 4 4 3 3 3 2 2 4 2 2 3 4 2 1 2 3 4 3 1 4 1 3 2 2 4 2 2 4 4 5 1 1 2 3 3 2 2 3 1 5 3 5 4 1 4 2 2 2 4 5 1 3 5 1 1 2 1 1 1 1 5 1 4 2 1 1 2 2 2 1 3 1 5 0 4 3 1 1 2 2 5 5 3 2 5 1 1 1 3 5 4 2 3 4 2 1 5 2 1 5 3 2 4 1 4 4 4 1 3 5 5 4 4 2 4 4 2 1 5 1 3 4 4 3 4 5 4 5 5 2 1 3 1 1 2 4 1 3 5 3 5 4 5 2 1 3 1 4 4 2 1 2 2 5 2 2 5 5 3 3 1 5 5 1 4 5 5 4 4 1 5 2 1 1 2 1 1 4 5 1 3 3 3 2 3 1 3 1 5 2 4 5 2 1 3 5 2 2 3 4 1 1 3 5 3 4 5 1 1 2 2 1 3 1 5 2 3 2 2 4 4 5 4 1 2 3 1 1 2 3 4 2 2 5 4 1 3 4 4 4 3 4 4 4 5 5 1 1 2 5 4 5 5 1 1 5 4 5 5 2 2 5 4 3 1 4 2 5 5 1 3 1 4 2 2 2 1 3 5 4 2 2 4 1 5 1 3 1 4 1 5 4 1 4 1 1 3 3 2 4 2 1 5 4 1
3 4 1 3 5 3 4 4 3 5 5 5 2 2 3 1 3 3 2 1 2 1 3 1 2 5 5 2 1 3 3 2 4 5 5 5 1 4 4 1 5 4 1 4 5 4 1 4 4 5 1 5 1 5 1 1 3 1 2 1 4 2 3 3 4 1 4 1 3 1 5 2 3 2 1 5 5 2 3 1 1 1 3 1 5 4 4 1 1 4 2 3 4 1 1 4 3 1 5 1 3 2 4 5 4 3 5 3 5 4 1 4 2 4 5 4 1 5 4 4 1 1 3 4 5 1 3 2 1 3 1 4 3 1 4 5 3 3 3 4 4 2 4 2 2 3 3 2 1 1 1 3 3 4 3 1 4 2 2 4 2 4 2 4 4 3 4 4 4 5 2 5 1 4 4 5 3 4 2 1 1 2 4 3 4 5 5 3 3 4 3 3 2 3 1 1 4 5 1 2 3 5 2 2 1 4 1 5 4 5 1 1 3 3 4 5 3 1 3 0 2 1 2 1 4 4 2 3 5 3 4 2 3 2 5 2 2 5 3 3 1 1 3 1 1 1 1 4 4 5 2 4 2 3 2 2 2 4 4 5 5 1 1 4 2 4 1 1 1 2 5 1 3 3 3 3 4 2 2 2 1 4 4 5 2 4 5 5 2 2 5 2 5 5 4 4 2 2 2 2 1 1 3 5 3 3 2 4 1 1 2 5 3 2 2 2 2 4 2 2 2 5 5 5 4 1 3 4 5 2 5 5 2 4 5 5 5 4 1 5 1 2 3 1 3 5 2 4 4 2 5 4 5 1 3 3 5 3 3 1 1 3 1 2 1 2 2 2 2 1 2 5 1 2 4 1 1 5 4 5 2 4 1 4 1 5 2 1 4 2 2 2 2 1 2 1 4 5 2 2 2 5 2 1 3 4 2 2 3 2 2 4 5 2 5 3 3 5 2 2 2 2 2 1 1 3 2 5 5 1 1 2 3 3 3 3 3 4 1 2 2 3 5 5 5 2 4 3 2 4
2 3 5 4 3 4 4 4 5 3 2 1 2 2 3 4 2 2 5 5 1 2 1 3 1 5 2 4 4 4 3 1 4 4 5 4 2 5 4 5 4 1 4 1 5 4 5 3 5 2 4 4 2 5 1 4 2 2 3 4 1 1 4 3 4 1 5 5 3 2 2 3 3 3 4 3 5 2 1 1 3 1 4 2 1 4 5 2 1 3 5 4 5 4 1 1 2 4 4 1 4 2 3 4 4 1 2 1 4 1 2 2 5 4 4 2 5 4 1 1 1 2 2 3 2 1 5 2 2 3 1 2 5 4 3 1 1 1 4 5 5 4 4 1 1 1 1 4 5 1 5 2 4 3 3 2 2 3 2 4 2 3 5 1 5 4 3 2 2 5 1 2 5 5 2 4 5 2 5 5 3 1 3 1 1 3 3 4 1 3 2 3 3 1 5 2 4 4 5 3 3 2 2 1 2 4 4 1 4 1 2 5 4 2 5 1 1 1 1 4 0 1 4 1 3 3 3 2 1 4 4 3 5 2 1 4 2 1 2 3 2 4 2 2 5 3 4 1 5 3 5 3 2 4 4 5 1 1 3 1 4 5 5 2 4 1 3 5 5 1 2 5 1 1 4 4 1 3 2 3 1 1 5 1 2 2 2 2 4 5 2 2 4 2 3 4 2 5 5 4 4 5 3 1 1 5 2 2 5 2 3 2 1 3 3 4 2 4 3 3 3 4 4 1 4 3 4 1 4 2 1 2 1 3 5 1 3 4 3 2 4 1 2 2 1 5 4 2 2 2 2 5 4 2 5 1 5 4 4 1 2 1 2 2 3 2 4 5 1 1 2 1 4 4 4 5 5 1 2 4 1 1 4 1 5 5 5 3 3 2 2 1 5 3 5 4 4 4 4 1 3 3 1 2 4 1 1 1 1 1 4 5 1 2 4 2 5 2 2 2 1 4 5 4 3 4 3 1 5 5 4 1 3 4 5 5 1 4 2 3 3 2 3 1 2 4 2 1 2 4
1 4 5 3 2 2 1 2 5 3 4 4 3 5 4 3 5 5 3 5 2 4 5 4 1 2 4 3 4 2 2 4 3 1 4 4 2 3 5 4 5 5 2 4 3 1 3 4 1 2 3 2 3 3 1 2 1 3 4 4 5 2 5 2 2 1 2 2 1 1 4 3 5 1 2 5 4 2 3 4 1 2 2 2 3 5 3 3 1 4 5 2 5 3 3 1 1 3 3 1 2 1 1 3 3 1 4 3 1 2 1 1 5 4 1 1 5 5 4 4 1 2 3 5 3 4 3 1 2 2 5 3 1 5 3 1 4 5 3 2 4 3 1 1 3 5 2 5 3 5 3 3 5 3 4 1 4 5 4 4 2 5 2 2 2 5 4 1 5 5 5 2 3 1 4 3 1 4 3 1 5 5 3 2 3 4 5 4 1 4 5 3 4 1 3 3 3 5 4 2 2 3 4 3 3 5 1 2 1 2 2 1 3 2 4 4 5 3 1 4 1 0 2 5 2 1 3 3 3 5 2 1 2 4 2 4 5 4 1 4 3 2 3 1 2 1 4 1 1 4 2 1 3 5 2 4 3 5 4 2 1 2 1 1 5 2 1 4 2 3 5 2 1 2 2 1 4 4 3 4 2 5 1 4 1 5 5 1 5 3 3 5 2 1 4 2 4 2 1 4 1 2 5 2 3 5 4 4 5 2 1 4 2 2 4 3 4 4 1 2 5 1 1 4 5 4 2 5 3 5 1 1 3 2 1 2 1 2 4 5 1 2 3 3 1 1 5 2 2 1 4 2 1 2 4 2 3 3 2 2 2 2 1 5 4 1 4 3 3 3 4 4 2 5 2 4 1 4 3 2 2 5 1 4 3 2 2 2 2 4 5 3 2 2 5 1 3 2 5 4 2 3 2 4 1 4 3 1 5 3 1 2 5 5 1 4 5 4 1 5 2 2 1 1 5 3 5 2 5 1 4 5 2 4 2 3 1 3 1 4 2 5 2 3 3 1 1 1 4 5
2 2 5 2 3 4 5 4 3 2 3 4 5 2 3 4 2 1 3 1 1 5 3 5 3 2 1 5 3 1 1 5 4 3 4 2 5 1 3 3 2 5 1 4 3 4 2 3 1 2 3 4 5 2 4 3 5 4 4 1 4 1 5 2 2 3 4 2 2 5 5 4 2 2 1 3 5 2 1 4 3 4 3 4 1 3 2 5 4 5 1 4 1 1 1 1 3 3 4 2 3 4 2 2 3 4 4 3 2 3 2 4 1 3 4 1 2 4 4 3 4 5 3 3 4 1 2 2 4 2 4 2 5 5 2 3 2 3 2 1 2 4 3 3 3 4 1 4 1 2 1 3 5 3 1 3 1 2 1 3 2 1 5 5 3 3 5 2 2 4 3 4 4 3 5 2 5 5 5 5 2 1 3 3 4 3 3 3 2 5 4 2 1 4 1 2 4 2 5 2 2 5 2 1 3 2 2 3 4 4 1 3 2 1 1 3 3 5 1 3 5 3 0 3 4 1 4 4 5 4 3 3 2 4 4 4 4 1 2 5 3 1 3 4 1 2 2 2 4 4 2 1 5 4 5 5 1 4 5 1 2 2 5 2 5 4 4 3 1 5 4 3 3 4 1 2 2 1 3 3 1 4 1 5 2 5 1 4 4 5 1 5 2 1 1 2 4 4 4 2 1 5 2 2 5 1 2 5 5 5 2 5 1 1 2 1 4 1 1 1 1 1 5 5 3 3 1 3 5 2 1 4 4 3 4 3 5 4 5 3 2 3 2 5 1 3 4 1 1 2 1 5 5 3 5 2 2 3 4 3 2 4 4 4 5 1 3 1 4 2 4 4 4 3 3 5 5 4 3 3 4 2 5 5 4 1 2 1 5 1 5 1 2 1 3 1 5 5 5 3 2 5 3 4 1 5 2 2 5 2 1 5 1 3 3 1 2 2 1 5 5 1 5 3 1 1 4 4 5 5 3 5 1 4 3 4 1 4 1 2 2 4 3 4 3 5 5 5 3 3
3 1 3 5 1 1 1 4 4 4 3 1 4 5 2 3 5 2 2 2 3 5 4 4 3 1 3 3 1 1 3 1 3 4 3 3 1 1 1 2 1 1 5 3 2 5 4 1 3 1 5 1 1 1 3 3 3 5 2 5 2 3 3 4 4 1 3 3 1 3 3 2 1 4 1 2 1 3 3 2 1 3 1 1 1 5 3 4 4 4 2 2 5 5 5 4 4 3 5 2 3 5 4 2 5 4 4 1 1 2 1 1 4 1 4 2 2 5 4 1 1 2 2 4 5 2 2 4 4 3 3 5 5 1 1 3 3 3 5 1 2 1 5 1 4 3 2 3 3 4 5 5 1 3 2 1 5 5 3 4 4 1 3 4 4 4 5 3 4 5 4 4 2 2 2 2 2 4 1 5 5 5 3 2 2 2 4 2 1 4 4 2 1 2 3 3 1 1 2 4 5 1 4 5 4 2 2 1 5 5 3 2 2 4 5 4 5 3 3 2 3 4 5 0 4 4 1 2 1 5 5 3 3 4 1 1 3 4 2 4 4 2 1 2 4 3 4 2 4 2 2 2 5 2 1 2 2 4 5 3 4 4 4 4 2 3 1 5 2 1 1 1 3 1 5 2 3 3 4 1 1 2 3 3 2 1 2 2 4 4 5 4 5 1 3 4 4 4 4 1 4 5 5 3 1 2 2 1 2 2 5 2 2 3 4 4 5 3 2 5 3 3 4 4 2 3 2 4 4 2 1 5 2 4 3 4 4 5 3 2 1 4 3 2 2 1 3 2 5 1 4 5 1 1 2 4 4 4 3 5 2 4 4 1 4 1 2 4 3 1 5 1 3 2 4 4 1 3 4 1 2 1 5 1 4 2 5 4 2 4 4 5 2 3 2 2 2 3 1 1 4 2 5 1 3 4 1 4 5 3 1 4 1 4 4 3 5 2 5 2 1 5 4 3 3 3 4 5 2 5 5 5 4 4 3 5 3 1 3 5 2 5 4 1 5 4 3 5 4 1
5 1 4 1 3 5 1 2 2 2 4 2 1 5 4 1 5 1 3 4 2 2 2 3 1 4 4 5 4 5 3 5 4 5 4 3 3 4 3 2 2 5 1 4 2 4 5 5 4 4 5 4 5 2 5 4 1 3 5 4 2 3 1 4 1 4 1 2 4 1 3 4 4 2 3 2 4 2 4 3 5 1 3 2 4 4 2 2 3 1 1 3 1 4 3 1 2 4 3 2 1 4 2 5 4 4 4 3 4 1 4 5 4 1 3 2 1 2 3 1 1 1 4 1 2 3 1 2 2 1 1 3 1 3 3 2 4 4 4 2 3 2 1 3 1 4 3 2 4 4 4 5 5 2 1 4 2 4 1 3 4 5 3 1 2 4 4 3 2 1 5 4 4 4 5 3 1 3 1 2 1 2 3 1 1 3 1 3 1 4 4 1 1 2 3 4 2 4 4 5 2 3 4 1 1 4 3 5 2 4 4 2 4 5 2 1 2 2 4 4 1 1 5 5 0 4 4 4 5 2 5 1 1 1 5 2 2 4 2 4 1 3 3 1 2 2 1 3 3 4 1 4 2 1 1 3 4 4 5 4 4 1 5 2 5 1 1 1 3 3 4 5 5 4 2 2 5 3 2 3 5 5 4 1 2 4 3 2 3 2 5 3 4 3 5 4 2 2 4 3 4 1 4 1 4 1 2 5 1 5 3 4 5 4 4 1 5 1 4 2 1 2 4 2 3 2 4 2 3 5 4 1 1 2 3 3 3 1 2 4 2 5 4 4 5 5 5 3 5 1 2 3 4 4 1 1 5 2 2 5 2 4 2 5 3 4 4 2 2 4 3 1 2 1 3 2 3 3 2 1 3 1 5 5 5 4 2 4 4 4 3 2 5 2 1 2 2 3 2 5 3 4 4 1 1 5 5 1 1 2 3 2 3 2 2 3 1 5 1 3 4 4 5 4 5 2 5 3 5 2 3 4 1 4 5 3 4 2 3 3 4 5 2 5 3 5 3 5 3 4
5 5 3 1 1 1 2 1 2 1 4 5 2 4 3 3 1 4 5 2 4 5 1 4 3 1 5 5 5 2 5 5 3 4 1 1 3 3 1 1 1 3 3 5 4 1 5 3 3 4 3 2 3 4 5 2 4 2 3 3 5 5 2 1 2 3 4 3 3 5 2 5 2 5 2 1 2 5 5 1 3 4 1 2 5 3 1 1 4 5 1 3 2 5 2 1 2 2 4 4 3 1 1 2 5 3 5 5 1 3 2 1 1 4 5 5 4 4 3 1 1 4 3 4 1 3 5 2 2 3 1 1 5 3 5 3 1 3 4 4 5 2 1 4 2 4 1 1 2 1 4 4 2 5 4 2 3 2 4 4 5 1 3 4 4 5 3 3 2 2 4 2 1 2 2 3 3 5 3 5 5 2 2 5 2 1 1 4 3 5 1 3 2 1 3 4 4 1 3 5 4 4 3 2 3 4 1 4 5 1 4 2 2 5 4 2 4 5 3 1 3 1 4 4 4 0 2 1 1 5 2 1 1 5 5 4 1 1 2 2 5 3 3 3 1 1 3 5 1 3 1 4 2 1 5 2 2 4 5 2 1 2 1 5 1 3 1 2 3 5 3 3 2 5 1 4 3 5 2 2 2 2 3 3 1 2 5 1 2 3 5 3 4 3 3 3 3 4 4 1 5 5 4 5 1 2 2 1 4 5 2 2 3 4 4 2 1 5 1 1 2 5 1 3 2 4 2 4 3 3 1 3 1 3 1 1 3 1 1 2 3 4 3 5 5 3 1 4 4 4 3 3 5 5 4 2 2 5 3 1 3 3 3 2 1 4 2 4 4 4 3 1 2 3 1 1 4 2 1 4 2 4 1 2 3 5 3 5 5 2 3 2 2 2 2 3 5 1 4 4 4 3 3 4 1 3 2 2 5 4 3 5 3 5 4 2 2 5 1 2 1 3 2 3 3 3 4 5 4 1 4 2 5 1 2 3 3 1 1 2 3 4 2 5 4 3 4 5 4 2
2 2 1 5 5 3 3 1 1 3 4 3 1 2 1 3 3 4 2 2 4 2 1 2 2 4 2 3 3 4 4 2 4 1 2 3 4 4 1 2 5 1 2 4 5 3 2 2 2 4 5 1 1 5 3 5 2 2 5 5 3 5 2 1 2 5 4 2 2 4 5 4 1 5 5 4 2 1 1 4 5 5 1 4 4 1 1 4 3 4 3 3 4 4 4 1 5 4 1 4 4 2 4 1 2 1 1 5 3 4 3 3 4 3 4 3 5 4 3 2 4 2 4 1 3 2 4 4 2 5 2 5 3 3 2 3 1 1 2 5 4 2 4 3 3 2 4 3 4 1 5 5 4 5 5 2 1 3 3 1 1 1 4 3 3 2 5 5 5 5 5 1 5 5 1 1 3 2 3 4 2 2 4 1 3 5 1 1 1 4 1 5 4 5 5 3 2 5 5 1 2 4 4 5 1 3 4 4 5 5 1 4 4 1 1 2 3 2 2 4 2 3 1 4 4 1 0 4 2 1 2 3 1 2 5 2 1 5 5 3 5 4 2 3 3 3 2 3 1 5 2 1 5 5 3 2 3 5 1 4 3 1 2 5 2 2 3 2 5 1 3 5 2 5 5 1 2 2 3 2 1 3 4 2 1 1 4 1 3 5 4 3 1 4 2 3 2 5 4 4 3 1 3 1 1 3 4 3 3 4 1 3 3 3 4 4 3 2 4 1 2 4 4 5 1 5 2 5 5 1 5 1 5 2 3 3 4 4 5 3 1 4 1 1 5 2 2 2 5 1 5 3 1 5 2 2 2 2 2 2 5 2 5 5 5 3 2 1 3 4 1 3 5 3 1 4 1 3 1 3 5 1 1 5 3 1 2 1 4 4 1 3 1 2 1 2 4 3 5 3 1 5 4 1 1 4 4 4 3 2 1 3 1 4 5 1 4 3 4 4 4 5 5 4 3 4 5 4 2 5 2 2 1 1 5 1 1 3 2 5 4 4 3 1 3 5 1 1 3 5
5 4 2 1 4 1 2 5 5 3 1 1 5 1 1 3 2 2 1 2 5 3 1 1 1 1 2 4 3 1 3 2 2 5 2 1 3 5 5 5 3 5 1 4 1 4 3 2 5 5 5 4 1 1 1 5 2 4 3 2 4 2 1 4 2 1 5 2 5 4 3 4 4 2 4 1 5 1 3 1 5 5 1 2 2 2 5 5 4 2 3 4 5 4 1 1 2 2 5 4 3 2 3 1 2 2 5 5 1 3 2 3 5 4 3 2 1 1 3 4 2 3 1 1 4 4 3 5 4 2 4 4 5 3 5 2 4 2 1 1 4 3 2 1 4 4 3 4 3 2 2 3 4 4 5 4 4 4 4 2 4 1 1 4 2 4 4 1 1 1 3 4 1 1 5 1 4 2 4 5 2 4 3 4 4 5 2 3 4 2 3 2 2 3 4 2 5 2 3 3 3 2 1 3 4 5 1 2 3 1 4 2 2 1 2 1 1 4 2 2 1 1 4 3 4 1 3 0 4 5 5 4 5 5 1 3 2 2 5 4 4 5 5 4 1 3 5 1 2 3 5 4 1 4 3 4 2 2 3 2 5 3 5 2 3 4 3 5 4 5 4 2 1 5 4 2 3 5 4 3 4 5 2 5 1 4 3 5 2 3 4 4 5 5 2 4 3 5 3 2 3 2 5 4 5 4 5 2 4 4 4 2 5 4 2 1 3 1 3 1 3 5 2 3 1 2 5 4 4 5 4 3 4 4 5 2 1 5 3 4 2 5 4 1 4 1 5 2 2 2 4 1 3 3 1 2 4 2 4 2 2 5 3 1 4 3 3 5 3 2 2 3 3 4 1 4 3 3 2 1 1 2 5 1 2 5 3 2 5 3 5 5 4 4 3 4 4 1 3 3 4 3 3 3 4 4 3 4 1 5 1 5 1 2 3 2 5 3 2 2 5 4 2 2 2 3 4 4 1 3 5 3 1 3 5 4 2 1 1 2 5 3 3 4 1 3 5 4 1 3
1 2 3 5 1 4 3 5 3 5 2 4 2 4 4 1 1 1 2 1 1 1 2 2 3 4 4 4 4 1 2 3 2 3 4 4 4 4 4 2 2 3 2 1 1 1 3 4 2 2 4 1 3 2 2 1 3 3 3 2 5 3 1 1 5 5 1 5 4 5 3 5 5 1 1 4 2 2 2 5 5 5 1 4 1 4 3 4 1 2 5 3 4 4 3 5 4 3 2 1 2 2 1 2 5 2 3 5 2 3 3 1 2 4 4 5 3 3 5 1 1 2 3 3 2 4 2 4 3 3 3 5 1 4 5 5 3 1 5 4 1 3 2 1 1 3 3 1 5 5 3 3 3 1 2 5 3 5 2 2 3 4 4 4 3 1 5 4 2 5 1 2 1 5 4 5 1 1 2 2 5 5 1 1 1 5 4 5 5 4 1 4 3 2 5 2 2 3 3 4 3 2 1 1 1 3 4 2 2 1 2 5 2 2 4 1 2 1 3 4 2 2 3 1 4 4 2 2 0 5 3 5 1 2 5 3 3 3 4 1 5 2 5 2 4 2 3 5 5 5 4 3 2 3 3 4 3 1 1 3 2 4 4 5 1 3 5 5 3 5 3 3 5 5 4 3 2 1 2 4 1 4 3 1 4 1 4 1 2 4 2 2 4 5 5 4 1 4 1 3 2 5 2 5 3 3 1 2 3 4 3 1 4 3 3 4 3 4 4 3 1 3 4 5 4 1 3 5 5 1 2 3 3 3 2 4 3 3 3 3 3 3 1 3 3 2 5 2 2 4 4 2 5 5 2 1 5 5 2 1 3 5 1 2 3 2 5 1 1 2 2 4 5 4 5 1 1 3 2 2 4 4 4 2 1 2 1 3 1 1 4 3 1 1 2 2 3 3 4 5 2 1 3 5 1 4 4 3 4 3 2 3 5 2 2 2 2 3 2 5 5 5 4 2 1 5 3 4 4 5 3 3 2 3 4 3 1 1 4 5 4 5 4 2 3 5 5 4 5 4
4 2 2 3 1 1 1 3 4 4 2 1 3 4 4 1 1 3 4 1 1 5 2 2 1 5 1 2 3 1 5 1 4 4 2 4 4 3 5 1 5 2 5 2 2 1 1 3 4 1 2 2 4 4 5 4 4 4 3 4 5 5 4 1 2 5 4 1 2 4 1 2 2 1 4 1 5 5 5 3 2 4 3 1 3 3 2 2 3 4 2 5 3 2 1 2 2 3 5 5 4 3 2 4 1 4 3 2 1 2 1 4 1 3 4 4 5 2 5 1 3 4 5 2 4 3 3 5 5 5 3 3 5 3 5 3 1 3 1 4 5 2 4 3 1 4 5 1 5 3 1 1 5 4 1 1 4 1 4 4 4 5 4 4 5 1 3 5 3 1 3 1 3 5 2 5 4 3 4 2 1 4 3 2 5 5 5 2 1 4 2 2 4 3 3 4 3 4 4 4 1 2 2 1 1 4 1 3 1 1 4 5 3 4 1 1 4 3 4 1 2 3 1 2 4 5 1 4 4 0 2 2 4 3 3 4 4 1 2 4 4 4 4 5 4 3 2 4 2 2 1 4 4 4 4 3 2 4 2 3 4 2 4 4 3 4 5 1 1 3 3 2 4 1 4 4 1 2 1 4 2 1 2 3 2 1 3 3 5 1 4 3 4 5 5 4 1 2 4 1 2 2 1 3 1 3 3 4 3 1 4 4 2 3 3 3 3 5 5 3 5 3 1 3 5 4 5 1 3 2 3 3 3 3 3 3 4 3 1 1 5 5 2 1 3 1 3 2 2 4 4 3 1 2 5 1 3 3 5 2 3 3 1 3 4 1 2 3 4 3 4 4 4 5 4 4 5 2 4 1 4 5 2 3 3 5 1 2 4 4 3 5 5 4 2 5 3 2 2 1 3 2 4 1 4 4 1 3 2 5 2 2 1 4 1 4 5 4 3 4 4 1 3 5 4 5 3 1 5 1 3 3 5 4 1 5 2 1 2 2 1 4 5 3 3 2 4 5 4 2
2 2 2 3 1 4 4 3 5 2 4 3 2 1 3 1 2 4 2 3 3 3 4 2 1 2 5 1 2 2 3 3 2 5 4 3 3 5 4 1 1 4 3 3 2 5 1 4 1 5 3 1 4 1 3 4 4 1 5 3 3 2 4 1 4 3 1 3 4 3 5 4 5 4 4 3 1 1 3 5 4 2 4 2 2 2 2 1 2 5 4 1 3 4 5 1 2 4 5 2 4 1 1 2 4 3 5 4 4 3 2 2 2 1 1 5 3 1 1 2 2 1 1 3 3 5 2 3 2 3 2 4 3 1 1 1 4 2 1 1 4 4 5 2 4 5 1 3 2 3 3 4 5 3 3 4 2 5 2 1 5 1 3 5 1 1 5 2 1 2 3 5 1 5 4 3 5 5 1 4 5 4 2 1 3 4 5 5 1 3 2 4 5 3 5 3 5 2 5 2 5 4 3 5 3 3 2 4 3 1 1 4 4 2 1 1 3 1 5 4 2 4 3 1 4 1 2 1 3 2 0 5 4 2 2 4 2 2 1 5 4 1 3 2 5 4 4 4 3 2 3 4 2 1 4 3 4 1 2 1 3 2 3 1 1 5 5 2 4 3 3 1 3 5 4 4 3 4 1 3 2 4 1 4 4 1 5 2 2 4 1 1 1 1 3 3 4 5 4 3 5 4 2 4 2 1 4 4 5 2 4 1 5 2 4 1 4 4 4 3 3 3 2 1 3 2 2 4 1 2 3 3 3 4 3 4 5 4 4 2 1 2 1 4 1 1 5 2 5 5 3 3 1 3 3 4 1 3 2 5 4 1 5 1 4 4 1 2 2 4 4 5 4 4 5 1 3 3 1 2 4 5 3 2 1 1 2 3 1 1 2 4 1 1 4 3 3 5 3 3 5 4 5 2 2 3 5 2 2 3 3 5 3 5 1 3 4 4 2 3 3 2 5 3 5 3 1 1 3 4 1 3 5 4 1 4 3 1 1 5 5 5 4 2 5 2 4 2 2 3
5 4 2 3 3 1 5 4 5 4 5 3 4 1 4 3 1 5 2 1 2 1 2 5 2 2 2 2 4 1 5 3 4 5 2 3 3 5 1 5 3 4 4 2 4 2 3 3 4 2 2 3 4 2 1 4 3 5 5 4 5 3 5 1 1 1 1 1 3 5 5 1 2 1 2 2 4 2 3 4 4 1 3 3 1 2 5 4 4 1 2 5 2 1 1 2 3 3 4 1 4 1 3 2 1 2 2 3 2 1 3 1 4 5 5 5 3 2 1 5 3 5 3 3 4 3 1 3 3 4 4 2 4 2 1 3 4 5 5 5 5 4 3 2 2 5 5 4 1 5 3 3 3 1 1 2 1 2 1 2 3 5 2 4 2 3 5 1 2 5 1 1 5 3 5 5 4 3 2 3 1 4 4 1 4 3 2 4 3 4 3 5 5 1 1 2 5 5 1 5 3 1 1 2 1 5 3 1 1 2 2 2 3 3 1 3 1 1 3 2 1 2 5 5 3 3 2 2 3 2 2 0 4 4 5 1 1 1 3 1 5 5 3 1 4 2 5 2 4 3 5 3 2 1 5 1 4 5 3 2 4 1 3 4 3 1 1 3 3 4 4 4 5 1 3 5 2 5 2 1 2 4 3 2 1 4 3 3 5 5 2 5 1 5 3 5 3 2 4 1 3 3 1 1 1 2 5 3 5 1 5 5 2 3 4 3 5 1 5 2 5 2 5 2 3 2 5 2 1 5 5 5 3 3 1 4 3 2 3 5 2 5 4 4 5 5 5 4 4 4 3 3 3 5 1 1 4 4 4 4 3 4 5 4 4 4 2 1 1 4 3 4 3 4 5 1 1 3 3 3 1 4 3 5 3 1 4 3 2 5 4 5 1 5 5 3 4 3 4 2 1 1 1 5 2 5 5 2 2 2 2 4 4 5 3 2 5 2 1 3 3 4 2 3 5 2 3 3 2 1 2 3 5 4 4 2 4 3 1 5 5 1 1 2 5 4 5 2 5 4
2 3 1 5 3 3 4 1 3 3 5 2 3 3 4 1 5 3 5 5 1 4 4 3 2 4 3 1 1 2 2 5 3 2 3 2 1 3 5 1 4 1 1 2 4 3 5 5 1 4 4 1 4 2 3 4 4 5 1 2 4 2 5 4 2 1 2 5 5 3 4 1 1 1 3 5 5 1 1 3 3 2 5 2 1 2 2 1 3 3 4 1 3 5 2 4 4 3 1 2 2 5 1 1 5 1 3 4 4 1 4 5 1 1 2 4 3 5 1 3 4 2 1 2 4 2 1 2 3 3 3 5 3 4 3 1 3 4 3 2 1 2 2 4 2 1 4 5 4 4 2 5 5 1 5 4 4 2 2 2 3 4 4 1 1 5 1 1 5 4 1 1 3 5 5 1 2 3 1 2 2 4 5 2 4 3 5 5 2 4 5 1 4 1 4 1 3 4 2 1 5 4 1 2 2 4 2 4 1 5 2 4 3 2 3 2 2 2 5 4 5 2 4 1 1 5 5 2 5 3 4 2 0 5 1 3 1 3 4 2 5 5 4 1 5 3 3 4 5 2 3 4 3 1 5 4 5 1 2 5 3 1 5 5 1 3 4 2 4 5 1 5 1 2 2 3 4 1 2 3 1 5 3 3 1 5 5 3 5 5 5 2 2 5 4 1 3 5 1 1 5 5 4 5 3 3 4 4 3 5 3 4 1 3 2 5 5 4 1 2 4 2 1 3 5 2 2 3 5 1 4 5 1 3 3 1 1 4 5 1 3 3 3 3 5 5 4 4 2 1 3 2 3 4 5 4 2 2 4 1 4 4 1 5 4 4 3 4 4 2 2 1 3 5 3 1 4 3 2 4 2 3 3 2 2 2 2 2 5 4 4 3 2 4 4 2 3 3 1 3 5 2 3 2 1 1 3 4 1 2 3 5 1 5 1 1 4 5 2 4 1 3 2 4 4 3 4 4 2 2 2 4 1 4 2 2 1 4 1 2 3 2 4 5 4 2 5 4 1 4
4 2 4 5 2 3 2 2 2 4 2 5 1 2 4 2 1 4 1 3 1 2 4 1 2 5 4 3 5 1 5 3 1 3 1 5 1 4 2 1 5 4 3 5 3 5 4 3 5 4 1 3 1 3 5 3 3 2 2 5 5 4 2 5 2 2 1 2 1 4 1 3 4 1 1 2 1 2 1 4 4 3 2 4 5 4 3 5 1 4 3 2 4 2 1 2 2 5 1 4 3 4 3 2 4 2 5 3 2 1 1 2 1 3 5 5 1 4 2 4 4 1 4 3 5 4 4 5 2 4 3 3 3 1 3 5 4 3 4 2 3 1 3 1 1 2 4 4 2 4 4 4 2 2 2 3 4 3 4 3 2 3 4 2 5 1 5 4 1 1 5 5 2 5 2 2 4 2 3 5 4 5 2 2 1 5 3 5 3 4 3 2 3 1 1 3 4 5 3 2 3 1 4 3 3 1 2 5 4 2 4 4 1 3 4 4 4 1 4 2 5 1 1 1 1 1 1 3 3 2 2 5 1 0 4 4 3 5 2 4 4 2 1 3 5 2 4 5 4 3 5 4 2 4 2 4 5 1 4 1 4 5 4 3 2 4 4 4 3 1 3 5 4 4 1 1 2 4 2 2 4 3 2 5 3 2 5 2 5 1 1 1 5 2 5 1 2 1 2 1 2 3 1 1 3 1 1 4 4 3 2 1 5 3 4 1 1 3 5 1 3 2 3 4 1 1 3 3 1 5 3 3 2 4 4 5 4 3 2 3 3 2 4 3 5 3 3 5 3 3 1 1 3 2 1 3 1 2 4 4 3 2 5 1 1 3 5 3 1 3 1 1 2 5 2 4 4 2 2 5 3 2 1 3 4 4 1 3 3 2 2 5 4 2 5 4 1 5 3 1 3 4 1 2 1 1 4 2 2 3 5 3 5 1 3 1 4 5 1 3 2 1 3 4 2 5 3 1 4 4 4 2 2 4 3 2 4 1 1 3 2 1 1 5 4 5 2 5 2 4
2 5 2 5 4 1 4 5 3 2 3 3 3 3 3 3 2 3 2 1 4 2 1 1 3 5 2 3 4 4 5 1 3 2 1 4 2 2 5 2 5 2 1 3 5 3 3 3 5 2 3 3 3 3 3 3 5 5 5 5 2 4 4 1 3 2 1 3 2 5 2 3 1 2 4 3 4 2 1 3 4 2 5 4 5 2 1 1 2 4 3 1 5 4 3 1 2 3 4 5 2 4 2 5 2 2 1 3 4 1 1 3 2 1 3 3 4 1 4 4 4 1 5 3 2 5 1 5 3 2 5 2 1 4 3 3 2 3 4 5 1 3 4 4 4 4 3 5 3 5 4 2 5 5 3 5 2 4 1 3 2 3 2 2 3 5 5 2 3 4 4 2 1 2 4 4 3 5 3 2 4 4 3 3 4 5 3 5 4 4 1 1 1 5 2 3 3 5 5 5 2 3 2 3 3 4 4 3 1 4 4 5 2 4 2 2 3 4 1 1 1 4 5 1 1 5 1 3 2 2 1 1 5 4 0 2 5 1 4 4 1 1 3 3 1 1 2 3 3 4 5 1 2 4 4 5 3 2 3 5 3 3 2 2 1 1 2 2 2 3 4 4 5 5 2 1 5 1 3 1 4 1 5 2 2 2 4 3 4 1 2 5 3 1 5 4 3 5 1 1 1 3 5 5 1 3 3 3 3 3 4 5 1 2 2 1 3 3 2 1 2 2 2 2 4 4 2 2 3 1 3 3 3 4 5 5 4 3 1 1 2 1 3 2 3 3 1 2 2 4 3 3 3 1 2 3 2 2 4 5 5 2 4 4 2 1 5 2 1 3 1 5 5 5 5 2 2 1 4 1 1 5 4 1 2 2 2 1 1 2 4 2 5 2 2 3 4 3 2 3 1 2 1 4 1 5 4 1 4 2 3 4 2 3 5 1 3 2 2 5 5 2 5 2 4 5 2 5 3 2 1 5 2 4 3 3 3 2 4 2 4 1 2 1 5 5 1 5 5 3
5 1 4 3 3 4 2 4 3 4 2 4 3 1 3 3 5 1 5 4 2 4 1 3 1 2 5 2 3 1 4 2 2 1 1 1 2 2 5 3 2 1 4 4 5 4 4 1 1 4 1 3 5 5 2 5 1 1 1 1 3 3 2 1 4 3 1 3 3 5 4 5 1 5 5 2 4 5 3 2 5 5 2 2 3 5 1 3 4 3 2 3 1 4 3 4 3 4 1 4 3 1 4 5 2 4 5 5 1 3 1 5 5 2 2 5 2 3 1 1 4 3 3 4 5 2 2 1 5 4 5 1 5 5 3 2 3 2 1 2 3 1 2 4 3 1 5 1 2 5 3 1 3 4 4 1 1 1 2 3 4 4 5 5 3 2 2 3 3 2 5 4 4 1 4 3 1 2 3 2 3 5 3 5 4 2 3 4 5 5 2 1 1 2 3 1 3 4 4 1 5 3 4 4 3 2 1 4 4 5 3 3 3 3 1 2 3 3 2 3 5 3 3 3 2 2 3 3 5 2 4 4 5 3 2 0 1 3 2 4 2 3 3 5 2 3 4 1 4 1 2 4 3 3 1 4 1 5 1 4 2 5 4 4 5 4 3 2 3 2 2 1 5 5 1 1 1 5 4 3 2 4 3 4 4 2 2 1 2 3 1 5 1 2 5 2 3 3 4 2 5 2 3 2 2 3 2 1 3 4 1 4 5 4 1 4 2 3 1 2 3 5 2 4 1 1 3 1 3 4 4 5 4 5 3 3 2 1 5 5 3 5 3 3 4 2 1 4 2 5 4 5 2 5 3 4 4 5 4 3 4 5 5 5 4 3 2 1 1 3 2 4 3 4 5 1 2 4 2 4 2 5 4 4 2 5 5 1 1 3 4 3 1 5 1 4 1 2 1 5 3 3 4 4 3 1 3 4 5 5 5 4 3 2 5 3 2 2 3 3 2 5 5 5 5 1 2 5 2 4 1 4 1 1 4 1 2 3 3 5 2 3 1 1 3 1 1 5 1 5
1 2 5 1 5 1 1 5 4 1 4 3 2 2 3 3 4 2 3 5 5 4 2 5 2 2 3 5 4 4 2 3 5 2 5 5 1 4 4 5 1 3 3 1 2 1 5 2 5 4 3 3 5 2 5 3 4 5 4 3 1 5 5 2 2 4 2 1 3 4 4 2 1 3 5 4 5 4 1 5 2 1 1 1 3 2 1 2 3 3 1 3 4 5 4 3 3 3 4 5 4 2 2 3 2 1 4 3 4 2 1 2 5 5 5 4 1 2 1 4 2 3 4 2 3 4 2 4 3 3 1 1 1 2 4 1 2 2 4 4 4 3 3 1 3 4 4 4 5 4 1 2 2 1 5 5 4 3 2 1 2 5 1 1 1 1 2 3 4 4 5 2 2 2 3 4 5 5 2 5 3 5 1 5 5 3 5 5 5 3 4 1 3 5 4 4 2 1 1 3 2 4 3 4 1 3 2 2 4 5 4 5 2 4 3 3 3 5 1 4 1 2 1 3 2 2 1 2 5 2 5 1 1 3 5 3 0 3 2 4 2 1 3 2 5 3 1 5 5 4 5 1 4 3 5 2 5 3 1 1 3 2 2 3 3 5 5 5 2 3 2 5 2 4 5 1 4 5 3 1 4 2 5 5 3 2 4 3 5 4 3 3 3 1 4 5 2 3 5 2 5 4 3 5 2 4 1 3 3 4 5 1 4 2 4 4 3 5 5 4 5 1 5 2 5 2 4 2 5 3 1 1 1 5 5 2 1 3 4 3 2 3 4 1 2 4 3 5 2 5 3 1 2 5 2 1 5 2 1 5 2 2 2 3 2 1 5 5 1 4 4 4 5 4 1 2 5 5 3 2 1 5 5 1 5 2 4 3 4 4 3 1 2 2 2 4 1 3 1 3 1 1 4 1 1 3 1 1 3 5 2 1 3 5 1 3 2 5 4 2 3 4 2 2 5 2 5 1 5 5 2 5 1 4 1 3 5 5 3 3 3 4 4 1 2 2 5 5 1 3
2 2 1 2 1 5 1 4 3 3 5 3 1 1 1 4 3 3 2 3 4 3 2 5 3 5 3 1 1 3 4 2 5 2 3 4 5 2 2 4 3 2 3 5 5 1 1 3 4 4 3 1 4 5 3 3 2 1 2 4 2 5 2 3 3 1 2 1 5 1 1 4 2 5 5 1 5 1 1 4 1 3 3 1 5 4 4 3 1 4 2 5 5 4 1 4 1 1 5 4 1 2 2 4 1 4 1 4 3 3 3 1 2 1 2 1 5 5 2 4 2 5 5 2 5 5 2 4 2 3 4 5 1 1 3 3 2 4 4 4 3 2 4 5 2 5 3 3 5 2 5 5 3 5 5 2 4 3 3 3 4 5 2 5 2 2 3 4 4 2 3 4 3 4 3 1 4 1 3 3 4 1 1 4 1 2 2 2 4 3 4 3 3 3 4 2 4 2 3 5 4 5 1 5 3 3 4 4 5 3 2 3 4 1 1 2 4 5 1 3 1 4 2 1 4 3 3 4 1 1 1 1 5 3 5 4 1 0 4 3 4 1 1 1 3 1 1 3 4 3 1 5 4 1 1 3 3 1 2 3 4 2 5 2 5 4 2 2 1 2 3 5 2 5 5 5 5 5 4 3 1 4 4 2 3 2 4 5 4 1 1 5 4 2 3 5 2 4 1 2 2 4 1 2 3 2 4 2 3 5 1 1 4 3 4 3 2 4 5 4 2 2 4 5 1 3 4 5 4 3 2 3 1 3 5 5 4 2 4 1 5 4 2 4 2 1 2 2 5 4 4 5 3 2 5 3 2 4 5 2 5 2 1 5 1 1 5 5 2 4 4 1 5 1 2 3 5 1 5 4 5 3 4 3 2 1 2 3 4 2 3 3 3 4 4 2 5 1 4 1 1 3 2 3 3 2 4 3 2 5 5 2 3 4 5 4 5 1 2 5 4 4 5 4 4 2 2 4 3 1 1 2 4 4 1 1 2 5 2 5 5 1 1 1 1 5 1 1 1 1
3 5 2 2 4 4 2 3 1 1 4 5 2 3 3 3 5 3 2 5 5 4 5 2 1 4 4 1 2 5 2 1 3 5 2 3 3 5 5 2 5 4 5 1 4 2 4 3 1 5 1 2 1 4 5 1 1 5 1 5 4 2 2 4 3 3 4 5 5 2 1 1 4 1 5 2 1 4 4 3 1 4 3 2 3 3 2 4 3 4 4 5 4 2 5 4 3 2 3 1 1 2 1 4 3 1 2 2 4 2 4 3 3 4 5 1 2 4 5 2 4 4 2 4 1 1 3 5 1 2 2 4 5 3 2 2 4 4 1 4 1 1 3 4 3 2 5 2 2 5 5 2 5 2 3 2 2 1 1 1 5 5 5 5 1 3 5 5 3 3 1 5 5 2 2 3 1 5 2 1 1 2 3 1 4 3 5 1 1 4 5 1 5 5 2 1 1 2 4 3 3 3 1 4 4 2 2 2 1 5 1 3 2 5 2 4 3 5 1 1 3 4 5 3 2 3 1 3 2 5 1 4 3 4 3 1 5 3 0 2 5 1 3 3 1 3 4 4 3 2 4 3 1 2 2 2 5 1 2 5 1 2 1 4 2 3 5 1 3 2 4 4 2 4 3 5 1 5 1 4 3 4 2 5 3 3 4 4 2 2 5 2 1 5 1 1 1 2 4 1 1 4 5 3 2 1 4 1 3 1 2 1 5 2 4 4 4 1 3 5 1 5 3 1 3 4 2 1 3 3 4 2 3 5 5 1 4 1 1 2 3 5 3 3 1 5 3 4 1 4 4 5 1 2 1 4 4 1 1 1 5 1 5 4 3 2 2 4 2 4 3 2 1 4 3 3 4 2 1 5 4 4 3 4 3 4 2 1 4 5 5 3 5 4 1 5 2 1 5 5 1 5 1 5 1 1 1 2 3 3 2 1 1 1 2 1 2 5 1 2 1 1 2 4 1 3 3 3 4 5 2 2 2 3 3 2 4 4 1 2 5 3 3 1 2 2 1 4 4 5
2 2 1 2 3 2 4 5 4 3 2 1 1 5 4 1 4 5 1 4 4 5 2 5 3 3 2 3 5 2 5 3 3 3 3 4 5 2 5 4 2 4 4 5 4 2 1 4 2 3 1 2 5 2 3 2 5 5 1 2 4 3 2 1 2 5 4 4 4 4 2 5 2 5 3 4 4 3 4 4 2 1 1 2 1 5 2 2 1 3 1 4 1 1 3 5 1 3 1 4 4 1 2 3 5 3 3 4 2 2 4 2 2 3 3 3 1 5 2 5 3 3 5 2 3 2 5 2 3 3 4 4 4 5 4 5 2 1 5 4 5 1 3 3 2 4 4 1 2 1 2 2 5 1 4 2 2 1 3 3 4 3 5 4 3 4 3 5 4 4 1 4 2 1 1 5 3 3 3 5 1 2 4 4 4 3 3 5 5 1 4 2 5 3 3 4 5 5 3 4 3 3 4 3 2 4 2 1 5 3 4 3 2 2 4 1 2 1 2 3 3 4 5 2 4 2 4 4 2 5 1 2 4 3 5 2 4 5 3 0 3 2 3 2 3 4 5 2 1 5 4 1 3 4 3 2 5 5 4 3 4 4 4 2 5 4 4 1 2 5 2 4 2 5 2 3 4 1 4 4 4 5 1 5 4 4 1 2 2 5 2 5 1 3 1 5 4 1 2 2 5 5 1 4 1 4 5 5 2 1 1 2 3 1 2 2 3 2 5 1 1 2 4 1 2 1 1 3 1 3 5 2 3 5 2 1 1 3 5 2 1 1 4 5 1 4 5 5 5 5 2 1 1 5 2 3 5 2 1 3 3 1 4 3 2 1 4 5 3 4 4 3 1 3 4 3 4 3 4 2 4 2 2 5 4 2 2 2 3 2 1 3 4 1 4 2 5 2 2 2 1 4 5 3 2 3 2 2 2 2 4 3 4 5 2 4 4 3 5 3 5 5 1 1 5 4 4 3 1 3 1 3 3 3 1 2 1 2 3 3 3 5 5 1 4 1 2 4 3 4
4 5 3 5 5 3 5 4 3 2 5 4 4 5 2 3 1 3 2 1 2 2 3 4 1 3 4 5 2 3 4 2 3 2 1 1 5 1 3 1 5 1 1 5 5 2 4 1 4 2 5 4 4 3 5 1 1 1 2 1 2 2 1 2 2 2 2 2 3 4 1 5 1 3 4 3 3 5 5 2 4 4 3 3 5 1 5 3 1 5 4 4 2 2 5 4 3 2 1 3 3 2 1 1 4 2 1 3 4 1 1 3 4 1 5 2 3 4 5 3 1 1 2 2 4 4 5 4 1 4 4 5 3 2 3 5 4 4 4 3 1 3 2 4 2 2 1 2 4 4 1 3 1 2 1 3 1 4 4 2 2 5 5 4 5 1 3 2 3 1 4 1 1 1 4 2 1 3 1 2 5 1 3 1 1 4 2 2 2 2 2 1 3 2 1 3 4 2 4 2 3 2 2 3 2 2 4 3 4 2 3 1 4 3 1 5 1 1 2 2 1 3 2 2 1 5 1 2 2 4 5 3 5 3 5 2 4 5 3 3 0 1 3 3 2 4 4 2 3 3 1 5 3 4 2 3 2 2 4 3 3 4 3 2 4 4 4 4 5 4 5 3 2 5 1 5 3 4 4 2 5 2 2 2 1 1 1 2 4 2 4 5 4 2 5 5 3 5 1 3 2 1 5 4 1 4 5 2 3 1 1 3 3 2 4 4 4 3 2 1 5 4 1 4 4 5 5 1 2 5 3 3 2 1 1 4 1 1 3 2 5 1 4 1 5 5 5 5 5 4 1 5 4 1 3 2 5 2 4 5 1 4 3 5 4 4 3 2 3 3 5 5 5 3 4 1 2 2 5 2 2 4 4 1 5 5 4 1 5 1 2 5 3 3 3 2 3 4 5 3 2 4 4 5 1 3 4 1 4 2 2 1 3 5 3 1 1 4 1 1 3 1 5 3 1 3 4 1 1 1 4 2 3 4 1 5 5 3 4 2 4 3 5 3 5 3 5 4 3 2
1 5 1 3 2 2 4 4 3 2 5 4 1 5 1 3 1 4 2 1 2 3 2 2 4 5 1 3 4 4 4 2 2 2 1 5 1 4 3 4 4 4 3 1 3 1 4 2 3 1 4 2 5 1 1 4 1 3 3 3 2 4 3 3 5 1 2 3 5 5 1 2 4 4 1 5 1 5 1 2 1 1 2 2 4 2 1 1 4 1 4 3 1 2 3 3 1 2 2 2 4 5 4 2 3 2 4 1 4 4 4 2 2 3 3 2 1 2 5 3 3 2 1 2 1 1 5 3 4 3 4 4 3 5 3 3 1 3 5 3 5 2 1 2 1 2 5 5 1 3 1 2 3 3 1 3 4 2 4 4 3 2 1 4 3 2 1 5 2 2 4 5 5 3 5 1 2 1 4 5 2 3 2 2 2 1 4 1 1 5 2 2 2 4 3 3 1 3 5 2 3 5 4 4 1 3 3 3 5 2 2 3 4 3 5 2 5 4 3 5 4 4 2 4 4 3 2 1 2 2 5 3 1 5 3 1 1 5 1 3 5 0 5 2 5 2 3 2 3 3 4 4 3 5 5 2 1 3 3 2 3 3 1 2 2 5 2 1 4 3 3 3 3 5 3 2 4 5 1 4 1 4 2 5 2 5 3 5 1 3 4 3 2 4 5 4 4 2 3 1 3 5 1 1 3 4 3 1 1 2 1 1 4 2 1 4 4 5 2 1 2 3 1 4 3 4 1 4 2 1 4 2 5 3 4 3 4 4 1 4 2 2 1 5 4 1 2 3 5 1 3 2 1 2 1 1 3 2 2 1 4 2 3 5 4 3 4 1 1 2 2 3 2 2 4 4 2 5 2 5 1 2 1 2 5 4 4 2 2 4 4 4 1 1 3 4 5 1 5 5 1 5 4 5 3 3 1 3 4 4 2 2 3 4 2 4 2 4 5 2 4 1 3 3 2 2 5 2 3 1 4 5 3 2 4 3 2 2 1 3 5 1 3 3 4 1 4 4 2 5
5 2 4 2 1 3 4 2 5 2 4 3 1 4 4 3 1 5 1 4 5 2 3 2 4 1 5 3 1 3 3 5 1 1 5 2 1 2 1 3 4 3 3 2 3 5 5 1 5 2 5 1 1 1 4 4 1 4 2 2 5 1 1 5 2 3 5 4 3 5 1 2 3 1 3 1 2 2 2 3 2 4 4 4 4 3 5 2 3 2 2 5 2 1 1 1 2 4 2 3 4 1 1 3 5 1 5 5 5 4 4 1 1 3 1 4 1 5 1 1 4 5 1 1 1 4 2 1 4 2 5 5 5 1 5 4 3 3 3 4 4 4 2 2 2 1 1 4 5 3 2 2 5 2 2 1 4 3 4 4 4 5 4 2 4 2 2 3 4 3 4 2 3 1 3 5 4 4 5 5 4 5 2 1 3 4 3 5 4 4 5 1 2 3 4 3 3 1 5 3 2 2 1 4 4 1 1 2 3 2 2 4 2 1 3 3 1 2 4 3 5 4 4 5 4 1 2 4 5 4 5 1 5 5 3 2 1 2 5 2 3 4 0 1 3 1 3 2 3 4 1 1 2 3 1 4 4 4 5 3 3 1 4 2 1 4 4 1 5 1 3 5 3 4 5 2 5 4 4 3 5 2 3 2 3 5 2 2 3 1 4 4 5 2 3 1 2 5 2 2 1 2 1 1 1 1 5 5 2 4 1 1 1 4 4 2 2 4 2 4 2 2 1 2 5 4 4 4 4 4 2 5 5 1 1 3 3 2 4 1 2 2 1 3 3 3 2 4 2 3 2 1 3 3 3 3 2 5 2 3 2 1 3 4 3 3 4 4 1 3 4 1 3 1 1 5 4 1 5 3 4 4 4 2 4 1 5 4 4 1 1 3 3 1 5 1 5 5 1 3 3 3 5 4 2 5 3 1 1 2 2 1 2 2 5 4 1 2 4 4 1 3 2 5 2 5 5 2 3 1 5 3 1 1 2 5 1 1 3 3 3 1 1 1 5 2 3 1 4 2
3 1 3 5 3 2 4 3 4 5 5 4 4 5 2 2 4 3 3 2 4 5 4 1 4 4 3 4 2 2 4 5 4 4 5 3 2 3 5 1 1 2 5 1 1 5 4 2 4 4 1 1 4 1 2 1 3 5 4 1 2 3 2 1 2 5 3 3 4 3 5 3 2 2 5 1 2 2 2 3 3 5 1 2 3 4 5 5 4 1 1 1 4 5 2 2 3 1 4 1 2 1 2 4 3 1 5 3 3 3 4 2 5 1 2 4 5 3 5 2 2 4 3 2 4 5 2 3 4 1 1 1 4 5 2 5 1 5 2 5 1 3 1 4 1 2 3 2 3 1 5 2 3 2 3 2 4 3 4 2 4 2 2 5 4 5 5 2 5 2 3 3 1 3 3 3 2 4 3 1 1 3 4 2 1 2 3 4 2 3 1 5 4 2 5 3 2 5 2 4 5 2 1 4 1 1 1 1 5 4 2 1 2 5 4 1 2 1 1 5 1 4 3 4 3 3 5 1 2 3 3 4 1 1 5 2 4 2 2 4 3 2 1 0 1 3 4 5 3 5 5 3 3 1 1 3 5 2 2 5 5 5 1 3 2 1 5 1 2 3 1 3 1 3 3 3 5 5 2 4 2 4 1 1 3 3 4 2 5 1 4 5 2 3 2 5 1 1 5 2 4 2 5 2 1 3 2 5 1 3 3 1 2 1 2 3 1 2 2 4 1 4 3 1 3 4 4 4 2 2 1 2 1 1 4 4 5 4 1 1 2 4 2 5 1 1 3 3 5 2 3 5 1 2 2 3 4 5 5 2 5 4 3 4 4 1 4 3 3 1 2 1 4 2 5 2 2 4 3 5 2 2 3 2 1 3 1 1 3 2 2 2 5 2 5 2 4 4 1 1 3 2 3 3 4 2 3 1 1 3 2 2 5 3 4 2 2 1 5 4 1 4 3 1 1 3 2 2 2 3 2 5 4 4 2 3 5 2 3 1 1 5 5 3 1 1 5 5 1 2
5 1 2 2 1 1 2 1 4 5 2 4 2 2 4 4 4 3 4 3 5 1 2 3 4 3 5 1 4 3 1 2 1 4 1 3 3 2 2 4 5 3 4 3 2 1 2 1 5 2 4 4 4 3 3 2 3 5 5 1 1 2 1 4 1 5 4 2 4 4 3 2 4 2 3 4 3 5 3 1 5 2 1 2 4 2 1 3 3 4 2 4 3 4 1 1 4 3 5 5 4 4 1 4 2 3 1 3 5 3 2 1 2 4 2 4 3 3 1 2 3 4 4 2 4 2 3 3 3 5 4 5 5 2 2 4 3 2 3 5 5 2 1 1 1 1 5 3 4 3 3 1 5 4 1 1 3 2 4 3 3 5 2 4 2 2 5 1 2 4 1 5 1 5 1 2 1 5 3 3 2 3 4 1 1 3 2 2 5 3 3 1 5 1 5 2 4 5 2 3 1 3 3 5 1 2 4 4 4 2 1 5 3 1 3 2 4 4 3 5 4 1 1 5 2 4 3 1 3 1 5 1 3 1 4 2 1 3 3 3 4 2 4 2 0 2 2 5 1 3 3 2 3 1 5 2 3 4 1 4 4 4 4 4 4 3 3 4 3 4 2 3 2 2 3 3 2 1 1 2 5 5 3 5 3 2 3 1 5 5 2 2 2 4 3 1 3 2 4 1 4 5 5 3 5 2 4 3 3 3 5 3 2 1 3 5 3 5 2 5 1 3 1 2 2 4 4 2 4 3 3 3 5 5 4 2 3 1 5 1 1 5 3 2 5 2 2 3 1 2 3 3 2 2 5 1 4 1 3 3 2 3 2 5 1 4 1 2 4 4 3 3 5 2 3 2 3 3 1 5 2 3 2 3 3 5 4 5 2 1 3 1 3 1 4 3 2 5 5 2 4 2 3 1 3 2 5 4 1 5 1 3 5 4 5 2 4 5 4 3 1 2 4 2 1 5 4 3 5 5 4 4 2 1 1 2 1 5 2 5 4 1 3 5 2 5 2 5 4 4
5 2 1 4 1 3 3 5 3 5 1 4 1 4 4 3 4 2 1 3 3 5 4 3 1 4 3 1 4 2 2 5 3 3 4 4 5 4 2 3 5 3 3 4 4 5 4 4 3 3 3 4 4 2 1 4 2 4 5 3 1 5 4 2 3 1 3 3 2 5 2 5 4 3 5 4 3 1 5 3 3 4 3 3 4 5 2 4 2 3 3 2 4 4 2 5 2 1 1 5 2 5 1 1 3 1 5 1 1 1 2 5 2 3 2 2 1 5 2 5 4 2 1 3 5 3 1 2 5 4 5 2 3 3 3 2 4 5 3 2 1 3 4 4 2 4 1 5 4 3 3 4 4 4 2 3 3 2 1 1 1 2 4 3 5 2 3 1 3 4 1 2 4 3 4 4 1 4 2 3 3 3 5 5 5 5 4 1 1 5 3 2 2 5 1 2 4 2 4 3 3 3 1 4 2 3 1 1 4 5 3 1 3 4 5 5 1 3 3 1 3 4 1 1 2 1 1 3 5 5 4 4 2 1 2 1 1 3 1 1 3 4 2 3 3 0 2 2 5 4 4 2 3 5 3 1 1 5 1 4 5 2 5 5 3 5 3 1 1 2 3 1 2 4 2 3 5 3 2 2 2 3 5 3 3 3 5 4 2 4 1 4 4 1 4 1 4 4 2 2 5 4 5 2 4 4 2 5 1 3 4 1 2 4 3 2 2 2 5 3 4 5 1 2 5 5 1 4 2 3 1 2 2 4 5 1 5 2 2 2 3 5 3 3 1 3 4 4 5 1 5 3 1 2 1 4 2 5 5 2 1 5 4 4 1 1 1 2 1 2 4 1 4 2 1 5 1 1 4 3 3 4 1 4 4 5 2 1 5 1 2 1 2 1 3 1 5 4 1 3 1 4 4 2 1 5 3 1 5 2 1 4 5 3 5 4 2 2 5 4 2 2 1 2 4 3 4 5 2 1 2 5 4 3 3 4 4 4 3 1 5 3 3 4 5 4 2 2 3 4
2 1 2 4 1 1 2 1 3 3 4 5 3 2 1 1 5 5 4 5 3 3 2 1 4 3 4 5 2 4 1 3 3 2 1 2 5 1 4 5 2 4 1 1 5 5 1 4 4 1 2 2 5 5 3 2 4 1 3 3 4 1 1 4 2 5 4 5 2 5 2 2 2 2 5 4 4 1 3 4 2 2 2 1 4 3 3 3 1 5 3 3 5 5 4 1 5 3 3 5 2 5 4 2 5 2 3 4 5 1 1 4 4 3 3 5 5 3 3 5 2 3 1 3 3 1 5 3 3 1 1 3 4 4 4 4 3 3 1 3 4 2 1 2 3 2 2 1 2 4 3 4 1 1 5 4 1 1 1 2 5 4 1 3 1 5 3 4 5 3 3 2 4 1 3 1 4 1 3 1 1 5 4 2 1 2 1 4 5 3 5 2 3 3 2 1 5 1 4 4 3 3 1 1 4 2 3 3 5 4 1 5 2 4 5 3 4 1 5 1 5 4 5 1 4 1 5 1 5 4 5 1 1 3 3 3 1 2 5 3 5 4 4 1 3 3 0 5 5 2 1 1 1 3 2 4 5 4 3 2 1 2 4 1 3 2 4 1 4 1 1 1 3 5 2 5 2 3 2 4 4 2 1 2 1 3 2 4 2 2 1 5 3 2 5 1 2 3 2 2 2 1 4 5 4 3 2 2 1 3 4 3 3 1 4 4 1 1 4 2 3 4 3 3 3 4 2 4 1 4 4 5 5 2 5 1 2 4 5 1 1 4 2 5 3 3 5 1 2 5 1 4 5 2 3 2 4 3 5 5 2 4 1 5 5 1 5 3 4 2 3 3 4 5 5 3 2 2 4 5 4 1 1 5 5 3 3 5 5 2 3 4 2 2 5 4 4 3 2 5 5 1 4 2 4 3 3 3 3 2 5 2 3 3 3 2 3 2 2 1 2 1 1 5 2 3 2 1 4 2 2 2 4 4 1 5 4 5 2 5 4 2 4 4 1 5 2 5 4 3
2 2 2 3 3 3 5 4 4 5 5 1 4 4 1 4 1 2 2 4 4 4 2 4 2 5 3 4 3 3 5 1 5 1 4 4 2 2 1 1 2 3 1 1 5 3 3 4 1 1 1 2 3 2 1 2 4 4 3 4 3 5 4 2 5 4 3 2 3 2 1 1 5 1 1 1 2 5 1 1 5 2 1 1 4 2 2 1 2 1 5 4 3 1 1 3 3 1 2 2 3 2 4 1 4 4 1 2 4 3 3 4 4 4 2 5 4 2 1 5 1 3 2 5 3 1 3 5 2 1 3 4 2 1 3 3 3 3 3 3 2 3 5 3 2 5 3 1 4 2 2 4 4 1 2 4 1 5 4 3 3 5 1 3 5 2 2 5 2 3 5 1 5 3 4 2 1 1 3 4 4 5 4 1 4 3 1 2 2 1 5 2 2 2 2 1 3 5 3 2 1 1 4 2 4 4 1 3 5 1 1 3 1 1 2 5 2 1 2 4 1 3 4 5 2 5 3 4 2 4 4 5 2 4 5 2 4 5 3 3 1 1 5 2 2 4 2 0 4 2 5 4 5 1 4 3 3 3 4 3 1 3 5 2 2 2 3 3 1 4 1 3 3 3 3 4 2 4 4 2 2 3 4 2 1 1 4 3 4 4 4 4 2 3 2 5 2 3 4 4 4 1 5 2 4 3 1 2 5 5 5 1 2 2 2 1 5 2 1 5 4 1 3 5 1 1 3 4 1 3 2 1 3 2 5 3 3 5 3 1 5 4 1 2 3 1 4 3 5 1 2 2 3 2 4 1 4 1 4 5 4 3 3 5 5 4 1 3 3 1 4 5 5 3 2 5 2 1 1 5 5 5 5 2 2 4 3 3 3 4 1 5 1 2 3 5 4 2 5 2 3 2 3 5 1 2 1 4 5 4 1 2 3 2 4 2 2 5 1 5 3 2 4 3 1 4 4 3 5 5 2 1 1 2 3 2 5 5 4 5 4 2 3 4 2 4 1 5 4 1
4 4 1 3 1 3 2 2 4 5 2 2 4 1 3 4 4 5 1 3 2 4 1 1 2 3 1 1 4 3 4 5 1 4 1 4 5 5 4 1 2 2 3 3 1 4 2 1 3 4 2 1 5 1 4 5 2 5 4 5 4 2 3 2 4 2 5 3 1 1 5 3 1 2 2 2 2 1 3 4 2 1 5 3 2 3 2 2 4 2 4 2 4 5 3 3 1 2 4 5 3 4 3 1 2 4 3 4 3 1 2 5 2 4 1 5 3 1 3 2 2 1 1 5 2 4 2 5 4 2 5 1 4 2 3 1 1 3 1 1 4 2 4 5 1 5 2 2 5 4 4 2 5 1 1 1 5 4 1 4 4 3 4 2 2 3 4 2 1 1 3 2 2 3 3 1 5 4 4 1 5 1 5 2 5 5 1 4 5 5 3 5 1 3 2 4 4 2 2 3 3 4 1 3 1 4 2 3 2 3 1 1 2 3 5 2 3 5 4 1 3 1 4 5 3 1 3 2 1 2 1 1 5 3 2 3 1 5 5 3 3 2 2 5 2 2 2 5 0 1 3 3 2 3 4 2 4 1 2 2 2 1 4 5 2 5 5 4 3 2 4 2 4 2 2 3 4 2 4 1 4 5 1 2 3 3 4 2 4 4 4 4 2 4 1 5 1 5 1 4 2 1 1 2 3 3 1 3 3 2 4 4 2 2 3 5 5 3 5 5 3 1 3 3 5 3 5 5 5 2 5 4 5 1 5 1 4 5 3 2 3 1 4 3 3 4 2 3 2 5 3 1 5 2 2 3 1 2 2 3 4 4 3 3 5 2 3 3 1 4 4 4 5 3 5 5 4 2 3 1 4 3 2 1 2 2 2 1 1 1 3 2 5 4 3 3 2 1 3 4 5 5 5 2 1 4 4 2 1 4 2 2 1 3 1 4 4 5 2 3 4 1 1 1 1 4 4 5 3 3 1 3 3 4 5 2 1 2 3 4 1 3 1 4 1 5 2 2 3 3
3 5 1 5 2 5 2 4 5 2 1 3 5 5 3 3 5 3 4 5 2 4 3 4 2 5 4 4 3 5 3 4 1 2 3 5 5 4 5 1 1 2 5 2 1 5 2 4 3 2 5 4 4 2 3 1 4 2 3 3 1 1 2 3 4 3 4 4 4 3 5 2 2 2 2 2 4 5 2 4 1 4 2 2 2 2 1 2 2 1 2 5 3 1 1 2 1 3 5 2 3 5 2 2 5 4 3 1 2 1 1 2 2 3 4 2 5 3 2 5 3 2 4 3 5 2 5 2 4 4 5 5 5 4 2 5 2 1 2 4 3 2 1 4 1 1 3 5 2 3 1 5 5 3 3 2 4 2 4 2 5 4 5 4 2 5 1 5 2 1 5 1 4 5 3 3 3 4 1 3 4 4 3 4 3 1 5 2 1 5 1 4 1 5 2 2 3 4 5 5 2 1 4 5 2 5 2 5 1 1 2 3 4 4 2 5 2 5 2 5 2 2 5 5 5 4 5 1 2 3 2 1 4 1 3 1 1 3 2 2 1 4 3 3 5 2 5 3 2 0 5 2 2 5 3 1 2 5 4 5 2 1 4 1 4 3 5 4 1 4 3 4 3 3 3 2 4 3 2 4 4 5 5 1 1 5 1 4 4 2 2 4 4 5 3 2 3 2 5 1 4 5 5 1 3 3 3 5 5 3 1 4 4 2 4 3 2 3 1 5 2 1 3 4 1 1 3 5 2 1 3 5 1 5 1 3 1 2 4 2 4 3 4 5 2 1 5 3 5 1 4 3 2 5 2 2 1 1 4 5 5 2 3 5 3 3 3 4 1 2 3 4 5 1 1 1 1 4 4 5 1 3 2 4 1 1 3 2 5 3 3 5 3 5 2 3 1 3 5 1 5 2 4 4 4 3 3 2 3 5 2 1 2 2 4 1 5 1 1 4 1 5 3 3 1 3 5 5 5 4 3 4 5 4 3 1 3 4 4 1 4 2 1 4 1 4 4 2 3 2
3 1 3 3 2 5 4 4 2 1 4 3 5 1 4 2 5 2 1 1 5 5 3 3 3 2 5 3 2 3 2 5 5 3 3 5 3 1 4 1 5 4 5 1 1 3 1 1 5 4 1 4 4 5 4 5 2 1 3 5 5 2 5 1 4 4 5 2 5 2 4 5 2 4 2 1 1 5 2 4 2 2 4 4 4 4 2 4 3 3 3 5 4 4 5 3 3 3 4 2 3 3 2 1 3 2 5 5 4 3 3 1 3 1 2 1 5 1 4 5 4 5 3 2 2 1 5 4 1 4 4 1 5 4 3 5 2 1 5 3 2 4 2 1 2 3 1 2 2 5 4 1 4 1 4 4 4 2 3 1 3 5 1 5 5 4 1 2 4 2 1 1 3 2 2 5 4 4 5 5 1 4 2 4 1 5 4 2 3 5 1 3 3 3 2 3 3 4 3 3 2 4 2 2 3 3 1 1 1 5 4 2 4 2 1 1 5 4 2 5 3 4 1 3 4 1 4 4 1 3 4 5 4 2 4 3 1 1 3 3 4 1 2 3 4 3 1 5 2 3 0 1 5 3 2 5 5 1 4 3 4 5 1 4 2 1 2 1 3 2 4 4 4 4 4 5 2 4 1 4 1 4 4 3 1 1 5 1 3 5 3 4 5 3 1 2 3 4 2 3 3 2 5 4 1 5 3 1 3 4 5 2 3 3 3 1 4 1 5 2 4 1 5 5 3 5 3 4 2 3 4 2 5 2 2 4 3 3 3 2 1 1 4 4 4 3 4 1 3 2 5 1 1 1 2 4 4 4 5 5 2 1 2 4 5 4 2 2 4 1 4 4 2 2 3 2 5 5 4 2 3 1 5 2 4 1 5 2 5 3 3 4 5 3 4 2 3 4 5 3 4 1 4 2 3 2 5 4 3 5 5 2 5 2 2 3 1 3 1 1 5 2 3 4 2 4 4 4 3 2 5 3 4 2 1 3 3 3 3 4 3 4 1 4 2 1 2 3 2 2
5 1 2 3 4 2 1 2 1 5 5 4 1 2 3 1 1 4 1 2 2 5 4 5 4 3 2 5 4 2 2 5 5 2 2 5 4 2 3 2 2 5 3 5 2 3 5 3 2 2 5 2 3 2 5 4 2 2 5 4 2 3 2 4 3 3 4 2 3 3 1 5 2 1 5 1 3 5 5 5 4 5 5 1 1 5 2 5 4 3 5 2 5 2 5 5 4 4 3 4 2 1 3 4 2 3 4 5 3 4 1 2 4 1 2 2 1 1 2 1 3 1 1 5 3 1 2 2 3 2 5 1 5 5 2 1 3 4 1 1 5 2 5 4 3 4 2 2 4 2 2 1 2 2 5 5 3 5 3 1 4 4 3 3 2 3 3 4 5 3 2 3 5 2 4 5 5 3 2 1 5 3 5 4 2 2 4 1 4 3 5 1 1 3 3 3 1 1 1 3 5 5 1 5 2 5 3 1 4 4 4 5 3 3 5 5 5 4 5 1 5 2 3 2 2 2 3 1 2 4 3 3 1 1 2 4 5 5 3 4 1 2 2 1 5 2 1 4 5 1 1 0 3 5 1 5 1 4 1 1 3 1 3 3 3 2 1 5 5 1 4 5 5 2 3 3 1 5 2 1 3 5 1 5 3 3 5 1 2 2 4 4 1 3 5 5 1 1 1 2 2 4 1 5 5 3 4 2 2 3 5 3 5 4 2 5 5 2 2 4 3 3 3 1 5 5 2 1 2 1 2 4 3 5 4 5 4 1 4 4 4 3 1 2 5 4 4 2 4 4 5 3 5 2 5 4 5 5 2 1 3 4 3 3 4 1 1 2 4 3 1 1 1 3 1 1 4 4 3 4 2 1 4 1 4 5 3 5 1 4 1 3 2 5 4 2 2 3 3 1 5 2 3 4 2 4 1 4 5 1 4 2 5 5 2 1 4 1 1 1 1 3 5 2 2 1 1 5 4 2 4 5 2 2 2 3 4 3 1 4 5 3 5 5 4 4 5 4 3 3
2 5 3 5 3 1 3 3 5 3 3 3 5 5 3 3 5 1 3 1 2 3 2 5 2 5 1 1 1 5 1 5 1 1 2 3 2 1 3 4 1 1 4 3 2 1 4 2 1 4 2 5 5 4 2 4 1 2 3 4 5 2 1 3 4 2 3 2 5 1 5 3 2 5 5 3 3 3 2 5 4 5 5 2 4 1 5 3 3 1 1 1 2 1 2 5 5 4 1 2 1 3 2 1 3 1 2 1 1 4 3 2 2 2 2 5 3 5 5 2 4 5 5 5 5 5 4 3 2 5 5 2 5 2 5 4 1 3 5 2 3 1 4 1 2 3 5 1 2 4 2 5 3 3 4 4 3 5 1 3 3 2 1 5 1 3 4 3 5 2 5 3 4 3 2 2 5 3 3 2 1 2 3 2 5 5 4 1 3 1 5 4 5 1 3 2 1 3 1 2 2 2 2 4 1 4 4 3 5 4 1 1 4 3 1 3 3 4 5 2 1 1 3 5 1 5 1 2 5 3 1 5 3 1 2 2 4 1 5 5 5 2 3 4 5 3 5 1 4 1 3 4 0 1 3 4 3 2 2 1 5 4 4 1 1 2 2 2 2 3 2 1 4 2 4 2 1 1 4 2 4 1 1 3 4 4 1 5 2 2 2 5 4 1 2 1 3 2 4 4 1 4 1 1 2 4 2 3 5 4 1 5 2 4 3 4 3 5 3 3 1 1 3 5 1 2 5 1 4 1 5 2 1 2 5 5 4 1 4 3 2 2 2 5 5 2 2 5 4 5 3 2 4 1 2 1 4 4 2 4 4 3 3 4 3 4 3 4 3 3 2 5 2 3 5 1 5 5 1 2 2 1 5 5 5 4 4 1 4 4 3 2 2 3 3 4 1 4 4 2 4 2 2 4 2 2 1 3 2 3 3 2 5 3 2 1 1 2 5 4 5 5 2 3 5 2 5 1 1 1 4 2 3 3 2 2 2 4 3 1 4 1 3 5 2 3 1 2 2 5
2 3 2 4 1 3 5 2 2 1 3 4 4 3 1 4 1 1 5 3 5 5 5 5 3 4 2 1 2 2 3 2 3 1 1 3 5 1 1 5 4 2 4 4 3 2 1 1 5 2 4 1 2 1 5 2 1 4 2 2 2 4 3 5 4 1 1 2 1 3 5 4 4 5 3 1 2 3 4 2 3 5 3 1 2 2 2 4 2 2 2 1 3 1 2 4 4 2 5 4 2 2 1 1 4 4 3 1 1 1 4 5 1 3 3 5 4 2 5 3 4 5 5 4 3 2 1 2 2 1 3 5 3 3 2 5 2 2 1 4 5 3 4 3 2 1 4 3 3 2 1 2 4 2 5 1 4 3 2 1 2 1 2 5 2 4 1 3 4 5 4 5 2 2 3 1 2 1 3 4 3 1 3 4 5 1 4 5 4 1 3 4 2 2 3 2 1 4 2 5 2 2 4 2 1 5 3 1 1 2 4 2 1 4 3 2 3 2 5 4 1 1 4 2 4 5 5 4 5 1 3 3 4 3 5 2 4 3 1 3 1 4 5 1 2 2 4 4 5 4 4 4 4 0 3 3 2 4 1 2 2 3 3 3 1 2 4 3 4 3 1 4 5 3 1 2 2 3 3 2 3 3 4 4 2 3 1 3 1 1 5 5 4 5 4 5 2 4 5 3 3 1 2 1 1 2 3 2 3 3 5 2 4 4 2 3 1 5 3 1 5 1 1 3 3 4 4 2 5 4 2 4 3 1 2 2 3 5 3 5 5 1 3 2 1 5 5 4 4 1 2 3 1 4 4 1 3 2 5 3 5 2 1 4 4 2 4 2 2 4 4 1 5 2 1 4 5 1 4 1 5 3 4 5 2 5 5 1 5 3 5 1 3 1 4 3 4 2 1 2 3 1 3 1 2 4 1 3 3 5 5 5 5 3 4 2 5 3 3 5 5 5 2 2 1 1 1 4 2 4 2 4 5 3 4 1 5 2 1 3 4 3 1 3 5 2 2 2 4 3
1 4 2 1 5 2 4 5 2 3 4 2 2 1 4 4 3 2 4 1 1 2 4 3 4 5 1 2 3 2 1 4 1 1 1 5 3 2 3 1 3 2 1 3 1 1 1 5 1 4 4 5 2 4 2 2 3 2 4 4 4 4 3 4 5 1 1 5 1 4 4 3 3 3 5 3 3 4 4 2 5 1 3 4 4 5 5 1 2 2 5 5 4 5 1 4 1 4 1 1 4 4 4 1 1 1 3 4 2 2 1 4 3 4 4 3 5 4 2 3 4 4 3 2 2 5 1 1 2 3 4 2 3 3 4 3 2 5 2 1 2 1 2 5 1 4 2 1 1 5 3 2 4 3 4 2 1 5 3 4 3 3 4 5 3 4 4 2 3 3 3 4 2 5 4 3 3 2 5 1 3 2 2 5 3 2 4 3 5 1 4 1 2 3 2 4 1 4 3 2 5 4 3 2 4 2 3 3 2 4 3 5 1 3 5 3 3 1 2 3 4 4 3 1 5 3 4 4 3 1 5 3 1 4 5 4 2 4 1 4 4 4 5 4 5 4 5 1 2 1 4 4 2 1 0 2 2 1 5 1 2 3 2 1 1 2 3 2 5 2 4 4 5 1 3 2 3 2 2 4 3 5 2 4 1 3 1 1 3 5 1 4 4 4 4 1 3 3 2 3 4 5 1 4 2 1 1 3 5 4 1 4 5 3 2 3 1 4 2 2 1 3 5 2 5 4 3 3 1 3 1 3 5 5 3 2 4 5 2 3 1 3 4 5 4 3 2 2 2 3 1 1 2 3 4 4 2 1 5 2 1 2 4 5 3 4 5 2 3 4 2 3 5 4 5 4 5 3 2 5 3 1 5 5 1 5 3 4 1 4 2 2 3 3 3 4 2 2 5 1 5 3 3 4 4 1 1 4 1 4 4 1 1 2 4 1 3 3 1 1 4 2 5 4 3 5 5 1 3 5 3 1 2 1 4 2 1 3 4 3 5 1 1 4 3 1 4 3 1 4
3 5 5 2 1 2 3 1 2 1 5 2 4 5 3 1 5 1 4 5 4 5 3 2 1 5 5 1 4 5 4 3 4 1 2 3 4 4 1 5 1 5 3 1 3 4 2 4 3 4 1 5 4 1 3 5 2 3 1 2 1 3 4 4 5 3 4 1 3 3 3 1 3 1 2 1 5 3 3 2 3 5 5 4 4 4 5 2 1 1 1 2 4 4 1 3 4 3 1 2 2 5 3 3 1 3 5 3 3 2 3 4 1 3 2 5 2 1 3 4 1 2 2 4 1 4 5 1 5 1 3 2 3 3 3 2 2 3 5 3 4 2 2 4 4 4 5 3 1 3 1 3 2 1 5 5 4 4 2 2 4 5 4 4 5 4 5 2 1 5 4 4 4 5 2 1 5 5 4 2 4 4 1 4 5 2 1 5 3 4 3 4 3 4 5 4 5 5 5 5 2 2 2 1 1 3 3 4 1 4 3 1 2 4 1 1 2 3 5 4 4 3 3 2 3 1 1 2 5 1 4 2 5 4 2 1 5 4 5 4 1 2 1 4 5 1 1 2 4 2 3 3 3 4 3 0 3 2 2 3 4 3 1 1 3 1 5 2 4 5 2 4 2 3 2 5 5 2 2 3 2 2 4 5 4 1 5 2 1 1 4 4 2 4 3 1 2 4 3 2 3 2 1 4 3 2 2 3 3 1 1 2 1 4 1 1 2 5 5 4 1 1 4 5 4 2 5 3 3 2 1 1 5 3 2 1 3 4 1 2 5 2 2 1 1 5 1 2 4 1 4 1 4 2 5 1 1 2 1 1 4 2 5 2 2 4 4 2 2 4 4 3 5 1 3 5 4 1 4 1 1 3 4 1 4 2 2 3 4 3 4 5 2 4 2 1 2 1 3 3 5 4 3 3 1 3 4 1 4 5 4 3 1 5 1 2 4 2 4 2 3 4 2 2 2 3 3 5 5 2 1 5 5 4 4 2 5 2 2 2 1 1 5 4 5 4 4 1 4 1
3 5 3 4 5 2 1 2 2 2 2 4 3 5 4 4 3 5 2 3 4 3 4 2 2 1 5 2 3 1 2 4 2 3 4 3 4 3 1 1 4 5 3 3 1 3 1 5 1 3 3 3 1 5 5 3 3 1 2 2 4 4 4 4 2 4 2 3 2 5 1 2 2 1 5 1 4 4 1 5 2 3 3 3 2 2 4 1 3 1 3 5 5 4 5 1 4 4 3 3 1 3 1 3 5 3 3 1 1 2 3 5 2 3 5 5 2 5 3 3 4 5 1 3 2 4 3 3 5 4 4 4 2 1 4 1 4 4 1 1 4 2 2 1 3 4 1 2 4 2 2 3 4 1 5 5 3 3 1 2 1 2 1 2 5 2 5 1 4 2 3 5 1 1 4 1 5 3 3 5 1 5 5 5 5 3 5 5 3 1 2 5 5 2 2 2 5 4 3 1 2 2 3 3 3 5 4 4 3 4 2 2 2 1 4 1 2 1 3 1 1 3 5 5 3 4 1 4 4 3 2 4 4 1 3 1 1 5 4 4 4 4 5 4 1 3 2 5 2 2 4 3 1 4 1 5 0 2 3 5 2 2 3 2 1 2 3 4 1 2 5 1 2 4 2 1 1 1 1 4 1 2 5 5 4 5 4 5 3 4 4 4 2 3 2 5 4 3 2 4 2 4 2 3 1 4 1 1 3 3 5 2 2 2 3 4 4 2 3 3 1 2 4 1 5 4 5 5 4 5 2 5 5 5 1 4 4 5 5 2 3 1 2 3 4 2 5 5 3 2 3 3 4 3 5 2 4 5 4 5 1 1 5 3 1 2 2 1 1 2 5 2 3 1 1 4 1 2 4 2 2 2 1 4 3 3 4 1 3 3 1 3 5 3 1 2 5 2 3 3 2 3 2 1 1 1 1 4 4 5 1 2 1 2 2 4 1 4 3 3 3 3 2 2 1 3 4 2 3 1 3 5 4 1 2 2 4 3 1 3 3 4 2 3 5 1 3 4 5 5
2 5 2 3 4 5 5 2 1 3 5 5 3 4 4 4 2 5 4 5 5 4 5 5 4 4 3 4 2 1 4 2 1 2 4 1 5 4 3 4 5 1 3 4 1 4 1 3 3 2 2 2 2 2 3 4 4 3 3 4 5 1 2 5 2 4 3 4 4 5 1 4 4 1 2 3 2 2 2 1 3 4 3 3 1 4 4 2 3 2 1 4 3 2 3 5 1 4 1 5 2 1 1 4 4 1 5 3 5 4 3 1 3 2 3 1 1 3 2 2 3 4 3 5 2 3 3 4 2 1 1 2 3 5 4 3 4 3 5 4 1 4 3 3 2 1 1 2 1 4 1 2 4 3 2 3 5 4 3 4 1 3 5 4 4 4 5 2 3 5 3 2 4 5 4 5 3 2 5 1 4 3 1 1 1 3 1 4 5 4 1 5 1 5 1 2 4 1 2 5 1 1 3 2 2 1 4 2 4 5 3 1 4 4 5 2 3 4 3 5 3 2 4 4 3 4 1 1 3 1 3 2 2 4 2 3 3 2 2 1 4 4 3 2 2 2 3 5 3 3 2 3 3 5 4 2 1 0 2 4 3 3 5 3 4 2 3 1 4 5 2 4 5 4 3 5 1 1 1 2 1 5 1 4 2 1 4 2 5 3 3 4 2 5 3 3 3 3 2 1 3 1 3 4 3 4 3 4 5 5 5 5 2 2 4 5 4 2 1 3 4 5 1 3 2 5 3 5 5 4 5 5 1 2 2 4 5 4 2 5 3 4 1 3 1 2 1 2 1 4 5 5 4 3 2 2 3 3 4 1 1 5 2 1 4 3 5 5 3 2 2 2 1 4 5 1 3 1 5 4 4 4 1 3 3 5 5 3 1 4 3 1 2 1 4 1 2 1 5 5 4 1 1 4 2 4 4 2 3 3 4 5 5 1 2 2 5 5 2 5 4 1 3 3 2 1 5 5 2 5 2 3 3 2 3 1 4 3 1 2 5 5 5 5 2 1 3 3 4 1
4 1 2 5 3 5 2 4 2 2 1 4 3 4 2 4 3 3 5 4 5 3 1 1 4 2 4 1 4 3 1 5 1 2 2 1 4 3 4 3 3 5 1 3 5 4 5 4 5 2 1 4 1 2 5 2 2 2 5 1 4 1 2 4 3 1 1 4 3 5 2 3 3 2 1 5 2 1 1 4 5 4 2 2 3 2 3 5 1 5 4 4 4 3 2 4 2 2 2 4 1 5 1 2 2 1 3 1 3 4 1 4 3 4 2 5 4 5 2 2 1 3 1 2 4 5 5 4 2 5 5 4 5 1 5 1 4 3 2 5 2 1 4 4 3 2 2 3 4 3 3 1 5 2 3 2 4 5 4 3 2 1 5 4 5 5 2 2 4 4 5 2 5 2 2 1 2 2 5 3 2 4 1 2 2 1 4 3 4 1 5 2 4 1 2 3 5 2 2 5 2 1 1 5 2 2 1 3 5 5 2 5 1 1 3 1 3 1 2 3 1 2 5 2 2 4 2 4 5 1 3 2 1 5 1 1 2 2 3 3 1 3 2 1 2 1 1 4 1 4 3 5 2 4 3 2 3 2 0 1 4 2 2 1 3 2 1 1 2 3 4 1 2 3 5 3 2 5 2 1 2 4 3 5 3 5 3 4 4 5 1 5 1 2 1 3 3 4 3 4 5 2 3 2 2 3 2 5 3 1 5 5 2 3 2 5 4 2 4 4 5 5 5 4 5 3 3 3 4 4 1 2 5 5 4 1 2 3 4 5 2 3 3 4 5 3 2 2 3 5 1 3 3 1 1 2 4 2 3 3 5 3 4 1 3 3 3 4 3 4 1 3 2 5 4 1 1 1 3 4 1 5 3 5 1 3 1 1 5 1 3 2 1 3 1 5 5 1 1 2 2 5 1 1 4 1 3 3 1 3 2 3 4 5 5 4 1 2 2 1 4 1 5 4 4 5 1 1 1 5 1 5 5 3 3 4 4 1 4 2 2 3 4 5 2 5 4 3 4 4
5 3 1 4 5 3 3 2 1 2 1 3 4 1 1 1 5 3 4 2 5 5 1 5 1 1 3 3 4 2 3 2 2 5 3 2 3 2 1 4 3 4 3 5 3 2 5 2 3 5 1 4 1 2 4 4 5 4 2 2 2 3 4 2 2 3 1 5 4 1 1 3 4 4 3 2 5 2 3 2 3 1 4 1 1 1 3 5 4 1 1 4 3 2 2 1 5 3 3 2 1 3 3 3 4 4 3 4 3 3 2 5 5 4 1 4 2 3 5 4 3 5 5 2 4 3 5 4 3 3 1 2 2 4 4 3 3 3 5 4 5 4 1 2 2 5 4 5 1 3 2 2 1 2 4 2 5 1 4 1 5 3 4 2 3 1 1 4 2 1 5 5 2 2 1 5 3 1 3 5 5 1 5 1 3 1 2 4 5 2 4 1 4 1 1 4 2 3 1 3 1 2 3 3 2 2 4 2 1 4 3 2 1 3 5 1 3 5 2 1 1 2 2 1 4 2 2 1 5 3 2 1 3 5 1 2 2 2 3 1 3 5 1 1 4 4 2 2 5 3 4 4 5 2 3 2 4 2 3 0 4 4 1 2 4 5 1 3 3 4 3 2 1 3 4 2 2 5 2 1 2 1 1 4 3 1 3 4 3 3 4 4 2 3 2 5 2 1 1 3 5 5 3 2 4 4 2 2 4 2 2 2 1 2 1 1 5 3 4 3 4 3 1 1 2 3 4 2 4 1 3 2 3 5 3 5 4 1 5 4 5 4 1 4 4 3 2 3 3 2 5 5 2 3 2 3 5 2 2 5 1 5 3 5 1 4 5 3 2 2 2 1 2 3 1 1 5 3 5 5 4 5 1 4 2 3 5 2 1 4 4 2 2 3 4 3 3 4 3 2 4 1 2 1 3 2 2 3 3 2 5 1 5 5 4 2 3 3 4 2 3 5 2 5 1 4 1 1 1 1 4 3 5 4 2 2 4 1 3 5 1 2 3 2 2 2 4 3 5 1
5 1 4 1 1 5 3 3 4 4 5 2 3 3 2 1 1 1 3 4 2 4 1 1 1 5 1 2 4 5 5 5 4 3 1 1 5 3 3 3 3 2 2 4 2 1 1 1 2 1 3 3 2 2 2 4 4 3 1 2 2 5 3 5 3 3 1 2 1 5 2 4 2 1 5 1 4 4 2 5 2 2 4 2 4 1 1 3 4 2 4 1 1 2 2 4 4 4 5 3 3 2 3 1 2 4 2 2 3 2 2 3 4 5 4 4 5 2 5 3 1 4 3 3 5 1 3 1 4 1 1 4 3 3 1 2 4 1 4 1 1 1 2 5 3 3 2 3 3 3 3 1 3 4 5 1 5 3 2 4 5 1 1 2 2 3 3 5 3 3 1 2 3 2 2 4 2 2 1 1 5 3 1 5 4 1 4 3 5 5 5 1 3 4 3 4 2 5 5 4 4 3 1 5 4 3 1 5 1 4 3 5 2 5 1 4 4 2 1 5 5 4 1 2 2 5 5 3 5 5 2 4 1 1 1 3 5 5 3 2 3 5 1 4 5 4 5 1 4 3 1 5 5 3 3 3 4 2 2 1 0 3 1 5 2 2 3 4 1 5 4 1 4 1 4 3 1 5 1 2 2 5 3 3 4 1 4 4 1 4 2 3 4 2 3 3 4 5 4 1 2 3 2 5 2 3 3 1 1 4 4 4 4 4 1 2 2 3 3 2 2 3 3 1 2 1 1 4 4 2 3 5 5 4 5 4 3 4 3 3 1 3 1 1 1 4 2 2 4 3 3 1 3 2 3 4 2 5 1 3 3 5 4 2 3 4 2 5 1 1 4 2 5 3 2 3 5 3 5 2 4 2 5 3 2 4 2 1 1 3 1 1 4 3 3 4 1 5 5 5 4 5 2 2 3 2 1 3 2 4 1 2 5 1 3 4 1 4 3 4 1 5 2 4 3 5 3 5 4 2 1 4 1 3 5 4 5 4 3 5 4 2 1 2 5 2 2 2 4 5
5 5 1 5 3 2 2 2 1 3 1 2 1 3 3 2 5 3 3 1 1 5 4 4 3 4 1 2 2 3 2 4 3 5 4 2 4 2 5 4 2 2 2 1 4 5 4 3 5 3 5 4 1 5 3 4 4 5 2 2 1 1 2 5 4 5 2 1 1 2 2 2 5 3 3 3 2 5 2 4 4 5 1 1 3 2 2 4 3 1 2 4 4 2 5 3 1 3 4 4 1 2 3 4 3 1 5 1 5 2 2 2 5 3 2 4 2 3 4 4 1 5 5 3 3 4 3 3 3 3 1 2 3 4 1 4 3 2 5 4 4 3 4 1 3 1 4 4 3 1 2 5 3 5 4 2 4 2 1 2 3 3 1 2 2 2 3 2 4 3 5 1 4 3 4 5 4 4 3 4 1 5 2 4 1 3 3 3 1 1 4 1 1 2 4 1 2 2 3 1 4 2 4 3 2 4 1 2 1 5 1 5 1 2 1 2 1 4 5 4 4 1 5 5 3 4 5 2 4 2 2 5 5 1 3 1 5 4 2 3 5 4 3 1 2 3 4 5 4 4 4 3 3 4 5 2 3 5 2 5 3 0 4 2 5 5 1 2 4 4 2 4 2 5 3 4 5 4 2 2 5 2 1 2 4 2 4 4 4 3 2 2 2 1 4 2 2 5 2 2 4 3 1 3 1 1 3 1 3 2 5 5 4 2 2 3 5 1 1 4 5 3 5 4 5 5 3 2 3 5 3 1 4 4 5 2 5 5 4 1 5 3 2 5 2 1 4 1 4 4 3 4 3 2 3 3 3 4 5 3 4 3 2 3 4 1 1 1 3 2 3 5 5 2 2 5 5 3 4 4 3 5 5 4 5 3 3 1 1 1 5 5 2 5 2 4 5 5 3 4 2 1 1 3 3 4 3 1 4 4 1 2 3 4 5 1 4 3 2 5 5 4 2 4 3 3 2 5 1 5 5 1 1 4 4 2 1 5 4 1 2 2 1 3 5 2 3 2 5 2
5 3 5 1 4 3 2 2 4 3 3 3 2 2 1 3 5 3 1 3 3 1 3 3 1 2 2 4 2 3 3 4 5 4 5 4 2 3 2 2 1 4 5 3 4 3 5 1 5 1 5 4 2 5 5 1 5 2 4 1 1 3 4 4 2 5 3 3 2 1 4 2 1 4 2 1 3 5 3 5 2 3 4 1 4 4 4 1 1 4 4 2 3 1 4 4 1 1 5 3 3 5 4 1 5 2 1 5 4 4 4 3 5 2 4 2 2 1 2 5 2 3 4 5 4 3 5 5 2 3 5 1 1 4 2 2 3 3 1 4 4 4 2 3 2 2 3 2 1 1 1 2 2 3 4 4 5 2 1 3 2 4 4 2 1 2 4 4 2 1 3 4 3 3 2 2 3 3 1 4 3 2 3 4 3 3 3 2 5 5 4 1 5 4 2 1 5 2 1 3 4 1 2 1 3 4 3 2 4 5 3 4 4 2 1 1 5 1 1 1 4 1 3 4 4 5 4 2 2 4 3 2 1 5 5 4 5 5 4 5 2 3 4 3 2 4 2 2 5 4 1 1 5 4 5 2 2 3 4 5 2 4 0 3 5 5 4 4 1 2 3 5 5 4 1 5 2 2 3 3 5 4 2 2 1 3 1 5 5 3 4 3 1 2 1 2 1 3 1 3 4 1 1 4 2 5 3 5 2 1 2 5 1 3 3 3 3 2 1 2 3 4 5 1 2 5 3 1 5 4 2 1 5 5 2 3 5 2 5 2 5 5 2 5 3 1 4 2 5 2 2 2 2 5 2 1 1 1 5 5 5 4 2 4 1 3 3 5 3 1 2 3 3 1 4 5 2 2 3 2 1 4 2 5 1 3 5 1 3 4 3 3 2 5 2 1 3 2 1 3 2 2 1 1 3 1 4 2 3 1 1 4 3 2 5 3 1 3 2 4 4 5 2 1 4 1 4 4 4 5 5 5 4 1 5 1 3 4 1 2 2 1 5 2 1 1 3 3 1 3
5 4 1 4 4 4 5 4 5 1 4 3 1 4 4 4 4 3 3 1 4 2 2 3 2 5 1 1 1 5 3 3 2 4 2 2 2 2 4 4 5 5 1 5 2 5 4 2 5 3 5 3 5 2 1 3 4 4 4 2 5 3 3 4 1 4 4 5 5 2 2 1 4 1 5 4 4 2 5 5 5 2 3 2 2 3 5 2 1 5 4 5 2 5 4 1 5 1 1 1 2 4 1 4 4 1 2 5 1 1 2 2 5 2 4 2 5 5 2 2 1 5 1 1 1 2 4 3 5 2 5 1 2 2 3 3 3 3 2 5 3 2 2 5 1 2 3 3 3 2 3 4 1 1 2 1 5 4 4 2 2 3 2 2 5 3 5 2 5 3 4 1 4 3 3 1 4 5 5 5 1 2 1 3 2 5 5 2 2 3 2 5 2 5 1 3 4 1 4 2 4 4 3 3 4 2 4 2 5 3 3 4 2 3 4 2 5 1 1 4 2 1 4 4 4 3 2 3 2 2 2 1 5 2 1 2 2 3 1 2 4 4 1 5 2 1 3 1 5 4 5 5 4 3 4 5 1 5 1 1 5 5 1 0 4 1 2 2 2 1 3 2 4 4 2 4 5 4 1 4 1 3 1 3 4 3 2 4 3 1 4 4 1 1 2 2 3 4 2 3 1 1 4 5 2 4 3 5 3 5 2 5 4 4 2 4 4 1 2 4 4 5 5 4 5 4 5 5 2 4 1 3 1 3 3 4 2 4 5 5 3 3 3 4 2 4 5 5 1 2 5 2 4 5 5 4 2 4 2 3 1 5 2 4 3 2 4 2 4 4 5 2 3 5 1 2 2 3 3 4 1 5 2 4 1 2 3 1 1 3 5 2 2 4 2 4 2 2 4 1 4 1 4 4 2 2 4 2 1 5 4 4 5 5 5 2 4 1 4 3 2 5 1 1 1 5 2 5 3 5 1 5 4 1 5 3 3 2 2 2 1 2 1 3 2 4 2 5 5 2
5 4 5 5 1 1 5 4 2 3 3 1 2 5 3 2 1 2 2 3 1 4 1 5 3 1 5 1 1 3 2 5 4 3 5 2 4 2 3 4 5 5 1 3 2 4 5 1 5 1 1 3 1 3 3 1 2 4 3 1 2 3 4 2 3 4 5 1 4 4 1 5 1 3 4 4 5 4 1 2 2 3 5 2 5 1 3 1 2 2 2 3 4 5 2 4 1 3 1 3 4 2 3 3 1 3 3 5 4 1 2 1 3 5 1 1 4 3 4 3 2 3 3 3 5 2 3 4 5 1 1 1 5 3 2 5 2 1 2 1 1 2 5 5 2 2 3 1 2 5 3 1 5 4 2 3 4 2 3 3 4 4 1 2 3 4 1 2 2 5 1 1 2 1 4 2 4 2 3 4 1 4 3 1 3 3 4 3 4 5 1 5 2 3 4 1 3 2 5 3 4 3 1 1 4 5 4 4 5 1 3 4 1 4 1 1 4 1 1 1 4 3 2 5 1 4 2 2 1 3 5 2 3 1 1 4 1 2 1 3 2 3 3 4 4 3 3 1 4 3 2 4 4 1 5 5 4 5 4 1 5 4 4 4 0 4 5 2 1 2 4 3 2 3 3 1 3 4 2 2 3 5 1 5 2 2 2 2 4 3 4 3 2 2 3 3 1 4 1 3 1 4 4 1 1 1 5 3 5 5 2 5 4 1 2 4 2 1 3 4 1 2 2 3 1 2 5 2 3 3 1 1 1 1 2 1 5 1 2 5 3 4 1 4 1 3 5 5 5 2 3 4 5 3 5 3 2 4 2 4 4 1 1 4 3 4 2 2 3 3 1 1 1 1 3 3 2 2 3 1 2 5 2 2 3 2 4 2 5 2 2 4 2 4 3 2 5 2 1 4 4 2 1 5 2 3 5 1 2 2 4 4 1 4 5 3 4 3 2 3 3 4 3 5 5 1 3 3 2 1 5 2 3 2 2 4 1 2 4 4 3 3 5 4 1 2 3 3 1 1
3 1 1 4 3 3 2 4 3 2 1 2 5 3 2 4 1 3 4 4 1 2 4 1 4 4 4 5 5 4 4 5 4 4 5 1 2 3 1 4 1 2 5 4 3 2 2 4 2 1 4 4 4 1 2 3 3 3 3 1 5 5 2 3 1 5 4 1 5 1 4 5 4 4 4 4 4 3 3 5 4 1 4 2 5 2 4 3 3 3 3 4 1 5 3 3 5 3 1 1 3 4 2 4 4 3 3 4 1 1 1 2 1 4 2 5 2 2 3 3 1 3 2 5 3 3 5 5 5 5 3 3 5 1 2 4 1 3 1 4 4 1 3 2 4 5 4 2 3 3 4 5 3 2 2 2 1 4 1 3 2 5 5 5 4 2 4 4 5 1 4 4 4 1 4 4 3 1 3 5 3 3 3 1 2 3 4 1 4 1 3 1 5 4 3 2 4 1 5 4 5 1 1 3 4 5 4 5 2 2 2 5 1 2 1 2 5 2 3 2 4 2 5 3 3 2 2 4 3 5 2 2 5 5 5 2 4 3 5 3 3 5 4 1 5 3 1 3 5 5 5 3 4 1 4 4 1 4 4 4 5 2 2 2 5 0 2 1 5 4 1 5 5 4 4 5 4 1 1 2 3 3 4 5 3 5 4 3 1 2 1 4 5 4 1 4 2 4 1 4 2 4 3 4 2 2 5 1 2 1 3 5 3 2 2 2 2 4 3 2 2 2 4 3 2 1 2 4 4 1 4 2 4 1 3 4 5 1 5 3 5 5 1 3 1 5 1 1 4 2 4 4 3 1 1 4 5 2 1 5 4 1 1 4 2 2 5 3 4 2 5 4 4 2 1 5 4 3 1 3 4 1 1 1 5 2 3 2 5 1 3 1 3 1 2 3 3 4 4 2 2 1 2 5 4 3 5 1 1 5 2 1 3 5 5 4 5 4 5 1 4 2 1 2 4 4 1 1 3 3 1 5 3 3 1 5 4 5 4 2 4 5 2 3 3 4 4 4 3 4
5 5 4 5 3 2 5 3 2 1 5 2 1 2 1 1 4 4 2 1 4 3 5 3 2 5 5 5 2 2 3 3 4 5 2 2 1 3 3 1 2 2 3 1 5 5 2 4 4 5 1 4 2 5 5 1 1 1 3 5 2 3 5 5 5 2 1 4 5 3 3 2 5 5 2 2 2 1 1 5 4 2 5 1 2 2 5 2 4 3 4 1 5 3 2 4 2 3 3 2 1 2 1 2 4 3 5 5 3 3 3 3 1 1 4 2 5 4 4 3 1 2 1 5 2 2 5 3 4 2 4 4 5 1 1 5 1 4 3 1 1 1 2 1 4 1 3 1 4 5 1 1 1 4 1 2 1 3 2 4 1 5 1 5 4 4 5 5 1 5 2 4 5 4 5 3 5 1 5 4 1 2 4 5 1 2 3 1 4 2 3 3 5 2 1 2 3 2 5 1 3 4 1 3 4 1 3 4 4 5 2 2 1 5 1 4 1 5 2 4 2 4 5 4 5 1 3 4 4 5 5 5 1 5 2 3 3 4 1 5 4 4 1 4 1 3 2 5 1 2 2 5 5 4 5 2 2 3 5 2 2 4 4 3 3 5 0 5 1 3 4 3 1 4 3 4 1 5 1 3 5 2 1 3 2 4 5 4 5 1 5 2 1 4 4 1 2 1 3 2 1 2 4 2 3 3 5 3 4 1 5 3 3 2 3 2 4 2 2 3 2 3 5 4 2 5 1 1 4 4 5 4 4 2 2 5 4 1 4 1 4 3 4 3 1 5 4 1 1 4 3 3 3 2 1 1 5 4 5 5 4 4 1 3 5 2 1 4 3 1 2 5 2 1 4 3 4 1 1 1 5 3 5 3 5 4 2 2 1 3 5 5 5 4 3 1 3 5 3 5 1 1 5 2 4 1 5 4 3 4 3 1 1 3 3 3 2 5 5 5 2 3 4 1 5 3 3 1 2 1 3 3 3 3 2 2 5 5 1 2 1 1 5 4 2 1 2 1 3 2
5 2 5 1 1 2 3 5 4 2 1 4 4 2 1 3 5 4 2 1 4 5 1 4 2 2 5 1 5 4 2 3 5 3 4 4 3 1 3 5 2 1 3 1 3 3 1 3 4 2 4 5 4 3 5 3 2 3 2 2 4 4 2 4 5 1 5 5 4 2 4 2 1 4 4 5 3 1 4 4 5 2 5 1 4 5 2 1 3 3 5 3 1 3 4 3 3 1 3 1 1 3 3 5 1 1 2 2 2 2 1 4 5 1 3 4 2 1 1 1 3 2 3 3 5 4 2 1 1 1 4 4 5 1 3 4 3 5 1 3 2 4 2 5 3 3 1 1 5 3 4 2 4 3 4 4 1 1 4 1 5 4 3 3 4 2 5 2 4 2 4 1 3 2 5 2 5 1 1 2 5 3 2 1 3 1 4 3 1 3 1 4 1 5 3 2 4 1 2 3 1 4 1 4 3 4 1 1 3 1 2 1 2 2 4 2 1 1 5 4 4 1 2 5 1 5 2 4 5 1 3 2 3 4 3 1 4 4 3 5 4 3 4 1 2 3 4 5 3 3 3 4 2 2 4 4 5 5 3 5 5 1 4 3 2 5 2 0 5 4 2 1 1 2 1 1 5 3 2 3 3 1 5 1 2 3 4 3 1 1 1 5 5 1 3 2 1 2 4 1 2 3 3 2 1 4 5 4 1 5 2 2 2 1 3 1 5 2 2 4 1 1 3 1 1 1 1 2 1 3 1 2 3 1 2 3 4 3 3 3 3 3 3 1 4 2 2 5 5 1 5 2 4 5 2 4 4 1 1 4 3 2 4 4 2 3 5 1 3 4 4 2 1 3 5 3 4 2 1 5 1 1 5 5 2 1 2 3 2 1 5 4 4 1 1 1 4 1 4 3 5 5 1 4 2 4 5 3 1 2 4 5 3 5 2 4 2 1 1 3 1 5 4 3 2 1 5 4 3 4 5 5 4 4 1 4 4 4 3 2 3 3 3 3 2 3 2 1 1 1
3 1 3 5 3 3 5 4 3 3 5 2 5 3 1 3 1 1 2 5 5 4 4 5 3 3 3 5 3 2 5 2 1 1 2 4 1 1 3 1 1 2 4 2 3 3 5 1 5 1 2 3 1 2 2 5 3 4 5 5 4 1 4 5 3 4 3 4 5 1 1 2 2 1 1 4 4 2 1 3 1 1 2 1 1 1 1 5 3 1 3 2 3 1 3 5 4 2 4 2 4 3 2 3 3 4 5 1 3 1 1 2 5 4 2 5 4 1 4 4 4 3 3 3 4 4 2 4 1 2 5 1 1 2 5 5 4 5 1 4 1 1 5 5 3 2 5 4 5 3 2 3 5 2 3 5 5 2 1 1 1 3 4 4 2 5 2 3 4 3 2 1 4 3 1 1 1 3 5 4 2 4 4 3 5 1 5 1 5 5 5 5 5 1 1 2 4 2 5 4 2 3 4 4 2 3 2 3 3 1 2 3 2 4 3 3 2 3 2 3 3 1 2 3 1 2 3 3 1 1 4 5 1 2 5 1 2 3 4 3 1 4 3 4 2 3 1 3 1 3 1 4 2 5 4 2 5 5 4 4 1 5 4 3 1 3 5 2 0 3 4 2 5 1 1 1 1 1 4 2 4 4 2 1 4 4 1 2 4 2 2 5 1 4 4 5 1 5 5 3 4 3 1 2 2 5 5 2 4 2 1 1 4 1 1 5 1 4 1 3 2 5 1 4 2 5 3 5 1 2 3 1 5 1 3 1 3 4 3 3 2 2 2 2 4 4 3 3 5 2 2 1 4 5 1 3 4 3 1 5 2 1 2 1 3 2 3 4 1 1 3 4 4 2 5 3 5 2 3 4 3 3 4 2 3 2 4 5 2 3 2 4 4 5 4 4 1 2 2 4 5 2 1 3 4 1 5 1 2 3 2 5 4 4 4 4 2 5 3 5 2 3 3 5 1 2 1 1 2 1 2 2 2 1 5 5 2 4 4 3 3 3 3 5 2 3 2 4 2 4
4 4 5 2 1 5 2 5 5 2 3 4 4 2 2 4 3 1 3 2 5 1 1 1 3 5 5 4 1 2 1 5 2 4 1 2 2 3 2 4 3 4 1 5 3 5 4 1 1 4 5 5 4 4 3 3 5 1 3 3 1 2 3 2 3 5 3 3 2 4 2 5 5 5 2 3 1 2 4 1 2 4 3 4 5 1 5 1 4 1 5 1 4 2 2 5 3 4 3 2 3 1 4 4 5 2 3 5 4 4 3 1 4 4 4 4 2 3 4 4 1 3 3 1 5 2 5 2 2 1 5 5 2 2 3 1 3 3 3 5 3 4 4 5 3 1 2 5 5 1 3 1 3 1 3 1 5 1 1 3 2 1 4 5 1 3 1 3 4 1 4 5 2 2 3 5 3 4 2 3 3 2 1 2 2 1 5 2 5 1 5 3 5 4 5 3 4 5 2 5 4 3 1 2 3 2 2 3 1 1 4 3 1 5 1 4 4 2 2 2 3 1 4 3 3 4 5 4 5 4 3 2 4 2 3 2 3 5 4 5 2 1 5 3 4 3 1 1 4 4 1 4 4 2 4 3 1 2 5 3 2 4 3 1 1 4 3 1 4 0 3 3 2 5 1 5 3 5 1 2 1 3 1 4 1 5 1 1 2 3 5 1 4 2 4 4 4 4 1 2 1 3 5 1 4 4 4 4 4 4 1 5 1 2 2 4 3 2 3 1 3 3 3 1 4 2 3 2 5 1 2 4 1 2 5 4 4 2 5 4 5 2 1 3 4 5 1 5 2 1 5 1 2 4 4 3 1 3 1 3 3 4 3 4 3 3 3 4 1 4 4 1 3 4 1 2 1 3 1 5 5 4 5 1 2 2 2 2 4 5 2 1 1 3 3 3 5 2 2 4 2 5 3 3 4 1 2 4 4 3 5 1 5 2 5 3 4 5 3 5 4 5 2 3 2 1 2 4 4 1 4 1 1 4 1 4 4 2 2 3 2 4 1 3 3 5 1 3 4 3
1 2 4 2 1 4 1 5 2 3 5 3 5 1 1 3 2 2 3 5 3 1 5 1 3 5 5 2 4 2 2 1 5 2 5 4 5 3 3 2 3 5 3 2 1 4 1 3 3 4 5 1 2 5 2 4 4 3 1 2 2 1 5 2 5 2 5 5 1 3 3 4 4 3 1 2 5 2 3 4 5 4 3 4 2 3 3 5 3 3 4 4 1 1 5 4 3 2 2 4 4 2 2 1 5 3 2 1 5 3 4 1 5 4 2 3 1 1 4 2 4 3 4 5 1 2 1 5 2 3 4 2 5 4 1 2 4 1 2 3 2 2 2 3 2 5 3 4 3 2 1 4 5 5 1 4 1 4 4 1 5 2 4 3 2 1 5 1 4 4 1 3 1 5 3 5 3 1 2 4 1 2 5 2 5 3 1 5 2 3 2 5 2 4 1 3 2 5 2 2 3 2 3 3 4 5 1 2 1 5 4 2 3 4 2 5 5 1 5 4 1 3 1 3 4 2 2 4 4 2 5 4 4 5 3 4 4 3 5 3 5 3 3 1 4 1 5 5 2 4 2 4 5 2 3 4 1 2 5 2 1 4 1 2 1 1 1 3 4 4 0 5 5 2 2 3 3 2 2 1 4 5 5 5 1 1 5 5 1 2 4 3 2 3 5 2 1 2 5 4 5 5 3 5 3 4 4 1 4 1 4 2 1 2 4 4 3 4 3 5 5 3 4 1 1 3 2 5 5 4 3 4 4 3 1 3 5 4 1 1 5 3 4 1 1 3 2 2 5 2 4 4 3 4 5 3 2 4 1 1 3 2 1 2 5 3 2 3 2 4 3 4 3 5 1 2 1 1 2 3 2 4 3 2 1 2 2 2 4 1 4 4 3 1 3 1 3 3 5 5 2 3 5 3 3 4 3 4 1 2 5 1 1 5 4 3 1 2 4 2 5 5 5 3 2 2 4 5 2 3 2 3 1 3 2 4 1 4 4 1 2 2 3 2 4 1 4 1 2 1
3 5 3 2 4 3 3 4 1 1 1 4 3 5 1 3 2 5 3 3 3 2 4 5 3 4 2 2 1 2 1 2 2 4 3 2 3 2 5 4 3 2 2 2 3 4 4 1 5 3 1 3 5 5 5 4 5 4 3 3 5 2 3 4 4 1 5 4 5 3 2 5 2 3 3 5 2 2 1 4 2 4 4 1 4 4 3 2 2 1 1 5 1 5 5 3 1 1 4 2 4 5 1 1 4 3 2 4 2 4 1 2 3 4 2 1 3 4 5 2 3 1 3 1 3 2 3 4 3 3 2 2 3 2 5 2 2 3 5 3 4 3 2 4 2 4 1 4 4 1 5 4 1 5 5 3 3 5 1 1 2 1 2 3 3 2 1 2 4 4 5 3 2 2 2 2 1 5 5 4 3 4 5 5 4 3 5 3 4 4 5 1 4 3 3 2 3 4 2 1 2 4 4 5 3 1 3 2 4 1 2 3 2 1 2 3 3 3 1 5 1 3 5 1 4 3 2 3 5 3 4 4 5 4 4 1 3 5 2 5 5 3 1 5 2 2 4 3 5 5 2 5 4 5 1 4 3 1 4 4 4 3 3 2 2 3 2 1 3 1 2 0 2 3 3 5 5 3 3 1 1 4 1 4 4 1 2 4 4 1 5 4 2 5 2 5 4 2 5 2 1 3 4 4 2 5 2 1 1 1 2 2 2 4 4 5 5 2 1 4 4 4 1 2 5 3 3 4 5 5 1 4 5 2 5 3 1 5 5 2 3 5 4 2 4 2 5 5 3 1 1 1 1 5 2 2 3 3 4 1 2 4 5 2 1 3 5 5 4 2 4 1 2 1 4 1 5 5 2 1 5 4 5 5 3 2 4 5 1 2 2 2 2 4 1 2 1 5 1 1 3 4 2 1 1 3 5 2 2 5 2 3 4 3 1 2 3 4 5 3 5 4 5 5 1 5 1 2 3 2 4 1 3 3 5 3 1 5 2 4 5 1 1 3 4 3 1 3 5 3
5 2 2 4 4 3 4 5 5 5 5 5 2 2 4 4 1 4 3 5 3 2 2 4 3 3 4 1 4 1 5 2 2 5 5 2 1 5 2 2 5 1 5 5 2 3 1 2 3 3 1 5 3 4 1 2 4 5 5 2 1 1 2 2 5 1 1 2 1 2 1 4 4 3 2 5 2 2 4 4 3 2 4 2 2 1 4 2 2 1 3 4 4 1 4 1 3 4 3 5 3 4 1 4 3 3 3 3 2 2 2 1 5 2 5 3 2 4 2 5 2 3 1 1 2 2 1 3 2 5 5 2 2 3 3 4 3 5 3 4 3 3 4 2 1 3 5 1 3 1 2 2 3 2 1 2 4 2 2 1 2 3 3 2 2 1 3 3 4 5 2 5 2 1 1 5 1 1 2 5 4 4 5 1 5 2 4 4 4 1 4 4 2 4 4 3 4 5 3 2 4 5 4 4 2 3 1 5 1 1 3 3 2 1 1 2 1 3 2 5 5 2 4 1 5 3 3 4 3 1 4 3 1 5 3 1 2 5 3 3 4 3 5 3 4 2 4 3 1 3 3 3 1 1 5 2 1 4 3 1 5 5 3 3 3 2 1 3 1 3 5 1 0 2 5 2 4 2 3 4 3 1 4 3 3 1 5 1 5 3 5 5 5 5 4 5 1 5 4 2 5 3 4 3 2 1 2 4 5 1 5 1 5 3 2 4 4 2 5 4 1 5 1 4 4 4 2 3 1 5 4 5 3 5 5 4 1 1 4 3 2 2 4 4 3 1 2 5 4 3 3 4 2 1 2 2 4 3 1 4 5 2 2 4 3 3 1 5 2 4 4 2 4 5 2 2 1 1 4 2 1 4 2 3 5 2 5 1 2 4 4 5 1 2 3 3 2 5 1 1 1 1 3 5 3 4 5 4 1 5 2 4 5 3 4 3 5 2 3 1 3 5 3 5 2 3 3 2 5 5 3 2 2 3 2 3 4 5 4 2 4 1 2 2 5 1 1 1 5 3
4 4 1 5 1 3 1 3 5 2 3 4 5 3 1 1 2 4 3 2 4 4 5 3 3 2 3 3 1 2 4 3 1 1 4 4 2 4 3 3 5 5 4 4 5 2 2 4 2 5 1 1 5 2 1 5 3 3 4 5 1 1 4 5 4 1 5 2 1 5 2 1 5 5 1 3 4 5 3 5 4 1 5 3 4 5 5 5 4 2 1 2 3 3 3 3 3 2 1 1 2 5 4 2 5 3 2 1 1 2 3 2 3 3 4 1 5 4 3 1 1 2 5 2 1 4 5 4 3 4 1 1 1 4 4 4 1 3 1 1 3 4 4 1 4 1 3 3 4 1 2 4 4 5 2 1 3 3 4 2 1 4 2 3 3 5 3 3 4 3 2 4 5 1 1 4 3 4 3 4 2 4 5 2 2 1 4 5 5 2 4 5 5 3 1 1 3 3 2 4 1 5 2 3 1 4 1 4 5 3 4 1 3 2 5 3 4 1 1 3 4 2 2 3 5 5 3 3 3 5 3 1 4 1 1 2 4 3 4 5 4 2 3 3 2 1 3 5 5 5 5 2 2 4 1 4 5 3 1 4 1 4 5 5 1 2 3 5 3 1 1 2 4 0 2 3 4 3 3 3 4 4 5 2 1 4 1 3 2 4 3 4 4 5 5 3 3 3 5 4 3 1 5 1 1 5 1 2 2 3 1 1 5 2 3 4 4 1 4 1 1 5 1 5 5 3 5 5 4 1 3 2 3 5 1 2 1 1 4 1 4 1 3 3 4 5 1 1 3 3 1 2 4 2 5 4 1 3 2 5 3 3 4 3 1 2 5 2 3 2 1 5 5 3 2 5 3 4 5 2 5 1 1 3 4 1 4 1 4 5 4 5 3 4 5 5 3 5 1 1 3 1 3 5 1 1 2 2 2 4 4 5 1 1 2 1 2 3 3 3 3 2 5 3 5 5 3 5 4 4 3 5 4 2 4 3 3 4 2 5 2 3 5 5 3 4 4 4 3 1
1 1 5 1 2 5 4 5 4 3 5 2 4 4 4 2 1 5 3 4 3 1 5 1 1 3 1 5 2 1 3 2 3 5 1 3 1 2 5 1 2 5 3 4 5 5 5 5 1 3 5 3 1 5 2 2 1 2 3 1 3 2 4 3 1 4 3 4 3 5 3 5 3 2 1 4 5 4 4 2 3 4 1 2 4 1 4 1 1 2 2 4 2 2 2 5 2 3 1 4 4 4 2 4 4 2 3 5 2 4 1 5 3 2 3 1 1 5 5 5 4 4 2 1 3 5 4 3 2 5 3 5 5 1 3 4 1 3 3 2 4 2 5 3 3 1 4 5 4 2 2 1 2 2 1 1 5 1 3 4 5 4 5 3 1 5 5 1 1 5 4 3 4 5 5 1 4 4 2 3 3 3 1 2 5 4 3 2 5 3 2 2 2 2 3 3 2 1 4 5 3 1 3 5 3 3 1 4 5 5 3 3 3 5 3 3 2 1 5 1 2 2 3 3 1 3 1 1 1 3 5 2 3 3 5 1 3 5 2 3 1 1 5 1 3 1 5 2 5 1 3 1 2 3 5 1 4 3 5 5 2 1 3 5 3 4 3 1 2 2 5 2 2 5 0 2 4 5 2 1 5 1 3 4 2 2 3 2 3 2 1 4 5 5 2 1 1 5 5 3 4 3 5 2 5 2 1 1 4 4 5 2 4 3 1 4 5 5 4 1 5 1 1 5 3 2 2 1 5 2 1 2 1 4 5 3 1 5 2 1 1 3 1 1 5 2 4 1 4 4 2 2 3 1 4 1 4 4 5 4 5 1 3 4 4 2 1 3 2 1 3 4 1 1 5 1 4 2 3 4 4 1 1 3 5 1 4 5 5 2 5 1 5 4 5 2 1 5 2 4 2 1 1 5 3 4 3 1 2 5 4 1 2 5 4 4 3 5 1 4 3 1 3 4 4 2 4 3 4 5 5 3 1 1 1 4 3 3 2 1 1 2 5 4 3 5 2 1 3 4
1 3 4 5 5 5 2 4 1 5 4 5 1 5 3 4 2 2 1 3 1 1 3 3 1 3 4 1 2 2 4 1 3 2 3 1 1 1 3 5 5 3 5 5 4 3 5 4 1 3 1 5 3 1 5 2 2 4 5 3 2 5 4 3 2 4 1 1 1 5 3 5 4 2 2 4 3 4 5 3 3 2 4 3 1 2 1 2 1 1 1 4 3 4 5 1 1 5 4 5 1 4 1 4 4 4 2 2 5 1 2 5 5 2 1 4 5 4 3 2 2 4 5 5 4 2 3 5 1 1 3 5 3 2 3 1 3 2 3 5 5 3 5 3 1 2 3 3 2 1 2 3 1 4 1 3 1 3 3 3 5 1 1 3 2 5 5 1 2 1 5 1 2 2 3 4 3 1 3 5 5 1 3 4 4 4 1 2 3 1 5 2 2 5 5 1 4 1 4 2 5 5 1 1 3 2 4 5 4 2 3 3 4 5 5 3 2 2 1 2 2 2 2 3 3 5 3 4 4 1 5 1 5 2 1 1 2 5 3 2 1 1 2 1 1 3 2 4 2 4 5 1 4 5 4 4 4 3 1 1 5 5 2 2 2 4 1 4 1 2 4 1 5 2 2 0 5 1 2 4 1 3 1 2 2 4 3 3 2 5 1 2 3 2 4 5 2 3 2 3 2 2 4 1 3 2 2 5 5 2 1 1 1 3 1 1 3 2 1 3 1 5 2 2 1 4 2 4 3 4 4 2 4 4 1 3 4 4 4 3 1 3 3 3 2 3 4 4 4 5 2 5 4 1 4 1 4 1 1 2 1 1 3 4 2 3 3 3 2 1 2 4 4 4 3 4 3 5 4 2 2 1 2 4 2 2 4 4 5 1 1 2 4 2 1 1 2 1 4 2 3 2 1 5 3 5 3 3 4 3 5 3 5 5 3 2 2 4 2 3 3 2 2 5 1 5 1 5 1 3 2 1 2 4 5 1 1 2 1 1 2 1 5 2 1 3 5 3 4 5
4 4 2 2 2 3 2 3 4 1 5 2 5 5 1 4 4 3 1 4 2 4 2 4 4 3 2 3 2 4 4 2 2 3 4 3 1 1 1 2 2 1 3 2 3 4 4 5 3 5 4 1 1 4 5 5 2 5 2 2 4 5 4 2 2 3 4 1 2 4 3 1 3 4 1 4 5 1 5 5 1 2 5 1 5 1 2 4 1 1 5 5 5 5 5 5 4 2 5 1 1 2 3 3 4 1 1 2 5 3 4 2 2 3 3 1 2 1 5 1 1 1 5 2 3 3 4 4 5 1 1 2 1 2 2 4 2 3 3 4 3 1 1 2 1 1 1 5 5 5 2 3 4 2 1 2 3 1 3 2 1 1 1 4 1 3 2 3 4 2 2 1 5 4 1 1 5 3 1 2 5 3 5 4 3 4 4 5 5 4 1 4 3 1 1 1 3 2 1 2 5 1 1 4 2 1 3 4 3 3 3 3 2 2 2 1 1 2 4 4 2 3 3 4 3 2 5 3 1 5 4 1 5 2 4 2 1 3 4 4 5 3 4 4 2 3 4 5 1 1 3 4 4 3 3 3 1 3 4 3 2 3 2 3 1 1 3 3 1 4 4 3 3 5 1 2 0 2 1 2 5 1 1 3 2 2 3 1 1 3 5 4 1 5 4 5 3 3 3 1 2 1 3 4 5 3 5 3 5 1 2 4 5 3 4 1 3 1 4 5 1 2 2 3 2 2 3 3 2 5 2 4 1 4 2 4 2 1 5 3 1 2 2 5 3 3 5 1 5 5 1 5 2 2 3 2 3 1 3 2 3 4 5 5 5 2 5 1 2 1 4 3 5 2 2 4 1 3 2 3 5 1 5 2 2 3 5 5 5 2 1 2 4 2 2 2 1 2 4 4 5 3 1 1 4 1 5 4 1 2 1 1 5 3 4 2 5 5 4 3 4 1 5 2 3 3 4 1 3 1 5 3 3 1 3 5 2 3 3 1 4 4 1 2 4 3 2 1 3 3
1 5 1 4 1 3 2 3 4 2 4 1 5 4 4 3 4 1 3 2 1 4 4 2 1 2 5 4 2 4 1 5 5 5 5 1 2 3 3 1 2 5 1 2 2 5 2 1 2 2 3 5 3 1 4 1 2 5 1 1 4 3 4 4 1 3 5 4 5 5 2 2 5 4 5 1 4 1 1 3 5 4 5 4 5 5 2 4 3 1 4 4 5 1 4 4 4 3 1 1 4 3 2 5 4 3 3 2 5 2 3 2 1 4 5 1 1 1 2 5 4 1 4 3 5 4 2 3 5 1 5 4 5 5 3 4 2 2 3 3 1 1 3 5 1 3 4 5 2 4 4 2 5 2 5 3 4 4 2 2 3 3 2 1 1 2 1 4 4 2 2 4 2 5 2 1 1 4 3 4 5 5 5 1 3 4 4 1 4 5 2 1 3 4 4 3 4 1 1 3 4 5 4 5 4 1 2 2 4 3 3 1 3 1 4 3 4 2 2 3 4 4 3 1 2 5 1 3 3 1 4 5 4 5 5 4 1 3 1 4 1 1 5 4 4 4 1 1 4 3 5 2 5 2 2 1 4 4 1 2 2 4 5 5 2 1 1 2 3 3 1 5 4 3 5 2 1 0 3 4 1 4 3 4 3 1 4 5 2 4 4 2 5 4 1 4 2 4 5 2 3 4 4 5 1 4 1 5 4 5 5 2 1 4 4 2 5 2 2 3 2 5 5 5 3 4 2 4 2 3 2 1 5 5 1 4 5 4 2 3 3 2 3 5 1 4 5 3 1 3 5 4 1 4 4 1 1 1 5 3 3 1 3 3 3 4 4 2 3 4 1 4 1 3 4 1 3 1 4 2 2 5 4 1 2 1 4 4 5 3 3 2 3 5 4 4 5 3 2 5 1 4 5 3 4 1 1 1 5 5 5 4 4 2 1 3 3 4 2 2 5 3 2 3 1 5 1 3 2 5 4 3 1 3 2 4 3 2 1 3 1 1 3 4 1 2 5 4 2 3
5 3 1 3 4 5 2 5 1 5 3 1 4 1 2 3 3 2 3 4 1 2 3 3 3 4 3 4 1 3 5 1 5 4 3 4 2 2 4 5 4 5 4 3 5 3 2 5 4 2 1 4 5 5 3 4 4 4 2 2 4 3 1 5 5 5 5 2 2 4 5 3 4 3 1 3 5 2 3 2 3 2 4 3 1 3 1 1 2 1 5 4 3 2 3 5 4 4 4 2 1 2 3 3 5 1 1 2 4 3 1 3 3 1 2 5 3 3 5 3 4 5 2 5 1 3 4 5 5 2 1 1 5 1 5 2 4 3 5 2 2 1 2 5 4 4 4 1 1 3 3 5 5 4 2 3 1 1 2 1 4 1 4 1 5 2 3 3 4 1 3 1 3 2 4 5 2 2 4 3 2 5 3 2 2 3 5 4 5 2 5 4 3 4 4 3 2 2 2 5 5 3 2 3 1 4 4 4 5 1 1 1 1 4 1 5 4 3 5 5 3 2 4 2 3 5 3 3 2 2 4 3 1 3 2 4 3 4 1 3 2 4 1 1 1 3 5 2 1 2 3 5 4 4 2 5 4 1 3 5 4 4 1 3 2 3 3 5 4 4 3 4 4 3 2 4 1 4 0 2 4 1 2 2 2 3 2 3 5 2 1 2 3 2 1 1 3 5 5 3 5 1 5 2 4 2 4 3 3 2 1 4 5 2 4 5 3 2 5 1 3 1 3 3 2 3 3 3 4 2 4 3 3 2 3 4 4 1 2 1 5 3 1 2 5 4 5 1 3 2 5 1 4 3 5 3 4 1 4 2 2 5 3 2 1 4 2 4 1 1 5 3 2 2 1 3 4 4 2 4 5 3 2 1 2 3 5 4 3 1 5 1 4 4 5 1 2 1 4 5 1 1 2 5 4 2 3 2 4 1 5 4 3 1 4 1 5 5 5 1 1 5 5 5 1 2 3 3 4 4 4 3 3 4 3 5 1 2 2 3 3 2 2 2 5 4 1 4 5 4
4 4 4 3 2 4 4 1 3 4 2 4 3 1 3 3 5 4 3 2 4 3 1 3 3 2 2 1 1 3 4 4 5 1 1 2 2 2 1 3 2 5 5 3 2 4 5 5 1 5 3 2 3 4 2 5 2 3 1 1 4 4 2 4 4 4 5 4 5 3 5 1 3 5 3 5 1 2 2 1 4 3 5 4 4 4 4 1 1 1 1 2 2 4 4 5 2 2 3 2 4 1 2 4 2 1 1 5 4 1 4 2 3 4 4 4 3 1 3 1 3 2 4 5 1 4 4 5 2 4 4 1 4 1 3 3 3 4 4 1 1 2 3 3 1 3 1 1 3 4 4 3 5 2 3 5 2 1 4 4 1 1 2 5 2 2 2 3 1 5 2 4 2 3 3 1 2 5 5 3 3 4 4 5 1 1 2 5 1 5 5 5 3 3 2 4 5 1 1 5 1 4 4 4 3 2 1 1 4 4 2 5 2 2 5 5 3 3 2 1 3 1 5 3 1 5 3 4 1 3 2 1 3 4 3 3 4 1 4 5 1 4 4 5 1 2 5 1 3 5 3 3 2 5 3 2 5 4 4 2 3 1 3 3 5 2 3 3 4 5 3 2 4 1 3 3 5 3 4 0 1 5 4 2 1 5 3 2 2 1 1 2 2 5 5 2 1 3 3 4 4 5 3 3 1 4 2 3 4 3 1 4 1 3 3 4 2 3 2 1 4 2 1 2 4 1 2 2 5 3 3 3 1 1 1 2 1 5 4 1 2 5 2 5 4 3 3 1 3 2 4 2 5 2 4 1 5 4 3 1 3 4 2 1 4 2 3 3 1 3 1 4 1 3 2 3 2 1 4 3 5 1 5 4 3 5 2 4 1 4 5 3 4 2 2 4 2 1 3 5 3 4 5 3 4 3 1 4 3 2 1 5 3 2 4 3 1 2 5 5 2 1 2 4 4 2 4 5 1 1 2 3 5 3 2 1 3 5 4 1 2 2 5 1 3 5 4 2 3 2
1 1 4 2 2 5 5 4 2 3 3 4 4 5 2 2 4 5 4 5 1 3 1 4 2 1 4 2 2 3 2 1 3 1 5 4 3 2 3 2 5 3 2 1 5 5 3 5 2 1 5 2 1 2 2 5 4 3 4 3 1 3 4 2 4 5 2 4 5 1 4 1 3 1 3 3 2 5 2 3 3 2 1 2 2 4 4 4 4 5 5 2 5 5 4 5 4 1 4 4 3 1 1 5 2 3 1 5 2 4 2 3 4 1 4 2 4 5 4 2 4 3 4 2 4 1 5 2 1 3 3 2 3 4 5 1 1 3 1 2 3 4 5 4 3 3 5 5 1 2 1 4 4 4 4 3 1 4 4 3 2 2 2 5 2 2 3 3 3 4 3 4 3 2 1 2 5 3 1 3 1 4 5 4 4 4 5 3 4 3 2 4 1 4 1 3 2 5 2 5 3 5 3 1 1 5 1 3 3 1 4 2 4 5 4 3 5 2 5 2 2 2 4 5 4 4 3 4 2 3 4 2 4 4 2 3 4 5 4 1 3 1 4 1 4 4 5 3 3 3 2 5 1 2 5 4 4 2 5 1 3 3 5 5 4 4 3 3 5 1 2 1 2 3 1 1 1 4 1 3 0 2 5 3 2 1 2 5 3 4 5 3 1 1 1 5 1 1 1 3 3 2 1 1 3 1 3 3 4 4 4 3 3 4 4 1 1 3 1 5 4 1 1 4 2 1 4 5 5 2 1 4 4 5 2 3 2 3 3 4 2 3 1 1 5 3 1 1 2 4 4 3 3 5 3 1 2 4 3 1 5 1 5 4 2 3 2 5 2 1 4 4 2 1 2 5 1 1 1 2 3 4 5 2 1 5 1 4 1 3 5 5 4 5 5 1 1 1 3 5 5 2 3 1 3 3 5 3 3 1 4 4 4 5 1 3 2 5 4 1 4 4 2 5 4 5 1 5 1 5 3 5 5 1 3 1 5 5 4 1 5 3 2 2 5 1 5 3 5 1
3 4 4 3 5 3 3 2 1 1 3 1 3 3 3 4 2 3 3 2 3 4 1 4 1 2 2 2 2 2 2 1 3 5 3 4 3 5 4 1 5 2 1 3 4 2 4 2 4 5 4 4 2 2 1 1 5 1 4 4 1 2 4 3 5 3 2 3 4 3 2 4 3 1 1 5 4 1 2 3 2 2 1 2 4 3 3 3 1 5 5 1 5 1 4 3 5 1 1 4 2 5 2 1 3 1 2 2 1 3 3 2 1 4 3 2 2 2 4 5 4 5 4 5 3 5 4 3 2 2 1 1 2 2 3 5 4 5 5 4 3 2 3 5 2 3 4 5 2 1 3 1 2 1 4 2 4 1 2 3 5 1 1 5 2 3 4 4 3 5 5 2 1 1 4 1 4 2 3 1 2 5 4 5 3 2 1 3 3 4 2 1 2 1 2 2 5 3 3 4 3 2 1 1 3 1 1 5 1 5 4 4 1 4 5 4 5 1 5 5 1 4 3 2 4 5 1 1 3 2 2 1 4 3 2 1 1 4 2 5 2 4 2 1 5 3 2 4 4 4 2 2 5 5 1 2 1 3 3 5 1 5 4 1 3 4 1 2 4 1 3 1 1 2 2 1 4 3 2 1 1 0 5 1 1 2 4 3 1 3 5 5 1 3 5 4 2 2 4 2 4 4 5 3 5 5 1 3 1 1 3 4 2 2 2 1 2 2 1 4 1 5 2 2 5 4 2 5 4 5 1 4 5 1 3 3 5 3 1 1 4 3 4 1 3 2 2 2 3 5 3 2 1 2 5 3 1 3 3 1 3 5 1 1 4 4 2 1 4 1 3 4 3 4 5 2 4 5 4 2 4 3 5 3 4 4 2 2 1 4 2 3 5 3 1 5 4 5 1 2 3 1 3 3 3 1 5 3 2 5 5 3 3 5 1 2 3 3 1 2 5 3 2 2 2 5 2 2 3 1 5 2 3 1 1 2 1 2 2 1 1 3 2 4 3 5 2 2 3 5
4 5 3 1 3 2 4 3 5 1 4 2 3 5 3 4 4 1 4 2 3 2 5 4 2 4 4 3 1 5 2 3 5 2 1 4 1 3 5 2 3 5 5 3 2 4 1 1 4 4 1 2 5 1 4 4 1 3 1 4 3 5 3 5 1 5 4 1 5 2 4 3 1 2 1 4 5 5 5 1 2 4 2 3 4 5 3 1 3 3 2 2 3 4 1 1 5 2 1 4 4 1 4 4 5 3 2 3 4 4 3 5 5 5 1 4 4 4 4 1 3 1 4 4 1 5 5 1 5 1 4 3 4 1 4 3 2 3 3 5 4 2 4 1 3 2 4 1 4 5 1 1 4 1 2 4 4 3 3 1 4 1 1 1 4 4 1 1 3 5 4 5 1 1 1 5 1 2 3 3 5 2 5 4 5 3 5 3 2 4 5 3 2 5 5 4 4 4 4 4 1 4 3 4 2 2 4 4 5 5 2 1 3 4 4 2 3 5 2 1 3 3 1 5 2 1 3 3 4 3 3 3 2 4 3 1 1 3 3 1 3 4 5 2 1 3 5 1 3 1 3 4 1 3 2 4 1 5 1 5 4 4 5 1 2 5 2 3 2 4 5 2 3 4 3 3 3 5 1 3 2 5 0 2 1 4 3 1 2 5 3 5 2 5 2 5 4 2 5 3 2 5 5 1 2 5 2 1 5 2 1 4 3 3 3 4 1 2 5 3 3 2 5 5 3 5 4 3 1 4 2 3 1 2 2 3 2 3 1 4 1 2 1 5 1 5 4 4 2 5 3 3 1 1 1 4 3 4 3 2 5 1 1 1 4 3 4 2 4 4 2 4 5 4 4 4 4 3 1 1 5 3 2 3 5 2 5 1 4 1 1 2 4 4 1 1 4 4 1 5 2 3 1 4 1 5 1 2 1 1 4 3 3 4 1 1 1 1 3 1 4 2 5 1 1 2 5 3 4 2 5 3 4 1 2 3 3 5 2 3 3 3 2 4 5 5 4 4 2 3
2 2 2 2 2 2 3 1 2 3 1 2 3 3 1 3 2 2 1 3 5 1 1 1 2 3 4 5 5 3 3 3 2 5 3 2 5 3 2 1 1 4 1 2 3 4 2 2 2 1 3 5 1 3 1 4 5 4 3 4 2 3 3 3 4 3 2 4 1 4 2 2 2 5 1 3 4 4 4 2 1 1 1 4 1 4 2 2 2 2 5 5 5 4 1 4 5 1 1 3 3 2 2 3 3 1 1 4 2 2 2 3 3 1 5 1 4 3 2 4 3 1 3 1 2 1 5 5 2 3 4 1 3 1 1 2 1 1 4 3 5 4 4 3 4 4 4 2 4 3 4 3 4 5 2 1 4 1 4 3 2 1 2 5 4 3 4 5 1 3 2 5 3 2 3 5 4 1 4 5 4 4 1 4 2 1 4 3 2 4 5 2 4 1 1 4 1 4 4 1 2 5 4 2 3 5 3 5 3 3 3 4 2 1 5 4 4 4 1 4 2 4 2 5 3 4 4 3 4 1 2 1 2 3 4 4 5 2 5 4 4 5 3 1 3 1 4 5 2 3 1 4 5 3 2 1 1 5 1 4 3 2 1 2 4 3 2 1 1 5 3 1 3 5 4 3 1 1 3 2 4 2 5 0 2 4 2 4 4 1 3 1 1 4 2 2 4 4 3 2 5 4 5 1 1 2 1 5 4 3 4 5 4 2 3 2 2 4 1 5 2 4 1 1 3 3 1 2 3 3 4 3 2 2 5 1 5 3 4 3 1 2 4 3 1 5 2 2 2 4 5 3 2 5 3 3 2 4 1 4 5 3 1 1 3 3 2 1 1 2 2 1 2 1 1 2 4 4 5 3 1 5 2 1 2 4 2 5 1 1 5 1 4 5 3 2 3 2 4 1 1 4 3 4 2 1 3 1 2 4 1 4 4 3 4 2 1 2 1 4 3 5 4 2 1 2 3 3 5 1 4 4 4 2 4 1 1 3 1 5 5 1 2 1 4 2 2 5 5 4
3 2 1 3 5 2 2 3 1 4 4 5 4 2 4 2 5 5 3 5 2 4 3 4 3 5 4 5 3 2 4 2 4 3 4 3 3 1 3 2 4 5 1 4 1 4 5 1 4 2 5 3 2 1 2 1 2 3 5 3 4 1 1 1 2 5 2 4 4 2 3 1 4 1 3 4 4 1 3 2 3 2 5 1 3 3 4 3 4 3 1 1 4 2 3 4 1 1 2 5 4 4 1 5 4 3 3 3 3 2 1 2 5 5 2 1 1 1 5 3 4 5 1 2 1 5 4 5 5 3 2 5 1 1 2 3 4 4 4 5 2 1 3 1 2 3 4 1 1 4 2 1 5 1 2 3 4 5 4 2 3 3 1 4 2 1 2 2 4 3 3 4 5 4 2 5 5 1 3 4 4 4 3 2 4 3 1 2 1 2 5 2 1 2 3 2 5 1 5 1 2 4 3 3 1 5 4 2 1 1 3 1 1 2 2 4 4 4 3 5 3 2 2 5 5 1 4 3 3 4 5 2 4 4 3 2 3 1 3 4 1 5 5 4 5 2 2 3 2 4 3 1 5 4 5 1 3 3 5 5 1 4 3 4 4 5 4 2 3 3 5 4 2 4 1 1 4 1 2 1 5 5 3 1 0 1 1 2 1 2 1 5 2 4 3 2 1 3 1 2 2 1 3 1 1 5 1 3 5 2 4 5 2 2 4 3 3 4 5 1 3 5 2 4 5 5 3 1 5 3 5 4 2 1 4 2 3 3 5 2 2 3 4 2 1 1 4 5 1 1 1 2 5 3 5 2 3 5 2 5 1 4 5 5 2 4 5 5 4 4 2 1 3 4 5 2 2 3 2 5 4 2 3 3 1 3 5 1 5 2 4 3 5 1 3 4 4 3 4 2 1 2 2 4 2 3 4 3 1 1 1 2 3 5 5 1 4 1 2 1 5 4 2 3 2 4 5 3 4 1 5 2 4 2 5 2 2 2 4 2 4 5 2 3 2 5 5 2 2 4
1 1 5 3 3 1 1 4 1 4 4 4 2 3 4 1 5 5 3 3 3 5 2 4 4 3 1 1 1 2 5 4 4 2 4 1 5 2 3 4 2 1 2 1 2 3 4 4 5 2 1 2 3 4 4 1 2 1 4 2 3 5 4 2 5 1 1 3 1 4 5 2 3 3 1 5 4 4 2 4 2 2 3 2 4 5 2 3 2 4 1 1 3 3 3 2 1 4 4 4 2 5 1 2 1 2 5 1 1 4 3 5 1 3 1 1 2 3 3 1 3 4 1 3 5 5 1 1 5 3 5 2 2 4 3 1 4 2 1 4 4 4 5 3 1 2 1 2 2 3 4 2 2 5 2 5 4 5 3 4 5 1 4 4 4 1 3 2 4 2 5 1 3 2 5 1 4 5 5 4 3 3 1 4 4 2 3 1 5 3 4 1 4 1 5 1 4 2 3 1 4 1 2 5 1 3 1 5 5 2 3 1 4 3 4 3 1 4 5 3 4 1 4 5 4 3 3 3 3 5 4 1 4 5 1 4 4 1 3 4 1 5 2 5 4 1 2 2 1 1 1 3 3 4 4 2 4 4 5 2 1 1 2 4 4 2 5 5 2 5 3 5 3 2 5 4 3 2 4 3 2 4 5 4 2 0 4 2 1 3 3 1 4 1 2 2 2 3 1 2 4 3 3 3 1 1 1 5 4 5 1 5 3 2 4 5 2 2 4 2 1 5 5 3 2 3 2 4 5 4 2 4 5 1 1 4 1 3 3 4 2 4 1 1 4 5 2 4 3 1 2 1 1 2 2 1 2 2 2 2 1 2 2 2 2 1 3 1 1 3 3 5 1 3 4 4 5 5 4 5 3 1 2 3 2 5 1 4 2 5 1 3 4 2 2 3 2 1 5 2 3 2 1 5 2 3 5 1 3 4 3 3 4 5 3 2 4 2 2 1 3 4 3 4 1 4 3 1 2 1 2 4 4 1 4 5 1 1 2 5 3 1 1 3 5 1 3 1 5 1
3 4 5 3 2 5 3 4 3 3 3 2 3 4 3 2 5 4 3 3 2 5 3 4 3 4 4 1 3 1 2 4 1 1 3 3 2 3 2 1 2 2 2 5 1 4 1 2 3 2 2 2 2 5 4 2 1 1 5 4 2 3 2 4 1 3 1 2 4 1 2 5 2 2 5 3 1 5 1 5 3 4 1 2 1 3 3 5 4 1 1 2 5 4 2 1 2 5 5 2 3 1 1 4 1 1 1 5 1 2 3 1 4 3 5 5 4 4 5 4 1 4 3 2 3 4 5 2 4 4 2 2 2 3 1 1 2 1 3 1 3 4 5 4 4 2 4 2 4 4 3 3 1 2 3 4 4 2 3 2 2 5 2 1 3 2 2 1 1 2 4 3 4 3 3 3 5 5 3 3 4 1 5 4 3 4 1 5 5 2 1 5 3 3 4 3 2 1 5 1 3 2 4 5 1 2 4 2 2 3 3 3 2 4 1 1 2 3 5 4 3 3 5 1 5 2 3 2 3 1 1 2 3 4 1 2 5 4 2 3 5 4 3 1 2 2 4 4 5 1 3 1 5 1 3 4 5 1 3 5 2 2 3 5 1 1 3 3 3 2 4 1 1 3 5 3 4 2 2 1 2 5 4 2 1 1 0 3 1 2 1 3 3 2 2 2 4 5 4 3 4 5 3 1 1 1 1 5 3 5 2 3 5 4 1 3 3 1 3 1 1 1 4 3 2 4 3 4 4 4 1 1 5 2 2 2 2 2 3 5 1 3 3 1 4 4 1 4 1 1 4 4 4 5 2 3 4 3 5 5 5 1 3 4 2 2 5 5 3 1 5 4 4 4 3 5 3 4 2 2 4 3 1 1 5 5 1 5 2 3 4 3 3 1 5 5 3 5 1 5 4 3 2 2 1 2 2 3 5 5 4 3 3 5 2 1 4 3 5 1 5 3 4 3 3 1 2 4 5 3 3 4 2 2 1 3 2 1 3 4 3 1 3 4 2 2 3 4 4 5
1 5 5 2 2 2 3 4 1 2 2 4 4 5 1 1 3 4 2 2 3 4 2 2 4 2 3 4 5 3 2 1 1 1 1 4 5 5 2 1 3 1 3 1 4 2 2 1 2 2 3 4 1 3 3 3 5 4 3 5 5 4 2 3 3 5 1 3 3 5 1 2 1 3 5 1 3 4 5 3 3 5 3 3 2 5 4 4 3 3 4 4 4 1 4 3 1 3 2 1 1 3 3 3 5 3 4 3 2 4 2 5 2 5 5 4 2 4 3 5 3 4 1 3 1 2 5 2 3 1 1 5 5 3 5 1 2 1 2 5 1 4 1 4 2 5 5 1 1 1 2 3 3 5 4 1 1 4 2 3 4 5 5 1 2 5 5 3 4 1 1 5 3 5 1 1 3 2 3 1 3 5 1 3 2 5 2 3 5 4 4 2 4 5 5 4 4 5 2 3 2 2 4 3 4 4 3 5 4 5 1 5 3 3 3 5 5 3 3 1 5 4 1 3 3 2 1 2 3 3 4 3 4 2 1 3 3 4 3 2 2 1 5 4 1 2 3 2 4 3 3 2 3 5 4 1 4 1 5 2 2 4 5 2 5 3 4 3 3 3 2 3 4 5 1 2 4 5 4 3 5 3 4 2 1 3 2 0 4 3 1 2 1 4 3 1 4 5 5 3 1 4 4 5 1 5 1 3 5 4 3 4 1 2 1 3 5 1 2 2 4 3 5 1 2 3 2 2 2 1 1 3 2 1 4 5 1 2 1 3 3 1 4 1 3 1 1 3 3 3 4 4 3 2 2 3 2 3 2 5 2 1 3 3 4 3 4 5 3 4 4 4 5 3 1 3 5 1 1 5 4 4 4 3 5 1 3 4 2 5 1 4 5 4 5 5 1 3 3 2 3 3 5 5 3 2 2 2 3 3 3 1 3 2 5 3 2 1 5 5 1 1 3 1 1 4 2 4 3 1 4 5 1 1 4 4 1 1 3 2 5 1 3 5 1 1 2 1 2 1
1 1 3 5 1 4 1 1 3 2 2 3 2 5 3 4 3 5 5 1 4 3 4 3 2 4 1 1 5 5 4 3 1 5 3 1 1 3 3 5 5 4 4 2 5 5 4 5 1 2 4 4 4 3 5 5 1 3 3 5 5 5 5 1 1 2 5 3 4 5 4 4 2 3 1 1 1 3 4 3 2 4 4 2 3 5 1 1 4 5 1 4 4 4 3 1 2 1 1 1 4 2 3 4 3 1 3 5 3 4 2 2 1 1 3 5 3 4 5 5 4 4 1 3 2 1 4 3 5 1 2 1 1 4 3 3 2 1 3 3 4 1 4 2 2 4 4 5 2 3 3 4 3 3 3 5 4 5 4 1 1 1 2 2 5 3 2 1 5 2 2 4 1 5 1 5 3 4 2 1 1 3 4 4 5 2 4 3 4 1 3 1 1 2 5 3 2 1 5 5 1 3 3 4 2 3 2 5 5 4 4 3 3 2 1 1 1 2 2 5 4 2 2 4 5 3 3 4 2 5 2 3 4 1 3 4 3 1 2 2 5 3 3 5 4 3 4 3 5 3 4 2 4 2 4 4 5 1 4 3 2 3 4 4 5 1 2 3 4 5 4 1 3 1 2 5 4 1 3 1 1 5 4 3 4 5 4 4 0 4 2 2 1 3 5 2 4 3 1 1 3 2 3 5 5 4 1 1 2 3 2 2 4 4 3 5 2 2 3 1 3 2 1 2 1 3 2 4 2 4 2 5 5 5 2 4 4 4 4 4 5 5 3 2 3 5 4 5 4 3 1 4 2 5 2 4 2 1 3 4 2 4 4 2 5 3 2 3 1 3 5 2 5 3 5 2 4 1 2 1 2 2 1 5 2 1 2 1 3 4 4 3 4 1 5 4 3 4 1 3 1 4 1 2 2 5 5 1 1 3 2 2 2 3 3 4 2 3 2 5 3 4 3 3 3 1 4 5 1 3 4 5 1 3 2 2 2 1 2 3 1 3 5 2 4 2 2 4 2 1
5 5 1 1 4 5 1 4 2 2 4 1 5 4 1 2 4 3 1 1 2 3 5 2 1 2 5 4 2 4 2 2 1 5 4 5 3 5 1 2 5 3 2 5 4 3 5 2 1 3 3 3 5 5 4 5 2 3 3 5 1 4 4 3 2 3 3 2 3 5 2 1 2 3 4 1 3 4 5 5 4 5 1 2 5 3 3 1 2 1 3 4 3 1 2 4 5 2 2 5 2 1 1 1 2 1 1 5 2 4 1 5 1 3 2 2 1 3 4 3 3 2 2 5 3 5 3 2 3 1 1 1 4 4 5 4 2 5 3 4 1 4 4 4 2 4 2 5 5 2 2 3 2 2 3 2 5 4 1 4 1 2 5 1 5 1 3 3 4 5 4 2 4 1 2 5 3 3 1 3 1 5 1 2 2 4 4 1 1 5 4 1 5 5 2 1 1 3 5 5 1 1 1 4 3 5 1 3 1 2 3 1 4 2 2 5 2 5 4 1 4 4 2 5 5 5 4 3 5 1 1 2 1 4 2 4 5 4 5 2 4 3 3 5 3 4 2 1 4 2 1 5 1 5 2 2 2 2 3 5 4 5 5 1 5 5 1 2 5 1 4 2 3 2 1 1 3 5 4 2 5 5 3 5 1 5 4 3 3 0 1 5 5 5 3 5 3 1 2 4 5 2 2 2 1 1 5 2 3 5 1 5 1 2 1 2 4 1 1 2 2 4 3 5 5 2 4 3 1 4 3 3 3 1 4 3 3 5 1 3 5 5 3 3 4 2 2 3 5 1 3 4 1 3 4 1 2 3 4 4 2 1 3 3 2 4 3 5 4 1 5 3 1 3 5 5 5 4 3 5 1 4 2 5 2 5 3 2 4 1 4 4 4 5 5 2 4 4 5 1 5 3 5 5 3 2 5 3 5 2 3 4 5 3 5 1 5 3 3 1 4 5 5 3 5 5 1 1 2 2 5 2 3 2 4 1 4 2 1 1 3 2 1 2 3 3 3 2 3 2
1 4 4 3 4 4 3 2 2 3 2 1 2 3 1 1 4 1 2 2 4 5 4 3 4 2 3 5 5 5 4 2 4 5 3 2 4 1 5 5 5 4 1 4 3 2 5 1 3 1 5 2 1 4 4 5 3 3 1 2 1 3 2 1 3 1 2 2 5 5 5 5 2 3 3 2 4 1 4 1 5 4 5 2 4 3 1 2 1 4 3 5 3 1 5 3 4 4 5 2 3 1 2 5 2 1 2 1 1 1 3 5 5 5 2 3 4 1 4 2 3 4 1 2 1 1 2 5 5 1 2 1 5 4 1 4 4 5 5 3 3 1 2 4 2 3 5 4 2 3 4 1 1 1 3 2 2 5 2 3 4 1 5 3 2 4 3 4 2 3 4 5 5 5 1 3 5 5 2 2 4 2 2 4 4 2 5 5 4 4 1 3 3 2 3 4 2 1 4 4 2 4 4 2 1 1 3 4 1 5 1 5 4 4 4 4 2 3 4 2 4 4 2 1 1 1 3 3 1 4 3 4 3 2 5 3 3 3 5 2 2 3 5 3 4 1 2 3 5 5 4 1 3 3 5 2 5 1 1 4 5 2 4 4 5 1 4 5 3 5 5 2 4 1 3 3 1 3 4 1 3 3 5 4 1 4 4 4 1 5 0 5 5 4 2 3 2 2 3 1 1 2 1 2 5 5 4 1 2 1 2 4 3 2 3 2 3 2 1 5 1 5 5 4 5 2 4 2 5 5 3 2 5 2 4 5 4 5 5 1 3 2 1 5 1 3 1 1 1 4 2 3 4 1 1 1 4 5 1 5 3 5 5 2 2 1 3 3 3 3 5 5 4 2 4 5 1 5 4 3 1 1 4 4 3 5 3 3 4 4 4 2 1 4 5 1 3 5 5 1 5 1 5 2 3 3 1 3 4 3 5 3 3 2 3 3 5 3 4 3 1 5 3 3 5 2 1 3 5 2 2 4 3 4 4 3 5 2 1 2 2 4 1 3 4 3 4 2 4 4
5 2 5 4 1 5 4 1 4 3 5 1 1 4 2 3 2 3 1 2 5 4 3 1 2 3 1 1 4 3 3 3 1 2 4 1 2 5 4 1 2 5 2 1 5 2 1 3 3 4 1 4 3 5 3 5 1 1 5 1 2 2 3 2 2 1 3 4 5 4 1 4 4 3 2 1 2 5 2 4 5 5 3 2 2 1 3 3 3 1 3 4 1 3 5 1 4 4 4 1 1 4 2 3 5 1 3 1 3 4 2 1 1 2 3 3 2 5 2 1 3 4 2 2 3 1 5 3 2 5 2 3 1 3 1 4 1 1 4 1 4 2 4 2 1 1 5 1 3 1 2 5 1 4 3 2 4 4 2 3 2 3 3 3 1 4 5 1 5 1 4 1 5 4 3 2 5 4 4 2 2 3 4 4 1 2 1 4 1 3 5 3 2 3 4 3 4 4 2 2 2 1 2 2 4 5 1 1 1 4 1 4 2 1 5 3 5 4 4 1 3 4 1 2 2 5 2 4 5 2 3 1 2 4 5 4 1 5 2 4 2 2 2 4 4 4 2 2 2 2 5 5 1 4 5 5 3 4 5 3 4 1 5 1 2 2 3 1 1 5 4 2 3 5 4 4 1 3 1 4 2 5 5 1 1 5 1 2 5 4 2 0 5 5 4 1 4 5 4 2 3 5 2 2 1 1 4 5 3 4 2 1 2 3 3 5 5 4 2 2 5 4 4 5 3 5 3 2 3 2 2 1 1 1 3 2 4 4 4 5 2 5 2 1 4 3 4 3 5 4 3 4 3 2 1 4 2 3 2 5 5 1 5 4 4 3 1 5 4 1 3 5 1 3 3 4 3 2 4 1 4 2 3 5 3 5 4 4 4 4 4 2 2 2 1 1 4 5 1 4 5 4 5 1 2 5 5 3 5 1 1 1 4 2 1 3 1 5 1 4 5 3 5 2 4 5 3 2 5 4 2 2 4 1 1 3 4 1 4 4 4 5 3 5 1 1 3 5 5 4
4 3 1 5 5 4 3 5 3 4 5 2 1 1 3 3 4 4 5 5 2 4 3 2 1 1 4 4 5 3 4 1 5 3 2 1 3 1 4 5 4 5 5 1 3 4 1 3 5 4 1 5 4 3 2 5 2 5 4 2 3 4 4 1 5 4 4 1 3 2 1 1 3 5 4 3 4 4 4 3 5 2 3 1 1 1 3 1 2 2 2 3 1 1 2 3 3 2 4 1 1 3 4 4 2 2 2 2 1 3 2 3 5 2 4 4 4 5 3 5 3 1 2 5 4 1 2 5 3 2 3 1 4 1 1 4 2 4 1 1 2 3 1 3 1 5 3 3 5 1 2 1 2 3 2 5 4 1 3 1 4 4 4 1 1 3 4 1 5 1 3 4 1 5 1 4 5 4 2 2 5 1 2 4 2 1 4 1 1 1 5 5 2 3 1 2 4 4 2 5 2 2 3 4 2 3 3 1 5 1 1 3 2 3 2 2 4 1 5 5 2 1 5 3 3 1 2 4 5 4 5 3 5 4 1 4 1 4 5 4 5 2 4 5 2 1 5 1 3 2 1 5 2 2 4 5 4 1 3 2 1 5 3 5 5 2 4 3 3 4 3 4 5 5 1 2 2 5 4 2 3 2 5 2 3 3 3 5 1 2 3 3 0 1 3 2 3 1 4 2 5 5 2 3 3 2 2 2 4 2 5 2 4 1 2 1 3 3 3 2 3 4 2 3 5 5 4 4 2 2 5 3 4 1 5 4 1 3 4 2 4 2 3 5 1 3 5 1 4 4 1 2 1 3 5 1 1 2 1 3 4 2 3 1 5 1 1 4 1 1 4 2 5 3 1 4 3 5 4 5 4 4 5 4 5 1 2 4 4 2 5 4 2 5 4 2 3 1 2 3 5 2 5 2 2 5 1 4 3 2 1 4 5 3 2 3 5 4 4 5 4 1 3 5 3 3 1 2 5 2 2 4 4 1 1 5 1 1 1 2 1 3 4 2 2 5 2 4 2 3
5 4 4 5 1 4 3 2 1 4 1 5 3 2 4 2 3 3 1 1 4 1 4 2 1 1 4 3 2 3 4 3 2 5 5 5 1 2 1 3 1 3 4 4 4 5 3 2 1 4 4 1 2 3 1 3 2 5 4 4 2 1 4 2 4 5 5 4 5 5 3 2 1 4 2 1 2 4 5 5 1 1 5 3 2 1 5 1 1 1 1 3 2 1 1 3 4 1 5 4 2 4 4 3 5 2 4 3 3 3 1 2 1 2 3 2 1 3 4 2 4 2 2 2 2 5 1 5 3 5 5 5 2 4 4 5 3 3 4 5 4 2 3 3 2 3 2 1 1 3 4 3 1 5 5 1 3 2 3 2 3 4 5 3 5 4 5 4 5 3 2 5 4 5 3 2 2 4 4 4 2 1 4 3 1 5 4 5 4 1 5 3 3 4 4 2 5 3 1 3 3 2 4 5 2 3 2 3 1 3 1 4 2 1 2 5 2 4 1 5 5 1 5 2 4 2 4 4 4 2 5 1 3 3 5 2 1 4 3 4 5 2 5 3 1 2 5 4 4 2 4 5 1 5 5 3 2 2 1 2 1 2 4 4 1 1 2 5 1 1 3 3 3 4 3 1 3 2 3 1 4 3 2 4 1 3 2 1 1 4 2 4 3 0 1 4 2 2 4 1 3 3 5 5 3 2 5 3 3 1 4 5 4 3 4 4 5 3 1 2 5 1 2 3 4 4 5 1 1 3 5 3 3 5 4 4 3 3 4 4 1 4 4 1 4 4 3 5 1 5 1 3 2 3 3 1 2 5 4 1 2 5 4 5 5 2 1 2 3 3 5 5 4 1 5 1 4 3 2 3 4 1 3 2 2 3 2 3 4 2 4 5 2 4 5 1 2 5 4 2 1 3 3 1 1 2 5 1 5 1 5 5 2 2 3 4 4 5 3 3 2 4 4 5 2 1 3 5 1 4 3 5 5 2 2 2 3 1 3 3 1 4 1 4 2 4 4 4 1 3
5 3 2 5 4 3 5 1 4 1 3 3 4 4 2 2 2 3 5 3 4 2 2 3 4 5 5 3 4 2 2 1 1 5 4 1 3 5 2 3 3 2 1 1 4 2 1 5 2 5 1 2 1 5 1 1 5 4 2 1 4 5 2 1 5 3 2 1 4 5 4 5 1 4 3 5 3 1 5 3 5 3 5 2 1 5 4 4 1 3 3 3 1 5 5 2 5 4 3 2 4 2 3 2 2 4 1 5 2 2 1 4 5 5 4 4 1 2 2 4 3 1 4 3 5 1 3 3 3 4 3 5 1 3 3 1 2 5 3 2 5 3 2 1 4 3 3 3 2 1 4 4 1 1 5 2 5 1 3 3 2 1 5 2 2 3 4 1 3 2 3 1 2 2 3 1 3 5 2 4 3 1 3 5 5 4 5 5 1 1 1 1 3 5 3 2 4 2 2 2 5 4 3 1 3 1 3 2 3 2 2 5 3 5 4 5 2 1 1 3 3 2 5 3 1 1 3 1 2 2 4 1 3 5 3 2 2 2 5 1 2 1 1 5 2 4 2 1 1 5 5 3 3 3 3 2 5 1 2 2 4 4 3 4 3 3 5 3 5 2 2 4 1 4 1 4 5 5 4 3 4 3 5 5 4 3 4 2 2 2 5 2 2 1 0 3 4 4 5 3 1 5 4 5 2 1 4 3 5 4 1 1 2 3 2 3 1 3 1 5 1 4 1 3 3 2 2 4 4 1 3 5 2 4 5 3 1 4 5 3 2 2 4 5 2 5 5 5 4 3 1 1 4 4 5 2 4 5 5 2 5 4 2 1 3 1 5 1 4 2 5 3 1 3 4 2 3 2 3 3 4 2 2 5 1 5 3 1 5 2 3 2 4 5 1 2 3 1 1 3 5 3 5 2 2 1 2 2 1 2 2 3 4 5 5 2 2 1 5 3 5 5 2 1 3 3 3 5 4 3 4 2 3 2 5 3 1 2 4 2 5 4 3 3 3 5 2 1 2 5
1 1 1 4 1 5 2 2 1 1 4 5 5 1 3 1 5 3 4 3 3 2 3 4 2 5 2 3 1 3 2 1 3 5 4 3 3 2 2 1 3 5 1 4 3 2 5 3 5 1 2 5 1 4 2 4 2 1 3 2 2 5 3 5 1 3 5 1 2 1 4 4 2 4 1 2 3 2 2 1 2 2 5 3 4 5 1 4 2 5 1 1 2 4 4 5 4 3 1 3 3 2 2 4 2 2 4 1 2 2 3 2 4 2 3 3 4 4 5 1 1 4 1 4 1 1 1 5 3 3 5 3 3 1 4 5 2 3 5 1 2 1 4 3 1 1 2 1 3 5 5 1 5 2 2 5 4 3 2 4 4 1 3 5 4 1 4 4 3 5 3 3 4 1 5 4 3 4 1 4 1 4 1 5 2 1 2 3 2 4 5 4 4 3 5 2 2 1 3 4 2 1 2 3 3 2 4 1 2 5 1 1 4 1 1 4 1 5 2 5 5 2 1 3 5 5 1 4 2 2 5 5 5 2 5 1 2 2 2 2 4 1 5 4 4 4 4 5 1 3 1 2 4 1 2 1 5 4 3 2 3 3 2 2 5 5 5 2 3 3 1 5 2 4 2 1 4 3 3 4 1 5 3 3 2 5 5 5 5 1 2 5 4 3 4 0 4 1 4 2 2 5 3 3 3 2 4 2 3 5 2 5 2 2 4 2 4 4 4 2 2 3 3 1 3 4 1 5 5 5 1 4 2 3 3 4 2 2 3 4 3 3 2 4 2 4 5 4 4 3 3 3 1 2 1 4 1 5 1 3 4 2 5 5 5 3 1 3 2 2 4 1 3 1 1 1 1 2 2 1 1 2 4 2 5 1 5 5 2 5 5 5 2 1 2 4 1 5 3 5 1 1 4 3 1 1 2 3 5 5 5 5 4 1 4 3 4 5 3 2 2 4 2 1 5 3 5 4 1 3 2 4 3 1 4 1 2 1 2 5 3 4 3 1 4 2 4 1 4 1
3 5 5 3 5 4 1 3 2 5 3 2 1 2 3 4 3 4 3 3 4 3 3 4 1 4 3 3 3 2 3 1 2 2 2 2 4 5 2 2 1 5 5 1 1 1 1 4 4 5 1 5 3 1 2 1 4 3 5 3 4 5 2 1 3 5 3 2 1 2 3 3 4 2 2 4 2 5 3 1 4 1 4 3 4 2 4 5 3 1 4 5 4 4 4 4 5 3 1 2 1 1 1 2 5 4 4 3 2 1 1 1 1 4 2 5 5 3 5 4 3 1 1 4 5 3 1 2 1 4 5 1 5 3 4 2 3 1 5 5 1 1 5 2 2 1 1 5 2 4 1 4 2 2 2 5 2 5 1 3 3 4 4 2 5 4 2 2 5 3 2 5 5 4 3 1 5 5 5 3 1 1 1 2 3 3 1 2 4 4 5 4 5 5 5 1 2 5 3 3 5 3 4 5 3 3 1 1 5 5 3 2 3 2 3 2 3 2 2 5 5 2 1 5 3 3 4 1 5 1 3 3 2 5 4 1 2 3 1 5 2 2 2 1 1 1 1 2 3 2 5 1 5 1 5 3 5 5 4 3 4 3 1 2 1 5 3 5 4 1 2 4 3 2 2 4 3 5 4 3 3 5 4 1 3 1 3 4 5 3 5 4 4 4 5 5 0 1 1 1 3 3 3 1 3 3 5 2 4 3 2 5 3 1 2 1 2 1 4 5 3 1 3 1 1 4 3 4 4 1 2 4 3 1 2 3 3 1 3 5 5 2 1 5 1 2 5 2 3 5 5 5 4 5 1 4 5 5 4 1 4 3 4 2 2 3 5 2 2 3 1 2 5 5 2 2 4 4 4 5 2 5 5 5 5 3 3 3 3 1 3 4 5 3 5 5 1 5 4 2 1 3 3 4 3 4 3 3 4 5 5 5 3 4 5 4 5 2 2 1 1 4 3 3 2 4 5 3 3 3 5 2 3 1 4 2 1 3 2 1 2 2 5 5 4 4 4 5 5 4
3 3 5 5 5 1 2 3 5 4 5 5 1 4 2 3 4 4 1 3 4 1 1 2 4 3 4 4 2 5 4 4 4 5 4 2 4 1 1 3 3 2 1 2 3 3 3 2 3 1 5 3 5 5 1 2 3 4 5 4 4 5 4 2 1 3 4 1 2 5 1 5 1 4 2 1 4 3 3 1 5 2 5 1 5 5 3 2 1 4 3 1 5 3 4 3 3 2 3 2 4 3 2 5 4 3 1 4 5 1 4 4 1 5 1 1 5 3 5 5 2 1 5 2 3 1 2 2 3 1 4 5 2 2 4 5 2 4 1 4 4 2 4 2 3 1 4 3 1 3 1 2 4 5 1 2 1 2 1 2 2 5 2 4 4 2 5 2 1 1 4 1 5 4 4 2 2 1 2 1 1 2 3 3 4 1 5 5 4 4 3 1 4 2 3 4 4 1 4 3 2 5 1 5 4 2 1 2 5 4 3 4 1 1 4 2 3 4 2 2 2 4 1 5 5 1 1 4 3 3 4 2 5 4 3 3 1 4 4 4 2 5 3 4 5 1 2 2 5 2 2 5 5 5 3 2 2 5 1 5 1 1 3 2 1 4 2 1 5 5 3 5 2 1 2 3 3 1 1 4 2 2 1 1 3 1 1 2 2 2 4 1 5 4 1 3 1 0 3 4 3 4 5 1 1 1 3 4 3 4 4 5 5 4 1 5 3 2 3 2 4 1 4 1 1 3 2 1 4 1 4 2 5 2 5 5 2 1 3 3 1 2 4 1 5 3 1 2 5 4 1 2 3 3 2 2 4 3 2 4 4 2 4 3 4 4 3 4 3 1 2 3 2 1 3 2 3 5 3 2 4 4 5 4 4 3 4 3 1 5 5 2 4 5 3 3 4 1 2 3 5 3 3 3 3 4 5 3 4 5 1 4 5 3 2 3 3 1 5 5 4 2 3 2 4 2 3 4 5 2 1 1 1 2 3 5 3 1 2 3 1 4 4 5 1 2 2 1 4 4
2 4 3 5 2 2 2 1 1 5 3 3 3 1 3 1 3 3 1 2 3 4 1 3 3 1 1 5 4 2 3 5 5 4 2 3 2 1 4 3 4 4 5 2 4 5 1 3 2 3 5 5 2 1 3 3 1 5 3 4 4 5 4 1 3 5 2 2 2 1 1 3 1 5 3 2 1 2 5 5 2 2 1 2 5 3 1 2 1 5 3 2 2 3 5 4 2 4 3 5 4 5 3 5 5 3 2 5 1 2 2 5 5 3 2 3 4 2 1 5 2 1 5 2 5 4 5 4 5 1 2 3 1 4 1 4 2 5 2 1 2 1 4 1 3 3 3 1 3 1 5 4 4 5 2 4 2 2 4 2 5 3 2 1 5 2 3 4 2 2 1 4 4 5 4 2 1 4 2 4 3 5 2 4 1 3 5 1 4 4 2 4 2 5 3 3 4 1 1 1 1 3 2 4 1 2 1 2 3 1 4 4 4 3 1 2 5 2 4 2 4 2 1 2 5 4 5 3 1 4 2 2 3 1 2 3 2 5 3 1 2 5 2 4 3 2 5 2 1 2 3 5 1 1 2 1 2 4 3 4 4 2 3 4 2 3 4 4 4 4 3 1 2 4 3 4 5 4 4 1 2 5 5 4 2 3 5 1 3 4 3 3 4 4 4 5 4 5 0 2 3 4 2 4 4 3 5 1 4 1 2 4 3 3 3 3 2 1 4 3 2 5 4 4 5 3 1 5 4 3 3 4 4 4 2 2 5 4 3 4 5 4 2 3 1 5 5 5 5 2 3 5 2 2 2 1 5 1 5 2 2 2 1 4 1 2 5 3 3 4 5 3 1 4 2 2 2 2 5 1 5 1 5 2 3 5 4 2 1 3 5 4 3 4 2 1 3 4 3 1 5 4 4 1 4 4 4 3 5 2 5 3 2 4 1 2 5 4 1 1 2 2 3 2 1 4 4 3 5 3 2 2 2 1 1 1 5 4 4 4 5 4 1 1 2 5 5 3 2 2
1 5 5 2 1 2 4 3 4 3 4 4 2 3 1 3 4 5 1 1 2 4 5 5 2 3 4 3 1 4 5 2 1 3 2 5 4 2 2 5 1 4 5 3 3 4 4 3 2 3 4 4 3 4 5 5 2 5 1 4 3 5 3 4 5 5 5 1 2 5 4 3 3 4 5 4 1 5 2 1 3 5 1 1 5 4 3 4 3 5 3 4 4 1 2 1 4 3 1 4 4 1 3 5 3 3 2 3 4 3 2 5 4 1 2 3 2 3 1 2 1 1 5 5 2 5 3 3 3 3 1 5 1 2 2 3 1 4 4 1 2 2 2 2 1 3 5 1 2 1 2 3 2 5 5 1 2 2 2 1 1 4 3 5 2 3 3 4 2 5 5 5 3 1 2 4 1 2 4 4 3 2 3 5 5 1 3 3 5 2 2 4 2 3 3 3 2 3 2 3 3 4 4 1 4 3 2 2 1 2 3 3 3 4 1 5 2 5 2 1 2 4 1 4 2 5 3 4 5 5 2 4 5 4 4 1 4 1 3 5 4 2 5 1 2 4 5 4 1 5 1 3 2 2 1 5 1 2 1 5 5 5 5 4 5 1 5 4 2 4 1 1 4 5 1 5 2 1 3 3 3 2 1 1 2 4 4 3 2 1 4 3 1 5 1 5 2 2 5 0 1 3 2 4 3 4 5 5 2 1 4 4 1 4 3 4 5 3 3 5 2 5 3 2 2 5 4 5 3 5 5 2 4 3 1 5 1 2 2 5 4 3 4 4 4 3 1 3 4 5 5 2 1 4 5 2 2 5 2 2 5 3 4 4 4 1 5 1 2 3 5 4 1 3 2 1 3 2 2 2 5 4 4 2 3 2 2 5 2 4 1 5 2 1 4 3 2 2 2 3 4 2 4 5 4 3 3 4 4 2 5 4 1 5 5 1 2 5 2 5 4 5 2 4 2 2 2 3 2 4 1 2 4 2 3 4 4 2 3 4 1 3 2 4 4 1 1 3 5 5
2 3 1 3 4 1 1 1 1 2 4 2 4 4 4 1 4 5 3 4 2 4 2 1 1 4 3 4 3 2 2 2 4 3 2 4 3 5 4 3 2 2 4 3 2 5 1 2 3 1 4 2 5 5 3 5 3 3 4 5 1 4 1 5 2 2 5 2 3 4 4 1 5 5 3 2 5 3 3 1 3 1 5 2 3 4 5 1 2 1 3 3 5 5 3 2 3 5 2 4 2 1 1 2 4 2 4 5 1 1 1 5 2 5 3 1 2 1 1 3 4 5 1 4 4 2 1 2 2 5 4 5 4 3 3 3 4 4 2 1 2 3 2 1 2 1 3 4 3 1 4 3 5 1 3 1 3 1 4 4 5 1 2 4 4 1 1 1 1 2 1 3 1 5 4 2 3 2 5 1 1 1 3 2 4 4 4 1 2 5 3 1 5 4 1 1 4 5 3 2 5 3 1 4 3 2 3 1 3 1 2 2 2 5 3 2 2 1 1 3 4 1 1 2 3 2 1 4 3 4 1 5 5 3 2 2 5 5 2 1 2 5 3 5 2 3 1 1 1 4 1 4 2 4 2 5 5 3 3 3 3 3 2 5 5 5 4 4 4 3 3 3 2 3 2 2 4 2 4 1 3 5 2 4 1 4 4 5 4 3 5 4 5 5 1 1 4 2 1 1 0 3 2 4 3 4 2 5 5 3 1 5 2 3 3 5 3 5 4 4 2 1 3 3 5 3 5 1 1 2 1 1 3 4 2 4 4 1 2 2 2 4 3 1 4 2 5 4 4 2 3 1 3 1 2 3 2 1 3 1 4 2 1 3 5 3 5 5 1 2 5 5 5 5 4 1 1 1 4 1 3 4 4 3 2 3 4 5 2 4 3 1 2 3 1 3 3 4 3 4 4 3 3 5 2 1 5 3 4 5 3 1 2 4 2 4 3 4 5 4 4 2 1 3 1 5 5 3 2 3 5 2 4 2 3 2 4 4 1 5 3 3 5 5 3 3 3 4 5 4
1 5 2 5 4 3 1 5 5 5 3 1 3 2 1 1 1 1 5 3 2 3 2 2 1 4 4 4 2 3 5 4 5 2 1 4 5 4 5 1 1 1 3 5 4 4 3 3 5 1 3 5 3 1 2 5 3 1 2 2 5 5 5 3 5 4 4 3 3 5 1 2 2 3 2 3 4 5 1 4 3 3 1 1 1 2 1 1 3 5 2 3 5 1 5 2 1 5 4 3 3 5 3 3 4 2 3 2 1 2 3 1 3 3 2 3 4 3 2 2 1 3 2 2 2 4 3 4 5 5 3 5 5 5 2 4 2 2 5 2 1 1 2 4 4 3 3 1 2 3 2 2 4 4 1 3 5 1 2 4 4 5 2 5 1 4 3 1 1 2 2 1 2 1 1 1 1 4 3 4 2 5 5 2 2 4 3 3 4 3 2 2 1 4 5 4 1 1 5 5 1 3 4 2 1 3 3 5 4 3 1 1 4 2 4 5 1 1 4 5 4 1 3 5 2 2 2 4 4 3 4 4 3 5 3 3 2 5 4 2 1 3 2 4 1 3 3 4 5 4 1 5 2 2 3 3 4 5 4 5 5 5 5 3 3 5 2 2 1 4 3 3 2 5 3 5 3 5 2 1 1 4 4 1 2 5 3 1 3 5 4 1 5 5 5 1 4 1 1 3 3 0 1 2 2 1 3 3 5 4 1 4 2 1 4 4 3 2 5 4 2 5 4 5 1 3 5 4 1 2 4 5 1 5 3 2 4 2 5 3 1 4 2 1 1 1 3 5 5 1 1 4 4 4 5 2 4 3 1 5 1 5 1 1 1 2 4 2 1 1 4 5 2 4 2 3 4 2 1 2 5 4 5 2 3 2 3 4 4 1 3 4 4 2 5 4 3 5 3 1 4 2 4 4 1 4 1 1 1 5 4 4 3 3 3 4 1 3 2 3 5 4 3 1 1 4 2 4 3 5 5 1 1 3 4 5 4 2 4 5 3 1 5 5 1 5 2 2 4 1
5 2 2 5 4 2 4 2 3 4 3 3 4 5 2 2 1 3 3 5 2 3 2 2 1 1 2 2 2 5 4 3 3 1 5 4 5 5 2 2 2 5 4 1 3 2 5 1 1 1 1 3 1 5 2 3 1 3 1 2 3 3 5 3 4 1 1 3 4 1 5 2 3 1 3 3 4 1 2 4 5 2 1 2 2 4 2 2 4 2 3 2 4 2 4 3 3 1 2 3 3 1 3 4 5 1 5 4 2 4 2 2 1 4 1 3 4 4 2 1 3 1 1 5 2 4 5 1 4 1 1 2 4 4 1 1 3 4 1 1 1 3 2 2 2 5 5 4 2 3 4 3 1 5 2 5 5 3 4 1 3 4 1 2 5 5 4 2 5 5 1 1 2 2 4 4 5 4 5 2 4 2 4 4 1 5 5 3 2 2 5 3 3 1 1 1 5 2 1 2 1 1 1 5 1 3 2 3 3 3 4 2 1 4 4 2 5 3 2 5 3 4 3 2 3 5 5 2 1 2 5 4 5 3 2 1 5 5 1 3 1 3 5 3 5 4 1 2 2 2 1 3 4 1 2 3 3 1 2 5 1 3 1 2 3 1 4 1 2 4 4 2 5 1 5 3 2 2 1 3 5 1 4 1 4 4 1 4 3 1 4 1 1 3 2 2 1 3 1 4 3 1 0 2 4 3 2 1 1 3 3 5 3 4 3 3 2 4 3 5 1 2 1 4 2 5 4 3 4 4 5 1 5 5 3 5 1 5 5 5 3 5 3 5 4 1 1 1 2 5 4 3 2 5 3 2 5 4 1 3 1 1 2 5 1 2 1 4 2 3 2 1 5 4 4 2 4 2 1 2 3 4 2 5 3 1 3 2 5 3 4 2 3 5 1 1 1 5 3 5 1 1 4 2 4 2 2 4 2 2 4 2 2 3 3 1 4 2 1 4 2 4 5 5 2 2 1 4 5 2 3 1 5 2 5 5 4 2 1 5 2 5 2 2 4 1 1 3 2 5
4 2 1 5 5 3 2 1 3 4 4 3 2 5 4 2 3 5 4 1 2 1 5 2 3 2 3 3 1 3 5 3 4 1 4 3 1 5 1 1 4 5 2 1 5 5 1 3 2 2 2 5 4 1 5 1 5 3 3 5 3 1 3 5 4 3 1 3 2 1 4 3 4 4 1 3 1 4 2 5 2 2 3 4 3 3 1 1 4 4 2 3 1 5 3 4 4 3 3 3 2 2 1 5 4 4 1 5 4 3 1 4 5 5 4 4 3 2 2 1 1 3 3 3 5 2 3 4 5 5 1 5 4 4 2 3 3 5 4 4 1 3 2 5 2 3 3 2 3 2 2 3 4 5 3 2 3 4 4 3 1 2 3 5 2 4 1 5 4 5 3 2 3 3 5 5 1 5 5 5 4 2 3 4 4 5 5 1 5 3 4 1 3 1 2 4 4 5 3 2 2 4 4 3 1 4 2 2 2 3 1 4 2 3 3 5 4 3 2 5 5 2 3 3 4 5 2 1 3 5 3 1 3 3 1 3 2 4 3 2 1 4 4 1 3 3 1 5 2 3 4 3 5 3 2 3 4 1 5 2 1 4 1 4 3 5 2 1 5 2 3 2 3 5 3 5 1 5 1 1 1 5 1 3 2 5 3 1 1 2 2 4 4 4 5 3 4 4 1 4 1 1 5 0 3 4 2 2 5 4 4 5 2 1 4 2 4 4 1 2 3 3 4 4 4 2 1 4 4 2 1 1 5 5 1 5 2 1 3 3 1 1 1 4 3 3 1 5 2 4 5 3 4 3 4 1 5 3 3 5 1 2 4 1 2 1 4 1 2 3 2 2 2 2 2 3 1 4 1 2 2 5 5 1 2 2 4 2 5 4 2 5 1 4 5 4 1 1 5 5 3 3 2 4 3 4 1 3 3 4 1 2 3 4 1 1 1 1 3 5 2 5 4 3 4 2 3 5 5 2 4 2 2 2 4 5 1 3 2 4 1 4 4 1 2 5 1 3 4 2
5 3 3 1 1 2 1 3 5 3 5 2 3 5 4 1 4 4 4 4 1 2 1 2 4 5 2 5 5 3 5 2 1 4 1 3 3 5 2 4 1 3 1 1 2 5 3 4 2 2 4 3 5 2 1 2 1 2 3 3 2 3 5 4 5 1 4 2 5 3 5 2 1 1 5 5 2 4 1 3 2 5 2 2 5 5 2 1 4 2 1 2 2 5 1 1 5 4 2 3 1 5 2 4 4 2 5 3 5 4 2 5 4 1 1 4 1 2 3 4 1 5 5 2 2 2 3 1 3 3 2 3 5 3 5 1 3 4 3 1 3 4 1 3 1 5 5 4 3 1 4 1 4 4 2 1 2 4 3 3 1 1 2 3 1 5 1 2 2 4 2 3 5 5 4 1 5 4 3 1 3 2 2 2 2 2 3 2 3 5 2 4 1 3 4 2 3 5 3 4 4 4 1 3 4 5 4 4 2 5 3 4 4 5 1 4 4 1 3 1 5 4 1 1 1 3 4 4 3 5 5 2 5 2 2 4 4 5 4 5 2 2 1 2 4 1 3 5 5 4 3 3 3 2 5 4 1 4 3 3 3 2 4 1 3 1 5 2 5 5 4 1 1 1 4 5 2 3 4 2 2 4 2 2 2 2 4 4 2 3 2 5 3 3 2 4 4 4 2 1 1 3 1 1 0 5 2 3 5 1 1 2 5 2 1 3 3 1 1 5 2 5 3 5 3 4 2 4 3 4 4 3 5 4 2 2 1 2 1 4 4 3 2 1 3 5 2 1 4 5 5 4 1 3 3 2 5 5 3 5 2 5 3 2 3 4 1 2 1 3 2 3 5 3 2 4 4 3 4 1 5 4 4 1 2 2 5 4 4 3 1 3 2 3 2 3 3 5 1 2 4 4 4 2 1 4 5 4 3 4 2 2 3 1 2 1 1 1 4 5 2 5 3 5 4 3 3 2 4 2 4 2 2 2 1 3 4 2 3 5 5 3 1 5 2 5 1 2 5 1
1 1 1 5 4 1 2 2 4 1 2 2 4 1 3 4 1 3 5 3 3 3 1 4 3 4 1 1 4 1 4 5 4 1 3 2 1 5 2 5 4 3 5 3 1 2 3 5 1 5 5 2 1 3 5 5 5 4 1 2 2 2 5 5 2 4 2 5 4 2 5 5 5 3 4 4 4 2 5 5 1 1 1 1 4 5 5 3 3 1 1 5 4 3 5 3 4 5 3 4 3 3 3 2 3 4 4 3 1 4 3 3 2 3 2 3 3 5 1 1 4 5 1 1 2 4 1 4 2 4 2 5 2 1 1 5 1 1 1 5 4 1 1 1 3 3 5 3 4 2 5 2 2 4 4 1 2 3 4 1 5 5 4 3 5 4 3 2 2 1 4 3 4 5 5 5 1 3 1 1 1 5 3 5 2 2 5 5 3 5 5 4 2 3 2 1 5 3 4 4 1 1 4 1 1 5 4 4 3 5 4 1 3 1 3 3 5 3 5 4 1 1 2 3 3 5 5 1 4 5 4 3 5 3 3 4 2 5 1 5 4 5 3 2 5 4 5 5 2 4 5 4 3 5 5 2 3 1 3 3 2 4 5 3 2 3 5 5 3 4 2 4 2 5 2 2 2 2 1 2 4 2 5 5 3 1 1 1 3 3 2 3 4 1 3 4 4 5 4 4 4 1 2 4 1 0 3 3 1 4 1 1 3 4 4 4 3 4 3 3 3 2 1 5 2 3 3 5 4 3 1 1 3 1 1 4 5 1 2 3 1 1 2 4 4 1 4 1 5 5 2 3 4 2 2 1 3 2 1 1 2 5 3 3 4 3 5 3 1 1 1 1 2 3 4 5 3 3 1 1 5 2 3 5 4 3 4 3 4 5 5 5 5 5 4 1 2 2 3 5 3 4 4 4 4 2 4 1 2 1 4 4 4 1 3 4 4 2 5 4 1 5 4 5 5 2 1 3 3 2 5 1 3 2 3 4 5 2 1 1 4 4 5 5 3 1 5 5 3 4
1 1 1 4 2 2 3 4 3 4 1 2 2 5 2 2 4 4 5 3 2 2 4 1 4 4 3 5 5 4 1 5 4 4 2 5 4 3 3 2 4 3 5 4 3 4 4 4 4 1 3 2 5 3 1 4 2 5 5 4 3 1 5 3 5 5 4 3 2 4 3 4 5 5 2 5 2 1 5 2 2 1 4 4 4 5 3 1 3 3 3 1 1 1 2 1 2 3 5 1 4 5 4 5 5 2 2 3 3 4 2 5 3 4 3 1 2 4 5 5 3 4 3 1 5 5 1 5 2 2 5 3 3 2 3 4 2 2 3 4 2 3 2 2 2 5 1 5 4 1 3 1 1 5 4 4 2 4 2 4 2 3 3 1 3 3 5 2 2 3 4 1 2 1 1 5 1 2 4 4 1 4 4 3 1 5 4 4 2 2 5 5 4 4 5 1 5 3 1 4 5 2 3 2 2 2 1 1 4 2 3 5 3 4 2 4 1 4 2 2 4 1 4 4 2 5 1 1 4 4 3 1 1 4 3 2 5 4 2 2 4 1 4 4 2 3 2 5 5 5 1 3 1 1 1 4 5 5 1 5 5 5 4 5 4 2 4 4 2 4 4 1 4 1 4 5 3 4 4 4 4 2 1 2 1 2 5 3 4 4 3 4 3 1 5 1 2 5 3 1 3 3 2 2 2 3 0 2 2 3 5 4 4 3 4 2 4 1 1 3 5 4 5 1 5 3 5 5 4 4 4 5 2 2 5 1 1 2 4 2 1 1 3 4 2 3 4 3 5 1 1 5 2 4 1 2 3 1 5 4 3 4 1 4 1 4 4 3 3 2 4 5 3 5 3 4 1 4 5 5 1 2 2 2 3 3 1 4 5 4 3 3 5 3 4 5 4 5 1 5 3 2 3 1 4 5 1 4 4 1 2 4 1 2 2 2 2 1 4 4 5 2 2 3 3 4 3 2 3 5 1 5 2 1 2 4 1 2 4 4 1 3 3 2 5 1 1 4 3 4
3 1 4 3 5 5 1 2 2 1 1 5 2 5 3 3 5 1 3 4 4 5 2 5 3 2 2 3 5 2 4 2 4 1 3 4 3 5 1 2 3 1 4 2 1 1 3 2 3 2 1 4 1 2 1 4 3 2 1 2 3 1 3 5 4 4 3 4 3 5 4 2 3 5 1 2 4 3 2 1 2 2 5 1 2 5 5 5 3 2 4 5 5 2 1 2 5 5 3 4 1 5 4 5 3 4 4 2 1 2 1 3 5 4 3 2 2 2 1 5 4 1 4 2 5 2 4 5 3 4 3 4 3 4 1 4 2 3 2 5 5 2 5 5 2 5 5 1 5 3 2 3 1 5 1 1 4 1 4 4 4 3 2 2 3 2 4 5 4 5 4 5 4 2 4 4 2 1 5 3 3 1 1 2 5 5 5 4 5 4 2 3 5 5 2 3 2 2 4 4 1 2 2 5 1 3 1 3 5 1 2 4 3 3 3 4 2 3 5 2 5 2 3 1 3 5 1 2 1 3 1 5 2 3 1 4 1 1 2 1 1 4 1 1 4 2 4 3 5 1 5 3 5 4 1 5 5 4 1 4 1 1 2 2 5 5 2 4 4 2 4 4 5 2 4 1 1 4 2 2 3 1 2 3 2 4 1 4 1 5 2 2 2 5 2 5 1 1 2 1 1 4 5 2 2 1 1 0 2 4 4 5 5 2 1 4 1 5 4 2 2 2 3 2 4 4 2 3 2 5 1 3 4 5 3 5 3 2 2 2 3 5 3 3 3 5 3 1 5 1 3 5 4 3 2 1 2 2 4 4 2 4 5 2 2 4 5 2 2 3 3 2 2 1 5 2 1 1 3 4 5 3 4 3 1 1 4 3 1 5 3 5 1 1 4 3 3 5 5 3 4 1 1 5 1 3 5 1 5 2 2 5 3 1 3 2 2 3 1 2 2 1 5 4 2 2 5 2 5 5 2 1 2 4 5 5 4 1 2 2 3 5 2 3 2 5 1 3 2 2
4 1 2 1 3 3 4 2 3 3 3 4 4 5 2 1 4 2 5 2 3 1 1 5 2 1 5 2 3 3 2 2 5 4 3 5 1 5 4 5 3 5 3 5 2 5 5 5 4 1 1 2 2 2 2 4 1 2 2 5 2 2 5 4 4 4 2 5 4 4 2 2 3 3 1 4 2 1 5 4 2 2 2 1 2 4 4 1 1 2 3 3 1 3 3 2 4 4 2 4 4 3 2 2 2 2 3 1 1 2 2 3 2 3 1 2 1 2 3 3 4 5 2 4 2 3 4 3 4 4 3 3 3 4 3 2 4 5 4 1 3 3 5 5 4 4 1 1 3 2 4 3 4 1 3 5 2 2 4 1 4 2 3 3 3 3 2 5 3 3 3 3 1 4 1 4 3 5 1 4 4 3 2 3 3 2 1 3 3 4 2 2 4 1 1 4 4 1 4 3 5 4 2 2 4 5 1 3 5 5 1 1 1 1 4 2 3 3 1 3 5 4 1 5 4 2 5 4 4 4 3 4 1 5 5 4 3 1 2 5 2 5 1 3 5 3 3 4 4 3 2 2 1 5 4 2 5 5 1 1 2 4 3 1 5 2 2 1 5 2 2 3 4 5 3 4 2 4 1 1 5 1 5 4 1 2 5 4 2 2 4 3 3 3 1 2 1 2 1 3 4 2 3 1 3 1 2 4 0 2 3 2 1 3 1 2 4 3 4 4 4 2 3 5 1 4 2 3 5 5 1 2 3 5 4 4 1 5 1 4 5 4 2 5 3 4 4 5 4 2 5 4 4 1 5 3 5 4 4 2 2 3 1 4 4 3 1 2 1 2 1 5 5 3 4 2 1 2 4 4 4 3 3 5 5 4 4 5 2 2 1 2 5 4 3 3 5 4 1 1 4 2 1 4 4 3 3 2 1 5 3 1 3 3 2 3 2 5 5 4 5 5 4 1 1 4 4 4 2 1 5 1 5 1 3 4 1 2 3 1 4 3 4 5 5 5 3 2 1 3
3 5 1 1 2 5 5 3 2 4 5 5 5 4 4 3 2 3 1 1 3 2 2 1 1 4 5 1 5 1 3 5 4 3 2 4 3 5 1 2 2 3 5 5 5 5 4 1 4 1 1 5 3 1 2 5 1 2 2 4 1 3 1 2 1 4 3 2 2 4 3 3 3 4 4 5 1 2 4 4 1 5 3 4 4 1 1 2 1 4 4 4 2 5 5 5 2 5 3 2 2 1 2 2 1 3 2 3 5 2 2 5 4 3 5 4 4 2 3 1 1 4 1 2 1 5 2 4 5 5 1 1 4 5 4 4 4 1 5 5 2 1 5 4 3 3 3 5 4 4 4 5 5 4 5 4 3 4 3 4 2 5 2 5 4 3 5 3 5 5 4 3 2 3 3 4 2 1 4 4 1 4 1 5 1 1 1 3 2 1 2 3 3 5 3 4 2 3 5 1 3 4 3 4 3 5 1 2 4 3 3 3 2 5 4 5 5 2 3 2 1 4 4 1 2 5 3 3 2 3 1 1 1 3 5 3 2 1 2 3 2 1 1 4 1 2 3 3 2 1 4 3 4 4 2 1 1 3 4 3 2 2 2 2 3 1 2 2 3 1 1 5 4 1 4 4 3 5 2 3 4 5 3 1 2 5 2 2 1 2 5 3 4 4 2 3 4 4 5 2 5 4 4 5 3 4 4 3 4 0 3 4 5 2 3 1 4 3 1 3 2 5 5 2 3 4 2 3 4 1 1 4 3 2 1 3 4 5 5 2 5 2 4 5 5 3 5 5 2 5 2 1 4 5 2 1 5 2 5 3 4 2 3 2 3 3 4 5 3 2 5 1 4 1 1 2 1 3 3 3 5 5 5 1 3 1 5 4 3 2 4 4 4 5 4 1 3 5 5 2 1 2 2 1 3 1 3 3 3 3 3 1 5 1 3 2 5 2 3 2 4 1 5 3 3 1 5 3 5 2 3 1 3 1 5 2 4 4 1 5 2 4 4 4 2 3 3 1 1 2
5 4 4 4 5 4 3 5 5 2 2 2 5 2 1 1 5 2 3 4 2 2 1 1 4 5 4 4 3 3 4 3 4 2 4 5 1 1 1 2 4 3 1 5 4 2 3 5 1 5 3 2 5 2 5 2 3 1 2 5 1 1 2 2 5 2 5 5 5 5 2 5 4 1 4 2 5 1 2 3 5 1 3 1 5 4 1 4 2 3 1 5 1 5 5 4 2 5 3 5 3 2 2 3 5 1 5 2 5 2 2 5 5 3 5 4 5 3 3 4 2 2 5 5 4 2 1 5 5 3 5 3 4 5 5 3 3 3 4 5 4 4 3 1 1 4 4 3 4 1 2 1 5 2 1 5 4 2 3 3 3 5 4 5 2 2 2 4 4 5 2 3 4 1 1 1 2 2 4 3 3 2 5 5 5 2 1 5 4 4 2 3 5 2 3 3 1 1 5 5 3 3 3 3 1 1 4 3 4 1 4 5 3 3 1 3 2 3 1 5 5 4 4 1 1 5 5 3 5 5 4 2 5 2 2 1 2 2 2 4 4 3 5 2 3 1 5 4 1 3 2 5 1 5 1 1 4 4 5 3 5 3 1 5 4 5 1 2 1 1 1 4 3 2 5 1 2 3 2 2 2 5 3 5 4 5 2 3 5 4 4 1 3 2 4 4 3 5 3 3 2 4 5 2 2 3 3 2 4 3 0 2 3 4 1 2 1 4 5 4 5 3 5 3 2 3 1 2 4 3 5 2 5 1 2 1 4 5 5 5 4 4 4 5 1 4 5 3 2 4 2 1 3 3 5 4 5 5 3 2 5 3 4 4 1 2 5 1 4 2 5 5 1 3 1 1 5 1 2 1 4 1 3 1 1 1 5 1 4 5 4 3 5 1 1 4 1 1 5 4 3 3 2 5 3 1 1 4 4 1 1 5 2 2 2 4 2 2 1 2 4 2 3 5 2 2 4 5 5 5 4 2 2 2 4 1 2 4 1 3 3 1 2 1 3 3 2 4 4 3
5 5 3 4 1 1 1 2 1 2 5 3 2 5 1 4 2 1 5 4 5 1 2 1 3 3 1 5 4 1 4 5 2 4 1 4 3 4 4 2 5 2 4 4 3 1 2 1 5 1 4 4 3 3 2 4 3 4 4 5 2 5 2 3 2 5 5 5 4 1 1 4 1 3 1 1 2 5 3 2 3 1 3 2 3 4 4 4 2 3 5 4 3 1 1 3 4 3 2 2 4 3 3 3 2 1 4 3 3 1 3 4 4 5 1 3 1 4 5 2 4 3 4 5 4 2 4 4 3 4 3 1 1 3 2 5 4 4 3 3 2 3 5 2 3 4 5 2 5 2 5 1 4 1 4 5 5 1 3 1 5 5 4 4 3 1 5 2 1 4 5 5 1 5 3 3 1 4 1 3 3 1 2 4 3 5 4 1 3 3 1 2 3 4 1 2 3 1 2 4 1 3 2 5 2 4 3 2 3 1 3 5 2 1 4 5 4 1 5 1 3 3 4 5 5 3 3 1 3 4 2 3 4 4 5 2 5 2 3 5 1 3 5 5 1 1 5 1 3 4 3 3 3 2 2 1 1 3 1 1 2 1 1 2 2 3 2 1 5 3 3 3 2 1 3 3 4 5 2 4 5 2 2 1 3 1 2 2 5 4 3 3 5 3 5 3 4 5 1 1 5 5 1 1 3 4 4 4 5 1 1 0 5 3 2 5 5 4 4 1 1 5 1 1 5 1 4 4 1 3 5 1 5 3 3 2 2 1 3 4 2 1 1 4 5 5 4 4 2 5 1 2 2 2 2 4 2 1 2 5 2 5 4 3 3 3 1 5 2 2 3 5 3 3 4 1 3 5 4 3 1 4 4 4 3 2 4 2 5 1 4 3 4 3 3 5 5 3 1 1 4 4 4 1 1 1 1 3 3 1 3 3 4 5 5 4 2 4 4 2 1 5 2 1 1 1 2 1 1 2 3 1 3 3 1 4 1 3 3 5 2 2 2 4 2 2 4 2 4 1
1 1 4 4 1 2 1 3 4 3 3 5 1 2 1 3 1 4 3 3 4 2 3 2 3 2 5 1 2 4 5 2 5 2 5 4 5 5 3 4 5 1 1 1 3 4 3 1 3 2 1 2 2 3 5 1 5 1 4 1 5 3 4 5 1 4 3 4 2 2 4 3 1 5 5 1 5 3 3 1 4 2 5 1 5 2 3 1 2 4 1 5 3 1 3 2 1 3 1 2 4 1 3 5 3 4 2 3 5 3 2 2 5 1 3 2 2 3 5 5 1 2 3 2 1 3 3 2 2 5 1 3 1 3 5 5 1 3 3 5 1 2 1 4 1 5 2 2 5 1 2 5 3 3 4 1 5 2 4 4 1 3 2 4 4 2 4 1 3 2 1 1 3 1 3 1 5 4 5 4 3 5 2 4 1 3 5 5 4 1 4 2 5 3 5 4 5 5 4 2 5 4 1 4 1 2 3 5 5 5 3 2 1 5 3 1 2 4 2 3 5 2 1 3 4 2 2 4 2 2 1 5 4 1 4 1 4 3 2 2 3 5 3 2 3 1 5 3 4 5 2 5 3 1 3 3 4 1 3 5 2 4 1 1 5 1 1 3 4 3 1 4 5 5 3 1 1 3 4 4 2 2 3 2 1 1 3 4 4 4 5 2 5 2 3 5 2 2 3 1 4 5 4 2 5 1 1 2 4 5 3 3 0 3 4 5 2 3 1 1 2 1 1 2 5 1 3 2 1 1 5 5 3 2 2 3 4 1 5 1 2 1 2 2 1 4 2 5 1 3 4 5 5 2 1 1 2 3 5 1 3 1 1 4 5 1 5 3 2 1 1 3 1 5 3 4 5 4 5 3 2 2 4 3 4 2 5 4 5 2 5 1 2 1 3 2 1 3 2 1 3 3 1 3 4 1 2 4 4 1 3 4 2 5 5 4 4 4 3 4 1 3 3 2 4 1 5 4 5 1 1 5 3 1 4 3 1 3 4 1 5 5 3 5 2 2 5 3 5 3
1 1 2 5 2 3 2 1 5 4 3 4 3 3 3 3 2 2 4 3 4 4 5 2 4 3 3 3 1 1 2 1 3 1 4 3 4 1 2 5 2 3 4 5 4 2 3 5 1 4 3 4 4 1 5 3 2 4 3 1 3 5 3 2 3 5 5 5 1 3 1 3 2 1 3 2 1 5 1 3 2 3 4 2 5 4 5 4 4 5 3 4 5 2 5 5 5 4 4 5 1 4 3 4 1 2 1 4 5 3 2 2 2 2 4 5 3 4 2 4 1 1 5 4 4 3 1 5 3 2 5 5 5 3 4 3 4 5 1 1 4 4 3 3 1 4 3 1 1 1 1 4 4 4 2 2 1 4 3 1 4 3 1 5 3 4 2 5 5 2 4 4 2 5 5 1 5 3 2 1 5 5 4 1 5 2 3 2 5 5 4 1 4 4 3 2 3 1 3 4 2 3 1 3 2 2 2 4 3 2 2 4 1 4 5 3 5 1 4 5 5 2 5 3 5 5 1 3 5 2 4 5 4 3 1 3 2 2 5 4 5 2 5 5 1 3 4 4 1 2 5 2 4 2 2 1 5 3 1 2 5 4 4 3 4 1 1 4 1 3 2 2 3 2 2 3 2 5 4 1 2 4 3 1 1 5 2 3 4 4 4 3 3 3 5 4 3 5 1 1 2 5 3 5 5 1 4 1 4 5 2 3 1 0 2 5 1 5 3 3 5 3 4 1 1 5 2 4 4 5 2 1 5 5 3 1 3 2 1 1 2 3 3 1 3 2 1 3 5 4 1 3 2 2 1 2 4 3 5 5 2 1 1 3 5 2 1 4 4 1 3 3 1 3 3 5 1 3 5 5 2 4 4 3 4 5 5 5 2 5 4 2 1 3 4 2 1 3 3 3 3 4 5 2 4 2 2 3 4 1 3 5 4 5 4 3 4 4 5 1 1 1 1 2 2 3 3 3 5 3 2 2 3 3 4 2 5 1 3 5 2 1 2 4 5 5 2 3 2 2
2 2 3 4 5 5 1 1 2 1 2 3 5 3 3 4 5 4 3 3 2 3 3 4 2 2 3 4 2 3 5 4 4 1 1 1 5 1 5 5 5 4 2 5 2 5 1 3 1 2 1 5 1 4 4 3 4 1 1 4 4 5 1 3 2 5 2 4 5 4 2 5 3 4 3 1 3 4 3 5 1 3 1 1 4 1 4 1 1 2 1 2 2 3 2 1 4 1 3 3 4 5 3 2 3 3 4 5 5 4 4 4 4 5 4 5 1 5 1 5 1 2 1 2 2 1 3 1 4 1 1 2 2 2 5 1 4 2 3 4 1 2 4 1 3 3 3 5 5 1 5 4 1 3 1 3 2 5 1 2 5 5 3 4 2 2 3 5 3 1 5 3 2 5 3 2 1 1 3 2 2 5 4 1 4 3 1 5 4 4 5 2 1 2 2 1 1 4 1 1 5 5 4 2 1 2 2 5 4 4 2 1 2 1 4 5 4 2 1 1 4 4 3 1 2 3 4 4 5 3 4 2 5 3 2 2 3 5 3 2 3 5 3 2 3 2 3 5 3 3 4 2 1 4 2 4 2 2 3 3 1 4 4 4 3 3 4 2 5 1 2 2 3 4 1 2 3 1 3 2 2 4 2 1 4 1 5 3 1 2 3 4 1 4 3 2 4 3 3 1 1 4 1 1 4 2 4 4 4 3 3 1 4 1 0 5 3 1 4 1 2 3 3 4 2 3 1 3 5 1 3 2 1 5 2 3 1 2 3 4 2 3 2 1 4 1 4 1 4 5 4 2 4 3 1 4 1 1 1 5 1 3 3 4 5 2 1 3 4 2 3 3 5 2 4 5 5 4 4 5 2 4 5 1 2 5 1 4 1 4 4 3 4 5 1 2 3 2 2 4 2 4 2 1 3 2 5 4 5 3 5 1 4 4 2 4 5 1 1 3 1 3 2 5 3 1 5 1 4 5 5 1 1 4 5 3 1 3 1 3 3 3 1 5 3 3 1 1 4 1
4 1 5 2 2 1 3 3 4 5 3 2 1 3 3 1 4 5 4 1 3 4 5 4 3 1 1 1 3 1 3 1 2 2 3 3 1 2 4 5 5 4 4 3 5 3 3 4 3 1 4 1 1 5 5 3 4 5 5 4 1 1 1 3 4 5 2 4 1 3 4 1 4 2 2 5 2 2 4 4 4 2 4 1 4 2 1 1 2 3 1 2 2 1 2 4 2 1 5 1 1 3 1 2 4 4 1 2 4 2 1 3 3 4 2 5 2 5 4 3 2 2 4 5 4 1 3 3 5 2 5 4 4 3 5 5 1 4 1 1 4 4 3 3 4 2 5 5 3 1 3 5 2 3 5 4 3 5 2 1 3 1 2 5 5 1 4 2 2 1 2 2 5 2 2 3 3 5 3 3 4 3 2 4 4 2 1 3 3 4 3 4 4 2 2 2 2 4 4 3 3 1 4 2 4 5 4 4 1 3 3 5 2 1 3 1 4 3 5 3 2 4 1 2 5 1 3 1 4 5 2 5 5 1 5 4 4 3 1 5 3 5 4 4 1 2 4 3 3 5 2 1 1 5 1 2 4 3 2 2 4 1 2 3 1 2 5 1 5 2 4 3 3 2 4 4 2 3 4 1 4 2 2 2 1 2 3 2 3 5 5 3 2 4 1 4 1 3 3 1 2 4 3 4 4 1 1 4 1 2 4 5 3 4 2 0 1 1 3 5 1 1 1 2 3 5 5 3 1 3 2 5 2 2 3 2 3 4 2 3 4 1 1 2 4 2 4 1 4 4 1 4 5 4 3 3 3 5 1 3 2 1 3 4 3 2 4 4 4 2 4 5 3 1 3 5 3 5 4 2 5 4 4 1 2 3 5 1 2 2 2 2 3 2 5 3 2 5 5 4 4 4 1 3 1 2 4 1 4 3 4 1 1 4 2 2 2 5 2 1 4 4 4 3 1 3 3 3 5 2 3 4 5 1 2 4 4 4 1 5 5 1 4 3 3 3 5 2 1 2
2 1 1 5 1 2 4 1 1 4 5 1 3 4 1 3 1 4 5 1 2 3 5 1 3 1 5 2 1 2 4 4 5 1 2 1 5 5 2 5 5 1 3 5 2 3 5 4 1 2 3 5 5 3 3 5 2 2 3 5 1 2 1 1 3 3 5 3 2 2 2 3 3 5 2 5 1 4 3 5 4 4 4 1 3 5 4 2 2 5 5 4 5 2 2 2 1 5 2 5 3 1 1 4 1 1 4 3 4 2 4 2 4 1 2 1 1 1 2 2 3 4 1 5 4 4 1 5 4 4 3 1 5 1 4 1 2 5 2 3 1 1 2 5 2 2 4 1 2 3 4 2 3 1 3 3 3 3 3 1 2 2 1 5 3 4 1 5 3 5 4 4 4 3 1 5 2 4 2 1 4 1 2 1 4 2 2 3 1 5 3 4 2 1 4 4 5 5 5 2 1 5 2 1 3 3 4 3 4 3 2 1 1 1 5 4 5 2 4 5 3 1 3 1 2 5 2 2 3 5 5 4 5 1 4 2 3 5 2 4 4 1 3 1 1 4 5 2 5 4 5 5 4 3 3 2 5 1 3 5 5 2 2 5 4 1 2 2 5 2 1 1 4 4 4 2 2 4 1 2 2 2 4 1 4 4 1 5 3 3 2 2 4 4 2 2 3 1 1 1 5 1 4 3 1 5 3 5 5 4 2 1 2 2 3 1 0 5 3 3 4 5 4 4 3 1 4 1 3 1 4 5 2 2 2 2 3 5 2 4 1 4 2 3 1 1 3 2 2 2 2 3 3 3 4 3 4 1 2 2 5 4 2 4 5 2 2 1 3 3 5 1 2 3 1 1 5 4 2 5 5 1 3 5 1 2 4 5 1 5 3 2 3 1 2 5 5 4 5 2 1 1 3 5 3 2 3 2 5 1 2 2 4 4 1 4 2 5 2 1 4 3 2 1 1 4 1 2 1 2 2 3 2 4 2 2 1 1 1 5 3 2 4 5 2 2 3 1 2 2
1 3 3 1 3 2 4 3 4 3 1 3 1 1 4 4 1 4 3 2 2 4 5 1 3 5 3 5 1 3 1 2 1 2 2 1 2 2 1 5 4 3 2 2 1 4 2 3 4 2 2 3 2 1 1 1 2 4 3 1 4 5 5 5 4 2 3 3 2 4 4 2 1 2 1 5 4 4 4 1 1 2 3 1 2 1 1 3 1 4 1 2 3 1 1 4 4 5 5 3 4 5 2 5 3 4 3 1 3 2 1 2 1 3 4 3 5 4 3 5 3 1 2 4 3 1 1 4 4 5 5 1 2 3 3 1 3 4 3 4 4 2 5 5 2 3 3 5 1 3 2 1 5 1 5 1 5 3 4 4 2 3 2 4 1 4 2 1 2 3 4 3 2 1 2 4 2 4 1 5 4 2 5 4 1 1 4 3 5 3 4 2 1 2 1 3 5 1 4 1 2 4 1 4 3 2 1 3 1 5 3 3 3 4 2 3 3 2 4 3 5 1 3 3 1 1 4 4 2 1 5 2 2 4 5 2 2 2 1 2 4 3 4 1 2 4 1 1 2 3 3 3 3 4 4 5 1 4 1 5 3 5 5 4 4 5 1 3 3 2 5 3 5 5 3 1 2 5 2 1 4 5 3 5 4 2 4 4 4 4 4 4 4 2 1 2 2 4 4 3 3 2 4 2 3 4 4 4 2 2 2 1 2 2 3 3 2 0 4 1 4 1 3 1 5 1 1 3 2 4 4 3 3 1 5 1 4 2 5 5 4 2 3 3 5 4 3 3 4 4 5 5 2 3 3 1 4 4 3 4 5 5 1 4 2 2 2 5 2 4 1 4 1 1 4 3 4 1 1 3 2 4 1 3 1 3 2 4 4 3 5 4 4 1 4 2 5 5 5 5 2 5 1 3 3 1 1 4 3 4 1 3 3 5 3 4 3 4 1 5 4 4 4 3 5 2 2 1 5 3 3 2 5 3 2 3 1 5 2 1 5 3 2 5 2 5 5 4 1 5
5 4 2 4 1 5 4 3 2 5 3 2 1 4 4 3 3 3 3 4 3 4 4 3 2 1 1 2 4 4 4 1 2 5 1 4 3 5 2 1 4 1 3 1 5 5 4 5 2 3 3 5 3 3 3 4 1 5 3 3 2 1 3 5 2 3 2 3 3 5 2 5 4 3 1 1 2 3 4 5 2 1 4 3 4 3 3 3 1 5 2 1 2 2 1 4 5 4 2 3 4 2 4 5 4 4 3 3 4 4 2 2 1 4 1 4 5 5 3 4 2 3 1 1 1 5 3 2 2 2 5 5 3 4 5 2 3 1 4 4 2 1 4 1 4 4 3 4 4 5 5 5 3 4 3 4 2 5 1 3 5 5 2 2 5 4 5 3 5 5 2 2 4 2 3 1 4 4 2 3 5 2 3 2 2 4 4 4 2 4 4 1 4 5 5 3 2 1 3 2 4 2 2 5 3 5 2 4 4 3 2 5 4 3 1 5 5 2 2 5 1 3 3 2 5 3 1 4 1 4 5 2 3 4 2 3 2 1 3 5 4 5 2 3 3 4 5 5 5 1 2 1 3 5 5 1 3 4 3 1 4 4 2 2 5 4 1 5 3 2 3 3 4 5 2 5 1 3 1 4 2 4 3 5 2 3 3 5 4 1 4 1 4 4 2 2 3 3 3 3 2 3 2 5 5 4 4 5 5 3 2 5 5 4 4 2 2 2 0 1 3 5 2 5 2 5 5 3 2 3 3 4 1 3 1 4 3 1 2 1 4 2 3 3 3 5 2 2 2 5 1 5 3 5 3 4 3 3 2 4 4 1 1 2 4 3 1 2 3 3 5 5 2 5 4 4 1 4 3 1 3 1 4 4 3 5 3 3 3 5 3 2 2 2 1 3 1 5 1 3 2 5 2 5 1 3 2 4 4 2 1 1 5 2 1 3 4 2 3 3 4 2 5 4 4 2 4 3 4 2 2 4 2 3 1 5 2 3 1 5 5 3 2 1 3 1 5 1 2 4
1 3 2 3 1 4 5 4 3 3 1 3 2 4 1 4 4 3 5 1 3 4 1 4 4 2 5 2 2 3 2 1 4 3 1 2 2 3 2 3 5 2 1 5 1 4 1 4 5 5 5 3 1 3 2 2 2 1 5 4 5 5 5 1 5 3 5 3 4 1 5 1 5 3 3 5 3 3 2 4 2 4 1 4 2 1 5 4 3 5 2 1 4 5 5 1 2 1 1 1 3 5 2 2 5 1 3 5 1 4 4 1 5 3 5 5 3 3 2 5 4 1 3 5 5 4 1 5 4 2 1 5 2 5 3 4 3 1 4 3 4 1 5 4 3 4 5 2 2 2 5 5 1 4 5 2 2 1 1 1 4 2 4 5 2 1 5 5 1 3 4 3 4 3 5 2 2 5 5 5 4 1 1 3 5 3 1 5 2 2 2 3 4 3 5 1 5 4 4 4 1 5 2 3 3 4 1 2 4 1 2 2 4 3 1 5 3 4 3 1 5 2 5 4 3 5 5 1 2 2 4 4 2 4 4 2 5 5 4 5 1 4 3 3 4 2 3 2 1 1 1 2 1 5 1 5 3 5 1 5 2 4 5 3 3 5 3 1 3 3 1 4 3 2 5 2 5 5 4 1 5 2 2 5 3 2 5 1 3 4 5 3 2 3 1 5 3 4 5 2 2 5 4 1 5 3 5 1 3 5 2 2 4 2 2 1 5 2 5 0 1 2 3 4 2 1 5 3 4 5 3 4 4 2 2 5 1 1 4 2 3 1 4 2 4 4 2 3 5 4 3 4 1 5 3 1 3 3 2 3 3 2 5 5 1 1 5 5 2 1 2 5 1 5 1 1 2 5 3 5 5 5 2 4 1 2 5 1 5 5 2 2 4 1 5 1 4 1 1 2 1 5 1 3 4 1 1 3 3 4 1 3 1 2 1 4 4 1 3 5 5 5 5 3 2 5 1 1 4 4 4 1 4 4 2 2 5 5 1 2 2 2 5 5 5 3 3 2 2 1
2 5 4 3 5 1 5 3 2 2 5 3 3 4 3 1 1 3 4 2 4 5 4 2 4 2 2 2 4 3 4 1 4 5 2 5 1 3 2 3 3 1 3 2 2 5 5 1 4 1 1 2 3 4 1 3 1 1 1 4 5 4 5 5 5 2 5 3 3 4 5 3 4 3 4 1 1 2 3 4 1 5 2 3 4 3 3 5 2 5 5 2 4 1 3 4 5 4 1 2 1 3 4 5 4 3 4 3 1 3 1 1 3 5 2 2 4 5 2 3 4 3 3 5 2 1 5 5 2 1 3 3 5 3 2 2 3 5 2 2 5 1 5 1 4 2 2 4 5 2 5 1 1 5 4 2 2 4 2 4 5 2 1 2 4 5 5 5 4 1 4 5 4 3 5 4 1 2 5 5 2 5 3 2 3 2 2 4 1 3 2 3 2 2 2 4 3 2 5 3 1 5 3 4 4 2 2 5 1 1 3 2 2 2 5 4 2 3 3 3 2 2 3 3 3 1 2 1 4 2 4 2 2 5 3 3 2 5 5 2 2 1 1 4 4 3 5 3 1 2 5 5 2 4 1 2 3 5 5 3 3 5 4 2 1 1 5 4 3 5 2 2 2 1 3 5 1 1 1 4 3 2 3 4 4 4 1 2 5 5 5 5 1 2 4 2 3 3 3 3 3 1 3 5 3 1 2 2 4 5 4 2 1 1 4 1 3 1 5 3 0 4 1 5 3 1 2 2 3 1 2 1 2 3 5 2 4 2 4 5 4 4 1 1 2 5 4 5 1 5 4 2 5 3 5 3 1 1 3 4 5 1 1 4 2 1 1 1 3 3 4 5 2 4 5 2 1 2 5 2 2 2 1 5 4 5 3 2 4 2 5 4 3 1 2 4 5 5 4 5 2 1 3 2 4 2 3 1 5 3 5 3 3 2 5 4 1 2 5 3 5 4 4 5 5 1 1 1 3 5 4 5 5 3 3 2 1 1 3 2 4 2 2 4 5 5 4 2 3 3
3 5 3 5 4 2 1 2 3 4 1 3 1 5 1 4 3 3 3 3 4 2 5 1 1 4 5 2 1 1 2 1 3 1 2 2 4 3 4 2 5 5 1 2 2 2 5 5 5 1 2 5 4 1 1 1 5 1 3 2 2 3 3 4 3 5 4 5 1 1 4 5 5 1 4 5 3 4 4 3 3 5 3 1 2 1 4 5 2 3 3 1 2 2 4 1 1 3 2 1 4 1 3 1 3 3 1 4 5 2 1 4 4 3 1 1 3 3 4 3 1 3 4 4 4 2 3 3 4 1 1 1 3 5 1 1 4 2 2 2 1 1 5 2 1 2 2 1 4 2 2 2 1 4 1 1 2 5 2 1 4 5 5 3 3 3 2 3 4 4 4 4 1 4 3 4 1 1 4 3 2 2 3 1 3 3 3 3 1 3 4 5 3 4 4 2 2 1 2 5 1 4 3 3 2 5 3 2 3 5 1 1 2 3 4 1 1 5 1 2 4 3 3 5 1 1 5 4 2 4 1 3 2 3 2 2 4 2 3 5 5 5 3 3 1 1 3 2 5 4 4 3 1 2 5 1 5 2 1 2 1 2 3 4 1 1 2 3 1 5 4 4 5 4 2 3 5 4 4 2 4 4 4 3 3 4 5 2 3 4 3 1 5 5 5 5 3 2 1 3 2 1 2 2 1 3 1 2 5 4 5 2 4 1 3 3 3 4 1 3 3 0 3 4 2 2 5 3 5 3 5 5 1 4 2 2 1 4 5 2 4 5 2 2 5 1 1 1 2 2 1 5 2 3 5 4 3 3 3 2 1 5 2 3 5 2 3 5 1 4 5 3 1 1 1 4 1 5 3 1 2 5 2 3 2 3 3 5 2 5 3 5 1 2 5 3 5 4 2 3 4 4 5 3 4 3 5 1 4 1 3 2 4 2 4 2 4 3 5 5 5 2 5 2 1 1 1 5 5 1 4 3 1 1 5 1 3 3 1 4 2 1 1 5 1 2 4 4 3 5
5 2 2 5 3 4 4 1 2 5 4 3 5 3 4 2 5 3 3 3 2 1 5 1 2 5 2 5 4 1 2 1 2 1 4 5 2 3 2 4 4 1 2 5 2 1 4 4 1 3 1 4 3 5 3 5 5 5 2 4 2 2 4 5 1 3 2 4 2 3 5 3 5 5 5 3 1 4 4 3 5 2 1 1 5 3 2 5 3 1 4 1 2 3 2 2 5 4 1 4 2 3 2 4 2 3 2 4 4 3 2 5 5 3 5 3 3 5 4 1 1 5 5 2 5 5 2 5 4 1 5 4 4 5 2 4 1 4 1 3 2 3 3 3 2 4 1 1 3 4 1 5 5 4 5 3 5 2 3 3 3 3 2 4 2 5 3 5 1 1 3 4 3 2 1 2 4 4 4 2 2 2 1 1 2 2 4 2 3 1 3 3 2 5 4 4 2 5 5 3 1 3 2 1 1 2 1 2 5 1 4 1 2 3 2 3 2 2 3 3 4 4 2 3 5 3 4 2 3 5 2 2 5 2 2 3 1 1 4 5 2 1 3 2 4 3 1 2 4 1 1 3 2 4 4 1 4 4 2 3 4 5 4 2 3 2 2 5 2 4 2 4 4 3 3 2 2 1 1 1 4 2 3 4 1 3 5 3 2 5 3 1 5 2 4 4 4 4 1 2 3 3 3 5 3 5 1 3 5 3 5 3 3 4 2 5 3 2 1 4 5 2 0 2 5 1 1 2 2 1 3 5 1 3 1 4 2 2 5 3 4 5 3 5 2 1 2 2 3 1 4 3 1 4 4 3 4 5 1 3 1 2 1 4 4 4 1 3 4 3 4 2 5 1 2 2 5 5 1 2 3 5 3 5 2 5 1 2 3 1 4 5 5 4 4 2 1 2 1 4 2 5 5 5 3 1 4 1 5 3 1 4 4 3 1 3 1 5 2 4 2 4 1 3 1 4 4 4 3 5 4 4 2 4 3 3 3 2 2 3 5 4 5 4 4 5 1 1 4 4
4 3 2 4 3 5 2 3 3 4 4 4 3 3 3 3 4 1 3 5 1 4 1 5 1 2 4 4 3 5 4 1 4 2 3 5 2 5 5 1 1 4 3 5 3 3 4 3 5 3 4 3 5 2 4 2 2 2 3 5 3 5 4 3 3 2 3 4 5 4 2 2 4 4 2 4 4 2 3 1 5 4 3 2 2 3 5 4 1 5 4 1 1 3 2 5 4 2 5 2 4 5 2 2 5 1 5 2 4 2 1 5 3 2 1 3 2 1 1 4 4 5 1 3 1 2 1 2 4 1 3 4 2 4 2 1 4 2 2 2 1 2 4 4 2 4 1 3 5 2 1 1 3 2 5 5 3 3 1 4 4 2 3 2 4 2 3 4 3 4 3 1 3 5 3 5 4 2 5 4 1 5 1 2 2 5 1 5 1 2 5 1 3 2 3 3 2 4 1 1 3 2 4 2 1 1 3 1 1 2 1 4 2 2 5 1 2 3 4 1 3 1 3 2 4 5 1 1 5 2 3 3 2 2 5 2 1 2 1 5 5 3 3 2 5 3 2 1 5 4 4 2 3 5 2 3 5 5 4 1 4 3 5 3 1 4 2 5 2 4 4 2 5 3 1 1 3 3 1 1 4 4 5 2 1 2 4 2 5 5 1 2 2 5 4 3 2 2 3 3 5 3 2 5 4 1 1 4 5 4 4 1 5 1 2 3 4 3 5 1 4 5 2 0 3 1 1 5 4 3 5 2 3 2 5 4 5 2 2 1 4 2 2 2 3 3 4 2 5 3 1 4 5 2 4 4 2 3 2 3 5 3 2 5 4 2 2 2 4 2 3 3 5 4 3 5 3 5 4 5 3 2 4 4 4 2 1 4 3 5 5 3 5 4 5 2 5 2 1 4 4 4 2 5 1 4 5 2 3 2 4 2 4 1 2 1 5 4 2 2 1 1 3 1 3 5 2 3 3 5 2 3 3 4 5 3 5 3 3 2 4 1 1 4 4 4 3 5 1 2
4 4 1 4 1 4 4 1 4 5 3 4 2 4 2 3 3 1 3 4 1 5 3 3 4 5 4 5 4 1 5 2 5 1 2 5 4 1 2 1 1 1 5 1 2 1 5 1 2 1 2 4 4 3 4 1 3 3 5 5 2 4 3 4 2 5 3 2 1 3 2 4 4 4 4 4 1 5 2 1 4 2 2 4 1 2 5 4 2 3 5 1 1 4 4 5 5 4 1 5 3 1 2 5 5 3 1 4 4 3 3 5 3 3 3 2 2 4 4 4 2 2 4 2 3 3 3 5 2 5 3 5 1 4 1 1 2 2 5 5 5 1 3 5 2 2 2 4 2 3 2 3 1 2 2 1 2 2 4 1 3 4 5 3 5 1 3 2 5 4 4 3 5 5 4 4 1 4 2 1 3 4 4 1 2 4 2 4 2 5 1 5 5 3 5 3 1 4 3 3 2 5 4 3 2 4 1 2 5 3 3 1 3 4 2 1 3 1 1 2 5 1 4 5 5 1 2 1 1 3 4 3 5 5 5 2 4 3 5 5 4 1 1 4 3 4 3 1 4 3 5 1 2 5 2 3 1 3 5 3 1 2 5 1 5 2 3 3 4 5 1 2 3 5 4 4 5 3 2 2 1 3 5 4 4 3 2 3 2 2 3 1 4 5 2 2 1 1 2 3 4 4 4 5 2 4 1 1 4 4 3 2 4 2 4 1 2 1 4 5 4 5 5 1 0 5 1 2 2 1 1 3 1 1 5 1 2 1 3 4 4 4 3 5 2 5 4 5 2 1 1 5 3 3 4 1 1 4 3 4 3 3 4 1 5 3 2 3 1 3 4 4 4 3 3 1 5 4 1 4 1 2 4 2 5 2 5 5 1 3 2 5 4 4 3 1 3 2 2 3 5 1 4 3 2 2 4 3 2 1 3 1 4 1 4 2 1 4 3 4 5 3 3 4 1 5 5 1 4 3 2 5 3 2 3 3 3 3 3 3 3 1 2 1 2 4 2 2 4 4
4 1 2 5 5 2 5 3 4 3 4 2 4 4 1 2 4 5 4 1 2 3 1 1 1 2 3 5 2 2 1 1 4 3 3 1 5 3 2 5 4 4 3 3 3 5 1 1 5 2 3 1 1 1 4 2 2 2 2 4 3 3 5 2 2 5 5 4 4 4 4 1 2 5 2 2 2 5 4 4 4 5 3 3 4 3 2 3 4 1 5 3 2 1 3 2 5 2 2 3 4 1 3 2 3 2 1 1 4 2 3 3 4 3 4 3 3 5 3 1 2 3 3 2 5 4 5 3 2 1 5 4 2 4 5 4 4 1 2 1 4 2 1 1 3 2 4 5 5 1 5 4 3 4 1 3 2 2 4 1 1 5 1 3 4 5 5 3 5 1 4 3 2 4 4 3 2 5 5 3 4 5 2 2 5 2 5 5 1 4 1 5 5 3 4 2 2 1 4 1 3 5 3 5 2 1 4 1 5 4 1 4 4 5 4 2 1 1 4 4 4 4 5 4 5 1 3 4 2 2 2 4 2 1 5 1 5 4 5 3 1 1 4 1 5 3 1 2 4 2 5 4 5 5 4 2 2 4 4 5 3 1 1 4 4 5 2 4 5 1 4 3 4 4 4 5 5 4 1 2 5 2 5 1 2 5 2 2 1 3 2 5 2 1 4 2 2 3 4 1 4 2 2 4 2 4 1 1 1 1 4 4 4 4 4 3 3 1 2 5 3 1 2 5 4 0 2 2 5 3 3 4 4 5 5 4 5 4 1 4 3 4 4 3 4 2 5 4 5 5 4 5 4 4 3 1 3 2 5 2 5 3 4 5 3 2 2 1 2 3 4 4 1 3 3 3 4 2 2 4 1 2 3 3 3 5 4 4 5 4 4 1 3 3 3 5 1 1 2 1 2 2 4 1 4 4 2 4 3 5 5 2 4 1 2 4 5 1 4 5 4 5 4 4 3 5 1 3 2 2 2 4 5 1 4 1 5 1 4 2 3 2 2 2 2 3 4 4 5 3
1 3 2 1 3 1 3 1 5 3 1 5 1 4 4 1 5 4 2 4 2 4 1 4 1 3 1 1 4 1 4 4 2 1 2 1 2 2 4 2 4 1 3 4 3 1 4 4 3 2 5 1 5 4 1 4 4 3 5 2 2 4 5 5 4 3 4 5 3 5 2 1 5 3 3 1 1 4 5 4 3 3 1 3 5 1 4 1 2 5 5 1 2 3 5 2 5 2 3 4 4 2 4 1 5 3 2 3 2 3 2 2 3 4 1 1 3 2 2 2 1 3 3 3 1 4 2 4 2 1 2 5 3 2 1 3 3 1 4 1 1 4 5 1 3 2 4 5 4 1 4 1 4 2 4 2 3 3 3 2 3 2 2 5 3 1 5 4 1 5 2 5 5 3 3 3 5 1 1 4 1 2 2 5 2 2 1 4 1 5 5 2 1 2 2 2 3 3 4 5 3 2 4 1 4 3 2 1 2 5 3 4 2 3 1 5 4 4 2 5 2 4 4 5 3 5 5 1 3 5 2 4 2 3 5 3 4 3 1 5 1 1 5 2 4 2 2 5 1 5 1 3 1 2 1 1 5 2 1 5 4 1 5 5 3 3 3 3 3 2 1 2 1 1 4 2 4 4 1 1 5 5 2 4 4 3 3 2 5 4 5 3 2 5 4 1 1 2 4 2 5 2 4 4 5 2 2 2 2 2 2 5 5 1 1 5 5 1 1 4 3 2 5 5 2 2 0 1 2 1 5 5 5 5 2 3 3 1 4 5 5 4 2 2 4 4 3 2 4 3 5 2 4 4 4 2 4 5 4 3 2 1 3 1 5 2 5 2 3 2 2 5 3 5 3 5 5 3 5 5 4 1 1 4 1 2 4 1 1 3 3 3 5 2 1 5 3 5 4 1 3 2 1 5 1 1 2 2 3 5 1 1 1 3 4 1 1 2 1 2 3 1 4 1 1 2 3 4 1 2 2 2 2 2 3 2 4 4 1 2 1 3 5 2 5 4 1 5 2 3
1 2 2 2 4 4 3 5 5 4 2 1 5 1 1 3 3 3 1 1 2 3 5 4 1 3 4 5 5 2 2 4 1 1 5 3 4 5 5 3 4 4 1 1 3 2 4 1 1 1 4 3 1 5 2 4 1 1 4 1 4 4 4 2 2 3 1 5 2 1 3 4 1 2 5 3 5 3 1 5 1 1 1 3 2 3 1 5 2 5 2 1 1 1 3 2 1 3 5 5 4 2 1 4 2 4 3 1 5 1 1 1 4 5 2 3 5 5 2 1 1 1 3 5 1 2 1 1 5 5 1 5 3 4 5 1 4 3 1 4 1 2 4 4 3 3 2 3 5 5 1 2 3 3 2 3 5 1 3 4 5 5 3 5 3 5 5 1 1 3 4 3 1 2 4 4 3 2 4 2 1 2 5 4 4 3 2 1 5 5 4 3 4 3 4 3 3 1 4 3 2 2 2 3 3 2 4 3 4 3 1 1 3 3 4 3 2 5 3 5 3 3 4 1 5 5 2 2 3 4 1 2 5 5 3 2 1 5 2 3 2 3 2 4 4 4 5 4 4 1 1 5 1 2 5 4 2 3 1 3 2 3 3 2 5 2 5 3 4 1 4 2 1 2 3 2 5 5 2 2 3 1 3 1 4 1 4 5 4 1 2 2 5 1 3 4 4 4 1 1 4 1 2 1 2 5 3 3 1 3 2 5 2 3 3 2 3 5 4 3 2 1 2 5 2 5 5 0 3 1 2 1 4 2 3 4 4 4 4 1 5 3 2 4 5 1 1 1 5 3 3 2 5 4 5 1 4 1 4 1 3 4 2 4 2 4 1 1 4 4 2 1 4 2 4 2 4 3 2 5 4 2 5 2 5 2 5 1 5 1 1 2 1 5 3 5 4 4 3 1 1 3 4 1 4 1 4 2 4 5 4 2 5 2 3 1 4 5 4 5 5 4 2 1 2 1 1 3 3 3 3 3 4 4 4 5 1 1 1 2 3 1 5 1 3 3 3 5 4 1
2 5 2 4 2 4 1 3 3 4 3 1 3 4 2 3 5 5 3 2 3 5 3 3 1 5 5 4 3 3 1 1 4 2 4 2 2 4 4 3 5 2 4 3 2 2 1 5 3 3 3 5 4 3 3 1 5 4 1 1 1 3 1 3 4 4 5 1 5 2 5 3 5 1 5 1 4 4 2 1 2 3 1 4 1 4 1 2 2 5 1 1 2 4 3 5 5 4 4 5 3 1 1 3 4 4 1 3 5 1 3 3 4 2 5 2 3 5 2 3 4 1 2 4 4 5 5 1 5 3 5 5 4 4 4 5 3 3 2 2 2 3 1 2 3 1 5 3 5 5 5 4 2 3 1 5 4 4 2 4 2 2 3 5 2 3 3 5 3 4 2 2 2 4 5 2 2 1 1 5 1 3 2 5 1 1 2 3 1 3 3 5 5 4 5 1 2 4 2 1 2 1 4 2 4 5 4 2 4 3 3 3 3 5 5 5 4 3 3 4 1 2 2 2 3 4 4 2 1 4 3 5 1 5 2 2 5 3 1 2 5 2 2 5 3 3 3 2 2 1 5 4 4 4 4 4 3 1 2 3 2 3 2 1 5 3 5 3 1 5 1 2 5 1 2 3 5 3 4 4 5 4 4 5 3 4 4 5 2 3 5 3 2 5 5 2 1 3 5 2 4 2 5 5 1 5 4 1 1 1 4 5 1 2 1 2 4 3 1 1 5 1 1 4 3 5 1 5 0 5 5 5 3 4 2 3 5 3 5 1 4 3 3 4 4 1 2 2 3 1 3 5 1 3 5 2 4 5 2 4 3 4 3 5 3 2 4 4 1 3 4 3 3 5 1 2 4 5 3 5 5 4 5 4 1 2 2 3 5 5 2 5 4 2 2 2 1 4 2 5 1 2 3 3 1 4 4 3 3 5 5 2 3 5 1 4 5 5 2 1 3 4 1 2 3 2 3 3 2 1 4 1 3 1 5 3 3 3 1 1 2 2 4 2 2 5 4 5 4 1
4 1 2 4 2 2 3 4 2 5 4 4 2 2 4 2 5 1 2 3 5 1 1 1 3 4 3 1 5 5 1 1 4 3 1 2 2 2 5 2 5 2 4 2 5 5 3 4 5 3 4 3 2 3 3 5 2 3 5 2 2 1 1 5 2 5 5 1 5 4 1 4 5 1 5 5 2 4 2 1 2 3 3 2 2 2 1 4 4 3 3 2 4 5 2 4 2 3 2 1 2 3 3 1 3 1 1 2 3 3 4 5 3 1 4 3 3 1 1 4 3 3 2 5 3 2 4 3 1 1 1 1 1 2 2 5 1 2 4 3 1 1 1 1 1 5 1 3 1 3 5 1 1 2 2 2 4 5 3 1 2 3 1 3 1 5 5 1 2 2 2 1 3 1 5 1 5 2 2 2 2 2 5 1 1 2 3 4 5 3 2 3 4 3 3 3 3 2 5 3 4 1 3 5 1 3 3 2 5 2 1 4 4 5 4 2 4 3 5 2 3 3 1 2 2 1 1 2 1 2 3 3 5 3 5 1 5 4 5 4 5 4 2 5 2 4 2 1 5 5 1 3 1 2 3 3 4 3 4 3 1 3 2 1 3 1 1 5 5 5 1 4 2 3 2 5 1 5 3 3 2 4 4 5 2 3 4 3 2 4 5 5 5 1 2 3 3 4 4 1 5 4 4 1 1 3 4 4 5 5 3 5 5 1 3 3 4 1 4 1 3 2 5 1 3 5 3 5 4 0 1 4 2 5 3 5 2 1 4 4 4 4 1 4 5 3 2 4 2 5 3 4 1 5 3 4 3 5 4 2 3 3 5 3 2 2 5 3 4 2 1 2 2 3 1 5 2 4 5 3 2 5 5 4 2 2 2 2 3 1 1 3 3 4 2 5 2 1 4 4 2 5 3 3 2 5 1 4 4 3 2 3 4 2 4 1 4 1 2 1 5 3 3 1 1 1 4 5 5 4 5 3 2 3 1 2 3 4 4 5 3 2 1 1 1 5 2 2 2 5
3 5 3 2 2 4 3 5 3 5 4 2 2 5 3 2 2 1 5 3 3 5 2 2 1 4 1 3 1 4 4 5 4 2 5 3 4 2 5 3 5 3 1 1 3 3 2 4 1 1 4 2 1 1 5 4 2 5 3 5 2 5 5 1 4 1 3 3 1 3 5 3 4 2 1 2 2 3 5 3 1 3 5 4 5 2 2 4 4 5 3 3 1 2 1 2 5 5 3 1 1 3 1 4 3 2 3 2 2 2 3 2 4 2 5 3 5 2 1 3 4 1 4 4 4 2 4 3 3 3 4 1 5 4 4 2 1 4 1 3 4 4 1 4 1 3 1 3 4 3 2 3 5 1 2 1 1 5 3 2 1 5 4 1 4 3 5 4 3 3 1 1 2 3 2 3 5 5 3 2 4 5 1 5 5 4 1 3 4 1 4 5 3 5 3 3 1 5 4 4 4 2 3 2 4 1 1 4 1 4 3 1 4 1 1 5 5 2 3 2 5 2 2 1 2 5 5 3 4 1 3 1 1 1 2 2 4 5 4 4 2 5 3 1 4 1 5 5 5 4 4 5 1 5 2 2 4 5 3 3 4 3 3 5 5 3 5 5 1 4 3 4 1 1 4 1 2 4 3 3 5 3 3 3 1 1 3 2 2 4 4 5 5 1 4 3 3 2 4 4 2 1 4 5 4 5 2 5 5 1 1 5 3 2 1 4 3 4 5 1 4 4 4 1 1 2 1 1 2 1 0 4 2 1 5 5 5 3 3 5 2 1 2 5 1 2 4 5 2 2 3 1 1 2 2 3 5 1 3 4 1 4 1 5 4 4 5 3 2 4 3 1 4 2 3 1 3 4 1 2 2 4 2 2 5 1 4 1 4 4 2 3 5 4 3 5 2 4 1 5 4 2 4 1 1 3 2 2 2 5 1 3 3 2 3 4 2 2 4 5 4 1 1 5 1 3 5 2 5 5 2 4 3 3 3 3 5 4 1 1 4 4 3 2 3 5 5 5 5 3
1 4 4 4 4 3 3 4 5 2 2 4 5 4 4 4 1 4 4 2 4 5 4 3 3 4 5 1 5 4 4 4 1 5 3 4 1 2 4 4 2 2 1 3 5 4 5 2 2 5 3 1 5 3 5 1 3 5 4 4 4 1 2 2 4 2 2 5 1 2 4 5 1 1 5 3 5 2 1 2 4 1 1 1 4 3 5 3 4 5 3 3 1 4 4 5 5 1 5 2 2 4 1 2 3 2 2 1 5 1 2 5 4 5 3 4 2 5 1 5 2 2 1 2 5 2 1 3 5 4 4 4 1 5 5 2 2 2 4 2 4 1 5 4 4 4 5 1 4 4 2 1 5 5 3 5 1 2 3 4 4 4 5 1 4 4 5 3 2 4 2 2 5 3 3 5 5 3 5 3 1 2 1 4 5 4 4 4 3 2 5 5 4 4 1 3 3 3 2 1 4 3 3 1 4 3 2 2 5 2 2 1 1 3 5 4 2 2 2 3 3 3 2 1 5 4 3 2 2 1 1 3 1 4 4 1 5 4 4 5 3 3 3 5 5 2 4 5 5 4 2 2 1 1 3 1 2 3 4 3 2 5 2 1 3 4 5 5 1 1 4 3 1 1 5 4 4 3 4 2 4 2 4 4 4 3 2 2 1 2 5 4 1 2 1 5 4 3 5 1 1 4 4 5 4 3 3 3 3 5 5 1 3 4 2 5 3 5 3 1 3 3 3 4 5 5 5 4 1 3 3 0 3 5 2 5 4 1 1 3 4 1 3 2 4 3 4 5 2 3 2 2 1 5 3 4 4 1 2 2 4 1 1 2 1 4 1 3 4 3 4 3 2 1 5 1 3 3 2 2 2 2 3 5 5 3 4 3 3 1 1 4 5 5 3 3 2 4 5 4 4 2 1 2 4 4 4 4 5 5 2 3 2 3 2 1 5 1 4 2 4 2 4 4 5 1 1 3 2 4 4 3 5 4 3 3 4 2 2 3 4 1 4 4 2 2 3 5 2 2
1 1 1 3 4 2 1 3 5 2 4 3 4 2 2 4 3 4 5 5 2 4 4 4 2 1 1 4 4 1 4 4 5 5 3 2 5 1 5 5 1 4 3 3 3 4 1 1 4 1 3 4 5 4 4 5 5 4 4 4 2 1 3 1 3 3 3 4 2 4 4 1 1 3 1 2 4 1 1 3 3 3 1 2 2 3 3 3 2 4 4 1 2 4 4 3 5 3 3 2 2 1 1 2 5 3 5 1 3 1 4 3 5 2 2 4 4 4 5 3 2 4 5 3 2 5 4 2 4 5 3 5 3 3 4 2 2 2 3 3 3 1 4 4 4 3 1 1 3 3 3 2 3 1 5 3 3 2 3 4 1 3 5 4 5 5 5 5 1 1 3 1 2 1 4 2 1 1 5 1 1 3 1 2 1 2 2 4 3 1 5 2 2 2 3 3 3 3 1 3 3 5 4 2 2 5 3 2 2 4 4 3 2 1 5 5 5 2 3 4 3 2 3 4 1 4 4 1 2 4 5 4 5 4 2 4 4 2 5 2 3 3 2 5 3 1 2 5 4 3 2 1 5 5 5 4 3 3 5 3 3 1 3 2 2 2 2 5 1 5 3 4 4 1 5 4 1 4 3 4 2 2 5 2 1 3 1 1 5 4 2 1 3 5 1 2 3 4 2 4 2 5 4 2 2 3 1 2 4 1 3 5 5 1 1 4 5 4 5 2 1 2 4 5 2 3 2 1 1 3 5 3 0 4 4 3 2 5 1 3 1 3 4 3 1 5 2 5 3 4 2 4 2 4 2 4 5 1 1 3 5 2 3 2 4 1 4 3 1 1 4 5 2 4 1 1 5 2 5 1 3 5 3 3 1 2 2 3 4 4 4 4 2 2 1 4 2 4 2 2 2 3 2 3 4 4 3 1 5 4 4 3 3 5 1 1 1 3 2 4 1 1 3 3 1 1 5 1 1 4 4 4 3 2 3 2 4 2 4 2 3 3 3 5 3 3 1 5 1 5
5 2 3 2 3 5 3 3 1 2 3 1 5 2 1 2 1 4 2 2 4 4 3 2 1 1 3 4 3 4 3 1 5 1 3 1 4 1 2 4 5 4 5 2 1 4 3 5 1 2 5 4 5 2 5 4 1 5 3 3 1 1 3 2 3 3 4 5 1 5 2 3 4 2 3 5 1 5 1 4 3 2 5 2 3 3 2 3 1 4 5 5 3 1 3 4 1 3 4 1 4 2 2 1 3 2 3 1 5 1 3 5 4 2 3 3 3 2 3 4 4 3 3 5 2 4 4 5 1 1 3 4 3 4 2 5 4 2 3 2 1 3 2 2 2 4 1 5 3 2 3 4 3 1 4 1 2 5 4 2 5 4 2 4 2 4 5 3 5 4 2 2 3 1 2 5 4 3 5 3 5 5 3 1 4 4 3 3 3 4 1 2 5 3 1 1 1 3 5 3 2 1 1 4 3 3 3 5 4 5 3 4 4 2 5 3 4 1 3 2 1 2 3 3 3 3 4 3 3 4 3 4 3 1 2 1 5 1 5 2 5 4 4 3 3 4 4 2 2 5 2 3 4 3 3 1 5 2 2 4 1 5 3 3 3 1 4 1 1 1 4 1 2 4 1 3 4 2 3 1 1 1 4 1 1 4 2 1 2 3 4 4 1 4 1 2 4 4 3 1 2 1 3 1 2 5 5 3 3 3 3 2 3 4 4 2 1 4 2 3 3 3 3 1 4 1 2 2 5 1 1 3 5 0 3 2 2 2 1 4 5 5 3 3 2 1 2 5 2 2 3 2 5 1 5 4 3 3 3 3 3 4 4 2 2 4 4 5 1 4 2 4 1 3 2 5 2 5 2 2 4 2 1 1 5 1 2 1 2 3 5 3 1 2 3 2 3 1 4 4 1 5 5 5 4 4 1 4 1 1 1 2 4 1 1 3 2 4 2 5 2 3 1 3 3 1 2 1 2 3 2 3 2 1 5 5 4 2 4 1 1 4 1 5 1 1 4 3 3 1
5 1 5 4 2 3 3 5 2 5 2 2 1 4 1 1 3 4 4 5 4 3 4 4 2 2 5 5 5 4 2 2 3 1 1 3 4 3 5 4 4 2 4 3 4 5 4 4 4 4 1 2 1 4 1 4 3 2 4 4 2 4 1 5 2 4 5 4 5 5 3 4 1 3 1 5 3 5 3 4 5 4 5 2 1 3 4 1 4 3 4 4 1 1 3 2 2 4 1 1 4 4 2 3 3 4 2 4 1 3 4 2 3 5 1 2 2 3 4 2 1 3 2 5 3 1 4 5 4 3 4 1 4 3 5 4 2 5 1 2 3 2 1 4 1 2 4 1 5 4 4 2 4 1 2 2 1 5 2 4 1 5 1 1 1 1 1 4 5 2 1 4 1 3 1 1 2 2 3 2 3 4 2 1 5 2 4 3 1 3 1 1 5 4 1 4 3 2 2 3 4 5 3 4 4 3 3 2 5 5 1 1 4 4 1 3 4 3 4 4 1 2 3 2 1 3 4 4 1 2 2 1 4 4 5 2 3 5 4 2 5 2 2 5 1 2 3 5 1 2 4 2 3 2 5 4 5 1 1 4 5 1 1 4 5 3 5 3 4 3 3 5 1 1 2 1 3 5 3 4 3 1 5 4 3 2 2 2 4 2 1 1 2 2 5 5 4 2 2 3 5 3 4 2 5 2 1 5 3 4 2 2 1 3 3 4 2 2 1 3 3 4 5 5 3 5 2 1 1 5 5 2 5 3 0 5 1 2 1 3 5 4 2 4 3 5 4 2 4 2 4 3 4 2 2 2 1 5 1 5 5 4 5 3 5 4 1 4 4 3 4 1 4 2 1 2 1 5 5 5 2 5 3 3 4 1 4 4 5 3 2 4 1 4 1 2 5 5 1 4 2 3 3 1 3 5 2 4 2 4 5 3 4 2 5 3 1 4 2 4 3 3 3 4 1 1 2 2 2 1 2 2 3 4 1 3 2 1 2 1 4 3 2 4 3 5 5 5 1 3
4 5 3 5 4 2 3 1 3 2 5 2 4 5 4 3 1 1 2 4 4 2 5 5 2 4 2 4 4 3 3 3 4 3 3 2 4 5 3 2 4 3 2 4 3 5 5 3 2 1 2 5 3 4 2 2 3 5 1 1 5 2 1 5 3 2 1 2 4 1 1 5 2 2 4 2 1 1 2 2 3 5 4 2 5 3 3 5 2 5 5 3 1 1 2 2 1 2 3 4 4 4 2 3 4 4 4 5 5 4 3 3 5 1 2 4 4 4 5 5 1 5 1 1 5 1 2 2 2 1 5 5 2 1 2 2 2 3 2 2 5 3 1 4 1 3 3 5 2 5 5 3 2 4 2 5 4 5 4 3 2 2 4 3 5 4 5 4 3 5 2 5 5 4 4 5 2 1 4 1 2 2 4 5 5 2 2 3 3 2 2 2 1 3 3 2 5 3 4 3 2 5 1 2 4 4 1 5 1 4 4 1 2 4 2 3 2 2 5 1 1 3 5 1 5 1 1 2 3 3 4 5 1 5 1 3 2 5 2 5 3 1 2 5 4 2 2 2 4 2 3 3 5 2 5 2 2 1 2 2 3 4 3 4 2 2 4 5 1 1 3 1 4 4 5 4 2 1 4 4 4 1 1 4 3 2 3 3 5 3 2 4 3 2 2 4 3 4 2 2 1 5 1 2 3 2 3 1 2 2 5 5 2 1 1 2 1 1 5 4 4 4 1 1 1 3 5 3 1 2 1 4 4 5 4 0 2 1 2 3 5 5 1 2 2 2 5 3 5 3 1 5 1 3 1 4 3 4 3 5 3 5 4 2 3 4 5 2 2 1 5 4 5 3 5 3 4 4 4 5 4 1 1 4 2 3 1 1 1 2 3 3 3 3 2 4 5 5 3 4 1 4 5 4 3 1 1 1 2 5 1 3 2 2 4 4 5 3 2 5 2 1 4 3 2 3 2 2 2 2 1 1 4 4 1 1 1 4 2 5 5 1 1 4 2 1 1 1 5 4
3 1 5 1 4 4 3 2 1 4 2 4 1 3 3 1 2 4 1 5 4 5 3 2 1 4 5 1 2 4 2 2 1 4 4 3 3 3 5 3 3 2 2 4 1 1 1 4 3 5 3 2 4 4 5 1 2 5 3 2 5 1 3 3 5 2 3 1 5 1 5 1 1 3 3 1 1 5 5 1 2 2 5 2 4 4 2 3 3 4 2 4 4 1 2 1 3 3 1 4 1 5 1 4 4 4 1 1 5 3 2 3 3 1 3 3 2 4 2 3 3 5 3 1 4 4 2 3 2 1 2 4 4 1 3 1 3 5 1 5 3 3 1 5 3 1 2 3 4 5 2 2 3 2 5 5 1 2 3 1 5 1 4 4 2 1 5 1 5 4 4 4 1 1 3 4 2 2 2 5 4 5 2 3 1 4 2 3 2 2 2 4 1 2 3 1 4 4 4 4 2 4 1 1 3 3 3 2 4 2 3 2 2 4 2 5 3 4 2 4 2 2 3 5 3 1 4 3 3 4 3 4 4 1 2 1 3 3 2 1 1 1 1 4 5 2 4 4 5 4 1 3 2 4 3 2 4 5 4 3 2 4 1 3 4 3 3 3 1 5 2 1 4 1 5 5 4 1 2 3 4 3 5 2 3 5 5 5 1 5 4 4 2 4 4 4 3 4 2 1 4 1 2 4 2 1 5 4 3 5 1 3 2 2 1 4 1 4 4 2 3 5 5 3 5 2 2 2 2 3 4 5 5 4 2 3 0 3 2 1 3 5 3 2 3 4 3 4 5 3 3 4 1 5 3 1 2 4 3 2 4 1 2 3 4 1 2 3 1 4 2 4 4 3 1 5 5 2 2 2 4 5 5 4 4 3 4 5 1 2 4 3 5 1 2 2 5 3 2 2 1 4 3 3 2 3 5 2 1 5 5 4 4 1 1 2 4 5 3 4 2 4 4 2 2 2 4 1 2 5 2 4 1 1 1 4 2 2 3 3 2 3 5 2 5 3 2 5 1 3
1 3 2 2 5 5 4 5 1 5 2 3 5 5 1 1 2 5 4 2 5 5 5 2 2 1 4 5 4 5 4 3 4 4 5 2 5 1 2 2 2 1 3 1 2 5 3 4 3 1 4 2 2 4 2 3 3 2 3 3 4 3 2 3 3 4 3 3 3 2 4 3 5 1 1 1 5 2 2 2 1 3 2 3 3 3 3 4 1 4 1 1 2 1 2 4 5 4 3 2 2 3 4 4 5 4 5 5 3 4 1 1 4 1 2 4 2 5 1 1 3 1 4 2 1 4 3 2 3 3 3 4 4 4 2 1 4 1 3 1 5 1 5 1 4 2 3 3 2 4 5 2 2 4 4 2 4 5 2 1 4 2 2 4 1 5 3 2 5 5 5 3 2 4 2 4 5 1 5 2 5 1 1 4 3 4 3 3 1 3 5 2 2 4 4 1 3 5 3 3 1 3 4 1 1 1 3 5 2 1 3 2 3 3 4 4 2 4 1 5 2 1 1 5 3 3 3 1 3 4 5 1 4 4 3 2 3 1 2 1 1 1 1 4 3 4 2 1 1 1 3 2 5 5 3 5 3 3 2 5 3 5 4 2 3 4 3 3 2 4 5 1 5 2 2 1 5 5 3 1 2 3 1 5 3 4 2 1 1 5 4 1 4 3 5 3 1 2 3 2 4 2 2 1 1 3 3 4 2 1 3 1 5 4 3 4 4 3 1 5 2 5 4 5 3 4 4 5 4 4 2 2 2 2 2 5 4 0 1 3 5 5 2 4 4 1 4 5 4 5 2 2 3 5 5 3 5 5 5 1 5 3 1 3 5 3 2 4 1 2 3 1 1 3 3 2 1 4 2 3 2 1 4 3 3 5 2 3 3 1 4 5 2 3 3 3 5 3 3 1 3 4 1 3 3 2 2 3 3 3 4 2 3 3 1 1 2 3 1 2 1 1 3 1 1 5 5 2 4 1 4 2 4 1 2 4 3 1 1 1 3 2 5 1 5 4 2 1 1 4
3 2 5 5 4 3 5 5 5 2 4 3 5 4 4 1 1 2 4 2 1 1 2 5 2 2 2 3 5 4 5 4 3 2 4 3 3 3 2 2 3 4 5 4 2 4 1 5 4 4 4 3 5 5 2 2 2 4 3 2 4 1 2 2 3 5 5 2 3 1 3 2 3 3 1 1 2 3 2 1 2 3 2 1 5 3 5 2 3 1 1 4 4 4 1 5 2 1 2 1 3 4 3 4 3 3 4 5 1 3 3 3 5 2 4 3 1 3 3 1 2 4 2 1 5 4 2 4 4 4 2 2 4 4 4 2 2 5 4 1 3 1 3 5 3 2 3 1 4 1 4 5 1 5 4 1 2 2 1 1 2 4 3 5 3 1 4 1 1 1 3 2 4 5 1 4 1 2 5 4 5 1 2 2 4 4 2 2 2 1 4 5 3 4 5 3 4 2 3 2 5 2 4 3 4 3 1 5 2 3 4 5 1 2 1 2 5 4 2 5 1 1 1 4 2 3 2 3 5 1 4 3 4 1 2 1 1 2 5 3 2 1 1 5 2 1 1 2 3 3 4 4 3 5 5 1 5 1 2 3 5 3 5 3 1 1 1 1 4 2 5 2 3 3 4 3 1 1 1 4 4 4 1 5 2 1 1 3 1 3 1 4 5 5 4 2 2 3 5 4 5 4 5 5 5 3 4 3 4 4 3 5 3 3 2 1 5 5 4 3 1 3 3 5 5 5 2 5 1 5 3 3 2 1 4 5 2 1 0 1 3 5 4 4 2 1 5 3 2 3 3 2 5 3 3 3 1 4 1 2 1 4 4 4 3 1 4 4 3 4 3 1 5 5 2 4 1 2 3 1 3 5 4 3 2 3 2 5 4 1 2 1 2 2 5 2 5 3 2 1 5 1 5 1 3 1 4 3 5 2 4 4 4 4 1 3 1 5 2 2 5 4 2 3 1 2 1 1 3 5 4 4 4 3 4 4 5 2 1 2 2 4 2 3 1 2 4 2 5 4
5 5 5 1 5 1 4 5 3 5 2 1 4 2 4 3 5 5 2 2 3 2 3 2 4 3 1 5 5 4 3 2 2 2 2 4 3 1 3 5 1 4 5 4 2 4 3 4 4 1 2 4 4 1 3 1 5 5 3 4 4 5 5 2 5 5 5 5 5 5 2 1 2 4 1 5 3 5 4 3 5 5 2 1 2 1 2 3 1 1 1 3 2 3 3 3 5 5 3 2 2 1 1 2 1 3 5 2 1 2 1 2 4 2 4 1 3 1 1 5 2 4 5 3 1 2 4 3 3 4 1 5 4 2 5 5 2 5 2 2 5 1 3 1 2 4 1 1 2 2 4 3 5 3 4 5 2 4 2 4 5 5 1 2 1 2 5 5 1 4 2 3 5 4 5 5 2 1 5 2 3 4 3 3 5 2 5 5 5 4 1 5 5 2 1 4 3 3 2 3 3 5 1 5 2 1 3 1 2 1 3 1 2 4 4 4 2 3 1 4 5 2 5 4 2 5 1 2 4 2 1 2 1 1 5 4 1 4 5 1 3 5 4 5 4 4 5 4 5 1 1 1 4 3 2 1 4 3 1 4 4 4 2 4 5 3 4 1 5 3 1 3 3 1 2 3 5 5 3 3 1 2 3 4 1 1 5 2 5 3 5 2 5 1 1 4 1 3 4 1 1 5 3 1 1 3 4 2 1 4 5 1 2 1 1 5 5 2 1 1 3 3 1 2 4 3 1 1 5 1 4 2 3 3 5 4 3 1 4 0 4 4 4 5 5 4 3 3 1 2 4 2 5 5 3 4 1 1 3 1 5 2 4 3 4 4 5 4 3 1 3 5 1 4 1 3 2 2 2 4 2 5 5 5 1 5 4 5 4 1 5 3 5 3 3 5 5 5 5 2 5 1 5 5 4 5 4 4 2 5 5 3 2 4 1 4 5 1 1 5 3 3 4 5 1 4 4 5 5 3 2 3 3 4 4 4 4 5 2 1 1 1 1 3 3 4 4 4 5 3
5 2 4 2 3 1 3 4 3 4 2 3 2 5 1 1 4 4 2 5 3 1 5 4 3 2 5 4 5 4 3 3 1 4 4 2 3 3 4 1 1 1 2 1 1 4 2 5 2 1 4 2 5 1 3 1 3 5 2 1 3 3 1 2 4 2 5 4 1 4 4 4 3 5 2 4 4 4 3 4 3 3 2 3 1 3 2 4 4 4 3 3 3 2 3 2 5 3 1 3 4 2 3 5 4 3 2 4 3 4 1 2 5 5 3 1 3 2 1 2 4 1 5 3 4 2 1 5 4 5 2 5 2 1 2 5 3 3 5 5 1 1 2 2 3 4 2 2 2 1 2 5 2 4 3 1 2 5 4 4 5 3 1 2 4 3 3 4 2 1 1 4 1 3 3 2 5 1 5 4 1 4 2 3 2 3 3 3 5 1 3 1 4 4 3 3 5 2 2 1 2 3 3 2 4 5 4 3 2 4 2 5 2 4 2 5 4 5 3 3 1 4 4 1 1 5 2 3 2 3 2 3 5 3 1 3 4 1 1 5 1 4 5 4 4 2 5 2 2 5 5 4 4 5 5 1 1 1 5 2 2 4 5 2 4 3 3 5 2 1 4 4 5 4 1 3 2 4 3 2 5 5 4 1 2 2 5 5 5 1 1 3 2 2 1 4 2 2 5 4 2 2 2 2 3 5 2 4 5 3 2 2 2 4 2 3 4 3 3 3 2 5 5 1 1 4 1 2 2 2 1 2 3 4 2 4 1 3 5 3 0 5 4 4 1 5 2 2 3 1 3 5 5 1 5 4 3 3 1 3 2 3 4 3 4 4 4 1 4 4 2 5 1 4 4 3 4 2 1 5 5 1 2 5 4 3 5 4 4 3 1 3 1 5 4 4 1 5 3 4 5 1 5 3 2 2 5 2 3 4 4 5 2 5 3 3 1 5 2 5 3 5 2 4 3 1 1 5 3 5 5 1 5 1 5 4 1 5 2 2 4 1 3 2 1 2 5 3 3 4
1 1 3 3 2 4 1 3 1 4 3 3 5 5 4 3 2 3 5 5 3 3 5 2 1 1 2 4 5 5 4 5 1 5 4 2 3 5 5 3 4 1 4 1 3 5 2 1 5 4 5 4 4 3 3 3 2 4 5 1 1 2 1 2 1 5 5 3 5 3 2 5 3 5 3 3 4 1 1 3 4 1 2 2 5 5 3 5 1 3 4 5 4 1 5 3 1 3 5 5 2 2 1 1 2 1 1 3 1 1 1 1 3 3 4 2 4 4 5 5 4 4 3 2 5 4 2 5 1 2 5 3 1 3 3 3 2 2 2 5 3 4 1 1 4 5 5 3 5 1 3 1 1 3 4 2 4 2 2 3 4 4 3 2 1 3 4 2 3 1 2 5 3 2 2 3 2 2 1 2 4 3 2 3 4 5 5 3 3 1 4 1 2 3 5 2 4 4 1 1 5 4 3 5 3 3 4 1 4 2 4 4 4 3 5 4 3 5 5 5 5 3 4 4 1 4 2 3 1 4 2 4 3 2 4 1 1 2 3 4 2 3 1 4 5 2 4 5 5 2 5 3 1 2 5 1 1 4 1 5 3 5 4 3 4 4 5 2 5 3 2 2 3 2 3 2 5 4 3 3 4 5 5 4 3 1 4 3 4 5 3 2 4 1 4 5 2 4 4 1 2 5 5 2 1 3 2 4 5 4 2 5 1 2 4 1 3 2 3 4 5 5 4 2 5 1 1 5 1 4 4 4 3 4 2 1 2 4 5 2 4 0 2 5 5 5 2 3 3 5 4 2 4 3 4 4 3 1 3 1 4 5 3 4 3 1 2 1 3 1 4 5 3 3 2 1 5 5 5 3 3 4 1 1 5 4 4 5 1 3 3 2 1 3 2 2 2 5 4 1 1 1 2 5 3 2 5 4 3 1 3 2 4 2 4 4 2 5 2 2 5 2 3 2 4 2 5 4 2 5 4 5 1 4 3 3 3 2 4 4 2 3 2 2 2 5 1 1 4 5
3 2 3 1 2 2 1 3 3 3 2 2 1 4 2 3 5 1 4 5 2 4 3 5 1 5 4 5 3 2 1 4 3 5 1 2 4 5 5 4 4 4 1 4 1 2 3 2 1 3 3 3 5 5 5 1 5 5 5 2 4 5 1 2 2 3 4 4 2 5 4 5 3 2 5 1 5 4 5 3 3 1 5 2 2 4 2 4 2 3 1 2 4 5 3 5 4 5 4 4 2 2 1 3 1 4 5 4 5 3 3 4 5 4 2 3 5 2 2 4 2 1 5 3 1 5 5 5 3 5 1 5 5 3 4 5 3 3 4 5 4 4 5 1 2 2 1 2 3 3 1 4 5 5 1 5 4 1 2 3 3 4 5 2 4 4 5 3 3 4 2 5 1 4 2 4 1 1 2 4 3 5 2 3 3 2 2 4 1 4 1 5 3 5 4 1 1 1 5 2 2 3 2 4 3 3 2 1 2 2 4 5 2 1 3 5 1 4 3 1 1 4 4 5 5 1 5 2 1 5 1 5 4 2 1 3 4 2 5 1 2 5 3 2 1 3 4 5 2 2 3 2 2 4 3 3 2 5 3 4 1 3 3 4 1 2 2 2 5 5 4 4 5 1 5 1 3 4 4 1 2 3 2 3 4 5 4 5 1 5 1 5 2 4 1 5 3 5 5 4 4 3 4 3 3 2 2 4 3 2 3 4 3 3 1 2 5 3 4 5 2 3 5 2 3 3 3 2 4 5 2 2 3 4 4 1 3 1 3 1 3 2 0 4 1 3 2 2 4 4 5 2 2 3 5 4 3 2 3 3 3 3 2 5 4 1 4 4 4 4 5 2 2 4 4 1 5 1 1 1 5 1 2 2 3 3 2 4 1 4 1 5 2 4 4 2 5 3 4 1 1 1 4 2 3 1 4 2 3 3 2 4 2 1 1 2 4 1 5 1 3 5 2 3 1 3 5 3 5 4 4 2 1 4 5 4 3 1 2 5 3 5 1 1 5 2 2 2 1 5
4 5 4 5 1 2 5 4 1 5 2 3 1 1 3 3 1 3 3 4 5 2 4 3 4 2 1 4 1 5 2 4 3 4 5 5 1 1 4 2 1 2 3 1 4 1 5 5 5 2 4 4 4 1 5 5 2 4 2 1 2 4 5 3 2 2 2 4 5 1 1 2 5 4 5 4 4 2 2 1 3 4 2 2 2 5 1 4 2 2 4 1 3 3 4 5 2 5 4 4 3 4 4 2 5 2 4 1 1 3 4 2 1 3 4 3 4 4 4 5 4 4 1 2 3 3 1 3 3 4 4 3 1 1 4 2 3 5 5 4 4 3 1 1 4 4 2 3 4 2 4 3 1 1 2 5 4 3 1 1 2 4 2 3 4 5 4 5 5 3 3 4 2 5 5 1 3 2 3 2 4 4 3 5 1 1 2 3 1 1 4 2 3 5 2 2 4 2 4 5 2 2 4 2 3 4 4 5 2 4 4 3 4 5 5 3 2 1 5 5 2 4 5 5 5 1 4 2 4 5 2 4 2 4 1 4 1 2 2 3 2 5 2 1 2 4 4 5 3 4 4 5 3 1 4 3 4 5 3 3 2 5 2 4 3 5 3 2 5 5 4 1 5 3 4 2 5 4 1 1 5 2 1 4 3 1 5 1 4 4 2 4 3 3 3 1 1 4 3 2 4 4 2 4 5 5 5 3 4 1 5 2 3 2 1 1 1 5 4 1 4 1 4 3 4 3 2 4 3 4 5 1 4 1 5 3 5 5 1 1 1 2 3 0 3 5 3 5 4 3 5 1 3 3 4 2 5 2 1 3 3 1 2 4 2 2 5 5 3 2 5 2 5 4 4 1 1 1 4 2 3 4 2 3 2 1 5 4 1 4 3 3 2 1 4 1 5 3 5 5 5 5 1 3 3 4 1 2 3 5 2 1 4 5 1 3 2 5 4 5 4 4 3 2 2 4 2 2 3 4 4 4 1 3 5 3 5 5 1 3 1 2 1 3 4 5 4 1 3 5
2 4 1 1 2 4 5 1 1 1 4 5 2 2 4 2 2 1 3 3 4 5 2 1 3 5 1 2 2 3 5 5 4 2 3 4 3 5 2 3 1 1 3 4 2 1 4 3 1 5 4 4 5 5 2 2 4 5 1 1 3 3 2 1 4 1 2 4 5 2 2 2 2 1 3 3 1 4 4 4 3 4 2 2 2 5 2 3 1 4 1 1 4 3 3 1 2 2 2 3 4 2 4 1 3 1 2 4 5 3 3 2 2 2 2 1 1 3 2 1 1 2 4 2 5 5 4 1 5 5 3 1 3 5 3 3 3 4 3 2 4 4 2 5 2 4 5 5 3 5 3 4 1 5 2 2 1 4 3 4 5 5 4 5 1 5 2 2 2 5 4 3 1 1 2 5 1 5 4 1 1 3 4 2 1 3 5 2 1 5 5 1 4 1 1 1 1 1 3 1 2 1 3 2 3 3 1 1 2 3 3 4 4 1 1 3 2 5 1 4 3 3 4 1 1 2 3 3 1 4 4 3 4 5 1 3 1 4 1 1 4 2 1 1 3 2 3 5 3 5 1 4 3 5 3 2 3 4 3 1 4 4 1 4 4 1 2 3 1 1 2 4 5 2 1 5 2 2 4 3 5 5 5 5 4 2 5 1 3 5 1 5 4 5 4 1 2 4 2 3 3 4 4 3 4 3 4 5 1 5 5 1 2 2 1 2 3 2 4 5 1 4 3 1 1 1 1 2 2 1 3 2 3 3 1 5 4 1 2 4 5 4 3 1 0 5 3 5 2 2 1 1 3 5 1 1 2 3 3 4 2 3 5 1 2 3 5 5 1 3 3 4 4 2 5 4 3 2 1 2 2 5 4 3 1 4 3 3 3 4 5 5 5 5 3 2 4 3 2 4 5 5 5 1 3 3 2 4 1 3 3 5 3 1 2 2 5 5 4 4 1 5 2 4 2 2 2 2 5 1 5 2 2 2 5 1 1 5 2 1 5 3 3 2 2 5 1 3 4 2
1 4 2 4 2 2 1 2 2 5 5 2 4 1 1 4 5 1 1 2 3 4 3 2 2 2 2 3 4 3 1 4 2 1 3 1 1 3 4 1 1 1 4 1 5 5 3 1 5 4 3 1 2 3 2 5 2 2 1 5 2 2 5 5 3 4 2 3 4 3 4 4 4 4 5 2 5 5 5 4 2 5 1 3 2 4 4 5 3 2 3 4 2 1 3 2 5 3 2 5 2 3 1 2 5 4 4 5 3 3 3 5 5 3 4 5 4 1 2 4 3 4 3 4 5 1 3 1 1 2 5 5 5 3 3 3 2 4 1 1 3 4 3 2 1 4 5 3 1 4 3 3 2 2 2 2 5 3 2 2 5 3 5 3 1 1 5 5 1 3 4 1 3 2 4 1 1 1 4 4 1 1 2 3 1 5 5 5 5 4 4 3 5 5 4 4 2 1 5 3 1 3 2 1 3 4 3 4 5 1 3 1 2 2 2 3 5 5 3 2 5 4 4 3 5 5 5 3 3 5 3 3 5 2 5 1 2 5 4 4 5 3 2 3 5 1 2 3 3 5 2 2 5 5 3 2 2 4 5 5 5 3 3 5 2 4 1 4 3 4 4 4 3 5 4 3 5 1 2 2 1 4 3 1 2 3 4 5 3 4 1 1 5 5 1 2 3 1 4 4 2 3 1 5 5 5 1 4 3 2 3 3 3 4 3 5 1 1 5 5 4 5 4 1 4 5 5 2 4 4 4 2 4 1 1 1 5 3 1 5 4 1 1 2 3 0 1 5 5 5 4 5 4 1 2 3 1 5 5 5 4 2 5 2 5 2 3 4 1 3 1 3 3 3 5 1 3 3 2 2 5 2 1 5 4 3 5 3 2 3 3 1 2 4 5 4 2 1 1 4 3 4 3 2 3 1 4 1 3 2 4 3 2 1 4 1 5 3 1 1 4 1 3 2 2 4 1 3 5 3 1 3 2 4 2 4 5 4 2 1 5 2 4 2 1 5 3 2 4 1
5 3 2 5 1 1 3 1 1 2 3 3 2 2 2 4 3 1 2 5 1 4 5 3 3 2 5 3 2 4 5 2 5 2 1 3 3 1 5 4 2 3 5 5 2 3 3 3 1 5 1 3 1 2 3 4 4 2 2 2 2 4 4 5 3 2 5 3 3 4 5 1 4 5 4 3 1 4 4 3 2 2 1 4 2 1 2 1 3 2 4 4 1 3 1 5 4 4 1 4 1 5 2 3 4 3 3 1 1 1 4 4 1 3 3 5 4 4 4 2 2 5 4 1 1 4 4 3 5 4 1 5 2 2 2 3 1 5 3 3 1 1 1 1 1 5 3 2 1 2 2 5 4 4 3 1 1 5 1 2 2 3 2 5 2 4 2 1 5 5 3 5 2 4 3 5 1 5 4 5 4 5 5 1 5 5 5 4 3 1 4 3 5 4 4 1 4 4 3 1 2 1 2 1 4 4 4 2 2 4 4 5 3 2 4 4 1 1 5 1 5 2 5 3 5 5 5 3 2 2 4 2 3 2 5 1 3 1 4 2 5 2 4 1 1 2 4 4 1 3 1 3 4 4 3 2 4 1 5 5 5 1 1 4 1 4 3 2 5 3 4 3 2 5 4 3 3 1 1 3 2 3 3 1 4 3 2 2 4 5 4 2 3 1 5 1 1 1 2 3 5 4 1 5 3 2 5 4 3 5 5 5 2 1 4 2 5 5 1 3 5 4 2 1 4 2 5 3 5 1 5 4 4 3 5 2 1 1 2 3 2 1 2 3 5 5 0 4 4 3 4 3 5 2 3 2 1 2 2 3 4 2 2 3 1 3 1 4 3 3 4 4 1 2 2 2 5 2 3 5 2 2 4 3 2 4 1 2 3 3 2 3 1 4 1 5 3 4 4 1 5 4 1 4 2 3 3 4 4 4 1 3 3 2 5 1 3 2 3 5 1 3 5 1 1 2 4 2 3 2 2 1 3 1 5 2 4 2 1 1 4 5 3 3 5 2 4 2 3 3
3 2 5 3 3 2 4 3 3 4 4 4 5 3 3 3 3 4 4 3 5 5 5 1 4 1 3 3 2 1 2 5 4 4 5 1 3 4 4 1 5 5 4 5 1 5 4 3 2 3 1 1 3 3 4 2 3 1 3 1 4 4 2 1 3 5 1 1 4 3 4 3 5 3 2 3 5 2 4 3 2 2 5 1 3 3 2 2 4 2 5 4 3 1 4 2 1 5 2 5 4 4 4 5 5 1 4 3 5 4 1 3 2 2 4 4 4 3 1 2 3 1 3 5 1 1 2 3 3 2 1 3 5 3 1 4 3 2 4 5 1 1 3 3 1 1 2 3 5 2 4 2 1 2 2 5 1 5 2 1 3 2 2 4 2 2 5 3 1 3 2 1 1 3 4 2 5 1 4 5 3 1 5 5 3 3 2 4 2 4 1 1 5 1 3 3 1 3 5 5 3 3 1 5 2 1 4 3 5 4 3 2 1 2 3 4 3 2 4 5 5 2 1 1 2 3 1 4 1 4 1 3 5 2 5 1 1 5 2 4 2 2 3 4 3 3 5 5 2 3 2 4 5 2 3 1 3 1 4 5 5 1 2 3 4 1 4 5 3 3 5 4 3 3 5 2 5 2 2 3 4 1 2 4 3 1 3 2 3 5 3 4 1 4 5 5 4 4 4 2 2 3 1 4 1 2 1 1 3 3 4 5 5 4 4 2 2 2 4 1 1 5 2 1 5 1 1 3 2 1 2 5 4 3 3 1 5 4 2 3 1 1 2 5 5 2 3 0 1 2 2 3 4 2 1 2 1 2 3 3 1 3 5 4 2 1 1 2 1 3 4 2 2 1 4 4 1 5 5 5 5 3 2 1 4 5 5 2 3 1 4 4 1 4 3 5 2 1 2 4 4 5 4 3 4 1 2 1 5 2 2 1 1 2 5 4 3 3 2 2 2 4 1 2 5 1 3 5 4 1 3 2 1 4 4 1 3 3 3 4 1 5 4 1 5 4 2 2 3 4
3 5 2 3 2 1 1 5 1 2 4 1 3 4 1 4 1 3 1 2 3 5 5 2 4 2 2 1 5 4 2 5 2 5 3 5 1 2 3 4 1 4 1 3 3 1 3 2 3 3 2 3 5 5 3 4 4 3 1 3 1 3 2 2 5 3 2 3 3 4 5 5 3 1 2 5 5 2 5 3 1 1 3 2 2 2 1 3 3 1 1 4 4 5 2 3 1 2 1 4 2 5 4 2 2 2 4 2 5 1 4 1 3 4 2 2 2 3 3 4 2 1 3 4 2 4 5 3 1 1 4 5 2 3 5 1 1 2 2 2 2 3 3 2 3 2 3 5 1 2 2 2 4 4 1 1 5 1 3 4 1 4 4 4 3 2 4 4 4 5 2 1 5 5 1 3 5 5 5 2 5 4 2 3 2 3 5 2 3 1 3 3 4 1 1 2 2 5 1 5 5 3 1 4 2 1 3 4 2 5 1 1 1 2 2 3 2 5 4 1 5 1 5 3 3 5 2 2 5 1 5 2 2 2 5 1 3 4 2 4 4 2 4 3 1 2 4 4 2 5 5 4 4 4 2 4 5 5 5 1 5 4 1 2 5 1 1 2 3 4 4 1 5 4 5 2 5 4 2 4 2 1 5 4 1 5 1 1 1 4 4 3 2 4 1 2 1 3 5 1 2 4 2 2 5 3 4 1 2 2 2 4 5 4 2 1 2 5 2 4 5 4 4 5 4 4 5 2 2 5 5 4 3 1 4 5 1 5 1 4 4 5 2 2 4 1 4 3 0 5 5 1 1 4 1 1 2 4 4 4 3 5 1 4 3 2 2 4 2 2 5 2 5 3 5 1 2 4 1 2 3 4 4 3 4 2 1 2 5 3 4 5 5 1 5 3 3 1 5 1 3 2 5 5 4 5 4 2 4 5 5 3 3 5 1 4 4 1 4 3 2 4 4 2 5 3 4 3 5 2 5 2 1 2 5 4 2 1 3 1 5 4 4 5 5 5 5 3 2 5
1 5 4 4 2 2 4 2 1 4 2 4 3 3 3 4 3 4 5 1 4 4 2 5 2 1 5 1 2 5 4 3 2 3 5 5 5 3 1 2 1 5 2 5 3 5 5 4 2 5 2 3 3 3 2 5 2 3 3 5 3 4 4 5 4 3 5 4 1 4 4 2 5 5 4 2 4 4 5 5 1 4 2 3 2 1 4 5 2 1 1 5 4 5 3 5 4 2 1 4 3 5 2 5 1 2 1 1 3 2 4 1 2 2 3 3 1 1 5 2 1 1 1 5 5 4 5 4 3 1 4 4 2 1 4 5 3 5 5 2 2 2 2 3 4 1 1 2 2 2 2 3 1 5 1 5 2 2 2 3 2 2 4 5 2 5 2 1 1 2 2 4 5 1 2 5 5 2 3 2 3 5 4 1 3 1 3 1 4 4 3 3 4 5 4 2 1 4 2 4 2 5 4 5 2 3 4 5 3 2 1 3 1 3 3 1 4 3 3 1 1 1 5 3 5 1 2 4 5 5 1 5 3 3 1 3 1 5 2 5 4 3 3 4 3 2 3 3 1 3 5 4 5 5 5 2 2 5 4 2 5 2 3 2 3 2 2 5 5 2 1 4 2 2 2 2 3 2 1 1 5 3 5 5 4 2 5 4 5 1 1 5 5 4 3 4 3 5 3 4 3 3 3 5 3 4 3 1 5 4 5 1 5 4 4 4 5 5 3 2 1 4 4 5 4 5 3 3 1 4 3 3 2 4 1 4 1 2 3 3 2 1 1 2 5 4 2 4 5 0 4 4 1 2 1 1 4 5 4 3 1 5 1 3 2 2 2 4 2 4 2 4 1 5 4 2 2 3 4 5 2 5 1 3 4 3 5 3 3 3 4 1 3 2 3 2 2 5 1 2 1 2 2 4 2 5 3 2 5 5 3 4 2 4 4 2 1 5 2 1 1 1 3 2 3 1 1 3 1 1 1 5 3 4 2 3 3 5 4 1 3 5 1 1 3 1 4 4 5 3
2 4 2 4 5 5 2 3 5 5 3 4 4 2 1 3 2 3 1 4 3 2 5 2 4 5 4 5 5 4 2 5 3 5 1 5 1 4 2 5 3 2 3 3 5 5 2 5 4 2 2 4 5 1 5 2 3 2 4 1 4 2 1 5 3 3 1 1 2 1 3 4 1 3 4 3 4 2 3 1 3 2 5 3 3 5 1 5 2 4 1 5 4 5 4 1 3 2 3 3 1 5 1 3 1 2 4 3 4 4 1 5 5 5 3 1 3 3 3 2 1 4 1 2 2 5 3 3 5 5 2 1 3 5 2 1 2 2 4 4 4 1 3 3 4 5 2 5 2 5 5 3 1 3 3 4 5 1 3 4 1 4 1 5 5 2 4 4 5 3 3 5 4 2 1 3 2 2 1 1 2 4 3 5 2 1 5 4 2 1 5 2 5 2 3 2 1 3 2 3 3 3 4 3 3 2 1 2 5 4 1 4 4 1 1 4 1 1 5 3 1 1 1 3 2 4 3 4 2 5 2 2 1 5 1 3 2 4 3 2 5 5 3 2 5 1 5 2 1 3 4 2 4 4 2 2 1 4 2 2 1 1 1 1 2 1 4 3 5 2 3 4 1 5 1 1 3 2 3 4 3 3 2 4 2 2 5 3 4 4 4 3 1 2 3 5 2 3 3 2 2 2 5 3 3 4 4 2 2 1 1 1 5 2 4 3 2 5 3 2 3 1 2 2 4 5 5 3 2 1 4 2 5 3 2 4 1 3 5 1 2 5 1 4 3 5 4 2 2 3 0 5 1 4 5 4 5 5 2 2 1 1 5 5 3 4 1 5 4 3 4 2 5 1 3 1 5 3 5 4 3 2 4 1 1 1 5 3 3 5 4 3 3 5 5 4 2 4 1 3 1 3 5 1 4 2 4 3 4 3 2 1 2 3 3 4 3 1 1 2 4 5 4 4 5 5 4 5 4 4 2 1 2 3 1 3 3 5 3 1 5 1 3 5 4 1 4 5 1 1
2 3 1 2 3 2 2 2 5 5 3 1 4 2 1 2 1 3 5 4 1 4 5 2 1 4 5 5 4 4 2 1 1 3 2 2 3 3 2 4 2 2 5 4 5 4 4 4 4 3 2 2 5 5 3 3 1 4 3 4 1 1 3 2 1 5 5 2 5 4 4 4 2 2 2 1 2 5 5 2 3 1 1 2 3 5 2 5 4 1 2 1 3 1 5 2 2 4 4 5 3 4 3 1 4 2 4 1 3 2 4 2 2 5 4 5 5 3 1 1 4 3 2 3 3 4 5 3 5 5 2 2 2 3 2 4 3 2 2 1 4 2 2 1 1 4 2 1 1 4 5 5 5 5 5 3 5 2 1 1 5 5 5 3 3 4 5 4 3 3 5 4 4 4 4 5 5 2 5 5 2 4 3 3 5 3 3 4 3 2 2 1 5 5 3 3 2 5 5 1 5 4 3 5 1 4 4 2 1 1 2 5 2 1 5 3 4 3 2 1 5 4 2 4 3 3 2 2 5 3 5 2 5 5 1 2 3 2 1 1 5 5 2 4 4 4 2 2 4 2 1 5 1 5 4 3 3 2 3 2 5 4 2 2 5 4 3 5 5 2 3 5 2 5 4 3 5 1 2 2 3 5 4 1 1 3 3 1 5 1 1 3 1 4 4 5 4 4 2 2 5 2 2 5 3 5 2 1 5 2 4 3 2 3 1 4 2 3 4 4 3 1 5 4 4 1 2 3 1 5 2 3 4 2 3 5 2 5 1 4 3 5 3 1 2 1 5 1 3 4 3 0 4 1 5 4 4 4 4 5 3 3 1 4 4 4 5 1 4 3 5 5 2 5 5 5 1 2 4 4 5 5 1 3 4 2 4 1 2 5 3 2 1 1 2 1 1 1 4 1 5 1 5 3 3 3 2 3 1 3 5 1 4 1 5 4 1 4 2 1 5 5 5 1 3 1 4 2 5 1 4 3 2 4 1 1 2 1 3 1 5 4 5 2 2 5 1 4 2 3
5 3 4 4 5 4 5 1 2 1 1 4 2 3 3 1 2 4 4 1 1 5 3 5 2 4 4 4 5 1 3 5 4 5 4 4 5 2 3 1 2 4 3 2 3 4 4 4 1 4 5 1 5 3 5 4 4 4 4 5 5 3 5 3 4 5 1 3 4 2 5 1 3 5 3 4 5 3 5 2 5 3 5 1 5 2 2 2 1 3 1 3 4 5 4 4 4 4 1 4 1 1 4 5 4 1 1 4 4 2 1 5 5 1 1 2 5 4 5 2 3 2 4 4 3 5 2 5 3 3 2 1 5 5 5 5 4 4 4 1 2 1 4 2 4 2 4 3 2 4 2 3 3 2 5 2 2 2 3 3 3 1 4 3 1 3 3 5 4 4 5 3 2 2 1 1 1 5 5 4 3 3 1 5 5 3 5 1 2 3 2 5 3 5 1 2 4 1 1 1 5 1 1 1 4 2 4 1 4 1 2 1 1 2 5 3 2 3 5 1 5 3 3 1 5 5 2 4 2 3 4 2 3 5 2 3 5 5 5 5 1 1 4 1 1 2 1 5 4 2 1 3 4 5 4 1 3 2 4 4 3 3 2 4 2 5 3 3 3 3 4 3 4 4 3 1 4 5 4 2 2 2 2 2 3 5 2 1 1 1 3 4 3 1 3 1 2 4 5 1 4 2 1 1 4 2 2 2 2 3 1 3 5 3 2 5 2 2 3 3 3 1 5 5 5 1 3 4 4 2 1 5 3 3 1 2 4 2 3 2 3 5 2 1 1 4 2 5 5 4 5 5 0 3 3 2 3 3 4 5 1 3 3 2 4 3 4 1 2 4 2 3 2 1 2 4 3 4 4 2 5 5 5 2 3 3 5 2 2 4 1 3 5 4 3 1 4 5 1 1 2 2 4 5 2 2 4 4 3 3 5 4 3 5 5 4 3 2 4 4 1 2 4 2 1 1 5 5 4 5 3 3 5 4 2 1 4 1 3 4 5 2 2 5 3 1 3 1 5 3
4 3 4 1 2 4 1 5 2 5 3 1 1 3 2 1 2 1 2 2 1 5 1 5 3 5 1 3 4 2 2 3 5 4 2 1 5 5 2 4 1 5 3 5 5 1 3 5 1 4 2 3 4 1 5 4 3 2 5 1 1 5 4 4 1 5 4 4 3 4 2 2 3 1 1 4 4 3 5 2 1 1 3 4 2 2 3 3 4 2 5 5 5 5 3 1 2 4 2 5 4 5 1 2 2 1 2 3 4 1 4 2 5 4 1 1 5 2 5 3 3 2 5 5 5 3 3 3 4 5 1 1 2 2 1 1 4 4 5 5 2 3 2 1 2 1 3 3 1 5 5 5 1 5 1 4 5 1 3 1 1 3 1 1 1 5 2 3 1 1 4 2 3 2 4 4 2 3 2 1 1 2 3 1 1 4 3 2 4 3 3 5 4 4 1 2 3 2 4 1 3 5 4 1 1 5 2 1 4 4 1 5 4 1 3 3 5 3 3 3 2 3 5 4 5 4 5 4 1 5 4 5 2 1 5 2 5 1 5 3 4 1 5 1 4 2 2 1 3 5 4 5 3 2 5 2 3 4 4 4 1 1 4 3 3 4 4 4 4 3 4 3 3 1 5 1 4 4 2 1 5 2 4 1 3 5 1 5 4 2 1 3 1 2 1 3 4 4 1 2 3 5 2 5 5 1 5 5 5 3 3 3 1 1 3 2 4 5 1 2 3 5 2 3 2 4 3 1 1 3 3 5 3 1 2 2 5 3 2 5 2 4 1 1 1 3 5 5 2 2 2 2 1 0 1 3 2 2 3 2 2 3 4 5 2 3 4 4 1 3 4 3 3 2 3 1 1 1 4 5 4 3 4 3 4 3 3 1 4 3 2 3 1 3 3 5 1 1 3 4 5 4 1 4 2 2 1 1 2 2 3 1 4 3 2 4 5 3 1 3 3 1 2 2 2 4 4 3 4 3 4 1 5 1 2 4 2 4 3 5 4 2 5 3 4 1 3 2 1 5
3 3 4 4 5 2 3 2 2 5 3 2 2 2 2 4 3 1 5 1 5 5 2 3 4 5 4 4 1 1 2 4 1 3 4 3 4 3 2 1 3 4 5 1 3 2 4 4 4 5 1 2 4 3 1 2 1 1 1 4 4 5 4 5 5 4 3 4 2 2 3 2 5 4 2 3 1 4 2 4 4 5 1 4 5 5 4 4 1 2 4 3 2 1 3 1 3 4 1 2 1 3 1 4 5 2 3 2 5 1 2 4 1 3 3 5 2 1 5 3 2 4 1 2 3 5 3 4 4 4 2 1 3 4 2 5 4 2 3 4 2 4 1 4 3 4 2 3 1 5 4 5 2 2 4 4 4 4 2 4 2 1 3 4 1 5 4 5 3 5 4 2 3 1 3 4 2 1 3 1 2 1 3 5 5 5 5 5 2 5 3 3 4 1 2 4 5 1 4 1 1 2 3 2 1 5 2 2 1 3 2 1 3 3 4 2 2 2 5 1 5 2 5 4 3 3 4 1 5 3 1 1 4 4 5 1 5 5 3 3 2 1 4 2 5 1 1 5 1 3 1 4 3 3 5 2 4 4 1 1 2 3 4 4 5 4 3 4 4 5 1 5 5 1 1 1 3 1 4 1 1 3 3 2 2 5 2 4 4 2 4 4 5 5 1 3 3 3 5 3 4 3 2 4 3 1 1 4 4 1 4 3 3 3 3 2 4 5 3 1 4 3 2 1 2 5 1 3 5 1 5 5 5 1 5 4 3 2 2 4 4 5 2 4 1 4 4 1 1 4 5 1 4 4 0 4 1 5 2 2 5 3 4 4 4 1 5 5 1 3 4 5 4 2 2 5 3 2 4 3 3 4 3 2 3 3 4 1 5 5 2 1 3 5 3 1 4 4 4 4 1 3 2 2 4 4 5 4 5 5 5 1 3 1 4 1 3 5 1 5 4 3 3 4 4 3 3 5 4 5 2 5 3 4 1 5 1 1 4 4 3 4 5 4 4 2 5 4 5 5
3 4 2 3 3 4 3 2 5 2 2 3 3 1 3 4 2 4 5 3 5 5 2 2 4 5 5 1 1 1 3 1 2 5 3 5 5 3 3 4 2 5 1 3 2 1 2 4 1 2 2 2 4 1 4 1 3 3 5 4 1 1 1 1 4 3 2 4 1 4 1 4 2 4 2 1 2 3 4 1 4 5 1 2 2 2 2 2 1 4 4 5 5 1 3 4 5 3 5 5 3 1 2 1 5 4 5 2 3 2 3 5 1 1 1 1 5 2 2 3 3 3 4 1 5 2 1 3 1 1 1 1 4 3 4 5 3 1 3 1 4 2 1 4 2 3 5 4 5 1 2 5 2 3 4 2 5 4 3 4 5 2 3 5 4 3 4 5 5 4 4 3 4 4 2 1 2 4 4 3 2 5 2 2 3 2 5 5 3 4 3 1 2 2 1 4 2 2 3 4 5 5 3 3 4 2 2 1 3 1 3 2 2 2 5 5 4 4 3 1 2 3 4 2 5 1 2 1 3 2 4 1 2 1 4 1 5 5 1 3 4 2 3 1 2 3 4 1 5 5 2 5 5 1 3 3 1 3 1 2 2 4 3 4 5 3 3 4 1 3 2 2 5 3 2 3 1 5 1 2 1 5 5 1 1 1 5 4 1 1 2 5 5 3 5 1 4 4 5 3 2 1 4 3 3 2 2 1 1 1 2 2 3 3 3 4 1 2 2 1 3 4 1 4 4 3 2 5 4 5 2 1 3 1 5 5 1 5 2 2 4 3 3 4 2 5 1 5 5 4 5 3 4 2 5 0 2 4 5 3 4 3 3 5 4 3 5 5 2 4 2 4 5 5 1 4 2 1 4 4 4 3 3 2 5 3 1 5 4 2 1 2 1 5 1 1 4 3 5 3 4 1 5 2 3 1 1 4 1 5 2 3 1 5 2 3 4 4 4 5 5 4 1 3 2 1 5 3 3 3 1 1 3 2 3 1 5 1 1 1 3 4 5 2 4 5 3 4 1 5
5 1 3 4 5 2 2 1 4 1 5 5 4 5 4 4 4 5 2 5 5 1 3 2 2 2 1 3 3 5 2 3 2 1 4 1 1 4 1 5 5 1 5 4 1 4 1 4 1 1 5 2 3 1 4 4 4 5 1 1 4 3 3 2 3 3 2 2 5 3 1 2 2 5 1 1 1 3 4 2 3 1 4 1 4 5 2 3 3 3 2 1 1 4 4 4 4 5 1 1 4 3 2 1 4 3 5 4 3 4 1 4 2 2 3 2 5 5 4 4 4 4 2 2 5 1 3 3 1 5 4 3 4 2 3 1 2 4 2 1 5 3 5 1 1 2 2 1 1 3 2 5 1 3 3 2 2 4 4 3 1 5 3 4 3 5 4 2 5 2 2 1 5 3 5 2 4 4 1 3 1 2 3 1 4 2 1 2 4 4 1 4 5 2 5 2 1 5 4 5 1 1 4 1 4 4 2 2 5 2 3 3 3 5 4 5 4 1 4 2 4 4 3 2 1 3 4 4 3 1 1 5 5 3 3 1 2 2 5 3 4 2 2 4 1 2 4 5 5 5 2 4 4 5 5 3 3 3 2 1 1 4 2 2 1 4 4 1 2 3 1 3 3 4 1 4 5 3 1 2 1 2 4 2 3 5 4 3 2 3 1 2 2 2 2 1 1 2 2 2 3 1 4 5 4 5 1 1 4 4 5 4 1 4 2 1 4 3 5 1 1 3 1 1 1 1 2 5 1 2 5 5 5 4 4 3 2 4 5 5 5 1 1 1 3 5 2 1 4 1 1 4 3 4 5 2 0 1 2 1 2 2 5 1 5 3 4 5 4 4 1 4 2 4 2 1 4 3 4 3 3 4 5 1 5 1 5 5 3 4 2 1 1 4 1 2 2 4 3 5 3 5 4 3 1 1 3 1 5 4 4 1 1 3 2 2 3 3 5 2 4 5 1 5 3 5 2 2 3 5 3 5 5 1 3 4 1 3 1 5 2 3 3 2 3 1 1 2 5 5
5 4 2 4 5 4 4 2 2 1 5 5 4 3 2 4 1 5 3 3 1 2 4 2 2 3 2 5 5 4 3 4 2 4 3 4 4 3 2 5 2 2 4 1 1 5 3 4 5 1 3 4 5 3 2 1 1 3 5 1 3 3 1 4 1 5 2 1 3 2 2 4 1 1 1 2 2 4 3 3 1 3 5 1 2 2 1 3 2 3 4 2 2 4 5 5 1 1 4 5 4 4 4 3 4 4 4 4 1 1 4 2 5 2 1 2 3 3 2 1 1 1 3 2 1 4 2 1 4 4 1 4 5 5 1 4 4 3 4 4 1 4 1 5 1 4 5 2 1 5 4 1 5 2 3 1 5 2 3 1 4 5 5 2 3 4 1 2 1 4 1 5 3 2 2 5 5 3 4 1 5 3 4 2 3 2 2 3 2 1 3 2 3 4 1 1 4 3 4 5 4 2 2 3 4 3 4 4 1 5 3 3 4 3 2 5 3 5 5 2 2 3 5 5 3 5 2 4 4 4 2 3 2 3 4 2 3 5 5 4 1 4 2 4 3 1 5 3 2 4 2 5 5 4 3 5 2 3 3 3 2 4 4 4 4 1 4 1 5 4 4 5 3 4 5 2 1 4 4 1 3 3 1 3 1 4 1 4 1 3 1 4 2 2 5 2 1 5 4 1 4 4 1 3 2 4 4 4 1 1 2 5 4 4 4 4 2 2 4 2 4 4 5 2 1 1 3 4 2 2 1 2 3 5 3 3 5 4 1 5 5 4 4 3 1 1 2 4 2 5 4 5 2 4 3 4 3 0 4 3 4 4 3 1 3 4 5 4 4 4 3 2 3 5 4 5 1 1 5 2 2 5 4 3 3 2 2 3 2 5 3 3 3 2 5 2 4 5 3 4 2 2 3 3 3 4 2 4 3 3 2 5 2 1 3 1 3 3 1 2 4 5 4 5 4 1 1 5 3 1 3 2 3 2 5 3 5 5 4 2 2 3 4 1 4 1 5 2 2 3
1 2 2 2 2 2 1 4 2 2 3 3 3 3 1 1 3 3 1 1 4 1 2 2 1 2 2 5 1 2 2 4 1 4 3 2 5 4 5 2 4 5 2 5 3 5 1 1 3 3 4 2 1 5 4 1 2 3 5 5 1 1 3 3 5 2 4 3 5 3 5 4 2 3 5 4 2 5 5 4 3 1 1 4 2 2 3 1 4 5 3 4 3 1 1 5 5 3 1 4 4 4 4 3 2 4 1 4 5 4 1 2 5 5 3 5 4 2 5 3 3 1 1 5 4 1 4 1 4 4 3 5 4 5 3 2 2 4 4 2 1 4 4 5 4 2 5 3 3 1 5 1 5 1 3 4 3 5 4 3 3 3 4 4 1 5 4 2 2 1 1 5 3 1 3 1 3 3 3 3 2 4 5 5 4 1 4 3 4 3 3 3 3 2 2 1 1 4 4 3 5 3 1 4 1 3 3 4 2 5 1 4 1 3 1 2 4 5 4 2 3 3 4 2 3 3 1 3 3 3 1 2 1 4 4 1 3 3 2 4 2 5 4 2 3 2 4 5 1 2 5 4 3 2 3 2 5 3 5 4 1 5 2 2 4 4 5 4 1 1 5 4 1 2 5 4 2 5 2 2 4 4 3 3 4 3 2 2 2 2 2 5 4 2 1 1 3 3 5 2 2 3 3 1 3 4 5 5 3 1 3 1 3 1 1 5 3 5 4 4 2 5 2 4 4 1 4 5 3 3 3 4 1 3 5 3 3 3 5 3 4 1 1 1 4 5 3 4 1 5 2 3 1 3 2 1 3 3 0 1 1 2 2 4 4 1 2 2 3 3 4 3 4 3 5 5 2 5 2 4 3 2 2 5 2 1 2 1 1 4 1 2 4 1 4 4 5 4 1 2 3 5 2 5 1 3 4 4 2 2 4 3 3 5 4 1 4 2 1 2 4 4 5 2 4 1 2 2 3 4 1 2 1 1 5 3 2 5 2 4 4 1 1 1 1 3 2 2 4 2
3 2 4 5 5 1 3 1 5 4 1 1 2 2 3 1 5 3 3 2 1 3 1 4 1 1 2 1 5 5 5 3 2 1 1 4 1 1 1 5 2 4 2 5 5 4 5 4 5 2 3 4 3 5 2 5 2 5 5 3 2 3 4 5 1 4 3 4 3 5 2 2 4 1 4 2 4 4 1 5 2 4 4 2 1 2 2 5 1 3 4 4 5 1 1 3 3 1 2 3 2 2 1 5 1 4 5 1 2 2 4 2 1 2 4 1 4 5 3 3 2 5 4 1 4 5 1 4 5 4 2 4 5 1 3 4 2 4 2 2 1 3 5 3 1 4 3 5 5 5 3 3 4 1 3 1 4 5 1 1 3 2 4 2 5 3 1 3 3 1 4 4 3 4 3 2 5 1 3 1 5 2 2 4 3 1 1 1 3 5 5 5 2 4 4 1 1 1 4 5 2 1 4 3 2 4 3 3 5 3 4 3 3 3 2 5 3 5 2 2 4 3 5 2 5 2 4 3 4 4 3 1 1 2 3 4 4 1 4 3 5 3 4 2 2 4 4 3 3 5 2 4 1 4 5 2 2 5 1 5 2 1 5 2 1 2 5 1 3 3 3 2 2 5 3 4 1 1 3 1 5 3 4 4 4 4 2 5 4 3 1 5 4 3 2 4 2 2 2 4 1 4 4 5 3 5 2 4 5 3 2 1 2 2 2 4 4 3 5 4 3 2 3 1 4 4 2 1 1 3 5 5 5 4 5 2 1 5 1 1 4 4 4 5 1 2 2 2 3 2 5 2 3 3 2 2 5 1 4 0 1 5 1 2 1 3 5 1 1 1 2 1 4 5 2 2 3 2 2 1 5 5 2 1 5 4 5 5 3 5 1 3 4 5 2 4 1 2 3 1 2 2 3 1 2 2 1 1 3 2 4 3 4 4 5 3 3 4 1 3 1 1 3 5 1 5 4 5 5 5 3 4 2 1 1 4 2 2 2 3 5 1 4 2 3 1 3 4 4 1
4 4 1 5 3 4 3 5 1 3 4 3 3 1 1 2 4 1 1 4 1 4 4 5 1 1 5 4 3 5 2 1 5 1 4 5 4 4 4 4 2 3 1 4 4 1 4 4 2 4 3 3 5 3 5 5 3 4 2 4 5 4 3 5 5 1 3 5 4 3 4 4 2 5 3 4 3 5 1 5 2 4 3 4 2 1 1 2 2 5 1 2 5 5 1 2 1 4 5 3 3 2 2 3 2 3 3 2 1 2 2 3 2 1 2 3 1 3 5 1 1 5 5 3 1 1 2 4 2 4 5 2 3 4 4 3 2 3 2 5 2 1 1 1 1 3 4 5 4 3 3 4 3 2 4 2 1 3 3 4 4 5 4 3 5 2 5 5 2 2 2 3 1 1 5 5 5 1 3 1 4 3 5 2 4 5 1 2 4 5 1 2 4 5 2 4 3 5 3 1 4 4 1 2 3 4 1 4 3 3 2 3 4 4 4 5 4 3 1 1 3 1 2 2 5 3 4 1 2 1 2 1 2 3 5 4 1 4 1 3 4 5 3 2 2 3 4 1 4 5 4 4 1 2 4 1 4 2 4 4 3 1 3 4 3 2 2 2 3 2 4 5 5 2 4 3 4 4 4 4 4 2 3 5 4 2 1 1 1 1 3 4 1 2 5 2 4 1 2 3 2 3 2 2 1 4 5 3 1 1 3 1 5 1 3 2 3 5 1 5 1 3 3 4 4 5 3 5 1 5 2 3 3 3 3 5 3 3 2 5 3 1 3 5 4 4 1 5 5 3 5 2 5 4 4 1 2 3 5 3 0 2 4 5 3 1 5 3 3 1 2 5 5 3 2 5 2 2 2 1 2 1 4 1 4 1 4 3 1 1 3 3 3 5 1 1 3 1 4 5 2 1 1 5 3 4 3 1 1 1 4 3 5 5 5 2 3 5 5 5 3 2 5 3 3 2 1 1 3 5 1 3 1 2 2 4 3 5 4 2 5 1 4 1 3 5 2 2 3 4
1 2 3 5 4 2 2 4 2 2 3 2 5 3 4 4 1 2 3 4 4 1 2 1 2 1 3 1 2 2 4 5 4 3 5 3 3 2 4 5 2 1 4 3 5 5 3 1 5 2 3 1 4 2 1 3 5 4 2 3 3 3 2 4 2 2 2 1 2 1 1 1 1 1 3 1 1 4 5 2 1 3 4 4 5 5 2 1 2 1 1 4 5 5 3 4 3 5 4 1 3 2 3 1 3 1 3 2 1 2 3 5 1 2 1 2 3 4 3 2 2 5 1 3 3 4 4 4 3 2 2 4 1 1 4 5 4 4 1 4 5 1 5 3 3 4 4 4 2 5 1 4 5 2 2 4 4 3 3 4 1 1 3 1 1 4 2 5 5 1 3 2 5 5 2 3 3 4 5 1 4 5 1 4 1 5 4 4 4 3 4 5 4 1 1 3 1 5 1 3 5 5 2 2 1 4 2 4 2 4 2 4 2 1 4 2 5 4 4 2 3 2 5 5 4 5 3 1 2 2 5 3 3 4 1 3 1 5 1 1 2 1 5 3 4 1 5 4 1 2 1 4 4 5 1 2 2 1 3 5 4 5 1 5 5 3 5 3 5 1 4 5 4 4 2 3 2 1 3 4 2 2 3 3 4 1 4 1 4 3 4 2 4 3 4 2 4 1 2 2 3 4 5 1 1 3 3 3 1 4 3 4 3 1 2 1 5 1 2 4 5 2 1 3 3 1 1 5 1 2 5 3 2 4 3 4 4 1 4 5 3 2 4 2 2 3 4 1 3 4 4 1 3 5 2 2 3 2 1 1 1 0 4 2 2 1 5 5 1 2 1 3 1 3 1 5 4 5 5 5 5 3 5 4 2 2 5 3 3 2 2 4 1 1 5 4 4 5 5 3 4 2 4 4 4 3 2 1 3 2 4 4 5 1 5 4 4 2 1 1 4 3 5 3 1 5 3 3 1 3 5 4 3 1 4 5 1 5 1 3 1 3 5 1 3 1 3 1 4 5
1 1 2 2 3 2 1 1 5 5 5 5 5 5 2 3 4 1 5 1 3 2 4 3 4 2 3 5 4 3 2 5 4 3 5 1 2 2 3 1 2 2 3 1 3 4 5 1 5 4 1 5 1 1 1 3 5 4 3 2 1 3 1 5 2 3 1 4 1 3 4 2 5 5 5 2 1 4 1 4 1 3 4 4 4 2 3 3 1 4 5 2 4 5 3 5 2 5 3 2 1 5 4 1 3 1 5 1 4 4 2 2 2 3 3 4 1 3 3 5 4 2 3 3 2 5 2 3 2 1 3 4 4 2 5 4 3 2 5 5 1 1 1 5 1 5 5 4 4 2 1 5 5 2 2 3 5 3 1 4 5 5 1 5 1 1 2 3 5 1 5 5 4 4 5 1 5 1 2 4 3 3 5 5 1 4 3 4 5 2 5 1 2 2 3 1 2 2 1 4 4 2 4 4 2 5 1 4 3 3 1 2 3 1 3 2 3 5 1 4 5 3 5 5 5 1 5 3 2 1 3 5 5 5 5 4 4 5 3 5 2 4 3 1 1 1 3 4 5 2 5 2 1 3 3 3 3 1 2 2 4 1 2 4 5 3 3 5 5 4 2 5 4 5 4 3 5 5 4 1 4 5 4 3 4 4 1 4 5 2 2 5 1 1 5 5 2 3 5 2 3 3 4 5 5 5 2 4 1 3 2 1 1 3 2 5 1 1 1 5 1 4 2 1 4 5 3 5 5 3 4 3 1 1 3 3 1 4 3 3 1 3 1 5 4 1 3 2 4 3 3 2 1 5 5 2 1 2 1 3 2 5 0 2 4 2 4 1 3 2 5 3 2 1 2 1 3 2 3 1 2 3 4 2 2 3 4 5 5 5 4 3 5 1 4 2 1 5 4 5 3 5 2 5 4 5 5 3 4 1 3 3 5 4 2 3 4 5 2 5 2 2 2 1 3 3 3 3 2 2 5 1 2 2 4 2 4 5 1 5 2 4 4 4 5 2 5 2 2 4
2 4 2 1 1 4 2 3 3 1 5 2 5 4 2 1 4 3 3 1 2 4 1 3 1 5 1 2 3 2 2 2 3 4 3 4 1 4 3 3 1 4 4 4 2 3 1 4 3 5 5 2 2 3 2 3 3 5 3 5 2 4 4 1 1 1 1 2 1 4 5 4 2 4 3 2 1 1 2 5 3 2 1 2 3 1 5 2 2 2 3 4 2 5 1 3 3 3 1 5 3 2 2 4 1 2 2 3 1 2 1 3 2 5 3 2 4 4 2 3 1 1 2 3 4 5 5 1 5 2 1 3 3 4 1 5 1 3 1 3 1 1 5 5 2 5 4 1 5 1 2 3 5 2 5 5 3 2 4 1 1 3 3 4 5 4 2 2 4 3 5 4 1 4 4 1 1 4 1 4 3 3 5 1 3 4 2 3 2 4 1 1 5 3 5 2 1 3 3 3 5 4 1 4 1 5 2 2 3 4 2 4 2 3 5 1 5 4 2 3 1 4 1 3 3 2 5 3 2 3 1 5 1 1 5 3 3 1 2 1 2 1 3 5 3 4 4 4 1 4 3 5 2 2 2 4 3 4 2 1 5 3 3 4 5 4 2 4 4 2 3 1 1 3 2 5 2 4 4 3 5 3 4 4 1 2 2 2 5 5 5 4 2 2 3 3 2 4 2 3 4 5 1 2 5 2 5 1 5 3 2 1 3 3 3 2 5 2 4 3 3 4 4 2 2 1 4 3 2 5 5 1 3 2 4 4 5 5 5 3 4 5 4 5 1 4 1 5 4 2 1 3 1 1 2 4 3 2 1 4 4 5 5 0 1 1 5 5 4 1 3 2 2 1 2 1 3 4 2 2 4 5 4 5 4 5 5 2 1 3 3 5 4 5 2 5 1 2 1 2 3 5 1 1 1 3 5 2 1 5 1 5 5 3 2 4 2 1 1 2 1 4 2 4 2 2 5 4 1 2 1 3 4 1 2 3 4 5 1 1 4 5 1 3 3 3 3 3 1 4
4 5 1 5 4 3 5 1 5 1 4 4 2 5 3 2 4 2 4 5 1 4 5 1 3 5 3 4 3 4 2 3 4 4 1 1 2 4 3 2 4 2 2 2 5 4 5 5 5 4 2 5 3 1 4 1 1 3 1 5 3 1 4 3 3 1 1 2 1 4 5 4 2 2 5 1 5 1 5 2 1 1 2 2 3 4 3 3 1 3 3 3 5 2 5 1 5 1 4 3 4 5 1 3 3 4 2 3 4 2 4 2 3 1 5 3 2 2 2 5 2 5 2 3 2 1 4 4 2 5 5 4 4 1 1 5 4 1 2 1 3 4 1 2 3 3 3 3 5 1 4 2 5 1 2 4 3 2 2 2 1 2 2 5 3 4 3 4 4 5 5 2 2 1 3 3 4 4 2 2 4 5 4 5 1 3 4 3 1 5 2 5 4 4 5 2 1 4 2 5 1 2 1 3 4 4 1 4 4 2 3 1 1 3 2 4 4 3 2 3 1 2 4 4 1 2 1 2 4 1 1 1 2 3 5 3 1 5 3 3 5 2 3 5 1 3 3 2 3 3 5 4 1 5 4 5 5 4 4 2 5 4 1 5 2 5 2 2 2 2 2 5 5 2 1 4 2 1 4 3 3 1 5 1 4 1 4 2 4 1 4 4 5 1 5 2 3 2 1 2 1 3 2 5 3 5 2 3 5 4 2 5 3 2 4 5 5 1 3 4 1 3 1 5 1 4 4 4 1 3 4 1 1 1 5 1 3 4 5 2 5 5 2 2 2 2 5 1 4 5 1 5 3 2 3 3 5 1 5 4 5 3 2 3 0 3 1 1 2 1 5 2 4 5 2 2 5 4 3 3 5 4 1 1 1 2 2 4 2 2 1 3 2 4 1 5 2 1 5 1 1 4 3 3 2 1 2 2 3 5 2 2 1 1 2 3 3 5 2 5 5 3 3 3 5 2 5 1 3 1 4 5 2 4 2 5 4 4 1 3 2 4 1 4 5 4 1 1 2 5
4 5 2 5 5 2 3 3 5 4 3 2 3 3 4 3 5 2 2 4 3 2 5 2 1 3 5 4 4 3 3 4 4 1 4 5 3 4 2 1 1 2 3 3 5 4 4 5 2 1 1 4 1 1 3 3 5 5 5 5 1 1 1 4 2 5 3 4 5 4 2 3 3 1 4 4 4 3 3 3 4 2 3 4 2 4 4 1 2 2 1 3 4 1 5 1 1 5 2 5 4 3 2 1 4 4 1 5 1 3 3 4 3 3 3 5 1 2 3 2 2 2 5 2 1 1 1 2 5 5 5 3 2 4 2 4 1 3 5 4 4 2 4 2 4 3 3 3 4 4 2 5 4 4 5 5 5 5 4 1 4 3 4 1 2 4 4 2 4 1 4 4 4 4 5 1 2 5 5 5 3 4 2 4 4 3 1 2 1 2 4 3 4 5 5 2 5 4 4 5 5 5 1 4 1 2 1 2 2 4 1 5 3 5 2 5 4 3 3 5 3 2 4 2 5 4 2 4 4 5 1 2 2 3 4 2 2 3 5 1 1 2 5 4 4 4 3 2 3 1 1 4 2 5 1 5 1 3 4 3 2 5 2 1 5 3 5 4 1 5 4 4 4 4 3 3 5 3 2 2 1 3 4 3 2 5 1 3 3 1 1 3 3 1 1 5 2 5 5 2 2 2 2 5 5 1 3 3 4 5 5 5 4 2 1 5 5 5 2 3 2 1 3 2 2 4 4 1 2 3 5 3 3 2 3 4 2 1 2 2 1 2 4 3 2 2 5 2 5 3 2 2 3 5 5 2 4 1 1 3 4 4 4 2 3 0 3 2 1 1 3 3 4 5 4 5 1 3 1 4 3 1 3 2 2 4 1 4 1 5 1 3 4 2 5 1 1 5 3 4 3 5 3 2 4 4 3 2 3 2 5 5 3 2 2 4 2 2 1 4 4 4 2 5 2 4 5 5 2 1 1 5 5 1 1 4 1 2 2 4 2 3 2 3 2 4 2 4 5 2
3 3 4 5 5 3 2 3 1 3 5 3 2 2 4 1 4 3 3 5 1 2 3 5 1 3 3 3 2 3 3 4 5 4 1 4 1 5 5 1 3 3 1 4 2 5 5 5 2 1 2 5 5 3 2 5 1 3 1 2 2 5 1 5 3 3 3 1 2 2 1 4 1 5 1 5 2 4 4 4 5 2 1 3 5 5 1 1 2 4 3 3 3 1 2 4 4 5 4 4 1 3 3 4 4 3 2 3 3 1 4 5 2 2 4 5 2 4 2 2 4 3 5 1 5 4 4 1 2 5 1 4 5 1 4 3 4 5 1 5 5 1 5 5 4 1 5 3 5 5 3 5 3 1 5 5 3 1 2 4 5 4 3 3 2 1 4 4 3 1 4 2 4 4 4 3 1 2 1 5 2 2 3 5 4 2 1 1 5 1 4 3 3 1 2 2 3 5 4 1 5 2 4 2 3 5 2 2 4 1 3 5 4 1 2 3 1 1 1 2 5 4 2 5 2 1 1 1 5 2 5 4 4 5 4 4 3 3 2 4 5 2 2 3 2 1 4 1 4 5 3 4 5 2 1 5 4 4 1 3 3 5 1 4 2 4 4 1 2 1 4 3 5 5 1 5 5 4 1 3 4 5 2 3 1 5 2 4 2 5 4 5 4 4 4 2 1 5 2 3 4 3 1 3 2 3 4 3 2 2 2 5 2 4 1 2 5 4 1 3 2 5 1 2 1 3 2 2 3 4 2 1 1 1 5 5 1 4 1 3 2 4 1 3 3 4 3 4 1 1 2 4 2 1 3 3 3 4 2 4 5 3 5 4 1 4 0 1 4 1 3 2 4 1 5 3 3 3 2 5 3 5 5 2 4 2 3 5 1 3 2 5 2 3 5 1 3 3 1 2 4 1 5 5 3 5 4 3 4 4 1 3 3 1 1 2 2 2 5 1 2 3 1 3 5 2 1 5 3 1 4 1 1 1 3 2 2 3 4 3 4 2 4 3 3 2 2 5 2 2
2 1 3 3 3 3 1 2 4 1 3 2 4 5 2 3 5 1 2 2 3 4 3 2 3 5 4 2 2 2 1 5 3 4 3 2 3 2 1 1 3 2 3 5 1 5 3 3 5 3 5 1 2 3 3 5 1 1 2 2 1 2 3 3 4 5 4 1 5 5 2 1 5 2 2 3 5 4 1 5 2 4 1 3 3 5 2 3 3 1 1 2 1 4 4 1 4 5 4 5 4 2 2 1 1 3 2 4 4 2 2 2 1 2 1 4 4 4 3 5 2 2 3 4 4 2 2 3 5 2 2 1 5 1 4 1 3 1 3 4 4 4 5 4 4 3 1 2 3 4 1 3 3 1 1 2 2 2 1 3 5 1 5 5 1 2 3 5 1 1 2 2 2 5 3 2 1 2 5 2 2 3 5 1 1 4 2 1 2 3 3 4 5 4 5 3 4 1 4 1 1 2 3 3 2 2 3 2 5 3 2 2 3 1 5 2 4 4 5 2 4 4 1 1 1 3 1 1 5 5 5 2 4 2 3 3 3 3 3 5 2 3 4 4 1 1 1 3 5 1 4 4 1 1 3 1 1 5 3 4 2 4 5 1 3 3 3 5 5 5 4 1 1 1 3 4 4 4 1 1 4 3 2 2 2 1 1 4 2 5 3 5 4 4 3 3 3 3 3 2 2 3 3 2 2 3 4 2 3 3 2 4 5 4 2 4 3 4 1 2 4 2 1 1 4 5 4 5 1 5 4 2 4 3 1 4 2 5 2 3 3 3 1 2 3 3 5 4 4 4 5 4 1 2 3 2 1 1 5 4 2 2 5 3 5 3 5 0 1 1 2 1 1 1 3 4 4 3 5 3 2 4 1 1 1 2 3 4 4 2 3 2 2 4 1 4 5 1 2 5 1 5 1 4 2 4 4 4 1 2 4 4 5 5 5 1 5 2 2 1 5 5 3 5 1 3 5 5 3 4 1 3 3 2 3 5 2 5 4 4 3 4 5 4 1 2 3 2 3 2
3 2 5 1 1 1 5 1 1 5 5 4 5 5 2 2 5 5 1 3 1 3 5 2 2 4 2 3 1 4 3 1 3 3 5 2 4 1 3 2 2 4 1 1 2 2 4 1 1 2 2 2 5 5 3 5 3 2 5 3 2 2 4 2 4 4 4 1 3 5 4 2 2 2 1 1 4 4 4 1 4 3 3 4 1 1 1 1 4 3 3 4 1 5 1 1 1 1 5 5 1 4 2 4 3 2 2 5 2 4 3 4 1 2 4 2 2 4 5 5 3 1 1 1 5 2 2 4 2 2 2 2 1 3 3 3 1 2 4 5 4 1 3 3 2 2 4 4 5 2 1 5 3 4 2 4 1 1 2 2 2 2 2 5 3 5 2 5 1 1 2 2 1 2 2 5 2 3 3 4 4 5 4 2 1 3 2 3 1 1 3 2 1 1 3 4 3 3 5 5 3 2 2 4 3 3 2 3 3 4 2 5 4 1 1 3 2 5 4 1 2 1 2 3 1 2 1 4 2 4 4 2 2 3 3 3 5 4 5 1 1 5 5 3 4 3 4 1 2 5 2 1 4 3 2 3 4 5 5 3 4 3 1 5 1 1 4 4 5 2 3 5 2 1 5 1 3 3 2 1 1 4 3 2 2 4 4 1 1 1 4 1 4 3 1 4 1 2 2 3 2 3 5 2 3 1 2 3 2 3 1 2 2 2 1 5 4 1 1 1 1 5 4 4 5 4 3 4 5 2 1 3 5 4 2 2 5 1 3 1 4 4 1 4 4 5 2 4 5 3 1 4 3 2 5 1 5 2 4 4 1 1 1 1 2 1 1 5 0 3 5 3 3 4 1 1 1 1 4 1 4 3 3 5 5 1 3 4 4 3 2 1 1 5 3 1 2 1 1 2 4 5 2 2 2 1 2 1 4 1 3 2 2 4 3 1 4 5 5 2 1 5 4 4 3 1 3 1 2 2 2 5 5 4 5 5 1 2 1 2 3 4 5 1 4 4 1 2 4 1
3 5 1 5 3 2 3 1 5 1 3 3 2 3 4 4 3 2 5 3 2 2 3 3 2 3 3 3 5 1 1 5 1 5 5 1 2 4 4 3 5 5 4 4 5 2 3 4 5 4 4 3 3 1 4 3 3 2 2 4 2 2 2 3 2 4 5 1 1 2 1 3 4 2 1 4 5 5 1 3 2 4 1 2 2 1 2 1 3 5 2 1 4 4 3 1 5 3 2 5 4 3 4 1 1 2 2 5 1 2 1 4 4 5 5 5 1 3 5 3 1 4 1 1 5 4 4 3 3 2 1 2 2 5 1 2 3 1 4 5 5 2 2 4 4 3 5 3 5 1 2 5 5 5 1 1 3 3 3 3 3 3 3 3 1 2 1 5 2 2 4 3 4 2 2 5 3 3 5 4 3 1 1 2 2 3 3 3 3 5 5 1 3 4 5 1 4 4 2 4 4 2 2 4 1 2 2 1 2 5 3 1 3 5 5 3 3 1 2 4 1 1 1 4 3 5 2 2 3 3 5 3 4 2 4 4 3 1 1 2 3 3 5 3 4 2 5 2 5 5 5 3 1 4 1 3 5 1 2 3 2 2 1 3 2 1 1 3 5 2 1 3 5 2 3 3 1 4 4 4 2 5 3 5 4 2 4 5 1 3 4 5 2 2 2 5 2 3 4 3 2 1 3 3 4 1 4 3 1 1 5 4 4 1 1 4 5 5 3 5 2 1 4 5 2 1 4 4 5 2 2 2 4 1 5 5 4 3 2 2 1 4 4 5 1 1 4 5 2 5 2 3 5 1 4 1 1 1 4 5 1 5 1 2 5 2 5 1 1 0 2 3 1 3 2 2 5 3 4 5 1 4 4 3 4 3 4 2 4 3 5 2 5 1 5 5 1 4 1 3 2 4 1 1 1 2 2 2 1 3 2 2 4 5 1 3 3 2 2 3 5 3 4 1 4 5 2 5 3 4 1 1 5 1 4 2 1 2 1 5 2 3 5 3 3 4 3 4 3 5
5 2 4 5 3 1 3 2 4 2 2 1 2 2 1 2 3 4 5 1 3 2 1 2 4 2 4 5 4 4 3 3 1 5 1 2 3 3 4 3 4 3 1 4 5 1 5 4 3 2 3 5 3 1 3 5 3 1 3 3 2 5 5 5 2 1 5 1 5 4 1 2 5 5 3 3 2 1 1 4 3 2 4 2 5 4 5 2 3 4 3 4 1 2 5 3 3 1 5 3 3 5 2 3 5 3 4 3 5 4 2 2 1 1 4 5 5 3 2 3 2 1 5 1 2 2 4 3 5 5 5 1 5 3 4 1 1 5 4 5 1 3 5 5 3 4 5 3 2 4 3 1 1 5 3 2 3 5 2 1 3 1 4 2 1 5 3 4 5 3 1 1 2 2 5 3 4 5 3 3 5 4 4 1 3 5 2 1 5 2 1 5 2 5 3 3 3 3 2 2 5 4 1 2 1 1 4 1 3 2 4 5 1 1 5 1 1 2 5 5 1 3 5 1 4 5 1 2 2 2 4 4 1 3 5 4 1 3 4 5 5 5 4 1 3 3 2 2 3 2 4 3 2 1 3 4 3 1 3 2 2 4 5 1 3 2 5 5 2 2 1 4 5 2 1 5 2 5 2 2 2 4 5 4 4 1 3 3 5 2 5 1 3 4 4 5 2 5 1 4 1 5 5 2 2 1 4 5 2 2 4 4 1 1 1 1 1 3 1 4 5 5 2 1 3 2 3 1 1 5 3 3 2 4 1 1 3 5 3 5 3 1 2 5 4 3 1 1 4 1 3 4 5 3 1 3 4 3 1 3 3 5 5 1 1 2 3 4 4 3 0 3 5 4 2 4 4 5 1 5 1 3 5 2 1 4 1 1 1 5 5 5 1 1 5 1 5 2 5 5 5 4 2 5 3 4 3 2 4 1 4 1 1 2 1 2 4 4 4 3 4 5 1 2 3 1 5 2 1 3 2 3 3 2 5 3 5 5 1 4 3 3 4 1 4 1 4 3 5 5
4 3 5 4 5 3 4 3 1 2 4 2 4 3 2 3 3 1 1 1 5 5 4 4 2 3 4 4 2 5 3 4 1 2 1 2 4 5 2 4 3 4 4 2 5 3 3 3 2 5 2 2 3 2 1 5 3 5 4 4 3 4 4 4 4 3 2 4 4 2 3 5 2 3 4 4 2 1 2 2 5 1 4 4 5 4 2 1 2 2 1 1 4 2 5 5 2 2 2 3 1 3 1 1 2 1 5 1 5 1 1 1 4 2 2 2 4 2 5 3 2 5 5 4 2 4 5 3 1 3 4 3 5 3 4 1 3 3 2 5 3 4 5 4 2 4 4 4 1 2 5 3 3 1 2 3 3 2 2 2 2 4 2 4 2 3 4 5 1 3 1 5 1 5 1 4 4 2 1 5 3 1 5 2 5 3 5 4 3 3 4 5 4 3 4 3 2 1 1 3 5 2 3 1 1 3 4 3 3 1 3 5 3 1 2 1 5 3 5 3 2 2 1 5 5 5 2 4 4 4 4 3 2 3 4 4 4 4 4 4 4 3 1 4 2 2 2 2 3 5 4 3 1 4 5 1 4 4 3 2 3 2 5 5 3 3 1 4 2 4 3 3 1 1 5 5 4 5 1 2 4 1 2 3 3 2 4 5 3 2 2 1 4 1 5 4 3 4 3 2 3 1 5 4 2 4 1 2 2 1 1 5 5 2 4 4 3 5 1 1 5 4 1 4 3 2 1 1 2 1 1 3 3 2 5 2 1 2 3 4 4 5 4 1 3 1 2 2 1 2 2 2 3 1 4 3 2 1 1 1 4 5 4 4 3 4 1 1 4 4 1 0 2 2 3 2 5 3 2 1 3 1 2 4 3 2 5 1 3 2 3 5 5 5 5 1 2 4 3 2 1 2 5 3 4 1 1 3 5 4 3 4 1 5 5 4 5 2 2 1 3 5 1 5 1 4 5 2 5 1 2 1 2 3 2 3 2 2 2 1 2 2 3 2 4 4 1 2 5 5
2 1 1 3 1 2 1 5 2 1 2 4 4 5 2 2 5 2 2 4 2 4 2 1 3 5 5 2 4 1 1 1 2 2 4 3 5 3 3 2 1 1 3 2 4 2 5 3 4 2 1 1 1 1 5 1 4 4 3 4 5 3 4 5 3 4 4 3 2 2 2 1 4 3 3 5 4 1 5 3 1 5 2 1 2 4 2 2 2 5 1 2 4 3 2 4 3 1 3 2 1 3 2 4 2 4 3 4 4 1 2 3 2 3 3 1 2 4 1 5 2 1 3 1 4 2 2 4 3 5 5 2 2 3 1 1 4 1 2 3 4 4 2 2 4 5 1 4 1 3 2 3 5 3 1 3 3 2 2 1 3 4 4 4 4 4 5 3 1 3 3 1 4 1 1 1 1 5 1 3 3 3 2 4 2 1 4 4 2 2 3 1 3 3 4 1 4 2 4 2 4 5 4 5 1 2 1 3 1 1 4 2 2 4 4 1 5 1 1 4 2 4 5 2 3 2 2 1 5 1 1 3 4 3 2 2 1 1 5 3 5 2 5 5 2 2 3 4 1 5 4 1 1 1 5 4 5 4 5 1 2 5 3 1 3 1 5 2 2 5 4 3 2 5 5 3 5 4 4 3 5 2 3 1 1 1 1 2 3 3 1 4 5 4 3 5 4 2 5 2 4 2 1 2 5 3 2 4 5 3 2 1 4 4 3 5 3 3 5 5 4 3 4 5 1 5 4 3 4 5 4 2 3 5 4 3 1 5 5 2 5 4 4 1 4 1 2 4 3 4 3 2 3 5 3 1 5 1 5 5 4 1 5 5 4 1 4 3 2 2 3 1 0 3 1 4 4 4 3 5 5 4 5 1 5 3 5 4 5 2 1 5 3 5 4 2 5 3 5 5 2 4 3 3 3 4 5 2 5 5 4 4 1 5 1 4 2 3 3 3 5 4 3 4 5 5 2 3 3 1 4 3 2 4 3 3 3 5 2 3 4 3 1 2 5 3 5 5 4 4
5 5 4 3 3 2 4 3 2 2 1 2 1 5 1 3 2 2 3 4 4 5 1 1 4 2 3 4 5 5 3 4 3 4 2 2 5 4 2 2 3 4 4 1 4 2 1 1 3 3 3 2 3 3 5 3 3 1 3 5 5 3 5 2 1 4 3 3 1 1 4 2 2 1 1 4 5 5 2 2 4 3 2 4 2 4 4 5 4 2 1 3 3 2 5 2 5 5 5 3 4 5 2 3 4 1 5 5 2 3 1 2 5 3 5 3 3 4 3 4 2 5 1 2 2 1 3 1 1 3 1 4 3 5 5 3 4 4 3 3 5 1 4 4 3 1 5 2 1 5 4 1 2 4 2 5 5 5 1 4 4 4 1 5 2 5 3 4 5 3 3 5 1 4 2 4 2 3 3 5 4 5 3 4 1 3 4 3 5 4 3 2 4 4 1 2 2 4 5 5 1 3 2 4 3 5 4 3 5 2 4 2 3 4 4 5 3 3 5 5 4 1 4 5 3 1 3 2 3 4 1 2 2 3 5 4 3 3 1 1 5 1 2 5 5 4 2 2 5 3 2 5 5 3 2 4 1 3 5 3 5 3 5 5 1 2 4 1 3 5 2 5 4 2 4 4 2 1 3 4 1 3 1 2 1 5 4 5 3 5 2 1 4 5 1 2 2 2 3 1 2 3 2 1 2 2 5 5 3 3 2 5 4 1 1 4 4 2 1 1 3 4 1 2 4 4 4 2 5 1 3 4 2 1 5 4 3 3 3 3 4 3 4 2 1 4 1 1 4 2 2 4 3 3 3 1 1 2 5 3 2 5 5 5 5 1 2 1 2 4 2 4 5 0 4 4 3 5 1 4 4 4 3 4 1 2 5 5 3 1 5 1 2 5 2 2 3 5 1 3 4 3 5 2 3 1 2 2 3 1 3 2 1 4 5 1 1 1 3 4 5 1 2 4 1 5 1 2 1 4 4 2 3 1 2 3 2 1 4 1 2 3 5 4 2 4 2 2 4 1
5 4 3 5 4 5 4 1 2 2 1 1 2 4 4 4 2 1 4 4 5 3 2 1 4 5 4 4 2 2 1 4 5 2 3 5 1 1 4 3 1 4 2 2 3 3 1 3 1 2 2 5 3 1 1 2 1 1 3 3 5 2 3 4 3 4 4 3 3 4 2 4 5 5 4 1 4 3 1 1 3 2 4 4 4 1 1 1 4 4 2 5 3 3 2 3 5 2 3 3 4 2 2 5 4 4 5 1 4 4 4 5 3 5 1 3 4 4 3 5 4 1 2 2 2 4 3 4 1 5 5 3 5 2 4 4 2 5 3 1 3 3 3 2 3 3 3 1 3 4 2 2 1 3 5 2 5 5 4 3 4 5 3 3 5 2 4 1 2 3 1 1 4 4 4 1 1 1 2 2 3 4 3 4 4 4 1 1 3 4 4 5 4 1 4 4 2 4 4 1 2 3 1 5 3 3 2 5 2 4 3 5 4 2 1 2 1 3 4 3 4 1 5 5 2 4 2 4 1 4 3 3 5 5 4 3 2 1 1 2 4 4 1 5 3 1 4 1 1 3 2 2 1 2 1 4 5 3 2 3 3 3 2 2 1 4 1 4 2 2 1 3 3 4 5 5 4 2 2 1 5 4 3 2 1 2 1 5 2 5 5 2 3 5 5 1 3 3 1 1 5 4 3 5 2 5 2 2 1 5 4 4 4 4 3 3 1 2 1 4 4 4 5 5 4 3 5 1 5 2 1 5 3 4 1 2 3 5 1 5 2 5 2 1 4 1 2 1 1 4 2 4 2 4 5 1 3 5 3 5 5 1 2 2 3 4 3 4 2 1 1 1 3 4 0 1 1 1 2 1 3 1 1 5 1 5 4 5 2 2 1 1 2 2 3 3 1 5 3 2 2 3 4 2 3 4 5 3 3 4 5 2 4 5 2 2 1 5 1 1 3 3 2 2 2 3 5 5 1 2 4 5 3 1 2 3 3 4 4 4 3 2 5 4 3 2 3 4 2 3
5 2 5 2 3 4 2 5 1 3 2 4 5 2 3 4 2 3 1 3 1 4 4 3 2 3 1 4 2 5 2 4 5 1 3 1 3 1 1 1 1 2 5 5 1 4 4 1 4 4 1 4 2 1 5 5 3 5 1 4 2 1 2 2 3 5 2 2 2 5 2 2 4 2 1 4 2 4 4 3 3 2 1 4 2 3 4 3 3 4 1 4 3 5 1 1 3 2 3 2 4 3 1 3 2 3 2 2 4 3 2 3 1 5 5 2 2 4 5 4 2 4 1 5 2 5 2 2 5 1 4 1 2 3 1 4 2 3 4 5 1 4 3 5 1 2 5 2 3 1 2 4 2 2 5 2 4 2 4 1 5 2 1 3 3 2 2 3 2 3 5 2 2 5 5 5 3 4 1 1 5 5 1 5 1 4 5 2 4 4 1 3 4 5 1 4 1 1 3 5 4 5 2 3 4 5 2 1 4 2 1 2 1 1 4 1 3 4 5 5 1 2 2 1 5 2 3 4 4 4 5 1 2 1 3 2 5 1 2 4 3 5 3 5 2 1 3 5 4 4 5 5 1 2 4 5 3 3 1 3 1 2 5 4 1 2 5 5 4 4 1 4 3 5 2 4 1 4 1 4 3 3 3 1 2 1 3 3 1 3 1 5 3 4 5 5 2 1 2 4 4 3 4 3 3 3 2 2 1 1 5 5 3 1 1 4 5 4 3 2 5 4 3 1 1 5 3 2 3 5 5 5 3 5 4 2 1 5 4 3 2 3 1 4 3 2 5 1 5 1 3 4 1 4 4 4 3 3 3 4 1 1 1 2 4 2 2 2 1 3 4 4 5 5 5 0 2 2 1 5 3 4 2 2 3 1 3 4 1 5 2 5 2 2 2 3 3 1 2 5 2 1 3 2 3 3 3 2 4 5 5 3 3 5 5 1 2 3 3 5 5 5 3 3 4 1 4 4 3 5 2 5 5 4 2 3 1 5 2 5 4 3 3 2 3 5 5 1 3 2
2 1 1 5 1 5 5 3 3 3 2 2 3 3 1 1 1 2 1 3 2 2 5 4 3 3 1 1 2 3 4 1 2 2 3 2 4 1 2 5 3 3 2 2 3 2 5 1 2 2 1 1 5 4 4 1 5 3 2 1 1 5 3 4 3 1 3 2 2 5 5 5 5 3 4 3 5 4 1 5 3 2 4 3 2 3 1 1 3 4 1 4 5 3 1 4 2 2 5 4 1 4 2 1 3 2 2 3 1 4 3 3 2 3 1 5 3 1 2 5 1 1 2 5 4 3 4 3 5 5 2 2 5 5 3 2 1 1 5 5 3 4 1 2 4 2 3 5 2 1 1 5 3 4 3 2 1 5 2 4 1 1 4 2 5 3 4 5 4 5 1 5 1 4 1 2 4 3 1 3 3 3 1 1 4 4 4 2 2 2 3 5 2 5 1 4 1 4 2 4 1 3 4 3 1 4 2 2 4 3 4 1 1 2 2 2 3 2 1 1 4 1 1 5 2 5 5 4 4 4 4 4 4 1 2 1 5 2 4 3 5 5 2 2 1 1 5 1 1 4 1 4 5 5 1 2 2 1 2 4 1 2 5 4 5 3 3 1 2 3 1 5 3 5 5 1 1 1 1 4 2 3 2 4 3 5 1 4 1 1 1 5 4 2 2 1 3 2 2 4 3 3 4 2 5 4 2 1 5 1 1 4 5 1 2 3 2 2 2 5 3 4 3 3 5 4 3 5 4 4 2 1 4 3 5 3 1 2 1 3 2 2 4 1 3 4 2 3 2 3 5 2 3 2 3 1 5 1 2 3 5 2 3 1 3 1 5 5 2 2 4 1 2 3 2 5 0 2 3 3 5 5 1 5 4 4 1 5 3 1 2 3 4 2 3 2 2 2 2 4 5 4 5 5 3 5 4 1 1 3 5 4 2 3 1 1 3 4 2 4 5 5 4 1 4 2 1 3 3 3 4 2 4 3 4 2 1 3 3 1 4 4 1 5 1 2 2 1 5 5
2 5 1 4 1 2 1 5 5 1 5 3 4 5 2 1 4 1 1 3 4 5 2 1 2 4 5 5 5 1 3 3 2 5 5 4 3 4 2 4 5 3 1 4 5 4 1 4 1 3 4 4 1 3 2 5 1 5 4 5 3 5 5 2 1 3 5 4 2 5 2 3 3 5 5 1 1 4 2 1 3 1 5 4 4 4 3 4 2 1 4 2 2 4 3 5 5 3 4 3 1 5 4 3 3 2 1 2 1 4 2 2 4 2 1 2 1 4 1 4 4 1 5 5 3 4 3 4 3 4 5 3 3 4 3 4 1 3 3 2 4 3 1 1 2 4 2 5 5 3 1 4 2 2 4 3 1 4 1 1 4 4 2 5 3 5 2 2 5 4 3 5 4 1 2 1 5 1 1 5 3 5 4 2 5 1 2 3 1 5 3 3 5 4 1 3 3 3 5 2 2 4 2 4 3 5 2 2 4 3 3 5 2 3 2 5 1 2 3 3 1 2 4 1 2 5 5 1 1 2 4 1 5 3 2 2 4 5 3 4 2 5 4 1 2 2 1 5 5 3 2 3 2 2 2 1 1 5 5 5 2 3 4 2 2 1 3 2 1 2 3 2 1 2 1 1 5 3 2 2 3 4 2 2 3 3 3 2 4 4 4 5 1 5 5 2 2 4 1 2 5 3 1 4 4 2 2 4 3 2 5 1 1 4 3 5 3 4 2 1 1 2 2 1 5 2 3 2 3 2 5 4 3 3 1 1 4 5 5 3 3 4 4 1 1 5 3 3 3 2 3 4 5 5 4 4 2 1 5 3 1 1 2 3 3 2 2 1 2 1 2 5 4 2 5 3 5 0 4 5 4 3 4 3 1 4 1 1 1 1 5 2 3 1 1 5 4 1 5 3 5 5 1 2 4 4 2 1 5 2 5 3 3 1 1 2 4 1 5 3 5 2 5 1 3 2 2 2 1 1 5 4 3 2 4 1 1 1 4 2 4 1 2 3 2 4 5 4 2 1
4 4 5 4 4 5 2 4 3 3 1 4 4 4 4 1 5 4 3 4 1 2 2 3 4 5 4 2 3 1 2 1 3 4 3 3 5 4 4 5 2 4 3 2 5 2 1 5 4 1 5 3 3 5 2 1 5 4 3 2 4 3 3 3 4 1 1 5 5 2 5 1 1 2 2 1 5 2 1 2 2 3 1 3 2 5 3 5 3 3 2 2 3 2 4 5 1 1 2 1 2 4 2 3 2 2 1 5 4 1 1 3 2 5 4 3 3 3 4 2 2 5 5 3 5 4 1 4 1 3 1 5 3 1 1 1 1 4 3 4 2 4 1 2 4 4 4 1 3 1 4 2 3 3 1 2 4 3 4 3 3 2 1 2 3 2 3 3 5 5 1 3 1 1 2 5 1 3 3 4 1 3 1 1 1 2 2 3 3 5 2 5 2 2 2 1 1 1 2 4 1 5 3 4 4 3 1 3 3 3 1 3 4 2 4 5 1 3 4 2 2 1 4 2 2 2 2 2 2 4 2 1 5 2 3 3 4 1 1 5 3 1 2 3 1 2 3 1 1 5 2 1 2 5 1 5 5 1 1 3 4 4 2 2 5 3 3 3 1 4 2 3 4 1 3 3 4 1 2 1 1 1 4 2 3 1 5 5 2 5 3 1 3 1 5 2 1 3 2 2 1 1 3 2 5 1 3 1 5 4 4 1 2 1 4 4 4 4 3 4 3 5 1 5 3 4 5 3 1 1 5 5 3 1 3 3 1 1 2 2 1 3 2 1 4 5 2 4 5 4 1 3 2 5 5 3 2 4 4 5 5 1 4 4 5 3 3 5 4 3 4 5 4 5 2 2 4 3 0 2 3 2 5 4 4 4 4 1 1 3 5 2 1 3 2 5 3 2 3 2 1 5 2 3 2 5 2 1 3 3 1 5 3 4 4 1 1 4 5 5 4 2 1 1 5 2 2 1 1 3 3 4 1 1 1 3 5 2 4 4 5 5 1 5 3 1 4 5 5 2
2 3 4 3 3 1 2 4 5 1 3 1 3 5 4 1 1 1 1 1 5 2 5 1 3 5 5 3 5 2 5 1 5 4 1 3 2 1 4 4 4 1 5 3 2 2 4 5 4 2 3 3 2 2 3 3 2 2 5 3 5 2 4 2 2 4 5 4 1 3 5 2 1 4 3 5 4 1 5 2 1 3 1 4 4 2 1 4 2 3 2 3 5 3 3 4 1 4 1 1 1 4 4 1 2 2 4 4 3 2 1 5 4 2 4 1 5 2 2 1 3 4 2 2 5 3 4 1 2 1 5 1 5 4 4 4 1 1 5 1 4 1 4 3 4 4 3 2 5 3 3 3 5 5 1 3 3 1 2 3 5 1 1 2 5 4 4 1 1 1 3 5 5 4 2 5 2 1 4 2 2 3 4 3 4 4 1 1 1 2 5 4 1 5 5 1 4 5 3 1 1 5 4 3 1 2 1 1 2 1 4 3 3 4 5 3 2 2 1 2 5 1 3 4 3 4 4 1 3 4 3 5 4 5 2 1 2 3 2 1 1 1 4 3 3 1 3 3 1 3 5 1 5 5 2 4 4 5 1 5 3 1 3 3 3 5 5 1 1 1 2 2 3 4 1 2 2 5 3 4 1 1 2 2 3 3 1 1 5 3 2 5 3 1 2 5 2 5 5 2 1 3 4 4 3 5 3 2 4 3 5 3 3 1 1 3 4 3 1 5 5 2 3 4 5 4 4 5 5 5 4 1 1 3 2 2 3 4 3 5 3 4 4 4 1 1 4 1 1 2 3 4 2 5 5 4 1 1 2 2 1 3 2 4 5 4 5 5 3 3 3 4 2 4 3 4 1 5 5 0 4 3 4 2 2 2 2 4 4 5 4 1 4 4 4 1 5 4 4 5 2 3 1 5 4 2 3 2 2 4 4 5 5 2 1 1 1 2 3 5 5 2 2 1 3 3 4 1 4 1 3 2 4 3 5 2 5 3 3 5 2 4 2 4 3 4 4 4 5 1
1 4 4 5 1 1 5 1 3 3 4 5 5 5 2 3 5 1 2 5 3 1 4 4 3 2 5 1 3 3 1 5 3 4 3 2 1 1 2 3 4 5 5 3 4 3 5 2 2 2 4 3 3 5 1 3 4 1 1 1 2 2 1 2 1 1 4 4 1 3 2 4 4 2 4 4 1 4 5 2 1 2 4 2 1 5 3 2 2 3 3 3 2 2 2 1 3 2 2 2 1 4 1 3 5 1 5 2 5 3 2 1 1 5 2 1 4 4 4 5 3 1 5 1 3 4 5 1 5 5 1 3 4 3 4 5 1 2 3 5 5 3 2 3 2 5 2 4 1 1 1 4 3 4 2 5 5 5 2 1 4 4 3 3 5 5 1 4 5 5 2 5 1 5 5 3 1 3 5 5 1 1 5 4 2 5 2 4 5 5 4 5 1 3 5 4 3 3 3 5 2 4 1 1 1 3 2 2 3 2 2 4 2 4 2 1 4 2 4 4 5 3 3 1 4 1 5 3 1 4 2 1 4 5 5 3 4 2 3 4 1 2 3 4 4 3 2 4 3 3 5 1 1 4 4 2 3 5 4 5 3 2 1 2 4 2 2 3 1 5 2 2 5 3 4 2 1 4 1 1 3 3 2 2 4 5 4 1 1 4 2 4 4 1 2 1 1 5 4 4 3 5 3 2 5 2 5 2 4 1 1 1 1 4 1 1 1 1 5 5 1 3 4 5 5 2 4 4 4 4 5 2 1 1 4 3 5 3 1 2 1 3 1 5 2 3 3 2 5 5 3 4 2 5 2 2 5 1 3 4 1 2 5 5 5 1 5 5 2 4 2 2 3 3 4 5 3 4 2 1 0 4 5 1 2 4 4 2 3 3 3 1 2 3 5 5 4 1 5 4 3 1 1 3 4 1 1 4 5 2 4 1 3 2 4 3 5 1 1 5 5 5 1 3 5 2 1 3 2 3 3 4 1 3 4 4 1 5 1 1 1 3 1 3 3 4 3 4 2 1
2 2 1 5 5 4 1 3 1 4 3 2 1 2 1 1 2 5 1 5 2 3 1 4 1 4 3 1 5 5 1 3 3 1 1 3 1 3 5 1 1 2 5 1 3 4 1 5 3 3 2 1 4 3 3 3 3 2 2 4 2 2 4 2 5 3 4 2 3 1 3 3 2 4 4 5 3 1 4 4 5 5 4 1 3 5 1 2 1 5 1 1 2 1 3 5 4 5 5 1 3 3 1 2 1 2 3 5 1 1 1 5 1 2 2 5 4 1 4 3 1 5 4 2 5 5 3 5 5 4 5 3 3 3 4 1 1 2 5 2 4 4 1 4 3 5 1 3 1 1 3 3 1 2 5 1 4 5 1 2 2 4 1 1 2 2 1 2 2 1 4 3 1 3 3 3 4 4 3 4 5 1 1 3 3 4 3 4 2 4 4 2 2 4 5 2 3 5 2 4 3 4 1 4 2 5 1 4 2 5 4 2 2 4 2 2 1 4 3 4 3 2 2 4 2 3 3 2 1 2 1 1 2 5 5 1 5 2 5 5 5 3 5 5 1 3 1 2 3 5 4 2 2 5 2 5 1 4 3 2 4 5 4 2 2 1 4 2 1 1 4 5 1 5 2 1 2 1 2 4 3 2 5 2 4 5 1 5 5 3 3 4 5 3 5 1 1 1 1 2 1 4 1 5 2 4 3 5 3 4 4 3 3 2 2 2 5 2 1 3 3 2 1 4 4 1 2 3 4 2 3 2 4 3 3 5 4 2 2 5 1 5 3 1 4 3 1 4 2 3 4 4 2 4 3 4 2 5 4 4 1 3 4 1 3 3 2 3 2 1 1 2 4 2 3 1 4 2 2 5 5 0 1 3 5 2 3 4 2 3 4 5 1 3 5 5 5 3 1 3 5 2 3 5 1 2 5 1 1 4 1 2 1 3 1 1 5 1 1 2 2 2 2 1 1 1 3 1 3 5 2 1 1 2 3 2 4 3 3 3 4 3 5 2 3 1 5 1 3 1
1 5 2 1 3 2 3 3 5 4 5 4 2 4 4 1 4 2 1 1 3 3 1 3 3 1 5 1 1 4 1 4 2 3 3 2 2 2 3 2 3 3 3 1 1 2 3 5 3 3 1 1 1 3 5 2 4 5 1 3 3 5 5 1 1 4 5 3 3 2 2 5 5 3 4 2 2 4 2 1 3 3 1 2 1 2 4 2 3 3 1 4 3 4 2 2 5 5 4 2 3 5 4 5 1 2 4 1 4 2 1 2 3 4 2 1 2 4 3 3 1 5 3 3 4 4 1 1 3 2 4 4 1 5 2 5 1 5 2 2 5 4 5 2 4 5 2 1 1 5 5 5 5 1 3 3 4 5 2 1 5 4 4 3 1 2 5 3 3 4 5 3 4 2 1 1 5 5 4 1 2 2 5 5 4 1 2 3 1 2 3 5 2 1 5 1 5 1 1 4 2 4 1 4 4 2 3 1 1 3 1 4 3 4 2 2 4 1 4 5 5 4 2 1 5 3 3 2 4 2 5 1 1 4 3 3 1 5 1 2 4 3 4 4 2 2 1 4 2 3 3 1 4 3 2 1 3 2 3 4 1 4 4 1 4 3 2 5 3 4 2 5 5 1 3 1 5 3 1 1 3 4 4 4 3 3 4 3 3 2 3 3 4 2 1 2 4 2 4 3 2 1 1 5 1 4 4 4 3 4 4 2 5 2 1 2 5 5 4 5 3 3 1 5 4 3 5 3 4 4 3 2 1 2 4 3 4 2 4 3 5 5 1 4 4 4 3 2 3 1 2 5 4 3 5 4 4 2 1 4 4 2 1 1 2 2 2 4 2 1 2 4 1 1 3 2 4 5 3 1 5 4 0 5 5 5 4 4 5 1 1 1 5 5 2 2 1 5 5 3 2 4 5 4 3 1 1 2 1 4 4 2 5 1 5 4 5 2 4 3 3 4 5 4 4 1 5 4 3 2 3 5 3 2 4 2 1 2 3 1 1 5 3 5 2 5 2 2 5 5
1 5 1 3 3 2 5 1 1 3 1 1 2 2 2 2 3 3 1 3 4 4 2 3 2 2 4 1 1 3 1 3 1 3 3 3 1 1 1 2 2 2 4 2 5 3 4 2 1 1 1 2 2 4 1 2 3 2 3 3 1 5 5 4 3 5 1 5 1 3 4 1 1 2 1 2 2 1 4 2 2 5 2 3 4 5 2 4 4 3 2 3 2 5 2 3 3 5 1 4 4 2 3 1 1 1 5 3 2 4 2 3 5 5 3 5 3 5 3 5 3 5 2 5 4 5 2 3 5 4 2 5 5 1 2 5 2 2 3 5 4 4 4 1 4 3 5 2 3 2 1 1 4 5 2 2 1 1 1 3 4 3 2 4 4 1 2 5 4 5 1 4 3 3 3 2 4 5 4 3 4 2 4 4 4 4 4 5 4 5 2 1 3 5 4 3 3 3 2 3 3 4 1 4 4 1 1 1 3 1 4 2 2 4 2 1 1 1 1 5 1 2 3 3 4 2 4 4 2 3 4 3 3 3 3 4 1 1 3 2 1 3 2 3 3 1 5 1 2 4 1 2 5 2 4 4 5 4 4 4 1 1 1 2 1 1 2 2 1 4 4 2 5 4 5 4 4 2 4 4 1 5 5 5 4 4 4 4 4 5 2 3 1 2 3 3 3 5 1 4 2 2 5 3 1 1 5 3 5 3 2 4 5 3 4 5 1 1 2 3 4 5 1 5 5 4 3 2 2 5 2 3 3 2 2 5 3 4 5 4 5 3 1 5 2 2 2 4 2 5 2 1 2 3 4 2 4 2 4 3 1 2 3 1 5 4 1 2 4 3 4 4 5 1 3 5 5 5 5 3 1 2 1 0 1 4 2 4 4 2 5 1 4 4 3 3 1 5 4 2 2 3 3 3 2 1 1 1 1 4 2 4 1 5 1 1 5 2 5 5 4 5 5 5 1 2 2 1 5 4 5 2 5 3 4 4 1 4 3 1 5 3 3 2 2 5 4 5 4 4
3 5 1 4 3 3 2 4 5 5 4 2 4 5 4 2 5 4 5 1 5 3 2 1 3 2 1 3 3 3 2 4 1 4 2 3 3 2 3 4 3 1 1 1 3 3 1 2 3 2 1 5 2 5 1 3 3 4 2 1 1 3 5 5 4 3 4 4 1 4 2 1 3 2 3 2 3 4 3 5 5 2 1 2 4 4 2 4 2 3 1 1 2 3 4 5 2 2 3 5 4 2 4 3 4 4 4 1 4 1 4 1 4 2 3 2 3 2 4 1 4 5 4 4 1 4 1 2 3 2 3 5 1 3 1 2 1 4 1 4 4 3 3 5 4 5 2 5 5 1 2 4 1 2 2 3 2 3 1 2 3 1 4 2 1 1 5 4 4 5 5 3 1 4 2 4 1 4 1 1 1 2 3 1 1 1 5 3 2 2 3 1 4 3 5 2 1 3 2 2 4 3 4 2 2 1 3 1 3 3 2 1 2 5 2 2 3 1 2 4 4 2 3 2 5 4 5 1 3 1 3 4 1 2 5 2 5 1 5 2 2 4 4 1 1 4 1 2 1 3 2 1 2 1 3 5 1 5 3 5 3 1 5 4 1 3 2 2 1 1 4 4 1 4 1 1 3 1 1 2 5 3 2 3 2 3 5 1 4 3 2 5 5 4 1 1 4 5 3 2 5 2 3 5 4 3 2 5 4 3 3 4 5 1 4 2 2 4 4 1 4 4 5 5 2 4 3 2 4 5 1 2 5 3 2 3 3 5 3 2 3 4 4 5 1 1 2 5 4 3 4 2 4 5 3 4 3 4 4 2 5 1 2 4 5 3 2 4 4 4 2 1 3 3 4 4 5 4 2 5 2 5 1 1 0 1 3 2 4 3 5 1 5 1 1 1 5 4 4 3 4 5 1 4 4 2 4 1 5 4 3 1 4 3 1 2 2 3 2 4 2 5 4 4 5 1 5 3 1 2 4 2 1 3 4 5 2 4 4 2 3 4 2 5 1 5 4 5 4 4
5 2 1 2 5 1 4 4 5 4 1 5 5 4 1 1 2 2 5 5 2 2 4 4 3 5 3 1 3 2 3 1 2 5 1 4 3 1 3 5 5 5 5 1 1 4 3 3 2 2 3 2 1 1 1 4 1 3 1 1 5 5 1 4 3 4 4 4 1 2 5 2 4 4 1 4 2 3 2 1 5 1 1 1 5 5 3 5 2 2 4 5 3 5 5 4 5 4 4 4 3 1 1 4 4 4 5 1 3 1 4 5 3 1 4 5 3 3 4 4 1 5 1 5 4 4 4 5 5 5 2 2 1 4 2 3 1 2 2 5 4 4 5 5 2 3 2 2 1 2 5 4 2 3 2 1 2 2 3 3 4 5 3 5 5 3 2 5 4 3 1 5 3 5 3 2 4 1 5 1 5 4 2 4 5 3 5 1 1 3 1 5 1 1 1 4 4 4 5 1 1 4 1 4 2 4 3 3 4 2 3 1 4 5 2 4 1 3 5 5 5 4 1 3 2 5 5 4 3 4 3 5 3 4 2 4 1 2 1 2 4 4 5 3 4 4 1 5 2 2 4 1 2 3 1 2 4 2 4 5 5 2 2 5 3 5 2 1 5 3 5 1 1 4 1 1 1 1 4 3 3 3 5 2 2 5 5 1 2 3 3 5 1 4 1 3 3 4 3 4 5 1 4 3 3 4 1 1 2 4 1 5 3 4 4 5 1 4 4 2 2 4 3 5 1 5 4 2 2 4 4 2 3 1 2 5 4 2 4 3 4 1 3 3 1 1 2 5 4 2 1 5 5 4 5 4 1 3 3 5 4 5 2 4 1 4 1 5 1 2 1 5 5 1 2 3 5 3 4 5 2 3 2 4 3 0 5 3 5 5 3 2 5 1 5 1 2 4 1 2 5 2 5 1 4 1 5 2 5 2 1 1 5 5 2 4 5 5 1 2 5 1 3 5 1 5 5 4 1 4 3 2 4 3 3 5 2 4 1 1 5 5 5 3 2 3 1 3 4 3
2 5 3 1 4 5 5 5 3 1 1 5 4 4 3 3 4 2 4 3 4 2 1 4 3 1 2 2 2 1 2 2 4 1 3 4 1 5 1 3 4 5 3 2 5 4 4 3 1 3 3 2 5 3 4 5 4 5 1 5 5 1 4 3 1 4 3 3 3 1 1 5 1 1 1 2 1 5 1 1 5 4 5 4 3 1 1 2 4 1 5 2 3 5 1 5 1 5 3 1 3 4 4 4 2 1 3 1 4 2 2 3 3 3 3 5 2 4 1 2 2 2 3 2 5 5 5 1 4 3 1 1 3 4 4 3 2 1 4 5 5 1 1 4 3 5 4 4 4 2 2 5 3 2 5 5 2 2 1 3 3 3 3 2 1 2 1 2 4 5 4 4 4 2 2 1 1 5 2 4 2 3 4 3 1 4 1 1 3 3 1 3 4 1 4 1 4 1 5 5 4 5 1 2 2 4 1 4 5 1 4 5 4 5 3 3 3 4 5 3 5 4 1 1 1 2 3 3 2 3 2 4 1 1 1 1 5 2 1 2 3 5 4 4 2 2 2 1 5 3 1 2 5 4 4 3 2 4 4 2 3 2 5 1 5 4 1 5 2 2 4 3 1 5 3 2 2 4 2 2 3 5 5 2 4 3 5 1 2 5 3 1 5 3 2 2 4 3 2 2 4 4 3 4 4 2 4 5 1 3 2 1 5 1 3 4 3 2 3 5 3 2 3 3 5 3 1 4 2 3 5 2 1 2 1 1 3 1 2 1 2 1 2 2 3 5 3 4 3 3 2 1 3 4 5 3 3 5 4 1 3 3 2 3 2 2 5 4 1 2 4 4 4 3 1 4 2 1 4 5 3 5 5 2 3 2 0 3 2 4 4 3 4 1 1 3 3 1 5 2 1 4 4 3 4 1 1 3 4 5 2 3 3 4 2 4 5 4 5 4 5 2 1 5 5 3 2 3 3 3 4 3 5 4 4 5 2 2 1 5 1 5 5 5 4 4 5 4 2 5
1 3 4 2 1 4 5 3 4 1 5 4 3 5 4 4 2 4 1 2 1 5 4 4 3 3 1 5 4 5 4 2 3 4 2 4 4 2 4 3 1 1 5 1 4 4 1 5 4 1 4 2 1 1 4 1 5 2 2 2 4 3 5 5 4 4 2 5 4 4 2 5 3 4 2 1 5 4 4 4 3 3 3 2 5 3 5 3 1 1 2 2 5 4 2 1 3 5 5 4 2 2 2 2 1 3 4 4 4 1 1 1 1 2 2 4 4 4 4 5 3 5 2 4 2 4 5 2 1 2 3 2 3 1 4 3 4 5 1 5 3 3 4 4 3 2 4 2 5 1 5 4 1 5 5 3 4 1 1 4 3 4 5 3 1 5 5 2 1 5 2 4 1 2 2 5 3 4 3 1 3 1 2 1 2 4 1 4 5 3 5 5 1 5 2 2 2 5 1 5 5 3 4 2 3 1 4 4 3 5 4 4 1 5 4 1 1 5 3 4 2 2 1 4 5 2 5 4 5 1 5 5 1 1 4 4 5 5 3 2 4 3 3 1 3 1 1 1 5 5 3 4 2 4 2 2 4 4 1 4 4 3 3 1 2 1 3 4 4 3 4 3 1 1 2 1 3 3 3 4 3 3 1 1 2 1 4 5 4 1 3 5 4 3 3 3 2 1 4 4 1 5 1 1 1 1 3 4 5 1 4 3 1 2 1 3 1 2 4 2 5 5 1 5 1 3 3 3 4 4 1 1 5 5 4 3 5 3 4 4 2 5 1 4 5 2 2 1 2 1 1 2 1 3 1 2 3 3 1 1 4 2 4 1 2 2 2 5 2 1 4 4 5 5 1 3 3 4 3 1 5 5 2 4 2 1 4 0 4 2 3 3 2 1 5 1 2 3 4 3 3 1 2 4 1 2 1 3 1 5 1 1 2 2 5 3 5 1 5 3 2 5 5 3 5 5 1 2 5 4 1 1 3 3 4 3 4 2 2 3 4 2 2 2 4 5 3 3 3 5
4 2 1 1 5 2 2 1 1 1 2 5 3 1 4 3 5 4 2 2 1 4 4 1 3 4 1 3 5 5 1 4 5 2 4 1 5 1 5 5 2 3 1 4 3 3 3 5 2 2 1 4 2 4 2 2 5 4 5 5 2 5 3 4 4 2 3 1 1 5 1 4 3 3 2 3 4 2 5 3 2 3 5 4 4 5 1 3 1 3 3 3 3 1 2 5 5 5 2 4 1 1 4 3 5 4 5 4 4 2 4 5 5 3 1 4 2 2 5 1 4 2 4 1 5 5 3 2 3 5 3 2 2 3 1 4 2 4 2 1 5 4 1 3 4 5 3 2 1 2 2 1 1 4 3 4 3 3 2 1 4 3 5 1 3 2 4 2 2 3 5 3 4 1 2 1 4 1 4 3 3 2 1 3 4 3 5 2 1 1 1 2 2 2 1 1 4 2 5 2 4 4 1 1 4 1 1 5 1 4 3 3 1 4 2 3 5 1 4 2 1 1 1 2 1 5 2 2 4 3 2 3 2 5 1 2 5 1 3 2 4 1 1 2 1 2 2 4 1 4 5 2 4 3 3 2 1 4 3 4 4 3 1 3 1 4 5 5 5 2 5 3 4 4 4 1 4 5 2 4 3 1 3 3 1 5 5 1 5 3 1 1 1 4 4 2 3 1 2 1 3 3 5 3 5 1 5 3 3 3 2 3 1 3 4 5 1 1 1 2 4 4 5 5 1 4 1 3 2 3 2 1 5 1 1 5 1 4 5 3 4 1 4 4 2 1 1 3 3 3 4 3 1 1 1 4 3 3 4 1 2 1 3 4 5 3 2 2 3 3 4 4 2 3 3 5 3 3 5 2 3 2 4 1 1 5 2 2 0 3 2 4 2 5 1 2 3 1 2 2 5 4 5 2 2 1 3 4 4 3 4 2 3 2 1 1 1 3 4 1 1 5 2 4 3 4 4 4 3 5 4 3 5 3 2 1 4 5 4 1 5 2 4 4 5 2 3 1 1 2
5 5 3 3 4 4 4 1 3 3 4 4 5 3 4 2 4 3 1 2 3 5 2 1 1 4 3 2 3 4 4 5 3 2 1 5 2 2 4 1 1 1 3 5 3 2 1 1 2 3 5 1 2 2 3 1 2 2 2 3 4 2 1 1 3 3 3 5 1 3 4 5 3 5 4 1 1 2 3 3 1 3 5 3 3 2 4 2 2 4 5 2 2 5 4 1 3 2 1 2 2 3 4 2 5 1 5 4 5 3 1 3 2 5 4 4 1 4 1 1 3 3 4 3 3 3 1 2 3 3 5 3 5 2 1 2 2 1 4 4 2 2 3 1 2 2 1 3 1 4 3 5 4 5 1 5 2 1 3 2 4 1 3 1 5 1 4 3 1 3 5 5 4 5 5 2 1 3 5 5 2 4 3 5 1 2 4 3 1 2 1 3 1 3 5 3 2 3 5 3 1 2 3 5 1 5 3 1 3 4 1 1 1 1 2 1 2 3 3 2 3 4 5 5 4 1 5 2 4 5 3 3 3 3 2 2 1 1 4 5 2 1 4 3 5 1 2 3 1 2 5 2 5 5 3 3 1 3 3 5 5 1 3 2 3 5 4 5 2 4 5 1 1 1 3 2 2 2 2 2 1 1 4 4 4 2 5 5 5 3 3 1 5 1 1 5 1 2 3 2 4 3 3 5 4 1 4 2 4 1 3 3 1 2 4 1 4 1 3 4 4 3 2 3 4 3 1 3 2 4 3 4 2 3 3 1 2 1 2 1 3 3 1 2 3 3 5 3 4 5 2 5 5 2 4 1 5 2 3 4 5 5 5 4 1 1 4 2 3 3 5 5 5 4 2 4 4 5 4 2 2 3 3 4 2 4 2 3 3 0 5 1 5 2 2 1 2 3 1 5 4 2 3 5 3 4 1 3 5 3 2 1 4 3 1 3 4 1 5 2 3 4 1 1 4 2 1 5 2 4 5 4 3 1 5 2 5 1 3 4 2 2 5 1 1 3 4 4 4 5
5 1 3 1 4 5 3 5 4 2 3 4 1 2 3 4 3 2 3 2 3 4 2 4 2 1 2 2 5 4 1 2 4 2 4 4 4 4 3 4 2 4 1 1 1 2 2 4 2 5 2 3 1 1 5 1 5 1 2 3 5 4 5 2 1 4 4 2 1 5 1 3 1 5 4 3 2 1 2 3 1 4 3 1 4 1 2 2 4 2 4 3 1 4 3 2 1 1 5 3 1 2 2 1 4 4 2 3 3 2 4 1 2 2 5 4 5 3 1 4 4 3 1 3 4 4 2 3 5 1 3 1 3 3 3 1 2 2 5 3 3 1 3 3 3 4 5 1 1 1 3 3 2 4 4 2 2 3 1 2 2 3 5 3 1 1 3 5 1 4 2 1 4 1 5 4 3 1 3 5 5 2 4 2 2 5 2 3 3 3 5 2 3 4 5 3 4 4 5 5 2 5 4 5 3 3 3 3 2 2 2 1 3 3 2 3 4 1 2 2 2 1 2 1 5 5 2 3 2 1 2 5 1 1 4 3 4 1 2 5 2 1 4 2 5 2 2 2 5 3 1 4 3 1 2 5 1 2 2 3 5 4 5 4 2 3 3 2 4 4 3 2 2 3 5 4 2 5 2 3 3 2 1 4 3 5 2 4 1 2 4 5 3 2 4 2 4 2 2 2 4 2 2 4 1 1 4 2 4 3 3 1 3 1 3 3 5 5 4 2 3 5 2 5 3 1 1 3 4 2 5 3 5 1 2 4 3 1 4 5 5 5 1 1 3 5 2 1 2 2 5 5 2 3 5 2 4 4 3 4 1 4 2 4 1 1 1 5 1 2 2 2 4 3 4 3 1 2 5 2 5 3 4 4 1 3 5 1 5 3 0 2 4 1 3 3 5 1 4 2 5 2 4 2 2 1 3 1 5 1 1 3 3 2 3 3 2 3 3 5 4 2 4 5 3 3 2 3 5 5 4 4 3 2 3 5 4 1 2 1 2 5 3 1 2 4 3 1 1 1
1 3 4 3 2 4 1 5 1 5 5 4 1 1 3 2 2 2 2 5 2 5 1 5 1 2 4 3 3 3 3 4 3 1 2 5 5 2 3 3 5 4 1 3 3 1 5 2 4 1 3 1 5 5 1 4 1 4 2 3 2 3 2 3 3 3 2 4 3 3 3 3 5 5 4 1 5 1 1 2 3 2 2 4 4 3 5 5 1 4 1 2 1 5 2 3 1 1 3 2 3 5 4 3 1 2 5 4 2 4 1 5 4 3 5 1 5 5 1 1 4 5 2 3 1 3 2 5 4 5 3 4 3 5 1 5 2 2 5 5 4 3 3 2 4 4 1 1 2 5 5 2 5 4 2 2 3 4 1 4 4 2 3 4 5 3 1 4 2 2 1 5 1 2 3 5 4 3 5 5 2 2 5 4 3 5 2 5 1 1 4 2 4 4 3 2 2 4 3 2 2 4 3 4 3 2 1 3 3 3 4 4 2 3 5 2 5 1 1 2 2 3 2 3 2 3 5 1 3 1 3 3 1 1 5 1 4 2 3 2 3 5 1 3 4 2 1 4 5 1 5 5 3 3 4 1 2 4 1 2 2 1 3 4 2 3 1 3 3 3 2 1 4 2 4 1 3 2 3 4 5 2 5 3 4 5 5 4 2 2 1 1 3 3 1 3 1 1 5 4 4 4 1 1 4 5 4 3 2 2 1 5 5 3 2 3 2 4 2 2 1 2 4 3 4 3 3 5 2 5 3 4 1 3 5 4 4 1 2 4 1 3 3 3 3 4 1 1 3 2 2 2 1 3 2 1 4 2 4 5 5 4 2 2 5 4 5 4 2 2 1 4 2 3 5 5 5 2 4 5 3 5 3 2 3 4 5 5 5 2 1 0 1 5 4 3 3 5 3 2 2 3 3 2 4 2 5 3 1 1 4 2 1 1 3 1 5 3 1 2 4 1 3 5 4 2 2 2 4 4 4 2 2 1 4 2 2 2 2 5 2 3 3 3 5 2 4 5 4 3
5 5 3 1 5 2 4 1 1 4 3 5 4 2 2 3 2 1 5 2 2 4 2 1 2 3 3 1 5 2 2 3 3 3 2 5 4 1 4 3 3 1 2 2 2 1 2 5 3 1 1 2 4 5 3 3 5 1 1 3 5 3 1 3 1 5 1 4 5 4 3 1 3 4 2 1 4 2 1 1 2 2 5 3 1 4 4 1 1 4 3 3 5 3 3 2 4 1 5 3 3 4 2 2 2 4 1 2 1 2 3 4 5 3 5 2 1 5 1 1 4 1 2 3 4 2 2 4 1 2 5 2 2 2 1 1 3 1 4 2 5 3 1 3 1 1 5 1 3 3 1 1 2 3 2 3 4 2 2 1 2 2 2 5 4 2 5 1 1 5 2 1 4 5 1 5 2 4 3 3 4 4 4 5 3 5 5 5 4 3 4 2 2 3 1 1 1 2 3 3 3 4 4 4 4 2 3 2 5 4 1 3 4 3 2 4 2 1 2 4 2 1 4 4 4 1 5 1 3 1 2 2 4 2 5 1 5 5 3 1 1 1 5 3 1 3 3 2 5 5 3 2 5 4 2 4 3 1 2 2 3 1 1 1 3 5 1 1 5 5 2 3 5 2 5 1 2 1 2 1 1 2 1 4 1 2 3 2 3 1 3 4 5 5 2 3 3 1 1 1 3 5 4 3 4 5 2 2 4 5 5 5 5 1 3 2 1 5 1 4 1 4 2 3 1 4 4 2 3 1 1 5 5 5 2 4 1 1 4 2 3 1 1 4 1 2 2 1 5 4 3 3 2 3 3 4 2 5 3 5 5 3 1 4 4 1 2 4 1 3 3 4 2 5 2 2 2 3 2 2 4 5 4 1 3 3 5 1 2 1 1 2 0 2 5 1 3 3 5 3 1 4 4 5 3 4 4 3 4 3 5 2 3 4 2 3 4 5 3 1 5 5 5 1 5 5 1 1 3 2 4 4 4 4 1 1 3 2 3 5 4 1 3 3 1 4 3 5 5 4
1 4 5 5 4 1 4 2 3 1 5 1 2 5 1 2 5 4 1 5 4 5 3 1 2 2 5 1 5 3 4 4 1 4 3 3 4 2 5 5 3 3 5 2 2 1 5 3 5 5 2 4 2 1 2 5 5 2 3 4 4 1 2 4 2 4 2 2 5 1 1 1 5 3 1 5 1 2 3 2 3 2 5 2 1 4 2 3 2 3 4 2 2 4 4 3 2 4 1 2 3 4 3 4 4 3 3 2 1 3 4 4 4 5 3 5 4 3 5 1 2 5 2 1 2 5 3 5 2 1 5 3 4 2 2 2 4 1 5 5 3 2 5 4 1 2 5 1 2 1 2 3 2 3 2 5 3 1 1 3 4 1 2 2 1 4 4 4 3 4 1 4 2 2 4 3 3 4 1 1 1 2 1 1 5 5 1 5 5 2 3 2 2 3 1 1 4 3 3 2 5 1 3 2 3 2 2 1 3 2 2 1 3 3 4 2 2 2 2 5 1 4 5 5 5 3 5 1 2 2 5 3 3 2 5 4 3 3 3 2 3 5 4 5 4 1 4 5 4 1 1 1 2 3 5 2 5 4 1 5 1 3 3 1 5 1 2 3 1 3 3 1 4 1 3 4 4 3 4 1 3 1 1 4 1 3 3 3 4 5 4 4 2 4 2 2 4 5 3 1 3 2 5 5 1 1 1 4 3 2 3 4 4 1 4 5 4 2 3 2 2 2 4 3 5 2 1 3 1 3 2 5 1 1 4 2 4 4 4 1 1 3 3 5 1 2 4 4 3 4 3 4 5 4 2 2 2 3 1 3 4 3 2 5 4 3 3 2 2 2 2 1 3 2 2 3 5 3 2 1 4 3 1 1 1 3 1 5 3 2 2 3 3 0 4 3 3 2 2 2 2 3 4 3 4 2 2 2 4 4 5 3 3 5 4 4 5 3 4 1 5 2 2 1 5 2 2 4 2 5 2 1 2 1 1 1 5 1 3 1 5 5 4 2 4 2 2 4 3 4
3 3 4 4 2 3 4 3 2 2 3 3 1 3 2 3 3 3 4 4 3 4 1 5 3 5 2 2 4 1 5 1 3 3 3 3 3 5 4 2 4 2 1 5 3 2 4 5 4 3 3 3 4 1 2 5 4 1 3 3 3 4 1 2 5 2 3 1 4 5 4 3 4 3 1 4 5 4 3 3 5 2 1 3 1 5 5 3 3 2 3 5 2 4 4 2 1 1 4 1 3 3 1 5 5 4 4 2 1 4 3 4 4 4 3 5 5 3 2 5 4 2 4 4 4 3 1 3 3 1 1 5 2 3 2 5 3 2 4 2 4 2 3 1 2 5 5 5 5 4 2 5 2 4 2 2 5 1 3 3 1 3 4 5 4 2 2 4 3 3 3 5 5 3 3 3 4 5 1 4 5 1 5 3 5 4 2 2 4 5 1 4 2 2 4 3 2 5 2 3 2 4 1 1 2 1 4 5 4 3 2 3 4 2 2 1 5 4 2 5 2 4 3 2 3 1 2 1 1 1 2 5 2 4 2 3 4 5 3 4 1 3 1 4 3 2 3 2 2 1 4 4 3 2 5 4 2 3 1 1 4 1 3 1 4 1 3 2 2 5 1 5 5 5 3 1 4 5 4 4 5 3 1 5 3 1 5 4 1 5 4 5 1 4 3 2 3 3 4 4 2 5 1 2 2 1 3 3 1 1 5 2 3 4 2 5 5 4 3 1 4 5 1 1 5 4 1 5 5 2 2 3 4 1 2 2 3 5 3 2 4 5 2 5 5 3 2 3 3 2 3 3 1 1 5 3 5 4 2 5 1 4 5 4 3 2 1 1 4 1 1 4 3 5 5 2 4 2 1 4 3 3 5 2 5 2 3 4 5 5 4 3 3 2 0 1 3 3 1 2 1 3 4 4 1 4 1 3 3 2 1 2 4 5 5 3 5 4 3 5 3 5 1 3 2 5 2 4 3 2 3 3 3 2 5 5 1 4 4 1 1 2 2 5 2 2 1 1 1 2
3 3 4 2 5 1 4 5 4 2 4 4 1 4 3 3 5 3 1 2 2 1 1 3 2 2 5 5 2 2 2 2 1 1 3 2 4 2 5 2 1 5 2 3 5 5 2 2 5 2 5 2 5 1 2 1 5 1 5 4 5 5 4 2 4 2 2 1 4 5 5 3 2 1 5 2 1 3 1 3 1 5 5 3 2 4 4 1 3 2 5 1 1 4 4 1 4 3 3 2 4 4 3 1 4 2 4 4 1 3 4 4 5 5 3 1 1 5 2 2 4 1 1 4 5 1 5 2 1 2 5 1 5 1 2 3 1 1 2 2 5 2 1 4 4 2 2 4 4 4 3 1 4 3 1 4 3 4 4 1 2 3 3 1 2 4 3 3 1 4 5 4 2 1 4 3 1 1 1 3 5 3 5 3 4 3 5 4 2 4 5 4 1 2 3 3 2 3 2 2 3 1 2 5 2 2 3 3 3 1 2 2 4 3 4 1 4 2 1 1 4 3 5 4 4 5 4 2 1 3 4 2 4 5 4 1 4 4 5 1 1 2 5 2 4 1 4 1 5 3 4 2 3 2 1 1 2 1 2 2 1 3 2 5 5 4 4 1 4 2 5 5 2 2 2 1 1 2 3 3 1 1 3 2 3 4 5 4 4 1 3 5 2 5 3 3 3 5 1 1 3 5 1 4 4 3 1 4 2 4 2 1 1 4 2 4 5 2 5 1 5 5 5 3 2 2 3 3 2 1 3 2 5 3 5 5 4 1 5 1 3 3 2 2 4 2 3 1 4 1 1 2 2 2 2 4 3 1 3 3 4 2 5 2 5 4 1 3 4 1 1 3 2 1 3 1 5 5 4 5 3 1 2 3 5 3 3 1 2 2 1 2 4 2 2 0 5 1 3 1 2 1 4 5 4 2 5 3 5 5 4 3 4 3 4 4 5 3 4 2 4 3 3 3 1 5 1 3 2 1 2 5 1 3 1 2 2 5 2 5 5 1 2 5 1 3 5 5 2 1
3 4 5 1 1 4 5 3 1 4 4 3 3 2 1 4 3 4 2 5 3 5 5 2 4 5 3 3 3 5 2 5 2 1 2 4 2 5 1 1 2 5 2 1 2 5 5 3 3 4 4 3 1 5 4 1 5 3 1 2 3 4 4 5 4 1 1 2 1 5 2 5 3 1 2 4 3 5 1 5 2 2 5 4 5 3 2 4 4 2 3 2 5 4 3 3 3 4 5 5 3 1 3 1 5 1 2 2 2 2 2 3 1 2 1 3 2 5 4 4 3 2 3 4 1 3 5 5 1 5 5 3 1 3 5 2 3 2 3 5 5 2 4 5 2 5 4 3 5 5 4 1 5 1 3 5 5 1 2 2 5 4 1 3 1 1 4 4 2 4 4 1 1 2 2 3 4 5 4 3 1 3 3 2 5 4 3 1 3 2 2 5 2 5 1 2 2 5 2 5 2 1 2 1 2 3 1 2 2 5 3 1 4 4 5 2 1 1 1 1 4 3 1 3 4 1 3 4 1 2 1 1 2 5 1 4 4 3 1 2 4 2 5 4 2 3 5 3 1 4 1 4 2 3 5 5 2 1 5 5 2 3 2 1 3 1 3 3 1 4 2 5 1 1 5 3 4 4 2 4 3 4 4 1 3 4 1 1 3 3 5 4 5 2 1 2 3 5 4 2 1 5 1 3 3 4 5 1 1 4 3 2 1 2 3 2 1 2 4 2 5 3 5 5 1 1 1 3 4 2 4 5 4 5 4 2 2 4 4 4 1 1 3 4 5 4 2 1 3 5 2 3 3 4 3 4 1 3 3 5 5 5 5 2 4 3 4 3 1 1 1 3 4 1 2 4 5 4 1 1 1 3 4 1 2 2 1 2 4 5 3 4 1 1 4 2 0 2 4 2 5 3 2 1 4 2 1 4 4 3 1 4 3 5 5 3 5 3 5 5 5 1 1 5 1 3 5 1 5 4 3 4 5 1 3 4 1 2 1 4 2 5 2 3 3 1 4 5 5 4
2 3 5 2 4 2 2 3 4 3 3 3 1 3 3 1 4 1 5 1 2 2 2 3 3 3 2 1 1 3 5 3 3 4 2 5 2 4 5 5 3 5 5 3 1 1 4 5 4 4 5 4 3 2 4 1 3 1 2 3 3 5 3 1 3 4 4 5 3 3 2 5 2 4 1 2 2 1 2 4 5 3 1 4 1 4 4 1 1 3 1 2 2 5 3 5 2 3 1 5 4 2 4 2 1 1 1 3 2 1 4 4 1 4 2 1 3 1 1 3 1 1 4 2 4 3 1 3 4 1 2 4 4 3 2 1 2 4 4 3 2 4 2 3 1 2 2 3 1 1 3 1 5 1 3 4 2 3 1 2 4 5 4 2 1 2 1 1 5 1 4 5 1 3 3 1 2 4 3 3 2 3 3 2 1 3 5 5 1 1 3 2 1 1 4 3 4 2 5 1 4 5 1 3 4 2 1 1 5 5 3 1 1 1 1 2 1 3 2 5 4 3 1 3 2 2 3 4 3 2 4 2 3 3 2 1 2 4 2 2 3 2 5 5 5 4 1 1 3 3 3 2 5 4 2 3 5 3 5 1 5 1 4 3 4 2 2 5 2 4 3 4 1 2 1 2 1 2 4 1 2 1 5 2 1 3 1 1 5 1 1 1 3 1 5 1 4 5 2 2 1 2 3 4 2 3 4 1 4 5 2 3 2 4 4 5 3 4 2 4 4 4 1 1 1 5 3 4 1 3 3 5 1 2 1 4 3 5 2 2 1 4 3 2 4 5 4 3 1 2 4 5 4 2 2 2 3 2 5 1 5 5 2 2 1 1 1 1 4 2 4 5 4 1 3 5 5 2 1 5 4 5 4 5 1 3 1 3 5 4 3 1 1 4 3 5 3 0 1 3 3 5 3 3 4 3 2 1 1 1 2 4 4 5 4 2 5 4 2 4 3 2 2 1 5 3 1 5 4 3 1 4 2 1 5 1 2 2 3 4 3 4 2 5 5 1 3 4 1 3
4 1 2 5 1 5 4 1 2 5 5 5 3 5 4 4 4 1 1 2 3 4 2 1 2 4 4 3 3 3 1 4 1 2 5 1 3 4 1 3 3 5 5 5 1 3 1 1 4 1 3 1 4 4 4 1 1 1 3 3 4 3 5 2 4 3 1 1 5 2 2 3 3 3 2 2 2 4 5 2 5 2 1 2 3 1 2 5 3 4 3 3 3 5 4 4 5 4 1 2 1 1 4 3 3 1 4 2 4 4 1 4 5 2 3 5 1 5 5 5 2 5 3 1 3 3 1 2 5 5 5 5 3 3 3 1 1 5 2 2 3 4 1 1 3 3 4 5 2 4 1 5 1 1 1 3 5 1 3 4 4 1 4 4 2 4 2 3 4 3 5 2 3 3 1 5 4 5 2 5 2 1 4 3 4 4 3 3 1 5 2 2 2 4 4 3 5 2 5 1 2 1 1 2 2 2 3 2 2 4 3 4 3 2 5 1 5 2 2 3 3 3 4 4 2 3 5 3 1 4 3 1 4 3 2 4 5 1 5 2 5 1 5 2 3 3 2 1 5 4 5 3 3 1 2 4 4 1 1 5 3 3 5 5 3 5 5 2 3 5 2 3 3 1 4 4 3 4 4 2 4 1 1 4 2 3 4 4 5 3 4 3 2 4 4 4 2 4 3 2 4 1 3 3 2 3 5 5 2 1 2 1 3 2 2 5 3 1 2 5 1 2 2 3 5 3 4 4 1 5 4 4 5 5 2 4 3 4 2 2 3 3 2 2 3 3 3 2 4 3 1 3 4 4 3 2 1 2 4 3 4 1 3 5 2 1 3 5 1 2 2 2 1 3 3 5 4 1 5 1 5 3 1 2 1 3 1 1 3 4 2 4 3 5 3 2 4 4 0 2 5 2 4 1 2 1 5 3 1 1 4 5 3 3 1 3 2 3 4 3 4 3 4 2 4 1 1 3 4 3 5 5 1 1 4 4 4 5 2 5 2 1 4 2 5 4 2 5 5 4
1 5 2 5 2 5 3 5 1 4 5 3 4 4 3 4 4 5 4 3 4 4 2 4 1 2 1 2 5 4 5 5 3 5 3 5 5 5 4 5 5 3 3 5 1 3 2 1 2 2 4 2 2 2 4 2 4 4 1 3 4 4 2 3 3 5 5 5 4 4 1 4 5 5 1 5 3 4 5 2 3 2 2 4 4 5 4 4 3 5 5 2 5 5 1 2 3 1 5 2 4 3 2 3 3 3 1 1 2 3 3 4 3 3 1 1 4 4 5 4 2 5 3 4 1 5 2 2 5 2 3 3 1 2 1 4 1 5 2 5 2 3 5 4 3 2 5 1 1 4 5 4 4 1 2 3 3 5 4 1 4 5 2 3 4 2 1 2 2 3 3 1 3 1 3 2 5 2 3 4 4 5 2 2 2 2 3 2 3 1 4 5 1 4 2 1 4 2 5 2 2 2 2 5 3 5 4 5 5 1 2 5 2 5 5 1 5 4 3 1 2 1 1 3 2 2 3 2 2 1 1 5 1 4 5 1 5 3 1 3 2 2 1 4 3 1 4 1 4 1 2 2 3 3 1 3 5 4 3 3 3 2 4 5 3 5 3 2 3 4 4 4 2 1 4 2 2 1 2 3 5 4 5 3 2 5 2 3 1 3 3 3 2 3 5 3 3 2 2 1 3 4 1 4 5 1 3 2 5 3 5 4 1 3 4 2 1 2 4 4 4 3 5 3 5 5 1 5 3 3 5 1 4 1 1 4 2 5 1 2 4 5 1 4 1 3 5 3 1 4 5 5 2 3 1 4 2 4 1 4 3 4 5 3 2 2 1 1 3 2 5 2 5 4 3 2 3 1 4 1 2 2 1 4 5 3 4 1 5 3 4 5 4 1 5 4 4 3 1 0 1 1 3 2 2 4 5 4 1 1 5 1 5 1 1 1 5 3 4 5 5 2 4 4 4 2 3 4 4 2 5 2 1 4 3 3 4 4 2 1 5 1 2 2 4 5 1 2 3 3
5 3 2 1 3 3 3 4 1 1 5 3 3 2 1 2 4 5 2 3 2 3 4 3 2 5 2 1 4 1 4 4 5 4 2 5 5 3 3 3 1 2 2 3 3 2 1 1 1 3 3 2 4 1 5 3 2 1 4 1 4 4 3 4 4 5 4 5 5 5 5 4 5 4 3 2 4 4 2 5 4 1 4 2 1 3 1 2 4 5 4 3 2 2 2 5 1 5 5 5 1 3 2 5 1 2 5 3 4 1 2 3 3 5 5 4 3 4 5 2 4 5 2 4 1 2 5 3 5 5 4 3 1 5 2 4 3 5 2 1 1 4 5 4 3 4 3 5 1 3 2 4 4 3 2 2 2 2 3 1 4 1 2 5 2 2 5 2 3 3 1 4 3 3 1 2 5 1 4 5 4 4 3 5 2 2 3 3 1 2 3 3 2 2 5 4 5 2 2 2 1 3 3 1 4 3 4 2 5 5 3 1 2 5 2 3 3 3 5 5 3 1 4 2 4 4 3 3 3 1 5 2 3 3 2 2 3 4 2 2 2 4 5 1 3 4 2 2 3 3 1 1 5 5 4 4 4 4 1 3 1 4 3 4 5 2 2 4 5 1 1 5 1 1 4 3 4 3 1 3 2 3 4 4 3 3 3 1 1 3 3 1 4 1 2 5 1 3 2 3 5 3 4 5 1 3 1 5 1 2 1 5 4 2 1 5 3 5 3 3 1 5 3 4 5 4 5 4 2 4 2 5 5 1 3 3 4 2 5 5 2 5 4 4 4 1 1 5 5 2 3 3 5 3 1 2 1 2 4 2 1 1 1 5 2 1 2 2 3 3 1 4 4 2 1 1 1 5 1 4 4 5 1 4 3 1 5 5 4 1 3 1 1 1 3 1 1 2 1 2 0 2 1 3 2 1 2 4 1 4 2 5 4 5 4 2 2 3 4 3 3 2 3 2 5 3 4 2 1 1 3 5 3 3 4 1 1 1 3 2 5 2 4 5 3 2 3 5 1 3
5 4 4 1 3 3 2 5 1 3 2 2 3 4 4 4 2 5 5 3 1 2 3 3 3 5 3 4 2 4 3 4 3 3 3 1 4 4 5 4 5 1 1 3 5 2 2 3 3 4 2 5 4 4 2 5 5 5 2 4 2 1 2 5 5 4 5 1 1 4 1 4 2 4 3 4 2 5 4 3 1 1 3 4 4 1 4 1 1 4 2 1 4 2 1 5 5 1 3 1 1 4 2 4 2 3 5 4 2 1 3 2 4 1 2 1 4 3 1 2 1 5 1 5 5 3 5 2 3 2 3 1 4 3 3 1 1 5 1 5 2 4 2 3 3 2 1 2 3 2 5 4 5 3 2 3 1 2 3 3 3 3 3 2 1 1 5 2 1 2 2 2 1 3 4 1 5 4 2 2 2 2 1 2 5 3 5 1 4 2 5 5 3 1 2 2 5 2 2 5 4 1 1 2 2 5 4 5 5 2 3 4 3 4 2 1 4 4 4 4 1 2 2 2 3 3 4 1 2 4 2 1 2 1 4 4 1 2 2 5 2 1 3 1 4 1 3 2 5 5 3 5 1 3 4 5 3 5 4 1 1 3 1 1 4 5 1 2 5 4 4 2 1 1 5 3 3 5 4 4 5 4 3 5 1 5 4 3 2 4 2 5 2 2 5 5 4 5 5 1 3 1 4 4 1 2 3 4 3 4 4 2 3 4 2 2 3 1 1 2 5 1 3 2 1 1 5 2 2 3 1 4 2 1 3 1 3 4 4 2 2 5 3 2 2 3 2 4 4 3 4 2 4 5 4 1 4 5 1 4 5 3 3 5 2 4 2 4 3 3 5 2 4 4 5 5 3 5 4 4 3 5 2 2 1 3 1 5 5 3 3 2 5 4 1 3 1 5 2 5 3 0 2 4 1 5 1 3 5 5 3 1 4 4 3 3 1 5 1 3 3 3 1 3 1 1 4 1 2 2 5 4 3 2 4 4 2 4 2 5 3 1 2 3 2 1 2 1 1 2
4 1 4 5 2 5 3 2 4 1 2 2 2 2 4 3 5 2 5 3 4 5 3 3 2 2 3 3 1 2 5 3 5 5 5 5 4 3 1 4 1 1 1 4 3 4 4 2 2 2 2 4 2 1 2 1 4 3 1 4 5 3 5 3 1 5 1 5 5 1 2 4 1 2 1 2 2 3 2 4 4 3 1 4 4 1 5 3 1 1 3 5 1 4 1 2 1 2 1 5 2 1 2 1 5 3 5 3 1 2 4 1 2 2 5 5 5 2 1 3 2 1 4 1 2 5 5 3 4 2 3 2 5 3 2 1 3 1 2 2 1 1 4 3 1 3 3 1 3 5 2 4 3 2 2 5 5 3 3 3 1 5 2 3 4 4 1 2 4 4 1 1 1 2 4 4 5 1 5 3 2 2 5 5 1 3 3 1 5 5 4 1 4 4 3 4 4 5 2 4 2 3 1 4 3 5 1 2 1 5 4 2 4 1 4 3 4 1 2 4 5 4 4 1 1 4 3 4 2 2 3 2 4 5 3 3 5 4 2 2 4 4 3 4 5 2 3 4 2 3 5 4 4 5 3 4 5 2 5 3 2 5 3 4 1 4 3 3 4 1 5 1 2 4 1 2 1 3 4 3 5 1 1 4 2 3 2 5 5 3 1 4 3 1 1 1 1 5 2 1 2 3 5 4 1 2 2 2 4 3 2 4 1 2 4 2 2 4 1 5 3 1 1 5 1 3 1 3 3 1 4 1 3 5 3 4 5 4 4 4 4 4 4 3 1 1 2 2 1 3 3 3 3 4 1 2 4 3 3 2 3 5 5 3 1 1 3 3 2 1 1 5 4 1 4 2 2 2 2 3 4 3 1 2 3 2 4 1 1 5 5 1 2 5 5 3 5 5 1 5 2 1 0 1 1 2 5 4 1 2 4 5 1 2 3 2 4 5 3 3 4 2 2 1 4 4 5 2 3 1 3 1 3 4 4 5 5 2 1 2 3 3 4 4 4 2 3 5 5 2
5 1 1 4 1 1 4 5 2 1 2 5 5 4 2 4 1 5 2 1 5 5 5 2 3 3 1 3 4 3 4 4 3 1 5 4 1 3 2 1 5 5 5 5 3 2 1 5 5 5 2 1 3 1 5 4 2 2 1 2 5 4 3 4 1 1 2 3 3 1 3 4 1 5 2 3 5 3 3 4 1 5 5 3 5 2 5 4 4 4 2 2 2 5 5 3 2 4 5 4 1 1 3 4 1 1 4 5 1 1 2 3 3 3 2 5 2 2 2 4 4 3 2 4 1 5 2 2 3 2 2 1 3 1 1 3 1 2 5 2 4 3 4 5 2 1 4 4 2 3 2 3 3 4 2 3 4 1 4 4 2 2 2 3 5 5 2 5 5 5 3 2 2 5 3 5 5 5 5 2 5 1 5 4 4 3 1 3 2 5 3 2 4 2 4 1 1 5 2 3 1 4 4 4 3 3 4 4 5 4 4 4 2 1 1 1 4 5 4 1 3 1 2 1 1 2 1 1 2 2 1 1 1 3 5 4 4 1 3 3 1 5 1 5 5 2 2 3 1 1 3 3 4 4 1 1 1 5 4 2 2 4 5 3 5 5 4 4 2 4 3 5 5 1 4 2 1 1 2 3 4 5 2 5 3 4 1 3 5 3 5 1 2 3 3 3 1 5 2 3 5 2 4 3 2 4 3 3 5 1 3 5 2 1 2 3 2 5 2 2 1 3 2 1 3 5 2 5 5 3 4 3 3 5 2 3 1 5 1 3 3 3 3 3 1 2 4 1 5 2 4 4 5 1 4 1 5 4 4 4 1 1 5 2 2 3 5 3 2 3 1 1 2 5 5 5 5 4 5 3 4 1 4 2 3 5 2 4 4 3 1 1 5 2 5 4 1 1 4 3 2 4 1 0 3 4 3 3 5 3 3 1 4 1 2 4 1 3 2 1 4 4 5 5 2 5 3 4 3 3 3 2 5 1 4 1 2 4 3 3 1 3 4 3 1 2 2 5 5 3
4 4 3 5 1 5 2 1 1 2 1 4 3 5 4 2 3 1 2 3 4 1 5 2 1 5 2 3 5 1 4 2 5 5 2 5 4 4 1 3 3 1 5 1 3 3 3 3 3 1 2 5 2 1 1 2 5 2 2 5 1 1 1 1 4 1 3 2 2 2 1 2 3 5 1 4 5 4 5 3 1 5 4 1 3 5 1 3 1 1 2 5 5 4 4 5 3 3 1 1 4 2 4 1 2 1 3 3 2 3 2 4 3 2 5 4 2 4 5 4 3 5 5 5 1 3 3 5 4 1 1 4 5 2 4 2 4 3 2 3 2 4 3 2 1 4 4 3 4 5 4 5 3 2 1 2 3 1 3 4 4 1 1 4 3 2 3 1 1 3 5 5 1 1 3 1 3 5 4 5 2 2 5 2 3 1 4 1 2 4 2 5 5 5 5 3 2 2 2 2 4 2 3 5 3 4 1 2 5 4 3 2 4 5 5 1 1 5 1 2 1 3 4 1 1 2 2 4 3 1 4 2 1 4 2 4 5 2 2 1 2 5 3 4 4 1 5 4 4 1 1 5 4 1 1 4 3 2 5 5 2 3 4 2 2 2 1 4 4 5 1 1 1 4 2 3 1 1 2 3 1 1 3 4 1 4 4 3 2 1 3 4 1 5 3 1 3 3 1 2 2 3 3 3 5 2 1 5 4 1 4 4 3 3 1 4 2 2 2 3 2 1 3 2 1 1 5 5 4 5 1 2 2 2 1 3 1 4 3 1 4 4 2 1 3 2 4 3 3 4 2 5 2 5 3 3 5 3 1 3 3 4 2 3 1 2 5 2 4 4 3 3 2 1 1 5 3 5 5 3 5 3 5 4 5 3 3 1 3 1 1 1 4 4 5 2 2 5 1 2 2 3 2 2 0 3 4 3 2 1 4 4 3 3 1 4 2 4 5 1 1 1 2 1 3 3 4 4 3 3 1 5 3 1 4 4 2 3 2 2 4 3 4 2 5 3 5 2 2 1
2 3 5 2 2 1 2 3 2 4 2 5 1 5 2 2 2 1 5 1 4 2 2 1 3 1 5 5 4 1 1 4 3 3 1 3 3 2 2 4 1 4 5 2 3 5 3 2 1 3 4 5 3 2 2 5 3 2 5 2 2 1 2 2 3 1 3 1 4 4 2 2 5 5 5 4 3 2 3 1 2 1 2 3 1 5 4 2 3 5 5 2 1 4 2 2 2 2 2 1 1 1 3 4 1 1 1 2 5 2 4 1 3 1 2 1 2 3 4 5 4 4 2 2 5 1 2 2 1 1 5 5 5 5 1 4 4 4 4 4 5 2 3 4 2 5 5 4 4 2 5 4 4 5 3 3 3 3 1 2 1 4 3 3 1 5 1 4 1 5 1 4 4 5 2 5 1 2 2 3 3 2 1 1 2 3 1 2 3 3 3 5 1 3 2 2 4 3 1 4 4 3 1 4 2 2 3 3 2 3 4 2 4 3 4 4 4 1 4 5 2 3 5 2 1 5 5 1 5 1 5 2 2 5 3 2 1 4 3 3 1 1 5 3 5 2 1 1 1 4 5 1 4 5 5 4 5 2 2 4 3 2 2 3 5 4 2 5 4 4 4 5 2 3 5 5 4 4 2 3 2 5 2 3 2 2 3 4 1 1 1 1 2 1 5 3 2 2 4 4 3 1 2 4 3 4 2 4 2 2 2 2 4 2 3 5 3 5 4 1 5 5 5 4 4 3 2 3 1 3 1 5 2 1 5 4 5 4 3 4 5 4 4 4 5 2 1 3 5 3 5 3 1 5 5 2 4 4 1 5 4 5 1 2 3 4 4 5 1 4 4 1 1 5 2 5 3 3 2 3 1 1 4 3 5 3 3 2 3 1 2 1 4 1 4 3 2 1 4 4 4 4 3 4 3 0 3 4 4 5 3 1 1 1 2 2 5 2 2 5 1 5 1 3 2 1 4 5 5 4 2 1 2 3 5 2 2 4 4 3 4 4 1 4 3 1 5 1 4 2
2 3 1 3 4 5 2 4 4 1 3 1 1 1 1 2 5 5 3 3 1 1 5 4 4 4 2 5 4 2 2 4 1 3 2 3 4 3 4 4 4 4 5 4 2 5 3 1 4 2 2 5 2 1 2 3 5 2 3 5 4 1 2 3 4 2 2 2 4 3 3 3 3 2 3 1 4 1 5 2 1 2 5 1 2 5 1 2 3 2 1 3 2 5 2 5 5 1 3 4 3 5 3 4 5 2 3 1 5 3 1 4 3 4 5 1 1 2 5 4 4 4 3 2 3 2 1 5 2 4 4 2 3 1 3 3 4 3 1 5 5 3 4 1 2 1 5 4 3 1 4 5 4 3 3 4 2 5 1 1 3 3 5 3 5 4 5 2 3 5 2 1 4 2 2 1 3 4 1 5 3 5 2 4 5 1 5 4 5 3 1 2 3 2 3 2 3 1 2 2 2 1 4 2 2 4 2 4 4 1 3 3 2 1 3 3 4 3 1 1 5 2 3 3 2 2 3 3 5 2 2 4 2 5 3 3 2 3 1 2 4 4 5 2 3 2 1 1 2 3 1 5 3 5 1 1 5 3 2 3 4 5 1 1 2 5 4 2 2 4 4 3 1 5 2 1 4 3 4 4 2 3 5 3 3 4 3 4 3 4 3 4 4 3 4 3 1 3 1 3 4 5 5 2 5 4 1 3 5 4 4 5 3 4 4 4 4 5 2 1 2 1 5 3 5 4 3 3 1 4 5 1 3 4 3 5 2 4 1 5 3 3 1 1 2 1 5 2 2 1 4 3 4 4 2 3 3 4 5 2 3 1 4 2 5 1 3 2 4 1 4 3 3 5 1 4 4 1 1 3 4 2 5 3 1 3 4 2 1 2 3 3 4 5 5 5 3 2 5 5 5 1 5 2 2 4 0 4 2 4 1 2 5 1 5 3 4 1 1 2 2 2 2 5 1 3 2 1 4 1 2 3 4 2 1 1 5 2 2 3 1 3 3 4 4 1 4 4 4 1
1 1 5 4 3 3 1 5 4 1 4 2 1 1 1 1 3 1 2 2 2 2 4 4 4 3 1 5 4 2 2 1 4 5 1 3 2 4 3 4 2 3 4 1 4 2 5 1 4 5 4 4 1 1 2 3 1 1 2 2 4 5 5 3 1 3 2 3 2 2 3 2 5 1 1 2 2 3 4 1 1 2 1 2 4 2 1 5 2 1 2 1 1 3 3 1 4 5 1 2 3 1 2 5 4 2 2 3 2 1 2 4 4 1 3 4 3 1 3 5 4 1 4 1 4 2 1 2 1 2 5 1 3 4 3 4 3 4 2 3 1 2 4 1 2 4 3 4 1 5 4 2 5 3 4 5 1 3 1 3 2 4 1 1 1 3 2 3 1 2 4 5 2 5 4 4 4 3 3 4 4 2 4 5 1 5 3 1 4 2 1 4 5 4 4 1 4 5 4 5 4 3 1 4 3 2 1 4 5 2 1 4 2 4 3 2 4 4 5 2 4 4 2 4 2 1 3 3 2 5 3 1 5 5 4 4 5 2 5 3 5 4 4 5 4 1 4 1 1 3 2 1 5 1 1 4 4 3 1 2 5 2 5 1 3 4 2 4 1 2 3 1 3 4 3 1 5 2 3 1 4 3 4 5 4 1 4 2 1 4 5 2 5 4 4 3 3 3 5 3 4 4 1 1 4 2 2 4 5 3 1 1 2 3 2 1 1 2 5 3 4 3 3 5 3 2 2 4 4 4 5 2 4 4 1 1 5 2 1 1 3 2 3 1 3 3 1 4 2 4 5 3 3 4 1 4 4 1 2 3 2 5 4 2 2 4 3 1 2 3 4 1 3 2 3 3 1 2 5 5 2 4 4 5 1 4 4 2 3 2 4 5 4 2 4 1 3 2 3 5 2 4 3 5 3 4 1 0 2 2 5 2 1 1 3 2 3 4 3 2 5 1 5 3 1 3 2 3 3 1 2 3 3 2 1 4 4 2 2 5 3 5 2 1 4 1 4 3 5 5
4 3 5 5 1 1 5 1 1 1 3 5 2 1 1 2 1 3 2 3 4 3 2 2 1 4 1 4 5 2 5 5 5 4 1 5 1 2 4 4 5 3 2 4 3 3 1 4 5 2 2 3 3 1 5 5 2 5 2 1 2 1 3 5 3 5 5 3 1 3 1 4 2 2 3 4 2 5 4 4 2 4 2 1 2 4 3 2 4 2 3 3 1 4 5 1 2 2 1 5 3 2 2 5 5 2 2 1 4 4 2 5 3 3 4 3 2 4 5 4 3 3 1 2 5 5 5 3 3 3 4 1 2 1 1 3 4 4 5 3 3 4 4 2 4 4 1 2 1 2 5 5 1 5 1 1 4 2 2 4 3 4 5 4 1 1 2 1 5 2 3 2 3 3 5 5 1 4 5 5 2 2 4 3 1 3 4 3 4 2 3 4 3 3 2 2 3 2 4 4 5 4 4 1 4 1 1 4 4 4 4 3 3 2 3 5 1 2 3 3 3 2 2 5 1 1 5 1 3 3 3 3 2 1 5 2 3 3 1 5 2 4 5 2 1 1 3 1 4 1 5 4 1 2 3 5 3 2 5 2 1 1 2 3 3 5 3 3 2 3 4 4 3 1 1 5 4 2 4 3 2 1 1 4 2 4 5 5 1 1 1 1 4 5 2 5 4 2 3 1 5 5 4 5 4 2 4 1 4 2 1 5 2 1 3 5 5 2 3 3 2 1 4 4 5 1 3 1 4 1 5 2 2 3 2 4 3 5 4 5 1 3 2 4 1 3 1 2 2 5 4 2 4 5 5 1 2 1 5 3 3 2 4 2 3 3 2 4 1 4 3 2 4 2 5 3 2 4 4 2 5 1 4 2 3 1 2 5 3 5 2 4 1 1 5 5 3 1 4 3 2 5 1 5 1 3 5 2 0 3 3 2 4 2 4 2 5 1 4 3 3 4 2 3 1 5 2 2 2 2 3 5 3 1 5 2 4 1 3 4 2 4 3 1 4 1 5 3 4 5
1 5 1 2 5 1 2 1 5 5 3 2 2 5 4 2 5 3 2 2 3 2 1 2 3 2 5 1 5 1 4 1 5 5 5 4 5 4 1 5 5 1 3 5 1 1 4 2 2 1 5 5 2 3 1 2 3 2 5 5 2 2 5 1 3 3 5 2 5 1 4 3 1 3 1 5 2 5 3 1 3 5 5 4 1 4 1 4 1 2 4 2 4 2 1 4 1 4 2 2 4 5 1 4 3 4 4 3 4 1 3 5 5 2 4 2 5 3 2 3 1 1 2 4 3 1 4 5 3 4 1 5 1 2 4 3 3 2 5 2 1 1 2 5 1 5 4 2 5 4 5 5 4 5 3 4 4 2 2 1 4 3 3 5 3 2 5 5 2 2 4 4 5 2 2 5 1 1 4 4 5 1 4 1 3 2 4 1 4 3 3 2 1 5 5 2 5 3 1 1 1 2 3 3 2 1 2 1 2 1 4 2 1 5 4 4 2 1 2 2 4 3 4 1 1 5 3 1 5 1 1 4 2 2 1 1 4 4 2 4 2 4 4 3 4 3 2 2 3 2 4 5 4 2 5 5 4 4 4 1 5 4 5 4 5 5 5 1 2 5 2 4 4 1 2 4 3 4 4 3 5 1 3 5 3 3 2 4 4 5 3 3 1 3 2 1 1 3 5 3 1 4 3 2 1 4 3 3 3 1 2 2 5 3 1 2 1 1 4 1 1 4 5 5 1 2 3 4 4 3 3 5 2 1 4 4 3 5 5 4 2 3 3 1 2 4 5 3 5 4 3 4 1 4 2 3 2 2 2 5 4 2 5 2 2 2 3 1 2 2 4 4 3 3 5 2 1 4 3 5 2 4 2 5 1 2 5 5 1 2 3 3 4 2 3 4 5 1 3 1 5 5 3 3 2 3 4 1 2 0 4 3 2 5 5 1 1 3 3 5 2 4 3 4 4 2 2 1 1 5 2 1 4 2 2 4 3 5 1 5 3 5 3 1 2 4 4 2 1 5
5 2 1 2 3 3 3 5 2 2 1 1 3 3 2 2 4 2 2 5 5 4 4 5 3 2 3 5 1 4 1 4 4 5 3 5 3 5 4 2 2 4 2 3 2 1 5 5 3 4 1 4 3 2 5 3 4 2 3 1 5 1 3 4 1 1 1 2 2 1 2 4 5 2 4 4 1 4 3 1 4 1 4 1 4 4 4 2 3 3 3 2 2 2 2 1 3 5 1 5 1 2 3 2 3 2 2 5 5 4 4 1 4 4 5 1 3 2 5 3 3 3 2 2 3 5 3 4 3 2 5 5 3 2 4 3 1 5 4 4 2 4 5 3 4 2 5 4 1 5 1 3 1 2 1 5 4 3 3 1 2 2 1 4 2 4 1 4 1 5 4 5 3 1 3 4 2 5 1 5 4 2 3 4 2 1 1 3 3 4 2 3 3 3 1 1 5 5 2 2 1 3 3 2 3 4 3 4 3 3 3 4 1 3 1 1 4 1 2 3 2 2 1 4 3 4 3 4 4 2 5 5 1 1 1 1 2 1 2 2 1 2 1 3 4 4 2 5 2 4 3 3 4 1 4 1 5 3 1 2 4 2 4 4 4 1 1 2 4 5 5 4 4 5 3 5 2 2 4 3 3 1 1 1 2 4 1 5 5 4 2 3 5 2 5 5 2 1 3 3 1 1 3 4 4 3 1 1 4 5 3 3 4 3 3 2 5 1 2 3 2 3 1 1 4 2 1 5 4 2 1 5 1 3 1 5 5 5 5 3 4 3 2 5 4 5 2 2 4 2 1 2 2 2 4 4 3 5 5 3 3 3 2 5 3 2 3 3 3 4 2 3 1 2 5 4 5 2 2 2 2 2 2 2 5 5 4 4 2 2 1 4 2 2 5 3 1 3 3 1 2 1 5 1 3 2 1 2 1 1 0 3 5 1 2 3 2 1 1 2 5 3 1 2 2 3 1 1 2 1 4 3 1 2 3 2 5 5 1 3 5 5 3 2 3 5 3 1 5 2
1 1 1 3 4 1 4 1 2 5 4 1 3 3 4 3 2 1 2 3 2 3 1 4 3 1 5 2 2 1 3 1 2 3 2 3 2 2 2 4 1 4 1 5 3 5 4 2 2 1 2 5 4 2 4 2 1 4 2 3 3 5 4 4 5 5 4 2 3 3 3 3 2 3 2 3 5 3 2 1 5 1 4 2 4 1 1 1 4 4 2 2 3 4 5 5 4 3 3 5 4 2 4 1 1 2 2 4 5 3 1 1 2 4 2 2 1 2 3 5 3 2 1 4 5 3 5 2 3 1 3 5 2 2 4 3 2 2 5 4 3 3 3 1 3 2 4 5 3 5 1 5 1 3 1 1 1 3 3 4 3 3 3 3 1 4 5 2 4 2 5 5 4 5 4 1 2 4 4 2 3 3 5 5 3 5 2 2 3 4 3 5 5 2 2 2 3 2 5 1 3 5 1 5 2 4 4 4 2 2 1 2 3 3 2 3 4 1 3 4 3 1 3 5 4 4 1 1 4 4 3 2 5 3 2 2 2 4 3 1 5 2 4 1 5 1 3 5 1 4 1 5 1 4 3 1 2 3 1 5 4 4 3 1 1 1 5 2 3 3 4 5 2 4 4 4 3 5 1 3 4 1 5 1 3 5 1 2 5 1 4 1 4 2 4 3 3 1 4 1 4 5 5 1 5 2 4 1 1 2 1 3 4 3 2 5 4 2 4 5 3 4 5 4 2 2 2 4 5 1 3 4 5 3 2 5 2 4 5 1 5 5 2 2 3 5 1 2 1 4 1 4 5 4 5 1 5 4 5 1 2 2 2 2 5 3 1 4 1 2 5 2 4 2 1 3 2 3 2 4 5 3 5 4 1 2 2 3 1 3 1 2 4 2 4 2 2 2 4 3 4 4 2 3 2 3 4 4 3 5 5 0 5 4 2 2 1 3 3 1 1 1 4 3 1 3 1 3 1 2 2 5 3 2 4 2 1 3 2 5 2 2 1 1 4 5 5 4 1 3
3 1 2 1 2 1 4 3 5 2 2 5 2 1 1 2 1 2 1 2 1 4 5 3 4 4 2 3 2 3 2 5 5 1 2 5 5 1 3 3 4 4 1 5 1 5 3 3 5 5 2 1 3 3 2 3 5 3 1 5 1 1 3 5 3 2 2 5 5 4 3 2 3 1 2 5 5 3 3 2 1 5 4 3 1 2 2 4 1 4 4 5 2 4 2 3 4 1 5 1 4 2 3 3 5 3 2 1 2 2 1 5 4 1 4 4 5 2 2 3 3 2 5 5 3 4 3 4 3 1 1 1 2 1 4 3 3 1 5 1 2 2 4 3 4 4 4 5 2 3 4 3 3 3 2 4 3 3 2 4 1 2 3 3 5 5 3 5 3 5 2 5 2 4 3 1 1 4 4 1 3 2 2 3 4 2 3 5 4 2 3 2 5 3 5 4 1 2 2 5 1 5 3 2 1 3 4 4 2 2 2 5 4 4 2 2 5 5 1 5 5 4 4 2 1 1 3 3 4 2 2 1 4 2 3 1 1 5 2 5 1 3 4 2 1 2 5 4 4 4 4 3 4 4 1 2 5 5 3 4 4 3 2 5 4 4 1 4 1 4 5 1 3 4 3 3 2 2 1 4 5 2 2 5 1 3 5 3 1 4 3 5 2 4 5 2 3 1 2 2 1 5 1 5 1 3 4 4 4 5 2 3 1 4 1 3 4 3 5 3 4 5 1 4 2 5 1 1 5 2 2 3 1 2 4 5 5 2 4 3 1 3 4 1 4 1 4 2 5 3 4 5 2 4 3 3 4 5 5 2 1 1 5 3 4 1 2 2 2 1 4 5 5 1 4 3 5 2 3 2 1 3 2 1 1 4 4 2 2 2 3 5 4 5 4 5 5 3 5 5 3 1 1 1 4 4 1 1 3 3 3 2 0 1 1 3 3 4 1 4 1 4 1 1 4 4 2 4 5 2 1 5 4 4 3 4 2 5 3 3 3 1 4 2 2 5 1 5 1 5
5 4 5 5 1 1 2 3 1 3 2 5 2 3 3 3 3 3 2 3 3 3 5 3 4 2 1 4 3 3 1 3 1 3 2 5 4 3 5 4 2 1 3 3 5 3 5 1 3 4 3 3 3 1 4 1 1 5 5 3 1 3 3 3 5 5 3 4 4 1 2 2 3 2 2 5 2 5 5 4 2 4 2 4 1 5 3 4 1 4 2 1 3 3 2 1 5 3 3 1 3 2 3 2 2 1 1 5 2 4 3 3 5 1 5 1 2 4 3 2 1 3 2 4 1 4 4 4 2 3 4 3 4 5 1 1 4 2 5 2 4 1 3 4 1 5 4 5 3 1 2 1 4 1 2 5 2 3 3 2 2 1 3 4 1 1 3 1 2 1 3 4 2 2 1 5 2 1 1 1 2 2 2 4 3 1 5 2 1 2 1 4 4 5 1 1 3 3 5 3 2 3 2 4 1 4 2 2 4 1 3 5 3 1 2 5 1 5 2 1 3 3 4 1 3 2 3 4 3 5 1 1 4 4 5 4 1 2 5 1 2 2 3 4 5 3 3 2 4 3 1 2 4 4 1 1 5 4 4 2 5 3 1 1 3 1 1 2 3 2 5 1 4 3 1 2 1 5 4 2 2 2 1 3 4 1 3 1 4 1 1 4 5 5 1 3 4 5 1 2 4 2 3 5 5 4 5 1 5 1 3 1 5 3 2 5 5 3 3 3 3 4 3 3 5 3 2 1 3 5 5 3 5 1 3 4 1 2 5 2 2 4 2 4 2 2 3 4 2 5 2 4 3 1 2 1 2 5 5 5 4 4 2 4 2 1 2 5 4 4 3 5 2 2 4 2 4 4 4 2 5 1 3 4 2 1 5 5 3 2 4 4 1 3 4 1 5 5 5 2 1 1 1 4 4 2 2 2 5 4 1 4 4 0 1 3 5 2 5 5 3 4 1 2 5 4 3 5 3 3 5 4 1 1 1 2 3 3 1 3 1 3 3 1 3 4 3 3 5 4
3 5 2 4 4 4 5 5 1 1 1 3 5 3 4 3 1 3 4 1 1 3 3 2 2 4 4 2 2 4 3 1 5 3 2 5 2 3 2 2 5 5 2 3 4 5 1 1 3 4 1 4 2 5 2 2 2 1 3 4 4 5 5 2 3 2 4 1 5 1 1 4 3 5 2 3 1 2 2 2 2 2 1 3 1 1 3 4 1 2 3 1 4 4 5 5 4 2 4 4 3 1 1 4 5 1 2 4 5 4 2 1 5 2 3 1 2 4 4 3 1 2 5 5 3 5 3 2 1 4 1 1 5 2 3 4 3 1 4 3 5 4 2 4 4 4 3 1 2 1 5 2 4 3 3 2 5 5 4 3 4 1 1 1 1 4 1 1 4 2 2 4 4 3 1 5 1 1 2 3 4 3 3 5 2 5 3 1 1 4 1 5 2 3 5 2 4 5 1 2 5 3 4 5 1 2 2 3 2 1 4 5 4 3 3 5 4 5 4 1 5 2 2 2 5 4 4 3 4 4 2 3 3 5 2 1 2 2 3 1 1 4 4 4 1 3 3 1 3 4 3 4 5 2 1 5 4 5 2 4 5 3 2 1 1 1 1 3 1 2 3 4 4 4 5 1 2 2 3 2 2 1 3 4 3 4 3 4 4 1 2 5 4 4 2 5 2 4 1 4 1 5 3 2 4 2 1 2 2 1 4 3 5 2 3 5 2 4 3 4 2 3 1 2 5 2 3 3 4 1 2 2 4 3 5 3 2 4 1 5 2 4 3 4 5 3 4 2 4 4 5 4 1 1 2 2 1 2 2 2 1 4 1 4 1 1 2 1 2 3 3 1 1 2 2 1 5 2 3 4 1 2 2 3 1 1 4 4 1 5 4 5 1 3 5 1 5 2 5 1 3 3 2 5 2 1 1 4 2 3 5 1 1 3 0 2 3 2 4 4 3 5 5 3 1 3 3 3 4 4 4 5 4 2 2 3 3 1 3 1 4 5 2 2 5 5 4 5 3 5
4 1 5 4 3 1 4 4 5 2 4 5 5 5 4 2 3 3 2 5 2 5 3 4 2 3 1 4 3 1 3 1 1 4 2 5 2 3 3 3 3 2 5 1 2 1 4 1 4 4 4 4 2 3 2 2 5 1 3 1 2 4 3 1 5 3 3 4 5 2 2 1 3 1 3 4 2 5 4 3 1 3 2 1 1 2 5 1 2 5 2 5 3 3 4 3 1 1 3 3 1 4 1 3 2 4 3 3 5 2 1 1 1 4 4 4 2 4 3 2 2 5 2 1 4 4 1 2 5 4 2 3 2 1 1 3 1 4 5 4 3 1 5 5 3 1 1 2 5 5 1 5 4 5 3 4 2 1 1 2 1 4 5 2 2 4 1 4 3 2 2 5 4 2 2 1 1 2 2 5 4 4 4 1 4 2 3 3 5 4 4 4 1 5 1 2 2 2 2 1 5 2 3 2 4 1 1 2 4 3 2 1 4 1 4 1 3 1 5 5 3 3 2 1 3 3 1 2 2 3 2 5 4 1 2 2 5 3 4 1 3 1 1 1 4 1 4 2 1 5 1 3 2 3 1 2 5 3 3 5 4 1 2 1 1 4 3 1 4 3 5 2 1 4 3 2 4 4 1 1 2 3 2 5 2 2 2 1 1 2 2 4 3 1 2 1 2 2 2 4 5 3 5 2 2 4 5 4 1 1 4 5 3 2 3 5 1 5 2 3 5 2 1 2 5 2 4 1 2 1 1 1 2 2 1 2 4 3 5 5 4 4 3 4 2 3 5 5 4 5 5 2 4 4 4 2 2 3 3 5 1 5 3 4 2 3 2 1 4 1 1 2 4 3 5 2 3 2 5 3 1 2 3 3 4 3 5 2 3 2 2 2 2 3 4 4 1 1 2 5 3 5 1 5 1 5 3 3 2 3 5 4 3 4 1 0 3 5 3 5 4 2 4 5 2 4 3 1 3 5 3 2 3 3 1 1 1 1 2 2 5 2 2 1 3 5 4 3 4 2
1 3 1 1 4 1 2 3 1 1 4 3 1 2 1 2 1 3 1 3 5 2 2 5 1 5 3 2 2 5 4 3 2 2 3 2 4 2 5 3 4 3 2 5 2 5 4 1 1 3 3 4 4 3 3 2 1 4 5 4 3 3 2 1 4 4 1 2 3 2 1 1 1 3 4 1 3 4 5 2 1 2 2 2 3 2 1 5 2 5 2 3 3 1 4 4 4 2 5 2 3 5 3 2 1 3 3 4 2 2 3 1 1 3 5 1 2 2 2 4 4 3 5 2 2 2 5 3 4 4 2 1 5 2 2 1 2 4 3 2 3 3 1 3 4 1 1 5 5 4 4 2 3 2 3 5 4 3 4 4 3 4 2 2 5 3 1 2 1 3 5 4 1 5 1 3 2 3 5 4 5 5 1 4 2 3 1 4 2 2 4 3 1 1 3 2 3 2 3 2 1 1 3 1 3 5 1 3 2 4 2 5 1 3 1 2 4 5 1 5 3 2 4 3 3 4 3 4 2 3 1 4 1 2 4 1 3 2 5 1 2 4 4 3 3 2 4 3 4 2 1 5 1 3 3 4 5 1 3 3 3 5 5 3 4 3 1 2 2 3 3 3 4 2 5 1 4 2 1 4 2 3 5 3 4 5 2 3 4 5 5 3 1 3 3 5 1 2 2 1 5 4 3 3 4 2 1 3 1 4 2 2 4 3 4 5 4 5 3 3 2 4 1 3 1 5 3 3 5 3 5 5 1 4 5 1 2 2 3 4 1 3 3 4 1 4 3 4 5 5 3 2 5 2 1 3 3 2 1 2 4 4 2 1 2 4 4 5 3 4 3 4 3 3 3 5 2 5 1 5 3 2 4 1 5 3 5 4 1 4 1 3 3 3 4 3 5 4 1 3 3 1 5 1 4 4 4 1 5 1 3 3 3 3 3 1 0 3 1 2 5 5 4 5 3 1 2 2 5 3 4 2 2 3 5 3 1 4 4 4 4 1 3 5 1 5 2 4 1 2
3 1 3 4 5 1 3 1 2 1 5 5 2 5 2 2 3 2 5 1 4 1 2 3 1 4 1 1 5 1 5 1 3 5 5 2 5 2 2 5 5 1 2 2 5 4 3 2 2 4 1 2 4 5 5 1 5 4 4 2 4 5 1 4 4 4 2 5 5 1 5 2 4 5 2 1 3 3 3 5 1 3 4 4 1 5 3 4 2 4 1 3 4 3 5 2 4 2 1 5 3 3 2 5 2 1 2 5 2 4 3 3 3 1 5 5 4 3 5 1 4 1 3 4 3 4 2 5 2 3 3 4 3 4 1 5 2 5 1 1 1 4 1 4 1 5 2 2 5 5 1 5 1 4 3 5 4 4 2 3 3 5 2 2 4 2 1 3 2 5 3 2 5 4 1 2 2 2 4 2 1 3 5 2 1 1 1 5 2 1 2 5 5 4 5 2 3 3 3 2 4 3 2 1 1 2 3 3 2 5 1 1 1 2 1 5 4 4 2 5 2 4 4 4 2 2 4 4 3 2 1 2 3 3 1 1 3 5 3 4 2 2 1 5 5 4 5 3 1 5 5 5 2 3 5 1 4 4 2 1 2 2 1 5 3 4 4 5 2 2 3 2 3 5 4 1 3 5 3 1 1 5 1 4 3 4 3 2 4 2 1 1 2 1 5 4 3 3 1 4 5 5 1 2 5 2 4 3 1 4 3 4 1 3 4 5 2 4 2 5 5 2 3 2 1 2 2 4 1 1 1 2 2 2 3 3 5 1 3 4 3 2 1 1 4 5 1 3 4 3 2 3 5 5 1 4 5 1 4 5 3 1 1 2 3 4 5 4 3 4 4 3 3 5 2 2 5 1 3 1 1 4 4 4 4 5 2 5 3 2 2 4 3 3 5 5 2 1 2 1 1 5 4 4 3 3 5 4 2 4 2 5 3 4 2 1 4 0 3 4 1 5 4 5 4 2 2 2 3 2 4 3 4 4 5 3 4 5 3 4 4 2 5 4 5 4 4 3 3 3
1 4 4 3 2 1 3 2 5 4 1 2 3 1 1 1 4 1 2 5 3 4 3 4 4 5 1 5 3 4 2 1 2 5 4 2 2 4 4 3 1 5 5 1 3 3 5 4 5 5 2 5 2 5 2 1 1 2 5 5 1 4 4 3 4 5 1 4 4 2 1 1 2 1 5 1 2 2 1 4 3 1 1 1 3 3 2 1 2 5 4 4 1 5 1 3 2 5 4 2 1 3 3 3 3 1 3 5 1 4 2 5 2 2 5 1 5 3 1 3 4 4 1 3 4 4 4 2 4 1 3 3 3 1 5 4 2 3 4 2 1 1 4 4 4 3 5 3 3 2 3 5 4 1 4 4 2 4 2 1 5 1 2 1 3 5 2 5 2 2 4 1 3 1 2 2 4 5 3 3 3 3 1 1 4 1 2 4 1 4 3 2 3 4 2 2 4 3 2 2 4 5 4 4 1 4 1 2 4 5 4 4 3 5 3 5 1 5 4 1 1 3 4 5 2 4 4 1 5 5 1 2 3 1 5 1 2 4 3 1 4 2 2 1 2 1 2 2 3 3 4 3 4 4 5 5 2 1 3 5 5 1 5 3 3 3 4 3 5 3 4 1 3 5 5 1 4 5 1 1 1 2 3 4 2 3 4 4 3 1 3 3 3 5 3 5 4 1 2 2 2 5 5 1 1 3 4 2 1 1 4 4 1 4 1 3 5 1 5 5 4 5 2 4 2 3 5 2 5 3 4 5 1 5 4 3 1 1 1 2 4 3 1 4 1 3 4 3 5 2 4 5 2 2 5 4 2 1 3 5 1 4 5 1 5 3 2 3 4 4 5 5 5 2 5 2 1 3 2 3 4 1 4 5 3 5 3 1 4 2 5 1 1 1 5 4 5 2 3 5 4 4 2 2 3 5 4 4 5 2 1 4 2 5 3 3 1 5 0 1 5 5 3 4 5 1 2 5 5 5 1 1 4 3 3 2 2 4 1 3 2 3 1 4 3 2 2 4 2 5
5 4 4 2 1 1 5 4 5 1 4 5 3 3 3 1 3 3 3 4 4 2 5 1 4 4 3 5 4 3 2 1 4 3 5 2 1 2 3 2 4 1 5 4 5 1 4 4 1 3 3 5 4 5 5 1 3 5 1 2 5 1 1 4 4 3 3 1 2 5 4 4 2 4 1 2 5 1 3 1 1 3 1 2 2 1 3 4 1 4 4 2 5 5 3 3 2 5 3 2 2 1 1 5 5 1 4 1 1 4 3 4 4 5 1 5 3 4 5 3 2 5 1 3 5 4 4 2 3 2 4 4 3 2 5 4 4 3 2 5 1 2 5 2 2 2 2 1 1 5 2 5 2 5 5 2 4 4 4 4 3 2 5 3 3 2 4 2 1 1 4 5 2 4 1 3 4 4 5 1 3 2 2 2 2 5 2 5 3 2 3 1 2 2 2 3 1 4 3 4 4 4 3 1 2 4 3 4 3 1 2 1 3 2 2 1 5 1 4 5 3 1 4 5 4 3 2 4 4 2 2 4 5 4 2 2 1 4 5 2 3 3 4 1 1 1 4 1 3 3 1 1 3 3 1 3 1 3 1 2 1 5 5 2 5 1 1 5 1 2 1 3 4 4 4 4 4 4 4 4 3 3 1 1 1 4 4 2 1 3 2 5 5 2 3 2 4 4 1 4 3 1 4 2 2 2 1 5 4 3 2 2 5 3 2 2 3 4 1 4 4 3 1 2 5 5 5 3 1 2 1 4 5 5 5 3 5 3 4 4 3 4 4 4 1 1 5 3 1 4 5 4 1 3 3 1 3 5 4 3 4 3 5 3 5 4 4 4 3 4 1 3 3 3 4 4 1 3 5 4 4 4 1 4 3 5 2 3 5 3 4 1 4 5 5 4 5 4 1 1 4 1 1 4 3 4 1 3 3 5 3 1 2 2 1 4 3 2 3 0 1 3 4 5 2 2 2 3 4 2 1 5 2 4 2 3 2 2 4 4 5 5 5 1 4 2 3 3 1 3
1 3 2 1 4 1 4 3 1 3 1 3 1 1 2 2 1 3 1 2 5 1 1 2 2 4 4 5 5 1 5 4 1 4 1 5 4 3 1 5 4 1 5 3 5 2 1 4 3 3 1 2 2 3 3 3 5 2 4 3 2 3 3 4 4 1 5 2 5 4 3 4 5 3 2 2 2 5 4 4 5 5 4 3 5 4 1 4 4 5 5 1 2 2 5 1 5 2 4 1 3 4 1 2 4 2 4 5 3 2 3 5 1 4 1 2 5 3 4 4 1 1 4 4 5 2 2 2 2 2 5 2 4 5 1 5 4 3 4 3 2 4 2 2 4 4 3 2 2 3 5 1 1 5 3 3 1 1 3 2 4 3 3 2 4 4 2 2 5 1 5 4 2 2 5 1 2 3 4 4 1 1 1 4 5 1 2 1 2 3 1 1 5 1 4 3 4 3 3 2 5 1 2 5 3 4 4 3 4 2 1 5 2 1 5 5 3 2 3 3 2 3 2 5 3 2 3 4 5 3 4 2 2 2 4 3 3 5 5 1 5 2 5 1 1 3 3 2 1 3 2 4 2 3 1 3 4 1 5 4 1 1 1 5 1 2 3 2 4 5 5 4 1 2 1 5 2 5 4 4 2 1 1 1 4 1 5 3 5 3 5 3 1 1 5 2 4 3 1 3 1 4 5 3 3 1 2 1 2 5 1 1 4 1 4 3 3 5 1 5 5 1 5 2 2 3 2 1 3 3 5 5 2 3 3 3 2 3 3 3 5 4 4 1 2 5 1 2 4 2 5 4 5 1 1 3 4 4 1 5 3 5 3 1 4 1 5 3 1 2 4 4 3 1 5 3 4 5 2 5 5 1 4 3 4 2 3 1 5 5 5 3 2 2 1 5 4 2 1 3 2 4 3 4 2 1 2 4 5 1 2 2 1 3 5 2 3 3 2 1 0 4 2 3 1 4 3 4 4 4 5 1 4 3 2 1 3 3 1 1 4 4 4 5 5 1 2 3 4 5
1 1 2 3 3 4 3 1 3 2 3 2 2 4 1 4 5 2 3 1 2 4 4 3 1 4 5 4 3 5 5 1 4 5 1 1 5 4 1 2 1 4 3 3 3 1 5 2 4 2 4 2 4 2 3 2 4 2 5 4 5 4 1 5 4 4 5 3 1 4 4 4 1 4 5 3 5 1 5 4 4 3 4 1 2 1 1 4 3 3 1 1 2 1 2 5 3 5 3 2 1 4 4 4 2 4 1 5 3 4 1 4 5 2 2 4 1 2 1 5 1 5 1 3 3 2 3 1 2 5 1 2 5 2 5 1 2 1 1 5 3 4 4 4 3 2 1 4 5 3 2 4 1 2 1 2 5 3 1 1 2 5 5 2 2 1 1 2 1 4 3 2 3 1 4 3 5 2 3 5 3 1 4 2 1 5 1 5 3 3 3 5 1 5 1 1 3 4 3 1 5 1 3 5 1 2 1 1 3 4 3 5 1 2 4 4 5 3 5 4 1 4 3 3 5 1 2 2 5 1 4 2 5 2 4 3 5 2 2 4 5 5 3 5 4 3 3 5 5 4 4 2 3 2 1 5 3 4 5 3 2 5 4 1 5 3 1 2 5 2 4 3 4 4 3 2 2 2 2 2 3 4 3 1 1 5 1 2 1 2 2 2 2 3 4 3 1 3 4 3 2 2 1 3 5 1 4 1 5 2 4 2 2 3 2 3 5 5 5 4 2 5 5 1 4 3 4 2 1 3 5 4 1 5 5 3 2 4 5 4 3 3 2 4 1 4 3 3 1 1 1 3 3 3 5 3 4 2 5 2 1 5 4 5 5 3 3 5 1 1 4 3 5 1 2 1 2 2 3 1 2 1 5 5 3 4 5 3 2 3 1 4 4 1 5 1 5 4 5 5 5 4 2 4 3 3 3 4 1 4 4 5 2 5 3 2 3 2 5 3 2 0 1 4 4 3 1 4 5 5 5 5 1 2 4 5 5 1 2 3 3 3 5 2 3 2 5 3 2 1
3 3 3 2 2 3 1 4 5 5 1 3 2 3 1 2 1 2 1 5 3 3 2 4 2 2 2 4 1 2 5 1 3 3 1 2 3 4 2 3 4 1 4 5 3 3 3 4 2 3 4 3 3 5 2 4 4 5 5 3 1 4 2 1 4 5 5 2 4 4 1 5 2 1 2 3 4 3 5 4 4 3 2 2 4 4 5 4 1 4 1 5 3 4 3 3 3 3 2 1 4 2 4 5 2 4 3 2 5 2 3 2 3 3 2 4 4 4 3 1 4 2 2 1 3 2 5 1 4 2 4 5 3 2 4 1 2 3 2 1 5 3 2 4 3 5 2 4 1 3 2 3 3 1 2 3 1 4 2 1 2 5 1 5 5 2 1 5 5 5 3 3 4 1 1 3 4 4 1 4 3 2 2 1 5 1 3 2 5 3 1 2 4 1 3 4 3 3 1 4 3 4 3 4 4 2 2 2 1 2 2 1 2 3 3 4 2 1 2 2 2 1 5 3 5 3 1 2 4 3 1 4 5 3 1 4 4 2 5 2 3 1 3 1 1 3 3 4 5 4 2 1 3 1 1 1 4 2 4 5 3 5 5 3 1 2 3 4 3 4 1 1 1 4 5 2 5 4 1 4 3 3 2 5 1 4 5 1 3 4 5 5 3 4 2 4 4 2 2 2 3 3 2 2 2 2 2 1 3 4 1 1 2 3 4 1 2 2 4 2 5 2 2 5 2 5 4 2 3 3 5 3 5 4 2 1 1 4 4 5 4 2 3 2 3 4 2 1 3 1 2 2 4 2 2 4 1 5 5 2 2 3 5 5 3 2 2 5 3 4 3 1 5 4 3 1 4 1 3 1 5 2 1 2 1 3 1 1 3 3 2 1 2 4 3 1 1 2 4 3 2 3 5 2 4 3 4 4 2 2 4 4 3 4 3 2 1 1 1 3 2 1 0 1 1 3 5 1 1 2 3 4 3 2 3 3 5 1 3 1 4 1 3 5 4 5 5 4 4 5
5 5 4 4 1 3 1 3 2 5 1 1 4 4 4 1 2 4 3 3 3 4 4 3 4 3 4 1 3 4 5 4 2 4 2 5 2 4 3 5 1 5 1 5 2 5 1 4 1 1 1 4 3 5 3 3 4 5 5 2 4 3 3 5 3 1 4 4 2 3 3 4 4 4 3 4 2 3 1 4 4 2 3 3 2 4 3 5 3 3 5 1 1 3 4 3 2 4 4 4 4 3 1 2 2 2 1 1 3 4 1 4 4 5 4 1 4 3 1 3 4 4 4 1 3 2 2 5 1 2 3 5 1 4 1 5 3 3 2 3 1 1 2 3 2 3 3 2 1 4 1 5 5 4 1 4 1 1 4 1 2 4 5 3 1 4 2 4 1 2 5 4 5 1 1 4 5 1 5 2 1 4 4 2 5 2 5 5 5 3 5 5 5 5 1 3 2 3 5 4 2 2 4 2 2 4 3 4 5 5 4 1 2 3 4 5 2 4 2 2 3 4 5 1 4 5 2 1 5 5 1 4 1 4 5 4 5 4 1 1 3 5 2 4 1 4 3 3 4 3 4 5 4 4 3 4 5 3 2 4 2 1 2 1 3 1 1 3 4 5 1 4 5 1 1 3 3 5 1 2 3 4 3 5 2 4 5 5 2 5 4 5 1 3 2 2 2 3 2 2 4 4 3 3 4 4 3 4 3 3 5 3 3 1 4 4 1 3 5 3 3 5 5 4 5 2 1 5 5 5 4 3 5 5 2 5 4 5 3 2 2 4 2 5 1 5 3 1 1 1 2 4 2 2 3 3 3 3 1 1 5 1 2 5 3 1 3 3 1 2 1 5 4 3 1 1 5 2 1 5 3 4 1 5 5 1 1 4 5 1 3 1 2 3 2 1 4 5 3 5 1 2 5 4 4 2 5 1 2 2 3 1 4 2 4 4 3 5 1 3 4 5 1 0 3 2 5 2 1 1 3 2 4 1 4 5 2 2 2 2 2 4 2 2 5 3 5 2 4 5
2 3 1 5 3 3 5 4 4 4 4 4 5 3 2 1 3 5 5 2 5 3 5 1 4 4 1 5 4 5 4 3 5 5 1 4 4 5 2 1 1 1 5 5 3 3 1 3 3 5 3 3 3 2 4 1 5 5 5 4 2 1 5 4 3 5 3 5 2 5 3 5 4 3 3 4 4 1 3 2 1 1 3 1 3 2 3 3 2 4 3 4 5 2 2 5 1 3 5 4 3 1 1 5 4 1 2 5 1 1 4 5 1 1 1 5 5 5 4 5 3 2 5 4 2 4 1 2 5 3 3 1 1 2 3 4 4 2 3 4 4 3 3 1 4 3 1 5 3 3 3 1 5 3 5 5 2 3 3 1 4 3 2 2 2 2 2 4 3 2 2 3 5 3 4 4 5 3 5 5 1 2 4 1 2 5 5 2 3 3 1 3 3 5 1 4 4 1 4 1 5 5 2 4 3 1 2 1 1 4 2 1 3 2 4 5 1 5 5 1 3 3 1 1 4 2 2 3 5 2 4 5 3 3 4 4 4 4 2 1 2 4 5 4 2 2 2 4 1 5 2 4 1 4 2 1 2 5 4 2 3 2 1 2 5 4 4 2 1 3 4 3 5 2 1 5 5 5 2 4 2 4 4 3 4 1 2 1 2 4 1 4 2 5 5 2 4 1 5 2 5 4 4 2 2 1 1 5 4 3 5 5 4 4 3 5 4 4 5 3 5 1 2 1 4 3 4 1 1 4 4 4 1 1 3 5 2 4 3 5 5 4 1 3 5 4 4 1 4 3 5 1 5 3 1 4 4 4 1 4 1 3 3 4 3 2 5 4 4 2 5 5 5 2 1 2 1 3 1 5 4 5 4 4 1 1 1 2 2 5 5 3 2 3 5 2 3 1 1 1 5 2 3 4 4 3 3 4 3 2 4 2 2 4 2 4 2 5 3 2 2 3 4 3 0 3 2 4 3 3 4 1 4 2 1 4 5 3 4 2 3 1 1 1 3 4 5 3 3 5
2 4 1 3 3 1 5 2 4 4 4 4 3 5 1 2 4 2 5 1 3 1 3 4 2 1 2 5 5 3 2 1 4 3 4 2 5 5 1 2 5 3 1 3 5 4 3 1 3 4 5 5 3 3 3 1 3 2 1 3 3 4 2 1 3 3 5 3 1 5 5 5 1 3 4 5 1 4 4 2 4 3 2 3 5 2 4 5 4 1 1 4 4 1 1 2 5 4 3 3 2 2 3 2 1 1 4 5 4 1 1 1 4 2 3 3 4 2 3 4 2 5 4 1 1 3 1 2 3 4 3 5 4 2 5 1 3 1 4 1 3 1 5 2 4 2 2 2 1 4 4 1 4 2 1 3 1 3 1 3 4 3 4 1 3 3 3 5 3 5 5 5 5 3 5 3 2 4 4 1 4 4 1 3 3 4 3 5 2 5 4 1 4 5 3 1 5 4 3 1 5 5 1 5 3 1 2 2 3 3 1 5 4 5 2 3 5 4 2 5 5 4 5 2 5 1 5 3 5 4 4 4 1 5 2 4 4 2 3 3 3 3 5 3 3 2 1 4 4 1 5 2 4 2 2 1 4 4 3 5 2 2 4 4 5 4 4 3 5 3 3 4 2 4 2 3 2 3 3 2 4 1 1 5 3 2 2 2 1 5 1 1 4 4 1 5 2 2 3 1 3 1 3 1 4 2 3 3 3 2 5 4 2 1 3 4 4 2 2 5 4 1 4 5 4 3 2 2 3 3 2 3 5 1 1 5 5 5 3 3 3 5 4 3 3 1 3 3 5 4 3 3 1 1 5 1 2 2 4 4 2 4 3 4 1 3 3 4 1 3 2 4 3 5 2 5 4 1 3 4 4 5 4 1 1 1 1 1 4 5 1 2 4 2 5 4 2 5 4 3 3 2 1 2 4 4 5 4 5 1 5 2 5 2 2 4 5 5 4 3 5 5 2 4 3 0 4 4 4 5 5 2 2 4 3 4 1 5 1 5 3 2 4 2 2 4 3 2 2 2
3 2 1 1 1 5 3 4 5 4 1 4 4 2 2 4 1 5 1 2 5 1 2 5 4 1 3 5 4 5 1 5 1 3 1 1 5 4 3 1 1 5 4 1 5 4 1 3 1 1 5 2 5 2 4 1 5 1 2 2 2 1 5 5 5 4 5 4 1 5 1 4 5 1 3 5 1 5 3 5 1 5 5 2 2 5 1 5 4 2 1 2 4 3 3 5 1 2 3 5 1 1 4 5 1 1 5 2 3 4 4 5 1 5 2 2 2 4 2 2 4 2 4 3 5 2 3 5 4 5 3 1 5 5 1 2 2 4 4 1 5 1 2 4 2 2 1 4 5 3 5 3 2 1 3 5 1 1 4 1 5 1 1 2 4 5 4 5 1 3 2 4 3 2 4 3 2 4 3 2 3 1 3 3 1 3 5 4 2 3 3 1 4 5 3 4 3 4 1 4 1 2 4 5 4 3 2 2 5 4 2 5 3 3 5 4 3 4 5 2 1 1 3 2 3 3 5 1 1 2 3 2 1 3 4 1 5 1 2 2 1 3 5 3 5 2 3 2 4 3 3 1 4 2 2 1 1 3 4 5 2 3 4 1 2 5 3 2 2 5 4 5 3 4 3 1 4 2 4 4 2 2 2 1 2 2 2 4 5 4 4 5 3 4 4 1 4 5 4 3 3 1 1 5 1 4 3 5 3 5 3 2 5 1 4 3 3 3 1 4 3 2 1 5 3 3 5 3 1 3 2 3 2 2 3 1 4 5 5 5 3 4 1 4 1 3 4 5 4 5 1 1 5 1 4 1 2 5 2 3 4 4 1 4 1 4 4 2 3 1 3 5 2 4 3 1 4 1 4 2 1 3 4 1 2 2 5 2 3 4 3 1 1 4 3 1 5 1 3 5 2 1 1 3 2 3 4 2 2 4 3 5 3 5 3 1 1 2 4 4 1 2 2 3 2 1 0 4 4 3 5 2 1 2 1 1 4 5 2 1 5 5 4 2 2 1 4 1 2 4
1 2 5 1 4 4 4 5 3 2 1 5 5 2 1 1 2 1 2 3 5 2 2 4 3 1 5 5 4 3 3 1 5 5 2 1 3 3 4 3 1 1 4 2 5 2 4 3 5 3 2 4 3 5 2 2 4 1 1 5 5 5 3 3 2 4 4 3 4 4 4 2 1 4 2 3 1 5 5 3 5 3 3 1 2 3 2 4 4 5 3 4 4 3 1 3 5 5 1 4 2 5 2 4 3 3 5 1 3 2 2 4 4 3 1 2 1 2 4 5 2 2 3 3 5 2 1 3 2 3 2 4 4 5 1 4 2 3 1 1 3 4 5 3 3 5 4 5 4 3 4 2 2 1 3 3 5 3 3 4 1 2 1 2 2 1 1 3 3 5 4 2 1 3 4 5 3 3 3 3 4 1 1 3 4 2 4 3 2 2 5 1 2 1 2 1 3 3 5 3 3 5 4 2 2 4 1 3 3 2 3 5 4 3 4 5 4 1 3 2 1 1 3 1 5 5 1 2 3 4 2 4 3 2 4 3 4 1 4 4 2 2 3 3 5 1 3 1 5 5 2 1 3 1 4 2 2 3 3 1 2 2 1 5 3 3 2 1 5 1 3 5 5 4 4 2 4 1 1 2 1 5 1 2 3 1 4 1 4 2 5 2 2 4 4 3 2 3 3 1 5 4 4 5 5 3 5 1 4 4 3 3 2 1 3 1 1 4 5 5 4 4 4 1 2 4 1 5 2 4 5 2 2 4 5 5 5 1 5 1 2 4 4 4 4 2 2 4 4 4 5 2 3 3 5 2 5 3 1 3 2 3 5 3 3 1 3 3 3 3 1 1 2 5 4 4 1 4 3 5 4 1 1 5 4 5 5 5 4 3 2 4 3 5 4 3 2 5 2 3 3 2 5 2 4 3 4 4 3 1 3 2 4 3 1 3 2 1 3 2 1 5 5 5 3 1 1 0 1 4 5 4 3 2 1 2 2 2 2 4 1 5 1 1 5 5 3 3 5 4
4 1 4 4 1 5 2 4 4 4 1 3 3 1 4 2 3 5 1 1 5 3 1 5 3 4 2 4 5 4 1 5 2 2 3 3 3 1 4 2 1 3 1 1 3 1 1 1 1 3 5 5 5 5 2 5 3 4 1 1 1 4 4 2 3 2 2 1 4 1 2 4 5 5 2 1 5 4 5 1 2 2 2 1 1 2 1 5 1 4 1 2 4 4 3 1 5 5 1 2 1 3 4 1 2 4 4 1 2 4 2 4 1 4 3 3 1 5 1 5 2 2 1 3 5 2 5 3 5 4 1 2 3 3 4 1 1 1 1 3 5 3 2 1 1 5 1 5 4 4 3 3 5 1 2 3 3 1 4 1 1 3 3 1 1 2 1 3 3 2 4 3 1 2 3 5 5 2 3 2 4 1 5 2 2 3 1 5 4 5 1 5 1 4 5 1 5 5 5 1 2 5 3 5 4 3 4 4 2 2 4 2 4 4 5 5 4 2 2 5 5 2 3 5 4 3 5 3 4 5 5 3 5 4 1 2 5 4 2 1 3 1 2 4 1 4 2 4 3 3 2 5 3 5 2 5 4 2 1 1 2 1 2 2 3 1 2 2 3 2 2 3 3 4 1 4 5 3 4 1 5 1 4 4 3 3 3 5 4 5 5 1 5 1 5 1 3 5 5 2 5 5 4 5 2 2 1 1 1 2 1 4 2 4 3 2 1 3 2 1 2 4 5 4 1 5 2 1 3 1 4 1 2 1 4 2 1 5 4 1 2 5 3 3 2 5 3 2 3 2 2 1 2 2 3 1 1 1 1 3 1 1 3 5 4 3 5 2 3 3 5 2 1 1 3 3 2 2 4 1 3 4 3 5 1 1 4 1 2 2 5 4 5 2 4 5 1 4 5 3 2 3 2 2 3 4 5 2 3 1 3 5 2 4 3 1 4 5 3 4 5 4 4 5 3 4 2 4 0 5 1 5 3 2 4 2 1 3 2 2 2 3 1 3 3 5 5 5 2 4
5 1 4 4 1 5 3 3 1 2 4 3 1 5 4 1 3 1 2 5 1 2 5 4 2 3 4 2 2 4 1 1 1 5 1 1 5 1 1 3 5 4 2 2 1 4 3 1 2 4 2 1 5 3 4 1 5 1 4 2 4 5 2 5 3 3 4 4 3 4 3 1 1 4 4 1 1 2 2 5 3 3 1 4 5 1 1 4 4 4 4 2 3 3 4 4 1 3 5 5 1 3 1 1 5 4 4 5 5 2 3 5 2 5 1 3 5 5 4 4 1 4 4 5 2 5 4 1 2 4 5 1 4 4 3 5 3 5 2 2 4 2 5 5 3 1 5 3 5 3 3 2 4 5 4 3 1 3 1 3 2 3 4 3 1 4 4 5 3 2 2 1 5 2 2 1 3 3 4 4 1 1 5 1 4 4 1 4 4 5 3 1 1 4 5 1 2 1 2 5 1 1 4 3 2 1 4 5 2 5 3 3 1 3 5 1 1 2 3 3 5 4 1 2 2 2 2 1 1 1 5 2 5 5 1 1 3 3 5 5 5 1 2 5 4 2 3 5 4 5 3 4 2 3 3 1 4 1 5 3 3 4 2 4 1 1 3 3 3 3 2 4 2 5 3 5 3 1 3 4 1 4 1 3 4 4 2 2 3 2 4 2 3 4 1 4 3 5 5 1 3 5 2 2 4 2 5 4 4 1 3 1 3 3 1 5 5 3 5 4 1 1 5 3 5 4 3 4 5 3 3 4 2 3 1 4 2 5 4 2 4 5 2 2 2 4 1 5 2 3 4 2 3 3 4 1 2 5 1 1 4 2 3 2 3 1 4 3 1 4 2 3 1 4 5 5 4 1 3 5 3 4 1 2 4 2 5 2 4 3 3 1 1 2 5 1 5 3 1 4 1 4 3 5 4 2 5 1 4 3 1 3 2 5 1 2 4 2 2 5 3 3 4 1 3 4 5 3 3 0 3 4 2 4 3 2 5 1 2 1 2 4 1 2 5 3 4 5 1 3
2 5 1 5 3 5 5 2 3 1 4 2 3 5 4 3 2 2 3 4 5 3 2 3 2 3 2 3 5 3 5 1 4 5 1 3 4 3 2 5 4 4 4 5 5 4 4 1 3 4 5 1 3 4 3 4 2 2 3 4 4 3 3 5 5 3 1 4 5 3 2 5 1 3 1 5 3 2 4 3 3 1 5 3 2 4 3 5 1 5 4 5 2 4 5 4 2 5 2 3 1 4 4 4 2 4 5 3 4 1 4 4 2 2 5 3 2 1 5 3 1 4 3 4 4 1 3 4 5 2 2 4 4 1 3 1 2 2 3 4 5 4 2 1 1 2 5 1 1 4 5 5 5 2 4 4 2 2 1 3 1 5 5 2 1 2 2 4 2 1 2 1 5 3 1 4 2 4 1 2 4 3 1 4 5 4 5 3 2 4 3 5 4 4 3 2 2 5 4 3 4 5 2 3 4 3 1 1 3 2 4 1 1 2 5 3 4 5 1 1 1 1 4 1 2 4 3 4 3 3 4 2 3 3 3 1 4 3 4 4 3 2 3 1 4 1 1 3 4 5 3 4 5 2 1 5 1 1 4 3 5 3 2 1 5 3 5 3 5 4 2 3 5 2 3 1 3 5 1 4 5 4 5 2 2 1 5 3 3 3 5 1 4 3 4 5 1 4 3 3 1 4 4 4 3 4 5 5 5 2 5 3 4 2 1 4 4 3 1 2 1 5 3 5 5 3 2 5 1 3 4 2 3 5 3 1 1 1 4 4 5 2 1 2 3 1 5 4 3 3 1 5 2 5 4 1 4 2 5 5 3 5 4 4 5 2 1 5 3 4 5 5 4 5 5 3 2 1 3 1 5 5 5 5 4 1 4 3 3 5 5 3 5 2 3 4 3 3 2 1 1 1 5 4 4 5 1 2 5 2 5 1 5 3 2 1 5 1 5 5 4 2 3 1 4 4 3 1 4 2 0 4 3 1 4 3 1 2 1 1 2 5 2 2 5 3 2 1 5 2
1 2 1 1 5 4 4 5 4 5 2 3 4 1 4 3 1 3 3 4 4 3 2 2 2 2 4 2 1 5 4 2 2 4 3 4 3 5 3 5 3 2 5 2 2 2 2 2 1 3 2 2 3 2 5 4 1 5 5 2 4 2 4 2 4 1 2 4 2 4 5 4 3 1 1 5 4 3 3 4 2 4 3 2 2 4 2 3 3 3 3 1 4 3 1 1 1 5 1 5 4 4 4 1 5 2 1 1 1 4 1 5 1 2 1 4 4 2 4 4 1 3 2 3 3 2 3 2 4 4 5 2 4 3 1 1 3 2 3 1 2 2 5 5 1 3 3 5 2 1 2 5 2 5 5 2 2 5 3 4 1 1 2 5 1 3 1 2 1 3 5 4 5 1 5 1 5 2 4 1 3 1 5 4 4 5 4 1 4 4 2 4 1 3 5 2 5 5 2 1 5 4 1 3 3 4 4 5 1 3 1 2 1 2 2 1 4 2 4 2 1 4 1 3 2 3 1 4 5 3 3 5 2 2 3 4 3 2 2 1 3 3 3 5 3 4 4 3 5 5 1 5 1 1 1 3 3 4 4 4 2 2 3 3 1 1 1 5 4 1 2 5 4 2 3 4 1 4 2 1 5 5 2 1 2 2 2 5 4 5 5 3 4 2 3 4 4 3 3 1 2 4 4 5 3 2 3 1 3 2 3 2 4 1 2 2 5 1 3 4 3 5 5 4 4 4 5 2 2 2 2 1 5 4 3 5 5 4 4 1 4 3 4 5 2 1 1 4 5 2 1 1 4 4 3 2 5 1 4 5 3 5 3 2 3 1 2 5 4 3 2 4 3 1 5 4 2 1 5 4 2 3 1 4 1 2 3 4 4 5 2 4 3 1 1 3 1 3 4 2 2 5 1 5 3 4 1 4 1 5 5 4 5 1 5 4 3 1 3 2 4 4 1 3 5 3 5 4 2 5 3 0 5 3 3 5 4 5 4 2 1 3 1 3 4 1 5 3 1 3
3 3 3 1 4 2 1 3 2 1 1 2 2 5 4 4 4 3 2 2 3 3 1 1 2 4 3 4 3 5 2 4 5 3 3 1 4 1 4 2 2 2 2 2 3 1 1 1 3 4 5 1 5 3 2 3 3 2 5 5 2 5 2 1 1 5 2 2 1 2 5 5 5 2 3 4 4 1 2 1 4 1 2 4 4 3 3 2 1 4 4 3 2 3 2 1 1 1 5 4 3 4 4 5 1 4 2 3 3 1 3 4 5 4 3 3 5 5 4 5 2 4 4 2 5 4 2 4 5 5 3 4 1 4 5 2 2 1 5 4 2 2 4 5 2 5 4 5 4 4 2 5 4 4 1 5 3 4 3 3 3 2 2 4 4 4 3 4 5 5 3 4 1 4 4 1 2 3 4 5 2 1 2 1 5 3 4 4 2 4 5 5 1 2 5 4 3 1 5 1 2 4 2 4 3 5 1 3 1 4 1 1 4 5 5 3 2 4 2 4 5 3 5 2 5 5 3 2 4 3 3 5 5 1 3 3 1 3 3 4 5 3 1 3 3 4 3 3 1 1 2 2 2 2 4 4 5 3 2 2 1 4 2 2 5 4 1 2 2 4 4 4 1 1 5 3 2 3 3 3 5 4 1 4 4 1 5 2 4 2 2 4 5 5 2 1 4 4 4 1 3 5 4 2 1 3 4 4 2 1 2 2 4 1 3 4 2 5 2 2 2 4 3 5 3 5 4 3 5 4 3 1 2 5 2 4 1 1 2 5 4 1 1 3 5 1 4 4 2 4 2 1 4 5 1 3 4 1 2 1 1 2 3 1 4 2 4 2 2 1 3 4 2 4 2 1 4 1 4 1 2 4 5 3 1 2 5 3 3 1 2 4 5 4 2 4 3 3 2 5 4 4 4 5 2 1 5 3 5 1 3 3 1 2 2 4 2 5 4 1 2 3 3 2 5 5 4 2 4 5 2 2 0 4 5 2 1 3 2 4 3 1 3 2 2 4 5 1 1 1
5 5 2 1 3 2 4 4 4 2 3 3 3 3 1 1 1 1 1 4 1 5 5 1 2 1 5 5 1 3 3 4 1 4 4 5 2 1 3 3 3 3 3 2 3 4 2 3 1 2 2 5 4 1 4 3 1 5 2 3 2 2 5 3 4 5 2 3 5 2 4 1 5 3 3 5 4 5 5 2 3 5 3 4 4 1 5 3 2 5 2 1 1 2 1 4 4 1 2 1 2 2 3 2 4 3 5 4 3 3 1 4 3 3 3 5 3 5 1 2 3 3 5 5 3 5 5 5 2 5 4 1 2 5 2 5 1 3 2 1 3 2 1 5 2 5 1 3 4 4 3 2 5 4 5 4 1 3 2 3 3 2 5 3 4 1 4 2 5 2 3 4 2 3 1 1 1 3 5 2 5 2 2 1 5 1 4 4 2 2 4 1 1 5 3 1 5 1 4 1 3 2 3 2 2 4 3 1 5 3 3 1 4 2 3 2 1 3 2 1 1 4 4 1 4 2 1 4 4 2 5 2 1 4 3 4 5 3 3 1 5 1 3 1 1 2 3 4 5 3 5 4 3 1 3 2 2 5 4 3 4 1 2 1 4 5 4 3 3 5 3 5 1 5 3 5 4 3 2 3 3 2 4 3 2 4 5 2 5 3 4 5 5 2 3 5 2 1 1 3 2 2 4 2 4 3 5 4 4 4 3 5 2 2 1 4 1 3 1 4 1 5 1 3 3 1 5 1 4 4 2 2 2 1 5 3 5 4 4 3 5 2 2 4 2 3 5 4 1 2 5 5 2 4 3 3 2 1 1 1 1 4 1 1 2 1 3 4 1 1 3 3 2 3 5 5 2 4 3 2 4 2 3 4 1 2 3 3 3 3 2 1 2 3 1 5 4 2 5 2 2 5 4 2 1 4 1 2 1 2 3 1 2 5 2 2 2 1 4 4 4 4 1 5 3 4 1 4 3 4 5 1 2 0 1 3 1 2 1 5 5 1 5 3 2 4 4 1 1 5
3 5 3 5 2 2 1 2 2 4 5 5 1 5 2 4 4 1 4 1 1 4 2 1 4 1 5 4 2 5 4 2 3 1 4 2 5 3 4 2 2 4 5 4 1 2 3 5 2 2 4 3 5 3 1 2 5 2 1 3 4 4 1 1 5 2 2 2 2 1 2 5 3 3 3 1 5 2 2 2 2 5 5 1 3 3 4 4 1 4 2 3 3 2 4 2 5 1 1 5 4 3 1 3 1 1 5 4 2 1 1 5 3 5 4 1 5 2 4 5 4 2 1 2 5 3 3 4 4 3 3 1 3 2 3 1 2 1 3 3 5 3 1 2 4 1 3 1 2 5 2 2 4 4 1 2 1 3 4 2 3 1 5 3 4 1 4 5 2 3 5 4 3 5 5 1 1 3 2 1 3 5 2 5 2 5 2 2 5 3 2 5 5 5 4 1 5 5 5 1 5 4 4 3 1 3 2 1 4 3 3 1 4 4 3 3 3 2 5 2 3 4 3 3 4 1 3 2 4 4 1 2 4 2 1 1 3 2 1 3 3 4 3 4 3 3 3 3 1 4 5 5 3 5 5 4 2 5 5 4 5 2 1 1 2 3 3 4 4 5 2 5 2 5 5 5 1 3 1 1 5 3 3 2 2 1 5 4 1 5 5 3 2 3 4 2 2 3 4 4 3 4 2 2 2 2 4 5 5 3 4 1 5 3 2 4 5 3 1 5 1 2 1 3 4 1 2 1 5 4 4 5 5 2 4 5 3 5 5 5 1 3 2 1 4 5 3 4 3 5 2 4 2 5 2 3 5 3 2 3 2 5 4 2 3 4 2 2 2 3 5 3 1 2 3 1 3 4 2 4 3 3 4 3 1 2 5 3 2 3 3 5 1 1 1 1 3 2 1 3 4 2 3 3 1 5 2 3 4 3 1 5 5 2 5 3 4 4 4 5 1 5 4 1 5 4 3 3 1 4 5 5 3 1 0 2 3 4 4 5 2 3 4 5 3 4 1 5 5 5
2 3 3 4 2 5 2 4 1 5 1 3 1 4 2 2 2 1 3 4 4 5 1 5 1 3 3 5 4 3 2 5 1 5 3 2 4 3 5 1 2 3 4 1 5 1 4 1 4 3 3 1 2 2 1 5 5 3 2 1 1 5 2 1 4 1 3 2 5 5 3 5 3 1 1 3 3 3 2 2 1 3 4 2 5 2 1 1 1 5 2 1 4 2 4 1 4 3 4 2 3 1 2 3 3 3 2 2 3 3 3 2 5 1 3 4 5 3 2 4 2 2 5 2 3 5 4 3 5 5 4 1 5 4 5 1 4 5 5 2 3 1 3 1 3 2 1 5 3 1 1 2 1 3 5 4 1 3 3 1 2 2 1 3 2 1 2 5 2 2 3 1 5 5 1 5 1 5 3 5 1 2 2 5 5 2 3 1 3 3 2 4 2 1 4 1 5 1 2 2 1 2 2 1 2 1 1 5 4 4 3 2 2 5 5 5 3 1 2 3 1 4 3 2 4 3 4 2 5 3 3 3 5 1 1 2 4 2 2 3 4 5 5 2 4 3 3 3 5 4 1 2 5 5 1 2 3 5 3 5 5 5 5 2 4 1 1 1 3 4 2 4 4 1 1 5 1 3 4 4 3 5 4 2 1 2 2 1 2 1 2 2 4 3 2 2 3 5 2 1 4 5 1 3 1 2 4 5 1 3 1 4 1 3 1 2 1 1 3 2 5 5 4 5 4 3 3 2 4 2 5 2 4 3 2 1 1 3 2 4 2 1 3 5 2 1 5 4 5 4 2 3 4 4 4 4 2 5 2 5 2 2 3 5 3 3 5 4 4 3 2 1 5 3 3 4 2 4 1 2 4 5 4 2 3 2 4 4 5 3 4 5 4 5 4 5 1 4 3 2 2 3 2 3 4 2 1 4 5 3 2 2 4 2 1 1 4 4 5 1 5 5 1 3 1 1 5 5 3 5 5 2 2 2 4 0 1 2 4 2 3 1 1 5 5 5 3 4 1 3
2 1 4 5 1 1 3 5 3 3 1 3 2 5 2 4 5 3 1 3 3 3 2 1 1 4 2 1 5 1 1 1 5 4 3 1 5 2 2 4 3 1 5 4 4 2 4 5 5 2 4 1 5 4 2 2 4 3 4 2 5 2 2 5 4 5 2 3 2 1 3 1 4 3 3 3 1 1 1 2 5 3 3 2 1 3 2 3 4 2 3 5 3 2 1 5 4 5 4 1 1 1 2 3 2 2 4 1 1 1 1 5 3 1 2 3 5 2 4 2 4 3 1 5 5 3 2 5 2 5 5 2 3 5 2 5 3 4 1 2 3 3 5 1 2 2 3 5 3 4 1 1 4 1 5 4 2 4 3 3 3 4 3 3 1 4 3 3 5 5 3 5 3 1 5 4 4 4 5 3 1 3 1 4 3 4 4 2 2 1 5 1 5 3 1 1 4 2 1 1 1 4 3 1 2 2 2 4 1 3 3 4 1 3 3 3 1 1 2 2 2 3 4 1 1 4 1 2 3 5 1 3 2 1 4 4 3 2 4 5 2 2 2 1 4 2 5 5 4 5 5 5 5 3 2 5 3 1 5 3 2 4 3 2 3 5 4 5 4 1 3 3 4 5 2 3 2 3 1 3 5 2 3 2 2 4 2 5 5 2 1 5 4 3 5 4 1 5 3 1 3 3 1 2 1 1 5 2 4 1 3 3 5 4 1 2 5 1 4 4 3 1 5 1 4 2 4 1 3 3 2 4 4 5 4 1 5 4 1 4 3 1 4 2 3 5 1 2 2 3 1 4 5 4 3 4 2 5 5 2 3 5 1 3 1 4 1 1 3 3 2 2 3 4 4 1 5 1 5 4 2 5 5 1 3 4 3 2 3 3 1 4 5 1 2 1 2 2 4 2 2 5 3 2 3 5 5 3 1 3 5 4 5 5 5 4 4 5 2 3 2 5 1 3 5 3 5 3 3 1 2 4 1 3 2 5 0 3 1 1 2 4 3 3 5 4 3 3 3 5
2 4 2 1 4 3 5 4 3 1 3 3 5 2 4 4 1 5 4 2 1 2 5 3 3 5 2 4 4 4 4 1 3 4 2 4 5 5 4 4 2 5 1 4 3 2 5 2 2 2 3 5 2 2 4 3 3 1 4 3 3 2 2 2 1 1 3 4 2 3 2 3 3 1 4 3 3 3 5 3 3 4 4 2 1 5 1 4 2 2 1 2 3 2 5 1 2 5 5 2 2 2 4 2 1 1 1 3 3 1 4 1 5 1 4 2 2 2 2 3 2 3 4 2 5 3 1 1 4 1 5 5 2 5 3 2 1 5 3 5 3 2 4 1 1 3 4 3 3 1 2 3 4 4 5 3 1 1 3 2 2 4 3 1 2 4 2 1 4 3 1 1 2 3 5 2 4 2 4 5 1 2 5 3 2 1 2 1 4 3 4 3 2 5 3 4 3 3 1 5 5 1 4 4 4 2 4 4 4 3 3 3 1 1 1 2 3 5 5 4 2 2 1 1 2 1 2 3 4 4 3 4 4 1 1 4 5 1 3 5 1 4 3 5 5 3 5 5 4 2 2 5 3 1 3 3 1 3 5 3 1 4 2 1 3 5 1 1 3 4 4 5 2 2 4 2 4 4 3 1 3 3 5 3 3 2 3 5 4 1 3 4 5 3 2 4 2 3 5 4 1 4 4 3 5 1 1 2 1 3 1 4 5 3 3 1 4 5 2 3 1 1 1 2 4 1 3 4 4 1 5 1 5 1 5 3 1 2 4 5 2 2 2 2 2 4 2 3 4 4 1 4 1 4 5 2 4 4 4 1 5 2 1 3 4 4 1 1 3 3 5 1 2 4 3 3 5 4 3 4 4 3 1 2 5 1 4 2 2 3 1 3 1 3 4 5 4 4 2 2 2 5 1 3 1 5 4 3 3 5 1 5 5 2 4 3 2 4 2 2 3 1 4 2 3 1 2 3 4 2 2 1 3 4 1 3 4 0 2 3 3 4 1 4 1 2 5 4 2 1
5 5 3 4 3 4 5 1 2 1 5 5 5 5 1 1 2 3 5 5 4 3 2 2 1 4 1 4 5 1 4 5 3 4 5 2 1 3 2 5 5 5 3 1 1 1 4 2 2 2 3 2 4 3 2 1 3 4 5 1 3 1 2 5 5 5 5 5 1 1 1 3 1 4 2 1 2 3 2 2 4 5 2 2 1 1 2 3 1 1 5 3 4 5 4 3 1 4 3 1 4 5 2 2 3 3 3 5 3 1 3 3 2 3 3 1 1 5 1 4 3 5 4 2 3 3 5 5 4 1 1 4 5 1 5 2 2 4 2 3 1 4 3 2 4 3 3 4 4 4 5 3 1 2 3 1 2 1 3 2 5 5 4 1 5 4 4 2 3 5 3 4 2 4 5 1 5 5 1 4 2 5 2 4 1 2 2 4 4 1 2 5 5 3 2 2 5 3 3 1 5 4 3 3 4 1 4 4 4 5 1 5 2 3 3 5 3 2 1 1 1 2 3 5 1 1 4 2 3 2 5 1 5 2 3 4 4 3 2 2 5 1 2 3 1 1 1 5 1 4 3 1 1 5 1 5 1 2 2 1 2 1 5 4 4 3 2 4 2 4 2 2 1 5 3 1 5 4 1 3 1 2 4 5 1 1 1 5 2 3 3 3 5 3 2 2 3 3 2 1 2 3 4 1 5 5 5 3 4 3 2 5 1 3 2 1 5 3 2 5 2 4 5 4 2 3 5 4 5 2 2 4 4 3 5 1 4 2 4 1 1 3 1 3 2 4 1 2 4 1 1 2 4 1 1 2 4 3 1 2 1 5 5 5 2 4 3 2 3 4 2 5 4 4 2 3 3 2 4 1 1 4 5 3 4 1 2 4 4 1 2 1 5 4 4 2 4 2 4 1 1 3 5 3 3 4 3 1 4 5 3 2 5 1 2 2 2 2 5 4 4 5 4 3 2 4 5 5 2 2 3 2 5 1 4 3 2 4 0 2 5 3 4 1 4 4 4 2 1 1
3 5 2 1 1 5 5 2 5 4 4 3 1 5 2 2 4 3 2 1 2 4 5 3 4 3 5 4 2 1 5 1 2 2 2 2 5 1 3 2 1 3 2 4 2 3 2 4 4 4 1 1 3 5 1 4 4 5 2 4 3 1 4 4 1 5 4 3 5 5 4 4 1 4 3 2 5 1 3 3 2 3 3 1 2 3 5 1 4 2 2 3 5 2 1 2 1 4 2 1 3 3 1 3 1 3 1 3 2 3 1 5 3 5 1 3 4 5 3 2 4 1 3 3 5 1 1 3 2 1 2 5 5 3 2 3 1 1 3 5 3 4 1 3 1 5 3 5 4 5 1 1 3 3 1 5 1 2 1 4 2 2 5 5 2 3 5 4 3 5 4 4 1 1 5 2 1 5 3 3 2 1 5 3 4 2 5 4 5 4 4 3 5 5 4 2 1 3 3 2 2 1 1 3 2 5 4 1 5 2 1 4 3 4 4 4 3 5 2 1 2 4 5 5 1 2 4 4 4 4 3 2 2 1 3 1 4 3 3 1 2 4 3 3 3 3 2 2 4 2 4 4 3 4 2 1 3 3 5 1 1 3 5 3 2 2 2 3 5 1 3 1 5 4 5 3 2 4 4 3 1 1 4 2 3 3 2 1 1 4 3 3 1 5 2 4 1 1 5 3 4 2 4 1 3 1 3 4 3 3 1 3 4 1 4 5 3 3 1 5 1 1 4 1 3 4 3 4 1 3 3 1 1 5 4 2 5 5 3 4 2 4 4 5 2 4 3 5 1 4 3 5 5 4 5 4 5 1 1 1 1 1 1 5 5 4 4 1 4 2 1 1 3 4 3 5 5 5 1 1 4 3 4 5 1 1 1 1 3 1 5 2 1 1 2 3 5 1 2 1 4 3 3 5 1 5 5 2 5 5 5 3 5 4 2 3 5 4 3 2 1 5 5 5 5 2 5 3 2 3 1 3 2 4 4 3 5 5 1 0 2 3 5 2 1 4 5 3 4 5
4 1 2 4 3 3 3 5 4 2 2 3 2 1 3 4 3 2 3 5 3 5 5 4 4 4 1 2 1 1 1 3 5 5 5 5 4 2 2 3 2 2 1 3 2 1 5 1 3 2 2 3 2 4 2 2 2 2 2 2 3 2 3 4 4 3 5 1 4 5 1 1 5 1 4 4 2 2 4 1 3 2 2 2 5 3 3 5 1 1 5 1 4 3 4 2 5 5 2 1 2 3 1 1 4 3 3 1 3 4 1 5 2 4 5 1 2 5 5 5 2 5 3 1 5 3 5 5 5 3 2 1 5 1 3 2 3 1 5 5 3 2 2 3 4 5 5 1 3 3 4 5 5 3 2 4 1 4 4 2 3 5 5 2 1 1 1 1 3 1 3 1 3 3 2 4 3 4 4 1 5 2 5 1 4 5 5 4 2 4 5 3 3 4 2 3 5 4 4 1 3 4 3 3 3 3 2 1 2 2 1 2 4 2 5 1 3 1 2 5 5 3 4 4 2 1 4 4 4 4 3 5 3 1 5 1 1 5 3 2 1 4 3 4 4 4 2 5 4 1 4 1 1 1 2 4 2 3 4 5 3 2 1 4 4 2 5 3 1 4 4 3 2 4 3 2 3 3 2 3 1 3 3 2 2 2 5 4 3 3 3 5 1 4 2 5 2 5 5 1 1 5 1 3 1 1 5 5 5 1 3 5 5 2 3 3 3 5 3 1 5 1 2 2 1 5 2 1 4 5 5 2 2 4 5 4 4 3 2 2 2 2 1 4 4 2 5 4 3 5 4 4 3 3 1 2 2 4 5 5 2 4 2 2 3 2 5 2 4 1 4 5 4 5 2 1 1 1 2 3 2 3 3 3 5 1 5 4 4 2 5 4 1 5 1 4 1 3 2 2 4 4 1 3 3 4 4 1 1 2 5 5 2 1 5 4 1 1 3 3 5 4 5 1 3 5 3 5 4 2 2 2 2 1 1 2 2 3 2 5 0 5 1 5 4 4 5 3 3 5
2 1 3 5 3 3 4 3 3 5 2 3 2 2 4 4 5 2 1 2 4 2 2 5 1 1 4 5 3 1 2 2 2 5 5 2 2 5 1 3 4 5 4 4 5 2 4 4 4 4 2 3 3 2 2 1 3 2 1 4 4 3 3 4 2 3 2 4 1 4 4 3 2 4 1 3 4 1 4 3 2 4 4 2 5 3 2 3 2 1 3 2 3 4 3 4 4 2 4 3 3 5 1 4 5 4 3 1 5 2 1 5 1 1 3 4 5 3 3 3 4 3 1 4 5 4 3 3 1 4 4 3 2 5 1 4 3 3 3 3 4 2 1 1 1 2 1 5 5 2 2 2 5 1 3 4 2 1 3 1 5 1 1 5 4 5 4 5 5 2 3 5 1 2 1 1 3 1 2 2 4 5 3 5 2 5 5 3 1 2 3 4 1 1 4 4 2 1 1 3 1 1 2 4 1 3 1 2 2 5 2 2 4 4 4 5 4 5 3 2 4 1 5 2 4 4 5 2 2 3 5 2 2 4 1 3 1 1 4 5 2 3 3 5 4 2 3 4 5 5 1 5 2 5 1 3 2 2 1 2 4 2 5 5 4 4 3 2 3 1 5 2 2 2 3 2 1 2 2 4 2 4 5 3 2 5 2 2 3 1 2 3 1 3 3 5 1 2 2 1 1 3 1 2 2 4 3 1 1 5 1 4 5 4 1 5 2 3 5 5 5 1 3 3 1 3 4 3 3 1 5 4 2 1 1 3 5 5 4 1 3 4 2 1 2 5 4 1 2 5 4 2 5 3 1 2 3 3 2 3 2 2 1 1 1 2 3 1 3 3 2 5 1 1 5 2 3 5 4 2 1 2 5 3 4 4 5 1 5 1 2 3 5 1 4 2 1 4 3 2 3 2 5 2 1 3 5 2 5 2 3 5 1 2 1 4 4 2 5 4 4 3 2 5 3 1 4 3 3 3 5 5 4 1 2 4 4 4 1 4 3 0 1 2 2 1 4 5 1 3
3 4 1 3 3 2 1 3 4 5 1 1 5 1 2 1 2 1 1 4 1 3 1 5 1 3 4 1 4 4 3 1 5 3 4 3 4 3 3 1 2 2 1 3 2 5 2 5 3 3 4 1 2 3 1 2 1 2 3 4 1 4 2 2 3 5 1 3 3 2 2 1 1 5 5 1 2 5 3 5 1 4 4 4 5 2 5 1 3 2 4 4 4 5 5 1 2 5 5 1 2 1 2 3 5 3 4 2 2 4 2 3 4 3 3 1 2 3 5 1 1 2 1 2 3 1 3 5 1 2 1 4 3 2 2 1 1 3 2 2 3 3 4 3 3 3 4 4 5 1 2 2 1 1 5 4 5 3 4 3 2 3 5 3 5 1 4 5 3 4 2 5 5 5 3 4 4 4 5 2 3 5 1 3 4 4 1 2 2 5 3 1 4 5 5 3 4 3 2 4 4 4 4 5 2 4 4 2 1 2 3 1 4 4 1 2 4 1 3 3 4 2 5 5 3 3 2 1 3 1 5 2 5 2 3 1 1 4 5 2 3 3 4 2 1 2 1 4 4 3 3 5 1 1 3 4 5 4 5 4 2 3 1 4 5 3 1 1 1 5 4 3 3 3 3 5 1 4 2 1 3 2 4 2 3 3 1 3 4 3 5 2 4 1 5 3 4 3 4 2 4 2 3 1 1 4 3 4 3 1 2 2 4 4 1 3 3 2 5 4 3 2 2 3 3 2 3 3 1 4 5 1 1 4 4 5 1 1 4 1 1 1 2 1 2 1 3 5 5 1 1 2 3 1 2 3 5 4 2 4 3 1 2 1 2 2 2 1 4 4 3 2 3 2 4 1 1 4 4 2 5 3 4 3 2 5 1 4 3 5 3 1 5 3 4 1 1 1 4 4 4 3 1 2 2 3 1 3 2 3 5 1 1 4 4 4 4 5 5 1 5 3 5 3 2 2 4 4 2 1 2 2 3 4 1 1 5 2 2 2 1 3 0 1 5 1 1 1 5 3
4 1 2 2 5 4 5 3 4 3 3 2 3 3 4 3 1 4 3 2 3 2 5 4 2 3 4 5 3 2 5 3 3 1 3 4 2 3 4 4 4 1 2 3 1 2 3 2 2 1 1 2 5 2 3 4 1 3 3 2 3 5 5 3 3 1 5 4 3 4 2 5 3 5 5 1 5 3 5 3 2 3 3 4 5 3 4 3 3 1 4 4 1 1 2 4 5 4 4 1 3 5 4 4 5 2 3 3 3 3 3 5 2 4 5 4 5 1 1 1 3 1 3 2 4 3 5 4 5 3 1 2 4 1 4 4 4 1 2 2 2 2 4 4 4 1 1 5 5 5 2 1 4 4 5 1 5 2 4 1 1 2 2 5 4 5 3 3 1 3 5 3 2 3 3 3 4 4 2 1 3 1 3 4 3 2 3 1 3 4 2 1 4 2 3 4 3 1 3 5 3 2 3 5 3 4 1 5 4 4 1 3 3 3 4 2 3 1 4 2 5 1 2 4 1 3 2 4 2 5 5 1 5 4 3 2 5 5 1 4 2 2 4 2 3 3 4 2 3 3 4 5 4 4 1 2 3 1 3 2 4 3 1 3 4 1 2 2 2 1 2 1 4 5 1 5 2 4 1 3 1 5 2 1 3 4 2 5 3 3 2 2 5 4 2 4 1 1 4 4 2 2 4 2 5 1 1 4 1 3 1 5 5 3 4 5 5 5 3 5 1 5 2 5 4 2 5 3 3 2 5 4 3 2 4 4 5 3 3 5 3 2 4 5 2 4 2 5 5 5 1 5 2 1 4 3 2 5 1 2 1 2 3 3 1 1 4 2 2 4 2 5 3 5 4 1 4 3 2 3 4 5 4 5 3 4 5 1 2 4 4 1 3 5 5 3 5 5 5 4 4 1 2 1 3 4 4 4 2 2 1 5 5 2 1 1 1 5 2 4 3 1 2 3 1 5 5 3 4 5 1 4 1 2 4 1 5 5 4 5 2 3 2 0 4 5 1 2 4 2
2 4 3 2 1 2 4 2 5 4 3 1 5 5 4 4 4 2 5 1 1 1 3 3 1 2 3 4 3 1 2 3 3 4 5 3 5 4 1 2 1 1 1 4 2 4 2 1 2 4 1 2 2 4 1 1 1 2 3 4 5 5 1 4 1 3 3 3 5 1 4 3 3 2 4 1 1 4 2 3 3 5 1 1 5 2 5 1 1 3 2 1 3 2 4 5 2 3 1 4 2 3 2 5 2 4 1 5 4 4 3 2 5 5 4 3 4 5 4 3 2 1 4 1 3 1 3 3 5 5 4 1 5 2 2 2 2 5 4 4 5 2 1 1 3 2 5 4 2 3 4 3 1 4 1 1 4 5 3 3 4 2 3 3 3 1 2 3 5 2 1 5 1 1 4 4 4 5 4 3 2 3 4 1 3 3 5 4 4 2 2 4 2 5 5 4 3 1 5 3 2 5 4 3 3 3 2 4 2 1 1 2 1 1 1 4 2 3 1 5 4 4 4 2 5 2 2 1 2 2 5 3 4 3 3 3 4 1 2 2 5 3 5 5 2 1 4 1 2 1 5 4 4 4 3 4 5 4 3 2 1 5 5 2 3 5 1 2 4 2 2 4 4 2 3 3 5 4 1 3 5 4 3 5 1 5 3 4 2 5 5 1 1 2 4 2 3 2 4 1 4 1 4 1 1 4 1 3 5 4 2 4 5 1 2 3 3 2 5 4 1 2 5 4 3 1 3 4 2 5 3 1 2 1 2 3 2 1 2 4 4 1 4 5 5 3 4 1 3 2 4 3 1 4 4 3 4 1 5 5 5 5 5 3 1 3 2 1 2 2 3 2 3 4 4 3 1 3 3 1 1 3 3 5 2 1 5 1 1 4 4 1 5 2 2 3 1 2 4 1 3 5 2 4 2 4 1 2 4 3 3 3 4 4 3 3 3 3 5 4 4 1 5 3 2 1 1 1 1 3 2 4 1 1 1 5 3 5 4 3 5 1 1 2 0 4 1 2 3 2
5 5 2 2 4 3 2 4 2 5 3 4 4 3 4 1 5 5 2 3 2 1 1 2 3 1 4 3 3 4 4 3 4 1 2 2 3 2 2 1 3 1 5 3 2 1 2 3 4 2 5 1 5 4 3 5 4 3 5 2 2 2 5 2 5 3 1 5 4 2 1 5 5 1 5 3 2 5 1 1 1 1 1 2 4 2 1 1 4 4 1 4 2 2 2 3 5 2 2 5 1 2 1 2 3 2 3 4 3 2 2 3 3 2 1 5 3 2 1 2 1 2 4 2 1 2 4 4 3 5 5 4 2 4 2 2 3 4 2 5 4 1 2 1 4 2 2 5 4 5 2 1 2 5 3 2 5 3 1 3 2 1 3 2 2 4 1 4 1 4 2 2 3 5 4 4 2 3 2 1 4 3 4 5 1 3 5 4 1 1 2 4 5 1 4 4 1 3 3 2 1 5 3 5 2 4 3 1 2 4 4 1 3 2 1 1 2 1 1 3 4 2 2 4 4 5 1 3 5 4 2 4 3 5 5 1 5 2 2 5 2 4 2 5 4 1 1 3 3 3 3 4 2 1 4 5 1 2 3 4 4 1 5 2 5 2 5 1 1 4 4 2 4 1 5 2 3 2 1 2 1 3 1 5 2 2 5 2 4 3 3 3 5 1 4 5 2 3 2 1 1 4 3 2 1 1 4 1 5 5 1 4 1 4 2 5 5 5 2 5 5 4 3 2 2 4 5 3 5 1 4 3 5 4 3 5 1 5 4 5 4 2 3 3 3 5 3 1 4 4 2 4 3 3 5 3 4 5 1 3 4 2 5 5 3 3 1 2 3 4 2 1 1 5 1 1 5 3 3 3 5 1 5 5 2 2 5 1 3 1 3 4 2 1 2 3 4 4 4 5 1 2 4 1 4 4 3 3 3 2 2 1 2 5 5 1 3 5 1 1 3 3 4 2 2 5 2 2 3 2 4 2 3 3 4 3 5 2 4 1 4 1 1 5 2 0 3 2 1 2
5 1 4 2 4 3 1 5 3 3 3 4 4 5 4 3 3 2 1 5 1 3 1 4 1 4 3 2 5 1 5 3 3 1 2 4 3 4 3 3 2 2 3 3 5 2 5 2 2 3 1 3 2 4 5 4 2 1 2 1 3 2 2 5 2 4 5 3 3 3 3 3 4 5 1 4 3 3 2 2 2 5 1 1 5 1 5 3 2 1 3 2 1 3 5 1 2 4 3 3 2 3 1 4 1 3 5 1 1 1 1 5 5 4 4 1 5 4 1 2 1 5 1 2 5 2 1 1 5 4 1 1 3 5 3 4 4 4 3 2 2 1 5 2 1 5 1 2 2 5 3 4 1 2 3 4 1 3 2 4 1 3 1 3 3 5 3 5 4 3 1 1 5 3 3 5 5 5 3 5 5 2 1 1 4 3 3 5 4 5 4 3 5 2 2 1 2 4 3 5 1 3 4 3 1 2 3 1 3 5 2 1 2 3 2 4 2 3 4 3 5 2 1 2 3 5 5 4 1 5 3 1 2 4 1 3 2 3 5 4 4 1 1 3 2 4 1 5 2 2 2 4 5 2 3 1 4 1 3 3 5 3 5 5 1 1 3 5 4 1 5 4 5 4 1 5 3 5 3 2 2 1 5 3 4 5 4 3 5 3 4 3 4 3 2 3 2 3 4 1 4 3 5 3 1 2 2 5 2 1 2 1 4 3 4 5 3 4 5 4 3 5 2 2 3 2 1 5 3 4 4 5 2 5 4 4 3 3 1 4 4 3 4 5 3 2 2 5 5 2 2 3 2 5 2 2 3 4 5 1 5 5 4 5 1 1 5 3 3 1 3 4 4 2 5 5 2 3 4 1 5 2 2 4 2 1 4 1 1 1 2 3 2 5 3 1 5 5 4 5 1 5 3 2 4 5 5 2 2 5 4 2 2 3 3 2 1 1 5 1 4 5 5 5 1 1 2 3 4 4 5 3 5 4 5 5 1 4 4 2 5 2 2 1 1 1 0 3 4 4
5 4 2 4 5 2 4 5 4 4 2 3 4 2 3 2 4 1 5 4 4 4 2 4 2 2 5 4 2 5 1 4 5 4 2 5 2 5 4 1 1 5 5 1 3 4 5 2 4 3 5 5 5 3 2 3 1 1 5 2 4 5 2 4 5 3 5 3 2 3 5 1 4 3 1 5 5 4 1 1 1 4 2 4 5 1 1 2 4 1 5 4 3 4 2 5 4 4 2 5 1 5 3 2 1 4 3 2 4 3 2 2 4 3 5 5 2 4 5 5 3 5 4 3 3 4 3 3 3 5 3 5 1 3 3 5 3 4 5 5 1 1 4 5 3 2 4 5 1 4 2 4 4 4 4 1 1 3 3 2 1 1 5 1 1 5 2 4 4 5 4 2 4 4 2 4 1 5 2 4 5 2 3 4 4 2 5 3 4 5 2 3 1 4 2 3 4 4 2 4 5 3 4 2 2 5 2 5 1 4 4 3 4 4 4 4 4 3 3 3 5 3 5 2 5 5 3 4 1 1 1 1 1 4 4 4 2 3 5 1 2 3 2 3 1 3 5 5 3 1 2 2 5 3 2 2 1 3 2 4 5 4 3 1 4 1 2 3 5 4 1 5 3 1 4 2 5 1 2 4 4 2 1 5 1 3 2 2 2 5 1 1 2 5 2 1 1 4 2 3 1 2 2 3 1 4 5 5 2 4 5 3 4 3 2 4 1 5 4 3 3 1 2 1 4 4 2 2 1 1 5 3 2 2 5 5 4 4 2 5 1 5 2 3 4 5 5 5 2 1 2 2 2 4 4 4 2 4 3 5 4 4 5 1 5 1 3 4 3 1 2 3 5 3 2 5 5 3 5 2 3 3 1 4 4 4 4 1 1 5 2 4 3 3 1 1 3 1 5 2 3 4 1 5 3 5 4 1 1 4 3 3 1 5 4 4 3 4 5 3 3 2 5 5 3 2 2 4 4 4 1 3 3 4 3 4 5 4 4 4 4 3 3 3 4 1 1 0 1 4
2 1 4 4 3 1 4 4 1 1 3 1 3 1 3 4 2 5 4 1 1 4 5 2 4 3 5 3 4 3 3 2 5 5 2 5 5 4 3 5 5 5 1 1 4 5 5 2 1 3 5 3 2 3 3 3 4 4 1 5 5 2 2 5 5 3 1 3 3 3 4 3 5 1 5 1 1 2 1 3 1 2 3 1 5 5 2 4 4 1 5 3 2 5 1 3 1 3 2 1 2 5 3 4 5 3 1 2 2 1 3 1 2 4 4 5 1 1 3 1 4 2 4 4 4 2 3 5 4 5 5 4 2 5 2 2 4 4 3 1 1 2 5 4 2 2 2 4 2 4 1 1 3 2 5 3 4 4 1 4 3 1 1 5 5 3 1 2 3 2 4 3 3 2 3 5 3 2 2 1 3 4 2 4 3 2 3 1 2 1 4 4 1 3 1 2 3 4 2 3 4 2 2 4 4 5 3 4 3 3 4 2 2 3 4 1 2 2 5 5 5 4 5 5 4 3 5 4 4 1 4 5 2 1 2 1 5 4 3 4 4 2 3 5 3 4 2 1 1 2 5 1 2 3 2 3 3 4 3 1 4 4 4 2 1 2 3 3 4 5 1 2 3 4 2 5 1 1 3 1 3 1 1 3 3 1 3 4 3 4 4 5 1 2 5 4 1 4 4 4 5 5 2 4 5 4 5 2 3 1 5 2 4 3 1 2 4 1 4 3 3 4 3 2 1 5 2 3 5 2 5 4 4 1 3 5 1 2 5 1 4 4 2 4 1 3 5 2 4 4 1 5 5 5 5 3 5 5 3 1 4 4 3 1 4 4 3 5 3 1 3 5 5 5 4 1 2 5 4 5 3 1 3 3 3 3 4 4 3 1 2 2 5 3 5 1 2 1 1 3 5 2 5 2 2 4 4 2 3 1 2 3 2 4 1 3 3 2 3 5 3 5 3 5 4 4 4 1 1 2 5 5 3 1 4 5 4 4 2 2 5 2 4 2 3 5 4 2 0 4
3 5 4 1 2 3 5 5 2 2 4 4 2 5 2 3 4 1 2 3 2 1 2 4 1 3 3 2 1 2 1 1 2 1 4 5 3 2 2 3 1 2 5 4 2 4 4 4 4 5 4 4 5 4 1 5 5 2 3 1 4 3 4 3 2 4 4 4 5 2 1 2 2 2 2 2 2 4 3 2 4 1 5 1 2 1 2 1 3 3 5 4 4 3 4 4 3 4 1 2 4 1 1 5 4 4 5 5 2 1 2 1 1 5 3 3 4 3 2 4 3 4 1 1 1 4 2 5 5 5 3 5 4 5 2 5 3 1 4 4 3 4 1 4 2 3 1 4 5 5 5 4 5 2 1 1 2 5 3 3 2 5 2 3 1 5 1 3 5 5 5 4 3 4 5 5 4 4 2 4 3 2 3 3 5 5 1 1 2 2 2 4 1 2 1 1 1 4 3 1 5 2 1 4 1 1 2 4 4 4 1 3 1 1 4 4 4 2 2 2 3 2 4 4 4 1 5 2 5 4 4 4 5 3 2 1 5 4 1 1 4 2 4 5 2 4 2 1 2 3 4 4 4 2 4 4 1 4 1 4 4 5 1 1 2 2 3 1 3 2 4 2 2 5 1 2 2 2 4 2 4 5 5 5 4 3 2 1 3 4 2 4 2 4 5 3 1 5 5 1 4 5 2 3 5 4 3 3 5 3 5 3 1 2 2 5 4 4 4 3 4 1 4 4 4 3 4 3 2 5 3 1 2 5 1 1 1 3 1 1 4 1 4 4 5 2 2 5 2 1 1 1 2 4 5 2 1 2 5 1 1 5 4 3 1 4 3 4 2 2 2 1 5 4 3 4 2 3 4 4 1 3 3 1 2 4 2 4 3 2 1 1 4 2 2 2 4 2 2 2 1 3 3 2 2 1 2 2 2 2 3 1 1 4 2 3 4 5 1 2 1 1 4 4 1 4 4 4 4 4 1 4 2 1 3 1 3 1 4 4 1 3 2 3 2 2 5 3 5 0
