350
32 5 11 15 105
34 37 50 21 130
28 32 6 45 10
18 9 18 8 124
15 34 30 15 90
9 7 24 19 92
38 37 16 10 18
22 32 12 11 140
31 29 30 16 59
20 8 28 46 102
31 11 49 13 107
28 37 39 36 40
6 25 13 7 88
45 43 25 50 114
21 11 48 32 82
12 37 18 7 49
50 26 50 20 80
24 8 18 48 21
9 8 34 27 9
13 29 6 16 7
6 28 24 12 105
25 35 7 12 20
50 12 6 31 53
16 13 46 14 78
41 39 48 11 109
28 48 43 27 15
23 10 19 16 26
43 13 36 28 78
46 26 29 50 20
7 37 35 31 111
27 24 41 49 3
35 34 10 6 103
43 21 15 20 118
38 42 45 10 70
16 23 46 47 134
28 44 23 15 119
48 9 26 6 69
25 17 7 17 6
8 44 11 49 90
45 17 6 14 113
6 26 12 11 82
36 47 23 21 67
37 37 35 49 129
8 25 17 36 104
34 13 24 11 102
11 28 37 9 77
17 24 22 7 18
48 45 31 44 98
13 20 33 15 127
9 46 6 33 92
43 36 9 19 6
34 32 40 18 17
30 45 17 32 105
14 6 36 22 46
38 26 18 29 35
41 17 21 16 53
20 12 45 9 26
35 22 8 13 113
23 15 36 11 20
40 46 6 29 44
39 23 39 49 83
29 28 37 26 132
25 15 23 32 121
31 5 44 37 28
30 46 39 22 136
5 31 37 6 99
38 38 7 12 38
24 27 7 47 46
42 32 32 37 0
31 27 49 34 91
25 30 17 42 61
14 43 6 46 28
48 6 23 18 107
33 20 25 26 133
13 47 37 27 112
30 21 35 21 14
34 43 8 37 11
10 50 18 10 71
20 6 27 28 34
42 11 17 23 35
6 50 7 23 113
49 45 35 9 129
32 33 5 37 10
16 50 24 13 59
32 23 46 6 42
42 18 13 39 115
9 35 31 10 1
17 48 31 50 137
14 5 49 47 45
16 36 38 19 19
26 6 38 25 84
21 21 24 28 108
9 36 12 13 86
42 43 39 45 93
10 7 25 12 24
25 11 23 8 104
15 9 37 10 106
18 30 38 28 132
33 25 27 35 135
11 26 48 35 92
46 36 13 35 4
25 18 30 50 16
15 48 27 11 130
39 38 29 45 67
49 33 46 40 14
35 32 27 40 92
12 17 21 20 51
36 33 22 28 89
39 24 16 18 7
18 10 44 16 54
16 15 44 49 79
20 37 8 7 27
34 5 24 13 81
20 22 39 17 121
6 50 6 5 6
37 35 42 32 60
37 44 20 27 122
49 25 16 46 66
36 9 18 45 92
24 9 40 31 33
45 16 11 45 121
18 37 47 5 71
7 38 37 49 125
13 40 8 29 25
8 19 18 18 72
5 7 35 38 107
21 8 40 40 31
44 13 17 24 131
21 31 50 37 97
43 14 12 47 109
43 27 50 16 14
28 14 29 34 124
50 12 26 20 1
16 46 15 12 95
24 44 5 27 50
49 10 33 41 93
10 14 18 20 14
5 36 38 25 85
49 22 12 46 4
42 7 26 34 72
47 20 11 40 103
43 12 42 9 58
50 16 50 38 55
29 29 22 15 28
26 6 19 13 127
12 31 23 42 114
44 41 36 20 32
47 21 49 8 22
39 35 38 33 124
15 15 43 7 109
22 12 47 29 0
40 15 9 12 87
5 14 8 47 28
24 24 27 9 18
32 24 6 19 116
44 28 33 22 73
31 14 26 40 52
18 21 47 14 17
10 35 24 37 74
30 10 19 24 137
25 43 42 32 29
15 29 46 28 43
50 33 31 39 48
43 20 25 46 11
9 29 42 37 81
36 7 39 19 30
26 50 14 20 129
25 45 28 15 47
8 14 32 8 129
8 33 34 10 23
40 35 48 7 74
47 19 46 19 27
14 11 20 8 96
10 13 42 19 39
8 22 44 39 93
26 47 23 24 33
19 11 37 46 82
34 12 8 32 27
10 38 44 31 27
30 24 46 34 140
13 28 16 21 130
43 39 17 33 54
13 37 21 46 79
25 33 6 21 89
26 7 17 33 20
16 22 47 25 1
31 33 46 22 53
25 49 29 46 53
49 12 29 6 49
25 41 38 27 121
24 38 13 28 10
6 43 29 40 125
5 12 44 41 40
23 16 14 26 117
18 39 21 17 6
37 7 29 46 2
44 44 41 34 114
44 29 5 17 73
16 11 8 22 132
40 16 7 34 3
34 23 32 33 48
11 37 15 35 130
27 32 15 29 36
28 37 29 40 61
35 28 14 45 113
15 23 10 5 62
12 18 32 40 0
28 40 23 39 7
49 27 49 30 34
21 12 28 33 79
20 14 28 16 70
41 46 41 16 132
17 49 39 37 38
33 12 19 27 67
8 47 31 43 131
20 13 10 15 21
31 6 42 13 48
21 41 7 44 43
21 27 19 21 116
25 45 24 38 119
32 7 6 19 70
9 20 48 37 13
43 23 18 42 68
30 18 41 18 69
18 26 5 7 80
23 36 41 24 17
41 37 23 22 17
28 50 13 46 114
7 20 7 49 92
9 16 39 22 22
16 14 7 23 88
12 9 39 23 85
12 23 18 43 120
10 17 18 48 105
21 26 9 13 113
25 14 43 19 60
8 8 45 14 30
27 9 18 8 25
5 27 33 48 70
7 9 30 41 126
23 12 33 41 93
35 25 26 15 110
19 39 29 35 121
42 26 25 44 2
28 40 12 41 36
49 14 6 15 2
11 47 12 9 68
49 32 18 19 73
18 34 21 49 94
32 31 15 14 94
38 27 19 11 21
10 21 44 33 27
25 43 28 48 5
22 26 6 18 32
30 28 44 42 89
9 15 12 32 57
39 32 13 14 127
29 19 13 5 79
12 9 23 50 24
5 39 20 18 122
36 41 39 44 60
38 5 11 47 122
33 21 23 40 3
39 33 36 45 60
49 20 17 22 69
13 21 44 39 129
36 30 23 19 71
42 50 35 9 96
46 27 25 16 99
49 26 25 48 70
38 28 19 5 34
26 47 27 21 62
42 39 15 35 28
24 34 43 7 46
43 20 25 31 130
17 37 29 45 77
44 18 37 35 102
30 19 41 8 13
29 16 16 32 83
37 39 39 37 7
11 15 12 35 58
18 34 14 26 83
44 47 45 47 139
29 33 36 7 57
36 29 14 37 82
5 13 40 33 69
40 16 12 27 131
47 44 9 12 106
39 42 18 22 110
28 5 8 21 33
44 6 5 28 8
11 6 39 47 122
32 11 32 38 112
43 22 19 41 78
35 14 35 20 33
50 22 49 50 139
36 50 42 37 16
13 22 29 6 5
44 9 28 6 136
15 33 46 29 68
10 19 14 12 116
29 21 44 33 118
39 23 26 48 123
30 16 48 29 98
21 9 8 13 14
39 41 35 25 40
48 27 28 48 9
13 36 14 27 94
33 46 48 26 87
41 29 30 15 27
24 19 45 13 138
28 17 25 38 36
9 9 5 25 2
34 16 15 49 7
41 38 14 22 128
13 41 14 23 132
23 6 24 14 101
46 46 48 22 29
34 26 32 39 21
46 22 50 45 50
8 50 5 34 125
24 47 30 37 50
9 38 44 31 5
42 25 28 35 66
27 20 31 5 46
29 18 15 44 3
26 27 9 8 71
41 47 19 10 101
43 29 38 43 98
23 10 17 42 82
35 45 17 39 3
40 16 38 47 104
46 41 13 37 79
25 28 35 8 137
19 37 15 36 125
5 15 12 20 116
47 17 41 42 109
37 29 28 32 131
25 27 14 48 10
44 17 13 6 52
28 41 15 23 23
7 22 39 25 94
26 35 39 42 20
43 33 47 35 10
9 25 21 23 89
35 18 12 39 62
12 7 42 19 74
37 44 17 28 12
32 5 26 37 140
35 36 27 31 65
0 2 1 1 3 2 3 3 3 5 1 4 4 5 4 2 2 1 4 4 1 4 2 3 4 4 2 1 5 5 3 2 3 5 5 1 5 1 2 1 2 4 5 2 1 1 5 5 2 2 3 3 2 4 3 3 5 1 1 1 4 4 3 1 3 4 2 3 3 1 4 3 3 2 5 4 5 4 2 5 2 4 3 3 5 2 5 1 2 4 4 5 1 3 4 2 4 2 1 2 2 2 4 5 1 4 5 5 4 4 1 1 3 2 2 4 2 1 5 2 4 1 1 2 2 4 2 1 4 3 4 5 4 2 2 3 5 3 2 2 4 5 1 5 1 3 4 4 2 2 2 5 2 1 3 1 5 1 5 1 5 1 3 1 1 4 1 5 5 5 2 1 5 1 2 4 5 3 4 4 5 2 3 3 3 4 1 1 1 2 3 2 2 5 4 2 1 2 4 2 5 3 3 4 2 3 4 4 1 5 4 3 2 3 4 3 3 1 4 4 4 2 3 4 2 1 5 1 3 2 5 5 5 1 4 4 5 3 4 4 1 3 3 3 4 2 4 4 4 5 4 4 4 1 3 1 1 4 4 2 5 2 3 3 3 3 4 4 4 2 4 1 3 2 5 1 3 3 2 3 3 5 1 3 3 1 1 1 4 2 2 2 3 5 5 3 2 4 1 2 1 3 5 4 4 4 4 4 4 2 5 5 2 2 1 2 3 5 4 5 3 4 2 3 2 4 4 5 5 5 3 2 3 2 1 2 3 5 2 3 3 5 3 4 4 2 4 3 4 3
2 0 1 3 5 3 5 1 2 3 5 2 4 5 4 4 2 5 1 5 4 3 2 5 2 3 5 2 1 3 4 5 3 5 3 1 3 1 4 3 2 4 2 2 4 2 3 3 1 2 2 3 4 5 2 4 1 2 3 5 3 4 4 3 3 3 3 3 1 2 5 1 5 3 4 4 3 1 1 4 3 3 3 4 3 4 1 5 4 2 3 5 4 1 2 4 5 2 4 2 2 5 3 3 3 1 5 5 3 4 1 1 4 1 4 1 5 5 2 2 3 3 1 2 5 4 5 5 4 4 4 2 5 3 2 3 1 1 4 3 1 2 3 4 5 4 4 5 4 5 1 3 3 2 3 1 5 4 1 2 1 2 5 4 4 3 2 3 4 4 2 4 1 4 5 1 1 5 3 4 3 1 3 2 2 2 5 1 2 4 5 5 3 4 5 1 3 3 5 2 3 2 3 4 5 4 1 5 2 5 2 4 4 1 2 4 4 2 5 3 3 2 3 2 4 4 4 4 5 3 2 5 1 1 5 2 2 1 2 3 3 5 3 2 2 2 2 5 3 5 4 2 5 5 2 5 1 4 5 3 2 3 2 1 1 5 1 2 5 3 3 5 3 2 1 4 5 1 1 4 3 4 3 1 2 1 3 3 2 3 2 4 2 2 2 2 4 2 5 5 2 3 2 4 5 1 4 3 5 5 4 1 2 4 3 3 4 2 2 2 4 4 1 3 3 1 1 2 2 5 3 2 4 3 3 2 3 2 4 3 1 3 2 3 4 3 4 2 4 5
1 4 0 4 1 2 5 4 2 2 4 5 3 3 1 5 1 3 3 3 5 4 2 3 4 1 5 1 3 5 4 3 5 3 2 5 5 5 2 4 2 2 2 4 2 1 4 3 5 2 1 1 1 2 2 2 1 2 1 4 2 1 1 4 4 3 2 5 3 4 4 4 3 2 4 4 1 2 5 2 1 3 4 4 5 1 4 1 1 4 5 5 3 1 2 1 2 3 5 5 1 3 5 3 2 5 1 1 2 2 3 3 2 2 3 5 2 1 5 5 5 1 3 5 4 1 1 4 1 2 1 3 3 4 4 2 5 2 5 2 5 3 1 1 1 1 4 5 1 2 3 2 4 3 1 3 1 3 4 1 1 3 3 4 3 2 3 5 5 4 3 3 5 5 1 1 4 3 5 3 5 5 1 4 1 4 1 2 1 4 1 5 2 2 1 2 3 1 2 1 5 3 4 4 3 3 1 1 1 4 4 3 5 2 5 2 2 5 5 1 5 2 2 5 4 4 3 2 3 5 5 4 1 5 2 2 5 2 3 2 4 1 5 4 5 3 3 5 2 2 5 2 5 1 4 1 4 2 2 3 5 1 1 3 2 4 2 3 5 1 3 4 1 3 1 2 3 4 1 4 4 2 5 5 5 3 3 1 5 4 2 1 5 1 4 5 5 1 4 2 2 4 3 3 4 5 4 4 3 5 3 2 3 4 1 5 2 5 5 5 3 5 3 1 1 3 4 4 4 5 1 3 5 2 2 4 4 1 4 3 5 2 3 5 4 3 5 1 4 4
3 4 3 0 2 4 4 2 1 3 3 5 5 3 1 5 1 2 1 3 1 1 5 2 2 5 4 1 4 5 5 3 3 2 1 5 2 1 2 5 5 2 4 3 1 2 2 4 3 1 4 2 2 4 5 3 2 4 4 1 2 4 4 4 5 2 1 1 2 5 4 4 5 4 5 3 4 5 5 1 2 3 1 2 4 2 1 2 4 3 3 5 2 1 2 4 5 1 5 4 2 4 5 1 4 4 2 1 3 5 2 4 2 1 1 4 4 3 1 5 4 1 5 4 3 1 1 4 3 4 2 2 1 4 2 1 4 1 4 3 4 5 2 2 1 2 4 2 2 3 1 1 3 2 1 4 1 4 4 5 1 4 3 2 4 3 4 5 1 5 5 5 2 1 2 3 4 5 2 5 5 4 2 4 5 1 5 3 5 4 5 5 3 4 1 4 4 3 3 2 3 2 1 4 3 4 3 3 3 1 4 2 3 3 3 2 4 5 3 5 2 1 4 4 2 2 1 2 1 5 4 1 4 3 5 3 2 2 4 1 3 1 3 2 2 3 4 2 2 2 5 1 2 3 3 3 4 4 5 1 2 3 4 5 1 4 3 1 4 1 4 2 3 4 3 1 1 4 2 3 2 2 1 4 1 1 5 5 4 3 1 3 4 1 5 2 4 1 1 5 4 5 1 5 2 2 5 1 1 1 4 4 1 5 2 4 2 1 5 2 1 1 2 4 4 3 2 2 1 4 3 2 5 5 5 1 1 4 2 3 3 2 5 3 4 5 1 1 2 1
1 5 5 2 0 1 1 2 1 1 2 3 2 4 1 2 2 3 2 3 2 1 1 3 3 4 3 2 5 4 2 1 3 4 4 2 4 3 5 4 5 2 1 3 5 1 1 5 3 1 1 3 1 2 4 2 1 3 4 5 5 4 4 3 5 3 2 1 4 5 2 3 2 1 4 2 2 4 2 4 4 1 4 1 5 5 4 1 4 3 2 5 4 2 4 1 3 1 1 2 3 2 1 1 2 2 1 4 5 1 4 5 2 4 2 1 1 2 1 2 5 2 2 4 5 3 1 1 5 4 3 1 1 2 4 4 5 4 5 3 4 5 1 5 2 3 1 5 3 2 5 2 2 2 3 5 5 2 4 4 4 4 3 5 3 3 1 1 2 5 5 2 1 4 4 4 1 1 3 1 3 5 2 1 1 3 3 5 4 4 2 1 1 1 3 4 5 4 2 4 4 1 4 3 1 2 4 2 1 3 1 1 2 3 2 4 3 4 5 2 4 2 5 4 4 3 1 4 2 1 4 5 4 5 5 1 3 4 1 3 3 5 4 1 2 5 1 2 5 4 5 3 3 1 5 5 2 2 4 4 4 1 3 2 3 5 4 5 5 1 4 1 2 1 1 3 3 4 4 3 1 5 2 4 1 1 3 3 1 3 3 2 1 5 5 3 2 5 2 4 3 4 4 1 2 4 1 3 2 2 2 1 1 1 4 5 4 2 1 3 3 3 1 2 3 2 4 3 3 5 5 3 2 5 2 2 2 4 2 3 1 4 4 3 4 4 1 4 1 3
4 3 4 1 2 0 3 1 1 1 5 5 5 2 5 5 5 2 5 4 4 2 5 2 3 5 1 3 2 2 4 4 1 2 1 5 1 5 5 3 3 3 2 3 4 2 3 2 1 4 5 1 3 5 4 4 3 1 2 1 2 5 2 2 2 4 3 3 2 5 3 5 5 1 1 2 1 5 5 4 4 1 4 4 3 5 2 3 1 4 1 5 2 4 5 1 4 5 5 2 5 5 2 3 3 4 4 5 4 1 2 2 3 5 2 5 2 4 3 4 2 3 1 1 1 3 3 1 2 2 3 2 1 1 3 5 5 1 4 5 4 1 2 5 2 4 4 5 4 3 1 5 2 3 4 5 2 2 3 3 2 3 5 5 3 2 2 4 4 3 5 2 4 4 5 5 4 3 5 1 3 2 5 5 1 5 4 1 3 4 3 4 1 4 5 5 5 4 2 3 1 1 5 2 4 3 4 2 5 5 5 1 5 4 5 2 4 3 1 1 2 3 1 2 4 4 1 5 5 2 4 1 5 1 1 1 3 4 4 4 4 4 2 4 5 3 5 1 3 1 4 1 1 5 3 3 3 4 1 3 4 2 5 5 2 1 5 2 4 4 4 2 5 1 5 3 3 4 4 5 2 5 2 1 5 3 1 5 4 1 2 3 1 2 3 1 5 2 3 5 3 2 3 2 4 3 5 1 5 1 1 1 3 4 4 2 2 1 4 4 2 3 4 3 3 3 2 2 5 1 4 3 2 5 1 1 1 1 3 1 1 3 2 3 4 2 1 2 1 2
3 3 5 3 5 5 0 3 3 4 5 1 2 5 2 4 3 4 4 1 5 3 3 2 2 2 3 5 4 4 1 4 4 5 3 5 1 5 5 2 3 2 2 3 2 3 5 1 2 5 3 5 2 5 2 3 2 1 4 5 4 5 4 2 4 2 4 3 2 1 1 5 2 2 3 4 5 4 4 3 2 4 2 4 2 4 3 1 1 5 5 1 5 2 3 4 1 2 3 1 2 3 2 5 4 3 5 4 5 5 4 5 3 1 2 5 2 3 4 3 3 1 4 1 3 4 4 5 4 2 2 1 5 1 3 2 1 1 2 1 4 3 4 4 2 2 5 4 5 2 5 1 2 5 2 3 2 4 2 4 2 1 4 2 2 4 4 3 3 5 2 3 2 3 4 3 2 4 5 2 3 4 3 5 1 5 2 5 5 4 4 4 2 4 5 1 3 3 1 3 3 4 3 1 1 1 2 3 3 4 5 2 5 1 2 5 1 2 1 1 2 5 4 1 4 1 1 2 2 1 2 2 3 1 5 4 5 1 3 4 1 1 2 4 4 1 3 2 5 4 4 5 2 5 3 2 4 1 2 1 4 2 4 2 1 5 4 3 5 4 2 4 1 3 2 4 3 3 4 2 1 5 1 5 2 4 3 2 1 4 2 5 4 5 4 3 4 1 4 3 4 4 4 3 4 5 4 2 5 5 5 4 3 1 5 3 5 3 4 5 2 4 2 4 1 4 5 4 3 5 1 2 2 3 3 2 5 3 1 3 5 2 3 4 5 5 2 5 1 2
2 4 5 5 3 4 3 0 4 5 5 5 5 5 3 1 4 2 4 5 1 1 1 1 1 5 2 2 5 5 2 4 3 2 5 3 2 2 5 4 4 1 3 5 2 2 2 1 2 5 2 1 4 5 5 4 4 2 4 1 2 4 2 2 5 3 4 3 1 1 1 5 5 5 5 2 5 4 4 2 5 4 2 2 1 3 2 3 4 4 2 4 3 5 3 1 1 3 1 5 4 4 1 1 3 5 5 4 1 3 1 1 1 2 2 3 1 4 4 2 1 4 3 4 4 4 3 4 1 5 3 4 4 5 3 5 3 3 2 2 1 1 1 1 5 5 3 5 3 3 1 3 2 3 5 2 4 2 2 4 4 3 4 2 5 2 1 1 4 2 1 3 5 2 4 5 3 5 1 3 5 1 3 5 3 5 2 2 3 2 4 5 2 1 4 4 5 3 4 2 5 5 1 4 1 1 2 2 4 5 3 2 4 2 2 4 2 1 3 1 3 1 1 3 2 5 2 4 2 1 4 3 2 2 1 1 2 3 1 5 1 3 2 3 4 5 5 4 3 5 1 3 1 1 4 3 2 4 1 4 5 1 2 4 3 5 2 4 4 5 3 4 2 4 1 2 5 5 1 2 1 5 5 2 4 1 2 4 5 1 2 3 2 3 1 4 1 2 5 3 3 5 4 2 2 1 3 1 2 3 1 5 1 5 3 1 5 1 4 2 3 2 2 5 4 2 1 3 1 3 2 2 3 3 2 2 1 4 4 3 2 3 4 5 3 3 4 2 1 2
2 3 3 5 5 2 2 1 0 1 1 5 4 1 2 3 3 5 1 2 3 1 5 1 2 2 1 2 4 5 5 2 3 3 1 5 3 4 4 1 4 3 5 4 4 2 3 4 5 1 3 4 1 1 2 4 2 3 2 2 5 2 1 3 4 2 1 2 4 5 3 4 1 2 2 5 5 3 2 1 1 1 1 2 5 4 1 2 3 1 1 1 1 4 2 4 1 4 1 1 3 2 2 3 3 1 5 2 1 4 5 2 1 1 3 4 5 1 2 5 3 4 1 3 3 2 1 1 4 1 3 1 2 1 4 1 3 4 5 1 3 1 2 3 5 5 4 5 2 2 4 3 1 3 4 4 4 2 3 2 2 3 2 1 1 2 4 4 1 3 5 1 5 3 5 4 1 5 1 2 3 3 4 2 2 5 2 5 5 3 1 4 4 3 2 2 3 1 3 1 2 4 1 5 2 2 2 3 2 5 5 3 3 4 5 1 1 2 5 3 1 1 3 4 2 2 3 3 1 4 3 5 5 1 3 3 1 2 4 4 5 2 1 4 1 3 4 2 4 4 1 4 1 3 3 4 2 4 5 4 5 1 3 5 5 3 1 4 3 4 1 4 4 1 1 4 3 5 5 4 1 1 2 2 4 2 1 4 2 2 4 5 5 5 4 4 3 5 3 3 1 2 3 5 5 3 1 1 5 5 1 5 3 1 1 4 1 1 4 2 2 4 3 4 2 5 3 2 4 5 2 4 1 5 1 4 2 3 4 2 4 3 2 1 4 1 1 1 4 4
4 4 5 3 3 2 1 1 3 0 4 1 4 4 1 5 1 5 5 3 1 5 1 1 2 5 4 1 3 1 1 1 4 4 4 5 5 2 1 4 1 5 1 4 3 5 4 5 2 3 4 2 2 4 2 5 1 3 5 5 1 2 5 1 2 1 3 4 4 2 5 3 3 4 5 5 3 3 5 2 2 4 4 3 4 1 4 5 3 5 5 1 5 1 2 5 1 2 1 1 5 2 3 2 2 5 4 3 3 5 4 1 4 5 4 1 1 3 5 4 4 3 3 4 3 1 3 3 5 1 1 2 4 2 3 2 3 3 1 3 4 4 5 3 5 4 3 1 4 2 5 4 3 5 4 2 5 5 5 1 3 2 2 4 1 1 4 4 1 1 1 3 4 2 5 4 2 1 3 3 3 3 1 2 1 1 5 4 2 4 5 5 1 3 3 4 4 1 1 2 1 3 5 4 2 4 5 1 5 4 2 3 1 4 5 2 3 5 5 1 3 4 4 5 3 5 2 5 5 3 2 5 5 1 4 4 4 2 3 2 4 5 2 1 3 2 1 2 3 5 2 4 1 3 5 5 3 4 4 2 5 4 4 5 2 3 1 1 2 5 2 5 3 4 5 5 2 5 2 3 5 3 3 3 2 2 2 1 2 2 1 4 3 4 3 5 3 1 3 4 3 2 2 2 5 3 4 5 5 2 1 4 2 3 5 4 5 2 1 5 2 4 4 4 1 2 3 3 2 1 2 4 1 1 5 3 5 2 1 3 3 2 2 2 4 5 5 1 1 5
1 2 3 5 4 1 1 5 4 1 0 2 5 2 5 2 4 3 3 4 1 1 4 5 2 3 5 4 4 3 3 2 3 1 4 3 5 2 1 1 3 1 2 2 4 2 5 3 4 4 3 2 4 1 4 4 2 3 4 1 2 1 5 1 2 3 2 2 1 1 4 5 4 1 5 5 2 1 5 1 5 5 4 4 5 2 5 2 3 1 1 3 1 1 3 2 2 4 2 3 5 5 3 5 3 5 1 4 4 1 5 1 4 2 1 5 1 4 3 4 3 3 5 1 4 3 2 1 4 2 4 2 3 2 4 2 1 3 5 2 3 4 3 3 5 5 2 3 2 4 3 1 3 2 5 1 4 3 3 3 3 5 1 1 3 2 3 2 1 3 2 3 4 1 4 2 1 1 2 5 5 5 4 4 3 1 2 4 4 3 5 1 2 4 4 1 2 3 4 3 1 1 3 4 2 3 3 3 5 1 1 2 1 5 2 3 4 4 2 3 4 2 1 2 1 4 4 2 1 4 1 4 4 4 1 3 4 5 2 5 3 2 1 5 1 2 1 4 3 1 3 2 5 5 1 5 5 1 1 4 2 4 2 3 1 5 2 4 4 1 1 2 2 4 1 3 3 3 1 5 5 4 2 1 3 1 1 2 4 4 4 5 1 5 5 4 5 1 3 3 1 2 4 3 2 1 4 5 4 2 5 2 2 4 4 1 4 3 3 4 1 3 4 3 1 4 4 3 1 1 5 2 5 5 1 3 1 5 5 3 1 3 4 4 5 2 1 2 2 1
1 2 4 5 2 2 3 5 2 5 4 0 4 2 5 4 1 5 2 2 2 5 4 1 1 3 4 4 2 2 1 3 4 2 3 1 1 3 3 2 4 3 5 1 4 2 3 3 5 4 1 1 4 3 5 1 2 2 4 2 2 1 5 1 5 2 5 5 3 3 3 3 3 2 5 1 1 5 2 5 1 2 1 1 5 5 5 1 1 4 3 4 3 3 4 4 3 3 1 2 2 5 2 3 5 1 5 3 2 2 5 5 1 3 2 5 1 4 4 1 3 1 4 2 1 3 1 2 3 4 3 5 4 1 3 4 4 2 5 4 2 3 4 2 2 1 2 5 5 4 1 1 2 3 2 2 2 2 4 4 2 4 5 4 2 1 1 5 2 1 3 1 2 4 3 2 3 5 5 2 1 5 3 5 3 4 4 4 1 3 4 3 1 2 5 4 3 3 2 5 5 5 3 5 2 1 1 4 4 3 3 5 3 1 2 4 4 2 3 2 4 1 5 5 3 5 4 4 4 4 5 5 2 1 5 1 3 1 1 4 3 3 3 4 1 5 1 5 3 2 5 3 1 5 1 2 5 4 1 2 5 4 1 2 3 5 3 4 5 5 3 3 4 1 1 1 5 3 5 4 4 4 3 1 2 4 3 1 3 2 2 3 3 5 3 4 1 4 2 5 2 3 2 4 4 4 3 5 4 3 2 5 2 4 2 5 1 3 2 1 2 4 1 2 1 1 4 4 3 4 2 3 3 1 3 4 1 2 3 5 5 1 3 5 2 2 5 5 2 5
2 4 4 4 3 3 1 4 1 3 2 1 0 4 5 1 1 3 2 3 1 5 1 3 1 3 1 5 2 5 3 5 2 5 5 5 1 3 1 4 3 1 5 1 5 4 4 1 5 3 1 1 5 4 4 2 5 3 5 2 2 2 4 2 3 3 4 4 3 5 4 5 1 1 4 1 5 4 1 2 4 2 1 5 1 5 4 5 4 3 3 2 1 5 3 4 5 2 4 5 3 4 3 5 5 5 2 3 2 2 2 3 1 5 4 3 4 2 5 4 3 1 2 2 2 2 4 1 3 5 4 4 5 2 1 5 3 1 4 1 1 2 2 4 4 5 3 2 1 4 3 3 4 2 5 1 4 4 4 1 2 1 2 2 5 1 1 5 2 3 5 4 5 4 1 2 5 5 5 3 3 5 2 5 3 5 1 5 3 4 5 1 1 4 3 3 2 3 3 3 3 4 1 1 5 1 3 2 3 3 5 3 2 4 1 4 2 4 2 1 3 1 5 1 3 1 5 5 5 5 2 3 2 3 1 1 3 1 2 3 3 4 2 3 1 2 4 4 2 3 5 3 2 5 2 3 3 3 5 3 5 3 4 1 3 4 5 4 4 1 1 1 2 4 1 4 1 3 1 5 1 5 5 3 2 4 4 5 5 3 1 5 2 1 1 2 5 2 5 5 5 1 1 3 2 2 2 2 1 5 2 3 1 4 1 5 4 2 5 1 3 3 4 4 3 5 2 1 4 4 4 1 4 4 5 3 5 4 4 3 2 1 5 1 3 2 3 4 3 4
1 5 2 1 4 5 3 3 1 5 3 5 3 0 2 5 1 1 4 5 4 2 3 3 3 5 5 1 3 3 3 2 4 2 1 4 5 5 3 2 4 2 1 1 4 4 1 2 3 3 5 1 2 4 4 4 5 1 1 4 5 2 4 3 5 1 5 2 5 4 4 4 4 5 3 3 5 1 1 4 5 2 1 1 4 4 4 4 4 3 3 1 2 3 2 2 5 5 5 3 3 2 1 4 2 3 2 4 1 1 4 3 4 1 3 1 5 4 3 4 1 1 3 5 2 3 3 1 3 5 4 4 5 1 1 5 3 3 4 3 2 1 1 2 1 1 4 2 4 3 2 4 4 1 1 5 4 3 2 5 2 3 2 2 1 2 5 1 1 4 5 4 2 4 3 2 1 5 2 2 5 4 5 5 3 3 1 5 4 1 4 5 3 2 3 3 4 3 1 2 3 1 5 4 2 2 5 3 4 1 1 1 4 4 4 4 5 3 4 5 3 4 2 1 3 3 1 3 2 3 1 3 5 2 4 2 2 5 4 3 4 4 4 1 1 4 3 2 3 1 5 2 2 3 5 5 3 3 3 4 1 1 2 5 5 2 5 4 3 5 4 3 4 3 2 4 4 5 3 3 4 4 2 4 4 3 1 4 3 4 3 5 2 4 1 1 5 1 5 3 2 3 3 4 4 1 1 3 1 4 3 4 1 5 4 1 3 3 5 4 2 4 2 2 2 3 3 5 2 1 2 1 2 2 4 1 4 4 2 2 2 2 1 2 2 5 1 3 3 1
2 1 4 5 5 3 1 4 5 3 2 2 1 3 0 2 3 2 3 4 3 4 5 5 1 3 2 2 3 3 5 3 1 3 4 1 4 2 5 3 5 1 3 5 1 4 3 1 4 4 3 5 3 2 1 1 2 4 2 2 1 2 5 4 3 1 5 4 2 1 4 5 3 3 4 4 1 2 5 1 1 5 4 2 4 5 4 4 4 5 5 2 3 3 1 3 3 5 1 1 1 5 3 5 1 5 3 5 5 4 5 3 3 5 1 4 4 5 1 2 5 1 4 3 3 4 2 1 3 2 3 1 1 4 2 3 5 4 5 3 2 2 4 1 3 1 5 4 3 5 2 4 4 2 2 1 3 1 4 5 4 1 3 2 3 5 5 2 4 3 3 2 3 4 2 3 1 3 2 2 3 4 3 2 3 4 4 2 1 5 4 3 4 1 5 4 3 4 5 3 3 3 2 1 2 4 5 1 4 2 5 2 1 1 2 3 4 1 2 5 4 4 1 2 2 3 2 5 4 3 5 1 4 2 3 5 4 3 4 5 3 4 5 4 3 1 2 3 2 2 4 4 4 2 2 4 4 1 1 1 4 1 3 3 4 1 4 3 2 5 1 2 4 1 3 3 1 2 5 1 1 4 4 2 3 4 3 1 2 1 4 3 2 3 1 1 4 3 5 2 3 1 3 1 2 4 2 1 5 1 2 3 3 5 5 2 2 1 3 2 2 5 2 2 4 2 1 4 5 2 2 5 4 1 2 1 2 5 5 2 3 5 5 2 4 1 3 2 4 1
1 1 2 4 3 1 1 5 1 5 3 1 2 2 2 0 4 1 3 3 1 4 2 3 5 5 1 4 2 3 4 4 5 1 3 3 2 2 4 2 4 2 5 4 4 2 1 2 4 5 5 4 1 4 3 5 5 1 1 4 3 4 4 4 1 4 4 4 1 5 1 5 4 2 4 4 4 1 5 3 2 3 1 4 3 5 4 5 3 2 4 4 4 2 3 4 4 4 5 5 3 2 2 3 4 1 1 2 1 1 3 2 1 1 1 2 5 5 3 3 2 1 4 2 1 2 3 2 2 2 3 1 5 2 3 5 5 4 4 2 3 1 3 1 1 4 2 2 3 2 1 5 2 5 5 3 1 5 1 3 1 3 3 5 5 4 1 4 3 2 2 5 2 3 4 5 1 1 1 4 5 2 4 3 2 5 3 1 4 5 3 5 4 3 2 1 1 3 2 4 2 2 2 5 3 3 2 3 1 4 5 2 4 5 2 2 4 3 5 3 4 2 2 2 1 1 5 5 4 4 5 3 1 3 2 4 1 4 3 4 2 5 1 2 3 4 2 1 2 2 2 4 5 3 4 3 4 1 4 4 1 1 3 3 5 3 1 5 5 3 3 2 2 2 1 5 5 1 3 4 1 5 2 1 4 1 4 5 4 3 3 5 3 1 4 1 4 1 3 3 3 3 2 2 1 4 3 4 3 1 4 1 2 4 4 2 4 3 2 2 1 1 2 2 3 3 3 4 1 4 1 5 2 3 1 2 4 3 3 1 2 2 1 1 2 3 4 5 1 1
2 3 1 5 2 2 2 4 1 1 3 1 5 5 4 5 0 2 3 5 1 3 1 1 4 3 1 1 5 1 2 5 1 5 5 5 2 4 4 5 4 3 5 3 1 3 5 3 1 5 2 5 3 4 4 2 3 5 3 4 4 1 1 2 1 2 2 5 3 4 3 2 4 1 1 3 4 3 2 3 3 4 1 1 5 5 4 4 4 1 1 1 1 1 4 5 3 3 5 4 2 2 5 4 4 2 3 1 4 3 2 1 2 4 3 4 4 4 5 5 5 2 5 4 1 2 4 4 2 4 1 2 1 2 4 5 3 2 2 3 5 4 5 4 5 4 2 5 4 1 2 1 4 1 3 1 1 3 4 2 2 5 1 5 2 4 4 4 2 5 3 3 4 1 2 1 4 3 4 1 2 4 1 4 4 2 3 2 3 1 5 3 1 2 4 3 4 2 1 3 1 1 4 3 2 1 2 5 4 5 2 3 1 1 2 3 3 2 3 2 2 2 4 1 4 3 2 2 5 1 5 1 1 1 2 4 3 5 2 2 2 1 3 5 4 5 2 5 4 3 5 5 4 2 2 5 3 2 4 4 4 3 2 4 2 2 1 4 3 2 3 3 4 3 4 5 2 2 2 3 5 4 2 3 1 2 1 1 4 2 3 1 4 2 3 2 3 1 5 4 3 5 4 1 2 4 5 3 1 3 1 4 3 4 4 1 1 4 2 2 3 1 5 1 4 2 4 4 1 1 4 1 5 2 4 2 2 4 2 1 4 3 4 5 3 2 2 3 1 4
4 4 4 4 4 2 1 1 3 3 1 5 2 3 3 3 1 0 3 1 3 4 4 4 4 2 3 5 2 5 4 1 3 1 2 5 3 4 3 2 3 1 3 3 2 5 5 5 1 1 3 5 4 2 2 4 2 3 4 4 2 1 4 1 2 1 3 4 2 2 5 3 1 4 5 5 3 5 4 5 1 1 3 5 1 5 2 5 4 4 5 4 1 1 2 5 5 4 5 4 2 2 2 5 1 4 2 3 4 5 4 1 3 2 4 5 2 5 3 5 3 3 2 1 2 3 3 1 1 3 3 1 2 1 4 3 5 3 1 1 2 2 4 3 4 1 4 1 1 1 4 3 2 1 1 1 1 1 3 2 4 5 2 5 3 2 3 5 2 1 5 3 2 5 1 4 3 1 1 4 2 2 2 5 5 1 2 1 1 1 4 1 1 4 4 2 1 4 3 4 4 2 3 3 4 3 4 5 5 4 1 2 5 3 3 1 5 5 3 1 4 3 4 1 4 3 5 3 4 4 4 4 2 4 3 2 2 3 4 3 4 2 3 1 4 1 3 5 1 3 3 5 2 5 2 4 3 4 3 2 1 1 2 3 3 3 4 3 2 5 3 5 3 1 2 1 1 5 5 2 2 4 1 1 2 4 4 5 3 2 4 4 1 5 2 2 3 4 4 4 3 5 4 5 4 3 5 4 1 5 3 4 2 4 3 3 1 1 5 2 1 5 5 4 4 2 4 5 3 2 3 1 2 3 1 4 5 4 5 1 2 2 3 4 4 5 1 3 3 2
3 4 1 4 3 5 4 5 1 4 3 1 5 1 4 3 3 5 0 5 3 1 4 4 5 5 1 4 5 1 4 2 1 3 1 4 1 4 5 5 2 3 1 4 2 5 4 1 5 3 1 4 3 2 3 3 1 3 2 2 3 5 2 4 1 3 4 5 4 1 1 3 5 1 4 5 3 3 4 4 2 3 2 5 4 2 2 3 1 3 4 1 2 3 2 3 5 5 5 4 2 3 1 5 5 1 4 1 5 1 3 5 3 4 3 1 4 3 2 5 4 2 3 3 1 3 2 2 3 3 5 1 1 2 3 5 5 4 4 5 1 4 4 2 5 5 5 5 1 5 4 1 3 1 5 1 2 3 1 4 5 5 2 1 4 2 1 3 5 1 5 2 5 2 4 3 3 3 3 5 5 1 4 4 2 1 2 4 3 2 5 5 1 5 3 5 5 1 5 3 4 5 4 5 1 3 5 5 3 4 3 1 5 3 1 1 2 2 1 2 1 2 1 2 3 4 2 2 1 1 2 2 3 3 2 4 5 2 1 2 1 5 5 3 5 3 3 4 4 2 2 3 1 4 2 5 1 2 3 1 4 4 3 3 4 3 3 2 1 2 2 4 5 5 4 4 4 5 5 1 4 4 5 3 2 3 3 3 5 1 2 1 4 1 2 4 2 1 4 5 2 1 3 2 1 4 3 3 1 5 5 2 1 3 5 2 4 3 5 3 1 5 5 1 4 2 3 3 3 1 3 1 4 4 3 3 4 5 1 1 3 2 5 2 2 3 1 4 3 4
1 3 3 3 4 5 2 3 4 4 3 3 5 3 1 2 3 2 4 0 2 4 2 2 3 4 4 4 3 2 5 1 1 4 4 4 1 1 5 3 1 4 5 5 5 2 3 4 1 3 5 2 2 1 5 4 1 2 4 4 5 2 3 4 5 4 4 4 3 5 3 1 4 2 1 2 2 3 4 5 5 2 2 5 3 4 4 5 4 2 4 5 2 1 3 5 2 3 1 3 2 5 1 1 3 1 2 1 2 3 3 5 1 3 1 2 3 4 4 3 4 4 4 2 5 1 5 2 2 2 1 5 4 4 1 3 4 1 2 3 4 5 3 2 3 1 3 1 5 3 1 1 4 3 3 1 5 3 2 1 4 4 2 5 1 5 4 3 2 1 1 3 3 4 5 1 2 2 4 5 5 5 1 1 2 5 4 4 5 3 4 2 4 5 1 2 2 1 2 2 4 2 2 3 1 1 1 3 2 2 5 3 5 2 2 3 3 4 1 3 4 3 5 2 2 1 4 1 2 3 3 5 4 3 4 2 5 2 1 4 5 2 3 2 3 5 2 1 4 3 4 1 1 2 3 1 5 4 4 4 1 4 5 4 4 5 5 3 1 3 1 2 3 1 5 4 2 2 1 1 3 4 3 1 3 4 1 3 3 1 2 4 5 1 5 2 2 2 2 4 3 5 3 4 3 4 2 5 1 2 4 3 1 1 4 2 3 1 5 2 4 4 3 2 3 4 3 2 4 3 4 4 1 4 2 4 5 4 4 2 3 2 4 2 1 1 4 2 4 2
2 5 2 4 5 4 3 1 3 2 1 5 2 1 1 4 1 1 3 4 0 2 4 2 1 1 1 3 4 5 1 3 4 1 2 4 2 2 5 3 3 4 4 5 3 5 1 3 2 1 1 2 3 1 3 3 3 1 3 3 3 5 3 1 3 2 4 5 5 2 3 5 2 3 2 2 4 4 2 3 2 4 4 2 4 1 5 5 4 2 3 4 5 1 3 4 2 3 5 3 3 3 1 1 4 3 5 4 4 4 2 5 3 4 3 4 1 4 3 4 5 1 3 2 4 2 3 2 1 5 3 4 3 5 2 2 3 4 2 2 5 4 5 1 1 2 1 1 5 5 4 4 1 5 1 5 5 5 5 4 1 4 2 4 3 3 2 3 2 1 3 4 4 4 4 3 3 3 2 2 2 5 3 1 2 1 1 1 1 4 1 4 1 2 2 5 4 4 4 1 2 1 3 4 3 2 5 5 5 2 5 3 5 1 4 4 1 1 5 5 5 5 3 3 2 3 3 4 3 2 2 4 4 1 4 2 3 4 4 1 5 5 2 2 3 4 1 2 5 4 4 4 2 1 2 5 1 3 4 1 3 1 4 4 5 5 3 3 5 1 2 5 1 2 5 1 2 1 4 4 4 3 4 4 1 3 4 5 1 2 2 2 1 3 3 3 3 1 4 4 2 1 2 3 3 1 3 1 4 2 4 1 4 4 4 5 4 1 1 2 1 4 3 5 4 5 2 3 2 4 2 4 3 1 4 4 1 4 4 3 1 2 1 3 2 5 5 5 3 2
4 5 5 2 1 2 4 4 3 3 4 3 3 4 4 4 2 2 4 1 4 0 3 4 1 2 1 3 2 2 1 1 4 3 1 1 4 4 4 2 5 2 5 2 3 4 4 3 5 4 4 4 4 1 1 2 5 1 2 2 1 4 5 4 4 2 5 2 1 1 5 2 4 3 3 1 5 4 3 5 2 5 2 3 1 1 2 3 1 2 2 2 3 4 5 3 4 2 5 1 2 4 2 2 2 4 2 2 1 5 4 1 1 5 3 3 1 1 1 5 3 1 1 5 5 3 3 5 2 3 4 1 2 4 2 3 3 3 5 2 2 5 3 4 5 5 4 1 2 2 1 3 2 2 4 1 3 2 4 1 2 1 1 2 3 3 2 4 5 5 2 3 4 5 2 5 5 4 2 3 3 2 5 3 2 3 5 3 3 3 1 5 2 5 3 5 1 1 2 2 1 4 2 3 2 1 3 1 5 4 1 5 3 3 4 5 3 2 2 5 2 1 3 4 3 1 5 1 2 2 4 1 5 1 2 3 1 1 2 5 4 2 1 5 4 4 4 3 5 2 5 1 4 5 4 5 1 1 5 4 4 4 5 2 4 3 1 5 2 5 2 1 4 5 4 5 1 3 4 2 1 4 1 5 3 2 1 2 3 2 4 3 5 4 3 1 4 3 4 3 2 2 4 1 2 1 2 5 1 4 5 2 1 3 5 1 4 3 5 4 4 5 3 4 3 2 3 5 5 1 4 2 5 4 5 4 3 4 1 4 3 1 4 2 4 3 3 5 4 2
3 3 4 3 4 4 4 3 5 5 3 4 5 4 1 2 1 3 1 4 1 5 0 2 4 3 3 2 3 4 5 5 4 2 5 2 1 2 3 3 1 4 5 3 1 1 4 3 1 2 3 1 2 3 3 4 5 5 2 5 2 1 5 3 5 4 1 3 5 1 2 4 5 4 1 5 5 5 1 2 3 5 4 4 3 1 3 3 4 5 2 3 5 2 2 4 3 1 3 5 2 5 5 5 4 1 5 2 2 3 4 2 3 1 4 1 5 5 5 1 5 2 5 4 3 4 3 1 3 4 4 1 2 4 3 1 4 2 5 5 2 5 4 5 4 4 4 2 1 3 1 4 2 3 4 4 3 1 2 2 4 4 2 5 3 5 3 5 1 3 1 5 2 5 2 1 2 1 2 1 5 3 2 3 2 4 5 3 4 5 3 2 1 1 2 1 3 2 5 5 2 4 5 3 5 2 5 2 1 3 2 5 3 2 3 3 2 1 3 1 3 1 5 4 3 1 2 1 4 3 1 1 1 2 3 4 2 3 3 3 5 2 5 1 5 3 4 5 1 1 3 4 4 5 2 4 2 4 3 2 5 4 5 3 5 1 5 5 4 2 4 4 3 3 3 4 4 1 3 4 1 3 2 4 1 4 5 4 1 2 3 4 4 4 5 1 2 1 5 4 4 3 3 1 5 1 1 2 1 3 1 5 4 2 1 2 2 3 2 1 2 1 5 2 3 5 4 5 1 4 5 5 2 3 5 3 2 1 5 5 5 1 1 4 2 2 2 3 3 4
2 4 4 5 1 4 2 3 3 1 2 1 3 2 4 5 1 2 4 2 4 2 1 0 1 2 2 5 3 2 5 3 3 4 2 1 5 1 1 5 5 5 4 3 4 4 2 3 4 3 2 2 2 3 5 4 4 2 5 3 5 4 5 1 5 3 3 4 5 1 5 2 4 1 4 1 2 4 3 4 1 1 3 4 5 5 2 3 2 5 5 2 3 4 5 4 3 3 1 3 4 1 5 1 1 4 1 1 3 3 3 5 1 5 1 1 2 4 5 4 3 1 2 2 5 3 3 4 3 5 3 4 3 1 2 5 2 1 4 4 2 5 2 1 4 2 1 2 3 1 3 4 2 3 2 5 3 1 1 5 4 1 5 1 4 3 5 5 1 5 5 2 5 4 1 3 3 4 2 1 1 3 5 5 2 4 2 2 3 2 5 1 4 4 1 2 2 2 5 1 2 3 1 2 5 3 3 4 3 5 5 1 2 3 5 2 1 4 1 4 1 4 4 4 4 1 3 4 3 2 2 2 2 5 2 2 3 1 4 3 5 4 3 3 1 3 4 2 1 3 3 3 3 2 5 1 5 1 5 3 5 4 4 3 5 4 1 1 3 3 3 4 3 1 2 1 2 3 5 1 5 2 1 5 2 1 4 2 2 3 2 5 4 1 5 3 4 3 4 2 4 4 3 5 2 5 4 2 4 2 2 5 1 4 1 5 1 1 1 5 3 1 2 4 3 4 4 1 4 5 2 3 4 5 4 2 4 5 5 1 1 5 3 5 1 5 5 2 4 4
3 2 5 2 4 3 2 2 1 3 3 4 4 5 3 4 4 3 4 2 5 1 3 4 0 1 1 2 5 4 4 1 4 1 2 2 4 3 5 1 1 3 4 3 5 1 3 3 2 4 1 1 1 4 3 2 5 3 2 1 3 4 3 2 3 4 1 2 3 4 4 5 4 3 2 4 2 5 3 2 3 4 1 5 5 5 3 3 3 4 3 3 2 2 4 4 3 5 4 5 3 2 4 1 2 2 4 4 4 4 2 2 3 4 4 5 3 2 1 4 4 4 1 1 4 3 1 3 3 2 1 1 3 3 2 5 3 2 3 3 1 5 3 5 4 2 2 1 1 4 5 1 3 4 2 5 1 2 1 3 3 4 4 2 4 1 5 3 4 5 5 4 3 2 2 3 4 1 5 3 4 5 3 4 4 5 4 4 4 4 1 5 4 3 1 3 5 2 5 4 3 5 2 4 3 4 5 3 3 5 3 5 1 1 5 4 5 1 4 4 5 2 5 1 2 3 3 1 4 2 3 4 5 3 1 2 2 4 4 3 1 2 3 4 2 3 1 4 2 2 4 2 3 3 4 2 2 4 1 1 2 4 3 2 5 4 2 5 4 3 4 3 5 1 2 2 2 2 5 4 2 2 4 5 2 2 4 5 5 1 1 3 4 2 3 1 5 4 2 5 3 1 5 2 5 4 3 5 1 1 3 3 3 1 2 4 5 1 4 1 1 5 4 1 2 3 1 5 3 1 4 5 2 3 3 3 2 1 2 2 1 3 4 2 3 2 4 4 1 4
2 3 5 4 3 5 4 3 5 2 3 2 5 5 5 1 2 3 3 4 5 2 5 3 2 0 1 5 2 3 3 5 5 2 2 3 4 3 3 4 3 5 3 3 1 2 4 2 2 3 4 1 5 1 3 1 5 3 4 2 3 4 2 4 5 3 1 4 5 3 4 5 4 4 2 2 2 3 1 1 1 3 4 2 3 5 3 4 2 4 2 5 4 5 3 3 5 1 5 4 3 5 1 4 1 2 1 1 1 5 3 1 3 3 1 5 5 5 5 3 5 1 3 3 3 3 4 2 4 5 1 4 4 2 1 2 1 1 2 2 4 2 2 5 5 4 3 4 4 2 3 5 4 2 1 5 3 3 4 3 3 5 5 1 3 3 3 2 5 3 1 4 2 5 5 4 4 3 3 5 2 1 4 4 3 1 2 4 4 3 4 3 3 4 5 3 4 4 1 2 4 3 2 3 2 1 3 5 5 2 5 5 4 3 5 3 4 3 3 3 5 3 5 4 4 4 3 4 5 2 3 1 1 5 4 1 5 5 4 4 3 3 2 5 2 3 5 1 3 3 3 5 2 4 3 1 1 1 2 1 4 3 4 3 4 4 4 2 3 3 3 5 4 5 5 5 2 1 3 3 4 2 1 5 2 2 2 1 1 2 2 2 3 4 3 3 2 1 4 1 1 1 1 5 4 4 4 3 1 5 4 1 1 4 1 4 3 5 4 2 1 2 5 5 4 4 1 1 4 4 1 1 3 3 5 1 4 3 5 1 2 5 4 2 3 4 2 3 2 1
2 4 2 5 3 5 5 3 3 5 3 1 5 2 4 2 3 1 3 5 5 2 3 4 1 4 0 1 4 4 5 3 3 4 5 2 2 3 5 4 4 3 1 4 5 5 1 3 5 5 1 3 1 1 2 1 5 4 2 5 5 1 3 2 1 3 5 5 4 3 2 1 4 3 2 4 2 2 3 5 5 5 2 3 1 5 5 2 2 5 3 5 3 1 4 5 1 4 2 5 5 1 1 4 3 2 5 3 3 2 1 4 1 3 2 3 5 3 2 1 1 3 4 5 1 4 1 3 3 1 1 3 5 1 4 5 4 1 1 4 3 2 1 5 2 2 5 2 5 4 5 5 4 5 2 2 2 1 2 5 2 2 1 1 4 5 2 3 1 4 3 3 3 5 1 1 3 2 4 3 2 2 3 2 3 3 1 3 2 1 3 1 4 1 2 1 2 4 1 2 5 1 5 2 1 2 2 3 2 1 1 5 5 5 5 2 5 2 4 4 2 3 2 3 1 4 5 4 2 4 1 1 4 4 2 2 2 3 3 3 5 5 3 3 1 4 3 2 1 2 1 1 1 1 5 5 5 2 3 3 3 1 1 2 3 3 3 3 5 2 3 4 5 2 2 4 1 3 1 2 1 2 5 4 2 4 1 4 1 1 3 5 3 1 4 5 5 1 3 1 1 4 3 1 4 3 4 4 2 2 2 1 2 5 3 1 5 1 2 2 1 1 5 3 1 4 5 3 3 5 5 4 5 3 3 4 2 1 2 2 1 1 5 1 5 1 4 2 2 5
3 5 1 5 3 3 3 2 4 2 4 3 1 4 2 5 3 2 5 4 5 5 3 4 4 2 2 0 5 3 1 5 5 5 2 2 2 4 3 2 5 2 4 5 3 1 1 1 2 3 2 2 4 1 4 2 3 2 1 2 5 3 4 2 2 1 1 3 2 5 4 3 5 3 2 3 4 1 2 4 4 3 1 1 2 4 3 2 1 1 5 5 2 4 4 5 4 3 4 4 1 1 4 1 5 5 4 2 1 1 3 3 4 5 3 5 4 3 5 3 5 4 1 5 4 4 2 3 4 1 3 3 2 4 4 1 2 1 5 5 1 2 3 5 5 1 3 3 5 3 3 3 2 1 3 4 5 1 5 2 1 5 4 5 3 3 3 5 5 1 3 4 3 1 5 1 4 1 4 5 3 3 3 1 2 2 4 3 4 1 2 1 2 1 5 3 3 4 3 5 4 2 3 2 4 1 2 3 2 5 1 3 3 1 2 3 4 3 4 3 3 5 1 5 2 4 1 5 4 1 5 3 1 4 2 3 1 5 1 1 5 3 5 4 5 5 4 3 2 4 4 1 5 5 2 1 4 2 1 3 1 1 4 4 3 1 4 4 5 5 4 4 2 1 2 4 2 5 1 3 1 1 5 4 2 3 4 1 2 2 1 5 1 2 2 4 1 2 3 5 4 1 2 5 3 3 5 5 2 5 2 3 4 5 1 4 5 4 1 5 4 5 3 2 1 1 3 2 2 1 3 1 5 2 3 4 2 5 5 4 5 5 4 4 2 3 4 4 4 2
2 5 5 3 5 1 1 5 5 2 5 4 1 4 3 2 2 4 1 2 5 3 4 4 3 5 5 2 0 4 5 5 4 4 2 1 5 3 1 5 4 1 4 5 1 1 1 2 5 5 2 1 1 3 1 2 2 4 4 1 5 1 1 3 2 1 4 2 1 3 1 2 2 1 3 4 5 2 1 3 4 1 1 1 4 4 3 5 2 3 5 1 3 5 5 1 5 5 2 2 3 5 3 3 2 4 2 4 3 2 3 4 4 1 2 4 4 2 3 5 1 1 3 2 4 3 5 5 3 1 5 3 2 4 2 1 1 1 2 5 1 5 2 1 4 2 2 4 5 4 4 2 1 3 2 3 5 4 4 4 4 2 5 5 1 4 3 1 1 4 2 5 5 5 1 2 4 2 2 2 3 4 4 2 1 4 4 5 1 2 5 1 1 2 2 1 2 4 4 5 2 5 1 1 1 2 1 4 5 4 5 5 3 1 3 2 3 3 2 5 3 2 4 5 1 1 5 3 3 4 2 4 2 1 4 4 2 3 3 5 1 3 2 5 3 1 2 4 2 5 5 5 1 5 1 5 2 2 3 4 4 2 5 1 4 5 2 1 5 3 4 5 4 2 5 2 1 1 3 1 2 2 2 5 2 4 2 4 2 2 1 4 4 5 5 5 1 3 2 5 3 1 3 1 4 5 3 4 5 3 4 1 1 2 5 4 4 2 3 1 4 5 2 5 3 5 2 2 5 3 5 3 2 4 4 4 4 1 3 3 4 2 4 2 4 4 3 2 4 4
4 5 3 1 3 5 1 3 3 3 4 4 5 4 5 2 1 4 3 4 1 3 2 3 2 2 2 3 4 0 5 1 2 1 1 3 1 5 2 3 2 2 3 1 4 3 2 3 4 4 1 1 1 1 4 1 5 3 1 5 3 2 4 3 2 1 3 4 3 1 3 3 4 1 3 1 3 1 1 4 5 2 4 3 5 5 2 1 4 5 1 5 2 2 1 5 3 3 1 4 5 1 3 1 3 1 3 4 5 5 3 4 3 2 2 4 4 5 2 1 4 4 5 5 5 3 5 2 1 4 1 2 5 2 2 2 4 1 3 4 5 1 3 2 1 5 5 4 1 2 5 3 3 5 1 4 5 3 3 2 5 4 5 2 1 2 4 2 3 3 3 1 5 3 1 3 1 5 4 1 5 3 4 5 2 1 1 2 2 3 3 1 3 5 4 4 1 3 3 4 4 1 5 2 1 1 3 3 1 1 4 2 5 3 4 2 4 4 2 3 4 4 5 3 2 3 2 2 5 4 1 1 1 2 2 5 4 2 4 3 2 4 2 4 3 2 4 2 5 1 4 5 1 4 4 5 4 2 2 3 1 1 3 2 2 1 3 2 3 3 3 2 2 5 5 4 3 4 2 4 4 5 5 5 1 2 5 5 1 1 4 1 1 1 5 1 1 4 1 2 4 1 3 3 4 1 5 1 4 3 5 3 4 3 2 3 3 4 1 4 4 1 1 4 4 5 4 4 1 1 2 2 1 4 1 2 3 2 3 5 4 3 5 4 2 1 4 1 4 2
3 2 1 5 1 1 1 3 2 4 5 5 2 2 4 4 4 1 3 5 4 5 5 4 4 1 5 5 5 5 0 5 1 5 3 3 5 2 1 4 5 4 3 5 5 4 3 5 4 5 1 1 5 5 1 3 1 5 1 1 1 2 2 4 2 4 3 2 4 3 5 5 3 3 5 1 4 3 5 2 1 4 2 4 1 2 5 4 4 4 4 4 4 4 4 5 5 1 4 5 3 5 1 1 1 1 3 5 1 2 5 1 3 5 3 4 4 3 4 3 5 2 5 2 1 1 1 1 2 3 5 4 1 2 2 5 2 3 2 4 1 2 4 5 1 2 5 3 3 2 5 3 3 2 5 1 2 3 4 2 4 2 2 5 3 2 1 1 3 3 3 1 3 1 5 1 4 3 1 1 2 3 4 4 4 5 2 5 5 2 1 3 3 3 5 5 3 2 3 2 3 2 3 5 2 3 4 3 1 3 3 1 2 3 1 4 3 1 3 4 5 1 3 2 2 4 1 2 2 2 2 5 4 2 5 3 1 5 2 1 1 3 1 3 5 5 4 1 1 2 5 1 4 3 4 4 1 3 3 4 5 2 5 4 3 4 5 3 4 3 1 2 2 4 3 2 3 4 2 5 2 1 1 3 5 1 4 3 2 4 2 5 5 4 5 2 1 5 1 3 3 4 2 5 4 4 4 4 3 1 5 3 2 3 3 1 3 1 1 1 2 2 3 3 3 3 2 2 2 2 5 3 1 3 1 2 3 4 2 1 1 2 3 4 3 2 5 2 3 4
4 4 3 1 3 2 4 1 1 5 5 1 4 4 2 1 1 2 5 4 4 1 5 1 4 3 5 1 5 5 3 0 2 2 1 3 2 3 1 4 2 4 5 1 2 1 5 5 1 4 2 3 1 5 3 5 5 2 4 5 3 5 3 1 3 4 2 4 1 3 2 2 3 4 1 4 2 4 5 2 3 2 1 5 4 3 4 4 3 4 1 3 5 4 2 3 5 1 1 4 4 1 5 1 2 2 1 2 2 3 1 3 2 4 4 5 5 1 4 3 3 4 1 3 3 4 2 5 5 5 4 5 2 1 1 5 4 3 1 1 1 5 2 2 1 5 2 3 2 1 5 5 1 3 2 2 3 4 4 5 3 3 4 3 2 5 1 2 4 3 1 5 5 4 3 3 1 5 2 4 2 2 1 3 2 3 2 2 2 3 1 4 1 4 3 4 5 4 3 2 4 4 3 1 3 3 5 3 3 5 1 4 3 4 4 3 5 4 1 5 2 5 1 3 4 5 2 2 1 4 1 5 2 5 3 3 4 3 1 4 2 2 5 2 1 1 3 3 3 2 5 3 1 5 3 1 3 1 3 2 4 1 5 5 2 2 2 4 2 2 4 1 5 5 4 4 1 2 1 5 3 3 3 1 4 2 3 3 2 2 1 3 3 5 4 4 4 3 2 3 2 4 3 3 5 2 4 1 1 3 3 3 4 5 4 2 2 1 1 4 4 5 4 4 1 1 1 2 4 2 5 1 4 2 4 3 5 4 1 4 3 1 5 3 4 1 3 2 4 3
3 3 5 4 5 4 2 4 5 2 2 3 2 3 4 2 4 3 4 5 2 4 3 3 2 2 2 3 4 1 4 5 0 4 3 5 1 5 3 5 2 3 4 1 3 1 5 5 2 2 2 1 3 2 5 1 3 3 1 1 5 5 2 2 5 4 3 5 2 1 5 4 4 3 2 5 3 1 4 3 4 4 2 1 3 3 2 5 1 2 2 1 2 2 3 2 3 5 1 4 5 3 5 2 3 1 3 4 5 5 5 3 1 4 4 2 5 2 2 5 3 4 4 1 1 3 2 3 3 5 1 4 1 5 1 1 3 2 1 5 4 4 2 3 4 4 4 1 3 3 2 4 1 4 1 4 2 1 3 4 5 2 1 1 1 4 5 2 2 3 4 5 4 3 3 5 3 1 5 5 1 5 4 3 1 1 1 2 2 1 1 1 4 5 1 1 5 3 4 2 4 5 2 4 1 2 4 2 3 4 5 4 3 1 3 3 3 1 3 4 5 2 1 1 3 2 4 4 4 4 4 3 5 2 2 2 4 3 1 3 2 4 5 4 2 2 4 5 4 5 1 3 5 1 1 2 2 4 5 1 5 2 1 5 1 5 4 2 3 2 2 2 3 5 1 1 2 1 4 3 3 2 1 1 2 3 5 4 4 1 1 4 4 4 3 2 3 3 3 4 4 2 4 3 3 3 5 5 1 4 4 5 2 3 4 1 4 5 2 3 3 3 1 4 1 1 5 5 3 5 4 4 2 1 3 4 2 4 3 1 3 5 1 3 3 1 5 3 2 5
2 1 5 1 4 3 2 2 4 3 3 2 3 3 1 4 1 5 1 1 5 5 4 4 3 2 3 1 4 4 2 2 2 0 2 1 3 3 5 4 5 1 4 1 3 2 4 3 3 5 4 5 4 4 1 1 2 3 4 2 3 1 2 4 1 3 3 3 3 1 1 2 3 2 2 5 2 1 1 4 4 5 1 1 4 3 1 3 3 5 1 1 3 2 4 4 3 1 1 3 5 1 4 1 5 3 2 3 3 3 2 3 1 1 4 3 3 4 1 2 2 2 2 1 1 2 1 5 4 3 1 4 4 3 1 5 3 2 5 3 2 3 3 5 1 5 2 1 1 2 3 3 3 5 2 5 1 4 3 2 5 5 3 4 2 1 4 4 2 1 4 3 1 1 4 2 3 3 2 1 1 2 4 3 5 2 2 1 3 5 4 4 2 1 1 5 2 1 3 2 3 1 5 1 4 1 2 5 3 4 2 1 1 3 3 2 3 5 5 5 4 2 2 4 2 2 1 2 3 2 4 4 1 3 2 1 1 5 2 1 5 5 5 5 4 2 5 4 1 2 1 2 5 3 2 3 1 2 3 1 4 4 5 4 4 5 5 3 4 4 2 1 3 5 2 5 5 4 1 2 1 1 1 1 1 2 2 4 4 3 1 2 1 3 5 2 2 3 3 4 2 2 3 5 3 4 3 2 3 4 4 5 1 5 4 4 2 1 3 3 3 3 4 2 1 4 4 2 4 4 2 5 5 3 5 1 3 3 5 2 1 5 1 5 3 1 2 4 3 4
2 1 4 2 2 3 2 4 3 2 1 5 1 4 4 5 4 1 5 5 5 5 5 2 2 3 3 3 1 1 2 3 2 3 0 3 5 3 4 4 4 4 5 4 5 4 1 2 1 1 4 5 2 5 5 2 2 2 2 4 4 3 1 2 3 3 3 3 1 4 3 5 2 5 1 4 4 4 1 1 2 1 1 1 4 2 2 1 4 4 1 2 3 3 1 4 3 4 5 1 2 2 2 5 2 3 2 5 3 4 4 2 4 4 1 5 3 4 4 4 3 1 3 1 1 4 3 3 5 4 2 5 4 2 2 2 3 4 1 4 5 1 4 5 1 4 4 3 4 2 2 3 3 3 1 1 3 2 1 3 3 4 2 2 5 5 5 3 5 5 5 1 3 2 5 5 3 3 4 4 2 3 3 4 1 2 5 5 4 4 1 3 2 1 3 4 4 1 1 5 2 4 3 2 2 2 5 5 2 2 4 5 5 2 2 2 2 4 1 4 1 1 2 2 3 2 1 5 2 5 4 2 2 5 3 2 4 4 4 1 3 1 3 2 5 3 5 4 4 1 2 1 5 3 3 2 4 2 2 2 5 2 2 4 5 2 5 4 2 1 1 5 3 5 4 1 1 3 2 3 5 2 2 3 3 2 5 5 1 3 2 5 5 1 2 3 5 1 1 1 5 3 5 2 4 1 5 2 1 4 5 2 1 2 5 5 3 2 2 1 4 3 2 5 2 3 1 1 1 4 5 2 2 3 2 2 1 2 5 2 4 1 5 3 2 5 2 1 2 1
4 2 1 4 2 1 4 2 5 2 3 3 3 4 3 3 2 4 3 5 4 2 5 4 4 1 4 3 2 3 2 2 5 5 5 0 1 1 1 3 3 3 5 3 3 4 4 5 4 1 3 1 3 3 4 5 5 2 3 1 2 4 5 4 5 4 5 2 4 1 4 1 3 5 1 3 5 4 2 5 1 1 3 4 4 2 4 2 2 4 2 1 3 4 3 5 5 3 1 1 5 1 2 3 2 1 2 2 4 3 2 3 4 5 2 4 3 5 2 1 1 1 5 4 1 2 4 5 5 2 4 2 2 5 3 2 1 3 5 3 1 3 2 5 1 2 5 4 1 2 3 3 3 3 2 1 5 2 1 4 3 5 3 4 4 4 2 1 5 1 3 2 2 4 2 4 1 3 5 3 5 4 4 4 3 4 5 3 2 1 2 5 3 1 3 5 1 2 4 2 2 3 4 3 4 3 4 3 1 1 2 2 2 4 2 2 1 2 1 2 1 2 5 2 3 4 5 1 4 4 2 5 5 1 5 4 5 2 3 2 2 3 3 3 2 2 4 3 2 5 3 1 1 2 3 1 5 2 4 4 3 2 2 3 3 3 4 4 5 5 4 1 4 3 1 5 3 1 2 3 4 2 5 2 2 1 1 3 4 3 4 1 3 4 4 4 3 4 4 4 3 3 1 4 3 3 4 1 4 4 4 2 4 1 1 3 4 4 3 5 3 4 1 5 1 2 4 4 4 4 2 1 4 1 1 2 5 3 3 5 4 2 5 3 1 5 5 5 3 5
4 3 5 1 5 5 2 2 5 4 4 4 2 2 5 4 5 2 2 1 2 2 1 5 4 4 3 1 5 1 1 1 1 2 3 4 0 3 4 5 3 3 4 2 1 3 4 1 4 3 1 3 1 3 2 3 2 2 1 1 3 4 4 1 4 4 3 1 3 1 1 3 5 1 1 4 2 1 1 3 1 3 2 5 1 5 1 3 4 1 3 1 3 4 4 1 3 4 2 4 1 1 5 3 4 2 3 5 3 1 4 4 2 3 4 1 4 1 4 3 2 2 3 5 2 3 1 3 3 3 5 3 1 5 4 5 1 3 1 2 5 5 1 4 5 5 2 4 2 5 4 1 1 3 1 1 2 2 5 3 1 5 1 2 5 3 2 4 1 3 3 2 5 3 2 1 3 3 4 1 5 1 5 5 2 2 3 1 2 4 1 5 2 5 2 1 3 1 2 3 2 1 2 5 5 1 4 2 2 4 4 1 4 5 4 2 5 1 5 1 3 1 4 1 2 3 5 3 4 1 5 5 2 5 2 4 5 3 3 4 1 2 3 3 2 5 3 5 4 2 3 4 1 1 4 2 3 3 4 4 5 2 1 4 4 3 2 5 3 4 4 1 4 4 3 1 2 5 1 5 2 1 1 4 1 1 4 4 4 3 3 3 3 2 2 3 2 5 1 2 4 3 1 5 5 1 4 5 5 4 1 1 3 2 1 4 5 5 4 2 3 1 2 4 2 2 1 3 3 1 2 1 1 4 4 3 4 3 3 3 4 2 2 5 5 5 2 1 1 3
3 2 5 5 4 4 5 5 3 5 1 3 2 3 1 4 4 1 3 5 2 5 4 2 1 3 5 5 5 4 1 3 3 4 2 3 2 0 1 3 1 1 5 2 1 4 3 4 2 4 3 1 2 1 2 3 2 2 2 3 2 4 5 3 4 3 2 5 4 1 5 4 3 1 5 4 3 1 1 1 5 5 2 1 4 1 2 5 2 3 1 1 5 3 3 5 3 3 4 1 3 2 2 1 2 1 1 5 3 5 3 3 4 3 1 4 3 4 3 5 4 2 1 2 2 3 4 3 1 3 5 5 4 4 3 5 5 1 3 1 3 4 5 2 4 1 2 3 1 5 2 5 2 1 1 3 5 1 1 4 4 5 3 3 1 4 5 4 5 5 1 1 3 5 3 4 2 4 1 2 1 4 1 3 4 5 1 5 3 4 4 5 3 3 5 1 3 2 5 4 4 2 5 4 3 3 2 4 4 4 2 1 4 5 1 1 4 2 4 2 1 2 4 4 4 2 2 2 4 4 3 4 5 5 1 3 3 5 4 3 5 1 3 5 5 5 3 3 1 4 1 1 5 5 1 5 4 1 3 2 4 1 3 1 4 4 1 3 4 3 1 3 4 5 3 5 1 1 2 5 3 5 2 5 2 3 1 1 4 1 4 2 1 3 4 1 3 1 4 3 4 5 4 1 3 1 3 2 4 5 5 2 3 4 5 1 2 1 2 3 2 4 1 1 1 1 5 3 3 1 2 4 1 3 4 3 1 1 3 3 1 3 2 3 2 5 2 5 2 2
2 1 5 2 1 1 4 2 3 4 3 1 2 2 4 3 2 1 3 4 5 3 5 5 2 3 2 4 4 2 1 5 5 4 2 2 4 5 0 4 5 4 5 1 4 2 4 3 3 2 5 1 5 5 5 5 3 3 2 4 3 4 1 2 4 2 3 2 4 1 3 3 4 1 2 4 5 4 4 5 1 5 2 1 4 3 2 2 2 5 5 3 2 4 1 1 3 1 1 4 2 1 4 5 4 3 3 5 5 2 4 3 3 3 4 3 5 4 2 3 2 4 1 2 3 3 5 2 1 5 3 1 4 5 4 5 1 1 3 3 5 2 1 1 3 1 3 1 1 1 3 3 4 3 2 1 3 4 2 5 2 2 5 2 5 5 3 3 2 2 1 4 4 4 4 3 3 5 1 4 3 4 2 5 1 5 2 4 5 2 3 3 1 4 4 2 4 4 4 2 5 5 4 5 2 4 3 1 1 4 4 3 1 5 4 5 3 2 2 1 3 1 1 3 1 2 3 2 5 5 2 3 3 3 5 2 3 2 3 2 4 5 3 4 2 4 1 2 5 2 3 5 5 2 2 5 1 1 2 1 1 1 4 5 5 1 2 2 5 3 3 2 5 3 4 3 4 4 2 4 4 2 2 1 5 4 4 5 2 2 2 2 2 3 1 4 1 5 4 3 3 5 5 2 4 5 1 3 2 2 3 5 3 4 2 4 5 1 5 1 1 2 4 1 1 3 5 3 5 4 5 3 1 5 1 4 4 4 3 3 2 5 5 5 2 1 1 3 2 5
2 5 1 3 2 4 4 3 4 5 5 4 4 3 2 1 4 1 4 1 5 2 4 1 2 5 3 2 2 2 4 5 2 3 1 1 2 2 2 0 4 2 1 1 5 3 2 3 4 3 2 4 1 4 3 5 3 5 3 2 4 2 4 2 1 2 2 2 5 4 2 5 2 1 2 2 5 1 2 1 4 5 3 2 2 5 1 3 2 4 5 2 2 3 1 2 1 1 1 2 3 2 5 2 2 5 2 2 3 5 2 2 2 3 3 5 3 4 1 1 1 3 1 1 1 1 3 5 4 5 3 3 2 3 3 3 3 2 3 1 4 3 1 3 2 1 5 5 4 4 4 4 1 4 3 2 4 3 5 4 3 3 3 5 1 2 4 4 5 2 5 4 5 1 5 4 2 4 3 1 4 5 2 5 5 5 1 5 2 1 3 1 2 3 1 1 3 2 3 4 2 5 2 1 3 4 5 1 1 2 3 3 5 2 3 5 2 5 5 5 2 4 4 2 1 3 2 4 3 3 1 4 5 3 3 1 4 4 1 4 5 1 2 4 2 2 1 5 4 1 5 5 4 1 4 5 4 4 2 4 2 2 2 5 1 5 4 4 2 3 1 4 1 4 5 1 3 2 1 5 5 1 5 2 2 1 1 2 2 1 4 4 2 5 3 2 2 2 3 3 2 4 5 3 3 5 2 3 3 2 3 3 3 2 2 4 5 1 4 3 3 2 3 4 3 3 2 3 1 1 5 3 5 4 4 4 5 1 4 1 3 1 5 4 5 1 4 3 2 2
1 2 2 3 3 4 2 1 2 5 4 4 4 5 1 3 3 1 2 1 3 2 5 1 4 3 5 3 1 1 4 2 3 3 1 2 3 4 3 5 0 5 2 1 2 5 2 2 5 5 5 2 5 3 4 1 3 5 4 2 3 2 2 4 5 1 4 3 3 3 2 3 1 5 4 3 3 5 1 5 1 4 4 5 2 1 1 4 4 2 5 1 4 2 1 2 2 2 1 1 3 1 5 1 1 5 5 5 3 3 2 4 3 1 4 4 3 1 4 4 1 2 2 5 5 2 4 4 3 5 3 2 1 2 3 1 3 3 3 2 4 3 4 4 3 4 3 4 1 3 2 1 4 2 3 2 2 1 4 3 2 1 1 4 1 4 5 4 3 2 4 1 2 2 3 1 1 2 5 1 4 2 4 1 3 1 2 3 1 3 2 1 1 5 3 3 5 3 1 5 1 4 3 1 3 4 2 5 3 3 4 4 1 2 5 5 5 5 5 5 3 1 1 1 3 2 4 3 1 2 3 3 1 1 1 4 4 2 4 4 3 4 1 3 4 4 4 2 2 3 4 3 2 4 5 1 3 1 3 3 1 2 3 2 2 5 4 4 5 1 1 2 4 4 1 4 4 2 4 3 1 5 3 4 2 3 2 5 1 3 4 2 2 4 4 4 4 2 1 3 4 2 5 1 2 3 2 3 2 3 1 5 4 4 3 5 2 4 2 1 4 1 1 2 3 1 5 5 1 3 4 2 3 1 5 1 1 5 5 3 1 3 5 1 4 5 4 5 3 1
3 1 1 4 4 5 5 2 5 3 3 4 4 4 5 3 1 3 5 5 5 5 3 3 4 5 4 3 2 2 2 3 4 5 1 1 2 2 1 4 1 0 2 5 2 4 2 4 1 5 1 2 5 3 5 3 4 1 5 5 5 5 4 4 5 3 5 4 2 4 4 5 3 1 4 2 2 5 2 1 5 1 4 2 3 4 3 5 3 3 2 2 3 3 4 4 2 4 2 4 5 5 3 4 1 2 2 4 2 3 2 3 1 1 2 4 5 4 3 2 3 1 2 3 4 1 5 5 4 4 1 1 3 5 4 4 4 1 5 4 1 4 4 1 3 2 5 4 5 5 5 3 1 4 4 4 5 3 5 3 3 1 5 4 5 4 1 3 5 2 5 2 5 3 1 5 3 3 1 5 2 1 3 1 1 4 2 5 5 2 2 4 3 2 1 2 2 1 2 4 3 3 4 1 2 1 1 1 4 4 4 2 3 1 3 4 4 3 5 5 5 5 4 4 2 1 3 3 5 1 2 3 2 5 3 5 3 1 2 5 5 1 2 4 5 4 3 5 3 3 3 2 4 5 3 5 1 4 5 4 1 3 3 3 2 4 3 4 4 1 1 5 4 2 3 5 1 1 1 3 1 5 1 3 1 3 4 3 1 1 1 4 4 2 5 3 5 4 2 1 1 5 3 4 4 1 5 4 5 5 3 2 3 4 1 5 3 1 2 1 4 4 5 1 1 2 5 4 3 4 3 2 2 3 5 4 3 3 5 4 5 2 5 1 4 4 1 3 1 3
3 2 5 3 3 3 1 5 2 4 1 4 2 4 2 5 3 2 5 2 3 4 4 2 4 2 5 5 4 4 1 2 3 5 5 2 2 1 1 4 1 5 0 2 1 4 5 5 2 2 3 5 2 2 5 3 2 4 1 3 4 3 4 3 5 2 2 3 5 3 5 3 1 1 5 5 2 1 5 5 1 1 3 3 2 2 4 5 4 3 5 1 3 1 5 1 4 5 2 3 1 1 5 1 4 5 3 3 5 2 3 2 1 4 1 3 1 2 5 1 2 2 4 5 2 1 3 1 2 5 4 4 5 2 2 1 5 4 1 3 2 1 3 2 4 3 3 4 5 1 5 1 4 2 3 3 2 2 5 2 5 2 4 2 2 3 1 4 4 3 2 3 1 2 3 2 4 1 1 4 2 5 3 4 2 5 2 4 4 1 3 2 1 3 5 2 4 1 4 2 4 5 2 1 1 3 5 2 5 5 1 2 1 1 4 3 3 3 3 4 1 3 2 4 2 1 1 1 5 5 3 4 1 1 4 3 3 5 2 2 5 1 2 3 3 4 4 1 4 1 4 4 5 5 5 5 4 4 2 2 4 3 3 5 5 4 4 1 1 1 1 1 3 3 4 5 2 1 3 3 3 4 2 3 2 4 2 5 1 3 2 2 2 4 2 2 5 4 2 2 2 1 5 3 5 2 4 1 3 3 3 4 1 5 3 4 4 4 4 2 2 2 5 5 4 2 2 1 1 1 2 5 3 3 2 3 4 4 1 1 5 1 1 1 4 2 2 4 3 2
3 1 1 2 4 5 5 3 3 2 3 2 3 5 4 5 5 3 2 5 4 2 2 5 5 5 2 4 5 3 1 4 2 3 1 5 1 3 1 3 4 3 1 0 5 4 4 4 1 1 4 3 4 3 2 4 1 4 1 5 3 2 5 4 4 2 4 2 4 1 4 3 1 1 1 2 3 4 4 3 4 3 2 5 3 5 4 3 2 1 3 3 4 1 1 4 3 4 3 2 2 4 2 5 5 3 3 5 5 2 5 2 2 2 4 5 5 3 2 2 2 2 2 4 5 3 2 1 3 5 5 2 3 1 4 2 4 3 2 1 3 4 2 2 4 2 4 4 3 4 5 1 4 4 5 1 1 2 2 3 2 2 4 2 1 2 5 5 3 5 3 3 3 1 4 3 5 3 1 3 5 1 5 3 1 3 1 5 2 5 4 3 1 3 5 1 3 1 4 4 2 3 2 2 3 3 5 4 2 4 5 1 1 1 4 5 2 4 5 2 4 1 1 1 3 5 2 1 2 5 3 3 1 5 4 3 1 4 3 1 1 4 1 5 2 2 4 2 2 4 4 4 3 3 2 3 1 1 3 3 4 4 4 5 5 5 1 3 4 1 4 1 1 2 2 1 1 3 4 1 4 5 4 5 2 1 5 4 5 4 1 1 2 5 1 5 4 2 3 5 5 4 3 4 5 1 2 3 5 1 5 1 4 1 4 4 2 3 5 2 2 3 2 3 4 3 1 5 4 3 4 3 3 3 5 1 3 1 5 4 3 2 2 4 4 5 5 4 2 4
1 1 2 3 3 3 3 2 4 2 2 4 4 4 2 4 4 4 4 1 2 5 3 2 1 4 1 1 1 1 3 2 1 2 3 5 2 4 4 3 2 3 4 4 0 5 4 4 2 5 5 1 1 3 4 2 3 4 4 4 4 1 1 1 5 2 5 3 4 5 3 3 2 3 4 2 1 2 1 5 5 3 3 5 4 4 4 4 3 1 1 4 1 5 5 4 3 2 1 2 1 1 5 1 3 5 2 5 3 5 3 4 3 3 2 5 1 3 5 2 1 1 1 5 1 3 4 1 4 1 4 3 2 3 2 2 3 3 5 3 3 4 1 4 5 1 1 2 5 5 4 4 4 5 1 1 4 2 1 2 2 4 5 5 4 5 1 2 5 5 3 5 2 4 1 5 1 2 2 3 5 3 4 3 4 3 3 4 3 5 4 1 1 4 4 4 2 1 1 3 3 5 2 5 4 1 2 5 5 3 3 3 2 2 3 4 1 5 4 1 5 4 1 3 3 2 2 1 3 2 4 4 1 3 2 4 1 4 3 2 2 5 5 3 4 1 5 4 3 3 3 2 5 1 4 4 2 4 1 2 1 3 2 1 5 1 3 5 3 4 1 3 3 5 1 1 5 5 5 3 1 2 2 5 3 3 4 3 4 2 1 3 2 2 5 1 1 2 3 3 5 4 5 5 3 2 4 1 2 2 4 5 1 1 5 4 2 1 2 5 1 5 4 3 1 3 5 3 1 1 1 1 1 3 5 4 2 2 3 4 3 2 5 2 3 5 1 5 2 5
4 4 3 2 1 5 1 1 5 1 2 1 2 3 3 1 2 1 5 4 2 5 5 5 3 3 5 1 1 3 3 1 5 5 4 4 5 4 1 1 2 1 4 1 2 0 2 4 3 4 1 1 2 5 4 5 1 2 1 2 3 2 4 3 1 2 1 2 5 3 1 2 2 3 5 2 5 5 4 1 1 5 4 3 2 2 5 1 2 1 2 4 5 4 3 1 5 4 3 2 4 1 2 3 4 4 5 1 1 4 5 5 4 1 2 2 4 1 1 2 2 3 4 3 4 1 1 3 2 5 1 5 5 5 1 3 2 3 1 4 2 3 2 3 2 5 5 3 3 3 2 5 4 2 1 3 2 1 2 4 2 5 4 4 4 4 4 2 2 5 2 5 3 4 5 1 3 5 1 4 1 5 3 4 5 2 4 3 2 2 2 4 4 4 2 2 2 4 5 1 4 2 2 4 4 4 3 2 5 3 1 2 3 1 4 5 1 2 4 3 2 2 5 1 2 3 1 4 1 3 5 3 5 3 1 4 2 4 3 4 5 5 5 3 2 5 2 5 5 5 1 5 1 4 3 2 4 2 4 2 1 2 2 4 1 4 1 4 1 3 1 1 4 1 4 4 5 2 5 3 3 4 4 2 3 4 1 5 3 4 2 1 4 4 5 2 3 4 3 5 3 3 1 3 3 5 3 1 3 5 5 1 1 1 1 1 3 1 3 1 3 4 5 2 2 1 3 1 1 3 2 5 5 2 4 4 2 1 2 1 4 3 3 4 2 5 1 4 1 4
1 1 2 4 1 3 1 1 2 2 4 3 3 2 4 2 4 1 2 5 4 2 5 3 3 3 1 1 3 2 2 4 3 1 3 2 5 5 3 3 5 4 5 2 5 3 0 1 1 4 3 2 5 4 5 3 3 1 4 1 4 2 5 1 3 4 5 4 2 3 4 3 3 1 2 2 1 5 2 5 1 2 4 5 5 1 1 2 4 3 5 5 2 3 3 3 2 1 3 5 5 3 3 3 4 4 1 2 5 2 1 2 1 4 2 3 5 5 2 3 3 4 5 5 1 2 4 1 4 3 2 3 1 3 2 5 1 4 1 5 5 5 3 3 5 3 3 5 2 1 5 4 3 2 5 1 1 5 3 3 4 2 3 5 4 1 5 3 2 1 5 1 4 5 3 2 5 2 2 3 1 2 3 1 5 2 3 1 1 4 2 5 4 4 4 1 1 3 1 3 5 3 3 1 4 1 3 1 1 5 1 3 2 3 1 4 3 1 1 4 5 4 5 4 3 3 2 5 1 4 1 1 4 3 5 4 2 1 2 1 4 4 1 5 5 4 5 4 3 1 2 1 5 3 2 3 1 1 4 3 1 1 2 2 3 2 5 1 5 3 4 5 5 2 1 3 2 3 2 3 5 3 2 4 5 2 5 4 5 1 1 5 1 3 1 4 1 2 2 5 5 3 3 3 3 3 1 2 3 5 3 1 2 5 4 1 4 1 4 4 1 4 3 1 1 1 2 5 1 1 5 1 3 2 4 3 3 5 4 2 1 5 1 5 5 1 3 1 1 5
2 4 4 3 3 4 3 4 5 2 2 1 5 2 2 1 3 2 4 1 3 5 3 5 1 5 3 3 5 1 5 3 2 5 1 5 4 2 3 4 2 1 5 5 1 5 5 0 3 4 2 2 2 1 4 1 4 2 3 5 1 5 3 2 4 2 1 5 1 1 4 4 2 1 2 1 3 3 2 5 3 5 4 2 3 4 5 5 4 1 5 2 4 4 2 2 5 5 2 1 3 4 5 2 3 4 2 4 3 2 5 2 3 5 4 2 3 5 5 5 3 4 3 4 4 1 3 2 2 2 5 2 5 5 2 3 4 4 1 4 2 2 3 5 4 4 5 5 3 2 2 2 2 4 4 5 2 4 4 3 1 2 1 4 4 5 1 1 1 1 2 2 1 4 5 5 4 1 1 2 1 3 1 2 2 4 3 2 3 5 3 1 4 2 3 2 2 4 5 2 3 2 4 1 4 1 1 4 3 2 1 4 5 4 1 3 2 4 2 3 5 3 3 3 4 2 1 1 1 3 1 2 1 4 2 3 5 3 1 2 2 1 1 5 5 5 2 4 4 3 2 4 4 4 3 3 3 1 3 1 4 2 5 2 4 3 5 3 5 1 3 1 4 2 4 3 3 3 2 5 5 4 5 5 4 3 4 4 1 2 4 5 2 3 5 1 4 4 1 2 2 4 1 3 3 5 4 5 3 4 4 1 1 5 2 2 3 2 4 3 4 4 2 1 2 3 1 1 1 1 1 5 3 3 4 2 5 3 1 3 3 3 3 5 3 3 4 5 1 4
4 4 3 3 2 3 4 2 3 2 1 3 4 1 3 5 5 4 3 3 3 5 1 2 5 5 3 2 1 1 4 1 1 4 4 5 1 5 4 5 5 1 1 3 4 4 4 5 0 1 3 2 4 1 2 2 3 1 3 5 1 3 1 1 2 1 2 3 2 4 3 4 2 2 1 4 3 2 1 2 3 4 2 5 5 1 3 1 3 1 3 4 5 3 2 2 3 1 3 1 5 2 3 3 5 2 2 5 5 5 3 4 2 2 2 3 3 5 1 5 2 3 2 4 5 1 4 5 2 2 4 1 1 4 2 3 2 1 4 4 2 4 1 1 3 1 2 1 2 5 5 1 1 3 3 3 1 2 4 1 2 1 3 1 3 3 2 5 3 4 2 4 5 2 1 4 2 4 2 3 3 3 5 5 5 3 2 4 5 4 4 5 2 2 2 4 2 3 3 4 3 3 2 3 3 1 1 5 2 3 1 2 2 1 4 5 4 3 1 2 3 3 1 4 3 5 4 4 4 4 5 4 4 1 1 4 1 5 1 2 4 1 5 2 2 5 1 4 3 1 4 2 3 2 4 2 5 3 2 2 3 1 1 2 3 4 2 4 5 1 3 4 2 1 2 1 2 5 5 4 1 5 5 5 5 3 4 5 3 2 2 2 2 2 2 3 3 4 2 2 3 1 5 3 2 5 4 3 5 5 2 5 3 2 2 3 5 5 2 3 3 3 4 2 3 3 5 3 5 2 2 3 5 5 2 4 2 4 1 1 3 5 5 4 2 4 4 2 3 3
2 4 1 1 5 1 5 4 5 2 2 2 5 2 4 1 1 2 5 1 3 3 1 5 3 5 5 3 5 5 4 4 4 1 1 2 2 3 3 3 2 3 4 5 2 4 1 2 5 0 5 1 5 5 4 2 1 1 4 2 5 4 3 1 3 2 5 4 2 5 2 5 1 2 3 3 5 3 5 3 3 3 4 3 4 1 5 3 3 2 1 4 5 2 4 3 3 2 5 5 3 3 3 2 4 2 5 5 4 1 3 3 2 5 3 3 5 5 4 5 2 2 1 5 4 1 2 4 5 2 1 5 5 4 4 3 5 4 3 5 5 1 2 3 1 4 2 4 5 1 5 2 4 5 2 4 5 4 2 2 2 4 2 3 2 3 4 4 3 2 3 3 1 3 3 2 2 3 1 3 2 2 1 1 4 2 2 1 5 2 5 4 2 1 2 3 1 4 1 3 4 5 5 3 4 3 2 1 4 3 3 4 4 2 4 4 1 1 3 3 4 4 1 3 1 1 5 2 5 4 3 4 2 5 2 1 4 5 2 3 4 4 1 1 2 2 5 2 4 1 3 2 3 3 5 5 3 2 2 4 4 2 1 1 5 4 5 2 5 4 4 3 4 5 4 1 2 3 3 5 5 2 3 3 5 4 5 3 2 1 4 4 5 3 4 2 1 5 2 3 3 5 5 1 1 1 4 4 3 3 2 4 4 5 1 2 1 5 4 3 4 3 5 1 3 5 3 5 4 3 5 5 3 4 3 4 1 2 3 2 4 2 5 1 5 2 4 3 1 3
1 3 1 3 3 3 1 1 1 2 4 3 1 3 4 4 3 5 1 4 4 5 2 3 4 2 5 1 1 5 2 2 1 4 2 5 3 1 1 5 1 3 4 4 2 5 1 3 2 3 0 5 3 1 5 4 4 2 5 2 1 1 3 4 1 4 4 5 1 2 5 4 5 3 1 5 5 2 1 3 1 4 3 3 2 2 3 5 3 1 5 2 3 1 1 5 2 4 5 4 1 4 5 1 5 1 2 2 5 5 2 5 2 1 4 2 5 2 4 4 2 1 4 5 2 3 2 4 3 3 1 5 3 2 1 1 1 2 4 1 4 3 5 3 4 4 3 3 4 3 1 1 4 5 5 3 1 5 4 2 2 1 1 2 3 3 2 2 4 1 3 1 2 1 4 5 3 2 1 4 2 3 2 3 3 2 5 2 1 3 5 1 1 3 5 2 3 3 1 5 5 1 3 1 3 3 3 1 4 5 4 1 4 5 3 4 1 2 4 2 4 3 1 3 2 1 3 2 3 3 4 2 3 1 1 2 3 4 1 4 5 5 2 2 2 3 1 1 1 4 3 3 5 3 2 5 5 1 4 4 1 3 3 5 1 2 5 2 4 4 4 4 4 1 2 3 1 3 3 1 5 4 1 1 4 1 3 4 3 3 2 3 1 3 1 3 1 5 1 3 2 3 2 3 1 2 4 5 4 3 1 5 4 1 2 5 2 4 3 4 3 2 5 1 3 5 4 5 5 3 2 5 4 4 1 2 1 5 2 4 4 5 1 1 2 5 2 2 4 5
3 2 4 2 4 4 2 3 2 1 1 2 3 5 5 1 2 3 3 5 5 5 1 5 5 3 3 5 5 3 4 1 2 2 5 1 2 1 2 5 4 3 3 4 4 4 3 1 2 3 2 0 2 5 4 1 3 4 2 3 5 3 5 2 4 2 4 1 1 3 2 1 4 2 1 5 5 3 2 4 1 2 3 1 3 2 5 5 4 4 3 4 5 5 4 1 5 5 3 4 2 4 1 4 1 2 1 1 1 5 1 5 2 2 2 3 1 2 3 1 1 2 4 5 2 1 4 4 4 3 2 2 3 3 4 3 4 3 2 2 1 5 4 2 4 1 1 4 1 5 1 3 2 5 2 1 1 4 1 4 1 3 4 4 4 5 4 3 3 2 3 2 5 3 2 4 3 1 2 1 2 5 4 1 2 5 2 4 1 5 5 2 4 3 4 4 5 1 4 4 2 5 5 3 5 4 2 5 4 4 1 2 4 4 5 4 1 4 5 4 5 3 2 5 1 3 5 1 5 2 2 5 1 5 4 2 5 3 3 2 4 5 3 1 5 1 3 1 3 1 3 1 5 5 2 1 4 3 2 3 3 2 4 4 4 3 2 3 3 4 1 2 3 1 1 4 5 5 3 5 4 5 3 4 2 1 3 2 5 2 1 1 3 3 1 1 3 5 3 2 3 3 2 2 4 2 3 5 4 4 2 2 4 1 5 5 1 3 2 5 1 1 1 5 2 4 4 3 4 3 3 5 2 5 4 1 2 3 5 2 1 2 3 1 3 2 3 2 3 1
4 3 4 4 5 4 2 4 2 1 2 2 4 2 4 3 2 4 1 2 3 4 1 3 2 2 4 2 4 4 1 4 1 4 5 1 3 5 4 1 2 4 4 4 2 3 4 5 1 5 3 3 0 4 4 2 4 4 2 1 4 1 5 3 5 3 1 1 1 5 5 5 3 3 5 2 5 4 5 4 3 3 1 2 2 5 4 2 3 3 5 5 1 3 2 5 4 5 4 3 4 4 4 3 1 4 1 1 4 4 2 4 3 1 1 2 5 2 5 5 4 3 2 2 2 2 4 5 1 2 3 1 2 4 1 1 1 4 2 5 5 4 2 4 5 1 4 1 3 1 2 5 4 5 3 5 3 3 5 5 1 3 1 1 4 3 1 1 4 2 2 4 1 4 2 5 2 2 5 5 1 5 2 2 2 1 5 3 1 5 4 5 4 4 1 2 1 2 5 5 2 5 1 2 1 4 1 5 2 1 2 3 1 4 1 3 2 3 3 1 4 2 3 4 2 4 5 4 3 3 4 5 3 1 4 1 3 3 2 5 4 3 1 1 5 3 3 1 1 2 1 1 5 1 3 2 4 4 1 1 2 3 3 3 4 3 5 5 1 3 4 3 2 3 2 2 2 5 1 2 3 2 1 4 3 1 3 3 4 4 2 1 2 4 3 2 1 3 4 1 5 3 3 5 1 4 4 4 2 3 4 4 2 2 3 2 5 3 1 2 4 5 3 1 1 4 4 3 5 1 2 3 4 1 5 3 2 2 5 2 4 3 2 1 1 2 2 2 4 4
1 1 3 4 1 2 1 5 4 3 4 2 5 3 5 2 2 2 2 2 2 3 2 5 4 2 2 5 4 4 5 2 5 4 3 5 4 2 5 2 4 2 4 1 3 2 4 5 3 1 2 5 1 0 4 3 2 2 5 5 3 5 1 3 5 3 5 5 2 4 3 3 4 1 4 1 5 3 3 3 5 5 1 5 4 1 3 3 4 3 2 2 5 5 5 1 5 2 3 2 3 5 5 5 4 2 5 2 1 5 5 1 2 2 2 4 1 5 5 4 5 1 3 3 2 3 5 3 5 5 3 4 1 4 1 2 1 4 5 2 1 1 3 4 4 2 2 2 5 3 4 3 4 4 4 1 5 3 1 5 5 1 2 4 1 5 4 5 5 2 2 3 1 2 4 4 2 2 2 5 1 5 4 4 2 4 2 3 2 3 1 4 2 3 1 2 5 4 3 2 4 3 4 3 5 4 1 2 3 2 2 4 5 3 4 3 4 5 1 1 3 3 2 3 3 1 3 3 2 2 5 5 3 4 1 1 1 5 3 3 1 2 3 5 1 3 1 4 4 1 2 3 1 2 3 5 1 1 4 4 3 4 5 1 5 3 5 5 1 4 3 5 4 5 1 1 1 1 1 4 2 2 2 3 4 3 5 2 4 1 2 3 4 5 2 2 1 2 5 1 5 5 3 4 2 1 5 3 3 4 1 3 1 2 1 3 1 3 3 2 1 5 1 2 4 5 4 3 3 2 4 2 3 4 4 3 4 1 2 1 1 1 3 3 3 2 4 5 1 2
4 3 5 2 4 1 2 2 3 1 2 2 3 1 3 5 4 5 2 1 2 4 4 3 2 4 1 2 5 5 1 5 2 1 2 1 5 1 5 3 2 4 4 5 5 2 2 5 5 1 3 3 3 1 0 3 1 3 5 1 1 4 5 1 1 4 1 2 4 5 5 3 4 2 3 3 5 5 3 1 1 2 4 1 3 4 1 3 3 5 4 5 1 3 3 1 5 5 5 4 5 3 5 3 3 4 1 3 4 2 5 2 2 2 1 3 2 4 3 4 5 2 1 5 4 1 4 5 4 3 2 2 3 5 4 2 5 4 5 2 3 3 2 3 5 1 2 5 2 3 1 4 2 4 4 3 1 3 4 5 5 3 3 2 3 1 3 3 5 2 4 1 4 4 4 3 1 3 3 1 2 2 5 5 5 3 3 3 3 2 3 5 3 4 3 3 2 3 2 1 2 4 4 5 2 3 3 2 2 2 2 2 1 4 2 1 2 2 2 1 3 4 5 1 1 3 1 2 2 1 3 2 3 1 4 2 3 5 1 3 2 2 2 5 3 5 5 4 3 5 1 4 4 2 4 1 4 4 3 1 5 2 3 5 4 4 3 5 5 1 1 2 1 2 4 1 1 4 2 1 4 3 2 2 4 3 3 4 1 2 2 4 1 5 5 1 3 3 2 3 2 2 2 5 3 3 3 4 2 2 3 2 2 5 2 4 1 3 4 4 1 2 3 4 2 5 5 4 1 3 1 3 5 5 5 1 5 1 2 4 2 5 4 2 4 2 4 3 2 3
3 1 1 3 3 1 5 2 2 2 1 5 2 3 2 4 5 2 2 5 5 2 2 2 4 5 1 5 1 2 1 3 5 1 3 5 2 1 1 4 5 5 3 1 4 1 1 4 4 3 2 3 2 1 2 0 1 1 1 2 2 1 3 4 3 3 4 4 1 1 3 4 1 5 5 5 1 1 2 3 1 2 1 5 5 5 1 1 4 4 3 5 1 1 4 5 3 2 1 5 2 1 2 4 2 4 1 2 3 2 5 4 3 2 3 4 3 2 3 3 1 1 4 5 1 2 2 4 4 3 1 5 3 1 4 3 4 1 4 2 3 2 5 1 3 2 1 3 2 1 4 3 1 1 3 4 1 4 4 5 5 5 4 2 3 3 1 2 3 3 5 4 3 3 1 3 3 3 3 4 1 1 3 4 5 4 3 5 5 5 3 2 1 4 5 5 2 2 3 4 4 1 2 3 5 3 1 4 5 1 4 1 4 5 3 2 5 3 1 4 4 5 4 5 4 5 5 5 4 2 3 5 3 3 1 5 3 2 1 2 5 4 4 4 2 2 1 2 3 2 2 5 3 1 1 2 1 2 1 3 4 3 5 4 2 2 1 1 2 5 4 5 3 4 4 1 4 2 4 3 1 1 1 5 5 2 1 4 5 3 1 5 4 1 2 4 2 1 3 5 5 2 4 3 2 5 5 3 4 2 5 1 3 5 1 2 5 4 2 4 2 1 3 4 3 4 5 2 4 5 3 2 2 2 1 4 1 4 1 2 3 2 3 2 1 2 1 5 3 3
2 3 3 3 5 3 5 1 1 4 4 5 5 3 5 1 3 4 1 1 5 5 5 3 4 3 3 4 3 5 2 5 3 2 2 2 1 2 3 2 5 4 4 3 5 3 4 2 5 1 3 2 1 1 1 5 0 3 4 5 2 1 2 2 4 3 2 5 2 4 1 4 3 1 1 4 3 3 3 2 3 3 4 5 1 2 3 1 3 1 1 2 2 4 3 3 1 5 5 2 1 1 3 2 4 2 3 5 5 2 4 5 2 2 3 1 2 5 4 2 1 2 5 3 4 4 2 3 5 4 5 2 1 1 1 2 4 2 2 1 3 3 4 4 5 1 2 3 1 3 4 2 1 2 5 2 4 3 3 2 1 2 1 4 4 3 1 3 4 5 5 1 5 2 4 4 3 5 4 3 2 5 1 2 4 1 4 2 4 2 2 5 4 1 5 4 2 4 3 5 1 1 3 2 1 4 5 3 1 4 1 1 4 2 3 3 1 1 2 1 4 4 5 5 3 5 3 5 3 5 4 4 3 5 3 2 1 3 3 3 2 1 4 4 4 5 4 2 4 2 5 1 1 2 4 4 1 2 2 3 3 3 4 2 5 1 5 2 1 3 3 5 5 3 5 3 1 2 1 3 3 2 2 1 2 3 2 4 4 1 1 2 2 2 2 5 5 3 4 2 2 4 3 3 1 5 2 3 4 4 3 3 1 2 5 3 4 1 5 2 3 5 2 4 2 1 4 5 5 5 1 1 2 1 1 2 4 1 5 3 1 5 4 2 5 5 5 1 2 1
1 1 5 1 1 4 4 4 2 3 3 2 5 1 4 3 4 1 5 5 2 4 3 4 2 4 5 5 2 1 1 4 5 2 5 3 3 1 1 4 2 4 3 2 2 4 5 3 5 1 4 5 3 2 3 4 3 0 2 1 2 1 1 3 2 1 2 3 3 3 5 1 1 1 3 1 5 2 4 5 1 1 2 2 3 3 5 4 4 3 2 5 3 5 1 4 2 1 2 3 4 3 2 2 4 2 3 1 3 2 5 1 3 4 2 1 1 2 3 1 4 3 3 3 5 3 2 3 2 5 4 1 1 1 1 1 1 4 4 4 1 5 5 1 1 1 5 4 3 3 3 1 4 4 2 4 3 4 1 2 5 2 3 3 1 1 2 3 4 1 1 4 5 4 3 5 1 5 5 3 4 1 2 5 3 1 4 3 3 2 3 4 1 2 1 3 2 2 3 4 4 4 2 1 2 3 3 5 5 1 2 2 2 2 3 3 1 5 2 5 4 2 3 1 1 2 3 3 5 2 3 1 2 2 3 5 3 5 1 3 3 3 2 5 4 3 2 3 5 4 3 4 5 3 2 4 1 2 2 2 4 2 5 4 1 2 1 4 5 5 1 4 4 3 4 1 3 3 5 5 3 3 4 4 3 4 5 2 5 2 2 1 5 2 2 5 5 1 3 5 2 1 4 3 1 4 5 3 3 1 5 5 4 3 2 3 2 2 1 2 4 5 4 3 3 1 1 5 4 4 3 2 5 2 4 3 2 4 2 1 5 4 1 3 3 2 3 2 3 3
3 3 2 4 5 4 3 3 5 4 2 2 5 4 2 2 3 1 4 3 5 2 2 3 1 2 3 3 5 3 4 3 5 4 3 5 1 2 5 4 3 2 2 2 2 1 2 2 5 4 3 1 3 4 3 3 4 4 0 3 3 1 3 3 4 1 3 3 1 5 2 1 4 2 2 4 4 4 4 2 4 4 2 2 3 2 3 4 4 4 5 3 3 5 3 2 2 1 3 2 4 5 1 1 3 5 1 5 3 5 5 5 4 5 3 5 5 4 1 1 2 2 2 1 4 3 4 1 3 4 3 4 4 3 1 4 4 3 2 1 2 2 2 2 2 2 1 3 2 1 2 2 1 1 2 5 2 4 3 2 3 1 5 4 2 5 5 1 3 1 2 1 4 2 4 3 2 4 5 4 1 1 1 2 2 5 3 1 5 3 3 2 1 5 1 5 4 3 3 2 2 4 1 2 1 2 1 3 4 5 4 3 5 2 1 4 5 4 3 5 1 5 1 2 2 1 2 4 5 3 4 5 5 2 2 5 1 3 2 5 1 4 4 2 5 5 2 1 1 2 4 5 1 3 3 3 5 2 3 3 5 1 4 4 2 2 3 5 4 2 3 2 2 5 2 2 5 5 2 3 5 1 2 3 4 2 5 1 1 3 1 1 4 3 4 5 2 2 2 2 2 2 2 5 2 5 5 2 2 2 3 2 3 3 1 2 1 1 3 1 1 3 3 2 1 4 2 4 1 1 1 2 5 4 5 1 1 4 1 2 2 1 2 1 1 2 5 4 1 4
3 3 2 2 4 5 2 1 4 1 1 2 4 2 4 2 4 4 3 3 4 3 5 5 2 3 3 3 5 1 3 4 1 5 5 1 2 1 1 5 5 4 1 5 3 4 1 1 5 2 4 3 2 2 4 3 4 2 2 0 5 2 4 2 3 4 2 2 5 1 2 3 1 4 4 1 1 3 2 1 3 4 3 1 4 5 5 2 3 4 1 2 4 5 2 5 4 5 3 4 4 2 2 5 2 3 5 4 3 5 2 3 4 4 3 3 5 3 1 2 2 4 4 3 5 3 3 2 5 2 4 4 2 1 3 4 5 4 5 5 4 3 4 1 3 1 4 2 1 5 4 2 3 3 5 1 2 3 3 5 1 2 1 3 3 5 5 5 5 5 4 3 5 2 2 3 3 4 4 5 5 2 1 2 4 5 5 2 4 3 2 5 1 2 2 3 3 3 4 5 1 5 3 2 5 1 3 2 2 3 4 5 5 2 3 3 2 4 4 5 3 2 4 4 3 2 3 5 3 3 4 4 4 3 3 3 2 3 1 4 5 4 5 5 5 4 3 3 4 5 4 1 4 4 3 4 3 3 5 4 2 1 3 4 5 5 3 2 4 3 2 2 4 2 5 1 5 4 5 1 5 4 1 3 5 1 1 1 2 2 2 3 2 3 3 3 5 1 5 3 2 1 3 3 5 1 3 5 1 2 3 2 3 2 5 4 5 2 5 2 1 1 4 3 4 3 4 5 1 5 1 4 5 4 3 2 3 4 5 2 3 4 5 2 2 4 1 3 4 1
4 5 1 5 2 4 5 2 4 5 5 3 3 1 5 3 1 2 1 5 3 3 2 1 4 3 4 1 4 5 5 2 4 1 4 3 5 2 5 3 1 5 2 4 5 1 3 2 4 5 3 1 4 1 1 2 3 1 3 3 0 3 4 4 4 2 1 1 5 4 1 5 3 4 3 1 1 5 1 3 1 5 3 3 3 5 3 2 3 4 5 3 2 4 1 2 2 3 2 1 1 4 1 2 1 5 3 4 2 1 1 5 4 3 3 5 1 4 2 1 1 4 2 4 3 2 1 4 2 1 3 5 4 5 1 2 2 3 4 5 3 1 1 5 5 4 1 3 3 1 5 4 1 4 5 2 5 4 5 5 4 3 4 5 3 5 3 1 3 2 5 5 2 5 5 2 4 4 5 1 1 4 2 1 2 1 4 4 2 2 1 5 2 2 2 5 5 3 4 1 1 3 3 4 2 4 5 4 3 3 3 1 2 2 5 2 5 1 2 3 2 1 3 4 2 1 4 4 4 3 5 1 1 4 1 5 4 2 2 1 4 4 5 4 1 1 3 1 1 2 4 2 1 5 1 4 5 4 1 4 2 4 1 1 5 1 4 4 5 3 4 1 4 2 2 1 4 4 1 5 5 2 4 4 1 3 1 2 1 2 1 1 2 4 4 3 2 4 5 3 3 2 3 3 4 2 1 5 3 3 1 1 1 1 5 4 2 2 2 5 4 4 1 2 4 2 1 4 3 1 2 5 5 4 4 4 3 1 1 2 3 3 5 4 2 4 2 1 2 5
1 3 5 2 1 2 1 2 3 2 4 1 4 4 2 2 1 4 1 3 3 4 4 4 5 5 2 1 2 2 4 3 3 4 5 5 3 4 4 3 5 5 5 4 3 2 5 3 1 5 1 1 1 2 3 3 4 2 5 5 4 0 3 3 1 1 5 3 3 4 5 5 2 3 5 3 1 3 5 3 5 1 3 4 3 1 4 5 4 5 1 2 1 2 5 4 5 3 2 4 2 5 1 4 3 5 3 4 4 1 2 1 2 4 1 4 5 3 2 3 4 3 4 5 5 2 2 3 3 5 5 1 1 1 4 5 5 3 4 2 2 3 5 1 4 3 4 4 3 5 5 5 1 1 3 3 1 2 2 4 1 4 3 2 5 2 3 1 2 2 5 3 2 4 5 4 1 1 2 3 1 2 5 2 5 5 5 3 1 2 2 1 4 3 5 1 3 1 5 4 5 1 2 4 4 1 1 2 1 5 4 4 3 4 1 2 5 3 3 2 4 4 3 1 4 3 5 4 4 1 3 3 3 5 1 4 5 2 4 3 5 2 2 1 1 3 3 4 5 2 5 5 4 1 4 2 2 1 3 2 4 3 2 1 5 5 5 1 5 3 4 5 4 1 2 2 2 1 3 5 3 4 2 2 4 2 4 5 3 3 2 1 3 2 2 3 4 3 3 2 4 5 3 1 5 2 5 3 4 5 3 1 1 1 2 5 2 2 4 4 1 5 4 4 4 2 3 3 2 2 2 1 4 1 5 2 3 5 2 2 5 4 4 4 2 1 4 1 1 4
3 4 5 2 2 1 5 5 1 3 1 5 1 3 4 1 3 1 4 1 4 5 3 2 5 4 1 1 4 2 4 5 2 1 2 4 5 5 2 3 2 1 2 5 1 3 4 3 4 5 3 2 4 3 4 4 5 4 1 3 1 4 0 1 1 4 3 4 5 3 3 2 3 3 4 3 5 1 5 1 3 1 3 4 3 3 2 1 3 4 3 3 2 2 4 3 2 1 4 1 1 1 4 5 1 4 3 2 5 5 5 3 3 2 1 2 1 4 5 5 1 3 4 1 4 3 2 1 3 3 3 1 2 3 3 2 4 2 5 2 4 5 4 3 5 1 3 3 1 1 5 3 1 2 2 4 5 1 1 4 2 1 2 5 5 1 4 2 2 1 3 1 3 5 2 1 2 1 2 2 5 1 2 5 2 4 1 3 2 1 2 5 2 5 5 4 1 4 3 2 5 3 1 4 5 3 2 3 5 4 5 4 2 4 1 1 5 1 1 4 2 4 5 2 2 3 2 1 3 2 2 3 3 1 2 1 2 4 3 1 1 5 2 5 2 1 2 5 1 4 4 3 4 3 2 3 3 4 5 4 2 2 1 4 2 4 1 5 2 2 4 4 5 2 3 5 5 5 3 1 5 1 1 1 5 3 5 5 4 4 4 5 5 2 5 3 4 1 4 4 5 5 4 1 4 5 1 2 5 1 3 5 2 2 1 1 1 5 3 5 3 5 3 1 4 5 1 5 1 3 3 5 2 3 1 3 3 1 2 5 5 1 1 2 5 5 4 4 3 5
3 2 4 5 5 4 1 5 4 1 4 3 4 4 5 3 3 3 1 5 1 1 5 3 1 4 5 4 5 5 4 5 4 4 5 5 3 1 1 4 4 3 4 3 5 3 5 2 1 4 3 5 4 5 1 3 1 5 1 2 2 5 2 0 4 1 4 4 4 2 5 1 3 4 2 1 4 5 2 3 5 3 1 3 1 2 2 4 3 2 2 4 1 3 3 5 3 3 4 2 2 3 3 4 1 5 3 5 2 2 3 1 4 5 4 5 1 4 5 2 3 1 4 2 2 2 1 1 5 4 3 1 2 5 1 2 5 2 5 4 5 5 2 4 1 4 2 2 2 3 4 2 1 1 4 4 1 3 1 5 5 2 5 1 2 2 3 2 5 2 3 5 5 5 2 4 5 5 2 3 5 4 5 4 1 1 3 3 3 3 4 1 1 1 1 5 1 1 5 2 3 5 1 4 1 3 4 5 1 4 4 3 1 1 1 4 1 1 3 1 3 3 2 1 3 3 4 2 3 3 3 5 3 2 2 1 5 3 3 4 5 1 3 1 1 4 3 4 1 1 3 1 3 3 3 5 3 4 3 4 1 4 1 1 2 3 5 1 3 3 3 4 1 1 4 5 2 4 4 3 1 4 1 2 3 4 4 1 1 1 2 1 4 3 2 3 1 5 5 1 1 4 1 5 4 4 2 3 4 4 5 1 1 4 5 4 2 4 2 4 4 4 5 3 4 4 5 2 4 5 2 5 3 4 1 1 4 4 4 4 2 3 2 4 3 3 4 5 2 4
1 5 4 2 1 1 2 3 4 1 4 4 1 5 5 1 5 5 5 3 5 1 5 2 5 2 2 2 3 5 5 3 5 3 1 1 2 2 2 4 3 4 3 3 2 1 4 5 4 3 2 1 5 5 4 4 3 4 2 4 4 4 2 2 0 1 3 1 2 1 3 2 2 2 3 1 4 5 5 4 5 5 1 5 5 1 5 1 2 4 3 1 2 2 3 3 2 4 2 3 4 3 5 4 5 3 4 5 4 2 1 2 2 4 4 5 4 3 1 3 4 2 5 5 3 4 2 2 4 4 5 2 2 1 1 1 1 2 3 1 5 5 4 3 1 5 2 2 3 3 4 2 4 5 3 4 3 4 4 1 5 5 3 5 3 2 4 4 1 3 4 5 1 5 1 5 4 4 3 1 1 4 1 1 1 3 5 4 5 1 1 2 1 4 2 2 1 4 1 3 4 2 3 3 5 2 2 5 2 5 1 4 3 2 1 2 3 2 3 3 5 5 3 3 2 4 4 5 5 5 3 2 2 5 1 3 3 1 1 2 2 1 1 4 4 2 3 2 3 5 2 4 2 3 4 5 3 3 2 1 1 3 4 5 2 1 4 4 4 4 3 5 2 4 3 4 1 4 1 4 3 1 4 1 4 2 2 2 3 3 4 4 1 4 4 2 3 2 5 4 4 4 1 3 3 4 1 1 5 1 2 3 3 2 1 1 1 2 3 3 2 5 3 1 3 5 2 1 1 2 1 5 4 5 5 2 3 3 2 4 3 1 1 1 3 4 1 2 4 4
1 5 1 4 4 4 5 4 4 2 2 4 4 4 3 4 3 5 2 2 3 2 4 4 1 4 1 5 5 3 5 3 2 3 4 4 5 2 3 3 4 4 3 2 2 1 1 5 5 3 1 5 1 3 5 2 4 2 4 4 3 2 3 3 2 0 3 4 1 4 1 2 5 4 3 2 4 4 5 2 5 2 4 4 5 1 4 1 1 4 4 5 5 4 1 2 4 3 2 1 4 2 3 5 2 4 5 3 5 3 3 3 4 2 4 5 2 4 4 2 2 4 4 1 2 2 4 2 3 2 4 1 3 2 4 1 1 3 1 1 5 1 1 4 1 3 5 5 5 3 2 2 3 1 2 2 4 1 4 5 1 5 4 1 4 4 1 5 2 4 3 5 5 5 4 1 3 5 3 5 3 5 1 3 1 5 4 4 4 5 5 1 2 1 5 5 5 2 5 5 2 1 3 5 5 3 3 3 2 5 3 1 5 5 5 5 1 2 1 1 3 4 5 3 3 1 1 2 2 5 4 1 3 5 2 5 1 4 3 4 3 4 5 2 1 2 5 5 5 1 1 1 5 3 4 5 5 4 4 1 1 4 2 3 4 4 5 2 3 1 4 5 2 1 3 5 3 2 2 3 1 1 2 3 4 4 2 3 3 2 1 5 5 4 5 2 4 4 1 4 2 3 3 3 3 3 2 2 4 5 2 4 2 4 1 4 4 4 3 2 3 2 4 4 1 3 5 5 2 4 4 2 4 4 4 2 4 4 1 3 4 2 1 4 5 4 3 3 1 1
1 5 4 2 3 3 5 4 3 5 5 2 5 5 2 4 4 5 4 3 3 2 5 1 2 2 2 5 2 3 4 4 1 3 3 2 1 4 1 4 3 3 5 5 5 2 4 4 4 4 3 4 1 4 3 4 1 2 2 4 4 2 5 2 1 3 0 3 3 2 2 1 2 2 3 4 1 3 3 3 3 3 2 1 1 5 1 2 3 3 5 5 2 3 2 5 2 1 2 2 3 5 4 2 2 1 3 2 4 4 4 5 2 2 2 2 4 4 5 1 4 1 1 2 4 4 4 4 2 3 1 4 3 2 2 5 2 2 4 4 3 2 4 2 5 2 5 4 3 3 1 3 1 3 2 2 1 5 4 2 1 3 1 4 3 5 2 2 5 1 3 1 3 2 3 3 2 4 2 2 1 3 5 3 1 3 1 4 3 1 1 4 1 1 1 2 5 2 4 5 1 5 5 3 5 2 5 5 4 2 3 2 4 2 3 1 5 3 2 2 1 5 4 4 2 2 3 3 2 4 2 4 4 3 4 2 1 2 4 3 3 2 5 2 5 1 1 5 3 4 4 2 4 5 3 3 5 3 4 3 2 1 1 3 1 3 5 4 5 2 2 4 4 2 5 5 4 4 1 2 2 3 1 2 5 2 1 4 4 2 2 2 5 3 5 4 5 3 3 1 4 3 1 3 3 1 4 1 2 4 2 2 2 4 5 5 2 5 1 2 2 2 2 4 1 5 4 1 5 4 3 5 3 2 3 4 5 3 3 5 1 3 4 2 3 2 5 4 2 4
2 1 5 4 3 4 4 2 2 5 4 4 4 3 5 5 1 1 1 4 3 3 2 3 2 3 2 2 5 3 5 2 4 1 1 2 3 5 3 4 1 4 2 1 2 2 3 3 4 3 3 4 1 2 3 1 3 1 3 5 5 1 2 3 5 1 1 0 1 3 2 2 4 3 3 3 5 5 3 2 4 1 2 5 5 2 3 2 4 2 3 3 3 4 1 3 2 2 3 4 2 5 1 2 4 1 1 1 3 3 1 5 1 4 4 3 5 2 1 1 5 2 2 3 5 2 2 2 3 5 2 2 2 3 1 2 3 3 5 3 3 1 1 4 1 5 1 1 3 4 1 2 3 1 3 4 2 2 2 2 3 1 2 4 2 5 5 4 5 2 3 3 3 1 3 3 4 5 2 5 5 2 1 5 5 2 3 3 3 5 1 1 1 4 2 2 2 4 3 2 4 2 4 5 1 3 2 3 2 1 2 3 2 4 3 1 3 3 4 1 5 2 5 5 2 5 3 4 3 4 2 3 2 4 5 1 1 2 1 1 3 5 3 5 3 4 2 4 1 5 1 1 2 3 2 1 2 2 3 4 5 4 5 2 3 5 5 1 2 4 4 2 3 3 5 3 3 2 3 5 3 4 4 4 2 3 3 5 2 3 2 3 4 3 2 2 1 4 1 2 5 2 2 2 3 2 5 1 4 1 1 4 1 1 3 5 4 1 3 2 1 5 3 3 1 3 1 5 2 2 5 4 4 1 4 2 2 4 1 3 5 4 1 3 1 2 1 2 2 1
3 5 4 4 2 1 4 2 1 3 5 1 2 4 1 2 3 2 2 1 2 3 5 4 3 5 2 5 2 2 5 1 5 1 1 2 1 4 2 1 4 5 2 3 4 3 1 3 3 1 4 4 5 2 5 1 3 5 1 3 1 4 1 1 1 3 5 5 0 2 4 1 3 4 1 4 1 4 4 3 1 5 1 3 2 3 2 5 3 4 3 3 1 1 4 4 1 3 4 2 4 5 3 1 2 1 3 3 2 3 3 1 2 3 4 2 5 5 5 2 4 2 4 2 2 4 5 3 1 1 5 3 2 3 4 5 5 1 1 4 2 2 2 5 3 5 4 3 2 1 2 5 4 3 3 1 4 3 4 1 1 2 4 2 2 3 2 4 5 1 5 2 4 5 2 2 5 5 1 4 1 5 5 3 5 4 5 3 3 3 5 2 2 4 3 4 2 2 2 5 3 5 5 3 3 1 5 5 1 1 5 5 1 5 1 2 3 4 2 3 1 4 5 4 3 5 3 1 2 2 5 5 4 3 1 2 4 4 1 3 4 2 2 3 2 1 2 1 5 5 2 4 3 1 5 4 1 4 2 1 3 3 3 4 5 2 3 1 3 2 4 3 3 1 1 2 2 3 3 4 5 4 5 5 4 1 2 2 5 1 1 5 1 5 3 4 1 2 5 2 2 2 2 3 4 2 3 2 2 5 3 2 1 4 2 2 2 4 2 5 4 4 5 5 4 5 5 5 4 4 5 2 5 1 3 1 1 1 4 2 5 5 2 4 2 5 2 4 1 1
3 2 4 4 2 1 5 2 5 2 5 1 3 3 5 1 2 3 1 2 4 2 1 2 3 2 1 2 1 2 3 2 5 2 4 4 3 4 5 4 3 4 3 1 2 3 1 2 5 4 1 4 5 4 4 2 4 2 4 3 4 4 4 3 3 1 1 2 4 0 3 1 1 3 3 3 3 4 1 3 3 4 1 4 1 4 1 4 3 5 1 3 5 1 2 3 2 3 3 4 4 2 5 1 1 4 3 2 2 2 1 3 3 2 1 5 5 1 1 3 2 2 4 3 1 3 4 2 1 1 3 3 3 2 2 1 3 3 2 2 3 2 5 2 4 2 2 3 1 3 4 5 1 3 5 3 2 4 1 3 2 5 5 5 5 4 2 1 1 4 2 3 5 2 5 4 5 5 4 1 1 1 2 5 2 5 1 2 3 5 2 5 2 4 4 3 4 3 2 1 2 5 3 2 1 3 1 4 3 4 5 5 5 4 4 3 2 4 1 2 4 2 5 3 3 4 3 3 2 5 1 4 1 4 5 1 3 2 4 5 2 2 2 4 3 3 2 5 1 5 3 3 2 3 3 2 5 1 5 4 4 3 4 4 4 3 5 1 5 5 4 5 3 4 2 4 5 4 1 1 3 2 3 4 2 4 1 2 3 3 1 5 3 1 4 1 4 3 3 5 3 5 2 5 5 3 2 3 3 4 3 4 2 5 5 2 1 1 5 2 2 2 3 2 1 4 1 3 3 1 5 4 4 3 2 2 4 5 4 1 2 3 4 4 4 4 5 2 1 4
4 4 3 5 5 4 2 5 2 2 3 1 3 5 2 4 5 2 2 2 1 2 4 4 1 5 4 1 1 5 2 4 3 5 4 4 2 5 2 1 1 1 1 1 2 1 5 3 3 2 5 2 5 3 4 1 2 2 2 1 4 3 1 2 3 1 4 3 2 5 0 4 1 5 3 5 5 2 1 5 3 4 2 2 1 3 5 3 1 5 5 1 5 2 2 2 5 5 4 1 3 1 5 5 3 5 5 3 4 1 3 2 2 1 2 5 2 2 1 2 2 1 5 2 3 2 2 1 4 5 3 3 5 3 2 4 3 1 3 4 1 3 4 2 1 4 4 1 1 3 5 2 3 4 4 5 5 5 5 5 4 5 5 5 5 2 3 2 5 4 3 2 5 4 2 1 2 2 3 2 4 5 1 1 2 3 5 1 5 3 3 5 3 5 3 3 5 3 2 2 2 4 5 4 5 4 3 3 3 2 2 1 2 3 2 4 4 4 3 5 3 1 3 2 2 3 3 4 2 1 4 2 2 2 1 5 3 1 2 4 5 5 1 2 4 4 4 5 5 4 5 3 5 1 1 3 3 1 5 3 4 1 4 1 4 2 4 1 2 2 3 2 1 2 3 1 4 5 3 3 4 4 2 1 4 4 5 3 5 2 3 3 4 3 3 3 2 4 3 3 5 3 5 5 2 1 4 4 5 1 5 1 2 5 1 4 2 4 4 3 2 2 3 1 3 5 1 5 2 5 1 4 5 3 4 1 4 1 4 1 4 1 1 4 4 2 3 3 2 5
4 3 4 2 2 2 5 2 5 5 5 1 2 1 4 1 4 4 2 3 2 2 4 3 3 5 1 2 4 5 3 2 5 3 1 3 4 3 5 2 4 5 2 2 5 1 1 2 4 4 5 3 3 5 3 4 3 4 3 5 5 2 5 3 3 4 1 2 2 5 5 0 4 3 1 1 1 4 2 2 3 3 2 1 5 4 4 3 1 4 3 5 4 3 1 4 4 4 4 1 1 5 4 5 5 2 3 2 1 1 2 4 1 3 2 3 5 1 5 3 3 1 1 2 5 2 2 3 2 2 4 3 3 2 1 1 2 4 5 3 2 4 4 5 4 4 3 4 5 2 3 4 3 2 4 1 4 1 1 3 5 1 5 4 1 1 5 1 3 4 2 3 4 5 5 1 2 1 2 3 4 4 5 4 4 2 5 4 4 3 3 4 2 3 1 5 5 1 4 4 1 5 3 1 1 3 5 4 5 5 3 3 1 5 4 1 1 1 3 2 3 3 1 4 3 5 3 1 5 2 1 2 4 4 1 1 2 2 1 5 2 2 1 1 3 1 5 1 4 4 4 5 4 4 1 2 1 4 5 4 1 1 5 2 2 2 2 3 4 1 3 5 4 4 1 5 4 3 4 5 2 2 3 5 2 1 3 3 4 3 2 1 5 3 4 2 4 2 1 2 1 5 2 1 4 5 5 2 3 2 1 2 2 2 4 3 4 2 5 2 2 5 3 2 1 1 4 3 2 4 1 2 4 4 5 4 5 2 4 3 3 3 4 1 3 3 4 2 1 2
2 1 3 4 2 2 2 2 5 5 5 4 2 3 1 1 3 1 1 3 4 1 5 4 1 4 1 4 4 3 1 5 5 4 3 5 1 4 1 5 3 3 5 2 5 2 5 1 5 5 4 2 2 3 5 1 4 5 2 2 4 5 4 4 2 4 2 3 2 2 4 4 0 2 3 1 1 5 2 2 4 1 1 1 2 4 5 4 2 4 5 3 2 3 2 1 1 5 2 5 1 2 5 2 4 1 2 5 1 4 5 3 3 5 1 2 4 2 2 5 2 3 2 4 3 2 5 3 4 1 3 2 5 3 2 5 3 3 4 2 5 3 1 5 5 4 4 5 4 2 2 3 2 3 5 1 1 1 5 3 3 3 4 3 5 1 5 4 4 1 5 5 5 2 5 5 4 1 4 1 4 5 1 3 3 1 2 5 1 3 1 5 1 4 2 4 1 2 1 1 4 4 5 2 5 2 2 2 5 1 4 3 2 3 4 5 2 1 5 3 5 1 2 4 2 1 4 1 2 4 1 5 1 2 3 2 5 3 1 1 5 1 2 1 2 2 3 1 1 1 5 5 1 2 2 2 3 2 2 4 3 4 4 1 3 4 5 1 5 2 3 4 3 2 5 2 4 5 3 5 3 5 5 2 1 2 2 1 4 4 2 4 2 3 3 5 5 3 4 4 3 1 5 5 4 3 1 2 4 3 4 4 3 5 1 5 4 3 1 4 2 3 4 5 3 2 4 2 5 1 4 2 2 2 3 3 5 2 4 1 1 1 4 5 5 4 1 2 3 5
2 3 3 2 2 5 2 2 2 1 2 2 4 3 5 2 4 4 4 3 2 4 4 2 5 1 1 2 2 1 5 2 3 1 3 2 5 4 4 3 4 3 4 3 2 3 5 2 5 1 2 3 3 5 2 5 5 4 5 3 5 5 4 2 3 1 4 5 1 4 4 5 5 0 5 4 2 1 4 5 5 1 2 3 4 2 5 3 4 3 4 3 3 1 2 2 5 3 1 3 5 4 5 1 3 4 2 3 3 2 4 5 4 1 1 1 2 4 1 1 5 3 2 2 5 2 2 3 1 1 1 2 2 4 3 4 3 2 2 1 2 1 3 2 4 2 2 2 5 2 3 3 1 2 3 5 2 1 5 2 5 5 1 3 2 3 4 4 1 4 4 4 5 5 1 1 2 5 3 5 2 3 3 1 4 3 2 5 2 4 5 3 2 3 3 1 4 3 1 2 3 2 1 2 2 2 2 5 2 5 3 1 1 3 1 4 4 5 1 5 5 2 1 5 4 2 1 3 5 2 5 1 5 1 3 2 4 1 4 5 1 2 4 3 5 4 5 3 4 5 1 3 3 1 1 5 5 3 2 3 2 1 1 4 4 3 2 4 4 1 2 4 3 5 4 3 5 2 4 2 3 2 4 1 2 4 2 4 3 2 1 2 5 2 2 2 4 3 2 5 5 3 5 5 2 2 5 3 4 4 2 3 4 2 2 4 2 5 4 4 1 2 5 2 2 1 1 4 1 5 2 3 1 2 2 1 1 1 5 2 3 3 4 1 5 2 3 5 1 1
3 4 3 1 2 3 1 4 4 4 5 2 4 3 3 2 1 1 2 4 2 3 4 3 1 5 1 2 5 1 2 3 4 4 3 3 1 2 3 4 3 2 1 1 4 2 5 1 4 5 5 4 3 3 3 1 5 5 4 4 1 5 2 4 4 3 5 4 3 1 4 5 3 1 0 5 5 2 5 4 5 2 2 3 3 1 5 2 2 3 1 5 3 5 1 4 1 1 2 4 5 1 5 4 5 2 4 5 1 4 5 5 2 2 3 4 4 2 2 5 1 4 1 5 5 1 1 2 1 4 1 2 2 4 4 4 1 4 2 3 2 4 1 2 3 5 5 2 2 4 2 4 3 1 5 1 2 1 5 5 1 5 2 5 3 2 4 5 4 2 3 1 3 1 3 5 4 1 4 1 1 5 4 4 1 5 1 3 5 4 5 2 1 2 4 2 3 2 4 4 5 1 4 3 2 4 4 3 2 1 3 3 5 1 4 2 2 4 2 5 1 2 1 5 1 2 4 2 2 4 1 3 5 1 5 4 3 2 4 2 3 5 4 1 1 3 5 3 3 5 1 1 4 4 4 3 2 4 4 3 1 4 1 5 4 3 1 5 5 2 2 3 5 5 5 1 3 3 1 2 4 1 5 5 5 4 3 1 1 2 4 1 1 5 1 2 3 2 4 2 1 3 1 5 3 1 1 5 3 4 5 1 3 4 2 2 1 5 2 1 2 2 2 5 3 2 5 1 3 4 5 4 1 3 5 4 4 1 2 5 3 4 2 4 4 4 4 1 2 1
2 1 5 2 5 3 4 2 1 2 5 3 4 1 5 4 2 2 3 3 4 4 2 1 4 4 4 4 2 4 3 2 1 1 2 5 4 3 5 4 1 4 1 3 2 1 2 5 1 2 2 3 2 3 2 5 2 2 1 4 1 4 1 2 4 3 2 1 1 5 2 2 2 4 3 0 2 3 2 5 5 4 1 5 4 4 3 3 1 3 5 3 4 5 5 2 2 3 5 5 5 5 5 2 3 2 2 5 1 2 5 1 1 1 4 1 5 5 2 3 4 4 5 2 2 2 3 5 4 4 1 3 5 3 2 5 2 3 2 1 5 4 5 1 5 3 4 3 5 5 3 2 1 4 2 2 3 5 1 4 5 1 1 5 5 2 4 1 5 5 4 1 3 5 1 1 5 2 2 2 5 2 3 5 3 1 4 4 3 5 5 3 2 1 3 1 4 3 4 3 2 3 4 2 2 2 5 4 5 2 3 2 4 4 3 1 4 2 5 2 4 5 1 2 4 4 1 3 5 4 1 4 1 2 2 2 2 2 3 2 3 5 2 2 2 3 2 5 2 5 3 2 3 3 4 5 4 2 3 1 2 1 2 3 1 2 3 2 4 4 2 2 5 4 2 2 5 5 3 1 1 4 3 4 2 2 5 1 3 1 4 2 3 3 5 5 2 4 3 4 3 3 4 2 2 4 2 5 5 5 5 5 1 3 3 5 1 2 2 3 4 4 5 1 4 5 2 3 5 1 2 5 1 4 3 2 4 1 5 1 5 2 1 2 4 3 5 4 2 2
3 5 2 3 3 1 2 4 1 2 4 3 3 2 1 1 2 3 2 1 3 2 3 1 4 4 5 3 2 2 4 2 2 4 1 1 1 5 1 4 4 4 2 1 5 1 5 2 3 4 3 1 5 5 4 4 2 1 5 4 2 4 4 4 3 2 3 1 2 3 3 2 5 2 2 1 0 5 1 1 5 5 4 5 3 1 3 4 4 4 2 5 1 4 5 2 3 3 3 1 1 1 3 1 2 2 2 2 2 2 5 2 4 5 2 3 2 1 5 3 3 2 3 3 4 4 4 4 1 4 5 4 3 1 1 2 4 3 2 2 4 2 1 1 3 4 4 2 2 4 1 1 1 4 2 2 3 5 5 5 4 3 3 4 2 1 4 1 1 1 4 5 3 3 3 5 3 4 3 2 5 5 5 2 5 1 4 2 5 4 4 3 1 1 5 2 2 2 5 4 2 5 4 5 2 1 5 4 1 5 3 5 2 4 3 1 2 1 1 4 2 3 5 3 1 5 2 3 1 5 4 4 5 1 5 1 4 3 2 2 2 2 2 1 1 3 5 1 2 3 5 2 1 4 5 1 2 3 4 1 4 3 1 4 4 4 5 4 5 5 2 5 2 5 1 2 3 2 2 3 5 3 1 1 1 2 1 1 5 2 2 4 5 1 3 1 1 2 3 1 2 5 4 5 1 5 1 4 2 5 5 3 2 2 3 1 5 5 5 5 2 1 4 1 3 2 2 4 1 3 5 3 5 1 2 2 5 2 4 5 4 3 2 5 5 1 4 4 4 1
4 3 2 2 5 3 1 5 4 5 2 3 1 4 1 5 1 4 5 2 5 2 5 1 1 4 4 3 4 5 5 2 1 3 5 3 5 3 5 5 3 5 4 1 4 4 3 1 4 3 1 1 4 2 3 3 2 5 1 3 3 4 2 3 5 3 4 4 2 1 4 4 3 3 3 1 3 0 1 1 3 4 2 1 5 1 1 2 3 5 5 3 1 4 1 5 3 3 5 5 5 1 4 5 3 3 1 4 5 5 1 2 2 5 2 4 2 3 3 1 2 4 1 3 2 4 1 2 1 2 3 5 1 5 1 1 1 2 4 5 5 1 4 1 4 4 3 5 2 2 5 5 3 4 2 1 2 1 3 3 5 4 5 1 3 5 5 4 5 4 2 4 1 2 1 3 4 3 5 5 1 3 3 3 1 3 4 4 1 5 3 1 1 5 1 1 2 4 1 5 3 5 5 4 3 1 2 5 5 5 4 1 1 5 2 3 3 4 1 3 3 2 3 4 3 3 4 5 4 3 4 4 3 5 2 2 5 2 4 5 3 5 3 4 2 4 2 2 3 3 3 2 4 3 5 2 5 3 3 3 2 3 3 1 3 2 5 2 3 3 1 1 5 1 5 3 3 3 2 3 2 1 2 4 2 3 4 1 4 3 1 5 3 4 5 2 3 2 4 2 4 3 3 5 4 1 4 1 5 2 4 5 4 5 5 5 1 2 5 1 1 5 3 4 2 3 4 2 4 5 2 5 5 4 2 3 3 4 1 3 5 4 3 3 4 2 3 4 2 4
2 5 2 3 1 4 1 3 1 2 1 1 4 5 3 1 2 2 5 1 3 1 2 4 2 2 3 2 4 5 2 5 3 5 4 4 2 2 1 3 1 3 4 4 1 2 1 2 3 2 5 1 4 1 2 3 2 5 4 5 4 5 2 2 5 1 5 5 3 3 3 3 3 4 2 2 4 2 0 2 4 3 1 1 3 1 5 5 1 3 2 3 1 5 3 3 1 1 3 4 2 5 5 4 2 5 5 1 4 1 4 3 1 1 2 1 4 4 4 1 2 1 2 1 3 4 2 2 3 5 4 5 5 3 4 5 5 1 3 2 5 4 1 3 4 5 3 4 4 2 2 5 2 3 2 3 4 3 2 3 5 4 2 5 1 5 2 2 4 3 2 5 4 2 1 2 3 3 2 5 4 4 1 4 5 3 3 4 1 1 3 4 1 4 3 5 4 3 5 4 4 4 2 5 1 2 4 1 1 2 3 3 1 3 4 2 2 3 3 1 5 5 3 4 3 4 1 2 4 4 5 3 3 4 5 4 4 5 2 4 2 2 2 4 3 2 1 1 1 4 2 3 1 2 2 3 4 3 3 2 1 3 5 1 4 5 1 1 1 1 1 4 4 1 1 2 3 4 1 4 2 3 4 2 1 1 5 2 4 4 1 4 1 5 3 5 5 2 1 4 3 3 5 3 1 1 5 4 5 3 4 5 4 1 2 1 2 2 4 5 4 3 4 5 2 3 2 2 4 4 5 2 2 4 4 4 4 4 5 2 1 2 1 5 4 3 1 4 4 4
3 4 4 3 2 2 2 3 4 5 4 3 4 4 2 5 4 2 4 4 4 5 4 5 2 3 3 2 1 4 1 4 2 1 3 3 1 5 3 1 5 3 2 1 4 3 3 4 1 5 2 5 4 1 4 4 1 4 5 4 5 2 3 2 4 2 4 4 1 4 2 1 1 2 1 2 4 1 1 0 4 4 1 3 4 5 1 1 4 1 2 3 2 1 3 5 3 2 1 1 4 5 3 5 4 4 4 3 5 4 1 1 4 3 4 3 5 5 4 1 4 2 5 3 1 2 1 4 1 2 5 2 1 4 3 4 5 3 2 5 4 2 2 5 3 5 4 3 1 4 5 1 1 1 4 4 2 2 4 3 4 4 1 2 5 5 5 5 5 3 5 2 2 5 4 2 1 5 1 1 1 2 2 5 4 2 5 3 2 1 4 2 4 5 4 4 5 4 4 5 2 2 5 3 3 4 4 3 3 5 2 5 4 5 2 4 1 4 3 5 2 5 4 4 3 1 1 4 5 1 2 2 5 4 5 1 2 2 1 5 2 3 3 5 1 5 2 5 2 4 2 2 3 2 4 2 4 4 5 1 2 1 5 5 5 2 3 4 5 4 4 2 3 2 2 3 3 2 1 5 4 5 4 2 2 2 3 4 5 1 3 4 1 1 1 2 2 1 1 4 4 4 4 3 3 3 2 1 2 2 4 2 4 2 3 3 4 4 1 3 2 1 4 4 1 4 4 4 5 4 4 5 1 1 3 2 1 3 1 3 5 2 5 2 1 3 2 2 4 2
2 2 2 4 4 5 4 3 1 5 2 5 4 4 2 3 4 1 1 1 3 2 1 5 1 4 5 3 2 5 2 3 3 3 5 1 3 3 5 5 5 2 5 4 1 2 5 5 5 2 2 5 5 2 5 1 3 1 3 3 5 1 3 3 1 1 5 5 4 2 1 3 5 5 1 2 1 3 4 4 0 1 4 1 3 3 5 3 1 1 4 1 2 2 1 3 4 1 4 4 4 2 2 2 3 4 5 1 4 4 5 2 3 3 3 3 1 5 4 3 1 1 5 2 5 4 4 3 3 3 3 3 1 5 2 1 1 1 3 5 5 2 5 5 4 1 2 5 2 1 1 3 4 3 3 3 2 1 5 4 5 5 2 1 1 1 3 4 4 4 2 1 5 5 4 3 5 1 1 2 4 2 3 4 1 2 3 3 5 3 4 3 1 5 5 3 4 3 2 4 2 2 3 2 1 1 1 5 5 4 5 1 2 2 2 3 3 3 5 2 5 3 4 4 2 3 4 1 5 1 1 1 2 1 3 2 3 2 4 3 4 3 4 5 2 4 5 1 1 4 3 4 3 1 2 4 1 2 2 3 5 3 5 3 1 2 2 5 5 3 3 2 3 2 3 3 2 3 2 2 4 2 4 2 2 2 2 3 4 1 2 2 4 5 3 2 2 5 2 3 5 2 5 1 4 2 3 4 3 3 3 2 1 1 3 4 2 1 2 1 3 3 3 5 1 1 2 1 5 5 5 3 4 2 1 1 1 1 4 4 5 1 2 5 4 1 2 4 2 3
3 4 4 4 5 5 4 1 3 4 4 4 1 4 3 3 3 5 3 5 4 2 1 2 5 5 1 4 2 1 1 1 1 4 4 5 5 3 3 3 3 5 3 3 3 3 5 4 5 4 4 2 2 5 3 2 3 5 2 1 5 2 1 3 4 1 1 4 5 4 3 3 4 1 1 3 4 4 1 2 3 0 2 3 5 4 4 4 3 2 1 5 1 3 1 5 3 3 2 5 3 2 1 4 2 2 5 3 1 1 5 5 2 3 1 5 3 1 5 3 5 3 3 1 2 4 3 3 2 3 5 5 5 4 3 2 4 2 1 2 5 4 1 4 5 2 1 5 4 3 3 3 1 3 4 3 4 5 2 3 4 2 5 5 4 2 1 4 4 4 1 3 4 5 1 3 3 1 5 2 1 3 3 3 3 3 3 2 5 4 5 3 1 2 3 1 5 2 5 1 1 4 1 4 2 4 5 4 5 2 3 1 2 2 4 3 1 2 3 2 4 4 2 2 1 5 5 4 5 1 3 3 3 5 3 3 5 4 4 1 5 1 3 3 4 1 2 5 1 4 2 4 5 3 3 4 3 2 4 2 4 3 5 4 1 5 3 3 1 2 4 4 1 5 2 4 4 2 4 5 3 1 5 3 4 2 5 1 2 3 3 2 3 2 2 3 2 2 5 2 3 2 5 2 1 4 3 3 4 5 5 5 3 1 5 3 5 5 5 3 1 4 5 3 4 2 4 3 1 3 4 1 1 3 5 3 4 5 1 4 2 1 5 3 4 4 2 3 3 4
3 5 2 2 1 5 5 2 1 2 3 3 1 3 4 2 5 1 4 2 1 5 2 4 3 4 2 4 2 5 2 4 4 2 2 1 4 1 1 2 3 4 4 4 5 5 2 4 1 2 3 3 5 1 2 1 2 1 3 4 1 4 3 2 2 2 3 1 3 4 5 3 4 2 3 2 5 4 2 1 3 3 0 4 2 3 3 1 4 2 3 2 3 4 5 3 4 3 1 1 4 4 5 4 3 4 4 3 4 1 4 4 3 3 1 5 1 1 5 3 2 1 4 1 2 1 1 2 1 5 2 3 5 2 4 2 3 4 1 5 3 2 1 2 5 1 1 5 2 5 4 3 4 5 1 2 4 3 3 1 2 2 1 1 1 2 5 3 3 1 4 3 1 3 2 2 1 4 5 5 3 3 3 5 2 4 3 5 4 2 3 5 2 4 1 4 4 1 2 5 3 4 5 5 2 4 1 1 4 5 4 1 3 1 5 3 1 1 4 5 5 5 1 4 4 3 3 1 3 5 4 4 5 4 4 1 4 1 3 1 1 5 2 1 4 3 3 3 5 2 4 5 2 3 5 5 5 2 5 2 2 1 5 4 1 3 5 1 2 4 1 3 5 5 2 3 5 3 5 3 3 3 2 4 5 4 1 4 3 4 2 1 3 3 5 2 4 3 2 2 1 1 1 3 5 2 2 2 1 3 1 4 2 5 1 5 3 2 3 3 2 5 2 2 4 4 1 4 5 3 1 2 2 2 4 4 4 2 1 5 4 4 3 2 5 2 3 5 1 3
4 2 5 3 3 3 1 3 4 2 2 2 4 3 3 2 4 2 5 4 5 2 1 4 2 1 4 5 1 3 5 5 4 5 1 3 1 3 1 3 4 5 5 4 4 3 5 3 1 4 3 2 3 4 3 2 3 3 4 2 5 2 4 2 5 1 5 4 5 1 3 4 2 1 3 4 5 3 2 3 5 5 3 0 5 4 1 3 3 5 3 5 4 4 2 4 3 5 2 1 4 3 5 1 5 1 2 3 3 1 4 1 1 5 1 5 1 1 5 4 1 4 5 2 2 4 4 5 5 3 1 4 5 1 3 4 1 1 1 5 5 2 2 5 2 5 5 3 5 2 3 4 4 2 2 5 3 2 4 3 4 2 1 4 5 5 5 3 5 1 3 3 5 1 2 1 3 5 4 1 1 1 2 5 3 3 5 3 3 4 4 5 3 3 1 4 5 4 4 1 4 2 1 1 1 1 5 3 5 4 1 1 4 4 2 1 2 5 5 5 2 4 5 1 4 1 3 2 2 2 2 5 1 1 2 5 2 3 3 5 4 5 5 4 5 4 2 3 5 2 3 2 1 2 3 1 1 2 1 3 4 4 3 2 5 3 5 5 4 5 1 5 2 4 5 1 3 5 3 3 3 2 5 3 1 1 2 3 4 1 4 3 3 2 4 2 3 1 5 1 4 3 1 2 4 4 5 3 1 3 1 4 2 3 1 1 5 5 5 1 2 4 4 5 3 4 1 5 4 5 5 4 1 5 5 3 5 1 2 1 3 3 4 5 3 1 1 5 3 5
4 5 4 3 5 1 5 2 3 3 3 5 2 2 3 3 3 3 2 1 1 2 1 3 4 4 5 1 5 2 3 3 3 4 4 1 1 2 3 2 1 2 4 3 2 1 1 2 5 4 2 5 5 2 2 4 5 5 5 1 2 2 2 2 3 2 1 5 4 4 2 4 4 3 2 5 3 1 4 4 5 2 4 3 0 4 2 1 3 2 5 1 5 3 1 1 1 3 3 4 5 2 1 1 2 5 2 5 1 3 4 1 4 5 2 2 5 5 2 3 3 4 4 4 1 3 2 3 1 3 5 5 4 2 1 2 5 4 1 1 2 1 2 4 4 5 5 5 1 5 4 1 4 1 3 5 1 3 3 5 1 4 1 1 4 2 2 2 2 5 4 2 2 1 1 2 2 4 4 5 4 3 1 3 3 5 2 1 3 5 2 5 1 5 1 2 3 3 3 1 4 1 1 3 4 4 1 4 4 2 3 3 2 4 3 5 4 5 5 3 4 5 4 4 4 2 4 4 4 3 4 2 4 5 5 3 5 2 3 5 4 3 3 4 2 2 1 4 5 5 2 4 5 3 2 5 3 1 4 4 1 2 3 4 4 3 2 3 5 5 3 1 5 1 5 2 5 1 3 5 2 4 1 1 2 2 5 1 5 4 3 1 4 1 2 2 1 2 4 2 3 1 3 3 1 5 2 4 5 4 3 5 1 2 2 1 3 5 1 3 3 4 2 2 4 5 3 5 3 3 1 4 4 3 2 1 5 1 3 4 3 2 3 4 5 5 4 5 3 3
3 5 1 1 1 5 4 5 2 4 1 3 3 5 3 4 2 2 4 3 5 1 1 4 1 1 3 5 2 3 3 3 4 4 4 1 4 5 5 5 1 2 2 5 4 1 4 2 1 2 3 1 1 3 4 3 4 3 3 1 1 2 5 1 4 4 5 1 4 5 1 1 3 2 2 1 1 4 3 2 5 4 2 5 1 0 3 2 4 4 5 4 1 2 3 5 2 5 3 5 3 1 1 2 3 5 3 5 2 5 1 4 1 1 1 4 3 4 4 5 1 2 1 1 1 4 3 2 4 2 3 4 5 5 4 1 5 3 3 4 4 1 4 2 2 3 4 5 2 2 1 2 1 5 5 2 3 2 2 3 2 5 4 1 2 1 4 3 4 2 1 3 4 5 5 1 5 5 1 2 2 5 3 5 2 4 3 4 1 1 2 5 3 3 1 2 3 2 3 1 2 5 3 3 4 2 5 4 1 2 3 4 1 3 5 2 1 3 3 5 4 5 4 3 1 1 3 2 5 5 5 4 1 2 4 2 1 1 3 5 5 2 4 3 2 2 4 1 3 4 5 5 1 2 1 2 5 3 5 2 4 4 3 1 4 5 3 4 5 3 2 2 4 5 5 3 1 5 2 4 1 4 2 5 1 2 3 2 5 3 2 4 2 5 3 5 5 3 4 1 2 2 2 3 3 3 1 2 1 1 5 3 2 2 3 5 1 2 2 1 3 1 3 2 4 1 4 3 1 1 4 3 4 3 2 3 5 3 4 2 4 2 5 2 4 2 5 5 2 2
3 1 4 1 1 3 2 1 2 3 1 1 4 5 1 3 1 1 5 4 1 1 3 2 2 5 1 5 2 3 4 4 3 4 3 1 1 4 5 3 1 2 1 4 3 4 5 2 2 5 4 3 3 3 1 3 5 4 2 4 2 3 1 3 5 4 3 3 2 4 1 3 2 4 5 4 3 4 5 1 1 2 1 3 4 2 0 5 3 4 4 2 5 1 5 5 5 1 1 5 3 5 2 1 3 5 2 3 2 3 2 2 1 1 2 2 3 3 4 3 5 1 4 2 5 2 3 2 1 3 5 4 5 4 4 2 3 1 3 2 2 5 3 1 5 1 5 5 1 3 2 3 4 2 1 5 1 3 2 5 1 5 4 4 5 5 4 2 4 3 5 2 2 5 1 2 3 2 2 5 5 3 4 4 2 2 2 1 4 5 3 4 3 3 5 2 5 4 4 4 1 3 4 1 5 1 2 1 5 4 5 3 2 2 5 1 4 4 2 1 2 4 5 5 4 5 1 1 3 4 1 2 1 5 2 2 3 1 2 5 5 5 4 2 4 1 5 3 3 1 4 3 1 2 1 1 4 1 2 4 5 4 1 3 2 4 3 4 3 1 2 1 4 3 3 3 1 5 1 3 2 1 4 2 3 4 1 1 1 3 3 4 5 1 4 4 3 1 1 4 2 2 1 2 2 2 2 4 2 5 1 3 2 1 3 3 4 1 4 4 2 1 5 2 3 5 3 4 2 1 5 2 5 1 4 4 5 3 1 2 3 1 4 1 1 2 5 2 3 5
1 1 3 4 5 1 2 4 3 1 5 5 4 1 2 2 2 5 2 1 3 1 1 5 2 4 4 4 5 1 2 5 4 2 3 1 3 1 1 3 5 1 5 4 1 2 5 5 1 2 3 5 1 2 3 1 1 3 5 1 2 4 1 2 1 2 4 5 2 1 5 2 2 2 2 1 4 4 5 1 2 2 4 5 4 2 1 0 1 1 5 1 5 3 2 5 4 3 3 3 1 5 4 4 3 4 2 1 2 5 5 2 4 2 1 1 4 1 1 2 1 1 3 4 2 3 5 1 5 4 4 5 1 4 4 3 1 1 5 3 1 5 3 5 3 1 5 5 2 1 1 1 1 3 1 1 2 1 2 4 1 2 3 4 5 4 2 1 3 2 1 4 2 2 2 2 5 4 5 5 5 5 5 2 2 2 1 5 3 4 3 5 2 2 2 2 3 1 1 5 1 2 1 1 4 4 1 3 4 1 5 5 3 1 3 5 4 4 4 5 1 3 5 4 1 4 3 5 2 4 2 3 3 2 1 2 4 2 3 4 3 2 4 4 1 4 4 3 5 5 1 3 3 5 4 5 5 2 3 1 5 3 5 5 5 4 5 3 2 4 1 3 5 3 4 5 1 4 2 4 2 4 1 5 2 4 2 3 5 1 3 4 1 3 2 2 5 3 4 4 1 5 2 5 2 1 1 5 1 1 5 2 1 3 4 1 2 2 2 1 1 4 1 1 3 1 5 5 1 2 2 1 5 2 4 1 4 3 5 2 1 1 5 4 2 3 2 3 2 4
2 2 3 5 4 3 5 4 3 5 3 1 5 1 1 1 1 5 3 2 1 5 5 3 5 1 1 5 2 5 5 5 3 1 5 3 2 2 1 1 2 4 5 3 1 4 5 2 5 5 1 5 3 1 3 3 2 1 5 3 1 5 1 2 3 2 2 5 1 2 3 4 5 1 4 2 1 5 2 5 4 1 2 1 5 5 2 1 0 5 5 5 2 2 2 5 2 1 4 5 4 2 2 4 4 4 4 2 5 2 5 5 2 1 3 1 4 1 2 4 4 2 2 3 4 2 4 3 2 3 5 3 1 2 4 5 3 3 2 5 3 4 1 4 4 4 3 2 5 1 1 1 3 1 5 1 5 5 5 2 5 4 1 5 4 3 5 4 4 5 3 3 2 3 1 1 1 3 2 3 1 2 1 5 5 1 5 1 4 2 5 5 3 5 2 1 5 2 3 4 2 2 2 1 2 3 4 2 4 1 3 5 3 3 5 2 2 2 3 4 2 4 1 3 1 4 5 1 5 3 4 5 4 1 5 5 4 2 3 3 3 3 1 5 4 3 2 2 4 5 2 2 1 3 5 2 5 1 3 4 2 3 1 4 5 5 3 4 4 4 1 5 4 2 5 3 4 3 5 5 2 5 5 1 3 3 3 4 1 1 3 3 5 1 4 4 1 5 5 5 2 5 3 4 1 5 5 1 4 2 2 4 4 5 3 2 5 4 3 1 3 4 4 5 2 1 4 5 3 1 4 4 1 5 4 4 1 5 2 5 2 4 3 3 3 5 1 4 2 3
4 4 1 3 5 3 4 4 2 2 3 1 5 4 2 3 3 2 3 3 5 3 3 1 1 5 4 5 5 4 1 2 4 4 1 1 3 3 5 3 5 5 5 2 2 3 2 1 1 2 4 1 3 4 5 4 2 4 3 1 2 3 1 3 5 2 5 4 3 4 1 4 3 2 4 2 2 4 5 2 1 5 4 2 4 4 3 5 1 0 5 5 2 3 1 5 1 5 1 3 3 5 4 3 5 5 5 5 1 4 2 4 4 3 3 1 4 1 1 4 3 2 5 4 5 3 5 3 4 4 1 3 4 4 1 2 2 4 4 1 5 3 1 5 2 4 2 3 2 4 5 2 4 5 2 3 3 5 4 3 1 1 2 2 1 1 3 3 1 1 5 2 4 1 2 3 3 4 5 4 5 5 2 1 3 4 2 1 3 2 3 5 4 3 1 1 1 3 1 1 4 4 4 1 1 4 5 2 5 5 3 2 5 5 1 5 1 1 4 5 3 3 5 3 3 2 4 3 4 5 1 2 1 1 5 5 5 3 4 1 4 2 3 3 5 1 4 3 5 2 2 2 4 1 2 5 4 1 3 4 4 1 5 2 5 3 5 1 3 4 2 1 3 4 4 3 5 2 1 1 2 3 1 1 4 1 1 4 4 4 2 4 1 3 5 5 5 4 2 5 2 3 5 5 3 5 5 3 4 2 5 1 3 5 3 3 3 1 4 4 3 2 1 5 1 4 3 5 2 5 3 2 4 3 4 4 1 2 2 1 5 1 4 1 1 5 5 1 3 2
3 5 3 2 5 5 3 1 5 4 4 3 5 3 5 3 3 3 5 4 1 2 5 3 3 3 3 5 2 4 2 1 3 1 5 5 1 1 1 5 1 4 4 1 4 5 1 4 3 4 1 1 5 5 2 4 4 2 3 4 2 4 2 1 3 3 5 4 2 1 4 2 3 1 1 2 5 3 5 5 1 3 2 2 5 2 4 2 1 4 0 5 5 1 1 4 1 5 1 2 4 2 2 4 3 5 4 2 1 1 5 3 2 5 4 1 5 4 3 2 5 4 3 2 3 4 3 1 4 5 5 2 4 3 3 1 3 4 1 1 4 5 3 4 5 3 1 5 1 5 2 5 3 1 5 4 1 2 5 5 5 4 3 1 1 4 2 3 2 1 5 2 3 4 2 3 1 2 4 1 4 5 4 1 1 1 5 2 4 3 4 5 2 4 1 2 1 2 5 5 2 3 5 3 5 2 2 2 2 5 4 5 1 5 4 4 2 2 1 4 5 1 5 1 1 4 2 5 5 2 2 2 3 5 4 2 3 4 1 5 4 3 1 2 1 3 2 5 4 3 5 2 2 1 4 3 3 3 4 4 5 2 1 3 4 4 3 4 5 2 4 2 5 2 5 2 5 2 1 2 3 3 2 4 5 3 3 3 3 3 4 3 4 5 5 1 1 2 4 2 3 4 2 3 2 3 3 3 3 3 4 1 3 5 3 3 4 4 2 4 4 3 5 1 1 3 5 1 1 2 2 4 4 2 3 4 3 2 5 3 5 3 5 2 1 5 2 3 4 4
1 3 4 1 3 1 2 4 2 1 1 5 2 3 4 2 4 2 3 3 5 3 2 2 5 2 5 4 2 2 1 1 4 1 5 2 2 5 1 2 2 2 4 5 1 5 3 3 2 3 3 1 4 2 3 3 5 4 4 3 5 4 4 4 4 4 5 1 2 4 4 3 2 5 1 3 5 3 1 1 2 3 1 3 4 2 1 5 3 5 1 0 2 3 2 2 5 2 3 3 5 5 1 1 2 2 4 5 2 2 1 5 2 2 3 2 2 4 3 5 2 2 2 2 4 3 1 4 5 5 4 2 3 4 2 4 5 1 1 2 3 3 3 1 3 1 4 4 4 2 4 2 4 3 2 2 5 3 4 2 3 1 5 1 4 3 4 3 4 2 2 3 3 5 4 4 4 3 5 5 3 2 2 4 5 2 1 2 4 3 3 1 3 2 3 5 2 1 2 4 1 1 4 1 3 4 3 5 4 4 4 2 5 2 5 5 4 2 5 3 4 3 2 2 2 4 3 5 3 4 3 2 4 3 1 2 5 1 3 5 5 2 4 1 3 5 5 2 1 1 3 5 4 3 5 4 3 1 5 2 1 2 1 2 4 1 5 1 3 1 2 3 2 2 5 4 3 3 1 5 3 2 2 2 3 1 1 3 5 4 3 1 1 3 3 1 5 2 1 2 2 3 1 5 4 5 2 4 5 3 5 5 4 3 5 3 4 4 1 1 4 5 1 2 3 5 2 3 4 3 5 5 3 4 1 2 4 2 2 4 5 3 5 1 2 1 3 5 2 2
4 1 1 3 4 1 4 2 1 3 4 2 2 4 1 3 5 3 1 1 5 5 5 2 5 1 1 4 3 1 4 1 5 3 5 3 3 4 4 3 5 1 5 2 5 2 4 5 3 2 1 5 5 3 5 3 2 2 5 3 4 5 4 3 4 1 2 4 1 1 3 3 4 2 4 1 1 5 5 4 5 4 2 4 4 1 1 2 4 5 3 1 0 4 5 2 2 1 1 4 5 2 3 2 4 4 4 4 3 4 4 3 4 1 1 2 3 1 2 3 3 2 4 4 2 1 2 2 5 2 3 1 4 1 2 3 4 3 3 1 4 4 4 5 4 3 3 2 3 3 1 3 3 1 4 5 2 2 2 5 5 2 5 2 2 1 2 2 1 1 2 4 1 5 4 4 5 2 3 2 2 3 5 5 5 5 3 2 1 5 4 3 2 4 2 4 2 2 5 5 3 4 4 2 4 1 2 4 4 1 5 4 1 4 5 5 5 1 4 4 3 4 2 4 2 2 3 5 5 2 3 4 2 3 1 1 4 2 3 5 1 1 1 1 3 2 1 1 5 2 1 2 2 5 2 2 4 4 5 4 1 3 4 5 5 5 3 3 3 4 1 5 1 1 3 5 1 1 1 4 4 1 5 1 4 4 4 1 5 2 2 5 2 3 2 4 5 1 3 1 4 4 3 4 5 3 4 4 2 4 2 5 4 4 5 4 1 4 5 1 3 1 1 2 4 4 4 1 4 4 5 5 2 3 2 3 3 2 2 1 2 2 1 3 3 2 4 2 1 3
4 4 3 5 1 1 1 2 1 1 5 4 4 3 3 4 1 5 5 2 4 4 1 4 4 3 1 2 5 2 2 3 5 4 4 4 1 5 3 4 3 3 1 4 5 1 1 4 1 5 4 5 3 5 3 5 1 5 3 1 3 4 2 3 4 1 3 3 4 5 3 2 5 3 3 2 3 5 4 5 4 5 1 3 4 2 3 1 4 3 4 3 3 0 2 5 1 3 3 3 2 2 4 2 4 2 5 2 2 3 2 4 3 3 2 4 1 1 5 1 2 2 5 5 1 4 2 3 2 2 2 4 2 1 4 2 1 2 5 5 4 4 5 1 3 4 4 5 1 1 5 1 4 4 4 3 1 4 3 3 3 3 1 4 1 3 5 3 1 5 5 3 4 3 5 1 1 5 4 3 5 4 1 4 4 2 5 2 1 2 3 2 4 4 2 3 3 4 5 2 3 3 4 4 3 4 4 2 3 3 1 4 2 3 2 1 4 5 5 2 2 1 4 1 2 4 1 1 2 3 3 3 4 1 1 3 4 4 4 4 4 3 3 1 5 4 5 2 5 2 2 2 3 4 2 1 4 2 5 4 1 2 3 5 5 5 2 5 1 2 2 4 2 5 4 2 4 5 2 4 1 1 2 3 3 2 3 4 2 4 1 2 4 4 5 1 5 2 2 3 1 3 4 5 5 4 2 4 5 1 4 2 3 3 4 4 3 2 4 3 1 4 1 5 2 5 3 1 5 5 2 3 2 2 1 4 4 4 1 1 1 2 4 3 5 4 5 1 1 3
2 3 4 3 1 4 1 4 1 5 3 5 4 1 1 5 5 2 5 4 4 3 2 4 3 3 3 3 2 1 2 5 1 3 4 5 3 5 3 2 4 2 1 3 5 2 3 2 1 3 2 4 3 3 2 3 4 3 4 3 4 5 5 4 2 1 2 1 5 3 3 2 3 5 1 2 4 1 2 3 2 2 4 2 3 4 5 5 3 3 2 2 1 1 0 5 5 1 4 2 5 3 1 4 4 1 4 2 2 4 1 2 3 4 1 5 1 5 5 2 3 1 4 1 3 1 4 5 5 1 1 3 3 5 1 1 1 2 1 1 4 1 4 1 2 4 5 5 3 4 2 3 3 5 3 1 5 2 4 4 4 2 2 5 4 2 3 3 2 4 1 3 1 4 4 2 1 5 1 4 5 4 3 3 5 4 3 2 4 1 1 1 4 5 5 1 3 2 4 5 5 4 1 2 3 2 2 4 5 5 1 2 5 2 5 4 3 2 1 1 3 5 4 1 4 1 1 4 1 2 4 4 1 3 5 2 3 3 2 5 5 5 4 2 2 2 1 1 3 4 3 2 2 5 5 1 5 1 2 4 5 3 1 1 2 5 2 5 3 1 4 1 3 5 5 1 1 4 3 3 4 4 3 4 4 4 2 5 2 2 1 1 2 1 3 2 4 4 3 5 1 5 5 3 3 4 5 3 1 1 3 2 4 2 5 3 5 2 4 2 2 4 2 4 1 1 1 5 1 3 1 4 2 1 5 2 5 1 2 2 2 1 3 5 3 5 3 3 3 4
3 2 1 4 5 1 1 3 5 4 4 3 4 1 4 4 3 2 1 4 2 4 2 3 1 1 3 3 5 2 4 3 3 2 5 4 3 5 4 1 2 1 2 3 1 1 2 3 4 3 1 3 2 2 1 1 5 3 5 2 1 4 2 4 5 2 1 2 2 1 4 5 5 4 2 1 1 4 4 2 2 2 1 2 4 5 2 4 3 3 1 5 2 3 3 0 1 3 4 1 4 3 1 5 5 5 3 4 4 4 2 2 4 1 2 4 1 3 4 1 3 4 1 1 4 3 4 4 4 4 1 4 5 1 2 2 1 2 3 2 1 3 4 1 5 3 3 2 1 4 3 2 4 2 3 3 4 4 5 1 1 2 5 2 5 3 5 2 1 5 3 3 4 1 3 5 4 2 5 5 2 3 2 5 5 3 1 3 4 2 1 4 3 4 1 5 5 3 5 3 1 2 4 2 5 3 4 3 5 5 4 1 1 1 1 1 3 4 5 5 2 4 5 3 2 3 4 1 4 3 3 1 2 1 1 5 2 4 3 2 2 2 1 3 3 2 2 2 4 4 1 2 3 4 3 1 3 3 3 3 1 1 3 4 1 4 3 5 2 1 3 4 3 4 3 3 3 1 1 3 2 4 1 2 4 3 2 1 3 4 1 2 5 5 2 1 2 5 1 3 1 3 2 5 1 4 1 5 1 2 2 4 3 2 1 2 2 4 5 3 2 3 2 5 3 2 3 1 4 3 5 3 3 4 4 4 4 4 1 5 3 2 1 1 4 1 3 2 4 4
1 5 1 2 1 5 2 5 3 2 4 3 2 4 1 3 3 2 4 5 2 4 4 4 1 5 5 1 5 4 2 5 1 5 1 2 3 1 2 4 1 5 5 3 4 4 3 5 3 3 4 1 5 1 5 5 2 4 5 1 1 2 4 3 2 1 2 5 4 3 5 2 2 5 2 4 5 4 2 3 5 4 3 4 5 5 3 5 1 1 5 3 3 4 3 2 0 1 4 3 5 4 3 2 4 2 2 4 5 3 4 2 2 5 3 3 1 2 3 4 5 4 4 3 4 2 5 5 2 1 5 1 4 2 4 3 3 3 3 3 1 4 2 4 2 1 5 4 1 4 5 4 1 1 3 5 5 3 2 1 1 4 1 3 3 5 4 4 4 3 3 3 5 2 5 2 1 1 5 3 5 1 2 2 1 1 5 1 4 1 4 2 3 4 5 3 5 1 3 4 4 5 4 1 2 3 1 3 1 4 3 3 3 4 4 1 4 5 3 2 5 4 4 2 4 1 1 5 1 1 2 2 5 5 5 2 1 4 4 3 5 1 4 3 1 2 1 1 1 2 4 5 1 4 1 3 5 2 3 3 3 1 3 3 3 2 4 5 5 5 2 2 5 5 1 5 5 4 1 1 5 5 2 3 4 3 4 3 5 4 2 5 3 2 5 3 4 5 3 2 4 5 5 4 2 2 2 1 3 5 1 5 2 3 4 5 1 5 3 3 4 1 1 5 4 2 3 4 3 4 3 2 3 3 1 2 5 1 5 1 2 3 4 3 2 3 5 4 3 3
1 3 3 4 4 1 2 5 1 4 5 5 1 2 5 4 4 4 5 1 3 1 5 5 2 2 2 2 5 4 5 4 2 4 1 3 1 5 1 3 2 5 4 5 3 1 1 2 1 4 3 4 2 1 4 4 4 5 5 5 4 1 4 4 2 4 2 2 5 1 3 5 5 4 5 3 1 1 5 2 3 4 1 5 5 4 3 3 1 4 5 5 4 1 4 5 5 0 5 1 3 5 5 5 3 3 1 5 1 1 2 2 4 2 2 1 2 3 1 2 2 2 1 4 1 4 3 4 4 5 3 4 2 1 4 4 3 4 4 1 4 3 4 4 1 2 3 2 1 1 2 4 2 2 5 2 3 5 2 1 1 4 4 5 3 5 5 2 4 1 1 1 3 1 4 5 4 2 5 5 4 4 5 4 3 2 1 4 1 2 3 3 4 4 1 2 2 4 2 5 1 5 2 4 5 2 2 3 4 1 5 5 3 3 3 4 5 2 4 4 2 3 2 5 1 2 2 4 3 3 1 5 5 4 1 3 2 2 1 1 2 4 1 2 2 5 5 4 4 3 2 1 3 2 5 1 3 4 1 4 1 3 1 2 3 2 3 1 3 5 2 5 2 3 2 3 3 4 2 5 3 3 2 2 3 3 5 4 5 4 3 2 1 5 5 4 2 5 1 2 1 3 1 2 5 2 3 3 1 1 5 2 4 3 4 3 4 3 2 5 3 4 3 1 3 2 4 3 5 2 4 1 5 2 2 4 1 3 1 4 5 5 3 5 2 2 5 5 2 1
1 2 1 4 2 3 2 2 4 3 5 5 5 5 5 1 1 5 5 5 3 4 3 1 4 2 2 3 3 1 2 3 5 3 4 1 5 2 3 3 2 1 4 2 5 5 1 5 1 3 1 2 3 4 2 5 4 3 3 3 5 1 4 1 5 2 1 3 3 4 4 1 5 4 1 3 2 4 3 2 4 4 4 1 1 5 1 5 4 3 1 2 1 3 4 5 2 2 0 4 2 1 1 1 5 4 3 1 2 2 2 3 2 3 3 1 3 2 3 1 3 1 4 1 3 3 2 5 2 1 1 1 5 4 4 2 5 4 3 3 2 1 3 4 4 1 2 3 4 5 5 2 2 3 2 2 5 4 2 3 4 4 5 3 1 1 4 3 2 5 1 2 4 5 5 4 5 1 4 4 4 1 3 4 1 1 1 1 5 1 5 4 1 4 5 1 1 1 5 1 2 5 4 5 5 4 2 4 3 2 5 5 5 3 5 1 2 2 2 1 2 1 2 3 4 2 5 1 5 2 5 4 1 5 5 3 2 3 4 4 4 4 2 5 1 5 2 1 2 5 1 3 2 5 2 2 4 2 5 4 5 4 3 5 4 1 4 3 3 2 2 3 5 4 3 1 4 2 2 1 1 5 1 2 1 3 4 4 1 4 2 5 5 5 5 5 5 5 1 4 5 4 4 3 2 4 5 4 4 3 2 4 2 3 4 1 5 4 3 5 2 5 5 4 2 1 2 5 3 3 3 4 2 3 2 1 4 4 2 3 5 5 3 3 2 3 4 5 3 4
3 1 5 4 2 5 3 3 5 4 2 3 3 3 5 2 4 5 1 3 2 5 2 3 3 3 3 2 2 4 3 5 1 5 4 4 1 2 1 4 4 1 4 4 1 4 4 5 2 5 5 3 3 2 5 1 2 1 1 5 4 4 3 4 4 3 5 2 5 1 3 1 3 2 4 4 1 5 3 5 2 2 2 4 5 3 5 4 3 1 3 4 1 2 2 4 3 5 4 0 4 4 3 2 2 3 1 3 3 5 5 4 3 4 2 1 4 1 2 1 2 4 1 2 1 4 2 3 1 2 5 2 4 5 3 2 1 1 1 2 1 5 4 5 1 2 3 1 3 3 2 4 1 5 5 2 2 2 5 4 3 2 1 1 3 4 3 4 2 3 5 4 4 2 5 5 3 3 5 1 3 1 4 2 5 5 4 2 4 1 5 4 4 2 4 5 3 2 1 2 3 4 5 4 1 3 2 4 1 5 3 3 2 4 5 1 4 5 3 1 4 3 3 5 2 4 5 3 1 2 4 5 5 3 4 5 1 2 4 2 2 4 2 3 4 1 2 4 1 1 1 5 4 2 1 5 4 3 5 3 4 4 1 4 1 2 1 4 3 1 3 4 4 5 5 5 5 5 2 2 3 4 1 5 4 4 5 5 2 3 2 5 5 2 3 5 3 4 3 3 5 1 5 2 5 2 3 1 1 2 5 3 1 3 3 4 5 2 5 1 1 3 4 3 1 1 2 1 2 5 3 5 4 3 3 4 2 3 2 2 4 1 2 2 1 4 3 4 3 4
1 2 4 2 1 1 2 2 2 1 5 5 4 3 5 1 3 4 1 2 1 4 5 5 1 1 5 2 3 5 3 1 1 2 4 2 2 2 4 5 1 4 1 2 4 3 3 2 2 1 3 2 2 1 2 5 2 3 4 5 4 4 4 2 5 1 1 5 4 3 5 4 2 3 2 1 4 4 2 1 5 4 1 4 2 2 2 3 4 3 5 2 1 1 2 2 3 1 1 2 0 2 3 1 3 3 2 4 5 3 2 3 3 1 2 3 5 2 3 2 1 3 4 3 5 1 4 1 3 5 4 3 4 5 2 5 3 3 1 4 4 1 2 1 3 1 4 3 5 2 5 5 2 1 1 5 5 1 2 3 1 2 2 1 3 5 2 2 2 5 5 4 2 5 2 3 1 2 4 5 5 1 3 3 4 5 4 2 3 1 5 5 3 4 3 4 2 2 4 5 1 4 3 1 2 2 1 1 3 3 4 2 3 1 3 3 2 3 3 5 2 4 5 2 1 5 1 2 2 1 2 1 2 3 2 4 4 2 2 3 5 3 2 4 4 2 2 5 2 1 4 1 4 3 3 5 5 2 1 2 2 3 3 3 4 1 5 5 1 1 3 4 2 2 3 5 3 5 2 4 5 5 4 5 2 4 1 5 2 4 1 5 3 2 4 4 3 3 2 1 4 4 1 4 1 4 4 5 2 3 4 5 1 2 1 4 4 2 4 1 4 3 2 1 1 1 1 3 4 2 4 3 2 2 5 3 1 4 4 1 4 5 5 2 3 1 5 1 3 5
2 1 5 4 2 2 2 3 5 3 1 4 5 4 5 3 2 1 5 5 5 2 3 2 5 4 2 4 5 5 5 2 3 2 5 3 5 4 4 1 1 5 5 4 5 4 1 5 2 1 2 1 5 2 3 5 1 4 1 1 4 1 2 2 5 1 1 5 2 5 5 3 1 2 1 4 3 3 1 4 3 1 3 4 4 2 5 2 1 2 3 5 1 3 2 3 4 3 5 4 2 0 4 3 3 2 2 2 4 4 2 1 4 5 3 5 5 5 4 3 5 4 1 2 3 2 3 1 5 3 3 2 1 4 4 3 4 4 1 5 4 3 2 2 4 3 5 4 2 2 1 2 2 3 1 2 5 4 5 4 4 4 2 3 2 3 5 3 3 1 1 1 5 1 5 5 3 4 4 4 4 3 5 3 2 3 3 2 4 3 1 1 1 5 1 2 1 3 5 4 3 5 1 5 1 2 3 4 3 2 1 5 1 1 2 4 2 1 2 4 2 4 5 3 1 3 2 3 2 2 4 2 2 1 5 5 1 2 1 1 2 3 4 3 3 2 5 3 3 4 1 1 2 4 1 4 3 4 1 4 5 4 4 2 2 1 1 1 3 1 2 2 5 1 3 5 1 3 4 1 3 3 4 5 1 1 4 4 5 4 4 5 3 2 2 1 5 2 2 3 1 4 5 3 3 5 5 1 3 3 3 2 4 5 2 1 3 5 1 3 4 3 2 4 3 5 5 1 5 3 3 2 4 4 1 4 4 1 2 5 5 5 3 1 3 3 1 1 1 5
1 2 2 3 3 1 4 5 5 4 3 4 3 1 2 4 1 5 4 3 3 4 5 4 3 2 2 2 2 2 3 3 1 1 4 5 5 2 2 2 2 1 3 3 5 3 1 3 1 5 1 4 4 2 2 2 4 3 2 1 1 3 1 4 5 2 2 5 1 5 2 2 2 2 4 2 2 4 5 5 5 1 4 3 2 3 3 1 3 2 3 3 4 1 5 5 3 5 1 4 1 1 0 1 5 4 5 4 2 5 4 2 4 2 3 4 5 2 3 1 5 3 4 1 2 3 5 2 1 1 2 2 3 2 2 2 4 1 3 2 5 5 4 2 5 2 4 4 3 5 3 1 4 2 3 3 3 4 2 5 1 5 4 3 4 4 1 4 4 2 1 3 3 3 4 2 4 3 1 1 2 3 2 2 5 1 2 4 3 2 3 1 4 3 1 2 3 4 1 5 1 3 5 4 4 2 2 1 1 2 2 3 3 4 2 2 3 1 3 1 5 4 4 1 4 5 5 2 5 2 4 1 3 4 1 3 1 1 3 1 5 2 4 2 3 4 5 2 3 2 2 4 1 1 5 2 5 4 1 4 2 3 3 3 2 1 4 1 2 4 1 4 3 1 4 3 1 4 5 4 2 1 2 1 1 2 4 3 2 3 1 5 5 2 1 5 4 3 4 2 3 2 4 5 1 1 1 4 1 2 5 2 3 3 3 4 2 1 5 2 1 2 2 3 1 4 2 4 4 3 5 2 5 1 3 2 4 1 1 3 1 4 1 3 1 5 4 4 2 3
4 4 1 1 2 1 4 4 3 1 1 4 4 1 3 5 4 4 5 1 4 1 3 5 2 3 1 5 2 3 2 2 1 1 5 4 1 5 2 3 2 5 5 1 5 4 2 4 4 1 2 3 2 3 2 5 1 3 3 3 4 5 4 1 2 1 2 3 2 5 4 3 1 2 3 3 3 5 5 3 5 2 4 5 4 4 1 1 3 3 4 4 3 4 5 2 2 3 1 4 1 2 4 0 3 1 3 3 4 3 1 1 4 3 2 4 1 1 5 4 5 4 2 2 1 2 3 3 4 4 1 5 4 5 2 4 1 2 1 4 3 3 3 4 5 2 2 4 1 1 4 4 2 2 5 3 2 1 4 5 4 5 1 3 1 4 1 4 2 3 4 4 1 3 3 2 4 1 2 2 4 5 2 1 3 5 4 3 4 4 1 3 1 1 4 5 5 2 3 4 5 5 2 4 1 1 4 4 4 2 1 3 4 4 5 3 2 5 1 2 5 5 1 2 1 1 5 4 5 4 1 2 5 1 4 1 5 5 4 2 3 3 1 1 2 1 2 5 4 3 4 5 3 4 4 1 2 2 1 3 2 3 2 3 1 5 1 3 5 5 4 5 1 4 3 2 2 3 5 2 4 4 3 5 5 4 4 2 3 1 4 3 2 3 3 2 4 4 3 2 1 4 4 4 5 4 2 2 1 2 4 1 2 5 1 1 5 2 3 1 3 4 1 4 2 4 2 5 1 1 2 3 1 4 2 1 1 3 5 4 1 4 5 4 4 2 5 1 3 2
3 4 2 2 4 3 2 3 2 3 5 3 4 5 5 3 4 3 5 4 2 2 3 2 1 4 3 1 3 1 1 4 4 1 5 3 3 1 3 2 1 2 5 3 2 1 5 4 1 4 4 4 3 3 1 2 3 2 1 2 1 4 3 4 5 1 3 4 2 5 2 3 5 3 1 2 3 1 4 5 4 1 3 3 4 4 5 5 1 4 1 2 3 1 1 4 2 4 5 1 4 1 3 2 0 5 2 3 5 4 5 5 4 4 3 5 5 3 2 4 2 4 1 3 1 2 1 3 3 5 5 4 1 4 1 1 4 3 4 2 5 1 1 1 3 3 2 4 5 4 4 5 4 5 1 3 2 3 1 4 4 3 2 4 1 3 5 3 2 2 5 3 1 2 3 2 4 2 1 4 5 2 2 4 4 2 2 4 4 4 5 3 1 3 2 3 4 1 3 4 5 5 5 5 1 3 3 2 4 3 5 2 4 3 1 2 5 3 2 5 4 1 4 5 2 4 5 3 2 2 2 4 5 2 2 2 5 4 4 3 3 2 3 1 2 5 1 3 3 1 1 1 5 1 2 1 2 3 3 2 3 4 3 4 4 4 2 5 5 4 4 4 5 2 4 1 3 1 4 2 5 1 4 2 2 1 3 4 5 1 1 1 2 3 4 2 1 3 2 2 3 1 3 4 5 1 3 4 5 4 2 4 1 5 3 3 4 1 3 4 1 5 2 4 4 2 2 1 3 4 2 3 5 2 1 2 2 5 5 2 4 3 2 1 2 3 4 5 3 4
4 1 5 5 2 2 3 3 4 1 3 5 1 1 5 1 4 1 1 4 4 2 3 3 1 4 5 3 1 1 3 5 5 5 2 2 2 2 4 3 3 1 1 5 1 2 3 1 4 2 1 3 2 5 5 4 4 2 4 1 3 1 3 3 4 4 2 5 1 4 4 2 1 3 5 3 1 3 1 1 5 1 2 2 4 5 3 4 2 1 4 4 2 1 5 4 2 3 5 3 5 5 3 4 4 0 4 3 2 4 1 4 1 3 4 1 4 2 2 4 1 1 2 4 4 4 1 4 4 2 5 4 2 1 2 3 3 4 1 2 2 3 1 5 5 1 1 2 4 3 1 2 3 3 2 5 1 3 2 5 4 5 5 2 2 2 2 5 5 1 1 2 3 3 2 5 1 1 4 1 3 1 5 3 3 2 2 5 4 2 2 3 4 2 2 2 2 3 4 4 4 3 4 5 2 4 3 2 5 5 1 5 1 4 5 2 3 1 5 4 5 5 4 5 4 2 2 3 4 4 2 1 2 4 3 5 4 1 2 4 5 3 1 2 2 3 1 2 1 5 5 5 4 3 4 2 1 1 1 1 5 4 1 3 2 5 4 3 5 3 2 1 1 1 2 5 2 3 2 4 4 4 5 4 5 3 2 5 5 3 3 1 3 5 5 4 5 1 5 2 1 5 3 1 3 1 5 1 5 2 3 5 2 2 1 5 1 1 4 5 2 3 4 5 4 4 5 2 5 1 1 3 4 3 2 3 5 1 2 4 4 1 1 2 1 1 1 3 1 4
4 1 5 4 2 1 3 5 3 3 5 2 3 2 5 5 1 2 2 1 3 1 1 1 5 2 2 2 1 4 4 1 4 4 5 1 1 3 2 1 1 1 1 3 4 5 2 1 1 1 5 5 3 5 3 4 1 4 4 4 4 1 4 2 1 3 2 5 5 2 5 2 4 1 3 3 1 5 5 5 2 1 1 3 4 4 2 4 4 2 4 2 4 3 2 1 2 4 1 4 2 5 1 4 3 2 0 1 1 4 5 2 3 5 2 4 2 4 4 5 2 2 3 2 4 1 4 1 1 1 5 3 4 3 2 5 3 2 1 2 1 2 1 3 3 1 1 5 2 1 4 5 4 5 5 3 2 3 5 1 4 3 3 3 4 1 3 3 3 1 1 1 5 3 2 2 3 1 5 4 3 1 2 2 4 4 2 5 2 4 2 5 1 1 4 1 3 2 3 2 2 4 1 2 5 1 2 4 5 5 1 4 5 4 3 3 4 1 2 4 2 4 3 1 3 2 4 4 1 3 1 2 3 1 5 4 1 3 2 3 4 5 5 1 4 5 3 4 3 1 3 1 3 2 1 5 4 4 3 4 4 4 2 1 4 5 1 3 4 5 1 5 3 1 4 4 3 3 3 2 4 1 5 5 2 1 3 1 1 1 1 2 5 1 5 5 1 4 2 2 5 3 2 4 4 4 2 3 5 2 4 2 4 1 4 3 1 4 5 3 4 4 3 4 3 2 2 1 4 1 5 3 2 5 5 1 4 1 5 2 2 4 2 2 4 4 4 1 3 3
2 2 4 3 1 4 2 5 4 1 2 1 3 2 3 1 4 4 4 4 1 1 2 3 3 1 1 1 4 1 2 3 2 3 4 3 5 1 4 3 2 3 1 5 5 3 2 1 1 4 4 2 4 4 1 5 2 1 4 1 5 1 5 4 4 1 4 2 3 3 3 4 3 5 2 4 1 4 5 5 5 5 1 3 2 3 4 4 1 2 3 3 2 4 1 3 2 3 4 4 1 4 4 2 2 2 3 0 2 3 4 4 3 2 1 4 3 2 3 4 4 1 3 3 2 2 1 2 1 5 1 1 1 1 4 1 3 2 3 1 1 3 5 2 4 4 2 3 1 3 4 4 1 4 5 4 5 4 1 2 5 2 4 1 3 3 1 4 5 1 1 1 2 3 4 3 2 1 3 1 1 2 1 2 4 2 5 2 1 5 2 5 3 2 3 4 3 1 1 3 2 5 5 1 3 3 4 4 2 2 4 2 1 3 1 2 5 4 4 2 4 2 3 5 1 5 3 3 1 3 3 3 4 2 3 5 1 3 1 1 3 3 2 1 1 3 2 1 5 1 2 4 3 5 2 3 4 3 4 4 3 2 2 2 1 4 5 4 1 1 4 5 5 4 5 4 2 3 4 4 1 2 4 3 2 3 5 1 1 1 2 4 5 3 1 4 5 3 3 2 1 3 4 3 2 2 4 2 1 2 3 5 1 4 3 3 1 1 4 1 4 1 1 5 1 5 4 2 3 3 5 5 4 2 2 4 4 3 1 3 4 3 5 1 1 3 2 3 2 1
4 4 2 2 3 2 2 4 3 2 1 5 1 1 3 5 1 3 4 5 1 2 1 4 1 2 3 3 5 1 1 3 4 5 2 2 3 2 1 2 4 4 2 1 2 2 3 3 2 4 1 2 2 3 1 5 4 2 4 1 4 2 3 3 3 2 2 3 4 1 4 2 3 3 5 4 3 1 3 4 1 3 1 3 1 3 5 5 3 5 2 2 4 1 4 1 2 4 2 1 2 2 1 2 2 1 2 4 0 1 3 5 2 4 4 3 2 5 3 2 4 4 1 4 2 3 2 2 5 1 1 4 2 2 3 4 1 2 4 3 1 2 1 2 4 1 1 1 1 5 1 4 2 1 3 2 2 2 2 3 2 3 1 1 3 1 4 4 5 5 5 4 3 3 3 1 1 4 4 4 2 2 3 2 1 4 2 5 4 2 4 2 1 3 4 4 5 1 3 4 1 5 1 1 1 3 5 2 4 3 5 1 3 2 5 1 3 4 1 2 2 4 1 1 3 2 5 3 4 2 3 4 2 2 4 4 1 3 3 5 4 5 4 2 4 3 4 5 5 2 3 3 4 1 3 1 2 4 5 1 5 3 4 2 2 4 1 2 3 3 3 2 1 3 2 3 3 3 2 1 3 3 2 3 1 4 5 5 5 1 1 3 1 2 2 2 3 4 1 4 2 4 3 3 3 3 5 5 3 4 5 3 3 4 1 5 3 3 3 5 3 3 3 1 4 5 4 3 3 3 4 5 3 3 4 2 2 3 1 2 1 4 4 5 4 4 3 3 1 4
1 4 3 3 1 2 4 1 2 5 2 3 4 1 5 3 2 5 4 5 2 5 1 3 2 5 3 4 4 4 5 4 2 1 4 3 1 2 4 4 2 3 2 5 4 4 5 5 1 5 5 4 5 4 5 1 2 5 2 5 4 3 4 4 3 1 3 5 3 4 2 1 3 2 5 3 2 5 4 3 1 5 1 2 3 5 4 3 3 2 1 4 4 1 3 5 4 3 2 3 3 3 1 2 2 5 1 3 3 0 5 5 2 4 2 3 4 3 2 5 5 2 1 2 2 3 2 2 4 1 5 1 2 2 4 1 4 2 2 1 5 3 2 4 2 1 5 1 4 4 1 4 4 5 1 4 2 4 3 3 4 1 2 5 4 2 2 4 4 4 3 1 5 4 4 5 2 2 1 3 2 3 1 1 3 4 1 2 5 1 2 1 1 5 4 2 5 1 3 5 1 4 5 3 2 1 3 4 2 5 1 3 5 2 4 4 5 3 3 1 5 5 3 1 3 2 5 2 2 1 4 5 3 5 3 3 3 2 3 4 2 3 2 2 2 2 3 3 2 2 5 5 5 2 3 4 5 1 3 2 1 3 3 2 2 2 5 3 4 5 3 1 1 3 5 3 3 4 3 2 1 1 3 3 1 2 1 5 4 4 1 1 3 2 4 4 4 2 1 5 3 2 5 4 1 1 5 3 4 2 2 5 2 3 2 3 3 1 1 1 2 3 5 3 1 3 1 4 4 4 1 4 2 4 5 2 2 1 1 2 2 4 3 4 2 2 4 4 2 5
3 3 5 3 4 2 2 1 3 3 2 2 2 4 1 4 4 4 5 2 1 1 5 2 4 5 3 5 5 2 1 2 3 4 1 1 1 5 2 2 2 2 2 1 5 5 1 3 4 5 1 5 3 4 4 5 5 5 4 5 2 1 2 3 2 1 2 5 3 4 1 4 5 3 2 5 3 4 4 3 4 5 1 1 1 5 3 2 3 2 4 1 3 1 3 5 3 2 4 5 5 3 1 4 5 3 4 1 2 3 0 1 2 4 4 5 3 2 4 3 4 3 3 3 3 1 5 4 5 1 1 5 4 5 1 5 4 3 4 2 2 5 4 5 3 4 3 3 3 2 1 2 1 4 1 3 1 3 3 1 1 4 3 4 5 1 3 5 2 1 4 5 3 5 1 2 5 5 1 2 2 2 4 3 4 1 4 4 5 3 2 4 3 2 2 4 5 4 4 1 5 2 3 5 5 3 4 3 3 4 4 5 1 1 1 4 5 1 4 3 4 4 4 3 3 4 5 1 3 4 1 4 1 2 3 4 4 1 3 2 5 4 3 4 2 5 1 4 2 4 3 3 5 2 4 1 2 1 5 4 3 2 5 4 5 3 1 1 2 1 1 4 4 1 2 5 5 2 3 2 1 5 5 3 3 2 5 4 2 2 4 4 3 4 5 5 1 2 1 4 1 4 1 2 3 1 2 4 5 3 2 3 4 2 1 1 3 2 1 3 3 2 4 3 1 5 4 2 1 5 5 3 2 5 5 2 3 2 1 2 3 5 2 5 1 5 5 1 1 5
1 5 4 5 2 4 1 5 1 4 2 3 2 5 3 2 1 3 5 3 2 5 1 2 4 3 1 4 2 4 2 4 1 4 1 2 4 1 4 2 4 5 1 1 1 2 5 4 4 4 2 4 5 2 3 5 4 5 1 4 3 5 3 1 3 3 3 4 5 3 3 5 5 5 4 4 3 1 5 2 2 4 2 1 4 1 1 1 1 1 1 3 5 3 3 5 4 4 4 5 4 5 1 4 1 5 3 5 4 5 4 0 3 2 1 3 4 3 5 1 5 4 3 2 1 3 2 2 5 1 4 4 3 2 4 4 4 3 1 3 5 2 4 3 1 5 5 5 4 4 1 4 1 3 5 5 1 2 2 2 2 3 4 5 4 2 5 5 4 2 3 5 3 1 4 3 4 5 2 1 2 4 1 5 3 1 2 5 3 2 5 3 2 1 4 2 5 2 1 2 3 4 4 2 4 3 2 1 5 3 2 2 4 2 4 4 2 5 3 3 4 1 3 3 4 4 4 4 1 3 5 3 1 4 5 2 4 1 2 4 5 3 5 2 5 1 2 2 5 2 3 3 1 1 4 5 1 1 2 4 2 2 3 5 2 5 2 1 1 4 4 1 5 5 4 1 4 2 2 2 3 5 5 3 1 2 4 3 5 2 2 1 3 5 5 3 3 2 5 5 4 3 2 2 5 2 1 3 2 3 2 5 4 3 1 4 2 2 2 4 1 1 2 1 4 4 5 2 4 1 5 1 5 1 4 1 3 5 4 4 1 2 4 5 5 4 2 3 4 4
4 3 3 4 2 5 2 5 1 5 3 1 4 3 4 1 3 3 2 4 3 4 2 2 5 1 3 1 2 2 1 5 1 5 2 4 2 1 3 3 4 2 4 4 5 2 3 3 4 5 1 5 1 5 5 3 1 4 5 2 2 4 2 1 2 1 1 3 4 1 5 5 3 1 5 1 4 2 3 2 4 4 1 2 2 4 1 2 4 5 2 5 1 1 2 2 1 1 1 2 4 5 1 2 2 4 5 1 5 5 3 5 0 1 3 1 5 4 1 5 4 1 2 5 3 3 4 4 5 2 2 5 1 5 1 4 4 1 3 4 4 3 3 2 4 4 4 1 5 3 3 5 3 3 3 4 2 3 5 5 5 2 2 5 2 2 4 5 4 3 2 2 1 5 5 5 5 3 2 1 5 3 2 2 2 2 3 1 1 3 5 5 1 5 3 2 1 1 1 1 3 5 2 5 2 4 2 1 5 2 2 5 1 4 3 2 2 2 2 4 3 3 3 2 4 4 5 5 2 1 5 4 5 4 3 5 5 4 1 5 2 1 4 4 1 2 2 4 1 4 5 5 4 3 1 2 2 1 5 1 3 4 2 5 1 4 1 4 3 3 1 5 3 5 4 1 2 2 4 5 1 1 3 5 1 2 4 2 3 3 4 1 1 5 4 5 4 4 1 1 3 2 2 2 4 1 5 4 5 5 4 3 3 4 4 1 1 3 2 2 1 1 5 4 2 2 2 2 4 1 5 2 5 3 2 4 4 5 5 3 5 2 4 3 5 1 4 1 4 2
4 3 2 2 3 5 3 5 4 3 4 2 1 1 1 3 5 2 2 4 2 5 1 2 4 3 5 4 3 2 3 3 3 5 4 2 1 4 5 1 1 5 2 1 4 4 3 5 1 5 2 1 3 5 2 3 1 1 2 4 2 2 1 4 4 1 1 1 1 4 2 3 5 1 2 2 4 1 3 2 2 2 3 2 5 1 4 4 3 1 3 4 5 3 5 4 5 5 1 4 1 1 4 1 2 3 3 2 3 2 4 5 3 0 3 2 2 4 3 2 2 1 1 5 5 3 1 1 1 1 3 2 5 3 1 3 1 2 1 2 5 3 1 3 5 2 2 5 3 3 3 5 2 1 5 3 4 5 1 2 1 2 4 1 2 4 3 4 2 5 2 2 1 5 1 5 2 3 4 3 2 1 4 5 4 5 4 2 2 1 3 3 3 3 2 1 4 2 5 5 5 3 3 1 1 1 1 3 5 4 4 4 1 1 1 4 1 2 2 3 3 5 5 3 1 1 1 4 4 2 5 2 4 1 4 5 1 1 1 4 5 4 5 1 1 3 4 5 1 1 5 2 3 2 1 5 1 1 4 2 5 4 1 1 2 4 5 4 4 2 1 5 3 5 4 5 5 5 4 4 3 2 1 4 3 1 1 1 5 3 1 3 4 1 1 5 4 1 2 5 1 4 2 2 1 5 5 1 1 3 4 3 4 5 5 2 4 4 4 3 2 3 5 2 4 3 2 1 2 2 2 2 2 4 1 1 3 1 3 3 5 1 5 1 4 5 5 5 3 4
1 4 2 1 2 2 3 5 4 1 4 5 5 3 5 3 5 2 1 5 4 2 3 1 3 5 4 1 3 5 3 5 4 3 3 4 1 4 1 3 4 2 4 1 2 1 5 2 1 3 3 3 3 2 4 2 4 1 2 5 4 3 2 1 1 2 3 2 3 5 5 5 1 2 1 5 3 4 2 5 4 3 3 3 2 1 2 5 3 1 1 2 3 5 2 5 5 5 2 3 1 3 4 1 1 1 1 5 1 2 3 1 3 2 0 1 5 4 5 5 1 3 5 1 5 3 4 2 1 2 2 3 3 3 1 4 5 2 5 4 2 3 1 4 2 4 5 4 5 4 5 3 1 5 2 4 1 5 4 2 2 4 3 5 1 3 1 1 2 3 5 4 3 4 3 5 2 1 1 3 2 3 2 3 5 5 4 5 4 1 2 1 1 5 1 2 2 4 3 1 2 4 4 2 2 3 5 4 5 2 2 5 4 4 5 2 2 3 3 1 4 3 1 4 4 1 3 5 2 1 5 5 4 5 4 4 2 5 3 3 5 5 5 2 2 3 2 3 5 5 3 3 1 1 5 4 2 1 1 4 4 3 2 2 5 3 4 3 5 2 2 5 5 3 1 5 1 3 3 4 5 3 1 1 3 2 3 4 3 3 3 5 2 2 5 2 5 3 2 4 2 2 2 2 3 4 2 5 4 1 1 3 1 2 4 5 1 2 4 3 1 1 4 1 4 5 4 4 2 3 5 3 3 5 5 4 4 2 5 3 5 1 2 3 2 1 2 1 4 2
1 1 2 2 2 1 1 2 4 2 4 2 3 2 5 4 3 1 3 4 2 5 2 1 1 5 5 1 1 2 2 3 1 5 3 2 1 4 4 2 4 1 5 4 4 1 1 1 5 2 5 3 5 1 5 5 1 5 4 1 2 4 3 2 1 2 3 3 1 5 3 4 4 2 5 4 4 5 3 3 5 3 1 2 2 4 3 1 2 1 2 3 1 5 4 4 4 1 5 3 3 1 4 4 3 5 4 2 1 1 3 5 4 3 1 0 2 3 3 2 2 2 4 3 3 3 4 4 2 4 3 5 2 1 3 2 2 3 1 3 2 2 3 1 1 5 1 4 4 2 5 1 3 3 3 3 5 4 4 4 1 2 1 2 1 3 4 4 5 5 3 3 5 3 4 5 3 1 3 2 3 3 3 2 2 2 4 2 4 5 2 2 2 4 5 2 4 4 3 2 5 4 1 4 1 4 4 2 5 4 1 4 4 3 5 1 3 2 2 3 2 1 4 2 2 4 2 2 3 1 3 5 2 3 5 5 3 2 2 4 5 3 4 1 5 3 4 2 1 1 2 2 1 2 3 5 3 3 3 1 1 1 1 5 4 3 1 2 3 3 4 4 5 4 2 4 4 5 2 4 5 1 2 4 1 3 5 5 5 3 3 2 3 3 4 2 5 5 3 4 3 1 5 1 1 3 5 4 1 1 5 3 2 3 5 4 1 1 2 1 2 1 1 4 1 4 2 3 5 1 3 4 1 5 4 4 2 1 5 1 5 2 1 2 3 1 4 3 1 4
2 1 1 1 2 1 4 4 5 4 5 1 2 4 2 3 5 1 5 3 5 4 1 2 1 1 2 2 3 5 1 2 1 4 4 1 4 3 4 2 4 2 1 2 2 2 1 2 4 3 3 3 1 5 3 3 4 3 3 4 5 4 3 1 1 3 3 2 2 2 2 4 1 2 5 3 1 3 4 4 3 1 3 1 2 5 1 1 4 2 2 2 4 5 3 1 2 5 3 4 3 5 2 4 2 4 3 2 1 4 1 2 3 2 1 2 0 3 5 1 3 3 5 4 3 4 3 5 1 4 5 5 3 5 2 2 3 1 2 4 3 2 1 3 5 3 1 5 2 3 3 2 3 3 3 2 5 4 5 4 4 5 2 5 4 1 1 2 1 2 3 1 5 5 3 4 1 3 4 1 2 2 4 1 4 3 1 1 5 2 4 3 2 2 1 3 4 1 4 4 5 5 5 5 1 3 2 2 1 2 4 4 3 4 4 2 1 4 4 3 4 3 5 1 2 1 3 5 3 4 3 1 3 2 5 4 1 3 4 4 5 2 5 3 2 2 1 5 2 5 2 3 2 3 1 1 4 4 5 4 1 2 3 2 2 3 2 4 5 3 1 1 3 4 1 2 1 2 5 3 2 2 5 2 3 4 3 2 4 3 1 4 3 4 1 2 5 1 5 1 4 4 4 5 2 4 2 2 5 4 1 1 4 1 3 5 2 2 4 1 3 4 1 5 2 4 5 2 3 5 3 5 4 4 4 1 2 3 2 1 4 3 4 4 3 4 3 3 4 1
4 4 4 5 4 1 3 1 3 3 2 4 3 1 1 4 3 5 5 1 5 2 3 3 3 4 4 3 3 1 3 4 1 1 2 5 3 3 5 4 1 3 1 4 5 1 3 5 3 3 2 1 4 2 1 3 1 5 4 3 3 1 1 4 3 4 4 1 1 5 3 1 5 4 4 1 2 5 2 2 2 1 1 3 3 2 5 4 3 1 4 4 3 4 3 2 2 3 2 2 2 1 1 4 5 1 1 5 1 3 3 1 4 4 2 4 2 0 1 3 2 3 2 5 3 1 1 5 3 2 4 4 5 1 4 2 2 2 5 4 4 5 4 2 4 4 4 3 4 5 5 4 3 1 3 2 3 3 5 5 2 1 1 5 3 1 2 1 5 3 2 5 4 3 4 5 5 5 3 4 1 5 3 3 5 4 1 2 2 3 4 3 4 4 5 2 5 3 1 3 4 5 5 2 1 2 3 1 4 3 4 5 3 3 1 1 3 3 4 5 2 3 2 4 2 2 5 1 2 3 1 4 1 4 5 2 2 3 4 2 3 5 5 1 4 4 4 3 5 5 3 1 5 1 1 5 4 2 4 1 1 4 5 4 3 4 5 2 5 5 2 2 1 2 3 3 5 4 1 3 5 5 2 5 2 4 3 1 1 4 2 3 4 5 2 5 3 2 1 4 5 4 5 5 4 3 1 1 5 1 5 2 1 3 5 1 3 4 3 3 1 2 2 1 1 1 3 4 2 2 2 1 3 4 4 1 1 5 2 2 5 5 5 1 4 4 4 3 2 2
1 3 3 4 5 4 3 4 4 2 2 1 5 5 4 5 2 4 1 3 1 1 2 4 3 2 3 3 1 4 3 5 4 4 1 3 3 1 1 4 5 5 1 1 4 3 2 5 2 2 5 5 1 5 3 3 5 5 1 4 3 4 1 4 2 3 5 4 1 4 4 2 2 2 5 5 1 4 5 3 5 2 3 1 4 3 4 2 2 4 3 5 2 1 2 1 4 4 1 1 3 3 1 5 3 5 2 3 4 2 2 3 1 2 3 1 5 4 0 2 1 1 1 2 3 2 5 4 3 5 2 5 4 2 2 5 4 2 1 2 1 5 4 5 2 1 1 3 2 5 1 4 2 1 3 2 5 2 1 2 5 1 3 4 4 5 4 1 3 2 3 3 3 3 3 4 4 4 2 1 5 1 4 4 3 2 1 3 3 1 4 5 1 5 3 5 2 3 1 1 1 1 1 5 5 2 5 2 5 3 2 1 4 5 5 1 5 5 3 5 2 5 2 2 2 3 3 2 1 4 4 4 3 3 1 5 4 2 2 1 5 1 5 3 2 4 2 1 2 2 3 2 5 4 2 5 2 1 2 1 2 2 5 1 4 3 3 2 4 3 4 2 4 5 1 4 1 2 3 5 3 1 3 5 5 4 5 2 2 2 3 5 2 5 1 3 3 3 5 5 1 1 2 1 3 1 5 4 2 1 5 4 1 4 1 3 1 5 5 5 3 1 2 4 3 2 2 3 4 1 2 2 4 4 1 1 3 1 2 5 3 1 3 2 5 2 5 2 3 2
3 5 4 2 2 3 2 3 5 4 3 1 3 4 1 5 3 5 4 3 2 2 3 4 3 3 3 1 5 5 4 5 4 4 4 4 2 4 5 1 3 1 3 3 4 3 1 5 3 1 3 1 4 2 3 1 1 4 3 4 1 4 5 2 4 4 2 2 2 2 3 4 2 1 3 2 1 5 4 1 1 2 1 3 3 3 5 5 2 5 3 1 4 5 2 1 3 2 1 1 5 2 4 5 3 5 3 3 2 2 5 2 1 4 2 4 5 2 1 0 2 4 3 1 5 3 2 2 3 5 3 3 5 5 1 2 2 3 3 2 3 1 1 3 4 5 4 1 2 4 5 3 2 4 2 5 3 4 4 2 5 5 5 1 5 4 1 3 3 3 5 3 2 3 1 3 1 1 2 3 4 3 5 3 2 2 4 5 2 4 1 4 3 4 5 3 2 4 2 2 1 1 3 2 4 4 5 3 3 4 2 5 5 1 3 1 3 5 1 3 5 5 5 1 3 4 4 4 3 4 4 3 1 5 4 4 1 5 2 1 3 2 1 5 1 4 2 1 5 1 4 1 5 1 2 2 5 1 4 4 5 4 2 1 3 2 1 2 3 4 1 5 4 2 5 3 4 2 1 4 1 5 4 5 5 4 2 4 4 2 2 1 4 3 1 3 5 5 2 3 3 1 4 3 3 2 5 4 1 3 5 3 3 3 1 5 3 4 2 4 3 3 2 3 4 5 3 5 1 2 1 4 5 5 4 2 5 4 1 4 1 1 3 4 3 4 1 4 4 4
4 3 1 2 5 3 4 5 4 2 3 3 5 1 5 1 3 3 2 2 2 4 4 4 1 3 5 3 2 5 3 2 3 2 4 5 1 2 5 3 4 1 3 3 2 5 2 5 4 5 1 1 3 2 3 3 1 3 1 5 3 2 5 4 4 1 1 5 5 4 1 4 5 5 5 5 4 5 1 3 5 3 3 5 5 4 2 3 2 1 2 4 1 5 1 4 5 4 2 5 3 5 3 5 5 1 1 1 5 5 1 3 1 5 1 2 2 2 4 1 0 2 5 1 2 3 3 4 1 4 3 1 3 2 3 5 1 2 2 4 1 1 5 2 1 2 5 4 3 1 5 3 3 2 4 1 3 4 5 3 4 1 4 2 1 5 2 4 1 2 1 1 2 5 2 1 5 1 4 3 1 1 2 2 4 5 1 5 5 3 2 5 3 4 5 5 3 4 5 3 4 4 5 1 4 4 1 3 4 2 2 2 1 1 2 2 4 4 5 2 2 2 5 4 2 2 1 2 1 3 1 3 3 2 1 5 3 5 4 2 5 5 3 5 2 2 4 5 1 4 2 3 5 3 3 1 1 1 3 1 3 1 5 1 1 3 2 1 4 2 1 5 2 3 2 2 1 2 1 1 2 4 3 5 1 4 5 1 1 1 1 1 2 2 1 2 4 5 1 5 3 2 5 5 5 3 1 3 5 1 1 3 3 1 5 2 5 2 2 5 2 5 5 2 3 4 5 2 4 4 1 1 3 4 2 4 2 4 5 4 2 2 3 1 1 2 3 5 1 4
1 3 4 2 4 3 2 3 5 3 2 1 1 2 3 4 3 5 5 5 2 3 3 4 3 4 2 3 4 2 5 2 4 4 4 3 1 4 4 5 3 5 3 3 2 2 4 4 4 1 1 5 3 3 4 5 5 3 4 1 3 1 4 2 1 1 5 5 5 1 4 4 1 4 2 4 1 3 3 3 2 4 1 1 1 1 3 4 4 1 1 4 3 4 1 5 4 2 4 1 1 2 1 4 2 3 2 3 4 2 1 3 1 4 3 4 4 2 1 3 4 0 3 3 2 4 2 1 3 5 5 5 1 1 1 3 2 3 5 3 2 2 3 3 4 3 5 2 2 4 4 3 2 3 3 4 4 1 2 4 5 5 3 3 1 1 2 4 1 3 5 5 4 5 3 5 1 2 3 2 2 5 5 4 3 1 4 4 5 5 3 5 2 4 1 3 2 1 2 5 4 3 1 1 2 1 3 3 5 5 5 1 5 3 5 5 5 5 5 4 3 5 2 1 4 1 3 2 2 5 3 3 4 3 2 3 3 4 1 2 4 3 3 1 4 3 4 4 3 4 3 1 3 4 2 5 4 3 1 2 3 4 1 4 5 3 1 1 3 1 3 1 3 4 3 5 2 1 1 3 4 3 2 4 3 2 4 1 1 2 2 3 2 2 2 3 5 3 5 1 5 3 4 2 1 4 3 1 1 1 2 2 4 1 5 4 1 3 1 5 1 5 5 1 1 4 1 5 4 1 3 2 1 1 2 2 5 1 5 4 5 2 5 3 4 5 4 3 4 4
4 5 4 2 5 3 3 2 3 3 4 5 1 1 2 2 3 1 3 2 2 5 3 5 3 3 5 2 3 1 3 5 3 2 2 4 4 1 5 5 1 5 3 2 2 3 4 5 2 1 2 2 4 3 4 1 1 2 4 3 5 4 2 4 5 2 3 2 1 1 3 3 2 3 5 4 3 4 1 1 2 1 2 3 3 3 2 4 1 4 2 5 5 5 1 1 3 5 3 3 5 4 4 4 3 5 3 5 2 2 4 3 1 2 2 2 2 4 5 4 2 1 0 1 5 2 3 3 1 4 2 2 2 5 2 3 1 2 1 3 5 2 5 2 3 2 4 1 2 5 5 1 4 3 1 3 4 4 5 3 5 4 4 4 4 5 2 3 3 5 3 1 3 3 4 3 2 2 5 3 3 3 2 1 4 5 4 5 4 1 1 2 4 3 3 1 4 2 1 4 2 1 3 1 1 1 3 2 4 3 2 2 3 5 1 4 3 1 3 4 3 1 5 2 3 3 5 3 4 1 2 3 2 4 3 3 2 4 3 4 2 3 3 4 5 1 4 2 1 1 2 3 2 1 5 1 4 4 5 3 3 4 3 3 1 4 3 3 5 5 1 3 5 1 3 2 1 1 1 1 1 2 2 2 5 2 1 3 2 3 4 4 3 5 5 4 4 2 4 4 1 2 2 1 2 5 1 3 4 1 3 1 2 2 3 1 5 5 4 1 2 5 2 1 1 2 1 3 5 3 5 3 3 2 2 2 3 5 2 2 4 3 2 2 4 1 1 3 3 3
3 1 3 2 1 1 2 1 4 3 2 5 3 1 4 5 3 5 5 3 1 1 4 4 1 4 5 4 4 3 5 2 1 5 3 3 5 5 5 3 2 4 5 1 3 1 5 3 5 2 5 4 3 2 2 1 5 3 3 2 2 2 3 2 4 1 5 4 5 5 5 1 5 1 5 2 1 5 5 4 5 1 4 1 1 3 5 1 4 5 4 5 1 1 2 3 3 3 3 4 5 5 3 2 5 1 4 1 3 4 1 5 3 4 2 1 5 1 2 1 1 3 4 0 2 2 1 1 4 2 1 1 1 1 2 5 2 4 5 4 2 1 5 3 4 3 3 4 4 4 4 5 4 4 4 1 5 2 1 5 4 4 1 4 1 5 4 5 4 1 3 2 3 3 3 3 2 1 5 4 1 5 1 4 5 3 1 3 3 2 2 1 3 2 3 2 5 2 3 5 1 3 4 1 1 1 3 4 2 1 5 5 3 5 3 4 3 4 5 1 5 2 5 5 2 5 5 2 2 4 3 1 5 4 1 4 1 4 1 1 1 5 4 3 1 3 5 4 2 2 3 1 1 1 1 3 2 3 1 1 4 3 1 3 3 3 5 4 2 2 3 4 4 2 4 3 5 3 3 1 3 5 5 4 3 1 5 4 2 2 2 4 1 4 4 1 1 4 3 5 5 4 2 1 1 5 5 2 4 5 4 3 3 4 4 3 2 2 2 1 4 3 2 1 2 5 4 2 2 1 5 4 3 1 4 2 1 4 5 1 5 4 1 3 3 4 2 2 3 1
2 1 5 3 5 4 5 3 1 5 5 3 1 2 1 5 1 3 5 2 4 4 1 4 4 1 4 4 3 5 2 4 4 4 5 5 1 4 5 2 3 3 3 3 1 5 5 5 1 1 3 5 3 1 4 1 2 5 4 2 3 3 3 3 1 2 1 2 5 1 2 3 4 2 5 2 2 4 5 5 1 3 2 5 4 2 3 3 4 2 1 5 5 1 5 1 5 3 4 4 1 1 2 2 2 3 1 5 5 1 1 4 4 5 4 5 2 2 1 5 1 2 2 5 0 2 4 3 2 2 5 3 4 1 3 3 3 4 4 1 1 5 5 5 5 4 5 5 3 3 5 2 1 2 1 5 2 2 4 4 5 1 4 3 1 5 3 2 1 2 1 1 5 1 2 3 1 1 5 3 5 4 2 4 3 2 3 4 5 2 1 5 2 1 5 4 1 4 1 1 4 3 5 4 5 4 3 3 3 5 1 2 4 1 4 4 1 2 1 5 1 3 4 4 2 1 3 4 3 2 2 3 1 2 4 1 1 5 4 2 4 5 2 4 4 3 5 3 5 2 5 5 3 2 5 2 4 1 1 2 3 1 1 1 3 3 2 3 3 1 4 3 4 4 5 3 3 5 4 3 3 5 1 1 3 3 5 4 3 4 3 3 2 3 1 1 5 3 2 2 5 3 3 3 3 1 5 2 3 4 1 1 4 1 5 3 4 4 2 1 2 1 4 4 1 4 1 5 4 1 4 1 1 4 3 4 2 5 3 2 4 5 1 2 3 5 5 2 3 1
4 5 5 1 4 4 4 1 3 2 2 1 5 3 1 2 3 4 5 2 3 5 1 5 4 4 3 5 5 2 5 2 4 2 4 4 5 5 5 2 4 5 3 1 1 4 1 5 3 3 4 3 3 4 3 2 3 4 4 2 5 3 3 3 1 4 4 1 2 1 3 1 3 1 4 4 2 2 3 3 1 3 2 1 3 5 2 5 2 5 1 5 3 1 4 2 4 3 3 3 5 2 5 1 4 1 5 4 5 2 3 5 3 5 1 1 4 2 2 3 1 1 3 3 5 0 1 4 2 3 2 2 4 4 2 3 4 2 2 5 1 2 4 3 2 5 4 1 1 2 3 5 1 1 4 5 3 4 2 3 2 5 1 5 3 2 5 3 1 2 4 5 4 5 2 5 2 5 3 1 3 2 2 4 1 1 5 5 4 2 3 4 4 5 2 4 1 3 3 5 1 4 5 2 2 4 1 4 5 4 2 1 3 3 3 2 4 1 2 5 3 2 1 3 3 4 4 2 5 1 4 4 1 3 4 5 4 2 1 1 5 4 4 1 4 3 1 3 1 5 5 5 5 3 2 3 4 2 4 3 5 3 1 2 1 2 1 2 5 1 4 1 5 1 2 4 1 3 2 5 3 2 1 5 2 3 5 1 1 3 4 1 5 5 1 3 2 3 3 1 5 5 1 2 2 1 2 3 3 3 2 1 3 3 2 1 5 3 5 1 4 2 5 3 2 5 2 4 5 4 2 2 4 5 2 3 5 5 3 3 4 4 1 4 4 2 1 3 3 3
4 2 5 1 3 3 4 4 3 4 4 3 2 1 5 5 3 1 5 5 5 2 1 5 2 1 5 5 1 3 5 1 4 2 5 2 2 2 2 2 4 2 2 4 2 3 2 3 2 4 3 2 5 5 3 1 4 1 4 2 2 2 3 1 5 1 3 1 2 3 2 1 4 3 5 5 1 2 4 2 5 5 1 5 3 2 3 2 2 5 4 4 1 4 3 1 2 4 5 3 2 2 1 1 3 4 4 4 1 3 2 4 2 2 4 1 4 5 3 3 3 1 3 3 4 3 0 5 1 4 2 4 5 5 3 2 3 1 3 3 2 5 1 2 2 3 5 4 3 2 1 1 4 1 4 5 1 1 4 5 3 5 1 4 1 5 5 4 2 5 2 2 5 4 4 5 4 1 5 3 1 4 4 1 2 1 5 4 2 3 5 3 4 5 2 1 4 3 3 3 2 2 3 5 1 3 4 3 1 3 4 2 3 2 3 2 2 2 4 4 4 2 1 2 2 3 5 5 1 1 5 4 1 1 2 2 4 3 3 1 3 1 1 3 5 3 3 3 2 1 5 2 3 1 5 3 5 4 4 3 5 3 2 4 1 1 5 2 4 2 3 2 5 4 2 5 3 2 3 4 5 5 1 2 4 2 3 2 2 3 2 2 1 1 5 1 1 4 5 3 4 5 3 2 4 5 2 4 5 4 4 5 3 5 5 3 1 3 2 2 4 4 1 1 2 4 1 2 5 5 1 5 2 5 3 2 2 4 2 1 3 1 1 2 4 4 3 3 4 1
3 4 1 4 2 3 2 4 4 3 1 3 4 4 1 3 3 5 5 4 4 4 1 3 3 1 4 4 1 1 4 3 5 2 3 5 2 5 1 5 3 1 1 2 1 5 2 5 5 3 2 3 1 3 1 3 2 3 2 2 5 1 3 1 1 2 5 2 1 2 2 3 5 2 5 1 4 3 3 5 4 2 1 2 5 4 4 5 2 2 1 1 5 4 5 5 5 1 1 2 4 1 2 5 2 2 2 1 1 1 5 4 3 3 2 3 3 3 1 2 2 4 3 4 4 2 4 0 1 2 2 1 2 4 2 3 5 4 4 1 4 5 4 5 2 5 5 5 3 3 1 5 1 2 5 5 5 5 4 4 3 4 2 4 3 5 3 4 3 3 1 5 3 2 4 4 4 4 3 3 4 4 5 4 1 4 3 1 2 2 2 1 1 5 3 1 5 2 4 1 5 4 4 1 4 2 5 5 2 5 5 1 5 3 4 3 5 1 2 1 2 3 3 1 1 4 3 3 2 3 2 1 1 5 4 5 2 3 4 5 5 5 4 5 1 2 3 4 3 4 5 1 2 1 1 4 1 4 1 2 3 4 2 1 2 1 1 5 4 2 1 5 4 3 5 4 2 2 3 2 5 3 2 3 1 4 5 2 5 4 4 2 2 3 2 2 4 3 4 2 2 2 5 1 2 5 3 4 2 5 1 3 4 3 1 1 1 4 4 2 3 3 4 1 3 4 3 1 3 5 1 1 1 3 1 4 2 3 3 2 4 4 5 5 5 4 5 1 1 4
2 2 2 4 4 1 5 2 5 4 1 5 4 4 5 3 4 3 1 4 2 5 4 1 2 1 5 1 2 2 4 2 1 2 1 5 3 2 3 1 2 4 5 1 2 4 3 4 3 1 4 5 3 4 3 1 1 5 4 3 2 2 4 1 5 3 1 4 1 2 4 4 5 2 4 1 3 3 3 4 1 1 2 5 4 5 3 4 4 1 3 1 4 3 3 2 3 2 4 1 2 5 3 2 3 5 1 5 2 3 4 3 1 1 2 1 4 1 1 1 4 1 2 1 5 2 1 1 0 4 1 2 4 3 2 3 3 3 1 3 4 2 5 4 5 5 1 5 4 5 5 2 1 3 5 3 5 4 2 2 3 5 3 3 5 5 4 5 1 4 5 5 4 4 4 2 5 4 5 5 4 1 5 3 3 4 1 4 1 2 5 2 1 2 2 5 2 3 2 3 3 3 3 5 3 2 1 1 5 4 5 2 1 5 5 1 5 3 3 1 5 4 2 2 3 1 3 5 4 3 4 5 5 1 2 1 5 2 1 5 4 3 4 1 2 3 2 3 3 5 2 3 5 3 5 3 2 1 2 1 3 3 2 5 2 4 3 2 2 1 4 5 1 2 1 4 2 3 1 3 4 2 1 1 1 3 5 2 1 1 2 2 1 2 1 4 3 1 4 4 1 5 1 2 5 2 2 5 3 1 2 5 4 4 3 3 2 4 4 1 4 5 4 1 2 4 4 5 1 4 2 4 4 3 2 4 5 3 2 4 4 4 2 1 2 2 4 2 2 3
2 4 3 5 1 1 4 3 2 5 3 1 3 5 2 4 5 4 1 4 3 3 1 5 4 5 1 5 1 3 2 1 1 4 2 1 4 5 3 4 2 5 1 2 3 4 5 2 3 2 4 3 5 1 4 5 5 2 5 5 2 2 3 4 1 4 2 1 1 2 4 5 3 2 1 5 3 5 3 3 1 4 2 2 2 2 2 3 1 2 5 5 4 3 1 3 2 3 4 2 4 3 2 2 2 5 2 3 2 2 5 1 3 3 1 1 4 2 4 3 5 3 4 3 2 3 5 2 1 0 3 1 1 3 3 1 5 4 3 4 5 1 3 5 2 2 4 2 4 1 2 3 1 5 3 2 3 4 1 5 1 2 3 1 5 1 1 4 1 4 3 1 3 5 1 2 2 5 3 5 4 2 4 1 5 5 1 1 2 4 2 4 3 2 3 3 2 1 4 2 4 4 4 1 5 2 1 3 5 3 1 5 3 4 1 5 3 4 2 5 4 2 3 4 3 5 5 3 5 1 5 3 5 3 2 1 4 4 3 5 2 2 1 3 1 4 5 1 4 2 1 5 5 4 4 5 4 2 1 4 4 1 4 5 5 5 4 4 3 5 3 4 4 3 2 4 2 3 4 1 2 5 5 5 5 4 2 3 3 4 1 5 3 5 4 4 5 4 2 2 4 3 5 2 5 4 2 5 2 1 4 2 4 3 4 1 4 5 5 5 2 1 3 4 4 5 1 4 5 2 3 1 1 4 2 1 3 3 4 3 2 3 5 5 2 2 4 5 1 5
3 1 5 5 1 4 2 5 2 5 1 1 2 2 5 4 3 1 4 2 5 2 5 1 5 4 2 5 5 2 1 4 3 2 3 2 3 2 5 3 3 3 5 3 1 4 1 3 2 4 4 4 2 2 1 1 5 3 2 5 3 5 4 1 5 4 4 3 1 5 2 1 1 2 3 1 3 3 2 2 4 1 1 4 2 5 2 3 4 4 1 4 5 2 3 4 2 1 3 3 1 2 1 5 2 1 4 2 1 2 3 4 1 5 2 4 2 1 2 5 3 3 2 5 4 4 1 1 3 1 0 4 3 5 2 1 4 4 5 4 2 5 3 4 4 3 2 4 4 5 1 4 3 1 3 4 1 3 4 5 2 4 5 5 4 1 4 2 1 5 3 3 1 1 4 4 4 4 3 3 2 2 4 1 2 3 2 3 4 1 1 5 2 3 1 2 2 4 1 3 4 5 5 2 5 4 4 4 3 5 4 2 3 1 4 3 3 4 5 5 4 5 5 2 1 3 4 3 1 1 2 1 5 5 2 4 2 2 3 1 5 3 3 1 3 5 3 1 4 4 3 2 4 3 2 2 4 1 1 3 5 4 1 4 5 1 3 3 2 2 1 4 4 4 4 1 5 2 5 4 4 3 2 4 1 4 1 1 2 4 4 3 3 3 1 3 4 3 5 5 1 3 5 4 5 1 3 3 2 3 4 2 2 4 4 2 1 5 1 3 2 1 3 3 4 2 3 5 2 4 4 5 1 3 1 1 1 3 4 2 1 2 5 3 1 5 4 5 2 2
2 1 5 2 1 3 4 1 3 3 2 5 5 3 3 2 3 1 1 5 4 2 3 4 2 1 1 1 3 2 3 3 5 4 4 2 5 3 2 5 4 1 4 3 3 5 5 5 4 3 4 1 3 5 4 1 5 1 2 5 1 1 5 3 3 2 4 5 1 2 2 2 3 4 2 1 4 5 3 5 1 5 2 3 1 5 3 4 1 2 1 5 5 2 3 2 1 4 1 3 4 3 2 3 3 3 5 5 4 5 2 5 1 1 1 4 5 5 1 1 5 4 3 5 3 4 4 3 4 2 5 0 3 4 1 4 5 4 5 5 2 5 3 3 2 4 1 4 5 5 4 1 3 3 4 5 5 1 2 3 5 3 2 1 3 1 4 1 1 2 5 1 1 1 3 2 3 4 1 2 4 1 4 3 2 5 1 1 4 2 3 5 3 1 4 1 4 2 3 2 4 1 1 2 2 4 3 2 4 1 5 1 3 3 2 3 5 2 2 2 4 1 2 2 2 5 5 4 3 5 2 3 3 4 1 3 5 5 1 5 5 3 2 5 4 3 1 5 5 2 4 5 5 5 1 4 5 1 5 1 5 3 1 4 1 3 4 5 5 2 3 3 3 2 4 1 1 5 3 5 3 3 4 3 3 3 4 4 1 1 2 4 4 4 1 2 5 3 5 1 3 1 1 1 5 3 1 4 3 5 5 2 4 2 1 1 3 2 1 5 1 3 2 4 1 3 4 3 3 3 2 5 2 3 1 2 5 1 5 4 1 1 3 5 4 5 3 1 4 2
3 1 2 2 5 4 5 3 4 5 2 1 3 1 1 1 3 5 5 4 5 1 4 4 1 3 5 1 5 4 2 5 5 5 1 4 2 5 2 4 3 1 3 1 5 1 2 2 5 5 1 4 5 4 2 4 4 4 1 1 3 2 2 3 2 4 1 3 5 4 5 5 1 3 3 1 4 2 3 1 2 1 3 5 2 1 4 4 1 4 5 5 5 2 3 5 5 1 4 5 1 5 4 2 5 1 3 3 1 3 5 1 2 3 3 3 1 5 1 1 4 3 3 3 1 1 4 4 2 5 5 3 0 4 4 2 2 1 1 5 1 1 5 4 3 1 4 5 3 2 3 4 1 1 4 3 4 3 1 1 4 4 2 1 5 1 2 3 2 1 3 2 1 5 1 3 1 5 4 5 1 3 5 4 1 1 1 5 2 4 3 3 4 1 5 1 3 4 3 3 4 2 5 3 4 3 2 4 1 4 2 2 3 2 1 2 1 2 4 3 2 2 3 1 4 1 4 3 5 1 5 3 1 2 3 2 1 4 2 2 5 3 1 3 3 2 2 2 2 1 3 3 2 4 4 2 5 4 2 3 3 2 2 1 2 3 1 1 5 2 2 3 1 2 1 5 4 5 3 5 2 4 2 4 2 3 2 1 5 3 3 3 4 2 5 3 4 5 4 5 3 3 2 1 4 4 3 1 3 3 4 4 4 1 5 4 5 3 3 2 3 4 1 1 2 2 5 2 3 5 4 4 1 5 2 1 4 5 1 1 3 4 5 2 1 3 4 2 4 2
3 2 5 1 5 4 5 4 1 5 5 4 1 4 2 1 3 2 5 3 4 1 1 3 3 2 2 4 1 2 3 4 5 5 2 5 4 3 1 1 3 4 1 1 1 1 2 1 4 4 5 1 4 3 5 4 3 4 3 1 3 2 5 4 2 4 5 5 4 1 2 3 5 5 3 4 3 1 2 1 5 2 2 5 2 3 5 1 3 3 4 4 3 4 1 3 4 2 5 4 3 1 5 2 1 1 4 4 2 4 5 2 3 3 3 4 3 3 1 1 2 4 5 2 4 3 2 2 2 2 3 5 3 0 1 2 2 1 1 4 5 3 1 3 5 5 5 2 2 2 2 5 4 5 1 2 5 2 2 4 3 3 1 1 2 5 2 2 3 1 2 4 2 3 5 3 2 1 5 5 4 3 5 3 3 3 2 1 2 5 4 2 2 3 5 2 5 3 1 4 2 5 4 3 4 1 1 1 5 1 2 4 5 2 3 5 2 3 1 1 5 4 4 2 3 2 2 3 1 1 2 1 5 1 1 2 4 3 1 3 5 2 2 5 4 2 5 5 2 1 1 5 3 3 4 2 2 3 2 1 1 4 5 3 1 5 3 2 2 3 1 4 3 5 5 2 2 1 5 1 4 4 5 5 4 3 4 4 1 4 3 5 4 2 2 1 4 2 1 2 3 3 3 1 4 2 5 5 1 4 2 5 3 2 2 1 3 4 1 5 3 4 4 3 3 3 4 4 5 4 5 5 2 3 1 4 3 4 4 3 5 2 3 5 5 5 4 4 1 3
1 5 3 2 1 5 4 5 1 5 5 3 4 1 4 1 2 5 5 5 4 5 3 1 2 5 1 2 1 3 1 3 3 5 2 4 1 3 1 1 4 3 1 2 5 5 2 3 2 2 4 3 4 3 2 3 2 2 5 2 1 2 2 3 4 2 1 1 5 3 3 1 2 5 3 1 3 2 5 1 2 3 3 4 3 5 5 4 3 5 1 5 2 3 5 2 4 4 3 1 4 5 1 4 5 2 5 1 2 1 4 2 3 3 2 2 1 4 1 2 2 3 2 1 5 1 2 1 1 1 2 5 4 1 0 2 2 2 3 1 1 4 4 3 5 3 3 1 5 5 3 3 3 4 5 1 1 4 3 2 5 5 3 3 4 1 1 3 1 5 3 2 5 2 1 4 2 2 5 5 5 5 1 4 5 4 1 5 2 1 3 4 2 2 1 2 1 3 4 2 2 3 2 3 3 2 5 2 4 2 2 3 1 5 2 5 4 5 2 1 5 5 5 1 3 1 4 1 5 5 3 3 4 5 5 4 4 3 2 4 4 5 5 5 2 1 2 5 2 2 4 4 2 1 2 3 5 1 4 3 3 1 2 5 3 4 2 2 2 3 1 4 5 5 2 5 4 5 3 3 3 2 5 5 2 4 5 4 3 4 1 1 1 5 3 3 4 2 3 5 4 3 5 4 2 4 4 1 1 2 1 1 3 4 3 1 1 5 3 1 1 2 3 3 2 5 1 2 3 5 5 1 3 3 2 1 5 4 1 1 2 4 2 4 2 2 2 2 3 4
2 5 1 3 3 2 2 2 4 2 1 4 4 3 4 1 1 3 3 4 2 4 2 1 1 4 2 3 3 3 1 3 5 1 2 5 4 5 2 1 2 2 2 2 3 3 5 4 1 1 1 1 3 3 2 1 4 4 1 5 4 1 5 4 4 4 4 4 1 4 3 3 3 4 2 5 1 3 5 5 4 1 4 1 1 2 1 1 4 5 5 3 1 1 1 1 5 3 4 3 3 5 4 4 3 2 3 3 1 2 3 4 4 5 4 4 4 2 2 1 4 4 2 5 2 1 3 2 4 2 5 4 1 1 2 0 2 4 1 5 3 3 1 1 3 3 1 3 2 1 5 5 2 3 5 5 2 4 3 1 4 1 1 1 5 2 1 3 5 4 1 1 4 3 4 3 2 1 1 4 3 4 4 5 3 2 1 2 1 4 1 1 1 5 2 1 2 3 5 5 4 3 5 3 5 3 2 3 3 4 1 2 5 2 2 2 3 1 2 3 1 5 4 3 3 5 2 2 4 4 2 1 1 5 5 4 4 5 3 4 3 1 2 5 5 3 2 3 1 4 2 3 3 2 5 2 5 4 4 3 5 4 4 4 4 4 5 5 2 4 4 4 5 4 2 4 5 5 1 4 4 4 4 3 1 1 1 1 3 2 1 1 2 4 2 2 2 2 1 2 4 4 2 3 4 2 2 1 3 2 2 4 1 2 3 3 4 2 5 2 2 5 1 3 2 5 4 2 4 2 3 5 3 2 3 3 4 1 5 5 1 5 5 5 5 4 5 1 2 2
2 3 2 4 5 1 4 4 3 1 2 3 2 3 3 2 5 3 4 5 3 3 1 4 2 3 2 2 3 1 2 1 1 3 1 1 1 2 2 3 1 2 4 3 5 3 2 3 4 3 2 5 3 2 2 2 5 1 4 3 2 3 3 2 2 1 5 1 5 3 2 4 1 5 3 3 4 5 1 3 3 5 3 1 1 5 1 5 1 2 2 5 3 5 2 5 2 5 5 2 3 1 1 1 4 1 3 5 5 4 1 1 2 5 1 2 4 5 4 3 5 2 3 5 2 3 5 4 3 2 5 2 2 1 3 4 0 2 3 4 5 1 5 5 4 2 3 1 2 3 4 4 3 1 3 2 5 1 5 2 3 2 2 4 4 1 2 1 2 3 5 3 1 1 3 4 5 1 1 5 5 3 2 3 5 4 1 3 4 2 2 1 4 5 5 2 3 2 1 5 4 2 1 1 3 4 5 3 4 4 5 3 1 5 5 5 4 3 4 2 4 5 4 3 3 1 4 4 4 4 5 1 1 5 4 3 2 5 1 3 3 2 3 4 2 2 3 2 4 3 3 1 5 1 2 3 1 2 5 3 3 2 5 4 5 3 4 1 4 5 3 2 4 1 5 3 1 2 2 5 5 1 4 4 5 1 1 2 2 4 2 4 1 1 4 4 5 5 1 3 1 2 2 1 3 5 4 1 1 4 4 5 1 4 5 3 3 3 4 2 2 2 2 2 1 3 3 3 3 4 2 3 1 4 1 1 1 5 1 2 2 5 4 3 2 4 1 3 1 5
4 5 1 5 2 4 3 3 4 1 4 4 4 4 3 1 3 4 4 1 3 1 3 5 2 3 3 5 4 4 2 5 5 2 2 3 4 4 1 3 5 2 2 3 2 5 1 4 4 2 3 1 5 4 2 2 1 4 1 4 2 3 2 4 4 2 1 3 4 2 4 2 5 3 2 2 1 3 5 4 1 3 2 5 1 1 4 1 4 5 2 5 1 4 2 1 3 1 5 5 5 3 1 1 5 1 2 5 1 4 2 3 4 1 3 3 3 1 2 2 5 1 2 2 4 2 4 2 5 1 3 1 4 5 2 1 4 0 5 1 5 2 5 4 2 2 5 3 4 2 5 2 2 4 4 2 3 2 3 3 5 5 5 3 4 5 5 1 3 2 3 5 4 3 4 4 3 1 3 4 3 3 3 5 3 1 2 3 5 3 4 2 1 1 1 1 1 2 2 2 4 2 1 1 3 4 2 4 2 4 1 4 5 2 4 3 1 3 4 3 5 3 2 2 1 1 1 1 1 1 4 1 5 2 3 4 3 4 3 5 3 3 5 1 5 2 1 3 4 3 4 4 2 2 1 1 5 2 4 4 2 3 1 1 4 1 1 5 3 4 3 3 3 5 2 2 4 1 5 1 2 4 2 5 5 4 4 5 1 3 1 1 2 5 2 2 3 5 1 2 2 3 2 2 1 1 1 4 2 5 3 5 2 4 5 1 4 1 1 4 4 5 5 4 1 5 4 2 4 5 3 4 4 1 1 4 1 3 3 5 3 5 3 3 5 1 4 1 4 3
3 2 2 1 4 2 3 2 2 2 5 2 2 1 5 5 3 3 3 4 3 1 1 1 1 3 5 1 2 1 1 1 2 3 4 1 3 1 4 4 2 4 5 2 5 4 5 2 4 3 3 4 2 4 4 1 3 4 1 1 3 1 3 3 1 2 5 4 3 4 4 3 4 1 5 4 5 1 2 2 3 2 1 2 2 1 3 3 3 3 4 4 5 4 1 3 1 4 1 2 5 5 2 3 1 1 3 1 2 4 1 5 2 4 4 1 2 5 4 2 4 1 5 2 1 4 5 3 5 2 2 2 1 5 2 1 5 3 0 1 1 2 5 4 5 1 1 3 1 4 2 4 4 1 1 1 1 4 4 3 1 3 4 2 2 2 3 4 4 5 3 5 1 4 2 1 5 4 5 3 4 3 1 5 4 5 2 1 5 4 2 1 1 4 1 1 4 1 1 3 5 3 2 3 3 3 3 2 4 5 2 1 3 4 1 2 5 2 2 2 4 3 1 2 4 2 2 5 3 2 2 4 5 2 3 1 1 5 2 2 5 4 2 3 3 3 2 3 4 3 5 3 3 5 3 3 4 4 3 2 5 2 4 2 1 5 3 3 3 2 2 5 2 2 3 1 4 5 4 3 2 1 5 3 5 3 1 1 1 4 3 3 2 2 5 4 2 2 3 3 2 3 4 5 2 5 1 3 2 1 3 3 4 1 2 5 3 5 4 5 1 1 2 4 1 1 2 4 1 5 1 5 1 4 1 4 4 3 5 5 4 2 1 1 2 2 4 2 3 3
4 4 1 1 2 5 2 5 3 3 5 1 5 1 4 1 2 2 4 5 4 1 1 4 3 2 2 2 4 1 3 4 2 3 4 2 2 2 3 3 2 1 2 1 4 1 1 5 4 1 4 2 5 2 3 4 4 1 5 4 4 3 3 4 2 2 5 1 1 5 3 1 2 5 4 3 4 1 1 3 5 2 3 2 2 2 4 3 4 2 3 3 5 2 1 4 5 4 5 4 5 2 3 3 5 4 3 1 5 1 5 5 3 1 1 2 5 3 1 1 5 2 5 4 5 4 2 1 5 4 3 3 3 2 3 1 3 1 3 0 1 3 3 3 1 4 4 3 3 4 2 3 2 1 5 1 5 1 2 5 1 3 3 2 2 5 4 4 1 5 2 4 3 4 2 5 4 3 4 3 4 4 4 2 1 4 4 2 4 3 4 5 4 1 5 1 1 4 1 1 3 4 1 3 5 2 4 2 4 5 3 4 4 3 5 3 2 1 1 5 1 5 5 1 4 1 1 5 2 1 2 5 5 5 1 4 2 2 2 2 3 5 2 5 2 5 5 4 4 5 4 5 4 4 3 4 2 4 2 2 1 2 1 4 2 1 2 3 5 1 3 3 5 3 3 4 1 4 5 3 3 4 1 4 1 4 1 2 2 3 1 5 5 2 2 4 5 1 5 3 5 5 4 2 1 2 2 2 4 1 5 5 2 3 1 2 3 5 3 2 2 1 1 2 1 5 2 3 2 2 5 1 5 2 1 3 4 4 4 2 2 3 5 4 2 2 3 4 2 3
1 3 5 5 1 4 1 2 2 4 1 5 1 1 1 3 4 3 4 3 4 3 5 2 1 2 4 4 3 5 3 4 4 1 1 5 1 1 4 2 4 5 2 4 5 1 4 4 2 2 4 3 5 3 2 5 3 1 3 2 2 3 3 3 3 3 5 1 5 4 2 5 5 3 2 4 2 1 5 4 5 1 4 3 5 4 2 4 4 3 3 4 1 5 1 1 5 5 1 5 5 4 2 3 5 5 4 2 3 3 4 5 4 2 2 4 4 5 4 5 1 3 4 2 4 2 5 1 4 4 1 5 1 1 4 5 3 4 1 3 0 5 5 3 2 2 5 5 2 2 2 3 2 5 2 5 4 1 4 4 4 4 1 2 4 2 2 2 5 2 3 4 5 2 5 1 3 4 5 5 3 1 2 4 2 4 2 2 2 1 4 3 1 1 1 4 1 2 3 5 1 4 5 5 3 2 1 5 2 5 2 4 1 3 3 2 2 4 3 3 1 4 4 1 4 4 1 3 1 5 5 3 2 2 4 2 1 2 2 3 4 1 2 5 1 5 3 3 3 2 2 1 1 4 3 3 3 4 4 1 2 1 1 3 2 1 3 4 1 1 1 5 1 5 4 5 4 3 3 4 5 1 3 2 5 3 5 2 2 1 4 1 3 4 3 5 4 2 2 2 5 4 3 3 4 3 3 3 3 5 2 1 3 3 3 1 1 4 1 3 3 4 5 3 4 2 4 3 1 1 5 4 1 2 3 1 3 5 3 3 2 3 5 4 5 5 4 1 4 3
1 5 1 2 4 5 2 3 4 1 4 1 5 5 3 1 3 1 3 3 2 1 5 5 2 1 5 2 1 4 4 4 4 3 1 4 5 4 1 5 3 4 2 2 3 4 1 4 4 1 4 5 2 2 5 2 5 1 3 3 3 2 1 4 2 1 2 3 5 4 4 2 2 4 5 4 1 5 1 2 2 4 3 4 5 4 2 2 4 2 4 1 4 2 5 1 2 5 1 2 1 1 3 3 2 5 3 5 2 1 2 4 2 4 2 4 3 1 2 3 5 4 4 2 2 2 4 1 4 5 2 5 2 2 4 5 4 3 2 3 3 0 1 2 2 4 3 3 1 4 4 5 3 1 4 2 3 2 1 4 1 5 1 5 5 3 2 5 2 1 1 3 1 3 1 4 2 3 2 4 3 2 1 5 2 2 2 1 3 2 1 5 3 5 3 4 3 1 4 1 4 3 5 1 4 3 4 5 4 1 5 4 5 2 2 3 4 2 1 3 1 1 1 5 2 4 3 3 3 5 5 1 1 5 2 5 4 1 2 3 3 3 4 2 3 2 4 5 4 2 2 2 5 1 3 3 3 3 3 1 2 4 3 1 4 2 5 1 2 2 3 2 5 2 1 5 1 1 1 5 5 2 4 5 3 4 1 3 5 4 2 4 3 5 2 4 3 1 3 2 4 5 2 4 2 4 5 3 1 4 3 2 4 2 1 4 2 4 1 1 3 5 2 2 2 1 5 1 2 5 3 3 4 1 3 2 3 4 4 4 4 2 1 1 1 1 2 3 2 4
4 1 5 5 4 2 3 2 3 4 3 4 4 5 2 3 1 1 1 3 5 1 1 4 2 3 1 5 4 1 5 4 4 3 3 3 2 3 1 3 2 2 2 1 1 3 2 4 3 4 2 4 3 3 2 5 3 4 2 1 5 3 4 2 3 3 2 2 2 5 1 1 5 2 1 3 2 4 4 3 2 4 1 3 2 2 3 4 3 4 1 1 1 5 1 3 1 2 4 2 4 2 3 3 4 4 3 3 5 2 1 2 4 2 2 3 2 4 1 5 2 1 3 3 1 1 3 1 4 5 4 4 1 5 2 2 1 4 1 1 4 5 0 5 1 4 2 2 3 1 1 5 1 3 4 5 5 5 2 2 5 1 4 5 2 5 4 4 3 3 4 3 5 5 4 4 3 2 5 4 3 1 2 1 1 2 3 2 5 5 1 1 2 4 4 1 3 4 5 1 3 1 3 3 3 4 3 1 2 1 1 5 2 2 1 2 3 5 1 2 3 3 1 1 1 4 3 3 2 2 5 4 2 1 1 3 5 2 3 5 3 5 5 3 4 5 3 4 5 5 1 1 2 4 1 5 3 4 4 2 2 3 5 3 3 5 2 2 2 1 2 4 1 2 2 1 2 3 1 1 4 2 1 4 3 2 3 1 3 1 3 3 1 2 4 5 5 4 2 3 2 1 2 2 5 1 3 3 2 2 4 2 1 3 3 1 3 3 4 2 2 5 1 3 1 2 1 3 3 4 1 2 5 4 5 4 4 5 4 2 3 4 4 3 3 2 3 1 1 1
4 3 4 3 1 4 1 3 5 1 2 5 3 1 3 3 5 3 4 4 1 4 5 1 4 3 3 5 2 5 3 1 2 1 5 4 3 1 4 3 2 5 5 1 4 2 5 4 2 1 3 2 1 3 1 4 1 2 3 4 1 2 5 4 2 1 1 5 4 3 1 4 5 1 1 4 3 5 2 2 5 2 1 5 3 5 4 1 3 1 5 4 5 1 2 3 1 4 5 2 3 3 5 5 5 2 5 5 4 4 5 1 1 1 2 5 3 2 3 2 4 4 5 1 2 3 2 3 1 2 5 4 2 3 1 5 1 2 2 4 2 3 2 0 1 2 2 4 2 1 1 4 4 2 3 5 3 5 1 4 2 1 1 2 2 5 2 2 3 2 2 2 5 1 2 4 1 5 4 4 4 4 1 3 1 2 4 3 5 4 4 1 3 3 2 5 1 1 5 3 5 3 4 3 4 4 5 1 3 5 5 1 2 3 2 3 5 4 5 1 1 2 4 2 4 3 1 2 2 2 1 5 5 3 5 5 1 3 4 1 5 1 1 3 3 4 3 4 1 1 3 5 4 4 2 2 1 3 2 2 3 4 2 2 4 5 1 5 2 5 1 4 4 1 3 4 3 5 1 5 1 5 4 4 2 1 2 3 2 2 1 2 1 4 5 2 3 5 4 5 1 5 1 2 5 5 5 4 1 2 2 5 3 3 5 5 5 4 2 1 2 5 2 1 3 2 5 2 1 3 1 3 2 4 2 4 3 2 3 1 3 5 5 5 1 5 4 2 2 2
3 3 4 3 1 5 1 4 3 5 4 4 1 5 2 1 4 2 1 2 3 4 3 3 3 1 4 5 3 2 2 4 3 3 4 2 4 4 4 4 4 5 5 3 3 5 5 5 1 4 4 5 4 1 1 5 3 5 1 3 2 4 2 4 5 3 1 4 3 4 1 1 1 4 2 3 3 1 5 3 4 3 4 3 4 4 3 5 1 1 2 2 5 2 2 5 3 5 4 4 4 2 5 2 5 5 5 1 2 1 5 3 1 4 4 4 2 2 3 5 2 3 3 2 4 3 1 4 5 3 4 2 1 3 4 3 3 3 2 3 1 4 2 4 0 5 4 1 5 1 2 4 3 3 1 2 5 2 2 2 5 3 3 5 2 4 5 3 2 3 4 3 2 5 3 5 3 1 4 2 5 1 5 2 4 3 5 4 2 2 1 2 2 4 2 1 2 1 2 2 3 2 2 5 2 2 4 5 2 4 5 2 5 2 3 5 4 1 4 3 5 2 4 3 4 3 1 5 3 2 4 5 1 3 3 2 1 4 2 3 4 1 1 3 2 4 3 2 2 5 4 1 1 3 2 1 4 1 3 3 3 4 4 4 5 1 4 1 1 1 4 5 3 5 2 4 2 5 2 2 5 4 2 3 4 3 5 3 4 4 3 4 1 2 2 5 4 5 3 3 4 5 1 1 2 2 1 3 5 4 5 4 4 4 3 3 5 4 2 3 2 5 2 1 2 4 3 1 5 2 3 2 5 1 4 4 3 4 5 4 4 1 4 5 4 1 3 4 4 3
3 1 5 2 3 4 2 2 1 5 3 1 4 4 4 3 4 3 2 3 1 2 1 3 3 4 5 5 2 5 3 5 1 3 5 1 3 3 4 1 2 2 5 4 4 3 3 1 2 4 1 1 2 2 5 2 5 1 1 1 5 3 2 1 4 2 2 1 3 2 2 1 3 2 1 5 5 2 1 4 1 1 1 3 5 5 1 2 1 4 4 3 4 2 4 5 3 3 1 2 1 1 1 4 1 5 4 3 1 5 2 4 2 5 3 2 3 4 4 4 4 3 5 3 2 3 1 3 1 4 2 3 3 4 1 1 4 4 5 3 4 4 4 5 2 0 4 3 1 2 3 4 3 3 1 4 5 2 3 1 1 3 1 2 1 4 1 3 2 5 3 4 4 2 4 1 2 1 2 2 5 1 4 3 5 2 1 1 1 4 2 3 3 1 1 5 4 2 2 3 1 2 5 2 5 4 4 3 4 5 4 5 1 5 4 4 3 4 1 4 5 2 3 3 1 3 3 5 3 4 2 5 5 5 5 3 1 4 2 1 3 4 1 3 4 3 2 1 4 4 1 3 4 1 2 4 4 4 2 2 1 2 1 4 2 5 5 5 1 2 3 1 3 4 3 1 2 2 5 2 5 1 4 5 3 2 5 1 5 2 3 1 2 2 2 2 4 5 4 1 3 1 2 2 3 4 4 5 4 2 3 4 2 3 4 4 1 4 1 4 2 3 5 4 4 2 5 5 5 1 2 4 3 3 2 4 1 4 1 2 5 2 2 5 1 5 5 4 3 1
2 5 2 2 5 4 5 1 1 5 4 1 5 2 4 4 3 4 2 5 5 5 1 4 1 4 4 3 1 1 5 2 4 3 4 1 1 4 1 5 3 1 2 2 3 4 1 2 2 3 5 2 1 2 5 3 1 4 1 3 2 2 3 3 1 1 1 3 3 3 4 4 1 3 2 4 3 3 4 2 2 4 4 2 5 5 2 3 3 4 4 2 2 3 1 1 1 2 2 4 2 3 4 4 3 3 3 2 1 1 3 2 4 5 3 1 5 1 3 5 4 4 3 2 4 3 3 1 3 1 4 5 1 1 4 5 4 4 1 1 5 2 5 4 1 2 0 3 2 1 3 2 2 5 1 5 1 3 2 5 1 4 1 1 5 2 5 1 1 1 5 3 4 1 3 5 3 3 2 4 5 3 1 2 1 1 3 2 3 2 1 5 4 2 1 5 2 2 4 5 1 3 2 2 5 2 5 4 4 5 3 2 5 4 3 5 1 3 3 3 2 3 5 3 3 5 1 5 5 1 3 1 2 5 3 4 5 4 4 5 5 5 2 4 4 5 2 5 5 5 2 2 4 1 4 4 4 3 1 4 4 2 5 4 2 4 2 3 4 2 4 2 2 1 5 2 5 4 2 3 4 2 3 4 2 3 4 4 2 4 4 4 1 1 5 2 1 1 2 5 1 2 3 2 1 5 3 1 3 3 4 2 4 2 1 1 3 2 3 4 2 4 5 2 1 1 2 2 3 4 5 5 4 3 2 4 3 2 2 2 4 1 5 5 4 2 2 1 1 2
2 1 5 2 4 2 3 1 4 3 2 3 1 5 1 4 2 5 3 5 3 3 1 3 5 5 5 3 4 4 1 5 4 3 1 1 3 3 4 3 4 3 2 1 1 1 5 2 4 3 2 1 2 2 2 1 1 5 5 2 1 5 5 1 4 1 5 1 3 2 2 5 4 1 4 5 4 3 3 4 4 1 4 3 3 1 1 2 4 2 5 4 1 5 2 3 1 5 1 3 3 1 4 1 1 1 2 5 5 1 3 4 1 1 3 2 4 2 2 3 3 3 2 4 4 3 1 4 3 3 5 4 1 5 1 2 4 1 4 3 5 4 4 5 2 5 5 0 4 3 2 5 3 1 1 3 4 2 5 2 2 1 4 2 1 1 5 5 1 1 5 2 2 2 2 3 4 3 2 1 3 3 5 5 3 2 2 4 3 3 5 1 2 2 5 5 5 4 4 3 2 3 4 2 3 4 5 2 2 2 2 1 4 2 1 1 5 4 3 5 1 1 5 4 1 4 2 1 2 5 4 2 5 4 4 5 2 2 4 3 2 4 1 2 3 3 1 1 2 2 4 1 4 3 1 4 2 1 3 2 1 3 4 2 3 3 2 2 2 2 3 2 2 5 5 5 5 4 4 4 1 4 3 1 3 2 1 3 2 4 2 2 5 2 4 4 4 4 4 5 1 2 3 3 5 5 5 5 4 5 1 4 1 3 5 2 4 5 1 2 3 5 3 2 2 1 5 5 1 2 3 2 5 1 4 3 5 4 3 3 4 2 5 3 1 2 3 1 1 5
2 1 1 3 4 1 5 5 4 5 2 3 5 5 3 4 4 2 3 5 3 5 4 4 2 5 1 1 3 5 2 1 4 5 3 4 3 2 5 1 5 1 1 5 3 1 5 1 4 3 1 5 4 5 2 2 1 5 4 5 1 1 4 1 5 2 1 2 4 5 5 3 1 1 1 3 5 5 3 1 2 2 1 2 5 4 5 1 3 1 1 4 2 2 2 3 4 1 5 2 4 2 2 5 4 1 4 5 3 2 4 2 3 3 4 4 5 1 4 2 4 3 3 5 5 1 5 2 4 5 2 1 2 5 1 3 2 1 5 4 2 5 1 3 4 5 4 2 0 1 2 1 4 1 1 1 2 3 5 1 5 3 4 5 1 5 5 5 1 2 2 5 1 3 1 2 1 2 2 5 2 2 3 2 1 1 4 5 3 5 3 2 4 3 2 5 2 1 5 3 2 5 4 1 1 3 1 4 4 5 3 1 3 5 1 5 3 1 2 4 5 5 1 1 4 2 5 3 4 2 3 5 4 3 3 2 5 1 3 4 1 2 2 3 2 1 4 3 5 5 2 4 2 5 5 3 1 4 2 2 5 1 4 4 1 3 2 3 5 1 2 1 1 5 3 5 4 2 5 1 5 2 1 4 4 1 1 3 4 1 1 5 2 4 1 1 2 1 5 3 4 2 1 3 2 3 4 4 2 5 1 3 3 3 2 4 2 3 3 5 3 2 3 5 4 4 3 1 1 3 1 3 3 2 5 2 3 2 5 3 5 4 5 5 3 3 4 3 3 2
2 4 3 5 2 5 1 1 5 3 2 5 5 2 1 1 5 2 5 1 5 2 1 3 3 4 1 4 2 4 5 4 3 4 1 1 3 3 2 3 1 5 4 2 2 3 5 1 5 5 1 4 4 5 3 1 4 4 1 3 3 5 1 1 2 4 4 4 4 4 4 4 3 2 1 3 3 1 4 4 3 3 4 1 2 4 2 5 4 2 4 3 3 4 2 5 2 5 5 3 5 2 3 1 5 4 2 1 5 4 5 3 1 2 4 3 5 2 4 2 5 4 3 2 1 1 2 3 1 3 2 4 5 4 1 5 5 1 4 2 1 1 2 3 1 3 1 2 4 0 5 3 2 5 2 4 4 2 2 1 2 2 1 5 5 2 4 5 2 5 1 3 2 2 1 3 1 5 3 5 5 2 4 1 2 2 2 3 5 4 3 3 4 2 1 2 2 1 3 2 3 2 3 1 2 2 2 2 2 5 2 5 2 2 3 1 4 2 5 3 1 3 2 1 4 4 2 4 3 4 2 3 1 2 1 5 2 4 4 4 5 4 2 3 5 2 4 5 4 2 5 5 5 2 4 3 3 4 3 3 4 3 2 3 4 2 2 4 3 1 3 4 4 1 2 4 3 5 1 3 5 1 3 5 5 1 5 3 3 2 3 1 1 4 4 2 4 1 1 5 5 2 3 3 3 2 2 2 1 3 5 4 2 4 2 4 2 4 1 1 1 5 2 3 2 4 3 4 3 1 1 2 2 3 2 1 5 1 3 4 3 1 2 1 2 2 2 4 1 2
4 3 2 5 2 2 3 3 3 2 5 3 4 2 4 3 1 4 4 4 5 5 4 1 3 4 5 4 4 2 3 2 3 3 1 5 2 1 1 5 1 5 1 1 2 1 2 5 2 3 2 3 3 2 3 4 5 4 4 5 3 5 5 3 4 2 4 4 2 1 5 1 2 4 3 1 4 2 3 5 1 3 2 1 4 1 4 3 2 3 3 5 1 1 2 4 3 3 2 3 5 2 1 2 2 2 5 2 1 5 2 3 2 5 2 3 1 4 3 1 4 2 4 3 3 1 4 4 1 4 1 1 3 3 4 5 3 1 5 4 1 3 2 2 1 4 1 2 1 2 0 2 2 2 1 5 5 4 2 1 2 3 2 4 5 2 5 3 2 1 3 1 3 3 2 3 1 2 1 4 4 3 1 2 3 5 3 3 2 1 5 3 2 4 4 4 4 3 4 4 3 4 2 3 5 3 2 4 3 3 1 2 4 5 1 4 5 2 3 4 5 4 2 5 1 5 1 5 3 2 2 2 1 2 2 3 5 4 2 2 3 3 2 2 5 3 5 3 3 3 5 3 4 5 4 1 2 4 2 2 2 3 2 2 3 1 1 4 1 1 2 3 3 1 3 5 5 3 2 5 5 2 2 5 5 3 5 1 2 4 3 4 3 1 3 3 2 1 4 3 4 1 4 2 4 2 2 2 4 5 4 2 3 3 5 3 2 5 2 4 2 5 1 4 4 1 1 4 4 2 1 2 4 3 5 4 1 4 3 3 3 1 2 1 4 1 2 5 1 1
1 4 2 2 3 1 5 3 2 2 2 1 2 4 2 4 4 3 4 5 5 1 5 1 2 1 5 3 3 5 1 5 2 1 2 2 2 1 1 1 4 5 3 1 2 2 1 3 5 3 5 3 5 5 4 1 5 1 3 5 1 1 3 2 2 4 4 2 4 4 5 4 4 1 4 5 2 4 4 2 3 5 2 2 1 3 3 4 2 1 2 5 2 4 5 1 3 1 5 5 5 2 2 5 3 3 5 4 4 4 3 3 4 4 2 3 1 4 5 4 2 1 1 1 1 1 5 4 4 4 1 1 4 5 1 5 5 1 3 4 4 4 5 2 1 5 1 4 1 1 1 0 2 4 3 2 1 5 3 3 4 4 1 2 4 3 1 5 1 3 4 2 3 2 2 4 1 2 5 5 3 3 1 2 1 4 1 1 4 5 5 4 3 4 1 3 2 2 3 4 4 3 1 3 5 3 1 2 1 2 2 1 5 5 1 1 3 5 1 1 2 5 3 5 4 3 4 5 4 5 3 3 2 1 2 4 4 2 2 1 1 1 1 3 2 1 3 2 3 3 2 4 3 3 5 2 5 4 1 4 2 4 4 3 4 2 4 1 5 3 1 5 2 4 4 2 2 3 1 1 5 3 2 2 1 2 1 1 3 3 1 3 1 5 5 2 4 3 2 4 1 3 5 1 2 1 1 2 1 4 2 4 2 2 2 2 4 4 5 3 1 1 5 1 4 2 3 4 5 1 1 1 3 4 1 2 5 4 5 1 4 1 5 4 3 5 3 2 1 2
2 3 5 1 1 4 5 5 5 5 1 5 4 4 3 3 5 4 4 3 4 4 1 4 1 5 5 5 1 5 5 2 2 4 2 3 2 5 2 2 5 4 2 2 4 4 3 4 1 1 3 4 4 4 2 2 4 2 2 2 4 2 1 2 5 3 1 2 4 5 3 4 1 2 2 1 5 5 3 1 2 3 1 5 1 5 4 4 3 5 3 5 5 1 5 4 4 1 1 1 5 4 2 1 2 4 2 3 2 1 4 5 2 1 3 1 5 5 4 3 1 1 1 2 4 4 4 4 1 1 5 3 3 1 3 1 3 1 1 3 2 4 4 5 5 4 3 5 3 4 5 3 0 4 3 2 3 3 5 2 3 3 4 3 3 2 2 3 5 2 2 4 2 4 1 3 2 1 2 2 2 2 5 4 3 2 1 5 4 2 1 5 2 5 1 4 2 2 4 2 1 4 4 1 1 3 3 3 1 5 5 1 1 2 5 4 2 4 4 4 3 4 1 1 3 2 3 5 5 5 2 1 4 5 1 2 5 5 4 4 2 1 5 3 4 4 1 1 5 3 5 4 5 1 5 4 3 1 1 4 1 3 1 4 3 5 2 5 3 5 2 5 1 4 5 4 3 3 3 3 1 1 1 3 2 1 5 2 1 2 4 1 3 2 3 2 4 4 3 4 5 2 4 4 1 1 1 1 4 3 2 1 3 1 3 5 4 5 5 1 4 1 2 5 3 5 4 5 2 1 4 3 1 5 4 3 2 2 3 1 3 5 5 3 5 2 1 3 3 5
1 1 1 5 2 1 4 4 2 3 5 3 3 1 2 4 5 3 4 3 5 4 2 3 2 5 5 3 4 2 4 3 5 3 4 5 5 4 2 1 3 2 2 2 1 1 5 4 1 1 1 2 5 1 1 1 5 2 2 3 1 4 1 3 2 4 2 3 2 1 2 3 1 4 4 5 4 1 2 1 5 4 4 5 1 2 4 1 3 3 1 1 3 4 4 1 1 4 1 2 4 4 1 3 5 4 1 5 4 4 3 3 3 1 1 4 2 3 5 4 2 3 4 3 5 4 5 2 1 3 3 3 4 1 1 1 3 1 5 1 5 4 3 1 4 4 3 2 2 4 4 4 4 0 2 3 2 4 5 3 5 5 4 2 1 1 3 5 5 3 1 2 3 3 3 1 5 4 2 2 2 3 1 5 2 1 5 2 2 2 4 2 4 4 1 2 1 1 4 5 5 4 2 1 4 2 4 4 4 2 3 1 3 2 2 4 2 3 2 5 3 3 1 2 2 1 3 1 1 5 3 1 1 4 3 4 4 4 1 5 2 4 1 3 4 1 2 4 2 4 3 1 2 3 2 1 2 1 4 3 3 1 4 3 4 4 5 2 1 5 1 4 1 3 2 3 3 1 1 4 5 1 3 4 3 4 4 3 3 4 4 5 1 4 3 2 1 5 5 5 4 5 1 2 4 1 2 2 5 3 5 5 1 1 2 2 4 4 3 3 4 4 3 1 4 4 4 4 4 1 2 1 2 5 3 4 5 1 4 4 3 5 3 5 1 1 5 2 3 3
2 5 5 4 4 5 5 3 2 5 1 2 1 3 4 5 4 2 2 3 2 1 1 1 5 5 3 4 5 5 5 1 2 2 1 5 2 2 1 4 5 5 4 3 3 2 1 1 1 4 2 3 3 2 1 5 4 3 3 1 1 4 1 4 2 2 1 5 1 3 4 4 2 4 4 4 3 1 2 5 1 4 4 4 4 3 3 1 2 5 1 3 5 3 4 5 1 3 1 1 1 5 3 3 1 2 4 2 5 2 5 5 1 1 4 1 3 1 4 5 4 3 1 5 4 1 1 5 2 5 2 4 2 2 3 4 2 4 1 3 4 4 2 1 3 4 3 4 1 3 5 4 3 5 0 5 2 5 3 5 3 2 2 1 3 5 2 2 1 1 3 1 3 3 4 4 5 3 1 3 1 3 1 4 1 2 2 2 5 4 4 2 4 1 4 3 3 1 5 3 3 1 1 5 2 2 5 4 4 5 3 1 2 1 3 1 4 1 4 1 1 5 2 4 3 4 5 4 4 4 2 4 1 4 5 4 5 2 2 4 3 3 5 4 1 2 1 4 4 2 5 3 2 5 1 1 3 4 1 4 1 2 1 4 1 3 4 5 3 4 1 1 3 2 1 1 4 3 3 2 5 1 1 2 5 4 3 5 5 1 3 5 5 5 1 1 1 1 3 2 4 1 5 3 2 2 5 4 3 4 4 2 1 2 4 3 4 5 1 5 1 5 5 2 1 1 5 2 3 5 4 3 1 5 5 2 1 1 2 1 1 3 2 5 2 2 4 2 4 2
4 3 2 3 3 3 4 5 3 4 3 5 3 4 5 5 1 4 1 5 3 2 5 2 1 2 4 5 5 4 1 2 2 4 2 1 3 4 2 1 1 2 1 1 3 2 2 1 3 1 4 2 3 1 2 4 3 1 5 4 5 3 4 4 5 3 3 3 2 4 1 5 2 5 5 4 5 3 5 5 5 2 1 4 4 5 3 3 1 2 4 1 3 2 3 2 3 4 1 4 5 4 1 2 4 1 1 3 5 3 4 4 3 4 3 2 4 2 4 2 3 2 2 3 1 2 2 2 3 1 3 1 1 3 4 3 3 4 1 4 1 1 1 2 1 3 2 5 3 3 3 5 2 4 2 0 5 1 5 4 1 4 4 2 3 1 3 5 5 5 1 1 3 1 3 3 4 1 3 3 5 5 5 4 1 2 5 3 1 1 2 1 2 1 4 3 3 1 2 4 5 4 4 5 1 3 2 2 4 5 2 5 3 2 5 5 2 4 1 5 5 4 1 5 2 5 5 2 4 3 3 2 2 5 3 3 4 1 2 5 4 2 3 5 4 5 5 3 2 2 4 5 1 2 5 4 1 3 5 3 3 4 4 2 5 2 3 2 5 5 4 2 4 5 1 4 5 1 3 5 1 2 4 2 1 4 3 5 5 3 4 1 4 1 5 2 3 5 2 3 1 3 1 2 3 2 2 1 3 1 1 5 3 3 2 1 1 4 5 2 3 3 2 4 1 2 4 1 1 3 3 1 3 1 4 2 1 2 1 2 5 5 4 1 3 4 4 4 1 2
2 1 3 1 3 1 1 4 5 5 1 2 1 5 1 2 2 5 3 4 2 1 3 2 3 4 3 5 1 3 4 3 3 4 1 3 2 3 5 1 5 1 3 3 1 2 1 5 4 5 3 4 2 4 1 5 2 1 4 3 2 3 3 2 3 3 5 1 5 1 1 1 3 1 5 3 4 5 4 3 1 5 2 1 1 2 5 1 4 3 4 1 2 5 2 5 4 2 5 1 5 2 4 3 4 5 2 4 5 1 3 3 2 2 1 1 4 2 1 1 3 1 1 1 4 4 2 2 1 1 1 3 3 3 3 1 5 3 5 4 1 1 3 4 2 1 2 1 5 3 1 2 4 3 2 5 0 2 4 2 1 3 1 5 1 1 4 3 3 2 5 3 1 3 2 3 3 5 5 3 4 4 3 4 4 3 1 5 4 1 4 3 4 1 5 1 1 4 4 4 2 1 4 3 5 4 1 4 2 1 1 4 2 5 3 4 4 4 2 1 5 1 3 4 1 4 2 3 3 1 5 4 4 1 4 5 3 3 2 4 3 3 3 4 5 3 1 5 3 5 4 4 3 2 3 1 1 4 4 4 2 2 1 4 1 3 4 2 4 2 3 4 3 1 4 5 1 5 3 2 3 2 5 2 4 3 4 3 5 1 3 5 4 5 5 2 3 1 4 4 1 2 2 4 5 5 1 3 3 4 4 4 4 5 4 4 5 3 4 4 3 4 1 4 4 4 4 4 3 1 5 2 2 5 4 1 1 4 1 5 5 5 2 5 2 1 2 5 1 5
2 1 1 2 2 4 3 2 5 3 4 4 4 5 1 3 5 1 5 1 2 3 5 1 5 5 2 5 2 5 4 2 1 3 2 5 2 1 5 4 4 1 3 4 4 5 1 5 5 4 1 3 3 2 2 2 2 2 4 2 1 4 1 3 1 4 2 2 1 5 4 4 3 4 1 2 2 2 1 2 2 4 1 3 2 1 5 1 3 5 2 2 2 2 1 1 5 2 3 4 3 1 5 4 3 3 3 4 5 2 1 2 1 2 1 4 4 4 5 2 3 2 1 5 5 2 1 3 3 5 5 3 2 3 4 1 1 3 1 1 1 5 4 1 3 2 1 5 3 5 4 1 2 5 2 1 3 0 5 1 2 1 2 4 3 1 3 4 3 3 5 3 5 1 4 4 4 4 2 3 2 3 4 1 5 3 3 1 1 3 4 4 2 2 4 2 1 1 5 5 5 4 3 1 2 1 5 4 4 4 1 4 4 2 2 1 3 3 1 3 4 4 3 4 3 1 4 3 1 1 3 4 2 2 1 1 5 4 3 2 5 4 4 1 5 3 1 3 5 5 3 3 4 3 5 1 5 4 5 4 5 3 5 5 3 1 5 4 3 1 2 1 4 1 4 3 5 3 5 4 1 5 3 3 5 3 4 5 1 1 2 2 4 2 2 1 5 1 3 3 5 5 2 5 2 3 2 1 5 4 1 1 4 1 4 5 3 5 2 2 3 2 2 5 1 5 4 5 2 3 5 1 4 2 5 2 2 3 3 4 3 2 3 1 1 3 1 4 4 2
3 2 4 1 4 4 4 4 4 2 1 4 5 5 5 4 5 3 3 2 2 1 5 3 1 1 1 2 1 5 1 1 5 1 5 1 1 3 4 2 1 2 4 3 2 3 5 5 5 5 1 4 4 4 1 3 1 5 5 3 1 4 4 3 2 3 2 5 3 5 2 2 4 1 3 1 3 3 3 5 2 3 4 4 5 2 2 2 4 4 1 2 4 5 2 4 3 1 5 2 2 1 3 1 4 2 2 5 3 2 2 1 4 2 2 1 1 3 5 5 4 4 1 1 4 4 1 1 5 4 3 4 3 2 4 2 1 4 3 5 3 5 5 1 3 1 5 1 1 4 3 2 1 2 5 3 5 2 0 5 1 3 5 3 3 3 4 1 3 4 3 3 5 3 1 1 4 3 3 4 5 5 5 2 2 1 1 2 2 2 2 2 1 5 5 4 4 4 4 4 5 3 1 5 5 3 2 3 1 1 5 5 4 3 1 5 5 4 1 1 4 4 1 3 2 1 4 5 5 1 2 1 1 3 4 2 2 2 3 1 4 1 4 2 2 5 4 3 5 5 3 1 4 3 5 1 5 3 3 3 2 4 5 3 3 5 5 5 2 4 4 2 3 1 4 3 1 1 5 4 4 5 1 1 3 4 4 1 3 3 1 5 3 5 5 1 4 5 3 1 4 1 2 1 4 5 4 1 3 5 1 4 2 2 1 2 4 5 5 1 2 2 4 3 3 5 1 2 4 3 5 4 2 4 4 3 4 4 4 4 4 1 1 1 1 2 1 3 3 3
3 4 3 5 5 1 5 5 3 2 2 1 3 5 5 2 4 5 2 2 4 3 4 5 4 5 4 1 2 4 4 1 1 5 4 4 2 4 5 3 3 1 4 2 4 5 1 2 5 3 1 2 5 5 1 4 2 4 3 5 3 4 5 1 4 4 5 5 3 3 5 4 3 2 2 3 5 3 3 5 2 1 4 2 1 3 4 5 2 3 2 3 3 2 3 4 2 5 3 2 3 4 4 2 1 1 1 5 2 5 3 4 4 3 4 2 5 3 2 2 4 2 3 3 2 2 4 5 3 4 2 3 3 1 4 2 4 2 3 1 2 5 2 2 2 5 2 3 1 2 1 4 2 4 3 3 2 1 1 0 3 2 4 2 1 2 5 2 4 1 5 2 3 4 5 5 4 1 1 1 4 3 4 2 2 5 1 1 4 4 3 5 1 5 4 3 3 1 3 2 1 2 4 3 2 3 5 4 4 5 2 1 4 5 5 1 5 4 2 3 5 4 3 1 1 5 2 1 1 4 2 1 3 3 5 1 3 5 2 4 3 2 2 3 4 4 5 2 3 5 5 1 1 3 1 1 2 4 4 2 3 3 2 2 5 2 5 5 5 5 1 2 2 2 3 3 3 3 1 5 3 4 4 1 4 1 4 5 3 2 2 5 1 3 2 4 2 1 1 1 5 5 4 1 3 3 4 4 5 3 5 2 2 5 5 3 1 1 4 5 3 4 1 1 3 2 2 2 4 1 2 2 1 3 1 1 4 2 3 5 4 2 4 2 4 2 5 1 3 2
3 5 5 3 1 4 2 5 3 3 5 4 1 4 5 2 4 4 5 3 2 5 1 1 2 5 4 4 1 2 1 2 4 2 1 5 5 4 1 4 5 5 2 4 4 4 3 1 1 2 1 2 1 5 4 4 4 4 2 4 1 1 5 3 3 3 5 4 4 1 2 3 3 5 4 3 1 3 3 1 5 1 4 5 3 1 4 5 4 5 5 2 2 1 3 4 5 4 3 5 5 1 4 4 2 1 3 4 3 2 5 4 3 5 2 4 1 1 3 1 4 3 3 3 3 2 5 2 3 3 2 2 3 4 1 3 4 3 1 2 4 3 4 2 4 2 1 5 2 3 3 5 1 1 5 1 4 4 1 1 0 1 4 4 5 4 4 5 2 2 4 2 2 1 5 5 3 3 3 4 1 1 3 4 2 1 3 1 1 5 5 2 3 1 3 3 4 3 3 4 2 3 5 2 1 1 4 5 5 1 1 4 3 2 1 4 4 2 2 5 4 2 5 5 2 5 3 4 1 5 5 1 4 3 4 5 1 5 1 5 2 2 3 2 4 2 5 4 3 5 1 4 3 5 3 2 4 1 4 3 2 2 5 2 1 4 3 5 1 2 1 1 4 4 4 5 5 5 1 5 3 3 1 5 3 1 3 1 2 2 3 2 4 1 1 1 3 4 1 3 1 1 4 4 5 2 3 4 2 1 5 2 4 5 1 4 5 2 5 4 3 1 5 4 2 4 2 4 2 4 4 3 2 5 2 2 4 4 3 2 1 2 2 4 4 4 2 5 3 5
4 5 2 5 2 5 3 1 5 1 3 2 1 3 1 2 1 2 1 2 5 1 1 2 3 2 3 5 3 5 1 5 1 4 4 1 2 1 5 4 1 4 4 1 2 4 3 5 5 5 1 3 3 5 4 1 3 5 4 2 1 5 3 4 4 2 2 4 1 3 4 1 3 1 5 5 4 4 2 5 3 3 3 1 2 4 2 5 4 1 4 3 5 5 1 3 5 4 1 3 3 3 4 3 3 3 5 3 5 1 3 3 3 2 3 4 2 1 2 5 4 4 1 5 2 1 4 5 1 2 5 4 4 4 3 2 5 4 3 5 4 5 1 2 1 4 5 3 5 1 3 5 4 5 2 1 2 3 4 2 4 0 3 4 4 2 4 4 4 3 3 5 2 5 2 5 2 4 2 1 3 1 2 5 5 1 3 5 1 1 5 3 4 5 4 2 3 3 2 2 3 5 1 5 4 1 3 3 2 2 3 1 5 4 5 5 2 4 2 1 3 3 5 1 3 2 4 4 1 4 5 4 1 3 2 5 4 5 2 1 2 2 4 5 5 5 1 1 2 5 5 5 3 1 2 2 2 1 1 1 1 4 2 4 4 1 3 5 4 5 1 3 4 1 4 3 4 3 3 4 3 1 4 4 5 4 3 4 4 4 4 1 2 1 5 5 3 5 3 1 5 2 2 1 2 1 5 1 4 2 4 2 1 1 3 4 4 4 1 3 2 4 5 4 3 4 1 4 5 4 4 1 5 3 1 2 2 5 3 3 4 1 2 2 1 2 4 3 2 3
4 3 2 4 1 5 4 1 5 3 1 1 4 5 2 1 5 4 4 4 3 3 4 2 4 4 3 4 4 5 5 3 3 2 1 3 2 5 1 3 3 4 3 5 5 5 3 2 4 1 1 3 5 1 3 5 2 4 5 3 5 1 1 3 4 1 4 3 4 2 4 2 3 3 3 5 1 5 2 1 4 5 3 2 2 2 1 2 3 4 4 3 1 2 4 1 1 4 5 4 4 2 1 4 5 1 3 1 2 1 4 2 3 1 1 5 1 1 1 5 5 1 1 2 1 3 4 4 2 2 3 5 5 1 1 5 5 4 1 5 1 4 3 1 2 1 2 3 4 1 3 2 2 2 2 2 3 1 2 4 2 3 0 1 4 5 4 2 5 4 5 4 3 4 3 2 1 3 1 5 2 1 1 5 3 4 2 3 1 5 2 1 1 5 3 3 4 4 3 3 5 2 4 3 1 4 2 4 2 1 1 1 1 4 4 1 3 4 2 2 2 3 1 1 2 4 5 3 5 4 2 2 5 2 2 5 4 1 4 5 2 2 4 3 1 4 4 5 3 3 2 1 4 3 3 1 3 3 3 1 1 3 3 4 5 5 4 5 3 4 2 1 4 1 5 3 5 3 5 3 4 3 1 3 2 4 5 3 5 1 4 4 3 4 1 5 2 5 5 2 5 4 4 4 1 1 5 3 5 2 2 5 4 3 5 4 5 1 3 3 4 3 1 5 1 1 4 5 3 2 2 1 3 5 3 1 1 2 5 1 2 4 4 3 3 4 5 5 1 3
2 1 4 3 5 5 3 5 2 2 5 1 4 5 4 5 5 4 2 1 5 2 1 3 2 1 1 1 5 4 1 3 1 5 3 4 5 5 2 1 4 1 4 1 1 5 1 4 1 4 5 2 5 5 1 4 3 5 1 2 4 3 4 2 1 2 2 5 5 5 4 3 3 2 1 3 2 5 3 1 4 1 2 1 2 1 4 2 1 5 1 1 2 1 2 5 1 2 3 1 5 1 5 4 5 1 2 1 5 5 1 2 2 2 2 2 2 5 5 4 4 3 3 5 5 4 3 4 5 2 5 3 1 2 3 3 1 2 4 2 4 5 3 2 4 3 4 3 5 2 3 1 1 4 3 5 5 3 3 3 5 2 3 0 4 2 2 2 5 1 5 4 4 5 4 2 3 2 2 2 4 2 4 4 2 5 3 1 4 1 5 2 3 5 2 2 5 2 2 5 2 3 2 5 1 3 4 3 5 5 5 5 4 5 1 2 5 4 3 1 1 2 3 5 3 1 5 2 1 3 2 1 4 4 5 2 3 2 1 1 1 3 4 4 3 3 3 3 4 1 4 2 2 3 1 3 1 1 2 2 1 4 5 4 1 4 2 4 4 2 1 2 2 5 2 1 4 5 3 5 5 5 2 4 2 3 3 3 3 2 3 5 4 1 1 2 3 3 4 3 1 2 2 2 3 4 4 3 2 1 4 2 1 2 4 3 5 5 5 5 2 2 5 1 3 3 2 4 4 2 2 5 5 3 2 4 3 3 4 5 1 2 5 5 2 5 4 2 4 5
2 3 1 4 4 5 4 1 3 3 5 1 3 4 3 5 4 4 2 4 4 3 1 5 1 2 3 1 3 3 1 2 4 2 4 1 2 5 2 4 1 3 3 5 3 1 3 3 3 4 2 2 5 3 2 4 1 5 5 3 5 2 4 1 3 1 5 1 5 5 4 3 5 4 4 4 4 4 4 1 5 2 4 2 3 5 5 3 3 4 5 2 1 4 3 2 5 2 2 1 2 4 1 5 2 4 3 2 2 4 2 1 4 3 3 4 2 5 3 3 5 4 2 4 1 4 1 3 2 3 2 4 3 1 2 1 4 2 1 3 3 1 5 1 2 1 4 5 5 2 2 3 1 5 4 1 1 3 4 1 5 2 4 3 0 3 4 5 4 4 3 3 5 2 4 3 3 1 3 3 4 5 1 4 5 4 2 5 2 1 5 3 3 4 1 5 3 3 3 1 1 2 3 2 5 3 1 3 3 3 3 1 2 3 1 5 4 2 2 5 3 2 5 3 1 3 3 2 5 4 2 3 4 1 4 5 1 3 4 1 2 4 2 1 3 2 2 3 2 2 5 4 5 4 4 2 1 2 2 2 5 3 4 4 1 1 5 5 2 2 3 3 2 4 5 5 4 1 5 5 1 4 4 1 5 3 3 4 4 1 1 4 3 5 1 3 3 1 2 2 5 3 5 4 4 1 4 1 4 2 4 2 4 2 5 3 1 5 3 2 4 2 3 2 1 3 5 4 5 3 5 4 1 3 4 4 3 5 4 1 2 5 5 2 1 2 2 3 1 5
1 1 4 3 5 2 3 4 5 3 5 4 2 4 5 1 1 3 1 1 5 2 2 2 4 4 2 1 2 4 4 3 3 4 5 1 5 3 4 3 4 5 3 3 4 3 4 2 4 5 2 4 2 3 2 5 3 1 3 3 5 3 5 2 1 4 5 1 5 4 5 4 3 2 5 4 1 2 3 4 1 5 3 1 2 2 5 5 1 2 5 2 4 3 4 3 1 4 4 4 2 2 1 1 1 3 2 1 2 4 5 5 3 3 3 5 1 5 5 4 1 2 2 2 1 2 3 5 4 5 3 2 4 1 3 5 3 2 2 5 1 3 1 5 5 1 2 4 4 3 3 5 4 2 2 4 5 2 1 1 5 2 4 3 2 0 4 4 5 3 1 3 3 5 3 5 3 3 4 1 4 5 3 5 5 4 2 4 5 4 2 5 2 3 2 3 2 1 4 5 3 2 3 1 3 1 4 3 1 3 2 3 1 2 1 4 1 3 2 1 3 4 1 2 2 5 3 3 5 1 1 4 2 2 5 1 1 4 4 3 4 4 5 1 1 2 2 2 1 2 5 3 4 3 3 4 4 3 3 2 3 1 5 5 4 1 2 4 4 5 3 3 3 1 2 2 3 5 3 2 2 4 3 5 4 1 5 2 2 2 2 3 3 2 2 1 4 2 5 2 1 3 4 3 2 5 1 2 1 2 4 2 2 3 3 2 1 5 3 1 4 5 2 2 2 1 5 5 1 5 3 5 4 1 4 4 4 3 5 5 5 3 3 1 5 2 5 1 3 2
1 5 4 5 2 2 2 3 2 2 5 4 4 2 1 4 4 2 3 5 1 4 3 5 2 2 3 1 5 2 1 1 2 4 4 3 3 4 4 4 5 2 3 3 3 4 4 4 5 5 5 4 2 3 1 2 5 5 3 1 3 2 1 2 5 4 1 1 3 2 5 5 4 4 5 5 2 4 2 3 3 4 2 3 2 3 4 4 3 5 4 1 5 4 2 1 1 4 4 4 3 1 5 4 3 1 5 3 3 4 5 4 2 4 1 1 5 2 2 1 5 2 3 2 4 3 4 4 2 2 1 4 3 1 1 4 4 4 4 4 1 4 5 3 5 3 5 2 4 3 3 1 3 5 1 4 4 3 5 4 4 3 5 4 2 1 0 1 4 2 2 3 3 1 1 1 1 5 5 3 1 2 3 3 3 4 3 5 5 5 2 2 1 1 4 1 4 3 1 4 1 2 3 2 3 2 4 3 3 4 1 3 4 2 4 1 4 3 3 4 4 1 4 1 1 5 5 3 3 1 5 4 4 2 2 2 5 4 1 1 5 2 1 1 3 3 4 4 3 5 2 3 1 4 3 1 2 3 2 3 4 3 2 3 5 3 3 5 5 1 1 4 5 5 5 5 5 5 4 2 4 1 1 5 2 2 5 4 3 1 4 2 2 5 4 5 5 4 4 5 3 1 1 2 4 1 3 1 5 3 5 2 1 4 5 4 1 4 3 4 3 2 4 5 3 1 1 5 1 2 2 4 4 4 2 1 3 3 1 4 5 2 2 5 5 5 4 5 3 4
3 1 5 4 1 5 3 1 4 3 5 4 2 4 3 1 4 2 1 4 1 1 4 4 1 5 5 2 3 1 4 2 5 4 5 2 1 3 1 1 2 4 3 4 3 2 4 2 1 1 2 1 1 1 1 2 1 1 1 5 1 1 5 1 1 1 4 5 1 4 5 3 2 3 1 1 2 2 4 4 1 1 2 3 1 1 4 4 3 4 5 5 4 5 5 3 2 5 5 2 4 5 5 1 5 5 1 2 4 5 1 4 2 4 4 2 2 5 4 3 3 3 3 3 5 4 3 4 4 3 3 3 3 2 3 2 3 2 2 2 5 4 1 1 5 5 1 2 2 1 4 2 3 4 3 4 3 2 1 3 5 3 1 4 3 4 1 0 2 2 1 1 2 5 5 2 3 4 3 5 3 4 4 1 4 5 2 2 1 4 2 3 3 3 2 3 5 2 3 2 4 2 2 5 3 4 2 5 5 5 5 2 1 5 4 2 3 4 5 3 3 4 2 5 1 5 5 1 2 3 4 3 1 5 1 2 2 4 2 5 3 1 2 3 1 4 4 4 3 4 2 1 4 3 4 3 5 2 1 2 5 4 4 4 4 3 3 4 5 5 1 1 2 5 1 1 1 2 5 2 5 2 4 2 5 1 2 1 5 1 4 2 4 2 4 1 4 1 2 3 3 1 4 3 1 2 4 2 1 1 1 1 4 3 4 3 2 5 3 5 2 5 3 3 2 4 4 2 5 5 1 1 4 1 1 2 4 3 3 2 3 2 5 2 5 2 1 2 4 5
4 5 2 3 3 2 4 4 1 1 1 1 1 5 2 1 5 3 5 3 5 1 4 5 5 3 4 3 5 1 4 2 3 4 3 1 1 4 5 1 5 1 1 3 2 2 5 2 1 3 4 4 3 4 1 4 2 5 2 1 2 2 2 3 5 2 5 5 5 2 4 1 4 1 4 2 3 1 4 2 1 4 2 2 3 2 3 1 1 5 3 5 3 3 5 3 4 3 4 3 1 3 3 2 2 5 2 2 5 2 1 5 1 5 1 3 2 5 3 3 2 2 5 4 4 2 4 5 1 4 5 2 1 1 1 4 3 3 3 1 2 3 1 4 3 1 4 5 3 5 2 3 3 2 4 4 4 2 1 1 3 1 1 5 3 5 4 2 0 2 4 2 3 2 2 5 3 3 4 5 4 2 3 3 3 5 2 3 5 2 5 1 2 5 1 2 5 1 5 5 5 4 4 1 2 2 5 1 3 3 2 2 1 4 5 4 2 2 3 2 5 5 1 2 4 1 1 3 2 3 5 4 4 4 3 1 5 5 4 1 4 1 2 4 2 5 3 1 5 2 2 4 5 3 5 4 1 3 4 1 4 1 2 1 5 5 2 5 3 4 4 1 4 5 4 5 5 2 1 3 4 5 4 2 5 1 1 4 4 2 3 4 4 4 2 2 4 2 1 3 5 4 3 1 2 2 4 2 1 1 5 1 4 3 4 3 4 5 1 1 1 3 3 4 3 1 3 5 3 1 5 2 2 3 3 2 5 1 3 5 4 5 2 2 1 1 3 1 2 5
2 4 5 3 2 2 4 2 1 2 1 2 5 2 5 4 5 5 4 4 4 3 5 1 4 1 1 5 4 1 1 1 2 3 4 1 5 5 4 5 1 5 4 1 5 3 1 2 1 5 5 2 4 5 4 2 4 5 4 3 5 1 1 1 4 4 3 1 5 1 5 4 2 4 3 4 3 4 4 5 5 2 3 1 5 4 2 2 1 3 1 2 3 4 5 1 3 4 2 1 5 1 3 2 4 3 5 3 1 2 3 2 4 2 2 1 3 3 3 3 5 2 1 4 2 1 2 2 5 3 1 2 3 4 1 3 2 1 2 2 4 4 3 1 4 1 2 5 1 2 1 2 2 5 1 2 1 5 1 4 4 5 2 3 4 5 4 5 2 0 5 5 1 2 1 2 1 1 3 2 2 3 3 5 3 4 4 5 2 4 3 1 2 4 5 3 3 1 5 3 3 2 2 1 2 1 1 5 3 5 5 4 4 2 2 3 5 4 5 2 5 4 3 5 3 1 2 3 1 2 1 4 4 2 1 2 5 2 2 5 5 4 3 2 5 2 4 2 4 1 1 2 1 3 5 1 5 2 4 3 1 1 4 1 3 1 3 1 3 2 2 2 3 2 3 1 1 1 1 3 2 2 1 5 2 3 4 2 5 3 1 2 5 5 5 1 1 3 2 3 4 3 4 4 2 1 4 3 1 3 1 3 2 4 2 1 3 4 4 2 4 4 4 5 3 3 4 4 4 1 3 3 2 2 2 1 4 1 2 5 3 1 2 3 1 2 4 4 2 3
2 3 2 5 5 4 4 2 1 1 1 5 2 5 1 3 4 5 1 5 5 1 4 2 1 2 4 5 5 3 5 5 1 5 1 4 3 3 3 3 3 3 3 1 1 1 3 4 5 5 5 4 3 5 4 4 5 4 5 1 3 2 5 2 3 4 1 3 4 3 3 4 3 2 3 3 4 1 1 4 1 3 3 5 4 5 4 2 3 3 5 3 1 3 4 5 2 2 3 4 2 2 2 2 4 5 4 4 4 2 5 3 2 4 4 4 2 1 5 2 4 4 2 2 3 2 5 1 5 5 2 3 3 5 3 3 4 2 1 2 5 4 3 4 5 1 2 5 2 3 2 3 3 1 3 4 5 5 3 2 4 4 2 5 5 3 4 4 5 1 0 2 5 5 3 2 5 1 1 4 1 2 4 3 4 2 5 1 3 4 4 5 1 3 5 2 5 1 1 5 3 4 3 1 5 2 3 1 3 5 2 5 1 4 4 3 2 1 4 4 1 3 3 4 4 2 5 5 3 1 3 3 2 2 4 1 5 4 1 4 3 5 4 2 2 4 5 1 4 5 4 4 5 2 2 4 3 2 5 3 2 2 3 1 4 4 1 2 1 5 3 2 1 4 5 4 1 1 1 1 4 4 4 4 2 4 2 1 5 1 4 3 4 4 3 1 1 4 5 3 4 3 4 1 2 3 5 5 4 2 3 2 2 1 4 2 2 2 3 5 2 5 4 1 1 2 3 5 5 1 1 3 4 4 1 1 5 1 3 2 5 3 4 5 4 3 1 5 3 2
3 4 1 1 1 3 4 5 2 5 4 1 3 4 1 2 1 5 3 2 1 4 1 2 2 2 3 2 4 1 5 2 5 3 3 5 1 4 5 2 5 5 3 2 5 1 5 4 1 4 4 2 5 5 1 1 2 5 1 1 4 4 5 2 5 2 2 4 1 4 2 3 1 5 2 2 5 1 2 2 1 5 3 1 5 5 3 5 3 2 4 5 3 3 4 3 5 2 5 2 3 4 2 3 4 5 2 1 2 4 4 3 2 2 3 1 4 4 5 4 3 2 2 1 1 2 1 5 5 5 4 3 4 3 3 2 4 4 5 5 1 2 5 1 3 3 5 1 5 5 4 4 4 3 1 5 3 4 1 2 5 3 3 5 4 1 1 4 3 4 1 0 2 4 4 3 1 3 5 2 4 1 5 5 5 1 3 1 1 4 2 5 4 5 4 3 2 3 3 3 3 1 1 5 2 3 2 2 1 5 5 3 1 4 2 4 2 3 3 5 1 5 4 1 4 3 1 2 1 3 5 3 1 3 1 5 5 3 4 4 4 5 1 3 2 2 1 1 4 3 5 2 2 5 2 3 3 2 4 3 5 4 3 1 5 3 5 3 1 4 3 1 5 2 5 1 2 3 2 1 4 4 1 4 1 1 3 4 5 3 4 4 4 3 2 3 4 2 5 3 5 1 4 3 4 1 4 2 3 1 1 5 1 3 4 4 5 5 1 3 2 2 4 3 1 5 5 1 5 4 1 5 3 5 2 1 4 2 5 3 3 5 5 5 1 5 1 1 3 2
3 4 2 1 1 5 2 5 4 4 2 4 4 2 2 1 4 2 5 4 3 2 3 1 1 4 2 3 3 1 3 3 5 4 1 2 1 2 5 2 3 3 4 4 2 5 3 5 2 4 2 5 2 1 4 1 1 3 2 1 1 2 5 2 3 4 2 3 3 5 2 3 2 5 4 3 4 5 2 1 2 3 3 2 5 2 2 2 2 4 4 5 2 2 5 3 4 2 2 4 2 5 3 3 4 3 2 1 4 1 3 2 4 1 1 1 5 2 2 4 2 1 4 4 4 4 1 5 3 1 2 3 2 5 2 2 3 2 4 4 4 3 3 2 2 1 1 1 1 5 2 2 2 1 4 3 5 5 1 3 4 5 5 2 4 4 4 1 2 2 3 4 0 1 4 5 4 5 4 2 3 1 1 3 4 3 1 1 3 1 4 3 4 3 1 2 1 1 2 2 3 1 4 3 4 2 4 4 5 1 4 3 3 5 3 2 2 1 2 5 4 3 2 3 1 5 2 3 4 1 3 2 4 5 2 2 3 1 4 2 1 5 4 5 2 4 3 5 2 5 1 3 5 1 1 4 1 2 3 3 2 2 4 5 4 1 4 1 3 3 4 1 4 3 1 2 5 3 1 5 2 1 1 3 5 1 2 3 4 4 4 3 1 1 5 2 5 1 4 1 2 1 3 2 4 4 3 4 2 3 4 2 2 4 1 1 4 5 4 2 3 3 2 1 2 5 4 1 5 4 1 5 1 4 2 1 1 2 4 1 2 5 5 1 2 5 5 4 1 2
2 1 4 5 3 5 5 2 2 3 2 5 2 3 1 1 3 1 1 5 3 4 2 4 3 1 4 2 2 2 1 5 4 2 4 1 1 1 1 2 2 2 5 4 3 1 4 2 1 4 1 4 4 4 5 3 4 4 4 4 5 5 2 1 2 3 3 3 5 2 5 3 3 1 5 5 1 3 4 3 4 1 1 4 5 5 1 2 4 5 3 3 2 1 3 2 2 2 5 5 4 3 5 2 2 1 2 3 5 2 1 4 2 4 3 5 4 3 3 1 5 3 1 3 3 4 5 4 3 1 2 2 5 4 3 2 5 2 4 3 5 1 2 4 3 5 2 3 3 3 2 1 3 3 2 5 3 1 3 3 5 1 5 4 1 4 3 2 3 1 1 1 3 0 2 2 1 4 3 4 3 3 2 2 2 5 5 4 4 5 5 5 3 4 3 4 1 2 1 4 5 4 2 3 2 1 2 2 1 1 5 4 2 5 4 4 2 3 4 2 3 5 3 4 3 5 2 2 2 1 2 3 4 4 4 5 4 3 2 2 2 4 1 2 5 5 1 5 3 3 4 2 3 4 3 3 3 4 2 4 1 4 4 5 5 3 5 2 1 2 4 5 1 5 2 5 4 4 3 5 4 3 1 5 2 1 1 5 4 4 3 5 5 2 1 5 1 2 1 4 1 4 3 2 3 4 5 3 1 1 3 5 4 1 1 5 4 3 3 2 1 2 3 5 3 3 5 4 2 4 4 4 2 3 3 1 4 5 4 5 4 2 3 1 1 4 2 1 1 1
4 2 4 3 2 4 2 2 5 1 3 1 5 5 3 4 5 3 3 4 5 1 2 4 5 3 4 2 1 5 3 5 1 1 2 3 4 1 2 3 5 5 2 4 4 5 3 4 2 1 1 1 5 4 4 1 2 4 3 3 1 4 5 1 2 4 2 2 4 1 1 2 1 5 4 5 4 2 5 3 4 2 3 4 4 1 1 5 3 4 1 2 4 3 4 3 2 3 2 1 2 3 3 1 1 2 5 4 3 1 1 2 4 1 4 5 3 1 3 2 5 2 4 3 3 3 4 5 1 5 4 5 3 4 4 1 5 4 3 3 2 2 5 3 3 4 4 2 4 5 4 1 1 2 2 3 1 2 4 5 4 1 2 1 3 2 5 3 4 4 2 5 3 1 0 3 5 4 4 4 5 5 5 1 5 4 2 3 1 1 2 4 4 4 5 3 5 2 4 2 2 3 1 3 4 1 1 1 4 4 3 5 4 3 1 2 3 3 3 2 1 1 1 1 2 2 4 4 1 1 1 3 5 1 5 2 4 5 2 3 3 4 1 1 5 5 3 5 5 4 1 3 5 5 2 5 4 2 3 1 3 4 2 1 4 4 4 4 3 2 1 1 2 3 4 2 5 3 1 1 2 5 1 5 2 4 4 4 1 4 1 1 3 1 5 5 2 3 1 2 4 3 1 4 5 5 2 1 5 5 3 3 1 4 4 5 5 4 4 4 2 5 5 2 4 5 3 5 1 4 5 2 2 2 2 1 5 2 4 4 1 2 2 1 3 1 3 5 2 2
1 3 1 4 3 4 2 2 3 3 2 5 3 4 1 2 4 2 5 2 4 1 5 2 2 4 5 1 5 5 5 3 3 1 1 4 5 1 3 4 2 1 2 2 2 5 3 4 5 1 5 3 5 2 3 2 3 1 4 1 1 5 2 3 3 1 3 1 5 2 3 4 3 1 2 3 3 3 5 5 1 1 1 3 5 4 3 1 4 2 1 2 1 4 2 1 3 1 5 2 2 5 3 2 4 1 4 3 4 1 5 2 3 5 3 2 1 1 4 5 4 2 3 1 5 3 2 4 5 1 3 2 3 2 2 5 5 4 3 3 1 2 1 2 4 5 4 5 5 3 2 2 1 5 1 2 4 4 3 2 3 2 4 3 3 1 5 5 1 5 5 2 2 2 1 0 3 4 3 3 4 2 2 4 5 3 2 5 4 5 3 2 2 2 5 4 3 3 1 5 1 5 1 5 1 4 5 3 2 4 4 4 4 2 5 5 1 2 2 5 4 4 5 2 3 4 1 1 4 3 2 2 5 4 5 3 4 5 4 1 4 1 3 1 1 5 5 2 2 5 1 1 1 3 2 5 4 4 1 4 3 3 5 4 3 5 1 4 4 2 3 3 3 2 5 2 3 4 2 4 2 2 3 5 3 1 3 1 1 1 1 4 3 4 2 2 5 4 5 1 1 4 2 1 4 5 4 2 5 4 5 3 1 4 4 3 3 1 2 5 3 1 1 1 3 2 3 4 2 1 5 2 3 1 1 4 4 3 1 4 1 4 5 5 5 2 2 2 4 2
2 5 1 5 2 3 2 4 5 1 2 5 2 4 4 5 1 5 2 4 4 5 4 1 1 1 5 3 3 2 4 3 3 4 4 4 4 4 5 3 2 5 3 2 3 1 1 2 3 3 1 2 1 4 1 3 3 3 4 2 1 3 2 4 5 4 1 2 5 2 4 3 5 3 2 1 3 4 5 4 4 2 2 3 5 1 5 4 3 3 5 5 3 2 4 2 3 3 2 2 5 2 1 5 5 3 5 2 1 3 3 3 4 1 3 2 1 4 3 2 1 1 3 1 1 2 1 2 4 2 2 5 4 1 2 2 1 2 3 1 4 5 2 1 3 5 4 5 5 2 1 5 2 4 3 4 2 1 4 4 4 3 2 1 2 4 2 5 3 3 4 2 4 2 2 2 0 3 1 1 4 3 3 5 3 5 5 1 1 4 4 1 1 3 4 3 3 3 4 5 5 3 2 2 2 3 5 2 1 5 4 3 2 4 5 5 5 1 5 4 1 5 3 1 3 4 1 5 3 5 5 1 4 5 3 1 1 1 3 3 1 1 4 3 5 1 4 3 5 2 4 3 1 3 4 1 1 1 1 1 1 2 5 5 4 2 1 2 2 5 4 5 5 1 1 2 2 5 1 1 4 3 4 2 5 4 2 1 2 1 4 2 1 4 2 3 4 5 2 1 2 2 5 5 5 4 5 4 1 3 1 2 1 2 1 3 5 3 4 1 2 4 1 1 3 1 3 3 4 3 4 5 1 3 1 2 4 3 1 1 1 2 2 3 3 5 3 1 1 1
2 1 3 2 4 4 4 3 1 4 5 5 2 5 5 3 2 5 1 4 5 3 5 5 4 3 4 2 4 3 5 3 5 3 5 5 2 2 5 2 5 3 5 2 1 3 4 4 2 4 5 5 2 5 3 1 2 2 5 5 5 2 2 2 1 3 3 1 5 2 5 3 1 4 5 3 3 5 3 5 1 3 1 3 1 1 1 5 2 5 3 2 3 5 5 4 1 4 5 3 4 4 1 4 5 1 5 5 1 4 5 4 3 3 3 3 1 2 3 4 5 1 3 5 1 3 3 5 5 5 3 4 4 3 2 3 2 4 2 5 4 3 2 1 3 3 1 4 3 4 2 2 3 3 5 2 5 3 2 2 5 4 2 1 4 4 2 2 2 4 5 4 4 1 1 1 5 0 4 1 4 2 5 3 1 4 1 1 3 1 3 3 2 4 3 4 2 4 1 5 4 4 5 1 3 3 1 4 3 5 2 1 3 1 1 2 4 4 1 2 1 5 5 5 2 3 3 4 5 1 1 1 5 4 3 5 3 4 4 2 2 2 5 5 4 4 3 3 2 3 2 1 1 1 1 4 5 4 4 1 3 1 1 5 1 3 4 1 3 1 2 5 3 1 3 3 2 3 3 3 1 3 5 2 1 1 5 2 4 3 4 4 3 1 3 5 5 5 3 5 5 4 1 3 5 4 5 3 2 4 2 5 2 5 1 1 1 3 3 3 2 1 2 1 4 5 1 5 4 5 4 4 4 5 4 3 5 2 5 4 3 5 3 4 2 3 5 1 1 4
3 1 3 5 4 5 3 2 1 3 5 4 4 4 3 1 5 2 5 3 2 4 2 1 3 4 3 2 5 4 3 1 2 1 4 5 2 5 5 2 5 4 2 3 3 1 3 1 3 5 3 1 1 1 5 4 2 2 5 3 4 4 1 3 3 3 5 2 5 5 1 3 1 5 5 2 4 1 1 1 1 5 1 2 5 4 5 1 1 2 5 3 5 1 5 3 3 1 5 4 3 2 3 5 4 4 1 3 4 5 3 4 3 2 1 5 4 3 3 1 5 2 1 2 1 2 5 3 2 3 3 4 1 1 4 4 2 4 5 2 4 1 4 3 5 4 4 1 3 1 4 3 1 4 4 5 1 3 3 5 4 2 5 1 1 1 2 2 1 1 4 5 5 4 1 4 3 3 0 1 3 2 4 3 4 1 2 2 5 5 3 4 2 1 2 1 3 1 4 3 2 1 2 4 4 2 3 4 5 2 2 2 3 4 3 5 2 1 4 1 5 2 1 5 2 5 1 1 3 2 4 1 2 2 4 4 2 4 1 2 2 3 1 3 2 1 4 5 4 1 2 3 3 3 4 4 2 3 2 2 1 4 2 4 5 4 2 3 1 2 2 5 1 4 1 5 1 5 3 2 2 4 5 3 3 3 1 4 1 3 1 5 1 4 2 5 4 1 2 5 5 3 4 4 5 1 2 3 2 5 2 5 1 2 3 4 2 3 1 1 3 5 5 1 1 2 4 2 2 5 5 4 4 5 5 2 1 1 4 3 3 4 1 3 1 5 1 5 3 4
2 1 1 3 1 4 5 1 4 2 5 1 1 3 3 1 5 4 3 5 5 3 4 1 5 2 5 4 2 2 4 5 4 2 1 2 5 1 1 4 1 4 4 3 3 4 2 4 1 2 3 2 2 4 2 5 2 5 5 2 3 1 3 2 2 4 4 5 1 1 4 2 4 1 2 3 2 2 1 4 3 4 3 2 5 4 2 1 4 4 1 1 2 4 3 1 1 5 4 4 3 3 3 4 5 2 2 2 4 2 5 4 2 4 2 2 2 5 4 1 2 3 5 1 5 3 3 4 3 4 2 3 3 5 3 1 5 1 2 2 2 4 5 5 1 3 2 4 5 5 4 2 3 4 4 1 4 3 4 5 1 3 1 2 1 2 1 2 3 3 4 5 3 3 4 4 1 3 3 0 3 1 2 2 1 2 5 5 4 4 1 5 4 5 4 4 4 3 1 3 4 4 2 3 1 1 1 5 2 2 1 3 2 5 3 4 4 3 1 3 5 1 4 1 2 4 3 4 2 3 2 1 2 3 2 1 3 5 4 5 1 1 3 2 5 2 5 5 2 3 3 1 3 4 3 2 5 3 3 4 1 4 4 2 3 3 5 2 3 1 4 4 5 3 5 4 2 3 3 3 4 2 3 2 5 3 2 5 1 4 1 5 5 1 4 4 3 5 4 4 5 3 1 2 3 3 5 5 5 3 2 3 3 4 4 1 3 2 2 1 3 5 2 4 2 4 5 5 1 2 3 5 5 4 4 4 2 4 4 5 5 3 1 1 5 3 4 5 1 1
2 2 5 4 3 5 2 1 4 4 1 3 5 3 5 1 5 2 1 1 5 1 1 2 1 1 4 1 4 2 2 4 5 5 1 3 4 5 4 3 5 2 3 5 3 3 5 2 2 5 2 5 2 2 2 1 2 5 5 4 1 3 2 1 1 3 2 1 2 3 5 4 5 1 5 1 3 4 3 4 2 5 2 5 1 2 4 5 1 1 5 5 1 1 4 2 4 1 4 5 2 1 1 2 1 5 5 3 2 4 1 3 1 1 4 2 4 3 1 2 3 3 1 5 5 3 4 1 2 5 2 1 3 5 1 4 5 1 5 1 1 1 1 1 5 4 4 1 3 2 2 5 1 3 3 3 2 3 1 4 4 2 1 2 2 1 4 2 4 4 3 2 2 4 5 1 3 5 4 4 0 5 5 1 3 4 1 3 4 1 5 1 2 5 3 2 4 2 2 1 3 5 2 2 1 1 5 3 3 3 4 2 4 5 5 4 3 4 2 2 4 5 3 3 3 3 4 4 1 5 2 3 2 4 1 4 1 2 2 2 1 3 4 2 5 2 5 2 2 3 3 2 4 1 3 2 2 2 5 3 1 4 4 1 1 2 2 2 5 3 2 3 3 2 2 5 4 4 4 1 3 4 5 5 2 4 4 3 1 4 2 5 4 4 3 5 2 1 3 5 4 1 4 3 2 4 3 1 5 2 2 4 4 3 2 5 2 2 2 1 3 2 4 5 4 2 5 2 1 2 2 3 3 3 3 3 3 4 3 3 5 5 1 5 4 2 1 3 2 2
4 4 4 2 1 2 3 4 5 3 2 4 1 1 1 5 2 1 4 5 2 2 1 1 1 2 1 2 1 4 3 3 1 5 2 2 5 5 3 5 3 1 2 2 5 3 1 4 2 2 1 5 3 5 5 3 5 4 2 4 1 5 1 2 4 1 5 4 3 3 1 3 5 4 2 4 5 5 3 3 1 2 1 2 3 2 2 1 1 4 4 2 3 2 3 3 2 4 1 3 5 3 2 2 1 1 3 5 1 1 2 3 1 2 2 1 5 4 3 4 1 2 1 2 3 2 1 5 1 2 5 5 5 5 2 5 3 3 1 1 1 4 2 2 1 3 1 4 2 1 5 1 4 4 3 1 3 1 4 4 3 3 2 2 2 1 2 4 4 5 5 3 2 4 3 3 2 5 1 2 1 0 2 4 3 4 1 5 2 4 1 5 2 3 1 3 4 1 5 5 2 2 3 2 3 1 4 1 1 4 3 4 1 4 3 5 2 1 4 1 4 4 2 2 3 2 5 1 5 3 1 1 2 4 1 5 3 1 1 1 4 2 3 3 2 3 5 2 3 4 1 1 1 1 3 1 2 3 4 2 4 4 4 3 2 2 5 4 4 2 4 3 5 5 1 5 2 5 3 3 2 1 1 3 2 4 3 5 5 4 1 4 3 2 2 2 1 2 3 5 1 5 1 1 4 5 5 5 3 5 2 2 2 1 4 4 5 3 1 1 3 5 2 3 3 1 1 5 3 1 2 5 4 1 5 4 3 1 5 2 5 1 3 1 5 2 1 3 4 3
2 3 5 4 1 4 4 4 3 4 5 1 5 5 3 2 3 3 2 4 2 1 5 3 1 1 2 3 2 4 1 2 5 2 3 5 4 2 3 2 4 4 2 5 4 1 3 3 5 2 5 2 5 1 4 5 1 1 1 2 4 1 1 4 3 1 1 2 2 2 4 2 4 4 4 2 3 5 2 2 1 1 4 2 5 1 4 3 4 1 1 2 3 2 1 4 1 4 5 2 4 1 2 2 4 3 1 3 3 4 1 5 3 5 1 5 4 2 4 3 1 4 3 5 1 1 1 3 2 5 2 5 5 2 3 2 1 2 5 3 5 2 3 5 1 3 2 2 3 2 4 1 1 3 4 3 2 1 4 1 3 5 1 5 2 2 4 4 2 4 4 1 4 5 2 4 2 1 4 1 3 5 0 4 3 2 3 3 4 2 5 4 3 5 3 2 5 3 4 5 5 4 4 3 3 2 3 3 3 4 3 1 2 3 1 4 3 2 4 2 5 3 5 1 2 1 2 3 3 3 5 1 1 3 4 2 3 4 1 2 4 5 1 3 2 2 1 2 4 3 3 2 5 4 2 5 4 1 1 3 4 2 1 4 4 5 3 4 5 4 1 4 5 5 1 5 2 2 3 3 2 5 4 1 1 4 3 5 3 3 3 1 2 3 3 3 4 2 1 2 2 1 3 2 2 4 4 2 3 2 4 1 2 5 5 5 3 3 1 5 3 3 4 2 2 3 5 5 4 3 4 1 4 5 2 4 2 1 4 4 5 1 2 3 5 3 5 3 2 1
2 3 2 3 5 5 2 5 5 4 5 2 4 5 2 3 1 4 2 4 1 4 2 4 2 4 4 1 3 1 2 4 1 2 1 5 2 3 5 3 5 5 5 5 5 4 1 3 5 3 2 5 4 2 4 1 1 2 5 5 3 1 3 4 4 3 1 5 1 4 5 3 5 3 2 5 5 3 5 5 1 5 3 1 2 4 3 4 1 3 5 3 3 3 5 4 3 5 2 5 2 3 4 2 4 1 3 3 1 3 3 3 4 5 3 4 5 2 4 3 1 2 1 3 1 3 5 3 5 5 4 1 5 3 3 1 1 2 4 2 4 2 3 4 1 4 4 5 2 5 1 4 1 3 5 3 2 3 3 4 2 4 5 5 2 5 4 4 1 2 3 1 4 3 4 4 1 5 3 1 2 5 5 0 5 2 2 1 1 3 3 4 3 3 1 4 5 4 2 1 3 4 4 5 5 1 4 5 3 4 3 5 3 3 5 2 3 1 3 4 1 3 3 5 4 2 2 4 4 2 3 3 2 2 5 1 1 5 3 3 2 5 2 3 5 3 3 5 4 2 4 5 5 2 1 5 4 1 1 2 1 1 1 5 4 3 4 2 2 4 4 5 3 4 1 2 1 2 3 5 2 3 5 1 4 3 3 1 4 3 1 4 3 3 1 4 2 4 4 5 3 3 4 5 3 1 1 3 3 2 1 3 4 2 1 2 5 3 2 2 3 5 3 3 2 3 3 3 3 5 1 3 1 1 3 3 2 5 4 4 3 1 1 3 1 5 4 5 3 5
3 1 4 4 2 3 5 4 4 1 4 3 3 4 3 1 2 2 3 5 2 4 3 4 2 5 4 3 3 1 1 4 1 3 1 2 5 4 5 5 3 3 3 2 5 2 4 1 1 4 1 4 2 1 5 2 4 3 1 3 1 4 5 2 5 4 5 5 2 5 3 5 1 3 2 4 2 5 3 2 2 2 4 1 2 2 5 2 1 1 1 5 2 5 1 4 4 1 1 2 4 5 4 3 3 5 3 4 5 5 5 4 2 5 1 1 1 2 4 3 1 4 1 2 4 1 1 4 5 4 1 2 4 1 2 5 4 4 3 4 2 3 1 5 2 4 3 1 1 2 2 1 2 3 2 4 2 2 2 4 2 5 5 2 2 1 2 2 2 3 5 1 5 4 5 5 1 4 1 4 3 3 5 4 0 1 3 4 1 2 4 4 1 4 3 4 5 3 5 4 4 2 3 1 1 1 3 2 5 4 3 1 4 3 4 2 4 2 1 4 5 2 2 5 1 3 3 4 1 3 2 3 4 4 2 1 4 2 2 2 4 3 2 2 5 3 3 1 1 4 2 5 2 5 5 5 5 3 3 1 5 1 3 2 2 3 4 5 1 3 3 2 1 4 1 5 3 4 2 1 1 5 5 4 2 3 4 2 3 3 3 5 5 2 2 2 5 4 4 1 1 1 3 5 2 3 4 2 5 2 3 4 1 1 3 5 3 1 5 4 3 5 3 3 2 4 1 3 3 2 4 2 5 5 2 3 4 4 5 1 5 1 5 4 3 2 2 5 4 3
1 4 2 4 4 3 5 2 4 1 1 1 2 4 4 2 2 2 4 4 1 4 4 2 2 2 4 4 2 3 2 5 4 4 5 4 1 1 1 4 3 4 1 4 1 3 3 1 4 4 4 4 2 4 2 1 2 2 4 4 4 4 5 1 2 2 4 1 4 5 2 3 4 2 4 1 1 3 2 1 5 3 3 5 2 4 5 1 2 1 3 3 2 2 4 4 2 1 1 1 4 2 1 1 5 1 4 5 4 4 2 1 1 5 2 4 2 2 3 4 3 3 2 2 3 3 3 5 4 5 5 1 4 2 2 1 2 1 2 3 4 4 4 5 2 3 1 5 3 3 2 2 4 3 3 3 5 4 5 1 4 2 1 5 5 5 2 3 5 5 2 3 2 1 5 2 2 5 1 4 3 5 3 2 4 0 5 4 3 5 1 3 1 5 3 1 3 2 5 3 3 3 1 4 1 2 1 2 5 5 2 2 5 3 1 3 2 5 4 1 1 2 2 3 1 5 1 5 4 5 1 2 3 1 5 2 4 5 2 3 4 2 4 3 3 4 1 2 5 3 2 2 2 1 1 4 3 3 4 2 2 2 3 2 5 2 4 5 4 3 1 5 1 4 2 1 2 4 5 3 5 2 2 4 2 2 2 4 3 1 2 3 3 3 5 1 4 1 1 3 3 3 3 5 5 4 4 1 4 1 2 1 1 1 2 1 5 5 5 2 1 2 4 3 3 5 2 4 3 1 5 1 5 3 5 1 2 3 2 4 2 2 5 3 2 2 1 2 2 5
3 5 1 4 2 1 4 4 2 5 1 1 5 1 2 2 4 5 2 4 2 5 4 2 1 1 2 4 4 2 1 5 4 5 3 4 4 4 5 1 2 1 5 1 4 4 4 5 4 1 5 2 4 4 1 3 4 3 4 3 1 1 4 1 4 4 2 1 5 5 1 2 5 4 5 1 5 2 1 4 4 4 3 3 2 1 5 5 1 2 1 1 5 1 1 1 4 2 5 5 3 1 5 1 2 1 2 5 3 2 1 4 4 1 2 4 3 5 3 3 2 2 1 3 5 4 1 1 3 1 1 5 3 4 2 4 1 3 3 3 4 4 1 5 1 3 2 1 3 2 4 2 4 4 2 1 3 5 4 3 3 1 5 2 2 4 1 5 5 3 2 2 2 3 5 4 1 1 3 4 5 5 1 5 1 1 0 3 4 3 4 5 4 4 1 2 2 4 1 4 5 1 1 5 1 4 1 2 3 4 2 4 4 3 2 3 4 4 5 3 3 3 1 1 2 2 3 1 5 4 4 4 3 1 2 1 1 1 4 1 1 3 4 5 1 4 3 2 1 2 5 3 1 2 3 2 3 1 5 3 2 1 2 1 4 3 3 5 2 3 2 3 4 2 2 3 2 2 2 4 5 3 5 1 4 2 1 2 4 2 3 2 4 4 5 5 2 5 4 3 1 4 2 2 2 4 4 1 5 5 2 4 3 3 5 2 1 2 5 5 2 3 4 4 3 1 2 1 3 5 3 5 4 3 3 1 4 3 3 5 2 5 4 1 1 1 2 2 2 4
2 4 1 4 2 4 4 2 4 3 5 4 3 4 2 3 1 5 3 5 1 3 4 2 5 4 4 2 1 2 5 1 1 5 3 5 2 3 2 1 4 5 1 4 4 3 3 4 4 5 5 3 3 2 1 2 3 5 3 5 1 1 3 4 2 4 5 4 5 2 5 2 5 3 4 2 1 1 2 5 2 2 4 4 4 2 2 4 3 5 4 2 4 1 3 4 5 1 2 1 1 2 1 3 3 1 2 5 3 1 4 1 3 1 1 4 2 1 3 1 2 3 5 1 5 4 1 4 1 2 1 3 1 2 4 3 3 4 2 5 5 4 4 5 1 3 5 2 4 1 4 1 1 2 3 1 4 4 2 4 4 4 4 3 4 1 2 4 3 4 3 3 3 3 2 3 5 5 5 4 2 2 3 1 4 1 1 0 3 2 4 3 2 3 1 1 4 3 1 4 1 5 5 1 3 1 3 1 5 3 5 5 3 3 3 2 2 1 4 3 1 1 5 2 3 3 1 4 2 5 4 2 5 5 1 1 2 1 2 3 4 4 1 1 4 3 1 3 2 3 3 4 2 4 3 2 1 3 1 3 4 2 1 5 1 3 4 5 4 1 2 4 5 3 5 4 2 5 4 1 5 3 5 3 4 1 1 5 4 2 1 5 5 1 4 2 4 4 2 2 1 1 4 4 4 2 3 3 5 4 5 1 2 1 2 2 1 1 5 2 2 4 5 1 2 4 5 1 4 4 5 1 2 1 2 3 2 4 4 1 4 4 1 2 4 1 2 1 3 4
4 1 2 2 4 4 3 1 1 5 2 5 2 1 1 3 2 3 2 1 5 1 3 4 5 1 4 3 4 4 5 3 4 1 1 1 1 1 4 3 4 1 1 5 4 2 5 5 4 2 1 5 1 3 5 2 1 1 1 2 1 4 3 4 5 3 5 2 5 1 5 4 5 1 4 1 5 1 2 2 2 5 3 4 2 1 2 2 3 1 5 3 5 5 1 1 3 2 5 5 2 2 4 1 5 4 4 4 4 3 3 4 2 2 4 3 3 3 5 2 4 2 2 2 2 3 4 1 1 5 1 1 3 3 4 4 2 1 5 1 2 4 1 1 5 3 3 1 4 1 1 5 3 3 3 2 5 1 5 4 5 4 2 1 1 1 3 5 4 5 1 2 4 1 5 1 1 1 5 1 3 4 2 1 2 4 5 4 0 1 3 4 1 3 1 2 3 1 1 4 2 4 3 3 3 4 1 3 3 4 5 1 2 1 3 3 3 2 4 1 1 4 1 3 4 1 1 4 4 5 5 2 5 5 1 1 4 1 1 1 2 3 3 1 3 2 4 2 3 5 3 3 3 2 3 4 2 2 4 1 4 2 2 1 5 3 3 2 1 3 3 5 3 1 5 4 4 2 1 5 4 4 1 3 4 3 4 5 5 1 4 3 4 5 4 2 2 2 1 2 3 4 2 3 5 5 5 4 5 3 3 5 4 1 3 3 1 3 2 3 3 2 4 5 2 5 1 5 2 2 2 3 1 4 3 4 1 2 2 4 2 1 5 3 5 5 2 1 2 5
1 3 4 2 2 5 5 3 4 4 4 3 2 1 5 5 5 1 5 3 2 5 4 4 2 2 2 5 4 5 4 4 3 3 4 5 3 2 2 3 1 1 5 4 3 1 3 5 3 4 4 2 2 3 5 3 5 5 4 2 2 3 2 4 5 4 3 2 5 1 4 3 2 4 1 2 5 3 3 5 3 2 2 1 5 1 5 2 2 1 2 4 2 4 3 5 2 4 4 3 4 1 4 2 3 2 5 5 5 5 3 2 3 2 2 2 1 1 4 2 2 2 3 5 4 1 4 2 2 2 3 3 2 4 3 5 5 2 2 4 5 1 2 4 3 1 4 4 1 1 2 5 4 2 3 5 3 3 3 1 3 5 5 3 4 3 3 2 3 3 4 2 5 1 5 2 2 1 3 4 5 4 5 3 1 4 2 5 3 0 1 1 2 2 3 4 4 4 4 4 5 1 4 5 4 4 4 2 3 1 1 4 2 5 5 5 3 2 4 4 1 3 3 2 4 4 3 3 2 1 3 1 2 4 3 2 5 3 4 5 4 4 5 5 5 1 2 5 1 1 3 3 2 4 4 5 5 2 1 3 1 4 3 3 3 5 5 2 2 4 3 4 2 1 5 5 1 3 3 5 4 3 5 2 3 4 2 2 5 4 2 1 3 3 3 1 5 5 1 2 4 5 3 2 4 2 1 4 2 3 5 1 3 5 2 2 4 4 5 4 1 3 1 4 2 2 1 4 1 2 4 1 5 3 5 4 1 1 1 4 5 4 5 1 3 3 3 3 2 2
2 4 2 3 3 5 3 5 4 5 4 1 2 3 4 4 1 4 2 5 4 3 5 4 4 5 3 1 2 2 4 2 3 5 2 5 5 2 2 5 4 1 4 5 5 1 4 1 4 4 3 5 1 4 5 1 3 2 5 2 4 4 1 3 3 1 2 1 2 2 5 1 4 5 1 3 5 3 2 4 1 2 1 5 1 1 5 1 2 1 5 2 1 4 1 2 3 3 3 1 1 1 2 3 4 1 5 3 4 1 2 5 4 3 1 1 1 3 3 2 1 3 1 1 3 3 4 2 3 3 3 4 5 1 1 1 5 1 3 2 4 1 5 5 3 5 5 5 4 2 1 3 1 4 4 4 4 2 4 3 3 2 5 5 4 4 4 4 1 3 3 4 1 5 3 2 1 2 1 1 5 2 5 4 1 1 4 3 5 4 0 3 4 1 5 2 3 1 3 3 4 4 1 3 1 4 2 1 2 1 1 3 3 5 1 4 2 2 3 3 2 5 2 5 2 2 3 3 5 3 4 3 3 3 2 1 5 1 4 2 4 5 1 5 3 5 4 5 2 1 5 3 4 5 3 4 3 3 5 3 1 1 2 2 5 4 4 1 4 2 3 5 3 2 4 2 3 4 5 4 1 4 5 3 3 1 2 1 1 1 3 2 3 3 5 3 4 1 3 5 3 5 4 1 1 5 5 2 5 1 5 2 3 5 4 2 4 2 1 1 4 3 5 4 1 3 1 2 3 3 4 1 3 5 1 4 3 3 3 2 3 3 3 2 3 4 3 5 2 1
3 1 5 4 4 4 4 2 2 2 1 3 5 2 5 1 3 4 2 3 3 1 4 1 1 5 1 2 4 1 1 5 2 1 5 2 1 5 5 5 5 2 2 2 3 5 1 3 2 5 1 4 1 5 3 4 3 5 3 3 2 2 3 2 1 3 2 3 2 1 3 3 5 4 3 2 3 1 3 2 3 1 3 2 4 3 2 5 2 2 4 5 2 5 1 4 4 2 2 4 3 2 5 5 5 1 2 1 3 3 4 4 2 5 4 1 4 1 2 2 4 1 4 4 3 3 4 2 4 1 4 1 5 2 1 1 3 3 1 2 1 3 1 3 3 4 3 3 3 5 3 1 2 1 5 5 3 4 5 2 5 5 4 4 5 3 5 5 4 4 4 1 1 5 3 2 4 2 2 5 4 2 4 4 4 5 5 3 5 5 2 0 2 4 1 4 5 1 1 3 4 3 5 4 3 2 2 5 2 1 1 2 2 3 2 1 1 3 2 3 2 2 2 4 2 1 2 1 3 1 4 1 5 2 2 5 4 1 2 1 3 5 5 5 1 2 3 5 4 4 2 2 5 3 2 4 2 2 2 1 4 2 4 5 5 5 4 3 2 3 4 3 2 1 2 1 1 2 2 5 1 1 1 5 3 2 4 3 4 2 3 3 3 2 4 4 3 1 1 1 2 2 2 5 2 2 2 1 3 5 3 3 2 1 5 1 1 2 3 5 1 4 1 3 1 4 2 4 2 3 2 5 2 2 1 3 2 3 1 3 2 4 1 3 2 1 2 3 3 3
4 4 4 2 4 5 5 3 1 2 1 1 2 5 4 3 2 2 2 4 4 2 2 1 5 5 4 2 5 5 2 1 5 3 5 4 5 1 5 5 2 3 4 1 2 2 2 1 4 5 5 2 4 3 5 4 1 4 1 2 3 2 5 2 4 2 5 5 2 2 5 5 3 3 2 4 3 3 4 2 4 4 4 3 4 1 5 1 1 5 5 3 1 1 1 3 2 5 1 2 5 1 1 1 2 4 1 4 4 5 1 1 4 4 2 5 5 4 3 5 4 4 2 3 1 2 1 1 4 3 3 4 4 4 2 3 1 4 5 3 2 2 5 1 2 5 4 2 5 1 5 1 2 3 2 4 5 4 1 5 1 1 3 4 2 3 2 3 3 2 3 4 4 2 2 5 2 5 3 5 3 1 1 4 3 1 3 3 5 1 5 3 0 3 2 4 5 4 4 5 4 3 3 2 5 3 4 1 5 4 3 1 1 5 3 1 2 1 2 2 5 2 1 4 3 2 5 2 2 3 4 5 4 3 4 4 5 2 2 3 1 1 2 2 1 5 2 3 5 5 5 5 1 5 3 5 4 1 2 1 3 2 2 2 3 4 5 4 5 4 1 3 3 1 1 5 5 5 4 4 1 4 3 3 5 1 4 2 2 4 2 3 2 2 2 2 5 4 3 2 1 2 1 5 4 4 3 5 2 3 3 2 2 2 3 5 3 2 3 3 3 5 4 4 4 1 1 4 4 4 4 5 1 4 2 2 1 2 3 3 3 4 2 3 2 1 3 2 1 3
1 2 2 5 1 3 4 2 5 1 3 3 3 5 4 4 4 5 2 3 4 1 3 3 1 4 2 1 5 4 3 4 1 1 4 3 3 5 2 4 5 3 1 3 1 3 3 4 2 2 3 1 1 1 5 3 1 3 4 2 4 1 3 4 5 3 2 4 5 1 3 3 4 4 5 3 5 2 4 4 4 1 1 2 2 5 4 1 2 5 3 3 3 5 4 4 1 1 1 4 4 3 5 4 4 5 3 5 2 2 2 1 1 5 1 3 1 1 5 2 2 3 5 4 4 2 3 5 3 5 3 1 5 3 3 2 3 2 3 5 3 3 3 5 4 1 5 3 5 3 2 4 1 1 4 3 1 4 5 1 2 5 2 5 2 1 4 5 3 4 3 4 5 5 5 1 1 4 2 2 3 4 3 2 1 3 2 5 1 1 3 2 1 0 1 4 5 1 5 3 2 5 2 1 3 1 1 2 5 1 1 2 4 4 2 2 1 5 1 4 2 4 2 2 3 1 5 3 5 2 3 2 4 3 2 2 1 3 3 5 2 4 2 2 2 1 1 1 4 5 5 4 4 2 4 5 3 3 3 2 4 2 1 3 1 1 4 3 2 1 4 3 3 5 4 5 4 5 5 1 1 2 2 4 5 3 3 1 2 2 2 4 1 1 5 5 3 2 4 4 2 2 3 1 4 3 1 1 2 1 1 5 4 1 1 4 1 1 1 3 1 2 5 3 1 2 4 3 3 2 1 1 4 3 2 3 1 3 4 2 2 4 4 5 4 5 1 4 4 4
3 4 5 3 2 2 4 4 2 4 4 4 4 4 4 2 2 5 4 3 2 2 3 5 3 5 5 2 3 3 2 4 2 1 3 5 4 2 2 5 3 4 5 2 5 5 3 3 3 3 5 4 5 4 2 5 5 4 5 1 2 4 3 2 1 3 1 5 5 3 5 2 3 5 5 1 4 5 5 3 4 5 1 3 5 3 5 5 4 3 4 3 1 1 3 1 3 4 1 3 4 1 3 1 2 1 3 3 5 1 4 1 1 3 4 2 5 1 3 3 2 2 1 3 2 4 5 3 3 4 4 4 5 1 2 4 3 4 3 2 5 1 1 2 4 3 3 5 4 1 4 5 2 4 3 3 3 2 1 2 3 3 3 1 3 1 5 1 5 2 1 3 5 1 4 4 2 2 3 3 5 1 5 3 5 3 2 4 1 2 5 5 4 3 0 1 5 2 1 2 4 5 2 2 3 3 2 3 5 1 4 1 4 1 3 3 4 3 1 3 5 1 2 2 1 2 5 3 4 4 2 5 5 1 4 1 1 4 1 1 2 3 5 5 3 1 1 5 3 3 5 1 2 1 1 5 5 3 2 2 3 4 1 5 1 1 4 2 1 2 2 5 5 5 2 4 4 3 5 2 3 2 5 1 4 2 5 3 5 2 1 1 1 3 3 2 2 1 4 2 2 1 4 1 4 4 5 2 2 3 3 2 3 4 3 4 5 4 5 2 3 1 2 3 3 2 1 3 2 1 4 2 2 2 1 1 4 1 3 4 3 2 1 1 4 4 4 5 4 5
3 2 3 2 3 1 1 4 1 2 1 4 4 2 5 3 3 2 3 4 4 5 3 3 3 3 1 1 1 2 1 3 2 5 3 3 3 2 4 4 5 5 1 5 4 3 1 2 3 1 5 5 4 5 5 1 2 3 2 5 1 1 4 3 5 4 1 2 5 4 2 1 3 2 4 4 2 1 4 4 2 3 2 5 3 2 5 5 3 1 2 5 1 5 3 4 5 3 5 3 4 5 1 4 3 5 1 2 3 5 2 5 4 5 1 2 5 2 1 4 2 4 1 1 4 3 4 3 1 4 2 5 3 3 3 2 5 4 4 3 4 5 4 3 2 5 5 3 4 4 5 3 1 4 3 2 2 2 4 3 4 3 1 5 3 4 3 1 5 4 4 5 4 2 4 3 1 3 2 3 1 1 2 3 4 1 5 4 4 1 3 2 2 4 1 0 3 3 1 3 5 1 4 3 1 3 4 1 5 5 4 5 5 3 2 1 3 3 1 5 2 2 2 5 1 3 3 3 1 5 1 2 4 5 5 5 1 3 4 1 5 5 1 1 4 4 1 3 4 4 1 4 4 4 3 3 4 1 2 1 5 1 3 5 3 2 5 2 3 3 1 1 1 3 3 3 5 3 5 5 5 2 4 2 2 1 2 3 5 3 3 3 4 5 3 4 4 3 1 3 2 1 3 2 4 1 1 5 4 4 5 4 1 1 3 4 2 1 3 3 3 3 2 4 4 2 3 5 5 4 4 5 1 2 4 3 1 2 1 5 5 5 5 1 3 2 4 2 1 5
3 4 3 1 2 4 5 4 3 4 4 1 2 1 4 1 4 3 2 4 1 2 3 2 5 1 4 3 5 2 4 1 4 4 4 1 4 1 2 2 1 1 4 5 1 4 1 1 1 2 3 3 1 1 4 3 1 3 4 5 2 4 1 1 1 2 5 3 4 1 2 4 1 3 3 1 1 1 1 1 2 5 3 1 2 1 2 3 3 4 5 1 4 5 1 2 3 3 5 5 3 2 5 2 3 1 5 5 5 4 2 3 3 3 2 3 4 1 5 1 4 4 1 5 1 4 5 2 2 5 4 4 4 4 1 5 2 1 4 4 1 5 1 4 3 2 4 3 2 2 3 4 1 3 4 5 4 2 2 1 2 3 1 1 2 4 2 2 3 4 2 1 4 5 5 4 2 4 2 4 5 5 1 1 1 1 4 3 3 2 4 2 3 2 2 4 0 4 3 1 4 3 1 4 1 2 2 1 5 2 1 5 3 5 4 5 1 2 1 1 1 3 1 2 4 1 3 3 5 3 3 2 5 4 4 3 3 2 3 2 2 1 4 3 1 1 4 5 1 3 1 4 4 1 5 5 1 1 4 2 3 1 5 4 3 5 5 2 4 1 3 3 5 4 5 5 1 1 5 1 5 5 3 5 5 1 1 1 3 3 2 5 5 4 3 3 5 3 2 3 2 2 4 4 4 2 5 5 1 5 1 2 2 4 1 5 4 4 2 4 2 1 1 1 4 5 5 2 4 1 1 4 4 3 5 1 2 3 4 1 5 2 3 2 4 3 2 4 3 3
3 2 2 2 5 5 3 3 5 5 4 2 2 1 5 1 1 2 2 5 4 3 5 5 1 5 4 5 5 5 4 2 2 3 5 3 5 2 3 1 1 3 4 3 3 4 4 1 1 2 1 2 5 4 4 3 2 4 1 1 2 1 4 1 2 3 2 2 1 1 3 3 4 2 5 3 4 2 3 4 5 2 1 5 1 2 5 5 1 3 2 4 4 5 2 3 2 2 5 3 4 5 1 2 2 4 4 3 2 4 4 2 2 5 2 4 2 1 5 3 1 3 5 1 4 1 5 2 3 2 2 5 5 3 3 3 5 3 4 4 2 5 3 3 3 4 3 2 4 3 3 5 1 2 5 1 3 2 4 3 4 3 2 1 4 5 4 3 4 2 4 5 2 1 2 2 2 3 5 2 4 3 1 3 1 2 2 3 3 4 1 5 3 5 2 5 5 0 1 4 2 2 5 1 2 4 5 1 4 1 4 1 3 5 1 5 3 2 1 5 4 3 4 5 1 2 3 3 5 1 1 1 3 2 1 4 5 5 2 1 5 3 1 1 4 5 5 5 5 5 5 3 5 5 3 3 1 3 1 2 2 2 4 5 1 1 4 1 5 1 2 5 3 2 5 2 5 2 5 3 1 3 1 2 1 1 2 4 1 3 4 1 2 2 3 4 1 3 2 2 3 3 2 5 3 1 3 1 1 1 4 2 1 5 5 5 5 3 4 3 4 4 3 4 2 2 5 2 2 5 5 4 2 4 5 4 5 2 5 4 2 1 4 1 2 4 2 2 1 4
4 1 3 1 1 5 2 5 1 3 4 5 5 4 4 2 2 5 2 3 2 2 5 3 1 2 2 2 3 2 1 4 5 1 1 3 2 1 2 2 5 2 1 1 1 3 4 5 3 5 4 5 3 3 4 3 2 4 4 4 3 5 1 1 3 3 1 2 5 4 4 2 1 1 3 2 1 5 2 2 3 1 4 3 4 1 4 5 1 4 4 5 2 5 3 5 1 2 2 5 4 5 5 4 4 3 2 2 2 4 2 3 3 2 2 2 5 3 4 2 4 2 4 2 4 2 1 2 2 2 5 3 3 2 2 4 4 2 3 2 2 5 4 4 2 3 4 1 2 1 2 1 2 5 2 5 3 4 1 1 3 1 2 1 3 2 2 2 1 2 4 4 1 5 2 5 3 1 1 2 3 5 3 3 5 5 3 1 4 4 2 5 4 2 2 4 5 2 0 4 3 5 1 1 1 1 3 2 2 5 2 2 5 4 5 3 3 1 4 2 1 5 1 3 3 1 2 1 3 4 4 5 3 5 1 3 5 3 2 4 1 4 5 5 5 4 5 1 5 4 4 4 1 5 4 2 1 4 1 3 4 1 1 5 3 3 5 3 5 5 2 3 4 1 4 5 3 5 1 3 4 4 4 1 1 4 5 4 1 2 4 4 3 4 2 2 5 2 3 2 5 2 4 2 1 5 3 1 2 4 5 3 4 1 1 3 3 1 1 2 4 3 1 1 3 1 4 1 5 1 3 5 4 5 4 3 3 4 4 5 4 1 2 3 1 1 5 1 3 4
3 2 5 2 2 1 2 5 5 3 2 4 2 2 2 4 1 5 3 3 4 5 3 2 1 3 1 4 1 4 5 4 3 4 1 4 2 4 1 4 2 2 1 2 1 4 4 3 4 1 2 1 3 3 5 3 3 5 5 5 5 3 2 3 3 2 1 1 2 5 1 2 2 4 1 2 5 5 5 5 5 4 1 2 4 5 2 2 2 5 1 4 5 3 5 5 2 5 5 3 5 5 2 3 2 2 2 4 4 2 5 4 4 3 2 4 2 1 1 1 2 2 4 4 5 1 5 4 2 4 2 2 4 5 2 1 3 4 1 1 3 4 1 2 3 2 1 3 5 1 1 2 2 4 4 3 5 4 2 1 1 5 2 4 4 3 1 1 4 2 3 1 3 3 5 4 5 5 5 1 1 1 4 1 1 4 1 3 4 1 5 2 1 1 1 4 3 2 1 0 4 5 2 5 1 3 5 3 5 3 2 1 3 5 3 3 5 2 4 4 1 2 4 3 2 1 3 4 1 3 4 3 2 5 2 1 3 3 1 4 4 3 4 4 3 3 4 3 2 4 5 1 5 5 3 4 5 4 3 3 5 3 5 3 3 1 4 3 2 2 3 1 1 2 2 2 4 4 1 2 1 3 1 1 1 2 5 5 1 3 2 3 5 3 1 4 3 1 4 3 4 2 1 2 2 3 4 3 4 1 1 4 4 1 3 5 5 4 3 1 2 4 1 2 2 1 3 1 4 5 2 3 3 2 2 2 4 5 5 5 2 4 1 5 3 2 1 4 4 5
1 3 2 4 5 1 2 5 1 5 2 1 1 2 1 1 3 5 2 5 5 5 2 2 3 3 3 4 1 5 5 2 3 1 3 4 3 3 4 4 5 5 5 2 3 3 2 2 4 3 2 2 2 5 3 1 1 3 2 3 3 1 5 4 1 3 2 2 4 3 4 2 4 3 5 4 1 1 5 2 1 1 1 5 2 3 2 2 3 2 3 3 4 4 4 2 1 1 1 4 2 3 3 4 3 4 5 4 5 1 5 5 3 4 2 1 4 1 5 2 5 2 4 4 4 2 1 4 1 2 5 3 1 4 3 5 5 2 3 3 2 1 3 1 1 5 5 4 2 5 4 2 1 3 2 3 3 1 1 1 3 1 4 4 2 5 4 2 5 1 4 2 5 3 2 4 3 5 1 4 2 4 5 3 5 2 1 1 5 4 5 3 3 5 1 3 3 1 2 2 0 1 3 2 3 4 3 4 2 3 4 1 4 3 5 2 4 5 4 1 5 1 1 3 4 4 5 2 2 1 4 1 3 4 4 5 4 3 1 2 2 5 2 3 4 2 5 5 2 5 1 1 3 5 5 1 2 3 5 2 3 1 3 2 3 1 3 1 5 3 1 1 4 5 1 4 3 1 4 4 1 5 5 1 2 2 4 4 1 4 3 4 1 5 4 1 1 3 5 3 4 1 1 2 5 1 1 1 2 4 2 5 4 1 2 2 3 5 2 1 1 3 2 2 1 5 2 1 3 1 4 3 1 1 1 1 2 2 2 4 5 5 1 1 1 1 5 1 4 4
1 2 1 3 2 1 3 2 5 5 2 4 4 3 1 2 1 4 2 2 1 2 5 5 1 3 4 5 3 1 2 4 2 5 1 3 2 1 3 5 1 5 4 5 2 4 2 4 4 2 2 1 2 2 1 3 1 1 2 3 1 5 1 2 2 4 5 3 1 5 4 3 4 1 3 5 4 4 3 2 4 1 1 2 5 5 5 1 4 5 2 1 2 1 1 4 2 1 3 1 4 5 4 2 5 3 5 3 4 2 4 3 3 3 3 2 2 1 4 5 2 3 3 3 4 1 4 4 5 1 2 4 5 1 1 3 5 4 2 2 2 5 3 3 4 3 3 1 2 5 1 2 3 2 5 1 5 2 1 4 5 5 2 1 5 4 5 5 2 2 1 4 4 5 5 5 5 3 1 1 2 4 2 2 3 4 2 2 1 4 2 4 2 3 4 5 2 3 5 3 3 0 3 2 4 3 1 1 3 2 3 1 5 4 1 3 4 3 5 4 2 1 2 2 1 3 5 2 4 5 5 4 3 1 5 5 5 4 4 5 1 4 5 1 5 3 3 5 5 3 2 3 3 4 3 2 2 2 1 1 2 2 4 4 4 4 4 2 4 4 2 5 4 1 4 2 4 5 5 5 5 5 1 5 3 2 3 1 4 4 2 1 3 4 2 5 4 5 3 1 4 4 3 5 4 5 5 4 2 2 2 2 4 1 4 3 4 5 2 3 1 3 4 4 4 5 4 2 2 5 3 5 4 4 5 4 5 3 4 1 5 1 1 3 2 2 2 4 1 2
4 1 4 4 1 2 3 5 2 4 2 4 4 2 4 4 2 3 3 5 4 1 5 5 2 1 3 4 4 4 2 4 2 3 4 5 5 3 3 3 3 3 4 2 2 2 5 2 1 5 2 3 3 4 5 5 5 1 2 2 3 3 2 1 5 1 4 3 3 5 2 3 5 4 5 2 2 2 5 4 2 2 2 3 5 5 5 5 4 3 5 3 3 5 5 1 2 1 4 5 4 3 5 3 2 4 3 4 3 1 5 4 2 3 2 3 4 4 5 2 1 4 1 1 1 3 3 2 4 2 1 3 3 1 4 5 4 1 3 2 5 1 4 4 4 1 5 3 5 1 5 2 2 5 3 1 3 2 3 3 2 2 4 1 4 3 1 1 1 2 3 5 5 1 1 4 2 1 5 1 1 4 5 2 5 5 2 1 5 1 2 3 1 5 3 4 5 4 2 5 5 1 0 1 1 1 4 2 2 1 3 4 1 2 5 1 2 2 2 5 2 1 2 5 3 5 3 4 5 4 5 4 2 2 4 5 1 1 1 5 2 3 5 3 2 5 5 5 2 1 2 4 4 1 5 4 1 1 4 2 1 4 2 3 4 3 4 5 1 5 4 4 3 3 2 3 2 4 3 3 2 5 5 2 4 4 2 1 2 1 1 3 3 4 5 5 3 4 2 4 2 5 1 1 1 5 3 5 3 5 1 4 1 3 3 5 4 4 3 4 2 3 1 2 4 3 3 1 4 5 3 5 1 1 1 1 1 2 2 5 1 3 3 1 3 2 2 2 1 4
1 3 2 1 3 5 4 4 4 4 5 5 3 2 5 5 4 3 4 1 5 2 5 4 4 3 1 4 3 2 4 1 5 1 1 1 5 3 1 1 2 4 5 1 3 3 1 1 4 1 4 5 5 1 2 2 4 2 1 1 4 3 3 3 4 4 1 1 5 2 4 4 1 4 4 5 2 1 5 2 4 4 4 3 1 2 5 2 2 2 4 1 4 3 1 3 2 2 1 2 3 5 5 2 5 5 2 2 4 3 5 4 4 3 4 3 4 1 1 3 3 1 1 1 1 3 1 4 1 4 3 2 5 4 2 2 5 1 1 3 3 2 1 2 5 2 1 5 2 5 3 1 2 2 3 3 2 1 1 1 4 2 4 3 4 4 5 1 3 2 3 1 5 3 4 1 1 1 4 1 3 3 2 1 3 5 5 3 5 3 1 2 1 5 3 3 1 1 2 1 4 3 4 0 4 1 2 5 4 4 4 5 2 5 2 3 1 1 5 4 2 1 2 2 1 3 3 4 1 1 5 5 5 4 1 5 5 5 3 5 2 2 3 5 3 1 3 4 2 4 2 2 2 2 2 2 2 1 5 1 3 3 5 2 1 4 1 2 1 2 3 4 1 4 2 2 1 2 2 3 4 4 4 3 4 1 2 5 3 2 3 5 3 5 3 1 5 1 3 1 4 2 5 5 5 1 4 4 1 2 1 3 1 5 4 4 2 1 3 1 2 1 4 1 2 4 5 5 4 5 3 2 4 2 4 4 5 5 2 2 3 3 4 4 1 4 2 4 1 1
1 3 1 2 3 2 5 2 2 5 4 2 3 1 5 1 2 2 5 2 3 3 4 5 3 5 5 4 1 5 3 3 4 5 3 5 3 4 4 3 3 3 5 3 5 4 5 5 2 2 3 2 2 5 3 4 5 1 4 3 2 4 1 4 1 3 1 4 1 1 1 2 5 3 3 4 1 5 5 5 4 1 3 5 1 5 4 2 4 5 5 2 1 5 2 4 2 4 4 2 2 5 3 2 4 5 1 1 5 2 3 1 1 2 4 3 5 4 4 1 4 3 1 4 2 2 5 5 1 3 3 5 1 3 2 5 2 2 2 1 5 2 1 3 3 2 5 1 2 2 1 3 2 4 5 1 2 3 5 2 4 2 2 1 5 3 4 3 5 4 1 3 1 3 5 1 4 1 3 4 4 3 2 4 1 5 1 3 5 2 5 5 2 3 1 4 5 4 2 2 4 5 3 2 0 1 5 5 4 1 5 4 1 1 1 4 5 4 1 4 4 1 3 3 3 3 1 2 4 2 4 4 4 4 4 4 3 5 3 5 2 2 4 5 2 5 2 3 3 1 3 2 5 4 4 2 2 1 3 1 1 1 3 1 2 4 4 3 2 5 4 2 1 3 2 2 5 5 2 5 1 2 3 4 4 4 2 5 1 1 3 4 4 5 4 2 5 2 3 1 2 3 2 4 2 5 1 2 1 4 2 4 3 1 5 1 4 4 2 1 3 2 2 2 4 1 3 1 3 4 1 2 5 2 5 3 5 4 2 5 2 2 5 4 2 3 1 2 1 1
3 3 1 4 5 4 1 3 3 5 2 3 5 2 4 2 4 3 2 3 3 1 1 3 2 4 1 4 5 3 2 3 4 5 3 5 2 4 3 3 1 2 4 2 2 1 4 3 4 4 4 5 1 4 5 3 1 3 5 4 5 5 1 2 3 3 1 5 2 4 2 4 2 2 3 3 2 4 2 5 1 2 3 2 2 1 3 2 1 4 3 2 1 4 4 3 3 3 3 2 3 4 3 4 4 5 3 3 2 4 3 2 1 4 4 4 3 1 3 4 5 2 4 2 1 3 1 1 1 1 2 3 2 1 3 4 3 1 1 4 1 1 3 4 1 4 2 2 1 1 2 3 4 5 2 2 1 2 4 1 3 1 1 4 5 3 1 3 2 2 4 1 5 2 4 3 4 1 4 4 5 2 4 3 5 2 3 3 5 1 3 4 4 4 3 3 5 4 1 5 3 5 1 2 3 0 5 3 2 3 5 4 2 2 2 1 5 2 2 1 4 1 4 2 4 4 2 5 3 2 1 5 1 1 2 3 2 5 3 4 5 4 5 1 1 3 2 3 4 3 2 3 1 3 3 1 2 1 4 4 4 3 2 1 1 2 1 3 4 1 4 2 4 2 5 2 1 1 3 4 1 3 5 2 3 1 2 5 3 1 1 1 3 4 4 2 4 3 4 2 5 2 2 2 3 3 2 3 5 5 1 4 3 5 5 3 1 4 1 1 3 2 1 3 2 2 2 5 2 1 5 4 4 3 3 2 3 1 1 2 3 2 2 5 1 5 3 3 1 4
3 3 5 2 4 5 1 2 5 2 1 2 3 4 1 2 5 3 1 4 4 1 5 1 4 2 5 1 3 5 4 5 1 1 1 4 4 2 4 2 2 1 3 1 1 4 1 3 1 1 3 4 2 5 3 1 5 5 2 3 5 1 2 1 3 1 1 3 4 2 3 2 3 1 1 2 1 4 5 5 4 5 3 3 1 4 5 1 1 5 4 4 4 5 4 4 2 2 5 2 4 1 4 3 5 1 3 2 3 4 5 1 3 1 2 4 2 4 5 3 5 2 2 3 4 2 5 3 5 5 3 3 3 3 2 3 2 3 3 4 4 1 5 5 5 4 1 5 1 1 4 4 2 4 3 2 3 5 5 3 3 4 5 1 5 2 3 1 4 4 1 1 2 4 1 2 5 1 1 3 5 5 1 3 3 1 5 5 1 2 1 1 1 2 4 4 4 4 4 2 2 5 1 1 5 3 0 1 2 3 4 4 2 4 3 5 2 2 3 3 2 3 2 1 2 4 3 4 4 5 3 5 2 3 2 3 2 3 4 2 3 1 3 1 5 4 5 2 5 2 3 5 1 1 3 2 2 3 5 3 2 2 1 4 2 4 2 2 4 2 3 5 1 4 5 5 2 1 4 4 4 2 3 5 4 2 5 1 4 2 3 1 3 3 4 2 2 4 2 4 4 4 1 5 1 2 5 5 3 5 1 2 3 4 5 3 3 4 5 3 1 1 3 1 2 5 4 4 5 2 4 2 4 1 3 4 3 1 2 1 5 3 2 5 4 3 4 2 4 3
3 2 4 5 1 4 1 4 2 2 2 5 4 2 1 5 2 1 1 2 3 1 2 4 1 1 1 4 5 2 2 3 5 1 4 4 1 4 5 2 2 4 2 5 1 1 1 4 2 4 4 1 2 4 1 2 4 1 4 4 1 3 4 2 4 4 1 2 3 2 4 2 4 4 3 1 3 3 2 5 1 1 3 4 1 1 2 5 3 4 5 1 4 1 2 4 1 4 4 3 4 5 1 4 4 2 5 5 4 2 4 3 4 5 1 5 5 1 5 3 1 1 5 2 5 4 4 3 1 1 3 4 4 4 3 4 4 3 2 2 2 3 5 4 1 5 3 4 4 3 5 1 1 4 5 3 2 1 2 1 2 5 4 4 3 3 4 2 1 3 4 5 4 5 5 3 4 4 2 4 1 1 2 4 2 3 1 3 3 5 5 2 4 2 1 1 5 3 2 1 4 1 4 4 4 2 3 0 4 3 4 5 2 1 2 3 1 5 2 1 4 2 3 3 2 2 1 4 5 5 1 3 4 1 5 1 2 3 1 2 3 4 1 5 5 1 2 2 2 3 1 4 1 4 5 2 1 2 1 3 5 4 5 2 2 3 2 2 4 3 3 1 2 2 1 2 5 2 4 5 3 4 3 1 1 1 2 1 1 3 2 4 5 2 3 2 1 4 2 5 4 1 2 4 4 5 5 3 2 1 4 5 1 4 2 3 2 1 4 5 2 1 3 5 3 2 3 1 5 4 1 1 1 3 2 3 5 2 2 2 3 5 5 5 5 2 5 4 3 1
1 3 1 1 4 4 3 2 5 2 4 3 1 1 3 4 4 1 3 1 3 3 1 4 3 4 2 2 1 3 4 2 3 2 2 1 5 1 2 3 1 2 5 4 2 2 5 2 5 5 3 5 5 3 5 1 3 3 5 2 1 5 4 4 2 2 3 1 1 5 5 2 2 2 4 1 1 2 4 1 1 3 2 1 1 1 1 1 3 2 3 4 1 3 1 5 1 2 1 5 3 2 1 3 5 2 5 4 5 4 3 2 1 4 2 2 2 3 1 2 3 3 3 3 5 3 3 2 1 4 2 2 3 1 1 4 3 1 5 2 1 3 5 3 2 4 1 2 3 2 5 3 1 1 3 1 2 4 1 4 3 5 3 5 5 5 3 4 5 2 1 2 3 3 3 3 5 1 4 5 2 5 4 4 2 1 5 2 5 1 4 4 3 2 4 4 3 3 1 1 3 5 2 5 4 3 1 2 0 3 3 4 1 5 4 2 5 1 2 3 3 4 1 2 4 4 5 2 2 4 1 3 2 1 3 2 3 2 4 3 4 4 1 1 5 2 2 2 5 3 1 3 4 3 1 2 3 1 2 3 2 2 4 3 2 3 3 1 5 4 1 4 1 4 5 4 2 4 1 1 1 2 3 2 1 1 1 2 4 4 3 5 4 4 5 1 2 2 2 3 2 2 5 5 5 3 4 4 5 5 5 2 1 4 4 2 2 3 5 4 4 2 5 2 3 1 3 4 1 3 3 5 2 5 3 2 5 3 4 3 2 1 4 4 2 2 4 2 3 1
3 2 1 4 5 1 4 2 4 1 3 5 1 2 5 2 5 5 5 3 3 4 2 5 1 3 5 2 1 2 2 2 3 1 2 5 5 2 5 5 3 4 2 1 2 3 1 2 3 3 3 5 1 1 1 5 2 4 4 2 4 5 5 3 5 2 1 1 3 4 2 1 3 1 3 5 5 2 4 3 3 4 2 4 1 3 4 5 1 3 1 4 1 5 3 5 5 3 5 5 3 3 2 4 3 2 4 1 2 3 5 5 1 1 2 1 5 5 3 4 4 3 2 4 1 3 4 3 3 1 3 4 4 3 4 4 1 3 4 2 1 2 4 4 3 5 4 4 4 2 4 1 2 3 4 3 2 3 5 3 1 2 2 5 5 4 3 3 2 3 5 3 1 2 1 1 1 5 2 5 2 1 3 1 1 4 2 2 2 5 1 3 2 5 2 5 3 1 4 1 2 4 5 4 4 3 5 1 4 0 5 3 3 4 4 3 5 5 1 5 3 2 2 2 3 1 3 2 1 1 2 4 1 5 3 3 1 2 2 5 5 2 3 2 2 2 1 4 3 2 5 2 5 3 4 1 1 2 4 4 5 4 2 1 5 3 5 2 3 3 2 4 5 3 3 5 5 2 1 2 2 3 1 1 4 2 1 3 4 3 3 1 2 5 4 4 2 4 2 5 3 1 4 4 1 2 3 5 1 1 5 2 1 2 3 5 3 3 5 3 3 2 3 1 3 4 1 5 3 2 4 3 4 4 1 4 2 1 4 2 2 2 3 4 2 1 2 5 3 4
3 2 4 2 4 5 2 3 5 3 5 1 1 1 1 3 5 3 2 4 3 5 5 5 3 3 4 3 1 2 5 1 1 2 3 4 4 5 5 4 5 2 5 3 2 4 1 1 1 2 1 3 3 4 1 2 3 1 3 3 2 5 2 4 5 3 3 5 2 5 5 4 5 2 3 4 3 4 3 3 4 5 4 3 2 1 5 4 3 3 3 3 2 3 5 4 4 3 3 3 4 3 5 2 1 5 3 3 4 4 1 5 3 5 2 5 3 3 4 3 5 1 5 1 1 2 5 5 5 2 1 2 2 1 4 5 4 4 5 5 1 2 5 2 5 3 5 1 5 1 1 1 4 1 2 5 1 3 2 2 3 4 1 2 2 2 2 2 2 5 1 1 3 3 2 3 1 2 2 2 3 5 4 1 1 2 2 3 1 4 4 5 3 3 3 3 1 3 4 1 5 2 2 4 1 1 3 5 3 3 0 1 3 4 1 2 4 5 2 2 4 2 5 1 4 4 2 5 5 1 3 5 3 3 1 2 3 4 1 3 5 5 2 5 5 3 3 4 1 1 3 4 3 4 3 4 1 4 4 3 4 1 5 1 5 3 3 4 4 3 1 1 2 3 5 1 3 4 2 4 1 3 4 1 4 3 1 5 4 1 3 2 4 4 4 1 4 2 3 3 2 5 3 2 4 1 2 3 3 4 5 4 2 5 3 4 1 1 5 5 1 4 5 3 2 5 2 1 1 3 1 1 3 4 4 2 5 4 4 1 1 3 4 3 4 5 1 3 3 2
1 1 5 4 5 2 3 1 2 4 2 4 1 2 1 2 3 4 5 2 2 2 4 1 1 3 3 5 5 5 5 4 4 2 2 1 2 1 3 3 5 2 3 2 1 5 1 2 4 2 3 4 2 4 4 4 4 1 3 4 1 3 2 4 2 4 2 1 3 1 2 1 2 5 2 2 3 3 2 5 2 4 4 2 5 4 2 4 2 1 4 3 3 3 1 2 1 3 2 2 2 1 4 5 5 3 4 3 5 2 3 4 1 3 1 3 3 1 5 1 2 1 1 3 3 1 2 2 5 5 5 5 1 5 3 3 4 1 2 4 3 2 5 1 4 5 3 4 4 2 5 3 1 4 5 1 3 4 4 4 3 2 5 4 5 4 2 3 2 5 2 2 1 2 4 2 5 4 2 5 4 4 2 4 5 5 5 2 5 1 4 2 1 2 3 2 1 4 4 3 3 3 4 5 3 3 1 4 1 1 3 0 1 5 2 2 5 5 1 2 4 2 4 3 2 2 4 2 5 1 1 1 5 3 4 3 5 2 2 4 1 1 5 1 1 4 5 3 3 3 5 2 4 4 2 3 3 4 1 4 1 1 4 2 4 4 2 2 2 1 3 4 3 2 3 1 2 4 3 4 5 4 5 3 4 2 2 3 2 4 4 4 1 4 1 1 4 4 2 5 4 5 2 1 3 3 5 1 2 4 2 3 3 2 5 4 2 2 1 5 4 4 5 3 3 1 2 4 3 2 5 3 4 2 1 4 5 1 3 2 5 5 2 3 3 1 5 1 1 2
4 5 5 1 3 1 1 2 2 2 2 4 5 3 2 4 5 2 5 1 4 1 2 1 4 1 5 3 2 3 1 1 2 5 3 4 5 1 5 5 2 1 4 5 5 3 1 2 4 2 5 3 2 5 4 2 4 4 4 1 4 5 4 3 5 2 1 1 5 2 2 5 2 3 2 5 3 3 3 1 2 4 1 5 2 1 2 1 3 5 5 3 5 5 1 3 2 1 5 3 4 3 4 3 2 1 1 2 1 4 2 1 3 4 3 1 2 2 2 4 1 2 5 2 4 3 5 4 4 5 1 3 4 4 2 2 5 3 5 5 2 1 5 3 3 4 3 4 1 3 5 4 4 1 2 5 2 3 3 3 5 2 4 2 3 3 5 2 4 5 1 3 2 1 3 1 3 4 4 3 1 3 2 1 4 5 3 2 5 4 4 4 1 4 3 3 5 1 5 3 5 3 1 2 5 2 5 4 1 5 5 2 0 4 1 3 2 1 4 3 3 4 5 4 2 4 2 4 1 3 2 3 5 3 2 3 4 5 1 2 3 4 4 3 2 2 2 3 3 2 1 3 2 3 1 4 2 1 1 4 3 1 3 3 3 1 1 2 4 2 3 4 3 3 4 1 5 1 4 3 5 2 1 4 5 4 4 2 1 2 3 3 4 2 4 2 5 2 2 5 4 5 3 4 2 3 1 5 5 4 1 3 2 5 2 2 5 5 4 2 3 1 4 2 2 3 1 4 3 2 5 3 2 2 5 3 2 2 4 4 1 3 5 5 4 3 5 4 4 4
3 5 5 3 3 3 3 2 5 3 4 1 5 4 5 3 2 2 2 5 2 3 5 4 2 4 1 1 4 5 5 2 1 2 5 1 3 1 3 2 1 5 5 5 2 5 2 4 1 2 3 2 1 2 2 5 3 1 2 5 1 3 4 4 1 2 2 5 2 2 3 1 3 1 3 2 3 2 1 2 5 5 3 3 1 5 5 5 1 3 4 1 3 3 1 2 1 5 1 1 5 1 3 1 1 5 1 3 1 1 2 2 2 2 1 2 4 3 4 3 1 2 5 2 3 2 2 3 5 5 3 5 2 1 1 3 2 4 5 4 3 2 3 3 1 5 4 1 2 5 2 1 4 4 5 1 1 4 3 5 5 1 3 3 1 2 4 5 1 4 5 1 4 3 5 2 3 3 1 1 5 5 3 2 1 1 2 2 4 4 1 3 3 5 3 3 2 4 3 4 2 5 1 1 5 2 1 4 3 2 2 1 3 0 2 4 5 2 5 1 3 1 3 3 3 3 4 1 2 1 4 3 4 2 4 5 2 5 4 4 1 5 3 2 1 3 1 2 3 4 4 4 2 2 5 5 2 4 3 1 1 1 3 2 3 1 5 1 3 4 4 2 1 4 4 1 2 3 2 5 5 5 5 5 1 4 4 4 2 2 4 2 5 5 4 1 5 2 1 3 5 3 4 1 4 2 5 4 2 2 4 5 2 4 1 5 1 3 5 3 4 2 2 2 1 2 2 1 5 2 4 1 2 3 4 3 4 3 5 2 4 2 1 3 1 2 5 3 2 3
2 3 2 4 3 3 2 2 4 4 5 5 4 2 1 1 3 3 1 2 3 4 3 2 2 5 1 4 4 2 1 2 3 1 2 1 2 1 4 5 3 1 1 4 1 2 1 1 3 1 3 3 2 1 3 4 1 1 5 1 4 3 1 2 4 2 5 3 2 4 4 1 3 4 4 1 4 5 3 3 5 5 2 3 1 1 1 1 2 3 3 1 5 4 4 5 4 4 4 2 4 5 4 5 3 2 4 2 5 3 5 5 4 4 2 4 5 1 2 1 1 2 4 1 2 3 3 4 5 2 4 1 5 1 4 4 1 2 1 3 5 4 4 4 2 1 1 2 4 5 4 3 4 3 3 1 4 4 3 3 3 3 3 1 3 1 3 5 1 5 5 4 3 2 3 3 2 2 3 2 4 4 5 2 4 3 1 5 1 3 1 4 1 3 2 4 3 4 3 4 3 5 1 3 1 1 5 5 5 5 1 5 3 1 0 2 2 4 4 5 5 1 2 5 3 5 4 3 2 3 5 4 4 1 1 4 3 5 4 4 2 5 3 2 2 3 3 1 3 3 3 5 3 4 2 2 1 3 4 4 3 1 5 2 4 2 3 4 1 1 2 5 4 4 5 5 1 3 4 2 1 4 3 1 4 1 5 4 4 2 1 1 2 4 1 3 3 1 2 4 4 3 2 4 3 4 4 5 2 1 1 3 4 4 3 2 2 5 2 3 1 4 3 1 1 2 1 1 3 4 2 5 1 5 2 2 4 4 4 4 2 2 2 5 3 2 5 2 4 3
4 4 3 5 3 4 1 4 1 5 4 1 2 4 1 5 1 2 5 1 5 3 1 5 3 1 4 1 2 1 4 2 2 4 5 3 2 1 3 3 4 2 4 5 3 5 2 4 1 2 5 1 3 1 2 4 1 3 4 2 2 1 3 3 5 2 4 2 2 2 2 4 4 1 1 5 2 4 1 1 1 1 1 4 3 1 2 1 1 2 3 1 3 5 1 2 4 5 3 2 2 5 1 5 1 5 1 5 3 1 3 5 2 5 1 1 2 3 2 3 3 2 4 3 2 4 5 4 3 3 3 2 1 1 1 3 4 3 2 3 1 1 3 5 5 2 5 4 3 2 1 2 2 3 3 2 5 1 3 2 2 3 3 2 4 2 2 2 3 1 4 5 2 5 5 1 3 1 4 4 5 1 3 1 3 5 4 3 4 4 1 4 2 5 3 3 1 1 3 3 4 1 1 4 4 3 1 2 3 4 2 5 1 5 5 0 4 2 1 4 3 2 1 5 1 2 4 2 3 3 3 2 3 2 1 5 4 2 2 1 2 4 4 3 1 4 5 2 2 1 4 5 5 2 4 4 4 1 3 4 5 2 4 2 5 5 1 3 4 2 3 5 1 2 1 5 3 5 5 1 5 5 2 5 3 1 4 1 2 1 4 2 4 1 2 3 4 4 5 1 4 1 4 4 4 1 4 1 5 3 5 3 3 5 1 4 1 4 5 5 4 1 2 3 3 3 2 4 5 3 2 2 2 4 4 2 3 1 5 4 4 3 3 3 4 3 5 3 3 2
4 5 5 4 2 3 3 2 3 1 2 2 3 3 5 3 5 1 1 2 4 1 5 4 4 3 4 3 2 2 4 3 3 2 4 3 3 1 4 2 4 1 4 2 5 4 5 3 1 1 4 5 3 4 3 2 4 3 5 1 5 3 2 3 2 4 5 5 4 3 5 1 2 2 1 5 1 4 3 3 1 4 3 3 2 2 4 1 2 5 2 3 5 1 1 2 3 1 4 5 1 5 5 3 1 1 2 4 2 4 1 3 2 2 2 4 1 2 3 5 3 3 5 3 2 2 2 4 2 3 4 1 3 1 2 5 1 2 5 3 4 4 2 5 3 2 1 1 1 5 2 3 1 5 1 3 4 4 4 3 1 4 3 4 2 1 5 2 2 5 3 4 4 4 5 4 4 4 5 5 1 5 3 5 1 5 1 3 4 2 5 1 2 5 3 2 1 4 5 1 3 3 1 2 5 2 5 5 4 4 2 3 3 5 2 4 0 3 5 2 5 2 3 4 3 4 5 5 1 2 1 1 1 1 3 5 1 2 4 5 2 3 1 3 4 1 1 2 5 3 1 2 2 3 2 2 2 2 2 4 4 2 2 2 1 2 3 5 3 3 1 3 2 4 3 5 5 5 1 4 4 5 3 1 5 3 1 1 4 4 3 1 1 2 4 5 2 5 1 1 5 1 1 3 2 2 5 5 2 5 4 1 1 4 5 4 3 1 3 5 1 4 4 5 2 1 5 4 5 1 5 2 4 4 3 3 2 1 3 2 4 5 2 5 3 3 1 5 3 3
2 5 5 3 4 5 1 3 5 3 5 5 2 2 2 2 4 5 2 3 5 2 4 5 4 2 4 2 2 1 3 1 5 1 2 4 3 5 2 2 2 3 4 4 2 5 3 2 5 1 2 3 2 5 2 3 1 1 4 2 3 3 3 4 2 3 5 5 2 3 1 4 2 2 5 4 3 5 3 5 5 2 2 5 1 1 3 5 1 1 3 2 2 1 5 4 1 2 2 4 4 3 3 3 3 5 1 1 2 1 4 3 1 1 1 5 4 3 4 4 1 1 4 3 5 2 1 1 4 1 2 1 4 5 3 3 5 3 5 3 2 2 1 4 1 1 3 2 1 5 1 2 3 1 3 3 3 1 3 5 2 5 4 1 3 5 1 1 1 2 5 4 3 5 3 4 2 1 2 4 1 5 2 5 4 2 5 2 4 1 1 2 1 4 1 5 4 4 2 3 5 2 1 3 5 3 4 4 3 2 2 2 4 3 4 3 5 0 3 3 3 4 4 3 2 4 4 5 3 5 2 5 3 2 4 1 5 3 3 5 4 2 1 5 3 5 5 5 4 4 5 1 3 1 5 5 3 1 4 3 5 1 2 3 4 5 2 5 4 3 4 4 4 5 5 1 4 5 2 3 3 5 5 2 1 2 5 2 4 4 3 4 2 5 1 5 1 2 3 5 1 2 1 1 1 4 3 1 5 1 2 4 3 5 1 5 3 1 1 4 4 2 2 4 2 2 3 5 2 3 1 1 1 2 4 2 5 4 2 5 1 2 5 3 2 4 1 1 4 3
1 5 3 5 4 1 4 5 1 1 2 2 3 5 1 5 2 2 3 5 2 5 3 5 3 3 3 1 1 5 2 1 5 5 5 5 2 3 4 5 4 1 4 3 3 5 1 2 2 3 1 3 2 1 2 4 1 2 1 3 3 5 5 3 5 4 2 3 2 3 4 2 2 1 1 4 2 5 2 2 2 2 2 1 4 1 1 1 4 2 4 3 2 3 1 2 3 5 2 5 3 1 4 3 5 3 1 3 3 1 2 5 4 2 2 2 4 2 2 5 5 3 5 2 1 2 1 1 3 3 4 2 2 5 2 1 1 3 4 2 4 2 3 4 5 1 4 5 5 3 5 2 4 2 1 1 3 3 4 1 4 3 3 2 4 3 1 1 3 3 2 1 2 2 2 5 1 4 2 1 4 4 1 5 4 3 5 1 1 5 2 3 4 5 2 1 1 1 2 5 2 4 4 2 3 1 3 1 5 2 3 3 3 2 2 3 4 1 0 5 5 3 3 1 1 4 3 4 5 2 3 4 4 5 5 3 5 1 1 3 5 2 3 1 2 2 3 5 2 2 3 5 1 5 4 5 2 3 5 1 4 2 3 2 3 4 4 4 1 4 2 5 3 3 5 5 2 1 4 4 1 5 3 1 5 2 3 3 1 3 4 5 1 4 2 5 4 5 4 2 4 4 3 5 3 1 1 1 5 2 5 2 3 3 1 3 1 3 2 5 1 5 4 1 4 2 1 3 5 5 1 2 4 5 1 1 2 3 4 2 5 2 3 2 1 4 4 3 1 3
2 5 4 5 2 3 4 1 4 2 2 5 5 4 5 2 1 5 4 5 5 5 5 2 1 5 5 3 4 3 4 1 3 4 5 3 1 2 2 3 3 5 3 3 1 3 2 4 1 3 1 1 3 5 2 2 5 4 1 2 1 2 1 4 1 3 3 1 2 5 4 1 5 4 4 5 1 2 3 3 5 1 1 4 5 5 1 1 3 4 1 4 3 1 1 1 2 1 4 1 4 3 3 2 4 4 1 5 2 3 4 5 2 1 1 2 1 2 1 2 3 3 4 5 4 4 2 3 3 2 3 3 5 1 1 2 3 1 4 3 5 3 1 4 2 1 2 1 5 1 3 3 3 2 4 2 1 1 3 1 3 2 3 5 3 3 1 3 3 1 1 4 2 1 4 2 1 4 4 1 1 1 5 1 1 5 2 4 1 3 4 1 1 3 4 1 3 1 2 2 3 1 5 3 5 1 3 5 1 1 1 2 2 3 5 1 5 5 5 0 5 5 5 2 3 2 1 4 1 4 5 3 1 1 4 1 2 4 4 2 4 5 2 1 4 3 1 2 4 3 2 1 3 4 5 5 4 2 4 4 4 1 2 4 2 1 3 2 4 1 1 2 1 3 4 2 4 1 3 2 4 4 3 2 5 1 5 1 5 4 1 5 5 2 1 3 4 2 2 5 4 3 2 4 2 5 3 3 3 4 5 1 4 4 4 2 2 5 4 5 3 5 3 4 1 2 5 2 1 2 3 4 1 5 2 1 5 5 3 4 4 2 4 2 5 1 2 3 4 3
1 2 5 3 5 4 3 3 1 3 4 4 2 5 4 4 3 5 1 1 1 1 5 3 3 3 5 1 1 4 5 5 5 1 5 5 1 4 5 3 5 3 2 3 5 1 5 5 4 1 1 5 2 2 5 5 2 4 2 1 1 3 5 2 5 1 1 4 1 4 1 3 5 5 5 2 3 3 2 1 3 1 2 1 4 4 3 2 4 4 3 5 5 2 2 4 3 1 3 1 3 1 1 2 4 4 4 5 3 1 3 3 4 2 4 2 4 3 1 2 4 1 5 1 1 4 4 4 1 2 2 1 3 4 4 1 4 2 2 4 2 5 2 4 4 5 1 3 3 2 1 2 4 5 4 3 2 3 3 3 3 4 1 1 3 4 2 1 4 2 5 1 2 3 1 1 4 3 3 3 2 5 2 5 1 2 4 3 5 2 5 1 2 5 2 2 5 1 3 2 3 5 4 2 1 1 3 2 3 5 2 5 3 5 3 4 2 2 3 3 0 5 5 4 4 4 2 4 1 1 5 5 2 5 3 4 5 4 2 5 2 5 1 2 3 5 1 4 1 4 5 2 4 3 5 1 4 4 4 2 1 1 1 1 5 3 1 3 4 1 2 3 2 5 2 1 1 1 3 1 1 3 5 5 4 1 3 4 5 3 3 4 5 2 2 3 1 5 2 1 5 1 3 2 2 3 2 4 4 3 3 1 4 2 3 4 5 5 2 2 4 2 3 4 1 2 4 3 1 5 1 2 4 3 3 4 3 4 5 2 2 1 3 2 4 3 4 5 2 2
4 5 2 2 3 2 3 5 4 3 3 4 4 2 2 2 2 5 2 1 2 4 3 2 5 2 1 5 5 1 2 2 3 5 2 2 4 3 3 2 4 1 4 1 4 2 1 1 5 1 3 4 3 1 5 2 2 1 4 5 1 4 2 2 4 2 3 3 3 5 3 5 3 1 5 4 4 5 3 1 5 5 4 5 3 5 2 1 1 3 3 3 5 1 4 2 1 1 3 5 4 2 2 2 2 3 5 1 3 3 1 4 3 4 3 1 4 3 5 1 4 4 1 2 3 2 2 2 2 3 2 2 1 4 1 4 3 4 3 3 2 1 3 1 1 1 2 4 1 2 3 1 1 1 4 4 1 2 5 2 2 5 2 2 5 4 1 4 5 3 1 2 3 1 1 2 4 1 3 5 3 4 2 1 1 3 3 4 2 1 1 1 1 4 2 4 3 1 4 1 4 4 1 1 1 4 5 5 5 2 4 4 4 3 5 1 3 1 2 4 2 0 1 2 1 1 2 1 2 4 3 5 2 5 5 2 1 3 1 2 3 2 2 5 4 2 3 1 1 4 1 2 4 3 2 4 3 1 2 4 1 1 4 2 1 3 4 1 4 2 1 5 3 5 4 2 2 4 1 3 4 2 1 4 3 1 2 4 3 4 4 2 2 1 3 2 5 3 5 3 3 3 5 2 2 2 1 4 1 2 2 4 3 3 5 2 1 4 4 2 4 2 5 5 1 4 3 5 2 4 1 1 4 5 4 3 1 4 3 1 4 1 3 3 4 2 2 2 3 1
1 5 4 3 1 2 4 3 1 3 4 1 1 3 1 2 1 2 1 5 1 5 5 1 2 4 5 3 3 2 1 4 4 5 1 3 2 2 1 2 1 2 4 5 2 3 5 3 3 3 1 4 3 3 4 5 5 4 3 3 3 5 3 1 2 3 1 2 2 3 1 5 5 1 4 4 2 1 1 5 2 1 2 5 3 3 4 4 1 4 5 2 5 5 4 3 4 2 2 3 4 5 1 1 2 2 4 3 3 3 4 3 2 4 1 3 1 4 1 4 4 1 3 2 1 1 4 2 1 4 1 3 5 4 1 3 1 1 2 4 4 3 2 3 3 1 4 4 4 5 2 5 4 3 2 5 5 1 1 5 3 2 5 3 4 1 1 3 5 4 3 3 3 2 1 5 3 2 2 2 5 3 5 2 4 2 5 5 2 2 3 3 4 4 4 3 4 1 1 1 5 4 1 5 2 4 4 4 3 5 1 4 2 1 1 1 5 1 1 3 5 1 0 1 4 1 3 1 1 3 2 5 5 3 3 5 2 5 3 5 4 5 1 1 3 2 2 5 4 3 2 5 2 3 1 2 5 3 3 4 5 3 4 1 1 2 3 2 3 5 1 5 4 5 5 3 4 3 4 2 5 2 2 2 2 4 1 5 3 2 3 2 4 5 2 4 4 1 5 1 1 3 3 3 5 3 4 2 4 1 2 2 2 3 3 5 3 5 1 2 1 2 4 1 2 1 5 5 2 4 3 3 3 4 3 3 1 4 4 2 2 5 5 3 4 5 2 3 1 3
4 4 2 1 3 4 5 3 2 1 5 1 2 1 4 4 4 4 2 2 5 5 4 2 4 1 1 2 4 5 4 5 2 5 1 2 4 4 3 2 5 5 2 2 5 2 2 4 1 3 3 4 1 3 3 3 5 3 2 5 1 2 3 4 4 2 1 4 2 5 5 2 3 5 1 2 3 4 5 1 4 2 1 2 5 1 5 2 1 5 4 5 3 4 2 1 2 2 4 1 5 5 3 4 5 2 3 5 3 3 4 3 3 5 3 1 4 1 5 5 1 2 1 4 4 4 3 1 3 1 3 2 4 3 4 2 3 1 3 3 3 2 5 4 3 4 4 1 5 5 2 1 4 5 2 5 5 2 5 3 2 4 3 2 3 1 1 4 3 5 3 1 1 1 5 4 5 1 3 4 2 1 3 3 1 2 2 4 1 1 5 3 3 2 1 1 4 3 3 4 3 5 2 3 3 3 2 3 1 2 5 1 3 2 1 3 5 4 5 3 4 5 1 0 3 1 5 1 3 5 4 1 5 5 1 3 5 4 3 2 3 5 5 2 4 3 5 1 2 2 5 1 5 3 5 4 3 4 4 3 4 1 1 2 5 5 3 4 3 3 4 3 3 2 3 3 4 3 3 2 3 4 4 4 1 3 2 3 3 4 2 3 5 4 2 2 1 3 3 4 2 4 4 1 5 5 2 1 3 4 3 2 2 1 1 5 2 2 2 5 2 4 1 4 4 5 1 1 3 4 1 1 5 5 4 3 3 1 5 4 2 4 3 4 2 4 5 2 3 3
4 1 4 4 1 4 4 2 3 2 1 2 5 2 2 4 4 3 5 2 2 3 1 2 2 4 2 4 5 3 1 5 1 3 2 3 2 4 3 3 3 2 4 1 5 1 5 1 3 5 2 4 5 4 2 5 3 3 4 3 5 4 2 2 4 4 2 3 4 1 2 4 5 3 1 1 2 2 1 5 4 1 4 4 1 1 3 1 1 1 1 4 5 3 5 5 5 5 3 2 4 2 3 2 1 4 2 2 4 2 1 3 4 5 1 3 5 2 5 3 2 3 3 1 5 3 4 5 2 1 2 2 5 5 1 4 3 2 1 2 5 5 4 2 2 2 3 3 1 4 1 5 2 4 5 4 5 3 3 3 4 3 2 2 5 4 5 3 2 3 3 4 1 2 1 4 2 4 5 1 3 4 2 4 4 4 3 5 4 2 4 3 1 2 1 5 1 4 4 2 4 5 5 1 2 1 4 4 1 3 1 2 4 3 5 2 3 1 1 5 3 2 3 1 0 3 1 2 5 4 2 3 4 5 1 5 3 3 3 4 5 1 2 2 2 2 4 5 3 5 3 5 3 2 5 4 2 2 5 1 2 2 2 4 2 3 2 5 5 1 3 2 3 1 1 1 5 3 5 2 5 3 4 2 2 2 1 3 2 3 1 2 2 4 5 5 5 3 5 2 1 1 1 3 2 3 2 4 2 4 4 1 1 2 4 4 2 1 1 2 3 5 5 2 3 3 2 3 3 2 2 3 2 3 1 2 1 5 4 4 5 4 5 1 2 4 2 1 1 3
3 5 1 3 2 4 3 5 1 2 4 1 5 4 2 4 4 3 5 2 1 1 5 2 4 2 1 5 2 4 5 5 4 1 1 3 5 2 2 1 1 5 5 2 1 5 4 2 1 2 1 3 3 5 2 1 4 3 1 4 1 1 3 2 2 4 2 3 1 2 4 1 4 3 3 4 5 3 3 5 2 3 4 4 5 5 4 4 1 2 1 1 4 4 5 3 2 3 3 1 3 3 1 2 2 1 3 4 5 2 5 2 4 1 3 5 2 1 4 1 5 4 3 1 5 4 2 2 4 4 2 3 1 3 3 3 5 4 3 1 2 5 3 5 5 4 3 1 1 2 3 3 4 4 5 5 4 5 5 3 5 4 1 4 2 4 4 1 1 5 5 3 4 3 2 2 3 3 2 5 1 2 1 4 3 5 1 2 1 4 1 2 3 2 3 4 4 1 1 5 2 2 4 3 4 2 1 1 5 5 1 5 5 4 3 2 5 2 3 5 3 2 3 5 2 0 1 3 2 1 2 1 3 3 5 2 1 4 3 3 2 5 3 4 1 5 1 1 5 4 2 5 1 2 5 5 2 3 3 4 4 3 1 2 3 2 5 3 3 2 4 4 4 3 1 3 3 5 1 4 1 3 1 1 5 1 2 3 5 2 3 5 4 1 2 5 1 3 5 4 2 3 4 5 3 1 2 1 2 4 4 5 4 4 2 4 5 5 4 3 3 5 4 1 4 1 2 2 5 3 2 3 4 5 3 1 5 3 1 4 5 3 4 5 4 2 5 2 4 5
3 2 4 4 3 1 5 2 1 5 3 2 4 4 2 3 4 5 2 2 3 2 1 2 3 2 5 2 4 2 4 5 2 4 3 1 4 2 4 4 4 4 4 3 3 2 4 1 2 4 2 2 1 2 3 1 1 1 5 4 5 5 3 3 4 1 5 1 5 2 2 1 2 1 1 5 2 4 3 1 5 3 2 4 3 3 1 5 1 3 2 5 3 1 4 4 2 2 2 3 1 4 1 5 5 4 4 2 2 2 1 3 4 1 4 2 4 3 2 1 1 3 4 5 3 2 1 4 4 5 2 5 3 2 3 5 3 2 3 2 1 5 4 3 2 5 2 5 2 1 4 5 2 5 2 2 4 4 1 5 3 5 5 1 4 2 2 5 1 5 1 4 1 3 5 2 2 4 3 3 1 3 1 3 4 2 3 3 3 4 3 1 1 4 4 5 4 2 1 1 4 4 3 5 3 4 4 5 2 4 1 1 1 3 5 4 4 5 2 2 2 1 5 5 4 1 0 3 1 5 4 4 1 1 4 3 4 3 3 5 1 4 2 2 1 2 1 3 1 5 3 2 5 3 2 3 2 2 2 3 3 3 4 3 2 2 1 3 2 2 1 5 3 3 3 2 4 3 1 5 3 5 3 5 4 2 3 3 5 4 1 1 4 1 1 2 3 5 5 2 4 1 2 3 4 4 3 2 3 4 5 3 4 2 2 5 5 1 4 4 4 2 2 1 4 3 5 3 3 5 1 3 1 4 3 3 4 2 2 5 4 3 4 5 2 1 2 5 3 4
3 3 3 4 4 1 4 1 3 1 3 2 5 1 1 5 3 1 3 1 5 1 4 5 4 1 1 5 1 2 2 2 2 1 3 5 2 4 1 1 5 4 2 1 5 2 2 5 3 1 1 4 3 4 2 2 2 2 4 5 1 2 2 4 1 2 5 5 5 1 1 3 1 5 4 1 5 5 5 3 2 2 4 4 1 3 5 5 4 5 1 4 5 1 4 2 1 2 2 5 5 1 5 1 3 1 1 5 1 2 3 3 4 5 2 3 2 2 2 5 3 3 4 5 3 4 3 4 1 2 2 4 1 4 3 3 2 2 5 4 2 4 4 4 5 5 2 3 3 4 3 3 4 5 2 1 1 5 1 3 4 3 4 3 3 3 1 4 5 3 1 1 3 4 5 3 2 4 3 2 5 5 5 3 2 5 5 3 2 2 4 5 4 4 3 5 2 4 4 1 3 1 1 3 4 4 2 4 3 2 2 5 3 4 4 4 4 5 5 5 5 5 1 1 4 3 4 0 3 2 2 5 2 1 3 3 3 1 1 3 5 4 2 2 5 1 2 3 1 5 2 4 3 5 4 5 2 1 4 2 4 3 4 5 1 4 4 1 1 1 4 3 4 3 3 4 3 1 3 2 3 3 4 2 3 4 2 2 2 3 1 1 2 1 5 1 1 5 4 2 5 1 2 3 1 4 5 3 3 4 5 5 3 2 1 4 2 4 2 3 1 4 4 2 3 3 4 2 3 1 4 4 5 3 4 1 2 5 4 3 3 2 4 2 4 5 5 4 2 4
2 2 4 5 2 4 2 2 5 4 4 5 3 3 4 4 2 3 3 1 4 3 4 2 5 2 1 5 2 2 4 3 2 4 3 3 4 2 4 2 2 1 4 5 4 2 3 3 1 4 5 2 1 3 2 3 4 5 3 3 4 5 4 2 5 4 1 4 2 3 3 2 5 2 3 5 4 1 2 3 4 2 1 4 5 3 1 4 4 2 2 5 5 4 1 3 5 5 2 4 3 2 4 5 1 1 4 1 4 5 4 5 4 2 3 4 3 1 5 3 5 2 1 1 5 4 5 3 5 2 5 2 1 4 3 2 2 3 4 5 4 4 3 3 2 3 4 1 3 4 5 2 1 5 5 5 3 2 4 4 5 1 5 5 3 1 1 5 4 2 5 1 1 3 4 3 1 4 2 4 5 4 2 4 5 4 1 4 2 3 3 5 1 4 5 5 3 4 2 5 3 5 3 4 3 2 3 3 5 3 1 4 4 4 4 1 4 2 2 2 5 4 5 3 4 3 1 5 0 5 3 4 2 5 2 4 2 5 1 5 5 2 3 1 1 5 5 3 3 1 4 5 5 4 1 5 2 4 1 2 2 4 4 1 2 1 5 3 5 1 1 1 2 3 2 2 5 3 1 3 1 4 4 5 2 1 3 5 1 2 1 2 2 2 1 3 2 1 2 4 4 3 3 3 1 1 3 1 2 2 5 4 1 4 2 2 5 4 5 1 1 1 3 4 1 3 5 2 4 5 4 2 5 2 5 3 2 4 3 2 4 4 2 4 1 5 2 1 3 5
2 4 4 2 3 2 3 4 2 1 5 3 4 2 5 4 4 2 3 5 3 1 4 1 4 2 3 4 4 3 5 5 5 2 4 2 5 3 2 2 2 2 1 5 3 3 4 2 4 5 4 2 2 5 2 5 3 3 2 5 2 2 3 4 5 4 5 1 2 2 5 5 1 1 3 5 3 1 3 2 2 5 4 4 5 5 5 1 1 2 4 1 5 3 4 5 5 1 2 3 5 4 2 2 2 4 2 2 5 1 2 2 2 2 4 2 4 2 4 3 1 2 1 1 5 1 4 1 1 3 1 2 3 1 4 2 2 2 3 4 3 2 2 4 2 3 4 5 5 5 4 2 1 1 5 2 2 4 4 2 5 4 1 2 4 1 4 2 5 2 1 3 1 5 1 2 4 4 4 4 4 4 2 2 5 2 1 5 5 4 1 2 4 3 4 3 4 3 4 4 1 3 2 5 5 3 1 2 3 5 2 2 5 3 4 1 5 1 1 2 3 5 1 3 1 4 5 4 2 0 5 1 1 5 2 3 5 2 2 3 4 5 4 4 1 5 5 1 5 5 2 3 5 2 5 5 3 4 4 3 1 4 1 3 5 1 3 3 5 4 3 1 2 4 1 4 2 4 3 2 2 2 1 2 5 1 3 5 4 1 3 2 1 3 5 2 4 5 2 5 3 2 2 3 5 1 2 1 4 2 2 2 4 2 2 4 2 4 4 4 2 1 3 4 2 4 4 2 2 4 1 2 2 2 5 3 3 3 4 1 4 5 2 3 2 4 4 2 3 1
2 1 1 4 4 4 1 1 5 2 1 2 5 1 3 5 1 4 3 4 4 1 3 1 1 1 2 3 1 3 1 4 1 1 4 2 2 2 4 1 5 5 2 3 1 4 4 5 2 3 5 5 5 1 5 5 3 3 4 5 3 4 2 2 5 2 1 5 5 2 4 3 4 3 2 3 2 1 5 3 2 4 1 3 1 1 1 5 4 5 3 4 5 4 1 5 2 3 2 1 2 2 1 4 5 5 3 2 1 4 3 1 4 5 4 1 3 1 2 2 5 2 5 5 2 2 4 5 2 3 2 4 3 4 1 2 1 2 2 3 3 1 3 4 5 1 5 5 2 2 4 1 4 5 2 2 1 1 1 4 4 1 4 3 4 4 4 3 4 1 3 1 5 4 2 3 1 2 5 4 2 5 4 5 1 1 3 4 2 1 1 2 2 2 1 2 1 3 3 1 1 4 3 1 3 4 4 4 4 3 5 5 3 5 4 1 2 1 3 5 4 2 3 3 3 3 5 1 2 3 0 3 3 2 4 1 4 4 1 5 1 2 3 5 4 5 1 1 2 2 4 1 3 1 3 5 5 2 3 2 5 4 5 4 4 4 1 4 1 5 4 4 1 5 3 1 3 3 2 3 5 2 5 1 5 2 2 2 5 3 2 3 2 2 5 1 4 2 5 5 1 1 4 2 1 5 4 2 5 1 2 3 3 4 3 5 1 2 4 3 1 2 2 3 4 4 2 3 2 5 2 3 4 2 2 1 5 5 3 4 2 4 4 2 4 4 2 2 1 1
4 2 2 1 1 1 4 4 5 2 1 2 3 3 2 2 1 3 3 1 2 4 1 5 5 2 1 4 2 2 4 4 5 4 5 3 1 4 5 2 2 4 1 4 4 3 5 4 5 5 5 1 1 4 5 1 2 4 5 3 3 3 1 3 4 4 2 3 1 4 5 1 4 1 2 3 5 5 2 4 4 2 2 5 3 1 1 3 4 1 2 3 3 4 3 1 4 3 1 4 4 2 2 3 1 4 3 3 5 3 4 2 4 3 3 5 5 3 1 5 4 4 3 4 3 4 1 5 5 4 1 4 4 2 4 4 1 4 5 1 2 2 1 2 1 5 1 2 3 4 1 2 4 5 1 1 5 4 4 5 3 3 3 1 5 3 4 2 1 4 3 1 2 3 4 5 5 3 4 4 1 2 2 4 5 4 5 5 2 4 4 2 1 2 3 2 3 4 1 5 3 4 5 4 3 1 3 5 1 5 3 4 3 5 5 3 5 1 3 3 5 5 1 5 2 1 2 4 5 5 2 0 2 1 1 4 2 3 4 2 2 3 2 2 1 4 4 2 4 1 1 1 2 3 2 4 1 2 1 2 1 3 1 4 2 1 5 5 1 3 2 5 1 5 2 2 3 4 5 4 5 3 5 3 4 1 1 5 2 4 2 1 5 2 1 3 1 4 4 4 2 2 3 2 1 1 3 5 3 1 4 2 3 1 4 1 2 5 5 1 4 5 4 4 1 1 1 5 3 1 2 3 3 2 3 1 2 2 4 2 2 1 2 2 1 4 5 2 1 1
1 3 1 1 2 5 2 3 4 1 2 4 2 3 5 3 3 5 3 1 1 3 5 2 5 5 3 2 4 1 1 4 1 3 3 1 3 2 4 4 5 1 2 4 3 5 1 2 1 4 5 1 2 3 3 2 1 5 2 2 3 4 5 1 4 2 1 2 3 1 1 4 1 2 4 3 3 2 4 3 5 5 2 1 3 5 2 3 4 4 4 1 5 5 1 2 1 1 4 3 5 4 3 3 1 3 1 2 3 1 1 2 3 1 2 3 4 1 5 3 3 1 4 4 2 2 4 2 5 1 4 2 1 2 4 1 1 2 2 5 3 4 3 4 1 2 4 2 4 1 2 5 2 5 2 2 4 1 1 2 5 5 5 4 5 1 2 4 1 1 3 2 1 2 4 1 4 2 4 3 2 3 1 1 3 3 3 5 2 2 4 3 4 2 5 2 3 3 1 4 2 5 4 3 4 3 1 5 2 5 2 2 5 5 4 3 5 2 3 1 1 4 3 5 3 3 5 3 1 5 2 1 0 5 5 3 2 1 2 5 1 5 1 5 1 3 5 4 3 3 3 3 3 5 4 5 2 3 4 2 3 4 2 4 3 5 3 2 3 3 4 5 1 5 5 2 2 2 3 2 3 2 2 1 5 3 2 5 4 4 3 1 2 4 3 3 3 2 4 1 1 3 2 4 5 1 3 3 5 4 1 5 3 3 2 3 3 5 1 2 3 1 2 2 4 5 2 5 2 1 1 5 3 4 1 1 5 5 2 3 2 4 1 2 5 1 2 5 2 5
3 3 5 1 2 1 4 5 2 2 2 3 5 1 3 4 5 2 5 3 2 4 1 2 3 1 3 5 1 1 3 2 3 4 1 4 3 3 2 4 5 5 3 3 1 2 2 3 3 4 2 1 4 1 3 3 4 5 5 4 3 5 4 2 3 3 4 5 1 3 2 2 3 2 5 5 1 2 1 1 3 5 3 2 5 1 1 5 3 1 2 5 1 3 2 2 4 4 5 5 3 2 3 3 3 4 4 5 1 2 1 5 1 4 1 3 4 3 5 5 1 4 4 1 5 1 4 3 3 1 1 5 3 1 2 4 5 4 1 2 5 1 3 5 1 2 2 5 3 2 3 4 2 1 3 5 4 4 5 1 3 2 1 1 1 4 3 1 2 1 4 2 4 5 2 2 4 4 5 1 1 3 5 5 1 2 3 1 3 4 2 1 1 4 4 2 1 4 2 3 3 5 5 5 2 4 5 5 5 1 2 3 2 4 3 2 5 3 1 4 4 3 1 2 2 5 1 4 1 2 1 3 2 0 3 2 2 5 4 4 2 5 1 2 1 4 4 4 4 5 4 2 5 5 5 3 1 3 5 2 1 2 5 4 2 1 2 5 4 4 4 4 5 1 4 2 5 1 5 3 3 5 1 5 2 1 1 2 4 1 1 2 4 4 1 2 4 3 5 4 2 4 1 2 1 5 5 5 1 4 3 5 1 4 2 3 2 1 5 2 2 2 5 5 3 1 5 2 3 1 1 1 4 3 2 4 1 2 3 3 5 3 4 5 1 4 4 2 1 2
3 1 4 4 5 2 4 4 1 4 1 5 4 1 2 4 3 3 5 1 5 2 5 5 1 2 4 3 3 5 3 5 3 4 1 3 5 3 5 3 3 5 1 1 1 2 3 1 4 4 3 1 5 3 1 5 1 5 2 3 2 2 1 3 4 2 5 2 5 2 5 4 3 2 3 2 4 2 5 2 2 4 2 5 2 3 4 5 3 1 5 3 5 2 2 5 4 4 3 5 1 4 3 4 2 5 3 5 3 5 5 2 3 2 3 2 4 3 1 3 2 3 2 1 5 1 3 1 3 1 2 4 4 5 2 5 1 1 3 5 4 2 4 4 1 4 2 4 2 4 1 3 4 4 1 1 2 4 2 4 5 4 5 4 5 4 1 2 2 1 2 5 5 2 3 2 1 4 3 3 1 1 3 2 2 5 1 1 5 3 5 1 1 1 2 4 2 4 4 4 1 2 2 2 2 3 5 1 5 4 4 4 5 3 1 4 2 2 3 5 1 5 2 1 3 5 5 2 4 5 4 3 3 1 0 3 1 4 3 4 1 1 2 5 4 3 5 5 2 2 4 2 5 2 5 4 3 1 2 2 4 1 4 4 4 1 5 4 4 3 1 1 5 3 4 3 1 4 4 1 3 1 1 5 4 3 3 2 4 3 4 2 4 3 1 5 4 2 2 3 5 5 4 5 2 3 2 3 3 1 1 4 3 5 5 5 3 3 4 3 3 1 5 5 4 1 3 5 2 1 2 1 2 1 3 1 2 2 2 2 2 4 1 2 5 5 5 2 2 1
3 5 4 3 4 4 2 3 2 4 2 4 2 4 5 1 4 3 3 4 1 1 5 3 4 2 4 1 2 4 2 2 4 2 3 5 4 1 3 3 2 2 4 1 5 2 3 4 4 5 4 2 2 1 2 2 5 5 5 5 5 4 5 2 3 4 5 3 5 2 3 2 3 3 4 5 3 4 1 5 4 4 1 2 3 4 2 3 4 5 4 4 1 1 5 4 5 4 4 1 2 5 1 1 5 2 3 2 1 2 5 4 3 3 3 3 4 5 1 2 3 2 2 2 4 2 5 5 1 5 4 3 5 5 1 2 2 2 1 1 2 2 2 3 2 3 1 2 3 4 1 1 4 2 5 3 1 2 5 2 5 1 5 2 3 1 2 3 1 3 2 1 1 5 1 1 2 2 5 4 5 1 5 3 3 1 3 3 2 5 3 2 3 2 3 5 1 2 1 3 5 3 2 1 4 4 5 1 1 4 1 3 4 4 3 1 4 3 1 5 4 1 2 5 3 2 4 1 2 1 2 2 1 5 3 0 3 2 4 4 2 5 5 1 1 3 5 5 1 2 4 4 1 1 1 4 4 1 3 1 1 2 1 2 2 1 3 3 1 3 4 4 5 3 2 3 1 5 3 2 2 3 1 1 3 4 2 3 5 2 2 3 4 1 3 5 4 3 3 1 4 2 5 4 5 3 3 5 3 5 1 5 1 3 5 2 1 3 5 4 1 1 3 5 3 2 1 5 2 5 1 5 2 4 2 4 2 3 5 3 2 2 3 2 4 2 5 1 3 5
2 3 4 3 1 2 2 1 5 2 2 3 3 2 3 2 2 3 1 3 2 5 3 3 2 5 1 2 1 2 1 4 4 3 5 2 4 3 1 3 1 4 5 5 1 4 2 4 2 4 4 3 1 2 2 1 5 4 5 2 1 2 4 4 2 4 5 5 2 3 5 3 2 5 5 3 1 5 3 1 3 3 2 5 3 3 5 5 3 5 5 4 4 2 2 2 2 4 4 3 4 4 4 4 1 4 4 2 3 1 1 3 1 4 2 2 2 3 1 3 3 3 2 5 4 1 1 4 3 5 4 4 5 2 2 5 5 2 4 2 5 4 4 4 3 5 4 3 1 2 3 1 1 4 2 5 3 1 1 5 2 4 2 1 4 4 4 1 3 5 1 3 2 3 5 5 4 3 3 5 5 1 2 3 1 2 1 1 1 1 2 1 2 2 5 2 2 2 2 3 1 4 5 1 4 2 3 1 4 3 5 2 3 4 3 4 5 1 2 3 5 2 4 4 1 4 3 2 2 4 4 4 3 1 4 3 0 3 4 4 5 1 1 4 4 1 5 1 4 1 4 4 5 3 1 2 4 1 3 2 1 4 2 5 1 5 1 1 2 2 1 5 3 1 5 3 1 3 3 4 2 4 5 5 2 2 5 3 2 3 4 3 1 1 4 4 3 3 2 5 2 4 2 5 2 2 3 2 3 3 4 4 4 4 2 5 1 3 1 4 1 4 4 1 2 4 1 4 3 3 4 3 2 2 4 1 3 1 1 2 2 2 2 1 4 3 4 1 2 3
2 4 5 4 1 1 4 5 4 5 4 1 4 1 2 2 1 1 3 2 4 4 1 4 3 2 4 3 5 1 3 1 3 1 2 4 2 4 1 3 5 2 4 5 3 2 1 5 1 5 3 2 1 4 1 1 2 1 1 2 4 5 4 3 2 3 3 5 1 2 1 5 2 1 3 5 3 4 3 3 4 1 1 5 4 2 3 5 2 5 4 2 1 5 4 3 3 1 4 1 4 3 1 1 5 4 5 1 3 3 3 4 3 4 4 1 1 3 3 4 5 1 4 4 1 4 5 4 5 4 2 4 2 2 4 4 4 3 3 4 2 5 2 5 1 4 5 1 2 1 3 1 1 4 5 3 4 1 3 4 2 1 3 2 3 3 1 4 3 2 3 1 2 4 5 5 4 3 1 2 2 5 4 5 5 1 5 5 1 3 1 5 4 4 2 4 1 1 3 4 3 3 3 1 2 1 1 4 3 3 4 1 4 2 4 1 5 2 2 4 4 4 3 3 3 4 4 4 4 3 4 2 3 3 4 5 1 0 2 1 2 4 3 4 3 3 1 4 4 3 2 3 4 1 2 2 3 2 1 2 1 3 3 1 5 5 1 1 4 3 1 4 3 2 1 3 4 4 5 3 5 5 2 5 5 3 2 1 3 3 3 4 4 3 1 5 4 3 5 4 4 3 5 1 4 4 1 4 2 4 3 2 2 3 4 5 4 3 3 1 2 5 1 4 4 2 2 3 4 1 2 1 4 4 3 2 4 1 3 1 3 1 4 3 4 3 3 1 3 1
3 3 5 4 2 3 4 5 3 1 4 2 5 4 1 3 4 3 1 2 1 4 4 2 5 2 4 4 4 5 1 4 3 5 1 5 3 4 4 1 4 2 4 3 2 1 4 1 3 1 4 5 2 1 5 2 4 1 4 4 1 5 2 4 3 1 3 1 5 1 5 2 5 2 4 1 5 2 5 4 1 4 4 2 4 2 5 1 4 1 3 5 1 5 5 1 3 5 1 4 1 1 2 3 5 5 1 1 4 3 1 1 4 2 1 2 4 5 1 5 2 3 4 1 4 3 1 5 5 5 5 2 4 1 2 1 3 1 2 2 3 3 1 2 2 3 4 2 2 2 1 4 4 5 5 3 5 4 3 5 2 1 3 1 2 4 3 3 2 5 4 3 4 2 3 2 5 2 3 1 4 5 2 2 2 5 5 3 5 1 3 1 4 1 2 1 3 3 4 3 4 5 3 4 2 3 5 5 4 3 5 3 1 3 5 2 2 5 3 2 4 5 2 4 1 3 5 3 3 3 2 5 4 5 2 1 2 2 0 3 3 4 2 5 2 3 2 1 1 4 4 1 4 1 2 4 2 3 3 2 2 3 1 3 4 5 2 5 1 2 1 4 2 4 2 1 2 5 5 2 2 4 3 2 4 2 4 4 4 3 4 5 4 2 3 3 2 5 2 1 2 1 3 2 3 1 2 2 3 5 5 4 2 3 5 4 2 3 3 3 2 1 4 5 4 5 2 2 5 4 3 2 1 1 5 2 1 2 2 5 1 1 2 5 4 3 4 2 4 1
2 4 1 4 2 5 2 2 4 3 5 3 4 4 5 1 1 3 4 2 1 4 3 1 2 3 3 1 5 4 5 4 5 1 1 5 2 1 2 3 5 1 3 3 3 2 5 4 5 2 4 2 3 4 1 4 3 4 1 3 4 2 4 2 1 4 3 1 4 5 2 2 1 3 4 5 2 3 3 5 1 3 1 4 5 1 4 4 2 2 2 1 5 3 1 2 3 5 1 3 1 5 5 4 2 5 2 2 4 2 1 4 4 3 1 1 2 3 4 4 4 3 5 2 4 1 5 4 2 3 2 2 2 5 2 1 1 3 5 4 5 2 3 4 5 3 1 1 3 1 4 1 2 2 5 5 2 2 5 2 3 5 1 4 3 3 2 4 1 5 5 4 1 5 1 4 5 2 4 2 2 3 2 2 3 3 5 1 4 2 4 2 4 4 5 2 4 2 4 2 5 4 4 3 4 4 4 3 1 2 4 3 3 3 4 1 5 2 1 3 1 5 4 2 2 4 3 3 4 3 5 2 4 2 3 4 1 4 1 0 1 2 3 3 4 4 2 4 3 2 4 5 4 5 4 1 2 3 4 4 4 1 3 3 1 5 4 5 5 3 4 5 3 4 4 4 2 5 5 2 3 1 3 2 1 1 2 5 5 1 1 2 5 1 5 1 5 2 3 4 1 1 1 1 1 1 3 5 3 3 3 3 1 5 5 2 4 5 1 4 1 1 5 5 2 3 5 5 3 1 5 3 1 4 4 3 1 4 5 5 5 4 4 4 4 4 4 3 3 4
3 2 1 4 2 5 2 3 4 4 4 1 1 3 5 3 1 2 3 1 5 5 4 2 4 3 1 1 4 1 2 5 1 1 2 2 4 3 1 4 4 1 5 3 3 4 5 4 5 2 5 2 4 1 1 1 4 2 5 1 5 1 5 1 1 1 3 5 4 3 1 5 4 3 5 3 2 4 4 5 1 2 4 5 1 2 4 4 1 5 5 3 4 3 4 5 2 5 4 4 5 4 2 3 3 4 3 3 2 2 1 1 2 5 4 5 3 2 2 1 3 2 4 2 2 2 1 3 3 4 5 4 2 2 3 4 1 1 5 3 2 4 5 4 3 4 2 1 4 1 1 4 3 5 1 3 3 2 3 2 5 3 2 5 2 3 1 2 5 4 4 1 5 1 5 3 5 1 4 5 2 5 2 2 3 1 2 3 2 3 3 3 2 4 4 3 4 4 2 3 3 1 3 4 5 4 4 2 5 1 1 4 3 5 1 3 3 2 5 2 1 1 4 5 2 1 4 1 4 2 2 5 5 2 3 5 1 1 3 2 0 2 5 1 5 2 1 4 1 2 5 2 5 4 4 2 4 2 1 4 2 1 2 4 1 1 5 3 3 1 4 1 5 1 2 3 1 3 3 4 3 1 1 3 3 4 5 1 4 1 4 3 4 1 4 5 4 5 4 5 2 3 2 2 2 1 1 3 1 1 1 4 4 5 3 2 1 1 5 3 3 2 1 4 3 2 1 2 5 1 4 5 4 1 5 4 5 5 2 3 1 1 5 4 2 4 4 1 3 2
1 4 2 1 4 4 4 5 3 4 2 3 1 5 1 4 3 4 2 5 4 5 2 1 4 2 3 3 5 5 2 1 3 3 2 3 2 2 2 5 1 5 1 4 4 1 2 5 1 5 2 1 4 1 1 1 1 5 5 3 2 5 2 2 3 2 3 4 2 3 1 4 3 5 4 1 2 5 2 4 4 3 4 4 2 4 5 1 1 1 3 2 3 4 2 2 4 1 4 1 2 5 5 1 4 3 5 3 5 1 2 2 1 2 1 3 4 2 5 5 1 4 2 4 4 3 2 5 2 5 1 1 1 1 1 3 1 2 3 1 5 5 2 4 3 2 3 1 2 1 2 1 2 2 3 4 2 1 3 4 5 4 4 5 5 4 2 3 3 3 2 2 2 3 1 2 2 5 3 5 4 2 4 4 4 4 2 3 1 2 4 2 1 1 3 1 5 3 3 4 5 4 1 3 4 1 5 1 1 2 5 1 2 2 1 5 1 1 2 3 1 2 2 3 2 2 4 2 5 5 3 2 1 1 1 3 4 1 1 3 2 0 4 2 1 2 2 3 4 2 3 1 4 5 3 3 3 3 4 1 3 4 5 5 1 5 5 2 2 3 2 1 4 3 3 4 3 5 2 5 3 1 2 4 1 2 5 1 4 3 3 1 4 3 2 5 5 2 3 5 1 1 3 3 4 5 5 3 3 4 5 1 1 4 4 4 2 2 3 4 3 2 4 4 4 2 1 2 4 4 4 1 1 2 2 4 3 1 3 3 4 2 4 1 5 1 1 2 3 5
1 4 2 2 5 1 5 4 3 4 1 1 2 3 3 3 1 1 3 5 4 4 4 3 5 1 2 1 1 1 2 2 3 4 2 5 2 4 4 2 4 4 2 1 3 4 3 3 4 1 3 4 4 1 3 5 2 1 2 4 3 5 1 2 3 2 2 5 1 2 1 4 1 5 4 4 3 1 3 1 1 4 1 5 5 4 4 1 3 3 1 5 3 4 4 2 5 5 2 5 2 4 3 3 4 1 1 1 2 5 3 4 1 4 1 1 5 4 4 2 5 1 5 3 2 1 2 2 4 5 2 3 5 2 4 2 5 4 4 5 2 4 2 3 1 5 2 1 3 1 5 1 2 5 1 2 2 2 4 2 1 5 3 3 2 5 1 4 4 4 2 5 5 1 2 2 1 1 3 4 3 4 3 5 3 3 1 5 5 5 1 2 3 2 1 5 4 3 5 2 2 3 4 2 2 1 4 5 1 1 4 2 2 2 1 5 1 1 3 3 4 1 5 4 2 1 4 4 2 3 5 4 3 4 4 3 1 4 3 1 2 4 0 1 5 3 1 5 2 3 4 1 1 1 3 4 3 3 3 1 1 1 5 3 4 5 1 3 1 2 4 5 4 2 2 2 1 2 5 1 3 2 1 1 3 2 2 2 4 2 1 5 5 1 3 4 5 5 5 3 3 2 5 3 3 2 2 5 2 5 3 5 4 3 3 5 4 1 3 5 1 3 5 2 3 3 2 5 4 4 5 3 5 2 4 3 5 3 5 3 1 4 5 3 1 1 4 4 3 4
1 2 1 5 4 5 3 3 2 5 5 5 1 4 2 4 5 5 5 5 4 1 5 3 5 4 3 5 5 4 3 4 5 1 4 5 3 1 5 5 5 3 1 2 2 4 1 2 1 2 1 3 1 1 4 1 1 5 4 3 2 1 1 3 4 3 4 4 3 5 1 3 1 1 2 1 1 3 4 5 4 5 1 1 5 3 1 2 1 1 5 3 1 3 4 5 1 5 5 4 1 1 1 5 5 2 5 1 2 2 4 1 1 4 1 1 2 1 1 3 4 1 4 5 3 1 4 3 3 4 1 4 2 2 1 3 1 2 2 3 1 1 1 2 4 5 3 5 4 3 5 3 3 2 3 3 2 2 1 4 2 4 3 5 2 5 3 3 2 1 3 3 5 3 4 2 5 4 5 4 4 4 1 3 4 1 3 3 5 5 3 3 1 2 4 5 1 2 4 1 1 3 5 4 1 3 1 1 5 5 3 2 1 5 4 4 4 2 2 4 5 4 4 4 1 3 3 2 1 2 1 5 3 2 2 2 2 3 1 2 4 1 4 0 2 2 4 1 3 4 2 3 3 5 1 4 1 4 5 1 3 3 4 2 5 1 1 1 1 1 4 1 4 3 4 2 4 4 2 2 1 2 5 3 5 3 2 1 3 1 2 4 5 4 4 5 5 1 5 3 4 5 2 2 2 3 2 2 2 5 2 4 4 5 3 1 1 2 2 5 2 2 5 1 2 3 4 2 4 1 3 1 2 4 3 1 4 2 2 2 3 4 4 1 3 5 5 3 4 4
3 2 4 2 2 3 2 4 2 3 5 5 1 3 3 5 4 3 5 4 2 5 4 2 3 1 4 1 3 2 3 5 5 3 2 5 5 2 1 4 1 1 2 1 3 3 2 1 1 2 1 3 3 2 2 3 5 3 4 1 4 5 4 1 5 4 5 1 1 4 5 5 1 2 1 4 3 1 4 1 2 5 2 2 2 2 5 1 3 1 5 1 3 1 5 2 3 1 4 4 3 5 1 4 4 5 2 4 1 3 5 5 3 5 1 3 1 1 3 5 1 1 3 1 3 1 4 2 1 5 5 2 4 1 1 3 2 2 1 4 5 2 3 2 3 4 1 2 5 3 3 5 4 5 1 2 4 1 2 4 5 5 1 1 3 5 5 2 1 5 2 1 1 4 2 3 5 5 5 3 2 2 5 5 2 4 4 2 2 3 5 2 1 4 3 1 4 1 2 2 3 5 5 5 1 1 2 4 2 2 3 2 1 5 1 4 5 4 2 4 5 5 1 1 3 5 4 3 3 2 2 2 2 4 1 1 2 4 2 5 1 5 2 2 0 2 2 3 3 5 2 3 3 2 1 4 1 1 3 2 1 3 1 1 3 3 2 2 4 2 2 3 3 4 4 2 1 5 5 3 2 1 4 1 1 3 2 2 3 1 3 1 3 3 2 1 4 4 3 5 1 3 3 5 2 5 5 4 1 2 1 4 3 5 3 5 5 5 1 3 3 4 5 5 4 5 5 1 2 4 4 1 2 4 2 4 1 5 5 1 2 3 3 1 3 2 4 4 4 4
1 4 3 5 4 3 5 5 2 3 1 2 1 5 5 3 1 5 4 5 4 4 5 5 5 5 3 2 5 3 2 2 1 2 2 3 4 5 4 2 5 1 3 3 4 4 5 1 4 3 5 1 1 4 1 4 4 1 1 4 2 5 3 4 2 3 4 4 2 3 1 5 5 4 4 4 4 5 4 3 3 1 1 1 2 3 5 4 3 2 5 1 5 3 2 1 2 3 2 4 2 2 2 3 1 4 5 3 4 2 5 4 2 3 1 3 2 4 4 5 3 3 5 4 2 4 5 4 2 4 3 3 2 2 2 3 4 2 4 5 1 1 3 3 3 4 1 2 4 1 2 3 2 5 1 2 1 4 2 3 1 3 2 2 2 4 3 1 5 5 2 3 4 5 5 4 5 1 4 3 4 3 1 1 4 1 5 1 3 3 2 2 2 3 4 2 1 2 3 5 4 5 4 3 1 2 4 1 1 2 3 1 1 5 4 3 1 4 5 2 1 5 1 2 1 2 3 5 5 2 3 5 3 3 2 2 1 2 2 5 4 3 2 2 3 0 3 1 4 2 2 1 4 4 3 4 3 4 3 1 1 1 1 4 1 1 4 4 1 4 1 5 2 3 5 1 4 4 1 3 4 5 2 5 5 3 2 3 5 4 3 1 1 4 4 3 4 1 3 3 1 5 1 2 1 4 4 2 4 2 4 2 4 3 5 4 5 4 3 3 4 4 4 1 1 2 3 3 1 5 1 4 1 3 1 2 1 2 5 5 5 1 3 3 3 2 3 5 3 2
4 5 3 3 1 5 2 3 4 1 3 3 5 1 5 1 3 3 3 2 5 2 3 5 1 2 3 2 3 5 2 2 5 3 2 3 5 4 4 5 4 3 5 2 3 2 4 1 3 1 4 4 1 4 1 4 5 4 2 2 1 3 3 2 4 4 1 5 4 1 5 1 1 4 1 5 2 5 1 1 3 2 3 4 3 3 3 5 4 4 4 3 4 1 5 1 5 3 4 2 1 2 5 5 5 4 2 4 2 4 3 5 4 4 2 2 3 2 1 3 5 3 3 1 4 3 1 2 2 5 1 3 5 5 2 1 5 3 2 1 3 4 1 1 1 1 3 4 4 5 3 4 3 4 4 5 4 1 5 3 1 5 3 5 4 5 1 5 3 5 2 4 3 2 2 3 3 4 2 3 4 2 4 4 3 5 2 2 4 2 5 4 3 3 3 1 5 2 5 4 3 1 4 5 4 4 5 5 2 4 1 3 5 4 2 2 1 5 2 2 4 4 3 4 2 4 2 4 3 2 5 5 5 2 2 4 5 1 2 1 4 3 5 2 3 1 0 3 3 3 5 4 4 1 5 2 2 2 1 1 1 2 4 1 5 3 2 5 3 1 1 1 2 1 4 4 3 5 3 5 5 3 3 4 2 2 1 5 1 3 4 1 3 4 1 2 4 1 5 3 3 3 5 3 3 4 4 4 4 3 5 2 2 4 4 2 3 2 3 5 1 2 1 5 2 1 4 1 4 5 3 1 3 1 4 1 5 4 2 3 2 3 1 4 2 2 1 2 3 5
2 3 4 5 5 1 3 4 2 2 3 2 4 1 2 5 3 1 1 1 3 1 1 5 2 5 1 5 5 4 4 3 1 1 2 4 4 2 3 4 1 1 1 4 3 4 3 3 1 3 4 5 3 5 2 2 5 2 1 2 3 4 5 2 3 1 2 2 5 4 4 4 4 2 3 1 3 2 2 1 4 2 4 1 2 2 4 5 1 5 4 1 2 2 3 4 3 1 4 3 5 4 2 4 1 5 1 5 2 4 4 4 2 1 2 1 3 4 3 3 3 1 2 2 5 3 3 4 4 3 1 1 2 1 4 1 3 1 2 5 2 5 4 1 1 4 2 4 1 3 3 2 3 1 3 2 2 3 3 5 5 3 3 1 4 2 1 1 3 4 2 5 2 3 5 2 4 4 3 1 4 5 4 3 3 4 5 1 1 3 5 1 1 5 4 1 1 4 5 3 1 1 2 1 4 3 3 2 3 2 3 2 3 3 3 4 5 1 1 3 5 4 1 1 1 4 1 5 1 5 3 4 4 3 4 2 4 3 4 4 5 1 4 4 2 1 4 0 2 3 4 2 5 4 3 5 3 1 4 4 4 4 4 2 3 2 4 4 4 2 4 4 1 5 4 2 1 4 1 4 2 1 1 2 4 3 1 3 1 1 1 2 3 5 4 5 4 3 4 1 5 2 1 1 2 4 5 1 2 4 4 5 2 3 1 4 3 4 4 3 2 4 1 1 2 5 3 5 5 4 2 2 3 2 3 4 2 3 2 2 2 1 3 3 2 5 4 1 1 3
2 1 1 1 5 3 2 2 3 4 2 3 3 1 1 4 3 3 3 2 2 2 2 4 3 3 4 5 3 4 2 5 4 2 5 3 1 5 3 1 4 3 1 3 3 5 2 3 1 5 1 2 3 4 4 4 1 5 2 3 5 4 5 2 5 2 3 2 5 2 4 5 1 4 5 4 5 5 4 2 3 4 1 4 3 3 1 5 2 5 4 2 2 4 1 4 5 3 4 1 4 4 5 1 2 2 4 3 4 2 3 2 2 5 1 1 4 1 3 1 2 4 3 2 5 2 2 5 4 2 2 2 2 4 1 1 3 4 4 5 4 5 2 3 5 5 3 5 3 2 5 1 4 2 2 5 1 5 5 4 4 5 1 3 3 4 1 4 1 4 1 1 2 1 3 2 3 3 4 5 5 4 1 3 3 1 4 2 4 1 4 1 1 2 5 4 3 2 4 1 4 2 4 1 2 3 3 3 3 4 3 2 3 1 2 5 4 1 5 2 5 2 4 1 2 2 3 1 1 4 1 1 2 3 1 4 2 2 2 4 5 1 5 2 4 1 3 4 0 3 1 1 5 5 4 5 4 4 2 1 5 3 3 4 5 4 4 2 2 2 1 3 1 5 3 5 1 3 2 1 5 3 5 3 4 3 3 1 5 4 1 4 3 1 3 3 5 4 4 1 1 3 5 4 3 5 2 3 3 1 5 5 3 1 5 1 1 2 5 3 1 5 5 4 3 2 2 4 3 4 4 5 2 3 1 1 1 1 5 1 2 2 4 5 3 3 5 2 3 3
2 2 2 2 4 1 5 5 4 4 2 4 2 3 4 2 3 4 2 3 1 4 1 2 2 2 3 5 5 2 5 2 4 2 1 5 3 4 3 2 4 4 3 3 1 5 2 2 3 4 1 5 1 2 2 2 4 5 2 2 3 1 4 1 3 1 4 1 3 4 4 5 2 3 5 4 5 3 2 2 2 1 3 4 3 4 1 2 1 2 5 2 2 3 2 2 2 2 4 3 2 2 3 3 3 5 3 2 5 3 2 4 3 3 1 3 3 4 3 4 5 1 3 2 5 3 4 3 1 3 1 3 3 3 3 1 5 4 1 3 3 2 5 5 4 3 5 2 3 5 1 4 4 1 4 3 4 4 1 3 1 3 5 1 2 4 2 5 5 4 4 2 1 5 5 4 2 2 2 1 1 3 4 2 2 1 5 5 1 2 3 2 2 3 2 2 1 4 1 1 4 2 3 5 4 3 4 2 3 1 3 1 3 1 4 1 5 4 5 4 1 4 3 1 4 4 2 5 3 4 2 4 5 4 2 5 5 3 3 5 5 1 4 5 5 1 5 5 2 0 4 5 2 5 1 2 1 3 3 3 4 3 1 5 3 5 3 3 4 4 4 1 3 2 1 1 1 1 4 5 4 3 2 5 3 2 5 1 1 2 3 4 1 5 5 1 5 4 3 1 5 3 5 5 1 4 1 5 3 1 3 5 1 5 2 4 2 5 1 1 2 5 2 3 3 4 1 4 5 5 2 2 2 4 1 3 3 5 4 2 4 4 1 4 2 1 3 1 3 5
4 5 5 3 4 2 1 4 5 5 3 1 4 5 4 4 4 3 3 5 2 1 5 2 4 3 2 5 5 3 1 5 5 1 4 4 2 2 2 1 5 2 2 1 3 3 4 2 3 2 4 5 1 2 4 3 1 2 4 4 1 2 4 4 3 3 5 2 4 3 1 2 3 1 5 5 1 2 5 5 4 2 1 5 1 4 1 1 3 2 2 5 3 1 3 5 5 5 5 2 4 1 3 2 4 3 3 1 1 2 1 3 4 2 4 4 1 2 4 3 1 3 5 2 2 3 1 1 5 3 3 2 4 2 3 5 3 1 1 5 1 2 4 2 2 5 1 3 5 4 2 2 2 3 5 5 2 5 3 1 1 3 2 1 4 2 2 4 5 1 5 2 1 1 2 1 5 1 3 4 4 1 5 5 3 5 1 1 3 4 5 4 2 2 4 4 1 2 4 5 3 5 4 1 5 1 2 5 5 1 2 1 4 4 2 3 5 1 5 1 5 3 1 5 2 2 4 1 4 1 1 4 3 1 3 5 2 2 1 4 5 1 4 5 2 2 1 2 1 4 0 2 3 4 3 1 1 3 1 4 5 2 3 1 1 2 2 4 2 4 1 3 5 2 2 5 1 4 4 2 4 5 3 5 4 1 3 1 4 1 2 4 5 1 2 2 5 1 4 3 5 5 1 4 3 5 3 5 5 4 3 2 3 5 2 2 4 2 3 1 2 3 5 4 1 4 3 1 2 5 1 2 4 2 2 4 2 5 5 5 4 5 3 5 5 5 5 4 4 3
1 4 1 4 3 4 3 1 2 4 5 1 2 3 4 2 3 3 5 2 3 3 4 5 1 1 3 4 4 1 5 2 5 2 5 5 1 2 2 1 4 5 1 3 2 1 5 1 3 2 5 5 4 4 4 5 3 1 1 1 2 2 5 2 3 3 1 4 1 5 2 2 3 3 5 2 3 5 3 5 2 1 2 4 3 5 4 3 2 4 4 5 3 3 2 1 3 4 1 1 1 2 3 5 5 2 5 1 1 5 3 3 1 2 2 3 3 3 4 2 5 1 4 1 2 4 1 5 2 3 1 2 3 2 3 1 3 4 3 4 3 5 4 2 1 1 4 4 4 3 2 4 1 2 2 4 1 4 5 5 2 4 4 1 3 5 4 4 1 2 2 1 5 5 4 3 2 1 1 2 4 3 3 4 4 1 5 5 2 1 5 3 1 1 4 3 4 1 4 5 1 1 5 4 5 1 2 2 3 2 4 2 3 1 1 5 2 3 4 1 5 3 3 5 4 3 2 5 2 3 3 4 5 4 4 4 1 5 4 5 5 2 2 1 3 2 2 3 4 2 3 0 1 2 4 3 3 1 4 2 2 2 4 3 1 3 5 5 4 1 3 1 2 2 3 2 3 1 2 1 4 1 5 5 2 3 5 4 2 4 1 5 2 5 4 5 3 3 4 4 2 3 3 2 3 1 2 2 4 3 4 2 1 4 3 1 4 1 4 5 2 1 4 4 1 2 1 4 4 3 2 5 1 4 5 2 5 2 5 3 3 5 1 5 5 3 3 1 1 2
2 4 5 3 2 3 1 1 4 1 5 2 2 1 1 3 5 1 5 5 3 5 2 1 2 2 2 2 2 3 5 3 1 2 4 3 5 5 3 4 4 5 2 4 4 2 5 2 3 2 2 4 1 2 4 2 1 4 5 4 1 5 4 1 1 2 1 4 2 4 1 2 4 4 3 3 1 5 1 4 4 1 2 1 4 3 1 1 3 1 3 5 3 1 1 4 2 3 2 5 5 3 4 5 5 3 3 3 1 5 4 2 3 1 4 3 4 1 4 1 3 1 3 2 1 2 2 3 3 5 4 1 4 5 3 2 5 1 5 5 3 1 4 4 5 2 5 1 1 3 5 2 2 2 1 5 3 3 4 4 4 3 4 2 5 4 4 5 5 1 2 4 2 2 5 5 3 1 5 1 2 3 1 2 4 1 4 4 4 2 1 2 2 4 3 5 2 4 3 3 3 2 4 4 1 3 3 4 3 5 2 3 3 3 2 1 4 2 5 2 5 1 3 1 2 2 2 1 2 1 1 3 2 5 4 1 2 5 3 5 4 3 3 5 2 2 1 4 1 1 2 2 0 5 4 3 1 1 1 3 2 3 3 2 3 4 3 2 5 5 4 3 4 3 3 5 4 5 3 1 3 2 1 4 2 1 1 2 3 2 2 4 3 1 3 1 5 3 4 5 5 4 4 2 1 4 5 3 5 4 4 4 3 2 5 1 1 3 5 4 2 4 3 4 4 5 1 2 3 1 3 2 2 5 1 1 2 5 2 5 1 5 2 4 3 3 1 4 1 4
2 4 5 2 3 4 3 2 3 1 4 2 2 5 3 5 2 2 2 5 4 2 2 1 1 4 5 4 2 4 2 5 3 5 3 4 4 1 4 2 5 3 5 2 3 2 5 1 2 2 2 1 5 5 2 4 3 5 3 3 5 5 1 3 3 4 4 1 1 4 5 4 3 1 2 1 1 3 3 5 4 4 1 5 3 4 1 5 3 3 5 5 5 2 5 1 5 2 3 2 1 1 1 3 1 4 2 2 2 5 5 3 1 1 3 5 3 3 5 2 1 2 5 1 3 4 4 2 4 4 2 2 3 2 1 2 4 2 1 3 1 1 3 5 4 3 2 4 2 4 2 5 3 3 5 4 4 3 2 1 2 4 4 2 4 2 4 2 3 3 4 1 2 2 1 1 1 5 2 4 3 5 5 5 5 3 1 5 3 1 4 3 4 1 4 1 4 1 5 1 5 2 3 4 2 1 3 4 2 1 2 1 3 3 4 4 4 1 1 2 4 1 5 5 1 3 2 1 4 4 2 4 5 2 1 1 3 5 1 4 3 2 1 3 5 4 5 4 2 1 5 2 3 0 4 1 2 4 2 4 2 4 1 2 2 3 4 1 3 3 4 5 5 2 1 2 4 1 1 1 3 1 5 2 2 3 4 1 4 4 2 5 3 1 5 3 4 2 1 4 2 5 4 1 1 4 4 1 3 1 2 5 1 3 2 3 2 1 1 3 4 4 1 5 3 2 5 4 4 4 2 4 5 4 3 4 1 5 3 3 4 4 1 2 2 3 1 1 2 4
1 4 2 3 4 1 4 5 3 3 4 2 1 2 2 4 3 5 4 4 3 2 1 1 2 2 1 5 1 5 1 1 2 5 2 3 1 5 2 3 4 1 3 3 5 5 4 4 3 3 4 2 4 4 1 3 1 2 3 2 2 5 4 1 5 4 4 2 1 4 2 4 1 4 4 3 4 4 2 1 1 5 1 2 5 2 5 1 1 5 5 5 3 4 5 3 1 1 2 4 1 4 2 4 4 3 5 2 3 3 5 3 2 1 3 2 1 5 5 4 3 3 1 3 2 4 5 3 3 5 1 2 3 4 4 3 2 4 1 5 5 1 5 2 1 5 5 1 3 2 4 4 2 4 5 2 3 4 1 4 4 2 4 1 3 2 1 4 2 2 4 3 5 5 1 2 5 3 5 2 2 1 3 5 5 1 2 1 4 2 2 2 3 3 3 5 3 4 1 1 5 5 4 3 3 3 4 5 5 1 4 4 2 4 4 4 3 2 5 2 4 4 2 3 1 2 4 3 5 2 1 5 3 4 2 2 5 1 4 4 3 2 3 5 3 1 2 1 3 3 4 1 1 1 0 3 3 3 4 2 5 1 4 4 2 3 3 1 4 2 3 1 4 3 3 2 4 4 4 4 3 1 4 5 1 4 1 5 1 4 2 1 1 5 2 2 3 2 3 5 2 1 4 2 4 5 4 4 5 3 5 5 1 3 5 1 4 3 1 2 2 2 3 2 4 4 2 2 5 2 3 5 3 5 5 3 1 1 3 2 4 3 4 1 1 5 2 3 4 2
4 5 2 3 5 2 3 2 1 3 4 1 4 3 3 2 1 1 1 2 1 5 3 5 3 5 1 2 3 3 5 4 4 4 5 1 4 5 1 2 4 3 3 3 5 3 4 4 1 4 5 1 1 2 2 1 3 5 5 5 1 4 3 4 5 1 2 4 5 3 3 3 1 3 4 2 4 3 5 1 4 5 1 4 1 1 1 3 2 3 5 2 1 4 3 4 5 3 2 4 4 1 4 2 3 1 2 4 5 2 2 2 1 5 1 1 3 2 3 5 2 1 4 3 3 2 3 1 5 3 1 4 2 3 1 4 2 4 5 1 2 1 1 1 5 1 1 4 3 2 2 3 3 2 5 1 4 2 4 4 3 5 1 3 5 2 5 3 2 4 3 3 5 1 5 2 1 5 1 4 4 3 5 5 5 3 1 5 2 5 5 4 4 5 3 5 3 2 5 1 3 1 2 2 2 2 3 2 1 5 5 3 4 3 2 4 3 4 5 5 4 2 4 3 2 5 1 4 4 1 5 5 3 2 5 1 5 5 1 2 1 4 4 1 2 1 4 4 2 2 2 4 5 4 3 0 4 3 3 1 3 4 5 4 5 2 1 1 4 2 4 4 3 5 3 1 1 2 1 5 2 4 3 5 2 2 5 3 3 4 4 1 2 1 3 2 3 1 2 4 3 5 4 5 5 3 5 1 2 4 2 1 2 5 5 5 4 5 4 5 4 1 5 2 2 1 1 5 4 1 4 2 5 1 5 1 4 4 1 4 5 4 5 5 1 4 4 4 3 2
4 3 1 2 3 5 3 5 1 4 3 5 3 5 3 4 5 3 3 5 2 5 1 4 2 5 5 5 2 3 5 4 5 5 2 4 1 3 4 1 5 2 2 1 4 3 5 2 3 2 2 5 2 3 5 1 4 2 2 1 3 3 3 4 2 2 4 5 3 1 3 3 5 1 2 1 3 4 1 1 4 2 3 2 1 2 4 5 2 2 4 1 3 1 1 3 2 2 1 5 3 4 3 2 1 4 1 3 4 2 3 3 4 3 1 1 4 5 2 4 2 1 3 5 4 2 3 2 1 2 4 1 1 1 2 2 1 4 3 5 1 4 1 3 2 3 4 4 4 5 3 4 3 5 2 3 1 3 1 4 3 2 2 4 2 4 5 4 2 1 2 3 1 1 5 2 1 3 1 2 5 2 3 2 1 4 5 2 4 1 2 4 3 2 5 4 5 3 4 1 3 1 4 4 1 4 2 4 3 3 4 5 1 3 5 1 4 3 3 3 3 3 5 3 2 4 3 5 5 4 4 1 3 5 5 2 2 3 2 4 5 5 2 4 3 2 5 4 5 2 1 4 5 3 5 3 0 3 2 2 2 1 3 4 5 1 3 2 1 4 1 3 1 5 3 1 2 2 5 5 5 4 4 1 2 1 1 3 3 3 1 4 5 2 4 4 3 5 4 2 5 5 5 2 1 2 4 2 3 1 4 3 4 2 3 4 2 3 1 1 1 1 3 1 3 3 1 2 2 2 3 4 4 1 4 3 3 5 3 3 4 2 4 5 1 5 2 5 1 3
1 4 2 4 1 5 5 1 3 4 2 2 3 5 1 5 5 2 5 2 3 2 5 3 4 2 4 5 3 1 4 3 5 2 2 4 3 2 5 1 1 3 1 3 3 3 2 1 5 5 2 1 4 4 1 5 4 4 5 3 2 1 5 3 1 4 2 1 5 2 5 1 5 4 5 4 5 3 1 4 2 5 1 5 2 1 5 4 3 3 5 5 5 1 3 5 4 2 1 4 2 4 5 5 3 1 4 2 5 4 4 3 1 1 3 2 4 4 1 4 4 4 1 5 1 4 3 3 4 1 4 5 3 5 4 4 4 1 1 3 2 2 3 1 1 3 2 1 5 5 2 1 1 5 1 4 1 1 4 1 2 4 3 3 2 2 2 4 5 1 2 1 2 3 5 1 3 2 3 5 5 4 2 2 3 2 3 2 2 2 2 4 2 1 2 2 1 1 5 4 2 5 2 5 2 2 1 5 5 1 2 1 4 4 2 5 4 3 3 3 1 5 4 3 1 3 3 4 5 5 2 5 4 3 4 2 2 4 1 3 5 2 1 4 3 5 5 4 3 1 5 3 3 4 5 3 5 0 3 1 5 2 2 3 3 5 3 5 5 3 2 2 5 4 1 1 5 1 1 4 2 2 2 4 4 4 2 4 3 3 4 5 2 3 3 1 2 5 1 4 4 1 5 5 3 5 3 2 4 4 2 3 1 1 1 3 4 1 4 3 4 1 5 4 1 3 1 3 2 4 4 5 2 5 1 2 2 4 2 5 1 3 2 2 4 4 1 2 3 3
2 5 1 1 3 1 1 4 5 4 2 5 2 5 5 2 4 5 2 5 2 4 4 3 4 3 1 3 5 2 4 1 4 1 2 2 2 4 1 2 3 5 5 3 1 5 4 3 4 5 4 1 3 1 4 4 5 5 5 3 1 2 5 3 1 1 1 5 1 4 1 5 1 1 2 1 3 5 2 4 3 1 2 1 1 1 1 1 2 3 3 4 5 3 5 4 4 5 3 4 5 3 5 3 3 2 5 5 5 2 4 1 1 2 2 5 5 5 5 3 1 3 5 3 1 4 3 3 2 2 1 2 4 1 2 4 4 1 2 3 3 5 4 2 3 4 5 4 2 3 1 1 3 5 5 2 4 3 4 1 5 3 1 5 3 5 5 1 2 5 1 4 1 3 5 2 4 4 1 3 1 5 4 5 4 2 1 1 5 4 5 5 2 1 3 2 4 3 4 1 3 4 3 4 5 2 5 3 2 3 3 2 2 1 1 1 5 3 5 3 3 2 3 1 1 2 2 2 3 1 2 3 5 2 4 3 5 5 2 4 5 4 2 3 1 2 2 3 5 4 5 4 3 4 2 3 1 1 0 1 4 1 5 3 4 5 5 2 2 1 1 1 5 5 2 3 4 2 3 3 2 4 3 1 3 3 4 3 4 1 2 5 2 5 3 2 4 4 3 5 4 5 5 3 4 2 5 1 3 2 4 3 2 1 2 1 4 3 4 3 2 4 3 5 1 4 2 4 4 2 4 5 3 3 3 4 4 3 5 3 4 2 1 2 3 2 5 5 1 2
1 1 3 2 2 2 1 5 2 1 5 4 1 5 4 3 1 1 5 1 5 3 2 3 1 4 1 4 4 3 3 3 5 4 1 4 3 2 5 3 4 2 2 5 1 4 4 5 2 5 4 2 1 2 5 5 5 3 2 1 2 5 2 3 5 2 3 3 2 5 1 3 2 2 2 2 4 5 3 4 1 1 3 4 5 3 5 3 2 3 1 2 1 2 2 3 2 1 2 1 3 5 3 5 1 4 2 2 3 3 2 5 2 3 2 5 2 3 4 3 3 3 4 1 2 1 3 4 3 5 5 5 3 2 4 1 5 3 5 2 3 2 5 5 3 1 4 5 4 2 4 4 2 1 1 5 2 2 1 5 5 1 1 2 1 5 1 3 2 2 3 4 5 2 2 1 1 3 1 4 1 5 4 5 1 4 1 5 5 4 1 2 2 3 3 3 4 1 2 2 5 1 4 3 4 1 5 1 3 3 3 3 2 2 3 4 5 2 4 3 3 2 2 3 4 1 4 1 5 2 2 3 2 3 2 4 3 4 4 2 3 1 1 1 1 5 4 4 3 1 5 2 2 5 2 3 1 4 1 0 5 1 2 1 2 2 3 5 3 3 3 1 3 1 2 1 2 4 3 3 3 1 2 3 5 2 1 3 5 3 2 4 3 5 4 1 3 4 3 5 3 3 5 1 4 4 3 2 3 1 4 1 3 2 5 4 1 2 3 5 4 2 3 2 2 4 4 5 2 4 3 2 4 5 5 3 5 1 4 1 2 1 2 1 3 4 5 3 4 5
2 5 3 5 2 5 2 2 2 2 3 5 3 3 3 4 1 4 2 3 4 5 3 2 2 1 3 2 5 4 3 1 4 4 4 5 4 4 3 3 4 3 4 1 4 4 2 1 4 5 5 4 4 2 3 5 2 3 2 1 2 5 5 3 5 1 2 5 5 1 5 5 4 3 5 3 2 3 5 3 5 2 3 4 5 2 5 2 4 4 2 3 5 5 3 5 1 4 1 2 3 4 5 3 3 5 4 4 1 1 4 4 4 2 2 3 3 3 1 1 3 4 5 4 4 2 4 4 1 4 5 2 5 2 2 4 3 4 3 3 3 5 2 5 4 2 5 2 4 5 2 3 2 3 3 2 2 2 1 2 1 3 4 3 3 5 2 4 5 3 5 3 3 5 1 5 2 5 5 4 5 4 5 4 3 2 4 5 2 5 5 5 2 2 3 1 4 2 5 3 1 2 3 1 1 2 4 2 1 5 4 2 1 5 3 1 1 3 5 1 1 2 2 5 4 4 5 2 5 1 1 1 1 4 1 2 4 4 2 2 5 1 4 5 1 5 3 1 4 5 5 3 2 1 1 2 2 3 5 2 0 1 1 2 1 1 5 3 5 1 3 1 3 3 4 4 5 2 5 2 3 2 1 3 4 2 1 5 5 4 4 1 5 4 2 2 5 2 5 1 5 2 2 5 1 2 3 3 2 5 4 1 1 3 2 5 4 1 3 2 3 2 3 2 2 5 5 5 4 3 3 3 3 5 1 1 4 1 5 4 2 4 3 3 3 4 1 1 2 2
4 1 4 2 1 4 3 3 2 2 4 3 1 4 5 4 5 3 1 3 5 3 2 5 3 1 5 1 4 2 1 3 3 5 4 1 2 4 3 5 4 3 1 2 4 1 2 1 3 5 1 3 3 5 2 4 3 4 1 3 1 3 2 1 3 4 3 2 4 3 1 5 5 5 1 4 3 2 3 5 4 2 3 1 3 5 1 1 1 3 2 2 5 5 1 5 4 3 3 5 2 5 5 1 2 1 1 4 2 4 1 5 3 4 2 4 5 4 3 2 2 4 2 1 5 3 4 3 2 5 5 4 5 1 2 4 4 1 3 2 3 1 3 2 1 3 2 3 4 1 5 4 2 4 3 2 4 4 5 5 3 4 3 5 1 4 1 3 3 2 1 4 3 1 4 2 2 5 5 2 3 1 4 5 2 1 3 4 4 4 4 2 3 2 4 2 4 2 4 2 1 2 3 1 2 1 1 1 2 2 4 2 3 2 1 1 4 2 5 3 4 4 5 5 4 5 2 2 4 1 5 4 1 2 1 5 3 2 3 4 3 2 2 1 4 2 4 1 3 3 5 1 4 4 1 4 4 4 4 3 5 0 3 4 3 2 5 3 4 5 1 1 5 4 5 4 5 1 4 2 2 5 4 1 5 1 2 2 3 4 4 4 2 1 5 1 1 3 3 1 3 4 5 2 1 4 4 3 1 5 4 3 1 2 5 3 3 3 1 5 4 5 4 2 2 3 5 2 3 4 4 3 1 2 4 4 1 1 4 2 2 3 4 2 2 4 4 2 2 4
1 1 4 4 3 3 5 5 2 3 3 3 5 3 4 5 5 4 3 5 4 5 4 3 3 5 5 1 3 3 5 4 5 3 4 1 1 5 2 1 5 2 4 5 5 1 3 1 3 1 2 2 3 2 2 3 2 3 5 5 2 2 2 4 2 1 4 2 4 2 4 3 1 4 5 3 1 4 3 2 4 1 2 2 5 1 4 4 2 1 5 5 2 5 2 2 1 1 4 1 5 4 2 2 2 3 4 2 5 5 1 2 1 2 1 5 4 2 5 4 5 3 2 1 3 1 3 4 4 1 2 1 5 5 2 5 4 1 4 4 1 2 4 2 5 3 5 4 4 4 3 2 3 3 3 4 1 1 2 1 5 3 3 5 3 4 2 5 2 2 5 1 3 3 1 2 3 1 1 4 1 2 2 3 2 5 4 3 1 2 1 4 4 2 3 1 3 2 1 3 2 5 1 4 1 1 3 5 4 2 2 1 4 1 1 5 2 4 4 4 1 1 4 3 1 3 4 2 2 1 5 3 2 3 2 3 3 5 2 4 2 1 4 5 2 5 4 3 1 5 3 3 2 5 4 5 3 1 5 1 2 4 0 3 2 2 4 2 4 5 1 4 4 2 1 4 4 3 3 4 2 5 1 4 3 4 3 3 2 2 2 2 4 5 2 3 1 1 1 2 3 1 4 2 1 1 4 1 2 3 1 3 4 3 5 1 3 4 3 2 4 1 3 1 4 3 3 4 3 1 5 5 3 4 4 1 1 4 3 3 1 5 2 3 2 1 1 5 3 1
1 3 2 3 3 5 3 2 3 2 5 3 3 4 5 5 4 4 3 3 5 2 3 2 2 3 5 1 1 3 5 4 3 4 2 1 2 4 5 4 3 4 3 2 4 4 4 4 4 1 1 3 5 2 5 1 3 1 3 3 5 1 4 4 2 1 1 4 4 4 4 1 5 4 2 2 1 5 5 3 2 3 3 2 3 4 3 2 1 2 4 4 4 3 3 5 5 1 4 5 3 5 4 1 5 2 2 2 4 1 4 2 3 5 3 1 3 4 2 5 5 3 4 4 1 2 3 4 4 1 3 1 5 2 3 4 3 2 5 4 1 3 1 5 1 4 4 5 2 4 1 3 2 2 3 2 1 2 1 2 5 1 2 4 3 1 5 1 3 4 3 4 5 4 3 5 2 1 3 5 5 4 3 2 4 3 2 1 5 5 2 2 3 1 4 4 1 4 4 4 2 4 2 1 4 2 1 5 2 2 4 3 2 3 5 3 4 2 1 2 3 2 3 1 4 5 2 2 3 3 2 1 1 3 2 3 3 5 2 3 1 3 1 5 2 2 3 3 5 3 4 3 4 1 3 5 1 2 2 1 1 4 2 0 4 5 3 3 5 2 4 5 2 2 5 5 2 3 5 4 2 2 2 3 1 3 2 5 1 2 3 2 3 3 2 5 2 5 5 3 2 5 5 5 4 1 2 5 3 3 5 5 3 1 1 1 1 3 1 3 3 5 3 1 2 5 2 1 4 2 1 2 5 1 4 4 5 5 2 1 2 4 1 4 2 2 1 1 2 2
4 4 4 2 5 4 3 5 4 4 4 4 2 4 3 3 2 3 1 1 5 3 3 4 2 5 3 2 2 2 5 4 5 1 5 4 1 4 2 3 4 5 4 4 4 5 4 5 4 1 4 2 3 2 4 3 2 1 4 3 1 1 5 3 5 1 4 3 2 2 1 4 4 3 5 1 4 5 5 1 2 4 1 3 3 5 5 3 4 4 4 4 2 4 3 2 3 4 3 2 2 3 2 2 1 2 3 1 1 5 3 2 4 5 4 4 3 3 1 3 2 1 4 2 4 4 5 5 4 4 5 5 5 4 1 5 5 3 2 1 1 4 5 1 1 1 5 4 4 2 5 2 4 5 4 5 5 1 1 1 1 3 2 4 2 5 4 2 4 5 4 4 4 3 5 1 1 1 2 3 1 1 4 2 5 3 2 5 4 1 3 1 4 4 3 1 1 2 1 2 1 2 1 3 1 2 5 3 5 1 2 3 1 5 2 3 4 2 2 1 2 4 3 5 3 4 4 2 5 2 2 4 5 5 4 2 3 2 3 3 4 4 4 4 1 4 5 5 5 3 2 2 5 2 1 2 4 3 4 1 4 2 3 2 0 4 4 2 3 3 4 4 3 1 1 2 3 5 2 2 4 5 5 3 5 1 1 2 5 2 2 2 1 5 4 4 1 3 3 1 1 4 3 5 3 3 4 3 5 3 4 5 1 1 4 2 5 1 2 5 3 5 5 4 3 3 5 3 4 5 4 4 1 3 1 3 1 1 2 3 5 2 5 3 5 5 3 2 2 1
4 4 5 1 3 2 4 5 1 3 5 3 5 5 4 4 5 2 2 4 5 3 2 2 2 3 1 1 4 1 4 1 2 4 3 5 5 4 4 2 3 2 1 5 5 1 3 2 2 1 3 2 3 2 3 3 1 3 4 3 2 3 4 3 4 1 2 2 3 3 5 3 1 1 5 5 5 4 2 4 5 5 1 5 5 2 3 4 3 4 1 5 1 2 1 2 1 1 3 5 1 2 1 2 2 1 5 5 2 4 3 4 3 2 2 1 1 4 2 4 2 4 1 3 2 4 1 5 2 4 5 3 4 5 4 3 4 4 5 3 5 3 5 2 1 5 4 2 3 3 4 3 4 3 2 3 5 3 2 4 4 2 2 2 5 1 2 1 4 3 1 5 3 1 5 2 3 3 1 1 5 2 5 2 4 1 3 4 5 3 3 2 1 5 4 2 3 2 4 3 1 1 5 2 2 2 2 4 4 5 3 3 5 3 2 4 1 1 2 2 3 1 2 3 1 4 3 3 4 1 2 1 1 1 3 5 5 2 3 5 5 1 1 4 2 4 3 1 3 5 5 1 4 1 3 3 1 3 4 2 5 3 2 3 1 0 3 4 5 2 1 3 5 5 1 5 5 3 5 1 2 1 3 5 4 3 2 5 1 3 2 1 1 3 5 5 2 4 5 3 5 3 1 4 1 5 1 5 2 4 3 3 1 2 5 4 5 3 1 5 1 1 1 4 4 3 1 3 1 3 5 2 1 5 1 1 1 4 3 4 4 1 4 2 1 2 1 1 3 5
1 4 2 4 1 3 3 1 1 5 2 5 1 3 5 1 2 3 1 1 5 4 4 4 2 2 3 4 1 4 2 2 3 2 1 3 2 4 5 5 5 3 5 4 2 2 4 1 4 3 5 3 3 1 1 3 3 4 5 2 4 5 5 1 4 3 3 5 4 2 5 2 4 4 2 2 5 1 1 1 5 2 1 4 3 3 5 2 4 4 4 5 3 4 1 4 3 3 3 5 4 2 1 3 2 1 5 2 4 1 3 2 3 1 3 5 2 1 3 3 4 2 3 1 5 1 1 3 3 4 1 2 5 3 2 3 2 1 3 5 1 1 4 2 5 3 2 1 2 3 5 4 3 5 1 1 5 5 1 4 4 3 2 2 5 5 4 1 3 5 3 5 4 2 4 3 3 1 1 3 1 5 3 2 1 5 1 3 4 1 2 4 1 5 3 4 1 2 2 1 3 1 5 4 3 2 2 3 1 4 5 2 5 1 3 2 5 5 3 2 5 2 5 4 1 4 4 3 4 4 5 5 5 5 1 1 3 4 4 1 3 1 2 1 5 4 5 3 5 4 4 3 3 3 5 4 3 1 4 4 2 3 1 1 3 5 0 1 1 2 2 5 3 2 2 3 1 5 2 4 5 2 3 3 3 1 3 4 2 1 3 2 1 3 5 2 4 5 1 4 5 3 4 2 3 5 4 1 1 2 4 5 1 1 3 2 4 2 3 2 1 5 5 3 2 5 3 4 5 3 1 5 1 4 2 3 5 5 3 4 5 3 4 5 4 5 2 2 4 3
1 1 4 5 3 3 5 4 3 1 2 5 4 4 3 5 4 1 2 5 1 1 4 3 5 2 5 1 3 1 2 2 3 5 2 4 2 2 2 2 2 4 3 5 3 3 2 2 2 5 1 5 2 2 1 1 5 1 5 5 5 3 3 1 4 2 3 3 2 5 3 2 4 1 1 1 5 1 5 2 5 1 2 3 4 3 2 3 1 4 2 4 4 4 2 4 2 5 2 1 3 1 5 1 1 3 4 1 3 4 2 3 2 2 4 1 1 5 2 1 4 4 4 5 4 1 4 3 1 3 5 2 3 1 4 3 2 1 4 5 5 5 2 5 3 5 2 1 2 3 1 3 4 1 4 5 1 2 2 4 2 2 1 1 4 2 1 5 3 1 4 4 2 5 1 4 5 5 3 3 4 2 3 5 5 3 1 4 2 5 4 2 4 1 1 4 1 4 3 1 2 4 2 1 3 1 4 1 2 5 3 4 2 3 4 1 4 2 4 3 5 2 2 4 2 3 3 3 2 3 4 1 5 4 2 5 4 2 3 2 4 2 1 4 5 4 3 5 4 5 3 2 5 2 5 4 3 2 4 2 3 2 3 4 5 5 1 0 5 4 4 3 2 1 2 1 4 2 1 1 5 1 2 3 5 1 1 1 2 4 1 4 1 2 2 4 3 5 5 2 3 1 1 3 5 4 2 2 1 2 4 4 1 5 2 5 5 4 3 4 1 3 3 4 3 3 4 2 2 5 5 4 3 1 2 4 4 5 3 5 1 2 2 4 5 5 3 2 3 3
3 4 4 4 2 4 4 3 5 4 1 3 4 1 1 2 3 2 2 4 3 1 2 1 1 5 3 3 2 4 3 3 4 4 2 4 4 2 5 5 4 5 4 4 5 4 2 4 5 1 2 5 5 2 1 3 4 3 3 3 3 2 1 4 2 3 5 3 5 4 4 5 4 5 5 5 2 5 3 5 1 1 1 3 4 4 2 5 4 1 3 4 1 3 2 2 3 1 1 5 2 2 3 5 2 2 5 3 2 1 4 1 1 1 2 1 1 2 5 1 3 2 5 3 3 1 2 2 3 5 4 2 5 4 2 4 2 3 1 1 5 2 4 1 4 3 2 3 5 1 3 3 1 3 4 2 2 4 4 2 5 4 3 1 3 3 1 4 5 1 2 5 3 5 5 4 1 4 4 4 2 4 1 2 5 5 4 4 4 3 4 2 1 3 4 5 3 3 2 1 5 5 4 4 2 4 3 2 5 3 5 3 5 3 4 5 3 1 5 1 3 2 3 2 1 4 2 4 4 1 3 2 3 5 2 2 4 5 3 1 3 4 3 4 3 4 2 5 5 5 5 5 5 3 4 3 1 4 3 4 1 4 2 2 3 3 1 1 0 4 1 3 4 3 3 4 4 5 4 5 3 3 1 4 4 3 4 2 2 1 4 1 2 1 2 5 2 2 5 2 4 1 1 2 5 3 1 2 4 5 1 3 4 2 2 3 1 5 3 1 2 4 1 1 4 4 1 5 1 1 2 4 4 3 3 2 4 1 5 3 1 4 1 2 1 4 5 4 4 5
2 4 1 4 2 5 4 3 2 5 1 4 4 1 1 3 3 1 3 5 2 1 4 1 4 1 3 1 3 3 1 1 1 3 1 5 2 5 3 4 5 2 5 1 4 2 2 1 3 3 3 1 2 2 3 5 2 4 5 2 5 1 3 1 2 1 3 1 4 4 1 5 2 5 5 2 1 1 3 3 5 4 3 4 5 4 4 4 3 1 1 5 3 4 2 2 1 2 2 3 5 4 4 1 5 5 1 4 4 2 1 3 3 5 1 5 5 2 1 5 2 4 3 4 3 2 2 4 4 1 2 1 5 5 1 5 4 3 4 3 1 2 2 1 1 4 1 4 3 2 1 1 1 5 2 3 4 3 5 5 2 4 2 4 2 1 4 1 2 5 3 2 1 5 4 5 4 2 2 2 2 4 1 3 1 5 1 3 3 1 1 3 3 2 5 4 5 1 1 1 2 1 4 4 3 2 5 4 3 5 5 4 2 3 4 3 3 5 5 5 5 4 1 4 4 4 1 1 4 1 2 4 3 3 2 5 4 3 3 2 4 3 5 5 5 1 5 1 5 1 3 1 4 3 3 2 1 1 2 4 1 4 2 5 5 3 2 5 5 0 4 5 4 1 5 5 4 3 4 1 2 3 1 1 1 4 4 2 3 2 3 5 1 4 5 2 2 2 1 5 5 3 2 2 2 3 4 3 5 4 3 3 2 4 1 4 1 4 3 4 1 3 1 4 3 1 2 2 1 1 2 2 5 4 4 2 2 2 4 3 5 3 5 2 1 1 2 5 1 5
3 4 2 1 4 2 4 5 4 2 4 5 3 3 4 2 1 1 3 4 1 5 1 2 5 5 1 3 4 5 1 1 1 3 4 2 3 1 1 5 5 3 2 3 1 1 3 1 3 5 3 5 2 1 4 4 5 5 2 2 4 5 3 2 1 3 4 4 4 2 2 3 4 4 1 5 2 3 5 3 1 1 3 5 5 5 5 1 4 5 5 1 2 1 1 5 4 3 5 1 3 1 3 4 4 1 1 1 5 2 3 5 1 2 3 3 3 5 5 4 1 2 1 1 2 3 5 2 5 2 5 4 5 2 3 3 3 2 3 3 5 2 2 2 2 2 2 4 3 2 3 4 3 3 1 3 4 4 3 5 2 3 1 2 1 2 2 5 2 1 1 3 2 3 5 4 2 4 2 3 3 1 4 1 3 5 4 4 2 1 5 4 1 1 2 4 5 3 1 5 1 1 4 3 5 1 1 1 2 4 5 2 2 2 4 4 2 4 2 1 1 2 4 4 2 4 4 1 3 2 2 2 5 3 5 4 1 3 3 1 5 1 1 2 5 1 1 5 5 4 3 3 3 4 4 5 4 4 1 2 4 2 1 3 5 4 2 5 5 3 0 3 5 1 3 4 3 3 2 3 4 3 5 4 3 4 3 3 2 2 2 5 3 4 3 3 3 2 2 1 2 3 1 3 2 2 3 2 2 3 4 1 3 1 3 2 1 2 5 5 1 2 1 5 4 5 1 1 3 2 4 5 4 4 5 2 3 2 5 3 3 2 4 2 2 3 5 5 3 1
1 2 2 2 3 4 5 4 3 1 5 1 5 4 1 5 3 2 2 5 1 2 1 5 5 5 5 1 4 1 4 4 5 1 1 4 2 5 3 2 2 1 1 1 5 3 2 4 1 4 2 4 3 2 3 4 2 2 2 3 1 5 4 4 3 2 5 5 1 3 4 5 2 3 4 1 4 2 2 3 1 1 3 1 4 4 3 5 3 4 2 1 1 2 1 5 2 4 2 3 4 3 3 5 5 4 3 3 3 1 3 3 3 5 3 4 2 2 4 1 3 4 4 1 1 2 4 2 4 5 3 1 4 5 2 3 4 1 1 2 4 1 4 5 1 1 2 3 4 1 4 1 4 4 2 5 3 1 4 4 5 3 1 2 1 1 2 5 3 3 3 1 3 4 3 1 1 1 5 5 1 4 3 4 4 4 2 5 5 2 5 2 2 5 4 5 1 2 2 2 1 4 4 5 1 4 3 4 1 1 4 1 2 3 1 4 1 2 2 1 3 3 3 1 3 2 3 2 5 1 2 4 3 4 5 1 2 4 4 3 1 1 5 2 4 1 4 1 3 1 3 4 3 2 1 5 5 4 1 1 4 2 1 4 4 1 1 4 1 5 3 0 1 2 5 5 1 1 4 3 1 1 3 1 5 2 5 2 4 1 4 3 1 4 5 1 5 4 1 3 4 1 4 3 1 2 2 3 4 1 4 2 4 5 1 5 4 4 5 3 1 4 3 4 1 4 3 1 5 1 1 3 5 5 3 2 3 3 4 2 4 4 1 5 1 2 5 3 1 5
1 3 2 1 5 4 5 5 2 1 2 1 2 3 5 5 3 3 5 1 2 1 3 5 4 2 3 4 4 3 3 1 1 1 2 5 2 4 3 4 1 5 5 5 1 2 3 1 5 2 3 2 5 5 4 1 4 5 5 1 1 2 1 4 2 3 3 1 1 4 3 5 1 4 2 1 2 5 5 1 3 1 1 1 1 5 2 4 1 4 1 4 3 2 2 2 1 2 3 3 4 3 5 3 1 1 5 3 3 2 4 1 4 5 3 2 5 2 5 2 1 1 1 3 4 4 2 1 3 5 3 5 3 4 3 3 1 3 3 2 4 4 5 4 2 3 4 5 3 1 4 2 4 4 5 5 2 4 2 1 2 2 5 3 4 4 2 3 3 4 3 4 3 4 4 4 1 5 4 4 1 1 1 4 2 3 5 5 1 3 1 3 2 2 4 5 1 3 2 5 3 5 3 3 2 3 2 1 1 1 1 3 3 2 5 4 1 1 4 2 2 3 3 4 4 2 2 2 3 5 4 1 2 5 2 5 4 5 2 2 3 1 1 4 5 2 4 4 4 1 2 1 4 2 5 2 1 3 2 4 4 4 4 3 4 1 1 3 3 1 4 2 0 1 4 5 5 5 5 2 2 4 3 5 5 2 4 4 3 2 2 3 5 1 5 3 2 1 2 2 5 2 1 5 5 3 1 2 5 3 5 1 4 2 5 5 1 2 1 1 3 1 2 5 3 5 5 5 4 2 5 2 5 2 3 4 1 4 2 3 5 4 3 5 2 3 5 2 4 2
1 5 1 1 1 1 1 2 3 4 4 1 4 5 1 1 3 2 1 4 2 3 1 4 3 3 2 5 1 5 1 5 5 1 4 3 5 2 4 2 4 4 5 4 1 5 2 5 4 3 2 4 1 2 4 4 3 2 3 5 3 2 2 1 1 4 3 5 1 3 3 4 2 1 1 2 3 2 2 4 5 4 4 2 3 1 5 5 3 1 4 2 2 2 2 4 5 1 4 4 1 1 3 1 4 4 1 2 2 5 5 1 4 2 1 2 5 4 1 4 2 3 5 4 3 1 1 5 4 4 2 4 3 2 4 1 1 4 1 2 1 5 4 3 5 4 2 3 3 1 3 2 1 3 3 4 3 1 5 5 5 2 3 5 1 3 5 3 4 4 1 4 5 3 4 1 5 2 2 3 1 3 4 5 5 2 2 4 4 5 2 4 1 4 4 1 2 4 5 1 3 2 1 4 2 1 5 2 3 5 4 3 3 5 1 5 1 1 4 2 2 5 3 5 3 3 1 2 4 3 1 1 2 1 2 1 5 1 4 1 2 2 3 4 4 4 5 1 1 4 2 5 2 5 1 1 2 3 4 4 2 1 5 2 3 4 2 2 2 3 2 5 5 0 2 1 1 5 4 1 4 5 4 4 2 1 4 1 4 4 3 3 5 4 4 3 3 3 2 4 1 1 3 5 4 3 2 1 3 3 5 2 3 1 1 3 3 2 3 5 2 3 2 4 3 4 3 2 1 4 3 4 2 5 1 3 4 4 3 2 5 2 5 4 3 2 3 5 4 4
3 5 4 2 2 3 1 5 5 1 3 4 3 3 5 1 1 2 3 1 3 2 3 2 4 5 4 3 5 3 5 2 5 5 4 1 1 1 5 3 3 5 3 3 3 5 4 3 5 3 5 3 4 2 2 1 3 1 2 3 4 1 1 2 4 3 3 1 5 3 4 5 4 4 5 3 4 1 5 2 3 4 1 1 4 2 3 5 1 2 3 3 5 3 4 5 5 5 4 1 1 4 2 5 4 5 5 5 5 5 4 2 4 4 2 3 3 1 2 4 1 2 3 2 2 3 1 1 3 3 3 4 3 2 4 4 4 1 5 3 3 5 5 4 1 5 4 2 1 2 3 4 3 5 2 4 3 1 1 4 3 2 3 5 4 4 3 1 4 5 2 2 2 5 1 2 3 5 4 3 2 4 4 2 3 4 3 5 3 4 2 1 4 4 1 4 2 1 3 1 3 2 2 5 5 4 2 5 3 4 1 1 4 4 2 5 2 4 4 3 5 5 5 5 2 4 1 4 3 5 4 1 4 2 2 2 2 5 2 3 4 4 1 3 4 4 3 5 2 4 1 2 1 2 5 4 4 4 2 4 1 1 4 5 3 4 5 1 5 2 1 4 2 1 0 3 1 1 2 1 4 4 2 4 1 4 4 2 1 3 3 3 4 1 2 3 5 5 3 2 1 2 3 4 5 1 3 2 5 5 2 5 3 5 5 4 5 2 5 3 1 4 5 3 1 5 1 1 2 2 3 2 4 4 2 3 2 2 5 4 2 1 4 1 4 5 1 1 1 5
2 2 1 5 5 5 2 4 4 1 5 5 4 5 2 2 3 2 1 2 4 1 4 3 2 3 5 5 4 4 1 5 4 3 5 4 5 2 2 2 1 1 2 4 5 2 4 2 5 5 2 1 2 1 3 1 3 5 1 1 5 4 5 2 3 2 5 3 3 5 3 4 2 5 3 5 5 2 5 2 5 2 4 5 3 1 5 5 2 5 4 1 1 2 4 4 5 2 4 1 3 4 3 4 5 3 2 5 5 3 5 2 1 5 1 2 5 5 4 5 2 3 3 4 4 3 2 1 4 3 4 5 3 4 1 2 4 3 4 1 5 3 1 3 1 5 5 3 2 1 1 4 1 3 5 3 3 5 2 3 1 2 5 5 3 2 1 2 2 4 3 4 2 2 2 5 4 2 5 3 1 2 1 5 3 3 4 1 1 3 4 5 2 4 1 1 5 3 3 1 4 1 4 4 2 2 4 1 3 5 2 1 1 1 1 3 2 3 4 2 4 3 4 3 2 1 1 1 3 3 1 3 1 2 1 1 2 5 4 2 4 1 1 5 1 4 2 3 5 2 3 5 4 4 5 5 3 4 1 1 1 4 5 1 5 2 1 1 4 3 1 2 1 4 3 0 5 5 3 2 3 2 1 5 2 2 2 2 2 3 2 2 4 3 4 2 3 4 1 5 4 2 2 4 5 3 2 4 5 5 1 3 3 3 2 5 5 2 5 3 2 1 4 3 1 3 5 5 3 2 2 3 5 5 5 2 3 5 1 2 1 3 4 2 5 1 2 4 3 2
2 1 1 5 5 3 3 5 2 1 2 5 1 5 5 2 2 2 1 4 3 2 4 5 5 2 4 4 2 2 5 5 4 3 2 3 2 2 4 5 2 1 2 2 3 1 4 3 1 2 2 3 2 3 3 3 5 1 3 5 1 3 2 3 3 3 2 4 5 1 2 4 3 1 4 5 1 3 4 5 1 1 2 3 5 5 3 4 2 4 1 3 2 4 5 1 3 3 5 5 2 4 1 2 4 4 2 2 2 5 2 1 1 2 4 2 1 2 4 2 1 3 5 3 3 2 1 2 2 4 1 2 5 3 2 4 5 1 2 5 2 1 1 1 1 1 1 3 5 5 2 1 4 4 1 5 5 4 5 5 5 2 5 5 5 1 1 3 5 4 5 3 3 1 4 5 5 1 2 3 2 3 5 1 5 3 4 2 5 2 5 1 2 5 1 5 1 2 3 2 2 3 1 1 5 4 4 5 2 5 5 3 4 3 3 2 2 2 1 1 1 4 1 3 1 2 4 3 2 5 1 2 1 1 1 4 2 4 3 5 1 5 2 2 5 4 4 1 4 5 4 2 2 2 4 1 4 3 2 2 2 2 5 2 2 2 3 5 1 3 2 3 1 1 3 5 0 1 2 3 3 2 5 2 5 1 1 3 3 2 1 5 5 1 4 2 1 5 4 3 4 5 3 2 3 1 4 3 2 1 3 5 4 5 3 3 4 5 5 5 3 5 5 4 1 3 3 4 3 4 2 3 2 3 2 4 5 1 3 5 5 3 5 4 3 5 1 2 1 3
2 3 5 2 4 5 5 1 4 4 2 4 4 2 3 1 1 5 4 5 2 2 3 4 5 4 5 1 2 1 1 1 1 2 3 4 5 5 5 3 3 1 4 1 3 2 2 2 2 1 4 2 4 3 2 4 3 1 2 4 1 4 1 2 5 1 2 2 1 3 4 3 1 3 1 3 5 2 3 5 4 1 4 2 4 4 1 5 2 4 2 2 1 3 5 3 4 3 3 2 5 3 5 3 1 4 2 2 4 1 1 3 3 1 2 4 4 1 2 2 2 2 4 5 1 4 3 4 3 5 1 2 4 3 2 4 2 1 4 2 1 5 2 5 1 2 5 3 3 1 1 1 4 5 2 1 3 1 4 1 5 3 5 5 5 2 1 2 1 3 2 3 5 4 2 2 4 5 4 5 5 1 3 3 5 4 3 3 1 5 3 3 4 1 1 2 3 3 1 2 1 1 5 5 3 3 5 2 2 5 1 4 2 5 3 2 2 2 3 1 3 3 3 2 3 2 1 4 3 1 3 3 2 3 1 3 5 3 3 5 3 5 3 3 4 5 4 3 2 3 1 3 5 4 3 3 5 4 5 3 5 1 3 1 1 3 3 4 3 2 3 2 3 4 5 2 5 0 3 5 1 3 5 4 2 4 4 5 4 4 4 2 1 1 1 2 1 2 3 1 1 1 1 3 5 2 1 2 4 3 3 3 3 1 3 4 4 4 4 2 4 1 1 5 2 4 1 5 1 5 2 2 2 1 1 4 2 3 1 2 4 4 3 3 1 4 5 5 1 1
4 5 3 1 1 5 5 5 1 1 3 1 2 5 5 2 3 2 4 4 5 4 2 5 1 1 5 5 5 5 3 4 1 2 3 3 4 1 1 4 5 3 5 5 1 5 2 2 3 5 2 4 3 1 1 4 2 4 4 5 5 2 3 2 3 1 2 3 2 4 3 5 5 2 3 1 3 1 3 5 2 2 1 2 2 3 2 4 4 2 3 3 3 5 3 2 5 2 2 2 4 4 3 4 5 5 1 1 4 4 1 4 3 3 1 4 5 3 4 4 5 4 5 1 4 2 2 3 5 1 4 5 5 5 1 3 4 4 1 4 2 5 5 5 2 4 4 4 4 1 5 4 4 4 4 5 3 5 2 1 3 2 4 4 2 3 1 5 5 2 5 5 1 4 1 1 5 4 4 1 1 4 4 4 4 2 2 2 5 3 5 3 2 2 5 3 4 2 1 3 4 5 2 2 3 4 3 2 5 4 3 5 3 2 5 4 1 3 4 5 4 5 2 1 4 1 2 5 4 5 3 3 2 4 5 5 1 1 2 5 3 3 4 1 3 5 4 3 5 4 3 1 1 4 1 1 5 3 3 2 5 4 3 5 2 4 3 2 3 1 3 4 1 4 4 1 2 1 0 5 5 2 3 5 3 1 2 1 1 4 3 1 4 3 3 5 3 2 2 2 5 3 5 1 3 5 3 5 2 2 3 1 1 4 5 1 3 4 1 2 4 1 2 4 2 4 4 3 2 5 5 1 5 4 3 2 3 4 1 4 5 5 2 2 4 1 3 3 1 3
4 5 2 5 2 1 4 1 4 4 4 1 5 5 3 5 4 5 2 5 3 5 5 5 1 5 3 5 1 4 3 4 2 4 5 3 2 1 4 1 1 1 2 1 1 5 1 1 3 5 1 2 3 5 2 2 5 4 1 3 4 1 2 1 3 2 4 4 4 2 2 5 5 2 3 3 4 1 1 5 1 4 4 5 3 4 1 1 4 3 2 1 4 3 1 4 5 1 5 4 2 1 1 1 1 3 2 3 2 2 2 4 4 5 4 1 5 4 3 2 3 2 2 5 5 3 1 1 3 4 1 3 5 1 2 2 1 2 1 3 3 1 3 4 2 5 1 1 5 4 5 4 4 2 2 4 3 4 4 2 5 3 3 2 5 2 2 2 3 3 1 1 2 3 1 1 3 5 1 2 5 3 2 3 1 1 1 3 2 1 5 4 2 3 1 3 1 1 5 5 1 3 2 4 1 3 2 1 4 2 2 5 3 2 1 3 5 2 1 1 5 2 5 5 3 5 1 5 1 3 4 2 5 4 4 1 4 1 3 2 3 2 5 4 2 4 1 2 3 2 3 2 5 2 4 5 4 3 1 3 5 2 2 1 2 4 3 1 5 4 1 4 4 2 1 1 5 1 1 0 1 5 2 3 5 3 5 3 5 1 1 1 1 2 2 3 4 3 2 1 5 4 4 3 5 4 2 4 1 2 3 5 4 1 2 2 2 5 1 4 4 5 3 1 1 4 5 4 1 4 3 2 2 3 3 3 2 3 1 5 4 2 3 5 4 2 5 2 4 2
3 4 4 3 4 3 1 1 3 4 1 3 5 3 5 5 5 2 2 3 4 5 2 3 4 3 1 2 3 3 4 5 1 5 5 1 5 4 2 2 1 2 1 5 2 2 5 5 5 3 5 4 3 4 5 1 1 4 3 3 5 3 2 4 2 1 5 3 1 4 3 5 2 1 5 2 1 2 5 4 2 1 4 3 1 2 1 1 1 2 2 2 4 3 2 3 3 2 5 5 4 5 3 3 1 1 2 4 2 4 1 2 3 1 1 3 3 2 1 5 3 2 1 4 3 2 5 5 2 5 5 2 4 2 1 3 4 4 2 3 4 3 5 3 3 1 4 5 5 5 5 1 4 1 2 2 4 3 4 4 3 1 4 3 4 4 4 5 1 3 5 2 1 1 5 4 2 5 3 3 5 4 5 1 1 5 1 2 3 4 3 2 3 2 5 5 2 4 3 2 2 3 2 5 1 4 3 2 3 4 1 5 2 2 5 4 4 2 3 4 4 3 2 2 2 4 5 2 2 2 4 2 4 2 1 3 2 2 2 4 2 5 3 5 4 4 3 1 1 3 4 3 5 4 4 4 1 2 5 4 1 3 1 1 5 1 3 2 3 3 3 2 3 5 3 1 1 4 5 3 0 5 5 5 5 2 4 1 2 2 2 5 2 4 1 5 3 1 4 2 1 4 2 4 1 2 3 1 4 4 3 1 3 4 3 3 1 2 2 1 3 5 4 3 3 4 3 3 3 5 2 5 3 4 1 4 5 4 1 5 4 5 1 2 2 4 1 2 3 2
3 3 1 1 4 3 3 1 2 4 4 3 5 5 1 4 1 4 1 1 5 1 2 1 5 2 5 2 3 1 1 4 4 3 2 1 5 4 5 3 5 2 3 3 3 1 1 3 3 5 5 3 3 3 5 4 2 3 5 5 4 3 5 3 1 3 5 5 4 4 3 5 2 4 1 2 4 2 1 3 2 5 3 4 4 1 4 1 2 2 1 5 2 3 3 4 3 5 1 5 3 4 1 2 5 1 4 1 4 3 4 4 3 5 4 5 4 2 3 4 5 1 1 2 3 2 3 1 4 4 5 4 1 4 2 5 5 4 2 1 4 5 4 1 1 1 3 2 1 5 1 2 4 5 5 4 2 5 1 1 5 3 4 2 1 3 5 3 4 1 5 5 4 5 4 3 4 1 1 5 1 5 3 2 2 4 4 3 5 4 2 1 3 5 2 3 3 3 5 2 3 1 5 2 2 4 2 3 5 3 5 5 3 3 3 4 3 4 5 5 2 2 4 5 2 1 4 3 3 1 4 5 2 5 5 3 1 1 3 1 2 3 3 1 5 3 3 2 4 2 1 5 1 1 5 2 4 2 5 1 2 4 3 3 3 5 2 1 5 4 2 1 4 3 2 5 1 2 4 4 5 0 5 5 3 4 3 3 3 2 4 2 2 5 3 1 4 3 1 4 2 3 3 4 1 4 3 4 4 1 3 1 1 1 5 5 5 5 1 2 4 1 4 1 3 5 4 3 2 5 4 2 2 4 1 2 3 2 1 5 2 1 5 5 5 3 4 5 4 5
2 2 4 4 5 2 3 4 3 3 2 5 4 1 1 2 1 1 4 3 1 3 3 1 2 2 1 3 4 4 4 4 3 1 5 4 5 2 2 5 1 5 4 1 1 2 4 1 3 4 3 1 4 2 2 5 1 5 5 1 3 2 5 1 1 3 2 1 2 4 2 2 3 3 1 3 3 5 2 5 4 2 1 2 1 3 3 4 1 4 4 3 1 5 2 4 5 2 5 3 5 3 1 5 1 1 4 4 3 5 3 5 4 2 2 5 3 3 2 5 4 4 1 3 4 3 5 2 5 2 3 1 1 2 4 1 3 4 3 5 5 5 2 3 1 2 5 4 4 5 5 2 3 5 5 1 3 3 2 3 5 5 3 5 5 4 3 5 2 2 2 3 2 3 2 4 5 4 2 2 5 2 2 3 4 3 2 1 2 3 1 4 4 3 2 3 2 2 4 4 2 4 2 1 2 3 2 3 2 1 3 2 3 4 5 1 5 3 3 3 5 2 5 3 2 2 4 3 4 2 4 2 2 2 4 4 3 4 1 4 5 5 4 5 1 2 4 2 4 4 4 3 4 3 3 3 5 3 5 4 1 3 2 3 1 4 3 2 1 5 3 4 1 2 2 5 5 3 2 4 3 1 0 5 1 4 5 2 3 1 4 5 4 4 2 4 2 2 5 1 4 3 1 4 3 2 3 1 4 3 4 5 2 2 1 5 4 1 5 1 1 3 3 2 3 1 1 5 3 5 5 2 3 2 4 4 2 1 5 5 2 2 4 2 3 2 5 5 3 3
4 5 4 5 1 2 5 2 2 2 1 4 3 2 5 2 3 4 4 1 2 5 4 5 3 4 2 5 3 4 4 3 4 4 5 1 4 4 5 5 3 2 1 1 1 2 5 3 5 1 4 2 2 2 4 1 1 5 2 2 1 1 1 2 3 1 4 5 1 1 1 4 2 3 3 1 2 1 4 4 3 5 1 4 1 3 1 4 2 5 4 4 1 5 2 2 1 4 1 3 1 2 3 2 5 4 4 5 1 2 1 2 1 5 1 1 3 2 5 5 3 1 5 3 3 3 5 5 1 5 4 5 3 4 3 2 4 4 2 1 3 3 1 2 5 3 2 2 1 2 2 5 4 5 4 5 5 3 3 4 5 4 2 4 4 1 3 2 5 5 5 4 4 3 5 2 3 4 1 5 2 2 3 4 2 5 1 5 2 5 3 5 2 1 3 4 3 1 3 1 2 5 1 5 1 2 4 1 1 2 2 3 1 4 4 4 3 5 2 4 1 4 1 3 1 2 5 2 2 1 4 4 4 5 1 2 2 4 1 4 5 1 4 5 2 4 4 2 5 3 5 5 1 4 4 2 5 4 4 4 4 3 1 3 3 5 3 1 4 3 2 2 2 3 4 3 1 1 5 4 4 1 3 0 3 1 4 1 3 2 3 5 3 5 2 1 4 2 3 2 4 4 5 1 2 4 1 2 4 2 3 3 4 5 4 3 5 1 4 3 1 1 3 5 1 3 5 5 1 3 2 2 4 4 1 1 1 3 4 2 2 2 4 2 1 2 4 4 2 4
1 5 3 1 3 3 5 2 5 1 4 1 4 1 2 5 4 2 5 2 3 5 2 3 4 5 3 2 1 4 2 3 5 4 1 4 1 3 4 3 4 3 3 1 4 5 2 5 4 5 5 1 1 1 1 5 2 1 2 2 2 4 4 2 2 2 4 3 4 5 2 5 5 2 5 4 2 5 1 3 2 5 1 3 5 5 4 5 1 2 3 4 4 4 2 1 3 2 2 1 1 1 1 4 4 4 3 1 1 2 3 4 2 5 1 1 1 4 5 2 1 2 5 2 4 1 3 4 1 2 2 2 3 5 3 2 2 3 2 1 4 4 4 4 2 3 1 2 1 4 1 2 1 2 3 2 5 3 3 2 4 1 2 3 3 3 2 4 3 2 5 5 4 1 2 1 3 5 5 1 1 1 4 2 5 5 1 2 3 5 5 4 4 5 1 2 4 4 4 5 3 2 1 5 1 2 1 3 4 4 3 3 3 1 1 5 4 2 3 5 3 2 2 1 1 3 3 5 1 4 2 4 5 1 2 2 3 3 2 4 1 1 1 4 4 5 5 4 4 4 2 4 2 4 2 5 1 3 5 3 3 1 5 1 2 3 5 2 5 3 2 5 2 4 2 1 4 5 1 1 4 5 5 4 0 2 5 4 5 2 2 5 2 4 5 5 3 4 1 3 4 1 5 3 4 5 5 5 4 1 1 5 2 5 5 2 2 1 4 3 1 3 5 1 4 5 5 1 2 4 4 4 2 2 5 4 3 3 2 5 4 1 5 3 4 2 1 1 1 5
3 1 4 4 5 1 2 4 4 3 5 5 2 2 4 2 3 2 1 2 5 5 5 4 4 5 1 5 3 5 1 2 5 5 3 1 1 5 3 5 3 4 1 4 1 3 1 2 5 2 1 5 4 3 4 5 2 1 4 5 5 4 5 2 5 2 1 4 5 4 1 4 3 5 4 4 2 1 4 4 2 5 3 5 4 4 5 1 3 1 1 5 5 3 1 2 4 4 3 1 1 4 2 2 3 2 5 5 4 4 5 5 3 2 3 4 2 5 5 2 2 2 2 3 1 3 4 1 4 3 4 2 5 5 1 4 5 1 4 4 5 1 2 2 3 2 3 2 1 5 5 1 4 5 4 4 5 4 4 5 4 5 2 3 1 3 2 3 1 1 1 5 3 4 5 1 5 1 1 3 1 1 5 5 3 4 3 5 1 4 2 5 4 1 3 4 5 2 1 3 5 2 3 1 2 1 1 4 4 4 5 3 3 4 4 3 5 2 2 1 3 3 5 3 2 3 3 3 2 2 2 5 1 1 3 1 2 3 3 3 2 5 3 5 4 1 4 4 1 5 2 3 3 5 3 3 2 1 1 4 3 2 5 3 5 5 2 1 3 1 3 4 3 5 1 4 1 1 3 2 4 5 2 4 4 0 3 5 4 2 2 1 5 3 4 5 3 5 2 1 2 2 3 5 2 4 5 4 2 4 5 4 4 4 5 4 3 3 2 1 4 3 4 1 1 5 2 4 1 2 3 1 4 1 3 4 4 2 3 3 1 4 4 5 3 4 4 3 4 5
2 1 1 2 4 1 3 4 3 4 2 3 1 2 2 4 5 5 2 2 5 2 2 5 3 3 3 1 1 2 4 4 1 3 2 1 1 3 4 3 3 4 3 2 3 4 5 5 4 5 3 3 5 1 1 3 4 3 1 4 3 4 1 1 3 4 4 2 3 2 5 4 3 2 2 1 4 1 5 2 4 2 3 3 2 5 4 1 3 5 2 4 2 3 5 4 3 3 2 4 2 4 5 2 2 5 4 4 3 5 4 5 1 3 4 2 3 1 4 1 5 2 3 3 4 4 3 2 4 1 3 5 3 4 4 2 2 1 2 3 2 1 2 3 5 1 3 1 4 3 5 4 2 5 3 2 3 3 1 3 2 1 5 1 4 4 3 1 5 4 4 4 2 2 3 3 4 1 1 1 1 5 5 5 1 2 1 1 4 1 5 3 3 3 1 4 3 1 3 4 5 1 3 2 1 2 4 1 1 2 2 5 5 1 3 3 4 2 3 5 3 3 1 3 1 5 4 2 2 1 5 4 4 1 1 4 5 2 2 3 3 1 3 4 1 3 1 4 5 5 5 3 5 5 3 2 5 3 2 3 1 3 4 5 3 5 1 3 5 1 3 3 3 1 3 3 4 4 3 5 4 3 3 1 5 4 0 1 5 4 1 5 5 2 4 1 3 3 4 5 1 2 4 3 2 5 3 4 2 1 2 4 4 2 5 2 5 3 2 3 3 2 2 5 2 5 4 1 5 5 3 1 5 2 4 4 3 2 2 2 1 3 5 1 5 4 1 1 3 2
4 2 5 5 2 4 1 3 4 1 2 3 3 5 4 2 4 4 3 1 5 2 3 1 2 1 5 2 1 4 2 2 1 4 5 3 2 2 4 1 2 2 5 3 4 4 2 3 1 4 4 5 4 2 2 5 5 3 1 4 2 4 5 2 3 1 4 4 2 2 5 4 4 2 4 5 5 2 4 2 1 1 3 3 2 4 5 4 3 5 1 3 3 1 5 4 3 4 2 1 4 4 4 2 1 5 4 2 3 1 1 4 2 1 2 1 1 4 4 3 3 3 5 3 3 1 4 2 5 1 2 2 5 4 4 4 2 2 5 5 3 4 3 1 5 2 1 2 5 1 1 4 2 4 2 2 1 5 3 2 2 2 1 2 3 5 4 2 4 2 4 4 1 3 4 2 3 2 5 5 5 1 1 4 1 1 3 4 4 4 1 4 3 5 4 4 2 2 4 3 3 1 5 2 2 3 3 1 3 2 3 2 4 4 5 2 2 5 3 4 5 5 1 3 3 3 2 3 1 5 4 2 1 2 2 1 3 5 3 3 3 4 2 4 3 1 5 1 3 2 5 3 4 3 1 2 3 4 5 3 5 4 2 2 5 4 4 5 1 2 3 2 5 5 4 2 5 2 5 4 1 5 4 3 3 3 2 0 5 1 1 5 3 4 1 5 3 1 2 4 1 2 3 4 3 4 4 2 1 4 1 3 1 5 5 2 1 5 5 3 1 4 4 2 3 2 5 2 4 2 4 1 3 3 3 3 2 2 4 1 3 2 3 1 1 1 1 2 4 2
3 1 5 1 1 2 2 5 3 1 4 4 2 3 2 1 3 3 1 2 2 1 1 3 1 2 5 2 2 2 5 5 4 4 5 2 4 5 2 1 2 5 5 2 4 4 5 2 3 2 4 4 3 3 5 1 3 1 2 3 4 5 2 2 4 3 5 5 2 5 5 4 1 1 1 4 3 2 3 4 2 4 2 5 1 3 4 4 2 1 3 5 2 1 1 4 5 5 1 5 4 3 3 2 1 5 2 5 1 4 3 5 1 2 1 1 2 5 3 1 5 2 3 3 5 3 1 3 4 5 4 1 3 4 2 4 2 3 3 1 2 3 1 3 5 5 4 4 2 4 2 3 4 1 1 1 4 5 5 5 1 5 3 3 3 2 5 1 3 1 3 4 5 3 2 2 5 1 5 5 5 4 2 5 2 5 2 5 2 2 5 3 1 4 1 2 2 2 1 5 1 3 5 5 2 1 1 2 1 2 1 2 3 2 3 2 2 2 1 5 5 5 1 5 1 1 1 1 5 3 3 2 3 5 5 1 5 1 4 3 2 4 2 1 5 1 4 1 4 1 2 1 1 4 2 2 3 2 4 4 3 3 5 2 5 1 5 1 4 1 4 3 2 3 3 4 4 5 2 3 3 3 3 2 4 1 2 1 0 1 3 4 5 4 3 1 5 4 5 5 1 1 4 5 5 1 5 5 4 5 5 5 4 3 1 4 2 1 4 4 2 4 5 3 3 4 5 3 5 2 3 2 5 4 2 4 1 1 1 1 1 1 5 2 1 4 4 3 3 1
3 3 2 4 3 5 5 2 2 1 2 2 3 3 4 1 1 5 3 3 3 3 5 3 4 1 4 2 5 3 4 5 2 1 1 3 4 4 1 2 2 5 5 2 1 3 5 4 4 4 4 4 1 1 2 5 3 2 5 3 2 1 2 4 1 1 5 4 4 5 4 5 1 5 2 2 5 5 5 1 4 1 3 2 3 3 2 2 2 2 3 4 3 2 1 4 5 1 5 2 4 5 5 4 2 4 3 5 1 5 5 3 4 4 1 4 3 5 5 2 1 4 3 2 5 3 5 2 2 4 4 4 2 4 2 2 5 1 1 5 3 2 2 4 3 5 4 2 3 2 1 1 2 3 2 5 1 1 1 3 5 1 3 2 5 4 4 3 1 2 1 2 3 2 2 1 3 3 2 5 5 2 4 5 4 1 3 4 5 5 1 1 3 3 5 3 4 3 1 3 5 3 3 4 1 4 3 1 1 4 3 1 1 3 5 1 4 5 4 5 3 2 4 1 2 4 5 5 5 4 4 3 4 5 1 4 2 4 4 3 2 4 3 3 1 4 3 3 5 2 2 3 4 4 2 1 5 3 4 4 1 4 5 2 2 5 2 2 2 1 1 5 1 1 2 3 5 1 3 3 2 1 5 4 5 2 1 1 2 0 4 2 4 3 1 3 3 5 1 4 5 4 3 5 4 1 5 1 4 5 3 1 4 2 1 1 3 1 3 1 1 4 2 4 1 5 2 5 2 4 2 5 5 5 4 4 2 3 4 3 4 1 4 2 1 3 3 4 3 3
2 5 3 2 2 3 2 2 5 3 2 2 3 4 3 2 1 1 5 3 3 5 5 5 4 5 4 3 5 4 5 5 3 5 3 4 5 3 1 4 1 2 2 4 3 4 3 1 4 4 1 5 3 3 1 3 1 2 1 1 2 2 3 4 4 3 5 2 3 2 3 4 4 5 2 4 2 1 3 5 4 1 2 2 2 2 1 1 2 5 1 3 5 5 3 4 2 1 1 2 1 2 5 2 2 3 3 4 5 3 2 2 3 3 2 1 5 3 5 3 1 4 5 4 3 2 1 3 4 2 3 5 2 2 2 2 3 1 4 2 4 1 2 4 4 2 3 1 5 5 1 1 1 2 4 3 1 4 2 5 1 4 2 1 2 5 2 2 4 5 1 3 2 4 3 4 5 4 4 1 1 4 1 1 1 3 2 3 1 2 2 4 1 2 5 5 3 1 4 1 5 2 1 1 5 3 1 3 4 2 3 3 4 5 1 4 5 1 2 2 5 3 3 3 3 2 1 3 4 2 1 4 5 4 2 5 2 5 2 3 2 1 5 5 3 5 5 2 3 1 4 5 1 5 5 4 4 3 3 4 4 3 3 5 1 5 2 3 3 4 1 3 1 2 5 3 4 2 3 5 3 4 3 5 5 2 2 4 3 2 0 2 2 3 2 2 3 2 5 3 1 2 2 5 2 2 3 3 3 5 2 5 2 3 1 2 4 2 5 4 4 5 1 4 2 1 1 3 4 3 1 5 3 2 2 3 4 4 2 3 4 2 3 1 1 3 3 4 1 3
2 1 4 2 4 1 5 1 5 3 2 1 2 1 3 5 3 2 3 5 5 1 1 3 3 2 2 5 3 2 1 5 4 3 3 4 1 2 1 4 4 3 1 1 2 1 4 3 4 5 2 2 4 4 5 5 5 4 2 1 4 1 5 2 1 3 3 3 2 2 1 5 5 5 3 5 1 3 1 5 3 5 4 3 2 5 1 5 1 1 1 4 4 3 3 4 4 2 5 4 4 1 5 2 3 3 5 1 3 4 3 2 2 2 3 2 5 3 3 5 1 2 4 5 5 1 1 1 3 3 1 3 4 5 1 3 2 2 1 5 3 5 2 1 4 2 1 3 2 1 1 1 4 1 1 4 3 1 5 5 4 5 3 1 4 5 1 5 1 3 5 4 4 1 5 2 3 1 5 1 2 4 2 1 1 2 5 5 5 3 4 5 4 2 2 5 2 3 1 3 1 2 2 1 5 2 1 5 1 1 1 5 1 5 4 1 2 3 1 5 1 1 2 3 2 3 3 1 4 4 1 3 3 5 4 5 2 5 1 3 4 3 5 2 4 3 5 5 5 5 2 1 4 1 5 2 4 2 1 4 4 2 4 5 1 4 5 3 5 4 2 4 2 5 1 3 3 2 2 1 2 1 2 1 2 1 2 5 5 2 2 0 3 2 1 3 4 4 4 3 2 4 4 3 5 3 1 2 5 5 2 1 4 4 2 4 3 1 4 5 1 5 4 2 4 5 3 1 1 4 2 1 3 2 5 3 1 3 1 3 2 4 1 1 5 1 1 3 4 5
1 5 3 4 2 3 4 2 4 3 5 5 4 3 1 5 5 1 3 3 3 1 1 2 2 1 3 1 2 5 2 4 3 5 2 4 1 4 3 4 3 1 4 1 1 2 3 4 1 4 5 4 1 2 3 3 2 4 5 3 2 5 3 4 4 2 2 2 5 3 5 5 3 2 3 3 2 2 3 1 4 3 1 3 2 4 2 1 4 5 5 3 2 2 5 1 3 1 2 5 4 4 1 1 5 3 4 5 4 2 1 5 4 2 3 1 3 2 5 5 2 1 4 3 2 1 1 1 1 3 2 1 2 5 4 1 4 3 1 1 5 3 5 1 2 5 1 3 1 3 1 3 3 2 5 2 1 4 2 5 2 3 2 2 5 5 5 3 2 4 3 3 3 4 3 1 3 1 1 1 2 2 2 3 5 5 4 5 3 5 2 2 2 1 4 3 3 2 5 4 5 3 1 3 3 3 2 5 2 1 3 3 5 1 4 5 5 5 5 5 3 2 4 1 3 5 2 4 3 1 4 2 1 3 2 2 4 5 3 4 1 5 4 1 4 2 5 4 4 2 4 2 4 2 1 2 2 4 2 3 5 2 3 4 4 3 4 1 1 3 2 3 3 2 3 5 4 4 4 2 2 1 1 3 5 1 5 4 2 3 1 1 0 2 2 4 1 4 4 5 2 1 1 2 1 1 2 5 1 4 2 4 3 4 5 5 4 1 4 2 4 2 3 3 1 1 5 5 3 1 3 5 4 2 4 4 2 4 2 3 5 2 1 1 5 4 4 1 2 2
3 2 2 3 4 5 5 4 2 3 1 5 4 2 4 5 1 4 5 3 3 1 4 2 2 1 2 2 1 3 4 3 3 3 5 2 2 2 5 1 2 2 1 2 2 5 5 4 5 5 4 2 4 2 2 4 1 5 3 5 1 1 5 2 2 2 5 5 1 1 3 4 1 1 5 5 5 5 3 4 2 4 4 2 2 3 4 5 1 3 3 3 1 5 5 1 3 3 5 4 3 2 1 4 5 2 3 3 5 1 5 1 3 4 3 2 1 5 3 2 3 2 3 2 5 4 3 3 5 4 2 3 2 2 1 2 5 4 4 5 4 3 3 2 5 3 5 3 3 3 3 2 3 4 5 3 3 4 1 2 4 1 1 1 5 2 3 3 4 2 1 1 5 1 2 5 5 4 5 4 1 2 5 5 5 3 4 5 1 5 4 5 1 3 3 5 4 1 2 5 5 3 5 3 1 4 4 4 3 2 3 3 1 5 5 4 5 3 5 2 3 3 4 4 2 5 5 4 1 1 3 4 5 2 3 5 2 5 2 4 1 4 1 1 3 4 1 5 3 5 1 5 1 1 4 2 5 3 3 2 3 4 3 1 5 1 3 2 4 4 4 4 3 1 3 1 5 4 4 4 4 3 1 3 2 1 1 2 2 1 3 5 1 0 2 5 3 1 2 4 5 5 1 2 1 4 5 2 5 4 2 1 1 4 4 1 5 3 5 2 2 2 2 1 2 2 3 4 5 5 5 3 3 2 2 2 3 4 4 5 4 3 1 2 2 3 5 1 4 4
4 2 3 1 3 1 3 4 4 3 2 1 2 3 2 4 2 2 1 5 3 5 4 3 1 3 2 2 4 5 5 3 4 5 4 5 3 2 3 2 2 5 3 5 1 4 3 1 2 2 2 2 4 3 5 3 3 5 5 3 2 4 3 2 1 2 4 3 5 5 2 1 1 3 1 1 5 3 2 5 4 5 2 3 3 2 5 4 2 1 1 4 3 4 2 4 2 5 2 4 3 5 5 1 2 2 1 2 1 4 1 3 1 5 4 4 3 2 3 3 1 1 1 3 1 2 2 2 1 3 3 1 5 2 3 3 4 1 3 1 4 3 1 1 2 3 4 2 1 5 1 4 4 1 2 5 1 5 4 5 4 1 5 1 4 3 5 5 5 2 1 4 4 4 5 3 5 3 4 4 3 1 2 1 3 1 1 1 2 1 2 5 2 4 1 1 4 1 3 5 5 1 3 2 3 2 3 3 5 4 1 3 5 4 1 1 2 1 1 2 2 5 4 2 3 1 2 5 3 4 5 5 1 3 3 5 4 2 2 5 3 1 2 3 4 1 5 1 3 2 2 1 3 3 3 5 2 1 1 2 1 2 5 1 1 3 4 5 4 4 1 5 4 5 1 4 3 4 1 5 1 1 4 1 2 3 2 1 2 3 1 4 5 3 0 2 5 2 1 1 4 1 1 2 5 2 2 5 2 3 2 5 2 5 1 1 3 5 1 2 4 1 1 3 4 2 4 5 4 3 1 4 4 5 4 3 3 1 2 1 5 3 5 1 1 4 1 1 1 5
4 4 1 1 4 5 3 3 4 5 4 4 1 1 3 4 5 4 3 3 5 5 4 3 2 1 4 2 4 4 2 2 2 3 3 2 2 5 4 2 2 3 4 2 3 4 4 3 1 3 5 5 1 4 2 3 4 5 1 1 4 3 5 4 3 4 1 1 5 1 5 2 4 3 4 2 5 5 5 2 4 1 1 2 4 3 4 5 2 2 3 3 4 1 3 2 2 2 2 2 4 2 3 4 3 3 3 5 4 4 3 1 1 1 2 5 2 5 4 2 1 3 4 4 3 4 2 3 5 4 5 2 3 2 4 5 1 3 1 5 2 3 5 5 1 5 3 4 3 2 1 2 2 1 2 5 5 2 3 4 4 1 2 2 3 3 2 3 4 3 1 1 5 1 3 1 3 1 4 3 4 3 1 1 5 5 4 4 5 4 1 3 2 3 5 1 1 3 3 4 4 4 4 5 5 3 2 4 2 2 1 5 5 2 5 3 4 1 5 5 4 3 3 3 4 5 3 4 2 2 1 5 5 4 5 1 3 5 3 3 1 1 1 3 2 4 3 4 5 4 2 3 4 1 2 5 3 2 3 3 5 3 5 1 2 2 4 5 4 1 1 1 1 2 1 3 5 2 1 1 4 1 2 5 5 2 5 5 2 3 4 5 4 5 1 0 5 4 2 4 2 3 4 5 1 3 2 4 3 3 1 3 2 2 3 5 5 1 5 5 3 5 1 5 4 4 4 3 3 4 4 3 2 5 2 4 1 1 2 4 3 5 1 3 2 1 3 1 1 5
2 1 4 1 1 2 5 3 2 4 4 1 1 5 3 4 4 1 3 3 1 1 5 4 2 3 1 3 1 5 4 3 3 5 4 4 5 3 2 3 3 4 5 1 2 3 1 5 3 5 3 2 4 5 5 1 5 2 1 5 5 2 1 3 4 1 5 1 4 2 4 4 3 1 5 1 1 5 2 5 1 2 3 3 2 4 2 4 4 2 1 2 4 1 2 3 5 5 4 2 4 5 2 2 2 1 3 3 2 3 3 1 2 1 1 5 3 4 3 4 2 2 2 4 3 1 5 5 5 4 5 4 5 3 3 5 5 1 3 2 3 3 1 1 3 1 3 3 5 3 3 3 2 3 3 5 3 1 1 2 3 4 5 5 5 4 2 4 3 5 5 4 4 3 3 3 3 3 1 3 2 3 5 3 1 4 4 3 1 3 1 3 4 4 5 4 4 3 4 1 5 3 5 5 4 3 1 5 3 4 1 4 4 1 4 2 2 4 2 4 2 4 2 5 4 5 5 4 2 3 4 1 2 2 2 5 3 5 1 1 3 3 4 3 4 4 5 3 2 5 2 5 5 2 4 2 3 3 4 1 5 2 4 5 4 1 3 2 1 3 2 1 2 3 2 5 5 1 3 1 2 2 3 3 1 4 4 3 3 2 2 4 3 2 2 2 0 2 5 3 4 2 3 3 2 4 2 3 1 4 4 3 4 3 3 4 2 1 5 2 4 3 5 1 3 2 1 3 3 1 2 5 4 3 2 1 5 1 5 5 2 2 1 1 5 3 4 3 1 2
4 4 5 5 1 4 4 3 1 3 5 2 2 4 1 5 3 2 5 3 4 5 3 5 5 4 2 1 4 1 2 3 4 1 1 4 3 4 2 2 5 2 2 3 4 3 2 2 3 5 3 1 4 2 2 1 2 1 5 3 1 2 2 2 2 4 4 4 3 4 5 1 3 1 5 1 2 4 4 4 3 5 2 1 4 2 5 4 2 3 5 4 1 3 3 4 5 1 2 3 5 2 1 2 1 2 2 5 1 1 5 4 2 2 3 1 2 1 3 1 4 1 5 3 3 3 4 4 4 2 5 5 4 5 3 5 3 4 4 4 4 4 1 5 5 3 2 3 4 2 3 5 4 1 5 3 4 2 1 2 5 5 3 3 4 5 4 4 5 1 2 1 5 4 4 2 2 4 5 5 1 4 3 1 1 4 3 5 3 4 4 5 1 5 2 1 4 3 3 4 1 1 5 5 3 3 2 5 2 5 4 5 5 1 2 1 4 2 3 1 4 1 1 5 4 5 4 3 2 5 4 4 1 4 2 2 2 1 3 5 2 1 4 2 4 1 3 3 3 2 5 2 2 3 5 2 5 1 5 1 5 1 5 1 2 3 3 2 3 2 4 1 5 3 4 1 2 2 3 1 3 4 3 2 5 4 5 4 1 4 1 5 3 4 1 1 1 0 2 3 2 1 4 2 4 3 1 2 4 4 5 1 1 3 2 2 4 3 5 5 4 5 5 4 2 3 2 2 3 3 3 4 1 1 3 4 5 3 5 2 3 5 4 3 1 3 2 3 1 3
2 2 2 5 3 5 2 5 5 4 5 3 2 3 3 1 3 2 2 2 1 1 2 5 5 3 1 4 2 4 3 2 4 1 1 1 2 1 3 1 2 4 1 3 3 2 4 5 3 5 4 5 4 3 2 5 3 4 1 2 2 2 4 1 1 2 5 2 2 3 1 5 1 2 2 3 1 4 3 5 3 3 4 2 1 1 1 1 4 2 5 5 2 3 1 2 1 3 3 3 1 3 5 1 2 3 5 4 5 2 2 5 3 1 4 3 1 1 1 2 3 2 1 3 3 3 2 2 4 4 2 4 4 1 1 2 5 1 4 1 4 5 1 5 2 2 4 4 3 4 5 1 4 4 4 2 5 5 5 2 1 1 4 4 3 2 3 1 5 5 2 1 4 5 4 5 2 1 3 4 5 3 4 5 3 3 1 1 2 1 1 3 2 4 3 1 4 3 4 1 5 3 3 3 4 4 2 5 1 5 1 3 4 3 5 5 2 4 5 1 1 4 4 2 3 1 1 2 4 5 2 4 5 3 1 4 5 2 1 3 1 4 5 5 2 4 5 3 1 3 4 5 3 4 4 3 1 1 2 2 3 1 3 5 4 2 2 2 2 3 2 3 5 4 5 5 5 3 5 2 3 4 1 1 2 3 2 2 3 2 1 5 4 4 1 1 5 3 0 3 4 2 1 5 1 2 4 4 4 2 1 1 3 4 1 2 4 2 5 1 3 2 2 4 1 2 3 3 2 1 1 5 2 2 2 1 5 4 4 2 2 4 4 5 4 2 2 2 4 5
1 2 5 4 1 1 5 4 2 5 3 2 2 5 3 4 1 5 4 4 1 2 1 5 3 1 5 2 2 5 2 1 1 3 5 3 3 1 3 2 5 4 1 5 1 1 1 4 4 4 3 5 4 4 3 1 5 2 4 3 1 4 4 1 4 2 2 4 3 5 2 5 1 4 1 4 2 1 3 3 3 3 2 3 1 1 4 5 4 4 2 5 3 1 2 4 1 2 1 3 1 1 2 2 1 1 3 5 1 1 3 2 1 2 2 5 5 1 1 1 1 1 1 3 1 1 1 2 1 1 3 4 1 3 3 3 2 2 2 3 4 1 1 1 2 3 3 1 4 4 5 5 4 5 3 5 1 2 3 1 5 5 4 3 2 3 4 2 1 3 5 4 2 2 2 3 2 4 5 3 4 5 4 2 1 3 5 4 4 2 5 2 4 3 2 1 4 1 1 3 5 1 1 4 5 3 5 3 1 3 5 1 5 5 2 3 3 1 3 1 3 5 3 4 1 5 1 1 4 2 2 1 2 3 3 1 2 3 4 1 2 4 5 4 3 5 4 3 2 4 1 5 2 4 4 3 2 4 3 4 1 4 3 3 4 4 1 3 2 2 4 4 5 3 1 2 4 5 5 4 3 1 4 4 4 3 4 2 1 3 2 3 5 2 2 3 2 1 2 0 4 2 1 2 5 5 1 1 4 5 5 5 2 2 1 5 3 5 5 2 4 1 2 1 3 1 1 2 1 4 5 2 1 3 1 1 3 1 4 3 2 1 3 5 5 5 3 5 1 1
3 5 1 4 2 1 2 4 1 1 3 3 5 3 4 4 1 3 4 5 1 5 5 4 1 3 4 5 5 5 2 4 3 2 5 3 3 2 5 3 1 2 2 1 2 1 2 3 5 3 3 3 2 2 5 4 4 2 5 2 1 2 1 2 5 3 3 4 1 2 2 2 2 5 2 3 2 1 4 4 1 5 2 2 2 4 2 1 1 4 5 4 2 3 1 2 5 5 1 4 1 1 3 5 1 4 3 3 4 3 4 5 1 1 3 3 4 4 5 4 2 2 4 2 4 2 2 3 3 5 1 2 2 2 2 3 3 1 3 1 3 1 2 5 2 4 5 1 1 2 5 5 3 5 2 4 4 1 5 1 1 1 2 5 2 2 3 4 1 1 5 5 4 1 4 1 2 1 3 1 1 1 2 2 4 1 5 5 2 5 4 3 3 4 3 2 2 1 4 2 1 3 3 3 3 4 1 1 4 2 3 5 1 4 1 4 5 1 4 2 3 4 5 5 1 4 2 1 2 4 2 5 1 2 2 4 4 3 3 1 5 2 4 2 1 1 2 5 5 4 2 5 1 2 2 3 3 3 4 1 4 2 2 2 4 5 3 3 5 5 4 2 2 4 3 2 4 3 2 5 1 1 3 5 4 1 2 2 5 3 4 1 2 5 5 5 3 2 5 5 0 4 2 2 1 3 3 2 1 3 2 4 1 1 2 5 2 3 3 3 4 5 3 1 2 5 3 3 5 1 4 1 4 3 3 3 5 3 2 1 3 3 1 2 4 3 3 5 1 2
2 2 5 4 3 5 5 1 4 3 2 1 5 3 4 2 2 5 2 4 4 4 3 3 4 3 2 3 4 3 5 5 3 3 3 2 5 5 1 2 1 3 4 5 2 2 4 3 3 2 3 1 1 1 4 3 1 3 4 2 2 1 3 4 3 2 1 4 2 1 1 1 2 1 1 4 5 2 3 4 2 4 2 1 4 4 4 1 3 4 5 4 4 3 3 4 4 2 5 5 4 2 4 2 1 2 4 2 2 3 1 4 3 2 2 2 2 1 1 1 5 4 4 3 4 4 1 4 3 4 5 2 4 4 2 5 5 2 4 3 3 4 5 3 3 2 3 3 1 2 1 2 1 5 4 4 2 2 2 2 2 1 5 2 3 5 2 5 5 4 5 2 3 4 1 4 2 4 1 4 2 3 5 2 5 3 2 3 2 3 1 5 1 3 4 1 3 3 2 3 2 4 3 2 5 3 3 2 3 5 2 2 3 1 4 2 3 3 2 3 1 4 2 2 2 2 3 1 4 4 3 1 2 2 5 5 3 1 4 1 1 1 3 1 5 4 3 1 1 1 2 3 3 1 1 2 5 4 2 1 5 1 5 3 5 2 1 5 1 2 3 1 1 3 5 3 2 5 5 1 1 3 2 5 4 2 3 3 3 3 3 2 4 4 5 4 3 1 3 5 3 0 4 1 4 1 4 5 3 1 1 4 1 3 3 1 3 5 2 5 3 1 2 2 2 4 5 3 4 5 1 5 3 5 4 4 3 1 4 1 4 4 5 4 3 5 4 4 4 3
1 5 5 2 5 5 1 5 2 2 1 2 1 5 1 3 4 4 1 4 3 4 3 5 3 5 1 5 3 4 4 5 3 5 2 3 4 4 5 2 1 3 2 3 1 1 3 1 4 1 2 2 1 5 1 5 4 5 3 2 2 5 2 1 4 1 2 4 3 2 2 5 1 3 3 2 4 1 5 3 5 2 3 4 4 1 1 5 1 3 1 1 5 4 4 3 1 5 5 4 2 4 5 1 4 1 2 4 2 4 2 5 3 1 2 3 1 3 5 2 1 2 5 5 2 4 5 2 3 2 4 1 5 5 2 5 2 2 4 3 3 3 3 3 4 4 1 5 1 3 2 3 2 4 5 2 1 1 4 4 1 5 2 4 1 2 3 5 5 3 3 4 2 2 4 1 3 4 3 2 1 1 2 4 2 4 3 2 4 1 3 2 1 1 4 3 1 1 5 1 3 3 5 4 5 2 2 3 1 2 1 4 1 4 3 2 1 5 1 1 4 5 4 5 1 4 1 4 2 5 5 3 4 2 4 4 2 5 2 4 1 5 2 5 2 3 1 3 2 3 2 4 1 4 1 3 1 3 5 4 3 4 1 1 5 4 5 3 4 4 2 3 2 1 1 4 3 4 3 5 1 4 4 3 4 3 3 4 5 1 3 1 3 2 2 3 4 1 4 5 2 1 0 1 2 1 4 4 4 1 4 3 1 2 1 5 5 3 5 5 4 3 3 4 3 2 1 1 2 5 1 4 5 3 5 4 1 2 3 4 2 2 2 3 1 3 4 4 2 5
1 5 2 4 5 3 5 2 5 4 4 1 4 2 5 3 5 2 3 2 3 4 3 4 5 5 5 4 5 3 3 4 4 4 3 3 5 1 1 2 4 4 4 3 2 3 4 3 5 2 2 4 2 2 5 1 5 1 5 1 1 5 2 2 2 3 2 4 3 5 4 1 1 2 4 1 1 1 2 5 3 5 2 5 3 3 5 2 1 4 3 5 1 5 3 1 5 2 4 3 4 5 5 3 4 2 3 5 1 5 5 2 3 5 1 3 4 3 2 3 5 2 5 3 3 2 5 2 3 4 2 2 5 2 2 5 4 3 1 1 5 3 1 3 5 5 2 5 3 5 1 3 1 4 1 1 5 1 5 4 4 2 3 4 2 5 1 3 5 2 2 4 4 5 3 5 4 1 4 1 5 3 1 3 5 4 5 4 3 3 5 5 1 4 1 3 3 4 2 1 3 5 2 2 3 4 3 4 3 3 5 5 2 4 2 2 1 5 3 3 3 3 3 2 4 4 4 5 3 1 2 1 4 1 3 4 5 3 2 1 4 3 5 2 5 4 1 2 1 2 3 2 2 4 5 5 1 3 1 2 5 4 2 5 2 3 1 3 2 5 4 4 4 4 4 4 3 2 1 2 3 4 4 4 1 2 5 1 4 4 1 2 5 3 3 1 5 1 1 4 2 4 2 0 2 3 5 5 1 3 3 1 2 1 2 2 3 2 3 4 3 5 4 3 3 4 4 3 3 5 2 2 2 4 5 1 4 4 4 3 1 1 5 2 2 1 4 1 3 4
1 4 5 3 3 1 5 1 5 1 2 3 4 5 2 2 4 1 5 1 5 1 2 5 5 5 1 5 4 4 2 3 3 3 5 2 2 5 3 5 4 5 3 5 1 5 4 4 5 2 1 1 2 5 4 5 4 1 5 1 1 1 1 4 5 4 5 1 1 4 4 3 4 3 3 3 1 1 3 4 5 4 1 5 2 1 2 4 1 4 1 1 1 3 4 2 5 4 1 2 3 4 2 2 1 2 4 4 2 5 3 1 3 1 1 5 5 4 5 1 3 3 2 4 4 2 5 3 4 2 5 1 2 2 4 1 5 3 3 3 1 2 5 3 1 5 2 4 2 2 2 5 4 4 5 4 3 4 5 4 1 4 3 3 1 5 3 4 5 3 5 3 5 2 2 4 4 4 4 2 3 2 4 4 3 1 4 3 3 5 2 2 4 4 1 2 1 2 5 1 5 4 5 2 3 3 4 4 3 2 1 3 5 3 2 1 5 3 4 3 5 4 5 4 4 1 2 1 1 3 2 3 4 2 5 3 5 4 2 1 1 1 2 4 1 5 2 3 1 1 3 5 3 5 1 1 5 2 2 3 5 4 3 2 1 4 5 2 2 4 1 3 3 2 2 2 3 4 4 2 2 4 1 2 1 3 1 1 3 3 1 4 1 4 2 1 2 5 1 1 3 3 2 5 0 4 4 5 4 5 2 3 3 5 2 5 3 5 4 4 2 4 4 4 1 1 4 1 1 1 2 2 4 5 1 1 3 1 4 3 2 5 5 1 5 5 4 1 2 4
1 4 5 4 2 5 3 3 2 1 3 2 5 4 5 1 5 2 5 5 4 4 3 1 5 4 2 2 3 4 4 3 1 2 2 4 3 5 5 5 2 4 5 5 1 5 3 3 3 2 2 3 1 5 1 3 4 1 5 5 3 2 4 1 1 1 3 4 2 3 1 5 2 2 5 5 1 3 4 4 1 1 3 5 4 3 1 4 1 4 3 4 4 1 4 5 4 1 2 1 2 3 5 4 4 4 4 1 1 4 4 5 2 3 1 5 4 5 5 5 4 2 5 4 2 2 4 1 5 2 3 1 2 1 2 3 1 4 4 5 5 4 4 4 1 1 4 4 2 1 2 2 1 2 5 5 2 4 4 2 2 1 2 5 1 4 3 5 5 3 4 3 1 4 4 1 4 2 4 5 1 1 2 2 2 5 2 3 1 4 1 2 2 3 3 2 2 2 2 4 5 2 1 3 5 4 2 4 1 4 2 3 5 4 2 4 2 1 5 4 2 2 1 2 4 2 2 4 5 1 1 2 4 2 5 1 2 4 2 2 3 2 2 5 3 2 2 4 5 3 4 5 3 2 1 4 4 2 4 4 3 3 5 4 1 2 2 3 1 5 2 2 3 5 1 2 5 2 5 1 5 5 3 3 1 1 1 1 4 4 3 5 3 4 3 5 5 4 2 4 1 1 4 4 3 0 3 2 4 3 1 1 1 3 4 1 2 4 4 4 3 1 2 3 3 5 5 4 4 5 1 4 4 1 5 1 5 5 4 4 1 4 1 1 5 3 1 2 1 4
3 4 3 1 3 2 2 3 3 5 3 1 4 4 5 1 1 3 1 4 1 5 3 5 4 2 3 4 5 3 5 1 2 4 4 3 1 4 2 4 5 2 5 2 1 3 1 2 3 2 2 1 5 4 3 1 4 5 3 1 5 2 3 2 5 4 1 3 1 5 1 1 2 1 3 2 3 4 4 5 2 4 4 1 1 1 2 5 1 3 1 4 4 3 5 5 3 1 1 4 2 1 2 5 5 2 2 1 2 5 5 5 2 2 1 1 5 4 5 5 5 2 1 2 5 2 1 3 1 4 3 2 1 1 4 3 1 4 1 3 2 1 5 5 3 4 3 4 5 2 1 4 3 4 5 1 2 2 2 2 2 5 2 4 3 3 2 5 1 3 5 3 4 2 2 5 2 1 1 3 2 1 1 4 4 3 4 2 3 4 3 3 4 1 3 5 4 3 3 3 1 5 2 1 2 2 5 4 5 5 3 1 2 3 5 5 3 3 4 4 3 3 1 2 3 5 1 2 4 4 3 1 5 2 3 5 2 5 4 5 2 2 5 4 1 3 4 5 2 3 2 4 4 4 2 5 1 4 2 3 4 3 2 3 1 5 3 2 5 3 3 2 2 5 4 5 3 2 1 3 5 1 4 3 2 1 4 2 1 4 4 4 5 5 4 3 1 2 5 3 4 3 3 1 5 2 0 4 5 5 3 5 3 1 1 2 3 5 5 3 4 1 2 5 4 4 3 4 5 4 1 1 3 2 2 2 4 4 2 3 1 5 2 4 2 1 5 5 3 3
3 3 1 5 4 2 2 4 4 1 3 1 3 3 2 4 2 1 1 1 1 5 2 1 1 2 2 4 2 2 4 2 1 2 3 5 2 1 5 2 4 3 4 3 3 4 3 2 2 2 2 2 4 1 4 5 3 3 5 4 4 2 4 1 4 2 1 4 4 5 1 2 3 5 3 2 4 2 2 3 3 2 4 3 1 1 3 2 4 4 1 3 1 1 4 2 4 5 1 1 3 4 4 4 3 4 4 1 1 5 5 5 3 5 3 5 4 5 1 5 1 4 2 4 5 4 5 2 4 4 3 1 4 1 1 2 3 1 3 2 1 5 3 5 5 3 4 1 5 3 5 5 1 4 2 3 2 4 4 5 3 3 3 5 2 3 1 4 4 3 2 3 4 5 2 2 1 1 4 3 4 2 5 5 4 3 5 3 2 1 1 4 2 2 2 1 1 2 2 2 5 1 4 1 5 3 3 2 5 4 2 3 2 1 5 3 2 4 5 4 1 1 1 4 1 2 4 2 2 1 4 5 1 1 3 3 2 1 2 3 3 1 3 3 2 5 1 1 5 2 1 3 5 3 1 4 2 4 3 2 4 3 2 5 5 3 3 1 1 3 3 3 4 4 5 3 1 4 1 5 4 5 4 3 3 1 3 1 2 2 2 1 4 4 1 1 5 3 4 3 1 2 3 4 1 1 3 0 1 2 4 1 1 5 4 3 2 2 1 5 2 1 4 1 2 3 4 5 2 2 5 3 3 5 4 2 5 4 4 5 4 5 3 4 1 3 1 3 4 1
3 4 2 4 1 1 4 3 1 4 1 5 5 1 2 2 5 4 2 4 3 2 3 3 4 3 2 4 5 2 5 1 3 2 3 3 3 3 2 5 1 1 2 5 5 3 3 3 5 2 5 2 4 3 1 1 1 1 3 3 1 5 2 1 3 4 4 4 4 3 4 3 1 4 2 5 1 4 2 5 3 4 2 5 2 2 5 1 1 4 2 1 2 3 5 4 5 3 3 4 5 1 2 1 5 2 5 3 4 1 4 1 3 5 2 1 1 3 3 2 5 1 4 4 1 1 5 2 4 4 1 1 3 5 1 2 2 1 3 3 4 4 3 3 2 4 5 1 2 5 4 1 3 2 4 5 4 2 2 5 1 1 2 2 2 4 5 3 3 3 5 4 4 5 2 4 5 3 4 2 4 3 5 4 5 2 2 4 4 1 2 4 1 4 1 1 3 2 4 2 3 2 2 1 2 1 4 1 2 2 5 3 1 3 3 2 4 3 4 5 4 4 4 3 1 2 3 4 4 1 2 4 3 5 5 1 2 5 1 3 3 1 1 3 5 2 4 4 5 5 3 1 2 4 4 1 5 4 5 2 1 1 1 3 2 3 5 5 1 1 2 5 4 1 5 4 5 3 3 3 4 5 2 4 4 3 2 2 5 3 4 3 2 4 1 4 1 3 2 3 1 2 2 2 5 1 5 4 0 1 2 2 3 3 2 5 5 3 5 5 3 2 3 4 1 3 1 5 1 5 1 4 5 2 4 1 2 5 5 4 3 1 2 4 2 3 3 4 4 2
1 1 4 1 5 3 4 1 1 3 1 4 5 4 5 4 2 1 3 2 3 4 5 4 3 3 4 2 2 5 5 1 2 4 3 3 3 4 3 3 4 2 3 1 2 4 4 3 3 5 4 5 4 2 4 1 1 4 1 2 5 5 5 4 4 2 2 2 4 1 3 3 3 2 4 4 5 1 3 1 2 3 4 2 1 3 4 2 1 2 5 1 3 1 5 5 2 1 1 2 2 2 1 4 5 3 5 3 2 4 5 5 3 3 1 2 4 5 2 3 2 4 2 3 1 3 1 1 5 5 2 2 5 2 2 2 1 4 3 4 1 2 1 5 3 4 1 2 2 5 3 4 1 4 4 4 3 5 2 5 3 5 1 1 1 1 2 1 5 3 2 2 1 2 1 2 5 2 3 2 5 5 1 2 1 2 1 1 3 1 1 2 3 4 1 3 3 1 2 2 2 2 4 3 1 1 5 4 1 5 4 4 3 1 2 3 3 5 4 2 1 4 4 4 3 4 5 4 3 1 5 5 3 3 5 2 1 2 1 1 4 3 4 5 4 3 1 4 4 3 4 3 3 2 4 1 5 4 2 1 4 4 1 5 1 5 4 2 1 4 4 4 4 5 1 4 2 5 2 2 5 3 1 5 4 2 5 2 3 2 3 3 4 3 5 2 3 2 5 4 4 4 4 3 2 4 2 2 3 0 3 2 4 1 3 5 4 5 3 2 3 1 2 4 2 2 4 1 1 2 1 1 1 3 5 4 2 3 4 1 2 5 5 3 3 2 5 2 4 4
3 5 5 2 4 2 2 1 1 2 1 3 4 3 2 1 5 5 5 1 4 4 3 4 2 5 2 4 3 4 3 1 5 4 3 4 3 1 4 3 3 1 1 5 3 3 4 3 3 4 2 1 2 3 5 3 4 4 3 4 3 4 4 3 1 2 1 4 4 2 5 4 2 1 3 5 4 4 3 4 2 3 3 4 3 3 3 2 4 4 2 1 5 4 2 5 3 4 4 3 1 5 2 3 1 4 5 1 4 3 5 5 3 5 4 4 2 5 3 1 4 4 4 3 1 2 2 2 3 1 1 4 5 3 3 3 5 1 3 4 1 3 2 4 3 3 2 4 2 3 1 1 4 2 1 3 3 4 4 5 5 1 2 3 2 5 1 1 5 3 5 4 3 2 1 3 2 4 4 5 5 1 4 5 2 1 4 3 5 5 3 5 2 3 5 1 5 1 5 5 5 2 4 4 2 3 2 5 3 4 2 2 3 3 4 2 3 5 2 3 5 2 4 1 4 3 5 2 3 2 3 5 3 4 2 4 1 2 4 4 2 2 4 4 3 3 4 4 2 2 1 1 3 3 3 2 5 4 4 2 2 4 3 3 4 5 1 1 2 2 2 3 5 4 3 5 5 1 3 5 1 5 4 3 1 2 4 1 5 2 2 5 4 2 2 5 1 1 1 4 3 3 3 5 5 4 2 2 5 2 0 4 4 5 4 5 1 1 5 4 2 2 3 1 4 4 5 5 1 2 4 4 4 2 5 3 4 5 4 5 4 4 3 5 4 5 2 1 4 1
3 5 3 3 5 2 2 2 3 3 1 3 3 5 5 4 1 4 5 3 1 2 4 4 2 5 4 2 5 1 2 4 5 4 4 4 5 2 2 2 5 1 3 1 1 2 5 1 1 2 1 4 3 5 1 4 2 5 1 3 4 1 5 4 3 4 4 2 2 3 3 5 4 3 1 5 5 5 3 3 2 5 1 5 5 3 1 2 1 2 1 3 5 3 3 1 4 3 2 2 1 4 4 1 4 5 3 3 4 1 3 3 3 4 3 5 3 1 3 4 3 2 1 4 4 1 2 5 2 3 4 3 5 2 4 1 2 3 4 5 3 4 2 5 3 4 2 1 2 2 2 5 4 1 4 3 2 1 2 3 1 4 5 3 2 1 3 3 2 1 2 3 4 2 5 4 1 2 1 1 2 1 3 2 4 3 5 3 3 5 1 1 4 1 4 4 3 4 5 5 5 2 4 1 4 3 4 4 3 2 2 4 5 4 5 3 5 5 5 5 5 3 5 4 2 1 5 2 5 4 4 5 5 5 1 4 5 3 2 2 1 3 2 4 4 5 5 4 5 1 1 3 3 2 4 1 3 3 3 4 2 2 5 5 2 1 3 4 5 2 2 2 1 1 4 1 1 4 5 3 5 4 5 1 5 2 2 1 4 2 1 3 4 3 4 4 1 2 4 3 3 3 2 1 3 4 1 3 2 5 3 0 4 1 2 3 2 3 2 2 3 5 1 3 1 3 4 3 5 3 2 5 4 1 5 1 5 1 4 2 2 5 3 3 4 3 4 5 2 1
1 1 2 3 5 5 4 1 2 1 4 2 3 1 2 2 1 3 1 5 5 5 1 4 3 1 1 1 1 5 2 4 2 5 2 4 5 3 3 4 3 3 2 2 3 3 5 4 1 4 4 3 4 2 1 4 1 4 2 3 2 5 4 3 3 1 2 2 2 4 2 5 5 3 3 3 1 3 5 3 2 3 3 3 1 4 3 1 3 4 5 5 2 3 5 4 5 1 2 2 2 1 5 5 2 4 5 4 5 1 5 5 1 4 2 2 3 3 4 2 1 3 2 1 4 1 2 1 5 5 3 1 3 5 2 3 4 1 5 4 1 2 5 1 1 3 4 3 1 3 4 3 4 1 4 4 2 1 2 4 5 5 4 4 2 4 5 4 2 5 3 5 3 4 2 3 3 2 4 3 3 1 2 2 2 3 4 1 4 5 4 3 1 1 5 2 1 4 2 1 1 4 2 1 5 1 5 4 4 2 5 2 2 5 2 5 1 3 3 4 5 2 3 1 2 2 1 1 3 2 3 4 5 3 4 1 2 5 2 1 5 4 3 5 2 4 5 3 4 4 3 2 3 5 2 2 4 2 1 2 3 1 4 4 3 4 5 3 1 3 1 5 4 4 4 5 2 3 3 2 5 5 5 3 4 3 3 3 2 4 2 1 2 1 3 3 1 1 4 3 5 2 3 5 1 1 2 4 1 5 3 1 0 3 5 3 2 4 2 5 1 1 4 5 3 5 5 1 5 3 2 5 2 3 3 3 3 2 3 1 4 1 1 4 4 5 1 2 1 2
1 2 2 4 2 3 1 4 3 5 3 3 3 1 3 5 1 2 4 2 3 5 1 4 3 4 5 4 4 3 1 2 5 5 2 2 5 2 2 4 2 1 2 2 4 2 1 3 4 5 5 2 1 4 2 5 3 3 1 2 1 1 4 2 5 1 4 5 4 3 4 4 2 5 1 1 5 1 3 5 4 5 4 4 4 4 1 1 1 3 1 3 1 3 3 1 2 2 4 4 1 1 3 5 2 4 5 1 1 4 4 3 1 4 1 5 3 1 3 4 3 1 1 1 4 4 2 4 5 2 4 2 2 4 3 4 3 2 5 5 4 5 3 2 2 1 2 1 1 2 3 4 4 5 4 2 3 5 3 3 4 1 1 4 2 2 1 1 1 1 2 1 2 3 5 2 4 1 4 4 4 4 4 1 5 3 3 3 3 3 3 5 1 4 1 4 1 4 3 1 3 1 1 5 3 3 2 3 1 5 3 1 3 2 1 4 5 5 3 1 4 4 1 4 3 3 1 4 1 4 3 3 3 1 2 1 2 1 2 4 4 4 5 3 4 5 5 3 2 2 2 3 4 4 5 1 4 2 1 3 2 4 1 3 3 5 5 5 1 4 3 1 1 5 3 1 1 5 4 4 1 5 2 5 5 3 4 1 4 1 2 4 4 4 3 3 2 4 5 4 5 3 1 1 2 5 3 4 4 2 2 3 1 0 5 2 4 5 1 1 3 4 2 3 2 1 3 2 1 2 3 5 4 5 2 2 2 2 2 5 4 2 1 4 4 2 5 3 3 3
2 1 1 2 3 3 2 1 5 4 3 5 1 3 3 4 5 4 2 5 4 5 5 3 4 1 1 1 4 3 2 5 5 4 4 1 3 3 2 3 5 3 1 1 5 1 5 3 1 5 3 3 1 3 4 3 4 2 3 4 2 4 1 4 4 4 1 4 3 1 5 3 5 1 3 4 2 3 5 4 5 2 2 5 4 1 5 4 1 3 1 2 4 2 4 3 1 2 1 4 4 3 3 3 1 2 5 1 5 5 2 2 1 2 4 2 3 1 4 1 1 2 4 2 3 4 4 2 2 5 1 5 5 3 3 5 1 2 1 2 3 4 4 2 4 5 1 5 4 3 5 3 1 5 1 5 3 5 2 2 5 4 3 5 4 1 3 4 3 4 2 5 1 5 5 1 1 1 5 4 3 4 3 2 1 5 2 5 2 3 3 1 3 2 3 2 2 4 1 3 2 5 2 3 1 4 1 1 5 2 1 2 3 3 3 5 4 1 4 5 4 1 4 3 3 3 5 5 2 2 2 1 1 2 3 4 1 1 2 5 4 4 5 1 2 5 5 3 4 3 5 4 1 5 3 5 2 4 4 2 1 2 1 1 4 5 5 3 2 4 3 1 4 1 5 3 5 4 1 5 3 3 4 2 1 1 1 1 1 4 2 3 5 4 1 4 4 1 5 3 3 4 5 4 1 2 1 4 4 5 3 4 1 3 0 5 5 1 5 1 4 5 5 3 4 5 2 4 5 3 4 4 3 5 2 1 1 5 2 3 2 4 4 1 3 5 1 2 1 4
2 4 1 4 5 1 1 5 5 4 3 3 1 1 1 5 3 1 1 1 1 4 3 3 4 3 3 5 1 5 4 3 1 4 2 2 5 3 4 4 1 3 2 3 3 1 2 5 2 3 5 4 4 1 4 4 1 2 1 1 1 3 4 4 5 4 4 3 1 1 2 2 1 3 5 4 1 4 2 5 1 3 1 2 4 3 1 4 1 1 4 2 2 5 1 1 5 5 4 5 3 2 4 1 1 3 3 4 5 1 4 1 1 2 4 2 5 5 2 2 4 4 2 4 2 1 1 1 3 1 5 3 4 1 4 4 1 4 3 5 3 3 5 2 5 5 3 5 3 2 3 2 3 5 4 2 4 5 3 4 3 5 1 2 4 3 2 5 3 1 4 4 4 1 5 3 2 4 1 5 1 1 1 5 1 5 4 1 4 4 3 5 3 5 3 4 3 1 5 3 3 5 1 5 2 2 2 2 2 2 2 2 4 5 4 1 4 3 1 2 2 3 4 5 2 2 3 1 2 5 2 4 3 5 3 2 1 3 4 5 4 2 2 2 2 2 4 5 3 3 3 4 1 3 1 1 2 3 1 4 1 1 1 4 2 5 2 3 4 2 2 1 3 2 2 4 4 5 5 5 2 5 2 1 1 3 4 3 1 4 3 4 1 5 1 4 1 2 2 5 5 1 3 5 1 5 1 5 2 1 4 3 1 1 3 0 5 4 4 4 2 4 3 1 4 3 1 1 3 5 5 1 4 4 5 1 3 4 1 5 1 3 5 3 2 4 4 1 3 3
3 4 4 4 5 4 3 3 5 5 2 2 1 3 2 5 3 3 4 1 5 5 4 2 2 5 1 1 2 2 5 4 3 4 3 3 2 5 1 2 3 3 4 3 5 5 3 5 3 5 3 2 4 2 5 2 2 2 1 4 4 3 1 4 3 1 1 1 2 4 3 1 4 2 2 4 1 1 4 2 3 3 2 1 5 1 1 5 2 2 5 3 2 4 4 5 2 3 2 2 1 4 4 4 1 1 3 5 2 2 1 2 2 5 3 5 2 2 3 1 3 3 2 3 2 1 5 3 5 1 5 4 3 3 3 5 5 4 5 5 5 5 2 4 2 3 5 5 3 5 2 2 4 3 4 3 3 2 1 2 1 5 3 4 1 4 3 1 3 1 2 5 3 1 4 5 5 4 2 5 4 2 3 2 1 2 3 2 2 5 3 3 4 2 5 3 1 2 3 2 5 2 1 1 2 3 1 4 4 2 5 3 3 2 4 5 1 3 2 3 3 1 3 2 1 5 5 4 2 4 1 2 1 4 4 4 5 5 1 1 2 2 1 3 2 5 3 4 2 5 1 3 2 5 1 2 3 3 1 4 2 4 4 5 2 5 5 1 2 1 1 5 2 3 3 4 1 5 3 3 5 1 1 1 1 4 2 5 1 3 1 1 2 2 2 3 5 4 3 3 2 3 5 5 2 3 1 3 1 5 5 4 2 4 3 5 0 1 4 4 1 4 4 2 3 1 5 4 1 1 1 2 1 4 3 2 4 3 2 1 1 4 2 2 1 3 5 5 1 5
2 4 3 5 2 4 3 1 2 2 5 4 1 2 5 1 3 4 3 2 2 3 1 5 2 2 5 1 1 1 5 4 4 2 5 4 3 3 1 2 1 1 1 3 5 2 3 5 5 3 1 4 1 3 4 4 3 2 2 2 5 4 4 1 1 1 4 1 5 3 3 4 5 5 2 3 5 4 3 5 4 3 1 5 4 5 2 2 4 5 4 1 1 4 2 4 1 5 1 4 4 4 4 3 5 1 2 3 2 5 2 1 2 1 4 1 4 1 2 5 5 1 2 1 1 1 1 1 3 4 5 1 2 3 2 5 4 3 3 2 5 5 5 3 5 5 2 2 5 1 2 5 4 5 2 1 2 4 4 2 1 2 5 5 1 2 1 5 5 3 1 5 4 4 2 4 4 1 3 2 3 3 5 1 4 1 1 3 3 1 5 2 2 5 5 3 4 2 4 3 3 2 5 5 1 2 1 2 5 5 5 2 3 2 3 1 5 3 1 5 5 3 4 2 4 1 5 1 2 1 1 5 2 3 3 2 1 2 4 1 5 5 1 1 1 1 2 5 1 2 2 3 3 3 2 1 2 2 5 4 3 1 5 1 5 2 4 1 2 5 1 3 2 4 2 4 3 2 2 2 5 5 3 4 4 4 4 1 1 3 4 1 3 2 1 3 1 4 2 5 4 2 1 3 4 4 2 4 2 4 3 3 4 1 3 2 1 0 1 2 2 2 1 1 3 2 5 3 3 1 2 2 3 1 5 4 2 2 1 5 1 4 2 3 2 4 5 4 2 5
4 3 1 5 2 4 3 4 5 5 2 3 4 3 1 1 2 5 1 5 1 4 5 3 2 4 3 3 5 4 1 4 5 1 5 2 2 1 3 4 4 3 1 3 5 3 5 1 4 3 5 2 2 1 4 3 4 5 5 1 4 1 5 4 3 3 3 5 5 2 5 5 1 5 3 3 1 3 4 2 5 5 3 3 1 3 2 4 3 3 5 3 3 1 5 2 2 3 2 4 2 5 3 2 2 1 5 5 5 4 2 5 4 3 2 5 4 5 2 1 5 4 2 5 4 2 1 1 2 2 5 1 1 3 4 1 5 3 2 2 2 1 4 1 4 5 1 2 1 1 1 3 2 5 1 5 2 4 5 2 2 3 2 4 4 4 2 2 4 2 3 4 5 1 2 1 5 4 5 2 2 2 3 5 5 3 4 2 5 5 3 3 4 3 3 3 2 1 2 5 1 1 2 4 5 3 5 1 5 1 1 4 2 1 1 5 2 5 5 3 3 1 4 1 1 2 2 3 1 5 2 4 3 1 1 5 1 1 3 1 2 2 2 2 4 2 1 3 2 5 1 3 3 4 3 1 4 3 3 3 5 1 2 5 2 3 5 2 4 1 2 1 5 2 3 2 1 1 5 2 4 2 3 4 5 1 2 1 3 4 4 1 3 5 5 4 4 3 1 4 2 3 1 2 2 1 5 2 2 3 2 1 3 5 4 2 4 3 0 1 4 5 3 2 3 4 4 2 1 3 2 2 4 2 2 3 4 4 1 3 3 3 5 3 2 4 3 3 4 5
4 5 2 1 2 2 5 4 2 5 2 4 5 5 4 4 3 2 2 3 5 1 4 5 4 4 2 4 3 3 2 5 1 2 4 4 1 3 2 5 5 3 3 5 1 1 2 5 3 1 5 1 4 5 4 2 3 4 1 3 5 2 5 1 4 2 4 5 1 1 1 4 4 5 4 5 2 4 5 5 5 5 3 5 2 1 4 5 4 2 1 4 2 5 4 4 3 5 1 1 1 2 2 4 5 4 2 1 1 4 1 1 3 4 4 5 5 5 4 4 1 2 2 2 2 2 5 2 4 1 4 5 1 3 2 3 3 2 4 1 1 2 2 4 5 2 1 4 1 5 4 1 4 5 3 1 3 1 5 1 5 1 3 3 2 3 1 3 2 1 2 1 2 5 1 5 3 2 1 4 3 3 3 3 1 1 5 4 4 4 2 5 3 2 1 2 4 4 3 2 2 2 1 5 3 1 1 2 4 4 1 3 1 4 2 2 3 2 3 5 2 1 1 2 4 5 2 4 1 2 5 1 2 1 2 3 1 2 4 4 4 1 1 1 1 4 5 2 4 3 1 5 1 2 4 4 3 3 4 3 5 1 1 5 3 2 5 1 5 1 3 5 2 2 1 1 2 3 1 4 3 4 3 3 3 4 3 1 5 4 3 5 2 2 2 1 2 1 5 2 3 3 2 4 3 4 5 2 5 4 4 1 1 1 4 4 5 5 5 0 4 4 3 5 2 5 4 3 3 2 1 1 4 5 1 3 2 4 3 4 4 5 4 2 4 2 4 5 2 5
3 1 3 1 3 5 5 3 3 5 3 1 2 3 2 2 1 1 3 1 3 3 3 4 3 4 1 2 3 5 2 1 1 3 2 3 2 5 1 3 2 5 3 1 2 5 2 3 2 5 2 2 5 5 2 1 4 2 3 2 2 5 5 4 5 4 5 4 4 1 5 3 2 2 1 3 5 4 1 3 3 1 2 2 4 2 2 1 3 3 1 4 4 5 1 1 4 5 5 4 5 2 4 4 2 1 2 1 1 5 3 1 1 1 4 4 4 4 4 1 5 1 1 3 3 4 1 1 3 5 4 3 4 1 2 1 1 2 3 5 2 1 1 5 4 1 3 5 4 2 4 3 2 4 2 3 1 5 4 1 4 1 3 1 5 5 3 4 4 4 1 2 5 1 2 1 4 5 3 2 4 4 5 2 5 1 1 2 5 2 3 3 4 1 4 4 2 3 2 4 1 3 3 5 4 3 5 5 2 1 2 5 2 4 5 3 2 4 4 1 5 1 1 4 1 5 1 5 4 5 5 5 4 4 2 2 3 2 1 4 1 2 1 5 3 2 5 4 2 2 5 1 3 5 5 4 1 3 3 2 1 2 4 2 5 2 1 5 5 1 3 1 4 2 1 4 5 5 1 4 4 5 5 2 1 2 1 3 4 2 2 2 1 4 5 4 2 2 2 4 5 4 2 4 5 1 1 3 3 2 4 2 3 4 1 5 4 5 4 2 0 2 1 2 1 1 5 2 2 4 5 2 2 1 3 2 3 1 5 2 5 2 1 2 1 2 1 5 3 2
3 3 4 4 5 4 4 1 1 1 4 2 2 1 5 2 4 1 1 5 1 5 1 2 1 2 3 1 2 4 1 3 1 3 3 1 3 3 3 4 5 2 1 5 1 5 3 3 2 4 1 2 2 5 1 5 5 5 2 4 3 4 5 1 3 4 4 4 2 2 3 1 1 1 3 4 3 5 2 3 5 2 1 3 3 3 3 4 3 2 5 4 1 1 5 1 5 5 4 1 5 4 1 1 2 1 4 4 1 4 1 4 3 1 1 5 2 4 3 4 5 3 2 1 1 4 1 1 5 4 5 4 1 3 4 2 2 2 5 2 3 4 2 3 1 2 4 2 3 5 1 4 1 3 2 2 5 3 1 3 3 4 3 4 5 3 4 5 1 2 5 4 2 3 3 3 2 5 4 5 5 5 3 4 3 4 5 4 3 3 4 1 1 5 4 4 3 4 2 4 1 1 1 5 3 4 4 1 4 3 4 3 2 4 2 1 5 1 1 1 3 4 2 5 4 5 3 4 3 3 4 3 5 2 5 1 5 1 2 1 4 5 5 5 1 4 2 3 4 4 2 5 2 3 5 3 2 1 4 3 1 1 4 1 3 3 5 3 4 2 3 5 4 2 5 1 4 1 4 2 4 1 2 4 1 3 2 4 2 1 1 4 2 2 3 3 5 4 3 2 4 2 3 4 5 2 2 2 3 1 3 1 4 1 2 3 1 3 5 5 1 0 1 2 4 1 3 3 3 5 5 2 1 5 2 1 3 5 5 2 5 1 4 3 5 4 5 1 4 5
1 2 2 3 3 5 4 1 4 3 2 3 4 1 3 1 4 5 3 2 4 3 5 2 5 4 3 4 3 2 1 4 1 3 3 3 1 4 5 3 1 2 5 2 3 5 1 3 4 3 4 3 1 2 1 5 5 1 3 3 4 1 1 3 1 1 4 2 2 1 1 5 1 1 5 4 4 4 1 5 4 4 4 5 5 1 5 2 4 4 1 2 2 2 4 2 3 1 3 5 2 2 3 4 3 1 5 5 5 2 5 3 4 3 3 4 3 4 1 4 3 1 4 2 3 2 4 5 3 2 3 5 5 5 2 3 2 2 1 1 3 3 2 4 4 2 1 1 2 3 2 2 1 1 4 4 4 5 1 4 3 2 1 3 2 3 5 3 1 4 3 1 4 5 2 2 5 1 1 5 1 4 2 5 2 2 4 3 4 1 4 4 4 2 2 4 2 3 1 2 1 3 4 5 4 2 2 1 2 4 1 3 1 1 3 5 1 1 5 2 3 2 4 5 3 4 5 4 2 5 2 2 3 2 4 4 2 4 2 4 2 3 2 2 5 2 2 5 1 4 3 3 4 2 5 1 2 1 4 4 5 1 5 3 2 4 1 5 2 4 2 3 2 5 2 1 3 1 3 5 5 1 4 1 1 4 4 4 3 4 3 2 1 1 3 3 2 3 3 1 5 4 5 3 3 5 3 2 4 2 5 1 1 3 4 1 5 2 3 1 2 5 0 4 3 2 5 3 4 1 2 4 3 4 2 1 5 2 1 5 1 4 5 4 3 4 4 1 3 3
3 2 5 5 3 2 4 5 4 4 1 5 2 5 3 2 4 1 2 3 2 2 4 2 3 1 1 3 5 1 2 4 1 2 1 5 5 4 1 1 2 2 2 3 2 5 1 2 2 3 2 5 3 1 4 5 4 5 2 4 2 2 5 1 2 3 1 3 2 2 3 1 3 5 4 2 2 2 1 1 4 4 1 5 4 5 4 5 2 4 1 4 1 3 2 3 5 5 1 4 4 4 5 4 5 4 3 4 2 1 1 4 4 4 3 5 3 3 3 4 3 1 3 5 2 1 1 2 5 3 2 4 2 1 2 2 3 1 3 2 1 4 3 3 5 3 5 5 5 3 4 3 4 2 5 3 4 4 1 4 3 3 3 1 5 5 5 1 2 3 5 2 3 4 4 1 2 5 5 2 4 5 1 3 3 3 3 1 2 5 2 4 1 4 4 4 3 2 3 2 4 4 1 4 4 1 3 4 1 3 4 3 2 4 5 5 5 3 5 4 4 1 2 2 3 3 3 3 4 5 4 5 1 3 1 1 3 2 4 5 2 3 1 3 3 3 5 5 3 2 1 2 4 1 1 3 4 1 1 1 4 1 2 4 3 2 3 3 4 5 1 4 3 3 3 3 2 2 2 5 2 4 2 5 4 3 5 2 2 1 3 5 2 1 4 2 5 4 2 5 1 5 5 4 5 2 2 1 2 2 2 3 1 1 3 2 5 3 3 5 4 2 4 0 2 2 5 5 5 1 4 4 3 2 3 1 2 3 2 1 3 1 5 2 4 4 4 3 1 4
2 2 5 3 3 3 4 4 4 4 2 4 4 1 3 2 2 5 3 4 3 4 4 4 4 5 1 3 1 4 1 5 3 3 4 2 1 5 4 3 2 4 4 1 1 5 5 1 5 3 1 3 3 4 5 2 5 2 4 1 2 3 1 2 5 1 3 1 4 5 4 4 4 2 4 3 5 2 4 2 1 3 4 5 4 4 5 5 2 2 1 4 2 5 2 1 2 4 1 4 5 1 5 3 3 5 1 2 3 5 4 2 3 3 3 4 3 5 1 4 1 4 3 4 5 1 4 4 2 5 4 2 3 3 3 2 1 3 3 2 4 4 5 1 3 2 1 4 3 2 4 4 2 4 4 3 4 4 5 2 2 3 3 2 3 5 2 1 1 4 5 4 5 3 1 4 4 1 3 5 5 2 4 1 3 5 4 5 3 1 4 5 4 4 3 1 2 3 5 1 1 4 2 5 3 3 4 5 2 2 2 4 1 2 4 1 1 5 1 2 1 1 4 4 4 3 2 1 2 3 4 3 5 4 1 1 3 5 2 1 1 2 5 3 4 5 4 4 5 4 2 2 5 3 1 3 3 4 5 4 1 2 3 3 3 1 1 2 3 2 4 4 2 1 3 1 2 2 1 5 5 1 1 1 3 2 4 4 5 2 3 2 1 4 2 2 4 4 3 5 2 2 4 4 3 4 5 3 5 1 5 2 1 1 2 2 3 4 5 5 1 4 3 5 0 4 5 2 3 4 4 1 1 2 4 2 4 1 1 3 2 3 4 3 2 3 4 3 1 5
4 1 3 4 3 1 5 2 4 4 5 2 1 4 1 1 5 2 2 5 5 3 3 2 5 5 3 4 1 5 4 3 4 2 3 2 4 4 4 5 2 2 2 4 4 1 4 4 2 1 1 1 3 2 4 4 4 4 1 1 4 4 2 3 2 3 4 1 3 4 2 1 3 2 1 4 3 4 1 2 3 2 2 3 1 1 4 1 3 4 3 5 4 2 2 2 3 5 3 2 4 5 3 1 1 1 4 2 1 3 5 5 1 3 1 5 3 5 2 3 1 4 4 4 1 2 2 5 1 3 1 3 4 3 3 5 5 1 5 5 4 2 2 1 4 1 5 2 2 3 1 2 1 5 3 1 1 2 5 5 4 4 2 1 4 3 2 5 5 3 2 2 2 1 1 3 5 4 2 5 5 4 3 4 3 1 5 4 2 1 2 1 3 2 2 3 5 3 3 4 3 2 2 3 5 4 5 5 5 1 1 3 2 4 2 5 3 4 2 3 5 1 1 3 4 3 1 3 2 2 5 5 2 4 2 4 1 3 4 3 1 2 1 3 2 4 5 1 2 4 4 2 2 2 1 3 2 4 3 2 4 1 2 4 1 5 2 2 5 2 2 3 2 1 5 2 3 2 3 5 5 4 5 5 4 4 2 5 4 2 1 2 3 4 2 1 4 3 5 2 1 3 4 3 3 3 2 5 2 3 4 1 4 4 1 4 5 2 4 3 4 3 4 2 3 0 5 3 2 3 2 3 1 4 4 1 4 3 4 1 4 1 3 4 2 1 5 2 3 4
4 2 2 3 3 1 1 2 2 3 3 5 4 2 4 4 3 2 1 5 4 2 4 1 3 1 4 3 1 1 4 2 1 3 1 1 1 2 4 3 4 2 5 3 1 5 3 5 3 2 4 4 2 4 2 1 4 5 2 1 4 1 3 2 1 2 5 1 3 4 2 4 5 3 2 4 1 5 5 5 3 3 1 5 2 3 5 2 1 1 1 1 4 4 2 5 1 3 2 5 2 2 3 5 2 2 4 2 1 1 4 5 4 1 3 3 4 2 1 5 1 2 1 1 5 4 5 1 1 1 2 2 1 5 2 2 4 4 1 2 2 2 1 1 5 1 4 1 1 3 3 2 1 1 2 3 1 3 4 3 2 3 3 2 2 4 5 3 2 3 4 4 1 5 2 3 2 1 3 4 2 1 3 2 3 4 5 5 1 3 3 2 3 1 5 5 2 1 3 4 4 1 2 5 2 2 3 5 3 5 5 3 1 4 3 4 5 4 3 5 2 2 3 3 3 3 3 5 2 2 5 2 5 3 2 1 4 3 1 5 4 5 4 3 1 3 5 5 3 3 5 4 5 5 5 1 5 4 2 2 3 2 3 5 5 3 4 5 1 5 3 4 5 1 4 5 5 3 2 1 2 1 1 2 3 4 3 1 5 4 3 5 3 1 1 4 3 4 4 5 2 4 2 3 5 2 2 3 2 3 3 1 3 4 4 4 5 5 4 5 3 1 5 4 3 4 0 5 1 1 1 5 3 1 3 4 1 1 3 3 2 2 1 5 3 5 5 3 1 5
2 3 1 3 5 4 2 5 4 4 3 4 1 5 1 3 4 1 5 1 3 2 1 5 3 2 3 2 4 5 2 4 3 5 2 1 3 2 5 1 3 4 2 5 4 2 2 1 1 2 4 4 2 5 3 5 3 1 2 4 2 5 3 2 1 2 5 5 1 5 3 1 1 1 4 2 2 3 2 1 5 5 2 2 1 2 4 2 1 1 2 4 4 5 3 2 2 5 1 3 2 4 2 1 2 4 2 5 2 2 1 5 2 3 3 1 4 5 3 4 5 2 3 1 2 4 1 1 2 5 1 3 2 4 2 3 4 1 5 5 2 2 5 5 3 4 5 3 4 3 3 1 1 1 3 3 3 4 1 4 1 5 1 3 3 5 3 3 4 3 2 2 1 1 5 5 1 5 3 2 5 1 4 3 5 1 3 5 3 4 1 1 3 4 3 3 5 1 3 3 4 3 2 5 1 1 3 1 1 3 1 2 3 5 4 1 2 4 3 5 1 1 1 2 1 5 1 2 1 2 4 1 5 3 3 1 1 1 4 1 1 4 2 1 5 3 1 4 5 2 1 5 1 3 4 4 3 1 5 3 5 1 2 4 2 1 1 2 2 3 1 5 3 2 5 2 3 5 5 5 2 2 2 1 1 2 3 5 2 4 2 4 2 3 5 4 4 1 5 2 3 1 2 4 2 4 5 5 4 5 1 5 3 1 1 2 5 5 3 4 3 2 2 4 4 1 3 0 4 5 4 1 4 5 2 1 4 4 1 1 4 4 1 5 1 1 2 2 1 5
1 4 3 4 4 4 5 2 5 5 2 3 2 3 3 1 5 2 3 2 5 5 1 4 3 5 3 5 5 4 4 1 2 1 2 5 3 5 2 5 3 3 1 4 1 5 4 1 3 4 3 2 4 5 1 4 3 1 3 4 3 4 4 1 2 2 3 4 4 5 2 2 3 5 2 1 4 4 2 5 4 5 1 3 4 4 3 2 3 2 3 2 2 3 5 1 4 1 2 3 3 3 5 4 4 3 1 3 4 2 5 5 4 4 1 1 2 4 2 5 1 4 4 3 4 3 4 4 5 1 5 3 5 5 2 5 4 3 5 1 3 5 1 1 5 5 2 1 2 3 1 2 2 5 2 3 5 2 4 3 1 4 2 1 2 4 3 2 2 2 4 2 4 2 2 2 5 3 4 1 2 1 3 5 3 5 4 5 4 4 1 5 2 2 2 2 3 1 2 2 2 4 1 3 4 3 5 3 2 3 4 5 3 5 2 5 5 1 4 5 2 3 2 2 4 4 1 3 3 5 1 5 3 2 5 4 4 4 4 4 4 3 2 3 4 5 3 5 2 4 2 1 1 3 1 4 5 3 3 4 5 4 2 3 5 5 3 5 3 2 1 4 2 1 4 5 3 3 1 4 1 5 3 3 1 4 2 2 5 4 2 2 2 4 4 5 5 1 1 3 3 2 4 3 2 4 5 2 3 5 2 5 1 1 4 3 4 5 3 2 4 4 3 2 3 4 3 4 0 1 5 4 3 1 1 4 2 3 5 1 3 3 3 2 1 4 5 3 2 5
3 3 2 3 3 5 2 4 3 1 5 5 1 5 5 1 5 4 2 3 3 3 2 2 2 3 3 1 1 1 5 3 5 3 3 5 2 3 2 2 4 4 2 1 5 3 5 1 1 1 2 2 3 4 4 5 2 3 5 5 5 1 4 3 2 4 1 3 5 5 5 4 3 4 3 5 3 3 3 2 3 5 4 3 5 4 4 4 3 1 5 3 3 5 3 2 3 2 1 3 3 5 1 3 2 1 4 4 5 1 4 4 2 1 1 3 2 4 3 4 5 1 1 1 3 1 2 5 1 4 2 4 2 2 2 2 4 1 4 5 2 3 4 2 1 1 3 2 1 3 2 4 1 5 1 1 5 5 3 4 1 2 3 2 1 2 5 5 3 5 3 5 2 2 3 1 1 2 2 2 4 1 3 4 4 4 3 3 1 3 2 1 1 3 1 3 5 2 5 4 5 1 3 5 2 3 2 4 2 3 2 4 1 1 1 4 5 2 4 4 5 2 4 4 4 5 5 1 2 2 4 4 2 2 2 4 4 1 1 5 2 5 2 4 2 3 5 2 4 5 1 2 5 5 5 4 5 3 2 2 1 1 3 5 1 3 4 3 3 4 1 5 4 3 2 5 1 1 5 2 2 5 1 5 2 1 3 3 4 4 2 5 5 5 3 3 1 3 4 3 5 2 5 5 3 2 4 3 2 3 1 5 1 1 3 3 2 1 3 3 2 3 2 5 3 4 2 5 3 0 1 3 3 1 3 1 2 1 4 1 4 4 3 1 1 5 5 3 3 5
1 1 4 3 5 4 4 2 2 5 2 5 2 1 4 4 4 4 3 5 3 5 3 5 4 3 2 4 5 3 1 1 2 3 1 4 2 4 2 1 3 4 2 4 2 1 4 4 4 5 5 4 3 2 1 4 2 2 3 5 1 2 3 1 1 4 1 1 1 2 3 4 5 2 4 2 4 4 2 4 5 5 1 3 3 2 5 3 2 1 5 5 4 1 1 5 3 1 3 4 4 5 3 3 1 3 1 3 2 2 1 5 4 3 1 4 4 5 2 4 3 4 5 4 5 2 3 3 4 5 5 5 2 1 4 5 5 1 2 4 3 5 4 1 5 3 3 5 5 5 4 1 4 2 3 3 3 5 4 2 2 1 1 3 4 3 1 1 3 1 5 3 1 2 3 2 4 4 5 2 5 4 4 5 2 5 2 2 4 4 4 4 2 2 2 2 3 4 4 3 4 3 1 4 5 1 3 3 5 5 1 3 2 1 1 4 1 3 1 4 1 2 4 3 4 4 1 5 1 1 1 5 2 4 2 4 2 3 1 2 1 1 5 5 5 4 4 2 3 4 3 3 1 1 2 2 2 1 1 2 3 3 2 2 4 1 4 2 4 5 2 2 1 4 1 4 3 1 1 4 1 2 4 4 3 1 3 4 5 4 4 3 5 4 5 4 1 5 1 3 4 2 4 4 1 4 2 5 4 2 5 1 3 2 3 5 4 5 3 3 3 4 3 4 2 3 4 2 5 4 0 2 4 5 5 3 3 3 2 1 5 3 4 2 3 2 2 5 1 1
3 4 1 5 2 5 3 3 1 1 5 3 2 4 3 5 5 1 1 5 5 5 4 3 2 1 1 4 3 4 3 2 2 1 5 4 1 2 3 5 4 2 1 1 1 5 3 3 1 3 4 4 5 4 4 3 4 1 5 1 2 2 2 1 3 2 1 3 1 1 5 4 3 3 2 5 5 5 3 2 5 1 1 4 2 3 4 1 4 2 3 3 5 2 2 3 5 5 2 3 3 2 5 4 5 1 3 3 3 3 3 4 4 3 1 5 5 4 4 3 5 2 5 3 3 2 3 5 3 5 1 2 2 4 1 2 4 4 5 5 4 3 2 3 3 5 3 2 5 1 4 5 3 4 3 5 4 2 3 4 5 3 3 5 4 1 5 4 5 4 1 2 1 4 5 2 3 4 1 3 4 2 4 1 3 3 5 4 5 2 5 5 2 3 3 1 2 1 1 5 1 2 4 5 4 4 5 5 3 1 3 2 1 3 1 5 1 4 5 5 2 3 2 1 2 5 1 4 1 5 2 3 2 4 3 4 3 1 1 1 4 2 5 2 5 1 4 3 1 1 4 4 3 4 3 4 2 1 5 3 4 4 2 5 5 2 5 3 4 3 2 3 1 5 4 5 3 4 3 1 2 5 2 4 5 2 3 4 4 4 3 4 2 5 1 4 3 2 1 3 2 5 1 1 5 1 3 5 5 4 2 2 4 4 3 5 2 3 4 1 3 3 3 4 2 3 5 3 1 3 4 0 2 3 1 1 3 3 1 3 5 4 1 5 2 4 2 1 2 2
2 2 2 5 5 1 2 5 3 1 5 1 3 5 3 1 1 5 5 4 3 4 5 2 2 5 4 2 2 1 2 3 1 5 5 4 3 5 3 2 3 5 5 3 5 5 3 1 1 2 5 2 5 4 3 2 2 1 2 2 1 3 5 3 5 3 1 2 2 1 2 2 4 5 3 5 3 2 1 3 1 3 3 3 1 4 4 1 3 2 3 2 5 1 4 5 3 2 4 3 5 4 3 5 1 3 1 1 5 1 4 1 2 1 1 4 5 5 2 2 3 3 3 2 1 2 5 4 1 3 1 2 5 2 3 1 5 3 4 3 4 3 5 5 1 4 1 3 2 5 2 3 1 1 3 2 5 5 5 3 3 2 4 1 5 4 1 3 4 1 1 5 2 1 4 2 2 1 3 4 3 1 5 3 5 3 2 1 3 2 1 5 1 5 3 4 3 3 4 1 4 1 4 5 1 4 2 3 4 1 4 2 4 2 1 2 3 2 2 3 5 3 5 3 1 3 3 2 4 5 5 4 1 4 1 1 4 2 4 1 5 2 4 5 4 1 3 2 3 1 2 1 1 4 3 3 1 1 5 1 5 2 5 5 2 5 5 2 3 2 3 5 2 4 3 2 3 5 4 4 1 1 4 1 2 2 4 5 5 1 3 2 1 3 4 2 1 4 5 3 1 1 4 2 5 3 5 1 5 5 3 1 2 1 4 3 3 3 2 1 1 2 4 4 3 2 5 4 3 5 3 5 0 2 3 3 1 4 5 5 5 1 3 5 3 4 1 4 3 5
4 3 2 3 3 1 2 5 2 3 5 2 5 4 3 2 1 4 4 1 1 2 5 1 5 3 5 3 2 5 1 2 5 3 1 4 1 1 2 5 2 3 2 4 1 2 3 1 1 5 4 1 1 1 2 5 3 5 3 2 1 1 4 3 3 1 4 1 5 1 1 4 1 5 2 1 1 3 2 3 5 5 4 1 2 5 4 4 3 1 2 4 2 5 4 5 1 2 2 4 2 2 4 3 3 1 2 1 1 5 2 3 1 5 4 2 5 4 2 1 1 2 4 3 3 2 4 2 1 3 3 1 1 4 1 5 1 2 4 5 1 2 2 1 1 3 2 2 3 5 1 4 1 5 2 2 1 4 4 2 5 5 3 2 3 3 3 3 4 5 4 5 2 5 2 5 3 4 5 1 1 2 2 2 4 3 5 5 1 3 1 2 2 4 1 2 5 2 4 2 4 3 5 3 2 4 5 2 3 2 4 2 3 3 1 2 2 3 5 5 4 3 1 1 3 3 4 4 3 2 5 5 2 4 1 4 5 2 3 5 1 3 1 1 1 4 1 5 2 2 4 2 2 3 4 3 4 4 5 2 5 2 5 5 2 1 3 1 4 2 3 2 2 4 4 2 2 2 4 2 4 4 3 4 1 4 3 3 2 1 2 5 5 5 2 3 5 3 2 3 5 4 5 4 1 2 3 2 1 1 1 1 1 5 3 1 1 4 4 2 2 3 1 2 2 3 4 5 3 3 4 4 5 0 4 3 1 2 2 4 3 3 3 2 5 2 2 1 4 3
3 5 1 5 1 4 2 1 1 1 1 2 4 2 4 3 3 3 4 1 1 5 5 4 5 2 3 5 1 2 2 5 3 1 4 2 3 4 4 1 1 2 5 2 1 1 5 1 1 4 4 2 5 3 3 2 4 1 4 1 1 4 4 4 5 1 5 2 2 4 5 3 4 3 3 5 2 1 1 4 1 4 1 4 3 4 3 5 2 5 1 2 2 1 5 2 1 5 3 2 2 3 3 1 4 3 5 5 1 3 4 3 4 4 2 3 4 1 2 2 5 4 2 1 5 4 2 2 5 1 3 4 4 2 2 5 4 4 4 1 3 1 2 2 4 4 2 5 2 1 4 2 1 4 2 4 1 4 5 1 2 2 4 4 4 1 3 5 3 5 3 2 4 5 4 2 2 5 1 3 1 5 1 4 1 5 1 1 1 4 5 2 2 2 1 3 2 3 1 5 1 2 4 5 4 3 5 1 4 5 2 4 5 2 5 3 5 5 5 1 4 5 2 1 2 4 3 1 4 1 4 1 3 1 3 2 3 5 3 4 2 4 2 3 5 4 2 1 4 2 1 4 3 1 4 3 2 4 1 4 4 3 1 2 1 1 2 5 2 2 1 5 4 4 2 2 2 2 2 2 5 1 5 3 5 3 2 3 4 2 1 1 3 4 1 5 3 4 2 5 2 5 5 1 4 5 5 1 3 5 3 5 1 4 3 2 5 4 2 2 1 3 3 5 4 3 2 1 3 2 1 3 1 1 0 1 4 1 1 1 4 2 3 2 1 1 5 3 3 4
4 5 3 3 1 3 4 4 1 4 5 1 5 1 4 5 2 2 3 2 4 3 2 3 2 1 1 3 3 4 4 5 1 1 5 4 4 5 3 4 2 2 1 5 2 3 5 2 1 4 2 1 3 5 5 1 3 1 3 3 1 4 4 4 2 4 1 4 4 1 3 4 1 5 1 5 4 2 4 2 5 1 2 1 4 3 1 2 4 1 3 5 2 1 5 2 4 1 3 5 1 5 3 4 2 4 2 3 5 3 3 2 1 3 2 5 3 1 1 4 2 2 5 5 1 2 5 2 5 2 3 3 3 4 1 2 3 1 3 5 3 3 2 5 3 2 5 4 3 3 3 3 1 2 4 2 3 4 4 4 5 3 4 4 3 1 1 3 3 3 4 4 3 1 1 5 5 5 2 4 2 2 5 1 5 4 4 5 3 1 3 1 4 4 2 3 4 1 2 4 5 1 4 1 1 3 3 3 3 5 2 1 1 2 3 3 5 1 4 4 2 2 1 3 3 5 5 1 5 2 4 3 1 5 5 5 1 5 4 3 1 1 5 3 4 4 3 4 1 2 5 5 4 1 2 1 3 1 1 1 2 4 1 4 4 5 5 1 5 4 2 4 5 5 3 5 1 3 4 3 5 1 2 3 3 3 4 3 2 2 3 1 2 4 2 2 1 4 1 4 4 1 3 3 3 1 5 1 5 4 1 5 4 3 4 5 5 4 4 3 1 3 5 3 2 4 5 1 2 3 3 3 3 4 3 0 5 5 4 1 5 3 4 3 3 3 4 2 3 3
3 5 4 2 5 3 1 4 3 1 1 3 1 4 3 5 5 4 2 3 2 4 1 2 2 3 1 3 3 2 5 1 5 5 2 5 4 4 4 5 3 3 1 3 1 5 2 1 5 2 1 5 2 4 1 2 2 2 3 1 2 4 2 4 2 2 4 3 1 5 4 4 1 5 5 2 2 1 5 1 3 2 2 5 2 3 5 1 3 2 3 2 3 4 5 3 5 4 4 4 5 3 3 3 1 5 1 1 2 4 3 2 3 5 1 2 5 1 2 3 3 4 1 2 2 4 3 3 1 4 2 2 4 5 4 2 5 4 5 1 3 4 1 5 1 1 5 2 3 5 2 5 1 1 3 1 3 2 1 4 1 2 2 4 1 5 4 5 1 5 1 4 5 4 3 1 2 3 1 4 4 5 1 4 3 5 5 2 2 5 3 2 4 5 1 1 3 3 1 1 1 2 1 4 3 4 5 1 2 5 1 4 1 4 3 2 2 4 1 5 3 2 5 2 2 4 2 4 1 3 3 1 5 4 4 4 4 1 1 4 5 4 4 5 5 2 1 5 3 4 4 4 1 1 1 2 5 1 4 4 2 4 1 1 3 3 4 3 5 2 4 3 2 5 3 2 2 4 1 3 3 5 3 1 4 3 2 1 3 4 4 5 5 3 4 2 4 4 4 1 4 1 5 3 3 2 4 5 1 2 5 5 4 4 2 1 5 2 3 1 4 4 5 2 4 1 5 4 4 3 3 4 1 3 5 1 0 5 1 3 3 3 1 3 3 5 1 2 1 4
1 1 5 3 5 3 2 5 5 4 5 5 5 3 5 3 5 1 3 5 5 1 1 3 1 2 2 4 3 2 1 5 3 1 5 3 1 5 5 3 5 1 5 3 1 5 5 5 1 4 3 2 5 3 5 2 4 3 2 1 2 3 5 3 3 1 4 4 5 4 4 1 1 1 4 5 3 5 4 4 2 2 3 3 2 4 4 2 3 3 5 3 2 2 1 1 5 5 2 5 3 2 5 5 3 4 3 1 1 3 3 4 4 1 2 5 5 5 4 4 5 1 2 4 5 3 5 1 1 1 2 3 5 1 3 2 5 4 4 1 3 3 3 5 1 4 3 5 4 3 4 1 4 4 5 4 1 4 5 4 1 5 1 3 4 3 2 5 1 5 2 3 5 1 3 5 3 3 2 2 4 1 1 5 5 3 2 5 4 2 3 1 3 5 2 5 1 1 4 5 3 4 1 5 2 2 3 4 3 5 2 3 4 4 5 4 4 5 5 4 5 3 4 4 1 1 4 3 4 5 4 4 2 5 4 1 3 4 4 3 2 5 1 4 3 2 1 1 5 5 1 1 2 4 3 2 1 4 3 3 3 2 2 3 4 2 4 1 3 3 2 3 2 1 4 2 4 3 1 1 5 4 1 4 5 4 4 5 2 3 2 4 2 1 1 3 3 1 5 5 5 3 5 4 4 5 1 2 5 1 1 5 3 5 5 2 5 3 1 5 2 4 4 2 4 5 2 3 5 2 3 4 3 3 5 3 3 0 5 4 5 1 2 2 1 2 5 3 2 2
2 2 5 4 1 1 3 2 1 1 5 2 1 3 4 2 2 3 5 2 3 1 1 2 5 3 3 3 1 4 5 5 5 5 2 1 3 5 5 3 1 4 4 5 2 3 3 1 5 2 4 1 3 3 5 4 2 4 1 2 5 1 1 1 3 3 4 5 3 1 3 2 5 5 5 3 3 5 4 1 5 3 3 2 1 2 1 5 3 2 4 4 4 1 2 2 2 2 1 1 2 2 4 5 2 2 5 3 2 2 5 5 3 4 4 2 4 1 3 1 5 2 2 2 1 3 5 2 5 1 4 4 3 1 4 5 3 3 2 5 3 3 1 2 4 3 1 4 4 2 1 5 1 3 2 5 5 5 2 1 1 5 2 1 5 1 4 2 4 2 3 3 2 3 4 4 5 4 3 2 1 2 4 1 3 1 2 2 5 2 4 1 1 2 5 5 5 3 1 1 5 5 1 2 1 2 1 2 2 3 1 5 2 2 3 3 5 3 4 4 5 4 4 4 4 3 5 4 5 4 1 4 5 2 3 2 5 5 2 2 1 5 4 5 5 3 4 4 5 5 3 4 3 5 2 5 3 2 4 3 4 1 1 4 5 3 1 3 4 2 4 1 4 2 3 3 1 3 5 2 1 4 4 2 1 3 3 2 1 1 2 5 5 1 2 3 4 1 2 3 4 2 1 1 5 1 4 3 4 4 5 3 1 1 4 2 3 1 4 3 2 4 1 4 4 2 2 3 5 5 2 4 4 2 4 3 5 4 0 4 4 3 3 4 4 1 3 3 2 1
3 4 1 4 3 3 1 4 5 5 4 1 5 1 1 5 4 2 4 2 1 1 2 5 5 2 2 1 2 1 3 1 3 2 4 4 3 4 3 5 4 5 2 5 2 5 3 3 4 5 2 1 4 5 5 2 1 2 5 4 1 2 1 2 5 3 5 1 5 2 5 3 2 1 4 1 1 5 1 4 2 5 3 3 1 3 1 2 3 2 5 4 5 1 5 2 1 4 2 1 3 1 3 2 5 2 4 5 4 2 5 2 4 2 4 2 5 3 3 2 4 3 1 1 5 3 3 4 1 5 4 2 2 5 2 2 3 4 2 3 5 5 1 1 5 4 4 3 4 4 3 4 4 2 5 5 3 5 3 3 3 4 2 4 1 2 3 1 3 1 4 4 1 1 1 4 5 2 5 1 4 3 5 4 5 1 3 5 2 2 2 3 4 4 3 2 3 1 3 5 4 4 2 5 3 4 3 3 2 4 1 4 3 3 3 5 4 1 5 2 2 3 1 5 4 1 3 3 4 5 1 3 3 4 4 2 5 3 3 3 3 5 4 2 5 1 2 4 1 2 1 4 4 2 2 3 4 1 5 3 1 1 4 5 3 5 5 4 3 1 3 2 2 4 2 3 4 2 1 5 4 1 5 3 4 3 3 1 4 2 3 4 3 4 3 5 4 4 2 5 5 2 2 3 2 3 5 5 1 5 5 3 1 1 3 5 1 4 2 4 3 5 2 4 3 1 2 1 5 4 5 4 2 2 3 3 3 5 5 0 1 4 4 2 2 2 2 2 4 4
1 2 3 5 1 1 2 2 3 5 3 4 1 2 1 5 1 3 3 1 1 4 5 3 4 1 3 4 2 2 2 1 4 2 2 1 5 4 4 4 3 5 3 4 1 5 3 4 4 1 2 3 1 2 1 5 5 2 2 1 5 2 4 1 1 2 2 4 5 3 4 2 1 3 3 1 3 5 1 3 3 2 1 4 3 3 3 1 2 5 3 1 5 3 4 4 3 5 1 4 3 2 1 2 1 1 5 3 2 1 2 2 2 2 2 4 2 2 2 1 2 4 2 4 5 2 2 4 5 1 5 5 3 1 4 4 2 2 1 2 4 5 4 3 2 4 3 3 3 2 1 2 2 5 2 4 1 5 1 5 4 4 1 5 1 5 3 3 4 5 3 3 3 5 1 5 5 5 5 3 4 3 5 3 3 3 4 2 2 2 5 1 3 3 3 3 3 1 1 4 2 3 3 3 1 2 2 1 3 4 3 2 2 5 4 4 2 3 5 5 3 2 2 2 4 3 4 5 5 4 3 1 5 1 2 2 5 1 3 3 1 2 5 3 3 3 5 3 1 1 3 5 1 4 4 1 5 1 4 3 3 2 1 2 5 3 2 3 1 1 3 3 5 2 1 4 3 2 5 2 5 3 1 2 5 4 5 3 5 1 4 3 5 4 4 1 5 5 5 1 5 5 4 1 1 1 2 2 5 2 1 4 2 3 1 2 4 1 4 4 3 3 1 1 4 5 1 1 4 3 5 1 1 5 5 3 4 2 3 1 0 1 5 2 5 4 4 5 3 1
3 5 1 3 5 1 3 1 4 1 3 5 2 5 2 5 5 1 4 1 3 1 2 2 3 5 1 3 5 3 5 1 2 1 2 4 2 4 1 3 1 5 5 2 2 1 1 1 5 5 5 1 1 2 1 1 5 2 3 5 1 3 2 3 1 2 2 1 5 3 2 1 2 4 3 1 4 3 2 2 3 2 1 5 3 1 5 4 2 2 2 1 4 4 2 5 3 2 4 2 4 5 5 1 5 1 2 3 1 3 2 5 1 2 4 4 2 5 5 2 3 3 2 2 4 2 4 3 4 5 5 1 4 5 2 4 2 1 2 4 4 4 1 4 1 5 3 1 2 2 3 2 2 5 5 4 2 1 2 2 5 2 5 4 4 5 4 2 5 4 4 3 5 4 5 4 3 3 2 3 5 3 1 2 5 2 3 4 5 3 2 3 2 3 5 1 3 1 3 2 3 4 4 1 1 1 5 5 5 5 3 2 3 5 1 3 1 1 2 2 1 2 2 2 4 2 3 2 1 2 1 5 2 3 3 5 2 1 2 1 2 4 3 3 4 5 1 4 1 3 2 1 2 2 1 4 5 1 1 1 1 2 3 2 5 5 4 4 3 2 2 5 1 4 5 2 4 1 3 2 1 3 2 3 3 3 5 5 2 2 3 1 3 3 2 4 4 4 4 5 3 1 2 4 1 3 2 4 4 3 1 1 2 2 5 1 3 5 2 3 2 2 2 2 4 4 5 2 1 2 5 5 2 1 3 3 2 3 3 2 3 0 5 1 4 2 5 2 2 2
4 5 5 5 3 1 3 2 3 2 2 3 1 1 3 3 1 2 1 2 3 2 1 1 3 5 4 4 1 3 5 5 1 5 1 1 4 5 2 5 4 5 1 4 4 5 3 5 1 2 5 2 2 2 5 5 1 1 4 5 5 5 5 4 2 2 4 5 3 3 5 3 4 5 5 2 1 4 1 3 2 2 4 2 3 2 5 2 2 4 1 1 2 5 4 5 4 4 3 2 3 3 2 2 3 2 1 4 3 5 4 1 2 1 1 3 1 1 5 3 5 2 4 3 4 2 5 3 1 3 4 1 5 2 2 5 5 2 1 1 2 1 1 3 1 2 3 1 1 2 2 5 4 3 2 4 1 3 1 3 2 1 1 5 4 2 4 4 2 5 1 3 3 1 3 1 4 2 5 2 5 1 5 3 4 1 3 2 3 1 3 4 2 3 5 3 1 2 3 1 5 5 5 1 5 1 4 1 3 1 4 4 5 3 4 4 3 1 1 5 3 2 4 1 4 1 2 4 5 4 1 3 5 4 1 2 3 3 3 5 4 1 5 3 3 2 4 2 1 2 1 4 3 1 5 1 5 3 2 4 2 1 1 1 3 1 5 1 4 4 1 5 4 4 3 4 5 5 5 5 5 3 2 4 1 2 4 2 4 2 3 2 5 2 1 3 1 3 2 4 5 5 1 4 5 4 1 5 4 4 1 5 3 2 2 2 3 5 3 1 2 1 2 3 2 4 3 4 2 3 1 5 5 5 3 2 3 2 3 3 1 4 0 3 5 2 4 2 1 1
1 5 1 1 4 2 3 5 2 2 4 2 2 5 4 1 4 3 4 5 4 4 5 1 3 4 2 5 3 1 2 4 5 1 5 1 2 4 4 4 2 2 1 2 1 2 1 4 4 3 2 3 2 2 4 2 4 4 5 1 1 1 1 2 5 4 5 2 5 3 1 4 1 5 5 3 3 2 3 2 4 2 3 4 4 2 2 5 4 4 1 5 4 2 5 3 1 5 4 3 1 4 4 4 1 2 2 1 1 5 5 5 4 2 1 1 1 2 2 1 2 1 3 1 5 1 2 5 5 2 5 2 1 2 2 3 2 1 5 4 3 4 1 1 3 2 1 1 1 5 2 4 3 3 5 5 5 1 1 4 5 1 4 3 3 1 4 2 2 4 3 4 1 3 4 2 4 2 2 4 3 1 2 3 2 4 4 1 5 1 1 3 1 3 2 2 5 4 2 1 5 2 3 4 3 3 1 1 1 2 3 1 3 2 3 2 2 5 1 2 3 1 5 1 2 5 1 5 1 2 2 3 5 5 2 3 3 1 3 5 5 2 5 2 4 3 4 5 1 3 4 5 1 1 1 3 5 1 4 2 5 1 2 3 2 3 3 1 4 1 3 3 1 1 2 1 4 3 5 4 4 1 1 2 5 4 3 4 2 3 3 2 1 2 1 5 2 5 4 1 3 4 5 4 2 5 2 3 1 3 5 5 2 3 1 1 5 4 1 5 4 1 2 5 3 2 3 3 5 4 4 1 4 2 4 2 4 5 1 5 4 3 3 0 1 3 4 4 2 3
4 2 5 5 1 4 5 3 5 2 1 4 2 5 5 1 5 4 1 2 5 2 4 1 3 4 5 1 4 5 4 3 4 4 3 4 4 2 2 2 1 3 2 4 5 2 4 2 3 5 5 4 3 2 1 2 4 5 3 4 2 3 2 3 2 2 5 1 5 5 2 4 4 5 5 4 3 3 1 1 2 2 2 3 4 5 4 1 4 4 5 4 1 2 3 5 2 4 4 4 5 2 1 3 2 4 3 2 5 5 2 3 3 5 3 5 2 5 1 5 5 4 2 5 2 2 1 3 5 3 4 2 3 5 1 1 1 3 3 3 2 4 4 5 2 1 1 3 3 4 3 1 4 4 3 2 4 1 2 2 3 2 5 3 1 3 2 5 3 3 2 3 5 2 2 5 4 1 4 3 5 3 3 3 3 2 4 1 3 2 5 4 1 1 5 5 4 1 2 2 5 2 2 3 5 2 5 4 4 5 4 4 5 3 2 5 2 2 2 2 5 4 3 4 2 4 3 1 3 3 4 1 4 4 3 5 5 5 2 4 4 3 4 2 4 2 3 4 4 4 5 1 2 4 2 2 5 3 4 3 1 1 5 3 5 1 5 2 4 4 4 3 1 4 2 4 4 2 4 4 4 1 2 5 1 4 3 1 3 1 4 2 3 4 4 5 3 2 3 3 2 1 2 1 5 1 3 5 4 3 2 2 2 3 4 3 3 3 4 5 4 4 1 5 4 3 5 3 3 2 5 5 5 1 2 4 3 2 2 5 2 4 5 4 0 4 2 3 1 2
2 5 4 2 2 3 3 2 5 5 4 5 4 2 2 2 2 5 2 3 1 3 2 5 4 4 2 5 1 3 3 1 4 1 5 3 5 4 3 2 5 5 4 5 5 4 1 4 4 2 3 2 5 4 3 3 1 5 3 1 2 2 3 4 1 2 1 3 2 2 1 3 4 5 5 1 4 3 1 2 3 2 3 3 5 1 2 3 2 3 4 2 2 4 5 4 1 2 2 3 3 2 3 5 3 3 5 4 5 4 5 1 1 2 4 2 5 5 4 3 1 3 1 5 3 2 4 2 3 3 2 2 5 4 4 5 5 4 1 5 1 5 2 5 2 2 5 5 5 1 1 2 4 4 3 2 4 4 3 2 1 3 3 4 1 2 4 5 1 5 1 4 4 2 4 2 1 5 5 3 2 4 1 5 4 2 3 4 5 3 2 1 2 3 1 2 3 2 5 4 2 4 1 1 5 2 2 1 5 4 1 1 3 3 2 5 3 2 5 2 3 5 3 1 3 5 2 2 3 4 4 2 2 3 5 2 4 1 3 2 1 3 5 4 1 4 5 4 1 1 1 4 3 3 1 4 4 4 2 3 4 4 2 4 1 4 2 2 1 3 1 2 1 2 1 5 5 2 3 4 1 3 3 3 3 2 2 1 3 3 1 4 1 4 3 1 4 3 2 5 3 4 4 2 4 4 2 5 2 5 5 4 2 3 5 2 2 5 4 3 2 5 5 4 3 5 1 2 1 1 5 5 5 5 1 4 5 3 1 5 3 5 1 2 4 0 1 4 3 4
4 3 1 1 5 4 5 3 3 2 4 1 2 1 1 2 1 2 1 2 3 3 3 2 2 2 5 1 4 1 3 1 2 5 2 2 3 4 4 3 3 2 5 3 1 4 4 1 4 3 2 2 5 3 1 2 4 5 3 4 3 4 2 1 5 4 3 4 5 4 5 2 2 1 3 2 1 4 4 1 1 5 1 3 2 2 4 4 2 2 4 2 5 1 3 1 4 4 3 5 3 2 1 5 3 4 1 4 2 2 2 5 2 1 3 2 3 2 3 1 1 2 4 2 1 3 4 2 1 2 2 4 5 5 3 1 1 1 3 4 5 4 5 3 5 4 2 2 2 3 4 4 4 5 5 2 2 2 1 1 4 3 3 2 4 4 5 2 5 1 5 5 4 5 4 1 2 5 4 2 1 3 1 4 4 3 1 2 2 2 1 2 4 2 4 3 5 2 3 3 3 2 1 5 5 4 2 3 1 5 2 5 4 5 3 5 1 2 3 1 2 4 3 5 3 1 5 4 4 4 4 5 3 1 3 3 2 3 2 1 4 5 1 2 2 5 2 5 2 3 2 4 3 1 1 4 5 3 3 4 1 1 5 1 5 1 2 3 1 1 4 2 4 5 1 5 3 5 1 1 5 5 5 5 2 3 2 4 2 1 1 2 2 5 4 2 1 2 3 5 5 2 4 5 4 2 5 4 2 4 2 5 1 3 5 2 2 5 2 2 1 4 1 1 3 2 5 1 4 3 3 5 5 2 2 3 1 2 4 2 5 3 4 1 4 4 0 2 2 3
1 5 4 2 2 1 4 3 3 5 1 2 4 5 3 4 2 1 5 5 4 2 5 2 3 2 4 2 2 2 3 2 4 2 1 5 1 4 2 4 3 2 5 2 4 3 2 2 1 4 3 1 3 2 5 3 5 4 2 5 2 3 5 3 1 4 4 3 2 2 2 3 2 4 4 5 4 5 1 5 4 3 1 3 1 2 5 3 4 4 5 4 3 3 4 2 5 3 3 4 3 3 4 2 4 3 5 4 2 1 3 2 3 1 2 3 2 2 1 4 1 1 3 1 4 4 1 4 3 2 1 5 4 5 3 3 3 4 3 1 4 1 5 2 5 1 2 4 2 1 1 5 2 3 5 4 1 1 4 3 3 3 5 5 1 1 2 2 5 1 1 3 4 3 5 3 3 1 4 1 1 2 5 4 5 3 2 5 4 3 4 2 2 1 4 1 5 3 4 1 4 2 3 1 2 1 1 2 1 3 3 1 2 3 4 2 2 2 3 5 2 2 2 3 3 1 2 2 1 3 1 3 1 5 3 2 3 5 4 4 1 1 5 3 3 4 3 3 1 4 5 4 4 3 1 1 3 1 3 3 3 3 2 1 4 3 2 3 1 4 4 4 5 3 5 2 5 3 5 1 4 3 5 5 2 4 1 4 3 3 4 4 2 5 5 3 4 1 2 1 3 2 5 1 5 4 3 1 4 1 3 2 2 3 2 5 1 5 3 3 4 3 2 2 3 5 4 2 2 3 2 3 4 2 1 1 3 3 2 2 2 4 4 1 5 4 5 0 3 1
2 1 5 2 2 1 5 1 1 5 1 5 1 2 5 1 5 4 1 4 3 1 2 2 4 3 1 1 5 3 1 5 2 1 4 5 3 5 3 4 4 4 4 1 2 5 4 2 4 5 1 5 4 3 5 4 5 1 5 2 5 1 3 1 2 4 5 2 3 2 2 1 4 1 3 4 4 3 1 5 5 4 3 1 1 5 3 3 3 2 1 4 1 5 5 2 2 3 1 5 1 2 4 1 2 1 5 5 2 5 3 3 1 3 4 2 5 1 5 1 3 1 3 1 4 4 1 3 1 2 4 4 3 3 1 1 4 2 1 2 5 5 5 2 4 2 4 4 5 1 1 2 4 5 5 4 3 4 2 3 2 5 3 3 5 2 1 5 3 3 1 4 5 5 4 2 1 4 1 2 1 5 5 4 4 5 5 3 5 3 2 3 1 4 5 1 1 2 3 3 5 4 1 5 2 4 1 4 1 1 3 1 2 1 2 3 2 3 5 5 2 2 2 1 2 1 3 1 4 2 1 5 1 3 1 2 4 5 3 1 4 1 1 1 2 5 2 4 3 4 2 3 3 4 4 5 1 4 5 2 5 3 4 5 3 4 3 1 4 1 4 2 2 3 3 4 2 4 5 1 2 2 5 2 1 4 4 4 1 3 2 5 3 2 2 1 5 4 5 2 3 4 3 3 3 1 4 3 4 2 3 5 1 5 1 3 3 2 5 2 3 4 1 2 4 4 5 4 4 4 4 3 4 4 2 2 3 2 1 4 1 2 4 5 5 4 5 4 0 3
1 2 3 1 2 2 2 3 4 3 2 1 5 4 4 2 5 3 3 4 1 3 4 4 1 2 3 3 4 2 1 5 3 1 3 4 2 1 5 5 2 3 5 3 1 4 1 2 3 2 2 4 2 5 2 3 5 2 2 4 4 3 5 4 5 1 5 4 1 1 4 3 1 1 2 4 2 2 5 3 1 3 1 3 2 1 3 1 3 5 5 4 2 3 3 1 2 2 5 2 4 2 2 4 2 3 5 4 4 1 4 1 4 4 4 2 2 5 4 1 2 1 5 2 5 3 3 2 4 4 1 5 4 3 1 3 5 2 1 5 1 1 5 2 3 3 1 5 5 3 3 5 1 1 1 2 5 3 4 4 2 5 5 5 4 5 3 2 1 1 3 1 1 1 4 3 5 5 2 4 5 4 2 2 3 3 5 4 3 1 1 2 1 4 3 5 1 3 1 3 3 2 2 1 4 1 3 5 1 3 1 1 1 1 1 2 5 3 3 4 4 5 4 2 3 3 5 4 4 1 4 3 4 4 4 3 5 3 3 4 1 2 1 3 3 2 4 4 3 5 1 5 2 5 4 1 5 2 4 3 2 3 3 1 1 2 3 3 4 4 1 4 3 3 2 2 1 5 3 2 3 5 5 3 3 4 1 1 3 4 3 5 4 1 5 3 3 2 2 4 1 5 1 1 3 1 5 3 1 4 1 4 4 1 1 2 4 2 3 3 4 3 1 3 4 5 3 5 3 4 4 4 4 5 5 1 1 2 5 2 2 4 3 1 2 5 4 1 2 0
