250
7 3 17 9 37
2 8 17 16 1
2 2 12 20 28
3 5 3 1 12
5 11 17 9 50
16 4 10 16 13
8 17 5 20 11
16 11 6 2 48
6 14 12 12 9
16 4 2 7 12
19 9 13 19 31
15 13 7 20 42
5 18 4 16 46
12 20 10 14 48
4 2 6 1 8
19 12 14 7 16
12 10 17 5 6
5 16 9 5 33
16 1 6 5 49
14 4 12 2 36
3 16 15 1 40
18 8 2 16 46
19 18 1 7 13
7 15 10 19 4
9 8 3 13 8
10 8 17 3 12
16 8 7 18 47
20 6 16 10 35
17 13 10 7 21
3 17 12 3 44
17 7 14 10 39
18 18 16 14 18
2 17 3 13 6
8 18 2 19 46
3 7 15 2 27
12 1 6 13 18
5 5 5 16 47
19 2 7 11 13
6 7 11 14 18
8 15 7 15 10
17 17 16 18 28
20 17 10 6 8
17 5 17 19 23
19 1 20 18 14
4 10 3 5 11
2 8 14 8 2
14 9 6 3 42
6 13 5 11 4
10 4 10 10 16
15 6 8 7 38
15 10 5 13 30
15 19 15 11 22
9 8 11 19 1
13 3 11 20 35
3 4 11 20 1
14 12 18 10 12
8 10 20 15 6
15 20 3 4 49
12 17 3 12 24
3 6 12 13 25
18 17 13 18 0
13 20 6 14 21
14 1 7 8 49
20 10 17 10 24
12 10 13 19 33
9 4 3 17 37
4 19 17 11 10
13 9 17 9 18
10 4 11 4 41
16 1 4 2 21
20 10 14 3 45
17 13 19 1 44
3 4 13 10 24
13 8 17 15 48
8 6 11 9 2
11 9 4 14 28
11 15 15 16 48
5 14 4 18 7
15 4 16 2 40
4 5 12 14 45
6 10 11 17 38
18 6 18 4 27
2 5 20 19 29
12 15 18 2 17
11 11 1 6 20
14 4 17 15 12
6 6 11 13 44
13 17 5 14 3
15 17 8 14 49
1 6 5 14 46
1 3 16 12 28
3 16 6 1 49
13 10 2 15 19
9 7 5 14 39
4 14 4 20 6
4 19 13 20 39
2 11 11 1 8
16 9 8 1 18
5 10 10 13 35
11 20 3 3 10
2 15 17 2 36
7 13 8 13 14
8 11 18 13 0
8 11 16 9 45
19 16 7 17 49
15 3 3 18 48
9 19 16 2 49
7 13 2 5 26
19 6 11 11 36
4 7 9 13 11
5 16 1 9 11
1 14 2 4 24
6 9 14 2 24
2 8 18 5 48
16 5 13 9 19
6 15 18 15 26
7 17 15 5 10
10 13 17 13 19
6 1 5 1 35
15 2 8 14 50
14 20 19 10 35
1 3 15 13 39
16 4 4 19 1
19 2 3 19 2
8 1 2 16 40
1 2 2 19 16
18 4 18 5 1
6 9 16 14 18
12 9 5 11 19
7 10 4 11 34
4 9 2 5 15
12 14 2 14 42
1 19 10 4 12
19 7 10 20 0
17 12 15 20 30
16 1 9 12 46
11 7 19 20 45
19 6 19 1 15
11 12 16 19 46
18 15 9 14 32
15 3 4 6 27
8 3 19 20 2
7 10 8 7 16
11 5 1 13 14
5 18 19 12 5
16 6 6 15 21
4 15 12 7 33
17 20 10 11 10
7 13 16 13 44
9 6 17 20 35
4 3 10 16 25
11 11 3 8 15
7 15 7 17 25
6 17 4 14 9
18 17 3 5 2
18 7 12 16 27
10 15 4 17 10
5 14 13 3 23
18 5 13 13 30
10 20 7 5 31
8 4 11 18 9
12 10 10 7 2
2 19 7 6 44
9 17 16 8 6
13 14 10 15 32
19 15 4 8 42
18 1 9 17 36
16 17 3 3 10
5 9 10 11 44
4 6 6 19 41
4 11 15 8 49
13 11 18 6 18
19 14 2 6 42
3 7 2 8 32
11 9 11 19 25
3 4 13 9 21
20 1 10 15 6
1 13 6 19 13
16 15 3 12 48
4 20 17 2 4
7 7 19 17 35
9 20 14 12 43
1 15 9 17 1
2 17 7 7 45
2 15 11 7 34
4 8 15 11 42
14 18 1 2 14
3 4 20 4 4
3 4 15 20 17
10 13 17 16 25
8 12 6 3 19
12 19 17 20 11
6 10 19 17 23
13 8 15 6 37
10 19 7 18 0
8 15 5 7 20
5 5 13 18 5
16 12 1 3 15
18 8 17 8 20
1 2 9 3 33
15 9 4 15 5
15 6 20 11 32
17 3 8 2 14
6 3 8 1 6
16 2 10 11 16
17 18 15 9 32
9 14 20 10 24
8 13 15 12 3
13 15 15 15 24
8 13 10 16 31
7 1 6 5 37
12 16 7 20 37
6 12 4 19 10
19 8 1 6 41
6 18 13 9 6
15 6 17 2 50
2 8 20 8 32
15 10 14 12 29
19 14 19 14 33
19 14 19 16 1
14 6 2 14 32
17 12 5 4 24
19 13 19 4 19
12 18 10 13 4
3 7 3 14 16
16 10 10 12 4
19 16 19 15 0
20 7 2 10 48
11 18 3 13 39
15 6 15 13 1
13 1 13 18 22
19 6 20 15 43
5 3 20 14 34
9 10 6 13 29
6 20 12 15 1
15 6 20 16 47
2 17 17 17 17
19 18 6 5 25
11 3 11 17 42
9 5 14 10 20
13 19 4 5 6
3 5 14 12 31
16 16 14 14 40
13 8 4 4 34
11 7 7 19 25
17 5 20 3 2
19 16 6 17 42
9 11 8 10 50
5 20 3 7 21
10 9 3 10 37
0 3 8 8 3 2 7 3 2 10 5 8 10 8 2 10 6 10 5 5 2 7 1 3 6 10 5 5 10 10 5 6 2 2 10 6 1 7 8 3 10 1 8 3 1 7 10 8 6 6 1 6 4 5 2 10 10 4 8 3 10 1 5 2 3 4 4 2 8 4 4 5 2 9 10 8 2 5 3 10 8 7 7 1 9 1 3 3 8 9 7 5 7 3 2 8 4 8 9 10 5 3 1 10 1 8 10 7 4 2 5 5 2 1 9 7 5 6 9 5 7 9 7 6 4 7 2 3 6 1 10 7 4 9 8 8 1 5 3 3 8 1 10 7 4 1 10 1 8 3 9 4 10 5 2 2 10 9 1 2 1 7 4 8 3 8 2 2 2 6 3 8 6 2 6 8 2 9 6 6 8 4 8 5 6 6 10 5 6 8 10 10 6 8 4 3 8 4 7 5 3 7 4 10 9 7 2 7 7 6 3 4 7 8 6 8 1 4 6 9 7 9 9 3 9 9 8 5 8 3 3 6 7 7 1 3 1 4 2 5 8 6 6 7 10 1 1 2 7 1
1 0 6 4 4 10 4 10 5 6 1 8 8 2 5 10 8 9 7 7 9 5 5 3 1 2 4 9 6 5 3 10 8 10 8 6 2 6 10 5 4 2 4 9 5 9 8 6 3 7 2 5 5 8 6 5 8 1 10 2 7 2 3 10 4 4 5 10 4 7 4 7 7 6 5 5 1 10 4 10 6 1 8 5 3 7 5 2 1 1 6 10 3 1 6 4 5 5 2 8 7 6 4 9 10 10 7 5 10 7 7 2 4 1 4 8 10 5 9 6 1 1 4 8 7 1 5 5 9 1 5 9 1 4 10 4 4 1 7 10 2 9 9 10 7 4 8 8 6 9 1 10 8 1 10 10 3 7 5 5 3 8 3 6 9 10 5 9 2 2 3 4 2 7 5 1 8 10 6 6 6 10 4 10 4 5 5 9 4 9 10 2 10 3 7 9 9 1 10 9 3 2 4 3 6 8 1 6 10 2 6 5 7 2 2 3 8 5 1 2 7 10 4 8 2 2 7 1 7 7 6 4 3 6 2 10 10 4 3 2 9 6 3 3 9 8 8 8 3 8
8 8 0 4 9 9 10 7 5 8 1 5 4 6 8 10 3 4 5 6 10 4 6 3 9 3 7 8 9 8 2 2 5 5 2 1 6 1 9 1 6 6 2 8 2 8 1 10 7 7 6 2 1 2 10 3 3 6 5 8 1 4 2 2 4 8 10 4 8 6 3 7 4 5 2 8 10 3 3 5 5 6 3 1 3 6 8 1 2 6 4 10 10 6 10 1 1 1 4 10 7 9 9 1 1 9 3 1 8 6 10 10 2 3 9 7 4 6 7 2 9 10 2 5 4 9 7 1 1 9 9 4 7 8 3 2 4 7 2 8 1 9 7 3 8 7 8 1 5 10 3 8 6 8 1 7 5 1 2 5 7 6 9 10 3 8 1 10 5 10 7 1 7 9 10 4 1 6 5 5 6 9 8 9 9 1 8 9 2 2 3 5 5 6 7 9 9 4 6 7 2 4 1 6 2 8 2 10 4 4 3 10 1 3 8 2 6 8 6 3 4 4 10 1 7 8 8 3 7 1 7 10 2 10 2 4 4 6 5 3 4 7 7 7 2 3 8 10 7 8
2 6 5 0 4 3 8 7 2 4 7 7 1 6 7 3 1 10 3 7 10 1 7 9 7 10 7 1 3 4 4 1 10 9 6 1 5 10 8 3 3 8 8 8 8 4 10 10 1 3 6 5 4 10 10 7 4 6 10 4 6 8 9 5 2 6 2 3 3 7 7 8 8 5 3 6 1 2 9 7 10 8 9 2 4 7 7 1 1 8 4 6 4 4 8 3 6 2 5 2 4 7 2 10 5 4 9 8 5 1 10 10 2 7 5 10 10 3 8 10 4 5 4 8 3 1 8 6 9 10 10 6 3 1 8 2 7 2 2 8 10 2 3 7 4 7 10 2 2 5 9 8 6 4 3 1 4 1 1 10 5 5 9 2 10 4 4 3 5 8 10 1 7 3 6 8 10 7 3 6 9 3 4 6 10 4 3 1 7 7 1 7 1 3 10 1 8 3 7 10 5 1 8 5 10 9 10 3 8 9 3 8 6 2 4 10 3 7 10 4 9 10 10 8 7 5 1 5 3 7 3 10 7 4 10 4 1 1 10 3 3 6 10 8 5 1 1 1 1 10
7 1 10 10 0 3 8 8 1 8 3 8 9 5 7 10 10 3 2 5 5 1 3 6 3 8 2 5 10 6 2 1 7 9 10 7 3 2 5 7 6 10 9 2 6 5 2 4 9 9 2 1 4 2 1 8 10 5 9 3 8 10 10 7 8 6 4 8 9 9 4 7 6 5 6 2 3 1 9 6 2 8 10 2 4 3 7 8 5 9 6 1 9 9 2 2 6 4 10 10 7 6 1 10 7 3 10 6 6 6 8 9 10 8 10 2 8 10 6 8 6 10 9 4 3 5 5 9 3 3 6 8 6 2 7 8 8 5 5 8 7 8 10 2 6 7 10 6 3 6 1 1 5 5 6 5 10 5 10 3 1 9 9 3 7 2 1 6 1 4 7 3 6 10 2 5 3 4 4 1 6 10 3 9 5 3 10 2 8 3 5 5 6 4 6 10 8 1 9 7 1 5 6 9 4 7 4 1 10 6 9 2 5 4 10 5 5 1 5 2 4 4 1 1 1 5 7 7 10 5 4 2 5 4 9 6 10 7 8 9 8 5 2 1 2 1 1 5 6 2
9 4 10 1 3 0 6 4 5 7 8 1 1 2 6 2 4 3 1 9 6 8 4 8 3 2 8 4 9 5 4 10 8 5 9 4 5 5 6 7 6 10 5 6 5 6 10 5 4 1 4 1 9 3 6 8 10 6 6 10 7 8 3 7 10 10 2 4 8 10 6 7 1 7 3 3 7 5 5 9 2 10 9 3 1 7 4 1 9 4 6 5 5 2 5 10 5 8 4 6 9 5 10 6 10 10 3 1 8 3 10 9 4 9 1 7 10 10 2 4 10 1 4 6 9 10 4 2 5 6 2 1 6 7 8 4 3 5 1 2 10 3 7 2 7 2 6 1 5 8 3 8 6 10 6 10 9 3 4 1 5 5 10 9 5 8 3 2 1 2 6 2 7 4 5 10 4 9 10 5 5 6 6 1 3 9 3 3 5 8 10 4 7 5 7 2 1 10 6 5 6 2 8 4 1 10 9 6 8 7 1 9 3 3 2 7 10 7 5 3 3 8 3 6 2 9 3 8 4 6 5 3 2 9 6 8 6 9 10 3 4 5 2 9 4 7 8 9 3 6
9 6 5 5 9 2 0 7 9 3 10 1 7 3 1 1 5 2 10 9 4 1 9 2 10 1 1 8 2 5 4 7 9 2 8 10 7 4 8 3 1 6 5 8 8 4 4 1 6 10 4 7 10 2 7 2 7 9 8 4 3 4 1 9 10 4 9 5 7 4 6 1 9 9 4 3 6 3 7 7 3 4 5 4 1 8 10 2 6 4 10 2 9 2 1 4 9 6 1 3 9 5 10 2 8 10 9 5 8 2 6 3 8 1 2 3 1 8 7 6 2 5 7 9 10 7 3 1 7 10 9 5 7 2 8 1 10 10 3 2 1 4 8 10 4 8 5 8 2 8 2 5 1 1 2 7 3 2 7 7 1 3 9 3 4 10 7 9 3 10 8 7 7 9 8 7 5 7 9 7 1 8 3 3 6 5 3 4 7 5 9 3 7 3 1 9 5 7 9 5 7 8 2 7 1 1 2 7 7 9 9 1 5 8 9 9 2 10 9 2 7 8 1 10 5 1 2 1 5 4 2 5 9 8 5 8 10 5 5 7 1 3 9 9 4 6 7 9 5 8
2 5 3 1 1 2 6 0 8 2 7 2 3 3 9 10 10 4 3 1 5 3 9 8 8 4 8 3 6 9 2 2 10 2 3 5 1 8 3 8 3 9 7 2 1 10 5 1 9 10 1 5 4 4 10 6 2 8 10 4 10 2 2 9 8 8 6 8 6 2 1 9 2 7 5 5 10 1 4 7 5 9 7 9 4 8 8 8 4 6 10 7 5 2 8 3 5 8 7 10 2 2 3 6 6 4 8 5 2 1 8 5 8 4 5 2 7 8 8 10 6 10 8 2 10 10 1 10 3 1 8 4 3 1 3 8 9 7 9 2 4 4 9 2 6 2 6 7 6 4 6 8 4 9 10 4 3 2 8 4 1 10 5 3 8 7 3 7 8 8 7 6 10 7 8 3 6 7 10 6 7 1 6 5 8 6 3 7 2 1 7 10 2 7 5 5 4 4 5 7 7 5 1 5 6 7 3 9 6 4 7 2 2 5 6 3 1 5 5 6 4 2 2 4 7 6 9 10 3 6 4 1 3 7 6 7 6 6 2 2 7 2 2 2 4 5 3 6 3 4
8 7 7 1 5 6 5 8 0 8 9 3 4 8 8 5 6 3 3 1 1 8 3 3 9 3 7 3 7 6 10 5 3 2 1 8 4 4 6 10 7 5 5 5 5 3 3 1 10 3 10 2 5 1 4 1 6 10 4 8 3 10 4 3 8 1 9 5 9 4 4 1 1 7 8 2 2 3 1 3 3 2 9 5 9 9 6 9 4 3 8 8 9 6 8 4 8 8 5 5 3 8 1 6 9 7 2 1 7 4 1 7 4 3 5 2 8 3 3 7 6 3 2 10 2 4 10 6 2 6 10 9 5 4 5 3 10 7 3 6 3 3 8 5 8 8 9 9 8 6 3 9 9 2 10 2 3 1 5 3 10 9 6 9 2 8 1 9 4 6 3 6 9 5 4 4 4 8 6 2 4 3 5 1 6 10 8 10 7 2 4 7 9 5 4 5 3 8 3 10 8 9 10 1 1 2 6 5 9 2 8 4 4 4 2 2 9 2 8 3 1 1 7 1 9 3 2 8 1 7 3 7 10 9 4 4 7 10 3 2 4 5 7 3 6 4 7 8 8 4
10 10 10 5 2 10 1 5 3 0 1 2 5 2 2 2 6 4 3 4 4 4 6 6 7 2 5 10 7 10 8 7 10 1 7 1 5 5 6 1 1 8 8 9 5 3 5 1 10 1 8 3 1 2 6 3 8 10 4 10 9 1 4 6 8 1 1 3 8 6 1 3 1 2 9 7 8 3 1 3 3 4 8 5 5 3 5 8 4 6 7 4 2 1 3 7 4 7 4 3 7 3 6 4 8 3 1 3 9 9 8 2 1 7 4 6 5 2 9 3 9 6 5 1 5 5 4 10 4 1 8 8 5 4 8 8 10 5 8 7 10 10 2 7 1 9 9 7 9 10 6 9 5 3 2 7 8 9 2 3 5 8 10 6 10 10 5 9 1 9 2 6 3 7 2 2 10 5 10 4 4 4 3 1 10 8 8 5 3 1 9 3 6 7 6 5 6 10 6 1 9 7 8 1 3 10 2 9 4 2 3 2 8 2 1 3 4 1 5 5 2 7 3 5 8 10 5 8 4 1 10 1 3 5 5 1 5 3 2 3 1 5 3 3 9 10 1 2 9 10
2 3 6 8 3 4 4 6 10 9 0 5 9 6 7 4 7 6 6 2 3 1 7 4 8 3 9 10 2 8 1 8 9 1 9 8 4 6 4 7 3 3 7 2 10 9 10 8 5 2 5 4 8 4 5 9 3 9 8 9 10 6 3 10 6 8 5 9 9 7 2 8 2 1 3 6 10 3 2 10 9 5 10 5 5 2 1 4 7 1 10 9 7 8 7 9 1 6 5 1 4 9 10 2 2 5 4 10 3 2 10 8 7 9 2 3 7 1 1 6 7 9 8 4 1 8 3 10 7 7 10 1 8 8 8 1 7 2 6 3 8 1 7 1 3 1 5 5 5 3 10 6 3 6 2 7 10 10 2 5 3 6 6 8 9 6 7 3 4 6 10 10 2 9 10 7 6 9 8 8 2 2 1 1 8 8 2 4 3 4 6 5 7 8 4 4 4 7 1 5 8 6 2 6 6 2 8 7 9 8 7 6 5 2 5 10 4 6 8 3 4 4 8 10 3 7 2 2 5 10 5 2 3 9 1 7 6 6 6 1 2 3 9 2 6 8 2 7 3 9
9 8 4 8 5 1 1 7 2 9 8 0 8 5 9 6 6 6 2 2 3 1 4 7 3 9 9 3 1 2 10 4 3 7 4 10 8 3 10 10 5 3 6 9 1 5 10 2 3 6 7 4 4 9 5 8 4 10 8 10 5 4 6 5 7 7 4 2 1 10 8 6 4 9 6 7 1 1 10 5 4 2 9 9 1 10 1 7 3 10 5 1 5 9 1 7 3 6 2 3 3 2 5 1 10 5 7 3 5 5 2 3 8 1 6 7 5 8 6 5 8 2 4 8 1 5 6 2 3 10 6 2 6 4 1 8 2 9 10 9 5 3 5 4 6 9 8 8 6 1 6 4 10 8 5 2 3 6 6 7 5 8 9 2 3 6 7 7 10 10 4 4 2 6 4 4 9 3 2 7 6 6 9 6 10 6 6 6 6 3 6 3 7 5 4 5 3 6 6 10 5 6 7 3 1 6 5 7 2 10 3 5 10 10 7 6 3 2 3 4 10 10 6 5 7 6 8 7 10 4 6 2 7 7 5 5 4 2 2 8 2 6 8 1 3 2 4 1 7 1
8 7 8 2 3 10 3 7 3 7 9 5 0 6 8 6 7 4 8 5 9 8 6 10 1 1 3 5 4 8 9 3 5 3 3 6 8 1 4 2 4 7 7 2 1 7 4 8 2 7 5 6 6 4 5 3 4 9 1 10 4 8 10 9 1 2 9 10 5 2 8 1 5 7 9 9 1 3 4 1 4 4 8 6 5 7 1 10 2 2 5 7 2 8 6 4 2 2 4 6 7 10 10 8 7 10 9 5 10 8 4 3 3 8 7 7 6 3 2 6 10 7 6 10 9 3 10 1 3 2 10 8 6 4 2 10 6 8 8 10 2 3 10 1 5 2 9 9 6 10 9 2 10 2 1 8 8 10 6 6 2 9 8 7 6 3 1 9 9 3 2 5 2 2 7 1 8 10 8 4 7 7 3 9 6 5 5 9 7 1 2 2 7 9 4 7 8 9 5 3 7 9 9 5 4 9 3 6 7 9 9 7 3 7 9 3 3 5 10 1 10 3 5 8 1 1 6 4 8 8 5 7 9 10 4 5 2 7 6 4 7 9 5 6 10 8 8 7 1 5
4 6 1 7 5 9 5 7 5 8 2 3 4 0 4 5 4 6 3 9 3 10 6 2 1 4 5 3 2 10 9 4 2 6 9 3 4 7 8 10 10 2 9 2 7 9 9 5 7 10 3 1 4 5 2 7 4 5 6 6 6 6 6 4 7 4 1 6 6 1 9 2 9 9 7 6 3 2 1 2 1 1 4 8 10 9 8 10 7 9 7 1 10 3 3 5 9 10 6 9 9 6 7 2 3 7 2 6 3 10 4 7 7 3 4 1 7 4 1 9 2 8 10 10 9 2 3 9 9 5 10 10 3 4 1 6 8 7 2 5 3 10 1 3 6 2 2 1 3 5 5 10 6 6 7 4 4 8 1 9 2 9 2 2 5 2 5 8 4 2 7 2 7 5 5 6 2 2 1 3 1 4 7 8 9 1 10 8 5 2 2 6 4 6 5 4 6 2 3 1 8 6 5 10 9 10 4 2 2 5 6 10 1 10 2 8 9 5 1 5 2 8 6 9 10 7 5 6 4 1 10 9 6 4 2 2 3 10 10 4 2 6 10 4 9 5 10 8 6 8
2 3 6 6 6 4 10 10 3 1 4 3 10 8 0 10 5 8 4 8 7 5 5 6 2 1 6 9 7 10 3 3 6 10 8 7 10 4 9 4 1 4 2 10 8 6 3 10 5 5 10 2 3 7 6 1 8 5 1 4 6 6 3 6 2 1 7 2 4 1 2 1 6 3 2 2 3 10 10 1 2 4 2 6 3 3 4 10 9 8 2 6 10 5 6 3 9 4 3 6 6 1 10 8 10 3 10 5 1 7 2 4 7 9 5 2 10 1 3 5 9 8 3 4 1 2 4 2 1 5 8 8 2 3 3 1 7 9 4 2 5 9 9 1 1 9 4 6 4 9 2 8 6 9 1 10 2 6 1 10 9 6 10 5 1 4 5 6 4 1 5 2 4 1 9 6 3 9 10 7 1 2 3 3 4 1 9 6 10 7 5 9 5 3 6 10 2 4 5 6 2 2 1 5 7 1 10 6 2 6 6 2 3 5 3 9 8 10 9 7 10 2 2 2 3 10 1 8 7 3 6 6 6 8 9 6 9 10 9 8 7 6 6 3 5 5 7 3 8 5
3 1 1 5 2 7 2 2 5 1 1 3 4 7 7 0 5 4 4 1 1 7 5 10 8 9 8 3 9 9 5 4 2 10 3 1 3 7 5 4 1 8 10 5 10 9 9 4 1 2 10 4 10 4 10 7 7 5 2 7 3 10 2 3 8 4 9 4 5 4 5 5 3 1 1 2 1 10 8 5 5 1 4 10 4 8 7 6 9 1 2 10 5 9 7 4 5 3 6 1 6 1 9 7 5 5 3 4 4 2 7 6 4 4 7 2 7 1 4 2 2 9 9 1 2 3 4 3 10 1 3 3 6 5 1 3 1 3 2 3 8 9 1 3 10 1 8 2 2 4 1 10 3 9 6 4 6 7 9 9 8 10 1 4 3 9 7 9 7 3 9 1 10 7 8 3 3 8 8 6 9 5 9 5 6 3 10 6 6 1 4 9 5 6 10 5 2 1 6 10 4 9 1 4 10 2 5 7 5 8 9 6 2 2 7 4 1 9 8 8 2 5 5 10 4 7 9 2 3 4 7 7 7 2 7 2 4 4 1 2 3 8 5 7 1 1 6 4 10 5
10 6 8 8 3 1 6 9 9 7 4 7 8 2 8 3 0 9 10 3 4 4 9 8 2 9 9 10 7 8 1 8 8 7 7 3 3 5 4 5 9 7 10 5 8 7 1 6 6 3 6 1 7 3 6 7 7 6 1 8 1 4 3 8 10 7 10 2 10 7 3 10 10 9 9 4 6 4 7 2 7 3 7 4 3 6 9 6 8 4 4 10 5 10 6 9 1 10 5 4 4 3 10 6 8 10 10 10 4 6 7 10 8 2 8 3 2 6 4 10 4 6 6 7 6 4 8 7 5 2 7 4 9 5 6 2 2 7 4 5 9 2 1 3 2 7 10 2 9 5 8 10 6 7 8 9 8 5 5 7 4 8 9 2 10 1 4 4 4 3 7 7 1 7 7 10 4 10 1 2 5 4 1 6 8 10 7 3 2 7 6 7 5 1 6 9 6 9 3 8 9 2 10 4 8 6 4 6 2 7 1 2 4 4 7 6 1 10 3 5 2 9 1 9 10 5 2 6 7 5 1 6 1 5 6 10 6 4 3 2 4 4 4 7 8 5 1 3 8 8
1 9 8 5 10 1 5 6 5 4 2 3 6 3 6 4 1 0 7 5 10 1 4 4 5 2 9 5 7 9 9 8 8 10 8 9 1 6 7 6 4 8 3 5 9 9 5 6 4 8 8 7 9 8 8 8 7 3 6 6 2 7 5 1 3 7 1 2 6 9 7 8 1 7 1 6 2 4 7 1 7 8 9 4 4 9 2 4 9 2 8 10 6 5 8 4 1 10 1 2 6 8 2 9 10 3 5 10 1 9 7 10 5 2 5 6 10 10 6 7 4 2 7 6 9 2 7 2 10 1 1 5 9 3 2 9 10 3 5 6 5 2 8 6 1 9 1 9 6 9 9 3 7 8 7 3 10 9 7 1 1 2 4 9 3 10 4 6 10 1 3 2 2 4 9 5 8 7 10 2 4 9 6 8 4 4 7 2 3 6 10 8 10 6 10 2 10 9 5 5 5 9 3 2 5 3 9 3 10 3 7 4 1 10 1 6 3 7 8 6 1 4 1 4 8 9 9 6 5 7 7 5 4 2 4 7 3 10 10 4 2 5 3 1 3 6 3 3 6 10
3 2 5 6 5 6 9 3 5 10 2 9 3 1 4 10 9 3 0 1 3 9 8 3 3 10 6 1 2 7 8 4 7 5 3 1 8 10 8 4 1 5 10 9 1 8 7 4 3 3 2 3 7 1 2 5 2 5 5 3 1 2 2 7 10 6 5 1 5 7 1 5 9 3 8 6 6 8 6 3 10 1 4 8 10 7 3 4 8 8 4 10 5 1 5 9 8 10 2 1 5 2 10 4 5 1 9 1 3 7 8 6 4 2 9 4 9 7 7 6 2 6 2 3 10 10 9 9 6 8 2 6 4 3 6 10 7 1 10 3 5 10 1 8 6 10 6 5 7 3 4 2 5 5 2 3 4 4 7 4 10 7 1 6 8 4 3 2 10 6 5 9 1 1 2 9 1 4 6 7 8 1 9 7 6 3 10 1 8 9 6 4 3 9 7 2 7 8 1 10 1 10 3 3 2 2 7 9 7 6 2 8 5 6 10 6 7 6 10 10 2 4 8 7 4 6 4 10 3 2 6 4 4 7 4 7 6 4 4 10 8 10 2 7 9 5 6 1 5 8
3 10 9 2 4 2 8 8 10 4 9 4 6 10 5 10 1 6 1 0 10 5 9 5 8 10 10 2 3 10 10 1 5 1 10 4 4 2 4 1 6 8 10 9 10 1 3 4 7 3 5 3 2 7 8 1 5 7 4 9 10 3 8 7 7 8 9 10 8 9 1 8 2 10 9 5 10 1 4 5 6 8 7 2 8 3 9 2 1 6 3 7 4 9 10 4 3 1 2 1 1 6 2 4 3 10 7 8 6 9 7 5 5 2 7 10 2 3 10 2 8 6 10 2 1 9 5 8 4 6 2 8 2 6 7 8 10 9 7 4 7 10 1 9 10 3 2 10 2 8 7 5 7 7 4 2 3 9 4 10 3 7 10 1 7 2 4 4 5 9 9 4 4 4 9 1 6 2 7 8 1 2 8 10 5 7 2 2 1 6 4 2 4 3 2 4 5 8 2 6 9 7 10 1 10 6 6 9 6 5 1 3 9 4 3 10 6 10 7 3 5 4 2 5 4 7 7 8 3 8 8 1 8 9 4 4 2 2 7 10 4 6 3 9 8 4 1 2 3 8
3 7 4 9 6 2 1 8 10 7 9 4 5 7 3 2 1 9 6 6 0 8 7 4 1 2 6 6 4 8 8 3 7 3 5 2 7 9 9 10 6 2 10 2 6 4 8 1 3 8 1 10 8 4 4 2 9 6 10 8 1 9 1 3 5 2 2 2 6 4 7 3 8 1 4 2 7 7 1 2 3 6 7 3 9 5 8 2 3 7 9 6 1 6 1 8 3 6 2 10 8 4 6 2 2 10 3 2 2 3 7 4 10 4 5 7 5 4 4 10 8 8 8 6 9 7 2 1 2 9 6 2 8 4 2 7 6 3 2 5 8 1 3 9 7 1 9 3 6 4 6 9 1 10 3 8 3 8 2 8 4 6 6 3 5 9 9 6 2 4 4 4 4 4 9 4 4 7 10 4 9 6 3 1 7 5 10 3 8 6 5 4 8 9 7 10 2 5 4 7 9 9 5 7 9 6 6 7 3 2 5 1 9 1 7 8 6 4 8 10 9 5 3 1 10 9 10 2 10 9 4 9 4 8 10 9 1 2 4 8 3 6 6 7 6 9 9 5 5 1
7 9 6 9 7 4 7 2 3 2 9 9 3 10 4 9 2 3 7 3 6 0 1 6 7 4 2 7 7 8 8 2 8 8 8 6 8 4 2 6 9 1 3 9 2 8 3 5 8 2 2 3 6 9 9 5 3 8 9 4 9 3 8 5 5 5 6 2 6 8 2 1 10 2 9 1 10 1 9 4 1 5 8 1 1 8 7 1 1 1 10 5 10 4 1 3 5 10 2 10 10 3 2 5 6 8 2 5 1 3 10 4 8 7 6 10 3 10 9 7 10 7 4 9 7 9 8 6 3 8 6 1 7 10 4 8 1 2 3 7 7 5 8 9 3 8 5 8 2 5 5 3 3 4 3 9 8 1 8 1 9 4 4 8 5 2 1 9 1 7 1 7 7 1 1 8 6 6 2 9 10 6 6 6 4 5 8 5 7 10 5 8 10 10 2 7 6 8 3 10 3 2 2 5 7 6 1 10 9 4 3 5 10 4 5 2 7 1 8 2 4 5 9 8 7 3 4 8 6 2 4 10 1 7 1 8 5 10 10 5 2 6 3 7 9 4 1 10 4 5
10 2 7 10 7 9 9 8 6 1 1 8 7 4 4 10 9 9 3 7 2 4 0 9 8 9 4 7 6 1 6 3 8 5 3 9 5 9 6 6 9 8 4 1 5 4 9 4 10 9 2 1 3 2 6 7 6 4 4 10 3 4 9 4 9 6 5 5 4 7 1 8 8 4 9 2 7 10 6 10 3 8 1 9 3 10 4 2 10 4 1 4 7 1 7 5 10 5 3 3 3 7 10 8 7 6 5 10 6 8 3 3 5 8 3 9 6 10 9 1 7 5 9 10 5 8 7 1 7 8 9 7 6 5 10 2 1 1 7 1 9 9 5 9 3 3 4 1 8 3 3 9 5 7 10 7 7 7 2 9 4 8 6 7 5 8 4 7 6 6 5 7 9 8 5 7 8 5 6 8 6 6 6 9 9 4 10 9 7 1 4 9 10 3 2 7 5 4 3 4 2 7 10 6 10 6 7 1 3 6 9 10 6 7 9 1 3 8 9 6 4 2 6 2 5 8 5 5 2 2 8 8 2 7 1 7 3 1 9 1 5 8 6 10 2 6 7 3 6 3
5 3 8 2 3 8 5 5 7 3 6 10 3 3 3 3 8 9 4 9 5 8 1 0 1 7 4 9 5 6 10 10 8 3 9 9 7 5 3 10 9 3 3 6 8 9 5 7 7 2 5 3 4 10 1 4 5 3 7 4 3 10 10 8 4 5 2 2 3 10 6 4 2 5 10 3 9 4 1 2 10 7 9 9 6 6 7 10 6 8 7 1 3 10 7 3 2 7 1 3 4 3 4 7 1 6 6 7 1 9 7 1 6 10 3 8 3 10 9 7 3 7 8 10 9 5 3 5 3 3 1 9 9 1 6 3 4 10 3 10 8 3 1 3 1 4 2 1 6 4 6 2 3 4 3 8 8 7 2 4 8 10 2 9 9 3 6 9 10 1 10 6 3 9 7 9 1 6 2 3 4 6 1 1 4 6 3 9 6 7 1 8 5 2 7 5 1 8 10 3 3 10 5 10 2 8 2 8 3 5 3 8 8 9 1 1 7 9 9 9 8 6 9 8 6 3 2 1 5 7 4 7 2 9 7 2 8 7 4 8 3 7 8 3 8 10 4 1 7 2
5 1 4 9 5 1 9 9 5 9 9 6 7 7 2 2 6 5 7 1 7 8 8 10 0 2 10 8 5 4 2 10 8 7 10 4 9 3 1 5 9 4 2 5 7 6 7 9 10 8 4 2 2 10 7 10 4 7 6 6 10 1 3 9 4 3 7 2 8 2 2 7 3 2 7 5 5 5 10 3 9 7 5 1 4 5 10 8 6 2 10 1 8 8 1 9 5 9 9 9 7 10 2 7 1 1 10 7 8 4 4 1 1 6 9 5 5 3 5 5 3 3 4 8 8 8 9 7 6 10 8 7 4 1 3 7 8 5 2 1 4 4 4 5 10 10 3 8 2 9 5 6 4 1 7 6 2 5 3 7 8 10 10 10 7 9 9 6 7 3 3 7 2 7 10 2 4 9 6 3 4 7 6 6 7 5 3 9 8 6 10 10 3 3 5 9 10 10 8 8 5 10 7 1 9 3 5 2 9 4 4 6 9 9 8 8 10 7 8 9 6 9 5 9 2 1 8 1 2 10 5 9 4 9 1 9 6 10 2 8 8 9 3 7 1 3 7 8 3 10
10 5 8 10 4 6 10 8 8 6 4 9 2 8 3 7 8 2 7 2 9 5 6 6 2 0 1 3 7 10 2 5 1 3 10 1 1 1 6 1 8 2 2 9 3 3 10 8 6 10 4 1 6 1 9 10 10 7 2 1 5 7 4 7 6 1 5 4 3 1 2 8 9 8 6 10 7 8 1 2 2 8 6 5 1 8 4 3 9 8 2 4 6 10 6 5 10 1 6 5 3 10 9 2 3 4 7 10 3 6 10 8 1 1 6 2 10 3 2 8 7 6 4 4 4 4 9 2 10 7 5 8 4 3 6 7 10 10 3 1 8 7 6 5 7 5 6 4 8 2 7 10 6 10 6 2 1 10 4 2 7 2 1 8 4 5 10 10 10 8 5 1 7 8 7 7 10 9 10 5 1 8 10 2 3 6 10 9 3 7 7 10 3 9 2 5 5 1 5 8 9 6 3 4 2 1 10 5 3 2 6 7 3 1 4 5 10 1 8 6 6 6 10 5 4 1 10 3 2 2 9 8 4 10 10 2 1 5 10 2 6 10 6 5 4 6 5 3 3 9
1 6 5 9 5 4 4 9 2 9 2 6 5 9 9 9 5 9 10 3 7 10 6 6 10 5 0 7 1 3 2 2 10 6 7 1 9 6 6 4 6 3 1 4 10 4 10 10 9 1 2 3 8 3 7 2 2 7 8 10 6 8 2 4 4 4 2 2 8 4 7 9 10 10 3 8 4 4 7 7 2 10 1 1 5 6 2 6 9 4 10 6 8 10 8 6 6 2 3 3 4 4 9 6 6 3 9 5 4 7 7 4 4 9 6 10 7 4 8 6 6 3 9 2 8 5 6 7 6 9 8 3 2 1 7 6 5 9 6 1 3 1 8 3 8 6 1 4 8 2 10 1 5 7 7 6 10 8 7 3 9 6 2 3 4 8 4 3 3 6 2 10 6 6 7 3 1 7 2 8 1 3 6 1 6 10 9 1 6 3 1 5 10 2 10 2 10 8 2 3 4 5 8 9 10 1 2 10 6 4 3 1 3 8 8 6 9 4 5 2 9 7 4 7 9 8 7 6 6 4 4 9 2 6 10 1 8 7 9 8 2 7 9 5 1 1 2 6 3 10
8 2 2 9 3 7 6 5 4 9 3 7 10 4 1 4 2 1 5 7 2 10 2 8 6 6 9 0 7 5 10 3 9 7 1 4 4 10 5 1 9 5 10 5 1 10 4 2 4 9 7 5 3 1 1 10 7 7 3 7 8 9 9 10 8 2 3 3 2 8 9 7 8 10 3 4 6 6 1 9 1 10 6 10 3 9 10 4 8 8 7 10 2 10 7 9 2 1 9 3 4 8 8 8 1 10 6 3 4 2 3 7 9 7 1 5 10 8 1 7 10 10 5 1 9 5 4 3 8 9 6 1 6 1 3 9 8 5 6 2 2 1 6 10 10 9 3 3 7 10 10 2 1 3 8 5 3 4 4 9 4 1 2 6 2 7 2 5 4 6 3 4 4 8 8 3 7 8 6 1 5 4 3 4 2 10 9 8 8 7 8 7 5 2 8 7 6 5 5 8 9 1 4 6 9 9 8 7 2 2 10 2 3 5 3 7 2 7 3 9 10 5 4 5 3 10 8 7 5 5 2 4 8 3 2 7 4 6 4 8 10 1 2 4 10 7 10 10 10 1
10 4 2 8 1 3 8 5 4 6 5 2 8 5 1 8 3 8 7 4 10 7 5 2 3 2 4 1 0 3 10 8 1 6 10 1 4 10 10 6 1 4 9 6 2 2 1 8 5 7 7 6 7 4 10 9 9 4 6 6 10 6 6 1 8 7 4 6 7 3 6 4 3 7 6 8 5 2 6 6 1 9 1 6 5 9 6 3 7 7 7 5 9 1 5 2 8 5 7 10 8 3 7 4 1 6 10 4 2 5 10 8 9 1 4 8 9 10 2 9 1 6 2 9 3 5 2 9 10 4 9 3 3 3 6 5 4 1 10 5 10 7 8 9 4 9 9 10 9 2 10 8 4 1 7 3 7 9 3 10 9 5 8 10 9 1 2 10 8 7 7 5 5 4 4 4 9 8 10 6 3 7 2 7 7 5 9 3 6 9 5 3 6 3 7 10 8 2 2 2 5 2 7 10 9 2 4 5 5 6 10 2 1 4 6 10 5 1 2 5 1 6 6 8 7 4 6 8 5 8 3 6 2 2 1 6 4 3 9 9 5 4 4 8 1 3 7 6 5 3
4 2 6 5 8 6 8 2 4 1 6 7 9 4 7 7 9 2 9 1 3 4 3 8 2 8 3 8 9 0 10 7 6 9 3 7 8 10 8 9 3 10 9 2 6 1 4 4 6 4 6 7 4 2 1 10 8 6 3 7 8 4 9 4 4 1 5 4 6 5 6 2 5 8 6 10 1 3 10 4 9 5 3 6 3 1 10 7 4 5 6 9 3 5 3 8 7 4 8 7 4 7 10 3 4 8 1 8 5 3 10 7 9 4 2 6 9 7 1 3 8 10 3 9 7 9 3 5 6 6 2 4 9 6 2 7 10 1 7 3 5 7 6 8 6 5 2 5 7 9 10 7 10 5 9 2 9 1 9 10 8 10 1 9 8 3 5 8 3 2 3 5 10 3 9 8 2 2 1 5 10 8 10 2 6 7 2 5 4 6 10 2 1 5 5 8 8 1 3 4 5 9 1 9 10 3 5 4 8 10 2 9 8 4 9 3 9 8 3 7 5 4 4 2 8 10 7 8 10 7 6 7 9 4 2 2 2 6 8 7 10 3 4 1 6 2 5 4 6 4
3 9 4 1 8 2 5 9 1 8 4 2 7 8 2 4 8 1 1 6 7 5 8 3 10 7 3 2 4 9 0 1 5 7 2 8 6 6 10 3 6 5 6 8 9 4 5 6 9 4 3 3 2 2 7 3 2 5 10 5 2 1 1 5 4 7 3 9 9 2 8 3 2 8 7 5 5 9 1 5 7 3 1 4 6 6 1 7 9 7 6 8 2 1 7 8 2 7 3 2 7 5 10 1 8 1 7 9 8 10 6 10 10 9 4 7 3 4 5 8 5 9 4 8 10 6 10 4 9 3 10 1 9 9 5 9 1 9 5 4 7 1 10 5 7 10 7 1 5 10 2 3 9 10 5 7 5 9 3 1 7 2 9 8 7 1 5 7 7 4 1 7 5 7 1 6 8 4 2 5 4 7 3 1 10 7 2 10 5 4 4 4 8 1 2 9 3 2 4 8 6 5 7 3 4 9 3 6 7 4 5 10 2 3 10 10 7 7 5 10 1 4 3 2 9 1 7 10 2 6 2 2 7 3 4 1 10 8 8 2 7 10 3 3 1 5 1 1 8 2
5 8 9 4 9 7 6 5 4 2 10 3 10 6 8 7 3 10 6 10 1 6 7 9 10 5 10 2 2 4 4 0 1 3 9 5 2 6 5 1 2 2 7 2 1 9 1 3 8 1 1 2 1 3 2 1 8 5 6 3 5 3 5 4 9 10 3 4 4 10 6 5 9 9 2 4 10 3 10 6 3 2 4 4 4 8 1 2 5 6 5 8 7 10 10 1 3 6 4 9 2 1 1 7 8 1 6 3 6 3 6 8 8 8 3 7 8 4 4 6 3 1 9 10 8 6 4 8 5 1 4 2 3 2 1 9 5 1 7 5 9 4 8 5 7 1 8 6 4 9 1 10 2 6 10 7 2 2 2 5 8 7 1 10 9 6 9 3 6 8 5 2 10 1 2 5 3 3 5 2 3 6 7 7 1 6 9 5 9 10 4 4 7 4 4 3 10 2 2 10 7 9 7 4 7 9 9 1 1 2 8 6 8 8 6 1 6 6 4 8 5 6 4 2 9 3 4 8 2 6 6 3 10 9 9 2 4 4 8 2 6 6 6 3 5 6 9 1 9 1
3 2 4 10 8 3 9 1 2 8 8 6 6 1 5 1 5 4 2 4 1 5 2 7 4 9 8 9 4 5 9 4 0 4 10 6 3 7 4 2 1 8 10 1 9 2 3 2 2 10 3 2 2 6 10 8 2 7 4 8 3 8 10 4 2 1 2 9 7 9 10 3 1 9 2 2 2 9 8 2 1 9 9 4 10 8 6 8 2 7 2 4 2 3 9 2 2 9 8 1 7 10 10 2 7 5 1 1 3 9 1 2 7 8 9 2 8 2 7 5 3 8 6 3 6 10 8 4 6 4 4 3 4 1 6 2 5 4 8 9 10 6 10 5 2 4 7 10 8 5 7 1 7 4 8 1 4 7 5 3 7 7 6 7 4 8 8 8 6 5 2 4 1 6 6 9 4 3 9 1 2 6 4 5 6 6 4 3 2 2 7 4 7 8 4 5 6 6 2 3 5 10 3 7 8 5 5 6 1 1 9 4 4 7 6 1 8 7 8 2 9 5 5 6 6 4 2 4 7 6 6 4 7 7 6 7 8 5 4 9 2 10 3 6 3 9 10 6 4 10
9 3 8 2 3 6 6 1 10 1 3 4 4 8 8 10 5 6 10 9 3 9 8 7 1 4 4 9 9 5 2 7 9 0 7 9 4 10 5 2 3 5 8 8 1 5 2 4 10 6 3 4 3 7 1 8 9 6 4 5 6 6 3 8 9 5 6 2 7 6 6 3 10 8 5 10 8 5 1 10 6 3 4 7 1 10 8 5 8 2 4 2 4 5 3 6 4 1 10 9 5 2 1 5 2 4 8 1 6 8 2 6 2 1 4 1 3 3 8 2 1 10 2 8 6 4 2 2 3 2 3 3 5 2 4 4 6 9 2 2 4 10 7 2 6 6 1 4 5 8 10 5 7 9 6 3 4 5 10 9 10 6 1 8 9 5 7 3 8 9 2 2 6 3 2 7 9 1 5 2 8 10 10 8 3 8 1 8 8 1 8 7 10 9 7 6 6 5 9 8 9 7 4 3 1 4 3 8 1 4 5 2 2 9 2 4 3 2 5 9 5 9 3 8 1 4 1 9 9 10 7 5 10 1 5 5 8 2 5 1 1 4 4 7 2 6 3 10 4 9
6 10 4 1 3 5 9 3 10 1 4 9 3 2 4 1 5 6 10 8 2 4 3 4 6 1 3 8 2 10 1 3 1 6 0 7 10 2 6 4 1 10 5 6 2 1 3 9 2 3 3 1 7 5 3 6 6 5 6 5 5 6 6 7 9 5 2 10 10 5 6 7 1 4 3 2 8 4 3 3 1 2 9 3 6 8 1 5 2 3 8 9 8 10 4 10 7 8 2 8 5 4 6 1 10 5 10 3 4 3 8 7 7 8 7 8 7 5 2 7 3 1 5 2 9 8 6 6 2 3 7 4 5 3 2 7 6 3 10 2 5 9 9 8 3 4 6 8 1 5 4 2 8 2 3 1 6 1 9 8 2 1 7 6 3 2 7 1 8 1 5 2 6 8 4 2 1 1 10 7 1 10 1 9 10 3 2 5 10 1 3 10 4 1 9 5 6 10 1 4 9 8 7 5 9 4 9 6 4 7 2 9 2 7 8 2 6 1 8 2 2 3 4 2 2 7 9 7 5 2 1 1 2 9 10 10 5 5 2 3 7 9 2 1 1 3 1 4 9 2
7 8 7 2 1 10 3 6 6 9 3 2 7 4 5 8 1 6 6 10 4 10 7 6 5 5 6 1 9 7 3 1 3 2 4 0 9 2 7 10 5 3 8 5 6 6 2 2 4 1 5 2 6 1 3 3 4 7 2 6 7 5 6 3 2 1 7 2 9 3 10 2 1 9 9 9 1 4 4 10 4 6 9 6 7 2 2 7 1 3 4 3 2 1 3 10 3 5 4 2 3 7 7 3 10 3 7 2 8 5 9 4 8 4 9 9 4 9 3 10 4 6 10 4 7 3 2 9 10 1 2 9 9 7 5 6 10 1 2 4 6 5 9 8 6 4 10 10 3 8 5 5 9 4 2 10 10 8 2 2 2 1 8 3 8 8 1 7 8 8 9 5 6 7 8 4 6 6 9 7 10 8 6 4 1 8 6 3 7 3 5 5 6 10 8 5 5 1 10 3 2 6 4 7 1 10 6 1 1 10 6 2 1 7 3 3 7 9 8 9 3 10 7 10 10 2 7 5 2 8 5 4 9 7 2 7 9 6 3 3 5 3 5 1 3 9 1 2 1 1
6 6 2 9 1 9 1 5 5 6 9 7 1 4 9 1 5 2 8 8 3 5 10 9 8 1 8 5 8 6 10 8 4 8 6 8 0 8 3 2 3 10 1 8 5 7 3 6 7 8 4 3 9 8 9 1 8 1 8 6 1 10 10 3 10 1 4 1 8 8 1 9 10 1 9 10 3 10 5 3 8 7 1 9 9 8 2 1 5 4 1 8 10 10 9 10 5 2 10 5 1 2 1 10 2 9 2 8 6 10 7 5 7 9 8 6 7 8 5 8 3 3 4 7 1 2 7 1 9 1 8 4 4 3 9 3 10 3 10 2 7 8 6 5 6 4 7 2 4 10 5 7 5 4 9 7 7 7 4 3 8 2 9 7 2 4 8 2 8 5 8 3 2 6 8 1 4 5 2 3 1 9 4 8 3 1 3 3 3 1 4 10 4 4 2 9 6 5 10 5 3 8 9 2 9 2 4 10 5 5 1 4 9 7 2 10 9 8 5 6 3 7 1 7 10 4 4 7 1 9 2 6 4 3 2 1 9 7 4 4 7 4 3 9 6 2 3 5 3 8
10 4 7 6 5 6 2 5 3 9 6 8 1 10 10 10 3 1 8 2 3 7 10 7 1 1 7 10 3 6 3 2 2 9 2 4 7 0 2 7 6 1 3 10 7 6 8 4 4 6 9 4 8 1 6 8 10 6 8 2 9 7 8 7 5 1 1 3 1 1 10 7 8 1 3 8 9 9 6 5 10 6 3 1 7 7 2 8 8 7 9 7 1 2 3 9 5 1 7 2 6 5 5 9 3 7 4 9 3 7 5 2 5 5 10 5 8 7 9 7 7 1 8 10 2 7 9 3 2 6 9 6 8 1 5 8 3 8 10 4 8 2 6 5 1 2 3 4 5 8 6 9 2 2 3 8 9 2 1 1 2 8 4 2 8 8 7 1 4 2 7 1 3 3 2 1 10 9 7 6 10 4 4 7 1 8 10 6 9 7 1 4 8 6 4 5 6 7 8 5 4 4 5 9 3 9 2 6 1 10 9 7 2 6 9 3 9 1 2 1 8 2 8 7 8 4 4 2 10 6 3 10 2 9 6 6 7 9 4 10 9 3 7 6 5 1 6 2 10 4
10 10 5 7 3 7 4 4 2 6 10 10 7 8 10 1 6 10 9 6 6 10 10 10 6 4 7 6 2 2 7 5 5 5 10 4 7 8 0 7 7 3 1 6 4 6 5 3 7 6 3 10 8 7 9 5 7 2 9 4 7 6 7 5 9 5 2 3 3 2 9 8 8 5 3 9 9 3 8 1 3 10 8 4 4 7 2 1 7 4 5 4 7 9 2 2 10 6 3 3 6 1 10 10 3 5 7 4 5 1 10 5 4 9 3 1 2 9 6 1 3 8 6 2 9 1 5 6 8 9 6 3 3 5 7 2 4 5 6 6 8 1 3 7 9 3 6 10 6 4 3 5 3 7 7 8 4 4 1 6 1 4 7 3 2 5 8 3 10 7 6 4 3 6 1 5 1 6 6 9 6 3 1 4 9 1 5 5 6 1 1 8 8 8 8 9 6 8 1 2 10 10 9 4 3 9 3 1 4 2 9 3 5 2 8 9 4 1 2 3 4 3 7 9 4 1 8 7 1 2 1 10 10 1 3 10 9 2 6 1 3 7 10 10 6 2 5 8 5 4
6 9 5 2 1 4 9 8 4 4 3 5 2 4 1 4 10 1 8 4 3 6 9 5 6 10 7 8 3 8 1 3 9 8 4 5 6 10 4 0 3 5 2 8 2 3 2 7 5 8 2 1 10 1 5 7 8 1 3 8 2 5 5 7 9 10 2 7 6 5 8 5 10 7 2 8 9 7 2 2 2 9 7 9 1 5 6 7 2 5 7 8 6 5 6 3 5 7 2 3 4 5 7 4 4 1 6 5 2 7 2 7 3 3 4 7 3 3 5 5 2 8 3 7 4 2 6 10 5 2 3 4 8 10 9 8 4 1 2 6 4 3 3 7 6 7 3 1 7 7 4 1 5 9 2 6 1 4 6 1 10 6 10 10 2 9 9 7 10 5 1 9 8 8 3 5 5 2 5 5 6 5 1 1 6 9 1 1 10 6 2 1 10 1 5 4 8 9 4 1 3 1 5 10 1 3 8 7 3 9 9 2 5 7 6 4 4 3 8 2 2 2 10 3 10 10 3 1 10 6 10 5 4 8 1 1 8 6 7 2 1 3 9 1 5 8 5 7 10 4
2 10 1 3 9 8 5 6 2 1 5 3 8 9 10 7 4 3 8 8 4 9 2 10 10 10 9 6 5 4 5 6 3 8 7 1 9 8 3 3 0 9 1 1 2 10 9 2 8 2 2 9 3 4 6 3 6 1 10 7 2 8 9 8 10 10 4 1 5 4 5 5 4 2 3 7 7 3 7 6 1 9 7 9 1 3 3 3 2 5 8 6 10 4 2 10 5 5 5 4 8 8 3 5 3 5 1 2 9 1 1 5 4 4 7 2 3 3 9 4 7 1 10 1 9 1 3 8 4 2 1 2 6 6 2 3 1 1 10 3 5 1 3 3 6 6 9 4 7 1 9 5 4 3 9 5 10 4 8 6 10 1 8 4 6 7 4 7 6 4 8 9 6 8 6 5 8 1 7 8 1 10 7 2 9 3 5 1 6 10 2 9 4 10 5 8 2 3 1 6 8 2 1 4 10 3 1 7 1 10 9 4 8 3 8 8 9 8 4 9 6 9 3 8 9 6 9 10 6 3 5 4 6 9 10 4 8 3 9 8 3 4 5 2 8 2 6 1 2 7
10 10 8 1 8 1 5 2 7 5 1 9 8 9 2 2 6 7 5 3 7 5 2 2 2 3 7 6 5 1 8 2 9 6 5 5 4 8 2 3 6 0 8 4 1 9 5 3 2 8 4 5 5 8 9 5 2 5 6 4 2 2 7 8 7 5 1 6 3 3 5 3 6 3 5 4 6 5 1 8 8 8 4 7 3 6 4 1 2 3 5 10 2 9 10 9 8 8 3 9 6 8 8 3 10 5 5 5 2 4 4 2 3 10 7 7 3 7 4 7 3 8 3 8 5 8 3 4 8 9 8 10 6 2 6 1 7 6 8 4 7 10 4 1 7 2 1 6 1 10 5 5 7 2 7 3 2 3 6 5 8 6 2 9 4 7 2 8 7 2 8 3 7 3 8 4 5 7 4 1 10 8 7 9 7 10 7 6 3 3 6 5 8 5 2 2 10 1 5 3 1 4 2 6 6 2 6 1 6 8 6 10 8 7 6 4 10 6 3 5 9 4 10 3 7 7 3 10 9 10 5 4 6 6 1 1 5 5 7 6 4 1 4 10 3 9 3 5 6 7
3 6 2 6 3 1 4 10 8 1 9 8 9 5 5 6 8 2 4 7 1 3 10 7 5 2 8 8 8 4 4 3 6 3 9 6 3 7 7 4 3 2 0 7 8 8 8 5 10 8 8 2 9 10 5 6 3 2 10 10 2 8 1 6 2 8 2 9 6 1 4 1 6 2 5 1 1 9 7 8 1 8 10 3 9 1 7 9 5 8 1 5 4 1 7 5 1 3 9 5 5 8 10 4 3 7 5 4 10 6 4 10 6 6 6 10 8 6 3 6 2 3 4 1 2 7 9 2 2 2 6 3 4 3 4 3 6 6 10 5 8 2 4 5 10 8 1 2 8 6 2 2 1 8 9 6 9 10 9 7 5 10 7 4 2 1 10 7 5 10 6 7 7 4 10 5 9 4 1 2 2 9 5 9 7 4 7 8 1 2 5 6 4 6 8 8 9 8 3 1 7 5 8 8 2 4 5 8 10 4 10 2 8 6 9 6 3 2 2 1 8 8 2 3 7 8 5 4 4 10 3 8 4 3 9 3 1 6 3 6 1 8 4 5 7 7 10 7 7 8
6 1 10 3 1 7 1 5 7 1 3 8 2 9 5 6 9 8 3 8 7 4 5 6 6 6 3 3 3 9 2 9 3 9 2 7 3 8 8 8 7 8 1 0 10 7 1 5 6 4 2 7 9 6 7 4 6 3 4 8 3 5 2 3 10 1 4 8 5 5 3 9 1 3 7 9 4 1 6 9 9 9 2 1 8 9 6 2 1 5 8 1 9 5 7 3 6 5 3 1 7 1 5 7 4 9 4 5 5 5 5 7 9 9 5 3 10 10 7 2 2 6 8 2 9 1 10 3 1 6 9 4 6 5 4 8 10 6 8 3 6 2 4 6 3 2 9 4 1 9 8 2 5 3 10 5 2 4 4 6 5 2 7 1 8 3 8 8 1 9 10 9 3 10 6 10 8 5 7 6 1 6 5 2 10 1 9 8 1 9 10 4 1 9 1 10 1 8 2 3 5 4 9 5 5 7 3 6 1 9 5 6 4 4 10 2 4 2 3 7 8 1 1 7 9 6 5 8 9 6 6 7 1 2 8 8 4 5 10 9 4 2 8 3 9 2 2 4 4 2
9 7 2 5 1 10 6 7 2 6 6 1 2 5 1 1 6 2 2 2 6 10 4 4 2 7 10 7 3 6 10 2 8 8 10 5 6 7 6 9 1 1 7 10 0 2 5 7 7 1 3 2 9 8 4 9 9 3 3 1 3 4 10 3 6 3 1 3 9 4 9 3 5 2 3 7 5 9 3 9 7 7 9 5 7 4 8 4 1 5 5 9 5 4 10 2 5 3 10 5 3 9 1 8 8 4 1 5 1 3 2 2 8 7 9 8 5 6 9 3 10 7 10 3 5 7 8 5 5 8 2 5 9 4 9 8 9 9 7 10 8 6 6 3 10 10 3 9 8 10 5 7 9 2 2 1 5 3 1 3 1 5 4 5 8 9 1 6 4 6 4 2 4 6 10 3 9 10 10 6 10 9 1 2 2 4 8 10 9 4 10 8 4 2 4 3 9 2 4 7 5 3 9 10 2 9 6 7 8 6 4 5 2 7 6 5 2 5 8 9 6 10 4 5 8 8 3 1 2 10 5 9 1 7 6 8 9 1 5 7 3 2 5 6 1 2 7 9 4 7
10 10 5 7 2 9 2 6 2 1 6 4 7 3 8 6 3 6 5 2 3 7 9 9 4 3 1 9 8 3 8 4 1 3 7 7 5 2 10 10 1 7 5 7 6 0 9 1 10 9 6 6 5 8 2 8 5 4 5 2 5 3 2 9 4 3 10 10 5 10 7 9 10 1 8 1 6 3 1 10 3 10 6 3 7 3 2 2 8 10 5 7 3 8 7 6 6 5 5 8 9 5 5 4 6 1 2 1 3 5 8 10 9 4 8 1 2 8 7 2 2 7 1 4 4 1 4 8 7 5 6 5 5 2 2 2 7 10 8 10 3 1 9 8 1 2 7 8 2 7 5 9 3 2 5 5 8 9 8 4 2 3 1 4 3 8 5 9 10 6 4 8 7 10 4 9 5 3 4 5 5 10 4 6 8 7 2 6 3 8 6 10 5 7 1 3 10 1 3 4 4 3 5 4 5 3 4 9 6 4 7 7 3 9 2 4 8 6 4 1 9 3 5 10 9 4 4 8 1 10 10 9 1 1 5 3 3 10 7 5 9 10 9 2 6 7 2 4 1 5
10 9 4 3 2 7 7 5 4 3 7 8 7 1 8 3 6 4 9 6 5 9 4 2 7 6 7 3 3 3 1 7 1 4 3 2 6 8 3 3 6 9 9 1 3 8 0 2 1 6 9 9 7 7 4 4 6 1 9 6 5 3 7 10 2 7 9 7 9 4 1 1 5 6 1 3 1 8 4 2 2 5 4 5 7 3 5 7 4 7 1 2 2 10 2 2 4 10 9 5 8 10 4 10 3 2 8 1 8 1 3 2 4 6 3 7 10 6 5 3 3 9 7 4 7 10 1 9 8 6 9 10 2 1 3 1 8 10 7 5 4 8 2 4 10 8 9 4 8 1 10 9 10 8 3 10 10 7 2 2 10 6 4 10 3 5 5 4 4 9 4 8 7 8 10 8 9 3 9 9 6 6 9 4 10 8 3 1 2 7 7 7 2 7 5 9 10 2 9 4 4 5 2 7 1 5 3 6 7 7 10 1 10 6 8 2 10 2 6 7 3 7 4 1 1 1 3 2 10 4 8 5 3 3 9 8 7 1 5 8 10 10 4 10 4 7 6 6 3 7
9 5 2 2 4 1 3 10 2 2 7 2 6 8 5 9 10 2 4 5 10 6 9 4 6 6 8 3 3 6 2 2 4 10 9 4 1 6 5 2 2 10 3 10 5 1 1 0 9 1 2 2 9 7 7 7 6 5 4 7 6 10 3 3 9 1 4 4 1 6 9 10 7 2 8 7 6 1 2 1 3 4 10 1 8 9 3 1 2 5 2 1 1 5 8 9 7 8 7 7 6 9 9 9 9 8 10 3 9 7 5 1 10 3 8 8 4 7 8 4 9 6 1 8 4 2 8 1 1 3 8 7 6 9 5 8 3 6 9 10 5 9 8 7 9 7 5 9 1 8 3 10 10 5 9 5 9 2 2 8 4 8 2 3 1 5 5 9 7 7 4 4 4 2 9 1 5 8 9 5 4 4 3 4 9 6 7 9 6 5 4 8 4 1 6 1 8 6 4 10 4 3 7 8 3 9 6 3 5 4 9 2 6 8 2 5 1 9 7 1 5 6 6 1 3 1 4 9 6 10 2 10 4 5 4 4 9 3 2 5 8 9 2 2 2 2 1 2 8 4
2 2 6 4 4 7 4 10 2 1 3 9 1 5 7 7 8 8 9 6 3 7 1 3 6 8 2 5 8 3 6 6 6 8 9 6 8 7 8 8 7 2 1 4 7 9 6 6 0 10 5 10 8 5 1 1 10 9 4 8 3 1 3 9 8 4 8 4 1 4 10 1 4 4 1 10 7 9 1 6 10 9 4 4 8 10 5 3 6 8 2 10 6 2 1 3 7 4 5 6 10 4 10 3 3 9 7 1 7 2 10 6 6 7 10 8 3 7 3 7 9 8 7 4 1 8 1 5 5 6 8 1 2 4 1 3 6 8 2 4 6 5 3 9 10 10 10 5 4 5 2 1 5 10 5 8 7 1 4 10 8 4 9 7 2 10 4 3 6 2 6 7 2 6 4 2 1 3 5 8 8 7 5 4 6 10 4 2 1 6 4 7 2 8 5 2 1 3 4 1 2 8 4 5 5 7 10 4 4 1 5 6 5 6 7 7 3 2 8 3 5 5 8 10 2 6 8 9 6 2 4 2 6 6 3 9 6 2 7 9 4 10 8 3 1 9 4 9 1 4
2 4 7 8 6 5 9 1 1 8 3 7 10 10 10 10 2 3 2 1 3 6 9 10 2 10 4 8 3 10 8 7 9 5 10 10 1 7 8 9 10 2 8 4 10 10 1 10 7 0 7 8 6 2 1 10 3 9 3 10 8 6 9 10 9 9 7 1 1 7 3 2 7 5 9 3 6 9 5 9 7 3 7 3 6 7 9 8 3 3 10 6 7 9 2 10 2 7 3 8 1 8 10 8 7 6 7 3 1 5 6 5 9 7 8 8 4 8 4 9 8 7 8 10 2 9 5 10 4 5 7 9 9 9 6 6 10 6 2 9 7 9 1 2 10 4 3 7 7 6 1 4 2 7 10 8 8 5 7 7 1 9 5 6 3 7 9 3 2 9 7 10 4 3 8 6 9 4 7 6 7 10 6 1 8 9 4 10 1 4 9 10 3 4 1 5 6 10 3 7 3 7 8 9 3 3 9 1 9 8 7 1 2 4 3 3 8 1 6 3 5 2 8 2 2 9 7 8 1 8 2 8 3 3 1 2 9 8 6 4 10 6 6 9 3 3 8 7 1 2
10 8 10 10 9 5 5 2 6 10 8 5 10 7 6 1 10 1 2 1 10 8 10 1 2 8 8 7 3 1 3 3 5 7 9 10 6 6 7 5 3 3 10 2 10 10 1 10 2 6 0 3 3 10 4 7 9 8 9 8 3 7 7 1 10 3 3 8 6 3 7 10 6 8 4 4 6 6 4 6 8 1 8 7 10 8 7 10 10 9 6 8 6 1 9 7 1 6 8 7 2 1 8 7 6 7 6 10 7 1 7 1 9 6 10 2 7 1 1 3 5 7 7 9 5 2 8 8 5 1 2 8 4 3 8 3 5 3 1 1 9 3 4 1 4 3 10 3 2 3 8 9 10 5 10 4 3 2 1 2 10 8 3 7 7 3 8 2 7 8 10 6 6 9 4 8 3 9 4 10 6 9 2 7 1 4 7 10 5 3 6 8 1 7 8 5 10 6 8 7 2 5 3 7 10 1 5 3 4 1 1 3 1 2 8 9 2 9 3 9 1 7 10 5 6 8 7 4 3 1 3 3 9 4 2 4 2 6 1 5 8 8 6 7 9 1 2 7 3 6
1 10 1 6 8 8 5 8 1 5 5 10 10 4 1 10 8 8 4 9 5 1 9 10 9 4 7 1 8 3 9 1 3 8 10 4 4 7 2 4 8 4 5 4 3 10 7 6 7 3 3 0 3 8 6 8 7 10 8 1 6 7 7 5 5 8 2 8 7 3 1 6 9 7 7 2 2 3 8 3 9 2 9 10 4 5 9 4 5 8 1 4 3 10 6 4 2 8 5 3 1 6 10 2 9 6 7 8 6 7 1 7 10 8 2 1 8 10 1 4 2 10 7 2 9 5 3 10 2 4 5 2 5 7 7 6 5 5 1 8 3 6 4 1 6 8 1 3 3 4 10 8 6 5 3 9 6 1 6 5 10 4 5 5 4 10 8 3 8 1 3 2 2 10 1 6 10 10 10 10 8 7 7 7 4 7 3 4 9 2 3 6 5 7 4 2 10 1 10 1 2 1 9 7 1 3 7 4 2 2 4 1 2 6 9 3 1 3 4 1 2 6 7 1 1 1 2 8 2 9 6 3 9 5 10 8 10 7 8 10 7 8 7 6 5 10 9 2 6 8
10 5 3 3 7 8 4 6 4 6 3 10 6 6 9 9 10 10 7 7 3 3 7 8 5 6 1 8 6 4 7 8 5 7 7 1 5 9 10 2 1 3 2 6 1 9 6 6 6 8 2 10 0 7 9 3 10 4 8 5 4 7 5 6 3 10 10 8 8 6 1 3 1 9 6 1 10 3 4 9 8 7 5 6 9 2 4 2 5 1 4 7 1 3 6 3 5 10 6 6 3 4 6 9 2 8 2 5 5 10 7 2 3 10 9 4 10 3 4 10 1 5 6 8 5 8 4 1 7 9 6 7 2 6 1 4 4 10 3 10 9 3 4 2 1 2 8 6 3 3 2 7 8 2 7 2 1 1 10 10 8 2 7 5 3 7 6 5 5 2 8 10 8 3 1 2 4 4 3 5 8 1 6 2 10 1 3 1 6 3 10 4 10 3 8 9 10 6 7 8 6 4 10 5 1 8 1 7 10 7 4 1 5 6 4 10 8 2 4 1 1 3 9 2 6 4 1 7 2 1 1 2 1 7 2 9 2 4 1 6 1 1 2 4 6 7 4 10 1 10
6 7 4 1 4 1 7 6 10 1 4 4 5 8 9 3 8 9 5 10 2 5 3 6 7 5 2 9 8 9 6 6 3 8 5 4 7 3 8 9 10 5 7 1 8 10 2 9 2 7 8 1 3 0 1 2 2 3 1 4 6 3 6 9 8 10 7 7 2 7 3 7 4 7 10 1 10 3 2 3 3 8 6 10 8 10 10 8 6 6 10 2 1 5 4 6 8 4 4 2 4 10 2 8 2 6 9 8 3 5 8 8 3 10 5 1 10 6 7 8 5 10 5 6 10 9 6 1 7 8 5 5 1 8 7 2 2 3 5 9 8 6 8 8 9 7 10 7 4 1 2 6 6 10 3 3 2 2 1 5 5 7 2 2 3 4 2 1 9 4 2 9 5 2 4 7 2 2 4 7 1 3 5 10 2 2 9 8 9 6 2 6 2 1 4 2 7 6 10 2 4 3 7 1 6 1 1 7 6 3 2 1 6 9 1 6 4 8 4 2 4 1 6 7 7 2 5 5 7 4 6 10 8 6 7 2 10 8 9 4 2 6 3 10 10 2 10 3 4 7
10 5 5 6 6 1 2 6 6 10 5 5 10 3 10 10 3 2 4 1 1 5 10 1 9 5 3 3 1 4 10 7 2 2 9 3 7 5 1 3 4 8 1 9 10 9 6 10 5 2 9 7 8 4 0 1 1 2 4 8 5 7 5 10 10 9 1 8 2 8 6 6 9 1 2 6 5 6 7 3 2 2 7 4 8 2 5 7 7 9 2 6 5 5 2 3 2 3 3 2 7 8 9 6 6 7 7 9 5 3 7 7 3 2 7 2 4 7 4 5 6 8 7 3 7 2 10 4 3 10 8 8 9 5 7 3 7 10 6 3 3 5 3 1 1 4 8 1 8 1 2 10 5 3 4 6 1 4 5 10 2 9 6 7 1 7 6 4 5 8 9 8 8 1 8 6 10 7 10 3 2 6 4 1 2 1 8 4 9 6 10 8 4 8 2 8 5 8 7 3 2 4 6 10 4 6 3 6 2 5 9 2 10 9 3 7 9 10 10 7 7 6 5 10 10 1 2 8 1 3 4 3 10 10 4 8 8 5 1 8 9 2 5 1 2 3 10 4 9 9
2 1 2 8 5 7 4 8 1 6 8 3 8 2 3 1 1 7 3 2 7 2 10 10 9 7 7 6 2 10 10 1 7 8 10 2 10 1 7 2 1 5 2 9 3 10 9 7 4 5 6 8 4 8 3 0 6 3 3 10 2 4 9 8 3 5 10 8 1 8 3 1 7 1 8 2 6 2 1 3 4 6 5 9 5 3 2 3 3 3 10 6 3 1 1 1 8 9 6 2 8 9 3 9 6 8 9 8 7 5 10 5 3 4 7 9 5 8 7 9 2 3 2 4 2 10 10 5 2 3 9 3 8 10 8 8 1 9 3 6 10 8 1 8 9 5 7 4 2 9 2 5 4 3 3 4 8 6 4 4 9 6 1 7 1 10 1 4 2 3 2 5 2 9 2 8 4 2 10 8 6 6 8 1 2 3 7 1 10 9 10 7 8 3 7 4 4 10 6 9 8 8 1 5 7 4 5 5 2 5 6 10 5 6 1 4 1 10 9 4 1 10 1 6 3 9 4 8 1 3 8 9 5 3 9 2 3 9 1 1 3 8 5 7 9 7 7 3 4 1
7 8 10 6 1 6 6 10 6 6 2 9 7 4 1 3 3 3 8 1 6 3 7 5 1 3 8 5 4 9 8 6 8 1 10 9 4 6 5 9 8 9 10 2 2 9 4 1 10 3 7 9 3 7 4 3 0 4 2 9 7 8 7 9 3 6 9 4 10 9 1 5 7 2 9 10 9 3 1 1 4 1 3 3 10 4 5 2 7 10 6 7 9 7 6 5 2 6 4 8 8 8 9 5 3 10 5 5 2 7 6 6 6 8 4 6 9 10 7 9 4 1 4 9 1 8 7 2 8 3 4 10 3 2 3 8 1 2 1 9 4 8 3 10 10 5 9 10 5 1 7 9 7 8 6 8 5 3 3 9 3 1 4 4 9 7 8 1 10 10 2 1 9 3 9 2 3 8 10 3 4 3 6 10 7 4 4 6 10 9 7 7 4 2 2 7 4 10 4 2 3 4 10 7 3 7 4 4 1 8 2 1 9 4 6 4 2 3 10 4 8 8 10 7 1 6 9 3 9 7 6 6 1 6 6 1 9 6 10 8 8 5 9 8 2 8 10 2 5 5
5 1 4 4 10 9 1 2 5 10 2 1 5 8 2 5 1 5 5 8 5 5 5 10 3 5 4 2 6 3 1 10 9 4 10 6 5 9 8 6 10 10 5 1 2 6 7 10 3 10 10 2 5 6 6 3 10 0 6 6 5 6 1 8 6 1 4 4 3 5 9 3 2 10 3 3 3 10 5 10 7 9 4 9 1 5 2 1 10 2 3 3 10 7 3 7 3 7 5 6 2 4 9 3 1 3 9 7 5 3 9 4 4 4 7 7 10 9 6 10 4 8 6 1 4 9 6 4 4 1 5 9 9 6 9 6 3 5 4 9 5 1 1 8 2 2 1 8 9 9 4 1 8 6 1 9 9 10 9 3 8 10 1 6 8 5 1 6 6 5 3 1 4 8 9 7 8 3 6 10 1 5 9 1 6 5 4 10 3 2 6 8 7 10 2 2 9 7 9 3 7 6 8 5 5 8 8 1 6 9 2 4 5 5 8 9 2 5 8 5 4 3 3 8 1 4 2 2 4 7 1 7 4 2 4 5 7 9 9 9 5 6 6 9 5 4 2 9 7 1
9 7 4 4 8 6 1 10 4 5 9 6 7 5 5 8 4 4 10 6 10 7 8 5 5 6 10 1 4 1 1 8 4 9 4 5 1 7 6 2 7 10 7 10 4 10 8 5 3 7 9 5 2 1 2 8 8 9 0 1 7 10 4 3 8 4 10 10 2 10 3 4 3 7 9 1 7 9 7 2 10 5 7 6 9 3 3 10 2 7 8 5 3 6 3 6 1 1 5 2 2 7 10 10 4 10 6 2 4 6 7 4 4 10 3 9 3 7 6 6 4 1 2 1 4 3 9 8 1 8 4 2 4 4 6 5 10 4 9 5 8 4 3 3 10 7 1 7 4 6 6 2 10 10 6 8 9 5 5 4 1 9 7 9 3 9 9 1 4 8 9 4 2 7 1 10 3 1 6 6 4 9 7 3 5 1 10 7 10 1 2 4 1 8 7 7 1 10 7 8 10 2 7 4 4 3 6 3 2 8 5 5 7 10 9 5 9 10 10 10 8 10 10 9 8 5 10 4 1 8 2 7 7 9 2 5 1 7 2 4 10 9 9 2 9 10 7 1 5 6
5 7 8 3 3 7 2 7 1 5 6 1 9 8 8 2 3 8 7 8 8 5 3 8 6 2 6 10 4 6 4 9 2 2 5 2 6 8 8 4 1 7 9 10 10 2 3 2 4 4 4 5 7 9 4 9 7 10 8 0 1 5 1 9 7 2 4 8 4 1 6 3 10 3 6 8 7 9 9 2 4 2 3 8 5 9 6 2 5 5 6 10 7 8 9 5 7 4 10 5 1 3 1 4 2 9 7 3 2 1 8 2 5 1 6 10 7 5 7 4 5 4 9 8 10 9 2 10 4 9 2 7 6 2 10 1 6 4 7 2 10 8 8 2 9 1 9 5 10 9 8 2 9 5 7 6 3 3 9 4 7 10 1 5 3 3 2 5 5 8 10 7 3 8 2 7 6 3 2 10 4 6 6 9 7 1 10 6 6 2 2 4 10 1 9 8 8 6 6 2 4 1 5 6 1 2 9 5 5 7 2 7 5 2 4 1 2 6 10 1 1 10 3 4 4 6 6 2 8 6 6 3 5 5 2 4 3 8 4 10 8 4 2 1 5 4 8 2 1 7
7 6 3 5 5 7 8 1 7 1 1 4 3 3 3 2 1 6 10 4 5 1 2 3 4 1 3 7 9 5 5 6 4 2 6 10 4 3 7 4 2 2 10 5 6 10 1 2 10 4 6 8 2 2 8 1 6 5 10 2 0 8 7 7 1 2 8 8 4 9 1 3 7 1 5 1 3 9 6 3 9 4 8 7 9 7 7 9 9 1 4 2 9 2 10 1 5 7 7 1 8 2 7 4 9 6 9 10 2 8 8 6 5 4 9 6 9 10 8 10 3 7 10 8 5 8 1 4 4 1 6 4 5 5 9 2 2 9 1 1 9 4 1 3 1 2 10 1 5 5 7 6 6 4 4 3 6 3 6 5 5 10 5 7 1 9 2 2 7 3 6 3 8 1 5 5 9 6 10 10 8 6 7 5 10 3 5 3 6 2 1 10 1 3 3 5 6 9 4 2 1 7 3 7 8 7 5 10 2 5 1 3 2 4 1 6 5 5 4 10 5 8 5 4 1 1 8 6 3 6 5 2 9 10 4 1 6 5 7 2 8 2 7 7 8 8 10 7 5 2
3 9 10 1 3 6 1 8 3 2 3 1 3 8 9 3 4 1 7 10 5 1 4 10 8 7 4 5 8 10 5 2 10 4 6 4 5 8 9 2 6 2 10 10 4 10 8 6 1 1 3 7 6 10 4 4 7 2 4 1 7 0 1 9 10 10 2 5 2 2 8 8 5 1 2 1 5 10 2 4 4 7 2 10 1 9 9 7 1 2 10 7 4 2 1 5 1 8 6 7 10 8 5 5 8 6 3 10 4 6 2 8 9 10 9 3 5 2 1 4 4 4 3 7 2 7 2 9 2 1 4 8 1 1 7 4 6 4 10 5 10 9 7 6 9 8 1 1 5 8 9 10 2 7 4 10 9 7 4 7 9 4 2 10 10 3 4 1 6 9 9 10 10 8 5 1 8 1 1 10 4 8 3 4 8 10 1 9 7 2 5 2 3 10 10 10 9 3 9 7 4 3 4 2 1 8 5 6 3 9 4 9 8 3 3 5 1 1 2 9 9 3 5 10 6 5 9 4 5 9 5 4 2 8 7 9 3 1 7 3 7 9 10 8 3 6 1 10 4 6
8 7 8 2 7 7 2 1 4 1 3 2 4 9 5 8 7 8 10 6 9 9 1 6 10 2 9 2 9 7 2 9 3 9 4 1 10 1 2 9 9 8 6 1 2 8 4 4 9 3 5 7 3 5 8 9 7 2 3 2 6 5 0 9 2 2 7 6 10 10 8 6 2 4 9 5 5 3 9 3 7 10 7 10 4 10 10 3 1 1 5 9 5 8 3 3 1 3 10 1 2 4 8 4 10 4 4 1 9 5 2 6 3 9 7 1 10 6 9 1 2 4 8 3 8 5 1 1 4 5 10 1 10 10 4 5 5 3 5 1 10 6 7 8 1 6 5 7 10 3 2 7 5 9 4 9 9 8 2 3 4 8 1 2 5 4 4 1 2 9 1 4 2 7 3 7 1 7 10 3 6 8 1 5 3 4 2 8 10 1 8 1 4 9 6 7 7 4 1 3 7 3 9 6 10 6 10 7 2 10 8 2 8 10 1 5 3 1 7 1 1 7 7 4 8 1 7 2 1 6 7 10 4 8 9 10 5 1 6 6 8 9 8 4 8 4 1 5 7 10
2 5 7 4 10 6 2 3 6 8 5 7 10 3 4 2 5 5 7 9 3 1 4 7 4 8 2 9 6 8 1 2 9 7 7 10 3 7 8 7 8 2 10 6 5 3 6 8 10 8 5 5 5 10 6 9 5 3 10 10 10 2 5 0 9 5 5 10 9 7 4 2 1 1 6 7 2 3 6 10 3 1 2 5 6 9 9 10 4 6 10 1 5 2 1 9 4 7 5 9 6 5 9 6 5 6 8 3 1 1 9 10 4 1 7 7 7 7 3 9 6 1 9 4 10 7 6 10 3 8 3 5 9 8 5 1 2 4 10 3 6 1 3 5 3 4 7 9 6 1 10 5 9 2 1 10 2 8 4 2 9 9 4 7 1 3 9 6 10 6 6 7 6 4 7 4 2 1 9 4 1 7 4 2 6 3 5 4 10 4 10 3 2 4 4 9 7 10 8 9 4 4 8 3 6 10 7 10 10 7 6 1 5 2 3 7 5 3 1 10 3 3 2 9 10 2 9 9 6 3 1 5 5 4 5 1 5 6 2 4 3 4 1 10 2 5 6 3 5 6
5 4 9 6 9 8 5 1 1 10 1 1 1 4 4 3 5 10 10 4 9 3 8 10 5 9 4 10 9 1 10 7 1 2 2 7 5 4 8 8 2 4 5 3 10 10 3 8 8 3 5 9 5 3 7 8 8 1 9 4 1 7 5 1 0 4 6 8 9 5 10 1 7 7 5 10 6 1 5 4 7 3 8 6 10 3 9 3 7 4 5 6 5 9 3 5 4 1 3 3 8 4 7 7 9 3 4 2 1 3 2 9 4 3 5 7 1 3 4 10 7 1 4 4 6 6 1 1 8 7 3 10 1 10 8 2 9 2 9 10 7 4 2 2 7 3 5 5 10 7 3 3 4 6 4 10 7 5 2 6 7 3 8 6 6 10 5 7 2 8 4 6 8 3 10 6 10 6 7 1 8 5 3 5 2 9 1 3 10 8 6 5 2 3 1 1 9 8 2 4 4 3 10 2 5 6 5 5 5 8 3 10 3 6 7 6 7 8 10 3 1 1 10 9 9 5 4 5 9 3 2 9 6 9 7 4 6 5 4 1 10 2 10 3 1 1 8 5 3 10
2 2 10 3 5 1 7 1 2 4 9 1 6 3 4 1 3 6 10 9 2 3 7 7 1 1 4 8 10 10 2 6 5 3 10 8 9 2 8 7 9 5 3 4 5 9 3 9 2 7 5 9 1 9 10 8 8 3 8 10 10 10 1 9 7 0 3 3 5 1 5 9 10 5 9 7 9 3 6 9 9 5 6 5 7 2 4 4 7 10 3 2 5 9 1 1 2 9 3 5 10 5 1 10 3 3 5 4 5 6 3 3 3 4 9 4 3 7 3 2 2 7 5 1 2 10 1 6 5 5 5 5 7 5 7 9 9 3 1 4 2 1 3 10 10 5 8 3 3 6 7 2 6 5 2 5 10 8 8 9 6 3 3 8 7 6 5 7 9 1 4 4 5 3 7 2 9 1 6 2 6 1 1 7 8 7 1 10 5 6 3 10 7 3 2 1 7 8 3 5 7 2 3 6 5 6 8 2 9 4 3 10 5 8 1 10 7 5 5 1 3 1 4 2 8 2 3 6 8 1 4 10 4 1 5 3 9 10 1 2 7 1 4 1 4 8 2 10 4 10
9 1 2 4 5 2 4 4 10 8 3 1 3 9 3 8 2 3 6 5 3 1 4 10 1 2 2 9 3 5 4 10 7 8 5 7 1 7 6 8 9 7 9 1 1 2 5 5 9 8 1 5 6 3 3 6 2 9 2 6 3 7 8 6 3 10 0 2 5 5 9 7 7 6 2 5 7 10 1 4 8 8 10 2 3 9 8 8 3 8 4 6 4 8 8 9 3 2 8 10 3 6 5 7 7 6 6 7 8 8 1 8 3 9 9 5 2 8 8 6 8 3 9 2 7 7 2 6 1 7 2 3 9 1 6 6 5 3 3 2 6 2 4 1 9 9 1 6 7 4 8 9 1 7 10 8 5 10 7 7 9 4 1 9 2 1 8 5 6 9 7 1 8 6 2 4 6 3 7 3 5 9 7 2 7 8 1 10 10 4 8 10 7 10 9 4 10 8 8 1 7 4 5 3 1 7 2 8 6 9 3 6 1 7 5 4 5 1 5 2 6 9 9 4 7 1 7 9 4 5 6 6 8 5 2 4 6 10 8 2 2 6 9 3 10 3 7 3 7 6
3 7 5 9 3 4 9 10 5 5 4 8 9 1 3 7 6 9 3 10 5 8 9 5 10 1 8 1 9 2 3 5 10 8 7 1 9 3 10 8 1 10 5 7 1 6 6 2 3 3 7 8 3 2 6 4 5 8 8 6 9 1 1 8 4 3 9 0 7 9 7 5 10 10 3 7 3 5 9 8 1 6 3 4 9 5 2 5 1 6 7 3 7 2 9 6 4 1 9 9 5 2 5 8 2 7 8 10 10 7 4 1 2 5 5 9 10 7 8 10 4 10 9 8 7 9 4 7 2 6 2 1 5 6 7 10 10 4 2 3 10 1 7 5 1 5 8 3 4 1 4 1 9 3 4 7 9 2 6 7 7 10 9 5 7 7 3 4 7 5 8 9 9 2 3 6 3 4 10 10 5 9 2 9 2 10 2 7 6 5 8 3 9 9 8 7 7 3 2 5 10 7 4 8 7 5 6 1 2 8 5 3 6 7 9 2 6 1 1 5 6 10 10 4 7 10 6 5 1 8 7 4 5 4 7 7 3 6 6 9 10 8 4 1 3 7 8 4 3 10
6 9 6 10 10 10 8 10 7 6 4 10 8 7 10 6 5 9 5 9 6 1 8 8 7 10 1 7 3 3 10 5 3 6 5 7 9 4 6 9 4 6 6 10 5 6 7 5 7 7 3 10 9 3 2 8 10 2 6 9 9 7 3 8 4 3 3 5 0 5 7 1 4 3 3 10 8 6 3 7 6 10 9 10 4 6 10 8 2 5 4 8 2 2 3 8 2 8 4 9 5 7 3 2 2 4 7 4 5 3 10 1 6 6 3 6 3 6 6 7 9 1 1 9 7 6 7 4 5 6 5 5 8 5 8 1 9 10 9 1 1 4 3 5 7 9 6 9 2 3 1 10 9 5 5 6 10 4 7 10 5 1 7 7 4 8 1 4 6 3 4 7 3 3 2 5 9 5 5 7 2 9 3 6 3 4 9 1 1 6 1 4 2 5 4 7 6 2 9 4 7 10 3 4 4 3 8 4 5 8 3 4 8 8 2 4 6 5 2 1 6 8 3 2 3 3 9 9 3 9 2 7 10 3 6 9 2 8 7 10 6 1 8 8 7 7 2 4 5 8
10 10 9 10 2 8 1 5 1 3 5 9 6 2 3 8 3 9 7 5 7 3 8 3 3 6 8 1 8 1 1 8 1 2 3 10 9 8 2 3 1 2 10 6 7 2 10 5 5 6 2 10 7 5 9 3 6 9 10 1 6 9 1 8 9 3 5 3 4 0 6 8 4 7 2 7 5 4 6 9 9 7 3 4 2 5 6 4 3 4 5 5 10 8 2 6 5 8 10 1 4 10 8 10 5 4 3 3 6 3 5 3 2 2 3 9 7 10 1 1 6 3 4 5 7 2 1 4 10 6 7 10 7 7 6 3 5 6 1 10 7 9 3 8 4 3 3 2 6 7 1 8 5 8 6 3 8 3 1 7 9 9 4 1 3 4 1 2 3 8 4 1 3 1 10 9 9 4 1 3 1 6 3 6 4 8 10 7 6 8 2 5 8 4 5 7 4 9 7 4 2 9 7 2 1 9 8 4 1 7 1 10 7 8 4 7 9 10 1 10 8 4 2 8 8 7 2 2 3 7 7 6 5 2 3 1 4 8 3 6 5 3 1 4 8 9 2 3 10 2
2 6 9 3 2 10 1 1 2 3 3 10 7 2 5 4 1 10 1 10 1 10 1 9 7 7 7 9 4 2 8 3 10 8 6 2 8 6 8 6 8 6 5 1 4 8 8 7 3 5 3 9 7 10 3 1 8 2 1 4 9 5 3 10 7 6 4 6 7 8 0 3 8 2 2 1 2 2 2 4 8 9 4 7 8 8 3 2 10 7 3 7 6 9 8 4 7 10 9 1 4 1 8 3 7 10 4 6 2 5 5 2 10 8 2 9 9 4 1 1 1 5 8 4 1 5 7 7 8 4 9 1 10 6 8 7 4 3 4 10 7 3 2 3 10 5 7 3 8 9 8 3 10 2 10 6 5 7 5 2 9 10 5 8 8 1 9 4 3 10 1 3 5 3 5 3 4 3 9 9 10 9 10 5 7 6 8 7 6 4 6 3 9 3 9 10 9 8 10 6 4 3 2 9 2 10 4 4 4 2 3 10 3 3 4 5 4 2 2 5 6 1 9 1 4 5 6 8 8 1 2 9 8 7 5 8 7 7 8 7 10 4 3 5 7 1 8 2 5 3
3 8 3 5 5 6 3 8 2 10 5 1 2 4 4 9 7 4 5 6 5 8 1 2 10 7 1 10 8 7 6 1 9 5 10 7 5 5 6 8 3 3 6 8 8 6 7 10 8 10 1 7 2 5 9 3 5 1 9 1 3 9 10 3 9 3 1 2 5 3 7 0 4 8 4 3 4 5 3 5 10 7 7 8 10 1 7 4 4 7 5 4 10 9 2 4 3 2 2 1 5 8 1 6 7 10 9 10 10 1 2 10 6 8 4 2 2 10 5 7 3 9 1 1 2 7 9 4 10 2 5 8 1 3 6 2 6 6 1 6 9 6 6 1 6 8 4 1 4 2 9 8 7 10 4 9 6 2 6 8 4 3 1 5 2 6 8 3 3 10 4 10 9 1 10 4 8 8 8 7 9 2 6 8 10 4 4 8 6 10 5 8 3 7 2 1 4 8 6 9 1 4 3 5 4 3 5 3 6 2 2 1 7 10 9 7 4 1 4 3 1 5 10 6 3 8 1 2 2 4 10 7 4 3 4 5 6 10 6 5 9 7 5 7 6 10 7 1 5 4
3 7 3 5 3 10 8 2 2 2 7 2 4 10 5 3 9 3 6 9 1 7 4 6 2 7 7 3 2 10 2 10 1 2 6 8 3 2 5 2 10 6 3 10 9 6 3 8 7 2 2 5 8 10 7 4 9 8 10 5 3 1 7 10 5 9 6 3 10 5 6 3 0 2 10 10 6 4 2 7 1 10 10 10 1 4 10 5 8 3 7 2 4 4 9 5 5 7 1 4 7 8 7 5 7 6 5 8 2 8 7 3 1 8 5 10 9 4 8 1 10 8 6 4 6 3 6 10 2 2 6 4 8 10 7 1 10 4 10 4 1 5 5 1 10 2 4 2 1 6 9 7 10 7 3 4 6 2 4 3 7 2 10 5 4 5 3 4 7 3 2 1 7 9 2 9 1 8 10 1 1 3 9 10 3 4 6 10 7 10 4 1 4 9 6 6 8 10 3 6 3 8 2 10 9 5 1 3 6 7 6 6 8 1 3 7 8 8 5 7 2 1 10 10 4 8 10 7 4 10 5 1 3 2 6 1 1 5 5 5 8 4 4 6 7 9 4 4 2 9
4 8 5 7 2 1 10 3 6 9 6 6 10 3 6 7 8 2 9 9 4 2 1 2 2 3 1 7 4 9 3 3 10 7 2 9 1 8 4 3 6 3 3 4 7 5 2 1 8 1 8 8 9 5 1 4 7 9 7 5 10 1 2 8 8 7 4 8 2 2 5 1 8 0 5 6 1 2 3 1 8 3 7 9 8 10 7 8 1 9 6 7 4 3 5 3 3 9 10 6 1 2 2 6 3 2 1 4 9 3 7 5 6 4 6 8 9 9 9 1 4 6 10 10 8 1 3 5 2 8 3 7 1 2 5 6 1 9 1 4 8 7 3 10 5 7 1 2 7 8 4 1 4 7 4 8 1 1 10 6 8 8 2 4 3 2 8 10 1 6 4 4 5 8 2 4 3 7 3 9 5 4 3 3 3 5 6 10 8 10 1 1 1 3 8 3 5 1 9 6 5 10 9 2 2 10 10 4 8 4 7 1 5 6 5 3 6 10 10 9 5 7 4 2 5 1 3 5 1 5 7 5 6 1 4 10 8 7 7 9 4 5 4 2 1 4 9 2 8 2
6 1 3 7 3 8 4 3 10 2 10 5 1 3 5 5 6 9 2 6 9 3 8 4 4 4 2 4 3 3 2 4 9 2 7 5 3 5 4 2 7 10 4 1 9 5 8 3 9 8 6 4 2 7 2 2 5 3 6 6 4 3 1 8 3 7 6 7 10 8 10 6 1 2 0 5 3 5 4 5 5 6 5 5 8 5 5 5 10 7 8 10 5 7 10 8 5 3 5 4 2 8 7 9 7 9 8 9 7 1 8 4 1 4 6 7 5 6 5 9 3 1 7 10 3 9 4 10 3 8 2 1 7 1 5 4 6 8 9 4 8 4 6 5 3 6 8 4 4 6 8 5 9 7 7 10 6 8 2 5 6 1 10 3 10 1 6 6 7 6 1 7 9 2 8 9 4 5 1 5 2 2 4 1 5 1 4 1 10 8 1 4 9 1 3 5 5 6 4 3 8 2 2 8 2 1 1 5 3 6 3 5 8 1 10 8 4 5 7 9 10 9 8 2 7 1 10 5 10 5 9 7 5 6 4 5 7 9 9 7 6 1 7 8 5 4 9 8 7 9
4 5 7 5 5 3 8 3 7 7 7 4 1 9 8 7 4 2 5 4 4 7 6 1 2 3 8 9 4 4 7 10 2 8 3 3 10 9 7 1 5 3 1 4 4 3 7 2 6 5 6 6 6 7 1 10 5 8 4 5 3 1 6 7 8 4 4 9 7 10 8 2 4 4 7 0 7 6 1 10 3 5 1 2 7 5 4 7 9 5 6 6 8 4 10 9 10 2 2 1 7 8 8 2 4 1 7 10 3 9 6 1 10 8 6 6 1 4 10 10 7 6 9 8 9 8 5 4 8 7 6 9 5 3 8 8 10 4 8 3 10 1 2 1 4 10 5 8 2 9 4 7 1 4 2 3 6 5 6 8 1 1 6 1 8 5 6 10 10 7 4 1 1 9 1 7 7 2 4 5 3 5 4 7 1 1 10 4 7 5 2 9 3 8 7 8 1 4 4 1 9 4 6 3 9 8 10 9 10 8 8 6 7 9 7 4 2 9 8 7 6 10 7 6 6 5 3 9 4 1 1 3 10 6 3 10 9 7 5 1 5 5 4 10 6 9 8 7 2 5
4 9 8 7 8 10 1 6 10 8 9 5 10 1 8 5 6 5 8 5 1 9 8 7 6 1 10 3 7 7 2 7 9 8 8 7 5 2 2 6 5 8 1 5 10 6 9 9 5 5 9 7 1 5 1 6 2 3 2 1 10 9 1 7 2 1 6 4 3 4 2 9 6 8 10 2 0 9 6 6 10 7 8 6 4 9 10 5 2 5 4 8 3 4 1 1 6 6 4 7 1 1 5 9 9 6 6 1 9 10 10 3 2 6 6 4 5 3 8 1 1 6 3 10 9 7 7 2 7 4 1 3 3 8 1 9 4 8 2 10 3 9 3 4 1 8 1 7 3 1 2 8 5 1 4 7 1 7 10 2 2 5 2 7 2 2 2 6 7 2 10 3 6 3 3 5 4 2 10 5 8 4 7 8 9 4 9 5 5 4 2 8 6 10 2 6 9 6 1 4 6 10 1 10 3 5 2 8 6 9 8 5 9 3 10 6 7 1 10 5 6 8 8 1 10 3 9 4 9 5 4 5 1 7 3 8 8 4 7 10 6 6 8 7 6 8 1 6 7 7
3 9 1 2 3 6 5 8 4 7 4 7 4 7 6 7 7 7 8 7 10 8 9 6 5 1 1 9 9 1 5 5 1 5 7 1 3 7 7 2 8 5 1 10 8 3 7 4 1 7 4 4 10 8 7 1 6 4 10 1 3 1 4 9 7 4 5 9 1 8 10 9 5 6 5 7 9 0 7 7 10 1 5 5 8 9 8 6 3 7 7 4 5 10 7 10 5 1 8 9 2 2 7 5 7 2 6 8 9 4 6 9 3 1 6 6 2 6 7 5 9 7 8 6 5 1 8 9 6 4 8 5 5 7 6 7 1 4 4 3 7 2 2 3 3 9 9 3 10 1 5 6 3 9 2 6 9 3 9 5 2 5 7 2 6 1 8 10 1 8 5 2 4 3 9 5 7 7 8 9 6 7 8 6 9 2 10 8 7 4 8 2 9 2 10 7 10 3 3 8 10 6 8 10 7 4 6 1 8 10 8 6 3 1 2 5 10 10 10 6 6 4 6 7 10 8 6 9 1 9 5 10 3 2 3 8 9 10 5 3 8 5 5 2 3 7 1 4 1 8
7 4 10 9 4 4 5 8 7 4 10 5 6 4 1 7 6 2 6 3 1 7 5 5 3 9 10 2 2 4 8 1 10 5 8 10 1 1 8 9 10 8 10 5 2 5 9 6 10 1 3 9 3 6 8 5 5 3 10 5 5 9 4 5 5 6 10 3 8 3 3 2 5 6 9 10 4 4 0 7 1 7 7 8 10 7 6 3 8 4 8 4 7 4 2 9 3 10 2 8 10 9 3 5 3 6 6 8 2 5 7 3 2 5 6 6 8 4 1 6 6 4 5 3 9 9 3 3 8 2 6 10 3 8 6 5 2 4 1 10 3 2 10 7 5 3 9 10 6 9 7 2 10 7 10 8 8 4 9 6 1 3 7 4 5 6 2 4 4 9 6 8 3 10 6 4 5 4 6 1 6 10 2 1 2 10 10 5 1 7 4 3 10 1 1 4 9 9 5 5 6 4 5 1 10 7 8 8 4 8 8 3 7 5 2 2 7 7 8 1 2 10 9 1 4 4 3 5 2 8 1 9 8 8 8 5 10 9 8 3 7 4 8 8 1 1 3 5 7 10
10 2 9 8 1 2 9 5 10 8 3 6 6 3 5 5 2 6 4 6 10 10 5 9 2 3 7 4 3 7 6 4 7 2 7 10 6 4 1 3 5 6 8 10 8 3 9 10 3 8 6 4 9 7 8 5 7 3 9 8 6 2 3 3 9 6 5 4 5 6 3 4 6 9 6 4 10 1 9 0 8 6 2 1 6 3 8 1 2 8 1 2 6 1 10 9 2 2 4 2 8 7 3 7 4 2 7 7 5 9 1 6 2 10 2 3 8 4 2 3 1 7 3 9 9 2 9 8 1 4 8 9 7 6 2 8 6 5 2 2 4 4 6 3 6 6 10 9 8 5 8 8 9 10 10 6 3 1 10 6 6 9 2 3 7 6 5 7 4 5 3 6 10 3 7 8 6 9 7 7 4 10 6 8 3 6 8 5 4 4 2 6 1 2 1 6 4 1 1 7 9 9 1 8 7 1 8 5 10 1 7 10 8 4 2 5 8 1 6 5 2 6 2 3 9 1 10 6 4 7 9 1 1 3 7 9 1 2 5 9 3 9 3 7 6 9 2 4 8 9
7 4 7 5 5 9 3 3 8 2 4 1 6 10 6 2 1 7 4 10 8 1 2 2 2 2 8 2 1 7 8 2 2 7 8 7 8 1 7 3 5 1 10 3 8 8 3 4 8 8 10 5 8 6 5 5 5 9 6 9 2 9 9 9 7 3 1 3 2 7 4 2 10 10 7 2 10 8 6 2 0 7 7 6 2 10 7 3 3 3 2 5 10 7 10 8 3 9 4 8 4 2 9 7 3 6 6 10 1 4 1 2 4 4 10 2 7 1 6 10 10 3 7 4 6 4 2 1 7 6 10 1 10 7 6 4 1 7 5 4 4 8 10 2 1 5 2 5 3 9 6 6 4 5 5 1 1 1 9 3 1 8 8 2 5 4 7 2 7 10 6 8 4 9 4 2 8 5 8 3 5 8 7 6 10 6 6 7 4 10 2 7 2 7 4 8 4 3 7 9 4 9 9 5 2 1 8 2 8 9 8 9 8 9 8 3 1 8 7 10 6 1 2 5 8 8 5 3 1 4 10 10 2 5 2 1 4 1 9 2 2 9 7 6 5 7 8 4 8 9
4 7 2 3 8 6 2 4 5 4 8 3 3 4 1 2 4 4 8 3 3 1 9 10 7 7 2 9 9 4 6 5 2 6 4 8 2 7 7 3 3 9 9 7 7 9 4 4 6 7 10 1 1 2 9 1 10 5 5 8 2 6 3 2 10 10 4 5 4 7 9 3 2 3 1 8 4 6 10 1 5 0 8 3 10 4 5 3 9 10 9 8 2 3 10 7 5 4 5 3 2 2 6 4 6 9 3 1 5 8 4 3 7 5 9 2 8 3 6 3 9 3 5 6 9 3 6 2 1 2 7 4 7 4 1 5 9 1 2 9 5 8 9 2 1 7 2 6 4 7 6 2 2 7 3 6 9 1 9 1 3 2 3 9 3 9 4 10 5 7 1 3 8 10 9 6 2 8 9 2 1 6 7 9 3 6 3 9 8 7 6 4 3 7 1 4 7 1 4 8 9 10 7 8 3 10 8 1 3 4 4 2 8 6 8 10 2 3 5 7 10 1 5 3 5 2 1 5 9 4 2 4 8 2 8 5 8 8 1 9 4 2 3 4 10 2 8 8 6 10
3 1 8 2 5 10 3 5 7 9 2 5 2 5 7 3 1 2 6 6 6 3 3 2 9 10 5 3 1 5 8 7 1 4 8 8 5 2 9 7 6 2 9 10 9 5 3 9 9 4 3 1 5 8 10 4 1 10 6 5 10 2 2 6 1 6 8 2 9 6 4 2 6 10 5 3 3 7 7 8 7 5 0 4 7 9 6 1 6 2 10 5 6 8 1 4 4 5 5 9 7 10 5 7 3 9 4 2 4 7 10 2 2 8 3 9 7 10 1 9 6 10 3 5 8 1 9 7 2 1 10 6 6 7 4 2 8 1 8 5 10 4 1 7 4 8 4 9 3 2 9 8 2 3 1 10 4 1 3 4 10 2 10 10 6 6 4 1 6 8 8 10 3 4 10 6 5 8 2 8 5 3 9 2 8 4 8 5 7 4 10 5 2 9 3 2 2 4 6 3 8 5 2 8 10 4 6 7 1 9 10 9 8 6 2 1 2 10 5 4 8 1 2 4 1 8 9 8 6 4 9 3 1 6 5 7 5 2 7 6 8 5 9 8 7 3 2 1 6 1
7 9 6 10 9 9 9 7 1 4 7 1 2 9 7 3 2 3 4 5 5 2 3 4 1 1 6 8 5 9 8 9 4 2 9 8 5 8 10 3 3 7 5 10 10 8 1 7 3 8 3 7 4 2 8 6 6 8 9 4 9 3 8 7 6 9 5 9 5 7 6 2 4 9 8 2 3 2 10 1 8 10 10 0 5 9 8 6 2 10 1 5 4 3 7 3 2 3 5 10 6 7 2 1 7 6 2 8 2 1 7 6 5 8 5 4 7 7 4 8 9 9 10 3 4 3 3 8 2 8 6 8 10 10 7 1 8 2 4 4 6 4 7 1 10 2 4 5 1 4 9 4 9 5 1 2 5 7 1 7 6 7 8 3 10 9 2 1 1 10 2 6 8 6 7 3 1 1 3 10 7 7 9 10 9 3 1 6 3 4 3 3 2 9 1 5 3 9 10 2 8 8 6 7 2 1 7 4 10 6 3 2 6 1 5 9 9 5 7 7 1 1 1 4 3 3 3 8 8 2 10 5 9 7 2 2 3 7 9 5 3 7 4 2 10 9 9 6 5 9
8 2 2 9 4 4 2 3 8 9 10 1 6 6 5 10 4 5 9 7 7 1 8 9 3 8 9 6 3 1 8 8 3 7 10 6 4 7 10 1 5 2 9 9 5 7 2 9 7 2 7 7 1 3 2 4 3 2 6 3 8 1 3 9 8 1 3 9 1 10 2 7 4 7 9 2 1 2 2 9 1 6 7 10 0 10 8 5 1 1 10 1 3 3 1 7 8 10 7 5 8 2 9 2 8 2 9 7 3 10 10 1 5 7 6 9 7 7 8 1 7 4 8 7 6 4 3 5 6 3 5 10 1 10 6 8 7 7 10 6 6 7 2 3 9 10 7 8 5 7 3 8 9 6 3 9 2 2 4 1 3 8 2 7 8 7 9 9 2 6 4 9 3 1 1 4 2 8 9 5 3 8 5 9 10 8 4 4 9 2 3 5 2 9 3 4 6 1 3 8 6 2 8 5 10 9 10 1 8 5 8 3 9 2 2 5 3 9 5 6 8 7 10 6 4 10 1 1 5 6 7 6 4 3 9 1 5 3 4 3 2 1 8 2 9 8 7 7 10 4
8 8 4 7 7 10 5 2 9 3 8 3 4 3 5 7 3 6 9 5 4 9 10 8 7 1 4 9 1 1 8 8 3 7 2 10 8 8 6 7 5 1 3 5 9 4 8 8 8 7 9 9 8 8 10 9 9 9 10 6 7 2 9 8 9 5 3 8 5 8 9 9 7 7 5 2 7 1 6 4 7 10 1 3 4 0 5 2 1 8 10 9 3 4 1 6 9 6 5 4 1 10 1 8 3 10 6 3 10 8 4 7 4 10 9 2 7 10 1 4 4 10 3 7 1 5 9 6 9 10 3 3 6 10 2 6 5 2 7 6 3 5 8 10 10 2 10 6 6 4 1 8 3 1 7 2 4 8 1 5 10 5 8 7 6 3 5 2 3 1 6 1 1 10 5 4 3 9 10 1 1 10 9 8 7 5 6 2 8 10 10 8 2 1 8 9 10 10 10 8 6 2 3 9 5 10 1 7 8 7 4 10 2 8 1 5 5 3 8 6 8 6 1 9 7 1 3 3 5 10 3 4 4 10 7 8 7 7 4 3 9 9 2 8 5 1 7 1 10 6
3 5 3 1 1 2 2 5 7 4 2 8 9 8 1 3 3 6 6 10 4 4 7 6 5 7 10 10 1 10 5 3 3 10 3 5 2 5 10 5 3 8 6 2 1 7 5 4 9 3 5 4 6 5 6 5 7 5 2 8 9 5 4 10 2 1 8 8 2 2 7 8 9 9 9 6 8 6 4 1 6 10 9 2 6 1 0 1 3 7 8 7 3 1 2 8 9 7 1 7 6 8 5 1 10 8 2 1 1 10 8 9 6 1 2 8 6 3 10 8 6 6 4 3 5 9 1 1 3 9 1 10 3 2 9 3 2 9 3 4 4 3 3 4 3 4 9 7 6 6 1 8 9 1 6 7 6 2 1 3 2 4 7 9 3 9 3 6 7 5 8 6 6 8 8 3 9 9 7 8 6 10 3 1 8 1 8 4 4 5 4 2 5 9 7 3 1 8 5 6 10 9 10 9 6 7 4 5 5 7 3 2 5 7 1 10 10 2 2 8 6 8 3 9 3 3 3 9 2 7 6 7 2 5 10 9 9 8 5 6 7 7 8 4 2 9 5 3 2 7
10 10 4 4 3 9 8 10 4 1 1 9 4 7 9 3 7 8 2 8 5 6 10 2 9 5 6 1 9 7 7 5 9 6 1 8 2 4 10 6 6 3 10 3 10 5 8 8 9 6 6 10 5 8 7 3 9 4 10 2 2 2 8 7 7 5 6 5 5 8 4 7 3 7 3 4 6 4 10 1 2 10 3 1 8 5 4 0 8 5 5 7 8 3 9 1 3 4 3 2 3 10 10 8 1 6 2 3 3 5 6 7 10 6 8 2 9 9 6 3 4 9 10 5 10 9 9 5 2 9 10 8 4 3 1 10 5 2 4 6 1 7 3 9 4 3 7 9 10 9 1 1 3 8 4 6 8 2 1 8 6 1 4 8 7 7 6 9 10 4 10 10 7 6 5 7 9 4 7 8 7 3 2 8 8 3 6 5 4 2 4 10 5 9 8 9 6 8 5 4 3 7 3 3 3 5 10 1 1 4 3 8 8 1 9 1 2 8 9 9 8 3 2 9 3 9 4 4 10 4 8 1 7 6 4 6 1 10 8 4 8 5 1 4 3 9 7 7 8 8
10 6 7 2 3 2 7 9 4 5 8 1 2 4 3 5 4 5 8 9 6 3 9 6 3 10 8 6 3 10 2 4 5 5 6 2 1 10 3 2 2 3 7 7 4 5 1 4 10 6 5 9 8 2 9 10 7 5 3 6 2 7 3 6 3 5 10 7 10 7 8 1 9 2 6 8 8 8 2 8 1 5 5 9 8 4 1 8 0 9 6 4 6 5 8 4 2 4 9 2 5 1 6 7 9 2 1 9 1 3 3 6 1 10 9 3 10 3 2 7 5 2 6 9 10 2 5 7 4 2 4 5 5 4 3 1 3 2 7 7 7 9 8 8 10 2 1 9 10 10 10 7 8 5 10 10 10 5 5 10 4 6 2 5 9 6 6 3 9 6 10 1 8 7 7 2 2 5 5 10 1 4 4 10 3 8 5 8 10 2 1 7 5 5 8 1 2 4 10 10 3 1 1 8 7 6 7 10 2 4 5 9 5 2 1 4 7 2 5 2 9 9 2 7 8 8 1 6 7 2 4 8 2 2 4 1 4 4 6 6 3 4 10 5 9 1 4 5 3 2
3 9 6 8 10 9 8 1 8 10 2 8 6 6 8 5 4 1 6 10 6 6 6 3 9 6 10 1 7 4 6 6 8 1 10 7 2 10 5 5 3 5 9 10 8 8 3 10 2 1 4 10 5 4 4 8 4 7 4 8 3 1 5 4 1 6 7 4 2 10 6 1 1 3 6 2 9 3 9 7 4 1 8 8 7 10 4 7 2 0 2 9 3 7 10 5 8 2 8 5 4 5 4 2 1 9 10 8 8 9 7 1 9 10 4 9 4 5 8 9 9 9 8 3 3 1 10 1 2 9 6 3 4 8 1 6 10 10 5 4 4 10 7 4 10 5 9 1 9 5 7 8 10 10 7 5 6 2 5 7 6 2 6 7 5 5 4 5 7 3 6 8 4 8 3 2 8 2 4 5 8 3 7 4 10 6 10 7 2 9 4 1 2 10 10 10 2 6 2 9 5 1 1 5 1 1 9 2 8 2 9 5 9 9 3 3 8 10 5 9 8 2 5 10 6 7 9 1 2 10 7 6 10 3 2 6 3 3 2 2 5 8 5 4 3 10 3 1 9 4
9 5 4 1 1 7 1 10 2 7 10 1 6 10 5 3 1 1 7 9 9 6 1 10 3 1 7 10 3 2 7 8 3 9 9 1 1 3 10 5 1 4 8 6 3 2 7 6 7 9 9 4 3 9 5 7 10 10 7 9 6 2 5 3 9 4 8 3 5 7 9 4 5 4 3 4 6 1 1 9 2 5 10 1 10 6 1 7 2 3 0 4 9 7 6 9 5 8 10 6 3 8 5 3 1 4 10 1 9 5 5 9 8 8 1 3 10 6 8 4 1 8 1 3 1 8 8 4 5 4 9 7 3 2 1 6 5 7 5 9 4 9 3 5 7 6 6 10 7 3 9 9 10 7 1 10 4 3 2 4 8 6 2 9 6 5 1 8 3 10 5 1 6 6 1 6 3 1 5 9 3 10 8 2 1 1 7 9 3 10 9 7 1 1 2 2 4 4 1 4 5 9 4 4 10 5 7 3 4 8 8 9 1 2 10 6 10 9 8 9 4 10 2 9 2 8 5 2 7 10 5 2 2 10 7 9 10 8 4 7 7 9 10 5 6 1 5 2 10 6
4 6 8 8 3 9 10 1 5 8 6 1 7 3 5 8 2 2 2 4 9 10 1 8 10 6 4 4 1 5 8 6 7 9 8 8 9 9 7 7 10 2 2 2 10 2 2 10 6 7 9 4 6 6 9 10 7 5 5 5 2 1 6 2 6 2 5 5 5 1 4 10 4 4 9 3 7 4 6 9 1 4 2 4 2 3 6 7 4 6 5 0 2 9 2 10 8 7 4 8 4 1 4 1 10 9 6 4 10 5 4 6 7 7 5 4 1 3 6 7 4 1 10 9 3 4 9 6 6 9 4 5 10 10 9 7 3 3 6 8 2 10 3 4 3 10 7 4 4 3 7 4 4 7 7 4 10 3 9 6 10 5 8 2 5 3 2 5 2 6 9 5 10 2 7 3 5 6 9 7 8 8 2 5 8 5 6 5 6 1 6 8 7 7 3 10 10 3 3 5 6 8 6 7 6 1 7 5 5 1 6 2 6 5 8 8 10 5 1 9 10 5 6 9 5 1 10 6 9 10 7 6 4 1 7 9 5 2 6 9 6 9 6 2 7 8 8 1 10 6
9 8 1 10 8 1 8 9 6 4 8 5 9 1 4 7 10 5 10 8 6 8 10 8 9 8 5 1 5 9 5 10 10 9 3 7 7 8 1 9 10 2 10 3 1 1 2 2 6 7 2 4 3 7 4 3 5 9 5 8 10 9 3 10 3 8 5 6 5 4 1 7 1 9 9 6 2 3 5 4 2 6 5 10 2 10 1 2 10 9 9 7 0 10 2 3 7 7 6 9 10 6 4 7 4 8 5 3 7 7 10 5 3 1 4 7 8 6 6 8 3 7 2 7 10 3 10 4 9 7 9 10 5 2 3 9 10 3 5 8 4 2 8 7 5 2 4 7 7 3 3 5 10 7 3 2 8 7 3 3 9 5 5 4 9 9 3 8 6 7 2 2 1 4 2 5 5 6 6 6 3 6 7 10 5 10 5 6 4 10 9 6 4 10 6 3 1 5 1 4 7 5 2 10 2 3 6 2 6 6 7 9 6 5 5 5 6 3 10 3 5 6 3 6 1 5 3 10 8 5 5 9 9 10 3 7 2 5 7 6 9 2 4 7 7 5 1 4 2 1
1 8 5 10 1 4 1 8 3 10 5 7 7 1 7 10 10 4 7 3 9 10 3 6 5 4 3 5 2 7 8 7 7 9 2 7 8 8 8 7 7 1 9 10 4 6 2 1 2 9 4 4 8 1 1 3 8 2 10 10 7 4 8 4 6 10 2 3 7 4 10 6 4 4 2 3 2 9 1 2 4 8 10 6 6 7 1 8 6 6 2 8 3 0 8 5 9 2 4 4 7 10 10 9 4 3 7 4 1 7 7 2 2 2 8 8 6 1 5 6 2 2 1 6 3 9 3 2 3 10 5 3 2 1 1 4 5 1 5 10 2 5 1 9 6 10 10 7 5 7 1 5 4 10 4 2 1 4 9 8 1 2 10 7 4 8 3 5 1 5 10 3 6 6 9 9 1 9 7 6 5 7 2 8 8 6 9 4 9 2 1 6 6 2 3 1 6 3 5 3 8 9 6 1 3 3 10 8 9 6 1 4 1 7 3 3 2 9 10 7 5 6 4 5 8 2 7 10 2 1 10 2 8 9 7 9 1 10 4 6 6 3 8 4 2 8 5 9 1 5
10 1 9 1 8 7 8 10 10 5 7 7 8 9 2 3 6 6 2 8 7 4 5 8 1 5 1 7 4 7 6 10 8 4 1 4 1 2 3 4 2 4 5 3 3 2 9 10 10 10 10 1 4 7 2 2 10 1 9 1 1 10 10 1 10 1 1 4 9 4 4 8 10 4 1 5 6 8 5 7 2 10 10 9 3 1 4 9 1 8 9 8 2 2 0 6 3 3 4 6 8 3 6 5 7 7 5 7 7 2 2 8 8 5 10 3 7 10 9 5 8 7 3 1 10 7 3 9 9 1 4 5 6 9 9 9 3 7 5 3 9 5 3 8 6 9 10 8 2 2 8 4 5 6 10 3 2 3 1 8 5 4 7 7 1 5 6 9 7 5 1 6 9 1 5 9 6 2 4 5 5 1 9 1 1 8 10 2 4 3 9 5 9 4 6 4 9 6 5 8 9 1 8 9 4 6 7 8 7 4 10 2 6 1 5 7 10 8 3 3 3 5 5 10 7 9 4 3 6 10 1 6 2 7 5 4 2 5 9 7 10 4 3 8 2 2 5 6 4 6
10 1 5 10 2 9 9 4 10 9 4 9 7 10 7 4 1 1 9 7 10 8 7 4 6 7 3 5 6 3 3 7 1 4 1 4 2 2 4 3 2 4 2 4 5 4 7 3 2 8 10 4 8 3 4 9 2 2 9 9 5 8 8 10 5 2 1 6 4 10 4 6 10 2 8 8 10 6 7 4 4 1 3 1 1 5 2 8 7 1 5 9 10 7 5 0 8 6 9 10 1 2 4 2 2 4 5 4 5 6 8 1 3 9 9 10 7 3 7 5 6 1 4 5 5 7 8 9 8 9 10 3 5 3 9 3 6 4 9 3 10 1 3 3 9 10 6 2 1 2 8 8 2 8 7 10 7 2 3 9 2 3 6 6 4 6 3 9 1 1 9 10 1 2 3 8 4 10 6 1 3 10 9 10 10 5 6 7 7 7 7 8 5 7 5 2 8 9 2 2 4 5 9 6 10 3 4 1 9 5 2 5 6 4 5 7 3 9 6 3 9 3 2 7 4 3 6 1 7 2 7 6 9 3 7 9 10 10 10 9 3 3 7 10 4 8 2 2 8 8
7 7 7 1 2 1 7 4 7 7 10 2 5 6 9 3 9 1 5 4 10 6 9 1 6 2 5 6 5 2 8 4 2 5 3 5 6 3 5 4 2 10 9 9 3 5 8 4 4 6 2 1 9 4 10 6 1 7 5 2 8 7 4 2 10 10 5 10 5 10 5 7 8 9 9 2 9 3 8 6 4 3 7 2 4 10 6 9 3 2 7 3 9 9 9 9 0 1 9 10 5 2 2 8 6 8 7 10 6 9 3 7 8 4 5 8 10 2 8 1 4 10 3 6 8 6 4 9 9 5 2 7 2 5 7 2 3 8 10 9 7 5 4 10 9 6 5 4 9 1 7 10 10 3 9 9 4 9 10 4 8 9 1 9 4 1 5 8 4 3 8 1 7 9 7 5 3 9 6 5 8 5 3 1 10 2 9 5 10 5 7 9 6 3 3 3 1 6 3 7 7 2 4 4 10 10 10 7 1 5 3 10 7 6 8 4 2 3 8 2 6 9 2 6 7 1 4 1 4 3 7 7 9 6 10 9 5 5 6 3 1 7 7 8 3 9 5 5 6 5
5 1 3 6 6 1 4 3 2 2 9 8 3 2 8 3 6 6 6 9 4 8 6 2 4 2 4 4 6 10 4 10 2 3 8 8 10 1 10 10 6 4 5 6 2 9 7 4 9 1 1 6 9 1 7 1 9 8 3 2 2 9 7 9 1 7 6 2 7 2 1 9 4 4 9 9 7 10 8 10 9 5 6 2 5 2 7 2 4 10 3 5 3 9 1 6 10 0 1 5 5 5 3 5 4 8 6 7 9 6 4 10 7 2 1 3 1 8 1 4 6 4 6 9 6 5 2 4 2 3 5 7 4 8 9 10 2 5 1 6 2 8 5 6 4 6 7 8 3 7 4 10 4 9 10 6 2 5 10 1 8 3 4 9 5 3 4 6 1 6 9 3 4 1 10 8 8 8 4 1 2 3 7 4 6 9 6 9 4 4 3 8 8 9 1 6 2 1 4 9 8 1 2 6 10 4 3 4 7 10 9 3 5 5 7 8 6 1 8 8 8 1 9 1 1 10 7 7 8 1 3 9 5 5 7 2 7 2 4 5 9 6 1 2 9 10 8 7 10 2
4 2 10 10 2 5 10 5 6 6 9 9 2 3 2 4 6 1 3 5 3 8 1 3 8 5 7 5 10 4 4 8 10 2 3 5 4 8 5 9 9 2 10 7 1 8 2 2 9 10 6 2 5 7 9 9 8 6 1 1 8 3 1 4 5 7 4 4 5 7 7 3 4 5 6 10 6 3 6 3 2 10 10 8 4 2 6 6 10 8 8 1 8 1 7 8 6 10 0 1 7 10 2 9 6 8 2 8 3 6 7 3 3 3 4 7 4 7 4 2 8 10 7 3 7 8 1 3 1 5 1 3 4 2 8 4 4 4 8 1 2 3 7 2 9 9 7 8 2 8 10 5 10 9 4 6 2 9 7 9 7 4 9 7 5 4 1 3 10 5 2 4 2 10 10 8 9 5 10 3 5 1 9 10 1 8 3 1 1 4 9 10 8 9 6 7 8 1 9 6 8 8 10 2 4 6 6 9 3 5 7 10 2 1 10 6 6 8 5 9 8 9 7 4 9 4 6 4 5 9 5 4 4 5 1 3 3 5 3 7 3 10 3 9 3 2 2 5 7 6
8 5 5 5 7 8 6 8 1 7 2 4 2 5 4 7 4 5 9 5 3 2 10 4 4 6 10 1 5 2 2 7 1 2 2 10 6 3 9 7 5 2 8 2 2 9 8 9 2 4 4 6 3 9 8 10 2 4 10 9 7 5 7 4 7 4 2 9 4 3 7 3 2 6 3 6 9 6 9 6 10 3 6 9 7 6 3 2 2 9 8 9 3 9 8 10 8 3 3 0 5 8 9 4 2 7 2 5 8 1 2 10 4 1 7 1 6 6 8 5 8 9 4 10 3 2 5 6 5 7 4 8 7 7 3 9 2 8 10 4 10 8 2 8 5 10 6 6 7 10 5 4 7 9 9 4 10 1 10 7 6 7 2 9 2 5 1 2 10 2 7 8 7 2 5 8 9 9 5 3 1 8 8 6 3 10 2 8 9 10 10 1 8 8 4 6 8 9 6 10 1 8 9 4 8 9 4 1 9 9 6 10 1 10 10 8 7 5 4 10 10 8 3 9 10 9 8 2 5 9 6 7 5 2 6 3 4 8 5 6 2 7 1 3 1 5 6 5 1 4
4 3 9 10 9 1 6 2 10 1 1 5 5 2 10 5 7 10 9 6 7 4 7 9 10 6 3 10 9 8 8 2 4 8 1 10 3 1 3 6 9 7 5 2 3 2 9 4 8 4 10 2 10 10 8 6 3 9 8 5 6 5 5 8 7 3 1 2 6 5 10 2 3 7 6 4 10 8 7 4 9 7 4 9 9 7 5 3 8 1 6 4 5 2 4 6 8 8 10 10 0 9 1 10 7 6 9 2 3 4 7 3 9 3 3 1 10 1 7 4 4 1 7 10 3 4 9 3 2 4 4 7 7 2 5 3 8 2 1 4 6 2 8 4 7 2 9 10 8 7 8 8 6 2 2 3 6 7 7 1 1 5 7 2 7 4 3 10 9 5 9 2 6 8 4 2 10 8 3 9 5 3 6 4 6 7 7 2 7 3 7 2 1 3 10 1 9 8 1 5 2 4 7 4 2 5 3 7 10 5 1 6 2 10 2 2 9 10 3 10 7 3 2 3 9 7 8 10 10 1 8 9 10 4 7 4 10 9 7 1 1 9 6 10 9 7 6 6 4 4
8 9 5 6 5 4 10 1 7 3 7 5 7 5 6 2 1 8 8 4 1 3 7 5 1 3 7 9 5 6 1 8 10 7 2 5 5 6 6 10 3 7 10 1 1 4 4 1 5 7 4 8 3 2 1 2 5 6 2 4 9 1 1 8 4 6 5 7 6 1 3 1 5 8 9 7 10 5 2 6 6 8 2 6 9 6 9 1 8 4 9 8 1 2 7 7 1 8 1 4 8 0 10 6 3 2 4 10 6 9 7 1 10 1 9 5 4 10 3 1 9 2 9 3 7 2 4 3 1 5 1 8 4 8 8 3 7 7 2 8 7 5 5 8 6 1 9 9 4 3 2 3 8 7 2 8 2 5 5 1 1 5 8 5 10 6 4 2 1 1 8 1 6 4 5 8 1 8 2 3 2 5 2 7 2 1 7 9 7 3 5 5 5 9 8 7 8 2 2 4 2 4 4 8 1 7 9 4 6 5 9 1 5 4 10 10 8 10 5 8 9 7 10 9 6 3 8 2 2 8 7 1 4 8 6 6 5 4 3 4 1 3 7 9 5 10 7 2 5 10
7 3 9 4 2 5 9 2 9 9 4 5 9 6 1 9 2 1 10 9 6 3 9 5 9 8 7 8 8 1 8 2 8 10 2 5 6 2 9 1 10 4 1 7 9 3 1 8 2 6 7 7 6 7 1 2 8 1 10 5 4 4 1 2 3 5 9 7 5 7 7 1 6 2 9 8 1 8 2 9 10 1 9 10 4 6 9 9 10 8 3 10 6 1 6 9 2 1 1 8 5 4 0 8 4 6 4 10 10 10 2 10 9 10 7 5 5 9 3 7 2 10 5 3 3 8 9 1 4 9 8 3 9 1 6 7 3 7 4 4 1 4 2 4 8 10 4 8 5 7 8 4 4 9 2 4 1 1 2 1 1 10 3 9 10 2 6 7 9 10 8 1 3 5 10 5 9 6 5 5 10 2 10 3 6 2 4 7 4 10 5 1 5 6 4 7 3 9 6 10 9 1 4 9 4 2 10 1 4 1 9 9 3 1 7 4 10 2 3 9 10 4 7 9 6 5 4 1 5 9 4 8 10 7 8 7 6 7 4 3 9 1 8 2 1 3 8 7 6 10
7 3 5 3 3 3 5 9 9 6 9 10 6 10 7 4 5 4 9 1 10 8 5 2 5 8 7 8 9 10 9 10 3 5 7 5 6 10 3 2 8 3 8 6 2 10 6 1 2 1 1 5 9 3 7 10 1 1 9 9 5 8 7 10 7 4 2 1 9 1 8 1 6 10 4 10 3 8 7 6 10 1 1 5 5 3 9 4 9 4 10 6 4 10 8 1 1 4 8 10 1 10 7 0 6 4 3 10 1 5 4 7 5 6 8 2 6 7 9 4 9 3 4 2 10 4 2 2 6 6 8 10 7 7 3 3 7 10 4 8 2 6 3 8 7 4 3 3 10 4 8 2 8 5 6 3 10 4 5 2 6 4 8 7 1 2 1 3 10 8 1 10 2 1 8 3 5 9 2 2 5 6 6 1 8 2 1 10 8 3 2 7 4 5 1 3 1 6 7 4 4 6 10 4 9 5 6 2 5 1 7 4 1 7 6 1 3 6 4 2 8 3 2 3 10 2 5 1 3 2 8 8 3 8 9 7 5 5 6 9 7 5 5 2 4 6 3 5 6 3
7 1 8 3 10 1 8 2 3 3 7 7 5 8 2 4 7 2 5 8 7 7 4 5 2 6 5 5 4 3 5 7 8 2 4 1 9 4 2 3 7 8 6 1 6 3 9 2 4 3 10 7 8 1 1 5 2 7 2 3 2 2 6 10 7 6 2 8 10 9 1 2 4 4 7 2 7 10 6 7 1 9 10 6 7 10 7 3 4 2 4 9 7 6 5 9 5 6 10 8 7 2 3 3 0 10 6 2 8 7 1 6 7 5 5 5 1 5 4 5 8 9 2 2 7 1 9 6 1 3 6 1 4 2 4 2 6 3 8 7 2 4 5 6 5 2 1 9 2 2 1 10 6 2 10 1 1 5 3 7 9 1 7 4 1 4 8 4 2 2 4 7 8 1 2 9 5 7 4 10 6 6 2 9 2 3 6 3 4 2 9 6 5 4 4 1 4 8 6 7 1 3 6 10 8 3 5 7 8 2 7 5 4 5 5 9 2 2 6 6 2 2 3 9 9 10 9 8 1 10 3 9 1 5 5 10 6 8 5 4 6 3 6 7 1 9 1 1 4 4
2 5 6 6 2 5 5 9 9 5 8 8 7 10 3 9 3 1 3 4 1 7 6 2 8 5 7 4 9 9 9 8 3 1 4 9 3 5 2 2 9 9 7 8 7 8 9 9 5 8 6 1 10 8 6 4 7 9 5 4 2 8 2 5 8 5 3 7 9 3 4 4 9 5 7 10 4 4 2 8 10 7 8 2 6 6 10 7 6 7 3 8 2 1 4 1 1 6 1 5 5 6 4 4 9 0 8 1 4 1 4 1 3 7 5 2 9 8 7 4 9 2 9 10 5 1 5 8 2 5 6 7 2 4 7 4 4 5 6 5 3 9 9 8 10 6 8 7 8 5 4 5 8 2 4 5 8 8 4 7 7 4 3 6 9 7 8 5 10 10 10 2 5 10 1 8 10 8 10 2 6 7 1 9 8 3 4 4 1 10 5 9 2 10 8 6 9 2 4 5 4 9 2 10 1 1 9 2 3 2 7 5 9 7 9 3 3 7 10 7 4 9 9 10 7 8 9 2 3 4 7 10 4 1 9 4 5 9 8 6 2 4 3 1 4 3 10 7 4 6
9 3 2 3 4 3 9 1 5 8 7 9 7 7 9 8 10 8 9 8 2 3 2 5 6 4 7 4 4 1 4 5 2 5 8 4 9 3 1 6 3 10 1 2 9 7 9 3 3 2 1 6 2 8 6 6 3 7 10 1 9 4 4 3 3 5 10 6 1 1 8 7 4 8 8 8 9 5 1 8 8 2 5 6 6 9 5 10 2 1 7 6 9 3 5 3 6 2 2 10 2 6 6 8 5 8 0 4 5 10 6 4 1 9 7 2 5 4 8 8 8 5 1 1 2 1 8 5 7 7 1 5 7 2 6 9 7 5 7 3 5 7 6 7 6 10 1 7 7 10 6 4 5 10 5 7 5 4 4 1 2 4 5 9 3 8 7 8 8 1 5 9 3 9 7 5 10 1 6 3 4 2 9 3 6 2 6 7 4 4 9 7 10 8 5 3 6 9 10 8 5 4 6 6 8 8 1 3 9 2 10 1 7 3 7 3 8 1 9 8 10 3 3 7 4 4 6 8 5 9 3 3 3 1 1 1 1 2 1 1 8 8 4 6 9 1 5 8 6 5
3 9 2 6 2 8 9 7 2 8 9 9 7 2 8 10 2 8 4 9 5 7 7 7 4 4 3 6 8 8 6 3 3 3 10 9 8 5 2 3 9 4 9 6 4 7 9 8 4 6 6 10 9 10 6 2 8 5 3 3 1 5 6 5 5 6 10 7 6 4 6 2 2 9 3 9 10 3 3 5 7 3 9 10 10 10 9 7 8 10 8 2 1 5 9 2 2 7 9 5 1 5 4 5 2 9 3 0 6 5 3 5 9 8 10 3 8 6 10 2 5 3 9 2 9 1 2 6 1 3 9 9 2 8 2 9 2 7 9 8 2 5 2 7 4 1 2 3 6 7 10 9 9 2 5 8 8 8 2 5 10 1 5 1 4 2 5 9 4 7 10 6 9 3 5 2 7 7 4 8 8 9 2 7 2 5 9 6 9 8 6 10 8 8 7 7 3 2 3 8 2 1 6 10 3 2 5 5 4 8 6 1 8 10 1 7 10 8 7 3 2 5 9 1 6 1 4 7 3 5 1 1 6 5 1 5 10 3 9 5 8 1 6 6 2 1 10 7 6 5
3 7 6 2 2 6 7 9 9 3 1 7 10 10 10 6 4 3 7 6 8 8 6 4 9 4 8 8 10 1 9 5 6 6 1 8 1 7 1 7 9 10 10 2 9 7 7 10 5 6 8 9 5 3 3 8 6 4 4 10 2 5 7 1 8 9 7 9 7 6 4 2 10 2 7 1 5 1 3 5 4 8 7 1 9 10 6 6 5 8 5 7 8 9 9 4 4 4 2 3 4 6 3 9 1 7 5 7 0 4 4 10 4 2 3 6 6 8 5 4 2 8 4 7 7 1 8 5 7 4 10 4 7 9 8 3 9 8 3 6 1 1 1 9 7 6 4 10 1 4 8 5 10 2 9 7 7 9 9 7 7 7 3 5 4 5 10 6 4 8 10 1 1 9 7 9 1 7 10 7 7 4 5 7 2 1 6 10 9 4 1 8 1 5 1 1 3 3 4 9 10 2 4 10 5 8 10 10 2 8 5 1 4 4 9 8 6 2 4 2 8 4 1 9 9 7 4 7 9 7 9 4 5 7 2 7 2 9 7 4 6 5 7 10 10 5 4 4 1 5
5 9 5 5 2 7 1 1 8 7 6 1 1 6 7 3 10 2 4 5 9 4 7 6 1 1 2 4 4 8 4 9 7 10 6 4 5 9 4 5 8 6 1 9 7 1 10 2 2 4 3 5 8 3 9 10 6 2 1 2 1 9 3 7 10 3 7 9 1 10 8 6 4 6 9 9 9 10 1 9 10 4 2 4 5 10 1 6 1 7 1 9 3 4 9 3 1 3 3 4 8 9 1 8 4 4 7 2 5 0 4 1 9 8 1 8 7 4 2 7 3 7 10 2 5 5 1 1 3 10 7 1 6 7 3 3 6 1 7 10 4 9 6 9 2 2 5 1 10 8 10 10 1 9 6 4 1 3 6 5 1 9 10 6 8 6 10 3 6 8 5 3 5 9 5 1 8 4 4 6 2 8 1 5 5 10 3 9 1 4 10 4 4 8 10 8 2 10 1 9 10 6 7 8 10 8 2 7 2 8 7 10 1 9 5 3 10 8 5 1 7 1 6 7 5 2 9 4 2 2 3 5 5 9 1 4 8 6 9 1 7 6 7 9 8 9 9 7 5 3
4 10 1 9 3 9 1 6 5 9 7 10 9 7 6 5 8 9 10 10 8 8 9 6 7 9 1 7 6 8 8 7 1 6 2 5 6 5 4 7 3 4 2 10 8 3 5 5 7 5 7 3 1 3 7 6 5 4 10 5 10 5 1 6 10 8 3 8 10 10 3 9 7 8 7 8 1 5 2 7 9 8 9 10 4 7 10 6 9 7 6 2 3 2 10 1 9 4 2 7 5 3 3 9 7 5 9 3 9 1 0 10 8 2 1 2 9 7 5 8 7 3 10 4 1 4 8 5 2 9 7 1 3 10 7 8 6 2 4 6 5 4 2 6 2 6 7 1 4 9 4 5 4 5 5 4 2 9 1 10 5 4 3 10 7 7 7 6 10 6 5 4 9 5 10 8 10 4 6 1 4 2 7 4 9 6 4 5 7 7 7 8 2 1 6 9 10 4 7 7 3 10 9 7 6 1 3 9 7 4 1 9 7 1 4 7 9 7 1 9 5 9 2 9 6 2 4 8 2 7 6 8 8 10 10 8 8 2 2 7 9 6 3 8 9 6 9 10 3 3
6 7 7 4 5 9 9 3 3 5 4 2 10 9 10 1 6 6 2 4 1 3 7 3 5 5 10 6 5 5 10 10 10 8 5 10 8 10 9 10 8 7 3 10 10 10 10 5 7 6 9 3 1 1 3 4 2 10 6 8 6 1 7 5 9 2 4 6 6 4 7 8 9 5 3 1 5 10 7 5 9 7 2 1 3 8 9 8 5 2 3 8 6 8 9 3 8 7 6 5 10 7 6 7 6 3 8 5 6 6 4 0 3 10 4 2 7 4 4 7 2 2 7 5 4 1 8 3 8 3 7 1 4 9 9 3 6 10 9 9 8 5 6 6 7 7 1 4 5 2 9 6 6 6 3 10 9 7 6 10 9 6 8 6 3 8 8 2 3 5 4 3 4 1 4 8 3 2 4 4 9 1 3 1 3 10 8 7 1 1 2 10 10 10 8 8 6 9 1 7 9 3 5 9 8 1 8 8 7 3 2 10 10 3 4 8 8 6 10 3 8 6 2 4 8 6 4 8 8 9 1 2 7 6 7 8 10 1 4 6 2 6 5 7 3 3 9 6 6 5
6 9 9 5 3 4 9 9 2 1 8 6 1 3 6 7 4 8 3 6 6 4 4 3 9 1 1 10 3 4 9 8 4 9 6 5 8 5 4 7 9 4 5 4 7 8 6 1 9 3 8 9 8 4 1 6 5 1 3 4 7 8 6 7 4 9 4 5 6 1 7 4 3 2 8 1 3 6 9 4 5 1 6 1 1 4 8 6 9 6 2 6 6 8 2 6 8 1 4 5 4 10 8 4 10 5 8 1 8 8 5 8 0 3 7 1 8 3 9 2 3 7 6 7 8 10 4 4 8 4 2 1 2 5 2 9 9 6 3 8 3 1 7 9 6 4 9 4 8 3 9 8 5 8 5 10 8 4 5 6 8 6 7 1 2 10 9 6 3 8 9 2 6 1 8 8 6 2 4 8 1 4 7 5 9 3 7 5 8 3 5 7 1 7 6 5 8 7 3 1 10 1 4 7 2 9 8 3 8 6 2 9 3 3 8 5 4 7 5 3 1 5 7 7 6 4 4 8 1 7 3 1 8 9 4 5 7 1 6 10 4 2 3 9 7 1 2 1 7 10
7 1 2 1 5 1 8 9 5 3 10 1 6 8 7 10 4 3 5 8 10 1 7 5 6 2 8 2 7 7 7 1 5 2 7 8 10 4 4 6 10 5 10 9 7 4 7 4 9 1 5 8 5 3 9 2 9 7 6 7 3 3 5 9 8 10 4 9 7 9 8 2 3 9 8 10 5 5 6 4 1 2 3 4 5 7 10 6 5 1 1 3 6 4 1 3 9 3 5 10 1 7 4 2 6 4 4 7 5 2 10 1 6 0 6 7 1 5 3 9 1 2 1 2 1 9 1 3 2 3 4 7 5 4 2 7 2 6 9 9 4 5 9 1 6 9 5 6 7 7 8 9 6 4 4 6 8 4 10 10 1 2 7 2 8 4 2 5 2 5 3 9 10 2 4 3 7 7 5 1 1 3 10 9 6 6 4 2 1 1 3 5 6 6 10 7 1 1 3 9 8 1 8 10 10 8 5 8 5 2 9 10 10 9 6 8 7 3 9 9 3 7 5 2 6 5 8 10 4 4 10 1 9 4 10 3 5 9 2 9 6 8 8 7 8 9 9 2 8 1
8 10 9 10 1 5 8 3 7 10 4 7 5 4 1 9 2 6 1 3 3 3 3 1 6 6 4 8 9 2 7 7 7 9 5 1 8 10 9 10 9 7 10 4 9 1 6 10 7 6 4 5 8 4 4 6 8 3 2 8 3 2 5 3 9 9 1 8 1 2 1 2 1 9 9 6 7 10 2 8 1 6 1 7 2 8 5 8 9 5 6 4 4 2 5 3 3 8 3 10 6 3 2 6 2 6 2 2 5 1 6 10 2 5 0 4 3 3 10 1 3 2 5 8 3 10 6 9 4 3 2 7 10 1 8 5 3 6 7 2 5 5 4 10 4 1 10 2 3 7 6 9 2 1 5 3 7 1 5 10 5 9 3 2 6 8 3 4 2 3 1 4 9 3 10 2 4 7 2 7 1 10 10 5 2 8 6 3 7 4 7 6 2 1 2 10 5 2 8 3 9 8 6 9 8 9 6 8 3 8 6 9 4 4 5 9 3 3 8 2 7 9 7 4 3 6 9 9 7 1 3 3 7 4 9 1 10 10 7 3 8 3 8 2 2 9 1 7 3 4
7 5 1 7 9 10 8 2 8 8 3 5 4 3 2 10 10 7 9 2 1 3 3 7 1 5 1 8 8 6 10 10 7 8 9 8 1 4 4 10 10 2 6 5 7 7 10 8 1 3 6 7 3 7 8 10 2 10 10 8 2 6 7 3 7 8 9 5 9 5 5 6 9 8 1 8 3 10 7 9 4 5 9 8 3 7 7 10 10 9 8 10 4 8 8 1 10 6 10 3 8 1 4 4 4 10 2 2 3 9 5 7 5 2 10 0 7 9 6 10 9 1 5 6 9 10 2 5 8 3 8 3 7 8 5 1 5 2 4 4 3 10 1 5 10 8 2 10 9 3 10 9 3 8 3 2 9 8 4 4 9 3 3 10 4 9 7 6 3 9 6 2 10 10 4 3 5 4 2 7 8 7 1 8 5 7 9 7 5 1 3 3 2 9 9 1 8 6 3 7 9 9 7 4 3 2 7 1 2 6 2 7 3 10 4 2 2 3 7 6 7 10 4 2 7 3 1 2 3 9 5 6 2 10 3 1 10 3 10 8 3 8 8 4 10 7 9 7 8 5
7 9 4 8 4 7 2 5 2 8 4 7 4 2 7 9 1 3 6 8 9 1 3 3 1 6 1 5 9 10 8 4 4 4 4 8 10 1 4 3 1 5 6 8 6 7 3 7 6 10 6 3 6 4 9 1 4 5 1 7 1 8 8 4 1 1 9 9 8 5 2 4 3 7 3 2 3 7 2 3 8 2 5 1 5 4 4 1 8 3 4 8 9 8 6 1 5 5 2 5 6 4 6 9 1 10 4 5 10 7 9 9 5 4 6 5 0 2 8 4 1 10 7 4 4 6 8 8 9 2 9 1 9 9 9 10 4 9 9 7 5 8 10 2 10 2 10 2 7 4 9 9 1 10 6 7 8 2 6 4 1 6 9 1 4 2 9 5 1 6 1 1 8 8 9 4 2 5 8 10 3 8 7 5 6 2 8 6 6 2 5 6 9 5 1 10 9 7 10 5 9 9 2 5 10 9 9 9 2 9 1 10 7 5 9 1 4 10 1 1 2 6 7 10 2 10 5 10 2 8 5 5 9 3 9 3 8 7 6 10 9 4 3 2 8 3 8 10 5 5
10 8 2 2 3 4 2 3 8 7 2 10 7 5 7 10 1 3 7 5 7 7 2 2 1 2 8 9 2 1 6 9 3 6 4 8 7 2 4 5 10 7 9 9 8 3 7 8 6 2 10 4 7 2 8 4 6 8 4 6 2 6 6 10 3 3 7 9 5 1 10 4 2 6 5 1 1 9 4 5 7 1 1 1 9 8 6 5 7 10 7 9 5 7 5 3 1 4 3 6 5 9 3 3 7 9 4 8 7 10 3 3 6 1 7 2 10 0 6 8 6 6 4 7 1 1 3 1 7 10 8 8 8 8 2 4 6 8 3 4 7 9 9 5 3 1 5 5 9 7 4 4 9 4 9 10 6 9 4 5 8 4 6 2 8 1 9 3 1 1 1 9 8 8 5 7 5 5 2 8 7 2 3 8 10 2 4 8 10 3 3 10 7 4 4 10 10 3 6 5 2 9 3 1 4 6 3 6 5 9 6 8 3 9 7 6 10 6 3 1 7 4 9 1 7 3 8 4 1 10 10 6 2 6 3 1 7 8 6 7 2 3 5 4 2 1 6 2 3 2
3 10 7 7 7 5 10 5 7 5 8 2 1 6 8 9 8 6 8 4 7 4 2 7 6 7 9 4 7 10 10 7 3 10 10 7 1 8 5 7 4 6 8 5 4 8 3 5 7 7 8 3 1 7 5 6 6 4 10 9 9 3 3 2 9 5 9 3 9 1 3 9 1 2 6 2 7 10 3 3 2 5 1 9 2 6 10 2 7 8 2 9 10 6 5 6 2 9 5 4 8 3 3 8 8 6 1 5 4 2 9 5 3 6 4 5 4 9 0 10 10 5 8 3 3 3 7 2 4 5 4 4 2 9 3 1 5 10 10 1 7 1 10 8 10 9 10 1 4 9 5 4 1 6 6 6 3 3 8 9 2 3 1 1 6 1 10 5 8 1 8 2 3 1 9 4 1 3 8 10 9 1 6 10 9 7 6 9 5 2 1 2 8 1 5 6 8 1 5 8 5 10 1 4 9 8 4 5 1 5 10 1 3 7 4 10 5 6 2 2 2 2 2 6 5 7 8 3 10 3 8 10 5 9 6 8 9 6 2 8 7 2 8 5 9 7 2 1 4 6
7 1 2 8 1 5 3 5 1 7 7 3 5 8 9 4 4 1 6 8 3 7 4 7 8 10 2 4 3 3 4 4 5 2 5 10 1 8 6 4 2 10 8 10 5 5 5 9 5 3 7 4 7 1 10 9 4 5 7 10 2 7 5 8 4 2 2 2 2 8 6 4 5 10 4 7 1 3 1 5 3 4 4 1 7 1 9 5 7 7 7 6 5 8 9 4 1 5 9 4 2 4 10 6 4 5 5 8 3 3 4 3 7 7 8 2 4 6 6 0 8 6 10 8 1 3 1 7 9 5 1 3 9 1 3 8 2 8 10 2 7 1 9 1 3 8 3 5 6 6 7 5 9 1 10 1 10 2 6 3 10 3 8 10 3 8 3 5 4 7 4 8 7 2 10 10 9 9 2 5 8 7 8 6 2 4 5 3 6 6 10 2 4 7 5 4 5 2 6 4 1 10 10 8 6 6 7 5 6 7 9 10 2 7 1 3 5 8 6 10 6 9 8 8 9 2 3 9 2 10 6 9 3 10 6 1 10 4 7 9 10 2 7 3 7 9 8 6 1 7
10 5 6 3 3 1 6 5 4 3 8 3 1 10 1 6 3 3 1 1 10 5 3 3 7 10 2 5 9 10 9 10 9 6 4 1 7 1 2 9 9 2 4 7 10 6 8 6 6 10 2 8 5 7 3 5 10 10 6 4 7 7 8 9 3 1 1 3 7 9 7 9 3 8 3 9 10 8 10 2 3 7 8 2 9 10 5 1 1 10 5 3 9 9 8 4 5 2 7 8 5 10 1 2 8 5 6 2 4 10 8 4 9 10 6 3 5 8 4 3 0 10 5 1 3 5 3 1 6 7 8 5 6 3 1 4 3 8 7 1 1 3 5 10 2 4 10 6 8 3 9 10 4 6 4 7 3 5 1 10 7 4 6 7 1 6 9 2 1 9 9 4 8 2 1 2 5 9 9 6 6 10 6 6 5 4 5 4 1 1 4 1 4 7 6 4 1 1 9 8 7 3 4 9 10 5 8 8 6 9 3 10 8 9 2 1 1 8 10 3 8 3 2 9 1 10 5 8 7 7 5 3 7 9 9 7 4 10 4 2 1 7 1 3 6 6 2 4 6 5
1 5 1 9 5 5 9 3 10 1 6 5 3 2 6 3 8 3 8 8 1 3 1 6 7 10 7 2 2 4 10 10 9 2 1 3 1 4 1 4 1 3 2 7 4 2 8 8 8 6 4 4 6 9 7 6 7 1 2 3 6 7 9 4 10 9 7 4 3 1 1 6 5 10 3 6 10 6 8 3 4 6 7 1 2 4 6 10 9 10 6 2 1 8 6 5 7 4 7 1 1 3 8 5 1 10 10 3 4 9 6 9 6 3 5 3 2 3 1 8 9 0 4 5 8 10 2 2 5 7 6 6 3 1 10 9 9 3 8 3 5 2 5 4 9 10 4 4 6 10 4 8 3 8 2 5 1 1 1 2 8 9 4 9 9 9 9 8 9 10 6 9 5 4 4 4 8 4 8 6 9 6 3 3 7 3 6 4 4 9 3 4 2 2 1 3 2 3 3 2 5 5 6 4 4 4 5 4 1 3 3 3 1 2 6 5 1 7 2 6 5 3 10 9 1 6 8 1 4 8 6 4 10 1 1 5 9 10 5 5 7 9 8 10 10 9 2 5 5 4
9 9 6 5 3 3 9 5 8 3 6 1 7 4 3 4 5 9 4 6 5 7 1 9 6 1 9 2 3 1 8 8 7 9 6 9 7 2 7 5 4 1 8 2 3 7 9 4 2 5 3 2 1 6 8 8 1 5 1 9 3 8 1 2 2 4 7 3 3 6 2 7 7 5 7 9 1 1 7 10 6 6 10 1 6 10 8 8 1 10 10 9 5 4 10 9 2 8 10 5 9 1 1 5 1 2 7 4 9 9 4 2 7 10 3 4 5 6 5 3 10 5 0 3 2 4 9 6 4 6 8 4 10 4 7 8 8 9 5 1 3 3 6 10 6 10 2 7 1 8 2 2 5 5 3 5 2 7 8 2 6 6 4 6 4 6 8 9 6 6 8 1 3 5 1 4 3 3 5 8 2 7 2 1 4 7 9 2 5 10 4 5 8 1 4 8 8 9 6 10 6 4 2 6 8 2 6 1 9 1 5 1 4 10 1 5 9 2 2 10 9 9 5 2 10 5 10 5 4 3 2 6 7 4 2 1 5 4 1 9 7 3 10 10 5 4 3 3 1 7
9 1 4 4 8 9 3 6 3 4 2 5 7 3 1 2 4 6 9 3 10 5 1 6 9 10 1 9 2 9 5 7 4 7 6 3 2 2 7 6 8 10 8 10 2 6 2 1 10 4 7 6 3 3 10 9 3 4 3 5 4 10 10 1 8 1 2 1 1 1 8 3 3 6 10 5 4 7 7 7 6 6 10 6 5 9 5 2 1 1 6 6 10 6 8 9 4 2 3 2 7 5 4 6 1 7 3 6 10 8 5 3 8 5 10 8 10 9 5 9 2 5 1 0 10 1 5 9 7 6 5 8 5 7 8 10 10 1 1 1 2 9 10 8 5 4 3 4 7 6 7 8 9 5 7 10 5 2 4 5 3 6 5 9 7 2 6 5 5 1 8 8 10 8 10 2 5 1 2 9 3 8 5 8 3 2 3 6 1 5 5 3 2 4 5 10 6 4 10 7 4 4 2 6 7 10 7 6 2 9 10 9 10 4 6 6 1 9 10 3 7 2 6 5 3 5 9 4 5 10 9 3 1 2 4 4 9 5 7 3 6 7 9 4 9 8 6 6 8 1
9 7 9 6 7 5 5 8 6 2 3 10 3 8 6 6 10 9 9 6 5 6 8 2 2 10 8 5 6 1 1 3 9 1 3 8 7 1 2 3 2 5 10 10 8 6 3 6 8 9 5 3 10 2 10 3 1 7 10 1 3 5 10 6 5 1 7 10 9 2 2 9 2 4 5 2 7 4 2 10 10 7 9 8 1 3 7 8 3 7 2 7 5 4 2 4 8 8 6 1 5 4 1 6 6 6 8 8 3 9 9 2 10 8 3 1 3 10 4 6 3 6 9 6 0 4 8 3 6 1 6 9 6 7 3 8 9 3 8 9 3 4 2 2 4 10 6 5 9 8 1 2 5 8 5 8 1 5 2 6 8 5 9 1 9 1 6 6 4 2 8 8 2 9 7 7 8 4 4 1 4 5 2 7 3 6 1 5 8 6 4 3 5 3 3 7 10 6 8 3 9 8 3 1 1 2 4 2 2 7 2 9 1 10 6 5 7 1 9 1 6 1 4 5 7 9 5 2 9 5 7 10 1 2 2 9 9 2 6 5 9 5 6 10 6 6 2 9 2 9
2 1 4 3 8 6 6 8 6 6 5 4 7 9 4 3 2 10 8 8 4 8 4 1 9 10 3 3 8 9 6 9 2 10 10 3 5 2 10 3 8 10 3 6 4 1 10 5 3 4 8 1 4 5 9 6 1 8 10 9 8 2 3 6 6 9 4 4 9 5 3 6 8 5 6 5 8 1 3 7 5 1 1 8 6 4 5 7 6 8 4 9 4 3 10 8 10 6 3 4 5 4 2 6 3 2 8 10 9 3 7 2 1 9 3 2 6 4 6 3 10 2 4 3 6 0 10 5 8 4 10 3 1 2 7 8 3 7 5 8 6 9 1 5 10 8 4 4 6 10 7 8 7 9 10 3 4 2 8 1 4 7 10 6 9 3 1 4 6 4 2 3 3 10 3 3 7 5 2 8 1 6 8 7 6 9 10 8 8 1 9 7 7 7 10 7 3 8 8 10 8 3 2 1 4 2 7 8 6 9 8 2 10 6 1 7 8 4 6 9 2 1 5 7 2 7 5 1 7 7 7 10 8 6 6 8 5 5 3 2 1 2 5 2 2 3 2 10 10 5
7 1 6 4 8 1 7 8 1 6 10 2 2 2 9 9 7 7 9 10 10 6 2 9 4 5 6 9 9 4 2 5 3 4 10 4 1 2 8 7 5 6 4 10 3 3 5 10 4 5 3 1 5 5 9 8 2 6 6 5 1 10 5 9 1 8 2 8 10 4 9 3 2 10 7 10 3 8 2 2 9 9 8 2 4 3 7 1 4 2 5 9 3 6 10 10 5 8 8 3 9 4 6 4 2 7 4 9 9 10 2 4 3 2 5 5 1 7 1 5 9 7 9 3 10 1 0 3 8 6 8 8 2 1 1 1 2 3 7 7 3 3 9 2 7 7 5 9 9 1 10 10 8 1 2 9 4 6 7 3 8 5 4 5 4 8 2 8 7 5 2 2 8 9 2 8 2 9 2 2 10 1 10 3 2 10 3 6 3 4 3 4 6 6 9 5 10 2 5 6 9 8 6 5 9 4 10 6 4 5 8 9 2 3 8 5 5 5 1 6 5 10 9 1 9 5 5 1 7 6 2 7 9 2 8 5 8 7 5 9 5 5 10 8 4 1 10 4 7 8
9 7 10 10 4 3 4 10 2 5 3 10 6 3 6 9 9 8 6 3 7 1 4 9 2 4 1 9 4 8 5 3 7 8 7 8 3 5 6 2 4 3 1 6 2 6 8 7 10 6 1 1 6 6 7 9 7 9 10 9 3 1 6 9 5 1 1 4 8 2 7 7 1 5 8 8 3 5 10 10 2 4 1 5 10 6 6 5 2 7 6 2 3 7 10 4 4 8 4 3 6 4 9 10 9 10 3 3 10 1 3 10 1 2 7 10 2 8 9 8 8 8 9 1 3 8 7 0 10 6 6 5 6 8 8 1 5 9 9 2 4 6 9 5 9 7 5 6 1 1 10 6 7 4 1 10 4 6 1 3 10 6 1 3 9 5 5 10 8 9 3 4 9 2 4 4 8 9 2 10 3 10 7 8 10 10 6 5 9 7 2 1 10 1 7 8 2 7 1 9 1 3 7 4 3 4 6 8 3 1 9 10 9 2 2 4 3 3 3 6 6 9 3 8 2 9 1 3 3 8 5 5 9 9 6 3 2 7 10 2 1 5 5 9 7 5 10 6 3 1
3 2 7 2 3 9 3 2 8 2 8 2 4 9 7 4 4 10 4 1 4 4 10 7 4 9 6 6 1 7 8 5 7 5 10 3 8 10 3 3 10 7 10 7 4 1 7 10 8 1 5 9 10 6 2 9 2 1 10 4 10 3 7 6 7 5 3 1 7 6 2 3 6 2 6 8 3 2 5 7 2 4 4 7 1 4 5 3 4 5 8 1 6 9 3 5 3 8 7 3 7 2 10 9 5 9 8 6 5 2 3 4 3 1 9 10 7 5 2 7 4 3 7 10 10 1 3 7 0 9 9 1 7 9 1 7 9 4 7 7 8 9 6 4 5 2 6 3 2 10 8 1 4 5 1 8 10 4 6 4 7 2 6 6 9 9 1 5 5 2 7 3 9 8 5 8 10 5 7 3 5 8 5 6 7 1 3 4 7 4 7 9 3 3 5 6 9 6 10 10 1 7 9 5 3 7 1 10 5 1 10 7 4 10 7 6 3 5 4 10 7 2 9 2 3 5 10 5 9 3 3 6 5 8 5 9 3 7 5 3 1 5 10 10 1 5 6 9 9 1
8 3 3 5 10 6 1 9 10 7 1 10 10 2 9 2 3 7 6 9 2 4 6 10 8 1 5 7 10 10 1 10 2 4 10 6 1 1 9 10 4 2 2 5 8 4 5 9 8 5 9 3 3 6 3 2 6 7 8 2 3 1 8 8 2 4 5 7 5 6 5 3 6 3 5 2 2 7 1 7 6 4 9 4 10 10 9 3 10 2 1 7 5 10 1 10 3 5 5 2 7 5 8 2 3 2 3 4 10 3 2 7 5 5 4 3 2 5 9 6 6 1 4 9 4 9 9 1 2 0 7 2 4 4 1 7 4 6 7 6 4 5 2 10 2 5 10 1 8 8 6 3 4 10 3 8 9 2 8 1 1 5 2 2 7 1 6 8 1 6 10 8 5 2 3 1 3 5 5 2 3 5 2 1 8 5 9 8 8 1 6 5 4 7 10 1 5 9 1 3 10 10 4 9 4 3 5 9 10 5 6 4 10 2 9 10 6 5 9 2 4 1 10 2 1 4 3 4 5 1 1 1 1 9 5 2 3 8 2 6 6 3 6 6 10 9 10 9 5 3
5 7 3 10 1 2 8 9 6 8 8 1 9 2 9 8 3 6 5 9 7 6 7 6 10 6 2 4 1 1 2 4 6 7 7 10 8 10 4 9 9 2 6 2 7 6 5 4 4 4 2 6 10 2 2 9 10 2 4 8 7 8 1 7 8 8 5 10 2 1 3 1 9 3 5 9 4 7 7 3 2 9 10 6 1 1 4 9 8 10 6 6 5 6 6 4 8 9 10 7 2 9 8 9 9 7 2 7 4 2 10 1 8 7 5 10 6 3 8 4 3 1 9 4 1 9 6 10 2 1 0 6 3 9 3 1 10 6 6 7 10 3 10 2 8 1 4 9 2 10 4 5 6 4 10 5 7 2 4 3 2 7 3 3 5 8 4 8 6 9 4 10 3 6 8 4 6 1 2 2 10 4 7 9 4 10 5 7 4 1 2 5 6 4 10 2 5 7 4 8 3 3 6 10 7 1 4 4 6 7 8 8 3 7 6 1 7 2 5 9 8 1 7 8 9 3 7 3 1 1 5 7 5 1 4 2 3 2 8 3 10 2 8 9 8 2 3 2 2 4
7 8 5 3 2 10 4 2 6 5 9 2 9 1 5 4 7 8 7 7 6 7 4 4 5 7 3 6 1 7 10 5 4 1 5 7 8 2 7 1 10 1 5 5 9 7 9 4 4 3 10 2 4 10 10 5 2 10 4 1 5 3 4 9 1 1 8 8 10 1 5 2 10 4 6 10 7 10 6 2 7 9 10 10 3 7 10 2 8 10 4 3 10 8 10 6 7 8 3 2 1 7 10 3 3 1 6 2 10 3 7 5 7 7 10 10 9 1 9 9 1 10 7 1 10 6 6 6 7 6 2 0 2 7 1 3 9 1 6 3 10 3 9 10 10 3 6 8 10 8 10 10 5 8 3 10 3 5 2 10 8 9 6 9 7 8 3 3 5 7 2 10 5 2 7 10 5 1 9 9 8 5 2 6 3 7 2 4 9 2 2 3 1 10 8 2 5 10 9 3 10 5 8 5 5 8 4 2 7 4 5 2 8 10 3 8 6 3 9 5 7 5 6 6 10 10 9 4 8 10 7 10 1 10 5 7 10 9 3 7 2 4 2 2 5 5 1 1 1 7
9 9 7 1 6 5 10 10 5 8 9 1 4 1 10 1 5 10 10 6 6 2 7 10 9 3 7 5 8 10 1 5 6 1 10 6 2 2 6 10 6 6 3 1 3 8 7 1 9 5 2 3 4 6 3 8 2 2 9 4 10 3 6 1 5 3 7 4 1 3 7 4 2 4 7 3 1 7 9 2 2 8 8 7 4 3 4 6 3 9 7 2 4 3 6 8 1 7 5 8 5 10 5 10 5 5 1 1 7 10 4 4 10 3 6 10 7 1 1 9 6 5 9 5 7 7 9 2 10 6 6 8 0 5 5 4 2 8 9 7 1 6 1 8 2 7 1 3 8 10 6 10 5 9 2 5 7 7 2 9 2 8 6 6 4 3 4 5 6 6 2 5 5 1 7 8 9 4 9 3 6 2 7 4 8 7 3 10 6 2 7 3 8 3 7 10 6 8 3 9 8 1 9 1 5 1 10 10 1 7 2 4 9 8 7 7 7 6 10 7 6 10 10 3 7 8 6 8 5 5 3 7 9 7 6 5 5 4 3 2 8 5 2 3 10 2 8 7 7 9
4 5 2 7 1 3 8 10 2 10 7 7 3 7 6 10 3 5 3 8 6 5 3 9 3 3 3 5 8 10 1 8 9 2 5 7 9 9 1 9 8 8 4 2 10 3 9 10 3 6 2 3 8 7 8 6 10 7 1 3 4 4 4 6 3 9 4 2 6 4 3 1 3 3 10 10 8 6 5 1 4 6 9 8 1 10 9 9 9 1 4 3 10 3 2 5 4 1 5 5 4 6 9 4 7 5 4 4 8 3 2 3 9 10 1 7 1 7 6 5 5 1 9 5 4 8 5 5 9 7 7 9 10 0 8 6 4 7 2 6 2 9 8 4 5 4 6 1 7 4 2 2 6 1 9 9 4 5 9 7 2 8 4 5 5 3 9 2 1 9 7 5 3 8 10 8 7 7 3 8 9 1 7 3 10 4 4 6 2 8 2 6 9 4 2 9 5 3 9 3 1 10 5 2 6 7 5 9 1 4 7 3 5 10 2 6 7 4 3 2 10 1 4 5 8 10 4 10 7 7 2 6 1 6 8 4 9 2 7 10 7 1 3 10 6 1 5 8 9 10
5 1 4 4 2 10 10 2 5 8 7 9 3 9 4 7 7 2 10 5 4 2 2 10 8 9 8 3 10 10 6 9 4 8 5 4 5 10 2 8 2 7 10 1 4 7 10 7 5 1 6 8 5 9 8 6 9 3 7 5 2 4 10 7 3 5 6 8 2 6 1 5 3 8 2 6 8 7 3 9 4 5 7 10 4 2 8 1 1 5 7 9 4 3 3 2 2 4 7 6 5 8 7 10 7 1 2 6 10 10 9 7 1 3 5 6 8 8 3 9 2 8 6 4 3 10 5 9 1 7 5 1 9 5 0 4 2 1 1 5 9 3 9 1 10 9 3 8 7 3 9 3 6 3 2 3 6 4 6 2 2 9 8 6 8 5 2 10 6 6 7 10 5 3 7 4 5 2 10 7 1 3 10 4 8 2 9 1 10 5 1 6 7 7 4 1 10 7 10 1 7 4 8 6 3 1 6 2 7 1 6 5 3 5 4 7 3 10 5 8 7 2 9 3 5 1 1 2 1 4 8 1 8 10 6 9 6 7 10 9 1 7 5 3 7 2 5 2 2 7
7 9 10 8 4 7 4 9 9 3 6 4 9 6 4 7 1 5 4 10 1 10 1 9 2 7 9 4 3 2 8 6 6 10 2 6 9 4 5 1 2 3 8 8 9 8 10 3 6 4 5 9 3 7 4 9 7 7 10 6 3 1 1 10 7 1 6 2 5 7 2 3 5 5 5 10 4 4 5 6 5 9 3 7 5 6 4 9 5 3 1 2 1 10 9 6 5 5 1 2 1 2 7 2 3 10 8 6 7 8 1 8 4 9 4 1 3 5 4 7 2 9 8 4 10 5 5 7 3 5 5 1 3 9 8 0 9 2 9 7 7 6 2 9 10 8 4 10 3 2 8 7 8 7 1 1 10 6 7 10 6 5 10 9 4 1 5 1 6 3 8 8 9 5 10 7 1 9 9 9 3 9 1 7 10 8 10 8 7 8 4 3 2 1 4 3 10 10 7 2 2 5 9 4 4 6 2 9 1 5 5 9 8 6 6 7 8 6 1 5 7 3 10 10 8 5 2 6 9 2 10 2 10 3 6 9 7 10 1 2 5 3 9 10 7 6 7 1 4 2
2 4 10 10 6 1 2 4 2 1 7 7 4 2 7 10 3 1 4 7 1 10 8 5 9 5 2 6 3 10 9 9 5 4 7 3 8 8 3 10 10 10 8 2 3 5 2 2 10 9 8 7 3 3 8 9 4 1 1 1 6 5 5 7 6 4 1 3 9 10 8 9 5 10 2 7 3 3 8 9 1 7 5 9 7 10 5 10 8 3 7 3 2 5 5 10 1 4 2 2 4 1 4 5 6 8 9 2 6 1 8 5 3 4 7 9 7 8 2 8 4 1 5 1 9 5 9 3 1 2 1 1 3 1 6 1 0 10 8 7 9 5 2 9 1 3 10 3 2 6 7 2 5 4 9 7 6 5 2 3 7 2 3 6 9 7 4 2 1 4 10 4 9 10 4 3 6 3 2 8 3 1 3 4 6 7 2 4 6 8 4 9 1 2 6 6 10 1 9 1 2 7 2 7 10 4 3 7 10 3 7 4 1 3 1 3 1 6 9 10 2 7 6 1 1 9 7 10 2 8 8 4 10 5 7 10 1 2 8 7 10 6 7 7 5 4 9 6 10 6
2 4 1 6 4 5 1 6 6 5 3 7 2 9 3 8 2 9 7 7 1 8 9 4 3 9 1 2 2 8 6 4 10 7 4 4 2 10 9 5 2 8 9 3 9 8 7 9 9 9 8 7 4 4 6 6 8 9 2 10 4 6 10 2 4 2 5 7 10 7 6 5 6 2 9 2 9 10 1 3 8 4 1 4 4 8 2 7 5 5 9 4 7 1 4 4 5 6 4 5 6 5 5 2 7 5 6 7 6 6 1 6 2 1 10 1 5 7 3 4 9 5 4 10 10 5 5 3 5 6 2 7 6 2 3 9 1 0 4 5 1 1 5 10 10 3 6 4 1 7 5 4 2 5 4 2 1 8 8 3 2 5 10 3 9 1 1 8 3 7 3 4 9 8 3 3 8 6 7 5 9 1 8 7 9 3 3 10 3 3 8 3 6 10 6 4 8 6 1 5 10 9 2 6 4 5 8 4 3 4 9 9 2 8 3 1 3 4 3 7 7 2 1 10 2 9 2 5 3 3 2 5 1 7 3 4 2 3 8 1 2 2 4 4 3 8 4 1 4 9
2 6 2 9 10 7 3 4 7 5 4 1 5 9 8 2 7 8 6 4 1 2 7 5 9 2 10 7 5 1 4 7 8 7 6 1 3 8 7 4 4 5 4 2 8 8 5 4 4 7 9 10 6 10 6 7 7 2 8 7 3 5 10 1 4 1 2 6 1 10 5 3 1 2 8 8 10 4 7 10 1 5 3 1 6 6 3 2 2 10 3 10 10 5 7 3 3 2 6 2 10 10 7 1 1 3 6 2 7 10 8 4 2 8 9 7 10 6 9 9 2 5 8 2 5 8 9 8 7 9 2 8 1 3 7 10 10 3 0 2 5 10 8 10 4 7 10 4 5 8 4 1 10 6 1 7 10 1 2 2 9 3 7 6 1 6 1 7 9 10 6 4 5 2 10 4 7 1 7 8 6 2 8 8 7 3 8 9 4 10 6 3 5 4 8 1 1 10 1 8 3 10 9 8 5 5 8 8 5 1 5 3 1 3 6 2 4 8 3 3 10 3 1 6 3 10 7 3 4 8 7 5 10 3 5 9 6 7 5 5 3 5 7 2 9 2 3 4 3 2
8 4 4 9 6 6 6 10 8 6 9 10 1 10 10 3 3 4 5 7 6 5 3 7 2 9 10 8 2 5 7 8 4 2 4 3 4 1 5 6 1 1 3 6 3 6 7 10 4 4 4 6 1 9 6 5 1 9 2 4 4 5 5 9 10 1 8 5 1 1 3 10 2 7 10 6 10 5 5 7 1 3 1 4 7 2 5 10 10 3 5 4 8 4 1 10 7 8 2 1 7 10 6 8 2 6 10 9 8 8 2 3 10 8 5 8 8 9 8 9 8 4 1 10 10 3 1 10 8 8 2 5 2 8 2 10 8 3 4 0 7 7 3 8 7 5 2 9 8 6 8 6 7 2 2 5 8 10 10 10 8 4 10 9 3 9 9 1 4 7 2 3 9 8 2 7 1 1 3 7 8 3 6 2 1 2 10 9 5 9 10 2 7 10 5 10 9 3 2 7 8 6 9 8 3 8 3 5 1 8 4 3 1 3 4 5 3 1 7 2 9 8 8 8 7 7 4 8 7 10 8 6 5 2 5 9 10 2 2 1 8 10 10 4 1 9 4 8 7 9
5 10 6 5 2 2 3 10 7 6 6 2 4 2 4 6 2 10 9 4 2 5 4 4 3 1 2 3 4 3 5 9 7 9 3 6 7 5 5 2 2 5 2 4 9 8 2 9 6 8 4 8 10 1 7 3 5 8 8 3 6 8 7 7 3 7 8 6 6 7 3 4 1 6 3 2 1 1 7 8 1 10 1 4 3 2 4 3 5 1 9 5 5 9 2 1 3 2 9 4 8 5 4 2 4 6 7 1 3 6 6 4 10 7 10 5 3 3 10 1 9 10 2 2 10 1 4 8 8 5 7 2 4 2 4 10 9 1 8 9 0 8 10 10 4 4 9 1 4 10 7 1 9 9 1 1 8 8 2 7 6 1 6 6 3 5 6 9 2 3 4 8 7 1 9 2 8 6 5 9 1 8 7 9 2 8 1 1 8 9 7 10 2 7 2 6 8 10 9 2 9 1 4 2 4 10 2 10 4 8 6 4 7 6 6 7 7 1 8 4 2 6 3 9 2 5 9 5 4 2 5 9 8 8 8 2 3 8 3 5 7 5 9 9 5 7 5 8 4 2
8 5 9 9 9 10 2 6 3 7 3 3 8 8 9 5 10 10 10 7 2 4 6 10 4 4 3 2 4 6 5 9 6 3 7 4 3 4 1 2 6 3 9 3 4 10 3 7 7 4 9 8 4 10 5 2 2 8 5 9 1 2 6 2 9 6 9 8 5 4 2 2 9 4 7 8 1 1 6 9 8 10 6 2 9 3 5 7 4 9 10 2 8 4 8 9 3 1 2 10 6 8 4 3 2 10 9 2 2 3 3 2 6 7 10 5 1 4 3 1 1 2 1 4 1 4 4 2 4 8 9 6 2 7 1 7 4 7 9 8 6 0 2 7 5 6 1 7 5 1 5 10 1 6 4 1 5 6 7 10 4 6 3 10 3 5 8 1 8 5 7 10 8 4 10 4 4 9 2 5 1 9 9 1 7 5 8 3 10 4 10 9 5 3 9 5 6 1 10 1 9 9 1 1 7 9 4 7 8 7 2 5 1 1 9 6 1 9 2 9 4 9 10 3 10 9 10 1 4 9 4 1 5 3 2 7 9 8 9 1 4 10 10 1 5 10 2 5 6 9
10 3 8 10 3 5 1 2 9 2 6 5 8 6 4 4 6 7 8 5 1 1 8 8 1 7 3 6 3 4 2 3 10 5 4 10 4 6 4 9 2 5 6 4 6 8 8 2 10 5 4 10 3 10 4 10 7 6 5 8 10 1 3 5 8 3 6 5 3 6 1 8 5 8 1 1 5 9 1 1 1 9 10 10 8 1 10 6 4 2 9 6 9 8 10 6 8 7 9 10 9 9 2 1 7 5 1 4 4 10 4 10 7 5 3 3 10 8 6 3 2 4 5 7 2 1 2 9 1 4 4 3 8 8 9 4 3 1 10 7 4 8 0 9 3 4 6 6 9 8 3 6 7 5 9 3 5 4 1 3 7 10 4 6 2 4 4 2 7 10 5 1 10 7 4 10 10 6 5 4 10 4 6 7 5 2 10 5 5 10 4 7 8 7 9 1 2 7 2 4 8 10 7 4 8 8 6 9 1 9 9 2 1 8 4 3 9 4 7 4 8 5 7 10 6 6 7 2 4 8 4 8 3 9 3 10 10 3 1 10 3 1 7 6 1 5 5 8 7 4
1 6 3 9 9 9 6 5 2 10 1 10 1 9 2 6 9 1 6 8 8 2 7 10 5 6 8 8 3 8 8 6 1 2 2 2 7 6 7 4 5 7 8 9 4 4 5 7 2 8 2 7 4 10 8 3 2 9 3 9 6 7 5 2 7 9 8 6 8 9 3 7 4 9 5 6 8 2 7 3 2 2 6 5 2 5 4 5 8 6 9 7 8 4 3 4 6 1 7 8 7 5 3 1 4 4 6 6 1 6 4 6 6 7 10 8 3 7 1 9 6 7 9 4 6 5 7 7 1 1 7 7 3 2 3 9 4 10 8 9 4 10 2 0 4 10 2 7 4 9 8 9 5 2 5 10 8 10 1 5 1 4 6 3 10 10 1 10 3 1 2 3 1 2 4 9 7 9 7 10 1 7 6 3 1 5 5 4 8 7 7 4 9 1 8 2 4 1 9 4 5 6 8 7 2 5 9 6 8 1 1 2 4 6 3 6 9 5 8 7 10 6 4 8 4 7 2 4 5 4 4 8 8 10 4 4 7 7 6 9 1 6 7 6 1 7 7 3 2 10
9 10 4 8 2 5 7 3 7 8 3 5 10 2 6 7 8 6 5 10 4 5 2 1 2 1 2 7 3 3 4 1 1 4 6 6 4 6 7 9 2 10 6 10 2 10 4 5 9 7 10 6 7 6 3 3 6 10 10 8 1 9 4 10 10 2 2 2 8 9 2 10 4 1 7 7 1 2 5 8 10 8 7 7 9 5 8 5 5 2 4 2 6 8 6 2 1 4 6 7 2 8 10 8 4 3 3 7 3 10 7 2 6 2 4 8 2 5 7 10 1 2 1 7 10 9 9 3 3 5 4 1 1 2 5 10 1 6 9 8 8 8 8 2 0 4 2 2 7 6 10 6 2 5 5 5 5 8 7 5 1 5 4 9 9 1 2 6 1 2 8 5 3 6 9 7 1 10 4 10 1 3 3 9 3 2 5 7 2 6 9 3 1 1 4 10 6 3 6 6 7 5 6 4 9 7 6 6 6 2 8 2 1 1 10 4 6 6 8 1 10 5 5 9 9 4 1 3 6 9 9 6 4 9 4 8 7 6 3 6 9 2 5 7 2 8 9 10 6 8
6 5 9 8 5 9 1 8 9 4 10 7 6 10 9 4 2 10 2 4 8 4 4 4 2 3 2 10 4 8 9 4 6 9 10 4 1 10 6 10 8 6 8 2 10 2 2 2 5 5 5 10 7 6 7 8 7 10 5 3 8 10 2 6 3 8 3 5 10 9 3 8 3 10 1 6 9 7 6 7 1 9 9 4 4 7 7 8 8 6 5 6 2 5 2 9 3 1 1 7 6 7 6 4 8 6 1 9 4 2 10 1 8 5 1 9 8 3 10 10 1 2 7 3 3 6 2 7 3 9 4 2 2 1 2 6 1 1 5 10 9 7 5 4 3 0 2 2 8 2 9 5 4 8 9 5 10 10 3 5 8 6 5 9 10 4 10 10 4 6 2 6 8 7 8 2 2 3 9 2 7 5 5 5 10 4 2 1 10 8 4 8 2 7 7 2 3 5 8 3 7 8 5 10 6 6 3 1 1 1 3 1 2 10 6 10 4 10 8 8 4 5 9 6 1 10 2 8 10 10 3 1 1 2 7 6 6 2 8 4 8 4 3 1 2 2 2 9 10 8
2 6 8 3 1 8 6 10 1 5 9 6 3 10 1 3 5 2 3 2 3 8 10 7 2 8 7 4 6 8 9 5 6 5 4 3 10 1 5 1 1 1 3 1 7 7 7 3 2 1 1 9 5 5 10 9 5 1 4 7 4 2 5 1 3 1 5 9 4 8 1 10 9 10 8 9 7 4 10 6 6 2 9 2 2 5 9 1 8 8 6 5 6 10 1 5 10 1 5 7 7 5 4 5 6 10 7 1 1 8 2 5 7 7 4 2 2 10 8 8 2 4 7 7 2 5 2 7 4 3 1 4 3 6 5 4 6 8 10 7 5 3 5 4 9 3 0 7 9 10 1 7 1 10 4 6 4 7 5 10 8 10 9 7 3 7 6 7 5 2 6 5 4 3 3 9 9 9 2 8 4 6 3 6 9 5 6 2 4 6 4 3 5 7 9 6 3 9 7 4 4 9 10 9 1 7 3 10 9 7 1 1 7 5 2 1 3 2 1 6 9 3 4 1 5 5 8 4 7 6 7 1 8 2 2 6 3 2 2 1 7 8 7 5 7 8 6 5 8 7
1 3 9 6 1 5 4 1 8 7 7 1 10 5 7 9 1 4 5 10 7 2 5 4 4 4 3 7 9 7 5 6 10 4 1 2 1 8 7 4 8 10 4 6 7 10 4 10 10 8 6 5 6 7 10 9 3 4 8 2 10 3 8 3 4 3 8 5 6 5 10 7 7 9 5 2 9 2 3 4 4 9 7 8 7 9 5 5 9 10 7 1 8 3 4 8 1 10 1 6 7 8 7 1 1 5 5 1 7 3 5 5 7 5 9 3 3 10 6 6 5 7 1 3 1 9 2 10 1 9 7 9 9 5 3 8 9 1 2 3 5 8 2 10 8 8 10 0 8 4 7 1 5 9 7 6 9 9 4 3 8 9 7 8 2 6 1 3 3 6 3 9 9 5 10 5 6 7 5 1 3 10 10 6 7 8 3 3 4 5 5 7 7 9 3 9 6 4 7 1 9 10 1 1 3 1 7 9 6 8 7 5 5 9 2 10 8 3 4 7 7 2 6 6 9 1 8 3 1 9 8 9 7 4 5 5 10 2 2 10 5 3 8 2 9 4 1 3 6 2
7 10 10 10 9 5 8 8 4 4 5 4 2 7 9 1 6 8 9 3 8 9 3 7 3 9 8 6 1 2 1 9 2 8 5 10 10 10 10 8 2 5 2 8 2 7 10 3 10 3 9 3 7 4 1 3 6 7 9 2 8 10 2 6 5 7 1 4 5 6 10 7 9 7 5 6 7 1 8 6 3 9 5 9 5 3 8 1 9 7 5 6 1 7 8 4 9 7 5 2 8 8 10 6 9 4 8 4 9 9 7 4 8 1 3 10 5 2 9 3 9 5 2 10 9 10 1 2 3 1 8 7 4 2 1 9 9 5 3 4 3 10 6 6 9 3 6 9 0 4 7 1 1 1 5 2 6 8 2 9 10 8 9 8 5 4 7 1 2 1 1 9 7 3 9 2 10 9 3 1 8 3 4 9 1 3 8 3 3 3 9 6 4 3 4 4 6 6 10 7 10 4 3 2 6 7 3 8 4 2 8 3 7 2 7 6 1 6 3 5 6 2 8 5 8 6 5 3 8 6 5 4 5 9 9 6 10 1 6 6 9 6 6 4 3 6 7 7 3 5
2 3 2 10 5 8 10 10 10 6 8 3 8 10 4 10 6 5 3 4 5 4 8 5 2 1 3 1 1 8 1 8 1 7 1 2 7 6 9 6 3 6 10 7 9 2 7 9 7 2 8 5 1 4 2 10 9 7 6 10 10 7 10 2 5 4 1 5 9 8 7 1 10 1 9 2 2 2 4 2 9 7 8 10 4 8 2 7 10 1 7 2 4 6 1 7 2 8 7 6 3 6 5 4 7 1 7 2 2 2 8 2 8 5 6 5 7 10 3 2 1 3 7 9 1 5 8 8 7 1 10 6 1 9 5 3 2 4 4 6 8 3 6 8 10 8 5 4 5 0 3 9 9 3 2 2 7 6 4 6 4 7 5 1 8 5 5 9 2 5 6 3 2 2 9 5 6 5 6 1 5 8 4 5 4 6 3 6 10 3 5 2 1 4 8 9 5 8 9 3 2 1 5 6 3 7 5 8 5 10 4 9 7 1 2 2 9 8 5 1 3 6 9 9 9 5 10 10 9 9 9 4 3 7 4 2 4 7 1 2 7 2 4 9 7 6 10 5 7 3
7 2 8 7 5 2 10 4 2 3 3 4 9 1 8 8 3 3 1 5 9 8 1 9 5 10 4 7 9 4 5 10 1 1 8 5 6 10 7 9 9 9 10 2 7 10 1 10 7 2 10 9 5 9 8 3 9 4 6 2 7 10 1 2 6 3 5 6 9 2 7 7 6 6 6 2 4 3 7 2 8 7 6 2 7 2 3 5 1 2 4 2 7 3 9 4 5 10 8 4 9 9 5 4 1 6 1 4 10 9 5 4 1 1 1 7 4 8 6 1 8 4 8 8 1 7 2 10 2 3 5 3 5 2 8 8 1 1 2 9 10 10 9 7 3 3 8 6 4 10 0 3 5 3 10 10 6 7 3 10 7 5 2 8 2 3 2 3 4 10 1 5 7 7 4 2 1 2 5 1 9 7 5 10 2 1 5 4 4 9 3 10 8 3 1 7 8 8 3 8 10 1 6 2 5 7 5 1 1 2 9 2 2 4 8 3 4 7 4 5 4 2 7 6 4 9 6 1 7 5 5 5 7 1 10 9 9 8 2 7 3 8 1 1 8 2 5 1 1 5
9 7 2 3 10 2 10 2 2 2 2 7 2 5 2 5 3 7 9 1 7 8 5 5 7 3 9 6 9 1 3 9 1 10 6 3 2 9 4 8 4 5 2 3 5 7 7 6 6 10 1 3 3 4 1 8 6 2 6 8 7 1 1 1 4 1 7 7 3 8 5 2 3 1 6 5 3 5 1 8 9 9 5 3 10 2 7 9 2 6 2 8 2 4 10 2 4 1 5 1 7 9 10 9 6 7 4 5 6 10 6 9 9 2 8 7 10 7 6 6 1 3 10 2 10 4 4 3 7 6 7 3 5 3 2 5 7 4 8 4 3 2 7 6 9 9 7 3 9 7 7 0 8 3 7 7 8 5 7 4 10 9 4 5 1 6 3 6 1 8 8 3 8 4 5 4 1 7 2 2 9 7 1 6 6 6 10 8 3 9 10 2 10 1 1 9 4 2 10 3 10 4 6 3 4 9 9 3 10 7 10 5 4 7 8 2 2 9 8 8 10 1 8 3 2 5 5 4 1 5 2 1 5 3 7 1 1 9 2 2 8 6 10 6 10 6 8 5 6 2
1 6 2 9 3 1 1 4 9 3 6 9 5 4 2 3 2 9 1 2 5 10 3 10 6 8 2 4 10 9 10 3 6 5 5 9 2 9 3 9 1 6 4 2 1 2 1 3 3 6 5 2 5 8 4 3 2 8 2 9 9 7 7 4 9 9 5 9 4 1 6 6 6 3 10 8 8 8 9 9 6 5 10 2 1 9 5 7 2 4 3 8 6 10 6 10 1 1 8 1 7 6 3 8 7 4 7 9 10 1 4 3 8 9 3 1 9 10 6 10 9 1 1 2 7 8 6 1 4 8 8 8 3 1 2 7 8 1 10 9 10 2 5 3 8 10 4 7 6 4 2 3 0 5 2 1 7 9 1 6 8 7 6 6 6 3 4 6 5 8 5 1 9 3 10 9 7 7 3 10 7 10 6 6 7 7 7 7 8 5 3 9 9 5 1 8 1 7 8 7 2 5 2 9 9 2 3 5 6 4 9 5 5 9 6 6 6 3 10 8 5 10 2 7 10 6 4 2 4 7 8 7 3 3 2 5 10 5 3 7 5 2 3 2 2 5 9 10 5 7
1 7 10 9 4 6 5 9 5 8 7 7 7 3 5 1 2 6 10 9 7 9 4 1 8 6 6 4 9 1 1 4 7 3 5 10 5 7 2 8 2 1 7 10 7 4 10 1 3 3 2 5 7 5 1 1 6 7 10 9 5 8 2 5 1 2 6 1 9 4 8 6 7 5 5 6 6 8 7 6 7 4 5 10 9 9 6 5 7 6 10 3 8 5 7 2 4 2 5 5 5 7 3 2 3 6 4 9 1 5 9 7 10 9 3 8 8 2 7 2 2 7 3 7 1 5 5 2 1 10 9 6 8 3 8 7 9 5 4 10 9 6 3 1 9 8 2 5 9 2 4 9 10 0 10 7 8 9 1 2 2 2 2 10 9 8 1 6 2 4 5 8 5 2 1 3 2 3 9 10 5 6 2 1 4 3 3 3 2 5 10 9 10 5 1 4 9 4 4 1 8 5 4 4 4 5 10 2 4 1 8 8 10 7 10 9 7 8 6 7 1 2 6 6 3 9 9 7 5 2 7 2 8 4 1 5 1 4 9 1 1 8 2 1 2 8 9 2 5 10
9 1 10 3 8 9 4 3 5 4 7 9 7 4 1 4 2 10 10 8 7 1 4 7 5 5 10 10 5 5 1 6 2 3 3 6 8 5 9 5 8 8 2 7 2 4 3 2 1 5 5 9 5 3 7 4 2 2 1 3 3 8 5 4 10 6 9 6 6 9 6 7 7 1 2 8 5 9 5 10 2 3 5 9 8 8 8 4 6 8 1 9 5 3 7 8 9 3 4 4 9 5 8 1 10 8 6 6 10 10 9 3 6 7 1 5 4 2 10 9 9 2 10 5 8 8 2 1 8 4 9 2 8 9 5 7 10 7 7 7 4 9 1 7 10 10 4 8 10 3 3 8 8 8 0 8 9 1 2 3 9 2 8 3 2 9 7 3 9 5 9 10 3 4 1 10 5 4 7 5 6 7 9 6 4 7 10 9 6 4 9 5 8 2 6 9 5 10 4 7 2 9 9 10 9 10 7 6 2 2 1 6 3 5 7 10 10 10 6 2 1 6 8 3 10 8 2 3 9 7 7 3 9 10 2 4 3 9 9 7 2 4 10 4 3 1 6 1 7 7
1 9 6 8 1 6 9 8 4 7 6 1 8 2 4 6 10 3 6 2 8 4 5 10 5 2 2 1 8 9 10 10 10 10 6 6 6 2 9 5 2 5 10 6 4 7 2 1 1 5 2 2 3 2 8 7 7 3 3 3 6 7 5 4 9 7 5 7 9 2 10 9 5 3 9 7 3 1 7 5 2 3 9 6 3 3 1 10 4 5 2 10 3 6 7 2 3 2 1 7 8 1 9 5 7 2 4 4 9 6 8 5 4 10 7 9 1 6 7 5 7 3 1 7 8 7 10 10 8 1 2 6 10 10 9 9 9 1 4 2 6 1 8 7 3 10 7 5 4 9 1 10 8 2 3 0 3 10 4 1 5 6 3 8 6 1 3 1 7 6 4 7 6 10 7 1 8 7 8 2 7 3 4 4 9 10 2 5 5 5 1 8 4 4 10 10 6 1 3 2 8 10 6 10 8 2 10 8 8 7 8 2 10 2 5 5 1 2 4 3 8 6 8 8 8 4 6 3 8 4 10 3 4 7 3 9 8 2 3 4 8 9 4 2 9 3 4 2 7 5
3 3 3 3 6 8 8 3 8 8 6 2 6 3 9 4 8 7 3 3 9 1 4 4 9 1 2 8 7 8 4 10 4 7 7 8 7 1 2 5 6 1 2 9 1 10 6 8 2 3 3 2 10 8 2 6 8 10 9 9 2 2 5 7 3 2 4 8 8 1 10 1 5 1 4 9 6 2 9 1 7 4 4 1 8 6 1 4 8 3 10 8 1 9 10 8 10 2 8 7 4 10 10 6 6 9 5 3 1 10 1 2 2 3 8 2 4 2 7 6 5 7 6 4 5 7 3 6 7 5 3 8 1 4 5 5 5 9 1 1 1 8 9 8 3 4 5 3 2 7 1 6 4 8 5 2 0 2 5 2 7 5 4 10 2 5 10 2 2 3 8 10 1 5 5 2 5 7 1 2 7 10 10 9 2 6 6 1 5 1 7 9 2 10 6 4 2 8 8 5 6 6 8 7 1 4 8 1 8 5 1 1 5 10 1 7 10 1 3 2 3 10 7 6 1 9 3 5 5 3 8 2 8 2 8 7 10 6 3 9 3 5 10 1 1 5 6 10 1 6
6 9 7 10 8 9 1 6 4 4 8 1 6 8 3 4 4 1 3 2 4 3 4 3 6 8 5 7 9 4 6 3 7 7 5 3 1 4 10 5 10 3 8 4 9 7 7 2 6 5 4 10 10 9 3 1 6 10 2 6 4 2 6 8 6 4 9 5 3 8 1 1 4 7 7 8 5 9 4 1 3 6 9 3 5 2 2 8 2 5 5 2 10 4 3 3 4 10 2 8 8 4 6 5 7 7 10 1 5 3 7 6 2 7 9 10 7 7 5 10 3 1 8 6 6 2 7 3 3 9 2 9 7 6 5 8 6 9 2 6 2 9 4 7 8 1 5 9 8 5 10 2 2 3 7 6 9 0 2 3 2 4 10 1 8 5 3 5 6 6 3 2 8 1 4 8 1 1 5 7 2 4 3 3 1 10 2 7 3 2 4 8 5 6 8 10 3 2 7 4 8 6 10 10 8 6 3 7 8 2 7 4 5 8 4 3 6 5 5 6 3 3 10 5 5 6 5 8 9 4 4 10 6 5 7 8 10 9 8 1 8 7 2 6 9 1 4 9 4 3
7 10 9 1 9 2 9 9 7 7 5 5 6 5 5 2 4 8 3 4 9 4 9 1 3 2 3 1 1 3 9 10 1 8 9 7 2 2 4 5 4 10 8 1 10 3 6 9 3 10 1 4 3 2 5 8 10 4 2 2 6 9 6 5 7 3 1 7 10 7 8 3 9 10 8 7 2 5 5 6 1 10 7 2 5 7 2 7 1 7 5 3 10 2 10 2 9 9 3 6 7 10 3 1 4 8 4 9 6 8 10 6 2 2 8 9 5 9 1 3 9 5 9 7 2 10 5 7 9 6 7 4 4 2 8 7 4 6 1 7 7 9 4 9 6 4 1 7 8 10 7 4 1 10 9 9 6 6 0 1 10 3 5 1 9 1 8 1 6 5 2 7 8 10 2 1 6 6 10 4 6 6 5 10 3 7 5 1 8 6 3 2 6 3 9 4 5 8 8 8 5 1 1 5 8 9 10 9 9 3 5 3 10 10 7 2 7 3 1 10 6 7 10 2 1 9 2 10 2 9 3 8 3 2 8 5 8 7 1 7 7 1 10 6 9 6 4 10 5 9
3 4 6 1 2 4 8 5 8 7 3 9 3 5 6 2 9 10 3 9 9 7 10 4 4 2 3 6 1 8 4 4 10 8 4 1 9 6 4 8 10 7 5 10 1 2 4 3 3 3 1 6 1 9 2 8 10 3 4 5 4 10 3 7 7 7 8 2 5 7 4 9 1 3 6 2 4 10 5 1 9 7 5 5 10 5 6 9 9 9 3 4 9 7 5 6 6 2 8 8 7 8 9 6 8 10 4 4 7 3 6 8 1 1 8 6 1 9 4 9 1 8 7 5 3 9 1 3 8 6 9 9 5 10 6 1 9 10 3 6 7 2 2 4 9 9 2 5 4 10 5 1 5 10 9 9 2 3 8 0 6 2 6 3 7 1 3 7 2 9 9 5 4 1 4 1 7 8 3 4 1 9 1 9 7 8 4 5 9 1 1 7 6 9 1 10 2 9 5 2 10 2 8 6 2 3 1 9 5 5 6 6 4 3 5 9 1 2 10 1 8 3 10 7 8 7 7 3 9 5 3 5 9 5 3 6 5 2 4 5 6 3 9 8 4 10 8 1 6 9
10 1 6 3 10 1 2 2 6 3 10 7 4 2 6 3 6 9 6 1 8 1 6 7 7 5 5 6 1 5 3 6 4 4 2 10 2 9 9 2 9 1 1 8 1 2 3 6 6 2 5 6 9 7 8 2 6 1 2 4 2 8 9 8 6 9 3 6 1 9 2 1 9 2 8 2 3 8 1 6 2 9 9 9 5 5 5 7 5 8 9 2 6 5 10 4 7 1 1 2 4 9 6 4 10 6 8 8 4 5 8 10 8 7 10 7 1 4 3 5 4 3 3 5 4 10 10 3 6 5 5 6 8 10 10 10 5 9 2 5 3 5 5 3 8 2 4 9 10 4 7 10 1 4 7 5 8 10 4 10 0 1 10 4 6 3 9 3 7 6 10 6 8 7 1 7 10 8 2 2 5 9 1 10 1 9 2 6 6 7 1 1 8 6 6 4 7 3 1 9 9 8 10 6 2 9 5 9 8 5 3 8 10 4 1 5 2 10 1 4 9 6 6 8 5 9 9 2 3 5 2 3 3 1 7 9 8 9 4 8 1 3 4 2 9 9 6 8 5 1
10 2 8 10 6 1 6 5 8 4 7 2 7 10 5 6 5 8 7 3 7 1 5 7 6 2 6 3 6 9 3 2 10 4 10 8 7 1 8 6 6 6 9 8 7 8 5 6 1 10 5 10 4 6 9 2 1 3 10 7 3 4 8 3 2 1 6 2 7 1 8 7 5 10 2 4 5 5 5 1 3 4 6 3 8 6 5 1 10 8 6 5 5 8 5 7 7 5 1 2 1 4 9 3 3 10 10 7 10 4 2 7 7 3 3 7 9 3 4 9 2 2 1 3 6 2 9 10 5 9 4 1 3 6 7 3 10 3 3 5 9 5 9 9 1 5 10 2 8 2 1 9 8 1 5 8 7 10 7 3 10 0 3 1 9 4 9 7 9 3 6 5 1 3 8 6 1 10 1 4 5 6 5 10 3 7 6 9 6 1 4 8 4 3 10 7 3 3 10 10 1 2 8 6 9 7 2 10 8 7 4 8 4 6 3 4 8 10 4 8 5 6 5 6 2 1 6 4 1 5 2 8 7 5 5 4 3 7 2 4 9 1 1 7 2 6 7 6 10 10
7 10 5 6 9 5 7 3 4 5 6 5 9 6 2 1 4 1 7 3 9 9 5 2 2 9 8 6 5 1 9 8 10 3 5 2 2 10 2 8 6 2 4 10 9 5 10 3 1 9 5 1 3 10 4 9 8 5 8 7 6 1 5 2 6 8 9 10 7 8 8 3 3 6 9 1 4 8 4 1 9 5 9 2 4 10 2 6 2 8 4 6 2 6 6 1 7 4 5 1 8 10 8 7 3 6 7 6 6 3 7 6 4 6 2 3 5 5 9 9 2 3 3 3 10 9 10 6 2 6 2 8 3 6 6 8 3 7 9 4 2 1 1 10 6 4 5 9 10 9 2 9 8 8 10 1 8 3 8 9 3 4 0 6 10 10 7 2 3 7 5 7 9 1 7 3 9 10 2 4 9 4 5 9 5 1 5 6 6 7 3 8 1 3 6 5 3 7 4 9 8 6 10 8 1 7 9 5 3 7 3 9 5 10 2 10 2 2 2 5 5 8 5 10 5 1 1 5 5 10 8 2 9 1 1 6 3 4 4 7 7 2 3 5 9 4 3 10 2 7
6 1 5 10 7 9 4 7 6 4 8 8 2 10 1 5 8 7 6 3 2 2 4 8 2 6 1 8 3 9 3 5 5 4 7 2 4 10 2 7 10 10 2 8 1 7 5 9 1 3 6 9 1 6 6 7 4 1 1 3 7 8 8 4 10 8 10 8 4 3 8 3 5 6 7 4 4 4 2 7 10 9 8 6 3 7 10 6 7 6 10 9 7 5 4 10 10 5 10 6 1 5 1 6 10 4 1 5 3 10 6 4 1 10 4 10 8 2 5 4 1 1 5 6 3 2 5 7 8 2 2 7 9 10 4 3 2 1 9 3 8 9 10 1 5 6 8 9 8 10 10 9 9 2 3 1 8 7 4 2 3 1 3 0 7 5 3 6 10 3 6 3 9 4 4 3 7 6 7 4 8 10 8 10 9 8 8 1 4 4 3 7 6 5 5 8 8 8 3 7 4 4 7 8 5 3 3 1 2 5 5 9 7 4 6 8 2 9 1 8 5 10 5 8 3 6 6 9 4 1 10 3 9 5 3 1 4 5 2 1 10 7 9 6 7 10 10 5 6 2
8 4 6 2 1 8 3 7 2 2 6 10 4 1 5 3 6 9 3 5 3 4 2 8 6 9 5 9 5 3 9 7 5 4 8 5 2 3 8 8 1 8 3 5 5 8 2 2 10 7 6 9 3 7 5 6 3 4 7 10 7 9 1 7 8 10 2 10 6 8 3 9 1 6 9 10 5 8 8 1 9 8 3 7 7 7 3 7 2 9 9 4 7 9 9 2 4 8 4 6 6 7 3 3 1 3 7 7 6 1 6 9 6 9 7 5 7 5 9 7 8 1 4 8 9 5 10 4 10 7 10 3 7 10 1 7 6 2 6 6 10 7 3 8 7 9 10 5 5 10 4 5 3 2 5 1 6 7 2 9 7 3 5 9 0 9 4 1 7 3 6 5 5 6 10 1 4 6 2 9 5 9 3 6 9 3 3 10 8 1 10 8 5 7 3 10 6 4 6 2 6 2 10 4 6 1 9 1 2 4 6 10 10 6 6 4 5 7 10 1 10 7 4 4 5 5 8 5 7 8 9 8 9 8 4 6 1 4 10 10 9 2 3 3 2 7 7 3 8 5
10 8 2 2 2 9 3 9 5 10 6 4 10 3 4 8 4 7 10 8 8 10 8 4 6 6 1 7 2 4 5 3 6 7 1 2 6 8 10 5 5 10 7 2 6 8 7 9 5 3 5 1 6 5 6 3 9 5 3 10 6 1 3 7 6 3 6 6 4 4 4 7 4 4 4 10 9 4 10 4 3 9 8 6 3 10 10 10 8 4 3 10 8 3 8 1 2 5 4 1 8 9 9 8 8 8 2 2 3 7 2 3 8 3 1 5 6 5 2 5 6 3 8 6 1 6 1 5 1 3 10 6 4 6 7 10 5 5 10 9 10 1 3 10 10 7 6 6 8 8 4 7 10 4 3 1 2 2 3 7 5 6 5 5 8 0 2 4 8 4 5 1 6 8 10 10 6 10 7 4 2 2 4 7 5 10 6 4 8 10 6 3 7 7 7 7 1 2 8 10 6 6 10 4 5 9 1 8 1 3 10 5 2 7 6 7 7 9 1 9 8 8 5 8 8 8 6 9 9 4 10 3 10 10 2 8 5 8 2 3 4 9 6 8 10 4 2 3 3 1
1 4 10 4 8 3 2 4 4 5 3 2 9 1 4 2 9 5 6 6 5 10 3 10 3 4 6 5 1 4 4 3 9 2 5 9 7 10 2 5 6 8 5 10 4 5 2 9 7 3 2 9 6 5 1 2 1 5 4 4 6 1 4 7 6 2 9 9 2 9 8 6 4 8 2 3 3 9 6 3 5 9 5 9 5 8 3 7 7 10 10 2 2 8 3 3 9 2 4 7 8 2 3 2 9 8 7 5 9 3 4 10 2 3 1 9 3 1 5 9 1 3 7 3 3 5 3 2 2 8 9 8 9 3 7 6 5 2 6 1 2 10 8 4 6 8 5 8 1 1 9 8 1 9 8 7 10 2 8 1 8 9 4 3 9 1 0 2 7 5 1 8 1 1 3 3 1 2 3 8 10 6 5 2 3 4 7 8 7 1 7 7 1 8 3 9 7 1 5 2 1 9 5 4 5 4 10 3 3 8 10 3 3 3 4 3 5 10 2 3 5 2 5 4 4 1 5 8 1 9 4 1 7 6 6 2 7 4 7 8 1 1 9 1 6 10 2 2 3 6
6 6 9 7 10 10 8 9 3 6 5 4 7 3 2 3 1 5 5 4 4 8 10 8 6 4 2 2 5 9 5 6 7 8 4 5 10 6 10 1 2 7 9 7 5 6 10 2 7 1 8 2 1 6 3 10 5 9 8 7 5 5 3 9 8 1 3 6 2 9 7 6 4 6 10 2 3 10 10 8 8 3 6 2 7 10 6 1 5 10 1 2 10 8 2 10 9 8 3 10 2 10 10 8 8 3 6 8 6 6 2 2 2 3 10 1 8 2 8 5 2 3 1 4 5 5 1 2 3 9 2 2 2 7 2 9 2 3 10 1 3 2 9 3 4 2 8 2 5 3 7 6 9 7 1 6 10 4 5 3 2 7 10 7 4 1 7 0 7 1 5 10 9 5 6 9 7 2 4 5 1 7 3 10 8 3 7 9 1 8 7 9 5 2 6 7 9 6 5 3 3 6 8 2 7 3 4 3 1 7 2 9 6 8 6 4 8 6 7 9 2 4 6 4 4 6 1 1 1 3 6 8 4 9 5 2 10 10 5 5 2 6 9 7 5 2 5 2 3 9
6 7 9 7 6 10 6 7 9 4 4 2 5 10 6 7 7 3 10 10 5 10 6 5 8 3 10 9 7 5 1 3 7 6 5 8 6 7 6 10 7 9 9 9 6 2 6 6 8 4 3 7 4 6 6 1 10 1 7 4 10 6 2 5 10 1 10 4 1 10 5 10 1 7 4 9 4 2 9 9 6 6 2 6 5 3 4 9 8 6 2 7 4 10 7 2 6 4 1 6 8 10 10 2 8 3 2 9 8 8 1 2 7 10 4 2 10 10 9 8 4 8 7 10 2 2 4 7 4 10 7 8 7 5 8 7 8 2 8 6 3 5 3 7 9 8 7 7 7 5 7 5 6 8 7 7 3 9 5 1 7 9 4 2 1 3 2 1 0 9 6 5 7 2 3 6 10 10 10 6 8 7 9 9 2 2 9 5 7 6 6 7 8 10 9 8 9 10 4 1 10 1 7 6 9 10 2 1 5 7 3 6 2 1 8 7 10 4 2 5 1 7 4 1 10 10 3 2 6 3 10 4 6 8 8 5 5 8 3 5 3 3 6 3 8 6 7 7 3 5
10 8 7 9 5 1 8 10 6 10 7 4 1 8 5 3 6 4 2 6 5 5 3 6 9 4 5 4 5 4 4 9 8 2 5 10 6 2 1 9 9 10 5 6 3 5 6 6 1 1 10 9 7 8 10 4 5 9 1 4 8 7 6 10 1 9 5 1 8 3 1 8 5 7 7 5 10 2 9 5 8 8 5 6 3 3 8 5 1 9 9 10 7 9 6 5 10 4 10 5 1 4 10 9 1 4 3 2 10 5 4 3 5 3 1 8 3 7 6 1 7 9 4 5 5 6 3 2 8 2 1 2 6 5 6 7 1 2 1 3 10 5 8 10 1 9 5 5 1 4 9 7 3 10 8 6 8 9 1 10 3 3 9 4 5 9 4 9 3 0 8 8 8 10 2 6 3 1 7 2 1 1 8 1 3 1 7 5 8 7 4 6 7 8 8 2 10 3 5 9 10 2 2 5 6 2 9 2 4 5 1 6 9 5 4 8 10 4 2 3 9 8 8 7 1 8 6 8 3 1 5 2 3 9 10 3 8 9 6 8 6 6 1 6 6 7 5 4 5 6
6 6 10 9 7 2 2 3 9 9 5 4 5 5 2 1 2 5 5 5 1 5 4 4 2 7 2 4 5 8 4 6 10 7 8 10 1 1 1 8 3 3 3 9 4 5 4 7 2 2 3 3 1 7 2 9 1 5 10 5 8 6 5 3 4 2 9 6 9 7 10 8 6 8 9 10 4 9 6 9 10 9 4 9 7 7 2 7 5 9 8 3 10 5 2 2 7 1 8 7 6 5 10 8 10 2 4 8 6 8 10 10 2 1 7 5 3 2 10 10 4 9 2 1 2 10 5 5 4 8 6 2 9 9 3 7 6 1 9 1 10 4 9 10 9 9 5 6 2 5 2 9 2 7 8 8 1 10 1 9 10 6 6 6 4 2 6 8 8 5 0 6 8 3 4 7 7 8 3 3 3 6 4 2 9 7 2 3 5 7 7 8 5 10 4 2 1 7 10 1 10 2 6 10 3 4 8 5 6 5 5 5 8 4 2 2 10 5 10 10 3 7 8 9 5 7 4 3 6 1 4 7 7 7 10 9 3 7 8 4 6 10 9 3 5 3 7 6 7 9
3 5 10 3 4 1 1 6 5 9 2 3 6 9 4 10 5 9 6 7 1 8 10 6 7 2 9 8 7 6 2 1 3 8 6 1 3 6 9 6 6 9 5 10 7 9 6 6 4 6 9 2 6 6 8 5 4 2 3 10 3 7 6 6 6 5 2 9 4 7 10 5 6 10 6 8 9 4 10 1 1 2 8 10 2 1 1 9 1 4 5 2 5 7 3 7 5 8 7 3 8 4 4 7 6 10 9 7 5 1 6 8 3 7 6 7 2 6 8 3 5 2 2 4 4 1 4 2 5 9 3 9 1 7 1 8 9 1 5 6 4 9 1 6 1 7 5 7 10 9 6 4 1 4 4 3 4 8 8 10 5 3 4 4 6 10 1 7 2 5 2 0 9 4 10 1 1 2 9 5 10 8 3 4 2 3 3 10 4 1 6 2 3 10 10 8 1 8 10 10 3 3 9 8 7 3 2 10 3 3 6 8 5 5 3 3 8 6 9 10 2 4 9 7 1 9 4 9 8 6 10 8 10 10 8 4 7 8 3 5 2 5 9 4 9 10 9 5 6 4
10 7 3 6 7 10 3 1 7 7 9 9 2 9 2 5 6 10 6 4 10 3 9 10 4 10 10 4 4 4 2 7 8 2 2 2 3 6 10 5 4 10 10 2 4 10 6 7 7 1 1 4 10 7 7 6 10 9 7 4 9 7 6 7 4 4 3 9 6 4 1 9 2 7 10 8 4 2 8 8 7 2 1 10 6 1 2 4 9 4 10 7 3 3 7 9 1 8 4 10 7 2 10 9 10 2 3 9 3 4 4 8 5 5 7 2 8 3 8 9 8 1 7 10 6 6 1 4 7 3 8 9 3 10 6 2 1 10 6 2 9 10 6 8 6 4 6 5 6 4 6 4 8 8 3 2 8 6 1 6 3 8 1 2 7 6 9 3 6 5 2 7 0 5 10 3 8 10 5 10 3 10 9 6 6 8 5 6 4 4 9 7 2 9 9 5 5 1 4 4 6 7 9 10 10 5 10 6 9 9 2 3 10 5 10 6 3 3 6 7 3 1 1 4 4 3 5 8 8 8 7 5 9 1 3 10 3 7 9 8 2 8 10 10 7 5 5 6 4 8
8 4 7 2 9 6 7 4 9 2 1 2 7 2 10 2 3 10 1 1 8 3 5 7 3 4 1 3 10 10 7 10 9 1 2 2 8 7 4 2 8 10 3 9 8 6 10 6 6 6 8 1 7 10 2 8 9 5 4 2 4 2 1 7 7 2 5 9 5 7 3 6 10 1 10 6 4 7 1 8 6 4 5 4 2 6 3 10 9 3 8 6 1 1 9 1 6 2 8 4 6 3 1 6 2 5 2 4 2 2 1 5 9 3 9 3 2 4 4 2 2 5 1 4 7 7 7 1 2 5 2 3 1 3 2 7 4 10 6 5 7 6 3 5 7 2 1 3 5 2 2 1 3 10 9 10 3 4 3 2 4 9 1 5 5 1 1 9 9 3 3 4 10 0 8 4 9 3 8 6 10 5 10 10 4 7 10 8 6 9 3 7 7 3 9 8 3 3 5 5 4 4 9 1 9 10 7 10 4 7 4 2 6 7 2 2 4 9 5 7 2 8 5 4 8 3 3 5 9 2 8 6 4 6 7 2 1 8 3 9 2 1 1 10 7 10 1 9 6 10
6 10 1 10 6 3 6 7 7 4 2 6 2 10 5 6 1 7 3 2 6 9 4 7 1 4 7 10 2 2 4 4 10 2 6 1 3 8 9 10 10 7 5 6 6 6 1 6 8 5 2 4 10 9 9 4 1 2 6 7 5 7 5 1 2 9 7 2 2 10 8 9 1 8 10 4 7 2 7 10 7 5 10 1 2 5 2 1 7 6 4 10 8 7 10 7 10 8 8 8 9 1 6 6 1 1 3 10 1 3 8 3 9 7 6 7 3 6 6 3 10 2 7 10 6 4 2 3 9 9 5 5 1 8 9 7 4 4 6 9 2 1 4 7 10 8 8 6 7 4 5 2 1 10 3 8 9 6 6 1 8 10 2 8 3 4 8 4 7 5 9 10 2 3 0 2 4 2 9 9 2 6 9 5 10 3 4 5 10 7 4 4 4 5 7 1 5 8 3 9 4 1 10 3 3 10 1 9 5 4 3 4 9 6 9 4 5 3 10 8 2 10 2 5 4 8 4 6 2 10 5 3 4 4 4 10 7 6 3 4 4 3 5 2 3 5 8 9 8 3
1 6 5 8 1 10 6 2 1 4 9 10 5 7 10 5 2 7 1 5 6 5 4 2 9 6 9 6 9 4 10 3 1 9 1 3 2 1 4 9 2 10 9 3 1 5 4 2 8 3 7 3 7 2 1 8 6 6 3 5 8 5 10 7 1 6 9 6 8 8 5 2 6 3 5 7 8 8 8 6 8 10 9 3 5 8 1 8 7 4 8 5 2 3 10 3 10 3 2 6 10 3 6 7 2 10 9 6 1 3 7 6 4 3 9 5 9 3 1 10 3 8 10 10 4 4 4 7 9 10 5 5 3 4 6 2 4 6 3 2 8 10 2 2 1 4 2 10 9 6 7 6 8 3 10 9 5 7 8 3 7 7 7 3 8 2 10 1 10 7 3 2 2 4 9 0 6 4 3 3 10 1 9 7 6 10 1 4 5 2 3 3 6 3 3 5 10 1 8 5 4 10 10 4 7 6 7 2 1 7 7 7 10 4 9 8 7 10 2 4 9 7 9 9 5 9 9 7 10 8 1 7 7 6 7 5 4 6 7 5 8 1 8 4 5 2 9 9 2 9
4 9 2 7 9 7 10 6 7 5 6 5 8 8 1 7 3 7 8 8 2 1 10 2 6 8 6 5 7 1 4 9 6 8 7 3 2 3 6 5 1 5 1 6 8 9 9 3 1 6 9 4 9 10 9 8 8 2 8 2 10 8 9 6 7 5 4 7 3 7 7 6 1 4 8 3 10 2 5 6 10 2 5 10 1 9 6 5 3 5 2 2 7 1 6 4 10 1 1 5 4 4 8 8 4 1 6 5 10 4 1 2 9 10 8 8 4 8 6 6 5 7 6 4 2 8 5 3 4 7 6 8 5 10 8 10 5 9 9 6 10 9 6 3 7 2 6 2 8 8 7 5 5 10 6 5 7 7 6 8 1 10 9 8 10 8 3 4 2 1 5 3 8 5 2 6 0 1 4 10 1 2 7 3 6 9 3 1 8 3 8 10 1 2 6 6 5 2 4 9 10 10 1 5 10 7 7 9 9 2 2 10 9 6 7 1 8 6 6 1 1 1 1 7 1 5 6 5 3 1 7 6 10 6 1 6 5 4 6 5 10 9 4 3 7 7 6 8 4 8
6 2 1 2 2 3 10 8 9 6 7 7 4 7 2 1 3 8 6 8 3 1 3 9 4 7 3 3 2 7 4 8 3 8 7 7 10 7 8 4 1 10 2 6 8 5 9 10 2 3 2 3 5 10 5 1 5 7 2 5 2 8 9 10 7 4 1 8 10 8 6 1 10 3 8 6 10 10 3 1 5 4 4 6 5 3 10 8 9 3 4 3 9 8 5 8 5 8 8 1 3 7 10 4 5 5 3 9 2 4 10 4 4 7 8 8 7 6 1 3 9 6 1 8 10 2 10 2 1 9 10 2 8 3 1 3 7 1 10 1 9 5 3 8 8 1 3 2 3 3 5 6 10 7 6 5 2 8 10 9 5 1 4 2 7 6 6 9 7 1 6 5 5 7 9 6 6 0 9 2 2 10 10 4 8 7 1 4 4 7 3 6 3 2 4 10 7 10 1 7 10 9 6 3 6 10 1 3 5 6 6 2 2 10 6 3 1 8 7 5 3 3 7 10 1 4 1 9 7 1 8 7 7 5 5 6 3 5 4 8 8 5 6 1 9 1 1 10 9 1
2 10 10 7 1 4 2 10 10 5 2 1 2 10 4 4 1 4 3 10 9 8 8 5 10 10 7 3 2 9 9 7 7 1 4 4 1 8 10 5 7 6 2 4 1 7 7 9 3 7 8 6 3 9 8 7 8 8 1 1 6 4 10 2 7 10 6 6 10 5 3 9 5 10 6 1 9 3 1 7 10 4 10 9 2 10 5 5 1 6 8 5 9 1 2 8 9 2 5 9 9 8 2 3 10 3 5 10 3 3 1 10 5 6 5 9 8 9 10 9 8 2 1 8 3 5 9 3 5 3 4 5 1 3 6 2 4 3 1 5 2 9 1 5 8 1 2 5 1 2 6 6 1 3 1 8 1 7 10 6 6 1 1 8 3 4 4 9 3 3 4 8 6 8 3 9 8 7 0 3 8 9 10 10 3 4 7 1 7 9 5 3 10 8 10 2 7 9 7 2 10 9 10 8 10 6 9 10 3 6 7 8 4 8 8 7 1 8 8 9 7 4 4 8 5 7 7 1 9 8 7 8 4 10 1 10 5 3 8 3 9 3 1 3 9 8 2 3 9 7
10 9 6 5 2 9 8 2 9 6 3 6 4 10 10 2 6 1 1 7 2 8 4 8 4 1 10 6 3 10 6 5 5 6 8 6 10 10 7 1 7 1 4 3 3 7 3 9 8 5 3 7 8 10 1 4 7 10 3 4 1 4 5 3 9 6 5 9 9 6 6 6 9 10 6 1 4 9 9 3 10 5 9 4 2 10 4 7 2 3 3 7 7 7 10 2 5 6 6 7 2 10 2 6 1 8 1 3 3 2 4 4 10 10 1 10 1 9 6 3 2 3 1 1 2 8 6 2 5 7 10 8 1 5 5 10 9 4 1 5 6 4 1 5 9 5 5 10 9 9 10 7 8 2 7 7 1 9 9 7 5 5 2 5 7 8 5 6 5 5 8 6 4 8 5 10 8 3 1 0 2 7 3 6 7 7 4 5 4 9 8 2 2 6 8 7 1 8 1 5 4 4 9 3 3 7 8 6 1 4 1 6 2 4 1 3 3 1 2 9 6 9 1 3 9 8 1 8 6 4 9 6 1 7 1 2 9 1 3 6 2 9 2 8 3 7 9 1 9 4
10 4 6 8 9 4 10 5 8 8 2 2 10 7 6 6 4 9 3 2 8 8 3 6 2 6 6 10 6 1 8 7 1 9 6 7 1 8 4 3 7 5 6 1 3 1 4 7 2 7 6 8 7 10 10 7 9 9 8 6 4 1 2 1 1 5 1 7 9 9 8 7 10 8 4 6 7 5 8 8 5 1 3 4 7 6 7 4 4 8 4 6 7 9 3 6 8 7 3 5 4 10 3 1 5 7 6 4 3 8 1 7 7 8 2 4 9 10 10 6 7 6 7 5 7 1 2 10 9 5 7 9 10 6 2 6 6 7 8 7 10 4 2 2 2 1 1 6 2 6 7 8 2 5 9 1 10 9 10 9 8 3 10 4 6 4 9 4 4 10 10 2 6 4 2 9 2 2 10 6 0 6 10 1 2 1 7 3 2 3 7 5 4 4 2 9 3 9 5 5 4 8 8 10 4 9 2 5 1 6 1 2 7 5 8 3 10 7 7 9 6 4 10 5 10 9 8 2 3 9 10 1 1 5 7 6 2 6 3 1 5 9 9 7 8 7 4 10 2 2
4 3 4 4 6 10 2 3 5 5 1 4 6 10 10 1 4 5 3 2 5 4 8 3 9 10 5 3 1 9 9 8 10 5 6 5 8 1 8 1 6 5 8 2 10 4 6 10 4 8 10 1 6 5 10 8 6 6 2 7 6 3 5 7 6 1 9 7 8 10 2 5 7 7 10 8 2 5 5 7 1 3 7 2 6 9 6 1 4 2 7 5 5 6 6 1 6 10 8 2 8 6 10 8 2 5 6 5 3 4 7 7 8 4 10 1 7 1 5 9 3 9 2 6 10 3 1 4 7 2 1 9 1 3 10 10 7 10 5 4 9 7 6 5 3 5 7 1 2 10 9 10 9 5 9 8 6 4 8 4 2 2 5 2 7 8 2 9 1 10 6 9 7 5 2 8 4 3 6 3 5 0 2 10 3 3 9 3 2 6 10 7 9 8 8 3 10 2 4 2 10 1 10 7 8 4 3 7 10 7 1 10 7 5 7 2 4 3 2 2 2 5 5 1 9 8 5 7 7 10 1 3 3 2 9 1 4 3 1 4 2 9 4 10 7 2 4 1 7 5
9 1 4 5 2 3 4 7 6 10 3 9 4 6 6 9 3 4 3 7 9 1 2 10 4 10 9 10 1 10 5 4 9 6 1 4 1 8 6 8 3 10 2 6 4 3 7 4 8 6 3 8 8 3 2 9 10 7 5 4 9 6 2 9 7 8 1 8 5 9 4 5 1 1 8 7 4 1 9 4 1 6 5 2 7 5 1 6 9 9 2 7 6 6 9 9 4 6 2 10 2 9 7 6 8 1 4 1 4 9 2 8 8 8 3 3 1 8 8 2 2 3 7 2 10 1 2 7 4 8 10 1 7 7 8 5 4 4 5 6 1 2 2 1 2 5 1 5 6 9 5 4 1 5 7 7 2 5 8 4 4 7 2 9 1 7 7 3 9 2 6 9 6 6 9 2 1 3 9 4 9 8 0 5 6 7 7 5 9 7 2 3 6 6 3 8 6 4 10 2 5 9 7 6 8 4 8 6 10 1 4 9 9 8 5 7 1 3 7 5 2 3 7 5 8 7 4 6 2 3 5 3 7 4 5 1 9 3 2 6 4 2 6 6 4 4 5 2 4 7
10 5 2 10 9 8 2 7 2 3 5 2 8 2 9 1 9 2 9 8 6 10 5 1 2 4 8 5 8 3 7 1 2 5 7 9 7 1 4 10 8 9 8 7 9 7 5 7 7 6 8 7 4 2 4 1 9 7 3 5 5 1 4 3 5 2 10 1 10 6 10 4 5 5 10 1 6 10 7 3 10 4 7 7 1 4 10 9 1 9 6 10 9 3 6 8 10 8 7 5 3 6 10 10 3 7 5 3 2 2 10 4 5 10 7 5 7 10 1 1 6 10 2 5 5 5 1 6 9 1 7 5 10 7 1 7 1 1 3 4 8 1 1 3 4 1 7 8 1 8 7 4 3 5 1 1 3 9 4 5 5 2 5 10 9 7 3 7 8 1 2 5 4 10 9 6 2 2 5 4 5 3 10 0 5 10 7 3 10 10 2 10 1 10 1 2 5 6 2 3 9 10 9 8 1 8 5 5 6 4 4 4 8 7 10 2 6 6 8 8 4 7 1 8 1 7 9 10 10 1 6 1 2 10 7 9 9 9 3 2 1 6 4 1 6 9 2 8 6 9
3 7 3 3 8 5 8 1 6 2 8 2 3 9 3 6 4 4 2 9 1 2 2 2 7 6 6 10 6 5 8 8 9 3 4 7 2 10 9 1 3 8 7 5 4 6 7 7 10 7 3 2 7 4 10 5 8 8 7 1 9 3 10 9 3 7 9 5 5 6 5 6 3 4 10 9 8 10 2 2 1 9 5 9 7 9 9 2 4 1 6 2 10 9 5 5 8 9 7 1 9 10 7 9 5 3 8 8 6 10 5 3 2 7 9 9 5 6 9 7 7 9 7 5 3 9 1 9 2 7 7 7 5 9 9 7 7 6 8 8 8 7 2 10 5 1 10 10 9 7 10 4 7 2 5 4 6 7 4 2 7 6 3 10 5 7 2 10 8 3 3 5 7 2 6 10 6 5 7 1 7 1 4 10 0 2 4 8 4 8 7 4 10 2 7 7 7 8 7 3 10 9 7 1 5 7 9 6 2 2 8 4 7 9 6 8 1 4 4 6 4 9 10 6 3 6 9 1 1 7 6 1 8 2 1 6 2 7 10 4 2 9 9 7 7 7 1 3 9 5
5 4 10 4 8 9 4 7 9 9 9 4 7 10 5 2 3 5 4 7 2 2 10 9 1 8 7 4 1 10 10 1 4 5 10 6 3 3 6 10 5 6 5 8 5 3 9 4 3 8 2 1 7 7 7 6 2 4 10 10 10 7 8 5 1 6 2 8 10 2 7 8 6 10 8 1 7 1 7 1 7 1 8 5 9 2 9 7 2 8 9 6 8 9 4 6 7 1 7 6 9 9 1 6 1 1 1 3 3 7 3 6 4 4 3 8 8 8 6 4 8 10 3 1 10 6 4 6 4 4 6 6 2 8 3 9 6 5 8 9 1 3 9 3 5 3 9 5 10 7 1 3 6 7 9 9 2 6 5 8 5 6 5 5 3 9 1 3 2 6 8 1 7 9 9 3 3 9 6 6 2 2 4 10 4 0 5 5 4 5 1 4 6 7 9 6 9 3 3 4 2 9 10 5 5 9 2 3 8 6 4 4 1 10 6 1 7 6 3 8 6 10 3 7 1 6 2 3 4 1 4 3 5 3 10 3 3 9 9 8 2 9 5 1 6 2 4 4 7 2
5 8 9 8 6 10 6 9 5 4 5 1 10 10 9 9 10 5 8 3 7 8 10 6 6 3 1 7 9 10 9 3 1 7 1 1 10 2 5 8 8 7 3 3 1 8 6 1 2 9 6 3 3 3 9 1 6 4 5 5 5 2 7 4 5 5 5 8 1 2 5 8 4 1 7 2 4 9 6 9 10 3 4 4 7 3 2 6 7 4 1 3 7 8 4 6 4 3 1 7 5 9 5 2 7 5 9 8 1 5 2 8 10 10 9 5 7 4 6 10 3 8 7 4 1 1 8 1 2 8 6 6 3 1 1 1 9 9 8 3 5 9 8 8 2 5 5 5 2 4 2 9 10 3 6 8 6 10 3 9 10 3 3 4 6 2 7 3 1 8 9 6 2 5 10 8 4 8 6 8 9 7 4 2 6 4 0 10 3 2 10 4 2 4 1 9 1 9 1 5 10 3 9 1 3 7 4 1 6 2 9 7 2 3 4 8 7 1 5 7 9 7 8 9 2 3 1 10 8 8 9 4 3 7 6 4 1 1 5 4 3 9 9 1 1 10 6 6 8 5
3 7 7 7 4 6 2 1 7 8 7 6 1 6 1 4 6 7 9 1 4 3 2 6 8 8 5 2 1 5 3 1 3 7 6 3 3 6 2 7 4 6 6 2 10 10 10 4 4 4 5 4 4 2 6 2 1 10 6 6 7 5 6 2 3 4 4 1 7 8 7 3 7 3 3 8 5 2 2 4 5 2 10 7 3 3 1 8 1 5 1 10 1 8 10 6 6 10 7 9 2 1 7 9 5 3 10 7 10 4 10 9 10 9 2 9 2 10 1 9 7 1 6 7 8 5 4 2 9 3 5 1 3 8 2 4 4 5 6 10 4 8 6 4 10 9 9 10 8 5 8 6 5 7 10 6 2 2 6 1 3 8 6 7 7 10 3 2 8 10 6 10 1 8 4 1 2 4 7 8 6 2 9 1 6 9 2 0 3 9 3 4 4 10 7 7 6 5 1 5 1 5 2 3 4 7 3 7 7 10 1 2 8 5 10 8 10 1 8 1 7 3 4 4 4 7 5 4 1 3 8 10 5 3 4 9 4 10 7 7 2 8 8 3 1 8 7 8 6 4
8 8 7 9 5 7 4 9 3 10 6 2 9 10 9 7 6 3 8 2 1 10 10 7 3 5 6 4 5 2 1 1 5 3 4 6 6 6 1 4 3 2 7 2 8 3 8 4 6 3 5 9 2 6 5 9 7 7 5 9 9 6 2 8 2 1 8 3 2 2 5 2 6 7 1 10 5 9 2 2 1 9 8 10 3 2 6 6 6 4 2 3 3 6 6 9 10 9 1 1 2 2 6 8 2 2 7 9 8 1 4 9 9 6 6 8 3 4 6 2 8 8 6 1 5 3 10 7 6 9 5 8 5 4 8 4 4 4 2 3 6 1 8 6 9 6 6 1 9 6 9 1 3 5 10 9 1 7 8 8 10 6 4 4 2 5 4 4 5 7 8 4 4 7 7 6 7 3 4 8 3 6 5 7 5 6 10 2 0 1 1 3 3 3 9 10 6 5 9 4 3 5 4 8 8 5 6 10 8 7 10 7 1 10 5 7 10 2 2 1 3 3 1 7 6 10 5 7 4 3 5 7 3 1 4 7 1 5 6 6 4 8 8 3 2 4 5 3 8 2
9 2 2 9 5 6 3 3 3 10 8 9 2 6 8 6 1 3 7 9 5 10 10 10 7 8 3 3 3 10 7 9 4 8 5 5 10 6 2 6 8 8 8 6 9 6 5 1 3 9 1 5 10 3 4 6 10 4 2 5 7 10 7 8 6 5 8 2 8 4 3 4 5 1 9 3 2 9 9 1 8 7 8 4 2 8 9 2 8 7 7 6 8 4 6 9 9 5 2 1 4 5 9 5 9 1 1 1 5 1 1 3 5 8 8 8 7 9 4 6 5 2 9 7 5 5 3 10 2 4 4 8 2 9 9 1 5 1 8 9 2 8 1 4 9 10 4 9 2 7 8 1 5 8 7 6 10 3 3 3 5 5 7 9 5 10 1 7 6 8 2 3 9 3 4 7 7 2 2 7 2 8 10 4 6 9 9 4 9 0 6 6 3 9 9 6 5 9 6 2 2 6 10 6 3 7 5 1 1 1 6 4 8 1 5 4 3 2 9 6 5 7 6 1 9 4 8 3 10 3 8 2 5 9 8 1 1 6 2 10 9 10 10 8 10 8 4 2 4 4
8 2 6 5 10 8 7 2 9 3 9 6 7 5 4 9 5 9 2 10 3 4 5 7 1 7 9 8 7 2 1 3 7 7 4 10 5 7 9 4 4 2 5 9 6 5 2 2 2 1 2 6 9 2 6 6 3 8 4 4 7 1 10 4 3 5 10 6 6 8 7 6 4 7 6 5 8 9 2 4 1 4 9 5 1 8 6 10 10 9 2 3 4 10 6 9 2 1 7 5 8 6 10 7 2 4 1 2 8 9 6 6 6 6 10 4 8 7 1 5 7 2 5 9 4 4 10 6 9 3 8 1 3 8 6 7 6 5 1 3 5 5 7 3 9 9 3 10 6 8 7 8 8 5 6 9 2 1 5 10 6 8 8 10 10 8 5 3 3 6 7 5 9 9 2 2 8 1 3 2 4 2 5 10 4 5 10 3 2 6 0 10 7 4 2 2 5 9 3 7 8 2 1 8 4 9 9 3 2 5 7 6 4 2 6 4 6 1 3 5 2 4 10 7 10 2 4 5 10 10 7 3 4 5 7 9 9 1 1 2 2 8 6 4 5 4 10 8 10 6
9 7 1 3 8 6 9 3 7 7 4 4 6 7 6 1 1 8 1 4 3 7 5 1 7 6 8 3 7 3 6 5 2 5 5 9 6 5 6 5 9 7 1 2 6 5 8 2 7 6 5 5 9 8 10 9 4 4 1 3 9 4 5 5 2 3 10 10 8 8 4 7 2 8 1 5 3 2 1 10 8 7 6 8 8 8 10 7 8 1 10 9 7 2 4 3 2 4 4 2 10 10 5 7 6 8 8 3 4 7 7 7 8 6 10 7 6 7 6 6 1 1 3 10 6 1 2 10 8 3 3 9 4 8 7 2 8 3 3 1 4 6 3 10 2 6 5 4 1 3 6 10 5 9 7 7 9 7 6 3 5 1 4 2 5 4 4 10 10 2 9 7 4 9 6 8 4 8 6 8 10 3 5 4 8 8 8 8 10 1 8 0 3 4 1 10 5 10 1 4 10 8 6 1 3 9 5 2 5 5 3 10 6 5 3 3 4 5 10 10 8 5 3 5 2 6 8 4 3 4 5 4 5 1 10 7 9 9 6 6 7 6 3 4 5 9 6 1 9 7
3 5 4 4 8 10 10 2 8 7 3 6 9 4 8 1 8 2 6 10 7 5 5 3 5 4 10 7 6 10 7 10 9 2 2 3 4 10 2 4 6 1 6 2 9 7 4 7 10 1 10 3 9 5 5 5 1 8 9 6 9 9 4 1 9 3 1 8 10 5 1 3 7 7 9 6 4 10 1 8 5 5 6 3 5 7 8 9 10 9 9 6 3 5 8 6 2 7 10 1 10 2 6 4 3 7 4 10 8 3 4 2 9 9 3 5 2 1 2 2 1 2 4 5 5 5 2 9 3 7 8 4 10 6 8 7 6 9 9 6 9 7 6 9 1 7 10 7 6 2 6 9 8 2 10 5 5 4 5 4 8 8 1 5 7 6 10 4 8 5 6 3 7 4 1 8 5 7 7 9 10 10 10 9 1 2 2 10 10 7 6 4 0 3 9 7 7 3 7 10 1 7 3 1 9 5 4 4 1 10 10 1 4 2 4 5 6 4 9 7 8 7 8 10 8 6 9 10 6 5 3 8 9 10 10 3 5 8 4 5 9 4 7 3 7 9 3 2 4 9
2 1 3 8 1 3 5 7 10 10 4 3 1 3 2 7 10 3 1 6 2 3 8 2 4 4 5 7 9 10 6 4 1 6 10 10 2 1 6 2 5 5 1 1 6 1 10 10 2 2 10 3 3 10 4 4 4 9 3 9 5 2 6 10 5 5 4 6 4 1 3 10 6 10 10 3 7 3 4 7 7 2 5 1 9 9 5 3 4 8 7 6 4 3 1 5 9 1 9 10 3 2 2 2 8 10 1 8 4 3 3 1 6 10 10 7 10 5 7 2 1 10 7 2 1 1 6 3 8 8 8 9 3 8 8 8 3 10 8 2 2 7 3 3 10 8 2 3 7 5 3 2 3 9 2 10 3 3 1 5 5 2 2 5 1 4 8 8 9 7 2 6 4 7 4 6 5 1 3 9 8 5 8 9 10 3 7 3 9 6 1 10 4 0 9 7 8 8 6 3 6 7 10 5 2 4 2 6 8 5 5 2 4 2 6 8 3 1 9 10 7 8 4 5 3 9 10 7 7 7 6 7 8 2 3 10 4 5 10 6 2 2 4 4 9 8 4 9 10 6
3 1 1 10 2 1 10 9 4 5 6 6 6 9 10 4 10 3 8 4 9 7 9 9 3 3 5 9 1 1 8 2 4 6 2 3 3 1 4 9 7 1 1 5 5 3 7 6 3 4 4 6 2 9 10 5 4 8 7 5 3 3 10 10 10 5 9 8 4 8 6 3 1 2 10 9 10 2 4 5 7 1 3 7 2 9 10 6 3 1 5 1 3 4 2 6 4 10 5 1 8 5 1 7 1 8 2 10 3 10 7 8 10 1 7 9 1 9 5 8 10 10 8 10 6 8 8 8 1 3 10 8 1 3 5 7 7 9 2 3 6 9 6 6 4 5 1 4 9 6 7 9 10 6 8 9 1 2 3 3 10 3 9 5 2 9 1 6 5 2 2 9 5 3 1 8 6 2 3 9 9 4 1 2 8 2 1 9 9 2 6 8 3 5 0 5 1 2 6 8 7 1 4 1 1 1 7 6 5 4 9 2 6 4 9 4 10 9 10 9 8 10 3 2 6 10 10 5 3 8 4 9 8 7 10 6 8 10 10 6 5 10 10 8 4 1 9 9 1 3
10 9 1 4 6 6 4 10 6 2 9 9 3 6 3 1 5 9 7 6 5 1 9 4 8 7 5 9 7 10 5 9 6 2 9 1 10 9 1 3 3 1 8 7 2 1 8 3 8 6 1 10 6 8 8 4 7 1 3 7 10 6 1 7 9 4 10 8 10 7 6 5 8 2 4 8 6 4 3 9 10 1 6 8 5 5 3 6 10 4 4 10 6 1 5 1 6 10 2 2 2 7 6 7 3 10 6 9 1 4 6 10 1 5 5 10 1 8 1 1 10 6 5 4 7 6 5 2 2 5 4 6 5 6 5 7 6 5 10 10 9 6 9 3 3 7 3 2 7 3 3 8 9 2 4 1 8 7 9 2 3 3 9 4 3 6 3 6 9 9 4 2 2 4 2 10 9 4 10 4 6 2 10 6 3 6 4 9 6 1 9 7 10 9 3 0 5 1 1 10 9 2 6 2 4 4 8 2 2 8 10 9 9 6 7 7 10 8 8 9 2 3 3 8 8 10 1 6 10 4 1 6 8 2 2 5 4 1 9 1 5 6 5 8 8 1 10 7 10 4
5 3 6 1 9 5 10 8 4 5 1 3 4 6 7 6 10 1 6 3 7 6 5 3 6 5 3 10 5 5 9 7 3 4 9 7 6 10 9 2 7 4 10 6 2 8 3 1 9 4 2 6 3 1 9 8 1 1 4 8 8 2 1 2 5 8 4 3 5 8 3 1 9 7 2 1 6 7 6 9 10 2 3 9 2 2 2 9 9 10 1 3 7 5 2 7 5 2 2 10 2 9 10 1 1 3 3 8 9 10 1 8 10 3 7 5 1 7 6 2 5 1 9 2 2 7 4 1 6 5 4 7 4 1 3 10 1 8 1 6 3 2 6 7 4 8 1 4 5 2 6 1 8 8 4 3 5 3 8 7 4 10 10 1 3 10 4 4 9 9 2 5 1 8 5 1 4 8 9 2 7 7 2 1 1 5 8 8 7 9 4 10 2 7 1 10 0 8 9 4 3 9 6 8 9 9 6 8 9 2 9 10 3 6 9 1 2 10 5 3 8 10 10 6 2 5 3 10 8 9 7 5 3 6 4 6 4 5 5 7 10 6 7 10 2 10 3 2 9 5
5 4 7 4 4 8 10 2 3 4 7 8 8 2 4 1 4 7 6 3 2 9 2 5 2 7 1 9 3 6 3 3 6 8 4 4 10 2 8 5 4 1 10 5 1 1 2 2 1 6 8 4 2 10 9 2 4 5 9 3 6 1 2 3 10 10 8 1 7 4 3 8 7 7 5 8 7 7 7 7 5 4 5 9 10 3 4 4 4 9 4 8 3 8 5 10 3 6 4 6 9 2 3 7 1 7 10 7 1 3 6 10 5 4 2 10 1 10 6 1 4 10 8 1 7 5 6 3 2 2 2 3 8 4 1 4 6 5 10 7 3 1 9 4 3 1 6 2 4 10 6 3 7 10 8 3 8 9 9 4 4 8 9 2 9 7 2 7 5 5 5 2 6 5 8 9 9 7 5 2 3 5 5 1 5 1 1 6 10 1 9 1 5 5 4 9 10 0 5 5 3 5 3 5 4 2 1 4 3 6 1 3 5 3 7 4 5 6 8 9 5 6 9 9 5 4 10 1 10 10 4 5 5 9 8 8 6 8 6 3 4 6 7 8 7 1 3 10 2 2
4 8 8 7 5 4 8 10 4 2 7 4 9 6 3 6 5 5 2 6 4 7 4 9 5 7 6 7 8 6 8 9 10 3 10 2 2 8 6 7 10 5 3 10 8 8 5 1 3 2 2 7 2 4 7 8 2 6 6 5 5 8 3 3 2 8 3 6 6 6 10 9 4 2 5 2 8 3 9 5 3 5 10 4 1 7 2 9 10 3 5 9 4 1 8 10 4 9 4 7 5 9 1 5 8 4 10 4 4 2 5 9 6 9 4 3 7 1 2 3 1 3 1 9 7 6 1 10 3 4 4 7 2 10 7 1 1 2 8 10 6 6 4 7 3 3 2 2 5 2 1 8 3 3 8 4 7 2 9 3 5 1 8 9 10 7 7 2 8 4 8 10 4 10 3 5 7 5 4 2 9 6 7 7 10 5 6 4 5 3 9 6 7 2 3 8 6 7 0 9 4 8 10 6 2 10 2 3 6 3 6 1 10 1 4 4 3 8 10 10 5 8 8 6 5 7 10 8 6 6 1 2 7 7 1 2 4 7 8 8 8 5 10 6 6 5 4 2 5 2
5 5 8 6 2 5 6 1 7 8 9 1 6 6 4 10 9 9 6 5 9 2 4 10 8 6 7 5 10 10 5 4 1 8 6 3 5 8 7 7 5 2 9 8 4 4 9 7 10 3 4 5 6 7 2 5 9 3 2 1 7 9 4 5 4 8 9 1 10 1 6 3 3 1 4 7 3 5 3 5 3 1 3 4 8 10 1 3 10 7 3 8 4 10 6 8 10 9 1 2 9 9 10 3 4 4 10 8 7 7 7 7 3 8 8 6 9 4 2 6 8 6 4 8 9 10 10 2 7 10 5 9 2 3 8 1 1 9 3 5 5 2 1 2 10 7 9 6 10 9 8 4 5 9 7 10 6 7 1 1 10 8 7 3 7 5 3 1 2 2 8 1 6 2 2 1 4 10 4 6 7 10 6 1 10 2 5 1 1 4 8 8 3 6 2 5 6 4 5 0 9 8 7 8 7 9 3 2 4 1 3 8 10 9 2 1 1 4 5 9 6 5 10 6 4 5 2 2 8 7 8 10 9 4 6 10 5 4 9 7 8 4 4 1 8 1 1 8 5 9
9 10 10 1 9 3 3 2 1 7 5 5 5 5 2 7 4 10 9 7 4 1 10 4 8 10 6 5 9 2 7 8 1 6 1 10 6 4 6 4 9 8 6 8 2 2 5 7 7 1 3 8 3 6 7 2 10 9 4 4 2 3 9 7 9 7 2 9 8 1 5 3 8 10 4 6 7 6 8 8 5 10 2 6 2 1 10 8 10 9 6 6 4 4 7 3 9 8 7 7 4 1 3 10 2 6 5 9 9 5 7 5 9 4 2 1 10 2 2 6 7 1 4 7 4 3 4 6 2 10 3 6 5 4 9 2 1 3 7 1 9 8 5 1 2 6 2 9 10 2 2 9 2 3 9 4 7 10 3 9 2 10 2 2 10 2 2 4 9 10 8 5 1 3 9 9 4 5 3 7 9 8 5 9 10 3 9 4 4 1 8 5 5 3 10 9 7 3 5 7 0 3 6 6 9 3 10 4 8 1 1 9 3 7 2 6 5 5 1 9 1 10 8 8 1 6 2 8 5 7 1 8 1 1 8 2 8 5 2 5 4 10 9 3 8 6 8 3 9 7
5 5 6 3 6 5 2 5 3 9 9 4 3 8 5 6 4 7 3 3 10 9 9 4 3 8 8 10 1 9 3 5 3 4 2 3 2 10 9 7 9 9 6 8 3 7 5 9 7 7 10 6 1 6 2 8 6 3 1 4 5 2 5 7 1 4 4 6 3 1 6 8 8 7 6 4 10 7 4 1 7 3 9 9 3 4 6 8 4 2 10 3 8 10 6 1 9 10 8 3 7 2 9 10 1 4 8 4 5 6 8 9 6 6 2 5 3 2 7 8 2 5 9 9 8 4 5 9 9 10 3 5 7 5 1 1 4 9 6 9 4 7 6 9 4 6 7 7 10 9 6 10 2 3 8 10 1 5 5 7 6 9 10 10 4 1 4 9 7 10 1 3 6 2 6 4 4 7 7 7 4 7 8 7 8 6 4 3 3 2 8 6 3 5 8 6 9 4 7 1 10 0 2 8 10 9 9 5 8 1 7 1 2 2 6 5 10 8 6 8 6 3 8 7 3 6 3 7 10 8 1 4 1 2 4 5 6 7 6 1 4 6 7 10 7 4 9 4 9 3
8 8 6 7 8 8 2 10 3 7 3 7 8 3 1 7 8 1 7 6 3 7 7 8 2 9 3 2 10 4 2 2 4 9 8 5 9 7 8 7 10 10 5 5 10 5 2 6 8 5 4 3 4 8 4 6 5 8 10 8 10 2 4 2 7 3 6 4 8 7 1 6 6 6 1 4 2 8 10 6 3 4 7 9 9 2 5 7 5 9 4 4 3 7 9 4 10 8 8 6 2 2 10 7 2 7 4 6 3 9 2 6 6 7 5 4 4 9 5 5 1 5 4 2 10 6 5 10 5 6 4 2 2 4 10 9 6 9 3 7 9 1 8 3 6 3 4 10 7 1 6 3 9 6 8 9 2 2 10 8 6 4 8 9 5 4 9 1 9 10 1 1 5 4 6 3 5 8 6 5 7 1 7 8 10 1 5 8 4 6 8 2 8 3 1 4 10 2 1 5 8 9 0 6 10 2 5 2 3 6 5 6 2 6 5 1 3 9 1 1 7 1 5 10 9 10 8 5 5 10 6 4 2 1 1 7 8 10 6 3 5 3 6 7 10 9 5 7 4 7
4 3 9 9 6 10 8 1 2 3 9 9 7 2 10 8 1 4 10 9 5 3 9 9 3 3 8 5 2 10 1 2 1 6 4 6 6 10 10 2 10 4 8 3 4 5 6 10 2 5 4 3 1 9 3 2 6 2 3 7 6 7 5 4 9 8 8 3 9 1 5 2 8 4 8 7 7 10 3 2 10 6 6 8 10 4 2 7 5 9 6 9 4 9 6 4 7 9 6 1 8 4 1 10 2 10 6 4 8 9 7 9 7 9 3 7 6 4 2 2 6 1 10 4 4 7 4 4 10 9 1 6 6 3 9 2 5 1 9 7 9 5 1 4 9 4 8 7 2 5 8 7 6 5 2 8 4 7 5 1 6 10 3 4 4 6 4 8 6 10 2 4 10 6 5 5 1 7 1 2 1 5 10 6 10 6 7 9 3 2 7 5 7 5 2 6 9 10 4 9 4 8 10 0 7 10 2 3 5 8 2 7 7 7 6 3 10 5 4 3 4 6 7 2 8 4 10 6 1 2 9 4 7 4 2 9 6 7 4 6 7 4 5 1 4 1 1 8 6 1
4 2 5 9 8 2 4 9 2 6 10 6 8 3 1 2 7 6 5 8 6 3 2 10 10 8 5 6 4 4 1 8 10 9 1 9 9 2 8 2 4 9 8 2 7 3 4 9 7 2 3 4 2 1 5 10 1 10 6 5 1 10 7 5 5 1 7 3 8 8 10 7 7 2 6 1 7 4 10 8 4 9 1 3 3 3 9 2 8 8 10 1 4 1 7 9 2 5 1 6 6 7 1 4 3 8 6 4 8 5 7 5 7 3 8 8 8 7 4 2 2 5 4 5 7 6 3 2 4 1 4 2 8 8 4 10 2 8 10 7 3 2 3 4 5 4 3 4 4 1 3 10 8 8 7 3 9 2 4 6 7 5 8 8 2 9 2 2 6 3 7 1 1 10 6 4 5 8 5 5 7 9 9 10 10 6 5 5 1 1 2 2 4 6 7 10 7 1 1 7 1 4 9 2 0 5 3 7 5 1 9 6 10 1 6 8 1 2 2 1 8 6 4 1 2 8 7 6 8 3 8 1 9 8 2 8 8 10 2 5 1 4 8 5 4 10 5 6 1 9
1 4 2 8 8 2 9 3 3 5 6 3 1 6 5 4 9 10 8 2 3 3 1 3 3 10 1 2 9 10 10 8 9 1 6 4 3 5 1 5 4 1 10 8 10 3 9 3 8 10 9 2 1 10 2 4 2 2 10 4 5 2 9 8 3 5 1 2 3 6 9 4 9 10 10 5 2 10 9 6 10 10 4 10 8 6 5 10 8 7 2 5 2 8 2 9 5 3 4 3 4 6 5 1 2 1 2 4 5 5 1 8 9 4 6 5 9 6 7 8 9 5 10 3 5 7 2 8 5 6 6 10 9 9 7 5 4 2 1 4 4 7 5 1 5 6 3 1 10 9 10 8 1 5 8 3 7 3 1 4 4 5 1 3 10 9 5 7 4 2 2 6 10 2 10 1 3 6 2 5 9 6 3 7 1 4 6 4 10 7 7 7 8 4 1 3 7 3 2 3 10 4 9 4 6 0 8 10 2 6 2 2 5 5 10 4 5 9 8 4 9 10 4 3 10 1 10 5 5 10 5 8 8 3 5 5 2 3 7 4 2 7 7 5 8 9 2 2 7 2
1 4 2 7 10 5 6 2 7 3 5 4 7 4 8 3 9 3 4 8 2 2 6 2 7 8 9 2 1 10 10 1 7 7 4 7 3 10 1 4 4 7 4 8 4 8 5 4 1 10 9 2 2 7 9 6 10 2 4 5 8 3 4 6 5 3 5 3 6 8 1 1 2 8 3 5 5 5 8 9 1 6 10 9 7 8 7 10 9 7 9 6 5 2 9 2 7 6 3 6 4 2 9 8 5 2 6 2 10 5 3 4 3 1 10 2 2 2 9 3 6 6 3 9 6 2 5 1 9 1 10 7 4 3 4 7 8 7 9 3 6 6 3 3 9 4 3 8 5 9 8 9 1 9 9 5 4 3 1 9 3 6 7 6 8 5 6 1 10 9 9 3 1 5 10 4 3 7 7 7 5 3 4 6 6 10 6 7 7 5 4 6 4 1 4 2 2 5 2 1 10 2 8 8 2 3 0 8 8 1 3 7 4 6 6 5 6 8 2 10 4 2 5 5 6 2 3 4 8 5 4 6 6 10 7 7 3 10 1 3 5 6 9 8 7 8 9 3 1 6
7 8 7 10 6 3 4 6 9 1 10 7 6 5 4 1 4 9 3 10 4 4 8 9 8 10 3 4 5 8 2 5 1 6 7 7 9 5 3 7 1 4 3 7 9 7 7 6 6 3 9 8 2 7 7 2 5 5 2 3 4 9 6 3 2 8 3 9 10 1 3 1 1 1 4 3 4 8 2 8 4 8 7 9 1 1 10 10 7 7 5 2 8 7 2 1 4 9 2 4 4 10 1 3 6 5 9 2 2 6 6 2 5 6 1 6 10 6 8 10 4 1 3 3 5 7 7 2 6 3 5 1 2 10 10 4 9 4 6 9 9 5 6 5 2 1 3 5 6 7 6 2 2 5 4 1 7 4 9 3 7 8 3 9 2 1 2 6 6 2 7 8 9 6 10 8 8 6 5 4 3 7 5 8 7 6 5 3 8 2 6 8 4 2 4 1 5 10 9 10 3 5 1 6 9 10 2 0 5 1 8 5 1 6 2 4 10 3 6 10 8 5 4 5 7 9 8 5 1 1 5 6 6 10 10 7 3 7 4 2 3 9 2 4 8 3 2 5 1 4
10 7 5 7 2 6 6 1 7 9 1 5 10 5 10 1 1 9 2 8 1 9 6 2 8 9 6 10 1 7 10 10 1 10 10 8 2 8 9 5 8 6 6 4 10 5 1 7 5 3 6 9 9 2 4 10 8 10 7 4 5 6 3 9 8 4 4 5 7 8 10 4 2 8 2 3 4 6 2 6 2 6 5 3 10 1 2 5 1 4 8 10 3 3 10 4 7 5 1 1 1 2 8 4 7 4 6 9 9 5 7 6 1 3 3 7 3 2 10 6 3 9 4 4 5 7 1 10 9 8 10 8 2 5 5 2 9 2 6 9 6 3 7 7 4 4 3 7 10 5 4 5 5 5 9 10 6 2 10 6 9 5 8 3 1 5 7 5 3 5 6 6 7 9 5 1 7 10 4 10 7 8 5 9 3 4 10 3 6 5 10 2 7 6 10 4 10 9 4 6 7 2 4 7 7 3 1 6 0 2 4 9 10 9 9 1 1 5 5 5 3 7 8 8 2 4 7 9 5 4 7 7 6 7 1 5 3 4 4 10 4 7 4 7 8 6 5 9 10 7
4 7 8 9 8 3 4 5 7 7 1 6 3 8 5 8 1 4 7 7 1 4 7 1 2 7 8 5 9 4 6 8 9 2 4 10 5 8 3 6 2 10 6 8 9 7 2 7 5 3 5 3 5 1 2 4 6 1 3 3 4 4 3 8 8 2 1 4 3 2 10 2 1 1 6 1 7 7 7 10 3 1 2 8 3 3 3 4 5 10 6 3 5 8 2 5 6 10 6 7 1 1 5 6 10 8 1 9 3 8 7 5 9 10 6 2 10 2 5 1 8 5 8 3 1 8 3 7 4 7 8 1 7 2 8 9 8 4 2 2 1 7 7 7 7 4 8 7 7 8 4 7 7 1 10 9 9 5 9 7 3 2 2 8 1 7 6 3 6 2 4 7 4 7 10 7 3 6 3 1 7 7 6 5 9 3 5 2 4 8 1 5 3 5 2 10 5 3 3 6 8 6 3 9 7 3 7 1 2 0 2 2 1 1 2 2 9 7 10 5 2 10 5 2 9 5 9 6 8 6 7 6 1 1 10 5 1 9 2 3 5 2 5 8 1 2 6 2 4 7
6 10 9 4 4 5 8 7 1 2 9 4 6 9 3 3 4 7 3 8 3 10 1 8 2 10 1 3 3 3 6 8 5 9 8 10 4 1 3 6 3 4 1 10 6 8 1 9 2 3 7 9 5 10 7 4 1 6 8 1 7 9 2 4 7 2 4 1 5 4 6 8 3 1 3 7 10 1 9 6 7 3 6 10 2 5 10 3 7 1 6 7 7 9 10 8 10 9 4 4 9 10 7 5 7 2 3 5 2 10 7 8 2 8 6 3 5 5 9 4 3 2 1 9 8 4 7 5 6 2 8 7 4 5 3 8 8 8 1 10 1 4 1 2 7 9 3 6 7 1 5 1 8 2 4 10 5 10 10 4 9 9 1 10 4 9 5 8 2 1 9 10 9 3 1 1 7 10 8 9 7 2 4 5 3 9 1 1 7 7 10 1 6 7 5 4 5 9 2 10 3 9 8 3 1 6 9 1 6 1 0 5 1 7 4 1 3 4 6 3 2 3 3 6 8 8 9 10 1 9 10 8 5 1 10 5 2 5 5 7 10 10 2 7 1 4 2 7 4 2
10 10 10 6 1 7 7 4 4 8 6 6 4 7 5 8 1 4 6 3 9 1 10 3 10 3 10 5 9 10 3 6 2 8 7 3 8 4 3 8 10 3 5 5 8 6 1 4 9 9 10 1 3 9 6 8 7 1 1 1 6 8 9 4 2 5 2 3 6 1 2 8 10 9 1 5 7 6 4 1 4 2 8 5 5 1 5 1 7 10 8 5 2 5 6 7 6 10 9 8 8 9 2 8 2 2 8 7 10 5 5 4 7 2 5 5 6 2 2 4 1 2 8 1 2 5 8 3 2 5 7 1 5 3 7 7 3 4 5 6 2 5 8 8 5 2 4 6 6 2 3 8 5 10 2 9 5 5 10 6 7 8 2 7 5 1 2 3 4 1 5 3 4 4 4 6 3 9 1 6 1 10 5 4 9 8 1 2 9 1 9 5 8 5 2 5 6 10 4 4 9 9 1 6 5 9 5 3 8 4 1 0 9 3 1 3 9 10 8 8 7 10 10 9 8 3 5 6 9 10 10 7 8 7 9 9 2 5 9 5 9 5 10 6 9 5 8 3 4 1
3 1 6 1 3 10 3 10 1 10 2 8 8 7 5 6 4 6 4 4 2 10 9 3 5 9 10 8 4 10 3 3 4 5 3 8 4 3 2 2 7 8 5 8 8 1 6 6 6 9 2 1 8 9 8 5 6 3 5 6 3 8 9 8 6 7 4 10 7 6 9 10 8 6 8 7 7 8 8 10 3 4 8 10 8 7 9 1 4 8 4 10 9 8 5 5 6 9 3 6 6 7 7 3 1 1 6 9 6 7 9 3 3 5 9 4 7 4 2 10 2 6 4 6 4 3 4 9 2 4 1 5 8 1 5 9 6 4 1 10 7 9 9 10 2 9 2 3 8 3 8 2 8 2 3 6 7 3 5 1 10 1 5 4 6 10 10 4 1 7 6 2 1 3 6 1 8 7 3 7 5 6 9 8 1 8 4 5 6 9 5 6 10 2 3 3 4 9 8 1 7 3 5 8 5 9 8 8 4 6 9 4 0 9 10 9 2 9 5 7 10 5 9 9 9 10 6 6 7 3 3 3 1 1 7 4 2 9 8 4 9 1 10 4 2 9 9 6 7 1
4 4 3 8 1 10 4 7 3 4 9 2 3 3 8 4 6 3 4 10 5 4 6 7 7 3 6 4 5 4 1 10 6 10 9 9 10 7 3 10 6 6 6 2 5 1 10 1 9 4 8 3 6 7 10 7 7 10 3 2 1 1 5 3 3 10 6 5 5 6 10 6 6 6 9 2 7 4 7 3 5 9 1 2 2 1 6 4 1 6 2 10 8 6 10 6 7 4 2 10 10 4 10 10 5 3 10 7 2 10 7 3 9 8 1 3 4 9 5 5 9 6 6 2 3 10 10 10 6 2 6 10 9 2 10 6 3 10 6 7 10 9 9 4 7 7 2 9 6 7 10 10 5 8 10 3 6 1 1 8 7 3 6 8 8 7 1 4 7 2 1 1 2 4 1 6 4 2 7 1 2 7 1 9 10 4 2 1 7 10 10 2 6 5 6 6 1 2 2 6 9 7 1 5 6 10 4 9 9 10 7 8 9 0 3 8 2 1 6 4 1 1 3 9 6 9 4 2 4 4 4 3 6 7 5 2 5 3 5 8 3 8 8 3 1 2 6 7 5 8
7 7 2 2 7 6 7 3 4 1 1 3 2 5 2 1 9 8 7 1 4 2 1 10 7 4 5 10 9 10 5 8 7 6 8 9 6 8 8 2 8 6 1 6 4 9 8 9 1 3 8 7 7 6 3 2 3 8 4 2 5 2 2 1 10 1 2 6 10 6 3 8 5 10 8 1 6 1 1 10 8 3 4 4 8 2 5 2 5 4 1 9 1 4 1 8 3 7 8 1 2 3 9 3 1 2 8 1 1 8 4 5 8 5 7 9 1 3 1 9 2 7 2 8 8 4 9 10 7 9 2 6 9 2 2 2 5 10 10 8 4 5 6 2 1 7 4 8 2 8 5 9 7 4 1 1 1 2 5 8 1 2 7 7 10 10 6 8 8 8 10 2 3 2 6 3 1 2 1 5 2 4 5 5 1 1 1 4 9 7 4 2 7 4 5 1 2 4 2 7 6 8 10 2 5 5 3 5 7 7 7 3 9 3 0 2 2 2 9 10 7 5 8 9 10 10 5 4 10 2 6 2 10 8 4 6 3 6 8 3 1 8 9 6 2 2 6 9 10 2
7 3 7 8 7 8 2 5 4 7 9 9 1 8 6 3 2 6 8 4 2 2 3 2 8 7 9 3 4 2 1 4 8 2 6 2 5 7 1 8 5 2 9 2 1 6 1 3 1 6 8 1 9 10 2 5 2 1 3 5 7 5 8 10 6 5 8 8 10 3 10 5 9 7 10 10 7 2 9 8 8 3 7 5 5 10 1 8 7 2 9 5 7 4 10 9 6 3 4 2 6 2 8 1 5 10 2 7 9 1 7 6 6 8 3 6 5 5 7 10 8 7 2 2 10 9 9 5 8 4 1 4 5 4 4 7 5 8 6 8 3 8 7 3 3 4 5 4 9 2 5 2 8 1 4 5 9 2 3 9 6 7 10 5 5 10 6 9 10 2 9 4 9 7 2 10 3 4 3 6 10 1 1 8 4 8 5 9 7 2 10 8 2 6 7 2 6 5 5 7 10 3 6 4 4 1 9 8 1 7 7 9 1 4 10 0 7 7 2 6 4 4 2 2 7 6 8 7 5 3 2 8 10 9 4 1 8 8 4 1 6 3 3 2 5 3 3 5 6 1
2 5 5 2 8 10 8 8 3 1 3 2 2 3 5 2 9 10 5 2 7 2 3 9 10 9 8 10 9 5 3 4 1 6 8 10 2 4 5 1 8 3 1 1 10 5 4 8 4 7 3 4 2 7 5 1 8 10 8 7 5 1 5 2 5 6 2 8 8 1 6 5 6 5 9 6 1 8 5 2 8 3 9 10 1 3 9 2 8 7 2 10 3 4 9 5 5 4 2 4 9 9 10 4 3 7 8 9 2 5 10 1 9 8 8 4 3 6 6 3 2 7 5 6 9 9 5 10 4 8 8 8 4 9 9 2 10 8 5 9 4 3 7 8 7 10 7 4 4 10 7 7 3 2 10 9 3 3 8 4 8 2 8 4 2 7 5 2 7 7 4 2 10 5 1 2 2 5 5 9 1 10 3 4 1 1 3 3 1 2 7 3 2 10 5 3 4 1 2 10 10 2 6 4 9 9 10 1 6 4 2 8 1 1 1 7 0 8 3 2 10 4 6 8 5 5 9 5 3 8 1 9 7 4 2 2 4 4 10 2 2 7 1 3 6 4 6 5 10 9
2 2 3 3 1 5 4 8 6 8 1 10 5 7 7 3 4 7 6 8 8 6 1 4 9 9 1 4 6 7 8 2 1 1 10 6 9 2 9 7 8 8 10 4 10 2 6 2 10 10 10 3 2 9 3 7 6 2 8 5 2 1 2 7 6 10 8 7 1 8 2 3 8 7 10 4 7 1 1 3 2 5 8 6 4 3 5 2 3 2 5 7 1 1 9 4 3 4 10 1 5 10 9 1 8 9 3 2 1 10 6 5 7 4 6 2 9 2 3 8 7 3 8 9 4 6 9 8 3 10 10 5 2 7 2 1 7 8 6 9 10 3 7 1 4 2 9 4 8 2 5 3 8 6 5 5 8 3 4 10 7 3 2 9 9 3 8 6 1 6 1 4 4 6 5 8 4 8 2 5 3 4 7 10 5 3 3 7 9 9 3 2 5 4 6 5 3 7 5 8 4 5 6 3 4 9 7 8 3 4 9 4 5 1 8 6 10 0 7 3 9 2 6 2 5 1 8 1 1 10 6 7 5 3 5 1 3 1 7 9 9 4 6 8 9 8 6 6 8 9
9 3 2 5 7 4 5 2 3 9 1 10 6 8 8 6 6 6 10 2 10 2 3 2 7 5 10 10 1 4 7 4 6 10 5 5 6 6 6 7 10 1 4 3 8 2 1 8 9 7 8 5 3 5 1 3 7 5 3 4 2 9 6 3 10 10 1 9 1 4 10 9 3 1 7 5 3 9 9 3 10 3 2 10 10 8 4 4 1 7 9 5 6 5 4 7 6 2 8 7 7 3 6 8 2 5 6 3 5 9 8 10 8 7 1 5 4 7 1 6 8 8 6 1 4 9 8 1 6 1 8 4 1 3 1 3 1 2 3 4 5 8 3 9 3 8 6 1 10 10 7 7 8 5 2 10 6 3 8 10 4 5 8 7 2 9 10 7 2 7 3 9 2 7 2 7 4 6 1 3 9 4 8 5 7 10 10 6 10 5 8 2 3 10 10 5 4 3 1 5 6 2 3 6 4 2 10 2 3 3 3 10 5 8 4 9 3 3 0 5 8 9 6 8 4 7 3 10 2 8 6 5 3 3 7 8 7 8 8 3 1 8 2 4 3 8 6 4 2 3
9 5 2 9 10 10 9 1 9 4 10 7 5 8 6 10 4 7 8 10 7 4 7 9 7 4 1 6 1 6 9 5 10 6 4 7 8 7 9 5 6 8 7 1 4 9 7 4 10 7 4 4 7 7 1 9 6 1 1 6 9 6 6 7 3 5 9 4 4 8 6 2 5 1 3 8 1 6 5 9 7 7 4 7 6 7 1 7 3 8 4 4 6 2 8 5 1 9 10 10 8 5 5 10 9 3 5 2 4 9 9 9 1 10 4 3 7 5 8 4 5 8 1 3 5 7 8 7 8 2 1 6 4 10 3 7 7 1 4 9 3 5 8 1 3 4 10 4 1 10 3 10 5 10 9 9 3 1 6 6 8 6 6 6 6 10 6 2 3 9 7 6 6 9 4 5 2 9 10 7 8 10 8 6 9 2 8 9 10 10 3 5 1 1 4 7 7 1 8 9 8 2 8 2 1 10 10 8 1 2 7 8 4 3 7 7 4 1 9 0 5 3 6 2 8 10 8 4 4 3 10 4 3 1 3 4 1 8 4 3 1 3 4 10 5 4 6 7 2 7
1 5 1 10 5 1 6 5 3 3 8 1 4 8 4 3 2 9 9 5 5 3 9 1 2 8 1 10 4 10 8 5 9 4 6 9 3 4 2 9 3 1 6 2 7 2 9 5 5 1 1 5 2 5 10 2 6 2 7 10 2 10 5 1 7 1 7 8 6 10 4 2 9 9 5 2 5 2 2 10 7 10 2 9 9 3 4 2 3 9 7 7 9 10 8 6 8 8 1 5 10 6 10 1 10 8 7 4 8 8 1 7 9 9 8 2 1 8 7 5 10 2 9 5 1 4 4 4 5 1 3 10 4 10 9 9 9 2 9 5 5 5 10 4 1 1 6 8 2 5 5 7 1 8 4 1 3 10 10 10 9 9 10 4 6 6 7 5 9 8 10 2 6 6 4 5 2 2 6 6 3 4 1 2 10 8 1 5 3 7 10 4 3 3 7 10 2 10 9 4 6 3 1 9 3 1 4 9 6 1 1 10 3 5 8 4 3 10 1 5 0 9 4 5 3 4 4 1 2 9 1 1 4 4 8 10 9 8 1 4 6 9 6 1 7 5 9 3 8 10
10 7 6 9 6 4 8 3 6 9 3 1 3 6 6 2 10 7 7 4 8 1 7 5 5 5 2 2 9 8 7 5 9 8 4 5 10 2 6 6 4 6 4 6 3 6 5 8 5 1 3 8 8 10 10 4 2 7 10 4 2 6 3 9 5 6 7 6 1 1 7 6 9 8 10 8 1 4 2 1 1 4 4 9 2 4 9 4 4 2 10 8 3 2 10 4 3 9 6 3 8 1 7 6 6 9 4 1 3 3 2 2 2 3 10 10 2 7 2 5 7 4 8 2 5 7 2 5 6 4 8 3 3 1 1 4 6 3 8 7 3 7 4 2 3 5 1 6 6 1 5 3 4 9 10 8 8 4 4 2 2 2 10 9 3 10 7 5 5 7 4 7 4 9 1 10 4 7 5 8 10 2 1 7 3 5 2 9 2 10 4 9 8 8 5 1 1 5 3 2 1 7 9 8 9 7 1 7 10 7 5 7 5 7 4 9 3 9 2 9 1 0 1 5 7 10 10 4 2 7 2 4 8 6 8 10 4 6 4 2 7 10 9 10 7 7 6 7 5 8
2 5 1 5 8 9 2 7 6 7 4 4 7 3 4 2 3 4 3 7 9 2 6 4 1 1 3 1 1 4 1 4 6 3 3 5 7 3 8 9 6 4 8 9 4 1 4 8 3 6 2 7 3 5 1 6 4 7 2 5 2 6 3 10 5 2 10 3 3 10 2 9 5 3 4 10 6 7 3 7 4 8 9 5 9 2 9 9 4 5 8 10 9 5 1 8 1 5 7 8 2 2 3 3 8 1 5 8 3 1 7 7 3 6 1 5 5 8 3 1 6 1 6 10 6 2 6 6 6 8 7 1 10 3 6 3 9 4 5 1 10 1 5 3 10 3 2 10 7 5 7 3 6 8 1 2 6 7 4 8 1 7 4 2 9 5 10 3 3 2 10 9 9 2 9 2 5 4 3 8 5 7 9 9 2 8 3 2 6 7 4 3 7 5 2 8 10 7 7 2 3 8 6 2 4 4 10 8 9 9 8 10 3 10 6 5 7 9 7 7 9 7 0 7 8 7 9 9 5 4 8 3 1 9 2 6 4 9 4 5 4 8 8 8 7 4 7 7 9 8
10 2 2 1 9 10 6 8 2 10 7 7 5 9 4 2 4 3 3 5 4 4 7 4 1 6 5 4 9 3 5 7 3 7 6 3 8 4 8 8 4 3 10 8 7 6 10 5 5 10 7 4 3 3 8 6 7 7 5 4 5 6 3 4 9 7 2 6 3 5 9 2 2 5 9 4 7 8 7 3 8 7 5 5 8 1 5 1 8 3 4 7 9 1 5 2 9 2 4 2 7 7 3 7 10 1 7 4 4 9 3 4 4 7 3 8 1 4 10 7 3 5 10 7 10 3 3 5 6 2 6 6 5 3 4 3 5 5 3 3 10 3 8 3 6 3 7 5 5 6 1 4 7 7 8 2 2 8 3 8 8 2 6 8 2 5 3 6 7 3 8 9 8 9 8 7 3 2 10 2 9 5 9 6 4 2 4 9 10 4 8 6 5 4 4 4 8 6 4 1 6 4 4 8 10 8 7 10 5 10 1 5 3 4 2 7 4 10 7 8 10 10 3 0 1 4 9 2 5 8 1 10 5 1 4 1 3 6 2 9 5 8 2 5 8 3 5 9 6 10
10 7 6 2 5 5 8 7 9 7 4 5 7 2 2 7 5 5 2 6 1 6 9 6 4 8 8 8 8 6 2 6 4 4 2 5 10 4 3 10 7 6 8 9 2 6 3 7 7 3 8 2 9 1 6 1 6 6 7 6 4 1 7 6 8 10 1 4 7 5 5 7 7 1 5 7 1 7 1 1 2 5 9 7 4 8 10 1 2 1 8 10 9 1 6 10 6 6 9 10 6 7 4 10 1 1 9 4 10 1 1 3 2 3 6 6 8 10 5 6 4 10 1 5 10 10 7 5 3 5 6 5 4 2 4 10 3 3 8 1 10 10 1 6 5 9 2 7 9 3 5 1 9 1 7 8 7 4 3 6 2 4 6 8 7 9 8 4 5 3 1 4 2 6 6 5 6 5 4 6 4 10 2 7 9 7 1 4 8 4 8 6 9 7 3 1 6 6 3 6 5 10 9 5 8 8 5 10 6 9 4 9 3 4 2 9 2 3 4 7 10 2 2 1 0 9 7 2 3 4 6 6 1 3 3 10 1 9 7 8 1 9 8 5 6 8 10 1 6 9
7 6 7 1 2 9 4 5 9 2 10 8 10 7 9 8 1 9 6 5 1 4 6 5 4 10 9 10 10 7 3 1 5 6 4 10 9 2 1 1 10 3 10 3 1 5 6 8 4 2 3 2 10 9 5 5 6 9 1 4 6 7 2 5 2 4 4 4 7 3 7 4 2 2 8 9 1 2 1 10 8 5 7 3 1 3 4 2 7 1 6 4 5 1 4 9 9 5 3 9 9 2 1 1 5 2 7 6 8 4 9 3 6 7 1 3 3 1 2 3 9 4 1 7 4 8 3 2 2 5 10 2 7 7 6 4 1 4 5 3 7 8 10 8 10 9 8 7 4 4 1 10 3 1 10 3 6 3 9 5 7 7 3 2 4 6 10 4 3 5 8 1 5 1 8 5 9 3 5 2 8 3 8 3 1 2 4 7 6 10 4 9 4 10 6 3 5 4 6 2 2 6 6 4 7 9 8 10 5 2 7 6 8 7 7 10 4 3 2 4 3 7 5 6 3 0 6 10 4 1 9 4 7 1 5 7 7 5 6 7 8 1 5 9 1 6 7 3 3 8
1 10 4 1 9 1 8 5 7 10 6 2 9 8 4 1 3 3 8 2 10 3 4 4 4 1 1 4 3 3 9 4 8 3 9 1 5 3 10 3 2 3 6 3 10 9 7 7 2 2 5 1 3 2 9 9 8 6 6 3 9 5 6 6 3 4 6 6 1 8 2 4 9 10 4 1 1 10 7 2 2 1 7 8 2 3 10 6 7 1 8 4 6 3 6 9 8 4 2 6 4 4 6 10 1 9 5 1 7 1 10 9 3 2 1 5 5 6 4 3 10 1 4 6 10 7 9 9 8 8 10 4 5 7 2 7 6 5 1 8 3 7 10 4 9 7 6 9 10 9 7 6 3 4 8 10 2 5 2 7 6 3 10 6 6 3 9 2 2 7 8 7 1 1 3 7 4 3 2 6 3 1 4 8 2 6 8 4 2 6 6 7 4 1 3 8 3 8 4 4 8 10 9 9 8 7 6 4 7 5 1 8 3 8 2 5 8 3 5 9 6 8 7 5 2 9 0 10 7 2 4 4 9 2 6 7 4 8 9 8 4 10 4 1 2 10 6 5 5 5
7 10 3 5 10 10 9 7 7 7 7 1 10 2 6 7 3 8 6 1 2 5 10 9 1 1 10 4 6 7 9 7 7 10 5 2 1 9 9 2 6 2 1 4 4 8 5 2 9 8 5 3 1 5 6 3 10 6 9 4 2 5 10 2 3 6 4 8 8 5 9 6 8 4 3 4 5 2 5 4 7 10 3 4 9 8 2 6 1 9 9 6 1 2 2 1 4 4 10 1 5 1 9 6 7 10 7 6 5 1 3 1 1 5 1 6 7 10 6 3 3 9 9 2 4 10 10 3 2 5 8 7 3 5 8 9 5 3 3 6 3 2 3 3 8 4 8 10 7 6 10 8 7 1 7 7 10 7 10 1 9 7 2 2 6 8 3 6 2 3 7 4 8 6 8 10 9 10 3 5 5 4 9 3 4 6 1 9 7 10 9 7 3 7 7 5 3 2 10 2 1 4 3 4 3 10 9 10 3 2 7 4 8 4 7 6 6 9 6 3 4 8 1 1 9 10 6 0 8 2 5 7 7 3 3 10 4 6 2 4 9 1 7 6 8 10 8 7 9 5
7 5 6 8 4 1 9 5 3 8 7 1 4 8 2 2 7 3 2 8 2 10 3 1 7 8 2 2 1 8 10 3 5 10 2 5 7 1 10 2 3 2 1 5 9 6 8 6 1 7 1 4 2 8 4 5 8 2 5 10 5 3 1 5 7 5 2 8 1 6 8 1 6 7 9 8 1 7 1 9 7 7 1 6 9 10 9 9 7 9 8 2 5 6 4 4 1 8 10 10 5 8 5 7 1 1 10 1 10 4 8 1 10 9 4 1 8 1 1 10 2 9 10 8 8 8 7 5 4 1 7 9 8 7 7 10 3 2 2 1 9 3 8 9 4 5 5 8 7 7 2 1 10 9 7 8 6 7 5 4 8 1 8 10 6 9 8 9 8 6 4 10 2 7 1 2 6 9 2 7 9 10 5 9 6 4 2 9 7 3 9 8 9 9 5 1 5 1 1 3 2 8 9 6 5 5 4 7 4 10 3 4 6 9 3 4 1 5 7 4 5 9 8 2 3 5 9 5 0 6 8 2 2 8 9 6 7 8 3 8 10 4 9 9 3 2 2 5 5 4
2 10 10 2 5 2 10 3 6 8 2 10 9 4 2 8 1 10 10 9 3 6 7 10 1 6 2 8 1 10 6 7 1 6 6 9 8 5 5 8 4 2 4 6 3 4 8 7 6 7 4 6 6 7 8 2 1 5 7 8 1 9 2 2 8 5 7 10 9 9 4 9 10 9 2 6 1 9 9 9 9 7 7 6 1 2 6 4 3 10 7 6 8 4 1 9 3 10 1 2 7 8 1 9 10 5 2 6 4 8 7 10 7 5 4 7 4 2 10 5 8 4 3 6 2 2 6 4 1 5 8 2 9 9 1 1 5 4 2 3 3 10 8 9 5 4 8 7 5 5 3 7 10 7 3 10 9 4 10 9 3 5 8 8 9 3 3 3 9 9 2 3 3 10 3 7 4 1 2 6 2 3 6 9 4 5 9 6 4 8 6 2 5 9 6 1 4 7 1 2 2 5 10 9 4 4 10 9 6 2 2 9 4 6 6 1 5 1 10 4 6 10 7 7 6 10 8 4 10 0 7 6 2 9 5 10 8 9 8 2 8 10 6 7 3 7 8 7 10 6
1 5 8 7 5 2 7 5 2 8 2 9 7 6 3 8 4 5 3 9 7 1 2 1 2 9 6 7 7 9 1 10 6 10 6 6 3 9 7 1 2 8 6 6 7 6 9 9 1 1 5 2 2 6 3 2 10 8 8 5 10 7 8 6 3 3 4 5 6 2 8 5 6 4 9 4 9 1 8 4 8 4 5 8 10 8 6 6 4 10 6 3 10 10 2 3 6 5 6 9 2 7 5 6 9 8 10 2 9 10 9 9 4 3 4 3 6 8 7 10 4 5 9 1 3 8 1 1 9 9 3 5 1 9 1 10 7 4 8 3 10 9 2 2 8 2 8 2 8 1 2 9 1 10 9 9 7 9 10 3 1 10 5 2 1 3 8 3 10 3 7 10 3 3 9 4 8 9 4 2 9 4 5 4 2 2 9 5 7 4 7 9 3 3 4 8 7 8 7 1 3 2 5 7 3 10 6 3 3 6 10 4 6 4 5 10 9 1 3 7 6 10 3 9 8 2 10 2 10 2 0 1 6 8 6 3 2 9 8 1 6 10 4 8 1 1 7 2 10 3
7 6 1 3 5 4 10 2 8 4 7 6 8 7 3 5 7 3 10 2 4 6 3 8 1 9 7 3 3 3 10 3 9 4 4 3 3 5 4 6 7 5 1 9 1 9 2 3 2 8 9 1 10 5 8 7 6 10 8 8 2 3 2 5 1 4 10 10 4 3 1 5 7 9 10 2 5 3 1 8 4 4 10 7 1 4 1 7 1 6 6 6 7 5 8 8 8 3 8 7 7 5 3 5 8 5 2 2 10 9 2 5 3 2 3 8 8 4 6 1 6 6 8 8 1 6 2 8 8 8 8 8 10 7 8 7 8 7 2 10 5 1 4 10 6 2 8 3 6 6 7 4 5 3 7 10 7 4 7 6 3 2 5 5 2 1 6 5 9 8 7 1 6 10 9 2 8 7 3 4 6 2 4 7 5 4 3 5 10 8 6 10 8 5 6 9 7 4 9 4 6 3 10 10 3 3 1 6 2 4 2 6 8 3 5 2 6 5 7 8 5 9 9 6 8 2 4 6 4 2 7 0 5 6 9 7 7 8 6 4 4 10 5 8 8 10 2 5 5 7
8 3 2 10 1 3 6 7 2 6 9 7 9 7 5 10 2 4 8 10 4 10 6 9 4 5 2 2 4 2 7 10 3 3 5 10 5 7 6 4 5 8 8 1 2 8 7 3 2 3 7 6 7 5 4 9 9 10 10 5 5 7 10 1 6 5 8 4 4 6 4 1 1 3 6 10 3 7 10 8 4 6 1 8 7 1 7 10 5 7 6 6 7 8 9 10 1 10 1 9 1 5 9 5 3 3 8 10 4 8 10 7 7 4 4 4 3 5 6 8 9 9 7 6 2 1 6 6 2 6 9 4 6 2 2 8 9 6 4 4 10 10 1 2 2 2 6 7 1 7 6 5 1 7 10 3 2 9 5 8 2 3 1 3 4 1 2 2 4 8 8 2 5 7 3 4 4 1 9 4 2 5 1 8 4 7 3 7 3 1 8 8 8 4 4 3 5 1 8 4 7 4 9 2 2 10 5 7 4 6 1 9 5 5 2 8 4 9 3 3 10 2 5 1 7 2 5 4 9 8 5 3 0 4 9 8 6 2 2 9 9 4 9 8 6 4 9 1 7 2
7 9 9 9 10 4 3 5 10 6 8 6 10 9 9 7 6 2 9 8 4 10 10 2 8 10 5 5 6 1 2 7 1 9 4 4 6 6 2 2 5 10 5 8 8 7 10 8 4 6 5 6 10 8 5 3 2 5 1 9 8 7 3 9 3 5 10 3 8 1 9 10 7 3 3 8 6 3 8 3 9 10 6 1 8 7 5 3 5 5 10 4 3 10 10 6 6 6 7 4 3 2 9 7 5 3 1 2 10 8 5 6 6 5 5 1 8 3 3 6 6 2 3 8 9 2 4 7 8 8 3 4 6 9 10 5 4 6 2 3 4 8 7 2 3 3 10 8 8 10 10 5 5 7 8 10 10 4 10 9 4 3 9 4 8 10 4 6 2 6 7 2 9 6 3 4 7 7 9 2 10 4 8 10 5 10 7 8 6 6 9 3 5 5 7 8 7 4 10 7 8 4 3 9 10 2 4 9 6 5 9 3 8 5 4 10 7 7 6 9 6 1 9 6 8 5 3 9 4 6 10 1 2 0 8 8 10 2 5 8 8 8 7 5 10 4 9 8 1 3
3 5 10 5 1 8 1 8 1 7 7 6 7 9 10 7 9 8 5 4 4 1 4 5 7 1 1 10 10 8 2 7 2 3 3 3 9 10 9 1 2 9 4 2 6 7 2 7 9 10 9 3 3 1 2 2 10 3 10 3 7 7 2 7 4 10 4 6 5 1 8 7 3 10 10 6 2 8 9 5 7 9 1 8 5 8 10 9 7 4 6 9 9 1 4 7 10 10 3 5 3 7 8 8 9 7 4 6 4 9 9 3 9 4 2 10 5 8 9 6 2 6 1 1 8 3 5 2 8 8 4 6 3 7 3 8 10 9 8 9 1 2 9 1 3 5 4 10 3 7 10 9 2 10 7 3 5 10 2 9 4 5 9 4 9 5 5 9 6 2 2 6 6 8 10 5 4 1 6 10 9 6 9 6 1 2 8 2 6 10 2 6 2 1 2 9 9 6 3 3 9 2 6 8 7 10 8 9 3 1 10 9 7 5 8 9 4 3 5 8 2 7 5 7 3 3 2 8 10 2 1 9 5 8 0 3 5 9 10 2 6 6 10 10 6 7 6 8 5 5
8 7 9 2 1 6 4 1 6 8 10 7 2 2 4 10 8 2 2 3 7 1 9 2 4 4 4 10 4 5 6 8 7 4 6 4 7 7 4 10 1 6 1 9 1 1 6 6 6 7 8 7 6 1 9 10 9 2 8 3 1 7 8 8 2 6 1 7 1 5 6 1 1 6 2 7 2 7 1 4 10 7 1 5 10 1 8 9 4 8 1 8 4 10 10 1 5 9 6 3 7 2 10 9 4 5 10 10 2 1 7 7 5 1 6 9 9 8 7 5 6 3 8 1 3 1 9 10 4 5 7 8 10 1 10 8 10 3 9 9 3 1 3 1 3 9 4 7 10 1 10 4 1 3 2 8 8 1 9 4 9 2 10 2 3 7 3 5 1 1 10 1 5 7 3 7 1 2 6 9 2 9 9 9 5 5 7 8 10 7 1 3 1 3 10 6 3 10 2 4 8 7 1 9 8 6 2 4 2 3 2 5 10 6 2 6 2 6 1 2 5 7 10 7 3 1 4 5 5 2 1 4 4 9 8 0 4 6 3 5 9 10 5 6 3 2 10 7 8 6
1 1 5 4 4 8 5 4 10 2 1 5 1 10 6 9 6 5 6 3 2 3 3 8 2 2 10 9 5 3 4 4 4 8 8 9 10 9 4 2 6 2 7 8 10 9 10 1 2 1 9 6 3 1 1 7 4 5 4 7 5 6 3 3 6 4 8 6 3 9 7 5 1 9 7 2 6 10 10 4 1 7 9 7 2 1 2 9 2 6 8 3 6 6 7 1 3 4 9 7 3 4 2 10 7 4 5 6 3 6 5 10 2 3 1 5 10 7 4 4 7 3 2 5 8 1 10 1 1 1 1 2 9 1 5 3 3 2 5 3 9 5 8 6 5 8 5 2 2 9 5 2 7 10 8 6 7 3 7 10 1 2 8 4 1 3 1 9 6 6 2 1 7 6 3 10 9 8 3 1 3 2 10 6 2 5 7 6 2 7 6 2 2 6 9 9 5 10 4 1 5 2 6 3 6 7 10 1 5 10 3 5 5 1 6 2 6 3 9 6 2 10 1 10 7 4 1 1 8 1 9 4 3 10 1 2 0 3 4 8 2 10 7 6 10 5 7 3 5 3
7 9 6 1 4 10 4 9 6 1 7 8 3 8 10 5 10 2 8 1 9 7 1 6 7 8 5 1 1 1 8 3 9 5 7 10 5 2 3 1 5 10 7 5 2 5 3 5 9 10 8 8 5 2 3 3 6 9 6 6 4 6 1 1 3 6 10 7 10 8 8 8 1 2 1 1 5 8 1 8 10 5 2 8 4 9 9 9 2 6 5 8 1 4 1 2 8 7 9 6 9 3 3 3 6 7 2 7 7 7 4 2 10 7 3 3 9 8 1 8 10 6 9 3 6 3 8 6 7 3 2 10 5 9 8 9 8 4 4 5 2 4 6 5 8 8 3 4 9 3 1 2 8 3 8 6 7 1 10 8 4 3 2 10 10 8 8 6 4 8 2 7 5 5 5 10 1 2 3 6 10 4 10 4 10 6 10 4 6 7 8 7 3 4 1 1 8 4 3 5 5 5 7 9 7 7 7 6 5 10 6 10 2 8 5 6 8 1 10 4 6 9 10 6 10 1 6 5 10 2 2 6 5 7 10 2 9 0 8 6 5 7 4 2 8 6 1 10 7 9
6 4 10 8 6 4 3 8 8 4 3 4 6 1 4 4 5 7 10 6 7 6 7 2 5 7 8 8 10 5 7 8 5 6 2 10 7 5 10 1 10 5 7 6 2 6 4 10 3 3 3 7 10 9 5 5 6 10 9 6 2 1 6 6 2 4 2 7 7 3 2 4 9 6 5 5 7 6 8 8 8 4 9 5 6 9 5 10 3 1 2 4 4 4 9 3 7 8 3 3 1 9 7 3 4 2 4 4 9 10 3 2 8 6 3 4 3 4 7 10 3 4 7 9 6 4 5 8 1 8 4 2 3 8 7 5 6 3 2 8 5 3 4 9 5 2 10 3 8 5 2 2 9 3 4 3 3 2 10 9 10 9 9 3 10 10 9 7 8 9 7 5 5 9 8 4 3 5 3 6 8 1 9 3 7 8 7 4 7 8 3 6 9 3 3 5 6 6 6 9 9 5 9 3 4 3 2 4 10 7 3 4 2 6 2 10 2 4 2 3 4 1 3 7 6 3 5 4 2 8 4 9 4 9 4 1 7 10 0 5 8 9 10 2 6 3 3 5 2 2
2 8 5 2 10 5 8 3 10 9 7 4 9 1 7 6 3 5 1 6 1 3 4 4 10 8 1 10 8 9 1 3 5 3 7 3 9 7 2 6 4 1 3 4 5 2 9 5 7 1 8 9 1 4 2 7 5 7 3 5 2 9 10 2 4 2 3 2 9 9 3 1 1 8 5 5 7 1 7 2 6 6 2 10 3 4 5 10 3 3 6 6 4 6 7 8 6 5 1 6 8 6 8 10 1 7 1 10 1 6 5 2 5 3 9 2 3 9 7 9 3 4 7 2 4 6 9 7 9 9 1 9 1 2 1 2 5 7 9 4 2 1 8 1 10 1 3 8 4 7 10 3 9 5 3 2 8 2 7 1 9 5 4 9 10 2 2 5 3 8 7 2 4 5 2 5 2 5 1 2 7 7 4 1 8 2 5 3 7 1 1 1 8 9 1 8 9 6 2 10 2 8 1 6 4 1 8 1 7 4 5 1 6 6 7 8 6 2 2 1 3 10 1 4 1 10 8 3 8 6 1 7 5 7 10 6 9 2 9 0 5 4 3 1 3 4 6 4 9 8
9 6 7 1 1 1 7 4 3 3 4 7 2 2 8 10 2 1 4 8 6 3 8 6 10 1 3 1 6 6 10 6 7 5 8 4 9 10 5 2 9 2 1 5 6 9 10 8 2 10 10 3 6 10 6 4 5 1 1 5 5 1 7 5 9 7 1 1 3 6 3 1 4 3 6 9 7 2 4 3 6 2 1 4 4 4 5 8 3 2 1 9 1 3 4 2 6 6 7 2 6 9 2 5 4 2 1 1 8 2 9 1 5 6 5 8 4 3 7 10 6 1 1 1 10 9 6 6 5 1 5 4 8 7 6 6 6 4 6 4 5 6 3 4 6 5 5 9 3 9 3 4 10 10 3 9 9 9 10 10 3 2 5 9 3 8 10 7 6 1 10 3 5 10 10 8 5 5 1 6 7 10 1 6 3 7 7 5 4 8 1 9 7 9 1 4 2 9 10 5 1 1 8 3 4 1 2 8 5 3 4 2 5 9 2 10 8 1 6 3 6 5 7 9 4 10 3 2 5 2 1 7 9 7 8 4 7 10 7 8 0 4 8 6 5 3 4 6 2 3
9 9 10 9 2 6 5 5 8 3 10 4 6 10 4 7 8 9 10 1 10 10 1 2 4 7 1 2 9 5 2 7 10 8 6 7 9 4 3 9 7 6 3 10 7 1 5 6 9 1 10 8 3 9 7 3 3 2 4 1 1 9 3 7 2 5 6 1 5 8 10 10 10 4 7 7 7 3 5 8 4 6 9 5 9 10 6 7 3 8 10 5 9 9 7 8 4 7 3 4 10 3 4 3 8 6 3 1 8 3 1 6 7 2 3 8 2 10 8 3 4 2 2 5 2 2 2 6 5 9 8 6 10 4 4 3 1 7 2 3 2 8 7 7 3 6 4 9 10 1 2 8 2 6 7 2 2 5 6 6 10 8 6 5 5 2 1 8 1 10 2 7 4 1 10 8 4 2 1 1 9 8 9 10 9 8 9 5 6 1 4 4 7 5 10 3 10 3 7 4 1 3 6 6 1 6 1 2 4 6 10 6 10 4 1 5 9 4 9 3 9 1 4 3 8 9 10 9 4 10 10 8 1 6 9 2 4 2 8 10 10 0 5 7 7 7 7 9 6 1
6 10 6 5 4 6 1 1 10 4 3 5 10 10 5 6 5 2 1 4 5 2 2 6 1 8 5 3 2 7 3 6 3 7 6 6 4 8 2 8 2 2 9 8 5 3 4 3 10 10 9 5 3 6 7 3 7 8 1 9 1 5 4 10 10 7 5 6 6 8 7 2 4 10 6 9 1 8 2 10 8 2 4 2 2 2 6 7 9 10 8 1 2 4 10 4 7 6 4 6 4 6 1 10 9 2 8 6 4 7 2 5 8 9 8 7 8 4 9 2 8 3 7 3 1 2 4 3 1 5 3 10 3 1 3 6 10 2 8 7 10 4 2 6 9 10 1 4 5 6 9 9 9 6 9 7 6 6 9 7 3 8 10 10 8 4 3 2 10 1 2 10 3 3 2 1 2 6 10 8 1 10 4 7 4 8 9 5 3 6 5 4 8 6 9 7 8 2 3 2 3 5 10 2 9 9 4 5 8 4 4 2 7 9 3 8 7 10 4 4 1 4 7 7 8 10 3 1 4 5 9 9 4 6 9 4 2 1 7 3 4 5 0 3 8 3 5 2 9 2
9 6 4 2 6 3 2 2 7 10 1 6 8 8 10 6 4 7 6 10 3 5 6 2 6 7 3 6 3 6 8 7 10 1 8 1 5 4 4 7 9 8 5 5 5 6 5 8 4 5 7 1 7 4 3 2 4 2 5 6 3 3 7 4 2 2 3 2 9 6 8 10 7 1 3 9 4 10 4 3 3 7 5 6 9 1 2 9 6 10 10 9 7 8 4 7 5 4 9 10 1 1 1 10 2 7 6 7 8 8 1 2 8 1 8 5 10 2 8 7 3 7 2 10 10 10 9 7 10 10 3 5 3 8 9 1 8 1 8 3 2 4 1 2 2 6 9 4 5 8 1 7 10 4 8 1 9 2 1 6 8 1 6 4 8 2 8 9 9 6 5 6 6 4 4 4 1 2 5 6 2 10 9 8 9 1 9 8 6 8 2 8 9 5 10 10 3 3 8 3 9 1 8 3 9 8 6 8 1 5 7 10 1 5 6 8 10 7 4 8 2 8 9 8 4 7 5 10 8 6 4 3 6 10 8 7 4 7 3 5 1 3 1 0 2 2 3 9 10 9
1 6 3 1 9 8 8 8 1 3 6 8 1 8 5 3 4 8 7 6 6 1 3 2 9 5 7 7 3 2 6 3 2 1 9 4 6 9 2 6 2 6 9 2 3 2 10 1 4 4 3 5 4 4 10 1 1 4 8 2 5 6 6 5 3 5 2 8 10 7 1 5 6 2 6 1 6 7 3 10 2 3 9 4 8 3 7 4 7 5 2 2 4 10 10 9 3 8 1 4 1 6 6 1 9 1 1 6 5 2 3 6 10 1 3 9 4 3 1 3 6 9 7 3 7 2 10 2 6 3 4 6 1 10 2 2 1 2 5 4 7 4 6 7 2 4 1 8 7 1 9 9 5 1 4 5 1 3 7 5 1 1 2 2 10 9 1 3 5 8 5 1 1 10 10 3 5 9 3 5 10 6 10 1 7 5 9 6 4 3 5 7 7 6 9 7 9 4 10 5 8 1 6 9 6 4 1 8 5 3 1 2 4 10 7 2 3 4 9 6 4 10 2 5 9 10 1 6 1 6 2 4 9 2 9 5 9 8 7 1 9 5 10 4 0 4 3 3 6 3
7 7 6 7 9 6 1 7 2 2 1 8 5 8 9 9 1 9 10 9 1 5 2 9 4 9 6 1 10 2 10 6 9 2 9 6 3 6 4 1 10 7 10 1 5 7 10 8 10 3 7 6 8 2 10 5 8 5 6 6 1 9 3 3 8 7 8 5 1 10 10 8 6 4 9 8 5 10 10 9 9 10 1 10 2 8 2 1 7 7 10 5 6 2 7 10 4 3 1 2 10 3 8 5 10 1 9 7 8 5 5 1 2 9 1 2 4 9 8 8 10 7 8 6 6 3 5 1 7 8 2 6 8 10 1 5 7 5 7 7 7 5 4 4 1 2 8 3 6 5 6 10 6 2 8 9 5 2 9 4 1 8 10 1 4 3 8 9 5 9 6 10 5 10 4 3 2 8 8 2 7 4 8 9 8 3 7 4 5 7 2 3 9 4 7 7 3 9 4 9 5 4 8 7 10 9 10 9 6 5 5 1 6 4 3 1 5 2 3 10 10 7 8 10 10 8 9 9 2 6 7 7 4 7 4 8 2 10 8 5 6 2 6 9 9 0 9 4 2 6
3 10 1 3 8 3 6 7 7 1 1 6 2 4 7 8 9 5 2 8 6 4 1 5 3 3 6 6 3 7 4 8 7 3 5 9 8 2 1 2 4 8 8 6 8 8 3 6 3 2 2 10 4 8 3 9 3 2 4 3 3 2 4 2 7 8 1 5 7 3 1 3 5 3 3 4 6 9 5 6 6 3 4 7 4 9 3 10 2 9 1 9 3 1 10 5 4 5 8 5 7 10 7 3 2 1 3 2 10 9 6 9 10 9 5 10 9 2 4 6 8 9 8 7 10 1 10 3 7 6 9 2 4 6 2 4 7 10 1 4 8 6 6 8 6 4 3 3 2 1 9 4 2 3 10 8 3 4 4 8 10 9 9 2 2 2 7 3 8 4 2 4 10 8 1 7 8 1 7 9 9 1 1 9 9 3 8 8 1 8 3 4 3 7 4 3 10 1 2 1 2 7 6 9 9 7 9 2 2 7 7 1 2 5 7 1 9 8 8 8 10 2 8 9 4 5 8 10 2 5 6 8 2 2 1 9 10 2 2 7 6 7 8 10 9 6 0 10 4 9
1 3 3 1 8 2 2 8 2 3 7 9 10 4 4 5 7 1 5 2 6 5 8 10 7 9 2 3 9 6 4 4 3 4 7 2 2 3 5 8 10 1 2 3 3 3 8 10 10 9 1 3 2 8 10 3 2 5 10 10 3 5 3 5 8 4 3 5 10 7 9 2 3 4 5 2 2 6 3 8 4 10 3 1 9 5 9 2 10 7 9 10 4 8 1 9 6 10 1 3 9 4 2 6 10 9 6 6 5 3 1 3 9 8 6 7 10 1 3 4 3 4 6 1 8 6 4 5 3 7 10 3 6 8 4 3 6 7 4 1 4 8 7 7 4 4 9 4 6 2 10 9 7 5 6 1 1 4 10 10 7 6 5 8 9 3 10 9 5 10 10 1 3 8 7 9 1 8 8 9 9 6 1 10 10 4 2 8 7 6 10 1 1 3 7 9 4 4 10 8 2 4 1 9 5 9 4 6 2 3 10 4 4 9 8 8 3 6 8 5 4 5 6 8 2 7 10 3 10 3 7 10 10 7 8 10 2 3 4 1 2 6 3 7 1 6 10 0 5 8
4 7 4 2 3 3 9 3 5 6 5 8 2 4 10 2 4 4 6 2 2 5 8 8 2 4 10 3 6 6 10 10 2 9 9 7 10 3 7 3 1 9 10 4 7 10 4 2 7 9 1 1 4 1 10 8 9 2 8 3 8 9 4 9 2 10 2 2 2 7 6 8 8 7 9 3 3 10 4 4 1 7 4 1 1 9 4 9 6 7 1 8 2 5 9 9 8 8 8 10 8 5 10 9 2 7 10 6 6 1 8 5 3 5 3 8 7 1 8 9 2 2 1 4 4 2 8 2 6 10 10 7 7 6 7 3 5 6 1 10 1 4 1 7 7 7 9 6 4 1 4 9 9 6 5 2 8 2 7 4 4 1 3 8 8 8 9 2 4 8 2 5 5 4 1 6 7 10 10 6 8 9 3 10 3 8 2 2 7 3 3 10 9 7 2 9 5 2 3 6 1 4 5 8 7 8 2 10 8 8 5 3 2 3 2 1 10 2 8 7 8 7 7 6 1 4 3 9 2 4 6 3 2 7 1 9 1 2 1 10 2 6 4 4 9 8 5 4 0 1
1 10 5 5 3 2 9 6 6 1 1 8 10 9 7 10 1 7 7 6 1 3 3 7 1 1 7 10 8 7 2 2 7 6 8 4 10 6 9 2 4 1 6 5 7 10 2 4 1 4 7 7 2 2 9 6 7 6 3 10 10 2 7 10 4 7 9 9 5 10 9 4 1 6 1 3 4 8 6 5 6 7 4 1 3 3 10 5 6 7 7 7 4 1 8 10 10 6 10 9 7 2 3 6 9 9 6 5 6 7 7 4 9 3 5 10 10 8 9 6 3 2 6 7 6 1 10 7 6 1 9 5 6 10 6 7 9 1 10 5 9 2 6 6 8 8 3 3 5 3 5 4 8 9 2 8 9 2 7 5 10 6 5 8 6 3 2 6 10 3 10 2 5 6 8 8 3 2 1 2 6 2 6 6 7 4 1 6 2 5 8 10 7 8 6 4 7 5 9 9 7 7 8 1 3 4 10 2 7 4 1 7 10 9 7 3 7 10 2 7 8 1 7 2 9 9 2 7 1 4 3 5 1 1 1 8 3 3 2 7 5 6 10 6 2 5 9 5 1 0
